Time_us,Roll,Pitch,GyroX,GyroY,GyroZ,T1,T2,T3,PhiX,PhiY,PhiDX,PhiDY,motor_vel_1,motor_vel_2,motor_vel_3,motor_pos_1,motor_pos_2,motor_pos_3
101574690,-0.0354,-0.0248,0.0330,0.0229,0.0817,-0.1367,-0.0157,0.1492,0.0002,0.0002,0.0330,0.0229,0.0000,0.0000,0.0000,1.6726,-5.6725,-10.3338
101576375,-0.0350,-0.0247,0.0330,0.0229,0.0833,-0.1352,-0.0159,0.1479,0.0003,0.0002,0.0330,0.0229,0.0000,0.0000,0.0000,1.6726,-5.6725,-10.3338
101581367,-0.0346,-0.0247,0.0315,0.0238,0.0704,-0.1338,-0.0163,0.1474,0.0004,0.0003,0.0314,0.0238,0.0000,0.0000,0.0000,1.6726,-5.6725,-10.3338
101586366,-0.0343,-0.0248,0.0269,0.0229,0.0735,-0.1334,-0.0170,0.1476,0.0006,0.0004,0.0269,0.0229,0.0000,0.0000,0.0000,1.6726,-5.6725,-10.3338
101591367,-0.0340,-0.0246,0.0211,0.0238,0.1019,-0.1339,-0.0164,0.1464,0.0007,0.0005,0.0211,0.0238,0.0000,0.0000,0.0000,1.6726,-5.6725,-10.3338
101596366,-0.0338,-0.0245,0.0018,0.0217,0.0903,-0.1351,-0.0146,0.1463,0.0008,0.0007,0.0187,0.0398,-0.3876,0.0000,1.2020,1.6647,-5.6725,-10.3081
101601367,-0.0338,-0.0246,0.0122,0.0202,0.0072,-0.1294,-0.0161,0.1452,0.0011,0.0010,0.0665,0.0450,-2.3079,0.0000,1.6724,1.6169,-5.6725,-10.2923
101606366,-0.0339,-0.0248,0.0144,-0.0034,-0.0664,-0.1259,-0.0193,0.1478,0.0016,0.0012,0.1014,0.0438,-3.4685,0.0000,3.1676,1.5817,-5.6725,-10.2488
101611366,-0.0338,-0.0249,0.0397,-0.0400,-0.0462,-0.1188,-0.0287,0.1492,0.0024,0.0013,0.1550,0.0239,-4.5480,0.0000,4.2906,1.5353,-5.6725,-10.2121
101616366,-0.0335,-0.0250,0.1084,-0.0021,0.0326,-0.1032,-0.0299,0.1318,0.0036,0.0018,0.2479,0.0955,-5.8253,-1.0181,5.5473,1.4884,-5.6941,-10.1566
101621366,-0.0327,-0.0251,0.1833,0.0220,0.0271,-0.0832,-0.0339,0.1161,0.0054,0.0025,0.3539,0.1500,-7.3734,-1.7938,6.8241,1.4175,-5.7196,-10.1061
101626366,-0.0311,-0.0244,0.3403,0.1732,0.0717,-0.0452,-0.0250,0.0674,0.0081,0.0041,0.5378,0.3216,-8.2594,-1.7938,8.1892,1.3690,-5.7268,-10.0327
101631365,-0.0289,-0.0234,0.4542,0.2392,0.1486,-0.0138,-0.0263,0.0344,0.0115,0.0062,0.6765,0.4089,-9.3476,-2.1552,9.2575,1.2947,-5.7449,-9.9762
101636366,-0.0263,-0.0220,0.5510,0.3039,0.1908,0.0161,-0.0251,0.0017,0.0154,0.0087,0.7904,0.4929,-9.8547,-2.3101,10.3877,1.2468,-5.7572,-9.8938
101641366,-0.0232,-0.0204,0.6509,0.3378,0.1648,0.0490,-0.0290,-0.0263,0.0199,0.0114,0.9026,0.5400,-10.1368,-2.3101,11.2649,1.1812,-5.7711,-9.8329
101646366,-0.0197,-0.0187,0.7330,0.3650,0.1450,0.0789,-0.0319,-0.0526,0.0248,0.0143,0.9818,0.5866,-10.0833,-3.0803,11.7968,1.1419,-5.7971,-9.7532
101651365,-0.0159,-0.0170,0.7706,0.3910,0.2091,0.0999,-0.0333,-0.0746,0.0299,0.0174,1.0087,0.6143,-9.4188,-3.0803,11.9011,1.0970,-5.8156,-9.7037
101656366,-0.0117,-0.0152,0.7865,0.4081,0.2684,0.1169,-0.0332,-0.0939,0.0349,0.0205,0.9989,0.6377,-8.3975,-3.7618,11.6389,1.0811,-5.8431,-9.6384
101661366,-0.0076,-0.0131,0.7889,0.4456,0.2745,0.1299,-0.0275,-0.1130,0.0396,0.0238,0.9493,0.6611,-6.1691,-4.0784,10.3701,1.0818,-5.8721,-9.6189
101666366,-0.0037,-0.0110,0.7651,0.4710,0.2772,0.1383,-0.0214,-0.1276,0.0441,0.0272,0.8933,0.6695,-4.8692,-4.0784,9.2372,1.0858,-5.8884,-9.5827
101671365,0.0000,-0.0086,0.6933,0.5082,0.2610,0.1368,-0.0070,-0.1399,0.0480,0.0306,0.7852,0.6862,-3.6157,-4.2462,7.6874,1.0855,-5.9163,-9.5798
101676366,0.0033,-0.0063,0.6023,0.4862,0.2876,0.1282,-0.0007,-0.1385,0.0512,0.0338,0.6442,0.6335,-1.9081,-4.4140,5.4595,1.1084,-5.9372,-9.5850
101681366,0.0057,-0.0039,0.4487,0.4707,0.3960,0.1043,0.0135,-0.1330,0.0535,0.0368,0.4517,0.5968,-0.2141,-4.2685,4.1881,1.1361,-5.9608,-9.5908
101686366,0.0078,-0.0016,0.3647,0.4453,0.4003,0.0924,0.0203,-0.1280,0.0551,0.0394,0.3167,0.5314,1.4975,-4.1716,1.5953,1.1728,-5.9756,-9.6253
101691366,0.0094,0.0005,0.2734,0.4151,0.3924,0.0785,0.0285,-0.1221,0.0560,0.0419,0.1887,0.4838,3.1493,-4.0683,0.5384,1.2199,-5.9985,-9.6414
101696366,0.0105,0.0025,0.1823,0.4383,0.4354,0.0622,0.0434,-0.1224,0.0563,0.0441,0.0623,0.4561,4.2198,-3.3454,-2.1536,1.2569,-5.9988,-9.6999
101701366,0.0112,0.0046,0.1078,0.4074,0.4122,0.0488,0.0500,-0.1145,0.0561,0.0461,-0.0448,0.3865,5.6906,-2.4676,-3.8733,1.3158,-5.9986,-9.7461
101706366,0.0114,0.0067,0.0553,0.4035,0.3887,0.0379,0.0604,-0.1132,0.0555,0.0478,-0.1228,0.3479,6.4692,-2.0028,-5.7335,1.3560,-5.9982,-9.8111
101711367,0.0117,0.0089,0.0257,0.4105,0.4092,0.0310,0.0697,-0.1163,0.0546,0.0494,-0.1787,0.3168,7.7163,-1.0080,-7.2942,1.4230,-5.9885,-9.8682
101716366,0.0119,0.0109,0.0266,0.3732,0.3557,0.0318,0.0680,-0.1135,0.0537,0.0506,-0.1881,0.2327,8.1395,0.3878,-9.0382,1.4628,-5.9614,-9.9509
101721366,0.0118,0.0125,-0.0287,0.2920,0.3136,0.0203,0.0653,-0.0977,0.0524,0.0512,-0.2571,0.1312,8.5339,0.6675,-10.1196,1.5206,-5.9534,-10.0110
101726366,0.0118,0.0140,-0.0385,0.2697,0.2861,0.0179,0.0651,-0.0940,0.0510,0.0515,-0.2764,0.0604,8.8570,2.0658,-11.9774,1.5618,-5.9195,-10.1141
101731366,0.0117,0.0154,-0.0556,0.3088,0.2784,0.0144,0.0767,-0.1018,0.0495,0.0519,-0.2942,0.0727,8.9499,3.0155,-12.8237,1.6172,-5.8871,-10.1805
101736366,0.0114,0.0170,-0.0757,0.2841,0.2965,0.0086,0.0786,-0.0985,0.0479,0.0520,-0.3196,0.0168,8.7284,3.5430,-14.3880,1.6478,-5.8627,-10.2936
101741367,0.0109,0.0183,-0.1060,0.2263,0.3078,0.0008,0.0754,-0.0880,0.0462,0.0516,-0.3466,-0.0663,8.5144,4.3706,-15.2623,1.6953,-5.8212,-10.3700
101746366,0.0104,0.0192,-0.0953,0.1512,0.3099,0.0017,0.0640,-0.0776,0.0446,0.0508,-0.3258,-0.1652,7.9502,5.1958,-16.0326,1.7172,-5.7849,-10.4794
101751366,0.0099,0.0195,-0.1008,0.0302,0.2564,-0.0000,0.0454,-0.0552,0.0429,0.0493,-0.3235,-0.3073,7.5558,5.9703,-16.6816,1.7564,-5.7360,-10.5581
101756366,0.0095,0.0192,-0.0947,-0.0843,0.1340,0.0011,0.0259,-0.0321,0.0413,0.0471,-0.3191,-0.4407,7.5558,6.5036,-17.4094,1.7866,-5.7002,-10.6748
101761365,0.0091,0.0185,-0.0846,-0.1646,0.1294,0.0024,0.0087,-0.0161,0.0399,0.0444,-0.2963,-0.5347,6.8557,7.0070,-17.8262,1.8155,-5.6492,-10.7534
101766366,0.0089,0.0177,-0.0492,-0.1933,0.2595,0.0076,-0.0048,-0.0128,0.0386,0.0415,-0.2512,-0.5750,6.4378,7.5346,-18.0760,1.8344,-5.6094,-10.8660
101771367,0.0088,0.0163,-0.0470,-0.2334,0.1786,0.0089,-0.0158,-0.0000,0.0374,0.0384,-0.2412,-0.6196,6.0200,7.7293,-18.1891,1.8625,-5.5596,-10.9411
101776366,0.0086,0.0151,-0.0452,-0.2566,0.0994,0.0108,-0.0231,0.0085,0.0363,0.0352,-0.2256,-0.6437,5.3555,7.8943,-18.0814,1.8725,-5.5250,-11.0480
101781366,0.0085,0.0137,-0.0394,-0.3115,0.0610,0.0123,-0.0363,0.0217,0.0352,0.0318,-0.2170,-0.6850,5.1894,7.4296,-17.6302,1.9004,-5.4879,-11.1102
101786366,0.0084,0.0120,-0.0461,-0.3714,0.0567,0.0112,-0.0505,0.0371,0.0341,0.0281,-0.2166,-0.7269,5.1894,7.2357,-16.6175,1.9212,-5.4621,-11.1932
101791366,0.0082,0.0097,-0.0626,-0.4078,0.0231,0.0085,-0.0607,0.0513,0.0330,0.0245,-0.2214,-0.7371,4.1732,6.0237,-16.0804,1.9285,-5.4480,-11.2417
101796366,0.0081,0.0076,-0.0641,-0.4365,-0.0362,0.0094,-0.0705,0.0625,0.0320,0.0207,-0.2088,-0.7417,4.1732,6.0237,-14.4596,1.9451,-5.4239,-11.3068
101801366,0.0078,0.0055,-0.0651,-0.4548,-0.0414,0.0086,-0.0779,0.0709,0.0309,0.0171,-0.2041,-0.7221,3.6090,4.5135,-13.4297,1.9581,-5.4223,-11.3364
101806366,0.0076,0.0031,-0.0806,-0.4823,-0.0264,0.0062,-0.0871,0.0819,0.0299,0.0136,-0.1981,-0.7087,2.9507,3.7304,-11.4654,1.9582,-5.4215,-11.3756
101811366,0.0072,0.0006,-0.1115,-0.4838,-0.0637,0.0008,-0.0897,0.0914,0.0289,0.0102,-0.2120,-0.6694,2.1984,2.5931,-9.8657,1.9586,-5.4250,-11.3824
101816366,0.0066,-0.0018,-0.1625,-0.4456,-0.0475,-0.0104,-0.0822,0.0944,0.0277,0.0074,-0.2448,-0.5662,1.7752,1.0418,-7.0522,1.9581,-5.4486,-11.3802
101821367,0.0058,-0.0040,-0.1692,-0.3839,0.0084,-0.0152,-0.0754,0.0902,0.0264,0.0051,-0.2439,-0.4622,1.3520,-0.3615,-5.6179,1.9590,-5.4745,-11.3744
101826366,0.0049,-0.0058,-0.1582,-0.3317,0.0796,-0.0168,-0.0711,0.0849,0.0253,0.0033,-0.2244,-0.3700,1.0699,-1.4975,-4.0733,1.9582,-5.5016,-11.3743
101831366,0.0042,-0.0075,-0.1359,-0.2779,0.0347,-0.0145,-0.0657,0.0788,0.0243,0.0019,-0.1996,-0.2777,0.7877,-2.9278,-2.9190,1.9582,-5.5414,-11.3643
101836366,0.0036,-0.0088,-0.1222,-0.2162,-0.1510,-0.0106,-0.0557,0.0721,0.0235,0.0010,-0.1689,-0.1744,0.6467,-3.4759,-0.6758,1.9583,-5.5648,-11.3305
101841366,0.0030,-0.0099,-0.1442,-0.1570,-0.2689,-0.0154,-0.0421,0.0678,0.0225,0.0006,-0.1858,-0.0747,0.5056,-4.6810,0.8362,1.9589,-5.6136,-11.3000
101846366,0.0024,-0.0103,-0.1219,-0.0296,-0.2231,-0.0127,-0.0232,0.0445,0.0218,0.0010,-0.1448,0.0730,-0.1604,-4.9447,1.9375,1.9466,-5.6386,-11.2709
101851366,0.0018,-0.0102,-0.1170,0.0690,-0.1260,-0.0141,-0.0060,0.0250,0.0212,0.0020,-0.1220,0.1958,-1.2301,-5.7837,2.7129,1.9193,-5.6880,-11.2463
101856366,0.0012,-0.0096,-0.0962,0.1695,-0.1370,-0.0117,0.0136,0.0033,0.0207,0.0036,-0.0936,0.3240,-1.2301,-6.2685,4.0871,1.9143,-5.7219,-11.1964
101861366,0.0010,-0.0084,-0.0229,0.2651,-0.1565,0.0021,0.0279,-0.0240,0.0207,0.0057,-0.0145,0.4328,-1.2301,-6.3718,4.8737,1.9070,-5.7618,-11.1638
101866366,0.0008,-0.0069,0.0110,0.3015,-0.1162,0.0079,0.0358,-0.0393,0.0208,0.0081,0.0232,0.4758,-1.2301,-6.3718,5.3150,1.9020,-5.7873,-11.1235
101871366,0.0009,-0.0056,0.0241,0.3189,-0.1192,0.0125,0.0401,-0.0480,0.0211,0.0105,0.0577,0.4776,-1.9500,-5.3266,5.3150,1.8797,-5.8013,-11.1042
101876366,0.0012,-0.0041,0.0296,0.3525,-0.1712,0.0153,0.0503,-0.0591,0.0214,0.0131,0.0658,0.5076,-2.2268,-5.3266,5.0729,1.8654,-5.8226,-11.0758
101881366,0.0014,-0.0024,0.0367,0.3961,-0.1834,0.0185,0.0614,-0.0729,0.0218,0.0157,0.0800,0.5389,-2.2268,-4.4990,5.0729,1.8520,-5.8366,-11.0574
101886366,0.0017,-0.0002,0.0367,0.4160,-0.1852,0.0195,0.0700,-0.0825,0.0222,0.0184,0.0781,0.5308,-2.2268,-3.6714,4.0276,1.8431,-5.8364,-11.0483
101891366,0.0018,0.0020,0.0403,0.4123,-0.1947,0.0208,0.0746,-0.0879,0.0226,0.0209,0.0815,0.4990,-1.9483,-2.4651,3.3482,1.8357,-5.8313,-11.0485
101896366,0.0020,0.0040,0.0428,0.3738,-0.1959,0.0214,0.0712,-0.0850,0.0230,0.0229,0.0769,0.4057,-1.6233,-0.7047,1.4288,1.8351,-5.8025,-11.0704
101901366,0.0023,0.0057,0.0617,0.3085,-0.1825,0.0254,0.0625,-0.0809,0.0234,0.0245,0.0854,0.3199,-1.2055,-0.2096,0.5570,1.8351,-5.7942,-11.0848
101906366,0.0027,0.0071,0.0684,0.2550,-0.2182,0.0271,0.0558,-0.0744,0.0238,0.0257,0.0727,0.2269,-0.5768,0.6196,-1.2688,1.8435,-5.7776,-11.1211
101911366,0.0033,0.0084,0.0699,0.2621,-0.2872,0.0292,0.0603,-0.0785,0.0241,0.0267,0.0570,0.2121,0.9414,1.8589,-1.4895,1.8764,-5.7436,-11.1309
101916366,0.0036,0.0097,0.0629,0.2334,-0.2900,0.0291,0.0575,-0.0755,0.0243,0.0274,0.0469,0.1434,0.9414,3.0224,-3.0102,1.8802,-5.7109,-11.1738
101921366,0.0040,0.0108,0.0571,0.1897,-0.2109,0.0282,0.0517,-0.0718,0.0245,0.0278,0.0396,0.0804,0.9414,3.5818,-3.7425,1.8858,-5.6813,-11.2000
101926366,0.0043,0.0114,0.0648,0.1005,-0.2023,0.0306,0.0365,-0.0593,0.0247,0.0277,0.0423,-0.0272,0.9414,3.9174,-4.6446,1.8896,-5.6591,-11.2441
101931366,0.0047,0.0114,0.0754,-0.0324,-0.2692,0.0339,0.0130,-0.0366,0.0249,0.0268,0.0368,-0.1736,2.1180,4.6032,-4.8661,1.9203,-5.6212,-11.2661
101936366,0.0051,0.0108,0.0770,-0.1368,-0.3052,0.0358,-0.0071,-0.0170,0.0250,0.0254,0.0306,-0.2867,2.2784,4.6032,-5.4410,1.9326,-5.6028,-11.3103
101941366,0.0056,0.0099,0.0880,-0.2046,-0.2527,0.0388,-0.0244,-0.0047,0.0252,0.0236,0.0378,-0.3610,2.2784,4.6032,-5.8769,1.9463,-5.5752,-11.3392
101946366,0.0063,0.0087,0.0828,-0.2257,-0.1455,0.0383,-0.0342,0.0014,0.0254,0.0217,0.0234,-0.3853,2.7016,4.6032,-6.0976,1.9650,-5.5568,-11.3813
101951367,0.0068,0.0074,0.0559,-0.2505,-0.1864,0.0353,-0.0399,0.0117,0.0253,0.0197,-0.0096,-0.3994,2.7016,3.8880,-6.0976,1.9812,-5.5447,-11.4034
101956366,0.0071,0.0061,0.0357,-0.2697,-0.2503,0.0332,-0.0436,0.0200,0.0251,0.0177,-0.0356,-0.3939,3.1524,3.1729,-5.1537,2.0017,-5.5449,-11.4220
101961366,0.0074,0.0046,0.0061,-0.2981,-0.2319,0.0283,-0.0500,0.0306,0.0248,0.0157,-0.0660,-0.3991,3.1524,2.3477,-4.4196,2.0206,-5.5449,-11.4245
101966366,0.0074,0.0029,-0.0336,-0.2987,-0.1916,0.0200,-0.0521,0.0394,0.0242,0.0137,-0.1095,-0.3931,3.1524,1.9076,-4.4196,2.0332,-5.5452,-11.4527
101971366,0.0072,0.0014,-0.0718,-0.2572,-0.1721,0.0111,-0.0454,0.0409,0.0235,0.0121,-0.1542,-0.3369,3.5293,1.4125,-3.9313,2.0611,-5.5451,-11.4584
101976366,0.0068,0.0002,-0.1100,-0.1998,-0.1739,0.0025,-0.0345,0.0387,0.0225,0.0108,-0.1855,-0.2594,3.5293,1.1374,-2.8572,2.0752,-5.5454,-11.4585
101981366,0.0061,-0.0008,-0.1429,-0.1374,-0.1504,-0.0070,-0.0205,0.0333,0.0214,0.0100,-0.2233,-0.1575,2.9722,-1.0223,-2.3690,2.0843,-5.5875,-11.4582
101986366,0.0052,-0.0013,-0.1561,-0.1106,-0.0655,-0.0123,-0.0149,0.0297,0.0204,0.0095,-0.2092,-0.0986,2.4616,-1.0223,-0.2190,2.0850,-5.5916,-11.4225
101991366,0.0044,-0.0018,-0.1521,-0.1078,-0.0203,-0.0153,-0.0140,0.0302,0.0194,0.0091,-0.2035,-0.0777,1.8116,-2.1829,-0.1666,2.0847,-5.6229,-11.4222
101996366,0.0036,-0.0023,-0.1643,-0.0498,-0.2616,-0.0171,-0.0006,0.0278,0.0183,0.0090,-0.2097,-0.0189,1.4866,-2.1829,-0.1142,2.0847,-5.6316,-11.4221
102001366,0.0030,-0.0024,-0.1494,0.0357,-0.2610,-0.0160,0.0135,0.0124,0.0174,0.0094,-0.1816,0.0782,1.1152,-2.1829,0.6620,2.0850,-5.6447,-11.4065
102006366,0.0022,-0.0021,-0.1365,0.0977,-0.1941,-0.0161,0.0249,-0.0013,0.0166,0.0102,-0.1530,0.1607,0.8831,-2.1829,2.0411,2.0843,-5.6534,-11.3689
102011366,0.0015,-0.0015,-0.1124,0.1103,-0.1428,-0.0150,0.0280,-0.0074,0.0160,0.0111,-0.1292,0.1808,0.6510,-2.6863,2.0411,2.0844,-5.6780,-11.3608
102016366,0.0009,-0.0009,-0.0996,0.0999,-0.1785,-0.0136,0.0293,-0.0088,0.0155,0.0120,-0.1068,0.1841,0.5581,-2.6863,2.9613,2.0849,-5.6887,-11.3265
102021366,0.0006,-0.0005,-0.0678,0.0629,-0.2219,-0.0070,0.0222,-0.0067,0.0152,0.0128,-0.0580,0.1471,-0.4308,-2.6863,2.9613,2.0669,-5.7048,-11.3147
102026365,0.0003,-0.0002,-0.0183,0.0580,-0.1501,0.0017,0.0164,-0.0124,0.0152,0.0134,0.0066,0.1386,-1.2386,-2.4924,2.9091,2.0466,-5.7115,-11.2980
102031365,0.0003,-0.0001,0.0266,0.0464,-0.0621,0.0102,0.0062,-0.0140,0.0155,0.0139,0.0654,0.0872,-1.2386,-0.3483,2.3865,2.0392,-5.6785,-11.2979
102036365,0.0005,0.0000,0.0586,0.0473,-0.0252,0.0163,0.0019,-0.0173,0.0160,0.0142,0.0956,0.0727,-1.2386,0.0559,1.7593,2.0342,-5.6706,-11.2981
102041366,0.0010,0.0004,0.0757,0.0562,-0.0820,0.0221,0.0027,-0.0216,0.0166,0.0146,0.1100,0.0769,-1.2386,0.0559,1.4458,2.0268,-5.6703,-11.2980
102046366,0.0014,0.0005,0.0593,-0.0061,-0.0878,0.0205,-0.0068,-0.0103,0.0170,0.0147,0.0904,0.0092,-1.2386,0.0559,1.0799,2.0218,-5.6701,-11.2978
102051366,0.0016,0.0003,0.0418,-0.0644,-0.0401,0.0173,-0.0167,0.0010,0.0174,0.0144,0.0712,-0.0523,-1.2386,0.0559,0.8709,2.0144,-5.6697,-11.2982
102056366,0.0017,-0.0001,0.0379,-0.1011,-0.0304,0.0165,-0.0243,0.0090,0.0177,0.0140,0.0654,-0.0921,-1.2386,0.0559,0.6618,2.0094,-5.6695,-11.2978
102061366,0.0018,-0.0008,0.0550,-0.1002,-0.0456,0.0205,-0.0284,0.0097,0.0181,0.0135,0.0811,-0.0935,-1.2386,0.0559,0.5050,2.0020,-5.6692,-11.2986
102066366,0.0023,-0.0015,0.0663,-0.0874,-0.0511,0.0242,-0.0306,0.0083,0.0186,0.0131,0.0896,-0.0822,-1.1260,0.0559,0.4005,1.9994,-5.6689,-11.2980
102071366,0.0027,-0.0019,0.0620,-0.0858,-0.0362,0.0247,-0.0321,0.0088,0.0190,0.0127,0.0796,-0.0822,-0.8442,0.0559,0.2960,1.9992,-5.6686,-11.2986
102076366,0.0031,-0.0022,0.0373,-0.0959,0.0286,0.0202,-0.0342,0.0129,0.0192,0.0122,0.0515,-0.0931,-0.6752,0.0559,0.2437,1.9996,-5.6684,-11.2980
102081366,0.0033,-0.0027,0.0168,-0.1136,0.0698,0.0163,-0.0375,0.0185,0.0193,0.0117,0.0262,-0.1091,-0.5062,-0.1119,0.1915,1.9994,-5.6717,-11.2982
102086366,0.0033,-0.0032,-0.0043,-0.1310,0.0448,0.0126,-0.0399,0.0256,0.0194,0.0110,0.0027,-0.1273,-0.3935,-0.1119,0.1392,1.9998,-5.6722,-11.2983
102091366,0.0032,-0.0041,-0.0018,-0.1432,0.0533,0.0121,-0.0448,0.0306,0.0194,0.0103,0.0032,-0.1395,-0.2808,-0.1119,0.1392,1.9999,-5.6728,-11.2977
102096366,0.0030,-0.0048,-0.0021,-0.1100,0.0054,0.0117,-0.0403,0.0284,0.0194,0.0098,-0.0014,-0.1019,-0.2245,-0.4512,0.0870,1.9999,-5.6802,-11.2982
102101366,0.0031,-0.0054,0.0000,-0.0883,-0.0798,0.0127,-0.0365,0.0269,0.0193,0.0095,-0.0123,-0.0592,-0.1681,-1.8571,0.0870,1.9998,-5.7168,-11.2979
102106366,0.0032,-0.0059,-0.0195,-0.0583,-0.1550,0.0102,-0.0306,0.0264,0.0191,0.0094,-0.0326,-0.0306,-0.1681,-1.8571,0.0000,1.9991,-5.7243,-11.2987
102111366,0.0032,-0.0062,-0.0446,-0.0593,-0.1473,0.0046,-0.0282,0.0293,0.0188,0.0093,-0.0657,-0.0192,-0.1118,-2.6833,0.0000,1.9995,-5.7541,-11.2987
102116366,0.0030,-0.0063,-0.0544,-0.0571,-0.0444,0.0006,-0.0283,0.0294,0.0184,0.0092,-0.0750,-0.0163,-0.1118,-2.6833,0.0523,1.9990,-5.7649,-11.2974
102121366,0.0028,-0.0068,-0.0712,-0.0336,-0.0084,-0.0041,-0.0241,0.0286,0.0180,0.0092,-0.0928,0.0072,-0.0554,-2.6833,0.0523,1.9998,-5.7810,-11.2972
102126366,0.0024,-0.0071,-0.0690,-0.0162,-0.0988,-0.0041,-0.0203,0.0282,0.0175,0.0094,-0.0939,0.0304,-0.0554,-3.0684,0.0523,1.9995,-5.8002,-11.2969
102131366,0.0020,-0.0072,-0.0779,0.0269,-0.1370,-0.0069,-0.0114,0.0236,0.0170,0.0097,-0.1028,0.0735,-0.0554,-3.0684,0.0523,1.9992,-5.8186,-11.2967
102136366,0.0017,-0.0071,-0.0690,0.0764,-0.0731,-0.0074,-0.0038,0.0140,0.0165,0.0104,-0.0939,0.1229,-0.0554,-3.0684,0.0523,1.9990,-5.8309,-11.2963
102141366,0.0014,-0.0066,-0.0376,0.0950,-0.1113,-0.0018,-0.0014,0.0075,0.0162,0.0110,-0.0584,0.1328,0.0000,-2.4843,0.0523,2.0000,-5.8364,-11.2961
102146366,0.0011,-0.0061,-0.0214,0.0837,-0.1895,0.0015,-0.0024,0.0081,0.0160,0.0116,-0.0385,0.1150,0.0000,-2.0461,0.0523,2.0000,-5.8367,-11.2958
102151366,0.0010,-0.0056,-0.0052,0.0880,-0.1727,0.0041,-0.0021,0.0047,0.0159,0.0121,-0.0177,0.1113,0.0000,-1.5107,0.0523,2.0000,-5.8366,-11.2956
102156366,0.0009,-0.0053,0.0177,0.0861,-0.0783,0.0072,-0.0051,0.0009,0.0160,0.0127,0.0077,0.1051,0.0000,-1.2186,0.0523,2.0000,-5.8362,-11.2953
102161366,0.0009,-0.0049,0.0296,0.0779,-0.0566,0.0096,-0.0067,-0.0007,0.0161,0.0131,0.0221,0.0925,0.0000,-0.9265,0.0523,2.0000,-5.8368,-11.2951
102166366,0.0011,-0.0044,0.0354,0.0648,-0.1119,0.0123,-0.0078,-0.0002,0.0162,0.0135,0.0296,0.0764,0.0000,-0.7318,0.0523,2.0000,-5.8362,-11.2948
102171366,0.0014,-0.0041,0.0437,0.0308,-0.1623,0.0157,-0.0133,0.0038,0.0164,0.0137,0.0395,0.0396,0.0000,-0.5370,0.0523,2.0000,-5.8362,-11.2946
102176366,0.0017,-0.0040,0.0486,-0.0095,-0.1370,0.0175,-0.0212,0.0089,0.0167,0.0137,0.0452,-0.0021,0.0000,-0.4397,0.0523,2.0000,-5.8362,-11.2942
102181366,0.0020,-0.0041,0.0458,-0.0501,-0.0505,0.0171,-0.0299,0.0147,0.0169,0.0135,0.0433,-0.0442,0.0000,-0.3423,0.0523,2.0000,-5.8366,-11.2940
102186366,0.0022,-0.0045,0.0293,-0.0959,-0.0805,0.0153,-0.0373,0.0251,0.0170,0.0130,0.0272,-0.0907,0.0000,-0.2936,0.0523,2.0000,-5.8369,-11.2937
102191366,0.0024,-0.0049,0.0257,-0.1100,-0.0948,0.0157,-0.0410,0.0290,0.0171,0.0125,0.0236,-0.1048,0.0000,-0.2936,0.0523,2.0000,-5.8387,-11.2935
102196366,0.0026,-0.0055,0.0144,-0.1313,-0.0924,0.0143,-0.0458,0.0351,0.0172,0.0119,0.0123,-0.1262,0.0000,-0.2936,0.0523,2.0000,-5.8398,-11.2932
102201366,0.0028,-0.0061,0.0015,-0.1481,-0.0841,0.0134,-0.0494,0.0392,0.0173,0.0113,0.0109,-0.1232,0.0000,-0.2936,1.3814,2.0000,-5.8416,-11.2645
102206366,0.0030,-0.0070,-0.0089,-0.1478,-0.1113,0.0129,-0.0509,0.0423,0.0173,0.0107,0.0057,-0.1138,0.0000,-0.2936,1.9906,2.0000,-5.8428,-11.2408
102211366,0.0030,-0.0079,-0.0269,-0.1500,-0.1681,0.0103,-0.0522,0.0483,0.0172,0.0101,-0.0123,-0.1159,0.0000,-0.2936,1.9906,2.0000,-5.8445,-11.2329
102216366,0.0030,-0.0086,-0.0391,-0.1484,-0.1571,0.0068,-0.0514,0.0506,0.0170,0.0096,-0.0354,-0.0955,0.0000,-1.5598,1.9906,2.0000,-5.8732,-11.2209
102221366,0.0028,-0.0095,-0.0480,-0.1240,-0.0976,0.0035,-0.0499,0.0501,0.0168,0.0093,-0.0443,-0.0711,0.0000,-1.5598,1.9906,2.0000,-5.8825,-11.2130
102226366,0.0025,-0.0103,-0.0538,-0.1112,-0.0893,0.0013,-0.0495,0.0516,0.0166,0.0090,-0.0488,-0.0561,0.0000,-1.5598,2.1370,2.0000,-5.8888,-11.1973
102231366,0.0022,-0.0109,-0.0675,-0.0791,-0.1370,-0.0027,-0.0426,0.0505,0.0162,0.0090,-0.0712,-0.0090,0.0000,-2.5666,2.1370,2.0000,-5.9193,-11.1887
102236366,0.0020,-0.0115,-0.0596,-0.0635,-0.1134,-0.0018,-0.0421,0.0483,0.0159,0.0090,-0.0597,0.0161,0.0000,-2.6785,2.6614,2.0000,-5.9323,-11.1633
102241367,0.0017,-0.0119,-0.0473,-0.0443,-0.0658,-0.0014,-0.0416,0.0455,0.0157,0.0092,-0.0475,0.0353,0.0000,-2.6785,2.6614,2.0000,-5.9483,-11.1527
102246366,0.0015,-0.0123,-0.0315,-0.0312,-0.0551,0.0003,-0.0414,0.0432,0.0155,0.0095,-0.0344,0.0551,0.0000,-3.0663,2.7166,2.0000,-5.9676,-11.1356
102251366,0.0013,-0.0126,-0.0140,-0.0192,-0.0420,0.0030,-0.0416,0.0402,0.0154,0.0098,-0.0137,0.0728,0.0000,-3.0663,3.1027,2.0000,-5.9860,-11.1157
102256366,0.0013,-0.0129,0.0119,-0.0098,0.0017,0.0077,-0.0442,0.0365,0.0155,0.0103,0.0126,0.0829,0.0000,-3.0663,3.1512,2.0000,-5.9983,-11.0961
102261366,0.0014,-0.0132,0.0257,-0.0076,0.0347,0.0104,-0.0464,0.0347,0.0157,0.0107,0.0297,0.0909,0.0000,-3.0663,3.5386,2.0000,-6.0167,-11.0744
102266365,0.0015,-0.0135,0.0269,-0.0119,0.0536,0.0109,-0.0488,0.0358,0.0158,0.0112,0.0313,0.0874,0.0000,-3.0663,3.5909,2.0000,-6.0290,-11.0521
102271367,0.0017,-0.0138,0.0348,-0.0012,0.0674,0.0132,-0.0491,0.0333,0.0160,0.0117,0.0402,0.1012,0.0000,-3.1213,3.7477,2.0000,-6.0485,-11.0340
102276366,0.0020,-0.0139,0.0345,0.0266,0.1217,0.0135,-0.0461,0.0280,0.0162,0.0123,0.0398,0.1290,0.0000,-3.1213,3.7477,2.0000,-6.0610,-11.0116
102281365,0.0022,-0.0139,0.0144,0.0464,0.1279,0.0102,-0.0413,0.0262,0.0163,0.0130,0.0166,0.1477,0.0000,-3.2674,3.5261,2.0000,-6.0827,-11.0012
102286366,0.0024,-0.0138,-0.0012,0.0651,0.1202,0.0079,-0.0364,0.0239,0.0163,0.0139,-0.0003,0.1685,0.0000,-3.4134,3.5261,2.0000,-6.0992,-10.9800
102291366,0.0024,-0.0136,-0.0116,0.0828,0.1166,0.0061,-0.0319,0.0214,0.0162,0.0148,-0.0106,0.1863,0.0000,-3.4134,3.5261,2.0000,-6.1197,-10.9659
102296366,0.0024,-0.0134,-0.0195,0.0977,0.1077,0.0044,-0.0278,0.0192,0.0161,0.0158,-0.0198,0.1990,0.0000,-3.4134,3.3797,2.0000,-6.1334,-10.9482
102301366,0.0023,-0.0131,-0.0241,0.1078,0.1083,0.0033,-0.0246,0.0171,0.0160,0.0169,-0.0244,0.2091,0.0000,-3.4134,3.3797,2.0000,-6.1538,-10.9347
102306366,0.0022,-0.0127,-0.0272,0.1210,0.1031,0.0022,-0.0209,0.0148,0.0159,0.0179,-0.0311,0.2160,0.0000,-3.4134,2.9602,2.0000,-6.1675,-10.9234
102311367,0.0021,-0.0124,-0.0257,0.1280,0.0750,0.0023,-0.0180,0.0128,0.0157,0.0191,-0.0290,0.2222,0.0000,-3.3575,2.9602,2.0000,-6.1866,-10.9115
102316366,0.0018,-0.0119,-0.0250,0.1271,0.0445,0.0017,-0.0155,0.0121,0.0156,0.0202,-0.0284,0.2213,0.0000,-3.3575,2.9602,2.0000,-6.2000,-10.8938
102321366,0.0016,-0.0114,-0.0192,0.1112,0.0063,0.0026,-0.0169,0.0140,0.0155,0.0212,-0.0189,0.1989,0.0000,-2.9212,2.9602,2.0000,-6.2109,-10.8819
102326366,0.0014,-0.0110,0.0003,0.0987,-0.0233,0.0060,-0.0198,0.0146,0.0155,0.0220,0.0005,0.1702,0.0000,-2.3879,2.4085,2.0000,-6.2109,-10.8762
102331367,0.0013,-0.0107,0.0082,0.0840,-0.0649,0.0075,-0.0219,0.0169,0.0155,0.0227,0.0080,0.1432,0.0000,-2.0000,1.9672,2.0000,-6.2159,-10.8762
102336366,0.0013,-0.0103,0.0162,0.0644,-0.0982,0.0094,-0.0244,0.0187,0.0156,0.0233,0.0117,0.1162,0.0000,-2.0000,1.4707,2.0000,-6.2239,-10.8758
102341367,0.0015,-0.0099,0.0244,0.0455,-0.1205,0.0115,-0.0272,0.0202,0.0157,0.0238,0.0175,0.0932,0.0000,-2.0000,1.1949,2.0000,-6.2359,-10.8759
102346366,0.0017,-0.0097,0.0284,0.0195,-0.1467,0.0132,-0.0313,0.0237,0.0158,0.0241,0.0192,0.0631,0.0000,-2.0000,0.9191,2.0000,-6.2439,-10.8752
102351366,0.0020,-0.0096,0.0278,-0.0024,-0.1809,0.0149,-0.0354,0.0274,0.0159,0.0242,0.0202,0.0332,0.0000,-1.6386,0.7536,2.0000,-6.2480,-10.8752
102356366,0.0023,-0.0097,0.0241,-0.0199,-0.2057,0.0159,-0.0392,0.0312,0.0160,0.0243,0.0169,0.0087,0.0000,-1.3804,0.5329,2.0000,-6.2489,-10.8758
102361366,0.0026,-0.0100,0.0202,-0.0376,-0.2191,0.0168,-0.0436,0.0353,0.0160,0.0242,0.0151,-0.0161,0.0000,-1.0189,0.4226,2.0000,-6.2487,-10.8761
102366366,0.0029,-0.0103,0.0110,-0.0498,-0.2338,0.0164,-0.0466,0.0392,0.0161,0.0240,0.0067,-0.0330,0.0000,-0.8124,0.3122,2.0000,-6.2482,-10.8760
102371366,0.0030,-0.0108,-0.0064,-0.0648,-0.2439,0.0139,-0.0496,0.0450,0.0160,0.0238,-0.0089,-0.0511,0.0000,-0.6059,0.3122,2.0000,-6.2484,-10.8748
102376366,0.0030,-0.0114,-0.0147,-0.0629,-0.2442,0.0122,-0.0505,0.0477,0.0159,0.0235,-0.0163,-0.0508,0.0000,-0.5026,0.3122,2.0000,-6.2485,-10.8729
102381367,0.0029,-0.0119,-0.0168,-0.0525,-0.2310,0.0113,-0.0506,0.0482,0.0158,0.0233,-0.0171,-0.0427,0.0000,-0.3477,0.3122,2.0000,-6.2480,-10.8717
102386366,0.0028,-0.0123,-0.0177,-0.0345,-0.2158,0.0105,-0.0490,0.0468,0.0158,0.0232,-0.0176,-0.0254,0.0000,-0.2960,0.3122,2.0000,-6.2483,-10.8698
102391366,0.0026,-0.0127,-0.0156,-0.0177,-0.2084,0.0103,-0.0475,0.0452,0.0157,0.0232,-0.0154,-0.0086,0.0000,-0.2960,0.3122,2.0000,-6.2500,-10.8685
102396366,0.0025,-0.0129,-0.0067,0.0012,-0.2048,0.0125,-0.0449,0.0402,0.0157,0.0233,0.0062,0.0327,0.0000,-0.2960,1.8136,2.0000,-6.2512,-10.8333
102401366,0.0025,-0.0130,0.0018,0.0199,-0.1919,0.0137,-0.0431,0.0367,0.0158,0.0236,0.0148,0.0513,0.0000,-0.2960,1.8136,2.0000,-6.2530,-10.8260
102406366,0.0025,-0.0131,0.0086,0.0339,-0.1733,0.0147,-0.0419,0.0338,0.0159,0.0239,0.0215,0.0653,0.0000,-0.2960,1.8136,2.0000,-6.2542,-10.8151
102411365,0.0025,-0.0131,0.0180,0.0486,-0.1528,0.0165,-0.0407,0.0301,0.0160,0.0243,0.0305,0.0808,0.0000,-0.3510,1.8136,2.0000,-6.2570,-10.8079
102416366,0.0027,-0.0130,0.0287,0.0736,-0.1305,0.0179,-0.0354,0.0225,0.0162,0.0250,0.0293,0.1344,0.0000,-2.0014,2.0749,2.0000,-6.2949,-10.7910
102421366,0.0028,-0.0129,0.0293,0.0837,-0.1027,0.0183,-0.0339,0.0195,0.0163,0.0257,0.0299,0.1445,0.0000,-2.0014,2.0749,2.0000,-6.3069,-10.7827
102426365,0.0030,-0.0127,0.0293,0.0922,-0.0826,0.0189,-0.0325,0.0167,0.0165,0.0265,0.0299,0.1530,0.0000,-2.0014,2.0749,2.0000,-6.3149,-10.7702
102431366,0.0033,-0.0124,0.0290,0.1017,-0.0771,0.0197,-0.0305,0.0138,0.0166,0.0273,0.0296,0.1625,0.0000,-2.0014,2.0749,2.0000,-6.3269,-10.7619
102436365,0.0035,-0.0121,0.0232,0.1090,-0.0737,0.0194,-0.0279,0.0114,0.0168,0.0281,0.0222,0.1727,0.0000,-2.1961,2.0749,2.0000,-6.3390,-10.7513
102441366,0.0037,-0.0117,0.0147,0.1142,-0.0612,0.0182,-0.0259,0.0100,0.0168,0.0290,0.0098,0.1713,0.0000,-2.1961,1.6319,2.0000,-6.3521,-10.7512
102446366,0.0040,-0.0113,0.0101,0.1188,-0.0475,0.0179,-0.0242,0.0081,0.0168,0.0298,0.0019,0.1701,0.0000,-2.1961,1.2442,2.0000,-6.3609,-10.7517
102451366,0.0042,-0.0108,0.0009,0.1194,-0.0447,0.0169,-0.0223,0.0072,0.0168,0.0307,-0.0087,0.1651,0.0000,-2.0906,0.9674,2.0000,-6.3719,-10.7518
102456366,0.0044,-0.0102,-0.0095,0.1158,-0.0542,0.0159,-0.0209,0.0071,0.0167,0.0314,-0.0169,0.1510,0.0000,-1.6158,0.7458,2.0000,-6.3717,-10.7517
102461366,0.0045,-0.0097,-0.0174,0.1026,-0.0383,0.0147,-0.0215,0.0082,0.0166,0.0321,-0.0240,0.1298,0.0000,-1.2993,0.5243,2.0000,-6.3712,-10.7519
102466365,0.0045,-0.0092,-0.0345,0.0898,-0.0243,0.0113,-0.0207,0.0103,0.0164,0.0326,-0.0403,0.1122,0.0000,-1.0882,0.4136,2.0000,-6.3739,-10.7521
102471366,0.0044,-0.0087,-0.0373,0.0794,-0.0163,0.0101,-0.0202,0.0108,0.0161,0.0331,-0.0440,0.1002,0.0000,-1.0882,0.3028,2.0000,-6.3783,-10.7521
102476365,0.0042,-0.0082,-0.0354,0.0660,-0.0136,0.0095,-0.0207,0.0117,0.0159,0.0336,-0.0426,0.0859,0.0000,-1.0882,0.2474,2.0000,-6.3848,-10.7520
102481365,0.0039,-0.0079,-0.0339,0.0507,-0.0047,0.0085,-0.0218,0.0135,0.0157,0.0339,-0.0416,0.0698,0.0000,-1.0882,0.1920,2.0000,-6.3892,-10.7518
102486366,0.0036,-0.0078,-0.0318,0.0415,0.0078,0.0076,-0.0230,0.0152,0.0155,0.0342,-0.0399,0.0598,0.0000,-1.0882,0.1367,2.0000,-6.3957,-10.7521
102491366,0.0034,-0.0079,-0.0232,0.0360,0.0219,0.0081,-0.0246,0.0156,0.0154,0.0345,-0.0314,0.0543,0.0000,-1.0882,0.1367,2.0000,-6.4000,-10.7513
102496366,0.0032,-0.0079,-0.0165,0.0370,0.0289,0.0087,-0.0251,0.0153,0.0152,0.0348,-0.0251,0.0544,0.0000,-1.0882,0.0813,2.0000,-6.4066,-10.7520
102501366,0.0031,-0.0079,-0.0086,0.0406,0.0362,0.0098,-0.0253,0.0141,0.0152,0.0350,-0.0172,0.0581,0.0000,-1.0882,0.0813,2.0000,-6.4109,-10.7515
102506365,0.0031,-0.0080,-0.0046,0.0452,0.0616,0.0100,-0.0252,0.0129,0.0151,0.0354,-0.0132,0.0627,0.0000,-1.0882,0.0813,2.0000,-6.4175,-10.7512
102511366,0.0031,-0.0079,0.0012,0.0565,0.0741,0.0109,-0.0241,0.0103,0.0151,0.0357,-0.0076,0.0719,0.0000,-1.0323,0.0000,2.0000,-6.4207,-10.7522
102516365,0.0031,-0.0079,0.0024,0.0644,0.0866,0.0113,-0.0232,0.0086,0.0150,0.0361,-0.0040,0.0757,0.0000,-0.7526,0.0000,2.0000,-6.4205,-10.7522
102521366,0.0031,-0.0078,0.0027,0.0718,0.1025,0.0112,-0.0220,0.0069,0.0150,0.0365,-0.0027,0.0813,0.0000,-0.6408,0.0000,2.0000,-6.4210,-10.7522
102526365,0.0030,-0.0076,-0.0006,0.0776,0.1245,0.0102,-0.0206,0.0057,0.0150,0.0369,-0.0047,0.0846,0.0000,-0.4730,0.0000,2.0000,-6.4210,-10.7522
102531365,0.0029,-0.0074,0.0006,0.0812,0.1443,0.0099,-0.0196,0.0043,0.0150,0.0374,-0.0025,0.0866,0.0000,-0.3611,0.0000,2.0000,-6.4204,-10.7522
102536366,0.0028,-0.0071,0.0018,0.0825,0.1590,0.0093,-0.0184,0.0030,0.0150,0.0378,-0.0008,0.0870,0.0000,-0.3052,0.0000,2.0000,-6.4213,-10.7522
102541366,0.0026,-0.0068,-0.0006,0.0812,0.1697,0.0081,-0.0170,0.0024,0.0150,0.0382,-0.0027,0.0850,0.0000,-0.2492,0.0000,2.0000,-6.4212,-10.7522
102546366,0.0025,-0.0064,0.0012,0.0794,0.1837,0.0077,-0.0162,0.0015,0.0150,0.0386,-0.0004,0.0823,0.0000,-0.1933,0.0000,2.0000,-6.4213,-10.7522
102551366,0.0024,-0.0062,0.0049,0.0739,0.1966,0.0078,-0.0167,0.0014,0.0150,0.0390,0.0037,0.0760,0.0000,-0.1374,0.0000,2.0000,-6.4207,-10.7522
102556366,0.0024,-0.0061,0.0086,0.0696,0.2073,0.0084,-0.0176,0.0013,0.0150,0.0394,0.0079,0.0709,0.0000,-0.0814,0.0000,2.0000,-6.4204,-10.7522
102561366,0.0023,-0.0060,0.0113,0.0684,0.2085,0.0089,-0.0177,0.0008,0.0151,0.0397,0.0106,0.0696,0.0000,-0.0814,0.0000,2.0000,-6.4207,-10.7522
102566366,0.0025,-0.0059,0.0113,0.0681,0.2088,0.0094,-0.0177,0.0003,0.0151,0.0401,0.0106,0.0693,0.0000,-0.0814,0.0000,2.0000,-6.4212,-10.7522
102571365,0.0026,-0.0058,0.0116,0.0687,0.2033,0.0101,-0.0176,-0.0003,0.0152,0.0404,0.0116,0.0687,0.0000,0.0000,0.0000,2.0000,-6.4203,-10.7522
102576367,0.0027,-0.0057,0.0128,0.0721,0.1966,0.0110,-0.0170,-0.0015,0.0152,0.0408,0.0128,0.0721,0.0000,0.0000,0.0000,2.0000,-6.4203,-10.7522
102581366,0.0029,-0.0056,0.0119,0.0730,0.1859,0.0115,-0.0165,-0.0021,0.0153,0.0411,0.0119,0.0730,0.0000,0.0000,0.0000,2.0000,-6.4203,-10.7522
102586367,0.0031,-0.0054,0.0110,0.0800,0.1764,0.0121,-0.0149,-0.0040,0.0154,0.0415,0.0110,0.0800,0.0000,0.0000,0.0000,2.0000,-6.4203,-10.7522
102591366,0.0032,-0.0052,0.0073,0.0819,0.1676,0.0122,-0.0139,-0.0048,0.0154,0.0419,0.0073,0.0819,0.0000,0.0000,0.0000,2.0000,-6.4203,-10.7522
102596367,0.0034,-0.0050,0.0043,0.0843,0.1563,0.0125,-0.0127,-0.0058,0.0154,0.0424,0.0043,0.0843,0.0000,0.0000,0.0000,2.0000,-6.4203,-10.7522
102601366,0.0036,-0.0048,-0.0006,0.0864,0.1315,0.0127,-0.0110,-0.0067,0.0154,0.0428,-0.0006,0.0864,0.0000,0.0000,0.0000,2.0000,-6.4203,-10.7522
102606367,0.0038,-0.0045,-0.0031,0.0874,0.1214,0.0132,-0.0099,-0.0079,0.0154,0.0432,-0.0031,0.0874,0.0000,0.0000,0.0000,2.0000,-6.4203,-10.7522
102611366,0.0040,-0.0040,-0.0031,0.0840,0.1104,0.0141,-0.0091,-0.0092,0.0154,0.0437,-0.0031,0.0840,0.0000,0.0000,0.0000,2.0000,-6.4203,-10.7522
102616367,0.0042,-0.0035,-0.0058,0.0825,0.1016,0.0143,-0.0076,-0.0106,0.0154,0.0441,-0.0058,0.0825,0.0000,0.0000,0.0000,2.0000,-6.4203,-10.7522
102621366,0.0042,-0.0030,-0.0027,0.0819,0.0912,0.0154,-0.0062,-0.0127,0.0153,0.0445,-0.0027,0.0819,0.0000,0.0000,0.0000,2.0000,-6.4203,-10.7522
102626367,0.0044,-0.0025,-0.0009,0.0788,0.0808,0.0166,-0.0055,-0.0142,0.0153,0.0449,-0.0009,0.0788,0.0000,0.0000,0.0000,2.0000,-6.4203,-10.7522
102631366,0.0047,-0.0021,-0.0009,0.0785,0.0720,0.0176,-0.0046,-0.0158,0.0153,0.0453,-0.0009,0.0785,0.0000,0.0000,0.0000,2.0000,-6.4203,-10.7522
102636367,0.0049,-0.0017,-0.0012,0.0773,0.0637,0.0182,-0.0038,-0.0168,0.0153,0.0456,-0.0048,0.0711,0.0000,0.0000,-0.4181,2.0000,-6.4203,-10.7607
102641365,0.0051,-0.0013,0.0000,0.0767,0.0594,0.0182,-0.0040,-0.0165,0.0152,0.0458,-0.0175,0.0463,0.0000,0.0000,-2.0382,2.0000,-6.4203,-10.8021
102646366,0.0049,-0.0011,-0.0003,0.0782,0.0414,0.0179,-0.0026,-0.0169,0.0151,0.0461,-0.0178,0.0479,0.0000,0.0000,-2.0382,2.0000,-6.4203,-10.8103
102651366,0.0049,-0.0009,0.0015,0.0840,0.0347,0.0180,-0.0008,-0.0185,0.0151,0.0464,-0.0160,0.0537,0.0000,0.0000,-2.0382,2.0000,-6.4203,-10.8225
102656366,0.0049,-0.0007,0.0021,0.0831,0.0271,0.0186,-0.0005,-0.0191,0.0150,0.0466,-0.0154,0.0527,0.0000,0.0000,-2.0382,2.0000,-6.4203,-10.8307
102661365,0.0050,-0.0001,0.0024,0.0889,0.0182,0.0190,0.0024,-0.0221,0.0149,0.0469,-0.0151,0.0585,0.0000,0.0000,-2.0382,2.0000,-6.4203,-10.8429
102666365,0.0051,0.0005,0.0034,0.0907,0.0066,0.0196,0.0047,-0.0246,0.0148,0.0472,-0.0142,0.0604,0.0000,0.0000,-2.0382,2.0000,-6.4203,-10.8511
102671366,0.0051,0.0010,0.0058,0.0910,-0.0020,0.0203,0.0067,-0.0269,0.0148,0.0475,-0.0118,0.0607,0.0000,0.0000,-2.0382,2.0000,-6.4203,-10.8633
102676366,0.0052,0.0016,0.0067,0.0929,-0.0065,0.0207,0.0085,-0.0290,0.0147,0.0478,-0.0142,0.0568,0.0000,0.0000,-2.4244,2.0000,-6.4203,-10.8801
102681366,0.0055,0.0020,0.0082,0.1014,-0.0258,0.0223,0.0108,-0.0321,0.0146,0.0481,-0.0127,0.0653,0.0000,0.0000,-2.4244,2.0000,-6.4203,-10.8947
102686366,0.0056,0.0026,0.0018,0.0886,-0.0704,0.0222,0.0115,-0.0310,0.0145,0.0484,-0.0191,0.0525,0.0000,0.0000,-2.4244,2.0000,-6.4203,-10.9044
102691366,0.0057,0.0031,-0.0052,0.0776,-0.1064,0.0215,0.0122,-0.0296,0.0144,0.0486,-0.0284,0.0376,0.0000,0.0000,-2.6865,2.0000,-6.4203,-10.9244
102696367,0.0057,0.0033,-0.0250,0.0275,-0.1382,0.0181,0.0070,-0.0199,0.0142,0.0485,-0.0482,-0.0125,0.0000,0.0000,-2.6865,2.0000,-6.4203,-10.9351
102701366,0.0057,0.0035,-0.0373,0.0086,-0.1831,0.0161,0.0062,-0.0153,0.0139,0.0484,-0.0609,-0.0321,0.0000,0.0000,-2.7354,2.0000,-6.4203,-10.9522
102706366,0.0057,0.0034,-0.0495,-0.0064,-0.2112,0.0139,0.0048,-0.0106,0.0135,0.0481,-0.0752,-0.0507,0.0000,0.0000,-2.9795,2.0000,-6.4203,-10.9689
102711366,0.0056,0.0033,-0.0602,-0.0049,-0.2161,0.0117,0.0059,-0.0093,0.0130,0.0479,-0.0859,-0.0492,0.0000,0.0000,-2.9795,2.0000,-6.4203,-10.9868
102716367,0.0055,0.0032,-0.0654,0.0031,-0.2069,0.0102,0.0074,-0.0096,0.0126,0.0476,-0.0911,-0.0413,0.0000,0.0000,-2.9795,2.0000,-6.4203,-10.9987
102721366,0.0053,0.0033,-0.0724,0.0049,-0.2155,0.0086,0.0097,-0.0101,0.0121,0.0475,-0.0919,-0.0287,0.0000,0.0000,-2.2595,2.0000,-6.4203,-11.0003
102726366,0.0048,0.0034,-0.0803,0.0113,-0.2313,0.0057,0.0135,-0.0104,0.0117,0.0474,-0.0965,-0.0166,0.0000,0.0000,-1.8719,2.0000,-6.4203,-11.0008
102731366,0.0043,0.0033,-0.0730,0.0177,-0.2188,0.0053,0.0148,-0.0117,0.0112,0.0474,-0.0849,-0.0027,0.0000,0.0000,-1.3735,2.0000,-6.4203,-11.0005
102736367,0.0039,0.0033,-0.0657,0.0278,-0.1901,0.0046,0.0159,-0.0132,0.0108,0.0474,-0.0780,0.0065,0.0000,0.0000,-1.4288,2.0000,-6.4203,-11.0073
102741366,0.0036,0.0033,-0.0495,0.0638,-0.1666,0.0062,0.0209,-0.0207,0.0105,0.0477,-0.0618,0.0426,0.0000,0.0000,-1.4288,2.0000,-6.4203,-11.0159
102746367,0.0034,0.0035,-0.0345,0.0819,-0.1620,0.0081,0.0235,-0.0253,0.0103,0.0480,-0.0468,0.0606,0.0000,0.0000,-1.4288,2.0000,-6.4203,-11.0216
102751366,0.0031,0.0039,-0.0211,0.0959,-0.1446,0.0094,0.0261,-0.0300,0.0101,0.0483,-0.0334,0.0746,0.0000,0.0000,-1.4288,2.0000,-6.4203,-11.0302
102756366,0.0029,0.0044,-0.0086,0.1038,-0.1174,0.0106,0.0282,-0.0343,0.0100,0.0487,-0.0209,0.0826,0.0000,0.0000,-1.4288,2.0000,-6.4203,-11.0359
102761366,0.0029,0.0051,0.0009,0.1066,-0.1012,0.0122,0.0298,-0.0382,0.0100,0.0492,-0.0114,0.0853,0.0000,0.0000,-1.4288,2.0000,-6.4203,-11.0445
102766366,0.0031,0.0057,0.0055,0.1069,-0.0927,0.0142,0.0303,-0.0409,0.0100,0.0495,0.0023,0.0746,0.0000,0.8969,-1.2721,2.0000,-6.4015,-11.0469
102771366,0.0032,0.0064,0.0043,0.0993,-0.0759,0.0153,0.0294,-0.0418,0.0101,0.0498,0.0147,0.0527,0.0000,2.1630,-0.9585,2.0000,-6.3695,-11.0473
102776366,0.0032,0.0070,0.0006,0.0895,-0.0426,0.0146,0.0297,-0.0426,0.0101,0.0500,0.0124,0.0453,0.0000,2.1630,-0.8017,2.0000,-6.3565,-11.0476
102781366,0.0033,0.0075,0.0037,0.0724,-0.0078,0.0150,0.0279,-0.0426,0.0102,0.0502,0.0173,0.0313,0.0000,2.1630,-0.5927,2.0000,-6.3478,-11.0475
102786366,0.0033,0.0078,-0.0018,0.0440,0.0084,0.0139,0.0249,-0.0391,0.0103,0.0502,0.0114,0.0066,0.0000,2.0170,-0.4881,2.0000,-6.3378,-11.0475
102791366,0.0034,0.0081,-0.0076,0.0312,0.0387,0.0137,0.0249,-0.0400,0.0103,0.0503,0.0181,0.0182,0.0000,1.9196,1.0522,2.0000,-6.3321,-11.0167
102796366,0.0034,0.0083,-0.0095,0.0211,0.0735,0.0132,0.0243,-0.0404,0.0105,0.0504,0.0225,0.0188,0.0000,1.9196,1.7722,2.0000,-6.3205,-10.9959
102801366,0.0033,0.0085,-0.0092,0.0043,0.0906,0.0127,0.0220,-0.0381,0.0106,0.0504,0.0228,0.0020,0.0000,1.9196,1.7722,2.0000,-6.3129,-10.9853
102806366,0.0033,0.0086,-0.0064,-0.0104,0.0936,0.0131,0.0196,-0.0363,0.0107,0.0504,0.0256,-0.0127,0.0000,1.9196,1.7722,2.0000,-6.3013,-10.9782
102811366,0.0033,0.0086,-0.0018,-0.0232,0.1019,0.0142,0.0168,-0.0349,0.0109,0.0502,0.0301,-0.0255,0.0000,1.9196,1.7722,2.0000,-6.2937,-10.9675
102816366,0.0034,0.0086,-0.0024,-0.0327,0.1221,0.0141,0.0148,-0.0335,0.0110,0.0501,0.0295,-0.0350,0.0000,1.9196,1.7722,2.0000,-6.2821,-10.9604
102821366,0.0034,0.0085,-0.0009,-0.0370,0.1404,0.0139,0.0132,-0.0325,0.0111,0.0498,0.0273,-0.0458,0.0000,1.9196,1.3327,2.0000,-6.2745,-10.9598
102826365,0.0033,0.0084,-0.0037,-0.0394,0.1450,0.0126,0.0128,-0.0309,0.0112,0.0496,0.0224,-0.0519,0.0000,1.9196,1.0886,2.0000,-6.2629,-10.9598
102831366,0.0032,0.0080,-0.0024,-0.0324,0.1440,0.0123,0.0124,-0.0303,0.0114,0.0493,0.0211,-0.0492,0.0000,1.9196,0.7957,2.0000,-6.2553,-10.9599
102836367,0.0034,0.0078,-0.0034,-0.0147,0.1492,0.0125,0.0144,-0.0327,0.0114,0.0492,0.0166,-0.0298,0.0000,1.6615,0.6492,2.0000,-6.2493,-10.9599
102841365,0.0035,0.0075,-0.0070,-0.0015,0.1471,0.0120,0.0163,-0.0339,0.0115,0.0491,0.0090,-0.0142,0.0000,1.3516,0.5027,2.0000,-6.2495,-10.9593
102846367,0.0035,0.0074,-0.0119,0.0153,0.1395,0.0109,0.0195,-0.0357,0.0115,0.0491,0.0002,0.0065,0.0000,0.9902,0.4051,2.0000,-6.2497,-10.9595
102851366,0.0035,0.0073,-0.0153,0.0342,0.1349,0.0101,0.0228,-0.0381,0.0115,0.0493,-0.0054,0.0263,0.0000,0.8353,0.3075,2.0000,-6.2492,-10.9594
102856367,0.0035,0.0073,-0.0195,0.0498,0.1379,0.0092,0.0260,-0.0405,0.0114,0.0495,-0.0119,0.0442,0.0000,0.6287,0.2586,2.0000,-6.2490,-10.9592
102861366,0.0036,0.0076,-0.0232,0.0623,0.1453,0.0087,0.0293,-0.0435,0.0113,0.0498,-0.0177,0.0576,0.0000,0.4738,0.1610,2.0000,-6.2499,-10.9599
102866367,0.0037,0.0080,-0.0257,0.0678,0.1440,0.0083,0.0319,-0.0458,0.0112,0.0501,-0.0211,0.0647,0.0000,0.3705,0.1610,2.0000,-6.2494,-10.9593
102871366,0.0036,0.0085,-0.0284,0.0651,0.1349,0.0075,0.0336,-0.0464,0.0111,0.0504,-0.0247,0.0620,0.0000,0.3189,0.1122,2.0000,-6.2491,-10.9595
102876366,0.0034,0.0089,-0.0345,0.0608,0.1291,0.0058,0.0356,-0.0463,0.0109,0.0507,-0.0317,0.0592,0.0000,0.2156,0.1122,2.0000,-6.2496,-10.9591
102881366,0.0033,0.0093,-0.0360,0.0428,0.1352,0.0047,0.0342,-0.0441,0.0107,0.0509,-0.0341,0.0413,0.0000,0.1640,0.0633,2.0000,-6.2499,-10.9596
102886367,0.0031,0.0096,-0.0345,0.0305,0.1315,0.0044,0.0335,-0.0430,0.0106,0.0511,-0.0330,0.0298,0.0000,0.1124,0.0633,2.0000,-6.2499,-10.9594
102891366,0.0029,0.0098,-0.0302,0.0238,0.1230,0.0045,0.0333,-0.0425,0.0104,0.0512,-0.0293,0.0221,0.0000,0.1124,0.0000,2.0000,-6.2495,-10.9600
102896367,0.0027,0.0100,-0.0278,0.0162,0.1239,0.0041,0.0330,-0.0418,0.0103,0.0512,-0.0273,0.0153,0.0000,0.0607,0.0000,2.0000,-6.2499,-10.9600
102901365,0.0025,0.0102,-0.0211,0.0107,0.1279,0.0034,0.0312,-0.0395,0.0101,0.0512,-0.0350,-0.0150,0.0000,0.0607,-1.6614,2.0000,-6.2497,-10.9963
102906367,0.0023,0.0103,-0.0199,0.0079,0.1217,0.0028,0.0314,-0.0389,0.0099,0.0511,-0.0357,-0.0210,0.0000,0.0607,-1.8829,2.0000,-6.2493,-11.0081
102911366,0.0023,0.0105,-0.0153,0.0079,0.1086,0.0035,0.0320,-0.0396,0.0098,0.0510,-0.0311,-0.0210,0.0000,0.0607,-1.8829,2.0000,-6.2491,-11.0194
102916366,0.0022,0.0106,-0.0153,0.0031,0.0994,0.0035,0.0319,-0.0392,0.0096,0.0508,-0.0316,-0.0250,0.0000,0.0000,-1.8829,2.0000,-6.2500,-11.0270
102921366,0.0022,0.0107,-0.0168,-0.0055,0.0915,0.0032,0.0312,-0.0379,0.0095,0.0507,-0.0331,-0.0336,0.0000,0.0000,-1.8829,2.0000,-6.2500,-11.0383
102926366,0.0021,0.0107,-0.0214,-0.0257,0.0726,0.0023,0.0287,-0.0338,0.0093,0.0504,-0.0377,-0.0537,0.0000,0.0000,-1.8829,2.0000,-6.2500,-11.0458
102931366,0.0020,0.0107,-0.0266,-0.0370,0.0628,0.0013,0.0277,-0.0315,0.0091,0.0501,-0.0393,-0.0588,0.0000,0.0000,-1.4648,2.0000,-6.2500,-11.0476
102936366,0.0019,0.0106,-0.0308,-0.0431,0.0597,0.0000,0.0274,-0.0297,0.0089,0.0498,-0.0413,-0.0610,0.0000,0.0000,-1.2035,2.0000,-6.2500,-11.0476
102941366,0.0017,0.0105,-0.0312,-0.0489,0.0549,-0.0003,0.0267,-0.0285,0.0087,0.0495,-0.0389,-0.0621,0.0000,0.0000,-0.8899,2.0000,-6.2500,-11.0474
102946366,0.0016,0.0100,-0.0348,-0.0510,0.0460,-0.0015,0.0254,-0.0257,0.0085,0.0492,-0.0412,-0.0619,0.0000,0.0000,-0.7332,2.0000,-6.2500,-11.0475
102951366,0.0014,0.0095,-0.0367,-0.0476,0.0335,-0.0023,0.0251,-0.0241,0.0083,0.0489,-0.0412,-0.0555,0.0000,0.0000,-0.5241,2.0000,-6.2500,-11.0470
102956366,0.0012,0.0091,-0.0363,-0.0400,0.0249,-0.0029,0.0254,-0.0235,0.0081,0.0487,-0.0400,-0.0463,0.0000,0.0000,-0.4196,2.0000,-6.2500,-11.0468
102961366,0.0010,0.0086,-0.0339,-0.0305,0.0231,-0.0031,0.0258,-0.0236,0.0079,0.0485,-0.0366,-0.0352,0.0000,0.0000,-0.3151,2.0000,-6.2500,-11.0470
102966367,0.0008,0.0083,-0.0290,-0.0174,0.0173,-0.0027,0.0268,-0.0247,0.0077,0.0484,-0.0313,-0.0213,0.0000,0.0000,-0.2628,2.0000,-6.2500,-11.0471
102971366,0.0006,0.0081,-0.0250,-0.0024,-0.0001,-0.0024,0.0285,-0.0261,0.0076,0.0484,-0.0264,-0.0064,0.0000,0.0516,-0.2106,2.0000,-6.2488,-11.0474
102976366,0.0005,0.0079,-0.0165,0.0214,-0.0013,-0.0013,0.0316,-0.0302,0.0075,0.0484,-0.0174,0.0183,0.0000,0.0516,-0.1583,2.0000,-6.2485,-11.0471
102981366,0.0003,0.0079,-0.0119,0.0321,0.0026,-0.0012,0.0331,-0.0321,0.0075,0.0486,-0.0124,0.0297,0.0000,0.0516,-0.1060,2.0000,-6.2483,-11.0469
102986366,0.0001,0.0081,-0.0113,0.0357,0.0057,-0.0018,0.0349,-0.0333,0.0074,0.0488,-0.0118,0.0334,0.0000,0.0516,-0.1060,2.0000,-6.2479,-11.0473
102991366,0.0000,0.0084,-0.0095,0.0348,0.0078,-0.0018,0.0358,-0.0343,0.0073,0.0489,-0.0095,0.0332,0.0000,0.0516,-0.0538,2.0000,-6.2477,-11.0467
102996366,-0.0000,0.0087,-0.0079,0.0299,0.0121,-0.0017,0.0358,-0.0346,0.0073,0.0491,-0.0080,0.0284,0.0000,0.0516,-0.0538,2.0000,-6.2474,-11.0470
103001366,-0.0000,0.0090,-0.0082,0.0211,0.0182,-0.0019,0.0352,-0.0340,0.0073,0.0492,-0.0083,0.0195,0.0000,0.0516,-0.0538,2.0000,-6.2472,-11.0473
103006365,-0.0000,0.0092,-0.0076,0.0098,0.0268,-0.0020,0.0339,-0.0329,0.0072,0.0492,-0.0077,0.0082,0.0000,0.0516,-0.0538,2.0000,-6.2469,-11.0475
103011365,-0.0001,0.0093,-0.0113,-0.0012,0.0335,-0.0029,0.0329,-0.0312,0.0072,0.0492,-0.0109,-0.0020,0.0000,0.0516,0.0000,2.0000,-6.2467,-11.0466
103016367,-0.0001,0.0094,-0.0107,-0.0122,0.0381,-0.0030,0.0313,-0.0297,0.0071,0.0491,-0.0102,-0.0130,0.0000,0.0516,0.0000,2.0000,-6.2464,-11.0466
103021366,-0.0002,0.0094,-0.0101,-0.0299,0.0469,-0.0031,0.0282,-0.0268,0.0071,0.0490,-0.0096,-0.0307,0.0000,0.0516,0.0000,2.0000,-6.2462,-11.0466
103026366,-0.0002,0.0093,-0.0101,-0.0333,0.0457,-0.0032,0.0276,-0.0261,0.0070,0.0488,-0.0096,-0.0341,0.0000,0.0516,0.0000,2.0000,-6.2459,-11.0466
103031366,-0.0004,0.0092,-0.0101,-0.0318,0.0432,-0.0039,0.0279,-0.0257,0.0070,0.0486,-0.0096,-0.0325,0.0000,0.0516,0.0000,2.0000,-6.2457,-11.0466
103036367,-0.0004,0.0088,-0.0076,-0.0287,0.0393,-0.0037,0.0270,-0.0248,0.0069,0.0485,-0.0072,-0.0295,0.0000,0.0516,0.0000,2.0000,-6.2454,-11.0466
103041366,-0.0005,0.0085,-0.0052,-0.0217,0.0384,-0.0036,0.0269,-0.0248,0.0069,0.0484,-0.0047,-0.0225,0.0000,0.0516,0.0000,2.0000,-6.2451,-11.0466
103046366,-0.0006,0.0082,-0.0043,-0.0144,0.0408,-0.0038,0.0272,-0.0249,0.0069,0.0483,-0.0038,-0.0151,0.0000,0.0516,0.0000,2.0000,-6.2448,-11.0466
103051366,-0.0007,0.0079,-0.0024,-0.0067,0.0402,-0.0038,0.0276,-0.0253,0.0069,0.0483,-0.0020,-0.0075,0.0000,0.0516,0.0000,2.0000,-6.2446,-11.0466
103056365,-0.0007,0.0077,-0.0015,-0.0015,0.0393,-0.0037,0.0274,-0.0253,0.0069,0.0483,-0.0011,-0.0023,0.0000,0.0516,0.0000,2.0000,-6.2443,-11.0466
103061366,-0.0006,0.0075,-0.0027,0.0049,0.0350,-0.0033,0.0277,-0.0258,0.0069,0.0483,-0.0023,0.0041,0.0000,0.0516,0.0000,2.0000,-6.2441,-11.0466
103066367,-0.0004,0.0073,-0.0064,0.0107,0.0326,-0.0034,0.0283,-0.0262,0.0068,0.0483,-0.0060,0.0099,0.0000,0.0516,0.0000,2.0000,-6.2438,-11.0466
103071366,-0.0003,0.0074,-0.0095,0.0113,0.0301,-0.0032,0.0285,-0.0265,0.0068,0.0484,-0.0090,0.0105,0.0000,0.0516,0.0000,2.0000,-6.2436,-11.0466
103076367,-0.0002,0.0076,-0.0113,0.0116,0.0252,-0.0034,0.0294,-0.0270,0.0067,0.0484,-0.0109,0.0108,0.0000,0.0516,0.0000,2.0000,-6.2433,-11.0466
103081366,-0.0003,0.0078,-0.0137,0.0098,0.0213,-0.0039,0.0301,-0.0270,0.0067,0.0485,-0.0133,0.0090,0.0000,0.0516,0.0000,2.0000,-6.2431,-11.0466
103086367,-0.0003,0.0079,-0.0144,0.0070,0.0176,-0.0042,0.0305,-0.0269,0.0066,0.0485,-0.0139,0.0063,0.0000,0.0516,0.0000,2.0000,-6.2428,-11.0466
103091366,-0.0004,0.0081,-0.0116,0.0018,0.0158,-0.0039,0.0300,-0.0267,0.0065,0.0485,-0.0112,0.0011,0.0000,0.0516,0.0000,2.0000,-6.2426,-11.0466
103096366,-0.0005,0.0082,-0.0134,-0.0037,0.0121,-0.0048,0.0299,-0.0256,0.0065,0.0485,-0.0130,-0.0044,0.0000,0.0516,0.0000,2.0000,-6.2422,-11.0466
103101366,-0.0007,0.0082,-0.0110,-0.0067,0.0081,-0.0048,0.0297,-0.0252,0.0064,0.0485,-0.0105,-0.0075,0.0000,0.0516,0.0000,2.0000,-6.2420,-11.0466
103106366,-0.0008,0.0083,-0.0098,-0.0089,0.0057,-0.0053,0.0297,-0.0247,0.0064,0.0484,-0.0093,-0.0096,0.0000,0.0516,0.0000,2.0000,-6.2417,-11.0466
103111366,-0.0010,0.0082,-0.0064,-0.0092,0.0054,-0.0054,0.0296,-0.0244,0.0064,0.0484,-0.0060,-0.0099,0.0000,0.0516,0.0000,2.0000,-6.2415,-11.0466
103116367,-0.0012,0.0081,-0.0055,-0.0058,0.0051,-0.0060,0.0300,-0.0243,0.0063,0.0483,-0.0051,-0.0066,0.0000,0.0516,0.0000,2.0000,-6.2412,-11.0466
103121366,-0.0013,0.0079,-0.0043,-0.0055,0.0048,-0.0062,0.0294,-0.0234,0.0063,0.0483,-0.0038,-0.0063,0.0000,0.0516,0.0000,2.0000,-6.2410,-11.0466
103126366,-0.0015,0.0079,-0.0037,-0.0049,0.0054,-0.0068,0.0298,-0.0232,0.0063,0.0483,-0.0032,-0.0057,0.0000,0.0516,0.0000,2.0000,-6.2407,-11.0466
103131366,-0.0017,0.0079,-0.0027,-0.0024,0.0069,-0.0072,0.0306,-0.0236,0.0063,0.0483,-0.0023,-0.0032,0.0000,0.0516,0.0000,2.0000,-6.2405,-11.0466
103136366,-0.0018,0.0080,-0.0031,-0.0040,0.0054,-0.0078,0.0308,-0.0233,0.0063,0.0482,-0.0026,-0.0047,0.0000,0.0516,0.0000,2.0000,-6.2402,-11.0466
103141366,-0.0019,0.0081,-0.0055,-0.0043,0.0032,-0.0085,0.0315,-0.0231,0.0062,0.0482,-0.0051,-0.0050,0.0000,0.0516,0.0000,2.0000,-6.2400,-11.0466
103146366,-0.0017,0.0081,-0.0037,-0.0037,0.0014,-0.0075,0.0314,-0.0239,0.0062,0.0482,-0.0032,-0.0044,0.0000,0.0516,0.0000,2.0000,-6.2397,-11.0466
103151366,-0.0015,0.0082,-0.0015,-0.0055,-0.0023,-0.0064,0.0308,-0.0243,0.0062,0.0482,-0.0011,-0.0063,0.0000,0.0516,0.0000,2.0000,-6.2395,-11.0466
103156367,-0.0015,0.0083,-0.0024,-0.0058,-0.0026,-0.0064,0.0311,-0.0247,0.0062,0.0481,-0.0020,-0.0066,0.0000,0.0516,0.0000,2.0000,-6.2391,-11.0466
103161366,-0.0013,0.0083,-0.0037,-0.0061,-0.0053,-0.0058,0.0308,-0.0248,0.0062,0.0481,-0.0032,-0.0069,0.0000,0.0516,0.0000,2.0000,-6.2389,-11.0466
103166366,-0.0012,0.0084,-0.0058,-0.0070,-0.0047,-0.0058,0.0309,-0.0249,0.0062,0.0480,-0.0054,-0.0078,0.0000,0.0516,0.0000,2.0000,-6.2386,-11.0466
103171366,-0.0011,0.0084,-0.0067,-0.0092,-0.0050,-0.0055,0.0306,-0.0249,0.0061,0.0480,-0.0063,-0.0099,0.0000,0.0516,0.0000,2.0000,-6.2384,-11.0466
103176366,-0.0010,0.0085,-0.0067,-0.0101,-0.0029,-0.0053,0.0306,-0.0252,0.0061,0.0479,-0.0063,-0.0108,0.0000,0.0516,0.0000,2.0000,-6.2381,-11.0466
103181366,-0.0011,0.0086,-0.0082,-0.0082,-0.0013,-0.0061,0.0315,-0.0253,0.0061,0.0479,-0.0078,-0.0090,0.0000,0.0516,0.0000,2.0000,-6.2379,-11.0466
103186367,-0.0013,0.0084,-0.0070,-0.0098,0.0026,-0.0067,0.0309,-0.0243,0.0060,0.0478,-0.0066,-0.0105,0.0000,0.0516,0.0000,2.0000,-6.2376,-11.0466
103191366,-0.0015,0.0083,-0.0073,-0.0095,0.0060,-0.0076,0.0309,-0.0235,0.0060,0.0478,-0.0069,-0.0102,0.0000,0.0516,0.0000,2.0000,-6.2374,-11.0466
103196366,-0.0017,0.0081,-0.0052,-0.0101,0.0090,-0.0080,0.0304,-0.0227,0.0060,0.0477,-0.0047,-0.0108,0.0000,0.0516,0.0000,2.0000,-6.2371,-11.0466
103201365,-0.0019,0.0079,-0.0046,-0.0110,0.0118,-0.0087,0.0298,-0.0216,0.0060,0.0477,-0.0041,-0.0118,0.0000,0.0516,0.0000,2.0000,-6.2369,-11.0466
103206366,-0.0021,0.0078,-0.0006,-0.0125,0.0182,-0.0086,0.0289,-0.0209,0.0060,0.0476,-0.0002,-0.0133,0.0000,0.0516,0.0000,2.0000,-6.2366,-11.0466
103211366,-0.0022,0.0075,0.0018,-0.0116,0.0203,-0.0086,0.0280,-0.0202,0.0060,0.0475,0.0023,-0.0124,0.0000,0.0516,0.0000,2.0000,-6.2364,-11.0466
103216366,-0.0022,0.0072,0.0046,-0.0122,0.0203,-0.0080,0.0265,-0.0193,0.0060,0.0475,0.0050,-0.0130,0.0000,0.0516,0.0000,2.0000,-6.2360,-11.0466
103221366,-0.0021,0.0069,0.0052,-0.0110,0.0203,-0.0078,0.0255,-0.0185,0.0060,0.0474,0.0056,-0.0118,0.0000,0.0516,0.0000,2.0000,-6.2358,-11.0466
103226366,-0.0021,0.0066,0.0086,-0.0098,0.0188,-0.0069,0.0243,-0.0181,0.0061,0.0474,0.0090,-0.0105,0.0000,0.0516,0.0000,2.0000,-6.2355,-11.0466
103231366,-0.0020,0.0063,0.0086,-0.0076,0.0167,-0.0066,0.0235,-0.0175,0.0061,0.0473,0.0090,-0.0084,0.0000,0.0516,0.0000,2.0000,-6.2353,-11.0466
103236366,-0.0019,0.0060,0.0098,-0.0067,0.0133,-0.0058,0.0223,-0.0170,0.0062,0.0473,0.0102,-0.0075,0.0000,0.0516,0.0000,2.0000,-6.2350,-11.0466
103241366,-0.0017,0.0057,0.0101,-0.0040,0.0112,-0.0050,0.0215,-0.0169,0.0062,0.0473,0.0105,-0.0047,0.0000,0.0516,0.0000,2.0000,-6.2348,-11.0466
103246367,-0.0015,0.0055,0.0076,-0.0015,0.0115,-0.0047,0.0209,-0.0166,0.0063,0.0473,0.0081,-0.0023,0.0000,0.0516,0.0000,2.0000,-6.2345,-11.0466
103251366,-0.0013,0.0054,0.0067,0.0046,0.0136,-0.0040,0.0211,-0.0176,0.0063,0.0473,0.0072,0.0038,0.0000,0.0516,0.0000,2.0000,-6.2343,-11.0466
103256366,-0.0010,0.0053,0.0024,0.0058,0.0145,-0.0039,0.0209,-0.0176,0.0063,0.0473,0.0029,0.0050,0.0000,0.0516,0.0000,2.0000,-6.2340,-11.0466
103261366,-0.0008,0.0053,-0.0006,0.0070,0.0185,-0.0036,0.0211,-0.0182,0.0063,0.0473,-0.0002,0.0063,0.0000,0.0516,0.0000,2.0000,-6.2338,-11.0466
103266367,-0.0007,0.0054,-0.0027,0.0043,0.0237,-0.0035,0.0208,-0.0182,0.0063,0.0474,-0.0023,0.0035,0.0000,0.0516,0.0000,2.0000,-6.2335,-11.0466
103271366,-0.0006,0.0055,-0.0082,-0.0003,0.0268,-0.0043,0.0208,-0.0175,0.0063,0.0473,-0.0078,-0.0011,0.0000,0.0516,0.0000,2.0000,-6.2332,-11.0466
103276366,-0.0005,0.0057,-0.0061,-0.0034,0.0286,-0.0037,0.0204,-0.0178,0.0062,0.0473,-0.0057,-0.0041,0.0000,0.0516,0.0000,2.0000,-6.2329,-11.0466
103281366,-0.0005,0.0058,-0.0055,-0.0040,0.0304,-0.0034,0.0205,-0.0183,0.0062,0.0473,-0.0051,-0.0047,0.0000,0.0516,0.0000,2.0000,-6.2327,-11.0466
103286367,-0.0005,0.0059,-0.0046,-0.0092,0.0335,-0.0032,0.0198,-0.0179,0.0062,0.0473,-0.0041,-0.0099,0.0000,0.0516,0.0000,2.0000,-6.2324,-11.0466
103291366,-0.0004,0.0056,-0.0070,-0.0098,0.0350,-0.0035,0.0187,-0.0166,0.0061,0.0472,-0.0066,-0.0105,0.0000,0.0516,0.0000,2.0000,-6.2322,-11.0466
103296366,-0.0004,0.0052,-0.0052,-0.0107,0.0347,-0.0032,0.0173,-0.0155,0.0061,0.0471,-0.0047,-0.0115,0.0000,0.0516,0.0000,2.0000,-6.2319,-11.0466
103301366,-0.0005,0.0050,-0.0040,-0.0052,0.0344,-0.0030,0.0172,-0.0155,0.0061,0.0471,-0.0035,-0.0060,0.0000,0.0516,0.0000,2.0000,-6.2317,-11.0466
103306366,-0.0004,0.0047,-0.0024,-0.0034,0.0347,-0.0024,0.0162,-0.0152,0.0061,0.0471,-0.0020,-0.0041,0.0000,0.0516,0.0000,2.0000,-6.2314,-11.0466
103311366,-0.0003,0.0044,-0.0018,-0.0024,0.0323,-0.0020,0.0153,-0.0146,0.0061,0.0471,-0.0014,-0.0032,0.0000,0.0516,0.0000,2.0000,-6.2312,-11.0466
103316365,-0.0002,0.0042,-0.0012,0.0018,0.0313,-0.0015,0.0150,-0.0147,0.0061,0.0471,-0.0008,0.0011,0.0000,0.0516,0.0000,2.0000,-6.2309,-11.0466
103321366,-0.0001,0.0040,-0.0015,0.0049,0.0292,-0.0012,0.0146,-0.0145,0.0061,0.0471,-0.0011,0.0041,0.0000,0.0516,0.0000,2.0000,-6.2307,-11.0466
103326366,-0.0001,0.0037,0.0006,0.0061,0.0289,-0.0005,0.0136,-0.0143,0.0061,0.0471,0.0011,0.0053,0.0000,0.0516,0.0000,2.0000,-6.2303,-11.0466
103331366,0.0000,0.0035,-0.0024,0.0061,0.0292,-0.0007,0.0130,-0.0134,0.0061,0.0472,-0.0020,0.0053,0.0000,0.0516,0.0000,2.0000,-6.2301,-11.0466
103336367,0.0002,0.0035,-0.0034,0.0089,0.0283,-0.0000,0.0131,-0.0142,0.0061,0.0472,-0.0029,0.0081,0.0000,0.0516,0.0000,2.0000,-6.2298,-11.0466
103341366,0.0003,0.0037,-0.0046,0.0070,0.0289,-0.0001,0.0134,-0.0145,0.0060,0.0472,-0.0041,0.0063,0.0000,0.0516,0.0000,2.0000,-6.2296,-11.0466
103346366,0.0003,0.0039,-0.0012,0.0073,0.0323,0.0007,0.0136,-0.0156,0.0060,0.0473,-0.0008,0.0066,0.0000,0.0516,0.0000,2.0000,-6.2293,-11.0466
103351366,0.0004,0.0040,-0.0031,0.0067,0.0307,0.0007,0.0142,-0.0160,0.0060,0.0473,-0.0026,0.0059,0.0000,0.0516,0.0000,2.0000,-6.2291,-11.0466
103356366,0.0005,0.0042,-0.0031,0.0027,0.0304,0.0010,0.0138,-0.0160,0.0060,0.0473,-0.0026,0.0020,0.0000,0.0516,0.0000,2.0000,-6.2288,-11.0466
103361366,0.0006,0.0043,-0.0012,0.0006,0.0304,0.0018,0.0135,-0.0165,0.0060,0.0473,-0.0008,-0.0002,0.0000,0.0516,0.0000,2.0000,-6.2286,-11.0466
103366367,0.0008,0.0043,-0.0034,-0.0006,0.0301,0.0021,0.0133,-0.0166,0.0060,0.0473,-0.0029,-0.0014,0.0000,0.0516,0.0000,2.0000,-6.2283,-11.0466
103371366,0.0010,0.0042,-0.0015,-0.0027,0.0283,0.0034,0.0119,-0.0164,0.0060,0.0473,-0.0011,-0.0035,0.0000,0.0516,0.0000,2.0000,-6.2281,-11.0466
103376367,0.0011,0.0040,-0.0015,-0.0027,0.0258,0.0039,0.0109,-0.0157,0.0060,0.0473,-0.0011,-0.0035,0.0000,0.0516,0.0000,2.0000,-6.2278,-11.0466
103381366,0.0012,0.0037,-0.0031,-0.0024,0.0234,0.0040,0.0100,-0.0149,0.0060,0.0472,-0.0026,-0.0032,0.0000,0.0516,0.0000,2.0000,-6.2276,-11.0466
103386367,0.0013,0.0035,-0.0031,-0.0031,0.0203,0.0045,0.0089,-0.0142,0.0060,0.0472,-0.0026,-0.0038,0.0000,0.0516,0.0000,2.0000,-6.2272,-11.0466
103391365,0.0015,0.0033,-0.0046,-0.0003,0.0087,0.0049,0.0086,-0.0138,0.0059,0.0472,-0.0041,-0.0011,0.0000,0.0516,0.0000,2.0000,-6.2270,-11.0466
103396367,0.0016,0.0030,-0.0070,-0.0006,0.0029,0.0049,0.0078,-0.0128,0.0059,0.0472,-0.0066,-0.0014,0.0000,0.0516,0.0000,2.0000,-6.2267,-11.0466
103401366,0.0017,0.0028,-0.0067,0.0000,-0.0038,0.0055,0.0070,-0.0123,0.0059,0.0472,-0.0063,-0.0008,0.0000,0.0516,0.0000,2.0000,-6.2265,-11.0466
103406365,0.0018,0.0026,-0.0089,-0.0006,-0.0099,0.0057,0.0062,-0.0115,0.0058,0.0472,-0.0084,-0.0014,0.0000,0.0516,0.0000,2.0000,-6.2262,-11.0466
103411366,0.0019,0.0024,-0.0079,0.0003,-0.0148,0.0065,0.0053,-0.0112,0.0058,0.0472,-0.0075,-0.0005,0.0000,0.0516,0.0000,2.0000,-6.2260,-11.0466
103416367,0.0020,0.0021,-0.0086,0.0000,-0.0215,0.0068,0.0044,-0.0104,0.0057,0.0472,-0.0081,-0.0008,0.0000,0.0516,0.0000,2.0000,-6.2257,-11.0466
103421366,0.0021,0.0019,-0.0104,0.0015,-0.0255,0.0067,0.0040,-0.0097,0.0057,0.0472,-0.0099,0.0008,0.0000,0.0516,0.0000,2.0000,-6.2255,-11.0466
103426366,0.0021,0.0017,-0.0119,0.0024,-0.0310,0.0065,0.0035,-0.0088,0.0056,0.0472,-0.0115,0.0017,0.0000,0.0516,0.0000,2.0000,-6.2252,-11.0466
103431366,0.0021,0.0014,-0.0110,0.0052,-0.0325,0.0066,0.0031,-0.0085,0.0056,0.0472,-0.0106,0.0044,0.0000,0.0516,0.0000,2.0000,-6.2250,-11.0466
103436366,0.0020,0.0012,-0.0104,0.0070,-0.0401,0.0066,0.0027,-0.0078,0.0055,0.0473,-0.0099,0.0063,0.0000,0.0516,0.0000,2.0000,-6.2247,-11.0466
103441366,0.0020,0.0010,-0.0110,0.0110,-0.0401,0.0063,0.0029,-0.0076,0.0055,0.0473,-0.0106,0.0102,0.0000,0.0516,0.0000,2.0000,-6.2245,-11.0466
103446366,0.0019,0.0008,-0.0089,0.0125,-0.0414,0.0064,0.0025,-0.0073,0.0054,0.0474,-0.0084,0.0118,0.0000,0.0516,0.0000,2.0000,-6.2241,-11.0466
103451366,0.0017,0.0007,-0.0095,0.0125,-0.0441,0.0058,0.0023,-0.0063,0.0054,0.0474,-0.0090,0.0118,0.0000,0.0516,0.0000,2.0000,-6.2239,-11.0466
103456367,0.0016,0.0005,-0.0092,0.0156,-0.0423,0.0053,0.0025,-0.0061,0.0054,0.0475,-0.0087,0.0148,0.0000,0.0516,0.0000,2.0000,-6.2236,-11.0466
103461366,0.0017,0.0007,-0.0073,0.0159,-0.0383,0.0059,0.0028,-0.0073,0.0053,0.0476,-0.0069,0.0151,0.0000,0.0516,0.0000,2.0000,-6.2234,-11.0466
103466367,0.0018,0.0009,-0.0073,0.0131,-0.0362,0.0064,0.0026,-0.0076,0.0053,0.0476,-0.0069,0.0124,0.0000,0.0516,0.0000,2.0000,-6.2231,-11.0466
103471366,0.0019,0.0011,-0.0089,0.0144,-0.0331,0.0063,0.0035,-0.0085,0.0052,0.0477,-0.0084,0.0136,0.0000,0.0516,0.0000,2.0000,-6.2229,-11.0466
103476365,0.0019,0.0013,-0.0098,0.0140,-0.0288,0.0062,0.0041,-0.0092,0.0052,0.0478,-0.0093,0.0133,0.0000,0.0516,0.0000,2.0000,-6.2226,-11.0466
103481366,0.0019,0.0015,-0.0095,0.0128,-0.0194,0.0062,0.0045,-0.0099,0.0052,0.0478,-0.0090,0.0121,0.0000,0.0516,0.0000,2.0000,-6.2224,-11.0466
103486366,0.0019,0.0017,-0.0134,0.0113,-0.0142,0.0052,0.0052,-0.0099,0.0051,0.0479,-0.0130,0.0105,0.0000,0.0516,0.0000,2.0000,-6.2221,-11.0466
103491366,0.0019,0.0018,-0.0116,0.0082,-0.0084,0.0053,0.0052,-0.0102,0.0050,0.0479,-0.0112,0.0075,0.0000,0.0516,0.0000,2.0000,-6.2219,-11.0466
103496367,0.0017,0.0020,-0.0113,0.0073,-0.0035,0.0047,0.0057,-0.0102,0.0050,0.0480,-0.0109,0.0066,0.0000,0.0516,0.0000,2.0000,-6.2216,-11.0466
103501366,0.0015,0.0018,-0.0107,0.0067,0.0014,0.0039,0.0055,-0.0095,0.0049,0.0480,-0.0102,0.0059,0.0000,0.0516,0.0000,2.0000,-6.2213,-11.0466
103506367,0.0013,0.0017,-0.0101,0.0058,0.0063,0.0033,0.0050,-0.0085,0.0049,0.0480,-0.0096,0.0050,0.0000,0.0516,0.0000,2.0000,-6.2210,-11.0466
103511366,0.0012,0.0015,-0.0089,0.0076,0.0081,0.0030,0.0047,-0.0081,0.0048,0.0480,-0.0084,0.0069,0.0000,0.0516,0.0000,2.0000,-6.2208,-11.0466
103516367,0.0011,0.0013,-0.0095,0.0082,0.0097,0.0026,0.0042,-0.0073,0.0048,0.0481,-0.0090,0.0075,0.0000,0.0516,0.0000,2.0000,-6.2205,-11.0466
103521366,0.0010,0.0011,-0.0095,0.0086,0.0121,0.0021,0.0038,-0.0064,0.0047,0.0481,-0.0090,0.0078,0.0000,0.0516,0.0000,2.0000,-6.2203,-11.0466
103526366,0.0010,0.0009,-0.0082,0.0116,0.0142,0.0022,0.0036,-0.0063,0.0047,0.0482,-0.0078,0.0108,0.0000,0.0516,0.0000,2.0000,-6.2200,-11.0466
103531366,0.0010,0.0007,-0.0104,0.0140,0.0188,0.0018,0.0034,-0.0059,0.0047,0.0482,-0.0099,0.0133,0.0000,0.0516,0.0000,2.0000,-6.2198,-11.0466
103536367,0.0011,0.0005,-0.0089,0.0168,0.0185,0.0023,0.0031,-0.0061,0.0046,0.0483,-0.0084,0.0160,0.0000,0.0516,0.0000,2.0000,-6.2195,-11.0466
103541366,0.0010,0.0008,-0.0089,0.0174,0.0188,0.0021,0.0041,-0.0068,0.0046,0.0484,-0.0084,0.0166,0.0000,0.0516,0.0000,2.0000,-6.2193,-11.0466
103546366,0.0010,0.0010,-0.0092,0.0159,0.0240,0.0020,0.0045,-0.0074,0.0045,0.0485,-0.0087,0.0151,0.0000,0.0516,0.0000,2.0000,-6.2190,-11.0466
103551366,0.0010,0.0012,-0.0092,0.0177,0.0283,0.0020,0.0055,-0.0086,0.0045,0.0486,-0.0087,0.0169,0.0000,0.0516,0.0000,2.0000,-6.2188,-11.0466
103556366,0.0010,0.0014,-0.0082,0.0177,0.0319,0.0022,0.0061,-0.0095,0.0044,0.0486,-0.0078,0.0169,0.0000,0.0516,0.0000,2.0000,-6.2185,-11.0466
103561366,0.0010,0.0016,-0.0098,0.0137,0.0374,0.0018,0.0063,-0.0095,0.0044,0.0487,-0.0093,0.0130,0.0000,0.0516,0.0000,2.0000,-6.2182,-11.0466
103566367,0.0010,0.0018,-0.0104,0.0119,0.0411,0.0016,0.0067,-0.0099,0.0044,0.0488,-0.0099,0.0111,0.0000,0.0516,0.0000,2.0000,-6.2179,-11.0466
103571366,0.0010,0.0020,-0.0098,0.0101,0.0463,0.0017,0.0069,-0.0104,0.0043,0.0488,-0.0093,0.0093,0.0000,0.0516,0.0000,2.0000,-6.2177,-11.0466
103576367,0.0010,0.0022,-0.0107,0.0101,0.0512,0.0015,0.0076,-0.0110,0.0043,0.0489,-0.0102,0.0093,0.0000,0.0516,0.0000,2.0000,-6.2174,-11.0466
103581365,0.0010,0.0024,-0.0116,0.0098,0.0524,0.0013,0.0082,-0.0115,0.0042,0.0489,-0.0112,0.0090,0.0000,0.0516,0.0000,2.0000,-6.2172,-11.0466
103586367,0.0010,0.0026,-0.0107,0.0104,0.0542,0.0012,0.0090,-0.0122,0.0041,0.0490,-0.0102,0.0096,0.0000,0.0516,0.0000,2.0000,-6.2169,-11.0466
103591366,0.0008,0.0025,-0.0098,0.0134,0.0539,0.0005,0.0096,-0.0122,0.0041,0.0490,-0.0093,0.0127,0.0000,0.0516,0.0000,2.0000,-6.2167,-11.0466
103596366,0.0009,0.0024,-0.0098,0.0134,0.0558,0.0009,0.0089,-0.0120,0.0041,0.0491,-0.0093,0.0127,0.0000,0.0516,0.0000,2.0000,-6.2164,-11.0466
103601366,0.0006,0.0024,-0.0144,0.0150,0.0555,-0.0009,0.0103,-0.0116,0.0040,0.0492,-0.0139,0.0142,0.0000,0.0516,0.0000,2.0000,-6.2162,-11.0466
103606367,0.0006,0.0027,-0.0140,0.0150,0.0552,-0.0009,0.0111,-0.0123,0.0039,0.0492,-0.0136,0.0142,0.0000,0.0516,0.0000,2.0000,-6.2159,-11.0466
103611366,0.0006,0.0029,-0.0128,0.0165,0.0542,-0.0006,0.0119,-0.0134,0.0039,0.0493,-0.0124,0.0157,0.0000,0.0516,0.0000,2.0000,-6.2157,-11.0466
103616366,0.0007,0.0031,-0.0101,0.0147,0.0546,0.0000,0.0120,-0.0142,0.0038,0.0494,-0.0096,0.0139,0.0000,0.0516,0.0000,2.0000,-6.2153,-11.0466
103621366,0.0007,0.0033,-0.0113,0.0104,0.0497,-0.0001,0.0121,-0.0139,0.0038,0.0494,-0.0109,0.0096,0.0000,0.0516,0.0000,2.0000,-6.2151,-11.0466
103626367,0.0007,0.0034,-0.0128,0.0070,0.0466,-0.0002,0.0123,-0.0138,0.0037,0.0495,-0.0124,0.0063,0.0000,0.0516,0.0000,2.0000,-6.2148,-11.0466
103631366,0.0007,0.0036,-0.0137,0.0027,0.0439,-0.0002,0.0120,-0.0136,0.0036,0.0495,-0.0133,0.0020,0.0000,0.0516,0.0000,2.0000,-6.2146,-11.0466
103636366,0.0008,0.0037,-0.0150,0.0031,0.0396,-0.0002,0.0126,-0.0140,0.0036,0.0495,-0.0145,0.0023,0.0000,0.0516,0.0000,2.0000,-6.2143,-11.0466
103641366,0.0006,0.0035,-0.0147,0.0024,0.0347,-0.0007,0.0121,-0.0128,0.0035,0.0495,-0.0142,0.0017,0.0000,0.0516,0.0000,2.0000,-6.2141,-11.0466
103646366,0.0005,0.0033,-0.0144,0.0024,0.0292,-0.0010,0.0116,-0.0117,0.0034,0.0495,-0.0139,0.0017,0.0000,0.0516,0.0000,2.0000,-6.2138,-11.0466
103651366,0.0004,0.0030,-0.0144,0.0034,0.0234,-0.0014,0.0113,-0.0108,0.0033,0.0495,-0.0139,0.0026,0.0000,0.0516,0.0000,2.0000,-6.2136,-11.0466
103656366,0.0003,0.0028,-0.0150,0.0049,0.0185,-0.0019,0.0111,-0.0099,0.0033,0.0495,-0.0145,0.0041,0.0000,0.0516,0.0000,2.0000,-6.2133,-11.0466
103661366,0.0001,0.0026,-0.0131,0.0079,0.0142,-0.0021,0.0112,-0.0096,0.0032,0.0496,-0.0127,0.0072,0.0000,0.0516,0.0000,2.0000,-6.2131,-11.0466
103666366,-0.0000,0.0025,-0.0125,0.0104,0.0087,-0.0026,0.0113,-0.0091,0.0031,0.0496,-0.0121,0.0096,0.0000,0.0516,0.0000,2.0000,-6.2128,-11.0466
103671366,-0.0001,0.0026,-0.0134,0.0086,0.0005,-0.0028,0.0119,-0.0092,0.0031,0.0496,-0.0130,0.0078,0.0000,0.0516,0.0000,2.0000,-6.2126,-11.0466
103676366,-0.0001,0.0028,-0.0125,0.0092,-0.0010,-0.0029,0.0127,-0.0098,0.0030,0.0497,-0.0121,0.0084,0.0000,0.0516,0.0000,2.0000,-6.2122,-11.0466
103681366,-0.0001,0.0030,-0.0110,0.0061,-0.0020,-0.0025,0.0126,-0.0100,0.0030,0.0497,-0.0106,0.0053,0.0000,0.0516,0.0000,2.0000,-6.2120,-11.0466
103686366,-0.0001,0.0031,-0.0119,0.0049,-0.0041,-0.0027,0.0132,-0.0103,0.0029,0.0497,-0.0115,0.0041,0.0000,0.0516,0.0000,2.0000,-6.2117,-11.0466
103691365,-0.0002,0.0033,-0.0119,0.0043,-0.0059,-0.0029,0.0138,-0.0107,0.0028,0.0498,-0.0119,0.0043,0.0000,0.0000,0.0000,2.0000,-6.2127,-11.0466
103696365,-0.0000,0.0033,-0.0128,0.0024,-0.0056,-0.0024,0.0133,-0.0106,0.0028,0.0498,-0.0128,0.0024,0.0000,0.0000,0.0000,2.0000,-6.2127,-11.0466
103701365,-0.0001,0.0031,-0.0119,0.0043,-0.0068,-0.0027,0.0130,-0.0100,0.0027,0.0498,-0.0119,0.0043,0.0000,0.0000,0.0000,2.0000,-6.2127,-11.0466
103706365,-0.0002,0.0029,-0.0122,0.0031,-0.0071,-0.0030,0.0121,-0.0088,0.0027,0.0498,-0.0122,0.0031,0.0000,0.0000,0.0000,2.0000,-6.2127,-11.0466
103711366,-0.0002,0.0026,-0.0131,0.0040,-0.0078,-0.0034,0.0116,-0.0079,0.0026,0.0498,-0.0131,0.0040,0.0000,0.0000,0.0000,2.0000,-6.2127,-11.0466
103716366,-0.0003,0.0024,-0.0107,0.0089,-0.0087,-0.0030,0.0115,-0.0082,0.0025,0.0499,-0.0107,0.0089,0.0000,0.0000,0.0000,2.0000,-6.2127,-11.0466
103721366,-0.0002,0.0022,-0.0107,0.0086,-0.0105,-0.0028,0.0107,-0.0075,0.0025,0.0499,-0.0107,0.0086,0.0000,0.0000,0.0000,2.0000,-6.2127,-11.0466
103726365,-0.0001,0.0020,-0.0113,0.0116,-0.0130,-0.0026,0.0105,-0.0074,0.0024,0.0500,-0.0113,0.0116,0.0000,0.0000,0.0000,2.0000,-6.2127,-11.0466
103731366,0.0000,0.0019,-0.0125,0.0119,-0.0160,-0.0022,0.0101,-0.0073,0.0024,0.0500,-0.0125,0.0119,0.0000,0.0000,0.0000,2.0000,-6.2127,-11.0466
103736366,0.0001,0.0021,-0.0153,0.0119,-0.0151,-0.0023,0.0106,-0.0078,0.0023,0.0501,-0.0153,0.0119,0.0000,0.0000,0.0000,2.0000,-6.2127,-11.0466
103741366,0.0002,0.0022,-0.0156,0.0104,-0.0172,-0.0019,0.0107,-0.0081,0.0022,0.0501,-0.0156,0.0104,0.0000,0.0000,0.0000,2.0000,-6.2127,-11.0466
103746366,0.0002,0.0024,-0.0153,0.0107,-0.0178,-0.0019,0.0114,-0.0088,0.0021,0.0502,-0.0153,0.0107,0.0000,0.0000,0.0000,2.0000,-6.2127,-11.0466
103751365,0.0002,0.0026,-0.0159,0.0082,-0.0175,-0.0020,0.0117,-0.0090,0.0021,0.0502,-0.0159,0.0082,0.0000,0.0000,0.0000,2.0000,-6.2127,-11.0466
103756366,0.0002,0.0027,-0.0153,0.0055,-0.0203,-0.0020,0.0118,-0.0091,0.0020,0.0503,-0.0153,0.0055,0.0000,0.0000,0.0000,2.0000,-6.2127,-11.0466
103761366,0.0001,0.0029,-0.0156,0.0037,-0.0181,-0.0024,0.0122,-0.0091,0.0019,0.0503,-0.0156,0.0037,0.0000,0.0000,0.0000,2.0000,-6.2127,-11.0466
103766366,0.0000,0.0030,-0.0144,-0.0018,-0.0178,-0.0025,0.0118,-0.0086,0.0018,0.0503,-0.0144,-0.0018,0.0000,0.0000,0.0000,2.0000,-6.2127,-11.0466
103771366,-0.0001,0.0031,-0.0134,-0.0021,-0.0157,-0.0028,0.0122,-0.0088,0.0018,0.0503,-0.0134,-0.0021,0.0000,0.0000,0.0000,2.0000,-6.2127,-11.0466
103776366,-0.0003,0.0032,-0.0131,0.0009,-0.0151,-0.0035,0.0133,-0.0092,0.0017,0.0503,-0.0131,0.0009,0.0000,0.0000,0.0000,2.0000,-6.2127,-11.0466
103781366,-0.0005,0.0033,-0.0107,0.0024,-0.0123,-0.0038,0.0139,-0.0096,0.0017,0.0503,-0.0107,0.0024,0.0000,0.0000,0.0000,2.0000,-6.2127,-11.0466
103786366,-0.0003,0.0031,-0.0116,0.0021,-0.0093,-0.0035,0.0131,-0.0093,0.0016,0.0503,-0.0116,0.0021,0.0000,0.0000,0.0000,2.0000,-6.2127,-11.0466
103791366,-0.0002,0.0031,-0.0131,0.0031,-0.0078,-0.0031,0.0130,-0.0096,0.0015,0.0503,-0.0131,0.0031,0.0000,0.0000,0.0000,2.0000,-6.2127,-11.0466
103796365,-0.0000,0.0031,-0.0137,0.0021,-0.0065,-0.0026,0.0126,-0.0097,0.0015,0.0503,-0.0137,0.0021,0.0000,0.0000,0.0000,2.0000,-6.2127,-11.0466
103801365,0.0001,0.0032,-0.0147,0.0034,-0.0026,-0.0025,0.0131,-0.0104,0.0014,0.0503,-0.0147,0.0034,0.0000,0.0000,0.0000,2.0000,-6.2127,-11.0466
103806365,0.0001,0.0034,-0.0162,0.0034,0.0020,-0.0027,0.0135,-0.0109,0.0013,0.0503,-0.0162,0.0034,0.0000,0.0000,0.0000,2.0000,-6.2127,-11.0466
103811366,0.0002,0.0035,-0.0159,0.0009,0.0103,-0.0026,0.0133,-0.0112,0.0012,0.0504,-0.0159,0.0009,0.0000,0.0000,0.0000,2.0000,-6.2127,-11.0466
103816366,0.0002,0.0036,-0.0162,0.0018,0.0155,-0.0025,0.0137,-0.0119,0.0011,0.0504,-0.0162,0.0018,0.0000,0.0000,0.0000,2.0000,-6.2127,-11.0466
103821365,0.0002,0.0037,-0.0177,0.0027,0.0210,-0.0029,0.0145,-0.0124,0.0011,0.0504,-0.0177,0.0027,0.0000,0.0000,0.0000,2.0000,-6.2127,-11.0466
103826366,0.0001,0.0039,-0.0177,0.0018,0.0240,-0.0034,0.0150,-0.0125,0.0010,0.0504,-0.0177,0.0018,0.0000,0.0000,0.0000,2.0000,-6.2127,-11.0466
103831366,-0.0001,0.0040,-0.0168,0.0021,0.0274,-0.0041,0.0157,-0.0126,0.0009,0.0504,-0.0168,0.0021,0.0000,0.0000,0.0000,2.0000,-6.2127,-11.0466
103836365,-0.0001,0.0041,-0.0147,0.0027,0.0298,-0.0034,0.0158,-0.0135,0.0008,0.0504,-0.0147,0.0027,0.0000,0.0000,0.0000,2.0000,-6.2127,-11.0466
103841365,0.0001,0.0041,-0.0174,0.0018,0.0307,-0.0035,0.0158,-0.0135,0.0007,0.0504,-0.0174,0.0018,0.0000,0.0000,0.0000,2.0000,-6.2127,-11.0466
103846366,-0.0000,0.0043,-0.0165,0.0009,0.0329,-0.0037,0.0162,-0.0138,0.0006,0.0504,-0.0165,0.0009,0.0000,0.0000,0.0000,2.0000,-6.2127,-11.0466
103851366,-0.0003,0.0043,-0.0183,0.0009,0.0332,-0.0050,0.0169,-0.0132,0.0005,0.0504,-0.0183,0.0009,0.0000,0.0000,0.0000,2.0000,-6.2127,-11.0466
103856366,-0.0005,0.0042,-0.0186,-0.0003,0.0338,-0.0062,0.0171,-0.0122,0.0005,0.0504,-0.0186,-0.0003,0.0000,0.0000,0.0000,2.0000,-6.2127,-11.0466
103861366,-0.0007,0.0044,-0.0171,0.0015,0.0335,-0.0065,0.0180,-0.0128,0.0004,0.0504,-0.0171,0.0015,0.0000,0.0000,0.0000,2.0000,-6.2127,-11.0466
103866366,-0.0006,0.0042,-0.0195,-0.0009,0.0338,-0.0065,0.0170,-0.0117,0.0003,0.0504,-0.0195,-0.0009,0.0000,0.0000,0.0000,2.0000,-6.2127,-11.0466
103871366,-0.0005,0.0041,-0.0208,0.0006,0.0329,-0.0063,0.0169,-0.0119,0.0002,0.0504,-0.0208,0.0006,0.0000,0.0000,0.0000,2.0000,-6.2127,-11.0466
103876366,-0.0007,0.0042,-0.0208,-0.0021,0.0326,-0.0071,0.0171,-0.0112,0.0001,0.0504,-0.0208,-0.0021,0.0000,0.0000,0.0000,2.0000,-6.2127,-11.0466
103881366,-0.0009,0.0042,-0.0183,-0.0003,0.0350,-0.0077,0.0176,-0.0113,-0.0000,0.0504,-0.0183,-0.0003,0.0000,0.0000,0.0000,2.0000,-6.2127,-11.0466
103886366,-0.0012,0.0042,-0.0192,-0.0027,0.0347,-0.0088,0.0179,-0.0104,-0.0001,0.0504,-0.0192,-0.0027,0.0000,0.0000,0.0000,2.0000,-6.2127,-11.0466
103891366,-0.0014,0.0042,-0.0174,-0.0040,0.0350,-0.0094,0.0179,-0.0098,-0.0002,0.0504,-0.0174,-0.0040,0.0000,0.0000,0.0000,2.0000,-6.2127,-11.0466
103896366,-0.0014,0.0043,-0.0189,-0.0040,0.0344,-0.0098,0.0185,-0.0100,-0.0003,0.0504,-0.0189,-0.0040,0.0000,0.0000,0.0000,2.0000,-6.2127,-11.0466
103901366,-0.0017,0.0042,-0.0195,-0.0046,0.0356,-0.0110,0.0185,-0.0089,-0.0004,0.0503,-0.0195,-0.0046,0.0000,0.0000,0.0000,2.0000,-6.2127,-11.0466
103906366,-0.0020,0.0041,-0.0211,-0.0064,0.0319,-0.0124,0.0187,-0.0076,-0.0005,0.0503,-0.0211,-0.0064,0.0000,0.0000,0.0000,2.0000,-6.2127,-11.0466
103911366,-0.0022,0.0040,-0.0192,-0.0064,0.0298,-0.0130,0.0187,-0.0068,-0.0006,0.0503,-0.0192,-0.0064,0.0000,0.0000,0.0000,2.0000,-6.2127,-11.0466
103916366,-0.0025,0.0038,-0.0189,-0.0082,0.0289,-0.0139,0.0181,-0.0053,-0.0007,0.0502,-0.0189,-0.0082,0.0000,0.0000,0.0000,2.0000,-6.2127,-11.0466
103921366,-0.0027,0.0035,-0.0180,-0.0082,0.0274,-0.0145,0.0176,-0.0041,-0.0008,0.0502,-0.0180,-0.0082,0.0000,0.0000,0.0000,2.0000,-6.2127,-11.0466
103926365,-0.0028,0.0032,-0.0180,-0.0092,0.0243,-0.0150,0.0167,-0.0027,-0.0009,0.0502,-0.0180,-0.0092,0.0000,0.0000,0.0000,2.0000,-6.2127,-11.0466
103931365,-0.0029,0.0029,-0.0180,-0.0086,0.0191,-0.0153,0.0160,-0.0015,-0.0010,0.0501,-0.0180,-0.0086,0.0000,0.0000,0.0000,2.0000,-6.2127,-11.0466
103936366,-0.0030,0.0026,-0.0174,-0.0082,0.0130,-0.0155,0.0153,-0.0003,-0.0011,0.0501,-0.0174,-0.0082,0.0000,0.0000,0.0000,2.0000,-6.2127,-11.0466
103941366,-0.0031,0.0024,-0.0180,-0.0082,0.0090,-0.0162,0.0147,0.0011,-0.0011,0.0500,-0.0180,-0.0082,0.0000,0.0000,0.0000,2.0000,-6.2127,-11.0466
103946366,-0.0033,0.0021,-0.0186,-0.0064,0.0023,-0.0168,0.0145,0.0022,-0.0012,0.0500,-0.0177,-0.0064,-0.0563,0.0000,0.0000,1.9989,-6.2127,-11.0466
103951366,-0.0035,0.0019,-0.0153,-0.0031,-0.0007,-0.0168,0.0144,0.0025,-0.0013,0.0500,-0.0143,-0.0031,-0.0563,0.0000,0.0000,1.9985,-6.2127,-11.0466
103956366,-0.0037,0.0016,-0.0150,-0.0003,-0.0004,-0.0175,0.0144,0.0031,-0.0014,0.0500,-0.0140,-0.0003,-0.0563,0.0000,0.0000,1.9983,-6.2127,-11.0466
103961366,-0.0038,0.0014,-0.0140,-0.0003,0.0014,-0.0179,0.0138,0.0041,-0.0014,0.0500,-0.0131,-0.0003,-0.0563,0.0000,0.0000,1.9980,-6.2127,-11.0466
103966366,-0.0040,0.0012,-0.0125,0.0006,0.0038,-0.0184,0.0135,0.0047,-0.0015,0.0500,-0.0116,0.0006,-0.0563,0.0000,0.0000,1.9977,-6.2127,-11.0466
103971366,-0.0042,0.0011,-0.0144,0.0012,0.0051,-0.0196,0.0137,0.0057,-0.0016,0.0500,-0.0134,0.0012,-0.0563,0.0000,0.0000,1.9974,-6.2127,-11.0466
103976366,-0.0044,0.0010,-0.0140,0.0027,0.0035,-0.0202,0.0139,0.0062,-0.0016,0.0500,-0.0098,0.0027,-0.2444,0.0000,0.0000,1.9934,-6.2127,-11.0466
103981366,-0.0047,0.0009,-0.0110,0.0009,0.0014,-0.0184,0.0126,0.0058,-0.0015,0.0500,0.0199,0.0009,-1.7961,0.0000,0.0000,1.9549,-6.2127,-11.0466
103986366,-0.0049,0.0008,-0.0137,0.0012,0.0038,-0.0199,0.0130,0.0068,-0.0014,0.0500,0.0172,0.0012,-1.7961,0.0000,0.0000,1.9477,-6.2127,-11.0466
103991366,-0.0047,0.0007,-0.0116,0.0006,-0.0111,-0.0188,0.0121,0.0071,-0.0013,0.0500,0.0193,0.0006,-1.7961,0.0000,0.0000,1.9369,-6.2127,-11.0466
103996366,-0.0048,0.0006,0.0150,0.0003,-0.0456,-0.0136,0.0099,0.0054,-0.0011,0.0500,0.0459,0.0003,-1.7961,0.0000,0.0000,1.9297,-6.2127,-11.0466
104001366,-0.0048,0.0006,0.0342,0.0000,-0.0551,-0.0099,0.0080,0.0040,-0.0008,0.0500,0.0633,-0.0000,-1.6892,0.0000,0.0000,1.9213,-6.2127,-11.0466
104006366,-0.0048,0.0006,0.0473,-0.0067,-0.0762,-0.0068,0.0057,0.0040,-0.0004,0.0500,0.0764,-0.0068,-1.6892,0.0000,0.0000,1.9146,-6.2127,-11.0466
104011366,-0.0044,0.0006,0.0568,-0.0131,-0.0777,-0.0034,0.0032,0.0032,0.0000,0.0499,0.0859,-0.0132,-1.6892,0.0000,0.0000,1.9045,-6.2127,-11.0466
104016366,-0.0039,0.0006,0.0593,-0.0171,-0.0777,-0.0009,0.0011,0.0028,0.0005,0.0498,0.0883,-0.0171,-1.6892,0.0000,0.0000,1.8977,-6.2127,-11.0466
104021366,-0.0036,0.0006,0.0574,-0.0266,-0.0847,-0.0001,-0.0007,0.0041,0.0009,0.0497,0.0865,-0.0266,-1.6892,0.0000,0.0000,1.8876,-6.2127,-11.0466
104026366,-0.0035,0.0004,0.0522,-0.0305,-0.0808,-0.0008,-0.0017,0.0056,0.0013,0.0495,0.0813,-0.0306,-1.6892,0.0000,0.0000,1.8808,-6.2127,-11.0466
104031365,-0.0031,0.0000,0.0461,-0.0330,-0.0750,-0.0007,-0.0036,0.0072,0.0017,0.0494,0.0723,-0.0330,-1.5230,0.0000,0.0000,1.8741,-6.2127,-11.0466
104036365,-0.0027,-0.0003,0.0345,-0.0278,-0.0685,-0.0019,-0.0033,0.0078,0.0019,0.0492,0.0560,-0.0278,-1.2462,0.0000,0.0000,1.8741,-6.2127,-11.0466
104041366,-0.0025,-0.0005,0.0165,-0.0122,-0.0710,-0.0046,-0.0001,0.0074,0.0021,0.0492,0.0322,-0.0122,-0.9139,0.0000,0.0000,1.8743,-6.2127,-11.0466
104046366,-0.0023,-0.0007,-0.0107,-0.0015,-0.0753,-0.0095,0.0035,0.0089,0.0021,0.0492,0.0022,-0.0015,-0.7478,0.0000,0.0000,1.8742,-6.2127,-11.0466
104051366,-0.0024,-0.0009,-0.0162,0.0070,-0.0768,-0.0111,0.0050,0.0091,0.0021,0.0492,-0.0062,0.0070,-0.5817,0.0000,0.0000,1.8736,-6.2127,-11.0466
104056366,-0.0026,-0.0011,-0.0195,0.0107,-0.0838,-0.0125,0.0058,0.0099,0.0020,0.0493,-0.0114,0.0107,-0.4709,0.0000,0.0000,1.8738,-6.2127,-11.0466
104061366,-0.0028,-0.0010,-0.0165,0.0137,-0.0805,-0.0130,0.0069,0.0092,0.0020,0.0493,-0.0103,0.0137,-0.3602,0.0000,0.0000,1.8736,-6.2127,-11.0466
104066366,-0.0030,-0.0009,-0.0104,0.0131,-0.0716,-0.0128,0.0069,0.0087,0.0020,0.0494,-0.0051,0.0131,-0.3048,0.0000,0.0000,1.8734,-6.2127,-11.0466
104071366,-0.0032,-0.0008,-0.0061,0.0067,-0.0685,-0.0129,0.0060,0.0095,0.0019,0.0494,-0.0028,0.0067,-0.1940,0.0000,0.0000,1.8742,-6.2127,-11.0466
104076366,-0.0033,-0.0008,0.0009,-0.0015,-0.0670,-0.0122,0.0043,0.0104,0.0020,0.0494,0.0043,-0.0015,-0.1940,0.0000,0.0000,1.8735,-6.2127,-11.0466
104081366,-0.0034,-0.0008,0.0110,-0.0064,-0.0630,-0.0107,0.0027,0.0104,0.0020,0.0494,0.0134,-0.0064,-0.1387,0.0000,0.0000,1.8737,-6.2127,-11.0466
104086366,-0.0035,-0.0009,0.0186,-0.0098,-0.0459,-0.0094,0.0015,0.0097,0.0022,0.0494,0.0248,-0.0015,-0.0833,0.0000,0.5538,1.8744,-6.2127,-11.0352
104091366,-0.0036,-0.0011,0.0214,-0.0113,-0.0450,-0.0081,0.0014,0.0084,0.0024,0.0495,0.0404,0.0193,-0.0833,0.0000,2.0491,1.8739,-6.2127,-10.9997
104096366,-0.0033,-0.0013,0.0208,-0.0089,-0.0432,-0.0072,0.0004,0.0084,0.0026,0.0496,0.0398,0.0217,-0.0833,0.0000,2.0491,1.8735,-6.2127,-10.9874
104101366,-0.0031,-0.0016,0.0177,-0.0043,-0.0346,-0.0072,0.0001,0.0084,0.0027,0.0497,0.0353,0.0263,0.0000,0.0000,2.0491,1.8745,-6.2127,-10.9792
104106366,-0.0029,-0.0018,0.0156,-0.0027,-0.0282,-0.0070,-0.0008,0.0088,0.0029,0.0499,0.0332,0.0278,0.0000,0.0000,2.0491,1.8745,-6.2127,-10.9669
104111366,-0.0029,-0.0021,0.0131,0.0003,-0.0184,-0.0077,-0.0009,0.0093,0.0030,0.0500,0.0303,0.0302,0.0000,0.0000,2.0002,1.8745,-6.2127,-10.9597
104116366,-0.0030,-0.0021,0.0110,0.0043,-0.0123,-0.0089,-0.0005,0.0100,0.0032,0.0501,0.0240,0.0269,0.0000,0.0000,1.5120,1.8745,-6.2127,-10.9591
104121366,-0.0031,-0.0020,0.0113,0.0034,-0.0117,-0.0093,-0.0005,0.0102,0.0033,0.0502,0.0218,0.0216,0.0000,0.0000,1.2191,1.8745,-6.2127,-10.9595
104126365,-0.0032,-0.0020,0.0116,0.0049,-0.0065,-0.0098,-0.0002,0.0102,0.0034,0.0503,0.0191,0.0180,0.0000,0.0000,0.8773,1.8745,-6.2127,-10.9600
104131366,-0.0032,-0.0019,0.0128,0.0031,0.0045,-0.0099,-0.0004,0.0101,0.0035,0.0504,0.0191,0.0140,0.0000,0.0000,0.7308,1.8745,-6.2127,-10.9597
104136366,-0.0032,-0.0018,0.0171,0.0003,0.0213,-0.0093,-0.0011,0.0096,0.0036,0.0505,0.0238,0.0119,0.0000,0.0000,0.7796,1.8745,-6.2127,-10.9540
104141366,-0.0032,-0.0017,0.0171,0.0012,0.0225,-0.0095,-0.0006,0.0092,0.0037,0.0505,0.0238,0.0129,0.0000,0.0000,0.7796,1.8745,-6.2127,-10.9509
104146366,-0.0032,-0.0020,0.0150,-0.0052,0.0271,-0.0099,-0.0025,0.0114,0.0038,0.0506,0.0217,0.0064,0.0000,0.0000,0.7796,1.8745,-6.2127,-10.9462
104151366,-0.0032,-0.0019,0.0156,-0.0049,0.0521,-0.0099,-0.0025,0.0104,0.0039,0.0506,0.0223,0.0068,0.0000,0.0000,0.7796,1.8745,-6.2127,-10.9431
104156366,-0.0031,-0.0021,0.0171,0.0003,0.0753,-0.0097,-0.0031,0.0099,0.0040,0.0507,0.0238,0.0119,0.0000,0.0000,0.7796,1.8745,-6.2127,-10.9385
104161366,-0.0030,-0.0023,0.0223,0.0037,0.0744,-0.0084,-0.0040,0.0095,0.0042,0.0507,0.0290,0.0153,0.0000,0.0000,0.7796,1.8745,-6.2127,-10.9353
104166366,-0.0030,-0.0025,0.0269,0.0113,0.0735,-0.0071,-0.0034,0.0077,0.0044,0.0509,0.0372,0.0292,0.0000,0.0000,1.1992,1.8745,-6.2127,-10.9221
104171366,-0.0029,-0.0026,0.0308,0.0208,0.0839,-0.0061,-0.0030,0.0059,0.0046,0.0511,0.0412,0.0387,0.0000,0.0000,1.1992,1.8745,-6.2127,-10.9173
104176366,-0.0029,-0.0024,0.0379,0.0260,0.0961,-0.0047,-0.0025,0.0035,0.0048,0.0513,0.0482,0.0439,0.0000,0.0000,1.1992,1.8745,-6.2127,-10.9101
104181365,-0.0026,-0.0022,0.0437,0.0247,0.0762,-0.0024,-0.0025,0.0020,0.0051,0.0515,0.0540,0.0426,0.0000,0.0000,1.1992,1.8745,-6.2127,-10.9053
104186366,-0.0024,-0.0019,0.0431,0.0232,0.0668,-0.0012,-0.0023,0.0010,0.0054,0.0517,0.0534,0.0411,0.0000,0.0000,1.1992,1.8745,-6.2127,-10.8981
104191366,-0.0020,-0.0018,0.0421,0.0156,0.0747,-0.0000,-0.0038,0.0009,0.0056,0.0519,0.0525,0.0335,0.0000,0.0000,1.1992,1.8745,-6.2127,-10.8933
104196366,-0.0016,-0.0016,0.0342,0.0086,0.0781,-0.0002,-0.0045,0.0017,0.0058,0.0520,0.0445,0.0264,0.0000,0.0000,1.1992,1.8745,-6.2127,-10.8861
104201366,-0.0013,-0.0015,0.0275,0.0027,0.0665,-0.0001,-0.0049,0.0025,0.0060,0.0521,0.0378,0.0206,0.0000,0.0000,1.1992,1.8745,-6.2127,-10.8813
104206366,-0.0010,-0.0015,0.0244,-0.0058,0.0533,0.0006,-0.0063,0.0037,0.0062,0.0522,0.0343,0.0113,0.0000,0.0000,1.1440,1.8745,-6.2127,-10.8753
104211366,-0.0008,-0.0015,0.0195,-0.0122,0.0533,0.0001,-0.0080,0.0059,0.0063,0.0521,0.0212,-0.0094,0.0000,0.0000,0.1919,1.8745,-6.2127,-10.8909
104216366,-0.0005,-0.0017,0.0162,-0.0189,0.0585,-0.0004,-0.0113,0.0095,0.0063,0.0519,0.0049,-0.0385,0.0000,0.0000,-1.3109,1.8745,-6.2127,-10.9263
104221366,-0.0003,-0.0021,0.0137,-0.0180,0.0561,-0.0003,-0.0124,0.0106,0.0063,0.0517,0.0025,-0.0376,0.0000,0.0000,-1.3109,1.8745,-6.2127,-10.9316
104226366,-0.0003,-0.0024,0.0171,-0.0150,0.0402,0.0006,-0.0131,0.0110,0.0064,0.0516,0.0058,-0.0345,0.0000,0.0000,-1.3109,1.8745,-6.2127,-10.9394
104231366,-0.0003,-0.0026,0.0241,-0.0040,0.0402,0.0021,-0.0129,0.0092,0.0064,0.0515,0.0129,-0.0235,0.0000,0.0000,-1.3109,1.8745,-6.2127,-10.9447
104236365,-0.0001,-0.0029,0.0281,0.0009,0.0408,0.0034,-0.0136,0.0087,0.0065,0.0514,0.0168,-0.0186,0.0000,0.0000,-1.3109,1.8745,-6.2127,-10.9525
104241365,0.0000,-0.0031,0.0336,0.0067,0.0347,0.0053,-0.0143,0.0077,0.0066,0.0513,0.0223,-0.0128,0.0000,0.0000,-1.3109,1.8745,-6.2127,-10.9578
104246366,0.0003,-0.0033,0.0339,0.0110,0.0240,0.0066,-0.0144,0.0069,0.0068,0.0513,0.0252,-0.0042,0.0000,0.0000,-1.0180,1.8745,-6.2127,-10.9589
104251366,0.0007,-0.0033,0.0333,0.0144,0.0182,0.0083,-0.0145,0.0055,0.0069,0.0513,0.0262,0.0021,0.0000,0.0000,-0.8227,1.8745,-6.2127,-10.9586
104256366,0.0010,-0.0032,0.0333,0.0150,0.0210,0.0098,-0.0145,0.0039,0.0070,0.0513,0.0279,0.0056,0.0000,0.0000,-0.6274,1.8745,-6.2127,-10.9590
104261367,0.0014,-0.0031,0.0308,0.0122,0.0216,0.0099,-0.0130,0.0023,0.0071,0.0514,0.0147,0.0259,0.0000,-1.3942,-0.4809,1.8745,-6.2428,-10.9583
104266366,0.0016,-0.0029,0.0272,0.0082,0.0161,0.0103,-0.0130,0.0021,0.0072,0.0516,0.0097,0.0272,0.0000,-1.6524,-0.3833,1.8745,-6.2545,-10.9589
104271367,0.0019,-0.0028,0.0238,0.0040,0.0069,0.0109,-0.0133,0.0021,0.0072,0.0517,0.0072,0.0244,0.0000,-1.6524,-0.2857,1.8745,-6.2644,-10.9583
104276366,0.0022,-0.0027,0.0199,-0.0064,0.0054,0.0112,-0.0149,0.0034,0.0072,0.0518,0.0036,0.0147,0.0000,-1.6524,-0.2368,1.8745,-6.2710,-10.9588
104281366,0.0025,-0.0027,0.0159,-0.0086,-0.0004,0.0117,-0.0153,0.0036,0.0072,0.0518,0.0001,0.0133,0.0000,-1.6524,-0.1880,1.8745,-6.2809,-10.9587
104286366,0.0027,-0.0027,0.0177,-0.0110,-0.0065,0.0133,-0.0163,0.0033,0.0072,0.0519,0.0023,0.0116,0.0000,-1.6524,-0.1392,1.8745,-6.2875,-10.9586
104291367,0.0028,-0.0027,0.0159,-0.0098,-0.0120,0.0130,-0.0154,0.0029,0.0072,0.0520,-0.0005,0.0160,0.0000,-1.8174,-0.0904,1.8745,-6.3014,-10.9582
104296366,0.0028,-0.0030,0.0211,-0.0137,-0.0172,0.0142,-0.0176,0.0041,0.0072,0.0520,0.0047,0.0120,0.0000,-1.8174,-0.0904,1.8745,-6.3086,-10.9587
104301367,0.0029,-0.0033,0.0235,-0.0147,-0.0352,0.0153,-0.0191,0.0051,0.0073,0.0521,0.0075,0.0119,0.0000,-1.8174,-0.0415,1.8745,-6.3195,-10.9581
104306366,0.0031,-0.0036,0.0257,-0.0125,-0.0655,0.0168,-0.0200,0.0057,0.0073,0.0522,0.0097,0.0140,0.0000,-1.8174,-0.0415,1.8745,-6.3268,-10.9583
104311367,0.0033,-0.0039,0.0214,-0.0009,-0.1061,0.0170,-0.0180,0.0051,0.0073,0.0523,0.0001,0.0300,0.1604,-2.1095,-0.0415,1.8778,-6.3447,-10.9585
104316366,0.0035,-0.0041,0.0250,0.0110,-0.1348,0.0166,-0.0159,0.0045,0.0072,0.0525,-0.0257,0.0418,1.8719,-2.1095,-0.0415,1.9159,-6.3532,-10.9587
104321367,0.0036,-0.0041,0.0232,0.0379,-0.1654,0.0166,-0.0111,0.0009,0.0070,0.0529,-0.0331,0.0687,2.1928,-2.1095,-0.0415,1.9354,-6.3658,-10.9589
104326366,0.0037,-0.0041,0.0327,0.0483,-0.1855,0.0193,-0.0105,-0.0017,0.0069,0.0533,-0.0223,0.0781,2.1928,-2.0040,0.0000,1.9441,-6.3721,-10.9581
104331367,0.0040,-0.0041,0.0370,0.0541,-0.1983,0.0219,-0.0109,-0.0034,0.0069,0.0536,-0.0135,0.0761,2.1928,-1.4764,0.0000,1.9573,-6.3718,-10.9581
104336366,0.0045,-0.0039,0.0452,0.0611,-0.2008,0.0258,-0.0109,-0.0072,0.0069,0.0541,0.0004,0.0831,1.8636,-1.4764,0.0000,1.9589,-6.3777,-10.9581
104341367,0.0050,-0.0036,0.0486,0.0648,-0.1877,0.0288,-0.0112,-0.0104,0.0069,0.0545,0.0127,0.0868,1.3464,-1.4764,0.0000,1.9581,-6.3866,-10.9581
104346366,0.0053,-0.0032,0.0428,0.0608,-0.1657,0.0288,-0.0108,-0.0116,0.0070,0.0549,0.0085,0.0828,1.2523,-1.4764,0.0000,1.9614,-6.3925,-10.9581
104351366,0.0056,-0.0030,0.0244,0.0565,-0.1483,0.0265,-0.0098,-0.0110,0.0069,0.0553,-0.0098,0.0785,1.2523,-1.4764,0.0000,1.9689,-6.4014,-10.9581
104356366,0.0059,-0.0028,0.0040,0.0489,-0.1531,0.0236,-0.0090,-0.0088,0.0068,0.0557,-0.0303,0.0709,1.2523,-1.4764,0.0000,1.9739,-6.4073,-10.9581
104361366,0.0059,-0.0026,-0.0357,0.0385,-0.1376,0.0160,-0.0066,-0.0041,0.0064,0.0560,-0.0700,0.0605,1.2523,-1.4764,0.0000,1.9814,-6.4161,-10.9581
104366366,0.0059,-0.0024,-0.0556,0.0443,-0.0762,0.0112,-0.0038,-0.0045,0.0060,0.0563,-0.0894,0.0655,1.2523,-1.4205,0.0000,1.9864,-6.4209,-10.9581
104371366,0.0056,-0.0025,-0.0785,0.0437,-0.0737,0.0053,-0.0016,-0.0009,0.0054,0.0566,-0.1161,0.0583,1.6467,-1.0289,-0.0488,2.0027,-6.4204,-10.9592
104376366,0.0050,-0.0024,-0.0770,0.0501,-0.0621,0.0034,0.0004,-0.0014,0.0048,0.0569,-0.1132,0.0622,1.6467,-0.8611,-0.0488,2.0092,-6.4209,-10.9595
104381366,0.0045,-0.0022,-0.0629,0.0467,-0.0572,0.0042,-0.0003,-0.0017,0.0043,0.0572,-0.0972,0.0555,1.6467,-0.6374,-0.0488,2.0191,-6.4209,-10.9597
104386366,0.0041,-0.0019,-0.0547,0.0428,-0.0551,0.0042,-0.0002,-0.0018,0.0039,0.0574,-0.0880,0.0498,1.6467,-0.5255,-0.0488,2.0257,-6.4209,-10.9600
104391366,0.0038,-0.0018,-0.0308,0.0379,-0.0640,0.0077,-0.0022,-0.0030,0.0036,0.0576,-0.0627,0.0425,1.6467,-0.3577,-0.0488,2.0356,-6.4203,-10.9602
104396366,0.0036,-0.0016,-0.0040,0.0263,-0.0783,0.0124,-0.0058,-0.0036,0.0034,0.0578,-0.0354,0.0300,1.6467,-0.3018,-0.0488,2.0422,-6.4206,-10.9605
104401366,0.0036,-0.0015,0.0244,0.0168,-0.0713,0.0179,-0.0099,-0.0053,0.0034,0.0579,-0.0037,0.0197,1.4852,-0.2459,-0.0488,2.0487,-6.4211,-10.9607
104406366,0.0037,-0.0014,0.0431,0.0061,-0.0594,0.0222,-0.0136,-0.0063,0.0035,0.0579,0.0201,0.0082,1.2159,-0.1899,-0.0488,2.0487,-6.4208,-10.9610
104411366,0.0041,-0.0013,0.0538,-0.0046,-0.0502,0.0263,-0.0174,-0.0070,0.0037,0.0579,0.0368,-0.0033,0.8928,-0.1340,-0.0488,2.0485,-6.4207,-10.9612
104416366,0.0046,-0.0013,0.0486,-0.0089,-0.0426,0.0273,-0.0189,-0.0068,0.0038,0.0579,0.0344,-0.0076,0.7312,-0.1340,-0.0488,2.0485,-6.4212,-10.9615
104421367,0.0050,-0.0015,0.0367,-0.0134,-0.0294,0.0267,-0.0202,-0.0054,0.0040,0.0578,0.0257,-0.0130,0.5697,-0.0781,-0.0488,2.0491,-6.4206,-10.9616
104426366,0.0054,-0.0017,0.0238,-0.0107,-0.0123,0.0256,-0.0201,-0.0050,0.0040,0.0577,0.0148,-0.0103,0.4620,-0.0781,-0.0488,2.0489,-6.4210,-10.9619
104431366,0.0056,-0.0018,0.0061,-0.0040,-0.0084,0.0233,-0.0186,-0.0044,0.0040,0.0577,-0.0004,-0.0047,0.3543,0.0000,-0.0488,2.0491,-6.4203,-10.9621
104436366,0.0058,-0.0020,-0.0061,0.0009,-0.0139,0.0218,-0.0175,-0.0038,0.0040,0.0577,-0.0108,0.0002,0.2465,0.0000,-0.0488,2.0482,-6.4203,-10.9624
104441365,0.0059,-0.0021,-0.0150,0.0070,-0.0093,0.0206,-0.0164,-0.0038,0.0039,0.0578,-0.0187,0.0063,0.1927,0.0000,-0.0488,2.0485,-6.4203,-10.9626
104446366,0.0059,-0.0023,-0.0180,0.0104,0.0038,0.0201,-0.0165,-0.0037,0.0038,0.0578,-0.0208,0.0097,0.1388,0.0000,-0.0488,2.0481,-6.4203,-10.9629
104451365,0.0058,-0.0025,-0.0162,0.0159,0.0130,0.0197,-0.0162,-0.0041,0.0037,0.0579,-0.0190,0.0152,0.1388,0.0000,-0.0488,2.0490,-6.4203,-10.9631
104456366,0.0056,-0.0025,-0.0144,0.0180,0.0133,0.0193,-0.0158,-0.0040,0.0036,0.0580,-0.0162,0.0173,0.0850,0.0000,-0.0488,2.0483,-6.4203,-10.9634
104461366,0.0054,-0.0024,-0.0037,0.0205,0.0249,0.0205,-0.0158,-0.0056,0.0036,0.0581,-0.0055,0.0197,0.0850,0.0000,-0.0488,2.0488,-6.4203,-10.9636
104466366,0.0053,-0.0022,0.0027,0.0168,0.0381,0.0213,-0.0164,-0.0063,0.0036,0.0581,0.0009,0.0161,0.0850,0.0000,-0.0488,2.0492,-6.4203,-10.9639
104471365,0.0056,-0.0023,0.0058,0.0144,0.0439,0.0230,-0.0179,-0.0068,0.0036,0.0582,0.0054,0.0136,0.0000,0.0000,-0.0488,2.0481,-6.4203,-10.9641
104476366,0.0058,-0.0022,0.0058,0.0137,0.0466,0.0240,-0.0183,-0.0075,0.0036,0.0583,0.0054,0.0130,0.0000,0.0000,-0.0488,2.0481,-6.4203,-10.9644
104481365,0.0061,-0.0022,0.0049,0.0137,0.0518,0.0247,-0.0189,-0.0078,0.0037,0.0583,0.0045,0.0130,0.0000,0.0000,-0.0488,2.0481,-6.4203,-10.9646
104486366,0.0063,-0.0023,0.0034,0.0144,0.0607,0.0253,-0.0194,-0.0082,0.0037,0.0584,0.0029,0.0136,0.0000,0.0000,-0.0488,2.0481,-6.4203,-10.9649
104491366,0.0066,-0.0023,0.0006,0.0122,0.0646,0.0256,-0.0202,-0.0079,0.0037,0.0585,0.0002,0.0115,0.0000,0.0000,-0.0488,2.0481,-6.4203,-10.9650
104496366,0.0068,-0.0024,-0.0027,0.0128,0.0634,0.0258,-0.0203,-0.0079,0.0037,0.0585,-0.0032,0.0121,0.0000,0.0000,-0.0488,2.0481,-6.4203,-10.9654
104501366,0.0070,-0.0025,-0.0061,0.0140,0.0604,0.0260,-0.0204,-0.0079,0.0036,0.0586,-0.0065,0.0133,0.0000,0.0000,-0.0488,2.0481,-6.4203,-10.9655
104506366,0.0072,-0.0025,-0.0061,0.0116,0.0643,0.0267,-0.0214,-0.0077,0.0036,0.0586,-0.0065,0.0109,0.0000,0.0000,-0.0488,2.0481,-6.4203,-10.9658
104511366,0.0073,-0.0026,-0.0079,0.0134,0.0659,0.0271,-0.0215,-0.0081,0.0036,0.0587,-0.0084,0.0127,0.0000,0.0000,-0.0488,2.0481,-6.4203,-10.9660
104516366,0.0074,-0.0027,-0.0082,0.0131,0.0619,0.0274,-0.0222,-0.0076,0.0035,0.0588,-0.0087,0.0124,0.0000,0.0000,-0.0488,2.0481,-6.4203,-10.9663
104521365,0.0076,-0.0028,-0.0098,0.0162,0.0610,0.0277,-0.0222,-0.0078,0.0035,0.0588,-0.0102,0.0155,0.0000,0.0000,-0.0488,2.0481,-6.4203,-10.9665
104526366,0.0077,-0.0029,-0.0116,0.0177,0.0637,0.0278,-0.0224,-0.0079,0.0034,0.0589,-0.0120,0.0170,0.0000,0.0000,-0.0488,2.0481,-6.4203,-10.9668
104531365,0.0078,-0.0030,-0.0107,0.0195,0.0674,0.0285,-0.0227,-0.0084,0.0033,0.0590,-0.0111,0.0188,0.0000,0.0000,-0.0488,2.0481,-6.4203,-10.9670
104536366,0.0080,-0.0031,-0.0147,0.0229,0.0668,0.0282,-0.0223,-0.0085,0.0033,0.0591,-0.0151,0.0222,0.0000,0.0000,-0.0488,2.0481,-6.4203,-10.9673
104541366,0.0081,-0.0031,-0.0165,0.0263,0.0662,0.0283,-0.0219,-0.0089,0.0032,0.0593,-0.0169,0.0255,0.0000,0.0000,-0.0488,2.0481,-6.4203,-10.9675
104546365,0.0082,-0.0031,-0.0189,0.0278,0.0674,0.0282,-0.0218,-0.0091,0.0031,0.0594,-0.0194,0.0271,0.0000,0.0000,-0.0488,2.0481,-6.4203,-10.9678
104551366,0.0082,-0.0032,-0.0226,0.0290,0.0707,0.0278,-0.0215,-0.0090,0.0030,0.0595,-0.0230,0.0283,0.0000,0.0000,-0.0488,2.0481,-6.4203,-10.9680
104556366,0.0083,-0.0032,-0.0263,0.0321,0.0698,0.0274,-0.0208,-0.0093,0.0028,0.0597,-0.0267,0.0313,0.0000,0.0000,-0.0488,2.0481,-6.4203,-10.9683
104561366,0.0084,-0.0032,-0.0272,0.0318,0.0671,0.0275,-0.0209,-0.0091,0.0027,0.0599,-0.0276,0.0310,0.0000,0.0000,-0.0488,2.0481,-6.4203,-10.9684
104566366,0.0085,-0.0031,-0.0290,0.0336,0.0668,0.0275,-0.0202,-0.0098,0.0026,0.0600,-0.0294,0.0329,0.0000,0.0000,-0.0488,2.0481,-6.4203,-10.9688
104571366,0.0085,-0.0031,-0.0290,0.0312,0.0634,0.0278,-0.0207,-0.0095,0.0024,0.0602,-0.0294,0.0304,0.0000,0.0000,-0.0488,2.0481,-6.4203,-10.9689
104576366,0.0082,-0.0030,-0.0266,0.0275,0.0597,0.0271,-0.0206,-0.0088,0.0023,0.0603,-0.0270,0.0268,0.0000,0.0000,-0.0488,2.0481,-6.4203,-10.9692
104581366,0.0080,-0.0028,-0.0266,0.0302,0.0558,0.0262,-0.0188,-0.0095,0.0021,0.0605,-0.0270,0.0295,0.0000,0.0000,-0.0488,2.0481,-6.4203,-10.9694
104586366,0.0078,-0.0029,-0.0266,0.0269,0.0521,0.0254,-0.0193,-0.0081,0.0020,0.0606,-0.0270,0.0262,0.0000,0.0000,-0.0488,2.0481,-6.4203,-10.9697
104591366,0.0077,-0.0030,-0.0223,0.0287,0.0466,0.0259,-0.0195,-0.0082,0.0019,0.0607,-0.0227,0.0280,0.0000,0.0000,-0.0488,2.0481,-6.4203,-10.9699
104596366,0.0076,-0.0031,-0.0208,0.0312,0.0371,0.0262,-0.0194,-0.0082,0.0018,0.0609,-0.0212,0.0304,0.0000,0.0000,-0.0488,2.0481,-6.4203,-10.9702
104601366,0.0077,-0.0031,-0.0180,0.0299,0.0210,0.0273,-0.0200,-0.0081,0.0017,0.0610,-0.0184,0.0292,0.0000,0.0000,-0.0488,2.0481,-6.4203,-10.9704
104606366,0.0079,-0.0031,-0.0189,0.0278,0.0161,0.0277,-0.0204,-0.0079,0.0016,0.0612,-0.0194,0.0271,0.0000,0.0000,-0.0488,2.0481,-6.4203,-10.9707
104611366,0.0079,-0.0032,-0.0195,0.0269,0.0112,0.0278,-0.0209,-0.0074,0.0015,0.0613,-0.0200,0.0262,0.0000,0.0000,-0.0488,2.0481,-6.4203,-10.9709
104616366,0.0080,-0.0032,-0.0199,0.0257,0.0066,0.0283,-0.0213,-0.0073,0.0014,0.0614,-0.0203,0.0249,0.0000,0.0000,-0.0488,2.0481,-6.4203,-10.9712
104621366,0.0081,-0.0032,-0.0205,0.0254,0.0066,0.0286,-0.0215,-0.0073,0.0013,0.0615,-0.0209,0.0246,0.0000,0.0000,-0.0488,2.0481,-6.4203,-10.9714
104626366,0.0082,-0.0033,-0.0211,0.0263,0.0045,0.0288,-0.0217,-0.0073,0.0012,0.0617,-0.0215,0.0255,0.0000,0.0000,-0.0488,2.0481,-6.4203,-10.9717
104631366,0.0082,-0.0034,-0.0254,0.0272,-0.0004,0.0279,-0.0214,-0.0065,0.0011,0.0618,-0.0258,0.0265,0.0000,0.0000,-0.0488,2.0481,-6.4203,-10.9719
104636366,0.0081,-0.0035,-0.0263,0.0275,-0.0026,0.0275,-0.0215,-0.0059,0.0009,0.0619,-0.0267,0.0268,0.0000,0.0000,-0.0488,2.0481,-6.4203,-10.9722
104641366,0.0081,-0.0037,-0.0241,0.0281,-0.0029,0.0278,-0.0219,-0.0058,0.0008,0.0621,-0.0245,0.0274,0.0000,0.0000,-0.0488,2.0481,-6.4203,-10.9724
104646366,0.0081,-0.0037,-0.0263,0.0305,-0.0071,0.0274,-0.0216,-0.0056,0.0007,0.0622,-0.0267,0.0298,0.0000,0.0000,-0.0488,2.0481,-6.4203,-10.9726
104651366,0.0081,-0.0038,-0.0254,0.0330,-0.0090,0.0279,-0.0214,-0.0061,0.0005,0.0624,-0.0258,0.0323,0.0000,0.0000,-0.0488,2.0481,-6.4203,-10.9728
104656366,0.0082,-0.0037,-0.0266,0.0357,-0.0126,0.0281,-0.0207,-0.0069,0.0004,0.0626,-0.0270,0.0350,0.0000,0.0000,-0.0488,2.0481,-6.4203,-10.9731
104661366,0.0083,-0.0035,-0.0278,0.0339,-0.0145,0.0282,-0.0206,-0.0071,0.0003,0.0627,-0.0282,0.0332,0.0000,0.0000,-0.0488,2.0481,-6.4203,-10.9733
104666365,0.0084,-0.0035,-0.0275,0.0330,-0.0145,0.0287,-0.0206,-0.0075,0.0001,0.0629,-0.0279,0.0323,0.0000,0.0000,-0.0488,2.0481,-6.4203,-10.9736
104671365,0.0084,-0.0032,-0.0302,0.0348,-0.0148,0.0281,-0.0191,-0.0084,-0.0000,0.0630,-0.0307,0.0341,0.0000,0.0000,-0.0488,2.0481,-6.4203,-10.9738
104676366,0.0084,-0.0029,-0.0327,0.0327,-0.0154,0.0277,-0.0184,-0.0087,-0.0002,0.0632,-0.0331,0.0320,0.0000,0.0000,-0.0488,2.0481,-6.4203,-10.9741
104681365,0.0082,-0.0027,-0.0318,0.0305,-0.0151,0.0272,-0.0175,-0.0091,-0.0004,0.0634,-0.0322,0.0298,0.0000,0.0000,-0.0488,2.0481,-6.4203,-10.9743
104686366,0.0081,-0.0024,-0.0315,0.0315,-0.0133,0.0265,-0.0161,-0.0099,-0.0005,0.0635,-0.0319,0.0307,0.0000,0.0000,-0.0488,2.0481,-6.4203,-10.9746
104691366,0.0078,-0.0024,-0.0318,0.0315,-0.0093,0.0254,-0.0158,-0.0092,-0.0007,0.0637,-0.0322,0.0307,0.0000,0.0000,-0.0488,2.0481,-6.4203,-10.9748
104696366,0.0075,-0.0024,-0.0312,0.0354,-0.0075,0.0242,-0.0143,-0.0096,-0.0008,0.0638,-0.0316,0.0347,0.0000,0.0000,-0.0488,2.0481,-6.4203,-10.9751
104701366,0.0072,-0.0023,-0.0305,0.0373,-0.0044,0.0230,-0.0132,-0.0097,-0.0010,0.0640,-0.0310,0.0365,0.0000,0.0000,-0.0488,2.0481,-6.4203,-10.9753
104706366,0.0069,-0.0021,-0.0333,0.0391,-0.0020,0.0212,-0.0113,-0.0099,-0.0012,0.0642,-0.0337,0.0384,0.0000,0.0000,-0.0488,2.0481,-6.4203,-10.9756
104711366,0.0066,-0.0018,-0.0305,0.0385,0.0011,0.0205,-0.0103,-0.0102,-0.0013,0.0644,-0.0310,0.0378,0.0000,0.0000,-0.0488,2.0481,-6.4203,-10.9758
104716365,0.0064,-0.0015,-0.0299,0.0388,0.0048,0.0198,-0.0089,-0.0112,-0.0015,0.0646,-0.0304,0.0381,0.0000,0.0000,-0.0488,2.0481,-6.4203,-10.9761
104721366,0.0062,-0.0012,-0.0296,0.0379,0.0054,0.0191,-0.0076,-0.0117,-0.0016,0.0648,-0.0300,0.0371,0.0000,0.0000,-0.0488,2.0481,-6.4203,-10.9762
104726366,0.0060,-0.0009,-0.0290,0.0379,0.0069,0.0184,-0.0062,-0.0125,-0.0018,0.0650,-0.0294,0.0371,0.0000,0.0000,-0.0488,2.0481,-6.4203,-10.9765
104731366,0.0058,-0.0006,-0.0290,0.0382,0.0090,0.0177,-0.0047,-0.0134,-0.0019,0.0652,-0.0294,0.0375,0.0000,0.0000,-0.0488,2.0481,-6.4203,-10.9767
104736365,0.0057,-0.0002,-0.0287,0.0363,0.0103,0.0173,-0.0037,-0.0140,-0.0021,0.0653,-0.0291,0.0356,0.0000,0.0000,-0.0488,2.0481,-6.4203,-10.9770
104741366,0.0056,0.0001,-0.0290,0.0348,0.0103,0.0168,-0.0026,-0.0146,-0.0022,0.0655,-0.0294,0.0341,0.0000,0.0000,-0.0488,2.0481,-6.4203,-10.9772
104746366,0.0055,0.0004,-0.0312,0.0336,0.0093,0.0161,-0.0014,-0.0150,-0.0024,0.0657,-0.0316,0.0329,0.0000,0.0000,-0.0488,2.0481,-6.4203,-10.9775
104751366,0.0055,0.0007,-0.0312,0.0348,0.0106,0.0158,0.0000,-0.0162,-0.0025,0.0658,-0.0316,0.0341,0.0000,0.0000,-0.0488,2.0481,-6.4203,-10.9777
104756366,0.0055,0.0009,-0.0321,0.0327,0.0109,0.0157,0.0005,-0.0166,-0.0027,0.0660,-0.0325,0.0320,0.0000,0.0000,-0.0488,2.0481,-6.4203,-10.9780
104761366,0.0054,0.0012,-0.0321,0.0327,0.0093,0.0154,0.0017,-0.0174,-0.0028,0.0662,-0.0325,0.0320,0.0000,0.0000,-0.0488,2.0481,-6.4203,-10.9782
104766365,0.0054,0.0015,-0.0333,0.0318,0.0106,0.0149,0.0027,-0.0181,-0.0030,0.0663,-0.0337,0.0310,0.0000,0.0000,-0.0488,2.0481,-6.4203,-10.9785
104771366,0.0053,0.0018,-0.0342,0.0327,0.0142,0.0145,0.0040,-0.0190,-0.0032,0.0665,-0.0346,0.0320,0.0000,0.0000,-0.0488,2.0481,-6.4203,-10.9787
104776366,0.0052,0.0021,-0.0345,0.0290,0.0124,0.0139,0.0047,-0.0191,-0.0034,0.0666,-0.0349,0.0283,0.0000,0.0000,-0.0488,2.0481,-6.4203,-10.9790
104781366,0.0050,0.0023,-0.0363,0.0293,0.0136,0.0130,0.0062,-0.0197,-0.0035,0.0668,-0.0368,0.0286,0.0000,0.0000,-0.0488,2.0481,-6.4203,-10.9792
104786366,0.0049,0.0026,-0.0403,0.0250,0.0130,0.0116,0.0071,-0.0192,-0.0037,0.0669,-0.0407,0.0243,0.0000,0.0000,-0.0488,2.0481,-6.4203,-10.9795
104791366,0.0047,0.0029,-0.0406,0.0235,0.0130,0.0107,0.0082,-0.0194,-0.0040,0.0670,-0.0410,0.0228,0.0000,0.0000,-0.0488,2.0481,-6.4203,-10.9797
104796366,0.0043,0.0029,-0.0397,0.0232,0.0142,0.0094,0.0091,-0.0190,-0.0042,0.0671,-0.0401,0.0225,0.0000,0.0000,-0.0488,2.0481,-6.4203,-10.9799
104801365,0.0039,0.0029,-0.0382,0.0232,0.0139,0.0083,0.0096,-0.0184,-0.0043,0.0672,-0.0386,0.0225,0.0000,0.0000,-0.0488,2.0481,-6.4203,-10.9801
104806366,0.0036,0.0028,-0.0379,0.0217,0.0136,0.0071,0.0096,-0.0173,-0.0045,0.0673,-0.0383,0.0210,0.0000,0.0000,-0.0488,2.0481,-6.4203,-10.9804
104811366,0.0033,0.0028,-0.0373,0.0260,0.0173,0.0060,0.0106,-0.0173,-0.0047,0.0674,-0.0377,0.0252,0.0000,0.0000,-0.0488,2.0481,-6.4203,-10.9806
104816366,0.0031,0.0027,-0.0363,0.0281,0.0197,0.0050,0.0112,-0.0169,-0.0049,0.0676,-0.0368,0.0274,0.0000,0.0000,-0.0488,2.0481,-6.4203,-10.9809
104821365,0.0027,0.0027,-0.0376,0.0315,0.0216,0.0035,0.0123,-0.0167,-0.0051,0.0677,-0.0380,0.0307,0.0000,0.0000,-0.0488,2.0481,-6.4203,-10.9811
104826366,0.0025,0.0026,-0.0354,0.0345,0.0197,0.0031,0.0128,-0.0167,-0.0053,0.0679,-0.0359,0.0338,0.0000,0.0000,-0.0488,2.0481,-6.4203,-10.9814
104831366,0.0023,0.0025,-0.0360,0.0385,0.0167,0.0021,0.0138,-0.0166,-0.0055,0.0681,-0.0365,0.0378,0.0000,0.0000,-0.0488,2.0481,-6.4203,-10.9816
104836365,0.0020,0.0027,-0.0342,0.0385,0.0161,0.0011,0.0149,-0.0167,-0.0056,0.0683,-0.0346,0.0378,0.0000,0.0000,-0.0488,2.0481,-6.4203,-10.9819
104841366,0.0018,0.0030,-0.0345,0.0385,0.0158,0.0002,0.0165,-0.0173,-0.0058,0.0685,-0.0349,0.0378,0.0000,0.0000,-0.0488,2.0481,-6.4203,-10.9821
104846365,0.0016,0.0034,-0.0330,0.0354,0.0118,-0.0001,0.0173,-0.0177,-0.0060,0.0686,-0.0334,0.0347,0.0000,0.0000,-0.0488,2.0481,-6.4203,-10.9824
104851366,0.0014,0.0037,-0.0333,0.0330,0.0093,-0.0007,0.0183,-0.0180,-0.0061,0.0688,-0.0337,0.0323,0.0000,0.0000,-0.0488,2.0481,-6.4203,-10.9826
104856366,0.0012,0.0039,-0.0354,0.0305,0.0060,-0.0022,0.0196,-0.0176,-0.0063,0.0690,-0.0359,0.0298,0.0000,0.0000,-0.0488,2.0481,-6.4203,-10.9829
104861367,0.0009,0.0042,-0.0333,0.0293,0.0051,-0.0026,0.0203,-0.0180,-0.0065,0.0691,-0.0323,0.0262,0.0000,0.1583,-0.0488,2.0481,-6.4171,-10.9831
104866366,0.0006,0.0044,-0.0336,0.0290,0.0032,-0.0027,0.0194,-0.0168,-0.0066,0.0691,-0.0181,0.0007,0.0000,1.8465,-0.0488,2.0481,-6.3794,-10.9833
104871366,0.0006,0.0043,-0.0330,0.0290,0.0002,-0.0027,0.0188,-0.0161,-0.0067,0.0691,-0.0147,-0.0040,0.0000,2.1630,-0.0488,2.0481,-6.3603,-10.9835
104876366,0.0003,0.0042,-0.0302,0.0281,-0.0075,-0.0031,0.0187,-0.0153,-0.0067,0.0690,-0.0120,-0.0049,0.0000,2.1630,-0.0488,2.0481,-6.3516,-10.9838
104881367,0.0001,0.0041,-0.0281,0.0312,-0.0105,-0.0035,0.0191,-0.0153,-0.0068,0.0690,-0.0098,-0.0018,0.0000,2.1630,-0.0488,2.0481,-6.3386,-10.9840
104886365,-0.0002,0.0041,-0.0321,0.0330,-0.0136,-0.0055,0.0208,-0.0148,-0.0068,0.0691,-0.0168,0.0051,0.0000,1.8223,-0.0488,2.0481,-6.3374,-10.9843
104891365,-0.0002,0.0041,-0.0327,0.0357,-0.0136,-0.0056,0.0212,-0.0151,-0.0069,0.0691,-0.0174,0.0078,0.0000,1.8223,-0.0488,2.0481,-6.3265,-10.9845
104896365,-0.0002,0.0043,-0.0394,0.0428,-0.0038,-0.0070,0.0238,-0.0167,-0.0071,0.0692,-0.0241,0.0149,0.0000,1.8223,-0.0488,2.0481,-6.3192,-10.9848
104901366,-0.0004,0.0046,-0.0330,0.0409,0.0295,-0.0071,0.0241,-0.0181,-0.0071,0.0692,-0.0177,0.0130,0.0000,1.8223,-0.0488,2.0481,-6.3083,-10.9850
104906366,-0.0006,0.0049,-0.0293,0.0312,0.0631,-0.0074,0.0224,-0.0175,-0.0072,0.0692,-0.0102,-0.0033,0.0000,2.2624,-0.0488,2.0481,-6.2916,-10.9853
104911367,-0.0008,0.0051,-0.0199,0.0140,0.0802,-0.0065,0.0194,-0.0160,-0.0072,0.0691,-0.0007,-0.0204,0.0000,2.2624,-0.0488,2.0481,-6.2781,-10.9856
104916366,-0.0009,0.0052,-0.0134,-0.0095,0.0833,-0.0057,0.0154,-0.0129,-0.0072,0.0689,0.0057,-0.0439,0.0000,2.2624,-0.0488,2.0481,-6.2690,-10.9858
104921367,-0.0009,0.0052,-0.0064,-0.0244,0.0866,-0.0044,0.0122,-0.0111,-0.0071,0.0686,0.0127,-0.0589,0.0000,2.2624,-0.0488,2.0481,-6.2555,-10.9860
104926366,-0.0009,0.0051,-0.0079,-0.0473,0.1260,-0.0054,0.0080,-0.0074,-0.0071,0.0682,0.0098,-0.0795,0.0000,2.1075,-0.0488,2.0481,-6.2496,-10.9863
104931367,-0.0010,0.0050,-0.0073,-0.0544,0.1279,-0.0059,0.0071,-0.0061,-0.0070,0.0678,0.0055,-0.0780,0.0000,1.5395,-0.0488,2.0481,-6.2500,-10.9865
104936366,-0.0009,0.0048,-0.0098,-0.0562,0.1132,-0.0059,0.0067,-0.0051,-0.0070,0.0674,0.0009,-0.0760,0.0000,1.2813,-0.0488,2.0481,-6.2495,-10.9868
104941367,-0.0008,0.0043,-0.0116,-0.0531,0.1025,-0.0059,0.0057,-0.0037,-0.0070,0.0671,-0.0014,-0.0722,0.0000,1.2297,-0.0488,2.0481,-6.2431,-10.9869
104946366,-0.0008,0.0038,-0.0174,-0.0431,0.1053,-0.0071,0.0063,-0.0033,-0.0071,0.0668,-0.0072,-0.0621,0.0000,1.2297,-0.0488,2.0481,-6.2382,-10.9872
104951366,-0.0009,0.0034,-0.0202,-0.0257,0.1104,-0.0079,0.0082,-0.0045,-0.0071,0.0665,-0.0100,-0.0447,0.0000,1.2297,-0.0488,2.0481,-6.2308,-10.9874
104956366,-0.0010,0.0031,-0.0250,-0.0034,0.1053,-0.0093,0.0117,-0.0064,-0.0072,0.0664,-0.0149,-0.0224,0.0000,1.2297,-0.0488,2.0481,-6.2259,-10.9877
104961366,-0.0011,0.0030,-0.0229,0.0189,0.0906,-0.0092,0.0151,-0.0093,-0.0073,0.0664,-0.0127,-0.0001,0.0000,1.2297,-0.0488,2.0481,-6.2185,-10.9879
104966366,-0.0013,0.0029,-0.0254,0.0400,0.0869,-0.0103,0.0190,-0.0121,-0.0073,0.0665,-0.0152,0.0210,0.0000,1.2297,-0.0488,2.0481,-6.2136,-10.9882
104971367,-0.0014,0.0030,-0.0232,0.0648,0.1092,-0.0108,0.0235,-0.0169,-0.0074,0.0668,-0.0155,0.0500,0.0000,0.9388,-0.0488,2.0481,-6.2127,-10.9884
104976366,-0.0016,0.0034,-0.0257,0.0666,0.1037,-0.0123,0.0262,-0.0178,-0.0075,0.0671,-0.0192,0.0540,0.0000,0.7933,-0.0488,2.0481,-6.2121,-10.9887
104981366,-0.0017,0.0038,-0.0281,0.0589,0.0936,-0.0132,0.0272,-0.0176,-0.0076,0.0673,-0.0233,0.0493,0.0000,0.5994,-0.0488,2.0481,-6.2119,-10.9889
104986366,-0.0019,0.0042,-0.0281,0.0476,0.0924,-0.0138,0.0271,-0.0169,-0.0077,0.0675,-0.0246,0.0402,0.0000,0.4540,-0.0488,2.0481,-6.2126,-10.9892
104991367,-0.0020,0.0045,-0.0312,0.0330,0.0943,-0.0150,0.0264,-0.0150,-0.0079,0.0676,-0.0285,0.0269,0.0000,0.3570,-0.0488,2.0481,-6.2121,-10.9894
104996366,-0.0022,0.0047,-0.0293,0.0171,0.0927,-0.0153,0.0248,-0.0130,-0.0080,0.0677,-0.0271,0.0118,0.0000,0.3085,-0.0488,2.0481,-6.2118,-10.9897
105001367,-0.0023,0.0049,-0.0305,0.0052,0.0872,-0.0162,0.0240,-0.0111,-0.0082,0.0677,-0.0291,0.0013,0.0000,0.2116,-0.0488,2.0481,-6.2122,-10.9899
105006366,-0.0025,0.0050,-0.0293,-0.0061,0.0802,-0.0165,0.0228,-0.0094,-0.0083,0.0677,-0.0283,-0.0093,0.0000,0.1631,-0.0488,2.0481,-6.2124,-10.9902
105011366,-0.0026,0.0050,-0.0250,-0.0128,0.0796,-0.0155,0.0214,-0.0090,-0.0084,0.0676,-0.0129,-0.0153,-0.6761,0.1146,-0.0488,2.0341,-6.2125,-10.9904
105016366,-0.0029,0.0049,-0.0244,-0.0153,0.0720,-0.0145,0.0200,-0.0083,-0.0083,0.0675,0.0139,-0.0177,-2.1974,0.1146,-0.0488,1.9975,-6.2120,-10.9906
105021366,-0.0031,0.0046,-0.0186,-0.0079,0.0671,-0.0142,0.0204,-0.0088,-0.0082,0.0674,0.0193,-0.0097,-2.1974,0.0661,-0.0488,1.9844,-6.2125,-10.9908
105026366,-0.0033,0.0044,-0.0174,0.0000,0.0631,-0.0146,0.0213,-0.0091,-0.0081,0.0674,0.0205,-0.0018,-2.1974,0.0661,-0.0488,1.9756,-6.2122,-10.9911
105031366,-0.0035,0.0042,-0.0144,0.0058,0.0591,-0.0147,0.0217,-0.0093,-0.0080,0.0675,0.0236,0.0040,-2.1974,0.0661,-0.0488,1.9624,-6.2118,-10.9913
105036366,-0.0037,0.0041,-0.0147,0.0092,0.0509,-0.0159,0.0228,-0.0088,-0.0079,0.0675,0.0178,0.0084,-1.9153,0.0000,-0.0488,1.9596,-6.2127,-10.9916
105041366,-0.0040,0.0042,-0.0162,0.0140,0.0417,-0.0177,0.0249,-0.0088,-0.0079,0.0676,0.0082,0.0133,-1.4450,0.0000,-0.0488,1.9590,-6.2127,-10.9918
105046366,-0.0041,0.0043,-0.0144,0.0137,0.0365,-0.0182,0.0257,-0.0089,-0.0078,0.0676,0.0076,0.0130,-1.3040,0.0000,-0.0488,1.9565,-6.2127,-10.9921
105051366,-0.0042,0.0045,-0.0119,0.0110,0.0356,-0.0180,0.0258,-0.0092,-0.0078,0.0677,0.0101,0.0102,-1.3040,0.0000,-0.0488,1.9487,-6.2127,-10.9924
105056366,-0.0044,0.0047,-0.0159,0.0070,0.0341,-0.0194,0.0264,-0.0083,-0.0077,0.0677,0.0061,0.0063,-1.3040,0.0000,-0.0488,1.9435,-6.2127,-10.9926
105061366,-0.0043,0.0048,-0.0235,-0.0003,0.0222,-0.0205,0.0263,-0.0066,-0.0077,0.0677,-0.0015,-0.0011,-1.3040,0.0000,-0.0488,1.9357,-6.2127,-10.9929
105066366,-0.0045,0.0047,-0.0095,-0.0183,-0.0276,-0.0179,0.0228,-0.0039,-0.0077,0.0676,0.0125,-0.0191,-1.3040,0.0000,-0.0488,1.9305,-6.2127,-10.9931
105071366,-0.0046,0.0046,0.0092,-0.0266,-0.0310,-0.0144,0.0194,-0.0038,-0.0075,0.0675,0.0348,-0.0273,-1.5179,0.0000,-0.0488,1.9176,-6.2127,-10.9934
105076366,-0.0047,0.0044,0.0235,-0.0327,-0.0505,-0.0116,0.0166,-0.0031,-0.0073,0.0673,0.0492,-0.0335,-1.5179,0.0000,-0.0488,1.9115,-6.2127,-10.9936
105081366,-0.0046,0.0043,0.0391,-0.0373,-0.0646,-0.0082,0.0139,-0.0032,-0.0069,0.0671,0.0648,-0.0380,-1.5179,0.0000,-0.0488,1.9039,-6.2127,-10.9939
105086366,-0.0045,0.0041,0.0519,-0.0348,-0.0722,-0.0052,0.0125,-0.0044,-0.0065,0.0669,0.0776,-0.0356,-1.5179,0.0000,-0.0488,1.8948,-6.2127,-10.9940
105091366,-0.0044,0.0039,0.0586,-0.0345,-0.0762,-0.0034,0.0108,-0.0045,-0.0061,0.0668,0.0843,-0.0353,-1.5179,0.0000,-0.0488,1.8888,-6.2127,-10.9943
105096366,-0.0042,0.0035,0.0596,-0.0336,-0.0746,-0.0026,0.0094,-0.0039,-0.0057,0.0666,0.0852,-0.0344,-1.5179,0.0000,-0.0488,1.8796,-6.2127,-10.9945
105101366,-0.0037,0.0032,0.0602,-0.0269,-0.0750,-0.0005,0.0083,-0.0049,-0.0053,0.0665,0.0859,-0.0276,-1.5179,0.0000,-0.0488,1.8736,-6.2127,-10.9948
105106366,-0.0033,0.0030,0.0513,-0.0183,-0.0688,-0.0009,0.0091,-0.0056,-0.0049,0.0664,0.0703,-0.0191,-1.1303,0.0000,-0.0488,1.8735,-6.2127,-10.9950
105111366,-0.0029,0.0029,0.0348,-0.0113,-0.0517,-0.0029,0.0105,-0.0056,-0.0047,0.0663,0.0500,-0.0120,-0.9088,0.0000,-0.0488,1.8740,-6.2127,-10.9953
105116366,-0.0026,0.0028,0.0003,-0.0055,-0.0524,-0.0089,0.0141,-0.0032,-0.0046,0.0663,0.0117,-0.0062,-0.6873,0.0000,-0.0488,1.8737,-6.2127,-10.9955
105121366,-0.0025,0.0027,-0.0144,-0.0061,-0.0594,-0.0111,0.0149,-0.0015,-0.0046,0.0662,-0.0049,-0.0068,-0.5765,0.0000,-0.0488,1.8734,-6.2127,-10.9958
105126366,-0.0024,0.0027,-0.0278,-0.0073,-0.0658,-0.0136,0.0160,0.0001,-0.0047,0.0662,-0.0212,-0.0081,-0.4104,0.0000,-0.0488,1.8739,-6.2127,-10.9960
105131366,-0.0025,0.0028,-0.0302,-0.0079,-0.0630,-0.0147,0.0168,0.0003,-0.0049,0.0661,-0.0246,-0.0087,-0.3550,0.0000,-0.0488,1.8735,-6.2127,-10.9963
105136366,-0.0028,0.0027,-0.0287,-0.0122,-0.0627,-0.0158,0.0163,0.0018,-0.0050,0.0661,-0.0249,-0.0130,-0.2443,0.0000,-0.0488,1.8740,-6.2127,-10.9965
105141366,-0.0031,0.0026,-0.0229,-0.0134,-0.0698,-0.0158,0.0158,0.0026,-0.0051,0.0660,-0.0201,-0.0142,-0.1889,0.0000,-0.0488,1.8742,-6.2127,-10.9968
105146366,-0.0033,0.0024,-0.0153,-0.0159,-0.0768,-0.0153,0.0149,0.0033,-0.0052,0.0659,-0.0134,-0.0166,-0.1335,0.0000,-0.0488,1.8743,-6.2127,-10.9970
105151366,-0.0035,0.0023,-0.0049,-0.0180,-0.0756,-0.0140,0.0134,0.0035,-0.0052,0.0658,-0.0030,-0.0188,-0.1335,0.0000,-0.0488,1.8738,-6.2127,-10.9972
105156366,-0.0037,0.0021,0.0055,-0.0156,-0.0627,-0.0128,0.0121,0.0030,-0.0051,0.0658,0.0064,-0.0163,-0.0782,0.0000,-0.0488,1.8743,-6.2127,-10.9974
105161366,-0.0037,0.0019,0.0131,-0.0125,-0.0646,-0.0116,0.0113,0.0027,-0.0051,0.0657,0.0141,-0.0133,-0.0782,0.0000,-0.0488,1.8740,-6.2127,-10.9977
105166366,-0.0036,0.0015,0.0156,-0.0116,-0.0633,-0.0106,0.0099,0.0031,-0.0050,0.0656,0.0165,-0.0123,-0.0782,0.0000,-0.0488,1.8735,-6.2127,-10.9979
105171366,-0.0034,0.0013,0.0159,-0.0086,-0.0575,-0.0097,0.0090,0.0030,-0.0049,0.0656,0.0155,-0.0093,0.0000,0.0000,-0.0488,1.8745,-6.2127,-10.9982
105176366,-0.0032,0.0013,0.0110,-0.0073,-0.0465,-0.0100,0.0093,0.0025,-0.0049,0.0655,0.0106,-0.0081,0.0000,0.0000,-0.0488,1.8745,-6.2127,-10.9984
105181366,-0.0032,0.0014,0.0089,-0.0079,-0.0404,-0.0107,0.0096,0.0027,-0.0048,0.0655,0.0084,-0.0087,0.0000,0.0000,-0.0488,1.8745,-6.2127,-10.9987
105186365,-0.0033,0.0014,0.0079,-0.0104,-0.0407,-0.0112,0.0095,0.0032,-0.0048,0.0654,0.0075,-0.0111,0.0000,0.0000,-0.0488,1.8745,-6.2127,-10.9989
105191366,-0.0033,0.0015,0.0107,-0.0119,-0.0411,-0.0108,0.0092,0.0031,-0.0047,0.0654,0.0103,-0.0126,0.0000,0.0000,-0.0488,1.8745,-6.2127,-10.9992
105196366,-0.0034,0.0015,0.0076,-0.0177,-0.0322,-0.0117,0.0086,0.0044,-0.0047,0.0653,0.0072,-0.0184,0.0000,0.0000,-0.0488,1.8745,-6.2127,-10.9994
105201366,-0.0035,0.0014,0.0086,-0.0183,-0.0221,-0.0120,0.0083,0.0046,-0.0046,0.0652,0.0081,-0.0191,0.0000,0.0000,-0.0488,1.8745,-6.2127,-10.9996
105206366,-0.0036,0.0012,0.0095,-0.0199,-0.0224,-0.0122,0.0072,0.0058,-0.0046,0.0651,0.0090,-0.0206,0.0000,0.0000,-0.0488,1.8745,-6.2127,-10.9998
105211366,-0.0034,0.0008,0.0116,-0.0192,-0.0203,-0.0114,0.0056,0.0065,-0.0045,0.0650,0.0112,-0.0200,0.0000,0.0000,-0.0488,1.8745,-6.2127,-11.0001
105216366,-0.0033,0.0005,0.0119,-0.0171,-0.0114,-0.0109,0.0044,0.0070,-0.0045,0.0649,0.0115,-0.0178,0.0000,0.0000,-0.0488,1.8745,-6.2127,-11.0003
105221366,-0.0032,0.0001,0.0116,-0.0131,-0.0016,-0.0108,0.0037,0.0072,-0.0044,0.0648,0.0112,-0.0139,0.0000,0.0000,-0.0488,1.8745,-6.2127,-11.0006
105226366,-0.0032,-0.0002,0.0125,-0.0095,0.0008,-0.0103,0.0029,0.0074,-0.0044,0.0648,0.0121,-0.0102,0.0000,0.0000,-0.0488,1.8745,-6.2127,-11.0008
105231366,-0.0031,-0.0005,0.0137,-0.0067,0.0035,-0.0097,0.0020,0.0076,-0.0043,0.0647,0.0133,-0.0074,0.0000,0.0000,-0.0488,1.8745,-6.2127,-11.0011
105236366,-0.0029,-0.0007,0.0134,-0.0046,0.0100,-0.0093,0.0011,0.0078,-0.0042,0.0647,0.0134,-0.0046,0.0000,0.0000,0.0000,1.8745,-6.2127,-11.0000
105241366,-0.0028,-0.0010,0.0122,-0.0043,0.0203,-0.0092,-0.0000,0.0085,-0.0042,0.0647,0.0122,-0.0043,0.0000,0.0000,0.0000,1.8745,-6.2127,-11.0000
105246365,-0.0028,-0.0013,0.0110,-0.0040,0.0307,-0.0096,-0.0009,0.0094,-0.0041,0.0647,0.0110,-0.0040,0.0000,0.0000,0.0000,1.8745,-6.2127,-11.0000
105251366,-0.0029,-0.0015,0.0104,-0.0067,0.0350,-0.0101,-0.0019,0.0107,-0.0041,0.0646,0.0104,-0.0067,0.0000,0.0000,0.0000,1.8745,-6.2127,-11.0000
105256365,-0.0030,-0.0017,0.0128,-0.0082,0.0414,-0.0099,-0.0032,0.0116,-0.0040,0.0646,0.0128,-0.0082,0.0000,0.0000,0.0000,1.8745,-6.2127,-11.0000
105261366,-0.0028,-0.0020,0.0144,-0.0079,0.0484,-0.0091,-0.0047,0.0120,-0.0039,0.0646,0.0144,-0.0079,0.0000,0.0000,0.0000,1.8745,-6.2127,-11.0000
105266366,-0.0028,-0.0023,0.0131,-0.0061,0.0509,-0.0092,-0.0054,0.0127,-0.0039,0.0645,0.0131,-0.0061,0.0000,0.0000,0.0000,1.8745,-6.2127,-11.0000
105271366,-0.0026,-0.0026,0.0168,-0.0076,0.0481,-0.0080,-0.0073,0.0134,-0.0038,0.0645,0.0168,-0.0076,0.0000,0.0000,0.0000,1.8745,-6.2127,-11.0000
105276366,-0.0025,-0.0029,0.0165,-0.0064,0.0475,-0.0074,-0.0084,0.0139,-0.0037,0.0645,0.0165,-0.0064,0.0000,0.0000,0.0000,1.8745,-6.2127,-11.0000
105281366,-0.0023,-0.0032,0.0159,-0.0043,0.0506,-0.0055,-0.0081,0.0116,-0.0035,0.0646,0.0318,0.0234,0.0000,0.0000,1.8553,1.8745,-6.2127,-10.9574
105286366,-0.0021,-0.0034,0.0150,-0.0003,0.0539,-0.0050,-0.0086,0.0115,-0.0034,0.0647,0.0309,0.0274,0.0000,0.0000,1.8553,1.8745,-6.2127,-10.9500
105291366,-0.0019,-0.0037,0.0150,-0.0021,0.0509,-0.0042,-0.0101,0.0124,-0.0032,0.0648,0.0309,0.0255,0.0000,0.0000,1.8553,1.8745,-6.2127,-10.9389
105296366,-0.0018,-0.0039,0.0156,0.0037,0.0420,-0.0035,-0.0102,0.0121,-0.0031,0.0650,0.0315,0.0314,0.0000,0.0000,1.8553,1.8745,-6.2127,-10.9315
105301366,-0.0016,-0.0041,0.0122,0.0012,0.0426,-0.0037,-0.0115,0.0135,-0.0029,0.0651,0.0268,0.0266,0.0000,0.0000,1.6980,1.8745,-6.2127,-10.9236
105306367,-0.0015,-0.0044,0.0140,0.0058,0.0442,-0.0041,-0.0099,0.0123,-0.0029,0.0654,0.0131,0.0534,0.0000,-1.6524,1.5407,1.8745,-6.2520,-10.9204
105311366,-0.0014,-0.0046,0.0140,0.0049,0.0374,-0.0035,-0.0110,0.0131,-0.0028,0.0657,0.0131,0.0525,0.0000,-1.6524,1.5407,1.8745,-6.2586,-10.9112
105316366,-0.0014,-0.0048,0.0107,0.0037,0.0374,-0.0041,-0.0117,0.0144,-0.0028,0.0659,0.0097,0.0513,0.0000,-1.6524,1.5407,1.8745,-6.2685,-10.9050
105321366,-0.0012,-0.0050,0.0076,0.0089,0.0567,-0.0041,-0.0118,0.0137,-0.0027,0.0662,0.0067,0.0565,0.0000,-1.6524,1.5407,1.8745,-6.2751,-10.8958
105326367,-0.0011,-0.0052,0.0104,0.0168,0.0772,-0.0036,-0.0117,0.0123,-0.0027,0.0665,0.0094,0.0644,0.0000,-1.6524,1.5407,1.8745,-6.2851,-10.8896
105331366,-0.0011,-0.0053,0.0153,0.0272,0.0881,-0.0029,-0.0109,0.0103,-0.0026,0.0669,0.0143,0.0748,0.0000,-1.6524,1.5407,1.8745,-6.2917,-10.8804
105336365,-0.0011,-0.0053,0.0250,0.0373,0.0949,-0.0009,-0.0106,0.0079,-0.0025,0.0673,0.0264,0.0791,0.0000,-1.3223,1.4855,1.8745,-6.2941,-10.8753
105341366,-0.0012,-0.0051,0.0321,0.0425,0.1086,0.0002,-0.0107,0.0064,-0.0023,0.0677,0.0325,0.0745,0.0000,-1.0472,1.0993,1.8745,-6.2934,-10.8754
105346366,-0.0010,-0.0048,0.0480,0.0391,0.0970,0.0038,-0.0120,0.0046,-0.0021,0.0680,0.0460,0.0686,0.0000,-1.1022,0.8787,1.8745,-6.3011,-10.8759
105351366,-0.0005,-0.0047,0.0501,0.0348,0.0713,0.0063,-0.0132,0.0042,-0.0019,0.0683,0.0463,0.0611,0.0000,-1.1022,0.6580,1.8745,-6.3055,-10.8757
105356366,-0.0001,-0.0047,0.0489,0.0305,0.0591,0.0078,-0.0147,0.0046,-0.0016,0.0686,0.0441,0.0551,0.0000,-1.1022,0.5477,1.8745,-6.3121,-10.8755
105361366,0.0003,-0.0046,0.0446,0.0284,0.0512,0.0088,-0.0153,0.0045,-0.0014,0.0688,0.0384,0.0505,0.0000,-1.1022,0.3822,1.8745,-6.3165,-10.8760
105366366,0.0008,-0.0046,0.0370,0.0254,0.0301,0.0092,-0.0154,0.0051,-0.0013,0.0691,0.0295,0.0481,0.0000,-1.1996,0.3270,1.8745,-6.3251,-10.8757
105371366,0.0011,-0.0046,0.0250,0.0272,-0.0041,0.0083,-0.0136,0.0054,-0.0012,0.0694,0.0120,0.0563,0.0000,-1.7351,0.2167,1.8745,-6.3423,-10.8762
105376366,0.0014,-0.0046,0.0113,0.0305,-0.0255,0.0069,-0.0120,0.0061,-0.0012,0.0697,-0.0017,0.0597,0.0000,-1.7351,0.2167,1.8745,-6.3527,-10.8753
105381366,0.0015,-0.0046,-0.0012,0.0363,-0.0423,0.0054,-0.0100,0.0062,-0.0013,0.0700,-0.0147,0.0646,0.0000,-1.7351,0.1615,1.8745,-6.3597,-10.8754
105386366,0.0015,-0.0047,-0.0031,0.0385,-0.0520,0.0050,-0.0096,0.0065,-0.0014,0.0703,-0.0170,0.0660,0.0000,-1.7351,0.1064,1.8745,-6.3701,-10.8760
105391366,0.0014,-0.0047,0.0000,0.0504,-0.0771,0.0058,-0.0076,0.0048,-0.0015,0.0707,-0.0117,0.0739,0.0000,-1.4713,0.1064,1.8745,-6.3714,-10.8753
105396367,0.0014,-0.0046,0.0034,0.0516,-0.0808,0.0067,-0.0082,0.0046,-0.0015,0.0710,-0.0057,0.0688,0.0000,-1.1020,0.0512,1.8745,-6.3717,-10.8761
105401366,0.0015,-0.0043,0.0046,0.0531,-0.0640,0.0073,-0.0075,0.0026,-0.0015,0.0714,-0.0026,0.0672,0.0000,-0.8910,0.0512,1.8745,-6.3715,-10.8758
105406366,0.0014,-0.0041,0.0058,0.0501,-0.0527,0.0070,-0.0075,0.0026,-0.0015,0.0717,0.0004,0.0610,0.0000,-0.6799,0.0512,1.8745,-6.3719,-10.8756
105411366,0.0013,-0.0037,0.0089,0.0434,-0.0551,0.0075,-0.0079,0.0025,-0.0015,0.0719,0.0048,0.0519,0.0000,-0.5217,0.0512,1.8745,-6.3712,-10.8753
105416367,0.0013,-0.0035,0.0116,0.0370,-0.0640,0.0081,-0.0083,0.0026,-0.0014,0.0721,0.0080,0.0432,0.0000,-0.4162,0.0000,1.8745,-6.3719,-10.8762
105421366,0.0013,-0.0032,0.0131,0.0287,-0.0640,0.0085,-0.0090,0.0030,-0.0014,0.0723,0.0105,0.0333,0.0000,-0.3106,0.0000,1.8745,-6.3713,-10.8762
105426366,0.0013,-0.0030,0.0165,0.0208,-0.0545,0.0090,-0.0102,0.0033,-0.0013,0.0724,0.0143,0.0246,0.0000,-0.2579,0.0000,1.8745,-6.3719,-10.8762
105431366,0.0014,-0.0032,0.0192,0.0147,-0.0545,0.0098,-0.0122,0.0045,-0.0012,0.0725,0.0175,0.0177,0.0000,-0.2051,0.0000,1.8745,-6.3718,-10.8762
105436366,0.0014,-0.0033,0.0202,0.0153,-0.0750,0.0102,-0.0125,0.0051,-0.0011,0.0726,0.0188,0.0175,0.0000,-0.1524,0.0000,1.8745,-6.3717,-10.8762
105441365,0.0015,-0.0035,0.0241,0.0180,-0.0756,0.0115,-0.0133,0.0046,-0.0010,0.0727,0.0233,0.0195,0.0000,-0.0996,0.0000,1.8745,-6.3712,-10.8762
105446367,0.0017,-0.0036,0.0244,0.0232,-0.0728,0.0123,-0.0134,0.0038,-0.0009,0.0728,0.0236,0.0247,0.0000,-0.0996,0.0000,1.8745,-6.3718,-10.8762
105451366,0.0019,-0.0037,0.0226,0.0290,-0.0756,0.0128,-0.0130,0.0031,-0.0008,0.0730,0.0222,0.0297,0.0000,-0.0469,0.0000,1.8745,-6.3712,-10.8762
105456366,0.0020,-0.0038,0.0235,0.0348,-0.0835,0.0137,-0.0126,0.0022,-0.0007,0.0732,0.0231,0.0355,0.0000,-0.0469,0.0000,1.8745,-6.3714,-10.8762
105461366,0.0022,-0.0039,0.0223,0.0391,-0.0838,0.0141,-0.0123,0.0015,-0.0006,0.0734,0.0219,0.0398,0.0000,-0.0469,0.0000,1.8745,-6.3716,-10.8762
105466367,0.0025,-0.0037,0.0217,0.0406,-0.0756,0.0152,-0.0124,0.0001,-0.0005,0.0736,0.0213,0.0413,0.0000,-0.0469,0.0000,1.8745,-6.3719,-10.8762
105471366,0.0028,-0.0038,0.0229,0.0431,-0.0707,0.0164,-0.0127,-0.0010,-0.0003,0.0738,0.0225,0.0438,0.0000,-0.0469,0.0000,1.8745,-6.3721,-10.8762
105476366,0.0028,-0.0034,0.0223,0.0428,-0.0676,0.0166,-0.0118,-0.0022,-0.0002,0.0740,0.0223,0.0428,0.0000,0.0000,0.0000,1.8745,-6.3711,-10.8762
105481365,0.0030,-0.0031,0.0226,0.0403,-0.0588,0.0171,-0.0114,-0.0034,-0.0001,0.0742,0.0226,0.0403,0.0000,0.0000,0.0000,1.8745,-6.3711,-10.8762
105486366,0.0032,-0.0028,0.0189,0.0373,-0.0493,0.0170,-0.0109,-0.0041,-0.0000,0.0744,0.0189,0.0373,0.0000,0.0000,0.0000,1.8745,-6.3711,-10.8762
105491366,0.0035,-0.0025,0.0211,0.0357,-0.0423,0.0185,-0.0114,-0.0056,0.0001,0.0746,0.0211,0.0357,0.0000,0.0000,0.0000,1.8745,-6.3711,-10.8762
105496366,0.0037,-0.0023,0.0211,0.0348,-0.0414,0.0196,-0.0112,-0.0069,0.0002,0.0747,0.0211,0.0348,0.0000,0.0000,0.0000,1.8745,-6.3711,-10.8762
105501366,0.0040,-0.0020,0.0208,0.0330,-0.0380,0.0185,-0.0100,-0.0070,0.0002,0.0749,-0.0060,0.0329,1.5510,0.0000,0.0000,1.9083,-6.3711,-10.8762
105506366,0.0041,-0.0017,0.0205,0.0327,-0.0334,0.0179,-0.0089,-0.0078,0.0001,0.0751,-0.0173,0.0326,2.1928,0.0000,0.0000,1.9337,-6.3711,-10.8762
105511366,0.0042,-0.0014,0.0202,0.0333,-0.0310,0.0183,-0.0079,-0.0092,-0.0000,0.0752,-0.0176,0.0332,2.1928,0.0000,0.0000,1.9425,-6.3711,-10.8762
105516366,0.0045,-0.0012,0.0229,0.0348,-0.0331,0.0201,-0.0078,-0.0111,-0.0001,0.0754,-0.0149,0.0348,2.1928,0.0000,0.0000,1.9557,-6.3711,-10.8762
105521366,0.0045,-0.0010,0.0244,0.0336,-0.0325,0.0207,-0.0076,-0.0119,-0.0001,0.0756,-0.0085,0.0335,1.9106,0.0000,0.0000,1.9584,-6.3711,-10.8762
105526366,0.0049,-0.0008,0.0278,0.0324,0.0057,0.0226,-0.0089,-0.0140,-0.0001,0.0757,-0.0003,0.0323,1.6285,0.0000,0.0000,1.9630,-6.3711,-10.8762
105531366,0.0049,-0.0005,0.0220,0.0342,0.0448,0.0211,-0.0076,-0.0152,-0.0002,0.0759,-0.0061,0.0342,1.6285,0.0000,0.0000,1.9695,-6.3711,-10.8762
105536366,0.0052,-0.0004,0.0107,0.0379,0.0662,0.0198,-0.0063,-0.0161,-0.0003,0.0761,-0.0174,0.0378,1.6285,0.0000,0.0000,1.9793,-6.3711,-10.8762
105541366,0.0054,-0.0003,-0.0079,0.0431,0.0848,0.0168,-0.0038,-0.0162,-0.0004,0.0763,-0.0360,0.0430,1.6285,0.0000,0.0000,1.9858,-6.3711,-10.8762
105546366,0.0054,-0.0002,-0.0211,0.0535,0.1104,0.0131,-0.0021,-0.0152,-0.0007,0.0765,-0.0636,0.0284,1.6285,0.0000,-1.6780,1.9956,-6.3711,-10.9130
105551366,0.0054,-0.0001,-0.0327,0.0654,0.1208,0.0102,0.0010,-0.0158,-0.0011,0.0766,-0.0798,0.0341,1.6849,0.0000,-2.0975,2.0034,-6.3711,-10.9338
105556366,0.0053,0.0001,-0.0431,0.0748,0.1242,0.0080,0.0042,-0.0170,-0.0016,0.0768,-0.0901,0.0436,1.6849,0.0000,-2.0975,2.0135,-6.3711,-10.9422
105561366,0.0053,0.0003,-0.0452,0.0861,0.1291,0.0071,0.0070,-0.0190,-0.0021,0.0771,-0.0948,0.0505,1.6849,0.0000,-2.3905,2.0202,-6.3711,-10.9609
105566366,0.0053,0.0009,-0.0406,0.0944,0.1236,0.0079,0.0100,-0.0226,-0.0025,0.0774,-0.0902,0.0588,1.6849,0.0000,-2.3905,2.0303,-6.3711,-10.9704
105571366,0.0050,0.0012,-0.0324,0.1008,0.0967,0.0087,0.0123,-0.0247,-0.0029,0.0777,-0.0820,0.0652,1.6849,0.0000,-2.3905,2.0371,-6.3711,-10.9848
105576366,0.0049,0.0016,-0.0174,0.0571,0.0381,0.0121,0.0059,-0.0195,-0.0033,0.0778,-0.0670,0.0215,1.6849,0.0000,-2.3905,2.0472,-6.3711,-10.9943
105581366,0.0049,0.0019,-0.0058,0.0226,0.0378,0.0147,0.0001,-0.0163,-0.0035,0.0778,-0.0474,-0.0072,1.4156,0.0000,-2.0028,2.0482,-6.3711,-11.0003
105586366,0.0049,0.0019,0.0040,-0.0092,-0.0044,0.0179,-0.0054,-0.0124,-0.0037,0.0776,-0.0293,-0.0357,1.0386,0.0000,-1.7813,2.0481,-6.3711,-11.0033
105591366,0.0052,0.0017,0.0040,-0.0244,-0.0441,0.0197,-0.0088,-0.0091,-0.0038,0.0773,-0.0265,-0.0510,0.8770,0.0000,-1.7813,2.0487,-6.3711,-11.0140
105596366,0.0053,0.0013,0.0046,-0.0348,-0.0520,0.0209,-0.0124,-0.0065,-0.0039,0.0770,-0.0222,-0.0613,0.6616,0.0000,-1.7813,2.0489,-6.3711,-11.0211
105601366,0.0055,0.0010,0.0015,-0.0217,-0.0301,0.0210,-0.0117,-0.0082,-0.0040,0.0768,-0.0234,-0.0482,0.5539,0.0000,-1.7813,2.0491,-6.3711,-11.0318
105606366,0.0057,0.0008,-0.0052,-0.0070,-0.0004,0.0201,-0.0102,-0.0098,-0.0041,0.0766,-0.0273,-0.0335,0.3924,0.0000,-1.7813,2.0486,-6.3711,-11.0389
105611366,0.0058,0.0008,-0.0122,0.0009,-0.0068,0.0195,-0.0082,-0.0110,-0.0043,0.0765,-0.0325,-0.0240,0.3385,0.0000,-1.6768,2.0490,-6.3711,-11.0474
105616366,0.0059,0.0007,-0.0156,0.0131,-0.0102,0.0197,-0.0064,-0.0129,-0.0045,0.0765,-0.0313,-0.0072,0.2308,0.0000,-1.3632,2.0485,-6.3711,-11.0472
105621366,0.0058,0.0006,-0.0113,0.0312,0.0381,0.0198,-0.0043,-0.0169,-0.0046,0.0766,-0.0229,0.0163,0.1769,0.0000,-0.9974,2.0483,-6.3711,-11.0469
105626366,0.0057,0.0006,-0.0003,0.0400,0.0374,0.0217,-0.0037,-0.0195,-0.0046,0.0767,-0.0097,0.0275,0.1231,0.0000,-0.8406,2.0482,-6.3711,-11.0475
105631366,0.0056,0.0007,0.0076,0.0498,0.0206,0.0231,-0.0017,-0.0222,-0.0046,0.0769,0.0001,0.0404,0.1231,0.0000,-0.6315,2.0487,-6.3711,-11.0476
105636366,0.0058,0.0012,0.0159,0.0547,0.0063,0.0257,-0.0003,-0.0256,-0.0046,0.0771,0.0106,0.0476,0.0692,0.0000,-0.4747,2.0482,-6.3711,-11.0467
105641366,0.0061,0.0015,0.0195,0.0498,0.0097,0.0276,-0.0010,-0.0269,-0.0045,0.0774,0.0152,0.0443,0.0692,0.0000,-0.3702,2.0485,-6.3711,-11.0471
105646366,0.0064,0.0017,0.0153,0.0464,0.0124,0.0280,-0.0010,-0.0274,-0.0044,0.0776,0.0113,0.0417,0.0692,0.0000,-0.3180,2.0489,-6.3711,-11.0474
105651366,0.0066,0.0019,0.0134,0.0452,-0.0001,0.0291,-0.0007,-0.0284,-0.0044,0.0778,0.0116,0.0420,0.0000,0.0000,-0.2134,2.0481,-6.3711,-11.0469
105656365,0.0069,0.0021,0.0052,0.0434,-0.0172,0.0288,0.0004,-0.0285,-0.0044,0.0780,0.0038,0.0410,0.0000,0.0000,-0.1612,2.0481,-6.3711,-11.0467
105661366,0.0071,0.0024,-0.0058,0.0385,-0.0258,0.0275,0.0013,-0.0278,-0.0044,0.0782,-0.0067,0.0369,0.0000,0.0000,-0.1089,2.0481,-6.3711,-11.0466
105666366,0.0072,0.0026,-0.0137,0.0342,-0.0099,0.0262,0.0018,-0.0276,-0.0045,0.0783,-0.0147,0.0326,0.0000,0.0000,-0.1089,2.0481,-6.3711,-11.0470
105671366,0.0073,0.0027,-0.0266,0.0293,-0.0178,0.0242,0.0026,-0.0261,-0.0046,0.0785,-0.0271,0.0285,0.0000,0.0000,-0.0566,2.0481,-6.3711,-11.0466
105676366,0.0073,0.0030,-0.0296,0.0281,-0.0203,0.0238,0.0033,-0.0264,-0.0048,0.0786,-0.0301,0.0273,0.0000,0.0000,-0.0566,2.0481,-6.3711,-11.0469
105681366,0.0072,0.0032,-0.0299,0.0293,-0.0117,0.0231,0.0047,-0.0274,-0.0049,0.0788,-0.0304,0.0285,0.0000,0.0000,-0.0566,2.0481,-6.3711,-11.0472
105686366,0.0070,0.0035,-0.0290,0.0278,-0.0062,0.0224,0.0056,-0.0278,-0.0051,0.0789,-0.0295,0.0270,0.0000,0.0000,-0.0566,2.0481,-6.3711,-11.0474
105691366,0.0067,0.0037,-0.0226,0.0287,-0.0075,0.0227,0.0064,-0.0288,-0.0052,0.0790,-0.0226,0.0287,0.0000,0.0000,0.0000,2.0481,-6.3711,-11.0466
105696365,0.0066,0.0040,-0.0168,0.0302,-0.0139,0.0234,0.0074,-0.0302,-0.0053,0.0792,-0.0168,0.0302,0.0000,0.0000,0.0000,2.0481,-6.3711,-11.0466
105701366,0.0065,0.0043,-0.0128,0.0324,-0.0099,0.0237,0.0085,-0.0318,-0.0053,0.0793,-0.0128,0.0324,0.0000,0.0000,0.0000,2.0481,-6.3711,-11.0466
105706365,0.0065,0.0046,-0.0098,0.0321,-0.0065,0.0243,0.0091,-0.0332,-0.0054,0.0795,-0.0098,0.0321,0.0000,0.0000,0.0000,2.0481,-6.3711,-11.0466
105711366,0.0066,0.0048,-0.0067,0.0299,-0.0108,0.0252,0.0094,-0.0341,-0.0054,0.0797,-0.0067,0.0299,0.0000,0.0000,0.0000,2.0481,-6.3711,-11.0466
105716366,0.0067,0.0050,-0.0089,0.0232,-0.0294,0.0255,0.0091,-0.0335,-0.0054,0.0798,-0.0089,0.0232,0.0000,0.0000,0.0000,2.0481,-6.3711,-11.0466
105721365,0.0068,0.0052,-0.0140,0.0211,-0.0349,0.0251,0.0097,-0.0334,-0.0055,0.0799,-0.0140,0.0211,0.0000,0.0000,0.0000,2.0481,-6.3711,-11.0466
105726366,0.0069,0.0053,-0.0214,0.0168,-0.0395,0.0241,0.0099,-0.0325,-0.0056,0.0800,-0.0214,0.0168,0.0000,0.0000,0.0000,2.0481,-6.3711,-11.0466
105731366,0.0070,0.0054,-0.0266,0.0137,-0.0505,0.0236,0.0103,-0.0319,-0.0058,0.0800,-0.0266,0.0137,0.0000,0.0000,0.0000,2.0481,-6.3711,-11.0466
105736366,0.0070,0.0055,-0.0330,0.0110,-0.0646,0.0228,0.0105,-0.0309,-0.0059,0.0801,-0.0305,0.0066,0.0000,0.2921,0.0000,2.0481,-6.3652,-11.0466
105741366,0.0070,0.0056,-0.0409,0.0073,-0.0750,0.0223,0.0095,-0.0289,-0.0060,0.0800,-0.0275,-0.0160,0.0000,1.5578,0.0000,2.0481,-6.3358,-11.0466
105746366,0.0070,0.0057,-0.0464,0.0061,-0.0792,0.0211,0.0102,-0.0283,-0.0062,0.0799,-0.0330,-0.0172,0.0000,1.5578,0.0000,2.0481,-6.3265,-11.0466
105751366,0.0069,0.0058,-0.0473,0.0101,-0.0798,0.0207,0.0115,-0.0292,-0.0064,0.0798,-0.0339,-0.0132,0.0000,1.5578,0.0000,2.0481,-6.3202,-11.0466
105756366,0.0068,0.0060,-0.0501,0.0086,-0.0808,0.0197,0.0124,-0.0289,-0.0066,0.0798,-0.0366,-0.0147,0.0000,1.5578,0.0000,2.0481,-6.3109,-11.0466
105761366,0.0067,0.0061,-0.0531,0.0140,-0.0640,0.0184,0.0141,-0.0300,-0.0068,0.0797,-0.0401,-0.0100,0.0000,1.5578,-0.0523,2.0481,-6.3046,-11.0478
105766366,0.0064,0.0063,-0.0470,0.0113,-0.0377,0.0183,0.0138,-0.0307,-0.0069,0.0796,-0.0340,-0.0128,0.0000,1.5578,-0.0523,2.0481,-6.2953,-11.0480
105771366,0.0062,0.0065,-0.0379,0.0049,-0.0233,0.0186,0.0131,-0.0308,-0.0071,0.0796,-0.0272,-0.0151,0.0000,1.2827,-0.0523,2.0481,-6.2951,-11.0483
105776366,0.0060,0.0065,-0.0315,-0.0082,-0.0206,0.0188,0.0114,-0.0294,-0.0072,0.0794,-0.0237,-0.0233,0.0000,0.9526,-0.0523,2.0481,-6.2949,-11.0485
105781366,0.0059,0.0066,-0.0263,-0.0174,-0.0224,0.0192,0.0100,-0.0284,-0.0073,0.0793,-0.0199,-0.0300,0.0000,0.7876,-0.0523,2.0481,-6.2948,-11.0489
105786366,0.0058,0.0066,-0.0202,-0.0287,-0.0212,0.0200,0.0079,-0.0271,-0.0074,0.0791,-0.0157,-0.0380,0.0000,0.5675,-0.0523,2.0481,-6.2951,-11.0491
105791366,0.0058,0.0066,-0.0162,-0.0321,-0.0123,0.0206,0.0069,-0.0270,-0.0074,0.0789,-0.0127,-0.0397,0.0000,0.4575,-0.0523,2.0481,-6.2952,-11.0494
105796366,0.0059,0.0063,-0.0171,-0.0330,-0.0065,0.0209,0.0059,-0.0265,-0.0075,0.0787,-0.0146,-0.0390,0.0000,0.3475,-0.0523,2.0481,-6.2949,-11.0496
105801366,0.0061,0.0062,-0.0186,-0.0312,-0.0093,0.0211,0.0055,-0.0263,-0.0076,0.0785,-0.0166,-0.0363,0.0000,0.2925,-0.0523,2.0481,-6.2948,-11.0499
105806366,0.0062,0.0059,-0.0211,-0.0229,-0.0059,0.0210,0.0061,-0.0269,-0.0077,0.0784,-0.0195,-0.0272,0.0000,0.2375,-0.0523,2.0481,-6.2943,-11.0501
105811366,0.0063,0.0058,-0.0296,-0.0052,0.0057,0.0195,0.0091,-0.0287,-0.0078,0.0784,-0.0285,-0.0087,0.0000,0.1825,-0.0523,2.0481,-6.2947,-11.0504
105816367,0.0063,0.0057,-0.0382,0.0027,0.0127,0.0179,0.0109,-0.0293,-0.0080,0.0784,-0.0375,0.0001,0.0000,0.1274,-0.0523,2.0481,-6.2949,-11.0506
105821366,0.0063,0.0057,-0.0388,0.0095,0.0106,0.0179,0.0121,-0.0304,-0.0082,0.0784,-0.0381,0.0068,0.0000,0.1274,-0.0523,2.0481,-6.2944,-11.0510
105826366,0.0062,0.0059,-0.0403,0.0125,0.0106,0.0171,0.0138,-0.0313,-0.0084,0.0784,-0.0401,0.0107,0.0000,0.0724,-0.0523,2.0481,-6.2950,-11.0511
105831366,0.0060,0.0061,-0.0415,0.0110,0.0188,0.0160,0.0146,-0.0313,-0.0086,0.0785,-0.0414,0.0091,0.0000,0.0724,-0.0523,2.0481,-6.2947,-11.0515
105836365,0.0058,0.0063,-0.0418,0.0076,0.0258,0.0149,0.0151,-0.0311,-0.0088,0.0785,-0.0423,0.0069,0.0000,0.0000,-0.0523,2.0481,-6.2954,-11.0517
105841366,0.0056,0.0064,-0.0406,0.0015,0.0246,0.0144,0.0149,-0.0303,-0.0090,0.0785,-0.0411,0.0007,0.0000,0.0000,-0.0523,2.0481,-6.2954,-11.0520
105846366,0.0054,0.0065,-0.0400,-0.0082,0.0185,0.0139,0.0140,-0.0286,-0.0092,0.0785,-0.0405,-0.0090,0.0000,0.0000,-0.0523,2.0481,-6.2954,-11.0522
105851366,0.0053,0.0066,-0.0363,-0.0171,0.0197,0.0141,0.0126,-0.0274,-0.0094,0.0784,-0.0368,-0.0179,0.0000,0.0000,-0.0523,2.0481,-6.2954,-11.0525
105856365,0.0052,0.0066,-0.0373,-0.0287,0.0271,0.0133,0.0109,-0.0252,-0.0096,0.0782,-0.0377,-0.0295,0.0000,0.0000,-0.0523,2.0481,-6.2954,-11.0527
105861366,0.0051,0.0066,-0.0363,-0.0330,0.0222,0.0131,0.0102,-0.0242,-0.0098,0.0781,-0.0368,-0.0338,0.0000,0.0000,-0.0523,2.0481,-6.2954,-11.0531
105866366,0.0050,0.0065,-0.0376,-0.0336,0.0197,0.0126,0.0103,-0.0237,-0.0100,0.0779,-0.0380,-0.0344,0.0000,0.0000,-0.0523,2.0481,-6.2954,-11.0532
105871366,0.0050,0.0065,-0.0391,-0.0315,0.0261,0.0120,0.0107,-0.0237,-0.0102,0.0777,-0.0395,-0.0322,0.0000,0.0000,-0.0523,2.0481,-6.2954,-11.0536
105876365,0.0047,0.0064,-0.0400,-0.0275,0.0283,0.0106,0.0118,-0.0235,-0.0104,0.0776,-0.0405,-0.0283,0.0000,0.0000,-0.0523,2.0481,-6.2954,-11.0538
105881366,0.0043,0.0064,-0.0400,-0.0254,0.0240,0.0094,0.0127,-0.0231,-0.0106,0.0775,-0.0405,-0.0261,0.0000,0.0000,-0.0523,2.0481,-6.2954,-11.0541
105886366,0.0041,0.0064,-0.0391,-0.0235,0.0188,0.0086,0.0135,-0.0228,-0.0108,0.0773,-0.0395,-0.0243,0.0000,0.0000,-0.0523,2.0481,-6.2954,-11.0543
105891366,0.0038,0.0064,-0.0388,-0.0226,0.0206,0.0076,0.0141,-0.0225,-0.0110,0.0772,-0.0392,-0.0234,0.0000,0.0000,-0.0523,2.0481,-6.2954,-11.0546
105896366,0.0036,0.0064,-0.0373,-0.0229,0.0231,0.0070,0.0144,-0.0223,-0.0112,0.0771,-0.0377,-0.0237,0.0000,0.0000,-0.0523,2.0481,-6.2954,-11.0548
105901366,0.0034,0.0064,-0.0391,-0.0275,0.0170,0.0060,0.0142,-0.0209,-0.0114,0.0770,-0.0395,-0.0283,0.0000,0.0000,-0.0523,2.0481,-6.2954,-11.0552
105906366,0.0032,0.0064,-0.0382,-0.0269,0.0151,0.0054,0.0147,-0.0207,-0.0116,0.0768,-0.0386,-0.0277,0.0000,0.0000,-0.0523,2.0481,-6.2954,-11.0554
105911366,0.0032,0.0064,-0.0400,-0.0299,0.0142,0.0048,0.0144,-0.0197,-0.0118,0.0767,-0.0405,-0.0307,0.0000,0.0000,-0.0523,2.0481,-6.2954,-11.0557
105916366,0.0031,0.0063,-0.0394,-0.0308,0.0148,0.0046,0.0142,-0.0194,-0.0120,0.0765,-0.0399,-0.0316,0.0000,0.0000,-0.0523,2.0481,-6.2954,-11.0559
105921366,0.0029,0.0063,-0.0412,-0.0324,0.0112,0.0037,0.0144,-0.0185,-0.0122,0.0764,-0.0417,-0.0332,0.0000,0.0000,-0.0523,2.0481,-6.2954,-11.0562
105926365,0.0028,0.0063,-0.0425,-0.0351,0.0063,0.0028,0.0143,-0.0174,-0.0124,0.0762,-0.0429,-0.0359,0.0000,0.0000,-0.0523,2.0481,-6.2954,-11.0564
105931366,0.0026,0.0062,-0.0415,-0.0348,0.0054,0.0023,0.0146,-0.0170,-0.0126,0.0760,-0.0420,-0.0356,0.0000,0.0000,-0.0523,2.0481,-6.2954,-11.0567
105936366,0.0023,0.0062,-0.0428,-0.0357,0.0011,0.0012,0.0149,-0.0161,-0.0128,0.0758,-0.0432,-0.0365,0.0000,0.0000,-0.0523,2.0481,-6.2954,-11.0569
105941366,0.0021,0.0061,-0.0412,-0.0363,-0.0010,0.0004,0.0150,-0.0153,-0.0130,0.0756,-0.0417,-0.0371,0.0000,0.0000,-0.0523,2.0481,-6.2954,-11.0572
105946366,0.0018,0.0060,-0.0415,-0.0412,-0.0130,-0.0008,0.0146,-0.0133,-0.0132,0.0754,-0.0420,-0.0420,0.0000,0.0000,-0.0523,2.0481,-6.2954,-11.0575
105951366,0.0014,0.0058,-0.0415,-0.0415,-0.0175,-0.0021,0.0147,-0.0119,-0.0134,0.0752,-0.0420,-0.0423,0.0000,0.0000,-0.0523,2.0481,-6.2954,-11.0578
105956366,0.0011,0.0057,-0.0403,-0.0440,-0.0221,-0.0030,0.0144,-0.0105,-0.0136,0.0750,-0.0408,-0.0448,0.0000,0.0000,-0.0523,2.0481,-6.2954,-11.0580
105961366,0.0008,0.0055,-0.0388,-0.0449,-0.0282,-0.0040,0.0141,-0.0090,-0.0138,0.0748,-0.0392,-0.0457,0.0000,0.0000,-0.0523,2.0481,-6.2954,-11.0583
105966366,0.0004,0.0051,-0.0367,-0.0458,-0.0349,-0.0049,0.0132,-0.0070,-0.0140,0.0745,-0.0371,-0.0466,0.0000,0.0000,-0.0523,2.0481,-6.2954,-11.0585
105971366,0.0004,0.0046,-0.0388,-0.0483,-0.0404,-0.0055,0.0116,-0.0045,-0.0142,0.0743,-0.0392,-0.0490,0.0000,0.0000,-0.0523,2.0481,-6.2954,-11.0588
105976366,0.0003,0.0042,-0.0370,-0.0504,-0.0447,-0.0053,0.0095,-0.0025,-0.0144,0.0740,-0.0374,-0.0512,0.0000,0.0000,-0.0523,2.0481,-6.2954,-11.0590
105981365,-0.0000,0.0037,-0.0373,-0.0501,-0.0469,-0.0067,0.0089,-0.0004,-0.0146,0.0738,-0.0377,-0.0509,0.0000,0.0000,-0.0523,2.0481,-6.2954,-11.0593
105986366,-0.0003,0.0034,-0.0363,-0.0510,-0.0484,-0.0078,0.0080,0.0017,-0.0148,0.0735,-0.0368,-0.0518,0.0000,0.0000,-0.0523,2.0481,-6.2954,-11.0596
105991366,-0.0007,0.0030,-0.0336,-0.0510,-0.0530,-0.0085,0.0071,0.0035,-0.0149,0.0732,-0.0340,-0.0518,0.0000,0.0000,-0.0523,2.0481,-6.2954,-11.0599
105996366,-0.0010,0.0026,-0.0339,-0.0522,-0.0508,-0.0099,0.0062,0.0057,-0.0151,0.0730,-0.0344,-0.0530,0.0000,0.0000,-0.0523,2.0481,-6.2954,-11.0601
106001366,-0.0012,0.0021,-0.0327,-0.0519,-0.0502,-0.0089,0.0040,0.0068,-0.0152,0.0727,-0.0108,-0.0527,-1.2959,0.0000,-0.0523,2.0204,-6.2954,-11.0604
106006365,-0.0015,0.0017,-0.0345,-0.0504,-0.0496,-0.0093,0.0030,0.0082,-0.0152,0.0725,0.0029,-0.0512,-2.1974,0.0000,-0.0523,1.9901,-6.2954,-11.0606
106011366,-0.0018,0.0012,-0.0333,-0.0495,-0.0481,-0.0102,0.0020,0.0100,-0.0151,0.0722,0.0041,-0.0503,-2.1974,0.0000,-0.0523,1.9813,-6.2954,-11.0609
106016366,-0.0021,0.0008,-0.0318,-0.0492,-0.0499,-0.0111,0.0011,0.0119,-0.0151,0.0720,0.0056,-0.0500,-2.1974,0.0000,-0.0523,1.9681,-6.2954,-11.0611
106021366,-0.0024,0.0004,-0.0266,-0.0458,-0.0472,-0.0109,0.0006,0.0121,-0.0150,0.0718,0.0144,-0.0404,-2.1974,0.0000,0.3658,1.9594,-6.2954,-11.0529
106026366,-0.0026,0.0001,-0.0208,-0.0452,-0.0411,-0.0115,-0.0001,0.0132,-0.0150,0.0716,0.0128,-0.0359,-1.6331,0.0000,0.6271,1.9593,-6.2954,-11.0453
106031366,-0.0029,-0.0003,-0.0208,-0.0428,-0.0346,-0.0129,-0.0006,0.0148,-0.0149,0.0714,0.0079,-0.0334,-1.3510,0.0000,0.6271,1.9590,-6.2954,-11.0415
106036366,-0.0029,-0.0008,-0.0171,-0.0400,-0.0249,-0.0128,-0.0019,0.0156,-0.0149,0.0713,0.0051,-0.0307,-0.9748,0.0000,0.6271,1.9596,-6.2954,-11.0390
106041366,-0.0028,-0.0012,-0.0205,-0.0339,-0.0133,-0.0136,-0.0020,0.0161,-0.0149,0.0711,-0.0015,-0.0246,-0.7868,0.0000,0.6271,1.9598,-6.2954,-11.0352
106046366,-0.0028,-0.0016,-0.0266,-0.0318,-0.0139,-0.0151,-0.0023,0.0180,-0.0150,0.0710,-0.0109,-0.0224,-0.5987,0.0000,0.6271,1.9594,-6.2954,-11.0327
106051366,-0.0028,-0.0018,-0.0315,-0.0315,-0.0136,-0.0159,-0.0027,0.0192,-0.0151,0.0709,-0.0174,-0.0221,-0.5046,0.0000,0.6271,1.9591,-6.2954,-11.0290
106056366,-0.0027,-0.0020,-0.0379,-0.0333,-0.0142,-0.0170,-0.0031,0.0207,-0.0152,0.0708,-0.0246,-0.0239,-0.4576,0.0000,0.6271,1.9574,-6.2954,-11.0265
106061366,-0.0029,-0.0021,-0.0391,-0.0370,-0.0188,-0.0174,-0.0031,0.0212,-0.0153,0.0707,-0.0215,-0.0202,-0.4576,0.0000,1.1256,1.9555,-6.2954,-11.0125
106066366,-0.0032,-0.0022,-0.0415,-0.0406,-0.0172,-0.0188,-0.0030,0.0224,-0.0154,0.0706,-0.0197,-0.0164,-0.4576,0.0000,1.6240,1.9528,-6.2954,-10.9963
106071366,-0.0032,-0.0023,-0.0437,-0.0452,-0.0151,-0.0193,-0.0041,0.0240,-0.0155,0.0705,-0.0218,-0.0210,-0.4576,0.0000,1.6240,1.9510,-6.2954,-10.9866
106076366,-0.0035,-0.0028,-0.0421,-0.0489,-0.0123,-0.0204,-0.0058,0.0266,-0.0156,0.0704,-0.0203,-0.0246,-0.4576,0.0000,1.6240,1.9482,-6.2954,-10.9801
106081366,-0.0038,-0.0033,-0.0480,-0.0522,-0.0081,-0.0218,-0.0066,0.0287,-0.0157,0.0703,-0.0144,-0.0156,-0.7250,0.0000,2.4540,1.9410,-6.2954,-10.9501
106086366,-0.0042,-0.0035,-0.0507,-0.0498,0.0442,-0.0236,-0.0072,0.0291,-0.0157,0.0702,-0.0033,-0.0132,-1.5272,0.0000,2.4540,1.9166,-6.2954,-10.9403
106091366,-0.0046,-0.0039,-0.0467,-0.0367,0.0542,-0.0242,-0.0057,0.0278,-0.0157,0.0703,0.0047,0.0070,-1.5272,0.0000,2.9259,1.9104,-6.2954,-10.9145
106096366,-0.0048,-0.0042,-0.0162,-0.0229,0.0338,-0.0189,-0.0066,0.0242,-0.0155,0.0704,0.0353,0.0208,-1.5272,0.0000,2.9259,1.9013,-6.2954,-10.9028
106101366,-0.0049,-0.0043,0.0098,0.0049,0.0597,-0.0147,-0.0050,0.0174,-0.0152,0.0706,0.0612,0.0486,-1.5272,0.0000,2.9259,1.8952,-6.2954,-10.8853
106106366,-0.0048,-0.0043,0.0629,0.0238,0.0851,-0.0033,-0.0083,0.0083,-0.0145,0.0710,0.1258,0.0658,-2.2471,0.0000,2.8156,1.8700,-6.2954,-10.8758
106111366,-0.0044,-0.0042,0.1048,0.0397,0.0753,0.0063,-0.0101,0.0009,-0.0137,0.0713,0.1663,0.0792,-2.2471,0.0000,2.6501,1.8610,-6.2954,-10.8631
106116365,-0.0038,-0.0042,0.1335,0.0535,0.0744,0.0142,-0.0117,-0.0054,-0.0127,0.0718,0.1950,0.0930,-2.2471,0.0000,2.6501,1.8475,-6.2954,-10.8525
106121366,-0.0030,-0.0042,0.1448,0.0629,0.0833,0.0194,-0.0127,-0.0099,-0.0117,0.0723,0.2063,0.1024,-2.2471,0.0000,2.6501,1.8385,-6.2954,-10.8366
106126366,-0.0022,-0.0040,0.1399,0.0791,0.1046,0.0206,-0.0109,-0.0137,-0.0108,0.0729,0.1896,0.1121,-1.7829,0.0000,2.2142,1.8354,-6.2954,-10.8355
106131366,-0.0013,-0.0037,0.1298,0.0757,0.1214,0.0199,-0.0109,-0.0136,-0.0100,0.0734,0.1521,0.1001,-0.4807,0.0000,1.6330,1.8562,-6.2954,-10.8355
106136366,-0.0008,-0.0034,0.0638,0.0467,0.1083,0.0082,-0.0090,-0.0033,-0.0097,0.0737,0.0687,0.0668,0.3876,0.0000,1.3424,1.8754,-6.2954,-10.8353
106141366,-0.0005,-0.0033,0.0199,0.0134,0.1071,0.0007,-0.0107,0.0059,-0.0096,0.0739,0.0218,0.0284,0.3876,0.0000,1.0034,1.8769,-6.2954,-10.8351
106146366,-0.0004,-0.0034,-0.0287,-0.0208,0.0891,-0.0082,-0.0121,0.0169,-0.0097,0.0738,-0.0284,-0.0087,0.3876,0.0000,0.8097,1.8792,-6.2954,-10.8353
106151366,-0.0005,-0.0035,-0.0541,-0.0489,0.0729,-0.0135,-0.0145,0.0252,-0.0100,0.0736,-0.0555,-0.0397,0.3876,0.0000,0.6159,1.8808,-6.2954,-10.8350
106156366,-0.0010,-0.0039,-0.0736,-0.0635,0.0704,-0.0194,-0.0152,0.0319,-0.0104,0.0733,-0.0763,-0.0565,0.3876,0.0000,0.4706,1.8831,-6.2954,-10.8357
106161366,-0.0015,-0.0044,-0.0718,-0.0696,0.0469,-0.0207,-0.0171,0.0360,-0.0107,0.0730,-0.0753,-0.0641,0.3876,0.0000,0.3738,1.8847,-6.2954,-10.8351
106166366,-0.0020,-0.0049,-0.0745,-0.0733,0.0304,-0.0232,-0.0180,0.0401,-0.0111,0.0727,-0.0788,-0.0692,0.3876,0.0000,0.2769,1.8870,-6.2954,-10.8356
106171366,-0.0023,-0.0052,-0.0785,-0.0846,0.0515,-0.0255,-0.0202,0.0437,-0.0115,0.0723,-0.0832,-0.0812,0.3876,0.0000,0.2285,1.8886,-6.2954,-10.8351
106176366,-0.0028,-0.0058,-0.0693,-0.0779,0.0839,-0.0261,-0.0215,0.0443,-0.0119,0.0719,-0.0745,-0.0752,0.3876,0.0000,0.1800,1.8909,-6.2954,-10.8353
106181366,-0.0032,-0.0063,-0.0623,-0.0559,0.0588,-0.0261,-0.0190,0.0428,-0.0122,0.0716,-0.0675,-0.0532,0.3876,0.0000,0.1800,1.8924,-6.2954,-10.8342
106186367,-0.0034,-0.0067,-0.0272,-0.0312,0.0319,-0.0210,-0.0164,0.0362,-0.0125,0.0716,-0.0486,-0.0002,0.3876,-1.8985,0.1800,1.8948,-6.3400,-10.8335
106191366,-0.0035,-0.0069,0.0116,-0.0018,0.0613,-0.0141,-0.0163,0.0281,-0.0125,0.0718,-0.0098,0.0291,0.3876,-1.8985,0.1800,1.8963,-6.3476,-10.8324
106196367,-0.0033,-0.0069,0.0577,0.0333,0.0600,-0.0045,-0.0153,0.0176,-0.0124,0.0721,0.0363,0.0643,0.3876,-1.8985,0.1800,1.8986,-6.3590,-10.8317
106201366,-0.0029,-0.0069,0.0834,0.0602,0.0203,0.0024,-0.0134,0.0102,-0.0120,0.0725,0.0620,0.0911,0.3876,-1.8985,0.1800,1.9002,-6.3666,-10.8306
106206366,-0.0024,-0.0067,0.0999,0.0892,0.0246,0.0078,-0.0110,0.0023,-0.0116,0.0731,0.0812,0.1154,0.3876,-1.5820,0.1800,1.9025,-6.3712,-10.8299
106211366,-0.0018,-0.0064,0.1048,0.1087,0.0561,0.0109,-0.0092,-0.0039,-0.0112,0.0738,0.0883,0.1311,0.3876,-1.3182,0.1800,1.9041,-6.3717,-10.8288
106216366,-0.0011,-0.0060,0.0953,0.1066,0.0600,0.0120,-0.0092,-0.0051,-0.0108,0.0744,0.0820,0.1234,0.3876,-0.9489,0.1800,1.9064,-6.3712,-10.8281
106221366,-0.0005,-0.0055,0.0751,0.1060,0.0326,0.0110,-0.0068,-0.0055,-0.0105,0.0750,0.0632,0.1205,0.3876,-0.7906,0.1800,1.9079,-6.3716,-10.8270
106226367,-0.0001,-0.0051,0.0528,0.0721,0.0002,0.0092,-0.0097,0.0005,-0.0103,0.0754,0.0427,0.0834,0.3876,-0.5796,0.1800,1.9103,-6.3715,-10.8263
106231366,0.0001,-0.0048,-0.0021,0.0467,0.0109,-0.0008,-0.0081,0.0085,-0.0103,0.0757,-0.0113,0.0565,0.3876,-0.4741,0.1800,1.9118,-6.3715,-10.8252
106236366,0.0001,-0.0046,-0.0199,0.0153,-0.0123,-0.0039,-0.0107,0.0151,-0.0105,0.0758,-0.0282,0.0235,0.3876,-0.3686,0.1800,1.9141,-6.3719,-10.8245
106241366,-0.0001,-0.0045,-0.0302,-0.0067,-0.0527,-0.0061,-0.0122,0.0204,-0.0106,0.0758,-0.0381,0.0007,0.3876,-0.3158,0.1800,1.9157,-6.3721,-10.8234
106246367,-0.0004,-0.0046,-0.0321,-0.0275,-0.0808,-0.0072,-0.0150,0.0253,-0.0108,0.0757,-0.0390,-0.0217,0.3876,-0.2103,0.1800,1.9180,-6.3715,-10.8227
106251366,-0.0007,-0.0048,-0.0308,-0.0467,-0.0731,-0.0083,-0.0187,0.0298,-0.0110,0.0755,-0.0373,-0.0417,0.3876,-0.1575,0.1800,1.9196,-6.3713,-10.8216
106256366,-0.0010,-0.0053,-0.0235,-0.0513,-0.0441,-0.0083,-0.0216,0.0315,-0.0112,0.0753,-0.0296,-0.0471,0.3876,-0.1048,0.1800,1.9219,-6.3712,-10.8209
106261366,-0.0011,-0.0057,-0.0089,-0.0480,-0.0377,-0.0060,-0.0239,0.0313,-0.0113,0.0750,-0.0149,-0.0437,0.3876,-0.1048,0.1800,1.9234,-6.3716,-10.8198
106266367,-0.0012,-0.0061,-0.0003,-0.0330,-0.0453,-0.0045,-0.0234,0.0296,-0.0113,0.0749,-0.0041,-0.0295,0.2807,-0.0520,0.1800,1.9232,-6.3712,-10.8191
106271366,-0.0012,-0.0064,0.0034,-0.0174,-0.0224,-0.0042,-0.0225,0.0276,-0.0113,0.0748,0.0005,-0.0139,0.2272,-0.0520,0.1800,1.9231,-6.3714,-10.8180
106276366,-0.0011,-0.0065,0.0336,0.0327,-0.0102,0.0021,-0.0179,0.0162,-0.0111,0.0750,0.0317,0.0361,0.1737,-0.0520,0.1800,1.9232,-6.3717,-10.8173
106281366,-0.0009,-0.0065,0.0467,0.0547,-0.0087,0.0053,-0.0157,0.0107,-0.0109,0.0753,0.0458,0.0581,0.1202,-0.0520,0.1800,1.9228,-6.3719,-10.8162
106286366,-0.0007,-0.0063,0.0565,0.0742,-0.0133,0.0081,-0.0133,0.0057,-0.0106,0.0757,0.0555,0.0777,0.1202,-0.0520,0.1800,1.9235,-6.3722,-10.8155
106291366,-0.0003,-0.0061,0.0678,0.0910,-0.0026,0.0120,-0.0120,0.0001,-0.0103,0.0762,0.0682,0.0937,0.0667,0.0000,0.1800,1.9228,-6.3711,-10.8144
106296366,0.0003,-0.0058,0.0693,0.0944,0.0130,0.0143,-0.0118,-0.0030,-0.0099,0.0766,0.0697,0.0971,0.0667,0.0000,0.1800,1.9232,-6.3711,-10.8137
106301366,0.0008,-0.0053,0.0626,0.0886,0.0087,0.0151,-0.0113,-0.0041,-0.0096,0.0771,0.0630,0.0913,0.0667,0.0000,0.1800,1.9234,-6.3711,-10.8126
106306366,0.0012,-0.0048,0.0489,0.0791,-0.0105,0.0143,-0.0104,-0.0035,-0.0093,0.0775,0.0504,0.0818,0.0000,0.0000,0.1800,1.9226,-6.3711,-10.8119
106311366,0.0016,-0.0044,0.0421,0.0644,-0.0313,0.0148,-0.0113,-0.0024,-0.0091,0.0778,0.0437,0.0671,0.0000,0.0000,0.1800,1.9226,-6.3711,-10.8109
106316365,0.0018,-0.0041,0.0363,0.0455,-0.0325,0.0148,-0.0131,-0.0004,-0.0089,0.0781,0.0379,0.0482,0.0000,0.0000,0.1800,1.9226,-6.3711,-10.8101
106321366,0.0020,-0.0039,0.0229,0.0128,-0.0505,0.0131,-0.0167,0.0055,-0.0088,0.0782,0.0245,0.0155,0.0000,0.0000,0.1800,1.9226,-6.3711,-10.8090
106326366,0.0022,-0.0037,0.0241,-0.0003,-0.0691,0.0143,-0.0186,0.0070,-0.0087,0.0782,0.0257,0.0024,0.0000,0.0000,0.1800,1.9226,-6.3711,-10.8083
106331366,0.0021,-0.0038,0.0199,-0.0110,-0.0710,0.0132,-0.0202,0.0097,-0.0086,0.0781,0.0214,-0.0083,0.0000,0.0000,0.1800,1.9226,-6.3711,-10.8072
106336365,0.0022,-0.0042,0.0211,-0.0165,-0.0688,0.0137,-0.0225,0.0115,-0.0085,0.0781,0.0226,-0.0138,0.0000,0.0000,0.1800,1.9226,-6.3711,-10.8065
106341366,0.0022,-0.0045,0.0220,-0.0140,-0.0627,0.0141,-0.0236,0.0118,-0.0084,0.0780,0.0235,-0.0114,0.0000,0.0000,0.1800,1.9226,-6.3711,-10.8056
106346366,0.0024,-0.0048,0.0235,-0.0055,-0.0615,0.0149,-0.0236,0.0110,-0.0082,0.0780,0.0241,-0.0028,0.0535,0.0000,0.1800,1.9239,-6.3711,-10.8043
106351367,0.0025,-0.0050,0.0287,0.0082,-0.0688,0.0165,-0.0227,0.0088,-0.0081,0.0781,0.0289,0.0117,0.0535,-0.0528,0.1800,1.9241,-6.3723,-10.8036
106356366,0.0027,-0.0051,0.0287,0.0263,-0.0673,0.0171,-0.0204,0.0059,-0.0079,0.0782,0.0289,0.0297,0.0535,-0.0528,0.1800,1.9244,-6.3725,-10.8025
106361367,0.0029,-0.0051,0.0330,0.0464,-0.0603,0.0186,-0.0180,0.0018,-0.0078,0.0785,0.0332,0.0499,0.0535,-0.0528,0.1800,1.9246,-6.3728,-10.8018
106366366,0.0031,-0.0050,0.0443,0.0806,-0.0731,0.0219,-0.0133,-0.0058,-0.0076,0.0789,0.0445,0.0841,0.0535,-0.0528,0.1800,1.9250,-6.3731,-10.8007
106371367,0.0034,-0.0048,0.0446,0.0913,-0.0664,0.0229,-0.0114,-0.0089,-0.0073,0.0793,0.0448,0.0948,0.0535,-0.0528,0.1800,1.9252,-6.3734,-10.8000
106376366,0.0037,-0.0044,0.0363,0.1017,-0.0447,0.0226,-0.0087,-0.0121,-0.0071,0.0799,0.0365,0.1052,0.0535,-0.0528,0.1800,1.9254,-6.3736,-10.7989
106381367,0.0041,-0.0040,0.0208,0.1078,-0.0414,0.0201,-0.0051,-0.0134,-0.0071,0.0804,0.0112,0.1113,0.6177,-0.0528,0.1800,1.9374,-6.3739,-10.7982
106386366,0.0043,-0.0036,0.0043,0.1087,-0.0411,0.0167,-0.0017,-0.0134,-0.0072,0.0810,-0.0219,0.1114,1.5582,-0.0528,0.1278,1.9612,-6.3741,-10.7983
106391367,0.0045,-0.0029,-0.0052,0.1087,-0.0322,0.0154,0.0009,-0.0151,-0.0074,0.0815,-0.0314,0.1114,1.5582,-0.0528,0.1278,1.9706,-6.3744,-10.7978
106396366,0.0044,-0.0023,-0.0171,0.0990,-0.0264,0.0120,0.0020,-0.0129,-0.0076,0.0820,-0.0532,0.0846,1.5582,-0.0528,-1.0171,1.9768,-6.3746,-10.8211
106401367,0.0044,-0.0018,-0.0217,0.0825,-0.0264,0.0105,0.0013,-0.0108,-0.0079,0.0823,-0.0627,0.0594,1.5582,-0.0528,-1.5983,1.9862,-6.3750,-10.8387
106406366,0.0043,-0.0013,-0.0272,0.0663,-0.0206,0.0093,0.0006,-0.0092,-0.0083,0.0825,-0.0682,0.0432,1.5582,-0.0528,-1.5983,1.9924,-6.3752,-10.8483
106411367,0.0042,-0.0010,-0.0254,0.0446,-0.0041,0.0092,-0.0020,-0.0071,-0.0086,0.0826,-0.0635,0.0216,1.3891,-0.0528,-1.5983,1.9982,-6.3755,-10.8546
106416366,0.0041,-0.0008,-0.0043,0.0363,-0.0068,0.0129,-0.0044,-0.0082,-0.0088,0.0827,-0.0385,0.0133,1.1637,-0.0528,-1.5983,1.9988,-6.3757,-10.8642
106421367,0.0040,-0.0006,0.0128,0.0327,-0.0136,0.0164,-0.0061,-0.0098,-0.0089,0.0827,-0.0156,0.0097,0.8257,-0.0528,-1.5983,1.9979,-6.3760,-10.8706
106426366,0.0040,-0.0004,0.0315,0.0296,-0.0197,0.0204,-0.0076,-0.0120,-0.0088,0.0828,0.0073,0.0107,0.7130,-0.0528,-1.3224,1.9988,-6.3762,-10.8743
106431367,0.0043,-0.0001,0.0449,0.0272,-0.0218,0.0246,-0.0089,-0.0148,-0.0087,0.0828,0.0266,0.0116,0.4876,-0.0528,-1.1018,1.9979,-6.3765,-10.8747
106436365,0.0047,-0.0001,0.0516,0.0238,-0.0178,0.0280,-0.0108,-0.0165,-0.0085,0.0829,0.0366,0.0123,0.4313,-0.0528,-0.8260,1.9986,-6.3767,-10.8749
106441367,0.0052,-0.0001,0.0492,0.0244,-0.0099,0.0296,-0.0115,-0.0177,-0.0083,0.0829,0.0375,0.0154,0.3186,-0.0528,-0.6605,1.9985,-6.3771,-10.8745
106446365,0.0057,-0.0001,0.0464,0.0290,-0.0029,0.0309,-0.0114,-0.0194,-0.0081,0.0831,0.0372,0.0224,0.2623,-0.0528,-0.4950,1.9985,-6.3773,-10.8742
106451367,0.0060,-0.0001,0.0391,0.0345,0.0054,0.0311,-0.0107,-0.0206,-0.0080,0.0832,0.0313,0.0288,0.2059,-0.0528,-0.4398,1.9987,-6.3776,-10.8749
106456366,0.0064,-0.0001,0.0290,0.0415,0.0286,0.0303,-0.0095,-0.0220,-0.0079,0.0834,0.0222,0.0358,0.1496,-0.0528,-0.4398,1.9982,-6.3778,-10.8775
106461366,0.0066,0.0000,0.0107,0.0535,0.0387,0.0278,-0.0060,-0.0232,-0.0078,0.0836,0.0048,0.0477,0.0932,-0.0528,-0.4398,1.9979,-6.3781,-10.8793
106466366,0.0068,0.0001,0.0064,0.0596,0.0472,0.0276,-0.0048,-0.0246,-0.0078,0.0839,0.0006,0.0538,0.0932,-0.0528,-0.4398,1.9983,-6.3783,-10.8819
106471367,0.0069,0.0002,0.0024,0.0617,0.0546,0.0270,-0.0041,-0.0249,-0.0079,0.0842,-0.0034,0.0559,0.0932,-0.0528,-0.4398,1.9988,-6.3786,-10.8837
106476366,0.0071,0.0005,0.0021,0.0660,0.0573,0.0278,-0.0025,-0.0275,-0.0079,0.0845,-0.0027,0.0602,0.0369,-0.0528,-0.4398,1.9979,-6.3788,-10.8863
106481367,0.0072,0.0007,0.0024,0.0767,0.0423,0.0283,-0.0003,-0.0295,-0.0079,0.0848,-0.0033,0.0694,0.0369,-0.0528,-0.5447,1.9981,-6.3792,-10.8902
106486366,0.0073,0.0011,-0.0043,0.0623,0.0032,0.0271,-0.0015,-0.0257,-0.0080,0.0850,-0.0227,0.0332,0.0369,-0.0528,-2.0129,1.9983,-6.3794,-10.9290
106491367,0.0074,0.0014,-0.0144,0.0541,-0.0032,0.0254,-0.0006,-0.0247,-0.0082,0.0851,-0.0338,0.0249,0.0932,-0.0528,-2.0129,1.9999,-6.3797,-10.9370
106496366,0.0074,0.0017,-0.0247,0.0376,0.0020,0.0236,-0.0016,-0.0221,-0.0084,0.0852,-0.0442,0.0084,0.0932,-0.0528,-2.0129,2.0003,-6.3799,-10.9491
106501367,0.0074,0.0019,-0.0312,0.0147,-0.0246,0.0223,-0.0040,-0.0174,-0.0087,0.0851,-0.0539,-0.0203,0.0932,-0.0528,-2.4035,2.0009,-6.3802,-10.9663
106506366,0.0073,0.0019,-0.0443,-0.0156,-0.0487,0.0198,-0.0072,-0.0108,-0.0090,0.0848,-0.0671,-0.0505,0.0932,-0.0528,-2.4035,2.0012,-6.3804,-10.9807
106511367,0.0073,0.0019,-0.0434,-0.0211,-0.0447,0.0197,-0.0082,-0.0098,-0.0093,0.0845,-0.0662,-0.0560,0.0932,-0.0528,-2.4035,2.0018,-6.3807,-10.9903
106516366,0.0072,0.0016,-0.0443,-0.0238,-0.0432,0.0195,-0.0094,-0.0084,-0.0097,0.0842,-0.0652,-0.0555,0.0932,-0.0528,-2.1820,2.0022,-6.3810,-11.0002
106521367,0.0070,0.0016,-0.0449,-0.0275,-0.0609,0.0190,-0.0091,-0.0076,-0.0100,0.0840,-0.0624,-0.0534,0.0932,-0.0528,-1.7943,2.0027,-6.3813,-11.0004
106526366,0.0067,0.0013,-0.0446,-0.0241,-0.0594,0.0179,-0.0086,-0.0070,-0.0103,0.0838,-0.0583,-0.0434,0.0932,-0.0528,-1.3513,2.0031,-6.3815,-11.0009
106531366,0.0064,0.0010,-0.0333,-0.0134,-0.0294,0.0190,-0.0088,-0.0091,-0.0105,0.0836,-0.0446,-0.0286,0.0932,-0.0528,-1.0744,2.0037,-6.3818,-11.0002
106536366,0.0062,0.0008,-0.0278,0.0012,0.0005,0.0190,-0.0074,-0.0116,-0.0107,0.0836,-0.0367,-0.0099,0.0932,-0.0528,-0.7975,2.0040,-6.3820,-11.0004
106541365,0.0061,0.0006,-0.0153,0.0147,0.0130,0.0207,-0.0067,-0.0145,-0.0108,0.0836,-0.0232,0.0052,0.0932,-0.0528,-0.6867,2.0046,-6.3823,-11.0011
106546366,0.0060,0.0005,-0.0049,0.0266,0.0060,0.0224,-0.0055,-0.0172,-0.0108,0.0837,-0.0110,0.0204,0.0932,-0.0528,-0.4652,2.0050,-6.3825,-11.0001
106551367,0.0060,0.0005,0.0037,0.0522,0.0118,0.0241,-0.0021,-0.0224,-0.0108,0.0839,-0.0019,0.0469,0.0932,-0.0528,-0.4098,2.0055,-6.3829,-11.0007
106556366,0.0061,0.0006,0.0144,0.0644,0.0258,0.0264,-0.0012,-0.0262,-0.0108,0.0842,0.0097,0.0608,0.0932,-0.0528,-0.2991,2.0059,-6.3831,-11.0006
106561366,0.0063,0.0010,0.0165,0.0651,0.0323,0.0278,-0.0005,-0.0286,-0.0107,0.0845,0.0123,0.0622,0.0932,-0.0528,-0.2437,2.0065,-6.3834,-11.0006
106566366,0.0066,0.0014,0.0122,0.0638,0.0216,0.0281,0.0009,-0.0298,-0.0107,0.0849,0.0085,0.0618,0.0932,-0.0528,-0.1883,2.0068,-6.3836,-11.0007
106571366,0.0068,0.0018,0.0061,0.0574,0.0106,0.0280,0.0014,-0.0298,-0.0107,0.0851,0.0029,0.0562,0.0932,-0.0528,-0.1329,2.0074,-6.3839,-11.0002
106576366,0.0069,0.0021,-0.0037,0.0461,0.0103,0.0267,0.0013,-0.0283,-0.0107,0.0854,-0.0069,0.0449,0.0932,-0.0528,-0.1329,2.0078,-6.3841,-11.0010
106581367,0.0071,0.0023,-0.0079,0.0382,0.0194,0.0263,0.0009,-0.0280,-0.0108,0.0855,-0.0107,0.0378,0.0932,-0.0528,-0.0776,2.0083,-6.3844,-11.0003
106586366,0.0071,0.0026,-0.0174,0.0250,0.0158,0.0248,0.0003,-0.0258,-0.0109,0.0857,-0.0201,0.0247,0.0932,-0.0528,-0.0776,2.0087,-6.3846,-11.0007
106591366,0.0071,0.0028,-0.0254,0.0162,0.0035,0.0235,0.0004,-0.0241,-0.0110,0.0857,-0.0281,0.0158,0.0932,-0.0528,-0.0776,2.0092,-6.3850,-11.0011
106596366,0.0071,0.0029,-0.0287,0.0095,-0.0029,0.0230,0.0003,-0.0232,-0.0112,0.0858,-0.0308,0.0103,0.0932,-0.0528,0.0000,2.0096,-6.3852,-11.0000
106601366,0.0071,0.0030,-0.0327,0.0055,0.0023,0.0220,0.0005,-0.0226,-0.0113,0.0858,-0.0347,0.0063,0.0932,-0.0528,0.0000,2.0102,-6.3855,-11.0000
106606366,0.0068,0.0029,-0.0296,0.0098,0.0032,0.0215,0.0011,-0.0227,-0.0115,0.0859,-0.0317,0.0106,0.0932,-0.0528,0.0000,2.0106,-6.3857,-11.0000
106611366,0.0066,0.0028,-0.0254,0.0156,0.0005,0.0215,0.0015,-0.0231,-0.0116,0.0860,-0.0274,0.0164,0.0932,-0.0528,0.0000,2.0111,-6.3860,-11.0000
106616366,0.0064,0.0026,-0.0238,0.0211,0.0014,0.0211,0.0021,-0.0233,-0.0118,0.0861,-0.0259,0.0219,0.0932,-0.0528,0.0000,2.0115,-6.3862,-11.0000
106621367,0.0063,0.0025,-0.0186,0.0266,0.0097,0.0216,0.0022,-0.0242,-0.0119,0.0862,-0.0207,0.0274,0.0932,-0.0528,0.0000,2.0120,-6.3865,-11.0000
106626366,0.0064,0.0024,-0.0147,0.0308,0.0167,0.0225,0.0021,-0.0252,-0.0120,0.0864,-0.0167,0.0316,0.0932,-0.0528,0.0000,2.0124,-6.3868,-11.0000
106631366,0.0065,0.0026,-0.0140,0.0302,0.0170,0.0231,0.0023,-0.0261,-0.0120,0.0865,-0.0161,0.0310,0.0932,-0.0528,0.0000,2.0130,-6.3871,-11.0000
106636366,0.0066,0.0029,-0.0153,0.0305,0.0139,0.0232,0.0033,-0.0270,-0.0121,0.0867,-0.0173,0.0313,0.0932,-0.0528,0.0000,2.0134,-6.3873,-11.0000
106641367,0.0067,0.0031,-0.0137,0.0278,0.0161,0.0238,0.0033,-0.0278,-0.0122,0.0868,-0.0158,0.0286,0.0932,-0.0528,0.0000,2.0139,-6.3876,-11.0000
106646366,0.0068,0.0033,-0.0189,0.0205,0.0194,0.0231,0.0031,-0.0269,-0.0123,0.0869,-0.0210,0.0212,0.0932,-0.0528,0.0000,2.0143,-6.3878,-11.0000
106651366,0.0068,0.0035,-0.0247,0.0177,0.0139,0.0223,0.0037,-0.0265,-0.0124,0.0870,-0.0268,0.0185,0.0932,-0.0528,0.0000,2.0148,-6.3881,-11.0000
106656366,0.0068,0.0036,-0.0269,0.0156,0.0112,0.0220,0.0041,-0.0265,-0.0126,0.0871,-0.0289,0.0164,0.0932,-0.0528,0.0000,2.0152,-6.3883,-11.0000
106661367,0.0069,0.0038,-0.0263,0.0131,0.0124,0.0222,0.0041,-0.0268,-0.0127,0.0872,-0.0283,0.0139,0.0932,-0.0528,0.0000,2.0158,-6.3886,-11.0000
106666366,0.0069,0.0038,-0.0305,0.0116,0.0115,0.0217,0.0042,-0.0264,-0.0129,0.0872,-0.0326,0.0124,0.0932,-0.0528,0.0000,2.0161,-6.3889,-11.0000
106671367,0.0070,0.0038,-0.0287,0.0110,0.0081,0.0225,0.0037,-0.0265,-0.0130,0.0873,-0.0308,0.0118,0.0932,-0.0528,0.0000,2.0167,-6.3892,-11.0000
106676366,0.0069,0.0036,-0.0302,0.0131,0.0026,0.0216,0.0040,-0.0256,-0.0132,0.0874,-0.0323,0.0139,0.0932,-0.0528,0.0000,2.0171,-6.3894,-11.0000
106681366,0.0067,0.0038,-0.0299,0.0150,0.0035,0.0210,0.0053,-0.0264,-0.0134,0.0874,-0.0320,0.0158,0.0932,-0.0528,0.0000,2.0176,-6.3897,-11.0000
106686366,0.0068,0.0038,-0.0296,0.0147,0.0054,0.0213,0.0048,-0.0263,-0.0135,0.0875,-0.0317,0.0154,0.0932,-0.0528,0.0000,2.0180,-6.3899,-11.0000
106691367,0.0067,0.0040,-0.0308,0.0153,0.0014,0.0208,0.0060,-0.0268,-0.0137,0.0876,-0.0329,0.0161,0.0932,-0.0528,0.0000,2.0186,-6.3902,-11.0000
106696366,0.0066,0.0042,-0.0281,0.0144,-0.0007,0.0209,0.0065,-0.0274,-0.0138,0.0877,-0.0302,0.0151,0.0932,-0.0528,0.0000,2.0189,-6.3904,-11.0000
106701367,0.0065,0.0044,-0.0290,0.0140,0.0023,0.0204,0.0074,-0.0279,-0.0140,0.0878,-0.0311,0.0148,0.0932,-0.0528,0.0000,2.0195,-6.3908,-11.0000
106706366,0.0065,0.0046,-0.0278,0.0110,0.0042,0.0205,0.0074,-0.0281,-0.0141,0.0878,-0.0299,0.0118,0.0932,-0.0528,0.0000,2.0199,-6.3910,-11.0000
106711366,0.0065,0.0047,-0.0296,0.0086,0.0014,0.0201,0.0078,-0.0280,-0.0143,0.0879,-0.0317,0.0093,0.0932,-0.0528,0.0000,2.0204,-6.3913,-11.0000
106716366,0.0064,0.0049,-0.0302,0.0070,-0.0004,0.0196,0.0085,-0.0280,-0.0145,0.0879,-0.0323,0.0078,0.0932,-0.0528,0.0000,2.0208,-6.3915,-11.0000
106721367,0.0063,0.0050,-0.0318,0.0061,-0.0038,0.0192,0.0091,-0.0281,-0.0146,0.0879,-0.0338,0.0069,0.0932,-0.0528,0.0000,2.0214,-6.3918,-11.0000
106726366,0.0064,0.0051,-0.0305,0.0055,-0.0044,0.0197,0.0088,-0.0284,-0.0148,0.0880,-0.0326,0.0063,0.0932,-0.0528,0.0000,2.0217,-6.3920,-11.0000
106731366,0.0064,0.0049,-0.0336,0.0067,-0.0056,0.0193,0.0088,-0.0278,-0.0150,0.0880,-0.0357,0.0075,0.0932,-0.0528,0.0000,2.0223,-6.3923,-11.0000
106736365,0.0064,0.0047,-0.0357,0.0070,-0.0142,0.0189,0.0085,-0.0269,-0.0152,0.0880,-0.0378,0.0078,0.0932,-0.0528,0.0000,2.0227,-6.3925,-11.0000
106741367,0.0064,0.0046,-0.0367,0.0061,-0.0148,0.0187,0.0079,-0.0261,-0.0154,0.0881,-0.0387,0.0069,0.0932,-0.0528,0.0000,2.0232,-6.3929,-11.0000
106746366,0.0063,0.0044,-0.0400,0.0079,-0.0145,0.0176,0.0080,-0.0251,-0.0156,0.0881,-0.0421,0.0087,0.0932,-0.0528,0.0000,2.0236,-6.3931,-11.0000
106751367,0.0060,0.0042,-0.0400,0.0067,-0.0157,0.0164,0.0078,-0.0236,-0.0158,0.0882,-0.0421,0.0075,0.0932,-0.0528,0.0000,2.0242,-6.3934,-11.0000
106756366,0.0057,0.0040,-0.0412,0.0055,-0.0163,0.0151,0.0075,-0.0220,-0.0160,0.0882,-0.0433,0.0063,0.0932,-0.0528,0.0000,2.0245,-6.3936,-11.0000
106761366,0.0054,0.0038,-0.0409,0.0064,-0.0175,0.0139,0.0077,-0.0209,-0.0162,0.0882,-0.0430,0.0072,0.0932,-0.0528,0.0000,2.0251,-6.3939,-11.0000
106766366,0.0051,0.0036,-0.0391,0.0055,-0.0154,0.0131,0.0072,-0.0198,-0.0164,0.0883,-0.0412,0.0063,0.0932,-0.0528,0.0000,2.0255,-6.3941,-11.0000
106771367,0.0048,0.0034,-0.0406,0.0055,-0.0139,0.0115,0.0074,-0.0184,-0.0166,0.0883,-0.0427,0.0063,0.0932,-0.0528,0.0000,2.0260,-6.3944,-11.0000
106776366,0.0045,0.0033,-0.0394,0.0067,-0.0136,0.0104,0.0078,-0.0176,-0.0168,0.0883,-0.0415,0.0075,0.0932,-0.0528,0.0000,2.0264,-6.3947,-11.0000
106781366,0.0042,0.0032,-0.0382,0.0095,-0.0139,0.0094,0.0082,-0.0171,-0.0170,0.0884,-0.0402,0.0103,0.0932,-0.0528,0.0000,2.0270,-6.3950,-11.0000
106786366,0.0038,0.0030,-0.0373,0.0070,-0.0099,0.0083,0.0078,-0.0156,-0.0172,0.0884,-0.0393,0.0078,0.0932,-0.0528,0.0000,2.0273,-6.3952,-11.0000
106791367,0.0035,0.0029,-0.0370,0.0082,-0.0105,0.0070,0.0082,-0.0148,-0.0174,0.0885,-0.0390,0.0090,0.0932,-0.0528,0.0000,2.0279,-6.3955,-11.0000
106796365,0.0032,0.0028,-0.0376,0.0076,-0.0105,0.0056,0.0083,-0.0135,-0.0176,0.0885,-0.0396,0.0084,0.0932,-0.0528,0.0000,2.0283,-6.3957,-11.0000
106801367,0.0028,0.0027,-0.0388,0.0067,-0.0081,0.0039,0.0087,-0.0123,-0.0178,0.0885,-0.0408,0.0075,0.0932,-0.0528,0.0000,2.0288,-6.3960,-11.0000
106806366,0.0025,0.0026,-0.0367,0.0089,-0.0075,0.0030,0.0090,-0.0118,-0.0180,0.0886,-0.0387,0.0096,0.0932,-0.0528,0.0000,2.0292,-6.3962,-11.0000
106811365,0.0022,0.0024,-0.0370,0.0076,-0.0065,0.0017,0.0090,-0.0104,-0.0182,0.0886,-0.0390,0.0084,0.0932,-0.0528,0.0000,2.0298,-6.3966,-11.0000
106816366,0.0019,0.0022,-0.0370,0.0067,-0.0038,0.0005,0.0088,-0.0091,-0.0184,0.0887,-0.0390,0.0075,0.0932,-0.0528,0.0000,2.0301,-6.3968,-11.0000
106821367,0.0016,0.0021,-0.0336,0.0076,-0.0035,0.0000,0.0086,-0.0085,-0.0186,0.0887,-0.0357,0.0084,0.0932,-0.0528,0.0000,2.0307,-6.3971,-11.0000
106826366,0.0014,0.0019,-0.0345,0.0082,-0.0041,-0.0012,0.0088,-0.0074,-0.0188,0.0888,-0.0366,0.0090,0.0932,-0.0528,0.0000,2.0311,-6.3973,-11.0000
106831366,0.0012,0.0017,-0.0345,0.0049,-0.0023,-0.0020,0.0078,-0.0056,-0.0190,0.0888,-0.0366,0.0057,0.0932,-0.0528,0.0000,2.0316,-6.3976,-11.0000
106836366,0.0010,0.0015,-0.0351,0.0049,-0.0026,-0.0030,0.0074,-0.0044,-0.0191,0.0888,-0.0372,0.0057,0.0932,-0.0528,0.0000,2.0320,-6.3978,-11.0000
106841367,0.0007,0.0013,-0.0351,0.0067,-0.0020,-0.0040,0.0076,-0.0035,-0.0193,0.0888,-0.0372,0.0075,0.0932,-0.0528,0.0000,2.0326,-6.3981,-11.0000
106846366,0.0004,0.0011,-0.0351,0.0070,-0.0016,-0.0052,0.0076,-0.0024,-0.0195,0.0889,-0.0372,0.0078,0.0932,-0.0528,0.0000,2.0329,-6.3983,-11.0000
106851366,0.0001,0.0009,-0.0379,0.0079,0.0002,-0.0057,0.0075,-0.0018,-0.0196,0.0889,-0.0228,0.0087,-0.9015,-0.0528,0.0000,2.0122,-6.3987,-11.0000
106856365,-0.0002,0.0008,-0.0379,0.0089,0.0002,-0.0062,0.0075,-0.0014,-0.0197,0.0890,-0.0121,0.0096,-1.5213,-0.0528,0.0000,1.9941,-6.3989,-11.0000
106861367,-0.0005,0.0007,-0.0363,0.0086,-0.0023,-0.0070,0.0074,-0.0003,-0.0197,0.0890,-0.0106,0.0093,-1.5213,-0.0528,0.0000,1.9850,-6.3992,-11.0000
106866366,-0.0008,0.0006,-0.0354,0.0113,-0.0004,-0.0082,0.0080,0.0002,-0.0198,0.0891,-0.0097,0.0121,-1.5213,-0.0528,0.0000,1.9789,-6.3994,-11.0000
106871366,-0.0011,0.0005,-0.0345,0.0110,0.0008,-0.0092,0.0081,0.0011,-0.0198,0.0891,-0.0088,0.0118,-1.5213,-0.0528,0.0000,1.9698,-6.3997,-11.0000
106876366,-0.0014,0.0003,-0.0302,0.0119,-0.0010,-0.0095,0.0080,0.0016,-0.0199,0.0892,-0.0045,0.0127,-1.5213,-0.0528,0.0000,1.9637,-6.3999,-11.0000
106881366,-0.0017,0.0003,-0.0250,0.0134,-0.0016,-0.0100,0.0084,0.0017,-0.0199,0.0893,-0.0034,0.0142,-1.2862,-0.0528,0.0000,1.9597,-6.4002,-11.0000
106886366,-0.0019,0.0002,-0.0232,0.0131,-0.0023,-0.0108,0.0082,0.0027,-0.0199,0.0893,-0.0056,0.0139,-1.0511,-0.0528,0.0000,1.9597,-6.4005,-11.0000
106891366,-0.0022,0.0001,-0.0229,0.0131,-0.0047,-0.0121,0.0086,0.0037,-0.0199,0.0894,-0.0101,0.0139,-0.7689,-0.0528,0.0000,1.9598,-6.4008,-11.0000
106896366,-0.0024,-0.0001,-0.0254,0.0144,-0.0065,-0.0137,0.0092,0.0047,-0.0200,0.0895,-0.0150,0.0151,-0.6279,-0.0528,0.0000,1.9597,-6.4010,-11.0000
106901366,-0.0027,-0.0001,-0.0232,0.0144,-0.0120,-0.0144,0.0094,0.0055,-0.0201,0.0896,-0.0153,0.0151,-0.4868,-0.0528,0.0000,1.9592,-6.4013,-11.0000
106906366,-0.0030,-0.0001,-0.0217,0.0156,-0.0175,-0.0153,0.0101,0.0058,-0.0202,0.0897,-0.0154,0.0164,-0.3928,-0.0528,0.0000,1.9594,-6.4015,-11.0000
106911367,-0.0032,-0.0002,-0.0186,0.0174,-0.0191,-0.0159,0.0107,0.0059,-0.0202,0.0897,-0.0139,0.0182,-0.2987,-0.0528,0.0000,1.9593,-6.4018,-11.0000
106916366,-0.0033,-0.0003,-0.0195,0.0140,-0.0230,-0.0163,0.0098,0.0074,-0.0203,0.0898,-0.0157,0.0148,-0.2517,-0.0528,0.0000,1.9591,-6.4020,-11.0000
106921367,-0.0031,-0.0004,-0.0205,0.0137,-0.0282,-0.0159,0.0096,0.0074,-0.0204,0.0899,-0.0166,0.0145,-0.2517,-0.0528,0.0000,1.9578,-6.4023,-11.0000
106926366,-0.0031,-0.0003,-0.0278,0.0144,-0.0288,-0.0169,0.0103,0.0078,-0.0205,0.0900,-0.0239,0.0151,-0.2517,-0.0528,0.0000,1.9568,-6.4026,-11.0000
106931367,-0.0030,-0.0003,-0.0308,0.0122,-0.0304,-0.0172,0.0102,0.0082,-0.0207,0.0900,-0.0270,0.0130,-0.2517,-0.0528,0.0000,1.9553,-6.4029,-11.0000
106936366,-0.0030,-0.0005,-0.0321,0.0113,-0.0337,-0.0176,0.0096,0.0093,-0.0208,0.0901,-0.0282,0.0121,-0.2517,-0.0528,0.0000,1.9543,-6.4031,-11.0000
106941367,-0.0030,-0.0006,-0.0351,0.0107,-0.0349,-0.0180,0.0095,0.0099,-0.0210,0.0901,-0.0312,0.0115,-0.2517,-0.0528,0.0000,1.9528,-6.4034,-11.0000
106946366,-0.0029,-0.0006,-0.0351,0.0095,-0.0359,-0.0178,0.0090,0.0102,-0.0211,0.0902,-0.0312,0.0102,-0.2517,-0.0528,0.0000,1.9518,-6.4036,-11.0000
106951367,-0.0032,-0.0008,-0.0360,0.0098,-0.0365,-0.0172,0.0081,0.0105,-0.0212,0.0903,-0.0101,0.0105,-1.5353,-0.0528,0.0000,1.9189,-6.4039,-11.0000
106956366,-0.0035,-0.0010,-0.0400,0.0113,-0.0414,-0.0192,0.0090,0.0118,-0.0212,0.0903,-0.0140,0.0121,-1.5353,-0.0528,0.0000,1.9128,-6.4041,-11.0000
106961367,-0.0038,-0.0010,-0.0363,0.0119,-0.0472,-0.0197,0.0095,0.0120,-0.0213,0.0904,-0.0087,0.0156,-1.5353,-0.0528,0.1953,1.9035,-6.4045,-10.9961
106966366,-0.0042,-0.0011,-0.0425,0.0131,-0.0551,-0.0209,0.0118,0.0113,-0.0213,0.0906,0.0014,0.0416,-1.6460,-0.0528,1.8553,1.8952,-6.4047,-10.9554
106971367,-0.0044,-0.0012,-0.0144,0.0110,-0.1431,-0.0140,0.0091,0.0103,-0.0210,0.0908,0.0448,0.0394,-2.5320,-0.0528,1.8553,1.8632,-6.4050,-10.9479
106976366,-0.0045,-0.0013,0.0089,0.0092,-0.1706,-0.0097,0.0071,0.0091,-0.0207,0.0910,0.0680,0.0376,-2.5320,-0.0528,1.8553,1.8531,-6.4052,-10.9368
106981367,-0.0045,-0.0014,0.0241,0.0037,-0.2042,-0.0064,0.0047,0.0095,-0.0203,0.0911,0.0833,0.0321,-2.5320,-0.0528,1.8553,1.8379,-6.4055,-10.9294
106986366,-0.0042,-0.0016,0.0278,-0.0003,-0.2329,-0.0046,0.0029,0.0107,-0.0199,0.0913,0.0783,0.0242,-2.1606,-0.0528,1.5931,1.8357,-6.4057,-10.9238
106991366,-0.0039,-0.0015,0.0241,0.0018,-0.2127,-0.0050,0.0031,0.0101,-0.0196,0.0914,0.0667,0.0225,-1.8356,-0.0528,1.3309,1.8307,-6.4060,-10.9232
106996366,-0.0037,-0.0017,0.0223,0.0165,-0.1715,-0.0054,0.0040,0.0080,-0.0193,0.0915,0.0618,0.0316,-1.8356,-0.0528,0.9638,1.8233,-6.4062,-10.9237
107001367,-0.0037,-0.0017,0.0205,0.0244,-0.1470,-0.0062,0.0048,0.0070,-0.0190,0.0917,0.0586,0.0372,-1.8356,-0.0528,0.8065,1.8123,-6.4066,-10.9233
107006366,-0.0037,-0.0018,0.0171,0.0363,-0.1391,-0.0071,0.0067,0.0057,-0.0187,0.0919,0.0534,0.0460,-1.8356,-0.0528,0.5968,1.8050,-6.4068,-10.9234
107011367,-0.0035,-0.0017,0.0134,0.0400,-0.1281,-0.0073,0.0072,0.0050,-0.0185,0.0922,0.0442,0.0481,-1.5664,-0.0528,0.4919,1.7997,-6.4071,-10.9233
107016366,-0.0032,-0.0015,0.0040,0.0489,-0.0957,-0.0091,0.0097,0.0030,-0.0183,0.0925,0.0287,0.0546,-1.2971,-0.0528,0.3346,1.7994,-6.4073,-10.9240
107021367,-0.0031,-0.0013,-0.0257,0.0418,-0.0902,-0.0149,0.0121,0.0063,-0.0184,0.0927,-0.0069,0.0468,-0.9740,-0.0528,0.2822,1.7992,-6.4076,-10.9237
107026366,-0.0034,-0.0010,-0.0354,0.0342,-0.0878,-0.0183,0.0132,0.0084,-0.0185,0.0929,-0.0208,0.0384,-0.7586,-0.0528,0.2297,1.8001,-6.4078,-10.9232
107031367,-0.0038,-0.0010,-0.0336,0.0272,-0.0811,-0.0196,0.0126,0.0101,-0.0186,0.0930,-0.0222,0.0306,-0.5970,-0.0528,0.1773,1.7993,-6.4081,-10.9235
107036366,-0.0040,-0.0008,-0.0351,0.0235,-0.0786,-0.0213,0.0135,0.0108,-0.0187,0.0932,-0.0261,0.0262,-0.4893,-0.0528,0.1248,1.7993,-6.4084,-10.9237
107041367,-0.0043,-0.0006,-0.0278,0.0183,-0.0805,-0.0210,0.0131,0.0109,-0.0188,0.0933,-0.0215,0.0210,-0.3277,-0.0528,0.1248,1.8001,-6.4087,-10.9232
107046366,-0.0045,-0.0005,-0.0202,0.0140,-0.0795,-0.0207,0.0125,0.0113,-0.0189,0.0934,-0.0153,0.0159,-0.2739,-0.0528,0.0724,1.7999,-6.4089,-10.9237
107051367,-0.0048,-0.0006,-0.0119,0.0131,-0.0795,-0.0201,0.0118,0.0113,-0.0189,0.0934,-0.0080,0.0150,-0.2200,-0.0528,0.0724,1.7995,-6.4092,-10.9234
107056366,-0.0049,-0.0007,-0.0064,0.0131,-0.0759,-0.0197,0.0110,0.0116,-0.0190,0.0935,-0.0040,0.0139,-0.1662,-0.0528,0.0000,1.7998,-6.4094,-10.9240
107061366,-0.0049,-0.0009,0.0031,0.0195,-0.0682,-0.0181,0.0106,0.0102,-0.0189,0.0936,0.0045,0.0203,-0.1123,-0.0528,0.0000,1.8000,-6.4097,-10.9240
107066366,-0.0049,-0.0010,0.0034,0.0293,-0.0676,-0.0181,0.0118,0.0089,-0.0189,0.0938,0.0048,0.0301,-0.1123,-0.0528,0.0000,1.7996,-6.4099,-10.9240
107071367,-0.0049,-0.0011,0.0018,0.0305,-0.0682,-0.0186,0.0119,0.0093,-0.0189,0.0939,0.0024,0.0313,-0.0585,-0.0528,0.0000,1.8001,-6.4103,-10.9240
107076366,-0.0049,-0.0012,-0.0006,0.0354,-0.0591,-0.0190,0.0125,0.0087,-0.0189,0.0941,-0.0001,0.0362,-0.0585,-0.0528,0.0000,1.7999,-6.4105,-10.9240
107081367,-0.0048,-0.0012,-0.0034,0.0382,-0.0478,-0.0195,0.0127,0.0085,-0.0189,0.0943,-0.0028,0.0390,-0.0585,-0.0528,0.0000,1.7995,-6.4108,-10.9240
107086366,-0.0049,-0.0009,-0.0046,0.0400,-0.0395,-0.0201,0.0143,0.0073,-0.0189,0.0945,-0.0040,0.0408,-0.0585,-0.0528,0.0000,1.7993,-6.4110,-10.9240
107091366,-0.0050,-0.0006,-0.0079,0.0388,-0.0352,-0.0212,0.0157,0.0069,-0.0190,0.0947,-0.0084,0.0396,0.0000,-0.0528,0.0000,1.8002,-6.4113,-10.9240
107096366,-0.0051,-0.0003,-0.0061,0.0373,-0.0304,-0.0215,0.0165,0.0062,-0.0190,0.0949,-0.0066,0.0380,0.0000,-0.0528,0.0000,1.8002,-6.4115,-10.9240
107101365,-0.0053,-0.0001,-0.0067,0.0363,-0.0203,-0.0225,0.0173,0.0060,-0.0190,0.0951,-0.0072,0.0371,0.0000,-0.0528,0.0000,1.8002,-6.4118,-10.9240
107106365,-0.0055,0.0000,-0.0046,0.0324,-0.0038,-0.0230,0.0171,0.0061,-0.0191,0.0952,-0.0050,0.0332,0.0000,-0.0528,0.0000,1.8002,-6.4120,-10.9240
107111366,-0.0057,0.0002,0.0034,0.0342,-0.0020,-0.0221,0.0175,0.0046,-0.0191,0.0954,0.0029,0.0350,0.0000,-0.0528,0.0000,1.8002,-6.4124,-10.9240
107116366,-0.0058,0.0003,0.0061,0.0324,-0.0013,-0.0221,0.0177,0.0044,-0.0190,0.0956,0.0057,0.0332,0.0000,-0.0528,0.0000,1.8002,-6.4126,-10.9240
107121367,-0.0059,0.0004,0.0110,0.0336,0.0014,-0.0216,0.0178,0.0037,-0.0190,0.0957,0.0105,0.0344,0.0000,-0.0528,0.0000,1.8002,-6.4129,-10.9240
107126366,-0.0060,0.0004,0.0150,0.0363,0.0072,-0.0212,0.0181,0.0028,-0.0189,0.0959,0.0145,0.0371,0.0000,-0.0528,0.0000,1.8002,-6.4131,-10.9240
107131366,-0.0060,0.0005,0.0217,0.0385,0.0121,-0.0202,0.0180,0.0017,-0.0188,0.0961,0.0212,0.0393,0.0000,-0.0528,0.0000,1.8002,-6.4134,-10.9240
107136366,-0.0061,0.0006,0.0208,0.0397,0.0118,-0.0206,0.0188,0.0013,-0.0187,0.0963,0.0203,0.0405,0.0000,-0.0528,0.0000,1.8002,-6.4136,-10.9240
107141367,-0.0059,0.0010,0.0223,0.0421,0.0124,-0.0198,0.0200,-0.0007,-0.0186,0.0965,0.0218,0.0429,0.0000,-0.0528,0.0000,1.8002,-6.4139,-10.9240
107146366,-0.0056,0.0012,0.0232,0.0409,0.0161,-0.0184,0.0200,-0.0022,-0.0185,0.0968,0.0228,0.0417,0.0000,-0.0528,0.0000,1.8002,-6.4142,-10.9240
107151367,-0.0053,0.0014,0.0211,0.0403,0.0222,-0.0176,0.0202,-0.0034,-0.0184,0.0970,0.0206,0.0411,0.0000,-0.0528,0.0000,1.8002,-6.4145,-10.9240
107156366,-0.0051,0.0017,0.0144,0.0403,0.0225,-0.0179,0.0212,-0.0042,-0.0183,0.0972,0.0139,0.0411,0.0000,-0.0528,0.0000,1.8002,-6.4147,-10.9240
107161367,-0.0048,0.0019,0.0110,0.0388,0.0234,-0.0175,0.0215,-0.0050,-0.0182,0.0974,0.0105,0.0396,0.0000,-0.0528,0.0000,1.8002,-6.4150,-10.9240
107166366,-0.0046,0.0021,0.0061,0.0360,0.0219,-0.0174,0.0218,-0.0052,-0.0182,0.0975,0.0057,0.0368,0.0000,-0.0528,0.0000,1.8002,-6.4152,-10.9240
107171366,-0.0043,0.0023,0.0021,0.0345,0.0210,-0.0172,0.0221,-0.0056,-0.0182,0.0977,0.0017,0.0353,0.0000,-0.0528,0.0000,1.8002,-6.4155,-10.9240
107176366,-0.0041,0.0025,-0.0009,0.0318,0.0219,-0.0170,0.0220,-0.0059,-0.0182,0.0979,-0.0014,0.0326,0.0000,-0.0528,0.0000,1.8002,-6.4157,-10.9240
107181367,-0.0043,0.0025,-0.0009,0.0293,0.0213,-0.0176,0.0220,-0.0052,-0.0182,0.0980,-0.0014,0.0301,0.0000,-0.0528,0.0000,1.8002,-6.4160,-10.9240
107186365,-0.0043,0.0024,-0.0015,0.0296,0.0191,-0.0180,0.0220,-0.0047,-0.0182,0.0982,-0.0020,0.0304,0.0000,-0.0528,0.0000,1.8002,-6.4163,-10.9240
107191366,-0.0045,0.0024,0.0003,0.0345,0.0191,-0.0181,0.0228,-0.0054,-0.0182,0.0984,-0.0001,0.0353,0.0000,-0.0528,0.0000,1.8002,-6.4166,-10.9240
107196366,-0.0045,0.0024,0.0034,0.0357,0.0210,-0.0179,0.0227,-0.0056,-0.0182,0.0985,0.0029,0.0365,0.0000,-0.0528,0.0000,1.8002,-6.4168,-10.9240
107201366,-0.0046,0.0024,0.0064,0.0425,0.0188,-0.0177,0.0239,-0.0070,-0.0182,0.0988,0.0060,0.0432,0.0000,-0.0528,0.0000,1.8002,-6.4171,-10.9240
107206366,-0.0048,0.0025,0.0110,0.0412,0.0182,-0.0172,0.0238,-0.0073,-0.0181,0.0990,0.0105,0.0420,0.0000,-0.0528,0.0000,1.8002,-6.4173,-10.9240
107211367,-0.0045,0.0025,0.0098,0.0428,0.0194,-0.0165,0.0238,-0.0080,-0.0181,0.0992,0.0093,0.0435,0.0000,-0.0528,0.0000,1.8002,-6.4176,-10.9240
107216366,-0.0043,0.0028,0.0095,0.0434,0.0213,-0.0159,0.0247,-0.0096,-0.0180,0.0994,0.0090,0.0442,0.0000,-0.0528,0.0000,1.8002,-6.4178,-10.9240
107221366,-0.0041,0.0031,0.0098,0.0421,0.0222,-0.0149,0.0250,-0.0109,-0.0180,0.0996,0.0093,0.0429,0.0000,-0.0528,0.0000,1.8002,-6.4182,-10.9240
107226366,-0.0040,0.0035,0.0089,0.0409,0.0213,-0.0145,0.0258,-0.0120,-0.0180,0.0998,0.0084,0.0417,0.0000,-0.0528,0.0000,1.8002,-6.4184,-10.9240
107231366,-0.0037,0.0037,0.0076,0.0394,0.0197,-0.0138,0.0260,-0.0129,-0.0179,0.1000,0.0072,0.0402,0.0000,-0.0528,0.0000,1.8002,-6.4187,-10.9240
107236366,-0.0035,0.0039,0.0089,0.0385,0.0182,-0.0124,0.0257,-0.0140,-0.0179,0.1002,0.0084,0.0393,0.0000,-0.0528,0.0000,1.8002,-6.4189,-10.9240
107241367,-0.0032,0.0041,0.0082,0.0379,0.0148,-0.0124,0.0251,-0.0132,-0.0179,0.1003,-0.0040,0.0182,0.0000,-0.0528,-1.3671,1.8002,-6.4192,-10.9537
107246366,-0.0031,0.0044,0.0067,0.0367,0.0139,-0.0124,0.0257,-0.0139,-0.0179,0.1004,-0.0076,0.0134,0.0000,-0.0528,-1.6112,1.8002,-6.4194,-10.9681
107251367,-0.0029,0.0044,0.0086,0.0409,0.0118,-0.0114,0.0258,-0.0149,-0.0180,0.1005,-0.0058,0.0177,0.0000,-0.0528,-1.6112,1.8002,-6.4197,-10.9746
107256366,-0.0027,0.0044,0.0098,0.0418,0.0115,-0.0101,0.0256,-0.0160,-0.0180,0.1006,-0.0046,0.0186,0.0000,-0.0528,-1.6112,1.8002,-6.4199,-10.9842
107261365,-0.0025,0.0044,0.0082,0.0437,0.0097,-0.0097,0.0257,-0.0163,-0.0180,0.1007,-0.0061,0.0204,0.0000,-0.0528,-1.6112,1.8002,-6.4203,-10.9907
107266366,-0.0025,0.0047,0.0098,0.0440,0.0081,-0.0094,0.0268,-0.0177,-0.0180,0.1008,-0.0046,0.0207,0.0000,-0.0528,-1.6112,1.8002,-6.4205,-11.0004
107271367,-0.0022,0.0050,0.0082,0.0440,0.0072,-0.0084,0.0274,-0.0193,-0.0181,0.1009,-0.0037,0.0249,0.0000,-0.0528,-1.3343,1.8002,-6.4208,-11.0007
107276366,-0.0020,0.0053,0.0079,0.0443,0.0054,-0.0075,0.0284,-0.0211,-0.0181,0.1010,-0.0017,0.0293,0.0000,-0.0528,-1.0574,1.8002,-6.4210,-11.0021
107281366,-0.0018,0.0053,0.0110,0.0458,0.0042,-0.0059,0.0280,-0.0223,-0.0181,0.1012,0.0014,0.0308,0.0000,-0.0528,-1.0574,1.8002,-6.4213,-11.0063
107286366,-0.0016,0.0057,0.0116,0.0434,-0.0010,-0.0050,0.0284,-0.0234,-0.0180,0.1013,0.0025,0.0276,0.0000,0.0000,-1.0574,1.8002,-6.4203,-11.0126
107291366,-0.0014,0.0060,0.0150,0.0476,-0.0047,-0.0033,0.0293,-0.0259,-0.0180,0.1015,0.0058,0.0319,0.0000,0.0000,-1.0574,1.8002,-6.4203,-11.0169
107296366,-0.0012,0.0059,0.0122,0.0397,-0.0652,-0.0024,0.0286,-0.0237,-0.0180,0.1016,0.0031,0.0239,0.0000,0.0000,-1.0574,1.8002,-6.4203,-11.0232
107301366,-0.0011,0.0062,0.0079,0.0281,-0.0679,-0.0026,0.0277,-0.0225,-0.0180,0.1017,-0.0012,0.0123,0.0000,0.0000,-1.0574,1.8002,-6.4203,-11.0274
107306366,-0.0009,0.0063,0.0049,0.0073,-0.0682,-0.0032,0.0243,-0.0185,-0.0181,0.1016,-0.0115,-0.0209,0.0000,0.0000,-1.8936,1.8002,-6.4203,-11.0536
107311366,-0.0008,0.0064,0.0012,-0.0125,-0.0847,-0.0033,0.0216,-0.0150,-0.0181,0.1014,-0.0152,-0.0408,0.0000,0.0000,-1.8936,1.8002,-6.4203,-11.0612
107316366,-0.0008,0.0064,-0.0095,-0.0312,-0.1037,-0.0050,0.0196,-0.0107,-0.0183,0.1011,-0.0258,-0.0594,0.0000,0.0000,-1.8936,1.8002,-6.4203,-11.0725
107321366,-0.0007,0.0063,-0.0116,-0.0489,-0.1131,-0.0050,0.0165,-0.0071,-0.0184,0.1007,-0.0280,-0.0771,0.0000,0.0000,-1.8936,1.8002,-6.4203,-11.0801
107326366,-0.0007,0.0061,-0.0113,-0.0538,-0.1046,-0.0046,0.0150,-0.0065,-0.0185,0.1003,-0.0247,-0.0769,0.0000,0.0000,-1.5545,1.8002,-6.4203,-11.0841
107331366,-0.0009,0.0058,-0.0110,-0.0538,-0.1000,-0.0053,0.0146,-0.0054,-0.0187,0.0999,-0.0232,-0.0748,0.0000,0.0000,-1.4092,1.8002,-6.4203,-11.0869
107336365,-0.0011,0.0055,-0.0107,-0.0547,-0.1089,-0.0060,0.0138,-0.0036,-0.0188,0.0996,-0.0229,-0.0757,0.0000,0.0000,-1.4092,1.8002,-6.4203,-11.0954
107341366,-0.0012,0.0052,-0.0076,-0.0278,-0.0789,-0.0063,0.0166,-0.0072,-0.0189,0.0993,-0.0198,-0.0488,0.0000,0.0000,-1.4092,1.8002,-6.4203,-11.1010
107346366,-0.0012,0.0049,0.0052,-0.0061,-0.0551,-0.0041,0.0176,-0.0114,-0.0189,0.0992,-0.0070,-0.0271,0.0000,0.0000,-1.4092,1.8002,-6.4203,-11.1095
107351366,-0.0012,0.0047,0.0061,0.0165,-0.0432,-0.0039,0.0204,-0.0149,-0.0189,0.0991,-0.0061,-0.0045,0.0000,0.0000,-1.4092,1.8002,-6.4203,-11.1151
107356366,-0.0011,0.0046,0.0079,0.0403,-0.0392,-0.0023,0.0246,-0.0208,-0.0189,0.0993,0.0071,0.0388,0.0000,0.0000,-0.1016,1.8002,-6.4203,-11.0953
107361366,-0.0010,0.0047,0.0119,0.0571,-0.0356,-0.0009,0.0273,-0.0250,-0.0188,0.0997,0.0157,0.0636,0.0000,0.0000,0.4359,1.8002,-6.4203,-11.0833
107366366,-0.0009,0.0048,0.0119,0.0693,-0.0279,-0.0007,0.0294,-0.0276,-0.0187,0.1000,0.0157,0.0758,0.0000,0.0000,0.4359,1.8002,-6.4203,-11.0807
107371366,-0.0007,0.0052,0.0089,0.0736,-0.0218,-0.0007,0.0317,-0.0301,-0.0187,0.1004,0.0126,0.0801,0.0000,0.0000,0.4359,1.8002,-6.4203,-11.0789
107376366,-0.0006,0.0057,0.0095,0.0706,-0.0191,-0.0002,0.0323,-0.0313,-0.0186,0.1008,0.0111,0.0734,0.0000,0.0000,0.1937,1.8002,-6.4203,-11.0812
107381366,-0.0005,0.0062,0.0095,0.0620,-0.0191,0.0001,0.0320,-0.0314,-0.0186,0.1011,0.0095,0.0620,0.0000,0.0000,0.0000,1.8002,-6.4203,-11.0850
107386366,-0.0004,0.0065,0.0058,0.0492,-0.0148,-0.0002,0.0313,-0.0305,-0.0185,0.1014,0.0058,0.0492,0.0000,0.0000,0.0000,1.8002,-6.4203,-11.0850
107391366,-0.0003,0.0068,0.0024,0.0223,-0.0105,-0.0006,0.0278,-0.0268,-0.0185,0.1015,0.0024,0.0223,0.0000,0.0000,0.0000,1.8002,-6.4203,-11.0850
107396366,-0.0002,0.0070,-0.0006,0.0095,-0.0068,-0.0009,0.0264,-0.0252,-0.0185,0.1015,-0.0006,0.0095,0.0000,0.0000,0.0000,1.8002,-6.4203,-11.0850
107401365,-0.0001,0.0071,-0.0031,-0.0018,-0.0096,-0.0011,0.0251,-0.0236,-0.0186,0.1015,-0.0031,-0.0018,0.0000,0.0000,0.0000,1.8002,-6.4203,-11.0850
107406366,-0.0001,0.0072,-0.0040,-0.0125,-0.0114,-0.0010,0.0235,-0.0221,-0.0186,0.1014,-0.0040,-0.0125,0.0000,0.0000,0.0000,1.8002,-6.4203,-11.0850
107411366,-0.0000,0.0072,-0.0043,-0.0159,-0.0084,-0.0008,0.0230,-0.0219,-0.0186,0.1014,-0.0043,-0.0159,0.0000,0.0000,0.0000,1.8002,-6.4203,-11.0850
107416366,-0.0001,0.0073,-0.0037,-0.0150,-0.0041,-0.0011,0.0234,-0.0221,-0.0186,0.1013,-0.0037,-0.0150,0.0000,0.0000,0.0000,1.8002,-6.4203,-11.0850
107421366,-0.0003,0.0071,-0.0024,-0.0119,0.0002,-0.0017,0.0236,-0.0220,-0.0186,0.1012,-0.0024,-0.0119,0.0000,0.0000,0.0000,1.8002,-6.4203,-11.0850
107426366,-0.0004,0.0069,-0.0003,-0.0061,0.0069,-0.0019,0.0239,-0.0222,-0.0186,0.1012,-0.0003,-0.0061,0.0000,0.0000,0.0000,1.8002,-6.4203,-11.0850
107431366,-0.0006,0.0068,0.0015,0.0003,0.0161,-0.0023,0.0245,-0.0229,-0.0186,0.1012,0.0015,0.0003,0.0000,0.0000,0.0000,1.8002,-6.4203,-11.0850
107436366,-0.0006,0.0066,0.0064,0.0128,0.0265,-0.0013,0.0252,-0.0249,-0.0186,0.1013,0.0064,0.0128,0.0000,0.0000,0.0000,1.8002,-6.4203,-11.0850
107441366,-0.0005,0.0064,0.0058,0.0205,0.0316,-0.0014,0.0259,-0.0257,-0.0186,0.1014,0.0058,0.0205,0.0000,0.0000,0.0000,1.8002,-6.4203,-11.0850
107446366,-0.0004,0.0067,0.0037,0.0217,0.0356,-0.0012,0.0267,-0.0269,-0.0185,0.1015,0.0037,0.0217,0.0000,0.0000,0.0000,1.8002,-6.4203,-11.0850
107451366,-0.0002,0.0069,0.0015,0.0217,0.0341,-0.0010,0.0274,-0.0277,-0.0185,0.1016,0.0015,0.0217,0.0000,0.0000,0.0000,1.8002,-6.4203,-11.0850
107456366,-0.0001,0.0071,0.0006,0.0220,0.0332,-0.0007,0.0281,-0.0287,-0.0185,0.1017,0.0006,0.0220,0.0000,0.0000,0.0000,1.8002,-6.4203,-11.0850
107461365,0.0000,0.0073,-0.0018,0.0174,0.0295,-0.0007,0.0281,-0.0285,-0.0185,0.1018,-0.0018,0.0174,0.0000,0.0000,0.0000,1.8002,-6.4203,-11.0850
107466365,0.0001,0.0075,-0.0043,0.0113,0.0277,-0.0008,0.0278,-0.0281,-0.0186,0.1018,-0.0043,0.0113,0.0000,0.0000,0.0000,1.8002,-6.4203,-11.0850
107471365,0.0002,0.0076,-0.0067,0.0046,0.0255,-0.0010,0.0273,-0.0274,-0.0186,0.1019,-0.0067,0.0046,0.0000,0.0000,0.0000,1.8002,-6.4203,-11.0850
107476365,0.0002,0.0078,-0.0067,0.0012,0.0203,-0.0006,0.0272,-0.0273,-0.0186,0.1019,-0.0067,0.0012,0.0000,0.0000,0.0000,1.8002,-6.4203,-11.0850
107481366,0.0003,0.0079,-0.0070,-0.0061,0.0118,-0.0005,0.0264,-0.0264,-0.0187,0.1018,-0.0070,-0.0061,0.0000,0.0000,0.0000,1.8002,-6.4203,-11.0850
107486366,0.0002,0.0080,-0.0086,-0.0064,0.0112,-0.0008,0.0269,-0.0265,-0.0187,0.1018,-0.0086,-0.0064,0.0000,0.0000,0.0000,1.8002,-6.4203,-11.0850
107491366,0.0002,0.0081,-0.0043,-0.0067,0.0118,-0.0002,0.0269,-0.0271,-0.0187,0.1018,-0.0043,-0.0067,0.0000,0.0000,0.0000,1.8002,-6.4203,-11.0850
107496366,0.0001,0.0082,-0.0021,-0.0061,0.0118,-0.0000,0.0272,-0.0277,-0.0187,0.1017,-0.0021,-0.0061,0.0000,0.0000,0.0000,1.8002,-6.4203,-11.0850
107501366,0.0002,0.0083,-0.0021,-0.0043,0.0100,0.0001,0.0279,-0.0284,-0.0187,0.1017,-0.0021,-0.0043,0.0000,0.0000,0.0000,1.8002,-6.4203,-11.0850
107506366,0.0002,0.0084,-0.0034,-0.0043,0.0090,0.0001,0.0283,-0.0287,-0.0188,0.1017,-0.0034,-0.0043,0.0000,0.0000,0.0000,1.8002,-6.4203,-11.0850
107511366,0.0003,0.0085,-0.0024,-0.0046,0.0081,0.0006,0.0284,-0.0293,-0.0188,0.1017,-0.0024,-0.0046,0.0000,0.0000,0.0000,1.8002,-6.4203,-11.0850
107516366,0.0003,0.0086,0.0015,-0.0049,0.0069,0.0014,0.0284,-0.0301,-0.0188,0.1017,0.0015,-0.0049,0.0000,0.0000,0.0000,1.8002,-6.4203,-11.0850
107521366,0.0004,0.0088,-0.0012,-0.0034,0.0060,0.0012,0.0291,-0.0306,-0.0188,0.1016,-0.0012,-0.0034,0.0000,0.0000,0.0000,1.8002,-6.4203,-11.0850
107526366,0.0005,0.0088,0.0006,-0.0073,-0.0038,0.0022,0.0285,-0.0305,-0.0188,0.1016,0.0006,-0.0073,0.0000,0.0000,0.0000,1.8002,-6.4203,-11.0850
107531366,0.0005,0.0089,-0.0012,-0.0107,-0.0093,0.0020,0.0284,-0.0301,-0.0188,0.1015,-0.0012,-0.0107,0.0000,0.0000,0.0000,1.8002,-6.4203,-11.0850
107536366,0.0006,0.0090,-0.0012,-0.0119,-0.0136,0.0023,0.0284,-0.0302,-0.0188,0.1015,-0.0012,-0.0119,0.0000,0.0000,0.0000,1.8002,-6.4203,-11.0850
107541366,0.0007,0.0091,-0.0003,-0.0125,-0.0178,0.0028,0.0284,-0.0305,-0.0188,0.1014,-0.0003,-0.0125,0.0000,0.0000,0.0000,1.8002,-6.4203,-11.0850
107546365,0.0008,0.0091,-0.0012,-0.0156,-0.0236,0.0031,0.0280,-0.0302,-0.0188,0.1013,-0.0012,-0.0156,0.0000,0.0000,0.0000,1.8002,-6.4203,-11.0850
107551366,0.0009,0.0092,-0.0009,-0.0162,-0.0294,0.0038,0.0278,-0.0304,-0.0188,0.1013,-0.0009,-0.0162,0.0000,0.0000,0.0000,1.8002,-6.4203,-11.0850
107556365,0.0010,0.0092,-0.0009,-0.0189,-0.0334,0.0042,0.0273,-0.0302,-0.0188,0.1012,-0.0009,-0.0189,0.0000,0.0000,0.0000,1.8002,-6.4203,-11.0850
107561366,0.0012,0.0092,-0.0012,-0.0199,-0.0371,0.0049,0.0268,-0.0303,-0.0188,0.1011,-0.0012,-0.0199,0.0000,0.0000,0.0000,1.8002,-6.4203,-11.0850
107566366,0.0013,0.0092,-0.0021,-0.0205,-0.0371,0.0052,0.0266,-0.0304,-0.0188,0.1010,-0.0021,-0.0205,0.0000,0.0000,0.0000,1.8002,-6.4203,-11.0850
107571366,0.0013,0.0092,-0.0037,-0.0189,-0.0414,0.0052,0.0271,-0.0307,-0.0188,0.1009,-0.0037,-0.0189,0.0000,0.0000,0.0000,1.8002,-6.4203,-11.0850
107576366,0.0014,0.0092,-0.0049,-0.0220,-0.0398,0.0051,0.0267,-0.0302,-0.0189,0.1008,-0.0049,-0.0220,0.0000,0.0000,0.0000,1.8002,-6.4203,-11.0850
107581366,0.0013,0.0093,-0.0058,-0.0211,-0.0414,0.0047,0.0271,-0.0302,-0.0189,0.1007,-0.0058,-0.0211,0.0000,0.0000,0.0000,1.8002,-6.4203,-11.0850
107586365,0.0013,0.0093,-0.0037,-0.0226,-0.0411,0.0050,0.0268,-0.0303,-0.0189,0.1005,-0.0037,-0.0226,0.0000,0.0000,0.0000,1.8002,-6.4203,-11.0850
107591366,0.0013,0.0093,-0.0027,-0.0260,-0.0398,0.0050,0.0262,-0.0297,-0.0189,0.1004,-0.0027,-0.0260,0.0000,0.0000,0.0000,1.8002,-6.4203,-11.0850
107596365,0.0013,0.0093,-0.0024,-0.0260,-0.0383,0.0051,0.0262,-0.0298,-0.0189,0.1003,-0.0024,-0.0260,0.0000,0.0000,0.0000,1.8002,-6.4203,-11.0850
107601366,0.0012,0.0093,-0.0015,-0.0278,-0.0346,0.0049,0.0258,-0.0294,-0.0189,0.1002,-0.0015,-0.0278,0.0000,0.0000,0.0000,1.8002,-6.4203,-11.0850
107606366,0.0011,0.0089,-0.0015,-0.0281,-0.0346,0.0044,0.0249,-0.0280,-0.0189,0.1000,-0.0015,-0.0281,0.0000,0.0000,0.0000,1.8002,-6.4203,-11.0850
107611366,0.0010,0.0086,-0.0006,-0.0257,-0.0322,0.0045,0.0239,-0.0271,-0.0189,0.0999,-0.0006,-0.0257,0.0000,0.0000,0.0000,1.8002,-6.4203,-11.0850
107616366,0.0010,0.0082,-0.0003,-0.0293,-0.0301,0.0043,0.0220,-0.0251,-0.0190,0.0997,-0.0003,-0.0293,0.0000,0.0000,0.0000,1.8002,-6.4203,-11.0850
107621366,0.0009,0.0078,-0.0031,-0.0278,-0.0255,0.0035,0.0212,-0.0237,-0.0190,0.0996,-0.0031,-0.0278,0.0000,0.0000,0.0000,1.8002,-6.4203,-11.0850
107626365,0.0009,0.0074,-0.0024,-0.0247,-0.0215,0.0034,0.0203,-0.0229,-0.0190,0.0995,-0.0024,-0.0247,0.0000,0.0000,0.0000,1.8002,-6.4203,-11.0850
107631366,0.0009,0.0070,-0.0012,-0.0226,-0.0194,0.0035,0.0193,-0.0221,-0.0190,0.0994,-0.0012,-0.0226,0.0000,0.0000,0.0000,1.8002,-6.4203,-11.0850
107636366,0.0009,0.0067,0.0012,-0.0192,-0.0136,0.0038,0.0184,-0.0217,-0.0190,0.0993,0.0012,-0.0192,0.0000,0.0000,0.0000,1.8002,-6.4203,-11.0850
107641366,0.0009,0.0064,0.0003,-0.0180,-0.0102,0.0040,0.0173,-0.0209,-0.0190,0.0992,0.0003,-0.0180,0.0000,0.0000,0.0000,1.8002,-6.4203,-11.0850
107646366,0.0012,0.0062,0.0012,-0.0186,-0.0093,0.0051,0.0160,-0.0207,-0.0190,0.0991,0.0012,-0.0186,0.0000,0.0000,0.0000,1.8002,-6.4203,-11.0850
107651366,0.0014,0.0061,0.0012,-0.0177,-0.0078,0.0059,0.0155,-0.0211,-0.0190,0.0990,0.0012,-0.0177,0.0000,0.0000,0.0000,1.8002,-6.4203,-11.0850
107656366,0.0016,0.0060,0.0000,-0.0192,-0.0062,0.0066,0.0144,-0.0207,-0.0190,0.0989,0.0000,-0.0192,0.0000,0.0000,0.0000,1.8002,-6.4203,-11.0850
107661366,0.0018,0.0059,-0.0009,-0.0199,-0.0071,0.0072,0.0138,-0.0207,-0.0190,0.0988,-0.0009,-0.0199,0.0000,0.0000,0.0000,1.8002,-6.4203,-11.0850
107666366,0.0020,0.0059,0.0003,-0.0241,-0.0056,0.0082,0.0124,-0.0203,-0.0190,0.0987,0.0003,-0.0241,0.0000,0.0000,0.0000,1.8002,-6.4203,-11.0850
107671366,0.0022,0.0058,-0.0021,-0.0244,-0.0056,0.0085,0.0118,-0.0201,-0.0190,0.0986,-0.0021,-0.0244,0.0000,0.0000,0.0000,1.8002,-6.4203,-11.0850
107676366,0.0024,0.0054,-0.0012,-0.0232,-0.0056,0.0093,0.0105,-0.0195,-0.0190,0.0984,-0.0012,-0.0232,0.0000,0.0000,0.0000,1.8002,-6.4203,-11.0850
107681366,0.0023,0.0051,-0.0040,-0.0244,-0.0050,0.0084,0.0094,-0.0177,-0.0190,0.0983,-0.0040,-0.0244,0.0000,0.0000,0.0000,1.8002,-6.4203,-11.0850
107686366,0.0023,0.0047,-0.0027,-0.0244,-0.0044,0.0086,0.0080,-0.0164,-0.0190,0.0982,-0.0027,-0.0244,0.0000,0.0000,0.0000,1.8002,-6.4203,-11.0850
107691366,0.0022,0.0043,-0.0018,-0.0250,-0.0032,0.0086,0.0066,-0.0150,-0.0190,0.0981,-0.0018,-0.0250,0.0000,0.0000,0.0000,1.8002,-6.4203,-11.0850
107696366,0.0021,0.0040,-0.0009,-0.0263,-0.0013,0.0083,0.0053,-0.0135,-0.0190,0.0979,-0.0009,-0.0263,0.0000,0.0000,0.0000,1.8002,-6.4203,-11.0850
107701366,0.0020,0.0036,-0.0009,-0.0260,-0.0004,0.0079,0.0043,-0.0122,-0.0190,0.0978,-0.0009,-0.0260,0.0000,0.0000,0.0000,1.8002,-6.4203,-11.0850
107706366,0.0019,0.0033,-0.0018,-0.0235,-0.0004,0.0073,0.0039,-0.0112,-0.0190,0.0977,-0.0018,-0.0235,0.0000,0.0000,0.0000,1.8002,-6.4203,-11.0850
107711366,0.0018,0.0029,-0.0027,-0.0247,-0.0001,0.0069,0.0026,-0.0095,-0.0191,0.0976,-0.0027,-0.0247,0.0000,0.0000,0.0000,1.8002,-6.4203,-11.0850
107716365,0.0018,0.0026,-0.0012,-0.0205,-0.0023,0.0070,0.0020,-0.0090,-0.0191,0.0975,-0.0012,-0.0205,0.0000,0.0000,0.0000,1.8002,-6.4203,-11.0850
107721366,0.0019,0.0022,-0.0009,-0.0189,-0.0062,0.0075,0.0010,-0.0082,-0.0191,0.0974,-0.0009,-0.0189,0.0000,0.0000,0.0000,1.8002,-6.4203,-11.0850
107726366,0.0019,0.0019,-0.0027,-0.0208,-0.0099,0.0073,-0.0005,-0.0065,-0.0191,0.0973,-0.0027,-0.0208,0.0000,0.0000,0.0000,1.8002,-6.4203,-11.0850
107731366,0.0020,0.0015,-0.0049,-0.0186,-0.0133,0.0071,-0.0012,-0.0055,-0.0191,0.0972,-0.0049,-0.0186,0.0000,0.0000,0.0000,1.8002,-6.4203,-11.0850
107736366,0.0020,0.0012,-0.0046,-0.0153,-0.0172,0.0075,-0.0019,-0.0050,-0.0191,0.0971,-0.0046,-0.0153,0.0000,0.0000,0.0000,1.8002,-6.4203,-11.0850
107741365,0.0020,0.0008,-0.0018,-0.0168,-0.0236,0.0081,-0.0035,-0.0037,-0.0191,0.0970,-0.0018,-0.0168,0.0000,0.0000,0.0000,1.8002,-6.4203,-11.0850
107746366,0.0020,0.0005,-0.0024,-0.0147,-0.0267,0.0080,-0.0042,-0.0028,-0.0192,0.0969,-0.0024,-0.0147,0.0000,0.0000,0.0000,1.8002,-6.4203,-11.0850
107751365,0.0020,0.0002,-0.0046,-0.0144,-0.0279,0.0076,-0.0051,-0.0014,-0.0192,0.0969,-0.0046,-0.0144,0.0000,0.0000,0.0000,1.8002,-6.4203,-11.0850
107756365,0.0021,-0.0002,-0.0015,-0.0137,-0.0288,0.0084,-0.0065,-0.0008,-0.0192,0.0968,-0.0015,-0.0137,0.0000,0.0000,0.0000,1.8002,-6.4203,-11.0850
107761366,0.0020,-0.0005,-0.0043,-0.0140,-0.0307,0.0077,-0.0073,0.0008,-0.0192,0.0967,-0.0043,-0.0140,0.0000,0.0000,0.0000,1.8002,-6.4203,-11.0850
107766366,0.0020,-0.0008,-0.0015,-0.0147,-0.0288,0.0081,-0.0087,0.0018,-0.0192,0.0967,-0.0015,-0.0147,0.0000,0.0000,0.0000,1.8002,-6.4203,-11.0850
107771366,0.0019,-0.0011,-0.0034,-0.0153,-0.0279,0.0072,-0.0094,0.0033,-0.0192,0.0966,-0.0034,-0.0153,0.0000,0.0000,0.0000,1.8002,-6.4203,-11.0850
107776366,0.0018,-0.0014,-0.0024,-0.0150,-0.0291,0.0072,-0.0104,0.0044,-0.0192,0.0965,-0.0024,-0.0150,0.0000,0.0000,0.0000,1.8002,-6.4203,-11.0850
107781366,0.0018,-0.0017,-0.0021,-0.0137,-0.0246,0.0070,-0.0114,0.0053,-0.0193,0.0964,-0.0021,-0.0137,0.0000,0.0000,0.0000,1.8002,-6.4203,-11.0850
107786366,0.0018,-0.0021,-0.0018,-0.0116,-0.0246,0.0071,-0.0122,0.0060,-0.0193,0.0964,-0.0018,-0.0116,0.0000,0.0000,0.0000,1.8002,-6.4203,-11.0850
107791366,0.0018,-0.0024,-0.0018,-0.0098,-0.0215,0.0070,-0.0129,0.0067,-0.0193,0.0963,-0.0018,-0.0098,0.0000,0.0000,0.0000,1.8002,-6.4203,-11.0850
107796366,0.0016,-0.0026,-0.0018,-0.0067,-0.0154,0.0064,-0.0130,0.0072,-0.0193,0.0963,-0.0018,-0.0067,0.0000,0.0000,0.0000,1.8002,-6.4203,-11.0850
107801366,0.0015,-0.0027,0.0009,-0.0037,-0.0090,0.0062,-0.0129,0.0071,-0.0193,0.0963,0.0009,-0.0037,0.0000,0.0000,0.0000,1.8002,-6.4203,-11.0850
107806366,0.0013,-0.0028,0.0021,-0.0046,0.0020,0.0057,-0.0132,0.0075,-0.0193,0.0963,0.0021,-0.0046,0.0000,0.0000,0.0000,1.8002,-6.4203,-11.0850
107811366,0.0013,-0.0027,0.0018,-0.0058,0.0069,0.0053,-0.0130,0.0075,-0.0193,0.0962,0.0018,-0.0058,0.0000,0.0000,0.0000,1.8002,-6.4203,-11.0850
107816367,0.0013,-0.0026,0.0012,-0.0073,0.0106,0.0053,-0.0129,0.0072,-0.0193,0.0962,0.0007,-0.0065,0.0000,-0.0559,0.0000,1.8002,-6.4217,-11.0850
107821366,0.0012,-0.0025,0.0018,-0.0076,0.0145,0.0050,-0.0127,0.0072,-0.0192,0.0962,0.0014,-0.0068,0.0000,-0.0559,0.0000,1.8002,-6.4220,-11.0850
107826367,0.0011,-0.0025,0.0012,-0.0110,0.0182,0.0043,-0.0130,0.0080,-0.0192,0.0961,0.0007,-0.0102,0.0000,-0.0559,0.0000,1.8002,-6.4223,-11.0850
107831366,0.0010,-0.0025,0.0052,-0.0140,0.0203,0.0048,-0.0137,0.0081,-0.0192,0.0960,0.0047,-0.0132,0.0000,-0.0559,0.0000,1.8002,-6.4225,-11.0850
107836367,0.0010,-0.0024,0.0046,-0.0153,0.0210,0.0045,-0.0136,0.0083,-0.0192,0.0960,0.0045,-0.0137,0.0000,-0.0559,0.0484,1.8002,-6.4229,-11.0840
107841366,0.0008,-0.0025,0.0043,-0.0174,0.0228,0.0039,-0.0139,0.0091,-0.0192,0.0959,0.0042,-0.0159,0.0000,-0.0559,0.0484,1.8002,-6.4231,-11.0837
107846366,0.0008,-0.0028,0.0037,-0.0168,0.0228,0.0037,-0.0148,0.0103,-0.0192,0.0958,0.0036,-0.0152,0.0000,-0.0559,0.0484,1.8002,-6.4234,-11.0835
107851366,0.0007,-0.0031,0.0052,-0.0208,0.0249,0.0034,-0.0163,0.0119,-0.0191,0.0957,0.0051,-0.0192,0.0000,-0.0559,0.0484,1.8002,-6.4236,-11.0832
107856367,0.0005,-0.0033,0.0024,-0.0192,0.0185,0.0014,-0.0141,0.0120,-0.0192,0.0957,-0.0105,0.0047,0.0000,-1.5588,0.0484,1.8002,-6.4568,-11.0830
107861366,0.0004,-0.0036,0.0067,-0.0195,0.0084,0.0018,-0.0149,0.0128,-0.0192,0.0958,-0.0079,0.0073,0.0000,-1.7527,0.0484,1.8002,-6.4677,-11.0827
107866367,0.0005,-0.0039,0.0061,-0.0131,-0.0001,0.0022,-0.0150,0.0128,-0.0193,0.0958,-0.0085,0.0137,0.0000,-1.7527,0.0484,1.8002,-6.4782,-11.0825
107871366,0.0004,-0.0041,0.0086,-0.0125,-0.0090,0.0023,-0.0154,0.0134,-0.0193,0.0959,-0.0061,0.0143,0.0000,-1.7527,0.0484,1.8002,-6.4852,-11.0823
107876367,0.0005,-0.0043,0.0049,-0.0058,-0.0328,0.0024,-0.0148,0.0137,-0.0193,0.0960,-0.0097,0.0211,0.0000,-1.7527,0.0484,1.8002,-6.4957,-11.0821
107881366,0.0006,-0.0046,0.0092,-0.0031,-0.0585,0.0039,-0.0158,0.0141,-0.0194,0.0961,-0.0037,0.0207,0.0000,-1.5462,0.0484,1.8002,-6.4984,-11.0818
107886367,0.0007,-0.0048,0.0046,0.0073,-0.0759,0.0038,-0.0149,0.0139,-0.0194,0.0963,-0.0043,0.0257,0.0000,-1.1331,0.1007,1.8002,-6.4982,-11.0805
107891366,0.0006,-0.0047,0.0067,0.0113,-0.0823,0.0050,-0.0130,0.0112,-0.0193,0.0965,0.0126,0.0492,0.0000,-0.9265,1.6163,1.8002,-6.4982,-11.0434
107896367,0.0005,-0.0046,0.0058,0.0104,-0.0908,0.0047,-0.0125,0.0113,-0.0193,0.0967,0.0126,0.0468,0.0000,-0.8233,1.6163,1.8002,-6.5012,-11.0369
107901366,0.0005,-0.0044,0.0098,0.0110,-0.1040,0.0057,-0.0120,0.0103,-0.0192,0.0970,0.0166,0.0474,0.0000,-0.8233,1.6163,1.8002,-6.5045,-11.0272
107906366,0.0004,-0.0046,0.0040,0.0021,-0.1021,0.0042,-0.0134,0.0131,-0.0191,0.0972,0.0108,0.0385,0.0000,-0.8233,1.6163,1.8002,-6.5094,-11.0207
107911366,0.0003,-0.0048,0.0076,0.0052,-0.0737,0.0042,-0.0140,0.0126,-0.0190,0.0974,0.0144,0.0416,0.0000,-0.8233,1.6163,1.8002,-6.5127,-11.0110
107916367,0.0003,-0.0049,0.0031,0.0137,-0.0560,0.0030,-0.0129,0.0121,-0.0190,0.0976,0.0099,0.0501,0.0000,-0.8233,1.6163,1.8002,-6.5177,-11.0046
107921366,0.0003,-0.0051,0.0153,0.0232,-0.0670,0.0054,-0.0131,0.0103,-0.0189,0.0979,0.0192,0.0546,0.0000,-0.8233,1.2840,1.8002,-6.5210,-11.0022
107926366,0.0003,-0.0051,0.0089,0.0345,-0.0710,0.0039,-0.0109,0.0097,-0.0188,0.0982,0.0109,0.0626,0.0000,-0.8233,1.0625,1.8002,-6.5259,-11.0018
107931366,0.0005,-0.0051,0.0098,0.0464,-0.0578,0.0046,-0.0097,0.0073,-0.0188,0.0986,0.0095,0.0704,0.0000,-0.8233,0.7856,1.8002,-6.5292,-11.0018
107936367,0.0006,-0.0047,0.0131,0.0547,-0.0438,0.0055,-0.0077,0.0039,-0.0187,0.0989,0.0119,0.0770,0.0000,-0.8233,0.6748,1.8002,-6.5341,-11.0011
107941366,0.0005,-0.0044,0.0128,0.0574,-0.0407,0.0048,-0.0063,0.0030,-0.0187,0.0993,0.0097,0.0765,0.0000,-0.8233,0.4533,1.8002,-6.5374,-11.0022
107946367,0.0005,-0.0041,0.0211,0.0480,-0.0615,0.0067,-0.0072,0.0029,-0.0186,0.0997,0.0174,0.0662,0.0000,-0.8233,0.3979,1.8002,-6.5424,-11.0016
107951366,0.0006,-0.0038,0.0266,0.0370,-0.0441,0.0078,-0.0091,0.0031,-0.0185,0.0999,0.0229,0.0519,0.0000,-0.7132,0.2872,1.8002,-6.5434,-11.0017
107956367,0.0007,-0.0036,0.0272,0.0238,-0.0414,0.0085,-0.0111,0.0042,-0.0184,0.1001,0.0245,0.0355,0.0000,-0.5482,0.2318,1.8002,-6.5439,-11.0018
107961366,0.0009,-0.0034,0.0244,0.0073,-0.0591,0.0087,-0.0131,0.0067,-0.0183,0.1002,0.0222,0.0165,0.0000,-0.4382,0.1764,1.8002,-6.5436,-11.0017
107966365,0.0010,-0.0033,0.0263,-0.0098,-0.0746,0.0099,-0.0161,0.0091,-0.0181,0.1002,0.0245,-0.0031,0.0000,-0.3282,0.1210,1.8002,-6.5437,-11.0021
107971366,0.0012,-0.0033,0.0324,-0.0269,-0.0740,0.0117,-0.0200,0.0111,-0.0180,0.1001,0.0311,-0.0210,0.0000,-0.2731,0.1210,1.8002,-6.5438,-11.0014
107976366,0.0013,-0.0034,0.0330,-0.0391,-0.0591,0.0121,-0.0228,0.0130,-0.0178,0.0999,0.0317,-0.0349,0.0000,-0.2181,0.0656,1.8002,-6.5441,-11.0021
107981366,0.0014,-0.0035,0.0391,-0.0461,-0.0545,0.0139,-0.0254,0.0136,-0.0176,0.0997,0.0383,-0.0427,0.0000,-0.1631,0.0656,1.8002,-6.5437,-11.0017
107986366,0.0017,-0.0036,0.0418,-0.0495,-0.0594,0.0155,-0.0271,0.0139,-0.0174,0.0994,0.0415,-0.0469,0.0000,-0.1081,0.0656,1.8002,-6.5435,-11.0014
107991366,0.0021,-0.0040,0.0425,-0.0421,-0.0701,0.0173,-0.0280,0.0133,-0.0172,0.0992,0.0415,-0.0405,0.0000,-0.1081,0.0000,1.8002,-6.5439,-11.0022
107996367,0.0024,-0.0043,0.0318,-0.0315,-0.0792,0.0166,-0.0269,0.0134,-0.0171,0.0991,0.0304,-0.0290,0.0000,-0.1631,0.0000,1.8002,-6.5459,-11.0022
108001366,0.0026,-0.0047,0.0302,-0.0202,-0.0969,0.0173,-0.0263,0.0127,-0.0169,0.0990,0.0288,-0.0177,0.0000,-0.1631,0.0000,1.8002,-6.5465,-11.0022
108006367,0.0027,-0.0050,0.0299,-0.0113,-0.1144,0.0177,-0.0257,0.0124,-0.0168,0.0990,0.0285,-0.0089,0.0000,-0.1631,0.0000,1.8002,-6.5475,-11.0022
108011366,0.0029,-0.0052,0.0281,-0.0024,-0.1199,0.0185,-0.0254,0.0115,-0.0166,0.0990,0.0267,-0.0000,0.0000,-0.1631,0.0000,1.8002,-6.5482,-11.0022
108016367,0.0030,-0.0054,0.0428,0.0049,-0.1137,0.0209,-0.0262,0.0096,-0.0165,0.0990,0.0317,0.0073,0.5571,-0.1631,0.0000,1.8117,-6.5491,-11.0022
108021366,0.0033,-0.0056,0.0339,0.0171,-0.0930,0.0188,-0.0240,0.0088,-0.0165,0.0991,0.0053,0.0195,1.5784,-0.1631,0.0000,1.8370,-6.5498,-11.0022
108026367,0.0036,-0.0056,0.0284,0.0266,-0.0893,0.0190,-0.0227,0.0071,-0.0165,0.0992,-0.0002,0.0290,1.5784,-0.1631,0.0000,1.8465,-6.5508,-11.0022
108031366,0.0039,-0.0056,0.0140,0.0284,-0.1012,0.0176,-0.0213,0.0076,-0.0165,0.0994,-0.0146,0.0308,1.5784,-0.1631,0.0000,1.8528,-6.5514,-11.0022
108036367,0.0042,-0.0054,-0.0009,0.0348,-0.0878,0.0155,-0.0190,0.0069,-0.0167,0.0996,-0.0295,0.0372,1.5784,-0.1631,0.0000,1.8623,-6.5524,-11.0022
108041366,0.0042,-0.0053,-0.0281,0.0263,-0.0887,0.0106,-0.0175,0.0103,-0.0170,0.0997,-0.0567,0.0287,1.5784,-0.1631,0.0000,1.8686,-6.5531,-11.0022
108046366,0.0042,-0.0051,-0.0333,0.0244,-0.0899,0.0096,-0.0164,0.0103,-0.0173,0.0999,-0.0581,0.0268,1.3569,-0.1631,0.0000,1.8732,-6.5540,-11.0022
108051366,0.0041,-0.0049,-0.0357,0.0137,-0.0918,0.0092,-0.0173,0.0116,-0.0175,0.0999,-0.0558,0.0162,1.0801,-0.1631,0.0000,1.8726,-6.5547,-11.0022
108056367,0.0039,-0.0047,-0.0351,0.0082,-0.0881,0.0087,-0.0175,0.0121,-0.0178,0.1000,-0.0504,0.0107,0.8032,-0.1631,0.0000,1.8727,-6.5557,-11.0022
108061366,0.0036,-0.0047,-0.0287,0.0009,-0.0866,0.0089,-0.0188,0.0131,-0.0180,0.1000,-0.0411,0.0033,0.6371,-0.1631,0.0000,1.8724,-6.5563,-11.0022
108066367,0.0033,-0.0047,-0.0131,-0.0086,-0.0948,0.0114,-0.0215,0.0138,-0.0181,0.1000,-0.0227,-0.0061,0.4709,-0.1631,0.0000,1.8725,-6.5573,-11.0022
108071366,0.0032,-0.0048,0.0031,-0.0134,-0.0972,0.0140,-0.0239,0.0136,-0.0181,0.0999,-0.0050,-0.0102,0.4156,-0.1631,0.0554,1.8731,-6.5579,-11.0009
108076366,0.0032,-0.0049,0.0232,-0.0232,-0.0918,0.0177,-0.0277,0.0135,-0.0181,0.0998,0.0151,-0.0200,0.4156,-0.1631,0.0554,1.8756,-6.5589,-11.0007
108081366,0.0032,-0.0050,0.0397,-0.0293,-0.0795,0.0209,-0.0309,0.0130,-0.0179,0.0997,0.0316,-0.0261,0.4156,-0.1631,0.0554,1.8773,-6.5596,-11.0004
108086367,0.0034,-0.0052,0.0675,-0.0293,-0.0734,0.0269,-0.0348,0.0107,-0.0176,0.0996,0.0594,-0.0261,0.4156,-0.1631,0.0554,1.8798,-6.5606,-11.0002
108091366,0.0036,-0.0055,0.0736,-0.0275,-0.0728,0.0290,-0.0367,0.0105,-0.0173,0.0994,0.0655,-0.0242,0.4156,-0.1631,0.0554,1.8815,-6.5612,-10.9998
108096367,0.0042,-0.0058,0.0751,-0.0171,-0.0627,0.0314,-0.0373,0.0083,-0.0169,0.0994,0.0670,-0.0139,0.4156,-0.1631,0.0554,1.8839,-6.5622,-10.9996
108101366,0.0048,-0.0060,0.0706,-0.0082,-0.0569,0.0328,-0.0372,0.0066,-0.0166,0.0993,0.0625,-0.0050,0.4156,-0.1631,0.0554,1.8856,-6.5628,-10.9993
108106365,0.0052,-0.0061,0.0547,0.0006,-0.0578,0.0313,-0.0350,0.0059,-0.0164,0.0994,0.0424,0.0111,0.4156,-0.6499,0.0554,1.8881,-6.5738,-10.9991
108111366,0.0056,-0.0062,0.0388,0.0082,-0.0652,0.0296,-0.0325,0.0054,-0.0163,0.0995,0.0215,0.0275,0.4156,-1.2341,0.0554,1.8898,-6.5900,-10.9987
108116366,0.0060,-0.0063,0.0211,0.0156,-0.0627,0.0275,-0.0304,0.0053,-0.0163,0.0997,0.0038,0.0348,0.4156,-1.2341,0.0554,1.8923,-6.5974,-10.9985
108121366,0.0062,-0.0063,0.0027,0.0226,-0.0572,0.0248,-0.0281,0.0055,-0.0164,0.0999,-0.0145,0.0419,0.4156,-1.2341,0.0554,1.8939,-6.6023,-10.9982
108126367,0.0063,-0.0063,-0.0183,0.0281,-0.0664,0.0214,-0.0253,0.0065,-0.0165,0.1002,-0.0356,0.0474,0.4156,-1.2341,0.0554,1.8964,-6.6097,-10.9980
108131366,0.0064,-0.0062,-0.0354,0.0406,-0.0826,0.0185,-0.0213,0.0060,-0.0168,0.1005,-0.0527,0.0599,0.4156,-1.2341,0.0554,1.8981,-6.6147,-10.9976
108136367,0.0063,-0.0062,-0.0516,0.0443,-0.0765,0.0150,-0.0189,0.0068,-0.0171,0.1008,-0.0689,0.0635,0.4156,-1.2341,0.0554,1.9006,-6.6221,-10.9974
108141366,0.0059,-0.0059,-0.0510,0.0437,-0.0679,0.0136,-0.0179,0.0069,-0.0175,0.1011,-0.0660,0.0590,0.4156,-0.9703,0.0554,1.9022,-6.6212,-10.9971
108146365,0.0055,-0.0057,-0.0437,0.0409,-0.0704,0.0136,-0.0178,0.0069,-0.0178,0.1013,-0.0569,0.0531,0.4156,-0.7593,0.0554,1.9047,-6.6222,-10.9969
108151365,0.0052,-0.0055,-0.0269,0.0367,-0.0753,0.0159,-0.0190,0.0060,-0.0180,0.1016,-0.0387,0.0464,0.4156,-0.6010,0.0554,1.9064,-6.6217,-10.9965
108156366,0.0050,-0.0054,-0.0073,0.0266,-0.0740,0.0189,-0.0218,0.0057,-0.0180,0.1017,-0.0178,0.0340,0.4156,-0.4427,0.0554,1.9089,-6.6216,-10.9963
108161366,0.0050,-0.0053,0.0168,0.0131,-0.0633,0.0232,-0.0261,0.0053,-0.0180,0.1018,0.0068,0.0198,0.4156,-0.3900,0.0554,1.9106,-6.6222,-10.9960
108166366,0.0050,-0.0052,0.0354,0.0024,-0.0554,0.0269,-0.0298,0.0050,-0.0179,0.1019,0.0263,0.0075,0.4156,-0.2845,0.0554,1.9131,-6.6220,-10.9957
108171366,0.0052,-0.0052,0.0574,-0.0089,-0.0566,0.0319,-0.0341,0.0043,-0.0176,0.1019,0.0487,-0.0046,0.4156,-0.2317,0.0554,1.9147,-6.6219,-10.9954
108176367,0.0054,-0.0052,0.0712,-0.0211,-0.0606,0.0353,-0.0378,0.0049,-0.0173,0.1018,0.0583,-0.0176,0.6830,-0.1789,0.0554,1.9226,-6.6220,-10.9952
108181366,0.0058,-0.0053,0.0822,-0.0321,-0.0618,0.0387,-0.0416,0.0053,-0.0170,0.1016,0.0688,-0.0294,0.7365,-0.1262,0.0554,1.9266,-6.6215,-10.9949
108186367,0.0064,-0.0055,0.0770,-0.0302,-0.0652,0.0401,-0.0428,0.0052,-0.0167,0.1015,0.0632,-0.0268,0.7365,-0.1789,0.0554,1.9310,-6.6234,-10.9946
108191366,0.0069,-0.0058,0.0623,-0.0254,-0.0716,0.0395,-0.0425,0.0057,-0.0164,0.1014,0.0485,-0.0219,0.7365,-0.1789,0.0554,1.9340,-6.6241,-10.9943
108196367,0.0073,-0.0060,0.0409,-0.0183,-0.0716,0.0371,-0.0410,0.0066,-0.0163,0.1013,0.0272,-0.0149,0.7365,-0.1789,0.0554,1.9384,-6.6252,-10.9941
108201366,0.0076,-0.0062,0.0171,-0.0012,-0.0673,0.0335,-0.0371,0.0061,-0.0163,0.1013,0.0033,0.0022,0.7365,-0.1789,0.0554,1.9414,-6.6259,-10.9938
108206367,0.0077,-0.0063,-0.0098,0.0202,-0.0658,0.0288,-0.0316,0.0053,-0.0164,0.1014,-0.0235,0.0236,0.7365,-0.1789,0.0554,1.9458,-6.6269,-10.9935
108211366,0.0077,-0.0063,-0.0376,0.0480,-0.0673,0.0234,-0.0241,0.0034,-0.0167,0.1017,-0.0513,0.0514,0.7365,-0.1789,0.0554,1.9487,-6.6277,-10.9932
108216367,0.0075,-0.0062,-0.0620,0.0733,-0.0621,0.0175,-0.0159,0.0007,-0.0171,0.1021,-0.0820,0.0876,0.7365,-0.9061,0.0554,1.9531,-6.6438,-10.9930
108221366,0.0073,-0.0059,-0.0812,0.0950,-0.0514,0.0119,-0.0076,-0.0024,-0.0176,0.1028,-0.1113,0.1269,0.7365,-2.0807,0.0554,1.9561,-6.6740,-10.9927
108226367,0.0066,-0.0054,-0.0929,0.1084,-0.0478,0.0073,-0.0014,-0.0040,-0.0182,0.1035,-0.1213,0.1403,0.6424,-2.0807,0.0554,1.9585,-6.6865,-10.9924
108231366,0.0061,-0.0049,-0.0861,0.1035,-0.0520,0.0064,0.0001,-0.0045,-0.0188,0.1041,-0.1130,0.1354,0.5484,-2.0807,0.0554,1.9590,-6.6948,-10.9921
108236366,0.0056,-0.0044,-0.0648,0.0947,-0.0414,0.0087,-0.0009,-0.0062,-0.0192,0.1048,-0.0892,0.1266,0.4073,-2.0807,0.0554,1.9589,-6.7073,-10.9919
108241366,0.0053,-0.0039,-0.0360,0.0816,-0.0224,0.0129,-0.0042,-0.0078,-0.0195,0.1053,-0.0572,0.1106,0.3133,-1.8867,0.0554,1.9584,-6.7115,-10.9915
108246366,0.0051,-0.0036,-0.0034,0.0663,-0.0142,0.0188,-0.0091,-0.0092,-0.0196,0.1058,-0.0187,0.0880,0.2192,-1.4019,0.0554,1.9582,-6.7116,-10.9913
108251365,0.0051,-0.0033,0.0305,0.0458,-0.0126,0.0256,-0.0153,-0.0098,-0.0195,0.1061,0.0185,0.0632,0.1722,-1.1111,0.0554,1.9581,-6.7108,-10.9910
108256366,0.0053,-0.0031,0.0626,0.0254,-0.0148,0.0328,-0.0219,-0.0104,-0.0193,0.1063,0.0539,0.0384,0.1252,-0.8202,0.0554,1.9582,-6.7108,-10.9908
108261366,0.0057,-0.0030,0.0901,0.0073,-0.0194,0.0396,-0.0279,-0.0110,-0.0189,0.1064,0.0818,0.0182,0.1722,-0.6747,0.0554,1.9597,-6.7110,-10.9904
108266367,0.0061,-0.0029,0.1103,-0.0079,-0.0184,0.0455,-0.0333,-0.0115,-0.0183,0.1064,0.1032,0.0008,0.1722,-0.5293,0.0554,1.9607,-6.7116,-10.9902
108271365,0.0068,-0.0029,0.1197,-0.0312,-0.0050,0.0500,-0.0398,-0.0100,-0.0178,0.1062,0.1135,-0.0239,0.1722,-0.4323,0.0554,1.9614,-6.7115,-10.9899
108276367,0.0075,-0.0031,0.0999,-0.0354,0.0072,0.0490,-0.0410,-0.0082,-0.0173,0.1061,0.0949,-0.0303,0.1722,-0.2869,0.0554,1.9624,-6.7108,-10.9897
108281366,0.0081,-0.0034,0.0736,-0.0336,0.0170,0.0463,-0.0405,-0.0064,-0.0169,0.1060,0.0691,-0.0292,0.1722,-0.2384,0.0554,1.9631,-6.7109,-10.9893
108286367,0.0086,-0.0037,0.0418,-0.0250,0.0206,0.0396,-0.0369,-0.0035,-0.0169,0.1058,0.0095,-0.0215,1.8062,-0.1899,0.0554,1.9997,-6.7113,-10.9891
108291366,0.0088,-0.0039,0.0122,-0.0104,0.0155,0.0350,-0.0330,-0.0026,-0.0170,0.1058,-0.0197,-0.0075,1.8062,-0.1415,0.0554,2.0069,-6.7110,-10.9888
108296366,0.0089,-0.0041,-0.0086,0.0095,0.0063,0.0315,-0.0284,-0.0033,-0.0172,0.1059,-0.0400,0.0116,1.8062,-0.0930,0.0554,2.0177,-6.7108,-10.9886
108301366,0.0089,-0.0042,-0.0293,0.0354,0.0011,0.0275,-0.0222,-0.0053,-0.0175,0.1061,-0.0608,0.0375,1.8062,-0.0930,0.0554,2.0250,-6.7112,-10.9882
108306367,0.0088,-0.0041,-0.0507,0.0492,-0.0044,0.0227,-0.0171,-0.0055,-0.0180,0.1063,-0.0901,0.0505,2.2908,-0.0445,0.0554,2.0457,-6.7108,-10.9880
108311366,0.0087,-0.0037,-0.0669,0.0611,0.0063,0.0188,-0.0121,-0.0069,-0.0185,0.1066,-0.1091,0.0624,2.4524,-0.0445,0.0554,2.0587,-6.7109,-10.9877
108316366,0.0083,-0.0033,-0.0809,0.0602,0.0097,0.0144,-0.0087,-0.0061,-0.0191,0.1069,-0.1231,0.0615,2.4524,-0.0445,0.0554,2.0734,-6.7112,-10.9875
108321365,0.0078,-0.0030,-0.0754,0.0596,0.0026,0.0135,-0.0071,-0.0065,-0.0197,0.1072,-0.1176,0.0609,2.4524,-0.0445,0.0554,2.0833,-6.7114,-10.9871
108326365,0.0073,-0.0027,-0.0626,0.0522,-0.0004,0.0148,-0.0081,-0.0067,-0.0202,0.1075,-0.0944,0.0536,1.8489,-0.0445,0.0554,2.0843,-6.7116,-10.9869
108331366,0.0069,-0.0025,-0.0467,0.0397,0.0026,0.0169,-0.0104,-0.0066,-0.0205,0.1077,-0.0725,0.0405,1.5239,0.0000,0.0554,2.0845,-6.7107,-10.9866
108336366,0.0067,-0.0023,-0.0247,0.0305,-0.0007,0.0206,-0.0130,-0.0075,-0.0208,0.1079,-0.0441,0.0313,1.1525,0.0000,0.0554,2.0850,-6.7107,-10.9863
108341366,0.0065,-0.0022,-0.0006,0.0101,-0.0160,0.0251,-0.0181,-0.0065,-0.0208,0.1079,-0.0160,0.0109,0.9204,0.0000,0.0554,2.0845,-6.7107,-10.9860
108346366,0.0065,-0.0022,0.0305,-0.0082,-0.0191,0.0315,-0.0243,-0.0065,-0.0207,0.1079,0.0192,-0.0075,0.6883,0.0000,0.0554,2.0847,-6.7107,-10.9858
108351366,0.0067,-0.0023,0.0614,-0.0226,-0.0062,0.0380,-0.0305,-0.0072,-0.0205,0.1078,0.0524,-0.0218,0.5490,0.0000,0.0554,2.0844,-6.7107,-10.9855
108356365,0.0070,-0.0024,0.0870,-0.0339,0.0035,0.0441,-0.0362,-0.0081,-0.0201,0.1076,0.0805,-0.0331,0.4097,0.0000,0.0554,2.0845,-6.7107,-10.9852
108361366,0.0073,-0.0027,0.1032,-0.0425,-0.0090,0.0489,-0.0406,-0.0080,-0.0196,0.1074,0.0983,-0.0416,0.3169,0.0000,0.0554,2.0841,-6.7107,-10.9849
108366366,0.0080,-0.0032,0.1161,-0.0455,-0.0148,0.0543,-0.0453,-0.0084,-0.0190,0.1072,0.1119,-0.0447,0.2704,0.0000,0.0554,2.0850,-6.7107,-10.9847
108371366,0.0087,-0.0035,0.1054,-0.0376,-0.0075,0.0551,-0.0459,-0.0089,-0.0185,0.1070,0.1020,-0.0368,0.2240,0.0000,0.0554,2.0850,-6.7107,-10.9844
108376365,0.0094,-0.0038,0.0892,-0.0229,0.0042,0.0543,-0.0443,-0.0102,-0.0181,0.1069,0.0850,-0.0221,0.2704,0.0000,0.0554,2.0875,-6.7107,-10.9841
108381366,0.0099,-0.0040,0.0632,-0.0046,0.0100,0.0513,-0.0405,-0.0112,-0.0178,0.1069,0.0586,-0.0030,0.2704,-0.0485,0.0554,2.0886,-6.7118,-10.9838
108386367,0.0102,-0.0041,0.0312,0.0174,0.0026,0.0466,-0.0347,-0.0120,-0.0177,0.1070,0.0265,0.0189,0.2704,-0.0485,0.0554,2.0902,-6.7121,-10.9836
108391366,0.0104,-0.0041,0.0003,0.0379,-0.0020,0.0415,-0.0286,-0.0128,-0.0177,0.1071,-0.0043,0.0394,0.2704,-0.0485,0.0554,2.0913,-6.7123,-10.9832
108396366,0.0104,-0.0040,-0.0360,0.0614,0.0014,0.0326,-0.0199,-0.0128,-0.0180,0.1075,-0.0655,0.0628,1.7102,-0.0485,0.0554,2.1268,-6.7126,-10.9830
108401365,0.0103,-0.0037,-0.0666,0.0843,0.0011,0.0262,-0.0120,-0.0142,-0.0185,0.1079,-0.0960,0.0857,1.7102,-0.0485,0.0554,2.1337,-6.7128,-10.9827
108406366,0.0100,-0.0034,-0.0935,0.1029,0.0042,0.0198,-0.0047,-0.0152,-0.0191,0.1084,-0.1229,0.1044,1.7102,-0.0485,0.0554,2.1439,-6.7131,-10.9825
108411366,0.0092,-0.0028,-0.1173,0.1185,0.0206,0.0120,0.0035,-0.0163,-0.0198,0.1090,-0.1467,0.1200,1.7102,-0.0485,0.0554,2.1508,-6.7133,-10.9821
108416366,0.0086,-0.0022,-0.1155,0.1115,0.0283,0.0095,0.0057,-0.0163,-0.0206,0.1096,-0.1449,0.1129,1.7102,-0.0485,0.0554,2.1610,-6.7136,-10.9819
108421366,0.0079,-0.0016,-0.1005,0.0950,0.0283,0.0099,0.0047,-0.0157,-0.0212,0.1101,-0.1299,0.0965,1.7102,-0.0485,0.0554,2.1679,-6.7138,-10.9816
108426365,0.0074,-0.0012,-0.0745,0.0715,0.0182,0.0133,0.0007,-0.0147,-0.0217,0.1104,-0.1002,0.0730,1.4963,-0.0485,0.0554,2.1735,-6.7141,-10.9814
108431366,0.0071,-0.0010,-0.0421,0.0458,0.0103,0.0185,-0.0051,-0.0138,-0.0220,0.1107,-0.0633,0.0473,1.2289,-0.0485,0.0554,2.1735,-6.7143,-10.9810
108436366,0.0069,-0.0008,-0.0021,0.0192,0.0142,0.0260,-0.0128,-0.0137,-0.0221,0.1108,-0.0177,0.0208,0.9080,-0.0485,0.0554,2.1734,-6.7146,-10.9808
108441366,0.0070,-0.0008,0.0394,-0.0116,0.0185,0.0344,-0.0222,-0.0129,-0.0220,0.1107,0.0266,-0.0101,0.7475,-0.0485,0.0554,2.1734,-6.7148,-10.9805
108446366,0.0072,-0.0009,0.0748,-0.0351,0.0127,0.0425,-0.0305,-0.0125,-0.0217,0.1105,0.0657,-0.0336,0.5336,-0.0485,0.0554,2.1729,-6.7151,-10.9803
108451366,0.0076,-0.0012,0.1072,-0.0535,0.0072,0.0505,-0.0384,-0.0124,-0.0212,0.1103,0.0999,-0.0519,0.4266,-0.0485,0.0554,2.1728,-6.7153,-10.9799
108456366,0.0081,-0.0016,0.1298,-0.0599,0.0362,0.0565,-0.0445,-0.0134,-0.0205,0.1100,0.1244,-0.0583,0.3197,-0.0485,0.0554,2.1729,-6.7155,-10.9797
108461366,0.0088,-0.0022,0.1524,-0.0644,0.0582,0.0637,-0.0513,-0.0147,-0.0198,0.1097,0.1479,-0.0629,0.2662,-0.0485,0.0554,2.1731,-6.7157,-10.9794
108466367,0.0098,-0.0027,0.1445,-0.0599,0.0420,0.0651,-0.0510,-0.0158,-0.0192,0.1095,0.1271,-0.0359,0.2662,-1.5459,0.0554,2.1745,-6.7486,-10.9792
108471366,0.0106,-0.0031,0.1258,-0.0538,0.0084,0.0653,-0.0508,-0.0148,-0.0186,0.1094,0.1080,-0.0290,0.2662,-1.5976,0.0554,2.1756,-6.7560,-10.9788
108476367,0.0113,-0.0035,0.0996,-0.0342,0.0032,0.0630,-0.0476,-0.0155,-0.0182,0.1093,0.0817,-0.0095,0.2662,-1.5976,0.0554,2.1772,-6.7656,-10.9786
108481365,0.0118,-0.0036,0.0574,0.0006,0.0197,0.0563,-0.0394,-0.0176,-0.0180,0.1094,0.0355,0.0253,0.5013,-1.5976,0.0554,2.1830,-6.7720,-10.9783
108486367,0.0120,-0.0037,0.0150,0.0299,0.0429,0.0469,-0.0298,-0.0187,-0.0182,0.1098,-0.0329,0.0645,1.6768,-2.2577,0.0554,2.2147,-6.7956,-10.9781
108491366,0.0121,-0.0035,-0.0281,0.0635,0.0442,0.0388,-0.0197,-0.0208,-0.0186,0.1102,-0.0759,0.0981,1.6768,-2.2577,0.0554,2.2214,-6.8046,-10.9777
108496367,0.0119,-0.0033,-0.0715,0.0922,0.0191,0.0289,-0.0086,-0.0211,-0.0193,0.1109,-0.1348,0.1267,2.5783,-2.2577,0.0554,2.2510,-6.8181,-10.9775
108501366,0.0115,-0.0028,-0.1121,0.1213,0.0283,0.0195,0.0023,-0.0229,-0.0201,0.1117,-0.1755,0.1557,2.5783,-2.2577,0.0554,2.2613,-6.8272,-10.9772
108506367,0.0108,-0.0022,-0.1701,0.1658,0.0478,0.0055,0.0183,-0.0257,-0.0213,0.1126,-0.2318,0.1974,2.5783,-2.0630,0.0554,2.2768,-6.8366,-10.9770
108511366,0.0098,-0.0015,-0.1869,0.1790,0.0564,-0.0017,0.0259,-0.0264,-0.0225,0.1137,-0.2453,0.2047,2.5783,-1.6736,0.0554,2.2871,-6.8363,-10.9766
108516366,0.0088,-0.0006,-0.1881,0.1704,0.0436,-0.0061,0.0286,-0.0242,-0.0238,0.1145,-0.2490,0.1723,2.3629,-1.2354,-1.1076,2.2981,-6.8363,-11.0014
108521366,0.0078,0.0003,-0.1753,0.1487,0.0350,-0.0067,0.0282,-0.0228,-0.0249,0.1153,-0.2271,0.1478,1.9320,-1.0407,-1.1076,2.2982,-6.8369,-11.0080
108526367,0.0070,0.0009,-0.1454,0.1191,0.0478,-0.0037,0.0236,-0.0217,-0.0258,0.1158,-0.1863,0.1138,1.4474,-0.7486,-1.1076,2.2986,-6.8364,-11.0125
108531366,0.0063,0.0013,-0.0977,0.0696,0.0613,0.0032,0.0129,-0.0185,-0.0265,0.1162,-0.1328,0.0621,1.1781,-0.6026,-1.1076,2.2985,-6.8362,-11.0191
108536367,0.0060,0.0015,-0.0486,0.0278,0.0387,0.0120,0.0025,-0.0160,-0.0269,0.1162,-0.0768,0.0181,0.8550,-0.4566,-1.1076,2.2982,-6.8365,-11.0235
108541366,0.0059,0.0015,0.0095,-0.0119,-0.0075,0.0247,-0.0114,-0.0130,-0.0269,0.1160,-0.0006,-0.0481,0.6934,1.3203,-1.1076,2.2982,-6.7997,-11.0302
108546367,0.0060,0.0013,0.0522,-0.0394,-0.0276,0.0339,-0.0212,-0.0117,-0.0266,0.1156,0.0473,-0.0797,0.5318,1.5954,-1.1076,2.2986,-6.7847,-11.0346
108551366,0.0065,0.0010,0.1316,-0.0434,0.0472,0.0503,-0.0325,-0.0196,-0.0260,0.1152,0.1285,-0.0837,0.4241,1.5954,-1.1076,2.2984,-6.7783,-11.0413
108556367,0.0071,0.0007,0.1680,-0.0483,0.0961,0.0595,-0.0400,-0.0232,-0.0252,0.1147,0.1667,-0.0886,0.3164,1.5954,-1.1076,2.2985,-6.7687,-11.0457
108561366,0.0080,0.0005,0.1878,-0.0550,0.0894,0.0671,-0.0451,-0.0254,-0.0242,0.1143,0.1893,-0.0922,0.2626,1.5954,-0.8986,2.2986,-6.7624,-11.0476
108566367,0.0092,0.0001,0.2001,-0.0672,0.0582,0.0749,-0.0518,-0.0253,-0.0232,0.1138,0.2033,-0.1013,0.2626,1.5954,-0.6895,2.3002,-6.7528,-11.0466
108571366,0.0104,-0.0003,0.1881,-0.0611,0.0772,0.0771,-0.0533,-0.0267,-0.0222,0.1133,0.1914,-0.0906,0.2626,1.4405,-0.5327,2.3012,-6.7496,-11.0472
108576367,0.0114,-0.0007,0.1701,-0.0464,0.1184,0.0748,-0.0494,-0.0299,-0.0215,0.1131,0.1400,-0.0397,1.0982,-0.8802,-0.4282,2.3204,-6.7931,-11.0470
108581366,0.0124,-0.0010,0.1445,-0.0513,0.1575,0.0724,-0.0507,-0.0277,-0.0210,0.1129,0.1035,-0.0422,1.7482,-0.9352,-0.3237,2.3398,-6.7979,-11.0472
108586367,0.0132,-0.0013,0.1274,-0.0641,0.1532,0.0709,-0.0528,-0.0240,-0.0207,0.1126,0.0668,-0.0544,2.9110,-0.9352,-0.2714,2.3756,-6.8035,-11.0473
108591366,0.0138,-0.0017,0.0779,-0.0635,0.0564,0.0648,-0.0470,-0.0199,-0.0206,0.1125,0.0133,-0.0187,2.9110,-2.3469,0.6646,2.3872,-6.8385,-11.0291
108596367,0.0142,-0.0019,0.0360,0.0052,0.0155,0.0581,-0.0308,-0.0278,-0.0208,0.1129,-0.0375,0.0680,4.0342,-2.3469,1.8829,2.4302,-6.8526,-10.9989
108601366,0.0139,-0.0017,-0.0901,0.0706,0.0701,0.0314,-0.0066,-0.0275,-0.0217,0.1136,-0.1710,0.1420,4.1752,-2.9273,1.8829,2.4492,-6.8742,-10.9876
108606367,0.0133,-0.0013,-0.1503,0.1258,0.1172,0.0164,0.0106,-0.0316,-0.0229,0.1146,-0.2369,0.1973,4.5044,-2.9273,1.8829,2.4826,-6.8917,-10.9801
108611366,0.0125,-0.0007,-0.2059,0.1671,0.1025,0.0022,0.0272,-0.0333,-0.0243,0.1158,-0.2973,0.2385,4.7861,-2.9273,1.8829,2.5068,-6.9034,-10.9688
108616366,0.0115,0.0002,-0.2456,0.1885,0.0570,-0.0088,0.0401,-0.0335,-0.0260,0.1171,-0.3370,0.2599,4.7861,-2.9273,1.8829,2.5355,-6.9210,-10.9613
108621366,0.0103,0.0011,-0.2834,0.2150,0.0689,-0.0207,0.0525,-0.0344,-0.0279,0.1184,-0.3692,0.2716,4.5168,-2.3679,1.4435,2.5491,-6.9204,-10.9599
108626367,0.0087,0.0020,-0.3036,0.2260,0.1202,-0.0306,0.0605,-0.0345,-0.0298,0.1198,-0.3777,0.2699,4.0321,-1.7527,1.1994,2.5641,-6.9205,-10.9594
108631366,0.0070,0.0032,-0.3033,0.2239,0.1410,-0.0375,0.0666,-0.0345,-0.0316,0.1211,-0.3775,0.2592,4.0321,-1.4730,0.9064,2.5803,-6.9214,-10.9591
108636367,0.0055,0.0043,-0.2721,0.2080,0.1288,-0.0361,0.0668,-0.0356,-0.0333,0.1223,-0.3295,0.2346,3.1501,-1.0815,0.7112,2.5846,-6.9211,-10.9598
108641366,0.0044,0.0051,-0.2144,0.1484,0.0784,-0.0280,0.0558,-0.0308,-0.0346,0.1231,-0.2579,0.1618,2.5930,-0.3861,0.5159,2.5849,-6.9108,-10.9599
108646367,0.0038,0.0054,-0.0883,0.0318,0.0619,-0.0032,0.0233,-0.0224,-0.0351,0.1231,-0.0987,0.0159,1.5586,1.4772,0.4182,2.5775,-6.8691,-10.9599
108651366,0.0035,0.0056,-0.0709,0.0205,0.0625,0.0011,0.0192,-0.0227,-0.0353,0.1231,-0.0490,-0.0077,0.0000,2.2074,0.3206,2.5491,-6.8480,-10.9596
108656365,0.0032,0.0056,-0.0113,0.0092,0.1080,0.0114,0.0110,-0.0265,-0.0353,0.1230,0.0139,-0.0263,0.0000,2.6455,0.2717,2.5491,-6.8236,-10.9594
108661365,0.0032,0.0057,0.0195,-0.0153,0.2277,0.0164,0.0010,-0.0262,-0.0350,0.1226,0.0530,-0.0678,0.0000,3.6908,0.1741,2.5491,-6.7900,-10.9600
108666366,0.0035,0.0055,0.0727,-0.0571,0.3001,0.0268,-0.0131,-0.0253,-0.0345,0.1221,0.1061,-0.1096,0.0000,3.6908,0.1741,2.5491,-6.7679,-10.9593
108671366,0.0041,0.0048,0.1301,-0.1500,0.2399,0.0409,-0.0369,-0.0132,-0.0336,0.1211,0.1644,-0.2055,0.0000,3.8457,0.1253,2.5491,-6.7500,-10.9594
108676366,0.0050,0.0039,0.1512,-0.1988,0.1379,0.0499,-0.0508,-0.0044,-0.0327,0.1198,0.1855,-0.2559,0.0000,3.8973,0.0765,2.5491,-6.7256,-10.9599
108681366,0.0061,0.0025,0.1912,-0.2370,0.0735,0.0629,-0.0671,0.0014,-0.0316,0.1183,0.2246,-0.2927,0.0000,3.8004,0.0765,2.5491,-6.7120,-10.9595
108686367,0.0073,0.0011,0.1985,-0.2465,0.2088,0.0666,-0.0770,0.0024,-0.0305,0.1169,0.2222,-0.2870,0.0539,2.7823,0.0765,2.5502,-6.7127,-10.9592
108691365,0.0082,-0.0001,0.1906,-0.2123,0.1605,0.0688,-0.0756,0.0006,-0.0294,0.1156,0.2094,-0.2467,0.0539,2.2975,0.0000,2.5505,-6.7122,-10.9600
108696367,0.0093,-0.0012,0.1878,-0.1713,0.0533,0.0726,-0.0712,-0.0035,-0.0285,0.1147,0.1879,-0.1884,0.5645,1.1382,0.0000,2.5613,-6.7238,-10.9600
108701366,0.0103,-0.0021,0.1842,-0.1255,0.0817,0.0735,-0.0662,-0.0105,-0.0277,0.1141,0.1543,-0.1225,1.6323,-0.2065,0.0000,2.5876,-6.7493,-10.9600
108706367,0.0113,-0.0027,0.1961,-0.0736,0.2115,0.0758,-0.0627,-0.0212,-0.0270,0.1138,0.1381,-0.0617,2.9613,-0.8117,0.0000,2.6277,-6.7630,-10.9600
108711366,0.0123,-0.0031,0.1573,-0.0528,0.3404,0.0691,-0.0585,-0.0237,-0.0266,0.1137,0.0801,-0.0203,3.3892,-2.1870,0.0000,2.6483,-6.7970,-10.9600
108716367,0.0131,-0.0032,0.1228,-0.0015,0.2848,0.0637,-0.0454,-0.0293,-0.0266,0.1139,0.0089,0.0506,4.8626,-3.5014,0.0000,2.7029,-6.8395,-10.9600
108721366,0.0136,-0.0033,0.0623,0.0281,0.1263,0.0555,-0.0330,-0.0274,-0.0269,0.1144,-0.0609,0.0857,5.2197,-3.8707,0.0000,2.7302,-6.8611,-10.9600
108726367,0.0137,-0.0030,-0.0226,0.0724,0.1196,0.0387,-0.0160,-0.0273,-0.0277,0.1150,-0.1587,0.1355,5.7831,-4.2400,0.0000,2.7758,-6.8937,-10.9600
108731366,0.0133,-0.0025,-0.1188,0.1378,0.2024,0.0161,0.0068,-0.0306,-0.0290,0.1161,-0.2728,0.2076,6.4294,-4.8552,-0.1661,2.8138,-6.9235,-10.9633
108736366,0.0125,-0.0015,-0.1967,0.2440,0.2057,-0.0037,0.0361,-0.0403,-0.0309,0.1175,-0.3702,0.2884,6.7079,-4.8552,-1.8829,2.8590,-6.9526,-11.0018
108741366,0.0112,-0.0003,-0.2908,0.2691,0.1715,-0.0262,0.0564,-0.0367,-0.0332,0.1191,-0.4636,0.3105,6.7633,-4.6613,-1.8829,2.8871,-6.9678,-11.0131
108746367,0.0097,0.0012,-0.3409,0.2639,0.1706,-0.0418,0.0683,-0.0330,-0.0358,0.1206,-0.5100,0.3053,6.5494,-4.6613,-1.8829,2.9233,-6.9958,-11.0206
108751366,0.0079,0.0026,-0.3885,0.2679,0.2424,-0.0582,0.0800,-0.0311,-0.0385,0.1221,-0.5477,0.2985,6.3355,-3.9384,-1.8829,2.9445,-6.9987,-11.0319
108756367,0.0060,0.0039,-0.3937,0.2437,0.2586,-0.0649,0.0827,-0.0278,-0.0411,0.1234,-0.5254,0.2590,5.2540,-2.9057,-1.8829,2.9588,-6.9985,-11.0394
108761366,0.0040,0.0051,-0.3797,0.2129,0.1990,-0.0676,0.0833,-0.0233,-0.0436,0.1245,-0.4853,0.2171,4.2665,-2.0109,-1.7261,2.9581,-6.9909,-11.0474
108766367,0.0022,0.0059,-0.3412,0.1536,0.1630,-0.0644,0.0738,-0.0156,-0.0456,0.1251,-0.4127,0.1326,3.1851,-0.2657,-1.6739,2.9587,-6.9616,-11.0531
108771366,0.0007,0.0064,-0.2682,0.0822,0.1382,-0.0547,0.0585,-0.0091,-0.0472,0.1254,-0.3233,0.0497,2.6208,0.5034,-1.6739,2.9590,-6.9465,-11.0631
108776367,-0.0005,0.0066,-0.2071,0.0446,0.1388,-0.0448,0.0470,-0.0075,-0.0484,0.1254,-0.2232,-0.0046,0.9141,1.6221,-1.6739,2.9369,-6.9158,-11.0698
108781366,-0.0015,0.0065,-0.1600,-0.0278,0.2448,-0.0394,0.0291,0.0009,-0.0491,0.1249,-0.1565,-0.0887,0.1653,2.4134,-1.6739,2.9233,-6.8928,-11.0799
108786367,-0.0018,0.0063,-0.0461,-0.0605,0.3279,-0.0185,0.0100,-0.0041,-0.0493,0.1242,-0.0254,-0.1347,-0.3876,3.3021,-1.6739,2.9128,-6.8566,-11.0865
108791366,-0.0018,0.0056,0.0278,-0.1515,0.3691,-0.0021,-0.0173,0.0053,-0.0488,0.1231,0.0849,-0.2359,-2.1596,3.9837,-1.6739,2.8723,-6.8277,-11.0966
108796367,-0.0015,0.0045,0.0840,-0.2083,0.3126,0.0108,-0.0365,0.0137,-0.0481,0.1216,0.1463,-0.3017,-2.1596,4.5888,-1.6739,2.8594,-6.7910,-11.1033
108801366,-0.0009,0.0033,0.1475,-0.2608,0.2002,0.0268,-0.0555,0.0210,-0.0471,0.1198,0.2098,-0.3542,-2.1596,4.5888,-1.6739,2.8507,-6.7726,-11.1133
108806367,0.0002,0.0018,0.1924,-0.2737,0.1984,0.0400,-0.0692,0.0216,-0.0458,0.1180,0.2529,-0.3640,-2.1596,4.3823,-1.6739,2.8378,-6.7493,-11.1200
108811365,0.0014,0.0002,0.2303,-0.2584,0.2748,0.0513,-0.0765,0.0147,-0.0443,0.1164,0.2950,-0.3086,-1.8811,3.5561,0.1937,2.8351,-6.7500,-11.0878
108816367,0.0026,-0.0012,0.2468,-0.2422,0.3111,0.0576,-0.0816,0.0121,-0.0428,0.1150,0.2963,-0.2756,-1.3704,2.6266,0.3875,2.8357,-6.7500,-11.0824
108821366,0.0039,-0.0025,0.2572,-0.1991,0.2729,0.0649,-0.0812,0.0058,-0.0413,0.1139,0.2987,-0.2256,-1.1383,2.1619,0.3875,2.8353,-6.7496,-11.0801
108826367,0.0054,-0.0034,0.2517,-0.1341,0.2167,0.0686,-0.0725,-0.0044,-0.0400,0.1132,0.2717,-0.1345,-0.7579,0.4183,0.3875,2.8370,-6.7751,-11.0786
108831366,0.0063,-0.0037,0.1487,-0.0373,0.3108,0.0485,-0.0484,-0.0120,-0.0393,0.1131,0.1302,-0.0233,0.9968,-0.5501,0.3875,2.8728,-6.7960,-11.0762
108836367,0.0071,-0.0039,0.1228,-0.0046,0.3371,0.0451,-0.0406,-0.0174,-0.0389,0.1133,0.0872,0.0387,1.2661,-2.2539,0.6488,2.8846,-6.8376,-11.0694
108841366,0.0078,-0.0039,0.1087,0.0412,0.2143,0.0448,-0.0285,-0.0246,-0.0387,0.1139,0.0458,0.1134,2.8705,-3.2036,1.6417,2.9250,-6.8666,-11.0409
108846366,0.0083,-0.0038,0.0965,0.0751,0.1266,0.0441,-0.0201,-0.0289,-0.0386,0.1146,0.0151,0.1513,3.8109,-3.4705,1.6417,2.9632,-6.8924,-11.0344
108851366,0.0087,-0.0033,0.0168,0.1170,0.1905,0.0285,-0.0038,-0.0320,-0.0390,0.1157,-0.0742,0.2082,3.8673,-4.4773,1.6417,2.9796,-6.9292,-11.0245
108856367,0.0086,-0.0025,-0.0632,0.1658,0.2965,0.0103,0.0146,-0.0362,-0.0398,0.1170,-0.1701,0.2643,4.5434,-4.9621,1.6417,3.0198,-6.9666,-11.0180
108861366,0.0080,-0.0017,-0.1665,0.1753,0.3609,-0.0136,0.0291,-0.0293,-0.0412,0.1183,-0.2842,0.2628,4.8127,-4.9621,0.9101,3.0435,-6.9864,-11.0233
108866367,0.0068,-0.0007,-0.2758,0.2190,0.3004,-0.0390,0.0515,-0.0240,-0.0432,0.1197,-0.4002,0.2752,4.9742,-4.1359,-0.3658,3.0765,-6.9982,-11.0489
108871366,0.0051,0.0002,-0.3369,0.2279,0.2140,-0.0552,0.0651,-0.0181,-0.0455,0.1211,-0.4455,0.2733,4.4171,-3.4130,-0.3658,3.0846,-6.9988,-11.0511
108876367,0.0033,0.0018,-0.3506,0.2941,0.3065,-0.0649,0.0839,-0.0308,-0.0477,0.1227,-0.4421,0.3265,3.8600,-2.5352,-0.3658,3.0974,-6.9989,-11.0525
108881366,0.0017,0.0028,-0.3372,0.2483,0.2348,-0.0684,0.0810,-0.0216,-0.0499,0.1240,-0.4367,0.2528,3.8600,-2.0705,-1.7704,3.1128,-6.9987,-11.0874
108886367,0.0002,0.0039,-0.3024,0.2016,0.1407,-0.0649,0.0766,-0.0171,-0.0517,0.1249,-0.3761,0.1976,2.6440,-1.5025,-1.7704,3.1098,-6.9981,-11.0945
108891366,-0.0011,0.0046,-0.2349,0.1072,0.0704,-0.0532,0.0573,-0.0067,-0.0531,0.1254,-0.2709,0.0822,1.1584,-0.0965,-1.7704,3.0877,-6.9735,-11.1051
108896367,-0.0021,0.0048,-0.1756,0.0397,0.0460,-0.0438,0.0413,0.0008,-0.0540,0.1253,-0.1889,-0.0073,0.5791,1.3797,-1.7704,3.0814,-6.9407,-11.1122
108901366,-0.0028,0.0047,-0.1133,-0.0086,0.1007,-0.0332,0.0251,0.0042,-0.0545,0.1249,-0.0966,-0.0763,-1.0232,2.2187,-2.3220,3.0481,-6.9159,-11.1367
108906367,-0.0033,0.0046,-0.0867,-0.0519,0.2183,-0.0304,0.0123,0.0096,-0.0548,0.1242,-0.0573,-0.1417,-1.0232,3.6959,-2.3220,3.0419,-6.8700,-11.1460
108911366,-0.0034,0.0044,-0.0278,-0.0699,0.2629,-0.0180,0.0015,0.0064,-0.0547,0.1234,0.0307,-0.1597,-2.7135,3.6959,-2.3220,3.0010,-6.8552,-11.1600
108916367,-0.0035,0.0037,0.0168,-0.1393,0.2341,-0.0086,-0.0170,0.0166,-0.0542,0.1222,0.0843,-0.2385,-2.9202,4.3288,-2.3220,2.9799,-6.8171,-11.1693
108921366,-0.0033,0.0025,0.0733,-0.2529,0.1205,0.0060,-0.0447,0.0342,-0.0534,0.1205,0.1579,-0.3451,-3.6726,4.3288,-1.8501,2.9510,-6.7998,-11.1726
108926367,-0.0023,0.0010,0.1982,-0.2572,0.0933,0.0345,-0.0644,0.0263,-0.0520,0.1188,0.2874,-0.3463,-3.6726,4.4938,-1.4830,2.9289,-6.7696,-11.1720
108931367,-0.0011,-0.0004,0.2248,-0.2245,0.1465,0.0433,-0.0687,0.0198,-0.0505,0.1172,0.3075,-0.3074,-3.1912,4.3905,-1.1684,2.9245,-6.7492,-11.1727
108936365,0.0002,-0.0016,0.2404,-0.1836,0.1587,0.0500,-0.0684,0.0123,-0.0489,0.1160,0.3053,-0.2487,-2.3890,3.5643,-0.8013,2.9238,-6.7498,-11.1720
108941367,0.0016,-0.0026,0.2404,-0.1619,0.1349,0.0550,-0.0689,0.0088,-0.0475,0.1150,0.2937,-0.2066,-1.9612,2.6349,-0.3655,2.9238,-6.7498,-11.1662
108946366,0.0030,-0.0033,0.2263,-0.1234,0.1107,0.0577,-0.0626,0.0007,-0.0461,0.1144,0.2751,-0.1177,-1.4263,1.2147,1.5998,2.9244,-6.7699,-11.1223
108951367,0.0040,-0.0040,0.1652,-0.1002,0.0906,0.0492,-0.0550,0.0024,-0.0451,0.1140,0.1980,-0.0747,-1.1589,-0.1100,1.5998,2.9245,-6.7949,-11.1159
108956366,0.0047,-0.0044,0.1011,-0.0724,0.1340,0.0363,-0.0457,0.0043,-0.0446,0.1138,0.0954,-0.0346,0.6583,-0.9376,1.5998,2.9587,-6.8127,-11.1063
