Time_us,Roll,Pitch,GyroX,GyroY,GyroZ,T1,T2,T3,PhiX,PhiY,PhiDX,PhiDY,motor_vel_1,motor_vel_2,motor_vel_3,motor_pos_1,motor_pos_2,motor_pos_3
39725691,0.1392,-0.0864,-0.0840,0.0370,0.0274,0.2100,-0.2100,0.0224,-0.0006,0.0002,-0.0837,0.0370,0.0000,0.0000,0.0000,2.1726,-1.5454,-1.5838
39727376,0.1389,-0.0861,-0.0843,0.0296,0.0274,0.2100,-0.2100,0.0233,-0.0007,0.0003,-0.0840,0.0296,0.0000,0.0000,0.0000,2.1726,-1.5454,-1.5838
39731366,0.1385,-0.0858,-0.0852,0.0266,0.0222,0.2100,-0.2100,0.0237,-0.0010,0.0004,-0.0849,0.0266,0.0000,0.0000,0.0000,2.1726,-1.5454,-1.5838
39736366,0.1381,-0.0855,-0.0861,0.0260,0.0228,0.2100,-0.2100,0.0237,-0.0015,0.0005,-0.0858,0.0260,0.0000,0.0000,0.0000,2.1726,-1.5454,-1.5838
39741365,0.1378,-0.0852,-0.0837,0.0223,0.0295,0.2100,-0.2100,0.0237,-0.0019,0.0006,-0.0834,0.0223,0.0000,0.0000,0.0000,2.1726,-1.5454,-1.5838
39746366,0.1375,-0.0849,-0.0825,0.0266,0.0429,0.2100,-0.2100,0.0216,-0.0023,0.0009,-0.0919,0.0432,0.0535,-1.0710,0.0000,2.1737,-1.5682,-1.5838
39751365,0.1371,-0.0846,-0.0696,0.0342,0.0726,0.2100,-0.2100,0.0174,-0.0028,0.0012,-0.0899,0.0712,0.0535,-2.3733,0.0000,2.1740,-1.6050,-1.5838
39756366,0.1368,-0.0842,-0.0654,0.0449,0.1257,0.2100,-0.2100,0.0141,-0.0034,0.0017,-0.1154,0.0914,1.4171,-3.0592,0.0000,2.2039,-1.6303,-1.5838
39761365,0.1368,-0.0839,-0.0467,0.0293,0.1789,0.2100,-0.2100,0.0131,-0.0041,0.0022,-0.1450,0.1068,3.1735,-5.1362,0.0000,2.2532,-1.6964,-1.5838
39766366,0.1367,-0.0839,-0.0797,0.0284,0.0243,0.2100,-0.2100,0.0167,-0.0051,0.0030,-0.2083,0.1507,4.9599,-6.6053,1.6724,2.3048,-1.7491,-1.5441
39771366,0.1359,-0.0835,-0.1927,0.1151,-0.0126,0.2100,-0.2100,0.0138,-0.0070,0.0043,-0.3817,0.2711,7.3328,-8.8924,1.6724,2.3891,-1.8405,-1.5375
39776366,0.1347,-0.0827,-0.2804,0.1982,0.0090,0.2100,-0.2100,0.0081,-0.0096,0.0062,-0.5125,0.3766,9.0819,-10.4141,1.6724,2.4570,-1.9094,-1.5274
39781366,0.1330,-0.0816,-0.3589,0.2737,0.0341,0.2100,-0.2100,0.0023,-0.0129,0.0086,-0.6555,0.4877,11.6232,-12.8318,1.6724,2.5699,-2.0277,-1.5207
39786366,0.1310,-0.0801,-0.4462,0.2981,0.0274,0.2100,-0.2100,0.0055,-0.0168,0.0113,-0.7810,0.5341,13.1067,-14.3141,1.6724,2.6490,-2.1116,-1.5107
39791366,0.1288,-0.0785,-0.4688,0.3045,0.0127,0.2100,-0.2100,0.0056,-0.0210,0.0142,-0.8501,0.5690,15.0909,-15.9878,1.9493,2.7738,-2.2358,-1.4979
39796366,0.1265,-0.0769,-0.4924,0.3024,-0.0322,0.2100,-0.2100,0.0083,-0.0256,0.0170,-0.9021,0.5792,16.3092,-16.8355,1.9493,2.8611,-2.3184,-1.4862
39801366,0.1240,-0.0753,-0.5006,0.3036,-0.0603,0.2100,-0.2100,0.0088,-0.0303,0.0200,-0.9437,0.5974,17.6671,-17.9854,1.9493,2.9901,-2.4462,-1.4784
39806366,0.1216,-0.0740,-0.5049,0.3143,-0.0099,0.2100,-0.2100,0.0072,-0.0351,0.0231,-0.9624,0.6155,18.2496,-18.4860,1.9493,3.0735,-2.5295,-1.4667
39811366,0.1191,-0.0724,-0.5330,0.3363,0.0020,0.2100,-0.2100,0.0056,-0.0401,0.0263,-1.0092,0.6469,18.9802,-19.1605,1.9004,3.1999,-2.6565,-1.4599
39816366,0.1161,-0.0706,-0.6500,0.3897,-0.0701,0.2100,-0.2100,0.0086,-0.0458,0.0299,-1.1347,0.7052,19.2903,-19.5222,1.8516,3.2829,-2.7413,-1.4498
39821366,0.1128,-0.0687,-0.6942,0.4239,-0.1052,0.2100,-0.2100,0.0077,-0.0517,0.0336,-1.1892,0.7448,19.7093,-19.8816,1.8516,3.4088,-2.8669,-1.4424
39826366,0.1089,-0.0666,-0.7294,0.4603,-0.0789,0.2100,-0.2100,0.0052,-0.0579,0.0375,-1.2293,0.7838,19.9168,-20.0462,1.8516,3.4924,-2.9501,-1.4313
39831366,0.1051,-0.0644,-0.7352,0.4991,-0.0371,0.2100,-0.2100,-0.0014,-0.0641,0.0416,-1.2415,0.8257,20.1836,-20.2498,1.8516,3.6184,-3.0752,-1.4238
39836366,0.1012,-0.0617,-0.7566,0.5293,-0.0227,0.2100,-0.2100,-0.0054,-0.0704,0.0459,-1.2689,0.8500,20.2925,-20.2944,1.3797,3.7016,-3.1574,-1.4236
39841365,0.0975,-0.0591,-0.7847,0.5577,-0.0539,0.2018,-0.1912,-0.0085,-0.0769,0.0503,-1.2990,0.8802,20.3557,-20.3988,1.3797,3.8246,-3.2817,-1.4181
39846366,0.0935,-0.0565,-0.8066,0.5818,-0.0801,0.1821,-0.1676,-0.0114,-0.0835,0.0548,-1.3214,0.9052,20.3557,-20.4475,1.3797,3.9060,-3.3643,-1.4098
39851366,0.0893,-0.0537,-0.8601,0.6206,-0.0508,0.1545,-0.1380,-0.0146,-0.0904,0.0596,-1.3766,0.9457,20.4091,-20.5519,1.3797,4.0295,-3.4894,-1.4043
39856366,0.0850,-0.0506,-0.9007,0.6451,-0.0068,0.1286,-0.1113,-0.0170,-0.0975,0.0644,-1.4181,0.9703,20.4630,-20.5519,1.3797,4.1124,-3.5716,-1.3960
39861366,0.0804,-0.0472,-0.9511,0.6689,0.0011,0.1003,-0.0814,-0.0189,-0.1049,0.0694,-1.4703,0.9958,20.5165,-20.6565,1.3797,4.2364,-3.6973,-1.3905
39866366,0.0755,-0.0438,-0.9740,0.6552,-0.0157,0.0763,-0.0595,-0.0161,-0.1124,0.0743,-1.4955,0.9830,20.6242,-20.7050,1.3797,4.3207,-3.7811,-1.3822
39871365,0.0707,-0.0407,-1.0137,0.6475,-0.0114,0.0482,-0.0370,-0.0107,-0.1201,0.0791,-1.5480,0.9564,20.7311,-20.7009,0.0687,4.4467,-3.9053,-1.4049
39876366,0.0656,-0.0373,-1.0522,0.6826,-0.0062,0.0198,-0.0063,-0.0133,-0.1281,0.0840,-1.5950,0.9801,20.7311,-20.8053,-0.8390,4.5297,-3.9904,-1.4267
39881365,0.0602,-0.0339,-1.0916,0.7315,-0.0252,-0.0092,0.0284,-0.0183,-0.1362,0.0891,-1.6349,1.0282,20.7850,-20.7503,-0.8390,4.6554,-4.1140,-1.4301
39886366,0.0547,-0.0303,-1.1380,0.7651,-0.0627,-0.0397,0.0624,-0.0202,-0.1446,0.0944,-1.6801,1.0594,20.7915,-20.5889,-0.8390,4.7388,-4.1933,-1.4351
39891365,0.0490,-0.0263,-1.1744,0.8048,-0.0884,-0.0685,0.0973,-0.0254,-0.1532,0.0999,-1.7064,1.0888,20.5420,-19.9036,-0.8390,4.8579,-4.3018,-1.4385
39896366,0.0430,-0.0222,-1.2181,0.7981,-0.0847,-0.1007,0.1253,-0.0214,-0.1619,0.1052,-1.7445,1.0656,20.0531,-19.5060,-1.5714,4.9296,-4.3730,-1.4588
39901366,0.0368,-0.0181,-1.2532,0.8039,-0.0930,-0.1296,0.1537,-0.0206,-0.1706,0.1104,-1.7482,1.0494,18.9067,-18.0835,-1.6202,5.0242,-4.4570,-1.4662
39906366,0.0305,-0.0140,-1.3018,0.8302,-0.1168,-0.1618,0.1877,-0.0214,-0.1795,0.1157,-1.7705,1.0573,17.9912,-16.8557,-1.6202,5.0801,-4.5024,-1.4760
39911365,0.0239,-0.0101,-1.3250,0.8286,-0.0508,-0.1896,0.2100,-0.0198,-0.1882,0.1208,-1.7372,1.0222,15.8338,-14.6016,-1.6202,5.1390,-4.5515,-1.4824
39916365,0.0173,-0.0061,-1.2798,0.8045,-0.0377,-0.2040,0.2100,-0.0210,-0.1964,0.1257,-1.6473,0.9702,14.0618,-12.8412,-1.7309,5.1635,-4.5713,-1.4944
39921365,0.0110,-0.0021,-1.2309,0.7792,-0.0841,-0.2100,0.2100,-0.0212,-0.2041,0.1302,-1.5377,0.8999,11.7621,-10.1032,-2.0078,5.1958,-4.5857,-1.5079
39926366,0.0048,0.0017,-1.2223,0.7480,-0.0753,-0.2100,0.2100,-0.0177,-0.2115,0.1344,-1.4837,0.8410,10.0507,-8.2454,-2.0078,5.2053,-4.5853,-1.5199
39931366,-0.0009,0.0052,-1.1316,0.6820,-0.0285,-0.2100,0.2100,-0.0159,-0.2181,0.1380,-1.3110,0.7128,7.3811,-4.0726,-2.0078,5.2046,-4.5398,-1.5279
39936366,-0.0062,0.0084,-1.0354,0.6133,0.0100,-0.2100,0.2100,-0.0151,-0.2238,0.1410,-1.1451,0.6130,4.3790,-1.9839,-2.0078,5.1675,-4.5108,-1.5400
39941366,-0.0110,0.0110,-0.9340,0.5272,0.0509,-0.2100,0.2100,-0.0104,-0.2286,0.1434,-0.9610,0.4757,1.1354,1.2900,-2.1646,5.1205,-4.4475,-1.5514
39946366,-0.0153,0.0132,-0.8259,0.4221,0.0051,-0.2100,0.2100,-0.0017,-0.2326,0.1451,-0.8026,0.3430,-0.8561,3.1409,-2.1646,5.0823,-4.4017,-1.5644
39951365,-0.0191,0.0151,-0.7633,0.3525,-0.0722,-0.2100,0.2100,0.0061,-0.2360,0.1463,-0.6693,0.2297,-3.4958,6.0759,-2.1646,5.0167,-4.3153,-1.5730
39956366,-0.0226,0.0166,-0.6875,0.2822,-0.0071,-0.2100,0.2003,0.0111,-0.2386,0.1469,-0.5357,0.1306,-5.7887,8.1045,-2.0678,4.9523,-4.2468,-1.5840
39961365,-0.0259,0.0178,-0.6219,0.2410,0.0161,-0.2059,0.1919,0.0134,-0.2406,0.1472,-0.3919,0.0529,-8.7091,10.9444,-1.6803,4.8506,-4.1331,-1.5839
39966366,-0.0288,0.0188,-0.5547,0.2098,-0.0441,-0.1997,0.1870,0.0144,-0.2419,0.1472,-0.2693,-0.0003,-10.7483,12.8655,-1.2444,4.7707,-4.0469,-1.5840
39971366,-0.0314,0.0198,-0.4881,0.1970,-0.1186,-0.1911,0.1834,0.0122,-0.2426,0.1470,-0.1344,-0.0451,-13.4465,15.2042,-1.0507,4.6437,-3.9157,-1.5847
39976366,-0.0334,0.0206,-0.4215,0.2059,-0.1748,-0.1826,0.1836,0.0057,-0.2428,0.1467,-0.0269,-0.0502,-15.0691,16.4255,-0.7601,4.5542,-3.8279,-1.5842
39981366,-0.0353,0.0216,-0.3919,0.2401,-0.1648,-0.1814,0.1906,-0.0029,-0.2425,0.1465,0.0454,-0.0340,-16.7980,17.7797,-0.6148,4.4245,-3.6975,-1.5841
39986365,-0.0373,0.0228,-0.3632,0.2581,-0.0969,-0.1829,0.1966,-0.0100,-0.2420,0.1464,0.0961,-0.0251,-17.6213,18.5406,-0.4695,4.3397,-3.6094,-1.5844
39991366,-0.0391,0.0242,-0.3549,0.2480,-0.0640,-0.1872,0.2006,-0.0110,-0.2414,0.1462,0.1295,-0.0446,-18.6674,19.2685,-0.3726,4.2103,-3.4814,-1.5841
39996366,-0.0407,0.0251,-0.3018,0.1720,-0.0603,-0.1824,0.1886,-0.0039,-0.2404,0.1456,0.1951,-0.1247,-19.1582,19.6377,-0.2758,4.1252,-3.3961,-1.5842
40001366,-0.0419,0.0254,-0.2330,0.0367,0.0659,-0.1745,0.1604,0.0115,-0.2390,0.1442,0.2785,-0.2656,-19.7773,20.0584,-0.2273,3.9964,-3.2685,-1.5842
40006365,-0.0431,0.0255,-0.2123,0.0015,0.0368,-0.1746,0.1552,0.0180,-0.2375,0.1427,0.3043,-0.3022,-19.9718,20.2102,-0.1789,3.9130,-3.1848,-1.5844
40011366,-0.0441,0.0252,-0.2144,-0.0046,0.0637,-0.1787,0.1547,0.0216,-0.2360,0.1412,0.3089,-0.3093,-20.2847,20.3188,-0.1305,3.7859,-3.0609,-1.5841
40016366,-0.0451,0.0253,-0.1729,0.0147,0.1373,-0.1754,0.1551,0.0150,-0.2342,0.1397,0.3545,-0.2909,-20.4444,20.4255,-0.0820,3.7013,-2.9773,-1.5838
40021365,-0.0459,0.0253,-0.1436,0.0012,0.0854,-0.1722,0.1523,0.0166,-0.2323,0.1382,0.3879,-0.3066,-20.5997,20.5827,-0.0820,3.5751,-2.8511,-1.5842
40026366,-0.0465,0.0251,-0.0996,-0.0580,-0.0016,-0.1649,0.1397,0.0253,-0.2301,0.1364,0.4342,-0.3667,-20.7099,20.6377,-0.0820,3.4904,-2.7676,-1.5846
40031366,-0.0470,0.0247,-0.0635,-0.0987,0.0057,-0.1596,0.1288,0.0307,-0.2277,0.1343,0.4723,-0.4069,-20.7588,20.6893,0.0000,3.3650,-2.6425,-1.5838
40036366,-0.0469,0.0239,-0.0150,-0.1222,0.0356,-0.1503,0.1168,0.0322,-0.2251,0.1322,0.5203,-0.4311,-20.7049,20.7421,0.0000,3.2831,-2.5585,-1.5838
40041365,-0.0468,0.0231,0.0186,-0.1045,0.0423,-0.1434,0.1138,0.0280,-0.2223,0.1301,0.5575,-0.4072,-20.6985,20.7486,0.4181,3.1589,-2.4337,-1.5752
40046366,-0.0466,0.0224,0.0370,-0.0883,-0.0374,-0.1372,0.1137,0.0249,-0.2194,0.1283,0.5885,-0.3735,-20.7449,20.8573,1.6724,3.0752,-2.3483,-1.5421
40051366,-0.0461,0.0221,0.1347,-0.0648,-0.0255,-0.1164,0.1058,0.0116,-0.2160,0.1265,0.6867,-0.3508,-20.7449,20.9089,1.6724,2.9507,-2.2220,-1.5354
40056366,-0.0452,0.0216,0.2095,-0.0684,0.0258,-0.0993,0.0939,0.0043,-0.2122,0.1247,0.7592,-0.3537,-20.6379,20.8605,1.6724,2.8702,-2.1395,-1.5253
40061366,-0.0440,0.0211,0.2660,-0.0870,0.0454,-0.0841,0.0809,0.0015,-0.2081,0.1229,0.8144,-0.3732,-20.5277,20.9195,1.6724,2.7487,-2.0130,-1.5186
40066366,-0.0425,0.0206,0.3012,-0.0437,0.0265,-0.0712,0.0803,-0.0102,-0.2038,0.1212,0.8481,-0.3292,-20.4742,20.8711,1.6724,2.6676,-1.9303,-1.5086
40071365,-0.0409,0.0202,0.3577,-0.0431,0.0356,-0.0537,0.0703,-0.0180,-0.1993,0.1196,0.9060,-0.3245,-20.4130,20.8751,1.9493,2.5460,-1.8049,-1.4955
40076366,-0.0389,0.0199,0.3949,-0.0730,0.1049,-0.0396,0.0561,-0.0205,-0.1946,0.1178,0.9442,-0.3545,-20.4693,20.8785,1.9493,2.4631,-1.7212,-1.4838
40081366,-0.0368,0.0195,0.4423,-0.0962,0.1315,-0.0222,0.0417,-0.0245,-0.1896,0.1159,0.9916,-0.3778,-20.4712,20.8828,1.9493,2.3403,-1.5961,-1.4760
40086366,-0.0345,0.0188,0.4713,-0.1658,0.0753,-0.0069,0.0210,-0.0170,-0.1845,0.1137,1.0201,-0.4468,-20.4638,20.8341,1.9493,2.2585,-1.5137,-1.4643
40091366,-0.0321,0.0177,0.4707,-0.2407,0.1813,0.0010,-0.0013,-0.0067,-0.1795,0.1111,1.0167,-0.5216,-20.4573,20.6781,1.8028,2.1358,-1.3923,-1.4595
40096366,-0.0296,0.0161,0.4829,-0.3299,0.2653,0.0121,-0.0291,0.0069,-0.1743,0.1080,1.0220,-0.6153,-20.4019,20.4793,1.3146,2.0553,-1.3139,-1.4599
40101366,-0.0273,0.0142,0.4673,-0.3787,0.2641,0.0170,-0.0459,0.0188,-0.1694,0.1047,0.9932,-0.6611,-19.9866,20.0236,1.0704,1.9425,-1.2011,-1.4600
40106366,-0.0250,0.0123,0.5058,-0.3833,0.1587,0.0342,-0.0599,0.0196,-0.1643,0.1014,1.0197,-0.6652,-19.5550,19.7439,0.8263,1.8721,-1.1272,-1.4592
40111366,-0.0224,0.0101,0.5528,-0.4191,0.0487,0.0529,-0.0797,0.0250,-0.1591,0.0980,1.0375,-0.6854,-18.5253,18.5532,0.6799,1.7780,-1.0357,-1.4592
40116366,-0.0195,0.0079,0.5849,-0.4536,0.1004,0.0681,-0.1008,0.0289,-0.1539,0.0944,1.0476,-0.7081,-17.8492,17.5586,0.4846,1.7186,-0.9828,-1.4596
40121366,-0.0164,0.0057,0.6151,-0.4722,0.1468,0.0825,-0.1182,0.0301,-0.1487,0.0909,1.0333,-0.7027,-16.1683,15.8486,0.3869,1.6494,-0.9163,-1.4598
40126366,-0.0132,0.0032,0.6374,-0.5116,0.0671,0.0979,-0.1377,0.0372,-0.1436,0.0873,1.0203,-0.7170,-15.0608,14.0587,0.2893,1.6082,-0.8922,-1.4597
40131365,-0.0101,0.0007,0.6561,-0.5147,-0.0065,0.1110,-0.1503,0.0396,-0.1387,0.0839,0.9865,-0.6907,-13.0500,12.0412,0.2404,1.5639,-0.8531,-1.4596
40136366,-0.0067,-0.0022,0.6735,-0.5162,-0.0307,0.1245,-0.1650,0.0417,-0.1339,0.0805,0.9583,-0.6670,-11.2412,10.3530,0.2404,1.5509,-0.8420,-1.4582
40141365,-0.0035,-0.0047,0.6503,-0.4487,0.0567,0.1270,-0.1628,0.0337,-0.1295,0.0777,0.8692,-0.5610,-8.7101,7.7720,0.2404,1.5414,-0.8391,-1.4572
40146366,-0.0004,-0.0069,0.5770,-0.4065,-0.0041,0.1229,-0.1572,0.0345,-0.1257,0.0754,0.7560,-0.4713,-6.9868,5.5803,1.2368,1.5444,-0.8553,-1.4347
40151365,0.0025,-0.0090,0.5452,-0.4221,-0.0841,0.1244,-0.1625,0.0413,-0.1225,0.0732,0.6570,-0.4296,-4.4835,2.2625,1.7611,1.5604,-0.8994,-1.4176
40156366,0.0051,-0.0110,0.5461,-0.3961,0.0353,0.1300,-0.1680,0.0366,-0.1194,0.0714,0.6136,-0.3709,-2.9979,0.0735,1.7611,1.5750,-0.9390,-1.4070
40161366,0.0076,-0.0130,0.4786,-0.3714,0.1459,0.1217,-0.1652,0.0380,-0.1169,0.0699,0.4927,-0.2886,-0.6224,-2.5798,2.9748,1.6129,-0.9993,-1.3741
40166366,0.0100,-0.0149,0.4490,-0.3338,0.0420,0.1254,-0.1634,0.0364,-0.1147,0.0688,0.4412,-0.2228,0.0000,-4.1752,3.2654,1.6245,-1.0443,-1.3503
40171366,0.0120,-0.0164,0.3641,-0.2526,-0.0780,0.1144,-0.1444,0.0330,-0.1132,0.0683,0.3007,-0.0991,2.3338,-6.4919,3.7981,1.6783,-1.1224,-1.3249
40176366,0.0136,-0.0173,0.2752,-0.1619,-0.0594,0.1015,-0.1245,0.0253,-0.1123,0.0684,0.1867,0.0215,3.4623,-7.8194,4.4775,1.7130,-1.1770,-1.2863
40181365,0.0146,-0.0179,0.1552,-0.0996,-0.0120,0.0790,-0.1037,0.0251,-0.1121,0.0690,0.0299,0.1191,4.6994,-9.9065,4.7544,1.7635,-1.2720,-1.2628
40186366,0.0149,-0.0182,0.0180,-0.0174,-0.1861,0.0540,-0.0729,0.0260,-0.1128,0.0702,-0.1344,0.2319,5.8767,-11.3347,5.3862,1.8089,-1.3430,-1.2194
40191365,0.0146,-0.0182,-0.0944,0.0159,-0.1983,0.0285,-0.0524,0.0315,-0.1142,0.0717,-0.2858,0.2994,7.2930,-13.3326,5.6791,1.8768,-1.4567,-1.1910
40196366,0.0141,-0.0182,-0.1411,0.0648,-0.1247,0.0149,-0.0368,0.0268,-0.1160,0.0735,-0.3505,0.3741,7.9883,-14.5443,6.2035,1.9204,-1.5366,-1.1437
40201366,0.0131,-0.0179,-0.2138,0.1066,-0.0841,-0.0049,-0.0180,0.0261,-0.1182,0.0758,-0.4414,0.4434,8.5184,-15.9952,6.5897,1.9809,-1.6574,-1.1101
40206366,0.0118,-0.0174,-0.2938,0.1408,-0.1699,-0.0247,0.0024,0.0289,-0.1208,0.0782,-0.5273,0.4971,8.8001,-16.7101,7.1824,2.0214,-1.7373,-1.0569
40211365,0.0103,-0.0166,-0.3525,0.1640,-0.2374,-0.0418,0.0196,0.0313,-0.1238,0.0809,-0.5918,0.5351,8.9078,-17.4351,7.4437,2.0767,-1.8545,-1.0220
40216366,0.0083,-0.0156,-0.3943,0.1817,-0.1489,-0.0578,0.0329,0.0306,-0.1269,0.0837,-0.6214,0.5593,8.2579,-17.5966,7.7206,2.0979,-1.9278,-0.9706
40221366,0.0061,-0.0147,-0.4126,0.2010,-0.0383,-0.0698,0.0430,0.0282,-0.1300,0.0866,-0.6149,0.5777,7.0950,-17.2899,7.9647,2.1225,-2.0267,-0.9340
40226366,0.0040,-0.0137,-0.3931,0.2288,-0.0081,-0.0733,0.0522,0.0214,-0.1328,0.0896,-0.5735,0.6020,6.1536,-16.8498,8.1744,2.1297,-2.0859,-0.8809
40231365,0.0019,-0.0121,-0.3839,0.3540,-0.1134,-0.0775,0.0811,0.0007,-0.1356,0.0931,-0.5530,0.7057,6.1536,-15.4620,8.1193,2.1666,-2.1549,-0.8495
40236366,0.0002,-0.0102,-0.3454,0.4261,-0.0221,-0.0763,0.0960,-0.0189,-0.1380,0.0969,-0.4878,0.7584,5.2979,-14.1196,8.1677,2.1729,-2.1879,-0.7996
40241365,-0.0016,-0.0080,-0.3406,0.4927,0.0500,-0.0804,0.1134,-0.0350,-0.1403,0.1009,-0.4461,0.7949,3.8520,-12.4154,7.8541,2.1716,-2.2348,-0.7743
40246366,-0.0033,-0.0055,-0.3256,0.5195,-0.0175,-0.0812,0.1258,-0.0439,-0.1423,0.1048,-0.3971,0.7859,2.0800,-11.0106,6.8573,2.1481,-2.2537,-0.7488
40251366,-0.0050,-0.0028,-0.2923,0.5602,-0.0514,-0.0772,0.1383,-0.0591,-0.1438,0.1088,-0.3158,0.7896,0.5295,-8.5320,6.8573,2.1231,-2.2630,-0.7274
40256366,-0.0064,-0.0000,-0.2599,0.5852,0.0026,-0.0761,0.1475,-0.0714,-0.1452,0.1126,-0.2667,0.7703,-0.2785,-6.8797,5.5391,2.1084,-2.2608,-0.7094
40261366,-0.0076,0.0029,-0.2007,0.5873,0.0359,-0.0669,0.1492,-0.0837,-0.1460,0.1162,-0.1700,0.7180,-1.4540,-4.0532,4.7091,2.0784,-2.2367,-0.7100
40266366,-0.0084,0.0058,-0.1423,0.5727,0.0368,-0.0573,0.1488,-0.0929,-0.1464,0.1195,-0.0868,0.6547,-2.6388,-2.1662,3.3420,2.0459,-2.2121,-0.7097
40271365,-0.0091,0.0085,-0.1148,0.5202,-0.0432,-0.0506,0.1446,-0.0923,-0.1465,0.1223,-0.0198,0.5562,-3.8784,0.4316,2.8538,2.0036,-2.1649,-0.7098
40276366,-0.0095,0.0111,-0.0782,0.4856,-0.0936,-0.0435,0.1422,-0.0952,-0.1464,0.1247,0.0320,0.4785,-4.4236,2.2172,1.7403,1.9764,-2.1242,-0.7154
40281365,-0.0095,0.0129,0.0113,0.3519,0.0943,-0.0266,0.1107,-0.0877,-0.1456,0.1261,0.1502,0.2881,-5.5761,4.6295,0.3558,1.9234,-2.0555,-0.7398
40286366,-0.0091,0.0148,0.1011,0.3522,0.1367,-0.0079,0.1046,-0.1020,-0.1444,0.1274,0.2418,0.2509,-5.5761,5.9957,-0.7964,1.9011,-2.0073,-0.7649
40291366,-0.0086,0.0161,0.1194,0.2318,0.0005,0.0009,0.0837,-0.0846,-0.1430,0.1278,0.2801,0.0786,-6.2960,8.1744,-2.1029,1.8501,-1.9214,-0.7955
40296366,-0.0078,0.0168,0.1319,0.1173,0.0008,0.0067,0.0616,-0.0683,-0.1415,0.1274,0.2987,-0.0763,-6.6674,9.5135,-3.4667,1.8163,-1.8511,-0.8429
40301366,-0.0072,0.0171,0.0907,0.0431,0.1004,0.0001,0.0496,-0.0536,-0.1402,0.1265,0.2608,-0.1828,-6.8828,10.5757,-4.5700,1.7710,-1.7899,-0.8816
40306366,-0.0067,0.0169,0.0883,-0.0687,0.0955,0.0021,0.0273,-0.0331,-0.1389,0.1249,0.2612,-0.3244,-6.9391,11.6802,-5.4614,1.7423,-1.7011,-0.9285
40311366,-0.0065,0.0161,0.0730,-0.1622,0.0585,0.0001,0.0096,-0.0120,-0.1377,0.1227,0.2404,-0.4355,-6.7040,12.1835,-6.1450,1.7056,-1.6429,-0.9652
40316366,-0.0063,0.0150,0.0751,-0.2159,0.0344,0.0018,-0.0048,0.0017,-0.1365,0.1201,0.2440,-0.5084,-6.7040,12.9104,-6.6988,1.6788,-1.5524,-1.0146
40321366,-0.0059,0.0137,0.1130,-0.2508,0.0155,0.0101,-0.0192,0.0085,-0.1351,0.1174,0.2705,-0.5503,-6.0088,13.1787,-6.9078,1.6554,-1.4948,-1.0457
40326366,-0.0051,0.0124,0.1271,-0.2883,0.1004,0.0146,-0.0339,0.0154,-0.1337,0.1144,0.2814,-0.5869,-6.0088,12.9624,-7.0569,1.6313,-1.4202,-1.0905
40331366,-0.0043,0.0108,0.1155,-0.3293,0.0494,0.0148,-0.0453,0.0285,-0.1325,0.1113,0.2522,-0.6253,-5.0674,12.7978,-7.0569,1.6221,-1.3721,-1.1187
40336366,-0.0038,0.0090,0.1368,-0.3699,0.0454,0.0205,-0.0592,0.0370,-0.1312,0.1081,0.2653,-0.6369,-5.0674,11.3453,-6.5604,1.5917,-1.3282,-1.1489
40341366,-0.0031,0.0069,0.1646,-0.4087,0.0772,0.0269,-0.0762,0.0463,-0.1298,0.1048,0.2790,-0.6660,-4.4175,10.8565,-6.4031,1.5853,-1.2930,-1.1720
40346366,-0.0021,0.0044,0.1851,-0.4334,0.1034,0.0332,-0.0892,0.0521,-0.1284,0.1016,0.2808,-0.6444,-3.2568,9.3711,-4.7776,1.5856,-1.2638,-1.1729
40351366,-0.0009,0.0020,0.1933,-0.4478,0.1019,0.0385,-0.1008,0.0584,-0.1270,0.0984,0.2774,-0.6300,-2.6533,8.3384,-3.8861,1.5858,-1.2482,-1.1723
40356365,0.0002,-0.0002,0.1851,-0.4377,0.0689,0.0402,-0.1039,0.0610,-0.1257,0.0956,0.2466,-0.5720,-1.9569,6.1180,-2.8898,1.5859,-1.2495,-1.1726
40361366,0.0011,-0.0025,0.1576,-0.4001,0.0417,0.0380,-0.1022,0.0626,-0.1247,0.0930,0.2082,-0.5097,-1.6320,4.9820,-2.3654,1.5852,-1.2500,-1.1726
40366366,0.0019,-0.0045,0.1457,-0.3454,0.0298,0.0379,-0.0976,0.0586,-0.1238,0.0909,0.1819,-0.4238,-1.2141,3.5159,-1.7362,1.5851,-1.2534,-1.1723
40371365,0.0026,-0.0059,0.1408,-0.2465,0.0677,0.0382,-0.0852,0.0444,-0.1230,0.0894,0.1606,-0.2939,-0.9820,1.7555,-1.4215,1.5854,-1.2779,-1.1723
40376365,0.0035,-0.0073,0.1729,-0.2132,0.0298,0.0464,-0.0834,0.0359,-0.1222,0.0884,0.1646,-0.1976,0.9968,0.0000,1.0481,1.6239,-1.3075,-1.1241
40381366,0.0045,-0.0085,0.1429,-0.2159,-0.0322,0.0442,-0.0845,0.0415,-0.1215,0.0875,0.1230,-0.1800,0.9968,-1.3630,1.0481,1.6279,-1.3378,-1.1199
40386366,0.0051,-0.0094,0.0980,-0.1533,-0.0139,0.0381,-0.0721,0.0346,-0.1212,0.0872,0.0776,-0.0789,0.9968,-2.6820,2.3074,1.6339,-1.3761,-1.0891
40391365,0.0054,-0.0099,0.0199,-0.0599,0.0268,0.0237,-0.0508,0.0261,-0.1212,0.0873,-0.0001,0.0320,0.9968,-3.2413,2.9192,1.6378,-1.3984,-1.0605
40396365,0.0052,-0.0099,-0.0620,0.0473,0.0277,0.0047,-0.0217,0.0159,-0.1217,0.0881,-0.1152,0.1659,2.4942,-4.5651,3.3896,1.6787,-1.4487,-1.0344
40401366,0.0045,-0.0094,-0.1619,0.1576,0.0103,-0.0169,0.0107,0.0058,-0.1228,0.0896,-0.2127,0.2919,2.4942,-4.9529,4.0541,1.6887,-1.4761,-1.0003
40406365,0.0036,-0.0084,-0.2321,0.2315,0.0075,-0.0346,0.0359,-0.0016,-0.1242,0.0915,-0.2882,0.3751,2.4942,-5.5726,4.0541,1.7037,-1.5210,-0.9840
40411366,0.0024,-0.0070,-0.2673,0.2587,0.0072,-0.0458,0.0517,-0.0061,-0.1258,0.0935,-0.3183,0.4122,2.2591,-5.8477,4.4447,1.7087,-1.5491,-0.9511
40416365,0.0011,-0.0056,-0.2941,0.2718,-0.0252,-0.0549,0.0639,-0.0081,-0.1275,0.0957,-0.3346,0.4253,1.6479,-5.8477,4.4447,1.7082,-1.5842,-0.9333
40421366,-0.0005,-0.0041,-0.3048,0.3396,-0.0331,-0.0622,0.0827,-0.0193,-0.1292,0.0980,-0.3348,0.4739,1.3657,-4.8740,4.1301,1.7086,-1.5864,-0.9139
40426366,-0.0019,-0.0024,-0.2669,0.4026,0.0081,-0.0598,0.0962,-0.0367,-0.1306,0.1006,-0.2795,0.5180,0.9896,-3.6084,4.1301,1.7082,-1.5864,-0.8974
40431365,-0.0032,-0.0002,-0.2352,0.4368,0.0839,-0.0576,0.1062,-0.0518,-0.1317,0.1033,-0.2160,0.5427,-0.5348,-2.9755,4.1301,1.6796,-1.5869,-0.8809
40436366,-0.0043,0.0020,-0.1994,0.4273,0.1358,-0.0554,0.1086,-0.0584,-0.1325,0.1059,-0.1757,0.5085,-0.8557,-2.1966,3.2474,1.6682,-1.5867,-0.8758
40441366,-0.0053,0.0040,-0.1921,0.3735,0.1019,-0.0557,0.1050,-0.0532,-0.1333,0.1080,-0.1451,0.4179,-1.7971,-0.5526,2.4199,1.6450,-1.5596,-0.8755
40446365,-0.0060,0.0057,-0.1597,0.2954,-0.0053,-0.0490,0.0943,-0.0451,-0.1337,0.1095,-0.0851,0.3092,-2.8224,1.0496,1.9786,1.6093,-1.5261,-0.8755
40451366,-0.0068,0.0068,-0.1167,0.2425,-0.0829,-0.0410,0.0850,-0.0409,-0.1338,0.1106,-0.0188,0.2248,-3.6580,2.6219,1.4297,1.5790,-1.4873,-0.8763
40456366,-0.0072,0.0079,-0.0644,0.2312,-0.0487,-0.0322,0.0781,-0.0441,-0.1335,0.1114,0.0480,0.1570,-4.3043,4.7177,-0.2622,1.5426,-1.4239,-0.9074
40461366,-0.0074,0.0090,0.0058,0.2175,0.0121,-0.0200,0.0707,-0.0512,-0.1329,0.1120,0.1193,0.1196,-4.3043,5.5681,-0.9963,1.5254,-1.3870,-0.9273
40466365,-0.0069,0.0099,0.1026,0.1600,0.0662,0.0009,0.0507,-0.0541,-0.1318,0.1122,0.2311,0.0289,-5.0367,6.8241,-1.9728,1.4821,-1.3239,-0.9520
40471366,-0.0063,0.0107,0.1127,0.1225,0.0741,0.0060,0.0432,-0.0520,-0.1305,0.1120,0.2506,-0.0254,-5.3188,7.6493,-2.2657,1.4560,-1.2777,-0.9668
40476365,-0.0057,0.0110,0.1054,0.0452,0.0371,0.0078,0.0294,-0.0386,-0.1293,0.1114,0.2471,-0.1322,-5.3188,8.8570,-3.0410,1.4241,-1.2033,-0.9965
40481365,-0.0051,0.0111,0.1078,-0.0180,0.0588,0.0099,0.0170,-0.0291,-0.1281,0.1104,0.2455,-0.2046,-4.9445,9.3044,-3.2072,1.4115,-1.1581,-1.0191
40486365,-0.0046,0.0108,0.1038,-0.0782,0.0848,0.0111,0.0047,-0.0190,-0.1268,0.1090,0.2443,-0.2694,-4.9445,9.6210,-3.2072,1.3819,-1.0949,-1.0319
40491366,-0.0040,0.0102,0.1206,-0.1573,0.0634,0.0162,-0.0134,-0.0052,-0.1256,0.1072,0.2479,-0.3563,-4.3907,9.6697,-3.6775,1.3738,-1.0553,-1.0627
40496365,-0.0034,0.0092,0.1066,-0.2169,0.0432,0.0145,-0.0252,0.0090,-0.1245,0.1052,0.2125,-0.4134,-3.2278,9.5046,-3.6775,1.3743,-1.0014,-1.0774
40501366,-0.0028,0.0079,0.1014,-0.2810,0.0405,0.0146,-0.0395,0.0234,-0.1236,0.1028,0.1893,-0.4659,-2.6741,8.6268,-3.7744,1.3736,-0.9832,-1.1019
40506366,-0.0023,0.0064,0.1081,-0.3247,0.0720,0.0155,-0.0517,0.0335,-0.1227,0.1004,0.1715,-0.4886,-1.9542,7.2209,-3.7744,1.3742,-0.9620,-1.1170
40511366,-0.0019,0.0044,0.1112,-0.3968,0.1126,0.0167,-0.0708,0.0498,-0.1219,0.0977,0.1691,-0.5414,-1.6220,6.5906,-3.1124,1.3737,-0.9477,-1.1250
40516365,-0.0014,0.0025,0.0996,-0.4142,0.0741,0.0164,-0.0783,0.0591,-0.1211,0.0950,0.1493,-0.5398,-1.1790,5.9195,-2.5056,1.3742,-0.9222,-1.1241
40521366,-0.0008,0.0002,0.0922,-0.4007,0.0756,0.0165,-0.0825,0.0630,-0.1205,0.0925,0.1328,-0.5039,-0.9575,4.8567,-2.0643,1.3743,-0.9219,-1.1245
40526366,-0.0004,-0.0018,0.0605,-0.3571,0.1040,0.0109,-0.0782,0.0633,-0.1200,0.0903,0.0908,-0.4328,-0.7360,3.5703,-1.5126,1.3737,-0.9224,-1.1242
40531366,-0.0001,-0.0035,0.0464,-0.2740,0.0921,0.0097,-0.0659,0.0527,-0.1196,0.0888,0.0788,-0.3001,-0.5698,2.1905,0.4359,1.3744,-0.9381,-1.0895
40536365,0.0001,-0.0047,0.0333,-0.2049,0.0823,0.0071,-0.0556,0.0454,-0.1194,0.0878,0.0525,-0.2044,-0.4591,0.6391,0.6781,1.3735,-0.9620,-1.0820
40541366,0.0003,-0.0057,0.0397,-0.1487,0.0979,0.0093,-0.0486,0.0355,-0.1191,0.0872,0.0596,-0.1091,-0.3483,-0.5164,2.1414,1.3742,-0.9837,-1.0440
40546365,0.0004,-0.0066,0.0134,-0.1264,0.0460,0.0046,-0.0439,0.0375,-0.1189,0.0869,0.0253,-0.0760,-0.2376,-1.2393,2.1414,1.3745,-1.0049,-1.0354
40551366,0.0007,-0.0073,-0.0009,-0.1323,-0.0105,0.0038,-0.0436,0.0403,-0.1189,0.0866,0.0143,-0.0497,-0.2376,-2.1195,3.4151,1.3736,-1.0283,-0.9920
40556366,0.0006,-0.0077,-0.0183,-0.0266,-0.0404,-0.0024,-0.0226,0.0266,-0.1191,0.0870,-0.0442,0.0723,2.0323,-2.7796,3.8545,1.4230,-1.0576,-0.9694
40561366,0.0004,-0.0071,-0.0644,0.1689,0.0032,-0.0133,0.0179,-0.0047,-0.1196,0.0884,-0.0958,0.2890,2.0858,-3.7532,4.3012,1.4324,-1.0902,-0.9354
40566366,-0.0000,-0.0060,-0.0910,0.2703,0.1169,-0.0212,0.0407,-0.0240,-0.1202,0.0904,-0.1187,0.3967,2.0858,-3.7532,4.7207,1.4449,-1.1127,-0.9084
40571366,-0.0003,-0.0045,-0.0883,0.2975,0.1062,-0.0217,0.0515,-0.0338,-0.1208,0.0925,-0.1187,0.4286,2.0858,-4.0698,4.7207,1.4532,-1.1352,-0.8801
40576366,-0.0007,-0.0027,-0.0922,0.3213,0.0316,-0.0219,0.0627,-0.0420,-0.1213,0.0948,-0.1073,0.4475,1.0355,-4.0698,4.3897,1.4435,-1.1596,-0.8686
40581366,-0.0013,-0.0014,-0.1112,0.3210,0.0084,-0.0261,0.0697,-0.0439,-0.1218,0.0970,-0.1059,0.4438,-0.0341,-3.8461,4.3897,1.4233,-1.1713,-0.8422
40586365,-0.0018,0.0000,-0.1136,0.3357,0.0310,-0.0286,0.0764,-0.0489,-0.1223,0.0992,-0.1039,0.4363,-0.0341,-2.8393,3.9053,1.4231,-1.1710,-0.8349
40591366,-0.0023,0.0017,-0.0907,0.3827,0.1104,-0.0277,0.0865,-0.0631,-0.1228,0.1015,-0.0854,0.4606,-0.0341,-2.3359,2.8883,1.4230,-1.1712,-0.8350
40596366,-0.0029,0.0038,-0.0944,0.3864,0.1419,-0.0301,0.0925,-0.0678,-0.1232,0.1036,-0.0780,0.4294,-0.0341,-0.5262,2.3555,1.4228,-1.1450,-0.8352
40601366,-0.0033,0.0056,-0.1011,0.3433,0.0542,-0.0323,0.0919,-0.0617,-0.1236,0.1054,-0.0876,0.3468,-0.0341,0.6331,0.8647,1.4226,-1.1209,-0.8539
40606365,-0.0038,0.0067,-0.1130,0.1994,0.0591,-0.0337,0.0700,-0.0386,-0.1239,0.1062,-0.0591,0.1648,-2.2491,2.0448,-0.2758,1.3725,-1.0855,-0.8766
40611366,-0.0042,0.0077,-0.0907,0.1686,0.0246,-0.0297,0.0658,-0.0370,-0.1240,0.1068,-0.0268,0.1168,-2.2491,3.2001,-0.2758,1.3635,-1.0528,-0.8777
40616365,-0.0046,0.0085,-0.0605,0.1936,-0.0001,-0.0248,0.0682,-0.0434,-0.1240,0.1073,0.0084,0.1067,-2.2491,4.6662,-1.1673,1.3500,-1.0010,-0.8980
40621366,-0.0048,0.0093,-0.0217,0.2062,-0.0102,-0.0183,0.0683,-0.0496,-0.1238,0.1077,0.0453,0.0898,-2.2491,5.5420,-2.2648,1.3410,-0.9638,-0.9319
40626365,-0.0047,0.0102,0.0186,0.1524,0.0240,-0.0104,0.0559,-0.0465,-0.1233,0.1078,0.0876,0.0075,-2.4348,6.4294,-3.2901,1.3228,-0.9104,-0.9642
40631366,-0.0045,0.0107,0.0418,0.0611,0.0833,-0.0053,0.0378,-0.0357,-0.1227,0.1073,0.1163,-0.0965,-2.4348,7.1680,-3.4009,1.3130,-0.8690,-0.9861
40636365,-0.0042,0.0104,0.0388,-0.0712,0.0955,-0.0052,0.0138,-0.0123,-0.1222,0.1061,0.1109,-0.2428,-2.3809,7.5575,-3.9547,1.2995,-0.8170,-1.0126
40641367,-0.0040,0.0096,0.0385,-0.2007,0.0368,-0.0038,-0.0107,0.0131,-0.1216,0.1042,0.1084,-0.3780,-2.0578,7.9426,-3.9547,1.2973,-0.7781,-1.0285
40646366,-0.0038,0.0083,0.0235,-0.2746,0.0234,-0.0054,-0.0264,0.0309,-0.1212,0.1019,0.0956,-0.4542,-2.0578,8.1491,-3.9024,1.2850,-0.7257,-1.0511
40651366,-0.0036,0.0065,0.0336,-0.3192,0.1309,-0.0045,-0.0424,0.0418,-0.1207,0.0995,0.1019,-0.4923,-2.0578,7.7128,-3.9024,1.2767,-0.7026,-1.0667
40656366,-0.0035,0.0049,0.0357,-0.3390,0.1144,-0.0037,-0.0502,0.0495,-0.1202,0.0970,0.1003,-0.4970,-2.0578,6.9857,-3.6118,1.2644,-0.6716,-1.0841
40661366,-0.0033,0.0031,0.0312,-0.3818,0.0613,-0.0029,-0.0612,0.0618,-0.1197,0.0944,0.0973,-0.5152,-2.0578,6.2585,-2.6916,1.2562,-0.6603,-1.0845
40666365,-0.0032,0.0012,0.0345,-0.4111,0.0677,-0.0020,-0.0730,0.0723,-0.1192,0.0917,0.1000,-0.5373,-1.7761,6.2585,-2.2073,1.2498,-0.6227,-1.0846
40671366,-0.0030,-0.0011,0.0470,-0.3980,0.1282,-0.0002,-0.0789,0.0742,-0.1187,0.0892,0.1026,-0.4982,-1.4944,5.0979,-1.6261,1.2489,-0.6232,-1.0843
40676365,-0.0027,-0.0030,0.0544,-0.3384,0.1608,0.0015,-0.0745,0.0668,-0.1181,0.0872,0.1043,-0.3973,-1.1000,3.7789,-0.1705,1.2492,-0.6230,-1.0593
40681367,-0.0023,-0.0045,0.0629,-0.2349,0.0979,0.0049,-0.0613,0.0527,-0.1176,0.0859,0.1067,-0.2722,-0.8746,2.9221,0.4181,1.2497,-0.6264,-1.0465
40686367,-0.0019,-0.0054,0.0605,-0.1329,0.0432,0.0052,-0.0431,0.0362,-0.1172,0.0853,0.0854,-0.1161,-0.6492,0.2373,1.3595,1.2496,-0.6704,-1.0242
40691366,-0.0017,-0.0061,0.0513,-0.0925,0.0692,0.0048,-0.0376,0.0301,-0.1167,0.0850,0.0860,-0.0520,-0.5366,0.1255,2.8446,1.2495,-0.6721,-0.9813
40696366,-0.0015,-0.0063,0.0305,-0.0599,0.2271,-0.0009,-0.0305,0.0227,-0.1165,0.0851,0.0561,0.0166,-0.4239,-1.5029,3.6258,1.2489,-0.7066,-0.9520
40701367,-0.0014,-0.0067,0.0168,-0.0312,0.1214,-0.0017,-0.0236,0.0207,-0.1162,0.0854,0.0459,0.0623,-0.3112,-1.7453,4.5172,1.2497,-0.7184,-0.9089
40706365,-0.0013,-0.0065,0.0153,0.0867,0.0225,-0.0007,-0.0014,0.0013,-0.1160,0.0864,0.0386,0.1886,-0.2548,-2.3133,4.5172,1.2492,-0.7406,-0.8908
40711366,-0.0013,-0.0057,-0.0070,0.2068,0.0833,-0.0057,0.0233,-0.0208,-0.1160,0.0880,0.0160,0.3206,-0.1985,-2.6747,4.9586,1.2494,-0.7583,-0.8527
40716365,-0.0012,-0.0045,-0.0006,0.2920,0.1816,-0.0053,0.0398,-0.0415,-0.1158,0.0900,0.0231,0.4087,-0.1422,-2.6747,5.1523,1.2496,-0.7744,-0.8288
40721367,-0.0011,-0.0026,-0.0174,0.3574,0.1535,-0.0078,0.0589,-0.0570,-0.1158,0.0924,0.0063,0.4741,-0.1422,-2.6747,5.1523,1.2490,-0.7851,-0.7978
40726367,-0.0011,-0.0007,-0.0287,0.3574,0.0103,-0.0087,0.0675,-0.0592,-0.1159,0.0947,-0.0112,0.4551,-0.0858,-2.3447,4.2116,1.2496,-0.7940,-0.7980
40731366,-0.0011,0.0009,-0.0336,0.3592,-0.0536,-0.0090,0.0735,-0.0625,-0.1160,0.0969,-0.0190,0.4387,-0.0858,-1.9046,3.4277,1.2492,-0.7937,-0.7984
40736366,-0.0012,0.0025,-0.0278,0.3821,0.0555,-0.0103,0.0802,-0.0721,-0.1161,0.0991,-0.0181,0.4410,0.0000,-1.4094,2.5392,1.2500,-0.7937,-0.7983
40741366,-0.0014,0.0042,-0.0214,0.3769,0.1153,-0.0104,0.0824,-0.0764,-0.1161,0.1011,-0.0081,0.4094,0.0000,-0.3183,1.8598,1.2500,-0.7761,-0.7986
40746367,-0.0016,0.0058,-0.0330,0.3024,0.0484,-0.0123,0.0752,-0.0648,-0.1162,0.1026,-0.0202,0.2937,0.0000,1.0327,0.4515,1.2500,-0.7453,-0.8218
40751366,-0.0017,0.0072,-0.0324,0.2388,-0.0007,-0.0115,0.0678,-0.0562,-0.1163,0.1036,-0.0134,0.1989,0.0000,2.4387,-0.2422,1.2500,-0.7101,-0.8357
40756367,-0.0018,0.0083,-0.0397,0.2065,0.0155,-0.0140,0.0644,-0.0509,-0.1164,0.1042,-0.0248,0.1210,0.0000,3.7251,-2.0075,1.2500,-0.6663,-0.8774
40761366,-0.0020,0.0091,-0.0370,0.1958,0.0720,-0.0149,0.0630,-0.0508,-0.1165,0.1046,-0.0220,0.0884,0.0000,4.4637,-2.7416,1.2500,-0.6361,-0.9048
40766367,-0.0022,0.0099,-0.0421,0.1399,0.1031,-0.0168,0.0551,-0.0423,-0.1166,0.1046,-0.0231,0.0051,0.0000,5.6201,-3.4233,1.2500,-0.5825,-0.9315
40771366,-0.0023,0.0105,-0.0229,0.0935,0.1040,-0.0135,0.0463,-0.0368,-0.1166,0.1043,-0.0048,-0.0644,0.0000,6.3352,-4.2533,1.2500,-0.5451,-0.9720
40776365,-0.0024,0.0105,-0.0299,-0.0272,0.0909,-0.0151,0.0263,-0.0146,-0.1167,0.1033,-0.0112,-0.2010,0.0000,6.9066,-4.7517,1.2500,-0.4948,-0.9993
40781366,-0.0025,0.0098,-0.0360,-0.1750,0.0732,-0.0165,-0.0002,0.0138,-0.1168,0.1016,-0.0157,-0.3533,0.0000,7.1490,-4.8071,1.2500,-0.4623,-1.0196
40786365,-0.0027,0.0085,-0.0367,-0.2834,0.0732,-0.0171,-0.0224,0.0367,-0.1168,0.0992,-0.0145,-0.4634,0.0000,7.3168,-4.7548,1.2500,-0.4159,-1.0474
40791366,-0.0029,0.0065,-0.0153,-0.3983,0.1172,-0.0141,-0.0501,0.0597,-0.1168,0.0964,0.0119,-0.5697,0.0000,7.3168,-4.1799,1.2500,-0.3867,-1.0533
40796367,-0.0031,0.0043,-0.0015,-0.4267,0.1172,-0.0126,-0.0628,0.0709,-0.1167,0.0935,0.0192,-0.5871,0.0000,6.5782,-4.1799,1.2500,-0.3597,-1.0784
40801366,-0.0030,0.0021,0.0183,-0.4578,0.1043,-0.0077,-0.0766,0.0803,-0.1165,0.0904,0.0448,-0.6023,0.0000,6.3835,-3.3081,1.2500,-0.3374,-1.0841
40806365,-0.0029,-0.0001,0.0260,-0.4633,0.1007,-0.0068,-0.0834,0.0863,-0.1163,0.0876,0.0432,-0.5745,0.0000,4.7283,-2.7270,1.2500,-0.3373,-1.0845
40811366,-0.0027,-0.0026,0.0415,-0.4426,0.1007,-0.0026,-0.0883,0.0871,-0.1159,0.0850,0.0632,-0.5198,0.0000,3.8521,-1.3274,1.2500,-0.3377,-1.0651
40816366,-0.0025,-0.0046,0.0495,-0.3543,0.0756,0.0003,-0.0797,0.0765,-0.1156,0.0830,0.0718,-0.4014,0.0000,2.8785,-0.2822,1.2500,-0.3371,-1.0473
40821366,-0.0022,-0.0062,0.0541,-0.2566,0.0506,0.0022,-0.0673,0.0632,-0.1152,0.0816,0.0686,-0.2736,0.0000,1.4176,0.2769,1.2500,-0.3573,-1.0370
40826366,-0.0019,-0.0073,0.0535,-0.1759,0.0817,0.0033,-0.0565,0.0500,-0.1149,0.0808,0.0736,-0.1548,0.0000,0.4680,1.8829,1.2500,-0.3723,-0.9966
40831365,-0.0016,-0.0079,0.0495,-0.1368,0.1462,0.0031,-0.0507,0.0420,-0.1145,0.0804,0.0721,-0.0807,0.0000,-0.5593,3.2011,1.2500,-0.3916,-0.9606
40836365,-0.0013,-0.0082,0.0324,-0.0119,0.0228,0.0024,-0.0258,0.0226,-0.1142,0.0808,0.0529,0.0806,0.0000,-1.9017,4.2987,1.2500,-0.4278,-0.9166
40841367,-0.0012,-0.0079,-0.0076,0.0968,-0.0114,-0.0050,-0.0021,0.0075,-0.1142,0.0818,0.0083,0.1973,0.0000,-2.4350,4.2987,1.2500,-0.4464,-0.8994
40846365,-0.0013,-0.0072,-0.0360,0.2040,0.0906,-0.0121,0.0213,-0.0127,-0.1143,0.0834,-0.0189,0.3238,0.0000,-3.0168,5.0159,1.2500,-0.4757,-0.8560
40851366,-0.0014,-0.0061,-0.0446,0.2590,0.1908,-0.0148,0.0342,-0.0267,-0.1144,0.0854,-0.0229,0.3868,0.0000,-3.0168,5.5486,1.2500,-0.4877,-0.8240
40856366,-0.0016,-0.0044,-0.0620,0.3030,0.1569,-0.0189,0.0504,-0.0376,-0.1146,0.0875,-0.0425,0.4377,0.0000,-3.3782,5.6532,1.2500,-0.5149,-0.7884
40861366,-0.0019,-0.0028,-0.0702,0.2996,0.0194,-0.0200,0.0587,-0.0395,-0.1149,0.0897,-0.0507,0.4343,0.0000,-3.3782,5.6532,1.2500,-0.5284,-0.7658
40866367,-0.0023,-0.0015,-0.0681,0.3128,-0.0307,-0.0209,0.0659,-0.0438,-0.1151,0.0919,-0.0543,0.4310,0.0000,-3.1582,4.7671,1.2500,-0.5441,-0.7512
40871366,-0.0027,0.0000,-0.0593,0.3436,0.0894,-0.0217,0.0718,-0.0535,-0.1153,0.0940,-0.0401,0.4261,0.0000,-1.6506,3.8810,1.2500,-0.5239,-0.7517
40876366,-0.0030,0.0016,-0.0394,0.3644,0.1724,-0.0198,0.0759,-0.0627,-0.1154,0.0961,-0.0163,0.4105,0.0000,-0.2047,2.8842,1.2500,-0.4989,-0.7514
40881366,-0.0032,0.0036,-0.0263,0.3729,0.0243,-0.0163,0.0841,-0.0687,-0.1154,0.0981,-0.0032,0.4027,0.0000,0.3394,2.3304,1.2500,-0.4885,-0.7521
40886366,-0.0032,0.0049,-0.0101,0.2343,0.0005,-0.0127,0.0625,-0.0498,-0.1154,0.0993,0.0182,0.2369,0.0000,1.5514,1.7212,1.2500,-0.4569,-0.7520
40891366,-0.0032,0.0058,-0.0177,0.1610,0.0515,-0.0144,0.0513,-0.0389,-0.1153,0.0999,0.0176,0.1324,0.0000,3.0056,1.0816,1.2500,-0.4184,-0.7586
40896366,-0.0033,0.0063,-0.0376,0.1399,0.1120,-0.0194,0.0477,-0.0326,-0.1153,0.1002,-0.0079,0.0622,0.0000,4.3246,-0.8884,1.2500,-0.3719,-0.7989
40901367,-0.0035,0.0070,-0.0055,0.1512,0.1896,-0.0155,0.0465,-0.0383,-0.1152,0.1005,0.0188,0.0453,0.0000,4.9574,-2.1477,1.2500,-0.3415,-0.8314
40906365,-0.0035,0.0078,0.0034,0.1518,0.2122,-0.0140,0.0474,-0.0416,-0.1150,0.1006,0.0339,0.0309,0.0000,5.8186,-2.2930,1.2500,-0.2929,-0.8434
40911366,-0.0033,0.0083,0.0458,0.0702,0.1932,-0.0050,0.0310,-0.0335,-0.1147,0.1003,0.0735,-0.0556,0.0000,5.8186,-2.6240,1.2500,-0.2697,-0.8593
40916367,-0.0032,0.0082,0.0186,-0.0522,0.2094,-0.0099,0.0113,-0.0095,-0.1144,0.0994,0.0451,-0.1940,0.0000,6.2833,-3.2308,1.2500,-0.2233,-0.8904
40921366,-0.0030,0.0075,0.0211,-0.1628,0.1385,-0.0074,-0.0096,0.0117,-0.1142,0.0978,0.0492,-0.3075,0.0000,6.4773,-3.2308,1.2500,-0.1937,-0.9033
40926367,-0.0028,0.0063,0.0003,-0.2657,0.0347,-0.0097,-0.0278,0.0361,-0.1141,0.0958,0.0284,-0.4104,0.0000,6.4773,-3.2308,1.2500,-0.1548,-0.9227
40931366,-0.0030,0.0045,-0.0192,-0.3671,0.1303,-0.0151,-0.0493,0.0593,-0.1140,0.0933,0.0138,-0.5032,0.0000,6.4773,-2.6540,1.2500,-0.1289,-0.9229
40936366,-0.0032,0.0025,-0.0055,-0.3852,0.1718,-0.0145,-0.0588,0.0668,-0.1139,0.0908,0.0170,-0.4969,0.0000,5.0528,-2.4442,1.2500,-0.1223,-0.9335
40941367,-0.0030,0.0006,-0.0015,-0.3900,0.1382,-0.0130,-0.0657,0.0734,-0.1138,0.0883,0.0150,-0.4916,0.0000,4.3670,-2.4442,1.2500,-0.1176,-0.9432
40946366,-0.0029,-0.0015,-0.0086,-0.3839,0.0393,-0.0120,-0.0687,0.0792,-0.1138,0.0860,0.0156,-0.4549,0.0000,3.7866,-0.9760,1.2500,-0.1033,-0.9226
40951365,-0.0030,-0.0034,-0.0140,-0.3286,0.0228,-0.0140,-0.0631,0.0762,-0.1138,0.0842,-0.0022,-0.3737,0.0000,2.2039,-0.8187,1.2500,-0.1231,-0.9229
40956365,-0.0030,-0.0049,-0.0104,-0.2388,0.0805,-0.0142,-0.0532,0.0643,-0.1138,0.0828,0.0002,-0.2688,0.0000,1.6236,-0.3882,1.2500,-0.1232,-0.9184
40961366,-0.0030,-0.0059,-0.0095,-0.1478,0.1190,-0.0138,-0.0406,0.0498,-0.1137,0.0821,0.0131,-0.1491,0.0000,1.3598,1.2688,1.2500,-0.1225,-0.8838
40966366,-0.0031,-0.0067,-0.0272,-0.0977,0.1153,-0.0181,-0.0287,0.0423,-0.1138,0.0819,-0.0139,-0.0396,0.0000,-1.1746,2.7205,1.2500,-0.1726,-0.8432
40971367,-0.0030,-0.0068,-0.0299,-0.0324,0.1297,-0.0183,-0.0182,0.0315,-0.1138,0.0820,-0.0138,0.0308,0.0000,-1.1746,3.0595,1.2500,-0.1773,-0.8243
40976367,-0.0031,-0.0065,-0.0302,0.1090,0.0659,-0.0183,0.0098,0.0059,-0.1139,0.0831,-0.0177,0.2065,0.0000,-2.5320,4.0002,1.2500,-0.2153,-0.7828
40981366,-0.0033,-0.0057,-0.0440,0.2178,0.0796,-0.0216,0.0325,-0.0139,-0.1141,0.0847,-0.0285,0.3202,0.0000,-2.5320,4.3325,1.2500,-0.2254,-0.7600
40986366,-0.0035,-0.0044,-0.0333,0.3115,0.1602,-0.0210,0.0511,-0.0362,-0.1141,0.0868,-0.0150,0.4189,0.0000,-2.5320,4.6648,1.2500,-0.2406,-0.7255
40991366,-0.0036,-0.0025,-0.0159,0.3644,0.1697,-0.0184,0.0656,-0.0537,-0.1141,0.0892,0.0015,0.4793,0.0000,-2.8419,4.8601,1.2500,-0.2579,-0.7027
40996366,-0.0037,-0.0004,-0.0076,0.3894,0.0860,-0.0162,0.0774,-0.0645,-0.1141,0.0917,0.0102,0.5036,0.0000,-2.7902,4.8601,1.2500,-0.2740,-0.6735
41001365,-0.0039,0.0015,-0.0037,0.3885,0.0136,-0.0147,0.0819,-0.0677,-0.1140,0.0940,0.0207,0.4647,0.0000,-1.1378,3.9686,1.2500,-0.2489,-0.6737
41006366,-0.0039,0.0032,0.0070,0.4004,0.0536,-0.0138,0.0874,-0.0757,-0.1139,0.0963,0.0251,0.4564,0.0000,-0.8280,2.9199,1.2500,-0.2485,-0.6740
41011366,-0.0039,0.0050,0.0257,0.3943,0.1434,-0.0108,0.0877,-0.0824,-0.1136,0.0984,0.0480,0.4272,0.0000,0.1939,2.3955,1.2500,-0.2300,-0.6738
41016365,-0.0038,0.0069,0.0134,0.3516,0.1443,-0.0129,0.0850,-0.0776,-0.1134,0.1001,0.0356,0.3363,0.0000,1.7937,0.7662,1.2500,-0.1921,-0.6955
41021366,-0.0037,0.0085,0.0086,0.2929,0.0167,-0.0116,0.0810,-0.0700,-0.1133,0.1014,0.0314,0.2537,0.0000,2.6327,0.0000,1.2500,-0.1657,-0.7094
41026366,-0.0035,0.0098,-0.0015,0.2572,0.1022,-0.0142,0.0762,-0.0659,-0.1132,0.1022,0.0196,0.1680,0.0000,4.2113,-1.7722,1.2500,-0.1129,-0.7482
41031366,-0.0037,0.0111,-0.0171,0.2266,0.2213,-0.0189,0.0746,-0.0642,-0.1131,0.1028,0.0103,0.1235,0.0000,5.0389,-1.8829,1.2500,-0.0772,-0.7580
41036366,-0.0037,0.0118,0.0037,0.1240,0.2177,-0.0152,0.0559,-0.0491,-0.1130,0.1027,0.0260,-0.0157,0.0000,5.9741,-3.3985,1.2500,-0.0242,-0.8054
41041366,-0.0037,0.0120,-0.0107,0.0137,0.1743,-0.0176,0.0387,-0.0279,-0.1129,0.1020,0.0104,-0.1497,0.0000,6.6970,-4.2703,1.2500,0.0163,-0.8379
41046366,-0.0038,0.0117,-0.0308,-0.0968,0.1159,-0.0207,0.0202,-0.0039,-0.1130,0.1006,-0.0074,-0.2841,0.0000,7.6293,-4.9323,1.2500,0.0777,-0.8775
41051367,-0.0039,0.0106,-0.0418,-0.2523,0.0796,-0.0229,-0.0078,0.0276,-0.1131,0.0984,-0.0184,-0.4395,0.0000,7.6293,-4.9323,1.2500,0.1082,-0.8972
41056367,-0.0042,0.0089,-0.0706,-0.3512,0.1529,-0.0304,-0.0277,0.0522,-0.1133,0.0957,-0.0431,-0.5409,0.0000,7.9458,-4.7749,1.2500,0.1618,-0.9236
41061367,-0.0048,0.0068,-0.0715,-0.3943,0.2054,-0.0333,-0.0417,0.0671,-0.1135,0.0928,-0.0435,-0.5832,-0.0563,7.8971,-4.7749,1.2488,0.1924,-0.9427
41066366,-0.0051,0.0045,-0.0473,-0.4233,0.1086,-0.0288,-0.0538,0.0784,-0.1136,0.0898,-0.0200,-0.5936,-0.0563,7.2370,-4.1891,1.2485,0.2243,-0.9588
41071366,-0.0052,0.0021,-0.0281,-0.4261,0.0998,-0.0250,-0.0633,0.0845,-0.1136,0.0869,0.0046,-0.5824,-0.0563,7.0821,-3.4079,1.2482,0.2501,-0.9584
41076365,-0.0051,-0.0002,-0.0086,-0.4191,0.1257,-0.0216,-0.0696,0.0864,-0.1135,0.0842,0.0161,-0.5353,-0.0563,5.2748,-2.5291,1.2479,0.2509,-0.9586
41081366,-0.0050,-0.0022,0.0070,-0.3604,0.1211,-0.0188,-0.0667,0.0809,-0.1134,0.0819,0.0287,-0.4524,-0.0563,4.2937,-1.8799,1.2477,0.2504,-0.9548
41086365,-0.0049,-0.0040,0.0235,-0.3005,0.0213,-0.0134,-0.0607,0.0733,-0.1131,0.0802,0.0512,-0.3482,-0.0563,3.1577,-0.0446,1.2473,0.2500,-0.9224
41091366,-0.0048,-0.0054,0.0232,-0.2260,-0.0148,-0.0129,-0.0522,0.0656,-0.1129,0.0789,0.0460,-0.2652,-0.0563,2.5897,-0.0446,1.2471,0.2502,-0.9226
41096366,-0.0046,-0.0063,0.0101,-0.1463,0.1053,-0.0154,-0.0398,0.0512,-0.1127,0.0782,0.0402,-0.1344,-0.0563,1.3031,2.0963,1.2468,0.2375,-0.8732
41101365,-0.0044,-0.0068,0.0342,-0.0476,0.2632,-0.0129,-0.0274,0.0301,-0.1124,0.0782,0.0532,-0.0048,-0.0563,-0.3851,2.4837,1.2466,0.2052,-0.8579
41106365,-0.0042,-0.0070,0.0376,0.0159,0.2399,-0.0107,-0.0169,0.0184,-0.1121,0.0786,0.0658,0.0749,-0.0563,-0.3851,3.5646,1.2462,0.2029,-0.8155
41111366,-0.0040,-0.0068,0.0473,0.0904,0.0845,-0.0065,-0.0010,0.0042,-0.1117,0.0795,0.0688,0.1798,-0.0563,-1.7968,4.1917,1.2460,0.1707,-0.7888
41116365,-0.0036,-0.0058,0.0788,0.2511,0.1792,0.0003,0.0249,-0.0320,-0.1112,0.0812,0.1021,0.3538,-0.0563,-2.1376,4.7455,1.2457,0.1512,-0.7502
41121366,-0.0031,-0.0045,0.0699,0.2966,0.1908,0.0003,0.0365,-0.0441,-0.1108,0.0832,0.0933,0.3993,-0.0563,-2.1376,4.7455,1.2454,0.1426,-0.7336
41126366,-0.0026,-0.0030,0.0486,0.3271,0.0860,-0.0011,0.0498,-0.0520,-0.1104,0.0854,0.0653,0.4325,-0.0563,-2.6124,4.4526,1.2451,0.1183,-0.7088
41131366,-0.0024,-0.0014,0.0269,0.3622,0.0078,-0.0033,0.0637,-0.0607,-0.1102,0.0877,0.0437,0.4676,-0.0563,-2.6124,4.4526,1.2449,0.1079,-0.6932
41136365,-0.0022,0.0003,0.0137,0.3852,0.0588,-0.0055,0.0727,-0.0695,-0.1101,0.0901,0.0310,0.4772,-0.0563,-2.1376,4.0331,1.2445,0.1019,-0.6731
41141366,-0.0020,0.0022,-0.0058,0.4065,0.1663,-0.0093,0.0805,-0.0776,-0.1100,0.0924,0.0193,0.4648,-0.0563,-0.5549,3.3514,1.2443,0.1283,-0.6738
41146366,-0.0020,0.0041,-0.0473,0.3797,0.1663,-0.0188,0.0854,-0.0730,-0.1102,0.0945,-0.0388,0.4047,-0.0563,-0.3966,1.2791,1.2440,0.1286,-0.6990
41151365,-0.0023,0.0059,-0.0687,0.3134,0.0872,-0.0226,0.0818,-0.0625,-0.1104,0.0960,-0.0550,0.3092,-0.0563,0.8762,0.5956,1.2437,0.1543,-0.7099
41156365,-0.0027,0.0074,-0.0846,0.2728,0.0515,-0.0265,0.0805,-0.0560,-0.1108,0.0972,-0.0679,0.2325,-0.0563,2.2559,-0.4430,1.2434,0.1903,-0.7281
41161366,-0.0030,0.0085,-0.0999,0.2123,0.0710,-0.0312,0.0746,-0.0462,-0.1112,0.0979,-0.0871,0.1473,-0.0563,2.8611,-1.4953,1.2432,0.2134,-0.7535
41166366,-0.0033,0.0094,-0.1038,0.2187,0.1318,-0.0334,0.0766,-0.0482,-0.1116,0.0985,-0.0845,0.1177,-0.0563,4.4460,-2.3314,1.2428,0.2680,-0.7803
41171366,-0.0039,0.0104,-0.1081,0.1582,0.1398,-0.0366,0.0699,-0.0387,-0.1121,0.0987,-0.0892,0.0377,-0.0563,5.0763,-3.0108,1.2426,0.3003,-0.8038
41176365,-0.0043,0.0108,-0.0895,0.0605,0.1447,-0.0334,0.0519,-0.0240,-0.1123,0.0983,-0.0520,-0.0848,-1.1848,5.8593,-3.8826,1.2181,0.3500,-0.8439
41181366,-0.0048,0.0105,-0.0980,-0.0770,0.1544,-0.0360,0.0284,0.0016,-0.1126,0.0971,-0.0464,-0.2340,-1.6080,6.6507,-3.8826,1.2035,0.3916,-0.8575
41186366,-0.0051,0.0095,-0.0944,-0.2279,0.1205,-0.0365,-0.0002,0.0321,-0.1128,0.0951,-0.0447,-0.3998,-1.6080,7.0401,-4.4894,1.1938,0.4410,-0.8983
41191365,-0.0056,0.0080,-0.1084,-0.3271,0.1138,-0.0408,-0.0201,0.0565,-0.1131,0.0926,-0.0554,-0.5047,-1.6080,7.4252,-4.4894,1.1874,0.4782,-0.9140
41196365,-0.0062,0.0059,-0.1271,-0.3769,0.1437,-0.0459,-0.0330,0.0734,-0.1134,0.0898,-0.0604,-0.5420,-1.8754,7.5285,-3.5456,1.1721,0.5251,-0.9222
41201366,-0.0069,0.0037,-0.1097,-0.4059,0.1596,-0.0458,-0.0444,0.0840,-0.1136,0.0871,-0.0451,-0.5501,-1.8754,6.7043,-2.9687,1.1646,0.5378,-0.9221
41206366,-0.0075,0.0016,-0.0880,-0.4175,0.1279,-0.0431,-0.0535,0.0918,-0.1137,0.0844,-0.0167,-0.5484,-1.8754,6.6558,-2.1297,1.1534,0.5768,-0.9219
41211366,-0.0077,-0.0004,-0.0101,-0.4013,0.0918,-0.0291,-0.0626,0.0881,-0.1134,0.0818,0.0538,-0.5101,-1.8754,5.4812,-1.8151,1.1459,0.5777,-0.9226
41216366,-0.0076,-0.0024,0.0406,-0.3574,0.0775,-0.0179,-0.0649,0.0799,-0.1128,0.0797,0.1170,-0.4292,-2.7614,4.0829,-0.7336,1.1129,0.5783,-0.9106
41221365,-0.0073,-0.0041,0.0699,-0.2911,0.0475,-0.0100,-0.0609,0.0691,-0.1121,0.0780,0.1535,-0.3287,-2.7614,3.3558,0.8275,1.1019,0.5786,-0.8797
41226365,-0.0069,-0.0055,0.0757,-0.2300,0.0139,-0.0061,-0.0544,0.0599,-0.1112,0.0769,0.1708,-0.2279,-2.9936,2.4609,2.5980,1.0803,0.5780,-0.8343
41231366,-0.0063,-0.0064,0.0864,-0.1371,0.0692,-0.0027,-0.0433,0.0433,-0.1103,0.0763,0.1782,-0.1107,-2.9936,1.4540,3.2251,1.0683,0.5663,-0.8122
41236365,-0.0058,-0.0068,0.1167,-0.0302,0.1740,0.0032,-0.0297,0.0198,-0.1093,0.0765,0.2001,0.0279,-2.9936,-0.0970,3.8031,1.0504,0.5379,-0.7767
41241366,-0.0051,-0.0068,0.1466,0.0547,0.2067,0.0107,-0.0182,-0.0004,-0.1082,0.0772,0.2217,0.1376,-2.4550,-0.8715,4.6892,1.0501,0.5213,-0.7435
41246366,-0.0043,-0.0064,0.1744,0.1188,0.2186,0.0182,-0.0088,-0.0178,-0.1070,0.0783,0.2363,0.2243,-1.8088,-1.7493,5.3239,1.0502,0.4943,-0.6986
41251366,-0.0033,-0.0057,0.2104,0.1878,0.2445,0.0284,0.0003,-0.0381,-0.1057,0.0798,0.2656,0.3062,-1.4857,-2.2444,5.6910,1.0500,0.4771,-0.6725
41256366,-0.0020,-0.0045,0.2337,0.2883,0.0659,0.0391,0.0200,-0.0616,-0.1043,0.0819,0.2753,0.4190,-1.1087,-3.0696,5.6910,1.0497,0.4430,-0.6355
41261366,-0.0009,-0.0031,0.2016,0.3354,-0.0105,0.0379,0.0345,-0.0720,-0.1031,0.0842,0.2352,0.4586,-0.8933,-3.0696,5.1945,1.0500,0.4307,-0.6259
41266366,-0.0000,-0.0013,0.1307,0.3803,0.0298,0.0261,0.0517,-0.0789,-0.1024,0.0866,0.1488,0.4814,-0.6778,-3.0210,3.7602,1.0496,0.4133,-0.6256
41271366,0.0006,0.0007,0.0733,0.4267,0.1010,0.0151,0.0694,-0.0884,-0.1020,0.0892,0.0727,0.5108,0.3714,-2.4855,3.1533,1.0689,0.4131,-0.6256
41276366,0.0009,0.0029,0.0235,0.4352,0.0570,0.0063,0.0821,-0.0906,-0.1020,0.0916,0.0084,0.4960,1.1142,-1.8040,2.2707,1.0896,0.4139,-0.6258
41281365,0.0009,0.0050,-0.0205,0.4019,-0.0246,-0.0011,0.0886,-0.0866,-0.1022,0.0939,-0.0364,0.4526,1.1142,-1.5119,1.8845,1.0941,0.4131,-0.6262
41286365,0.0008,0.0068,-0.0195,0.3299,0.0097,-0.0034,0.0806,-0.0776,-0.1025,0.0956,-0.0561,0.3394,2.0556,-0.3946,0.2453,1.1205,0.4283,-0.6501
41291366,0.0006,0.0083,-0.0748,0.2724,0.1447,-0.0168,0.0776,-0.0664,-0.1030,0.0968,-0.1124,0.2422,2.1663,0.9902,-1.0379,1.1314,0.4575,-0.6776
41296365,0.0003,0.0094,-0.0971,0.2425,0.1764,-0.0227,0.0760,-0.0601,-0.1037,0.0976,-0.1374,0.1660,2.1663,2.3844,-2.7438,1.1444,0.4936,-0.7249
41301366,-0.0003,0.0105,-0.1662,0.2437,0.0561,-0.0370,0.0873,-0.0524,-0.1047,0.0983,-0.2065,0.1377,2.1663,3.3730,-3.7406,1.1530,0.5246,-0.7567
41306366,-0.0013,0.0116,-0.2285,0.2049,0.0961,-0.0532,0.0895,-0.0400,-0.1061,0.0986,-0.2644,0.0602,2.1663,4.9205,-4.7859,1.1660,0.5797,-0.8045
41311366,-0.0024,0.0123,-0.2123,0.1060,0.1443,-0.0552,0.0746,-0.0249,-0.1073,0.0984,-0.2514,-0.0520,2.1128,5.1315,-5.4639,1.1736,0.6036,-0.8353
41316365,-0.0034,0.0122,-0.2083,-0.0397,0.1272,-0.0570,0.0495,0.0026,-0.1085,0.0972,-0.2297,-0.2255,1.5245,6.5030,-5.9604,1.1727,0.6663,-0.8816
41321366,-0.0043,0.0114,-0.1946,-0.1826,0.0839,-0.0563,0.0229,0.0302,-0.1095,0.0953,-0.1999,-0.3783,0.9230,7.1631,-5.9604,1.1661,0.7060,-0.9024
41326366,-0.0053,0.0101,-0.1881,-0.2954,0.0958,-0.0555,-0.0012,0.0530,-0.1102,0.0929,-0.1491,-0.4917,-1.2183,7.6278,-5.5409,1.1210,0.7590,-0.9318
41331366,-0.0062,0.0084,-0.2046,-0.3619,0.1966,-0.0637,-0.0162,0.0723,-0.1110,0.0901,-0.1635,-0.5619,-1.2183,7.8702,-5.5409,1.1161,0.7946,-0.9512
41336366,-0.0071,0.0063,-0.2251,-0.3980,0.2757,-0.0698,-0.0268,0.0861,-0.1118,0.0872,-0.1526,-0.5798,-2.3789,7.9262,-4.2715,1.0828,0.8430,-0.9585
41341366,-0.0080,0.0040,-0.2184,-0.4261,0.2183,-0.0710,-0.0371,0.0997,-0.1125,0.0842,-0.1400,-0.5977,-2.3789,7.9262,-3.5880,1.0733,0.8747,-0.9586
41346366,-0.0091,0.0018,-0.1936,-0.4569,0.0817,-0.0677,-0.0471,0.1116,-0.1130,0.0812,-0.1002,-0.5998,-3.2405,6.9765,-2.6115,1.0384,0.8991,-0.9590
41351366,-0.0097,-0.0004,-0.0761,-0.4212,0.0933,-0.0471,-0.0574,0.1008,-0.1129,0.0785,0.0227,-0.5345,-3.2405,6.2950,-1.3078,1.0255,0.9127,-0.9401
41356365,-0.0098,-0.0024,-0.0040,-0.3625,0.0683,-0.0326,-0.0586,0.0886,-0.1124,0.0763,0.1060,-0.4356,-4.1984,4.6399,-0.2590,0.9823,0.9123,-0.9222
41361366,-0.0097,-0.0042,0.0211,-0.3097,-0.0038,-0.0254,-0.0560,0.0816,-0.1116,0.0746,0.1463,-0.3484,-4.7626,3.8123,1.2136,0.9531,0.9126,-0.8923
41366366,-0.0093,-0.0057,0.0504,-0.2495,0.0258,-0.0175,-0.0527,0.0692,-0.1107,0.0734,0.1894,-0.2434,-5.0300,2.8387,3.2452,0.9189,0.9130,-0.8380
41371366,-0.0089,-0.0066,0.0892,-0.1359,0.1321,-0.0097,-0.0418,0.0465,-0.1095,0.0728,0.2288,-0.1126,-5.0300,2.3032,3.8608,0.8988,0.9125,-0.8136
41376365,-0.0083,-0.0072,0.1329,-0.0550,0.1288,0.0004,-0.0324,0.0271,-0.1082,0.0729,0.2633,0.0098,-5.0854,0.3148,4.6604,0.8674,0.8818,-0.7694
41381366,-0.0076,-0.0073,0.1674,0.0125,0.0906,0.0108,-0.0253,0.0111,-0.1067,0.0733,0.3007,0.0904,-5.0854,0.0510,5.2695,0.8471,0.8769,-0.7392
41386365,-0.0065,-0.0070,0.2251,0.1017,0.1700,0.0236,-0.0159,-0.0143,-0.1050,0.0743,0.3401,0.2040,-4.2033,-0.9509,5.9042,0.8358,0.8560,-0.6897
41391366,-0.0053,-0.0064,0.2865,0.1353,0.2500,0.0381,-0.0151,-0.0326,-0.1031,0.0756,0.3826,0.2621,-3.4605,-2.1255,6.3762,0.8354,0.8256,-0.6583
41396365,-0.0035,-0.0054,0.3186,0.1707,0.0491,0.0526,-0.0092,-0.0452,-0.1011,0.0771,0.3995,0.2976,-2.5785,-2.1255,6.3762,0.8350,0.8129,-0.6168
41401366,-0.0019,-0.0047,0.2874,0.1830,-0.0331,0.0534,-0.0036,-0.0485,-0.0993,0.0787,0.3596,0.3098,-2.0678,-2.1255,6.3762,0.8360,0.8044,-0.5945
41406365,-0.0005,-0.0036,0.2590,0.2633,0.0738,0.0506,0.0124,-0.0658,-0.0978,0.0806,0.3070,0.3821,-1.5571,-2.7557,5.2138,0.8353,0.7758,-0.5798
41411366,0.0008,-0.0022,0.2166,0.3167,0.1492,0.0460,0.0269,-0.0786,-0.0965,0.0828,0.2597,0.4356,-1.2786,-2.7557,5.2138,0.8353,0.7648,-0.5616
41416365,0.0018,-0.0005,0.1677,0.3348,0.0753,0.0387,0.0398,-0.0814,-0.0956,0.0850,0.1706,0.4372,0.6645,-2.6008,4.2731,0.8712,0.7514,-0.5483
41421366,0.0027,0.0013,0.1371,0.3500,-0.0212,0.0373,0.0501,-0.0866,-0.0949,0.0871,0.1364,0.4354,0.7753,-2.1361,3.5937,0.8765,0.7513,-0.5481
41426365,0.0033,0.0030,0.0990,0.3201,-0.0123,0.0305,0.0515,-0.0816,-0.0945,0.0890,0.0769,0.3628,1.1496,-1.5681,1.2982,0.8888,0.7516,-0.5774
41431366,0.0035,0.0044,0.0119,0.2773,0.1144,0.0113,0.0554,-0.0712,-0.0947,0.0905,-0.0361,0.3061,2.5936,-1.1644,0.7655,0.9255,0.7540,-0.5849
41436365,0.0035,0.0056,-0.0489,0.2483,0.2296,-0.0020,0.0555,-0.0623,-0.0952,0.0916,-0.0990,0.2200,2.5936,0.6302,-1.2688,0.9411,0.7894,-0.6259
41441366,0.0033,0.0071,-0.0913,0.2850,0.2519,-0.0123,0.0714,-0.0687,-0.0960,0.0929,-0.1519,0.2566,3.2049,0.6302,-1.2688,0.9654,0.7919,-0.6303
41446365,0.0026,0.0080,-0.1451,0.2459,0.1187,-0.0239,0.0734,-0.0541,-0.0970,0.0937,-0.2066,0.1691,3.2049,2.1964,-2.9468,0.9846,0.8310,-0.6773
41451366,0.0018,0.0091,-0.1701,0.1775,0.0597,-0.0317,0.0696,-0.0401,-0.0982,0.0941,-0.2409,0.0847,3.2049,2.1964,-4.0209,0.9974,0.8398,-0.7109
41456366,0.0009,0.0097,-0.1912,0.1097,0.0765,-0.0386,0.0613,-0.0256,-0.0995,0.0940,-0.2527,-0.0189,3.0359,3.7669,-4.8516,1.0124,0.8905,-0.7550
41461366,-0.0001,0.0100,-0.2263,0.0275,-0.0032,-0.0480,0.0540,-0.0060,-0.1009,0.0935,-0.2815,-0.1119,3.0359,4.4971,-4.8516,1.0246,0.9223,-0.7720
41466366,-0.0012,0.0098,-0.2605,0.0064,-0.1186,-0.0566,0.0550,0.0061,-0.1024,0.0927,-0.3039,-0.1555,2.5851,5.4873,-5.3742,1.0336,0.9733,-0.8159
41471366,-0.0026,0.0096,-0.2541,-0.0467,-0.0395,-0.0593,0.0444,0.0164,-0.1037,0.0916,-0.2615,-0.2231,0.7822,6.2618,-5.5680,1.0043,1.0127,-0.8388
41476366,-0.0038,0.0094,-0.2376,-0.0797,0.1624,-0.0627,0.0353,0.0211,-0.1049,0.0903,-0.2331,-0.2633,0.3314,6.7466,-5.5680,0.9979,1.0620,-0.8750
41481366,-0.0048,0.0088,-0.1888,-0.1408,0.2906,-0.0576,0.0186,0.0279,-0.1057,0.0887,-0.1665,-0.3171,0.0000,7.1941,-4.6302,0.9923,1.0994,-0.8741
41486366,-0.0057,0.0074,-0.1759,-0.3067,0.1645,-0.0547,-0.0128,0.0611,-0.1063,0.0863,-0.1205,-0.4811,-1.5517,7.5106,-4.1888,0.9553,1.1499,-0.8930
41491366,-0.0066,0.0058,-0.1894,-0.3457,0.1419,-0.0594,-0.0221,0.0761,-0.1069,0.0837,-0.1207,-0.5209,-2.3004,7.5593,-4.1888,0.9335,1.1811,-0.9076
41496366,-0.0075,0.0037,-0.1481,-0.3653,0.2018,-0.0539,-0.0343,0.0805,-0.1072,0.0811,-0.0559,-0.5107,-2.6748,7.5593,-2.2029,0.9101,1.2264,-0.8908
41501366,-0.0082,0.0019,-0.1100,-0.3467,0.2586,-0.0480,-0.0403,0.0784,-0.1071,0.0788,0.0101,-0.4711,-3.8931,7.2495,-1.0996,0.8733,1.2504,-0.8741
41506365,-0.0085,0.0002,-0.0409,-0.3125,0.1666,-0.0343,-0.0440,0.0719,-0.1067,0.0767,0.0894,-0.4127,-4.4037,6.5266,-0.2009,0.8394,1.2759,-0.8619
41511366,-0.0083,-0.0013,0.0684,-0.2673,-0.0142,-0.0096,-0.0486,0.0587,-0.1057,0.0750,0.2066,-0.3377,-4.5430,5.8479,1.1139,0.8185,1.2877,-0.8341
41516366,-0.0079,-0.0029,0.1093,-0.2636,-0.0765,0.0015,-0.0548,0.0563,-0.1044,0.0736,0.2532,-0.2906,-4.9200,4.3450,2.5250,0.7823,1.2881,-0.7946
41521366,-0.0071,-0.0042,0.1057,-0.2770,0.0512,0.0017,-0.0635,0.0598,-0.1032,0.0721,0.2438,-0.2893,-4.9200,3.5208,2.6911,0.7626,1.2873,-0.7824
41526366,-0.0064,-0.0053,0.1472,-0.1594,0.2522,0.0103,-0.0537,0.0337,-0.1017,0.0714,0.2884,-0.1407,-4.9763,2.5997,3.8541,0.7318,1.2873,-0.7357
41531366,-0.0056,-0.0058,0.1634,-0.0513,0.0301,0.0197,-0.0367,0.0158,-0.1002,0.0713,0.3080,-0.0137,-4.9763,2.1634,4.6841,0.7119,1.2882,-0.7039
41536366,-0.0044,-0.0053,0.2538,0.1591,0.0994,0.0387,-0.0084,-0.0341,-0.0984,0.0725,0.3682,0.2297,-3.7538,0.5300,5.2609,0.7099,1.2650,-0.6602
41541365,-0.0028,-0.0046,0.3073,0.1918,0.3197,0.0512,-0.0103,-0.0532,-0.0963,0.0739,0.4040,0.2734,-3.0955,-0.2065,5.2609,0.7093,1.2504,-0.6417
41546365,-0.0010,-0.0034,0.3149,0.2123,0.3246,0.0586,-0.0064,-0.0646,-0.0943,0.0753,0.3998,0.2971,-2.2961,-0.2065,5.4816,0.7093,1.2492,-0.6022
41551366,0.0006,-0.0025,0.2978,0.2242,0.0509,0.0645,0.0018,-0.0682,-0.0925,0.0769,0.3684,0.3182,-1.8730,-0.9217,5.3847,0.7094,1.2335,-0.5849
41556367,0.0019,-0.0014,0.2300,0.2486,-0.1547,0.0563,0.0182,-0.0685,-0.0912,0.0787,0.2617,0.3549,-0.4076,-2.1320,4.9973,0.7302,1.1982,-0.5630
41561365,0.0029,0.0000,0.1539,0.3317,-0.0517,0.0427,0.0416,-0.0823,-0.0904,0.0809,0.1662,0.4333,0.5634,-2.1320,4.6837,0.7505,1.1897,-0.5477
41566365,0.0037,0.0018,0.1191,0.3852,0.1175,0.0359,0.0556,-0.0960,-0.0898,0.0832,0.1161,0.4683,0.8327,-2.1320,3.4447,0.7594,1.1769,-0.5504
41571366,0.0041,0.0039,0.0660,0.3995,0.1080,0.0242,0.0697,-0.0980,-0.0897,0.0855,0.0196,0.4573,2.5022,-2.1320,1.7496,0.7994,1.1684,-0.5729
41576366,0.0041,0.0059,-0.0089,0.3723,0.0045,0.0096,0.0801,-0.0899,-0.0901,0.0876,-0.0769,0.4113,3.4771,-1.7912,0.8294,0.8353,1.1631,-0.5852
41581366,0.0037,0.0073,-0.1249,0.2498,0.1871,-0.0171,0.0712,-0.0613,-0.0910,0.0888,-0.1950,0.2414,3.4771,-0.3186,-0.8826,0.8492,1.1878,-0.6188
41586366,0.0030,0.0085,-0.1759,0.2324,0.3798,-0.0327,0.0751,-0.0570,-0.0923,0.0898,-0.2531,0.2006,4.0308,0.6051,-1.5283,0.8827,1.2091,-0.6385
41591366,0.0019,0.0093,-0.2468,0.2068,0.3007,-0.0499,0.0811,-0.0427,-0.0939,0.0904,-0.3276,0.1347,4.0308,1.7411,-3.0869,0.8989,1.2363,-0.6801
41596365,0.0006,0.0104,-0.2767,0.1915,0.0830,-0.0582,0.0882,-0.0332,-0.0958,0.0909,-0.3624,0.0840,4.0308,2.6517,-4.5553,0.9231,1.2636,-0.7350
41601366,-0.0009,0.0111,-0.3210,0.1304,-0.0016,-0.0701,0.0862,-0.0161,-0.0977,0.0908,-0.3847,-0.0092,3.2821,4.2514,-5.1091,0.9227,1.3162,-0.7635
41606366,-0.0025,0.0116,-0.3320,0.0641,0.0277,-0.0777,0.0789,-0.0022,-0.0996,0.0904,-0.3812,-0.0922,2.4264,4.8044,-5.6839,0.9228,1.3458,-0.8099
41611366,-0.0042,0.0116,-0.3418,-0.0205,0.0643,-0.0856,0.0662,0.0170,-0.1014,0.0893,-0.3720,-0.2070,1.9985,6.4883,-6.0230,0.9231,1.4137,-0.8368
41616366,-0.0059,0.0111,-0.3195,-0.1261,0.1025,-0.0874,0.0463,0.0372,-0.1031,0.0877,-0.3338,-0.3225,1.4637,7.2035,-5.9678,0.9228,1.4545,-0.8748
41621366,-0.0073,0.0101,-0.2731,-0.2169,0.1077,-0.0815,0.0244,0.0529,-0.1044,0.0856,-0.2502,-0.4175,-0.2215,7.8265,-5.6368,0.8924,1.5117,-0.8881
41626366,-0.0085,0.0082,-0.2126,-0.3961,0.2888,-0.0748,-0.0190,0.0828,-0.1052,0.0826,-0.1643,-0.6018,-1.4325,8.2628,-5.5319,0.8635,1.5526,-0.9227
41631366,-0.0096,0.0062,-0.2453,-0.4374,0.2491,-0.0820,-0.0282,0.1007,-0.1060,0.0794,-0.1566,-0.6356,-3.1391,8.6544,-4.6405,0.8154,1.6116,-0.9226
41636366,-0.0108,0.0037,-0.2279,-0.4527,0.1486,-0.0805,-0.0372,0.1120,-0.1066,0.0763,-0.1159,-0.6344,-3.7315,8.8654,-3.3295,0.7891,1.6511,-0.9222
41641366,-0.0120,0.0013,-0.2053,-0.4505,0.1804,-0.0795,-0.0455,0.1181,-0.1069,0.0732,-0.0701,-0.6216,-4.9147,8.6707,-2.8052,0.7390,1.6995,-0.9224
41646366,-0.0128,-0.0010,-0.1200,-0.4359,0.2045,-0.0641,-0.0557,0.1120,-0.1067,0.0704,0.0467,-0.5542,-5.7610,7.9005,-0.0496,0.7002,1.7170,-0.8771
41651365,-0.0129,-0.0032,-0.0055,-0.3974,0.0979,-0.0406,-0.0653,0.1022,-0.1058,0.0679,0.1721,-0.4977,-6.4563,7.2292,0.4911,0.6486,1.7504,-0.8658
41656366,-0.0128,-0.0053,0.0528,-0.3922,-0.0230,-0.0254,-0.0737,0.1000,-0.1045,0.0657,0.2524,-0.4375,-7.1762,5.9383,2.8924,0.6061,1.7509,-0.8070
41661367,-0.0123,-0.0073,0.0571,-0.3989,0.0051,-0.0227,-0.0815,0.1040,-0.1032,0.0636,0.2609,-0.4158,-8.0100,4.3892,3.2582,0.5434,1.7507,-0.7885
41666366,-0.0117,-0.0089,0.1121,-0.2657,0.1731,-0.0116,-0.0712,0.0761,-0.1016,0.0624,0.3235,-0.2447,-8.0100,3.5630,4.9714,0.5114,1.7501,-0.7267
41671366,-0.0111,-0.0100,0.1338,-0.1756,0.0298,-0.0029,-0.0599,0.0617,-0.0999,0.0618,0.3474,-0.1280,-8.1790,2.6335,5.8230,0.4591,1.7501,-0.6907
41676366,-0.0098,-0.0099,0.2816,0.0574,0.0500,0.0300,-0.0352,0.0032,-0.0974,0.0625,0.4889,0.1447,-7.8499,1.2684,7.1197,0.4341,1.7313,-0.6231
41681366,-0.0079,-0.0096,0.3845,0.1185,0.1624,0.0531,-0.0354,-0.0239,-0.0947,0.0637,0.5572,0.2365,-6.1919,-0.1100,7.7978,0.4242,1.7053,-0.5841
41686365,-0.0058,-0.0088,0.4178,0.1286,0.2005,0.0670,-0.0368,-0.0379,-0.0917,0.0650,0.5829,0.2754,-6.1919,-1.5218,8.3204,0.3994,1.6742,-0.5209
41691365,-0.0035,-0.0081,0.4181,0.1368,0.0616,0.0770,-0.0340,-0.0454,-0.0889,0.0666,0.5683,0.3061,-5.6382,-2.5889,8.7634,0.3739,1.6408,-0.4687
41696366,-0.0014,-0.0077,0.3867,0.1319,-0.1055,0.0800,-0.0308,-0.0452,-0.0863,0.0681,0.5167,0.3120,-4.5860,-3.0637,9.0076,0.3744,1.6193,-0.4278
41701366,0.0004,-0.0069,0.3436,0.2147,-0.0487,0.0764,-0.0131,-0.0614,-0.0841,0.0701,0.4484,0.4006,-3.4232,-3.5671,8.8972,0.3737,1.5906,-0.3760
41706366,0.0020,-0.0055,0.2984,0.3131,0.0735,0.0705,0.0074,-0.0807,-0.0822,0.0726,0.3751,0.4818,-2.8140,-4.0146,7.2974,0.3735,1.5659,-0.3756
41711366,0.0035,-0.0039,0.2624,0.3677,0.0530,0.0656,0.0245,-0.0920,-0.0808,0.0752,0.2842,0.5284,-0.1915,-4.3054,6.4700,0.4169,1.5357,-0.3523
41716366,0.0048,-0.0018,0.2239,0.4111,-0.0120,0.0634,0.0410,-0.1039,-0.0796,0.0780,0.2360,0.5652,0.1604,-4.3054,6.0341,0.4249,1.5185,-0.3354
41721366,0.0055,0.0004,0.1011,0.4160,0.0051,0.0399,0.0585,-0.0986,-0.0792,0.0807,0.0803,0.5373,1.3830,-3.8924,4.2434,0.4522,1.5013,-0.3399
41726366,0.0058,0.0024,0.0131,0.4169,0.1138,0.0217,0.0703,-0.0964,-0.0793,0.0832,-0.0215,0.5011,1.6651,-3.1694,2.4781,0.4644,1.5017,-0.3617
41731367,0.0055,0.0044,-0.1038,0.4163,0.2320,-0.0053,0.0864,-0.0900,-0.0801,0.0856,-0.1631,0.4700,2.9047,-2.3432,1.2644,0.5017,1.5017,-0.3761
41736366,0.0049,0.0066,-0.1506,0.4236,0.2711,-0.0176,0.0992,-0.0920,-0.0812,0.0878,-0.2158,0.4547,2.9047,-1.9302,0.1578,0.5134,1.5014,-0.3946
41741366,0.0038,0.0089,-0.1933,0.4380,0.2177,-0.0300,0.1124,-0.0908,-0.0825,0.0899,-0.2642,0.4059,3.0124,-0.0300,-2.1825,0.5329,1.5324,-0.4475
41746366,0.0029,0.0109,-0.2202,0.3797,0.1190,-0.0387,0.1147,-0.0805,-0.0840,0.0915,-0.3036,0.3286,3.6048,0.4661,-2.9542,0.5588,1.5436,-0.4732
41751366,0.0018,0.0125,-0.2309,0.3009,0.0991,-0.0443,0.1076,-0.0671,-0.0856,0.0925,-0.3080,0.2077,3.6048,2.2433,-4.0033,0.5804,1.5886,-0.5167
41756366,0.0005,0.0138,-0.2862,0.2214,0.0924,-0.0592,0.1038,-0.0481,-0.0873,0.0930,-0.3506,0.0907,3.1405,3.7692,-4.9963,0.5849,1.6313,-0.5554
41761367,-0.0009,0.0148,-0.3079,0.1796,-0.0105,-0.0664,0.1024,-0.0356,-0.0891,0.0930,-0.3548,-0.0040,2.3049,5.7267,-6.5852,0.5844,1.6987,-0.6218
41766366,-0.0027,0.0151,-0.3341,0.0510,0.0484,-0.0783,0.0859,-0.0095,-0.0909,0.0922,-0.3666,-0.1483,1.8870,6.6696,-6.6956,0.5845,1.7419,-0.6508
41771367,-0.0043,0.0150,-0.2902,-0.0357,0.2033,-0.0750,0.0645,0.0028,-0.0924,0.0909,-0.2850,-0.2683,-0.1616,7.9347,-7.6593,0.5482,1.8110,-0.7133
41776366,-0.0055,0.0144,-0.2456,-0.1494,0.2928,-0.0723,0.0395,0.0216,-0.0935,0.0889,-0.2351,-0.3941,-0.1616,8.6459,-7.7701,0.5476,1.8586,-0.7462
41781366,-0.0068,0.0132,-0.2535,-0.2685,0.2311,-0.0751,0.0170,0.0492,-0.0946,0.0863,-0.2043,-0.5285,-2.0209,9.5589,-7.8809,0.5057,1.9324,-0.7957
41786366,-0.0079,0.0115,-0.2605,-0.3629,0.1355,-0.0776,-0.0015,0.0739,-0.0955,0.0832,-0.1838,-0.6210,-3.0549,10.0540,-7.2537,0.4752,1.9821,-0.8128
41791365,-0.0091,0.0094,-0.2700,-0.4194,0.1593,-0.0813,-0.0162,0.0914,-0.0962,0.0798,-0.1534,-0.6706,-4.5819,10.6094,-6.2366,0.4223,2.0558,-0.8345
41796366,-0.0105,0.0069,-0.2657,-0.4499,0.2543,-0.0862,-0.0281,0.1046,-0.0969,0.0764,-0.1315,-0.6854,-4.9695,10.7212,-5.0743,0.3961,2.1007,-0.8338
41801366,-0.0119,0.0044,-0.2419,-0.4734,0.2357,-0.0843,-0.0399,0.1152,-0.0973,0.0730,-0.0743,-0.6855,-6.3857,10.4574,-3.7666,0.3334,2.1589,-0.8342
41806365,-0.0129,0.0020,-0.1781,-0.4670,0.1107,-0.0739,-0.0486,0.1183,-0.0973,0.0697,-0.0002,-0.6574,-7.0320,9.6786,-3.0885,0.2940,2.1831,-0.8343
41811367,-0.0136,-0.0003,-0.0895,-0.4337,0.0103,-0.0571,-0.0543,0.1111,-0.0968,0.0668,0.1004,-0.5760,-7.7644,8.0282,-1.5067,0.2355,2.2052,-0.8178
41816365,-0.0136,-0.0026,0.0153,-0.4142,0.0720,-0.0366,-0.0691,0.1029,-0.0957,0.0641,0.2225,-0.5352,-8.2817,7.8081,-0.3047,0.1927,2.2321,-0.7968
41821365,-0.0133,-0.0047,0.0696,-0.3690,0.1740,-0.0248,-0.0734,0.0916,-0.0942,0.0619,0.2953,-0.4406,-8.9883,6.5172,1.7168,0.1269,2.2508,-0.7543
41826366,-0.0126,-0.0063,0.1466,-0.2624,0.1413,-0.0067,-0.0675,0.0688,-0.0923,0.0604,0.3753,-0.3037,-9.3312,5.3296,2.5664,0.0836,2.2507,-0.7292
41831366,-0.0116,-0.0074,0.2162,-0.1857,0.0075,0.0125,-0.0625,0.0497,-0.0901,0.0595,0.4473,-0.1781,-9.2235,3.9354,4.4524,0.0300,2.2505,-0.6705
41836366,-0.0104,-0.0081,0.2569,-0.0874,0.0210,0.0242,-0.0534,0.0284,-0.0877,0.0592,0.4763,-0.0614,-8.8854,2.9857,4.7283,-0.0000,2.2457,-0.6471
41841365,-0.0087,-0.0083,0.3509,0.0031,0.1422,0.0461,-0.0485,-0.0031,-0.0849,0.0597,0.5526,0.0889,-8.3686,0.4551,6.2203,-0.0414,2.2052,-0.5844
41846366,-0.0068,-0.0081,0.4178,0.0699,0.2005,0.0647,-0.0463,-0.0261,-0.0819,0.0605,0.6028,0.1669,-7.1460,0.3450,6.8475,-0.0476,2.2047,-0.5465
41851366,-0.0047,-0.0078,0.4426,0.1002,0.1498,0.0765,-0.0428,-0.0395,-0.0789,0.0616,0.6021,0.2320,-6.4508,-1.6065,7.2351,-0.0759,2.1631,-0.4973
41856366,-0.0022,-0.0072,0.4649,0.0922,0.0527,0.0904,-0.0472,-0.0452,-0.0759,0.0628,0.6041,0.2241,-5.2742,-1.6065,7.2351,-0.0758,2.1566,-0.4683
41861365,0.0001,-0.0066,0.4242,0.1570,0.1575,0.0882,-0.0340,-0.0602,-0.0732,0.0643,0.5308,0.3052,-3.8836,-2.6616,7.2803,-0.0754,2.1224,-0.4235
41866366,0.0021,-0.0056,0.3662,0.2340,0.1053,0.0843,-0.0157,-0.0726,-0.0710,0.0661,0.4541,0.3705,-3.1884,-2.6616,6.4938,-0.0757,2.1117,-0.4124
41871366,0.0039,-0.0043,0.3115,0.2877,-0.0511,0.0796,0.0039,-0.0815,-0.0692,0.0683,0.3565,0.4367,-1.2282,-3.6125,6.3834,-0.0506,2.0751,-0.3756
41876366,0.0054,-0.0027,0.2535,0.3189,-0.0637,0.0728,0.0173,-0.0876,-0.0678,0.0706,0.2772,0.4506,-0.5699,-3.6125,5.2250,-0.0404,2.0606,-0.3756
41881367,0.0063,-0.0010,0.1408,0.3399,0.0222,0.0507,0.0346,-0.0861,-0.0672,0.0728,0.1234,0.4511,1.1269,-3.6125,3.8458,-0.0071,2.0390,-0.3760
41886366,0.0068,0.0005,0.0611,0.3118,0.0347,0.0370,0.0406,-0.0789,-0.0670,0.0749,0.0386,0.4037,1.4086,-2.9822,3.1838,0.0041,2.0384,-0.3752
41891365,0.0068,0.0020,-0.0571,0.3002,0.0634,0.0127,0.0524,-0.0675,-0.0674,0.0766,-0.0920,0.3476,1.4086,-2.2065,0.9678,0.0126,2.0385,-0.4063
41896366,0.0063,0.0035,-0.1396,0.3283,0.1117,-0.0080,0.0703,-0.0666,-0.0685,0.0784,-0.2045,0.3554,2.8626,-1.8187,0.0000,0.0504,2.0383,-0.4240
41901366,0.0052,0.0050,-0.1744,0.3152,0.1364,-0.0199,0.0769,-0.0622,-0.0697,0.0799,-0.2490,0.3111,2.8626,-1.3339,-1.6112,0.0675,2.0387,-0.4624
41906366,0.0041,0.0067,-0.1970,0.3369,0.1657,-0.0302,0.0896,-0.0657,-0.0711,0.0815,-0.2857,0.3093,3.1876,-1.0356,-2.8849,0.0856,2.0398,-0.4961
41911367,0.0032,0.0080,-0.2275,0.2734,0.0814,-0.0378,0.0862,-0.0516,-0.0727,0.0825,-0.3039,0.2086,3.1876,0.9221,-3.4200,0.1047,2.0801,-0.5255
41916366,0.0020,0.0092,-0.2694,0.2239,0.0121,-0.0500,0.0885,-0.0390,-0.0744,0.0832,-0.3489,0.1411,3.1876,1.3442,-4.2039,0.1175,2.0924,-0.5572
41921366,0.0005,0.0102,-0.3143,0.1625,-0.0685,-0.0620,0.0865,-0.0219,-0.0763,0.0834,-0.3735,0.0397,2.5785,3.2554,-4.9788,0.1231,2.1450,-0.6012
41926366,-0.0012,0.0108,-0.3357,0.1106,-0.1397,-0.0714,0.0849,-0.0082,-0.0782,0.0833,-0.3865,-0.0332,2.0801,3.9433,-5.6960,0.1225,2.1738,-0.6375
41931366,-0.0030,0.0112,-0.3393,0.0431,-0.0664,-0.0770,0.0748,0.0048,-0.0799,0.0826,-0.3490,-0.1225,0.2052,5.1950,-5.9057,0.0928,2.2275,-0.6760
41936366,-0.0046,0.0113,-0.3424,-0.0037,0.0823,-0.0852,0.0679,0.0141,-0.0816,0.0817,-0.3391,-0.1800,-0.1857,5.9180,-5.9057,0.0839,2.2649,-0.6996
41941366,-0.0061,0.0110,-0.2944,-0.0825,0.1938,-0.0804,0.0481,0.0249,-0.0829,0.0804,-0.2535,-0.2774,-1.7475,7.1635,-5.9057,0.0477,2.3289,-0.7351
41946365,-0.0075,0.0102,-0.2676,-0.1924,0.2332,-0.0805,0.0265,0.0451,-0.0840,0.0784,-0.2156,-0.3831,-2.1419,7.2690,-5.5181,0.0326,2.3597,-0.7507
41951365,-0.0089,0.0085,-0.2679,-0.3632,0.1520,-0.0811,-0.0053,0.0806,-0.0848,0.0757,-0.1652,-0.5445,-3.9550,8.0846,-4.0782,-0.0226,2.4226,-0.7505
41956366,-0.0099,0.0065,-0.2495,-0.3986,0.1883,-0.0804,-0.0189,0.0921,-0.0854,0.0728,-0.1232,-0.5749,-4.7802,8.4696,-3.3583,-0.0569,2.4631,-0.7510
41961365,-0.0112,0.0043,-0.2398,-0.3980,0.2424,-0.0822,-0.0258,0.0987,-0.0858,0.0700,-0.0829,-0.5634,-6.0311,8.6246,-2.4722,-0.1143,2.5173,-0.7506
41966366,-0.0124,0.0022,-0.1958,-0.4023,0.2033,-0.0767,-0.0352,0.1041,-0.0860,0.0672,-0.0238,-0.5568,-6.8365,8.3337,-2.0291,-0.1561,2.5457,-0.7507
41971367,-0.0130,0.0002,-0.1008,-0.3690,0.0946,-0.0581,-0.0411,0.0956,-0.0855,0.0648,0.0922,-0.4851,-7.6072,7.4947,-0.2941,-0.2152,2.5780,-0.7243
41976366,-0.0132,-0.0017,-0.0052,-0.3366,-0.0038,-0.0375,-0.0493,0.0870,-0.0845,0.0627,0.2083,-0.4323,-8.2270,7.3828,0.9602,-0.2591,2.6054,-0.6979
41981366,-0.0131,-0.0036,0.0428,-0.3454,-0.0065,-0.0269,-0.0607,0.0879,-0.0831,0.0606,0.2680,-0.4099,-8.9111,6.3277,2.0089,-0.3239,2.6270,-0.6662
41986366,-0.0127,-0.0051,0.0819,-0.3128,0.1077,-0.0191,-0.0636,0.0786,-0.0816,0.0589,0.3118,-0.3360,-8.9646,5.1670,3.6087,-0.3609,2.6268,-0.6228
41991367,-0.0121,-0.0063,0.1399,-0.1998,0.1834,-0.0063,-0.0547,0.0539,-0.0797,0.0580,0.3707,-0.1875,-9.1397,3.8481,4.6742,-0.4192,2.6274,-0.5767
41996366,-0.0111,-0.0071,0.2053,-0.1197,0.0011,0.0122,-0.0485,0.0363,-0.0775,0.0576,0.4327,-0.0847,-8.8704,3.1622,5.5104,-0.4503,2.6277,-0.5392
42001367,-0.0095,-0.0070,0.3497,0.0739,0.0830,0.0448,-0.0321,-0.0159,-0.0747,0.0582,0.5682,0.1331,-8.3857,2.3181,6.2857,-0.4912,2.6271,-0.4886
42006366,-0.0074,-0.0065,0.4239,0.1350,0.1813,0.0641,-0.0301,-0.0410,-0.0716,0.0593,0.6171,0.2219,-7.2589,1.0444,6.8716,-0.5007,2.6091,-0.4506
42011367,-0.0051,-0.0056,0.4435,0.1631,0.1703,0.0763,-0.0261,-0.0568,-0.0685,0.0607,0.6220,0.2809,-6.9771,-0.5593,7.3436,-0.5370,2.5763,-0.3981
42016366,-0.0026,-0.0048,0.4575,0.1399,0.0582,0.0889,-0.0312,-0.0600,-0.0654,0.0620,0.6180,0.2602,-5.8486,-0.5593,7.5091,-0.5404,2.5741,-0.3652
42021367,-0.0002,-0.0041,0.4374,0.1399,0.0051,0.0920,-0.0283,-0.0640,-0.0626,0.0634,0.5541,0.2740,-4.3440,-2.0622,6.9279,-0.5407,2.5371,-0.3324
42026366,0.0021,-0.0034,0.4337,0.1872,0.1040,0.0981,-0.0229,-0.0791,-0.0600,0.0650,0.5366,0.3213,-3.5446,-2.0622,6.9279,-0.5405,2.5288,-0.3047
42031367,0.0041,-0.0024,0.3738,0.2486,0.1092,0.0907,-0.0072,-0.0877,-0.0578,0.0668,0.4267,0.3593,-1.4218,-2.0622,5.3600,-0.5142,2.5165,-0.2985
42036365,0.0058,-0.0010,0.3115,0.3100,-0.0319,0.0856,0.0127,-0.0971,-0.0561,0.0689,0.3378,0.4136,-0.5767,-2.5269,4.4193,-0.5005,2.4981,-0.2977
42041366,0.0073,0.0007,0.2480,0.3348,-0.0753,0.0776,0.0265,-0.1012,-0.0549,0.0710,0.2461,0.4211,0.4847,-2.5269,3.2696,-0.4820,2.4830,-0.2979
42046366,0.0076,0.0021,0.0247,0.2676,0.0631,0.0317,0.0394,-0.0736,-0.0550,0.0727,-0.0103,0.3383,1.8849,-2.5269,2.2219,-0.4489,2.4728,-0.3074
42051366,0.0074,0.0033,-0.0748,0.2358,0.0949,0.0095,0.0471,-0.0602,-0.0556,0.0741,-0.1369,0.2806,2.5813,-2.5269,0.4783,-0.4230,2.4577,-0.3353
42056366,0.0069,0.0045,-0.1451,0.2642,0.1538,-0.0081,0.0615,-0.0593,-0.0568,0.0755,-0.2242,0.2778,2.9062,-2.1419,-1.2318,-0.4051,2.4560,-0.3708
42061367,0.0060,0.0057,-0.1717,0.2905,0.1489,-0.0176,0.0728,-0.0610,-0.0581,0.0768,-0.2618,0.2732,3.6815,-0.9788,-2.1342,-0.3701,2.4686,-0.3980
42066366,0.0052,0.0071,-0.2104,0.2810,0.0735,-0.0270,0.0796,-0.0555,-0.0596,0.0780,-0.2953,0.2236,3.6815,0.6713,-3.1757,-0.3554,2.5010,-0.4300
42071365,0.0041,0.0085,-0.2471,0.2578,0.0350,-0.0385,0.0857,-0.0486,-0.0612,0.0789,-0.3385,0.1791,3.6815,1.0106,-4.2629,-0.3333,2.5119,-0.4754
42076366,0.0028,0.0096,-0.2853,0.1985,0.0512,-0.0504,0.0833,-0.0349,-0.0631,0.0793,-0.3677,0.0909,3.3071,2.1257,-5.0936,-0.3265,2.5411,-0.5116
42081366,0.0013,0.0104,-0.3106,0.1280,0.0060,-0.0590,0.0776,-0.0187,-0.0649,0.0793,-0.3722,-0.0091,2.4514,3.4681,-5.7208,-0.3265,2.5848,-0.5560
42086366,-0.0005,0.0109,-0.3543,0.0987,-0.1174,-0.0724,0.0823,-0.0055,-0.0670,0.0790,-0.4036,-0.0598,1.9701,4.4177,-6.2051,-0.3273,2.6186,-0.5892
42091366,-0.0025,0.0108,-0.3684,0.0140,0.0472,-0.0839,0.0691,0.0130,-0.0690,0.0781,-0.4023,-0.1648,1.4887,5.5131,-6.4809,-0.3266,2.6706,-0.6323
42096366,-0.0041,0.0108,-0.3097,-0.0403,0.1798,-0.0796,0.0543,0.0184,-0.0706,0.0770,-0.3300,-0.2315,1.1106,6.3383,-6.4809,-0.3288,2.7104,-0.6582
42101366,-0.0055,0.0101,-0.2721,-0.1509,0.2088,-0.0741,0.0308,0.0353,-0.0718,0.0753,-0.2361,-0.3356,-1.2736,7.0096,-5.3797,-0.3775,2.7635,-0.6729
42106366,-0.0069,0.0089,-0.2764,-0.2660,0.1663,-0.0786,0.0103,0.0619,-0.0729,0.0730,-0.2205,-0.4542,-2.1093,7.4459,-5.1700,-0.4002,2.8013,-0.6895
42111367,-0.0081,0.0073,-0.2633,-0.3451,0.1349,-0.0778,-0.0081,0.0807,-0.0738,0.0704,-0.1713,-0.5312,-3.6896,7.8934,-4.5841,-0.4485,2.8567,-0.7082
42116366,-0.0092,0.0051,-0.2395,-0.3824,0.1700,-0.0771,-0.0223,0.0929,-0.0744,0.0676,-0.1357,-0.5608,-3.7973,8.2099,-3.7541,-0.4658,2.8954,-0.7083
42121367,-0.0104,0.0030,-0.2220,-0.3858,0.2320,-0.0767,-0.0308,0.0986,-0.0749,0.0648,-0.0834,-0.5503,-5.3097,8.2586,-2.7776,-0.5243,2.9459,-0.7083
42126366,-0.0115,0.0009,-0.1854,-0.3790,0.1911,-0.0719,-0.0367,0.1013,-0.0750,0.0622,-0.0276,-0.5161,-5.8333,7.9285,-1.2642,-0.5576,2.9715,-0.6865
42131366,-0.0121,-0.0009,-0.0913,-0.3393,0.0579,-0.0533,-0.0413,0.0924,-0.0746,0.0600,0.0844,-0.4500,-6.8665,7.0507,-0.3727,-0.6163,3.0005,-0.6722
42136366,-0.0123,-0.0026,-0.0079,-0.3170,-0.0343,-0.0362,-0.0484,0.0860,-0.0737,0.0580,0.1760,-0.3978,-7.4220,5.9663,0.5517,-0.6560,3.0045,-0.6540
42141366,-0.0120,-0.0044,0.0623,-0.3173,0.0814,-0.0213,-0.0626,0.0808,-0.0723,0.0562,0.2715,-0.3698,-8.0849,5.8209,2.3048,-0.7160,3.0374,-0.6096
42146366,-0.0117,-0.0056,0.1045,-0.2178,0.1483,-0.0121,-0.0539,0.0603,-0.0707,0.0549,0.3196,-0.2413,-8.4793,4.8028,3.2250,-0.7567,3.0383,-0.5795
42151366,-0.0109,-0.0064,0.1665,-0.1191,0.0478,0.0043,-0.0444,0.0383,-0.0688,0.0544,0.3830,-0.1083,-8.6674,3.5423,4.2702,-0.8118,3.0379,-0.5350
42156366,-0.0098,-0.0066,0.2312,-0.0027,-0.0643,0.0220,-0.0310,0.0114,-0.0666,0.0546,0.4426,0.0322,-8.3465,2.7572,5.1009,-0.8394,3.0351,-0.5004
42161367,-0.0084,-0.0064,0.2920,0.0987,-0.0087,0.0366,-0.0187,-0.0176,-0.0642,0.0554,0.4783,0.1761,-7.6820,0.5368,5.7356,-0.8757,3.0000,-0.4564
42166366,-0.0068,-0.0056,0.3690,0.1646,0.1288,0.0561,-0.0172,-0.0438,-0.0615,0.0567,0.5514,0.2468,-7.3498,0.4852,5.9978,-0.8987,3.0010,-0.4281
42171365,-0.0047,-0.0045,0.4013,0.1970,0.1511,0.0687,-0.0144,-0.0601,-0.0587,0.0581,0.5613,0.2839,-6.0499,0.3303,6.1551,-0.9143,3.0003,-0.3881
42176366,-0.0024,-0.0035,0.4197,0.1854,0.0121,0.0804,-0.0154,-0.0654,-0.0559,0.0595,0.5471,0.2788,-4.9821,-0.7152,5.5483,-0.9150,2.9795,-0.3761
42181366,-0.0003,-0.0026,0.3931,0.1994,-0.0927,0.0827,-0.0086,-0.0706,-0.0535,0.0610,0.4863,0.3035,-3.6822,-1.7604,5.2173,-0.9147,2.9494,-0.3512
42186366,0.0013,-0.0013,0.2899,0.3109,0.0814,0.0658,0.0194,-0.0883,-0.0516,0.0631,0.3689,0.4114,-2.9858,-1.7604,4.9752,-0.9141,2.9423,-0.3353
42191367,0.0027,0.0003,0.2468,0.3564,-0.0010,0.0618,0.0348,-0.0965,-0.0502,0.0653,0.2928,0.4374,-1.7178,-1.7604,3.6675,-0.9040,2.9318,-0.3355
42196366,0.0036,0.0021,0.1692,0.3433,-0.0682,0.0487,0.0459,-0.0920,-0.0493,0.0673,0.1801,0.4096,-0.1673,-1.7604,2.6867,-0.8765,2.9247,-0.3419
42201366,0.0041,0.0038,0.0654,0.3106,-0.0032,0.0285,0.0529,-0.0813,-0.0490,0.0690,0.0572,0.3457,-0.1119,-1.7604,0.5904,-0.8761,2.9142,-0.3752
42206366,0.0044,0.0051,0.0067,0.2526,0.0735,0.0157,0.0523,-0.0708,-0.0491,0.0704,-0.0211,0.2816,1.1231,-1.4683,0.4801,-0.8502,2.9135,-0.3754
42211365,0.0041,0.0062,-0.0907,0.2217,0.1917,-0.0070,0.0563,-0.0567,-0.0498,0.0714,-0.1387,0.1958,2.1393,0.2201,-1.5207,-0.8184,2.9416,-0.4171
42216366,0.0035,0.0072,-0.1573,0.2520,0.2424,-0.0231,0.0705,-0.0568,-0.0508,0.0724,-0.2086,0.2006,2.1393,0.8802,-2.5641,-0.8098,2.9578,-0.4457
42221367,0.0026,0.0083,-0.2392,0.2049,0.1337,-0.0419,0.0769,-0.0401,-0.0523,0.0731,-0.2985,0.1397,2.1393,0.8802,-3.4953,-0.7970,2.9631,-0.4825
42226365,0.0012,0.0093,-0.2975,0.1735,0.0735,-0.0575,0.0818,-0.0271,-0.0541,0.0735,-0.3512,0.0745,2.2803,2.4809,-4.1599,-0.7852,3.0016,-0.5119
42231366,-0.0004,0.0094,-0.3421,-0.0006,-0.0136,-0.0702,0.0595,0.0112,-0.0560,0.0729,-0.3819,-0.1257,1.6691,3.5475,-4.8393,-0.7842,3.0397,-0.5515
42236366,-0.0024,0.0094,-0.4108,-0.0293,-0.1043,-0.0888,0.0649,0.0279,-0.0582,0.0720,-0.4333,-0.1676,1.0578,4.3865,-4.8877,-0.7915,3.0715,-0.5718
42241366,-0.0043,0.0089,-0.4249,-0.0764,-0.0798,-0.0986,0.0585,0.0432,-0.0603,0.0709,-0.4375,-0.2348,0.7757,5.3488,-5.2752,-0.7916,3.1189,-0.6110
42246366,-0.0063,0.0083,-0.3790,-0.1390,0.0665,-0.0979,0.0424,0.0530,-0.0622,0.0693,-0.3684,-0.3034,-0.3209,5.8073,-5.2200,-0.8123,3.1504,-0.6309
42251367,-0.0079,0.0074,-0.3213,-0.1979,0.2070,-0.0935,0.0237,0.0619,-0.0636,0.0675,-0.2863,-0.3756,-1.2930,6.6982,-5.2200,-0.8373,3.2053,-0.6622
42256366,-0.0094,0.0059,-0.2752,-0.3189,0.2433,-0.0886,-0.0043,0.0835,-0.0647,0.0650,-0.2081,-0.4888,-2.8989,6.6982,-4.6956,-0.8780,3.2321,-0.6721
42261365,-0.0107,0.0039,-0.2837,-0.4084,0.1905,-0.0912,-0.0227,0.1066,-0.0655,0.0622,-0.1700,-0.5665,-4.7986,7.1113,-3.4896,-0.9390,3.2825,-0.6725
42266366,-0.0118,0.0015,-0.2327,-0.4300,0.1010,-0.0832,-0.0364,0.1157,-0.0660,0.0593,-0.1014,-0.5802,-5.4010,7.2568,-2.8051,-0.9716,3.3144,-0.6715
42271366,-0.0129,-0.0008,-0.2217,-0.4230,0.0976,-0.0818,-0.0412,0.1193,-0.0662,0.0566,-0.0407,-0.5294,-7.1018,6.9771,-0.1572,-1.0435,3.3513,-0.6276
42276365,-0.0139,-0.0025,-0.1689,-0.2972,0.0643,-0.0740,-0.0289,0.1004,-0.0661,0.0547,0.0261,-0.3954,-7.7436,6.8716,0.2906,-1.0860,3.3771,-0.6184
42281366,-0.0140,-0.0042,-0.0110,-0.3067,-0.1397,-0.0399,-0.0456,0.0909,-0.0651,0.0529,0.2079,-0.3456,-8.9367,5.0778,2.4714,-1.1594,3.3770,-0.5665
42286366,-0.0139,-0.0060,0.0315,-0.3140,-0.0969,-0.0312,-0.0567,0.0916,-0.0638,0.0513,0.2597,-0.3287,-9.5606,4.1810,3.2031,-1.2088,3.3776,-0.5398
42291366,-0.0135,-0.0074,0.0983,-0.2117,0.0875,-0.0177,-0.0522,0.0665,-0.0621,0.0503,0.3401,-0.1910,-10.2558,3.0731,4.4768,-1.2817,3.3771,-0.4903
42296366,-0.0127,-0.0083,0.1582,-0.1329,0.0723,-0.0022,-0.0483,0.0477,-0.0600,0.0499,0.4098,-0.0897,-10.6043,2.5455,5.4533,-1.3305,3.3777,-0.4502
42301366,-0.0118,-0.0086,0.2028,-0.0278,-0.0411,0.0119,-0.0354,0.0251,-0.0577,0.0501,0.4586,0.0382,-10.7705,1.8596,6.2950,-1.3978,3.3771,-0.3969
42306366,-0.0105,-0.0083,0.2847,0.1035,-0.0551,0.0330,-0.0218,-0.0090,-0.0550,0.0510,0.5397,0.1833,-10.5848,1.5431,6.9018,-1.4368,3.3776,-0.3576
42311367,-0.0087,-0.0075,0.3867,0.1658,0.0304,0.0565,-0.0187,-0.0390,-0.0519,0.0525,0.6151,0.2962,-9.8308,-0.9509,7.8004,-1.4823,3.3297,-0.2953
42316366,-0.0066,-0.0064,0.4276,0.1988,0.1184,0.0705,-0.0179,-0.0571,-0.0487,0.0541,0.6390,0.3301,-8.8730,-1.0068,7.8004,-1.5015,3.3245,-0.2641
42321366,-0.0041,-0.0054,0.4658,0.1839,-0.0447,0.0882,-0.0214,-0.0651,-0.0455,0.0558,0.6567,0.3324,-8.3189,-2.2188,7.7450,-1.5410,3.2924,-0.2186
42326366,-0.0015,-0.0043,0.4728,0.2474,-0.0246,0.0968,-0.0126,-0.0832,-0.0423,0.0577,0.6273,0.3836,-6.8142,-2.4127,6.7197,-1.5412,3.2790,-0.2096
42331366,0.0007,-0.0029,0.4310,0.3247,0.0597,0.0939,0.0042,-0.1004,-0.0396,0.0600,0.5500,0.4529,-5.0274,-2.4127,6.1827,-1.5407,3.2645,-0.1827
42336365,0.0027,-0.0011,0.3552,0.3864,0.0115,0.0861,0.0252,-0.1117,-0.0373,0.0625,0.4491,0.5082,-4.0870,-2.7225,5.4485,-1.5402,3.2483,-0.1736
42341367,0.0044,0.0009,0.2929,0.4084,-0.1027,0.0795,0.0399,-0.1154,-0.0356,0.0650,0.3500,0.5063,-2.7522,-2.7225,3.8447,-1.5347,3.2320,-0.1774
42346366,0.0055,0.0030,0.1988,0.3897,-0.1043,0.0627,0.0508,-0.1094,-0.0345,0.0674,0.2114,0.4644,-0.9492,-2.7225,2.2823,-1.5062,3.2211,-0.1963
42351366,0.0062,0.0047,0.0886,0.3479,-0.0087,0.0413,0.0572,-0.0981,-0.0341,0.0694,0.0802,0.3983,-0.4985,-2.6675,0.7098,-1.5007,3.2059,-0.2189
42356366,0.0064,0.0063,0.0037,0.3054,0.0827,0.0232,0.0607,-0.0871,-0.0342,0.0710,-0.0246,0.3247,0.1077,-2.1724,-0.8861,-1.4903,3.2061,-0.2514
42361365,0.0063,0.0078,-0.0736,0.3161,0.1828,0.0040,0.0727,-0.0836,-0.0349,0.0724,-0.1355,0.2908,1.8849,-0.8579,-2.5584,-1.4472,3.2220,-0.2936
42366366,0.0059,0.0093,-0.1035,0.3451,0.1902,-0.0035,0.0833,-0.0871,-0.0357,0.0738,-0.1654,0.2760,1.8849,0.6196,-4.0229,-1.4397,3.2516,-0.3363
42371366,0.0048,0.0106,-0.2245,0.2367,0.0158,-0.0302,0.0850,-0.0555,-0.0373,0.0745,-0.3063,0.1451,2.5813,0.9105,-5.2365,-1.4137,3.2613,-0.3895
42376366,0.0036,0.0115,-0.2679,0.1545,-0.0136,-0.0431,0.0793,-0.0357,-0.0390,0.0747,-0.3490,0.0293,2.5813,2.0740,-6.3269,-1.4033,3.2910,-0.4346
42381365,0.0023,0.0121,-0.2776,0.0757,-0.0905,-0.0494,0.0698,-0.0170,-0.0408,0.0742,-0.3598,-0.0913,2.5813,3.4164,-7.7857,-1.3879,3.3341,-0.5063
42386366,0.0007,0.0122,-0.3323,0.0724,-0.1250,-0.0657,0.0771,-0.0066,-0.0429,0.0737,-0.4126,-0.1150,2.5813,4.2078,-8.3606,-1.3775,3.3643,-0.5494
42391366,-0.0011,0.0123,-0.3378,0.0107,-0.0282,-0.0733,0.0678,0.0066,-0.0449,0.0726,-0.3952,-0.2005,1.6097,5.3641,-8.7965,-1.3836,3.4162,-0.6097
42396366,-0.0028,0.0123,-0.3467,-0.0367,0.0964,-0.0813,0.0605,0.0171,-0.0467,0.0713,-0.3767,-0.2610,0.1241,5.9143,-9.1275,-1.4097,3.4489,-0.6526
42401366,-0.0044,0.0119,-0.3131,-0.1097,0.1605,-0.0808,0.0449,0.0297,-0.0484,0.0696,-0.3271,-0.3411,-0.2470,6.7023,-8.8129,-1.4182,3.5019,-0.7000
42406366,-0.0060,0.0107,-0.3146,-0.2553,0.1135,-0.0844,0.0197,0.0603,-0.0499,0.0672,-0.2964,-0.4832,-1.7549,6.9447,-8.3246,-1.4526,3.5336,-0.7244
42411367,-0.0075,0.0091,-0.3204,-0.3580,0.0411,-0.0881,0.0007,0.0858,-0.0512,0.0643,-0.2672,-0.5764,-2.9944,7.4258,-7.2170,-1.4896,3.5861,-0.7506
42416365,-0.0089,0.0068,-0.3268,-0.4530,0.1428,-0.0942,-0.0206,0.1093,-0.0524,0.0611,-0.2462,-0.6516,-3.9154,7.4258,-5.8879,-1.5218,3.6158,-0.7503
42421367,-0.0103,0.0042,-0.3079,-0.4759,0.1340,-0.0940,-0.0333,0.1221,-0.0534,0.0577,-0.1996,-0.6723,-5.3824,7.4907,-5.6664,-1.5789,3.6628,-0.7799
42426366,-0.0117,0.0017,-0.2468,-0.4786,0.0594,-0.0856,-0.0436,0.1270,-0.0540,0.0544,-0.1219,-0.6558,-5.9915,7.1987,-4.6696,-1.6130,3.6858,-0.7788
42431366,-0.0126,-0.0005,-0.1347,-0.4279,-0.0444,-0.0638,-0.0485,0.1139,-0.0539,0.0517,0.0209,-0.5516,-7.0755,6.0984,-2.1775,-1.6743,3.7052,-0.7503
42436366,-0.0130,-0.0029,-0.0580,-0.4355,-0.1421,-0.0482,-0.0624,0.1160,-0.0534,0.0490,0.1149,-0.5386,-7.7218,5.7683,-1.1259,-1.7174,3.7219,-0.7366
42441367,-0.0132,-0.0053,-0.0293,-0.4456,-0.0545,-0.0415,-0.0750,0.1186,-0.0524,0.0464,0.1828,-0.5088,-8.9714,5.4585,1.2332,-1.7922,3.7502,-0.6893
42446366,-0.0130,-0.0073,0.0425,-0.3341,0.1282,-0.0290,-0.0713,0.0954,-0.0512,0.0446,0.2585,-0.3726,-9.3458,4.4774,1.9149,-1.8362,3.7505,-0.6696
42451367,-0.0126,-0.0087,0.0892,-0.2367,0.1019,-0.0177,-0.0619,0.0757,-0.0496,0.0435,0.3101,-0.2242,-9.7334,2.6576,3.5147,-1.9011,3.7366,-0.6206
42456366,-0.0119,-0.0096,0.1515,-0.1356,-0.0527,-0.0013,-0.0505,0.0538,-0.0477,0.0431,0.3705,-0.0796,-9.9191,0.8972,4.6771,-1.9444,3.7086,-0.5807
42461367,-0.0110,-0.0100,0.2010,-0.0318,0.0610,0.0106,-0.0412,0.0283,-0.0456,0.0433,0.4228,0.0458,-9.7501,0.5121,5.7285,-2.0005,3.7047,-0.5275
42466366,-0.0092,-0.0096,0.3986,0.0950,0.1685,0.0539,-0.0404,-0.0199,-0.0426,0.0443,0.6110,0.2070,-9.5811,-1.0223,6.5038,-2.0355,3.6737,-0.4868
42471367,-0.0071,-0.0092,0.4536,0.1167,0.0784,0.0733,-0.0408,-0.0355,-0.0393,0.0456,0.6560,0.2634,-8.8564,-2.0367,7.8130,-2.0758,3.6444,-0.4171
42476366,-0.0047,-0.0088,0.4811,0.1173,-0.0637,0.0875,-0.0430,-0.0421,-0.0360,0.0470,0.6536,0.2776,-7.3589,-2.7225,8.0337,-2.0781,3.6203,-0.3814
42481366,-0.0021,-0.0082,0.4795,0.1356,-0.0059,0.0966,-0.0422,-0.0541,-0.0328,0.0486,0.6465,0.3163,-7.3589,-3.7293,8.3929,-2.1222,3.5828,-0.3248
42486366,0.0005,-0.0075,0.4826,0.1710,0.1334,0.1040,-0.0405,-0.0686,-0.0297,0.0504,0.6249,0.3489,-6.1960,-3.8971,8.0271,-2.1263,3.5639,-0.2987
42491367,0.0028,-0.0066,0.4362,0.2318,0.1147,0.1018,-0.0253,-0.0809,-0.0270,0.0524,0.5431,0.4167,-4.5901,-4.5758,7.8180,-2.1263,3.5244,-0.2559
42496366,0.0048,-0.0053,0.3516,0.2947,-0.0893,0.0940,-0.0032,-0.0873,-0.0248,0.0548,0.4321,0.4693,-3.7595,-4.9373,6.7658,-2.1264,3.4985,-0.2511
42501367,0.0067,-0.0037,0.3375,0.3555,-0.2209,0.0968,0.0119,-0.1002,-0.0230,0.0573,0.3692,0.5020,-1.8687,-4.9373,4.8829,-2.1066,3.4689,-0.2513
42506366,0.0082,-0.0016,0.2679,0.3937,-0.0658,0.0847,0.0277,-0.1099,-0.0216,0.0599,0.2630,0.5294,-0.1573,-4.9923,4.1076,-2.0765,3.4480,-0.2516
42511367,0.0085,0.0002,0.0260,0.3766,0.0063,0.0380,0.0519,-0.0901,-0.0216,0.0624,0.0101,0.4951,-0.1038,-4.9923,2.9446,-2.0761,3.4180,-0.2517
42516366,0.0084,0.0019,-0.0831,0.3622,-0.0524,0.0153,0.0664,-0.0796,-0.0222,0.0647,-0.1222,0.4540,1.0815,-4.2621,1.8869,-2.0512,3.4137,-0.2642
42521367,0.0078,0.0038,-0.1561,0.4026,0.0478,-0.0039,0.0836,-0.0815,-0.0233,0.0669,-0.2158,0.4394,1.5517,-3.1424,-0.6819,-2.0328,3.4139,-0.3117
42526366,0.0067,0.0057,-0.1943,0.4059,0.1505,-0.0190,0.0948,-0.0815,-0.0247,0.0690,-0.2794,0.4195,2.7912,-2.6070,-1.6990,-1.9999,3.4131,-0.3364
42531365,0.0056,0.0076,-0.2211,0.4255,0.1502,-0.0289,0.1073,-0.0842,-0.0262,0.0710,-0.3133,0.4067,2.7912,-1.9254,-3.1884,-1.9831,3.4133,-0.3840
42536366,0.0046,0.0097,-0.2309,0.3958,0.0634,-0.0336,0.1111,-0.0800,-0.0278,0.0727,-0.3199,0.3387,2.7912,-0.4528,-4.2896,-1.9720,3.4375,-0.4181
42541365,0.0034,0.0114,-0.2611,0.3140,0.0011,-0.0435,0.1070,-0.0636,-0.0296,0.0738,-0.3505,0.2187,2.7912,0.8049,-5.5895,-1.9552,3.4644,-0.4773
42546366,0.0020,0.0128,-0.2880,0.2575,-0.0481,-0.0525,0.1058,-0.0514,-0.0314,0.0744,-0.3647,0.1283,2.4681,2.3540,-6.3095,-1.9510,3.5018,-0.5123
42551366,0.0003,0.0138,-0.3479,0.1878,-0.1324,-0.0683,0.1046,-0.0312,-0.0335,0.0745,-0.4074,0.0150,1.8219,4.1664,-7.4248,-1.9512,3.5578,-0.5794
42556366,-0.0015,0.0143,-0.3583,0.0580,0.0210,-0.0790,0.0858,-0.0076,-0.0355,0.0739,-0.4086,-0.1303,1.4987,4.8935,-7.7356,-1.9510,3.5913,-0.6130
42561367,-0.0032,0.0142,-0.3274,-0.0333,0.1456,-0.0800,0.0664,0.0080,-0.0373,0.0726,-0.3609,-0.2541,1.1218,6.5815,-8.2239,-1.9509,3.6595,-0.6741
42566366,-0.0047,0.0135,-0.2947,-0.1655,0.1697,-0.0776,0.0395,0.0315,-0.0388,0.0706,-0.2961,-0.3985,-0.3381,7.3940,-8.2239,-1.9779,3.7030,-0.7019
42571366,-0.0062,0.0123,-0.3015,-0.2682,0.0933,-0.0814,0.0212,0.0566,-0.0401,0.0681,-0.2700,-0.5076,-1.7377,8.1203,-7.9339,-2.0131,3.7638,-0.7510
42576366,-0.0075,0.0106,-0.3070,-0.3574,0.0365,-0.0851,0.0033,0.0804,-0.0414,0.0651,-0.2494,-0.5983,-2.8192,8.6051,-7.5462,-2.0444,3.8074,-0.7689
42581367,-0.0090,0.0086,-0.3366,-0.3943,0.0958,-0.0948,-0.0059,0.0970,-0.0426,0.0619,-0.2450,-0.6326,-3.8888,9.4219,-6.5532,-2.0867,3.8777,-0.7976
42586366,-0.0106,0.0063,-0.3247,-0.4084,0.1718,-0.0978,-0.0153,0.1064,-0.0436,0.0588,-0.2026,-0.6318,-5.1071,9.4706,-5.5080,-2.1285,3.9164,-0.7970
42591367,-0.0123,0.0041,-0.3054,-0.4178,0.1566,-0.0985,-0.0223,0.1148,-0.0444,0.0557,-0.1563,-0.6162,-5.9502,9.3605,-3.9402,-2.1785,3.9709,-0.7968
42596365,-0.0137,0.0020,-0.2385,-0.4087,0.0640,-0.0890,-0.0300,0.1165,-0.0448,0.0527,-0.0765,-0.5931,-6.5964,8.9991,-3.3653,-2.2172,4.0009,-0.7976
42601365,-0.0145,-0.0001,-0.1319,-0.3961,-0.0734,-0.0677,-0.0409,0.1114,-0.0445,0.0500,0.0609,-0.5450,-7.9025,8.2888,-1.6890,-2.2866,4.0379,-0.7823
42606366,-0.0148,-0.0024,-0.0330,-0.4267,0.0402,-0.0506,-0.0616,0.1107,-0.0436,0.0473,0.1702,-0.5301,-8.4778,6.7859,-0.1384,-2.3305,4.0380,-0.7546
42611367,-0.0148,-0.0043,0.0263,-0.3378,0.1483,-0.0387,-0.0594,0.0925,-0.0424,0.0453,0.2541,-0.4134,-9.0316,6.7300,1.6666,-2.3939,4.0776,-0.7144
42616366,-0.0144,-0.0057,0.0852,-0.2337,0.0640,-0.0245,-0.0502,0.0723,-0.0408,0.0439,0.3174,-0.2748,-9.3566,5.4995,2.7497,-2.4374,4.0776,-0.6856
42621366,-0.0137,-0.0065,0.1570,-0.1261,-0.0585,-0.0064,-0.0396,0.0482,-0.0388,0.0432,0.3892,-0.1303,-9.5181,4.1011,3.8284,-2.4976,4.0783,-0.6426
42626366,-0.0127,-0.0068,0.2327,-0.0052,-0.0181,0.0118,-0.0288,0.0177,-0.0365,0.0433,0.4625,0.0113,-9.4618,3.3181,4.4352,-2.5344,4.0775,-0.6154
42631367,-0.0111,-0.0065,0.3427,0.0849,0.1095,0.0373,-0.0258,-0.0157,-0.0337,0.0440,0.5682,0.1379,-8.8376,2.4791,6.0349,-2.5763,4.0781,-0.5493
42636366,-0.0091,-0.0059,0.4175,0.1509,0.1407,0.0561,-0.0210,-0.0405,-0.0306,0.0451,0.6060,0.2265,-7.3936,1.0172,6.0871,-2.5795,4.0561,-0.5270
42641366,-0.0069,-0.0049,0.4334,0.1665,0.0307,0.0692,-0.0180,-0.0524,-0.0275,0.0464,0.6178,0.2639,-7.3936,0.0476,6.5855,-2.6239,4.0383,-0.4753
42646366,-0.0044,-0.0041,0.4520,0.1591,0.0347,0.0810,-0.0222,-0.0601,-0.0245,0.0477,0.6149,0.2588,-6.1199,0.0000,6.6832,-2.6257,4.0373,-0.4502
42651367,-0.0019,-0.0030,0.4704,0.2010,0.1776,0.0897,-0.0184,-0.0781,-0.0215,0.0493,0.5905,0.3051,-4.5694,-1.0844,5.8966,-2.6265,4.0143,-0.4234
42656365,0.0002,-0.0020,0.4145,0.2514,0.1062,0.0865,-0.0034,-0.0872,-0.0190,0.0510,0.5118,0.3577,-3.7388,-1.6524,5.4771,-2.6265,3.9968,-0.4130
42661365,0.0022,-0.0008,0.3516,0.2633,-0.1052,0.0838,0.0082,-0.0880,-0.0168,0.0529,0.4317,0.3696,-2.7421,-1.6524,5.4771,-2.6258,3.9868,-0.3767
42666366,0.0040,0.0007,0.3115,0.2908,-0.1699,0.0822,0.0192,-0.0949,-0.0150,0.0548,0.3678,0.3847,-1.7680,-1.6524,4.6496,-2.6160,3.9802,-0.3755
42671366,0.0052,0.0022,0.2034,0.2874,-0.0462,0.0605,0.0302,-0.0889,-0.0139,0.0566,0.2044,0.3510,0.4279,-1.6524,2.6161,-2.5754,3.9703,-0.3914
42676365,0.0060,0.0034,0.1097,0.2450,0.0872,0.0430,0.0321,-0.0784,-0.0135,0.0580,0.0984,0.2875,0.4279,-1.6524,1.2003,-2.5737,3.9637,-0.4132
42681365,0.0062,0.0045,0.0064,0.2379,0.1254,0.0207,0.0435,-0.0690,-0.0137,0.0593,-0.0440,0.2515,1.8385,-1.5423,-0.6347,-2.5391,3.9561,-0.4477
42686366,0.0062,0.0058,-0.0476,0.2489,0.1205,0.0102,0.0541,-0.0689,-0.0142,0.0605,-0.1003,0.2504,1.8385,-1.2673,-1.1718,-2.5317,3.9560,-0.4620
42691366,0.0059,0.0069,-0.0938,0.2624,0.0897,-0.0017,0.0649,-0.0666,-0.0150,0.0617,-0.1754,0.2358,2.9090,-0.9372,-2.7224,-2.4966,3.9561,-0.5063
42696366,0.0049,0.0079,-0.2376,0.2083,0.0552,-0.0327,0.0749,-0.0443,-0.0166,0.0625,-0.3174,0.1692,2.9090,-0.4107,-3.0360,-2.4850,3.9634,-0.5218
42701365,0.0037,0.0089,-0.2648,0.1720,0.0442,-0.0424,0.0738,-0.0330,-0.0184,0.0629,-0.3438,0.0803,2.9090,1.3942,-4.7516,-2.4675,4.0038,-0.5821
42706366,0.0024,0.0096,-0.2764,0.1145,-0.0285,-0.0490,0.0707,-0.0206,-0.0201,0.0630,-0.3512,0.0128,2.9090,1.9760,-4.8485,-2.4559,4.0214,-0.6004
42711367,0.0008,0.0100,-0.3152,0.0562,-0.1186,-0.0604,0.0679,-0.0029,-0.0220,0.0626,-0.3758,-0.0755,2.3166,3.2140,-5.6208,-2.4516,4.0618,-0.6522
42716366,-0.0008,0.0102,-0.3604,0.0312,-0.1266,-0.0746,0.0706,0.0089,-0.0240,0.0621,-0.4115,-0.1152,1.8858,3.8293,-5.9878,-2.4517,4.0890,-0.6790
42721366,-0.0025,0.0103,-0.3638,-0.0092,-0.0102,-0.0824,0.0645,0.0182,-0.0260,0.0612,-0.3990,-0.1742,1.4011,4.8844,-6.1831,-2.4515,4.1361,-0.7231
42726366,-0.0044,0.0102,-0.3680,-0.0428,0.1083,-0.0901,0.0596,0.0264,-0.0279,0.0601,-0.3747,-0.2173,0.0538,5.5173,-6.1831,-2.4748,4.1694,-0.7439
42731365,-0.0062,0.0096,-0.3451,-0.1255,0.1300,-0.0903,0.0443,0.0410,-0.0295,0.0586,-0.3138,-0.2909,-1.1832,6.1774,-4.9094,-2.5049,4.2173,-0.7552
42736366,-0.0078,0.0085,-0.3054,-0.2456,0.1288,-0.0868,0.0183,0.0635,-0.0307,0.0566,-0.2451,-0.4179,-2.6409,6.6421,-4.9094,-2.5416,4.2516,-0.7718
42741367,-0.0092,0.0068,-0.2902,-0.3699,0.2057,-0.0887,-0.0088,0.0896,-0.0317,0.0539,-0.2048,-0.5411,-3.7640,6.9330,-4.5436,-2.5830,4.2978,-0.7968
42746366,-0.0104,0.0047,-0.2856,-0.3968,0.1550,-0.0901,-0.0184,0.1026,-0.0326,0.0511,-0.1758,-0.5604,-4.7607,7.1008,-3.8642,-2.6190,4.3289,-0.7974
42751366,-0.0119,0.0027,-0.2651,-0.3830,0.1291,-0.0887,-0.0209,0.1047,-0.0332,0.0485,-0.1152,-0.5089,-5.8268,7.1008,-1.3385,-2.6722,4.3715,-0.7653
42756366,-0.0130,0.0007,-0.1973,-0.3729,0.0906,-0.0784,-0.0295,0.1044,-0.0333,0.0461,-0.0281,-0.4848,-6.5269,7.0481,-0.4524,-2.7111,4.3987,-0.7503
42761366,-0.0136,-0.0011,-0.0809,-0.3363,-0.0136,-0.0556,-0.0364,0.0925,-0.0328,0.0441,0.1053,-0.4058,-7.4098,5.7337,1.0741,-2.7704,4.4121,-0.7198
42766365,-0.0138,-0.0031,-0.0174,-0.3525,-0.1174,-0.0414,-0.0497,0.0957,-0.0319,0.0420,0.1888,-0.4047,-8.1409,5.5876,2.0867,-2.8163,4.4316,-0.6943
42771365,-0.0136,-0.0048,0.0101,-0.3827,-0.0282,-0.0351,-0.0642,0.1003,-0.0307,0.0400,0.2368,-0.4093,-8.9621,5.0925,3.3119,-2.8838,4.4548,-0.6512
42776366,-0.0134,-0.0065,0.0446,-0.2694,0.1679,-0.0294,-0.0557,0.0787,-0.0293,0.0386,0.2769,-0.2681,-9.2871,4.1573,4.2497,-2.9267,4.4547,-0.6191
42781367,-0.0129,-0.0076,0.0904,-0.1707,0.1297,-0.0181,-0.0457,0.0588,-0.0277,0.0380,0.3271,-0.1339,-9.3948,3.1121,5.5880,-2.9850,4.4555,-0.5600
42786366,-0.0123,-0.0082,0.1475,-0.0874,-0.0285,-0.0027,-0.0378,0.0416,-0.0257,0.0378,0.3822,-0.0360,-9.3948,2.5069,5.9538,-3.0226,4.4546,-0.5320
42791365,-0.0108,-0.0079,0.3372,0.0913,0.0970,0.0373,-0.0263,-0.0147,-0.0230,0.0387,0.5585,0.1907,-9.0656,0.4497,7.1197,-3.0712,4.4232,-0.4662
42796366,-0.0088,-0.0075,0.3726,0.1319,0.1556,0.0499,-0.0246,-0.0313,-0.0201,0.0400,0.5752,0.2456,-8.0495,-0.0974,7.5248,-3.0848,4.4125,-0.4334
42801365,-0.0065,-0.0068,0.4111,0.1423,0.0613,0.0673,-0.0263,-0.0434,-0.0170,0.0413,0.6085,0.2711,-7.7172,-0.5722,8.0628,-3.1263,4.4022,-0.3710
42806366,-0.0045,-0.0061,0.3955,0.1155,-0.0527,0.0717,-0.0272,-0.0425,-0.0142,0.0426,0.5662,0.2607,-6.7205,-1.6801,8.0628,-3.1346,4.3748,-0.3438
42811365,-0.0024,-0.0055,0.4062,0.1631,0.0158,0.0803,-0.0233,-0.0576,-0.0114,0.0441,0.5644,0.3020,-6.2098,-1.6801,7.6370,-3.1644,4.3647,-0.2986
42816366,-0.0003,-0.0047,0.4065,0.2101,0.1297,0.0853,-0.0178,-0.0725,-0.0087,0.0459,0.5401,0.3446,-5.0956,-1.8479,7.1667,-3.1647,4.3547,-0.2826
42821366,0.0016,-0.0036,0.3503,0.2639,0.0570,0.0803,-0.0006,-0.0818,-0.0065,0.0479,0.4453,0.4034,-3.7493,-2.9106,6.4468,-3.1642,4.3173,-0.2512
42826366,0.0033,-0.0021,0.3002,0.3201,-0.0945,0.0773,0.0173,-0.0910,-0.0046,0.0501,0.3661,0.4448,-2.5562,-2.9106,5.4499,-3.1536,4.3056,-0.2511
42831367,0.0049,-0.0004,0.2630,0.3396,-0.1113,0.0731,0.0274,-0.0963,-0.0032,0.0523,0.2854,0.4405,-0.7842,-2.8621,3.8993,-3.1265,4.2891,-0.2515
42836366,0.0055,0.0011,0.0800,0.2984,0.0946,0.0375,0.0387,-0.0798,-0.0027,0.0542,0.0985,0.3829,-0.6181,-2.3773,3.2901,-3.1259,4.2884,-0.2515
42841367,0.0056,0.0025,-0.0140,0.2834,0.1214,0.0188,0.0474,-0.0709,-0.0027,0.0559,-0.0077,0.3331,-0.4519,-1.7471,1.5834,-3.1259,4.2887,-0.2680
42846366,0.0054,0.0040,-0.0877,0.3057,0.1801,0.0001,0.0629,-0.0700,-0.0033,0.0575,-0.1195,0.3293,1.2301,-1.4077,0.1724,-3.0913,4.2892,-0.2932
42851366,0.0048,0.0054,-0.1222,0.3180,0.1669,-0.0105,0.0730,-0.0689,-0.0042,0.0591,-0.1783,0.3086,1.8719,-1.0684,-1.6990,-3.0678,4.2885,-0.3354
42856366,0.0040,0.0068,-0.1277,0.3158,-0.0594,-0.0119,0.0816,-0.0675,-0.0052,0.0605,-0.1840,0.2903,1.8719,-0.5388,-2.2506,-3.0603,4.2954,-0.3525
42861366,0.0037,0.0079,-0.0290,0.2196,-0.6513,0.0139,0.0653,-0.0542,-0.0055,0.0613,-0.0791,0.1570,1.8719,1.0627,-3.1333,-3.0491,4.3312,-0.3900
42866366,0.0033,0.0090,-0.0739,0.2187,-0.5288,0.0015,0.0715,-0.0527,-0.0062,0.0620,-0.1290,0.1334,1.8719,1.5375,-4.1820,-3.0416,4.3452,-0.4228
42871366,0.0038,0.0099,0.0843,0.1521,-0.1809,0.0307,0.0397,-0.0635,-0.0060,0.0621,0.0449,0.0290,1.4017,3.2459,-5.0120,-3.0412,4.3945,-0.4653
42876365,0.0036,0.0105,-0.0944,0.1307,-0.3691,-0.0018,0.0568,-0.0408,-0.0066,0.0621,-0.1297,-0.0126,1.1195,3.8788,-5.7320,-3.0418,4.4221,-0.5015
42881365,0.0033,0.0107,-0.0785,0.0205,-0.5594,0.0038,0.0390,-0.0213,-0.0071,0.0614,-0.1008,-0.1384,0.8374,4.8690,-5.7842,-3.0416,4.4687,-0.5355
42886366,0.0029,0.0107,-0.0925,-0.0394,-0.3767,-0.0028,0.0276,-0.0104,-0.0077,0.0603,-0.1102,-0.2130,0.6963,5.4886,-6.1500,-3.0413,4.5065,-0.5688
42891365,0.0025,0.0099,-0.0657,-0.1814,-0.1968,-0.0000,-0.0040,0.0116,-0.0080,0.0585,-0.0662,-0.3615,-0.3744,5.6341,-6.4406,-3.0596,4.5313,-0.6170
42896366,0.0023,0.0087,-0.0742,-0.2443,-0.2662,-0.0004,-0.0173,0.0279,-0.0083,0.0564,-0.0603,-0.4289,-1.1766,5.8280,-6.5510,-3.0796,4.5701,-0.6412
42901366,0.0021,0.0070,-0.0571,-0.2886,-0.4656,0.0050,-0.0291,0.0419,-0.0085,0.0540,-0.0367,-0.4671,-1.1766,5.9958,-5.9742,-3.0867,4.5974,-0.6725
42906365,0.0016,0.0054,-0.0767,-0.3155,-0.4848,-0.0001,-0.0348,0.0535,-0.0087,0.0516,-0.0508,-0.4752,-1.1766,5.6792,-5.0303,-3.0914,4.6269,-0.6723
42911366,0.0011,0.0036,-0.0678,-0.3497,-0.3104,-0.0026,-0.0480,0.0625,-0.0089,0.0492,-0.0420,-0.4937,-1.1766,5.1517,-4.5059,-3.0984,4.6375,-0.6922
42916367,0.0007,0.0016,-0.0446,-0.3757,-0.2057,-0.0013,-0.0616,0.0707,-0.0091,0.0466,-0.0213,-0.5153,-1.1766,4.8596,-4.5059,-3.1031,4.6624,-0.7074
42921366,0.0006,-0.0003,-0.0021,-0.3561,-0.2826,0.0075,-0.0658,0.0691,-0.0089,0.0443,0.0251,-0.4629,-1.1766,3.9833,-3.1768,-3.1090,4.6626,-0.7066
42926367,0.0005,-0.0021,0.0006,-0.3060,-0.4720,0.0107,-0.0592,0.0666,-0.0088,0.0424,0.0312,-0.3765,-1.1766,2.9611,-1.7610,-3.1161,4.6628,-0.6868
42931366,0.0006,-0.0032,0.0092,-0.1600,-0.3132,0.0107,-0.0401,0.0414,-0.0086,0.0414,0.0442,-0.2068,-1.1766,2.4256,-0.7122,-3.1208,4.6628,-0.6723
42936366,0.0006,-0.0038,0.0226,-0.0889,-0.2161,0.0106,-0.0302,0.0278,-0.0084,0.0409,0.0386,-0.1029,-1.0659,0.3316,-0.6074,-3.1256,4.6303,-0.6724
42941366,0.0006,-0.0042,0.0458,-0.0770,-0.3007,0.0176,-0.0290,0.0230,-0.0080,0.0406,0.0770,-0.0533,-0.8997,0.1206,1.7101,-3.1262,4.6268,-0.6242
42946365,0.0008,-0.0045,0.0663,-0.0342,-0.4317,0.0235,-0.0232,0.0163,-0.0075,0.0405,0.0937,-0.0105,-0.6782,0.1206,1.7101,-3.1264,4.6275,-0.6184
42951366,0.0012,-0.0046,0.0883,0.0305,-0.4684,0.0301,-0.0137,0.0016,-0.0069,0.0409,0.1184,0.0792,-0.5121,-0.3915,2.8725,-3.1255,4.6177,-0.5806
42956366,0.0017,-0.0043,0.1106,0.1133,-0.4036,0.0316,0.0008,-0.0170,-0.0065,0.0419,0.0884,0.1878,1.6579,-2.1255,2.8725,-3.0804,4.5738,-0.5709
42961366,0.0021,-0.0034,0.0910,0.2269,-0.3450,0.0286,0.0234,-0.0387,-0.0061,0.0434,0.0665,0.3038,1.8719,-2.1255,3.0293,-3.0687,4.5653,-0.5487
42966367,0.0025,-0.0021,0.1084,0.2914,-0.3666,0.0338,0.0365,-0.0562,-0.0057,0.0452,0.0844,0.3690,1.8719,-2.1255,3.0815,-3.0575,4.5525,-0.5373
42971366,0.0030,-0.0004,0.1161,0.3286,-0.4042,0.0377,0.0475,-0.0697,-0.0053,0.0473,0.0921,0.4062,1.8719,-2.1255,3.0815,-3.0500,4.5440,-0.5169
42976366,0.0035,0.0013,0.0950,0.2984,-0.4005,0.0359,0.0486,-0.0691,-0.0049,0.0491,0.0764,0.3709,1.7308,-1.7861,3.0815,-3.0417,4.5386,-0.5064
42981365,0.0039,0.0028,0.0709,0.2724,-0.3798,0.0329,0.0473,-0.0656,-0.0046,0.0506,0.0565,0.2957,1.4487,-0.1715,1.3936,-3.0410,4.5666,-0.5232
42986367,0.0041,0.0041,0.0663,0.2382,-0.3379,0.0325,0.0435,-0.0631,-0.0043,0.0518,0.0517,0.2315,1.0725,0.4475,0.0000,-3.0411,4.5811,-0.5480
42991366,0.0044,0.0052,0.0690,0.2172,-0.3306,0.0338,0.0428,-0.0640,-0.0041,0.0528,0.0519,0.2032,0.9785,0.4475,-0.4843,-3.0390,4.5829,-0.5580
42996367,0.0048,0.0063,0.0791,0.1787,-0.3758,0.0382,0.0357,-0.0595,-0.0037,0.0534,0.0666,0.1207,0.9785,2.1885,-1.6951,-3.0332,4.6239,-0.5904
43001365,0.0052,0.0070,0.0837,0.1295,-0.4354,0.0407,0.0285,-0.0525,-0.0034,0.0536,0.0610,0.0479,0.9785,2.3954,-3.0743,-3.0292,4.6374,-0.6275
43006367,0.0056,0.0075,0.0550,0.0654,-0.4879,0.0367,0.0215,-0.0394,-0.0033,0.0535,0.0234,-0.0308,1.9363,3.3203,-3.1267,-3.0033,4.6747,-0.6470
43011366,0.0057,0.0078,0.0147,0.0421,-0.5078,0.0298,0.0207,-0.0310,-0.0034,0.0531,-0.0189,-0.0821,2.0490,4.2555,-4.0706,-2.9928,4.7082,-0.6810
43016367,0.0058,0.0079,-0.0159,-0.0034,-0.5126,0.0237,0.0159,-0.0200,-0.0037,0.0524,-0.0554,-0.1378,2.0490,4.2555,-4.7541,-2.9805,4.7337,-0.7214
43021366,0.0057,0.0071,-0.0205,-0.1707,-0.4326,0.0211,-0.0154,0.0109,-0.0040,0.0508,-0.0625,-0.3154,2.3183,4.7203,-4.9756,-2.9669,4.7612,-0.7449
43026366,0.0057,0.0058,0.0140,-0.2844,-0.4042,0.0265,-0.0422,0.0312,-0.0042,0.0486,-0.0419,-0.4309,2.9645,4.6233,-5.1971,-2.9367,4.7876,-0.7804
43031366,0.0058,0.0041,0.0211,-0.3803,-0.4103,0.0284,-0.0647,0.0520,-0.0044,0.0460,-0.0356,-0.5193,2.9645,4.3324,-4.9881,-2.9248,4.7993,-0.7970
43036366,0.0060,0.0020,0.0308,-0.4389,-0.4357,0.0317,-0.0821,0.0672,-0.0045,0.0432,-0.0220,-0.5687,3.0574,4.3324,-4.3610,-2.9049,4.8253,-0.8115
43041366,0.0062,-0.0003,0.0150,-0.4780,-0.4317,0.0287,-0.0944,0.0823,-0.0047,0.0402,-0.0437,-0.5977,3.0574,3.6612,-4.3610,-2.8927,4.8281,-0.8289
43046366,0.0061,-0.0029,0.0089,-0.4762,-0.3990,0.0267,-0.1010,0.0896,-0.0050,0.0374,-0.0520,-0.5680,3.1681,2.7104,-3.4408,-2.8720,4.8281,-0.8344
43051365,0.0061,-0.0053,-0.0089,-0.4380,-0.3844,0.0231,-0.0989,0.0905,-0.0053,0.0349,-0.0670,-0.4880,3.1681,1.4686,-1.8806,-2.8593,4.8121,-0.8141
43056366,0.0061,-0.0074,-0.0089,-0.3693,-0.3538,0.0225,-0.0926,0.0837,-0.0057,0.0330,-0.0689,-0.3819,3.1681,0.1111,-0.7308,-2.8403,4.7881,-0.7974
43061366,0.0060,-0.0091,-0.0021,-0.2844,-0.3104,0.0224,-0.0832,0.0727,-0.0060,0.0317,-0.0713,-0.2680,3.2216,-1.3426,-0.2386,-2.8265,4.7571,-0.7900
43066367,0.0059,-0.0104,-0.0021,-0.1943,-0.4207,0.0241,-0.0685,0.0606,-0.0063,0.0310,-0.0625,-0.1383,3.2216,-2.1509,1.6060,-2.8072,4.7312,-0.7477
43071366,0.0058,-0.0113,-0.0296,-0.1316,-0.4760,0.0194,-0.0555,0.0544,-0.0068,0.0308,-0.0863,-0.0398,3.2216,-3.1411,3.0219,-2.7943,4.7000,-0.7105
43076365,0.0056,-0.0116,-0.0412,-0.0101,-0.4763,0.0168,-0.0328,0.0343,-0.0072,0.0314,-0.0912,0.1171,2.8454,-4.3094,4.2243,-2.7840,4.6536,-0.6643
43081366,0.0054,-0.0113,-0.0464,0.1133,-0.4308,0.0142,-0.0095,0.0119,-0.0077,0.0327,-0.0975,0.2605,2.8454,-5.0480,4.8312,-2.7726,4.6199,-0.6349
43086368,0.0050,-0.0105,-0.0608,0.2074,-0.3599,0.0092,0.0117,-0.0072,-0.0082,0.0346,-0.1090,0.3812,2.8454,-5.7752,5.8886,-2.7555,4.5740,-0.5820
43091366,0.0045,-0.0092,-0.0648,0.2593,-0.3150,0.0068,0.0259,-0.0207,-0.0088,0.0368,-0.1031,0.4402,2.5074,-5.7752,6.3590,-2.7513,4.5509,-0.5488
43096366,0.0043,-0.0076,-0.0483,0.2798,-0.3159,0.0097,0.0336,-0.0312,-0.0091,0.0391,-0.0769,0.4658,1.8313,-6.0660,6.4113,-2.7519,4.5090,-0.5093
43101365,0.0040,-0.0063,-0.0226,0.3002,-0.3691,0.0149,0.0394,-0.0401,-0.0094,0.0415,-0.0422,0.4755,1.7186,-5.2915,6.4666,-2.7473,4.5013,-0.4824
43106367,0.0039,-0.0049,-0.0012,0.3131,-0.4247,0.0191,0.0440,-0.0467,-0.0095,0.0438,-0.0222,0.4690,1.7186,-4.7235,5.7343,-2.7369,4.4836,-0.4592
43111366,0.0038,-0.0034,0.0226,0.3445,-0.3169,0.0214,0.0502,-0.0595,-0.0095,0.0463,-0.0076,0.4844,1.7186,-4.7235,4.6602,-2.7301,4.4648,-0.4599
43116366,0.0041,-0.0016,0.0779,0.4044,-0.3062,0.0339,0.0586,-0.0807,-0.0092,0.0489,0.0574,0.5231,1.7186,-3.4504,4.5137,-2.7198,4.4641,-0.4356
43121366,0.0045,0.0005,0.0852,0.3824,-0.3596,0.0384,0.0588,-0.0835,-0.0088,0.0512,0.0768,0.4725,1.7186,-1.7981,4.2515,-2.7129,4.4865,-0.4230
43126365,0.0050,0.0022,0.0922,0.3143,-0.3923,0.0412,0.0493,-0.0755,-0.0085,0.0530,0.0725,0.3540,1.7186,-0.7653,1.9044,-2.7026,4.5010,-0.4513
43131365,0.0055,0.0034,0.1112,0.2147,-0.3392,0.0463,0.0322,-0.0654,-0.0080,0.0542,0.0902,0.2362,1.7186,-0.2226,1.2209,-2.6957,4.5094,-0.4593
43136367,0.0062,0.0043,0.1353,0.1692,-0.2610,0.0525,0.0204,-0.0629,-0.0075,0.0549,0.1138,0.1469,1.7186,1.2120,-0.2769,-2.6854,4.5421,-0.4840
43141365,0.0070,0.0049,0.1552,0.1646,-0.2906,0.0592,0.0170,-0.0651,-0.0068,0.0555,0.1228,0.1157,2.4149,2.1629,-1.1076,-2.6636,4.5669,-0.5042
43146366,0.0079,0.0055,0.1448,0.1741,-0.3938,0.0616,0.0200,-0.0665,-0.0063,0.0560,0.1077,0.1021,2.4149,2.6663,-2.1528,-2.6491,4.5927,-0.5330
43151366,0.0086,0.0063,0.1167,0.1423,-0.3614,0.0576,0.0179,-0.0616,-0.0060,0.0563,0.0640,0.0554,3.2456,3.0883,-2.7277,-2.6206,4.6120,-0.5550
43156367,0.0092,0.0068,0.0919,0.0800,-0.1910,0.0515,0.0075,-0.0517,-0.0059,0.0561,0.0222,-0.0315,3.9943,3.6686,-3.7932,-2.5855,4.6452,-0.5975
43161366,0.0096,0.0062,0.0712,-0.1573,-0.3166,0.0498,-0.0319,-0.0058,-0.0059,0.0547,-0.0104,-0.2826,4.3152,3.7660,-4.6207,-2.5620,4.6618,-0.6309
43166367,0.0099,0.0050,0.0699,-0.2489,-0.4241,0.0515,-0.0499,0.0147,-0.0060,0.0528,-0.0217,-0.3750,4.9265,3.8147,-4.6207,-2.5210,4.6856,-0.6586
43171366,0.0102,0.0034,0.0916,-0.2923,-0.3422,0.0548,-0.0664,0.0248,-0.0061,0.0507,-0.0143,-0.4246,5.5463,3.8147,-5.0402,-2.4869,4.7009,-0.6868
43176366,0.0109,0.0017,0.0922,-0.3195,-0.1745,0.0540,-0.0790,0.0317,-0.0063,0.0485,-0.0341,-0.4431,6.1925,2.9895,-5.2843,-2.4391,4.7052,-0.7226
43181365,0.0114,0.0000,0.0690,-0.3461,-0.1397,0.0503,-0.0875,0.0426,-0.0066,0.0462,-0.0685,-0.4615,6.5639,2.4394,-5.2843,-2.4063,4.7051,-0.7437
43186367,0.0117,-0.0017,0.0116,-0.3561,-0.2955,0.0422,-0.0865,0.0556,-0.0073,0.0440,-0.1278,-0.4453,6.8961,1.7792,-4.1767,-2.3593,4.7046,-0.7506
43191366,0.0118,-0.0036,-0.0177,-0.3656,-0.3743,0.0378,-0.0896,0.0662,-0.0081,0.0418,-0.1614,-0.4355,7.2705,1.2608,-3.4014,-2.3239,4.7007,-0.7503
43196367,0.0117,-0.0057,-0.0330,-0.3754,-0.2515,0.0317,-0.0952,0.0731,-0.0090,0.0398,-0.1887,-0.4023,7.4116,-0.7302,-2.5153,-2.2772,4.6617,-0.7503
43201365,0.0114,-0.0078,-0.0382,-0.3687,-0.1174,0.0276,-0.1008,0.0777,-0.0100,0.0379,-0.1985,-0.3795,7.5806,-1.3633,-2.0723,-2.2440,4.6456,-0.7506
43206365,0.0111,-0.0093,-0.0779,-0.2349,-0.3483,0.0223,-0.0742,0.0653,-0.0112,0.0368,-0.2317,-0.2124,7.5806,-2.1019,-0.5748,-2.1985,4.6189,-0.7300
43211366,0.0105,-0.0100,-0.1555,-0.1014,-0.4366,0.0057,-0.0422,0.0533,-0.0127,0.0366,-0.3122,-0.0422,7.5806,-3.5002,0.4882,-2.1682,4.5805,-0.7081
43216367,0.0095,-0.0103,-0.2162,-0.0034,-0.3761,-0.0098,-0.0178,0.0420,-0.0145,0.0371,-0.3607,0.0938,7.1164,-4.5258,2.0089,-2.1343,4.5374,-0.6694
43221365,0.0082,-0.0103,-0.2740,0.0483,-0.2805,-0.0259,-0.0021,0.0387,-0.0165,0.0379,-0.4011,0.1600,6.2857,-4.8356,2.6709,-2.1239,4.5130,-0.6477
43226367,0.0066,-0.0098,-0.3305,0.0751,-0.2738,-0.0423,0.0140,0.0388,-0.0188,0.0389,-0.4478,0.2147,6.2857,-5.1970,4.1764,-2.0862,4.4747,-0.5969
43231366,0.0049,-0.0093,-0.3335,0.0938,-0.3144,-0.0483,0.0238,0.0366,-0.0210,0.0402,-0.4370,0.2465,5.5370,-5.5821,4.6684,-2.0769,4.4454,-0.5690
43236366,0.0031,-0.0088,-0.3247,0.1335,-0.3349,-0.0510,0.0343,0.0295,-0.0229,0.0417,-0.3965,0.2949,4.0930,-5.4848,5.3478,-2.0770,4.4139,-0.5239
43241366,0.0016,-0.0081,-0.2914,0.1891,-0.2924,-0.0496,0.0444,0.0164,-0.0246,0.0434,-0.3401,0.3494,3.3442,-4.8519,5.9016,-2.0771,4.4063,-0.4902
43246366,0.0003,-0.0070,-0.2318,0.2450,-0.2188,-0.0429,0.0529,-0.0016,-0.0259,0.0454,-0.2624,0.4096,2.4885,-4.7992,6.2434,-2.0768,4.3782,-0.4471
43251366,-0.0007,-0.0056,-0.1594,0.3109,-0.1510,-0.0324,0.0617,-0.0235,-0.0268,0.0478,-0.1722,0.4654,2.0072,-3.9023,6.4531,-2.0774,4.3787,-0.4177
43256366,-0.0010,-0.0039,-0.0345,0.3592,-0.2604,-0.0069,0.0637,-0.0468,-0.0269,0.0502,-0.0275,0.4938,1.5258,-2.5714,6.4531,-2.0764,4.3852,-0.3790
43261366,-0.0009,-0.0021,0.0614,0.3473,-0.3220,0.0138,0.0562,-0.0576,-0.0265,0.0525,0.0803,0.4463,1.2049,-1.0136,5.6257,-2.0774,4.4091,-0.3715
43266365,-0.0003,-0.0005,0.1478,0.3290,-0.2799,0.0328,0.0480,-0.0701,-0.0257,0.0546,0.1761,0.4214,0.8841,-0.5755,5.6257,-2.0774,4.4136,-0.3377
43271366,0.0008,0.0010,0.2642,0.3149,-0.2998,0.0606,0.0352,-0.0843,-0.0242,0.0564,0.2994,0.3727,0.7236,0.8252,4.7054,-2.0773,4.4410,-0.3352
43276367,0.0024,0.0026,0.3351,0.2941,-0.3837,0.0815,0.0265,-0.0932,-0.0223,0.0581,0.3683,0.3240,0.5632,1.4853,3.4946,-2.0767,4.4625,-0.3350
43281366,0.0045,0.0040,0.3803,0.2841,-0.4262,0.0998,0.0196,-0.1030,-0.0202,0.0595,0.4207,0.2860,0.4562,2.7246,2.8650,-2.0768,4.4950,-0.3349
43286367,0.0065,0.0053,0.3592,0.2462,-0.3926,0.1027,0.0136,-0.1013,-0.0183,0.0606,0.3917,0.2177,0.3492,3.1767,1.2774,-2.0766,4.5219,-0.3529
43291365,0.0082,0.0063,0.3293,0.1729,-0.2313,0.1013,0.0007,-0.0931,-0.0165,0.0612,0.3557,0.1166,0.3492,3.7585,0.0000,-2.0752,4.5481,-0.3762
43296367,0.0099,0.0070,0.3207,0.1090,-0.1015,0.1027,-0.0117,-0.0872,-0.0149,0.0614,0.3242,0.0395,1.2426,3.7585,-0.8914,-2.0542,4.5707,-0.3950
43301366,0.0116,0.0069,0.3735,-0.0342,-0.2778,0.1199,-0.0430,-0.0663,-0.0131,0.0607,0.3473,-0.1332,2.2576,4.0382,-2.5821,-2.0270,4.5923,-0.4356
43306367,0.0134,0.0064,0.3503,-0.1219,-0.3605,0.1203,-0.0594,-0.0470,-0.0117,0.0595,0.2809,-0.2431,4.0258,4.0382,-4.0701,-1.9726,4.6165,-0.4855
43311365,0.0150,0.0055,0.2828,-0.1842,-0.3086,0.1106,-0.0693,-0.0295,-0.0108,0.0579,0.1814,-0.3098,5.4761,3.7744,-4.6239,-1.9245,4.6272,-0.5147
43316367,0.0163,0.0042,0.2199,-0.2602,-0.2209,0.0993,-0.0822,-0.0087,-0.0104,0.0560,0.0751,-0.3834,7.0723,2.7720,-5.4601,-1.8548,4.6268,-0.5621
43321366,0.0172,0.0028,0.1564,-0.3112,-0.2970,0.0890,-0.0892,0.0116,-0.0106,0.0538,-0.0230,-0.4368,8.5263,2.2972,-6.0897,-1.7945,4.6275,-0.5984
43326367,0.0176,0.0009,0.1072,-0.3170,-0.4170,0.0799,-0.0897,0.0257,-0.0111,0.0516,-0.1107,-0.4414,10.2195,1.7168,-6.5862,-1.7049,4.6278,-0.6468
43331365,0.0181,-0.0009,0.0797,-0.3134,-0.3624,0.0735,-0.0914,0.0318,-0.0120,0.0496,-0.1705,-0.4096,11.2076,-0.1119,-6.5338,-1.6423,4.5941,-0.6721
43336367,0.0186,-0.0025,0.0522,-0.2917,-0.2008,0.0654,-0.0911,0.0333,-0.0131,0.0477,-0.2334,-0.3682,12.7053,-1.3312,-6.4289,-1.5410,4.5649,-0.7086
43341366,0.0189,-0.0040,0.0064,-0.3063,-0.0963,0.0556,-0.0935,0.0416,-0.0146,0.0460,-0.2871,-0.3496,13.2124,-2.3978,-5.2571,-1.4790,4.5355,-0.7085
43346368,0.0188,-0.0055,-0.0596,-0.3033,-0.3666,0.0438,-0.0862,0.0564,-0.0165,0.0443,-0.3826,-0.3281,14.3543,-3.5855,-5.2083,-1.3732,4.4935,-0.7388
43351366,0.0179,-0.0068,-0.2083,-0.2184,-0.3550,0.0110,-0.0593,0.0619,-0.0192,0.0432,-0.5393,-0.2259,14.6752,-4.3006,-4.7653,-1.3089,4.4643,-0.7504
43356367,0.0166,-0.0075,-0.2779,-0.0794,-0.2087,-0.0096,-0.0286,0.0462,-0.0222,0.0430,-0.6127,-0.0516,14.9290,-5.4519,-3.5469,-1.2147,4.4130,-0.7508
43361365,0.0149,-0.0075,-0.3613,0.0458,-0.1095,-0.0335,0.0032,0.0345,-0.0257,0.0434,-0.6929,0.0891,14.8900,-5.8212,-2.8824,-1.1557,4.3836,-0.7504
43366367,0.0128,-0.0069,-0.4746,0.1545,-0.1321,-0.0620,0.0402,0.0269,-0.0296,0.0446,-0.7852,0.2293,14.4489,-6.0914,-1.0431,-1.0765,4.3424,-0.7265
43371366,0.0102,-0.0059,-0.5559,0.2101,-0.2289,-0.0853,0.0677,0.0263,-0.0339,0.0461,-0.8483,0.3054,13.6919,-6.4829,-0.0667,-1.0355,4.3088,-0.7085
43376366,0.0075,-0.0048,-0.5660,0.2022,-0.2735,-0.0949,0.0759,0.0295,-0.0380,0.0476,-0.8249,0.2973,11.9351,-6.2890,0.1049,-0.9928,4.2743,-0.7058
43381366,0.0043,-0.0038,-0.6008,0.2049,-0.2637,-0.1124,0.0899,0.0326,-0.0422,0.0492,-0.8331,0.3213,11.2026,-6.1857,1.6256,-0.9620,4.2512,-0.6717
43386366,0.0012,-0.0028,-0.6032,0.2187,-0.2509,-0.1218,0.0984,0.0330,-0.0461,0.0507,-0.7837,0.3113,8.9946,-4.5850,1.6256,-0.9445,4.2512,-0.6619
43391366,-0.0018,-0.0018,-0.5727,0.2434,-0.2475,-0.1251,0.1069,0.0277,-0.0497,0.0523,-0.7163,0.3238,7.2713,-3.7588,1.6256,-0.9463,4.2511,-0.6554
43396367,-0.0041,-0.0007,-0.4276,0.2263,-0.2332,-0.1021,0.0956,0.0154,-0.0522,0.0538,-0.5110,0.2981,5.1710,-2.0726,2.7289,-0.9515,4.2664,-0.6209
43401365,-0.0062,0.0002,-0.3995,0.1509,-0.2277,-0.1031,0.0850,0.0268,-0.0545,0.0548,-0.4550,0.2018,4.2554,-0.6667,2.7289,-0.9510,4.2892,-0.6100
43406368,-0.0079,0.0008,-0.2984,0.1310,-0.2545,-0.0848,0.0742,0.0204,-0.0559,0.0557,-0.2873,0.1637,1.7300,1.2865,3.4554,-0.9829,4.3283,-0.5768
43411366,-0.0091,0.0014,-0.2049,0.1087,-0.2573,-0.0699,0.0645,0.0153,-0.0568,0.0563,-0.1717,0.1366,0.6031,1.6062,3.4554,-1.0016,4.3401,-0.5630
43416367,-0.0097,0.0018,-0.0889,0.0980,-0.2252,-0.0467,0.0502,0.0051,-0.0568,0.0568,-0.0063,0.0998,-1.1755,3.5702,3.6644,-1.0370,4.3955,-0.5375
43421366,-0.0097,0.0022,0.0202,0.0974,-0.2188,-0.0253,0.0401,-0.0064,-0.0563,0.0573,0.1129,0.0872,-1.3636,4.3744,3.6644,-1.0462,4.4278,-0.5229
43426367,-0.0092,0.0026,0.1350,0.0794,-0.2387,0.0016,0.0239,-0.0164,-0.0549,0.0575,0.2614,0.0460,-2.5937,5.8776,3.6090,-1.0839,4.4890,-0.5020
43431366,-0.0081,0.0029,0.2071,0.0919,-0.2927,0.0209,0.0167,-0.0264,-0.0533,0.0577,0.3347,0.0366,-2.5937,6.6754,2.9445,-1.0943,4.5300,-0.5021
43436367,-0.0067,0.0032,0.2361,0.1063,-0.2658,0.0333,0.0121,-0.0352,-0.0513,0.0578,0.3844,0.0265,-3.7566,7.5331,2.1692,-1.1382,4.5899,-0.5022
43441365,-0.0052,0.0036,0.2688,0.1081,-0.1770,0.0446,0.0054,-0.0431,-0.0493,0.0579,0.4179,0.0155,-3.7566,8.0079,1.7815,-1.1532,4.6300,-0.5020
43446367,-0.0037,0.0039,0.3158,0.0574,-0.1425,0.0582,-0.0099,-0.0428,-0.0470,0.0577,0.4540,-0.0448,-3.2459,8.2026,1.3385,-1.1648,4.6824,-0.5015
43451366,-0.0020,0.0041,0.3555,0.0064,-0.1553,0.0719,-0.0247,-0.0413,-0.0446,0.0572,0.4805,-0.0992,-2.6424,8.1476,1.0616,-1.1644,4.7140,-0.5022
43456365,0.0001,0.0040,0.3836,-0.0501,-0.1721,0.0842,-0.0400,-0.0376,-0.0421,0.0564,0.4888,-0.1507,-1.9460,7.5279,0.7847,-1.1643,4.7501,-0.5021
43461366,0.0022,0.0036,0.4093,-0.0898,-0.1354,0.0967,-0.0545,-0.0370,-0.0396,0.0555,0.5048,-0.1867,-1.6210,7.1665,0.6739,-1.1649,4.7717,-0.5014
43466365,0.0043,0.0029,0.4096,-0.0977,-0.1150,0.1012,-0.0601,-0.0367,-0.0373,0.0546,0.4572,-0.1791,0.4743,5.9545,0.5078,-1.1253,4.7882,-0.5013
43471366,0.0064,0.0022,0.3812,-0.1613,-0.2045,0.1024,-0.0724,-0.0221,-0.0354,0.0534,0.3942,-0.2500,1.1161,4.8394,-1.0975,-1.1101,4.7875,-0.5336
43476365,0.0082,0.0013,0.3403,-0.2043,-0.2790,0.0987,-0.0788,-0.0092,-0.0339,0.0519,0.3001,-0.2837,3.2589,3.5790,-1.7246,-1.0538,4.7875,-0.5560
43481365,0.0098,0.0000,0.2862,-0.2483,-0.3279,0.0934,-0.0863,0.0054,-0.0328,0.0503,0.2189,-0.3183,4.5179,2.9487,-1.7246,-1.0134,4.7880,-0.5629
43486366,0.0113,-0.0014,0.2553,-0.2761,-0.3514,0.0911,-0.0933,0.0157,-0.0320,0.0487,0.1514,-0.3315,6.1510,1.9602,-1.7246,-0.9495,4.7834,-0.5732
43491366,0.0121,-0.0028,0.1768,-0.2324,-0.1892,0.0747,-0.0841,0.0167,-0.0318,0.0474,0.0423,-0.2632,7.0974,0.3078,-1.7246,-0.9039,4.7550,-0.5801
43496367,0.0130,-0.0038,0.1405,-0.1808,-0.0960,0.0675,-0.0760,0.0121,-0.0319,0.0464,-0.0289,-0.1912,8.7265,-0.7702,-1.4340,-0.8239,4.7330,-0.5841
43501366,0.0138,-0.0047,0.0977,-0.1600,-0.0343,0.0598,-0.0714,0.0129,-0.0324,0.0457,-0.0925,-0.1488,9.4504,-1.9805,-1.1919,-0.7730,4.7027,-0.5845
43506367,0.0139,-0.0055,-0.0079,-0.1378,-0.0637,0.0385,-0.0577,0.0216,-0.0335,0.0452,-0.2259,-0.1011,10.5499,-3.3435,-0.8528,-0.6907,4.6600,-0.5839
43511366,0.0137,-0.0063,-0.0822,-0.1188,-0.1898,0.0239,-0.0469,0.0303,-0.0351,0.0448,-0.3130,-0.0714,11.0785,-3.9238,-0.7075,-0.6367,4.6347,-0.5841
43516367,0.0131,-0.0068,-0.1500,-0.0519,-0.2393,0.0082,-0.0283,0.0293,-0.0371,0.0448,-0.3908,0.0023,11.6209,-4.1876,-0.5138,-0.5574,4.6044,-0.5839
43521366,0.0121,-0.0068,-0.2107,0.0626,-0.1962,-0.0083,-0.0008,0.0166,-0.0393,0.0455,-0.4581,0.1299,11.7619,-4.8588,-0.3124,-0.5077,4.5729,-0.5818
43526366,0.0110,-0.0063,-0.2694,0.1286,-0.1067,-0.0239,0.0197,0.0083,-0.0418,0.0466,-0.4983,0.2236,11.3825,-5.1012,1.3065,-0.4453,4.5388,-0.5448
43531366,0.0095,-0.0054,-0.3286,0.1759,-0.1009,-0.0406,0.0391,0.0053,-0.0446,0.0479,-0.5487,0.2711,10.8718,-5.1012,1.3065,-0.4103,4.5184,-0.5396
43536366,0.0076,-0.0044,-0.3858,0.1640,-0.1800,-0.0559,0.0490,0.0138,-0.0475,0.0492,-0.5780,0.2500,9.5696,-4.4816,1.3065,-0.3733,4.5011,-0.5318
43541366,0.0055,-0.0035,-0.4023,0.1732,-0.1730,-0.0671,0.0584,0.0153,-0.0504,0.0504,-0.5855,0.2469,9.4589,-3.6554,1.3065,-0.3377,4.5014,-0.5265
43546367,0.0035,-0.0028,-0.3919,0.1897,-0.1040,-0.0703,0.0634,0.0110,-0.0530,0.0517,-0.5278,0.2555,7.4266,-2.6743,1.7496,-0.3265,4.5020,-0.5096
43551366,0.0016,-0.0018,-0.3537,0.2101,-0.0664,-0.0689,0.0687,0.0028,-0.0553,0.0531,-0.4592,0.2749,6.0895,-2.2096,2.1372,-0.3263,4.5015,-0.4935
43556367,0.0000,-0.0008,-0.2758,0.2049,-0.0652,-0.0596,0.0663,-0.0041,-0.0572,0.0544,-0.3748,0.2613,5.9955,-1.6416,2.1372,-0.2917,4.5014,-0.4807
43561366,-0.0013,0.0001,-0.2275,0.1604,-0.0844,-0.0526,0.0576,-0.0018,-0.0587,0.0554,-0.2922,0.2014,4.5156,-0.6140,2.1372,-0.2999,4.5168,-0.4722
43566366,-0.0022,0.0007,-0.1906,0.0977,-0.1308,-0.0448,0.0456,0.0043,-0.0597,0.0560,-0.2027,0.1268,2.1624,0.4848,2.4302,-0.3273,4.5404,-0.4526
43571366,-0.0029,0.0010,-0.1035,0.0513,-0.1840,-0.0284,0.0301,0.0054,-0.0602,0.0563,-0.0947,0.0554,1.7880,2.1628,2.4302,-0.3269,4.5793,-0.4429
43576367,-0.0033,0.0012,-0.0586,0.0785,-0.2081,-0.0201,0.0311,-0.0030,-0.0603,0.0567,-0.0361,0.0732,1.3066,2.7959,2.4302,-0.3272,4.6054,-0.4283
43581366,-0.0027,0.0014,0.1506,0.0342,-0.1987,0.0230,0.0014,-0.0167,-0.0594,0.0567,0.1823,0.0132,1.0927,3.6400,2.2204,-0.3267,4.6359,-0.4230
43586367,-0.0015,0.0015,0.2630,0.0049,-0.1632,0.0497,-0.0179,-0.0255,-0.0579,0.0566,0.3034,-0.0280,0.8253,4.2728,2.0631,-0.3264,4.6723,-0.4137
43591365,0.0002,0.0012,0.3277,-0.0770,-0.1232,0.0686,-0.0426,-0.0213,-0.0561,0.0560,0.3709,-0.1099,0.6649,4.2728,2.0631,-0.3267,4.6894,-0.4054
43596367,0.0022,0.0007,0.3457,-0.1032,-0.1189,0.0804,-0.0554,-0.0204,-0.0541,0.0553,0.3954,-0.1428,0.5044,4.7129,2.0631,-0.3265,4.7259,-0.3931
43601366,0.0041,-0.0002,0.3583,-0.1341,-0.1079,0.0905,-0.0690,-0.0174,-0.0520,0.0545,0.4098,-0.1738,0.3974,4.7129,2.0631,-0.3269,4.7448,-0.3848
43606366,0.0057,-0.0011,0.3619,-0.1411,-0.0444,0.0963,-0.0765,-0.0182,-0.0500,0.0536,0.4044,-0.1687,0.3440,3.7318,1.8976,-0.3259,4.7510,-0.3759
43611366,0.0076,-0.0020,0.3800,-0.1185,0.0084,0.1060,-0.0811,-0.0252,-0.0479,0.0529,0.4134,-0.1402,0.3440,3.0089,1.5666,-0.3245,4.7500,-0.3755
43616366,0.0095,-0.0027,0.3534,-0.1008,-0.0414,0.1065,-0.0796,-0.0253,-0.0462,0.0523,0.3517,-0.1168,1.8016,2.2344,1.1805,-0.2905,4.7503,-0.3752
43621366,0.0113,-0.0031,0.3054,-0.0654,-0.1244,0.1018,-0.0714,-0.0256,-0.0449,0.0519,0.2564,-0.0822,2.9285,0.6424,-0.4719,-0.2595,4.7246,-0.4061
43626367,0.0127,-0.0034,0.2428,-0.0217,-0.0823,0.0916,-0.0605,-0.0279,-0.0441,0.0517,0.1496,-0.0358,4.6129,-0.3301,-1.2585,-0.2043,4.7040,-0.4286
43631365,0.0139,-0.0036,0.1918,-0.0315,-0.1003,0.0843,-0.0577,-0.0228,-0.0438,0.0516,0.0670,-0.0245,5.7419,-1.7418,-1.2585,-0.1609,4.6720,-0.4336
43636365,0.0147,-0.0039,0.1145,-0.0308,-0.1794,0.0708,-0.0491,-0.0148,-0.0441,0.0516,-0.0481,-0.0055,7.3251,-2.9754,-1.2585,-0.0901,4.6339,-0.4412
43641366,0.0150,-0.0042,0.0235,-0.0171,-0.2326,0.0538,-0.0379,-0.0071,-0.0448,0.0517,-0.1588,0.0113,8.3578,-3.1864,-1.2585,-0.0381,4.6170,-0.4462
43646367,0.0148,-0.0041,-0.0880,0.0458,-0.1724,0.0288,-0.0152,-0.0070,-0.0463,0.0521,-0.2957,0.0835,9.1391,-4.1932,-1.6491,0.0300,4.5762,-0.4624
43651365,0.0139,-0.0037,-0.2101,0.1243,-0.0637,-0.0009,0.0119,-0.0086,-0.0485,0.0529,-0.4318,0.1619,9.9488,-4.1932,-1.6491,0.0845,4.5594,-0.4690
