Time_us,Roll,Pitch,GyroX,GyroY,GyroZ,T1,T2,T3,PhiX,PhiY,PhiDX,PhiDY,motor_vel_1,motor_vel_2,motor_vel_3,motor_pos_1,motor_pos_2,motor_pos_3
51239690,0.0751,-0.0785,-0.0195,0.0702,0.1312,0.2100,-0.2100,0.1106,-0.0001,0.0005,-0.0195,0.0702,0.0000,0.0000,0.0000,0.2981,4.4568,-0.4240
51241375,0.0753,-0.0783,-0.0195,0.0702,0.1312,0.2100,-0.2100,0.1095,-0.0002,0.0006,-0.0195,0.0702,0.0000,0.0000,0.0000,0.2981,4.4568,-0.4240
51246366,0.0754,-0.0780,-0.0229,0.0776,0.1159,0.2100,-0.2100,0.1075,-0.0003,0.0010,-0.0228,0.0776,0.0000,0.0000,0.0000,0.2981,4.4568,-0.4240
51251366,0.0755,-0.0777,-0.0266,0.0757,0.1272,0.2100,-0.2100,0.1069,-0.0004,0.0014,-0.0265,0.0757,0.0000,0.0000,0.0000,0.2981,4.4568,-0.4240
51256366,0.0757,-0.0774,-0.0281,0.0748,0.1419,0.2100,-0.2100,0.1055,-0.0005,0.0017,-0.0280,0.0748,0.0000,0.0000,0.0000,0.2981,4.4568,-0.4240
51261366,0.0758,-0.0770,-0.0302,0.0721,0.1245,0.2100,-0.2100,0.1049,-0.0007,0.0021,-0.0311,0.0737,0.0539,-0.0550,0.0524,0.2993,4.4556,-0.4228
51266365,0.0761,-0.0767,-0.0061,0.0690,0.0903,0.2100,-0.2100,0.1023,-0.0008,0.0024,-0.0177,0.0703,0.6574,-0.0550,0.0524,0.3122,4.4553,-0.4225
51271365,0.0762,-0.0765,-0.0208,0.0666,0.1071,0.2100,-0.2100,0.1014,-0.0011,0.0030,-0.0519,0.1043,1.7341,-1.3207,1.2661,0.3390,4.4278,-0.3964
51276366,0.0761,-0.0762,-0.0693,0.0565,0.1743,0.2100,-0.2100,0.1035,-0.0017,0.0037,-0.1355,0.1513,3.7068,-3.2725,3.2142,0.3953,4.3748,-0.3441
51281366,0.0759,-0.0757,-0.0980,0.1014,0.2732,0.2100,-0.2100,0.0948,-0.0027,0.0049,-0.1956,0.2338,5.3748,-4.6708,4.3894,0.4468,4.3316,-0.3058
51286365,0.0754,-0.0750,-0.1741,0.1643,0.3169,0.2100,-0.2100,0.0877,-0.0043,0.0066,-0.3172,0.3509,7.5240,-6.9789,5.7583,0.5284,4.2508,-0.2489
51291366,0.0743,-0.0738,-0.2581,0.2492,0.2592,0.2100,-0.2100,0.0794,-0.0065,0.0090,-0.4344,0.4720,9.2215,-8.4199,6.7872,0.5957,4.1916,-0.2035
51296366,0.0722,-0.0719,-0.4890,0.3943,0.2790,0.1754,-0.2100,0.0725,-0.0100,0.0124,-0.7104,0.6773,11.5070,-10.7887,8.5089,0.7033,4.0867,-0.1231
51301366,0.0695,-0.0698,-0.6054,0.4252,0.3698,0.1389,-0.2100,0.0736,-0.0143,0.0162,-0.8565,0.7519,12.9847,-12.5004,9.7503,0.7819,4.0059,-0.0620
51306366,0.0666,-0.0673,-0.6457,0.4343,0.4205,0.1154,-0.2022,0.0707,-0.0190,0.0202,-0.9381,0.8167,15.0502,-14.6866,11.3275,0.9075,3.8809,0.0323
51311366,0.0633,-0.0650,-0.6579,0.4252,0.4351,0.0978,-0.1853,0.0707,-0.0239,0.0244,-0.9743,0.8363,16.2855,-15.7984,12.1520,0.9947,3.7981,0.0963
51316366,0.0600,-0.0628,-0.6689,0.4505,0.5051,0.0799,-0.1627,0.0635,-0.0289,0.0290,-1.0069,0.9070,17.6395,-17.1958,13.8142,1.1229,3.6714,0.2077
51321366,0.0569,-0.0605,-0.6753,0.4676,0.5811,0.0646,-0.1442,0.0573,-0.0340,0.0337,-1.0252,0.9455,18.3495,-17.8862,14.5567,1.2087,3.5875,0.2790
51326366,0.0539,-0.0579,-0.6897,0.5211,0.6291,0.0479,-0.1169,0.0449,-0.0393,0.0388,-1.0518,1.0292,19.1889,-18.7606,15.7137,1.3377,3.4600,0.3932
51331366,0.0504,-0.0551,-0.7559,0.5822,0.5894,0.0214,-0.0816,0.0376,-0.0449,0.0444,-1.1229,1.1085,19.6243,-19.2173,16.4708,1.4238,3.3751,0.4731
51336366,0.0466,-0.0520,-0.8192,0.6148,0.5057,-0.0047,-0.0492,0.0345,-0.0508,0.0502,-1.1861,1.1647,19.9858,-19.6339,17.6162,1.5497,3.2505,0.5988
51341366,0.0423,-0.0484,-0.9334,0.7340,0.5035,-0.0438,0.0035,0.0211,-0.0573,0.0567,-1.2969,1.2957,20.0876,-19.7376,18.2862,1.6318,3.1698,0.6842
51346366,0.0378,-0.0446,-0.9508,0.7758,0.5390,-0.0650,0.0345,0.0098,-0.0638,0.0634,-1.3069,1.3536,19.9343,-19.9995,19.0685,1.7493,3.0452,0.8123
51351366,0.0330,-0.0405,-0.9710,0.8436,0.5674,-0.0881,0.0715,-0.0052,-0.0704,0.0706,-1.3200,1.4284,19.7164,-20.0480,19.4438,1.8243,2.9640,0.8971
51356366,0.0281,-0.0362,-0.9820,0.8906,0.5307,-0.1078,0.1050,-0.0176,-0.0770,0.0780,-1.3104,1.4783,18.9343,-19.7333,19.9050,1.9245,2.8508,1.0248
51361366,0.0233,-0.0317,-0.9539,0.9282,0.4901,-0.1191,0.1329,-0.0326,-0.0833,0.0855,-1.2577,1.5101,17.8482,-19.2038,20.0063,1.9765,2.7833,1.1066
51366366,0.0186,-0.0270,-0.9230,0.9676,0.4724,-0.1291,0.1595,-0.0485,-0.0893,0.0932,-1.1933,1.5253,16.4044,-17.8985,19.6423,2.0500,2.6977,1.2185
51371366,0.0143,-0.0222,-0.8583,0.9933,0.4235,-0.1307,0.1808,-0.0663,-0.0947,0.1008,-1.0903,1.5277,14.6811,-16.6351,19.3100,2.0778,2.6540,1.2897
51376366,0.0102,-0.0172,-0.7822,1.0049,0.4021,-0.1279,0.1951,-0.0827,-0.0995,0.1082,-0.9594,1.4801,12.3932,-13.7706,18.1717,2.1133,2.6195,1.3791
51381366,0.0064,-0.0122,-0.7306,1.0058,0.4037,-0.1303,0.2100,-0.0962,-0.1039,0.1154,-0.8698,1.4402,10.5200,-12.0824,17.0872,2.1221,2.6015,1.4280
51386366,0.0033,-0.0072,-0.6545,0.9881,0.1996,-0.1208,0.2100,-0.1070,-0.1075,0.1222,-0.7294,1.3518,7.7933,-8.7225,15.6884,2.1222,2.6044,1.4980
51391366,0.0007,-0.0024,-0.4835,0.9630,0.2021,-0.0957,0.2100,-0.1276,-0.1101,0.1284,-0.5237,1.2592,6.3077,-5.9513,13.9162,2.1208,2.6310,1.5219
51396366,-0.0014,0.0024,-0.4010,0.9303,0.1615,-0.0824,0.2100,-0.1386,-0.1120,0.1341,-0.3698,1.1385,3.0022,-2.1715,11.7804,2.0847,2.6824,1.5565
51401366,-0.0032,0.0069,-0.3338,0.9087,0.0448,-0.0721,0.2100,-0.1496,-0.1133,0.1394,-0.2620,1.0533,1.2324,0.5354,10.2181,2.0578,2.7335,1.5694
51406366,-0.0046,0.0112,-0.2492,0.8445,0.0530,-0.0586,0.2100,-0.1547,-0.1140,0.1439,-0.1393,0.8974,-0.2817,4.2951,7.8221,2.0315,2.8232,1.5758
51411366,-0.0057,0.0152,-0.2049,0.7645,0.1947,-0.0538,0.2027,-0.1564,-0.1143,0.1477,-0.0635,0.7604,-1.7466,6.5575,6.2598,1.9976,2.8900,1.5728
51416366,-0.0065,0.0188,-0.1506,0.7065,0.2809,-0.0460,0.1933,-0.1580,-0.1142,0.1507,0.0114,0.5977,-3.0632,9.9433,2.6221,1.9581,3.0071,1.5262
51421366,-0.0071,0.0222,-0.1069,0.6637,0.2516,-0.0392,0.1914,-0.1618,-0.1139,0.1532,0.0634,0.4977,-3.4911,11.9075,0.7517,1.9371,3.0901,1.4958
51426366,-0.0076,0.0252,-0.0696,0.5647,0.1841,-0.0323,0.1779,-0.1527,-0.1134,0.1548,0.1101,0.3230,-4.0832,14.4010,-1.8393,1.9017,3.2193,1.4414
51431366,-0.0080,0.0276,-0.0864,0.4667,0.2506,-0.0368,0.1682,-0.1411,-0.1128,0.1557,0.1078,0.1810,-5.0245,15.7745,-3.4080,1.8639,3.3072,1.3996
51436366,-0.0084,0.0294,-0.1142,0.3390,0.1666,-0.0423,0.1544,-0.1185,-0.1124,0.1557,0.0876,0.0049,-5.6745,17.1931,-5.2345,1.8182,3.4348,1.3373
51441366,-0.0091,0.0309,-0.1243,0.2782,0.0857,-0.0459,0.1507,-0.1082,-0.1120,0.1553,0.0806,-0.0869,-6.1592,17.9331,-6.5745,1.7844,3.5201,1.2864
51446366,-0.0098,0.0322,-0.1011,0.2593,0.0509,-0.0437,0.1486,-0.1069,-0.1115,0.1545,0.1038,-0.1490,-6.7226,18.8277,-8.5674,1.7347,3.6487,1.2009
51451366,-0.0103,0.0333,-0.0684,0.2407,0.0316,-0.0393,0.1459,-0.1077,-0.1108,0.1536,0.1351,-0.1945,-7.1458,19.2424,-9.9491,1.6986,3.7334,1.1364
51456366,-0.0105,0.0346,-0.0370,0.2410,0.0747,-0.0349,0.1454,-0.1133,-0.1100,0.1524,0.1613,-0.2265,-7.4132,19.7622,-11.5938,1.6494,3.8612,1.0394
51461366,-0.0105,0.0360,-0.0241,0.2456,0.0521,-0.0323,0.1488,-0.1185,-0.1091,0.1512,0.1757,-0.2397,-7.8562,20.0179,-12.5228,1.6100,3.9461,0.9725
51466366,-0.0106,0.0373,-0.0180,0.2288,-0.0695,-0.0300,0.1498,-0.1172,-0.1082,0.1498,0.1773,-0.2844,-8.2889,20.2796,-14.1289,1.5529,4.0725,0.8597
51471366,-0.0106,0.0383,-0.0043,0.1793,-0.0930,-0.0277,0.1433,-0.1121,-0.1073,0.1481,0.1849,-0.3507,-8.3966,20.3883,-15.1379,1.5171,4.1561,0.7809
51476366,-0.0105,0.0391,0.0128,0.1393,-0.0282,-0.0251,0.1355,-0.1093,-0.1063,0.1460,0.1988,-0.4142,-8.9134,20.4950,-16.5979,1.4549,4.2808,0.6563
51481366,-0.0104,0.0398,0.0140,0.0959,-0.0976,-0.0238,0.1303,-0.1028,-0.1053,0.1436,0.1946,-0.4696,-9.0204,20.4950,-17.4063,1.4170,4.3628,0.5720
51486366,-0.0101,0.0402,0.0046,0.0788,-0.1574,-0.0242,0.1292,-0.0990,-0.1044,0.1411,0.1797,-0.5039,-9.2419,20.5477,-18.4981,1.3580,4.4871,0.4423
51491366,-0.0101,0.0406,0.0125,0.0718,-0.1596,-0.0230,0.1283,-0.0993,-0.1035,0.1385,0.1854,-0.5202,-9.3812,20.5994,-19.0646,1.3180,4.5705,0.3557
51496366,-0.0101,0.0409,0.0269,0.0629,-0.1006,-0.0213,0.1253,-0.1001,-0.1025,0.1358,0.1957,-0.5392,-9.4889,20.6066,-19.7400,1.2591,4.6945,0.2256
51501366,-0.0101,0.0410,0.0461,0.0406,-0.0847,-0.0175,0.1193,-0.0986,-0.1014,0.1330,0.2146,-0.5669,-9.6016,20.6616,-20.0420,1.2185,4.7782,0.1399
51506366,-0.0096,0.0413,0.0623,0.0296,-0.1339,-0.0122,0.1163,-0.0990,-0.1003,0.1301,0.2287,-0.5842,-9.6956,20.6659,-20.4589,1.1585,4.9021,0.0098
51511366,-0.0090,0.0415,0.0696,0.0254,-0.1571,-0.0080,0.1144,-0.1003,-0.0991,0.1271,0.2365,-0.5909,-9.8063,20.6659,-20.6219,1.1175,4.9847,-0.0758
51516366,-0.0084,0.0415,0.0693,0.0089,-0.1428,-0.0058,0.1100,-0.0987,-0.0979,0.1241,0.2363,-0.6112,-9.8992,20.7176,-20.8291,1.0565,5.1100,-0.2046
51521366,-0.0080,0.0415,0.0751,-0.0174,-0.1134,-0.0039,0.1041,-0.0959,-0.0968,0.1209,0.2385,-0.6391,-9.7915,20.6689,-20.9887,1.0194,5.1919,-0.2915
51526366,-0.0076,0.0414,0.0776,-0.0541,-0.1678,-0.0010,0.0971,-0.0897,-0.0955,0.1175,0.2414,-0.6766,-9.8478,20.6754,-21.0439,0.9593,5.3162,-0.4187
51531366,-0.0068,0.0411,0.1243,-0.0797,-0.1898,0.0113,0.0862,-0.0902,-0.0941,0.1140,0.2849,-0.7014,-9.6339,20.6722,-20.9914,0.9242,5.3987,-0.5016
51536366,-0.0061,0.0407,0.1240,-0.1090,-0.1406,0.0131,0.0781,-0.0857,-0.0927,0.1103,0.2801,-0.7307,-9.4181,20.6236,-21.0428,0.8717,5.5215,-0.6285
51541366,-0.0054,0.0400,0.1509,-0.1512,-0.1107,0.0207,0.0646,-0.0811,-0.0912,0.1065,0.3067,-0.7705,-9.3717,20.5751,-20.9379,0.8349,5.6029,-0.7104
51546366,-0.0045,0.0393,0.1649,-0.1741,-0.1443,0.0263,0.0563,-0.0771,-0.0897,0.1025,0.3055,-0.7912,-8.4469,20.5264,-20.8372,0.7992,5.7252,-0.8339
51551366,-0.0036,0.0385,0.1866,-0.1866,-0.2167,0.0348,0.0484,-0.0750,-0.0880,0.0985,0.3254,-0.8037,-8.3391,20.5296,-20.8372,0.7680,5.8075,-0.9173
51556366,-0.0025,0.0375,0.1848,-0.2220,-0.2442,0.0377,0.0385,-0.0668,-0.0865,0.0943,0.3045,-0.8360,-7.2686,20.3763,-20.7848,0.7419,5.9273,-1.0409
51561366,-0.0014,0.0365,0.1970,-0.2349,-0.1913,0.0438,0.0288,-0.0653,-0.0849,0.0901,0.3168,-0.8456,-7.2686,20.2730,-20.6802,0.7128,6.0067,-1.1113
51566366,-0.0004,0.0354,0.2001,-0.2431,-0.1751,0.0458,0.0225,-0.0617,-0.0835,0.0858,0.2881,-0.8516,-5.4818,20.1201,-20.6830,0.7099,6.1247,-1.2459
51571366,0.0006,0.0342,0.2056,-0.2691,-0.2637,0.0517,0.0131,-0.0547,-0.0820,0.0815,0.2883,-0.8723,-5.2938,19.8198,-20.6307,0.6924,6.1985,-1.3275
51576366,0.0017,0.0328,0.2181,-0.2880,-0.2457,0.0572,0.0031,-0.0509,-0.0806,0.0771,0.2854,-0.8790,-4.6520,19.1540,-20.4774,0.6743,6.3022,-1.4478
51581366,0.0028,0.0315,0.2196,-0.2947,-0.1886,0.0598,-0.0048,-0.0478,-0.0793,0.0727,0.2695,-0.8806,-3.7963,18.8184,-20.4774,0.6745,6.3714,-1.5297
51586366,0.0040,0.0301,0.2114,-0.3131,-0.1840,0.0605,-0.0120,-0.0414,-0.0781,0.0683,0.2304,-0.8813,-2.4833,17.7422,-20.3729,0.6812,6.4595,-1.6500
51591366,0.0052,0.0284,0.2190,-0.3625,-0.2536,0.0651,-0.0261,-0.0293,-0.0771,0.0637,0.2063,-0.9159,-0.9786,16.8958,-20.2192,0.7042,6.5121,-1.7281
51596366,0.0063,0.0264,0.2251,-0.4139,-0.2622,0.0697,-0.0418,-0.0179,-0.0761,0.0590,0.1962,-0.9406,-0.5084,15.5326,-19.8025,0.7098,6.5824,-1.8401
51601366,0.0074,0.0242,0.1964,-0.4731,-0.1864,0.0663,-0.0583,-0.0009,-0.0754,0.0540,0.1501,-0.9865,0.1690,14.7495,-19.6922,0.7216,6.6265,-1.9168
51606366,0.0085,0.0216,0.1805,-0.5256,-0.1562,0.0649,-0.0730,0.0141,-0.0748,0.0491,0.1012,-0.9954,1.4649,12.6637,-18.8565,0.7544,6.6663,-2.0156
51611366,0.0094,0.0188,0.1329,-0.5773,-0.1516,0.0584,-0.0863,0.0337,-0.0746,0.0440,0.0438,-1.0175,1.4649,11.1059,-18.4384,0.7602,6.6828,-2.0704
51616366,0.0101,0.0158,0.0929,-0.6090,-0.1547,0.0503,-0.0946,0.0502,-0.0748,0.0390,-0.0350,-1.0020,2.9728,8.7693,-17.6056,0.8042,6.6959,-2.1729
51621366,0.0103,0.0126,0.0269,-0.6692,-0.1327,0.0370,-0.1072,0.0752,-0.0754,0.0338,-0.1182,-1.0250,3.6692,7.2115,-16.6726,0.8306,6.6968,-2.2117
51626366,0.0103,0.0094,-0.0183,-0.6567,-0.0798,0.0269,-0.1080,0.0841,-0.0763,0.0291,-0.1745,-0.9514,4.0300,4.8749,-14.9171,0.8607,6.6864,-2.2813
51631366,0.0102,0.0062,-0.0599,-0.6093,-0.0762,0.0174,-0.1041,0.0896,-0.0774,0.0248,-0.2289,-0.8653,4.4730,3.2643,-13.9242,0.8872,6.6707,-2.3106
51636366,0.0098,0.0033,-0.1231,-0.5391,-0.0630,0.0024,-0.0903,0.0904,-0.0789,0.0212,-0.3044,-0.7210,4.9543,0.5413,-11.6796,0.9240,6.6270,-2.3508
51641366,0.0090,0.0008,-0.1689,-0.4566,0.0023,-0.0100,-0.0779,0.0878,-0.0807,0.0182,-0.3493,-0.6009,4.9543,-0.6712,-10.3719,0.9438,6.6031,-2.3620
51646366,0.0080,-0.0015,-0.1860,-0.4224,0.0396,-0.0171,-0.0724,0.0880,-0.0824,0.0157,-0.3529,-0.4952,4.3430,-2.9049,-7.8050,0.9602,6.5476,-2.3710
51651366,0.0070,-0.0034,-0.2166,-0.3974,-0.0285,-0.0257,-0.0668,0.0936,-0.0844,0.0135,-0.3822,-0.4333,4.3430,-4.0704,-6.4974,0.9776,6.5107,-2.3691
51656366,0.0060,-0.0055,-0.2321,-0.3757,-0.1614,-0.0298,-0.0620,0.0979,-0.0863,0.0117,-0.3824,-0.3532,4.0613,-5.4255,-3.9304,0.9979,6.4563,-2.3524
51661366,0.0049,-0.0072,-0.2538,-0.3088,-0.2634,-0.0355,-0.0497,0.0952,-0.0882,0.0105,-0.3817,-0.2476,3.3289,-6.1557,-2.0619,0.9981,6.4193,-2.3252
51666366,0.0035,-0.0081,-0.2841,-0.1280,-0.2723,-0.0448,-0.0152,0.0704,-0.0901,0.0104,-0.3877,-0.0255,2.4837,-6.9835,-0.1157,0.9985,6.3629,-2.2923
51671365,0.0020,-0.0088,-0.3054,-0.0852,-0.2872,-0.0539,-0.0033,0.0683,-0.0921,0.0106,-0.3947,0.0505,2.0330,-7.7106,1.3845,0.9985,6.3191,-2.2603
51676366,0.0004,-0.0089,-0.2923,-0.0373,-0.3028,-0.0557,0.0081,0.0593,-0.0939,0.0113,-0.3606,0.1355,1.4696,-8.2987,3.2857,0.9978,6.2592,-2.2075
51681366,-0.0010,-0.0091,-0.2779,0.0003,-0.3224,-0.0564,0.0156,0.0532,-0.0955,0.0123,-0.3168,0.1933,0.2377,-8.5053,4.4393,0.9771,6.2211,-2.1717
51686365,-0.0023,-0.0090,-0.2456,0.0761,-0.3260,-0.0536,0.0284,0.0377,-0.0968,0.0137,-0.2624,0.2855,-0.6583,-8.6703,5.3771,0.9564,6.1660,-2.1221
51691366,-0.0036,-0.0084,-0.2428,0.1640,-0.2487,-0.0580,0.0461,0.0215,-0.0980,0.0156,-0.2441,0.3770,-1.2466,-8.4756,5.8130,0.9416,6.1358,-2.0951
51696366,-0.0048,-0.0074,-0.2370,0.2529,-0.1443,-0.0608,0.0635,0.0029,-0.0990,0.0179,-0.2080,0.4615,-1.9953,-7.3149,6.6785,0.9154,6.1124,-2.0361
51701366,-0.0059,-0.0058,-0.2517,0.3317,-0.1348,-0.0663,0.0847,-0.0132,-0.1001,0.0206,-0.2022,0.5411,-3.1582,-7.3149,6.7339,0.8827,6.0831,-2.0124
51706366,-0.0070,-0.0038,-0.2413,0.3677,-0.2255,-0.0651,0.0974,-0.0236,-0.1009,0.0234,-0.1587,0.5577,-4.0011,-5.5810,7.1638,0.8447,6.0788,-1.9571
51711366,-0.0083,-0.0019,-0.2260,0.3922,-0.2625,-0.0658,0.1083,-0.0324,-0.1015,0.0262,-0.1292,0.5671,-4.3261,-4.5742,7.1638,0.8210,6.0787,-1.9329
51716365,-0.0088,0.0001,-0.0602,0.4032,-0.1959,-0.0354,0.0989,-0.0559,-0.1012,0.0290,0.0538,0.5535,-4.9185,-3.3437,6.7443,0.7806,6.0797,-1.8958
51721366,-0.0088,0.0022,0.0260,0.4371,-0.2063,-0.0176,0.1024,-0.0769,-0.1004,0.0319,0.1564,0.5774,-5.6510,-2.7844,6.6340,0.7453,6.0786,-1.8753
51726366,-0.0084,0.0046,0.1011,0.4682,-0.3028,0.0005,0.1046,-0.0934,-0.0992,0.0346,0.2439,0.5466,-6.1682,-0.5063,4.7583,0.7000,6.1135,-1.8754
51731365,-0.0078,0.0070,0.1484,0.4682,-0.3086,0.0125,0.1055,-0.1062,-0.0977,0.0372,0.2961,0.5230,-6.4356,0.3084,3.9860,0.6697,6.1304,-1.8760
51736365,-0.0070,0.0093,0.1625,0.4349,-0.2203,0.0176,0.1012,-0.1104,-0.0962,0.0395,0.3132,0.4515,-6.4356,1.7688,2.8827,0.6311,6.1674,-1.8755
51741366,-0.0060,0.0111,0.2004,0.3387,-0.1635,0.0288,0.0830,-0.1055,-0.0944,0.0411,0.3620,0.3266,-6.5464,3.2541,2.4414,0.6028,6.2074,-1.8754
51746366,-0.0050,0.0124,0.1946,0.2239,-0.0976,0.0288,0.0634,-0.0885,-0.0927,0.0419,0.3289,0.1579,-5.5250,4.4934,0.0735,0.5856,6.2541,-1.9132
51751366,-0.0038,0.0133,0.2327,0.1594,-0.0664,0.0403,0.0476,-0.0853,-0.0909,0.0422,0.3637,0.0629,-5.4786,5.3661,-1.1030,0.5647,6.2907,-1.9389
51756366,-0.0024,0.0139,0.2367,0.1423,-0.1516,0.0459,0.0428,-0.0829,-0.0892,0.0423,0.3448,0.0070,-4.6708,6.1491,-2.9233,0.5493,6.3409,-1.9884
51761365,-0.0014,0.0141,0.1628,0.0315,-0.0905,0.0341,0.0286,-0.0592,-0.0879,0.0416,0.2582,-0.1223,-3.8091,6.8877,-3.4217,0.5496,6.3813,-2.0100
51766366,-0.0006,0.0141,0.1451,-0.0284,-0.0484,0.0317,0.0176,-0.0475,-0.0868,0.0406,0.2177,-0.2028,-2.8397,7.2285,-4.4670,0.5492,6.4304,-2.0566
51771366,0.0001,0.0136,0.1332,-0.1252,-0.0811,0.0315,-0.0006,-0.0278,-0.0858,0.0390,0.1914,-0.3167,-2.3012,7.5036,-5.3387,0.5498,6.4652,-2.0909
51776366,0.0007,0.0126,0.1158,-0.2245,-0.1553,0.0293,-0.0184,-0.0049,-0.0851,0.0369,0.1445,-0.4229,-1.1276,7.1937,-6.1111,0.5618,6.5038,-2.1448
51781366,0.0013,0.0111,0.1246,-0.3335,-0.1580,0.0316,-0.0434,0.0179,-0.0845,0.0342,0.1280,-0.5382,0.1393,7.1937,-6.5306,0.5852,6.5326,-2.1740
51786366,0.0020,0.0093,0.1313,-0.3803,-0.0404,0.0329,-0.0591,0.0278,-0.0839,0.0314,0.1200,-0.5683,0.1393,5.7878,-6.8235,0.5860,6.5432,-2.2239
51791366,0.0027,0.0072,0.1591,-0.3861,0.0252,0.0398,-0.0721,0.0314,-0.0832,0.0285,0.1440,-0.5741,0.3608,5.7878,-6.8235,0.5911,6.5664,-2.2469
51796366,0.0034,0.0050,0.1762,-0.4114,-0.0594,0.0447,-0.0832,0.0408,-0.0825,0.0256,0.1300,-0.5787,1.8005,4.7251,-6.4912,0.6282,6.5778,-2.2836
51801366,0.0043,0.0030,0.2007,-0.4166,-0.1186,0.0534,-0.0930,0.0442,-0.0818,0.0228,0.1508,-0.5651,1.8005,3.8861,-6.0731,0.6354,6.5782,-2.2969
51806366,0.0054,0.0010,0.2297,-0.4230,0.1590,0.0582,-0.1050,0.0407,-0.0810,0.0202,0.1579,-0.5155,2.9237,1.8537,-4.3485,0.6701,6.5556,-2.2968
51811365,0.0066,-0.0011,0.1973,-0.4007,0.2183,0.0555,-0.1069,0.0430,-0.0804,0.0179,0.1190,-0.4665,3.0841,0.7386,-3.6691,0.6856,6.5379,-2.2968
51816366,0.0076,-0.0031,0.1701,-0.3552,0.2198,0.0534,-0.1022,0.0404,-0.0800,0.0160,0.0790,-0.3774,3.4132,-1.1360,-2.6239,0.7110,6.5006,-2.2967
51821366,0.0086,-0.0049,0.1616,-0.3180,0.2855,0.0546,-0.1029,0.0374,-0.0796,0.0144,0.0674,-0.3224,3.4132,-1.9062,-2.2058,0.7247,6.4801,-2.2966
51826366,0.0093,-0.0064,0.1634,-0.3091,0.4055,0.0546,-0.1062,0.0360,-0.0794,0.0130,0.0493,-0.2719,3.8076,-4.0647,-1.5786,0.7536,6.4190,-2.2967
51831366,0.0101,-0.0080,0.1304,-0.3015,0.3976,0.0512,-0.1074,0.0409,-0.0794,0.0118,0.0079,-0.2433,3.8076,-5.2619,-1.3696,0.7689,6.3770,-2.2975
51836365,0.0109,-0.0097,0.1106,-0.3112,0.2757,0.0523,-0.1098,0.0469,-0.0794,0.0108,-0.0078,-0.2012,4.2385,-6.3246,1.0522,0.8006,6.3217,-2.2502
51841366,0.0114,-0.0112,0.0684,-0.2550,0.1636,0.0474,-0.1000,0.0463,-0.0797,0.0102,-0.0569,-0.1326,4.2385,-7.1487,1.0522,0.8175,6.2780,-2.2467
51846366,0.0116,-0.0123,0.0058,-0.1826,0.1398,0.0360,-0.0831,0.0417,-0.0803,0.0101,-0.1238,-0.0206,4.4242,-8.5352,2.3216,0.8472,6.2033,-2.2123
51851366,0.0115,-0.0129,-0.0425,-0.0709,0.1544,0.0259,-0.0610,0.0292,-0.0812,0.0106,-0.1762,0.1028,4.4242,-9.1680,2.4681,0.8649,6.1555,-2.2011
51856366,0.0110,-0.0134,-0.1313,-0.0571,0.0652,0.0079,-0.0477,0.0373,-0.0825,0.0113,-0.2663,0.1468,4.4796,-10.2022,3.4644,0.8928,6.0771,-2.1601
51861366,0.0104,-0.0135,-0.1610,-0.0318,-0.0062,0.0002,-0.0380,0.0380,-0.0840,0.0122,-0.2996,0.1802,4.4796,-10.6870,3.5196,0.9107,6.0258,-2.1473
51866366,0.0095,-0.0137,-0.1787,0.0064,0.0151,-0.0068,-0.0279,0.0342,-0.0856,0.0134,-0.3161,0.2394,4.4796,-11.3235,4.2919,0.9376,5.9469,-2.1041
51871366,0.0085,-0.0137,-0.2010,0.0434,0.0344,-0.0151,-0.0172,0.0310,-0.0873,0.0149,-0.3356,0.2901,4.4796,-11.6156,4.9215,0.9555,5.8953,-2.0755
51876366,0.0075,-0.0134,-0.2111,0.1213,0.0258,-0.0195,-0.0002,0.0187,-0.0889,0.0167,-0.3251,0.3758,3.4451,-11.7243,5.3396,0.9588,5.8231,-2.0332
51881366,0.0065,-0.0127,-0.2144,0.1909,-0.0258,-0.0226,0.0161,0.0074,-0.0905,0.0189,-0.3154,0.4426,2.7868,-11.5303,5.3396,0.9581,5.7803,-2.0152
51886366,0.0052,-0.0116,-0.2150,0.2410,-0.0911,-0.0254,0.0306,-0.0017,-0.0920,0.0214,-0.2980,0.4890,2.0815,-11.0656,5.5611,0.9586,5.7217,-1.9742
51891366,0.0041,-0.0105,-0.1991,0.2633,-0.0866,-0.0259,0.0377,-0.0085,-0.0933,0.0239,-0.2682,0.5013,1.7053,-10.2954,5.6588,0.9586,5.6942,-1.9534
51896366,0.0031,-0.0093,-0.1634,0.2453,-0.1034,-0.0217,0.0358,-0.0102,-0.0944,0.0262,-0.2188,0.4625,1.2351,-9.2731,5.2917,0.9581,5.6545,-1.9235
51901366,0.0027,-0.0083,-0.0620,0.2001,-0.1602,-0.0030,0.0228,-0.0137,-0.0950,0.0283,-0.1110,0.4086,1.0470,-8.7983,5.1868,0.9589,5.6271,-1.9081
51906366,0.0023,-0.0076,-0.0342,0.1680,-0.1935,0.0033,0.0149,-0.0108,-0.0952,0.0300,-0.0594,0.3403,0.7649,-6.4770,5.0765,0.9586,5.6280,-1.8759
51911366,0.0024,-0.0069,-0.0226,0.1402,-0.1956,0.0060,0.0101,-0.0086,-0.0955,0.0314,-0.0466,0.2915,0.6238,-5.8439,4.3042,0.9585,5.6167,-1.8755
51916366,0.0024,-0.0063,-0.0272,0.0980,-0.1950,0.0046,0.0046,-0.0017,-0.0958,0.0326,-0.0591,0.2313,0.4828,-5.8439,3.0905,0.9590,5.5816,-1.8755
51921365,0.0023,-0.0060,-0.0412,0.0425,-0.2255,0.0043,-0.0042,0.0085,-0.0960,0.0333,-0.0406,0.1542,-1.1766,-4.8931,2.5941,0.9247,5.5789,-1.8758
51926366,0.0021,-0.0060,-0.0406,-0.0186,-0.2848,0.0047,-0.0152,0.0215,-0.0962,0.0337,-0.0342,0.0632,-1.2301,-3.6066,1.8769,0.9163,5.5793,-1.8755
51931366,0.0019,-0.0063,-0.0299,-0.0913,-0.3236,0.0067,-0.0297,0.0354,-0.0963,0.0335,-0.0201,-0.0236,-1.2301,-2.9354,1.6011,0.9114,5.5796,-1.8752
51936366,0.0018,-0.0070,-0.0257,-0.1588,-0.3318,0.0074,-0.0446,0.0500,-0.0963,0.0330,-0.0139,-0.1094,-1.2301,-2.2083,1.1046,0.9040,5.5788,-1.8762
51941366,0.0018,-0.0080,-0.0308,-0.2236,-0.3902,0.0072,-0.0583,0.0660,-0.0964,0.0321,-0.0171,-0.1825,-1.2301,-1.8168,0.9391,0.8991,5.5786,-1.8760
51946366,0.0016,-0.0096,-0.0699,-0.3262,-0.4314,-0.0002,-0.0771,0.0939,-0.0967,0.0306,-0.0538,-0.2959,-1.2301,-1.3134,0.7184,0.8917,5.5794,-1.8750
51951366,0.0014,-0.0114,-0.0819,-0.3577,-0.4543,-0.0029,-0.0871,0.1074,-0.0970,0.0289,-0.0633,-0.3315,-1.2301,-1.0337,0.7184,0.8868,5.5791,-1.8726
51956365,0.0009,-0.0135,-0.0849,-0.3638,-0.4494,-0.0053,-0.0944,0.1170,-0.0973,0.0272,-0.0649,-0.3401,-1.2301,-0.8659,0.7184,0.8794,5.5787,-1.8678
51961365,0.0005,-0.0154,-0.0803,-0.3393,-0.4451,-0.0058,-0.0969,0.1197,-0.0976,0.0257,-0.0551,-0.3133,-1.2301,-0.6422,1.1059,0.8745,5.5788,-1.8576
51966365,0.0001,-0.0171,-0.0690,-0.2920,-0.4543,-0.0046,-0.0943,0.1163,-0.0978,0.0244,-0.0394,-0.2499,-0.9532,-0.6422,2.1791,0.8735,5.5763,-1.8234
51971365,-0.0002,-0.0185,-0.0654,-0.2260,-0.4497,-0.0048,-0.0871,0.1092,-0.0979,0.0236,-0.0302,-0.1691,-0.7871,-0.6422,3.1720,0.8734,5.5725,-1.7944
51976366,-0.0005,-0.0196,-0.0660,-0.1567,-0.4262,-0.0069,-0.0762,0.0995,-0.0981,0.0233,-0.0355,-0.0637,-0.5656,-1.9026,4.3350,0.8739,5.5427,-1.7474
51981366,-0.0009,-0.0203,-0.0693,-0.1032,-0.4100,-0.0096,-0.0675,0.0928,-0.0983,0.0233,-0.0436,0.0137,-0.4548,-2.8711,4.9697,0.8741,5.5102,-1.7202
51986366,-0.0013,-0.0209,-0.0718,-0.0577,-0.3969,-0.0114,-0.0596,0.0862,-0.0985,0.0237,-0.0410,0.0822,-0.3441,-3.2326,6.1505,0.8743,5.4902,-1.6580
51991366,-0.0017,-0.0212,-0.0849,-0.0098,-0.3605,-0.0164,-0.0490,0.0792,-0.0988,0.0245,-0.0565,0.1589,-0.2887,-4.2778,7.0331,0.8735,5.4464,-1.6189
51996366,-0.0022,-0.0214,-0.0877,0.0153,-0.3123,-0.0191,-0.0427,0.0738,-0.0991,0.0256,-0.0561,0.2187,-0.2333,-5.2027,8.4390,0.8737,5.4091,-1.5385
52001366,-0.0026,-0.0214,-0.0938,0.0406,-0.2677,-0.0227,-0.0366,0.0695,-0.0994,0.0269,-0.0625,0.2611,-0.1780,-5.7303,9.0482,0.8736,5.3659,-1.4984
52006366,-0.0031,-0.0214,-0.0959,0.0644,-0.2490,-0.0251,-0.0301,0.0647,-0.0997,0.0285,-0.0608,0.3066,-0.1226,-6.1778,10.0572,0.8742,5.3339,-1.4141
52011366,-0.0037,-0.0212,-0.1051,0.0834,-0.2396,-0.0291,-0.0236,0.0619,-0.1001,0.0302,-0.0706,0.3397,-0.1226,-6.6849,10.4985,0.8735,5.2854,-1.3723
52016366,-0.0042,-0.0210,-0.1200,0.0874,-0.2203,-0.0340,-0.0194,0.0619,-0.1005,0.0319,-0.0792,0.3564,-0.0672,-6.6849,11.3525,0.8743,5.2587,-1.2816
52021366,-0.0048,-0.0208,-0.1313,0.0886,-0.1993,-0.0387,-0.0162,0.0625,-0.1009,0.0338,-0.0886,0.3642,-0.0672,-6.7882,11.6848,0.8739,5.2160,-1.2375
52026366,-0.0055,-0.0206,-0.1497,0.0941,-0.1776,-0.0447,-0.0116,0.0631,-0.1014,0.0356,-0.0994,0.3747,-0.1226,-6.5682,12.2399,0.8723,5.1937,-1.1453
52031366,-0.0063,-0.0203,-0.1594,0.1063,-0.1568,-0.0496,-0.0068,0.0623,-0.1019,0.0376,-0.1035,0.3837,-0.1226,-6.1300,12.4606,0.8716,5.1633,-1.1006
52036366,-0.0072,-0.0198,-0.1665,0.1494,-0.1070,-0.0546,0.0043,0.0544,-0.1025,0.0397,-0.1049,0.4354,-0.1226,-6.0813,13.0779,0.8711,5.1400,-1.0019
52041366,-0.0081,-0.0193,-0.1808,0.1549,-0.1104,-0.0579,0.0078,0.0544,-0.1029,0.0419,-0.0800,0.4273,-1.7475,-4.9734,13.2732,0.8332,5.1279,-0.9554
52046366,-0.0091,-0.0187,-0.1796,0.1600,-0.1034,-0.0617,0.0129,0.0528,-0.1032,0.0440,-0.0747,0.4349,-1.7475,-4.8152,13.5933,0.8262,5.1118,-0.8583
52051366,-0.0100,-0.0180,-0.1512,0.1622,-0.0893,-0.0587,0.0139,0.0482,-0.1034,0.0462,-0.0282,0.4393,-2.7168,-4.8152,13.7424,0.7933,5.0829,-0.7870
52056366,-0.0107,-0.0173,-0.1087,0.1671,-0.0716,-0.0531,0.0133,0.0426,-0.1033,0.0484,0.0205,0.4334,-2.7168,-4.0880,13.7424,0.7824,5.0793,-0.7320
52061365,-0.0112,-0.0165,-0.0589,0.1830,-0.0188,-0.0441,0.0120,0.0329,-0.1028,0.0506,0.0945,0.4327,-3.6183,-3.0253,13.6900,0.7465,5.0793,-0.6507
52066366,-0.0113,-0.0157,0.0122,0.2062,0.0429,-0.0314,0.0105,0.0193,-0.1020,0.0528,0.1681,0.4435,-3.6183,-2.4660,13.4141,0.7321,5.0795,-0.6019
52071366,-0.0110,-0.0146,0.0855,0.2373,0.0909,-0.0161,0.0096,0.0030,-0.1007,0.0551,0.2509,0.4586,-4.0885,-1.8507,12.9553,0.6997,5.0789,-0.5317
52076366,-0.0104,-0.0135,0.1497,0.2520,0.1236,-0.0020,0.0074,-0.0101,-0.0991,0.0574,0.3123,0.4583,-4.0885,-1.5151,12.2907,0.6833,5.0789,-0.4938
52081366,-0.0095,-0.0123,0.2056,0.2538,0.2060,0.0103,0.0030,-0.0212,-0.0974,0.0596,0.3564,0.4455,-3.5002,-1.1236,11.7048,0.6719,5.0789,-0.4332
52086366,-0.0083,-0.0112,0.2676,0.2300,0.2516,0.0260,-0.0069,-0.0287,-0.0953,0.0616,0.4136,0.4065,-3.5002,-0.8999,10.9183,0.6579,5.0794,-0.4039
52091366,-0.0071,-0.0104,0.2679,0.2114,0.2751,0.0300,-0.0113,-0.0293,-0.0933,0.0634,0.4032,0.3623,-3.5002,-0.6761,9.4288,0.6369,5.0791,-0.3706
52096366,-0.0058,-0.0097,0.2529,0.2001,0.2992,0.0312,-0.0128,-0.0299,-0.0914,0.0651,0.3797,0.3344,-3.4448,-0.5643,8.4358,0.6240,5.0789,-0.3555
52101366,-0.0044,-0.0089,0.2309,0.1885,0.3420,0.0299,-0.0138,-0.0292,-0.0897,0.0666,0.3319,0.2993,-2.5588,-0.3965,7.0313,0.6238,5.0794,-0.3354
52106366,-0.0032,-0.0082,0.2114,0.1707,0.3765,0.0294,-0.0161,-0.0278,-0.0882,0.0679,0.2934,0.2620,-2.0605,-0.3405,5.7721,0.6245,5.0790,-0.3350
52111366,-0.0021,-0.0076,0.1707,0.1509,0.3612,0.0221,-0.0147,-0.0212,-0.0872,0.0690,0.1989,0.2180,0.3744,-0.2287,4.2707,0.6682,5.0795,-0.3351
52116366,-0.0011,-0.0070,0.1332,0.1301,0.3129,0.0183,-0.0141,-0.0161,-0.0865,0.0699,0.1501,0.1857,0.6418,-0.2287,3.4957,0.6760,5.0786,-0.3351
52121366,-0.0005,-0.0065,0.0901,0.1170,0.2644,0.0128,-0.0120,-0.0109,-0.0860,0.0707,0.0996,0.1580,0.6418,-0.1727,2.5755,0.6799,5.0787,-0.3353
52126366,-0.0001,-0.0062,0.0489,0.1103,0.2399,0.0060,-0.0087,-0.0065,-0.0858,0.0714,0.0498,0.1432,0.9239,-0.1168,2.0912,0.6882,5.0793,-0.3356
52131366,-0.0001,-0.0059,-0.0009,0.1103,0.1935,-0.0045,-0.0022,-0.0007,-0.0859,0.0721,-0.0209,0.1336,1.8173,-0.1168,1.4481,0.7159,5.0786,-0.3375
52136365,-0.0001,-0.0056,-0.0119,0.1115,0.1645,-0.0076,-0.0007,0.0020,-0.0861,0.0727,-0.0466,0.1075,1.8173,-0.0609,-0.3310,0.7231,5.0795,-0.3705
52141366,-0.0003,-0.0053,-0.0205,0.1139,0.1556,-0.0109,0.0025,0.0024,-0.0864,0.0732,-0.0697,0.1066,2.5498,-0.0609,-0.5517,0.7492,5.0791,-0.3781
52146366,-0.0005,-0.0050,-0.0186,0.1133,0.1605,-0.0113,0.0037,0.0015,-0.0868,0.0737,-0.0679,0.1060,2.5498,-0.0609,-0.5517,0.7594,5.0789,-0.3803
52151365,-0.0006,-0.0046,-0.0110,0.1151,0.1676,-0.0105,0.0046,-0.0006,-0.0871,0.0743,-0.0597,0.1069,2.5498,0.0000,-0.5517,0.7747,5.0797,-0.3836
52156366,-0.0007,-0.0042,0.0003,0.1206,0.1679,-0.0087,0.0060,-0.0038,-0.0873,0.0748,-0.0484,0.1124,2.5498,0.0000,-0.5517,0.7849,5.0797,-0.3858
52161366,-0.0008,-0.0038,0.0089,0.1301,0.1630,-0.0072,0.0085,-0.0075,-0.0875,0.0754,-0.0389,0.1219,2.4959,0.0000,-0.5517,0.7991,5.0797,-0.3891
52166366,-0.0008,-0.0033,0.0183,0.1396,0.1648,-0.0047,0.0104,-0.0120,-0.0876,0.0761,-0.0211,0.1314,2.0112,0.0000,-0.5517,0.7984,5.0797,-0.3914
52171366,-0.0007,-0.0028,0.0241,0.1442,0.1688,-0.0028,0.0116,-0.0152,-0.0877,0.0767,-0.0082,0.1320,1.4727,0.0000,-0.8138,0.7981,5.0797,-0.4000
52176365,-0.0006,-0.0023,0.0305,0.1564,0.1483,-0.0012,0.0141,-0.0185,-0.0877,0.0774,-0.0058,0.1294,1.2034,0.0000,-1.8102,0.7982,5.0797,-0.4259
52181365,-0.0004,-0.0017,0.0437,0.1576,0.1306,0.0026,0.0146,-0.0222,-0.0876,0.0780,0.0129,0.1306,0.8803,0.0000,-1.8102,0.7981,5.0797,-0.4368
52186366,-0.0002,-0.0012,0.0504,0.1579,0.1230,0.0050,0.0156,-0.0252,-0.0875,0.0787,0.0224,0.1309,0.7187,0.0000,-1.8102,0.7982,5.0797,-0.4440
52191365,0.0000,-0.0006,0.0574,0.1619,0.1205,0.0073,0.0167,-0.0286,-0.0874,0.0793,0.0289,0.1291,0.5572,0.0000,-2.2007,0.7988,5.0797,-0.4637
52196365,0.0003,-0.0001,0.0644,0.1610,0.1114,0.0101,0.0172,-0.0316,-0.0872,0.0800,0.0378,0.1281,0.4495,0.0000,-2.2007,0.7986,5.0797,-0.4725
52201366,0.0006,0.0005,0.0736,0.1671,0.1074,0.0134,0.0187,-0.0362,-0.0869,0.0807,0.0488,0.1343,0.3418,0.0000,-2.2007,0.7988,5.0797,-0.4857
52206365,0.0010,0.0012,0.0742,0.1799,0.1095,0.0147,0.0218,-0.0407,-0.0867,0.0813,0.0455,0.1388,0.2879,0.0000,-2.7545,0.7989,5.0797,-0.5070
52211366,0.0015,0.0019,0.0788,0.1949,0.1062,0.0190,0.0230,-0.0461,-0.0864,0.0820,0.0670,0.1278,0.1802,1.7410,-2.7545,0.7982,5.1180,-0.5235
52216366,0.0021,0.0028,0.0782,0.2172,0.0817,0.0213,0.0282,-0.0527,-0.0860,0.0827,0.0664,0.1376,0.1802,2.1630,-3.1726,0.7989,5.1349,-0.5431
52221366,0.0026,0.0037,0.0608,0.2107,-0.0411,0.0216,0.0324,-0.0525,-0.0858,0.0833,0.0485,0.1289,0.1263,2.1630,-3.3294,0.7987,5.1478,-0.5661
52226366,0.0029,0.0047,0.0406,0.1823,-0.0725,0.0192,0.0325,-0.0489,-0.0857,0.0838,0.0243,0.0918,0.0725,2.1630,-3.9106,0.7981,5.1565,-0.5926
52231366,0.0032,0.0057,0.0281,0.1622,-0.1235,0.0180,0.0335,-0.0467,-0.0856,0.0841,0.0057,0.0641,0.0725,2.0657,-4.5174,0.7985,5.1673,-0.6289
52236365,0.0034,0.0066,0.0125,0.1600,-0.1907,0.0168,0.0381,-0.0476,-0.0857,0.0844,-0.0099,0.0619,0.0725,2.0657,-4.5174,0.7988,5.1755,-0.6470
52241366,0.0035,0.0074,0.0049,0.1396,-0.1473,0.0151,0.0373,-0.0468,-0.0858,0.0846,-0.0191,0.0368,0.0000,2.0657,-4.8321,0.7981,5.1879,-0.6810
52246365,0.0036,0.0081,0.0095,0.1127,-0.0276,0.0148,0.0327,-0.0464,-0.0859,0.0846,-0.0147,0.0030,0.0000,2.2857,-5.0762,0.7981,5.2006,-0.7053
52251365,0.0037,0.0086,0.0202,0.0727,0.0252,0.0166,0.0255,-0.0431,-0.0859,0.0844,-0.0030,-0.0418,0.0000,2.5058,-5.1738,0.7981,5.2200,-0.7383
52256366,0.0038,0.0087,0.0189,0.0003,-0.0059,0.0171,0.0141,-0.0310,-0.0859,0.0838,-0.0061,-0.1175,0.0000,2.5058,-5.3953,0.7981,5.2300,-0.7640
52261366,0.0040,0.0086,0.0180,-0.0593,-0.0630,0.0184,0.0040,-0.0201,-0.0859,0.0829,-0.0070,-0.1770,0.0000,2.5058,-5.3953,0.7981,5.2450,-0.7964
52266366,0.0042,0.0081,0.0229,-0.1054,-0.0588,0.0202,-0.0057,-0.0122,-0.0860,0.0818,-0.0030,-0.2185,0.0000,2.2992,-5.2908,0.7981,5.2507,-0.8155
52271366,0.0044,0.0076,0.0202,-0.1402,0.0133,0.0194,-0.0134,-0.0065,-0.0860,0.0806,-0.0073,-0.2376,0.0000,1.6796,-4.8549,0.7981,5.2502,-0.8379
52276366,0.0045,0.0070,0.0254,-0.1408,-0.0539,0.0213,-0.0149,-0.0044,-0.0860,0.0795,-0.0048,-0.2335,0.0000,1.3698,-4.8549,0.7981,5.2502,-0.8573
52281366,0.0049,0.0062,0.0342,-0.1261,-0.0972,0.0253,-0.0153,-0.0062,-0.0860,0.0785,0.0057,-0.2053,0.0000,1.0083,-4.3033,0.7981,5.2502,-0.8747
52286365,0.0052,0.0055,0.0296,-0.1097,-0.0890,0.0261,-0.0148,-0.0079,-0.0860,0.0776,0.0065,-0.1749,0.0000,0.8534,-3.5310,0.7981,5.2508,-0.8749
52291365,0.0055,0.0049,0.0208,-0.0709,-0.0554,0.0252,-0.0096,-0.0134,-0.0860,0.0770,0.0011,-0.1224,0.0000,0.5952,-2.8690,0.7981,5.2500,-0.8801
52296365,0.0056,0.0046,0.0101,-0.0153,-0.0557,0.0236,-0.0006,-0.0208,-0.0860,0.0766,-0.0105,-0.0653,0.0000,0.4920,-2.8690,0.7981,5.2502,-0.8916
52301366,0.0057,0.0046,0.0018,0.0547,-0.0939,0.0227,0.0123,-0.0314,-0.0861,0.0767,-0.0196,0.0062,0.0000,0.3887,-2.8690,0.7981,5.2508,-0.9088
52306366,0.0057,0.0049,-0.0018,0.1225,-0.0896,0.0220,0.0254,-0.0439,-0.0862,0.0771,-0.0261,0.0789,0.0000,0.0620,-2.8690,0.7981,5.2455,-0.9203
52311366,0.0058,0.0056,-0.0015,0.1808,-0.0261,0.0207,0.0393,-0.0589,-0.0864,0.0779,-0.0356,0.1746,0.0000,-1.7604,-2.1873,0.7981,5.2025,-0.9221
52316365,0.0058,0.0066,0.0006,0.2630,0.0265,0.0208,0.0559,-0.0777,-0.0866,0.0792,-0.0304,0.2622,0.0000,-1.7604,-1.8202,0.7981,5.1955,-0.9228
52321366,0.0058,0.0078,0.0089,0.2862,-0.0166,0.0233,0.0639,-0.0865,-0.0867,0.0807,-0.0181,0.2924,0.0000,-1.7604,-1.3483,0.7981,5.1849,-0.9227
52326366,0.0060,0.0095,0.0104,0.2999,-0.0224,0.0250,0.0704,-0.0946,-0.0867,0.0822,-0.0062,0.2961,0.0000,-0.8252,-1.0861,0.7981,5.1975,-0.9223
52331365,0.0061,0.0111,0.0034,0.3161,0.0115,0.0244,0.0783,-0.1032,-0.0867,0.0837,-0.0062,0.3080,0.0000,-0.2751,-0.8239,0.7981,5.2063,-0.9228
52336366,0.0063,0.0129,-0.0092,0.3329,0.0390,0.0224,0.0877,-0.1116,-0.0868,0.0854,-0.0169,0.3263,0.0000,-0.2201,-0.6666,0.7981,5.2064,-0.9225
52341366,0.0062,0.0146,-0.0052,0.3173,0.0787,0.0226,0.0904,-0.1160,-0.0869,0.0869,-0.0111,0.3122,0.0000,-0.1650,-0.5093,0.7981,5.2063,-0.9228
52346366,0.0062,0.0162,-0.0082,0.2917,0.1187,0.0225,0.0895,-0.1165,-0.0869,0.0882,0.0008,0.2641,0.0000,1.4458,-0.4044,0.7981,5.2407,-0.9225
52351366,0.0062,0.0175,0.0021,0.2245,0.1523,0.0243,0.0806,-0.1108,-0.0868,0.0892,0.0153,0.1899,0.0000,1.9106,-0.4044,0.7981,5.2612,-0.9249
52356365,0.0062,0.0183,-0.0024,0.1423,0.1590,0.0236,0.0689,-0.0987,-0.0867,0.0896,0.0132,0.0889,0.0000,2.6862,-0.8926,0.7981,5.2851,-0.9366
52361366,0.0063,0.0184,0.0034,-0.0067,0.1156,0.0251,0.0435,-0.0730,-0.0867,0.0893,0.0117,-0.0769,0.0000,2.8317,-1.8691,0.7981,5.3049,-0.9660
52366366,0.0064,0.0183,0.0082,-0.0510,0.1450,0.0255,0.0329,-0.0640,-0.0866,0.0885,0.0119,-0.1526,0.0000,3.6147,-3.1982,0.7981,5.3336,-1.0023
52371366,0.0064,0.0180,0.0137,-0.0996,0.1700,0.0263,0.0224,-0.0552,-0.0865,0.0875,0.0146,-0.2058,0.0000,3.6147,-3.5118,0.7981,5.3553,-1.0279
52376366,0.0066,0.0174,0.0318,-0.1362,0.1758,0.0304,0.0111,-0.0482,-0.0864,0.0862,0.0318,-0.2613,0.0000,4.1951,-4.1912,0.7981,5.3823,-1.0577
52381366,0.0069,0.0168,0.0406,-0.1527,0.1682,0.0327,0.0045,-0.0436,-0.0862,0.0847,0.0338,-0.2879,0.0539,4.1951,-4.8692,0.7992,5.4074,-1.0989
52386366,0.0072,0.0161,0.0370,-0.1701,0.1456,0.0328,-0.0005,-0.0378,-0.0861,0.0832,0.0212,-0.3046,0.0539,3.6596,-5.3657,0.7994,5.4128,-1.1288
52391366,0.0075,0.0153,0.0397,-0.1762,0.1498,0.0338,-0.0038,-0.0358,-0.0860,0.0817,0.0154,-0.2962,0.0539,2.6860,-5.3657,0.7998,5.4123,-1.1610
52396366,0.0078,0.0146,0.0394,-0.1695,0.1700,0.0345,-0.0053,-0.0357,-0.0859,0.0803,0.0123,-0.2798,0.0539,2.1992,-5.2084,0.8000,5.4123,-1.1791
52401366,0.0082,0.0138,0.0431,-0.1570,0.1605,0.0366,-0.0060,-0.0368,-0.0859,0.0790,0.0117,-0.2571,0.0539,1.6150,-5.1108,0.8003,5.4121,-1.2084
52406366,0.0086,0.0131,0.0336,-0.1365,0.1016,0.0371,-0.0038,-0.0372,-0.0859,0.0779,0.0010,-0.2301,0.0539,1.3229,-4.9643,0.8005,5.4122,-1.2254
52411366,0.0088,0.0126,0.0086,-0.0916,0.1046,0.0311,0.0053,-0.0404,-0.0861,0.0770,-0.0521,-0.1769,1.6323,0.9822,-4.7428,0.8366,5.4124,-1.2506
52416365,0.0090,0.0122,-0.0067,-0.0586,0.1141,0.0290,0.0109,-0.0443,-0.0865,0.0763,-0.0647,-0.1336,1.6323,0.7874,-4.2444,0.8432,5.4121,-1.2582
52421365,0.0091,0.0119,-0.0214,-0.0281,0.1034,0.0265,0.0165,-0.0470,-0.0869,0.0758,-0.0811,-0.1001,1.6323,0.5927,-4.2444,0.8530,5.4124,-1.2837
52426366,0.0091,0.0118,-0.0379,0.0058,0.0875,0.0237,0.0238,-0.0508,-0.0874,0.0755,-0.0970,-0.0624,1.6323,0.4954,-4.0876,0.8595,5.4126,-1.2975
52431366,0.0091,0.0119,-0.0513,0.0360,0.0976,0.0211,0.0310,-0.0558,-0.0879,0.0754,-0.1072,-0.0222,1.6323,0.3493,-3.5650,0.8693,5.4122,-1.3091
52436366,0.0090,0.0121,-0.0641,0.0611,0.1248,0.0180,0.0371,-0.0599,-0.0885,0.0754,-0.1176,0.0035,1.4662,0.3006,-3.5650,0.8724,5.4126,-1.3233
52441366,0.0087,0.0127,-0.0748,0.0794,0.1440,0.0150,0.0432,-0.0637,-0.0891,0.0755,-0.1229,0.0226,1.0785,0.2033,-3.6134,0.8724,5.4122,-1.3458
52446366,0.0083,0.0133,-0.0837,0.0892,0.1447,0.0120,0.0484,-0.0659,-0.0897,0.0757,-0.1290,0.0324,0.9124,0.2033,-3.6134,0.8731,5.4130,-1.3603
52451366,0.0079,0.0139,-0.0822,0.0922,0.1431,0.0108,0.0514,-0.0677,-0.0904,0.0759,-0.1265,0.0321,0.6909,0.1546,-3.8892,0.8733,5.4130,-1.3885
52456366,0.0076,0.0143,-0.0727,0.0663,0.1795,0.0109,0.0480,-0.0658,-0.0909,0.0759,-0.1146,0.0069,0.5248,0.1059,-3.8892,0.8724,5.4124,-1.4041
52461366,0.0073,0.0147,-0.0651,0.0455,0.1911,0.0110,0.0453,-0.0636,-0.0915,0.0758,-0.1069,-0.0185,0.4140,0.1546,-4.1514,0.8731,5.4143,-1.4333
52466366,0.0070,0.0149,-0.0535,0.0177,0.1920,0.0120,0.0407,-0.0601,-0.0920,0.0755,-0.0955,-0.0500,0.3033,0.1546,-4.3955,0.8723,5.4149,-1.4549
52471366,0.0067,0.0150,-0.0425,-0.0104,0.1899,0.0132,0.0356,-0.0562,-0.0924,0.0751,-0.0849,-0.0803,0.2479,0.1546,-4.5420,0.8729,5.4158,-1.4850
52476366,0.0066,0.0150,-0.0367,-0.0440,0.1929,0.0135,0.0292,-0.0501,-0.0928,0.0745,-0.0815,-0.1196,0.1925,0.1546,-4.9296,0.8727,5.4164,-1.5120
52481366,0.0065,0.0147,-0.0305,-0.0733,0.1883,0.0143,0.0232,-0.0448,-0.0932,0.0738,-0.0744,-0.1489,0.1372,0.1546,-4.9296,0.8726,5.4174,-1.5416
52486366,0.0064,0.0144,-0.0275,-0.0965,0.1615,0.0148,0.0183,-0.0393,-0.0935,0.0729,-0.0732,-0.1753,0.1372,0.1546,-5.1387,0.8732,5.4180,-1.5662
52491366,0.0063,0.0140,-0.0247,-0.1158,0.1236,0.0156,0.0137,-0.0340,-0.0939,0.0719,-0.0707,-0.1967,0.0818,0.1546,-5.2840,0.8727,5.4189,-1.6004
52496366,0.0063,0.0135,-0.0235,-0.1261,0.0848,0.0163,0.0106,-0.0302,-0.0942,0.0709,-0.0695,-0.2071,0.0818,0.1546,-5.2840,0.8730,5.4195,-1.6216
52501366,0.0064,0.0129,-0.0220,-0.1329,0.0271,0.0175,0.0080,-0.0266,-0.0946,0.0698,-0.0670,-0.2146,0.0000,0.1546,-5.3392,0.8723,5.4205,-1.6547
52506365,0.0064,0.0123,-0.0272,-0.1316,-0.0081,0.0172,0.0072,-0.0241,-0.0949,0.0688,-0.0708,-0.2110,0.0000,0.1546,-5.1818,0.8723,5.4211,-1.6728
52511366,0.0064,0.0118,-0.0315,-0.1295,-0.0441,0.0172,0.0069,-0.0224,-0.0953,0.0678,-0.0701,-0.2003,0.0000,0.1546,-4.6050,0.8723,5.4220,-1.6896
52516366,0.0064,0.0112,-0.0388,-0.1283,-0.0688,0.0162,0.0059,-0.0195,-0.0957,0.0668,-0.0774,-0.1991,0.0000,0.1546,-4.6050,0.8723,5.4226,-1.7080
52521366,0.0064,0.0105,-0.0458,-0.1216,-0.0832,0.0154,0.0061,-0.0183,-0.0961,0.0659,-0.0802,-0.1851,0.0000,0.1546,-4.1168,0.8723,5.4236,-1.7236
52526365,0.0063,0.0100,-0.0556,-0.1142,-0.0933,0.0134,0.0067,-0.0164,-0.0965,0.0650,-0.0899,-0.1778,0.0000,0.1546,-4.1168,0.8723,5.4242,-1.7400
52531366,0.0062,0.0095,-0.0620,-0.1014,-0.1003,0.0122,0.0085,-0.0169,-0.0970,0.0642,-0.0906,-0.1551,0.0000,0.1546,-3.4522,0.8723,5.4251,-1.7503
52536365,0.0060,0.0092,-0.0690,-0.0913,-0.1012,0.0104,0.0106,-0.0171,-0.0974,0.0635,-0.0923,-0.1359,0.0000,0.1546,-2.8431,0.8723,5.4257,-1.7507
52541365,0.0057,0.0089,-0.0761,-0.0822,-0.0866,0.0080,0.0128,-0.0175,-0.0979,0.0629,-0.0931,-0.1161,0.0000,0.1546,-2.1231,0.8723,5.4267,-1.7511
52546365,0.0053,0.0087,-0.0779,-0.0748,-0.0566,0.0060,0.0140,-0.0178,-0.0983,0.0624,-0.0916,-0.1030,0.0000,0.1546,-1.7355,0.8723,5.4273,-1.7509
52551366,0.0049,0.0085,-0.0715,-0.0715,-0.0417,0.0057,0.0140,-0.0181,-0.0988,0.0619,-0.0813,-0.0930,0.0000,0.1546,-1.2924,0.8723,5.4282,-1.7510
52556366,0.0045,0.0082,-0.0660,-0.0739,-0.0273,0.0053,0.0130,-0.0172,-0.0991,0.0615,-0.0734,-0.0913,0.0000,0.1546,-1.0155,0.8723,5.4288,-1.7501
52561365,0.0042,0.0079,-0.0599,-0.0797,-0.0178,0.0051,0.0112,-0.0155,-0.0994,0.0610,-0.0654,-0.0938,0.0000,0.1546,-0.7940,0.8723,5.4297,-1.7511
52566366,0.0039,0.0076,-0.0513,-0.0849,-0.0154,0.0055,0.0091,-0.0140,-0.0997,0.0605,-0.0554,-0.0966,0.0000,0.1546,-0.6279,0.8723,5.4304,-1.7505
52571366,0.0036,0.0073,-0.0480,-0.0959,-0.0209,0.0052,0.0065,-0.0108,-0.1000,0.0600,-0.0506,-0.1051,0.0000,0.1546,-0.4617,0.8723,5.4313,-1.7505
52576366,0.0033,0.0069,-0.0397,-0.1057,-0.0301,0.0059,0.0033,-0.0081,-0.1002,0.0594,-0.0419,-0.1140,0.0000,0.1546,-0.4063,0.8723,5.4319,-1.7511
52581365,0.0031,0.0064,-0.0339,-0.1133,-0.0429,0.0065,0.0006,-0.0055,-0.1004,0.0588,-0.0351,-0.1200,0.0000,0.1546,-0.2956,0.8723,5.4328,-1.7508
52586365,0.0030,0.0059,-0.0330,-0.1231,-0.0572,0.0065,-0.0024,-0.0020,-0.1005,0.0582,-0.0337,-0.1290,0.0000,0.1546,-0.2402,0.8723,5.4335,-1.7507
52591366,0.0031,0.0054,-0.0321,-0.1295,-0.0716,0.0070,-0.0054,0.0011,-0.1007,0.0575,-0.0323,-0.1346,0.0000,0.1546,-0.1848,0.8723,5.4344,-1.7508
52596366,0.0031,0.0046,-0.0370,-0.1255,-0.0896,0.0065,-0.0065,0.0034,-0.1009,0.0569,-0.0367,-0.1298,0.0000,0.1546,-0.1294,0.8723,5.4350,-1.7503
52601366,0.0031,0.0038,-0.0406,-0.1216,-0.0918,0.0057,-0.0083,0.0061,-0.1011,0.0562,-0.0404,-0.1258,0.0000,0.1546,-0.1294,0.8723,5.4359,-1.7511
52606365,0.0029,0.0030,-0.0428,-0.1155,-0.0887,0.0044,-0.0096,0.0085,-0.1013,0.0557,-0.0421,-0.1189,0.0000,0.1546,-0.0741,0.8723,5.4365,-1.7503
52611366,0.0026,0.0022,-0.0440,-0.1090,-0.0850,0.0033,-0.0108,0.0108,-0.1015,0.0551,-0.0433,-0.1125,0.0000,0.1546,-0.0741,0.8723,5.4375,-1.7507
52616366,0.0023,0.0014,-0.0458,-0.1011,-0.0798,0.0016,-0.0113,0.0127,-0.1017,0.0546,-0.0451,-0.1045,0.0000,0.1546,-0.0741,0.8723,5.4381,-1.7510
52621366,0.0020,0.0008,-0.0446,-0.0925,-0.0670,0.0003,-0.0115,0.0138,-0.1019,0.0541,-0.0433,-0.0949,0.0000,0.1546,0.0000,0.8723,5.4390,-1.7500
52626366,0.0016,0.0003,-0.0440,-0.0874,-0.0493,-0.0014,-0.0119,0.0152,-0.1022,0.0536,-0.0427,-0.0897,0.0000,0.1546,0.0000,0.8723,5.4396,-1.7500
52631366,0.0012,-0.0001,-0.0431,-0.0828,-0.0331,-0.0017,-0.0109,0.0139,-0.1023,0.0534,-0.0258,-0.0574,0.0000,0.1546,1.8553,0.8723,5.4406,-1.7068
52636366,0.0008,-0.0005,-0.0391,-0.0803,-0.0194,-0.0026,-0.0118,0.0151,-0.1024,0.0531,-0.0218,-0.0550,0.0000,0.1546,1.8553,0.8723,5.4412,-1.6993
52641366,0.0006,-0.0011,-0.0391,-0.0785,-0.0191,-0.0035,-0.0132,0.0175,-0.1025,0.0528,-0.0218,-0.0531,0.0000,0.1546,1.8553,0.8723,5.4421,-1.6882
52646366,0.0003,-0.0017,-0.0391,-0.0800,-0.0139,-0.0049,-0.0148,0.0203,-0.1026,0.0525,-0.0218,-0.0547,0.0000,0.1546,1.8553,0.8723,5.4427,-1.6808
52651365,0.0001,-0.0020,-0.0345,-0.0883,-0.0123,-0.0046,-0.0172,0.0223,-0.1027,0.0523,-0.0150,-0.0590,0.0000,0.1546,2.1175,0.8723,5.4437,-1.6632
52656365,-0.0001,-0.0024,-0.0330,-0.1005,-0.0212,-0.0051,-0.0198,0.0257,-0.1028,0.0519,-0.0160,-0.0667,0.0000,-0.1460,2.1175,0.8723,5.4383,-1.6547
52661365,-0.0002,-0.0028,-0.0351,-0.1100,-0.0365,-0.0067,-0.0205,0.0286,-0.1029,0.0516,-0.0282,-0.0588,0.0000,-1.3144,2.1175,0.8723,5.4089,-1.6420
52666366,-0.0003,-0.0036,-0.0391,-0.1188,-0.0459,-0.0075,-0.0242,0.0334,-0.1031,0.0513,-0.0322,-0.0676,0.0000,-1.3144,2.1175,0.8723,5.4037,-1.6335
52671366,-0.0005,-0.0044,-0.0415,-0.1222,-0.0362,-0.0090,-0.0269,0.0372,-0.1032,0.0510,-0.0323,-0.0669,0.0000,-1.3144,2.3933,0.8723,5.3958,-1.6140
52676366,-0.0009,-0.0052,-0.0446,-0.1283,-0.0212,-0.0113,-0.0297,0.0418,-0.1034,0.0506,-0.0353,-0.0730,0.0000,-1.3144,2.3933,0.8723,5.3905,-1.6044
52681366,-0.0012,-0.0060,-0.0406,-0.1075,0.0029,-0.0116,-0.0286,0.0400,-0.1035,0.0504,-0.0260,-0.0428,0.0000,-1.3144,3.0229,0.8723,5.3826,-1.5751
52686365,-0.0014,-0.0067,-0.0357,-0.1008,0.0805,-0.0125,-0.0311,0.0406,-0.1036,0.0502,-0.0206,-0.0369,0.0000,-1.2616,3.0229,0.8723,5.3784,-1.5630
52691366,-0.0016,-0.0072,-0.0122,-0.0638,0.1669,-0.0097,-0.0291,0.0324,-0.1036,0.0502,0.0064,0.0079,0.0000,-1.3144,3.4933,0.8723,5.3695,-1.5332
52696366,-0.0016,-0.0077,0.0110,-0.0629,0.2277,-0.0059,-0.0339,0.0311,-0.1035,0.0503,0.0297,0.0088,0.0000,-1.3144,3.4933,0.8723,5.3643,-1.5193
52701366,-0.0016,-0.0081,0.0101,-0.0315,0.2210,-0.0055,-0.0298,0.0269,-0.1033,0.0505,0.0321,0.0460,0.0000,-1.3144,3.8809,0.8723,5.3564,-1.4893
52706366,-0.0015,-0.0084,0.0073,-0.0031,0.2060,-0.0062,-0.0244,0.0226,-0.1032,0.0510,0.0197,0.0911,0.0000,-2.4330,3.8809,0.8723,5.3273,-1.4738
52711366,-0.0014,-0.0085,-0.0012,0.0296,0.2143,-0.0075,-0.0186,0.0179,-0.1031,0.0516,0.0128,0.1267,0.0000,-2.4330,4.0762,0.8723,5.3127,-1.4459
52716366,-0.0014,-0.0084,-0.0076,0.0806,0.2406,-0.0091,-0.0094,0.0092,-0.1031,0.0525,0.0064,0.1777,0.0000,-2.4330,4.0762,0.8723,5.3030,-1.4296
52721366,-0.0015,-0.0081,-0.0046,0.1005,0.2509,-0.0090,-0.0056,0.0050,-0.1031,0.0535,0.0077,0.1944,0.0000,-2.4330,3.8665,0.8723,5.2884,-1.4102
52726366,-0.0015,-0.0078,-0.0134,0.1194,0.2183,-0.0103,-0.0004,0.0023,-0.1031,0.0545,0.0022,0.2076,0.0000,-2.0452,3.8665,0.8723,5.2873,-1.3947
52731366,-0.0014,-0.0073,-0.0113,0.1185,0.1914,-0.0090,0.0007,0.0009,-0.1030,0.0555,0.0024,0.2034,0.0000,-2.0452,3.6458,0.8723,5.2750,-1.3760
52736366,-0.0013,-0.0068,-0.0278,0.1054,0.2103,-0.0125,0.0012,0.0032,-0.1031,0.0564,-0.0198,0.1804,0.0000,-2.0452,2.9838,0.8723,5.2669,-1.3759
52741365,-0.0012,-0.0065,-0.0403,0.0880,0.2030,-0.0152,0.0001,0.0073,-0.1033,0.0572,-0.0389,0.1514,0.0000,-2.0452,2.2115,0.8723,5.2546,-1.3758
52746366,-0.0014,-0.0060,-0.0528,0.0745,0.1792,-0.0182,0.0009,0.0104,-0.1036,0.0578,-0.0525,0.1284,0.0000,-1.7870,1.8254,0.8723,5.2519,-1.3755
52751366,-0.0017,-0.0056,-0.0559,0.0458,0.1563,-0.0184,-0.0046,0.0170,-0.1038,0.0581,-0.0420,0.0613,0.0000,0.2909,1.3289,0.8723,5.2887,-1.3760
52756366,-0.0020,-0.0054,-0.0666,0.0092,0.1538,-0.0219,-0.0085,0.0244,-0.1041,0.0582,-0.0546,0.0214,0.0000,0.2909,1.1082,0.8723,5.2898,-1.3755
52761366,-0.0023,-0.0054,-0.0715,-0.0238,0.1608,-0.0243,-0.0131,0.0312,-0.1044,0.0581,-0.0618,-0.0157,0.0000,0.2909,0.8324,0.8723,5.2916,-1.3753
52766365,-0.0027,-0.0056,-0.0663,-0.0577,0.1422,-0.0249,-0.0190,0.0383,-0.1047,0.0579,-0.0581,-0.0521,0.0000,0.2909,0.6669,0.8723,5.2927,-1.3757
52771366,-0.0032,-0.0060,-0.0605,-0.0809,0.1312,-0.0255,-0.0238,0.0442,-0.1050,0.0575,-0.0537,-0.0778,0.0000,0.2909,0.5014,0.8723,5.2945,-1.3755
52776366,-0.0036,-0.0065,-0.0458,-0.1014,0.1251,-0.0243,-0.0297,0.0491,-0.1052,0.0570,-0.0400,-0.0999,0.0000,0.2909,0.3911,0.8723,5.2956,-1.3759
52781366,-0.0039,-0.0071,-0.0308,-0.1151,0.1266,-0.0217,-0.0356,0.0524,-0.1052,0.0564,-0.0123,-0.1153,-0.7892,0.2909,0.2807,0.8558,5.2974,-1.3760
52786366,-0.0040,-0.0079,0.0055,-0.1090,0.1083,-0.0138,-0.0407,0.0503,-0.1050,0.0559,0.0388,-0.1100,-1.6713,0.2909,0.2256,0.8325,5.2985,-1.3761
52791366,-0.0040,-0.0086,0.0183,-0.0941,0.0854,-0.0113,-0.0409,0.0489,-0.1048,0.0554,0.0471,-0.0856,-1.6713,-0.2909,0.2807,0.8225,5.2882,-1.3733
52796366,-0.0038,-0.0092,0.0354,-0.0690,0.0851,-0.0074,-0.0407,0.0448,-0.1045,0.0551,0.0642,-0.0605,-1.6713,-0.2909,0.2807,0.8158,5.2870,-1.3722
52801366,-0.0036,-0.0096,0.0504,-0.0394,0.0830,-0.0035,-0.0392,0.0396,-0.1041,0.0550,0.0792,-0.0309,-1.6713,-0.2909,0.2807,0.8058,5.2853,-1.3705
52806366,-0.0033,-0.0099,0.0586,-0.0073,0.0637,-0.0004,-0.0359,0.0339,-0.1036,0.0550,0.0882,0.0041,-1.6174,-0.2909,0.4745,0.8002,5.2841,-1.3655
52811366,-0.0029,-0.0101,0.0596,0.0226,0.0274,0.0019,-0.0306,0.0276,-0.1032,0.0553,0.0942,0.0542,-1.2405,-0.2909,1.8306,0.7992,5.2824,-1.3298
52816366,-0.0026,-0.0101,0.0550,0.0415,0.0029,0.0025,-0.0274,0.0248,-0.1027,0.0556,0.0849,0.0732,-0.9712,-0.2909,1.8306,0.8001,5.2812,-1.3225
52821366,-0.0022,-0.0100,0.0418,0.0571,-0.0075,0.0013,-0.0238,0.0228,-0.1024,0.0561,0.0681,0.0888,-0.7558,-0.2909,1.8306,0.7993,5.2795,-1.3115
52826366,-0.0019,-0.0099,0.0238,0.0782,-0.0496,-0.0010,-0.0175,0.0204,-0.1022,0.0567,0.0450,0.1137,-0.5942,-0.5491,1.8306,0.7999,5.2731,-1.3042
52831366,-0.0019,-0.0097,-0.0070,0.0837,-0.0630,-0.0074,-0.0118,0.0216,-0.1022,0.0573,0.0012,0.1307,-0.4327,-1.5302,1.6215,0.8000,5.2455,-1.2977
52836366,-0.0019,-0.0095,-0.0168,0.0880,-0.0640,-0.0097,-0.0096,0.0217,-0.1022,0.0580,-0.0122,0.1303,-0.3788,-1.5302,1.3080,0.7994,5.2394,-1.2982
52841365,-0.0019,-0.0093,-0.0260,0.0870,-0.0646,-0.0120,-0.0083,0.0227,-0.1024,0.0586,-0.0263,0.1239,-0.2711,-1.5302,0.9421,0.7997,5.2302,-1.2987
52846365,-0.0022,-0.0088,-0.0357,0.0822,-0.0691,-0.0149,-0.0058,0.0234,-0.1025,0.0592,-0.0384,0.1167,-0.2172,-1.5302,0.7853,0.7998,5.2241,-1.2983
52851365,-0.0025,-0.0083,-0.0382,0.0761,-0.0756,-0.0168,-0.0044,0.0241,-0.1028,0.0597,-0.0435,0.1074,-0.1634,-1.5302,0.5763,0.7997,5.2149,-1.2984
52856366,-0.0028,-0.0079,-0.0394,0.0672,-0.0652,-0.0186,-0.0039,0.0250,-0.1030,0.0602,-0.0466,0.0970,-0.1095,-1.5302,0.4718,0.8002,5.2088,-1.2983
52861366,-0.0031,-0.0076,-0.0330,0.0565,-0.0411,-0.0187,-0.0053,0.0255,-0.1032,0.0606,-0.0387,0.0807,-0.1095,-1.2551,0.3673,0.7995,5.2057,-1.2979
52866366,-0.0033,-0.0073,-0.0241,0.0443,-0.0252,-0.0181,-0.0072,0.0263,-0.1033,0.0609,-0.0289,0.0636,-0.0557,-0.9800,0.3150,0.8002,5.2068,-1.2977
52871366,-0.0036,-0.0071,-0.0144,0.0327,-0.0197,-0.0170,-0.0093,0.0271,-0.1034,0.0611,-0.0181,0.0471,-0.0557,-0.7600,0.2105,0.7998,5.2059,-1.2983
52876366,-0.0036,-0.0070,0.0113,0.0086,-0.0123,-0.0125,-0.0157,0.0286,-0.1034,0.0612,0.0085,0.0198,-0.0557,-0.5949,0.1582,0.7996,5.2065,-1.2985
52881366,-0.0036,-0.0070,0.0272,-0.0031,-0.0001,-0.0095,-0.0194,0.0289,-0.1032,0.0613,0.0263,0.0065,-0.0557,-0.4299,0.2105,0.7993,5.2067,-1.2965
52886366,-0.0036,-0.0071,0.0385,-0.0134,-0.0013,-0.0072,-0.0226,0.0299,-0.1031,0.0612,0.0371,-0.0047,0.0000,-0.3749,0.2105,0.8002,5.2061,-1.2957
52891366,-0.0035,-0.0072,0.0483,-0.0199,-0.0081,-0.0049,-0.0254,0.0306,-0.1028,0.0612,0.0478,-0.0128,0.0000,-0.2649,0.2105,0.8002,5.2064,-1.2944
52896366,-0.0032,-0.0076,0.0507,-0.0189,-0.0120,-0.0030,-0.0274,0.0309,-0.1026,0.0611,0.0507,-0.0127,0.0000,-0.2099,0.2105,0.8002,5.2065,-1.2936
52901366,-0.0029,-0.0079,0.0495,-0.0171,-0.0078,-0.0020,-0.0289,0.0313,-0.1023,0.0611,0.0500,-0.0117,0.0000,-0.1548,0.2105,0.8002,5.2065,-1.2923
52906366,-0.0026,-0.0083,0.0461,-0.0098,-0.0032,-0.0016,-0.0291,0.0308,-0.1021,0.0610,0.0466,-0.0043,0.0000,-0.1548,0.2105,0.8002,5.2059,-1.2916
52911365,-0.0024,-0.0085,0.0425,0.0003,-0.0044,-0.0013,-0.0285,0.0300,-0.1019,0.0611,0.0434,0.0049,0.0000,-0.0998,0.2105,0.8002,5.2063,-1.2902
52916366,-0.0022,-0.0087,0.0373,0.0113,-0.0078,-0.0014,-0.0273,0.0289,-0.1017,0.0611,0.0382,0.0159,0.0000,-0.0998,0.2105,0.8002,5.2059,-1.2895
52921366,-0.0020,-0.0088,0.0250,0.0388,0.0063,-0.0031,-0.0224,0.0253,-0.1015,0.0614,0.0265,0.0426,0.0000,-0.0448,0.2105,0.8002,5.2066,-1.2881
52926366,-0.0018,-0.0088,0.0238,0.0513,0.0155,-0.0028,-0.0206,0.0229,-0.1014,0.0616,0.0252,0.0551,0.0000,-0.0448,0.2105,0.8002,5.2064,-1.2874
52931366,-0.0018,-0.0087,0.0168,0.0599,0.0182,-0.0043,-0.0182,0.0218,-0.1013,0.0619,0.0182,0.0637,0.0000,-0.0448,0.2105,0.8002,5.2062,-1.2860
52936366,-0.0019,-0.0085,0.0153,0.0666,0.0216,-0.0049,-0.0162,0.0203,-0.1012,0.0623,0.0167,0.0704,0.0000,-0.0448,0.2105,0.8002,5.2060,-1.2853
52941366,-0.0020,-0.0082,0.0199,0.0702,0.0319,-0.0044,-0.0149,0.0181,-0.1011,0.0627,0.0213,0.0741,0.0000,-0.0448,0.2105,0.8002,5.2057,-1.2839
52946365,-0.0020,-0.0078,0.0192,0.0702,0.0448,-0.0048,-0.0135,0.0166,-0.1010,0.0630,0.0210,0.0734,0.0000,0.0000,0.2105,0.8002,5.2068,-1.2832
52951366,-0.0020,-0.0073,0.0208,0.0651,0.0561,-0.0046,-0.0133,0.0157,-0.1009,0.0634,0.0226,0.0682,0.0000,0.0000,0.2105,0.8002,5.2068,-1.2818
52956366,-0.0020,-0.0070,0.0232,0.0593,0.0643,-0.0043,-0.0133,0.0151,-0.1008,0.0637,0.0250,0.0624,0.0000,0.0000,0.2105,0.8002,5.2068,-1.2811
52961365,-0.0020,-0.0067,0.0266,0.0510,0.0689,-0.0036,-0.0140,0.0149,-0.1007,0.0640,0.0284,0.0541,0.0000,0.0000,0.2105,0.8002,5.2068,-1.2797
52966366,-0.0020,-0.0064,0.0287,0.0400,0.0875,-0.0033,-0.0153,0.0153,-0.1005,0.0642,0.0305,0.0432,0.0000,0.0000,0.2105,0.8002,5.2068,-1.2790
52971366,-0.0019,-0.0061,0.0415,0.0342,0.0894,-0.0005,-0.0169,0.0139,-0.1003,0.0644,0.0433,0.0373,0.0000,0.0000,0.2105,0.8002,5.2068,-1.2776
52976366,-0.0017,-0.0059,0.0464,0.0302,0.0857,0.0009,-0.0175,0.0132,-0.1000,0.0645,0.0482,0.0334,0.0000,0.0000,0.2105,0.8002,5.2068,-1.2769
52981366,-0.0016,-0.0057,0.0498,0.0257,0.0817,0.0021,-0.0181,0.0129,-0.0998,0.0647,0.0516,0.0288,0.0000,0.0000,0.2105,0.8002,5.2068,-1.2755
52986366,-0.0015,-0.0056,0.0544,0.0247,0.0836,0.0035,-0.0184,0.0118,-0.0995,0.0648,0.0562,0.0279,0.0000,0.0000,0.2105,0.8002,5.2068,-1.2748
52991366,-0.0014,-0.0055,0.0565,0.0275,0.0857,0.0043,-0.0181,0.0105,-0.0992,0.0650,0.0583,0.0306,0.0000,0.0000,0.2105,0.8002,5.2068,-1.2734
52996366,-0.0012,-0.0056,0.0559,0.0284,0.0839,0.0050,-0.0186,0.0104,-0.0989,0.0651,0.0577,0.0315,0.0000,0.0000,0.2105,0.8002,5.2068,-1.2727
53001366,-0.0007,-0.0054,0.0528,0.0305,0.0836,0.0064,-0.0183,0.0087,-0.0987,0.0653,0.0546,0.0337,0.0000,0.0000,0.2105,0.8002,5.2068,-1.2713
53006366,-0.0002,-0.0053,0.0525,0.0327,0.0836,0.0083,-0.0185,0.0070,-0.0984,0.0655,0.0543,0.0358,0.0000,0.0000,0.2105,0.8002,5.2068,-1.2706
53011366,0.0003,-0.0052,0.0513,0.0360,0.0854,0.0100,-0.0186,0.0053,-0.0981,0.0657,0.0531,0.0392,0.0000,0.0000,0.2105,0.8002,5.2068,-1.2692
53016366,0.0007,-0.0049,0.0461,0.0400,0.0836,0.0105,-0.0171,0.0033,-0.0979,0.0659,0.0479,0.0431,0.0000,0.0000,0.2105,0.8002,5.2068,-1.2685
53021366,0.0010,-0.0046,0.0461,0.0406,0.0814,0.0118,-0.0164,0.0015,-0.0976,0.0661,0.0479,0.0438,0.0000,0.0000,0.2105,0.8002,5.2068,-1.2671
53026366,0.0013,-0.0043,0.0440,0.0406,0.0784,0.0128,-0.0157,-0.0001,-0.0974,0.0663,0.0458,0.0438,0.0000,0.0000,0.2105,0.8002,5.2068,-1.2664
53031366,0.0016,-0.0039,0.0412,0.0397,0.0753,0.0136,-0.0151,-0.0014,-0.0972,0.0665,0.0430,0.0428,0.0000,0.0000,0.2105,0.8002,5.2068,-1.2650
53036366,0.0018,-0.0036,0.0394,0.0388,0.0723,0.0141,-0.0143,-0.0026,-0.0970,0.0667,0.0412,0.0419,0.0000,0.0000,0.2105,0.8002,5.2068,-1.2643
53041366,0.0020,-0.0033,0.0379,0.0391,0.0668,0.0148,-0.0133,-0.0041,-0.0968,0.0670,0.0397,0.0422,0.0000,0.0000,0.2105,0.8002,5.2068,-1.2629
53046365,0.0022,-0.0029,0.0370,0.0354,0.0582,0.0154,-0.0130,-0.0047,-0.0966,0.0672,0.0388,0.0386,0.0000,0.0000,0.2105,0.8002,5.2068,-1.2621
53051366,0.0024,-0.0027,0.0406,0.0315,0.0515,0.0159,-0.0127,-0.0051,-0.0965,0.0673,0.0280,0.0346,0.8356,0.0000,0.2105,0.8178,5.2068,-1.2608
53056366,0.0026,-0.0024,0.0437,0.0287,0.0475,0.0162,-0.0123,-0.0057,-0.0964,0.0675,0.0183,0.0318,1.5784,0.0000,0.2105,0.8382,5.2068,-1.2600
53061366,0.0027,-0.0022,0.0455,0.0205,0.0310,0.0174,-0.0132,-0.0054,-0.0963,0.0676,0.0201,0.0236,1.5784,0.0000,0.2105,0.8477,5.2068,-1.2587
53066366,0.0029,-0.0020,0.0483,0.0168,0.0249,0.0187,-0.0137,-0.0060,-0.0961,0.0677,0.0229,0.0199,1.5784,0.0000,0.2105,0.8540,5.2068,-1.2579
53071366,0.0031,-0.0018,0.0528,0.0144,0.0173,0.0205,-0.0142,-0.0070,-0.0960,0.0678,0.0275,0.0175,1.5784,0.0000,0.2105,0.8635,5.2068,-1.2565
53076366,0.0033,-0.0016,0.0544,0.0092,0.0103,0.0214,-0.0148,-0.0070,-0.0959,0.0678,0.0242,0.0123,1.8553,0.0000,0.2105,0.8757,5.2068,-1.2558
53081366,0.0037,-0.0015,0.0626,0.0052,0.0032,0.0247,-0.0164,-0.0084,-0.0957,0.0679,0.0325,0.0083,1.8553,0.0000,0.2105,0.8869,5.2068,-1.2544
53086366,0.0041,-0.0013,0.0718,0.0034,0.0084,0.0276,-0.0178,-0.0102,-0.0955,0.0679,0.0416,0.0064,1.8553,0.0000,0.2105,0.8943,5.2068,-1.2537
53091366,0.0046,-0.0012,0.0654,-0.0009,0.0402,0.0266,-0.0203,-0.0079,-0.0954,0.0678,0.0177,-0.0282,1.8553,0.0000,-1.8291,0.9054,5.2068,-1.2992
53096366,0.0050,-0.0013,0.0525,-0.0021,0.0600,0.0251,-0.0204,-0.0070,-0.0955,0.0676,-0.0062,-0.0294,2.4971,0.0000,-1.8291,0.9267,5.2068,-1.3054
53101366,0.0054,-0.0014,0.0275,-0.0040,0.0677,0.0216,-0.0194,-0.0049,-0.0956,0.0675,-0.0313,-0.0313,2.4971,0.0000,-1.8291,0.9417,5.2068,-1.3175
53106366,0.0057,-0.0014,0.0037,0.0186,0.1019,0.0176,-0.0142,-0.0073,-0.0959,0.0674,-0.0551,-0.0087,2.4971,0.0000,-1.8291,0.9517,5.2068,-1.3237
53111366,0.0056,-0.0015,-0.0312,0.0269,0.0936,0.0115,-0.0099,-0.0052,-0.0963,0.0674,-0.0826,0.0010,2.1209,0.0000,-1.7323,0.9586,5.2068,-1.3338
53116366,0.0056,-0.0014,-0.0354,0.0455,0.0967,0.0108,-0.0062,-0.0083,-0.0967,0.0676,-0.0840,0.0233,2.0739,0.0000,-1.4901,0.9659,5.2068,-1.3345
53121366,0.0056,-0.0014,-0.0363,0.0605,0.0998,0.0108,-0.0030,-0.0116,-0.0971,0.0678,-0.0811,0.0447,2.0739,0.0000,-1.0542,0.9784,5.2068,-1.3341
53126366,0.0055,-0.0012,-0.0400,0.0702,0.0903,0.0099,-0.0002,-0.0131,-0.0975,0.0681,-0.0836,0.0567,2.0739,0.0000,-0.9089,0.9867,5.2068,-1.3345
53131366,0.0052,-0.0010,-0.0388,0.0800,0.0817,0.0092,0.0030,-0.0153,-0.0979,0.0684,-0.0789,0.0708,2.0176,0.0000,-0.6183,0.9980,5.2068,-1.3338
53136366,0.0049,-0.0007,-0.0321,0.0849,0.0753,0.0098,0.0049,-0.0176,-0.0983,0.0688,-0.0655,0.0771,1.6795,0.0000,-0.5215,0.9986,5.2068,-1.3338
53141365,0.0046,-0.0002,-0.0165,0.0892,0.0732,0.0125,0.0060,-0.0213,-0.0985,0.0692,-0.0409,0.0836,1.2288,0.0000,-0.3762,0.9982,5.2068,-1.3340
53146365,0.0044,0.0001,0.0015,0.0889,0.0710,0.0156,0.0057,-0.0241,-0.0986,0.0696,-0.0194,0.0825,1.0034,0.0000,-0.4246,0.9982,5.2068,-1.3363
53151366,0.0045,0.0007,0.0202,0.0846,0.0549,0.0199,0.0051,-0.0270,-0.0986,0.0700,0.0031,0.0783,0.7780,0.0000,-0.4246,0.9984,5.2068,-1.3392
53156366,0.0047,0.0011,0.0562,0.0651,0.0304,0.0282,-0.0004,-0.0290,-0.0983,0.0703,0.0421,0.0587,0.6090,0.0000,-0.4246,0.9983,5.2068,-1.3406
53161366,0.0051,0.0015,0.0608,0.0394,0.0072,0.0312,-0.0045,-0.0269,-0.0981,0.0705,0.0495,0.0331,0.4400,0.0000,-0.4246,0.9981,5.2068,-1.3434
53166366,0.0055,0.0017,0.0644,0.0144,0.0081,0.0337,-0.0093,-0.0247,-0.0978,0.0705,0.0542,0.0080,0.3836,0.0000,-0.4246,0.9986,5.2068,-1.3448
53171366,0.0060,0.0017,0.0666,-0.0113,0.0017,0.0354,-0.0151,-0.0203,-0.0976,0.0704,0.0488,-0.0340,0.2709,0.0000,-1.5279,0.9982,5.2068,-1.3710
53176366,0.0065,0.0016,0.0638,-0.0266,-0.0172,0.0371,-0.0187,-0.0177,-0.0974,0.0701,0.0451,-0.0526,0.2146,0.0000,-1.7486,0.9981,5.2068,-1.3813
53181366,0.0070,0.0013,0.0501,-0.0434,-0.0368,0.0368,-0.0219,-0.0134,-0.0972,0.0697,0.0323,-0.0694,0.1583,0.0000,-1.7486,0.9981,5.2068,-1.3928
53186366,0.0074,0.0011,0.0418,-0.0547,-0.0285,0.0367,-0.0248,-0.0108,-0.0971,0.0693,0.0231,-0.0807,0.2146,0.0000,-1.7486,1.0000,5.2068,-1.3987
53191366,0.0078,0.0008,0.0308,-0.0614,-0.0120,0.0358,-0.0267,-0.0086,-0.0970,0.0689,0.0121,-0.0874,0.2146,0.0000,-1.7486,1.0013,5.2068,-1.4103
53196366,0.0081,0.0004,0.0153,-0.0651,-0.0875,0.0350,-0.0271,-0.0045,-0.0970,0.0684,-0.0035,-0.0911,0.2146,0.0000,-1.7486,1.0022,5.2068,-1.4162
53201365,0.0082,-0.0000,-0.0165,-0.0461,-0.0957,0.0296,-0.0222,-0.0037,-0.0972,0.0681,-0.0330,-0.0682,0.2146,0.0000,-1.4864,1.0035,5.2068,-1.4222
53206366,0.0082,-0.0004,-0.0244,-0.0220,-0.0768,0.0281,-0.0187,-0.0064,-0.0974,0.0679,-0.0396,-0.0402,0.2146,-0.0550,-1.2766,1.0043,5.2055,-1.4227
53211366,0.0081,-0.0006,-0.0324,0.0061,-0.0600,0.0263,-0.0139,-0.0101,-0.0976,0.0679,-0.0444,-0.0066,0.2146,-0.0550,-0.9096,1.0056,5.2052,-1.4225
53216365,0.0081,-0.0007,-0.0412,0.0302,-0.0859,0.0247,-0.0087,-0.0127,-0.0979,0.0680,-0.0519,0.0199,0.2146,-0.0550,-0.7523,1.0065,5.2050,-1.4222
53221366,0.0080,-0.0006,-0.0425,0.0483,-0.1159,0.0249,-0.0049,-0.0156,-0.0981,0.0682,-0.0513,0.0410,0.2146,-0.0550,-0.5425,1.0078,5.2047,-1.4223
53226366,0.0080,-0.0006,-0.0376,0.0635,-0.1095,0.0255,-0.0025,-0.0188,-0.0984,0.0685,-0.0460,0.0571,0.2146,-0.0550,-0.4901,1.0086,5.2044,-1.4230
53231366,0.0077,-0.0004,-0.0336,0.0678,-0.0863,0.0250,-0.0014,-0.0203,-0.0986,0.0688,-0.0406,0.0637,0.2146,-0.0550,-0.3328,1.0099,5.2041,-1.4224
53236366,0.0074,-0.0001,-0.0229,0.0684,-0.0679,0.0257,-0.0007,-0.0224,-0.0987,0.0691,-0.0295,0.0651,0.2146,-0.0550,-0.2803,1.0108,5.2039,-1.4224
53241366,0.0073,0.0004,-0.0140,0.0641,-0.0750,0.0272,-0.0004,-0.0240,-0.0988,0.0694,-0.0197,0.0623,0.2146,-0.0550,-0.1754,1.0121,5.2036,-1.4219
53246366,0.0074,0.0007,0.0034,0.0354,-0.0676,0.0307,-0.0059,-0.0222,-0.0988,0.0696,-0.0023,0.0336,0.2146,-0.0550,-0.1754,1.0129,5.2033,-1.4225
53251366,0.0075,0.0009,0.0125,0.0180,-0.0551,0.0328,-0.0092,-0.0214,-0.0988,0.0697,0.0073,0.0170,0.2146,-0.0550,-0.1230,1.0142,5.2031,-1.4224
53256366,0.0076,0.0011,0.0177,0.0055,-0.0572,0.0343,-0.0115,-0.0206,-0.0987,0.0697,0.0125,0.0045,0.2146,-0.0550,-0.1230,1.0151,5.2027,-1.4228
53261366,0.0079,0.0011,0.0205,-0.0037,-0.0719,0.0361,-0.0134,-0.0200,-0.0987,0.0697,0.0157,-0.0039,0.2146,-0.0550,-0.0706,1.0163,5.2025,-1.4223
53266366,0.0082,0.0011,0.0217,-0.0116,-0.0750,0.0377,-0.0156,-0.0192,-0.0986,0.0696,0.0169,-0.0118,0.2146,-0.0550,-0.0706,1.0172,5.2022,-1.4226
53271366,0.0085,0.0009,0.0183,-0.0122,-0.0609,0.0382,-0.0166,-0.0193,-0.0985,0.0696,0.0142,-0.0114,0.2146,-0.0550,0.0000,1.0185,5.2020,-1.4219
53276366,0.0088,0.0008,0.0140,-0.0079,-0.0533,0.0385,-0.0168,-0.0196,-0.0984,0.0695,0.0099,-0.0071,0.2146,-0.0550,0.0000,1.0194,5.2016,-1.4219
53281366,0.0091,0.0006,0.0070,-0.0012,-0.0582,0.0381,-0.0160,-0.0199,-0.0984,0.0695,0.0029,-0.0004,0.2146,-0.0550,0.0000,1.0204,5.2014,-1.4219
53286366,0.0093,0.0005,-0.0006,0.0086,-0.0566,0.0375,-0.0144,-0.0209,-0.0985,0.0696,-0.0048,0.0094,0.2146,-0.0550,0.0000,1.0217,5.2011,-1.4219
53291366,0.0095,0.0005,-0.0092,0.0202,-0.0365,0.0364,-0.0122,-0.0227,-0.0985,0.0697,-0.0133,0.0210,0.2146,-0.0550,0.0000,1.0226,5.2009,-1.4219
53296366,0.0096,0.0006,-0.0226,0.0202,-0.0346,0.0342,-0.0111,-0.0218,-0.0987,0.0698,-0.0268,0.0210,0.2146,-0.0550,0.0000,1.0239,5.2006,-1.4219
53301366,0.0096,0.0007,-0.0315,0.0220,-0.0377,0.0328,-0.0096,-0.0217,-0.0988,0.0699,-0.0356,0.0228,0.2146,-0.0550,0.0000,1.0247,5.2003,-1.4219
53306366,0.0097,0.0008,-0.0342,0.0241,-0.0319,0.0324,-0.0087,-0.0224,-0.0990,0.0700,-0.0384,0.0249,0.2146,-0.0550,0.0000,1.0260,5.2000,-1.4219
53311366,0.0097,0.0009,-0.0360,0.0195,-0.0224,0.0320,-0.0090,-0.0221,-0.0992,0.0701,-0.0402,0.0204,0.2146,-0.0550,0.0000,1.0269,5.1998,-1.4219
53316366,0.0097,0.0011,-0.0385,0.0183,-0.0169,0.0315,-0.0086,-0.0223,-0.0994,0.0702,-0.0427,0.0191,0.2146,-0.0550,0.0000,1.0281,5.1995,-1.4219
53321365,0.0097,0.0012,-0.0394,0.0153,-0.0188,0.0313,-0.0084,-0.0221,-0.0997,0.0703,-0.0436,0.0161,0.2146,-0.0550,0.0000,1.0290,5.1992,-1.4219
53326366,0.0096,0.0014,-0.0403,0.0125,-0.0188,0.0308,-0.0081,-0.0221,-0.0999,0.0704,-0.0445,0.0133,0.2146,-0.0550,0.0000,1.0303,5.1989,-1.4219
53331366,0.0096,0.0015,-0.0394,0.0116,-0.0075,0.0308,-0.0079,-0.0226,-0.1001,0.0704,-0.0436,0.0124,0.2146,-0.0550,0.0000,1.0312,5.1987,-1.4219
53336366,0.0096,0.0017,-0.0391,0.0110,0.0170,0.0305,-0.0080,-0.0232,-0.1003,0.0705,-0.0433,0.0118,0.2146,-0.0550,0.0000,1.0324,5.1984,-1.4219
53341366,0.0096,0.0018,-0.0360,0.0137,0.0234,0.0310,-0.0074,-0.0245,-0.1005,0.0706,-0.0402,0.0146,0.2146,-0.0550,0.0000,1.0333,5.1981,-1.4219
53346366,0.0095,0.0020,-0.0348,0.0125,0.0347,0.0308,-0.0071,-0.0251,-0.1007,0.0706,-0.0390,0.0133,0.2146,-0.0550,0.0000,1.0346,5.1978,-1.4219
53351366,0.0095,0.0022,-0.0318,0.0104,0.0491,0.0309,-0.0071,-0.0257,-0.1009,0.0707,-0.0359,0.0112,0.2146,-0.0550,0.0000,1.0354,5.1976,-1.4219
53356366,0.0094,0.0023,-0.0302,0.0070,0.0628,0.0309,-0.0074,-0.0259,-0.1011,0.0707,-0.0344,0.0078,0.2146,-0.0550,0.0000,1.0367,5.1973,-1.4219
53361366,0.0094,0.0025,-0.0293,0.0055,0.0701,0.0309,-0.0073,-0.0263,-0.1012,0.0707,-0.0335,0.0063,0.2146,-0.0550,0.0000,1.0376,5.1970,-1.4219
53366366,0.0094,0.0026,-0.0302,0.0027,0.0759,0.0306,-0.0073,-0.0263,-0.1014,0.0708,-0.0344,0.0036,0.2146,-0.0550,0.0000,1.0389,5.1967,-1.4219
53371366,0.0094,0.0027,-0.0324,0.0031,0.0827,0.0301,-0.0067,-0.0266,-0.1016,0.0708,-0.0365,0.0039,0.2146,-0.0550,0.0000,1.0397,5.1965,-1.4219
53376366,0.0094,0.0028,-0.0342,-0.0006,0.0897,0.0298,-0.0071,-0.0261,-0.1018,0.0708,-0.0384,0.0002,0.2146,-0.0550,0.0000,1.0410,5.1962,-1.4219
53381366,0.0094,0.0028,-0.0373,-0.0024,0.0943,0.0292,-0.0071,-0.0257,-0.1020,0.0708,-0.0414,-0.0016,0.2146,-0.0550,0.0000,1.0419,5.1959,-1.4219
53386366,0.0094,0.0028,-0.0446,-0.0037,0.0921,0.0278,-0.0065,-0.0248,-0.1022,0.0708,-0.0488,-0.0029,0.2146,-0.0550,0.0000,1.0432,5.1956,-1.4219
53391366,0.0094,0.0028,-0.0452,-0.0031,0.0918,0.0277,-0.0064,-0.0248,-0.1025,0.0708,-0.0494,-0.0022,0.2146,-0.0550,0.0000,1.0440,5.1954,-1.4219
53396366,0.0094,0.0027,-0.0489,-0.0027,0.0906,0.0269,-0.0061,-0.0243,-0.1027,0.0707,-0.0530,-0.0019,0.2146,-0.0550,0.0000,1.0453,5.1951,-1.4219
53401366,0.0094,0.0027,-0.0522,-0.0009,0.0869,0.0262,-0.0055,-0.0240,-0.1030,0.0707,-0.0564,-0.0001,0.2146,-0.0550,0.0000,1.0462,5.1948,-1.4219
53406366,0.0093,0.0027,-0.0528,0.0003,0.0796,0.0260,-0.0051,-0.0240,-0.1033,0.0707,-0.0570,0.0011,0.2146,-0.0550,0.0000,1.0475,5.1945,-1.4219
53411366,0.0092,0.0028,-0.0538,0.0003,0.0750,0.0255,-0.0044,-0.0239,-0.1036,0.0708,-0.0579,0.0011,0.2146,-0.0550,0.0000,1.0483,5.1943,-1.4219
53416365,0.0092,0.0028,-0.0556,0.0006,0.0710,0.0249,-0.0038,-0.0239,-0.1039,0.0708,-0.0588,0.0014,0.1607,-0.0550,0.0000,1.0484,5.1940,-1.4219
53421366,0.0089,0.0030,-0.0541,0.0015,0.0674,0.0242,-0.0027,-0.0241,-0.1042,0.0708,-0.0573,0.0023,0.1607,-0.0550,0.0000,1.0491,5.1938,-1.4219
53426366,0.0086,0.0031,-0.0538,0.0003,0.0616,0.0234,-0.0019,-0.0239,-0.1045,0.0708,-0.0561,0.0011,0.1069,-0.0550,0.0000,1.0487,5.1934,-1.4219
53431366,0.0084,0.0032,-0.0507,-0.0055,0.0500,0.0232,-0.0021,-0.0230,-0.1047,0.0708,-0.0530,-0.0047,0.1069,-0.0550,0.0000,1.0491,5.1932,-1.4219
53436366,0.0082,0.0034,-0.0504,-0.0061,0.0423,0.0224,-0.0013,-0.0227,-0.1050,0.0707,-0.0518,-0.0053,0.0530,-0.0550,0.0000,1.0484,5.1929,-1.4219
53441366,0.0079,0.0035,-0.0489,-0.0095,0.0371,0.0219,-0.0012,-0.0221,-0.1052,0.0707,-0.0503,-0.0086,0.0530,-0.0550,0.0000,1.0486,5.1927,-1.4219
53446366,0.0078,0.0035,-0.0495,-0.0107,0.0304,0.0212,-0.0007,-0.0218,-0.1055,0.0706,-0.0509,-0.0099,0.0530,-0.0550,0.0000,1.0489,5.1923,-1.4219
53451366,0.0077,0.0035,-0.0486,-0.0150,0.0228,0.0213,-0.0013,-0.0209,-0.1057,0.0706,-0.0500,-0.0141,0.0530,-0.0550,0.0000,1.0491,5.1921,-1.4219
53456366,0.0077,0.0034,-0.0486,-0.0144,0.0164,0.0214,-0.0014,-0.0206,-0.1060,0.0705,-0.0490,-0.0135,0.0000,-0.0550,0.0000,1.0481,5.1918,-1.4219
53461366,0.0077,0.0032,-0.0513,-0.0165,0.0127,0.0208,-0.0021,-0.0192,-0.1062,0.0704,-0.0518,-0.0157,0.0000,-0.0550,0.0000,1.0481,5.1916,-1.4219
53466366,0.0076,0.0029,-0.0483,-0.0174,0.0032,0.0212,-0.0033,-0.0180,-0.1065,0.0703,-0.0487,-0.0166,0.0000,-0.0550,0.0000,1.0481,5.1912,-1.4219
53471366,0.0075,0.0026,-0.0544,-0.0168,0.0005,0.0195,-0.0034,-0.0161,-0.1068,0.0703,-0.0548,-0.0160,0.0000,-0.0550,0.0000,1.0481,5.1910,-1.4219
53476366,0.0073,0.0023,-0.0559,-0.0128,-0.0081,0.0187,-0.0032,-0.0152,-0.1070,0.0702,-0.0564,-0.0120,0.0000,-0.0550,0.0000,1.0481,5.1907,-1.4219
53481366,0.0071,0.0020,-0.0593,-0.0092,-0.0111,0.0173,-0.0029,-0.0140,-0.1073,0.0702,-0.0597,-0.0083,0.0000,-0.0550,0.0000,1.0481,5.1905,-1.4219
53486366,0.0069,0.0017,-0.0596,-0.0067,-0.0151,0.0162,-0.0029,-0.0128,-0.1076,0.0701,-0.0600,-0.0059,0.0000,-0.0550,0.0000,1.0481,5.1901,-1.4219
53491366,0.0064,0.0016,-0.0593,-0.0049,-0.0203,0.0146,-0.0023,-0.0115,-0.1079,0.0701,-0.0597,-0.0041,0.0000,-0.0550,0.0000,1.0481,5.1899,-1.4219
53496366,0.0060,0.0016,-0.0586,-0.0034,-0.0249,0.0133,-0.0010,-0.0114,-0.1082,0.0701,-0.0591,-0.0025,0.0000,-0.0550,0.0000,1.0481,5.1896,-1.4219
53501366,0.0057,0.0017,-0.0599,-0.0043,-0.0288,0.0117,0.0001,-0.0107,-0.1085,0.0701,-0.0603,-0.0035,0.0000,-0.0550,0.0000,1.0481,5.1894,-1.4219
53506366,0.0054,0.0019,-0.0617,-0.0040,-0.0337,0.0100,0.0015,-0.0102,-0.1088,0.0701,-0.0622,-0.0031,0.0000,-0.0550,0.0000,1.0481,5.1890,-1.4219
53511366,0.0050,0.0019,-0.0602,-0.0079,-0.0383,0.0090,0.0017,-0.0092,-0.1092,0.0700,-0.0606,-0.0071,0.0000,-0.0550,0.0000,1.0481,5.1888,-1.4219
53516365,0.0046,0.0020,-0.0586,-0.0125,-0.0435,0.0079,0.0017,-0.0079,-0.1094,0.0700,-0.0591,-0.0117,0.0000,-0.0550,0.0000,1.0481,5.1885,-1.4219
53521366,0.0043,0.0020,-0.0577,-0.0144,-0.0487,0.0066,0.0023,-0.0070,-0.1097,0.0699,-0.0582,-0.0135,0.0000,-0.0550,0.0000,1.0481,5.1883,-1.4219
53526366,0.0038,0.0019,-0.0583,-0.0223,-0.0551,0.0048,0.0017,-0.0044,-0.1100,0.0698,-0.0588,-0.0215,0.0000,-0.0550,0.0000,1.0481,5.1879,-1.4219
53531366,0.0034,0.0019,-0.0589,-0.0229,-0.0578,0.0030,0.0023,-0.0031,-0.1103,0.0697,-0.0594,-0.0221,0.0000,-0.0550,0.0000,1.0481,5.1877,-1.4219
53536366,0.0029,0.0017,-0.0565,-0.0257,-0.0591,0.0017,0.0018,-0.0013,-0.1106,0.0696,-0.0570,-0.0248,0.0000,-0.0550,0.0000,1.0481,5.1874,-1.4219
53541366,0.0025,0.0014,-0.0553,-0.0244,-0.0588,0.0001,0.0021,0.0000,-0.1109,0.0694,-0.0558,-0.0236,0.0000,-0.0550,0.0000,1.0481,5.1872,-1.4219
53546366,0.0021,0.0012,-0.0559,-0.0238,-0.0572,-0.0017,0.0021,0.0018,-0.1112,0.0693,-0.0564,-0.0230,0.0000,-0.0550,0.0000,1.0481,5.1868,-1.4219
53551366,0.0017,0.0009,-0.0556,-0.0223,-0.0551,-0.0033,0.0022,0.0033,-0.1115,0.0692,-0.0561,-0.0215,0.0000,-0.0550,0.0000,1.0481,5.1866,-1.4219
53556366,0.0013,0.0006,-0.0528,-0.0205,-0.0514,-0.0045,0.0021,0.0044,-0.1117,0.0691,-0.0533,-0.0196,0.0000,-0.0550,0.0000,1.0481,5.1863,-1.4219
53561366,0.0008,0.0004,-0.0516,-0.0189,-0.0438,-0.0060,0.0023,0.0054,-0.1120,0.0690,-0.0521,-0.0181,0.0000,-0.0550,0.0000,1.0481,5.1861,-1.4219
53566366,0.0004,0.0002,-0.0513,-0.0177,-0.0392,-0.0077,0.0026,0.0067,-0.1122,0.0689,-0.0518,-0.0169,0.0000,-0.0550,0.0000,1.0481,5.1857,-1.4219
53571365,-0.0000,0.0001,-0.0492,-0.0159,-0.0340,-0.0090,0.0028,0.0075,-0.1125,0.0689,-0.0496,-0.0151,0.0000,-0.0550,0.0000,1.0481,5.1855,-1.4219
53576366,-0.0004,-0.0001,-0.0467,-0.0131,-0.0328,-0.0102,0.0033,0.0081,-0.1127,0.0688,-0.0472,-0.0123,0.0000,-0.0550,0.0000,1.0481,5.1852,-1.4219
53581366,-0.0008,-0.0002,-0.0461,-0.0125,-0.0294,-0.0117,0.0036,0.0092,-0.1130,0.0687,-0.0466,-0.0117,0.0000,-0.0550,0.0000,1.0481,5.1850,-1.4219
53586366,-0.0012,-0.0003,-0.0428,-0.0134,-0.0255,-0.0127,0.0035,0.0101,-0.1132,0.0687,-0.0432,-0.0126,0.0000,-0.0550,0.0000,1.0481,5.1846,-1.4219
53591366,-0.0015,-0.0004,-0.0382,-0.0128,-0.0233,-0.0132,0.0035,0.0106,-0.1134,0.0686,-0.0387,-0.0120,0.0000,-0.0550,0.0000,1.0481,5.1844,-1.4219
53596366,-0.0019,-0.0006,-0.0351,-0.0101,-0.0227,-0.0122,0.0029,0.0101,-0.1134,0.0686,-0.0113,-0.0093,-1.4086,-0.0550,0.0000,1.0178,5.1841,-1.4219
53601366,-0.0022,-0.0006,-0.0336,-0.0107,-0.0218,-0.0122,0.0026,0.0104,-0.1134,0.0685,0.0038,-0.0099,-2.1974,-0.0550,0.0000,0.9940,5.1839,-1.4219
53606366,-0.0024,-0.0006,-0.0321,-0.0125,-0.0157,-0.0127,0.0027,0.0106,-0.1134,0.0685,0.0053,-0.0117,-2.1974,-0.0550,0.0000,0.9808,5.1836,-1.4219
53611366,-0.0025,-0.0005,-0.0354,-0.0131,-0.0108,-0.0139,0.0033,0.0110,-0.1134,0.0684,0.0019,-0.0123,-2.1974,-0.0550,0.0000,0.9720,5.1833,-1.4219
53616366,-0.0026,-0.0005,-0.0397,-0.0232,-0.0084,-0.0153,0.0024,0.0132,-0.1134,0.0683,-0.0031,-0.0224,-2.1504,-0.0550,0.0000,0.9598,5.1830,-1.4219
53621366,-0.0030,-0.0006,-0.0443,-0.0281,-0.0062,-0.0183,0.0024,0.0161,-0.1135,0.0682,-0.0142,-0.0273,-1.7742,-0.0550,0.0000,0.9594,5.1828,-1.4219
53626366,-0.0034,-0.0008,-0.0421,-0.0287,0.0014,-0.0201,0.0025,0.0176,-0.1136,0.0680,-0.0202,-0.0279,-1.3040,-0.0550,0.0000,0.9596,5.1825,-1.4219
53631366,-0.0038,-0.0011,-0.0421,-0.0287,0.0075,-0.0218,0.0022,0.0193,-0.1137,0.0679,-0.0218,-0.0279,-1.2099,-0.0550,0.0000,0.9566,5.1822,-1.4219
53636366,-0.0041,-0.0014,-0.0440,-0.0275,0.0100,-0.0235,0.0022,0.0209,-0.1138,0.0678,-0.0227,-0.0251,-1.2099,-0.0550,0.1103,0.9493,5.1819,-1.4197
53641366,-0.0045,-0.0017,-0.0446,-0.0287,0.0093,-0.0239,0.0028,0.0207,-0.1138,0.0678,-0.0081,0.0001,-1.2099,-0.0550,1.8756,0.9445,5.1817,-1.3806
53646366,-0.0048,-0.0021,-0.0461,-0.0290,0.0145,-0.0254,0.0025,0.0224,-0.1139,0.0678,-0.0077,0.0031,-1.2099,-0.0550,2.0963,0.9372,5.1814,-1.3636
53651366,-0.0052,-0.0024,-0.0434,-0.0260,0.0194,-0.0257,0.0021,0.0229,-0.1138,0.0678,0.0042,0.0061,-1.7448,-0.0550,2.0963,0.9204,5.1811,-1.3553
53656366,-0.0054,-0.0028,-0.0538,-0.0318,0.0072,-0.0282,0.0017,0.0263,-0.1138,0.0678,-0.0016,0.0083,-1.7448,-0.0550,2.6290,0.9099,5.1808,-1.3310
53661366,-0.0058,-0.0030,-0.0342,-0.0333,0.0167,-0.0259,-0.0006,0.0259,-0.1138,0.0679,0.0180,0.0068,-1.7448,-0.0550,2.6290,0.9029,5.1806,-1.3204
53666366,-0.0058,-0.0031,0.0189,-0.0034,0.0127,-0.0147,-0.0017,0.0158,-0.1133,0.0681,0.0874,0.0367,-2.6861,-0.0550,2.6290,0.8723,5.1803,-1.3047
53671366,-0.0058,-0.0033,0.0339,0.0101,-0.0099,-0.0115,-0.0012,0.0130,-0.1128,0.0683,0.1010,0.0478,-2.6861,-0.0550,2.4723,0.8616,5.1800,-1.2974
53676366,-0.0056,-0.0034,0.0571,0.0232,-0.0111,-0.0060,-0.0021,0.0086,-0.1122,0.0686,0.1242,0.0609,-2.6861,-0.0550,2.4723,0.8455,5.1797,-1.2826
53681366,-0.0053,-0.0032,0.0791,0.0321,-0.0007,-0.0011,-0.0028,0.0039,-0.1115,0.0689,0.1454,0.0698,-2.6397,-0.0550,2.4723,0.8357,5.1795,-1.2727
53686366,-0.0050,-0.0031,0.0901,0.0461,0.0042,0.0012,-0.0012,-0.0001,-0.1107,0.0694,0.1444,0.0838,-1.9433,-0.0550,2.4723,0.8358,5.1792,-1.2579
53691366,-0.0047,-0.0030,0.0999,0.0418,-0.0148,0.0042,-0.0030,-0.0006,-0.1100,0.0698,0.1471,0.0771,-1.6184,-0.0550,2.3061,0.8352,5.1789,-1.2514
53696366,-0.0041,-0.0030,0.0929,0.0443,-0.0224,0.0043,-0.0032,-0.0003,-0.1094,0.0701,0.1277,0.0704,-1.2005,-0.0550,1.6969,0.8352,5.1786,-1.2517
53701366,-0.0034,-0.0029,0.0840,0.0489,0.0151,0.0043,-0.0028,-0.0020,-0.1088,0.0705,0.1119,0.0700,-0.9684,-0.0550,1.3647,0.8356,5.1784,-1.2521
53706366,-0.0029,-0.0027,0.0565,0.0385,0.0417,0.0001,-0.0027,0.0009,-0.1084,0.0707,0.0776,0.0547,-0.7363,-0.0550,1.0324,0.8351,5.1781,-1.2516
53711366,-0.0028,-0.0026,-0.0119,0.0070,0.0060,-0.0123,-0.0009,0.0129,-0.1084,0.0708,0.0053,0.0208,-0.5970,-0.0550,0.8662,0.8353,5.1778,-1.2512
53716366,-0.0028,-0.0025,-0.0348,-0.0113,0.0069,-0.0171,-0.0016,0.0184,-0.1085,0.0708,-0.0219,-0.0009,-0.4577,-0.0550,0.6447,0.8350,5.1775,-1.2512
53721366,-0.0029,-0.0026,-0.0535,-0.0293,0.0313,-0.0215,-0.0032,0.0235,-0.1087,0.0707,-0.0430,-0.0205,-0.3649,-0.0550,0.5340,0.8353,5.1773,-1.2512
53726366,-0.0031,-0.0028,-0.0651,-0.0480,0.0359,-0.0247,-0.0056,0.0288,-0.1090,0.0705,-0.0577,-0.0416,-0.2720,-0.0550,0.3678,0.8353,5.1770,-1.2518
53731366,-0.0036,-0.0031,-0.0696,-0.0544,0.0106,-0.0274,-0.0058,0.0328,-0.1093,0.0703,-0.0635,-0.0489,-0.2256,-0.0550,0.3124,0.8353,5.1768,-1.2516
53736366,-0.0041,-0.0034,-0.0654,-0.0586,-0.0194,-0.0283,-0.0070,0.0360,-0.1096,0.0700,-0.0610,-0.0548,-0.1792,-0.0550,0.2017,0.8351,5.1764,-1.2522
53741366,-0.0045,-0.0038,-0.0531,-0.0583,-0.0282,-0.0276,-0.0085,0.0371,-0.1099,0.0697,-0.0496,-0.0545,-0.1328,-0.0550,0.2017,0.8355,5.1762,-1.2514
53746366,-0.0048,-0.0042,-0.0330,-0.0504,-0.0169,-0.0252,-0.0100,0.0359,-0.1100,0.0695,-0.0307,-0.0474,-0.0863,-0.0550,0.1463,0.8357,5.1759,-1.2515
53751366,-0.0050,-0.0046,-0.0089,-0.0363,-0.0157,-0.0213,-0.0110,0.0329,-0.1101,0.0693,-0.0071,-0.0342,-0.0863,-0.0550,0.0909,0.8354,5.1757,-1.2521
53756366,-0.0050,-0.0048,0.0131,0.0003,-0.0389,-0.0171,-0.0072,0.0258,-0.1100,0.0693,0.0141,0.0025,-0.0399,-0.0550,0.0909,0.8359,5.1753,-1.2516
53761366,-0.0049,-0.0049,0.0480,0.0189,-0.0255,-0.0101,-0.0082,0.0193,-0.1098,0.0694,0.0489,0.0211,-0.0399,-0.0550,0.0909,0.8357,5.1751,-1.2512
53766366,-0.0047,-0.0050,0.0596,0.0312,-0.0078,-0.0073,-0.0083,0.0158,-0.1095,0.0696,0.0598,0.0320,-0.0399,-0.0550,0.0000,0.8355,5.1748,-1.2522
53771366,-0.0044,-0.0050,0.0638,0.0431,-0.0071,-0.0052,-0.0075,0.0129,-0.1091,0.0698,0.0641,0.0439,-0.0399,-0.0550,0.0000,0.8353,5.1746,-1.2522
53776366,-0.0040,-0.0050,0.0657,0.0507,-0.0148,-0.0034,-0.0070,0.0109,-0.1088,0.0701,0.0659,0.0515,-0.0399,-0.0550,0.0000,0.8351,5.1742,-1.2522
53781366,-0.0035,-0.0048,0.0605,0.0495,-0.0087,-0.0024,-0.0069,0.0096,-0.1085,0.0703,0.0600,0.0503,0.0000,-0.0550,0.0000,0.8360,5.1740,-1.2522
53786366,-0.0031,-0.0044,0.0519,0.0425,0.0035,-0.0026,-0.0071,0.0096,-0.1082,0.0705,0.0515,0.0433,0.0000,-0.0550,0.0000,0.8360,5.1737,-1.2522
53791366,-0.0027,-0.0042,0.0440,0.0324,0.0048,-0.0025,-0.0080,0.0104,-0.1080,0.0707,0.0435,0.0332,0.0000,-0.0550,0.0000,0.8360,5.1735,-1.2522
53796366,-0.0024,-0.0040,0.0336,0.0229,-0.0056,-0.0032,-0.0082,0.0117,-0.1079,0.0708,0.0331,0.0237,0.0000,-0.0550,0.0000,0.8360,5.1731,-1.2522
53801366,-0.0023,-0.0038,0.0238,0.0101,-0.0023,-0.0045,-0.0091,0.0137,-0.1077,0.0709,0.0234,0.0109,0.0000,-0.0550,0.0000,0.8360,5.1729,-1.2522
53806366,-0.0022,-0.0037,0.0134,-0.0095,0.0026,-0.0064,-0.0112,0.0176,-0.1077,0.0708,0.0130,-0.0086,0.0000,-0.0550,0.0000,0.8360,5.1726,-1.2522
53811366,-0.0023,-0.0037,0.0131,-0.0159,-0.0059,-0.0065,-0.0121,0.0188,-0.1076,0.0708,0.0127,-0.0151,0.0000,-0.0550,0.0000,0.8360,5.1724,-1.2522
53816366,-0.0023,-0.0040,0.0162,-0.0171,-0.0212,-0.0058,-0.0133,0.0200,-0.1075,0.0707,0.0157,-0.0163,0.0000,-0.0550,0.0000,0.8360,5.1720,-1.2522
53821366,-0.0023,-0.0043,0.0189,-0.0162,-0.0221,-0.0053,-0.0145,0.0206,-0.1074,0.0706,0.0185,-0.0154,0.0000,-0.0550,0.0000,0.8360,5.1718,-1.2522
53826366,-0.0022,-0.0046,0.0241,-0.0104,-0.0117,-0.0042,-0.0153,0.0199,-0.1073,0.0706,0.0237,-0.0096,0.0000,-0.0550,0.0000,0.8360,5.1715,-1.2522
53831366,-0.0021,-0.0048,0.0308,-0.0015,-0.0105,-0.0023,-0.0157,0.0184,-0.1072,0.0706,0.0304,-0.0007,0.0000,-0.0550,0.0000,0.8360,5.1713,-1.2522
53836366,-0.0019,-0.0051,0.0333,0.0052,-0.0215,-0.0011,-0.0158,0.0177,-0.1070,0.0706,0.0328,0.0060,0.0000,-0.0550,0.0000,0.8360,5.1709,-1.2522
53841366,-0.0018,-0.0052,0.0333,0.0156,-0.0267,-0.0003,-0.0149,0.0163,-0.1068,0.0707,0.0328,0.0164,0.0000,-0.0550,0.0000,0.8360,5.1707,-1.2522
53846366,-0.0016,-0.0054,0.0379,0.0208,-0.0191,0.0012,-0.0155,0.0150,-0.1067,0.0708,0.0374,0.0216,0.0000,-0.0550,0.0000,0.8360,5.1704,-1.2522
53851366,-0.0014,-0.0055,0.0376,0.0287,-0.0084,0.0018,-0.0151,0.0136,-0.1065,0.0709,0.0371,0.0295,0.0000,-0.0550,0.0000,0.8360,5.1702,-1.2522
53856366,-0.0012,-0.0056,0.0409,0.0290,-0.0084,0.0032,-0.0161,0.0133,-0.1063,0.0711,0.0405,0.0298,0.0000,-0.0550,0.0000,0.8360,5.1698,-1.2522
53861366,-0.0011,-0.0054,0.0415,0.0287,-0.0038,0.0036,-0.0157,0.0123,-0.1061,0.0712,0.0411,0.0295,0.0000,-0.0550,0.0000,0.8360,5.1696,-1.2522
53866366,-0.0010,-0.0052,0.0388,0.0244,0.0109,0.0031,-0.0158,0.0123,-0.1059,0.0713,0.0383,0.0253,0.0000,-0.0550,0.0000,0.8360,5.1693,-1.2522
53871366,-0.0010,-0.0051,0.0409,0.0202,0.0219,0.0036,-0.0165,0.0121,-0.1057,0.0714,0.0405,0.0210,0.0000,-0.0550,0.0000,0.8360,5.1691,-1.2522
53876366,-0.0006,-0.0049,0.0382,0.0168,0.0255,0.0044,-0.0169,0.0115,-0.1055,0.0715,0.0377,0.0176,0.0000,-0.0550,0.0000,0.8360,5.1687,-1.2522
53881366,-0.0002,-0.0048,0.0376,0.0156,0.0286,0.0058,-0.0175,0.0106,-0.1053,0.0716,0.0371,0.0164,0.0000,-0.0550,0.0000,0.8360,5.1685,-1.2522
53886365,0.0002,-0.0048,0.0376,0.0137,0.0353,0.0074,-0.0186,0.0098,-0.1051,0.0717,0.0371,0.0146,0.0000,-0.0550,0.0000,0.8360,5.1682,-1.2522
53891366,0.0006,-0.0048,0.0363,0.0131,0.0436,0.0087,-0.0196,0.0092,-0.1049,0.0718,0.0359,0.0140,0.0000,-0.0550,0.0000,0.8360,5.1680,-1.2522
53896366,0.0010,-0.0048,0.0345,0.0140,0.0481,0.0099,-0.0203,0.0086,-0.1048,0.0718,0.0340,0.0149,0.0000,-0.0550,0.0000,0.8360,5.1676,-1.2522
53901366,0.0013,-0.0050,0.0324,0.0165,0.0509,0.0108,-0.0208,0.0080,-0.1046,0.0719,0.0319,0.0173,0.0000,-0.0550,0.0000,0.8360,5.1674,-1.2522
53906366,0.0017,-0.0050,0.0318,0.0174,0.0552,0.0122,-0.0216,0.0073,-0.1045,0.0720,0.0313,0.0182,0.0000,-0.0550,0.0000,0.8360,5.1671,-1.2522
53911366,0.0021,-0.0050,0.0302,0.0235,0.0561,0.0133,-0.0213,0.0058,-0.1043,0.0721,0.0298,0.0243,0.0000,-0.0550,0.0000,0.8360,5.1669,-1.2522
53916366,0.0024,-0.0050,0.0275,0.0238,0.0536,0.0143,-0.0217,0.0053,-0.1042,0.0723,0.0270,0.0246,0.0000,-0.0550,0.0000,0.8360,5.1666,-1.2522
53921366,0.0028,-0.0050,0.0241,0.0241,0.0506,0.0137,-0.0213,0.0056,-0.1041,0.0724,0.0065,0.0249,0.9968,-0.0550,0.0000,0.8570,5.1663,-1.2522
53926366,0.0031,-0.0049,0.0244,0.0257,0.0484,0.0143,-0.0209,0.0048,-0.1042,0.0725,-0.0056,0.0264,1.7166,-0.0550,0.0000,0.8810,5.1660,-1.2522
53931366,0.0034,-0.0048,0.0226,0.0260,0.0503,0.0152,-0.0207,0.0036,-0.1042,0.0726,-0.0075,0.0267,1.7166,-0.0550,0.0000,0.8879,5.1658,-1.2522
53936366,0.0037,-0.0045,0.0238,0.0250,0.0466,0.0164,-0.0206,0.0024,-0.1042,0.0728,-0.0063,0.0258,1.7166,-0.0550,0.0000,0.8982,5.1655,-1.2522
53941366,0.0039,-0.0043,0.0220,0.0205,0.0420,0.0170,-0.0208,0.0021,-0.1043,0.0729,-0.0081,0.0212,1.7166,-0.0550,0.0000,0.9051,5.1652,-1.2522
53946366,0.0042,-0.0041,0.0275,0.0153,0.0457,0.0191,-0.0221,0.0012,-0.1043,0.0730,-0.0026,0.0161,1.7166,-0.0550,0.0000,0.9154,5.1649,-1.2522
53951366,0.0045,-0.0040,0.0272,0.0116,0.0451,0.0204,-0.0229,0.0008,-0.1043,0.0730,-0.0029,0.0124,1.7166,-0.0550,0.0000,0.9222,5.1647,-1.2522
53956365,0.0048,-0.0039,0.0281,0.0089,0.0411,0.0222,-0.0240,0.0002,-0.1043,0.0731,0.0008,0.0096,1.5562,-0.0550,0.0000,0.9286,5.1644,-1.2522
53961366,0.0051,-0.0038,0.0266,0.0061,0.0374,0.0230,-0.0242,-0.0002,-0.1043,0.0731,-0.0007,0.0069,1.5562,-0.0550,0.0000,0.9348,5.1641,-1.2522
53966366,0.0055,-0.0038,0.0263,0.0040,0.0341,0.0244,-0.0254,-0.0003,-0.1043,0.0731,-0.0010,0.0047,1.5562,-0.0550,0.0000,0.9442,5.1638,-1.2522
53971366,0.0056,-0.0037,0.0376,0.0040,0.0442,0.0271,-0.0264,-0.0024,-0.1043,0.0732,0.0103,0.0047,1.5562,-0.0550,0.0000,0.9504,5.1636,-1.2522
53976366,0.0060,-0.0037,0.0250,0.0061,0.0772,0.0252,-0.0258,-0.0024,-0.1043,0.0732,-0.0079,0.0069,1.8853,-0.0550,0.0000,0.9679,5.1633,-1.2522
53981366,0.0063,-0.0037,0.0171,0.0082,0.0961,0.0248,-0.0257,-0.0027,-0.1044,0.0732,-0.0159,0.0090,1.8853,-0.0550,0.0000,0.9754,5.1630,-1.2522
53986366,0.0065,-0.0037,-0.0052,0.0104,0.1263,0.0210,-0.0242,-0.0016,-0.1046,0.0733,-0.0377,0.0103,1.8853,0.0000,0.0000,0.9867,5.1640,-1.2522
53991366,0.0065,-0.0037,-0.0461,0.0232,0.1443,0.0123,-0.0179,0.0001,-0.1050,0.0734,-0.0864,0.0231,2.3361,0.0000,0.0000,1.0044,5.1640,-1.2522
53996366,0.0064,-0.0037,-0.0632,0.0293,0.1502,0.0085,-0.0151,0.0009,-0.1055,0.0735,-0.1035,0.0292,2.3361,0.0000,0.0000,1.0184,5.1640,-1.2522
54001366,0.0062,-0.0037,-0.0672,0.0446,0.1538,0.0069,-0.0119,-0.0009,-0.1060,0.0738,-0.1075,0.0445,2.3361,0.0000,0.0000,1.0278,5.1640,-1.2522
54006365,0.0060,-0.0036,-0.0724,0.0586,0.1584,0.0050,-0.0084,-0.0026,-0.1066,0.0741,-0.1127,0.0586,2.3361,0.0000,0.0000,1.0418,5.1640,-1.2522
54011366,0.0057,-0.0035,-0.0742,0.0687,0.1593,0.0038,-0.0058,-0.0041,-0.1072,0.0744,-0.1126,0.0686,2.2284,0.0000,0.0000,1.0489,5.1640,-1.2522
54016366,0.0053,-0.0033,-0.0742,0.0797,0.1529,0.0027,-0.0026,-0.0060,-0.1077,0.0748,-0.1024,0.0797,1.6360,0.0000,0.0000,1.0486,5.1640,-1.2522
54021366,0.0048,-0.0030,-0.0617,0.0852,0.1361,0.0038,-0.0007,-0.0083,-0.1081,0.0752,-0.0853,0.0852,1.3667,0.0000,0.0000,1.0491,5.1640,-1.2522
54026366,0.0044,-0.0026,-0.0425,0.0837,0.1132,0.0068,-0.0006,-0.0105,-0.1084,0.0757,-0.0595,0.0837,0.9897,0.0000,0.0000,1.0485,5.1640,-1.2522
54031366,0.0042,-0.0022,-0.0205,0.0736,0.1022,0.0104,-0.0024,-0.0119,-0.1086,0.0760,-0.0347,0.0736,0.8282,0.0000,0.0000,1.0489,5.1640,-1.2522
54036366,0.0041,-0.0018,0.0140,0.0498,0.1040,0.0172,-0.0086,-0.0125,-0.1086,0.0763,0.0035,0.0498,0.6127,0.0000,0.0000,1.0488,5.1640,-1.2522
54041366,0.0042,-0.0015,0.0266,0.0333,0.1001,0.0201,-0.0117,-0.0122,-0.1085,0.0764,0.0179,0.0333,0.5050,0.0000,0.0000,1.0489,5.1640,-1.2522
54046366,0.0044,-0.0013,0.0357,0.0174,0.0927,0.0230,-0.0149,-0.0116,-0.1083,0.0765,0.0298,0.0174,0.3435,0.0000,0.0000,1.0482,5.1640,-1.2522
54051366,0.0048,-0.0012,0.0382,0.0031,0.0912,0.0251,-0.0180,-0.0105,-0.1082,0.0765,0.0332,0.0030,0.2896,0.0000,0.0000,1.0484,5.1640,-1.2522
54056366,0.0052,-0.0013,0.0312,-0.0067,0.0933,0.0253,-0.0201,-0.0088,-0.1080,0.0765,0.0271,-0.0067,0.2358,0.0000,0.0000,1.0489,5.1640,-1.2522
54061365,0.0055,-0.0015,0.0223,-0.0110,0.0869,0.0252,-0.0212,-0.0073,-0.1079,0.0764,0.0192,-0.0110,0.1819,0.0000,0.0000,1.0486,5.1640,-1.2522
54066366,0.0058,-0.0016,0.0086,-0.0104,0.0756,0.0238,-0.0208,-0.0059,-0.1079,0.0764,0.0063,-0.0104,0.1281,0.0000,0.0000,1.0485,5.1640,-1.2522
54071366,0.0060,-0.0018,-0.0034,-0.0070,0.0649,0.0224,-0.0199,-0.0050,-0.1079,0.0764,-0.0056,-0.0070,0.1281,0.0000,0.0000,1.0490,5.1640,-1.2522
54076366,0.0061,-0.0020,-0.0153,-0.0027,0.0536,0.0197,-0.0200,-0.0017,-0.1081,0.0762,-0.0318,-0.0292,0.0742,0.0000,-1.7769,1.0484,5.1640,-1.2914
54081366,0.0062,-0.0020,-0.0299,0.0052,0.0414,0.0172,-0.0177,-0.0011,-0.1083,0.0761,-0.0487,-0.0251,0.0742,0.0000,-2.0382,1.0487,5.1640,-1.3047
54086366,0.0062,-0.0022,-0.0470,0.0104,0.0277,0.0140,-0.0154,0.0003,-0.1087,0.0760,-0.0646,-0.0199,0.0000,0.0000,-2.0382,1.0481,5.1640,-1.3169
54091365,0.0059,-0.0023,-0.0498,0.0153,0.0118,0.0127,-0.0142,0.0011,-0.1090,0.0759,-0.0673,-0.0150,0.0000,0.0000,-2.0382,1.0481,5.1640,-1.3251
54096366,0.0057,-0.0025,-0.0522,0.0165,-0.0038,0.0117,-0.0137,0.0022,-0.1093,0.0759,-0.0685,-0.0117,0.0000,0.0000,-1.8929,1.0481,5.1640,-1.3343
54101366,0.0054,-0.0024,-0.0480,0.0174,-0.0102,0.0114,-0.0123,0.0013,-0.1096,0.0758,-0.0613,-0.0057,0.0000,0.0000,-1.5539,1.0481,5.1640,-1.3344
54106366,0.0050,-0.0024,-0.0431,0.0171,-0.0142,0.0112,-0.0120,0.0014,-0.1099,0.0758,-0.0531,-0.0003,0.0000,0.0000,-1.1664,1.0481,5.1640,-1.3347
54111366,0.0046,-0.0025,-0.0367,0.0140,-0.0249,0.0113,-0.0124,0.0020,-0.1101,0.0758,-0.0446,0.0003,0.0000,0.0000,-0.9242,1.0481,5.1640,-1.3340
54116366,0.0044,-0.0026,-0.0321,0.0153,-0.0294,0.0113,-0.0122,0.0020,-0.1103,0.0759,-0.0379,0.0051,0.0000,0.0000,-0.6821,1.0481,5.1640,-1.3340
54121366,0.0042,-0.0027,-0.0241,0.0165,-0.0215,0.0121,-0.0130,0.0017,-0.1105,0.0759,-0.0292,0.0078,0.0000,0.0000,-0.5852,1.0481,5.1640,-1.3346
54126366,0.0041,-0.0029,-0.0202,0.0180,-0.0145,0.0125,-0.0135,0.0016,-0.1106,0.0759,-0.0239,0.0115,0.0000,0.0000,-0.4399,1.0481,5.1640,-1.3346
54131366,0.0040,-0.0031,-0.0153,0.0220,-0.0261,0.0133,-0.0135,0.0012,-0.1107,0.0760,-0.0182,0.0169,0.0000,0.0000,-0.3431,1.0481,5.1640,-1.3342
54136365,0.0040,-0.0032,-0.0125,0.0235,-0.0273,0.0137,-0.0138,0.0012,-0.1107,0.0761,-0.0146,0.0199,0.0000,0.0000,-0.2462,1.0481,5.1640,-1.3341
54141365,0.0040,-0.0033,-0.0134,0.0229,-0.0206,0.0136,-0.0144,0.0015,-0.1108,0.0762,-0.0151,0.0200,0.0000,0.0000,-0.1978,1.0481,5.1640,-1.3340
54146366,0.0041,-0.0034,-0.0150,0.0238,-0.0154,0.0138,-0.0145,0.0013,-0.1109,0.0763,-0.0162,0.0216,0.0000,0.0000,-0.1493,1.0481,5.1640,-1.3341
54151366,0.0043,-0.0033,-0.0174,0.0211,-0.0191,0.0140,-0.0148,0.0015,-0.1110,0.0764,-0.0187,0.0189,0.0000,0.0000,-0.1493,1.0481,5.1640,-1.3347
54156365,0.0044,-0.0032,-0.0183,0.0205,-0.0246,0.0143,-0.0144,0.0010,-0.1111,0.0765,-0.0192,0.0190,0.0000,0.0000,-0.1009,1.0481,5.1640,-1.3344
54161366,0.0045,-0.0031,-0.0205,0.0165,-0.0243,0.0145,-0.0149,0.0014,-0.1112,0.0766,-0.0209,0.0157,0.0000,0.0000,-0.0525,1.0481,5.1640,-1.3338
54166366,0.0046,-0.0032,-0.0250,0.0162,-0.0203,0.0139,-0.0149,0.0017,-0.1113,0.0767,-0.0255,0.0154,0.0000,0.0000,-0.0525,1.0481,5.1640,-1.3341
54171366,0.0047,-0.0033,-0.0293,0.0153,-0.0206,0.0133,-0.0151,0.0026,-0.1115,0.0768,-0.0298,0.0145,0.0000,0.0000,-0.0525,1.0481,5.1640,-1.3343
54176366,0.0046,-0.0034,-0.0351,0.0174,-0.0246,0.0120,-0.0145,0.0035,-0.1116,0.0768,-0.0356,0.0166,0.0000,0.0000,-0.0525,1.0481,5.1640,-1.3346
54181366,0.0046,-0.0036,-0.0348,0.0192,-0.0233,0.0119,-0.0146,0.0037,-0.1118,0.0769,-0.0348,0.0192,0.0000,0.0000,0.0000,1.0481,5.1640,-1.3338
54186366,0.0043,-0.0037,-0.0379,0.0247,-0.0206,0.0103,-0.0134,0.0039,-0.1120,0.0771,-0.0379,0.0247,0.0000,0.0000,0.0000,1.0481,5.1640,-1.3338
54191365,0.0040,-0.0038,-0.0367,0.0244,-0.0206,0.0094,-0.0133,0.0047,-0.1122,0.0772,-0.0367,0.0244,0.0000,0.0000,0.0000,1.0481,5.1640,-1.3338
54196365,0.0037,-0.0038,-0.0351,0.0266,-0.0191,0.0083,-0.0124,0.0049,-0.1124,0.0773,-0.0351,0.0266,0.0000,0.0000,0.0000,1.0481,5.1640,-1.3338
54201365,0.0034,-0.0037,-0.0318,0.0278,-0.0166,0.0076,-0.0116,0.0047,-0.1125,0.0775,-0.0318,0.0278,0.0000,0.0000,0.0000,1.0481,5.1640,-1.3338
54206366,0.0030,-0.0035,-0.0296,0.0296,-0.0142,0.0067,-0.0105,0.0043,-0.1127,0.0776,-0.0296,0.0296,0.0000,0.0000,0.0000,1.0481,5.1640,-1.3338
54211366,0.0028,-0.0034,-0.0260,0.0287,-0.0102,0.0062,-0.0100,0.0041,-0.1128,0.0777,-0.0260,0.0287,0.0000,0.0000,0.0000,1.0481,5.1640,-1.3338
54216366,0.0025,-0.0032,-0.0238,0.0263,-0.0071,0.0055,-0.0095,0.0042,-0.1129,0.0779,-0.0238,0.0263,0.0000,0.0000,0.0000,1.0481,5.1640,-1.3338
54221366,0.0023,-0.0031,-0.0217,0.0223,0.0014,0.0049,-0.0094,0.0045,-0.1130,0.0780,-0.0217,0.0223,0.0000,0.0000,0.0000,1.0481,5.1640,-1.3338
54226366,0.0020,-0.0029,-0.0168,0.0189,0.0029,0.0050,-0.0095,0.0044,-0.1131,0.0781,-0.0168,0.0189,0.0000,0.0000,0.0000,1.0481,5.1640,-1.3338
54231366,0.0019,-0.0027,-0.0186,0.0168,0.0057,0.0039,-0.0087,0.0045,-0.1132,0.0782,-0.0186,0.0168,0.0000,0.0000,0.0000,1.0481,5.1640,-1.3338
54236366,0.0017,-0.0025,-0.0174,0.0147,0.0054,0.0035,-0.0082,0.0044,-0.1133,0.0782,-0.0174,0.0147,0.0000,0.0000,0.0000,1.0481,5.1640,-1.3338
54241366,0.0015,-0.0024,-0.0183,0.0137,0.0090,0.0023,-0.0075,0.0049,-0.1134,0.0783,-0.0183,0.0137,0.0000,0.0000,0.0000,1.0481,5.1640,-1.3338
54246366,0.0015,-0.0026,-0.0192,0.0122,0.0124,0.0023,-0.0084,0.0057,-0.1135,0.0784,-0.0192,0.0122,0.0000,0.0000,0.0000,1.0481,5.1640,-1.3338
54251366,0.0014,-0.0028,-0.0199,0.0125,0.0133,0.0018,-0.0088,0.0065,-0.1136,0.0784,-0.0199,0.0125,0.0000,0.0000,0.0000,1.0481,5.1640,-1.3338
54256366,0.0013,-0.0030,-0.0199,0.0144,0.0127,0.0012,-0.0089,0.0071,-0.1137,0.0785,-0.0199,0.0144,0.0000,0.0000,0.0000,1.0481,5.1640,-1.3338
54261366,0.0011,-0.0031,-0.0217,0.0168,0.0121,0.0001,-0.0084,0.0078,-0.1138,0.0786,-0.0217,0.0168,0.0000,0.0000,0.0000,1.0481,5.1640,-1.3338
54266366,0.0009,-0.0032,-0.0214,0.0192,0.0127,-0.0008,-0.0078,0.0081,-0.1139,0.0787,-0.0214,0.0192,0.0000,0.0000,0.0000,1.0481,5.1640,-1.3338
54271366,0.0006,-0.0032,-0.0211,0.0244,0.0103,-0.0017,-0.0064,0.0078,-0.1140,0.0788,-0.0211,0.0244,0.0000,0.0000,0.0000,1.0481,5.1640,-1.3338
54276366,0.0003,-0.0032,-0.0189,0.0254,0.0097,-0.0024,-0.0058,0.0078,-0.1141,0.0789,-0.0189,0.0254,0.0000,0.0000,0.0000,1.0481,5.1640,-1.3338
54281366,0.0001,-0.0031,-0.0159,0.0232,0.0097,-0.0028,-0.0056,0.0080,-0.1142,0.0791,-0.0159,0.0232,0.0000,0.0000,0.0000,1.0481,5.1640,-1.3338
54286366,-0.0001,-0.0029,-0.0134,0.0238,0.0081,-0.0032,-0.0048,0.0076,-0.1142,0.0792,-0.0134,0.0238,0.0000,0.0000,0.0000,1.0481,5.1640,-1.3338
54291366,-0.0003,-0.0028,-0.0098,0.0226,0.0063,-0.0031,-0.0044,0.0073,-0.1143,0.0793,-0.0098,0.0226,0.0000,0.0000,0.0000,1.0481,5.1640,-1.3338
54296366,-0.0005,-0.0026,-0.0089,0.0211,0.0035,-0.0036,-0.0037,0.0072,-0.1143,0.0794,-0.0089,0.0211,0.0000,0.0000,0.0000,1.0481,5.1640,-1.3338
54301366,-0.0006,-0.0024,-0.0086,0.0186,-0.0007,-0.0041,-0.0032,0.0073,-0.1144,0.0795,-0.0086,0.0186,0.0000,0.0000,0.0000,1.0481,5.1640,-1.3338
54306366,-0.0007,-0.0022,-0.0061,0.0144,-0.0023,-0.0040,-0.0033,0.0074,-0.1144,0.0796,-0.0061,0.0144,0.0000,0.0000,0.0000,1.0481,5.1640,-1.3338
54311366,-0.0008,-0.0020,-0.0058,0.0116,-0.0044,-0.0042,-0.0030,0.0073,-0.1144,0.0796,-0.0058,0.0116,0.0000,0.0000,0.0000,1.0481,5.1640,-1.3338
54316366,-0.0007,-0.0019,-0.0049,0.0061,-0.0084,-0.0038,-0.0034,0.0075,-0.1145,0.0796,-0.0049,0.0061,0.0000,0.0000,0.0000,1.0481,5.1640,-1.3338
54321366,-0.0007,-0.0017,-0.0086,0.0040,-0.0084,-0.0042,-0.0031,0.0076,-0.1145,0.0797,-0.0086,0.0040,0.0000,0.0000,0.0000,1.0481,5.1640,-1.3338
54326366,-0.0005,-0.0018,-0.0110,0.0046,-0.0096,-0.0039,-0.0035,0.0078,-0.1146,0.0797,-0.0110,0.0046,0.0000,0.0000,0.0000,1.0481,5.1640,-1.3338
54331366,-0.0003,-0.0020,-0.0119,0.0027,-0.0087,-0.0036,-0.0045,0.0084,-0.1146,0.0797,-0.0119,0.0027,0.0000,0.0000,0.0000,1.0481,5.1640,-1.3338
54336365,-0.0003,-0.0022,-0.0137,0.0055,-0.0126,-0.0036,-0.0047,0.0087,-0.1147,0.0797,-0.0137,0.0055,0.0000,0.0000,0.0000,1.0481,5.1640,-1.3338
54341366,-0.0003,-0.0024,-0.0171,0.0067,-0.0126,-0.0044,-0.0048,0.0097,-0.1148,0.0798,-0.0171,0.0067,0.0000,0.0000,0.0000,1.0481,5.1640,-1.3338
54346366,-0.0004,-0.0026,-0.0147,0.0113,-0.0142,-0.0041,-0.0049,0.0096,-0.1149,0.0798,-0.0147,0.0113,0.0000,0.0000,0.0000,1.0481,5.1640,-1.3338
54351366,-0.0005,-0.0028,-0.0125,0.0150,-0.0169,-0.0041,-0.0048,0.0096,-0.1149,0.0799,-0.0125,0.0150,0.0000,0.0000,0.0000,1.0481,5.1640,-1.3338
54356366,-0.0006,-0.0029,-0.0137,0.0180,-0.0200,-0.0048,-0.0044,0.0100,-0.1150,0.0800,-0.0137,0.0180,0.0000,0.0000,0.0000,1.0481,5.1640,-1.3338
54361366,-0.0008,-0.0030,-0.0131,0.0254,-0.0239,-0.0054,-0.0031,0.0094,-0.1151,0.0801,-0.0131,0.0254,0.0000,0.0000,0.0000,1.0481,5.1640,-1.3338
54366366,-0.0010,-0.0030,-0.0079,0.0250,-0.0255,-0.0051,-0.0033,0.0094,-0.1151,0.0802,-0.0079,0.0250,0.0000,0.0000,0.0000,1.0481,5.1640,-1.3338
54371366,-0.0010,-0.0028,-0.0070,0.0250,-0.0267,-0.0051,-0.0024,0.0085,-0.1151,0.0804,-0.0070,0.0250,0.0000,0.0000,0.0000,1.0481,5.1640,-1.3338
54376366,-0.0010,-0.0025,-0.0076,0.0238,-0.0261,-0.0052,-0.0016,0.0078,-0.1152,0.0805,-0.0076,0.0238,0.0000,0.0000,0.0000,1.0481,5.1640,-1.3338
54381366,-0.0010,-0.0023,-0.0086,0.0217,-0.0267,-0.0053,-0.0011,0.0074,-0.1152,0.0806,-0.0086,0.0217,0.0000,0.0000,0.0000,1.0481,5.1640,-1.3338
54386366,-0.0010,-0.0020,-0.0092,0.0186,-0.0264,-0.0054,-0.0007,0.0071,-0.1153,0.0807,-0.0092,0.0186,0.0000,0.0000,0.0000,1.0481,5.1640,-1.3338
54391366,-0.0010,-0.0018,-0.0101,0.0165,-0.0239,-0.0056,-0.0003,0.0068,-0.1153,0.0808,-0.0101,0.0165,0.0000,0.0000,0.0000,1.0481,5.1640,-1.3338
54396366,-0.0010,-0.0016,-0.0092,0.0144,-0.0224,-0.0054,-0.0000,0.0063,-0.1153,0.0808,-0.0092,0.0144,0.0000,0.0000,0.0000,1.0481,5.1640,-1.3338
54401366,-0.0010,-0.0014,-0.0101,0.0107,-0.0227,-0.0055,0.0001,0.0063,-0.1154,0.0809,-0.0101,0.0107,0.0000,0.0000,0.0000,1.0481,5.1640,-1.3338
54406366,-0.0010,-0.0012,-0.0116,0.0061,-0.0172,-0.0060,0.0001,0.0066,-0.1155,0.0809,-0.0116,0.0061,0.0000,0.0000,0.0000,1.0481,5.1640,-1.3338
54411366,-0.0010,-0.0011,-0.0110,0.0031,-0.0133,-0.0060,0.0000,0.0065,-0.1155,0.0809,-0.0110,0.0031,0.0000,0.0000,0.0000,1.0481,5.1640,-1.3338
54416366,-0.0011,-0.0009,-0.0128,0.0043,-0.0120,-0.0066,0.0011,0.0060,-0.1156,0.0810,-0.0128,0.0043,0.0000,0.0000,0.0000,1.0481,5.1640,-1.3338
54421366,-0.0013,-0.0009,-0.0122,0.0034,-0.0090,-0.0073,0.0014,0.0063,-0.1156,0.0810,-0.0122,0.0034,0.0000,0.0000,0.0000,1.0481,5.1640,-1.3338
54426366,-0.0015,-0.0010,-0.0092,0.0046,-0.0035,-0.0076,0.0012,0.0065,-0.1157,0.0810,-0.0092,0.0046,0.0000,0.0000,0.0000,1.0481,5.1640,-1.3338
54431366,-0.0017,-0.0010,-0.0079,0.0064,0.0002,-0.0082,0.0017,0.0065,-0.1157,0.0810,-0.0079,0.0064,0.0000,0.0000,0.0000,1.0481,5.1640,-1.3338
54436366,-0.0016,-0.0008,-0.0070,0.0082,0.0042,-0.0080,0.0024,0.0054,-0.1158,0.0811,-0.0070,0.0082,0.0000,0.0000,0.0000,1.0481,5.1640,-1.3338
54441366,-0.0016,-0.0007,-0.0079,0.0095,0.0075,-0.0079,0.0031,0.0045,-0.1158,0.0811,-0.0079,0.0095,0.0000,0.0000,0.0000,1.0481,5.1640,-1.3338
54446365,-0.0016,-0.0005,-0.0073,0.0110,0.0100,-0.0078,0.0039,0.0035,-0.1158,0.0812,-0.0073,0.0110,0.0000,0.0000,0.0000,1.0481,5.1640,-1.3338
54451366,-0.0015,-0.0003,-0.0076,0.0104,0.0118,-0.0075,0.0042,0.0028,-0.1159,0.0812,-0.0076,0.0104,0.0000,0.0000,0.0000,1.0481,5.1640,-1.3338
54456366,-0.0014,-0.0001,-0.0082,0.0076,0.0133,-0.0074,0.0043,0.0026,-0.1159,0.0813,-0.0082,0.0076,0.0000,0.0000,0.0000,1.0481,5.1640,-1.3338
54461365,-0.0014,0.0000,-0.0089,0.0037,0.0133,-0.0073,0.0041,0.0027,-0.1160,0.0813,-0.0089,0.0037,0.0000,0.0000,0.0000,1.0481,5.1640,-1.3338
54466366,-0.0013,0.0001,-0.0098,0.0000,0.0139,-0.0073,0.0039,0.0029,-0.1160,0.0813,-0.0098,0.0000,0.0000,0.0000,0.0000,1.0481,5.1640,-1.3338
54471366,-0.0013,0.0003,-0.0116,-0.0027,0.0142,-0.0076,0.0040,0.0031,-0.1161,0.0813,-0.0116,-0.0027,0.0000,0.0000,0.0000,1.0481,5.1640,-1.3338
54476366,-0.0012,0.0003,-0.0092,-0.0046,0.0139,-0.0067,0.0035,0.0027,-0.1161,0.0812,-0.0092,-0.0046,0.0000,0.0000,0.0000,1.0481,5.1640,-1.3338
54481366,-0.0010,0.0004,-0.0116,-0.0067,0.0136,-0.0066,0.0032,0.0029,-0.1162,0.0812,-0.0116,-0.0067,0.0000,0.0000,0.0000,1.0481,5.1640,-1.3338
54486366,-0.0010,0.0001,-0.0107,-0.0086,0.0139,-0.0062,0.0017,0.0040,-0.1162,0.0812,-0.0107,-0.0086,0.0000,0.0000,0.0000,1.0481,5.1640,-1.3338
54491366,-0.0010,-0.0002,-0.0122,-0.0079,0.0145,-0.0066,0.0009,0.0051,-0.1163,0.0811,-0.0122,-0.0079,0.0000,0.0000,0.0000,1.0481,5.1640,-1.3338
54496366,-0.0011,-0.0005,-0.0110,-0.0043,0.0155,-0.0066,0.0005,0.0054,-0.1163,0.0811,-0.0110,-0.0043,0.0000,0.0000,0.0000,1.0481,5.1640,-1.3338
54501367,-0.0011,-0.0008,-0.0116,-0.0027,0.0197,-0.0068,-0.0001,0.0062,-0.1164,0.0811,-0.0116,-0.0027,0.0000,0.0000,0.0000,1.0481,5.1640,-1.3338
54506366,-0.0011,-0.0010,-0.0116,0.0006,0.0182,-0.0068,-0.0004,0.0065,-0.1165,0.0811,-0.0116,0.0006,0.0000,0.0000,0.0000,1.0481,5.1640,-1.3338
54511366,-0.0011,-0.0013,-0.0104,0.0018,0.0191,-0.0067,-0.0012,0.0072,-0.1165,0.0811,-0.0104,0.0018,0.0000,0.0000,0.0000,1.0481,5.1640,-1.3338
54516366,-0.0011,-0.0015,-0.0089,0.0021,0.0176,-0.0063,-0.0021,0.0078,-0.1166,0.0811,-0.0089,0.0021,0.0000,0.0000,0.0000,1.0481,5.1640,-1.3338
54521367,-0.0010,-0.0018,-0.0098,0.0049,0.0161,-0.0062,-0.0025,0.0081,-0.1166,0.0811,-0.0098,0.0049,0.0000,0.0000,0.0000,1.0481,5.1640,-1.3338
54526366,-0.0009,-0.0019,-0.0092,0.0070,0.0151,-0.0057,-0.0030,0.0081,-0.1166,0.0812,-0.0092,0.0070,0.0000,0.0000,0.0000,1.0481,5.1640,-1.3338
54531366,-0.0007,-0.0020,-0.0073,0.0082,0.0112,-0.0045,-0.0034,0.0075,-0.1167,0.0812,-0.0073,0.0082,0.0000,0.0000,0.0000,1.0481,5.1640,-1.3338
54536366,-0.0006,-0.0020,-0.0095,0.0076,0.0045,-0.0041,-0.0037,0.0077,-0.1167,0.0813,-0.0095,0.0076,0.0000,0.0000,0.0000,1.0481,5.1640,-1.3338
54541366,-0.0004,-0.0021,-0.0095,0.0046,0.0008,-0.0034,-0.0049,0.0083,-0.1168,0.0813,-0.0095,0.0046,0.0000,0.0000,0.0000,1.0481,5.1640,-1.3338
54546365,-0.0002,-0.0021,-0.0107,0.0031,-0.0071,-0.0028,-0.0053,0.0084,-0.1168,0.0813,-0.0107,0.0031,0.0000,0.0000,0.0000,1.0481,5.1640,-1.3338
54551365,-0.0001,-0.0021,-0.0147,0.0034,-0.0117,-0.0029,-0.0050,0.0084,-0.1169,0.0813,-0.0147,0.0034,0.0000,0.0000,0.0000,1.0481,5.1640,-1.3338
54556366,0.0000,-0.0020,-0.0156,0.0000,-0.0139,-0.0026,-0.0055,0.0086,-0.1170,0.0813,-0.0156,0.0000,0.0000,0.0000,0.0000,1.0481,5.1640,-1.3338
54561365,0.0001,-0.0022,-0.0159,-0.0006,-0.0157,-0.0023,-0.0064,0.0093,-0.1171,0.0813,-0.0159,-0.0006,0.0000,0.0000,0.0000,1.0481,5.1640,-1.3338
54566366,0.0003,-0.0023,-0.0153,-0.0009,-0.0163,-0.0016,-0.0071,0.0093,-0.1171,0.0813,-0.0153,-0.0009,0.0000,0.0000,0.0000,1.0481,5.1640,-1.3338
54571366,0.0003,-0.0026,-0.0168,-0.0043,-0.0166,-0.0019,-0.0085,0.0110,-0.1172,0.0813,-0.0168,-0.0043,0.0000,0.0000,0.0000,1.0481,5.1640,-1.3338
54576366,0.0001,-0.0028,-0.0137,-0.0049,-0.0136,-0.0022,-0.0092,0.0119,-0.1173,0.0813,-0.0137,-0.0049,0.0000,0.0000,0.0000,1.0481,5.1640,-1.3338
54581367,-0.0000,-0.0031,-0.0137,-0.0043,-0.0157,-0.0025,-0.0098,0.0129,-0.1174,0.0812,-0.0137,-0.0043,0.0000,0.0000,0.0000,1.0481,5.1640,-1.3338
54586366,-0.0000,-0.0033,-0.0116,-0.0037,-0.0175,-0.0020,-0.0109,0.0136,-0.1174,0.0812,-0.0116,-0.0037,0.0000,0.0000,0.0000,1.0481,5.1640,-1.3338
54591365,0.0000,-0.0036,-0.0110,-0.0027,-0.0206,-0.0017,-0.0118,0.0143,-0.1175,0.0812,-0.0110,-0.0027,0.0000,0.0000,0.0000,1.0481,5.1640,-1.3338
54596365,0.0001,-0.0039,-0.0107,0.0009,-0.0227,-0.0014,-0.0121,0.0144,-0.1175,0.0812,-0.0107,0.0009,0.0000,0.0000,0.0000,1.0481,5.1640,-1.3338
54601367,0.0002,-0.0040,-0.0128,0.0034,-0.0252,-0.0013,-0.0123,0.0146,-0.1176,0.0812,-0.0128,0.0034,0.0000,0.0000,0.0000,1.0481,5.1640,-1.3338
54606366,0.0003,-0.0042,-0.0147,0.0012,-0.0288,-0.0011,-0.0132,0.0153,-0.1177,0.0812,-0.0147,0.0012,0.0000,0.0000,0.0000,1.0481,5.1640,-1.3338
54611366,0.0005,-0.0042,-0.0177,0.0052,-0.0316,-0.0002,-0.0119,0.0133,-0.1177,0.0813,-0.0069,0.0239,0.0000,0.0000,1.2543,1.0481,5.1640,-1.3069
54616366,0.0006,-0.0043,-0.0180,0.0040,-0.0322,0.0005,-0.0123,0.0130,-0.1177,0.0815,-0.0037,0.0289,0.0000,0.0000,1.6724,1.0481,5.1640,-1.2874
54621366,0.0007,-0.0044,-0.0208,0.0058,-0.0322,0.0005,-0.0122,0.0129,-0.1177,0.0816,-0.0064,0.0307,0.0000,0.0000,1.6724,1.0481,5.1640,-1.2820
54626366,0.0008,-0.0043,-0.0247,0.0037,-0.0322,0.0001,-0.0122,0.0133,-0.1178,0.0818,-0.0104,0.0286,0.0000,0.0000,1.6724,1.0481,5.1640,-1.2707
54631366,0.0009,-0.0042,-0.0263,0.0034,-0.0310,-0.0000,-0.0118,0.0131,-0.1179,0.0819,-0.0119,0.0283,0.0000,0.0000,1.6724,1.0481,5.1640,-1.2653
54636366,0.0008,-0.0041,-0.0275,0.0021,-0.0270,-0.0006,-0.0113,0.0130,-0.1179,0.0821,-0.0131,0.0271,0.0000,0.0000,1.6724,1.0481,5.1640,-1.2540
54641366,0.0005,-0.0042,-0.0232,-0.0009,-0.0197,-0.0011,-0.0125,0.0144,-0.1180,0.0822,-0.0112,0.0199,0.0000,0.0000,1.3955,1.0481,5.1640,-1.2517
54646366,0.0003,-0.0044,-0.0250,-0.0043,-0.0154,-0.0028,-0.0132,0.0166,-0.1181,0.0822,-0.0154,0.0124,0.0000,0.0000,1.1186,1.0481,5.1640,-1.2521
54651366,-0.0000,-0.0044,-0.0235,-0.0049,-0.0016,-0.0038,-0.0132,0.0170,-0.1181,0.0823,-0.0144,0.0110,0.0000,0.0000,1.0632,1.0481,5.1640,-1.2468
54656366,-0.0002,-0.0046,-0.0235,-0.0003,0.0216,-0.0049,-0.0131,0.0172,-0.1182,0.0824,-0.0144,0.0156,0.0000,0.0000,1.0632,1.0481,5.1640,-1.2426
54661365,-0.0003,-0.0049,-0.0134,0.0055,0.0344,-0.0035,-0.0138,0.0160,-0.1182,0.0825,-0.0043,0.0214,0.0000,0.0000,1.0632,1.0481,5.1640,-1.2362
54666365,-0.0004,-0.0050,-0.0089,0.0150,0.0445,-0.0033,-0.0130,0.0147,-0.1182,0.0826,0.0003,0.0308,0.0000,0.0000,1.0632,1.0481,5.1640,-1.2320
54671366,-0.0004,-0.0051,-0.0082,0.0287,0.0692,-0.0036,-0.0115,0.0124,-0.1182,0.0828,0.0009,0.0446,0.0000,0.0000,1.0632,1.0481,5.1640,-1.2256
54676366,-0.0003,-0.0051,-0.0079,0.0406,0.0833,-0.0031,-0.0100,0.0099,-0.1182,0.0831,0.0012,0.0565,0.0000,0.0000,1.0632,1.0481,5.1640,-1.2213
54681366,-0.0002,-0.0051,-0.0104,0.0501,0.0891,-0.0032,-0.0084,0.0082,-0.1182,0.0835,-0.0013,0.0659,0.0000,0.0000,1.0632,1.0481,5.1640,-1.2149
54686366,-0.0001,-0.0050,-0.0171,0.0589,0.0729,-0.0039,-0.0058,0.0069,-0.1182,0.0838,-0.0063,0.0777,0.0000,0.0000,1.2585,1.0481,5.1640,-1.2064
54691366,-0.0002,-0.0050,-0.0220,0.0623,0.0753,-0.0050,-0.0045,0.0067,-0.1183,0.0842,-0.0112,0.0811,0.0000,0.0000,1.2585,1.0481,5.1640,-1.1988
54696366,-0.0002,-0.0049,-0.0235,0.0602,0.0793,-0.0056,-0.0045,0.0071,-0.1184,0.0846,-0.0127,0.0789,0.0000,0.0000,1.2585,1.0481,5.1640,-1.1938
54701366,-0.0002,-0.0045,-0.0266,0.0522,0.0713,-0.0061,-0.0041,0.0075,-0.1184,0.0850,-0.0158,0.0710,0.0000,0.0000,1.2585,1.0481,5.1640,-1.1862
54706366,-0.0003,-0.0042,-0.0293,0.0449,0.0600,-0.0067,-0.0036,0.0080,-0.1185,0.0853,-0.0185,0.0637,0.0000,0.0000,1.2585,1.0481,5.1640,-1.1812
54711366,-0.0004,-0.0039,-0.0312,0.0330,0.0536,-0.0073,-0.0041,0.0094,-0.1186,0.0856,-0.0203,0.0518,0.0000,0.0000,1.2585,1.0481,5.1640,-1.1737
54716366,-0.0005,-0.0037,-0.0296,0.0174,0.0521,-0.0078,-0.0059,0.0117,-0.1187,0.0857,-0.0206,0.0331,0.0000,0.0000,1.0487,1.0481,5.1640,-1.1732
54721366,-0.0008,-0.0035,-0.0327,0.0064,0.0549,-0.0096,-0.0067,0.0142,-0.1189,0.0858,-0.0259,0.0181,0.0000,0.0000,0.7865,1.0481,5.1640,-1.1731
54726366,-0.0011,-0.0036,-0.0318,0.0000,0.0506,-0.0108,-0.0075,0.0164,-0.1190,0.0859,-0.0264,0.0094,0.0000,0.0000,0.6292,1.0481,5.1640,-1.1735
54731366,-0.0012,-0.0035,-0.0278,-0.0067,0.0460,-0.0105,-0.0085,0.0172,-0.1191,0.0859,-0.0237,0.0003,0.0000,0.0000,0.4719,1.0481,5.1640,-1.1734
54736366,-0.0014,-0.0038,-0.0302,-0.0046,0.0436,-0.0117,-0.0086,0.0186,-0.1193,0.0859,-0.0271,0.0009,0.0000,0.0000,0.3670,1.0481,5.1640,-1.1738
54741366,-0.0016,-0.0040,-0.0250,-0.0021,0.0399,-0.0114,-0.0092,0.0191,-0.1194,0.0859,-0.0228,0.0018,0.0000,0.0000,0.2622,1.0481,5.1640,-1.1739
54746366,-0.0017,-0.0043,-0.0247,0.0049,0.0353,-0.0118,-0.0086,0.0191,-0.1195,0.0859,-0.0229,0.0080,0.0000,0.0000,0.2097,1.0481,5.1640,-1.1739
54751366,-0.0018,-0.0045,-0.0244,0.0144,0.0341,-0.0122,-0.0075,0.0184,-0.1196,0.0860,-0.0231,0.0167,0.0000,0.0000,0.1573,1.0481,5.1640,-1.1738
54756366,-0.0019,-0.0046,-0.0244,0.0229,0.0371,-0.0127,-0.0064,0.0177,-0.1197,0.0861,-0.0231,0.0253,0.0000,0.0000,0.1573,1.0481,5.1640,-1.1731
54761366,-0.0020,-0.0047,-0.0223,0.0308,0.0371,-0.0127,-0.0055,0.0168,-0.1198,0.0863,-0.0214,0.0324,0.0000,0.0000,0.1048,1.0481,5.1640,-1.1735
54766366,-0.0021,-0.0048,-0.0208,0.0357,0.0319,-0.0129,-0.0048,0.0164,-0.1199,0.0865,-0.0199,0.0373,0.0000,0.0000,0.1048,1.0481,5.1640,-1.1731
54771366,-0.0022,-0.0049,-0.0220,0.0406,0.0304,-0.0135,-0.0039,0.0162,-0.1200,0.0867,-0.0215,0.0414,0.0000,0.0000,0.0524,1.0481,5.1640,-1.1738
54776366,-0.0022,-0.0049,-0.0238,0.0431,0.0353,-0.0140,-0.0035,0.0161,-0.1202,0.0869,-0.0234,0.0438,0.0000,0.0000,0.0524,1.0481,5.1640,-1.1736
54781366,-0.0022,-0.0049,-0.0250,0.0418,0.0338,-0.0133,-0.0040,0.0160,-0.1202,0.0871,-0.0139,0.0426,-0.6198,0.0000,0.0524,1.0353,5.1640,-1.1732
54786366,-0.0022,-0.0049,-0.0266,0.0391,0.0258,-0.0111,-0.0053,0.0154,-0.1202,0.0873,0.0118,0.0398,-2.1974,0.0000,0.0524,0.9978,5.1640,-1.1730
54791366,-0.0021,-0.0047,-0.0263,0.0370,0.0252,-0.0107,-0.0054,0.0152,-0.1201,0.0875,0.0116,0.0369,-2.1974,0.0000,0.0000,0.9846,5.1640,-1.1740
54796366,-0.0021,-0.0048,-0.0281,0.0345,0.0274,-0.0114,-0.0058,0.0162,-0.1201,0.0877,0.0098,0.0345,-2.1974,0.0000,0.0000,0.9758,5.1640,-1.1740
54801365,-0.0024,-0.0049,-0.0281,0.0315,0.0261,-0.0124,-0.0059,0.0174,-0.1200,0.0878,0.0098,0.0314,-2.1974,0.0000,0.0000,0.9627,5.1640,-1.1740
54806365,-0.0025,-0.0050,-0.0278,0.0321,0.0203,-0.0133,-0.0057,0.0181,-0.1200,0.0880,0.0052,0.0320,-1.9153,0.0000,0.0000,0.9598,5.1640,-1.1740
54811366,-0.0028,-0.0050,-0.0281,0.0299,0.0124,-0.0150,-0.0050,0.0195,-0.1200,0.0882,-0.0032,0.0299,-1.4450,0.0000,0.0000,0.9592,5.1640,-1.1740
54816366,-0.0030,-0.0051,-0.0281,0.0299,0.0087,-0.0160,-0.0048,0.0205,-0.1200,0.0883,-0.0080,0.0299,-1.1629,0.0000,0.0000,0.9596,5.1640,-1.1740
54821366,-0.0033,-0.0050,-0.0226,0.0342,0.0075,-0.0164,-0.0037,0.0198,-0.1201,0.0885,-0.0074,0.0342,-0.8808,0.0000,0.0000,0.9592,5.1640,-1.1740
54826366,-0.0034,-0.0051,-0.0275,0.0379,-0.0053,-0.0181,-0.0022,0.0205,-0.1202,0.0887,-0.0155,0.0379,-0.6927,0.0000,0.0000,0.9598,5.1640,-1.1740
54831366,-0.0035,-0.0051,-0.0244,0.0394,-0.0203,-0.0175,-0.0022,0.0205,-0.1202,0.0889,-0.0125,0.0394,-0.6927,0.0000,0.0000,0.9556,5.1640,-1.1740
54836366,-0.0038,-0.0050,-0.0223,0.0415,-0.0230,-0.0182,-0.0011,0.0201,-0.1203,0.0891,-0.0103,0.0415,-0.6927,0.0000,0.0000,0.9529,5.1640,-1.1740
54841366,-0.0040,-0.0050,-0.0168,0.0458,-0.0301,-0.0180,-0.0001,0.0192,-0.1203,0.0893,-0.0049,0.0458,-0.6927,0.0000,0.0000,0.9487,5.1640,-1.1740
54846366,-0.0042,-0.0048,-0.0089,0.0440,-0.0417,-0.0171,-0.0002,0.0189,-0.1203,0.0895,0.0031,0.0440,-0.6927,0.0000,0.0000,0.9460,5.1640,-1.1740
54851366,-0.0044,-0.0047,-0.0015,0.0486,-0.0493,-0.0163,0.0009,0.0173,-0.1202,0.0898,0.0104,0.0485,-0.6927,0.0000,0.0000,0.9418,5.1640,-1.1740
54856366,-0.0045,-0.0046,0.0076,0.0504,-0.0524,-0.0150,0.0011,0.0160,-0.1201,0.0900,0.0196,0.0504,-0.6927,0.0000,0.0000,0.9390,5.1640,-1.1740
54861366,-0.0046,-0.0044,0.0107,0.0498,-0.0517,-0.0149,0.0013,0.0155,-0.1200,0.0903,0.0226,0.0498,-0.6927,0.0000,0.0000,0.9349,5.1640,-1.1740
54866366,-0.0047,-0.0042,0.0150,0.0489,-0.0542,-0.0144,0.0017,0.0148,-0.1199,0.0905,0.0269,0.0488,-0.6927,0.0000,0.0000,0.9321,5.1640,-1.1740
54871366,-0.0048,-0.0040,0.0192,0.0489,-0.0569,-0.0133,0.0021,0.0134,-0.1197,0.0907,0.0367,0.0488,-1.0136,0.0000,0.0000,0.9205,5.1640,-1.1740
54876366,-0.0045,-0.0037,0.0150,0.0486,-0.0545,-0.0130,0.0027,0.0124,-0.1195,0.0910,0.0324,0.0485,-1.0136,0.0000,0.0000,0.9165,5.1640,-1.1740
54881366,-0.0042,-0.0035,0.0113,0.0467,-0.0524,-0.0126,0.0028,0.0118,-0.1194,0.0912,0.0288,0.0467,-1.0136,0.0000,0.0000,0.9104,5.1640,-1.1740
54886366,-0.0039,-0.0032,0.0067,0.0486,-0.0527,-0.0125,0.0041,0.0105,-0.1193,0.0915,0.0242,0.0485,-1.0136,0.0000,0.0000,0.9063,5.1640,-1.1740
54891366,-0.0037,-0.0030,-0.0015,0.0480,-0.0560,-0.0133,0.0054,0.0100,-0.1192,0.0917,0.0159,0.0479,-1.0136,0.0000,0.0000,0.9003,5.1640,-1.1740
54896366,-0.0036,-0.0027,-0.0061,0.0464,-0.0542,-0.0136,0.0063,0.0094,-0.1191,0.0919,0.0114,0.0464,-1.0136,0.0000,0.0000,0.8962,5.1640,-1.1740
54901365,-0.0035,-0.0024,-0.0107,0.0443,-0.0527,-0.0139,0.0071,0.0089,-0.1191,0.0922,0.0068,0.0443,-1.0136,0.0000,0.0000,0.8901,5.1640,-1.1740
54906366,-0.0033,-0.0021,-0.0168,0.0418,-0.0551,-0.0146,0.0079,0.0088,-0.1191,0.0924,0.0007,0.0418,-1.0136,0.0000,0.0000,0.8861,5.1640,-1.1740
54911366,-0.0033,-0.0018,-0.0208,0.0434,-0.0563,-0.0151,0.0095,0.0077,-0.1191,0.0926,-0.0033,0.0434,-1.0136,0.0000,0.0000,0.8800,5.1640,-1.1740
54916365,-0.0033,-0.0015,-0.0229,0.0403,-0.0508,-0.0157,0.0103,0.0073,-0.1191,0.0928,-0.0054,0.0403,-1.0136,0.0000,0.0000,0.8759,5.1640,-1.1740
54921366,-0.0034,-0.0012,-0.0250,0.0394,-0.0487,-0.0168,0.0119,0.0068,-0.1192,0.0930,-0.0104,0.0394,-0.8475,0.0000,0.0000,0.8736,5.1640,-1.1740
54926365,-0.0037,-0.0009,-0.0244,0.0360,-0.0502,-0.0179,0.0126,0.0072,-0.1193,0.0932,-0.0127,0.0360,-0.6814,0.0000,0.0000,0.8739,5.1640,-1.1740
54931366,-0.0040,-0.0008,-0.0226,0.0385,-0.0481,-0.0190,0.0140,0.0069,-0.1193,0.0934,-0.0137,0.0385,-0.5152,0.0000,0.0000,0.8737,5.1640,-1.1740
54936366,-0.0043,-0.0007,-0.0229,0.0412,-0.0450,-0.0204,0.0155,0.0066,-0.1194,0.0936,-0.0159,0.0412,-0.4045,0.0000,0.0000,0.8741,5.1640,-1.1740
54941366,-0.0045,-0.0005,-0.0195,0.0397,-0.0377,-0.0210,0.0161,0.0064,-0.1195,0.0938,-0.0145,0.0397,-0.2937,0.0000,0.0000,0.8742,5.1640,-1.1740
54946366,-0.0048,-0.0003,-0.0183,0.0431,-0.0319,-0.0219,0.0178,0.0053,-0.1195,0.0940,-0.0142,0.0431,-0.2384,0.0000,0.0000,0.8742,5.1640,-1.1740
54951365,-0.0050,-0.0001,-0.0153,0.0443,-0.0258,-0.0216,0.0171,0.0055,-0.1195,0.0941,-0.0012,0.0255,-0.1830,1.2653,0.0000,0.8740,5.1910,-1.1740
54956366,-0.0052,0.0001,-0.0156,0.0458,-0.0181,-0.0224,0.0177,0.0054,-0.1195,0.0942,0.0032,0.0172,-0.1276,1.9254,0.0000,0.8744,5.2114,-1.1740
54961366,-0.0055,0.0003,-0.0134,0.0467,-0.0081,-0.0230,0.0187,0.0046,-0.1195,0.0943,0.0053,0.0181,-0.1276,1.9254,0.0000,0.8737,5.2229,-1.1740
54966366,-0.0057,0.0006,-0.0131,0.0458,0.0081,-0.0241,0.0197,0.0040,-0.1195,0.0944,0.0047,0.0172,-0.0722,1.9254,0.0000,0.8744,5.2306,-1.1740
54971366,-0.0059,0.0009,-0.0134,0.0443,0.0136,-0.0249,0.0208,0.0036,-0.1195,0.0944,0.0044,0.0156,-0.0722,1.9254,0.0000,0.8739,5.2422,-1.1740
54976366,-0.0060,0.0012,-0.0101,0.0440,0.0185,-0.0251,0.0217,0.0027,-0.1194,0.0945,0.0078,0.0153,-0.0722,1.9254,0.0000,0.8737,5.2499,-1.1740
54981366,-0.0062,0.0015,-0.0110,0.0476,0.0225,-0.0263,0.0244,0.0010,-0.1194,0.0946,0.0020,0.0252,0.0000,1.5124,0.0000,0.8745,5.2518,-1.1740
54986366,-0.0064,0.0018,-0.0140,0.0470,0.0301,-0.0278,0.0259,0.0007,-0.1194,0.0948,-0.0010,0.0245,0.0000,1.5124,0.0000,0.8745,5.2579,-1.1740
54991366,-0.0064,0.0022,-0.0174,0.0525,0.0417,-0.0284,0.0282,-0.0014,-0.1194,0.0949,-0.0044,0.0300,0.0000,1.5124,0.0000,0.8745,5.2669,-1.1740
54996366,-0.0065,0.0025,-0.0052,0.0467,0.0723,-0.0270,0.0270,-0.0028,-0.1194,0.0950,0.0079,0.0242,0.0000,1.5124,0.0000,0.8745,5.2730,-1.1740
55001366,-0.0066,0.0028,-0.0012,0.0382,0.1013,-0.0267,0.0254,-0.0026,-0.1193,0.0951,0.0156,0.0092,0.0000,1.9487,0.0000,0.8745,5.2918,-1.1740
55006365,-0.0066,0.0029,0.0144,0.0168,0.1156,-0.0240,0.0208,-0.0012,-0.1192,0.0950,0.0312,-0.0122,0.0000,1.9487,0.0000,0.8745,5.2996,-1.1740
55011366,-0.0066,0.0029,0.0241,-0.0180,0.1135,-0.0220,0.0141,0.0035,-0.1190,0.0948,0.0409,-0.0470,0.0000,1.9487,0.0000,0.8745,5.3113,-1.1740
55016365,-0.0064,0.0029,0.0461,-0.0284,0.1260,-0.0172,0.0097,0.0027,-0.1186,0.0945,0.0629,-0.0574,0.0000,1.9487,0.0000,0.8745,5.3190,-1.1740
55021366,-0.0063,0.0028,0.0541,-0.0299,0.1498,-0.0153,0.0073,0.0023,-0.1183,0.0942,0.0733,-0.0631,0.0000,2.2283,0.0000,0.8745,5.3374,-1.1740
55026366,-0.0061,0.0026,0.0608,-0.0339,0.1615,-0.0136,0.0050,0.0024,-0.1179,0.0939,0.0800,-0.0670,0.0000,2.2283,0.0000,0.8745,5.3463,-1.1740
55031366,-0.0059,0.0026,0.0669,-0.0305,0.1599,-0.0114,0.0043,0.0010,-0.1174,0.0935,0.0861,-0.0637,0.0000,2.2283,0.0000,0.8745,5.3597,-1.1740
55036366,-0.0054,0.0023,0.0675,-0.0269,0.1535,-0.0091,0.0028,0.0004,-0.1170,0.0932,0.0867,-0.0600,0.0000,2.2283,0.0000,0.8745,5.3686,-1.1740
55041366,-0.0049,0.0019,0.0617,-0.0232,0.1465,-0.0083,0.0023,0.0005,-0.1166,0.0930,0.0791,-0.0532,0.0000,2.0173,0.0000,0.8745,5.3775,-1.1740
55046366,-0.0045,0.0016,0.0538,-0.0110,0.1422,-0.0086,0.0038,-0.0006,-0.1163,0.0928,0.0680,-0.0355,0.0000,1.6480,0.0000,0.8745,5.3774,-1.1740
55051366,-0.0043,0.0014,0.0443,0.0012,0.1279,-0.0095,0.0060,-0.0015,-0.1160,0.0927,0.0549,-0.0170,0.0000,1.2259,0.0000,0.8745,5.3775,-1.1740
55056366,-0.0040,0.0012,0.0367,0.0195,0.0998,-0.0095,0.0094,-0.0037,-0.1158,0.0927,0.0454,0.0044,0.0000,1.0149,0.0000,0.8745,5.3777,-1.1740
55061366,-0.0037,0.0013,0.0202,0.0458,0.1025,-0.0118,0.0152,-0.0074,-0.1156,0.0929,0.0266,0.0346,0.0000,0.7511,0.0000,0.8745,5.3776,-1.1740
55066366,-0.0035,0.0013,0.0089,0.0510,0.1022,-0.0131,0.0171,-0.0080,-0.1156,0.0931,0.0140,0.0422,0.0000,0.5929,0.0000,0.8745,5.3771,-1.1740
55071366,-0.0034,0.0017,-0.0003,0.0541,0.0921,-0.0147,0.0202,-0.0090,-0.1156,0.0934,0.0034,0.0476,0.0000,0.4346,0.0000,0.8745,5.3771,-1.1740
55076366,-0.0035,0.0021,-0.0046,0.0516,0.0842,-0.0157,0.0218,-0.0094,-0.1156,0.0936,-0.0013,0.0459,0.0000,0.3818,0.0000,0.8745,5.3776,-1.1740
55081366,-0.0035,0.0025,-0.0061,0.0467,0.0857,-0.0163,0.0227,-0.0097,-0.1156,0.0938,-0.0037,0.0426,0.0000,0.2763,0.0000,0.8745,5.3774,-1.1740
55086366,-0.0036,0.0028,-0.0043,0.0367,0.0857,-0.0163,0.0221,-0.0091,-0.1156,0.0940,-0.0023,0.0333,0.0000,0.2236,0.0000,0.8745,5.3773,-1.1740
55091366,-0.0037,0.0030,-0.0006,0.0244,0.0741,-0.0164,0.0203,-0.0068,-0.1156,0.0940,-0.0063,0.0095,0.0000,0.1708,-0.8300,0.8745,5.3774,-1.1915
55096366,-0.0038,0.0032,0.0076,0.0174,0.0604,-0.0155,0.0188,-0.0056,-0.1157,0.0940,-0.0052,-0.0084,0.0000,0.1180,-1.6112,0.8745,5.3769,-1.2127
55101366,-0.0039,0.0033,0.0156,0.0125,0.0536,-0.0142,0.0177,-0.0056,-0.1156,0.0939,0.0027,-0.0133,0.0000,0.1180,-1.6112,0.8745,5.3777,-1.2224
55106366,-0.0039,0.0033,0.0293,0.0049,0.0381,-0.0114,0.0156,-0.0056,-0.1156,0.0938,0.0160,-0.0201,0.0000,0.0653,-1.6112,0.8745,5.3769,-1.2288
55111366,-0.0038,0.0034,0.0348,0.0052,0.0213,-0.0100,0.0155,-0.0064,-0.1155,0.0937,0.0215,-0.0198,0.0000,0.0653,-1.6112,0.8745,5.3773,-1.2385
55116366,-0.0038,0.0034,0.0385,0.0058,0.0060,-0.0089,0.0156,-0.0069,-0.1153,0.0936,0.0251,-0.0192,0.0000,0.0653,-1.6112,0.8745,5.3776,-1.2449
55121366,-0.0037,0.0035,0.0385,0.0073,0.0008,-0.0085,0.0163,-0.0078,-0.1152,0.0935,0.0260,-0.0143,0.0000,0.0000,-1.4450,0.8745,5.3768,-1.2510
55126366,-0.0033,0.0034,0.0379,0.0076,-0.0010,-0.0068,0.0154,-0.0086,-0.1151,0.0935,0.0278,-0.0098,0.0000,0.0000,-1.1681,0.8745,5.3768,-1.2507
55131366,-0.0029,0.0035,0.0363,0.0104,-0.0093,-0.0051,0.0156,-0.0102,-0.1149,0.0935,0.0291,-0.0021,0.0000,0.0000,-0.8359,0.8745,5.3768,-1.2501
55136366,-0.0027,0.0036,0.0333,0.0107,-0.0194,-0.0048,0.0165,-0.0110,-0.1148,0.0935,0.0270,-0.0001,0.0000,0.0000,-0.7251,0.8745,5.3768,-1.2510
55141366,-0.0026,0.0038,0.0308,0.0101,-0.0282,-0.0047,0.0173,-0.0115,-0.1146,0.0935,0.0265,0.0026,0.0000,0.0000,-0.5036,0.8745,5.3768,-1.2502
55146366,-0.0025,0.0040,0.0299,0.0067,-0.0291,-0.0044,0.0172,-0.0117,-0.1145,0.0935,0.0261,0.0000,0.0000,0.0000,-0.4482,0.8745,5.3768,-1.2510
55151366,-0.0024,0.0041,0.0305,0.0052,-0.0438,-0.0033,0.0174,-0.0124,-0.1144,0.0935,0.0276,0.0002,0.0000,0.0000,-0.3374,0.8745,5.3768,-1.2510
55156366,-0.0020,0.0040,0.0315,0.0027,-0.0536,-0.0015,0.0159,-0.0123,-0.1142,0.0935,0.0290,-0.0015,0.0000,0.0000,-0.2821,0.8745,5.3768,-1.2510
55161366,-0.0017,0.0038,0.0281,0.0040,-0.0597,-0.0009,0.0152,-0.0121,-0.1141,0.0935,0.0266,0.0014,0.0000,0.0000,-0.1713,0.8745,5.3768,-1.2501
55166366,-0.0014,0.0036,0.0308,0.0049,-0.0627,0.0009,0.0139,-0.0123,-0.1140,0.0935,0.0294,0.0023,0.0000,0.0000,-0.1713,0.8745,5.3768,-1.2508
55171366,-0.0011,0.0035,0.0305,0.0055,-0.0713,0.0025,0.0131,-0.0129,-0.1138,0.0935,0.0295,0.0038,0.0000,0.0000,-0.1159,0.8745,5.3768,-1.2505
55176366,-0.0007,0.0035,0.0302,0.0073,-0.0783,0.0040,0.0127,-0.0137,-0.1137,0.0935,0.0292,0.0056,0.0000,0.0000,-0.1159,0.8745,5.3768,-1.2510
55181366,-0.0003,0.0036,0.0330,0.0073,-0.0820,0.0061,0.0120,-0.0150,-0.1135,0.0936,0.0325,0.0064,0.0000,0.0000,-0.0605,0.8745,5.3768,-1.2503
55186365,-0.0000,0.0037,0.0299,0.0076,-0.0805,0.0066,0.0123,-0.0158,-0.1134,0.0936,0.0289,0.0059,0.0000,0.0000,-0.1159,0.8745,5.3768,-1.2518
55191366,0.0002,0.0039,0.0293,0.0086,-0.0811,0.0076,0.0126,-0.0170,-0.1132,0.0936,0.0283,0.0068,0.0000,0.0000,-0.1159,0.8745,5.3768,-1.2524
55196365,0.0005,0.0040,0.0284,0.0049,-0.0844,0.0083,0.0122,-0.0173,-0.1131,0.0937,0.0274,0.0032,0.0000,0.0000,-0.1159,0.8745,5.3768,-1.2529
55201366,0.0007,0.0042,0.0287,-0.0018,-0.0814,0.0092,0.0110,-0.0171,-0.1129,0.0936,0.0277,-0.0036,0.0000,0.0000,-0.1159,0.8745,5.3768,-1.2536
55206366,0.0010,0.0043,0.0296,0.0043,-0.0731,0.0105,0.0116,-0.0193,-0.1128,0.0936,0.0286,0.0025,0.0000,0.0000,-0.1159,0.8745,5.3768,-1.2541
55211366,0.0012,0.0041,0.0284,0.0076,-0.0878,0.0115,0.0112,-0.0193,-0.1127,0.0937,0.0274,0.0059,0.0000,0.0000,-0.1159,0.8745,5.3768,-1.2548
55216366,0.0015,0.0042,0.0250,-0.0043,-0.1156,0.0122,0.0097,-0.0175,-0.1125,0.0936,0.0240,-0.0060,0.0000,0.0000,-0.1159,0.8745,5.3768,-1.2552
55221366,0.0017,0.0042,0.0177,-0.0125,-0.1104,0.0115,0.0089,-0.0161,-0.1124,0.0936,0.0167,-0.0143,0.0000,0.0000,-0.1159,0.8745,5.3768,-1.2559
55226366,0.0019,0.0042,0.0125,-0.0232,-0.1012,0.0107,0.0065,-0.0134,-0.1124,0.0934,0.0052,-0.0358,0.0000,0.0000,-0.8476,0.8745,5.3768,-1.2716
55231366,0.0020,0.0042,0.0180,-0.0354,-0.1150,0.0116,0.0030,-0.0102,-0.1124,0.0931,0.0008,-0.0652,0.0000,0.0000,-1.9973,0.8745,5.3768,-1.3049
55236366,0.0019,0.0039,0.0156,-0.0425,-0.1220,0.0108,0.0014,-0.0076,-0.1124,0.0927,-0.0017,-0.0722,0.0000,0.0000,-1.9973,0.8745,5.3768,-1.3129
55241366,0.0019,0.0034,0.0202,-0.0443,-0.0918,0.0115,-0.0014,-0.0066,-0.1124,0.0923,0.0029,-0.0740,0.0000,0.0000,-1.9973,0.8745,5.3768,-1.3249
55246366,0.0022,0.0034,0.0296,-0.0403,-0.0756,0.0127,-0.0019,-0.0079,-0.1124,0.0920,-0.0051,-0.0701,1.0162,0.0000,-1.9973,0.8960,5.3768,-1.3329
55251366,0.0025,0.0033,0.0266,-0.0400,-0.0844,0.0121,-0.0013,-0.0076,-0.1126,0.0917,-0.0242,-0.0626,2.1928,0.0000,-1.5130,0.9310,5.3768,-1.3339
55256366,0.0026,0.0028,0.0278,-0.0367,-0.0908,0.0133,-0.0024,-0.0073,-0.1127,0.0914,-0.0209,-0.0556,2.1928,0.0000,-1.2708,0.9398,5.3768,-1.3346
55261366,0.0028,0.0024,0.0275,-0.0269,-0.0670,0.0137,-0.0026,-0.0086,-0.1128,0.0912,-0.0183,-0.0408,2.1928,0.0000,-0.9318,0.9529,5.3768,-1.3344
55266366,0.0029,0.0021,0.0284,-0.0134,-0.0423,0.0146,-0.0022,-0.0108,-0.1128,0.0911,-0.0133,-0.0245,2.0517,0.0000,-0.7381,0.9588,5.3768,-1.3339
55271366,0.0031,0.0018,0.0269,-0.0031,-0.0337,0.0158,-0.0020,-0.0125,-0.1128,0.0910,-0.0034,-0.0112,1.4875,0.0000,-0.5444,0.9581,5.3768,-1.3339
55276366,0.0035,0.0017,0.0260,0.0064,-0.0322,0.0174,-0.0014,-0.0148,-0.1128,0.0910,0.0006,-0.0003,1.2523,0.0000,-0.4475,0.9589,5.3768,-1.3340
55281366,0.0037,0.0019,0.0269,0.0131,-0.0291,0.0191,-0.0004,-0.0175,-0.1128,0.0911,0.0080,0.0079,0.9232,0.0000,-0.3506,0.9587,5.3768,-1.3345
55286366,0.0039,0.0021,0.0235,0.0122,-0.0142,0.0192,0.0000,-0.0187,-0.1128,0.0911,0.0068,0.0118,0.7351,-0.2237,-0.2538,0.9583,5.3722,-1.3338
55291366,0.0042,0.0022,0.0217,0.0021,-0.0010,0.0186,0.0008,-0.0194,-0.1128,0.0913,-0.0099,0.0316,0.6411,-2.1814,-0.2053,0.9604,5.3244,-1.3342
55296366,0.0044,0.0023,0.0226,-0.0003,0.0002,0.0198,0.0002,-0.0200,-0.1129,0.0914,-0.0086,0.0299,0.6411,-2.1814,-0.1569,0.9629,5.3157,-1.3340
55301366,0.0046,0.0024,0.0257,-0.0092,0.0093,0.0210,-0.0017,-0.0197,-0.1129,0.0915,-0.0051,0.0218,0.6411,-2.1814,-0.1085,0.9668,5.3026,-1.3339
55306366,0.0049,0.0025,0.0217,-0.0147,0.0411,0.0208,-0.0029,-0.0194,-0.1129,0.0916,-0.0091,0.0163,0.6411,-2.1814,-0.1085,0.9693,5.2939,-1.3343
55311366,0.0052,0.0024,0.0137,-0.0214,0.0637,0.0204,-0.0051,-0.0178,-0.1130,0.0916,-0.0133,0.0045,0.6411,-1.7935,-0.0600,0.9732,5.2892,-1.3339
55316366,0.0054,0.0022,-0.0012,-0.0284,0.0680,0.0171,-0.0054,-0.0143,-0.1132,0.0916,-0.0451,-0.0069,1.7679,-1.5027,-0.0600,0.9998,5.2884,-1.3341
55321366,0.0055,0.0021,-0.0140,-0.0275,0.0833,0.0153,-0.0056,-0.0129,-0.1135,0.0915,-0.0546,-0.0118,1.7679,-1.1148,-0.0600,1.0104,5.2885,-1.3345
55326366,0.0056,0.0018,-0.0238,-0.0293,0.0909,0.0140,-0.0063,-0.0111,-0.1138,0.0915,-0.0622,-0.0156,1.7679,-0.9209,0.0000,1.0174,5.2883,-1.3338
55331366,0.0056,0.0018,-0.0315,-0.0293,0.0967,0.0126,-0.0062,-0.0101,-0.1141,0.0914,-0.0677,-0.0192,1.7679,-0.6785,0.0000,1.0280,5.2885,-1.3338
55336366,0.0057,0.0015,-0.0342,-0.0247,0.1004,0.0123,-0.0063,-0.0098,-0.1145,0.0913,-0.0692,-0.0168,1.7679,-0.5331,0.0000,1.0351,5.2890,-1.3338
55341366,0.0057,0.0013,-0.0324,-0.0183,0.1022,0.0129,-0.0066,-0.0102,-0.1148,0.0912,-0.0661,-0.0126,1.7679,-0.3876,0.0000,1.0457,5.2891,-1.3338
55346366,0.0055,0.0011,-0.0278,-0.0131,0.1013,0.0130,-0.0066,-0.0103,-0.1151,0.0912,-0.0574,-0.0081,1.5525,-0.3391,0.0000,1.0483,5.2886,-1.3338
55351366,0.0052,0.0009,-0.0153,-0.0137,0.0933,0.0151,-0.0081,-0.0106,-0.1153,0.0911,-0.0376,-0.0102,1.1755,-0.2422,0.0000,1.0489,5.2888,-1.3338
55356366,0.0050,0.0009,-0.0006,-0.0107,0.0860,0.0176,-0.0091,-0.0119,-0.1154,0.0911,-0.0188,-0.0078,0.9601,-0.1937,0.0000,1.0488,5.2889,-1.3338
55361366,0.0049,0.0008,0.0107,-0.0113,0.0756,0.0199,-0.0104,-0.0124,-0.1154,0.0910,-0.0025,-0.0092,0.6909,-0.1452,0.0000,1.0484,5.2889,-1.3338
55366366,0.0050,0.0009,0.0186,-0.0137,0.0738,0.0219,-0.0116,-0.0132,-0.1154,0.0910,0.0078,-0.0123,0.5831,-0.0967,0.0000,1.0488,5.2893,-1.3338
55371366,0.0053,0.0008,0.0250,-0.0165,0.0811,0.0246,-0.0138,-0.0139,-0.1153,0.0909,0.0170,-0.0151,0.4216,-0.0967,0.0000,1.0485,5.2887,-1.3338
55376366,0.0057,0.0007,0.0229,-0.0183,0.0808,0.0257,-0.0151,-0.0137,-0.1152,0.0908,0.0162,-0.0176,0.3677,-0.0483,0.0000,1.0490,5.2893,-1.3338
55381366,0.0060,0.0005,0.0189,-0.0229,0.0710,0.0265,-0.0166,-0.0126,-0.1151,0.0907,0.0140,-0.0222,0.2600,-0.0483,0.0000,1.0486,5.2890,-1.3338
55386366,0.0063,0.0004,0.0067,-0.0250,0.0680,0.0253,-0.0168,-0.0111,-0.1151,0.0906,0.0028,-0.0243,0.2062,-0.0483,0.0000,1.0485,5.2888,-1.3338
55391365,0.0065,0.0002,-0.0037,-0.0247,0.0686,0.0242,-0.0169,-0.0099,-0.1151,0.0905,-0.0067,-0.0240,0.1523,-0.0483,0.0000,1.0485,5.2885,-1.3338
55396366,0.0067,-0.0001,-0.0073,-0.0260,0.0674,0.0243,-0.0182,-0.0086,-0.1152,0.0903,-0.0100,-0.0260,0.1523,0.0000,0.0000,1.0491,5.2893,-1.3338
55401366,0.0068,-0.0004,-0.0079,-0.0247,0.0628,0.0250,-0.0192,-0.0082,-0.1152,0.0902,-0.0096,-0.0247,0.0985,0.0000,0.0000,1.0486,5.2893,-1.3338
55406366,0.0070,-0.0006,-0.0101,-0.0214,0.0573,0.0253,-0.0194,-0.0081,-0.1153,0.0901,-0.0118,-0.0214,0.0985,0.0000,0.0000,1.0490,5.2893,-1.3338
55411366,0.0072,-0.0008,-0.0107,-0.0205,0.0500,0.0261,-0.0202,-0.0078,-0.1154,0.0900,-0.0115,-0.0205,0.0446,0.0000,0.0000,1.0483,5.2893,-1.3338
55416366,0.0073,-0.0011,-0.0086,-0.0174,0.0448,0.0272,-0.0210,-0.0079,-0.1154,0.0899,-0.0093,-0.0174,0.0446,0.0000,0.0000,1.0485,5.2893,-1.3338
55421365,0.0075,-0.0013,-0.0070,-0.0180,0.0402,0.0282,-0.0224,-0.0074,-0.1154,0.0898,-0.0082,-0.0173,0.0446,-0.0485,0.0000,1.0487,5.2883,-1.3338
55426366,0.0077,-0.0016,-0.0055,-0.0168,0.0338,0.0292,-0.0234,-0.0071,-0.1155,0.0897,-0.0067,-0.0161,0.0446,-0.0485,0.0000,1.0489,5.2881,-1.3338
55431366,0.0079,-0.0017,-0.0082,-0.0199,0.0249,0.0296,-0.0246,-0.0060,-0.1155,0.0897,-0.0087,-0.0191,0.0000,-0.0485,0.0000,1.0481,5.2878,-1.3338
55436366,0.0081,-0.0019,-0.0076,-0.0238,0.0142,0.0307,-0.0262,-0.0051,-0.1156,0.0895,-0.0081,-0.0231,0.0000,-0.0485,0.0000,1.0481,5.2876,-1.3338
55441366,0.0082,-0.0020,-0.0061,-0.0360,-0.0056,0.0313,-0.0277,-0.0033,-0.1156,0.0894,-0.0123,-0.0253,0.0000,-0.7198,0.0000,1.0481,5.2734,-1.3338
55446366,0.0082,-0.0024,-0.0180,-0.0293,-0.0481,0.0291,-0.0250,-0.0023,-0.1158,0.0894,-0.0326,-0.0039,0.0000,-1.7009,0.0000,1.0481,5.2482,-1.3338
55451365,0.0083,-0.0027,-0.0220,-0.0226,-0.0743,0.0290,-0.0244,-0.0017,-0.1160,0.0894,-0.0366,0.0028,0.0000,-1.7009,0.0000,1.0481,5.2380,-1.3338
55456365,0.0083,-0.0029,-0.0376,-0.0034,-0.0866,0.0261,-0.0203,-0.0024,-0.1162,0.0895,-0.0522,0.0221,0.0000,-1.7009,0.0000,1.0481,5.2312,-1.3338
55461366,0.0082,-0.0030,-0.0519,0.0165,-0.0963,0.0230,-0.0158,-0.0035,-0.1166,0.0897,-0.0665,0.0419,0.0000,-1.7009,0.0000,1.0481,5.2210,-1.3338
55466365,0.0080,-0.0031,-0.0666,0.0296,-0.1031,0.0191,-0.0113,-0.0039,-0.1170,0.0900,-0.0859,0.0633,0.0000,-2.2510,0.0000,1.0481,5.2020,-1.3338
55471366,0.0077,-0.0031,-0.0794,0.0467,-0.1253,0.0159,-0.0064,-0.0047,-0.1175,0.0904,-0.0988,0.0804,0.0000,-2.2510,0.0000,1.0481,5.1885,-1.3338
55476366,0.0075,-0.0030,-0.0846,0.0648,-0.1464,0.0142,-0.0017,-0.0068,-0.1180,0.0909,-0.1039,0.0984,0.0000,-2.2510,0.0000,1.0481,5.1795,-1.3338
55481366,0.0071,-0.0029,-0.0910,0.0687,-0.1394,0.0114,0.0005,-0.0066,-0.1186,0.0914,-0.1104,0.1024,0.0000,-2.2510,0.0000,1.0481,5.1660,-1.3338
55486366,0.0066,-0.0025,-0.0852,0.0660,-0.1330,0.0104,0.0015,-0.0068,-0.1191,0.0919,-0.1021,0.0953,0.0000,-1.9589,0.0000,1.0481,5.1633,-1.3338
55491366,0.0061,-0.0021,-0.0724,0.0608,-0.1253,0.0112,0.0008,-0.0073,-0.1195,0.0923,-0.0846,0.0821,0.0000,-1.4234,0.0000,1.0481,5.1639,-1.3338
55496366,0.0057,-0.0018,-0.0583,0.0406,-0.1235,0.0126,-0.0024,-0.0055,-0.1198,0.0926,-0.0685,0.0583,0.0000,-1.1800,0.0000,1.0481,5.1635,-1.3338
55501366,0.0054,-0.0016,-0.0443,0.0183,-0.1153,0.0143,-0.0067,-0.0032,-0.1201,0.0928,-0.0519,0.0316,0.0000,-0.8879,0.0000,1.0481,5.1632,-1.3338
55506366,0.0052,-0.0016,-0.0312,-0.0064,-0.1122,0.0160,-0.0116,-0.0001,-0.1203,0.0928,-0.0371,0.0039,0.0000,-0.6932,0.0000,1.0481,5.1639,-1.3338
55511366,0.0051,-0.0016,-0.0217,-0.0254,-0.1205,0.0173,-0.0155,0.0028,-0.1204,0.0927,-0.0264,-0.0172,0.0000,-0.5472,0.0000,1.0481,5.1631,-1.3338
55516366,0.0050,-0.0016,-0.0131,-0.0409,-0.1308,0.0189,-0.0190,0.0051,-0.1205,0.0925,-0.0170,-0.0342,0.0000,-0.4498,0.0000,1.0481,5.1632,-1.3338
55521366,0.0052,-0.0019,-0.0076,-0.0541,-0.1373,0.0209,-0.0231,0.0075,-0.1205,0.0923,-0.0102,-0.0495,0.0000,-0.3038,0.0000,1.0481,5.1638,-1.3338
55526366,0.0053,-0.0023,-0.0147,-0.0565,-0.1443,0.0202,-0.0245,0.0099,-0.1206,0.0920,-0.0169,-0.0527,0.0000,-0.2551,0.0000,1.0481,5.1636,-1.3338
55531366,0.0054,-0.0028,-0.0226,-0.0483,-0.1470,0.0189,-0.0241,0.0109,-0.1208,0.0918,-0.0244,-0.0452,0.0000,-0.2064,0.0000,1.0481,5.1633,-1.3338
55536365,0.0053,-0.0032,-0.0296,-0.0339,-0.1412,0.0174,-0.0226,0.0106,-0.1209,0.0917,-0.0310,-0.0315,0.0000,-0.1577,0.0000,1.0481,5.1635,-1.3338
55541366,0.0053,-0.0035,-0.0382,-0.0171,-0.1342,0.0154,-0.0201,0.0099,-0.1211,0.0916,-0.0391,-0.0155,0.0000,-0.1090,0.0000,1.0481,5.1637,-1.3338
55546366,0.0051,-0.0038,-0.0480,-0.0031,-0.1315,0.0131,-0.0175,0.0095,-0.1213,0.0916,-0.0489,-0.0014,0.0000,-0.1090,0.0000,1.0481,5.1633,-1.3338
55551366,0.0050,-0.0039,-0.0556,0.0082,-0.1238,0.0111,-0.0154,0.0091,-0.1216,0.0916,-0.0561,0.0091,0.0000,-0.0604,0.0000,1.0481,5.1637,-1.3338
55556366,0.0049,-0.0041,-0.0586,0.0162,-0.1073,0.0096,-0.0142,0.0087,-0.1219,0.0917,-0.0592,0.0171,0.0000,-0.0604,0.0000,1.0481,5.1635,-1.3338
55561366,0.0045,-0.0042,-0.0605,0.0168,-0.0853,0.0073,-0.0138,0.0097,-0.1222,0.0918,-0.0610,0.0177,0.0000,-0.0604,0.0000,1.0481,5.1631,-1.3338
55566366,0.0040,-0.0043,-0.0602,0.0189,-0.0465,0.0053,-0.0136,0.0101,-0.1225,0.0919,-0.0602,0.0189,0.0000,0.0000,0.0000,1.0481,5.1640,-1.3338
55571366,0.0036,-0.0044,-0.0586,0.0192,-0.0297,0.0036,-0.0132,0.0107,-0.1228,0.0920,-0.0586,0.0192,0.0000,0.0000,0.0000,1.0481,5.1640,-1.3338
55576365,0.0032,-0.0042,-0.0571,0.0144,-0.0188,0.0026,-0.0125,0.0106,-0.1231,0.0921,-0.0508,0.0253,0.0000,0.0000,0.7317,1.0481,5.1640,-1.3185
55581366,0.0028,-0.0041,-0.0553,0.0086,-0.0099,0.0020,-0.0119,0.0103,-0.1233,0.0923,-0.0409,0.0335,0.0000,0.0000,1.6724,1.0481,5.1640,-1.2898
55586365,0.0026,-0.0039,-0.0498,0.0067,-0.0007,0.0020,-0.0118,0.0098,-0.1235,0.0924,-0.0354,0.0316,0.0000,0.0000,1.6724,1.0481,5.1640,-1.2841
55591365,0.0024,-0.0041,-0.0480,0.0061,0.0042,0.0016,-0.0126,0.0107,-0.1236,0.0926,-0.0336,0.0310,0.0000,0.0000,1.6724,1.0481,5.1640,-1.2730
55596366,0.0024,-0.0043,-0.0489,0.0027,0.0060,0.0012,-0.0135,0.0120,-0.1238,0.0927,-0.0345,0.0277,0.0000,0.0000,1.6724,1.0481,5.1640,-1.2674
55601366,0.0024,-0.0043,-0.0470,0.0009,0.0121,0.0015,-0.0143,0.0123,-0.1240,0.0929,-0.0327,0.0258,0.0000,0.0000,1.6724,1.0481,5.1640,-1.2563
55606366,0.0023,-0.0046,-0.0473,0.0006,0.0188,0.0009,-0.0150,0.0134,-0.1241,0.0930,-0.0335,0.0247,0.0000,0.0000,1.6170,1.0481,5.1640,-1.2518
55611365,0.0021,-0.0044,-0.0476,0.0009,0.0240,-0.0003,-0.0144,0.0138,-0.1243,0.0931,-0.0376,0.0184,0.0000,0.0000,1.1739,1.0481,5.1640,-1.2515
55616366,0.0018,-0.0047,-0.0483,0.0018,0.0402,-0.0019,-0.0148,0.0151,-0.1245,0.0932,-0.0396,0.0169,0.0000,0.0000,1.0078,1.0481,5.1640,-1.2512
55621365,0.0015,-0.0045,-0.0486,0.0040,0.0484,-0.0034,-0.0136,0.0151,-0.1247,0.0932,-0.0423,0.0149,0.0000,0.0000,0.7309,1.0481,5.1640,-1.2511
55626365,0.0011,-0.0045,-0.0516,0.0012,0.0536,-0.0057,-0.0130,0.0167,-0.1250,0.0933,-0.0458,0.0113,0.0000,0.0000,0.6755,1.0481,5.1640,-1.2500
55631366,0.0011,-0.0045,-0.0550,0.0018,0.0765,-0.0068,-0.0129,0.0168,-0.1252,0.0933,-0.0492,0.0119,0.0000,0.0000,0.6755,1.0481,5.1640,-1.2455
55636366,0.0008,-0.0048,-0.0544,0.0079,0.0976,-0.0080,-0.0124,0.0167,-0.1254,0.0934,-0.0486,0.0180,0.0000,0.0000,0.6755,1.0481,5.1640,-1.2432
55641366,0.0005,-0.0049,-0.0513,0.0159,0.1098,-0.0088,-0.0115,0.0161,-0.1257,0.0936,-0.0455,0.0260,0.0000,0.0000,0.6755,1.0481,5.1640,-1.2388
55646366,0.0002,-0.0050,-0.0507,0.0296,0.1208,-0.0098,-0.0093,0.0145,-0.1259,0.0938,-0.0449,0.0397,0.0000,0.0000,0.6755,1.0481,5.1640,-1.2365
55651365,0.0000,-0.0051,-0.0461,0.0415,0.1303,-0.0099,-0.0077,0.0126,-0.1261,0.0940,-0.0403,0.0516,0.0000,0.0000,0.6755,1.0481,5.1640,-1.2320
55656366,-0.0002,-0.0051,-0.0443,0.0580,0.1480,-0.0106,-0.0048,0.0097,-0.1263,0.0944,-0.0385,0.0681,0.0000,0.0000,0.6755,1.0481,5.1640,-1.2297
55661366,-0.0002,-0.0049,-0.0458,0.0684,0.1392,-0.0105,-0.0017,0.0069,-0.1265,0.0948,-0.0329,0.0909,0.0000,0.0000,1.5055,1.0481,5.1640,-1.2067
55666366,-0.0003,-0.0048,-0.0577,0.0696,0.1358,-0.0131,0.0005,0.0074,-0.1267,0.0953,-0.0448,0.0921,0.0000,0.0000,1.5055,1.0481,5.1640,-1.2016
55671366,-0.0004,-0.0046,-0.0605,0.0696,0.1422,-0.0142,0.0014,0.0073,-0.1269,0.0957,-0.0476,0.0921,0.0000,0.0000,1.5055,1.0481,5.1640,-1.1916
55676366,-0.0009,-0.0043,-0.0663,0.0651,0.1385,-0.0172,0.0034,0.0085,-0.1272,0.0962,-0.0534,0.0875,0.0000,0.0000,1.5055,1.0481,5.1640,-1.1865
55681366,-0.0012,-0.0039,-0.0681,0.0580,0.1275,-0.0187,0.0046,0.0091,-0.1275,0.0966,-0.0552,0.0805,0.0000,0.0000,1.5055,1.0481,5.1640,-1.1766
55686366,-0.0015,-0.0035,-0.0696,0.0495,0.1123,-0.0201,0.0054,0.0103,-0.1278,0.0969,-0.0576,0.0704,0.0000,0.0000,1.4006,1.0481,5.1640,-1.1737
55691366,-0.0019,-0.0032,-0.0690,0.0336,0.1086,-0.0199,0.0035,0.0122,-0.1279,0.0972,-0.0378,0.0490,-1.2959,0.0000,1.0336,1.0204,5.1640,-1.1730
55696366,-0.0023,-0.0030,-0.0712,0.0180,0.1111,-0.0209,0.0019,0.0147,-0.1281,0.0973,-0.0258,0.0311,-2.1974,0.0000,0.8763,0.9945,5.1640,-1.1731
55701366,-0.0028,-0.0029,-0.0681,0.0061,0.1056,-0.0222,0.0008,0.0174,-0.1282,0.0974,-0.0250,0.0152,-2.1974,0.0000,0.6141,0.9813,5.1640,-1.1735
55706366,-0.0032,-0.0028,-0.0654,-0.0021,0.0891,-0.0233,0.0004,0.0195,-0.1283,0.0974,-0.0231,0.0054,-2.1974,0.0000,0.5092,0.9725,5.1640,-1.1736
55711366,-0.0037,-0.0028,-0.0620,-0.0131,0.0775,-0.0244,-0.0009,0.0224,-0.1284,0.0974,-0.0211,-0.0079,-2.1974,0.0000,0.3519,0.9594,5.1640,-1.1739
55716366,-0.0037,-0.0029,-0.0626,-0.0125,0.0512,-0.0247,-0.0006,0.0233,-0.1285,0.0974,-0.0238,-0.0081,-2.1033,0.0000,0.2995,0.9528,5.1640,-1.1738
55721366,-0.0041,-0.0031,-0.0538,-0.0070,0.0121,-0.0241,-0.0000,0.0237,-0.1286,0.0973,-0.0154,-0.0034,-2.1033,0.0000,0.2470,0.9402,5.1640,-1.1730
55726366,-0.0045,-0.0033,-0.0434,0.0000,-0.0068,-0.0234,0.0005,0.0231,-0.1286,0.0973,-0.0054,0.0028,-2.1033,0.0000,0.1946,0.9318,5.1640,-1.1734
55731366,-0.0048,-0.0034,-0.0223,0.0110,-0.0233,-0.0204,0.0009,0.0205,-0.1286,0.0974,0.0124,0.0131,-1.9429,0.0000,0.1421,0.9226,5.1640,-1.1734
55736366,-0.0050,-0.0034,-0.0076,0.0150,-0.0447,-0.0182,0.0006,0.0193,-0.1284,0.0975,0.0266,0.0162,-1.9429,0.0000,0.0897,0.9149,5.1640,-1.1740
55741366,-0.0051,-0.0035,0.0095,0.0229,-0.0594,-0.0151,0.0005,0.0169,-0.1282,0.0976,0.0437,0.0242,-1.9429,0.0000,0.0897,0.9032,5.1640,-1.1734
55746366,-0.0051,-0.0035,0.0199,0.0287,-0.0728,-0.0129,0.0004,0.0153,-0.1280,0.0978,0.0541,0.0300,-1.9429,0.0000,0.0897,0.8954,5.1640,-1.1731
55751366,-0.0051,-0.0035,0.0318,0.0333,-0.0805,-0.0106,0.0003,0.0134,-0.1276,0.0979,0.0656,0.0338,-1.9429,0.0000,0.0373,0.8838,5.1640,-1.1738
55756366,-0.0050,-0.0035,0.0421,0.0363,-0.0945,-0.0082,-0.0000,0.0118,-0.1272,0.0981,0.0760,0.0368,-1.9429,0.0000,0.0373,0.8760,5.1640,-1.1737
55761366,-0.0050,-0.0034,0.0360,0.0345,-0.1006,-0.0098,0.0008,0.0128,-0.1269,0.0983,0.0622,0.0350,-1.4999,0.0000,0.0373,0.8743,5.1640,-1.1735
55766365,-0.0046,-0.0033,0.0238,0.0324,-0.0988,-0.0111,0.0015,0.0135,-0.1267,0.0985,0.0452,0.0329,-1.2230,0.0000,0.0373,0.8743,5.1640,-1.1733
55771366,-0.0044,-0.0032,0.0064,0.0333,-0.0869,-0.0140,0.0032,0.0141,-0.1266,0.0986,0.0221,0.0338,-0.8908,0.0000,0.0373,0.8745,5.1640,-1.1731
55776365,-0.0042,-0.0031,-0.0162,0.0318,-0.0734,-0.0182,0.0051,0.0158,-0.1266,0.0988,-0.0037,0.0317,-0.7246,0.0000,0.0000,0.8745,5.1640,-1.1740
55781366,-0.0042,-0.0029,-0.0394,0.0281,-0.0713,-0.0227,0.0072,0.0183,-0.1268,0.0989,-0.0298,0.0281,-0.5585,0.0000,0.0000,0.8739,5.1640,-1.1740
55786366,-0.0043,-0.0028,-0.0562,0.0241,-0.0734,-0.0264,0.0090,0.0203,-0.1270,0.0990,-0.0485,0.0241,-0.4478,0.0000,0.0000,0.8741,5.1640,-1.1740
55791366,-0.0045,-0.0026,-0.0672,0.0189,-0.0719,-0.0297,0.0105,0.0219,-0.1273,0.0991,-0.0614,0.0189,-0.3370,0.0000,0.0000,0.8740,5.1640,-1.1740
55796366,-0.0051,-0.0025,-0.0742,0.0119,-0.0725,-0.0332,0.0112,0.0248,-0.1277,0.0992,-0.0694,0.0119,-0.2816,0.0000,0.0000,0.8739,5.1640,-1.1740
55801366,-0.0056,-0.0025,-0.0702,0.0156,-0.0866,-0.0344,0.0126,0.0251,-0.1280,0.0993,-0.0663,0.0156,-0.2263,0.0000,0.0000,0.8735,5.1640,-1.1740
55806366,-0.0060,-0.0026,-0.0583,0.0174,-0.0921,-0.0340,0.0127,0.0248,-0.1283,0.0994,-0.0554,0.0174,-0.1709,0.0000,0.0000,0.8739,5.1640,-1.1740
55811366,-0.0064,-0.0026,-0.0480,0.0217,-0.0914,-0.0336,0.0132,0.0239,-0.1285,0.0995,-0.0450,0.0217,-0.1709,0.0000,0.0000,0.8731,5.1640,-1.1740
55816366,-0.0068,-0.0025,-0.0360,0.0260,-0.0924,-0.0327,0.0136,0.0226,-0.1287,0.0996,-0.0331,0.0260,-0.1709,0.0000,0.0000,0.8724,5.1640,-1.1740
55821366,-0.0071,-0.0025,-0.0247,0.0299,-0.0985,-0.0316,0.0140,0.0214,-0.1288,0.0998,-0.0218,0.0299,-0.1709,0.0000,0.0000,0.8713,5.1640,-1.1740
55826366,-0.0073,-0.0024,-0.0137,0.0342,-0.1021,-0.0304,0.0144,0.0199,-0.1288,0.0999,-0.0108,0.0342,-0.1709,0.0000,0.0000,0.8707,5.1640,-1.1740
55831366,-0.0075,-0.0023,-0.0043,0.0385,-0.1052,-0.0280,0.0124,0.0196,-0.1287,0.1000,0.0152,0.0099,-0.1709,1.9254,0.0000,0.8696,5.2087,-1.1740
55836366,-0.0076,-0.0023,0.0018,0.0406,-0.1018,-0.0274,0.0125,0.0188,-0.1286,0.1000,0.0213,0.0120,-0.1709,1.9254,0.0000,0.8690,5.2184,-1.1740
55841366,-0.0077,-0.0022,0.0031,0.0428,-0.1012,-0.0277,0.0133,0.0183,-0.1285,0.1001,0.0226,0.0141,-0.1709,1.9254,0.0000,0.8679,5.2261,-1.1740
55846366,-0.0079,-0.0021,0.0055,0.0458,-0.0976,-0.0278,0.0143,0.0173,-0.1284,0.1002,0.0250,0.0172,-0.1709,1.9254,0.0000,0.8673,5.2376,-1.1740
55851366,-0.0080,-0.0019,0.0015,0.0464,-0.0884,-0.0293,0.0157,0.0170,-0.1283,0.1003,0.0210,0.0178,-0.1709,1.9254,0.0000,0.8662,5.2453,-1.1740
55856366,-0.0082,-0.0015,-0.0018,0.0470,-0.0789,-0.0308,0.0178,0.0160,-0.1282,0.1004,0.0150,0.0230,-0.1709,1.6156,0.0000,0.8655,5.2502,-1.1740
55861366,-0.0083,-0.0012,-0.0067,0.0449,-0.0698,-0.0325,0.0195,0.0157,-0.1282,0.1005,0.0079,0.0247,-0.1709,1.3574,0.0000,0.8645,5.2510,-1.1740
55866366,-0.0084,-0.0009,-0.0110,0.0406,-0.0643,-0.0341,0.0210,0.0156,-0.1282,0.1006,0.0005,0.0258,-0.1709,0.9960,0.0000,0.8638,5.2507,-1.1740
55871366,-0.0085,-0.0006,-0.0107,0.0379,-0.0572,-0.0348,0.0220,0.0151,-0.1282,0.1008,-0.0010,0.0261,-0.1709,0.7894,0.0000,0.8630,5.2501,-1.1740
55876366,-0.0087,-0.0003,-0.0147,0.0370,-0.0496,-0.0365,0.0237,0.0147,-0.1282,0.1009,-0.0067,0.0283,-0.1709,0.5829,0.0000,0.8620,5.2502,-1.1740
55881366,-0.0089,-0.0001,-0.0116,0.0327,-0.0316,-0.0367,0.0236,0.0144,-0.1282,0.1010,-0.0032,0.0232,-0.1709,0.6345,0.0000,0.8613,5.2537,-1.1740
55886366,-0.0090,0.0002,-0.0089,0.0247,-0.0117,-0.0370,0.0228,0.0147,-0.1282,0.1011,-0.0005,0.0153,-0.1709,0.6345,0.0000,0.8603,5.2575,-1.1740
55891366,-0.0091,0.0003,-0.0015,0.0113,0.0038,-0.0363,0.0203,0.0158,-0.1282,0.1011,0.0069,0.0019,-0.1709,0.6345,0.0000,0.8596,5.2601,-1.1740
55896366,-0.0091,0.0003,0.0147,-0.0116,0.0219,-0.0335,0.0149,0.0178,-0.1281,0.1010,0.0231,-0.0210,-0.1709,0.6345,0.0000,0.8585,5.2639,-1.1740
55901366,-0.0091,0.0003,0.0263,-0.0254,0.0332,-0.0313,0.0112,0.0189,-0.1279,0.1008,0.0347,-0.0348,-0.1709,0.6345,0.0000,0.8579,5.2664,-1.1740
55906366,-0.0091,0.0002,0.0318,-0.0312,0.0472,-0.0304,0.0091,0.0195,-0.1277,0.1006,0.0402,-0.0406,-0.1709,0.6345,0.0000,0.8568,5.2702,-1.1740
55911366,-0.0091,-0.0000,0.0376,-0.0354,0.0561,-0.0292,0.0070,0.0201,-0.1275,0.1004,0.0460,-0.0449,-0.1709,0.6345,0.0000,0.8562,5.2727,-1.1740
55916366,-0.0090,-0.0002,0.0409,-0.0363,0.0591,-0.0280,0.0047,0.0210,-0.1272,0.1001,0.0552,-0.0559,-0.1709,1.3132,0.0000,0.8551,5.2922,-1.1740
55921366,-0.0089,-0.0006,0.0440,-0.0339,0.0567,-0.0268,0.0031,0.0215,-0.1269,0.0999,0.0582,-0.0534,-0.1709,1.3132,0.0000,0.8544,5.2975,-1.1740
55926366,-0.0086,-0.0010,0.0428,-0.0250,0.0567,-0.0261,0.0029,0.0210,-0.1266,0.0996,0.0570,-0.0446,-0.1709,1.3132,0.0000,0.8534,5.3053,-1.1740
55931366,-0.0084,-0.0013,0.0379,-0.0089,0.0646,-0.0263,0.0045,0.0194,-0.1264,0.0995,0.0521,-0.0284,-0.1709,1.3132,0.0000,0.8527,5.3106,-1.1740
55936366,-0.0083,-0.0016,0.0327,0.0058,0.0726,-0.0277,0.0080,0.0170,-0.1262,0.0995,0.0356,0.0058,-0.1709,0.0000,0.0000,0.8517,5.2875,-1.1740
55941366,-0.0082,-0.0017,0.0293,0.0324,0.0851,-0.0280,0.0120,0.0128,-0.1260,0.0997,0.0323,0.0324,-0.1709,0.0000,0.0000,0.8510,5.2875,-1.1740
55946366,-0.0080,-0.0017,0.0229,0.0403,0.0927,-0.0287,0.0133,0.0119,-0.1259,0.0999,0.0259,0.0403,-0.1709,0.0000,0.0000,0.8500,5.2875,-1.1740
55951366,-0.0080,-0.0014,0.0177,0.0449,0.0988,-0.0298,0.0156,0.0104,-0.1258,0.1001,0.0207,0.0449,-0.1709,0.0000,0.0000,0.8493,5.2875,-1.1740
55956366,-0.0080,-0.0011,0.0156,0.0418,0.1025,-0.0303,0.0163,0.0101,-0.1257,0.1003,0.0185,0.0418,-0.1709,0.0000,0.0000,0.8483,5.2875,-1.1740
55961366,-0.0080,-0.0008,0.0140,0.0385,0.1043,-0.0305,0.0169,0.0096,-0.1256,0.1005,0.0170,0.0385,-0.1709,0.0000,0.0000,0.8476,5.2875,-1.1740
55966366,-0.0079,-0.0005,0.0128,0.0293,0.1016,-0.0305,0.0164,0.0102,-0.1255,0.1007,0.0158,0.0293,-0.1709,0.0000,0.0000,0.8466,5.2875,-1.1740
55971365,-0.0079,-0.0003,0.0144,0.0189,0.0964,-0.0298,0.0152,0.0109,-0.1255,0.1008,0.0173,0.0189,-0.1709,0.0000,0.0000,0.8459,5.2875,-1.1740
55976366,-0.0078,-0.0001,0.0144,0.0116,0.0915,-0.0297,0.0146,0.0115,-0.1254,0.1008,0.0173,0.0116,-0.1709,0.0000,0.0000,0.8449,5.2875,-1.1740
55981366,-0.0079,-0.0000,0.0159,0.0040,0.0885,-0.0295,0.0136,0.0124,-0.1253,0.1008,0.0188,0.0040,-0.1709,0.0000,0.0000,0.8442,5.2875,-1.1740
55986366,-0.0079,0.0000,0.0180,-0.0009,0.0762,-0.0291,0.0130,0.0132,-0.1252,0.1008,0.0210,-0.0009,-0.1709,0.0000,0.0000,0.8432,5.2875,-1.1740
55991365,-0.0079,0.0000,0.0263,-0.0031,0.0665,-0.0275,0.0120,0.0129,-0.1250,0.1008,0.0292,-0.0031,-0.1709,0.0000,0.0000,0.8425,5.2875,-1.1740
55996366,-0.0080,-0.0001,0.0290,-0.0009,0.0576,-0.0269,0.0117,0.0129,-0.1249,0.1008,0.0320,-0.0009,-0.1709,0.0000,0.0000,0.8415,5.2875,-1.1740
56001366,-0.0079,-0.0003,0.0290,0.0027,0.0555,-0.0266,0.0115,0.0130,-0.1247,0.1008,0.0320,0.0027,-0.1709,0.0000,0.0000,0.8408,5.2875,-1.1740
56006366,-0.0078,-0.0006,0.0308,0.0049,0.0509,-0.0259,0.0109,0.0131,-0.1245,0.1009,0.0338,0.0049,-0.1709,0.0000,0.0000,0.8398,5.2875,-1.1740
56011366,-0.0077,-0.0008,0.0333,0.0058,0.0423,-0.0247,0.0098,0.0133,-0.1244,0.1009,0.0362,0.0058,-0.1709,0.0000,0.0000,0.8391,5.2875,-1.1740
56016366,-0.0074,-0.0010,0.0327,0.0098,0.0332,-0.0238,0.0094,0.0131,-0.1242,0.1009,0.0356,0.0098,-0.1709,0.0000,0.0000,0.8381,5.2875,-1.1740
56021366,-0.0072,-0.0012,0.0336,0.0110,0.0277,-0.0225,0.0084,0.0130,-0.1240,0.1010,0.0365,0.0110,-0.1709,0.0000,0.0000,0.8374,5.2875,-1.1740
56026366,-0.0070,-0.0014,0.0339,0.0104,0.0249,-0.0215,0.0071,0.0134,-0.1238,0.1010,0.0368,0.0104,-0.1709,0.0000,0.0000,0.8364,5.2875,-1.1740
56031366,-0.0066,-0.0016,0.0324,0.0092,0.0112,-0.0203,0.0060,0.0138,-0.1236,0.1011,0.0353,0.0092,-0.1709,0.0000,0.0000,0.8357,5.2875,-1.1740
56036366,-0.0062,-0.0016,0.0308,0.0061,0.0045,-0.0190,0.0049,0.0139,-0.1235,0.1011,0.0330,0.0061,-0.1245,0.0000,0.0000,0.8357,5.2875,-1.1740
56041366,-0.0059,-0.0017,0.0263,0.0049,-0.0013,-0.0183,0.0043,0.0141,-0.1233,0.1011,0.0284,0.0049,-0.1245,0.0000,0.0000,0.8352,5.2875,-1.1740
56046366,-0.0056,-0.0019,0.0266,0.0046,-0.0068,-0.0172,0.0030,0.0144,-0.1232,0.1012,0.0279,0.0046,-0.0780,0.0000,0.0000,0.8356,5.2875,-1.1740
56051366,-0.0054,-0.0021,0.0247,0.0040,-0.0157,-0.0164,0.0020,0.0151,-0.1231,0.1012,0.0261,0.0040,-0.0780,0.0000,0.0000,0.8353,5.2875,-1.1740
56056366,-0.0051,-0.0023,0.0238,0.0052,-0.0230,-0.0157,0.0012,0.0154,-0.1229,0.1012,0.0238,0.0052,0.0000,0.0000,0.0000,0.8360,5.2875,-1.1740
56061366,-0.0049,-0.0025,0.0238,0.0067,-0.0273,-0.0149,0.0003,0.0156,-0.1228,0.1012,0.0238,0.0067,0.0000,0.0000,0.0000,0.8360,5.2875,-1.1740
56066366,-0.0048,-0.0027,0.0229,0.0095,-0.0307,-0.0145,-0.0001,0.0157,-0.1227,0.1013,0.0229,0.0095,0.0000,0.0000,0.0000,0.8360,5.2875,-1.1740
56071366,-0.0047,-0.0029,0.0241,0.0113,-0.0352,-0.0136,-0.0008,0.0158,-0.1226,0.1013,0.0241,0.0113,0.0000,0.0000,0.0000,0.8360,5.2875,-1.1740
56076365,-0.0045,-0.0031,0.0232,0.0122,-0.0407,-0.0132,-0.0015,0.0162,-0.1225,0.1014,0.0232,0.0122,0.0000,0.0000,0.0000,0.8360,5.2875,-1.1740
56081365,-0.0044,-0.0033,0.0260,0.0156,-0.0478,-0.0121,-0.0019,0.0159,-0.1223,0.1015,0.0260,0.0156,0.0000,0.0000,0.0000,0.8360,5.2875,-1.1740
56086365,-0.0041,-0.0034,0.0272,0.0134,-0.0493,-0.0105,-0.0034,0.0159,-0.1222,0.1016,0.0272,0.0134,0.0000,0.0000,0.0000,0.8360,5.2875,-1.1740
56091366,-0.0037,-0.0035,0.0257,0.0131,-0.0517,-0.0094,-0.0041,0.0155,-0.1221,0.1016,0.0257,0.0131,0.0000,0.0000,0.0000,0.8360,5.2875,-1.1740
56096366,-0.0034,-0.0036,0.0269,0.0107,-0.0551,-0.0078,-0.0057,0.0156,-0.1219,0.1017,0.0269,0.0107,0.0000,0.0000,0.0000,0.8360,5.2875,-1.1740
56101366,-0.0031,-0.0037,0.0284,0.0098,-0.0572,-0.0062,-0.0072,0.0156,-0.1218,0.1017,0.0284,0.0098,0.0000,0.0000,0.0000,0.8360,5.2875,-1.1740
56106366,-0.0028,-0.0039,0.0272,0.0095,-0.0575,-0.0051,-0.0082,0.0155,-0.1217,0.1018,0.0272,0.0095,0.0000,0.0000,0.0000,0.8360,5.2875,-1.1740
56111366,-0.0024,-0.0040,0.0266,0.0101,-0.0591,-0.0040,-0.0091,0.0154,-0.1215,0.1018,0.0266,0.0101,0.0000,0.0000,0.0000,0.8360,5.2875,-1.1740
56116366,-0.0022,-0.0042,0.0263,0.0113,-0.0603,-0.0029,-0.0100,0.0152,-0.1214,0.1019,0.0263,0.0113,0.0000,0.0000,0.0000,0.8360,5.2875,-1.1740
56121366,-0.0019,-0.0043,0.0238,0.0156,-0.0612,-0.0022,-0.0101,0.0146,-0.1213,0.1020,0.0238,0.0156,0.0000,0.0000,0.0000,0.8360,5.2875,-1.1740
56126366,-0.0016,-0.0044,0.0229,0.0244,-0.0441,-0.0014,-0.0096,0.0127,-0.1212,0.1021,0.0229,0.0244,0.0000,0.0000,0.0000,0.8360,5.2875,-1.1740
56131366,-0.0013,-0.0044,0.0189,0.0260,-0.0346,-0.0011,-0.0098,0.0122,-0.1211,0.1022,0.0189,0.0260,0.0000,0.0000,0.0000,0.8360,5.2875,-1.1740
56136366,-0.0010,-0.0042,0.0168,0.0266,-0.0273,-0.0006,-0.0093,0.0109,-0.1210,0.1023,0.0168,0.0266,0.0000,0.0000,0.0000,0.8360,5.2875,-1.1740
56141366,-0.0008,-0.0039,0.0134,0.0250,-0.0209,-0.0005,-0.0089,0.0102,-0.1209,0.1025,0.0134,0.0250,0.0000,0.0000,0.0000,0.8360,5.2875,-1.1740
56146366,-0.0006,-0.0038,0.0134,0.0223,-0.0160,0.0005,-0.0094,0.0095,-0.1208,0.1026,0.0134,0.0223,0.0000,0.0000,0.0000,0.8360,5.2875,-1.1740
56151366,-0.0003,-0.0036,0.0150,0.0214,-0.0081,0.0016,-0.0095,0.0082,-0.1208,0.1027,0.0150,0.0214,0.0000,0.0000,0.0000,0.8360,5.2875,-1.1740
56156365,-0.0001,-0.0034,0.0128,0.0183,-0.0029,0.0019,-0.0096,0.0078,-0.1207,0.1028,0.0128,0.0183,0.0000,0.0000,0.0000,0.8360,5.2875,-1.1740
56161365,0.0000,-0.0032,0.0140,0.0171,0.0023,0.0028,-0.0096,0.0067,-0.1206,0.1029,0.0140,0.0171,0.0000,0.0000,0.0000,0.8360,5.2875,-1.1740
56166365,0.0002,-0.0030,0.0174,0.0137,0.0087,0.0031,-0.0081,0.0047,-0.1206,0.1031,0.0028,0.0392,0.0000,-1.7040,0.0000,0.8360,5.2488,-1.1740
56171366,0.0003,-0.0028,0.0159,0.0134,0.0213,0.0029,-0.0076,0.0039,-0.1206,0.1032,0.0012,0.0389,0.0000,-1.7040,0.0000,0.8360,5.2420,-1.1740
56176365,0.0006,-0.0027,0.0189,0.0116,0.0268,0.0046,-0.0086,0.0029,-0.1206,0.1034,0.0043,0.0370,0.0000,-1.7040,0.0000,0.8360,5.2317,-1.1740
56181365,0.0009,-0.0028,0.0171,0.0116,0.0313,0.0054,-0.0094,0.0029,-0.1206,0.1036,0.0025,0.0370,0.0000,-1.7040,0.0000,0.8360,5.2249,-1.1740
56186366,0.0012,-0.0029,0.0174,0.0140,0.0374,0.0065,-0.0101,0.0022,-0.1206,0.1038,0.0028,0.0395,0.0000,-1.7040,0.0000,0.8360,5.2147,-1.1740
56191365,0.0014,-0.0031,0.0171,0.0131,0.0420,0.0074,-0.0113,0.0023,-0.1206,0.1040,0.0025,0.0386,0.0000,-1.7040,0.0000,0.8360,5.2079,-1.1740
56196366,0.0017,-0.0032,0.0174,0.0159,0.0475,0.0086,-0.0124,0.0020,-0.1205,0.1042,0.0061,0.0356,0.0000,-1.3189,0.0000,0.8360,5.2063,-1.1740
56201366,0.0019,-0.0033,0.0144,0.0171,0.0463,0.0092,-0.0130,0.0021,-0.1205,0.1044,0.0049,0.0335,0.0000,-1.0989,0.0000,0.8360,5.2059,-1.1740
56206365,0.0022,-0.0034,0.0153,0.0208,0.0457,0.0106,-0.0137,0.0014,-0.1205,0.1045,0.0082,0.0331,0.0000,-0.8238,0.0000,0.8360,5.2058,-1.1740
56211366,0.0024,-0.0035,0.0144,0.0186,0.0475,0.0114,-0.0151,0.0019,-0.1204,0.1047,0.0087,0.0285,0.0000,-0.6588,0.0000,0.8360,5.2062,-1.1740
56216366,0.0026,-0.0036,0.0076,0.0214,0.0362,0.0110,-0.0146,0.0022,-0.1204,0.1048,0.0020,0.0312,0.0000,-0.6588,0.0000,0.8360,5.2023,-1.1740
56221366,0.0027,-0.0037,0.0021,0.0360,0.0103,0.0096,-0.0112,0.0012,-0.1205,0.1050,-0.0197,0.0459,0.9414,-0.6588,0.0000,0.8557,5.1997,-1.1740
56226366,0.0029,-0.0037,0.0000,0.0464,-0.0020,0.0088,-0.0089,0.0002,-0.1207,0.1053,-0.0353,0.0562,1.7166,-0.6588,0.0000,0.8808,5.1957,-1.1740
56231366,0.0028,-0.0037,0.0000,0.0513,-0.0050,0.0086,-0.0079,-0.0006,-0.1209,0.1056,-0.0353,0.0611,1.7166,-0.6588,0.0000,0.8877,5.1931,-1.1740
56236366,0.0029,-0.0037,0.0018,0.0605,-0.0059,0.0092,-0.0065,-0.0025,-0.1210,0.1060,-0.0334,0.0703,1.7166,-0.6588,0.0000,0.8980,5.1891,-1.1740
56241366,0.0030,-0.0036,0.0070,0.0632,-0.0099,0.0108,-0.0065,-0.0039,-0.1212,0.1064,-0.0282,0.0730,1.7166,-0.6588,0.0000,0.9048,5.1865,-1.1740
56246366,0.0031,-0.0031,0.0067,0.0660,-0.0059,0.0113,-0.0048,-0.0062,-0.1213,0.1067,-0.0285,0.0758,1.7166,-0.6588,0.0000,0.9151,5.1825,-1.1740
56251366,0.0033,-0.0027,0.0082,0.0611,0.0032,0.0120,-0.0046,-0.0075,-0.1214,0.1071,-0.0270,0.0709,1.7166,-0.6588,0.0000,0.9220,5.1799,-1.1740
56256366,0.0034,-0.0023,0.0086,0.0498,0.0103,0.0129,-0.0057,-0.0075,-0.1215,0.1074,-0.0193,0.0596,1.2888,-0.6588,0.0000,0.9227,5.1760,-1.1740
56261366,0.0035,-0.0020,0.0107,0.0388,0.0054,0.0142,-0.0070,-0.0074,-0.1216,0.1076,-0.0135,0.0486,1.0748,-0.6588,0.0000,0.9231,5.1733,-1.1740
56266366,0.0037,-0.0018,0.0086,0.0153,-0.0105,0.0150,-0.0104,-0.0042,-0.1217,0.1078,-0.0110,0.0251,0.8074,-0.6588,0.0000,0.9234,5.1694,-1.1740
56271366,0.0039,-0.0017,0.0076,0.0067,-0.0117,0.0159,-0.0118,-0.0036,-0.1217,0.1078,-0.0092,0.0165,0.6470,-0.6588,0.0000,0.9230,5.1667,-1.1740
56276365,0.0041,-0.0017,0.0034,0.0034,-0.0166,0.0162,-0.0124,-0.0032,-0.1218,0.1079,-0.0121,0.0125,0.5935,-0.6101,0.0000,0.9255,5.1638,-1.1740
56281366,0.0043,-0.0019,0.0046,0.0027,-0.0255,0.0173,-0.0137,-0.0026,-0.1218,0.1079,-0.0101,0.0104,0.5935,-0.5127,0.0000,0.9279,5.1634,-1.1740
56286366,0.0044,-0.0021,0.0061,0.0040,-0.0310,0.0173,-0.0159,-0.0002,-0.1219,0.1079,-0.0211,-0.0146,0.5935,-0.3667,-1.6112,0.9315,5.1637,-1.2123
56291366,0.0047,-0.0022,0.0031,0.0095,-0.0130,0.0175,-0.0157,-0.0013,-0.1220,0.1078,-0.0238,-0.0098,0.5935,-0.3180,-1.6112,0.9338,5.1633,-1.2187
56296366,0.0049,-0.0023,-0.0037,0.0144,0.0084,0.0167,-0.0154,-0.0016,-0.1222,0.1078,-0.0296,-0.0063,0.5935,-0.2206,-1.6112,0.9374,5.1637,-1.2284
56301366,0.0050,-0.0023,-0.0131,0.0220,0.0127,0.0153,-0.0138,-0.0020,-0.1224,0.1078,-0.0387,0.0006,0.5935,-0.1720,-1.6112,0.9398,5.1638,-1.2348
56306366,0.0051,-0.0024,-0.0199,0.0312,0.0197,0.0144,-0.0121,-0.0031,-0.1226,0.1078,-0.0450,0.0090,0.5935,-0.1233,-1.6112,0.9433,5.1638,-1.2445
56311366,0.0050,-0.0024,-0.0302,0.0428,0.0329,0.0120,-0.0093,-0.0039,-0.1229,0.1079,-0.0554,0.0206,0.5935,-0.1233,-1.6112,0.9457,5.1633,-1.2510
56316366,0.0049,-0.0024,-0.0348,0.0568,0.0384,0.0107,-0.0059,-0.0062,-0.1232,0.1081,-0.0606,0.0405,0.8756,-0.0746,-1.1681,0.9550,5.1637,-1.2504
56321366,0.0049,-0.0023,-0.0354,0.0654,0.0396,0.0103,-0.0038,-0.0080,-0.1235,0.1084,-0.0625,0.0524,1.0637,-0.0746,-0.9466,0.9630,5.1634,-1.2502
56326366,0.0048,-0.0022,-0.0351,0.0702,0.0353,0.0104,-0.0024,-0.0093,-0.1238,0.1087,-0.0597,0.0594,1.0637,0.0000,-0.7251,0.9693,5.1640,-1.2508
56331365,0.0046,-0.0020,-0.0327,0.0745,0.0396,0.0098,-0.0007,-0.0106,-0.1241,0.1090,-0.0558,0.0662,1.0637,0.0000,-0.5590,0.9736,5.1640,-1.2501
56336366,0.0043,-0.0017,-0.0296,0.0745,0.0457,0.0091,0.0006,-0.0115,-0.1243,0.1094,-0.0518,0.0678,1.0637,0.0000,-0.4482,0.9800,5.1640,-1.2509
56341366,0.0041,-0.0012,-0.0257,0.0730,0.0484,0.0092,0.0021,-0.0132,-0.1246,0.1097,-0.0469,0.0679,1.0637,0.0000,-0.3374,0.9842,5.1640,-1.2502
56346366,0.0039,-0.0007,-0.0192,0.0675,0.0463,0.0099,0.0025,-0.0142,-0.1248,0.1100,-0.0400,0.0633,1.0637,0.0000,-0.2821,0.9906,5.1640,-1.2510
56351366,0.0038,-0.0003,-0.0192,0.0632,0.0426,0.0094,0.0037,-0.0147,-0.1250,0.1103,-0.0395,0.0598,1.0637,0.0000,-0.2267,0.9949,5.1640,-1.2508
56356366,0.0037,0.0001,-0.0150,0.0596,0.0451,0.0099,0.0043,-0.0160,-0.1251,0.1106,-0.0328,0.0570,0.9510,0.0000,-0.1713,0.9988,5.1640,-1.2508
56361366,0.0036,0.0005,-0.0061,0.0470,0.0460,0.0116,0.0027,-0.0161,-0.1252,0.1108,-0.0206,0.0453,0.7820,0.0000,-0.1159,0.9988,5.1640,-1.2502
56366366,0.0036,0.0008,-0.0040,0.0412,0.0457,0.0122,0.0026,-0.0166,-0.1253,0.1110,-0.0146,0.0395,0.5566,0.0000,-0.1159,0.9982,5.1640,-1.2509
56371366,0.0037,0.0011,-0.0027,0.0367,0.0475,0.0131,0.0025,-0.0174,-0.1254,0.1112,-0.0109,0.0357,0.4439,0.0000,-0.0605,0.9980,5.1640,-1.2502
56376366,0.0039,0.0014,-0.0031,0.0339,0.0509,0.0138,0.0025,-0.0182,-0.1254,0.1114,-0.0093,0.0330,0.3313,0.0000,-0.0605,0.9982,5.1640,-1.2505
56381366,0.0040,0.0016,-0.0052,0.0296,0.0512,0.0141,0.0022,-0.0183,-0.1255,0.1115,-0.0104,0.0287,0.2749,0.0000,-0.0605,0.9983,5.1640,-1.2508
56386366,0.0042,0.0017,-0.0110,0.0287,0.0475,0.0139,0.0027,-0.0184,-0.1255,0.1117,-0.0148,0.0287,0.2186,0.0000,0.0000,0.9986,5.1640,-1.2500
56391366,0.0044,0.0017,-0.0137,0.0299,0.0439,0.0141,0.0030,-0.0189,-0.1256,0.1118,-0.0165,0.0299,0.1622,0.0000,0.0000,0.9982,5.1640,-1.2500
56396366,0.0045,0.0017,-0.0183,0.0312,0.0448,0.0138,0.0035,-0.0190,-0.1257,0.1120,-0.0201,0.0312,0.1059,0.0000,0.0000,0.9979,5.1640,-1.2500
56401366,0.0046,0.0018,-0.0257,0.0336,0.0457,0.0128,0.0046,-0.0192,-0.1259,0.1121,-0.0275,0.0336,0.1059,0.0000,0.0000,0.9984,5.1640,-1.2500
56406366,0.0047,0.0019,-0.0278,0.0406,0.0445,0.0128,0.0061,-0.0207,-0.1260,0.1123,-0.0286,0.0406,0.0495,0.0000,0.0000,0.9978,5.1640,-1.2500
56411365,0.0047,0.0019,-0.0327,0.0425,0.0399,0.0120,0.0070,-0.0205,-0.1262,0.1126,-0.0335,0.0425,0.0495,0.0000,0.0000,0.9980,5.1640,-1.2500
56416366,0.0047,0.0019,-0.0299,0.0440,0.0420,0.0126,0.0069,-0.0211,-0.1263,0.1128,-0.0313,0.0432,0.0495,0.0000,-0.0554,0.9983,5.1640,-1.2512
56421366,0.0045,0.0019,-0.0293,0.0452,0.0429,0.0120,0.0073,-0.0210,-0.1265,0.1130,-0.0307,0.0444,0.0495,0.0000,-0.0554,0.9985,5.1640,-1.2514
56426366,0.0045,0.0023,-0.0269,0.0452,0.0399,0.0123,0.0085,-0.0223,-0.1266,0.1132,-0.0282,0.0444,0.0495,0.0000,-0.0554,0.9988,5.1640,-1.2517
56431366,0.0044,0.0023,-0.0211,0.0586,0.0313,0.0130,0.0107,-0.0249,-0.1267,0.1135,-0.0216,0.0578,0.0000,0.0000,-0.0554,0.9978,5.1640,-1.2519
56436366,0.0044,0.0026,-0.0260,0.0449,-0.0102,0.0129,0.0102,-0.0227,-0.1269,0.1137,-0.0264,0.0441,0.0000,0.0000,-0.0554,0.9978,5.1640,-1.2523
56441366,0.0043,0.0029,-0.0299,0.0348,-0.0200,0.0117,0.0100,-0.0209,-0.1270,0.1139,-0.0336,0.0285,0.0000,0.0000,-0.4212,0.9978,5.1640,-1.2600
56446366,0.0043,0.0031,-0.0388,0.0263,-0.0102,0.0085,0.0092,-0.0173,-0.1273,0.1138,-0.0569,-0.0049,0.0000,0.0000,-2.0936,0.9978,5.1640,-1.3025
56451366,0.0043,0.0033,-0.0400,0.0043,-0.0734,0.0090,0.0069,-0.0130,-0.1276,0.1137,-0.0581,-0.0269,0.0000,0.0000,-2.0936,0.9978,5.1640,-1.3109
56456366,0.0039,0.0033,-0.0553,-0.0006,-0.0789,0.0045,0.0086,-0.0101,-0.1280,0.1136,-0.0733,-0.0318,0.0000,0.0000,-2.0936,0.9978,5.1640,-1.3235
56461366,0.0038,0.0031,-0.0580,0.0037,-0.0670,0.0034,0.0090,-0.0099,-0.1284,0.1134,-0.0761,-0.0275,0.0000,0.0000,-2.0936,0.9978,5.1640,-1.3318
56466366,0.0037,0.0032,-0.0605,0.0116,-0.0517,0.0027,0.0111,-0.0118,-0.1287,0.1134,-0.0748,-0.0131,0.0000,0.0000,-1.6577,0.9978,5.1640,-1.3346
56471366,0.0035,0.0034,-0.0669,0.0082,-0.0698,0.0010,0.0126,-0.0109,-0.1291,0.1133,-0.0787,-0.0121,0.0000,0.0000,-1.3671,0.9978,5.1640,-1.3347
56476366,0.0029,0.0034,-0.0718,0.0119,-0.0835,-0.0015,0.0153,-0.0106,-0.1295,0.1133,-0.0802,-0.0027,0.0000,0.0000,-0.9796,0.9978,5.1640,-1.3339
56481366,0.0025,0.0034,-0.0614,0.0171,-0.0585,-0.0015,0.0156,-0.0118,-0.1299,0.1133,-0.0686,0.0047,0.0000,0.0000,-0.8343,0.9978,5.1640,-1.3346
56486366,0.0021,0.0033,-0.0544,0.0217,-0.0352,-0.0019,0.0160,-0.0128,-0.1302,0.1134,-0.0595,0.0129,0.0000,0.0000,-0.5922,0.9978,5.1640,-1.3340
56491366,0.0018,0.0032,-0.0516,0.0318,-0.0349,-0.0024,0.0177,-0.0139,-0.1304,0.1135,-0.0559,0.0244,0.0000,0.0000,-0.4953,0.9978,5.1640,-1.3343
56496366,0.0015,0.0033,-0.0431,0.0351,-0.0582,-0.0019,0.0191,-0.0150,-0.1307,0.1136,-0.0461,0.0299,0.0000,0.0000,-0.3500,0.9978,5.1640,-1.3339
56501366,0.0012,0.0036,-0.0305,0.0421,-0.0423,-0.0005,0.0198,-0.0177,-0.1308,0.1138,-0.0289,0.0303,0.0000,0.4951,-0.3016,0.9978,5.1741,-1.3343
56506366,0.0009,0.0039,-0.0272,0.0397,-0.0337,0.0000,0.0185,-0.0173,-0.1309,0.1138,-0.0123,0.0079,0.0000,1.9254,-0.2047,0.9978,5.2119,-1.3339
56511366,0.0010,0.0041,-0.0275,0.0388,-0.0450,0.0004,0.0193,-0.0180,-0.1309,0.1139,-0.0122,0.0077,0.0000,1.9254,-0.1563,0.9978,5.2196,-1.3338
56516366,0.0010,0.0044,-0.0305,0.0357,-0.0575,-0.0000,0.0203,-0.0180,-0.1310,0.1139,-0.0153,0.0047,0.0000,1.9254,-0.1563,0.9978,5.2311,-1.3347
56521366,0.0009,0.0047,-0.0385,0.0360,-0.0557,-0.0017,0.0221,-0.0183,-0.1311,0.1139,-0.0228,0.0057,0.0000,1.9254,-0.1078,0.9978,5.2388,-1.3342
56526366,0.0009,0.0049,-0.0431,0.0324,-0.0359,-0.0030,0.0227,-0.0183,-0.1313,0.1139,-0.0269,0.0028,0.0000,1.9254,-0.0594,0.9978,5.2504,-1.3338
56531366,0.0007,0.0052,-0.0507,0.0324,-0.0243,-0.0055,0.0251,-0.0187,-0.1315,0.1140,-0.0377,0.0082,0.0000,1.5640,-0.0594,0.9978,5.2502,-1.3340
56536366,0.0005,0.0055,-0.0550,0.0318,-0.0130,-0.0074,0.0269,-0.0190,-0.1317,0.1140,-0.0433,0.0099,0.0000,1.4091,-0.0594,0.9978,5.2557,-1.3344
56541366,0.0002,0.0058,-0.0528,0.0232,0.0161,-0.0085,0.0264,-0.0185,-0.1319,0.1140,-0.0412,0.0013,0.0000,1.4091,-0.0594,0.9978,5.2614,-1.3346
56546365,-0.0000,0.0058,-0.0421,-0.0116,0.0659,-0.0081,0.0197,-0.0142,-0.1320,0.1139,-0.0300,-0.0326,0.0000,1.4091,0.0000,0.9978,5.2698,-1.3338
56551366,-0.0003,0.0058,-0.0388,-0.0254,0.0677,-0.0085,0.0175,-0.0117,-0.1322,0.1136,-0.0266,-0.0464,0.0000,1.4091,0.0000,0.9978,5.2754,-1.3338
56556366,-0.0004,0.0058,-0.0293,-0.0391,0.0683,-0.0073,0.0145,-0.0097,-0.1322,0.1133,-0.0171,-0.0601,0.0000,1.4091,0.0000,0.9978,5.2839,-1.3338
56561366,-0.0006,0.0056,-0.0263,-0.0513,0.0933,-0.0077,0.0115,-0.0074,-0.1323,0.1130,-0.0124,-0.0752,0.0000,1.6030,0.0000,0.9978,5.2941,-1.3338
56566366,-0.0008,0.0055,-0.0226,-0.0571,0.1126,-0.0079,0.0097,-0.0061,-0.1323,0.1126,-0.0087,-0.0810,0.0000,1.6030,0.0000,0.9978,5.3037,-1.3338
56571366,-0.0008,0.0052,-0.0217,-0.0651,0.1092,-0.0076,0.0075,-0.0041,-0.1324,0.1121,-0.0078,-0.0890,0.0000,1.6030,0.0000,0.9978,5.3101,-1.3338
56576366,-0.0007,0.0048,-0.0226,-0.0602,0.1022,-0.0073,0.0069,-0.0036,-0.1324,0.1117,-0.0088,-0.0841,0.0000,1.6030,0.0000,0.9978,5.3197,-1.3338
56581365,-0.0007,0.0043,-0.0250,-0.0544,0.1056,-0.0079,0.0063,-0.0025,-0.1325,0.1113,-0.0112,-0.0783,0.0000,1.6030,0.0000,0.9978,5.3261,-1.3338
56586366,-0.0008,0.0039,-0.0333,-0.0412,0.1169,-0.0103,0.0082,-0.0024,-0.1326,0.1110,-0.0224,-0.0601,0.0000,1.2674,0.0000,0.9978,5.3282,-1.3338
56591366,-0.0009,0.0036,-0.0370,-0.0046,0.1034,-0.0115,0.0144,-0.0069,-0.1327,0.1109,-0.0279,-0.0201,0.0000,1.0437,0.0000,0.9978,5.3283,-1.3338
56596366,-0.0011,0.0034,-0.0470,0.0153,0.0961,-0.0143,0.0189,-0.0083,-0.1329,0.1109,-0.0404,0.0039,0.0000,0.7640,0.0000,0.9978,5.3281,-1.3338
56601365,-0.0014,0.0033,-0.0495,0.0327,0.1123,-0.0163,0.0224,-0.0104,-0.1332,0.1110,-0.0443,0.0238,0.0000,0.5962,0.0000,0.9978,5.3275,-1.3338
56606366,-0.0018,0.0036,-0.0489,0.0443,0.1309,-0.0181,0.0258,-0.0127,-0.1334,0.1112,-0.0447,0.0371,0.0000,0.4843,0.0000,0.9978,5.3285,-1.3338
56611365,-0.0021,0.0039,-0.0480,0.0473,0.1398,-0.0193,0.0281,-0.0141,-0.1336,0.1114,-0.0447,0.0418,0.0000,0.3725,0.0000,0.9978,5.3279,-1.3338
56616366,-0.0024,0.0043,-0.0492,0.0415,0.1379,-0.0188,0.0282,-0.0147,-0.1337,0.1116,-0.0235,0.0376,-1.3636,0.2606,0.0000,0.9681,5.3276,-1.3338
56621366,-0.0026,0.0046,-0.0507,0.0305,0.1434,-0.0197,0.0278,-0.0136,-0.1338,0.1118,-0.0190,0.0275,-1.7398,0.2047,0.0000,0.9538,5.3276,-1.3338
56626366,-0.0029,0.0048,-0.0489,0.0186,0.1587,-0.0205,0.0268,-0.0123,-0.1339,0.1118,-0.0177,0.0164,-1.7398,0.1487,0.0000,0.9434,5.3276,-1.3338
56631366,-0.0032,0.0049,-0.0473,0.0052,0.1700,-0.0215,0.0253,-0.0103,-0.1340,0.1119,-0.0162,0.0029,-1.7398,0.1487,0.0000,0.9364,5.3282,-1.3338
56636366,-0.0034,0.0050,-0.0489,-0.0073,0.1682,-0.0229,0.0244,-0.0079,-0.1341,0.1118,-0.0182,-0.0087,-1.7398,0.0928,0.0000,0.9260,5.3278,-1.3338
56641366,-0.0037,0.0050,-0.0437,-0.0275,0.1673,-0.0231,0.0211,-0.0044,-0.1342,0.1117,-0.0166,-0.0289,-1.5258,0.0928,0.0000,0.9237,5.3282,-1.3338
56646366,-0.0039,0.0050,-0.0409,-0.0345,0.1654,-0.0238,0.0202,-0.0028,-0.1342,0.1115,-0.0153,-0.0351,-1.4724,0.0369,0.0000,0.9159,5.3275,-1.3338
56651366,-0.0043,0.0048,-0.0525,-0.0360,0.1535,-0.0274,0.0215,0.0000,-0.1344,0.1113,-0.0269,-0.0366,-1.4724,0.0369,0.0000,0.9100,5.3277,-1.3338
56656366,-0.0044,0.0044,-0.0483,-0.0373,0.1114,-0.0264,0.0202,0.0020,-0.1345,0.1111,-0.0226,-0.0379,-1.4724,0.0369,0.0000,0.9012,5.3279,-1.3338
56661366,-0.0047,0.0042,-0.0324,-0.0370,0.0655,-0.0232,0.0188,0.0019,-0.1345,0.1109,0.0047,-0.0376,-2.1369,0.0369,0.0000,0.8815,5.3280,-1.3338
56666366,-0.0050,0.0040,-0.0177,-0.0327,0.0530,-0.0209,0.0178,0.0011,-0.1343,0.1108,0.0251,-0.0333,-2.4691,0.0369,0.0000,0.8602,5.3283,-1.3338
56671366,-0.0051,0.0038,0.0052,-0.0339,0.0298,-0.0167,0.0152,0.0003,-0.1341,0.1106,0.0480,-0.0345,-2.4691,0.0369,0.0000,0.8503,5.3284,-1.3338
56676366,-0.0052,0.0036,0.0254,-0.0330,0.0017,-0.0126,0.0134,-0.0008,-0.1338,0.1104,0.0678,-0.0331,-2.4691,0.0000,0.0000,0.8355,5.3275,-1.3338
56681366,-0.0051,0.0035,0.0446,-0.0278,-0.0020,-0.0092,0.0122,-0.0029,-0.1334,0.1103,0.0791,-0.0279,-2.0049,0.0000,0.0000,0.8358,5.3275,-1.3338
56686366,-0.0050,0.0033,0.0538,-0.0318,-0.0078,-0.0071,0.0099,-0.0025,-0.1329,0.1101,0.0874,-0.0318,-1.9584,0.0000,0.0000,0.8250,5.3275,-1.3338
56691365,-0.0049,0.0032,0.0535,-0.0367,-0.0059,-0.0066,0.0084,-0.0016,-0.1325,0.1099,0.0871,-0.0367,-1.9584,0.0000,0.0000,0.8172,5.3275,-1.3338
56696366,-0.0044,0.0030,0.0464,-0.0397,-0.0123,-0.0062,0.0073,-0.0007,-0.1321,0.1097,0.0801,-0.0398,-1.9584,0.0000,0.0000,0.8054,5.3275,-1.3338
56701365,-0.0040,0.0028,0.0336,-0.0452,-0.0117,-0.0072,0.0060,0.0016,-0.1318,0.1095,0.0654,-0.0452,-1.8507,0.0000,0.0000,0.7998,5.3275,-1.3338
56706366,-0.0037,0.0025,0.0134,-0.0458,-0.0087,-0.0106,0.0065,0.0044,-0.1316,0.1093,0.0369,-0.0458,-1.3660,0.0000,0.0000,0.7998,5.3275,-1.3338
56711366,-0.0035,0.0022,-0.0034,-0.0440,-0.0078,-0.0133,0.0071,0.0065,-0.1315,0.1091,0.0155,-0.0440,-1.0968,0.0000,0.0000,0.8002,5.3275,-1.3338
56716366,-0.0034,0.0019,-0.0195,-0.0418,-0.0120,-0.0162,0.0079,0.0087,-0.1315,0.1089,-0.0053,-0.0419,-0.8275,0.0000,0.0000,0.7998,5.3275,-1.3338
56721366,-0.0033,0.0016,-0.0339,-0.0412,-0.0297,-0.0187,0.0085,0.0113,-0.1316,0.1086,-0.0224,-0.0412,-0.6659,0.0000,0.0000,0.8000,5.3275,-1.3338
56726366,-0.0034,0.0013,-0.0480,-0.0400,-0.0423,-0.0215,0.0095,0.0135,-0.1318,0.1084,-0.0393,-0.0400,-0.5044,0.0000,0.0000,0.7997,5.3275,-1.3338
56731366,-0.0037,0.0010,-0.0522,-0.0293,-0.0475,-0.0239,0.0115,0.0142,-0.1321,0.1083,-0.0454,-0.0293,-0.3967,0.0000,0.0000,0.8000,5.3275,-1.3338
56736366,-0.0042,0.0008,-0.0507,-0.0257,-0.0609,-0.0252,0.0122,0.0154,-0.1323,0.1082,-0.0457,-0.0257,-0.2890,0.0000,0.0000,0.8000,5.3275,-1.3338
56741366,-0.0045,0.0006,-0.0418,-0.0247,-0.0789,-0.0249,0.0120,0.0158,-0.1325,0.1081,-0.0378,-0.0247,-0.2351,0.0000,0.0000,0.8000,5.3275,-1.3338
56746366,-0.0048,0.0006,-0.0354,-0.0226,-0.0875,-0.0249,0.0123,0.0159,-0.1326,0.1079,-0.0323,-0.0226,-0.1813,0.0000,0.0000,0.7998,5.3275,-1.3338
56751366,-0.0051,0.0005,-0.0284,-0.0263,-0.0899,-0.0247,0.0114,0.0168,-0.1328,0.1078,-0.0262,-0.0263,-0.1274,0.0000,0.0000,0.8002,5.3275,-1.3338
56756365,-0.0054,0.0003,-0.0232,-0.0357,-0.0976,-0.0246,0.0094,0.0189,-0.1329,0.1076,-0.0210,-0.0357,-0.1274,0.0000,0.0000,0.7994,5.3275,-1.3338
56761365,-0.0056,0.0002,-0.0144,-0.0391,-0.1031,-0.0234,0.0084,0.0190,-0.1329,0.1075,-0.0086,-0.0313,-0.0736,0.0000,0.5226,0.8001,5.3275,-1.3230
56766365,-0.0058,0.0001,-0.0104,-0.0428,-0.1067,-0.0225,0.0081,0.0186,-0.1329,0.1074,0.0053,-0.0178,-0.0736,0.0000,1.6724,0.7996,5.3275,-1.2916
56771366,-0.0059,-0.0001,-0.0110,-0.0498,-0.1092,-0.0231,0.0068,0.0205,-0.1329,0.1073,0.0047,-0.0248,-0.0736,0.0000,1.6724,0.7993,5.3275,-1.2849
56776365,-0.0059,-0.0002,-0.0098,-0.0516,-0.1055,-0.0232,0.0061,0.0212,-0.1329,0.1071,0.0046,-0.0266,0.0000,0.0000,1.6724,0.8002,5.3275,-1.2749
56781366,-0.0062,-0.0005,-0.0137,-0.0562,-0.1058,-0.0249,0.0052,0.0238,-0.1328,0.1070,0.0006,-0.0312,0.0000,0.0000,1.6724,0.8002,5.3275,-1.2682
56786366,-0.0064,-0.0007,-0.0134,-0.0565,-0.1009,-0.0255,0.0049,0.0244,-0.1328,0.1068,0.0052,-0.0241,0.0000,0.0000,2.1708,0.8002,5.3275,-1.2472
56791366,-0.0065,-0.0010,-0.0199,-0.0690,-0.0835,-0.0276,0.0027,0.0281,-0.1328,0.1067,-0.0012,-0.0366,0.0000,0.0000,2.1708,0.8002,5.3275,-1.2385
56796365,-0.0068,-0.0013,-0.0128,-0.0541,-0.0337,-0.0278,0.0030,0.0260,-0.1328,0.1066,0.0058,-0.0216,0.0000,0.0000,2.1708,0.8002,5.3275,-1.2255
56801366,-0.0069,-0.0018,-0.0061,-0.0455,-0.0081,-0.0272,0.0026,0.0249,-0.1327,0.1065,0.0155,-0.0079,0.0000,0.0000,2.5125,0.8002,5.3275,-1.2099
56806365,-0.0070,-0.0021,0.0101,-0.0290,-0.0090,-0.0243,0.0027,0.0219,-0.1326,0.1066,0.0321,0.0093,0.0000,0.0000,2.5614,0.8002,5.3275,-1.1935
56811366,-0.0070,-0.0023,0.0217,-0.0076,0.0121,-0.0224,0.0042,0.0178,-0.1323,0.1067,0.0437,0.0307,0.0000,0.0000,2.5614,0.8002,5.3275,-1.1833
56816366,-0.0069,-0.0025,0.0409,0.0034,0.0368,-0.0187,0.0031,0.0142,-0.1320,0.1069,0.0634,0.0424,0.0000,0.0000,2.6138,0.8002,5.3275,-1.1668
56821366,-0.0068,-0.0025,0.0510,0.0208,0.0378,-0.0163,0.0046,0.0102,-0.1317,0.1072,0.0735,0.0599,0.0000,0.0000,2.6138,0.8002,5.3275,-1.1563
56826365,-0.0066,-0.0026,0.0577,0.0232,0.0240,-0.0141,0.0039,0.0093,-0.1313,0.1075,0.0802,0.0623,0.0000,0.0000,2.6138,0.8002,5.3275,-1.1406
56831366,-0.0065,-0.0025,0.0593,0.0296,0.0439,-0.0136,0.0047,0.0072,-0.1308,0.1079,0.0817,0.0687,0.0000,0.0000,2.6138,0.8002,5.3275,-1.1318
56836365,-0.0062,-0.0026,0.0614,0.0305,0.0652,-0.0127,0.0032,0.0070,-0.1305,0.1082,0.0796,0.0622,0.0000,0.0000,2.1173,0.8002,5.3275,-1.1255
56841365,-0.0058,-0.0026,0.0507,0.0312,0.0546,-0.0130,0.0033,0.0076,-0.1301,0.1085,0.0656,0.0570,0.0000,0.0000,1.7312,0.8002,5.3275,-1.1256
56846366,-0.0054,-0.0024,0.0406,0.0226,0.0353,-0.0136,0.0029,0.0094,-0.1299,0.1087,0.0517,0.0419,0.0000,0.0000,1.2898,0.8002,5.3275,-1.1254
56851366,-0.0052,-0.0022,0.0308,0.0098,0.0313,-0.0145,0.0017,0.0117,-0.1297,0.1088,0.0400,0.0258,0.0000,0.0000,1.0692,0.8002,5.3275,-1.1252
56856365,-0.0050,-0.0021,0.0192,-0.0058,0.0399,-0.0163,-0.0001,0.0149,-0.1295,0.1088,0.0261,0.0061,0.0000,0.0000,0.7934,0.8002,5.3275,-1.1253
56861366,-0.0049,-0.0021,0.0061,-0.0260,0.0436,-0.0185,-0.0026,0.0194,-0.1295,0.1088,0.0115,-0.0166,0.0000,0.0000,0.6279,0.8002,5.3275,-1.1258
56866366,-0.0049,-0.0022,-0.0012,-0.0391,0.0371,-0.0200,-0.0043,0.0228,-0.1295,0.1086,0.0028,-0.0322,0.0000,0.0000,0.4624,0.8002,5.3275,-1.1258
56871366,-0.0050,-0.0024,-0.0061,-0.0629,0.0478,-0.0214,-0.0085,0.0280,-0.1295,0.1083,-0.0026,-0.0568,0.0000,0.0000,0.4072,0.8002,5.3275,-1.1252
56876366,-0.0051,-0.0026,-0.0058,-0.0721,0.0570,-0.0220,-0.0109,0.0307,-0.1295,0.1080,-0.0033,-0.0676,0.0000,0.0000,0.2969,0.8002,5.3275,-1.1254
56881366,-0.0052,-0.0032,-0.0009,-0.0742,0.0597,-0.0217,-0.0134,0.0328,-0.1295,0.1076,0.0012,-0.0706,0.0000,0.0000,0.2417,0.8002,5.3275,-1.1255
56886366,-0.0053,-0.0037,0.0021,-0.0730,0.0552,-0.0214,-0.0153,0.0346,-0.1295,0.1073,0.0037,-0.0702,0.0000,0.0000,0.1865,0.8002,5.3275,-1.1254
56891366,-0.0053,-0.0043,0.0061,-0.0641,0.0552,-0.0209,-0.0161,0.0348,-0.1294,0.1070,0.0072,-0.0622,0.0000,0.0000,0.1314,0.8002,5.3275,-1.1259
56896366,-0.0053,-0.0048,0.0137,-0.0519,0.0720,-0.0196,-0.0168,0.0336,-0.1294,0.1067,0.0144,-0.0508,0.0000,0.0000,0.0762,0.8002,5.3275,-1.1262
56901366,-0.0053,-0.0052,0.0180,-0.0391,0.0854,-0.0189,-0.0168,0.0324,-0.1293,0.1065,0.0187,-0.0380,0.0000,0.0000,0.0762,0.8002,5.3275,-1.1259
56906366,-0.0053,-0.0056,0.0250,-0.0302,0.0885,-0.0174,-0.0174,0.0314,-0.1291,0.1064,0.0257,-0.0291,0.0000,0.0000,0.0762,0.8002,5.3275,-1.1254
56911366,-0.0052,-0.0059,0.0260,-0.0235,0.0869,-0.0171,-0.0175,0.0313,-0.1290,0.1063,0.0266,-0.0224,0.0000,0.0000,0.0762,0.8002,5.3275,-1.1252
56916366,-0.0052,-0.0062,0.0324,-0.0125,0.0998,-0.0171,-0.0152,0.0284,-0.1289,0.1063,0.0170,0.0142,0.0000,-1.7938,0.0000,0.8002,5.2867,-1.1262
56921366,-0.0051,-0.0065,0.0428,-0.0131,0.0970,-0.0146,-0.0175,0.0283,-0.1288,0.1064,0.0274,0.0136,0.0000,-1.7938,0.0000,0.8002,5.2795,-1.1262
56926366,-0.0049,-0.0067,0.0425,-0.0113,0.0891,-0.0140,-0.0183,0.0289,-0.1286,0.1065,0.0271,0.0154,0.0000,-1.7938,0.0000,0.8002,5.2687,-1.1262
56931366,-0.0047,-0.0071,0.0443,-0.0125,0.0805,-0.0127,-0.0201,0.0297,-0.1285,0.1066,0.0289,0.0142,0.0000,-1.7938,0.0000,0.8002,5.2616,-1.1262
56936366,-0.0047,-0.0073,0.0449,-0.0134,0.0723,-0.0123,-0.0209,0.0304,-0.1284,0.1066,0.0282,0.0156,0.0000,-1.9487,0.0000,0.8002,5.2474,-1.1262
56941366,-0.0045,-0.0076,0.0519,-0.0195,0.0542,-0.0099,-0.0239,0.0317,-0.1282,0.1067,0.0352,0.0095,0.0000,-1.9487,0.0000,0.8002,5.2396,-1.1262
56946366,-0.0042,-0.0079,0.0437,-0.0110,0.0185,-0.0098,-0.0229,0.0321,-0.1281,0.1068,0.0270,0.0180,0.0000,-1.9487,0.0000,0.8002,5.2279,-1.1262
56951366,-0.0039,-0.0082,0.0421,0.0000,-0.0166,-0.0085,-0.0220,0.0311,-0.1279,0.1069,0.0255,0.0290,0.0000,-1.9487,0.0000,0.8002,5.2201,-1.1262
56956366,-0.0036,-0.0083,0.0376,0.0223,-0.0340,-0.0080,-0.0186,0.0279,-0.1278,0.1072,0.0214,0.0521,0.0000,-1.9487,0.0552,0.8002,5.2084,-1.1248
56961366,-0.0034,-0.0084,0.0308,0.0409,-0.0465,-0.0082,-0.0153,0.0253,-0.1277,0.1075,0.0142,0.0716,0.0000,-2.0037,0.0552,0.8002,5.1994,-1.1246
56966366,-0.0032,-0.0083,0.0171,0.0623,-0.0643,-0.0101,-0.0103,0.0228,-0.1277,0.1080,0.0004,0.0930,0.0000,-2.0037,0.0552,0.8002,5.1874,-1.1242
56971366,-0.0030,-0.0082,0.0131,0.0657,-0.0826,-0.0099,-0.0091,0.0222,-0.1278,0.1085,-0.0035,0.0963,0.0000,-2.0037,0.0552,0.8002,5.1793,-1.1241
56976366,-0.0029,-0.0081,0.0049,0.0748,-0.0884,-0.0110,-0.0065,0.0209,-0.1278,0.1090,-0.0118,0.1055,0.0000,-2.0037,0.0552,0.8002,5.1673,-1.1237
56981366,-0.0029,-0.0080,0.0024,0.0773,-0.0777,-0.0114,-0.0059,0.0203,-0.1279,0.1095,-0.0126,0.1050,0.0000,-1.8090,0.0552,0.8002,5.1634,-1.1235
56986366,-0.0031,-0.0076,0.0049,0.0764,-0.0676,-0.0113,-0.0054,0.0193,-0.1279,0.1100,-0.0060,0.0969,0.0000,-1.3222,0.0552,0.8002,5.1637,-1.1231
56991365,-0.0031,-0.0071,0.0110,0.0693,-0.0661,-0.0101,-0.0059,0.0185,-0.1279,0.1104,0.0022,0.0862,0.0000,-1.0788,0.0552,0.8002,5.1638,-1.1230
56996366,-0.0031,-0.0068,0.0177,0.0528,-0.0765,-0.0084,-0.0082,0.0195,-0.1278,0.1108,0.0114,0.0654,0.0000,-0.7867,0.0552,0.8002,5.1639,-1.1226
57001366,-0.0030,-0.0065,0.0241,0.0305,-0.0844,-0.0067,-0.0118,0.0218,-0.1277,0.1110,0.0191,0.0409,0.0000,-0.6406,0.0552,0.8002,5.1639,-1.1224
57006366,-0.0029,-0.0063,0.0305,0.0086,-0.0832,-0.0051,-0.0159,0.0242,-0.1276,0.1111,0.0268,0.0167,0.0000,-0.4946,0.0552,0.8002,5.1634,-1.1220
57011366,-0.0028,-0.0064,0.0440,-0.0202,-0.0972,-0.0019,-0.0222,0.0279,-0.1274,0.1110,0.0410,-0.0134,0.0000,-0.3972,0.0552,0.8002,5.1636,-1.1218
57016365,-0.0027,-0.0065,0.0492,-0.0302,-0.1104,-0.0003,-0.0249,0.0294,-0.1272,0.1109,0.0471,-0.0249,0.0000,-0.2999,0.0552,0.8002,5.1634,-1.1215
57021366,-0.0023,-0.0068,0.0452,-0.0351,-0.1153,0.0009,-0.0273,0.0308,-0.1270,0.1107,0.0435,-0.0306,0.0000,-0.2512,0.0552,0.8002,5.1633,-1.1213
57026366,-0.0019,-0.0072,0.0440,-0.0373,-0.1125,0.0020,-0.0298,0.0321,-0.1267,0.1106,0.0427,-0.0334,0.0000,-0.2025,0.0552,0.8002,5.1630,-1.1209
57031366,-0.0017,-0.0076,0.0388,-0.0293,-0.1089,0.0020,-0.0300,0.0321,-0.1266,0.1104,0.0379,-0.0262,0.0000,-0.1538,0.0552,0.8002,5.1634,-1.1207
57036366,-0.0014,-0.0079,0.0382,-0.0153,-0.1031,0.0028,-0.0294,0.0305,-0.1264,0.1104,0.0377,-0.0129,0.0000,-0.1052,0.0552,0.8002,5.1636,-1.1204
57041366,-0.0012,-0.0082,0.0354,0.0031,-0.0933,0.0031,-0.0275,0.0279,-0.1262,0.1104,0.0350,0.0054,0.0000,-0.1052,0.0552,0.8002,5.1632,-1.1202
57046366,-0.0010,-0.0083,0.0333,0.0195,-0.0850,0.0036,-0.0257,0.0254,-0.1260,0.1105,0.0333,0.0212,0.0000,-0.0565,0.0552,0.8002,5.1637,-1.1198
57051366,-0.0007,-0.0084,0.0293,0.0327,-0.0786,0.0037,-0.0240,0.0234,-0.1259,0.1107,0.0293,0.0343,0.0000,-0.0565,0.0552,0.8002,5.1635,-1.1196
57056366,-0.0005,-0.0084,0.0272,0.0547,-0.0585,0.0038,-0.0208,0.0192,-0.1257,0.1109,0.0272,0.0563,0.0000,-0.0565,0.0552,0.8002,5.1632,-1.1193
57061366,-0.0004,-0.0084,0.0263,0.0565,-0.0444,0.0040,-0.0208,0.0185,-0.1256,0.1112,0.0267,0.0573,0.0000,0.0000,0.0552,0.8002,5.1640,-1.1191
57066365,-0.0002,-0.0080,0.0260,0.0538,-0.0313,0.0044,-0.0204,0.0172,-0.1255,0.1115,0.0216,0.0546,0.2785,0.0000,0.0552,0.8059,5.1640,-1.1187
57071365,0.0001,-0.0076,0.0235,0.0476,-0.0200,0.0030,-0.0196,0.0174,-0.1255,0.1117,-0.0033,0.0485,1.5784,0.0000,0.0552,0.8358,5.1640,-1.1185
57076366,0.0003,-0.0073,0.0241,0.0391,-0.0081,0.0039,-0.0206,0.0171,-0.1255,0.1119,-0.0026,0.0399,1.5784,0.0000,0.0552,0.8453,5.1640,-1.1182
57081366,0.0005,-0.0070,0.0223,0.0330,0.0069,0.0043,-0.0211,0.0166,-0.1256,0.1121,-0.0045,0.0338,1.5784,0.0000,0.0552,0.8516,5.1640,-1.1180
57086366,0.0009,-0.0069,0.0202,0.0272,0.0237,0.0049,-0.0223,0.0165,-0.1256,0.1123,-0.0066,0.0280,1.5784,0.0000,0.0552,0.8611,5.1640,-1.1176
57091366,0.0012,-0.0068,0.0208,0.0235,0.0341,0.0062,-0.0234,0.0158,-0.1256,0.1124,-0.0060,0.0243,1.5784,0.0000,0.0552,0.8674,5.1640,-1.1174
57096366,0.0015,-0.0066,0.0199,0.0217,0.0411,0.0074,-0.0238,0.0148,-0.1256,0.1125,-0.0040,0.0225,1.4123,0.0000,0.0552,0.8733,5.1640,-1.1170
57101366,0.0017,-0.0064,0.0171,0.0174,0.0552,0.0077,-0.0242,0.0143,-0.1256,0.1126,-0.0020,0.0182,1.1354,0.0000,0.0552,0.8728,5.1640,-1.1169
57106366,0.0016,-0.0063,0.0208,0.0156,0.0631,0.0085,-0.0248,0.0139,-0.1256,0.1127,0.0064,0.0164,0.8586,0.0000,0.0552,0.8732,5.1640,-1.1165
57111366,0.0016,-0.0064,0.0250,0.0174,0.0753,0.0094,-0.0255,0.0132,-0.1255,0.1128,0.0136,0.0182,0.6924,0.0000,0.0552,0.8729,5.1640,-1.1163
57116366,0.0016,-0.0065,0.0263,0.0208,0.0820,0.0099,-0.0257,0.0127,-0.1255,0.1129,0.0177,0.0216,0.5263,0.0000,0.0552,0.8732,5.1640,-1.1159
57121366,0.0017,-0.0066,0.0278,0.0217,0.0875,0.0105,-0.0264,0.0125,-0.1254,0.1130,0.0211,0.0225,0.4156,0.0000,0.0552,0.8728,5.1640,-1.1158
57126366,0.0019,-0.0068,0.0293,0.0247,0.0933,0.0116,-0.0270,0.0118,-0.1252,0.1131,0.0245,0.0256,0.3048,0.0000,0.0552,0.8728,5.1640,-1.1154
57131366,0.0022,-0.0069,0.0315,0.0278,0.0982,0.0132,-0.0277,0.0107,-0.1251,0.1132,0.0276,0.0286,0.2494,0.0000,0.0552,0.8728,5.1640,-1.1152
57136366,0.0025,-0.0069,0.0305,0.0290,0.1043,0.0144,-0.0284,0.0099,-0.1250,0.1134,0.0277,0.0298,0.1941,0.0000,0.0552,0.8730,5.1640,-1.1148
57141366,0.0029,-0.0069,0.0293,0.0302,0.1083,0.0156,-0.0288,0.0090,-0.1248,0.1135,0.0264,0.0311,0.1941,0.0000,0.0552,0.8737,5.1640,-1.1147
57146366,0.0032,-0.0069,0.0281,0.0302,0.1095,0.0168,-0.0293,0.0083,-0.1247,0.1137,0.0252,0.0311,0.1941,0.0000,0.0552,0.8749,5.1640,-1.1143
57151366,0.0036,-0.0069,0.0238,0.0339,0.1068,0.0173,-0.0289,0.0074,-0.1246,0.1139,0.0209,0.0347,0.1941,0.0000,0.0552,0.8757,5.1640,-1.1141
57156366,0.0039,-0.0068,0.0238,0.0345,0.1071,0.0187,-0.0294,0.0066,-0.1245,0.1141,0.0209,0.0353,0.1941,0.0000,0.0552,0.8768,5.1640,-1.1137
57161366,0.0042,-0.0068,0.0192,0.0345,0.1071,0.0191,-0.0294,0.0063,-0.1244,0.1142,0.0164,0.0353,0.1941,0.0000,0.0552,0.8776,5.1640,-1.1135
57166366,0.0046,-0.0067,0.0260,0.0348,0.1053,0.0218,-0.0305,0.0047,-0.1243,0.1144,0.0231,0.0356,0.1941,0.0000,0.0552,0.8786,5.1640,-1.1132
57171366,0.0049,-0.0065,0.0211,0.0409,0.1202,0.0214,-0.0289,0.0028,-0.1242,0.1146,0.0108,0.0417,0.6219,0.0000,0.0552,0.8885,5.1640,-1.1130
57176366,0.0052,-0.0064,0.0104,0.0464,0.1367,0.0182,-0.0263,0.0029,-0.1244,0.1149,-0.0266,0.0472,2.1729,0.0000,0.0552,0.9253,5.1640,-1.1126
57181366,0.0054,-0.0063,-0.0018,0.0498,0.1321,0.0168,-0.0245,0.0026,-0.1246,0.1151,-0.0389,0.0505,2.1729,0.0000,0.0552,0.9383,5.1640,-1.1124
57186366,0.0056,-0.0061,-0.0134,0.0571,0.1337,0.0152,-0.0219,0.0015,-0.1248,0.1154,-0.0505,0.0579,2.1729,0.0000,0.0552,0.9470,5.1640,-1.1121
57191366,0.0056,-0.0060,-0.0254,0.0641,0.1370,0.0132,-0.0193,0.0008,-0.1251,0.1157,-0.0607,0.0649,2.0789,0.0000,0.0552,0.9582,5.1640,-1.1119
57196366,0.0057,-0.0058,-0.0357,0.0666,0.1269,0.0120,-0.0175,0.0006,-0.1254,0.1161,-0.0646,0.0673,1.7027,0.0000,0.0552,0.9583,5.1640,-1.1115
57201366,0.0056,-0.0054,-0.0385,0.0660,0.1159,0.0120,-0.0158,-0.0006,-0.1257,0.1164,-0.0601,0.0668,1.2795,0.0000,0.0552,0.9587,5.1640,-1.1113
57206366,0.0055,-0.0049,-0.0397,0.0623,0.1049,0.0117,-0.0145,-0.0012,-0.1260,0.1167,-0.0572,0.0631,1.0444,0.0000,0.0552,0.9586,5.1640,-1.1110
57211366,0.0052,-0.0045,-0.0363,0.0580,0.0967,0.0116,-0.0138,-0.0016,-0.1263,0.1170,-0.0490,0.0588,0.7623,0.0000,0.0552,0.9584,5.1640,-1.1108
57216366,0.0049,-0.0042,-0.0287,0.0513,0.0845,0.0124,-0.0139,-0.0018,-0.1265,0.1173,-0.0389,0.0521,0.6212,0.0000,0.0552,0.9584,5.1640,-1.1104
57221366,0.0047,-0.0039,-0.0189,0.0464,0.0744,0.0138,-0.0141,-0.0026,-0.1266,0.1175,-0.0267,0.0472,0.4802,0.0000,0.0552,0.9588,5.1640,-1.1102
57226366,0.0046,-0.0036,-0.0076,0.0394,0.0610,0.0158,-0.0149,-0.0032,-0.1267,0.1177,-0.0138,0.0402,0.3861,0.0000,0.0552,0.9586,5.1640,-1.1099
57231366,0.0046,-0.0033,0.0006,0.0312,0.0491,0.0175,-0.0160,-0.0034,-0.1267,0.1179,-0.0040,0.0320,0.2921,0.0000,0.0552,0.9587,5.1640,-1.1096
57236366,0.0046,-0.0030,0.0064,0.0254,0.0432,0.0188,-0.0166,-0.0039,-0.1267,0.1180,0.0027,0.0262,0.2450,0.0000,0.0552,0.9588,5.1640,-1.1094
57241366,0.0046,-0.0029,0.0116,0.0140,0.0313,0.0201,-0.0182,-0.0031,-0.1266,0.1181,0.0095,0.0149,0.1510,0.0000,0.0552,0.9581,5.1640,-1.1090
57246366,0.0048,-0.0027,0.0153,0.0110,0.0280,0.0216,-0.0188,-0.0039,-0.1266,0.1181,0.0123,0.0118,0.1980,0.0000,0.0552,0.9598,5.1640,-1.1088
57251366,0.0051,-0.0027,0.0104,0.0086,0.0252,0.0218,-0.0191,-0.0036,-0.1265,0.1182,0.0074,0.0094,0.1980,0.0000,0.0552,0.9610,5.1640,-1.1085
57256366,0.0053,-0.0027,0.0049,0.0079,0.0255,0.0217,-0.0194,-0.0033,-0.1265,0.1182,0.0019,0.0088,0.1980,0.0000,0.0552,0.9618,5.1640,-1.1083
57261366,0.0055,-0.0028,-0.0027,0.0082,0.0255,0.0211,-0.0193,-0.0028,-0.1265,0.1183,-0.0057,0.0091,0.1980,0.0000,0.0552,0.9630,5.1640,-1.1079
57266365,0.0057,-0.0029,-0.0125,0.0128,0.0265,0.0199,-0.0182,-0.0027,-0.1266,0.1183,-0.0155,0.0136,0.1980,0.0000,0.0552,0.9638,5.1640,-1.1077
57271366,0.0058,-0.0029,-0.0180,0.0183,0.0268,0.0192,-0.0173,-0.0030,-0.1267,0.1184,-0.0210,0.0191,0.1980,0.0000,0.0552,0.9649,5.1640,-1.1074
57276366,0.0058,-0.0030,-0.0254,0.0238,0.0228,0.0180,-0.0160,-0.0030,-0.1269,0.1185,-0.0283,0.0246,0.1980,0.0000,0.0552,0.9657,5.1640,-1.1071
57281366,0.0059,-0.0030,-0.0339,0.0324,0.0240,0.0165,-0.0138,-0.0036,-0.1271,0.1187,-0.0368,0.0332,0.1980,0.0000,0.0552,0.9669,5.1640,-1.1068
57286366,0.0059,-0.0030,-0.0351,0.0391,0.0182,0.0163,-0.0125,-0.0045,-0.1272,0.1189,-0.0381,0.0399,0.1980,0.0000,0.0552,0.9677,5.1640,-1.1066
57291365,0.0058,-0.0030,-0.0403,0.0492,0.0136,0.0150,-0.0101,-0.0054,-0.1275,0.1192,-0.0433,0.0500,0.1980,0.0000,0.0552,0.9689,5.1640,-1.1063
57296365,0.0055,-0.0030,-0.0406,0.0528,0.0100,0.0140,-0.0089,-0.0055,-0.1277,0.1194,-0.0436,0.0537,0.1980,0.0000,0.0552,0.9697,5.1640,-1.1060
57301366,0.0052,-0.0027,-0.0363,0.0516,0.0060,0.0136,-0.0077,-0.0061,-0.1279,0.1197,-0.0393,0.0524,0.1980,0.0000,0.0552,0.9709,5.1640,-1.1057
57306366,0.0049,-0.0024,-0.0312,0.0519,0.0026,0.0134,-0.0065,-0.0070,-0.1280,0.1200,-0.0341,0.0527,0.1980,0.0000,0.0552,0.9717,5.1640,-1.1055
57311366,0.0047,-0.0021,-0.0250,0.0510,-0.0010,0.0137,-0.0056,-0.0080,-0.1282,0.1202,-0.0280,0.0518,0.1980,0.0000,0.0552,0.9729,5.1640,-1.1052
57316365,0.0045,-0.0018,-0.0171,0.0455,-0.0020,0.0146,-0.0058,-0.0087,-0.1283,0.1204,-0.0200,0.0463,0.1980,0.0000,0.0552,0.9737,5.1640,-1.1049
57321366,0.0044,-0.0015,-0.0110,0.0357,-0.0020,0.0153,-0.0067,-0.0085,-0.1284,0.1206,-0.0139,0.0366,0.1980,0.0000,0.0552,0.9748,5.1640,-1.1046
57326366,0.0043,-0.0012,-0.0052,0.0287,-0.0029,0.0162,-0.0074,-0.0087,-0.1284,0.1208,-0.0081,0.0295,0.1980,0.0000,0.0552,0.9756,5.1640,-1.1044
57331366,0.0043,-0.0009,-0.0003,0.0217,-0.0016,0.0171,-0.0082,-0.0089,-0.1284,0.1209,-0.0032,0.0225,0.1980,0.0000,0.0552,0.9768,5.1640,-1.1040
57336366,0.0044,-0.0008,-0.0003,0.0095,-0.0023,0.0173,-0.0096,-0.0076,-0.1284,0.1209,-0.0032,0.0103,0.1980,0.0000,0.0552,0.9776,5.1640,-1.1038
57341366,0.0044,-0.0006,-0.0040,0.0040,-0.0047,0.0167,-0.0097,-0.0069,-0.1285,0.1210,-0.0069,0.0048,0.1980,0.0000,0.0552,0.9788,5.1640,-1.1035
57346366,0.0046,-0.0005,-0.0046,0.0034,-0.0062,0.0174,-0.0099,-0.0073,-0.1285,0.1210,-0.0075,0.0042,0.1980,0.0000,0.0552,0.9796,5.1640,-1.1033
57351366,0.0047,-0.0005,-0.0104,-0.0003,-0.0081,0.0169,-0.0101,-0.0065,-0.1286,0.1210,-0.0133,0.0005,0.1980,0.0000,0.0552,0.9808,5.1640,-1.1029
57356366,0.0049,-0.0005,-0.0150,0.0018,-0.0062,0.0166,-0.0096,-0.0068,-0.1287,0.1210,-0.0179,0.0026,0.1980,0.0000,0.0552,0.9816,5.1640,-1.1027
57361366,0.0050,-0.0006,-0.0162,0.0018,-0.0065,0.0170,-0.0099,-0.0068,-0.1288,0.1210,-0.0191,0.0026,0.1980,0.0000,0.0552,0.9828,5.1640,-1.1024
57366365,0.0049,-0.0004,-0.0180,0.0031,-0.0044,0.0160,-0.0088,-0.0070,-0.1289,0.1210,-0.0210,0.0039,0.1980,0.0000,0.0552,0.9836,5.1640,-1.1022
57371366,0.0047,-0.0006,-0.0202,0.0049,-0.0010,0.0147,-0.0085,-0.0061,-0.1290,0.1211,-0.0231,0.0057,0.1980,0.0000,0.0552,0.9847,5.1640,-1.1018
57376365,0.0044,-0.0007,-0.0202,0.0052,0.0014,0.0137,-0.0085,-0.0053,-0.1291,0.1211,-0.0231,0.0060,0.1980,0.0000,0.0552,0.9855,5.1640,-1.1016
57381366,0.0042,-0.0008,-0.0202,0.0082,0.0090,0.0125,-0.0077,-0.0052,-0.1292,0.1211,-0.0231,0.0091,0.1980,0.0000,0.0552,0.9867,5.1640,-1.1013
57386365,0.0039,-0.0009,-0.0147,0.0089,0.0115,0.0126,-0.0080,-0.0050,-0.1293,0.1212,-0.0176,0.0097,0.1980,0.0000,0.0552,0.9875,5.1640,-1.1011
57391366,0.0037,-0.0009,-0.0134,0.0095,0.0164,0.0119,-0.0077,-0.0047,-0.1294,0.1212,-0.0164,0.0103,0.1980,0.0000,0.0552,0.9887,5.1640,-1.1007
57396365,0.0035,-0.0009,-0.0110,0.0107,0.0200,0.0114,-0.0074,-0.0048,-0.1294,0.1213,-0.0139,0.0115,0.1980,0.0000,0.0552,0.9895,5.1640,-1.1005
57401366,0.0033,-0.0009,-0.0089,0.0086,0.0243,0.0109,-0.0076,-0.0043,-0.1295,0.1213,-0.0118,0.0094,0.1980,0.0000,0.0552,0.9907,5.1640,-1.1002
57406365,0.0031,-0.0009,-0.0082,0.0082,0.0261,0.0101,-0.0073,-0.0038,-0.1296,0.1214,-0.0112,0.0091,0.1980,0.0000,0.0552,0.9915,5.1640,-1.1000
57411366,0.0029,-0.0009,-0.0079,0.0082,0.0289,0.0093,-0.0070,-0.0034,-0.1296,0.1214,-0.0109,0.0091,0.1980,0.0000,0.0552,0.9927,5.1640,-1.0996
57416366,0.0027,-0.0009,-0.0052,0.0107,0.0326,0.0090,-0.0065,-0.0038,-0.1297,0.1215,-0.0081,0.0115,0.1980,0.0000,0.0552,0.9935,5.1640,-1.0994
57421366,0.0025,-0.0009,-0.0055,0.0086,0.0326,0.0082,-0.0065,-0.0029,-0.1297,0.1215,-0.0084,0.0094,0.1980,0.0000,0.0552,0.9946,5.1640,-1.0991
57426366,0.0023,-0.0010,-0.0061,0.0095,0.0304,0.0073,-0.0060,-0.0025,-0.1297,0.1216,-0.0090,0.0103,0.1980,0.0000,0.0552,0.9954,5.1640,-1.0988
57431366,0.0021,-0.0010,-0.0086,0.0110,0.0295,0.0060,-0.0052,-0.0019,-0.1298,0.1216,-0.0115,0.0118,0.1980,0.0000,0.0552,0.9966,5.1640,-1.0985
57436366,0.0019,-0.0011,-0.0079,0.0101,0.0274,0.0054,-0.0053,-0.0011,-0.1299,0.1217,-0.0109,0.0109,0.1980,0.0000,0.0552,0.9974,5.1640,-1.0983
57441366,0.0017,-0.0012,-0.0067,0.0104,0.0231,0.0049,-0.0053,-0.0005,-0.1299,0.1218,-0.0097,0.0112,0.1980,0.0000,0.0552,0.9986,5.1640,-1.0980
57446366,0.0015,-0.0013,-0.0043,0.0092,0.0225,0.0048,-0.0058,0.0001,-0.1299,0.1218,-0.0062,0.0100,0.1417,0.0000,0.0552,0.9981,5.1640,-1.0977
57451366,0.0013,-0.0014,-0.0049,0.0098,0.0213,0.0040,-0.0055,0.0006,-0.1300,0.1219,-0.0059,0.0106,0.0853,0.0000,0.0552,0.9978,5.1640,-1.0974
57456365,0.0011,-0.0014,-0.0040,0.0104,0.0200,0.0035,-0.0053,0.0010,-0.1300,0.1219,-0.0050,0.0112,0.0853,0.0000,0.0552,0.9982,5.1640,-1.0972
57461366,0.0010,-0.0015,-0.0031,0.0095,0.0200,0.0029,-0.0053,0.0016,-0.1300,0.1220,-0.0041,0.0103,0.0853,0.0000,0.0552,0.9987,5.1640,-1.0969
57466365,0.0008,-0.0015,-0.0009,0.0086,0.0200,0.0028,-0.0056,0.0020,-0.1300,0.1220,-0.0004,0.0094,0.0000,0.0000,0.0552,0.9978,5.1640,-1.0966
57471366,0.0006,-0.0016,-0.0021,0.0107,0.0185,0.0019,-0.0050,0.0024,-0.1300,0.1221,-0.0017,0.0115,0.0000,0.0000,0.0552,0.9978,5.1640,-1.0963
57476366,0.0004,-0.0016,-0.0012,0.0119,0.0194,0.0014,-0.0045,0.0024,-0.1300,0.1221,-0.0007,0.0127,0.0000,0.0000,0.0552,0.9978,5.1640,-1.0961
57481366,0.0003,-0.0016,0.0006,0.0131,0.0197,0.0010,-0.0041,0.0023,-0.1300,0.1222,0.0011,0.0140,0.0000,0.0000,0.0552,0.9978,5.1640,-1.0958
57486366,0.0001,-0.0015,0.0021,0.0134,0.0191,0.0008,-0.0037,0.0022,-0.1300,0.1223,0.0026,0.0143,0.0000,0.0000,0.0552,0.9978,5.1640,-1.0955
57491366,0.0000,-0.0014,0.0055,0.0134,0.0213,0.0010,-0.0033,0.0015,-0.1300,0.1223,0.0060,0.0143,0.0000,0.0000,0.0552,0.9978,5.1640,-1.0952
57496366,-0.0001,-0.0012,0.0046,0.0131,0.0210,0.0004,-0.0026,0.0014,-0.1299,0.1224,0.0051,0.0140,0.0000,0.0000,0.0552,0.9978,5.1640,-1.0950
57501366,-0.0001,-0.0011,0.0079,0.0098,0.0237,0.0007,-0.0030,0.0014,-0.1299,0.1225,0.0084,0.0106,0.0000,0.0000,0.0552,0.9978,5.1640,-1.0946
57506366,-0.0002,-0.0010,0.0095,0.0070,0.0258,0.0006,-0.0032,0.0016,-0.1299,0.1225,0.0099,0.0078,0.0000,0.0000,0.0552,0.9978,5.1640,-1.0944
57511366,-0.0002,-0.0009,0.0101,0.0058,0.0265,0.0006,-0.0029,0.0012,-0.1298,0.1225,0.0106,0.0066,0.0000,0.0000,0.0552,0.9978,5.1640,-1.0941
57516366,-0.0001,-0.0007,0.0104,0.0031,0.0298,0.0012,-0.0032,0.0009,-0.1297,0.1226,0.0109,0.0039,0.0000,0.0000,0.0552,0.9978,5.1640,-1.0939
57521366,0.0001,-0.0007,0.0104,0.0000,0.0378,0.0021,-0.0042,0.0006,-0.1297,0.1226,0.0109,0.0008,0.0000,0.0000,0.0552,0.9978,5.1640,-1.0935
57526366,0.0004,-0.0009,0.0134,-0.0006,0.0426,0.0037,-0.0058,0.0005,-0.1296,0.1226,0.0139,0.0002,0.0000,0.0000,0.0552,0.9978,5.1640,-1.0933
57531366,0.0007,-0.0011,0.0134,-0.0006,0.0448,0.0047,-0.0069,0.0005,-0.1296,0.1226,0.0139,0.0002,0.0000,0.0000,0.0552,0.9978,5.1640,-1.0930
57536366,0.0009,-0.0013,0.0125,0.0006,0.0481,0.0055,-0.0078,0.0005,-0.1295,0.1226,0.0130,0.0014,0.0000,0.0000,0.0552,0.9978,5.1640,-1.0928
57541365,0.0011,-0.0015,0.0116,0.0031,0.0503,0.0060,-0.0085,0.0006,-0.1294,0.1226,0.0121,0.0039,0.0000,0.0000,0.0552,0.9978,5.1640,-1.0924
57546366,0.0013,-0.0017,0.0131,0.0040,0.0509,0.0072,-0.0097,0.0005,-0.1294,0.1226,0.0136,0.0048,0.0000,0.0000,0.0552,0.9978,5.1640,-1.0922
57551365,0.0015,-0.0018,0.0110,0.0089,0.0509,0.0076,-0.0096,0.0001,-0.1293,0.1227,0.0115,0.0097,0.0000,0.0000,0.0552,0.9978,5.1640,-1.0919
57556366,0.0018,-0.0020,0.0098,0.0104,0.0509,0.0083,-0.0102,-0.0000,-0.1293,0.1227,0.0102,0.0112,0.0000,0.0000,0.0552,0.9978,5.1640,-1.0917
57561366,0.0020,-0.0021,0.0067,0.0128,0.0524,0.0087,-0.0104,-0.0003,-0.1292,0.1228,0.0072,0.0137,0.0000,0.0000,0.0552,0.9978,5.1640,-1.0913
57566366,0.0022,-0.0021,0.0034,0.0153,0.0500,0.0090,-0.0103,-0.0006,-0.1292,0.1229,0.0038,0.0161,0.0000,0.0000,0.0552,0.9978,5.1640,-1.0911
57571366,0.0024,-0.0022,-0.0003,0.0156,0.0466,0.0092,-0.0105,-0.0005,-0.1292,0.1230,0.0002,0.0164,0.0000,0.0000,0.0552,0.9978,5.1640,-1.0908
57576365,0.0027,-0.0022,0.0003,0.0162,0.0429,0.0102,-0.0110,-0.0009,-0.1292,0.1230,0.0008,0.0170,0.0000,0.0000,0.0552,0.9978,5.1640,-1.0906
57581366,0.0029,-0.0022,-0.0034,0.0180,0.0378,0.0105,-0.0105,-0.0014,-0.1292,0.1231,-0.0029,0.0188,0.0000,0.0000,0.0552,0.9978,5.1640,-1.0902
57586366,0.0031,-0.0021,-0.0052,0.0165,0.0365,0.0109,-0.0106,-0.0017,-0.1292,0.1232,-0.0047,0.0173,0.0000,0.0000,0.0552,0.9978,5.1640,-1.0900
57591365,0.0031,-0.0019,-0.0034,0.0165,0.0301,0.0116,-0.0101,-0.0027,-0.1292,0.1233,-0.0029,0.0173,0.0000,0.0000,0.0552,0.9978,5.1640,-1.0897
57596365,0.0030,-0.0017,-0.0058,0.0159,0.0237,0.0108,-0.0090,-0.0028,-0.1293,0.1234,-0.0053,0.0167,0.0000,0.0000,0.0552,0.9978,5.1640,-1.0894
57601365,0.0029,-0.0017,-0.0073,0.0122,0.0139,0.0099,-0.0092,-0.0013,-0.1293,0.1235,-0.0069,0.0130,0.0000,0.0000,0.0552,0.9978,5.1640,-1.0891
57606366,0.0027,-0.0018,-0.0070,0.0110,-0.0016,0.0094,-0.0091,-0.0003,-0.1293,0.1235,-0.0066,0.0118,0.0000,0.0000,0.0552,0.9978,5.1640,-1.0889
57611366,0.0025,-0.0019,-0.0043,0.0098,-0.0401,0.0097,-0.0090,0.0008,-0.1294,0.1236,-0.0038,0.0106,0.0000,0.0000,0.0552,0.9978,5.1640,-1.0886
57616365,0.0023,-0.0019,0.0012,0.0113,-0.0557,0.0103,-0.0089,0.0007,-0.1294,0.1236,0.0017,0.0121,0.0000,0.0000,0.0552,0.9978,5.1640,-1.0883
57621366,0.0022,-0.0019,0.0034,0.0101,-0.0618,0.0102,-0.0089,0.0011,-0.1293,0.1237,0.0038,0.0109,0.0000,0.0000,0.0552,0.9978,5.1640,-1.0880
57626366,0.0021,-0.0018,0.0076,0.0055,-0.0630,0.0107,-0.0096,0.0013,-0.1293,0.1237,0.0081,0.0063,0.0000,0.0000,0.0552,0.9978,5.1640,-1.0878
57631366,0.0020,-0.0018,0.0076,0.0037,-0.0667,0.0103,-0.0094,0.0016,-0.1293,0.1237,0.0081,0.0045,0.0000,0.0000,0.0552,0.9978,5.1640,-1.0875
57636366,0.0019,-0.0017,0.0073,0.0012,-0.0765,0.0102,-0.0091,0.0019,-0.1292,0.1237,0.0078,0.0020,0.0000,0.0000,0.0552,0.9978,5.1640,-1.0872
57641366,0.0019,-0.0019,0.0104,-0.0012,-0.0914,0.0109,-0.0105,0.0031,-0.1292,0.1237,0.0109,-0.0004,0.0000,0.0000,0.0552,0.9978,5.1640,-1.0869
57646366,0.0018,-0.0021,0.0095,0.0018,-0.1012,0.0106,-0.0103,0.0036,-0.1291,0.1238,0.0099,0.0027,0.0000,0.0000,0.0552,0.9978,5.1640,-1.0867
57651366,0.0018,-0.0022,0.0140,0.0012,-0.1058,0.0111,-0.0109,0.0038,-0.1290,0.1238,0.0145,0.0020,0.0000,0.0000,0.0552,0.9978,5.1640,-1.0863
57656366,0.0017,-0.0022,0.0180,-0.0015,-0.1076,0.0117,-0.0115,0.0040,-0.1289,0.1238,0.0185,-0.0007,0.0000,0.0000,0.0552,0.9978,5.1640,-1.0861
57661366,0.0018,-0.0021,0.0205,-0.0052,-0.1134,0.0125,-0.0121,0.0040,-0.1288,0.1237,0.0209,-0.0044,0.0000,0.0000,0.0552,0.9978,5.1640,-1.0858
57666366,0.0021,-0.0021,0.0208,-0.0052,-0.1043,0.0137,-0.0129,0.0032,-0.1287,0.1237,0.0212,-0.0044,0.0000,0.0000,0.0552,0.9978,5.1640,-1.0856
57671366,0.0023,-0.0023,0.0186,-0.0015,-0.0954,0.0139,-0.0134,0.0032,-0.1286,0.1237,0.0191,-0.0007,0.0000,0.0000,0.0552,0.9978,5.1640,-1.0852
57676366,0.0025,-0.0025,0.0159,0.0027,-0.0936,0.0143,-0.0137,0.0030,-0.1286,0.1237,0.0164,0.0036,0.0000,0.0000,0.0552,0.9978,5.1640,-1.0850
57681366,0.0027,-0.0027,0.0150,0.0082,-0.1015,0.0151,-0.0137,0.0025,-0.1285,0.1238,0.0150,0.0082,0.0000,0.0000,0.0000,0.9978,5.1640,-1.0857
57686365,0.0030,-0.0028,0.0125,0.0110,-0.1043,0.0157,-0.0139,0.0022,-0.1284,0.1238,0.0125,0.0110,0.0000,0.0000,0.0000,0.9978,5.1640,-1.0857
57691366,0.0030,-0.0030,0.0092,0.0147,-0.1006,0.0151,-0.0137,0.0025,-0.1284,0.1239,0.0092,0.0147,0.0000,0.0000,0.0000,0.9978,5.1640,-1.0857
57696366,0.0029,-0.0029,0.0104,0.0144,-0.0924,0.0150,-0.0133,0.0019,-0.1283,0.1240,0.0104,0.0144,0.0000,0.0000,0.0000,0.9978,5.1640,-1.0857
57701366,0.0029,-0.0028,0.0110,0.0116,-0.0884,0.0148,-0.0133,0.0020,-0.1283,0.1240,0.0110,0.0116,0.0000,0.0000,0.0000,0.9978,5.1640,-1.0857
57706366,0.0028,-0.0027,0.0134,0.0095,-0.0918,0.0149,-0.0135,0.0021,-0.1282,0.1241,0.0134,0.0095,0.0000,0.0000,0.0000,0.9978,5.1640,-1.0857
57711365,0.0027,-0.0026,0.0189,0.0076,-0.0878,0.0157,-0.0141,0.0018,-0.1281,0.1241,0.0189,0.0076,0.0000,0.0000,0.0000,0.9978,5.1640,-1.0857
57716366,0.0027,-0.0026,0.0211,0.0064,-0.0844,0.0159,-0.0142,0.0015,-0.1280,0.1242,0.0211,0.0064,0.0000,0.0000,0.0000,0.9978,5.1640,-1.0857
57721366,0.0029,-0.0024,0.0247,0.0064,-0.0844,0.0176,-0.0145,0.0001,-0.1279,0.1242,0.0247,0.0064,0.0000,0.0000,0.0000,0.9978,5.1640,-1.0857
57726366,0.0032,-0.0024,0.0223,0.0034,-0.0884,0.0184,-0.0151,0.0001,-0.1278,0.1242,0.0223,0.0034,0.0000,0.0000,0.0000,0.9978,5.1640,-1.0857
57731366,0.0036,-0.0024,0.0229,0.0012,-0.0890,0.0199,-0.0165,-0.0001,-0.1276,0.1242,0.0229,0.0012,0.0000,0.0000,0.0000,0.9978,5.1640,-1.0857
57736366,0.0038,-0.0026,0.0177,0.0015,-0.0798,0.0197,-0.0173,0.0006,-0.1276,0.1242,0.0177,0.0015,0.0000,0.0000,0.0000,0.9978,5.1640,-1.0857
57741366,0.0040,-0.0029,0.0153,0.0015,-0.0750,0.0200,-0.0183,0.0011,-0.1275,0.1242,0.0153,0.0015,0.0000,0.0000,0.0000,0.9978,5.1640,-1.0857
57746366,0.0041,-0.0031,0.0131,0.0046,-0.0753,0.0201,-0.0187,0.0014,-0.1274,0.1242,0.0131,0.0046,0.0000,0.0000,0.0000,0.9978,5.1640,-1.0857
57751366,0.0043,-0.0033,0.0140,0.0073,-0.0750,0.0207,-0.0193,0.0014,-0.1273,0.1243,0.0140,0.0073,0.0000,0.0000,0.0000,0.9978,5.1640,-1.0857
57756366,0.0043,-0.0035,0.0116,0.0113,-0.0704,0.0204,-0.0193,0.0015,-0.1273,0.1243,0.0116,0.0113,0.0000,0.0000,0.0000,0.9978,5.1640,-1.0857
57761366,0.0043,-0.0037,0.0140,0.0119,-0.0676,0.0207,-0.0198,0.0018,-0.1272,0.1244,0.0140,0.0119,0.0000,0.0000,0.0000,0.9978,5.1640,-1.0857
57766366,0.0042,-0.0037,0.0137,0.0150,-0.0664,0.0202,-0.0193,0.0016,-0.1271,0.1245,0.0137,0.0150,0.0000,0.0000,0.0000,0.9978,5.1640,-1.0857
57771366,0.0041,-0.0038,0.0159,0.0153,-0.0658,0.0204,-0.0196,0.0018,-0.1271,0.1245,0.0159,0.0153,0.0000,0.0000,0.0000,0.9978,5.1640,-1.0857
57776366,0.0041,-0.0039,0.0171,0.0171,-0.0630,0.0203,-0.0197,0.0018,-0.1270,0.1246,0.0161,0.0171,0.0563,0.0000,0.0000,0.9990,5.1640,-1.0857
57781366,0.0043,-0.0040,0.0174,0.0165,-0.0612,0.0214,-0.0208,0.0018,-0.1269,0.1247,0.0164,0.0165,0.0563,0.0000,0.0000,0.9994,5.1640,-1.0857
57786366,0.0042,-0.0040,0.0195,0.0180,-0.0566,0.0214,-0.0206,0.0013,-0.1268,0.1248,0.0186,0.0180,0.0563,0.0000,0.0000,0.9996,5.1640,-1.0857
57791366,0.0045,-0.0038,0.0189,0.0171,-0.0539,0.0222,-0.0205,0.0004,-0.1267,0.1249,0.0180,0.0171,0.0563,0.0000,0.0000,0.9999,5.1640,-1.0857
57796366,0.0047,-0.0036,0.0174,0.0162,-0.0496,0.0228,-0.0204,-0.0005,-0.1266,0.1250,0.0164,0.0162,0.0563,0.0000,0.0000,1.0001,5.1640,-1.0857
57801366,0.0050,-0.0036,0.0140,0.0159,-0.0459,0.0233,-0.0206,-0.0010,-0.1266,0.1251,0.0131,0.0159,0.0563,0.0000,0.0000,1.0005,5.1640,-1.0857
57806366,0.0052,-0.0037,0.0125,0.0171,-0.0426,0.0238,-0.0212,-0.0010,-0.1265,0.1251,0.0116,0.0171,0.0563,0.0000,0.0000,1.0007,5.1640,-1.0857
57811366,0.0053,-0.0039,0.0098,0.0205,-0.0414,0.0238,-0.0212,-0.0010,-0.1265,0.1252,0.0088,0.0205,0.0563,0.0000,0.0000,1.0010,5.1640,-1.0857
57816366,0.0056,-0.0040,0.0058,0.0214,-0.0392,0.0238,-0.0214,-0.0010,-0.1265,0.1253,0.0048,0.0214,0.0563,0.0000,0.0000,1.0013,5.1640,-1.0857
57821366,0.0058,-0.0040,0.0034,0.0232,-0.0389,0.0242,-0.0215,-0.0012,-0.1264,0.1255,0.0024,0.0232,0.0563,0.0000,0.0000,1.0016,5.1640,-1.0857
57826366,0.0059,-0.0041,0.0037,0.0266,-0.0374,0.0249,-0.0216,-0.0018,-0.1264,0.1256,0.0027,0.0266,0.0563,0.0000,0.0000,1.0018,5.1640,-1.0857
57831366,0.0058,-0.0042,0.0027,0.0287,-0.0362,0.0243,-0.0212,-0.0017,-0.1264,0.1257,0.0018,0.0287,0.0563,0.0000,0.0000,1.0022,5.1640,-1.0857
57836366,0.0057,-0.0042,0.0021,0.0308,-0.0371,0.0237,-0.0206,-0.0017,-0.1264,0.1259,0.0012,0.0308,0.0563,0.0000,0.0000,1.0024,5.1640,-1.0857
57841365,0.0056,-0.0042,0.0034,0.0315,-0.0359,0.0233,-0.0202,-0.0018,-0.1264,0.1260,0.0024,0.0315,0.0563,0.0000,0.0000,1.0027,5.1640,-1.0857
57846365,0.0054,-0.0040,0.0058,0.0321,-0.0359,0.0232,-0.0195,-0.0024,-0.1264,0.1262,0.0048,0.0321,0.0563,0.0000,0.0000,1.0030,5.1640,-1.0857
57851366,0.0053,-0.0038,0.0128,0.0315,-0.0377,0.0242,-0.0195,-0.0033,-0.1263,0.1264,0.0119,0.0315,0.0563,0.0000,0.0000,1.0033,5.1640,-1.0857
57856366,0.0053,-0.0037,0.0180,0.0299,-0.0374,0.0250,-0.0195,-0.0040,-0.1262,0.1265,0.0170,0.0299,0.0563,0.0000,0.0000,1.0035,5.1640,-1.0857
57861365,0.0052,-0.0035,0.0229,0.0269,-0.0371,0.0259,-0.0198,-0.0046,-0.1261,0.1267,0.0219,0.0269,0.0563,0.0000,0.0000,1.0039,5.1640,-1.0857
57866365,0.0053,-0.0033,0.0272,0.0217,-0.0365,0.0267,-0.0205,-0.0048,-0.1260,0.1268,0.0262,0.0217,0.0563,0.0000,0.0000,1.0041,5.1640,-1.0857
57871365,0.0053,-0.0031,0.0302,0.0189,-0.0368,0.0276,-0.0207,-0.0054,-0.1258,0.1269,0.0293,0.0189,0.0563,0.0000,0.0000,1.0044,5.1640,-1.0857
57876366,0.0054,-0.0029,0.0342,0.0137,-0.0349,0.0288,-0.0216,-0.0059,-0.1257,0.1269,0.0332,0.0137,0.0563,0.0000,0.0000,1.0047,5.1640,-1.0857
57881366,0.0056,-0.0027,0.0354,0.0089,-0.0322,0.0297,-0.0223,-0.0062,-0.1255,0.1270,0.0345,0.0089,0.0563,0.0000,0.0000,1.0050,5.1640,-1.0857
57886366,0.0060,-0.0027,0.0342,0.0052,-0.0310,0.0309,-0.0233,-0.0065,-0.1253,0.1270,0.0332,0.0052,0.0563,0.0000,0.0000,1.0052,5.1640,-1.0857
57891366,0.0064,-0.0027,0.0318,0.0046,-0.0285,0.0320,-0.0242,-0.0067,-0.1252,0.1270,0.0308,0.0046,0.0563,0.0000,0.0000,1.0056,5.1640,-1.0857
57896366,0.0067,-0.0029,0.0296,0.0043,-0.0267,0.0330,-0.0253,-0.0066,-0.1250,0.1270,0.0287,0.0043,0.0563,0.0000,0.0000,1.0058,5.1640,-1.0857
57901366,0.0070,-0.0031,0.0260,0.0076,-0.0233,0.0331,-0.0256,-0.0066,-0.1249,0.1271,0.0250,0.0076,0.0563,0.0000,0.0000,1.0061,5.1640,-1.0857
57906366,0.0071,-0.0033,0.0241,0.0101,-0.0212,0.0331,-0.0260,-0.0063,-0.1248,0.1271,0.0232,0.0101,0.0563,0.0000,0.0000,1.0063,5.1640,-1.0857
57911366,0.0071,-0.0035,0.0226,0.0134,-0.0194,0.0332,-0.0261,-0.0063,-0.1247,0.1272,0.0216,0.0134,0.0563,0.0000,0.0000,1.0067,5.1640,-1.0857
57916365,0.0072,-0.0037,0.0235,0.0162,-0.0175,0.0337,-0.0266,-0.0065,-0.1246,0.1273,0.0225,0.0162,0.0563,0.0000,0.0000,1.0069,5.1640,-1.0857
57921366,0.0073,-0.0038,0.0238,0.0208,-0.0163,0.0342,-0.0266,-0.0070,-0.1245,0.1274,0.0229,0.0208,0.0563,0.0000,0.0000,1.0072,5.1640,-1.0857
57926365,0.0074,-0.0039,0.0250,0.0254,-0.0133,0.0347,-0.0266,-0.0076,-0.1243,0.1275,0.0241,0.0253,0.0563,0.0000,0.0000,1.0075,5.1640,-1.0857
57931365,0.0074,-0.0040,0.0257,0.0287,-0.0105,0.0349,-0.0264,-0.0081,-0.1242,0.1276,0.0247,0.0287,0.0563,0.0000,0.0000,1.0078,5.1640,-1.0857
57936366,0.0074,-0.0040,0.0250,0.0305,-0.0081,0.0346,-0.0258,-0.0085,-0.1241,0.1278,0.0241,0.0305,0.0563,0.0000,0.0000,1.0080,5.1640,-1.0857
57941366,0.0074,-0.0039,0.0293,0.0327,-0.0059,0.0353,-0.0256,-0.0095,-0.1240,0.1280,0.0283,0.0327,0.0563,0.0000,0.0000,1.0084,5.1640,-1.0857
57946366,0.0074,-0.0037,0.0287,0.0308,-0.0035,0.0350,-0.0253,-0.0096,-0.1238,0.1281,0.0277,0.0308,0.0563,0.0000,0.0000,1.0086,5.1640,-1.0857
57951366,0.0074,-0.0036,0.0275,0.0333,-0.0026,0.0347,-0.0241,-0.0105,-0.1237,0.1283,0.0265,0.0333,0.0563,0.0000,0.0000,1.0089,5.1640,-1.0857
57956366,0.0073,-0.0034,0.0305,0.0305,-0.0023,0.0336,-0.0235,-0.0101,-0.1237,0.1284,0.0073,0.0305,1.3488,0.0000,0.0000,1.0369,5.1640,-1.0857
57961366,0.0074,-0.0032,0.0336,0.0321,-0.0007,0.0335,-0.0225,-0.0110,-0.1236,0.1286,0.0011,0.0320,1.8874,0.0000,0.0000,1.0586,5.1640,-1.0857
57966366,0.0074,-0.0030,0.0394,0.0296,0.0051,0.0348,-0.0231,-0.0119,-0.1236,0.1287,0.0069,0.0295,1.8874,0.0000,0.0000,1.0661,5.1640,-1.0857
57971365,0.0078,-0.0030,0.0376,0.0287,0.0136,0.0360,-0.0238,-0.0128,-0.1236,0.1289,0.0050,0.0286,1.8874,0.0000,0.0000,1.0775,5.1640,-1.0857
57976365,0.0082,-0.0028,0.0324,0.0257,0.0191,0.0365,-0.0243,-0.0130,-0.1236,0.1290,-0.0002,0.0256,1.8874,0.0000,0.0000,1.0850,5.1640,-1.0857
57981366,0.0086,-0.0028,0.0275,0.0269,0.0283,0.0376,-0.0245,-0.0141,-0.1236,0.1292,0.0038,0.0268,1.3767,0.0000,0.0000,1.0845,5.1640,-1.0857
57986366,0.0088,-0.0028,0.0223,0.0373,0.0280,0.0379,-0.0231,-0.0159,-0.1236,0.1293,0.0026,0.0372,1.1446,0.0000,0.0000,1.0849,5.1640,-1.0857
57991365,0.0089,-0.0028,0.0140,0.0480,0.0243,0.0370,-0.0209,-0.0170,-0.1236,0.1296,-0.0025,0.0479,0.9589,0.0000,0.0000,1.0872,5.1640,-1.0857
57996366,0.0092,-0.0027,0.0043,0.0553,0.0237,0.0360,-0.0188,-0.0181,-0.1236,0.1299,-0.0123,0.0552,0.9589,0.0000,0.0000,1.0910,5.1640,-1.0857
58001366,0.0094,-0.0024,-0.0031,0.0611,0.0246,0.0354,-0.0165,-0.0198,-0.1237,0.1302,-0.0196,0.0610,0.9589,0.0000,0.0000,1.0967,5.1640,-1.0857
58006366,0.0095,-0.0021,-0.0159,0.0605,0.0323,0.0333,-0.0145,-0.0201,-0.1239,0.1305,-0.0324,0.0604,0.9589,0.0000,0.0000,1.1006,5.1640,-1.0857
58011366,0.0096,-0.0019,-0.0275,0.0571,0.0292,0.0304,-0.0127,-0.0188,-0.1242,0.1307,-0.0583,0.0570,1.7895,0.0000,0.0000,1.1239,5.1640,-1.0857
58016366,0.0094,-0.0015,-0.0363,0.0525,0.0292,0.0279,-0.0108,-0.0181,-0.1245,0.1310,-0.0672,0.0524,1.7895,0.0000,0.0000,1.1310,5.1640,-1.0857
58021366,0.0093,-0.0014,-0.0415,0.0467,0.0393,0.0266,-0.0112,-0.0169,-0.1249,0.1312,-0.0724,0.0466,1.7895,0.0000,0.0000,1.1418,5.1640,-1.0857
58026366,0.0093,-0.0011,-0.0486,0.0449,0.0426,0.0250,-0.0098,-0.0169,-0.1253,0.1315,-0.0794,0.0448,1.7895,0.0000,0.0000,1.1489,5.1640,-1.0857
58031366,0.0092,-0.0008,-0.0507,0.0333,0.0405,0.0241,-0.0102,-0.0155,-0.1257,0.1316,-0.0815,0.0332,1.7895,0.0000,0.0000,1.1597,5.1640,-1.0857
58036366,0.0090,-0.0006,-0.0568,0.0263,0.0350,0.0223,-0.0095,-0.0141,-0.1261,0.1318,-0.0895,0.0262,1.8965,0.0000,0.0000,1.1690,5.1640,-1.0857
58041366,0.0086,-0.0004,-0.0583,0.0205,0.0387,0.0200,-0.0089,-0.0126,-0.1266,0.1319,-0.0947,0.0204,2.1104,0.0000,0.0000,1.1858,5.1640,-1.0857
58046366,0.0082,-0.0004,-0.0528,0.0171,0.0408,0.0193,-0.0091,-0.0118,-0.1270,0.1319,-0.0892,0.0170,2.1104,0.0000,0.0000,1.1943,5.1640,-1.0857
58051366,0.0077,-0.0004,-0.0480,0.0131,0.0387,0.0186,-0.0092,-0.0109,-0.1275,0.1320,-0.0843,0.0130,2.1104,0.0000,0.0000,1.2069,5.1640,-1.0857
58056366,0.0074,-0.0003,-0.0421,0.0110,0.0368,0.0188,-0.0093,-0.0109,-0.1278,0.1321,-0.0728,0.0109,1.7813,0.0000,0.0000,1.2083,5.1640,-1.0857
58061366,0.0071,-0.0003,-0.0327,0.0092,0.0365,0.0199,-0.0102,-0.0111,-0.1281,0.1321,-0.0553,0.0091,1.3110,0.0000,0.0000,1.2082,5.1640,-1.0857
58066366,0.0068,-0.0003,-0.0220,0.0092,0.0341,0.0212,-0.0109,-0.0116,-0.1283,0.1322,-0.0405,0.0091,1.0759,0.0000,0.0000,1.2083,5.1640,-1.0857
58071366,0.0066,-0.0004,-0.0104,0.0122,0.0326,0.0229,-0.0114,-0.0128,-0.1284,0.1322,-0.0241,0.0122,0.7938,0.0000,0.0000,1.2083,5.1640,-1.0857
58076366,0.0064,-0.0004,0.0055,0.0147,0.0350,0.0256,-0.0126,-0.0144,-0.1285,0.1323,-0.0057,0.0146,0.6528,0.0000,0.0000,1.2084,5.1640,-1.0857
58081366,0.0065,-0.0004,0.0357,0.0202,0.0393,0.0315,-0.0146,-0.0184,-0.1283,0.1324,0.0261,0.0201,0.5587,0.0000,0.0000,1.2101,5.1640,-1.0857
58086366,0.0065,-0.0004,0.0452,0.0217,0.0439,0.0335,-0.0153,-0.0199,-0.1282,0.1325,0.0356,0.0217,0.5587,0.0000,0.0000,1.2123,5.1640,-1.0857
58091366,0.0066,-0.0004,0.0547,0.0217,0.0472,0.0358,-0.0167,-0.0210,-0.1279,0.1326,0.0451,0.0217,0.5587,0.0000,0.0000,1.2156,5.1640,-1.0857
58096366,0.0070,-0.0005,0.0568,0.0250,0.0509,0.0377,-0.0175,-0.0221,-0.1277,0.1327,0.0472,0.0250,0.5587,0.0000,0.0000,1.2179,5.1640,-1.0857
58101366,0.0075,-0.0005,0.0531,0.0257,0.0542,0.0389,-0.0180,-0.0230,-0.1275,0.1329,0.0435,0.0256,0.5587,0.0000,0.0000,1.2212,5.1640,-1.0857
58106366,0.0080,-0.0004,0.0455,0.0272,0.0594,0.0392,-0.0177,-0.0238,-0.1273,0.1330,0.0359,0.0272,0.5587,0.0000,0.0000,1.2235,5.1640,-1.0857
58111366,0.0084,-0.0004,0.0336,0.0266,0.0573,0.0374,-0.0167,-0.0229,-0.1272,0.1331,0.0094,0.0265,1.4039,0.0000,0.0000,1.2445,5.1640,-1.0857
58116366,0.0087,-0.0003,0.0202,0.0272,0.0576,0.0359,-0.0157,-0.0224,-0.1273,0.1333,-0.0079,0.0271,1.6292,0.0000,0.0000,1.2554,5.1640,-1.0857
58121366,0.0090,-0.0003,0.0098,0.0278,0.0567,0.0350,-0.0151,-0.0221,-0.1274,0.1334,-0.0183,0.0277,1.6292,0.0000,0.0000,1.2652,5.1640,-1.0857
58126365,0.0091,-0.0003,-0.0131,0.0305,0.0668,0.0311,-0.0127,-0.0209,-0.1276,0.1336,-0.0412,0.0305,1.6292,0.0000,0.0000,1.2717,5.1640,-1.0857
58131366,0.0092,-0.0003,-0.0293,0.0281,0.0808,0.0280,-0.0120,-0.0191,-0.1279,0.1337,-0.0574,0.0280,1.6292,0.0000,0.0000,1.2815,5.1640,-1.0857
58136365,0.0091,-0.0003,-0.0290,0.0513,0.0949,0.0276,-0.0081,-0.0231,-0.1282,0.1340,-0.0571,0.0512,1.6292,0.0000,0.0000,1.2880,5.1640,-1.0857
58141366,0.0090,-0.0003,-0.0437,0.0476,0.0796,0.0241,-0.0068,-0.0204,-0.1285,0.1342,-0.0764,0.0475,1.8985,0.0000,0.0000,1.3038,5.1640,-1.0857
58146366,0.0090,-0.0001,-0.0476,0.0440,0.0787,0.0233,-0.0063,-0.0200,-0.1289,0.1344,-0.0803,0.0439,1.8985,0.0000,0.0000,1.3138,5.1640,-1.0857
58151365,0.0087,-0.0001,-0.0504,0.0565,0.0964,0.0217,-0.0037,-0.0217,-0.1294,0.1347,-0.0831,0.0564,1.8985,0.0000,0.0000,1.3228,5.1640,-1.0857
58156365,0.0085,-0.0001,-0.0513,0.0538,0.1129,0.0205,-0.0038,-0.0210,-0.1298,0.1350,-0.0840,0.0537,1.8985,0.0000,0.0000,1.3304,5.1640,-1.0857
58161365,0.0081,0.0002,-0.0510,0.0516,0.1135,0.0194,-0.0026,-0.0211,-0.1302,0.1352,-0.0781,0.0515,1.5735,0.0000,0.0000,1.3347,5.1640,-1.0857
58166366,0.0078,0.0005,-0.0452,0.0483,0.1043,0.0195,-0.0021,-0.0214,-0.1305,0.1355,-0.0675,0.0482,1.2950,0.0000,0.0000,1.3348,5.1640,-1.0857
58171366,0.0074,0.0006,-0.0357,0.0428,0.1166,0.0202,-0.0030,-0.0216,-0.1308,0.1357,-0.0524,0.0427,0.9700,0.0000,0.0000,1.3350,5.1640,-1.0857
58176365,0.0072,0.0007,-0.0086,0.0324,0.1248,0.0247,-0.0070,-0.0225,-0.1309,0.1358,-0.0221,0.0323,0.7843,0.0000,0.0000,1.3347,5.1640,-1.0857
58181366,0.0071,0.0008,0.0067,0.0324,0.1239,0.0270,-0.0077,-0.0241,-0.1309,0.1360,-0.0076,0.0323,0.8307,0.0000,0.0000,1.3406,5.1640,-1.0857
58186366,0.0070,0.0009,0.0244,0.0327,0.1242,0.0303,-0.0091,-0.0259,-0.1309,0.1362,0.0101,0.0326,0.8307,0.0000,0.0000,1.3439,5.1640,-1.0857
58191366,0.0071,0.0011,0.0391,0.0324,0.1306,0.0333,-0.0100,-0.0283,-0.1307,0.1363,0.0248,0.0323,0.8307,0.0000,0.0000,1.3489,5.1640,-1.0857
58196366,0.0076,0.0013,0.0461,0.0339,0.1395,0.0363,-0.0107,-0.0310,-0.1306,0.1365,0.0318,0.0339,0.8307,0.0000,0.0000,1.3522,5.1640,-1.0857
58201366,0.0080,0.0014,0.0464,0.0354,0.1382,0.0383,-0.0109,-0.0327,-0.1304,0.1367,0.0321,0.0354,0.8307,0.0000,0.0000,1.3572,5.1640,-1.0857
58206366,0.0085,0.0016,0.0421,0.0394,0.1388,0.0392,-0.0102,-0.0343,-0.1303,0.1369,0.0279,0.0394,0.8307,0.0000,0.0000,1.3605,5.1640,-1.0857
58211366,0.0088,0.0018,0.0305,0.0415,0.1422,0.0378,-0.0085,-0.0347,-0.1302,0.1371,0.0077,0.0415,1.3291,0.0000,0.0000,1.3772,5.1640,-1.0857
58216366,0.0091,0.0020,0.0156,0.0421,0.1361,0.0362,-0.0067,-0.0347,-0.1303,0.1373,-0.0073,0.0421,1.3291,0.0000,0.0000,1.3825,5.1640,-1.0857
58221366,0.0093,0.0022,-0.0220,0.0406,0.1285,0.0283,-0.0040,-0.0292,-0.1306,0.1373,-0.0606,0.0135,1.3291,0.0000,-1.8205,1.3905,5.1640,-1.1264
58226366,0.0092,0.0024,-0.0458,0.0425,0.1269,0.0237,-0.0007,-0.0279,-0.1310,0.1374,-0.0844,0.0153,1.3291,0.0000,-1.8205,1.3958,5.1640,-1.1323
58231366,0.0092,0.0026,-0.0638,0.0446,0.1282,0.0199,0.0021,-0.0269,-0.1315,0.1375,-0.1024,0.0175,1.3291,0.0000,-1.8205,1.4038,5.1640,-1.1446
58236366,0.0090,0.0027,-0.0849,0.0437,0.1196,0.0141,0.0055,-0.0243,-0.1322,0.1376,-0.1373,0.0165,2.1313,0.0000,-1.8205,1.4267,5.1640,-1.1505
58241366,0.0087,0.0029,-0.0990,0.0446,0.1056,0.0106,0.0083,-0.0229,-0.1330,0.1377,-0.1513,0.0174,2.1313,0.0000,-1.8205,1.4395,5.1640,-1.1628
58246366,0.0084,0.0030,-0.1087,0.0449,0.0946,0.0076,0.0106,-0.0218,-0.1338,0.1378,-0.1611,0.0177,2.1313,0.0000,-1.8205,1.4480,5.1640,-1.1687
58251366,0.0081,0.0031,-0.1093,0.0400,0.0949,0.0065,0.0109,-0.0211,-0.1346,0.1379,-0.1569,0.0183,2.0373,0.0000,-1.4534,1.4589,5.1640,-1.1728
58256366,0.0074,0.0032,-0.1008,0.0360,0.0955,0.0061,0.0109,-0.0206,-0.1353,0.1380,-0.1401,0.0175,1.6611,0.0000,-1.2436,1.4587,5.1640,-1.1729
58261366,0.0068,0.0031,-0.0874,0.0327,0.0820,0.0074,0.0102,-0.0208,-0.1358,0.1380,-0.1162,0.0196,1.2379,0.0000,-0.8766,1.4588,5.1640,-1.1726
58266366,0.0065,0.0031,-0.0437,0.0339,0.0503,0.0152,0.0072,-0.0244,-0.1362,0.1382,-0.0671,0.0232,1.0028,0.0000,-0.7193,1.4586,5.1640,-1.1721
58271366,0.0063,0.0032,-0.0208,0.0434,0.0564,0.0192,0.0070,-0.0283,-0.1364,0.1383,-0.0376,0.0358,0.7207,0.0000,-0.5095,1.4581,5.1640,-1.1721
58276365,0.0062,0.0032,0.0049,0.0550,0.0707,0.0239,0.0065,-0.0331,-0.1364,0.1386,-0.0098,0.0482,0.6267,0.0000,-0.4571,1.4590,5.1640,-1.1726
58281366,0.0063,0.0033,0.0217,0.0687,0.0778,0.0276,0.0073,-0.0379,-0.1363,0.1389,0.0116,0.0642,0.4386,0.0000,-0.2998,1.4583,5.1640,-1.1721
58286366,0.0065,0.0034,0.0382,0.0791,0.0793,0.0325,0.0059,-0.0415,-0.1361,0.1392,0.0401,0.0581,0.3445,1.1553,-0.2473,1.4581,5.1885,-1.1720
58291366,0.0068,0.0040,0.0544,0.0800,0.0805,0.0376,0.0047,-0.0454,-0.1358,0.1394,0.0650,0.0483,0.2505,1.9254,-0.1949,1.4581,5.2148,-1.1725
58296366,0.0073,0.0044,0.0577,0.0770,0.0784,0.0404,0.0042,-0.0476,-0.1355,0.1397,0.0696,0.0460,0.2035,1.9254,-0.1424,1.4582,5.2225,-1.1720
58301366,0.0078,0.0047,0.0577,0.0675,0.0713,0.0427,0.0028,-0.0482,-0.1351,0.1399,0.0709,0.0374,0.1565,1.9254,-0.0900,1.4584,5.2340,-1.1719
58306366,0.0083,0.0050,0.0489,0.0596,0.0659,0.0429,0.0025,-0.0479,-0.1348,0.1400,0.0620,0.0294,0.1565,1.9254,-0.0900,1.4590,5.2417,-1.1722
58311365,0.0087,0.0051,0.0296,0.0363,0.0735,0.0406,0.0003,-0.0437,-0.1346,0.1400,0.0418,0.0077,0.1094,1.7705,-0.1424,1.4587,5.2501,-1.1742
58316366,0.0088,0.0052,-0.0174,0.0241,0.0732,0.0319,0.0033,-0.0380,-0.1346,0.1400,-0.0079,0.0001,0.1094,1.4607,-0.1424,1.4591,5.2504,-1.1746
58321366,0.0089,0.0052,-0.0376,0.0113,0.0652,0.0277,0.0032,-0.0334,-0.1348,0.1400,-0.0358,-0.0153,0.1094,1.0993,-0.6795,1.4598,5.2508,-1.1867
58326366,0.0088,0.0052,-0.0632,0.0018,0.0588,0.0217,0.0039,-0.0279,-0.1352,0.1398,-0.0717,-0.0361,0.1094,0.8927,-1.6560,1.4602,5.2506,-1.2103
58331366,0.0086,0.0051,-0.0880,-0.0006,0.0625,0.0159,0.0064,-0.0247,-0.1357,0.1396,-0.0987,-0.0347,0.1094,0.6345,-1.6560,1.4609,5.2501,-1.2215
58336366,0.0083,0.0050,-0.1081,-0.0040,0.0747,0.0105,0.0080,-0.0214,-0.1363,0.1394,-0.1197,-0.0365,0.1094,0.5313,-1.6560,1.4613,5.2504,-1.2269
58341366,0.0079,0.0049,-0.1240,-0.0040,0.0781,0.0058,0.0099,-0.0186,-0.1370,0.1393,-0.1365,-0.0350,0.1094,0.4280,-1.6560,1.4620,5.2501,-1.2381
58346366,0.0074,0.0047,-0.1341,-0.0034,0.0619,0.0021,0.0116,-0.0161,-0.1377,0.1391,-0.1475,-0.0328,0.1094,0.3247,-1.6560,1.4624,5.2505,-1.2434
58351366,0.0069,0.0045,-0.1368,-0.0021,0.0454,-0.0004,0.0126,-0.0140,-0.1385,0.1389,-0.1535,-0.0342,0.1094,0.2214,-1.9329,1.4631,5.2501,-1.2616
58356366,0.0064,0.0044,-0.1326,0.0003,0.0500,-0.0016,0.0129,-0.0132,-0.1392,0.1388,-0.1492,-0.0318,0.1094,0.2214,-1.9329,1.4635,5.2510,-1.2684
58361366,0.0057,0.0043,-0.1084,0.0012,0.0512,0.0001,0.0121,-0.0142,-0.1398,0.1386,-0.1255,-0.0301,0.1094,0.1698,-1.9329,1.4642,5.2510,-1.2809
58366366,0.0051,0.0043,-0.0886,-0.0003,0.0457,0.0015,0.0112,-0.0145,-0.1404,0.1385,-0.1061,-0.0308,0.1094,0.1182,-1.9329,1.4646,5.2505,-1.2872
58371366,0.0046,0.0043,-0.0663,0.0040,0.0460,0.0039,0.0109,-0.0165,-0.1408,0.1383,-0.0829,-0.0235,0.1094,0.0665,-1.7761,1.4653,5.2501,-1.2970
58376366,0.0042,0.0043,-0.0464,0.0089,0.0509,0.0062,0.0106,-0.0188,-0.1411,0.1383,-0.0608,-0.0147,0.1094,0.0665,-1.5148,1.4657,5.2503,-1.2971
58381366,0.0039,0.0042,-0.0278,0.0134,0.0549,0.0088,0.0102,-0.0211,-0.1413,0.1382,-0.0386,-0.0039,0.1094,0.0665,-1.0967,1.4664,5.2507,-1.2975
58386366,0.0040,0.0041,-0.0128,0.0235,0.0527,0.0123,0.0100,-0.0243,-0.1414,0.1383,-0.0223,0.0085,0.1094,0.0665,-0.9399,1.4668,5.2510,-1.2976
58391366,0.0042,0.0042,-0.0009,0.0373,0.0429,0.0157,0.0114,-0.0288,-0.1414,0.1384,-0.0087,0.0272,0.1094,0.0000,-0.6786,1.4675,5.2500,-1.2976
58396366,0.0045,0.0044,0.0018,0.0476,0.0414,0.0173,0.0131,-0.0320,-0.1415,0.1386,-0.0050,0.0391,0.1094,0.0000,-0.5741,1.4679,5.2500,-1.2975
58401366,0.0047,0.0047,0.0031,0.0602,0.0432,0.0186,0.0157,-0.0359,-0.1415,0.1389,-0.0024,0.0540,0.1094,0.0000,-0.4173,1.4685,5.2500,-1.2976
58406366,0.0048,0.0051,-0.0180,0.0764,0.0381,0.0152,0.0217,-0.0383,-0.1416,0.1392,-0.0226,0.0717,0.1094,0.0000,-0.3128,1.4690,5.2500,-1.2967
58411366,0.0049,0.0055,-0.0342,0.0745,0.0313,0.0123,0.0245,-0.0379,-0.1418,0.1396,-0.0383,0.0706,0.1094,0.0000,-0.2605,1.4696,5.2500,-1.2975
58416366,0.0048,0.0059,-0.0498,0.0669,0.0301,0.0091,0.0263,-0.0365,-0.1420,0.1399,-0.0535,0.0638,0.1094,0.0000,-0.2082,1.4701,5.2500,-1.2972
58421366,0.0046,0.0063,-0.0644,0.0586,0.0292,0.0056,0.0281,-0.0348,-0.1424,0.1402,-0.0677,0.0563,0.1094,0.0000,-0.1560,1.4707,5.2500,-1.2973
58426366,0.0044,0.0066,-0.0727,0.0467,0.0277,0.0030,0.0287,-0.0328,-0.1428,0.1404,-0.0755,0.0452,0.1094,0.0000,-0.1037,1.4712,5.2500,-1.2967
58431366,0.0040,0.0069,-0.0748,0.0305,0.0277,0.0013,0.0279,-0.0303,-0.1431,0.1406,-0.0776,0.0290,0.1094,0.0000,-0.1037,1.4718,5.2500,-1.2974
58436366,0.0037,0.0071,-0.0742,0.0119,0.0301,0.0002,0.0261,-0.0274,-0.1435,0.1406,-0.0765,0.0111,0.1094,0.0000,-0.0515,1.4723,5.2500,-1.2967
58441366,0.0035,0.0072,-0.0712,-0.0076,0.0341,-0.0004,0.0234,-0.0243,-0.1439,0.1406,-0.0735,-0.0084,0.1094,0.0000,-0.0515,1.4729,5.2500,-1.2970
58446366,0.0032,0.0072,-0.0678,-0.0269,0.0384,-0.0008,0.0202,-0.0209,-0.1442,0.1404,-0.0706,-0.0284,0.1094,0.0000,-0.1037,1.4734,5.2500,-1.2983
58451366,0.0030,0.0070,-0.0657,-0.0596,0.0384,-0.0012,0.0143,-0.0146,-0.1446,0.1401,-0.0684,-0.0611,0.1094,0.0000,-0.1037,1.4740,5.2500,-1.2990
58456366,0.0028,0.0068,-0.0605,-0.0687,0.0365,-0.0009,0.0119,-0.0124,-0.1449,0.1398,-0.0633,-0.0703,0.1094,0.0000,-0.1037,1.4745,5.2500,-1.2993
58461366,0.0027,0.0062,-0.0544,-0.0715,0.0387,-0.0004,0.0090,-0.0101,-0.1452,0.1394,-0.0567,-0.0738,0.1094,0.0516,-0.1037,1.4750,5.2512,-1.3000
58466366,0.0025,0.0056,-0.0538,-0.0690,0.0420,-0.0010,0.0076,-0.0083,-0.1455,0.1391,-0.0561,-0.0713,0.1094,0.0516,-0.1037,1.4757,5.2515,-1.3003
58471366,0.0023,0.0051,-0.0547,-0.0596,0.0439,-0.0020,0.0077,-0.0074,-0.1457,0.1388,-0.0570,-0.0619,0.1094,0.0516,-0.1037,1.4761,5.2517,-1.3010
58476366,0.0021,0.0046,-0.0553,-0.0412,0.0423,-0.0030,0.0097,-0.0083,-0.1460,0.1385,-0.0576,-0.0436,0.1094,0.0516,-0.1037,1.4768,5.2520,-1.3014
58481366,0.0018,0.0042,-0.0574,-0.0220,0.0405,-0.0044,0.0124,-0.0095,-0.1463,0.1384,-0.0598,-0.0243,0.1094,0.0516,-0.1037,1.4772,5.2523,-1.3021
58486366,0.0016,0.0040,-0.0602,0.0037,0.0371,-0.0059,0.0166,-0.0121,-0.1466,0.1384,-0.0625,0.0013,0.1094,0.0516,-0.1037,1.4779,5.2526,-1.3024
58491366,0.0013,0.0039,-0.0626,0.0257,0.0396,-0.0074,0.0205,-0.0146,-0.1470,0.1385,-0.0649,0.0233,0.1094,0.0516,-0.1037,1.4783,5.2528,-1.3031
58496366,0.0011,0.0039,-0.0666,0.0605,0.0405,-0.0092,0.0273,-0.0197,-0.1473,0.1388,-0.0689,0.0582,0.1094,0.0516,-0.1037,1.4789,5.2531,-1.3035
58501366,0.0007,0.0044,-0.0718,0.0699,0.0408,-0.0115,0.0318,-0.0218,-0.1477,0.1392,-0.0741,0.0676,0.1094,0.0516,-0.1037,1.4794,5.2533,-1.3042
58506366,0.0004,0.0049,-0.0724,0.0684,0.0426,-0.0131,0.0340,-0.0225,-0.1481,0.1395,-0.0747,0.0661,0.1094,0.0516,-0.1037,1.4800,5.2536,-1.3045
58511365,0.0000,0.0053,-0.0727,0.0629,0.0475,-0.0147,0.0353,-0.0224,-0.1484,0.1398,-0.0750,0.0606,0.1094,0.0516,-0.1037,1.4805,5.2538,-1.3052
58516366,-0.0003,0.0057,-0.0690,0.0486,0.0536,-0.0155,0.0345,-0.0211,-0.1488,0.1400,-0.0714,0.0462,0.1094,0.0516,-0.1037,1.4811,5.2541,-1.3055
58521366,-0.0007,0.0060,-0.0632,0.0318,0.0570,-0.0158,0.0328,-0.0192,-0.1491,0.1402,-0.0656,0.0294,0.1094,0.0516,-0.1037,1.4816,5.2543,-1.3062
58526366,-0.0010,0.0062,-0.0583,0.0116,0.0665,-0.0161,0.0301,-0.0165,-0.1494,0.1402,-0.0607,0.0093,0.1094,0.0516,-0.1037,1.4822,5.2546,-1.3068
58531366,-0.0012,0.0063,-0.0513,-0.0073,0.0775,-0.0158,0.0270,-0.0141,-0.1497,0.1402,-0.0536,-0.0096,0.1094,0.0516,-0.1037,1.4827,5.2548,-1.3072
58536365,-0.0014,0.0063,-0.0510,-0.0226,0.0827,-0.0166,0.0248,-0.0114,-0.1500,0.1400,-0.0533,-0.0249,0.1094,0.0516,-0.1037,1.4833,5.2551,-1.3078
58541366,-0.0015,0.0063,-0.0531,-0.0367,0.0680,-0.0163,0.0209,-0.0072,-0.1502,0.1397,-0.0410,-0.0606,0.0000,1.5060,-0.1037,1.4819,5.2871,-1.3082
58546366,-0.0019,0.0058,-0.0574,-0.0434,0.0567,-0.0170,0.0187,-0.0040,-0.1503,0.1394,-0.0263,-0.0681,-1.0815,1.5545,-0.1037,1.4554,5.2974,-1.3088
58551366,-0.0023,0.0054,-0.0528,-0.0421,0.0613,-0.0177,0.0178,-0.0025,-0.1504,0.1391,-0.0217,-0.0669,-1.0815,1.5545,-0.1037,1.4511,5.3036,-1.3092
58556366,-0.0027,0.0051,-0.0480,-0.0382,0.0713,-0.0184,0.0175,-0.0018,-0.1505,0.1388,-0.0168,-0.0629,-1.0815,1.5545,-0.1037,1.4446,5.3129,-1.3099
58561366,-0.0030,0.0048,-0.0412,-0.0281,0.0784,-0.0187,0.0182,-0.0025,-0.1505,0.1385,-0.0101,-0.0528,-1.0815,1.5545,-0.1037,1.4402,5.3191,-1.3103
58566366,-0.0034,0.0045,-0.0391,-0.0223,0.0741,-0.0196,0.0187,-0.0020,-0.1506,0.1383,-0.0080,-0.0470,-1.0815,1.5545,-0.1037,1.4338,5.3285,-1.3109
58571366,-0.0037,0.0043,-0.0354,-0.0140,0.0597,-0.0195,0.0197,-0.0025,-0.1506,0.1381,0.0006,-0.0346,-1.5093,1.2749,-0.1037,1.4197,5.3284,-1.3113
58576366,-0.0040,0.0041,-0.0406,-0.0012,0.0423,-0.0219,0.0231,-0.0028,-0.1506,0.1380,-0.0075,-0.0168,-1.5093,0.9393,-0.1037,1.4107,5.3282,-1.3120
