Time_us,Roll,Pitch,GyroX,GyroY,GyroZ,T1,T2,T3,PhiX,PhiY,PhiDX,PhiDY,motor_vel_1,motor_vel_2,motor_vel_3,motor_pos_1,motor_pos_2,motor_pos_3
71670690,-0.0168,-0.1410,-0.0021,0.0568,0.0158,-0.0681,-0.2100,0.2100,-0.0000,0.0004,-0.0021,0.0568,0.0000,0.0000,0.0000,0.4227,9.0797,-2.0466
71672375,-0.0166,-0.1408,-0.0021,0.0568,0.0158,-0.0672,-0.2100,0.2100,-0.0000,0.0005,-0.0021,0.0568,0.0000,0.0000,0.0000,0.4227,9.0797,-2.0466
71676366,-0.0165,-0.1404,-0.0031,0.0538,0.0121,-0.0669,-0.2100,0.2100,-0.0000,0.0007,-0.0030,0.0538,0.0000,0.0000,0.0000,0.4227,9.0797,-2.0466
71681365,-0.0165,-0.1400,-0.0040,0.0583,0.0127,-0.0671,-0.2100,0.2100,-0.0000,0.0010,-0.0039,0.0583,0.0000,0.0000,0.0000,0.4227,9.0797,-2.0466
71686365,-0.0167,-0.1397,-0.0058,0.0538,0.0231,-0.0683,-0.2100,0.2100,-0.0001,0.0013,-0.0057,0.0538,0.0000,0.0000,0.0000,0.4227,9.0797,-2.0466
71691365,-0.0169,-0.1395,-0.0098,0.0498,0.0371,-0.0700,-0.2100,0.2100,-0.0001,0.0015,-0.0097,0.0498,0.0000,0.0000,0.0000,0.4227,9.0797,-2.0466
71696366,-0.0171,-0.1393,-0.0254,0.0302,0.0188,-0.0711,-0.2100,0.2100,-0.0001,0.0018,0.0101,0.0617,-1.1075,-0.0559,2.0491,0.3992,9.0784,-1.9997
71701365,-0.0172,-0.1391,0.0211,0.0565,-0.0643,-0.0601,-0.2100,0.2100,0.0003,0.0023,0.0749,0.1074,-2.2150,-0.7831,2.6349,0.3697,9.0630,-1.9794
71706366,-0.0171,-0.1389,0.0623,0.0874,-0.0887,-0.0503,-0.2100,0.2100,0.0009,0.0034,0.1293,0.2022,-3.2364,-3.2470,4.4685,0.3346,9.0019,-1.9215
71711366,-0.0166,-0.1383,0.1234,0.1607,-0.0737,-0.0375,-0.2100,0.2100,0.0019,0.0049,0.1834,0.3143,-3.2364,-4.9724,5.3511,0.3217,8.9515,-1.8851
71716366,-0.0158,-0.1372,0.1912,0.2550,-0.0380,-0.0212,-0.2100,0.2100,0.0032,0.0073,0.2581,0.4821,-3.9365,-7.7706,7.4831,0.2854,8.8576,-1.8044
71721366,-0.0148,-0.1358,0.2361,0.2819,0.0090,-0.0096,-0.2100,0.2100,0.0046,0.0101,0.2962,0.5604,-3.9365,-9.9172,8.7898,0.2697,8.7795,-1.7462
71726365,-0.0133,-0.1342,0.2779,0.2975,0.0234,0.0045,-0.2100,0.2100,0.0064,0.0134,0.3437,0.6548,-4.4999,-12.8246,11.1732,0.2325,8.6534,-1.6386
71731366,-0.0117,-0.1327,0.3228,0.2657,0.0115,0.0198,-0.2100,0.2100,0.0083,0.0168,0.3891,0.6745,-4.4999,-14.4927,12.9518,0.2145,8.5656,-1.5549
71736365,-0.0100,-0.1313,0.3317,0.2529,-0.0142,0.0287,-0.2100,0.2100,0.0103,0.0204,0.3972,0.7236,-4.3588,-16.4457,15.1442,0.1910,8.4335,-1.4273
71741366,-0.0081,-0.1301,0.3552,0.2810,-0.0743,0.0416,-0.2100,0.2100,0.0124,0.0243,0.4204,0.7813,-4.3053,-17.3763,16.1909,0.1746,8.3470,-1.3441
71746366,-0.0067,-0.1286,0.2728,0.3598,-0.0731,0.0303,-0.2100,0.2100,0.0140,0.0288,0.3218,0.8988,-3.1822,-18.4637,17.6925,0.1746,8.2173,-1.2125
71751366,-0.0054,-0.1267,0.2254,0.3922,-0.0774,0.0259,-0.2100,0.2100,0.0153,0.0336,0.2662,0.9531,-2.6474,-19.1319,18.4918,0.1736,8.1288,-1.1243
71756365,-0.0043,-0.1245,0.2056,0.4044,-0.1183,0.0260,-0.2100,0.2100,0.0165,0.0385,0.2361,0.9862,-1.9521,-19.7044,19.3175,0.1739,8.0013,-0.9945
71761366,-0.0036,-0.1225,0.1915,0.3977,-0.1568,0.0264,-0.2100,0.2100,0.0176,0.0434,0.2174,0.9894,-1.5778,-19.9118,19.7714,0.1744,7.9181,-0.9073
71766366,-0.0029,-0.1204,0.1768,0.3876,-0.1257,0.0256,-0.2100,0.2100,0.0186,0.0484,0.1968,0.9902,-1.1499,-20.1736,20.2389,0.1747,7.7927,-0.7780
71771366,-0.0020,-0.1185,0.1323,0.4203,-0.0496,0.0192,-0.2100,0.2100,0.0193,0.0535,0.1495,1.0275,-0.9360,-20.2737,20.4474,0.1747,7.7097,-0.6924
71776365,-0.0014,-0.1163,0.0898,0.4523,-0.0514,0.0135,-0.2100,0.2100,0.0198,0.0589,0.1047,1.0650,-0.7220,-20.3774,20.7043,0.1740,7.5855,-0.5638
71781366,-0.0011,-0.1140,0.0244,0.4954,-0.0875,0.0025,-0.2100,0.2100,0.0200,0.0644,0.0374,1.1104,-0.5616,-20.4259,20.8119,0.1746,7.5029,-0.4786
71786365,-0.0013,-0.1112,-0.0345,0.5232,-0.1467,-0.0090,-0.2100,0.2100,0.0199,0.0701,-0.0231,1.1396,-0.4546,-20.4746,20.8580,0.1737,7.3793,-0.3524
71791365,-0.0017,-0.1086,-0.0571,0.5186,-0.0679,-0.0164,-0.2100,0.2100,0.0197,0.0758,-0.0475,1.1365,-0.3477,-20.5305,20.9064,0.1743,7.2962,-0.2679
71796366,-0.0019,-0.1058,-0.0110,0.5412,0.0087,-0.0094,-0.2100,0.2100,0.0197,0.0816,-0.0039,1.1599,-0.2407,-20.5790,20.9064,0.1746,7.1718,-0.1424
71801366,-0.0020,-0.1031,0.0186,0.5834,0.0075,-0.0039,-0.2100,0.2100,0.0198,0.0876,0.0246,1.2019,-0.1872,-20.5749,20.8997,0.1747,7.0895,-0.0590
71806366,-0.0018,-0.1002,0.0464,0.6310,-0.0197,0.0022,-0.2029,0.2014,0.0200,0.0939,0.0504,1.2511,-0.1337,-20.6793,20.8997,0.1746,6.9635,0.0663
71811366,-0.0016,-0.0969,0.0751,0.6594,0.0277,0.0079,-0.1905,0.1815,0.0204,0.1003,0.0782,1.2793,-0.1337,-20.7280,20.8418,0.1741,6.8797,0.1488
71816366,-0.0011,-0.0933,0.0874,0.6906,0.0817,0.0113,-0.1755,0.1610,0.0209,0.1068,0.0893,1.3119,-0.0803,-20.7797,20.8871,0.1745,6.7543,0.2752
71821366,-0.0004,-0.0899,0.1057,0.7068,0.0365,0.0184,-0.1638,0.1440,0.0214,0.1135,0.1080,1.3273,-0.0803,-20.7280,20.8871,0.1742,6.6724,0.3587
71826367,0.0001,-0.0866,0.0736,0.7117,-0.0572,0.0153,-0.1482,0.1350,0.0218,0.1201,0.0765,1.3314,-0.0803,-20.6753,20.8871,0.1737,6.5493,0.4840
71831366,0.0004,-0.0830,0.0272,0.7486,-0.1205,0.0083,-0.1247,0.1210,0.0219,0.1270,0.0284,1.3691,0.0000,-20.7238,20.8871,0.1747,6.4655,0.5676
71836365,0.0004,-0.0791,-0.0241,0.8149,-0.0771,-0.0019,-0.0959,0.1008,0.0218,0.1341,-0.0219,1.4352,0.0000,-20.6647,20.9328,0.1747,6.3425,0.6940
71841366,-0.0000,-0.0750,-0.0464,0.8259,-0.1446,-0.0071,-0.0757,0.0883,0.0216,0.1414,-0.0445,1.4485,0.0000,-20.7691,20.9851,0.1747,6.2575,0.7790
71846366,-0.0004,-0.0708,-0.0489,0.8027,-0.2243,-0.0078,-0.0632,0.0796,0.0214,0.1485,-0.0470,1.4252,0.0000,-20.7661,20.9824,0.1747,6.1332,0.9049
71851366,-0.0006,-0.0666,-0.0302,0.8146,-0.1825,-0.0056,-0.0485,0.0611,0.0212,0.1557,-0.0279,1.4379,0.0000,-20.7661,21.0346,0.1747,6.0501,0.9900
71856366,-0.0008,-0.0627,-0.0128,0.8192,-0.0982,-0.0043,-0.0364,0.0445,0.0212,0.1629,-0.0110,1.4416,0.0000,-20.7596,20.9792,0.1747,5.9255,1.1148
71861365,-0.0009,-0.0586,0.0027,0.8580,-0.0698,-0.0022,-0.0174,0.0222,0.0212,0.1703,0.0042,1.4795,0.0000,-20.7555,20.9241,0.1747,5.8424,1.1974
71866366,-0.0010,-0.0543,0.0217,0.9029,-0.1147,0.0017,0.0042,-0.0015,0.0213,0.1779,0.0226,1.5252,0.0000,-20.8083,20.9241,0.1747,5.7165,1.3230
71871365,-0.0009,-0.0495,0.0473,0.9380,-0.1205,0.0071,0.0239,-0.0263,0.0215,0.1857,0.0478,1.5578,0.0000,-20.7533,20.8137,0.1747,5.6345,1.4043
71876365,-0.0005,-0.0446,0.0929,0.9591,-0.0359,0.0162,0.0376,-0.0524,0.0220,0.1936,0.0941,1.5694,0.0000,-20.3862,20.5400,0.1747,5.5187,1.5233
71881365,0.0000,-0.0398,0.1414,0.9453,-0.0294,0.0277,0.0451,-0.0716,0.0227,0.2013,0.1432,1.5424,0.0000,-19.9046,20.1349,0.1747,5.4474,1.5966
71886366,0.0009,-0.0351,0.2089,0.9533,-0.0578,0.0444,0.0535,-0.0957,0.0238,0.2089,0.2085,1.5265,0.0000,-19.2391,19.2025,0.1747,5.3430,1.6961
71891366,0.0020,-0.0305,0.2334,0.9737,-0.0304,0.0532,0.0663,-0.1184,0.0249,0.2165,0.2321,1.5214,0.0000,-18.4299,18.2985,0.1747,5.2839,1.7529
71896365,0.0033,-0.0256,0.2068,0.9978,-0.0047,0.0525,0.0837,-0.1360,0.0259,0.2240,0.2007,1.4945,0.0000,-17.0059,16.2960,0.1747,5.2065,1.8168
71901366,0.0044,-0.0206,0.1744,1.0110,-0.0472,0.0496,0.1028,-0.1506,0.0267,0.2313,0.1480,1.4653,1.1285,-15.6306,14.8350,0.1989,5.1692,1.8503
71906366,0.0053,-0.0154,0.1381,1.0281,-0.1446,0.0468,0.1225,-0.1638,0.0272,0.2384,0.1035,1.4175,1.5517,-13.5047,12.6114,0.2164,5.1239,1.8887
71911366,0.0060,-0.0103,0.1188,1.0162,-0.2313,0.0460,0.1371,-0.1742,0.0275,0.2452,0.0671,1.3541,2.5095,-11.8165,10.8461,0.2427,5.1069,1.9004
71916365,0.0065,-0.0054,0.1197,0.9646,-0.1904,0.0471,0.1391,-0.1789,0.0278,0.2513,0.0623,1.2252,2.7912,-9.2841,8.1982,0.2650,5.0941,1.9047
71921366,0.0070,-0.0008,0.0840,0.8836,-0.0203,0.0397,0.1385,-0.1773,0.0280,0.2568,0.0213,1.0927,3.0605,-7.5959,6.4329,0.2816,5.0940,1.8988
71926366,0.0076,0.0036,0.0803,0.8659,-0.1177,0.0410,0.1462,-0.1826,0.0279,0.2617,-0.0015,0.9857,3.7068,-5.0636,2.9726,0.3163,5.1065,1.8564
71931366,0.0077,0.0074,-0.0250,0.7718,-0.0957,0.0202,0.1492,-0.1657,0.0274,0.2658,-0.1152,0.8243,4.1710,-2.8319,0.6924,0.3414,5.1353,1.8183
71936365,0.0072,0.0110,-0.0950,0.6985,0.0103,0.0027,0.1514,-0.1545,0.0264,0.2692,-0.1959,0.6773,4.6694,-0.4933,-1.9084,0.3769,5.1719,1.7632
71941366,0.0069,0.0141,-0.0489,0.5886,0.0219,0.0105,0.1367,-0.1481,0.0257,0.2718,-0.1471,0.5228,4.6694,1.1553,-3.2493,0.3956,5.2063,1.7262
71946366,0.0067,0.0164,-0.0305,0.4472,-0.0588,0.0130,0.1176,-0.1284,0.0249,0.2734,-0.1447,0.3204,5.3112,2.9109,-5.5788,0.4388,5.2520,1.6529
71951366,0.0068,0.0181,0.0040,0.3137,-0.1611,0.0211,0.0971,-0.1120,0.0244,0.2742,-0.1127,0.1534,5.5463,4.1229,-6.6161,0.4650,5.2904,1.6073
71956366,0.0069,0.0191,0.0058,0.1775,-0.1922,0.0216,0.0745,-0.0888,0.0238,0.2740,-0.1205,-0.0389,5.7716,5.6668,-8.8323,0.5030,5.3510,1.5164
71961366,0.0069,0.0198,-0.0214,0.1048,-0.0911,0.0153,0.0635,-0.0753,0.0230,0.2732,-0.1464,-0.1474,5.7716,6.9450,-9.9547,0.5261,5.4019,1.4566
71966366,0.0069,0.0201,-0.0388,0.0376,-0.0267,0.0102,0.0521,-0.0613,0.0222,0.2720,-0.1726,-0.2536,6.0948,8.0622,-11.4545,0.5683,5.4698,1.3618
71971366,0.0067,0.0200,-0.0464,-0.0339,-0.1367,0.0090,0.0407,-0.0445,0.0212,0.2702,-0.1857,-0.3561,6.2340,8.9306,-12.6696,0.5957,5.5215,1.2895
71976366,0.0066,0.0193,-0.0174,-0.1692,-0.2417,0.0153,0.0127,-0.0187,0.0204,0.2676,-0.1607,-0.5200,6.4002,9.8218,-13.6937,0.6368,5.5962,1.1899
71981366,0.0067,0.0181,0.0003,-0.2651,-0.1183,0.0172,-0.0119,-0.0007,0.0197,0.2644,-0.1456,-0.6345,6.4002,10.2967,-14.4674,0.6624,5.6461,1.1181
71986366,0.0068,0.0164,0.0034,-0.3690,-0.0691,0.0172,-0.0371,0.0225,0.0190,0.2607,-0.1466,-0.7528,6.6141,10.7601,-14.9737,0.7062,5.7187,1.0198
71991366,0.0069,0.0146,0.0250,-0.3980,-0.1363,0.0227,-0.0500,0.0326,0.0183,0.2567,-0.1272,-0.7859,6.6611,10.8117,-15.1952,0.7338,5.7628,0.9548
71996366,0.0069,0.0124,0.0037,-0.3726,-0.1593,0.0186,-0.0499,0.0375,0.0176,0.2530,-0.1519,-0.7487,6.7175,10.2785,-14.9328,0.7751,5.8154,0.8693
72001366,0.0071,0.0101,0.0089,-0.4212,-0.0322,0.0181,-0.0667,0.0498,0.0168,0.2491,-0.1524,-0.7719,6.7175,9.1039,-14.4085,0.8019,5.8314,0.8203
72006366,0.0072,0.0079,-0.0159,-0.4016,0.0539,0.0133,-0.0690,0.0536,0.0160,0.2455,-0.1679,-0.7320,6.4389,8.6818,-13.4663,0.8365,5.8774,0.7559
72011366,0.0071,0.0058,-0.0559,-0.4209,0.0014,0.0061,-0.0719,0.0658,0.0149,0.2419,-0.2087,-0.7053,6.4389,7.0991,-11.9711,0.8622,5.8773,0.7346
72016366,0.0067,0.0035,-0.1103,-0.4673,-0.1134,-0.0044,-0.0768,0.0855,0.0136,0.2384,-0.2601,-0.7031,6.0513,5.2526,-10.5600,0.8917,5.8773,0.6932
72021366,0.0061,0.0011,-0.1588,-0.5034,-0.0731,-0.0163,-0.0834,0.1025,0.0121,0.2349,-0.3025,-0.7001,6.0513,4.3030,-8.8877,0.9159,5.8774,0.6877
72026365,0.0050,-0.0015,-0.2349,-0.4746,0.0378,-0.0346,-0.0771,0.1102,0.0104,0.2318,-0.3545,-0.6175,5.3560,3.1951,-6.3791,0.9358,5.8775,0.6919
72031366,0.0038,-0.0039,-0.2731,-0.4212,0.0491,-0.0464,-0.0684,0.1129,0.0084,0.2292,-0.3834,-0.5304,5.3560,2.6147,-4.7068,0.9573,5.8775,0.7031
72036366,0.0024,-0.0059,-0.3018,-0.3763,-0.0016,-0.0554,-0.0595,0.1150,0.0065,0.2270,-0.3959,-0.4369,3.9924,0.5611,-3.5048,0.9581,5.8473,0.7026
72041366,0.0010,-0.0077,-0.3100,-0.3112,-0.0701,-0.0607,-0.0488,0.1121,0.0045,0.2253,-0.3889,-0.3382,3.2871,-0.3915,-2.1975,0.9586,5.8278,0.7167
72046366,-0.0005,-0.0094,-0.2886,-0.2728,-0.1260,-0.0601,-0.0431,0.1080,0.0028,0.2241,-0.3457,-0.2380,2.4407,-2.0399,0.2929,0.9587,5.7891,0.7607
72051366,-0.0020,-0.0108,-0.2789,-0.2422,-0.1712,-0.0621,-0.0393,0.1079,0.0012,0.2232,-0.3156,-0.1801,1.9705,-2.2432,1.9222,0.9582,5.7767,0.7975
72056366,-0.0033,-0.0120,-0.2804,-0.1875,-0.1632,-0.0652,-0.0304,0.1019,-0.0002,0.2228,-0.2811,-0.0870,0.1844,-3.2243,3.5171,0.9305,5.7389,0.8464
72061366,-0.0045,-0.0127,-0.2275,-0.0987,-0.1040,-0.0598,-0.0199,0.0837,-0.0013,0.2229,-0.2183,0.0333,-0.1604,-4.0495,4.8007,0.9225,5.7088,0.8890
72066366,-0.0056,-0.0130,-0.1921,-0.0229,-0.0188,-0.0558,-0.0101,0.0667,-0.0020,0.2236,-0.1490,0.1378,-1.3787,-4.2569,6.5163,0.8956,5.6797,0.9576
72071366,-0.0063,-0.0126,-0.1210,0.1203,-0.0560,-0.0430,0.0107,0.0344,-0.0023,0.2251,-0.0585,0.3022,-2.3201,-4.7924,7.4024,0.8686,5.6502,1.0027
72076366,-0.0066,-0.0120,-0.0379,0.1695,-0.0685,-0.0258,0.0143,0.0142,-0.0021,0.2270,0.0558,0.3725,-3.4807,-4.8452,8.7640,0.8274,5.6204,1.0776
72081366,-0.0066,-0.0109,0.0360,0.2367,-0.0267,-0.0109,0.0212,-0.0093,-0.0013,0.2292,0.1456,0.4446,-4.2347,-4.8452,9.0950,0.7977,5.6010,1.1194
72086366,-0.0062,-0.0097,0.1179,0.2752,-0.0982,0.0081,0.0238,-0.0282,-0.0002,0.2317,0.2345,0.4855,-4.2347,-4.5096,9.5928,0.7722,5.5789,1.1855
72091366,-0.0054,-0.0083,0.1875,0.3002,-0.1724,0.0268,0.0243,-0.0445,0.0015,0.2342,0.3205,0.5004,-4.6854,-3.6706,9.7496,0.7458,5.5793,1.2275
72096365,-0.0042,-0.0068,0.2428,0.3503,-0.0896,0.0412,0.0281,-0.0658,0.0033,0.2368,0.3763,0.5364,-4.6854,-3.1672,9.3065,0.7177,5.5696,1.2756
72101366,-0.0028,-0.0051,0.2972,0.3763,-0.0261,0.0551,0.0291,-0.0832,0.0054,0.2396,0.4138,0.5485,-4.1682,-3.1672,8.3789,0.7098,5.5569,1.2933
72106365,-0.0014,-0.0032,0.3167,0.3848,-0.0304,0.0628,0.0328,-0.0944,0.0074,0.2423,0.4086,0.5449,-3.0867,-3.1187,7.6140,0.7097,5.5389,1.3264
72111365,0.0003,-0.0011,0.3470,0.3995,-0.0426,0.0745,0.0348,-0.1077,0.0096,0.2449,0.4244,0.5270,-2.5224,-2.2983,6.2506,0.7097,5.5440,1.3268
72116366,0.0019,0.0007,0.3451,0.3543,-0.0349,0.0797,0.0270,-0.1054,0.0116,0.2471,0.4151,0.4267,-1.8641,-0.2288,4.6251,0.7097,5.5791,1.3267
72121366,0.0036,0.0022,0.2996,0.3002,0.0002,0.0764,0.0234,-0.0998,0.0134,0.2489,0.3572,0.3592,-1.5350,-0.1728,3.7861,0.7095,5.5794,1.3267
72126366,0.0051,0.0037,0.2642,0.2859,-0.0368,0.0720,0.0271,-0.0976,0.0148,0.2504,0.2674,0.3132,0.6198,-0.1169,1.7174,0.7490,5.5796,1.3026
72131365,0.0066,0.0052,0.2648,0.2752,-0.1388,0.0789,0.0280,-0.1016,0.0161,0.2519,0.2608,0.2901,0.6198,-0.1169,0.8874,0.7515,5.5791,1.2905
72136366,0.0075,0.0064,0.2028,0.2266,-0.2060,0.0680,0.0282,-0.0883,0.0168,0.2529,0.1519,0.2005,2.6124,0.5276,-1.2184,0.8005,5.5916,1.2468
72141365,0.0085,0.0073,0.1472,0.1677,-0.1156,0.0590,0.0223,-0.0769,0.0173,0.2535,0.0865,0.1116,3.7730,2.1103,-1.6364,0.8359,5.6286,1.2334
72146366,0.0090,0.0079,0.0699,0.0880,0.0335,0.0418,0.0147,-0.0579,0.0171,0.2535,-0.0236,0.0031,4.7144,2.1103,-3.5688,0.8796,5.6413,1.1788
72151366,0.0093,0.0080,0.0324,-0.0003,0.0387,0.0344,0.0033,-0.0392,0.0167,0.2530,-0.0797,-0.0965,5.4096,2.1103,-4.3289,0.9129,5.6497,1.1477
72156365,0.0091,0.0076,-0.0235,-0.0812,-0.0933,0.0228,-0.0037,-0.0155,0.0160,0.2520,-0.1583,-0.1890,6.3418,2.1103,-5.1012,0.9670,5.6624,1.1023
72161366,0.0087,0.0068,-0.0437,-0.1494,-0.0872,0.0158,-0.0150,0.0025,0.0150,0.2507,-0.1979,-0.2622,6.9052,1.7208,-5.8354,1.0043,5.6623,1.0651
72166365,0.0085,0.0060,-0.0183,-0.1329,0.0564,0.0166,-0.0185,-0.0003,0.0140,0.2495,-0.1902,-0.2486,7.3899,1.2827,-6.4701,1.0560,5.6625,1.0144
72171366,0.0084,0.0052,-0.0571,-0.1509,0.0396,0.0085,-0.0199,0.0099,0.0128,0.2481,-0.2365,-0.2696,7.4828,1.0393,-6.9131,1.0875,5.6623,0.9781
72176365,0.0080,0.0044,-0.1255,-0.1762,-0.1031,-0.0043,-0.0174,0.0257,0.0113,0.2467,-0.3019,-0.2874,7.3166,0.7959,-6.6518,1.1289,5.6629,0.9423
72181366,0.0073,0.0035,-0.1726,-0.2013,-0.1330,-0.0159,-0.0182,0.0392,0.0096,0.2452,-0.3502,-0.3102,7.3166,0.6499,-6.6518,1.1582,5.6628,0.9157
72186366,0.0061,0.0022,-0.1930,-0.2327,-0.0319,-0.0245,-0.0242,0.0500,0.0078,0.2435,-0.3552,-0.3251,6.7818,0.4552,-5.7316,1.1897,5.6622,0.8984
72191366,0.0049,0.0008,-0.2147,-0.2495,0.0353,-0.0338,-0.0287,0.0611,0.0059,0.2418,-0.3701,-0.3411,6.3586,0.4065,-5.7316,1.2081,5.6630,0.8754
72196366,0.0040,-0.0006,-0.2242,-0.2456,0.0176,-0.0371,-0.0278,0.0642,0.0042,0.2404,-0.3532,-0.2891,4.7129,-1.3189,-4.2421,1.2084,5.6255,0.8754
72201366,0.0030,-0.0018,-0.2416,-0.2294,-0.0453,-0.0424,-0.0246,0.0688,0.0024,0.2391,-0.3559,-0.2614,4.2427,-1.3189,-3.4698,1.2165,5.6202,0.8755
72206366,0.0020,-0.0030,-0.2462,-0.2196,0.0026,-0.0469,-0.0240,0.0708,0.0007,0.2379,-0.3474,-0.2290,4.2427,-1.3189,-1.9495,1.2419,5.6123,0.8885
72211366,0.0008,-0.0040,-0.2239,-0.1842,-0.0078,-0.0456,-0.0207,0.0666,-0.0008,0.2371,-0.2988,-0.1705,3.4908,-1.3189,-0.3997,1.2431,5.6070,0.9147
72216366,-0.0001,-0.0049,-0.1555,-0.1280,-0.1110,-0.0311,-0.0187,0.0541,-0.0018,0.2366,-0.1840,-0.1013,1.2338,-1.3189,0.4704,1.2123,5.5991,0.9311
72221366,-0.0008,-0.0054,-0.1139,-0.0562,-0.1855,-0.0241,-0.0089,0.0401,-0.0024,0.2366,-0.1342,-0.0030,0.8576,-2.1020,1.4633,1.2086,5.5774,0.9556
72226365,-0.0013,-0.0058,-0.1112,-0.0272,-0.1614,-0.0249,-0.0045,0.0355,-0.0030,0.2368,-0.1165,0.0417,0.5155,-2.1020,2.5155,1.2062,5.5648,0.9866
72231366,-0.0017,-0.0056,-0.0977,-0.0024,-0.0215,-0.0233,-0.0029,0.0270,-0.0034,0.2371,-0.0715,0.0738,-1.0696,-2.1020,3.0140,1.1729,5.5564,1.0083
72236365,-0.0022,-0.0055,-0.0718,0.0638,0.0991,-0.0211,0.0061,0.0111,-0.0035,0.2379,-0.0367,0.1554,-1.0696,-2.1020,4.0392,1.1665,5.5438,1.0504
72241366,-0.0024,-0.0052,-0.0315,0.1100,0.0167,-0.0127,0.0128,-0.0007,-0.0035,0.2389,0.0098,0.2080,-1.0696,-1.9566,4.6161,1.1622,5.5384,1.0785
72246365,-0.0024,-0.0045,0.0379,0.1735,-0.1119,0.0048,0.0189,-0.0194,-0.0030,0.2403,0.1095,0.2636,-2.5648,-1.4233,4.6161,1.1233,5.5390,1.1062
72251365,-0.0020,-0.0035,0.1063,0.2379,0.0503,0.0176,0.0234,-0.0429,-0.0021,0.2419,0.1800,0.3244,-2.5648,-1.1809,4.6161,1.1130,5.5386,1.1247
72256365,-0.0008,-0.0021,0.2615,0.2905,0.0109,0.0521,0.0195,-0.0720,-0.0004,0.2437,0.3306,0.3602,-2.5648,-0.8900,3.7886,1.0976,5.5384,1.1324
72261366,0.0006,-0.0007,0.3036,0.2740,-0.1150,0.0674,0.0162,-0.0792,0.0015,0.2454,0.3744,0.3408,-2.5648,-0.6961,3.7886,1.0874,5.5391,1.1476
72266365,0.0022,0.0007,0.3241,0.2477,-0.1409,0.0774,0.0116,-0.0836,0.0034,0.2469,0.3836,0.3073,-1.9612,-0.5022,3.4980,1.0856,5.5393,1.1643
72271366,0.0040,0.0019,0.3341,0.2245,-0.0188,0.0843,0.0043,-0.0879,0.0053,0.2482,0.3826,0.2559,-1.5898,0.1678,2.2763,1.0859,5.5510,1.1521
72276365,0.0057,0.0028,0.2859,0.1720,0.0640,0.0784,-0.0030,-0.0778,0.0068,0.2490,0.3057,0.1587,-0.1395,1.4543,0.5662,1.1079,5.5835,1.1247
72281366,0.0071,0.0036,0.2508,0.1478,0.0057,0.0772,-0.0027,-0.0747,0.0081,0.2497,0.2568,0.1328,0.6091,1.4543,0.4559,1.1252,5.5894,1.1245
72286365,0.0085,0.0043,0.2266,0.1469,-0.1082,0.0767,0.0004,-0.0729,0.0091,0.2502,0.1967,0.1048,1.7857,1.4543,-1.3634,1.1539,5.5981,1.0877
72291365,0.0096,0.0049,0.2523,0.1371,-0.1415,0.0845,-0.0034,-0.0756,0.0101,0.2506,0.1967,0.0814,2.8231,1.4543,-2.2747,1.1843,5.6039,1.0622
72296366,0.0106,0.0054,0.1805,0.0843,-0.0459,0.0711,-0.0062,-0.0631,0.0106,0.2507,0.0950,0.0169,4.1672,1.4543,-3.0559,1.2325,5.6126,1.0291
72301366,0.0110,0.0053,0.0391,-0.0235,-0.0139,0.0438,-0.0126,-0.0307,0.0102,0.2501,-0.0651,-0.1066,4.7306,1.4543,-4.1081,1.2623,5.6184,0.9930
72306366,0.0110,0.0050,-0.0464,-0.0638,-0.0511,0.0258,-0.0113,-0.0125,0.0094,0.2494,-0.1757,-0.1586,5.7929,1.4543,-4.8920,1.3154,5.6272,0.9520
72311366,0.0103,0.0044,-0.1103,-0.0855,-0.0753,0.0103,-0.0090,0.0016,0.0081,0.2485,-0.2535,-0.1800,6.3500,1.1905,-5.1342,1.3515,5.6272,0.9275
72316366,0.0095,0.0036,-0.1323,-0.1185,-0.0435,0.0013,-0.0133,0.0137,0.0066,0.2474,-0.2906,-0.2148,6.8483,0.8739,-5.5768,1.4019,5.6271,0.8858
72321366,0.0089,0.0032,-0.1313,-0.1151,0.0604,-0.0036,-0.0140,0.0153,0.0051,0.2463,-0.3022,-0.2140,7.3297,0.7157,-5.9078,1.4403,5.6271,0.8557
72326366,0.0083,0.0026,-0.1521,-0.1155,0.0775,-0.0098,-0.0129,0.0197,0.0035,0.2453,-0.3220,-0.2065,7.3767,0.5574,-5.5408,1.4854,5.6277,0.8278
72331366,0.0075,0.0019,-0.2043,-0.1460,-0.0096,-0.0205,-0.0122,0.0331,0.0017,0.2442,-0.3539,-0.2206,6.6442,0.4519,-4.5444,1.4994,5.6276,0.8275
72336366,0.0064,0.0012,-0.2673,-0.1576,-0.0435,-0.0367,-0.0077,0.0461,-0.0003,0.2430,-0.4164,-0.2283,6.6442,0.3464,-4.3871,1.5393,5.6277,0.8043
72341365,0.0048,0.0001,-0.2917,-0.1811,0.0054,-0.0472,-0.0108,0.0577,-0.0025,0.2418,-0.4258,-0.2465,5.8364,0.2408,-4.1430,1.5487,5.6268,0.7917
72346366,0.0032,-0.0009,-0.2804,-0.1735,0.0255,-0.0489,-0.0112,0.0591,-0.0044,0.2407,-0.3797,-0.2221,4.3285,0.1881,-3.0689,1.5488,5.6271,0.7916
72351365,0.0019,-0.0019,-0.2572,-0.1579,-0.0572,-0.0472,-0.0105,0.0599,-0.0060,0.2397,-0.3352,-0.1921,3.5207,0.1353,-2.1539,1.5484,5.6268,0.7989
72356365,0.0010,-0.0026,-0.2233,-0.1115,-0.0688,-0.0417,-0.0058,0.0502,-0.0074,0.2391,-0.2706,-0.1198,2.6052,0.1353,-0.4235,1.5484,5.6276,0.8273
72361365,-0.0000,-0.0031,-0.1689,-0.0648,-0.0392,-0.0349,-0.0036,0.0400,-0.0084,0.2388,-0.2075,-0.0707,2.1205,0.0826,-0.3186,1.5482,5.6270,0.8279
72366365,-0.0009,-0.0035,-0.1423,-0.0660,-0.0313,-0.0322,-0.0061,0.0395,-0.0093,0.2385,-0.1651,-0.0606,1.5820,0.0826,0.4413,1.5486,5.6275,0.8421
72371366,-0.0015,-0.0039,-0.0932,-0.0559,-0.0404,-0.0235,-0.0083,0.0334,-0.0097,0.2383,-0.0946,-0.0283,1.0873,0.0826,1.9308,1.5444,5.6278,0.8770
72376365,-0.0019,-0.0041,-0.0562,-0.0507,-0.0160,-0.0152,-0.0124,0.0282,-0.0098,0.2383,-0.0141,-0.0147,-1.2395,0.0000,2.4151,1.4969,5.6268,0.8985
72381366,-0.0021,-0.0044,-0.0177,-0.0162,0.0466,-0.0087,-0.0116,0.0185,-0.0097,0.2384,0.0298,0.0292,-1.2395,0.0000,3.0447,1.4919,5.6268,0.9227
72386366,-0.0020,-0.0045,0.0385,0.0232,0.0484,0.0027,-0.0108,0.0063,-0.0092,0.2388,0.0887,0.0733,-1.2395,0.0000,3.3583,1.4845,5.6268,0.9474
72391366,-0.0017,-0.0044,0.0858,0.0684,0.0191,0.0135,-0.0074,-0.0068,-0.0085,0.2394,0.1378,0.1216,-1.2395,0.0000,3.5673,1.4795,5.6268,0.9658
72396366,-0.0005,-0.0037,0.2563,0.1805,0.0075,0.0521,-0.0053,-0.0470,-0.0069,0.2405,0.3229,0.2337,-2.0859,0.0000,3.5673,1.4516,5.6268,0.9872
72401366,0.0009,-0.0029,0.3042,0.2065,-0.0065,0.0673,-0.0058,-0.0613,-0.0051,0.2418,0.3694,0.2572,-2.0859,0.0000,3.4012,1.4433,5.6268,0.9980
72406366,0.0028,-0.0018,0.3283,0.2217,-0.0184,0.0773,-0.0050,-0.0715,-0.0032,0.2431,0.3640,0.2592,-0.8164,0.0000,2.5151,1.4592,5.6268,0.9981
72411366,0.0046,-0.0008,0.3207,0.2330,-0.0294,0.0825,-0.0027,-0.0787,-0.0015,0.2444,0.3502,0.2639,-0.6753,0.0000,2.0721,1.4591,5.6268,0.9984
72416365,0.0062,0.0002,0.2834,0.2358,-0.0111,0.0810,0.0011,-0.0816,0.0000,0.2457,0.3049,0.2584,-0.4872,0.0000,1.5183,1.4594,5.6268,0.9981
72421366,0.0076,0.0012,0.2419,0.2117,-0.0255,0.0765,0.0030,-0.0785,0.0012,0.2469,0.2309,0.2301,1.2594,0.0000,1.2414,1.4957,5.6268,0.9981
72426366,0.0089,0.0024,0.2340,0.2056,-0.0383,0.0785,0.0036,-0.0807,0.0022,0.2479,0.1993,0.2008,1.8593,0.0000,-0.3136,1.5164,5.6268,0.9710
72431366,0.0101,0.0035,0.2419,0.1949,-0.0010,0.0819,0.0023,-0.0842,0.0031,0.2488,0.1773,0.1768,3.1518,0.0000,-1.2020,1.5528,5.6268,0.9495
72436366,0.0112,0.0044,0.1894,0.1839,0.0573,0.0737,0.0052,-0.0811,0.0036,0.2495,0.0967,0.1449,4.0803,0.0000,-2.6065,1.5932,5.6268,0.9084
72441366,0.0116,0.0047,0.0296,0.0791,0.0466,0.0427,0.0035,-0.0480,0.0031,0.2496,-0.0878,0.0221,4.9109,0.0000,-3.8202,1.6274,5.6268,0.8710
72446366,0.0116,0.0051,-0.0538,0.0626,0.0909,0.0243,0.0096,-0.0373,0.0022,0.2496,-0.1927,-0.0062,5.7666,0.0000,-4.6068,1.6752,5.6268,0.8317
72451366,0.0112,0.0051,-0.1164,0.0235,0.0045,0.0107,0.0110,-0.0219,0.0008,0.2493,-0.2710,-0.0556,6.3309,0.0000,-5.3011,1.7100,5.6268,0.7984
72456366,0.0104,0.0049,-0.1338,-0.0107,-0.1174,0.0044,0.0093,-0.0092,-0.0007,0.2488,-0.3050,-0.1033,6.8380,0.0000,-6.2098,1.7590,5.6268,0.7464
72461366,0.0095,0.0049,-0.1506,-0.0165,-0.0624,-0.0031,0.0109,-0.0055,-0.0023,0.2482,-0.3218,-0.1091,6.8380,0.0000,-6.2098,1.7864,5.6268,0.7216
72466366,0.0090,0.0047,-0.1469,-0.0403,0.0567,-0.0064,0.0055,-0.0012,-0.0040,0.2476,-0.3241,-0.1368,7.0534,0.0000,-6.4711,1.8328,5.6268,0.6780
72471366,0.0083,0.0045,-0.1881,-0.0586,0.0637,-0.0167,0.0065,0.0077,-0.0057,0.2468,-0.3561,-0.1559,6.4963,0.0000,-6.5195,1.8483,5.6268,0.6511
72476365,0.0072,0.0041,-0.2489,-0.0702,-0.0294,-0.0300,0.0124,0.0187,-0.0077,0.2460,-0.3998,-0.1576,5.8318,0.0000,-5.8576,1.8732,5.6268,0.6258
72481365,0.0060,0.0036,-0.2859,-0.0858,-0.1128,-0.0394,0.0143,0.0294,-0.0098,0.2451,-0.4191,-0.1740,4.7796,0.0000,-5.9127,1.8733,5.6268,0.6011
72486366,0.0044,0.0031,-0.2877,-0.0806,0.0564,-0.0475,0.0149,0.0305,-0.0119,0.2443,-0.4093,-0.1602,4.3920,0.0000,-5.3359,1.8922,5.6268,0.5777
72491366,0.0030,0.0025,-0.2773,-0.0852,0.0142,-0.0504,0.0149,0.0349,-0.0138,0.2436,-0.3921,-0.1531,4.3920,0.0000,-4.5493,1.9098,5.6268,0.5774
72496365,0.0017,0.0022,-0.2666,-0.0828,-0.1024,-0.0490,0.0172,0.0358,-0.0156,0.2429,-0.3444,-0.1311,2.8969,0.0000,-3.2384,1.9038,5.6268,0.5775
72501365,0.0003,0.0018,-0.2443,-0.0858,-0.1437,-0.0470,0.0155,0.0370,-0.0170,0.2423,-0.2876,-0.1271,1.1249,0.0000,-2.7665,1.8765,5.6268,0.5772
72506366,-0.0008,0.0013,-0.1906,-0.0730,-0.0820,-0.0408,0.0125,0.0314,-0.0181,0.2418,-0.2194,-0.1025,0.6819,0.0000,-1.9799,1.8726,5.6268,0.5771
72511366,-0.0016,0.0009,-0.1329,-0.0443,-0.0169,-0.0330,0.0111,0.0226,-0.0189,0.2414,-0.1514,-0.0691,0.2462,0.0000,-1.6653,1.8663,5.6268,0.5775
72516366,-0.0021,0.0007,-0.0742,-0.0211,-0.0016,-0.0216,0.0084,0.0133,-0.0192,0.2412,-0.0625,-0.0397,-1.2535,0.0528,-1.1933,1.8321,5.6280,0.5774
72521366,-0.0023,0.0007,-0.0211,0.0189,-0.0090,-0.0118,0.0107,0.0014,-0.0192,0.2412,-0.0015,0.0043,-1.5766,0.0528,-0.9257,1.8205,5.6282,0.5792
72526366,-0.0024,0.0009,-0.0168,0.0140,-0.0188,-0.0085,0.0114,-0.0022,-0.0190,0.2414,0.0370,0.0330,-2.4383,0.0528,1.3240,1.7896,5.6285,0.6275
72531366,-0.0023,0.0009,0.0110,-0.0217,-0.0572,-0.0024,0.0033,0.0013,-0.0187,0.2414,0.0648,-0.0027,-2.4383,0.0528,1.3240,1.7798,5.6287,0.6318
72536366,-0.0018,0.0009,0.1466,0.0089,-0.0649,0.0266,-0.0062,-0.0179,-0.0176,0.2415,0.2082,0.0278,-2.8890,0.0528,1.3240,1.7578,5.6290,0.6407
72541366,-0.0007,0.0010,0.2367,0.0580,-0.0823,0.0488,-0.0084,-0.0373,-0.0161,0.2419,0.3041,0.0770,-3.2271,0.0528,1.3240,1.7359,5.6292,0.6450
72546367,0.0007,0.0013,0.2996,0.1020,-0.0362,0.0661,-0.0097,-0.0551,-0.0143,0.2425,0.3670,0.1210,-3.2271,0.0528,1.3240,1.7165,5.6295,0.6539
72551366,0.0027,0.0019,0.3415,0.1264,0.0423,0.0804,-0.0119,-0.0701,-0.0122,0.2432,0.4031,0.1470,-2.9449,-0.0528,1.3240,1.7095,5.6276,0.6582
72556367,0.0046,0.0027,0.3366,0.1408,0.0283,0.0862,-0.0097,-0.0776,-0.0103,0.2440,0.3844,0.1599,-2.1926,-0.0528,1.2271,1.7092,5.6273,0.6651
72561366,0.0062,0.0032,0.2914,0.1194,-0.0487,0.0835,-0.0089,-0.0727,-0.0087,0.2447,0.3154,0.1332,-0.9903,-0.0528,0.8679,1.7262,5.6271,0.6616
72566367,0.0076,0.0036,0.2178,0.0935,-0.0765,0.0722,-0.0073,-0.0619,-0.0077,0.2451,0.2049,0.0795,0.2254,-0.0528,-0.9930,1.7506,5.6267,0.6214
72571366,0.0089,0.0041,0.2159,0.1118,-0.0169,0.0754,-0.0055,-0.0693,-0.0068,0.2456,0.1919,0.0978,0.8716,-0.0528,-0.9930,1.7649,5.6265,0.6182
72576367,0.0101,0.0046,0.2101,0.1362,0.0573,0.0746,-0.0022,-0.0746,-0.0061,0.2461,0.1359,0.0979,2.9756,-0.0528,-2.6185,1.8189,5.6262,0.5741
72581366,0.0106,0.0052,0.1161,0.1494,-0.0233,0.0582,0.0106,-0.0679,-0.0060,0.2466,0.0238,0.0965,3.5327,-0.0528,-3.5950,1.8437,5.6260,0.5449
72586366,0.0111,0.0057,0.0507,0.1145,-0.0078,0.0453,0.0118,-0.0568,-0.0063,0.2468,-0.0681,0.0455,4.5295,-0.0528,-4.6829,1.8895,5.6257,0.4967
72591366,0.0110,0.0061,-0.0709,0.0754,0.0924,0.0188,0.0181,-0.0404,-0.0073,0.2468,-0.2071,0.0063,5.5456,-0.0528,-4.6829,1.9304,5.6255,0.4814
72596367,0.0105,0.0062,-0.1378,0.0202,0.0542,0.0034,0.0168,-0.0222,-0.0088,0.2465,-0.2896,-0.0605,6.0629,-0.0528,-5.4592,1.9758,5.6252,0.4313
72601366,0.0093,0.0060,-0.2083,-0.0089,-0.0536,-0.0145,0.0219,-0.0053,-0.0107,0.2460,-0.3721,-0.0967,6.5136,-0.0528,-5.9435,2.0100,5.6250,0.4026
72606366,0.0082,0.0059,-0.2001,0.0113,-0.0533,-0.0179,0.0259,-0.0060,-0.0125,0.2456,-0.3700,-0.0840,6.6213,-0.0528,-6.4400,2.0513,5.6246,0.3506
72611366,0.0073,0.0057,-0.1946,0.0131,0.0164,-0.0214,0.0260,-0.0052,-0.0143,0.2452,-0.3645,-0.0821,6.6213,-0.0528,-6.4400,2.0778,5.6244,0.3296
72616366,0.0064,0.0058,-0.2181,0.0104,0.0646,-0.0280,0.0284,-0.0029,-0.0161,0.2448,-0.3608,-0.0805,5.1821,-0.0528,-6.1507,2.0850,5.6241,0.2918
72621366,0.0053,0.0058,-0.2721,-0.0009,0.0084,-0.0417,0.0345,0.0069,-0.0182,0.2443,-0.4081,-0.0925,4.7643,-0.0528,-6.1995,2.0960,5.6239,0.2706
72626366,0.0038,0.0057,-0.3176,-0.0235,-0.1336,-0.0536,0.0403,0.0185,-0.0204,0.2438,-0.4435,-0.1011,4.6536,-0.0528,-5.2581,2.1224,5.6236,0.2492
72631366,0.0022,0.0055,-0.2984,-0.0336,-0.0359,-0.0566,0.0375,0.0204,-0.0224,0.2433,-0.4081,-0.1079,3.8229,-0.0528,-5.0365,2.1228,5.6234,0.2372
72636367,0.0008,0.0053,-0.2498,-0.0480,0.0713,-0.0515,0.0295,0.0193,-0.0240,0.2427,-0.3230,-0.1262,1.8284,0.2110,-5.0365,2.1005,5.6296,0.2032
72641366,-0.0003,0.0050,-0.1955,-0.0666,0.0720,-0.0434,0.0223,0.0184,-0.0253,0.2420,-0.2447,-0.1339,0.8070,0.2110,-4.3049,2.0848,5.6304,0.2026
72646367,-0.0010,0.0046,-0.1344,-0.1136,0.0078,-0.0323,0.0098,0.0222,-0.0261,0.2412,-0.1631,-0.1623,0.2443,0.2110,-3.0506,2.0776,5.6317,0.2030
72651366,-0.0016,0.0038,-0.0880,-0.1503,0.0051,-0.0235,-0.0027,0.0261,-0.0265,0.2402,-0.0880,-0.1919,-1.1848,0.2110,-2.5803,2.0472,5.6325,0.2032
72656366,-0.0020,0.0029,-0.0510,-0.1655,0.0952,-0.0178,-0.0139,0.0281,-0.0267,0.2391,-0.0330,-0.2166,-1.1848,1.5741,-1.8486,2.0401,5.6654,0.2029
72661366,-0.0021,0.0018,-0.0067,-0.1555,0.1129,-0.0079,-0.0209,0.0245,-0.0265,0.2381,0.0349,-0.2026,-2.4243,1.5741,-1.5873,2.0089,5.6717,0.2026
72666366,-0.0019,0.0010,0.0614,-0.1268,0.0155,0.0080,-0.0245,0.0160,-0.0259,0.2373,0.1139,-0.1669,-2.8187,1.5741,-1.1169,1.9843,5.6812,0.2030
72671366,-0.0014,0.0006,0.1246,-0.0528,-0.1336,0.0240,-0.0185,-0.0003,-0.0250,0.2368,0.1784,-0.0907,-2.8187,1.5741,-0.9601,1.9731,5.6890,0.2027
72676367,-0.0003,0.0002,0.2566,-0.0516,-0.1699,0.0565,-0.0329,-0.0170,-0.0234,0.2366,0.3387,-0.0544,-3.2889,1.5741,1.3845,1.9444,5.6953,0.2494
72681366,0.0012,-0.0002,0.2810,-0.0345,-0.1086,0.0666,-0.0377,-0.0248,-0.0215,0.2364,0.3631,-0.0373,-3.2889,1.5741,1.3845,1.9312,5.7048,0.2549
72686365,0.0029,-0.0003,0.2782,-0.0254,-0.0352,0.0707,-0.0400,-0.0294,-0.0198,0.2363,0.3479,-0.0241,-2.7006,1.2990,1.3845,1.9244,5.7050,0.2632
72691366,0.0044,-0.0004,0.2630,0.0031,0.0069,0.0714,-0.0345,-0.0371,-0.0183,0.2365,0.3056,0.0368,-2.2193,-0.8762,1.3845,1.9241,5.6626,0.2687
72696367,0.0057,-0.0005,0.2395,0.0440,-0.0163,0.0708,-0.0271,-0.0430,-0.0170,0.2368,0.2640,0.0777,-1.1737,-0.8762,1.3845,1.9339,5.6591,0.2770
72701366,0.0068,-0.0003,0.2196,0.0761,-0.0762,0.0702,-0.0195,-0.0477,-0.0159,0.2374,0.2171,0.1160,0.1881,-1.2983,1.3845,1.9593,5.6452,0.2826
72706366,0.0081,0.0000,0.2214,0.1133,-0.0191,0.0737,-0.0148,-0.0582,-0.0149,0.2382,0.2020,0.1545,0.4698,-2.0369,0.7199,1.9660,5.6230,0.2771
72711366,0.0092,0.0006,0.2413,0.1658,0.0713,0.0781,-0.0093,-0.0715,-0.0139,0.2391,0.1842,0.1855,1.9347,-2.0369,-0.7199,2.0044,5.6108,0.2479
72716366,0.0103,0.0015,0.1768,0.1619,0.0680,0.0685,-0.0010,-0.0700,-0.0135,0.2401,0.0967,0.1991,2.6887,-3.2115,-0.7199,2.0279,5.5777,0.2436
72721366,0.0108,0.0023,0.0470,0.1607,0.0634,0.0438,0.0139,-0.0602,-0.0137,0.2411,-0.0542,0.1978,3.9143,-3.2115,-0.7199,2.0727,5.5584,0.2407
72726365,0.0110,0.0032,-0.0137,0.2059,0.0866,0.0309,0.0291,-0.0633,-0.0144,0.2422,-0.1362,0.2189,4.3321,-3.2115,-2.3400,2.0982,5.5456,0.1977
72731365,0.0106,0.0042,-0.1011,0.2459,0.0292,0.0120,0.0481,-0.0612,-0.0156,0.2434,-0.2405,0.2336,5.0520,-2.6297,-3.4540,2.1416,5.5390,0.1642
72736366,0.0098,0.0054,-0.1988,0.2813,-0.0640,-0.0096,0.0695,-0.0574,-0.0174,0.2446,-0.3495,0.2479,5.4799,-2.1449,-4.3918,2.1706,5.5391,0.1236
72741366,0.0086,0.0069,-0.2767,0.2856,-0.0215,-0.0297,0.0841,-0.0535,-0.0195,0.2458,-0.4246,0.2441,5.5868,-1.6117,-4.3918,2.2062,5.5386,0.1060
72746366,0.0072,0.0083,-0.3204,0.2639,0.0390,-0.0444,0.0906,-0.0477,-0.0218,0.2469,-0.4652,0.2080,5.2107,-1.3208,-5.0735,2.2200,5.5386,0.0637
72751366,0.0055,0.0095,-0.3277,0.1985,-0.0059,-0.0513,0.0859,-0.0344,-0.0241,0.2474,-0.4623,0.1125,5.0416,0.1119,-5.6594,2.2478,5.5615,0.0301
72756366,0.0037,0.0101,-0.3280,0.1231,-0.0835,-0.0560,0.0782,-0.0189,-0.0263,0.2475,-0.4447,0.0163,4.1401,0.9509,-6.2132,2.2482,5.5812,-0.0166
72761366,0.0020,0.0106,-0.3122,0.0745,-0.1299,-0.0567,0.0712,-0.0095,-0.0283,0.2472,-0.3981,-0.0582,3.0696,2.5336,-6.3699,2.2483,5.6214,-0.0446
72766366,0.0010,0.0108,-0.2541,0.0333,0.0484,-0.0509,0.0576,-0.0086,-0.0299,0.2466,-0.3243,-0.1159,2.5062,3.4302,-6.5713,2.2482,5.6509,-0.0875
72771366,-0.0003,0.0108,-0.2428,-0.0260,0.1037,-0.0515,0.0459,0.0016,-0.0313,0.2457,-0.2719,-0.1907,0.6351,4.4735,-6.5713,2.2212,5.6951,-0.1204
72776365,-0.0013,0.0103,-0.1677,-0.1210,0.0790,-0.0392,0.0227,0.0134,-0.0322,0.2443,-0.1792,-0.2840,0.0000,4.8035,-6.1300,2.2086,5.7208,-0.1367
72781367,-0.0019,0.0092,-0.1112,-0.2294,0.0823,-0.0286,-0.0049,0.0304,-0.0327,0.2423,-0.0921,-0.4024,-1.3905,5.5265,-6.0776,2.1787,5.7666,-0.1724
72786366,-0.0022,0.0077,-0.0907,-0.3131,0.0808,-0.0245,-0.0253,0.0467,-0.0329,0.2399,-0.0555,-0.4748,-1.6045,5.8658,-4.9764,2.1680,5.7961,-0.1725
72791367,-0.0024,0.0058,-0.0910,-0.3531,0.0659,-0.0223,-0.0380,0.0578,-0.0330,0.2374,-0.0173,-0.4961,-3.1550,5.9218,-3.6654,2.1248,5.8325,-0.1721
72796366,-0.0028,0.0038,-0.0892,-0.3461,0.0695,-0.0232,-0.0428,0.0633,-0.0331,0.2350,-0.0091,-0.4796,-3.2103,5.9218,-3.0362,2.1108,5.8562,-0.1729
72801367,-0.0034,0.0019,-0.0779,-0.3546,0.0759,-0.0224,-0.0499,0.0694,-0.0330,0.2327,0.0151,-0.4663,-3.9067,5.2359,-2.2496,2.0752,5.8772,-0.1728
72806365,-0.0036,0.0002,-0.0098,-0.3338,0.0200,-0.0098,-0.0563,0.0653,-0.0326,0.2305,0.0786,-0.4251,-3.9067,4.2863,-1.8301,2.0596,5.8772,-0.1726
72811366,-0.0033,-0.0013,0.0785,-0.2584,-0.1547,0.0101,-0.0539,0.0497,-0.0318,0.2289,0.1619,-0.3253,-3.9067,3.1784,-1.3030,2.0361,5.8774,-0.1715
72816366,-0.0026,-0.0026,0.1420,-0.2245,-0.1397,0.0257,-0.0588,0.0385,-0.0306,0.2276,0.2355,-0.2567,-3.9067,2.5980,0.4413,2.0205,5.8773,-0.1380
72821367,-0.0018,-0.0035,0.1668,-0.1264,-0.0108,0.0320,-0.0500,0.0184,-0.0293,0.2269,0.2576,-0.1393,-3.7940,1.9122,1.0481,1.9993,5.8771,-0.1200
72826366,-0.0009,-0.0040,0.1881,-0.0373,0.0393,0.0378,-0.0385,-0.0008,-0.0280,0.2268,0.2635,-0.0204,-3.1179,0.6912,1.8231,1.9991,5.8587,-0.0996
72831367,0.0002,-0.0039,0.2361,0.0531,0.0045,0.0501,-0.0266,-0.0236,-0.0266,0.2273,0.2887,0.1015,-2.2728,-0.8390,2.4042,1.9999,5.8261,-0.0741
72836366,0.0014,-0.0035,0.2584,0.1329,0.0448,0.0578,-0.0158,-0.0437,-0.0251,0.2283,0.2980,0.1921,-1.8784,-1.5662,2.4042,1.9994,5.8076,-0.0644
72841367,0.0031,-0.0027,0.2920,0.1756,0.1673,0.0683,-0.0128,-0.0619,-0.0235,0.2295,0.3162,0.2464,-1.3713,-2.3419,2.4042,1.9998,5.7788,-0.0500
72846366,0.0048,-0.0017,0.3024,0.2053,0.1889,0.0758,-0.0079,-0.0751,-0.0219,0.2310,0.3115,0.2845,-1.1459,-3.2713,2.0384,1.9993,5.7498,-0.0483
72851367,0.0063,-0.0008,0.2593,0.2248,0.0115,0.0729,0.0028,-0.0761,-0.0208,0.2324,0.2340,0.2962,0.5924,-3.2713,1.5158,2.0305,5.7301,-0.0481
72856366,0.0075,0.0002,0.1949,0.2263,-0.2665,0.0675,0.0142,-0.0714,-0.0200,0.2339,0.1525,0.2938,1.4541,-3.2713,1.2545,2.0526,5.7170,-0.0478
72861366,0.0085,0.0015,0.1726,0.2978,-0.1544,0.0633,0.0292,-0.0866,-0.0195,0.2356,0.0938,0.3433,2.6611,-3.4364,-0.3875,2.0887,5.6935,-0.0770
72866366,0.0089,0.0031,0.1103,0.3170,0.0176,0.0496,0.0408,-0.0910,-0.0195,0.2374,0.0172,0.3560,3.2702,-3.4364,-0.8301,2.1119,5.6798,-0.0888
72871367,0.0094,0.0045,0.0455,0.2871,0.0625,0.0369,0.0447,-0.0839,-0.0198,0.2389,-0.0668,0.3001,3.7132,-3.2417,-2.3747,2.1428,5.6632,-0.1311
72876366,0.0095,0.0058,-0.0037,0.2492,0.0243,0.0270,0.0469,-0.0748,-0.0205,0.2401,-0.1370,0.2356,4.6224,-2.6575,-3.5808,2.1773,5.6631,-0.1664
72881366,0.0094,0.0072,-0.0696,0.2596,0.1373,0.0114,0.0568,-0.0734,-0.0215,0.2412,-0.2148,0.2150,4.9516,-1.9760,-4.9725,2.2120,5.6630,-0.2207
72886365,0.0088,0.0082,-0.1182,0.2584,0.1795,-0.0010,0.0642,-0.0701,-0.0229,0.2421,-0.2682,0.1940,4.9516,-1.5865,-5.9139,2.2318,5.6637,-0.2622
72891367,0.0081,0.0091,-0.1891,0.2205,0.0246,-0.0152,0.0681,-0.0538,-0.0246,0.2427,-0.3336,0.1083,5.1206,0.4951,-7.0369,2.2655,5.7005,-0.3232
72896365,0.0070,0.0102,-0.2214,0.1903,-0.0331,-0.0253,0.0720,-0.0455,-0.0264,0.2430,-0.3695,0.0639,5.1206,0.7702,-7.7136,2.2859,5.7089,-0.3660
72901367,0.0060,0.0110,-0.2272,0.1338,-0.0047,-0.0295,0.0653,-0.0356,-0.0282,0.2429,-0.3580,-0.0176,4.3128,1.8029,-8.3538,2.2991,5.7354,-0.4268
72906366,0.0048,0.0110,-0.2514,-0.0290,-0.1476,-0.0360,0.0432,-0.0015,-0.0300,0.2419,-0.3663,-0.1955,3.5050,2.4226,-8.7444,2.2985,5.7570,-0.4686
72911367,0.0035,0.0108,-0.2703,-0.0596,-0.1660,-0.0430,0.0399,0.0094,-0.0318,0.2407,-0.3628,-0.2476,2.5895,3.5376,-9.0766,2.2984,5.7987,-0.5288
72916365,0.0021,0.0105,-0.2370,-0.0770,-0.0398,-0.0423,0.0319,0.0119,-0.0334,0.2393,-0.3129,-0.2808,2.1048,4.5444,-9.1289,2.2982,5.8353,-0.5663
72921367,0.0010,0.0101,-0.2178,-0.1057,0.1104,-0.0438,0.0230,0.0166,-0.0348,0.2377,-0.2771,-0.3191,1.5662,5.2830,-9.0320,2.2985,5.8780,-0.6187
72926365,0.0001,0.0092,-0.1726,-0.2031,0.1187,-0.0381,0.0014,0.0322,-0.0359,0.2357,-0.2211,-0.4059,1.2970,5.2830,-8.3149,2.2988,5.8991,-0.6387
72931367,-0.0007,0.0078,-0.1576,-0.3021,0.0127,-0.0357,-0.0185,0.0537,-0.0368,0.2332,-0.1878,-0.4968,0.7485,5.5264,-7.5283,2.2945,5.9368,-0.6722
72936365,-0.0013,0.0061,-0.1200,-0.3751,-0.0261,-0.0267,-0.0392,0.0669,-0.0374,0.2304,-0.1057,-0.5519,-1.0705,5.6914,-6.1649,2.2579,5.9624,-0.6723
72941367,-0.0018,0.0038,-0.1243,-0.4133,0.0466,-0.0295,-0.0530,0.0807,-0.0379,0.2275,-0.0982,-0.5815,-1.4649,5.6914,-5.5881,2.2414,5.9966,-0.6949
72946366,-0.0023,0.0014,-0.1228,-0.4120,0.1340,-0.0325,-0.0597,0.0871,-0.0383,0.2247,-0.0956,-0.5606,-1.7470,4.8136,-5.1487,2.2298,6.0004,-0.7082
72951367,-0.0029,-0.0004,-0.0913,-0.3448,0.0683,-0.0269,-0.0540,0.0783,-0.0386,0.2224,-0.0489,-0.4553,-2.5934,3.5743,-3.8305,2.1983,6.0006,-0.7087
72956366,-0.0030,-0.0020,0.0269,-0.2932,-0.1018,-0.0015,-0.0581,0.0635,-0.0382,0.2206,0.0780,-0.3687,-2.5934,2.9030,-2.1561,2.1880,6.0002,-0.6873
72961365,-0.0028,-0.0037,0.0507,-0.2841,-0.2017,0.0055,-0.0620,0.0642,-0.0376,0.2189,0.1074,-0.3315,-2.7004,2.1801,-1.0025,2.1701,6.0009,-0.6722
72966365,-0.0023,-0.0051,0.0733,-0.2443,-0.0725,0.0100,-0.0646,0.0574,-0.0370,0.2175,0.1278,-0.2833,-2.7004,1.7670,-0.8452,2.1593,6.0005,-0.6728
72971367,-0.0018,-0.0060,0.1133,-0.1344,0.1025,0.0183,-0.0539,0.0317,-0.0361,0.2169,0.1772,-0.1266,-2.7004,0.7454,1.2688,2.1431,5.9889,-0.6310
72976366,-0.0011,-0.0065,0.1347,-0.0458,0.1150,0.0239,-0.0420,0.0137,-0.0352,0.2168,0.1870,-0.0097,-2.7004,-0.8802,1.5446,2.1323,5.9555,-0.6194
72981365,-0.0003,-0.0065,0.1756,0.0547,0.0307,0.0349,-0.0280,-0.0081,-0.0341,0.2174,0.2125,0.1075,-2.3128,-1.9512,1.5931,2.1244,5.9274,-0.6092
72986365,0.0007,-0.0061,0.2138,0.1185,0.0558,0.0456,-0.0203,-0.0274,-0.0329,0.2183,0.2472,0.1945,-1.9251,-2.5353,2.5617,2.1237,5.9060,-0.5808
72991367,0.0021,-0.0055,0.2450,0.1686,0.1282,0.0550,-0.0149,-0.0450,-0.0316,0.2196,0.2616,0.2588,-1.4268,-3.4850,2.5617,2.1237,5.8683,-0.5655
72996366,0.0035,-0.0045,0.2453,0.2306,-0.0765,0.0630,-0.0012,-0.0588,-0.0303,0.2212,0.2572,0.3208,-1.1499,-3.4850,2.5617,2.1241,5.8544,-0.5552
73001367,0.0046,-0.0033,0.1845,0.2767,-0.2130,0.0551,0.0175,-0.0644,-0.0295,0.2231,0.1658,0.3732,0.0535,-4.2680,2.1959,2.1427,5.8148,-0.5478
73006366,0.0055,-0.0020,0.1836,0.3167,-0.1629,0.0557,0.0271,-0.0765,-0.0288,0.2251,0.1363,0.4069,1.4975,-4.2680,1.7778,2.1751,5.7978,-0.5482
73011367,0.0063,-0.0004,0.1842,0.3454,-0.0441,0.0567,0.0327,-0.0877,-0.0282,0.2272,0.1260,0.4095,1.4975,-4.0256,0.2611,2.1841,5.7778,-0.5710
73016365,0.0072,0.0013,0.2077,0.3610,-0.0288,0.0627,0.0374,-0.0990,-0.0275,0.2293,0.1265,0.4146,2.4849,-4.0256,-0.4359,2.2123,5.7617,-0.5866
73021367,0.0081,0.0032,0.1613,0.3552,-0.0496,0.0570,0.0440,-0.0990,-0.0272,0.2311,0.0682,0.3750,2.6540,-3.4060,-2.0909,2.2306,5.7510,-0.6261
73026366,0.0089,0.0048,0.1106,0.3164,-0.0157,0.0492,0.0455,-0.0940,-0.0271,0.2327,0.0085,0.3222,3.3301,-2.7863,-2.4055,2.2569,5.7511,-0.6409
73031367,0.0093,0.0063,0.0602,0.2770,0.1660,0.0381,0.0432,-0.0876,-0.0274,0.2339,-0.0550,0.2388,3.3301,-2.0634,-4.6368,2.2769,5.7512,-0.7066
73036365,0.0097,0.0078,0.0247,0.2837,0.3319,0.0293,0.0486,-0.0906,-0.0279,0.2350,-0.1052,0.2161,4.1379,-1.1265,-5.6759,2.3088,5.7630,-0.7473
73041366,0.0096,0.0089,-0.0113,0.2764,-0.0710,0.0271,0.0578,-0.0821,-0.0287,0.2359,-0.1436,0.1734,4.4629,0.2424,-6.6751,2.3406,5.7891,-0.8038
73046366,0.0095,0.0099,-0.0699,0.2315,-0.0603,0.0147,0.0592,-0.0716,-0.0297,0.2365,-0.2086,0.1177,4.4629,0.2424,-7.4016,2.3585,5.7901,-0.8468
73051367,0.0092,0.0108,-0.0864,0.1457,0.0515,0.0090,0.0456,-0.0567,-0.0308,0.2364,-0.2232,-0.0118,4.6290,1.9763,-8.5907,2.3892,5.8320,-0.9188
73056366,0.0086,0.0112,-0.1127,0.0644,-0.0041,0.0022,0.0374,-0.0394,-0.0321,0.2359,-0.2528,-0.1050,4.6290,2.1874,-9.1838,2.4077,5.8442,-0.9661
73061367,0.0077,0.0114,-0.1524,0.0220,-0.1660,-0.0060,0.0364,-0.0240,-0.0335,0.2350,-0.2813,-0.1738,4.3616,3.4535,-9.6822,2.4296,5.8883,-1.0331
73066366,0.0069,0.0111,-0.1426,-0.0086,-0.2145,-0.0066,0.0303,-0.0155,-0.0348,0.2339,-0.2700,-0.2250,4.3616,4.2324,-10.2864,2.4470,5.9195,-1.0852
73071367,0.0062,0.0112,-0.1304,-0.0156,-0.0349,-0.0082,0.0258,-0.0163,-0.0361,0.2327,-0.2431,-0.2443,3.7033,4.8376,-10.5071,2.4589,5.9576,-1.1519
73076366,0.0057,0.0111,-0.1173,-0.0480,0.1798,-0.0096,0.0168,-0.0141,-0.0371,0.2313,-0.2165,-0.2743,2.9980,4.8376,-10.3498,2.4582,5.9770,-1.1905
73081367,0.0051,0.0105,-0.1249,-0.1365,0.1346,-0.0117,0.0021,0.0044,-0.0382,0.2295,-0.2078,-0.3631,2.2456,5.0441,-10.1545,2.4588,6.0106,-1.2479
73086366,0.0045,0.0096,-0.1280,-0.2169,-0.0872,-0.0108,-0.0101,0.0243,-0.0392,0.2273,-0.1983,-0.4343,1.8225,5.0441,-9.5453,2.4585,6.0307,-1.2745
73091367,0.0039,0.0081,-0.1017,-0.3299,-0.0618,-0.0073,-0.0350,0.0447,-0.0400,0.2247,-0.1582,-0.5260,1.3522,4.6563,-8.5001,2.4585,6.0518,-1.3085
73096365,0.0033,0.0062,-0.0916,-0.3451,0.0775,-0.0091,-0.0453,0.0514,-0.0407,0.2220,-0.1407,-0.5355,1.1171,4.6563,-8.1126,2.4588,6.0704,-1.3346
73101367,0.0029,0.0043,-0.0724,-0.3451,0.0558,-0.0064,-0.0513,0.0556,-0.0412,0.2195,-0.1168,-0.5092,0.8350,3.7613,-7.2408,2.4589,6.0784,-1.3616
73106366,0.0025,0.0026,-0.0504,-0.3433,-0.0554,-0.0019,-0.0553,0.0594,-0.0417,0.2170,-0.0911,-0.4850,0.6469,3.0342,-6.4685,2.4581,6.0775,-1.3743
73111366,0.0022,0.0009,-0.0336,-0.3348,-0.0811,0.0011,-0.0584,0.0604,-0.0420,0.2148,-0.0644,-0.4401,0.5059,2.2511,-4.8135,2.4587,6.0778,-1.3749
73116366,0.0021,-0.0008,-0.0110,-0.2947,0.0124,0.0043,-0.0599,0.0551,-0.0422,0.2129,-0.0359,-0.3811,0.4118,1.8596,-3.9309,2.4586,6.0782,-1.3747
73121366,0.0022,-0.0023,0.0040,-0.2401,0.0784,0.0068,-0.0565,0.0467,-0.0423,0.2114,-0.0175,-0.2983,0.3178,1.0243,-2.8828,2.4589,6.0709,-1.3741
73126365,0.0023,-0.0032,0.0177,-0.1378,0.0515,0.0096,-0.0417,0.0301,-0.0423,0.2106,-0.0112,-0.1653,0.2237,-0.5333,-2.3863,2.4581,6.0410,-1.3748
73131366,0.0023,-0.0038,0.0159,-0.0605,-0.0013,0.0112,-0.0283,0.0172,-0.0423,0.2103,-0.0005,-0.0542,0.1767,-0.9885,-0.5673,2.4584,6.0277,-1.3484
73136366,0.0024,-0.0036,0.0403,0.0122,0.0915,0.0149,-0.0175,-0.0009,-0.0422,0.2106,0.0211,0.0461,0.1297,-2.1245,0.1453,2.4581,5.9982,-1.3340
73141367,0.0027,-0.0036,0.0644,0.0461,0.0457,0.0213,-0.0142,-0.0088,-0.0420,0.2110,0.0452,0.0800,0.1297,-2.1245,0.1453,2.4589,5.9854,-1.3331
73146365,0.0031,-0.0032,0.0678,0.1439,-0.0447,0.0238,0.0052,-0.0273,-0.0418,0.2119,0.0399,0.1942,0.0827,-3.2248,0.1453,2.4583,5.9525,-1.3325
73151367,0.0035,-0.0021,0.0721,0.2685,-0.0603,0.0264,0.0287,-0.0528,-0.0416,0.2135,0.0442,0.3188,0.0827,-3.2248,0.1453,2.4588,5.9332,-1.3317
73156366,0.0038,-0.0006,0.0892,0.3375,0.0142,0.0303,0.0418,-0.0727,-0.0413,0.2155,0.0627,0.3878,0.0000,-3.2248,0.1453,2.4581,5.9203,-1.3311
73161366,0.0043,0.0015,0.1038,0.3919,0.0704,0.0344,0.0550,-0.0921,-0.0409,0.2177,0.0777,0.4415,0.0000,-3.1761,0.1453,2.4581,5.9021,-1.3302
73166366,0.0049,0.0035,0.1274,0.3943,0.0185,0.0420,0.0598,-0.1024,-0.0404,0.2199,0.1020,0.4425,0.0000,-3.0788,0.1453,2.4581,5.8913,-1.3296
73171366,0.0057,0.0055,0.1191,0.4001,-0.0478,0.0455,0.0651,-0.1087,-0.0399,0.2220,0.1060,0.4185,0.0000,-1.3750,-0.1453,2.4581,5.9132,-1.3354
73176366,0.0064,0.0072,0.0919,0.3772,-0.0120,0.0422,0.0674,-0.1092,-0.0395,0.2239,0.0758,0.3846,0.0470,-1.1315,-0.6418,2.4592,5.9131,-1.3462
73181366,0.0069,0.0091,0.0678,0.3430,0.3053,0.0351,0.0631,-0.1099,-0.0392,0.2255,0.0471,0.3125,0.0470,-0.1180,-2.1728,2.4594,5.9282,-1.3865
73186366,0.0071,0.0110,0.0553,0.3644,0.1224,0.0360,0.0736,-0.1143,-0.0391,0.2269,0.0326,0.2908,0.0470,1.2103,-3.7315,2.4596,5.9574,-1.4295
73191366,0.0073,0.0121,0.0345,0.2743,-0.1171,0.0338,0.0654,-0.0947,-0.0392,0.2277,-0.0151,0.1582,1.1175,2.1397,-5.6494,2.4825,5.9842,-1.4958
73196366,0.0074,0.0135,-0.0171,0.2486,-0.0957,0.0228,0.0695,-0.0887,-0.0395,0.2283,-0.0790,0.1115,1.8500,2.8595,-6.3381,2.5039,6.0093,-1.5331
73201367,0.0074,0.0145,-0.0406,0.1814,0.0484,0.0161,0.0597,-0.0776,-0.0401,0.2283,-0.1069,0.0049,1.8500,3.9335,-7.9106,2.5150,6.0526,-1.6074
73206366,0.0071,0.0151,-0.0556,0.1069,0.1071,0.0115,0.0493,-0.0650,-0.0407,0.2278,-0.1193,-0.0919,1.8500,4.8284,-8.5092,2.5224,6.0889,-1.6525
73211367,0.0067,0.0155,-0.0730,0.0400,0.0185,0.0068,0.0415,-0.0491,-0.0414,0.2269,-0.1474,-0.1864,2.3347,5.6198,-9.5706,2.5435,6.1355,-1.7291
73216365,0.0064,0.0153,-0.0415,-0.0599,-0.0343,0.0120,0.0218,-0.0325,-0.0420,0.2254,-0.1206,-0.2996,2.5501,6.0092,-10.0691,2.5579,6.1661,-1.7790
73221365,0.0063,0.0147,-0.0153,-0.1466,0.0481,0.0156,0.0009,-0.0183,-0.0425,0.2234,-0.0966,-0.4018,2.5501,6.3943,-10.7255,2.5732,6.2103,-1.8552
73226365,0.0065,0.0137,0.0064,-0.2227,0.1135,0.0194,-0.0186,-0.0051,-0.0429,0.2210,-0.0773,-0.4820,2.5501,6.3943,-11.0013,2.5834,6.2359,-1.9044
73231366,0.0065,0.0121,-0.0391,-0.3192,-0.0426,0.0133,-0.0341,0.0224,-0.0435,0.2181,-0.1125,-0.5800,1.9466,6.4460,-11.0537,2.5849,6.2754,-1.9717
73236366,0.0064,0.0104,-0.0388,-0.3616,-0.0563,0.0137,-0.0462,0.0347,-0.0440,0.2150,-0.1093,-0.6098,1.5752,5.8157,-10.8322,2.5845,6.2880,-2.0113
73241367,0.0062,0.0085,-0.0278,-0.4016,0.0078,0.0143,-0.0598,0.0452,-0.0445,0.2119,-0.0944,-0.6300,1.5752,5.3794,-9.9438,2.5939,6.3119,-2.0571
73246365,0.0062,0.0061,-0.0302,-0.4389,0.0420,0.0134,-0.0739,0.0588,-0.0449,0.2086,-0.0950,-0.6559,1.5752,5.0997,-9.4595,2.6002,6.3277,-2.0869
73251365,0.0062,0.0038,-0.0397,-0.4481,-0.0041,0.0120,-0.0797,0.0678,-0.0455,0.2054,-0.1084,-0.6336,1.5752,3.8133,-8.6374,2.6097,6.3286,-2.1247
73256366,0.0060,0.0015,-0.0574,-0.4084,-0.0453,0.0091,-0.0765,0.0692,-0.0461,0.2027,-0.1186,-0.5592,1.5752,3.0862,-7.0376,2.6160,6.3278,-2.1241
73261367,0.0056,-0.0005,-0.0834,-0.3403,-0.0123,0.0018,-0.0672,0.0659,-0.0468,0.2003,-0.1486,-0.4643,1.4644,1.8406,-6.4860,2.6231,6.3186,-2.1525
73266365,0.0052,-0.0020,-0.0739,-0.2569,0.1007,0.0001,-0.0582,0.0542,-0.0475,0.1986,-0.1449,-0.3531,1.1876,0.2893,-6.1713,2.6228,6.2920,-2.1720
73271366,0.0049,-0.0032,-0.0547,-0.1830,0.1599,0.0028,-0.0503,0.0413,-0.0481,0.1973,-0.1107,-0.2483,0.8553,-0.2065,-4.5982,2.6224,6.2823,-2.1727
73276366,0.0047,-0.0039,-0.0345,-0.0861,-0.0881,0.0092,-0.0321,0.0263,-0.0485,0.1968,-0.0884,-0.1080,0.7446,-1.6524,-3.1278,2.6234,6.2494,-2.1592
73281366,0.0045,-0.0043,-0.0709,-0.0440,-0.1235,0.0036,-0.0209,0.0220,-0.0490,0.1966,-0.1010,-0.0314,0.5231,-1.6524,-0.8109,2.6227,6.2395,-2.1240
73286366,0.0041,-0.0042,-0.0672,0.0806,-0.0142,0.0012,0.0005,-0.0011,-0.0496,0.1972,-0.1025,0.1088,0.4123,-2.5876,-0.7006,2.6224,6.2133,-2.1249
73291366,0.0038,-0.0035,-0.0562,0.1836,0.0680,0.0010,0.0190,-0.0225,-0.0500,0.1983,-0.0911,0.2192,0.3016,-2.9177,-0.5351,2.6224,6.1893,-2.1251
73296366,0.0035,-0.0023,-0.0440,0.2828,0.0869,0.0020,0.0388,-0.0442,-0.0504,0.1999,-0.0770,0.3201,0.2462,-2.9177,-0.4247,2.6225,6.1776,-2.1248
73301365,0.0034,-0.0007,-0.0134,0.3641,0.0793,0.0075,0.0557,-0.0662,-0.0506,0.2019,-0.0479,0.4088,0.1908,-3.3071,-0.3144,2.6228,6.1507,-2.1247
73306366,0.0037,0.0014,0.0296,0.3961,0.0662,0.0170,0.0639,-0.0835,-0.0507,0.2041,-0.0034,0.4417,0.1354,-3.3071,-0.2592,2.6224,6.1375,-2.1247
73311367,0.0037,0.0035,0.0443,0.4334,0.0570,0.0206,0.0752,-0.0979,-0.0506,0.2065,0.0170,0.4705,0.1354,-2.6863,-0.2041,2.6232,6.1309,-2.1249
73316366,0.0039,0.0054,0.0440,0.4365,0.0255,0.0226,0.0805,-0.1041,-0.0504,0.2087,0.0311,0.4503,0.0801,-1.1285,-0.2041,2.6225,6.1543,-2.1257
73321367,0.0040,0.0076,0.0602,0.4212,0.0878,0.0261,0.0820,-0.1115,-0.0502,0.2108,0.0527,0.4256,0.0801,-0.4956,-0.2041,2.6230,6.1632,-2.1270
73326366,0.0046,0.0097,0.1228,0.3946,0.1443,0.0395,0.0749,-0.1199,-0.0496,0.2127,0.1139,0.3654,0.1354,0.6051,-1.3577,2.6246,6.1845,-2.1524
73331365,0.0053,0.0117,0.1506,0.3690,0.0668,0.0481,0.0715,-0.1221,-0.0489,0.2141,0.1320,0.2920,0.1354,1.6470,-3.5185,2.6254,6.2137,-2.2104
73336366,0.0062,0.0133,0.1295,0.3592,-0.0356,0.0490,0.0745,-0.1221,-0.0484,0.2154,0.1143,0.2450,0.1354,3.0928,-4.5708,2.6259,6.2524,-2.2467
73341367,0.0070,0.0150,0.1390,0.3210,0.0008,0.0533,0.0691,-0.1225,-0.0477,0.2162,0.1225,0.1728,0.1354,4.1594,-5.7821,2.6268,6.2954,-2.3013
73346365,0.0075,0.0165,0.0922,0.2618,0.1260,0.0448,0.0642,-0.1138,-0.0474,0.2166,0.0750,0.0839,0.1354,5.1103,-6.8194,2.6273,6.3326,-2.3474
73351366,0.0080,0.0175,0.0922,0.1723,0.1529,0.0445,0.0501,-0.1005,-0.0471,0.2164,0.0500,-0.0406,1.2585,5.9544,-8.3259,2.6520,6.3813,-2.4231
73356366,0.0084,0.0177,0.0800,0.0238,0.0387,0.0439,0.0277,-0.0731,-0.0470,0.2154,0.0201,-0.2058,2.1677,6.3925,-9.0094,2.6778,6.4142,-2.4716
73361366,0.0089,0.0173,0.1048,-0.1176,-0.0841,0.0512,-0.0004,-0.0476,-0.0469,0.2135,0.0301,-0.3731,2.5909,6.8326,-10.3042,2.6995,6.4620,-2.5561
73366366,0.0095,0.0161,0.1243,-0.2550,0.0408,0.0545,-0.0322,-0.0239,-0.0467,0.2109,0.0357,-0.5234,2.9671,6.8326,-11.1679,2.7187,6.4893,-2.6162
73371366,0.0102,0.0142,0.1484,-0.4187,0.0451,0.0608,-0.0703,0.0077,-0.0465,0.2074,0.0418,-0.6995,3.7559,6.9875,-11.8470,2.7540,6.5342,-2.6986
73376366,0.0111,0.0120,0.1426,-0.4597,-0.0343,0.0634,-0.0843,0.0222,-0.0463,0.2037,0.0264,-0.7380,3.7559,6.3573,-12.3192,2.7690,6.5479,-2.7564
73381367,0.0119,0.0096,0.1264,-0.4835,-0.0499,0.0624,-0.0956,0.0350,-0.0464,0.2000,-0.0088,-0.7576,4.6176,5.9657,-12.4237,2.8119,6.5780,-2.8327
73386366,0.0127,0.0069,0.1170,-0.5125,-0.0133,0.0621,-0.1090,0.0475,-0.0466,0.1961,-0.0360,-0.7690,5.1747,4.9030,-12.3066,2.8428,6.5785,-2.8802
73391367,0.0134,0.0042,0.0788,-0.5214,0.0368,0.0555,-0.1155,0.0585,-0.0470,0.1924,-0.0875,-0.7446,5.7838,3.6165,-11.3627,2.8880,6.5781,-2.9338
73396366,0.0136,0.0016,0.0208,-0.4808,0.0231,0.0448,-0.1107,0.0650,-0.0478,0.1890,-0.1573,-0.6825,6.4791,2.9043,-10.6304,2.9258,6.5770,-2.9639
73401366,0.0137,-0.0008,-0.0275,-0.4319,-0.0059,0.0348,-0.1018,0.0672,-0.0489,0.1861,-0.2215,-0.5819,6.8082,0.5773,-9.4936,2.9720,6.5411,-3.0029
73406366,0.0135,-0.0029,-0.0736,-0.3772,0.0610,0.0241,-0.0930,0.0665,-0.0502,0.1837,-0.2689,-0.4822,7.1463,-0.6713,-7.7215,3.0065,6.5169,-3.0020
73411365,0.0129,-0.0047,-0.1206,-0.3054,0.1413,0.0116,-0.0801,0.0631,-0.0518,0.1818,-0.3191,-0.3750,7.4155,-1.7793,-6.4478,3.0551,6.4869,-3.0173
73416366,0.0120,-0.0057,-0.2166,-0.1570,0.0613,-0.0104,-0.0451,0.0532,-0.0540,0.1807,-0.4259,-0.2076,7.4155,-3.0446,-6.4478,3.0848,6.4513,-3.0431
73421366,0.0108,-0.0061,-0.2673,-0.0428,0.0280,-0.0234,-0.0167,0.0390,-0.0563,0.1806,-0.4624,-0.0359,7.0922,-4.4685,-4.0173,3.1224,6.3995,-3.0267
73426366,0.0093,-0.0062,-0.3167,0.0336,0.0515,-0.0382,0.0051,0.0311,-0.0588,0.1809,-0.4997,0.0770,6.9261,-5.1544,-2.2451,3.1469,6.3658,-3.0039
73431365,0.0076,-0.0059,-0.3717,0.1014,0.0924,-0.0553,0.0268,0.0250,-0.0615,0.1818,-0.5437,0.1698,6.1774,-6.1052,-1.5252,3.1727,6.3125,-3.0003
73436366,0.0058,-0.0054,-0.4032,0.1326,0.0668,-0.0663,0.0416,0.0221,-0.0642,0.1829,-0.5486,0.2294,5.0542,-6.6385,-0.1516,3.1727,6.2761,-2.9766
73441366,0.0037,-0.0046,-0.4200,0.1414,-0.0169,-0.0764,0.0536,0.0235,-0.0670,0.1842,-0.5592,0.2521,5.1077,-6.6902,0.7324,3.2045,6.2351,-2.9557
73446366,0.0014,-0.0037,-0.4227,0.1790,-0.0359,-0.0844,0.0677,0.0181,-0.0698,0.1857,-0.5436,0.2991,4.3554,-6.6902,1.3616,3.2086,6.2083,-2.9398
73451365,-0.0006,-0.0028,-0.3763,0.2196,0.0313,-0.0801,0.0733,0.0057,-0.0720,0.1873,-0.4410,0.3260,2.2872,-5.0398,2.0957,3.1883,6.2061,-2.9132
73456366,-0.0024,-0.0016,-0.3207,0.2786,0.1419,-0.0759,0.0823,-0.0118,-0.0738,0.1892,-0.3590,0.3710,1.2175,-4.1046,2.0957,3.1732,6.2064,-2.9048
73461366,-0.0038,0.0002,-0.2550,0.3751,0.2186,-0.0689,0.0984,-0.0379,-0.0751,0.1914,-0.2788,0.4519,0.8966,-3.0593,2.0957,3.1731,6.2060,-2.8922
73466366,-0.0045,0.0021,-0.1112,0.3928,0.1330,-0.0406,0.0949,-0.0594,-0.0757,0.1937,-0.1024,0.4614,-0.7199,-2.5092,2.0957,3.1418,6.2059,-2.8839
73471366,-0.0049,0.0039,-0.0388,0.3690,0.1190,-0.0261,0.0888,-0.0673,-0.0757,0.1958,-0.0062,0.4146,-1.5505,-1.1879,1.8751,3.1167,6.2200,-2.8759
73476366,-0.0048,0.0057,0.0556,0.3500,0.1040,-0.0060,0.0800,-0.0780,-0.0752,0.1977,0.1060,0.3661,-1.9219,0.4647,1.5441,3.1029,6.2515,-2.8757
73481366,-0.0043,0.0073,0.1243,0.3277,0.0118,0.0120,0.0728,-0.0853,-0.0742,0.1992,0.1972,0.3142,-2.6183,2.0646,1.1579,3.0740,6.2909,-2.8754
73486365,-0.0032,0.0090,0.1689,0.3406,-0.0539,0.0263,0.0727,-0.0969,-0.0729,0.2007,0.2488,0.2959,-2.6183,3.5188,0.5205,3.0635,6.3312,-2.8842
73491366,-0.0021,0.0107,0.1860,0.3457,0.0005,0.0330,0.0720,-0.1050,-0.0716,0.2020,0.2592,0.2533,-2.5106,4.8378,-1.3634,3.0500,6.3819,-2.9257
73496366,-0.0010,0.0125,0.1939,0.3314,0.1468,0.0360,0.0694,-0.1110,-0.0704,0.2030,0.2555,0.2069,-2.0797,5.6653,-2.6816,3.0494,6.4195,-2.9602
73501365,-0.0001,0.0139,0.1994,0.2602,0.2742,0.0382,0.0568,-0.1055,-0.0691,0.2035,0.2479,0.1028,-1.5412,6.5455,-4.0107,3.0494,6.4744,-3.0061
73506366,0.0011,0.0150,0.2437,0.1967,0.2601,0.0512,0.0423,-0.1035,-0.0677,0.2036,0.2857,0.0160,-1.2719,7.2168,-4.8992,3.0493,6.5159,-3.0408
73511367,0.0024,0.0155,0.2899,0.0932,0.0799,0.0669,0.0199,-0.0899,-0.0661,0.2030,0.3240,-0.1223,-0.9488,8.2535,-6.1939,3.0492,6.5832,-3.1002
73516366,0.0039,0.0157,0.2688,0.0278,0.1117,0.0675,0.0079,-0.0798,-0.0646,0.2020,0.2914,-0.2023,-0.5087,8.5173,-6.9111,3.0547,6.6215,-3.1416
73521367,0.0050,0.0156,0.2077,-0.0464,0.2155,0.0564,-0.0028,-0.0618,-0.0636,0.2005,0.1957,-0.3015,0.9749,8.8216,-8.2799,3.0872,6.6799,-3.2147
73526365,0.0061,0.0149,0.2074,-0.1662,0.1358,0.0602,-0.0261,-0.0393,-0.0628,0.1983,0.1753,-0.4295,1.7502,8.7116,-8.9445,3.1073,6.7129,-3.2624
73531365,0.0071,0.0137,0.2016,-0.2621,-0.0380,0.0632,-0.0446,-0.0172,-0.0620,0.1957,0.1440,-0.5297,2.4147,8.0403,-9.9030,3.1345,6.7512,-3.3375
73536366,0.0081,0.0120,0.2205,-0.3567,-0.0734,0.0689,-0.0686,0.0025,-0.0614,0.1925,0.1316,-0.6263,3.8587,7.7305,-10.3443,3.1761,6.7761,-3.3815
73541367,0.0093,0.0100,0.2004,-0.4016,0.0811,0.0655,-0.0831,0.0146,-0.0610,0.1893,0.0799,-0.6556,4.6580,6.1791,-10.8506,3.2175,6.7879,-3.4598
73546366,0.0105,0.0079,0.1943,-0.4071,0.2311,0.0653,-0.0931,0.0189,-0.0607,0.1860,0.0496,-0.6461,5.4468,5.0641,-10.9614,3.2531,6.7881,-3.5055
73551367,0.0114,0.0058,0.1319,-0.4163,0.1902,0.0558,-0.0949,0.0318,-0.0609,0.1829,-0.0338,-0.6302,6.2008,3.7551,-10.5955,3.3018,6.7881,-3.5633
73556365,0.0114,0.0039,-0.0305,-0.3754,0.0362,0.0260,-0.0759,0.0485,-0.0619,0.1800,-0.2079,-0.5742,6.7115,3.0764,-10.2565,3.3373,6.7882,-3.5984
73561365,0.0114,0.0019,-0.0541,-0.3625,0.1880,0.0182,-0.0770,0.0516,-0.0632,0.1774,-0.2454,-0.5240,7.1545,1.4587,-9.3739,3.3875,6.7707,-3.6401
73566365,0.0112,0.0002,-0.0877,-0.3525,0.2558,0.0089,-0.0767,0.0580,-0.0646,0.1749,-0.2943,-0.4938,7.5823,0.3227,-9.1641,3.4249,6.7509,-3.6734
73571366,0.0106,-0.0015,-0.1533,-0.3076,0.1138,-0.0035,-0.0629,0.0620,-0.0664,0.1729,-0.3495,-0.3968,7.6294,-0.7702,-6.7520,3.4715,6.7294,-3.6728
73576365,0.0098,-0.0030,-0.2001,-0.2581,-0.0261,-0.0138,-0.0500,0.0648,-0.0684,0.1713,-0.3946,-0.3184,7.4603,-1.8154,-5.8605,3.4986,6.7026,-3.6796
73581366,0.0086,-0.0040,-0.2694,-0.1665,0.0042,-0.0325,-0.0281,0.0604,-0.0707,0.1703,-0.4685,-0.2049,7.2913,-2.9837,-5.5676,3.5390,6.6666,-3.7088
73586365,0.0071,-0.0046,-0.3314,-0.0687,0.1358,-0.0506,-0.0062,0.0516,-0.0732,0.1699,-0.5072,-0.0897,6.3758,-3.1298,-4.5423,3.5486,6.6512,-3.7085
73591366,0.0052,-0.0049,-0.3876,-0.0089,0.1874,-0.0675,0.0129,0.0474,-0.0759,0.1699,-0.5377,0.0109,5.4603,-3.9211,-2.5967,3.5645,6.6131,-3.6920
73596366,0.0033,-0.0048,-0.4178,0.0327,0.1211,-0.0788,0.0285,0.0457,-0.0787,0.1703,-0.5546,0.0728,5.3674,-3.9211,-1.2333,3.5845,6.5975,-3.6720
73601366,0.0012,-0.0044,-0.4291,0.0608,0.0338,-0.0868,0.0413,0.0442,-0.0814,0.1709,-0.5445,0.1147,3.9747,-4.5364,-0.9186,3.5845,6.5586,-3.6723
73606366,-0.0008,-0.0038,-0.3827,0.1002,0.1297,-0.0857,0.0476,0.0331,-0.0838,0.1716,-0.4777,0.1565,2.8716,-4.5364,-0.7613,3.5767,6.5405,-3.6725
73611366,-0.0026,-0.0031,-0.3363,0.1735,0.2228,-0.0818,0.0574,0.0158,-0.0857,0.1727,-0.3865,0.2162,0.9329,-3.4214,-0.5516,3.5481,6.5388,-3.6722
73616366,-0.0041,-0.0020,-0.2688,0.2581,0.2430,-0.0736,0.0714,-0.0071,-0.0872,0.1743,-0.3008,0.3087,0.7713,-2.7911,0.6068,3.5483,6.5390,-3.6499
73621366,-0.0054,-0.0005,-0.2260,0.3183,0.2247,-0.0661,0.0835,-0.0260,-0.0883,0.1761,-0.2038,0.3745,-1.4649,-2.0639,1.7101,3.5025,6.5389,-3.6190
73626365,-0.0061,0.0012,-0.1264,0.3338,0.1514,-0.0486,0.0845,-0.0417,-0.0888,0.1781,-0.0980,0.3843,-1.6339,-1.6761,1.7101,3.4926,6.5392,-3.6122
73631366,-0.0064,0.0028,-0.0376,0.3186,0.1037,-0.0298,0.0781,-0.0522,-0.0886,0.1798,0.0219,0.3530,-2.9035,-0.6021,1.7101,3.4528,6.5524,-3.6019
73636366,-0.0063,0.0043,0.0589,0.2798,0.0833,-0.0096,0.0647,-0.0582,-0.0880,0.1812,0.1292,0.2820,-3.2779,0.7271,0.8826,3.4336,6.5800,-3.6123
73641367,-0.0058,0.0056,0.1390,0.2627,-0.0142,0.0100,0.0563,-0.0658,-0.0869,0.1824,0.2208,0.2330,-3.6523,2.0988,0.1103,3.4044,6.6140,-3.6262
73646365,-0.0045,0.0068,0.2138,0.2792,-0.0029,0.0305,0.0515,-0.0818,-0.0853,0.1836,0.3117,0.2300,-3.9291,3.4094,0.1103,3.3842,6.6511,-3.6257
73651367,-0.0031,0.0084,0.2682,0.3115,0.1172,0.0462,0.0502,-0.1009,-0.0834,0.1847,0.3792,0.2276,-4.3168,4.9477,-0.6817,3.3507,6.7060,-3.6415
73656365,-0.0016,0.0099,0.2935,0.2651,0.1706,0.0553,0.0405,-0.1023,-0.0815,0.1855,0.3925,0.1585,-4.2239,5.1026,-2.0451,3.3353,6.7289,-3.6747
73661365,-0.0001,0.0108,0.2929,0.1622,0.2222,0.0589,0.0216,-0.0890,-0.0796,0.1856,0.3718,0.0209,-3.1097,6.2102,-3.2657,3.3357,6.7853,-3.7155
73666366,0.0015,0.0114,0.3238,0.0870,0.2940,0.0691,0.0033,-0.0837,-0.0777,0.1852,0.3838,-0.0730,-2.5526,6.3072,-4.4286,3.3355,6.8125,-3.7540
73671366,0.0034,0.0118,0.3357,0.0660,0.3184,0.0773,-0.0050,-0.0846,-0.0758,0.1846,0.3794,-0.1164,-1.9027,6.7547,-5.4739,3.3352,6.8616,-3.8039
73676365,0.0050,0.0117,0.2874,-0.0128,0.2555,0.0746,-0.0168,-0.0676,-0.0742,0.1836,0.3194,-0.2106,-1.5313,6.9657,-6.2972,3.3358,6.8933,-3.8442
73681365,0.0063,0.0113,0.2254,-0.1048,0.2128,0.0643,-0.0273,-0.0451,-0.0732,0.1821,0.2075,-0.2995,0.4984,5.9921,-7.0695,3.3747,6.9140,-3.9007
73686366,0.0071,0.0105,0.1497,-0.1750,0.2332,0.0520,-0.0366,-0.0244,-0.0726,0.1802,0.1200,-0.3805,0.8193,5.9921,-7.7892,3.3832,6.9379,-3.9450
73691366,0.0079,0.0092,0.1243,-0.2868,0.1621,0.0472,-0.0559,0.0025,-0.0724,0.1777,0.0439,-0.4917,2.9069,5.1119,-8.6294,3.4368,6.9549,-4.0113
73696366,0.0083,0.0070,0.0892,-0.4640,0.0158,0.0420,-0.0870,0.0444,-0.0724,0.1744,-0.0157,-0.6595,3.7062,4.1767,-8.9429,3.4667,6.9549,-4.0524
73701367,0.0085,0.0047,0.0663,-0.4899,0.1465,0.0347,-0.0974,0.0571,-0.0728,0.1711,-0.0672,-0.6720,4.7204,3.0764,-9.1367,3.5133,6.9546,-4.1105
73706366,0.0089,0.0023,0.0293,-0.4798,0.2598,0.0261,-0.1015,0.0654,-0.0734,0.1678,-0.1242,-0.6545,5.5821,2.5263,-9.1918,3.5506,6.9549,-4.1483
73711366,0.0087,0.0000,-0.0748,-0.4386,0.2739,0.0048,-0.0892,0.0739,-0.0746,0.1649,-0.2360,-0.5705,5.9535,1.0215,-7.8285,3.5921,6.9368,-4.1739
73716366,0.0079,-0.0020,-0.2013,-0.3852,0.1914,-0.0225,-0.0711,0.0863,-0.0764,0.1625,-0.3733,-0.4982,5.9535,-0.2434,-7.8285,3.6159,6.9127,-4.2052
73721366,0.0069,-0.0040,-0.2581,-0.3647,0.2097,-0.0379,-0.0637,0.0935,-0.0786,0.1603,-0.4292,-0.4257,6.0642,-1.8261,-5.9243,3.6545,6.8749,-4.2086
73726366,0.0053,-0.0057,-0.2828,-0.3247,0.3087,-0.0496,-0.0573,0.0950,-0.0808,0.1585,-0.4458,-0.3597,5.7968,-2.4973,-4.8502,3.6733,6.8537,-4.2087
73731366,0.0037,-0.0072,-0.3409,-0.2511,0.2366,-0.0641,-0.0391,0.0941,-0.0832,0.1573,-0.4774,-0.2494,4.2993,-3.6906,-3.5808,3.6734,6.8102,-4.2085
73736366,0.0021,-0.0083,-0.3549,-0.1750,0.0723,-0.0699,-0.0225,0.0896,-0.0856,0.1565,-0.4750,-0.1472,3.4971,-4.4178,-2.5574,3.6729,6.7787,-4.1992
73741365,0.0002,-0.0084,-0.3971,0.0226,-0.0386,-0.0821,0.0205,0.0631,-0.0880,0.1570,-0.4915,0.0862,2.5879,-5.0374,-0.7745,3.6730,6.7376,-4.1726
73746366,-0.0021,-0.0085,-0.4554,0.0412,0.1010,-0.1034,0.0327,0.0669,-0.0907,0.1576,-0.5391,0.1237,2.1065,-5.5325,0.0000,3.6728,6.7073,-4.1596
73751366,-0.0043,-0.0081,-0.4230,0.0776,0.2100,-0.1049,0.0403,0.0565,-0.0931,0.1585,-0.4703,0.1854,0.7354,-5.6362,1.5998,3.6555,6.6717,-4.1210
73756366,-0.0062,-0.0077,-0.3512,0.0816,0.1538,-0.0952,0.0401,0.0492,-0.0949,0.1596,-0.3606,0.2139,-0.8860,-5.8796,3.0043,3.6229,6.6434,-4.0837
73761366,-0.0077,-0.0071,-0.2633,0.1503,0.1489,-0.0807,0.0465,0.0285,-0.0960,0.1610,-0.2281,0.2825,-2.5257,-4.9300,3.9450,3.5803,6.6287,-4.0451
73766366,-0.0090,-0.0063,-0.2346,0.2062,0.3016,-0.0801,0.0546,0.0140,-0.0969,0.1626,-0.1713,0.3249,-3.7105,-4.0331,3.9450,3.5435,6.6287,-4.0294
73771366,-0.0100,-0.0054,-0.2327,0.2272,0.3588,-0.0821,0.0616,0.0066,-0.0976,0.1644,-0.1379,0.3543,-5.1568,-3.9276,4.6096,3.4880,6.6072,-3.9904
73776366,-0.0108,-0.0040,-0.1454,0.2654,0.2265,-0.0649,0.0656,-0.0094,-0.0977,0.1663,-0.0251,0.3736,-6.0032,-2.6614,4.6096,3.4481,6.6186,-3.9719
73781366,-0.0112,-0.0026,-0.0470,0.2740,0.1175,-0.0440,0.0625,-0.0230,-0.0972,0.1681,0.1021,0.3700,-7.0326,-1.6063,4.8537,3.3881,6.6281,-3.9383
73786366,-0.0111,-0.0014,0.0538,0.2520,0.0674,-0.0226,0.0531,-0.0331,-0.0961,0.1698,0.2158,0.3425,-7.6523,-1.2897,4.8013,3.3462,6.6286,-3.9236
73791367,-0.0099,-0.0001,0.2611,0.2886,0.1156,0.0225,0.0371,-0.0640,-0.0939,0.1715,0.4398,0.3309,-8.3617,0.5842,3.4379,3.2836,6.6635,-3.9233
73796366,-0.0083,0.0015,0.2786,0.3424,0.1114,0.0326,0.0456,-0.0825,-0.0916,0.1733,0.4613,0.3720,-8.6998,0.9142,2.9135,3.2430,6.6725,-3.9234
73801366,-0.0067,0.0034,0.2874,0.3622,0.0659,0.0419,0.0495,-0.0939,-0.0892,0.1751,0.4784,0.3580,-8.8879,2.3446,2.0745,3.1866,6.7128,-3.9235
73806366,-0.0054,0.0053,0.2770,0.3464,0.1126,0.0446,0.0501,-0.0991,-0.0869,0.1768,0.4637,0.3275,-8.4600,3.0158,1.7599,3.1605,6.7361,-3.9236
73811366,-0.0037,0.0067,0.3357,0.2746,0.1996,0.0594,0.0317,-0.0988,-0.0844,0.1779,0.4980,0.2167,-7.7955,3.5839,-0.2929,3.1235,6.7685,-3.9592
73816366,-0.0019,0.0076,0.3671,0.1542,0.2644,0.0706,0.0071,-0.0878,-0.0818,0.1783,0.5145,0.0829,-6.7434,4.2141,-0.5698,3.1161,6.7973,-3.9658
73821366,0.0001,0.0082,0.3855,0.0889,0.3041,0.0802,-0.0097,-0.0821,-0.0793,0.1782,0.5130,-0.0178,-6.2791,4.7175,-2.4340,3.0853,6.8334,-4.0146
73826366,0.0023,0.0086,0.3943,0.0831,0.2653,0.0889,-0.0142,-0.0848,-0.0768,0.1780,0.4915,-0.0414,-5.1185,4.7175,-3.6361,3.0857,6.8523,-4.0487
73831366,0.0041,0.0086,0.3375,0.0040,0.2305,0.0829,-0.0249,-0.0669,-0.0748,0.1773,0.3950,-0.1421,-3.6989,4.5592,-5.2465,3.0874,6.8774,-4.1107
73836365,0.0052,0.0079,0.1933,-0.1756,0.2296,0.0565,-0.0440,-0.0213,-0.0738,0.1757,0.2121,-0.3204,-1.9269,4.0316,-5.6878,3.1115,6.8836,-4.1378
73841365,0.0062,0.0066,0.1854,-0.2905,0.1071,0.0585,-0.0676,0.0050,-0.0729,0.1734,0.1765,-0.4535,-0.9301,4.0316,-6.9102,3.1242,6.9078,-4.2039
73846366,0.0071,0.0049,0.1692,-0.3671,0.0008,0.0586,-0.0838,0.0252,-0.0722,0.1708,0.1366,-0.5243,0.1070,3.4962,-7.0566,3.1421,6.9125,-4.2297
73851366,0.0076,0.0027,0.1365,-0.4154,0.0616,0.0495,-0.0946,0.0428,-0.0719,0.1680,0.0503,-0.5500,1.5510,1.0693,-7.9763,3.1777,6.8775,-4.2992
73856366,0.0083,0.0004,0.0959,-0.4359,0.2186,0.0408,-0.1045,0.0553,-0.0720,0.1652,-0.0123,-0.5674,2.7265,0.8583,-7.9763,3.2092,6.8771,-4.3251
73861366,0.0088,-0.0018,0.0473,-0.4187,0.3041,0.0310,-0.1041,0.0614,-0.0724,0.1626,-0.0773,-0.5247,3.0646,-0.6153,-7.7421,3.2324,6.8509,-4.3747
73866366,0.0088,-0.0038,-0.0504,-0.3870,0.2519,0.0116,-0.0935,0.0722,-0.0734,0.1602,-0.1909,-0.4691,3.6843,-1.7190,-7.2457,3.2591,6.8235,-4.3887
73871366,0.0083,-0.0056,-0.1402,-0.3561,0.1999,-0.0076,-0.0817,0.0816,-0.0748,0.1582,-0.2908,-0.3986,3.6843,-3.6445,-6.5115,3.2812,6.7686,-4.4222
73876366,0.0075,-0.0076,-0.1933,-0.3476,0.2766,-0.0224,-0.0795,0.0912,-0.0765,0.1564,-0.3490,-0.3659,4.1152,-4.3191,-5.5676,3.3055,6.7386,-4.4229
73881366,0.0061,-0.0090,-0.2834,-0.2425,0.2387,-0.0448,-0.0519,0.0876,-0.0787,0.1553,-0.4391,-0.2124,4.1152,-5.9485,-3.9421,3.3301,6.6747,-4.4223
73886366,0.0046,-0.0100,-0.3326,-0.1396,0.0952,-0.0580,-0.0272,0.0816,-0.0812,0.1549,-0.4816,-0.0871,3.5581,-6.8696,-3.3653,3.3347,6.6309,-4.4226
73891366,0.0028,-0.0102,-0.3989,-0.0064,0.0255,-0.0751,0.0070,0.0671,-0.0838,0.1554,-0.5198,0.0918,2.6296,-7.7023,-1.1253,3.3346,6.5712,-4.3946
73896366,0.0007,-0.0102,-0.4527,0.0528,0.0787,-0.0935,0.0268,0.0636,-0.0866,0.1562,-0.5604,0.1757,2.1653,-8.2355,0.0000,3.3348,6.5287,-4.3741
73901366,-0.0019,-0.0097,-0.5055,0.0696,0.1523,-0.1118,0.0412,0.0648,-0.0894,0.1574,-0.5751,0.2245,0.6630,-8.5970,1.7920,3.3148,6.4706,-4.3340
73906366,-0.0046,-0.0092,-0.5177,0.0791,0.1544,-0.1238,0.0510,0.0669,-0.0923,0.1586,-0.5710,0.2441,-0.1616,-8.8170,2.2623,3.2988,6.4312,-4.3185
73911366,-0.0071,-0.0088,-0.4866,0.0770,0.1019,-0.1248,0.0544,0.0666,-0.0948,0.1598,-0.5070,0.2521,-1.6265,-8.7197,3.0463,3.2663,6.3806,-4.2830
73916366,-0.0093,-0.0082,-0.4102,0.1420,0.1364,-0.1155,0.0614,0.0489,-0.0967,0.1614,-0.3796,0.3116,-3.2994,-7.2425,4.1539,3.2229,6.3781,-4.2495
73921365,-0.0113,-0.0074,-0.3674,0.1988,0.3206,-0.1146,0.0699,0.0323,-0.0982,0.1633,-0.2986,0.3729,-4.9462,-6.8204,4.8862,3.1641,6.3453,-4.2057
73926366,-0.0130,-0.0063,-0.3519,0.2880,0.3029,-0.1162,0.0895,0.0150,-0.0995,0.1655,-0.2530,0.4552,-6.3591,-6.2611,4.9911,3.1128,6.3296,-4.1877
73931366,-0.0139,-0.0047,-0.1350,0.3091,0.2189,-0.0734,0.0775,-0.0124,-0.0994,0.1678,0.0076,0.4591,-7.8558,-4.6390,5.4630,3.0396,6.3294,-4.1417
73936366,-0.0141,-0.0032,-0.0238,0.3134,0.1905,-0.0513,0.0723,-0.0283,-0.0987,0.1701,0.1390,0.4550,-8.6446,-3.9678,5.5734,2.9910,6.3293,-4.1202
73941366,-0.0138,-0.0018,0.1032,0.3039,0.1813,-0.0227,0.0596,-0.0438,-0.0972,0.1722,0.3007,0.4167,-9.7372,-2.0769,5.5249,2.9137,6.3449,-4.0850
73946366,-0.0128,-0.0003,0.2028,0.3467,0.2097,0.0013,0.0568,-0.0661,-0.0951,0.1743,0.4181,0.4221,-10.3464,-0.3886,4.7016,2.8615,6.3736,-4.0848
73951366,-0.0115,0.0015,0.2340,0.4050,0.1871,0.0143,0.0660,-0.0874,-0.0928,0.1766,0.4647,0.4682,-10.9332,0.3408,4.6047,2.7857,6.3871,-4.0557
73956366,-0.0101,0.0037,0.2245,0.4456,0.1107,0.0194,0.0779,-0.1016,-0.0905,0.1791,0.4641,0.4860,-11.0459,1.5091,4.2389,2.7396,6.4146,-4.0483
73961366,-0.0090,0.0061,0.2361,0.4414,0.1361,0.0250,0.0795,-0.1097,-0.0882,0.1813,0.4629,0.4430,-10.9518,2.1692,2.3002,2.6755,6.4373,-4.0638
73966366,-0.0077,0.0081,0.2615,0.3858,0.2256,0.0325,0.0699,-0.1111,-0.0858,0.1831,0.4715,0.3580,-10.2566,2.8844,1.0410,2.6477,6.4654,-4.0835
73971366,-0.0062,0.0097,0.3164,0.2911,0.3325,0.0454,0.0489,-0.1071,-0.0834,0.1842,0.4961,0.2304,-8.9276,3.5557,-0.4965,2.6156,6.4909,-4.1098
73976366,-0.0043,0.0107,0.3763,0.1857,0.3178,0.0643,0.0245,-0.1010,-0.0806,0.1847,0.5522,0.1033,-8.6954,4.3050,-1.2136,2.5846,6.5294,-4.1284
73981366,-0.0023,0.0117,0.3714,0.1625,0.2195,0.0685,0.0214,-0.0983,-0.0781,0.1850,0.4949,0.0471,-6.4670,4.5959,-3.1394,2.5836,6.5535,-4.1790
73986366,-0.0006,0.0121,0.3323,0.0620,0.1923,0.0663,0.0063,-0.0800,-0.0760,0.1846,0.4303,-0.0770,-5.2136,5.1552,-4.1647,2.5854,6.5943,-4.2147
73991366,0.0008,0.0121,0.2844,-0.0336,0.2632,0.0595,-0.0088,-0.0608,-0.0742,0.1837,0.3496,-0.1891,-3.8673,5.1552,-5.2723,2.5853,6.6149,-4.2664
73996366,0.0022,0.0115,0.2651,-0.1454,0.2705,0.0599,-0.0308,-0.0395,-0.0727,0.1821,0.3112,-0.3164,-3.1709,5.2607,-6.2091,2.5852,6.6484,-4.3086
74001366,0.0036,0.0103,0.2547,-0.2676,0.1853,0.0622,-0.0559,-0.0133,-0.0713,0.1798,0.2695,-0.4549,-2.2441,4.9199,-7.6528,2.5898,6.6624,-4.3794
74006366,0.0048,0.0085,0.2095,-0.3638,0.1300,0.0553,-0.0725,0.0122,-0.0704,0.1771,0.1760,-0.5377,-0.2506,3.6543,-8.0198,2.6235,6.6627,-4.4175
74011366,0.0060,0.0064,0.1912,-0.4148,0.2018,0.0546,-0.0894,0.0270,-0.0697,0.1742,0.1457,-0.5874,-0.1952,2.9727,-8.6166,2.6238,6.6623,-4.4797
74016366,0.0071,0.0043,0.1772,-0.4172,0.3352,0.0513,-0.0975,0.0333,-0.0693,0.1713,0.0880,-0.5823,1.8184,2.1938,-8.8935,2.6668,6.6622,-4.5204
74021366,0.0078,0.0020,0.0922,-0.4252,0.2228,0.0384,-0.0968,0.0499,-0.0693,0.1684,-0.0072,-0.5725,2.0858,1.2646,-8.6322,2.6804,6.6513,-4.5678
74026366,0.0080,-0.0002,0.0009,-0.4328,0.1935,0.0207,-0.0943,0.0662,-0.0699,0.1657,-0.1173,-0.5482,2.9322,-0.0528,-7.8088,2.7114,6.6267,-4.5851
74031366,0.0080,-0.0024,-0.0535,-0.4359,0.3331,0.0078,-0.0971,0.0766,-0.0708,0.1630,-0.1793,-0.5263,2.9322,-1.3392,-7.4226,2.7231,6.5990,-4.6241
74036366,0.0075,-0.0048,-0.0956,-0.4291,0.4159,-0.0043,-0.0963,0.0846,-0.0720,0.1607,-0.2375,-0.4655,3.3829,-3.6401,-6.0987,2.7499,6.5381,-4.6247
74041366,0.0068,-0.0070,-0.1689,-0.4001,0.3120,-0.0195,-0.0869,0.0945,-0.0735,0.1587,-0.3063,-0.3965,3.3829,-4.7244,-4.4989,2.7635,6.5003,-4.6244
74046366,0.0059,-0.0089,-0.2098,-0.3323,0.1902,-0.0295,-0.0730,0.0952,-0.0752,0.1572,-0.3490,-0.3008,3.3829,-5.7697,-3.6714,2.7838,6.4486,-4.6242
74051366,0.0047,-0.0101,-0.2718,-0.2010,0.1850,-0.0459,-0.0449,0.0837,-0.0773,0.1565,-0.4077,-0.1363,3.3829,-6.6946,-2.3663,2.7973,6.4049,-4.6170
74056366,0.0033,-0.0108,-0.3244,-0.0828,0.2317,-0.0612,-0.0181,0.0704,-0.0795,0.1566,-0.4427,0.0220,2.5751,-7.8311,-0.8165,2.7991,6.3388,-4.5925
74061366,0.0013,-0.0111,-0.3946,-0.0171,0.2247,-0.0808,0.0045,0.0677,-0.0820,0.1573,-0.4934,0.1313,2.0904,-8.6440,1.3065,2.7986,6.2899,-4.5497
74066366,-0.0009,-0.0107,-0.4487,0.0458,0.2418,-0.0967,0.0247,0.0627,-0.0845,0.1583,-0.5013,0.2067,-0.6198,-9.1056,1.6880,2.7492,6.2273,-4.5349
74071366,-0.0032,-0.0103,-0.4523,0.0739,0.2574,-0.1062,0.0370,0.0593,-0.0869,0.1596,-0.4950,0.2587,-0.6761,-9.3807,3.0171,2.7454,6.1847,-4.4984
74076366,-0.0053,-0.0099,-0.4288,0.1255,0.2595,-0.1075,0.0487,0.0489,-0.0891,0.1613,-0.4354,0.3275,-2.1808,-9.3725,4.1888,2.7068,6.1282,-4.4535
74081366,-0.0074,-0.0091,-0.3983,0.2065,0.3239,-0.1082,0.0643,0.0315,-0.0910,0.1633,-0.3706,0.4122,-3.4109,-8.7394,5.0803,2.6713,6.1054,-4.4171
74086366,-0.0094,-0.0079,-0.3809,0.2786,0.4244,-0.1112,0.0794,0.0155,-0.0925,0.1657,-0.3132,0.4758,-4.7953,-7.5089,5.7423,2.6204,6.0793,-4.3725
74091366,-0.0112,-0.0065,-0.3421,0.3326,0.4061,-0.1085,0.0913,0.0016,-0.0938,0.1683,-0.2445,0.5127,-5.7702,-6.1665,5.9360,2.5795,6.0789,-4.3457
74096366,-0.0126,-0.0048,-0.2453,0.3436,0.2787,-0.0907,0.0913,-0.0112,-0.0943,0.1708,-0.1077,0.5038,-7.1389,-4.5445,6.2266,2.5132,6.0793,-4.3026
74101366,-0.0135,-0.0031,-0.1374,0.3360,0.2164,-0.0708,0.0861,-0.0236,-0.0942,0.1732,0.0247,0.4852,-8.0976,-3.7055,6.3311,2.4638,6.0796,-4.2752
74106366,-0.0137,-0.0015,-0.0070,0.3445,0.2415,-0.0458,0.0787,-0.0421,-0.0933,0.1756,0.1684,0.4696,-8.7264,-2.7546,5.6665,2.4003,6.0792,-4.2513
74111366,-0.0132,0.0001,0.1158,0.3519,0.2341,-0.0193,0.0702,-0.0599,-0.0918,0.1778,0.3068,0.4437,-9.5766,-1.5812,4.6143,2.3463,6.0934,-4.2518
74116366,-0.0120,0.0020,0.2294,0.4343,0.1798,0.0096,0.0740,-0.0904,-0.0896,0.1802,0.4375,0.4783,-10.1857,0.4139,3.3960,2.2743,6.1308,-4.2521
74121366,-0.0107,0.0040,0.2352,0.4456,0.2152,0.0164,0.0766,-0.1013,-0.0873,0.1825,0.4560,0.4596,-10.5238,1.8256,2.7868,2.2260,6.1637,-4.2519
74126366,-0.0095,0.0063,0.2468,0.4258,0.2665,0.0235,0.0744,-0.1081,-0.0850,0.1845,0.4773,0.4069,-10.7119,3.3110,2.0669,2.1581,6.2073,-4.2517
74131366,-0.0082,0.0081,0.2896,0.3482,0.2735,0.0364,0.0603,-0.1072,-0.0824,0.1861,0.5127,0.3159,-10.3243,3.7241,1.5747,2.1232,6.2290,-4.2541
74136366,-0.0066,0.0095,0.3253,0.2587,0.3276,0.0476,0.0401,-0.1002,-0.0797,0.1869,0.5306,0.1719,-9.7672,5.0772,-0.7317,2.0732,6.2825,-4.2979
74141366,-0.0047,0.0107,0.3656,0.2248,0.3887,0.0607,0.0292,-0.1048,-0.0770,0.1875,0.5503,0.1108,-9.0671,5.4949,-2.1362,2.0487,6.3120,-4.3314
74146366,-0.0025,0.0117,0.3830,0.2129,0.3520,0.0706,0.0243,-0.1084,-0.0743,0.1878,0.5357,0.0688,-7.7207,5.9983,-3.6606,2.0271,6.3577,-4.3794
74151366,-0.0007,0.0123,0.3409,0.1023,0.3068,0.0700,0.0079,-0.0897,-0.0719,0.1875,0.4893,-0.0613,-7.5517,6.5786,-4.3948,1.9996,6.3952,-4.4093
74156366,0.0009,0.0126,0.3222,0.0263,0.3612,0.0688,-0.0056,-0.0771,-0.0697,0.1867,0.4255,-0.1582,-5.5797,6.6273,-5.7455,1.9998,6.4358,-4.4675
74161366,0.0025,0.0115,0.3030,-0.2330,0.2464,0.0707,-0.0516,-0.0286,-0.0678,0.1846,0.3784,-0.4258,-4.5655,6.2972,-6.6316,1.9997,6.4555,-4.5102
74166366,0.0037,0.0099,0.2501,-0.3439,0.2158,0.0636,-0.0722,0.0002,-0.0664,0.1819,0.2936,-0.5485,-3.3823,6.0221,-7.7023,1.9996,6.4863,-4.5740
74171366,0.0051,0.0078,0.2282,-0.4282,0.2803,0.0617,-0.0942,0.0217,-0.0652,0.1787,0.2420,-0.6376,-2.2878,5.5574,-8.4961,2.0095,6.5007,-4.6219
74176366,0.0064,0.0054,0.2181,-0.4658,0.3279,0.0602,-0.1079,0.0352,-0.0643,0.1754,0.1765,-0.6599,0.0000,4.1116,-8.9183,2.0496,6.5006,-4.6822
74181366,0.0077,0.0031,0.2251,-0.4707,0.3032,0.0664,-0.1187,0.0408,-0.0634,0.1721,0.1744,-0.6575,0.0000,3.3370,-9.2113,2.0496,6.5001,-4.7243
74186366,0.0086,0.0005,0.2004,-0.4832,0.2091,0.0630,-0.1245,0.0535,-0.0629,0.1689,0.1064,-0.6417,1.6249,1.4936,-9.1559,2.0874,6.4791,-4.7783
74191366,0.0096,-0.0019,0.1594,-0.4911,0.1914,0.0591,-0.1300,0.0635,-0.0626,0.1658,0.0604,-0.6174,1.6802,0.1733,-8.3197,2.0950,6.4555,-4.7974
74196366,0.0104,-0.0044,0.1038,-0.4685,0.3331,0.0473,-0.1288,0.0688,-0.0627,0.1630,-0.0262,-0.5552,2.8431,-1.8012,-7.6403,2.1337,6.4117,-4.8303
74201366,0.0108,-0.0067,0.0382,-0.4606,0.4941,0.0343,-0.1299,0.0767,-0.0632,0.1605,-0.0927,-0.5095,2.8431,-3.1201,-6.4295,2.1451,6.3750,-4.8345
74206366,0.0103,-0.0089,-0.1240,-0.3809,0.3349,0.0018,-0.1014,0.0867,-0.0645,0.1586,-0.2710,-0.3784,3.7523,-4.8727,-4.7344,2.1835,6.3164,-4.8339
74211366,0.0097,-0.0106,-0.1500,-0.3076,0.2427,-0.0044,-0.0883,0.0834,-0.0660,0.1572,-0.2991,-0.2752,3.7523,-6.0067,-3.8626,2.1985,6.2718,-4.8338
74216366,0.0087,-0.0118,-0.2367,-0.1939,0.2735,-0.0251,-0.0613,0.0759,-0.0679,0.1566,-0.3806,-0.1247,3.1881,-7.5099,-2.8939,2.2088,6.2012,-4.8346
74221366,0.0073,-0.0124,-0.3094,-0.0782,0.3044,-0.0437,-0.0330,0.0651,-0.0701,0.1567,-0.4360,0.0273,2.5768,-8.3375,-1.2815,2.2081,6.1528,-4.8109
74226366,0.0055,-0.0128,-0.3839,-0.0302,0.2671,-0.0640,-0.0133,0.0670,-0.0726,0.1573,-0.5027,0.1080,1.9185,-9.6417,-0.3930,2.2085,6.0725,-4.7968
74231366,0.0034,-0.0127,-0.4371,-0.0107,0.2357,-0.0812,0.0015,0.0707,-0.0753,0.1580,-0.5419,0.1577,1.5894,-10.1750,1.1076,2.2089,6.0221,-4.7660
74236366,0.0013,-0.0126,-0.4319,-0.0058,0.2574,-0.0883,0.0075,0.0709,-0.0780,0.1590,-0.5263,0.1885,1.1662,-10.8632,2.1627,2.2086,5.9447,-4.7346
74241366,-0.0010,-0.0127,-0.4285,-0.0153,0.2644,-0.0951,0.0098,0.0751,-0.0804,0.1600,-0.4984,0.1971,0.1094,-11.1066,3.1392,2.1908,5.8959,-4.7038
74246366,-0.0031,-0.0129,-0.4056,0.0177,0.2644,-0.0972,0.0168,0.0703,-0.0827,0.1612,-0.4516,0.2441,-0.7487,-11.0538,4.1355,2.1701,5.8306,-4.6612
74251366,-0.0049,-0.0123,-0.3540,0.1677,0.3704,-0.0931,0.0400,0.0390,-0.0845,0.1632,-0.3618,0.3972,-2.5208,-10.7182,4.6872,2.1282,5.7942,-4.6333
74256366,-0.0067,-0.0113,-0.3381,0.2303,0.3841,-0.0938,0.0537,0.0253,-0.0860,0.1655,-0.2992,0.4606,-4.3188,-9.8266,5.6411,2.0714,5.7506,-4.5839
74261366,-0.0082,-0.0103,-0.2816,0.2428,0.2571,-0.0855,0.0569,0.0188,-0.0871,0.1678,-0.2191,0.4623,-5.0728,-8.8455,5.9024,2.0367,5.7336,-4.5561
74266366,-0.0094,-0.0091,-0.2049,0.2514,0.2051,-0.0715,0.0556,0.0081,-0.0876,0.1701,-0.0982,0.4567,-6.9050,-7.6353,6.1637,1.9639,5.7064,-4.5139
74271366,-0.0101,-0.0079,-0.1078,0.2556,0.2616,-0.0543,0.0496,-0.0053,-0.0875,0.1723,0.0255,0.4429,-7.6878,-6.2600,6.3298,1.9192,5.7061,-4.4856
74276366,-0.0102,-0.0067,0.0125,0.2639,0.2506,-0.0294,0.0406,-0.0208,-0.0866,0.1744,0.1725,0.4178,-8.7042,-4.6096,5.7439,1.8501,5.7066,-4.4598
74281366,-0.0097,-0.0054,0.1295,0.2975,0.2421,-0.0033,0.0369,-0.0429,-0.0851,0.1766,0.3083,0.4369,-9.4600,-3.7844,5.5975,1.7988,5.7063,-4.4403
74286366,-0.0088,-0.0040,0.1939,0.3280,0.2714,0.0129,0.0365,-0.0598,-0.0832,0.1788,0.3822,0.4410,-9.9107,-2.7942,4.8109,1.7321,5.7064,-4.4236
74291366,-0.0074,-0.0024,0.2437,0.3574,0.2552,0.0283,0.0380,-0.0761,-0.0810,0.1810,0.4333,0.4497,-10.1928,-2.2990,3.9195,1.6860,5.7061,-4.4239
74296366,-0.0063,-0.0007,0.2605,0.3745,0.2980,0.0354,0.0411,-0.0879,-0.0788,0.1832,0.4476,0.4430,-10.2444,-1.6939,2.9231,1.6233,5.7063,-4.4234
74301366,-0.0047,0.0012,0.3354,0.3674,0.3175,0.0555,0.0353,-0.1030,-0.0762,0.1854,0.5182,0.4233,-10.1051,-1.3638,2.3988,1.5851,5.7068,-4.4232
74306366,-0.0029,0.0029,0.3671,0.3106,0.3475,0.0659,0.0235,-0.1028,-0.0736,0.1870,0.5166,0.3309,-9.0411,-1.0337,0.3373,1.5485,5.7061,-4.4555
74311366,-0.0010,0.0043,0.3583,0.2456,0.4137,0.0694,0.0139,-0.0992,-0.0711,0.1883,0.4886,0.2585,-8.0178,-0.8687,0.0000,1.5356,5.7057,-4.4609
74316366,0.0010,0.0055,0.3693,0.2169,0.4391,0.0773,0.0068,-0.1010,-0.0688,0.1893,0.4760,0.1993,-7.4544,-0.6487,-1.8275,1.4991,5.7057,-4.5045
74321366,0.0028,0.0065,0.3714,0.1836,0.3896,0.0834,0.0018,-0.1002,-0.0665,0.1900,0.4486,0.1504,-6.1022,-0.4836,-2.7160,1.4991,5.7068,-4.5305
74326366,0.0045,0.0071,0.3015,0.1011,0.2931,0.0748,-0.0055,-0.0805,-0.0648,0.1902,0.3374,0.0405,-4.5246,-0.3736,-4.4571,1.4991,5.7063,-4.5871
74331366,0.0058,0.0074,0.2450,0.0464,0.2638,0.0681,-0.0106,-0.0676,-0.0635,0.1901,0.2577,-0.0306,-3.6794,-0.3186,-5.5052,1.4996,5.7061,-4.6273
74336366,0.0069,0.0074,0.1851,-0.0333,0.2589,0.0589,-0.0204,-0.0484,-0.0627,0.1895,0.1706,-0.1244,-2.4573,-0.2086,-6.3442,1.5050,5.7066,-4.6786
74341366,0.0078,0.0069,0.1622,-0.1161,0.2293,0.0557,-0.0342,-0.0303,-0.0621,0.1884,0.1122,-0.2174,-0.7340,-0.2086,-7.0277,1.5329,5.7058,-4.7192
74346366,0.0082,0.0058,0.0947,-0.2495,0.2308,0.0427,-0.0546,0.0030,-0.0620,0.1866,0.0250,-0.3616,0.1077,-0.1535,-7.6923,1.5499,5.7059,-4.7774
74351366,0.0087,0.0044,0.0754,-0.2862,0.3081,0.0391,-0.0656,0.0147,-0.0620,0.1845,-0.0099,-0.4060,0.7577,-0.1535,-8.2149,1.5639,5.7054,-4.8202
74356366,0.0091,0.0029,0.0354,-0.3036,0.4076,0.0301,-0.0717,0.0260,-0.0624,0.1824,-0.0711,-0.4326,1.6862,-0.1535,-8.8298,1.5914,5.7045,-4.8841
74361366,0.0092,0.0012,-0.0299,-0.3155,0.3719,0.0172,-0.0720,0.0404,-0.0631,0.1802,-0.1496,-0.4365,2.1845,-0.6890,-8.8298,1.6083,5.6928,-4.9194
74366366,0.0088,-0.0004,-0.1179,-0.3021,0.2641,-0.0012,-0.0622,0.0532,-0.0644,0.1782,-0.2553,-0.3935,2.7937,-2.1089,-8.2674,1.6368,5.6547,-4.9592
74371366,0.0082,-0.0020,-0.1723,-0.2850,0.2931,-0.0149,-0.0569,0.0606,-0.0660,0.1765,-0.3149,-0.3541,2.7937,-3.1641,-7.8280,1.6480,5.6223,-4.9820
74376366,0.0073,-0.0035,-0.2132,-0.2660,0.4168,-0.0279,-0.0523,0.0642,-0.0678,0.1750,-0.3554,-0.2962,2.7937,-4.4505,-6.4989,1.6648,5.5746,-5.0000
74381366,0.0063,-0.0050,-0.2392,-0.2694,0.4638,-0.0370,-0.0523,0.0716,-0.0697,0.1736,-0.3764,-0.2686,2.6332,-5.3716,-5.3359,1.6727,5.5371,-5.0005
74386365,0.0050,-0.0063,-0.3009,-0.2382,0.3239,-0.0511,-0.0402,0.0788,-0.0718,0.1726,-0.4213,-0.2060,1.9914,-6.0945,-3.9514,1.6736,5.4884,-5.0006
74391366,0.0035,-0.0070,-0.3341,-0.0971,0.1462,-0.0606,-0.0096,0.0646,-0.0740,0.1724,-0.4471,-0.0452,1.6171,-6.6997,-3.2315,1.6733,5.4510,-5.0005
74396366,0.0016,-0.0072,-0.4010,0.0031,0.2164,-0.0811,0.0167,0.0561,-0.0765,0.1728,-0.5033,0.0780,1.1892,-7.2839,-2.2608,1.6731,5.3976,-4.9979
74401366,-0.0006,-0.0073,-0.4175,0.0192,0.2506,-0.0908,0.0252,0.0559,-0.0789,0.1734,-0.4829,0.1221,-0.3323,-7.6004,-0.6985,1.6455,5.3614,-4.9727
74406366,-0.0028,-0.0068,-0.4215,0.0730,0.2693,-0.0983,0.0406,0.0474,-0.0812,0.1744,-0.4583,0.1966,-1.5701,-7.8801,0.4195,1.6137,5.3094,-4.9501
74411366,-0.0048,-0.0066,-0.3812,0.0837,0.2494,-0.0960,0.0433,0.0431,-0.0832,0.1755,-0.3864,0.2216,-2.6843,-7.6377,1.6256,1.5824,5.2830,-4.9213
74416366,-0.0064,-0.0062,-0.2841,0.1176,0.2745,-0.0820,0.0424,0.0291,-0.0845,0.1767,-0.2640,0.2454,-3.8152,-6.9664,1.6256,1.5396,5.2512,-4.9115
74421366,-0.0078,-0.0055,-0.2685,0.1772,0.4049,-0.0839,0.0526,0.0157,-0.0855,0.1782,-0.2134,0.2976,-5.1111,-5.9853,2.1221,1.4957,5.2454,-4.8949
74426366,-0.0090,-0.0047,-0.2443,0.2080,0.4574,-0.0820,0.0592,0.0052,-0.0863,0.1799,-0.1546,0.3399,-6.7403,-5.9853,2.8944,1.4280,5.2095,-4.8628
74431366,-0.0099,-0.0035,-0.1478,0.2578,0.3545,-0.0644,0.0639,-0.0131,-0.0865,0.1818,-0.0407,0.3757,-7.2903,-5.0501,2.8944,1.3895,5.2059,-4.8512
74436366,-0.0103,-0.0021,-0.0589,0.2856,0.2299,-0.0452,0.0651,-0.0288,-0.0861,0.1837,0.0796,0.3889,-8.2904,-3.7298,3.2334,1.3221,5.2062,-4.8261
74441366,-0.0096,-0.0009,0.1756,0.2483,0.2042,0.0042,0.0383,-0.0503,-0.0845,0.1854,0.3282,0.3418,-8.7751,-3.0696,3.2334,1.2779,5.2058,-4.8132
74446366,-0.0084,0.0003,0.2764,0.2526,0.2155,0.0302,0.0282,-0.0667,-0.0822,0.1870,0.4546,0.3173,-9.5550,-1.3902,2.9759,1.2075,5.2248,-4.7991
74451366,-0.0067,0.0016,0.3210,0.2984,0.2122,0.0460,0.0294,-0.0835,-0.0797,0.1886,0.5009,0.3186,-9.7154,0.0516,1.4261,1.1659,5.2513,-4.8212
74456366,-0.0047,0.0032,0.3424,0.3296,0.2479,0.0570,0.0331,-0.0996,-0.0771,0.1903,0.5162,0.3361,-9.8262,0.0516,0.5059,1.1052,5.2516,-4.8352
74461366,-0.0030,0.0050,0.3479,0.3338,0.3035,0.0629,0.0352,-0.1097,-0.0746,0.1919,0.5051,0.3271,-9.3155,0.0516,-0.3862,1.0767,5.2518,-4.8516
74466366,-0.0012,0.0065,0.3870,0.2755,0.3395,0.0758,0.0209,-0.1097,-0.0720,0.1931,0.5244,0.2301,-7.9691,1.5545,-1.4895,1.0498,5.2850,-4.8811
74471366,0.0008,0.0073,0.4078,0.1481,0.3716,0.0852,-0.0040,-0.0955,-0.0694,0.1935,0.5175,0.0826,-6.8921,1.7000,-2.6955,1.0421,5.2947,-4.9129
74476366,0.0030,0.0078,0.4032,0.0638,0.4058,0.0913,-0.0220,-0.0848,-0.0669,0.1933,0.4967,-0.0293,-6.8921,1.7000,-4.5601,1.0008,5.3049,-4.9727
74481366,0.0051,0.0080,0.3852,0.0483,0.4226,0.0940,-0.0264,-0.0837,-0.0647,0.1930,0.4502,-0.0588,-5.7089,1.7000,-5.5015,0.9992,5.3117,-5.0125
74486366,0.0065,0.0075,0.2385,-0.0791,0.3166,0.0695,-0.0368,-0.0449,-0.0634,0.1920,0.2596,-0.2125,-4.0335,1.7000,-7.2694,1.0031,5.3219,-5.0861
74491366,0.0074,0.0070,0.1542,-0.1283,0.2830,0.0544,-0.0393,-0.0260,-0.0627,0.1906,0.1381,-0.2731,-2.3102,1.6440,-8.0969,1.0248,5.3275,-5.1332
74496366,0.0083,0.0061,0.1701,-0.2086,0.1954,0.0591,-0.0572,-0.0094,-0.0621,0.1888,0.1128,-0.3650,-0.6945,1.2525,-9.2632,1.0497,5.3284,-5.2075
74501366,0.0089,0.0049,0.1341,-0.2642,0.1269,0.0533,-0.0664,0.0082,-0.0619,0.1867,0.0469,-0.4210,0.5107,0.7379,-9.8105,1.0731,5.3225,-5.2562
74506366,0.0096,0.0033,0.0956,-0.3134,0.1492,0.0463,-0.0757,0.0237,-0.0620,0.1844,-0.0194,-0.4508,1.0678,-0.9696,-10.2247,1.0902,5.2866,-5.3245
74511366,0.0101,0.0016,0.0440,-0.3519,0.2625,0.0345,-0.0844,0.0398,-0.0625,0.1820,-0.1004,-0.4884,2.4521,-1.3311,-10.5288,1.1251,5.2753,-5.3722
74516366,0.0104,-0.0002,0.0110,-0.3558,0.3911,0.0272,-0.0885,0.0463,-0.0632,0.1796,-0.1382,-0.4700,2.4521,-2.3638,-10.0596,1.1398,5.2418,-5.4259
74521366,0.0102,-0.0021,-0.0434,-0.3448,0.3575,0.0144,-0.0848,0.0566,-0.0643,0.1775,-0.2220,-0.4341,3.6288,-3.7391,-9.7666,1.1752,5.2018,-5.4602
74526366,0.0098,-0.0040,-0.1200,-0.3409,0.2769,-0.0011,-0.0791,0.0696,-0.0658,0.1755,-0.3028,-0.3994,3.6288,-5.0170,-8.9818,1.1969,5.1501,-5.5011
74531366,0.0093,-0.0055,-0.1466,-0.3210,0.4370,-0.0097,-0.0778,0.0707,-0.0674,0.1737,-0.3217,-0.3446,3.6758,-5.7029,-7.3204,1.2124,5.1142,-5.5004
74536366,0.0083,-0.0071,-0.2456,-0.2773,0.3441,-0.0319,-0.0604,0.0791,-0.0695,0.1724,-0.4229,-0.2607,3.6758,-7.1870,-6.1021,1.2345,5.0458,-5.5149
74541366,0.0069,-0.0084,-0.3082,-0.2053,0.1978,-0.0480,-0.0411,0.0816,-0.0720,0.1716,-0.4909,-0.1773,3.6194,-7.9489,-6.1021,1.2481,5.0007,-5.5393
74546366,0.0052,-0.0090,-0.3720,-0.0764,0.1642,-0.0641,-0.0101,0.0679,-0.0746,0.1715,-0.5216,-0.0032,2.6616,-8.4991,-3.6100,1.2478,4.9407,-5.5192
74551366,0.0032,-0.0091,-0.4209,0.0214,0.2647,-0.0814,0.0145,0.0568,-0.0773,0.1722,-0.5544,0.1247,2.2109,-9.0345,-2.1147,1.2486,4.8945,-5.5004
74556366,0.0011,-0.0089,-0.4808,0.0321,0.3362,-0.0991,0.0262,0.0601,-0.0802,0.1730,-0.5701,0.1639,-0.0470,-9.6867,-0.8482,1.2098,4.8254,-5.4853
74561366,-0.0015,-0.0087,-0.5171,0.0232,0.3071,-0.1151,0.0356,0.0677,-0.0832,0.1739,-0.5946,0.1770,-0.0940,-9.7837,0.5371,1.2085,4.7846,-5.4584
74566366,-0.0042,-0.0087,-0.5110,0.0235,0.2439,-0.1206,0.0407,0.0705,-0.0859,0.1748,-0.5438,0.1929,-1.6985,-9.3189,2.0578,1.1697,4.7361,-5.4219
74571366,-0.0065,-0.0085,-0.4423,0.0696,0.2503,-0.1148,0.0455,0.0597,-0.0881,0.1760,-0.4502,0.2340,-2.9721,-8.9888,2.0578,1.1357,4.7056,-5.4137
74576366,-0.0085,-0.0077,-0.3754,0.2046,0.4913,-0.1092,0.0636,0.0268,-0.0898,0.1779,-0.3328,0.3714,-4.8376,-7.9986,3.2162,1.0749,4.6762,-5.3767
74581365,-0.0101,-0.0066,-0.3045,0.2608,0.4284,-0.0993,0.0720,0.0109,-0.0910,0.1799,-0.2377,0.4145,-5.7581,-7.0737,3.2714,1.0347,4.6637,-5.3625
74586366,-0.0112,-0.0053,-0.1949,0.2987,0.3013,-0.0769,0.0732,-0.0079,-0.0913,0.1821,-0.0721,0.4371,-7.6750,-5.2238,4.0947,0.9555,4.6639,-5.3234
74591366,-0.0118,-0.0039,-0.0922,0.2889,0.2680,-0.0577,0.0666,-0.0192,-0.0911,0.1842,0.0503,0.4135,-8.3703,-4.2989,4.0947,0.9093,4.6633,-5.3071
74596366,-0.0119,-0.0026,0.0257,0.2776,0.2399,-0.0324,0.0558,-0.0326,-0.0901,0.1861,0.1999,0.3823,-9.7580,-3.1793,3.8857,0.8265,4.6634,-5.2873
74601366,-0.0113,-0.0013,0.1518,0.2856,0.2345,-0.0046,0.0473,-0.0516,-0.0884,0.1880,0.3403,0.3816,-10.2965,-2.5951,3.8857,0.7752,4.6636,-5.2718
74606365,-0.0101,0.0001,0.2181,0.3308,0.2528,0.0155,0.0466,-0.0717,-0.0862,0.1899,0.4425,0.3862,-11.2361,-0.0772,3.6673,0.6910,4.7054,-5.2529
74611366,-0.0087,0.0018,0.2355,0.3766,0.2143,0.0241,0.0548,-0.0871,-0.0839,0.1920,0.4506,0.4058,-11.5035,0.0000,1.9949,0.6399,4.7065,-5.2749
74616366,-0.0074,0.0038,0.2450,0.3751,0.2225,0.0309,0.0556,-0.0950,-0.0816,0.1938,0.4600,0.3687,-11.7715,0.9295,0.5316,0.5642,4.7261,-5.2983
74621366,-0.0062,0.0057,0.2633,0.3497,0.2940,0.0381,0.0509,-0.1003,-0.0793,0.1954,0.4726,0.3143,-11.3406,2.0138,-0.3390,0.5267,4.7543,-5.3146
74626365,-0.0046,0.0065,0.3436,0.1481,0.3169,0.0579,0.0076,-0.0777,-0.0766,0.1958,0.5315,0.0807,-10.4955,2.6926,-1.8109,0.4778,4.7805,-5.3508
74631366,-0.0028,0.0071,0.3650,0.0892,0.3753,0.0670,-0.0071,-0.0743,-0.0739,0.1958,0.5323,0.0027,-9.6491,2.9834,-2.8039,0.4536,4.7982,-5.3807
74636366,-0.0007,0.0074,0.3735,0.0834,0.3649,0.0746,-0.0123,-0.0764,-0.0714,0.1956,0.5084,-0.0311,-8.4301,3.2631,-4.4114,0.4232,4.8217,-5.4339
74641366,0.0012,0.0076,0.3467,0.0140,0.2955,0.0755,-0.0233,-0.0635,-0.0691,0.1951,0.4505,-0.1162,-6.8792,3.5428,-5.1925,0.4237,4.8414,-5.4694
74646366,0.0026,0.0074,0.2966,-0.0648,0.2708,0.0690,-0.0344,-0.0450,-0.0673,0.1940,0.3601,-0.2105,-5.0608,3.5428,-6.2385,0.4244,4.8626,-5.5260
74651366,0.0039,0.0068,0.2422,-0.1561,0.2723,0.0620,-0.0492,-0.0233,-0.0659,0.1924,0.2831,-0.3140,-4.1516,3.5428,-7.0594,0.4242,4.8768,-5.5694
74656366,0.0052,0.0056,0.2312,-0.2627,0.2671,0.0624,-0.0713,-0.0014,-0.0647,0.1903,0.2366,-0.4220,-3.0349,2.6459,-8.0537,0.4249,4.8774,-5.6349
74661366,0.0065,0.0040,0.2196,-0.3262,0.2002,0.0636,-0.0864,0.0152,-0.0638,0.1879,0.1920,-0.4838,-1.5302,2.1711,-8.4207,0.4458,4.8775,-5.6747
74666366,0.0073,0.0020,0.1958,-0.3815,0.1691,0.0597,-0.0980,0.0318,-0.0631,0.1854,0.1279,-0.5060,-0.5898,-0.3356,-8.7137,0.4596,4.8334,-5.7319
74671365,0.0081,-0.0002,0.1399,-0.3888,0.4009,0.0473,-0.1049,0.0423,-0.0629,0.1828,0.0500,-0.5116,0.4714,-0.6153,-8.8798,0.4797,4.8255,-5.7705
74676366,0.0087,-0.0022,0.0779,-0.3748,0.4110,0.0360,-0.1017,0.0499,-0.0631,0.1805,-0.0344,-0.4635,1.3729,-2.1666,-8.1482,0.5050,4.7858,-5.8076
74681366,0.0089,-0.0040,-0.0192,-0.3619,0.3649,0.0179,-0.0945,0.0626,-0.0638,0.1784,-0.1401,-0.4270,1.3729,-3.4575,-7.8576,0.5105,4.7489,-5.8343
74686366,0.0087,-0.0061,-0.0721,-0.3738,0.3930,0.0049,-0.0950,0.0750,-0.0649,0.1764,-0.2167,-0.3992,2.8269,-4.7228,-6.4530,0.5505,4.6994,-5.8477
74691366,0.0081,-0.0080,-0.1411,-0.3381,0.4012,-0.0116,-0.0866,0.0828,-0.0663,0.1746,-0.2948,-0.3475,2.8269,-5.7938,-6.4530,0.5618,4.6565,-5.8735
74696366,0.0072,-0.0097,-0.1952,-0.2847,0.3505,-0.0245,-0.0730,0.0841,-0.0681,0.1734,-0.3466,-0.2484,2.8269,-7.2004,-4.7981,0.5788,4.5893,-5.8742
74701366,0.0062,-0.0109,-0.2459,-0.2007,0.2763,-0.0372,-0.0536,0.0801,-0.0700,0.1727,-0.3923,-0.1357,2.5484,-8.1588,-3.8253,0.5843,4.5398,-5.8723
74706366,0.0047,-0.0114,-0.3228,-0.0721,0.2134,-0.0551,-0.0209,0.0678,-0.0722,0.1729,-0.4453,0.0399,1.8984,-8.9920,-1.5005,0.5846,4.4717,-5.8419
74711366,0.0030,-0.0116,-0.3693,0.0076,0.2341,-0.0696,-0.0001,0.0607,-0.0746,0.1736,-0.4728,0.1390,0.7359,-9.7178,-0.9193,0.5673,4.4197,-5.8345
74716366,0.0008,-0.0115,-0.4172,0.0107,0.2855,-0.0861,0.0103,0.0648,-0.0771,0.1745,-0.4924,0.1766,-0.2154,-10.1804,0.9407,0.5478,4.3503,-5.7959
74721366,-0.0013,-0.0113,-0.4447,0.0238,0.2949,-0.1002,0.0206,0.0683,-0.0797,0.1755,-0.5208,0.1946,-0.3281,-10.5160,0.9407,0.5447,4.3020,-5.7921
74726366,-0.0034,-0.0111,-0.4227,0.0751,0.2949,-0.1006,0.0314,0.0579,-0.0819,0.1768,-0.4469,0.2705,-2.4505,-10.4549,2.6575,0.4928,4.2396,-5.7459
74731366,-0.0052,-0.0107,-0.3399,0.1374,0.3197,-0.0899,0.0379,0.0398,-0.0836,0.1785,-0.3339,0.3371,-3.6730,-10.0698,3.3410,0.4557,4.2056,-5.7211
74736366,-0.0069,-0.0098,-0.3057,0.2126,0.4455,-0.0887,0.0508,0.0208,-0.0849,0.1806,-0.2622,0.4160,-5.0214,-9.3630,4.3048,0.4024,4.1608,-5.6791
74741366,-0.0082,-0.0088,-0.2789,0.2505,0.4904,-0.0876,0.0587,0.0100,-0.0859,0.1828,-0.2093,0.4496,-6.1860,-8.8761,4.5145,0.3563,4.1347,-5.6569
74746366,-0.0092,-0.0074,-0.1552,0.2663,0.3319,-0.0623,0.0546,-0.0051,-0.0862,0.1850,-0.0445,0.4381,-7.4432,-6.8186,4.7352,0.2897,4.1282,-5.6254
74751366,-0.0097,-0.0061,-0.0858,0.2627,0.2451,-0.0484,0.0520,-0.0130,-0.0859,0.1871,0.0483,0.4155,-8.1757,-5.5524,4.7352,0.2442,4.1287,-5.6064
74756366,-0.0099,-0.0050,0.0086,0.2413,0.2378,-0.0287,0.0409,-0.0213,-0.0851,0.1889,0.1690,0.3679,-9.1678,-4.1280,4.3962,0.1730,4.1283,-5.5850
74761366,-0.0094,-0.0039,0.1151,0.2498,0.2580,-0.0065,0.0330,-0.0364,-0.0837,0.1907,0.2786,0.3531,-9.3893,-3.3894,3.5728,0.1319,4.1280,-5.5856
74766366,-0.0083,-0.0025,0.2416,0.3415,0.2311,0.0232,0.0373,-0.0694,-0.0816,0.1928,0.4126,0.4177,-9.8429,-2.4925,2.6526,0.0646,4.1284,-5.5853
74771366,-0.0068,-0.0008,0.2560,0.3793,0.1801,0.0325,0.0448,-0.0843,-0.0795,0.1950,0.4277,0.4414,-9.8967,-2.0177,2.1683,0.0241,4.1289,-5.5853
74776366,-0.0055,0.0012,0.2666,0.3738,0.2558,0.0388,0.0451,-0.0938,-0.0773,0.1971,0.4368,0.4194,-9.8404,-1.4901,1.5871,-0.0340,4.1288,-5.5856
74781366,-0.0041,0.0030,0.2975,0.3384,0.3496,0.0487,0.0380,-0.1002,-0.0750,0.1990,0.4609,0.3730,-9.3702,-1.0357,1.2965,-0.0627,4.1324,-5.5856
74786366,-0.0026,0.0044,0.3271,0.2526,0.3768,0.0578,0.0197,-0.0919,-0.0727,0.2001,0.4585,0.2314,-7.7657,0.5842,-0.8275,-0.0825,4.1646,-5.6261
74791366,-0.0009,0.0054,0.3155,0.1805,0.4272,0.0617,0.0084,-0.0864,-0.0705,0.2009,0.4469,0.1594,-7.7657,0.5842,-0.8275,-0.1136,4.1669,-5.6294
74796366,0.0010,0.0063,0.3305,0.1698,0.4382,0.0682,0.0040,-0.0891,-0.0684,0.2015,0.4159,0.1156,-6.2152,0.5842,-3.0534,-0.1258,4.1704,-5.6852
74801365,0.0027,0.0068,0.3070,0.1323,0.3707,0.0695,-0.0007,-0.0830,-0.0666,0.2018,0.3662,0.0658,-5.1077,0.5842,-3.8834,-0.1263,4.1728,-5.7164
74806366,0.0040,0.0071,0.2505,0.0391,0.3255,0.0621,-0.0115,-0.0631,-0.0652,0.2016,0.2777,-0.0430,-3.7787,0.5842,-4.9356,-0.1262,4.1763,-5.7650
74811366,0.0048,0.0065,0.1405,-0.1448,0.2845,0.0431,-0.0348,-0.0193,-0.0644,0.2004,0.1477,-0.2401,-3.0588,0.5842,-5.8240,-0.1255,4.1786,-5.8043
74816366,0.0056,0.0054,0.1362,-0.2395,0.2137,0.0449,-0.0547,0.0017,-0.0638,0.1987,0.1219,-0.3490,-2.2836,0.5842,-6.7779,-0.1260,4.1821,-5.8610
74821366,0.0060,0.0040,0.1115,-0.3060,0.2064,0.0394,-0.0684,0.0211,-0.0635,0.1966,0.0645,-0.4213,-0.5722,0.5842,-7.1641,-0.0976,4.1845,-5.8972
74826366,0.0066,0.0020,0.0910,-0.3372,0.2778,0.0348,-0.0796,0.0341,-0.0634,0.1943,0.0190,-0.4558,0.4813,0.2921,-7.6812,-0.0747,4.1820,-5.9522
74831366,0.0071,0.0003,0.0699,-0.3561,0.4153,0.0305,-0.0886,0.0422,-0.0635,0.1920,-0.0120,-0.4631,0.4813,-0.6815,-7.8765,-0.0728,4.1611,-5.9875
74836366,0.0075,-0.0016,0.0302,-0.3665,0.4501,0.0223,-0.0924,0.0529,-0.0638,0.1897,-0.0743,-0.4583,1.5628,-1.4201,-7.5996,-0.0468,4.1417,-6.0282
74841366,0.0075,-0.0035,-0.0544,-0.3778,0.3368,0.0070,-0.0901,0.0701,-0.0646,0.1874,-0.1629,-0.4524,1.7979,-2.0005,-7.0248,-0.0350,4.1225,-6.0467
74846366,0.0071,-0.0056,-0.1292,-0.3769,0.2958,-0.0084,-0.0850,0.0821,-0.0658,0.1854,-0.2363,-0.3993,1.7979,-3.6710,-5.1956,-0.0242,4.0720,-6.0467
74851366,0.0063,-0.0076,-0.1628,-0.3622,0.4208,-0.0195,-0.0845,0.0878,-0.0672,0.1836,-0.2713,-0.3540,1.7979,-4.7860,-4.2549,-0.0170,4.0322,-6.0469
74856366,0.0055,-0.0092,-0.1866,-0.2776,0.4449,-0.0279,-0.0698,0.0806,-0.0687,0.1825,-0.2983,-0.2310,1.7979,-6.2656,-3.1574,-0.0062,3.9693,-6.0471
74861366,0.0044,-0.0105,-0.2611,-0.2138,0.2497,-0.0444,-0.0502,0.0850,-0.0705,0.1818,-0.3737,-0.1449,1.6852,-7.1862,-2.5825,-0.0013,3.9241,-6.0471
74866366,0.0031,-0.0113,-0.2776,-0.0977,0.1630,-0.0505,-0.0261,0.0703,-0.0724,0.1818,-0.3754,0.0110,1.2345,-8.1114,-0.8322,-0.0017,3.8590,-6.0239
74871366,0.0015,-0.0117,-0.3204,-0.0247,0.1957,-0.0648,-0.0068,0.0641,-0.0745,0.1824,-0.4104,0.1136,1.0091,-8.8870,0.3877,-0.0017,3.8090,-5.9997
74876366,-0.0001,-0.0117,-0.3680,0.0147,0.2739,-0.0788,0.0078,0.0606,-0.0766,0.1833,-0.4251,0.1926,-0.4702,-9.7849,2.1453,-0.0281,3.7343,-5.9582
74881365,-0.0019,-0.0117,-0.3763,0.0580,0.3200,-0.0868,0.0198,0.0548,-0.0787,0.1846,-0.4149,0.2595,-1.0815,-10.1149,3.4038,-0.0441,3.6879,-5.9223
74886366,-0.0039,-0.0114,-0.3763,0.0779,0.2852,-0.0926,0.0283,0.0533,-0.0806,0.1861,-0.3896,0.2920,-2.3651,-10.3583,4.0106,-0.0791,3.6212,-5.8894
74891366,-0.0057,-0.0110,-0.3433,0.1283,0.2598,-0.0922,0.0390,0.0433,-0.0824,0.1879,-0.3457,0.3497,-2.7527,-10.3583,4.5071,-0.0964,3.5798,-5.8617
74896365,-0.0072,-0.0103,-0.2813,0.1735,0.3682,-0.0844,0.0429,0.0273,-0.0835,0.1898,-0.2380,0.3957,-4.5566,-9.5379,5.3866,-0.1548,3.5362,-5.8135
74901366,-0.0086,-0.0094,-0.2618,0.2236,0.4791,-0.0859,0.0534,0.0141,-0.0845,0.1921,-0.1942,0.4498,-5.6355,-9.3440,5.8569,-0.1964,3.5026,-5.7809
74906366,-0.0092,-0.0081,-0.1222,0.2996,0.3490,-0.0566,0.0564,-0.0132,-0.0846,0.1946,-0.0148,0.5000,-6.7549,-7.2786,6.1892,-0.2550,3.4947,-5.7383
74911365,-0.0097,-0.0067,-0.0629,0.3082,0.2995,-0.0455,0.0584,-0.0244,-0.0843,0.1971,0.0565,0.5085,-7.4602,-7.2786,6.1892,-0.2972,3.4656,-5.7136
74916366,-0.0096,-0.0052,0.0458,0.3186,0.2961,-0.0226,0.0524,-0.0411,-0.0834,0.1996,0.1872,0.4953,-7.9950,-5.7382,6.1404,-0.3549,3.4564,-5.6777
74921366,-0.0089,-0.0036,0.1710,0.3375,0.3398,0.0044,0.0447,-0.0622,-0.0818,0.2020,0.3228,0.4845,-8.5488,-4.6930,5.1965,-0.3998,3.4564,-5.6735
74926366,-0.0077,-0.0019,0.2584,0.3763,0.3517,0.0265,0.0431,-0.0831,-0.0797,0.2044,0.4180,0.4850,-9.0892,-3.4827,3.8331,-0.4640,3.4562,-5.6738
74931365,-0.0061,-0.0001,0.2856,0.4023,0.2592,0.0396,0.0478,-0.0974,-0.0774,0.2069,0.4463,0.4918,-9.1455,-2.8225,3.2038,-0.5015,3.4567,-5.6740
74936366,-0.0044,0.0021,0.2862,0.4246,0.2015,0.0464,0.0551,-0.1092,-0.0752,0.2094,0.4380,0.4902,-8.7223,-2.1074,2.3124,-0.5474,3.4562,-5.6738
74941366,-0.0028,0.0042,0.2899,0.4087,0.2784,0.0520,0.0547,-0.1174,-0.0731,0.2117,0.4371,0.4601,-8.4014,-1.5674,1.8929,-0.5758,3.4594,-5.6738
74946366,-0.0014,0.0060,0.2978,0.3335,0.4403,0.0556,0.0392,-0.1117,-0.0709,0.2133,0.4246,0.3213,-7.1178,0.6713,-0.1465,-0.5950,3.5017,-5.7099
74951365,0.0001,0.0071,0.3054,0.1991,0.4617,0.0621,0.0159,-0.0957,-0.0688,0.2141,0.4212,0.1680,-7.1178,0.6713,-1.4202,-0.6234,3.5044,-5.7378
74956366,0.0016,0.0080,0.2773,0.1552,0.3734,0.0603,0.0126,-0.0873,-0.0671,0.2146,0.3479,0.0986,-5.3458,0.6713,-3.1238,-0.6256,3.5084,-5.7848
74961366,0.0029,0.0083,0.2297,0.0394,0.2916,0.0554,-0.0029,-0.0637,-0.0657,0.2144,0.2729,-0.0363,-4.4045,0.6713,-4.4175,-0.6263,3.5111,-5.8256
74966366,0.0037,0.0083,0.1436,-0.0394,0.3459,0.0389,-0.0103,-0.0418,-0.0649,0.2137,0.1552,-0.1351,-3.2416,0.6713,-5.7562,-0.6259,3.5151,-5.8830
74971366,0.0043,0.0077,0.0971,-0.1368,0.3435,0.0310,-0.0252,-0.0190,-0.0645,0.2125,0.0920,-0.2434,-2.6325,0.6713,-6.4903,-0.6255,3.5178,-5.9213
74976366,0.0048,0.0066,0.1121,-0.2462,0.2109,0.0359,-0.0477,0.0037,-0.0641,0.2107,0.0842,-0.3630,-1.6509,0.6713,-7.1775,-0.6196,3.5218,-5.9762
74981366,0.0052,0.0051,0.1026,-0.3030,0.1581,0.0337,-0.0607,0.0210,-0.0639,0.2086,0.0407,-0.4281,0.0535,0.6713,-7.7313,-0.5886,3.5245,-6.0175
74986366,0.0058,0.0032,0.0809,-0.3488,0.2265,0.0293,-0.0730,0.0350,-0.0639,0.2063,-0.0040,-0.4577,0.6418,-0.6196,-7.9403,-0.5734,3.5004,-6.0687
74991365,0.0064,0.0014,0.0800,-0.3668,0.3520,0.0300,-0.0852,0.0418,-0.0639,0.2039,-0.0052,-0.4764,0.6418,-0.6196,-7.9887,-0.5709,3.4980,-6.1015
74996366,0.0069,-0.0005,0.0608,-0.3638,0.3450,0.0287,-0.0893,0.0474,-0.0640,0.2016,-0.0224,-0.4536,0.6418,-1.1698,-7.2164,-0.5670,3.4829,-6.1324
75001366,0.0067,-0.0026,-0.0773,-0.3625,0.2574,0.0016,-0.0797,0.0682,-0.0649,0.1995,-0.1711,-0.4351,0.6888,-2.3250,-7.2164,-0.5635,3.4521,-6.1613
75006366,0.0063,-0.0044,-0.1106,-0.3354,0.3979,-0.0093,-0.0761,0.0702,-0.0660,0.1976,-0.2205,-0.3658,1.6762,-3.6881,-5.7482,-0.5351,3.4062,-6.1720
75011366,0.0059,-0.0062,-0.1231,-0.3170,0.5478,-0.0155,-0.0772,0.0717,-0.0671,0.1960,-0.2320,-0.3177,1.6762,-4.6377,-4.6994,-0.5284,3.3698,-6.1720
75016366,0.0050,-0.0078,-0.1833,-0.2587,0.4421,-0.0290,-0.0617,0.0738,-0.0686,0.1949,-0.2914,-0.2247,1.6762,-5.7564,-3.4933,-0.5183,3.3160,-6.1724
75021366,0.0041,-0.0089,-0.2172,-0.1869,0.2250,-0.0366,-0.0445,0.0724,-0.0702,0.1943,-0.3265,-0.1320,1.6762,-6.5321,-2.8641,-0.5116,3.2753,-6.1725
75026366,0.0030,-0.0095,-0.2480,-0.0709,0.1630,-0.0445,-0.0199,0.0582,-0.0719,0.1943,-0.3361,0.0167,0.6418,-7.4301,-1.5701,-0.5236,3.2154,-6.1611
75031366,0.0016,-0.0096,-0.2923,0.0281,0.2433,-0.0574,0.0032,0.0449,-0.0737,0.1951,-0.3531,0.1477,-0.2821,-7.8512,0.1655,-0.5423,3.1763,-6.1287
75036366,0.0001,-0.0096,-0.3461,0.0293,0.3093,-0.0743,0.0123,0.0502,-0.0757,0.1959,-0.4040,0.1720,-0.2821,-8.4558,1.1126,-0.5440,3.1147,-6.1068
75041366,-0.0017,-0.0092,-0.3897,0.0513,0.2619,-0.0875,0.0258,0.0516,-0.0778,0.1970,-0.4209,0.2101,-1.4587,-8.6236,2.0329,-0.5702,3.0775,-6.0815
75046366,-0.0035,-0.0090,-0.3470,0.0886,0.2210,-0.0847,0.0332,0.0430,-0.0796,0.1983,-0.3600,0.2630,-1.8923,-8.5266,3.1826,-0.5892,3.0278,-6.0433
75051366,-0.0052,-0.0084,-0.3060,0.1518,0.2888,-0.0822,0.0428,0.0283,-0.0811,0.1999,-0.2911,0.3208,-3.3320,-8.1652,3.1826,-0.6289,3.0011,-6.0306
75056366,-0.0067,-0.0076,-0.2728,0.2065,0.4479,-0.0811,0.0513,0.0126,-0.0822,0.2018,-0.2234,0.3770,-4.5614,-7.4423,4.0133,-0.6769,2.9702,-5.9924
75061366,-0.0081,-0.0064,-0.2520,0.2584,0.4983,-0.0819,0.0626,0.0001,-0.0831,0.2039,-0.1830,0.4173,-5.3153,-6.6721,4.0133,-0.7126,2.9566,-5.9763
75066366,-0.0091,-0.0050,-0.1753,0.2920,0.3560,-0.0662,0.0668,-0.0143,-0.0834,0.2060,-0.0636,0.4328,-6.7057,-4.9667,4.5015,-0.7764,2.9559,-5.9402
75071366,-0.0098,-0.0036,-0.1093,0.2822,0.2109,-0.0529,0.0651,-0.0203,-0.0833,0.2081,0.0237,0.4083,-7.5097,-4.0315,4.4491,-0.8208,2.9566,-5.9232
75076366,-0.0100,-0.0023,-0.0055,0.2615,0.2201,-0.0323,0.0542,-0.0304,-0.0825,0.2099,0.1476,0.3664,-8.3346,-2.9862,4.0820,-0.8843,2.9565,-5.9058
75081366,-0.0095,-0.0011,0.1255,0.2596,0.2949,-0.0052,0.0426,-0.0487,-0.0811,0.2117,0.2913,0.3564,-8.7989,-2.4361,4.0820,-0.9278,2.9566,-5.8925
75086366,-0.0086,0.0001,0.2233,0.2807,0.1868,0.0199,0.0379,-0.0649,-0.0791,0.2134,0.4024,0.3475,-9.0681,-0.9184,3.5855,-0.9872,2.9754,-5.8755
75091366,-0.0070,0.0016,0.2770,0.3305,0.1706,0.0375,0.0407,-0.0848,-0.0767,0.2153,0.4664,0.3655,-9.4062,0.4131,2.7799,-1.0314,3.0016,-5.8810
75096366,-0.0056,0.0033,0.2804,0.3189,0.3071,0.0398,0.0384,-0.0900,-0.0745,0.2168,0.4404,0.3148,-9.0189,0.4131,0.1580,-1.0802,3.0041,-5.9240
75101366,-0.0041,0.0047,0.3235,0.2605,0.3866,0.0537,0.0241,-0.0927,-0.0721,0.2180,0.4914,0.2428,-9.0189,1.3342,0.1580,-1.1162,3.0252,-5.9235
75106366,-0.0025,0.0054,0.3363,0.1307,0.3777,0.0603,-0.0002,-0.0746,-0.0697,0.2184,0.4729,0.0795,-7.7453,1.9160,-1.5135,-1.1406,3.0479,-5.9626
75111366,-0.0005,0.0059,0.3738,0.0733,0.3856,0.0743,-0.0160,-0.0730,-0.0672,0.2185,0.4972,0.0089,-7.4203,1.9160,-2.3996,-1.1650,3.0556,-5.9861
75116366,0.0017,0.0062,0.3968,0.0754,0.3734,0.0842,-0.0206,-0.0779,-0.0649,0.2184,0.4750,-0.0088,-5.4705,1.9160,-3.7404,-1.1644,3.0671,-6.0334
75121366,0.0037,0.0062,0.3589,-0.0192,0.3065,0.0846,-0.0365,-0.0598,-0.0628,0.2179,0.4206,-0.1180,-4.4955,2.4194,-4.2108,-1.1648,3.0865,-6.0562
75126366,0.0053,0.0059,0.3158,-0.0819,0.3068,0.0798,-0.0466,-0.0450,-0.0611,0.2169,0.3405,-0.1967,-3.3349,1.9719,-5.7446,-1.1649,3.0919,-6.1205
75131366,0.0065,0.0052,0.2282,-0.1634,0.2983,0.0651,-0.0543,-0.0223,-0.0600,0.2155,0.2136,-0.2673,-1.5808,1.0770,-5.9101,-1.1398,3.0783,-6.1444
75136366,0.0077,0.0037,0.1924,-0.3268,0.0827,0.0635,-0.0823,0.0156,-0.0592,0.2133,0.1517,-0.4379,-0.6394,0.7414,-6.7274,-1.1261,3.0778,-6.2015
75141366,0.0086,0.0019,0.1704,-0.3745,0.1459,0.0599,-0.0957,0.0302,-0.0587,0.2109,0.1020,-0.4861,0.8022,0.5810,-6.9227,-1.0974,3.0773,-6.2278
75146365,0.0094,-0.0002,0.1411,-0.3870,0.2992,0.0527,-0.1032,0.0390,-0.0585,0.2085,0.0357,-0.4761,1.8119,-1.3090,-7.3103,-1.0678,3.0364,-6.2841
75151366,0.0101,-0.0021,0.1103,-0.3561,0.3911,0.0467,-0.1022,0.0405,-0.0586,0.2064,-0.0209,-0.4283,2.8464,-2.3417,-7.2058,-1.0372,3.0093,-6.3057
75156366,0.0105,-0.0039,0.0363,-0.3390,0.3624,0.0332,-0.0960,0.0489,-0.0592,0.2045,-0.1120,-0.3756,3.5788,-3.8068,-6.2856,-1.0049,2.9627,-6.3346
75161366,0.0106,-0.0057,-0.0296,-0.3311,0.3365,0.0204,-0.0926,0.0593,-0.0601,0.2028,-0.1870,-0.3454,3.7479,-4.9094,-5.8981,-0.9866,2.9236,-6.3463
75166366,0.0104,-0.0074,-0.0583,-0.3580,0.3914,0.0124,-0.0981,0.0707,-0.0613,0.2011,-0.2275,-0.3464,4.1249,-6.0943,-5.3465,-0.9564,2.8661,-6.3745
75171366,0.0099,-0.0092,-0.1185,-0.3079,0.3643,-0.0012,-0.0868,0.0741,-0.0627,0.1997,-0.2929,-0.2689,4.3403,-7.1011,-4.5190,-0.9348,2.8193,-6.3741
75176366,0.0092,-0.0107,-0.1561,-0.2728,0.2656,-0.0094,-0.0780,0.0772,-0.0644,0.1987,-0.3250,-0.1956,4.0153,-8.3963,-3.2502,-0.9155,2.7467,-6.3748
75181365,0.0083,-0.0112,-0.2211,-0.0425,0.1767,-0.0233,-0.0308,0.0473,-0.0662,0.1990,-0.3740,0.0600,3.2725,-9.0564,-2.2129,-0.9157,2.6991,-6.3632
75186366,0.0067,-0.0113,-0.3516,0.0070,0.2268,-0.0536,-0.0062,0.0512,-0.0687,0.1998,-0.4828,0.1504,2.4369,-10.0140,-0.4209,-0.9154,2.6231,-6.3345
75191366,0.0046,-0.0112,-0.4142,0.0031,0.2180,-0.0733,0.0047,0.0602,-0.0713,0.2006,-0.5349,0.1640,1.9726,-10.4614,0.3136,-0.9158,2.5738,-6.3207
75196365,0.0024,-0.0110,-0.4270,0.0095,0.1868,-0.0829,0.0133,0.0625,-0.0740,0.2016,-0.5338,0.1925,1.4619,-10.9072,1.3588,-0.9157,2.5010,-6.2920
75201366,0.0002,-0.0111,-0.4209,0.0281,0.1605,-0.0894,0.0199,0.0633,-0.0766,0.2026,-0.5170,0.2110,0.8454,-10.9072,1.3588,-0.9228,2.4574,-6.2876
75206366,-0.0018,-0.0109,-0.4032,0.0812,0.1660,-0.0913,0.0314,0.0534,-0.0789,0.2040,-0.4605,0.2843,-0.5924,-10.7675,2.8541,-0.9529,2.3948,-6.2412
75211366,-0.0038,-0.0104,-0.3732,0.1497,0.2396,-0.0921,0.0432,0.0397,-0.0809,0.2058,-0.4032,0.3465,-1.4939,-9.8707,3.3423,-0.9742,2.3709,-6.2219
75216366,-0.0055,-0.0095,-0.3293,0.2166,0.3374,-0.0880,0.0536,0.0214,-0.0824,0.2079,-0.3071,0.4144,-3.7022,-9.0876,4.2012,-1.0341,2.3279,-6.1793
75221366,-0.0072,-0.0083,-0.3100,0.2645,0.3520,-0.0890,0.0655,0.0100,-0.0837,0.2101,-0.2582,0.4529,-4.9000,-8.2486,4.4109,-1.0747,2.3109,-6.1608
75226366,-0.0083,-0.0068,-0.2563,0.2724,0.1352,-0.0779,0.0692,0.0036,-0.0846,0.2123,-0.1728,0.4420,-6.1164,-6.9881,4.4109,-1.1311,2.2887,-6.1310
75231366,-0.0091,-0.0056,-0.1136,0.2584,0.1972,-0.0523,0.0560,-0.0113,-0.0846,0.2144,-0.0043,0.4116,-6.9056,-5.7276,4.5764,-1.1731,2.2885,-6.1129
75236366,-0.0092,-0.0043,0.0031,0.2700,0.2228,-0.0283,0.0482,-0.0285,-0.0839,0.2164,0.1457,0.3986,-8.1691,-4.2248,4.4311,-1.2435,2.2889,-6.0850
75241366,-0.0088,-0.0030,0.1112,0.2831,0.1853,-0.0044,0.0424,-0.0451,-0.0825,0.2183,0.2682,0.3901,-8.9587,-3.4491,3.7531,-1.2934,2.2890,-6.0852
75246366,-0.0080,-0.0017,0.1845,0.3070,0.1498,0.0139,0.0405,-0.0602,-0.0808,0.2203,0.3472,0.3850,-9.3866,-2.5764,2.6876,-1.3572,2.2885,-6.0850
75251366,-0.0066,-0.0002,0.2367,0.3247,0.1248,0.0313,0.0382,-0.0743,-0.0787,0.2221,0.4176,0.3698,-9.7742,-0.7940,2.2517,-1.4038,2.3173,-6.0856
75256366,-0.0053,0.0015,0.2602,0.3140,0.2036,0.0400,0.0352,-0.0830,-0.0765,0.2238,0.4399,0.3397,-9.6907,-0.1228,1.6221,-1.4614,2.3293,-6.0852
75261366,-0.0039,0.0030,0.2972,0.2880,0.2833,0.0515,0.0287,-0.0911,-0.0741,0.2254,0.4747,0.3102,-9.6907,-0.1228,1.3799,-1.5002,2.3287,-6.0851
75266366,-0.0023,0.0042,0.3351,0.2224,0.2619,0.0627,0.0145,-0.0872,-0.0718,0.2264,0.4789,0.2117,-8.7892,-0.0669,-0.7723,-1.5358,2.3295,-6.1276
75271366,-0.0005,0.0050,0.3632,0.1304,0.2668,0.0734,-0.0037,-0.0799,-0.0693,0.2270,0.4825,0.1167,-7.4726,-0.0669,-0.9821,-1.5424,2.3291,-6.1349
75276366,0.0017,0.0054,0.4148,0.0538,0.3630,0.0866,-0.0258,-0.0746,-0.0669,0.2270,0.4790,0.0051,-5.4507,-0.0669,-3.3364,-1.5405,2.3288,-6.1950
75281365,0.0038,0.0054,0.3790,0.0073,0.3139,0.0870,-0.0335,-0.0656,-0.0648,0.2268,0.4203,-0.0536,-4.4632,0.0000,-4.1015,-1.5406,2.3297,-6.2253
75286366,0.0055,0.0053,0.3228,-0.0538,0.2299,0.0820,-0.0412,-0.0496,-0.0632,0.2261,0.3340,-0.1317,-3.2877,0.0000,-5.2489,-1.5403,2.3297,-6.2773
75291366,0.0069,0.0048,0.2477,-0.1151,0.1859,0.0726,-0.0484,-0.0313,-0.0620,0.2251,0.2425,-0.2046,-2.7235,0.0000,-6.0213,-1.5410,2.3297,-6.3158
75296366,0.0083,0.0039,0.2282,-0.1836,0.1092,0.0716,-0.0620,-0.0138,-0.0611,0.2236,0.1762,-0.2908,-0.6011,0.0000,-7.2161,-1.5073,2.3297,-6.3794
75301366,0.0091,0.0027,0.2019,-0.2291,0.1104,0.0691,-0.0726,-0.0008,-0.0604,0.2219,0.1392,-0.3354,0.0000,-0.0559,-7.2161,-1.4965,2.3283,-6.4083
75306366,0.0100,0.0012,0.1432,-0.2544,0.1773,0.0576,-0.0781,0.0137,-0.0602,0.2201,0.0436,-0.3692,1.7233,-0.2014,-7.9249,-1.4587,2.3252,-6.4683
75311366,0.0107,-0.0003,0.1243,-0.2572,0.2332,0.0542,-0.0816,0.0184,-0.0602,0.2183,-0.0032,-0.3489,2.4643,-1.8497,-8.0357,-1.4315,2.2847,-6.5022
75316366,0.0112,-0.0016,0.0589,-0.2315,0.3230,0.0409,-0.0755,0.0222,-0.0606,0.2168,-0.0887,-0.3016,3.0678,-3.1406,-7.8789,-1.4077,2.2486,-6.5473
75321366,0.0114,-0.0027,-0.0092,-0.1735,0.3334,0.0267,-0.0607,0.0212,-0.0615,0.2158,-0.1760,-0.2146,3.8431,-4.4609,-7.2517,-1.3725,2.1998,-6.5643
75326366,0.0110,-0.0037,-0.1103,-0.1695,0.3368,0.0058,-0.0511,0.0324,-0.0629,0.2149,-0.2767,-0.1780,3.8431,-5.5319,-6.1378,-1.3571,2.1581,-6.5838
75331366,0.0103,-0.0047,-0.1536,-0.1423,0.2848,-0.0055,-0.0419,0.0366,-0.0645,0.2142,-0.3321,-0.1318,4.0035,-6.7116,-6.0409,-1.3308,2.0973,-6.6060
75336366,0.0095,-0.0055,-0.1826,-0.1255,0.1950,-0.0132,-0.0351,0.0407,-0.0664,0.2138,-0.3627,-0.0923,4.1639,-7.4089,-5.2134,-1.3110,2.0548,-6.6245
75341366,0.0084,-0.0060,-0.2523,-0.0449,0.1330,-0.0297,-0.0119,0.0365,-0.0685,0.2138,-0.4267,0.0149,3.8818,-8.2583,-4.2756,-1.2918,1.9903,-6.6247
