Time_us,Roll,Pitch,GyroX,GyroY,GyroZ,T1,T2,T3,PhiX,PhiY,PhiDX,PhiDY,motor_vel_1,motor_vel_2,motor_vel_3,motor_pos_1,motor_pos_2,motor_pos_3
86798053,0.0547,-0.0819,-0.0443,0.0137,0.0179,0.2100,-0.2100,0.1766,-0.0003,0.0001,-0.0441,0.0137,0.0000,0.0000,0.0000,8.7500,-5.0880,-8.2966
86801366,0.0544,-0.0817,-0.0406,0.0122,0.0057,0.2100,-0.2100,0.1766,-0.0004,0.0001,-0.0405,0.0122,0.0000,0.0000,0.0000,8.7500,-5.0880,-8.2966
86806366,0.0542,-0.0815,-0.0394,0.0137,0.0057,0.2098,-0.2100,0.1760,-0.0006,0.0002,-0.0393,0.0137,0.0000,0.0000,0.0000,8.7500,-5.0880,-8.2966
86811365,0.0539,-0.0813,-0.0348,0.0116,0.0179,0.2095,-0.2100,0.1757,-0.0008,0.0003,-0.0347,0.0116,0.0000,0.0000,0.0000,8.7500,-5.0880,-8.2966
86816365,0.0537,-0.0812,-0.0272,0.0049,0.0384,0.2098,-0.2100,0.1759,-0.0009,0.0003,-0.0271,0.0049,0.0000,0.0000,0.0000,8.7500,-5.0880,-8.2966
86821366,0.0535,-0.0811,-0.0223,0.0031,0.0604,0.2089,-0.2100,0.1743,-0.0011,0.0004,-0.0338,0.0247,0.0000,-1.4244,0.0000,8.7500,-5.1188,-8.2966
86826365,0.0536,-0.0812,-0.0263,0.0110,0.0762,0.2074,-0.2100,0.1717,-0.0013,0.0007,-0.0493,0.0644,1.5079,-1.5827,2.0491,8.7827,-5.1282,-8.2495
86831366,0.0536,-0.0811,-0.0480,0.0449,0.1080,0.1995,-0.2100,0.1667,-0.0019,0.0014,-0.1124,0.1368,3.4615,-3.3092,2.9279,8.8372,-5.1776,-8.2243
86836366,0.0534,-0.0808,-0.0794,0.0962,0.1679,0.1909,-0.2100,0.1569,-0.0027,0.0026,-0.1602,0.2364,4.6797,-4.6276,4.8917,8.8783,-5.2201,-8.1578
86841366,0.0530,-0.0800,-0.1234,0.1845,0.2235,0.1765,-0.2100,0.1425,-0.0040,0.0045,-0.2523,0.3735,7.0606,-6.6607,6.1752,8.9608,-5.2944,-8.1141
86846366,0.0524,-0.0788,-0.1778,0.2844,0.1923,0.1625,-0.2100,0.1248,-0.0056,0.0072,-0.3246,0.5375,8.5594,-8.3120,8.8815,9.0221,-5.3570,-8.0092
86851366,0.0511,-0.0773,-0.3186,0.3094,0.1816,0.1265,-0.2100,0.1297,-0.0082,0.0103,-0.5160,0.6206,11.0822,-10.6683,10.4537,9.1318,-5.4604,-7.9465
86856366,0.0494,-0.0757,-0.3897,0.3100,0.1767,0.1047,-0.2100,0.1307,-0.0112,0.0137,-0.6068,0.6875,12.8030,-12.2647,13.3597,9.2140,-5.5381,-7.8087
86861366,0.0475,-0.0742,-0.4389,0.3247,0.1563,0.0844,-0.2100,0.1302,-0.0147,0.0175,-0.7014,0.7529,14.9468,-14.4474,14.5947,9.3404,-5.6620,-7.7387
86866366,0.0451,-0.0726,-0.5067,0.3625,0.1306,0.0609,-0.1929,0.1270,-0.0186,0.0217,-0.7821,0.8445,16.1977,-15.7134,16.9594,9.4278,-5.7474,-7.5847
86871365,0.0426,-0.0708,-0.5333,0.3949,0.1288,0.0436,-0.1704,0.1219,-0.0228,0.0262,-0.8377,0.9107,17.6033,-17.1196,17.8143,9.5575,-5.8735,-7.5112
86876366,0.0401,-0.0687,-0.5611,0.4374,0.1932,0.0268,-0.1469,0.1127,-0.0272,0.0312,-0.8722,0.9837,18.2606,-17.8580,19.1215,9.6426,-5.9578,-7.3600
86881366,0.0374,-0.0665,-0.5803,0.4676,0.2247,0.0108,-0.1254,0.1060,-0.0317,0.0363,-0.9080,1.0362,19.0419,-18.7834,19.6734,9.7705,-6.0858,-7.2858
86886366,0.0345,-0.0641,-0.5767,0.4578,0.1938,-0.0003,-0.1115,0.1043,-0.0363,0.0415,-0.9101,1.0418,19.4505,-19.2182,20.2476,9.8559,-6.1702,-7.1394
86891366,0.0315,-0.0617,-0.5849,0.4841,0.1880,-0.0145,-0.0907,0.0980,-0.0409,0.0469,-0.9253,1.0792,19.7217,-19.7321,20.4548,9.9791,-6.2971,-7.0690
86896366,0.0285,-0.0591,-0.6017,0.5513,0.1908,-0.0296,-0.0626,0.0849,-0.0456,0.0527,-0.9400,1.1559,19.7217,-19.9309,20.8695,10.0579,-6.3803,-6.9213
86901366,0.0255,-0.0562,-0.6038,0.6292,0.1932,-0.0417,-0.0332,0.0675,-0.0503,0.0589,-0.9376,1.2382,19.3609,-20.1913,20.8695,10.1679,-6.5058,-6.8535
86906366,0.0225,-0.0530,-0.6139,0.6857,0.1340,-0.0543,-0.0050,0.0541,-0.0550,0.0654,-0.9377,1.2998,18.8178,-20.3437,21.0255,10.2334,-6.5898,-6.7089
86911366,0.0192,-0.0495,-0.6130,0.7205,0.0659,-0.0650,0.0198,0.0426,-0.0596,0.0721,-0.9211,1.3368,17.9387,-20.3996,21.0780,10.3261,-6.7131,-6.6394
86916365,0.0160,-0.0460,-0.6182,0.7245,0.0463,-0.0774,0.0394,0.0362,-0.0641,0.0788,-0.9082,1.3403,17.0494,-20.2380,21.1787,10.3784,-6.8116,-6.4948
86921365,0.0131,-0.0423,-0.6310,0.7501,0.0365,-0.0891,0.0623,0.0254,-0.0686,0.0856,-0.8902,1.3625,15.4795,-19.9255,21.2311,10.4449,-6.8860,-6.4196
86926365,0.0099,-0.0386,-0.6457,0.7957,0.0020,-0.1019,0.0894,0.0125,-0.0730,0.0926,-0.8784,1.3998,14.3039,-19.3065,21.2766,10.4816,-6.9916,-6.2807
86931366,0.0067,-0.0346,-0.6753,0.8354,-0.0572,-0.1164,0.1173,0.0013,-0.0773,0.0997,-0.8622,1.4281,12.0782,-18.5117,21.2766,10.5174,-7.0514,-6.2116
86936366,0.0031,-0.0304,-0.7025,0.8922,-0.0618,-0.1339,0.1486,-0.0123,-0.0816,0.1070,-0.8645,1.4607,11.3557,-16.9802,21.1659,10.5495,-7.1273,-6.0708
86941366,-0.0005,-0.0258,-0.6979,0.9655,0.0182,-0.1442,0.1792,-0.0356,-0.0856,0.1146,-0.8044,1.5147,8.7707,-15.7140,21.1136,10.5583,-7.1668,-6.0031
86946366,-0.0041,-0.0209,-0.7037,0.9722,-0.0136,-0.1560,0.2006,-0.0441,-0.0894,0.1220,-0.7626,1.4754,7.0473,-13.1411,20.5795,10.5556,-7.2024,-5.8731
86951366,-0.0074,-0.0160,-0.6191,0.9878,-0.0236,-0.1491,0.2100,-0.0645,-0.0926,0.1293,-0.6308,1.4541,5.1625,-11.0603,20.1718,10.5481,-7.2096,-5.8176
86956366,-0.0103,-0.0111,-0.5418,0.9896,0.0655,-0.1438,0.2100,-0.0825,-0.0951,0.1363,-0.5117,1.4005,3.7598,-8.1816,19.3107,10.5470,-7.2097,-5.7406
86961366,-0.0125,-0.0062,-0.4160,0.9957,0.0949,-0.1259,0.2100,-0.1068,-0.0969,0.1430,-0.3458,1.3555,1.9568,-5.9697,18.0903,10.5225,-7.1945,-5.6640
86966366,-0.0142,-0.0012,-0.3100,1.0015,-0.0081,-0.1072,0.2100,-0.1271,-0.0978,0.1495,-0.1893,1.2809,0.4448,-1.8609,16.7854,10.4978,-7.1357,-5.6089
86971366,-0.0154,0.0038,-0.2166,0.9887,-0.0346,-0.0910,0.2100,-0.1457,-0.0981,0.1555,-0.0610,1.2017,-1.0815,0.8359,15.0297,10.4665,-7.0838,-5.5601
86976366,-0.0162,0.0088,-0.1750,0.9685,0.0466,-0.0839,0.2100,-0.1595,-0.0980,0.1610,0.0243,1.1024,-2.7477,4.3418,13.2235,10.4223,-6.9993,-5.5287
86981366,-0.0169,0.0134,-0.1423,0.8937,0.1266,-0.0804,0.2100,-0.1620,-0.0976,0.1658,0.0713,0.9626,-3.5783,6.5009,11.0285,10.3940,-6.9345,-5.5088
86986366,-0.0175,0.0173,-0.1206,0.7572,0.2418,-0.0771,0.2100,-0.1513,-0.0970,0.1695,0.1348,0.7452,-5.3195,9.8857,8.9841,10.3323,-6.8175,-5.5032
86991365,-0.0178,0.0210,-0.0473,0.7159,0.0976,-0.0611,0.2100,-0.1584,-0.0959,0.1727,0.2220,0.6403,-6.2350,11.8983,6.7369,10.2907,-6.7337,-5.5057
86996366,-0.0180,0.0243,-0.0702,0.6390,0.0982,-0.0638,0.2100,-0.1508,-0.0947,0.1752,0.2305,0.4909,-7.9545,14.4219,4.4119,10.2144,-6.6042,-5.5249
87001366,-0.0186,0.0272,-0.1579,0.5657,0.2772,-0.0855,0.2100,-0.1372,-0.0940,0.1770,0.1437,0.3581,-8.8443,15.5807,1.5938,10.1628,-6.5209,-5.5667
87006365,-0.0194,0.0295,-0.1640,0.4456,0.3465,-0.0892,0.1971,-0.1211,-0.0932,0.1779,0.1568,0.1825,-10.3788,17.0359,-0.6620,10.0741,-6.3934,-5.6095
87011366,-0.0204,0.0311,-0.1738,0.3070,0.2580,-0.0925,0.1812,-0.0986,-0.0924,0.1780,0.1631,0.0160,-11.4244,17.8582,-1.6938,10.0096,-6.3070,-5.6368
87016366,-0.0214,0.0321,-0.1747,0.1775,0.1575,-0.0947,0.1626,-0.0740,-0.0915,0.1771,0.1728,-0.1634,-12.8512,18.7424,-4.1349,9.9079,-6.1793,-5.7027
87021366,-0.0222,0.0323,-0.1772,0.0302,0.1324,-0.0971,0.1391,-0.0471,-0.0906,0.1755,0.1840,-0.3359,-14.1267,19.1180,-5.4378,9.8282,-6.0960,-5.7573
87026366,-0.0230,0.0322,-0.1784,-0.0437,0.2537,-0.1000,0.1241,-0.0338,-0.0896,0.1733,0.2094,-0.4304,-15.9056,19.5903,-6.3262,9.7024,-5.9702,-5.7978
87031366,-0.0239,0.0322,-0.2315,0.0110,0.0017,-0.1097,0.1420,-0.0324,-0.0887,0.1713,0.1698,-0.3908,-16.9407,19.8551,-7.0594,9.6158,-5.8858,-5.8526
87036366,-0.0249,0.0319,-0.2138,-0.0140,-0.2533,-0.1056,0.1387,-0.0234,-0.0877,0.1692,0.2052,-0.4299,-18.1324,20.1721,-7.6662,9.4866,-5.7591,-5.8950
87041366,-0.0259,0.0317,-0.1768,-0.0125,-0.1846,-0.1028,0.1347,-0.0248,-0.0864,0.1670,0.2488,-0.4393,-18.6755,20.3798,-8.1798,9.4018,-5.6738,-5.9526
87046366,-0.0265,0.0316,-0.0977,-0.0425,-0.0618,-0.0908,0.1206,-0.0274,-0.0847,0.1646,0.3389,-0.4731,-19.3460,20.4853,-8.3262,9.2739,-5.5490,-5.9888
87051366,-0.0267,0.0313,-0.0706,-0.0785,-0.0685,-0.0859,0.1107,-0.0222,-0.0829,0.1621,0.3697,-0.5165,-19.7032,20.5919,-8.7077,9.1887,-5.4646,-6.0479
87056366,-0.0268,0.0308,-0.0385,-0.1246,-0.1751,-0.0786,0.0996,-0.0144,-0.0809,0.1592,0.4064,-0.5656,-20.0691,20.5919,-8.9014,9.0619,-5.3411,-6.0867
87061365,-0.0270,0.0301,-0.0312,-0.1631,-0.2148,-0.0772,0.0909,-0.0055,-0.0788,0.1562,0.4161,-0.6051,-20.2895,20.5433,-9.0117,8.9767,-5.2599,-6.1425
87066366,-0.0270,0.0291,0.0171,-0.1964,-0.1437,-0.0686,0.0762,-0.0021,-0.0764,0.1530,0.4706,-0.6353,-20.5478,20.5464,-8.8020,8.8490,-5.1364,-6.1743
87071366,-0.0268,0.0278,0.0602,-0.2743,-0.0511,-0.0604,0.0531,0.0093,-0.0739,0.1495,0.5158,-0.7125,-20.6406,20.5505,-8.7532,8.7646,-5.0541,-6.2261
87076366,-0.0263,0.0264,0.1017,-0.3106,-0.2118,-0.0477,0.0392,0.0166,-0.0710,0.1457,0.5633,-0.7446,-20.7910,20.6021,-8.4209,8.6371,-4.9296,-6.2542
87081366,-0.0257,0.0244,0.0825,-0.4261,-0.2106,-0.0486,0.0138,0.0429,-0.0683,0.1415,0.5504,-0.8554,-20.9392,20.6581,-8.0550,8.5506,-4.8458,-6.2972
87086366,-0.0252,0.0223,0.0797,-0.4548,-0.0517,-0.0487,-0.0009,0.0516,-0.0655,0.1371,0.5522,-0.8763,-21.0361,20.5577,-7.6370,8.4227,-4.7242,-6.3197
87091366,-0.0248,0.0198,0.1051,-0.4835,0.0139,-0.0428,-0.0177,0.0599,-0.0626,0.1326,0.5840,-0.8911,-21.0915,20.4048,-6.8620,8.3373,-4.6454,-6.3477
87096366,-0.0243,0.0171,0.1323,-0.5189,-0.0585,-0.0350,-0.0350,0.0722,-0.0596,0.1280,0.6063,-0.9196,-21.0377,19.9373,-6.8620,8.2121,-4.5333,-6.3751
87101366,-0.0235,0.0143,0.1933,-0.5226,-0.1657,-0.0177,-0.0495,0.0736,-0.0562,0.1236,0.6784,-0.8905,-20.9307,19.5790,-5.0416,8.1303,-4.4613,-6.3742
87106366,-0.0223,0.0118,0.2611,-0.5290,-0.1996,0.0001,-0.0659,0.0735,-0.0525,0.1192,0.7407,-0.8688,-20.6673,18.5737,-4.1589,8.0108,-4.3672,-6.3750
87111366,-0.0208,0.0089,0.3280,-0.5296,-0.1489,0.0180,-0.0835,0.0712,-0.0485,0.1151,0.8030,-0.8357,-20.4136,17.4255,-3.0556,7.9337,-4.3179,-6.3744
87116366,-0.0190,0.0060,0.3650,-0.5467,-0.1302,0.0303,-0.1012,0.0758,-0.0444,0.1109,0.8191,-0.8235,-19.6301,16.0150,-2.5040,7.8293,-4.2456,-6.3745
87121366,-0.0171,0.0031,0.3989,-0.5843,-0.1809,0.0440,-0.1200,0.0829,-0.0402,0.1069,0.8405,-0.8134,-18.9523,14.3626,-0.9622,7.7657,-4.2178,-6.3554
87126366,-0.0147,0.0004,0.5150,-0.5400,-0.1611,0.0730,-0.1337,0.0669,-0.0356,0.1033,0.9209,-0.7199,-17.4111,12.1810,0.1453,7.6869,-4.1812,-6.3342
87131366,-0.0120,-0.0024,0.5589,-0.5220,-0.1367,0.0897,-0.1467,0.0623,-0.0309,0.1000,0.9352,-0.6620,-16.1811,10.3500,0.9815,7.6440,-4.1724,-6.3158
87136366,-0.0090,-0.0049,0.6054,-0.4404,-0.1238,0.1064,-0.1468,0.0451,-0.0262,0.0973,0.9288,-0.5282,-14.0768,7.6314,1.7654,7.5939,-4.1732,-6.2939
87141366,-0.0057,-0.0069,0.6527,-0.3662,-0.1556,0.1271,-0.1488,0.0277,-0.0215,0.0952,0.9496,-0.4142,-12.7590,6.0800,2.8730,7.5663,-4.1767,-6.2598
87146366,-0.0023,-0.0087,0.6759,-0.3057,-0.1635,0.1398,-0.1472,0.0137,-0.0170,0.0938,0.8988,-0.2946,-10.0998,2.4569,3.2053,7.5501,-4.2241,-6.2405
87151366,0.0014,-0.0102,0.6900,-0.2694,-0.0859,0.1530,-0.1511,0.0014,-0.0126,0.0927,0.8699,-0.2117,-8.2372,0.2689,4.1329,7.5507,-4.2623,-6.1994
87156366,0.0048,-0.0116,0.6371,-0.2532,-0.0441,0.1515,-0.1500,0.0002,-0.0088,0.0920,0.7597,-0.1454,-5.9550,-2.4570,4.7622,7.5537,-4.3236,-6.1696
87161365,0.0080,-0.0128,0.6090,-0.2162,-0.1409,0.1555,-0.1466,-0.0036,-0.0055,0.0916,0.6682,-0.0813,-3.1885,-4.2790,4.7622,7.5908,-4.3740,-6.1410
87166366,0.0111,-0.0138,0.5983,-0.1503,-0.2283,0.1617,-0.1383,-0.0146,-0.0026,0.0917,0.5884,0.0177,-0.4443,-6.6544,4.5967,7.6345,-4.4539,-6.1253
87171366,0.0139,-0.0140,0.5192,0.0189,-0.1000,0.1526,-0.1073,-0.0415,-0.0002,0.0927,0.4675,0.2060,1.2836,-7.9944,4.5415,7.6703,-4.5103,-6.0992
87176366,0.0158,-0.0138,0.3571,0.0589,-0.0972,0.1248,-0.0843,-0.0368,0.0010,0.0941,0.2455,0.2772,3.5243,-10.2744,4.3478,7.7296,-4.6107,-6.0850
87181366,0.0173,-0.0135,0.2404,0.0776,-0.1159,0.1057,-0.0700,-0.0312,0.0015,0.0956,0.0945,0.2958,4.4158,-11.3772,3.2338,7.7637,-4.6760,-6.0847
87186366,0.0182,-0.0130,0.1359,0.1045,-0.1367,0.0853,-0.0525,-0.0276,0.0011,0.0973,-0.0649,0.3376,6.4753,-13.0056,2.6042,7.8382,-4.7819,-6.0856
87191366,0.0186,-0.0126,0.0562,0.1286,-0.1727,0.0701,-0.0387,-0.0248,0.0003,0.0991,-0.1722,0.3630,7.3613,-13.7611,1.9262,7.8840,-4.8508,-6.0856
87196366,0.0187,-0.0121,0.0168,0.1701,-0.1702,0.0600,-0.0239,-0.0295,-0.0010,0.1011,-0.2516,0.4168,8.9352,-14.9215,1.5871,7.9648,-4.9601,-6.0853
87201366,0.0188,-0.0113,-0.0208,0.1979,-0.1318,0.0512,-0.0131,-0.0330,-0.0025,0.1034,-0.3064,0.4426,9.6113,-15.1797,1.1997,8.0157,-5.0255,-6.0848
87206366,0.0187,-0.0102,-0.0599,0.2343,-0.1287,0.0415,0.0017,-0.0383,-0.0043,0.1058,-0.3695,0.4815,10.6754,-15.5945,0.9575,8.0984,-5.1265,-6.0853
87211366,0.0183,-0.0090,-0.1344,0.2437,-0.1528,0.0250,0.0159,-0.0350,-0.0066,0.1082,-0.4533,0.4882,11.0630,-15.6504,0.7154,8.1500,-5.1901,-6.0852
87216366,0.0175,-0.0078,-0.2019,0.2517,-0.1376,0.0071,0.0281,-0.0300,-0.0093,0.1105,-0.5407,0.4663,11.6255,-15.2437,-0.8826,8.2298,-5.2749,-6.1171
87221366,0.0161,-0.0065,-0.3048,0.3048,-0.0817,-0.0191,0.0527,-0.0304,-0.0126,0.1131,-0.6471,0.5070,11.8509,-14.8036,-1.2688,8.2815,-5.3261,-6.1322
87226366,0.0145,-0.0050,-0.3326,0.3461,-0.0591,-0.0305,0.0687,-0.0359,-0.0159,0.1157,-0.6654,0.5298,11.9121,-13.5741,-1.2688,8.3543,-5.3873,-6.1373
87231366,0.0129,-0.0031,-0.3561,0.3845,-0.0979,-0.0403,0.0862,-0.0421,-0.0193,0.1185,-0.6830,0.5504,11.6353,-12.9029,-1.7932,8.3958,-5.4277,-6.1557
87236366,0.0111,-0.0011,-0.3974,0.3965,-0.1315,-0.0540,0.1005,-0.0415,-0.0229,0.1211,-0.7119,0.5302,11.3144,-11.4299,-2.4749,8.4582,-5.4718,-6.1786
87241366,0.0091,0.0009,-0.4435,0.3827,-0.1308,-0.0700,0.1117,-0.0367,-0.0266,0.1236,-0.7422,0.4938,10.4210,-10.6447,-3.2072,8.4831,-5.4998,-6.2088
87246365,0.0067,0.0028,-0.4765,0.3589,-0.1189,-0.0819,0.1177,-0.0313,-0.0302,0.1258,-0.7209,0.4329,8.5053,-8.1662,-3.2072,8.5029,-5.5068,-6.2216
87251366,0.0041,0.0046,-0.4957,0.3198,-0.1379,-0.0948,0.1218,-0.0217,-0.0338,0.1276,-0.7302,0.3617,8.5053,-6.5138,-3.7056,8.5369,-5.5032,-6.2511
87256366,0.0015,0.0061,-0.5021,0.2896,-0.2057,-0.1021,0.1252,-0.0152,-0.0373,0.1291,-0.6900,0.3037,6.7281,-4.6549,-3.7056,8.5483,-5.4989,-6.2659
87261366,-0.0009,0.0076,-0.5116,0.2685,-0.2484,-0.1108,0.1308,-0.0104,-0.0406,0.1304,-0.6684,0.2640,5.5433,-3.4081,-3.7056,8.5491,-5.4905,-6.2881
87266366,-0.0031,0.0086,-0.4313,0.1924,-0.0966,-0.1028,0.1128,-0.0063,-0.0433,0.1312,-0.5450,0.1554,4.0893,-1.2750,-3.7579,8.5487,-5.4614,-6.3041
87271366,-0.0051,0.0093,-0.3680,0.1258,-0.0236,-0.0968,0.0985,-0.0007,-0.0456,0.1315,-0.4474,0.0689,2.7545,0.0559,-3.7579,8.5363,-5.4381,-6.3266
87276366,-0.0067,0.0096,-0.2969,0.0272,-0.0148,-0.0855,0.0760,0.0101,-0.0472,0.1313,-0.3222,-0.0443,0.4444,1.3697,-3.4189,8.4988,-5.4070,-6.3345
87281366,-0.0080,0.0094,-0.2758,-0.0654,-0.0285,-0.0834,0.0587,0.0258,-0.0485,0.1306,-0.2571,-0.1443,-0.9404,2.7942,-2.4987,8.4707,-5.3698,-6.3338
87286366,-0.0091,0.0087,-0.2544,-0.1219,-0.0429,-0.0796,0.0444,0.0369,-0.0494,0.1295,-0.1876,-0.2175,-2.7412,4.3476,-2.0628,8.4244,-5.3167,-6.3343
87291366,-0.0104,0.0079,-0.2300,-0.1710,-0.0685,-0.0784,0.0332,0.0478,-0.0501,0.1282,-0.1457,-0.2693,-3.1270,5.0628,-1.5300,8.4054,-5.2827,-6.3343
87296366,-0.0115,0.0069,-0.1961,-0.1891,-0.0661,-0.0733,0.0232,0.0526,-0.0505,0.1267,-0.0700,-0.2998,-4.8469,6.1862,-1.2394,8.3465,-5.2260,-6.3341
87301366,-0.0124,0.0058,-0.1429,-0.2162,-0.0911,-0.0648,0.0110,0.0573,-0.0505,0.1250,0.0024,-0.3277,-5.6027,6.5740,-0.9004,8.3107,-5.1921,-6.3338
87306366,-0.0128,0.0047,-0.0693,-0.2309,-0.1394,-0.0498,-0.0017,0.0568,-0.0500,0.1233,0.1043,-0.3398,-6.6558,7.0774,-0.2287,8.2535,-5.1402,-6.3233
87311366,-0.0129,0.0034,0.0015,-0.2260,-0.1434,-0.0344,-0.0122,0.0521,-0.0490,0.1217,0.1989,-0.3206,-7.2387,7.3939,1.0452,8.2145,-5.1047,-6.2940
87316365,-0.0127,0.0019,0.0498,-0.2349,-0.1278,-0.0239,-0.0240,0.0527,-0.0477,0.1201,0.2548,-0.3259,-7.8076,7.1505,1.0452,8.1578,-5.0660,-6.2898
87321366,-0.0124,0.0007,0.0764,-0.2563,-0.1082,-0.0166,-0.0338,0.0545,-0.0462,0.1185,0.2995,-0.3175,-8.2506,6.7654,2.6512,8.1173,-5.0452,-6.2458
87326366,-0.0118,-0.0006,0.1597,-0.2477,-0.0902,0.0021,-0.0457,0.0471,-0.0443,0.1170,0.3874,-0.2968,-8.4363,6.4354,3.1395,8.0636,-5.0130,-6.2251
87331366,-0.0108,-0.0019,0.2156,-0.2337,-0.1192,0.0167,-0.0534,0.0412,-0.0421,0.1157,0.4397,-0.2608,-8.0594,5.8674,4.0400,8.0381,-4.9992,-6.1851
87336366,-0.0095,-0.0032,0.2657,-0.2049,-0.1168,0.0301,-0.0578,0.0321,-0.0397,0.1147,0.4723,-0.2028,-7.6086,4.3183,4.4595,7.9990,-4.9997,-6.1591
87341366,-0.0079,-0.0041,0.3280,-0.1316,-0.0484,0.0463,-0.0569,0.0124,-0.0371,0.1141,0.5176,-0.1105,-6.7635,3.5437,4.9560,7.9879,-4.9995,-6.1220
87346366,-0.0061,-0.0046,0.3751,-0.0538,-0.0328,0.0612,-0.0526,-0.0074,-0.0344,0.1141,0.5470,-0.0188,-6.1992,2.6143,4.9560,7.9591,-4.9997,-6.1021
87351366,-0.0042,-0.0048,0.3968,-0.0018,-0.0832,0.0721,-0.0484,-0.0205,-0.0316,0.1143,0.5481,0.0451,-5.0707,2.1495,5.2950,7.9592,-4.9994,-6.0642
87356366,-0.0021,-0.0046,0.4084,0.0266,-0.0016,0.0790,-0.0462,-0.0327,-0.0290,0.1148,0.5239,0.0978,-3.7541,0.5744,5.3473,7.9592,-5.0212,-6.0419
87361366,0.0002,-0.0043,0.4139,0.0510,0.0726,0.0862,-0.0452,-0.0438,-0.0265,0.1155,0.5018,0.1398,-2.7391,-0.6051,5.3473,7.9661,-5.0461,-6.0098
87366366,0.0022,-0.0040,0.3433,0.0776,0.0124,0.0781,-0.0351,-0.0434,-0.0246,0.1162,0.3901,0.1572,-0.6544,-0.6051,4.7381,7.9989,-5.0497,-6.0014
87371366,0.0037,-0.0036,0.2645,0.1130,-0.1519,0.0693,-0.0202,-0.0432,-0.0231,0.1172,0.2866,0.1941,-0.4854,-1.9195,3.5197,8.0000,-5.0806,-6.0012
87376366,0.0048,-0.0029,0.1756,0.1643,-0.2610,0.0545,-0.0001,-0.0444,-0.0224,0.1184,0.1514,0.2398,1.7233,-2.2116,2.8552,8.0468,-5.0995,-6.0018
87381366,0.0057,-0.0021,0.1283,0.1976,-0.2454,0.0473,0.0111,-0.0490,-0.0219,0.1197,0.0865,0.2624,2.3881,-2.2116,2.1352,8.0677,-5.1084,-6.0013
87386366,0.0059,-0.0010,0.0327,0.1921,-0.1229,0.0270,0.0217,-0.0440,-0.0221,0.1210,-0.0268,0.2566,3.0381,-2.5809,1.7476,8.0984,-5.1303,-6.0013
87391366,0.0058,-0.0001,-0.0620,0.1830,-0.0667,0.0063,0.0321,-0.0359,-0.0228,0.1222,-0.1406,0.2408,3.9241,-2.5809,1.3045,8.1308,-5.1407,-6.0012
87396366,0.0054,0.0006,-0.1402,0.1518,-0.1049,-0.0103,0.0382,-0.0239,-0.0239,0.1232,-0.2211,0.2055,3.9241,-2.5809,1.0276,8.1544,-5.1561,-6.0021
87401366,0.0045,0.0014,-0.2111,0.1552,0.0982,-0.0319,0.0465,-0.0184,-0.0255,0.1241,-0.3195,0.1804,4.5659,-2.5809,-0.8884,8.1848,-5.1665,-6.0390
87406366,0.0031,0.0022,-0.2938,0.1952,0.0854,-0.0530,0.0656,-0.0158,-0.0275,0.1252,-0.3983,0.2066,4.3778,-2.0775,-1.3065,8.2084,-5.1708,-6.0523
87411365,0.0015,0.0030,-0.2984,0.2098,-0.0316,-0.0582,0.0737,-0.0143,-0.0294,0.1261,-0.3956,0.1910,4.0016,-1.0096,-2.2752,8.2172,-5.1563,-6.0807
87416366,0.0002,0.0040,-0.2963,0.1881,-0.1483,-0.0605,0.0752,-0.0090,-0.0313,0.1268,-0.3796,0.1410,4.0016,0.7386,-2.4205,8.2412,-5.1208,-6.0933
87421365,-0.0012,0.0048,-0.2724,0.1243,-0.1828,-0.0604,0.0679,-0.0004,-0.0331,0.1272,-0.3480,0.0772,3.5509,0.7386,-2.4205,8.2478,-5.1178,-6.1078
87426366,-0.0026,0.0051,-0.2697,0.0339,-0.1663,-0.0637,0.0539,0.0162,-0.0347,0.1271,-0.3184,-0.0328,2.6494,2.0530,-2.4205,8.2483,-5.0820,-6.1175
87431366,-0.0039,0.0051,-0.2480,-0.0098,-0.2344,-0.0614,0.0458,0.0246,-0.0360,0.1266,-0.2606,-0.0904,1.3519,3.3183,-2.0895,8.2308,-5.0468,-6.1248
87436366,-0.0051,0.0048,-0.1933,-0.0531,-0.2549,-0.0529,0.0338,0.0289,-0.0369,0.1259,-0.1767,-0.1350,0.0823,3.7897,-1.7033,8.2082,-5.0167,-6.1247
87441366,-0.0058,0.0044,-0.1255,-0.0880,-0.0829,-0.0438,0.0186,0.0284,-0.0373,0.1251,-0.0910,-0.1724,-0.4279,4.4094,-1.2620,8.1986,-4.9871,-6.1247
87446366,-0.0062,0.0040,-0.0733,-0.1112,0.1318,-0.0362,0.0050,0.0262,-0.0374,0.1241,-0.0129,-0.2003,-1.5510,4.9427,-1.0413,8.1684,-4.9483,-6.1248
87451366,-0.0065,0.0029,-0.0272,-0.2294,0.1361,-0.0277,-0.0227,0.0452,-0.0372,0.1225,0.0418,-0.3186,-1.7725,5.2223,-0.7655,8.1577,-4.9228,-6.1247
87456366,-0.0062,0.0015,0.0021,-0.2831,-0.0661,-0.0166,-0.0381,0.0572,-0.0367,0.1206,0.0968,-0.3707,-3.1569,5.2783,-0.6000,8.1133,-4.8901,-6.1241
87461365,-0.0064,-0.0001,0.0104,-0.2981,-0.0960,-0.0133,-0.0451,0.0620,-0.0360,0.1189,0.1280,-0.3533,-3.6211,5.0672,1.3561,8.0912,-4.8732,-6.0830
87466366,-0.0062,-0.0017,0.0596,-0.2825,-0.0224,-0.0040,-0.0537,0.0586,-0.0352,0.1172,0.1776,-0.3315,-3.8532,4.6452,1.3561,8.0635,-4.8534,-6.0775
87471366,-0.0057,-0.0031,0.1243,-0.2550,-0.0499,0.0113,-0.0599,0.0505,-0.0339,0.1158,0.2504,-0.2839,-3.7994,4.4991,2.5581,8.0492,-4.8377,-6.0404
87476365,-0.0049,-0.0044,0.1677,-0.1967,-0.1712,0.0231,-0.0564,0.0399,-0.0325,0.1148,0.2750,-0.2007,-3.0454,3.3308,3.0565,8.0444,-4.8377,-6.0200
87481366,-0.0039,-0.0056,0.1765,-0.1888,-0.2600,0.0297,-0.0586,0.0389,-0.0311,0.1140,0.2810,-0.1591,-3.0454,2.0363,4.0206,8.0322,-4.8522,-5.9786
87486366,-0.0030,-0.0064,0.1432,-0.1875,-0.1635,0.0251,-0.0589,0.0401,-0.0299,0.1133,0.2414,-0.1280,-3.0454,0.6646,4.6553,8.0140,-4.8731,-5.9478
87491366,-0.0022,-0.0071,0.1365,-0.0962,0.0478,0.0243,-0.0491,0.0230,-0.0287,0.1132,0.2350,-0.0249,-2.7762,0.5591,5.3370,8.0072,-4.8728,-5.9034
87496366,-0.0016,-0.0070,0.1213,0.0693,0.0124,0.0199,-0.0162,-0.0041,-0.0279,0.1141,0.1621,0.1731,-0.1912,-1.2865,5.6680,8.0499,-4.9100,-5.8753
87501366,-0.0010,-0.0066,0.1121,0.1393,0.0930,0.0191,-0.0035,-0.0191,-0.0272,0.1154,0.1498,0.2541,-0.1373,-1.7899,5.9101,8.0502,-4.9269,-5.8364
87506365,-0.0003,-0.0059,0.1213,0.1787,0.1673,0.0223,0.0036,-0.0323,-0.0264,0.1169,0.1494,0.3116,-0.1373,-2.9534,5.9586,8.0494,-4.9633,-5.8116
87511365,0.0005,-0.0051,0.1139,0.2077,0.0570,0.0252,0.0119,-0.0393,-0.0257,0.1186,0.1407,0.3398,-0.0835,-2.9534,5.9063,8.0500,-4.9751,-5.7771
87516365,0.0010,-0.0042,0.0782,0.2312,-0.1605,0.0210,0.0253,-0.0401,-0.0253,0.1204,0.0771,0.3633,1.5320,-2.9534,5.9063,8.0875,-4.9929,-5.7534
87521366,0.0012,-0.0030,0.0192,0.2749,-0.2576,0.0111,0.0416,-0.0428,-0.0253,0.1223,0.0080,0.3801,1.5320,-2.6436,4.4111,8.0936,-4.9982,-5.7522
87526366,0.0014,-0.0015,0.0000,0.3344,-0.1189,0.0056,0.0553,-0.0564,-0.0254,0.1244,-0.0207,0.4180,2.0304,-1.9723,3.6357,8.1130,-4.9986,-5.7516
87531366,0.0014,0.0004,-0.0195,0.3522,0.0103,-0.0010,0.0644,-0.0638,-0.0257,0.1265,-0.0528,0.4163,2.4734,-1.6108,2.6943,8.1315,-4.9985,-5.7522
87536366,0.0011,0.0021,-0.0464,0.3195,-0.0618,-0.0062,0.0681,-0.0595,-0.0261,0.1284,-0.0804,0.3701,2.4734,-1.1977,2.1959,8.1463,-4.9986,-5.7517
87541366,0.0009,0.0035,-0.0522,0.2575,-0.1589,-0.0072,0.0643,-0.0510,-0.0265,0.1298,-0.0891,0.2967,2.4734,-0.9912,1.6421,8.1562,-4.9988,-5.7514
87546366,0.0006,0.0043,-0.0739,0.1274,-0.0071,-0.0144,0.0435,-0.0289,-0.0271,0.1305,-0.1063,0.1285,2.8478,0.9211,0.9993,8.1795,-4.9602,-5.7584
87551366,0.0003,0.0049,-0.1029,0.1170,0.0524,-0.0228,0.0444,-0.0236,-0.0278,0.1309,-0.1477,0.0801,2.8478,1.4805,-0.9930,8.1909,-4.9450,-5.7993
87556365,-0.0002,0.0055,-0.1353,0.1634,-0.0120,-0.0296,0.0578,-0.0277,-0.0287,0.1314,-0.1726,0.1093,2.8478,2.4872,-1.1383,8.2080,-4.9111,-5.8062
87561366,-0.0009,0.0063,-0.1298,0.1280,-0.0600,-0.0301,0.0536,-0.0213,-0.0295,0.1316,-0.1600,0.0424,2.3305,3.4369,-2.3006,8.2081,-4.8812,-5.8414
87566366,-0.0016,0.0066,-0.1304,0.0455,-0.0056,-0.0323,0.0406,-0.0081,-0.0302,0.1314,-0.1444,-0.0498,1.7193,4.0942,-2.3006,8.2081,-4.8455,-5.8506
87571365,-0.0022,0.0064,-0.1289,-0.0745,0.0506,-0.0348,0.0197,0.0131,-0.0309,0.1305,-0.1355,-0.1742,1.4371,4.3863,-2.3006,8.2088,-4.8222,-5.8644
87576365,-0.0027,0.0055,-0.1136,-0.2095,-0.0056,-0.0319,-0.0072,0.0392,-0.0314,0.1289,-0.1035,-0.3223,0.6267,4.9914,-2.5765,8.1998,-4.7821,-5.8796
87581366,-0.0032,0.0042,-0.1206,-0.2868,-0.0954,-0.0321,-0.0228,0.0586,-0.0318,0.1269,-0.0878,-0.3996,-0.6953,4.9914,-2.5765,8.1724,-4.7621,-5.8950
87586366,-0.0038,0.0023,-0.1353,-0.3158,-0.0572,-0.0373,-0.0313,0.0708,-0.0323,0.1248,-0.0935,-0.4162,-0.6953,5.0947,-1.6387,8.1682,-4.7297,-5.8856
87591366,-0.0045,0.0004,-0.1179,-0.3302,0.1373,-0.0386,-0.0424,0.0757,-0.0326,0.1227,-0.0703,-0.4160,-0.6953,4.9492,-0.8112,8.1654,-4.7123,-5.8751
87596366,-0.0050,-0.0012,-0.0742,-0.3302,0.0127,-0.0315,-0.0479,0.0790,-0.0328,0.1208,-0.0361,-0.3947,-0.6953,3.6888,-0.6457,8.1613,-4.7117,-5.8746
87601366,-0.0053,-0.0029,-0.0382,-0.2871,-0.1516,-0.0208,-0.0461,0.0727,-0.0326,0.1192,0.0376,-0.3124,-2.2458,3.0100,1.3077,8.1248,-4.7120,-5.8343
87606366,-0.0053,-0.0045,-0.0049,-0.2682,-0.2313,-0.0136,-0.0491,0.0715,-0.0323,0.1179,0.0710,-0.2718,-2.3011,2.2344,1.9871,8.1099,-4.7119,-5.8150
87611366,-0.0053,-0.0058,0.0183,-0.2153,-0.1773,-0.0093,-0.0468,0.0629,-0.0318,0.1169,0.0977,-0.1998,-2.3011,1.7980,2.8326,8.1007,-4.7126,-5.7827
87616366,-0.0051,-0.0067,0.0241,-0.1423,-0.0349,-0.0087,-0.0395,0.0495,-0.0312,0.1163,0.1098,-0.1030,-2.3011,1.3617,3.9956,8.0869,-4.7118,-5.7450
87621366,-0.0048,-0.0070,0.0556,-0.0104,0.0237,-0.0031,-0.0205,0.0227,-0.0306,0.1166,0.1327,0.0589,-1.9297,0.2352,4.8744,8.0858,-4.7305,-5.7010
87626366,-0.0045,-0.0069,0.0687,0.0764,-0.0322,0.0006,-0.0048,0.0055,-0.0299,0.1175,0.1351,0.1693,-1.4191,-0.6713,5.5561,8.0859,-4.7520,-5.6665
87631365,-0.0041,-0.0064,0.0919,0.1417,0.0124,0.0060,0.0046,-0.0111,-0.0291,0.1187,0.1576,0.2421,-1.1869,-0.7263,5.9974,8.0853,-4.7558,-5.6241
87636366,-0.0036,-0.0056,0.1313,0.1912,0.1776,0.0119,0.0114,-0.0301,-0.0282,0.1203,0.1773,0.3161,-0.8620,-2.3767,5.9974,8.0857,-4.7999,-5.6001
87641366,-0.0028,-0.0045,0.1888,0.2178,-0.0096,0.0285,0.0152,-0.0433,-0.0270,0.1220,0.2344,0.3463,-0.7227,-2.3767,6.2396,8.0853,-4.8094,-5.5582
87646366,-0.0018,-0.0035,0.1900,0.2492,-0.1987,0.0346,0.0238,-0.0508,-0.0259,0.1238,0.2270,0.3684,-0.5370,-2.3767,5.6124,8.0853,-4.8236,-5.5466
87651366,-0.0008,-0.0022,0.1637,0.2917,-0.1794,0.0332,0.0356,-0.0619,-0.0249,0.1259,0.1992,0.4108,-0.4442,-2.3767,5.6124,8.0853,-4.8331,-5.5130
87656365,0.0000,-0.0007,0.1277,0.3323,0.0048,0.0259,0.0468,-0.0729,-0.0242,0.1281,0.1444,0.4359,0.6091,-1.8899,5.0586,8.1046,-4.8365,-5.5021
87661366,0.0007,0.0011,0.0764,0.3445,0.0646,0.0160,0.0570,-0.0755,-0.0238,0.1302,0.0699,0.4241,1.4951,-1.5491,3.7849,8.1274,-4.8366,-5.5011
87666366,0.0009,0.0028,0.0287,0.3219,-0.0936,0.0096,0.0644,-0.0704,-0.0237,0.1321,0.0194,0.3849,1.4951,-1.1597,3.0650,8.1364,-4.8368,-5.5019
87671366,0.0009,0.0042,-0.0089,0.2526,-0.2072,0.0033,0.0615,-0.0568,-0.0239,0.1336,-0.0276,0.2920,1.4951,-0.9163,1.7273,8.1424,-4.8361,-5.5131
87676366,0.0009,0.0053,-0.0113,0.2043,-0.1229,0.0010,0.0536,-0.0499,-0.0241,0.1345,-0.0381,0.1920,2.0299,0.8802,0.0549,8.1623,-4.8020,-5.5429
87681366,0.0010,0.0061,-0.0199,0.1536,-0.0236,-0.0023,0.0462,-0.0430,-0.0244,0.1352,-0.0593,0.1222,2.5113,1.2653,-0.8387,8.1817,-4.7894,-5.5623
87686366,0.0008,0.0069,-0.0812,0.1982,-0.0805,-0.0141,0.0612,-0.0440,-0.0250,0.1358,-0.1183,0.1339,2.5113,2.5046,-1.8073,8.1968,-4.7552,-5.5877
87691366,0.0005,0.0074,-0.1124,0.1439,-0.0539,-0.0225,0.0563,-0.0316,-0.0258,0.1361,-0.1582,0.0568,2.5113,2.7628,-3.0761,8.2068,-4.7391,-5.6258
87696366,-0.0002,0.0079,-0.1378,0.0712,0.0689,-0.0302,0.0466,-0.0190,-0.0266,0.1360,-0.1659,-0.0282,1.9000,3.5869,-3.0761,8.2081,-4.7032,-5.6381
87701366,-0.0009,0.0078,-0.1542,-0.0562,0.0976,-0.0362,0.0270,0.0055,-0.0275,0.1352,-0.1739,-0.1606,1.5709,3.9225,-3.0761,8.2085,-4.6820,-5.6565
87706366,-0.0017,0.0069,-0.1481,-0.1921,-0.0472,-0.0358,0.0031,0.0345,-0.0283,0.1336,-0.1621,-0.3109,1.1477,4.3140,-3.6529,8.2082,-4.6485,-5.6820
87711366,-0.0025,0.0057,-0.1432,-0.2859,-0.1452,-0.0360,-0.0155,0.0570,-0.0290,0.1315,-0.1499,-0.4117,0.9596,4.7889,-3.6529,8.2086,-4.6214,-5.7040
87716366,-0.0030,0.0041,-0.1399,-0.3332,-0.0606,-0.0380,-0.0290,0.0693,-0.0297,0.1293,-0.1383,-0.4518,0.7245,4.7889,-3.1647,8.2089,-4.5927,-5.7082
87721366,-0.0035,0.0022,-0.1402,-0.3567,0.0924,-0.0403,-0.0398,0.0765,-0.0303,0.1270,-0.1180,-0.4535,-0.3744,4.1560,-2.3347,8.1882,-4.5871,-5.7081
87726366,-0.0040,0.0001,-0.1436,-0.3745,0.1340,-0.0427,-0.0490,0.0866,-0.0308,0.1247,-0.1086,-0.4625,-1.0696,3.9126,-1.9929,8.1685,-4.5684,-5.7089
87731365,-0.0049,-0.0017,-0.1417,-0.3574,-0.1202,-0.0417,-0.0466,0.0929,-0.0313,0.1226,-0.0953,-0.4255,-1.0696,3.9126,-0.6585,8.1642,-4.5527,-5.6920
87736366,-0.0054,-0.0034,-0.1097,-0.2987,-0.1330,-0.0372,-0.0433,0.0855,-0.0316,0.1209,-0.0572,-0.3416,-1.2911,3.1975,0.3146,8.1533,-4.5450,-5.6719
87741366,-0.0059,-0.0049,-0.0770,-0.2413,-0.1018,-0.0309,-0.0409,0.0757,-0.0316,0.1196,0.0017,-0.2604,-2.5648,2.6473,1.3628,8.1195,-4.5443,-5.6479
87746365,-0.0062,-0.0060,-0.0577,-0.1860,-0.1293,-0.0286,-0.0334,0.0669,-0.0315,0.1188,0.0177,-0.1600,-2.5648,0.9479,2.6880,8.1041,-4.5663,-5.6131
87751366,-0.0063,-0.0064,-0.0318,-0.1020,-0.1379,-0.0235,-0.0203,0.0491,-0.0313,0.1186,0.0493,-0.0336,-2.5648,-0.1460,4.4368,8.0938,-4.5877,-5.5567
87756366,-0.0063,-0.0067,0.0125,-0.0217,-0.0762,-0.0152,-0.0131,0.0312,-0.0307,0.1189,0.1019,0.0514,-2.8897,-0.1460,4.7503,8.0702,-4.5886,-5.5315
87761366,-0.0062,-0.0068,0.0504,0.0391,-0.0010,-0.0080,-0.0069,0.0149,-0.0300,0.1195,0.1432,0.1309,-2.8897,-0.5681,5.5810,8.0587,-4.5978,-5.4831
87766366,-0.0058,-0.0065,0.0861,0.0913,0.0659,-0.0014,-0.0002,-0.0009,-0.0292,0.1206,0.1684,0.2091,-2.5128,-1.6760,6.2157,8.0494,-4.6285,-5.4464
87771366,-0.0052,-0.0060,0.1497,0.1445,0.1211,0.0122,0.0031,-0.0200,-0.0280,0.1219,0.2276,0.2693,-2.0281,-1.6760,6.6877,8.0500,-4.6352,-5.3977
87776366,-0.0044,-0.0050,0.1930,0.2040,0.0020,0.0246,0.0126,-0.0372,-0.0267,0.1235,0.2613,0.3280,-1.4895,-1.6760,6.6325,8.0502,-4.6452,-5.3721
87781366,-0.0031,-0.0041,0.2159,0.2126,-0.0582,0.0337,0.0146,-0.0461,-0.0254,0.1253,0.2692,0.3502,-1.2203,-2.7387,6.4872,8.0500,-4.6760,-5.3352
87786366,-0.0019,-0.0030,0.2031,0.2514,-0.0316,0.0349,0.0231,-0.0568,-0.0242,0.1272,0.2458,0.3803,-0.8971,-2.7387,5.9060,8.0501,-4.6924,-5.3227
87791366,-0.0009,-0.0018,0.1866,0.2987,0.0054,0.0348,0.0341,-0.0691,-0.0231,0.1293,0.2220,0.4198,-0.7356,-2.7387,5.3834,8.0500,-4.7034,-5.2982
87796365,0.0000,-0.0003,0.1432,0.3317,-0.0157,0.0293,0.0466,-0.0752,-0.0222,0.1315,0.1635,0.4322,-0.1562,-2.3509,4.3905,8.0579,-4.7115,-5.2984
87801366,0.0007,0.0014,0.0919,0.3348,-0.0814,0.0207,0.0570,-0.0746,-0.0218,0.1335,0.0834,0.4116,1.1606,-1.9146,3.2407,8.0862,-4.7112,-5.2985
87806366,0.0010,0.0030,0.0455,0.2905,-0.1159,0.0146,0.0563,-0.0665,-0.0216,0.1352,0.0482,0.3308,1.1606,-0.0427,2.6658,8.0931,-4.6813,-5.2982
87811366,0.0012,0.0043,0.0147,0.2300,-0.0753,0.0078,0.0507,-0.0556,-0.0216,0.1363,0.0027,0.2304,1.1606,0.4475,0.4787,8.0978,-4.6697,-5.3320
87816366,0.0012,0.0053,-0.0015,0.1726,-0.0612,0.0028,0.0466,-0.0471,-0.0217,0.1372,-0.0346,0.1694,2.2681,0.4475,0.2366,8.1319,-4.6671,-5.3356
87821366,0.0010,0.0061,-0.0165,0.1393,-0.0643,-0.0012,0.0429,-0.0392,-0.0220,0.1376,-0.0563,0.0914,2.2681,1.5554,-1.6550,8.1410,-4.6417,-5.3785
87826366,0.0007,0.0068,-0.1109,0.1799,-0.0239,-0.0207,0.0605,-0.0389,-0.0227,0.1382,-0.1438,0.1202,2.2681,2.3467,-1.6550,8.1546,-4.6126,-5.3851
87831365,0.0000,0.0074,-0.1790,0.1286,0.0448,-0.0376,0.0586,-0.0228,-0.0238,0.1384,-0.2153,0.0341,2.2681,3.3203,-3.0183,8.1637,-4.5811,-5.4250
87836365,-0.0010,0.0078,-0.2208,0.0635,0.0823,-0.0496,0.0539,-0.0074,-0.0251,0.1382,-0.2463,-0.0433,2.0542,4.1455,-3.0183,8.1728,-4.5440,-5.4370
87841366,-0.0023,0.0076,-0.2376,-0.0733,-0.0099,-0.0565,0.0348,0.0221,-0.0264,0.1372,-0.2630,-0.1910,1.6798,4.1455,-3.7507,8.1729,-4.5274,-5.4731
87846366,-0.0034,0.0067,-0.2251,-0.1970,-0.1235,-0.0564,0.0128,0.0483,-0.0276,0.1356,-0.2383,-0.3232,1.2520,4.7135,-3.7507,8.1731,-4.4897,-5.4881
87851366,-0.0044,0.0055,-0.2056,-0.2715,-0.0957,-0.0565,-0.0038,0.0640,-0.0286,0.1337,-0.2108,-0.3902,1.0380,4.7135,-3.2523,8.1734,-4.4708,-5.5000
87856366,-0.0053,0.0040,-0.1939,-0.3204,0.0518,-0.0572,-0.0194,0.0746,-0.0295,0.1315,-0.1702,-0.4352,-0.2215,5.0044,-2.6985,8.1522,-4.4351,-5.5009
87861366,-0.0063,0.0024,-0.1958,-0.3366,0.1676,-0.0612,-0.0267,0.0815,-0.0302,0.1293,-0.1459,-0.4357,-1.5505,4.6688,-1.9785,8.1215,-4.4220,-5.5004
87866366,-0.0072,0.0006,-0.2175,-0.3561,0.0069,-0.0661,-0.0305,0.0964,-0.0310,0.1271,-0.1591,-0.4503,-1.8755,4.6688,-1.6463,8.1056,-4.3940,-5.5010
87871366,-0.0080,-0.0010,-0.1607,-0.3476,-0.0444,-0.0555,-0.0372,0.0944,-0.0314,0.1250,-0.0733,-0.4149,-2.6647,4.6688,0.1465,8.0800,-4.3754,-5.4712
87876366,-0.0086,-0.0027,-0.1038,-0.3005,-0.0713,-0.0466,-0.0370,0.0863,-0.0314,0.1233,-0.0119,-0.3364,-2.9878,3.5609,1.1519,8.0574,-4.3726,-5.4485
87881366,-0.0089,-0.0041,-0.0513,-0.2404,-0.1702,-0.0358,-0.0337,0.0760,-0.0312,0.1220,0.0503,-0.2503,-3.3109,2.9278,2.2530,8.0379,-4.3724,-5.4145
87886366,-0.0091,-0.0053,-0.0095,-0.1943,-0.2014,-0.0275,-0.0315,0.0667,-0.0307,0.1212,0.0981,-0.1702,-3.3109,2.1365,3.7425,8.0180,-4.3731,-5.3725
87891366,-0.0090,-0.0059,0.0434,-0.1017,-0.0844,-0.0175,-0.0241,0.0448,-0.0298,0.1209,0.1656,-0.0562,-3.8180,1.7672,4.8080,7.9938,-4.3726,-5.3253
87896366,-0.0087,-0.0063,0.0892,-0.0367,0.0087,-0.0082,-0.0199,0.0277,-0.0288,0.1211,0.2141,0.0276,-3.8180,1.2923,5.5919,7.9709,-4.3730,-5.2886
87901366,-0.0081,-0.0065,0.1310,0.0156,0.0225,0.0009,-0.0142,0.0124,-0.0276,0.1216,0.2430,0.1148,-3.6300,-0.4475,6.2011,7.9595,-4.4057,-5.2416
87906366,-0.0073,-0.0063,0.1781,0.0819,0.0362,0.0114,-0.0069,-0.0059,-0.0262,0.1226,0.2705,0.1971,-2.6895,-1.1746,6.5429,7.9594,-4.4267,-5.2098
87911366,-0.0063,-0.0058,0.2318,0.1442,0.0994,0.0247,-0.0024,-0.0261,-0.0246,0.1239,0.3179,0.2625,-2.2193,-1.1746,6.7526,7.9591,-4.4314,-5.1662
87916366,-0.0048,-0.0048,0.2660,0.1759,0.1077,0.0362,0.0004,-0.0407,-0.0229,0.1254,0.3416,0.2943,-1.6081,-1.1746,6.7526,7.9598,-4.4384,-5.1392
87921366,-0.0034,-0.0038,0.2575,0.1655,0.0182,0.0405,0.0004,-0.0416,-0.0213,0.1267,0.3197,0.2690,-1.3259,-1.1746,5.7597,7.9596,-4.4431,-5.1209
87926366,-0.0021,-0.0032,0.2352,0.1802,-0.0249,0.0415,0.0055,-0.0460,-0.0199,0.1282,0.2918,0.2837,-0.9968,-1.1746,5.7597,7.9592,-4.4502,-5.1007
87931365,-0.0009,-0.0024,0.2056,0.1927,-0.0215,0.0397,0.0101,-0.0490,-0.0186,0.1296,0.2510,0.2824,-0.8087,-1.1746,4.8394,7.9594,-4.4549,-5.0848
87936365,0.0000,-0.0014,0.1341,0.2343,-0.0233,0.0263,0.0263,-0.0518,-0.0179,0.1311,0.1373,0.3088,1.1832,-1.1261,3.8708,7.9998,-4.4609,-5.0857
87941365,0.0006,-0.0002,0.0684,0.2309,-0.0588,0.0159,0.0345,-0.0482,-0.0176,0.1326,0.0650,0.2881,1.1832,-0.9322,2.9022,8.0045,-4.4612,-5.0848
87946366,0.0008,0.0009,0.0092,0.2092,-0.0957,0.0056,0.0400,-0.0420,-0.0176,0.1338,0.0033,0.2548,1.1832,-0.6898,2.3694,8.0116,-4.4612,-5.0850
87951366,0.0007,0.0019,-0.0263,0.1610,-0.1040,-0.0037,0.0393,-0.0316,-0.0179,0.1348,-0.0632,0.1950,2.7450,-0.5444,1.7398,8.0505,-4.4608,-5.0853
87956365,0.0003,0.0024,-0.0617,0.0867,-0.0469,-0.0134,0.0313,-0.0162,-0.0184,0.1353,-0.1072,0.1017,2.7450,-0.3989,0.6015,8.0670,-4.4608,-5.1026
87961365,-0.0000,0.0026,-0.1182,0.0501,0.0790,-0.0272,0.0281,-0.0040,-0.0192,0.1355,-0.1620,0.0277,2.7450,0.9509,-0.5517,8.0780,-4.4336,-5.1275
87966366,-0.0009,0.0029,-0.2202,0.0583,0.0738,-0.0492,0.0408,0.0056,-0.0205,0.1356,-0.2512,0.0276,2.2807,1.5102,-0.5517,8.0844,-4.4138,-5.1297
87971365,-0.0022,0.0030,-0.2550,0.0852,0.0081,-0.0595,0.0523,0.0069,-0.0219,0.1359,-0.2788,0.0545,1.8629,1.5102,-0.5517,8.0843,-4.4077,-5.1330
87976366,-0.0036,0.0033,-0.2633,0.0336,-0.0743,-0.0650,0.0467,0.0212,-0.0233,0.1357,-0.2763,-0.0300,1.3986,2.7764,-1.4955,8.0848,-4.3712,-5.1551
87981366,-0.0049,0.0033,-0.2401,-0.0110,-0.0921,-0.0656,0.0393,0.0298,-0.0245,0.1353,-0.2546,-0.0856,1.1201,2.7764,-2.2297,8.0843,-4.3601,-5.1825
87986366,-0.0059,0.0032,-0.2239,-0.0476,-0.0997,-0.0659,0.0325,0.0372,-0.0257,0.1346,-0.2278,-0.1324,0.8416,3.4579,-2.2297,8.0846,-4.3274,-5.1914
87991366,-0.0068,0.0029,-0.1842,-0.0977,-0.0524,-0.0604,0.0193,0.0431,-0.0265,0.1337,-0.1615,-0.1825,-0.7001,3.4579,-2.2297,8.0540,-4.3136,-5.2048
87996366,-0.0079,0.0024,-0.1930,-0.1066,0.0750,-0.0672,0.0167,0.0475,-0.0273,0.1327,-0.1580,-0.1976,-0.9694,4.1180,-1.9855,8.0429,-4.2763,-5.2085
88001366,-0.0090,0.0017,-0.1729,-0.1225,0.1526,-0.0660,0.0102,0.0499,-0.0278,0.1317,-0.1060,-0.2055,-2.5470,4.1180,-1.4485,8.0048,-4.2599,-5.2081
88006366,-0.0097,0.0009,-0.1167,-0.1521,0.0213,-0.0542,0.0005,0.0529,-0.0279,0.1306,-0.0190,-0.2142,-3.4306,4.3246,0.1573,7.9701,-4.2301,-5.1784
88011365,-0.0098,0.0001,0.0095,-0.1662,-0.0808,-0.0284,-0.0153,0.0468,-0.0273,0.1295,0.1159,-0.2243,-3.8068,4.3246,0.4195,7.9475,-4.2128,-5.1707
88016366,-0.0097,-0.0007,0.0577,-0.1432,-0.1620,-0.0174,-0.0174,0.0411,-0.0265,0.1286,0.1667,-0.1899,-4.3416,3.5489,0.4195,7.9123,-4.2054,-5.1690
88021366,-0.0093,-0.0017,0.0889,-0.1527,-0.1312,-0.0092,-0.0253,0.0395,-0.0254,0.1277,0.2139,-0.1713,-4.3416,3.5489,2.2951,7.8949,-4.1912,-5.1244
88026366,-0.0089,-0.0023,0.0974,-0.1613,-0.0291,-0.0062,-0.0322,0.0395,-0.0243,0.1268,0.2318,-0.1753,-4.8400,3.4370,2.4889,7.8570,-4.1722,-5.1113
88031366,-0.0083,-0.0029,0.1347,-0.1264,0.0561,0.0022,-0.0328,0.0284,-0.0229,0.1262,0.2721,-0.1169,-4.8400,2.8218,3.4575,7.8376,-4.1720,-5.0725
88036366,-0.0076,-0.0036,0.1674,-0.0962,0.0255,0.0101,-0.0324,0.0214,-0.0215,0.1259,0.2816,-0.0703,-3.6794,2.0947,3.8233,7.8351,-4.1718,-5.0538
88041365,-0.0066,-0.0041,0.2120,-0.0421,-0.0456,0.0219,-0.0279,0.0078,-0.0200,0.1259,0.3039,0.0079,-2.9830,0.6813,4.0324,7.8358,-4.1942,-5.0225
88046366,-0.0054,-0.0041,0.2443,0.0470,-0.0071,0.0307,-0.0174,-0.0130,-0.0184,0.1265,0.3147,0.1108,-2.1938,-0.2424,4.0324,7.8360,-4.2129,-5.0094
88051366,-0.0040,-0.0037,0.2611,0.1393,0.1013,0.0376,-0.0060,-0.0355,-0.0168,0.1275,0.3256,0.2039,-1.8224,-0.2424,4.0878,7.8353,-4.2139,-4.9808
88056366,-0.0026,-0.0027,0.2453,0.2227,0.0539,0.0403,0.0111,-0.0535,-0.0153,0.1289,0.2999,0.2903,-1.3581,-0.4489,4.0878,7.8352,-4.2195,-4.9675
88061366,-0.0013,-0.0016,0.2260,0.1839,-0.0206,0.0407,0.0099,-0.0499,-0.0140,0.1302,0.2568,0.2584,-1.0796,-1.7915,3.2089,7.8359,-4.2513,-4.9596
88066366,-0.0001,-0.0008,0.1872,0.1836,-0.0401,0.0359,0.0151,-0.0494,-0.0130,0.1315,0.1876,0.2509,0.4430,-1.7915,2.7207,7.8625,-4.2620,-4.9597
88071365,0.0006,-0.0001,0.1219,0.1778,-0.0374,0.0252,0.0211,-0.0448,-0.0125,0.1327,0.1060,0.2334,0.9968,-1.7915,1.9395,7.8772,-4.2692,-4.9596
88076366,0.0011,0.0008,0.0440,0.2065,-0.0808,0.0124,0.0360,-0.0453,-0.0124,0.1340,0.0247,0.2577,1.0502,-1.7915,1.6466,7.8843,-4.2800,-4.9596
88081366,0.0013,0.0020,-0.0092,0.2447,-0.1107,0.0008,0.0524,-0.0490,-0.0127,0.1354,-0.0612,0.2886,2.7082,-1.7915,1.1584,7.9250,-4.2871,-4.9599
88086366,0.0011,0.0032,-0.0315,0.2150,-0.0658,-0.0055,0.0526,-0.0446,-0.0132,0.1366,-0.0911,0.2393,2.7082,-1.5715,0.0573,7.9412,-4.2933,-4.9795
88091366,0.0006,0.0042,-0.0987,0.1570,0.0365,-0.0226,0.0515,-0.0303,-0.0140,0.1374,-0.1731,0.1615,3.1784,-1.2964,-0.9968,7.9622,-4.2936,-5.0059
88096366,0.0001,0.0047,-0.1387,0.0935,0.0802,-0.0315,0.0443,-0.0159,-0.0150,0.1377,-0.1957,0.0678,3.1784,0.7229,-0.9968,7.9812,-4.2561,-5.0092
88101366,-0.0006,0.0049,-0.1903,0.0547,-0.0059,-0.0439,0.0447,-0.0006,-0.0163,0.1377,-0.2573,0.0010,3.1784,1.0844,-2.5124,7.9940,-4.2447,-5.0508
88106365,-0.0019,0.0049,-0.2987,0.0260,-0.0688,-0.0677,0.0523,0.0181,-0.0180,0.1376,-0.3478,-0.0385,2.5023,1.8116,-2.5124,7.9980,-4.2230,-5.0589
88111366,-0.0035,0.0050,-0.3176,-0.0082,-0.0927,-0.0772,0.0508,0.0299,-0.0198,0.1371,-0.3611,-0.0908,2.0515,2.2964,-3.2389,7.9981,-4.2045,-5.0930
88116366,-0.0051,0.0048,-0.2999,-0.0510,-0.1186,-0.0783,0.0433,0.0396,-0.0215,0.1364,-0.3254,-0.1493,1.5444,3.3591,-3.2389,7.9987,-4.1670,-5.1035
88121365,-0.0064,0.0045,-0.2908,-0.0889,-0.1354,-0.0807,0.0375,0.0484,-0.0230,0.1354,-0.3022,-0.1864,0.7548,3.3591,-3.1837,7.9881,-4.1565,-5.1242
88126366,-0.0078,0.0040,-0.2569,-0.1332,-0.0496,-0.0780,0.0246,0.0553,-0.0241,0.1342,-0.2309,-0.2375,-0.7523,4.2560,-2.7424,7.9566,-4.1125,-5.1250
88131366,-0.0091,0.0033,-0.2251,-0.1436,0.1318,-0.0772,0.0173,0.0549,-0.0250,0.1330,-0.1710,-0.2384,-1.8755,4.4507,-1.9149,7.9297,-4.0915,-5.1241
88136366,-0.0102,0.0024,-0.1912,-0.1576,0.2714,-0.0756,0.0086,0.0567,-0.0256,0.1318,-0.1193,-0.2506,-2.6966,4.5967,-1.6391,7.9002,-4.0611,-5.1244
88141366,-0.0110,0.0012,-0.1665,-0.1796,0.1743,-0.0700,0.0016,0.0617,-0.0259,0.1305,-0.0580,-0.2471,-3.6934,4.8718,0.3390,7.8667,-4.0367,-5.0914
88146366,-0.0116,0.0003,-0.0880,-0.1964,-0.0600,-0.0530,-0.0082,0.0635,-0.0257,0.1293,0.0378,-0.2589,-4.5290,4.8718,0.6781,7.8252,-4.0074,-5.0826
88151366,-0.0115,-0.0005,0.0568,-0.1344,-0.0753,-0.0231,-0.0132,0.0392,-0.0247,0.1284,0.2005,-0.1665,-5.1214,4.3038,2.1414,7.7944,-3.9999,-5.0450
88156366,-0.0111,-0.0015,0.0889,-0.1662,-0.1376,-0.0147,-0.0252,0.0451,-0.0235,0.1274,0.2335,-0.1983,-5.1778,4.3038,2.1414,7.7625,-3.9741,-5.0380
88161366,-0.0105,-0.0023,0.1176,-0.1738,-0.0633,-0.0061,-0.0331,0.0417,-0.0221,0.1265,0.2793,-0.1825,-5.6285,4.0614,3.4705,7.7313,-3.9619,-4.9917
88166366,-0.0096,-0.0030,0.1869,-0.1045,0.0710,0.0085,-0.0326,0.0214,-0.0204,0.1261,0.3445,-0.0915,-5.7225,2.9948,3.8611,7.6954,-3.9622,-4.9725
88171366,-0.0086,-0.0037,0.2178,-0.0816,0.0402,0.0189,-0.0344,0.0140,-0.0185,0.1258,0.3749,-0.0501,-5.6156,2.4616,4.5627,7.6746,-3.9620,-4.9296
88176366,-0.0074,-0.0039,0.2599,-0.0089,-0.0111,0.0303,-0.0272,-0.0027,-0.0166,0.1260,0.3886,0.0351,-4.1716,1.8313,4.7724,7.6742,-3.9618,-4.9100
88181366,-0.0059,-0.0037,0.3106,0.0938,0.0213,0.0445,-0.0167,-0.0286,-0.0144,0.1267,0.4234,0.1428,-3.4228,1.4920,4.7724,7.6740,-3.9620,-4.8778
88186366,-0.0040,-0.0031,0.3665,0.1775,0.0845,0.0589,-0.0075,-0.0547,-0.0122,0.1279,0.4426,0.2498,-2.5136,-0.5164,4.3311,7.6744,-3.9980,-4.8719
88191366,-0.0020,-0.0020,0.3684,0.2447,0.1053,0.0666,0.0032,-0.0738,-0.0101,0.1295,0.4366,0.3177,-2.0858,-0.5680,4.3311,7.6738,-4.0013,-4.8427
88196366,-0.0002,-0.0009,0.3173,0.2141,-0.0169,0.0646,0.0050,-0.0689,-0.0082,0.1309,0.3735,0.2821,-1.5509,-0.5680,3.9921,7.6738,-4.0047,-4.8356
88201365,0.0012,0.0002,0.2663,0.2010,0.0188,0.0576,0.0084,-0.0668,-0.0067,0.1322,0.2893,0.2523,-0.1809,-0.5680,2.8781,7.6974,-4.0070,-4.8348
88206366,0.0023,0.0009,0.1747,0.1720,-0.0236,0.0434,0.0136,-0.0561,-0.0059,0.1333,0.1768,0.2168,0.8176,-0.5680,2.4422,7.7197,-4.0104,-4.8350
88211366,0.0032,0.0018,0.1234,0.1924,-0.0887,0.0348,0.0238,-0.0552,-0.0054,0.1343,0.0875,0.2102,2.1135,-0.5680,0.6272,7.7521,-4.0133,-4.8590
88216365,0.0039,0.0029,0.0889,0.2306,-0.0548,0.0286,0.0355,-0.0620,-0.0053,0.1355,0.0278,0.2352,3.1367,-0.5680,-0.2554,7.7864,-4.0155,-4.8765
88221366,0.0041,0.0041,0.0140,0.2230,0.0506,0.0131,0.0442,-0.0592,-0.0056,0.1367,-0.0553,0.2276,3.6214,-0.5680,-0.2554,7.8103,-4.0189,-4.8782
88226366,0.0040,0.0051,-0.0608,0.1885,0.0839,-0.0036,0.0488,-0.0484,-0.0063,0.1376,-0.1489,0.1813,4.3178,-0.5680,-1.0420,7.8486,-4.0212,-4.8955
88231366,0.0034,0.0057,-0.1643,0.1121,0.0323,-0.0260,0.0492,-0.0244,-0.0076,0.1380,-0.2624,0.0878,4.3178,-0.5680,-2.1956,7.8659,-4.0246,-4.9317
88236366,0.0024,0.0062,-0.2239,0.0950,0.0231,-0.0411,0.0536,-0.0134,-0.0092,0.1382,-0.3235,0.0361,4.5393,0.7229,-3.2209,7.8974,-3.9991,-4.9612
88241366,0.0012,0.0061,-0.2932,0.0211,-0.0297,-0.0588,0.0509,0.0091,-0.0112,0.1380,-0.3924,-0.0385,4.5393,0.7746,-3.2209,7.9156,-3.9935,-4.9829
88246366,-0.0007,0.0061,-0.3442,-0.0082,-0.0383,-0.0751,0.0531,0.0235,-0.0133,0.1376,-0.4316,-0.0840,3.8440,1.3078,-3.7747,7.9232,-3.9794,-5.0052
88251366,-0.0022,0.0059,-0.3231,-0.0565,-0.0407,-0.0751,0.0437,0.0329,-0.0153,0.1369,-0.3868,-0.1431,2.8278,2.0350,-3.7747,7.9228,-3.9533,-5.0222
88256366,-0.0038,0.0057,-0.3378,-0.0727,-0.1037,-0.0821,0.0438,0.0424,-0.0172,0.1360,-0.3825,-0.1776,2.3465,3.2656,-3.7747,7.9235,-3.9179,-5.0430
88261366,-0.0056,0.0050,-0.3497,-0.0834,-0.1144,-0.0893,0.0437,0.0500,-0.0190,0.1350,-0.3671,-0.1845,1.2026,3.5821,-3.1998,7.9124,-3.8919,-5.0475
88266366,-0.0071,0.0044,-0.2837,-0.1164,0.0167,-0.0813,0.0298,0.0509,-0.0203,0.1340,-0.2582,-0.2160,-0.5538,4.2679,-2.4159,7.8783,-3.8617,-5.0471
88271366,-0.0083,0.0039,-0.2001,-0.1155,0.1886,-0.0700,0.0191,0.0436,-0.0211,0.1329,-0.1468,-0.2146,-1.7127,4.7061,-1.9456,7.8493,-3.8262,-5.0475
88276366,-0.0091,0.0031,-0.1295,-0.1530,0.2717,-0.0595,0.0037,0.0453,-0.0214,0.1317,-0.0598,-0.2452,-2.4314,4.7061,-1.4752,7.8263,-3.8073,-5.0474
88281366,-0.0095,0.0021,-0.1228,-0.1732,0.1798,-0.0560,-0.0019,0.0510,-0.0215,0.1304,-0.0194,-0.2490,-3.4546,5.0912,0.0000,7.7864,-3.7694,-5.0218
88286366,-0.0098,0.0011,-0.0403,-0.1759,-0.0301,-0.0368,-0.0105,0.0484,-0.0210,0.1292,0.0910,-0.2369,-4.5814,5.0912,0.9968,7.7487,-3.7490,-4.9976
88291366,-0.0097,0.0002,0.0672,-0.1454,0.0038,-0.0148,-0.0197,0.0343,-0.0199,0.1282,0.2115,-0.2005,-5.1927,5.0395,1.3386,7.7084,-3.7198,-4.9861
88296365,-0.0091,-0.0006,0.1399,-0.1497,-0.0746,0.0027,-0.0289,0.0291,-0.0185,0.1273,0.2889,-0.1793,-5.1927,4.4578,2.4615,7.6876,-3.7120,-4.9518
88301366,-0.0083,-0.0017,0.1805,-0.1637,-0.1565,0.0151,-0.0374,0.0282,-0.0168,0.1265,0.3322,-0.1604,-5.4066,3.2942,3.5103,7.6513,-3.7121,-4.9169
88306366,-0.0071,-0.0025,0.2056,-0.1857,-0.0679,0.0230,-0.0489,0.0285,-0.0151,0.1257,0.3522,-0.1738,-5.4066,2.7125,3.5103,7.6297,-3.7118,-4.8980
88311366,-0.0060,-0.0035,0.2224,-0.1521,0.0600,0.0277,-0.0502,0.0202,-0.0133,0.1251,0.3498,-0.1186,-4.2991,1.9853,4.2274,7.6224,-3.7123,-4.8600
88316366,-0.0049,-0.0044,0.2309,-0.1408,0.0668,0.0336,-0.0540,0.0178,-0.0115,0.1246,0.3584,-0.0972,-4.2991,1.6459,4.5665,7.6052,-3.7119,-4.8272
88321365,-0.0037,-0.0049,0.2563,-0.0428,0.0292,0.0432,-0.0429,-0.0014,-0.0097,0.1246,0.3752,0.0073,-4.0206,1.2096,4.5665,7.5851,-3.7121,-4.8089
88326366,-0.0022,-0.0047,0.2899,0.0864,0.0460,0.0530,-0.0251,-0.0297,-0.0078,0.1254,0.3785,0.1514,-2.9741,0.0000,4.3574,7.5917,-3.7338,-4.7864
88331366,-0.0005,-0.0042,0.3143,0.1579,0.1673,0.0595,-0.0161,-0.0498,-0.0060,0.1266,0.3591,0.2344,-0.8144,-0.7746,4.3574,7.6245,-3.7531,-4.7689
88336366,0.0008,-0.0031,0.2367,0.2123,0.0124,0.0517,0.0032,-0.0554,-0.0046,0.1280,0.2758,0.2822,-0.7037,-0.7746,3.9144,7.6237,-3.7562,-4.7521
88341366,0.0019,-0.0021,0.1610,0.2129,-0.1681,0.0419,0.0159,-0.0513,-0.0037,0.1294,0.1773,0.2942,-0.4822,-2.2599,3.1944,7.6245,-3.7930,-4.7522
88346366,0.0024,-0.0009,0.0748,0.2724,-0.2292,0.0257,0.0383,-0.0553,-0.0034,0.1311,0.0577,0.3422,1.0162,-2.3149,2.3637,7.6551,-3.8033,-4.7520
88351366,0.0028,0.0005,0.0461,0.3228,-0.1779,0.0199,0.0532,-0.0663,-0.0034,0.1331,0.0119,0.3868,1.8184,-2.3149,1.9761,7.6812,-3.8172,-4.7511
88356365,0.0027,0.0023,-0.0043,0.3564,-0.0081,0.0059,0.0683,-0.0739,-0.0036,0.1351,-0.0578,0.4121,2.6648,-2.3149,1.4223,7.7063,-3.8265,-4.7521
88361366,0.0025,0.0041,-0.0825,0.3445,0.0707,-0.0116,0.0787,-0.0698,-0.0044,0.1371,-0.1437,0.3839,2.7588,-2.1202,0.5245,7.7247,-3.8364,-4.7653
88366365,0.0020,0.0056,-0.1176,0.2676,-0.0075,-0.0196,0.0741,-0.0542,-0.0053,0.1384,-0.1856,0.2718,2.7588,-1.3330,-1.0452,7.7358,-3.8281,-4.7999
88371366,0.0012,0.0066,-0.1958,0.1915,0.0546,-0.0383,0.0703,-0.0341,-0.0066,0.1392,-0.2570,0.1512,2.7025,0.4951,-2.2076,7.7511,-3.7928,-4.8290
88376365,0.0002,0.0073,-0.2318,0.1784,0.1944,-0.0517,0.0734,-0.0292,-0.0081,0.1398,-0.3028,0.1213,2.7025,0.4951,-3.3324,7.7619,-3.7908,-4.8670
88381366,-0.0012,0.0077,-0.2865,0.1252,-0.0401,-0.0637,0.0743,-0.0090,-0.0098,0.1400,-0.3447,0.0363,2.7025,2.3024,-3.6634,7.7782,-3.7453,-4.8881
88386366,-0.0027,0.0083,-0.3067,0.1002,-0.1706,-0.0712,0.0770,0.0008,-0.0116,0.1399,-0.3536,-0.0123,2.4771,3.5144,-4.0305,7.7844,-3.7093,-4.9175
88391366,-0.0041,0.0087,-0.3012,0.0406,-0.1809,-0.0723,0.0677,0.0115,-0.0131,0.1394,-0.3035,-0.0917,0.3361,4.6331,-4.2402,7.7488,-3.6626,-4.9386
88396366,-0.0055,0.0085,-0.2691,-0.0654,-0.0484,-0.0729,0.0461,0.0287,-0.0144,0.1384,-0.2640,-0.2132,0.2797,5.5299,-4.3867,7.7488,-3.6252,-4.9673
88401366,-0.0069,0.0078,-0.2529,-0.1600,0.0784,-0.0742,0.0256,0.0457,-0.0155,0.1368,-0.2156,-0.3175,-1.2696,6.1709,-4.3867,7.7161,-3.5774,-4.9848
88406366,-0.0079,0.0066,-0.1826,-0.2501,0.0985,-0.0639,0.0007,0.0594,-0.0161,0.1347,-0.1274,-0.4091,-1.7592,6.7761,-3.8883,7.7001,-3.5399,-5.0006
88411366,-0.0089,0.0050,-0.1658,-0.3134,0.1349,-0.0630,-0.0160,0.0738,-0.0165,0.1324,-0.0834,-0.4662,-2.8288,7.0859,-3.1683,7.6631,-3.4927,-5.0003
88416366,-0.0095,0.0032,-0.1710,-0.3360,0.1602,-0.0645,-0.0248,0.0831,-0.0168,0.1300,-0.0576,-0.4765,-4.2132,7.0859,-2.3376,7.6218,-3.4643,-5.0002
88421366,-0.0101,0.0013,-0.1463,-0.3555,0.0628,-0.0591,-0.0349,0.0916,-0.0169,0.1276,-0.0123,-0.4839,-5.0024,7.0859,-1.5237,7.5791,-3.4218,-4.9922
88426366,-0.0109,-0.0004,-0.1249,-0.3329,-0.0148,-0.0558,-0.0345,0.0908,-0.0168,0.1255,0.0272,-0.4209,-5.5409,6.2469,0.3418,7.5479,-3.4126,-4.9577
88431366,-0.0109,-0.0021,0.0199,-0.3286,-0.1330,-0.0256,-0.0514,0.0820,-0.0158,0.1235,0.1872,-0.3986,-5.8227,6.2469,1.5478,7.5089,-3.3751,-4.9305
88436366,-0.0108,-0.0041,0.0635,-0.3641,-0.1577,-0.0161,-0.0666,0.0887,-0.0147,0.1215,0.2327,-0.4079,-6.1044,5.1918,2.2486,7.4790,-3.3731,-4.9053
88441366,-0.0100,-0.0055,0.1213,-0.2996,0.0115,-0.0037,-0.0677,0.0710,-0.0132,0.1199,0.2955,-0.3065,-6.4805,3.8728,3.4071,7.4332,-3.3724,-4.8701
88446366,-0.0092,-0.0068,0.1607,-0.2098,0.0814,0.0064,-0.0619,0.0524,-0.0115,0.1190,0.3377,-0.1898,-6.4805,3.1342,4.4726,7.4072,-3.3731,-4.8247
88451366,-0.0082,-0.0076,0.2065,-0.1142,-0.0026,0.0198,-0.0524,0.0327,-0.0096,0.1186,0.3787,-0.0707,-6.2037,2.3429,5.2565,7.3740,-3.3726,-4.7892
88456366,-0.0071,-0.0078,0.2456,0.0147,-0.0624,0.0311,-0.0338,0.0051,-0.0076,0.1191,0.3967,0.0913,-5.4284,0.7831,5.9211,7.3667,-3.3970,-4.7430
88461366,-0.0056,-0.0075,0.3204,0.1069,0.0133,0.0500,-0.0266,-0.0239,-0.0053,0.1201,0.4635,0.2093,-5.3820,-0.5034,6.3605,7.3351,-3.4239,-4.7103
88466366,-0.0038,-0.0065,0.3717,0.1744,0.1495,0.0639,-0.0206,-0.0490,-0.0028,0.1216,0.4956,0.2901,-4.4071,-1.0852,6.6715,7.3351,-3.4379,-4.6652
88471365,-0.0016,-0.0054,0.4062,0.1976,-0.0447,0.0796,-0.0162,-0.0617,-0.0003,0.1232,0.5014,0.3285,-3.2464,-2.1032,6.6715,7.3355,-3.4695,-4.6386
88476365,0.0004,-0.0045,0.3433,0.1973,-0.1345,0.0740,-0.0096,-0.0593,0.0017,0.1248,0.4063,0.3132,-2.0355,-2.2581,5.5130,7.3485,-3.4810,-4.6242
88481365,0.0021,-0.0034,0.3002,0.2596,-0.0426,0.0689,0.0062,-0.0734,0.0034,0.1267,0.3308,0.3855,-0.4850,-2.9294,5.5130,7.3738,-3.5114,-4.6022
88486365,0.0035,-0.0019,0.2422,0.3323,0.0081,0.0619,0.0250,-0.0873,0.0047,0.1290,0.2642,0.4466,-0.3742,-2.9294,4.7381,7.3742,-3.5232,-4.5857
88491365,0.0047,-0.0001,0.2129,0.3754,-0.0548,0.0588,0.0404,-0.0971,0.0056,0.1314,0.1891,0.4774,1.8719,-2.9294,3.9148,7.4227,-3.5407,-4.5848
88496366,0.0057,0.0019,0.1683,0.3806,-0.1137,0.0537,0.0499,-0.0992,0.0063,0.1336,0.1313,0.4511,1.9724,-2.5443,2.1886,7.4324,-3.5442,-4.5999
88501366,0.0065,0.0038,0.1295,0.3598,-0.0887,0.0472,0.0536,-0.0974,0.0066,0.1356,0.0671,0.3974,3.0068,-1.8842,0.6439,7.4696,-3.5441,-4.6254
88506365,0.0069,0.0053,0.0495,0.2972,0.0414,0.0312,0.0534,-0.0861,0.0065,0.1372,-0.0235,0.3250,3.6266,-1.5541,0.3211,7.4944,-3.5443,-4.6286
88511365,0.0070,0.0067,-0.0220,0.2682,0.2015,0.0148,0.0563,-0.0788,0.0060,0.1385,-0.1086,0.2644,3.7956,-1.1140,-1.3634,7.5206,-3.5434,-4.6641
88516365,0.0069,0.0081,-0.0632,0.2954,0.2619,0.0038,0.0680,-0.0819,0.0051,0.1399,-0.1745,0.2633,4.4419,-0.9490,-3.0975,7.5491,-3.5442,-4.7127
88521366,0.0063,0.0092,-0.1200,0.2813,0.0558,-0.0063,0.0756,-0.0715,0.0040,0.1409,-0.2238,0.2031,4.4419,1.0327,-4.2051,7.5758,-3.5059,-4.7486
88526366,0.0055,0.0105,-0.1542,0.2337,0.0200,-0.0162,0.0767,-0.0612,0.0026,0.1416,-0.2654,0.1376,4.5812,1.3426,-5.0998,7.5967,-3.4944,-4.7930
88531366,0.0049,0.0114,-0.1521,0.1564,0.0200,-0.0179,0.0658,-0.0487,0.0014,0.1417,-0.2569,0.0305,4.5258,2.6515,-5.7893,7.6231,-3.4553,-4.8281
88536366,0.0040,0.0120,-0.1936,0.0929,-0.0630,-0.0271,0.0614,-0.0320,-0.0000,0.1414,-0.2819,-0.0641,3.6952,3.8261,-6.7002,7.6229,-3.4188,-4.8835
88541366,0.0030,0.0122,-0.2447,0.0825,-0.1852,-0.0389,0.0673,-0.0213,-0.0017,0.1409,-0.3261,-0.0958,3.7505,4.9868,-6.9624,7.6465,-3.3709,-4.9156
88546365,0.0019,0.0125,-0.2645,0.0632,-0.1272,-0.0478,0.0671,-0.0145,-0.0034,0.1402,-0.3452,-0.1341,3.7505,5.6683,-7.5627,7.6615,-3.3366,-4.9714
88551366,0.0006,0.0128,-0.2682,0.0400,0.0808,-0.0555,0.0633,-0.0109,-0.0051,0.1394,-0.3368,-0.1721,3.2692,6.3835,-7.8396,7.6736,-3.2870,-5.0075
88556366,-0.0007,0.0129,-0.2486,-0.0076,0.1786,-0.0557,0.0539,-0.0050,-0.0065,0.1383,-0.2860,-0.2204,1.8389,6.7966,-7.4738,7.6558,-3.2530,-5.0471
88561366,-0.0019,0.0124,-0.2428,-0.1341,0.0973,-0.0558,0.0323,0.0198,-0.0077,0.1365,-0.2439,-0.3519,0.0000,7.2392,-7.3693,7.6232,-3.2022,-5.0745
88566366,-0.0031,0.0110,-0.2288,-0.3012,-0.0484,-0.0551,0.0024,0.0546,-0.0088,0.1339,-0.2223,-0.5160,0.0000,7.5748,-6.8365,7.6232,-3.1662,-5.1060
88571365,-0.0041,0.0094,-0.2166,-0.3442,0.1159,-0.0568,-0.0123,0.0647,-0.0098,0.1312,-0.1806,-0.5557,-1.3927,7.7858,-6.3952,7.5928,-3.1163,-5.1242
88576365,-0.0052,0.0074,-0.2413,-0.3583,0.1972,-0.0656,-0.0172,0.0752,-0.0107,0.1284,-0.1863,-0.5436,-1.7177,7.6885,-4.7402,7.5796,-3.0872,-5.1245
88581366,-0.0063,0.0054,-0.2489,-0.3604,0.0885,-0.0679,-0.0202,0.0847,-0.0115,0.1258,-0.1676,-0.5297,-2.9025,7.4937,-3.8576,7.5407,-3.0460,-5.1241
88586366,-0.0075,0.0035,-0.2169,-0.3809,-0.0539,-0.0644,-0.0273,0.0938,-0.0122,0.1232,-0.1302,-0.5246,-3.0715,6.7786,-2.8646,7.5257,-3.0323,-5.1244
88591366,-0.0085,0.0016,-0.1607,-0.3732,-0.0887,-0.0557,-0.0356,0.0947,-0.0125,0.1207,-0.0564,-0.5042,-4.0294,6.4171,-2.3681,7.4835,-2.9991,-5.1249
88596365,-0.0091,-0.0003,-0.0974,-0.3509,-0.1021,-0.0446,-0.0413,0.0898,-0.0123,0.1184,0.0220,-0.4413,-4.7347,5.2295,-0.8263,7.4515,-2.9996,-5.1049
88601366,-0.0095,-0.0023,-0.0663,-0.3509,-0.1186,-0.0396,-0.0480,0.0922,-0.0121,0.1164,0.0582,-0.4054,-5.1625,3.8869,0.2422,7.4135,-2.9992,-5.0842
88606366,-0.0094,-0.0040,-0.0217,-0.2767,-0.0652,-0.0311,-0.0442,0.0778,-0.0115,0.1149,0.1105,-0.2961,-5.1625,3.1640,1.8623,7.3929,-2.9996,-5.0445
88611366,-0.0094,-0.0051,0.0330,-0.1875,-0.0243,-0.0203,-0.0382,0.0595,-0.0106,0.1140,0.1714,-0.1864,-5.6609,2.3378,2.4161,7.3497,-2.9997,-5.0256
88616366,-0.0089,-0.0056,0.1252,-0.0510,-0.0352,0.0001,-0.0256,0.0268,-0.0093,0.1139,0.2707,-0.0267,-5.7073,1.9247,3.5528,7.3261,-2.9994,-4.9838
88621366,-0.0080,-0.0058,0.1842,0.0082,-0.0090,0.0136,-0.0214,0.0081,-0.0077,0.1142,0.3172,0.0675,-5.3304,0.4046,4.3828,7.2996,-3.0212,-4.9506
88626366,-0.0069,-0.0057,0.2272,0.0718,0.0301,0.0249,-0.0149,-0.0111,-0.0060,0.1150,0.3472,0.1595,-4.7918,-0.7702,5.1169,7.2906,-3.0457,-4.9066
88631366,-0.0055,-0.0053,0.2486,0.1197,0.0365,0.0346,-0.0106,-0.0254,-0.0041,0.1160,0.3686,0.2075,-4.7918,-0.7702,5.1169,7.2619,-3.0504,-4.8862
88636366,-0.0041,-0.0045,0.2453,0.1329,-0.0096,0.0389,-0.0053,-0.0332,-0.0024,0.1173,0.3501,0.2466,-4.4538,-2.1819,5.4479,7.2497,-3.0841,-4.8470
88641366,-0.0027,-0.0037,0.2474,0.1497,0.0069,0.0427,-0.0021,-0.0409,-0.0007,0.1186,0.3274,0.2584,-3.3269,-2.3279,4.9636,7.2490,-3.1010,-4.8353
88646366,-0.0013,-0.0031,0.2660,0.1695,0.0768,0.0500,-0.0018,-0.0511,0.0009,0.1200,0.3345,0.2768,-2.7071,-2.3279,4.8667,7.2494,-3.1103,-4.8081
88651366,-0.0001,-0.0023,0.2309,0.2089,0.0497,0.0472,0.0094,-0.0585,0.0023,0.1215,0.2795,0.3147,-1.9747,-2.6972,4.3964,7.2500,-3.1333,-4.7984
88656366,0.0010,-0.0012,0.1683,0.2440,-0.1327,0.0405,0.0246,-0.0600,0.0033,0.1232,0.2012,0.3327,-1.6366,-2.6972,3.2466,7.2495,-3.1441,-4.7985
88661365,0.0012,0.0002,-0.0009,0.3002,-0.1785,0.0065,0.0562,-0.0558,0.0033,0.1251,-0.0067,0.3803,0.3231,-2.6972,2.6718,7.2830,-3.1603,-4.7981
88666365,0.0012,0.0016,-0.0553,0.2865,-0.1629,-0.0066,0.0630,-0.0502,0.0029,0.1268,-0.0909,0.3374,1.0771,-2.6972,0.7192,7.3017,-3.1711,-4.8260
88671366,0.0006,0.0030,-0.0864,0.2648,-0.1159,-0.0153,0.0664,-0.0467,0.0022,0.1283,-0.1204,0.2970,1.0771,-1.9701,0.1864,7.3081,-3.1705,-4.8355
88676365,0.0001,0.0043,-0.1084,0.2263,-0.0640,-0.0226,0.0656,-0.0405,0.0015,0.1294,-0.1501,0.2351,1.0771,-1.6345,-1.0481,7.3124,-3.1710,-4.8603
88681366,-0.0004,0.0053,-0.1533,0.2016,-0.0068,-0.0341,0.0682,-0.0339,0.0005,0.1304,-0.1942,0.1891,1.0771,-0.8737,-1.7101,7.3189,-3.1641,-4.8798
88686366,-0.0013,0.0062,-0.2208,0.1833,0.0429,-0.0502,0.0735,-0.0249,-0.0007,0.1311,-0.2486,0.1436,1.0771,0.7914,-1.8674,7.3232,-3.1306,-4.8932
88691366,-0.0025,0.0071,-0.2886,0.1958,0.0313,-0.0685,0.0866,-0.0193,-0.0023,0.1318,-0.3228,0.1326,1.0771,1.2134,-3.0211,7.3297,-3.1151,-4.9267
88696366,-0.0042,0.0079,-0.3473,0.2156,-0.0539,-0.0854,0.1008,-0.0134,-0.0042,0.1324,-0.3785,0.1227,1.0771,2.3817,-3.8511,7.3340,-3.0844,-4.9631
88701366,-0.0061,0.0089,-0.3476,0.1851,-0.1260,-0.0898,0.1018,-0.0072,-0.0060,0.1328,-0.3508,0.0765,-0.0241,3.4270,-3.8511,7.3168,-3.0480,-4.9785
88706366,-0.0075,0.0092,-0.2761,0.0397,0.0255,-0.0828,0.0718,0.0100,-0.0073,0.1324,-0.2660,-0.0763,-0.8858,3.5920,-4.1833,7.2970,-3.0304,-5.0090
88711366,-0.0087,0.0090,-0.2346,-0.0724,0.0637,-0.0781,0.0483,0.0273,-0.0083,0.1314,-0.1995,-0.2030,-1.8436,4.5731,-4.1833,7.2715,-2.9854,-5.0257
88716365,-0.0099,0.0082,-0.2495,-0.1759,0.0591,-0.0840,0.0311,0.0507,-0.0093,0.1298,-0.1918,-0.3144,-2.7451,5.2518,-4.0266,7.2435,-2.9516,-5.0476
88721366,-0.0111,0.0071,-0.2239,-0.2615,0.0487,-0.0805,0.0112,0.0674,-0.0099,0.1278,-0.1261,-0.3998,-4.3420,5.9790,-3.2949,7.1897,-2.9028,-5.0475
88726366,-0.0121,0.0055,-0.1958,-0.3293,0.0909,-0.0783,-0.0070,0.0819,-0.0103,0.1255,-0.0765,-0.4622,-4.8769,6.5065,-2.4065,7.1598,-2.8677,-5.0468
88731366,-0.0130,0.0037,-0.1420,-0.3625,0.1071,-0.0696,-0.0233,0.0888,-0.0103,0.1230,0.0049,-0.4901,-6.2540,6.5552,-1.9884,7.0987,-2.8277,-5.0472
88736366,-0.0136,0.0017,-0.0800,-0.3943,0.0124,-0.0575,-0.0392,0.0962,-0.0098,0.1205,0.0839,-0.5132,-6.9485,6.5552,-1.4104,7.0584,-2.8014,-5.0460
88741366,-0.0138,-0.0004,-0.0183,-0.3723,-0.0606,-0.0438,-0.0454,0.0915,-0.0090,0.1182,0.1688,-0.4513,-7.8375,5.6750,0.3877,6.9968,-2.7828,-5.0127
88746366,-0.0136,-0.0022,0.0565,-0.3259,-0.1003,-0.0265,-0.0508,0.0812,-0.0077,0.1163,0.2624,-0.3864,-8.3077,5.6750,1.6250,6.9556,-2.7601,-4.9821
88751366,-0.0132,-0.0040,0.0843,-0.2999,-0.0126,-0.0204,-0.0550,0.0759,-0.0062,0.1146,0.2967,-0.3265,-8.6286,4.5906,2.8148,6.8983,-2.7500,-4.9492
88756366,-0.0125,-0.0050,0.1643,-0.2150,0.0374,-0.0023,-0.0526,0.0535,-0.0043,0.1136,0.3834,-0.2152,-8.9609,3.7645,3.7587,6.8563,-2.7497,-4.9089
88761365,-0.0114,-0.0060,0.2355,-0.1625,-0.0276,0.0162,-0.0528,0.0377,-0.0020,0.1130,0.4519,-0.1240,-9.0537,2.2130,4.8068,6.8004,-2.7617,-4.8711
88766366,-0.0100,-0.0065,0.3024,-0.0657,-0.0588,0.0342,-0.0446,0.0126,0.0005,0.1130,0.5053,0.0099,-8.7845,0.4526,5.5333,6.7705,-2.7914,-4.8259
88771366,-0.0082,-0.0066,0.3693,0.0394,-0.0078,0.0523,-0.0366,-0.0154,0.0033,0.1136,0.5553,0.1262,-7.6576,0.2325,6.0559,6.7428,-2.7943,-4.7926
88776366,-0.0061,-0.0062,0.4264,0.1225,0.0881,0.0700,-0.0309,-0.0424,0.0063,0.1148,0.6052,0.2283,-7.6576,-0.8276,6.2775,6.7122,-2.8154,-4.7518
88781366,-0.0038,-0.0052,0.4643,0.1857,0.1178,0.0830,-0.0229,-0.0646,0.0093,0.1163,0.6027,0.3054,-5.7768,-1.7525,6.2775,6.7093,-2.8433,-4.7267
88786366,-0.0014,-0.0042,0.4682,0.1781,0.0210,0.0925,-0.0236,-0.0698,0.0122,0.1178,0.5797,0.2977,-4.7423,-2.2801,5.7404,6.7090,-2.8611,-4.7010
88791366,0.0011,-0.0032,0.4609,0.1683,-0.0731,0.1003,-0.0236,-0.0739,0.0150,0.1193,0.5469,0.2942,-3.4727,-2.7021,5.7404,6.7099,-2.8855,-4.6780
88796366,0.0033,-0.0025,0.4068,0.1903,-0.0679,0.0971,-0.0171,-0.0773,0.0173,0.1207,0.4710,0.2967,-2.8615,-2.7021,4.4295,6.7094,-2.8963,-4.6733
88801366,0.0050,-0.0012,0.3176,0.3009,-0.1302,0.0836,0.0134,-0.0920,0.0189,0.1228,0.3269,0.4022,-0.3447,-3.2055,3.5905,6.7498,-2.9231,-4.6740
88806366,0.0063,0.0003,0.2187,0.3335,-0.0942,0.0681,0.0295,-0.0941,0.0200,0.1248,0.2156,0.4153,-0.2883,-3.2055,2.2741,6.7496,-2.9359,-4.6819
88811365,0.0071,0.0019,0.1268,0.3314,-0.0536,0.0496,0.0419,-0.0895,0.0204,0.1268,0.0747,0.3898,1.7772,-3.2055,0.7117,6.7936,-2.9552,-4.7070
88816365,0.0075,0.0034,0.0266,0.2831,-0.0191,0.0305,0.0464,-0.0761,0.0202,0.1284,-0.0367,0.3201,2.0465,-2.8662,-0.3877,6.8071,-2.9609,-4.7262
88821365,0.0073,0.0047,-0.0702,0.2764,0.0576,0.0088,0.0575,-0.0685,0.0194,0.1298,-0.1549,0.2852,3.0678,-2.1390,-1.5506,6.8439,-2.9613,-4.7541
88826366,0.0067,0.0060,-0.1344,0.3118,0.0713,-0.0074,0.0738,-0.0691,0.0183,0.1313,-0.2330,0.2915,3.2893,-1.7511,-3.1185,6.8607,-2.9613,-4.7977
88831365,0.0057,0.0073,-0.1943,0.3097,0.0008,-0.0225,0.0846,-0.0621,0.0168,0.1325,-0.3004,0.2560,3.7323,-0.6287,-4.2324,6.8917,-2.9474,-4.8340
88836365,0.0046,0.0091,-0.2007,0.3302,-0.0059,-0.0278,0.0945,-0.0665,0.0153,0.1337,-0.3041,0.2407,3.7323,0.7271,-5.2738,6.9066,-2.9198,-4.8830
88841366,0.0036,0.0106,-0.2477,0.2853,0.0026,-0.0408,0.0978,-0.0571,0.0135,0.1347,-0.3456,0.1833,3.4649,1.2019,-5.6409,6.9234,-2.9057,-4.9115
88846366,0.0020,0.0115,-0.3311,0.1497,-0.1736,-0.0595,0.0887,-0.0225,0.0115,0.1347,-0.4144,0.0130,2.8231,2.5736,-6.5938,6.9231,-2.8702,-4.9677
88851366,0.0002,0.0123,-0.3803,0.1359,-0.2399,-0.0737,0.0956,-0.0126,0.0092,0.1346,-0.4425,-0.0314,2.0744,4.0720,-7.1476,6.9228,-2.8198,-5.0058
88856366,-0.0018,0.0129,-0.3781,0.1103,-0.1202,-0.0820,0.0941,-0.0075,0.0071,0.1342,-0.4295,-0.0756,1.7000,4.9522,-7.5135,6.9229,-2.7834,-5.0566
88861366,-0.0037,0.0135,-0.3705,0.0968,0.0619,-0.0893,0.0926,-0.0056,0.0051,0.1336,-0.4047,-0.1116,1.2721,6.2695,-7.7072,6.9233,-2.7232,-5.0907
88866366,-0.0053,0.0137,-0.3176,0.0174,0.1187,-0.0839,0.0758,0.0035,0.0035,0.1326,-0.3199,-0.1986,-0.1108,7.0004,-7.4865,6.8987,-2.6822,-5.1323
88871366,-0.0068,0.0132,-0.2892,-0.1203,0.0652,-0.0808,0.0497,0.0285,0.0022,0.1309,-0.2538,-0.3516,-1.7933,8.0187,-7.4865,6.8585,-2.6173,-5.1622
88876366,-0.0082,0.0122,-0.2923,-0.2291,0.0164,-0.0839,0.0318,0.0515,0.0011,0.1287,-0.2235,-0.4434,-2.7217,8.4568,-5.9134,6.8303,-2.5756,-5.1720
88881366,-0.0095,0.0107,-0.3018,-0.3103,0.0194,-0.0883,0.0153,0.0722,0.0001,0.1261,-0.1984,-0.5210,-3.8527,9.2135,-4.9171,6.7861,-2.5074,-5.1737
88886366,-0.0108,0.0088,-0.2972,-0.3399,0.0762,-0.0915,0.0038,0.0848,-0.0007,0.1233,-0.1686,-0.5574,-5.0922,9.6624,-4.9171,6.7429,-2.4607,-5.2032
88891366,-0.0123,0.0069,-0.2828,-0.3399,0.0631,-0.0923,-0.0016,0.0915,-0.0014,0.1205,-0.1224,-0.5497,-6.5204,9.8302,-4.2336,6.6798,-2.3990,-5.2082
88896366,-0.0132,0.0052,-0.1381,-0.3216,-0.0389,-0.0647,-0.0142,0.0804,-0.0011,0.1180,0.0477,-0.5005,-6.9578,9.8302,-2.1686,6.6443,-2.3597,-5.1872
88901366,-0.0136,0.0035,-0.0577,-0.3201,-0.1067,-0.0482,-0.0254,0.0777,-0.0004,0.1156,0.1532,-0.4754,-8.1615,9.2948,-1.1198,6.5742,-2.3130,-5.1722
88906365,-0.0139,0.0014,-0.0247,-0.3723,-0.0759,-0.0429,-0.0434,0.0892,0.0006,0.1131,0.1901,-0.5107,-8.7000,8.4146,-0.8576,6.5292,-2.2943,-5.1728
88911366,-0.0139,-0.0004,0.0055,-0.3769,0.0585,-0.0364,-0.0541,0.0882,0.0019,0.1107,0.2525,-0.4846,-9.7993,8.1564,0.9378,6.4513,-2.2490,-5.1375
88916366,-0.0136,-0.0021,0.0638,-0.3063,0.0961,-0.0248,-0.0525,0.0736,0.0034,0.1088,0.3102,-0.3770,-10.0132,6.6589,1.9254,6.4074,-2.2494,-5.1089
88921366,-0.0131,-0.0037,0.1368,-0.2782,-0.0597,-0.0068,-0.0566,0.0657,0.0053,0.1072,0.3798,-0.3091,-10.2347,4.9033,2.8456,6.3422,-2.2499,-5.0803
88926366,-0.0122,-0.0048,0.2059,-0.1903,-0.1272,0.0111,-0.0517,0.0455,0.0076,0.1063,0.4503,-0.1925,-10.2347,4.0254,3.8908,6.3012,-2.2495,-5.0390
88931365,-0.0108,-0.0056,0.2883,-0.0922,-0.0404,0.0302,-0.0480,0.0193,0.0101,0.1059,0.5170,-0.0765,-9.7501,2.9927,4.0569,6.2521,-2.2493,-5.0201
88936365,-0.0089,-0.0059,0.3720,-0.0116,-0.0313,0.0522,-0.0455,-0.0054,0.0131,0.1060,0.5830,0.0226,-8.6795,2.4247,4.7215,6.2372,-2.2498,-4.9790
88941366,-0.0068,-0.0056,0.4310,0.0932,-0.1327,0.0718,-0.0340,-0.0327,0.0162,0.1067,0.6230,0.1454,-7.5981,1.8051,5.3074,6.2082,-2.2495,-4.9467
88946366,-0.0047,-0.0050,0.4377,0.1081,-0.0841,0.0789,-0.0321,-0.0436,0.0192,0.1077,0.6035,0.1845,-6.5166,0.5499,5.6744,6.2021,-2.2692,-4.9063
88951366,-0.0022,-0.0045,0.4691,0.1335,0.0943,0.0913,-0.0346,-0.0603,0.0223,0.1088,0.6149,0.2287,-5.9818,-0.7152,5.6744,6.1742,-2.2969,-4.8837
88956366,0.0002,-0.0040,0.4710,0.1463,0.1535,0.0981,-0.0361,-0.0679,0.0252,0.1100,0.5850,0.2301,-4.9121,-1.1046,4.5160,6.1738,-2.3077,-4.8755
88961366,0.0024,-0.0032,0.3977,0.1976,0.0048,0.0905,-0.0177,-0.0730,0.0275,0.1114,0.4575,0.2873,-2.7915,-2.3216,3.6885,6.1926,-2.3440,-4.8757
88966365,0.0042,-0.0022,0.3146,0.2309,-0.1657,0.0816,-0.0019,-0.0734,0.0292,0.1129,0.3445,0.3066,-1.5219,-2.3216,2.7507,6.2097,-2.3533,-4.8752
88971366,0.0056,-0.0010,0.2382,0.2611,-0.2118,0.0699,0.0143,-0.0760,0.0303,0.1146,0.2239,0.3372,0.5348,-2.8492,2.2542,6.2463,-2.3794,-4.8753
88976366,0.0067,0.0004,0.1710,0.2679,-0.1437,0.0597,0.0234,-0.0776,0.0311,0.1163,0.1486,0.3349,0.7038,-2.8492,1.6474,6.2525,-2.3908,-4.8758
88981366,0.0071,0.0017,0.0464,0.2575,-0.0505,0.0335,0.0366,-0.0682,0.0310,0.1179,-0.0149,0.3150,2.6426,-2.8492,1.0072,6.3000,-2.4079,-4.8827
88986366,0.0069,0.0028,-0.0800,0.2291,-0.0038,0.0061,0.0466,-0.0526,0.0302,0.1191,-0.1639,0.2545,2.8747,-2.8492,-1.1464,6.3152,-2.4193,-4.9268
88991366,0.0065,0.0041,-0.1319,0.2633,0.1208,-0.0085,0.0597,-0.0558,0.0290,0.1204,-0.2334,0.2591,3.5711,-2.1780,-2.4646,6.3499,-2.4211,-4.9607
88996366,0.0056,0.0053,-0.1753,0.2813,0.1611,-0.0225,0.0712,-0.0549,0.0275,0.1217,-0.2963,0.2514,4.2356,-1.7865,-3.7938,6.3788,-2.4211,-5.0053
89001365,0.0044,0.0064,-0.2217,0.2749,0.0646,-0.0348,0.0814,-0.0492,0.0258,0.1229,-0.3402,0.2344,4.2356,-1.2862,-4.0028,6.4042,-2.4203,-5.0247
89006365,0.0033,0.0080,-0.2355,0.2929,-0.0093,-0.0406,0.0913,-0.0504,0.0241,0.1239,-0.3506,0.2073,4.2356,0.4221,-5.3195,6.4211,-2.3884,-5.0793
89011365,0.0022,0.0094,-0.2642,0.2618,-0.0502,-0.0491,0.0949,-0.0439,0.0222,0.1247,-0.3651,0.1601,3.8077,1.3554,-5.4648,6.4361,-2.3635,-5.1040
89016365,0.0009,0.0105,-0.2737,0.1906,-0.1003,-0.0553,0.0893,-0.0302,0.0204,0.1250,-0.3706,0.0639,3.8077,2.4263,-6.0716,6.4513,-2.3339,-5.1520
89021366,-0.0008,0.0114,-0.3247,0.1463,-0.1507,-0.0672,0.0903,-0.0173,0.0185,0.1250,-0.3743,-0.0048,1.5615,3.7467,-6.3862,6.4229,-2.2890,-5.1832
89026366,-0.0023,0.0119,-0.3467,0.1362,-0.1916,-0.0761,0.0945,-0.0110,0.0166,0.1248,-0.3858,-0.0339,1.2940,4.7277,-6.6792,6.4233,-2.2533,-5.2283
89031366,-0.0039,0.0123,-0.3302,0.0589,0.0237,-0.0810,0.0805,-0.0005,0.0148,0.1242,-0.3509,-0.1250,0.6963,5.6583,-6.6792,6.4179,-2.2036,-5.2550
89036366,-0.0054,0.0123,-0.2932,-0.0391,0.0912,-0.0777,0.0603,0.0139,0.0135,0.1230,-0.2763,-0.2348,-1.1075,6.4414,-6.6792,6.3818,-2.1638,-5.2951
89041366,-0.0068,0.0116,-0.2642,-0.1573,0.0881,-0.0746,0.0372,0.0340,0.0124,0.1213,-0.2075,-0.3469,-2.4701,7.1800,-5.5294,6.3445,-2.1083,-5.2967
89046366,-0.0080,0.0105,-0.2492,-0.2489,0.0417,-0.0745,0.0187,0.0542,0.0116,0.1191,-0.1717,-0.4427,-3.3800,7.6181,-5.3726,6.3149,-2.0696,-5.3259
89051365,-0.0091,0.0088,-0.2556,-0.3073,0.0206,-0.0776,0.0050,0.0718,0.0108,0.1166,-0.1496,-0.5021,-4.3693,8.3232,-4.7430,6.2717,-2.0072,-5.3341
89056366,-0.0102,0.0069,-0.2425,-0.3265,0.0558,-0.0782,-0.0042,0.0802,0.0103,0.1140,-0.1100,-0.5064,-5.1958,8.5297,-3.5322,6.2354,-1.9690,-5.3345
89061366,-0.0115,0.0051,-0.2236,-0.3335,0.1013,-0.0778,-0.0120,0.0859,0.0100,0.1115,-0.0600,-0.5038,-6.6434,8.5633,-2.8541,6.1708,-1.9164,-5.3338
89066367,-0.0125,0.0034,-0.1713,-0.3225,0.0475,-0.0700,-0.0179,0.0861,0.0100,0.1091,0.0079,-0.4772,-7.0310,8.5633,-1.8064,6.1363,-1.8822,-5.3276
89071366,-0.0131,0.0018,-0.0791,-0.2938,-0.1018,-0.0508,-0.0230,0.0777,0.0106,0.1071,0.1230,-0.4117,-7.9204,7.7719,-0.1341,6.0733,-1.8497,-5.2982
89076366,-0.0133,-0.0001,-0.0299,-0.3464,-0.0966,-0.0425,-0.0417,0.0880,0.0115,0.1048,0.1725,-0.4505,-8.3512,6.8957,-0.0818,6.0319,-1.8371,-5.2976
89081366,-0.0130,-0.0013,0.0571,-0.2691,0.0723,-0.0253,-0.0424,0.0649,0.0129,0.1031,0.2761,-0.3349,-9.0464,5.8734,1.4657,5.9659,-1.8208,-5.2644
89086366,-0.0126,-0.0024,0.1042,-0.2043,0.0087,-0.0133,-0.0398,0.0527,0.0145,0.1018,0.3331,-0.2619,-9.3479,5.8734,2.0195,5.9231,-1.7973,-5.2416
89091366,-0.0119,-0.0034,0.1640,-0.1484,-0.1452,0.0030,-0.0364,0.0389,0.0165,0.1010,0.3927,-0.1672,-9.4586,4.4431,3.1913,5.8647,-1.7947,-5.2078
89096366,-0.0109,-0.0038,0.2251,-0.0455,-0.1287,0.0183,-0.0271,0.0138,0.0187,0.1008,0.4478,-0.0402,-9.1336,3.6179,3.9778,5.8335,-1.7951,-5.1719
89101366,-0.0094,-0.0039,0.3097,0.0272,-0.0169,0.0373,-0.0262,-0.0104,0.0213,0.1010,0.5078,0.0464,-8.1717,2.6827,3.9778,5.7991,-1.7949,-5.1560
89106366,-0.0076,-0.0038,0.3247,0.0806,-0.0084,0.0466,-0.0208,-0.0255,0.0238,0.1016,0.5172,0.1114,-7.9563,2.1875,4.2537,5.7715,-1.7951,-5.1266
89111366,-0.0057,-0.0032,0.3332,0.1182,-0.1174,0.0546,-0.0129,-0.0372,0.0263,0.1024,0.4917,0.1742,-6.7731,0.5494,4.3088,5.7494,-1.8183,-5.1082
89116366,-0.0040,-0.0025,0.3149,0.1258,-0.1892,0.0565,-0.0078,-0.0414,0.0285,0.1034,0.4423,0.1944,-5.5335,-0.4381,4.1635,5.7495,-1.8382,-5.0853
89121366,-0.0022,-0.0019,0.3277,0.1643,0.0921,0.0601,-0.0073,-0.0564,0.0306,0.1045,0.4242,0.2214,-4.1250,-0.4381,3.3886,5.7489,-1.8408,-5.0857
89126366,-0.0009,-0.0010,0.2550,0.2321,0.0765,0.0500,0.0116,-0.0646,0.0323,0.1059,0.3304,0.2762,-3.3361,-0.4381,2.5168,5.7498,-1.8426,-5.0854
89131366,0.0003,0.0001,0.1979,0.2407,-0.0456,0.0441,0.0216,-0.0640,0.0336,0.1073,0.2554,0.2790,-2.4910,-0.4381,2.1294,5.7493,-1.8452,-5.0850
89136366,0.0011,0.0013,0.1319,0.2340,-0.1098,0.0347,0.0301,-0.0606,0.0344,0.1086,0.1766,0.2636,-2.0403,-0.4381,1.5482,5.7493,-1.8470,-5.0848
89141366,0.0017,0.0024,0.0687,0.2349,-0.1061,0.0230,0.0390,-0.0580,0.0349,0.1099,0.0899,0.2517,-1.1048,-0.4381,0.6925,5.7576,-1.8496,-5.0968
89146366,0.0017,0.0031,0.0021,0.1952,-0.0487,0.0063,0.0408,-0.0452,0.0348,0.1108,-0.0180,0.1910,0.5924,-0.4381,-0.7171,5.7910,-1.8513,-5.1274
89151366,0.0016,0.0042,-0.0696,0.2230,0.0103,-0.0092,0.0557,-0.0468,0.0343,0.1119,-0.0963,0.2188,0.9694,-0.4381,-0.7171,5.8041,-1.8540,-5.1302
89156366,0.0012,0.0054,-0.1145,0.2688,0.0069,-0.0204,0.0715,-0.0515,0.0335,0.1131,-0.1566,0.2380,0.9694,-0.4381,-2.5000,5.8080,-1.8557,-5.1761
89161365,0.0004,0.0066,-0.2071,0.2254,0.0002,-0.0415,0.0770,-0.0355,0.0323,0.1139,-0.2500,0.1627,0.9694,0.5842,-3.6230,5.8138,-1.8360,-5.2102
89166366,-0.0008,0.0077,-0.2724,0.1949,0.0167,-0.0594,0.0839,-0.0251,0.0307,0.1146,-0.3192,0.1255,0.9694,0.5842,-4.0660,5.8177,-1.8337,-5.2410
89171366,-0.0024,0.0080,-0.3470,0.0421,-0.1370,-0.0774,0.0696,0.0130,0.0288,0.1143,-0.3823,-0.0568,0.9694,2.2345,-4.3983,5.8235,-1.7941,-5.2651
89176366,-0.0044,0.0083,-0.3974,0.0296,-0.2045,-0.0941,0.0775,0.0245,0.0266,0.1139,-0.4346,-0.0802,0.9694,2.4927,-4.8686,5.8274,-1.7800,-5.3016
89181366,-0.0062,0.0083,-0.4160,0.0003,-0.1718,-0.1025,0.0747,0.0345,0.0245,0.1132,-0.4140,-0.1308,-0.5924,3.9196,-4.8686,5.7989,-1.7312,-5.3210
89186365,-0.0083,0.0082,-0.3974,-0.0269,-0.0047,-0.1091,0.0693,0.0400,0.0226,0.1124,-0.3912,-0.1695,-0.5924,4.5499,-5.0139,5.7965,-1.7010,-5.3537
89191366,-0.0101,0.0080,-0.3500,-0.0724,0.1260,-0.1059,0.0559,0.0452,0.0211,0.1112,-0.3027,-0.2276,-2.5644,5.3889,-5.0139,5.7493,-1.6533,-5.3738
89196366,-0.0117,0.0071,-0.2837,-0.1826,0.1535,-0.0965,0.0299,0.0607,0.0201,0.1096,-0.1950,-0.3308,-3.9373,6.1802,-3.7451,5.7092,-1.6144,-5.3747
89201366,-0.0131,0.0059,-0.2767,-0.2776,0.1505,-0.0984,0.0110,0.0817,0.0193,0.1075,-0.1567,-0.4217,-5.2285,6.5697,-3.0832,5.6556,-1.5682,-5.3750
89206366,-0.0140,0.0041,-0.2062,-0.3571,0.1077,-0.0852,-0.0136,0.0947,0.0191,0.1050,-0.0525,-0.4954,-6.5502,7.0098,-2.2557,5.6053,-1.5321,-5.3744
89211366,-0.0150,0.0020,-0.1851,-0.3806,0.1083,-0.0831,-0.0255,0.1044,0.0190,0.1024,-0.0029,-0.5120,-7.8148,7.1647,-1.6341,5.5362,-1.4867,-5.3701
89216366,-0.0158,0.0004,-0.1323,-0.2960,0.0863,-0.0736,-0.0194,0.0896,0.0194,0.1005,0.0798,-0.3950,-8.6600,6.9707,0.3390,5.4860,-1.4620,-5.3335
89221366,-0.0158,-0.0011,0.0171,-0.2581,-0.0930,-0.0409,-0.0296,0.0740,0.0207,0.0988,0.2545,-0.3357,-9.7526,6.6314,1.4365,5.4081,-1.4288,-5.3089
89226366,-0.0156,-0.0025,0.0629,-0.2966,-0.1162,-0.0299,-0.0437,0.0781,0.0223,0.0971,0.3134,-0.3431,-10.3617,5.7365,2.6268,5.3554,-1.4215,-5.2734
89231366,-0.0152,-0.0036,0.1109,-0.2447,0.0503,-0.0206,-0.0450,0.0637,0.0241,0.0958,0.3694,-0.2597,-11.0562,4.4500,3.4575,5.2766,-1.4174,-5.2438
89236366,-0.0144,-0.0048,0.1744,-0.1830,0.0827,-0.0043,-0.0466,0.0477,0.0264,0.0949,0.4470,-0.1819,-11.3379,4.4500,4.5316,5.2262,-1.3996,-5.1974
89241366,-0.0132,-0.0056,0.2428,-0.1109,-0.0462,0.0154,-0.0438,0.0302,0.0290,0.0944,0.5192,-0.0980,-11.1646,4.4500,5.3182,5.1615,-1.3729,-5.1612
89246366,-0.0118,-0.0057,0.2984,0.0257,-0.1064,0.0314,-0.0260,-0.0013,0.0318,0.0947,0.5604,0.0733,-10.8877,2.7224,5.9250,5.1224,-1.3929,-5.1160
89251366,-0.0098,-0.0052,0.4096,0.1399,-0.0328,0.0573,-0.0175,-0.0386,0.0350,0.0958,0.6407,0.2216,-9.8501,0.8207,6.3125,5.0805,-1.4218,-5.0843
89256366,-0.0076,-0.0042,0.4771,0.2169,0.0680,0.0773,-0.0129,-0.0670,0.0385,0.0974,0.7007,0.3019,-9.4713,0.6529,6.3647,5.0498,-1.4222,-5.0454
89261366,-0.0050,-0.0029,0.4814,0.2388,-0.0352,0.0862,-0.0068,-0.0781,0.0418,0.0990,0.6579,0.3316,-6.9940,0.1457,6.3647,5.0500,-1.4290,-5.0199
89266367,-0.0027,-0.0017,0.4340,0.2425,-0.0081,0.0830,-0.0002,-0.0826,0.0446,0.1007,0.5677,0.3443,-5.7554,-1.4059,5.4233,5.0493,-1.4625,-5.0020
89271366,-0.0005,-0.0003,0.3821,0.2761,0.1190,0.0774,0.0097,-0.0916,0.0470,0.1025,0.4812,0.3631,-4.2475,-1.4059,4.4264,5.0497,-1.4709,-5.0022
89276367,0.0013,0.0010,0.3250,0.2886,0.1239,0.0719,0.0177,-0.0943,0.0490,0.1043,0.4016,0.3591,-3.4935,-1.4059,3.3188,5.0493,-1.4765,-5.0012
89281366,0.0029,0.0025,0.2761,0.3027,0.0155,0.0687,0.0284,-0.0977,0.0507,0.1062,0.3317,0.3641,-2.5780,-1.4059,2.7097,5.0495,-1.4850,-5.0014
89286367,0.0041,0.0041,0.2049,0.3106,-0.0352,0.0578,0.0405,-0.0970,0.0518,0.1079,0.2252,0.3529,-1.1704,-1.4059,1.4242,5.0700,-1.4906,-5.0136
89291366,0.0049,0.0056,0.1158,0.2996,-0.0075,0.0413,0.0498,-0.0908,0.0523,0.1095,0.1060,0.3160,-0.2419,-1.3543,-0.2613,5.0857,-1.4980,-5.0446
89296366,0.0052,0.0070,0.0232,0.2871,0.0616,0.0215,0.0592,-0.0831,0.0522,0.1109,-0.0184,0.2742,0.8306,-1.1477,-2.0164,5.1070,-1.4989,-5.0861
89301366,0.0050,0.0083,-0.0980,0.2615,0.1529,-0.0056,0.0695,-0.0698,0.0514,0.1120,-0.1608,0.2242,1.5505,-0.8379,-3.3403,5.1301,-1.4985,-5.1226
89306366,0.0044,0.0096,-0.1591,0.2712,0.1633,-0.0196,0.0801,-0.0668,0.0503,0.1130,-0.2201,0.1977,1.5505,0.4848,-4.4470,5.1363,-1.4735,-5.1665
89311366,0.0034,0.0109,-0.2172,0.2361,0.0008,-0.0331,0.0870,-0.0539,0.0489,0.1137,-0.2829,0.1370,1.5505,1.0666,-5.5844,5.1456,-1.4559,-5.2089
89316366,0.0020,0.0118,-0.2523,0.1866,-0.0710,-0.0442,0.0866,-0.0397,0.0473,0.1139,-0.3131,0.0526,1.5505,2.5208,-6.4704,5.1518,-1.4196,-5.2625
89321366,0.0007,0.0127,-0.2868,0.1726,-0.0914,-0.0553,0.0917,-0.0329,0.0456,0.1140,-0.3444,0.0126,1.5505,3.5760,-7.1498,5.1611,-1.3821,-5.3030
89326366,-0.0007,0.0135,-0.3393,0.1842,-0.0688,-0.0716,0.1027,-0.0285,0.0436,0.1140,-0.3968,0.0032,1.5505,4.2860,-7.8481,5.1673,-1.3522,-5.3619
89331366,-0.0025,0.0143,-0.3540,0.1234,-0.0151,-0.0813,0.0976,-0.0157,0.0416,0.1136,-0.4016,-0.0796,1.3901,5.4330,-8.1791,5.1732,-1.3005,-5.3960
89336366,-0.0043,0.0147,-0.3714,0.0580,0.0280,-0.0923,0.0925,-0.0013,0.0396,0.1129,-0.4130,-0.1506,1.0673,5.6530,-8.3364,5.1718,-1.2735,-5.4539
89341365,-0.0060,0.0145,-0.3247,-0.0699,0.0967,-0.0870,0.0651,0.0182,0.0380,0.1114,-0.3137,-0.2981,-1.3844,6.9092,-8.3852,5.1217,-1.2104,-5.4821
89346367,-0.0076,0.0135,-0.3024,-0.2129,0.1324,-0.0875,0.0377,0.0447,0.0367,0.1092,-0.2674,-0.4412,-2.2200,7.4686,-7.8314,5.0985,-1.1713,-5.5255
89351366,-0.0089,0.0121,-0.2877,-0.3024,0.1007,-0.0869,0.0178,0.0652,0.0356,0.1065,-0.2178,-0.5362,-3.8616,8.0489,-7.6224,5.0480,-1.1139,-5.5468
89356366,-0.0103,0.0101,-0.3274,-0.3836,0.1327,-0.0983,0.0043,0.0889,0.0344,0.1035,-0.2277,-0.5897,-4.3124,8.3897,-5.4274,5.0233,-1.0742,-5.5468
89361365,-0.0117,0.0080,-0.3225,-0.3989,0.1633,-0.1003,-0.0049,0.0990,0.0335,0.1005,-0.1830,-0.5991,-6.0416,8.7747,-4.6435,4.9577,-1.0147,-5.5475
89366367,-0.0132,0.0058,-0.2654,-0.4160,0.1471,-0.0932,-0.0173,0.1049,0.0330,0.0975,-0.1004,-0.5990,-6.7369,8.9813,-3.2847,4.9185,-0.9749,-5.5469
89371366,-0.0143,0.0037,-0.1814,-0.4019,0.0478,-0.0783,-0.0271,0.1036,0.0330,0.0947,0.0074,-0.5758,-7.9568,8.8358,-2.8143,4.8506,-0.9245,-5.5474
89376367,-0.0148,0.0017,-0.0892,-0.3662,-0.0753,-0.0595,-0.0341,0.0965,0.0337,0.0921,0.1205,-0.5210,-8.9206,8.4443,-1.9228,4.7978,-0.8983,-5.5456
89381366,-0.0152,-0.0004,-0.0641,-0.3622,-0.0554,-0.0551,-0.0406,0.0978,0.0345,0.0897,0.1621,-0.4783,-9.7378,7.2837,-0.4829,4.7261,-0.8726,-5.5208
89386367,-0.0154,-0.0021,-0.0397,-0.2874,0.0784,-0.0508,-0.0368,0.0846,0.0355,0.0878,0.2141,-0.3733,-10.4883,7.1254,1.3772,4.6706,-0.8472,-5.4802
89391366,-0.0153,-0.0032,0.0305,-0.1842,0.0808,-0.0370,-0.0282,0.0621,0.0370,0.0866,0.2865,-0.2345,-10.8759,5.6650,2.3085,4.5989,-0.8371,-5.4553
89396366,-0.0149,-0.0040,0.1063,-0.1222,-0.0536,-0.0187,-0.0249,0.0456,0.0388,0.0859,0.3688,-0.1393,-11.1619,4.6427,3.5146,4.5489,-0.8370,-5.4092
89401366,-0.0142,-0.0044,0.1671,-0.0391,-0.0288,-0.0045,-0.0177,0.0233,0.0410,0.0858,0.4286,-0.0216,-11.1619,3.4257,4.6179,4.4819,-0.8374,-5.3742
89406367,-0.0125,-0.0041,0.3525,0.1103,0.0423,0.0370,-0.0124,-0.0262,0.0440,0.0866,0.6136,0.1503,-11.0208,2.7928,5.4897,4.4403,-0.8376,-5.3229
89411366,-0.0106,-0.0035,0.3824,0.1674,0.0258,0.0495,-0.0055,-0.0450,0.0472,0.0877,0.6311,0.2269,-10.3791,2.0626,6.0645,4.3894,-0.8376,-5.2928
89416366,-0.0088,-0.0026,0.4078,0.1860,-0.0856,0.0622,-0.0031,-0.0558,0.0504,0.0890,0.6426,0.2530,-9.7146,1.6732,6.1753,4.3623,-0.8379,-5.2496
89421365,-0.0067,-0.0015,0.4200,0.1973,-0.0905,0.0711,-0.0012,-0.0663,0.0535,0.0903,0.6303,0.2709,-8.5075,1.2351,6.1753,4.3300,-0.8378,-5.2296
89426366,-0.0043,-0.0006,0.4618,0.2254,0.0677,0.0856,-0.0046,-0.0836,0.0568,0.0918,0.6588,0.2874,-8.3218,1.0403,5.1988,4.3004,-0.8372,-5.2092
89431366,-0.0019,0.0004,0.4716,0.2627,0.1410,0.0926,-0.0002,-0.0978,0.0599,0.0934,0.6223,0.3174,-6.1677,0.7483,4.4176,4.3001,-0.8377,-5.2092
89436366,0.0004,0.0017,0.4239,0.2981,0.0704,0.0911,0.0112,-0.1050,0.0627,0.0950,0.5429,0.3361,-5.0367,0.6022,3.1482,4.3002,-0.8378,-5.2093
89441366,0.0023,0.0032,0.3412,0.2993,0.0118,0.0816,0.0220,-0.1041,0.0648,0.0967,0.4325,0.3322,-3.7442,0.4562,2.6600,4.2997,-0.8376,-5.2096
89446367,0.0039,0.0047,0.2883,0.2923,0.1413,0.0740,0.0260,-0.1054,0.0666,0.0982,0.3487,0.3029,-2.7953,0.3588,1.0707,4.3053,-0.8378,-5.2270
89451366,0.0050,0.0059,0.1750,0.2193,0.1624,0.0525,0.0272,-0.0859,0.0675,0.0993,0.1884,0.2124,-0.7526,0.2615,-0.2030,4.3358,-0.8378,-5.2513
89456366,0.0055,0.0071,0.1042,0.2101,0.0930,0.0397,0.0361,-0.0794,0.0680,0.1002,0.0916,0.1822,0.0000,0.2128,-1.6663,4.3486,-0.8378,-5.2844
89461366,0.0057,0.0078,0.0137,0.1552,0.0277,0.0222,0.0387,-0.0620,0.0678,0.1008,-0.0271,0.1143,1.1629,0.1641,-2.5802,4.3773,-0.8376,-5.3096
89466367,0.0055,0.0086,-0.0861,0.1347,0.1392,-0.0011,0.0454,-0.0497,0.0671,0.1011,-0.1500,0.0652,1.4838,0.1154,-4.5486,4.3884,-0.8379,-5.3727
89471366,0.0047,0.0092,-0.1979,0.1225,0.2146,-0.0285,0.0576,-0.0372,0.0656,0.1013,-0.2871,0.0506,2.9278,0.1641,-4.6589,4.4324,-0.8362,-5.3900
89476367,0.0034,0.0094,-0.2456,0.0791,0.0863,-0.0426,0.0590,-0.0197,0.0639,0.1013,-0.3492,-0.0162,2.9748,0.1641,-6.2339,4.4450,-0.8355,-5.4576
89481366,0.0019,0.0097,-0.2712,0.0690,-0.0212,-0.0526,0.0650,-0.0116,0.0620,0.1011,-0.3799,-0.0345,3.4920,0.6592,-6.2827,4.4759,-0.8244,-5.4790
89486367,0.0005,0.0097,-0.2746,0.0562,0.0130,-0.0587,0.0635,-0.0052,0.0601,0.1007,-0.3771,-0.0761,3.4920,1.9795,-6.8919,4.4899,-0.7921,-5.5372
89491366,-0.0008,0.0099,-0.3039,0.0229,0.0891,-0.0695,0.0612,0.0048,0.0582,0.1001,-0.3918,-0.1256,2.9286,2.8057,-7.1532,4.4985,-0.7629,-5.5655
89496367,-0.0026,0.0099,-0.4068,0.0046,0.0167,-0.0946,0.0716,0.0223,0.0557,0.0993,-0.4814,-0.1531,2.3652,3.3221,-7.2501,4.4979,-0.7397,-5.6162
89501366,-0.0045,0.0097,-0.4163,-0.0443,0.0246,-0.1007,0.0657,0.0341,0.0535,0.0983,-0.4461,-0.2060,0.5034,4.1947,-6.6432,4.4703,-0.6989,-5.6269
89506365,-0.0065,0.0093,-0.3763,-0.1133,0.1385,-0.1012,0.0498,0.0461,0.0516,0.0969,-0.3896,-0.2858,-0.0940,4.9218,-6.6432,4.4582,-0.6613,-5.6717
89511366,-0.0082,0.0083,-0.3048,-0.2181,0.2629,-0.0926,0.0228,0.0597,0.0502,0.0949,-0.2792,-0.3821,-1.6985,5.2911,-5.6994,4.4212,-0.6341,-5.6729
89516366,-0.0096,0.0070,-0.2944,-0.2721,0.2729,-0.0935,0.0107,0.0723,0.0490,0.0928,-0.2306,-0.4224,-2.6953,6.0499,-4.0213,4.3934,-0.5849,-5.6720
89521366,-0.0110,0.0054,-0.3222,-0.2905,0.1905,-0.1005,0.0078,0.0854,0.0479,0.0907,-0.2209,-0.4322,-4.5847,6.0499,-3.4445,4.3338,-0.5607,-5.6726
89526365,-0.0125,0.0037,-0.2929,-0.2960,0.1120,-0.0980,0.0018,0.0919,0.0471,0.0885,-0.1634,-0.4294,-5.5002,6.4900,-2.4482,4.2956,-0.5134,-5.6724
89531366,-0.0139,0.0023,-0.2489,-0.2694,0.1911,-0.0946,-0.0018,0.0891,0.0466,0.0865,-0.0984,-0.3981,-6.5144,6.5416,-2.0811,4.2397,-0.4863,-5.6727
89536366,-0.0148,0.0010,-0.1460,-0.2220,0.2280,-0.0762,-0.0052,0.0726,0.0468,0.0850,0.0400,-0.3049,-7.4742,6.1053,0.5517,4.1922,-0.4564,-5.6259
89541366,-0.0152,-0.0001,-0.0443,-0.1888,-0.1195,-0.0519,-0.0086,0.0651,0.0476,0.0837,0.1639,-0.2658,-8.5647,6.1053,0.9458,4.1305,-0.4320,-5.6159
89546366,-0.0150,-0.0011,0.0415,-0.1567,0.0405,-0.0350,-0.0163,0.0497,0.0490,0.0827,0.2744,-0.2018,-9.7651,5.2663,2.2535,4.0520,-0.4146,-5.5819
89551366,-0.0147,-0.0015,0.0809,-0.0895,0.2421,-0.0272,-0.0130,0.0309,0.0507,0.0821,0.3339,-0.1166,-10.3261,5.2663,3.4555,4.0013,-0.3935,-5.5419
89556366,-0.0142,-0.0019,0.1277,-0.0388,0.1865,-0.0151,-0.0103,0.0183,0.0526,0.0818,0.3854,-0.0565,-10.8121,4.7387,3.5663,3.9281,-0.3730,-5.5241
89561366,-0.0133,-0.0019,0.2053,0.0382,0.0332,0.0055,-0.0033,-0.0036,0.0549,0.0820,0.4647,0.0455,-10.9190,3.8946,4.3970,3.8823,-0.3726,-5.4841
89566366,-0.0119,-0.0014,0.3085,0.1390,-0.0130,0.0313,0.0048,-0.0356,0.0577,0.0829,0.5626,0.1692,-10.8441,2.8922,4.9340,3.8180,-0.3724,-5.4526
89571366,-0.0099,-0.0006,0.4026,0.2123,0.0680,0.0549,0.0071,-0.0646,0.0609,0.0841,0.6424,0.2512,-10.2517,2.3647,4.9865,3.7874,-0.3725,-5.4244
89576366,-0.0076,0.0006,0.4359,0.2663,0.1208,0.0685,0.0130,-0.0861,0.0642,0.0857,0.6532,0.3155,-9.2375,1.7316,5.0389,3.7473,-0.3729,-5.4007
89581365,-0.0052,0.0021,0.4401,0.2810,0.0265,0.0792,0.0173,-0.0976,0.0675,0.0874,0.6489,0.3333,-8.9558,1.4150,4.9286,3.7170,-0.3729,-5.3752
89586365,-0.0030,0.0036,0.4554,0.2837,0.0225,0.0877,0.0184,-0.1070,0.0706,0.0890,0.6193,0.3268,-7.0280,1.0457,3.9356,3.7066,-0.3729,-5.3752
89591366,-0.0004,0.0045,0.5562,0.2010,0.1361,0.1135,-0.0081,-0.1106,0.0740,0.0902,0.6858,0.2316,-5.6173,0.8875,2.9426,3.7096,-0.3722,-5.3762
89596366,0.0020,0.0052,0.4957,0.1060,0.1254,0.1087,-0.0201,-0.0934,0.0769,0.0908,0.5875,0.1224,-4.1597,0.6237,1.7202,3.7095,-0.3730,-5.3893
89601366,0.0049,0.0057,0.5498,0.0852,0.1254,0.1282,-0.0331,-0.0999,0.0800,0.0912,0.6114,0.0752,-3.4073,0.5182,-0.1573,3.7094,-0.3728,-5.4236
89606366,0.0079,0.0052,0.5715,-0.0696,0.2112,0.1399,-0.0697,-0.0783,0.0829,0.0906,0.5871,-0.1020,-1.5942,0.4126,-1.7685,3.7293,-0.3722,-5.4626
89611367,0.0103,0.0049,0.4759,-0.0754,0.2528,0.1282,-0.0678,-0.0701,0.0852,0.0900,0.4574,-0.1285,-0.4110,0.3071,-3.2637,3.7496,-0.3729,-5.5093
89616366,0.0124,0.0044,0.3903,-0.0678,0.1844,0.1180,-0.0633,-0.0618,0.0869,0.0893,0.3322,-0.1387,1.2386,0.2544,-4.5180,3.7826,-0.3723,-5.5499
89621366,0.0144,0.0034,0.3476,-0.1869,0.1917,0.1148,-0.0863,-0.0358,0.0881,0.0879,0.2528,-0.2781,2.6351,0.2016,-5.9280,3.8183,-0.3725,-5.6092
89626366,0.0158,0.0027,0.2450,-0.1484,0.2848,0.0969,-0.0757,-0.0321,0.0887,0.0867,0.1141,-0.2463,4.4569,0.1489,-6.4245,3.8757,-0.3726,-5.6445
89631367,0.0167,0.0017,0.1344,-0.1704,0.2720,0.0763,-0.0721,-0.0146,0.0885,0.0854,-0.0358,-0.2662,5.3126,-1.3424,-7.7933,3.9114,-0.4035,-5.7150
89636366,0.0167,0.0013,-0.0254,-0.0376,0.2650,0.0434,-0.0346,-0.0189,0.0874,0.0847,-0.2274,-0.1316,6.4393,-2.1255,-8.4579,3.9699,-0.4312,-5.7606
89641367,0.0165,0.0011,-0.0541,-0.0040,0.4095,0.0336,-0.0285,-0.0208,0.0860,0.0842,-0.2763,-0.1094,7.2281,-2.1255,-9.2226,4.0138,-0.4397,-5.8285
89646366,0.0161,0.0014,-0.1179,0.0501,0.4443,0.0170,-0.0108,-0.0232,0.0841,0.0839,-0.3712,-0.0553,8.5002,-2.6587,-9.7541,4.0865,-0.4638,-5.8768
89651367,0.0155,0.0016,-0.1692,0.0531,0.3255,0.0055,-0.0018,-0.0162,0.0820,0.0836,-0.4310,-0.0539,8.9432,-2.6587,-9.8590,4.1298,-0.4744,-5.9376
89656366,0.0145,0.0020,-0.2334,0.0553,0.1178,-0.0087,0.0109,-0.0067,0.0795,0.0833,-0.5015,-0.0532,9.2641,-2.6587,-9.9566,4.1905,-0.4903,-5.9792
89661365,0.0130,0.0024,-0.2850,0.0596,0.1221,-0.0242,0.0208,-0.0012,0.0767,0.0831,-0.5489,-0.0489,9.1230,-2.5555,-9.8459,4.2245,-0.4989,-6.0363
89666366,0.0114,0.0027,-0.3149,0.0473,0.2583,-0.0368,0.0236,0.0034,0.0739,0.0828,-0.5584,-0.0626,8.5596,-1.8842,-9.2710,4.2665,-0.4986,-6.0630
89671367,0.0096,0.0030,-0.3393,0.0333,0.2888,-0.0483,0.0276,0.0097,0.0711,0.0824,-0.5732,-0.0742,8.4519,-1.5227,-8.7382,4.2986,-0.4982,-6.1063
89676366,0.0079,0.0032,-0.3571,0.0027,0.2403,-0.0542,0.0273,0.0177,0.0684,0.0819,-0.5432,-0.0986,6.2439,-1.1613,-7.9659,4.2983,-0.4990,-6.1251
89681367,0.0061,0.0027,-0.3549,-0.1158,0.1618,-0.0593,0.0101,0.0430,0.0657,0.0808,-0.5337,-0.2169,6.0284,-0.9547,-7.7452,4.3182,-0.4990,-6.1672
89686366,0.0044,0.0020,-0.3283,-0.1665,0.2375,-0.0598,-0.0011,0.0518,0.0633,0.0796,-0.4785,-0.2535,5.0999,-0.6965,-6.5392,4.3343,-0.4986,-6.1721
89691367,0.0028,0.0009,-0.3039,-0.2037,0.2253,-0.0578,-0.0119,0.0610,0.0613,0.0781,-0.4033,-0.2878,3.7276,0.7757,-4.8612,4.3250,-0.4697,-6.1727
89696366,0.0012,-0.0003,-0.2853,-0.2034,0.1132,-0.0554,-0.0144,0.0655,0.0596,0.0767,-0.3375,-0.2800,1.6273,1.1635,-3.9697,4.2981,-0.4551,-6.1725
89701367,-0.0001,-0.0014,-0.2728,-0.1735,0.0787,-0.0568,-0.0110,0.0647,0.0580,0.0756,-0.3113,-0.2344,1.3580,1.1635,-2.9210,4.2988,-0.4505,-6.1721
89706366,-0.0013,-0.0024,-0.2199,-0.1524,0.1685,-0.0510,-0.0148,0.0593,0.0569,0.0745,-0.2357,-0.2055,0.3000,1.1635,-2.3966,4.2840,-0.4435,-6.1723
89711367,-0.0023,-0.0031,-0.1524,-0.1252,0.3056,-0.0408,-0.0199,0.0490,0.0562,0.0737,-0.1333,-0.1690,-1.4086,1.1635,-1.7673,4.2479,-0.4388,-6.1722
89716366,-0.0029,-0.0038,-0.0968,-0.1255,0.3175,-0.0304,-0.0262,0.0444,0.0560,0.0730,-0.0454,-0.1454,-2.4901,1.1635,-0.1703,4.2163,-0.4342,-6.1446
89721367,-0.0033,-0.0045,-0.0510,-0.1194,0.2390,-0.0212,-0.0297,0.0418,0.0560,0.0723,0.0142,-0.1238,-2.7722,1.1635,0.8692,4.1997,-0.4272,-6.1203
89726366,-0.0032,-0.0052,-0.0238,-0.1191,0.2201,-0.0132,-0.0343,0.0390,0.0564,0.0718,0.0686,-0.1003,-3.6279,1.1076,2.3706,4.1625,-0.4214,-6.0838
89731367,-0.0030,-0.0055,0.0794,-0.0449,0.2638,0.0074,-0.0332,0.0157,0.0573,0.0718,0.1771,-0.0103,-3.6279,0.8839,3.2068,4.1480,-0.4220,-6.0520
89736366,-0.0023,-0.0057,0.1591,-0.0012,0.2277,0.0254,-0.0327,-0.0014,0.0585,0.0721,0.2519,0.0648,-4.2370,-1.0666,3.3635,4.1120,-0.4604,-6.0355
89741367,-0.0012,-0.0055,0.2474,0.0690,0.1813,0.0474,-0.0303,-0.0241,0.0602,0.0728,0.3403,0.1382,-4.2370,-1.1635,3.4743,4.0950,-0.4670,-6.0131
89746366,0.0004,-0.0051,0.3262,0.1335,0.2335,0.0676,-0.0288,-0.0478,0.0623,0.0738,0.4101,0.2092,-3.4942,-1.1635,3.9173,4.0858,-0.4739,-5.9888
89751367,0.0024,-0.0044,0.3571,0.1585,0.3090,0.0796,-0.0290,-0.0624,0.0644,0.0751,0.4261,0.2420,-2.8907,-1.6799,3.9173,4.0851,-0.4892,-5.9653
89756366,0.0044,-0.0035,0.3543,0.1775,0.3325,0.0852,-0.0261,-0.0718,0.0664,0.0764,0.4028,0.2598,-2.1479,-2.0930,3.4291,4.0851,-0.5098,-5.9600
89761365,0.0063,-0.0028,0.3409,0.1692,0.2803,0.0895,-0.0270,-0.0733,0.0683,0.0775,0.3695,0.2385,-1.4353,-2.0930,2.5503,4.0917,-0.5182,-5.9596
89766365,0.0080,-0.0020,0.2877,0.1799,0.1871,0.0843,-0.0182,-0.0733,0.0697,0.0788,0.2798,0.2483,0.2769,-2.4781,2.1109,4.1243,-0.5386,-5.9591
89771367,0.0092,-0.0012,0.2001,0.1772,0.1401,0.0710,-0.0096,-0.0668,0.0705,0.0799,0.1668,0.2291,0.9721,-2.6981,0.7788,4.1398,-0.5537,-5.9757
89776365,0.0100,-0.0002,0.1106,0.2126,0.2134,0.0522,0.0066,-0.0670,0.0706,0.0812,0.0272,0.2446,3.2155,-2.6981,-0.5538,4.1974,-0.5699,-6.0024
89781366,0.0101,0.0010,0.0339,0.2053,0.2958,0.0357,0.0156,-0.0626,0.0703,0.0823,-0.0671,0.2294,3.9768,-2.6981,-1.0764,4.2271,-0.5807,-6.0164
89786366,0.0102,0.0020,-0.0247,0.1915,0.3105,0.0231,0.0211,-0.0560,0.0696,0.0832,-0.1454,0.1889,4.7092,-2.2113,-2.3829,4.2693,-0.5862,-6.0500
89791367,0.0099,0.0028,-0.1005,0.1662,0.3368,0.0053,0.0264,-0.0447,0.0684,0.0839,-0.2440,0.1397,5.6247,-1.8219,-3.5938,4.3091,-0.5865,-6.0932
89796366,0.0094,0.0036,-0.1616,0.1631,0.3600,-0.0101,0.0345,-0.0382,0.0668,0.0845,-0.3187,0.1138,6.1354,-1.3351,-4.6419,4.3550,-0.5863,-6.1311
89801367,0.0081,0.0045,-0.2297,0.1451,0.3377,-0.0284,0.0431,-0.0276,0.0648,0.0849,-0.3948,0.0812,6.3569,-1.0917,-5.3760,4.3844,-0.5863,-6.1745
89806366,0.0067,0.0051,-0.2743,0.1115,0.2653,-0.0420,0.0474,-0.0156,0.0626,0.0851,-0.4399,0.0381,6.3569,-0.7996,-5.7178,4.4225,-0.5862,-6.2029
89811367,0.0053,0.0056,-0.2761,0.0730,0.2079,-0.0468,0.0459,-0.0071,0.0604,0.0851,-0.4357,-0.0054,5.9825,-0.6535,-5.9131,4.4393,-0.5862,-6.2423
89816366,0.0040,0.0057,-0.2523,-0.0079,0.2299,-0.0453,0.0294,0.0071,0.0585,0.0845,-0.3825,-0.1199,5.1832,1.3753,-6.1346,4.4581,-0.5426,-6.2711
89821367,0.0028,0.0051,-0.2407,-0.1491,0.1621,-0.0455,0.0057,0.0336,0.0567,0.0832,-0.3502,-0.2532,4.2428,1.3753,-5.6120,4.4582,-0.5371,-6.2970
89826366,0.0015,0.0045,-0.2489,-0.1542,0.1162,-0.0494,0.0050,0.0399,0.0551,0.0819,-0.3296,-0.2653,3.1613,2.2015,-5.2462,4.4587,-0.5115,-6.3110
89831367,0.0003,0.0036,-0.2117,-0.1527,0.1993,-0.0469,-0.0008,0.0400,0.0537,0.0806,-0.2748,-0.2657,2.5970,2.7179,-4.8587,4.4589,-0.4907,-6.3344
89836366,-0.0007,0.0028,-0.1790,-0.1762,0.3560,-0.0436,-0.0114,0.0413,0.0527,0.0792,-0.2013,-0.2762,0.6634,2.7179,-3.9869,4.4313,-0.4744,-6.3346
89841366,-0.0014,0.0017,-0.1148,-0.2230,0.4214,-0.0335,-0.0279,0.0453,0.0521,0.0776,-0.1197,-0.3071,0.1821,2.7179,-2.9214,4.4228,-0.4635,-6.3339
89846366,-0.0018,0.0003,-0.0470,-0.2969,0.3756,-0.0208,-0.0501,0.0564,0.0519,0.0758,-0.0446,-0.3723,0.0000,2.6694,-2.3886,4.4205,-0.4484,-6.3340
89851366,-0.0020,-0.0014,-0.0104,-0.3192,0.3032,-0.0108,-0.0628,0.0620,0.0520,0.0739,0.0280,-0.3852,-1.7720,2.6694,-1.7590,4.3817,-0.4378,-6.3339
89856366,-0.0019,-0.0032,-0.0027,-0.3024,0.2845,-0.0075,-0.0660,0.0625,0.0523,0.0721,0.0543,-0.3459,-2.1043,2.6694,-0.2473,4.3625,-0.4217,-6.3080
89861366,-0.0018,-0.0047,0.0031,-0.2422,0.3206,-0.0066,-0.0608,0.0551,0.0526,0.0708,0.0570,-0.2651,-2.1043,1.7931,0.2613,4.3541,-0.4298,-6.2964
89866366,-0.0017,-0.0053,0.0312,-0.0764,0.2625,0.0002,-0.0356,0.0253,0.0530,0.0705,0.0885,-0.0678,-2.8006,0.2417,0.8151,4.3245,-0.4567,-6.2839
89871366,-0.0012,-0.0058,0.1280,-0.0617,0.1398,0.0232,-0.0423,0.0137,0.0540,0.0703,0.1952,-0.0274,-2.8006,-0.0485,2.2550,4.3133,-0.4627,-6.2485
89876366,-0.0005,-0.0065,0.1494,-0.1038,0.1599,0.0294,-0.0527,0.0171,0.0551,0.0702,0.2136,-0.0298,-2.6391,-1.3910,3.5732,4.2998,-0.4918,-6.2055
89881367,0.0006,-0.0070,0.1799,-0.0641,0.3252,0.0373,-0.0538,0.0040,0.0563,0.0703,0.2394,0.0255,-2.1544,-1.7009,4.3073,4.2999,-0.5081,-6.1759
89886366,0.0016,-0.0072,0.1753,-0.0049,0.3258,0.0388,-0.0442,-0.0071,0.0574,0.0708,0.2146,0.1068,-1.6158,-3.0762,4.4122,4.2994,-0.5445,-6.1474
89891366,0.0023,-0.0070,0.1521,0.0980,0.2296,0.0379,-0.0235,-0.0232,0.0583,0.0719,0.1821,0.2163,-1.2927,-3.5143,4.4122,4.3001,-0.5719,-6.1297
89896366,0.0030,-0.0061,0.1240,0.2269,0.2586,0.0341,0.0030,-0.0469,0.0590,0.0737,0.1448,0.3548,-0.9696,-4.0498,4.5225,4.2997,-0.5984,-6.1005
89901366,0.0038,-0.0048,0.1200,0.2844,0.3606,0.0337,0.0155,-0.0631,0.0596,0.0758,0.1197,0.4163,-0.0262,-4.4718,4.3773,4.3159,-0.6322,-6.0853
89906366,0.0045,-0.0032,0.1057,0.3106,0.3695,0.0317,0.0254,-0.0712,0.0600,0.0779,0.0801,0.4260,0.8821,-4.4718,3.2633,4.3385,-0.6501,-6.0848
89911367,0.0049,-0.0017,0.0391,0.2969,0.0356,0.0246,0.0373,-0.0633,0.0600,0.0799,0.0105,0.3987,0.8821,-4.1922,2.6337,4.3421,-0.6712,-6.0856
89916365,0.0051,-0.0002,-0.0070,0.3128,0.0640,0.0144,0.0482,-0.0651,0.0597,0.0819,-0.0586,0.3944,2.2111,-3.5210,1.9556,4.3778,-0.6729,-6.0854
89921366,0.0050,0.0012,-0.0189,0.3305,0.3056,0.0083,0.0538,-0.0738,0.0594,0.0839,-0.0758,0.4029,2.2111,-3.5210,1.3340,4.3867,-0.6941,-6.0908
89926366,0.0048,0.0028,-0.0559,0.3033,0.4394,-0.0024,0.0558,-0.0703,0.0587,0.0856,-0.1267,0.3451,2.2111,-3.2972,-0.4965,4.4000,-0.7036,-6.1262
89931366,0.0046,0.0042,-0.0776,0.2480,0.4079,-0.0069,0.0520,-0.0607,0.0580,0.0869,-0.1447,0.2564,3.1203,-1.0599,-0.4965,4.4296,-0.6710,-6.1282
89936365,0.0042,0.0053,-0.0956,0.2056,0.3801,-0.0127,0.0501,-0.0520,0.0571,0.0878,-0.1784,0.1802,3.1203,-0.8362,-2.5343,4.4483,-0.6704,-6.1780
89941366,0.0036,0.0060,-0.0922,0.1619,0.3557,-0.0146,0.0452,-0.0442,0.0562,0.0884,-0.1812,0.1165,3.0262,-0.6125,-3.6573,4.4589,-0.6704,-6.2134
89946365,0.0030,0.0063,-0.1142,0.0504,0.2592,-0.0188,0.0295,-0.0206,0.0553,0.0882,-0.1850,-0.0307,2.2269,0.8441,-4.5987,4.4585,-0.6419,-6.2563
89951367,0.0023,0.0064,-0.0983,-0.0079,0.1761,-0.0160,0.0192,-0.0100,0.0545,0.0877,-0.1541,-0.1025,1.8037,1.7410,-4.5987,4.4582,-0.6146,-6.2747
89956366,0.0019,0.0062,-0.1090,-0.0608,0.1227,-0.0182,0.0104,0.0032,0.0538,0.0868,-0.1528,-0.1791,1.3335,2.7633,-5.1736,4.4582,-0.5852,-6.3163
89961366,0.0015,0.0055,-0.1151,-0.1662,0.1645,-0.0216,-0.0091,0.0244,0.0530,0.0854,-0.1578,-0.2896,1.0984,2.7633,-5.5126,4.4584,-0.5687,-6.3444
89966366,0.0009,0.0045,-0.1011,-0.2312,0.2830,-0.0216,-0.0263,0.0371,0.0523,0.0836,-0.1313,-0.3628,0.8162,3.4784,-5.3471,4.4585,-0.5424,-6.3742
89971366,0.0004,0.0030,-0.0715,-0.2966,0.3695,-0.0187,-0.0451,0.0497,0.0518,0.0814,-0.0983,-0.4265,0.6752,3.4784,-5.2368,4.4587,-0.5215,-6.3929
89976365,0.0002,0.0013,-0.0330,-0.3650,0.3551,-0.0098,-0.0666,0.0628,0.0517,0.0790,-0.0279,-0.4934,-1.1231,3.4784,-5.1319,4.4226,-0.5076,-6.4222
89981366,0.0002,-0.0006,-0.0159,-0.4032,0.2436,-0.0046,-0.0786,0.0738,0.0516,0.0764,-0.0075,-0.5090,-1.1231,2.9104,-4.1880,4.4182,-0.4992,-6.4221
89986365,0.0002,-0.0028,-0.0140,-0.3949,0.2222,-0.0036,-0.0835,0.0785,0.0516,0.0740,-0.0011,-0.4774,-1.1231,2.3941,-3.1393,4.4114,-0.4990,-6.4229
89991366,0.0002,-0.0049,-0.0095,-0.3561,0.2916,-0.0040,-0.0837,0.0765,0.0516,0.0719,-0.0002,-0.4150,-1.1231,1.3860,-2.5625,4.4069,-0.5070,-6.4227
89996365,0.0002,-0.0065,-0.0070,-0.2776,0.3230,-0.0033,-0.0730,0.0639,0.0517,0.0706,0.0117,-0.2723,-1.2892,-0.3851,-0.0276,4.3968,-0.5401,-6.3803
90001366,0.0002,-0.0077,0.0189,-0.1915,0.3264,0.0028,-0.0649,0.0496,0.0519,0.0697,0.0493,-0.1690,-2.2860,-1.2867,0.2207,4.3689,-0.5622,-6.3740
90006366,0.0004,-0.0086,0.0446,-0.1316,0.2760,0.0093,-0.0574,0.0375,0.0523,0.0694,0.0811,-0.0679,-2.2860,-2.3090,1.9642,4.3552,-0.5905,-6.3322
90011365,0.0003,-0.0091,0.0199,-0.1231,0.2125,0.0053,-0.0524,0.0389,0.0526,0.0693,0.0576,-0.0241,-2.2860,-3.4169,3.2185,4.3461,-0.6307,-6.2975
90016365,0.0005,-0.0096,-0.0018,-0.0544,0.1703,0.0018,-0.0389,0.0306,0.0528,0.0696,0.0307,0.0629,-2.1467,-4.1999,3.6615,4.3353,-0.6606,-6.2691
90021367,0.0004,-0.0095,-0.0308,0.0715,0.1349,-0.0045,-0.0123,0.0116,0.0527,0.0707,-0.0087,0.2123,-1.7289,-5.1732,4.2707,4.3358,-0.7079,-6.2403
90026365,0.0002,-0.0088,-0.0345,0.1970,0.1367,-0.0062,0.0127,-0.0118,0.0527,0.0724,-0.0146,0.3495,-1.3111,-5.2702,4.9542,4.3351,-0.7309,-6.1990
90031367,-0.0001,-0.0075,-0.0293,0.2816,0.2097,-0.0076,0.0314,-0.0319,0.0526,0.0746,-0.0138,0.4473,-1.0790,-5.7349,5.3737,4.3351,-0.7740,-6.1705
90036365,-0.0002,-0.0058,0.0000,0.3235,0.2852,-0.0037,0.0411,-0.0483,0.0526,0.0771,0.0093,0.4916,-0.8004,-5.8999,5.3737,4.3351,-0.7982,-6.1382
90041365,0.0000,-0.0040,0.0287,0.3293,0.2415,0.0029,0.0453,-0.0575,0.0528,0.0796,0.0318,0.4908,-0.6611,-5.8999,4.9324,4.3351,-0.8358,-6.1259
90046366,0.0004,-0.0025,0.0238,0.3317,0.1563,0.0040,0.0500,-0.0600,0.0529,0.0819,0.0212,0.4598,-0.4754,-4.9263,3.6636,4.3355,-0.8361,-6.1256
90051366,0.0005,-0.0010,0.0052,0.3509,0.2558,-0.0000,0.0566,-0.0664,0.0529,0.0841,0.0065,0.4496,-0.3826,-3.6120,3.0016,4.3356,-0.8368,-6.1255
90056366,0.0006,0.0008,-0.0024,0.4004,0.3450,-0.0025,0.0691,-0.0798,0.0529,0.0865,-0.0039,0.4781,-0.2897,-2.9791,2.2293,4.3355,-0.8361,-6.1254
90061366,0.0004,0.0026,-0.0055,0.3555,0.3105,-0.0032,0.0677,-0.0763,0.0529,0.0886,-0.0049,0.4150,-0.2433,-2.2002,1.7880,4.3354,-0.8370,-6.1262
90066366,0.0005,0.0040,0.0058,0.2618,0.2454,-0.0006,0.0557,-0.0645,0.0529,0.0901,-0.0001,0.3011,-0.1505,-1.8108,0.8250,4.3360,-0.8364,-6.1364
90071365,0.0006,0.0051,0.0177,0.1833,0.2702,0.0023,0.0404,-0.0531,0.0530,0.0909,0.0178,0.1625,-0.1505,0.5501,-0.8390,4.3354,-0.7931,-6.1698
90076366,0.0009,0.0058,0.0452,0.1274,0.3200,0.0072,0.0288,-0.0483,0.0531,0.0913,0.0309,0.0832,-0.1040,0.5501,-2.4122,4.3356,-0.7911,-6.2104
90081366,0.0010,0.0062,0.0257,0.1219,0.2613,0.0056,0.0289,-0.0445,0.0533,0.0915,0.0241,0.0458,-0.1040,2.3574,-2.7445,4.3352,-0.7452,-6.2268
90086365,0.0012,0.0066,-0.0159,0.1029,0.2027,-0.0013,0.0303,-0.0368,0.0532,0.0915,-0.0200,0.0035,-0.0576,3.0361,-3.6306,4.3357,-0.7225,-6.2654
90091366,0.0012,0.0072,-0.0021,0.0782,0.2793,0.0003,0.0247,-0.0357,0.0531,0.0914,-0.0088,-0.0371,-0.0576,3.4240,-4.3100,4.3355,-0.6931,-6.2940
90096366,0.0011,0.0072,-0.0159,-0.0098,0.3349,-0.0031,0.0101,-0.0198,0.0530,0.0907,-0.0193,-0.1396,-0.0576,4.0952,-4.6082,4.3351,-0.6659,-6.3265
90101367,0.0010,0.0058,-0.0079,-0.3067,0.1993,-0.0004,-0.0432,0.0359,0.0529,0.0885,-0.0145,-0.4400,0.0000,4.0952,-4.8504,4.3360,-0.6398,-6.3506
90106366,0.0011,0.0040,0.0235,-0.4007,0.1908,0.0060,-0.0685,0.0551,0.0530,0.0858,0.0160,-0.5358,0.0000,4.0952,-4.9607,4.3360,-0.6249,-6.3821
90111366,0.0014,0.0015,0.0312,-0.4392,0.2787,0.0074,-0.0857,0.0677,0.0531,0.0829,0.0237,-0.5742,0.0000,4.0952,-4.9607,4.3360,-0.5988,-6.4020
90116365,0.0015,-0.0010,0.0302,-0.4465,0.3609,0.0069,-0.0963,0.0756,0.0533,0.0801,0.0247,-0.5724,0.0000,3.9004,-4.5412,4.3360,-0.5879,-6.4229
90121365,0.0015,-0.0032,0.0214,-0.4603,0.3044,0.0056,-0.1029,0.0856,0.0533,0.0773,0.0139,-0.5577,0.0000,2.8295,-3.7022,4.3360,-0.5879,-6.4226
90126366,0.0017,-0.0054,0.0250,-0.4496,0.2054,0.0083,-0.1057,0.0895,0.0534,0.0747,0.0144,-0.5134,0.0000,1.5187,-2.7583,4.3360,-0.6058,-6.4229
90131366,0.0019,-0.0077,0.0318,-0.4078,0.2045,0.0099,-0.1059,0.0882,0.0535,0.0725,0.0166,-0.4480,0.0000,0.4636,-2.2339,4.3360,-0.6224,-6.4224
90136365,0.0021,-0.0096,0.0449,-0.3351,0.2732,0.0130,-0.1003,0.0768,0.0537,0.0708,0.0355,-0.3281,0.0000,-0.7831,-0.3141,4.3360,-0.6470,-6.3931
90141366,0.0023,-0.0112,0.0428,-0.2801,0.3270,0.0120,-0.0945,0.0700,0.0538,0.0697,0.0239,-0.2290,0.0000,-2.8154,0.6068,4.3360,-0.6992,-6.3730
90146366,0.0026,-0.0123,0.0391,-0.1665,0.1999,0.0144,-0.0757,0.0536,0.0539,0.0693,0.0270,-0.0782,0.0000,-3.6648,2.2535,4.3360,-0.7279,-6.3308
90151366,0.0027,-0.0130,-0.0043,-0.1048,0.1159,0.0075,-0.0601,0.0481,0.0538,0.0694,-0.0197,0.0254,0.0000,-5.2679,3.4555,4.3360,-0.7881,-6.2951
90156366,0.0026,-0.0133,-0.0403,-0.0040,0.1275,0.0004,-0.0392,0.0339,0.0536,0.0702,-0.0515,0.1517,0.0000,-5.8774,4.5631,4.3360,-0.8203,-6.2508
90161366,0.0024,-0.0131,-0.0580,0.0913,0.1743,-0.0051,-0.0194,0.0179,0.0532,0.0715,-0.0763,0.2681,0.0000,-6.9973,4.8561,4.3360,-0.8844,-6.2266
90166365,0.0020,-0.0124,-0.0913,0.1970,0.2296,-0.0134,0.0055,-0.0009,0.0527,0.0735,-0.1049,0.4004,0.0000,-7.6126,6.0224,4.3360,-0.9225,-6.1706
90171365,0.0017,-0.0112,-0.1155,0.2535,0.2451,-0.0199,0.0222,-0.0118,0.0520,0.0758,-0.1323,0.4626,0.0000,-8.0004,6.0224,4.3360,-0.9799,-6.1465
90176366,0.0012,-0.0098,-0.1240,0.2700,0.2030,-0.0229,0.0330,-0.0179,0.0513,0.0783,-0.1394,0.4880,0.0000,-8.2070,6.4085,4.3360,-1.0134,-6.1010
90181366,0.0004,-0.0083,-0.1423,0.2798,0.1767,-0.0289,0.0431,-0.0209,0.0505,0.0807,-0.1527,0.4933,0.0000,-7.7669,6.5538,4.3360,-1.0560,-6.0722
90186365,-0.0004,-0.0071,-0.1417,0.2902,0.1779,-0.0322,0.0498,-0.0245,0.0498,0.0832,-0.1584,0.4928,0.0000,-7.7669,5.8222,4.3360,-1.0842,-6.0483
90191365,-0.0010,-0.0056,-0.1347,0.3351,0.2509,-0.0333,0.0592,-0.0356,0.0491,0.0857,-0.1352,0.5049,0.0000,-5.7223,5.6654,4.3360,-1.0864,-6.0288
90196366,-0.0015,-0.0038,-0.0959,0.4279,0.2696,-0.0280,0.0774,-0.0598,0.0486,0.0886,-0.0947,0.5862,-0.0464,-5.2842,5.3331,4.3349,-1.0972,-6.0016
90201366,-0.0020,-0.0016,-0.0791,0.4178,0.2842,-0.0269,0.0804,-0.0644,0.0482,0.0914,-0.0772,0.5453,-0.0464,-4.2132,4.3363,4.3347,-1.1080,-6.0022
90206366,-0.0024,0.0004,-0.0599,0.3729,0.3068,-0.0246,0.0758,-0.0630,0.0479,0.0937,-0.0554,0.4629,-0.0464,-2.8015,3.2287,4.3345,-1.0926,-6.0016
90211366,-0.0027,0.0020,-0.0605,0.2996,0.3209,-0.0242,0.0672,-0.0553,0.0478,0.0955,-0.0278,0.3659,-1.5005,-1.8279,2.6195,4.3028,-1.0869,-6.0021
90216366,-0.0030,0.0032,-0.0513,0.2083,0.3013,-0.0225,0.0534,-0.0425,0.0478,0.0967,-0.0089,0.2428,-1.6620,-0.3552,1.9549,4.2897,-1.0617,-6.0017
90221366,-0.0032,0.0042,-0.0086,0.1848,0.2491,-0.0146,0.0472,-0.0421,0.0479,0.0976,0.0303,0.1770,-1.6620,0.8566,0.3317,4.2830,-1.0345,-6.0293
90226365,-0.0031,0.0049,0.0409,0.1854,0.1944,-0.0038,0.0432,-0.0469,0.0483,0.0983,0.0854,0.1409,-1.7184,2.3540,-0.6271,4.2719,-0.9988,-6.0508
90231365,-0.0027,0.0058,0.1179,0.1897,0.1596,0.0145,0.0362,-0.0569,0.0492,0.0989,0.1805,0.1120,-2.6762,3.5660,-1.6442,4.2431,-0.9557,-6.0749
90236366,-0.0021,0.0067,0.1451,0.1683,0.2751,0.0212,0.0290,-0.0607,0.0503,0.0992,0.2130,0.0698,-2.6762,4.5728,-2.0317,4.2271,-0.9215,-6.0946
90241366,-0.0011,0.0069,0.1970,0.0012,0.3398,0.0338,-0.0072,-0.0397,0.0516,0.0986,0.2577,-0.1177,-2.6762,4.8366,-3.1350,4.2164,-0.8870,-6.1265
90246365,-0.0001,0.0064,0.1915,-0.1213,0.2989,0.0371,-0.0305,-0.0180,0.0528,0.0974,0.2490,-0.2472,-2.2530,5.3114,-3.1350,4.2095,-0.8586,-6.1454
90251366,0.0008,0.0053,0.1628,-0.2462,0.2421,0.0348,-0.0535,0.0094,0.0539,0.0955,0.2085,-0.3815,-1.8298,5.3601,-3.7118,4.2098,-0.8236,-6.1698
90256366,0.0017,0.0039,0.1720,-0.3048,0.2940,0.0387,-0.0711,0.0211,0.0549,0.0933,0.2087,-0.4417,-1.3596,5.3601,-3.8167,4.2096,-0.8042,-6.1948
90261365,0.0026,0.0019,0.1677,-0.3574,0.3630,0.0384,-0.0873,0.0349,0.0558,0.0909,0.1715,-0.4836,-0.1951,4.2599,-4.2073,4.2289,-0.7946,-6.2190
90266366,0.0036,0.0001,0.1530,-0.3885,0.3441,0.0379,-0.0976,0.0466,0.0564,0.0884,0.1328,-0.5041,0.8451,3.5447,-4.2073,4.2531,-0.7948,-6.2442
90271366,0.0043,-0.0020,0.0977,-0.4218,0.2543,0.0309,-0.1036,0.0630,0.0568,0.0858,0.0733,-0.5152,0.8451,2.5545,-3.7088,4.2565,-0.7952,-6.2505
90276366,0.0048,-0.0042,0.0574,-0.4359,0.1630,0.0257,-0.1076,0.0757,0.0569,0.0833,0.0243,-0.5039,1.4375,1.7926,-2.7674,4.2737,-0.8021,-6.2509
90281366,0.0051,-0.0065,0.0354,-0.4068,0.1584,0.0202,-0.1054,0.0792,0.0568,0.0811,-0.0291,-0.4378,2.5146,-0.1947,-2.2690,4.3039,-0.8381,-6.2510
90286366,0.0052,-0.0080,0.0409,-0.2605,0.3893,0.0179,-0.0876,0.0547,0.0566,0.0798,-0.0363,-0.2595,2.7932,-1.7247,-1.6598,4.3247,-0.8721,-6.2505
90291365,0.0054,-0.0093,0.0425,-0.2074,0.3966,0.0181,-0.0801,0.0468,0.0564,0.0790,-0.0430,-0.1580,3.1646,-3.4586,-0.1463,4.3446,-0.9210,-6.2240
90296366,0.0056,-0.0103,0.0024,-0.1637,0.2824,0.0130,-0.0692,0.0453,0.0560,0.0786,-0.0797,-0.0781,3.1646,-4.4767,1.2676,4.3635,-0.9552,-6.1924
90301366,0.0054,-0.0110,-0.0910,-0.1280,0.1633,-0.0047,-0.0527,0.0511,0.0551,0.0785,-0.1779,-0.0123,3.2753,-5.6517,2.1066,4.3786,-1.0116,-6.1681
90306366,0.0048,-0.0115,-0.1436,-0.0480,0.1187,-0.0165,-0.0326,0.0445,0.0540,0.0790,-0.2295,0.0940,3.2753,-6.4769,3.0444,4.3982,-1.0500,-6.1358
90311366,0.0037,-0.0115,-0.2236,0.0556,0.1392,-0.0367,-0.0044,0.0358,0.0524,0.0801,-0.3133,0.2158,3.2753,-7.3126,3.4305,4.4113,-1.1107,-6.1145
90316366,0.0025,-0.0110,-0.2495,0.1500,0.1981,-0.0464,0.0180,0.0208,0.0507,0.0817,-0.3277,0.3286,2.9009,-7.6292,4.3508,4.4231,-1.1446,-6.0716
90321366,0.0013,-0.0101,-0.2844,0.2077,0.2497,-0.0576,0.0366,0.0114,0.0490,0.0837,-0.3503,0.4031,2.3661,-8.0207,5.0824,4.4229,-1.2027,-6.0376
90326365,0.0000,-0.0088,-0.2984,0.2364,0.2354,-0.0642,0.0498,0.0053,0.0472,0.0859,-0.3508,0.4407,1.7778,-8.1176,5.5808,4.4235,-1.2340,-5.9965
90331366,-0.0016,-0.0075,-0.2987,0.2569,0.1349,-0.0682,0.0610,0.0021,0.0456,0.0882,-0.3352,0.4481,1.2908,-7.2398,5.5808,4.4201,-1.2652,-5.9742
90336366,-0.0028,-0.0061,-0.2193,0.2969,0.1969,-0.0554,0.0649,-0.0170,0.0445,0.0906,-0.2123,0.4917,-1.1075,-7.2398,5.8250,4.3725,-1.2914,-5.9348
90341366,-0.0037,-0.0046,-0.1527,0.3512,0.3230,-0.0467,0.0704,-0.0361,0.0438,0.0932,-0.1320,0.5142,-1.1075,-5.3694,5.5628,4.3680,-1.2943,-5.9171
90346365,-0.0043,-0.0027,-0.0993,0.3992,0.3969,-0.0376,0.0781,-0.0557,0.0436,0.0959,-0.0481,0.5482,-2.4074,-4.4342,5.5628,4.3317,-1.2933,-5.8838
90351365,-0.0048,-0.0005,-0.0929,0.4096,0.3643,-0.0368,0.0857,-0.0629,0.0435,0.0986,-0.0286,0.5307,-2.8921,-3.2239,4.9008,4.3122,-1.2935,-5.8756
90356365,-0.0050,0.0015,-0.0431,0.3812,0.2436,-0.0265,0.0834,-0.0663,0.0436,0.1010,0.0233,0.4751,-3.3768,-2.6738,3.6320,4.2825,-1.2933,-5.8755
90361366,-0.0050,0.0032,0.0278,0.3286,0.1639,-0.0105,0.0711,-0.0669,0.0441,0.1029,0.1120,0.3787,-3.6021,-0.3916,2.9700,4.2644,-1.2585,-5.8756
90366365,-0.0047,0.0045,0.1097,0.2624,0.1596,0.0074,0.0543,-0.0678,0.0451,0.1043,0.2024,0.2914,-4.1656,0.2487,2.1977,4.2286,-1.2452,-5.8756
90371366,-0.0039,0.0056,0.1830,0.2245,0.1010,0.0265,0.0412,-0.0716,0.0466,0.1054,0.2918,0.2212,-4.4007,2.0313,1.8115,4.2071,-1.2013,-5.8754
90376365,-0.0026,0.0067,0.2220,0.2309,0.1101,0.0389,0.0371,-0.0802,0.0482,0.1064,0.3269,0.1857,-4.4007,3.2059,0.1723,4.1807,-1.1678,-5.9006
90381366,-0.0013,0.0076,0.2254,0.1793,0.3154,0.0416,0.0242,-0.0778,0.0499,0.1069,0.3219,0.0993,-3.8659,4.4193,-0.9439,4.1744,-1.1210,-5.9249
90386365,-0.0002,0.0083,0.2275,0.1072,0.4895,0.0419,0.0096,-0.0703,0.0513,0.1069,0.2943,0.0061,-2.8497,4.4193,-2.3598,4.1746,-1.1049,-5.9637
90391366,0.0011,0.0087,0.2587,0.0449,0.5164,0.0514,-0.0065,-0.0648,0.0529,0.1065,0.3118,-0.0815,-2.3684,4.9548,-3.5227,4.1738,-1.0631,-5.9978
90396366,0.0025,0.0082,0.2825,-0.0357,0.3175,0.0632,-0.0243,-0.0511,0.0545,0.1056,0.3242,-0.1742,-1.7266,5.3398,-3.9471,4.1744,-1.0367,-6.0282
90401365,0.0040,0.0077,0.2728,-0.1347,0.1825,0.0683,-0.0432,-0.0320,0.0560,0.1042,0.3035,-0.2825,-1.4057,5.3398,-4.5742,4.1745,-1.0027,-6.0585
90406365,0.0052,0.0069,0.2135,-0.1759,0.2839,0.0579,-0.0496,-0.0193,0.0571,0.1026,0.2106,-0.3230,-0.2043,4.5653,-5.3007,4.1922,-0.9999,-6.1037
90411365,0.0062,0.0057,0.1753,-0.2511,0.3578,0.0515,-0.0637,-0.0015,0.0578,0.1006,0.1417,-0.3887,0.6583,3.3260,-5.9075,4.2108,-0.9996,-6.1387
90416366,0.0069,0.0042,0.1304,-0.3238,0.2335,0.0445,-0.0746,0.0211,0.0581,0.0984,0.0629,-0.4545,2.2922,2.7580,-6.0124,4.2513,-0.9999,-6.1763
90421366,0.0073,0.0023,0.1191,-0.3726,0.0423,0.0461,-0.0859,0.0382,0.0583,0.0959,0.0454,-0.4926,2.2922,2.0351,-6.0124,4.2605,-0.9992,-6.2003
90426366,0.0076,0.0002,0.0886,-0.4078,0.2949,0.0361,-0.0982,0.0507,0.0583,0.0933,-0.0108,-0.5180,3.7463,1.6736,-5.7194,4.3095,-0.9997,-6.2293
90431366,0.0080,-0.0018,0.0263,-0.3742,0.3951,0.0221,-0.0921,0.0549,0.0578,0.0911,-0.1018,-0.4520,4.4427,-0.3851,-5.6087,4.3398,-1.0355,-6.2500
90436366,0.0078,-0.0035,-0.0809,-0.3198,0.3255,0.0015,-0.0754,0.0614,0.0567,0.0892,-0.2106,-0.3653,4.8857,-1.1173,-4.1688,4.3756,-1.0530,-6.2505
90441366,0.0072,-0.0050,-0.1542,-0.2676,0.3160,-0.0158,-0.0602,0.0638,0.0552,0.0879,-0.2966,-0.2678,4.8857,-3.3731,-3.3935,4.3952,-1.1124,-6.2502
90446365,0.0062,-0.0062,-0.1778,-0.2566,0.3966,-0.0249,-0.0582,0.0679,0.0536,0.0867,-0.3156,-0.2381,4.8857,-3.7424,-2.5074,4.4245,-1.1331,-6.2502
90451366,0.0052,-0.0076,-0.2190,-0.2202,0.3850,-0.0377,-0.0480,0.0710,0.0518,0.0859,-0.3682,-0.1687,4.8857,-5.5137,-2.0644,4.4440,-1.1988,-6.2505
90456366,0.0041,-0.0087,-0.2428,-0.1747,0.2540,-0.0429,-0.0368,0.0700,0.0500,0.0854,-0.3663,-0.0880,4.1804,-5.9015,-0.0918,4.4582,-1.2277,-6.2185
90461366,0.0029,-0.0092,-0.2669,-0.0730,0.0915,-0.0494,-0.0139,0.0598,0.0481,0.0856,-0.3810,0.0390,3.4280,-6.9613,0.5479,4.4584,-1.2902,-6.2044
90466366,0.0015,-0.0093,-0.3060,0.0302,0.0390,-0.0601,0.0107,0.0478,0.0461,0.0864,-0.3940,0.1642,2.5346,-7.0713,1.9113,4.4584,-1.3180,-6.1679
90471366,-0.0004,-0.0092,-0.3464,0.0742,0.2442,-0.0770,0.0246,0.0430,0.0440,0.0876,-0.4231,0.2294,2.0045,-7.6677,2.7388,4.4570,-1.3775,-6.1430
90476365,-0.0021,-0.0086,-0.3381,0.0880,0.2283,-0.0787,0.0313,0.0387,0.0421,0.0889,-0.3710,0.2616,0.0791,-7.6677,3.9819,4.4234,-1.4053,-6.0979
90481365,-0.0036,-0.0082,-0.2831,0.1283,0.1245,-0.0725,0.0387,0.0290,0.0406,0.0904,-0.3105,0.3076,0.0000,-7.6117,4.4178,4.4226,-1.4528,-6.0718
90486366,-0.0048,-0.0074,-0.2217,0.1985,0.1856,-0.0625,0.0467,0.0086,0.0396,0.0923,-0.1991,0.3742,-2.1043,-6.6906,5.0972,4.3756,-1.4609,-6.0286
90491366,-0.0059,-0.0063,-0.2059,0.2569,0.3792,-0.0647,0.0576,-0.0075,0.0388,0.0945,-0.1608,0.4346,-3.1435,-6.4967,5.4295,4.3449,-1.4985,-6.0015
90496365,-0.0066,-0.0049,-0.1903,0.3091,0.4360,-0.0628,0.0683,-0.0222,0.0382,0.0968,-0.1128,0.4706,-4.4843,-5.4123,5.4295,4.2953,-1.4984,-5.9689
90501366,-0.0075,-0.0032,-0.1332,0.3433,0.2699,-0.0517,0.0758,-0.0345,0.0380,0.0992,-0.0385,0.4832,-4.7096,-3.9149,5.4783,4.2728,-1.4981,-5.9461
90506366,-0.0080,-0.0016,-0.0785,0.3424,0.0970,-0.0395,0.0776,-0.0419,0.0382,0.1016,0.0382,0.4660,-5.9216,-3.2952,5.0064,4.2161,-1.4988,-5.9231
90511365,-0.0081,0.0000,0.0113,0.3198,0.0888,-0.0219,0.0681,-0.0496,0.0389,0.1036,0.1376,0.4042,-6.1097,-1.6122,4.0625,4.1880,-1.4820,-5.9238
90516366,-0.0077,0.0015,0.1258,0.3125,0.2131,0.0010,0.0559,-0.0651,0.0402,0.1054,0.2600,0.3632,-6.4841,-0.4002,3.0137,4.1418,-1.4612,-5.9236
90521366,-0.0067,0.0031,0.2230,0.3687,0.0811,0.0265,0.0588,-0.0884,0.0421,0.1074,0.3723,0.3890,-6.8717,1.1187,2.4894,4.1070,-1.4311,-5.9231
90526366,-0.0053,0.0049,0.2370,0.3861,0.0335,0.0355,0.0631,-0.0998,0.0440,0.1093,0.3875,0.3896,-7.0574,1.5661,1.8077,4.0615,-1.4167,-5.9239
90531366,-0.0041,0.0069,0.2303,0.3680,0.1929,0.0360,0.0612,-0.1046,0.0458,0.1110,0.3695,0.3352,-6.4650,2.7268,0.5310,4.0459,-1.3820,-5.9442
90536365,-0.0029,0.0083,0.2462,0.2673,0.3377,0.0413,0.0426,-0.0969,0.0477,0.1120,0.3790,0.2124,-6.4650,3.0961,-0.5764,4.0071,-1.3636,-5.9672
90541365,-0.0017,0.0092,0.2660,0.1436,0.4018,0.0478,0.0183,-0.0815,0.0496,0.1123,0.3777,0.0556,-5.6199,3.8263,-2.0717,3.9993,-1.3266,-6.0028
90546365,-0.0001,0.0099,0.2960,0.1286,0.3563,0.0577,0.0126,-0.0840,0.0515,0.1124,0.3698,0.0156,-4.1550,3.9363,-3.6395,3.9995,-1.3105,-6.0502
90551366,0.0016,0.0100,0.3012,0.0651,0.1929,0.0661,-0.0002,-0.0733,0.0533,0.1120,0.3580,-0.0720,-3.4225,4.4864,-4.7050,3.9990,-1.2713,-6.0884
90556366,0.0030,0.0100,0.2724,-0.0214,0.2012,0.0644,-0.0149,-0.0573,0.0548,0.1112,0.3047,-0.1740,-2.5210,4.4864,-5.7531,3.9993,-1.2550,-6.1417
90561365,0.0042,0.0099,0.2123,-0.0620,0.3264,0.0545,-0.0202,-0.0468,0.0559,0.1101,0.2277,-0.2225,-2.0703,4.2283,-6.5397,3.9992,-1.2327,-6.1821
90566365,0.0051,0.0087,0.1848,-0.2709,0.1373,0.0524,-0.0554,-0.0022,0.0567,0.1078,0.1607,-0.4466,-0.2806,4.2283,-7.5621,4.0264,-1.2174,-6.2449
90571365,0.0060,0.0071,0.1631,-0.3348,0.0283,0.0507,-0.0677,0.0159,0.0573,0.1053,0.1096,-0.4985,0.8617,3.2587,-7.7282,4.0509,-1.2124,-6.2791
90576365,0.0070,0.0050,0.1655,-0.3943,0.0823,0.0522,-0.0870,0.0316,0.0577,0.1025,0.0811,-0.5598,2.0687,2.7254,-8.3846,4.0821,-1.2122,-6.3407
90581366,0.0076,0.0029,0.1600,-0.3925,0.2726,0.0497,-0.0944,0.0343,0.0580,0.0999,0.0551,-0.5331,2.2080,0.8401,-8.6053,4.0937,-1.2370,-6.3788
90586365,0.0084,0.0008,0.1356,-0.3806,0.3282,0.0459,-0.0980,0.0395,0.0580,0.0973,0.0100,-0.5057,3.2601,0.1688,-8.2382,4.1320,-1.2492,-6.4229
90591365,0.0090,-0.0012,0.0681,-0.3937,0.1966,0.0366,-0.0981,0.0540,0.0577,0.0949,-0.0625,-0.4929,3.2601,-0.9902,-7.6614,4.1450,-1.2727,-6.4425
90596366,0.0091,-0.0031,-0.0122,-0.3772,0.1636,0.0214,-0.0916,0.0639,0.0569,0.0927,-0.1538,-0.4421,4.1158,-1.9254,-6.2944,4.1848,-1.2974,-6.4584
90601366,0.0090,-0.0051,-0.0669,-0.3693,0.3236,0.0073,-0.0911,0.0714,0.0558,0.0906,-0.2225,-0.4024,4.1158,-3.8079,-6.0502,4.2013,-1.3531,-6.4779
90606365,0.0086,-0.0071,-0.0889,-0.3574,0.4220,-0.0002,-0.0931,0.0770,0.0546,0.0888,-0.2474,-0.3712,4.3039,-4.4410,-5.3857,4.2308,-1.3813,-6.5002
90611365,0.0079,-0.0085,-0.1524,-0.2343,0.1233,-0.0118,-0.0635,0.0706,0.0530,0.0877,-0.3161,-0.2107,4.3039,-6.0034,-4.4442,4.2480,-1.4457,-6.5010
90616365,0.0070,-0.0094,-0.2089,-0.1326,0.0891,-0.0234,-0.0403,0.0602,0.0513,0.0874,-0.3401,-0.0641,3.1770,-6.7496,-2.1721,4.2479,-1.4838,-6.4758
90621366,0.0058,-0.0098,-0.2666,-0.0272,0.1517,-0.0393,-0.0150,0.0484,0.0494,0.0878,-0.3877,0.0756,2.6136,-7.8778,-1.0004,4.2482,-1.5532,-6.4582
90626366,0.0042,-0.0101,-0.3192,-0.0037,0.1663,-0.0541,-0.0027,0.0504,0.0473,0.0885,-0.4205,0.1320,1.9375,-8.5107,0.5768,4.2483,-1.5956,-6.4293
90631366,0.0024,-0.0098,-0.3702,0.0168,0.1092,-0.0703,0.0117,0.0544,0.0449,0.0893,-0.4694,0.1684,1.5994,-9.2683,0.8914,4.2486,-1.6671,-6.4189
90636366,0.0004,-0.0095,-0.3732,0.0492,0.0808,-0.0774,0.0233,0.0510,0.0426,0.0904,-0.4576,0.2164,1.1487,-9.3802,1.8293,4.2478,-1.7033,-6.3945
90641365,-0.0014,-0.0094,-0.3702,0.0812,0.0973,-0.0831,0.0325,0.0469,0.0404,0.0917,-0.4362,0.2597,0.4718,-9.3676,2.6016,4.2382,-1.7637,-6.3674
90646366,-0.0032,-0.0090,-0.3546,0.1286,0.1651,-0.0854,0.0425,0.0366,0.0385,0.0933,-0.3845,0.3211,-0.9874,-9.2025,3.7155,4.2061,-1.7943,-6.3281
90651365,-0.0050,-0.0082,-0.3293,0.1878,0.2580,-0.0861,0.0535,0.0227,0.0369,0.0952,-0.3238,0.3808,-2.3780,-8.5550,4.3949,4.1714,-1.8369,-6.2963
90656366,-0.0066,-0.0069,-0.3073,0.2960,0.2848,-0.0861,0.0741,0.0011,0.0356,0.0975,-0.2659,0.4678,-3.7624,-7.1433,4.3949,4.1274,-1.8372,-6.2732
90661365,-0.0078,-0.0056,-0.2272,0.3112,0.1651,-0.0722,0.0763,-0.0105,0.0348,0.0999,-0.1629,0.4801,-4.6713,-6.6198,4.7272,4.0929,-1.8717,-6.2452
90666366,-0.0089,-0.0041,-0.1762,0.3176,0.1483,-0.0643,0.0780,-0.0194,0.0343,0.1023,-0.0845,0.4700,-5.7112,-5.5119,4.7272,4.0409,-1.8715,-6.2204
90671366,-0.0094,-0.0026,-0.0672,0.3167,0.1966,-0.0442,0.0704,-0.0337,0.0346,0.1045,0.0474,0.4412,-6.5000,-4.0347,4.3366,4.0017,-1.8722,-6.2063
90676366,-0.0093,-0.0011,0.0489,0.3152,0.1880,-0.0201,0.0626,-0.0497,0.0355,0.1066,0.1818,0.4280,-7.1769,-3.2515,4.3366,3.9471,-1.8698,-6.1836
90681366,-0.0087,0.0005,0.1399,0.3326,0.1135,0.0023,0.0583,-0.0650,0.0370,0.1086,0.2962,0.4036,-7.6048,-0.9149,3.8647,3.9088,-1.8361,-6.1730
90686365,-0.0076,0.0020,0.1964,0.3500,0.0527,0.0188,0.0586,-0.0793,0.0387,0.1107,0.3548,0.4056,-8.1032,-0.7688,2.9732,3.8517,-1.8363,-6.1730
90691365,-0.0062,0.0038,0.2282,0.3702,0.1254,0.0301,0.0574,-0.0922,0.0407,0.1125,0.3950,0.3725,-8.2889,1.3203,1.4904,3.8151,-1.7925,-6.1914
90696366,-0.0050,0.0057,0.2370,0.3659,0.2650,0.0338,0.0578,-0.1019,0.0427,0.1143,0.3908,0.3522,-8.0735,1.3203,0.4163,3.7705,-1.7877,-6.2092
90701366,-0.0037,0.0074,0.2807,0.3164,0.2262,0.0477,0.0471,-0.1035,0.0448,0.1156,0.4307,0.2701,-7.5100,2.7661,-0.3323,3.7498,-1.7472,-6.2232
90706366,-0.0020,0.0082,0.3509,0.1307,0.2613,0.0657,0.0079,-0.0836,0.0472,0.1160,0.4793,0.0655,-6.8903,2.7661,-1.6060,3.7203,-1.7372,-6.2552
90711365,-0.0002,0.0088,0.3732,0.0916,0.3276,0.0752,-0.0048,-0.0830,0.0496,0.1159,0.4819,-0.0070,-6.0909,3.5418,-3.0693,3.7096,-1.7009,-6.2945
90716366,0.0019,0.0088,0.3879,0.0577,0.3261,0.0834,-0.0155,-0.0803,0.0519,0.1156,0.4577,-0.0604,-4.4922,3.5418,-4.3847,3.7099,-1.6880,-6.3408
90721365,0.0037,0.0089,0.3482,-0.0208,0.2439,0.0825,-0.0280,-0.0638,0.0539,0.1148,0.3991,-0.1628,-3.6928,4.0452,-5.4880,3.7095,-1.6528,-6.3875
90726366,0.0053,0.0085,0.3045,-0.0922,0.1999,0.0785,-0.0393,-0.0469,0.0555,0.1136,0.3237,-0.2504,-2.3957,4.0452,-6.5711,3.7164,-1.6381,-6.4406
90731366,0.0067,0.0077,0.2651,-0.1848,0.1944,0.0735,-0.0554,-0.0256,0.0567,0.1118,0.2403,-0.3514,-0.5927,3.5704,-7.6131,3.7463,-1.6224,-6.4950
90736366,0.0081,0.0064,0.2501,-0.2892,0.1159,0.0758,-0.0771,-0.0031,0.0578,0.1095,0.2068,-0.4574,-0.1495,2.9901,-8.3019,3.7529,-1.6222,-6.5500
90741366,0.0092,0.0048,0.2224,-0.3555,0.0362,0.0727,-0.0904,0.0163,0.0585,0.1069,0.1381,-0.5183,1.5618,2.1459,-8.7862,3.7901,-1.6229,-6.6003
90746366,0.0101,0.0027,0.2056,-0.3748,0.0747,0.0703,-0.1004,0.0273,0.0589,0.1042,0.0904,-0.5386,2.9601,1.7766,-9.2275,3.8308,-1.6231,-6.6570
90751366,0.0111,0.0007,0.1558,-0.3531,0.2552,0.0603,-0.0996,0.0296,0.0590,0.1018,0.0148,-0.4809,3.0994,-0.7831,-9.3848,3.8460,-1.6721,-6.7045
90756366,0.0116,-0.0010,0.0620,-0.3363,0.2561,0.0429,-0.0936,0.0409,0.0585,0.0996,-0.0987,-0.4542,4.0961,-1.2679,-9.2056,3.8893,-1.6849,-6.7506
90761366,0.0118,-0.0028,-0.0110,-0.3314,0.2537,0.0273,-0.0887,0.0517,0.0575,0.0975,-0.2020,-0.4138,5.0053,-3.3124,-8.8733,3.9250,-1.7403,-6.7862
90766366,0.0115,-0.0048,-0.0452,-0.3540,0.3136,0.0191,-0.0943,0.0632,0.0563,0.0955,-0.2332,-0.4045,5.3815,-3.8422,-7.2532,3.9630,-1.7639,-6.7972
90771366,0.0111,-0.0066,-0.1066,-0.3219,0.3065,0.0045,-0.0858,0.0696,0.0548,0.0938,-0.3092,-0.3405,5.3815,-5.7637,-7.0442,3.9845,-1.8331,-6.8265
90776366,0.0105,-0.0082,-0.1469,-0.2682,0.2134,-0.0042,-0.0742,0.0702,0.0530,0.0925,-0.3450,-0.2557,5.3815,-6.5469,-5.7365,4.0168,-1.8705,-6.8346
90781366,0.0096,-0.0093,-0.2138,-0.1811,0.1379,-0.0194,-0.0524,0.0664,0.0510,0.0918,-0.4091,-0.1373,5.3815,-7.4387,-4.5257,4.0383,-1.9323,-6.8346
90786366,0.0083,-0.0098,-0.2862,-0.0736,0.1495,-0.0368,-0.0263,0.0573,0.0487,0.0918,-0.4601,-0.0045,4.3583,-8.0689,-3.4602,4.0481,-1.9733,-6.8342
90791366,0.0067,-0.0100,-0.3693,-0.0107,0.2241,-0.0592,-0.0047,0.0553,0.0460,0.0922,-0.5307,0.0875,3.6043,-9.0804,-2.5170,4.0490,-2.0481,-6.8299
90796366,0.0047,-0.0102,-0.4230,0.0165,0.1053,-0.0737,0.0112,0.0584,0.0433,0.0930,-0.5540,0.1515,2.6349,-9.5185,-0.4788,4.0482,-2.0901,-6.7968
90801366,0.0023,-0.0102,-0.4465,0.0113,0.0087,-0.0860,0.0184,0.0672,0.0404,0.0937,-0.5700,0.1509,2.1502,-9.7296,-0.3743,4.0482,-2.1655,-6.7968
90806365,-0.0000,-0.0100,-0.4404,0.0510,0.0924,-0.0942,0.0294,0.0612,0.0377,0.0948,-0.5486,0.2093,1.7733,-9.8414,0.7753,4.0481,-2.2071,-6.7741
90811365,-0.0022,-0.0098,-0.4337,0.0883,0.2027,-0.0988,0.0368,0.0542,0.0353,0.0960,-0.4850,0.2509,-0.6198,-9.0827,1.8275,4.0045,-2.2494,-6.7462
90816365,-0.0042,-0.0093,-0.3793,0.1481,0.2302,-0.0959,0.0465,0.0406,0.0332,0.0976,-0.4198,0.3074,-0.9955,-8.7212,1.9740,3.9937,-2.2772,-6.7332
90821365,-0.0060,-0.0083,-0.3247,0.2184,0.2546,-0.0887,0.0567,0.0222,0.0316,0.0994,-0.3109,0.3677,-2.8875,-7.1258,2.9016,3.9433,-2.2943,-6.7027
90826366,-0.0076,-0.0072,-0.2880,0.2541,0.2674,-0.0866,0.0655,0.0109,0.0303,0.1014,-0.2541,0.4046,-3.6362,-6.7407,3.3736,3.9154,-2.3138,-6.6771
90831366,-0.0086,-0.0057,-0.2257,0.2651,0.2149,-0.0751,0.0669,-0.0000,0.0296,0.1035,-0.1533,0.4055,-5.3831,-5.9132,3.5309,3.8521,-2.3366,-6.6581
90836366,-0.0095,-0.0044,-0.1362,0.2761,0.1691,-0.0587,0.0654,-0.0132,0.0294,0.1055,-0.0370,0.4077,-6.6477,-5.3290,3.5309,3.7969,-2.3362,-6.6387
90841366,-0.0099,-0.0032,-0.0614,0.2657,0.1422,-0.0440,0.0597,-0.0211,0.0297,0.1074,0.0626,0.3746,-7.4928,-3.9660,3.3654,3.7382,-2.3367,-6.6261
90846366,-0.0094,-0.0019,0.1408,0.2581,0.0924,-0.0015,0.0407,-0.0428,0.0311,0.1091,0.2764,0.3420,-8.1041,-3.0644,2.5931,3.6945,-2.3330,-6.6252
90851366,-0.0083,-0.0004,0.2141,0.2712,0.0839,0.0197,0.0347,-0.0576,0.0330,0.1106,0.3831,0.3101,-9.0838,-0.5888,2.0414,3.6235,-2.2942,-6.6259
90856366,-0.0068,0.0008,0.2532,0.2841,0.0836,0.0332,0.0338,-0.0702,0.0351,0.1122,0.4236,0.3139,-9.3624,-0.4788,1.5450,3.5814,-2.2940,-6.6259
90861366,-0.0056,0.0023,0.2660,0.2853,0.1202,0.0402,0.0346,-0.0794,0.0373,0.1137,0.4376,0.3079,-9.4701,-0.2655,1.2691,3.5227,-2.2922,-6.6251
90866366,-0.0042,0.0038,0.3060,0.2810,0.1590,0.0532,0.0292,-0.0885,0.0397,0.1151,0.4774,0.2639,-9.1320,1.3942,0.2619,3.4920,-2.2570,-6.6399
90871366,-0.0025,0.0050,0.3558,0.2272,0.1627,0.0673,0.0154,-0.0890,0.0422,0.1160,0.5005,0.1814,-8.1916,1.7556,-1.3109,3.4571,-2.2394,-6.6742
90876366,-0.0007,0.0059,0.3644,0.1445,0.1899,0.0746,-0.0008,-0.0811,0.0446,0.1164,0.4911,0.0790,-7.8154,1.7556,-2.6292,3.4332,-2.2324,-6.7111
90881366,0.0013,0.0063,0.3604,0.0605,0.2488,0.0779,-0.0172,-0.0702,0.0469,0.1163,0.4481,-0.0214,-6.1040,1.7556,-3.7368,3.4246,-2.2218,-6.7464
90886366,0.0031,0.0064,0.3357,0.0095,0.3249,0.0775,-0.0275,-0.0624,0.0489,0.1158,0.3964,-0.0872,-5.0344,1.7556,-4.7391,3.4238,-2.2148,-6.7886
90891366,0.0045,0.0058,0.2236,-0.1042,0.2070,0.0601,-0.0383,-0.0297,0.0501,0.1147,0.2481,-0.2134,-3.6973,1.4163,-5.9244,3.4244,-2.2119,-6.8360
90896366,0.0054,0.0051,0.1622,-0.1545,0.1517,0.0507,-0.0439,-0.0127,0.0509,0.1134,0.1586,-0.2717,-2.6176,1.1254,-6.7519,3.4329,-2.2126,-6.8873
90901366,0.0062,0.0042,0.1097,-0.1991,0.1263,0.0410,-0.0496,0.0037,0.0512,0.1118,0.0674,-0.3213,-0.8308,0.8345,-7.3776,3.4593,-2.2125,-6.9403
90906366,0.0069,0.0030,0.1194,-0.2547,0.0604,0.0452,-0.0640,0.0165,0.0515,0.1099,0.0581,-0.3813,-0.0607,0.6406,-7.8658,3.4721,-2.2119,-6.9812
90911366,0.0071,0.0016,0.0675,-0.2914,0.0503,0.0334,-0.0685,0.0332,0.0514,0.1078,-0.0281,-0.4103,1.2395,-0.3098,-8.3088,3.5035,-2.2289,-7.0394
90916365,0.0075,-0.0001,0.0446,-0.3293,0.1202,0.0294,-0.0789,0.0449,0.0511,0.1057,-0.0585,-0.4335,1.2395,-1.2393,-8.2566,3.5085,-2.2538,-7.0714
90921366,0.0078,-0.0018,0.0116,-0.3421,0.2213,0.0206,-0.0834,0.0543,0.0505,0.1035,-0.1217,-0.4259,2.7475,-2.1745,-7.8207,3.5486,-2.2784,-7.1106
90926365,0.0078,-0.0035,-0.0473,-0.3140,0.3029,0.0077,-0.0773,0.0580,0.0495,0.1017,-0.1867,-0.3640,2.8013,-3.6135,-6.9932,3.5609,-2.3244,-7.1244
90931365,0.0074,-0.0051,-0.1246,-0.2966,0.2900,-0.0086,-0.0698,0.0673,0.0482,0.1001,-0.2623,-0.3166,2.8013,-4.5265,-5.8899,3.5777,-2.3588,-7.1396
90936366,0.0067,-0.0066,-0.1768,-0.2544,0.3224,-0.0223,-0.0604,0.0703,0.0466,0.0988,-0.3216,-0.2564,2.6156,-5.7316,-5.8899,3.5850,-2.4130,-7.1632
90941366,0.0054,-0.0079,-0.2422,-0.2138,0.2555,-0.0379,-0.0469,0.0750,0.0448,0.0979,-0.3710,-0.1848,1.9192,-6.5445,-4.6232,3.5846,-2.4535,-7.1706
90946366,0.0043,-0.0088,-0.2541,-0.1393,0.1312,-0.0421,-0.0307,0.0678,0.0429,0.0976,-0.3682,-0.0720,1.5478,-7.3549,-2.8579,3.5841,-2.5117,-7.1503
90951366,0.0029,-0.0091,-0.3076,-0.0220,0.0151,-0.0552,-0.0014,0.0560,0.0409,0.0980,-0.4039,0.0797,1.1764,-7.8501,-1.0375,3.5849,-2.5518,-7.1242
90956365,0.0013,-0.0091,-0.3433,0.0489,-0.0181,-0.0675,0.0183,0.0499,0.0387,0.0988,-0.4339,0.1666,0.9443,-8.2882,-0.3944,3.5844,-2.6091,-7.1149
90961366,-0.0008,-0.0086,-0.4001,0.0791,0.0674,-0.0848,0.0336,0.0486,0.0365,0.0999,-0.4493,0.2209,-0.8078,-8.4465,1.0655,3.5513,-2.6459,-7.0822
90966366,-0.0027,-0.0082,-0.4145,0.1121,0.1590,-0.0955,0.0451,0.0443,0.0342,0.1012,-0.4547,0.2695,-0.9155,-8.5583,2.0062,3.5455,-2.6992,-7.0581
90971366,-0.0048,-0.0078,-0.3888,0.1216,0.1358,-0.0954,0.0484,0.0418,0.0323,0.1026,-0.3866,0.2750,-2.8312,-7.8796,2.4243,3.4973,-2.7187,-7.0355
90976366,-0.0065,-0.0071,-0.3286,0.1750,0.0936,-0.0881,0.0560,0.0285,0.0308,0.1042,-0.2986,0.3168,-4.0067,-7.0534,2.4797,3.4607,-2.7485,-7.0247
90981366,-0.0079,-0.0061,-0.2477,0.2419,0.3640,-0.0787,0.0604,0.0043,0.0299,0.1061,-0.1808,0.3777,-5.0699,-5.7625,3.3658,3.4117,-2.7484,-6.9877
90986365,-0.0089,-0.0046,-0.1750,0.3286,0.3365,-0.0659,0.0725,-0.0196,0.0295,0.1083,-0.0752,0.4421,-6.2328,-4.2650,3.3658,3.3651,-2.7484,-6.9742
90991366,-0.0093,-0.0031,-0.0437,0.3225,0.1553,-0.0371,0.0656,-0.0344,0.0300,0.1105,0.0917,0.4302,-7.7221,-3.4905,3.7564,3.2930,-2.7484,-6.9446
90996366,-0.0092,-0.0016,0.0373,0.3033,0.1217,-0.0195,0.0585,-0.0437,0.0309,0.1124,0.1932,0.3971,-8.4545,-2.5610,3.7564,3.2468,-2.7480,-6.9296
91001366,-0.0087,-0.0003,0.1408,0.2770,0.1547,0.0028,0.0456,-0.0543,0.0325,0.1142,0.3060,0.3529,-9.1322,-2.0963,3.0222,3.1808,-2.7481,-6.9234
91006366,-0.0076,0.0008,0.2340,0.2758,0.1001,0.0270,0.0359,-0.0667,0.0345,0.1158,0.4125,0.3163,-9.2927,-0.2899,2.4454,3.1404,-2.7204,-6.9240
91011366,-0.0060,0.0022,0.2770,0.3262,0.0921,0.0419,0.0408,-0.0862,0.0368,0.1175,0.4590,0.3487,-9.6160,0.1939,1.7221,3.0768,-2.7102,-6.9256
91016366,-0.0043,0.0039,0.3009,0.3534,0.1221,0.0524,0.0420,-0.0991,0.0392,0.1192,0.4750,0.3268,-9.0774,1.9278,0.1598,3.0494,-2.6701,-6.9530
91021365,-0.0028,0.0057,0.2957,0.3311,0.1486,0.0563,0.0416,-0.1036,0.0415,0.1206,0.4620,0.2977,-8.8620,1.9278,-0.3061,3.0004,-2.6623,-6.9631
91026366,-0.0012,0.0070,0.3329,0.2486,0.3145,0.0652,0.0221,-0.0994,0.0439,0.1215,0.4673,0.1724,-7.2844,3.0885,-2.0228,2.9996,-2.6260,-7.0021
91031366,0.0006,0.0075,0.3803,0.0702,0.3554,0.0791,-0.0150,-0.0777,0.0463,0.1214,0.4853,-0.0278,-6.1575,3.2468,-3.3294,2.9833,-2.6099,-7.0423
91036366,0.0026,0.0080,0.3711,0.0632,0.2995,0.0851,-0.0179,-0.0787,0.0486,0.1211,0.4651,-0.0537,-6.1105,3.2955,-4.5555,2.9596,-2.5895,-7.0822
91041366,0.0043,0.0078,0.3012,-0.0293,0.1944,0.0759,-0.0283,-0.0551,0.0503,0.1203,0.3435,-0.1648,-3.6306,3.3928,-5.7005,2.9793,-2.5740,-7.1361
91046366,0.0056,0.0076,0.2382,-0.0843,0.2302,0.0658,-0.0349,-0.0397,0.0516,0.1191,0.2462,-0.2322,-2.0530,3.3928,-6.5395,2.9997,-2.5536,-7.1769
91051365,0.0065,0.0069,0.1717,-0.1695,0.2812,0.0547,-0.0477,-0.0178,0.0524,0.1175,0.1608,-0.3284,-1.5459,3.1728,-7.4999,2.9991,-2.5446,-7.2382
91056365,0.0075,0.0056,0.1897,-0.2776,0.1544,0.0608,-0.0701,0.0034,0.0531,0.1153,0.1395,-0.4292,0.1616,2.3476,-7.8322,3.0307,-2.5447,-7.2760
91061366,0.0083,0.0040,0.1888,-0.3293,0.0295,0.0627,-0.0833,0.0195,0.0536,0.1129,0.1034,-0.4863,1.5803,1.9075,-8.6416,3.0647,-2.5450,-7.3419
91066366,0.0091,0.0019,0.1671,-0.3674,0.1208,0.0579,-0.0944,0.0319,0.0538,0.1104,0.0478,-0.4970,2.4160,-0.1460,-8.8622,3.0901,-2.5800,-7.3810
91071365,0.0100,-0.0001,0.1316,-0.3714,0.3013,0.0510,-0.1011,0.0385,0.0538,0.1080,-0.0036,-0.4874,3.4681,-0.4868,-8.2854,3.1284,-2.5886,-7.4223
91076366,0.0106,-0.0018,0.0800,-0.3247,0.3365,0.0423,-0.0940,0.0388,0.0535,0.1059,-0.0674,-0.4177,3.4681,-1.9640,-8.2330,3.1423,-2.6252,-7.4542
91081365,0.0105,-0.0036,-0.0672,-0.3448,0.2684,0.0131,-0.0861,0.0627,0.0523,0.1038,-0.2321,-0.4129,4.4308,-2.8589,-7.4518,3.1860,-2.6518,-7.4845
91086365,0.0099,-0.0054,-0.1060,-0.3677,0.2717,0.0019,-0.0880,0.0757,0.0509,0.1018,-0.2870,-0.3992,4.8069,-4.6526,-6.7873,3.2116,-2.7100,-7.5004
91091366,0.0093,-0.0073,-0.1417,-0.3479,0.2742,-0.0067,-0.0846,0.0808,0.0493,0.1001,-0.3150,-0.3399,4.8069,-5.5273,-5.0151,3.2404,-2.7470,-7.5003
91096366,0.0085,-0.0090,-0.1885,-0.2996,0.2094,-0.0181,-0.0738,0.0839,0.0475,0.0988,-0.3630,-0.2646,4.8633,-6.4591,-4.1290,3.2609,-2.8008,-7.5009
91101366,0.0074,-0.0102,-0.2608,-0.1946,0.0979,-0.0349,-0.0481,0.0792,0.0453,0.0981,-0.4321,-0.1322,4.8633,-7.1893,-3.0214,3.2901,-2.8426,-7.5001
91106366,0.0059,-0.0108,-0.3348,-0.0874,0.0738,-0.0539,-0.0208,0.0720,0.0428,0.0981,-0.4952,-0.0001,4.3247,-7.9375,-2.0967,3.2982,-2.9031,-7.4924
91111366,0.0041,-0.0113,-0.3946,-0.0415,0.1404,-0.0712,-0.0046,0.0704,0.0402,0.0986,-0.5248,0.0867,3.1938,-8.6833,-0.0950,3.2982,-2.9515,-7.4582
91116366,0.0017,-0.0115,-0.4359,-0.0455,0.1764,-0.0877,0.0034,0.0775,0.0375,0.0991,-0.5498,0.1126,2.6553,-9.2871,1.3109,3.2991,-3.0179,-7.4280
91121366,-0.0005,-0.0114,-0.4453,0.0021,0.1321,-0.0959,0.0172,0.0736,0.0348,0.1000,-0.5320,0.1674,1.0437,-9.5622,1.5207,3.2794,-3.0612,-7.4147
91126366,-0.0024,-0.0112,-0.3580,0.0724,0.1272,-0.0839,0.0247,0.0543,0.0328,0.1013,-0.4096,0.2561,-0.5071,-9.7001,2.6240,3.2486,-3.1223,-7.3853
91131366,-0.0040,-0.0107,-0.3149,0.1570,0.2149,-0.0811,0.0386,0.0343,0.0311,0.1030,-0.3383,0.3556,-1.5415,-9.5946,3.7366,3.2236,-3.1586,-7.3445
91136366,-0.0056,-0.0097,-0.2941,0.2327,0.3481,-0.0831,0.0527,0.0170,0.0296,0.1052,-0.2910,0.4280,-2.6342,-9.0352,4.0757,3.1934,-3.2027,-7.3216
91141366,-0.0068,-0.0083,-0.2841,0.2703,0.3090,-0.0829,0.0639,0.0071,0.0284,0.1075,-0.2466,0.4584,-3.6598,-7.8232,4.8073,3.1532,-3.2127,-7.2791
91146366,-0.0080,-0.0069,-0.2056,0.2987,0.1269,-0.0683,0.0699,-0.0065,0.0277,0.1099,-0.1428,0.4857,-4.6565,-7.3132,5.2504,3.1158,-3.2487,-7.2508
91151366,-0.0089,-0.0054,-0.1503,0.3060,0.0582,-0.0581,0.0710,-0.0151,0.0274,0.1123,-0.0570,0.4730,-5.7615,-5.9706,5.2504,3.0621,-3.2484,-7.2193
91156366,-0.0094,-0.0040,-0.0623,0.3057,0.1166,-0.0427,0.0652,-0.0269,0.0276,0.1145,0.0460,0.4416,-6.1384,-4.4215,4.7133,3.0302,-3.2485,-7.2095
91161366,-0.0092,-0.0025,0.0654,0.3247,0.1993,-0.0171,0.0582,-0.0488,0.0286,0.1167,0.1934,0.4483,-6.8709,-3.5953,4.7133,2.9758,-3.2480,-7.1813
91166366,-0.0085,-0.0008,0.1738,0.3696,0.1141,0.0086,0.0589,-0.0719,0.0301,0.1191,0.3129,0.4708,-7.2941,-2.6174,4.1889,2.9384,-3.2473,-7.1735
91171366,-0.0071,0.0011,0.2303,0.4126,0.0839,0.0258,0.0620,-0.0910,0.0320,0.1214,0.3769,0.4743,-7.5080,-1.0660,3.0877,2.8894,-3.2237,-7.1737
91176366,-0.0058,0.0032,0.2407,0.4010,0.2225,0.0315,0.0606,-0.1007,0.0340,0.1236,0.3918,0.4426,-7.6741,-0.2903,2.5109,2.8556,-3.2109,-7.1740
91181366,-0.0046,0.0050,0.2721,0.3418,0.3252,0.0393,0.0487,-0.1005,0.0360,0.1254,0.3964,0.3463,-7.0706,0.0000,0.3139,2.8232,-3.2066,-7.2098
91186366,-0.0032,0.0062,0.2957,0.2233,0.3352,0.0501,0.0260,-0.0890,0.0381,0.1264,0.4298,0.2029,-6.8552,1.6221,0.2651,2.7992,-3.1674,-7.2096
91191366,-0.0015,0.0072,0.3173,0.1558,0.3398,0.0571,0.0125,-0.0826,0.0401,0.1269,0.4042,0.1068,-5.0780,1.6221,-1.6614,2.7993,-3.1609,-7.2530
91196366,0.0004,0.0077,0.3476,0.1158,0.3047,0.0695,0.0016,-0.0828,0.0422,0.1272,0.4128,0.0567,-4.1625,1.6221,-2.3408,2.7992,-3.1512,-7.2737
91201366,0.0022,0.0079,0.3238,0.0421,0.2693,0.0701,-0.0114,-0.0690,0.0440,0.1270,0.3540,-0.0453,-3.0854,1.6221,-4.2463,2.7992,-3.1447,-7.3315
91206366,0.0037,0.0080,0.2767,-0.0128,0.2806,0.0663,-0.0203,-0.0568,0.0455,0.1264,0.2985,-0.1241,-2.4930,2.5189,-4.9500,2.7999,-3.1132,-7.3633
91211366,0.0049,0.0077,0.2159,-0.0889,0.2531,0.0579,-0.0301,-0.0375,0.0465,0.1253,0.2151,-0.2121,-1.5831,2.5189,-5.7557,2.8052,-3.1032,-7.4114
91216366,0.0059,0.0067,0.1778,-0.2227,0.0872,0.0541,-0.0515,-0.0060,0.0473,0.1235,0.1440,-0.3587,-0.0975,2.5189,-6.6110,2.8315,-3.0880,-7.4531
91221365,0.0069,0.0053,0.1717,-0.2889,0.0604,0.0542,-0.0660,0.0095,0.0477,0.1214,0.0964,-0.4142,1.2004,1.0458,-7.3666,2.8592,-3.1099,-7.5099
91226366,0.0078,0.0039,0.1475,-0.3112,0.1657,0.0502,-0.0744,0.0178,0.0480,0.1193,0.0523,-0.4293,1.8095,0.2544,-7.6802,2.8781,-3.1232,-7.5457
91231365,0.0087,0.0023,0.1423,-0.3271,0.2723,0.0492,-0.0843,0.0246,0.0481,0.1171,0.0166,-0.4488,3.4139,0.2017,-7.9746,2.9244,-3.1232,-7.5984
91236366,0.0094,0.0006,0.0935,-0.3357,0.2751,0.0416,-0.0863,0.0341,0.0479,0.1149,-0.0453,-0.4310,3.5080,-1.3424,-7.7539,2.9399,-3.1548,-7.6258
91241366,0.0097,-0.0012,0.0000,-0.3406,0.2177,0.0240,-0.0826,0.0503,0.0471,0.1128,-0.1563,-0.4250,4.1663,-2.0695,-7.7539,2.9775,-3.1770,-7.6723
91246366,0.0095,-0.0030,-0.0767,-0.3415,0.2363,0.0078,-0.0787,0.0619,0.0459,0.1108,-0.2403,-0.3860,4.6734,-3.3300,-6.3381,3.0052,-3.2189,-7.6722
91251366,0.0090,-0.0048,-0.1213,-0.3152,0.3646,-0.0039,-0.0746,0.0645,0.0445,0.1092,-0.2797,-0.3202,4.6734,-4.3627,-4.7125,3.0332,-3.2554,-7.6727
91256366,0.0083,-0.0067,-0.1304,-0.3189,0.4507,-0.0097,-0.0784,0.0708,0.0430,0.1078,-0.2915,-0.2958,4.7811,-5.3530,-3.8211,3.0542,-3.3042,-7.6720
91261366,0.0076,-0.0080,-0.1839,-0.2272,0.1083,-0.0185,-0.0551,0.0695,0.0413,0.1069,-0.3431,-0.1777,4.7811,-6.1318,-2.8248,3.0829,-3.3427,-7.6720
91266366,0.0063,-0.0088,-0.2941,-0.1258,0.0854,-0.0436,-0.0271,0.0674,0.0391,0.1066,-0.4406,-0.0606,3.9918,-6.7122,-2.3528,3.0848,-3.3932,-7.6729
91271366,0.0046,-0.0092,-0.3684,-0.0205,0.1520,-0.0642,-0.0005,0.0588,0.0366,0.1069,-0.4968,0.0641,2.9241,-7.3834,-1.7236,3.0841,-3.4351,-7.6725
91276366,0.0024,-0.0094,-0.4343,0.0107,0.1825,-0.0848,0.0162,0.0616,0.0339,0.1075,-0.5475,0.1316,2.4134,-8.2296,-0.1265,3.0846,-3.4987,-7.6446
91281365,0.0000,-0.0092,-0.4725,0.0086,0.1517,-0.0996,0.0256,0.0682,0.0311,0.1083,-0.5638,0.1479,1.7635,-8.2296,1.1181,3.0842,-3.5316,-7.6161
91286366,-0.0024,-0.0091,-0.4514,0.0217,0.1471,-0.1031,0.0315,0.0659,0.0285,0.1092,-0.5147,0.1845,0.6548,-8.4984,2.4257,3.0676,-3.5875,-7.5825
91291366,-0.0046,-0.0091,-0.4102,0.0425,0.1468,-0.1017,0.0354,0.0607,0.0262,0.1103,-0.4471,0.2216,-0.3231,-8.4984,3.5232,3.0474,-3.6215,-7.5436
91296366,-0.0064,-0.0088,-0.3433,0.0999,0.2140,-0.0944,0.0398,0.0464,0.0245,0.1116,-0.3460,0.2616,-1.7317,-7.3377,3.5232,3.0159,-3.6440,-7.5296
91301366,-0.0081,-0.0082,-0.3378,0.1741,0.3658,-0.0990,0.0545,0.0305,0.0230,0.1134,-0.2963,0.3464,-3.8278,-7.2258,4.3539,2.9567,-3.6711,-7.4886
91306366,-0.0096,-0.0072,-0.3112,0.2431,0.2351,-0.0952,0.0686,0.0175,0.0219,0.1153,-0.2314,0.3966,-4.7904,-5.3241,4.9886,2.9204,-3.6706,-7.4578
91311366,-0.0103,-0.0058,-0.1078,0.2908,0.1969,-0.0561,0.0622,-0.0136,0.0219,0.1175,0.0023,0.4372,-5.8979,-4.4292,5.4081,2.8671,-3.6704,-7.4189
91316365,-0.0106,-0.0045,-0.0165,0.2761,0.1645,-0.0375,0.0546,-0.0234,0.0225,0.1196,0.1157,0.4050,-6.5943,-3.2546,5.4081,2.8284,-3.6713,-7.3973
91321366,-0.0101,-0.0032,0.1121,0.2709,0.1498,-0.0102,0.0435,-0.0391,0.0237,0.1215,0.2541,0.3840,-7.1329,-2.6953,4.9117,2.7759,-3.6708,-7.3752
91326366,-0.0092,-0.0019,0.2022,0.3164,0.1908,0.0113,0.0430,-0.0616,0.0255,0.1235,0.3563,0.4105,-7.7526,-1.9681,4.3600,2.7334,-3.6711,-7.3682
91331366,-0.0079,-0.0003,0.2217,0.3684,0.1715,0.0217,0.0511,-0.0793,0.0275,0.1257,0.3929,0.4427,-8.0818,-0.6429,4.3600,2.6790,-3.6497,-7.3420
91336366,-0.0066,0.0017,0.2297,0.3925,0.1327,0.0298,0.0568,-0.0917,0.0295,0.1279,0.4095,0.4391,-8.1353,0.7386,3.8757,2.6454,-3.6199,-7.3349
91341366,-0.0054,0.0038,0.2428,0.3848,0.2067,0.0341,0.0574,-0.0994,0.0315,0.1300,0.3962,0.4057,-7.4708,0.7386,2.1495,2.6115,-3.6172,-7.3501
91346366,-0.0040,0.0055,0.2880,0.3225,0.2793,0.0470,0.0425,-0.1001,0.0337,0.1315,0.4358,0.3016,-7.2851,2.0043,0.6049,2.5854,-3.5834,-7.3758
91351366,-0.0025,0.0066,0.3222,0.2071,0.2983,0.0568,0.0218,-0.0900,0.0359,0.1324,0.4358,0.1837,-5.3816,2.0043,0.4394,2.5856,-3.5762,-7.3759
91356366,-0.0007,0.0071,0.3467,0.0803,0.3786,0.0662,-0.0060,-0.0747,0.0381,0.1325,0.4405,0.0224,-4.4067,2.9945,-0.8914,2.5855,-3.5418,-7.4024
91361366,0.0012,0.0074,0.3372,0.0425,0.3453,0.0693,-0.0143,-0.0683,0.0400,0.1323,0.3933,-0.0462,-3.2461,2.9945,-2.9546,2.5858,-3.5309,-7.4551
91366366,0.0027,0.0075,0.3036,-0.0223,0.2928,0.0688,-0.0242,-0.0558,0.0418,0.1317,0.3460,-0.1181,-2.6890,2.9945,-3.4334,2.5851,-3.5119,-7.4771
91371366,0.0040,0.0070,0.2419,-0.1106,0.2445,0.0612,-0.0364,-0.0342,0.0431,0.1306,0.2651,-0.2187,-1.9926,2.9945,-4.2641,2.5852,-3.5010,-7.5185
91376366,0.0052,0.0061,0.2129,-0.2010,0.2158,0.0574,-0.0521,-0.0135,0.0440,0.1290,0.1910,-0.3100,-0.1742,2.2200,-5.1003,2.6172,-3.4997,-7.5540
91381366,0.0064,0.0049,0.2010,-0.2718,0.1505,0.0593,-0.0683,0.0032,0.0449,0.1271,0.1619,-0.3849,0.3266,1.8585,-5.7299,2.6279,-3.4995,-7.5993
91386366,0.0072,0.0030,0.1848,-0.3204,0.0930,0.0573,-0.0807,0.0198,0.0454,0.1249,0.1066,-0.4348,2.0380,1.3421,-6.3367,2.6668,-3.4997,-7.6356
91391366,0.0079,0.0011,0.1558,-0.3433,0.1529,0.0517,-0.0894,0.0319,0.0456,0.1227,0.0514,-0.4554,3.4339,1.1356,-6.3892,2.7107,-3.4993,-7.6747
91396366,0.0089,-0.0006,0.1417,-0.3305,0.2858,0.0494,-0.0930,0.0326,0.0457,0.1206,0.0161,-0.4174,3.8283,-0.5501,-6.3892,2.7325,-3.5293,-7.7003
91401366,0.0096,-0.0022,0.0938,-0.2938,0.3444,0.0414,-0.0883,0.0337,0.0455,0.1188,-0.0439,-0.3635,4.3917,-1.2653,-5.9497,2.7697,-3.5476,-7.7281
91406366,0.0095,-0.0038,-0.0541,-0.3122,0.3407,0.0109,-0.0800,0.0560,0.0444,0.1170,-0.2172,-0.3570,5.0918,-2.8758,-5.8944,2.8024,-3.5934,-7.7508
91411366,0.0090,-0.0053,-0.0803,-0.3207,0.3749,0.0034,-0.0809,0.0631,0.0432,0.1153,-0.2447,-0.3267,5.4168,-3.9310,-4.3437,2.8398,-3.6274,-7.7504
91416366,0.0085,-0.0070,-0.1252,-0.2944,0.3359,-0.0071,-0.0745,0.0688,0.0417,0.1140,-0.2930,-0.2713,5.4168,-5.1056,-3.5684,2.8614,-3.6792,-7.7507
91421366,0.0079,-0.0085,-0.1637,-0.2669,0.2427,-0.0157,-0.0675,0.0738,0.0401,0.1129,-0.3286,-0.2175,5.3061,-5.9297,-2.6269,2.8913,-3.7154,-7.7504
91426366,0.0068,-0.0095,-0.2395,-0.1613,0.1691,-0.0334,-0.0419,0.0688,0.0381,0.1124,-0.4050,-0.0946,5.3061,-6.5494,-2.0863,2.9126,-3.7677,-7.7491
91431366,0.0055,-0.0100,-0.3125,-0.0690,0.1844,-0.0506,-0.0172,0.0607,0.0358,0.1126,-0.4470,0.0407,4.3434,-7.1545,0.1953,2.9232,-3.8048,-7.7089
91436366,0.0037,-0.0104,-0.3720,-0.0192,0.2280,-0.0687,-0.0008,0.0608,0.0334,0.1132,-0.4924,0.1071,3.5412,-7.6941,0.7721,2.9229,-3.8631,-7.6962
91441365,0.0014,-0.0105,-0.4267,-0.0183,0.1886,-0.0861,0.0097,0.0692,0.0307,0.1138,-0.5241,0.1267,2.6320,-7.9051,1.8209,2.9232,-3.8959,-7.6657
91446366,-0.0008,-0.0105,-0.4249,-0.0360,0.1547,-0.0930,0.0118,0.0753,0.0282,0.1144,-0.5079,0.1280,2.1506,-8.1848,2.8138,2.9231,-3.9530,-7.6375
91451366,-0.0027,-0.0105,-0.3601,0.0397,0.2033,-0.0863,0.0212,0.0572,0.0262,0.1155,-0.4085,0.2197,0.7241,-8.1363,3.9399,2.9048,-3.9816,-7.5949
91456366,-0.0044,-0.0102,-0.3250,0.1002,0.2711,-0.0844,0.0297,0.0444,0.0245,0.1169,-0.3356,0.2729,-0.8860,-7.3101,4.2790,2.8721,-4.0143,-7.5712
91461366,-0.0059,-0.0095,-0.2813,0.1710,0.3890,-0.0813,0.0407,0.0257,0.0232,0.1187,-0.2616,0.3546,-2.2787,-7.3101,5.0106,2.8364,-4.0408,-7.5273
91466366,-0.0074,-0.0086,-0.2618,0.2144,0.3976,-0.0806,0.0495,0.0158,0.0222,0.1206,-0.2038,0.3800,-3.2407,-5.4397,5.6752,2.8070,-4.0442,-7.4925
91471366,-0.0084,-0.0076,-0.2040,0.2447,0.2693,-0.0701,0.0546,0.0052,0.0216,0.1226,-0.1209,0.4029,-4.0170,-4.5044,6.1146,2.7702,-4.0435,-7.4487
91476366,-0.0093,-0.0065,-0.1393,0.2392,0.1923,-0.0582,0.0522,-0.0014,0.0214,0.1245,-0.0313,0.3825,-4.7495,-3.2942,6.3244,2.7372,-4.0440,-7.4199
91481366,-0.0098,-0.0053,-0.0654,0.2437,0.2250,-0.0449,0.0491,-0.0129,0.0217,0.1264,0.0621,0.3788,-5.6088,-2.7440,6.3244,2.6882,-4.0439,-7.3819
91486366,-0.0097,-0.0042,0.0443,0.2648,0.2406,-0.0232,0.0439,-0.0299,0.0226,0.1283,0.1782,0.3752,-6.0367,-1.9739,5.4417,2.6557,-4.0435,-7.3756
91491366,-0.0091,-0.0029,0.1451,0.2896,0.2021,-0.0006,0.0410,-0.0482,0.0240,0.1302,0.2856,0.3851,-6.5904,-1.6438,4.7797,2.6068,-4.0435,-7.3593
91496366,-0.0078,-0.0013,0.2303,0.3378,0.1703,0.0232,0.0410,-0.0708,0.0260,0.1322,0.3913,0.4036,-6.7761,0.3615,4.7797,2.5765,-4.0087,-7.3402
91501366,-0.0063,0.0002,0.2495,0.3403,0.1929,0.0317,0.0406,-0.0797,0.0280,0.1341,0.4007,0.3832,-6.5068,0.8262,3.7142,2.5416,-3.9967,-7.3355
91506366,-0.0050,0.0019,0.2731,0.3167,0.2632,0.0407,0.0349,-0.0857,0.0301,0.1358,0.4279,0.3330,-6.5068,1.9412,3.0362,2.5156,-3.9676,-7.3355
91511366,-0.0036,0.0033,0.3207,0.2666,0.2769,0.0533,0.0230,-0.0870,0.0324,0.1371,0.4455,0.2556,-5.4363,2.1836,1.4485,2.4998,-3.9549,-7.3523
91516366,-0.0019,0.0042,0.3280,0.1594,0.3154,0.0592,0.0028,-0.0741,0.0345,0.1377,0.4308,0.1187,-4.4785,2.8548,0.1246,2.4991,-3.9271,-7.3762
91521365,-0.0001,0.0048,0.3293,0.0834,0.4137,0.0638,-0.0124,-0.0673,0.0366,0.1379,0.4136,0.0393,-3.2953,3.0786,0.1246,2.4996,-3.9115,-7.3755
91526366,0.0016,0.0050,0.3219,0.0284,0.4424,0.0672,-0.0245,-0.0597,0.0385,0.1377,0.3823,-0.0386,-2.6755,3.0786,-1.4158,2.5000,-3.8919,-7.4081
91531366,0.0032,0.0048,0.2841,-0.0528,0.3786,0.0653,-0.0378,-0.0420,0.0401,0.1370,0.3206,-0.1409,-1.9994,3.0786,-2.8262,2.4994,-3.8807,-7.4488
91536366,0.0044,0.0043,0.2315,-0.1237,0.3154,0.0599,-0.0472,-0.0248,0.0414,0.1359,0.2543,-0.2096,-1.6613,2.5510,-3.2168,2.4989,-3.8727,-7.4693
91541366,0.0052,0.0030,0.1264,-0.2935,0.2247,0.0399,-0.0688,0.0203,0.0418,0.1340,0.0960,-0.3856,0.8078,2.1289,-4.0475,2.5455,-3.8726,-7.5071
91546366,0.0058,0.0013,0.0938,-0.3516,0.1410,0.0363,-0.0803,0.0386,0.0421,0.1318,0.0508,-0.4350,1.2479,1.5486,-4.0475,2.5583,-3.8726,-7.5233
91551366,0.0060,-0.0009,0.0654,-0.4032,0.1111,0.0301,-0.0928,0.0584,0.0421,0.1294,-0.0018,-0.4873,2.3621,1.2848,-4.3611,2.5930,-3.8728,-7.5544
91556366,0.0063,-0.0032,0.0382,-0.4255,0.2009,0.0225,-0.1014,0.0712,0.0418,0.1269,-0.0596,-0.4896,3.4696,-0.0559,-4.3611,2.6267,-3.8935,-7.5719
91561366,0.0065,-0.0053,0.0000,-0.3998,0.3563,0.0137,-0.1009,0.0736,0.0413,0.1248,-0.1039,-0.4345,3.4696,-1.3983,-3.7315,2.6476,-3.9233,-7.5844
91566366,0.0064,-0.0072,-0.0608,-0.3616,0.4464,-0.0008,-0.0937,0.0774,0.0404,0.1229,-0.1819,-0.3653,4.1114,-2.8042,-3.0534,2.6749,-3.9637,-7.5844
91571366,0.0060,-0.0091,-0.1307,-0.3461,0.4538,-0.0162,-0.0882,0.0870,0.0391,0.1213,-0.2541,-0.3213,4.1114,-3.8886,-2.2301,2.6996,-3.9969,-7.5838
91576366,0.0051,-0.0107,-0.1713,-0.3375,0.4272,-0.0275,-0.0845,0.0956,0.0376,0.1199,-0.2947,-0.2882,3.7352,-5.0921,-1.7904,2.7082,-4.0486,-7.5832
91581366,0.0040,-0.0123,-0.2266,-0.2630,0.3224,-0.0390,-0.0670,0.0936,0.0360,0.1190,-0.3241,-0.1708,2.7948,-5.9684,0.2090,2.7089,-4.0855,-7.5471
91586366,0.0030,-0.0128,-0.2269,-0.0571,0.1291,-0.0402,-0.0292,0.0644,0.0344,0.1193,-0.3175,0.0518,2.2776,-6.6502,0.6521,2.7086,-4.1396,-7.5372
91591366,0.0016,-0.0129,-0.2981,0.0342,0.0604,-0.0567,-0.0018,0.0561,0.0326,0.1202,-0.3656,0.1866,1.6663,-7.3773,2.8374,2.7082,-4.1797,-7.4826
91596366,-0.0000,-0.0124,-0.3543,0.0718,0.1392,-0.0744,0.0158,0.0533,0.0305,0.1215,-0.4130,0.2591,1.3842,-8.3205,4.2442,2.7087,-4.2483,-7.4404
91601366,-0.0020,-0.0118,-0.3619,0.1374,0.2592,-0.0831,0.0319,0.0412,0.0286,0.1232,-0.3923,0.3416,0.2998,-8.3205,5.3727,2.6935,-4.2784,-7.3890
91606366,-0.0038,-0.0113,-0.3473,0.1442,0.2323,-0.0857,0.0378,0.0390,0.0268,0.1250,-0.3569,0.3655,-0.6953,-8.6929,6.1531,2.6717,-4.3405,-7.3503
91611366,-0.0054,-0.0106,-0.2969,0.1897,0.1874,-0.0795,0.0467,0.0257,0.0254,0.1272,-0.2778,0.4260,-1.8581,-8.6929,7.1638,2.6428,-4.3720,-7.2898
91616366,-0.0065,-0.0095,-0.2095,0.2575,0.2848,-0.0662,0.0525,0.0028,0.0246,0.1296,-0.1578,0.4822,-3.1441,-7.6905,7.3853,2.6069,-4.4022,-7.2567
91621365,-0.0076,-0.0082,-0.1912,0.2923,0.4195,-0.0659,0.0599,-0.0102,0.0241,0.1322,-0.1021,0.5156,-4.9101,-7.2431,7.7468,2.5477,-4.4209,-7.2041
91626366,-0.0083,-0.0067,-0.1765,0.3329,0.3771,-0.0633,0.0696,-0.0208,0.0238,0.1348,-0.0644,0.5279,-5.2482,-5.2854,7.7992,2.5212,-4.4214,-7.1720
91631366,-0.0089,-0.0050,-0.0938,0.3387,0.0643,-0.0437,0.0716,-0.0304,0.0240,0.1374,0.0482,0.5203,-6.5355,-4.3905,7.7992,2.4600,-4.4210,-7.1252
91636366,-0.0086,-0.0034,0.1017,0.3326,0.1587,-0.0058,0.0528,-0.0531,0.0252,0.1398,0.2464,0.4745,-6.7965,-3.1600,6.3649,2.4284,-4.4204,-7.1256
91641366,-0.0076,-0.0018,0.2288,0.3265,0.2204,0.0225,0.0410,-0.0719,0.0272,0.1421,0.3829,0.4551,-7.2892,-2.6566,5.9788,2.3767,-4.4209,-7.0972
91646366,-0.0060,-0.0003,0.3082,0.3558,0.1770,0.0454,0.0387,-0.0909,0.0295,0.1443,0.4700,0.4572,-7.3999,-1.4082,5.3976,2.3449,-4.4101,-7.0855
91651366,-0.0040,0.0015,0.3497,0.3852,0.1245,0.0621,0.0398,-0.1067,0.0321,0.1466,0.5131,0.4430,-7.4389,0.1055,3.9930,2.2993,-4.3819,-7.0854
91656366,-0.0021,0.0036,0.3467,0.3946,0.1715,0.0673,0.0438,-0.1177,0.0345,0.1487,0.4957,0.4329,-6.7927,0.5803,3.1495,2.2845,-4.3690,-7.0878
91661366,-0.0004,0.0055,0.3589,0.3494,0.2677,0.0733,0.0354,-0.1189,0.0370,0.1505,0.4825,0.3508,-6.5110,0.6290,0.7222,2.2495,-4.3659,-7.1252
91666366,0.0013,0.0067,0.3650,0.2300,0.3563,0.0795,0.0137,-0.1069,0.0393,0.1515,0.4777,0.2101,-5.3278,1.8947,0.5567,2.2494,-4.3307,-7.1259
91671366,0.0033,0.0076,0.3943,0.1549,0.4244,0.0890,-0.0038,-0.1015,0.0417,0.1520,0.4639,0.1024,-3.9192,1.8947,-1.6256,2.2499,-4.3238,-7.1711
91676366,0.0056,0.0083,0.4050,0.1292,0.3719,0.0991,-0.0117,-0.1017,0.0439,0.1523,0.4531,0.0500,-3.2431,2.2248,-3.0975,2.2491,-4.3050,-7.2099
91681365,0.0071,0.0081,0.2648,-0.0415,0.3050,0.0770,-0.0302,-0.0585,0.0454,0.1516,0.2848,-0.1463,-2.0259,2.6649,-4.3712,2.2569,-4.2868,-7.2573
91686366,0.0082,0.0076,0.1860,-0.1182,0.3322,0.0631,-0.0391,-0.0368,0.0462,0.1504,0.1692,-0.2355,-0.3026,2.6649,-5.2074,2.2866,-4.2698,-7.2923
91691365,0.0091,0.0066,0.1707,-0.2245,0.2225,0.0623,-0.0586,-0.0122,0.0468,0.1486,0.1164,-0.3564,1.3909,2.6649,-6.1876,2.3237,-4.2601,-7.3463
91696366,0.0098,0.0053,0.1765,-0.2691,0.0659,0.0665,-0.0699,0.0008,0.0473,0.1466,0.0981,-0.4044,2.0766,2.0732,-7.0150,2.3446,-4.2554,-7.3900
91701366,0.0105,0.0037,0.1518,-0.3305,0.0772,0.0612,-0.0822,0.0181,0.0474,0.1443,0.0344,-0.4527,3.1841,0.4779,-7.7383,2.3844,-4.2826,-7.4486
91706366,0.0114,0.0018,0.1304,-0.3769,0.2567,0.0561,-0.0970,0.0311,0.0474,0.1418,-0.0162,-0.4940,4.4677,-0.1100,-7.9824,2.4251,-4.2950,-7.4853
91711365,0.0120,-0.0001,0.0855,-0.3861,0.3933,0.0466,-0.1023,0.0406,0.0469,0.1394,-0.0839,-0.4912,5.1730,-1.1323,-8.2040,2.4678,-4.3171,-7.5387
91716366,0.0123,-0.0021,0.0067,-0.3986,0.3438,0.0316,-0.1001,0.0553,0.0460,0.1371,-0.1833,-0.4616,5.7928,-3.1205,-7.3678,2.5015,-4.3700,-7.5532
91721366,0.0121,-0.0043,-0.0535,-0.4056,0.2338,0.0207,-0.1007,0.0710,0.0448,0.1348,-0.2450,-0.4552,6.0621,-3.3939,-6.7382,2.5417,-4.3871,-7.5843
91726366,0.0118,-0.0063,-0.0730,-0.4310,0.3410,0.0133,-0.1069,0.0806,0.0434,0.1326,-0.2753,-0.4319,6.2775,-5.4411,-5.5273,2.5711,-4.4565,-7.5846
91731366,0.0112,-0.0087,-0.1326,-0.4270,0.3355,0.0000,-0.1054,0.0925,0.0418,0.1307,-0.3319,-0.3926,6.3703,-6.3611,-4.0744,2.6110,-4.4958,-7.5842
91736366,0.0103,-0.0106,-0.2114,-0.3476,0.1822,-0.0160,-0.0862,0.0952,0.0398,0.1292,-0.4017,-0.2870,5.7058,-7.3869,-3.3479,2.6225,-4.5598,-7.5845
91741366,0.0091,-0.0120,-0.2914,-0.2285,0.0765,-0.0351,-0.0578,0.0900,0.0374,0.1285,-0.4809,-0.1416,5.6505,-8.2795,-2.4761,2.6553,-4.6063,-7.5844
91746366,0.0075,-0.0129,-0.3433,-0.1472,0.1443,-0.0517,-0.0379,0.0841,0.0347,0.1284,-0.5256,-0.0201,5.4365,-9.4286,-0.9159,2.6736,-4.6861,-7.5603
91751366,0.0055,-0.0137,-0.4071,-0.1069,0.2308,-0.0711,-0.0242,0.0864,0.0319,0.1287,-0.5637,0.0464,3.9925,-10.2686,0.0000,2.6728,-4.7388,-7.5441
91756366,0.0034,-0.0142,-0.4319,-0.1124,0.2381,-0.0828,-0.0182,0.0919,0.0291,0.1291,-0.5690,0.0806,3.2973,-11.1650,1.7722,2.6735,-4.8250,-7.5052
91761366,0.0012,-0.0147,-0.4142,-0.0803,0.1868,-0.0858,-0.0104,0.0890,0.0264,0.1298,-0.5281,0.1423,2.4415,-11.6722,3.2565,2.6734,-4.8766,-7.4618
91766366,-0.0008,-0.0152,-0.3968,-0.0492,0.1370,-0.0878,-0.0035,0.0860,0.0240,0.1308,-0.4807,0.1953,1.0628,-12.0488,4.3505,2.6535,-4.9594,-7.4254
91771366,-0.0027,-0.0154,-0.3549,0.0089,0.2726,-0.0860,0.0029,0.0726,0.0220,0.1321,-0.4038,0.2671,-0.5538,-12.0973,5.2277,2.6211,-5.0042,-7.3805
91776366,-0.0042,-0.0148,-0.3030,0.1579,0.3484,-0.0811,0.0262,0.0415,0.0204,0.1342,-0.3220,0.4225,-1.8536,-11.8772,5.8775,2.5906,-5.0763,-7.3457
91781366,-0.0057,-0.0140,-0.3137,0.2257,0.2674,-0.0854,0.0449,0.0303,0.0189,0.1367,-0.2973,0.5018,-3.3244,-11.6825,6.8475,2.5462,-5.1150,-7.2879
91786366,-0.0071,-0.0130,-0.2908,0.2520,0.1123,-0.0830,0.0545,0.0242,0.0176,0.1393,-0.2557,0.5268,-3.7188,-10.9407,7.5120,2.5248,-5.1712,-7.2464
91791366,-0.0084,-0.0117,-0.2349,0.2608,0.0723,-0.0742,0.0563,0.0151,0.0168,0.1420,-0.1619,0.5296,-5.2316,-10.0458,8.0003,2.4674,-5.1907,-7.1902
91796366,-0.0094,-0.0103,-0.1591,0.2920,0.1816,-0.0628,0.0571,-0.0012,0.0165,0.1447,-0.0602,0.5416,-5.7876,-8.4459,8.3149,2.4344,-5.2191,-7.1510
91801366,-0.0097,-0.0089,-0.0473,0.3158,0.2057,-0.0419,0.0549,-0.0209,0.0169,0.1475,0.0685,0.5621,-6.8283,-8.3943,8.1494,2.3765,-5.2487,-7.1049
91806366,-0.0096,-0.0073,0.0513,0.3485,0.1474,-0.0198,0.0533,-0.0392,0.0178,0.1503,0.1932,0.5537,-7.4033,-6.0707,7.7135,2.3370,-5.2481,-7.0814
91811366,-0.0091,-0.0055,0.1341,0.3830,0.1553,-0.0011,0.0542,-0.0590,0.0193,0.1531,0.2872,0.5643,-7.8806,-5.0896,7.0864,2.2817,-5.2488,-7.0482
91816366,-0.0083,-0.0038,0.1729,0.3916,0.1969,0.0099,0.0532,-0.0707,0.0210,0.1558,0.3384,0.5411,-8.2750,-3.6954,6.3547,2.2418,-5.2486,-7.0366
91821366,-0.0073,-0.0018,0.2318,0.4004,0.1535,0.0264,0.0533,-0.0855,0.0230,0.1585,0.4052,0.5383,-8.5101,-3.0757,6.1886,2.1867,-5.2485,-7.0018
91826366,-0.0061,0.0002,0.2767,0.4004,0.1059,0.0402,0.0523,-0.0966,0.0252,0.1611,0.4458,0.5095,-8.4031,-2.2495,5.0810,2.1551,-5.2488,-7.0014
91831366,-0.0046,0.0021,0.3076,0.3632,0.1489,0.0504,0.0452,-0.1013,0.0275,0.1633,0.4601,0.4463,-7.9048,-1.8364,3.7519,2.1154,-5.2480,-7.0016
91836366,-0.0029,0.0037,0.3244,0.2889,0.2757,0.0595,0.0287,-0.0987,0.0299,0.1649,0.4874,0.3313,-7.8119,0.2424,3.0873,2.0857,-5.2107,-7.0013
91841366,-0.0012,0.0049,0.3323,0.2068,0.3472,0.0634,0.0134,-0.0901,0.0322,0.1660,0.4486,0.2140,-6.2799,0.2424,0.7262,2.0753,-5.2098,-7.0365
91846366,0.0005,0.0056,0.3326,0.1283,0.3172,0.0701,-0.0007,-0.0816,0.0344,0.1666,0.4410,0.1218,-6.2799,0.2424,-0.1937,2.0502,-5.2083,-7.0541
91851366,0.0022,0.0064,0.3338,0.1158,0.2693,0.0746,-0.0030,-0.0820,0.0364,0.1671,0.4022,0.0884,-4.6643,0.2424,-1.5983,2.0497,-5.2074,-7.0891
91856366,0.0039,0.0066,0.3005,0.0638,0.2161,0.0738,-0.0108,-0.0713,0.0381,0.1671,0.3417,0.0152,-3.8026,0.2424,-3.0326,2.0500,-5.2058,-7.1270
91861366,0.0054,0.0067,0.2819,-0.0046,0.2271,0.0734,-0.0225,-0.0596,0.0395,0.1668,0.2875,-0.0634,-2.0719,0.2424,-3.7143,2.0660,-5.2050,-7.1593
91866366,0.0066,0.0061,0.2162,-0.1295,0.1517,0.0645,-0.0401,-0.0302,0.0405,0.1658,0.1932,-0.2004,-0.8184,0.2424,-4.5280,2.0856,-5.2034,-7.1922
91871366,0.0078,0.0053,0.1949,-0.1949,0.0243,0.0638,-0.0524,-0.0124,0.0412,0.1644,0.1370,-0.2837,0.6091,0.2424,-5.7296,2.1113,-5.2025,-7.2466
91876366,0.0086,0.0040,0.2065,-0.2254,0.0509,0.0684,-0.0647,-0.0056,0.0419,0.1628,0.1377,-0.3167,1.1629,0.2424,-5.8957,2.1266,-5.2010,-7.2735
91881366,0.0097,0.0025,0.1878,-0.2660,0.2122,0.0649,-0.0791,0.0061,0.0423,0.1610,0.0887,-0.3717,2.4464,0.2424,-6.8619,2.1611,-5.2001,-7.3313
91886366,0.0109,0.0012,0.1839,-0.2715,0.3282,0.0661,-0.0869,0.0083,0.0427,0.1591,0.0702,-0.3692,2.9278,-0.3878,-6.9587,2.1822,-5.2134,-7.3610
91891366,0.0117,-0.0003,0.1164,-0.2627,0.2949,0.0554,-0.0847,0.0180,0.0426,0.1573,-0.0150,-0.3645,3.8212,-0.3878,-7.2346,2.2216,-5.2148,-7.4097
91896366,0.0121,-0.0016,0.0308,-0.2618,0.2213,0.0400,-0.0779,0.0295,0.0420,0.1556,-0.1202,-0.3295,4.6100,-1.8853,-6.4480,2.2542,-5.2530,-7.4221
91901365,0.0121,-0.0029,-0.0232,-0.2813,0.2824,0.0279,-0.0794,0.0407,0.0411,0.1540,-0.1886,-0.3280,4.8793,-3.1506,-6.3051,2.2873,-5.2869,-7.4582
91906366,0.0118,-0.0045,-0.0308,-0.3088,0.4064,0.0228,-0.0869,0.0484,0.0400,0.1524,-0.2054,-0.3172,5.2562,-4.5940,-5.1822,2.3157,-5.3400,-7.4587
91911366,0.0116,-0.0062,-0.0709,-0.2877,0.2057,0.0159,-0.0810,0.0572,0.0388,0.1510,-0.2566,-0.2835,5.4884,-5.4381,-5.1822,2.3527,-5.3747,-7.4898
91916366,0.0108,-0.0075,-0.1808,-0.2211,0.1303,-0.0072,-0.0600,0.0622,0.0369,0.1500,-0.3680,-0.1962,5.3776,-6.3330,-4.6838,2.3724,-5.4292,-7.5001
91921366,0.0097,-0.0084,-0.2529,-0.1451,0.1978,-0.0256,-0.0410,0.0590,0.0348,0.1495,-0.4296,-0.0936,4.9346,-7.0602,-3.6316,2.3899,-5.4679,-7.5009
91926366,0.0082,-0.0091,-0.3235,-0.0828,0.2906,-0.0457,-0.0221,0.0566,0.0323,0.1496,-0.4895,0.0074,4.9346,-7.7383,-1.7042,2.4133,-5.5289,-7.4816
91931366,0.0064,-0.0096,-0.3668,-0.0492,0.2561,-0.0588,-0.0094,0.0583,0.0298,0.1499,-0.5095,0.0657,4.0254,-8.1234,-0.4348,2.4229,-5.5658,-7.4598
91936366,0.0045,-0.0097,-0.3629,-0.0238,0.1508,-0.0640,-0.0002,0.0584,0.0273,0.1504,-0.4973,0.1036,3.2767,-8.8212,-0.2883,2.4226,-5.6346,-7.4585
91941366,0.0025,-0.0099,-0.3714,-0.0046,0.0689,-0.0704,0.0091,0.0588,0.0249,0.1512,-0.4780,0.1507,2.4210,-8.9890,1.4158,2.4227,-5.6700,-7.4218
91946366,0.0004,-0.0102,-0.3800,-0.0226,0.0940,-0.0800,0.0094,0.0670,0.0225,0.1518,-0.4788,0.1320,1.9931,-8.9480,1.4158,2.4230,-5.7267,-7.4151
91951366,-0.0016,-0.0103,-0.3842,0.0027,0.2021,-0.0863,0.0146,0.0639,0.0204,0.1527,-0.4275,0.1619,-0.5538,-8.4316,2.2433,2.3769,-5.7485,-7.3904
91956366,-0.0034,-0.0101,-0.3387,0.0715,0.2021,-0.0838,0.0256,0.0505,0.0185,0.1538,-0.3707,0.2339,-0.7199,-8.0533,2.8501,2.3707,-5.7939,-7.3651
91961366,-0.0045,-0.0093,-0.1872,0.2043,0.2488,-0.0566,0.0364,0.0107,0.0176,0.1557,-0.1806,0.3715,-2.2055,-7.4481,3.7703,2.3316,-5.8093,-7.3295
91966366,-0.0054,-0.0084,-0.1622,0.2279,0.3374,-0.0538,0.0398,0.0011,0.0170,0.1576,-0.1218,0.3875,-3.4441,-6.4745,4.2407,2.2952,-5.8361,-7.3019
91971366,-0.0056,-0.0072,-0.1084,0.2419,0.2803,-0.0417,0.0405,-0.0095,0.0168,0.1596,-0.0387,0.3922,-4.6837,-5.6956,4.3975,2.2477,-5.8422,-7.2757
91976366,-0.0061,-0.0060,-0.0623,0.2657,0.1590,-0.0319,0.0462,-0.0204,0.0169,0.1617,0.0251,0.4162,-5.3890,-5.3791,4.7297,2.2142,-5.8720,-7.2479
91981366,-0.0063,-0.0048,-0.0110,0.2663,0.0994,-0.0205,0.0450,-0.0283,0.0174,0.1637,0.0967,0.4035,-6.1183,-4.4822,4.7297,2.1654,-5.8719,-7.2231
91986366,-0.0061,-0.0036,0.0852,0.2706,0.1236,-0.0007,0.0381,-0.0421,0.0184,0.1656,0.2004,0.3831,-6.1737,-3.2688,4.2903,2.1398,-5.8721,-7.2098
91991366,-0.0053,-0.0023,0.1869,0.2834,0.2192,0.0213,0.0303,-0.0601,0.0200,0.1675,0.3105,0.3727,-6.8578,-2.6885,3.3139,2.0864,-5.8713,-7.2094
91996366,-0.0040,-0.0010,0.2483,0.3073,0.2173,0.0395,0.0267,-0.0746,0.0219,0.1692,0.3857,0.3522,-6.9042,-0.4410,2.5815,2.0578,-5.8369,-7.2100
92001366,-0.0024,0.0004,0.2618,0.3140,0.1330,0.0487,0.0292,-0.0830,0.0239,0.1710,0.3911,0.3488,-6.6888,-0.3436,1.9956,2.0217,-5.8363,-7.2097
92006366,-0.0009,0.0018,0.2746,0.2560,0.2977,0.0546,0.0176,-0.0837,0.0258,0.1724,0.3971,0.2828,-6.4634,-0.2463,1.5562,1.9995,-5.8363,-7.2100
92011366,0.0005,0.0028,0.3051,0.1680,0.4333,0.0625,-0.0010,-0.0782,0.0278,0.1733,0.4004,0.1832,-5.2239,-0.1976,0.8203,1.9903,-5.8362,-7.2176
92016366,0.0021,0.0035,0.3115,0.1142,0.4699,0.0685,-0.0129,-0.0737,0.0298,0.1738,0.3924,0.1033,-5.2239,-0.1489,-0.8861,1.9694,-5.8364,-7.2527
92021366,0.0040,0.0038,0.3399,0.0846,0.3792,0.0811,-0.0219,-0.0738,0.0318,0.1741,0.3984,0.0644,-4.2364,-0.1489,-1.5132,1.9598,-5.8369,-7.2703
92026366,0.0058,0.0039,0.3063,0.0391,0.2931,0.0809,-0.0287,-0.0635,0.0335,0.1741,0.3401,0.0004,-3.3714,-0.1002,-2.7076,1.9617,-5.8366,-7.3051
92031366,0.0072,0.0039,0.2483,-0.0110,0.3224,0.0711,-0.0337,-0.0498,0.0346,0.1738,0.2302,-0.0656,-0.8923,-0.1002,-3.7731,1.9989,-5.8370,-7.3447
92036366,0.0083,0.0037,0.1741,-0.0632,0.3236,0.0602,-0.0387,-0.0339,0.0354,0.1731,0.1449,-0.1333,-0.7233,-0.0516,-4.7661,1.9992,-5.8363,-7.3856
92041366,0.0093,0.0031,0.1655,-0.1179,0.1859,0.0621,-0.0487,-0.0205,0.0359,0.1721,0.1065,-0.1989,0.6462,-0.0516,-5.5002,2.0241,-5.8365,-7.4263
92046366,0.0100,0.0022,0.1747,-0.1567,0.0848,0.0661,-0.0589,-0.0104,0.0364,0.1709,0.0908,-0.2457,1.7772,-0.1002,-6.0861,2.0523,-5.8379,-7.4651
92051366,0.0107,0.0010,0.1469,-0.2077,0.3331,0.0586,-0.0733,0.0019,0.0366,0.1694,0.0395,-0.3041,2.8914,-0.1002,-6.5845,2.0875,-5.8383,-7.5078
92056366,0.0114,-0.0002,0.1081,-0.2065,0.4211,0.0525,-0.0750,0.0063,0.0365,0.1679,-0.0056,-0.2918,2.8914,-0.8388,-6.5845,2.0991,-5.8543,-7.5391
92061366,0.0118,-0.0013,0.0379,-0.1955,0.3716,0.0396,-0.0689,0.0151,0.0360,0.1666,-0.0988,-0.2706,3.7774,-1.6302,-6.6890,2.1384,-5.8752,-7.5762
92066366,0.0118,-0.0025,-0.0312,-0.1973,0.3111,0.0259,-0.0636,0.0257,0.0351,0.1654,-0.1833,-0.2462,4.0448,-3.1404,-6.4468,2.1589,-5.9183,-7.6024
92071366,0.0115,-0.0037,-0.0718,-0.2062,0.3863,0.0152,-0.0643,0.0343,0.0339,0.1642,-0.2329,-0.2373,4.5261,-3.7855,-5.8952,2.1954,-5.9433,-7.6247
92076365,0.0110,-0.0050,-0.0754,-0.2285,0.5032,0.0103,-0.0698,0.0401,0.0327,0.1630,-0.2439,-0.2231,4.6672,-5.2936,-4.9574,2.2166,-6.0024,-7.6311
92081366,0.0106,-0.0063,-0.1109,-0.2199,0.4284,0.0028,-0.0675,0.0483,0.0313,0.1620,-0.2807,-0.2121,4.6672,-5.4586,-4.9574,2.2446,-6.0250,-7.6571
92086366,0.0099,-0.0074,-0.1720,-0.1894,0.2338,-0.0089,-0.0552,0.0552,0.0296,0.1612,-0.3371,-0.1567,3.9911,-6.6966,-4.5379,2.2487,-6.0886,-7.6720
92091365,0.0089,-0.0081,-0.2477,-0.0962,0.1523,-0.0253,-0.0310,0.0505,0.0277,0.1610,-0.3958,-0.0433,3.3713,-7.0132,-3.4891,2.2575,-6.1193,-7.6721
92096366,0.0074,-0.0083,-0.3158,0.0046,0.3551,-0.0464,-0.0064,0.0392,0.0254,0.1614,-0.4585,0.0850,3.3713,-7.6221,-2.2476,2.2710,-6.1851,-7.6618
92101366,0.0055,-0.0081,-0.3824,0.1045,0.3148,-0.0648,0.0235,0.0292,0.0228,0.1625,-0.5067,0.2219,3.2023,-7.9614,-0.0961,2.2802,-6.2230,-7.6246
92106366,0.0036,-0.0077,-0.3888,0.1161,0.1819,-0.0694,0.0317,0.0308,0.0205,0.1637,-0.4765,0.2358,1.0049,-8.1164,-0.0961,2.2481,-6.2743,-7.6250
92111366,0.0017,-0.0073,-0.4065,0.1191,0.1312,-0.0790,0.0398,0.0342,0.0180,0.1649,-0.4858,0.2466,0.8359,-8.0613,0.4843,2.2482,-6.3056,-7.6132
92116366,-0.0002,-0.0068,-0.3940,0.1561,0.2250,-0.0830,0.0484,0.0259,0.0158,0.1664,-0.4394,0.2914,-0.1411,-7.3311,1.7436,2.2326,-6.3386,-7.5823
92121366,-0.0021,-0.0060,-0.3577,0.2004,0.3078,-0.0831,0.0570,0.0143,0.0139,0.1681,-0.3845,0.3356,-1.2225,-7.3311,1.7436,2.2082,-6.3679,-7.5727
92126366,-0.0036,-0.0049,-0.2657,0.2636,0.3404,-0.0689,0.0620,-0.0063,0.0126,0.1699,-0.2546,0.3728,-2.5596,-5.5901,1.7436,2.1698,-6.3721,-7.5649
92131366,-0.0046,-0.0034,-0.1753,0.3170,0.3771,-0.0540,0.0674,-0.0279,0.0119,0.1720,-0.1368,0.4183,-3.8886,-5.0626,1.7436,2.1285,-6.3722,-7.5553
92136366,-0.0054,-0.0019,-0.1188,0.3216,0.3875,-0.0439,0.0668,-0.0378,0.0117,0.1740,-0.0490,0.4024,-5.0761,-3.7436,1.6913,2.0778,-6.3720,-7.5485
92141366,-0.0055,-0.0003,-0.0107,0.3036,0.3221,-0.0216,0.0585,-0.0492,0.0121,0.1759,0.0743,0.3679,-5.8300,-3.0578,1.2732,2.0407,-6.3718,-7.5486
92146366,-0.0051,0.0009,0.1078,0.2511,0.2280,0.0052,0.0411,-0.0551,0.0131,0.1774,0.2109,0.2997,-6.6188,-2.2664,1.0119,1.9881,-6.3718,-7.5486
92151366,-0.0044,0.0020,0.1643,0.2514,0.0967,0.0216,0.0381,-0.0634,0.0145,0.1788,0.2831,0.2807,-7.0890,-1.1792,0.8029,1.9515,-6.3576,-7.5479
92156366,-0.0033,0.0032,0.2046,0.2798,0.0827,0.0350,0.0391,-0.0773,0.0162,0.1802,0.3349,0.2893,-7.2495,0.0000,0.6461,1.9054,-6.3361,-7.5478
92161366,-0.0019,0.0046,0.2370,0.2899,0.2253,0.0446,0.0353,-0.0885,0.0180,0.1815,0.3611,0.2560,-7.2495,1.1003,-1.1624,1.8764,-6.3128,-7.5857
92166366,-0.0006,0.0061,0.2477,0.2819,0.3233,0.0506,0.0330,-0.0960,0.0199,0.1826,0.3717,0.2268,-7.1387,1.9254,-1.7692,1.8357,-6.2855,-7.6035
92171366,0.0005,0.0072,0.2337,0.1927,0.3850,0.0492,0.0206,-0.0846,0.0215,0.1833,0.3276,0.1245,-5.8388,1.9254,-2.6518,1.8357,-6.2778,-7.6344
92176366,0.0018,0.0079,0.2489,0.1142,0.4819,0.0539,0.0035,-0.0758,0.0231,0.1833,0.3146,0.0103,-4.3068,3.0098,-3.9628,1.8359,-6.2398,-7.6759
92181366,0.0034,0.0083,0.2877,0.1206,0.5051,0.0656,-0.0015,-0.0834,0.0247,0.1833,0.3303,-0.0010,-3.5640,3.0098,-5.1542,1.8351,-6.2278,-7.7247
92186366,0.0048,0.0084,0.2767,0.0562,0.3792,0.0691,-0.0122,-0.0714,0.0262,0.1829,0.2954,-0.0763,-2.6355,2.9129,-5.9849,1.8352,-6.2117,-7.7682
92191366,0.0062,0.0083,0.2340,-0.0394,0.3804,0.0645,-0.0271,-0.0520,0.0274,0.1820,0.2312,-0.1850,-2.1248,2.6220,-7.1563,1.8359,-6.2068,-7.8271
92196365,0.0070,0.0077,0.1301,-0.1246,0.3490,0.0456,-0.0339,-0.0251,0.0278,0.1806,0.0919,-0.2821,-0.4619,2.6220,-7.9568,1.8597,-6.1910,-7.8876
92201366,0.0075,0.0069,0.1307,-0.1875,0.2106,0.0475,-0.0446,-0.0110,0.0282,0.1789,0.0644,-0.3310,0.2769,1.2645,-8.3763,1.8746,-6.2048,-7.9283
92206366,0.0080,0.0055,0.1182,-0.2312,0.2012,0.0446,-0.0550,0.0027,0.0283,0.1771,0.0182,-0.3757,1.6674,0.7313,-8.9819,1.9062,-6.2120,-7.9924
92211366,0.0086,0.0041,0.0974,-0.2520,0.3557,0.0399,-0.0642,0.0107,0.0282,0.1751,-0.0180,-0.3969,2.3627,0.5373,-9.2034,1.9290,-6.2121,-8.0336
92216366,0.0092,0.0028,0.0730,-0.2349,0.5008,0.0338,-0.0646,0.0116,0.0278,0.1732,-0.0668,-0.3657,3.3501,-0.3615,-9.1588,1.9662,-6.2284,-8.0881
92221366,0.0094,0.0015,-0.0015,-0.2205,0.5185,0.0194,-0.0587,0.0193,0.0271,0.1716,-0.1497,-0.3367,3.3501,-1.3426,-9.1588,1.9796,-6.2549,-8.1248
92226366,0.0090,0.0005,-0.1093,-0.1753,0.4214,-0.0026,-0.0403,0.0268,0.0257,0.1702,-0.2729,-0.2685,3.9699,-2.3878,-8.6623,2.0151,-6.2823,-8.1671
92231366,0.0082,-0.0005,-0.1814,-0.1552,0.4113,-0.0196,-0.0292,0.0330,0.0240,0.1692,-0.3446,-0.2083,3.9699,-3.7105,-7.2989,2.0309,-6.3266,-8.1722
92236366,0.0072,-0.0014,-0.1970,-0.1429,0.4825,-0.0270,-0.0273,0.0358,0.0222,0.1683,-0.3534,-0.1840,3.6468,-4.0512,-6.8270,2.0481,-6.3494,-8.2041
92241366,0.0060,-0.0021,-0.2547,-0.0748,0.3242,-0.0401,-0.0068,0.0344,0.0202,0.1678,-0.3971,-0.0889,3.0005,-4.7898,-5.7529,2.0485,-6.3921,-8.2082
92246366,0.0047,-0.0022,-0.2935,0.0092,0.1834,-0.0494,0.0161,0.0263,0.0182,0.1679,-0.4156,0.0260,2.2466,-5.4051,-4.2882,2.0491,-6.4243,-8.2089
92251366,0.0030,-0.0019,-0.3439,0.1185,0.1819,-0.0646,0.0442,0.0135,0.0159,0.1687,-0.4543,0.1513,1.8157,-5.6960,-3.5070,2.0485,-6.4627,-8.2088
92256366,0.0012,-0.0012,-0.3644,0.1814,0.2781,-0.0760,0.0617,0.0036,0.0136,0.1698,-0.4585,0.2280,1.3310,-5.6960,-2.5794,2.0483,-6.4855,-8.2084
92261366,-0.0008,-0.0003,-0.3711,0.2092,0.2919,-0.0847,0.0735,-0.0000,0.0113,0.1711,-0.4533,0.2545,1.1156,-5.1796,-2.1400,2.0489,-6.5079,-8.2090
92266366,-0.0027,0.0007,-0.3369,0.2217,0.2415,-0.0812,0.0789,-0.0069,0.0095,0.1725,-0.3716,0.2757,-1.3522,-5.1796,-1.5541,1.9981,-6.5286,-8.2083
92271366,-0.0043,0.0018,-0.2926,0.2282,0.2238,-0.0773,0.0818,-0.0131,0.0079,0.1739,-0.3049,0.2757,-2.1516,-4.4645,-1.2611,1.9759,-6.5443,-8.2081
92276366,-0.0056,0.0029,-0.2217,0.2346,0.2729,-0.0663,0.0795,-0.0237,0.0070,0.1752,-0.1938,0.2741,-3.9330,-3.6393,-0.9682,1.9227,-6.5439,-8.2089
92281366,-0.0066,0.0040,-0.1772,0.2657,0.3991,-0.0620,0.0834,-0.0367,0.0063,0.1767,-0.1296,0.2934,-4.4868,-2.6524,-0.7729,1.8955,-6.5431,-8.2085
92286366,-0.0070,0.0055,-0.0629,0.3323,0.2739,-0.0370,0.0878,-0.0613,0.0065,0.1784,0.0264,0.3368,-6.0423,-1.0000,-0.6753,1.8326,-6.5174,-8.2107
92291366,-0.0070,0.0069,0.0192,0.3363,0.1721,-0.0184,0.0852,-0.0734,0.0071,0.1800,0.1283,0.3259,-6.6885,0.0000,-0.6753,1.7946,-6.4980,-8.2134
92296366,-0.0067,0.0085,0.1109,0.3097,0.2283,0.0018,0.0737,-0.0843,0.0083,0.1814,0.2428,0.2799,-7.3646,1.3090,-0.6753,1.7397,-6.4697,-8.2174
92301366,-0.0059,0.0098,0.1885,0.2724,0.2225,0.0208,0.0609,-0.0902,0.0100,0.1825,0.3336,0.2143,-7.7408,2.6551,-1.2291,1.7022,-6.4320,-8.2315
92306366,-0.0048,0.0108,0.2599,0.2309,0.1605,0.0397,0.0481,-0.0939,0.0120,0.1833,0.4022,0.1546,-7.7943,3.0466,-2.0598,1.6546,-6.4122,-8.2596
92311366,-0.0032,0.0117,0.2770,0.2123,0.1789,0.0489,0.0406,-0.0964,0.0141,0.1838,0.4188,0.0992,-7.7389,4.3128,-3.2618,1.6245,-6.3649,-8.2936
92316366,-0.0015,0.0126,0.2917,0.2037,0.2543,0.0561,0.0353,-0.1011,0.0162,0.1841,0.4159,0.0615,-7.0190,4.9943,-4.5392,1.5960,-6.3330,-8.3425
