Time_us,Roll,Pitch,GyroX,GyroY,GyroZ,T1,T2,T3,PhiX,PhiY,PhiDX,PhiDY,motor_vel_1,motor_vel_2,motor_vel_3,motor_pos_1,motor_pos_2,motor_pos_3
98141690,-0.0054,0.0598,0.0058,-0.0250,-0.0160,-0.0500,0.0500,-0.0500,0.0000,-0.0002,0.0058,-0.0250,0.0000,0.0000,0.0000,29.9626,-11.1703,-35.9094
98143377,-0.0054,0.0595,0.0058,-0.0250,-0.0160,-0.0500,0.0500,-0.0500,0.0000,-0.0002,0.0058,-0.0250,0.0000,0.0000,0.0000,29.9626,-11.1703,-35.9094
98148364,-0.0054,0.0591,0.0061,-0.0250,-0.0215,-0.0500,0.0500,-0.0500,0.0001,-0.0003,0.0061,-0.0250,0.0000,0.0000,0.0000,29.9626,-11.1703,-35.9094
98153364,-0.0053,0.0588,0.0067,-0.0174,-0.0236,0.0200,0.0500,-0.0500,0.0001,-0.0004,0.0067,-0.0174,0.0000,0.0000,0.0000,29.9626,-11.1703,-35.9094
98158364,-0.0053,0.0584,0.0034,-0.0134,-0.0249,0.0200,-0.0200,0.0200,0.0001,-0.0005,0.0034,-0.0134,-0.1108,0.4748,0.0000,29.9604,-11.1606,-35.9094
98163365,-0.0052,0.0581,0.0095,-0.0082,-0.0325,-0.0154,-0.0200,0.0200,0.0004,-0.0005,0.0468,-0.0083,-2.2150,2.1630,-0.0488,29.9102,-11.1173,-35.9105
98168364,-0.0053,0.0580,0.0171,-0.0024,-0.0456,-0.0121,0.2000,-0.1920,0.0007,-0.0007,0.0733,-0.0354,-2.2150,2.1630,-0.0488,29.9013,-11.1086,-35.9107
98173364,-0.0054,0.0579,0.0159,0.0021,-0.0670,-0.0119,0.2000,-0.1916,0.0011,-0.0009,0.0773,-0.0395,-2.2150,2.7472,-0.0488,29.8880,-11.0826,-35.9110
98178364,-0.0051,0.0577,0.0116,0.0079,-0.0640,-0.0128,0.2000,-0.1908,0.0014,-0.0012,0.0617,-0.0528,-2.2150,2.7472,-1.3226,29.8792,-11.0716,-35.9384
98183364,-0.0050,0.0579,0.0250,0.0034,-0.0108,-0.0105,0.2000,-0.1919,0.0018,-0.0015,0.0657,-0.0664,-1.9829,2.7472,-1.9317,29.8713,-11.0552,-35.9617
98188364,-0.0049,0.0580,0.0272,-0.0012,0.0411,-0.0103,0.2000,-0.1922,0.0021,-0.0019,0.0693,-0.0735,-1.9829,2.9122,-1.9317,29.8633,-11.0407,-35.9694
98193366,-0.0048,0.0581,0.0263,-0.0113,0.0332,-0.0107,0.1983,-0.1889,0.0024,-0.0024,0.0600,-0.0976,-1.9829,2.9122,-2.8724,29.8514,-11.0232,-36.0018
98198365,-0.0046,0.0579,0.0275,-0.0544,-0.0139,-0.0087,0.1872,-0.1780,0.0027,-0.0031,0.0638,-0.1580,-1.9829,3.6352,-3.3083,29.8435,-10.9960,-36.0222
98203365,-0.0045,0.0576,0.0082,-0.0916,-0.0420,-0.0134,0.1786,-0.1636,0.0029,-0.0043,0.0324,-0.2295,-1.6059,4.4593,-4.7856,29.8399,-10.9559,-36.0752
98208364,-0.0044,0.0569,-0.0095,-0.1607,-0.0539,-0.0172,0.1618,-0.1425,0.0030,-0.0059,0.0186,-0.3223,-1.5520,5.5221,-5.3127,29.8348,-10.9144,-36.1054
98213364,-0.0045,0.0558,-0.0238,-0.2505,-0.0377,-0.0213,0.1362,-0.1135,0.0030,-0.0083,0.0046,-0.4707,-1.5520,7.5062,-7.2602,29.8255,-10.8361,-36.1822
98218365,-0.0046,0.0535,-0.0229,-0.4914,-0.0377,-0.0214,0.0735,-0.0507,0.0030,-0.0120,0.0062,-0.7448,-1.5520,8.6513,-8.3366,29.8193,-10.7809,-36.2349
98223366,-0.0046,0.0506,-0.0165,-0.6041,-0.0246,-0.0201,0.0339,-0.0129,0.0031,-0.0166,0.0149,-0.9200,-1.5520,10.8728,-10.3049,29.8099,-10.6780,-36.3301
98228364,-0.0046,0.0473,-0.0119,-0.6888,0.0216,-0.0192,0.0006,0.0500,0.0032,-0.0218,0.0224,-1.0356,-1.5520,12.0794,-11.1819,29.8037,-10.6083,-36.3901
98233366,-0.0045,0.0436,-0.0104,-0.7483,0.0246,-0.0089,-0.0500,0.0500,0.0040,-0.0265,0.1488,-0.9538,-2.1718,13.8036,-12.4429,29.7791,-10.4963,-36.4865
98238364,-0.0046,0.0398,0.0021,-0.7822,0.0014,-0.0152,-0.0500,0.0500,0.0042,-0.0304,0.0390,-0.7823,-2.1718,14.7434,-13.0917,29.7704,-10.4209,-36.5508
98243366,-0.0047,0.0358,0.0067,-0.8121,0.0045,-0.0145,-0.0500,0.0500,0.0044,-0.0345,0.0436,-0.8122,-2.1718,15.4088,-13.5276,29.7574,-10.3171,-36.6398
98248365,-0.0046,0.0317,0.0266,-0.8470,0.0292,-0.0090,-0.0500,-0.0200,0.0047,-0.0387,0.0691,-0.8470,-2.5010,15.7322,-13.5764,29.7410,-10.2483,-36.6950
98253364,-0.0046,0.0273,0.0290,-0.8919,0.0564,-0.0086,0.0200,-0.0200,0.0051,-0.0432,0.0716,-0.8919,-2.5010,15.1467,-12.6139,29.7260,-10.1664,-36.7549
98258365,-0.0043,0.0227,0.0360,-0.9386,0.0613,-0.0136,0.0200,0.1426,0.0050,-0.0488,-0.0248,-1.1156,-2.5010,14.6096,-11.8453,29.7160,-10.1174,-36.7881
98263364,-0.0040,0.0178,0.0733,-0.9499,0.0240,0.0500,-0.1718,0.1646,0.0056,-0.0553,0.1267,-1.2982,-1.9127,12.8650,-10.4904,29.7143,-10.0692,-36.8274
98268364,-0.0035,0.0129,0.1069,-0.9148,0.0210,0.0500,-0.1829,0.1679,0.0062,-0.0614,0.1281,-1.2343,-1.9127,11.9361,-9.4975,29.7067,-10.0374,-36.8467
98273364,-0.0029,0.0084,0.1255,-0.8534,-0.0053,0.0500,-0.1859,0.1644,0.0070,-0.0671,0.1470,-1.1345,-1.9127,10.6665,-8.1865,29.6952,-9.9945,-36.8755
98278364,-0.0021,0.0042,0.1518,-0.7947,0.0057,0.0500,-0.1918,0.1601,0.0078,-0.0724,0.1755,-1.0580,-1.9127,10.2017,-7.4524,29.6875,-9.9627,-36.8913
98283364,-0.0012,0.0003,0.1741,-0.7275,0.0515,-0.0200,-0.1930,0.1512,0.0088,-0.0771,0.1949,-0.9495,-1.9127,8.6504,-6.2318,29.6761,-9.9386,-36.9095
98288364,-0.0003,-0.0034,0.1701,-0.6778,0.0298,-0.0200,-0.1940,0.1501,0.0098,-0.0815,0.1933,-0.8704,-1.9127,7.8114,-5.1089,29.6684,-9.9216,-36.9098
98293366,0.0005,-0.0069,0.1527,-0.6637,0.0081,0.0417,-0.1986,0.1565,0.0106,-0.0855,0.1710,-0.7984,0.1604,5.7419,-3.2898,29.7036,-9.9225,-36.8995
98298365,0.0012,-0.0105,0.1319,-0.6542,0.0735,0.0384,-0.2000,0.1645,0.0114,-0.0892,0.1475,-0.7489,0.6418,4.7351,-1.6118,29.7155,-9.9217,-36.8758
98303366,0.0022,-0.0138,0.1405,-0.6393,0.1660,0.0427,-0.2000,0.1647,0.0121,-0.0926,0.1510,-0.6731,0.6418,2.4006,0.1371,29.7193,-9.9468,-36.8467
98308365,0.0029,-0.0164,0.1411,-0.4838,-0.0160,0.0479,-0.1846,0.1373,0.0129,-0.0949,0.1498,-0.4619,0.6418,0.4278,1.8983,29.7219,-9.9807,-36.8074
98313364,0.0034,-0.0185,0.0892,-0.3650,-0.0719,0.0366,-0.1543,0.1204,0.0133,-0.0962,0.0870,-0.2672,0.9709,-2.4199,4.1397,29.7325,-10.0426,-36.7438
98318365,0.0039,-0.0199,0.0855,-0.2199,-0.0154,0.0360,-0.1245,0.0891,0.0137,-0.0966,0.0691,-0.0675,1.6762,-4.3655,5.8594,29.7526,-10.0947,-36.6895
98323366,0.0044,-0.0208,0.0846,-0.1368,0.0454,0.0367,-0.1061,0.0677,0.0140,-0.0961,0.0635,0.0917,1.6762,-7.1940,8.1342,29.7626,-10.1855,-36.6015
98328364,0.0045,-0.0212,0.0571,-0.0800,0.0634,0.0287,-0.0879,0.0568,0.0141,-0.0951,0.0167,0.2001,2.7468,-8.9701,9.8209,29.7932,-10.2533,-36.5319
98333364,0.0048,-0.0216,0.0186,-0.0608,0.0222,0.0203,-0.0757,0.0546,0.0139,-0.0937,-0.0278,0.2880,2.7468,-11.6239,11.7739,29.8096,-10.3680,-36.4280
98338365,0.0051,-0.0219,0.0049,-0.0287,-0.0337,0.0183,-0.0654,0.0484,0.0137,-0.0919,-0.0442,0.3553,2.7468,-12.9562,12.7973,29.8206,-10.4435,-36.3579
98343365,0.0051,-0.0220,-0.0330,0.0345,0.0234,0.0070,-0.0439,0.0359,0.0132,-0.0896,-0.0941,0.4696,3.3930,-14.7214,14.4595,29.8530,-10.5620,-36.2426
98348365,0.0048,-0.0217,-0.0739,0.1081,0.0429,-0.0500,-0.0196,0.0228,0.0125,-0.0867,-0.1361,0.5686,3.3930,-15.6344,15.2509,29.8666,-10.6415,-36.1676
98353366,0.0042,-0.0211,-0.1032,0.1686,-0.0261,-0.0500,0.0014,0.0090,0.0120,-0.0834,-0.1099,0.6605,3.1609,-16.8839,16.0990,29.8816,-10.7648,-36.0563
98358364,0.0038,-0.0198,-0.1045,0.2327,-0.0081,-0.0500,0.0500,-0.0500,0.0114,-0.0797,-0.1126,0.7406,3.1609,-17.5061,16.5502,29.8943,-10.8459,-35.9817
98363364,0.0032,-0.0187,-0.0935,0.2434,0.0323,-0.0500,0.0500,-0.0500,0.0110,-0.0785,-0.0934,0.2434,3.1609,-17.8247,16.8140,29.9132,-10.9584,-35.8762
98368364,0.0026,-0.0175,-0.0916,0.2779,0.0484,0.0200,0.0500,-0.0500,0.0105,-0.0771,-0.0916,0.2779,2.5518,-17.8732,16.5934,29.9125,-11.0308,-35.8136
98373364,0.0023,-0.0160,-0.0470,0.3589,0.0399,0.0200,0.0500,-0.0500,0.0103,-0.0753,-0.0470,0.3589,1.8873,-17.2578,15.8809,29.9126,-11.1242,-35.7298
98378365,0.0022,-0.0141,-0.0293,0.4221,0.0405,-0.0013,-0.0200,0.0200,0.0100,-0.0732,-0.0562,0.4221,1.5550,-16.4506,14.8286,29.9128,-11.1753,-35.6885
98383366,0.0022,-0.0120,-0.0223,0.4743,0.0188,0.0500,-0.0200,0.0200,0.0099,-0.0708,-0.0135,0.4743,-0.5107,-14.6084,13.5592,29.8756,-11.2319,-35.6280
98388365,0.0022,-0.0095,-0.0318,0.4945,-0.0145,0.0500,0.0999,-0.0996,0.0097,-0.0665,-0.0437,0.8728,-0.5571,-13.3786,11.9861,29.8724,-11.2638,-35.6081
98393365,0.0023,-0.0069,-0.0345,0.5055,-0.0569,0.0500,0.1084,-0.1067,0.0095,-0.0623,-0.0436,0.8317,-0.5571,-11.4656,10.4054,29.8691,-11.3002,-35.5714
98398364,0.0020,-0.0045,-0.0257,0.5095,-0.1027,0.0500,0.1142,-0.1124,0.0093,-0.0584,-0.0348,0.7830,-0.5571,-9.7052,8.6401,29.8669,-11.3074,-35.5685
98403364,0.0018,-0.0020,-0.0070,0.5357,-0.0621,-0.0200,0.1241,-0.1275,0.0092,-0.0545,-0.0132,0.7795,0.0000,-8.5306,7.8126,29.8757,-11.3403,-35.5373
98408365,0.0020,0.0005,0.0266,0.5541,-0.0343,-0.0200,0.1288,-0.1424,0.0094,-0.0507,0.0217,0.7536,0.0000,-6.9728,6.4081,29.8757,-11.3403,-35.5369
98413364,0.0022,0.0034,0.0254,0.5592,-0.0056,0.0151,0.1360,-0.1508,0.0095,-0.0472,0.0231,0.7052,0.0000,-5.0256,4.7614,29.8757,-11.3368,-35.5364
98418365,0.0024,0.0062,0.0232,0.5189,-0.0239,0.0133,0.1361,-0.1485,0.0094,-0.0440,-0.0081,0.6381,1.7166,-4.1007,3.8896,29.9133,-11.3365,-35.5366
98423365,0.0025,0.0085,0.0116,0.4279,-0.0496,0.0104,0.1218,-0.1304,0.0093,-0.0416,-0.0276,0.4819,1.7166,-2.3739,1.2484,29.9236,-11.3226,-35.5738
98428364,0.0026,0.0106,0.0229,0.3937,0.0048,0.0138,0.1164,-0.1304,0.0093,-0.0396,-0.0085,0.4087,1.7166,-0.6135,0.3930,29.9305,-11.2934,-35.5872
98433365,0.0026,0.0126,0.0336,0.3980,0.0439,0.0152,0.1181,-0.1350,0.0092,-0.0379,-0.0100,0.3401,2.1445,1.5491,-2.3326,29.9495,-11.2482,-35.6469
98438364,0.0027,0.0143,0.0250,0.3170,-0.0026,0.0131,0.1055,-0.1186,0.0091,-0.0368,-0.0292,0.2161,2.7328,2.9550,-3.8111,29.9718,-11.2109,-35.6884
98443365,0.0029,0.0157,0.0183,0.2593,0.0225,0.0114,0.0952,-0.1075,0.0089,-0.0362,-0.0381,0.1114,2.7328,4.4029,-5.5116,29.9881,-11.1591,-35.7497
98448365,0.0029,0.0159,-0.0015,-0.0027,0.0796,0.0061,0.0379,-0.0471,0.0086,-0.0371,-0.0551,-0.1847,2.6858,5.6609,-6.5354,29.9981,-11.1133,-35.7943
98453365,0.0030,0.0153,0.0140,-0.1463,-0.0398,0.0123,0.0006,-0.0114,0.0084,-0.0390,-0.0351,-0.3755,2.4507,7.2714,-8.0997,30.0084,-11.0425,-35.8697
98458365,0.0030,0.0139,0.0046,-0.2929,-0.0945,0.0107,-0.0500,0.0500,0.0082,-0.0417,-0.0452,-0.5447,2.4507,7.9943,-8.8881,30.0182,-10.9983,-35.9196
98463365,0.0032,0.0122,0.0137,-0.3839,-0.0414,0.0136,-0.0500,0.0500,0.0080,-0.0437,-0.0283,-0.3840,2.4507,8.4791,-10.0753,30.0329,-10.9391,-36.0000
98468364,0.0034,0.0101,0.0140,-0.4322,0.0542,0.0131,-0.0500,0.0500,0.0079,-0.0458,-0.0290,-0.4322,2.5070,8.8706,-10.4627,30.0439,-10.8961,-36.0487
98473365,0.0036,0.0077,0.0049,-0.4432,0.0457,0.0117,-0.0500,0.0500,0.0077,-0.0480,-0.0382,-0.4432,2.5070,8.9761,-10.7937,30.0590,-10.8404,-36.1195
98478365,0.0037,0.0052,-0.0055,-0.4673,-0.0624,0.0111,0.0200,-0.0200,0.0075,-0.0504,-0.0486,-0.4674,2.5070,7.7591,-10.6889,30.0690,-10.8313,-36.1603
98483365,0.0036,0.0028,-0.0125,-0.4945,-0.0954,0.0093,0.0200,-0.0200,0.0072,-0.0529,-0.0556,-0.4945,2.5070,7.2640,-9.7379,30.0840,-10.7949,-36.2031
98488364,0.0036,0.0001,-0.0134,-0.4963,-0.0056,0.0061,-0.1255,0.1196,0.0068,-0.0564,-0.0775,-0.7178,2.2377,5.9437,-8.9072,30.0884,-10.7949,-36.2230
98493365,0.0036,-0.0027,-0.0241,-0.5043,0.0060,0.0033,-0.1329,0.1293,0.0064,-0.0599,-0.0878,-0.6841,2.1300,4.4583,-7.6007,30.0991,-10.7937,-36.2483
98498365,0.0033,-0.0051,-0.0675,-0.4209,-0.0572,-0.0500,-0.1157,0.1252,0.0057,-0.0628,-0.1249,-0.5898,2.1300,4.4583,-6.8690,30.1076,-10.7759,-36.2619
98503364,0.0029,-0.0071,-0.0754,-0.3632,-0.0496,-0.0500,-0.1095,0.1190,0.0053,-0.0654,-0.0890,-0.5198,2.1300,4.4583,-6.0457,30.1204,-10.7491,-36.2857
98508365,0.0025,-0.0090,-0.0883,-0.3216,0.0396,-0.0500,-0.1041,0.1167,0.0048,-0.0677,-0.1048,-0.4587,1.9443,3.6322,-5.5614,30.1250,-10.7495,-36.2986
98513364,0.0022,-0.0106,-0.0935,-0.2841,0.0793,-0.0500,-0.0994,0.1140,0.0042,-0.0697,-0.1155,-0.4031,1.4337,2.7027,-5.2855,30.1248,-10.7492,-36.3263
98518364,0.0020,-0.0120,-0.0773,-0.2440,-0.0075,0.0200,-0.0933,0.1067,0.0037,-0.0713,-0.0997,-0.3214,1.1551,1.2825,-3.9105,30.1244,-10.7691,-36.3175
98523364,0.0016,-0.0134,-0.0489,-0.2346,-0.1131,0.0200,-0.0941,0.1039,0.0034,-0.0726,-0.0629,-0.2574,-0.4847,-0.0550,-1.5858,30.0953,-10.7948,-36.2877
98528364,0.0013,-0.0147,-0.0535,-0.2101,-0.1415,-0.0065,-0.0895,0.1014,0.0031,-0.0736,-0.0532,-0.1918,-0.8078,-1.4181,-0.1900,30.0857,-10.8246,-36.2638
98533366,0.0011,-0.0159,-0.0528,-0.1943,-0.1223,-0.0078,-0.0870,0.0996,0.0028,-0.0742,-0.0576,-0.1310,-0.8078,-3.2197,1.0210,30.0809,-10.8745,-36.2364
98538365,0.0009,-0.0167,-0.0367,-0.1118,-0.1186,-0.0039,-0.0719,0.0803,0.0027,-0.0743,-0.0348,-0.0171,-0.8078,-3.8909,2.4609,30.0776,-10.9013,-36.2002
98543365,0.0009,-0.0167,-0.0015,0.0580,-0.1614,0.0500,-0.0361,0.0346,0.0028,-0.0733,0.0297,0.2085,-2.3291,-5.5802,4.5060,30.0399,-10.9634,-36.1385
98548365,0.0009,-0.0163,0.0162,0.1200,-0.0945,0.0500,-0.0214,0.0171,0.0028,-0.0718,0.0040,0.2898,-2.3854,-6.4064,4.9780,30.0292,-11.0037,-36.1094
98553364,0.0011,-0.0157,0.0599,0.1530,0.0286,0.0500,-0.0172,-0.0500,0.0031,-0.0700,0.0532,0.3600,-2.3854,-7.3289,6.5521,30.0149,-11.0632,-36.0431
98558364,0.0014,-0.0150,0.0898,0.1839,0.0338,0.0500,-0.0161,-0.0500,0.0032,-0.0685,0.0224,0.3019,-2.3854,-7.9131,7.1640,30.0054,-11.1060,-36.0038
98563365,0.0019,-0.0140,0.0898,0.2370,-0.0658,-0.0200,-0.0003,-0.0500,0.0033,-0.0667,0.0173,0.3640,-2.0092,-8.5061,7.4315,29.9993,-11.1674,-35.9545
98568365,0.0024,-0.0129,0.0825,0.2831,-0.1263,-0.0200,0.0500,-0.0500,0.0033,-0.0646,0.0089,0.4118,-1.6331,-8.6180,7.4869,29.9995,-11.2041,-35.9235
98573364,0.0028,-0.0114,0.0852,0.3522,-0.0682,0.0345,0.0500,0.0200,0.0038,-0.0629,0.0951,0.3522,-0.5715,-8.2534,6.0222,30.0128,-11.2486,-35.9110
98578365,0.0033,-0.0097,0.1109,0.3949,0.0295,0.0398,0.0500,0.0200,0.0043,-0.0609,0.0972,0.3949,0.7888,-7.9436,4.9481,30.0408,-11.2743,-35.9106
98583365,0.0036,-0.0076,0.0828,0.4285,0.0356,0.0361,0.0500,-0.0891,0.0048,-0.0585,0.1002,0.4826,0.7888,-6.6233,3.6298,30.0456,-11.2933,-35.9113
98588364,0.0039,-0.0056,0.0238,0.4160,-0.1266,0.0243,-0.0200,-0.0839,0.0050,-0.0562,0.0359,0.4606,0.7888,-5.4130,2.9951,30.0487,-11.2932,-35.9107
98593365,0.0040,-0.0035,-0.0211,0.4044,-0.0270,0.0117,-0.0200,-0.0833,0.0049,-0.0540,-0.0157,0.4373,0.7888,-4.0377,2.2140,30.0535,-11.2940,-35.9108
98598365,0.0037,-0.0016,-0.0403,0.3671,0.0610,0.0021,0.0771,-0.0816,0.0046,-0.0518,-0.0663,0.4431,0.7888,-3.2675,1.8234,30.0566,-11.2932,-35.9106
98603365,0.0034,0.0000,-0.0428,0.3045,0.0597,0.0005,0.0687,-0.0715,0.0042,-0.0500,-0.0659,0.3609,0.7888,-2.4423,1.3351,30.0613,-11.2938,-35.9109
98608365,0.0033,0.0014,-0.0290,0.2569,0.0454,0.0037,0.0613,-0.0667,0.0040,-0.0485,-0.0504,0.3030,0.7888,-2.0022,1.0910,30.0645,-11.2939,-35.9109
98613365,0.0033,0.0026,-0.0027,0.1985,0.0457,0.0095,0.0472,-0.0584,0.0038,-0.0474,-0.0355,0.2087,0.7888,-1.4521,-0.7753,30.0692,-11.2933,-35.9457
98618364,0.0035,0.0035,0.0092,0.1640,0.0188,0.0135,0.0409,-0.0551,0.0037,-0.0466,-0.0246,0.1659,0.7888,-1.2320,-1.1076,30.0724,-11.2942,-35.9566
98623364,0.0036,0.0040,-0.0241,0.1124,-0.0792,0.0062,0.0354,-0.0386,0.0034,-0.0461,-0.0654,0.0915,0.7888,-0.9019,-2.3096,30.0771,-11.2939,-35.9890
98628364,0.0035,0.0044,-0.0348,0.0648,-0.1739,0.0044,0.0287,-0.0264,0.0030,-0.0460,-0.0783,0.0351,0.7888,-0.7369,-2.7277,30.0803,-11.2938,-36.0080
98633365,0.0033,0.0043,-0.0538,-0.0614,-0.1244,-0.0012,-0.0005,0.0500,0.0025,-0.0466,-0.0881,-0.1357,0.7888,1.2909,-3.6963,30.0850,-11.2531,-36.0479
98638365,0.0032,0.0037,-0.0376,-0.1509,-0.0560,0.0039,-0.0500,0.0500,0.0023,-0.0475,-0.0382,-0.1733,0.7888,1.4975,-4.4687,30.0882,-11.2430,-36.0792
98643365,0.0030,0.0026,-0.0235,-0.2459,-0.0362,0.0058,-0.0500,0.0500,0.0022,-0.0487,-0.0343,-0.2459,0.6272,1.4975,-4.4687,30.0892,-11.2340,-36.1060
98648364,0.0030,0.0011,-0.0180,-0.3207,-0.0194,0.0070,-0.0500,0.0500,0.0020,-0.0503,-0.0270,-0.3207,0.5195,1.4975,-4.4687,30.0892,-11.2280,-36.1239
98653365,0.0031,-0.0007,-0.0144,-0.3586,-0.0212,0.0086,-0.0500,-0.0200,0.0019,-0.0521,-0.0205,-0.3586,0.3580,1.4975,-3.5772,30.0885,-11.2190,-36.1294
98658364,0.0031,-0.0028,-0.0162,-0.3778,-0.0337,0.0085,0.0200,-0.0200,0.0018,-0.0540,-0.0214,-0.3778,0.3041,1.4975,-3.5772,30.0888,-11.2131,-36.1437
98663365,0.0030,-0.0048,-0.0260,-0.3577,-0.0270,0.0043,0.0200,0.0949,0.0016,-0.0559,-0.0452,-0.3852,0.1964,0.0643,-1.8468,30.0882,-11.2353,-36.1271
98668365,0.0029,-0.0066,-0.0211,-0.3033,-0.0133,0.0048,-0.0919,0.0876,0.0014,-0.0575,-0.0416,-0.3145,0.1964,-0.6196,-1.3748,30.0890,-11.2506,-36.1238
98673364,0.0028,-0.0081,-0.0101,-0.2404,0.0133,0.0073,-0.0847,0.0768,0.0012,-0.0587,-0.0265,-0.2461,0.1426,-0.6196,-1.0078,30.0888,-11.2543,-36.1236
98678364,0.0028,-0.0092,-0.0082,-0.1820,0.0631,0.0074,-0.0769,0.0671,0.0011,-0.0597,-0.0224,-0.1855,0.0887,-0.6196,-0.8505,30.0883,-11.2568,-36.1242
98683364,0.0028,-0.0101,0.0027,-0.1179,0.0020,0.0098,-0.0640,0.0541,0.0010,-0.0601,-0.0232,-0.0944,0.0887,-2.2150,-0.6407,30.0888,-11.2980,-36.1243
98688364,0.0028,-0.0108,0.0119,-0.0977,-0.1211,0.0141,-0.0619,0.0524,0.0010,-0.0605,-0.0127,-0.0719,0.0887,-2.2150,-0.4834,30.0891,-11.3069,-36.1234
98693364,0.0029,-0.0114,-0.0049,-0.0702,-0.1727,0.0111,-0.0537,0.0492,0.0008,-0.0606,-0.0231,-0.0171,0.0000,-2.8479,0.7171,30.0882,-11.3333,-36.1004
98698364,0.0029,-0.0117,-0.0095,-0.0064,-0.0881,0.0094,-0.0404,0.0344,0.0007,-0.0603,-0.0200,0.0646,0.0000,-2.9939,1.7653,30.0882,-11.3482,-36.0737
98703364,0.0028,-0.0116,-0.0076,0.0715,0.0332,0.0081,-0.0239,0.0145,0.0006,-0.0595,-0.0202,0.1562,0.0000,-3.5742,2.1043,30.0882,-11.3792,-36.0562
98708365,0.0028,-0.0112,-0.0189,0.1402,0.0445,0.0055,-0.0055,-0.0017,0.0005,-0.0583,-0.0249,0.2364,0.0000,-3.5742,2.8792,30.0882,-11.3935,-36.0300
98713364,0.0027,-0.0105,-0.0287,0.1915,-0.0212,0.0031,0.0500,-0.0500,0.0003,-0.0568,-0.0409,0.2986,0.0000,-4.3014,2.8792,30.0882,-11.4315,-36.0127
98718364,0.0026,-0.0096,-0.0379,0.2318,-0.0386,0.0014,0.0500,-0.0500,0.0001,-0.0556,-0.0379,0.2318,0.0000,-4.3014,3.2973,30.0882,-11.4488,-35.9918
98723365,0.0023,-0.0085,-0.0272,0.2553,0.0026,0.0026,0.0500,-0.0500,-0.0000,-0.0544,-0.0272,0.2553,0.0000,-4.3498,3.2973,30.0882,-11.4757,-35.9721
98728364,0.0022,-0.0073,-0.0156,0.2938,-0.0334,0.0052,0.0500,-0.0500,-0.0001,-0.0529,-0.0156,0.2938,0.0000,-4.3498,3.2973,30.0882,-11.4931,-35.9589
98733365,0.0020,-0.0059,-0.0058,0.2990,-0.0734,0.0075,-0.0200,0.0200,-0.0001,-0.0514,-0.0058,0.2990,0.0000,-3.4204,2.6881,30.0882,-11.4984,-35.9526
98738364,0.0020,-0.0044,0.0040,0.2761,-0.0294,0.0095,-0.0200,0.0200,-0.0001,-0.0500,0.0040,0.2761,0.0000,-2.9040,2.2451,30.0882,-11.4980,-35.9529
98743364,0.0021,-0.0032,0.0131,0.2138,0.0402,0.0103,0.0305,-0.0424,-0.0001,-0.0489,0.0021,0.2298,0.0000,-1.1756,-0.1045,30.0882,-11.4791,-35.9921
98748364,0.0022,-0.0024,0.0162,0.1255,0.0399,0.0119,0.0119,-0.0252,-0.0000,-0.0483,0.0108,0.1209,0.0000,-0.1576,-0.4704,30.0882,-11.4608,-36.0011
98753364,0.0023,-0.0020,0.0315,0.0687,-0.0053,0.0169,-0.0006,-0.0161,0.0001,-0.0480,0.0265,0.0633,0.0000,-0.1091,-0.4704,30.0882,-11.4608,-36.0039
98758364,0.0025,-0.0017,0.0464,0.0205,-0.0389,0.0219,-0.0500,-0.0083,0.0003,-0.0479,0.0414,0.0151,0.0000,-0.1091,-0.4704,30.0882,-11.4612,-36.0058
98763365,0.0028,-0.0019,0.0547,0.0070,-0.0224,0.0240,-0.0500,-0.0045,0.0005,-0.0480,0.0394,-0.0195,0.0000,-0.0606,-1.7780,30.0882,-11.4608,-36.0392
98768364,0.0033,-0.0020,0.0568,0.0082,0.0417,0.0258,-0.0500,-0.0067,0.0007,-0.0481,0.0415,-0.0182,0.0000,-0.0606,-1.7780,30.0882,-11.4611,-36.0463
98773365,0.0037,-0.0020,0.0654,-0.0299,-0.0056,0.0303,-0.0500,0.0003,0.0010,-0.0484,0.0501,-0.0564,0.0000,-0.0606,-1.7780,30.0882,-11.4614,-36.0570
98778364,0.0040,-0.0023,0.0470,-0.0825,-0.0591,0.0275,0.0200,0.0500,0.0011,-0.0489,0.0318,-0.1089,0.0000,-0.0606,-1.7780,30.0882,-11.4617,-36.0641
98783364,0.0043,-0.0029,0.0305,-0.1344,-0.0279,0.0253,0.0200,0.0500,0.0013,-0.0496,0.0305,-0.1344,0.0000,0.0000,-2.1090,30.0882,-11.4607,-36.0823
98788365,0.0046,-0.0037,0.0208,-0.1634,0.0268,0.0235,-0.0608,0.0500,0.0014,-0.0504,0.0208,-0.1634,0.0000,0.0000,-2.1090,30.0882,-11.4607,-36.0908
98793365,0.0047,-0.0048,-0.0006,-0.1662,0.0451,0.0181,-0.0628,0.0500,0.0014,-0.0512,-0.0010,-0.1654,0.0000,-0.0485,-1.7780,30.0882,-11.4619,-36.0967
98798365,0.0047,-0.0058,-0.0171,-0.1536,0.0301,0.0140,-0.0613,-0.0200,0.0013,-0.0520,-0.0184,-0.1529,0.0539,-0.0485,-0.5644,30.0893,-11.4621,-36.0764
98803365,0.0045,-0.0067,-0.0153,-0.1234,0.0533,0.0134,-0.0577,-0.0200,0.0012,-0.0526,-0.0166,-0.1227,0.0539,-0.0485,-0.3989,30.0896,-11.4624,-36.0759
98808364,0.0044,-0.0074,0.0049,-0.1161,0.0909,0.0177,-0.0612,0.0401,0.0012,-0.0532,0.0052,-0.1125,0.0539,-0.0485,0.1937,30.0899,-11.4626,-36.0653
98813365,0.0044,-0.0081,0.0021,-0.0953,0.0216,0.0178,-0.0550,0.0364,0.0012,-0.0534,-0.0001,-0.0468,0.0539,-1.7009,1.5498,30.0902,-11.5010,-36.0313
98818364,0.0045,-0.0087,0.0073,-0.0651,-0.1318,0.0214,-0.0494,0.0330,0.0012,-0.0535,0.0051,-0.0166,0.0539,-1.7009,1.5498,30.0904,-11.5078,-36.0251
98823365,0.0045,-0.0088,-0.0086,0.0367,-0.1024,0.0176,-0.0254,0.0117,0.0012,-0.0530,-0.0064,0.0961,0.0539,-1.8109,2.1770,30.0907,-11.5202,-36.0028
98828364,0.0044,-0.0088,-0.0354,0.0513,-0.0221,0.0088,-0.0182,0.0102,0.0010,-0.0523,-0.0404,0.1279,0.0539,-2.8011,2.3338,30.0909,-11.5500,-35.9904
98833364,0.0043,-0.0085,-0.0562,0.0901,0.0368,0.0023,-0.0068,0.0031,0.0007,-0.0515,-0.0611,0.1667,0.0539,-2.8011,2.3338,30.0913,-11.5668,-35.9764
98838364,0.0041,-0.0082,-0.0614,0.1234,-0.0001,0.0001,0.0500,-0.0500,0.0003,-0.0505,-0.0722,0.2102,0.0539,-3.4826,2.3338,30.0915,-11.5933,-35.9671
98843365,0.0038,-0.0076,-0.0629,0.1646,-0.0407,-0.0003,0.0500,-0.0500,0.0000,-0.0496,-0.0638,0.1646,0.0539,-3.4826,2.3338,30.0918,-11.6142,-35.9531
98848364,0.0034,-0.0068,-0.0666,0.2059,-0.0105,-0.0500,0.0500,-0.0500,-0.0003,-0.0486,-0.0675,0.2059,0.0539,-3.1661,1.8907,30.0920,-11.6216,-35.9534
98853365,0.0030,-0.0056,-0.0559,0.2199,0.0298,-0.0500,0.0500,-0.0500,-0.0006,-0.0475,-0.0559,0.2199,0.0539,-2.3220,1.3923,30.0923,-11.6212,-35.9534
98858364,0.0028,-0.0043,-0.0357,0.2358,0.0206,-0.0500,-0.0200,0.0200,-0.0008,-0.0463,-0.0357,0.2358,0.0539,-1.8472,1.1708,30.0926,-11.6221,-35.9527
98863365,0.0026,-0.0032,-0.0223,0.2062,-0.0499,-0.0500,-0.0200,0.0200,-0.0009,-0.0453,-0.0223,0.2062,-0.1616,-1.4779,0.8385,30.0884,-11.6213,-35.9533
98868364,0.0027,-0.0028,0.0269,0.0571,0.0109,0.0200,-0.0500,-0.0124,-0.0007,-0.0450,0.0373,0.0607,-0.1616,0.4868,0.7277,30.0878,-11.5861,-35.9524
98873365,0.0030,-0.0026,0.0596,0.0107,0.0946,0.0200,-0.0500,-0.0063,-0.0005,-0.0450,0.0483,-0.0088,-0.1616,0.4868,-1.3065,30.0868,-11.5842,-35.9938
98878365,0.0032,-0.0029,0.0739,-0.0360,0.0237,0.0500,-0.0500,0.0500,-0.0001,-0.0453,0.0671,-0.0594,-0.3869,0.4868,-1.5678,30.0816,-11.5813,-36.0052
98883365,0.0035,-0.0030,0.0797,-0.0608,-0.0850,0.0500,-0.0500,0.0500,0.0003,-0.0456,0.0797,-0.0608,-2.2463,0.4868,-1.5678,30.0349,-11.5793,-36.0146
98888365,0.0041,-0.0033,0.0794,-0.0632,-0.0621,0.0500,0.0200,0.0500,0.0007,-0.0460,0.0794,-0.0632,-2.2463,0.4868,-1.5678,30.0259,-11.5764,-36.0209
98893364,0.0044,-0.0037,0.1051,-0.0785,0.0185,0.0500,0.0200,0.0500,0.0012,-0.0464,0.1051,-0.0785,-2.2463,0.4868,-1.5678,30.0124,-11.5744,-36.0303
98898364,0.0049,-0.0041,0.1206,-0.1038,0.0252,-0.0200,-0.0626,-0.0200,0.0018,-0.0469,0.1232,-0.1082,-2.2463,0.2921,-1.5678,30.0012,-11.5755,-36.0354
98903364,0.0055,-0.0046,0.1151,-0.1185,-0.0560,-0.0200,-0.0661,-0.0200,0.0024,-0.0475,0.1126,-0.1141,-1.9171,-0.2921,-1.1319,29.9993,-11.5878,-36.0357
98908364,0.0064,-0.0053,0.1261,-0.1338,-0.1443,0.0601,-0.0755,0.0209,0.0031,-0.0482,0.1397,-0.1433,-1.3999,-0.2921,-0.9382,29.9998,-11.5896,-36.0352
98913365,0.0071,-0.0060,0.1109,-0.1338,0.0390,0.0576,-0.0786,0.0195,0.0037,-0.0488,0.1320,-0.1231,-1.1648,-0.2921,0.4181,29.9993,-11.5907,-36.0122
98918364,0.0077,-0.0069,0.0941,-0.1350,0.0689,0.0524,-0.0787,0.0236,0.0041,-0.0493,0.0782,-0.1033,0.9015,-1.0834,1.0452,30.0396,-11.6090,-35.9968
98923365,0.0081,-0.0076,0.0977,-0.1048,0.0432,0.0547,-0.0746,0.0182,0.0045,-0.0496,0.0769,-0.0644,0.9015,-1.6638,1.0452,30.0432,-11.6268,-35.9898
98928364,0.0086,-0.0081,0.0761,-0.0715,-0.0352,0.0521,-0.0657,0.0150,0.0048,-0.0497,0.0490,-0.0202,0.9015,-2.3909,1.0452,30.0486,-11.6519,-35.9864
98933364,0.0090,-0.0085,0.0593,-0.0247,-0.0771,0.0496,-0.0540,0.0074,0.0049,-0.0495,0.0255,0.0382,0.9015,-3.1740,1.0452,30.0522,-11.6795,-35.9793
98938365,0.0092,-0.0085,0.0009,0.0403,-0.0065,0.0339,-0.0325,-0.0011,0.0047,-0.0490,-0.0436,0.1156,1.1169,-3.9981,1.0452,30.0620,-11.7169,-35.9759
98943365,0.0091,-0.0081,-0.0440,0.1200,0.0243,0.0203,-0.0077,-0.0500,0.0041,-0.0480,-0.1090,0.1953,2.3017,-3.9981,1.0452,30.0932,-11.7329,-35.9689
98948365,0.0088,-0.0075,-0.1032,0.1646,-0.0194,0.0037,0.0500,-0.0500,0.0032,-0.0468,-0.1812,0.2313,2.3017,-4.4629,1.0452,30.1070,-11.7685,-35.9655
98953364,0.0082,-0.0065,-0.1637,0.1985,-0.0444,-0.0500,0.0500,-0.0500,0.0022,-0.0458,-0.2034,0.1984,2.3017,-4.4629,1.0452,30.1162,-11.7864,-35.9584
98958364,0.0074,-0.0055,-0.2010,0.2312,-0.0007,-0.0500,0.0500,-0.0500,0.0012,-0.0447,-0.2010,0.2312,2.5802,-4.5729,1.0452,30.1369,-11.8159,-35.9550
98963365,0.0063,-0.0044,-0.2657,0.2407,-0.0218,-0.0500,0.0500,0.0200,-0.0001,-0.0435,-0.2657,0.2407,2.5802,-4.5729,0.8237,30.1472,-11.8341,-35.9529
98968365,0.0048,-0.0035,-0.2758,0.2315,-0.0698,-0.0500,-0.0200,0.0200,-0.0015,-0.0423,-0.2758,0.2315,2.5802,-3.4532,-0.0523,30.1627,-11.8361,-35.9678
98973364,0.0035,-0.0023,-0.2437,0.2227,-0.0508,0.0200,-0.0200,-0.0144,-0.0028,-0.0413,-0.2568,0.2001,1.8302,-2.8204,-1.5156,30.1570,-11.8361,-36.0005
98978365,0.0025,-0.0013,-0.1836,0.1720,0.0130,0.0200,0.0511,-0.0136,-0.0038,-0.0405,-0.2047,0.1634,0.0000,-0.9393,-1.5156,30.1244,-11.8112,-36.0095
98983365,0.0018,-0.0008,-0.1130,0.0977,0.0219,-0.0227,0.0278,-0.0059,-0.0045,-0.0402,-0.1286,0.0708,0.0000,0.0000,-1.8062,30.1244,-11.7936,-36.0215
98988365,0.0013,-0.0005,-0.0632,0.0403,-0.0032,-0.0100,0.0097,0.0004,-0.0047,-0.0401,-0.0569,0.0047,-1.5618,0.0000,-2.3874,30.0905,-11.7936,-36.0470
98993365,0.0011,-0.0005,-0.0082,0.0043,-0.0261,0.0500,-0.0500,0.0020,-0.0048,-0.0403,-0.0010,-0.0313,-1.6156,0.0000,-2.3874,30.0829,-11.7936,-36.0565
98998365,0.0012,-0.0008,0.0202,-0.0043,-0.0527,0.0500,-0.0500,0.0500,-0.0048,-0.0405,-0.0004,-0.0399,-1.6156,0.0000,-2.3874,30.0732,-11.7936,-36.0709
99003364,0.0015,-0.0010,0.0287,-0.0061,-0.0239,0.0500,-0.0500,0.0500,-0.0046,-0.0405,0.0287,-0.0061,-1.6156,0.0000,-2.3322,30.0668,-11.7936,-36.0792
99008364,0.0019,-0.0013,0.1194,-0.0504,-0.0261,0.0500,-0.0500,0.0500,-0.0040,-0.0408,0.1194,-0.0504,-1.6156,0.0000,-2.3322,30.0571,-11.7936,-36.0932
99013365,0.0026,-0.0016,0.1619,-0.0929,-0.0365,-0.0200,0.0200,0.0500,-0.0032,-0.0412,0.1619,-0.0929,-1.6156,0.0000,-2.3322,30.0506,-11.7936,-36.1025
99018365,0.0037,-0.0023,0.1680,-0.1326,-0.0679,-0.0200,0.0200,-0.0200,-0.0024,-0.0419,0.1680,-0.1326,-1.6156,0.0000,-2.0564,30.0409,-11.7936,-36.1109
99023365,0.0047,-0.0032,0.1604,-0.1408,-0.0637,0.0619,-0.0714,-0.0200,-0.0014,-0.0426,0.1838,-0.1399,-1.3902,-0.0550,-0.2911,30.0393,-11.7949,-36.0804
99028365,0.0055,-0.0039,0.1289,-0.1097,-0.0053,0.0560,-0.0654,0.0096,-0.0007,-0.0431,0.1456,-0.1088,-0.9958,-0.0550,0.0000,30.0400,-11.7952,-36.0754
99033364,0.0061,-0.0046,0.1194,-0.0761,0.0011,0.0557,-0.0603,0.0045,-0.0001,-0.0435,0.1332,-0.0752,-0.8268,-0.0550,0.0000,30.0397,-11.7954,-36.0754
99038365,0.0066,-0.0049,0.1274,-0.0715,-0.0215,0.0596,-0.0584,-0.0003,0.0006,-0.0436,0.1368,-0.0163,-0.6014,-1.9049,1.7920,30.0399,-11.8382,-36.0337
99043364,0.0072,-0.0052,0.1289,-0.0831,0.0277,0.0601,-0.0632,0.0021,0.0012,-0.0437,0.1186,-0.0280,0.5385,-1.9049,1.7920,30.0616,-11.8458,-36.0265
99048365,0.0080,-0.0058,0.1194,-0.1179,0.0738,0.0581,-0.0717,0.0108,0.0016,-0.0440,0.0806,-0.0502,1.7772,-2.7490,1.7920,30.0951,-11.8758,-36.0158
99053364,0.0084,-0.0062,0.0446,-0.0547,-0.0386,0.0425,-0.0495,0.0085,0.0017,-0.0439,0.0057,0.0130,1.7772,-2.7490,1.7920,30.1022,-11.8867,-36.0086
99058365,0.0085,-0.0063,0.0003,0.0199,-0.0420,0.0304,-0.0268,-0.0019,0.0014,-0.0434,-0.0584,0.0993,2.4271,-3.6439,1.6875,30.1267,-11.9220,-36.0000
99063364,0.0084,-0.0061,-0.0489,0.0846,0.0158,0.0168,-0.0066,-0.0500,0.0008,-0.0426,-0.1098,0.1602,2.4271,-3.6439,1.4262,30.1364,-11.9366,-35.9990
99068364,0.0082,-0.0056,-0.0880,0.1191,0.0723,0.0041,0.0500,-0.0500,-0.0000,-0.0417,-0.1657,0.1815,2.4271,-4.1772,1.0603,30.1509,-11.9706,-35.9990
99073364,0.0078,-0.0049,-0.1344,0.1469,0.0344,-0.0500,0.0500,-0.0500,-0.0009,-0.0410,-0.1810,0.1468,2.7040,-4.1772,0.8513,30.1665,-11.9873,-35.9994
99078364,0.0071,-0.0042,-0.1839,0.1591,-0.0484,-0.0500,0.0500,-0.0500,-0.0018,-0.0402,-0.1839,0.1591,2.7040,-3.5575,0.6422,30.1827,-11.9989,-35.9992
99083365,0.0060,-0.0036,-0.2199,0.1768,-0.0673,-0.0500,0.0500,0.0200,-0.0029,-0.0393,-0.2199,0.1768,2.7040,-2.8863,0.5377,30.1935,-11.9984,-35.9990
99088365,0.0047,-0.0028,-0.2303,0.1845,-0.0108,-0.0500,-0.0200,0.0200,-0.0041,-0.0384,-0.2303,0.1845,2.7040,-2.1634,-0.0484,30.2097,-11.9989,-36.0084
99093364,0.0036,-0.0018,-0.2147,0.1854,0.0469,0.0200,-0.0200,-0.0131,-0.0052,-0.0376,-0.2264,0.1652,2.3831,-1.7503,-1.3561,30.2137,-11.9984,-36.0377
99098365,0.0026,-0.0013,-0.1756,0.0904,-0.0319,0.0200,0.0333,0.0500,-0.0062,-0.0371,-0.1979,0.0887,0.2883,-1.2371,-1.3561,30.1811,-11.9973,-36.0458
99103365,0.0022,-0.0010,-0.0596,0.0281,-0.0270,-0.0047,0.0051,0.0500,-0.0064,-0.0370,-0.0466,0.0238,-0.6091,0.2909,-2.6249,30.1619,-11.9682,-36.0795
99108364,0.0020,-0.0011,-0.0110,-0.0223,0.0292,0.0500,-0.0500,0.0500,-0.0064,-0.0372,0.0049,-0.0317,-0.6091,0.6302,-2.6249,30.1582,-11.9578,-36.0952
99113364,0.0021,-0.0016,0.0324,-0.0425,0.0197,0.0500,-0.0500,0.0500,-0.0063,-0.0374,0.0324,-0.0425,-0.6091,0.6302,-2.6249,30.1558,-11.9553,-36.1057
99118365,0.0024,-0.0020,0.0385,-0.0403,-0.0459,0.0500,-0.0500,-0.0200,-0.0061,-0.0376,0.0385,-0.0403,-0.6091,0.6302,-2.6249,30.1521,-11.9515,-36.1215
99123365,0.0027,-0.0022,0.0681,-0.0599,-0.0026,0.0500,-0.0500,-0.0200,-0.0057,-0.0379,0.0681,-0.0599,-1.7697,0.6302,-2.2578,30.1237,-11.9490,-36.1241
99128365,0.0031,-0.0025,0.0907,-0.0709,0.0885,-0.0200,0.0200,0.0075,-0.0053,-0.0383,0.0763,-0.0959,-1.2591,0.6302,-1.6810,30.1252,-11.9452,-36.1242
99133364,0.0035,-0.0031,0.1255,-0.1200,0.0558,-0.0200,0.0200,0.0151,-0.0048,-0.0390,0.1138,-0.1404,-1.0270,0.6302,-1.3664,30.1253,-11.9427,-36.1239
99138364,0.0042,-0.0040,0.1515,-0.1448,-0.0117,0.0557,-0.0745,0.0192,-0.0040,-0.0399,0.1622,-0.1674,-0.7484,0.6302,-0.8890,30.1256,-11.9389,-36.1214
99143365,0.0050,-0.0047,0.1399,-0.1148,0.0045,0.0544,-0.0674,0.0128,-0.0033,-0.0404,0.1276,-0.0938,0.8860,-0.5333,0.8826,30.1576,-11.9619,-36.0863
99148365,0.0059,-0.0052,0.1481,-0.0531,0.0863,0.0589,-0.0590,-0.0500,-0.0026,-0.0405,0.1349,-0.0255,1.1629,-0.5333,1.3240,30.1700,-11.9651,-36.0697
99153364,0.0068,-0.0055,0.1280,-0.0510,0.1181,0.0560,-0.0600,-0.0500,-0.0021,-0.0407,0.1033,-0.0431,1.1629,-0.5333,1.3240,30.1747,-11.9672,-36.0644
99158365,0.0075,-0.0058,0.1185,-0.0788,0.0445,0.0573,-0.0662,-0.0500,-0.0017,-0.0410,0.0939,-0.0709,1.1629,-0.5333,1.3240,30.1816,-11.9704,-36.0565
99163365,0.0082,-0.0062,0.0907,-0.0761,-0.0041,0.0529,-0.0627,-0.0500,-0.0014,-0.0413,0.0554,-0.0496,1.1629,-1.7726,1.3240,30.1863,-11.9996,-36.0512
99168365,0.0086,-0.0067,0.0638,-0.0605,0.0038,0.0463,-0.0580,0.0200,-0.0013,-0.0415,0.0083,-0.0341,2.3395,-1.7726,1.3240,30.2222,-12.0102,-36.0432
99173365,0.0088,-0.0070,0.0046,-0.0177,0.0118,0.0319,-0.0427,0.0200,-0.0016,-0.0414,-0.0515,0.0095,2.3395,-1.8276,1.3240,30.2315,-12.0184,-36.0379
99178365,0.0087,-0.0070,-0.0431,0.0489,0.0338,0.0188,-0.0199,-0.0002,-0.0021,-0.0409,-0.1073,0.1071,2.8097,-2.8728,1.0334,30.2564,-12.0553,-36.0365
99183365,0.0085,-0.0067,-0.0892,0.1008,0.0307,0.0052,-0.0022,-0.0042,-0.0030,-0.0402,-0.1675,0.1346,2.8097,-2.8728,-0.6068,30.2676,-12.0668,-36.0685
99188365,0.0080,-0.0061,-0.1362,0.1090,-0.0172,-0.0500,0.0500,-0.0005,-0.0041,-0.0395,-0.2241,0.1480,2.8097,-3.6030,-0.9930,30.2844,-12.1022,-36.0820
99193365,0.0071,-0.0055,-0.2242,0.1075,-0.0117,-0.0500,0.0500,0.0500,-0.0053,-0.0390,-0.2327,0.0927,2.7533,-3.6030,-0.9930,30.2944,-12.1166,-36.0859
99198365,0.0061,-0.0051,-0.2422,0.1151,0.0054,-0.0500,0.0500,0.0500,-0.0065,-0.0384,-0.2422,0.1151,2.7533,-2.8644,-0.9930,30.3109,-12.1217,-36.0919
99203364,0.0047,-0.0045,-0.2486,0.1356,0.0106,-0.0500,0.0500,0.0500,-0.0077,-0.0378,-0.2486,0.1356,2.7533,-2.3368,-0.9930,30.3220,-12.1216,-36.0959
99208365,0.0034,-0.0038,-0.2266,0.1350,0.0087,0.0200,-0.0200,0.0500,-0.0088,-0.0371,-0.2266,0.1350,0.8377,-1.7565,-0.9930,30.2962,-12.1221,-36.1018
99213364,0.0024,-0.0032,-0.1799,0.1136,0.0158,0.0200,-0.0200,-0.0200,-0.0097,-0.0365,-0.1799,0.1136,0.3306,-1.4400,-0.9930,30.2879,-12.1221,-36.1058
99218364,0.0018,-0.0028,-0.1032,0.0669,0.0350,-0.0198,0.0145,-0.0200,-0.0103,-0.0361,-0.1118,0.0735,0.2743,-0.4419,-0.9930,30.2886,-12.1090,-36.1118
99223364,0.0014,-0.0027,-0.0489,0.0067,0.0387,-0.0048,-0.0500,0.0100,-0.0104,-0.0361,-0.0199,0.0015,-1.1755,0.6815,0.3310,30.2578,-12.0856,-36.0873
99228364,0.0013,-0.0028,-0.0034,-0.0452,0.0145,0.0500,-0.0500,0.0151,-0.0102,-0.0363,0.0310,-0.0320,-1.5517,0.6815,0.8826,30.2412,-12.0815,-36.0714
99233365,0.0014,-0.0034,0.0333,-0.0605,-0.0026,0.0500,-0.0500,0.0168,-0.0100,-0.0365,0.0409,-0.0473,-1.5517,0.6815,0.8826,30.2350,-12.0787,-36.0679
99238365,0.0017,-0.0039,0.0382,-0.0528,0.0506,0.0500,-0.0500,0.0150,-0.0098,-0.0367,0.0458,-0.0397,-1.5517,0.6815,0.8826,30.2257,-12.0747,-36.0626
99243364,0.0021,-0.0043,0.1237,-0.0654,0.0619,0.0500,0.0200,0.0072,-0.0092,-0.0370,0.1313,-0.0522,-1.5517,0.6815,0.8826,30.2195,-12.0719,-36.0590
99248365,0.0029,-0.0047,0.1671,-0.0974,0.0396,-0.0200,0.0200,0.0079,-0.0082,-0.0373,0.1825,-0.0706,-1.3378,0.6815,1.8029,30.2147,-12.0678,-36.0334
99253365,0.0041,-0.0052,0.1998,-0.1097,0.0530,-0.0200,-0.0757,0.0062,-0.0071,-0.0378,0.2211,-0.0930,-1.1238,0.6815,1.8029,30.2140,-12.0651,-36.0262
99258365,0.0052,-0.0058,0.1979,-0.0803,0.0607,0.0722,-0.0733,-0.0012,-0.0060,-0.0381,0.2260,-0.0542,-0.7089,0.0487,1.8029,30.2165,-12.0742,-36.0154
99263365,0.0063,-0.0063,0.1946,-0.0507,0.0851,0.0728,-0.0688,-0.0500,-0.0051,-0.0382,0.1912,-0.0152,0.7994,-0.5842,1.8029,30.2467,-12.0886,-36.0081
99268364,0.0071,-0.0067,0.1713,-0.0189,0.1248,0.0683,-0.0633,-0.0500,-0.0043,-0.0382,0.1501,-0.0102,0.9404,-0.5842,1.6983,30.2551,-12.0921,-35.9995
99273365,0.0079,-0.0067,0.1772,-0.0241,0.0970,0.0735,-0.0664,-0.0500,-0.0035,-0.0383,0.1559,-0.0154,0.9404,-0.5842,1.3848,30.2589,-12.0944,-35.9996
99278365,0.0088,-0.0067,0.1720,-0.0345,-0.0212,0.0756,-0.0673,-0.0500,-0.0029,-0.0384,0.1295,-0.0211,2.0109,-0.9007,1.0189,30.2872,-12.1044,-35.9997
99283364,0.0099,-0.0070,0.1701,-0.0379,-0.1253,0.0802,-0.0685,0.0200,-0.0023,-0.0385,0.1190,-0.0127,2.1236,-1.6921,0.8622,30.2979,-12.1262,-35.9991
99288364,0.0104,-0.0072,0.0776,0.0107,0.0057,0.0563,-0.0492,0.0200,-0.0022,-0.0383,0.0153,0.0359,2.7699,-1.6921,-0.3875,30.3240,-12.1363,-36.0205
99293365,0.0107,-0.0071,0.0168,0.0391,0.0943,0.0386,-0.0355,-0.0068,-0.0026,-0.0379,-0.0773,0.0686,3.3623,-3.0904,-1.1139,30.3489,-12.1739,-36.0387
99298365,0.0106,-0.0069,-0.0617,0.0486,0.0634,0.0180,-0.0216,0.0011,-0.0034,-0.0375,-0.1682,0.0817,3.9658,-3.3328,-1.1139,30.3827,-12.1973,-36.0454
99303364,0.0101,-0.0067,-0.1359,0.0629,0.0032,-0.0500,-0.0068,0.0500,-0.0047,-0.0371,-0.2575,0.0845,3.9658,-3.8176,-2.3827,30.3985,-12.2219,-36.0778
99308365,0.0094,-0.0065,-0.1869,0.0794,-0.0239,-0.0500,0.0500,0.0500,-0.0058,-0.0364,-0.2196,0.1366,4.4642,-3.8176,-2.3827,30.4349,-12.2448,-36.0921
99313365,0.0082,-0.0063,-0.2315,0.1069,0.0258,-0.0500,0.0500,0.0500,-0.0070,-0.0359,-0.2315,0.1069,4.4642,-3.9209,-2.3827,30.4527,-12.2625,-36.1016
99318364,0.0070,-0.0058,-0.2511,0.1481,0.0860,-0.0500,0.0500,0.0500,-0.0082,-0.0351,-0.2511,0.1481,3.7154,-3.9209,-2.3827,30.4632,-12.2861,-36.1159
99323364,0.0059,-0.0049,-0.2639,0.1655,0.0622,0.0200,0.0500,-0.0200,-0.0096,-0.0343,-0.2639,0.1655,3.0201,-3.5358,-2.2779,30.4628,-12.2937,-36.1233
99328364,0.0046,-0.0039,-0.2651,0.1677,-0.0499,0.0200,-0.0200,-0.0200,-0.0109,-0.0335,-0.2651,0.1677,2.2714,-2.6006,-1.7011,30.4636,-12.2934,-36.1237
99333365,0.0035,-0.0033,-0.1976,0.0977,-0.0078,-0.0390,-0.0200,0.0114,-0.0121,-0.0331,-0.2413,0.0771,1.8435,-2.1605,-1.3864,30.4632,-12.2941,-36.1236
99338364,0.0028,-0.0030,-0.1103,0.0470,0.0524,-0.0199,0.0085,0.0093,-0.0128,-0.0329,-0.1452,0.0464,1.3622,-0.6427,-0.6856,30.4632,-12.2736,-36.1167
99343365,0.0024,-0.0029,-0.0553,0.0186,0.0576,-0.0055,-0.0500,0.0073,-0.0131,-0.0327,-0.0598,0.0266,1.0948,0.5680,1.1033,30.4628,-12.2484,-36.0807
99348364,0.0022,-0.0030,0.0027,-0.0140,-0.0108,0.0500,-0.0500,0.0074,-0.0131,-0.0327,0.0066,0.0057,0.4379,0.5680,1.3240,30.4553,-12.2450,-36.0684
99353364,0.0025,-0.0030,0.0232,-0.0220,-0.0233,0.0500,-0.0500,0.0059,-0.0129,-0.0327,0.0346,-0.0023,-1.3290,0.5680,1.3240,30.4181,-12.2427,-36.0631
99358364,0.0029,-0.0032,0.0284,-0.0263,0.0542,0.0500,-0.0500,0.0050,-0.0127,-0.0327,0.0398,-0.0065,-1.5505,0.5680,1.3240,30.4045,-12.2393,-36.0551
99363365,0.0030,-0.0034,0.0550,-0.0483,0.1156,0.0500,0.0200,0.0060,-0.0124,-0.0329,0.0663,-0.0285,-1.5505,0.5680,1.3240,30.3983,-12.2370,-36.0498
99368365,0.0033,-0.0036,0.0886,-0.0446,0.0940,-0.0200,0.0200,0.0017,-0.0119,-0.0330,0.0999,-0.0249,-1.3844,0.5680,1.3240,30.3923,-12.2336,-36.0419
99373364,0.0038,-0.0040,0.1442,-0.0608,0.0359,-0.0200,-0.0522,-0.0010,-0.0111,-0.0332,0.1533,-0.0372,-0.1661,-0.2582,1.3240,30.4143,-12.2502,-36.0366
99378364,0.0046,-0.0043,0.1909,-0.0547,0.1092,0.0658,-0.0606,-0.0500,-0.0101,-0.0334,0.1990,-0.0362,-0.1108,-0.2582,0.9849,30.4145,-12.2518,-36.0365
99383365,0.0058,-0.0048,0.1909,-0.0681,0.1257,0.0696,-0.0684,-0.0500,-0.0092,-0.0337,0.1906,-0.0642,-0.1108,-0.2582,0.7912,30.4140,-12.2528,-36.0368
99388364,0.0068,-0.0050,0.1686,-0.0678,0.0326,0.0690,-0.0671,-0.0500,-0.0083,-0.0340,0.1673,-0.0639,-0.0554,-0.2582,0.5975,30.4145,-12.2543,-36.0365
99393364,0.0076,-0.0056,0.1710,-0.0586,-0.0774,0.0722,-0.0660,-0.0500,-0.0076,-0.0343,0.1392,-0.0466,1.4440,-0.8083,0.5006,30.4468,-12.2667,-36.0362
99398364,0.0085,-0.0061,0.1958,-0.0571,-0.1058,0.0805,-0.0697,0.0200,-0.0069,-0.0344,0.1416,-0.0270,2.1393,-2.0186,0.3553,30.4729,-12.3013,-36.0366
99403365,0.0094,-0.0065,0.1778,-0.0321,-0.0102,0.0784,-0.0665,0.0200,-0.0063,-0.0344,0.1227,-0.0005,2.1393,-2.1160,0.3069,30.4815,-12.3113,-36.0363
99408365,0.0104,-0.0067,0.1411,-0.0171,0.0585,0.0697,-0.0614,-0.0105,-0.0060,-0.0344,0.0551,0.0052,2.6565,-3.0896,-1.5998,30.5064,-12.3480,-36.0793
99413365,0.0110,-0.0068,0.0742,-0.0061,0.0136,0.0554,-0.0507,-0.0052,-0.0061,-0.0342,-0.0177,0.0265,2.6565,-3.7754,-1.5998,30.5170,-12.3750,-36.0857
99418364,0.0112,-0.0068,-0.0034,0.0128,-0.0108,0.0361,-0.0364,0.0007,-0.0067,-0.0340,-0.1079,0.0454,3.3890,-3.7754,-1.5998,30.5506,-12.3976,-36.0953
99423364,0.0110,-0.0067,-0.0669,0.0623,0.0365,0.0183,-0.0166,-0.0031,-0.0075,-0.0335,-0.1777,0.1058,3.3890,-4.5025,-1.5998,30.5642,-12.4290,-36.1017
99428365,0.0103,-0.0064,-0.1588,0.1069,0.0481,-0.0500,0.0500,0.0002,-0.0090,-0.0327,-0.2918,0.1460,4.1429,-4.8904,-2.2815,30.6025,-12.4641,-36.1259
99433365,0.0095,-0.0058,-0.1860,0.1561,0.0378,-0.0500,0.0500,-0.0070,-0.0100,-0.0321,-0.2056,0.1222,4.1429,-4.8904,-2.2815,30.6190,-12.4836,-36.1351
99438364,0.0086,-0.0049,-0.2242,0.1814,0.0060,-0.0500,0.0500,-0.0086,-0.0113,-0.0314,-0.2438,0.1475,4.2822,-4.5806,-2.2815,30.6474,-12.5061,-36.1487
99443365,0.0074,-0.0039,-0.2663,0.1845,-0.0004,-0.0500,0.0500,-0.0050,-0.0127,-0.0306,-0.2859,0.1506,4.2268,-4.5806,-2.2815,30.6634,-12.5244,-36.1579
99448365,0.0059,-0.0029,-0.2816,0.1820,0.0133,0.0200,-0.0200,-0.0036,-0.0142,-0.0299,-0.2983,0.1532,3.1193,-4.1955,-1.9397,30.6631,-12.5438,-36.1635
99453365,0.0044,-0.0020,-0.2673,0.1735,0.0029,0.0200,-0.0200,-0.0035,-0.0156,-0.0292,-0.2839,0.1446,2.5656,-3.4253,-1.9397,30.6634,-12.5437,-36.1713
99458365,0.0031,-0.0012,-0.2340,0.1503,-0.0029,-0.0518,0.0550,-0.0030,-0.0171,-0.0284,-0.3053,0.1593,1.9011,-2.5451,-1.9397,30.6633,-12.5439,-36.1829
99463365,0.0021,-0.0006,-0.1814,0.1038,0.0081,-0.0407,0.0396,0.0007,-0.0182,-0.0279,-0.2236,0.0897,0.9832,-0.9892,-1.9397,30.6513,-12.5201,-36.1907
99468365,0.0014,-0.0003,-0.1194,0.0556,0.0011,-0.0252,0.0216,0.0500,-0.0189,-0.0278,-0.1276,0.0244,-0.4178,0.1549,-1.9397,30.6236,-12.4981,-36.2023
99473365,0.0010,-0.0003,-0.0415,-0.0031,-0.0331,-0.0053,0.0015,0.0500,-0.0190,-0.0278,-0.0330,-0.0054,-0.4178,0.1549,-1.5521,30.6220,-12.4975,-36.2015
99478364,0.0009,-0.0005,-0.0244,0.0131,-0.0383,-0.0012,0.0024,0.0500,-0.0191,-0.0278,-0.0159,0.0108,-0.4178,0.1549,-1.1644,30.6195,-12.4966,-36.2019
99483365,0.0008,-0.0005,0.0027,0.0244,0.0591,0.0500,0.0005,0.0500,-0.0191,-0.0276,0.0113,0.0221,-0.4178,0.1549,-0.9429,30.6178,-12.4960,-36.2017
99488364,0.0008,-0.0003,0.0351,0.0144,0.1398,0.0500,-0.0500,-0.0200,-0.0189,-0.0276,0.0365,0.0120,-1.5488,0.1549,-0.7214,30.5912,-12.4950,-36.2022
99493364,0.0011,-0.0004,0.0739,-0.0217,0.0985,0.0500,-0.0500,-0.0200,-0.0185,-0.0277,0.0739,-0.0217,-1.6565,0.1549,0.3906,30.5825,-12.4944,-36.1809
99498365,0.0016,-0.0006,0.1185,-0.0739,0.0316,0.0500,-0.0500,-0.0020,-0.0179,-0.0280,0.1299,-0.0543,-1.6565,0.1549,1.3182,30.5725,-12.4935,-36.1556
99503365,0.0023,-0.0012,0.1726,-0.0944,-0.0004,-0.0200,-0.0500,-0.0500,-0.0169,-0.0283,0.1839,-0.0747,-1.6565,0.1549,1.3182,30.5659,-12.4929,-36.1503
99508364,0.0032,-0.0019,0.2074,-0.0996,0.0362,-0.0200,0.0200,-0.0500,-0.0159,-0.0288,0.2074,-0.0996,-0.2024,0.1549,2.3670,30.5896,-12.4919,-36.1173
99513365,0.0042,-0.0025,0.1973,-0.0757,0.0903,0.0655,0.0200,-0.0500,-0.0149,-0.0292,0.1999,-0.0757,-0.1486,-0.2582,2.3670,30.5900,-12.5002,-36.1079
99518364,0.0054,-0.0028,0.1912,-0.0367,0.0191,0.0688,-0.0523,-0.0500,-0.0140,-0.0294,0.1842,-0.0328,0.2785,-0.2582,2.3670,30.5977,-12.5018,-36.0937
99523365,0.0064,-0.0029,0.1793,-0.0434,0.0329,0.0680,-0.0540,0.0200,-0.0132,-0.0296,0.1507,-0.0396,1.5320,-0.2582,2.3670,30.6267,-12.5028,-36.0842
99528365,0.0072,-0.0033,0.1930,-0.0809,0.0381,0.0736,-0.0648,0.0200,-0.0125,-0.0298,0.1502,-0.0525,1.5320,-1.9086,2.0360,30.6359,-12.5403,-36.0771
99533364,0.0082,-0.0040,0.1891,-0.0831,0.0054,0.0779,-0.0678,-0.0103,-0.0117,-0.0300,0.1550,-0.0345,1.5320,-2.0736,1.1834,30.6420,-12.5519,-36.0870
99538364,0.0093,-0.0045,0.1897,-0.0568,0.0142,0.0800,-0.0669,-0.0136,-0.0111,-0.0302,0.1248,-0.0368,2.3626,-2.0736,-0.7341,30.6711,-12.5643,-36.1257
99543364,0.0103,-0.0047,0.1481,-0.0174,0.0347,0.0725,-0.0550,-0.0188,-0.0107,-0.0301,0.0758,0.0157,2.3626,-2.9498,-0.7341,30.6806,-12.5926,-36.1286
99548365,0.0109,-0.0048,0.0819,0.0122,0.0597,0.0562,-0.0406,-0.0179,-0.0108,-0.0299,-0.0144,0.0532,3.4858,-3.4774,-0.7341,30.7210,-12.6212,-36.1330
99553364,0.0112,-0.0047,0.0082,0.0287,0.1239,0.0374,-0.0285,-0.0137,-0.0113,-0.0295,-0.0958,0.0704,3.9090,-3.5302,-0.7341,30.7436,-12.6363,-36.1360
99558365,0.0111,-0.0046,-0.0541,0.0681,0.1132,0.0206,-0.0104,-0.0145,-0.0121,-0.0289,-0.1710,0.1148,4.1534,-4.2014,-1.0759,30.7730,-12.6714,-36.1474
99563364,0.0106,-0.0040,-0.1185,0.1497,0.0066,0.0028,0.0500,-0.0225,-0.0134,-0.0280,-0.2502,0.1876,4.7168,-4.2014,-1.6618,30.8028,-12.6882,-36.1652
99568364,0.0097,-0.0032,-0.2230,0.2028,0.0759,-0.0500,0.0500,-0.0199,-0.0150,-0.0271,-0.3223,0.1778,4.9322,-4.2499,-1.6618,30.8354,-12.7144,-36.1752
99573364,0.0086,-0.0022,-0.2694,0.2388,0.1083,-0.0500,0.0500,-0.0269,-0.0164,-0.0260,-0.2837,0.2142,5.0399,-4.2499,-1.6618,30.8577,-12.7314,-36.1819
99578364,0.0071,-0.0008,-0.3103,0.2474,0.0414,-0.0500,0.0500,-0.0246,-0.0180,-0.0249,-0.3246,0.2227,4.4364,-3.8368,-1.6618,30.8751,-12.7483,-36.1918
99583365,0.0054,0.0005,-0.3326,0.2355,-0.0340,-0.0500,-0.0200,-0.0190,-0.0198,-0.0239,-0.3493,0.2066,3.6008,-3.1655,-1.9387,30.8744,-12.7488,-36.2043
99588365,0.0038,0.0016,-0.3103,0.2046,-0.0252,0.0200,-0.0200,-0.0159,-0.0214,-0.0230,-0.3270,0.1758,2.6723,-2.3393,-1.9387,30.8746,-12.7487,-36.2160
99593365,0.0024,0.0024,-0.2575,0.1454,0.0454,0.0200,0.0672,-0.0113,-0.0228,-0.0223,-0.2838,0.1332,2.2080,-1.1178,-1.9387,30.8751,-12.7317,-36.2237
99598365,0.0012,0.0029,-0.2068,0.0837,0.0277,-0.0508,0.0511,-0.0014,-0.0241,-0.0221,-0.2511,0.0548,1.6045,0.0000,-1.9387,30.8744,-12.7111,-36.2353
99603364,0.0003,0.0031,-0.1536,0.0415,-0.0737,-0.0384,0.0384,0.0500,-0.0250,-0.0220,-0.1789,0.0126,0.4959,0.0000,-1.9387,30.8572,-12.7111,-36.2431
99608364,-0.0003,0.0034,-0.1341,0.0342,0.0023,-0.0343,0.0363,0.0500,-0.0256,-0.0218,-0.1267,0.0342,-0.4308,0.0000,-1.6251,30.8373,-12.7111,-36.2480
99613365,-0.0007,0.0034,-0.0486,-0.0079,0.1602,-0.0164,0.0152,0.0500,-0.0258,-0.0219,-0.0412,-0.0079,-0.4308,0.0000,-1.5206,30.8356,-12.7111,-36.2521
99618364,-0.0008,0.0032,-0.0012,-0.0535,0.2222,-0.0057,-0.0019,0.0500,-0.0258,-0.0221,0.0062,-0.0535,-0.4308,0.0000,-1.5206,30.8330,-12.7111,-36.2612
99623365,-0.0006,0.0026,0.0541,-0.1252,0.1187,0.0500,-0.0500,-0.0200,-0.0255,-0.0228,0.0615,-0.1252,-0.4308,0.0000,-0.6321,30.8313,-12.7111,-36.2486
99628364,-0.0002,0.0019,0.1151,-0.1665,0.0161,0.0500,-0.0500,-0.0200,-0.0249,-0.0236,0.1151,-0.1665,-2.2338,0.0000,-0.4754,30.7892,-12.7111,-36.2487
99633364,0.0006,0.0009,0.1744,-0.1726,0.0378,0.0500,-0.0500,0.0116,-0.0240,-0.0245,0.1712,-0.1781,-2.2338,0.0000,-0.3708,30.7802,-12.7111,-36.2483
99638364,0.0017,-0.0001,0.2440,-0.1524,0.0833,0.0500,-0.0500,-0.0012,-0.0228,-0.0253,0.2417,-0.1564,-2.2338,0.0000,-0.2663,30.7668,-12.7111,-36.2482
99643365,0.0030,-0.0009,0.2978,-0.1295,0.0723,-0.0200,0.0200,-0.0500,-0.0213,-0.0258,0.3102,-0.1081,-2.2338,0.0000,1.4399,30.7579,-12.7111,-36.2117
99648364,0.0046,-0.0016,0.3158,-0.0941,0.0216,-0.0200,0.0200,-0.0500,-0.0197,-0.0263,0.3158,-0.0941,-0.3181,0.0000,1.8275,30.7896,-12.7111,-36.1932
99653364,0.0062,-0.0021,0.2853,-0.0767,-0.0267,0.0974,-0.0721,-0.0500,-0.0182,-0.0267,0.2894,-0.0759,-0.2618,-0.0485,1.8275,30.7896,-12.7122,-36.1859
99658364,0.0074,-0.0024,0.1961,-0.0504,0.0570,0.0787,-0.0596,-0.0500,-0.0172,-0.0269,0.1992,-0.0497,-0.2055,-0.0485,1.8275,30.7893,-12.7125,-36.1749
99663365,0.0085,-0.0028,0.1765,-0.0403,0.0582,0.0766,-0.0568,0.0200,-0.0164,-0.0270,0.1631,-0.0234,0.2154,-1.1329,1.8275,30.7974,-12.7357,-36.1676
99668365,0.0093,-0.0030,0.1915,-0.0205,0.0289,0.0811,-0.0543,0.0200,-0.0157,-0.0270,0.1407,0.0049,2.1003,-1.7009,1.6322,30.8435,-12.7569,-36.1608
99673365,0.0103,-0.0031,0.1802,0.0168,0.0350,0.0828,-0.0470,-0.0371,-0.0151,-0.0267,0.1351,0.0520,2.1003,-1.7009,0.6616,30.8519,-12.7637,-36.1748
99678364,0.0114,-0.0031,0.1701,0.0235,0.0298,0.0826,-0.0455,-0.0383,-0.0146,-0.0265,0.0992,0.0555,2.3324,-2.8561,-0.7199,30.8692,-12.8009,-36.2046
99683364,0.0122,-0.0030,0.1072,0.0431,0.0265,0.0696,-0.0343,-0.0364,-0.0144,-0.0261,0.0323,0.0750,2.5646,-2.8561,-0.7199,30.8840,-12.8123,-36.2075
99688364,0.0125,-0.0028,0.0296,0.0739,0.0378,0.0499,-0.0163,-0.0350,-0.0147,-0.0255,-0.0654,0.1175,3.3398,-3.6350,-0.7199,30.9159,-12.8481,-36.2118
99693365,0.0125,-0.0025,-0.0403,0.0962,0.0323,0.0323,-0.0016,-0.0319,-0.0154,-0.0248,-0.1353,0.1398,3.3398,-3.6350,-0.7199,30.9293,-12.8626,-36.2147
99698364,0.0122,-0.0020,-0.1014,0.1326,0.0567,0.0134,0.0500,-0.0318,-0.0165,-0.0240,-0.2219,0.1653,4.1955,-3.8988,-1.7129,30.9681,-12.8910,-36.2399
99703365,0.0117,-0.0012,-0.1445,0.1961,0.1034,0.0022,0.0500,-0.0396,-0.0177,-0.0232,-0.2346,0.1649,4.1955,-3.8988,-2.0787,30.9849,-12.9066,-36.2554
99708365,0.0107,-0.0003,-0.2419,0.2086,0.0329,-0.0500,0.0500,-0.0292,-0.0194,-0.0223,-0.3427,0.1674,4.4776,-3.4513,-2.7568,31.0169,-12.9206,-36.2820
99713364,0.0094,0.0009,-0.2886,0.2086,-0.0001,-0.0500,0.0500,-0.0271,-0.0210,-0.0215,-0.3136,0.1655,4.4776,-2.8361,-2.9021,31.0348,-12.9209,-36.2965
99718365,0.0079,0.0019,-0.3079,0.1836,0.0280,-0.0500,-0.0200,-0.0199,-0.0226,-0.0208,-0.3353,0.1363,3.4635,-2.1089,-3.1779,31.0387,-12.9210,-36.3195
99723365,0.0063,0.0026,-0.2938,0.1194,0.0637,-0.0500,-0.0200,-0.0072,-0.0243,-0.0205,-0.3236,0.0681,3.3508,-1.7174,-3.4537,31.0498,-12.9208,-36.3387
99728365,0.0049,0.0030,-0.2691,0.0428,0.0506,0.0200,0.0423,0.0500,-0.0258,-0.0204,-0.3098,0.0103,1.9422,-1.2699,-3.4537,31.0382,-12.9208,-36.3594
99733365,0.0036,0.0029,-0.2321,-0.0296,-0.0432,0.0200,0.0266,0.0500,-0.0270,-0.0205,-0.2362,-0.0226,1.6041,-0.4691,-3.4537,31.0385,-12.9090,-36.3732
99738364,0.0026,0.0026,-0.1903,-0.0715,-0.1147,-0.0368,0.0127,0.0500,-0.0280,-0.0210,-0.1997,-0.0912,1.2097,1.3189,-2.8769,31.0389,-12.8692,-36.3801
99743365,0.0017,0.0020,-0.1469,-0.0968,-0.0435,-0.0301,0.0006,0.0500,-0.0288,-0.0216,-0.1525,-0.1165,0.9844,1.3189,-2.8769,31.0381,-12.8639,-36.3916
99748365,0.0010,0.0014,-0.1008,-0.1439,0.1645,-0.0211,-0.0500,-0.0200,-0.0291,-0.0224,-0.0724,-0.1635,-0.9874,1.3189,-2.8769,30.9981,-12.8560,-36.4088
99753364,0.0009,0.0005,0.0031,-0.1836,0.1480,0.0500,-0.0500,-0.0200,-0.0290,-0.0233,0.0201,-0.1836,-0.9874,1.3189,-2.3887,30.9942,-12.8507,-36.4097
99758364,0.0010,-0.0004,0.0394,-0.2001,0.0674,0.0500,-0.0500,0.0372,-0.0288,-0.0243,0.0377,-0.2029,-0.9874,1.3189,-0.1935,30.9882,-12.8428,-36.3740
99763364,0.0014,-0.0015,0.1011,-0.1817,0.0185,0.0500,-0.0500,0.0291,-0.0283,-0.0252,0.0999,-0.1838,-0.9874,0.9496,-0.1411,30.9843,-12.8450,-36.3736
99768365,0.0021,-0.0024,0.1439,-0.1472,0.0417,0.0500,0.0200,0.0179,-0.0276,-0.0260,0.1431,-0.1485,-0.9874,-0.4748,-0.0887,30.9784,-12.8739,-36.3733
99773364,0.0030,-0.0031,0.2092,-0.1063,0.0283,-0.0200,0.0200,0.0016,-0.0266,-0.0265,0.2085,-0.1076,-0.9874,-0.4748,-0.0887,30.9744,-12.8758,-36.3737
99778364,0.0040,-0.0036,0.2355,-0.0791,-0.0136,-0.0200,-0.0661,-0.0500,-0.0254,-0.0269,0.2273,-0.0675,-0.9874,-0.8663,-0.0887,30.9685,-12.8866,-36.3742
99783364,0.0053,-0.0040,0.2272,-0.0736,-0.0209,0.0786,-0.0665,-0.0500,-0.0243,-0.0270,0.2239,-0.0381,-0.9874,-2.3765,0.0000,30.9645,-12.9237,-36.3732
99788364,0.0067,-0.0043,0.2355,-0.0819,0.0310,0.0831,-0.0727,-0.0500,-0.0233,-0.0273,0.2013,-0.0464,0.7994,-2.3765,0.0000,31.0003,-12.9379,-36.3732
99793365,0.0078,-0.0048,0.2248,-0.0489,0.0909,0.0838,-0.0682,-0.0500,-0.0224,-0.0273,0.1865,-0.0061,0.7994,-2.8613,0.0000,31.0035,-12.9574,-36.3732
99798365,0.0089,-0.0050,0.2202,0.0159,-0.0279,0.0884,-0.0546,0.0200,-0.0215,-0.0270,0.1806,0.0608,0.7994,-3.0068,0.0000,31.0083,-12.9783,-36.3732
99803364,0.0101,-0.0050,0.2349,0.0629,-0.0047,0.0951,-0.0475,0.0200,-0.0206,-0.0264,0.1782,0.1156,1.5318,-3.5231,0.0000,31.0267,-13.0011,-36.3732
99808365,0.0114,-0.0046,0.2117,0.0913,0.0564,0.0930,-0.0402,-0.0550,-0.0198,-0.0257,0.1458,0.1432,2.0389,-3.5231,-0.0524,31.0487,-13.0223,-36.3744
99813365,0.0123,-0.0042,0.1457,0.0959,0.0216,0.0799,-0.0299,-0.0508,-0.0195,-0.0249,0.0691,0.1568,2.3620,-4.1283,-0.0524,31.0634,-13.0495,-36.3746
99818364,0.0128,-0.0038,0.0452,0.0919,-0.0099,0.0554,-0.0164,-0.0387,-0.0198,-0.0241,-0.0502,0.1564,3.3314,-4.3717,-0.0524,31.1017,-13.0792,-36.3749
99823364,0.0128,-0.0033,-0.0360,0.1234,0.0265,0.0327,0.0018,-0.0356,-0.0205,-0.0233,-0.1573,0.1726,4.0742,-4.6151,-1.3218,31.1318,-13.1025,-36.4025
99828365,0.0125,-0.0026,-0.1109,0.1637,0.1117,0.0104,0.0500,-0.0365,-0.0218,-0.0223,-0.2447,0.2047,4.7387,-4.4041,-1.6636,31.1710,-13.1257,-36.4191
99833364,0.0117,-0.0018,-0.1833,0.2095,0.1492,-0.0500,0.0500,-0.0359,-0.0232,-0.0214,-0.2821,0.1796,4.7387,-4.4041,-1.9959,31.1900,-13.1433,-36.4325
99838364,0.0107,-0.0008,-0.2489,0.2309,0.0820,-0.0500,0.0500,-0.0350,-0.0245,-0.0204,-0.2728,0.1898,5.2735,-4.4041,-2.7712,31.2311,-13.1697,-36.4639
99843365,0.0092,0.0005,-0.3396,0.2431,0.0130,-0.0500,0.0500,-0.0267,-0.0264,-0.0194,-0.3635,0.2020,5.0854,-3.6769,-2.7712,31.2484,-13.1714,-36.4750
99848364,0.0075,0.0015,-0.3592,0.1939,0.0188,-0.0500,-0.0200,-0.0132,-0.0283,-0.0187,-0.3885,0.1434,3.7688,-2.7261,-3.3983,31.2485,-13.1713,-36.5059
99853365,0.0057,0.0022,-0.3418,0.1213,0.0167,0.0200,-0.0200,0.0016,-0.0302,-0.0183,-0.3711,0.0707,3.0635,-2.2227,-3.3983,31.2481,-13.1711,-36.5195
99858365,0.0041,0.0026,-0.3021,0.0556,-0.0194,0.0200,0.0509,0.0500,-0.0319,-0.0182,-0.3487,0.0248,2.2642,-1.6633,-3.7374,31.2482,-13.1714,-36.5478
99863365,0.0028,0.0026,-0.2443,-0.0119,-0.0933,-0.0521,0.0351,0.0500,-0.0333,-0.0182,-0.2833,-0.0007,1.8880,-0.7538,-3.7374,31.2490,-13.1587,-36.5628
99868364,0.0016,0.0024,-0.2004,-0.0510,-0.1180,-0.0435,0.0201,0.0500,-0.0344,-0.0185,-0.2148,-0.0668,1.3708,1.0551,-3.2960,31.2484,-13.1205,-36.5759
99873365,0.0007,0.0020,-0.1533,-0.0794,-0.0178,-0.0363,0.0071,0.0500,-0.0352,-0.0190,-0.1638,-0.0952,1.1357,1.0551,-2.6892,31.2487,-13.1162,-36.5757
99878364,0.0001,0.0016,-0.0867,-0.0953,0.1242,-0.0212,-0.0500,-0.0200,-0.0355,-0.0196,-0.0648,-0.1110,-0.7487,1.0551,-1.9721,31.2131,-13.1099,-36.5754
99883364,-0.0001,0.0010,-0.0165,-0.1145,0.2042,-0.0062,-0.0500,-0.0200,-0.0355,-0.0201,-0.0036,-0.1145,-0.7487,1.0551,-1.6411,31.2101,-13.1057,-36.5760
99888364,-0.0001,0.0001,0.0299,-0.1600,0.1062,0.0500,-0.0500,0.0307,-0.0354,-0.0210,0.0325,-0.1779,-0.7487,1.0551,-1.1998,31.2056,-13.0993,-36.5757
99893364,0.0005,-0.0007,0.1542,-0.1378,0.0607,0.0500,-0.0500,0.0121,-0.0346,-0.0218,0.1499,-0.1452,-0.7487,-0.2110,-0.5015,31.2026,-13.1234,-36.5658
99898365,0.0015,-0.0015,0.2172,-0.1042,0.0402,0.0500,0.0200,-0.0500,-0.0335,-0.0222,0.2255,-0.0897,-0.7487,-0.2110,0.9686,31.1982,-13.1246,-36.5338
99903364,0.0027,-0.0020,0.2728,-0.0751,-0.0062,0.0500,0.0200,-0.0500,-0.0321,-0.0226,0.2728,-0.0751,-0.7487,-0.2110,0.9686,31.1952,-13.1255,-36.5299
99908364,0.0041,-0.0023,0.3070,-0.0510,-0.0200,-0.0200,-0.0643,-0.0500,-0.0307,-0.0228,0.2979,-0.0353,-0.7487,-1.0500,0.9686,31.1907,-13.1443,-36.5241
99913364,0.0058,-0.0025,0.2996,-0.0452,0.0106,-0.0200,-0.0652,-0.0500,-0.0293,-0.0228,0.2805,-0.0120,-0.7487,-2.2246,0.9686,31.1877,-13.1750,-36.5202
99918365,0.0075,-0.0028,0.2853,-0.0455,0.0347,0.1005,-0.0683,0.0200,-0.0279,-0.0229,0.2763,-0.0122,-0.5883,-2.2246,0.9686,31.1864,-13.1884,-36.5144
99923364,0.0088,-0.0032,0.2511,-0.0247,0.0665,0.0944,-0.0619,0.0200,-0.0268,-0.0228,0.2115,0.0201,0.8022,-3.0003,0.9686,31.2151,-13.2141,-36.5105
99928364,0.0099,-0.0036,0.2196,-0.0278,0.0539,0.0909,-0.0624,-0.0306,-0.0259,-0.0227,0.1763,0.0106,0.8022,-3.0003,-0.4359,31.2199,-13.2321,-36.5353
99933364,0.0110,-0.0037,0.2361,0.0226,0.0078,0.0997,-0.0549,-0.0451,-0.0250,-0.0224,0.1883,0.0673,0.8022,-3.4650,-0.4843,31.2231,-13.2542,-36.5382
99938365,0.0121,-0.0035,0.2046,0.0773,-0.0325,0.0969,-0.0403,-0.0553,-0.0242,-0.0218,0.1569,0.1220,0.8022,-3.4650,-0.4843,31.2279,-13.2750,-36.5411
99943365,0.0131,-0.0031,0.1539,0.1060,-0.0780,0.0876,-0.0265,-0.0581,-0.0237,-0.0210,0.0924,0.1605,1.2724,-4.1252,-0.4843,31.2408,-13.3039,-36.5430
99948364,0.0138,-0.0027,0.0797,0.1093,-0.0423,0.0692,-0.0165,-0.0511,-0.0238,-0.0202,-0.0052,0.1506,1.6486,-4.6607,-1.9186,31.2580,-13.3401,-36.5783
99953364,0.0140,-0.0021,-0.0015,0.1252,0.0057,0.0478,-0.0013,-0.0467,-0.0243,-0.0194,-0.1040,0.1664,2.6628,-4.6607,-1.9186,31.2860,-13.3588,-36.5860
99958365,0.0138,-0.0015,-0.0751,0.1362,0.0362,0.0276,0.0500,-0.0411,-0.0252,-0.0185,-0.1872,0.1689,2.7755,-4.8189,-2.6528,31.3048,-13.3905,-36.6127
99963365,0.0134,-0.0008,-0.1277,0.1643,0.0561,0.0142,0.0500,-0.0381,-0.0263,-0.0180,-0.2168,0.1185,3.6371,-4.8189,-3.0723,31.3340,-13.4098,-36.6332
99968364,0.0126,-0.0000,-0.1906,0.1979,0.0374,-0.0500,0.0500,-0.0370,-0.0278,-0.0173,-0.2909,0.1390,3.8525,-3.9799,-3.9511,31.3613,-13.4204,-36.6730
99973365,0.0116,0.0010,-0.2379,0.2031,0.0051,-0.0500,0.0500,-0.0350,-0.0292,-0.0166,-0.2782,0.1338,4.0382,-3.2528,-4.6710,31.3808,-13.4204,-36.7040
99978365,0.0103,0.0021,-0.2679,0.2025,0.0130,-0.0500,-0.0200,-0.0325,-0.0307,-0.0159,-0.3081,0.1331,4.0382,-2.4138,-4.6710,31.4050,-13.4206,-36.7320
99983365,0.0091,0.0027,-0.2538,0.0916,0.0090,-0.0500,-0.0200,-0.0092,-0.0322,-0.0158,-0.2973,0.0168,3.6506,-1.9664,-5.0368,31.4130,-13.4205,-36.7589
99988365,0.0078,0.0029,-0.2309,0.0055,-0.0020,0.0200,0.0230,0.0500,-0.0336,-0.0161,-0.2891,-0.0511,2.7092,-1.4630,-5.2790,31.4131,-13.4208,-36.7944
99993365,0.0068,0.0026,-0.1918,-0.0638,-0.0737,0.0200,0.0083,0.0500,-0.0346,-0.0163,-0.2020,-0.0461,2.2109,-1.1833,-5.2790,31.4130,-13.4205,-36.8155
99998364,0.0058,0.0021,-0.1662,-0.0941,-0.1159,-0.0194,-0.0005,0.0500,-0.0356,-0.0167,-0.1954,-0.0806,1.2482,-0.9036,-5.1687,31.4050,-13.4211,-36.8446
100003365,0.0052,0.0014,-0.0889,-0.1295,-0.0560,-0.0011,-0.0500,0.0500,-0.0361,-0.0173,-0.0912,-0.1185,-0.2321,-0.7358,-5.1687,31.3774,-13.4210,-36.8652
100008365,0.0049,0.0007,-0.0376,-0.1640,0.0533,0.0500,-0.0500,-0.0200,-0.0362,-0.0181,-0.0312,-0.1640,-0.3714,-0.5121,-4.1724,31.3724,-13.4203,-36.8741
100013364,0.0050,-0.0003,0.0504,-0.2071,0.1443,0.0500,-0.0500,-0.0200,-0.0360,-0.0192,0.0504,-0.2071,-0.3714,-0.4562,-3.3858,31.3709,-13.4212,-36.8735
100018365,0.0054,-0.0016,0.1170,-0.2547,0.1569,0.0500,-0.0500,0.0367,-0.0355,-0.0206,0.0955,-0.2918,-0.3714,-0.3443,-2.4943,31.3687,-13.4212,-36.8733
100023364,0.0062,-0.0031,0.1652,-0.2544,0.1153,0.0500,0.0200,0.0341,-0.0348,-0.0221,0.1474,-0.2853,-0.3714,-0.2884,-2.0748,31.3672,-13.4213,-36.8741
100028364,0.0072,-0.0041,0.1799,-0.1399,0.1434,-0.0200,0.0200,0.0076,-0.0339,-0.0229,0.1670,-0.1622,-0.3714,-0.2324,-1.4980,31.3650,-13.4216,-36.8732
100033364,0.0082,-0.0047,0.1878,-0.0880,0.1850,-0.0200,-0.0786,-0.0500,-0.0331,-0.0234,0.1752,-0.1029,-0.3714,-0.2324,-1.2358,31.3635,-13.4225,-36.8735
100038365,0.0091,-0.0050,0.2114,-0.0706,0.1505,0.0874,-0.0793,-0.0500,-0.0320,-0.0237,0.2054,-0.0671,0.2321,-0.2324,-0.9212,31.3763,-13.4239,-36.8737
100043364,0.0100,-0.0053,0.2150,-0.0476,0.0035,0.0939,-0.0756,-0.0500,-0.0310,-0.0239,0.2090,-0.0442,0.2321,-0.2324,0.3310,31.3772,-13.4248,-36.8503
100048365,0.0112,-0.0058,0.2123,-0.0470,-0.1174,0.0985,-0.0761,-0.0500,-0.0300,-0.0241,0.1943,-0.0276,0.3982,-1.2990,1.4343,31.3819,-13.4489,-36.8211
100053365,0.0124,-0.0061,0.2159,-0.0067,-0.0667,0.1014,-0.0702,0.0200,-0.0292,-0.0240,0.1685,0.0206,1.8380,-1.8323,0.9378,31.4157,-13.4665,-36.8266
100058364,0.0135,-0.0060,0.1988,0.0593,0.0943,0.0991,-0.0576,0.0200,-0.0284,-0.0235,0.1514,0.0866,1.8380,-1.8323,0.6620,31.4267,-13.4775,-36.8273
100063364,0.0145,-0.0058,0.1729,0.0788,0.1590,0.0959,-0.0508,-0.0512,-0.0278,-0.0229,0.1231,0.1267,1.8380,-2.6585,0.5517,31.4340,-13.5037,-36.8271
100068364,0.0154,-0.0053,0.1353,0.0990,0.0729,0.0896,-0.0399,-0.0525,-0.0275,-0.0222,0.0657,0.1443,2.9076,-2.6585,0.3862,31.4701,-13.5196,-36.8275
100073364,0.0161,-0.0049,0.0855,0.0919,-0.0325,0.0794,-0.0328,-0.0454,-0.0275,-0.0215,-0.0058,0.1401,3.3779,-3.5387,-0.3146,31.4914,-13.5503,-36.8401
100078364,0.0160,-0.0044,-0.0672,0.1210,0.0451,0.0375,-0.0063,-0.0329,-0.0284,-0.0207,-0.1860,0.1531,3.9980,-3.9768,-1.8353,31.5258,-13.5805,-36.8787
100083365,0.0155,-0.0037,-0.1420,0.1585,0.0903,0.0153,0.0500,-0.0332,-0.0298,-0.0198,-0.2707,0.1942,4.4488,-4.2202,-1.8353,31.5523,-13.6021,-36.8860
100088365,0.0146,-0.0029,-0.2034,0.2034,0.0478,-0.0014,0.0500,-0.0322,-0.0313,-0.0189,-0.3118,0.1707,5.2027,-4.1147,-2.1771,31.5955,-13.6252,-36.9040
100093365,0.0136,-0.0018,-0.2584,0.2300,0.0115,-0.0500,0.0500,-0.0320,-0.0332,-0.0179,-0.3689,0.1937,5.2027,-4.1147,-2.4212,31.6163,-13.6417,-36.9185
100098365,0.0123,-0.0006,-0.3030,0.2300,0.0335,-0.0500,0.0500,-0.0316,-0.0348,-0.0170,-0.3238,0.1941,5.4349,-4.1147,-2.4212,31.6534,-13.6664,-36.9330
100103365,0.0108,0.0006,-0.3320,0.2211,0.0781,-0.0500,-0.0200,-0.0278,-0.0366,-0.0160,-0.3529,0.1852,4.8811,-3.5553,-2.4212,31.6635,-13.6708,-36.9427
100108365,0.0090,0.0017,-0.3323,0.2089,0.0958,-0.0500,-0.0200,-0.0252,-0.0383,-0.0152,-0.3565,0.1672,3.6075,-2.6045,-2.8089,31.6632,-13.6703,-36.9670
100113364,0.0073,0.0026,-0.3155,0.1677,0.0720,0.0200,0.0707,-0.0192,-0.0401,-0.0144,-0.3583,0.1582,2.9430,-2.1570,-2.8089,31.6630,-13.6709,-36.9782
100118364,0.0058,0.0032,-0.2697,0.1051,-0.0111,0.0200,0.0556,-0.0086,-0.0416,-0.0140,-0.3010,0.0755,2.1677,-0.8159,-2.8089,31.6628,-13.6544,-36.9951
100123365,0.0050,0.0032,-0.1503,-0.0153,-0.0401,-0.0209,0.0156,0.0500,-0.0426,-0.0144,-0.1978,-0.0682,1.7801,0.7914,-2.7566,31.6629,-13.6218,-37.0051
100128365,0.0042,0.0031,-0.1228,-0.0235,-0.0661,-0.0143,0.0134,0.0500,-0.0433,-0.0146,-0.1390,-0.0354,1.3371,0.7914,-2.7566,31.6633,-13.6170,-37.0217
100133365,0.0038,0.0029,-0.0583,-0.0507,-0.0108,-0.0002,-0.0014,0.0500,-0.0437,-0.0149,-0.0697,-0.0625,1.0602,0.7914,-2.7566,31.6626,-13.6139,-37.0327
100138365,0.0036,0.0027,-0.0140,-0.0620,0.1147,0.0500,-0.0500,0.0500,-0.0436,-0.0152,0.0080,-0.0738,-0.8821,0.7914,-2.1270,31.6240,-13.6091,-37.0351
100143364,0.0037,0.0022,0.0547,-0.1051,0.1975,0.0500,-0.0500,-0.0200,-0.0434,-0.0158,0.0547,-0.1051,-0.8821,0.7914,-1.8364,31.6212,-13.6066,-37.0360
100148364,0.0041,0.0014,0.1005,-0.1616,0.1688,0.0500,-0.0500,-0.0200,-0.0429,-0.0166,0.1005,-0.1616,-0.8821,0.7914,-1.3036,31.6152,-13.6012,-37.0356
100153364,0.0049,0.0003,0.1414,-0.1713,0.0823,0.0500,-0.0500,0.0088,-0.0422,-0.0175,0.1323,-0.1871,-0.8821,-0.3693,-1.0615,31.6116,-13.6229,-37.0355
100158364,0.0059,-0.0006,0.2062,-0.1509,0.0432,-0.0200,0.0200,-0.0500,-0.0412,-0.0183,0.1995,-0.1624,-0.8821,-0.3693,-0.7709,31.6064,-13.6243,-37.0352
100163364,0.0070,-0.0014,0.2330,-0.0983,0.0909,-0.0200,0.0200,-0.0500,-0.0400,-0.0188,0.2330,-0.0983,0.1393,-0.3693,-0.4127,31.6252,-13.6265,-37.0309
100168365,0.0082,-0.0017,0.2627,-0.0269,0.0949,0.0971,-0.0614,-0.0500,-0.0388,-0.0189,0.2532,-0.0147,0.1393,-0.8168,1.1497,31.6261,-13.6372,-36.9956
100173364,0.0099,-0.0018,0.2862,-0.0162,0.0393,0.1093,-0.0628,-0.0500,-0.0374,-0.0188,0.2643,0.0178,0.1393,-2.2710,1.1497,31.6266,-13.6774,-36.9910
100178365,0.0111,-0.0019,0.2810,-0.0342,0.0243,0.1111,-0.0678,0.0200,-0.0363,-0.0188,0.2304,-0.0003,1.8005,-2.2710,0.9930,31.6662,-13.6865,-36.9873
100183365,0.0126,-0.0023,0.2749,-0.0275,-0.0059,0.1154,-0.0686,0.0200,-0.0352,-0.0187,0.2185,0.0166,1.8005,-2.9497,0.3136,31.6734,-13.7149,-36.9990
100188364,0.0140,-0.0026,0.2896,-0.0073,0.0301,0.1243,-0.0701,-0.0554,-0.0340,-0.0185,0.2350,0.0398,1.8005,-2.9497,0.2090,31.6842,-13.7267,-36.9996
100193364,0.0154,-0.0025,0.2566,0.0541,0.1129,0.1191,-0.0550,-0.0684,-0.0331,-0.0180,0.1795,0.1066,2.8702,-3.3628,0.1568,31.7171,-13.7533,-37.0000
100198365,0.0168,-0.0021,0.2269,0.0919,0.1098,0.1160,-0.0457,-0.0745,-0.0325,-0.0174,0.1352,0.1192,2.8702,-3.3628,-1.5498,31.7285,-13.7667,-37.0384
100203365,0.0177,-0.0017,0.1457,0.0889,0.0982,0.0980,-0.0349,-0.0669,-0.0323,-0.0168,0.0342,0.1260,3.6882,-4.0230,-1.5498,31.7657,-13.8018,-37.0434
100208364,0.0183,-0.0012,0.0709,0.1191,0.0930,0.0806,-0.0178,-0.0664,-0.0326,-0.0160,-0.0542,0.1561,4.4770,-4.0230,-1.5498,31.7986,-13.8179,-37.0539
100213365,0.0185,-0.0005,-0.0131,0.1741,0.0185,0.0588,0.0500,-0.0683,-0.0334,-0.0149,-0.1662,0.2077,5.5002,-4.5098,-2.2670,31.8490,-13.8537,-37.0738
100218364,0.0177,0.0005,-0.1866,0.2263,0.0491,0.0138,0.0500,-0.0563,-0.0350,-0.0140,-0.3138,0.1905,6.1966,-4.5098,-2.3773,31.8868,-13.8718,-37.0921
100223364,0.0166,0.0015,-0.2535,0.2550,0.0781,-0.0500,0.0500,-0.0553,-0.0369,-0.0129,-0.3934,0.2153,6.8057,-4.1405,-2.6395,31.9388,-13.8895,-37.1051
100228365,0.0153,0.0030,-0.3143,0.2908,0.0814,-0.0500,0.0500,-0.0604,-0.0387,-0.0118,-0.3497,0.2299,7.3940,-4.1405,-4.1060,31.9795,-13.9061,-37.1571
100233365,0.0136,0.0044,-0.3665,0.2831,0.0411,-0.0500,-0.0200,-0.0533,-0.0407,-0.0107,-0.4028,0.2208,7.6761,-3.6371,-4.2036,32.0307,-13.9203,-37.1727
100238365,0.0117,0.0058,-0.3812,0.2447,0.0249,-0.0500,-0.0200,-0.0427,-0.0428,-0.0098,-0.4247,0.1699,7.7325,-3.0218,-5.0343,32.0627,-13.9213,-37.2215
100243364,0.0099,0.0069,-0.3635,0.1979,0.0827,0.0200,0.0912,-0.0363,-0.0450,-0.0091,-0.4314,0.1481,6.7631,-2.2388,-5.6092,32.0885,-13.9212,-37.2497
100248364,0.0081,0.0076,-0.3323,0.1087,0.1062,0.0200,0.0710,-0.0182,-0.0469,-0.0089,-0.3911,0.0287,5.5245,-0.7025,-6.0935,32.0884,-13.8968,-37.2984
100253365,0.0065,0.0078,-0.3152,0.0211,0.0182,-0.0627,0.0557,0.0500,-0.0491,-0.0093,-0.4366,-0.0833,4.1243,0.5803,-6.4245,32.0891,-13.8700,-37.3249
100258364,0.0050,0.0077,-0.3048,-0.0357,-0.1495,-0.0586,0.0507,0.0500,-0.0509,-0.0096,-0.3577,-0.0445,3.3703,0.5803,-6.4797,32.0890,-13.8676,-37.3698
100263365,0.0039,0.0074,-0.2581,-0.0919,-0.0395,-0.0517,0.0317,0.0500,-0.0524,-0.0101,-0.2961,-0.1007,2.5086,0.5803,-6.4797,32.0892,-13.8641,-37.4022
100268365,0.0027,0.0067,-0.2129,-0.1316,0.1046,-0.0465,0.0154,0.0500,-0.0536,-0.0108,-0.2426,-0.1403,2.0239,0.5803,-6.2356,32.0885,-13.8618,-37.4226
100273364,0.0018,0.0058,-0.1524,-0.1998,0.1324,-0.0344,-0.0500,-0.0200,-0.0544,-0.0118,-0.1729,-0.2084,1.4854,0.5803,-5.8479,32.0883,-13.8583,-37.4520
100278364,0.0013,0.0046,-0.0764,-0.2706,0.0912,-0.0166,-0.0500,-0.0200,-0.0549,-0.0132,-0.0973,-0.2706,1.2161,0.5803,-4.7957,32.0884,-13.8560,-37.4522
100283364,0.0011,0.0030,-0.0226,-0.3158,0.0894,-0.0059,-0.0500,0.0629,-0.0553,-0.0150,-0.0664,-0.3683,0.7778,0.5803,-3.5220,32.0860,-13.8525,-37.4516
100288365,0.0011,0.0011,-0.0021,-0.3290,0.1532,0.0011,-0.0500,0.0670,-0.0553,-0.0169,-0.0098,-0.3724,-1.0142,0.5803,-2.9128,32.0496,-13.8502,-37.4523
100293365,0.0012,-0.0006,0.0232,-0.2987,0.1804,0.0500,0.0200,0.0613,-0.0552,-0.0185,0.0310,-0.3306,-1.5213,0.5803,-2.1375,32.0306,-13.8467,-37.4518
100298365,0.0015,-0.0020,0.0797,-0.2376,0.1034,0.0500,0.0200,0.0467,-0.0548,-0.0198,0.0647,-0.2637,-1.5213,0.0000,-1.7498,32.0246,-13.8564,-37.4518
100303365,0.0021,-0.0030,0.1429,-0.1744,0.0148,0.0500,-0.0706,0.0275,-0.0542,-0.0207,0.1249,-0.1821,-1.5213,-0.7914,-1.3068,32.0154,-13.8762,-37.4521
100308365,0.0030,-0.0040,0.2251,-0.1683,-0.0414,0.0500,-0.0840,0.0176,-0.0532,-0.0216,0.2090,-0.1726,-1.5213,-0.7914,-1.0852,32.0093,-13.8793,-37.4523
100313364,0.0041,-0.0048,0.2282,-0.1912,0.0875,-0.0200,-0.0949,0.0189,-0.0520,-0.0224,0.2281,-0.1678,-1.5213,-0.7914,0.7812,32.0002,-13.8841,-37.4171
100318364,0.0054,-0.0057,0.2379,-0.1210,0.1862,-0.0200,-0.0868,0.0008,-0.0508,-0.0229,0.2374,-0.0866,-0.1784,-1.1829,1.1229,32.0229,-13.8952,-37.4059
100323364,0.0066,-0.0063,0.2526,-0.0666,0.1187,0.0868,-0.0786,-0.0500,-0.0497,-0.0230,0.2318,-0.0155,0.6198,-2.3015,1.1229,32.0417,-13.9299,-37.3992
100328364,0.0079,-0.0064,0.2813,0.0211,0.0933,0.0987,-0.0661,-0.0500,-0.0484,-0.0227,0.2484,0.0598,0.6198,-2.5924,1.1229,32.0441,-13.9451,-37.3947
100333365,0.0094,-0.0061,0.2941,0.1014,0.1407,0.1068,-0.0521,-0.0500,-0.0472,-0.0219,0.2558,0.1496,0.6198,-3.2227,1.1229,32.0479,-13.9764,-37.3879
100338364,0.0112,-0.0055,0.3186,0.1344,0.1208,0.1179,-0.0473,-0.0500,-0.0459,-0.0209,0.2466,0.1941,2.1815,-3.9972,1.1229,32.0843,-14.0070,-37.3834
100343364,0.0129,-0.0047,0.2947,0.1854,-0.0010,0.1196,-0.0310,0.0200,-0.0449,-0.0197,0.2130,0.2558,2.3970,-4.7124,1.1229,32.1029,-14.0461,-37.3767
100348364,0.0143,-0.0039,0.2569,0.2034,-0.1382,0.1167,-0.0203,0.0200,-0.0440,-0.0183,0.1631,0.2738,3.0933,-4.7124,0.0488,32.1274,-14.0650,-37.3951
100353365,0.0155,-0.0028,0.2007,0.2651,0.0475,0.1031,0.0002,-0.1052,-0.0436,-0.0166,0.0841,0.3348,3.7578,-5.3452,-0.6835,32.1597,-14.1090,-37.4131
100358364,0.0162,-0.0017,0.1008,0.2621,0.1575,0.0789,0.0500,-0.0985,-0.0437,-0.0149,-0.0219,0.3341,3.9240,-5.6090,-0.7943,32.1787,-14.1364,-37.4181
100363365,0.0165,-0.0003,0.0156,0.2758,0.1224,0.0602,0.0500,-0.0892,-0.0442,-0.0137,-0.0934,0.2414,5.1817,-5.6090,-2.2895,32.2316,-14.1700,-37.4591
100368365,0.0163,0.0011,-0.0757,0.2786,0.0542,0.0368,0.0500,-0.0815,-0.0452,-0.0125,-0.1936,0.2441,5.6989,-5.4412,-2.2895,32.2644,-14.1885,-37.4683
100373365,0.0159,0.0024,-0.1347,0.2886,0.0820,0.0179,0.0500,-0.0786,-0.0466,-0.0113,-0.2770,0.2432,6.7545,-4.9564,-3.0212,32.3235,-14.2110,-37.4972
100378364,0.0150,0.0038,-0.1713,0.3360,0.1990,0.0029,-0.0200,-0.0886,-0.0482,-0.0099,-0.3238,0.2898,7.3246,-4.0838,-3.0735,32.3635,-14.2116,-37.5106
100383365,0.0141,0.0054,-0.1915,0.3592,0.2403,-0.0500,-0.0200,-0.0937,-0.0500,-0.0083,-0.3616,0.3007,7.9354,-3.0172,-3.8968,32.4217,-14.2114,-37.5490
100388364,0.0131,0.0072,-0.1998,0.3403,0.1682,-0.0500,0.0954,-0.0977,-0.0513,-0.0068,-0.2591,0.3005,7.9354,-2.0775,-4.7795,32.4534,-14.2034,-37.5845
100393364,0.0121,0.0088,-0.2172,0.2856,0.1053,-0.0500,0.0910,-0.0839,-0.0526,-0.0058,-0.2664,0.2064,7.7732,-0.1758,-5.5136,32.4987,-14.1705,-37.6290
100398365,0.0111,0.0098,-0.2196,0.1646,-0.0200,-0.0500,0.0716,-0.0560,-0.0540,-0.0054,-0.2748,0.0753,7.4910,-0.1758,-6.1971,32.5232,-14.1712,-37.6658
100403364,0.0100,0.0096,-0.2080,-0.0510,-0.1000,0.0200,0.0254,-0.0059,-0.0553,-0.0062,-0.2690,-0.1519,6.1388,-0.1198,-6.9171,32.5384,-14.1709,-37.7196
100408365,0.0090,0.0094,-0.2062,-0.0782,-0.1541,0.0200,0.0206,0.0500,-0.0567,-0.0071,-0.2717,-0.1869,5.0119,-0.1198,-7.4397,32.5382,-14.1714,-37.7587
100413364,0.0082,0.0090,-0.1943,-0.0874,-0.0997,-0.0194,0.0238,0.0500,-0.0580,-0.0076,-0.2586,-0.0866,3.7161,-0.0639,-8.3101,32.5384,-14.1707,-37.8230
100418364,0.0073,0.0085,-0.1729,-0.1161,0.0445,-0.0186,0.0129,0.0500,-0.0591,-0.0081,-0.2256,-0.1152,3.0399,-0.0639,-8.4205,32.5383,-14.1709,-37.8589
100423364,0.0065,0.0076,-0.1500,-0.2016,0.1016,-0.0158,-0.0500,0.0500,-0.0601,-0.0091,-0.1892,-0.2007,2.2511,-0.0639,-8.4241,32.5384,-14.1713,-37.9097
100428365,0.0059,0.0061,-0.1051,-0.3283,0.0582,-0.0059,-0.0500,-0.0200,-0.0607,-0.0108,-0.1370,-0.3284,1.8567,0.0000,-7.8382,32.5387,-14.1703,-37.9298
100433365,0.0055,0.0041,-0.0724,-0.4145,-0.0120,0.0500,-0.0500,-0.0200,-0.0612,-0.0129,-0.0956,-0.4145,1.3496,0.0000,-6.6752,32.5381,-14.1703,-37.9518
100438364,0.0055,0.0017,-0.0272,-0.4505,-0.0108,0.0500,-0.0500,0.0919,-0.0616,-0.0155,-0.0742,-0.5317,1.1243,0.0000,-5.4569,32.5386,-14.1703,-37.9517
100443364,0.0055,-0.0007,0.0034,-0.4328,0.0900,0.0500,0.0200,0.0896,-0.0617,-0.0180,-0.0317,-0.4934,0.8426,0.0000,-4.0724,32.5387,-14.1703,-37.9524
100448365,0.0058,-0.0024,0.0712,-0.2807,0.1511,0.0500,0.0200,0.0513,-0.0615,-0.0196,0.0424,-0.3306,0.6735,-0.0559,-3.3524,32.5383,-14.1714,-37.9527
100453365,0.0063,-0.0037,0.1139,-0.2190,0.0665,-0.0200,-0.0904,0.0371,-0.0611,-0.0210,0.0847,-0.2680,0.5045,-0.0559,-3.3524,32.5385,-14.1717,-37.9728
100458365,0.0068,-0.0046,0.1362,-0.1939,0.0756,-0.0200,-0.0921,0.0308,-0.0606,-0.0222,0.1070,-0.2430,0.5045,-0.0559,-3.3524,32.5404,-14.1720,-37.9862
100463365,0.0074,-0.0056,0.1417,-0.1839,0.1059,0.0611,-0.0914,0.0262,-0.0600,-0.0231,0.1064,-0.1748,0.5045,-1.8497,-1.2480,32.5434,-14.2147,-37.9594
100468365,0.0081,-0.0067,0.1356,-0.1805,0.0600,0.0636,-0.0945,0.0285,-0.0595,-0.0239,0.1051,-0.1632,0.5045,-1.8497,-0.6942,32.5454,-14.2221,-37.9517
100473365,0.0089,-0.0076,0.1536,-0.1289,0.0371,0.0711,-0.0889,0.0164,-0.0589,-0.0244,0.1201,-0.1014,0.5045,-2.3661,-0.5281,32.5485,-14.2438,-37.9520
100478364,0.0096,-0.0079,0.1503,-0.0150,0.0790,0.0721,-0.0663,-0.0500,-0.0584,-0.0243,0.1076,0.0173,0.9892,-2.5726,-0.4173,32.5604,-14.2582,-37.9517
100483365,0.0105,-0.0078,0.1628,0.0757,0.1272,0.0759,-0.0475,-0.0500,-0.0579,-0.0237,0.0933,0.1298,2.2278,-3.6178,-0.3065,32.5967,-14.2961,-37.9517
100488364,0.0113,-0.0073,0.1619,0.1585,0.2042,0.0782,-0.0300,-0.0500,-0.0575,-0.0226,0.0912,0.2147,2.2278,-3.7639,-0.2512,32.6056,-14.3135,-37.9517
100493364,0.0123,-0.0062,0.1628,0.2514,0.0973,0.0822,-0.0053,-0.0500,-0.0571,-0.0210,0.0741,0.3208,2.8313,-4.6483,1.5623,32.6333,-14.3576,-37.9106
100498365,0.0131,-0.0049,0.1158,0.2834,0.0109,0.0739,0.0500,0.0200,-0.0570,-0.0192,0.0172,0.3600,3.1636,-5.1231,1.2694,32.6514,-14.3873,-37.9108
100503364,0.0136,-0.0036,0.0626,0.3024,0.0463,0.0650,0.0500,0.0200,-0.0570,-0.0177,0.0004,0.3021,3.6066,-5.5706,0.9276,32.6816,-14.4276,-37.9111
100508365,0.0138,-0.0021,-0.0076,0.3265,0.1382,0.0461,0.0500,-0.0904,-0.0574,-0.0160,-0.0797,0.3377,4.5693,-5.5706,0.7812,32.7172,-14.4499,-37.9106
100513364,0.0136,-0.0003,-0.0794,0.3690,0.1969,0.0246,0.0500,-0.0941,-0.0583,-0.0142,-0.1774,0.3521,5.1335,-4.5525,-1.1076,32.7571,-14.4610,-37.9473
100518364,0.0131,0.0016,-0.1524,0.3937,0.1618,0.0038,-0.0200,-0.0949,-0.0596,-0.0123,-0.2609,0.3735,5.6406,-3.7283,-1.3291,32.7880,-14.4611,-37.9569
100523365,0.0121,0.0037,-0.1885,0.3919,0.1529,-0.0500,-0.0200,-0.0953,-0.0611,-0.0105,-0.2979,0.3717,5.6970,-2.7587,-1.3291,32.8233,-14.4611,-37.9649
100528364,0.0111,0.0058,-0.1982,0.3919,0.2641,-0.0500,0.1069,-0.1058,-0.0622,-0.0085,-0.2294,0.4062,6.1278,-2.2739,-1.3291,32.8562,-14.4615,-37.9702
100533365,0.0100,0.0076,-0.1881,0.3592,0.3426,-0.0500,0.1049,-0.1039,-0.0633,-0.0067,-0.2211,0.3531,6.0814,-1.6922,-2.1130,32.8919,-14.4616,-37.9946
100538365,0.0091,0.0093,-0.1668,0.3009,0.1196,-0.0500,0.0992,-0.0944,-0.0643,-0.0053,-0.1986,0.2866,5.9152,-1.3528,-2.3221,32.9128,-14.4609,-38.0080
100543364,0.0084,0.0103,-0.1417,0.1723,-0.0246,0.0200,0.0727,-0.0679,-0.0652,-0.0046,-0.1722,0.1281,4.4755,-0.2714,-3.2423,32.9148,-14.4457,-38.0433
100548364,0.0077,0.0110,-0.1411,0.1188,-0.0771,0.0200,0.0635,-0.0545,-0.0660,-0.0044,-0.1701,0.0425,4.4755,0.8949,-4.2353,32.9327,-14.4202,-38.0773
100553364,0.0070,0.0115,-0.1319,0.0809,-0.0524,-0.0128,0.0596,-0.0448,-0.0672,-0.0044,-0.2418,-0.0026,4.4755,0.8949,-4.7072,32.9596,-14.4149,-38.1124
100558365,0.0065,0.0117,-0.0797,0.0156,0.0087,-0.0020,0.0388,-0.0371,-0.0682,-0.0048,-0.1843,-0.0778,3.8337,0.8949,-5.3672,32.9636,-14.4113,-38.1458
100563364,0.0062,0.0116,-0.0394,-0.0391,0.0552,0.0500,0.0182,-0.0284,-0.0688,-0.0057,-0.1228,-0.1685,2.8175,2.3194,-6.3604,32.9631,-14.3751,-38.2005
100568365,0.0063,0.0110,0.0220,-0.1417,0.0924,0.0500,-0.0500,-0.0139,-0.0688,-0.0070,-0.0126,-0.2734,2.2827,2.4249,-6.4158,32.9627,-14.3633,-38.2273
100573365,0.0065,0.0100,0.0495,-0.2379,0.1001,0.0500,-0.0500,0.0500,-0.0689,-0.0087,-0.0084,-0.3372,1.6944,2.4249,-6.6771,32.9629,-14.3488,-38.2720
100578364,0.0070,0.0085,0.0687,-0.3137,0.0759,0.0500,-0.0500,0.0500,-0.0685,-0.0103,0.0687,-0.3137,1.3735,2.6196,-6.7255,32.9627,-14.3350,-38.2997
100583365,0.0076,0.0066,0.0751,-0.3564,0.0494,-0.0200,-0.0500,0.0500,-0.0682,-0.0121,0.0751,-0.3564,1.0526,2.6196,-6.2842,32.9635,-14.3193,-38.3307
100588364,0.0080,0.0044,0.0916,-0.3961,0.0665,-0.0200,0.0200,0.0500,-0.0677,-0.0140,0.0916,-0.3961,0.8387,2.4249,-6.2842,32.9630,-14.3127,-38.3558
100593365,0.0083,0.0023,0.1048,-0.4065,0.0747,0.0580,0.0200,-0.0200,-0.0672,-0.0161,0.0940,-0.4066,0.6248,0.7698,-5.3928,32.9631,-14.3375,-38.3742
100598364,0.0090,0.0001,0.1048,-0.3815,0.0762,0.0611,-0.1153,-0.0200,-0.0667,-0.0180,0.1012,-0.3908,0.5178,0.6237,-4.3965,32.9633,-14.3376,-38.3738
100603364,0.0095,-0.0017,0.0953,-0.3207,0.0631,0.0591,-0.1102,0.0487,-0.0664,-0.0199,0.0645,-0.3745,0.3574,0.3722,-3.2428,32.9627,-14.3394,-38.3736
100608365,0.0100,-0.0033,0.1020,-0.2532,0.0842,0.0619,-0.1005,0.0353,-0.0661,-0.0213,0.0635,-0.2746,0.3039,-1.2134,-2.6660,32.9630,-14.3728,-38.3739
100613365,0.0105,-0.0043,0.1151,-0.1750,0.1410,0.0669,-0.0901,0.0177,-0.0657,-0.0222,0.0834,-0.1863,0.2504,-1.2134,-1.9843,32.9636,-14.3801,-38.3741
100618364,0.0111,-0.0050,0.1503,-0.1145,0.1810,0.0780,-0.0853,0.0004,-0.0651,-0.0228,0.1226,-0.1204,0.1969,-1.2134,-1.6173,32.9633,-14.3850,-38.3739
100623365,0.0120,-0.0056,0.1927,-0.1191,0.1584,0.0916,-0.0928,-0.0500,-0.0643,-0.0233,0.1567,-0.0978,0.1969,-2.6117,-1.1978,32.9645,-14.4223,-38.3739
100628365,0.0131,-0.0061,0.2086,-0.1179,0.0940,0.1020,-0.0969,-0.0500,-0.0634,-0.0237,0.1824,-0.0780,0.1969,-2.6602,-0.9880,32.9652,-14.4337,-38.3740
100633364,0.0141,-0.0064,0.1759,-0.0162,0.0866,0.0953,-0.0713,-0.0500,-0.0628,-0.0235,0.1162,0.0396,1.6075,-3.7299,-0.7258,32.9972,-14.4758,-38.3738
100638365,0.0150,-0.0061,0.1439,0.0980,0.1037,0.0894,-0.0422,-0.0500,-0.0624,-0.0227,0.0720,0.1654,1.9270,-4.5045,-0.5685,33.0104,-14.5085,-38.3733
100643365,0.0155,-0.0054,0.0846,0.1946,0.1217,0.0745,-0.0106,0.0200,-0.0625,-0.0213,-0.0143,0.2751,3.0538,-5.3847,-0.4112,33.0498,-14.5560,-38.3732
100648364,0.0159,-0.0042,0.0195,0.2621,0.1217,0.0572,0.0500,0.0200,-0.0630,-0.0195,-0.1083,0.3541,4.3463,-6.1636,-0.3588,33.0899,-14.5949,-38.3738
100653364,0.0158,-0.0027,-0.0510,0.2932,0.1037,0.0424,0.0500,-0.0771,-0.0638,-0.0181,-0.1426,0.2874,5.1355,-6.6384,-0.3588,33.1339,-14.6431,-38.3758
100658364,0.0155,-0.0013,-0.1173,0.3002,0.0897,0.0235,0.0500,-0.0740,-0.0649,-0.0166,-0.2212,0.2944,5.8554,-6.9740,-0.3588,33.1701,-14.6767,-38.3772
100663364,0.0147,0.0001,-0.1900,0.3225,0.1013,0.0009,0.0500,-0.0725,-0.0664,-0.0150,-0.3059,0.3166,6.5507,-6.6346,-0.3588,33.2204,-14.7116,-38.3794
100668365,0.0136,0.0017,-0.2361,0.3647,0.1688,-0.0500,-0.0200,-0.0783,-0.0682,-0.0133,-0.3678,0.3385,6.7858,-5.4711,-1.7258,33.2514,-14.7124,-38.4110
100673364,0.0124,0.0035,-0.2621,0.4126,0.2653,-0.0500,-0.0200,-0.0951,-0.0696,-0.0114,-0.2770,0.3870,6.8421,-5.4711,-1.7258,33.2933,-14.7452,-38.4213
100678365,0.0112,0.0055,-0.2721,0.4462,0.2778,-0.0500,0.1290,-0.1076,-0.0713,-0.0090,-0.3354,0.4746,6.8421,-4.5933,-2.7226,33.3207,-14.7481,-38.4492
100683365,0.0098,0.0075,-0.2474,0.3754,0.1767,-0.0500,0.1195,-0.0969,-0.0728,-0.0071,-0.3014,0.3843,5.7651,-3.4056,-2.8334,33.3384,-14.7483,-38.4684
100688364,0.0087,0.0090,-0.1949,0.2886,0.1016,0.0200,0.1010,-0.0852,-0.0741,-0.0057,-0.2521,0.2735,5.6035,-2.7860,-3.8264,33.3577,-14.7483,-38.5015
100693364,0.0079,0.0100,-0.1536,0.1695,0.0063,0.0200,0.0747,-0.0633,-0.0751,-0.0051,-0.2118,0.1313,4.8143,-2.0631,-4.6497,33.3744,-14.7484,-38.5431
100698365,0.0072,0.0106,-0.1176,0.0944,-0.1174,-0.0084,0.0590,-0.0461,-0.0763,-0.0050,-0.2399,0.0239,3.9322,-0.7963,-5.5324,33.3743,-14.7293,-38.5809
100703364,0.0069,0.0107,-0.1063,0.0696,-0.1806,-0.0046,0.0519,-0.0403,-0.0774,-0.0051,-0.2097,-0.0251,2.9108,0.0970,-6.2665,33.3744,-14.7114,-38.6301
100708365,0.0065,0.0110,-0.0678,0.0321,-0.0930,0.0500,0.0388,-0.0377,-0.0782,-0.0054,-0.1680,-0.0721,2.4002,0.0970,-6.9012,33.3748,-14.7110,-38.6693
100713364,0.0062,0.0111,-0.0324,0.0027,0.0558,0.0500,0.0250,-0.0383,-0.0787,-0.0060,-0.0967,-0.1104,1.7502,0.0970,-7.5104,33.3742,-14.7104,-38.7250
100718365,0.0062,0.0109,0.0134,-0.0699,0.1272,0.0500,0.0015,-0.0279,-0.0790,-0.0069,-0.0536,-0.1878,1.4717,0.0970,-7.8239,33.3751,-14.7100,-38.7620
100723364,0.0064,0.0101,0.0513,-0.1787,-0.0120,0.0500,-0.0500,-0.0035,-0.0790,-0.0086,-0.0023,-0.3269,1.0539,1.8868,-8.0661,33.3743,-14.6672,-38.8147
100728364,0.0070,0.0086,0.0999,-0.3183,-0.0032,-0.0200,-0.0500,0.0500,-0.0788,-0.0108,0.0286,-0.4407,0.8682,1.8868,-8.2316,33.3745,-14.6597,-38.8508
100733364,0.0077,0.0070,0.0990,-0.3479,0.0811,-0.0200,-0.0500,0.0500,-0.0783,-0.0125,0.0990,-0.3479,0.6360,1.8868,-7.8645,33.3744,-14.6484,-38.8919
100738365,0.0080,0.0049,0.0971,-0.3644,0.1208,0.0545,-0.0500,0.0500,-0.0779,-0.0143,0.0878,-0.3644,0.5432,1.8868,-7.4251,33.3749,-14.6408,-38.9140
100743365,0.0084,0.0031,0.1017,-0.3815,0.0683,0.0580,0.0200,0.0500,-0.0774,-0.0162,0.0948,-0.3815,0.4039,0.6004,-7.0928,33.3749,-14.6570,-38.9518
100748364,0.0090,0.0013,0.0913,-0.3787,0.0072,0.0587,0.0200,-0.0200,-0.0770,-0.0181,0.0860,-0.3788,0.3111,-0.1678,-5.8191,33.3744,-14.6726,-38.9521
100753365,0.0096,-0.0007,0.0751,-0.3680,0.0246,0.0565,-0.1111,-0.0200,-0.0766,-0.0199,0.0687,-0.3634,0.2182,-0.3132,-4.3239,33.3743,-14.6766,-38.9524
100758364,0.0100,-0.0026,0.0803,-0.3244,0.1343,0.0548,-0.1112,0.0513,-0.0765,-0.0217,0.0313,-0.3483,0.1718,-1.8646,-3.4932,33.3742,-14.7118,-38.9514
100763364,0.0104,-0.0040,0.0877,-0.2321,0.2015,0.0579,-0.0980,0.0324,-0.0763,-0.0229,0.0455,-0.2429,0.2182,-1.8646,-2.6071,33.3763,-14.7230,-38.9520
100768364,0.0109,-0.0051,0.1081,-0.1704,0.1779,0.0654,-0.0909,0.0187,-0.0759,-0.0238,0.0685,-0.1707,0.2182,-2.0711,-2.1087,33.3772,-14.7347,-38.9515
100773364,0.0114,-0.0056,0.1396,-0.1060,0.1853,0.0754,-0.0828,0.0003,-0.0754,-0.0242,0.0998,-0.0895,0.2182,-2.6392,-1.5549,33.3785,-14.7614,-38.9515
100778365,0.0123,-0.0062,0.1445,-0.1038,0.1651,0.0789,-0.0852,-0.0000,-0.0750,-0.0246,0.0808,-0.0826,1.7133,-2.6942,-1.2780,33.4117,-14.7731,-38.9516
100783364,0.0130,-0.0067,0.1127,-0.0660,0.1046,0.0739,-0.0741,-0.0500,-0.0748,-0.0248,0.0430,-0.0274,1.8241,-3.5194,-0.9457,33.4248,-14.8099,-38.9517
100788364,0.0136,-0.0070,0.0919,0.0040,0.0765,0.0702,-0.0555,-0.0500,-0.0748,-0.0244,0.0080,0.0697,2.6798,-4.3956,-0.7795,33.4500,-14.8436,-38.9518
100793365,0.0143,-0.0070,0.1405,0.0467,0.1532,0.0831,-0.0535,-0.0500,-0.0746,-0.0238,0.0398,0.1227,3.3087,-5.0814,-0.5580,33.4815,-14.8859,-38.9515
100798365,0.0152,-0.0066,0.2114,0.1087,0.2684,0.1018,-0.0494,-0.0500,-0.0741,-0.0228,0.0934,0.1964,3.9199,-5.8645,-0.4473,33.5089,-14.9227,-38.9514
100803364,0.0164,-0.0060,0.2608,0.1093,0.2690,0.1176,-0.0547,0.0200,-0.0735,-0.0218,0.1267,0.2049,4.5960,-6.3978,-0.3365,33.5475,-14.9694,-38.9516
100808365,0.0179,-0.0055,0.2456,0.1109,0.1776,0.1206,-0.0519,0.0200,-0.0729,-0.0207,0.1083,0.2119,4.5960,-6.7592,-0.3365,33.5659,-15.0025,-38.9529
100813365,0.0190,-0.0050,0.1851,0.1197,0.1419,0.1088,-0.0418,-0.0725,-0.0728,-0.0196,0.0258,0.2181,5.6211,-6.9243,-0.3365,33.6174,-15.0465,-38.9549
100818364,0.0198,-0.0039,0.1081,0.2337,0.2506,0.0905,-0.0064,-0.0938,-0.0731,-0.0180,-0.0580,0.3320,6.0194,-6.9243,-0.3365,33.6487,-15.0742,-38.9563
100823365,0.0197,-0.0026,-0.0431,0.3030,0.2180,0.0510,0.0500,-0.0932,-0.0742,-0.0160,-0.2296,0.4042,7.1042,-7.1190,-0.3365,33.7094,-15.1206,-38.9583
100828365,0.0195,-0.0010,-0.0706,0.3601,0.1856,0.0468,0.0500,-0.1000,-0.0753,-0.0143,-0.2179,0.3334,7.6813,-6.7497,-1.7476,33.7501,-15.1404,-38.9901
100833364,0.0194,0.0009,-0.0513,0.3674,0.2039,0.0503,0.0500,-0.1099,-0.0764,-0.0126,-0.2105,0.3352,8.1884,-6.2463,-2.1134,33.8078,-15.1705,-39.0100
100838365,0.0193,0.0028,-0.0382,0.3482,0.2320,0.0513,0.0500,-0.1125,-0.0774,-0.0111,-0.2141,0.3030,8.7270,-5.6310,-2.9852,33.8524,-15.1814,-39.0372
100843365,0.0190,0.0046,-0.0324,0.3381,0.2238,0.0505,-0.0200,-0.1150,-0.0786,-0.0097,-0.2258,0.2774,9.2270,-5.4371,-4.0333,33.9161,-15.2113,-39.0773
100848365,0.0188,0.0062,-0.0192,0.3225,0.1911,0.0532,-0.0200,-0.1178,-0.0796,-0.0084,-0.2127,0.2618,9.2270,-4.4675,-4.0333,33.9530,-15.2116,-39.0934
100853365,0.0187,0.0078,-0.0284,0.3030,0.2094,0.0465,0.0635,-0.1180,-0.0810,-0.0071,-0.2706,0.2663,9.5350,-3.3040,-5.7584,34.0159,-15.2115,-39.1570
100858365,0.0186,0.0093,-0.0370,0.2688,0.2839,0.0430,0.0596,-0.1134,-0.0824,-0.0061,-0.2810,0.2026,9.6477,-2.3084,-6.7421,34.0565,-15.2033,-39.2009
100863365,0.0185,0.0106,-0.0428,0.2190,0.1602,0.0430,0.0524,-0.1016,-0.0838,-0.0055,-0.2815,0.1081,9.8092,-0.3507,-7.7751,34.1181,-15.1707,-39.2644
100868365,0.0183,0.0111,-0.0211,0.0797,0.0298,0.0486,0.0224,-0.0721,-0.0851,-0.0058,-0.2700,-0.0489,9.8557,-0.2948,-8.9147,34.1584,-15.1709,-39.3204
100873364,0.0183,0.0113,0.0009,0.0177,-0.0059,0.0538,0.0065,-0.0601,-0.0865,-0.0064,-0.2611,-0.1301,10.0180,-0.2388,-10.1525,34.2212,-15.1713,-39.4015
100878365,0.0186,0.0113,0.0089,-0.0217,0.0402,0.0557,-0.0500,-0.0523,-0.0877,-0.0073,-0.2588,-0.1822,9.9710,-0.1829,-10.9569,34.2603,-15.1709,-39.4597
100883365,0.0187,0.0111,-0.0092,-0.0367,0.0570,0.0512,-0.0500,-0.0454,-0.0892,-0.0084,-0.2831,-0.2133,9.9710,-0.1270,-11.8632,34.3201,-15.1707,-39.5460
100888364,0.0187,0.0108,-0.0171,-0.0864,0.0362,0.0488,-0.0500,-0.0315,-0.0906,-0.0097,-0.2968,-0.2696,10.0787,-0.1270,-12.3045,34.3624,-15.1712,-39.6034
100893365,0.0186,0.0102,-0.0174,-0.1484,0.0231,0.0478,-0.0500,-0.0146,-0.0922,-0.0114,-0.3046,-0.3399,10.2359,-0.0710,-12.8632,34.4264,-15.1706,-39.6907
100898364,0.0185,0.0091,0.0024,-0.2282,0.0692,0.0515,0.0200,0.0500,-0.0936,-0.0136,-0.2912,-0.4245,10.4498,-0.0710,-13.1893,34.4718,-15.1709,-39.7495
100903365,0.0187,0.0078,0.0024,-0.2944,0.0857,0.0603,0.0200,0.0500,-0.0945,-0.0150,-0.1823,-0.2956,10.7599,-0.0710,-13.2377,34.5413,-15.1713,-39.8297
100908364,0.0189,0.0060,0.0067,-0.3296,0.0319,0.0630,-0.0830,0.0500,-0.0954,-0.0167,-0.1791,-0.3308,10.8137,0.0000,-12.9231,34.5854,-15.1703,-39.8763
100913365,0.0189,0.0044,-0.0455,-0.2954,0.0631,0.0492,-0.0749,0.0500,-0.0966,-0.0182,-0.2336,-0.2958,10.9140,-0.0559,-12.4240,34.6528,-15.1717,-39.9421
100918364,0.0186,0.0026,-0.0748,-0.2990,0.1593,0.0394,-0.0787,-0.0200,-0.0979,-0.0197,-0.2640,-0.2994,10.9694,-0.0559,-11.3164,34.6977,-15.1719,-39.9675
100923365,0.0183,0.0013,-0.0889,-0.3070,0.2222,0.0333,-0.0834,-0.0200,-0.0993,-0.0212,-0.2818,-0.3074,11.1833,-0.0559,-9.9576,34.7689,-15.1723,-40.0061
100928365,0.0180,-0.0003,-0.0751,-0.3448,0.2323,0.0295,-0.1032,0.0648,-0.1011,-0.0235,-0.3451,-0.4628,11.2397,-0.4923,-8.3898,34.8149,-15.1814,-40.0113
100933365,0.0177,-0.0021,-0.0418,-0.3906,0.2277,0.0367,-0.1204,0.0750,-0.1026,-0.0259,-0.3134,-0.4703,11.2545,-1.8497,-7.1790,34.8830,-15.2172,-40.0356
100938365,0.0176,-0.0043,-0.0202,-0.3861,0.2228,0.0429,-0.1283,0.0769,-0.1040,-0.0281,-0.2807,-0.4410,11.0884,-2.2112,-5.8713,34.9245,-15.2320,-40.0355
100943364,0.0177,-0.0063,-0.0027,-0.3580,0.2345,0.0479,-0.1303,0.0734,-0.1053,-0.0300,-0.2576,-0.3877,10.9279,-2.8824,-4.8542,34.9874,-15.2621,-40.0462
100948364,0.0178,-0.0080,-0.0031,-0.2865,0.2335,0.0481,-0.1194,0.0624,-0.1066,-0.0315,-0.2609,-0.2997,10.5518,-3.9827,-4.8542,35.0227,-15.2981,-40.0657
100953364,0.0178,-0.0091,-0.0437,-0.1961,0.2256,0.0386,-0.0963,0.0491,-0.1081,-0.0324,-0.2906,-0.1700,10.1574,-5.0577,-3.2977,35.0766,-15.3465,-40.0606
100958365,0.0175,-0.0096,-0.0956,-0.0562,0.2216,0.0255,-0.0585,0.0245,-0.1097,-0.0323,-0.3286,0.0047,9.7265,-5.8491,-1.7478,35.1076,-15.3850,-40.0398
100963364,0.0166,-0.0098,-0.2181,-0.0128,0.2076,-0.0500,-0.0299,0.0308,-0.1120,-0.0319,-0.4531,0.0866,9.4016,-7.5831,-0.9053,35.1582,-15.4597,-40.0310
100968365,0.0155,-0.0099,-0.2605,0.0345,0.1874,-0.0500,-0.0160,0.0196,-0.1136,-0.0311,-0.3253,0.1699,8.8478,-8.3028,0.7317,35.1832,-15.5057,-39.9989
100973364,0.0142,-0.0097,-0.2865,0.0730,0.2012,-0.0500,-0.0000,0.0157,-0.1154,-0.0299,-0.3602,0.2241,8.3665,-9.3524,0.7317,35.2257,-15.5791,-39.9945
100978364,0.0127,-0.0094,-0.2633,0.1060,0.2348,-0.0500,0.0500,0.0058,-0.1171,-0.0286,-0.3367,0.2729,7.8963,-9.8637,1.2855,35.2495,-15.6278,-39.9802
100983364,0.0114,-0.0089,-0.2254,0.1173,0.2580,0.0200,0.0500,0.0041,-0.1181,-0.0278,-0.2045,0.1536,6.2035,-10.0315,2.4484,35.2568,-15.6906,-39.9438
100988364,0.0104,-0.0083,-0.1707,0.1338,0.2537,0.0200,0.0500,-0.0500,-0.1189,-0.0270,-0.1498,0.1701,6.2035,-9.8376,2.4484,35.2816,-15.7266,-39.9341
100993364,0.0097,-0.0077,-0.1173,0.1549,0.2106,0.0004,0.0500,-0.0500,-0.1199,-0.0262,-0.2010,0.1546,4.8513,-8.5467,3.0831,35.2884,-15.7570,-39.9052
100998364,0.0093,-0.0069,-0.0831,0.2004,0.1776,0.0500,-0.0200,-0.0500,-0.1206,-0.0252,-0.1513,0.2001,3.9498,-8.5467,3.0831,35.2880,-15.7912,-39.8929
101003364,0.0090,-0.0055,-0.0541,0.3216,0.1981,0.0500,-0.0200,-0.0500,-0.1209,-0.0236,-0.0541,0.3216,2.9356,-6.4012,3.0831,35.2883,-15.7934,-39.8744
101008365,0.0090,-0.0039,0.0199,0.3613,0.2167,0.0500,0.0488,0.0200,-0.1210,-0.0214,-0.0252,0.4398,2.4285,-5.2459,2.5063,35.2889,-15.7936,-39.8748
101013365,0.0092,-0.0022,0.0843,0.3589,0.2210,0.0500,0.0437,0.0200,-0.1208,-0.0193,0.0510,0.4168,1.7524,-3.8706,0.9223,35.2878,-15.7934,-39.8949
101018365,0.0098,-0.0004,0.1310,0.3363,0.2305,-0.0200,0.0370,-0.1130,-0.1202,-0.0174,0.1042,0.3842,1.4707,-3.1554,0.0435,35.2887,-15.7932,-39.9112
101023365,0.0106,0.0012,0.1545,0.2932,0.2326,-0.0200,0.0274,-0.1134,-0.1196,-0.0157,0.1348,0.3288,1.1890,-2.3302,0.0435,35.2907,-15.7933,-39.9110
101028364,0.0116,0.0026,0.1582,0.2471,0.2806,0.0798,0.0194,-0.1099,-0.1190,-0.0143,0.1214,0.2768,1.1890,-1.9451,0.0435,35.2955,-15.7941,-39.9108
101033364,0.0125,0.0038,0.1466,0.2349,0.3478,0.0788,0.0179,-0.1100,-0.1185,-0.0132,0.0973,0.2284,1.1890,-1.4500,-1.8948,35.3026,-15.7942,-39.9563
101038364,0.0131,0.0047,0.1353,0.2266,0.3591,0.0784,0.0189,-0.1111,-0.1180,-0.0121,0.0883,0.2160,1.1890,-1.1750,-1.8948,35.3073,-15.7939,-39.9639
101043365,0.0137,0.0058,0.1439,0.2486,0.3514,0.0834,0.0240,-0.1208,-0.1175,-0.0110,0.1019,0.2200,1.1890,-0.2836,-2.2084,35.3145,-15.7818,-39.9817
101048364,0.0144,0.0067,0.1567,0.2327,0.2222,0.0905,0.0204,-0.1194,-0.1170,-0.0102,0.1049,0.1704,2.2122,1.2909,-2.8878,35.3417,-15.7486,-40.0062
101053364,0.0152,0.0074,0.1484,0.0977,0.1911,0.0913,-0.0500,-0.0912,-0.1166,-0.0101,0.0887,0.0217,2.2122,1.2909,-3.8080,35.3550,-15.7409,-40.0449
101058365,0.0159,0.0075,0.1200,-0.0027,0.0940,0.0858,-0.0500,-0.0655,-0.1164,-0.0104,0.0290,-0.0733,2.9086,1.2909,-4.7458,35.3792,-15.7357,-40.0808
101063365,0.0164,0.0073,0.0809,-0.0666,0.0109,0.0775,-0.0500,-0.0442,-0.1166,-0.0112,-0.0321,-0.1504,3.7392,1.2909,-5.6373,35.4142,-15.7280,-40.1288
101068365,0.0169,0.0066,0.0538,-0.0855,0.1062,0.0706,-0.0500,-0.0355,-0.1169,-0.0121,-0.0660,-0.1809,3.7392,1.9696,-6.4184,35.4291,-15.7073,-40.1687
101073365,0.0170,0.0060,0.0626,-0.1313,0.2302,0.0699,0.0200,-0.0245,-0.1173,-0.0133,-0.0822,-0.2384,4.8088,1.1940,-7.1938,35.4770,-15.7126,-40.2259
101078364,0.0174,0.0053,0.0849,-0.1717,0.2387,0.0759,0.0200,-0.0159,-0.1177,-0.0147,-0.0753,-0.2857,5.4671,1.0000,-7.6641,35.5114,-15.7121,-40.2653
101083365,0.0180,0.0043,0.0889,-0.2077,0.1633,0.0795,-0.0818,-0.0040,-0.1181,-0.0164,-0.0803,-0.3398,6.1433,0.7576,-8.1135,35.5606,-15.7118,-40.3219
101088365,0.0186,0.0030,0.0776,-0.2596,0.0469,0.0796,-0.0956,0.0500,-0.1186,-0.0184,-0.1058,-0.3913,6.8434,0.6122,-8.2238,35.6009,-15.7120,-40.3570
101093364,0.0192,0.0015,0.0586,-0.2807,0.0442,0.0799,-0.0954,0.0500,-0.1191,-0.0197,-0.0867,-0.2638,7.8524,-1.1876,-7.8567,35.6649,-15.7512,-40.3977
101098365,0.0193,0.0002,-0.0113,-0.2205,0.2943,0.0591,-0.0812,0.0500,-0.1199,-0.0207,-0.1623,-0.2036,8.1733,-1.1876,-7.4661,35.7028,-15.7560,-40.4206
101103365,0.0191,-0.0009,-0.0458,-0.1875,0.2589,0.0494,-0.0726,0.0500,-0.1209,-0.0215,-0.2079,-0.1707,8.8169,-1.1876,-6.8016,35.7671,-15.7631,-40.4515
101108364,0.0190,-0.0017,-0.0596,-0.1720,0.2680,0.0442,-0.0683,-0.0200,-0.1221,-0.0222,-0.2389,-0.1370,9.2113,-2.3979,-5.5832,35.8114,-15.7936,-40.4519
101113365,0.0188,-0.0027,-0.0925,-0.1805,0.2903,0.0336,-0.0683,-0.0200,-0.1235,-0.0229,-0.2864,-0.1419,9.9281,-2.6477,-4.1433,35.8835,-15.8134,-40.4521
101118365,0.0183,-0.0037,-0.1200,-0.1600,0.2595,0.0221,-0.0635,0.0315,-0.1253,-0.0237,-0.3542,-0.1581,10.1496,-3.5239,-3.3680,35.9279,-15.8440,-40.4517
101123365,0.0177,-0.0044,-0.1298,-0.1054,0.2589,0.0173,-0.0503,0.0231,-0.1271,-0.0241,-0.3646,-0.0808,10.3100,-4.1570,-2.4820,35.9925,-15.8791,-40.4515
101128365,0.0171,-0.0047,-0.1414,-0.0024,0.2619,0.0123,-0.0259,0.0036,-0.1290,-0.0240,-0.3708,0.0287,10.2160,-4.1570,-2.0389,36.0316,-15.8958,-40.4517
101133365,0.0165,-0.0045,-0.1405,0.0779,0.3178,0.0098,-0.0065,-0.0500,-0.1308,-0.0234,-0.3645,0.1266,9.8216,-4.8282,-1.5405,36.0831,-15.9368,-40.4524
101138365,0.0158,-0.0039,-0.1891,0.1274,0.4000,-0.0500,0.0500,-0.0500,-0.1328,-0.0223,-0.3925,0.2055,9.1753,-5.2645,-1.2636,36.1078,-15.9653,-40.4524
101143364,0.0150,-0.0032,-0.2153,0.1536,0.2848,-0.0500,0.0500,-0.0500,-0.1338,-0.0216,-0.2153,0.1536,8.2933,-5.2645,-0.9313,36.1427,-15.9969,-40.4521
101148364,0.0139,-0.0023,-0.2737,0.1826,0.2430,-0.0500,0.0500,-0.0500,-0.1352,-0.0206,-0.2737,0.1826,7.6841,-5.1096,-0.7652,36.1632,-16.0143,-40.4522
101153364,0.0124,-0.0015,-0.2853,0.2111,0.2787,-0.0500,0.0500,0.0200,-0.1366,-0.0196,-0.2853,0.2111,6.7981,-5.0546,-0.5437,36.1874,-16.0439,-40.4516
101158365,0.0110,-0.0005,-0.2651,0.2492,0.3386,0.0200,-0.0200,0.0200,-0.1380,-0.0183,-0.2651,0.2492,6.7447,-4.1194,-0.4329,36.2135,-16.0436,-40.4514
101163365,0.0098,0.0008,-0.2107,0.2746,0.3343,0.0200,-0.0200,-0.0597,-0.1390,-0.0170,-0.2135,0.2698,4.9798,-3.0741,-0.3221,36.2132,-16.0441,-40.4516
101168365,0.0089,0.0021,-0.1591,0.2486,0.2299,-0.0146,0.0665,-0.0607,-0.1403,-0.0156,-0.2542,0.2806,4.0706,-2.5240,-0.3775,36.2131,-16.0442,-40.4542
101173365,0.0083,0.0031,-0.0809,0.1900,0.1734,0.0500,0.0477,-0.0598,-0.1411,-0.0145,-0.1519,0.2121,3.0009,-1.8638,-0.3775,36.2129,-16.0440,-40.4564
101178364,0.0081,0.0039,-0.0223,0.1326,0.2155,0.0500,0.0279,-0.0591,-0.1413,-0.0138,-0.0388,0.1499,2.4661,-1.5338,-0.3775,36.2132,-16.0441,-40.4579
101183365,0.0082,0.0043,0.0431,0.1109,0.2320,0.0500,0.0154,-0.0641,-0.1411,-0.0132,0.0304,0.1216,1.8243,-1.0937,-0.3775,36.2131,-16.0432,-40.4602
101188364,0.0085,0.0046,0.0617,0.1158,0.1288,0.0500,0.0143,-0.0669,-0.1408,-0.0126,0.0571,0.1063,1.5034,0.0516,-0.5866,36.2134,-16.0233,-40.4659
101193364,0.0090,0.0053,0.0736,0.1747,0.1703,-0.0200,0.0239,-0.0823,-0.1405,-0.0120,0.0662,0.1265,1.1290,1.1876,-2.0499,36.2136,-15.9951,-40.5048
101198364,0.0092,0.0062,0.0806,0.1698,0.3056,-0.0200,0.0224,-0.0865,-0.1402,-0.0115,0.0665,0.1101,0.9151,1.1876,-2.8248,36.2134,-15.9903,-40.5293
101203364,0.0097,0.0070,0.0895,0.1283,0.3136,0.0551,0.0140,-0.0810,-0.1399,-0.0112,0.0583,0.0584,0.6477,1.1876,-3.5083,36.2127,-15.9832,-40.5614
101208364,0.0102,0.0074,0.0745,0.0629,0.2149,0.0544,0.0029,-0.0655,-0.1397,-0.0112,0.0404,-0.0152,0.5407,1.1876,-4.0599,36.2130,-15.9784,-40.5883
101213365,0.0106,0.0076,0.0421,0.0269,0.1761,0.0481,-0.0013,-0.0536,-0.1396,-0.0116,0.0039,-0.0629,0.3803,1.1876,-4.8465,36.2127,-15.9713,-40.6301
101218365,0.0110,0.0075,0.0263,-0.0055,0.1917,0.0450,-0.0500,-0.0444,-0.1397,-0.0121,-0.0169,-0.1054,0.3268,1.1876,-5.5300,36.2131,-15.9666,-40.6642
101223365,0.0109,0.0074,0.0043,-0.0397,0.2161,0.0378,-0.0500,-0.0341,-0.1400,-0.0127,-0.0526,-0.1309,0.2199,1.0422,-6.1392,36.2127,-15.9625,-40.7109
101228365,0.0108,0.0072,-0.0095,-0.0690,0.1993,0.0341,-0.0500,-0.0248,-0.1403,-0.0135,-0.0664,-0.1602,0.2199,0.8483,-6.1392,36.2135,-15.9625,-40.7354
101233364,0.0108,0.0068,-0.0131,-0.1145,0.1248,0.0338,-0.0500,-0.0112,-0.1407,-0.0146,-0.0753,-0.2147,0.2199,0.6544,-6.7472,36.2147,-15.9619,-40.7865
101238365,0.0109,0.0059,-0.0144,-0.1946,0.1642,0.0332,0.0200,0.0500,-0.1411,-0.0161,-0.0765,-0.2947,0.2199,-0.2582,-6.7472,36.2156,-15.9788,-40.8135
101243365,0.0110,0.0048,-0.0232,-0.2166,0.1578,0.0360,0.0200,0.0500,-0.1412,-0.0172,-0.0270,-0.2166,0.2199,-1.1876,-6.8575,36.2169,-16.0034,-40.8567
101248364,0.0109,0.0036,-0.0342,-0.1946,0.1156,0.0327,-0.0473,0.0500,-0.1415,-0.0181,-0.0482,-0.1768,0.2199,-1.1876,-6.3332,36.2178,-16.0082,-40.8732
101253365,0.0108,0.0026,-0.0519,-0.1610,0.0857,0.0273,-0.0388,0.0500,-0.1418,-0.0187,-0.0783,-0.1218,0.2199,-2.6180,-5.8088,36.2191,-16.0481,-40.8981
101258365,0.0106,0.0018,-0.0803,-0.1228,0.1251,0.0189,-0.0296,-0.0200,-0.1424,-0.0191,-0.1067,-0.0836,0.2199,-2.6180,-5.2717,36.2200,-16.0586,-40.9101
101263364,0.0103,0.0012,-0.1136,-0.0898,0.2332,0.0072,-0.0201,-0.0200,-0.1431,-0.0193,-0.1458,-0.0404,0.2199,-3.2995,-3.9047,36.2213,-16.0889,-40.9101
101268365,0.0096,0.0006,-0.1234,-0.0761,0.3062,-0.0009,-0.0197,0.0089,-0.1440,-0.0197,-0.1829,-0.0738,0.2199,-3.2995,-3.1723,36.2222,-16.1021,-40.9096
101273364,0.0089,0.0002,-0.1090,-0.0498,0.2650,0.0010,-0.0147,0.0035,-0.1448,-0.0198,-0.1628,-0.0329,0.2199,-3.4578,-2.3423,36.2235,-16.1252,-40.9095
101278364,0.0085,-0.0000,-0.0932,0.0079,0.1428,0.0050,-0.0021,-0.0500,-0.1456,-0.0197,-0.1435,0.0307,0.2199,-3.4578,-1.9517,36.2244,-16.1390,-40.9103
101283364,0.0083,0.0004,-0.0541,0.1460,0.1095,0.0157,0.0500,-0.0500,-0.1460,-0.0187,-0.0876,0.1977,0.2199,-3.4578,-1.4147,36.2257,-16.1598,-40.9096
101288364,0.0082,0.0012,-0.0119,0.2132,0.1214,0.0282,0.0500,-0.0500,-0.1461,-0.0176,-0.0157,0.2132,0.2199,-3.3459,-1.1706,36.2266,-16.1713,-40.9099
101293364,0.0083,0.0024,-0.0247,0.2379,0.0964,0.0257,0.0500,-0.0500,-0.1462,-0.0164,-0.0285,0.2379,0.2199,-2.7306,-0.8776,36.2279,-16.1765,-40.9101
101298364,0.0083,0.0038,-0.0382,0.2544,0.1095,0.0222,0.0500,0.0200,-0.1464,-0.0151,-0.0420,0.2544,0.2199,-2.7306,-0.7800,36.2288,-16.1875,-40.9113
101303365,0.0083,0.0049,-0.0342,0.2630,0.1932,0.0219,-0.0200,0.0200,-0.1466,-0.0138,-0.0380,0.2630,0.2199,-1.3323,-0.7800,36.2301,-16.1738,-40.9160
101308364,0.0079,0.0060,-0.0376,0.2468,0.2784,0.0181,-0.0200,-0.0881,-0.1469,-0.0127,-0.0481,0.2352,0.2199,-0.9408,-0.7800,36.2310,-16.1703,-40.9191
101313365,0.0076,0.0072,-0.0284,0.2459,0.3285,0.0171,0.0622,-0.0919,-0.1471,-0.0115,-0.0571,0.2244,0.2199,-0.7171,-2.1645,36.2323,-16.1708,-40.9548
101318364,0.0075,0.0085,-0.0024,0.2456,0.3148,0.0232,0.0638,-0.0991,-0.1473,-0.0104,-0.0302,0.2224,0.2199,-0.6052,-2.1645,36.2332,-16.1712,-40.9634
101323365,0.0076,0.0097,0.0522,0.2529,0.2622,0.0386,0.0618,-0.1105,-0.1471,-0.0093,0.0324,0.2160,0.2199,0.3165,-2.1645,36.2345,-16.1556,-40.9764
101328365,0.0078,0.0106,0.0712,0.2376,0.1498,0.0467,0.0585,-0.1109,-0.1468,-0.0085,0.0633,0.1771,0.2199,1.7937,-2.2690,36.2354,-16.1215,-40.9872
101333364,0.0082,0.0116,0.0730,0.1689,0.1520,0.0484,0.0456,-0.0998,-0.1465,-0.0080,0.0610,0.1013,0.2199,1.7937,-2.7393,36.2367,-16.1108,-41.0127
101338364,0.0087,0.0125,0.0559,0.1649,0.1092,0.0462,0.0486,-0.0990,-0.1463,-0.0075,0.0401,0.0808,0.2199,2.1345,-3.5143,36.2376,-16.0966,-41.0408
101343364,0.0089,0.0132,0.0089,0.1405,0.0875,0.0353,0.0502,-0.0889,-0.1464,-0.0074,-0.0117,0.0366,0.2199,2.5240,-4.4521,36.2389,-16.0739,-41.0829
101348365,0.0088,0.0138,-0.0425,0.0959,0.1831,0.0204,0.0478,-0.0752,-0.1467,-0.0074,-0.0691,-0.0152,0.5020,2.6890,-4.7667,36.2455,-16.0605,-41.1071
101353365,0.0086,0.0141,-0.0513,0.0330,0.2876,0.0152,0.0339,-0.0601,-0.1471,-0.0080,-0.0873,-0.1066,0.6901,3.2941,-6.0722,36.2534,-16.0291,-41.1660
101358364,0.0083,0.0140,-0.0516,-0.0593,0.2824,0.0135,0.0134,-0.0378,-0.1476,-0.0090,-0.0943,-0.2103,0.6901,3.2941,-6.8476,36.2561,-16.0159,-41.2068
101363365,0.0080,0.0133,-0.0660,-0.1579,0.1688,0.0102,-0.0500,-0.0093,-0.1482,-0.0106,-0.1092,-0.3237,0.6901,3.7589,-7.3702,36.2603,-15.9850,-41.2593
101368365,0.0079,0.0122,-0.0641,-0.2440,0.0906,0.0078,-0.0500,0.0500,-0.1489,-0.0124,-0.1476,-0.3601,0.9154,3.7589,-7.8061,36.2676,-15.9700,-41.2984
101373364,0.0076,0.0108,-0.0635,-0.3005,0.2622,0.0089,-0.0500,0.0500,-0.1494,-0.0139,-0.0957,-0.3006,1.8733,3.6134,-8.1371,36.2969,-15.9508,-41.3530
101378365,0.0072,0.0090,-0.0864,-0.3900,0.2177,0.0021,-0.0500,0.0500,-0.1500,-0.0159,-0.1186,-0.3901,1.8733,3.6134,-7.8224,36.3044,-15.9364,-41.3790
101383365,0.0065,0.0069,-0.1051,-0.4163,0.1135,-0.0500,0.0200,0.0500,-0.1507,-0.0180,-0.1372,-0.4164,1.8733,3.2778,-7.0413,36.3156,-15.9217,-41.4096
101388365,0.0062,0.0047,-0.1130,-0.4151,0.0906,-0.0500,0.0200,-0.0200,-0.1512,-0.0201,-0.1130,-0.4151,1.8733,2.6626,-6.9436,36.3231,-15.9222,-41.4354
101393364,0.0056,0.0025,-0.1268,-0.3931,0.1560,-0.0500,-0.0754,-0.0200,-0.1518,-0.0221,-0.1192,-0.4062,1.8733,0.8800,-5.7806,36.3344,-15.9460,-41.4517
101398364,0.0049,0.0006,-0.1329,-0.3186,0.2290,-0.0500,-0.0664,0.0773,-0.1527,-0.0240,-0.1736,-0.3889,1.7117,0.0000,-4.7284,36.3385,-15.9624,-41.4517
101403365,0.0043,-0.0007,-0.1200,-0.2199,0.2305,0.0200,-0.0493,0.0585,-0.1534,-0.0254,-0.1502,-0.2722,1.2809,0.0000,-3.5101,36.3388,-15.9624,-41.4520
101408364,0.0038,-0.0017,-0.0953,-0.1426,0.1770,0.0200,-0.0368,0.0427,-0.1540,-0.0263,-0.1198,-0.1850,0.0463,0.0000,-2.8455,36.3176,-15.9624,-41.4514
101413364,0.0034,-0.0022,-0.0565,-0.0968,0.1993,-0.0029,-0.0334,0.0286,-0.1543,-0.0270,-0.0524,-0.1284,-1.2959,0.0000,-2.1256,36.2849,-15.9624,-41.4519
101418365,0.0030,-0.0027,-0.0605,-0.1164,0.2656,-0.0067,-0.0374,0.0339,-0.1546,-0.0276,-0.0606,-0.1291,-1.2959,-0.8778,-1.7379,36.2797,-15.9808,-41.4519
101423365,0.0030,-0.0029,-0.0370,-0.0391,0.1682,0.0004,-0.0217,0.0149,-0.1548,-0.0278,-0.0404,-0.0329,-1.2959,-1.7040,-1.2949,36.2719,-16.0067,-41.4520
101428364,0.0029,-0.0029,-0.0394,0.0483,0.1410,0.0002,-0.0019,-0.0500,-0.1550,-0.0275,-0.0328,0.0577,-1.7661,-1.7040,-1.0733,36.2571,-16.0135,-41.4523
101433364,0.0027,-0.0023,-0.0290,0.1756,0.2073,0.0500,0.0500,-0.0500,-0.1550,-0.0265,-0.0090,0.2036,-2.0952,-1.8690,-0.7964,36.2381,-16.0271,-41.4522
101438364,0.0027,-0.0012,0.0104,0.2611,0.3233,0.0500,0.0500,-0.0500,-0.1550,-0.0252,0.0104,0.2611,-2.0952,-2.5842,-0.6303,36.2297,-16.0511,-41.4517
101443364,0.0028,0.0005,0.0272,0.3204,0.3172,0.0500,0.0500,-0.0500,-0.1548,-0.0236,0.0272,0.3204,-2.0952,-2.5842,-0.4642,36.2171,-16.0666,-41.4517
101448364,0.0031,0.0023,0.0342,0.3390,0.1749,0.0500,0.0500,0.0200,-0.1547,-0.0219,0.0342,0.3390,-1.8278,-2.5842,-0.4088,36.2144,-16.0795,-41.4523
101453364,0.0034,0.0041,0.0345,0.3335,0.0915,-0.0200,-0.0200,0.0200,-0.1545,-0.0202,0.0345,0.3335,-1.3465,-2.4382,-0.4088,36.2145,-16.0868,-41.4546
101458364,0.0036,0.0058,0.0205,0.3173,0.1621,-0.0200,-0.0200,-0.1006,-0.1544,-0.0186,0.0169,0.3113,-0.8975,-1.0648,-0.4088,36.2186,-16.0712,-41.4563
101463364,0.0038,0.0073,0.0403,0.2718,0.2784,0.0207,0.0682,-0.0996,-0.1543,-0.0173,0.0286,0.2603,0.6583,0.3655,-0.4088,36.2503,-16.0436,-41.4587
101468364,0.0039,0.0086,0.0391,0.2230,0.1676,0.0218,0.0625,-0.0908,-0.1542,-0.0164,0.0188,0.1966,0.6583,0.3655,-1.4018,36.2529,-16.0414,-41.4813
101473365,0.0043,0.0097,0.0504,0.1878,0.1242,0.0261,0.0565,-0.0874,-0.1540,-0.0156,0.0238,0.1506,0.6583,0.3655,-2.1334,36.2569,-16.0399,-41.5081
101478365,0.0046,0.0106,0.0244,0.1860,0.2448,0.0185,0.0607,-0.0886,-0.1541,-0.0149,-0.0123,0.1430,1.0527,0.3655,-2.5209,36.2675,-16.0377,-41.5245
101483364,0.0048,0.0113,0.0104,0.1720,0.3181,0.0141,0.0594,-0.0857,-0.1543,-0.0144,-0.0376,0.1070,2.0105,1.3982,-2.9568,36.2977,-16.0144,-41.5507
101488364,0.0048,0.0122,-0.0296,0.1515,0.2323,0.0050,0.0624,-0.0764,-0.1547,-0.0140,-0.0799,0.0626,2.0105,2.0695,-3.8946,36.3077,-15.9891,-41.5809
101493365,0.0046,0.0130,-0.0486,0.1283,0.1251,0.0008,0.0630,-0.0686,-0.1552,-0.0139,-0.0993,0.0198,2.0105,2.6997,-4.5763,36.3158,-15.9678,-41.6213
101498365,0.0043,0.0134,-0.0782,0.0538,0.0903,-0.0500,0.0525,-0.0485,-0.1558,-0.0142,-0.1286,-0.0614,2.0105,2.9421,-4.7788,36.3278,-15.9454,-41.6405
101503364,0.0040,0.0134,-0.0727,-0.0308,0.1511,-0.0500,0.0301,-0.0301,-0.1563,-0.0151,-0.0913,-0.1754,2.0105,3.7811,-5.9185,36.3359,-15.9148,-41.6994
101508364,0.0036,0.0129,-0.0806,-0.1191,0.2082,-0.0500,0.0102,-0.0081,-0.1568,-0.0165,-0.0997,-0.2662,1.5797,3.8339,-6.0292,36.3383,-15.8911,-41.7212
101513364,0.0032,0.0120,-0.0791,-0.2126,0.1202,-0.0500,-0.0500,0.0500,-0.1573,-0.0183,-0.0954,-0.3737,1.3104,4.4670,-6.3428,36.3388,-15.8611,-41.7693
101518365,0.0028,0.0104,-0.0748,-0.3467,0.1477,0.0200,-0.0500,0.0500,-0.1576,-0.0201,-0.0748,-0.3467,0.9873,4.5643,-6.4397,36.3391,-15.8322,-41.7919
101523364,0.0025,0.0085,-0.0605,-0.4029,0.1947,0.0200,-0.0500,0.0500,-0.1579,-0.0221,-0.0605,-0.4029,0.7719,4.5643,-5.9983,36.3383,-15.8140,-41.8262
101528365,0.0020,0.0061,-0.0608,-0.4417,0.2036,-0.0077,-0.0500,0.0500,-0.1581,-0.0243,-0.0337,-0.4416,-1.5776,4.1793,-5.5570,36.2881,-15.7946,-41.8358
101533365,0.0018,0.0036,-0.0522,-0.4563,0.1786,-0.0062,0.0200,-0.0200,-0.1582,-0.0266,-0.0251,-0.4563,-1.5776,3.4091,-5.5570,36.2818,-15.7949,-41.8733
101538365,0.0016,0.0012,-0.0382,-0.4224,0.1556,-0.0029,0.0200,-0.0200,-0.1583,-0.0287,-0.0110,-0.4224,-1.5776,2.5289,-4.7180,36.2724,-15.7948,-41.8733
101543364,0.0015,-0.0008,-0.0345,-0.3500,0.1914,-0.0038,-0.0861,0.0825,-0.1584,-0.0308,-0.0182,-0.4312,-1.5776,2.0888,-3.3546,36.2661,-15.7944,-41.8733
101548365,0.0013,-0.0023,-0.0498,-0.2437,0.2231,-0.0087,-0.0646,0.0647,-0.1585,-0.0323,-0.0321,-0.3005,-2.0008,0.9248,-2.8827,36.2476,-15.8075,-41.8740
101553365,0.0011,-0.0033,-0.0553,-0.1600,0.2100,-0.0101,-0.0450,0.0471,-0.1587,-0.0331,-0.0293,-0.1559,-2.0008,-0.6328,-0.3560,36.2396,-15.8379,-41.8357
101558365,0.0008,-0.0040,-0.0660,-0.0816,0.2167,-0.0137,-0.0282,0.0335,-0.1589,-0.0335,-0.0360,-0.0705,-2.0008,-0.6328,0.1103,36.2276,-15.8417,-41.8255
101563365,0.0004,-0.0044,-0.0635,-0.0867,0.2409,-0.0152,-0.0305,0.0365,-0.1590,-0.0338,-0.0335,-0.0757,-2.0008,-0.6328,0.1103,36.2196,-15.8443,-41.8251
101568364,0.0001,-0.0045,-0.0660,-0.0376,0.2384,-0.0174,-0.0188,0.0271,-0.1592,-0.0340,-0.0415,-0.0265,-1.6799,-0.6328,0.1103,36.2145,-15.8481,-41.8244
101573364,-0.0002,-0.0046,-0.0608,0.0247,0.1914,-0.0169,-0.0049,0.0145,-0.1595,-0.0338,-0.0418,0.0374,-1.4125,-0.7384,0.1103,36.2137,-15.8527,-41.8240
101578364,-0.0004,-0.0042,-0.0425,0.1286,0.1599,-0.0130,0.0500,-0.0500,-0.1596,-0.0329,-0.0272,0.1727,-1.0381,-1.6352,1.3211,36.2140,-15.8795,-41.7973
101583365,-0.0006,-0.0033,-0.0299,0.2367,0.2131,-0.0115,0.0500,-0.0500,-0.1597,-0.0317,-0.0157,0.2367,-0.8242,-1.6352,1.8055,36.2146,-15.8860,-41.7807
101588365,-0.0007,-0.0018,-0.0015,0.2752,0.2516,-0.0051,0.0500,-0.0500,-0.1596,-0.0304,0.0136,0.2752,-0.8777,-1.6352,1.8055,36.2082,-15.8958,-41.7699
101593365,-0.0006,-0.0001,0.0092,0.2996,0.2118,-0.0016,0.0500,-0.0500,-0.1595,-0.0289,0.0243,0.2996,-0.8777,-1.6352,1.8055,36.2047,-15.9023,-41.7626
101598365,-0.0004,0.0015,0.0205,0.3021,0.1440,0.0500,-0.0200,0.0200,-0.1593,-0.0274,0.0356,0.3021,-0.8777,-1.6352,1.8055,36.1995,-15.9122,-41.7518
101603365,-0.0003,0.0031,0.0409,0.2917,0.1297,0.0500,-0.0200,0.0200,-0.1591,-0.0259,0.0409,0.2917,-0.8777,-1.6352,0.4009,36.1959,-15.9187,-41.7751
101608365,-0.0001,0.0043,0.0501,0.2285,0.2363,0.0500,0.0563,-0.0740,-0.1589,-0.0247,0.0431,0.2348,-0.8777,-0.6201,-0.1937,36.1907,-15.9068,-41.7874
101613364,0.0002,0.0054,0.0623,0.1869,0.2079,0.0500,0.0469,-0.0693,-0.1585,-0.0239,0.0688,0.1667,-0.8777,1.0551,-0.3041,36.1872,-15.8723,-41.7904
101618365,0.0006,0.0062,0.0385,0.1381,0.1346,-0.0200,0.0411,-0.0561,-0.1584,-0.0234,0.0311,0.0939,-0.8777,1.0551,-1.9039,36.1819,-15.8659,-41.8308
101623364,0.0009,0.0067,0.0290,0.0965,0.1031,-0.0200,0.0350,-0.0480,-0.1583,-0.0232,0.0217,0.0524,-0.2359,1.0551,-1.9039,36.1917,-15.8617,-41.8385
101628365,0.0009,0.0073,-0.0006,0.0794,0.1926,-0.0007,0.0363,-0.0430,-0.1584,-0.0230,-0.0227,0.0353,0.8557,1.0551,-1.9039,36.2168,-15.8554,-41.8499
101633365,0.0010,0.0078,0.0058,0.0846,0.2769,0.0002,0.0356,-0.0464,-0.1585,-0.0229,-0.0181,0.0155,0.8557,1.7853,-2.8477,36.2202,-15.8353,-41.8786
101638364,0.0011,0.0084,0.0150,0.0782,0.2335,0.0014,0.0355,-0.0459,-0.1586,-0.0229,-0.0343,-0.0025,1.9372,1.7853,-3.6289,36.2485,-15.8246,-41.9122
101643365,0.0012,0.0087,0.0079,0.0357,0.1673,0.0008,0.0289,-0.0362,-0.1589,-0.0231,-0.0421,-0.0450,1.9842,1.7853,-3.6289,36.2573,-15.8174,-41.9267
101648365,0.0012,0.0087,-0.0134,-0.0272,0.1804,-0.0500,0.0162,-0.0186,-0.1592,-0.0238,-0.0616,-0.1293,1.9842,2.6105,-4.2381,36.2692,-15.7871,-41.9623
