Time_us,Roll,Pitch,GyroX,GyroY,GyroZ,T1,T2,T3,PhiX,PhiY,PhiDX,PhiDY,motor_vel_1,motor_vel_2,motor_vel_3,motor_pos_1,motor_pos_2,motor_pos_3
136521690,-0.0543,-0.0154,0.0113,-0.0244,0.0338,-0.0500,0.0500,-0.0500,0.0001,-0.0002,0.0113,-0.0244,0.0000,0.0000,0.0000,58.2127,-24.1703,-69.6253
136523375,-0.0542,-0.0154,0.0159,-0.0299,0.0390,-0.0500,-0.0200,0.0200,0.0001,-0.0002,0.0159,-0.0299,0.0000,0.0000,0.0000,58.2127,-24.1703,-69.6253
136528364,-0.0542,-0.0155,0.0150,-0.0327,0.0362,-0.0500,-0.0200,0.0200,0.0002,-0.0004,0.0150,-0.0327,0.0000,0.0000,0.0000,58.2127,-24.1703,-69.6253
136533364,-0.0541,-0.0156,0.0156,-0.0348,0.0271,-0.0500,0.0447,0.0500,0.0003,-0.0006,0.0156,-0.0348,0.0000,0.0000,0.0000,58.2127,-24.1703,-69.6253
136538364,-0.0540,-0.0156,0.0168,-0.0360,0.0295,0.0200,0.0439,0.0500,0.0003,-0.0007,0.0168,-0.0360,0.0000,0.0000,0.0000,58.2127,-24.1703,-69.6253
136543365,-0.0539,-0.0157,0.0186,-0.0367,0.0387,0.0200,0.0430,0.0500,0.0004,-0.0009,0.0186,-0.0367,-1.9381,0.0000,0.0000,58.1698,-24.1703,-69.6253
136548365,-0.0539,-0.0158,0.0140,-0.0431,0.0445,-0.2000,0.0402,0.0500,0.0007,-0.0011,0.0524,-0.0438,-2.2150,0.0000,0.0000,58.1555,-24.1703,-69.6253
136553365,-0.0539,-0.0159,0.0144,-0.0513,0.0591,-0.2000,0.0375,-0.0200,0.0010,-0.0014,0.0527,-0.0520,-2.2150,0.0000,0.0524,58.1422,-24.1703,-69.6242
136558364,-0.0539,-0.0162,0.0144,-0.0312,0.1175,-0.2000,0.0401,-0.0200,0.0013,-0.0016,0.0624,-0.0321,-2.7721,0.0000,0.0524,58.1211,-24.1703,-69.6239
136563364,-0.0540,-0.0165,0.0110,-0.0171,0.1349,-0.2000,0.0409,0.1651,0.0016,-0.0017,0.0689,-0.0333,-2.7721,1.1079,0.0524,58.1045,-24.1467,-69.6237
136568365,-0.0539,-0.0166,0.0382,0.0070,0.1431,-0.2000,0.0409,0.1573,0.0021,-0.0018,0.1050,-0.0246,-2.7721,2.1630,0.0524,58.0934,-24.1184,-69.6234
136573364,-0.0539,-0.0166,0.0480,0.0247,0.1596,-0.2000,0.0428,0.1520,0.0027,-0.0019,0.1163,-0.0111,-2.7182,2.4551,0.0524,58.0781,-24.0995,-69.6232
136578365,-0.0536,-0.0165,0.0834,0.0180,0.1401,-0.1902,0.0364,0.1484,0.0035,-0.0020,0.1578,-0.0216,-2.7182,2.9419,0.2731,58.0672,-24.0783,-69.6184
136583365,-0.0531,-0.0164,0.1188,0.0000,0.1162,-0.1759,0.0272,0.1442,0.0047,-0.0021,0.2341,-0.0203,-3.9675,3.4370,2.0384,58.0216,-24.0505,-69.5786
136588365,-0.0524,-0.0166,0.1607,-0.0357,0.1462,-0.1612,0.0109,0.1447,0.0062,-0.0024,0.2983,-0.0580,-5.1007,3.6571,2.1487,57.9808,-24.0315,-69.5635
136593365,-0.0515,-0.0169,0.2062,-0.0739,0.1905,-0.1440,-0.0500,0.1444,0.0081,-0.0029,0.3787,-0.0916,-6.9466,3.6571,2.4877,57.9083,-24.0096,-69.5480
136598364,-0.0504,-0.0175,0.2483,-0.0956,0.2042,-0.1290,-0.0500,0.1391,0.0102,-0.0031,0.4227,-0.0474,-8.4285,3.9669,3.3417,57.8481,-23.9878,-69.5135
136603364,-0.0490,-0.0182,0.2847,-0.0843,0.2033,-0.1116,-0.0500,0.1298,0.0127,-0.0032,0.4963,-0.0286,-10.3164,3.9669,3.8643,57.7548,-23.9640,-69.4879
136608365,-0.0470,-0.0183,0.4203,0.0400,0.2204,-0.0675,-0.0500,0.0796,0.0160,-0.0027,0.6582,0.1129,-11.2718,3.3367,5.0142,57.6924,-23.9619,-69.4379
136613365,-0.0446,-0.0180,0.4960,0.1109,0.2543,-0.0363,0.0200,0.0458,0.0198,-0.0017,0.7727,0.2000,-12.9766,2.4640,6.1064,57.5853,-23.9621,-69.3936
136618364,-0.0419,-0.0174,0.5611,0.1744,0.2790,-0.0078,0.0200,0.0136,0.0241,-0.0003,0.8598,0.2839,-13.5871,2.0277,7.4555,57.5202,-23.9618,-69.3262
136623365,-0.0389,-0.0165,0.6212,0.2211,0.2790,0.0500,-0.0192,-0.0500,0.0289,0.0013,0.9549,0.3182,-14.5610,1.4944,8.0851,57.4161,-23.9621,-69.2830
136628365,-0.0356,-0.0155,0.6616,0.2615,0.2674,0.0500,-0.0135,-0.0500,0.0322,0.0026,0.6717,0.2438,-14.8021,1.2036,8.6600,57.3525,-23.9625,-69.2207
136633364,-0.0323,-0.0143,0.6839,0.2954,0.2852,0.0500,-0.0114,-0.0500,0.0357,0.0040,0.6916,0.2819,-14.5767,0.9127,8.9923,57.2685,-23.9620,-69.1785
136638364,-0.0288,-0.0129,0.7019,0.3302,0.3499,0.0500,-0.0089,-0.0500,0.0392,0.0056,0.7080,0.3196,-14.0595,0.7188,8.9887,57.2216,-23.9626,-69.1244
136643365,-0.0252,-0.0114,0.7187,0.3613,0.3927,-0.0200,-0.0042,0.0200,0.0428,0.0075,0.7089,0.3781,-12.7759,-1.1360,8.0448,57.1679,-24.0006,-69.1100
136648365,-0.0214,-0.0094,0.7336,0.3842,0.4061,-0.0200,-0.0019,0.0200,0.0464,0.0095,0.7239,0.4010,-11.1146,-1.1360,7.3277,57.1531,-24.0052,-69.0767
136653364,-0.0177,-0.0077,0.6930,0.3708,0.4290,0.1135,-0.0040,-0.1260,0.0509,0.0118,0.9010,0.4767,-9.6341,-1.1360,6.0037,57.1207,-24.0120,-69.0766
136658365,-0.0144,-0.0060,0.6234,0.3348,0.4773,0.1057,-0.0046,-0.1194,0.0549,0.0139,0.7920,0.4169,-8.1485,-1.1360,4.4039,57.1147,-24.0165,-69.0775
136663364,-0.0115,-0.0046,0.5339,0.2892,0.5020,0.0927,-0.0042,-0.1077,0.0583,0.0157,0.6785,0.3600,-7.1438,-1.1360,3.6316,57.0898,-24.0234,-69.0768
136668364,-0.0091,-0.0034,0.4371,0.2220,0.4815,0.0758,-0.0070,-0.0873,0.0610,0.0171,0.5513,0.2789,-5.8513,-1.1360,2.6938,57.0897,-24.0279,-69.0768
136673364,-0.0071,-0.0025,0.3766,0.1765,0.4794,0.0665,-0.0092,-0.0756,0.0633,0.0183,0.4606,0.2261,-4.3434,-1.1360,2.1973,57.0894,-24.0347,-69.0770
136678365,-0.0055,-0.0017,0.3412,0.1432,0.5075,0.0618,-0.0123,-0.0690,0.0653,0.0192,0.4032,0.1904,-3.5356,-1.5211,1.6456,57.0899,-24.0478,-69.0766
136683364,-0.0037,-0.0013,0.3415,0.1264,0.5429,0.0669,-0.0190,-0.0687,0.0672,0.0200,0.3777,0.1563,-2.6201,-1.5211,0.4838,57.0898,-24.0570,-69.0949
136688365,-0.0018,-0.0007,0.3332,0.1240,0.5897,0.0702,-0.0213,-0.0715,0.0690,0.0206,0.3483,0.1318,-2.1354,-1.5211,-0.9963,57.0900,-24.0630,-69.1275
136693364,-0.0002,-0.0001,0.2767,0.1222,0.6260,0.0590,-0.0161,-0.0669,0.0702,0.0212,0.2538,0.1096,-0.6127,-1.5211,-2.3634,57.1109,-24.0722,-69.1619
136698364,0.0011,0.0003,0.2043,0.0751,0.5090,0.0455,-0.0166,-0.0484,0.0710,0.0215,0.1566,0.0551,0.1393,-1.9592,-3.3048,57.1255,-24.0872,-69.1958
136703364,0.0017,0.0006,0.0764,0.0559,0.5365,0.0137,-0.0046,-0.0297,0.0711,0.0216,0.0081,0.0317,1.1914,-1.9592,-3.5817,57.1485,-24.0990,-69.2156
136708365,0.0020,0.0009,0.0648,0.0299,0.5231,0.0111,-0.0085,-0.0227,0.0710,0.0216,-0.0221,-0.0067,1.8559,-1.9592,-4.4179,57.1687,-24.1068,-69.2559
136713365,0.0024,0.0010,0.0415,0.0153,0.4797,0.0068,-0.0087,-0.0166,0.0707,0.0215,-0.0526,-0.0276,1.8559,-2.1702,-5.0475,57.1798,-24.1229,-69.2867
136718365,0.0028,0.0010,0.0247,0.0113,0.4541,0.0025,-0.0071,-0.0128,0.0702,0.0213,-0.0943,-0.0365,3.1395,-2.1702,-5.3785,57.2154,-24.1316,-69.3237
136723364,0.0030,0.0010,0.0015,-0.0082,0.4223,-0.0500,-0.0087,-0.0054,0.0696,0.0210,-0.1185,-0.0577,3.1395,-2.1702,-5.4889,57.2343,-24.1446,-69.3479
136728364,0.0031,0.0010,-0.0223,-0.0192,0.3948,-0.0500,-0.0098,-0.0023,0.0692,0.0207,-0.0851,-0.0631,3.1395,-2.1702,-5.1218,57.2468,-24.1533,-69.3733
136733364,0.0028,0.0007,-0.0308,-0.0492,0.3239,-0.0500,-0.0138,0.0500,0.0687,0.0203,-0.0943,-0.0825,2.3871,-2.5618,-4.8072,57.2485,-24.1748,-69.3865
136738365,0.0028,0.0004,-0.0370,-0.0663,0.2131,-0.0500,-0.0135,0.0500,0.0684,0.0201,-0.0590,-0.0280,1.9639,-2.5618,-4.5630,57.2487,-24.1850,-69.4103
136743364,0.0029,-0.0001,-0.0336,-0.0761,0.1502,0.0200,-0.0170,0.0500,0.0682,0.0199,-0.0557,-0.0378,0.6251,-2.5618,-3.7330,57.2312,-24.2004,-69.4102
136748364,0.0028,-0.0007,-0.0577,-0.1103,0.1159,0.0200,-0.0229,0.0500,0.0678,0.0196,-0.0798,-0.0720,-0.2674,-2.5618,-2.7566,57.2130,-24.2107,-69.4100
136753364,0.0023,-0.0014,-0.0589,-0.1240,0.0698,-0.0073,-0.0274,-0.0200,0.0674,0.0191,-0.0717,-0.0923,-0.3228,-2.1255,-2.2683,57.2103,-24.2156,-69.4102
136758365,0.0020,-0.0022,-0.0296,-0.1304,0.0020,0.0500,-0.0349,-0.0200,0.0673,0.0186,-0.0118,-0.0987,-2.0948,-2.1255,-1.6825,57.1701,-24.2241,-69.4102
136763364,0.0020,-0.0029,0.0153,-0.1142,-0.0392,0.0500,-0.0384,0.0299,0.0673,0.0181,-0.0145,-0.1025,-2.3717,-2.1255,-1.3407,57.1504,-24.2368,-69.4094
136768365,0.0022,-0.0036,0.0495,-0.0852,-0.0655,0.0500,-0.0377,0.0193,0.0674,0.0179,0.0348,-0.0472,-3.1609,-2.1255,0.4195,57.1242,-24.2453,-69.3783
136773365,0.0026,-0.0042,0.0602,-0.0706,-0.1027,0.0500,-0.0380,0.0161,0.0677,0.0177,0.0469,-0.0287,-3.1609,-2.1771,0.6293,57.1052,-24.2594,-69.3717
136778364,0.0031,-0.0045,0.0498,-0.0516,-0.1351,-0.0200,-0.0344,0.0141,0.0679,0.0177,0.0365,-0.0097,-3.1609,-2.1771,0.6293,57.0926,-24.2681,-69.3679
136783364,0.0035,-0.0049,0.0388,-0.0516,-0.2045,-0.0200,-0.0334,0.0163,0.0680,0.0177,0.0198,0.0001,-2.4608,-2.8372,0.6293,57.0895,-24.2948,-69.3654
136788365,0.0036,-0.0051,0.0351,-0.0651,-0.2301,0.0272,-0.0378,0.0194,0.0682,0.0176,0.0503,-0.0133,-1.9761,-2.8372,0.6293,57.0903,-24.3061,-69.3616
136793364,0.0035,-0.0055,-0.0232,-0.0202,-0.1098,0.0102,-0.0228,0.0168,0.0681,0.0178,-0.0185,0.0352,-1.4914,-3.0806,0.6293,57.0896,-24.3281,-69.3591
136798364,0.0034,-0.0057,-0.0559,0.0092,-0.1388,0.0013,-0.0116,0.0157,0.0678,0.0181,-0.0588,0.0697,-1.2221,-3.4214,0.6293,57.0896,-24.3484,-69.3553
136803364,0.0031,-0.0056,-0.0840,0.0586,-0.1709,-0.0500,0.0500,0.0084,0.0674,0.0188,-0.0853,0.1314,-0.8990,-3.4214,1.4567,57.0897,-24.3689,-69.3355
136808364,0.0025,-0.0054,-0.0983,0.0742,-0.2164,-0.0500,0.0500,0.0102,0.0670,0.0193,-0.0825,0.1017,-0.7375,-3.4214,1.8429,57.0897,-24.3826,-69.3169
136813365,0.0018,-0.0049,-0.1017,0.0852,-0.2170,-0.0500,0.0500,0.0081,0.0666,0.0199,-0.0859,0.1127,-0.5220,-3.4214,1.8429,57.0902,-24.4031,-69.3096
136818365,0.0012,-0.0047,-0.0968,0.0941,-0.2020,-0.0500,0.0500,0.0057,0.0661,0.0205,-0.0810,0.1215,-0.4682,-3.4214,1.8429,57.0893,-24.4168,-69.2985
136823364,0.0010,-0.0043,-0.0983,0.0932,-0.2145,0.0200,-0.0200,0.0053,0.0657,0.0211,-0.0825,0.1206,-0.4143,-2.6943,1.8429,57.0880,-24.4210,-69.2911
136828365,0.0005,-0.0037,-0.0785,0.0996,-0.1983,0.0200,-0.0200,0.0006,0.0654,0.0217,-0.0652,0.1227,-0.4143,-2.1909,1.5523,57.0863,-24.4207,-69.2864
136833364,0.0000,-0.0033,-0.0602,0.0852,-0.1544,-0.0127,0.0194,-0.0008,0.0651,0.0223,-0.0562,0.1284,-0.4143,-1.6316,1.2617,57.0839,-24.4209,-69.2866
136838364,-0.0002,-0.0032,-0.0257,-0.0073,-0.1611,-0.0034,-0.0500,0.0164,0.0651,0.0224,-0.0017,0.0095,-1.0341,-0.2039,0.9227,57.0694,-24.3966,-69.2868
136843364,-0.0002,-0.0034,0.0208,-0.0617,-0.1935,0.0500,-0.0500,0.0230,0.0655,0.0221,0.0676,-0.0501,-2.3300,1.0024,0.7774,57.0315,-24.3681,-69.2863
136848364,0.0002,-0.0039,0.0330,-0.1029,-0.2411,0.0500,-0.0500,0.0339,0.0656,0.0217,0.0380,-0.0942,-2.3300,1.0024,0.5836,57.0221,-24.3641,-69.2862
136853364,0.0002,-0.0047,0.0363,-0.1289,-0.2686,0.0500,-0.0500,0.0421,0.0659,0.0210,0.0405,-0.1216,-2.3300,1.0024,0.4868,57.0082,-24.3581,-69.2861
136858365,0.0003,-0.0054,0.0501,-0.1295,-0.2307,0.0500,0.0200,0.0426,0.0661,0.0204,0.0530,-0.1244,-2.2830,0.8441,0.3415,56.9998,-24.3573,-69.2866
136863364,0.0004,-0.0062,0.0577,-0.1258,-0.1953,-0.0200,0.0200,0.0429,0.0664,0.0198,0.0602,-0.1215,-1.7187,0.0000,0.2931,56.9991,-24.3732,-69.2863
136868364,0.0010,-0.0068,0.0690,-0.1142,-0.1925,-0.0200,-0.0567,0.0402,0.0668,0.0193,0.0707,-0.1113,-1.3896,0.0000,0.1962,56.9995,-24.3732,-69.2868
136873364,0.0016,-0.0075,0.0733,-0.1127,-0.1544,0.0275,-0.0612,0.0396,0.0672,0.0187,0.0840,-0.1105,-0.5440,0.0000,0.1478,57.0095,-24.3732,-69.2870
136878364,0.0020,-0.0081,0.0470,-0.1121,-0.1223,0.0205,-0.0602,0.0444,0.0674,0.0182,0.0331,-0.1092,0.9015,0.0000,0.1962,57.0399,-24.3732,-69.2850
136883365,0.0022,-0.0087,0.0058,-0.0693,-0.2368,0.0117,-0.0458,0.0432,0.0673,0.0179,-0.0134,-0.0572,0.9015,-0.6153,0.1962,57.0454,-24.3859,-69.2842
136888364,0.0022,-0.0090,-0.0162,-0.0226,-0.2179,0.0049,-0.0323,0.0357,0.0670,0.0179,-0.0487,0.0129,0.9015,-2.1814,0.1962,57.0490,-24.4231,-69.2831
136893365,0.0021,-0.0093,-0.0003,-0.0058,-0.2002,0.0083,-0.0315,0.0309,0.0669,0.0181,-0.0329,0.0297,0.9015,-2.1814,0.1962,57.0544,-24.4362,-69.2823
136898364,0.0019,-0.0093,0.0070,0.0009,-0.1812,0.0097,-0.0307,0.0279,0.0668,0.0183,-0.0202,0.0457,0.9015,-2.1814,0.8233,57.0580,-24.4450,-69.2681
136903365,0.0021,-0.0095,0.0055,0.0156,-0.1870,0.0100,-0.0270,0.0241,0.0667,0.0187,-0.0218,0.0757,1.2246,-2.3753,1.6595,57.0700,-24.4620,-69.2456
136908364,0.0023,-0.0095,0.0046,0.0238,-0.2286,0.0101,-0.0247,0.0233,0.0665,0.0191,-0.0367,0.0840,2.0324,-2.3753,1.6595,57.0934,-24.4715,-69.2357
136913365,0.0024,-0.0095,-0.0189,0.0489,-0.2249,0.0044,-0.0163,0.0205,0.0662,0.0197,-0.0602,0.1090,2.0324,-2.3753,1.6595,57.1056,-24.4857,-69.2290
136918365,0.0023,-0.0094,-0.0388,0.0626,-0.1962,-0.0013,-0.0108,0.0195,0.0658,0.0203,-0.0800,0.1228,2.0324,-2.3753,1.6595,57.1138,-24.4952,-69.2191
136923365,0.0019,-0.0090,-0.0501,0.0641,-0.1999,-0.0500,-0.0075,0.0202,0.0654,0.0209,-0.0861,0.1166,1.9860,-1.8589,1.6595,57.1250,-24.4980,-69.2124
136928365,0.0018,-0.0086,-0.0583,0.0709,-0.2646,-0.0500,-0.0044,0.0184,0.0651,0.0215,-0.0574,0.1187,1.6146,-1.5491,1.6595,57.1247,-24.4986,-69.2025
136933365,0.0017,-0.0083,-0.0693,0.0480,-0.2509,-0.0500,-0.0076,0.0246,0.0647,0.0219,-0.0677,0.0847,1.1968,-1.1360,1.3272,57.1247,-24.4984,-69.2032
136938365,0.0014,-0.0080,-0.0644,0.0336,-0.2127,-0.0500,-0.0108,0.0266,0.0644,0.0222,-0.0639,0.0623,0.9647,-0.9295,0.9949,57.1244,-24.4984,-69.2029
136943365,0.0010,-0.0079,-0.0495,0.0147,-0.2164,0.0200,-0.0160,0.0297,0.0642,0.0224,-0.0481,0.0370,0.7325,-0.6713,0.8288,57.1249,-24.4981,-69.2026
136948364,0.0008,-0.0079,-0.0351,-0.0095,-0.2411,0.0200,-0.0223,0.0342,0.0640,0.0224,-0.0348,0.0081,-0.8617,-0.5680,0.6073,57.0928,-24.4985,-69.2028
136953364,0.0006,-0.0080,-0.0177,-0.0418,-0.2411,0.0500,-0.0325,0.0392,0.0640,0.0223,0.0007,-0.0283,-1.0232,-0.4131,0.4965,57.0834,-24.4984,-69.2029
136958365,0.0006,-0.0082,-0.0061,-0.0770,-0.2042,0.0500,-0.0424,0.0467,0.0640,0.0219,-0.0059,-0.0658,-1.0232,-0.3615,0.3858,57.0793,-24.4988,-69.2025
136963364,0.0005,-0.0086,-0.0070,-0.1014,-0.1663,0.0500,-0.0494,0.0534,0.0639,0.0215,-0.0059,-0.0918,-1.0232,-0.2582,0.3858,57.0732,-24.4985,-69.2011
136968364,0.0007,-0.0093,-0.0058,-0.1225,-0.1941,0.0500,-0.0567,0.0604,0.0639,0.0209,-0.0043,-0.1136,-1.0232,-0.2066,0.3858,57.0691,-24.4984,-69.1988
136973365,0.0006,-0.0100,0.0214,-0.1344,-0.2228,-0.0200,-0.0645,0.0624,0.0640,0.0203,0.0225,-0.1248,-1.0232,-0.2582,0.3858,57.0630,-24.5010,-69.1973
136978365,0.0006,-0.0107,0.0394,-0.1182,-0.1269,-0.0200,-0.0671,0.0578,0.0642,0.0197,0.0405,-0.1086,-1.0232,-0.2582,0.3858,57.0589,-24.5020,-69.1950
136983365,0.0009,-0.0115,0.0370,-0.1051,-0.1391,0.0164,-0.0674,0.0563,0.0645,0.0193,0.0595,-0.0889,-1.0232,-0.2582,0.8252,57.0527,-24.5035,-69.1844
136988364,0.0011,-0.0121,0.0122,-0.0651,-0.1278,0.0110,-0.0565,0.0504,0.0647,0.0192,0.0383,-0.0246,-1.0232,-0.8633,1.8505,57.0486,-24.5171,-69.1542
136993364,0.0011,-0.0125,-0.0006,-0.0275,-0.1351,0.0053,-0.0456,0.0454,0.0647,0.0193,-0.0109,0.0310,0.4847,-2.0736,1.8505,57.0752,-24.5520,-69.1468
136998365,0.0010,-0.0127,-0.0089,-0.0034,-0.1400,0.0024,-0.0388,0.0417,0.0646,0.0197,-0.0236,0.0669,1.1309,-2.0736,2.6370,57.0921,-24.5603,-69.1171
137003364,0.0010,-0.0128,-0.0076,0.0284,-0.1089,0.0015,-0.0315,0.0341,0.0644,0.0202,-0.0307,0.1132,1.1309,-3.0472,2.6370,57.0989,-24.5964,-69.1066
137008365,0.0009,-0.0128,0.0098,0.0449,-0.0939,0.0054,-0.0300,0.0282,0.0643,0.0209,-0.0133,0.1297,1.1309,-3.0472,2.6370,57.1034,-24.6086,-69.0908
137013364,0.0010,-0.0128,-0.0043,0.0577,-0.0823,0.0022,-0.0251,0.0260,0.0642,0.0216,-0.0268,0.1514,1.1309,-3.3110,2.9680,57.1102,-24.6331,-69.0731
137018365,0.0010,-0.0126,-0.0214,0.0727,-0.0924,-0.0017,-0.0191,0.0243,0.0640,0.0225,-0.0439,0.1663,1.1309,-3.3110,2.9680,57.1147,-24.6463,-69.0553
137023364,0.0010,-0.0123,-0.0354,0.0971,-0.0792,-0.0500,-0.0112,0.0197,0.0637,0.0234,-0.0579,0.1908,1.1309,-3.3110,2.9680,57.1215,-24.6662,-69.0434
137028364,0.0008,-0.0121,-0.0522,0.1002,-0.0911,-0.0500,-0.0077,0.0201,0.0634,0.0244,-0.0530,0.1943,1.0845,-3.1991,3.1133,57.1251,-24.6770,-69.0221
137033365,0.0003,-0.0116,-0.0525,0.1026,-0.1113,-0.0500,-0.0044,0.0191,0.0632,0.0254,-0.0533,0.1968,0.8060,-3.1991,3.1133,57.1250,-24.6961,-69.0096
137038364,0.0000,-0.0110,-0.0327,0.1072,-0.1009,-0.0500,-0.0036,0.0146,0.0630,0.0264,-0.0370,0.1951,0.6667,-3.1991,2.6952,57.1251,-24.7089,-68.9998
137043364,-0.0002,-0.0105,-0.0235,0.0938,-0.0762,0.0200,-0.0069,0.0158,0.0628,0.0272,-0.0252,0.1646,0.4810,-2.4719,2.2771,57.1247,-24.7116,-68.9992
137048365,-0.0004,-0.0099,-0.0247,0.0861,-0.0533,0.0200,-0.0073,0.0166,0.0627,0.0279,-0.0249,0.1450,-1.0771,-1.9871,1.9636,57.0927,-24.7108,-68.9925
137053365,-0.0006,-0.0095,-0.0263,0.0721,-0.0520,-0.0064,-0.0096,0.0179,0.0627,0.0285,-0.0009,0.1238,-1.2386,-1.5023,1.9636,57.0821,-24.7115,-68.9854
137058364,-0.0008,-0.0091,-0.0296,0.0531,-0.0597,-0.0077,-0.0118,0.0218,0.0627,0.0290,-0.0018,0.1005,-1.2386,-1.2115,1.9636,57.0771,-24.7111,-68.9729
137063365,-0.0008,-0.0088,-0.0342,0.0244,-0.0756,-0.0083,-0.0170,0.0281,0.0627,0.0294,0.0010,0.0674,-1.5204,-0.9206,1.9636,57.0640,-24.7116,-68.9658
137068365,-0.0010,-0.0089,-0.0021,-0.0134,-0.0939,0.0009,-0.0297,0.0324,0.0630,0.0295,0.0522,0.0267,-2.5345,-0.7267,1.9636,57.0348,-24.7110,-68.9532
137073365,-0.0008,-0.0092,0.0626,-0.0693,-0.0679,0.0500,-0.0523,0.0375,0.0636,0.0293,0.1158,-0.0371,-2.5345,-0.5327,1.6313,57.0196,-24.7110,-68.9533
137078364,-0.0005,-0.0096,0.0947,-0.0956,-0.0578,0.0500,-0.0630,0.0421,0.0641,0.0290,0.1011,-0.0714,-2.5345,-0.4358,1.1883,57.0094,-24.7110,-68.9532
137083364,0.0003,-0.0101,0.1106,-0.1063,-0.0203,0.0500,-0.0711,0.0423,0.0646,0.0285,0.1164,-0.0860,-2.2994,-0.3388,1.0221,56.9992,-24.7114,-68.9525
137088365,0.0011,-0.0106,0.1197,-0.1280,0.0197,0.0500,-0.0812,0.0462,0.0653,0.0280,0.1232,-0.1118,-1.8762,-0.3388,0.7452,56.9993,-24.7126,-68.9526
137093364,0.0015,-0.0116,0.1011,-0.1356,0.0261,-0.0200,-0.0850,0.0526,0.0658,0.0274,0.1031,-0.1219,-1.3590,-0.3388,0.5791,57.0000,-24.7146,-68.9535
137098364,0.0020,-0.0124,0.0599,-0.1326,0.0124,-0.0200,-0.0830,0.0596,0.0661,0.0267,0.0605,-0.1213,0.4507,-0.3388,0.4129,57.0341,-24.7160,-68.9535
137103365,0.0023,-0.0132,0.0318,-0.1142,-0.0334,0.0159,-0.0759,0.0613,0.0661,0.0263,0.0079,-0.0823,0.6761,-1.7847,0.3576,57.0426,-24.7510,-68.9532
137108364,0.0024,-0.0138,0.0049,-0.0764,-0.0389,0.0096,-0.0667,0.0586,0.0660,0.0261,-0.0199,-0.0461,0.6761,-1.7847,0.2468,57.0453,-24.7581,-68.9534
137113365,0.0024,-0.0143,-0.0168,-0.0406,-0.0090,0.0028,-0.0564,0.0539,0.0657,0.0262,-0.0533,0.0102,0.6761,-3.1600,0.2468,57.0494,-24.8012,-68.9525
137118364,0.0022,-0.0145,-0.0171,0.0098,-0.0032,-0.0008,-0.0437,0.0446,0.0653,0.0265,-0.0888,0.0699,2.3456,-3.8415,0.1914,57.0886,-24.8280,-68.9523
137123365,0.0020,-0.0145,-0.0296,0.0305,0.0035,-0.0500,-0.0364,0.0418,0.0648,0.0270,-0.1083,0.1014,2.3994,-4.5556,0.1914,57.1040,-24.8671,-68.9517
137128365,0.0019,-0.0145,-0.0531,0.0385,-0.0346,-0.0500,-0.0324,0.0421,0.0643,0.0276,-0.0917,0.1117,2.3994,-4.7139,0.1914,57.1136,-24.8891,-68.9504
137133365,0.0016,-0.0144,-0.0944,0.0611,-0.0383,-0.0500,-0.0206,0.0423,0.0636,0.0283,-0.1377,0.1426,2.2137,-5.2732,0.1914,57.1242,-24.9297,-68.9497
137138365,0.0010,-0.0142,-0.1103,0.0864,-0.0548,-0.0500,-0.0103,0.0379,0.0629,0.0292,-0.1432,0.1862,1.8423,-5.2732,1.4120,57.1249,-24.9508,-68.9223
137143364,0.0003,-0.0140,-0.1167,0.0956,-0.1076,0.0200,-0.0039,0.0371,0.0622,0.0302,-0.1462,0.2040,1.3317,-5.3702,1.9002,57.1242,-24.9847,-68.9060
137148365,-0.0003,-0.0135,-0.0922,0.1008,-0.1406,0.0200,-0.0030,0.0332,0.0616,0.0313,-0.1187,0.2038,-0.2693,-5.0087,1.9002,57.0943,-24.9987,-68.8938
137153364,-0.0008,-0.0131,-0.0626,0.0919,-0.1296,-0.0184,-0.0073,0.0307,0.0612,0.0322,-0.0754,0.1872,-0.5385,-4.4924,1.9002,57.0858,-25.0159,-68.8870
137158365,-0.0012,-0.0128,-0.0458,0.0843,-0.1128,-0.0156,-0.0092,0.0291,0.0609,0.0331,-0.0541,0.1874,-0.5385,-4.4924,2.4246,57.0836,-25.0339,-68.8614
137163365,-0.0015,-0.0126,-0.0305,0.0776,-0.1238,-0.0114,-0.0128,0.0289,0.0608,0.0340,-0.0235,0.1692,-1.0456,-3.7222,2.4246,57.0700,-25.0440,-68.8527
137168365,-0.0017,-0.0124,-0.0431,0.0825,-0.1238,-0.0133,-0.0109,0.0289,0.0608,0.0348,-0.0070,0.1643,-2.3979,-3.0620,2.4246,57.0355,-25.0443,-68.8372
137173364,-0.0020,-0.0123,-0.0272,0.0724,-0.1455,-0.0096,-0.0147,0.0298,0.0609,0.0355,0.0159,0.1419,-2.3979,-2.2369,2.4246,57.0211,-25.0436,-68.8284
137178364,-0.0022,-0.0120,-0.0018,0.0577,-0.1608,-0.0039,-0.0204,0.0305,0.0611,0.0361,0.0393,0.1124,-2.3979,-1.8518,1.8178,57.0115,-25.0440,-68.8269
137183364,-0.0021,-0.0118,0.0360,0.0357,-0.1431,0.0500,-0.0304,0.0305,0.0614,0.0365,0.0762,0.0781,-2.2568,-1.3566,1.4868,57.0000,-25.0437,-68.8275
137188364,-0.0019,-0.0118,0.0791,0.0128,-0.1296,0.0500,-0.0403,0.0315,0.0618,0.0367,0.0788,0.0462,-1.8806,-1.1366,1.1007,56.9992,-25.0442,-68.8270
137193364,-0.0015,-0.0118,0.1173,-0.0086,-0.0994,0.0500,-0.0516,0.0305,0.0624,0.0368,0.1198,0.0199,-1.3634,-0.8065,1.1007,56.9999,-25.0434,-68.8230
137198365,-0.0008,-0.0118,0.1393,-0.0281,-0.0524,0.0500,-0.0607,0.0300,0.0631,0.0368,0.1427,-0.0013,-1.1283,-0.6965,1.1007,56.9996,-25.0442,-68.8160
137203365,-0.0002,-0.0122,0.1512,-0.0437,-0.0267,-0.0200,-0.0689,0.0319,0.0639,0.0367,0.1565,-0.0202,-0.8462,-0.4764,1.1007,56.9994,-25.0433,-68.8120
137208365,0.0004,-0.0127,0.1381,-0.0568,-0.0175,-0.0200,-0.0732,0.0368,0.0646,0.0365,0.1438,-0.0341,-0.7051,-0.4214,1.1007,56.9991,-25.0440,-68.8050
137213364,0.0010,-0.0131,0.0831,-0.0492,-0.0502,0.0245,-0.0661,0.0435,0.0650,0.0364,0.0674,-0.0265,1.2395,-0.4214,1.1007,57.0397,-25.0465,-68.8010
137218365,0.0014,-0.0135,0.0452,-0.0312,-0.0478,0.0164,-0.0595,0.0449,0.0651,0.0363,0.0295,-0.0085,1.2395,-0.4214,1.1007,57.0447,-25.0482,-68.7940
137223364,0.0016,-0.0138,0.0183,-0.0107,-0.0600,0.0104,-0.0525,0.0444,0.0651,0.0364,0.0002,0.0163,1.2395,-0.7135,1.1007,57.0521,-25.0567,-68.7900
137228365,0.0017,-0.0140,0.0223,0.0055,-0.1137,0.0118,-0.0482,0.0408,0.0651,0.0367,-0.0071,0.0521,1.2395,-2.0279,1.1007,57.0571,-25.0888,-68.7830
137233364,0.0017,-0.0140,0.0293,0.0238,-0.0997,0.0115,-0.0443,0.0366,0.0650,0.0370,-0.0224,0.0705,2.5320,-2.0279,1.1007,57.0953,-25.1010,-68.7790
137238365,0.0020,-0.0140,0.0205,0.0367,-0.0481,0.0097,-0.0416,0.0338,0.0648,0.0374,-0.0313,0.0833,2.5320,-2.0279,1.1007,57.1054,-25.1091,-68.7720
137243365,0.0022,-0.0140,0.0070,0.0382,-0.0737,0.0073,-0.0391,0.0346,0.0646,0.0379,-0.0487,0.0919,2.5320,-2.5027,1.1007,57.1206,-25.1330,-68.7680
137248364,0.0023,-0.0139,-0.0260,0.0510,-0.1034,0.0002,-0.0315,0.0352,0.0642,0.0385,-0.0733,0.1110,2.2535,-2.5027,1.5187,57.1249,-25.1431,-68.7524
137253364,0.0021,-0.0138,-0.0425,0.0754,-0.1220,-0.0500,-0.0234,0.0315,0.0638,0.0391,-0.0781,0.1377,1.6500,-2.5027,1.6755,57.1245,-25.1581,-68.7433
137258364,0.0017,-0.0136,-0.0547,0.0892,-0.1400,-0.0500,-0.0183,0.0291,0.0635,0.0399,-0.0617,0.1515,1.3714,-2.5027,1.6755,57.1249,-25.1681,-68.7326
137263364,0.0013,-0.0133,-0.0480,0.0877,-0.1409,-0.0500,-0.0178,0.0285,0.0632,0.0406,-0.0531,0.1466,1.0000,-2.2790,1.6755,57.1245,-25.1777,-68.7265
137268365,0.0010,-0.0131,-0.0370,0.0831,-0.1586,-0.0500,-0.0186,0.0282,0.0630,0.0414,-0.0421,0.1421,0.8143,-2.2790,1.6755,57.1245,-25.1869,-68.7158
137273364,0.0008,-0.0128,-0.0180,0.0825,-0.1699,0.0200,-0.0195,0.0257,0.0629,0.0421,-0.0232,0.1414,0.6286,-2.2790,1.6755,57.1251,-25.2005,-68.7098
137278365,0.0006,-0.0125,-0.0064,0.0764,-0.1580,0.0200,-0.0210,0.0246,0.0629,0.0428,-0.0097,0.1386,0.2201,-2.2790,1.8970,57.1190,-25.2096,-68.6937
137283365,0.0005,-0.0122,0.0211,0.0757,-0.1250,0.0500,-0.0252,0.0193,0.0631,0.0434,0.0438,0.1301,-1.2386,-1.7457,1.8970,57.0851,-25.2112,-68.6868
137288364,0.0005,-0.0118,0.0391,0.0693,-0.1061,0.0500,-0.0276,0.0180,0.0633,0.0440,0.0433,0.1186,-1.2386,-1.4063,1.8970,57.0801,-25.2108,-68.6747
137293364,0.0007,-0.0114,0.0360,0.0583,-0.1101,0.0500,-0.0289,0.0191,0.0635,0.0445,0.0431,0.1025,-1.2386,-1.0670,1.8970,57.0727,-25.2114,-68.6679
137298364,0.0012,-0.0113,0.0480,0.0452,-0.1452,0.0500,-0.0337,0.0201,0.0638,0.0449,0.0546,0.0829,-1.2386,-0.8730,1.6529,57.0677,-25.2114,-68.6609
137303364,0.0014,-0.0112,0.0727,0.0348,-0.0737,-0.0200,-0.0404,0.0181,0.0642,0.0452,0.0789,0.0645,-1.2386,-0.6306,1.3600,57.0603,-25.2110,-68.6613
137308365,0.0017,-0.0111,0.0950,0.0330,-0.0398,-0.0200,-0.0447,0.0148,0.0647,0.0455,0.0991,0.0561,-1.2386,-0.5337,1.0182,57.0553,-25.2114,-68.6606
137313365,0.0024,-0.0109,0.1035,0.0238,-0.0554,0.0383,-0.0496,0.0134,0.0653,0.0457,0.1287,0.0419,-1.2386,-0.3882,0.8229,57.0479,-25.2112,-68.6611
137318364,0.0030,-0.0108,0.0846,0.0183,-0.0221,0.0349,-0.0495,0.0154,0.0658,0.0459,0.1010,0.0328,-0.8078,-0.3398,0.6276,57.0518,-25.2117,-68.6605
137323365,0.0035,-0.0109,0.0596,0.0104,-0.0154,0.0280,-0.0485,0.0211,0.0661,0.0460,0.0434,0.0219,1.0771,-0.2428,0.5300,57.0917,-25.2114,-68.6604
137328364,0.0036,-0.0110,0.0476,-0.0055,-0.0420,0.0256,-0.0510,0.0270,0.0662,0.0460,0.0306,0.0031,1.0771,-0.1943,0.3835,57.0960,-25.2112,-68.6605
137333364,0.0036,-0.0112,0.0446,-0.0012,-0.0307,0.0249,-0.0505,0.0268,0.0663,0.0460,0.0272,0.0052,1.0771,-0.1458,0.2859,57.1024,-25.2113,-68.6613
137338365,0.0040,-0.0114,0.0556,0.0009,-0.0194,0.0289,-0.0532,0.0250,0.0665,0.0461,0.0374,0.0059,1.1235,-0.0974,0.2371,57.1077,-25.2108,-68.6606
137343365,0.0042,-0.0114,0.0699,-0.0012,-0.0010,0.0321,-0.0557,0.0237,0.0667,0.0461,0.0385,0.0030,1.8663,-0.0974,0.1882,57.1329,-25.2114,-68.6608
137348365,0.0047,-0.0116,0.0593,0.0119,0.0588,0.0305,-0.0538,0.0210,0.0669,0.0462,0.0278,0.0147,1.8663,-0.0489,0.1394,57.1404,-25.2108,-68.6608
137353365,0.0050,-0.0116,0.0232,0.0263,0.0497,0.0227,-0.0469,0.0223,0.0668,0.0463,-0.0087,0.0283,1.8663,-0.0489,0.0906,57.1516,-25.2111,-68.6613
137358365,0.0051,-0.0116,-0.0049,0.0483,0.0613,0.0155,-0.0384,0.0206,0.0666,0.0466,-0.0458,0.0510,2.3647,-0.0974,0.0906,57.1707,-25.2123,-68.6607
137363365,0.0051,-0.0115,-0.0299,0.0675,0.0671,0.0091,-0.0308,0.0191,0.0662,0.0469,-0.0709,0.0702,2.3647,-0.0974,0.0906,57.1849,-25.2129,-68.6604
137368364,0.0050,-0.0112,-0.0593,0.0901,0.0765,0.0010,-0.0212,0.0173,0.0657,0.0474,-0.1002,0.0928,2.3647,-0.0974,0.0906,57.1944,-25.2133,-68.6600
137373364,0.0048,-0.0109,-0.0776,0.1060,0.0689,-0.0500,-0.0138,0.0156,0.0651,0.0479,-0.1185,0.1087,2.3647,-0.0974,0.0906,57.2086,-25.2139,-68.6596
137378365,0.0044,-0.0106,-0.0904,0.1167,0.0564,-0.0500,-0.0094,0.0129,0.0647,0.0485,-0.0905,0.1195,2.1508,-0.0974,0.0906,57.2135,-25.2143,-68.6590
137383365,0.0039,-0.0101,-0.0925,0.1283,0.0576,-0.0500,-0.0040,0.0103,0.0642,0.0492,-0.0926,0.1311,1.5624,-0.0974,0.0906,57.2128,-25.2149,-68.6587
137388364,0.0033,-0.0096,-0.0782,0.1286,0.0530,-0.0500,-0.0027,0.0077,0.0638,0.0498,-0.0782,0.1314,1.2950,-0.0974,0.0906,57.2132,-25.2153,-68.6581
137393365,0.0028,-0.0090,-0.0589,0.1243,0.0161,0.0200,-0.0025,0.0055,0.0635,0.0505,-0.0590,0.1271,0.9741,-0.0974,0.0906,57.2135,-25.2158,-68.6578
137398365,0.0029,-0.0085,0.0385,0.0944,0.0179,0.0200,-0.0197,-0.0500,0.0637,0.0510,0.0384,0.0972,0.7602,-0.0974,0.0906,57.2127,-25.2162,-68.6572
137403365,0.0031,-0.0081,0.0672,0.0754,0.0591,0.0500,-0.0280,-0.0500,0.0642,0.0513,0.0941,0.0769,-1.6059,-0.0974,0.0906,57.1629,-25.2168,-68.6569
137408364,0.0035,-0.0077,0.1005,0.0473,0.0695,0.0500,-0.0370,-0.0500,0.0647,0.0516,0.0997,0.0488,-1.6059,-0.0974,0.0906,57.1565,-25.2172,-68.6563
137413364,0.0041,-0.0075,0.1173,0.0244,0.0695,0.0500,-0.0444,-0.0500,0.0653,0.0517,0.1164,0.0259,-1.6059,-0.0974,0.0906,57.1468,-25.2178,-68.6560
137418364,0.0048,-0.0073,0.1210,0.0052,0.0674,0.0500,-0.0499,0.0200,0.0659,0.0517,0.1201,0.0066,-1.6059,-0.0974,-0.1465,57.1404,-25.2182,-68.6609
137423364,0.0056,-0.0074,0.1078,-0.0278,0.0274,-0.0200,-0.0569,0.0200,0.0664,0.0516,0.1070,-0.0263,-1.6059,-0.0974,-0.1465,57.1308,-25.2188,-68.6614
137428364,0.0063,-0.0076,0.1029,-0.0415,0.0112,-0.0200,-0.0613,0.0500,0.0669,0.0514,0.0980,-0.0472,-1.5595,-0.0974,-0.4787,57.1253,-25.2192,-68.6691
137433364,0.0070,-0.0079,0.1051,-0.0428,0.0060,0.0530,-0.0622,0.0500,0.0673,0.0513,0.0845,-0.0243,0.5823,-1.2334,-1.9740,57.1644,-25.2439,-68.7035
137438365,0.0076,-0.0083,0.1338,-0.0458,-0.0203,0.0625,-0.0682,0.0500,0.0679,0.0511,0.1110,-0.0235,0.5823,-1.4916,-1.9740,57.1667,-25.2550,-68.7161
137443364,0.0081,-0.0087,0.0696,-0.0498,0.0362,0.0480,-0.0642,0.0500,0.0681,0.0510,0.0468,-0.0275,0.5823,-1.4916,-1.9740,57.1702,-25.2639,-68.7233
137448364,0.0085,-0.0090,0.0302,-0.0382,-0.0273,0.0400,-0.0569,-0.0200,0.0681,0.0510,0.0027,-0.0077,0.5823,-2.0417,-1.9740,57.1726,-25.2812,-68.7359
137453365,0.0086,-0.0092,-0.0110,0.0031,-0.0743,0.0303,-0.0423,-0.0200,0.0679,0.0512,-0.0432,0.0418,0.5823,-2.5918,-1.9740,57.1760,-25.3074,-68.7430
137458365,0.0084,-0.0092,-0.0397,0.0443,-0.1150,0.0216,-0.0300,0.0128,0.0675,0.0515,-0.0861,0.0584,0.5823,-2.5918,-1.6604,57.1784,-25.3178,-68.7487
137463364,0.0081,-0.0091,-0.0706,0.0745,-0.1385,0.0127,-0.0171,0.0098,0.0669,0.0520,-0.1201,0.1034,0.5823,-3.2733,-1.3469,57.1819,-25.3503,-68.7479
137468364,0.0079,-0.0086,-0.0727,0.0956,-0.1208,0.0116,-0.0104,0.0035,0.0663,0.0526,-0.1192,0.1300,0.5823,-3.2733,-0.9810,57.1842,-25.3634,-68.7481
137473365,0.0077,-0.0081,-0.0904,0.1081,-0.1095,0.0062,-0.0033,0.0013,0.0656,0.0533,-0.1346,0.1432,0.5823,-3.1678,-0.8243,57.1877,-25.3806,-68.7483
137478365,0.0073,-0.0077,-0.1087,0.1200,-0.1510,0.0006,0.0500,0.0009,0.0649,0.0541,-0.1512,0.1582,0.5823,-3.1678,-0.6152,57.1900,-25.3933,-68.7487
137483364,0.0066,-0.0073,-0.1151,0.1307,-0.1867,-0.0011,0.0500,0.0016,0.0642,0.0548,-0.1296,0.1231,0.5823,-3.1678,-0.5107,57.1935,-25.4123,-68.7486
137488364,0.0060,-0.0067,-0.1014,0.1588,-0.1443,-0.0006,0.0500,-0.0500,0.0636,0.0555,-0.1145,0.1535,0.5823,-2.9441,-0.3539,57.1958,-25.4203,-68.7482
137493365,0.0055,-0.0061,-0.0586,0.1619,-0.1379,0.0085,0.0500,-0.0500,0.0633,0.0563,-0.0687,0.1619,0.5823,-2.2170,-0.3016,57.1993,-25.4212,-68.7484
137498364,0.0053,-0.0052,-0.0376,0.1481,-0.1589,0.0130,-0.0200,-0.0500,0.0631,0.0571,-0.0476,0.1481,0.5823,-1.8254,-0.1971,57.2017,-25.4214,-68.7480
137503365,0.0051,-0.0045,-0.0122,0.1240,-0.1440,0.0186,-0.0200,-0.0500,0.0629,0.0577,-0.0223,0.1240,0.5823,-0.2268,-0.1971,57.2052,-25.3971,-68.7487
137508364,0.0051,-0.0040,0.0202,0.0880,-0.0936,0.0266,-0.0500,0.0200,0.0630,0.0581,0.0187,0.0730,0.5823,1.0024,-0.1449,57.2075,-25.3706,-68.7486
137513365,0.0052,-0.0038,0.0513,0.0327,-0.0429,0.0336,-0.0500,0.0200,0.0632,0.0582,0.0413,0.0327,0.5823,1.0024,-0.0926,57.2105,-25.3646,-68.7480
137518364,0.0056,-0.0037,0.0837,0.0046,-0.0123,0.0427,-0.0500,-0.0093,0.0636,0.0582,0.0729,0.0032,0.5823,1.0024,-0.0926,57.2133,-25.3606,-68.7486
137523364,0.0062,-0.0036,0.1026,-0.0140,-0.0239,0.0502,-0.0500,-0.0090,0.0641,0.0582,0.0941,-0.0162,0.4218,1.0024,-0.1449,57.2131,-25.3546,-68.7501
137528364,0.0068,-0.0036,0.1142,-0.0315,-0.0282,0.0557,0.0200,-0.0078,0.0646,0.0580,0.1066,-0.0336,0.3683,1.0024,-0.1449,57.2136,-25.3506,-68.7510
137533364,0.0073,-0.0040,0.1136,-0.0321,0.1028,0.0561,0.0200,-0.0089,0.0652,0.0578,0.1079,-0.0342,0.2614,1.0024,-0.1449,57.2132,-25.3446,-68.7516
137538365,0.0081,-0.0042,0.1298,-0.0492,0.0912,0.0638,-0.0604,-0.0068,0.0658,0.0574,0.1272,-0.0743,0.3149,1.0024,-0.6776,57.2155,-25.3406,-68.7635
137543364,0.0088,-0.0044,0.0953,-0.0385,-0.0230,0.0576,-0.0531,-0.0036,0.0661,0.0572,0.0699,-0.0542,0.3149,-0.6331,-1.6947,57.2174,-25.3736,-68.7886
137548364,0.0093,-0.0047,0.0611,-0.0238,-0.0722,0.0517,-0.0470,-0.0019,0.0663,0.0570,0.0357,-0.0395,0.3149,-0.6331,-1.6947,57.2187,-25.3761,-68.7994
137553365,0.0096,-0.0048,0.0104,0.0177,0.0029,0.0373,-0.0324,-0.0050,0.0661,0.0570,-0.0377,0.0019,1.6315,-0.6331,-1.6947,57.2498,-25.3799,-68.8055
137558364,0.0097,-0.0047,-0.0119,0.0318,0.0903,0.0313,-0.0279,-0.0069,0.0658,0.0571,-0.0600,0.0160,1.6315,-0.6331,-1.6947,57.2563,-25.3825,-68.8163
137563365,0.0095,-0.0044,-0.0470,0.0403,0.0680,0.0216,-0.0196,-0.0046,0.0654,0.0572,-0.0952,0.0245,1.6315,-0.6331,-1.6947,57.2661,-25.3863,-68.8225
137568365,0.0093,-0.0043,-0.0675,0.0394,-0.0297,0.0174,-0.0154,-0.0009,0.0648,0.0573,-0.1128,0.0285,1.6315,-0.6331,-1.3637,57.2726,-25.3888,-68.8259
137573365,0.0091,-0.0042,-0.0837,0.0507,-0.0814,0.0126,-0.0089,-0.0005,0.0641,0.0575,-0.1368,0.0431,2.1949,-0.6331,-1.1430,57.2956,-25.3926,-68.8260
137578364,0.0088,-0.0040,-0.0950,0.0782,-0.0249,0.0080,-0.0008,-0.0063,0.0634,0.0579,-0.1452,0.0755,2.1949,-0.6331,-0.8120,57.3044,-25.3951,-68.8256
137583364,0.0082,-0.0038,-0.0993,0.0922,0.0023,0.0042,0.0500,-0.0090,0.0626,0.0584,-0.1486,0.0912,2.1949,-0.6331,-0.7017,57.3176,-25.3989,-68.8262
137588364,0.0077,-0.0034,-0.0724,0.0822,-0.0728,0.0104,0.0500,-0.0095,0.0621,0.0588,-0.1144,0.0749,2.1949,-0.6331,-0.4811,57.3264,-25.4015,-68.8255
137593365,0.0074,-0.0029,-0.0434,0.0678,-0.0911,0.0168,0.0500,-0.0108,0.0616,0.0591,-0.0839,0.0614,2.1410,-0.6331,-0.4259,57.3384,-25.4053,-68.8261
137598364,0.0071,-0.0027,-0.0244,0.0538,-0.0359,0.0204,0.0500,-0.0117,0.0614,0.0593,-0.0575,0.0490,1.7640,-0.6331,-0.3156,57.3387,-25.4078,-68.8261
137603365,0.0069,-0.0025,-0.0043,0.0421,0.0246,0.0246,-0.0200,-0.0130,0.0612,0.0595,-0.0286,0.0382,1.2794,-0.4748,-0.2604,57.3382,-25.4084,-68.8260
137608364,0.0069,-0.0023,0.0211,0.0382,0.0371,0.0309,-0.0200,-0.0163,0.0612,0.0597,0.0010,0.0351,1.0639,1.2134,-0.2052,57.3386,-25.3733,-68.8263
137613364,0.0070,-0.0021,0.0437,0.0229,0.0176,0.0385,-0.0500,-0.0159,0.0614,0.0597,0.0396,0.0017,0.7947,1.2662,-0.1501,57.3388,-25.3646,-68.8258
137618364,0.0073,-0.0020,0.0654,-0.0009,0.0335,0.0444,-0.0500,-0.0157,0.0617,0.0597,0.0536,-0.0024,0.6331,1.2662,-0.0949,57.3384,-25.3596,-68.8256
137623365,0.0078,-0.0019,0.0819,-0.0247,0.0857,0.0500,-0.0500,-0.0144,0.0620,0.0595,0.0729,-0.0262,0.4716,1.2662,-0.0949,57.3386,-25.3520,-68.8259
137628364,0.0085,-0.0023,0.0913,-0.0330,0.0979,0.0551,-0.0500,-0.0143,0.0625,0.0594,0.0847,-0.0336,0.3638,1.2662,-0.0397,57.3382,-25.3469,-68.8254
137633364,0.0090,-0.0026,0.0837,-0.0293,0.1001,0.0555,0.0200,-0.0140,0.0629,0.0592,0.0780,-0.0299,0.3100,1.2662,-0.0397,57.3391,-25.3393,-68.8255
137638365,0.0096,-0.0027,0.0864,-0.0290,0.1428,0.0582,0.0200,-0.0160,0.0633,0.0591,0.0817,-0.0296,0.2561,1.1201,-0.0397,57.3391,-25.3373,-68.8258
137643365,0.0102,-0.0028,0.0858,-0.0449,0.1685,0.0606,-0.0539,-0.0132,0.0637,0.0588,0.0891,-0.0563,0.1484,0.7225,-0.0397,57.3382,-25.3395,-68.8259
137648365,0.0107,-0.0032,0.0641,-0.0370,0.0933,0.0570,-0.0486,-0.0119,0.0640,0.0587,0.0535,-0.0241,0.1484,-0.8969,-0.0397,57.3388,-25.3726,-68.8262
137653365,0.0110,-0.0035,0.0400,-0.0171,0.0173,0.0534,-0.0421,-0.0120,0.0641,0.0586,0.0303,-0.0043,0.0946,-0.8969,-0.0397,57.3384,-25.3780,-68.8263
137658364,0.0113,-0.0036,0.0165,0.0315,0.0420,0.0482,-0.0295,-0.0203,0.0642,0.0589,0.0072,0.0449,0.0946,-0.8969,0.0000,57.3388,-25.3815,-68.8253
137663364,0.0115,-0.0034,-0.0009,0.0617,0.1370,0.0436,-0.0219,-0.0269,0.0641,0.0592,-0.0086,0.0751,0.0000,-0.8969,0.0000,57.3382,-25.3869,-68.8253
137668365,0.0114,-0.0029,-0.0159,0.0663,0.1694,0.0391,-0.0176,-0.0280,0.0640,0.0596,-0.0236,0.0797,0.0000,-0.8969,0.0000,57.3382,-25.3905,-68.8253
137673365,0.0115,-0.0026,-0.0278,0.0629,-0.0139,0.0388,-0.0136,-0.0247,0.0638,0.0600,-0.0355,0.0764,0.0000,-0.8969,0.0000,57.3382,-25.3959,-68.8253
137678365,0.0115,-0.0023,-0.0388,0.0739,0.0136,0.0358,-0.0092,-0.0271,0.0636,0.0605,-0.0465,0.0874,0.0000,-0.8969,0.0000,57.3382,-25.3995,-68.8253
137683364,0.0113,-0.0022,-0.0412,0.0739,0.1120,0.0329,-0.0092,-0.0280,0.0634,0.0609,-0.0489,0.0873,0.0000,-0.8969,0.0000,57.3382,-25.4049,-68.8253
137688364,0.0110,-0.0017,-0.0394,0.0626,0.1511,0.0318,-0.0103,-0.0273,0.0631,0.0613,-0.0471,0.0760,0.0000,-0.8969,0.0000,57.3382,-25.4085,-68.8253
137693364,0.0108,-0.0014,-0.0339,0.0483,0.0747,0.0335,-0.0115,-0.0249,0.0629,0.0616,-0.0416,0.0617,0.0000,-0.8969,0.0000,57.3382,-25.4138,-68.8253
137698364,0.0108,-0.0011,-0.0250,0.0202,-0.0078,0.0364,-0.0166,-0.0194,0.0627,0.0618,-0.0328,0.0336,0.0000,-0.8969,0.0000,57.3382,-25.4174,-68.8253
137703364,0.0107,-0.0010,-0.0192,0.0000,0.0240,0.0373,-0.0217,-0.0165,0.0626,0.0618,-0.0260,0.0118,0.0000,-0.7850,0.0000,57.3382,-25.4205,-68.8253
137708365,0.0105,-0.0010,-0.0128,-0.0180,0.1138,0.0370,-0.0276,-0.0138,0.0625,0.0618,-0.0181,-0.0088,0.0000,-0.6172,0.0000,57.3382,-25.4207,-68.8253
137713365,0.0103,-0.0012,-0.0046,-0.0299,0.1355,0.0381,-0.0319,-0.0114,0.0625,0.0617,-0.0089,-0.0224,0.0000,-0.5053,0.0000,57.3382,-25.4207,-68.8253
137718365,0.0102,-0.0013,0.0018,-0.0357,0.0295,0.0409,-0.0329,-0.0092,0.0625,0.0615,-0.0016,-0.0298,0.0000,-0.3935,0.0000,57.3382,-25.4211,-68.8253
137723364,0.0104,-0.0014,0.0119,-0.0483,0.0753,0.0436,-0.0383,-0.0082,0.0625,0.0613,0.0095,-0.0440,0.0000,-0.2816,0.0000,57.3382,-25.4203,-68.8253
137728364,0.0107,-0.0017,0.0140,-0.0458,0.1337,0.0446,-0.0404,-0.0093,0.0626,0.0611,0.0121,-0.0424,0.0000,-0.2257,0.0000,57.3382,-25.4207,-68.8253
137733364,0.0108,-0.0021,0.0122,-0.0345,0.1202,0.0448,-0.0393,-0.0101,0.0626,0.0609,0.0108,-0.0320,0.0000,-0.1697,0.0000,57.3382,-25.4205,-68.8253
137738364,0.0110,-0.0024,0.0107,-0.0192,0.0686,0.0457,-0.0367,-0.0116,0.0627,0.0608,0.0097,-0.0175,0.0000,-0.1138,0.0000,57.3382,-25.4203,-68.8253
137743364,0.0112,-0.0026,0.0064,-0.0046,0.0549,0.0458,-0.0339,-0.0140,0.0627,0.0608,0.0054,-0.0029,0.0000,-0.1138,0.0000,57.3382,-25.4208,-68.8253
137748364,0.0114,-0.0027,0.0012,0.0034,0.0878,0.0450,-0.0329,-0.0155,0.0627,0.0608,0.0007,0.0042,0.0000,-0.0579,0.0000,57.3382,-25.4203,-68.8253
137753364,0.0115,-0.0029,-0.0107,0.0110,0.1007,0.0422,-0.0306,-0.0155,0.0627,0.0609,-0.0121,0.0119,0.0539,-0.0579,0.0000,57.3393,-25.4206,-68.8253
137758365,0.0116,-0.0030,-0.0214,0.0232,0.0582,0.0402,-0.0264,-0.0160,0.0625,0.0610,-0.0233,0.0249,0.0539,-0.1138,0.0000,57.3396,-25.4223,-68.8253
137763365,0.0116,-0.0031,-0.0290,0.0336,0.0188,0.0387,-0.0229,-0.0165,0.0624,0.0612,-0.0309,0.0353,0.0539,-0.1138,0.0000,57.3398,-25.4228,-68.8253
137768365,0.0116,-0.0029,-0.0440,0.0406,0.0478,0.0346,-0.0193,-0.0171,0.0622,0.0614,-0.0459,0.0423,0.0539,-0.1138,0.0000,57.3402,-25.4235,-68.8253
137773364,0.0115,-0.0028,-0.0498,0.0373,0.0347,0.0333,-0.0188,-0.0158,0.0619,0.0616,-0.0517,0.0390,0.0539,-0.1138,0.0000,57.3404,-25.4239,-68.8253
137778364,0.0115,-0.0027,-0.0577,0.0418,-0.0023,0.0314,-0.0160,-0.0154,0.0616,0.0618,-0.0596,0.0435,0.0539,-0.1138,0.0000,57.3407,-25.4246,-68.8253
137783365,0.0111,-0.0025,-0.0571,0.0382,-0.0148,0.0301,-0.0149,-0.0146,0.0613,0.0620,-0.0590,0.0399,0.0539,-0.1138,0.0000,57.3409,-25.4251,-68.8253
137788365,0.0107,-0.0022,-0.0547,0.0281,0.0069,0.0289,-0.0162,-0.0130,0.0610,0.0622,-0.0566,0.0298,0.0539,-0.1138,0.0000,57.3412,-25.4257,-68.8253
137793364,0.0103,-0.0021,-0.0467,0.0195,0.0182,0.0294,-0.0179,-0.0122,0.0608,0.0623,-0.0486,0.0212,0.0539,-0.1138,0.0000,57.3414,-25.4262,-68.8253
137798364,0.0101,-0.0019,-0.0376,0.0076,-0.0090,0.0309,-0.0203,-0.0103,0.0606,0.0623,-0.0395,0.0093,0.0539,-0.1138,0.0000,57.3418,-25.4269,-68.8253
137803365,0.0098,-0.0019,-0.0315,-0.0003,-0.0407,0.0318,-0.0215,-0.0087,0.0604,0.0623,-0.0334,0.0014,0.0539,-0.1138,0.0000,57.3420,-25.4273,-68.8253
137808365,0.0095,-0.0019,-0.0208,-0.0082,-0.0346,0.0334,-0.0242,-0.0079,0.0603,0.0623,-0.0227,-0.0065,0.0539,-0.1138,0.0000,57.3423,-25.4280,-68.8253
137813365,0.0093,-0.0021,-0.0116,-0.0217,-0.0075,0.0345,-0.0289,-0.0053,0.0602,0.0622,-0.0135,-0.0200,0.0539,-0.1138,0.0000,57.3425,-25.4285,-68.8253
137818365,0.0093,-0.0025,0.0027,-0.0257,-0.0362,0.0383,-0.0325,-0.0045,0.0602,0.0621,0.0008,-0.0240,0.0539,-0.1138,0.0000,57.3428,-25.4291,-68.8253
137823365,0.0095,-0.0028,0.0061,-0.0217,-0.0484,0.0399,-0.0334,-0.0047,0.0603,0.0620,0.0042,-0.0200,0.0539,-0.1138,0.0000,57.3431,-25.4296,-68.8253
137828365,0.0096,-0.0031,0.0089,-0.0186,-0.0297,0.0411,-0.0348,-0.0051,0.0603,0.0619,0.0070,-0.0169,0.0539,-0.1138,0.0000,57.3434,-25.4303,-68.8253
137833365,0.0098,-0.0035,0.0098,-0.0192,-0.0093,0.0416,-0.0368,-0.0045,0.0603,0.0618,0.0079,-0.0175,0.0539,-0.1138,0.0000,57.3436,-25.4307,-68.8253
137838365,0.0099,-0.0038,0.0031,-0.0122,-0.0160,0.0406,-0.0357,-0.0043,0.0603,0.0618,0.0011,-0.0105,0.0539,-0.1138,0.0000,57.3439,-25.4314,-68.8253
137843364,0.0100,-0.0040,-0.0031,-0.0024,-0.0349,0.0398,-0.0336,-0.0049,0.0603,0.0617,-0.0050,-0.0007,0.0539,-0.1138,0.0000,57.3441,-25.4319,-68.8253
137848365,0.0102,-0.0042,-0.0110,0.0027,-0.0349,0.0384,-0.0324,-0.0047,0.0602,0.0618,-0.0129,0.0044,0.0539,-0.1138,0.0000,57.3445,-25.4326,-68.8253
137853364,0.0103,-0.0043,-0.0180,0.0098,-0.0172,0.0367,-0.0309,-0.0052,0.0601,0.0618,-0.0199,0.0115,0.0539,-0.1138,0.0000,57.3447,-25.4330,-68.8253
137858364,0.0103,-0.0045,-0.0278,0.0150,-0.0374,0.0345,-0.0288,-0.0043,0.0600,0.0619,-0.0297,0.0167,0.0539,-0.1138,0.0000,57.3450,-25.4337,-68.8253
137863364,0.0102,-0.0046,-0.0385,0.0214,-0.0517,0.0318,-0.0262,-0.0036,0.0598,0.0620,-0.0404,0.0231,0.0539,-0.1138,0.0000,57.3452,-25.4342,-68.8253
137868365,0.0101,-0.0048,-0.0406,0.0217,-0.0450,0.0307,-0.0262,-0.0028,0.0596,0.0621,-0.0425,0.0234,0.0539,-0.1138,0.0000,57.3455,-25.4348,-68.8253
137873365,0.0098,-0.0049,-0.0397,0.0217,-0.0325,0.0297,-0.0264,-0.0021,0.0594,0.0623,-0.0416,0.0234,0.0539,-0.1138,0.0000,57.3458,-25.4353,-68.8253
137878364,0.0095,-0.0049,-0.0363,0.0174,-0.0368,0.0292,-0.0271,-0.0007,0.0592,0.0624,-0.0383,0.0191,0.0539,-0.1138,0.0000,57.3461,-25.4360,-68.8253
137883364,0.0091,-0.0049,-0.0333,0.0140,-0.0514,0.0288,-0.0272,0.0004,0.0590,0.0624,-0.0352,0.0158,0.0539,-0.1138,0.0000,57.3463,-25.4364,-68.8253
137888365,0.0088,-0.0049,-0.0257,0.0095,-0.0524,0.0296,-0.0285,0.0009,0.0589,0.0625,-0.0276,0.0112,0.0539,-0.1138,0.0000,57.3466,-25.4371,-68.8253
137893364,0.0087,-0.0051,-0.0199,0.0052,-0.0343,0.0302,-0.0309,0.0020,0.0588,0.0625,-0.0218,0.0069,0.0539,-0.1138,0.0000,57.3468,-25.4376,-68.8253
137898365,0.0086,-0.0053,-0.0153,0.0021,-0.0221,0.0309,-0.0330,0.0500,0.0587,0.0625,-0.0172,0.0038,0.0539,-0.1138,0.0000,57.3472,-25.4382,-68.8253
137903365,0.0085,-0.0056,-0.0131,0.0018,-0.0246,0.0311,-0.0339,0.0500,0.0586,0.0626,-0.0150,0.0035,0.0539,-0.1138,0.0000,57.3474,-25.4387,-68.8253
137908365,0.0085,-0.0058,-0.0052,0.0052,-0.0169,0.0328,-0.0350,0.0500,0.0586,0.0626,-0.0071,0.0069,0.0539,-0.1138,0.0000,57.3477,-25.4394,-68.8253
137913364,0.0085,-0.0060,-0.0046,0.0070,-0.0047,0.0330,-0.0357,0.0500,0.0585,0.0626,-0.0065,0.0087,0.0539,-0.1138,0.0000,57.3479,-25.4398,-68.8253
137918364,0.0086,-0.0062,-0.0043,0.0125,-0.0053,0.0334,-0.0354,-0.0200,0.0585,0.0627,-0.0062,0.0142,0.0539,-0.1138,0.0000,57.3482,-25.4405,-68.8253
137923364,0.0087,-0.0064,-0.0076,0.0147,-0.0139,0.0330,-0.0351,-0.0200,0.0585,0.0628,-0.0095,0.0164,0.0539,-0.1138,1.5498,57.3485,-25.4410,-68.7914
137928365,0.0088,-0.0065,-0.0095,0.0165,-0.0145,0.0341,-0.0340,0.0005,0.0585,0.0630,0.0040,0.0448,0.0539,-0.1138,1.7920,57.3488,-25.4417,-68.7794
137933364,0.0088,-0.0067,-0.0144,0.0153,-0.0038,0.0334,-0.0337,0.0004,0.0585,0.0633,0.0085,0.0599,0.0539,-0.1138,2.8895,57.3490,-25.4421,-68.7430
137938365,0.0087,-0.0069,-0.0244,0.0092,0.0161,0.0304,-0.0346,0.0036,0.0585,0.0636,-0.0016,0.0538,0.0539,-0.1138,2.8895,57.3493,-25.4428,-68.7315
137943364,0.0088,-0.0069,-0.0302,0.0192,0.0533,0.0288,-0.0324,0.0016,0.0585,0.0639,-0.0074,0.0639,0.0539,-0.1138,2.8895,57.3495,-25.4433,-68.7141
137948364,0.0087,-0.0070,-0.0315,0.0403,0.0781,0.0271,-0.0267,-0.0500,0.0584,0.0644,-0.0156,0.0988,0.0539,-0.9865,2.9449,57.3499,-25.4634,-68.7015
137953364,0.0085,-0.0068,-0.0266,0.0867,0.0854,0.0257,-0.0183,-0.0500,0.0582,0.0649,-0.0360,0.1015,0.0539,-0.9865,2.9449,57.3501,-25.4674,-68.6838
137958365,0.0084,-0.0065,-0.0202,0.1100,0.1089,0.0266,-0.0132,-0.0500,0.0581,0.0655,-0.0295,0.1247,0.0539,-0.9865,2.9449,57.3504,-25.4733,-68.6720
137963364,0.0083,-0.0061,-0.0095,0.1310,0.1141,0.0288,-0.0083,-0.0500,0.0580,0.0663,-0.0189,0.1458,0.0539,-0.9865,2.6519,57.3506,-25.4772,-68.6605
137968365,0.0083,-0.0057,-0.0027,0.1387,0.0878,0.0309,-0.0057,0.0200,0.0579,0.0670,-0.0121,0.1534,0.0539,-0.9865,2.1637,57.3509,-25.4831,-68.6607
137973365,0.0085,-0.0049,-0.0037,0.1301,0.0549,0.0318,-0.0048,0.0200,0.0578,0.0678,-0.0131,0.1449,0.0539,-0.9865,0.6590,57.3512,-25.4871,-68.6808
137978365,0.0086,-0.0042,-0.0064,0.1142,0.0689,0.0310,-0.0062,-0.0275,0.0577,0.0684,-0.0196,0.1224,0.0539,-0.9865,-0.4430,57.3515,-25.4930,-68.7032
137983364,0.0087,-0.0037,-0.0144,0.0874,0.1031,0.0288,-0.0096,-0.0231,0.0576,0.0688,-0.0276,0.0955,0.0539,-0.9865,-0.4430,57.3517,-25.4969,-68.7059
137988364,0.0087,-0.0032,-0.0217,0.0699,0.1086,0.0265,-0.0124,-0.0183,0.0574,0.0691,-0.0402,0.0539,1.1681,0.6302,-0.4430,57.3777,-25.4676,-68.7077
137993364,0.0086,-0.0029,-0.0315,0.0449,0.0915,0.0243,-0.0154,-0.0123,0.0572,0.0692,-0.0475,0.0245,1.1681,0.9211,-0.4430,57.3824,-25.4582,-68.7103
137998364,0.0084,-0.0026,-0.0284,0.0315,0.1379,0.0232,-0.0184,-0.0101,0.0569,0.0692,-0.0507,0.0002,1.1681,0.9211,-1.1747,57.3894,-25.4527,-68.7273
138003364,0.0085,-0.0026,-0.0287,0.0269,0.1443,0.0227,-0.0203,-0.0079,0.0566,0.0691,-0.0591,-0.0184,1.1681,0.9211,-2.1154,57.3941,-25.4490,-68.7577
138008365,0.0085,-0.0026,-0.0354,0.0351,0.1086,0.0215,-0.0173,-0.0084,0.0563,0.0691,-0.0658,-0.0102,1.1681,0.9211,-2.1154,57.4011,-25.4435,-68.7662
138013365,0.0085,-0.0024,-0.0458,0.0238,0.0631,0.0190,-0.0175,-0.0040,0.0559,0.0690,-0.0800,-0.0279,1.1681,0.9211,-2.5513,57.4057,-25.4398,-68.7881
138018365,0.0083,-0.0023,-0.0547,0.0098,0.0652,0.0161,-0.0185,-0.0001,0.0555,0.0687,-0.0888,-0.0420,1.1681,0.9211,-2.5513,57.4128,-25.4343,-68.7983
138023365,0.0081,-0.0022,-0.0663,-0.0076,0.0906,0.0125,-0.0208,0.0500,0.0550,0.0684,-0.0966,-0.0594,0.9466,0.9211,-2.5513,57.4126,-25.4306,-68.8136
138028365,0.0079,-0.0023,-0.0733,-0.0269,0.0692,0.0122,-0.0220,0.0500,0.0546,0.0682,-0.0779,-0.0407,0.7251,0.9211,-2.5513,57.4132,-25.4250,-68.8238
138033365,0.0076,-0.0027,-0.0803,-0.0336,0.0316,0.0097,-0.0229,0.0500,0.0542,0.0680,-0.0825,-0.0466,0.5589,0.8652,-1.9445,57.4125,-25.4225,-68.8255
138038364,0.0071,-0.0031,-0.0773,-0.0409,0.0277,0.0085,-0.0250,0.0500,0.0538,0.0678,-0.0795,-0.0505,0.4482,0.6415,-1.6135,57.4133,-25.4223,-68.8260
138043364,0.0066,-0.0034,-0.0767,-0.0406,0.0659,0.0061,-0.0256,-0.0200,0.0534,0.0675,-0.0779,-0.0486,0.3374,0.5296,-1.1722,57.4126,-25.4222,-68.8255
138048364,0.0063,-0.0037,-0.0593,-0.0073,0.0900,0.0090,-0.0212,-0.0200,0.0531,0.0674,-0.0605,-0.0136,0.2820,0.4177,-0.0515,57.4134,-25.4216,-68.8062
138053365,0.0060,-0.0039,-0.0519,0.0162,0.0506,0.0107,-0.0158,0.0031,0.0528,0.0676,-0.0453,0.0253,0.2267,0.3059,0.9202,57.4132,-25.4224,-68.7826
138058365,0.0057,-0.0039,-0.0385,0.0382,0.0610,0.0130,-0.0124,-0.0500,0.0527,0.0678,-0.0314,0.0481,0.1713,0.2499,0.9202,57.4132,-25.4218,-68.7789
138063365,0.0055,-0.0039,-0.0302,0.0547,0.1053,0.0130,-0.0103,-0.0500,0.0525,0.0681,-0.0306,0.0518,0.1159,0.1940,2.1745,57.4126,-25.4221,-68.7434
138068364,0.0053,-0.0038,-0.0205,0.0611,0.1104,0.0146,-0.0095,-0.0500,0.0524,0.0684,-0.0213,0.0590,0.1159,0.1381,2.1745,57.4133,-25.4222,-68.7347
138073364,0.0052,-0.0034,-0.0199,0.0602,0.0857,0.0147,-0.0077,-0.0500,0.0523,0.0687,-0.0197,0.0581,0.0605,0.1381,2.1745,57.4126,-25.4216,-68.7216
138078364,0.0050,-0.0033,-0.0147,0.0623,0.0781,0.0155,-0.0072,0.0200,0.0523,0.0690,-0.0150,0.0611,0.0605,0.0821,2.1745,57.4129,-25.4221,-68.7129
138083364,0.0049,-0.0032,-0.0134,0.0641,0.0998,0.0151,-0.0068,0.0200,0.0522,0.0693,-0.0138,0.0629,0.0605,0.0821,2.0083,57.4132,-25.4218,-68.7033
138088365,0.0049,-0.0031,-0.0104,0.0672,0.1279,0.0166,-0.0054,-0.0161,0.0522,0.0697,0.0040,0.0921,0.0000,0.0000,1.6761,57.4124,-25.4225,-68.7026
138093364,0.0049,-0.0030,-0.0098,0.0724,0.0808,0.0164,-0.0043,-0.0152,0.0522,0.0701,-0.0076,0.0761,0.0000,0.0000,0.2494,57.4124,-25.4225,-68.7238
138098364,0.0050,-0.0026,-0.0110,0.0681,0.0686,0.0159,-0.0045,-0.0140,0.0521,0.0704,-0.0195,0.0533,0.0000,0.0000,-0.9930,57.4124,-25.4225,-68.7509
138103364,0.0052,-0.0024,-0.0180,0.0623,0.0869,0.0144,-0.0045,-0.0133,0.0519,0.0706,-0.0266,0.0475,0.0000,0.0000,-0.9930,57.4124,-25.4225,-68.7569
138108364,0.0053,-0.0023,-0.0214,0.0492,0.0985,0.0139,-0.0070,-0.0107,0.0518,0.0708,-0.0299,0.0344,0.0000,0.0000,-0.9930,57.4124,-25.4225,-68.7608
138113365,0.0054,-0.0021,-0.0250,0.0501,0.0894,0.0135,-0.0059,-0.0110,0.0516,0.0710,-0.0336,0.0353,0.0000,0.0000,-0.9930,57.4124,-25.4225,-68.7668
138118364,0.0055,-0.0020,-0.0217,0.0550,0.0600,0.0150,-0.0047,-0.0126,0.0515,0.0712,-0.0302,0.0402,0.0000,0.0000,-0.9930,57.4124,-25.4225,-68.7708
138123364,0.0055,-0.0020,-0.0202,0.0531,0.0341,0.0155,-0.0053,-0.0116,0.0513,0.0713,-0.0333,0.0304,0.0000,0.0000,-1.5257,57.4124,-25.4225,-68.7884
138128364,0.0056,-0.0018,-0.0217,0.0446,0.0213,0.0158,-0.0062,-0.0104,0.0511,0.0714,-0.0348,0.0219,0.0000,0.0000,-1.5257,57.4124,-25.4225,-68.7945
138133364,0.0056,-0.0015,-0.0299,0.0354,0.0185,0.0137,-0.0062,-0.0083,0.0509,0.0715,-0.0431,0.0127,0.0000,0.0000,-1.5257,57.4124,-25.4225,-68.8037
138138364,0.0056,-0.0013,-0.0351,0.0128,-0.0218,0.0129,-0.0094,-0.0027,0.0507,0.0714,-0.0482,-0.0099,0.0000,0.0000,-1.5257,57.4124,-25.4225,-68.8098
138143364,0.0055,-0.0012,-0.0510,0.0031,-0.0313,0.0085,-0.0087,0.0014,0.0504,0.0713,-0.0641,-0.0196,0.0000,0.0000,-1.5257,57.4124,-25.4225,-68.8190
138148365,0.0054,-0.0013,-0.0550,-0.0015,-0.0236,0.0072,-0.0095,0.0500,0.0500,0.0712,-0.0681,-0.0242,0.0000,0.0000,-1.5257,57.4124,-25.4225,-68.8251
138153364,0.0052,-0.0015,-0.0577,0.0006,-0.0172,0.0066,-0.0082,0.0500,0.0497,0.0712,-0.0577,0.0006,0.0000,0.0000,-1.1396,57.4124,-25.4225,-68.8255
138158364,0.0049,-0.0017,-0.0599,0.0092,-0.0218,0.0047,-0.0060,0.0500,0.0494,0.0713,-0.0599,0.0092,0.0000,0.0000,-0.9741,57.4124,-25.4225,-68.8264
138163364,0.0044,-0.0019,-0.0617,0.0134,-0.0291,0.0027,-0.0044,0.0500,0.0491,0.0713,-0.0617,0.0134,0.0000,0.0000,-0.6982,57.4124,-25.4225,-68.8258
138168365,0.0041,-0.0020,-0.0559,0.0257,-0.0099,0.0025,-0.0024,-0.0200,0.0488,0.0715,-0.0559,0.0257,0.0000,0.0000,-0.5879,57.4124,-25.4225,-68.8262
138173364,0.0038,-0.0020,-0.0449,0.0470,0.0161,0.0038,0.0011,-0.0200,0.0486,0.0717,-0.0449,0.0470,0.0000,0.0000,1.3561,57.4124,-25.4225,-68.7848
138178364,0.0036,-0.0019,-0.0406,0.0617,0.0026,0.0050,0.0500,-0.0500,0.0485,0.0721,-0.0290,0.0819,0.0000,0.0000,1.3561,57.4124,-25.4225,-68.7794
138183364,0.0033,-0.0017,-0.0290,0.0785,0.0136,0.0059,0.0500,-0.0500,0.0483,0.0725,-0.0290,0.0785,0.0000,0.0000,2.4536,57.4124,-25.4225,-68.7474
138188365,0.0031,-0.0014,-0.0153,0.0898,0.0295,0.0081,0.0500,-0.0500,0.0482,0.0730,-0.0153,0.0898,0.0000,0.0000,2.4536,57.4124,-25.4225,-68.7376
138193364,0.0028,-0.0009,-0.0226,0.0922,0.0384,0.0051,0.0500,-0.0500,0.0481,0.0734,-0.0226,0.0922,0.0000,0.0000,2.4536,57.4124,-25.4225,-68.7229
138198364,0.0025,-0.0005,-0.0199,0.0855,0.0576,0.0045,-0.0200,0.0200,0.0480,0.0738,-0.0199,0.0855,0.0000,0.0000,2.4536,57.4124,-25.4225,-68.7131
138203364,0.0024,-0.0000,-0.0171,0.0751,0.0973,0.0040,-0.0200,0.0200,0.0480,0.0742,-0.0171,0.0751,0.0000,0.0559,2.2321,57.4124,-25.4213,-68.7030
138208364,0.0022,0.0004,-0.0089,0.0736,0.1269,0.0062,0.0136,-0.0246,0.0480,0.0747,0.0075,0.1003,0.0000,0.0559,1.8444,57.4124,-25.4209,-68.7026
138213364,0.0020,0.0006,-0.0018,0.0544,0.1184,0.0061,0.0078,-0.0185,0.0480,0.0749,-0.0018,0.0449,0.0000,0.3197,-0.3136,57.4124,-25.4154,-68.7400
138218364,0.0020,0.0010,0.0012,0.0522,0.1056,0.0080,0.0057,-0.0178,0.0480,0.0750,0.0136,0.0074,0.0000,2.2190,-0.7839,57.4124,-25.3685,-68.7522
138223364,0.0022,0.0010,0.0046,0.0629,0.1172,0.0093,0.0074,-0.0212,0.0481,0.0751,0.0169,0.0181,0.0000,2.2190,-0.7839,57.4124,-25.3596,-68.7569
138228365,0.0020,0.0014,0.0086,0.0675,0.1334,0.0100,0.0084,-0.0235,0.0483,0.0751,0.0260,0.0140,0.0000,2.8031,-0.7839,57.4124,-25.3336,-68.7601
138233364,0.0019,0.0017,0.0040,0.0559,0.1392,0.0083,0.0078,-0.0214,0.0484,0.0752,0.0214,0.0024,0.0000,2.8031,-0.7839,57.4124,-25.3224,-68.7648
138238364,0.0020,0.0020,0.0055,0.0354,0.1300,0.0091,0.0042,-0.0183,0.0485,0.0751,0.0229,-0.0181,0.0000,2.8031,-0.7839,57.4124,-25.3056,-68.7679
138243364,0.0021,0.0022,0.0061,-0.0037,0.1202,0.0096,-0.0500,-0.0103,0.0486,0.0748,0.0235,-0.0572,0.0000,2.8031,-0.7839,57.4124,-25.2944,-68.7726
138248365,0.0021,0.0021,0.0006,-0.0379,0.1092,0.0063,-0.0500,-0.0031,0.0485,0.0745,-0.0107,-0.0575,0.0000,2.0330,-1.3167,57.4124,-25.2953,-68.7870
138253365,0.0021,0.0020,-0.0015,-0.0580,0.0979,0.0057,-0.0500,0.0500,0.0485,0.0741,-0.0129,-0.0777,0.0000,2.0880,-1.3167,57.4124,-25.2859,-68.7949
138258365,0.0019,0.0016,-0.0006,-0.0754,0.0955,0.0062,-0.0500,0.0500,0.0485,0.0737,-0.0006,-0.0754,0.0000,1.1528,-1.3167,57.4124,-25.2930,-68.8002
138263364,0.0018,0.0013,-0.0082,-0.0831,0.0848,0.0042,0.0200,0.0500,0.0484,0.0733,-0.0082,-0.0831,0.0000,0.8777,-1.3167,57.4124,-25.2946,-68.8081
138268364,0.0019,0.0007,-0.0098,-0.0736,0.0454,0.0046,0.0200,0.0500,0.0484,0.0729,-0.0098,-0.0736,0.0000,0.6576,-0.2512,57.4124,-25.2945,-68.7906
138273364,0.0019,0.0002,-0.0171,-0.0501,0.0133,0.0032,-0.0124,-0.0200,0.0483,0.0727,-0.0157,-0.0525,0.0000,0.1582,0.0000,57.4124,-25.3024,-68.7859
138278364,0.0018,0.0002,-0.0238,0.0559,0.0732,-0.0005,0.0500,-0.0200,0.0481,0.0731,-0.0364,0.0777,0.0000,-1.4604,0.0000,57.4124,-25.3398,-68.7859
138283364,0.0017,0.0003,-0.0348,0.0757,0.0796,-0.0019,0.0500,-0.0500,0.0480,0.0736,-0.0200,0.1014,0.0000,-1.4604,1.7246,57.4124,-25.3457,-68.7466
138288364,0.0014,0.0008,-0.0278,0.0987,0.1010,-0.0500,0.0500,-0.0500,0.0479,0.0741,-0.0278,0.0987,0.0000,-1.4604,1.7246,57.4124,-25.3544,-68.7397
138293364,0.0011,0.0014,-0.0269,0.1057,0.0848,-0.0500,0.0500,-0.0500,0.0478,0.0746,-0.0269,0.1057,0.0000,-1.4604,2.2230,57.4124,-25.3603,-68.7192
138298365,0.0009,0.0017,-0.0254,0.1060,0.0530,-0.0500,-0.0200,-0.0500,0.0476,0.0751,-0.0254,0.1060,0.0000,-1.4604,2.8876,57.4124,-25.3690,-68.6949
138303364,0.0008,0.0020,-0.0232,0.1173,0.0891,-0.0500,-0.0200,0.0200,0.0475,0.0757,-0.0232,0.1173,0.0000,-1.3021,2.8876,57.4124,-25.3715,-68.6775
138308364,0.0006,0.0025,-0.0232,0.1356,0.1291,0.0200,0.0394,0.0200,0.0474,0.0765,-0.0317,0.1503,0.0000,-0.9856,2.8876,57.4124,-25.3720,-68.6660
138313364,0.0005,0.0032,-0.0137,0.1316,0.1358,0.0200,0.0397,-0.0424,0.0473,0.0772,-0.0031,0.1501,-0.5571,0.0000,1.2393,57.4009,-25.3550,-68.6846
138318365,0.0003,0.0040,-0.0131,0.1313,0.1560,-0.0011,0.0393,-0.0441,0.0475,0.0778,0.0248,0.1211,-1.6713,0.8762,0.1871,57.3703,-25.3333,-68.7035
138323364,0.0003,0.0047,-0.0247,0.1176,0.0915,-0.0026,0.0406,-0.0415,0.0476,0.0784,0.0201,0.1065,-2.1021,0.8762,0.1317,57.3548,-25.3298,-68.7035
138328364,0.0004,0.0052,-0.0110,0.0922,0.0885,0.0500,0.0349,-0.0403,0.0478,0.0788,0.0450,0.0811,-2.7484,0.8762,0.1317,57.3259,-25.3245,-68.7030
138333365,0.0002,0.0057,-0.0043,0.0983,0.1132,0.0500,0.0370,-0.0412,0.0479,0.0791,0.0154,0.0667,-2.7484,2.1966,0.0763,57.3149,-25.2916,-68.7034
138338364,0.0002,0.0062,0.0363,0.0874,0.1434,0.0500,0.0307,-0.0460,0.0481,0.0794,0.0560,0.0557,-2.7484,2.1966,0.0763,57.2984,-25.2784,-68.7031
138343364,0.0006,0.0067,0.0816,0.0886,0.1550,0.0500,0.0256,-0.0530,0.0486,0.0796,0.0906,0.0387,-2.6357,2.1966,-1.1497,57.2897,-25.2696,-68.7284
138348365,0.0011,0.0071,0.1097,0.0473,0.1330,-0.0200,0.0121,-0.0479,0.0492,0.0794,0.1173,-0.0266,-1.9596,2.9195,-2.0382,57.2895,-25.2390,-68.7525
138353365,0.0017,0.0072,0.1118,-0.0086,0.1346,-0.0200,-0.0013,-0.0376,0.0498,0.0790,0.1194,-0.0825,-1.6215,2.9195,-2.0382,57.2891,-25.2274,-68.7655
138358365,0.0023,0.0070,0.0922,-0.0473,0.1703,0.0314,-0.0500,-0.0277,0.0503,0.0784,0.1072,-0.1278,-0.7424,2.8225,-2.5709,57.2986,-25.2118,-68.7839
138363365,0.0028,0.0067,0.0693,-0.0974,0.1954,0.0230,-0.0500,-0.0145,0.0505,0.0777,0.0296,-0.1372,0.9694,2.3862,-2.6678,57.3334,-25.2103,-68.8028
138368365,0.0031,0.0061,0.0431,-0.1313,0.1834,0.0175,-0.0500,-0.0023,0.0505,0.0768,-0.0013,-0.1711,1.2386,2.3862,-2.6678,57.3462,-25.1960,-68.8125
138373365,0.0032,0.0053,0.0131,-0.1912,0.0814,0.0119,-0.0500,0.0500,0.0503,0.0757,-0.0298,-0.2285,1.2386,1.6590,-2.5023,57.3511,-25.2017,-68.8261
138378364,0.0033,0.0045,0.0079,-0.1897,0.0533,0.0129,0.0200,0.0500,0.0502,0.0748,-0.0134,-0.1897,1.2386,0.8348,-2.0610,57.3586,-25.2119,-68.8256
138383364,0.0034,0.0033,0.0064,-0.1930,0.0002,0.0137,0.0200,0.0500,0.0502,0.0738,-0.0149,-0.1931,1.2386,0.6894,-2.1162,57.3635,-25.2118,-68.8401
138388364,0.0035,0.0022,-0.0031,-0.1545,-0.0420,0.0110,-0.0296,0.0500,0.0500,0.0731,-0.0375,-0.1415,1.5636,-0.8778,-1.3438,57.3780,-25.2415,-68.8317
138393365,0.0035,0.0015,0.0027,-0.0947,-0.0233,0.0120,-0.0197,-0.0200,0.0498,0.0727,-0.0348,-0.0762,1.5636,-1.2393,-0.7370,57.3843,-25.2535,-68.8255
138398364,0.0035,0.0011,-0.0107,-0.0290,0.0573,0.0076,-0.0061,-0.0200,0.0496,0.0726,-0.0483,-0.0105,1.5636,-1.2393,-0.6267,57.3936,-25.2610,-68.8258
138403365,0.0034,0.0010,-0.0229,0.0336,0.0991,0.0043,0.0500,-0.0500,0.0493,0.0730,-0.0563,0.0708,1.5636,-1.6244,0.8718,57.3999,-25.2738,-68.7967
138408364,0.0035,0.0011,-0.0336,0.0431,0.1126,0.0019,0.0500,-0.0500,0.0490,0.0732,-0.0605,0.0430,1.5636,-2.4496,1.3561,57.4093,-25.3041,-68.7824
138413364,0.0033,0.0015,-0.0342,0.0589,0.1343,0.0008,0.0500,-0.0500,0.0487,0.0735,-0.0592,0.0589,1.4529,-2.4496,1.3561,57.4132,-25.3139,-68.7738
138418364,0.0031,0.0018,-0.0458,0.1060,-0.0010,-0.0006,0.0500,-0.0500,0.0484,0.0740,-0.0641,0.1060,1.0652,-2.4496,1.3561,57.4129,-25.3286,-68.7689
138423365,0.0028,0.0023,-0.0706,0.1622,0.0594,-0.0500,-0.0200,0.0200,0.0479,0.0748,-0.0851,0.1622,0.8437,-2.3522,1.3561,57.4124,-25.3365,-68.7602
138428364,0.0023,0.0033,-0.0583,0.1866,0.1654,-0.0500,-0.0200,0.0200,0.0476,0.0758,-0.0583,0.1866,0.6222,-1.7194,1.3561,57.4125,-25.3360,-68.7553
138433364,0.0020,0.0043,-0.0510,0.1790,0.2060,-0.0500,0.0553,-0.0561,0.0474,0.0768,-0.0466,0.2072,0.5115,-0.6931,1.1993,57.4126,-25.3212,-68.7499
138438364,0.0018,0.0051,-0.0174,0.1503,0.1547,-0.0500,0.0465,-0.0541,0.0474,0.0776,-0.0081,0.1466,0.4007,0.6602,0.4167,57.4131,-25.2919,-68.7620
138443365,0.0017,0.0057,0.0150,0.1167,0.0585,0.0200,0.0378,-0.0499,0.0474,0.0780,0.0140,0.0953,0.3454,0.6602,-0.7749,57.4135,-25.2893,-68.7892
138448364,0.0020,0.0061,0.0263,0.0672,0.0173,0.0200,0.0269,-0.0420,0.0476,0.0783,0.0253,0.0458,-0.5107,0.6602,-0.7749,57.3973,-25.2853,-68.7920
138453365,0.0024,0.0064,0.0220,0.0559,0.0588,0.0500,0.0239,-0.0423,0.0478,0.0784,0.0465,0.0345,-1.4856,0.6602,-0.7749,57.3732,-25.2827,-68.7970
138458365,0.0026,0.0067,-0.0049,0.0531,0.0405,0.0500,0.0268,-0.0376,0.0478,0.0785,0.0035,0.0156,-1.4856,1.7445,-0.7749,57.3643,-25.2557,-68.7998
138463365,0.0025,0.0070,0.0128,0.0559,-0.0771,0.0500,0.0276,-0.0398,0.0479,0.0786,0.0239,0.0137,-2.0780,2.0543,-0.7749,57.3462,-25.2414,-68.8047
138468365,0.0027,0.0070,0.0528,-0.0147,0.0002,0.0500,0.0053,-0.0295,0.0482,0.0782,0.0558,-0.0708,-2.3473,2.0543,-1.7127,57.3268,-25.2290,-68.8284
138473365,0.0031,0.0068,0.0828,-0.0727,0.0594,-0.0200,-0.0500,-0.0215,0.0486,0.0776,0.0857,-0.1289,-2.0241,2.0543,-1.7127,57.3240,-25.2208,-68.8393
138478364,0.0037,0.0063,0.0846,-0.1179,0.0423,-0.0200,-0.0500,-0.0125,0.0490,0.0769,0.0698,-0.1434,-0.8932,2.2967,-1.7127,57.3394,-25.2027,-68.8455
138483364,0.0042,0.0056,0.0565,-0.1527,-0.0487,0.0314,-0.0500,0.0008,0.0493,0.0760,0.0543,-0.1782,-0.7316,2.2967,-1.7127,57.3395,-25.1936,-68.8565
138488365,0.0044,0.0048,0.0370,-0.1848,-0.0866,0.0277,-0.0500,0.0500,0.0494,0.0749,0.0310,-0.2103,-0.5162,2.2967,-1.7127,57.3400,-25.1798,-68.8627
138493364,0.0044,0.0038,0.0296,-0.2004,-0.0276,0.0249,0.0200,0.0500,0.0495,0.0739,0.0200,-0.2004,0.5571,1.2787,-1.7127,57.3608,-25.1922,-68.8736
138498364,0.0046,0.0026,0.0467,-0.2016,-0.0197,0.0290,0.0200,0.0500,0.0497,0.0729,0.0260,-0.2016,1.2070,0.1636,-1.4505,57.3804,-25.2119,-68.8741
138503365,0.0048,0.0014,0.0495,-0.1854,-0.0835,0.0312,-0.0496,0.0500,0.0498,0.0720,0.0297,-0.1872,1.2070,0.1151,-1.0310,57.3853,-25.2123,-68.8735
138508364,0.0050,0.0005,0.0168,-0.1310,-0.0472,0.0224,-0.0354,-0.0200,0.0497,0.0714,-0.0178,-0.1071,1.2070,-1.6007,-0.8737,57.3925,-25.2507,-68.8738
138513364,0.0051,0.0003,-0.0272,-0.0055,0.0985,0.0094,-0.0051,-0.0200,0.0494,0.0715,-0.0646,0.0184,1.3732,-1.6007,-0.6115,57.4007,-25.2571,-68.8734
138518364,0.0050,0.0002,-0.0360,0.0269,0.1682,0.0058,0.0500,-0.0500,0.0490,0.0719,-0.0745,0.0655,1.9269,-1.6007,0.9930,57.4229,-25.2667,-68.8408
138523364,0.0046,0.0003,-0.0367,0.0211,0.1147,0.0054,0.0500,-0.0500,0.0487,0.0720,-0.0698,0.0210,1.9269,-1.6007,1.6550,57.4306,-25.2731,-68.8175
138528365,0.0046,0.0004,-0.0415,0.0574,0.0139,0.0054,0.0500,-0.0500,0.0483,0.0722,-0.0747,0.0574,1.9269,-2.3159,1.6550,57.4422,-25.2987,-68.8115
138533365,0.0045,0.0006,-0.0486,0.0822,-0.0215,0.0036,0.0500,-0.0500,0.0479,0.0727,-0.0817,0.0821,1.9269,-2.3159,1.6550,57.4499,-25.3080,-68.8010
138538364,0.0042,0.0010,-0.0797,0.1313,0.0362,-0.0500,-0.0200,0.0200,0.0473,0.0733,-0.1129,0.1313,1.9269,-1.0506,1.6550,57.4615,-25.2933,-68.7950
138543365,0.0037,0.0018,-0.0825,0.1817,0.1382,-0.0500,-0.0200,0.0200,0.0469,0.0742,-0.0825,0.1817,1.6595,-0.8856,1.5581,57.4634,-25.2939,-68.7864
138548365,0.0033,0.0028,-0.0483,0.1936,0.1615,-0.0500,0.0509,-0.0567,0.0467,0.0753,-0.0426,0.2232,1.2317,-0.6655,1.3159,57.4634,-25.2941,-68.7861
138553364,0.0031,0.0036,-0.0128,0.1561,0.0552,-0.0500,0.0426,-0.0536,0.0466,0.0762,-0.0096,0.1782,1.0177,-0.5555,0.9285,57.4636,-25.2942,-68.7868
138558364,0.0033,0.0038,0.0388,-0.0024,-0.0377,0.0200,-0.0001,-0.0236,0.0469,0.0762,0.0594,-0.0147,0.7503,1.6007,0.7832,57.4634,-25.2483,-68.7865
138563365,0.0036,0.0037,0.0421,-0.0333,-0.0356,0.0200,-0.0500,-0.0175,0.0473,0.0759,0.0611,-0.0484,0.5899,1.6007,0.5894,57.4629,-25.2419,-68.7861
138568365,0.0038,0.0034,0.0354,-0.0232,-0.1122,0.0500,-0.0500,-0.0180,0.0476,0.0758,0.0635,-0.0273,-1.7720,1.6007,-0.2758,57.4138,-25.2323,-68.8022
138573365,0.0039,0.0031,0.0431,0.0000,-0.1293,0.0500,-0.0500,-0.0207,0.0477,0.0757,0.0312,-0.0205,-1.8274,1.6007,-1.3791,57.4054,-25.2259,-68.8316
138578364,0.0042,0.0032,0.0846,-0.0107,-0.0282,0.0500,-0.0500,-0.0256,0.0481,0.0755,0.0727,-0.0312,-1.8274,1.6007,-1.3791,57.3944,-25.2163,-68.8366
138583364,0.0047,0.0031,0.1069,-0.0330,0.0497,0.0500,0.0200,-0.0254,0.0486,0.0753,0.0950,-0.0535,-1.8274,1.5038,-1.3791,57.3871,-25.2119,-68.8454
138588364,0.0055,0.0028,0.1032,-0.0761,0.0032,-0.0200,0.0200,-0.0152,0.0490,0.0748,0.0913,-0.0966,-1.8274,1.1159,-1.3791,57.3762,-25.2119,-68.8504
138593364,0.0060,0.0022,0.0663,-0.0880,-0.1205,-0.0200,-0.0325,-0.0049,0.0493,0.0742,0.0623,-0.1223,-1.5024,0.9220,-1.3791,57.3759,-25.2118,-68.8592
138598364,0.0064,0.0017,0.0409,-0.0513,-0.1651,0.0358,-0.0204,-0.0091,0.0494,0.0739,0.0124,-0.0595,0.5538,-0.8262,-1.3791,57.4148,-25.2450,-68.8642
138603364,0.0064,0.0017,0.0260,0.0217,0.1315,0.0288,-0.0059,-0.0280,0.0494,0.0740,0.0037,0.0305,0.5538,-1.0327,-0.4413,57.4170,-25.2532,-68.8533
138608364,0.0062,0.0016,-0.0293,0.0357,0.0878,0.0157,0.0500,-0.0247,0.0492,0.0743,-0.0401,0.0643,0.5538,-1.0327,0.8826,57.4203,-25.2594,-68.8257
138613365,0.0063,0.0017,-0.0287,0.0183,-0.0175,0.0181,0.0500,-0.0196,0.0491,0.0745,-0.0306,0.0314,0.5538,-1.0327,0.8826,57.4226,-25.2635,-68.8201
138618365,0.0061,0.0018,-0.0266,0.0031,-0.0362,0.0180,0.0500,-0.0162,0.0489,0.0746,-0.0285,0.0162,0.5538,-1.0327,0.8826,57.4259,-25.2697,-68.8169
138623364,0.0058,0.0016,-0.0483,-0.0015,-0.0221,0.0112,0.0500,-0.0112,0.0487,0.0746,-0.0502,0.0116,0.5538,-1.0327,0.8826,57.4281,-25.2738,-68.8112
138628365,0.0056,0.0014,-0.0354,0.0147,0.0301,0.0129,-0.0200,-0.0159,0.0485,0.0748,-0.0374,0.0278,0.5538,-1.0327,0.8826,57.4314,-25.2800,-68.8081
138633364,0.0054,0.0014,-0.0229,0.0498,0.0319,0.0156,-0.0200,-0.0249,0.0484,0.0751,-0.0248,0.0629,0.5538,-1.0327,0.8826,57.4336,-25.2841,-68.8024
138638364,0.0054,0.0018,-0.0195,0.0605,-0.0117,0.0162,0.0135,-0.0292,0.0482,0.0755,-0.0304,0.0890,0.5538,-1.0327,0.8826,57.4370,-25.2903,-68.7992
138643365,0.0053,0.0021,-0.0067,0.0302,0.0255,0.0188,0.0053,-0.0251,0.0481,0.0758,-0.0131,0.0511,0.5538,-0.5164,0.8826,57.4392,-25.2839,-68.7936
138648365,0.0053,0.0022,0.0153,0.0018,0.0228,0.0254,-0.0500,-0.0208,0.0483,0.0758,0.0236,-0.0028,0.5538,1.1876,0.8826,57.4425,-25.2463,-68.7904
138653365,0.0053,0.0019,0.0458,-0.0327,-0.0148,0.0330,-0.0500,-0.0166,0.0485,0.0757,0.0431,-0.0210,0.5538,1.1876,0.7858,57.4447,-25.2415,-68.7868
138658364,0.0058,0.0016,0.0443,-0.0266,-0.0252,0.0343,-0.0500,-0.0173,0.0487,0.0756,0.0407,-0.0163,0.5538,1.1876,0.6889,57.4480,-25.2344,-68.7861
138663364,0.0062,0.0016,0.0385,-0.0113,0.0408,0.0336,-0.0500,-0.0211,0.0488,0.0756,0.0332,-0.0040,0.5538,1.1876,0.4952,57.4502,-25.2296,-68.7863
138668364,0.0064,0.0013,0.0351,-0.0027,0.0860,0.0330,0.0200,-0.0225,0.0490,0.0756,0.0290,0.0032,0.5538,1.1876,0.3983,57.4536,-25.2225,-68.7866
138673364,0.0066,0.0011,0.0165,-0.0018,0.0506,0.0295,0.0200,-0.0193,0.0490,0.0756,0.0096,0.0026,0.5538,1.1876,0.3015,57.4558,-25.2178,-68.7864
138678365,0.0069,0.0011,0.0165,-0.0024,0.0414,0.0307,-0.0126,-0.0197,0.0491,0.0756,0.0096,0.0005,0.5538,0.0516,0.2530,57.4591,-25.2349,-68.7864
138683365,0.0072,0.0010,0.0153,-0.0018,0.0710,0.0307,-0.0127,-0.0208,0.0491,0.0756,0.0013,0.0105,0.5538,-0.6713,0.1562,57.4613,-25.2513,-68.7869
138688364,0.0074,0.0009,0.0067,-0.0003,0.0906,0.0294,-0.0126,-0.0203,0.0491,0.0757,-0.0063,0.0120,0.5003,-0.6713,0.1562,57.4635,-25.2553,-68.7864
138693364,0.0075,0.0006,-0.0031,0.0000,0.0943,0.0270,-0.0124,-0.0183,0.0490,0.0758,-0.0165,0.0116,0.5003,-0.6713,0.1077,57.4655,-25.2580,-68.7865
138698365,0.0074,0.0004,-0.0009,0.0021,0.0634,0.0276,-0.0123,-0.0177,0.0489,0.0758,-0.0144,0.0138,0.5003,-0.6713,0.1077,57.4685,-25.2621,-68.7862
138703365,0.0075,0.0006,-0.0101,0.0064,0.0634,0.0256,-0.0099,-0.0181,0.0488,0.0759,-0.0240,0.0173,0.5003,-0.6713,0.0593,57.4705,-25.2647,-68.7867
138708364,0.0075,0.0004,-0.0208,0.0119,0.0564,0.0228,-0.0069,-0.0180,0.0486,0.0761,-0.0408,0.0335,0.5003,-1.3864,0.0593,57.4735,-25.2836,-68.7865
138713364,0.0075,0.0004,-0.0305,0.0327,0.0420,0.0202,-0.0005,-0.0212,0.0483,0.0764,-0.0548,0.0617,0.5003,-1.8816,0.0593,57.4755,-25.3007,-68.7861
138718364,0.0073,0.0004,-0.0357,0.0464,0.0249,0.0181,0.0500,-0.0228,0.0480,0.0768,-0.0606,0.0745,0.5003,-1.8816,0.0000,57.4785,-25.3120,-68.7870
138723365,0.0070,0.0007,-0.0394,0.0498,0.0216,0.0172,0.0500,-0.0222,0.0478,0.0770,-0.0480,0.0498,0.5003,-1.8816,0.0000,57.4805,-25.3195,-68.7870
138728364,0.0069,0.0010,-0.0376,0.0486,0.0274,0.0172,0.0500,-0.0233,0.0475,0.0773,-0.0462,0.0485,0.5003,-1.8816,0.0000,57.4835,-25.3308,-68.7870
138733365,0.0068,0.0014,-0.0296,0.0446,0.0191,0.0191,0.0500,-0.0245,0.0473,0.0775,-0.0382,0.0446,0.5003,-1.7842,0.0000,57.4855,-25.3364,-68.7870
138738365,0.0066,0.0017,-0.0244,0.0425,0.0115,0.0195,-0.0200,-0.0250,0.0472,0.0777,-0.0330,0.0424,0.5003,0.2751,0.0000,57.4885,-25.3008,-68.7870
138743364,0.0064,0.0018,-0.0174,0.0043,0.0695,0.0198,-0.0200,-0.0184,0.0470,0.0777,-0.0260,0.0043,0.5003,0.6051,0.0000,57.4905,-25.2920,-68.7870
138748365,0.0064,0.0018,0.0131,-0.0165,0.0689,0.0279,-0.0500,-0.0175,0.0471,0.0776,0.0097,-0.0256,0.5003,0.6051,0.0000,57.4935,-25.2883,-68.7870
138753364,0.0065,0.0018,0.0192,-0.0409,0.0384,0.0298,-0.0500,-0.0129,0.0471,0.0774,0.0106,-0.0409,0.5003,1.2248,0.0000,57.4955,-25.2731,-68.7870
138758365,0.0068,0.0014,0.0211,-0.0492,0.0219,0.0318,-0.0500,-0.0107,0.0472,0.0771,0.0125,-0.0492,0.5003,2.2575,0.0000,57.4985,-25.2402,-68.7870
138763365,0.0071,0.0010,0.0254,-0.0455,0.0460,0.0337,-0.0500,-0.0113,0.0473,0.0769,0.0184,-0.0455,0.4062,2.2575,0.0000,57.4984,-25.2312,-68.7870
138768364,0.0073,0.0005,0.0202,-0.0379,0.0823,0.0328,0.0200,-0.0116,0.0474,0.0767,0.0148,-0.0379,0.3122,2.2575,0.0000,57.4987,-25.2177,-68.7870
138773365,0.0075,0.0002,0.0140,-0.0269,0.0817,0.0321,0.0200,-0.0124,0.0474,0.0766,0.0095,-0.0269,0.2652,2.0636,0.0000,57.4989,-25.2126,-68.7870
138778364,0.0078,0.0000,0.0125,-0.0208,0.0665,0.0335,-0.0230,-0.0131,0.0475,0.0764,0.0137,-0.0279,0.1711,0.4786,0.0000,57.4983,-25.2351,-68.7870
138783364,0.0080,-0.0001,0.0122,-0.0174,0.0695,0.0341,-0.0221,-0.0146,0.0475,0.0764,0.0070,-0.0136,0.1711,-0.2582,0.0000,57.4990,-25.2499,-68.7870
138788365,0.0083,-0.0004,0.0092,-0.0186,0.0869,0.0340,-0.0237,-0.0136,0.0475,0.0763,0.0048,-0.0148,0.1241,-0.2582,0.0000,57.4988,-25.2515,-68.7870
138793364,0.0084,-0.0007,0.0055,-0.0183,0.0726,0.0340,-0.0245,-0.0124,0.0476,0.0762,0.0019,-0.0145,0.0771,-0.2582,0.0000,57.4983,-25.2525,-68.7870
138798365,0.0086,-0.0009,-0.0031,-0.0125,0.0350,0.0331,-0.0228,-0.0116,0.0475,0.0762,-0.0066,-0.0087,0.0771,-0.2582,0.0000,57.4987,-25.2541,-68.7870
138803364,0.0087,-0.0011,-0.0147,-0.0049,0.0142,0.0308,-0.0204,-0.0110,0.0474,0.0762,-0.0190,-0.0010,0.1241,-0.2582,0.0000,57.5001,-25.2551,-68.7870
138808364,0.0088,-0.0013,-0.0275,0.0089,0.0115,0.0274,-0.0155,-0.0123,0.0472,0.0763,-0.0371,0.0218,0.1241,-0.8633,0.0000,57.5008,-25.2691,-68.7870
138813364,0.0087,-0.0014,-0.0421,0.0241,0.0054,0.0229,-0.0091,-0.0140,0.0469,0.0766,-0.0612,0.0535,0.1241,-1.9636,0.0000,57.5013,-25.2976,-68.7870
138818364,0.0086,-0.0014,-0.0556,0.0400,-0.0123,0.0193,-0.0035,-0.0153,0.0466,0.0769,-0.0746,0.0694,0.1241,-1.9636,0.0000,57.5021,-25.3093,-68.7870
138823364,0.0084,-0.0013,-0.0684,0.0522,-0.0386,0.0157,0.0017,-0.0159,0.0461,0.0773,-0.0874,0.0816,0.1241,-1.9636,0.0000,57.5025,-25.3172,-68.7870
138828364,0.0083,-0.0011,-0.0727,0.0580,-0.0508,0.0142,0.0500,-0.0168,0.0457,0.0778,-0.0917,0.0874,0.1241,-1.9636,0.0000,57.5033,-25.3290,-68.7870
138833364,0.0082,-0.0009,-0.0757,0.0614,-0.0484,0.0141,0.0500,-0.0165,0.0453,0.0781,-0.0779,0.0614,0.1241,-1.9636,0.0000,57.5038,-25.3368,-68.7870
138838364,0.0077,-0.0006,-0.0623,0.0467,-0.0420,0.0157,0.0500,-0.0153,0.0450,0.0783,-0.0644,0.0467,0.1241,-1.4281,0.0000,57.5045,-25.3362,-68.7870
138843364,0.0074,-0.0003,-0.0489,0.0324,-0.0398,0.0177,0.0500,-0.0140,0.0447,0.0785,-0.0510,0.0324,0.1241,-1.1847,0.0000,57.5050,-25.3366,-68.7870
138848364,0.0071,-0.0001,-0.0348,0.0134,-0.0273,0.0201,-0.0200,-0.0120,0.0445,0.0785,-0.0370,0.0134,0.1241,0.4401,0.0000,57.5058,-25.3080,-68.7870
138853365,0.0070,-0.0001,-0.0195,-0.0079,-0.0013,0.0229,-0.0200,-0.0095,0.0444,0.0785,-0.0217,-0.0079,0.1241,1.1003,0.0000,57.5063,-25.2909,-68.7870
138858364,0.0068,-0.0001,-0.0086,-0.0257,0.0032,0.0259,-0.0500,-0.0060,0.0444,0.0783,-0.0012,-0.0421,0.1241,1.1003,0.0000,57.5070,-25.2843,-68.7870
138863364,0.0068,-0.0002,0.0055,-0.0440,-0.0029,0.0284,-0.0500,-0.0039,0.0444,0.0781,0.0034,-0.0440,0.1241,1.4617,0.0000,57.5075,-25.2725,-68.7870
138868365,0.0069,-0.0003,0.0098,-0.0522,-0.0041,0.0301,-0.0500,-0.0024,0.0445,0.0778,0.0076,-0.0522,0.1241,2.4428,0.0000,57.5082,-25.2395,-68.7870
138873364,0.0071,-0.0008,0.0122,-0.0483,0.0008,0.0316,-0.0500,-0.0025,0.0445,0.0776,0.0101,-0.0483,0.1241,2.4428,0.0000,57.5087,-25.2297,-68.7870
138878365,0.0073,-0.0012,0.0095,-0.0412,0.0280,0.0313,0.0200,-0.0030,0.0445,0.0773,0.0073,-0.0412,0.1241,2.4428,0.0000,57.5095,-25.2151,-68.7870
138883364,0.0075,-0.0015,0.0018,-0.0168,0.0573,0.0297,0.0200,-0.0070,0.0445,0.0773,-0.0003,-0.0168,0.1241,2.1034,0.0000,57.5100,-25.2125,-68.7870
138888364,0.0076,-0.0018,-0.0049,-0.0092,0.0717,0.0283,-0.0240,-0.0071,0.0445,0.0772,-0.0057,-0.0114,0.1241,0.1507,0.0000,57.5107,-25.2435,-68.7870
138893365,0.0078,-0.0018,-0.0119,-0.0061,0.0854,0.0269,-0.0226,-0.0075,0.0444,0.0772,-0.0154,-0.0038,0.1241,-0.1549,0.0000,57.5112,-25.2502,-68.7870
138898365,0.0079,-0.0020,-0.0125,-0.0119,0.0955,0.0272,-0.0248,-0.0061,0.0444,0.0771,-0.0160,-0.0096,0.1241,-0.1549,0.0000,57.5120,-25.2512,-68.7870
138903364,0.0080,-0.0022,-0.0189,-0.0107,0.0823,0.0261,-0.0246,-0.0047,0.0442,0.0771,-0.0224,-0.0084,0.1241,-0.1549,0.0000,57.5125,-25.2518,-68.7870
138908364,0.0080,-0.0025,-0.0247,-0.0024,0.0491,0.0252,-0.0225,-0.0046,0.0441,0.0771,-0.0282,-0.0001,0.1241,-0.1549,0.0000,57.5132,-25.2527,-68.7870
138913364,0.0080,-0.0026,-0.0339,0.0055,0.0344,0.0230,-0.0200,-0.0043,0.0439,0.0771,-0.0374,0.0078,0.1241,-0.1549,0.0000,57.5137,-25.2533,-68.7870
138918364,0.0080,-0.0027,-0.0431,0.0254,0.0298,0.0205,-0.0147,-0.0070,0.0437,0.0773,-0.0465,0.0277,0.1241,-0.1549,0.0000,57.5145,-25.2543,-68.7870
138923364,0.0079,-0.0028,-0.0480,0.0336,0.0237,0.0180,-0.0102,-0.0088,0.0434,0.0776,-0.0647,0.0590,0.1241,-1.6953,0.0000,57.5149,-25.2883,-68.7870
138928364,0.0078,-0.0027,-0.0562,0.0495,-0.0264,0.0160,-0.0043,-0.0106,0.0430,0.0780,-0.0753,0.0789,0.1241,-1.9703,0.0000,57.5157,-25.3055,-68.7870
138933364,0.0077,-0.0027,-0.0596,0.0525,-0.0319,0.0147,-0.0027,-0.0108,0.0426,0.0784,-0.0786,0.0820,0.1241,-1.9703,0.0000,57.5162,-25.3134,-68.7870
138938365,0.0076,-0.0024,-0.0623,0.0547,-0.0194,0.0135,-0.0008,-0.0119,0.0422,0.0788,-0.0814,0.0841,0.1241,-1.9703,0.0000,57.5169,-25.3252,-68.7870
138943364,0.0072,-0.0020,-0.0605,0.0467,-0.0075,0.0125,-0.0010,-0.0112,0.0418,0.0792,-0.0796,0.0762,0.1241,-1.9703,0.0000,57.5174,-25.3331,-68.7870
138948364,0.0069,-0.0017,-0.0583,0.0363,-0.0068,0.0119,-0.0023,-0.0093,0.0414,0.0795,-0.0741,0.0600,0.1241,-1.5809,0.0000,57.5182,-25.3363,-68.7870
138953364,0.0066,-0.0015,-0.0504,0.0195,-0.0111,0.0128,-0.0060,-0.0064,0.0411,0.0797,-0.0636,0.0388,0.1241,-1.2888,0.0000,57.5187,-25.3362,-68.7870
138958364,0.0063,-0.0014,-0.0428,0.0027,-0.0023,0.0137,-0.0101,-0.0035,0.0408,0.0798,-0.0531,0.0169,0.1241,-0.9480,0.0000,57.5194,-25.3362,-68.7870
138963364,0.0060,-0.0013,-0.0357,-0.0092,0.0151,0.0143,-0.0133,-0.0016,0.0406,0.0798,-0.0448,0.0028,0.1241,-0.8020,0.0000,57.5199,-25.3368,-68.7870
138968364,0.0058,-0.0014,-0.0293,-0.0220,0.0231,0.0149,-0.0169,0.0011,0.0404,0.0797,-0.0367,-0.0129,0.1241,-0.6073,0.0000,57.5206,-25.3370,-68.7870
138973364,0.0055,-0.0015,-0.0244,-0.0254,0.0188,0.0151,-0.0183,0.0500,0.0403,0.0796,-0.0305,-0.0185,0.1241,-0.4612,0.0000,57.5211,-25.3362,-68.7870
138978365,0.0052,-0.0018,-0.0199,-0.0247,0.0228,0.0153,-0.0194,0.0500,0.0401,0.0795,-0.0251,-0.0193,0.1241,-0.3639,0.0000,57.5219,-25.3367,-68.7870
138983365,0.0052,-0.0022,-0.0199,-0.0180,0.0304,0.0151,-0.0193,0.0500,0.0400,0.0794,-0.0243,-0.0140,0.1241,-0.2665,0.0000,57.5224,-25.3361,-68.7870
138988365,0.0051,-0.0025,-0.0257,-0.0153,0.0313,0.0135,-0.0191,0.0500,0.0399,0.0794,-0.0297,-0.0120,0.1241,-0.2178,0.0000,57.5231,-25.3366,-68.7870
138993365,0.0051,-0.0028,-0.0312,-0.0095,0.0381,0.0120,-0.0183,-0.0200,0.0397,0.0793,-0.0347,-0.0069,0.1241,-0.1692,0.0484,57.5236,-25.3364,-68.7860
138998364,0.0050,-0.0030,-0.0287,0.0058,0.0527,0.0121,-0.0161,-0.0200,0.0395,0.0794,-0.0319,0.0076,0.1241,-0.1205,0.0484,57.5244,-25.3363,-68.7858
139003365,0.0049,-0.0031,-0.0293,0.0220,0.0445,0.0117,-0.0124,-0.0010,0.0394,0.0795,-0.0298,0.0284,0.1241,-0.1205,0.3097,57.5249,-25.3369,-68.7802
139008365,0.0047,-0.0033,-0.0321,0.0293,0.0301,0.0115,-0.0095,-0.0500,0.0393,0.0798,-0.0200,0.0560,0.1241,-0.0718,1.7208,57.5256,-25.3363,-68.7486
139013364,0.0046,-0.0033,-0.0327,0.0421,0.0429,0.0096,-0.0079,-0.0500,0.0391,0.0800,-0.0354,0.0432,0.1241,-0.0718,1.7208,57.5261,-25.3367,-68.7372
139018364,0.0046,-0.0029,-0.0302,0.0458,0.0539,0.0098,-0.0061,-0.0500,0.0390,0.0803,-0.0330,0.0469,0.1241,-0.0718,1.7208,57.5268,-25.3370,-68.7314
139023364,0.0044,-0.0027,-0.0315,0.0330,0.0390,0.0090,-0.0073,-0.0500,0.0388,0.0804,-0.0336,0.0330,0.1241,0.0000,1.7208,57.5273,-25.3360,-68.7200
139028364,0.0041,-0.0024,-0.0299,0.0333,0.0481,0.0081,-0.0062,0.0200,0.0386,0.0806,-0.0321,0.0333,0.1241,0.0000,2.4407,57.5281,-25.3360,-68.6981
139033365,0.0040,-0.0025,-0.0275,0.0336,0.0500,0.0083,-0.0065,0.0200,0.0385,0.0808,-0.0296,0.0336,0.1241,0.0000,1.4993,57.5286,-25.3360,-68.7034
139038365,0.0039,-0.0026,-0.0275,0.0330,0.0460,0.0090,-0.0060,-0.0048,0.0384,0.0810,-0.0186,0.0520,0.1241,0.0000,1.2778,57.5293,-25.3360,-68.7031
139043364,0.0039,-0.0023,-0.0330,0.0357,0.0381,0.0075,-0.0038,-0.0051,0.0382,0.0813,-0.0270,0.0498,0.1241,0.0000,0.9455,57.5299,-25.3360,-68.7025
139048365,0.0039,-0.0021,-0.0305,0.0266,0.0243,0.0079,-0.0051,-0.0038,0.0381,0.0815,-0.0260,0.0382,0.1241,0.0000,0.7793,57.5304,-25.3360,-68.7030
139053364,0.0038,-0.0018,-0.0318,0.0183,0.0176,0.0071,-0.0057,-0.0021,0.0380,0.0816,-0.0291,0.0266,0.1241,0.0000,0.5578,57.5312,-25.3360,-68.7030
139058365,0.0037,-0.0021,-0.0382,0.0052,0.0124,0.0052,-0.0084,0.0500,0.0378,0.0816,-0.0365,0.0118,0.1241,0.0000,0.4471,57.5317,-25.3360,-68.7035
139063365,0.0035,-0.0019,-0.0412,-0.0015,0.0145,0.0034,-0.0090,0.0500,0.0376,0.0816,-0.0434,-0.0015,0.1241,0.0000,0.3363,57.5324,-25.3360,-68.7030
139068364,0.0032,-0.0021,-0.0388,0.0021,0.0069,0.0028,-0.0084,0.0500,0.0374,0.0817,-0.0409,0.0021,0.1241,0.0000,0.1241,57.5329,-25.3360,-68.7063
139073365,0.0029,-0.0024,-0.0425,-0.0058,-0.0175,0.0010,-0.0097,0.0500,0.0371,0.0816,-0.0446,-0.0058,0.1241,0.0000,-1.8291,57.5337,-25.3360,-68.7527
139078365,0.0026,-0.0023,-0.0385,-0.0006,-0.0068,0.0008,-0.0083,-0.0200,0.0369,0.0816,-0.0406,-0.0006,0.1241,0.0000,-1.3588,57.5342,-25.3360,-68.7483
139083364,0.0024,-0.0025,-0.0342,-0.0003,0.0005,0.0009,-0.0093,-0.0200,0.0368,0.0816,-0.0363,-0.0003,0.1241,0.0000,-0.9930,57.5349,-25.3360,-68.7488
139088364,0.0022,-0.0028,-0.0339,-0.0031,-0.0123,-0.0003,-0.0107,0.0115,0.0365,0.0815,-0.0432,-0.0155,0.1241,0.0000,-0.8362,57.5354,-25.3360,-68.7486
139093365,0.0019,-0.0030,-0.0345,0.0006,-0.0188,-0.0008,-0.0094,0.0109,0.0364,0.0816,-0.0357,0.0023,0.1241,0.0000,0.1108,57.5361,-25.3360,-68.7343
139098365,0.0017,-0.0032,-0.0315,0.0006,-0.0084,-0.0001,-0.0093,0.0098,0.0363,0.0817,-0.0203,0.0237,0.1241,0.0000,1.5506,57.5366,-25.3360,-68.7029
139103365,0.0014,-0.0034,-0.0324,0.0024,0.0090,-0.0017,-0.0090,0.0104,0.0362,0.0818,-0.0207,0.0264,0.1241,0.0000,1.6060,57.5374,-25.3360,-68.6909
139108365,0.0012,-0.0036,-0.0318,0.0061,0.0228,-0.0500,-0.0088,0.0105,0.0361,0.0820,-0.0201,0.0300,0.1241,0.0000,1.6060,57.5379,-25.3360,-68.6857
139113364,0.0010,-0.0038,-0.0296,0.0092,0.0277,-0.0500,-0.0089,0.0105,0.0360,0.0821,-0.0158,0.0331,0.1241,0.0000,1.6060,57.5386,-25.3360,-68.6765
139118365,0.0009,-0.0039,-0.0272,0.0351,0.0371,-0.0500,-0.0036,0.0050,0.0359,0.0824,-0.0134,0.0591,0.0678,0.0000,1.6060,57.5379,-25.3360,-68.6668
139123364,0.0008,-0.0039,-0.0266,0.0470,0.0487,-0.0500,-0.0012,0.0024,0.0359,0.0828,-0.0128,0.0710,0.0678,0.0000,1.6060,57.5383,-25.3360,-68.6604
139128364,0.0007,-0.0039,-0.0229,0.0577,0.0530,0.0200,0.0008,-0.0002,0.0358,0.0832,-0.0104,0.0795,0.0678,0.0000,1.4595,57.5386,-25.3360,-68.6545
139133364,0.0005,-0.0037,-0.0177,0.0644,0.0484,0.0200,0.0500,-0.0500,0.0358,0.0836,-0.0052,0.0862,-0.2821,0.0000,1.4595,57.5312,-25.3360,-68.6487
139138364,0.0002,-0.0036,-0.0189,0.0654,0.0426,-0.0021,0.0500,-0.0500,0.0358,0.0839,0.0111,0.0654,-1.7398,0.0000,1.4595,57.4980,-25.3360,-68.6399
139143364,0.0003,-0.0032,-0.0183,0.0641,0.0384,-0.0015,0.0500,-0.0500,0.0359,0.0842,0.0117,0.0641,-1.7398,0.0000,1.4595,57.4875,-25.3360,-68.6341
139148364,0.0004,-0.0027,-0.0159,0.0648,0.0411,-0.0008,0.0500,-0.0500,0.0360,0.0846,0.0141,0.0648,-1.7398,0.5501,0.4343,57.4806,-25.3247,-68.6471
139153364,0.0004,-0.0026,-0.0202,0.0654,0.0307,-0.0007,-0.0200,0.0200,0.0361,0.0849,0.0200,0.0654,-2.3281,1.9254,-0.2441,57.4560,-25.2879,-68.6611
139158365,0.0003,-0.0023,-0.0257,0.0418,0.0206,-0.0025,-0.0200,0.0200,0.0361,0.0851,0.0145,0.0418,-2.3281,1.9254,-0.2441,57.4467,-25.2802,-68.6626
139163365,0.0002,-0.0022,-0.0153,-0.0018,0.0414,0.0008,-0.0500,0.0500,0.0363,0.0848,0.0411,-0.0604,-2.3281,2.9065,-1.0194,57.4327,-25.2477,-68.6797
139168364,0.0001,-0.0022,-0.0034,-0.0312,0.0011,0.0500,-0.0500,0.0500,0.0365,0.0846,0.0368,-0.0312,-2.3281,2.9065,-2.0163,57.4234,-25.2360,-68.7105
139173364,0.0001,-0.0026,-0.0027,-0.0232,-0.0407,0.0500,-0.0500,0.0500,0.0365,0.0845,-0.0027,-0.0232,-2.1066,2.9065,-2.0163,57.4141,-25.2186,-68.7186
139178364,0.0002,-0.0029,0.0040,-0.0186,-0.0319,0.0500,-0.0500,0.0500,0.0365,0.0844,0.0040,-0.0186,-1.7190,3.1489,-2.0163,57.4142,-25.2013,-68.7307
139183364,0.0002,-0.0030,0.0119,-0.0360,0.0316,0.0500,0.0200,-0.0200,0.0366,0.0843,0.0119,-0.0360,-1.2759,3.0035,-2.0163,57.4141,-25.1853,-68.7388
139188364,0.0003,-0.0031,0.0119,-0.0440,0.0579,-0.0200,0.0200,-0.0200,0.0366,0.0840,0.0119,-0.0440,-1.0544,1.4521,-1.9117,57.4139,-25.2073,-68.7487
139193365,0.0005,-0.0035,-0.0058,-0.0574,0.0231,-0.0200,-0.0272,0.0267,0.0366,0.0836,-0.0116,-0.0935,-0.7776,0.8704,-1.5459,57.4140,-25.2126,-68.7483
139198364,0.0006,-0.0040,-0.0147,-0.0654,-0.0068,-0.0500,-0.0286,0.0311,0.0364,0.0831,-0.0283,-0.0930,0.5883,0.7249,-1.1278,57.4397,-25.2123,-68.7480
139203365,0.0005,-0.0044,-0.0348,-0.0241,0.0182,-0.0500,-0.0185,0.0252,0.0363,0.0829,-0.0381,-0.0457,1.6579,0.5310,-0.9188,57.4697,-25.2124,-68.7480
139208365,0.0002,-0.0045,-0.0504,0.0180,0.1312,-0.0500,-0.0076,0.0164,0.0360,0.0830,-0.0563,0.0154,1.6579,-0.2582,-0.4328,57.4763,-25.2264,-68.7431
139213364,-0.0001,-0.0045,-0.0421,0.0308,0.0894,-0.0500,-0.0019,0.0107,0.0358,0.0833,-0.0418,0.0699,1.6579,-1.2909,1.3291,57.4862,-25.2534,-68.7060
139218365,-0.0004,-0.0043,-0.0272,0.0131,0.0432,0.0200,-0.0059,0.0129,0.0356,0.0836,-0.0254,0.0547,1.6579,-1.2909,1.4953,57.4929,-25.2586,-68.6937
139223365,-0.0005,-0.0045,-0.0464,0.0162,0.0265,0.0200,-0.0028,0.0159,0.0354,0.0839,-0.0447,0.0577,-0.1070,-1.2909,1.4953,57.4635,-25.2663,-68.6877
139228364,-0.0008,-0.0046,-0.0632,0.0278,0.0353,-0.0191,0.0017,0.0161,0.0351,0.0842,-0.0596,0.0693,-0.1070,-1.2909,1.4953,57.4631,-25.2715,-68.6788
139233365,-0.0010,-0.0046,-0.0489,0.0519,0.0151,-0.0158,0.0500,0.0090,0.0349,0.0847,-0.0407,0.1015,-0.1070,-1.2909,2.0323,57.4625,-25.2793,-68.6617
139238364,-0.0013,-0.0043,-0.0327,0.0757,-0.0279,-0.0116,0.0500,0.0028,0.0348,0.0853,-0.0130,0.1068,-0.1070,-1.2909,2.0811,57.4620,-25.2844,-68.6483
139243364,-0.0014,-0.0039,0.0046,0.0770,-0.0114,-0.0030,0.0500,-0.0500,0.0350,0.0858,0.0243,0.1080,-0.1070,-1.2909,2.0811,57.4614,-25.2922,-68.6399
139248364,-0.0015,-0.0036,0.0238,0.0840,0.0145,0.0003,0.0500,-0.0500,0.0351,0.0862,0.0304,0.0840,-0.3838,-1.1259,2.0811,57.4554,-25.2938,-68.6274
139253364,-0.0010,-0.0034,0.0544,0.0806,0.0356,0.0500,-0.0200,-0.0500,0.0356,0.0866,0.0925,0.0806,-2.2112,-0.8508,1.8189,57.4094,-25.2941,-68.6247
139258364,-0.0007,-0.0031,0.0510,0.1045,0.0341,0.0500,-0.0200,-0.0500,0.0358,0.0871,0.0510,0.1045,-2.2112,-0.6858,1.3470,57.4006,-25.2939,-68.6247
139263365,-0.0006,-0.0028,0.0507,0.0889,0.0206,0.0500,0.0020,0.0200,0.0362,0.0875,0.0636,0.0666,-1.8790,1.4975,1.0848,57.3941,-25.2486,-68.6251
139268365,-0.0003,-0.0024,0.0394,0.0638,0.0268,0.0500,-0.0011,0.0200,0.0364,0.0877,0.0523,0.0415,-0.6607,1.4975,-0.1953,57.4140,-25.2427,-68.6464
139273364,-0.0000,-0.0021,0.0217,0.0308,0.0258,-0.0200,-0.0500,-0.0002,0.0366,0.0877,0.0270,-0.0046,-0.4946,1.4975,-0.8788,57.4139,-25.2337,-68.6629
139278364,0.0001,-0.0021,-0.0229,0.0037,0.0417,-0.0200,-0.0500,0.0500,0.0364,0.0876,-0.0305,-0.0094,-0.3838,1.4975,-0.8788,57.4144,-25.2277,-68.6682
139283364,0.0001,-0.0022,-0.0428,-0.0073,0.0704,-0.0500,-0.0500,0.0500,0.0361,0.0876,-0.0547,-0.0073,0.6953,2.0792,-1.8757,57.4349,-25.2048,-68.6927
139288364,-0.0003,-0.0024,-0.0535,-0.0031,0.1129,-0.0500,-0.0500,0.0500,0.0359,0.0876,-0.0535,-0.0031,1.9788,2.0792,-2.2633,57.4664,-25.1965,-68.7139
139293364,-0.0007,-0.0024,-0.0473,0.0076,0.1330,-0.0500,0.0200,0.0500,0.0356,0.0876,-0.0473,0.0076,1.9788,0.8187,-2.2633,57.4783,-25.2124,-68.7229
139298365,-0.0010,-0.0026,-0.0446,-0.0003,0.0927,-0.0500,0.0200,-0.0200,0.0354,0.0876,-0.0446,-0.0003,1.9788,0.6733,-2.2633,57.4862,-25.2123,-68.7365
139303365,-0.0011,-0.0025,-0.0480,-0.0104,0.1239,0.0200,-0.0050,-0.0200,0.0352,0.0875,-0.0438,-0.0175,1.9788,0.4794,-2.2633,57.4981,-25.2126,-68.7456
139308364,-0.0012,-0.0025,-0.0458,-0.0134,0.1239,0.0200,-0.0048,0.0192,0.0349,0.0874,-0.0616,-0.0178,1.4293,-0.7746,-1.0637,57.4943,-25.2373,-68.7333
139313364,-0.0016,-0.0028,-0.0437,-0.0168,0.0903,-0.0186,-0.0039,0.0190,0.0346,0.0875,-0.0463,0.0107,-0.2139,-1.2909,0.5538,57.4632,-25.2550,-68.7020
139318364,-0.0017,-0.0029,-0.0367,0.0238,0.0341,-0.0166,0.0500,0.0107,0.0344,0.0877,-0.0393,0.0513,-0.2139,-1.2909,0.5538,57.4623,-25.2602,-68.6987
139323364,-0.0017,-0.0029,0.0144,0.0449,-0.0417,-0.0020,0.0500,0.0016,0.0346,0.0880,0.0228,0.0532,-0.2139,-1.2909,0.5538,57.4610,-25.2679,-68.6965
139328365,-0.0017,-0.0027,0.0208,0.0712,-0.0667,-0.0003,0.0500,-0.0500,0.0347,0.0884,0.0292,0.0794,-0.2139,-1.2909,0.5538,57.4602,-25.2731,-68.6931
139333365,-0.0018,-0.0024,0.0308,0.0852,-0.0655,0.0018,0.0500,-0.0500,0.0349,0.0888,0.0345,0.0852,-0.2139,-1.2909,0.5538,57.4589,-25.2808,-68.6909
139338364,-0.0015,-0.0020,0.0260,0.0476,-0.0737,0.0016,-0.0200,-0.0500,0.0350,0.0891,0.0296,0.0476,-0.2139,-1.2909,0.5538,57.4580,-25.2860,-68.6876
139343365,-0.0013,-0.0017,0.0281,0.0421,-0.0432,0.0500,-0.0200,-0.0500,0.0352,0.0893,0.0318,0.0421,-0.2139,-1.2909,0.5538,57.4567,-25.2938,-68.6854
139348364,-0.0010,-0.0018,0.0189,0.0140,-0.0640,0.0500,-0.0500,0.0200,0.0353,0.0893,0.0181,0.0155,-0.2139,-0.0965,0.5538,57.4559,-25.2733,-68.6821
139353364,-0.0011,-0.0019,-0.0037,0.0321,-0.0285,0.0500,-0.0500,0.0200,0.0353,0.0895,-0.0037,0.0321,-0.2139,1.0844,0.5538,57.4546,-25.2449,-68.6799
139358364,-0.0010,-0.0019,-0.0040,0.0412,0.0335,0.0500,-0.0500,-0.0011,0.0353,0.0897,-0.0006,0.0470,-0.2139,1.0844,0.3877,57.4537,-25.2405,-68.6799
139363365,-0.0009,-0.0016,-0.0171,0.0345,0.0384,-0.0200,-0.0500,0.0500,0.0351,0.0899,-0.0233,0.0238,-0.2139,1.0844,-0.7199,57.4524,-25.2340,-68.7035
139368365,-0.0011,-0.0013,-0.0342,0.0281,0.0188,-0.0200,0.0200,0.0500,0.0350,0.0900,-0.0342,0.0281,-0.2139,1.0844,-0.7199,57.4516,-25.2297,-68.7078
139373365,-0.0012,-0.0011,-0.0391,0.0140,0.0237,-0.0500,0.0200,0.0500,0.0347,0.0901,-0.0465,0.0141,0.4279,0.6713,-0.7199,57.4657,-25.2316,-68.7107
139378365,-0.0015,-0.0011,-0.0278,0.0159,0.0619,-0.0500,0.0500,0.0500,0.0346,0.0902,-0.0300,0.0197,0.4279,-0.2582,-0.7199,57.4674,-25.2501,-68.7150
139383365,-0.0017,-0.0012,-0.0202,0.0290,0.1046,-0.0500,0.0500,-0.0200,0.0345,0.0903,-0.0202,0.0290,0.4279,-0.2582,-0.7199,57.4699,-25.2517,-68.7179
139388364,-0.0016,-0.0011,-0.0260,0.0287,0.1040,-0.0500,0.0500,-0.0200,0.0344,0.0905,-0.0260,0.0287,0.4279,-0.2582,-0.7199,57.4717,-25.2527,-68.7222
139393365,-0.0015,-0.0007,-0.0067,0.0583,0.0512,0.0200,0.0500,-0.0500,0.0343,0.0908,-0.0034,0.0641,0.4279,-0.2582,0.3877,57.4742,-25.2543,-68.7012
139398364,-0.0015,-0.0007,-0.0150,0.0559,0.0616,0.0200,-0.0200,-0.0500,0.0343,0.0911,-0.0150,0.0559,0.4279,-0.2582,0.3877,57.4759,-25.2553,-68.6988
139403364,-0.0017,-0.0006,-0.0134,0.0547,0.0970,-0.0118,-0.0200,-0.0500,0.0342,0.0913,-0.0208,0.0547,0.4279,-0.2582,0.3877,57.4785,-25.2568,-68.6973
139408364,-0.0017,-0.0002,-0.0037,0.0632,0.1208,-0.0098,0.0156,-0.0500,0.0341,0.0916,-0.0097,0.0609,0.4279,0.1549,0.3877,57.4802,-25.2484,-68.6950
139413364,-0.0018,0.0001,0.0162,0.0403,0.1297,-0.0040,0.0085,0.0200,0.0342,0.0918,0.0249,0.0380,-0.4279,0.1549,0.3877,57.4619,-25.2474,-68.6934
139418364,-0.0017,0.0004,-0.0034,0.0275,0.1092,-0.0082,0.0091,0.0200,0.0343,0.0919,0.0053,0.0252,-0.4279,0.1549,-0.1661,57.4602,-25.2468,-68.7028
139423365,-0.0015,0.0005,-0.0079,0.0315,0.0930,-0.0075,0.0086,-0.0047,0.0343,0.0920,0.0123,0.0043,-0.4279,1.6578,-0.1661,57.4576,-25.2130,-68.7035
139428364,-0.0015,0.0004,0.0076,0.0409,0.0713,-0.0033,0.0088,-0.0082,0.0345,0.0920,0.0283,0.0130,-0.4279,1.7063,-0.1661,57.4559,-25.2052,-68.7045
139433365,-0.0016,0.0006,0.0003,0.0275,0.0280,-0.0052,0.0083,-0.0042,0.0346,0.0920,0.0209,-0.0004,-0.4279,1.7063,-0.1661,57.4533,-25.1950,-68.7051
139438364,-0.0017,0.0008,0.0012,0.0192,0.0637,-0.0056,0.0067,-0.0036,0.0347,0.0920,0.0219,-0.0087,-0.4279,1.7063,-0.1661,57.4516,-25.1881,-68.7061
139443365,-0.0015,0.0008,0.0330,-0.0330,0.0768,0.0500,-0.0500,0.0500,0.0350,0.0917,0.0570,-0.0667,-0.4279,2.0978,-0.1661,57.4490,-25.1697,-68.7068
139448364,-0.0013,0.0006,0.0324,-0.0672,0.0655,0.0500,-0.0500,0.0500,0.0351,0.0913,0.0324,-0.0672,-0.4279,2.0978,-0.1661,57.4473,-25.1613,-68.7078
139453364,-0.0013,-0.0001,0.0263,-0.0932,0.0634,0.0500,-0.0500,0.0500,0.0353,0.0909,0.0263,-0.0932,-0.4279,2.0978,-0.1661,57.4448,-25.1487,-68.7085
139458364,-0.0009,-0.0008,0.0342,-0.0950,0.0759,0.0500,-0.0500,0.0500,0.0354,0.0904,0.0342,-0.0950,-0.4279,2.0978,-0.1661,57.4430,-25.1403,-68.7095
139463365,-0.0007,-0.0015,0.0412,-0.0870,0.1135,-0.0200,0.0200,-0.0200,0.0356,0.0899,0.0412,-0.0870,-0.4279,0.0842,-0.1661,57.4405,-25.1724,-68.7101
139468364,-0.0005,-0.0020,0.0202,-0.0531,0.1111,-0.0200,0.0200,-0.0200,0.0357,0.0897,0.0202,-0.0531,-0.4279,0.0842,-0.1661,57.4388,-25.1721,-68.7111
139473364,-0.0004,-0.0023,-0.0070,-0.0220,0.0604,-0.0500,-0.0111,0.0139,0.0356,0.0896,-0.0198,-0.0171,0.8557,-0.0485,0.2769,57.4653,-25.1735,-68.7015
139478364,-0.0004,-0.0025,-0.0125,0.0137,0.0979,-0.0500,-0.0024,0.0053,0.0355,0.0898,-0.0239,0.0417,0.8557,-1.5998,0.2769,57.4688,-25.2077,-68.6999
139483364,-0.0005,-0.0024,-0.0244,0.0681,0.1807,-0.0500,0.0500,-0.0500,0.0353,0.0903,-0.0341,0.1048,0.8557,-1.7938,0.6675,57.4739,-25.2223,-68.6908
139488364,-0.0007,-0.0023,-0.0247,0.0666,0.1257,-0.0500,0.0500,-0.0500,0.0352,0.0907,-0.0247,0.0666,0.8557,-1.7938,1.9857,57.4773,-25.2295,-68.6548
139493364,-0.0009,-0.0017,-0.0293,0.0858,0.0985,0.0200,0.0500,-0.0500,0.0351,0.0911,-0.0293,0.0858,0.8557,-1.7938,1.9857,57.4824,-25.2403,-68.6469
139498364,-0.0009,-0.0015,-0.0324,0.0947,0.1034,0.0200,0.0500,-0.0500,0.0349,0.0916,-0.0324,0.0947,0.1604,-1.7938,1.9857,57.4714,-25.2474,-68.6349
139503365,-0.0012,-0.0010,-0.0528,0.1500,0.1550,-0.0197,-0.0200,0.0200,0.0347,0.0923,-0.0482,0.1500,-0.2674,-1.3807,1.9857,57.4615,-25.2488,-68.6270
139508364,-0.0014,-0.0005,-0.0498,0.1530,0.1404,-0.0194,-0.0200,0.0200,0.0344,0.0931,-0.0452,0.1530,-0.2674,-1.1225,1.5662,57.4604,-25.2485,-68.6246
139513364,-0.0015,0.0003,-0.0046,0.1390,0.0768,-0.0065,0.0338,-0.0302,0.0345,0.0938,0.0158,0.1490,-0.2674,0.5818,1.2516,57.4588,-25.2175,-68.6252
139518364,-0.0015,0.0010,0.0195,0.1124,0.0542,-0.0003,0.0268,-0.0286,0.0347,0.0944,0.0377,0.1098,-0.2674,0.8726,0.6965,57.4578,-25.2083,-68.6298
139523364,-0.0012,0.0014,0.0504,0.0519,-0.0078,0.0500,0.0104,-0.0183,0.0350,0.0945,0.0549,0.0258,-0.2674,0.8726,-0.8788,57.4562,-25.2031,-68.6613
139528364,-0.0008,0.0015,0.0367,0.0269,-0.0615,0.0500,0.0072,-0.0116,0.0352,0.0945,0.0371,-0.0001,-0.2674,0.9286,-0.8788,57.4551,-25.1985,-68.6666
139533364,-0.0005,0.0015,0.0318,0.0351,0.0866,0.0500,0.0054,-0.0145,0.0354,0.0945,0.0423,-0.0093,-0.2674,2.1032,-0.8788,57.4535,-25.1640,-68.6701
139538364,-0.0004,0.0017,0.0376,0.0290,0.1260,0.0500,0.0033,-0.0150,0.0356,0.0944,0.0481,-0.0154,-0.2674,2.1032,-0.8788,57.4524,-25.1556,-68.6754
139543364,-0.0003,0.0018,0.0461,0.0076,0.1046,-0.0200,-0.0500,-0.0112,0.0359,0.0941,0.0505,-0.0476,-0.2674,2.1032,-1.5988,57.4508,-25.1429,-68.6938
139548365,0.0001,0.0017,0.0278,-0.0348,0.0387,-0.0200,-0.0500,0.0002,0.0359,0.0938,0.0107,-0.0644,-0.2674,2.1032,-1.9864,57.4497,-25.1345,-68.7133
139553365,0.0003,0.0014,-0.0021,-0.0556,0.0289,-0.0015,-0.0500,0.0500,0.0358,0.0934,-0.0266,-0.0852,0.4279,2.0504,-1.9864,57.4656,-25.1230,-68.7212
139558364,0.0003,0.0010,-0.0412,-0.0654,0.0741,-0.0500,-0.0500,0.0500,0.0356,0.0931,-0.0486,-0.0654,0.4279,1.6811,-1.9864,57.4673,-25.1228,-68.7332
139563364,-0.0001,0.0006,-0.0602,-0.0825,0.0643,-0.0500,0.0200,0.0500,0.0353,0.0926,-0.0602,-0.0825,1.3683,1.2591,-1.9864,57.4898,-25.1225,-68.7411
139568364,-0.0006,0.0001,-0.0626,-0.0819,-0.0139,-0.0500,0.0200,0.0500,0.0349,0.0922,-0.0626,-0.0819,1.7444,1.0480,-1.7774,57.5041,-25.1222,-68.7486
139573364,-0.0009,-0.0005,-0.0428,-0.0757,-0.0633,-0.0500,-0.0088,-0.0200,0.0347,0.0919,-0.0524,-0.0591,1.7444,-1.1187,-1.4638,57.5146,-25.1646,-68.7487
139578365,-0.0010,-0.0010,-0.0370,-0.0437,0.0362,0.0200,-0.0048,-0.0200,0.0344,0.0918,-0.0495,-0.0220,1.7444,-1.4543,-0.6549,57.5215,-25.1770,-68.7399
139583364,-0.0010,-0.0011,-0.0260,0.0333,0.0500,0.0200,0.0500,-0.0013,0.0343,0.0922,-0.0289,0.0715,1.7444,-1.4543,1.1076,57.5320,-25.1857,-68.7037
139588364,-0.0013,-0.0009,-0.0363,0.0706,0.0576,-0.0147,0.0500,-0.0500,0.0341,0.0926,-0.0337,0.0879,0.4279,-1.4543,1.1630,57.5104,-25.1915,-68.6956
139593365,-0.0015,-0.0005,-0.0104,0.0828,0.0460,-0.0089,0.0500,-0.0500,0.0341,0.0930,-0.0071,0.0828,-0.1881,-1.4543,1.1630,57.4976,-25.2003,-68.6910
139598364,-0.0015,-0.0001,-0.0012,0.0663,0.0347,-0.0066,0.0500,-0.0500,0.0341,0.0934,0.0020,0.0663,-0.1881,-1.4543,1.1630,57.4969,-25.2061,-68.6840
139603364,-0.0013,0.0001,-0.0024,0.0681,0.0710,-0.0065,-0.0200,-0.0500,0.0341,0.0937,0.0008,0.0681,-0.1881,-1.3088,1.1630,57.4957,-25.2117,-68.6793
139608364,-0.0013,0.0002,-0.0174,0.0641,0.0875,-0.0103,-0.0200,0.0200,0.0340,0.0940,-0.0142,0.0641,-0.1881,-1.0664,1.1630,57.4950,-25.2115,-68.6723
139613365,-0.0013,0.0004,-0.0122,0.0770,0.0542,-0.0067,0.0199,0.0200,0.0341,0.0944,0.0148,0.0708,-1.3647,0.4140,1.1630,57.4688,-25.1857,-68.6677
139618364,-0.0014,0.0007,-0.0037,0.0962,0.0475,-0.0037,0.0245,-0.0226,0.0343,0.0949,0.0429,0.0974,-1.5786,1.0852,1.1630,57.4583,-25.1685,-68.6607
139623364,-0.0015,0.0012,0.0202,0.1008,0.0283,0.0015,0.0238,-0.0263,0.0346,0.0953,0.0567,0.0846,-1.5786,1.0852,0.0000,57.4488,-25.1620,-68.6806
139628364,-0.0013,0.0016,0.0180,0.0568,-0.0371,0.0018,0.0157,-0.0160,0.0348,0.0954,0.0455,0.0249,-1.5786,1.0852,-1.0522,57.4425,-25.1576,-68.7066
139633364,-0.0011,0.0018,0.0159,0.0235,0.0213,0.0014,0.0083,-0.0105,0.0350,0.0954,0.0433,-0.0084,-1.5786,1.0852,-1.0522,57.4330,-25.1511,-68.7108
139638365,-0.0011,0.0019,0.0205,-0.0089,0.0399,0.0500,-0.0004,-0.0041,0.0353,0.0951,0.0547,-0.0525,-1.5786,1.8765,-1.0522,57.4267,-25.1303,-68.7171
139643364,-0.0011,0.0017,0.0205,-0.0568,0.0136,0.0500,-0.0500,0.0500,0.0355,0.0946,0.0303,-0.1052,-1.5786,2.1931,-1.0522,57.4172,-25.1109,-68.7209
139648365,-0.0008,0.0013,0.0159,-0.0910,-0.0029,0.0500,-0.0500,0.0500,0.0355,0.0941,0.0159,-0.0910,-1.4125,2.1931,-1.0522,57.4144,-25.1021,-68.7276
139653364,-0.0005,0.0008,0.0186,-0.0974,0.0032,0.0500,-0.0500,0.0500,0.0356,0.0937,0.0186,-0.0974,-1.0802,2.1931,-1.0522,57.4136,-25.0890,-68.7315
139658364,-0.0002,0.0002,0.0156,-0.0922,0.0280,-0.0200,-0.0500,0.0500,0.0357,0.0932,0.0156,-0.0922,-0.8587,1.4748,-1.0522,57.4142,-25.0953,-68.7382
139663364,-0.0003,-0.0004,-0.0058,-0.0846,0.0304,-0.0200,0.0200,-0.0200,0.0357,0.0928,-0.0058,-0.0846,0.6953,0.0000,-1.0522,57.4430,-25.1222,-68.7420
139668364,-0.0003,-0.0010,-0.0241,-0.0611,0.0109,-0.0500,0.0200,-0.0200,0.0354,0.0925,-0.0518,-0.0611,1.6045,0.0000,0.9968,57.4665,-25.1222,-68.7018
139673365,-0.0003,-0.0011,-0.0217,0.0324,0.0634,-0.0500,0.0500,-0.0500,0.0353,0.0928,-0.0223,0.0631,1.6045,-1.0627,0.9968,57.4762,-25.1446,-68.6982
139678365,-0.0005,-0.0010,-0.0318,0.0663,0.0710,-0.0500,0.0500,-0.0500,0.0352,0.0931,-0.0318,0.0663,1.6045,-2.2373,0.9968,57.4826,-25.1755,-68.6918
139683364,-0.0007,-0.0006,-0.0324,0.0654,0.0631,-0.0500,0.0500,-0.0500,0.0350,0.0934,-0.0324,0.0654,1.6045,-2.2373,1.3386,57.4922,-25.1889,-68.6813
139688364,-0.0007,-0.0002,-0.0412,0.0922,0.0261,0.0200,0.0500,-0.0500,0.0348,0.0939,-0.0412,0.0922,1.6045,-2.2373,2.2174,57.4986,-25.1978,-68.6506
139693364,-0.0008,0.0001,-0.0418,0.1038,-0.0301,0.0200,-0.0200,0.0200,0.0346,0.0944,-0.0418,0.1038,0.8539,-2.2373,1.6804,57.4918,-25.2113,-68.6536
139698364,-0.0010,0.0004,-0.0611,0.1051,-0.0276,-0.0184,-0.0200,0.0200,0.0343,0.0949,-0.0510,0.1051,-0.5883,-1.8495,0.9480,57.4631,-25.2116,-68.6609
139703365,-0.0014,0.0010,-0.0397,0.1277,-0.0084,-0.0150,0.0411,-0.0258,0.0342,0.0957,-0.0344,0.1600,-0.5883,-1.3647,0.8015,57.4596,-25.2114,-68.6607
139708365,-0.0016,0.0016,-0.0024,0.1121,-0.0056,-0.0063,0.0347,-0.0282,0.0342,0.0964,0.0043,0.1346,-0.5883,-0.9545,0.5574,57.4572,-25.2081,-68.6612
139713365,-0.0015,0.0021,0.0342,0.0834,-0.0575,0.0500,0.0229,-0.0250,0.0344,0.0967,0.0473,0.0618,-0.5883,0.8949,-0.5538,57.4537,-25.1698,-68.6826
139718364,-0.0011,0.0024,0.0354,0.0544,-0.1925,0.0500,0.0185,-0.0175,0.0346,0.0968,0.0307,0.0195,-0.5883,0.8949,-1.4399,57.4513,-25.1662,-68.7086
139723364,-0.0008,0.0026,0.0244,0.0324,-0.0710,0.0500,0.0136,-0.0143,0.0347,0.0968,0.0197,-0.0024,-0.5883,0.8949,-1.4399,57.4478,-25.1608,-68.7138
139728365,-0.0008,0.0027,0.0254,0.0046,-0.0099,0.0500,0.0070,-0.0095,0.0348,0.0967,0.0207,-0.0302,-0.5883,0.8949,-1.4399,57.4455,-25.1573,-68.7230
139733365,-0.0008,0.0027,0.0174,-0.0312,-0.0432,-0.0200,0.0004,-0.0002,0.0348,0.0963,0.0127,-0.0660,-0.5883,0.8949,-1.4399,57.4419,-25.1519,-68.7282
139738365,-0.0006,0.0025,0.0079,-0.0748,-0.0814,-0.0200,-0.0500,0.0500,0.0348,0.0958,0.0032,-0.1097,-0.5883,0.8949,-1.4399,57.4396,-25.1483,-68.7374
139743364,-0.0004,0.0019,0.0040,-0.1087,-0.0872,-0.0004,-0.0500,0.0500,0.0348,0.0952,-0.0080,-0.1087,0.6953,0.8949,-1.4399,57.4640,-25.1429,-68.7426
139748365,-0.0003,0.0012,-0.0202,-0.1167,-0.0334,-0.0500,-0.0500,0.0500,0.0346,0.0947,-0.0321,-0.1167,0.6953,0.8949,-1.2831,57.4668,-25.1393,-68.7485
139753364,-0.0005,0.0004,-0.0473,-0.1112,0.0072,-0.0500,-0.0500,0.0500,0.0344,0.0941,-0.0473,-0.1112,0.6953,0.8949,-1.0740,57.4710,-25.1340,-68.7486
139758364,-0.0009,-0.0003,-0.0480,-0.0925,-0.0218,-0.0500,0.0200,-0.0200,0.0342,0.0936,-0.0480,-0.0925,0.6953,0.8949,-0.7605,57.4738,-25.1304,-68.7481
139763365,-0.0011,-0.0007,-0.0354,-0.0522,-0.0181,-0.0500,0.0200,-0.0200,0.0340,0.0934,-0.0354,-0.0522,0.6953,0.2237,-0.6560,57.4779,-25.1389,-68.7486
139768365,-0.0012,-0.0008,-0.0159,0.0296,-0.0029,0.0200,0.0500,-0.0500,0.0339,0.0937,-0.0141,0.0728,0.6953,-1.3424,1.5506,57.4807,-25.1728,-68.7010
139773364,-0.0012,-0.0008,-0.0159,0.0580,0.0359,0.0200,0.0500,-0.0500,0.0338,0.0940,-0.0159,0.0580,-0.0535,-1.3424,1.5506,57.4693,-25.1808,-68.6954
139778364,-0.0015,-0.0004,-0.0269,0.0733,0.0707,-0.0131,0.0500,-0.0500,0.0337,0.0944,-0.0204,0.0733,-0.3744,-1.3424,1.5506,57.4615,-25.1862,-68.6855
139783364,-0.0014,-0.0002,-0.0177,0.0816,-0.0032,-0.0096,0.0500,-0.0500,0.0337,0.0948,-0.0113,0.0815,-0.3744,-1.3424,1.5506,57.4593,-25.1942,-68.6799
139788364,-0.0015,0.0002,0.0110,0.0861,-0.0905,-0.0017,-0.0200,0.0200,0.0338,0.0952,0.0174,0.0861,-0.3744,-1.3424,1.5506,57.4578,-25.1996,-68.6700
139793364,-0.0016,0.0005,0.0287,0.0739,-0.0566,0.0500,-0.0200,0.0200,0.0339,0.0956,0.0352,0.0739,-0.3744,-1.3424,1.5506,57.4556,-25.2077,-68.6644
139798364,-0.0015,0.0008,0.0483,0.0864,-0.0246,0.0500,0.0211,-0.0268,0.0342,0.0962,0.0504,0.1203,-0.3744,-1.0142,1.2577,57.4541,-25.2064,-68.6609
139803364,-0.0010,0.0012,0.0498,0.0712,-0.0545,0.0500,0.0154,-0.0232,0.0345,0.0965,0.0598,0.0652,-0.3744,0.7831,0.3847,57.4518,-25.1696,-68.6747
139808365,-0.0006,0.0016,0.0382,0.0724,-0.0829,0.0500,0.0172,-0.0220,0.0347,0.0968,0.0363,0.0458,-0.3744,0.7831,-0.9968,57.4503,-25.1664,-68.7065
139813364,-0.0003,0.0019,0.0214,0.0443,0.0295,-0.0200,0.0121,-0.0168,0.0348,0.0968,0.0195,0.0177,-0.3744,0.7831,-0.9968,57.4481,-25.1617,-68.7101
139818364,-0.0004,0.0022,-0.0012,0.0302,0.0445,-0.0200,0.0127,-0.0119,0.0348,0.0969,-0.0031,0.0037,-0.3744,0.7831,-0.9968,57.4466,-25.1586,-68.7165
139823365,-0.0003,0.0022,-0.0137,-0.0156,-0.0078,-0.0500,0.0052,0.0004,0.0346,0.0967,-0.0248,-0.0421,0.5348,0.7831,-0.9968,57.4653,-25.1539,-68.7201
139828364,-0.0003,0.0021,-0.0382,-0.0348,-0.0261,-0.0500,0.0038,0.0500,0.0344,0.0964,-0.0400,-0.0614,0.5348,0.7831,-0.9968,57.4675,-25.1508,-68.7265
139833365,-0.0004,0.0019,-0.0421,-0.0583,-0.0145,-0.0500,-0.0008,0.0500,0.0343,0.0960,-0.0354,-0.0700,0.5348,0.7831,-0.9968,57.4707,-25.1461,-68.7301
139838365,-0.0007,0.0015,-0.0449,-0.0935,0.0103,-0.0500,-0.0500,0.0500,0.0341,0.0955,-0.0381,-0.1051,0.5348,0.7831,-0.9968,57.4728,-25.1430,-68.7364
139843364,-0.0011,0.0009,-0.0421,-0.0959,0.0307,0.0200,-0.0500,0.0500,0.0339,0.0950,-0.0421,-0.0959,0.5348,0.7831,-0.9968,57.4760,-25.1383,-68.7400
139848364,-0.0012,0.0001,-0.0186,-0.0953,0.0048,0.0200,-0.0500,-0.0200,0.0338,0.0945,-0.0186,-0.0953,0.5348,0.7831,-0.9968,57.4782,-25.1351,-68.7464
139853364,-0.0011,-0.0005,-0.0061,-0.0654,0.0115,-0.0058,-0.0500,-0.0200,0.0338,0.0942,-0.0006,-0.0654,-0.3209,0.7831,-0.9446,57.4622,-25.1304,-68.7489
139858364,-0.0012,-0.0006,-0.0119,0.0217,0.0481,-0.0070,0.0200,-0.0014,0.0338,0.0944,0.0055,0.0423,-0.3209,0.7831,1.3845,57.4609,-25.1273,-68.7008
139863365,-0.0011,-0.0006,-0.0021,0.0464,0.0002,-0.0036,0.0200,-0.0500,0.0339,0.0947,0.0153,0.0671,-0.3209,-0.3356,1.3845,57.4590,-25.1463,-68.6957
139868364,-0.0012,-0.0003,0.0137,0.0770,0.0005,-0.0020,0.0500,-0.0500,0.0339,0.0952,0.0063,0.0995,-0.3209,-1.5102,1.3845,57.4577,-25.1742,-68.6869
139873364,-0.0011,0.0001,0.0409,0.0718,-0.0078,0.0500,0.0500,-0.0500,0.0341,0.0956,0.0465,0.0718,-0.3209,-1.5102,2.2145,57.4558,-25.1833,-68.6645
139878364,-0.0007,0.0004,0.0428,0.0535,-0.0389,0.0500,0.0500,-0.0500,0.0343,0.0959,0.0428,0.0535,-0.3209,-1.5102,2.4098,57.4545,-25.1893,-68.6452
139883364,-0.0004,0.0006,0.0336,0.0589,-0.0420,0.0500,0.0500,0.0200,0.0345,0.0962,0.0336,0.0589,-0.3209,-1.5102,2.4098,57.4526,-25.1984,-68.6365
139888364,-0.0000,0.0008,0.0257,0.0589,-0.0203,0.0500,-0.0200,0.0200,0.0346,0.0965,0.0257,0.0589,-0.3209,-1.5102,0.6521,57.4513,-25.2044,-68.6606
139893364,-0.0001,0.0010,0.0098,0.0702,-0.0071,-0.0200,-0.0200,-0.0204,0.0347,0.0968,0.0146,0.0785,-0.3209,-1.4132,0.5545,57.4494,-25.2115,-68.6604
139898364,0.0001,0.0012,-0.0104,0.0684,0.0112,-0.0200,0.0220,-0.0194,0.0346,0.0973,-0.0165,0.0912,-0.2674,-1.1224,0.4080,57.4491,-25.2107,-68.6604
139903364,0.0001,0.0017,-0.0104,0.0574,0.0524,-0.0500,0.0179,-0.0173,0.0346,0.0975,-0.0078,0.0479,0.4813,0.9509,0.3104,57.4663,-25.1696,-68.6611
139908364,0.0001,0.0020,-0.0244,0.0373,0.0659,-0.0500,0.0147,-0.0100,0.0344,0.0975,-0.0306,-0.0017,0.4813,0.9509,-1.6614,57.4682,-25.1658,-68.7021
139913364,-0.0000,0.0022,-0.0351,0.0257,0.0518,-0.0500,0.0148,-0.0066,0.0342,0.0975,-0.0417,-0.0141,0.4813,0.9509,-1.7168,57.4711,-25.1601,-68.7101
139918364,-0.0002,0.0024,-0.0342,0.0101,0.0591,-0.0500,0.0121,-0.0039,0.0340,0.0973,-0.0408,-0.0297,0.4813,0.9509,-1.7168,57.4730,-25.1563,-68.7204
139923364,-0.0003,0.0025,-0.0287,-0.0131,0.1059,0.0200,0.0063,0.0000,0.0339,0.0970,-0.0353,-0.0529,0.4813,0.9509,-1.7168,57.4759,-25.1506,-68.7266
139928364,-0.0004,0.0024,-0.0244,-0.0464,0.1046,0.0200,-0.0016,0.0500,0.0337,0.0966,-0.0310,-0.0862,0.4813,0.9509,-1.7168,57.4779,-25.1468,-68.7376
139933365,-0.0005,0.0021,-0.0098,-0.0779,0.0668,-0.0055,-0.0500,0.0500,0.0336,0.0962,-0.0099,-0.0921,0.4813,0.9509,-1.7168,57.4807,-25.1411,-68.7438
139938364,-0.0007,0.0016,-0.0073,-0.0886,0.0585,-0.0050,-0.0500,0.0500,0.0336,0.0957,0.0000,-0.0886,-0.4279,0.9509,-1.4032,57.4619,-25.1373,-68.7479
139943364,-0.0007,0.0009,-0.0092,-0.0904,0.0649,-0.0055,-0.0500,0.0500,0.0336,0.0953,-0.0018,-0.0904,-0.4279,0.9509,-1.1942,57.4593,-25.1316,-68.7485
139948364,-0.0007,0.0002,0.0024,-0.0809,0.0445,-0.0024,-0.0500,-0.0200,0.0337,0.0949,0.0098,-0.0809,-0.4279,0.9509,-0.4929,57.4576,-25.1278,-68.7409
139953364,-0.0007,0.0000,0.0403,-0.0064,-0.0010,0.0500,0.0200,-0.0200,0.0339,0.0948,0.0477,-0.0064,-0.4279,0.8981,1.1076,57.4550,-25.1231,-68.7077
139958364,-0.0005,-0.0002,0.0455,0.0113,-0.0588,0.0500,0.0200,-0.0500,0.0342,0.0950,0.0574,0.0320,-0.4279,0.7398,1.3845,57.4533,-25.1229,-68.6935
139963364,-0.0001,-0.0001,0.0421,0.0284,-0.0478,0.0500,0.0500,-0.0500,0.0344,0.0952,0.0291,0.0509,-0.4279,-1.5102,1.3845,57.4507,-25.1687,-68.6884
139968364,0.0003,0.0002,0.0321,0.0547,0.0350,0.0500,0.0500,-0.0500,0.0345,0.0955,0.0321,0.0547,-0.4279,-1.6221,2.4586,57.4490,-25.1774,-68.6542
139973364,0.0005,0.0002,0.0159,0.0544,0.0451,-0.0200,0.0500,-0.0500,0.0346,0.0958,0.0159,0.0544,-0.4279,-1.6221,2.4586,57.4465,-25.1871,-68.6453
139978365,0.0007,0.0005,-0.0104,0.0547,-0.0114,-0.0200,0.0500,0.0200,0.0345,0.0961,-0.0104,0.0547,-0.1070,-1.6221,2.4586,57.4513,-25.1936,-68.6296
139983364,0.0008,0.0007,-0.0254,0.0553,-0.0126,-0.0500,-0.0200,0.0200,0.0344,0.0963,-0.0346,0.0553,0.5348,-1.6221,2.0608,57.4668,-25.2033,-68.6289
139988364,0.0009,0.0010,-0.0232,0.0541,0.0683,-0.0500,-0.0200,-0.0153,0.0343,0.0966,-0.0219,0.0564,0.5348,-1.6221,0.1567,57.4689,-25.2098,-68.6611
139993365,0.0006,0.0014,-0.0269,0.0602,0.1239,-0.0500,0.0191,-0.0178,0.0341,0.0970,-0.0297,0.0697,0.5348,-0.4847,0.1567,57.4722,-25.1951,-68.6606
139998365,0.0005,0.0013,-0.0434,0.0443,0.0668,-0.0500,0.0171,-0.0103,0.0339,0.0971,-0.0367,0.0359,0.5348,0.6712,0.1079,57.4743,-25.1705,-68.6608
140003365,0.0004,0.0017,-0.0238,0.0522,0.0811,0.0200,0.0176,-0.0159,0.0338,0.0974,-0.0171,0.0438,0.5348,0.6712,0.1079,57.4775,-25.1665,-68.6604
140008364,0.0002,0.0019,-0.0260,0.0229,0.0930,0.0200,0.0118,-0.0084,0.0337,0.0974,-0.0283,-0.0011,0.5348,0.6712,-0.9415,57.4796,-25.1638,-68.6820
140013365,-0.0000,0.0021,-0.0373,0.0067,0.0665,-0.0106,0.0102,-0.0022,0.0335,0.0972,-0.0408,-0.0305,-0.3744,0.6712,-1.8275,57.4630,-25.1598,-68.7054
140018365,-0.0001,0.0021,-0.0480,-0.0052,0.0151,-0.0128,0.0099,0.0500,0.0332,0.0970,-0.0515,-0.0425,-0.3744,0.6712,-1.8275,57.4615,-25.1571,-68.7170
140023365,-0.0002,0.0020,0.0009,-0.0272,-0.0200,0.0015,-0.0013,0.0500,0.0334,0.0967,0.0250,-0.0576,-0.3744,2.0429,-1.8275,57.4592,-25.1235,-68.7237
140028365,-0.0003,0.0018,0.0116,-0.0406,0.0112,0.0500,-0.0500,0.0500,0.0335,0.0963,0.0361,-0.0719,-0.3744,2.0956,-1.8275,57.4577,-25.1141,-68.7353
140033364,-0.0003,0.0015,0.0428,-0.0715,0.0436,0.0500,-0.0500,0.0500,0.0338,0.0960,0.0428,-0.0715,-0.3744,2.0956,-1.2184,57.4555,-25.1015,-68.7294
140038365,0.0003,0.0009,0.0614,-0.0822,0.0304,0.0500,-0.0500,-0.0200,0.0341,0.0956,0.0614,-0.0822,-0.3744,2.0956,0.2215,57.4540,-25.0931,-68.7016
140043364,0.0009,0.0005,0.0867,-0.0632,-0.0041,0.0500,-0.0500,-0.0200,0.0345,0.0953,0.0867,-0.0632,-0.3744,1.5925,0.2215,57.4517,-25.0912,-68.7008
140048364,0.0013,-0.0000,0.0580,-0.0434,-0.0041,-0.0200,0.0200,-0.0017,0.0348,0.0951,0.0671,-0.0277,-0.3744,-0.1055,1.0515,57.4502,-25.1218,-68.6819
140053365,0.0016,-0.0002,0.0192,-0.0107,0.0466,-0.0200,0.0200,-0.0500,0.0350,0.0952,0.0363,0.0188,0.3744,-0.1583,1.9792,57.4641,-25.1238,-68.6574
140058364,0.0018,-0.0003,0.0027,0.0140,0.0671,0.0065,-0.0023,-0.0500,0.0350,0.0953,-0.0051,0.0164,0.3744,-0.1583,2.6084,57.4656,-25.1245,-68.6317
140063365,0.0019,-0.0003,-0.0247,0.0330,0.0481,-0.0013,0.0500,-0.0500,0.0347,0.0956,-0.0504,0.0662,0.3744,-2.2278,2.9230,57.4679,-25.1735,-68.6150
140068364,0.0015,-0.0002,-0.0492,0.0403,0.0793,-0.0500,0.0500,-0.0500,0.0344,0.0958,-0.0718,0.0403,1.3148,-2.2278,2.9230,57.4893,-25.1824,-68.5964
140073364,0.0011,-0.0001,-0.0428,0.0446,0.0955,-0.0500,0.0500,0.0200,0.0342,0.0961,-0.0428,0.0446,1.7380,-2.2278,2.9230,57.5079,-25.1958,-68.5858
140078364,0.0009,-0.0000,-0.0501,0.0623,0.0197,-0.0500,0.0500,0.0200,0.0339,0.0964,-0.0501,0.0623,1.7380,-2.2278,2.4817,57.5149,-25.2047,-68.5767
140083364,0.0008,0.0002,-0.0562,0.0846,-0.0181,-0.0500,-0.0200,-0.0161,0.0337,0.0969,-0.0386,0.1150,1.7380,-1.8884,2.0404,57.5253,-25.2108,-68.5773
140088364,0.0006,0.0006,-0.0779,0.1176,0.0032,0.0200,-0.0200,-0.0196,0.0333,0.0975,-0.0758,0.1212,1.7380,-1.5491,0.2439,57.5323,-25.2110,-68.6042
140093365,0.0004,0.0011,-0.0394,0.0803,0.0927,0.0200,0.0255,-0.0182,0.0331,0.0980,-0.0557,0.0867,1.5126,-1.1612,-0.7341,57.5379,-25.2113,-68.6256
140098364,0.0002,0.0014,-0.0159,0.0373,0.0787,-0.0067,0.0146,-0.0109,0.0328,0.0982,-0.0479,0.0341,1.2309,-0.5198,-0.7341,57.5379,-25.2025,-68.6303
140103365,0.0003,0.0015,0.0098,-0.0073,0.0289,0.0500,-0.0008,-0.0046,0.0329,0.0980,0.0239,-0.0341,-0.6583,1.0627,-0.7341,57.5028,-25.1676,-68.6329
140108364,0.0005,0.0014,0.0092,-0.0037,0.0582,0.0500,-0.0009,-0.0053,0.0330,0.0978,0.0120,-0.0305,-0.8464,1.0627,-0.7341,57.4957,-25.1634,-68.6376
140113364,0.0007,0.0012,-0.0018,0.0122,0.1062,0.0500,0.0024,-0.0076,0.0330,0.0978,0.0010,-0.0146,-0.8464,1.0627,-0.7341,57.4907,-25.1570,-68.6403
140118365,0.0006,0.0011,0.0052,0.0195,0.0610,0.0500,0.0031,-0.0080,0.0330,0.0977,0.0013,-0.0189,-0.8464,1.0627,-1.5153,57.4873,-25.1528,-68.6623
140123364,0.0005,0.0013,0.0009,0.0174,0.0216,-0.0200,0.0045,-0.0068,0.0330,0.0976,-0.0030,-0.0210,-0.8464,1.0627,-1.5153,57.4822,-25.1464,-68.6678
140128364,0.0005,0.0014,0.0058,-0.0018,0.0173,-0.0200,0.0001,-0.0038,0.0330,0.0974,0.0019,-0.0403,0.0940,1.0627,-1.5153,57.4994,-25.1421,-68.6774
140133364,0.0008,0.0013,0.0122,-0.0287,-0.0102,0.0058,-0.0500,0.0014,0.0330,0.0970,0.0067,-0.0672,0.0940,1.0627,-1.5153,57.5000,-25.1358,-68.6829
140138365,0.0010,0.0010,0.0037,-0.0290,-0.0032,0.0037,-0.0500,0.0500,0.0330,0.0968,-0.0110,-0.0516,0.0940,1.0627,-1.5153,57.5004,-25.1315,-68.6926
140143364,0.0010,0.0006,-0.0171,-0.0254,-0.0304,-0.0500,-0.0500,0.0500,0.0327,0.0966,-0.0488,-0.0254,1.8407,1.0627,-1.5153,57.5402,-25.1251,-68.6981
140148364,0.0008,0.0006,-0.0070,-0.0070,-0.0050,-0.0500,-0.0500,0.0500,0.0327,0.0966,-0.0070,-0.0070,1.8407,0.9572,-1.2384,57.5476,-25.1231,-68.7017
140153364,0.0007,0.0007,-0.0089,-0.0076,0.0533,-0.0500,0.0200,0.0500,0.0327,0.0966,-0.0089,-0.0076,1.8407,0.7462,-1.0169,57.5586,-25.1222,-68.7014
140158364,0.0009,0.0006,-0.0238,-0.0116,0.0570,-0.0500,0.0200,-0.0200,0.0326,0.0965,-0.0238,-0.0116,1.8407,0.5879,-0.1118,57.5660,-25.1228,-68.6884
140163364,0.0008,0.0004,-0.0428,-0.0046,0.0506,0.0200,0.0500,-0.0200,0.0323,0.0966,-0.0562,0.0188,1.8407,-1.5661,1.2206,57.5771,-25.1667,-68.6600
140168364,0.0006,0.0002,-0.0192,-0.0018,0.0830,0.0200,0.0500,-0.0019,0.0322,0.0967,-0.0087,0.0164,1.8407,-1.7899,1.2206,57.5844,-25.1783,-68.6522
140173364,0.0003,0.0002,-0.0235,0.0250,0.0885,-0.0046,0.0500,-0.0500,0.0322,0.0970,-0.0081,0.0597,0.2656,-1.7899,2.3218,57.5613,-25.1890,-68.6242
140178364,0.0003,0.0002,-0.0128,0.0538,-0.0010,-0.0009,0.0500,-0.0500,0.0322,0.0972,0.0017,0.0538,-0.8451,-1.7899,2.3218,57.5369,-25.1962,-68.6094
140183365,0.0004,0.0005,-0.0153,0.0864,0.0274,-0.0013,-0.0200,-0.0500,0.0322,0.0977,-0.0007,0.0864,-0.8451,-1.7899,2.3218,57.5318,-25.2069,-68.6010
140188365,0.0006,0.0010,0.0052,0.0641,0.0854,0.0500,-0.0200,-0.0500,0.0323,0.0980,0.0197,0.0641,-0.8451,-1.1187,2.3218,57.5284,-25.2002,-68.5862
140193364,0.0005,0.0012,0.0089,0.0211,0.0772,0.0500,0.0050,0.0200,0.0324,0.0981,0.0122,0.0152,-0.8451,0.3915,2.3218,57.5233,-25.1703,-68.5778
140198365,0.0006,0.0013,0.0147,0.0000,0.0509,0.0500,0.0002,0.0200,0.0324,0.0980,0.0180,-0.0058,-0.8451,0.3915,1.7150,57.5200,-25.1687,-68.5770
140203365,0.0010,0.0012,0.0296,0.0067,0.0506,0.0500,-0.0004,-0.0135,0.0327,0.0982,0.0454,0.0223,-0.8451,0.3915,1.4391,57.5149,-25.1664,-68.5768
140208365,0.0012,0.0010,0.0147,0.0125,0.0952,-0.0200,0.0008,-0.0128,0.0328,0.0983,0.0267,0.0216,-0.8451,0.3915,1.0005,57.5115,-25.1648,-68.5778
140213365,0.0013,0.0009,-0.0110,0.0199,0.1355,-0.0200,0.0011,-0.0082,0.0328,0.0982,0.0038,-0.0214,0.4507,2.2380,-0.5244,57.5341,-25.1188,-68.6072
140218365,0.0013,0.0011,-0.0131,0.0238,0.1230,0.0002,0.0032,-0.0080,0.0327,0.0980,-0.0168,-0.0291,0.6761,2.2380,-1.3109,57.5413,-25.1099,-68.6305
140223364,0.0012,0.0013,0.0021,0.0272,0.0888,0.0040,0.0034,-0.0108,0.0327,0.0979,-0.0015,-0.0258,0.6761,2.2380,-1.3109,57.5453,-25.0964,-68.6353
140228364,0.0012,0.0015,-0.0037,0.0049,0.0680,0.0027,0.0001,-0.0055,0.0327,0.0976,-0.0073,-0.0480,0.6761,2.2380,-1.3109,57.5480,-25.0875,-68.6436
140233364,0.0014,0.0015,-0.0046,-0.0174,0.0994,0.0023,-0.0500,-0.0015,0.0326,0.0973,-0.0142,-0.0616,0.7300,1.6539,-1.3109,57.5532,-25.0875,-68.6484
140238364,0.0014,0.0015,-0.0116,-0.0162,0.1065,-0.0500,-0.0500,-0.0013,0.0323,0.0972,-0.0623,-0.0357,2.2917,1.3618,-1.3109,57.5906,-25.0874,-68.6567
140243365,0.0013,0.0016,-0.0223,-0.0189,0.0729,-0.0500,-0.0500,-0.0004,0.0321,0.0970,-0.0328,-0.0370,2.2917,1.0210,-1.2133,57.6044,-25.0871,-68.6595
140248364,0.0013,0.0015,-0.0370,-0.0214,0.0646,-0.0500,-0.0500,0.0017,0.0319,0.0968,-0.0445,-0.0344,2.2917,0.8263,-0.8715,57.6136,-25.0874,-68.6594
140253365,0.0013,0.0013,-0.0360,-0.0223,0.1086,-0.0500,0.0200,0.0019,0.0317,0.0966,-0.0423,-0.0331,2.1525,0.6316,-0.7251,57.6245,-25.0870,-68.6595
140258364,0.0011,0.0009,-0.0305,-0.0211,0.1089,0.0200,0.0200,0.0500,0.0315,0.0965,-0.0351,-0.0290,1.5656,0.2745,-0.5298,57.6205,-25.0920,-68.6596
140263365,0.0008,0.0007,-0.0257,-0.0128,0.0494,0.0200,0.0500,0.0500,0.0314,0.0965,-0.0361,0.0053,-0.1616,-1.2134,-0.4321,57.5887,-25.1261,-68.6595
140268364,0.0006,0.0006,-0.0128,-0.0006,0.0368,-0.0012,0.0500,0.0500,0.0313,0.0965,-0.0100,-0.0006,-0.1616,-1.2134,-0.3345,57.5880,-25.1310,-68.6600
140273364,0.0006,0.0004,0.0140,0.0125,0.0655,0.0500,0.0500,0.0500,0.0314,0.0966,0.0168,0.0125,-0.1616,-1.2134,-0.2857,57.5871,-25.1383,-68.6601
140278365,0.0006,0.0003,0.0073,0.0370,0.0552,0.0500,0.0500,-0.0200,0.0314,0.0968,0.0073,0.0370,-0.9504,-1.2134,0.0524,57.5700,-25.1431,-68.6554
140283365,0.0008,0.0004,0.0070,0.0553,0.0109,0.0500,-0.0200,-0.0200,0.0315,0.0970,0.0070,0.0553,-2.3026,-1.2134,1.5207,57.5312,-25.1504,-68.6232
140288364,0.0007,0.0007,0.0140,0.0657,0.0359,0.0500,-0.0200,-0.0500,0.0316,0.0975,0.0271,0.0883,-2.3026,-1.2134,1.5207,57.5220,-25.1552,-68.6135
140293364,0.0007,0.0011,0.0116,0.0678,0.0906,-0.0200,0.0163,-0.0500,0.0316,0.0979,0.0012,0.0859,-2.3026,-1.2134,1.5207,57.5082,-25.1625,-68.6080
140298364,0.0007,0.0015,0.0089,0.0379,0.1001,-0.0200,0.0104,-0.0500,0.0316,0.0981,0.0029,0.0481,-2.2556,-0.6858,1.5207,57.4999,-25.1577,-68.5983
140303364,0.0009,0.0017,0.0034,0.0263,0.0872,0.0040,0.0068,-0.0500,0.0317,0.0982,0.0110,0.0113,0.0563,1.0024,2.3482,57.5390,-25.1234,-68.5756
140308364,0.0011,0.0017,0.0021,0.0336,0.0918,0.0046,0.0081,0.0200,0.0317,0.0983,0.0103,0.0179,0.0563,1.0551,1.7414,57.5393,-25.1161,-68.5725
140313365,0.0011,0.0016,-0.0107,0.0278,0.1159,0.0009,0.0078,0.0200,0.0317,0.0984,-0.0026,0.0121,0.0563,1.0551,1.3000,57.5396,-25.1118,-68.5766
140318364,0.0009,0.0018,-0.0192,0.0296,0.1550,-0.0020,0.0105,-0.0145,0.0317,0.0985,-0.0032,0.0275,0.0563,1.0551,0.9139,57.5398,-25.1055,-68.5771
140323364,0.0008,0.0020,-0.0144,0.0235,0.1578,-0.0014,0.0095,-0.0142,0.0317,0.0986,0.0002,0.0189,0.0563,1.0551,0.7484,57.5402,-25.1013,-68.5775
140328364,0.0008,0.0023,-0.0012,0.0220,0.1294,0.0021,0.0086,-0.0157,0.0318,0.0987,0.0115,0.0141,0.0563,1.0551,0.5277,57.5404,-25.0950,-68.5775
140333365,0.0009,0.0022,-0.0055,0.0192,0.1233,0.0018,0.0076,-0.0141,0.0318,0.0987,0.0092,0.0062,0.0563,1.3472,0.4726,57.5407,-25.0844,-68.5769
140338365,0.0010,0.0023,-0.0061,0.0037,0.1156,0.0022,0.0044,-0.0110,0.0318,0.0986,0.0077,-0.0110,0.0563,1.3472,0.3622,57.5410,-25.0764,-68.5765
140343365,0.0010,0.0024,-0.0101,0.0000,0.0936,0.0003,0.0042,-0.0082,0.0318,0.0985,-0.0067,-0.0326,0.0563,1.3472,-0.8390,57.5412,-25.0710,-68.6011
140348365,0.0010,0.0025,-0.0180,-0.0137,0.0524,-0.0017,0.0023,-0.0025,0.0317,0.0982,-0.0232,-0.0612,0.0563,1.3472,-1.8353,57.5416,-25.0629,-68.6322
140353364,0.0009,0.0024,-0.0058,-0.0269,0.0277,0.0013,-0.0017,-0.0007,0.0316,0.0978,-0.0110,-0.0743,0.0563,1.3472,-1.8353,57.5418,-25.0575,-68.6382
140358365,0.0007,0.0023,0.0027,-0.0327,0.0680,0.0023,-0.0500,-0.0001,0.0316,0.0974,-0.0024,-0.0801,0.0563,1.3472,-1.8353,57.5421,-25.0494,-68.6506
140363365,0.0007,0.0019,0.0162,-0.0455,0.1059,0.0041,-0.0500,0.0011,0.0316,0.0970,-0.0006,-0.0729,0.0563,1.2922,-1.8353,57.5424,-25.0451,-68.6565
140368365,0.0009,0.0014,0.0131,-0.0476,0.0512,0.0052,-0.0500,0.0500,0.0316,0.0967,-0.0003,-0.0692,0.0563,0.9621,-1.4447,57.5427,-25.0450,-68.6601
140373365,0.0011,0.0011,-0.0052,-0.0226,0.0240,0.0025,-0.0500,0.0500,0.0316,0.0966,-0.0062,-0.0226,0.0563,0.7971,-1.2006,57.5429,-25.0447,-68.6595
140378365,0.0009,0.0009,-0.0220,-0.0037,0.0289,-0.0500,0.0200,0.0500,0.0315,0.0965,-0.0230,-0.0037,0.0563,0.5770,-0.8589,57.5433,-25.0450,-68.6597
140383365,0.0008,0.0007,-0.0220,0.0067,0.0546,-0.0500,0.0200,0.0500,0.0314,0.0966,-0.0220,0.0067,0.0563,0.0000,0.1573,57.5435,-25.0550,-68.6415
140388365,0.0006,0.0006,-0.0147,0.0275,0.0582,-0.0500,0.0500,-0.0200,0.0312,0.0968,-0.0272,0.0493,0.0563,-1.4604,0.9963,57.5438,-25.0902,-68.6189
140393364,0.0006,0.0006,-0.0079,0.0541,0.0454,-0.0500,0.0500,-0.0200,0.0312,0.0971,-0.0079,0.0541,0.0563,-1.4604,0.9963,57.5440,-25.0960,-68.6156
140398365,0.0008,0.0007,-0.0070,0.0522,0.0463,0.0200,0.0500,-0.0500,0.0312,0.0974,0.0016,0.0671,0.0563,-1.4604,0.9963,57.5444,-25.1048,-68.6089
140403365,0.0006,0.0011,-0.0128,0.0602,0.0707,0.0200,0.0500,-0.0500,0.0311,0.0977,-0.0128,0.0602,0.0563,-1.4604,2.0445,57.5446,-25.1106,-68.5835
140408365,0.0006,0.0012,-0.0305,0.0638,0.0833,-0.0061,-0.0200,-0.0500,0.0310,0.0981,-0.0267,0.0638,-0.2254,-1.4604,2.3203,57.5379,-25.1194,-68.5648
140413364,0.0005,0.0012,-0.0113,0.0568,0.0274,-0.0007,-0.0200,-0.0500,0.0310,0.0983,-0.0074,0.0568,-0.2254,-1.3021,2.3203,57.5370,-25.1218,-68.5509
140418365,0.0006,0.0014,0.0406,0.0550,-0.0569,0.0500,0.0125,0.0200,0.0311,0.0987,0.0365,0.0689,-0.2254,-0.9328,2.3203,57.5356,-25.1212,-68.5416
140423364,0.0007,0.0017,0.0550,0.0501,-0.0563,0.0500,0.0093,0.0200,0.0314,0.0989,0.0537,0.0523,-0.2254,-0.1499,1.9328,57.5347,-25.1085,-68.5362
140428365,0.0012,0.0019,0.0535,0.0538,-0.0759,0.0500,0.0101,-0.0279,0.0318,0.0993,0.0747,0.0630,-0.2254,0.9249,1.5454,57.5334,-25.0830,-68.5370
140433365,0.0016,0.0022,0.0464,0.0382,-0.0411,0.0500,0.0068,-0.0252,0.0321,0.0995,0.0634,0.0400,-0.2254,0.9249,1.0476,57.5325,-25.0793,-68.5388
140438364,0.0018,0.0024,0.0305,0.0208,0.0271,-0.0200,0.0035,-0.0191,0.0323,0.0994,0.0323,-0.0037,-0.2254,0.9249,-0.7171,57.5311,-25.0738,-68.5733
140443365,0.0018,0.0025,0.0150,-0.0095,0.0738,-0.0200,-0.0016,-0.0113,0.0323,0.0993,0.0153,-0.0364,-0.1690,0.9249,-0.8826,57.5314,-25.0701,-68.5819
140448364,0.0020,0.0023,0.0027,-0.0385,0.0964,0.0073,-0.0500,-0.0035,0.0323,0.0989,-0.0008,-0.0654,0.2254,0.9249,-0.8826,57.5404,-25.0645,-68.5854
140453364,0.0022,0.0021,-0.0125,-0.0220,0.0955,0.0035,-0.0500,-0.0051,0.0322,0.0988,-0.0240,-0.0351,0.2254,0.9249,-0.8826,57.5413,-25.0608,-68.5907
140458365,0.0022,0.0019,-0.0214,0.0070,0.0924,0.0013,-0.0500,-0.0095,0.0321,0.0987,-0.0329,-0.0061,0.2254,0.9249,-0.8826,57.5427,-25.0553,-68.5942
140463364,0.0021,0.0017,-0.0565,0.0128,0.0753,-0.0500,-0.0500,-0.0045,0.0316,0.0987,-0.0967,-0.0003,1.8948,0.9249,-0.8826,57.5801,-25.0516,-68.5995
140468364,0.0017,0.0018,-0.0568,-0.0052,0.0655,-0.0500,0.0200,-0.0010,0.0312,0.0986,-0.0644,-0.0183,2.2718,0.9249,-0.8826,57.6011,-25.0460,-68.6031
140473365,0.0014,0.0017,-0.0266,-0.0171,0.0106,-0.0500,0.0200,-0.0008,0.0311,0.0985,-0.0342,-0.0303,2.2718,0.8149,-0.8826,57.6101,-25.0447,-68.6084
140478365,0.0012,0.0015,-0.0232,-0.0199,-0.0230,-0.0500,0.0500,0.0005,0.0309,0.0984,-0.0417,-0.0141,2.2718,-1.2657,-0.8826,57.6238,-25.0882,-68.6119
140483364,0.0011,0.0012,-0.0241,-0.0122,0.0087,0.0200,0.0500,0.0004,0.0307,0.0983,-0.0317,-0.0254,1.9004,-1.2657,-0.8826,57.6247,-25.0932,-68.6172
140488365,0.0012,0.0009,-0.0040,0.0067,0.0240,0.0200,0.0500,-0.0057,0.0306,0.0983,-0.0116,-0.0064,1.3898,-1.2657,-0.8826,57.6244,-25.1008,-68.6207
140493364,0.0010,0.0011,0.0027,0.0269,0.0161,0.0500,0.0500,-0.0104,0.0305,0.0983,-0.0239,0.0153,1.1576,-1.2657,-0.7778,57.6248,-25.1059,-68.6238
140498365,0.0009,0.0013,0.0015,0.0223,-0.0297,0.0500,-0.0200,-0.0101,0.0305,0.0984,-0.0038,0.0130,-0.7540,-1.2657,-0.6205,57.5877,-25.1135,-68.6235
140503365,0.0012,0.0014,0.0110,0.0174,-0.0762,0.0500,-0.0200,-0.0108,0.0305,0.0984,0.0070,0.0105,-0.7540,-1.2657,-0.4631,57.5847,-25.1185,-68.6236
140508365,0.0015,0.0015,0.0208,0.0134,0.0170,0.0500,0.0034,-0.0141,0.0306,0.0986,0.0090,0.0231,-0.7540,-1.0060,-0.3583,57.5802,-25.1206,-68.6232
140513364,0.0016,0.0013,-0.0034,0.0128,-0.0136,-0.0200,0.0039,-0.0092,0.0306,0.0986,-0.0014,0.0003,-0.7540,0.5355,-0.3058,57.5771,-25.0905,-68.6242
140518364,0.0017,0.0012,-0.0086,0.0223,-0.0481,-0.0200,0.0062,-0.0099,0.0306,0.0986,-0.0044,0.0076,0.0000,0.7302,-0.2534,57.5898,-25.0822,-68.6242
140523365,0.0017,0.0014,-0.0073,0.0119,-0.0414,0.0058,0.0045,-0.0087,0.0305,0.0986,-0.0023,-0.0012,0.0000,0.7302,-0.1485,57.5898,-25.0793,-68.6233
140528364,0.0015,0.0015,-0.0052,0.0122,-0.0133,0.0053,0.0047,-0.0095,0.0305,0.0986,-0.0002,-0.0009,0.0000,0.7302,-0.1485,57.5898,-25.0749,-68.6239
140533364,0.0013,0.0015,-0.0012,0.0037,0.0451,0.0049,0.0017,-0.0084,0.0306,0.0985,0.0042,-0.0087,0.0000,0.7302,-0.0961,57.5898,-25.0720,-68.6236
140538364,0.0015,0.0016,-0.0037,0.0006,0.0854,0.0030,0.0005,-0.0067,0.0305,0.0984,-0.0162,-0.0290,1.6249,1.8855,-0.0961,57.6268,-25.0415,-68.6239
140543365,0.0016,0.0017,-0.0009,-0.0018,0.0625,0.0043,0.0002,-0.0069,0.0304,0.0982,-0.0130,-0.0306,1.6249,1.8855,-0.0436,57.6333,-25.0340,-68.6234
140548364,0.0016,0.0017,-0.0116,-0.0217,0.0524,0.0020,-0.0500,-0.0012,0.0303,0.0980,-0.0237,-0.0505,1.6249,1.8855,-0.0436,57.6430,-25.0226,-68.6235
140553365,0.0018,0.0015,-0.0189,-0.0244,0.0710,-0.0007,-0.0500,-0.0009,0.0301,0.0979,-0.0473,-0.0251,1.6249,1.8855,-0.0436,57.6495,-25.0151,-68.6238
140558365,0.0016,0.0012,-0.0208,-0.0171,0.0741,-0.0018,-0.0500,-0.0008,0.0298,0.0978,-0.0491,-0.0178,1.6249,1.8855,-0.0436,57.6593,-25.0038,-68.6240
140563364,0.0014,0.0009,-0.0272,-0.0058,0.0600,-0.0500,-0.0500,-0.0011,0.0296,0.0977,-0.0536,-0.0065,1.5141,1.7306,-0.0436,57.6635,-24.9995,-68.6242
140568364,0.0012,0.0009,-0.0189,0.0000,0.0576,-0.0500,0.0200,-0.0038,0.0295,0.0977,-0.0189,0.0000,1.1265,-0.5501,0.0000,57.6635,-25.0411,-68.6233
140573364,0.0009,0.0008,-0.0110,0.0113,0.0634,-0.0500,0.0200,-0.0067,0.0294,0.0978,-0.0110,0.0113,0.9050,-0.7152,0.0000,57.6630,-25.0472,-68.6233
140578364,0.0008,0.0008,-0.0055,0.0119,0.0445,-0.0500,0.0500,-0.0071,0.0293,0.0979,-0.0117,0.0226,0.6835,-0.7152,0.0000,57.6633,-25.0515,-68.6233
140583364,0.0006,0.0007,0.0037,0.0122,0.0210,0.0200,0.0500,-0.0070,0.0294,0.0980,0.0037,0.0122,0.5727,-2.2243,0.0000,57.6635,-25.0875,-68.6233
140588364,0.0005,0.0007,0.0183,0.0150,0.0124,0.0200,0.0500,-0.0091,0.0295,0.0981,0.0183,0.0150,-0.8821,-2.2243,0.0000,57.6349,-25.1009,-68.6233
140593364,0.0009,0.0007,0.0199,0.0144,0.0103,0.0500,0.0500,-0.0108,0.0297,0.0981,0.0430,0.0144,-1.3463,-2.2243,0.0000,57.6206,-25.1098,-68.6233
140598364,0.0012,0.0007,0.0171,0.0140,-0.0078,0.0500,-0.0200,-0.0098,0.0298,0.0982,0.0171,0.0140,-1.3463,-2.1715,0.0000,57.6125,-25.1220,-68.6233
140603364,0.0015,0.0007,0.0165,0.0186,-0.0181,0.0500,-0.0200,-0.0114,0.0298,0.0983,0.0165,0.0186,-2.3157,-1.7494,0.0000,57.5850,-25.1214,-68.6233
140608364,0.0016,0.0009,0.0140,0.0107,-0.0163,0.0500,0.0013,-0.0105,0.0299,0.0984,0.0105,0.0169,-2.3157,-0.4147,0.0000,57.5711,-25.1027,-68.6233
140613364,0.0017,0.0010,0.0034,0.0021,-0.0184,-0.0200,-0.0000,-0.0075,0.0299,0.0984,0.0067,-0.0037,-2.3157,0.3894,0.0000,57.5618,-25.0855,-68.6233
140618365,0.0019,0.0011,-0.0018,0.0006,-0.0276,-0.0200,-0.0000,-0.0068,0.0299,0.0983,0.0015,-0.0052,-0.7539,0.3894,0.0000,57.5819,-25.0832,-68.6233
140623364,0.0020,0.0012,-0.0046,-0.0027,-0.0304,0.0079,-0.0003,-0.0064,0.0300,0.0983,0.0034,-0.0086,-0.2692,0.3894,0.0000,57.5901,-25.0816,-68.6233
140628365,0.0018,0.0012,-0.0134,-0.0067,-0.0194,0.0046,0.0003,-0.0041,0.0299,0.0982,-0.0064,-0.0125,-0.2154,0.3894,0.0000,57.5897,-25.0793,-68.6233
140633364,0.0017,0.0013,-0.0116,-0.0046,-0.0056,0.0043,0.0009,-0.0050,0.0299,0.0982,-0.0055,-0.0104,-0.1615,0.3894,0.0000,57.5900,-25.0777,-68.6233
140638365,0.0016,0.0013,0.0012,-0.0079,0.0206,0.0049,-0.0004,-0.0053,0.0298,0.0981,-0.0178,-0.0138,1.2999,0.3894,0.0000,57.6206,-25.0754,-68.6233
140643364,0.0015,0.0013,0.0040,-0.0116,0.0448,0.0047,-0.0015,-0.0049,0.0297,0.0980,-0.0182,-0.0174,1.4856,0.3894,0.0000,57.6302,-25.0738,-68.6233
140648364,0.0017,0.0012,-0.0021,-0.0211,0.0338,0.0042,-0.0500,-0.0019,0.0296,0.0979,-0.0244,-0.0269,1.4856,0.3894,0.0000,57.6391,-25.0715,-68.6233
140653364,0.0019,0.0010,-0.0064,-0.0137,0.0319,0.0036,-0.0500,-0.0030,0.0294,0.0978,-0.0320,-0.0138,1.4856,0.3894,0.0000,57.6451,-25.0699,-68.6233
140658364,0.0017,0.0008,-0.0125,-0.0070,0.0442,0.0013,-0.0500,-0.0027,0.0292,0.0978,-0.0381,-0.0070,1.4856,0.3894,0.0000,57.6540,-25.0676,-68.6233
140663365,0.0015,0.0007,-0.0174,-0.0024,0.0549,-0.0011,-0.0500,-0.0023,0.0290,0.0978,-0.0430,-0.0025,1.4856,0.3894,0.0000,57.6599,-25.0660,-68.6233
140668364,0.0013,0.0008,-0.0113,0.0009,0.0555,0.0002,0.0200,-0.0040,0.0289,0.0978,-0.0321,0.0009,1.2087,0.3894,0.0000,57.6628,-25.0637,-68.6233
140673364,0.0013,0.0009,-0.0015,0.0003,0.0429,0.0031,0.0200,-0.0055,0.0288,0.0978,-0.0185,0.0003,0.9872,0.1460,0.0000,57.6628,-25.0671,-68.6233
140678365,0.0012,0.0008,0.0037,-0.0015,0.0261,0.0038,0.0007,-0.0055,0.0287,0.0978,-0.0157,0.0108,0.7103,-0.8276,0.0000,57.6624,-25.0902,-68.6233
140683365,0.0011,0.0007,0.0089,-0.0052,0.0268,0.0048,-0.0009,-0.0049,0.0286,0.0979,-0.0086,0.0071,0.5996,-0.8276,0.0000,57.6629,-25.0935,-68.6233
140688364,0.0013,0.0004,0.0153,-0.0125,0.0210,0.0077,-0.0045,-0.0040,0.0286,0.0979,-0.0007,0.0022,0.4335,-0.9858,0.0000,57.6627,-25.1017,-68.6233
140693364,0.0016,0.0002,0.0098,-0.0067,-0.0511,0.0077,-0.0017,-0.0041,0.0286,0.0980,-0.0129,0.0214,0.3781,-1.8827,0.0000,57.6632,-25.1261,-68.6233
140698364,0.0017,0.0001,-0.0125,0.0134,-0.0469,0.0028,0.0500,-0.0057,0.0284,0.0982,-0.0333,0.0415,0.2673,-1.8827,0.0000,57.6629,-25.1374,-68.6233
140703364,0.0017,0.0000,-0.0226,0.0302,-0.0316,0.0012,0.0500,-0.0066,0.0283,0.0983,-0.0263,0.0302,0.2120,-1.8827,0.0000,57.6627,-25.1450,-68.6233
140708364,0.0014,0.0000,-0.0296,0.0321,-0.0258,-0.0018,0.0500,-0.0057,0.0281,0.0985,-0.0323,0.0321,0.1566,-1.8827,0.0000,57.6628,-25.1563,-68.6233
140713364,0.0014,0.0002,-0.0363,0.0376,-0.0505,-0.0500,0.0500,-0.0065,0.0279,0.0987,-0.0390,0.0376,0.1566,-1.8827,0.0000,57.6634,-25.1638,-68.6233
140718365,0.0013,0.0005,-0.0333,0.0370,-0.0533,-0.0500,-0.0200,-0.0076,0.0278,0.0989,-0.0333,0.0370,0.1012,-1.6590,0.0000,57.6629,-25.1704,-68.6233
140723364,0.0011,0.0008,-0.0235,0.0287,-0.0093,-0.0500,-0.0200,-0.0080,0.0276,0.0990,-0.0235,0.0287,0.1012,-0.8053,0.0000,57.6633,-25.1590,-68.6233
140728364,0.0009,0.0009,-0.0134,0.0061,0.0277,-0.0500,0.0026,-0.0042,0.0276,0.0990,-0.0043,-0.0096,0.0458,1.0551,0.0000,57.6626,-25.1199,-68.6233
140733365,0.0008,0.0009,0.0009,-0.0235,0.0136,0.0200,-0.0500,0.0008,0.0277,0.0988,0.0100,-0.0393,0.0458,1.0551,0.0000,57.6628,-25.1157,-68.6233
140738364,0.0008,0.0007,0.0244,-0.0443,-0.0206,0.0200,-0.0500,0.0500,0.0278,0.0985,0.0244,-0.0443,-1.6713,1.0551,0.0000,57.6233,-25.1094,-68.6233
140743364,0.0012,0.0004,0.0235,-0.0510,-0.0264,0.0500,-0.0500,0.0500,0.0281,0.0983,0.0523,-0.0510,-1.6713,1.0551,0.0000,57.6167,-25.1052,-68.6233
140748364,0.0014,-0.0000,0.0189,-0.0415,-0.0041,0.0500,-0.0500,0.0500,0.0281,0.0981,0.0189,-0.0415,-2.3175,1.0551,0.0000,57.5933,-25.0988,-68.6233
140753364,0.0015,-0.0004,0.0174,-0.0275,0.0090,0.0500,0.0200,0.0500,0.0282,0.0979,0.0174,-0.0275,-2.4791,1.0551,0.0000,57.5801,-25.0946,-68.6233
140758365,0.0014,-0.0005,0.0195,-0.0165,-0.0035,0.0500,0.0200,-0.0200,0.0283,0.0979,0.0195,-0.0165,-2.4791,1.0551,0.0000,57.5653,-25.0883,-68.6233
140763364,0.0015,-0.0009,0.0195,-0.0107,-0.0117,-0.0200,-0.0119,-0.0200,0.0285,0.0977,0.0274,-0.0243,-2.4791,0.9091,1.4895,57.5554,-25.0872,-68.5910
140768364,0.0019,-0.0010,0.0238,-0.0232,0.0075,-0.0200,-0.0129,-0.0015,0.0286,0.0979,0.0337,0.0222,-1.9406,-0.9496,2.0963,57.5516,-25.1235,-68.5710
140773365,0.0021,-0.0013,0.0015,-0.0027,-0.0160,0.0106,-0.0058,-0.0500,0.0288,0.0982,0.0247,0.0593,-0.2172,-0.9496,3.2102,57.5816,-25.1273,-68.5339
140778365,0.0021,-0.0014,-0.0137,0.0174,-0.0789,0.0050,-0.0012,-0.0500,0.0286,0.0983,-0.0256,0.0316,0.2154,-0.9496,3.2102,57.5913,-25.1330,-68.5210
140783364,0.0020,-0.0015,-0.0296,0.0293,-0.0921,0.0007,0.0500,-0.0500,0.0284,0.0985,-0.0415,0.0435,0.2154,-0.9496,3.2102,57.5921,-25.1368,-68.5018
140788365,0.0017,-0.0012,-0.0293,0.0635,0.0197,-0.0012,0.0500,-0.0500,0.0283,0.0988,-0.0330,0.0635,0.2154,-0.9496,2.7399,57.5934,-25.1425,-68.4991
140793365,0.0015,-0.0008,0.0079,0.0739,-0.0032,0.0080,0.0500,0.0200,0.0283,0.0992,0.0042,0.0739,0.2154,-0.9496,2.0082,57.5943,-25.1463,-68.4996
140798365,0.0017,-0.0007,0.0113,0.0721,-0.0811,0.0106,0.0500,0.0200,0.0283,0.0996,0.0076,0.0721,0.2154,-0.9496,1.6424,57.5956,-25.1520,-68.4996
140803364,0.0018,-0.0003,-0.0049,0.0580,-0.0533,0.0074,-0.0200,-0.0155,0.0283,0.1000,0.0019,0.0763,0.2154,-0.9496,1.2243,57.5964,-25.1558,-68.4994
140808364,0.0019,0.0001,-0.0073,0.0510,0.0683,0.0035,-0.0200,-0.0151,0.0282,0.1003,-0.0236,0.0597,1.2368,0.0528,0.5832,57.6195,-25.1404,-68.5080
140813364,0.0018,0.0003,-0.0049,0.0082,0.0799,0.0030,-0.0500,-0.0040,0.0281,0.1002,-0.0291,-0.0182,1.4689,0.9496,-0.8234,57.6299,-25.1196,-68.5384
140818364,0.0017,0.0002,0.0009,-0.0263,0.0008,0.0045,-0.0500,0.0500,0.0279,0.1000,-0.0315,-0.0386,1.4689,0.9496,-0.8234,57.6387,-25.1139,-68.5417
140823364,0.0019,-0.0001,-0.0003,-0.0397,-0.0136,0.0058,-0.0500,0.0500,0.0278,0.0998,-0.0256,-0.0397,1.4689,0.9496,-0.8234,57.6446,-25.1101,-68.5466
140828364,0.0021,-0.0005,0.0061,-0.0425,0.0466,0.0076,-0.0500,0.0500,0.0277,0.0996,-0.0192,-0.0425,1.4689,0.9496,-0.8234,57.6534,-25.1044,-68.5499
140833364,0.0022,-0.0008,0.0073,-0.0238,0.0833,0.0076,0.0200,0.0500,0.0276,0.0994,-0.0180,-0.0238,1.4689,0.9496,-0.8234,57.6593,-25.1006,-68.5549
140838365,0.0024,-0.0012,-0.0061,-0.0544,0.0032,0.0063,0.0200,-0.0200,0.0275,0.0992,-0.0276,-0.0544,1.2474,0.9496,-0.8234,57.6633,-25.0949,-68.5582
140843365,0.0024,-0.0013,0.0006,-0.0443,-0.0160,0.0085,-0.0180,-0.0200,0.0274,0.0990,-0.0184,-0.0419,1.0259,-0.1583,-0.8234,57.6633,-25.1147,-68.5631
140848365,0.0025,-0.0017,-0.0021,-0.0339,-0.0340,0.0081,-0.0169,0.0101,0.0272,0.0988,-0.0246,-0.0347,0.7490,-0.5276,-0.5812,57.6630,-25.1250,-68.5615
140853365,0.0024,-0.0020,-0.0244,-0.0052,-0.0469,0.0036,-0.0078,0.0060,0.0271,0.0989,-0.0328,0.0135,0.5829,-0.5276,0.7265,57.6624,-25.1272,-68.5333
140858365,0.0025,-0.0020,-0.0354,0.0425,-0.0126,0.0006,0.0500,-0.0500,0.0269,0.0992,-0.0419,0.0611,0.4721,-0.5276,0.7265,57.6633,-25.1303,-68.5304
140863364,0.0022,-0.0016,-0.0266,0.0629,0.0093,0.0017,0.0500,-0.0500,0.0267,0.0995,-0.0328,0.0629,0.3614,-0.5276,0.7265,57.6628,-25.1324,-68.5260
140868364,0.0020,-0.0012,-0.0367,0.0547,-0.0392,-0.0011,0.0500,-0.0500,0.0265,0.0997,-0.0410,0.0547,0.2506,-0.5276,0.7265,57.6625,-25.1356,-68.5231
140873364,0.0018,-0.0009,-0.0357,0.0321,-0.0786,-0.0013,0.0500,-0.0500,0.0263,0.0999,-0.0401,0.0321,0.2506,-0.5276,0.7265,57.6635,-25.1377,-68.5187
140878365,0.0017,-0.0009,-0.0333,0.0354,-0.0475,-0.0009,-0.0200,0.0200,0.0261,0.1001,-0.0357,0.0354,0.1399,-0.5276,0.7265,57.6624,-25.1409,-68.5158
140883364,0.0015,-0.0010,-0.0104,0.0238,0.0940,0.0022,-0.0200,0.0200,0.0261,0.1002,-0.0128,0.0238,0.1399,0.4748,0.7265,57.6630,-25.1209,-68.5115
140888365,0.0014,-0.0009,-0.0006,0.0092,0.0756,0.0051,-0.0500,-0.0032,0.0261,0.1003,0.0083,0.0129,0.0845,0.4748,0.7265,57.6626,-25.1181,-68.5086
140893364,0.0015,-0.0008,0.0266,-0.0165,0.0646,0.0112,-0.0500,0.0004,0.0262,0.1001,0.0189,-0.0273,0.0845,0.4748,-0.7265,57.6629,-25.1162,-68.5379
140898364,0.0018,-0.0008,0.0308,-0.0217,0.0848,0.0132,-0.0500,0.0001,0.0263,0.1000,0.0231,-0.0325,0.0845,0.9616,-0.7265,57.6634,-25.1033,-68.5408
140903364,0.0020,-0.0012,0.0199,-0.0250,0.0946,0.0113,-0.0500,0.0500,0.0264,0.0998,0.0136,-0.0359,0.0000,1.6918,-0.7265,57.6624,-25.0827,-68.5452
140908364,0.0022,-0.0015,0.0140,-0.0147,0.1059,0.0108,0.0200,0.0500,0.0264,0.0997,0.0140,-0.0147,0.0000,1.0590,-0.7265,57.6624,-25.0871,-68.5481
140913364,0.0024,-0.0016,0.0061,-0.0101,0.0915,0.0101,0.0200,0.0500,0.0265,0.0997,0.0061,-0.0101,0.0000,0.8643,-0.7265,57.6624,-25.0873,-68.5524
140918364,0.0025,-0.0016,0.0119,-0.0235,0.0555,0.0126,-0.0185,0.0500,0.0266,0.0995,0.0173,-0.0328,0.0000,0.6209,-0.7265,57.6624,-25.0877,-68.5553
140923364,0.0025,-0.0017,0.0055,-0.0467,0.0613,0.0108,-0.0230,-0.0200,0.0266,0.0992,0.0100,-0.0545,0.0000,0.5235,-0.7265,57.6624,-25.0873,-68.5597
140928365,0.0027,-0.0019,0.0079,-0.0153,0.0017,0.0120,-0.0148,-0.0200,0.0266,0.0992,-0.0025,0.0028,0.0000,-1.2134,-0.7265,57.6624,-25.1246,-68.5626
140933364,0.0027,-0.0021,-0.0186,0.0098,-0.0111,0.0059,-0.0061,0.0006,0.0265,0.0994,-0.0232,0.0380,0.0000,-1.2134,0.6781,57.6624,-25.1294,-68.5348
140938364,0.0025,-0.0021,-0.0321,0.0593,0.0197,0.0015,0.0500,-0.0500,0.0263,0.0999,-0.0367,0.0875,0.0000,-1.2134,0.6781,57.6624,-25.1367,-68.5324
140943364,0.0023,-0.0016,-0.0308,0.0660,0.0347,0.0011,0.0500,-0.0500,0.0261,0.1002,-0.0308,0.0660,0.0000,-1.2134,0.6781,57.6624,-25.1416,-68.5281
140948364,0.0021,-0.0012,-0.0370,0.0568,-0.0053,-0.0007,0.0500,-0.0500,0.0260,0.1005,-0.0370,0.0568,0.0000,-1.2134,1.7755,57.6624,-25.1489,-68.5023
140953364,0.0020,-0.0008,-0.0403,0.0498,-0.0487,-0.0013,0.0500,-0.0500,0.0258,0.1007,-0.0403,0.0498,0.0000,-1.2134,1.9323,57.6624,-25.1537,-68.4869
140958365,0.0018,-0.0006,-0.0305,0.0385,-0.0120,-0.0005,-0.0200,0.0200,0.0256,0.1009,-0.0305,0.0385,0.0000,-1.2134,1.9323,57.6624,-25.1610,-68.4799
140963364,0.0015,-0.0004,-0.0214,0.0403,0.0768,-0.0004,-0.0200,0.0200,0.0255,0.1011,-0.0214,0.0403,0.0000,0.0528,0.5213,57.6624,-25.1387,-68.4991
140968364,0.0013,-0.0003,-0.0067,0.0257,0.1208,0.0027,0.0003,-0.0077,0.0255,0.1012,0.0041,0.0193,0.0000,0.8441,0.4167,57.6624,-25.1186,-68.4995
140973365,0.0013,-0.0002,0.0076,-0.0061,0.0662,0.0070,-0.0500,-0.0021,0.0256,0.1012,0.0176,-0.0140,0.0000,0.8441,0.3122,57.6624,-25.1152,-68.4993
140978364,0.0014,-0.0002,0.0275,-0.0165,0.0921,0.0107,-0.0500,-0.0020,0.0257,0.1010,0.0204,-0.0288,0.0000,0.8441,-0.8234,57.6624,-25.1102,-68.5221
140983365,0.0017,-0.0003,0.0217,-0.0208,0.1266,0.0097,-0.0500,-0.0001,0.0258,0.1008,0.0092,-0.0424,0.0000,0.8441,-1.4530,57.6624,-25.1068,-68.5434
140988365,0.0019,-0.0006,0.0162,-0.0089,0.1337,0.0089,-0.0500,-0.0014,0.0258,0.1006,0.0037,-0.0305,0.0000,0.8441,-1.4530,57.6624,-25.1017,-68.5486
140993365,0.0021,-0.0007,0.0082,-0.0137,0.0830,0.0085,0.0200,0.0009,0.0258,0.1005,-0.0043,-0.0354,0.0000,0.8441,-1.4530,57.6624,-25.0983,-68.5579
140998365,0.0021,-0.0006,0.0070,-0.0186,0.0402,0.0088,0.0200,0.0500,0.0257,0.1003,-0.0064,-0.0403,0.0554,0.8441,-1.4530,57.6636,-25.0933,-68.5632
141003364,0.0023,-0.0007,0.0082,-0.0400,0.0561,0.0110,-0.0186,0.0500,0.0258,0.1000,0.0146,-0.0526,0.0554,0.8441,-1.4530,57.6638,-25.0899,-68.5724
141008365,0.0024,-0.0012,0.0174,-0.0476,0.0371,0.0134,-0.0216,0.0500,0.0259,0.0998,0.0137,-0.0429,0.0554,-0.3165,-1.3426,57.6641,-25.1095,-68.5754
141013365,0.0025,-0.0016,-0.0067,-0.0214,-0.0267,0.0080,-0.0126,0.0500,0.0258,0.0998,-0.0158,-0.0072,0.0554,-0.9496,-1.0116,57.6644,-25.1254,-68.5763
141018364,0.0025,-0.0017,-0.0192,0.0101,-0.0191,0.0049,-0.0050,-0.0200,0.0256,0.0999,-0.0284,0.0243,0.0554,-0.9496,-0.8462,57.6647,-25.1311,-68.5763
141023364,0.0025,-0.0017,-0.0324,0.0611,0.0228,0.0010,0.0500,-0.0200,0.0254,0.1003,-0.0415,0.0753,0.0554,-0.9496,1.0655,57.6649,-25.1349,-68.5390
141028365,0.0022,-0.0013,-0.0418,0.0568,-0.0181,-0.0006,0.0500,-0.0500,0.0253,0.1006,-0.0324,0.0748,0.0554,-0.9496,1.2108,57.6653,-25.1406,-68.5317
141033364,0.0021,-0.0009,-0.0425,0.0412,-0.0853,-0.0012,0.0500,-0.0500,0.0251,0.1008,-0.0434,0.0412,0.0554,-0.9496,1.9425,57.6655,-25.1444,-68.5088
141038365,0.0019,-0.0006,-0.0330,0.0455,-0.0588,0.0001,0.0500,-0.0500,0.0249,0.1011,-0.0339,0.0455,0.0554,-0.9496,2.3606,57.6658,-25.1501,-68.4921
141043365,0.0016,-0.0005,-0.0250,0.0486,0.0255,-0.0001,-0.0200,-0.0500,0.0248,0.1013,-0.0260,0.0486,0.0554,-0.9496,2.3606,57.6660,-25.1539,-68.4770
141048364,0.0014,-0.0003,-0.0128,0.0266,0.0775,0.0014,-0.0200,0.0200,0.0247,0.1014,-0.0138,0.0266,0.0554,0.7386,2.3606,57.6664,-25.1217,-68.4685
141053364,0.0013,-0.0001,-0.0021,0.0202,0.0701,0.0044,-0.0003,0.0200,0.0247,0.1015,0.0033,0.0091,0.0554,0.7386,2.3606,57.6666,-25.1188,-68.4534
141058364,0.0014,0.0000,0.0293,0.0076,0.0414,0.0135,-0.0500,-0.0096,0.0249,0.1015,0.0433,0.0115,0.0554,0.7386,0.9986,57.6669,-25.1144,-68.4742
141063364,0.0015,0.0001,0.0260,-0.0137,0.0484,0.0118,-0.0500,-0.0039,0.0250,0.1014,0.0223,-0.0184,0.0554,0.7386,-0.3136,57.6671,-25.1114,-68.5002
141068365,0.0018,-0.0003,0.0162,-0.0266,0.1382,0.0092,-0.0500,-0.0003,0.0251,0.1013,0.0125,-0.0312,0.0554,1.6635,-0.3136,57.6675,-25.0874,-68.5014
141073365,0.0021,-0.0004,0.0162,-0.0018,0.1269,0.0105,-0.0500,-0.0055,0.0252,0.1013,0.0125,-0.0065,0.0554,1.7122,-0.3136,57.6677,-25.0796,-68.5034
141078365,0.0021,-0.0006,0.0140,0.0049,0.0924,0.0103,0.0200,-0.0055,0.0252,0.1013,0.0104,0.0002,0.0554,0.9333,-0.3136,57.6680,-25.0871,-68.5045
141083364,0.0022,-0.0005,0.0162,-0.0049,0.0958,0.0114,0.0200,-0.0044,0.0253,0.1012,0.0125,-0.0096,0.0554,0.7386,-0.3136,57.6682,-25.0876,-68.5065
141088365,0.0024,-0.0005,0.0174,-0.0128,0.1092,0.0122,-0.0142,-0.0021,0.0253,0.1010,0.0114,-0.0379,0.0554,0.5439,-1.1369,57.6686,-25.0876,-68.5249
141093364,0.0026,-0.0007,-0.0003,-0.0095,0.0194,0.0092,-0.0115,0.0016,0.0253,0.1008,-0.0114,-0.0403,0.0554,0.4465,-1.6212,57.6688,-25.0876,-68.5446
141098364,0.0027,-0.0009,-0.0046,0.0012,-0.0777,0.0097,-0.0083,0.0016,0.0252,0.1007,-0.0165,-0.0281,0.0554,0.3492,-1.6212,57.6691,-25.0872,-68.5505
141103365,0.0027,-0.0010,-0.0312,0.0345,-0.0536,0.0018,0.0500,-0.0033,0.0249,0.1008,-0.0542,0.0245,0.0554,-0.9496,-1.6212,57.6693,-25.1140,-68.5608
141108364,0.0025,-0.0006,-0.0260,0.0467,0.0301,0.0019,0.0500,-0.0079,0.0247,0.1009,-0.0409,0.0226,0.0554,-1.3189,-1.6212,57.6697,-25.1292,-68.5667
141113364,0.0024,-0.0003,-0.0385,0.0339,-0.0297,-0.0008,0.0500,-0.0037,0.0245,0.1010,-0.0529,0.0106,0.0554,-1.3189,-1.5661,57.6699,-25.1344,-68.5759
141118364,0.0024,-0.0002,-0.0379,0.0324,-0.0908,0.0005,0.0500,-0.0036,0.0242,0.1010,-0.0499,0.0132,0.0554,-0.3693,-1.2902,57.6702,-25.1220,-68.5756
141123364,0.0021,-0.0001,-0.0284,0.0348,-0.0502,0.0013,-0.0200,-0.0060,0.0240,0.1011,-0.0376,0.0205,0.0554,-0.2638,-0.9593,57.6705,-25.1212,-68.5761
141128364,0.0019,0.0000,-0.0168,0.0183,0.0561,0.0021,-0.0200,-0.0055,0.0239,0.1012,-0.0246,0.0065,0.0554,-0.2110,-0.7938,57.6708,-25.1216,-68.5760
141133364,0.0018,0.0002,0.0015,-0.0003,0.0848,0.0064,-0.0500,-0.0044,0.0239,0.1011,-0.0014,-0.0139,0.0554,0.3408,-0.5731,57.6710,-25.1114,-68.5759
141138364,0.0019,0.0002,0.0174,-0.0174,0.0234,0.0112,-0.0500,-0.0025,0.0239,0.1010,0.0125,-0.0243,0.0554,1.4604,-0.4628,57.6713,-25.0819,-68.5756
141143364,0.0019,0.0001,0.0214,-0.0345,-0.0249,0.0129,-0.0500,0.0016,0.0240,0.1008,0.0174,-0.0398,0.0554,1.4604,-0.3524,57.6716,-25.0761,-68.5760
141148365,0.0021,-0.0003,0.0140,-0.0324,0.0017,0.0117,-0.0500,0.0500,0.0241,0.1006,0.0105,-0.0368,0.0554,1.4604,-0.2973,57.6719,-25.0673,-68.5760
141153364,0.0023,-0.0007,0.0214,-0.0281,0.0692,0.0135,0.0200,0.0500,0.0242,0.1005,0.0204,-0.0281,0.0554,1.4604,-0.1869,57.6721,-25.0615,-68.5754
141158365,0.0024,-0.0010,0.0125,-0.0110,0.0399,0.0123,0.0200,0.0500,0.0242,0.1004,0.0116,-0.0110,0.0554,1.4604,-0.1869,57.6724,-25.0527,-68.5761
141163364,0.0025,-0.0012,-0.0027,-0.0006,0.0176,0.0098,-0.0111,0.0500,0.0243,0.1003,0.0089,-0.0224,0.0554,1.4604,-0.1318,57.6727,-25.0468,-68.5760
141168364,0.0025,-0.0011,0.0012,0.0037,0.0796,0.0090,-0.0086,-0.0200,0.0243,0.1003,-0.0027,0.0088,0.0554,-0.3408,0.9686,57.6730,-25.0782,-68.5536
141173365,0.0025,-0.0013,0.0061,0.0027,0.1275,0.0095,-0.0104,-0.0200,0.0243,0.1004,-0.0015,0.0144,0.0554,-0.7789,1.7436,57.6732,-25.0898,-68.5278
141178364,0.0025,-0.0015,-0.0006,0.0140,0.0750,0.0095,-0.0058,-0.0500,0.0243,0.1007,0.0067,0.0516,0.0554,-0.7789,1.7436,57.6736,-25.0944,-68.5215
141183365,0.0026,-0.0016,-0.0021,0.0324,0.0093,0.0094,-0.0024,-0.0500,0.0243,0.1009,-0.0098,0.0440,0.0554,-0.7789,2.5275,57.6738,-25.0975,-68.4921
141188364,0.0029,-0.0014,0.0031,0.0455,0.0029,0.0117,-0.0002,-0.0500,0.0242,0.1012,-0.0046,0.0571,0.0554,-0.7789,2.5275,57.6741,-25.1022,-68.4829
141193365,0.0027,-0.0011,-0.0046,0.0504,0.0472,0.0087,0.0500,-0.0500,0.0242,0.1015,-0.0122,0.0620,0.0554,-0.7789,2.5275,57.6743,-25.1053,-68.4668
141198364,0.0026,-0.0008,-0.0082,0.0376,0.0775,0.0074,0.0500,0.0200,0.0241,0.1017,-0.0092,0.0376,0.0554,-0.7789,2.5275,57.6747,-25.1100,-68.4576
141203365,0.0026,-0.0005,-0.0125,0.0281,0.0432,0.0068,0.0500,0.0200,0.0241,0.1018,-0.0135,0.0281,0.0554,-0.7789,2.0291,57.6749,-25.1131,-68.4527
141208365,0.0027,-0.0003,-0.0049,0.0202,0.0203,0.0102,0.0500,-0.0106,0.0241,0.1020,0.0088,0.0454,0.0554,-0.7789,1.6968,57.6752,-25.1178,-68.4526
141213364,0.0025,-0.0002,-0.0037,0.0082,0.0683,0.0078,-0.0200,-0.0057,0.0241,0.1020,-0.0096,-0.0003,0.0554,-0.4381,-0.5749,57.6754,-25.1140,-68.4929
141218364,0.0025,-0.0001,-0.0009,0.0021,0.1059,0.0076,-0.0200,-0.0052,0.0240,0.1020,-0.0095,-0.0111,0.0554,0.8762,-0.8884,57.6758,-25.0847,-68.5023
141223364,0.0025,0.0001,0.0101,0.0015,0.0753,0.0115,-0.0500,-0.0061,0.0240,0.1019,0.0090,-0.0248,0.0554,0.8762,-0.8884,57.6760,-25.0812,-68.5079
141228364,0.0027,0.0001,0.0095,-0.0116,0.0396,0.0119,-0.0500,-0.0038,0.0241,0.1017,0.0009,-0.0248,0.0554,2.4166,-0.8884,57.6763,-25.0412,-68.5111
141233364,0.0029,-0.0000,0.0046,-0.0021,0.0613,0.0113,-0.0500,-0.0053,0.0240,0.1016,-0.0040,-0.0154,0.0554,2.4166,-0.8884,57.6765,-25.0315,-68.5168
141238365,0.0030,-0.0003,0.0031,-0.0055,0.0921,0.0111,-0.0500,-0.0041,0.0240,0.1016,-0.0055,-0.0187,0.0554,2.4166,-0.8884,57.6769,-25.0170,-68.5200
141243364,0.0029,-0.0003,0.0040,-0.0110,0.0872,0.0110,0.0200,-0.0028,0.0240,0.1014,-0.0046,-0.0242,0.0554,2.4166,-0.8884,57.6771,-25.0074,-68.5257
141248364,0.0030,-0.0002,-0.0089,-0.0064,0.0417,0.0088,0.0200,-0.0021,0.0239,0.1013,-0.0175,-0.0196,0.0554,2.1068,-0.8884,57.6774,-24.9995,-68.5289
141253364,0.0032,-0.0002,-0.0018,-0.0098,0.0173,0.0128,-0.0123,-0.0011,0.0239,0.1011,0.0046,-0.0491,0.0554,1.7453,-0.8884,57.6776,-24.9991,-68.5346
141258364,0.0031,-0.0004,0.0012,-0.0024,0.0469,0.0112,-0.0086,-0.0043,0.0239,0.1011,-0.0127,-0.0036,0.0554,-0.7152,-0.7916,57.6780,-25.0454,-68.5357
141263364,0.0031,-0.0007,-0.0009,0.0037,0.0384,0.0108,-0.0075,-0.0047,0.0238,0.1011,-0.0128,0.0062,0.0554,-0.7152,-0.5494,57.6782,-25.0483,-68.5352
141268364,0.0033,-0.0007,-0.0015,0.0192,0.0118,0.0119,-0.0041,-0.0083,0.0237,0.1012,-0.0125,0.0232,0.0554,-0.7152,-0.4526,57.6785,-25.0526,-68.5351
141273365,0.0034,-0.0004,0.0000,0.0199,0.0060,0.0127,-0.0033,-0.0096,0.0237,0.1013,-0.0102,0.0252,0.0554,-0.7152,-0.3557,57.6787,-25.0554,-68.5358
141278364,0.0032,-0.0003,-0.0031,0.0208,0.0197,0.0111,-0.0020,-0.0098,0.0236,0.1015,-0.0128,0.0269,0.0554,-0.7152,-0.3073,57.6791,-25.0597,-68.5360
141283364,0.0031,-0.0005,-0.0018,0.0147,0.0307,0.0110,-0.0040,-0.0082,0.0236,0.1016,-0.0108,0.0222,0.0554,-0.7152,-0.2104,57.6793,-25.0626,-68.5356
141288364,0.0033,-0.0006,-0.0037,0.0116,0.0213,0.0113,-0.0051,-0.0070,0.0235,0.1017,-0.0122,0.0199,0.0554,-0.7152,-0.1620,57.6796,-25.0669,-68.5353
141293365,0.0033,-0.0004,-0.0034,0.0137,0.0032,0.0119,-0.0038,-0.0082,0.0234,0.1018,-0.0114,0.0227,0.0554,-0.7152,-0.1135,57.6799,-25.0697,-68.5353
141298364,0.0033,-0.0002,-0.0024,0.0064,0.0164,0.0118,-0.0051,-0.0073,0.0234,0.1019,-0.0105,0.0154,0.0554,-0.7152,-0.1135,57.6802,-25.0740,-68.5357
141303364,0.0032,-0.0001,0.0037,0.0009,0.0170,0.0130,-0.0065,-0.0072,0.0234,0.1019,-0.0040,0.0106,0.0554,-0.7152,-0.0651,57.6804,-25.0769,-68.5353
141308364,0.0032,-0.0004,0.0049,-0.0021,0.0057,0.0135,-0.0081,-0.0056,0.0234,0.1020,-0.0028,0.0076,0.0554,-0.7152,-0.0651,57.6807,-25.0812,-68.5355
141313365,0.0034,-0.0006,0.0031,-0.0003,-0.0029,0.0140,-0.0084,-0.0055,0.0233,0.1020,-0.0046,0.0094,0.0554,-0.7152,-0.0651,57.6810,-25.0840,-68.5359
141318365,0.0037,-0.0005,0.0055,0.0003,0.0011,0.0156,-0.0090,-0.0066,0.0233,0.1021,-0.0008,0.0095,0.0554,-0.6178,0.0000,57.6813,-25.0863,-68.5351
141323365,0.0036,-0.0007,0.0052,0.0034,0.0066,0.0153,-0.0091,-0.0064,0.0233,0.1021,-0.0002,0.0111,0.0554,-0.5204,0.0000,57.6815,-25.0866,-68.5351
141328364,0.0036,-0.0010,0.0006,0.0034,-0.0010,0.0141,-0.0093,-0.0048,0.0233,0.1022,-0.0036,0.0089,0.0554,-0.3744,0.0000,57.6818,-25.0864,-68.5351
141333364,0.0036,-0.0012,0.0031,0.0052,-0.0145,0.0152,-0.0101,-0.0046,0.0233,0.1022,-0.0007,0.0101,0.0554,-0.3257,0.0000,57.6821,-25.0868,-68.5351
141338365,0.0037,-0.0014,0.0031,0.0101,-0.0114,0.0157,-0.0101,-0.0052,0.0233,0.1023,0.0001,0.0135,0.0554,-0.2284,0.0000,57.6824,-25.0864,-68.5351
141343364,0.0036,-0.0014,0.0021,0.0107,-0.0023,0.0147,-0.0097,-0.0050,0.0233,0.1024,-0.0004,0.0134,0.0554,-0.1797,0.0000,57.6826,-25.0863,-68.5351
141348365,0.0034,-0.0014,-0.0003,0.0082,-0.0090,0.0136,-0.0097,-0.0036,0.0233,0.1024,-0.0024,0.0102,0.0554,-0.1310,0.0000,57.6830,-25.0863,-68.5351
141353364,0.0036,-0.0013,0.0031,0.0076,-0.0130,0.0153,-0.0103,-0.0045,0.0233,0.1025,0.0010,0.0096,0.0554,-0.1310,0.0000,57.6832,-25.0868,-68.5351
141358365,0.0038,-0.0013,0.0003,0.0064,-0.0056,0.0155,-0.0107,-0.0045,0.0233,0.1025,-0.0014,0.0076,0.0554,-0.0823,0.0000,57.6835,-25.0864,-68.5351
141363364,0.0039,-0.0012,-0.0009,0.0040,0.0042,0.0153,-0.0108,-0.0046,0.0233,0.1025,-0.0026,0.0052,0.0554,-0.0823,0.0000,57.6837,-25.0868,-68.5351
141368365,0.0037,-0.0012,0.0006,0.0021,0.0014,0.0151,-0.0113,-0.0039,0.0233,0.1025,-0.0003,0.0021,0.0554,0.0000,0.0000,57.6841,-25.0860,-68.5351
141373365,0.0036,-0.0013,-0.0003,-0.0027,-0.0090,0.0143,-0.0121,-0.0019,0.0233,0.1025,-0.0013,-0.0028,0.0554,0.0000,0.0000,57.6843,-25.0860,-68.5351
141378364,0.0037,-0.0015,0.0000,-0.0009,-0.0111,0.0150,-0.0128,-0.0018,0.0233,0.1025,-0.0010,-0.0009,0.0554,0.0000,0.0000,57.6846,-25.0860,-68.5351
141383364,0.0038,-0.0018,0.0034,-0.0003,-0.0032,0.0161,-0.0142,-0.0017,0.0233,0.1025,0.0024,-0.0003,0.0554,0.0000,0.0000,57.6848,-25.0860,-68.5351
141388364,0.0037,-0.0020,0.0031,0.0015,0.0017,0.0157,-0.0145,-0.0012,0.0233,0.1025,0.0021,0.0015,0.0554,0.0000,0.0000,57.6852,-25.0860,-68.5351
141393364,0.0037,-0.0022,0.0027,0.0037,-0.0117,0.0156,-0.0145,-0.0006,0.0233,0.1025,0.0018,0.0037,0.0554,0.0000,0.0000,57.6854,-25.0860,-68.5351
141398365,0.0039,-0.0024,0.0015,0.0064,-0.0093,0.0161,-0.0147,-0.0010,0.0233,0.1026,0.0006,0.0064,0.0554,0.0000,0.0000,57.6857,-25.0860,-68.5351
141403365,0.0040,-0.0026,0.0015,0.0058,-0.0038,0.0165,-0.0159,-0.0005,0.0233,0.1026,0.0006,0.0058,0.0554,0.0000,0.0000,57.6859,-25.0860,-68.5351
141408364,0.0039,-0.0028,-0.0009,0.0076,-0.0023,0.0155,-0.0157,0.0003,0.0233,0.1026,-0.0019,0.0076,0.0554,0.0000,0.0000,57.6863,-25.0860,-68.5351
141413365,0.0038,-0.0026,-0.0006,0.0076,-0.0117,0.0153,-0.0150,0.0001,0.0233,0.1027,-0.0016,0.0076,0.0554,0.0000,0.0000,57.6865,-25.0860,-68.5351
141418364,0.0040,-0.0025,0.0003,0.0076,-0.0203,0.0162,-0.0147,-0.0007,0.0233,0.1027,-0.0006,0.0076,0.0554,0.0000,0.0000,57.6868,-25.0860,-68.5351
141423364,0.0042,-0.0026,-0.0003,0.0058,-0.0151,0.0169,-0.0158,-0.0005,0.0233,0.1027,-0.0013,0.0058,0.0554,0.0000,0.0000,57.6870,-25.0860,-68.5351
141428365,0.0043,-0.0028,0.0000,0.0049,-0.0117,0.0172,-0.0170,0.0003,0.0233,0.1028,-0.0010,0.0049,0.0554,0.0000,0.0000,57.6874,-25.0860,-68.5351
141433364,0.0043,-0.0030,-0.0003,0.0037,-0.0154,0.0173,-0.0181,0.0014,0.0233,0.1028,-0.0013,0.0037,0.0554,0.0000,0.0000,57.6876,-25.0860,-68.5351
141438364,0.0042,-0.0032,0.0012,0.0037,-0.0194,0.0172,-0.0185,0.0500,0.0233,0.1028,0.0003,0.0037,0.0554,0.0000,0.0000,57.6879,-25.0860,-68.5351
141443365,0.0043,-0.0030,0.0012,0.0034,-0.0145,0.0175,-0.0184,0.0500,0.0233,0.1028,0.0003,0.0034,0.0554,0.0000,0.0000,57.6882,-25.0860,-68.5351
141448364,0.0041,-0.0031,0.0018,0.0009,-0.0111,0.0170,-0.0188,0.0500,0.0233,0.1028,0.0009,0.0009,0.0554,0.0000,0.0000,57.6885,-25.0860,-68.5351
141453364,0.0042,-0.0030,-0.0003,-0.0006,-0.0090,0.0166,-0.0185,0.0500,0.0233,0.1028,-0.0013,-0.0006,0.0554,0.0000,0.0000,57.6887,-25.0860,-68.5351
141458364,0.0043,-0.0028,-0.0003,0.0043,-0.0016,0.0171,-0.0174,-0.0200,0.0233,0.1028,-0.0013,0.0043,0.0554,0.0000,0.0000,57.6890,-25.0860,-68.5351
141463364,0.0043,-0.0030,0.0015,0.0082,-0.0035,0.0177,-0.0176,-0.0200,0.0233,0.1029,0.0006,0.0082,0.0554,0.0000,1.6724,57.6893,-25.0860,-68.4984
141468365,0.0043,-0.0032,0.0031,0.0116,-0.0114,0.0194,-0.0166,-0.0500,0.0233,0.1031,0.0165,0.0365,0.0554,0.0000,1.6724,57.6896,-25.0860,-68.4923
141473365,0.0045,-0.0030,-0.0024,0.0156,-0.0032,0.0173,-0.0158,-0.0500,0.0233,0.1031,-0.0034,0.0156,0.0554,0.0000,2.0046,57.6898,-25.0860,-68.4749
141478365,0.0044,-0.0032,0.0006,0.0156,0.0075,0.0175,-0.0166,-0.0500,0.0233,0.1032,-0.0003,0.0156,0.0554,0.0000,2.8907,57.6901,-25.0860,-68.4477
141483364,0.0043,-0.0030,-0.0009,0.0122,0.0332,0.0167,-0.0167,-0.0500,0.0233,0.1033,-0.0019,0.0122,0.0554,0.0000,2.8907,57.6904,-25.0860,-68.4292
141488365,0.0042,-0.0031,0.0049,0.0232,0.0344,0.0177,-0.0151,0.0200,0.0233,0.1034,0.0039,0.0232,0.0554,0.0000,2.8907,57.6907,-25.0860,-68.4187
141493364,0.0043,-0.0032,0.0086,0.0192,0.0130,0.0192,-0.0169,0.0200,0.0234,0.1035,0.0076,0.0192,0.0554,0.0000,2.4025,57.6909,-25.0860,-68.4110
141498364,0.0044,-0.0030,0.0055,0.0235,0.0182,0.0201,-0.0136,-0.0072,0.0235,0.1038,0.0218,0.0535,0.0554,0.0000,2.0119,57.6913,-25.0860,-68.4108
141503365,0.0046,-0.0028,0.0000,0.0174,0.0310,0.0176,-0.0156,-0.0032,0.0235,0.1038,-0.0038,0.0125,0.0554,0.0000,-0.3323,57.6915,-25.0860,-68.4534
141508364,0.0047,-0.0026,0.0034,0.0046,0.0237,0.0189,-0.0184,-0.0015,0.0235,0.1038,-0.0005,-0.0004,0.0554,0.0000,-0.3323,57.6918,-25.0860,-68.4546
141513364,0.0047,-0.0025,-0.0046,-0.0027,0.0167,0.0167,-0.0183,0.0009,0.0234,0.1038,-0.0148,-0.0077,0.4297,0.0000,-0.3323,57.6997,-25.0860,-68.4567
141518365,0.0047,-0.0028,-0.0086,-0.0104,0.0158,0.0148,-0.0201,0.0500,0.0232,0.1037,-0.0308,-0.0154,1.1250,0.0000,-0.3323,57.7197,-25.0860,-68.4579
141523365,0.0049,-0.0030,-0.0070,-0.0101,0.0313,0.0159,-0.0213,0.0500,0.0231,0.1037,-0.0264,-0.0101,1.1250,0.0000,-0.3323,57.7242,-25.0860,-68.4600
141528364,0.0049,-0.0033,-0.0037,0.0034,0.0466,0.0168,-0.0199,0.0500,0.0230,0.1037,-0.0231,0.0033,1.1250,0.0000,-0.3323,57.7309,-25.0860,-68.4612
141533365,0.0049,-0.0035,-0.0116,0.0070,0.0051,0.0151,-0.0183,0.0500,0.0228,0.1037,-0.0310,0.0070,1.1250,0.0000,-0.3323,57.7355,-25.0860,-68.4634
141538365,0.0049,-0.0033,-0.0104,0.0119,0.0258,0.0154,-0.0172,-0.0200,0.0227,0.1038,-0.0298,0.0119,1.1250,0.0000,-0.3323,57.7422,-25.0860,-68.4646
141543364,0.0049,-0.0035,-0.0101,0.0131,0.0362,0.0152,-0.0177,-0.0200,0.0225,0.1038,-0.0295,0.0131,1.1250,0.0000,0.3323,57.7467,-25.0860,-68.4518
141548364,0.0048,-0.0037,-0.0119,0.0089,0.0307,0.0148,-0.0186,0.0026,0.0224,0.1039,-0.0244,0.0138,0.8899,0.0000,0.3323,57.7483,-25.0860,-68.4506
141553365,0.0045,-0.0038,-0.0122,0.0055,0.0304,0.0140,-0.0192,0.0040,0.0223,0.1039,-0.0223,0.0104,0.7488,0.0000,0.3323,57.7487,-25.0860,-68.4484
141558365,0.0045,-0.0036,-0.0101,0.0064,0.0646,0.0140,-0.0191,0.0026,0.0222,0.1040,-0.0169,0.0113,0.5608,0.0000,0.3323,57.7488,-25.0860,-68.4472
141563364,0.0044,-0.0037,-0.0006,0.0272,0.1089,0.0169,-0.0156,-0.0500,0.0223,0.1043,0.0080,0.0561,0.4667,0.0000,1.9434,57.7489,-25.0860,-68.4075
141568364,0.0045,-0.0038,0.0040,0.0330,0.0933,0.0173,-0.0165,-0.0500,0.0222,0.1045,-0.0016,0.0330,0.3257,0.0000,1.9434,57.7485,-25.0860,-68.4004
141573364,0.0044,-0.0038,0.0128,0.0519,0.0842,0.0195,-0.0131,-0.0500,0.0223,0.1047,0.0080,0.0519,0.2786,0.0000,1.9434,57.7487,-25.0860,-68.3880
141578365,0.0046,-0.0036,0.0153,0.0742,0.1022,0.0209,-0.0088,-0.0500,0.0223,0.1051,0.0121,0.0742,0.1846,0.0000,1.9434,57.7483,-25.0860,-68.3810
141583364,0.0049,-0.0032,0.0205,0.0696,0.0668,0.0239,-0.0092,0.0200,0.0224,0.1054,0.0173,0.0696,0.1846,0.0000,1.4860,57.7490,-25.0860,-68.3782
141588364,0.0051,-0.0029,0.0122,0.0452,0.0420,0.0229,-0.0123,0.0200,0.0225,0.1057,0.0098,0.0452,0.1376,0.0000,0.0701,57.7489,-25.0860,-68.4036
141593365,0.0052,-0.0026,0.0058,0.0241,0.0600,0.0214,-0.0159,-0.0078,0.0225,0.1058,0.0021,0.0205,0.0906,0.0000,-0.2441,57.7484,-25.0860,-68.4119
141598365,0.0054,-0.0025,-0.0009,0.0049,0.1004,0.0199,-0.0197,-0.0040,0.0225,0.1058,-0.0046,0.0013,0.0906,0.0000,-0.2441,57.7489,-25.0860,-68.4127
141603364,0.0055,-0.0024,-0.0046,-0.0089,0.0866,0.0186,-0.0234,0.0015,0.0224,0.1056,-0.0227,-0.0389,0.0435,0.0000,-2.0163,57.7482,-25.0860,-68.4558
141608365,0.0056,-0.0028,-0.0137,-0.0174,0.0487,0.0170,-0.0248,0.0500,0.0222,0.1053,-0.0318,-0.0474,0.0435,0.0000,-2.0163,57.7485,-25.0860,-68.4627
141613364,0.0056,-0.0031,-0.0150,-0.0137,0.0387,0.0182,-0.0236,0.0500,0.0221,0.1053,-0.0157,-0.0137,0.0435,0.0000,-2.0163,57.7487,-25.0860,-68.4760
141618364,0.0057,-0.0033,-0.0128,-0.0012,0.0420,0.0189,-0.0221,0.0500,0.0221,0.1053,-0.0136,-0.0012,0.0435,0.0000,-2.0163,57.7489,-25.0860,-68.4828
141623364,0.0058,-0.0033,-0.0208,-0.0101,0.0084,0.0178,-0.0228,0.0500,0.0220,0.1052,-0.0208,-0.0101,0.0000,0.0000,-2.0163,57.7481,-25.0860,-68.4962
141628365,0.0057,-0.0033,-0.0403,-0.0257,0.0182,0.0125,-0.0238,-0.0200,0.0217,0.1051,-0.0403,-0.0257,0.0000,0.0000,-1.8072,57.7481,-25.0860,-68.4986
141633365,0.0055,-0.0033,-0.0308,-0.0180,0.0399,0.0138,-0.0231,-0.0200,0.0216,0.1050,-0.0308,-0.0180,0.0000,0.0000,-1.2846,57.7481,-25.0860,-68.4983
141638365,0.0053,-0.0036,-0.0302,-0.0082,0.0316,0.0126,-0.0223,0.0085,0.0214,0.1049,-0.0395,-0.0243,0.0000,0.0000,-1.0756,57.7481,-25.0860,-68.4980
141643365,0.0051,-0.0038,-0.0205,0.0092,0.0228,0.0151,-0.0193,0.0034,0.0213,0.1049,-0.0217,0.0069,0.0000,0.0000,-0.1497,57.7481,-25.0860,-68.4853
141648364,0.0051,-0.0039,-0.0067,0.0351,0.0347,0.0191,-0.0148,-0.0500,0.0213,0.1052,0.0042,0.0541,0.0000,0.0000,1.2737,57.7481,-25.0860,-68.4548
141653364,0.0050,-0.0038,0.0095,0.0431,0.0261,0.0220,-0.0152,-0.0500,0.0214,0.1054,0.0095,0.0431,0.0000,0.0000,1.3845,57.7481,-25.0860,-68.4433
141658365,0.0050,-0.0035,0.0082,0.0397,0.0042,0.0219,-0.0144,-0.0500,0.0214,0.1056,0.0082,0.0397,0.0000,0.0000,1.3845,57.7481,-25.0860,-68.4388
141663364,0.0050,-0.0032,0.0040,0.0299,0.0084,0.0208,-0.0151,-0.0500,0.0214,0.1057,0.0040,0.0299,0.0000,0.0000,1.3845,57.7481,-25.0860,-68.4294
141668365,0.0051,-0.0029,0.0110,0.0195,0.0396,0.0226,-0.0180,0.0200,0.0215,0.1058,0.0110,0.0195,0.0000,0.0000,1.3845,57.7481,-25.0860,-68.4249
141673365,0.0052,-0.0031,0.0037,0.0128,0.0408,0.0213,-0.0194,0.0200,0.0215,0.1059,0.0029,0.0128,0.0470,0.0000,1.3845,57.7492,-25.0860,-68.4156
141678365,0.0053,-0.0033,0.0009,0.0089,0.0179,0.0216,-0.0200,-0.0023,0.0215,0.1060,0.0063,0.0196,0.0470,0.0000,0.7199,57.7494,-25.0860,-68.4248
141683364,0.0055,-0.0032,0.0009,0.0140,0.0295,0.0214,-0.0200,-0.0025,0.0215,0.1060,-0.0056,0.0042,0.0470,0.0000,-0.6646,57.7497,-25.0860,-68.4548
141688364,0.0057,-0.0033,-0.0055,0.0107,0.0390,0.0204,-0.0206,-0.0013,0.0214,0.1060,-0.0120,0.0008,0.0470,0.0000,-0.6646,57.7499,-25.0860,-68.4569
141693364,0.0058,-0.0032,-0.0125,0.0086,0.0365,0.0193,-0.0204,-0.0004,0.0213,0.1060,-0.0190,-0.0013,0.0470,0.0000,-0.6646,57.7502,-25.0860,-68.4614
141698365,0.0059,-0.0034,-0.0150,0.0174,0.0261,0.0191,-0.0186,-0.0015,0.0212,0.1061,-0.0215,0.0075,0.0470,0.0000,-0.6646,57.7504,-25.0860,-68.4636
141703365,0.0060,-0.0035,-0.0199,0.0147,0.0011,0.0184,-0.0189,0.0004,0.0211,0.1061,-0.0264,0.0048,0.0470,0.0000,-0.6646,57.7507,-25.0860,-68.4674
141708365,0.0060,-0.0034,-0.0254,0.0140,-0.0068,0.0173,-0.0178,0.0007,0.0209,0.1061,-0.0319,0.0042,0.0470,0.0000,-0.6646,57.7508,-25.0860,-68.4714
141713364,0.0060,-0.0033,-0.0330,0.0119,0.0078,0.0154,-0.0172,0.0015,0.0207,0.1061,-0.0395,0.0020,0.0470,0.0000,-0.6646,57.7511,-25.0860,-68.4740
141718364,0.0058,-0.0031,-0.0305,0.0089,-0.0108,0.0154,-0.0170,0.0019,0.0206,0.1061,-0.0371,-0.0010,0.0470,0.0000,-0.6646,57.7513,-25.0860,-68.4780
141723365,0.0056,-0.0032,-0.0254,0.0067,-0.0215,0.0158,-0.0178,0.0500,0.0204,0.1061,-0.0319,-0.0032,0.0470,0.0000,-0.6646,57.7516,-25.0860,-68.4807
141728364,0.0053,-0.0033,-0.0171,0.0125,-0.0102,0.0172,-0.0170,0.0500,0.0203,0.1061,-0.0179,0.0125,0.0470,0.0000,-0.6646,57.7518,-25.0860,-68.4847
141733364,0.0052,-0.0034,-0.0061,0.0177,0.0087,0.0193,-0.0177,0.0500,0.0203,0.1062,-0.0069,0.0177,0.0470,0.0000,-0.6646,57.7521,-25.0860,-68.4873
141738364,0.0051,-0.0035,-0.0052,0.0177,0.0005,0.0191,-0.0180,0.0500,0.0202,0.1063,-0.0060,0.0177,0.0470,0.0000,-0.6646,57.7523,-25.0860,-68.4913
141743364,0.0050,-0.0036,-0.0024,0.0183,-0.0142,0.0194,-0.0179,-0.0200,0.0202,0.1064,-0.0033,0.0183,0.0470,0.0000,-0.6646,57.7525,-25.0860,-68.4940
141748364,0.0052,-0.0035,0.0006,0.0202,-0.0071,0.0209,-0.0179,-0.0200,0.0202,0.1065,-0.0002,0.0202,0.0470,0.0000,0.1108,57.7527,-25.0860,-68.4818
141753364,0.0052,-0.0036,0.0031,0.0226,0.0112,0.0224,-0.0175,-0.0500,0.0203,0.1067,0.0151,0.0449,0.0470,0.0000,1.4953,57.7530,-25.0860,-68.4504
141758364,0.0054,-0.0036,-0.0015,0.0192,0.0155,0.0211,-0.0193,-0.0500,0.0203,0.1068,-0.0023,0.0192,0.0470,0.0000,1.4953,57.7532,-25.0860,-68.4414
141763365,0.0055,-0.0034,-0.0021,0.0202,0.0069,0.0215,-0.0183,-0.0500,0.0203,0.1069,-0.0029,0.0202,0.0470,0.0000,1.4953,57.7535,-25.0860,-68.4355
141768365,0.0056,-0.0032,-0.0037,0.0186,0.0136,0.0213,-0.0179,-0.0500,0.0202,0.1070,-0.0045,0.0186,0.0470,0.0000,1.4953,57.7537,-25.0860,-68.4265
141773365,0.0057,-0.0033,-0.0076,0.0177,0.0234,0.0206,-0.0184,0.0200,0.0202,0.1071,-0.0084,0.0177,0.0470,0.0000,1.4953,57.7540,-25.0860,-68.4205
141778365,0.0059,-0.0032,-0.0079,0.0177,0.0323,0.0212,-0.0186,0.0200,0.0202,0.1072,-0.0088,0.0177,0.0470,0.0000,1.4953,57.7542,-25.0860,-68.4115
141783365,0.0061,-0.0032,-0.0086,0.0199,0.0228,0.0227,-0.0174,-0.0062,0.0202,0.1074,0.0014,0.0385,0.0470,0.0000,1.2511,57.7544,-25.0860,-68.4109
141788364,0.0061,-0.0034,-0.0116,0.0189,0.0066,0.0210,-0.0190,-0.0022,0.0201,0.1074,-0.0200,0.0058,0.0470,0.0000,-0.8861,57.7546,-25.0860,-68.4531
141793365,0.0062,-0.0032,-0.0131,0.0177,0.0090,0.0209,-0.0187,-0.0026,0.0200,0.1075,-0.0216,0.0045,0.0470,0.0000,-0.8861,57.7549,-25.0860,-68.4566
141798365,0.0064,-0.0030,-0.0110,0.0205,0.0185,0.0220,-0.0183,-0.0044,0.0199,0.1075,-0.0194,0.0073,0.0470,0.0000,-0.8861,57.7551,-25.0860,-68.4619
141803365,0.0064,-0.0032,-0.0082,0.0238,0.0063,0.0229,-0.0183,-0.0048,0.0198,0.1075,-0.0167,0.0106,0.0470,0.0000,-0.8861,57.7554,-25.0860,-68.4655
141808365,0.0066,-0.0032,-0.0140,0.0171,-0.0307,0.0225,-0.0188,-0.0026,0.0197,0.1076,-0.0225,0.0039,0.0470,0.0000,-0.8861,57.7556,-25.0860,-68.4708
141813364,0.0065,-0.0030,-0.0199,0.0040,-0.0123,0.0208,-0.0206,0.0003,0.0195,0.1075,-0.0283,-0.0092,0.0470,0.0000,-0.8861,57.7559,-25.0860,-68.4743
141818364,0.0066,-0.0029,-0.0205,-0.0015,-0.0130,0.0208,-0.0214,0.0012,0.0194,0.1074,-0.0289,-0.0147,0.0470,0.0000,-0.8861,57.7560,-25.0860,-68.4797
141823364,0.0064,-0.0032,-0.0244,-0.0049,-0.0239,0.0191,-0.0220,0.0500,0.0192,0.1074,-0.0329,-0.0181,0.0470,0.0000,-0.8861,57.7563,-25.0860,-68.4832
141828364,0.0062,-0.0034,-0.0229,-0.0024,-0.0252,0.0195,-0.0216,0.0500,0.0191,0.1073,-0.0237,-0.0024,0.0470,0.0000,-0.8861,57.7565,-25.0860,-68.4885
141833365,0.0061,-0.0036,-0.0192,0.0031,-0.0071,0.0195,-0.0216,0.0500,0.0190,0.1074,-0.0201,0.0031,0.0470,0.0000,-0.8861,57.7568,-25.0860,-68.4921
141838365,0.0059,-0.0038,-0.0183,0.0082,0.0090,0.0190,-0.0213,0.0500,0.0189,0.1074,-0.0191,0.0082,0.0470,0.0000,-0.8861,57.7570,-25.0860,-68.4974
141843364,0.0057,-0.0039,-0.0165,0.0150,0.0109,0.0186,-0.0199,-0.0200,0.0188,0.1075,-0.0173,0.0150,0.0470,0.0000,-0.7816,57.7573,-25.0860,-68.4987
141848365,0.0056,-0.0040,-0.0110,0.0254,0.0072,0.0196,-0.0185,-0.0200,0.0188,0.1076,-0.0118,0.0253,0.0470,0.0000,0.1108,57.7575,-25.0860,-68.4846
141853364,0.0056,-0.0041,-0.0067,0.0315,0.0093,0.0215,-0.0169,-0.0500,0.0188,0.1079,0.0063,0.0554,0.0470,0.0000,1.6060,57.7577,-25.0860,-68.4509
141858365,0.0055,-0.0042,-0.0058,0.0321,0.0338,0.0201,-0.0184,-0.0500,0.0188,0.1080,-0.0066,0.0321,0.0470,0.0000,1.6060,57.7579,-25.0860,-68.4413
141863364,0.0055,-0.0039,-0.0052,0.0315,0.0295,0.0205,-0.0177,-0.0500,0.0187,0.1082,-0.0060,0.0315,0.0470,0.0000,1.6060,57.7582,-25.0860,-68.4349
141868365,0.0054,-0.0038,-0.0086,0.0272,0.0228,0.0190,-0.0171,-0.0500,0.0187,0.1083,-0.0094,0.0272,0.0470,0.0000,1.6060,57.7584,-25.0860,-68.4252
141873364,0.0054,-0.0035,-0.0098,0.0217,0.0268,0.0188,-0.0175,0.0200,0.0186,0.1084,-0.0106,0.0217,0.0470,0.0000,1.6060,57.7587,-25.0860,-68.4188
141878364,0.0056,-0.0034,-0.0107,0.0186,0.0463,0.0190,-0.0181,0.0200,0.0186,0.1085,-0.0115,0.0186,0.0470,0.0000,1.5084,57.7589,-25.0860,-68.4112
141883365,0.0057,-0.0035,-0.0092,0.0189,0.0524,0.0207,-0.0180,-0.0047,0.0186,0.1087,0.0009,0.0377,0.0470,0.0000,1.2643,57.7592,-25.0860,-68.4105
141888364,0.0058,-0.0033,-0.0131,0.0171,0.0289,0.0188,-0.0184,-0.0014,0.0185,0.1087,-0.0220,0.0031,0.0470,0.0000,-0.9415,57.7593,-25.0860,-68.4529
141893364,0.0058,-0.0030,-0.0153,0.0156,0.0170,0.0185,-0.0177,-0.0014,0.0183,0.1087,-0.0242,0.0016,0.0470,0.0000,-0.9415,57.7596,-25.0860,-68.4567
141898365,0.0059,-0.0029,-0.0144,0.0168,0.0246,0.0191,-0.0173,-0.0027,0.0182,0.1088,-0.0233,0.0028,0.0470,0.0000,-0.9415,57.7598,-25.0860,-68.4623
141903365,0.0059,-0.0031,-0.0131,0.0101,-0.0029,0.0199,-0.0194,-0.0004,0.0181,0.1087,-0.0220,-0.0039,0.0470,0.0000,-0.9415,57.7601,-25.0860,-68.4661
141908365,0.0060,-0.0029,-0.0220,0.0064,-0.0114,0.0179,-0.0185,0.0011,0.0180,0.1087,-0.0309,-0.0076,0.0470,0.0000,-0.9415,57.7603,-25.0860,-68.4717
141913365,0.0059,-0.0028,-0.0235,0.0006,0.0020,0.0172,-0.0192,0.0019,0.0178,0.1086,-0.0324,-0.0134,0.0470,0.0000,-0.9415,57.7606,-25.0860,-68.4755
141918365,0.0058,-0.0031,-0.0247,-0.0061,0.0051,0.0165,-0.0214,0.0500,0.0176,0.1085,-0.0336,-0.0201,0.0470,0.0000,-0.9415,57.7608,-25.0860,-68.4811
141923364,0.0057,-0.0034,-0.0269,-0.0061,0.0020,0.0159,-0.0210,0.0500,0.0175,0.1085,-0.0277,-0.0061,0.0470,0.0000,-0.9415,57.7610,-25.0860,-68.4849
141928365,0.0055,-0.0036,-0.0269,-0.0018,0.0014,0.0152,-0.0206,0.0500,0.0174,0.1085,-0.0277,-0.0018,0.0470,0.0000,-0.9415,57.7612,-25.0860,-68.4906
141933364,0.0053,-0.0038,-0.0235,0.0076,0.0151,0.0150,-0.0194,0.0500,0.0172,0.1085,-0.0243,0.0076,0.0470,0.0000,-0.9415,57.7615,-25.0860,-68.4943
141938364,0.0051,-0.0040,-0.0180,0.0150,0.0329,0.0154,-0.0189,-0.0200,0.0171,0.1086,-0.0188,0.0150,0.0470,0.0000,-0.8892,57.7617,-25.0860,-68.4989
141943365,0.0050,-0.0041,-0.0153,0.0238,0.0265,0.0158,-0.0174,-0.0200,0.0171,0.1087,-0.0161,0.0238,0.0470,0.0000,-0.1232,57.7620,-25.0860,-68.4863
141948364,0.0048,-0.0040,-0.0128,0.0269,0.0280,0.0165,-0.0152,-0.0500,0.0171,0.1090,-0.0008,0.0491,0.0470,0.0000,1.4953,57.7622,-25.0860,-68.4482
141953364,0.0046,-0.0040,-0.0119,0.0321,0.0436,0.0147,-0.0150,-0.0500,0.0170,0.1091,-0.0127,0.0321,0.0470,0.0000,1.4953,57.7625,-25.0860,-68.4423
141958364,0.0046,-0.0037,-0.0086,0.0281,0.0405,0.0156,-0.0153,-0.0500,0.0169,0.1093,-0.0094,0.0281,0.0470,0.0000,1.4953,57.7626,-25.0860,-68.4333
141963364,0.0043,-0.0036,-0.0113,0.0254,0.0344,0.0141,-0.0146,-0.0500,0.0169,0.1094,-0.0121,0.0253,0.0470,0.0000,1.4953,57.7629,-25.0860,-68.4273
141968365,0.0043,-0.0034,-0.0125,0.0174,0.0268,0.0136,-0.0152,0.0200,0.0168,0.1095,-0.0133,0.0174,0.0470,0.0000,1.4953,57.7631,-25.0860,-68.4183
141973364,0.0043,-0.0032,-0.0174,0.0159,0.0384,0.0123,-0.0144,0.0200,0.0167,0.1096,-0.0182,0.0159,0.0470,0.0000,1.4953,57.7634,-25.0860,-68.4124
141978364,0.0044,-0.0033,-0.0131,0.0174,0.0436,0.0143,-0.0145,-0.0015,0.0167,0.1097,-0.0040,0.0346,0.0470,0.0000,1.1535,57.7636,-25.0860,-68.4111
141983364,0.0044,-0.0031,-0.0162,0.0134,0.0255,0.0131,-0.0154,0.0014,0.0166,0.1098,-0.0208,0.0068,0.0470,0.0000,-0.4430,57.7639,-25.0860,-68.4412
141988365,0.0045,-0.0030,-0.0150,0.0134,0.0121,0.0134,-0.0153,0.0014,0.0165,0.1098,-0.0243,-0.0014,0.0470,0.0000,-0.9968,57.7641,-25.0860,-68.4579
141993364,0.0046,-0.0029,-0.0165,0.0153,0.0097,0.0135,-0.0145,0.0006,0.0164,0.1098,-0.0259,0.0004,0.0470,0.0000,-0.9968,57.7644,-25.0860,-68.4619
141998365,0.0046,-0.0031,-0.0189,0.0082,-0.0181,0.0131,-0.0161,0.0500,0.0162,0.1097,-0.0283,-0.0066,0.0470,0.0000,-0.9968,57.7645,-25.0860,-68.4679
142003365,0.0046,-0.0030,-0.0226,0.0064,-0.0212,0.0131,-0.0150,0.0500,0.0161,0.1098,-0.0234,0.0064,0.0470,0.0000,-0.9968,57.7648,-25.0860,-68.4718
142008365,0.0046,-0.0028,-0.0257,0.0015,-0.0099,0.0120,-0.0152,0.0500,0.0160,0.1098,-0.0265,0.0015,0.0470,0.0000,-0.9968,57.7650,-25.0860,-68.4778
142013365,0.0044,-0.0031,-0.0260,-0.0076,-0.0102,0.0113,-0.0179,0.0500,0.0158,0.1097,-0.0268,-0.0076,0.0470,0.0000,-0.9968,57.7653,-25.0860,-68.4818
142018364,0.0042,-0.0033,-0.0290,-0.0049,-0.0041,0.0095,-0.0173,-0.0200,0.0157,0.1097,-0.0298,-0.0049,0.0470,0.0000,-0.9968,57.7655,-25.0860,-68.4878
142023365,0.0040,-0.0036,-0.0244,0.0067,0.0072,0.0099,-0.0159,-0.0200,0.0156,0.1097,-0.0252,0.0067,0.0470,0.0000,-0.9968,57.7658,-25.0860,-68.4918
142028365,0.0039,-0.0037,-0.0189,0.0174,0.0023,0.0115,-0.0139,0.0024,0.0155,0.1099,-0.0112,0.0323,0.0470,0.0000,0.9968,57.7660,-25.0860,-68.4513
142033365,0.0037,-0.0038,-0.0137,0.0299,-0.0026,0.0122,-0.0117,-0.0004,0.0155,0.1101,-0.0060,0.0448,0.0470,0.0000,0.9968,57.7662,-25.0860,-68.4473
142038364,0.0038,-0.0035,-0.0144,0.0324,0.0005,0.0121,-0.0102,-0.0020,0.0154,0.1104,-0.0066,0.0472,0.0470,0.0000,0.9968,57.7664,-25.0860,-68.4413
142043365,0.0037,-0.0032,-0.0116,0.0250,0.0210,0.0124,-0.0114,-0.0018,0.0154,0.1106,-0.0039,0.0399,0.0470,0.0000,0.9968,57.7667,-25.0860,-68.4373
142048365,0.0037,-0.0030,-0.0183,0.0199,0.0194,0.0108,-0.0104,-0.0011,0.0154,0.1108,-0.0068,0.0412,0.0470,0.0000,1.4362,57.7669,-25.0860,-68.4223
142053364,0.0035,-0.0028,-0.0214,0.0162,0.0148,0.0098,-0.0094,-0.0009,0.0154,0.1110,-0.0057,0.0448,0.0470,0.0000,1.9245,57.7672,-25.0860,-68.4052
142058365,0.0034,-0.0026,-0.0171,0.0195,0.0255,0.0103,-0.0083,-0.0500,0.0153,0.1112,-0.0014,0.0482,0.0470,0.0000,1.9245,57.7674,-25.0860,-68.3937
142063365,0.0033,-0.0027,-0.0165,0.0214,0.0216,0.0087,-0.0095,-0.0500,0.0153,0.1113,-0.0173,0.0214,0.0470,0.0000,1.9245,57.7677,-25.0860,-68.3860
142068365,0.0033,-0.0025,-0.0195,0.0144,0.0066,0.0081,-0.0097,-0.0500,0.0152,0.1114,-0.0204,0.0144,0.0470,0.0000,1.9245,57.7678,-25.0860,-68.3744
142073364,0.0032,-0.0023,-0.0162,0.0189,0.0151,0.0085,-0.0083,-0.0500,0.0151,0.1115,-0.0170,0.0189,0.0470,0.0000,1.5574,57.7681,-25.0860,-68.3748
142078364,0.0032,-0.0024,-0.0180,0.0150,0.0194,0.0080,-0.0096,0.0200,0.0150,0.1116,-0.0188,0.0150,0.0470,0.0000,1.1379,57.7683,-25.0860,-68.3751
142083364,0.0031,-0.0022,-0.0195,0.0098,0.0127,0.0075,-0.0097,0.0200,0.0149,0.1116,-0.0204,0.0098,0.0470,0.0000,-0.3418,57.7686,-25.0860,-68.4025
142088364,0.0030,-0.0024,-0.0223,0.0125,0.0069,0.0057,-0.0094,0.0500,0.0147,0.1116,-0.0294,0.0016,0.0470,0.0000,-0.7324,57.7688,-25.0860,-68.4145
142093364,0.0030,-0.0026,-0.0165,0.0116,0.0048,0.0078,-0.0105,0.0500,0.0146,0.1117,-0.0173,0.0116,0.0470,0.0000,-0.7324,57.7691,-25.0860,-68.4174
142098364,0.0028,-0.0025,-0.0199,0.0125,0.0032,0.0060,-0.0090,0.0500,0.0145,0.1118,-0.0207,0.0125,0.0470,0.0000,-2.1722,57.7693,-25.0860,-68.4543
142103365,0.0028,-0.0023,-0.0214,0.0101,-0.0068,0.0057,-0.0085,0.0500,0.0144,0.1118,-0.0222,0.0101,0.0470,0.0000,-2.1722,57.7695,-25.0860,-68.4630
142108364,0.0026,-0.0021,-0.0202,0.0159,-0.0026,0.0054,-0.0065,-0.0200,0.0143,0.1119,-0.0210,0.0159,0.0470,0.0000,-2.1722,57.7697,-25.0860,-68.4761
142113365,0.0025,-0.0023,-0.0177,0.0137,-0.0013,0.0056,-0.0077,-0.0200,0.0142,0.1120,-0.0185,0.0137,0.0470,0.0000,-1.3415,57.7700,-25.0860,-68.4674
142118364,0.0022,-0.0023,-0.0214,0.0125,-0.0102,0.0034,-0.0070,0.0040,0.0141,0.1120,-0.0256,0.0066,0.0470,0.0000,-0.4001,57.7702,-25.0860,-68.4521
142123364,0.0020,-0.0024,-0.0199,0.0180,-0.0016,0.0030,-0.0061,0.0032,0.0140,0.1121,-0.0232,0.0137,0.0470,0.0000,-0.2893,57.7705,-25.0860,-68.4513
142128364,0.0019,-0.0026,-0.0168,0.0159,0.0002,0.0034,-0.0074,0.0040,0.0139,0.1121,-0.0196,0.0124,0.0470,0.0000,-0.2339,57.7707,-25.0860,-68.4518
142133364,0.0017,-0.0025,-0.0186,0.0144,-0.0029,0.0025,-0.0061,0.0037,0.0138,0.1122,-0.0140,0.0238,0.0470,0.0000,0.6347,57.7710,-25.0860,-68.4343
142138365,0.0016,-0.0023,-0.0156,0.0140,0.0045,0.0036,-0.0050,0.0013,0.0138,0.1124,-0.0017,0.0395,0.0470,0.0000,1.7088,57.7711,-25.0860,-68.4041
142143365,0.0015,-0.0024,-0.0153,0.0125,0.0060,0.0030,-0.0057,0.0024,0.0138,0.1126,-0.0014,0.0380,0.0470,0.0000,1.7088,57.7714,-25.0860,-68.3973
142148364,0.0014,-0.0026,-0.0199,0.0107,0.0103,0.0017,-0.0062,0.0041,0.0138,0.1128,-0.0060,0.0362,0.0470,0.0000,1.7088,57.7716,-25.0860,-68.3870
142153365,0.0014,-0.0024,-0.0150,0.0131,0.0155,0.0026,-0.0055,0.0024,0.0138,0.1130,-0.0011,0.0386,0.0470,0.0000,1.7088,57.7719,-25.0860,-68.3802
142158365,0.0013,-0.0026,-0.0137,0.0177,0.0179,0.0023,-0.0052,0.0022,0.0138,0.1132,-0.0017,0.0401,0.0470,0.0000,1.4991,57.7721,-25.0860,-68.3744
142163364,0.0013,-0.0024,-0.0174,0.0162,0.0063,0.0014,-0.0044,0.0028,0.0137,0.1134,-0.0076,0.0346,0.0470,0.0000,1.2369,57.7724,-25.0860,-68.3743
142168365,0.0011,-0.0022,-0.0162,0.0174,0.0112,0.0007,-0.0036,0.0025,0.0137,0.1135,-0.0095,0.0304,0.0470,0.0000,0.8698,57.7726,-25.0860,-68.3753
142173365,0.0012,-0.0021,-0.0156,0.0189,0.0182,0.0012,-0.0034,0.0015,0.0136,0.1137,-0.0103,0.0296,0.0470,0.0000,0.7125,57.7728,-25.0860,-68.3752
142178365,0.0011,-0.0019,-0.0150,0.0168,0.0112,0.0006,-0.0030,0.0019,0.0136,0.1138,-0.0110,0.0251,0.0470,0.0000,0.5552,57.7730,-25.0860,-68.3746
142183365,0.0008,-0.0019,-0.0174,0.0089,0.0081,-0.0010,-0.0038,0.0044,0.0135,0.1139,-0.0143,0.0156,0.0470,0.0000,0.4503,57.7733,-25.0860,-68.3747
142188365,0.0008,-0.0017,-0.0171,0.0086,0.0161,-0.0012,-0.0033,0.0039,0.0134,0.1139,-0.0149,0.0137,0.0470,0.0000,0.3454,57.7735,-25.0860,-68.3745
142193364,0.0007,-0.0019,-0.0162,0.0095,0.0179,-0.0014,-0.0038,0.0046,0.0133,0.1140,-0.0145,0.0138,0.0470,0.0000,0.2930,57.7738,-25.0860,-68.3743
142198365,0.0004,-0.0020,-0.0171,0.0064,0.0057,-0.0500,-0.0041,0.0064,0.0133,0.1141,-0.0163,0.0092,0.0470,0.0000,0.1881,57.7740,-25.0860,-68.3751
142203364,0.0002,-0.0019,-0.0162,0.0116,0.0081,-0.0500,-0.0025,0.0054,0.0132,0.1141,-0.0146,0.0144,0.0470,0.0000,0.1881,57.7742,-25.0860,-68.3743
142208364,0.0001,-0.0021,-0.0137,0.0140,0.0170,-0.0500,-0.0028,0.0053,0.0131,0.1142,-0.0126,0.0161,0.0470,0.0000,0.1357,57.7744,-25.0860,-68.3745
142213364,0.0000,-0.0023,-0.0183,0.0119,0.0103,-0.0500,-0.0031,0.0074,0.0130,0.1143,-0.0176,0.0132,0.0470,0.0000,0.0832,57.7747,-25.0860,-68.3752
142218364,0.0001,-0.0024,-0.0150,0.0147,0.0014,0.0200,-0.0034,0.0067,0.0130,0.1144,-0.0143,0.0159,0.0470,0.0000,0.0832,57.7749,-25.0860,-68.3747
142223364,-0.0001,-0.0023,-0.0140,0.0177,0.0026,0.0200,-0.0022,0.0061,0.0129,0.1145,-0.0133,0.0190,-1.1755,0.0000,0.0832,57.7485,-25.0860,-68.3743
142228365,-0.0003,-0.0024,-0.0104,0.0159,0.0097,-0.0025,-0.0038,0.0059,0.0130,0.1145,0.0099,0.0159,-1.1755,0.0000,0.0000,57.7438,-25.0860,-68.3753
142233365,-0.0004,-0.0026,-0.0098,0.0171,0.0048,-0.0014,-0.0045,0.0058,0.0131,0.1146,0.0243,0.0171,-1.9778,0.0000,0.0000,57.7200,-25.0860,-68.3753
142238364,-0.0002,-0.0025,-0.0162,0.0186,-0.0126,-0.0018,-0.0034,0.0057,0.0132,0.1147,0.0225,0.0186,-2.2452,0.0000,0.0000,57.7058,-25.0860,-68.3753
142243364,-0.0004,-0.0026,-0.0107,0.0162,-0.0520,-0.0006,-0.0042,0.0068,0.0133,0.1148,0.0280,0.0162,-2.2452,0.0000,0.0000,57.6923,-25.0860,-68.3753
142248364,-0.0006,-0.0026,-0.0006,0.0162,-0.0688,0.0014,-0.0048,0.0060,0.0135,0.1149,0.0381,0.0162,-2.2452,0.0000,0.0000,57.6833,-25.0860,-68.3753
142253364,-0.0006,-0.0025,0.0217,0.0153,-0.0618,0.0500,-0.0077,0.0034,0.0138,0.1150,0.0604,0.0153,-2.2452,0.0000,0.0000,57.6699,-25.0860,-68.3753
142258364,-0.0006,-0.0026,0.0397,0.0113,-0.0667,0.0500,-0.0095,0.0036,0.0140,0.1150,0.0397,0.0113,-2.0790,0.0000,0.0000,57.6643,-25.0860,-68.3753
142263364,-0.0001,-0.0025,0.0504,0.0150,-0.0691,0.0500,-0.0108,0.0004,0.0143,0.1151,0.0504,0.0150,-1.5253,0.0000,0.0000,57.6645,-25.0860,-68.3753
142268364,0.0004,-0.0025,0.0504,0.0159,-0.0566,0.0500,-0.0117,-0.0010,0.0145,0.1152,0.0504,0.0159,-1.2484,0.0000,0.0000,57.6644,-25.0860,-68.3753
142273364,0.0008,-0.0025,0.0431,0.0211,-0.0029,-0.0200,-0.0111,-0.0500,0.0147,0.1153,0.0431,0.0211,-0.9162,0.0000,0.0000,57.6645,-25.0860,-68.3753
142278365,0.0010,-0.0024,-0.0140,0.0110,-0.0020,-0.0200,-0.0062,-0.0500,0.0147,0.1153,-0.0140,0.0110,-0.7500,0.0000,0.0000,57.6644,-25.0860,-68.3753
142283365,0.0010,-0.0024,-0.0336,0.0104,-0.0325,-0.0500,-0.0032,-0.0500,0.0144,0.1154,-0.0447,0.0104,0.6418,0.0000,0.0000,57.6901,-25.0860,-68.3753
142288364,0.0010,-0.0026,-0.0519,0.0098,-0.0126,-0.0500,-0.0020,-0.0500,0.0142,0.1154,-0.0519,0.0098,1.7114,0.0000,0.0000,57.7169,-25.0860,-68.3753
142293364,0.0006,-0.0027,-0.0577,0.0189,0.0029,-0.0500,0.0009,0.0200,0.0139,0.1155,-0.0577,0.0189,1.7114,0.0000,0.0000,57.7272,-25.0860,-68.3753
142298364,0.0002,-0.0026,-0.0473,0.0113,-0.0004,-0.0500,-0.0011,0.0200,0.0137,0.1156,-0.0473,0.0113,1.7114,0.0000,-1.6112,57.7340,-25.0860,-68.4136
142303364,-0.0001,-0.0025,-0.0342,0.0180,0.0161,0.0200,-0.0014,0.0500,0.0134,0.1155,-0.0481,-0.0060,1.7114,0.0000,-1.6112,57.7443,-25.0860,-68.4194
142308364,-0.0002,-0.0026,-0.0214,0.0232,0.0136,0.0200,-0.0012,0.0500,0.0133,0.1157,-0.0214,0.0232,1.4569,0.0000,-2.8295,57.7459,-25.0860,-68.4578
142313364,-0.0002,-0.0024,-0.0137,0.0156,-0.0105,-0.0036,-0.0031,0.0500,0.0133,0.1157,-0.0082,0.0156,-0.3209,0.0000,-2.8295,57.7125,-25.0860,-68.4681
142318364,-0.0003,-0.0025,-0.0101,0.0266,-0.0239,-0.0030,-0.0010,0.0500,0.0132,0.1159,-0.0045,0.0266,-0.3209,0.0000,-2.8295,57.7112,-25.0860,-68.4861
142323364,-0.0002,-0.0025,-0.0171,-0.0144,-0.0835,-0.0036,-0.0085,-0.0200,0.0132,0.1158,-0.0116,-0.0144,-0.3209,0.0000,-2.8295,57.7093,-25.0860,-68.4964
142328365,-0.0003,-0.0025,-0.0104,-0.0122,-0.0603,-0.0028,-0.0088,-0.0200,0.0132,0.1157,-0.0049,-0.0122,-0.3209,0.0000,-2.1501,57.7080,-25.0860,-68.4988
142333365,-0.0003,-0.0028,0.0205,-0.0122,-0.0924,0.0500,-0.0145,0.0137,0.0132,0.1155,0.0107,-0.0388,-0.3209,0.0000,-1.7843,57.7061,-25.0860,-68.4986
142338365,-0.0002,-0.0030,0.0156,-0.0024,-0.1253,0.0500,-0.0112,0.0118,0.0133,0.1155,0.0120,-0.0087,-1.5945,0.0000,-0.4216,57.6776,-25.0860,-68.4801
142343364,0.0001,-0.0032,0.0250,0.0122,-0.0890,0.0500,-0.0099,0.0050,0.0134,0.1156,0.0331,0.0263,-2.2036,0.0000,0.9415,57.6526,-25.0860,-68.4512
142348364,0.0004,-0.0030,0.0272,0.0226,-0.0411,0.0500,-0.0085,0.0006,0.0136,0.1158,0.0353,0.0366,-1.2623,0.0000,0.9415,57.6639,-25.0860,-68.4452
142353364,0.0004,-0.0027,0.0168,0.0296,-0.0401,-0.0200,-0.0048,-0.0008,0.0137,0.1160,0.0249,0.0437,-0.9300,0.0000,0.9415,57.6641,-25.0860,-68.4418
142358365,0.0006,-0.0027,-0.0180,0.0153,-0.0670,-0.0200,-0.0034,0.0067,0.0137,0.1162,-0.0099,0.0293,-0.7639,0.0000,0.9415,57.6640,-25.0860,-68.4358
142363364,0.0007,-0.0026,-0.0260,0.0082,-0.0600,-0.0500,-0.0040,0.0087,0.0136,0.1163,-0.0168,0.0223,-0.0629,0.0000,0.9415,57.6744,-25.0860,-68.4324
142368364,0.0004,-0.0027,-0.0250,0.0220,0.0805,-0.0500,-0.0027,0.0046,0.0135,0.1165,-0.0170,0.0360,1.6579,0.0000,0.9415,57.7117,-25.0860,-68.4264
142373365,0.0001,-0.0028,-0.0370,0.0211,0.0268,-0.0500,-0.0005,0.0079,0.0134,0.1166,-0.0289,0.0351,1.7649,0.0000,0.9415,57.7244,-25.0860,-68.4230
142378364,0.0001,-0.0026,-0.0281,0.0226,0.0063,-0.0500,-0.0000,0.0060,0.0133,0.1168,-0.0200,0.0366,1.7649,0.0000,0.9415,57.7315,-25.0860,-68.4170
142383364,-0.0001,-0.0023,-0.0137,0.0351,0.0457,0.0200,0.0017,0.0003,0.0133,0.1171,-0.0057,0.0492,1.7649,0.0000,0.9415,57.7420,-25.0860,-68.4136
142388364,-0.0003,-0.0023,-0.0110,0.0269,0.0689,0.0200,-0.0007,0.0022,0.0132,0.1173,-0.0042,0.0387,1.0162,0.0000,0.7950,57.7335,-25.0860,-68.4108
142393364,-0.0005,-0.0022,-0.0107,0.0220,0.0671,-0.0048,-0.0010,0.0033,0.0132,0.1174,-0.0029,0.0338,-0.0535,0.0000,0.7950,57.7132,-25.0860,-68.4079
142398365,-0.0005,-0.0019,-0.0015,0.0302,0.0573,-0.0026,0.0008,-0.0005,0.0133,0.1177,0.0062,0.0421,-0.0535,0.0000,0.7950,57.7130,-25.0860,-68.4028
142403364,-0.0003,-0.0019,0.0031,0.0269,0.0249,-0.0000,-0.0005,-0.0005,0.0133,0.1178,0.0108,0.0387,-0.0535,0.0000,0.7950,57.7127,-25.0860,-68.4000
142408364,-0.0003,-0.0019,0.0195,0.0250,-0.0172,0.0500,-0.0023,-0.0015,0.0134,0.1180,0.0273,0.0369,-0.0535,0.0000,0.7950,57.7125,-25.0860,-68.3949
142413365,-0.0004,-0.0018,0.0260,0.0168,0.0045,0.0500,-0.0048,-0.0009,0.0136,0.1182,0.0328,0.0287,-0.0535,0.0000,0.7950,57.7121,-25.0860,-68.3920
142418364,-0.0003,-0.0018,0.0495,0.0134,-0.0218,0.0500,-0.0081,-0.0500,0.0139,0.1183,0.0563,0.0253,-0.0535,0.0000,0.7950,57.7119,-25.0860,-68.3869
142423364,0.0002,-0.0018,0.0412,0.0040,-0.0414,0.0500,-0.0104,-0.0500,0.0141,0.1183,0.0412,0.0040,-0.0535,0.0000,0.7950,57.7116,-25.0860,-68.3841
142428364,0.0005,-0.0017,0.0137,0.0086,0.0005,-0.0200,-0.0069,-0.0500,0.0142,0.1184,0.0137,0.0086,-0.0535,0.0000,0.7950,57.7114,-25.0860,-68.3790
142433365,0.0006,-0.0018,-0.0079,0.0058,0.0390,-0.0200,-0.0059,-0.0500,0.0141,0.1184,-0.0079,0.0058,-0.0535,0.0000,0.7950,57.7111,-25.0860,-68.3761
142438365,0.0004,-0.0019,-0.0223,0.0058,0.0402,-0.0500,-0.0036,0.0200,0.0140,0.1184,-0.0241,0.0058,0.1070,0.0000,-0.9765,57.7145,-25.0860,-68.4119
142443364,0.0003,-0.0017,-0.0394,0.0006,0.0423,-0.0500,-0.0020,0.0200,0.0138,0.1184,-0.0394,0.0006,0.1070,0.0000,-0.9765,57.7151,-25.0860,-68.4154
142448364,0.0002,-0.0019,-0.0290,0.0168,0.0338,-0.0500,-0.0010,0.0500,0.0136,0.1184,-0.0393,-0.0011,0.1070,0.0000,-1.1980,57.7155,-25.0860,-68.4261
142453365,0.0000,-0.0021,-0.0318,0.0168,0.0439,-0.0500,-0.0002,0.0500,0.0134,0.1185,-0.0318,0.0168,0.1070,0.0000,-2.3056,57.7162,-25.0860,-68.4551
142458365,0.0001,-0.0019,-0.0318,0.0318,0.0680,0.0200,0.0500,0.0500,0.0133,0.1187,-0.0318,0.0318,0.1070,0.0000,-2.3056,57.7166,-25.0860,-68.4698
142463364,-0.0002,-0.0021,-0.0247,0.0037,-0.0334,0.0200,0.0500,0.0500,0.0132,0.1187,-0.0247,0.0037,0.1070,0.0000,-2.3056,57.7172,-25.0860,-68.4782
142468364,-0.0002,-0.0020,-0.0147,-0.0037,-0.0181,-0.0044,0.0500,-0.0200,0.0131,0.1187,-0.0165,-0.0037,0.1070,0.0000,-2.3056,57.7177,-25.0860,-68.4929
142473365,-0.0001,-0.0019,-0.0064,-0.0171,0.0167,-0.0025,0.0500,-0.0200,0.0130,0.1186,-0.0083,-0.0171,0.1070,0.0000,-2.1488,57.7183,-25.0860,-68.4981
142478364,-0.0001,-0.0022,0.0235,-0.0104,0.0048,0.0500,-0.0200,0.0091,0.0131,0.1184,0.0128,-0.0339,-0.1604,0.0000,-1.5739,57.7124,-25.0860,-68.4984
142483364,-0.0000,-0.0024,0.0162,0.0055,0.0054,0.0500,-0.0200,0.0061,0.0132,0.1184,0.0107,-0.0041,-0.1604,1.9254,-0.6418,57.7115,-25.0432,-68.4845
142488365,0.0002,-0.0025,0.0177,0.0205,0.0335,0.0500,-0.0500,0.0014,0.0134,0.1184,0.0424,0.0058,-0.1604,1.9254,0.9415,57.7108,-25.0355,-68.4493
142493364,0.0004,-0.0023,0.0134,0.0302,0.0689,0.0500,-0.0500,-0.0500,0.0135,0.1186,0.0215,0.0443,-0.1604,2.7000,0.9415,57.7099,-25.0078,-68.4460
142498364,0.0007,-0.0020,0.0168,0.0382,0.0833,-0.0200,-0.0500,-0.0500,0.0136,0.1188,0.0168,0.0382,-0.1604,3.0615,0.9415,57.7092,-24.9885,-68.4399
142503364,0.0005,-0.0019,0.0076,0.0290,0.0643,-0.0200,-0.0500,-0.0500,0.0136,0.1190,0.0076,0.0290,-0.1604,3.0615,0.9415,57.7083,-24.9701,-68.4365
142508365,0.0006,-0.0017,0.0061,0.0086,0.1673,0.0016,0.0200,-0.0500,0.0136,0.1190,0.0033,0.0086,0.1604,2.8675,0.9415,57.7154,-24.9619,-68.4305
142513364,0.0006,-0.0015,0.0073,0.0171,0.1914,0.0017,0.0200,0.0200,0.0136,0.1191,0.0046,0.0171,0.1604,2.0919,0.9415,57.7161,-24.9626,-68.4272
142518364,0.0009,-0.0015,0.0076,0.0220,0.1621,0.0039,-0.0068,0.0200,0.0137,0.1191,0.0150,0.0044,0.1604,1.1782,0.9415,57.7167,-24.9736,-68.4211
142523364,0.0009,-0.0015,-0.0122,0.0507,0.0985,-0.0016,0.0500,-0.0065,0.0136,0.1193,-0.0215,0.0455,0.1604,-0.2065,-0.5538,57.7177,-25.0003,-68.4500
142528365,0.0009,-0.0013,-0.0095,0.0266,0.0567,-0.0005,0.0500,-0.0016,0.0135,0.1194,-0.0220,0.0167,0.3956,-0.2065,-0.6646,57.7231,-25.0011,-68.4564
142533364,0.0008,-0.0011,-0.0089,0.0027,0.0891,-0.0500,0.0500,0.0500,0.0133,0.1194,-0.0416,-0.0072,1.5711,-0.2065,-0.6646,57.7541,-25.0024,-68.4588
142538365,0.0009,-0.0011,-0.0168,-0.0131,0.0796,-0.0500,0.0500,0.0500,0.0132,0.1193,-0.0168,-0.0131,1.5711,-0.2065,-0.6646,57.7604,-25.0032,-68.4631
142543364,0.0009,-0.0015,0.0058,-0.0302,-0.0099,-0.0500,-0.0200,0.0500,0.0132,0.1192,0.0058,-0.0302,1.5711,-0.2065,-0.6646,57.7698,-25.0044,-68.4655
142548364,0.0008,-0.0019,-0.0058,-0.0144,-0.0365,-0.0500,-0.0200,0.0500,0.0132,0.1191,-0.0058,-0.0144,1.5711,-0.2065,-0.6646,57.7761,-25.0053,-68.4697
142553365,0.0009,-0.0021,-0.0101,-0.0046,0.1004,0.0200,-0.0500,-0.0200,0.0132,0.1191,-0.0087,-0.0069,1.5711,0.1549,-0.5538,57.7855,-24.9974,-68.4699
142558364,0.0011,-0.0020,0.0064,0.0373,0.1077,0.0200,-0.0500,-0.0200,0.0132,0.1193,0.0064,0.0373,0.2075,0.1549,0.3323,57.7622,-24.9968,-68.4510
142563365,0.0010,-0.0020,0.0052,0.0275,0.0689,0.0500,-0.0500,-0.0500,0.0133,0.1194,0.0153,0.0324,-0.4232,0.1549,0.3323,57.7471,-24.9959,-68.4498
142568364,0.0010,-0.0019,0.0006,0.0107,0.0778,0.0500,-0.0500,-0.0500,0.0133,0.1195,0.0006,0.0107,-0.4232,0.1549,0.7229,57.7454,-24.9952,-68.4397
142573364,0.0011,-0.0019,-0.0128,0.0128,0.1553,0.0500,0.0200,-0.0500,0.0132,0.1195,-0.0128,0.0128,-1.8137,0.1549,1.9923,57.7118,-24.9943,-68.4095
142578364,0.0013,-0.0021,0.0122,0.0098,0.1556,0.0500,0.0200,-0.0500,0.0133,0.1196,0.0122,0.0098,-1.8137,0.1549,1.9923,57.7046,-24.9937,-68.3965
142583365,0.0012,-0.0021,0.0116,0.0241,0.0704,-0.0200,-0.0067,0.0200,0.0133,0.1197,0.0103,0.0264,-0.9045,-0.1549,1.9923,57.7138,-24.9998,-68.3893
142588364,0.0011,-0.0020,0.0165,0.0434,0.0426,-0.0200,-0.0021,0.0200,0.0134,0.1199,0.0152,0.0457,-0.7441,-0.1549,1.0158,57.7138,-25.0004,-68.3973
142593365,0.0014,-0.0018,0.0159,0.0351,0.0909,0.0093,-0.0046,-0.0082,0.0135,0.1202,0.0257,0.0409,-0.5302,-0.1549,0.2346,57.7143,-25.0014,-68.4112
142598364,0.0017,-0.0016,0.0162,0.0266,0.1343,0.0091,-0.0065,-0.0077,0.0136,0.1203,0.0156,0.0317,0.0470,-0.1549,0.1858,57.7241,-25.0020,-68.4108
142603364,0.0018,-0.0014,0.0003,0.0220,0.0417,0.0047,-0.0019,-0.0044,0.0135,0.1205,-0.0294,0.0411,1.2225,-1.1451,0.1370,57.7530,-25.0238,-68.4112
142608364,0.0017,-0.0016,-0.0220,0.0125,-0.0994,-0.0004,0.0015,0.0500,0.0132,0.1207,-0.0597,0.0440,1.2225,-2.0253,0.0882,57.7579,-25.0486,-68.4113
142613364,0.0018,-0.0016,-0.0140,0.0092,-0.0798,0.0020,-0.0008,0.0500,0.0129,0.1209,-0.0525,0.0394,1.2225,-2.0253,0.0882,57.7653,-25.0607,-68.4110
142618365,0.0019,-0.0014,-0.0275,0.0205,0.0127,-0.0500,0.0500,0.0500,0.0126,0.1212,-0.0660,0.0507,1.2225,-2.0253,-1.8829,57.7701,-25.0688,-68.4542
142623364,0.0018,-0.0012,-0.0299,0.0113,0.0249,-0.0500,0.0500,0.0500,0.0124,0.1212,-0.0299,0.0113,1.2225,-2.0253,-1.8829,57.7775,-25.0810,-68.4608
142628364,0.0016,-0.0010,-0.0470,0.0058,-0.0233,-0.0500,0.0500,-0.0200,0.0122,0.1213,-0.0470,0.0058,1.2225,-1.8793,-0.9968,57.7824,-25.0861,-68.4514
142633364,0.0015,-0.0012,-0.0550,0.0027,-0.0569,-0.0500,0.0500,-0.0200,0.0119,0.1213,-0.0550,0.0027,1.1662,-1.3925,-0.8307,57.7886,-25.0862,-68.4513
142638364,0.0013,-0.0014,-0.0449,0.0153,-0.0081,0.0200,-0.0200,0.0053,0.0117,0.1213,-0.0481,0.0097,0.9408,-1.0391,-0.3716,57.7882,-25.0842,-68.4469
142643364,0.0010,-0.0014,-0.0168,0.0382,0.0576,0.0200,-0.0200,-0.0500,0.0116,0.1216,-0.0080,0.0535,0.7155,0.9902,1.0253,57.7887,-25.0424,-68.4184
142648364,0.0009,-0.0013,0.0122,0.0171,-0.0102,0.0500,-0.0500,-0.0500,0.0118,0.1216,0.0329,0.0023,-0.7053,0.9902,1.4159,57.7607,-25.0385,-68.4016
142653364,0.0011,-0.0012,0.0318,-0.0003,0.0200,0.0500,-0.0500,-0.0500,0.0120,0.1216,0.0318,-0.0003,-1.2225,0.9902,1.4159,57.7434,-25.0325,-68.3965
142658364,0.0014,-0.0014,0.0238,-0.0040,0.0649,0.0500,-0.0500,-0.0500,0.0121,0.1216,0.0238,-0.0040,-1.2225,2.0746,1.4159,57.7386,-25.0055,-68.3875
142663364,0.0016,-0.0016,0.0260,-0.0012,0.0387,0.0500,-0.0500,0.0200,0.0122,0.1216,0.0260,-0.0012,-1.2225,2.3328,1.4159,57.7312,-24.9864,-68.3825
142668364,0.0016,-0.0017,0.0266,0.0037,0.0213,-0.0200,0.0200,0.0200,0.0123,0.1216,0.0266,0.0037,-1.2225,2.3328,1.3634,57.7263,-24.9771,-68.3744
142673365,0.0019,-0.0016,0.0293,0.0281,0.0481,-0.0200,0.0200,-0.0101,0.0125,0.1218,0.0388,0.0445,-1.2225,0.7837,1.1013,57.7190,-24.9994,-68.3752
142678364,0.0023,-0.0016,0.0308,0.0217,0.0451,0.0180,-0.0120,-0.0077,0.0128,0.1218,0.0502,-0.0000,-1.2225,0.6288,-0.8300,57.7141,-24.9996,-68.4112
142683364,0.0026,-0.0015,0.0040,0.0082,0.0509,0.0095,-0.0104,-0.0011,0.0127,0.1218,-0.0096,-0.0112,0.6113,0.4739,-0.8300,57.7496,-24.9994,-68.4142
142688364,0.0028,-0.0014,-0.0037,0.0101,0.0680,0.0082,-0.0094,-0.0014,0.0126,0.1217,-0.0181,-0.0078,0.6113,0.3706,-0.8300,57.7521,-24.9998,-68.4195
142693365,0.0027,-0.0016,-0.0089,0.0177,-0.0972,0.0082,-0.0044,-0.0001,0.0125,0.1218,-0.0303,0.0119,0.6113,-0.4401,-0.8300,57.7557,-25.0148,-68.4225
142698365,0.0026,-0.0018,-0.0290,0.0186,-0.1092,0.0021,-0.0002,0.0500,0.0122,0.1220,-0.0618,0.0325,0.6113,-1.7604,-0.8300,57.7582,-25.0462,-68.4278
142703365,0.0025,-0.0015,-0.0263,0.0293,-0.0563,0.0009,0.0500,0.0500,0.0118,0.1222,-0.0714,0.0556,1.7381,-1.7604,-0.8300,57.7857,-25.0568,-68.4308
142708364,0.0025,-0.0012,-0.0293,0.0293,0.0072,-0.0001,0.0500,0.0500,0.0115,0.1224,-0.0622,0.0293,1.9072,-1.7604,-0.8300,57.7967,-25.0638,-68.4361
142713364,0.0025,-0.0012,-0.0470,0.0153,-0.0307,-0.0500,0.0500,0.0500,0.0111,0.1225,-0.0799,0.0152,1.9072,-1.7604,-0.8300,57.8081,-25.0744,-68.4391
142718364,0.0024,-0.0013,-0.0629,-0.0027,-0.0832,-0.0500,0.0500,-0.0200,0.0108,0.1224,-0.0629,-0.0027,1.9072,-1.7604,-0.8300,57.8158,-25.0814,-68.4444
142723365,0.0021,-0.0011,-0.0553,0.0165,-0.0221,-0.0500,-0.0200,-0.0200,0.0105,0.1225,-0.0553,0.0165,1.9072,0.2751,-0.8300,57.8272,-25.0467,-68.4473
142728365,0.0018,-0.0011,-0.0370,0.0425,0.0271,-0.0500,-0.0200,-0.0500,0.0104,0.1228,-0.0290,0.0563,1.9072,0.4401,0.9276,57.8348,-25.0417,-68.4137
142733365,0.0015,-0.0011,-0.0208,0.0214,-0.0160,0.0200,0.0002,-0.0500,0.0103,0.1229,-0.0170,0.0148,0.5624,0.4401,1.0741,57.8174,-25.0390,-68.4070
142738364,0.0014,-0.0009,-0.0021,0.0195,0.0292,0.0200,-0.0500,-0.0500,0.0103,0.1229,0.0074,0.0030,-0.8451,1.1114,1.0741,57.7882,-25.0233,-68.4001
142743364,0.0017,-0.0008,0.0391,-0.0018,0.0362,0.0500,-0.0500,-0.0500,0.0106,0.1229,0.0537,-0.0018,-0.8451,2.1441,1.0741,57.7831,-24.9912,-68.3963
142748364,0.0019,-0.0010,0.0140,0.0046,0.0298,0.0500,-0.0500,0.0200,0.0107,0.1229,0.0140,0.0046,-0.8451,2.1441,1.0741,57.7797,-24.9826,-68.3893
142753364,0.0021,-0.0012,0.0101,0.0076,0.0436,0.0500,-0.0500,0.0200,0.0107,0.1229,0.0101,0.0076,-2.1147,2.1441,1.0741,57.7442,-24.9697,-68.3856
142758364,0.0021,-0.0010,0.0241,0.0250,0.0494,0.0500,0.0200,-0.0112,0.0109,0.1231,0.0325,0.0396,-2.1147,2.0956,0.9765,57.7357,-24.9621,-68.3805
142763365,0.0021,-0.0010,0.0241,0.0290,0.0616,-0.0200,0.0200,-0.0104,0.0110,0.1233,0.0208,0.0232,-1.5505,1.5624,-0.3906,57.7347,-24.9619,-68.4068
142768364,0.0023,-0.0008,0.0159,0.0214,0.0472,-0.0200,-0.0075,-0.0075,0.0111,0.1232,0.0218,-0.0063,-0.6100,1.2715,-0.5859,57.7498,-24.9621,-68.4144
142773364,0.0025,-0.0008,-0.0006,0.0263,-0.0071,0.0103,-0.0026,-0.0075,0.0111,0.1233,0.0015,0.0191,-0.4690,-0.1033,-0.5859,57.7494,-24.9846,-68.4165
142778365,0.0027,-0.0007,-0.0031,0.0113,-0.0328,0.0102,-0.0042,-0.0047,0.0111,0.1234,-0.0087,0.0149,-0.3749,-0.8262,-0.5859,57.7496,-25.0017,-68.4203
142783364,0.0026,-0.0006,-0.0235,0.0046,-0.0307,0.0018,-0.0010,0.0004,0.0107,0.1234,-0.0619,0.0082,1.5213,-0.8262,-0.5859,57.7914,-25.0066,-68.4223
142788365,0.0025,-0.0005,-0.0171,-0.0125,-0.0371,0.0034,-0.0052,0.0500,0.0105,0.1234,-0.0555,-0.0089,1.5213,-0.8262,-0.5859,57.7975,-25.0099,-68.4261
142793365,0.0023,-0.0004,-0.0296,-0.0009,-0.0184,-0.0007,-0.0002,0.0500,0.0102,0.1235,-0.0629,0.0114,1.5213,-0.8262,-0.5859,57.8066,-25.0149,-68.4283
142798364,0.0022,-0.0006,-0.0458,-0.0064,-0.0304,-0.0500,0.0002,0.0500,0.0098,0.1235,-0.0791,0.0059,1.5213,-0.8262,-0.5859,57.8127,-25.0182,-68.4320
142803365,0.0021,-0.0005,-0.0547,-0.0055,0.0038,-0.0500,0.0007,0.0500,0.0094,0.1235,-0.0618,0.0068,1.5213,-0.8262,-0.5859,57.8219,-25.0232,-68.4341
142808364,0.0017,-0.0006,-0.0507,0.0046,0.0210,-0.0500,0.0500,-0.0200,0.0092,0.1236,-0.0578,0.0169,1.5213,-0.8262,-0.5859,57.8279,-25.0265,-68.4379
142813364,0.0014,-0.0007,-0.0434,0.0235,-0.0267,-0.0500,0.0500,-0.0200,0.0089,0.1237,-0.0434,0.0235,1.5213,-0.8262,-0.3906,57.8371,-25.0314,-68.4360
142818364,0.0012,-0.0008,-0.0336,0.0287,-0.0615,0.0200,0.0500,-0.0019,0.0088,0.1239,-0.0260,0.0418,1.3058,-0.8262,0.8788,57.8386,-25.0347,-68.4070
142823365,0.0011,-0.0008,-0.0043,0.0525,-0.0340,0.0200,0.0500,-0.0500,0.0088,0.1243,0.0033,0.0656,-0.6761,-0.8262,0.8788,57.8028,-25.0397,-68.4039
142828365,0.0009,-0.0004,0.0024,0.0544,0.0457,0.0500,-0.0200,-0.0500,0.0090,0.1245,0.0248,0.0544,-1.2959,-0.8262,2.1373,57.7857,-25.0430,-68.3679
142833364,0.0009,-0.0002,0.0113,0.0272,0.0038,0.0500,-0.0200,-0.0500,0.0090,0.1247,0.0113,0.0272,-1.2959,-0.6611,2.1373,57.7779,-25.0442,-68.3605
142838364,0.0011,0.0001,0.0278,0.0220,0.0054,0.0500,-0.0020,-0.0500,0.0092,0.1247,0.0358,0.0081,-1.2959,0.9295,2.1373,57.7727,-25.0118,-68.3466
142843364,0.0012,-0.0001,0.0171,0.0238,0.0518,0.0500,-0.0500,0.0200,0.0093,0.1247,0.0300,0.0015,-1.2959,1.4975,2.1373,57.7649,-24.9918,-68.3388
142848364,0.0015,-0.0001,0.0058,0.0180,0.0814,-0.0200,-0.0500,0.0200,0.0094,0.1248,0.0058,0.0180,-1.2959,1.4975,2.0270,57.7597,-24.9858,-68.3274
142853364,0.0016,0.0001,0.0003,0.0171,0.1022,-0.0200,-0.0500,-0.0108,0.0094,0.1250,0.0149,0.0424,-1.2959,1.4975,1.6960,57.7520,-24.9769,-68.3272
142858364,0.0017,0.0003,0.0003,0.0220,0.0781,0.0059,-0.0500,-0.0101,0.0094,0.1251,0.0015,0.0173,-0.2254,1.4975,-0.3146,57.7694,-24.9709,-68.3612
142863364,0.0016,0.0004,-0.0018,0.0073,0.0384,0.0037,0.0200,-0.0048,0.0093,0.1251,-0.0226,-0.0067,0.7325,1.4975,-0.9439,57.7919,-24.9619,-68.3767
142868364,0.0017,0.0004,-0.0122,0.0009,0.0759,0.0013,0.0200,-0.0028,0.0092,0.1250,-0.0330,-0.0132,0.7325,1.2066,-0.9439,57.7948,-24.9623,-68.3827
142873365,0.0018,0.0002,-0.0107,0.0024,0.1474,0.0016,-0.0039,-0.0034,0.0090,0.1249,-0.0262,-0.0207,0.7325,0.6059,-0.9439,57.7992,-24.9681,-68.3861
142878364,0.0020,0.0002,-0.0202,0.0144,0.1269,-0.0010,0.0017,-0.0056,0.0088,0.1250,-0.0489,0.0142,0.7325,-0.9295,-0.9439,57.8021,-24.9998,-68.3922
142883364,0.0020,0.0000,-0.0330,0.0031,0.0940,-0.0500,0.0008,-0.0008,0.0085,0.1250,-0.0617,0.0029,0.7325,-0.9295,-0.9439,57.8065,-25.0054,-68.3956
142888364,0.0019,0.0003,-0.0333,0.0229,0.0830,-0.0500,0.0500,-0.0061,0.0082,0.1251,-0.0494,0.0227,0.7325,-0.9295,-0.9439,57.8094,-25.0101,-68.4016
142893364,0.0018,0.0001,-0.0367,0.0171,0.0594,-0.0500,0.0500,-0.0028,0.0080,0.1251,-0.0448,0.0030,0.7325,-0.9295,-0.9439,57.8138,-25.0138,-68.4048
142898364,0.0016,0.0000,-0.0449,0.0342,0.0313,-0.0500,0.0500,-0.0044,0.0078,0.1252,-0.0526,0.0209,0.7325,-0.9295,-0.8951,57.8168,-25.0194,-68.4100
142903364,0.0016,0.0004,-0.0434,0.0535,0.0261,0.0200,0.0500,-0.0101,0.0075,0.1254,-0.0498,0.0423,0.7325,-0.9295,-0.7486,57.8212,-25.0231,-68.4099
142908365,0.0014,0.0007,-0.0064,0.0452,0.0362,0.0200,-0.0200,-0.0138,0.0074,0.1256,-0.0112,0.0370,0.7325,-0.9295,-0.5533,57.8241,-25.0287,-68.4102
142913365,0.0012,0.0008,0.0018,0.0238,0.0622,0.0500,-0.0200,-0.0116,0.0075,0.1257,0.0163,0.0170,-1.0705,-0.9295,-0.4556,57.7869,-25.0324,-68.4099
142918364,0.0014,0.0010,0.0153,0.0064,0.0533,0.0500,-0.0018,-0.0091,0.0076,0.1256,0.0184,-0.0112,-1.0705,0.7746,-0.4068,57.7826,-24.9973,-68.4116
142923364,0.0017,0.0009,0.0223,-0.0006,0.0151,0.0500,-0.0500,-0.0084,0.0077,0.1255,0.0255,-0.0182,-1.0705,0.7746,-0.4068,57.7762,-24.9942,-68.4130
142928365,0.0019,0.0008,-0.0040,-0.0073,0.0436,0.0500,-0.0500,-0.0046,0.0077,0.1255,-0.0075,-0.0134,-1.0705,0.7746,-0.4068,57.7709,-24.9895,-68.4156
142933365,0.0021,0.0006,-0.0128,-0.0067,0.0359,-0.0200,-0.0500,-0.0032,0.0076,0.1254,-0.0163,-0.0128,-1.0705,0.7746,-0.4068,57.7666,-24.9864,-68.4170
142938365,0.0019,0.0007,-0.0037,-0.0055,0.0307,-0.0200,-0.0500,-0.0045,0.0076,0.1254,-0.0072,-0.0116,-1.0705,0.7746,-0.4068,57.7601,-24.9818,-68.4197
142943365,0.0020,0.0004,-0.0055,0.0003,0.0323,0.0053,0.0200,-0.0044,0.0075,0.1253,-0.0168,-0.0058,0.4507,0.7746,-0.4068,57.7891,-24.9787,-68.4210
142948364,0.0020,0.0002,-0.0153,0.0052,0.0378,0.0030,0.0200,-0.0038,0.0074,0.1253,-0.0265,-0.0009,0.4507,0.7746,-0.4068,57.7918,-24.9740,-68.4238
142953364,0.0022,0.0002,-0.0195,0.0153,0.0582,0.0026,0.0003,-0.0052,0.0073,0.1253,-0.0241,-0.0024,0.4507,0.7746,-0.4068,57.7936,-24.9709,-68.4251
142958364,0.0020,0.0001,-0.0134,0.0281,0.0659,0.0027,0.0500,-0.0092,0.0071,0.1255,-0.0305,0.0321,0.4507,-0.6713,-0.4068,57.7963,-25.0013,-68.4279
142963364,0.0018,0.0002,-0.0189,0.0275,0.0665,0.0007,0.0500,-0.0079,0.0070,0.1256,-0.0302,0.0214,0.4507,-0.6713,-0.4068,57.7982,-25.0039,-68.4292
142968365,0.0018,0.0003,-0.0269,0.0116,0.0491,-0.0010,0.0500,-0.0038,0.0068,0.1256,-0.0381,0.0055,0.4507,-0.6713,-0.4068,57.8009,-25.0080,-68.4319
142973365,0.0018,0.0003,-0.0382,0.0299,-0.0016,-0.0500,0.0500,-0.0057,0.0065,0.1257,-0.0494,0.0239,0.4507,-0.6713,-0.4068,57.8027,-25.0107,-68.4332
142978364,0.0017,0.0004,-0.0568,0.0421,0.0240,-0.0500,-0.0200,-0.0065,0.0062,0.1259,-0.0603,0.0361,0.4507,-0.6713,-0.4068,57.8054,-25.0147,-68.4360
142983364,0.0013,0.0006,-0.0492,0.0434,0.0457,-0.0500,-0.0200,-0.0080,0.0060,0.1261,-0.0527,0.0373,0.4507,-0.6713,-0.4068,57.8072,-25.0174,-68.4373
142988364,0.0011,0.0008,-0.0312,0.0281,0.0472,-0.0500,0.0095,-0.0071,0.0058,0.1262,-0.0320,0.0174,0.4507,0.3098,-0.4068,57.8099,-24.9980,-68.4401
142993365,0.0010,0.0009,0.0031,0.0040,0.0182,0.0200,0.0009,-0.0059,0.0058,0.1262,0.0022,-0.0067,0.4507,0.3098,-0.4068,57.8117,-24.9967,-68.4414
142998365,0.0012,0.0009,-0.0009,-0.0113,-0.0065,0.0200,-0.0500,-0.0021,0.0058,0.1260,-0.0018,-0.0220,-0.1690,0.3098,-0.4068,57.8016,-24.9949,-68.4437
143003364,0.0014,0.0006,0.0067,-0.0165,-0.0120,0.0500,-0.0500,-0.0020,0.0059,0.1259,0.0168,-0.0226,-0.7888,0.3098,-0.4068,57.7865,-24.9936,-68.4462
143008364,0.0014,0.0003,0.0003,-0.0095,-0.0148,0.0500,-0.0500,-0.0012,0.0059,0.1259,-0.0032,-0.0155,-0.7888,1.7157,-0.4068,57.7818,-24.9605,-68.4478
143013364,0.0013,0.0001,0.0024,0.0049,-0.0078,0.0500,-0.0500,-0.0038,0.0059,0.1258,-0.0011,-0.0012,-0.7888,1.7157,-0.4068,57.7786,-24.9536,-68.4502
143018364,0.0012,0.0002,0.0095,0.0119,-0.0276,0.0500,0.0200,-0.0060,0.0059,0.1259,0.0060,0.0058,-0.7888,0.8431,-0.4068,57.7739,-24.9623,-68.4519
143023364,0.0015,0.0001,0.0079,0.0119,-0.0206,-0.0200,0.0200,-0.0062,0.0059,0.1259,0.0054,0.0075,-0.7888,0.6977,-0.2961,57.7707,-24.9622,-68.4518
143028364,0.0016,0.0001,-0.0107,0.0156,-0.0065,-0.0200,0.0009,-0.0048,0.0059,0.1259,-0.0084,0.0045,-0.7888,0.5037,-0.2407,57.7660,-24.9624,-68.4517
143033365,0.0017,-0.0001,-0.0220,0.0266,-0.0130,0.0010,0.0500,-0.0062,0.0057,0.1261,-0.0261,0.0315,-0.1127,-0.5164,-0.1853,57.7768,-24.9822,-68.4519
143038364,0.0014,0.0001,-0.0333,0.0195,-0.0172,-0.0500,0.0500,-0.0026,0.0055,0.1262,-0.0431,0.0176,0.5071,-1.2909,-0.1299,57.7918,-25.0047,-68.4515
143043364,0.0012,0.0003,-0.0287,0.0180,-0.0294,-0.0500,0.0500,-0.0033,0.0054,0.1263,-0.0298,0.0161,0.5071,-1.2909,-0.1299,57.7938,-25.0098,-68.4522
143048365,0.0012,0.0002,-0.0321,0.0214,-0.0585,-0.0500,0.0500,-0.0028,0.0052,0.1264,-0.0327,0.0203,0.5071,-1.2909,-0.0745,57.7969,-25.0176,-68.4515
143053364,0.0010,0.0001,-0.0315,0.0260,-0.0575,-0.0500,-0.0200,-0.0032,0.0051,0.1265,-0.0321,0.0249,0.5071,-1.2909,-0.0745,57.7989,-25.0227,-68.4520
143058365,0.0010,0.0004,-0.0351,0.0327,-0.0215,0.0200,-0.0200,-0.0056,0.0049,0.1266,-0.0358,0.0316,0.5071,-1.2909,-0.0745,57.8019,-25.0305,-68.4523
143063364,0.0007,0.0006,-0.0235,0.0391,-0.0029,0.0200,0.0121,-0.0092,0.0048,0.1268,-0.0226,0.0376,0.5071,0.1033,0.0000,57.8040,-25.0055,-68.4513
143068365,0.0005,0.0008,-0.0186,0.0110,-0.0096,-0.0016,0.0056,-0.0036,0.0047,0.1269,-0.0088,0.0041,-0.3381,0.4647,0.0000,57.7873,-24.9957,-68.4513
143073365,0.0007,0.0008,-0.0131,0.0003,-0.0472,0.0007,0.0031,-0.0020,0.0047,0.1268,-0.0033,-0.0066,-0.3381,0.4647,0.0000,57.7859,-24.9938,-68.4513
143078365,0.0007,0.0006,-0.0150,-0.0034,-0.0374,0.0004,0.0014,-0.0004,0.0047,0.1268,-0.0051,-0.0103,-0.3381,0.4647,0.0000,57.7839,-24.9910,-68.4513
143083364,0.0007,0.0004,-0.0208,0.0018,-0.0120,-0.0016,0.0022,-0.0002,0.0046,0.1267,-0.0109,-0.0051,-0.3381,0.4647,0.0000,57.7825,-24.9891,-68.4513
143088364,0.0005,0.0002,-0.0211,0.0021,-0.0249,-0.0023,0.0022,0.0011,0.0046,0.1267,-0.0113,-0.0048,-0.3381,0.4647,0.0000,57.7805,-24.9864,-68.4513
143093364,0.0002,0.0001,-0.0183,0.0113,-0.0325,-0.0025,0.0043,-0.0005,0.0045,0.1267,-0.0085,0.0044,-0.3381,0.4647,0.0000,57.7792,-24.9845,-68.4513
143098364,0.0002,-0.0001,-0.0122,0.0159,-0.0398,-0.0002,0.0027,-0.0010,0.0045,0.1267,0.0060,-0.0055,-0.3381,1.4343,0.0000,57.7771,-24.9598,-68.4513
143103364,0.0002,-0.0002,-0.0107,0.0165,-0.0444,0.0000,0.0022,-0.0005,0.0046,0.1267,0.0075,-0.0049,-0.3381,1.4343,0.0000,57.7758,-24.9541,-68.4513
143108364,0.0000,-0.0003,-0.0104,0.0211,-0.0194,-0.0008,0.0027,-0.0012,0.0046,0.1267,0.0078,-0.0003,-0.3381,1.4343,0.0000,57.7737,-24.9455,-68.4513
143113364,-0.0001,-0.0004,-0.0137,0.0281,-0.0288,-0.0020,0.0047,-0.0016,0.0046,0.1267,0.0044,0.0067,-0.3381,1.4343,0.0000,57.7724,-24.9398,-68.4513
143118364,-0.0000,-0.0002,-0.0177,0.0257,-0.0169,-0.0030,0.0053,-0.0016,0.0047,0.1267,0.0005,0.0043,-0.3381,1.4343,0.0000,57.7704,-24.9311,-68.4513
143123364,0.0001,-0.0000,-0.0183,0.0235,0.0038,-0.0030,0.0049,-0.0021,0.0046,0.1268,-0.0002,0.0021,-0.3381,1.4343,0.0000,57.7690,-24.9254,-68.4513
143128364,-0.0001,-0.0002,-0.0205,0.0186,0.0142,-0.0045,0.0042,-0.0002,0.0046,0.1268,-0.0042,0.0006,-0.3381,1.2106,0.0000,57.7670,-24.9217,-68.4513
143133364,-0.0002,-0.0004,-0.0266,0.0171,0.0008,-0.0066,0.0048,0.0018,0.0046,0.1268,-0.0123,0.0024,-0.3381,0.9869,0.0000,57.7656,-24.9218,-68.4513
143138364,-0.0004,-0.0002,-0.0275,0.0128,-0.0160,-0.0074,0.0056,0.0500,0.0045,0.1268,-0.0156,0.0023,-0.3381,0.7072,0.0000,57.7636,-24.9223,-68.4513
143143364,-0.0004,0.0000,-0.0229,0.0128,-0.0041,-0.0067,0.0057,0.0500,0.0044,0.1268,-0.0120,0.0040,-0.3381,0.5953,0.2929,57.7623,-24.9219,-68.4454
143148364,-0.0005,-0.0001,-0.0226,0.0159,0.0124,-0.0073,0.0059,0.0500,0.0044,0.1268,-0.0131,0.0095,-0.3381,0.4275,1.8553,57.7602,-24.9222,-68.4099
143153364,-0.0007,-0.0003,-0.0211,0.0147,0.0078,-0.0077,0.0056,0.0500,0.0043,0.1269,-0.0121,0.0091,-0.3381,0.3716,1.8553,57.7589,-24.9217,-68.3988
143158364,-0.0009,-0.0001,-0.0183,0.0226,-0.0004,-0.0077,0.0083,-0.0200,0.0043,0.1270,-0.0103,0.0187,-0.3381,0.2597,1.8553,57.7568,-24.9221,-68.3914
143163364,-0.0010,-0.0002,-0.0174,0.0214,-0.0010,-0.0078,0.0076,-0.0200,0.0042,0.1271,-0.0098,0.0183,-0.3381,0.2038,2.2748,57.7555,-24.9222,-68.3713
143168364,-0.0011,0.0000,-0.0192,0.0192,0.0087,-0.0072,0.0098,-0.0500,0.0042,0.1273,0.0074,0.0510,-0.3381,0.1479,2.2748,57.7535,-24.9222,-68.3622
143173364,-0.0013,0.0001,-0.0214,0.0183,0.0194,-0.0104,0.0092,-0.0500,0.0042,0.1274,-0.0143,0.0161,-0.3381,0.1479,2.2748,57.7521,-24.9217,-68.3485
143178364,-0.0016,0.0002,-0.0229,0.0089,0.0310,-0.0121,0.0079,-0.0500,0.0041,0.1274,-0.0163,0.0075,-0.3381,0.0919,2.9919,57.7501,-24.9221,-68.3242
143183365,-0.0017,0.0004,-0.0263,0.0153,0.0683,-0.0140,0.0103,-0.0500,0.0040,0.1275,-0.0205,0.0139,-0.2910,0.0919,2.9919,57.7497,-24.9218,-68.3063
143188365,-0.0018,0.0004,-0.0162,0.0415,0.0994,-0.0124,0.0146,0.0200,0.0039,0.1277,-0.0120,0.0415,-0.2440,0.0000,2.9919,57.7491,-24.9225,-68.2943
143193364,-0.0019,0.0004,-0.0024,0.0501,0.0772,-0.0090,0.0152,0.0200,0.0039,0.1280,0.0009,0.0501,-0.1970,0.0000,2.5076,57.7492,-24.9225,-68.2868
143198365,-0.0021,0.0007,-0.0021,0.0510,0.0497,-0.0087,0.0177,-0.0109,0.0040,0.1283,0.0083,0.0647,-0.1500,0.0000,0.9146,57.7492,-24.9225,-68.3114
143203364,-0.0020,0.0010,-0.0015,0.0440,0.0613,-0.0089,0.0164,-0.0098,0.0040,0.1285,0.0010,0.0453,-0.1030,0.0000,0.0871,57.7497,-24.9225,-68.3266
143208365,-0.0019,0.0012,-0.0098,0.0205,0.0313,-0.0104,0.0132,-0.0041,0.0039,0.1286,-0.0080,0.0205,-0.1030,0.0000,0.0000,57.7491,-24.9225,-68.3275
143213364,-0.0022,0.0011,-0.0202,0.0018,0.0356,-0.0141,0.0105,0.0500,0.0038,0.1286,-0.0192,0.0018,-0.0559,0.0000,0.0000,57.7498,-24.9225,-68.3275
143218364,-0.0023,0.0012,-0.0263,0.0012,0.0909,-0.0170,0.0112,0.0500,0.0037,0.1286,-0.0253,0.0012,-0.0559,0.0000,0.0000,57.7495,-24.9225,-68.3275
143223365,-0.0026,0.0012,-0.0125,0.0015,0.1358,-0.0151,0.0093,0.0500,0.0037,0.1287,-0.0116,0.0015,-0.0559,0.0000,0.0000,57.7492,-24.9225,-68.3275
143228364,-0.0027,0.0009,-0.0134,-0.0018,0.0946,-0.0152,0.0085,0.0500,0.0036,0.1286,-0.0130,-0.0027,0.0000,0.0559,0.0000,57.7500,-24.9214,-68.3275
143233364,-0.0027,0.0006,-0.0134,-0.0012,0.0252,-0.0145,0.0087,-0.0200,0.0035,0.1286,-0.0130,-0.0021,0.0000,0.0559,0.0000,57.7500,-24.9212,-68.3275
143238364,-0.0028,0.0007,-0.0092,0.0031,0.0451,-0.0142,0.0095,-0.0200,0.0035,0.1286,-0.0087,0.0022,0.0000,0.0559,0.0000,57.7500,-24.9208,-68.3275
143243364,-0.0030,0.0006,-0.0031,0.0104,0.1138,-0.0141,0.0093,0.0005,0.0035,0.1287,-0.0021,0.0104,0.0000,0.0559,0.0552,57.7500,-24.9206,-68.3262
143248365,-0.0031,0.0004,-0.0073,0.0006,0.1230,-0.0157,0.0069,0.0040,0.0034,0.1287,-0.0064,0.0006,0.0000,0.0559,0.0552,57.7500,-24.9203,-68.3260
143253364,-0.0030,0.0006,-0.0027,0.0183,0.1245,-0.0142,0.0108,-0.0013,0.0034,0.1288,-0.0018,0.0183,0.0000,0.0559,0.0552,57.7500,-24.9200,-68.3257
143258364,-0.0030,0.0005,0.0040,0.0336,0.1508,-0.0127,0.0128,-0.0500,0.0035,0.1290,0.0074,0.0379,0.0000,0.0559,0.3458,57.7500,-24.9197,-68.3196
143263364,-0.0030,0.0005,0.0153,0.0544,0.1587,-0.0102,0.0157,-0.0500,0.0035,0.1292,0.0158,0.0535,0.0000,0.0559,1.8472,57.7500,-24.9195,-68.2815
143268364,-0.0030,0.0007,0.0174,0.0797,0.1633,-0.0096,0.0215,-0.0500,0.0036,0.1296,0.0179,0.0789,0.0000,0.0559,1.8472,57.7500,-24.9192,-68.2741
143273364,-0.0027,0.0013,0.0339,0.0919,0.1465,-0.0040,0.0236,-0.0500,0.0038,0.1301,0.0344,0.0911,0.0000,0.0559,1.5566,57.7500,-24.9189,-68.2689
143278364,-0.0024,0.0019,0.0351,0.1005,0.1089,-0.0022,0.0274,0.0200,0.0040,0.1306,0.0356,0.0997,0.0000,0.0559,0.4911,57.7500,-24.9186,-68.2867
143283365,-0.0022,0.0024,0.0202,0.0663,0.0848,-0.0049,0.0234,0.0200,0.0041,0.1309,0.0206,0.0654,0.0000,0.0559,0.3458,57.7500,-24.9184,-68.2870
143288364,-0.0021,0.0026,0.0034,0.0269,0.1104,-0.0093,0.0172,-0.0122,0.0041,0.1310,0.0015,0.0219,0.0000,0.0559,-0.2758,57.7500,-24.9180,-68.2980
143293364,-0.0021,0.0029,0.0018,0.0159,0.1740,-0.0111,0.0140,-0.0095,0.0040,0.1310,-0.0115,-0.0088,0.0000,0.0559,-1.5998,57.7500,-24.9178,-68.3320
143298365,-0.0020,0.0029,0.0015,-0.0250,0.0918,-0.0099,0.0061,0.0003,0.0040,0.1307,-0.0118,-0.0498,0.0000,0.0559,-1.5998,57.7500,-24.9175,-68.3384
143303365,-0.0022,0.0026,-0.0031,-0.0269,0.0878,-0.0118,0.0059,0.0500,0.0039,0.1305,-0.0164,-0.0516,0.0000,0.0559,-1.5998,57.7500,-24.9173,-68.3480
143308364,-0.0022,0.0023,0.0110,-0.0189,0.1040,-0.0073,0.0055,0.0500,0.0040,0.1304,0.0115,-0.0198,0.0000,0.0559,-1.5998,57.7500,-24.9169,-68.3544
143313364,-0.0019,0.0021,0.0110,-0.0260,0.0735,-0.0058,0.0032,0.0500,0.0040,0.1302,0.0115,-0.0268,0.0000,0.0559,-1.5998,57.7500,-24.9167,-68.3640
143318365,-0.0018,0.0021,-0.0012,-0.0318,0.0301,-0.0077,0.0035,0.0500,0.0040,0.1301,-0.0007,-0.0326,0.0000,0.0559,-1.5998,57.7500,-24.9164,-68.3704
143323365,-0.0016,0.0020,-0.0089,-0.0400,0.0151,-0.0090,0.0023,-0.0200,0.0040,0.1299,-0.0084,-0.0408,0.0000,0.0559,-1.3376,57.7500,-24.9161,-68.3742
143328364,-0.0016,0.0016,-0.0006,-0.0250,0.0475,-0.0073,0.0028,-0.0200,0.0040,0.1297,-0.0001,-0.0259,0.0000,0.0559,-1.0754,57.7500,-24.9158,-68.3737
143333365,-0.0017,0.0013,-0.0101,-0.0119,0.0448,-0.0102,0.0052,0.0033,0.0039,0.1296,-0.0166,-0.0249,0.0000,0.0559,-0.8132,57.7500,-24.9156,-68.3741
143338365,-0.0017,0.0011,-0.0131,0.0067,0.0093,-0.0108,0.0096,0.0008,0.0038,0.1296,-0.0183,-0.0039,0.0000,0.0559,-0.6559,57.7500,-24.9152,-68.3738
143343364,-0.0017,0.0010,-0.0113,0.0388,0.0054,-0.0086,0.0176,-0.0500,0.0038,0.1299,0.0030,0.0618,0.0000,0.0559,1.5998,57.7500,-24.9150,-68.3255
143348365,-0.0017,0.0010,-0.0089,0.0495,-0.0071,-0.0090,0.0188,-0.0500,0.0038,0.1302,-0.0084,0.0486,0.0000,0.0559,1.5998,57.7500,-24.9147,-68.3191
143353365,-0.0019,0.0013,-0.0153,0.0415,0.0057,-0.0114,0.0191,-0.0500,0.0037,0.1304,-0.0148,0.0407,0.0000,0.0559,1.5998,57.7500,-24.9145,-68.3095
143358365,-0.0020,0.0016,-0.0055,0.0397,0.0261,-0.0098,0.0184,-0.0500,0.0037,0.1306,-0.0050,0.0389,0.0000,0.0559,1.5998,57.7500,-24.9141,-68.3031
143363365,-0.0022,0.0016,-0.0009,0.0360,0.0304,-0.0094,0.0174,0.0200,0.0037,0.1307,-0.0004,0.0352,0.0000,0.0559,1.5998,57.7500,-24.9139,-68.2935
143368364,-0.0023,0.0016,0.0006,0.0263,0.0176,-0.0095,0.0157,0.0200,0.0037,0.1309,0.0011,0.0254,0.0000,0.0559,1.5998,57.7500,-24.9136,-68.2871
143373364,-0.0023,0.0019,0.0037,0.0186,0.0155,-0.0085,0.0145,-0.0066,0.0037,0.1310,0.0049,0.0190,0.0000,0.0559,0.0821,57.7500,-24.9134,-68.3106
143378365,-0.0022,0.0021,0.0153,0.0186,0.0265,-0.0058,0.0130,-0.0082,0.0037,0.1310,0.0098,0.0075,0.0000,0.0559,-0.6902,57.7500,-24.9130,-68.3281
143383364,-0.0021,0.0019,0.0101,0.0144,0.0112,-0.0064,0.0120,-0.0060,0.0038,0.1310,0.0046,0.0032,0.0000,0.0559,-0.6902,57.7500,-24.9128,-68.3322
143388365,-0.0019,0.0018,0.0055,0.0037,-0.0047,-0.0064,0.0095,-0.0029,0.0038,0.1310,0.0000,-0.0075,0.0000,0.0559,-0.6902,57.7500,-24.9125,-68.3350
143393364,-0.0017,0.0020,0.0076,0.0156,0.0103,-0.0054,0.0120,-0.0070,0.0038,0.1310,0.0022,0.0044,0.0000,0.0559,-0.6902,57.7500,-24.9122,-68.3391
143398364,-0.0015,0.0018,0.0058,0.0165,-0.0178,-0.0049,0.0119,-0.0063,0.0038,0.1310,0.0003,0.0054,0.0000,0.0559,-0.6902,57.7500,-24.9119,-68.3419
143403365,-0.0015,0.0017,0.0018,0.0208,-0.0597,-0.0054,0.0134,-0.0057,0.0038,0.1311,-0.0036,0.0096,0.0000,0.0559,-0.6902,57.7500,-24.9117,-68.3460
143408364,-0.0014,0.0019,0.0003,0.0159,-0.0682,-0.0059,0.0124,-0.0039,0.0037,0.1310,-0.0142,-0.0109,0.0000,0.0559,-1.7390,57.7500,-24.9113,-68.3710
143413364,-0.0014,0.0021,-0.0009,0.0134,-0.0505,-0.0064,0.0123,-0.0040,0.0036,0.1309,-0.0168,-0.0157,0.0000,0.0559,-1.8963,57.7500,-24.9111,-68.3855
143418364,-0.0013,0.0022,-0.0082,0.0021,-0.0530,-0.0079,0.0111,-0.0012,0.0035,0.1308,-0.0241,-0.0270,0.0000,0.0559,-1.8963,57.7500,-24.9108,-68.3931
143423365,-0.0014,0.0023,-0.0082,-0.0058,-0.0777,-0.0080,0.0102,0.0007,0.0034,0.1306,-0.0241,-0.0349,0.0000,0.0559,-1.8963,57.7500,-24.9106,-68.4044
143428364,-0.0016,0.0023,-0.0098,-0.0086,-0.0850,-0.0089,0.0104,0.0017,0.0032,0.1304,-0.0248,-0.0362,0.0000,0.0559,-1.7986,57.7500,-24.9102,-68.4100
143433364,-0.0017,0.0021,-0.0086,-0.0119,-0.0667,-0.0091,0.0091,0.0500,0.0031,0.1303,-0.0194,-0.0323,0.0000,0.0559,-1.3104,57.7500,-24.9100,-68.4096
143438364,-0.0018,0.0018,-0.0070,-0.0024,-0.0493,-0.0084,0.0108,0.0500,0.0031,0.1303,-0.0065,-0.0033,0.0000,0.0559,-1.0663,57.7500,-24.9097,-68.4095
143443364,-0.0019,0.0016,-0.0037,0.0061,-0.0594,-0.0077,0.0118,0.0500,0.0031,0.1303,-0.0032,0.0053,0.0000,0.0559,-0.8222,57.7500,-24.9094,-68.4103
143448364,-0.0020,0.0014,-0.0015,0.0140,-0.0499,-0.0077,0.0129,0.0500,0.0031,0.1304,-0.0010,0.0132,0.0000,0.0559,-0.6757,57.7500,-24.9091,-68.4102
143453364,-0.0021,0.0014,0.0034,0.0214,-0.0181,-0.0074,0.0135,-0.0200,0.0031,0.1305,0.0038,0.0205,0.0000,0.0559,0.5768,57.7500,-24.9089,-68.3873
143458364,-0.0021,0.0013,0.0122,0.0339,-0.0047,-0.0053,0.0147,-0.0200,0.0032,0.1306,0.0127,0.0331,0.0000,0.0559,1.2061,57.7500,-24.9086,-68.3704
143463364,-0.0022,0.0013,0.0147,0.0379,-0.0206,-0.0039,0.0163,-0.0500,0.0033,0.1309,0.0255,0.0550,0.0000,0.0559,1.2061,57.7500,-24.9083,-68.3631
143468365,-0.0022,0.0015,0.0180,0.0437,-0.0261,-0.0041,0.0171,-0.0500,0.0034,0.1311,0.0185,0.0428,0.0000,0.0559,1.2061,57.7500,-24.9080,-68.3583
143473365,-0.0022,0.0018,0.0211,0.0412,-0.0075,-0.0032,0.0170,-0.0500,0.0035,0.1313,0.0216,0.0404,0.0000,0.0559,2.4197,57.7500,-24.9078,-68.3249
143478364,-0.0020,0.0021,0.0232,0.0373,0.0109,-0.0024,0.0165,-0.0500,0.0036,0.1315,0.0237,0.0364,0.0000,0.0559,2.4197,57.7500,-24.9074,-68.3152
143483365,-0.0020,0.0021,0.0208,0.0299,0.0066,-0.0030,0.0150,0.0200,0.0037,0.1316,0.0213,0.0291,0.0000,0.0559,2.4197,57.7500,-24.9072,-68.3007
143488364,-0.0020,0.0023,0.0199,0.0293,0.0112,-0.0032,0.0158,0.0200,0.0038,0.1318,0.0203,0.0285,0.0000,0.0559,1.7577,57.7500,-24.9069,-68.3047
143493365,-0.0018,0.0026,0.0217,0.0284,0.0231,-0.0018,0.0161,-0.0151,0.0040,0.1320,0.0259,0.0340,0.0000,0.0559,0.4338,57.7500,-24.9067,-68.3265
143498364,-0.0016,0.0028,0.0177,0.0260,0.0148,-0.0018,0.0164,-0.0151,0.0041,0.1321,0.0210,0.0300,0.0000,0.0559,0.3234,57.7500,-24.9063,-68.3272
143503365,-0.0014,0.0031,0.0174,0.0238,0.0075,-0.0009,0.0164,-0.0157,0.0042,0.1322,0.0202,0.0270,0.0000,0.0559,0.2683,57.7500,-24.9061,-68.3266
143508365,-0.0012,0.0033,0.0128,0.0205,0.0048,-0.0014,0.0166,-0.0154,0.0042,0.1324,0.0151,0.0228,0.0000,0.0559,0.2131,57.7500,-24.9058,-68.3268
143513364,-0.0009,0.0034,0.0144,0.0180,0.0026,0.0000,0.0159,-0.0160,0.0043,0.1325,0.0162,0.0195,0.0000,0.0559,0.1579,57.7500,-24.9055,-68.3269
143518364,-0.0008,0.0037,0.0147,0.0220,0.0014,0.0007,0.0172,-0.0180,0.0044,0.1326,0.0160,0.0227,0.0000,0.0559,0.1028,57.7500,-24.9052,-68.3274
143523364,-0.0006,0.0035,0.0134,0.0189,-0.0206,-0.0001,0.0147,-0.0138,0.0044,0.1325,-0.0037,-0.0124,0.0000,0.0559,-2.0451,57.7500,-24.9050,-68.3765
143528364,-0.0005,0.0037,0.0119,0.0079,-0.0392,0.0003,0.0131,-0.0119,0.0044,0.1324,-0.0053,-0.0234,0.0000,0.0559,-2.0451,57.7500,-24.9046,-68.3847
143533364,-0.0003,0.0038,0.0040,-0.0095,-0.0276,-0.0013,0.0102,-0.0078,0.0043,0.1322,-0.0132,-0.0408,0.0000,0.0559,-2.0451,57.7500,-24.9044,-68.3969
143538364,-0.0003,0.0038,-0.0006,-0.0202,-0.0395,-0.0024,0.0087,-0.0048,0.0042,0.1319,-0.0178,-0.0515,0.0000,0.0559,-2.0451,57.7500,-24.9041,-68.4051
143543364,-0.0004,0.0034,-0.0021,-0.0208,-0.0462,-0.0025,0.0078,-0.0036,0.0041,0.1317,-0.0164,-0.0470,0.0000,0.0559,-1.7033,57.7500,-24.9039,-68.4099
143548364,-0.0004,0.0031,-0.0040,-0.0232,-0.0417,-0.0030,0.0065,-0.0019,0.0040,0.1315,-0.0157,-0.0451,0.0000,0.0559,-1.4104,57.7500,-24.9035,-68.4097
143553365,-0.0004,0.0027,-0.0006,-0.0159,-0.0243,-0.0020,0.0065,-0.0036,0.0040,0.1313,-0.0089,-0.0319,0.0000,0.0559,-1.0198,57.7500,-24.9033,-68.4097
143558364,-0.0004,0.0024,0.0018,-0.0089,-0.0145,-0.0013,0.0066,-0.0047,0.0040,0.1312,-0.0048,-0.0220,0.0000,0.0559,-0.8245,57.7500,-24.9030,-68.4095
143563365,-0.0004,0.0022,0.0058,-0.0034,-0.0267,-0.0002,0.0068,-0.0056,0.0040,0.1311,0.0009,-0.0136,0.0000,0.0559,-0.6292,57.7500,-24.9028,-68.4100
143568365,-0.0004,0.0020,0.0076,0.0079,-0.0252,0.0003,0.0084,-0.0077,0.0040,0.1311,0.0035,-0.0008,0.0000,0.0559,-0.5315,57.7500,-24.9024,-68.4103
143573365,-0.0003,0.0018,0.0128,0.0211,-0.0032,0.0017,0.0097,-0.0113,0.0040,0.1312,0.0100,0.0145,0.0000,0.0559,-0.3851,57.7500,-24.9022,-68.4100
143578365,-0.0003,0.0018,0.0165,0.0357,0.0035,0.0500,0.0123,-0.0150,0.0041,0.1313,0.0145,0.0306,0.0000,0.0559,-0.2874,57.7500,-24.9019,-68.4094
143583364,-0.0004,0.0018,0.0226,0.0351,-0.0059,0.0500,0.0118,-0.0157,0.0042,0.1315,0.0210,0.0307,0.0000,0.0559,-0.2386,57.7500,-24.9016,-68.4100
143588364,-0.0002,0.0021,0.0266,0.0330,0.0005,0.0500,0.0114,-0.0173,0.0043,0.1316,0.0254,0.0293,0.0000,0.0559,-0.1898,57.7500,-24.9013,-68.4099
143593364,-0.0000,0.0024,0.0260,0.0281,0.0155,0.0500,0.0109,-0.0177,0.0045,0.1318,0.0252,0.0252,0.0000,0.0559,-0.1410,57.7500,-24.9011,-68.4099
143598364,0.0002,0.0026,0.0150,0.0208,0.0200,-0.0200,0.0109,-0.0160,0.0045,0.1319,0.0147,0.0186,0.0000,0.0559,-0.0921,57.7500,-24.9007,-68.4094
143603365,0.0005,0.0028,0.0147,0.0156,0.0045,-0.0200,0.0101,-0.0157,0.0046,0.1319,0.0143,0.0134,0.5634,0.0559,-0.0921,57.7616,-24.9005,-68.4100
143608364,0.0007,0.0029,0.0095,0.0082,-0.0084,0.0028,0.0106,-0.0131,0.0045,0.1320,-0.0214,0.0068,1.8030,0.0559,-0.0433,57.7954,-24.9002,-68.4094
143613365,0.0009,0.0030,0.0101,0.0031,0.0035,0.0037,0.0091,-0.0129,0.0044,0.1320,-0.0208,0.0016,1.8030,0.0559,-0.0433,57.8026,-24.9000,-68.4096
143618364,0.0009,0.0031,0.0217,0.0015,0.0258,0.0048,0.0082,-0.0139,0.0043,0.1320,-0.0314,0.0000,3.0955,0.0559,-0.0433,57.8425,-24.8996,-68.4098
143623364,0.0011,0.0032,0.0098,0.0024,0.0930,0.0016,0.0091,-0.0143,0.0040,0.1320,-0.0434,0.0009,3.0955,0.0559,-0.0433,57.8548,-24.8994,-68.4101
143628365,0.0012,0.0032,-0.0354,-0.0009,0.0704,-0.0500,0.0140,-0.0075,0.0036,0.1320,-0.0886,-0.0024,3.0955,0.0559,-0.0433,57.8734,-24.8991,-68.4103
143633365,0.0011,0.0032,-0.0583,0.0058,0.0726,-0.0500,0.0165,-0.0081,0.0033,0.1320,-0.0579,0.0050,2.5848,0.0559,0.0000,57.8746,-24.8988,-68.4094
143638364,0.0006,0.0031,-0.0684,0.0046,0.0848,-0.0500,0.0179,-0.0053,0.0030,0.1320,-0.0679,0.0037,1.9349,0.0559,0.0000,57.8751,-24.8985,-68.4094
143643364,0.0001,0.0030,-0.0712,0.0031,0.0652,-0.0500,0.0190,-0.0031,0.0026,0.1320,-0.0707,0.0022,1.5635,0.0559,0.0000,57.8746,-24.8983,-68.4094
143648365,-0.0004,0.0030,-0.0574,0.0006,0.0374,0.0200,0.0180,-0.0031,0.0023,0.1320,-0.0569,-0.0002,1.1456,0.0559,0.0000,57.8744,-24.8980,-68.4094
143653365,-0.0007,0.0029,-0.0241,0.0018,0.0038,0.0200,0.0148,-0.0062,0.0022,0.1320,-0.0236,0.0010,0.7984,0.0559,0.0000,57.8716,-24.8977,-68.4094
143658365,-0.0008,0.0029,0.0009,0.0122,0.0026,-0.0019,0.0136,-0.0118,0.0023,0.1321,0.0162,0.0114,-0.8617,0.0559,0.0000,57.8364,-24.8974,-68.4094
143663365,-0.0009,0.0029,0.0250,0.0104,0.0359,0.0500,0.0097,-0.0146,0.0025,0.1321,0.0404,0.0095,-0.8617,0.0559,0.0000,57.8330,-24.8972,-68.4094
143668365,-0.0008,0.0029,0.0452,0.0144,0.0124,0.0500,0.0090,-0.0176,0.0027,0.1322,0.0457,0.0135,-0.8617,0.0559,0.0000,57.8278,-24.8968,-68.4094
143673364,-0.0004,0.0031,0.0498,0.0073,0.0057,0.0500,0.0067,-0.0178,0.0030,0.1322,0.0503,0.0065,-1.5941,0.0559,0.0000,57.8091,-24.8966,-68.4094
143678364,0.0000,0.0030,0.0388,0.0031,-0.0252,0.0500,0.0065,-0.0158,0.0032,0.1322,0.0393,0.0022,-2.4393,0.0559,0.0000,57.7785,-24.8963,-68.4094
143683365,0.0001,0.0031,0.0373,0.0040,-0.0197,-0.0200,0.0069,-0.0160,0.0034,0.1323,0.0377,0.0031,-2.4393,0.0559,0.0000,57.7687,-24.8961,-68.4094
143688364,0.0003,0.0029,0.0244,0.0131,0.0081,-0.0200,0.0091,-0.0168,0.0035,0.1323,0.0249,0.0123,-0.9180,0.0559,0.0000,57.7894,-24.8957,-68.4094
143693365,0.0007,0.0030,0.0302,0.0061,-0.0120,0.0116,0.0060,-0.0172,0.0037,0.1323,0.0436,0.0053,-0.7490,0.0559,0.0000,57.7894,-24.8955,-68.4094
143698364,0.0010,0.0030,0.0134,0.0052,-0.0133,0.0082,0.0078,-0.0155,0.0038,0.1324,0.0229,0.0044,-0.5236,0.0559,0.0000,57.7901,-24.8952,-68.4094
143703364,0.0012,0.0030,0.0079,0.0116,-0.0032,0.0077,0.0091,-0.0166,0.0039,0.1324,0.0165,0.0108,-0.4673,0.0559,0.0000,57.7892,-24.8949,-68.4094
143708365,0.0014,0.0030,-0.0021,0.0052,-0.0120,0.0059,0.0090,-0.0144,0.0039,0.1324,0.0044,0.0044,-0.3546,0.0559,0.0000,57.7891,-24.8946,-68.4094
143713365,0.0013,0.0032,-0.0092,0.0046,-0.0016,0.0011,0.0114,-0.0124,0.0038,0.1325,-0.0318,0.0037,1.3463,0.0559,0.0000,57.8243,-24.8944,-68.4094
143718365,0.0015,0.0032,-0.0082,-0.0006,0.0026,0.0012,0.0101,-0.0114,0.0035,0.1325,-0.0420,-0.0015,1.9926,0.0559,0.0000,57.8487,-24.8940,-68.4094
143723364,0.0015,0.0033,-0.0122,0.0003,0.0112,0.0003,0.0111,-0.0118,0.0033,0.1325,-0.0460,-0.0005,1.9926,0.0559,0.0000,57.8566,-24.8938,-68.4094
143728365,0.0016,0.0030,-0.0159,-0.0046,-0.0038,-0.0001,0.0097,-0.0094,0.0031,0.1324,-0.0497,-0.0054,1.9926,0.0559,0.0000,57.8686,-24.8935,-68.4094
143733364,0.0014,0.0030,-0.0144,-0.0037,-0.0047,-0.0006,0.0099,-0.0092,0.0028,0.1324,-0.0466,-0.0045,1.8997,0.0559,0.0000,57.8747,-24.8933,-68.4094
143738364,0.0012,0.0028,-0.0064,0.0000,-0.0053,0.0014,0.0092,-0.0104,0.0027,0.1324,-0.0298,-0.0008,1.3891,0.0559,0.0000,57.8743,-24.8929,-68.4094
143743364,0.0010,0.0028,0.0037,-0.0009,-0.0166,0.0038,0.0078,-0.0109,0.0026,0.1324,-0.0158,-0.0018,1.1570,0.0559,0.0000,57.8748,-24.8927,-68.4094
143748364,0.0012,0.0029,0.0104,0.0043,-0.0078,0.0066,0.0077,-0.0140,0.0026,0.1324,-0.0034,0.0034,0.8320,0.0559,0.0000,57.8743,-24.8924,-68.4094
143753365,0.0014,0.0026,0.0192,0.0046,-0.0081,0.0097,0.0054,-0.0149,0.0026,0.1324,0.0078,0.0037,0.6927,0.0559,0.0000,57.8746,-24.8921,-68.4094
143758364,0.0014,0.0025,0.0202,0.0037,-0.0136,0.0101,0.0048,-0.0144,0.0027,0.1324,0.0119,0.0028,0.5070,0.0559,0.0000,57.8745,-24.8918,-68.4094
143763364,0.0017,0.0026,0.0162,0.0034,-0.0102,0.0104,0.0046,-0.0145,0.0027,0.1325,0.0095,0.0025,0.4142,0.0559,0.0000,57.8745,-24.8916,-68.4094
143768365,0.0019,0.0026,0.0095,0.0006,-0.0007,0.0097,0.0043,-0.0140,0.0028,0.1325,0.0044,-0.0002,0.3213,0.0559,0.0000,57.8748,-24.8913,-68.4094
143773364,0.0021,0.0027,0.0034,-0.0027,0.0026,0.0090,0.0040,-0.0131,0.0028,0.1324,-0.0009,-0.0036,0.2749,0.0559,0.0000,57.8751,-24.8910,-68.4094
143778365,0.0020,0.0027,-0.0027,-0.0058,-0.0029,0.0071,0.0046,-0.0116,0.0027,0.1324,-0.0054,-0.0066,0.1820,0.0559,0.0000,57.8745,-24.8907,-68.4094
143783365,0.0020,0.0028,-0.0055,-0.0043,-0.0016,0.0065,0.0056,-0.0121,0.0027,0.1324,-0.0073,-0.0051,0.1356,0.0559,0.0000,57.8743,-24.8905,-68.4094
143788364,0.0020,0.0029,-0.0043,-0.0064,-0.0032,0.0070,0.0053,-0.0122,0.0027,0.1323,-0.0061,-0.0073,0.1356,0.0559,0.0000,57.8751,-24.8901,-68.4094
143793364,0.0019,0.0030,-0.0034,-0.0070,0.0005,0.0068,0.0054,-0.0122,0.0026,0.1323,-0.0044,-0.0079,0.0892,0.0559,0.0000,57.8745,-24.8899,-68.4094
143798364,0.0018,0.0028,-0.0006,-0.0076,-0.0020,0.0070,0.0045,-0.0114,0.0026,0.1323,-0.0017,-0.0085,0.0892,0.0559,0.0000,57.8751,-24.8896,-68.4094
143803365,0.0016,0.0027,0.0027,-0.0070,-0.0111,0.0074,0.0042,-0.0112,0.0026,0.1322,0.0025,-0.0079,0.0428,0.0559,0.0000,57.8743,-24.8894,-68.4094
143808364,0.0016,0.0024,0.0049,-0.0052,-0.0117,0.0076,0.0037,-0.0109,0.0027,0.1322,0.0046,-0.0060,0.0428,0.0559,0.0000,57.8746,-24.8890,-68.4094
143813364,0.0018,0.0024,0.0110,-0.0049,-0.0154,0.0103,0.0023,-0.0120,0.0027,0.1322,0.0107,-0.0057,0.0428,0.0559,0.0000,57.8748,-24.8888,-68.4094
143818365,0.0018,0.0025,0.0101,-0.0031,-0.0209,0.0101,0.0032,-0.0125,0.0028,0.1321,0.0098,-0.0039,0.0428,0.0559,0.0000,57.8750,-24.8885,-68.4094
143823365,0.0018,0.0025,0.0076,-0.0037,-0.0291,0.0094,0.0039,-0.0121,0.0028,0.1321,0.0081,-0.0045,0.0000,0.0559,0.0000,57.8742,-24.8882,-68.4094
143828364,0.0018,0.0027,0.0082,-0.0034,-0.0276,0.0097,0.0042,-0.0128,0.0029,0.1321,0.0087,-0.0042,0.0000,0.0559,0.0000,57.8742,-24.8879,-68.4094
143833365,0.0019,0.0028,0.0070,-0.0046,-0.0282,0.0096,0.0044,-0.0129,0.0029,0.1321,0.0075,-0.0054,0.0000,0.0559,0.0000,57.8742,-24.8877,-68.4094
143838364,0.0018,0.0029,0.0049,-0.0089,-0.0374,0.0091,0.0041,-0.0118,0.0029,0.1320,0.0054,-0.0097,0.0000,0.0559,0.0000,57.8742,-24.8874,-68.4094
143843364,0.0018,0.0029,0.0049,-0.0104,-0.0465,0.0090,0.0042,-0.0113,0.0029,0.1320,0.0054,-0.0112,0.0000,0.0559,0.0000,57.8742,-24.8871,-68.4094
143848365,0.0017,0.0029,0.0040,-0.0131,-0.0459,0.0083,0.0039,-0.0105,0.0030,0.1319,0.0045,-0.0140,0.0000,0.0559,0.0000,57.8742,-24.8868,-68.4094
143853364,0.0016,0.0029,0.0046,-0.0116,-0.0481,0.0082,0.0044,-0.0108,0.0030,0.1318,0.0051,-0.0124,0.0000,0.0559,0.0000,57.8742,-24.8866,-68.4094
143858364,0.0015,0.0029,0.0095,-0.0171,-0.0637,0.0092,0.0029,-0.0097,0.0030,0.1317,0.0100,-0.0179,0.0000,0.0559,0.0000,57.8742,-24.8862,-68.4094
143863364,0.0014,0.0029,0.0125,-0.0199,-0.0673,0.0098,0.0019,-0.0091,0.0031,0.1316,0.0130,-0.0207,0.0000,0.0559,0.0000,57.8742,-24.8860,-68.4094
143868365,0.0014,0.0028,0.0147,-0.0244,-0.0572,0.0099,0.0004,-0.0081,0.0032,0.1315,0.0151,-0.0253,0.0000,0.0559,0.0000,57.8742,-24.8857,-68.4094
143873365,0.0014,0.0027,0.0226,-0.0290,-0.0438,0.0117,-0.0500,-0.0080,0.0033,0.1314,0.0231,-0.0299,0.0000,0.0559,0.0000,57.8742,-24.8855,-68.4094
143878364,0.0014,0.0026,0.0287,-0.0293,-0.0389,0.0132,-0.0500,-0.0085,0.0034,0.1312,0.0287,-0.0293,0.0000,0.0559,0.0000,57.8742,-24.8851,-68.4094
143883365,0.0014,0.0025,0.0327,-0.0336,-0.0389,0.0143,-0.0500,-0.0078,0.0036,0.1310,0.0327,-0.0336,0.0000,0.0559,0.0000,57.8742,-24.8849,-68.4094
143888365,0.0014,0.0024,0.0363,-0.0354,-0.0261,0.0153,-0.0500,-0.0076,0.0038,0.1309,0.0363,-0.0354,0.0000,0.0559,0.0000,57.8742,-24.8846,-68.4094
143893364,0.0016,0.0019,0.0382,-0.0373,-0.0145,0.0163,0.0200,-0.0064,0.0040,0.1307,0.0382,-0.0373,0.0000,0.0559,0.0000,57.8742,-24.8843,-68.4094
143898364,0.0020,0.0016,0.0327,-0.0308,-0.0169,0.0163,0.0200,-0.0065,0.0041,0.1305,0.0327,-0.0308,0.0000,-1.0068,0.0000,57.8742,-24.9065,-68.4094
143903364,0.0022,0.0013,0.0211,-0.0128,0.0100,0.0131,-0.0034,-0.0101,0.0042,0.1306,0.0066,0.0122,0.0000,-1.6780,0.0000,57.8742,-24.9260,-68.4094
143908365,0.0026,0.0011,0.0189,-0.0113,0.0274,0.0136,-0.0043,-0.0104,0.0042,0.1307,0.0045,0.0137,0.0000,-1.6780,0.0000,57.8742,-24.9361,-68.4094
143913364,0.0026,0.0011,0.0202,-0.0174,0.0265,0.0135,-0.0045,-0.0101,0.0042,0.1308,-0.0022,0.0214,0.0000,-2.5991,0.0000,57.8742,-24.9626,-68.4094
143918364,0.0029,0.0011,0.0223,-0.0293,0.0029,0.0156,-0.0079,-0.0077,0.0042,0.1308,-0.0001,0.0095,0.0000,-2.5991,0.0000,57.8742,-24.9782,-68.4094
143923364,0.0032,0.0007,0.0208,-0.0315,-0.0356,0.0167,-0.0096,-0.0058,0.0042,0.1309,-0.0016,0.0073,0.0000,-2.5991,0.0000,57.8742,-24.9886,-68.4094
143928364,0.0034,0.0003,0.0156,-0.0217,-0.0545,0.0167,-0.0085,-0.0061,0.0042,0.1309,-0.0046,0.0133,0.0000,-2.3409,0.0000,57.8742,-24.9988,-68.4094
143933364,0.0036,0.0001,0.0089,-0.0089,-0.0407,0.0158,-0.0069,-0.0073,0.0041,0.1310,-0.0077,0.0199,0.0000,-1.9278,0.0000,57.8742,-24.9989,-68.4094
143938364,0.0038,-0.0000,0.0037,0.0134,-0.0188,0.0154,-0.0032,-0.0115,0.0041,0.1312,-0.0085,0.0345,0.0000,-1.4115,0.0000,57.8742,-24.9985,-68.4094
143943364,0.0039,0.0001,-0.0015,0.0168,-0.0126,0.0147,-0.0018,-0.0124,0.0040,0.1314,-0.0115,0.0340,0.0000,-1.1533,0.0000,57.8742,-24.9985,-68.4094
143948364,0.0040,0.0003,-0.0043,0.0113,-0.0673,0.0152,-0.0018,-0.0108,0.0040,0.1315,-0.0115,0.0239,0.0000,-0.8435,0.0000,57.8742,-24.9983,-68.4094
143953364,0.0041,0.0005,0.0003,0.0073,-0.0569,0.0168,-0.0034,-0.0113,0.0039,0.1316,-0.0056,0.0176,0.0000,-0.6886,0.0000,57.8742,-24.9983,-68.4094
143958364,0.0040,0.0006,0.0073,-0.0024,-0.0322,0.0181,-0.0065,-0.0103,0.0039,0.1316,0.0027,0.0055,0.0000,-0.5336,0.0000,57.8742,-24.9988,-68.4094
143963364,0.0040,0.0006,0.0174,-0.0199,-0.0246,0.0206,-0.0118,-0.0079,0.0040,0.1315,0.0137,-0.0134,0.0000,-0.4304,0.0000,57.8742,-24.9986,-68.4094
143968365,0.0041,0.0005,0.0299,-0.0333,-0.0395,0.0244,-0.0166,-0.0063,0.0041,0.1314,0.0271,-0.0284,0.0000,-0.3271,0.0000,57.8742,-24.9987,-68.4094
143973364,0.0043,0.0004,0.0385,-0.0504,-0.0591,0.0274,-0.0219,-0.0032,0.0043,0.1312,0.0361,-0.0463,0.0000,-0.2755,0.0000,57.8742,-24.9988,-68.4094
143978364,0.0044,0.0002,0.0455,-0.0620,-0.0530,0.0297,-0.0266,-0.0010,0.0045,0.1309,0.0440,-0.0594,0.0000,-0.1722,0.0000,57.8742,-24.9981,-68.4094
143983365,0.0047,-0.0004,0.0480,-0.0663,-0.0319,0.0314,-0.0308,0.0006,0.0048,0.1305,0.0465,-0.0637,0.0000,-0.1722,0.0000,57.8742,-24.9988,-68.4094
143988365,0.0052,-0.0009,0.0464,-0.0638,-0.0239,0.0326,-0.0329,0.0012,0.0050,0.1302,0.0454,-0.0620,0.0000,-0.1205,0.0000,57.8742,-24.9985,-68.4094
143993364,0.0056,-0.0014,0.0418,-0.0565,-0.0520,0.0334,-0.0327,0.0012,0.0052,0.1300,0.0404,-0.0539,0.0000,-0.1722,0.0000,57.8742,-25.0002,-68.4094
143998364,0.0059,-0.0017,0.0159,-0.0357,-0.0481,0.0280,-0.0267,0.0006,0.0053,0.1298,0.0144,-0.0332,0.0000,-0.1722,0.0000,57.8742,-25.0012,-68.4094
144003364,0.0060,-0.0021,0.0021,-0.0250,-0.0429,0.0252,-0.0242,0.0006,0.0053,0.1297,0.0007,-0.0225,0.0000,-0.1722,0.0000,57.8742,-25.0019,-68.4094
144008365,0.0062,-0.0023,-0.0104,-0.0150,-0.0578,0.0227,-0.0214,0.0009,0.0052,0.1296,-0.0127,-0.0124,0.0464,-0.1722,0.0000,57.8752,-25.0030,-68.4094
144013364,0.0063,-0.0025,-0.0241,-0.0018,-0.0884,0.0200,-0.0172,0.0006,0.0051,0.1296,-0.0264,0.0007,0.0464,-0.1722,0.0000,57.8754,-25.0036,-68.4094
144018365,0.0063,-0.0026,-0.0367,0.0082,-0.1101,0.0173,-0.0135,0.0004,0.0049,0.1297,-0.0389,0.0108,0.0464,-0.1722,0.0000,57.8757,-25.0047,-68.4094
144023364,0.0063,-0.0026,-0.0467,0.0153,-0.1128,0.0147,-0.0108,0.0004,0.0046,0.1298,-0.0490,0.0178,0.0464,-0.1722,0.0000,57.8758,-25.0054,-68.4094
144028365,0.0062,-0.0027,-0.0522,0.0165,-0.1217,0.0133,-0.0099,0.0013,0.0044,0.1299,-0.0545,0.0191,0.0464,-0.1722,0.0000,57.8761,-25.0064,-68.4094
144033364,0.0059,-0.0025,-0.0504,0.0156,-0.1425,0.0126,-0.0087,0.0016,0.0041,0.1300,-0.0527,0.0181,0.0464,-0.1722,0.0000,57.8763,-25.0071,-68.4094
144038364,0.0056,-0.0023,-0.0409,0.0101,-0.1721,0.0144,-0.0097,0.0019,0.0039,0.1300,-0.0432,0.0127,0.0464,-0.1722,0.0000,57.8766,-25.0081,-68.4094
144043364,0.0055,-0.0023,-0.0177,-0.0159,-0.1999,0.0200,-0.0175,0.0500,0.0038,0.1299,-0.0200,-0.0133,0.0464,-0.1722,0.0000,57.8768,-25.0088,-68.4094
144048365,0.0054,-0.0023,-0.0034,-0.0257,-0.2096,0.0233,-0.0212,0.0500,0.0038,0.1298,-0.0056,-0.0231,0.0464,-0.1722,0.0000,57.8771,-25.0098,-68.4094
144053364,0.0053,-0.0025,0.0098,-0.0403,-0.2170,0.0265,-0.0262,0.0500,0.0038,0.1296,0.0075,-0.0377,0.0464,-0.1722,0.0000,57.8772,-25.0105,-68.4094
144058364,0.0054,-0.0026,0.0174,-0.0544,-0.2155,0.0285,-0.0309,0.0500,0.0039,0.1294,0.0151,-0.0518,0.0464,-0.1722,0.0000,57.8775,-25.0116,-68.4094
144063364,0.0056,-0.0028,0.0235,-0.0657,-0.1987,0.0307,-0.0355,-0.0200,0.0040,0.1291,0.0212,-0.0631,0.0464,-0.1722,0.5768,57.8777,-25.0122,-68.3975
144068365,0.0059,-0.0034,0.0339,-0.0620,-0.1837,0.0343,-0.0387,-0.0200,0.0041,0.1288,0.0316,-0.0594,0.0464,-0.1722,1.6256,57.8780,-25.0133,-68.3722
144073364,0.0062,-0.0039,0.0296,-0.0635,-0.2005,0.0357,-0.0397,0.0117,0.0044,0.1286,0.0413,-0.0368,0.0464,-0.1722,1.6256,57.8782,-25.0140,-68.3616
144078364,0.0064,-0.0044,0.0229,-0.0501,-0.2078,0.0351,-0.0380,0.0109,0.0045,0.1285,0.0351,-0.0225,0.0464,-0.1722,1.6807,57.8784,-25.0150,-68.3548
144083365,0.0067,-0.0047,0.0125,-0.0406,-0.1867,0.0341,-0.0358,0.0089,0.0047,0.1285,0.0346,0.0042,0.0464,-0.1722,2.8392,57.8786,-25.0157,-68.3148
144088365,0.0069,-0.0051,-0.0018,-0.0363,-0.1620,0.0310,-0.0349,0.0102,0.0048,0.1285,0.0202,0.0084,0.0464,-0.1722,2.8392,57.8789,-25.0167,-68.3049
144093364,0.0069,-0.0053,-0.0406,-0.0220,-0.1299,0.0211,-0.0280,0.0118,0.0047,0.1287,-0.0152,0.0286,0.0464,-0.1722,3.2267,57.8791,-25.0174,-68.2775
144098365,0.0067,-0.0055,-0.0525,0.0058,-0.0972,0.0160,-0.0195,0.0073,0.0045,0.1291,-0.0380,0.0753,0.0464,-1.4375,3.2267,57.8794,-25.0483,-68.2662
144103365,0.0064,-0.0056,-0.0495,0.0357,-0.0841,0.0150,-0.0132,0.0015,0.0043,0.1296,-0.0425,0.1021,0.3787,-1.4375,3.0176,57.8863,-25.0541,-68.2496
144108365,0.0061,-0.0055,-0.0510,0.0666,-0.0847,0.0114,-0.0050,-0.0500,0.0040,0.1302,-0.0695,0.1251,1.5969,-1.4375,2.4950,57.9185,-25.0627,-68.2496
144113365,0.0058,-0.0053,-0.0425,0.0962,-0.0866,0.0109,0.0002,-0.0500,0.0036,0.1308,-0.0823,0.1176,1.5969,-1.4375,2.1292,57.9249,-25.0685,-68.2430
144118364,0.0056,-0.0047,-0.0284,0.1142,-0.0783,0.0132,0.0500,-0.0500,0.0032,0.1315,-0.0683,0.1357,1.5969,-1.4375,2.1292,57.9345,-25.0771,-68.2356
144123364,0.0054,-0.0040,-0.0156,0.1206,-0.0682,0.0166,0.0500,-0.0500,0.0030,0.1321,-0.0431,0.1206,1.5969,-1.4375,1.8156,57.9409,-25.0828,-68.2281
144128364,0.0053,-0.0034,-0.0058,0.1057,-0.0691,0.0185,0.0500,0.0200,0.0028,0.1326,-0.0333,0.1056,1.5969,-1.1941,0.5613,57.9504,-25.0862,-68.2493
144133364,0.0053,-0.0028,-0.0018,0.0834,-0.0429,0.0191,0.0500,0.0200,0.0027,0.1330,-0.0294,0.0833,1.5969,-0.9994,0.4046,57.9568,-25.0867,-68.2494
144138365,0.0054,-0.0025,0.0134,0.0232,-0.0062,0.0229,-0.0200,-0.0073,0.0026,0.1331,-0.0134,0.0196,1.4365,1.1553,-0.2422,57.9631,-25.0423,-68.2611
144143364,0.0054,-0.0025,0.0183,-0.0205,-0.0020,0.0240,-0.0200,0.0500,0.0026,0.1329,-0.0139,-0.0414,1.1691,1.1553,-1.4045,57.9629,-25.0376,-68.2917
144148364,0.0055,-0.0027,0.0339,-0.0492,-0.0099,0.0305,-0.0500,0.0500,0.0027,0.1326,0.0292,-0.0665,0.8482,1.1553,-1.4045,57.9627,-25.0307,-68.2966
144153365,0.0058,-0.0028,0.0400,-0.0651,0.0002,0.0322,-0.0500,0.0500,0.0028,0.1322,0.0272,-0.0651,0.7412,2.0331,-1.6804,57.9637,-25.0077,-68.3113
144158365,0.0062,-0.0033,0.0434,-0.0925,-0.0038,0.0351,-0.0500,0.0500,0.0030,0.1318,0.0343,-0.0926,0.5273,2.3945,-2.2872,57.9631,-24.9862,-68.3310
144163364,0.0065,-0.0037,0.0336,-0.1124,0.0072,0.0337,-0.0500,-0.0200,0.0031,0.1312,0.0264,-0.1124,0.4203,2.3945,-1.3494,57.9629,-24.9767,-68.3256
144168364,0.0067,-0.0042,0.0290,-0.1295,0.0607,0.0330,0.0200,-0.0200,0.0033,0.1306,0.0236,-0.1295,0.3134,2.3945,-1.1287,57.9630,-24.9623,-68.3256
144173364,0.0068,-0.0051,0.0223,-0.1261,0.0885,0.0309,0.0200,0.0290,0.0033,0.1299,0.0105,-0.1388,0.2599,1.9582,-0.8529,57.9631,-24.9623,-68.3264
144178364,0.0069,-0.0060,0.0122,-0.1289,0.1563,0.0285,-0.0670,0.0326,0.0034,0.1292,0.0089,-0.1412,0.2064,0.4281,-0.3968,57.9634,-24.9842,-68.3199
144183365,0.0069,-0.0067,0.0064,-0.0895,0.2164,0.0270,-0.0589,0.0236,0.0034,0.1288,0.0115,-0.0654,0.1529,-0.3615,1.2592,57.9630,-25.0007,-68.2824
144188364,0.0071,-0.0074,0.0229,-0.0916,0.2238,0.0318,-0.0643,0.0240,0.0036,0.1285,0.0280,-0.0675,0.1529,-0.3615,1.2592,57.9639,-25.0021,-68.2783
144193364,0.0072,-0.0080,0.0104,-0.0684,0.1618,0.0300,-0.0593,0.0231,0.0036,0.1283,0.0154,-0.0443,0.1529,-0.3615,1.2592,57.9645,-25.0043,-68.2698
144198364,0.0074,-0.0086,0.0034,-0.0736,0.1159,0.0299,-0.0608,0.0264,0.0037,0.1281,0.0156,-0.0371,0.1529,-0.3615,2.0954,57.9654,-25.0058,-68.2480
144203365,0.0075,-0.0091,-0.0092,-0.0556,0.1605,0.0268,-0.0577,0.0247,0.0037,0.1280,0.0030,-0.0190,0.1529,-0.3615,2.0954,57.9660,-25.0079,-68.2338
144208365,0.0075,-0.0094,-0.0293,-0.0272,0.2329,0.0197,-0.0490,0.0204,0.0036,0.1282,-0.0313,0.0341,0.1529,-2.0118,2.0954,57.9670,-25.0454,-68.2270
144213365,0.0074,-0.0097,-0.0544,-0.0122,0.2430,0.0133,-0.0430,0.0204,0.0033,0.1285,-0.0511,0.0581,0.1529,-2.0118,2.7046,57.9676,-25.0574,-68.1999
144218365,0.0071,-0.0098,-0.0822,0.0333,0.1886,0.0044,-0.0275,0.0158,0.0028,0.1290,-0.0976,0.1094,1.0463,-2.4013,2.7046,57.9874,-25.0734,-68.1911
144223364,0.0068,-0.0097,-0.0855,0.0721,0.1428,0.0017,-0.0159,0.0087,0.0023,0.1298,-0.1145,0.1562,1.5635,-2.9368,2.7046,58.0051,-25.1014,-68.1729
144228365,0.0063,-0.0091,-0.0983,0.1573,0.2054,-0.0500,0.0500,-0.0500,0.0016,0.1310,-0.1273,0.2414,1.5635,-2.9368,2.7046,58.0114,-25.1131,-68.1641
144233365,0.0059,-0.0085,-0.0971,0.1793,0.1798,-0.0500,0.0500,-0.0500,0.0011,0.1319,-0.0971,0.1793,1.5635,-2.5147,2.8511,58.0208,-25.1217,-68.1420
144238364,0.0053,-0.0076,-0.0855,0.2040,0.1196,-0.0500,0.0500,-0.0500,0.0007,0.1329,-0.0855,0.2040,1.5635,-2.0399,2.8511,58.0270,-25.1213,-68.1327
144243365,0.0048,-0.0066,-0.0687,0.2077,0.0888,-0.0500,0.0500,-0.0500,0.0004,0.1340,-0.0687,0.2077,1.3755,-1.5123,2.3267,58.0326,-25.1215,-68.1250
144248364,0.0044,-0.0056,-0.0434,0.2120,0.1031,0.0200,-0.0200,0.0200,0.0001,0.1350,-0.0434,0.2120,-0.1411,-1.2485,1.9596,58.0051,-25.1217,-68.1253
144253365,0.0042,-0.0045,-0.0153,0.2001,0.1508,0.0200,-0.0200,0.0200,0.0001,0.1360,-0.0153,0.2001,-0.4702,-0.9320,1.1423,57.9959,-25.1219,-68.1303
144258365,0.0042,-0.0037,0.0018,0.1463,0.1694,0.0500,0.0087,-0.0306,0.0001,0.1368,0.0071,0.1550,-0.7376,-0.7250,-0.1465,57.9886,-25.1211,-68.1540
144263364,0.0043,-0.0031,0.0211,0.0852,0.1462,0.0500,-0.0500,-0.0196,0.0002,0.1371,0.0252,0.0634,-1.8607,0.9736,-0.4882,57.9565,-25.0850,-68.1640
144268365,0.0044,-0.0028,0.0208,0.0250,0.1239,0.0500,-0.0500,-0.0079,0.0003,0.1372,0.0166,0.0178,-1.8607,0.9736,-0.4882,57.9490,-25.0811,-68.1656
144273365,0.0048,-0.0030,0.0388,-0.0547,0.0817,0.0500,-0.0500,0.0500,0.0005,0.1369,0.0341,-0.0628,-1.8607,0.9736,-0.5436,57.9379,-25.0752,-68.1700
144278364,0.0051,-0.0034,0.0977,-0.0571,0.1025,-0.0200,-0.0500,0.0500,0.0010,0.1366,0.0977,-0.0571,-1.8607,0.9736,-1.9835,57.9304,-25.0713,-68.2028
144283365,0.0055,-0.0039,0.1139,-0.0709,0.1239,-0.0200,0.0200,0.0500,0.0015,0.1362,0.1139,-0.0709,-1.8607,0.9736,-1.9835,57.9193,-25.0655,-68.2162
144288365,0.0062,-0.0043,0.1017,-0.0965,0.0949,0.0516,0.0200,0.0500,0.0022,0.1358,0.1319,-0.0965,-1.7500,0.9736,-1.9835,57.9141,-25.0616,-68.2226
144293364,0.0068,-0.0049,0.0932,-0.1429,0.0863,0.0511,-0.0765,-0.0200,0.0028,0.1350,0.1112,-0.1575,-0.5620,0.9736,-1.9835,57.9295,-25.0558,-68.2340
144298364,0.0073,-0.0057,0.0761,-0.1707,0.1150,0.0461,-0.0831,-0.0200,0.0031,0.1340,0.0650,-0.1853,1.1231,0.9736,-1.9835,57.9647,-25.0519,-68.2459
144303364,0.0076,-0.0068,0.0669,-0.1787,0.0955,0.0431,-0.0863,0.0395,0.0032,0.1331,0.0295,-0.1853,1.1231,-0.8276,-1.2729,57.9714,-25.0879,-68.2390
144308364,0.0079,-0.0079,0.0757,-0.1768,0.0955,0.0477,-0.0901,0.0387,0.0035,0.1323,0.0550,-0.1546,1.1231,-0.8276,0.6646,57.9759,-25.0912,-68.2006
144313365,0.0084,-0.0088,0.0761,-0.1567,0.1395,0.0493,-0.0907,0.0360,0.0038,0.1317,0.0520,-0.1345,1.3112,-0.8276,0.6646,57.9865,-25.0962,-68.1980
144318365,0.0090,-0.0097,0.0791,-0.1356,-0.0075,0.0533,-0.0875,0.0345,0.0040,0.1312,0.0407,-0.1040,1.8284,-1.4607,0.6646,58.0037,-25.1126,-68.1940
144323365,0.0093,-0.0104,0.0247,-0.1097,-0.0420,0.0411,-0.0771,0.0377,0.0039,0.1308,-0.0173,-0.0717,1.8284,-1.8827,0.6646,58.0147,-25.1321,-68.1913
144328364,0.0094,-0.0109,-0.0214,-0.0782,-0.0462,0.0288,-0.0642,0.0371,0.0035,0.1307,-0.0770,-0.0119,2.7863,-2.6658,1.7875,58.0438,-25.1559,-68.1634
144333364,0.0093,-0.0113,-0.0733,-0.0455,-0.0221,0.0145,-0.0509,0.0373,0.0028,0.1309,-0.1330,0.0322,2.7863,-3.2810,1.9340,58.0605,-25.1874,-68.1527
144338364,0.0088,-0.0114,-0.1277,0.0254,0.0243,-0.0016,-0.0270,0.0277,0.0019,0.1315,-0.1877,0.1271,2.7863,-4.1052,2.7205,58.0717,-25.2194,-68.1247
144343364,0.0080,-0.0112,-0.1912,0.0751,-0.0349,-0.0500,-0.0042,0.0267,0.0006,0.1325,-0.2650,0.1846,3.3787,-4.5699,2.7730,58.1029,-25.2540,-68.1126
144348364,0.0069,-0.0109,-0.2327,0.1222,-0.1021,-0.0500,0.0500,0.0212,-0.0007,0.1336,-0.2481,0.2317,3.3787,-4.5699,2.7730,58.1164,-25.2723,-68.0959
144353364,0.0057,-0.0103,-0.2578,0.1665,-0.0835,-0.0500,0.0500,0.0172,-0.0018,0.1347,-0.2298,0.2151,2.8216,-4.5149,3.2695,58.1246,-25.2986,-68.0745
144358365,0.0044,-0.0096,-0.2599,0.1903,-0.0762,-0.0500,0.0500,0.0125,-0.0030,0.1359,-0.2320,0.2390,2.3109,-4.5149,3.2695,58.1246,-25.3166,-68.0549
144363364,0.0031,-0.0087,-0.2340,0.2095,-0.1055,0.0200,0.0500,0.0047,-0.0040,0.1372,-0.2047,0.2604,1.7074,-4.1742,3.4148,58.1246,-25.3367,-68.0389
144368364,0.0023,-0.0077,-0.1130,0.2248,-0.1657,0.0200,-0.0200,-0.0500,-0.0044,0.1386,-0.0829,0.2771,0.9367,-3.3953,3.5116,58.1151,-25.3362,-68.0159
144373365,0.0019,-0.0066,-0.0519,0.2352,-0.0832,-0.0038,-0.0200,-0.0500,-0.0046,0.1397,-0.0445,0.2352,-0.4308,-2.3477,3.5116,58.0878,-25.3330,-68.0018
144378365,0.0017,-0.0054,-0.0040,0.2260,-0.0096,0.0500,0.0280,-0.0500,-0.0047,0.1409,-0.0016,0.2348,-0.4308,-0.5872,2.6754,58.0861,-25.3037,-67.9997
144383364,0.0019,-0.0043,0.0086,0.2034,-0.0304,0.0500,0.0249,-0.0500,-0.0046,0.1419,0.0086,0.2034,-0.4308,0.0000,2.2051,58.0835,-25.2932,-67.9994
144388364,0.0020,-0.0033,0.0513,0.1710,-0.0963,0.0500,0.0163,0.0200,-0.0044,0.1428,0.0513,0.1710,-0.4308,0.0000,1.6302,58.0818,-25.2932,-67.9994
144393365,0.0023,-0.0027,0.0577,0.1026,-0.1226,0.0500,0.0026,0.0200,-0.0041,0.1433,0.0577,0.1026,-0.4308,0.0000,1.3166,58.0792,-25.2932,-67.9998
144398364,0.0027,-0.0024,0.1109,0.0553,-0.1079,-0.0200,-0.0500,-0.0228,-0.0035,0.1436,0.1174,0.0666,-0.4308,0.0000,0.7609,58.0775,-25.2932,-68.0040
144403365,0.0033,-0.0022,0.1136,0.0113,-0.1006,-0.0200,-0.0500,-0.0136,-0.0029,0.1436,0.1070,-0.0002,-0.4308,0.8778,-0.7749,58.0749,-25.2748,-68.0350
144408365,0.0042,-0.0023,0.1216,-0.0202,-0.1195,0.0488,-0.0500,-0.0088,-0.0023,0.1435,0.1219,-0.0324,-0.4308,2.0138,-0.8234,58.0732,-25.2456,-68.0409
144413364,0.0049,-0.0025,0.1093,-0.0382,-0.0884,0.0473,-0.0500,-0.0041,-0.0019,0.1432,0.0948,-0.0504,0.4308,2.0138,-0.8234,58.0918,-25.2336,-68.0442
144418365,0.0056,-0.0028,0.0800,-0.0565,-0.0560,0.0420,0.0200,0.0500,-0.0015,0.1429,0.0655,-0.0688,0.4308,2.0138,-0.8234,58.0935,-25.2255,-68.0491
144423364,0.0059,-0.0032,0.0785,-0.0840,-0.0566,0.0434,0.0200,0.0500,-0.0012,0.1425,0.0711,-0.0840,0.4308,0.4647,-1.9818,58.0961,-25.2472,-68.0772
144428364,0.0064,-0.0037,0.0681,-0.1200,-0.0691,0.0431,-0.0595,0.0500,-0.0009,0.1418,0.0609,-0.1247,0.5701,0.3098,-1.9818,58.1006,-25.2490,-68.0890
144433364,0.0068,-0.0044,0.0498,-0.1527,-0.0814,0.0389,-0.0667,0.0500,-0.0008,0.1411,0.0233,-0.1559,1.6379,0.2065,-1.9818,58.1302,-25.2496,-68.0970
144438365,0.0072,-0.0053,0.0220,-0.1845,-0.0273,0.0326,-0.0746,-0.0200,-0.0008,0.1401,-0.0049,-0.1869,1.6379,0.1549,-1.2647,58.1367,-25.2499,-68.0940
144443365,0.0073,-0.0064,-0.0125,-0.1701,0.0252,0.0220,-0.0703,-0.0200,-0.0011,0.1393,-0.0608,-0.1637,2.5793,-0.4401,-0.2717,58.1679,-25.2614,-68.0764
144448364,0.0071,-0.0073,-0.0495,-0.1344,-0.0093,0.0114,-0.0585,0.0475,-0.0016,0.1388,-0.1119,-0.1081,2.5793,-1.9254,-0.1614,58.1782,-25.2962,-68.0755
144453365,0.0068,-0.0081,-0.0770,-0.0935,-0.0444,0.0044,-0.0470,0.0442,-0.0023,0.1385,-0.1309,-0.0525,2.5793,-1.9254,0.8234,58.1936,-25.3078,-68.0555
144458364,0.0065,-0.0084,-0.1020,-0.0312,-0.0136,-0.0500,-0.0303,0.0346,-0.0031,0.1386,-0.1578,0.0227,3.1141,-1.9254,1.6951,58.2152,-25.3155,-68.0290
144463365,0.0058,-0.0085,-0.1686,0.0327,-0.0627,-0.0500,-0.0083,0.0291,-0.0039,0.1390,-0.1706,0.0867,3.1141,-1.9254,1.6951,58.2339,-25.3270,-68.0222
144468364,0.0049,-0.0084,-0.1897,0.0562,-0.1360,-0.0500,0.0500,0.0283,-0.0049,0.1397,-0.1888,0.1224,3.1141,-2.1688,2.2700,58.2464,-25.3400,-68.0002
144473364,0.0039,-0.0083,-0.2016,0.0663,-0.1757,-0.0500,0.0500,0.0313,-0.0058,0.1402,-0.1817,0.1009,2.4088,-2.1688,2.3223,58.2490,-25.3530,-67.9898
144478364,0.0027,-0.0080,-0.1927,0.0684,-0.1382,0.0200,0.0500,0.0304,-0.0067,0.1407,-0.1728,0.1030,1.9386,-2.1688,2.3223,58.2483,-25.3617,-67.9759
144483365,0.0018,-0.0077,-0.1591,0.0874,-0.0640,0.0200,0.0500,0.0219,-0.0074,0.1413,-0.1392,0.1220,-0.0535,-2.0106,2.3223,58.2136,-25.3715,-67.9666
144488365,0.0011,-0.0073,-0.0996,0.1038,-0.0615,-0.0178,-0.0200,0.0101,-0.0077,0.1420,-0.0745,0.1459,-0.0535,-1.4019,2.8207,58.2134,-25.3665,-67.9403
144493365,0.0009,-0.0068,-0.0211,0.1219,-0.0609,0.0009,-0.0200,-0.0500,-0.0077,0.1428,0.0050,0.1639,-0.1089,0.1947,2.8207,58.2120,-25.3366,-67.9290
144498364,0.0008,-0.0062,0.0235,0.1329,0.0213,0.0500,0.0011,-0.0500,-0.0074,0.1435,0.0576,0.1300,-1.8809,0.1947,2.9183,58.1727,-25.3358,-67.9101
144503364,0.0011,-0.0054,0.0446,0.1225,0.1138,0.0500,-0.0500,-0.0500,-0.0071,0.1440,0.0609,0.0941,-2.2685,1.9001,2.9183,58.1515,-25.2974,-67.8985
144508364,0.0017,-0.0048,0.0941,0.0895,0.0857,0.0500,-0.0500,-0.0500,-0.0066,0.1444,0.0941,0.0895,-2.2685,2.0652,2.9183,58.1424,-25.2858,-67.8809
144513364,0.0022,-0.0046,0.1316,0.0504,0.0020,0.0500,-0.0500,0.0200,-0.0060,0.1447,0.1316,0.0504,-2.2685,2.0652,2.6561,58.1288,-25.2735,-67.8747
144518364,0.0028,-0.0044,0.1518,0.0140,0.0063,-0.0200,-0.0500,0.0200,-0.0052,0.1447,0.1518,0.0140,-1.9899,2.0652,1.7792,58.1257,-25.2652,-67.8785
144523364,0.0038,-0.0045,0.1497,-0.0156,0.0872,-0.0200,0.0200,-0.0088,-0.0045,0.1447,0.1515,-0.0123,-0.5021,2.0652,0.2168,58.1463,-25.2528,-67.9057
144528365,0.0047,-0.0047,0.1344,-0.0382,0.0998,0.0508,0.0200,-0.0027,-0.0038,0.1445,0.1277,-0.0382,0.3876,1.8070,0.0000,58.1646,-25.2500,-67.9105
144533364,0.0053,-0.0050,0.0715,-0.0577,0.0521,0.0388,-0.0517,0.0500,-0.0034,0.1441,0.0763,-0.0778,0.3876,1.3422,0.0000,58.1669,-25.2498,-67.9105
144538364,0.0057,-0.0053,0.0418,-0.0696,0.0384,0.0329,-0.0518,0.0500,-0.0032,0.1437,0.0445,-0.0859,0.3876,1.0841,0.0000,58.1685,-25.2500,-67.9105
144543365,0.0058,-0.0057,0.0574,-0.0819,0.0903,0.0345,-0.0559,0.0500,-0.0031,0.1433,0.0317,-0.0712,1.1364,-0.7152,0.0000,58.1864,-25.2833,-67.9105
144548365,0.0059,-0.0062,0.0519,-0.1011,0.1837,0.0306,-0.0610,0.0500,-0.0031,0.1429,0.0016,-0.0831,2.3130,-1.2103,0.0000,58.2175,-25.2977,-67.9105
144553364,0.0064,-0.0067,0.0428,-0.0962,0.0518,0.0317,-0.0600,-0.0200,-0.0031,0.1425,-0.0075,-0.0782,2.3130,-1.2103,0.0000,58.2314,-25.3050,-67.9105
144558364,0.0064,-0.0072,-0.0330,-0.0651,0.0231,0.0133,-0.0450,-0.0200,-0.0035,0.1423,-0.0833,-0.0471,2.3130,-1.2103,0.0000,58.2406,-25.3099,-67.9105
144563365,0.0061,-0.0076,-0.0736,-0.0299,0.0356,0.0007,-0.0318,0.0298,-0.0042,0.1423,-0.1354,0.0012,2.5951,-2.0378,0.0488,58.2616,-25.3345,-67.9094
144568365,0.0055,-0.0080,-0.0996,-0.0327,0.0475,-0.0500,-0.0295,0.0359,-0.0050,0.1423,-0.1622,-0.0001,2.5951,-2.1352,0.0488,58.2720,-25.3450,-67.9091
144573364,0.0051,-0.0080,-0.1127,0.0351,0.0936,-0.0500,-0.0148,0.0214,-0.0056,0.1426,-0.1306,0.0678,2.5951,-2.1352,0.0488,58.2876,-25.3578,-67.9089
144578365,0.0047,-0.0079,-0.1280,0.0742,0.0494,-0.0500,-0.0017,0.0147,-0.0063,0.1432,-0.1391,0.1186,2.1444,-2.1352,0.8354,58.2881,-25.3663,-67.8922
144583365,0.0040,-0.0076,-0.1439,0.1084,-0.0337,-0.0500,0.0500,0.0095,-0.0071,0.1440,-0.1501,0.1676,1.5809,-2.3462,1.6220,58.2881,-25.3844,-67.8708
144588364,0.0031,-0.0071,-0.1701,0.1466,-0.0239,0.0200,0.0500,0.0060,-0.0079,0.1449,-0.1562,0.1708,1.2992,-2.3462,1.6220,58.2882,-25.3938,-67.8611
144593364,0.0023,-0.0064,-0.1344,0.1582,-0.0157,0.0200,0.0500,-0.0018,-0.0085,0.1458,-0.1205,0.1824,0.9612,-2.3462,1.6220,58.2883,-25.4079,-67.8546
144598364,0.0017,-0.0056,-0.0773,0.1762,-0.0844,-0.0105,0.0500,-0.0500,-0.0088,0.1468,-0.0666,0.2004,0.1902,-2.3462,1.6220,58.2759,-25.4172,-67.8448
144603365,0.0017,-0.0048,0.0241,0.1549,-0.0746,0.0500,-0.0200,-0.0500,-0.0086,0.1476,0.0428,0.1549,-1.0815,-1.4831,1.6220,58.2462,-25.4128,-67.8384
144608364,0.0020,-0.0039,0.0516,0.1436,0.0069,0.0500,-0.0200,-0.0500,-0.0083,0.1483,0.0516,0.1436,-1.0815,0.2110,1.6220,58.2419,-25.3817,-67.8286
144613364,0.0024,-0.0033,0.0504,0.1029,0.0652,0.0500,-0.0019,-0.0500,-0.0081,0.1488,0.0563,0.0927,-1.0815,0.6858,1.4013,58.2354,-25.3684,-67.8269
144618365,0.0026,-0.0029,0.0373,0.0498,-0.0093,0.0500,-0.0500,0.0200,-0.0078,0.1490,0.0432,0.0395,-1.0815,0.6858,1.0151,58.2311,-25.3656,-67.8273
144623364,0.0029,-0.0028,0.0553,0.0113,-0.0713,-0.0200,-0.0500,0.0200,-0.0076,0.1490,0.0553,0.0113,-1.0815,1.9029,0.3280,58.2246,-25.3329,-67.8377
144628364,0.0031,-0.0028,0.0611,-0.0238,-0.0472,-0.0200,-0.0500,0.0500,-0.0073,0.1488,0.0489,-0.0449,-1.0815,1.9029,-1.4158,58.2202,-25.3253,-67.8771
144633364,0.0036,-0.0032,0.0764,-0.0498,-0.0301,0.0356,-0.0500,0.0500,-0.0068,0.1485,0.0950,-0.0498,-1.0815,1.9029,-1.4158,58.2138,-25.3139,-67.8827
144638364,0.0042,-0.0037,0.0605,-0.0736,-0.0282,0.0325,0.0200,0.0500,-0.0065,0.1482,0.0642,-0.0736,-0.2157,1.9029,-1.4158,58.2278,-25.3063,-67.8912
144643364,0.0046,-0.0041,0.0345,-0.0773,-0.0343,0.0264,0.0200,0.0500,-0.0064,0.1478,0.0207,-0.0773,0.7994,1.9029,-1.4158,58.2518,-25.2949,-67.8969
144648364,0.0048,-0.0045,0.0147,-0.0971,-0.0499,0.0234,-0.0487,-0.0200,-0.0064,0.1472,0.0107,-0.1143,0.7994,1.1473,-1.4158,58.2550,-25.3033,-67.9054
144653364,0.0048,-0.0051,0.0192,-0.1167,-0.0145,0.0227,-0.0536,-0.0200,-0.0064,0.1467,0.0004,-0.1080,0.7994,-0.5842,-1.3670,58.2598,-25.3379,-67.9101
144658365,0.0048,-0.0059,0.0269,-0.1145,0.0362,0.0225,-0.0575,0.0337,-0.0064,0.1461,-0.0139,-0.1188,1.6445,-0.5842,-0.8679,58.2807,-25.3402,-67.9071
144663365,0.0051,-0.0065,0.0189,-0.1072,0.0830,0.0218,-0.0572,0.0322,-0.0065,0.1456,-0.0135,-0.0868,1.9826,-0.5842,0.7866,58.2992,-25.3437,-67.8738
144668365,0.0053,-0.0072,-0.0027,-0.0950,0.0561,0.0174,-0.0541,0.0345,-0.0067,0.1453,-0.0352,-0.0746,1.9826,-0.5842,0.7866,58.3071,-25.3460,-67.8691
144673364,0.0053,-0.0078,-0.0443,-0.0840,0.0127,0.0069,-0.0470,0.0396,-0.0071,0.1450,-0.0831,-0.0526,1.9826,-1.3228,0.7866,58.3190,-25.3649,-67.8659
144678364,0.0050,-0.0083,-0.0638,-0.0425,0.0173,0.0006,-0.0362,0.0349,-0.0076,0.1450,-0.1072,-0.0063,2.0903,-1.6393,0.7866,58.3291,-25.3777,-67.8612
144683364,0.0046,-0.0086,-0.0898,-0.0082,-0.0007,-0.0500,-0.0249,0.0325,-0.0083,0.1451,-0.1369,0.0345,2.5211,-1.6393,1.2279,58.3526,-25.3875,-67.8491
144688365,0.0042,-0.0086,-0.1185,0.0263,-0.0206,-0.0500,-0.0140,0.0270,-0.0089,0.1456,-0.1135,0.0838,2.5211,-1.6393,2.2209,58.3627,-25.3941,-67.8171
144693364,0.0036,-0.0082,-0.1509,0.1344,0.0268,-0.0500,0.0500,0.0060,-0.0097,0.1466,-0.1545,0.2070,2.3818,-2.6461,2.2209,58.3749,-25.4267,-67.8082
144698365,0.0029,-0.0076,-0.1491,0.1759,0.0283,-0.0500,0.0500,-0.0500,-0.0103,0.1477,-0.1238,0.2198,1.9176,-2.6461,2.9473,58.3743,-25.4373,-67.7779
144703365,0.0021,-0.0067,-0.1268,0.2077,0.0216,0.0200,0.0500,-0.0500,-0.0109,0.1487,-0.1268,0.2077,0.0624,-2.6461,2.9473,58.3446,-25.4532,-67.7661
144708364,0.0017,-0.0056,-0.0583,0.2248,0.0093,0.0200,0.0500,-0.0500,-0.0112,0.1499,-0.0583,0.2248,-0.2154,-2.5007,2.8951,58.3385,-25.4608,-67.7494
144713364,0.0015,-0.0043,-0.0067,0.2511,0.0396,0.0500,-0.0200,-0.0500,-0.0112,0.1511,-0.0030,0.2511,-0.2154,-1.8704,2.3725,58.3372,-25.4613,-67.7494
144718364,0.0015,-0.0030,0.0250,0.2471,0.0689,0.0500,-0.0200,0.0200,-0.0111,0.1524,0.0250,0.2471,-1.0042,-0.4945,1.7453,58.3199,-25.4392,-67.7496
144723364,0.0016,-0.0018,0.0171,0.2129,0.0582,0.0500,0.0333,0.0200,-0.0110,0.1534,0.0205,0.2070,-2.3565,0.3915,1.4318,58.2809,-25.4199,-67.7495
144728364,0.0019,-0.0009,0.0226,0.1512,0.0347,0.0500,0.0222,-0.0367,-0.0109,0.1541,0.0273,0.1477,-2.3565,0.3915,0.1572,58.2714,-25.4183,-67.7687
144733365,0.0021,-0.0004,0.0556,0.0858,0.0081,-0.0200,0.0051,-0.0274,-0.0106,0.1545,0.0527,0.0692,-2.3565,0.3915,-0.7265,58.2573,-25.4160,-67.7880
144738365,0.0023,-0.0004,0.0614,-0.0186,-0.0432,-0.0200,-0.0500,-0.0042,-0.0102,0.1542,0.0685,-0.0526,-2.0277,1.5522,-0.7265,58.2545,-25.3897,-67.7924
144743364,0.0029,-0.0007,0.0819,-0.0257,-0.0475,0.0323,-0.0500,-0.0063,-0.0099,0.1540,0.0766,-0.0365,-0.0557,2.2908,-0.7265,58.2892,-25.3618,-67.7953
144748365,0.0034,-0.0009,0.0690,-0.0177,0.0530,0.0292,-0.0500,-0.0064,-0.0096,0.1538,0.0523,-0.0482,-0.0557,2.2908,-2.0505,58.2890,-25.3527,-67.8304
144753365,0.0038,-0.0010,0.0559,-0.0406,0.1129,0.0264,-0.0500,-0.0010,-0.0094,0.1534,0.0383,-0.0712,0.0000,2.2908,-2.0505,58.2901,-25.3389,-67.8386
144758365,0.0040,-0.0013,0.0360,-0.0822,0.0405,0.0231,0.0200,0.0500,-0.0093,0.1529,0.0184,-0.1127,0.0000,1.9500,-2.0505,58.2901,-25.3372,-67.8509
144763365,0.0042,-0.0018,0.0388,-0.1286,-0.0291,0.0257,0.0200,0.0500,-0.0092,0.1522,0.0239,-0.1286,0.8617,1.4145,-2.0505,58.3081,-25.3378,-67.8591
144768365,0.0046,-0.0027,0.0330,-0.1640,-0.0359,0.0247,-0.0576,0.0500,-0.0092,0.1513,0.0032,-0.1784,2.2080,0.9601,-2.0505,58.3417,-25.3418,-67.8714
144773365,0.0048,-0.0037,0.0162,-0.1607,0.0038,0.0200,-0.0572,0.0500,-0.0093,0.1506,-0.0273,-0.1513,2.2080,-0.6331,-1.7883,58.3549,-25.3741,-67.8739
144778364,0.0048,-0.0046,-0.0293,-0.1344,0.0872,0.0075,-0.0500,-0.0200,-0.0097,0.1500,-0.0728,-0.1250,2.2080,-0.6331,-1.3163,58.3638,-25.3767,-67.8737
144783364,0.0047,-0.0053,-0.0571,-0.0968,0.1434,-0.0010,-0.0411,-0.0200,-0.0102,0.1495,-0.1038,-0.0874,2.3937,-0.6331,-1.0541,58.3812,-25.3805,-67.8733
144788365,0.0043,-0.0059,-0.0586,-0.0788,0.1443,-0.0500,-0.0389,0.0367,-0.0108,0.1491,-0.1122,-0.0812,2.3937,-0.6331,-0.7919,58.3908,-25.3830,-67.8736
144793364,0.0042,-0.0061,-0.0660,-0.0541,0.0710,-0.0500,-0.0307,0.0297,-0.0112,0.1491,-0.0796,-0.0105,2.3937,-2.2551,0.6620,58.4051,-25.4221,-67.8459
144798364,0.0040,-0.0066,-0.0593,-0.0324,-0.0343,-0.0500,-0.0260,0.0262,-0.0115,0.1492,-0.0653,0.0243,2.2830,-2.2551,1.5446,58.4125,-25.4311,-67.8199
144803365,0.0037,-0.0066,-0.0748,0.0370,-0.0979,-0.0500,-0.0078,0.0147,-0.0119,0.1496,-0.0809,0.0936,1.7292,-2.2551,1.5446,58.4134,-25.4446,-67.8138
144808365,0.0033,-0.0064,-0.0987,0.1005,-0.1165,0.0200,0.0500,0.0038,-0.0124,0.1505,-0.1085,0.1637,1.3970,-2.6915,1.5446,58.4129,-25.4626,-67.8045
144813364,0.0026,-0.0058,-0.1167,0.0910,-0.0655,0.0200,0.0500,0.0080,-0.0129,0.1511,-0.0993,0.1212,0.2470,-2.6915,2.0290,58.3963,-25.4787,-67.7884
144818364,0.0020,-0.0052,-0.1136,0.0965,0.0164,-0.0183,0.0500,0.0038,-0.0133,0.1517,-0.0818,0.1282,-0.7892,-2.6915,2.1258,58.3741,-25.4895,-67.7737
144823364,0.0015,-0.0048,-0.0745,0.0938,0.0182,-0.0106,0.0500,-0.0007,-0.0136,0.1523,-0.0427,0.1255,-0.7892,-2.3300,2.1258,58.3694,-25.4980,-67.7652
144828365,0.0013,-0.0045,-0.0089,0.1011,-0.0417,0.0500,-0.0200,-0.0500,-0.0133,0.1530,0.0453,0.1328,-2.0817,-1.9169,2.1258,58.3377,-25.4983,-67.7524
144833364,0.0015,-0.0039,0.0782,0.1442,0.1615,0.0500,-0.0200,-0.0500,-0.0129,0.1537,0.0782,0.1442,-2.0817,-1.4005,1.8645,58.3252,-25.4980,-67.7495
144838365,0.0019,-0.0032,0.1090,0.1332,0.2115,0.0500,-0.0500,-0.0500,-0.0124,0.1544,0.1083,0.1345,-2.0817,-0.0884,1.3942,58.3169,-25.4752,-67.7492
144843364,0.0025,-0.0027,0.0956,0.0880,0.1190,0.0500,-0.0500,-0.0500,-0.0119,0.1548,0.0956,0.0880,-2.0817,0.5818,1.1329,58.3044,-25.4588,-67.7494
144848364,0.0031,-0.0026,0.0944,-0.0086,-0.0243,-0.0200,-0.0500,0.0200,-0.0114,0.1548,0.0944,-0.0086,-2.0817,0.5818,0.0520,58.2961,-25.4564,-67.7660
144853364,0.0034,-0.0028,0.0950,-0.0583,-0.0215,-0.0200,-0.0500,0.0200,-0.0110,0.1545,0.0950,-0.0583,-1.8000,0.5818,-0.9202,58.2896,-25.4529,-67.7878
144858364,0.0039,-0.0034,0.1002,-0.0718,0.1123,0.0409,0.0200,0.0500,-0.0104,0.1541,0.1175,-0.0854,-1.4619,0.5818,-0.9202,58.2898,-25.4506,-67.7933
144863365,0.0046,-0.0040,0.1185,-0.0651,0.1111,0.0483,0.0200,0.0500,-0.0097,0.1538,0.1369,-0.0650,-1.0675,0.5818,-2.2993,58.2900,-25.4471,-67.8266
144868364,0.0053,-0.0043,0.0892,-0.0467,0.0035,0.0446,-0.0475,0.0500,-0.0092,0.1535,0.1030,-0.0438,-0.8985,-0.1939,-2.2993,58.2895,-25.4619,-67.8404
144873365,0.0058,-0.0046,0.0577,-0.0431,-0.0759,0.0385,-0.0429,0.0500,-0.0089,0.1533,0.0551,-0.0402,0.0539,-0.1939,-2.2993,58.3038,-25.4631,-67.8496
144878365,0.0061,-0.0048,0.0168,-0.0388,-0.1037,0.0277,-0.0369,-0.0200,-0.0090,0.1532,-0.0137,-0.0360,1.6695,-0.1939,-2.2993,58.3397,-25.4638,-67.8634
144883364,0.0060,-0.0052,-0.0162,-0.0272,-0.0032,0.0176,-0.0325,-0.0200,-0.0092,0.1530,-0.0467,-0.0243,1.6695,-0.1939,-2.2993,58.3497,-25.4650,-67.8726
144888365,0.0061,-0.0053,-0.0238,-0.0186,0.0631,0.0142,-0.0323,0.0158,-0.0096,0.1528,-0.0691,-0.0414,1.6695,-0.1939,-1.7225,58.3564,-25.4658,-67.8733
144893365,0.0060,-0.0054,-0.0492,-0.0308,0.0915,0.0081,-0.0314,0.0198,-0.0100,0.1527,-0.0831,-0.0324,1.6695,-0.2456,-0.3489,58.3664,-25.4680,-67.8507
144898365,0.0059,-0.0056,-0.0709,-0.0308,0.0775,0.0022,-0.0264,0.0212,-0.0105,0.1527,-0.1062,0.0067,1.6695,-1.6397,0.8826,58.3731,-25.5000,-67.8229
144903365,0.0055,-0.0060,-0.0834,-0.0153,0.0042,-0.0013,-0.0210,0.0222,-0.0111,0.1528,-0.1123,0.0223,1.2981,-1.6397,0.8826,58.3747,-25.5098,-67.8193
144908365,0.0049,-0.0061,-0.0910,0.0183,-0.0517,-0.0500,-0.0116,0.0179,-0.0116,0.1531,-0.1159,0.0559,1.0660,-1.6397,0.8826,58.3747,-25.5164,-67.8140
144913364,0.0044,-0.0061,-0.0831,0.0504,-0.0261,-0.0500,-0.0055,0.0098,-0.0121,0.1535,-0.0896,0.0880,0.7874,-1.6397,0.8826,58.3747,-25.5262,-67.8105
144918364,0.0043,-0.0056,-0.0699,0.0791,0.0457,-0.0500,0.0000,-0.0003,-0.0125,0.1541,-0.0764,0.1167,0.6481,-1.6397,0.8826,58.3748,-25.5328,-67.8052
144923365,0.0039,-0.0050,-0.0623,0.0965,-0.0044,-0.0500,0.0500,-0.0500,-0.0128,0.1548,-0.0688,0.1341,0.4624,-1.6397,0.8826,58.3744,-25.5426,-67.8017
144928364,0.0036,-0.0046,-0.0192,0.1148,-0.0496,0.0200,0.0500,-0.0500,-0.0129,0.1554,-0.0192,0.1148,0.3696,-1.3647,0.8826,58.3743,-25.5433,-67.7964
144933365,0.0036,-0.0041,0.0272,0.1350,0.0011,0.0200,0.0500,-0.0500,-0.0128,0.1560,0.0272,0.1350,-0.8078,-1.0346,0.8826,58.3514,-25.5439,-67.7928
144938364,0.0038,-0.0034,0.0669,0.1417,0.0616,0.0500,0.0500,-0.0500,-0.0123,0.1567,0.0901,0.1418,-1.3463,-0.8146,0.8826,58.3356,-25.5432,-67.7876
144943365,0.0043,-0.0025,0.0953,0.1405,0.0323,0.0500,-0.0200,0.0200,-0.0118,0.1574,0.0953,0.1405,-1.3463,-0.6495,0.7858,58.3275,-25.5443,-67.7861
144948365,0.0048,-0.0020,0.0916,0.0846,-0.0188,0.0500,-0.0200,0.0200,-0.0114,0.1579,0.0916,0.0846,-1.5717,-0.4845,0.5436,58.3176,-25.5433,-67.7870
144953365,0.0053,-0.0017,0.0889,0.0290,-0.0209,0.0500,-0.0500,-0.0199,-0.0110,0.1579,0.0869,-0.0005,-2.7549,0.8778,-1.1033,58.2790,-25.5171,-67.8209
144958365,0.0056,-0.0018,0.0910,-0.0140,0.0142,-0.0200,-0.0500,-0.0119,-0.0106,0.1577,0.0792,-0.0346,-2.7549,1.7040,-1.3791,58.2680,-25.4946,-67.8346
144963364,0.0061,-0.0023,0.0907,-0.0519,0.0289,-0.0200,-0.0500,-0.0029,-0.0102,0.1573,0.0789,-0.0724,-1.1773,1.7040,-1.3791,58.2891,-25.4844,-67.8401
144968364,0.0066,-0.0027,0.1045,-0.0312,-0.0087,0.0533,-0.0500,-0.0090,-0.0096,0.1571,0.1090,-0.0516,-0.9519,1.7040,-1.3791,58.2894,-25.4776,-67.8484
144973364,0.0072,-0.0030,0.0886,-0.0229,0.0093,0.0506,0.0200,-0.0079,-0.0092,0.1568,0.0838,-0.0527,-0.7266,1.7040,-2.0084,58.2890,-25.4673,-67.8662
144978364,0.0077,-0.0032,0.0681,-0.0455,0.0173,0.0471,0.0200,-0.0005,-0.0089,0.1564,0.0578,-0.0800,-0.5575,1.6071,-2.3230,58.2898,-25.4625,-67.8875
144983365,0.0081,-0.0035,0.0641,-0.0739,-0.0111,0.0480,-0.0545,0.0500,-0.0086,0.1558,0.0547,-0.1134,-0.4449,0.3319,-2.3230,58.2891,-25.4806,-67.8956
144988364,0.0082,-0.0040,0.0547,-0.0907,-0.0453,0.0452,-0.0546,0.0500,-0.0085,0.1554,0.0289,-0.0815,1.1848,-0.6196,-2.2742,58.3226,-25.5005,-67.9097
144993364,0.0085,-0.0046,0.0290,-0.0944,-0.0224,0.0388,-0.0550,0.0500,-0.0085,0.1550,-0.0088,-0.0852,1.8849,-0.6196,-1.9812,58.3474,-25.5043,-67.9112
144998364,0.0087,-0.0052,0.0064,-0.0843,0.0454,0.0331,-0.0534,0.0500,-0.0087,0.1546,-0.0314,-0.0751,1.8849,-0.6196,-1.3465,58.3549,-25.5067,-67.9109
145003364,0.0088,-0.0057,-0.0208,-0.0745,0.1175,0.0257,-0.0504,-0.0200,-0.0090,0.1543,-0.0605,-0.0621,1.8849,-0.8397,-1.1024,58.3662,-25.5149,-67.9102
145008364,0.0086,-0.0063,-0.0315,-0.0574,0.1285,0.0208,-0.0450,-0.0200,-0.0094,0.1542,-0.0868,-0.0260,2.1634,-2.1050,-0.7607,58.3800,-25.5467,-67.9094
145013364,0.0084,-0.0066,-0.0476,-0.0205,0.0283,0.0169,-0.0348,0.0168,-0.0100,0.1542,-0.1069,0.0042,2.1634,-2.1050,-0.4533,58.3929,-25.5594,-67.9057
145018364,0.0082,-0.0065,-0.0586,0.0828,-0.0349,0.0145,-0.0071,-0.0500,-0.0105,0.1549,-0.1121,0.1421,2.1634,-2.9325,1.0488,58.4016,-25.5852,-67.8713
145023365,0.0077,-0.0060,-0.1170,0.1426,0.0084,-0.0500,0.0500,-0.0500,-0.0114,0.1559,-0.1793,0.1879,2.1081,-3.0299,1.0488,58.4134,-25.6053,-67.8677
145028364,0.0072,-0.0052,-0.1585,0.1561,-0.0038,-0.0500,0.0500,-0.0500,-0.0122,0.1566,-0.1585,0.1561,1.7204,-3.0299,1.0488,58.4133,-25.6174,-67.8608
145033364,0.0063,-0.0042,-0.1967,0.1610,-0.0334,-0.0500,0.0500,-0.0500,-0.0132,0.1574,-0.1967,0.1610,1.2774,-2.8189,1.0488,58.4132,-25.6305,-67.8572
145038364,0.0051,-0.0033,-0.1955,0.1701,-0.0227,-0.0500,0.0500,0.0200,-0.0142,0.1583,-0.1955,0.1701,1.0559,-2.8189,1.0488,58.4134,-25.6418,-67.8504
145043364,0.0041,-0.0026,-0.1860,0.1808,-0.0026,0.0200,-0.0200,0.0200,-0.0151,0.1592,-0.1860,0.1808,0.7791,-2.1330,1.0488,58.4132,-25.6445,-67.8467
145048365,0.0032,-0.0019,-0.1487,0.1741,0.0097,0.0200,-0.0200,-0.0205,-0.0158,0.1601,-0.1397,0.1897,0.6129,-0.7086,1.0488,58.4127,-25.6213,-67.8399
145053364,0.0026,-0.0011,-0.0913,0.1545,0.0484,-0.0117,0.0364,-0.0266,-0.0162,0.1610,-0.0742,0.1784,-0.7428,-0.5503,1.0488,58.3868,-25.6219,-67.8362
145058365,0.0023,-0.0003,-0.0357,0.1326,0.0659,0.0003,0.0258,-0.0287,-0.0163,0.1617,-0.0261,0.1252,-1.2535,-0.4448,-0.9439,58.3720,-25.6218,-67.8751
145063364,0.0024,-0.0001,0.0199,0.0211,-0.0496,0.0500,-0.0500,-0.0096,-0.0161,0.1616,0.0442,-0.0119,-1.2535,1.2657,-0.9439,58.3644,-25.5858,-67.8784
145068365,0.0025,0.0001,0.0449,0.0131,-0.0050,0.0500,-0.0500,-0.0124,-0.0159,0.1616,0.0368,-0.0009,-1.7920,1.2657,-0.9439,58.3484,-25.5807,-67.8845
145073364,0.0028,-0.0001,0.0806,0.0113,0.0442,0.0500,-0.0500,-0.0168,-0.0156,0.1616,0.0696,-0.0078,-2.1690,1.2657,-1.2856,58.3280,-25.5731,-67.8948
145078365,0.0032,-0.0001,0.1203,0.0147,0.0744,0.0500,-0.0500,-0.0230,-0.0150,0.1615,0.1034,-0.0147,-2.1690,1.2657,-1.9692,58.3193,-25.5681,-67.9206
145083364,0.0039,-0.0000,0.1640,-0.0040,0.0646,-0.0200,0.0200,-0.0258,-0.0143,0.1613,0.1471,-0.0333,-2.1690,1.2657,-1.9692,58.3063,-25.5605,-67.9275
145088365,0.0050,-0.0001,0.1817,-0.0367,0.0158,-0.0200,0.0200,-0.0221,-0.0135,0.1610,0.1648,-0.0660,-1.3073,1.2657,-1.9692,58.3157,-25.5554,-67.9403
145093364,0.0061,-0.0005,0.1717,-0.0663,-0.0224,0.0670,-0.0528,-0.0133,-0.0127,0.1604,0.1618,-0.1211,0.0000,1.2657,-2.4122,58.3394,-25.5478,-67.9569
145098364,0.0069,-0.0010,0.1277,-0.0855,-0.0340,0.0595,-0.0548,-0.0034,-0.0121,0.1597,0.1169,-0.1387,0.0000,1.1557,-2.4122,58.3394,-25.5450,-67.9726
145103365,0.0075,-0.0015,0.0651,-0.0761,-0.0863,0.0453,-0.0445,0.0500,-0.0119,0.1592,0.0372,-0.0995,0.0000,-0.8276,-2.4122,58.3394,-25.5831,-67.9811
145108364,0.0077,-0.0021,0.0721,-0.0757,-0.0215,0.0485,-0.0466,0.0500,-0.0116,0.1589,0.0633,-0.0605,0.0000,-1.0223,-2.4122,58.3394,-25.5911,-67.9967
145113364,0.0077,-0.0024,0.0388,-0.0620,0.0744,0.0370,-0.0406,0.0500,-0.0116,0.1587,0.0020,-0.0468,1.6249,-1.0223,-2.0986,58.3774,-25.5972,-67.9985
145118364,0.0080,-0.0028,0.0128,-0.0620,0.0970,0.0313,-0.0396,0.0500,-0.0117,0.1584,-0.0240,-0.0468,1.6249,-1.0223,-1.8896,58.3839,-25.6013,-68.0068
145123364,0.0081,-0.0030,-0.0321,-0.0339,0.1468,0.0191,-0.0283,-0.0200,-0.0121,0.1584,-0.0766,-0.0053,1.6249,-1.9192,-1.5238,58.3937,-25.6296,-68.0060
145128365,0.0077,-0.0034,-0.0492,-0.0382,0.1926,0.0120,-0.0279,-0.0200,-0.0126,0.1584,-0.1051,-0.0096,2.2894,-1.9192,-0.8444,58.4141,-25.6373,-67.9989
145133365,0.0072,-0.0037,-0.0797,-0.0174,0.1388,0.0017,-0.0177,0.0107,-0.0134,0.1584,-0.1517,0.0185,2.2894,-3.0938,-0.6876,58.4278,-25.6754,-67.9984
145138364,0.0069,-0.0038,-0.0779,0.0299,0.0542,0.0021,-0.0061,0.0019,-0.0141,0.1588,-0.1480,0.0690,2.2894,-3.0938,-0.4785,58.4370,-25.6877,-67.9981
145143364,0.0066,-0.0036,-0.0843,0.0907,-0.0004,0.0001,0.0500,-0.0500,-0.0149,0.1594,-0.1540,0.1305,2.2894,-3.0938,-0.4263,58.4507,-25.7063,-67.9986
145148364,0.0062,-0.0029,-0.1228,0.1680,-0.0398,-0.0500,0.0500,-0.0500,-0.0157,0.1603,-0.1622,0.1679,2.2894,-3.0938,1.7335,58.4599,-25.7187,-67.9504
145153364,0.0056,-0.0019,-0.1561,0.1817,-0.0035,-0.0500,0.0500,-0.0500,-0.0165,0.1612,-0.1561,0.1817,1.8080,-3.0938,1.7335,58.4629,-25.7372,-67.9443
145158364,0.0047,-0.0010,-0.1701,0.1536,0.0240,-0.0500,0.0500,-0.0500,-0.0173,0.1620,-0.1701,0.1536,1.4871,-3.0421,1.7335,58.4631,-25.7486,-67.9330
145163364,0.0040,-0.0003,-0.1429,0.1304,0.0139,-0.0500,-0.0200,0.0200,-0.0180,0.1626,-0.1429,0.1304,1.1128,-2.2676,1.7335,58.4634,-25.7489,-67.9270
145168364,0.0032,0.0001,-0.1103,0.0987,0.0487,0.0200,-0.0200,0.0200,-0.0186,0.1631,-0.1103,0.0987,0.8988,-0.9038,1.6228,58.4631,-25.7283,-67.9179
145173365,0.0028,0.0006,-0.0620,0.0837,0.1227,0.0200,0.0210,-0.0197,-0.0189,0.1635,-0.0614,0.0848,-1.0521,0.0000,0.0721,58.4256,-25.7110,-67.9459
145178365,0.0025,0.0010,-0.0153,0.0855,0.1663,0.0500,0.0154,-0.0279,-0.0188,0.1639,0.0100,0.0814,-1.6059,0.0000,-0.2769,58.4084,-25.7110,-67.9542
145183365,0.0025,0.0013,0.0235,0.0657,0.0915,0.0500,0.0094,-0.0275,-0.0187,0.1642,0.0216,0.0607,-1.6059,0.0559,-0.2769,58.3988,-25.7099,-67.9551
145188365,0.0027,0.0017,0.0461,0.0513,0.0142,0.0500,0.0030,-0.0268,-0.0184,0.1643,0.0596,0.0196,-2.4880,1.8458,-0.2769,58.3733,-25.6704,-67.9569
145193365,0.0030,0.0020,0.0644,0.0354,0.0854,0.0500,-0.0500,-0.0282,-0.0180,0.1643,0.0771,0.0022,-2.4880,1.8458,-0.3814,58.3584,-25.6593,-67.9600
145198364,0.0033,0.0021,0.0846,0.0153,0.1724,-0.0200,-0.0500,-0.0273,-0.0177,0.1643,0.0664,-0.0161,-1.4666,1.8458,-2.1060,58.3702,-25.6519,-68.0045
145203364,0.0037,0.0021,0.1142,-0.0027,0.0805,-0.0200,-0.0500,-0.0270,-0.0172,0.1641,0.0961,-0.0341,-0.8631,1.8458,-2.1060,58.3759,-25.6409,-68.0119
145208365,0.0043,0.0017,0.1359,-0.0513,0.0142,0.0503,-0.0500,-0.0175,-0.0166,0.1636,0.1244,-0.0927,-0.7238,1.8458,-2.7841,58.3755,-25.6335,-68.0410
145213364,0.0051,0.0013,0.1210,-0.0864,0.0432,0.0473,0.0200,-0.0075,-0.0162,0.1630,0.0827,-0.1279,0.8306,1.8458,-2.7841,58.4046,-25.6224,-68.0507
145218365,0.0059,0.0007,0.1090,-0.1173,0.0515,0.0468,0.0200,0.0015,-0.0159,0.1622,0.0631,-0.1587,1.2736,1.4765,-2.7841,58.4183,-25.6231,-68.0688
145223364,0.0063,-0.0001,0.0730,-0.1170,0.0341,0.0394,-0.0492,0.0500,-0.0158,0.1614,0.0257,-0.1592,1.2736,-0.0559,-2.8944,58.4259,-25.6482,-68.0809
145228365,0.0066,-0.0008,0.0272,-0.0852,0.0503,0.0300,-0.0361,0.0500,-0.0158,0.1611,-0.0049,-0.0677,1.2736,-1.1746,-2.8944,58.4310,-25.6738,-68.0998
145233365,0.0067,-0.0013,-0.0137,-0.0550,0.1162,0.0193,-0.0271,0.0500,-0.0160,0.1609,-0.0458,-0.0375,1.2736,-1.1746,-2.8944,58.4387,-25.6808,-68.1099
145238364,0.0066,-0.0014,-0.0596,-0.0211,0.2406,0.0059,-0.0159,0.0500,-0.0165,0.1609,-0.0916,-0.0036,1.2736,-1.1746,-2.6322,58.4437,-25.6855,-68.1233
145243365,0.0063,-0.0014,-0.0867,-0.0095,0.2848,-0.0500,-0.0098,-0.0200,-0.0171,0.1609,-0.1188,0.0080,1.2736,-1.1746,-2.2127,58.4514,-25.6925,-68.1234
145248364,0.0056,-0.0014,-0.1072,-0.0189,0.1813,-0.0500,-0.0066,-0.0200,-0.0177,0.1609,-0.1240,0.0102,1.2736,-1.9503,-1.5835,58.4565,-25.7146,-68.1232
145253365,0.0052,-0.0016,-0.0562,-0.0269,0.1721,-0.0500,-0.0144,0.0046,-0.0180,0.1610,-0.0738,0.0009,1.2201,-1.9503,-0.0940,58.4630,-25.7263,-68.0966
145258365,0.0051,-0.0017,-0.0324,0.0192,0.1358,-0.0500,-0.0065,-0.0500,-0.0183,0.1613,-0.0416,0.0615,1.0062,-1.9503,0.8826,58.4632,-25.7341,-68.0722
145263364,0.0050,-0.0016,-0.0208,0.0779,0.0863,0.0200,0.0500,-0.0500,-0.0184,0.1618,-0.0375,0.1070,0.7388,-1.9503,0.8826,58.4631,-25.7458,-68.0691
145268364,0.0049,-0.0012,-0.0113,0.1249,0.0271,0.0200,0.0500,-0.0500,-0.0185,0.1624,-0.0113,0.1249,0.6318,-1.6921,0.8826,58.4637,-25.7481,-68.0633
145273365,0.0048,-0.0005,0.0192,0.1335,0.0378,0.0500,0.0500,-0.0500,-0.0183,0.1631,0.0450,0.1335,-1.4951,-1.2790,0.8826,58.4204,-25.7487,-68.0602
145278364,0.0049,0.0002,0.0360,0.1063,0.0909,0.0500,0.0500,0.0200,-0.0181,0.1636,0.0360,0.1063,-1.8274,-1.0208,0.8826,58.4066,-25.7482,-68.0545
145283364,0.0052,0.0006,0.0709,0.0593,0.0921,0.0500,-0.0200,0.0200,-0.0177,0.1639,0.0709,0.0593,-1.8274,-0.7626,0.8826,58.3956,-25.7484,-68.0514
145288365,0.0055,0.0008,0.0965,0.0476,0.0570,0.0500,-0.0200,-0.0372,-0.0172,0.1642,0.0979,0.0501,-1.8274,-0.6077,0.1655,58.3883,-25.7481,-68.0606
145293364,0.0062,0.0008,0.1158,0.0583,0.0610,-0.0200,-0.0500,-0.0421,-0.0167,0.1644,0.1155,0.0391,-1.8274,0.6302,-0.6620,58.3773,-25.7255,-68.0786
145298364,0.0065,0.0010,0.0864,0.0776,0.3102,-0.0200,-0.0500,-0.0475,-0.0163,0.1647,0.0807,0.0677,-1.5488,1.2605,-0.6620,58.3760,-25.7084,-68.0829
145303365,0.0071,0.0013,0.0791,0.0473,0.3963,0.0428,-0.0500,-0.0433,-0.0159,0.1649,0.0724,0.0375,0.0554,1.2605,-0.6620,58.4023,-25.7008,-68.0852
145308365,0.0076,0.0017,0.0605,0.0501,0.3221,0.0403,-0.0500,-0.0424,-0.0157,0.1651,0.0443,0.0402,0.6091,1.2605,-0.6620,58.4154,-25.6958,-68.0895
145313364,0.0079,0.0015,0.0583,0.0122,0.1917,0.0427,0.0200,-0.0322,-0.0155,0.1651,0.0421,0.0023,0.6091,1.2605,-0.6620,58.4191,-25.6882,-68.0918
145318365,0.0083,0.0014,0.0367,-0.0266,0.0955,0.0391,0.0200,-0.0184,-0.0154,0.1648,0.0087,-0.0567,0.6091,1.2605,-2.0254,58.4215,-25.6832,-68.1266
145323365,0.0086,0.0014,0.0357,-0.0339,0.1071,0.0396,-0.0262,-0.0175,-0.0154,0.1645,0.0053,-0.0597,0.6091,-0.2909,-2.0254,58.4252,-25.7125,-68.1337
