Time_us,Roll,Pitch,GyroX,GyroY,GyroZ,T1,T2,T3,PhiX,PhiY,PhiDX,PhiDY,motor_vel_1,motor_vel_2,motor_vel_3,motor_pos_1,motor_pos_2,motor_pos_3
189290051,0.0485,0.0662,-0.0049,-0.0104,0.0176,0.1932,0.0500,-0.2000,-0.0000,-0.0001,-0.0049,-0.0104,0.0000,0.0000,0.0000,70.7127,-37.6725,-72.5000
189293364,0.0485,0.0659,-0.0067,-0.0113,0.0185,0.1927,0.0500,-0.2000,-0.0001,-0.0001,-0.0067,-0.0113,0.0000,0.0000,0.0000,70.7127,-37.6725,-72.5000
189298364,0.0483,0.0656,-0.0070,-0.0095,0.0060,0.1922,0.0500,-0.2000,-0.0001,-0.0002,-0.0070,-0.0095,0.0000,0.0000,0.0000,70.7127,-37.6725,-72.5000
189303364,0.0482,0.0655,-0.0049,-0.0034,-0.0001,0.1921,0.0500,-0.2000,-0.0001,-0.0002,-0.0049,-0.0034,0.0000,0.0000,0.0000,70.7127,-37.6725,-72.5000
189308365,0.0480,0.0656,0.0024,0.0110,0.0344,0.1926,-0.0200,-0.2000,-0.0001,-0.0001,-0.0015,0.0046,0.0000,0.0000,-0.4359,70.7127,-37.6725,-72.5089
189313365,0.0480,0.0660,0.0058,0.0354,0.0338,0.1926,-0.0200,-0.2000,-0.0002,-0.0001,-0.0100,0.0114,0.0535,0.0559,-1.6467,70.7137,-37.6713,-72.5376
189318364,0.0482,0.0658,-0.0082,0.0018,0.0591,0.1884,0.1309,-0.2000,-0.0003,-0.0003,-0.0345,-0.0408,0.0535,0.0559,-2.8603,70.7140,-37.6711,-72.5735
189323364,0.0480,0.0659,-0.0418,-0.0061,0.1526,0.1760,0.1340,-0.2000,-0.0008,-0.0005,-0.0958,-0.0508,1.6522,0.0559,-2.9707,70.7495,-37.6707,-72.5872
189328365,0.0477,0.0656,-0.0904,-0.0580,0.1471,0.1592,0.1279,-0.2000,-0.0018,-0.0012,-0.1909,-0.1373,3.1735,0.0559,-5.3069,70.7892,-37.6705,-72.6591
189333365,0.0472,0.0650,-0.1326,-0.1545,0.0390,0.1445,0.1123,-0.2000,-0.0032,-0.0025,-0.2749,-0.2610,5.3852,0.6890,-6.4633,70.8579,-37.6571,-72.7049
189338364,0.0462,0.0642,-0.2150,-0.1790,0.0014,0.1179,0.1143,-0.2000,-0.0051,-0.0043,-0.3925,-0.3442,7.0123,2.2190,-8.8634,70.9153,-37.6205,-72.7989
189343365,0.0451,0.0631,-0.2529,-0.1830,0.0072,0.0996,0.1171,-0.2000,-0.0075,-0.0061,-0.4860,-0.3707,9.5237,2.2190,-10.3607,71.0145,-37.6072,-72.8659
189348364,0.0439,0.0622,-0.2798,-0.1961,0.0078,0.0847,0.1151,-0.2000,-0.0103,-0.0083,-0.5551,-0.4342,11.0491,2.9979,-12.9689,71.0859,-37.5804,-72.9899
189353365,0.0424,0.0614,-0.2975,-0.1952,0.0472,0.0704,0.1161,-0.1883,-0.0134,-0.0107,-0.6169,-0.4748,13.3716,4.0981,-14.6245,71.2056,-37.5375,-73.0764
189358364,0.0410,0.0597,-0.3039,-0.3580,-0.0133,0.0614,0.0778,-0.1387,-0.0167,-0.0141,-0.6548,-0.6789,14.8665,5.1309,-16.3475,71.2921,-37.4992,-73.2049
189363365,0.0395,0.0577,-0.3042,-0.4374,0.0127,0.0527,0.0553,-0.1085,-0.0201,-0.0180,-0.6828,-0.7879,16.6310,6.2272,-17.2053,71.4219,-37.4437,-73.2867
189368365,0.0380,0.0552,-0.2957,-0.5168,0.0561,0.0468,0.0299,-0.0788,-0.0236,-0.0225,-0.6930,-0.8946,17.5891,7.0039,-18.2543,71.5095,-37.4011,-73.4161
189373364,0.0365,0.0523,-0.2761,-0.6017,0.0487,0.0451,0.0005,-0.0475,-0.0270,-0.0275,-0.6861,-1.0077,18.7956,8.3795,-18.7402,71.6434,-37.3264,-73.4973
189378364,0.0352,0.0491,-0.2447,-0.6646,0.0729,0.0464,-0.0500,-0.0226,-0.0303,-0.0329,-0.6657,-1.0883,19.4487,8.9846,-19.3119,71.7333,-37.2794,-73.6249
189383364,0.0340,0.0457,-0.2465,-0.7101,0.1053,0.0338,-0.0500,-0.0039,-0.0341,-0.0380,-0.7602,-1.0019,20.0776,9.6433,-19.5691,71.8648,-37.2103,-73.7053
189388365,0.0329,0.0420,-0.2553,-0.7617,0.1211,0.0265,-0.0500,0.0500,-0.0380,-0.0432,-0.7752,-1.0566,20.3277,9.6992,-19.7734,71.9508,-37.1706,-73.8297
189393365,0.0316,0.0379,-0.2801,-0.7685,0.1401,0.0280,-0.0500,0.0500,-0.0411,-0.0471,-0.6295,-0.7724,20.5915,9.2244,-19.6686,72.0793,-37.1221,-73.9041
189398364,0.0302,0.0338,-0.3073,-0.7847,0.1474,0.0150,0.0200,0.0500,-0.0444,-0.0510,-0.6582,-0.7884,20.6453,8.7496,-18.9836,72.1629,-37.0963,-74.0094
189403364,0.0283,0.0299,-0.3674,-0.7303,0.2027,-0.0500,0.0200,0.0500,-0.0480,-0.0547,-0.7129,-0.7337,20.2930,6.8023,-18.5961,72.2786,-37.0875,-74.0744
189408365,0.0263,0.0262,-0.4026,-0.6918,0.2619,-0.0500,-0.0733,-0.0200,-0.0497,-0.0586,-0.3471,-0.7870,19.9086,6.3155,-16.9405,72.3515,-37.0716,-74.1504
189413365,0.0242,0.0228,-0.4273,-0.6478,0.2467,-0.0500,-0.0676,-0.0200,-0.0516,-0.0623,-0.3768,-0.7346,19.2424,5.7654,-15.9152,72.4555,-37.0451,-74.1935
189418364,0.0219,0.0195,-0.4569,-0.6130,0.2482,-0.0500,-0.0706,0.0976,-0.0543,-0.0668,-0.5387,-0.8922,18.2973,4.7202,-14.0908,72.5120,-37.0450,-74.2482
189423364,0.0193,0.0164,-0.4661,-0.6170,0.2659,0.0200,-0.0748,0.1129,-0.0570,-0.0711,-0.5365,-0.8674,17.0325,4.3901,-12.4707,72.5927,-37.0250,-74.2674
189428364,0.0171,0.0133,-0.4719,-0.5852,0.2088,0.0200,-0.0715,0.1202,-0.0596,-0.0751,-0.5239,-0.8047,15.6843,4.3901,-10.3714,72.6310,-37.0075,-74.2955
189433364,0.0148,0.0103,-0.4749,-0.5528,0.1413,-0.0834,-0.0586,0.1366,-0.0634,-0.0789,-0.7583,-0.7483,13.5179,3.5639,-9.4996,72.6756,-36.9994,-74.3159
189438364,0.0124,0.0075,-0.5098,-0.5012,0.0634,-0.0984,-0.0451,0.1411,-0.0672,-0.0822,-0.7596,-0.6545,12.2997,2.8926,-7.3482,72.7022,-36.9999,-74.3255
189443365,0.0098,0.0050,-0.5305,-0.4465,0.0381,-0.1104,-0.0334,0.1424,-0.0709,-0.0850,-0.7380,-0.5699,10.1069,2.1697,-6.0794,72.7267,-36.9992,-74.3262
189448364,0.0070,0.0031,-0.5525,-0.3378,0.1217,-0.1264,-0.0081,0.1298,-0.0746,-0.0872,-0.7376,-0.4311,9.3952,1.7566,-4.4796,72.7521,-36.9996,-74.3263
189453364,0.0042,0.0014,-0.5586,-0.2834,0.0448,-0.1357,0.0500,0.1273,-0.0781,-0.0888,-0.7122,-0.3366,7.1382,0.0000,-3.5620,72.7567,-37.0276,-74.3237
189458364,0.0014,-0.0001,-0.5589,-0.2556,-0.0020,-0.1428,0.0500,0.1285,-0.0815,-0.0902,-0.6648,-0.2711,5.6335,-0.8252,-1.0320,72.7523,-37.0466,-74.2877
189463364,-0.0013,-0.0012,-0.5092,-0.2062,0.1184,-0.1396,0.0500,0.1159,-0.0843,-0.0912,-0.5733,-0.1968,4.0348,-0.8252,0.6271,72.7487,-37.0515,-74.2552
189468364,-0.0037,-0.0019,-0.4490,-0.1161,0.3191,-0.1338,0.0500,0.0905,-0.0867,-0.0916,-0.4774,-0.0813,2.8094,-0.8252,2.3252,72.7385,-37.0541,-74.2142
189473364,-0.0059,-0.0024,-0.4160,-0.0538,0.3484,-0.1313,-0.0200,0.0750,-0.0887,-0.0916,-0.3997,0.0075,1.0979,-0.1650,4.0930,72.7135,-37.0434,-74.1641
189478364,-0.0075,-0.0025,-0.3155,0.0360,0.1654,-0.1069,-0.0200,0.0454,-0.0900,-0.0910,-0.2548,0.1200,-0.7199,-0.1650,5.6165,72.6786,-37.0441,-74.1030
189483364,-0.0087,-0.0021,-0.2046,0.0846,0.1169,-0.0801,0.0556,0.0201,-0.0905,-0.0900,-0.1042,0.1861,-2.5539,-0.1100,6.6794,72.6323,-37.0437,-74.0576
189488364,-0.0092,-0.0015,-0.0727,0.1432,0.2497,-0.0475,0.0513,-0.0500,-0.0902,-0.0888,0.0703,0.2396,-3.5865,1.4975,7.9400,72.5998,-37.0091,-73.9869
189493364,-0.0091,-0.0008,0.0608,0.1744,0.1065,-0.0154,0.0390,-0.0500,-0.0894,-0.0881,0.1542,0.1458,-4.4705,1.9106,8.4938,72.5583,-36.9896,-73.9442
189498364,-0.0081,0.0003,0.2294,0.2459,0.0142,0.0500,0.0360,-0.0500,-0.0877,-0.0870,0.3335,0.2172,-5.0903,1.9106,8.7868,72.5260,-36.9820,-73.8854
189503364,-0.0066,0.0015,0.2624,0.2865,0.0787,0.0500,0.0437,-0.0500,-0.0863,-0.0858,0.2838,0.2494,-5.8426,2.4923,8.8916,72.4769,-36.9577,-73.8489
189508365,-0.0051,0.0029,0.2752,0.3228,0.1679,0.0500,0.0507,0.0200,-0.0848,-0.0843,0.2967,0.2858,-6.2170,2.4923,7.4022,72.4448,-36.9452,-73.8270
189513365,-0.0038,0.0046,0.2792,0.3146,0.1330,0.0500,0.0510,0.0200,-0.0833,-0.0830,0.3070,0.2667,-5.8848,3.2194,6.9608,72.4143,-36.9201,-73.8103
189518365,-0.0022,0.0062,0.3201,0.2960,0.0075,-0.0200,0.0498,-0.1276,-0.0813,-0.0813,0.3997,0.3374,-4.8326,3.2194,5.9922,72.4139,-36.9007,-73.7867
189523364,-0.0006,0.0077,0.3595,0.2859,-0.0429,-0.0200,0.0434,-0.1364,-0.0791,-0.0798,0.4386,0.2994,-4.6665,4.1163,5.0235,72.3892,-36.8682,-73.7861
189528364,0.0015,0.0088,0.3619,0.2553,0.0310,0.1077,0.0308,-0.1397,-0.0766,-0.0786,0.5082,0.2392,-4.3236,4.7005,3.6190,72.3775,-36.8307,-73.7868
189533364,0.0032,0.0100,0.3161,0.2184,0.1862,0.0976,0.0279,-0.1327,-0.0745,-0.0777,0.4137,0.1902,-1.6656,4.9205,3.0378,72.4125,-36.8075,-73.7863
189538364,0.0048,0.0109,0.2755,0.1723,0.3230,0.0909,0.0207,-0.1240,-0.0727,-0.0770,0.3631,0.1252,-1.2780,5.3606,2.2145,72.4145,-36.7668,-73.7862
189543365,0.0059,0.0112,0.2312,0.0247,0.2690,0.0847,-0.0500,-0.0879,-0.0711,-0.0772,0.3134,-0.0344,-0.9457,5.7737,1.8270,72.4144,-36.7360,-73.7867
189548364,0.0072,0.0113,0.2847,0.0046,0.2064,0.0996,-0.0500,-0.0953,-0.0696,-0.0771,0.3063,0.0205,-0.7242,6.0161,1.0669,72.4145,-36.6958,-73.7919
189553365,0.0087,0.0109,0.2969,-0.0464,0.0933,0.1089,-0.0500,-0.0834,-0.0681,-0.0774,0.3031,-0.0538,-0.6135,6.0721,-0.4965,72.4140,-36.6706,-73.8217
189558365,0.0103,0.0105,0.2813,-0.0950,0.0613,0.1086,-0.0500,-0.0704,-0.0668,-0.0779,0.2471,-0.1065,1.6045,6.0721,-0.7696,72.4598,-36.6342,-73.8317
189563365,0.0115,0.0099,0.2074,-0.1359,0.1040,0.0921,0.0200,-0.0506,-0.0661,-0.0788,0.1448,-0.1693,2.5172,5.4390,-2.2378,72.4858,-36.6232,-73.8663
189568365,0.0124,0.0087,0.1570,-0.2508,0.0274,0.0809,0.0200,-0.0130,-0.0658,-0.0803,0.0509,-0.3071,4.2740,4.0673,-3.7731,72.5412,-36.6222,-73.9174
189573365,0.0131,0.0072,0.1494,-0.3329,-0.1217,0.0840,-0.0951,0.0500,-0.0656,-0.0826,0.0487,-0.4523,5.1895,3.3287,-4.6591,72.5775,-36.6223,-73.9492
189578364,0.0136,0.0051,0.1258,-0.3894,-0.1544,0.0809,-0.1070,0.0500,-0.0654,-0.0847,0.0312,-0.4264,6.7255,2.4318,-5.3448,72.6442,-36.6230,-73.9942
189583365,0.0142,0.0029,0.0904,-0.4010,-0.0404,0.0717,-0.1145,0.0500,-0.0655,-0.0868,-0.0202,-0.4318,7.4397,2.0098,-5.5016,72.6873,-36.6226,-74.0166
189588364,0.0146,0.0013,0.0394,-0.2975,0.1608,0.0560,-0.0929,0.0500,-0.0660,-0.0885,-0.0976,-0.3205,8.6992,1.4822,-5.8406,72.7618,-36.6227,-74.0607
189593364,0.0142,-0.0000,-0.1310,-0.2334,0.1508,0.0106,-0.0603,-0.0200,-0.0674,-0.0897,-0.2800,-0.2524,9.2626,1.2184,-5.5648,72.8094,-36.6226,-74.0755
189598364,0.0135,-0.0013,-0.1833,-0.2239,0.1804,-0.0500,-0.0525,-0.0200,-0.0692,-0.0908,-0.3596,-0.2214,10.1261,-0.2237,-4.0201,72.8852,-36.6466,-74.0757
189603364,0.0124,-0.0024,-0.1836,-0.2434,0.2567,-0.0500,-0.0669,0.0596,-0.0703,-0.0922,-0.2244,-0.2723,10.4030,-1.3983,-3.3581,72.9318,-36.6741,-74.0754
189608365,0.0115,-0.0036,-0.2230,-0.1982,0.2467,-0.0500,-0.0536,0.0598,-0.0716,-0.0932,-0.2558,-0.2132,10.6769,-1.3983,-2.4203,73.0009,-36.6825,-74.0755
189613364,0.0103,-0.0047,-0.2605,-0.1790,0.1611,-0.0500,-0.0436,0.0663,-0.0731,-0.0941,-0.2983,-0.1737,10.4515,-2.3679,-2.0342,73.0391,-36.7086,-74.0756
189618364,0.0088,-0.0053,-0.3482,-0.0837,0.0689,0.0200,-0.0091,0.0623,-0.0750,-0.0945,-0.3829,-0.0689,9.9494,-2.5134,-1.5377,73.0896,-36.7266,-74.0756
189623365,0.0068,-0.0054,-0.4249,0.0336,0.0640,0.0200,0.0500,0.0496,-0.0773,-0.0941,-0.4570,0.0637,8.2261,-2.8748,-0.8677,73.0916,-36.7440,-74.0701
189628364,0.0044,-0.0051,-0.4881,0.1084,0.1153,-0.1139,0.0500,0.0481,-0.0802,-0.0935,-0.5851,0.1184,5.9642,-3.0814,0.6781,73.0885,-36.7666,-74.0396
189633365,0.0017,-0.0044,-0.5049,0.1591,-0.0148,-0.1268,0.0500,0.0433,-0.0832,-0.0927,-0.5966,0.1752,5.8565,-3.0814,1.0808,73.1098,-36.7789,-74.0263
189638364,-0.0007,-0.0035,-0.4545,0.1845,-0.1278,-0.1205,0.0500,0.0326,-0.0858,-0.0916,-0.5203,0.2178,4.9280,-2.9163,2.2306,73.1248,-36.7940,-73.9961
189643365,-0.0030,-0.0028,-0.4169,0.1637,-0.0496,-0.1198,-0.0200,0.0324,-0.0882,-0.0906,-0.4651,0.2012,4.0459,-2.3662,2.5075,73.1250,-36.7935,-73.9771
189648364,-0.0049,-0.0020,-0.3509,0.1704,0.1673,-0.1116,-0.0200,0.0190,-0.0900,-0.0895,-0.3726,0.2221,2.9781,-1.7611,3.4489,73.1246,-36.7938,-73.9455
189653364,-0.0065,-0.0011,-0.2984,0.1979,0.2653,-0.1058,0.0927,0.0030,-0.0916,-0.0881,-0.3135,0.2818,2.2521,-1.4310,4.1813,73.1209,-36.7936,-73.9095
189658364,-0.0078,-0.0002,-0.2263,0.2156,0.2378,-0.0897,0.0919,-0.0500,-0.0926,-0.0866,-0.2047,0.2937,0.3133,-1.0459,4.1813,73.0885,-36.7934,-73.8928
189663364,-0.0089,0.0009,-0.1753,0.2376,0.1660,-0.0827,0.0940,-0.0500,-0.0935,-0.0853,-0.1874,0.2507,0.2595,-0.8809,4.5483,73.0886,-36.7939,-73.8591
189668364,-0.0094,0.0021,-0.0657,0.2465,0.1315,-0.0525,0.0833,-0.0500,-0.0937,-0.0842,-0.0231,0.2264,-1.8030,1.3426,4.5483,73.0450,-36.7486,-73.8409
189673364,-0.0094,0.0032,0.0287,0.2321,0.1584,-0.0289,0.0718,-0.0500,-0.0933,-0.0831,0.0762,0.2121,-2.0847,1.3426,3.9415,73.0311,-36.7433,-73.8266
189678365,-0.0091,0.0043,0.0983,0.2275,-0.0710,-0.0053,0.0665,0.0200,-0.0924,-0.0822,0.1695,0.1959,-3.0721,2.1182,3.2244,72.9973,-36.7190,-73.8267
189683365,-0.0080,0.0053,0.1717,0.2297,-0.1391,0.0500,0.0595,0.0200,-0.0912,-0.0812,0.2453,0.1937,-3.0721,2.4091,2.3969,72.9850,-36.7036,-73.8266
189688364,-0.0068,0.0064,0.1952,0.2385,0.0051,0.0500,0.0598,-0.0852,-0.0900,-0.0801,0.2426,0.2153,-3.3930,3.5278,1.9556,72.9597,-36.6628,-73.8268
189693364,-0.0059,0.0075,0.2004,0.2156,0.1468,0.0500,0.0536,-0.0876,-0.0888,-0.0792,0.2481,0.1771,-3.3930,4.0553,1.4591,72.9461,-36.6379,-73.8266
189698365,-0.0049,0.0084,0.2321,0.1509,0.1648,0.0500,0.0347,-0.0818,-0.0873,-0.0788,0.2854,0.0946,-3.3930,4.9724,1.1833,72.9258,-36.5922,-73.8269
189703365,-0.0036,0.0089,0.2654,0.0767,0.1514,-0.0200,0.0124,-0.0717,-0.0858,-0.0788,0.3052,-0.0074,-3.2823,5.1184,-0.5244,72.9144,-36.5689,-73.8569
189708365,-0.0020,0.0091,0.2899,0.0125,0.1731,-0.0200,-0.0500,-0.0633,-0.0842,-0.0793,0.3281,-0.0923,-2.4516,5.7235,-1.3109,72.9139,-36.5234,-73.8771
189713364,-0.0003,0.0089,0.2969,-0.0275,0.2564,0.0702,-0.0500,-0.0630,-0.0827,-0.0795,0.3004,-0.0572,-1.2140,6.0850,-1.9945,72.9307,-36.4928,-73.8992
189718365,0.0012,0.0086,0.3054,-0.0110,0.3068,0.0753,-0.0500,-0.0686,-0.0813,-0.0798,0.2752,-0.0473,0.5348,5.9396,-2.4339,72.9655,-36.4593,-73.9175
189723365,0.0026,0.0082,0.2932,-0.0305,0.1746,0.0790,-0.0500,-0.0616,-0.0800,-0.0802,0.2567,-0.0775,0.5348,5.9396,-3.1538,72.9676,-36.4356,-73.9470
189728364,0.0039,0.0076,0.2523,-0.1445,-0.0038,0.0761,0.0200,-0.0297,-0.0789,-0.0811,0.2139,-0.1947,0.5348,4.9328,-3.3753,72.9708,-36.4219,-73.9649
189733365,0.0051,0.0065,0.2199,-0.2517,-0.0334,0.0724,0.0200,0.0007,-0.0781,-0.0827,0.1713,-0.3113,0.8169,4.0378,-4.0025,72.9787,-36.4219,-73.9981
189738364,0.0062,0.0050,0.1759,-0.3015,-0.1018,0.0674,-0.0870,0.0500,-0.0774,-0.0847,0.1372,-0.4063,1.7103,2.9751,-4.0547,73.0057,-36.4222,-74.0154
189743365,0.0070,0.0032,0.1582,-0.3149,-0.1388,0.0673,-0.0910,0.0500,-0.0767,-0.0865,0.1283,-0.3512,2.9499,2.4158,-4.5875,73.0390,-36.4225,-74.0527
189748364,0.0075,0.0014,0.1332,-0.3002,-0.0490,0.0616,-0.0920,0.0500,-0.0763,-0.0881,0.0979,-0.3273,2.9499,1.8005,-4.9185,73.0567,-36.4221,-74.0778
189753364,0.0082,0.0001,0.0809,-0.2407,0.1303,0.0470,-0.0794,0.0500,-0.0761,-0.0894,0.0233,-0.2628,4.0808,1.4649,-4.9185,73.0938,-36.4222,-74.1073
189758365,0.0085,-0.0011,0.0165,-0.2306,0.1795,0.0303,-0.0734,-0.0200,-0.0764,-0.0907,-0.0566,-0.2441,4.6843,0.8869,-4.7612,73.1316,-36.4262,-74.1238
189763364,0.0083,-0.0021,-0.0828,-0.2016,0.1526,0.0037,-0.0554,-0.0200,-0.0773,-0.0916,-0.1722,-0.1917,4.8505,-0.6787,-3.5027,73.1537,-36.4567,-74.1234
189768365,0.0077,-0.0032,-0.1448,-0.1625,0.2070,-0.0500,-0.0435,0.0531,-0.0786,-0.0926,-0.2676,-0.1901,5.1827,-1.0244,-2.8734,73.1913,-36.4690,-74.1236
189773365,0.0068,-0.0039,-0.1591,-0.1100,0.2082,-0.0500,-0.0322,0.0426,-0.0796,-0.0931,-0.1974,-0.1071,5.5571,-2.3153,-2.1393,73.2201,-36.5020,-74.1239
189778365,0.0058,-0.0045,-0.1878,-0.0596,0.1046,-0.0500,-0.0160,0.0398,-0.0807,-0.0934,-0.2225,-0.0505,5.3220,-2.3153,-1.7198,73.2487,-36.5159,-74.1233
189783364,0.0048,-0.0046,-0.2288,0.0235,-0.0227,-0.0500,0.0500,0.0275,-0.0820,-0.0930,-0.2552,0.0778,4.4756,-3.3606,0.2758,73.2511,-36.5484,-74.0896
189788365,0.0035,-0.0041,-0.2957,0.1304,-0.0872,0.0200,0.0500,0.0160,-0.0834,-0.0922,-0.2876,0.1444,4.4756,-3.3606,0.9378,73.2780,-36.5686,-74.0731
189793364,0.0019,-0.0034,-0.3201,0.1985,-0.0548,0.0200,0.0500,0.0045,-0.0850,-0.0912,-0.3120,0.2125,3.9211,-3.7987,0.9378,73.2844,-36.5916,-74.0675
189798364,0.0001,-0.0023,-0.3271,0.2395,-0.0401,-0.0823,0.0500,-0.0500,-0.0867,-0.0899,-0.3407,0.2657,1.6641,-3.7987,1.7612,73.2561,-36.6143,-74.0464
189803364,-0.0016,-0.0011,-0.3076,0.2385,-0.0496,-0.0844,-0.0200,-0.0500,-0.0883,-0.0887,-0.3257,0.2386,1.0528,-3.4294,2.1971,73.2488,-36.6218,-74.0248
189808364,-0.0029,0.0002,-0.2550,0.2422,-0.0114,-0.0767,-0.0200,-0.0500,-0.0897,-0.0875,-0.2683,0.2422,0.7707,-2.5325,2.1971,73.2486,-36.6216,-74.0160
189813365,-0.0040,0.0014,-0.1946,0.2279,0.0622,-0.0681,0.0893,-0.0500,-0.0908,-0.0862,-0.2231,0.2585,0.6296,-2.0577,2.1971,73.2486,-36.6214,-74.0028
189818364,-0.0049,0.0025,-0.1335,0.2428,0.1566,-0.0552,0.0860,0.0200,-0.0915,-0.0849,-0.1345,0.2428,0.0607,0.0000,1.9357,73.2403,-36.5860,-73.9996
189823365,-0.0054,0.0035,-0.0702,0.2373,0.1294,-0.0392,0.0808,0.0200,-0.0917,-0.0838,-0.0491,0.2373,-1.2301,0.0000,1.4131,73.2117,-36.5860,-73.9999
189828364,-0.0053,0.0046,-0.0254,0.2364,0.0671,-0.0261,0.0800,-0.0565,-0.0917,-0.0825,0.0037,0.2500,-1.2301,0.0000,0.9135,73.2043,-36.5860,-74.0048
189833364,-0.0053,0.0057,0.0217,0.2169,0.0231,-0.0134,0.0726,-0.0600,-0.0914,-0.0815,0.0560,0.2066,-2.3376,0.0000,-0.6781,73.1759,-36.5860,-74.0375
189838365,-0.0052,0.0065,0.0583,0.1683,-0.0472,-0.0011,0.0585,-0.0556,-0.0908,-0.0808,0.1150,0.1343,-2.8360,1.5954,-0.6781,73.1493,-36.5513,-74.0402
189843364,-0.0046,0.0071,0.1429,0.1173,-0.0655,0.0500,0.0372,-0.0581,-0.0898,-0.0804,0.2088,0.0784,-3.2074,1.9254,-0.6781,73.1303,-36.5372,-74.0442
189848364,-0.0037,0.0077,0.2022,0.0941,0.0142,0.0500,0.0236,-0.0609,-0.0887,-0.0803,0.2151,0.0204,-3.3931,3.2164,-1.7262,73.1063,-36.4975,-74.0691
189853364,-0.0023,0.0081,0.2737,0.0611,0.0936,0.0500,0.0049,-0.0676,-0.0873,-0.0804,0.2837,-0.0175,-3.3931,3.2164,-2.0572,73.0928,-36.4847,-74.0879
189858365,-0.0008,0.0084,0.2880,0.0275,0.1092,0.0500,-0.0500,-0.0658,-0.0858,-0.0807,0.3035,-0.0620,-2.6391,3.8951,-2.1096,73.0895,-36.4491,-74.0972
189863365,0.0007,0.0085,0.3002,0.0003,0.0830,-0.0200,-0.0500,-0.0657,-0.0844,-0.0809,0.2729,-0.0468,-2.1544,3.8951,-3.1584,73.0896,-36.4335,-74.1357
189868364,0.0022,0.0080,0.2905,-0.1243,0.1007,-0.0200,-0.0500,-0.0378,-0.0831,-0.0819,0.2559,-0.1837,-1.6159,4.0629,-3.9884,73.0892,-36.4061,-74.1672
189873365,0.0034,0.0072,0.2401,-0.1924,0.0836,0.0703,-0.0500,-0.0153,-0.0821,-0.0832,0.2056,-0.2634,-0.3940,4.0629,-4.7637,73.1092,-36.3898,-74.2083
189878364,0.0047,0.0059,0.2095,-0.2709,-0.0539,0.0683,0.0200,0.0500,-0.0813,-0.0849,0.1612,-0.3418,0.4178,3.6936,-4.7637,73.1274,-36.3731,-74.2273
189883364,0.0056,0.0045,0.1539,-0.2938,-0.1470,0.0627,0.0200,0.0500,-0.0806,-0.0864,0.1468,-0.2938,0.4178,3.0605,-5.3386,73.1291,-36.3723,-74.2699
189888365,0.0064,0.0026,0.1448,-0.3100,-0.1577,0.0643,-0.0884,0.0500,-0.0798,-0.0880,0.1458,-0.3243,0.4178,0.9541,-5.6776,73.1316,-36.4011,-74.2990
189893365,0.0069,0.0009,0.1158,-0.3082,-0.0853,0.0563,-0.0901,0.0500,-0.0793,-0.0895,0.0966,-0.3057,1.0269,-0.1678,-5.6776,73.1459,-36.4227,-74.3331
189898364,0.0075,-0.0006,0.0834,-0.2724,0.0155,0.0483,-0.0856,-0.0200,-0.0791,-0.0909,0.0509,-0.2700,1.8022,-0.1678,-5.6776,73.1714,-36.4237,-74.3558
189903364,0.0080,-0.0020,0.0571,-0.2486,0.0466,0.0433,-0.0833,-0.0200,-0.0790,-0.0921,0.0246,-0.2462,1.8022,-0.1678,-4.9435,73.1786,-36.4244,-74.3741
189908365,0.0082,-0.0031,-0.0098,-0.2010,0.0839,0.0233,-0.0716,0.0451,-0.0794,-0.0934,-0.0872,-0.2588,2.3905,-0.1678,-4.0520,73.2016,-36.4254,-74.3742
189913365,0.0080,-0.0039,-0.0547,-0.1191,0.2418,0.0084,-0.0498,0.0321,-0.0801,-0.0941,-0.1439,-0.1396,2.8718,-1.6222,-3.0033,73.2224,-36.4578,-74.3742
189918365,0.0076,-0.0046,-0.0644,-0.0901,0.2442,0.0041,-0.0423,0.0288,-0.0809,-0.0945,-0.1561,-0.0891,2.8718,-2.4874,-2.4265,73.2396,-36.4864,-74.3735
189923365,0.0073,-0.0051,-0.0855,-0.0559,0.0952,-0.0006,-0.0303,0.0272,-0.0818,-0.0947,-0.1790,-0.0386,3.0599,-2.9521,-1.7972,73.2553,-36.5072,-74.3736
189928364,0.0070,-0.0054,-0.0980,-0.0192,-0.0606,-0.0500,-0.0178,0.0235,-0.0828,-0.0946,-0.1964,0.0159,3.0599,-3.8323,-1.4826,73.2737,-36.5434,-74.3739
189933364,0.0064,-0.0052,-0.1402,0.0822,-0.1024,-0.0500,0.0500,0.0052,-0.0837,-0.0940,-0.1831,0.1237,3.0599,-3.8873,-1.1155,73.2859,-36.5600,-74.3742
189938365,0.0055,-0.0046,-0.1900,0.1765,-0.0792,-0.0500,0.0500,-0.0500,-0.0847,-0.0932,-0.1977,0.1631,2.3838,-4.4228,-0.9058,73.2889,-36.5953,-74.3740
189943364,0.0044,-0.0037,-0.2285,0.2395,-0.0386,-0.0500,0.0500,-0.0500,-0.0858,-0.0920,-0.2285,0.2395,1.9331,-4.4228,1.3791,73.2885,-36.6130,-74.3285
189948365,0.0033,-0.0023,-0.2654,0.2798,-0.0319,0.0200,0.0500,-0.0500,-0.0872,-0.0906,-0.2654,0.2798,1.4260,-3.6315,1.4895,73.2883,-36.6221,-74.3203
189953365,0.0021,-0.0008,-0.2657,0.2709,-0.0801,0.0200,-0.0200,-0.0500,-0.0885,-0.0893,-0.2657,0.2709,0.8338,-2.9456,1.4895,73.2815,-36.6215,-74.3114
189958364,0.0008,0.0006,-0.2501,0.2541,-0.0016,-0.0586,-0.0200,0.0200,-0.0897,-0.0880,-0.2364,0.2541,-0.7994,-2.2070,1.4895,73.2475,-36.6221,-74.3055
189963364,-0.0000,0.0016,-0.1277,0.2150,0.0338,-0.0327,0.0698,0.0200,-0.0903,-0.0868,-0.1293,0.2416,-0.7994,-1.7850,0.1655,73.2443,-36.6216,-74.3275
189968364,-0.0005,0.0026,-0.0535,0.2138,0.0423,-0.0139,0.0632,-0.0510,-0.0905,-0.0856,-0.0284,0.2358,-2.0294,-1.3101,0.1655,73.2128,-36.6214,-74.3268
189973365,-0.0006,0.0037,-0.0183,0.2007,0.0200,-0.0052,0.0601,-0.0557,-0.0904,-0.0845,0.0080,0.2187,-2.0294,-1.0991,0.1103,73.2046,-36.6220,-74.3271
189978365,-0.0005,0.0048,-0.0131,0.1851,-0.0038,-0.0030,0.0593,-0.0561,-0.0903,-0.0835,0.0159,0.1984,-2.0294,-0.7826,0.1103,73.1925,-36.6213,-74.3267
189983365,-0.0004,0.0056,0.0202,0.1384,0.0344,0.0500,0.0455,-0.0520,-0.0901,-0.0829,0.0505,0.1268,-2.6386,-0.4823,-1.2585,73.1718,-36.6181,-74.3555
189988364,-0.0003,0.0061,0.0571,0.0932,0.0680,0.0500,0.0312,-0.0454,-0.0898,-0.0826,0.0483,0.0474,-2.9708,1.0223,-2.0451,73.1475,-36.5848,-74.3786
189993364,0.0001,0.0062,0.1151,0.0437,0.0533,0.0500,0.0126,-0.0422,-0.0893,-0.0827,0.0995,-0.0137,-2.9708,1.0223,-2.8262,73.1356,-36.5807,-74.4073
189998364,0.0009,0.0063,0.1863,0.0156,0.0472,0.0500,-0.0500,-0.0466,-0.0885,-0.0829,0.1694,-0.0440,-2.5994,1.0223,-2.9727,73.1256,-36.5746,-74.4221
190003364,0.0023,0.0065,0.2364,0.0290,0.0732,-0.0200,-0.0500,-0.0591,-0.0875,-0.0831,0.2040,-0.0268,-2.1352,2.2876,-3.7480,73.1255,-36.5424,-74.4570
190008364,0.0036,0.0062,0.2141,-0.0159,0.0820,-0.0200,-0.0500,-0.0484,-0.0866,-0.0834,0.1817,-0.0717,-1.0618,2.2876,-3.7480,73.1362,-36.5286,-74.4720
190013364,0.0045,0.0060,0.1695,-0.0648,0.0292,0.0571,-0.0500,-0.0317,-0.0859,-0.0841,0.1255,-0.1291,0.3876,2.2876,-4.3229,73.1641,-36.5195,-74.5075
190018365,0.0054,0.0055,0.1463,-0.1219,-0.0750,0.0560,0.0200,-0.0145,-0.0854,-0.0850,0.0989,-0.1920,0.3876,2.2876,-4.7104,73.1664,-36.5058,-74.5327
190023365,0.0063,0.0047,0.1246,-0.1701,-0.1867,0.0552,0.0200,0.0018,-0.0851,-0.0862,0.0750,-0.2441,0.3876,2.1327,-4.9727,73.1680,-36.4998,-74.5668
190028365,0.0068,0.0035,0.1063,-0.1744,-0.1877,0.0522,-0.0531,0.0500,-0.0848,-0.0875,0.0505,-0.2475,0.3876,-0.3851,-5.3037,73.1703,-36.5447,-74.5945
190033365,0.0073,0.0025,0.0663,-0.1640,-0.0719,0.0461,-0.0484,0.0500,-0.0845,-0.0883,0.0563,-0.1583,0.3876,-0.3851,-5.1988,73.1719,-36.5463,-74.6242
190038364,0.0078,0.0017,0.0452,-0.1332,0.0130,0.0391,-0.0425,0.0500,-0.0845,-0.0889,0.0039,-0.1275,2.2060,-0.3851,-5.1988,73.2154,-36.5486,-74.6450
190043365,0.0080,0.0011,-0.0037,-0.1139,0.0222,0.0272,-0.0341,0.0500,-0.0848,-0.0894,-0.0504,-0.0988,2.2060,-1.0179,-4.4665,73.2243,-36.5632,-74.6603
190048365,0.0079,0.0004,-0.0562,-0.1029,0.0112,0.0132,-0.0257,-0.0200,-0.0853,-0.0898,-0.1118,-0.0725,2.2060,-2.0402,-3.6365,73.2375,-36.5945,-74.6599
190053364,0.0075,-0.0001,-0.0999,-0.0589,0.1376,-0.0009,-0.0134,-0.0200,-0.0861,-0.0899,-0.1554,-0.0285,2.2060,-2.0402,-2.7089,73.2463,-36.6027,-74.6602
190058365,0.0070,-0.0005,-0.1042,-0.0302,0.2067,-0.0500,-0.0082,0.0073,-0.0870,-0.0900,-0.1860,-0.0218,2.2530,-2.7788,-2.2206,73.2607,-36.6333,-74.6603
190063364,0.0064,-0.0007,-0.0913,-0.0058,0.1758,-0.0500,-0.0048,0.0004,-0.0877,-0.0900,-0.1293,0.0114,2.2530,-2.7788,-1.6347,73.2698,-36.6444,-74.6600
190068364,0.0060,-0.0007,-0.0922,0.0452,0.0503,-0.0500,0.0500,-0.0500,-0.0884,-0.0896,-0.1340,0.0777,2.2530,-3.5060,-1.3418,73.2833,-36.6773,-74.6600
190073364,0.0057,-0.0006,-0.0922,0.0892,-0.0374,-0.0500,0.0500,-0.0500,-0.0888,-0.0891,-0.0922,0.0892,2.0840,-3.5060,-1.0000,73.2888,-36.6913,-74.6601
190078364,0.0052,-0.0000,-0.0987,0.1561,-0.0655,0.0200,0.0500,-0.0500,-0.0893,-0.0883,-0.0987,0.1561,1.5206,-3.4575,-0.8047,73.2882,-36.7114,-74.6598
190083364,0.0046,0.0008,-0.0968,0.2114,-0.0759,0.0200,0.0500,-0.0500,-0.0898,-0.0873,-0.0968,0.2114,1.2389,-2.8272,-0.6095,73.2881,-36.7113,-74.6601
190088364,0.0042,0.0019,-0.0605,0.2294,-0.0771,0.0500,-0.0200,0.0200,-0.0900,-0.0861,-0.0508,0.2294,-0.5643,-2.1000,-0.5118,73.2554,-36.7114,-74.6603
190093364,0.0040,0.0031,-0.0220,0.2132,-0.0691,0.0500,-0.0200,0.0200,-0.0902,-0.0851,-0.0220,0.2132,-0.8934,-1.7122,-0.4142,73.2454,-36.7113,-74.6609
190098365,0.0040,0.0039,0.0250,0.1338,-0.0462,0.0500,0.0323,-0.0530,-0.0901,-0.0844,0.0169,0.1356,-0.8934,-0.5338,-0.4142,73.2401,-36.6959,-74.6626
190103364,0.0043,0.0046,0.0730,0.1271,-0.0120,0.0500,0.0248,-0.0602,-0.0897,-0.0838,0.0752,0.1109,-0.8934,0.6712,-0.4142,73.2365,-36.6704,-74.6651
190108365,0.0047,0.0050,0.1005,0.1292,0.0668,-0.0200,0.0216,-0.0675,-0.0892,-0.0833,0.1027,0.1130,-0.8934,0.6712,-0.4142,73.2312,-36.6664,-74.6667
190113364,0.0051,0.0058,0.1072,0.1304,0.1712,-0.0200,0.0203,-0.0714,-0.0887,-0.0828,0.0955,0.0903,-0.8934,0.6712,-2.0202,73.2276,-36.6637,-74.7079
190118364,0.0059,0.0066,0.1274,0.1295,0.2155,0.0518,0.0184,-0.0785,-0.0881,-0.0824,0.1149,0.0894,0.0470,0.6712,-2.0202,73.2421,-36.6596,-74.7160
190123364,0.0067,0.0069,0.1341,0.1136,0.1541,0.0567,0.0144,-0.0769,-0.0876,-0.0821,0.1106,0.0658,0.4232,0.6712,-2.5428,73.2512,-36.6570,-74.7389
190128364,0.0075,0.0072,0.1136,0.0648,0.0148,0.0562,0.0072,-0.0640,-0.0871,-0.0820,0.0865,0.0107,0.4232,0.6712,-2.9609,73.2537,-36.6529,-74.7589
190133365,0.0081,0.0075,0.0907,0.0489,-0.0441,0.0533,0.0067,-0.0582,-0.0869,-0.0821,0.0569,-0.0167,0.4232,0.6712,-3.7358,73.2554,-36.6502,-74.7945
190138364,0.0086,0.0078,0.0648,0.0308,0.0048,0.0478,0.0042,-0.0522,-0.0867,-0.0823,0.0284,-0.0533,0.4232,1.1460,-4.5081,73.2579,-36.6365,-74.8255
190143364,0.0089,0.0079,0.0608,-0.0125,0.0057,0.0486,-0.0500,-0.0427,-0.0866,-0.0829,0.0294,-0.1070,0.4232,1.7791,-4.5633,73.2596,-36.6172,-74.8540
190148364,0.0091,0.0075,0.0327,-0.0971,-0.0044,0.0391,-0.0500,-0.0194,-0.0868,-0.0838,-0.0413,-0.1736,1.7191,1.7791,-5.1401,73.2924,-36.6065,-74.8854
190153364,0.0092,0.0069,0.0137,-0.1408,0.0185,0.0342,-0.0500,-0.0053,-0.0871,-0.0849,-0.0649,-0.2252,1.7191,1.7791,-5.6771,73.2993,-36.5994,-74.9291
190158365,0.0095,0.0061,0.0012,-0.1588,0.0564,0.0312,-0.0500,0.0500,-0.0875,-0.0861,-0.0808,-0.2490,1.7191,0.7240,-6.0648,73.3096,-36.6111,-74.9603
190163365,0.0095,0.0051,-0.0296,-0.1674,0.0387,0.0265,0.0200,0.0500,-0.0879,-0.0870,-0.0777,-0.1675,2.7962,0.0909,-6.0648,73.3393,-36.6229,-74.9966
190168364,0.0094,0.0042,-0.0589,-0.1497,-0.0258,0.0195,0.0200,0.0500,-0.0884,-0.0877,-0.1070,-0.1498,2.7962,0.0909,-6.1171,73.3561,-36.6223,-75.0221
190173365,0.0092,0.0033,-0.0840,-0.1353,-0.0172,0.0121,-0.0234,0.0500,-0.0891,-0.0884,-0.1340,-0.1321,2.7962,-0.2237,-5.2453,73.3673,-36.6278,-75.0394
190178364,0.0089,0.0026,-0.1066,-0.1301,0.0503,0.0031,-0.0195,-0.0200,-0.0900,-0.0889,-0.1735,-0.0976,2.7962,-2.1814,-5.2453,73.3841,-36.6756,-75.0604
190183365,0.0082,0.0021,-0.1216,-0.1289,0.0988,-0.0500,-0.0185,-0.0200,-0.0909,-0.0893,-0.1885,-0.0964,2.7962,-2.1814,-4.5281,73.3952,-36.6843,-75.0764
190188364,0.0074,0.0013,-0.1268,-0.1353,0.1062,-0.0500,-0.0247,0.0281,-0.0918,-0.0901,-0.1779,-0.1570,2.7962,-2.2299,-3.7007,73.4120,-36.6984,-75.0763
190193364,0.0067,0.0008,-0.1261,-0.0544,0.0185,-0.0500,-0.0052,0.0130,-0.0927,-0.0904,-0.1733,-0.0533,2.2978,-2.7631,-2.7077,73.4124,-36.7197,-75.0756
190198364,0.0061,0.0006,-0.1292,0.0107,0.0124,-0.0500,0.0500,0.0006,-0.0935,-0.0903,-0.1720,0.0191,1.7440,-2.7631,-2.2112,73.4134,-36.7363,-75.0755
190203364,0.0056,0.0007,-0.1161,0.0870,0.0005,0.0200,0.0500,-0.0500,-0.0942,-0.0900,-0.1304,0.0624,1.4118,-2.7631,-1.6595,73.4130,-36.7473,-75.0761
190208364,0.0049,0.0013,-0.0895,0.1368,-0.0395,0.0200,0.0500,-0.0500,-0.0946,-0.0893,-0.0895,0.1368,1.0242,-2.0919,-1.3285,73.4126,-36.7485,-75.0755
190213365,0.0045,0.0021,-0.0617,0.1555,-0.0869,0.0500,0.0500,-0.0500,-0.0950,-0.0885,-0.0662,0.1555,0.2635,-1.7304,-0.9976,73.4007,-36.7489,-75.0759
190218364,0.0042,0.0028,-0.0257,0.1384,-0.1070,0.0500,-0.0200,-0.0500,-0.0951,-0.0878,-0.0257,0.1384,-0.9749,-1.2657,-0.8321,73.3719,-36.7485,-75.0762
190223364,0.0042,0.0034,0.0177,0.1075,-0.0282,0.0500,-0.0200,0.0200,-0.0950,-0.0873,0.0177,0.1075,-0.9749,-1.0591,-0.6114,73.3680,-36.7489,-75.0760
190228364,0.0043,0.0039,0.0467,0.1292,0.0448,0.0500,0.0258,0.0200,-0.0947,-0.0867,0.0505,0.1227,-0.9749,0.4363,-0.5011,73.3622,-36.7220,-75.0760
190233365,0.0046,0.0043,0.0721,0.1280,0.0109,-0.0200,0.0226,-0.0600,-0.0944,-0.0861,0.0762,0.1076,-0.9749,0.9211,-0.4459,73.3583,-36.7090,-75.0776
190238364,0.0049,0.0050,0.0886,0.1756,0.1144,-0.0200,0.0317,-0.0770,-0.0939,-0.0854,0.0927,0.1552,-0.3714,0.9211,-0.4459,73.3650,-36.7035,-75.0793
190243365,0.0055,0.0058,0.1536,0.1555,0.1831,0.0585,0.0200,-0.0855,-0.0931,-0.0847,0.1545,0.1351,0.1857,0.9211,-0.4459,73.3764,-36.6998,-75.0820
190248364,0.0063,0.0066,0.1753,0.1298,0.1666,0.0679,0.0119,-0.0861,-0.0922,-0.0842,0.1830,0.0977,0.1857,1.7042,-0.4459,73.3775,-36.6779,-75.0838
190253364,0.0074,0.0072,0.1793,0.1185,0.1242,0.0739,0.0092,-0.0879,-0.0913,-0.0838,0.1894,0.0822,0.1857,1.9838,-0.4459,73.3782,-36.6645,-75.0865
190258364,0.0085,0.0076,0.1949,0.1301,0.0616,0.0800,0.0097,-0.0920,-0.0904,-0.0834,0.1662,0.0696,1.6255,1.9838,-2.0715,73.4104,-36.6526,-75.1238
190263364,0.0095,0.0083,0.1924,0.1020,0.0659,0.0829,0.0037,-0.0891,-0.0897,-0.0833,0.1558,0.0327,1.7916,1.9838,-2.6610,73.4208,-36.6447,-75.1489
190268364,0.0104,0.0088,0.1594,0.0828,0.1221,0.0770,0.0029,-0.0845,-0.0891,-0.0832,0.1172,0.0069,1.8985,1.9838,-3.1004,73.4337,-36.6328,-75.1694
190273365,0.0112,0.0091,0.1292,0.0244,0.0640,0.0713,-0.0500,-0.0676,-0.0888,-0.0836,0.0604,-0.0670,3.0751,2.1421,-3.9865,73.4679,-36.6216,-75.2084
190278364,0.0119,0.0090,0.1109,-0.0421,-0.0212,0.0681,-0.0500,-0.0516,-0.0887,-0.0841,0.0106,-0.1016,3.8275,2.1421,-3.9865,73.5029,-36.6088,-75.2239
190283365,0.0123,0.0086,0.0550,-0.0837,0.0579,0.0535,-0.0500,-0.0345,-0.0890,-0.0849,-0.0627,-0.1598,4.2782,2.1421,-5.1094,73.5275,-36.6002,-75.2747
190288365,0.0125,0.0078,-0.0058,-0.1518,0.1395,0.0372,-0.0500,-0.0099,-0.0897,-0.0861,-0.1332,-0.2330,4.6726,2.0894,-5.4484,73.5632,-36.5884,-75.3024
190293364,0.0126,0.0071,-0.0272,-0.1344,0.1334,0.0308,0.0200,-0.0073,-0.0906,-0.0872,-0.1742,-0.2255,5.4804,0.4011,-6.1104,73.6004,-36.6171,-75.3522
190298364,0.0125,0.0063,-0.0715,-0.1222,0.0396,0.0195,0.0200,0.0005,-0.0917,-0.0883,-0.2292,-0.2179,5.9447,0.0846,-6.4250,73.6444,-36.6228,-75.3827
190303364,0.0121,0.0057,-0.1191,-0.1100,0.0451,0.0054,-0.0144,0.0500,-0.0931,-0.0893,-0.2839,-0.2106,6.2769,0.0846,-6.6692,73.6756,-36.6224,-75.4276
190308364,0.0116,0.0051,-0.1472,-0.1017,0.1489,-0.0500,-0.0044,0.0500,-0.0945,-0.0897,-0.2747,-0.0762,6.5443,-1.7339,-6.6138,73.7189,-36.6613,-75.4523
190313364,0.0109,0.0047,-0.1607,-0.1164,0.1938,-0.0500,-0.0105,0.0500,-0.0954,-0.0901,-0.1795,-0.0837,6.5443,-2.1814,-6.3923,73.7451,-36.6787,-75.4871
190318364,0.0100,0.0039,-0.2007,-0.1063,0.0772,-0.0500,-0.0026,0.0500,-0.0965,-0.0905,-0.2195,-0.0736,5.9801,-2.1814,-5.7651,73.7706,-36.6918,-75.4987
190323364,0.0090,0.0032,-0.2266,-0.0962,-0.0478,-0.0500,0.0500,-0.0200,-0.0977,-0.0908,-0.2455,-0.0636,5.6984,-2.1814,-4.2495,73.7887,-36.7005,-75.4988
190328365,0.0080,0.0027,-0.2529,-0.0632,-0.0075,0.0200,0.0500,-0.0200,-0.0990,-0.0911,-0.2529,-0.0632,4.2335,-2.0844,-3.4656,73.7889,-36.7116,-75.4981
190333365,0.0066,0.0025,-0.2816,0.0134,0.1694,0.0200,0.0500,0.0117,-0.1005,-0.0912,-0.3038,-0.0249,3.4447,-1.6966,-2.5772,73.7884,-36.7114,-75.4988
190338364,0.0053,0.0025,-0.2410,0.0486,0.0915,-0.0452,0.0500,0.0035,-0.1020,-0.0912,-0.3029,0.0171,2.5432,-1.2603,-2.1068,73.7883,-36.7114,-75.4984
190343365,0.0043,0.0028,-0.1607,0.0767,-0.0059,-0.0267,-0.0200,-0.0500,-0.1031,-0.0909,-0.2099,0.0538,2.0924,-0.4436,-1.5320,73.7886,-36.6992,-75.4981
190348364,0.0038,0.0031,-0.0782,0.0809,0.0323,-0.0069,-0.0200,-0.0500,-0.1036,-0.0905,-0.1045,0.0809,1.5290,0.9509,-1.2706,73.7881,-36.6678,-75.4983
190353364,0.0034,0.0034,-0.0473,0.0874,0.1291,-0.0008,0.0277,-0.0500,-0.1039,-0.0901,-0.0606,0.0731,1.2473,0.9509,-0.9571,73.7881,-36.6640,-75.4988
190358364,0.0035,0.0036,-0.0226,0.0965,0.1193,0.0500,0.0272,-0.0500,-0.1040,-0.0897,-0.0291,0.0807,0.9092,1.0564,-0.7480,73.7879,-36.6562,-75.4979
190363365,0.0034,0.0040,-0.0180,0.1246,0.0417,0.0500,0.0327,0.0200,-0.1040,-0.0893,0.0034,0.0876,0.7402,2.4808,-0.5912,73.7879,-36.6203,-75.4989
190368365,0.0033,0.0046,0.0098,0.1622,-0.0184,0.0500,0.0405,0.0200,-0.1039,-0.0887,0.0312,0.1251,0.5712,2.4808,-0.4867,73.7885,-36.6054,-75.4988
190373365,0.0034,0.0054,0.0586,0.1652,0.0319,0.0500,0.0364,-0.0670,-0.1035,-0.0880,0.0763,0.1217,0.4585,2.4808,-0.4345,73.7883,-36.5955,-75.5003
190378365,0.0039,0.0062,0.1264,0.1652,0.2247,-0.0200,0.0273,-0.0818,-0.1028,-0.0874,0.1450,0.1203,0.3458,2.5782,-0.4345,73.7884,-36.5784,-75.5020
190383364,0.0050,0.0070,0.2382,0.1500,0.1401,-0.0200,0.0118,-0.0965,-0.1015,-0.0869,0.2568,0.1050,0.2894,2.5782,-0.4345,73.7886,-36.5680,-75.5047
190388365,0.0063,0.0077,0.2413,0.1161,0.0744,0.0861,0.0045,-0.0934,-0.1002,-0.0866,0.2572,0.0669,0.2894,2.8532,-0.4345,73.7902,-36.5470,-75.5064
190393364,0.0075,0.0083,0.2312,0.0806,0.1251,0.0871,-0.0500,-0.0876,-0.0990,-0.0865,0.2368,0.0104,0.2894,2.9633,-1.7421,73.7913,-36.5330,-75.5391
190398365,0.0087,0.0086,0.2172,0.0458,0.1740,0.0859,-0.0500,-0.0845,-0.0980,-0.0864,0.1971,0.0199,0.2894,2.9633,-1.7421,73.7931,-36.5152,-75.5459
190403364,0.0098,0.0088,0.2178,0.0034,0.0845,0.0909,-0.0500,-0.0757,-0.0971,-0.0866,0.1891,-0.0373,0.2894,2.9633,-2.7351,73.7942,-36.5033,-75.5774
190408364,0.0109,0.0087,0.2074,-0.0434,-0.0673,0.0919,-0.0500,-0.0628,-0.0964,-0.0870,0.1454,-0.0841,2.2282,2.3436,-2.7351,73.8390,-36.4994,-75.5880
190413364,0.0120,0.0084,0.2187,-0.0886,-0.1281,0.0997,0.0200,-0.0539,-0.0956,-0.0877,0.1504,-0.1402,2.2282,1.9305,-3.4692,73.8479,-36.4992,-75.6201
190418364,0.0131,0.0079,0.2230,-0.1261,-0.0478,0.1025,0.0200,-0.0465,-0.0949,-0.0886,0.1369,-0.1809,3.1567,1.4142,-3.6754,73.8834,-36.4996,-75.6382
190423365,0.0142,0.0071,0.1921,-0.1414,0.0280,0.0970,-0.0600,-0.0381,-0.0945,-0.0897,0.0869,-0.2128,4.0981,0.3791,-4.4077,73.9162,-36.5159,-75.6791
190428365,0.0148,0.0064,0.0687,-0.1042,-0.0255,0.0663,-0.0372,-0.0281,-0.0948,-0.0905,-0.0707,-0.1666,5.0073,-0.9902,-5.1830,73.9599,-36.5471,-75.7139
190433365,0.0150,0.0060,0.0034,-0.0513,0.0600,0.0485,-0.0203,-0.0305,-0.0956,-0.0911,-0.1517,-0.1208,5.6785,-0.9902,-5.6534,73.9942,-36.5510,-75.7559
190438365,0.0149,0.0057,-0.0586,-0.0177,0.1721,0.0294,-0.0070,-0.0290,-0.0968,-0.0916,-0.2326,-0.0923,6.6083,-0.9902,-5.9924,74.0495,-36.5570,-75.7847
190443365,0.0143,0.0058,-0.0925,-0.0003,0.1926,0.0165,0.0500,-0.0279,-0.0982,-0.0919,-0.2915,-0.0637,7.3623,-2.0612,-6.3167,74.0918,-36.5838,-75.8283
190448365,0.0140,0.0058,-0.0950,-0.0278,0.1367,0.0159,0.0500,-0.0184,-0.0996,-0.0925,-0.2841,-0.1221,7.8265,-2.2072,-6.3167,74.1468,-36.5999,-75.8528
190453365,0.0136,0.0057,-0.1115,-0.0461,0.0277,0.0113,0.0500,-0.0097,-0.1012,-0.0932,-0.3049,-0.1381,8.1588,-2.2072,-6.1594,74.1858,-36.6087,-75.8880
190458365,0.0130,0.0053,-0.1484,-0.0476,-0.0188,-0.0000,0.0500,-0.0014,-0.1029,-0.0939,-0.3474,-0.1397,8.4797,-2.2072,-6.1594,74.2423,-36.6220,-75.9118
190463365,0.0122,0.0050,-0.2034,-0.0214,0.0436,-0.0500,-0.0200,0.0016,-0.1049,-0.0945,-0.3992,-0.1134,8.2916,-1.7852,-6.1594,74.2719,-36.6215,-75.9495
190468364,0.0111,0.0049,-0.2349,0.0308,0.1437,-0.0500,-0.0200,-0.0107,-0.1063,-0.0948,-0.2843,-0.0540,7.6718,-1.3104,-5.7163,74.3073,-36.6213,-75.9634
190473365,0.0097,0.0051,-0.2431,0.0620,0.1431,-0.0500,0.0366,-0.0145,-0.1078,-0.0949,-0.2913,-0.0251,7.6718,0.1460,-5.7163,74.3379,-36.5947,-75.9984
190478364,0.0085,0.0053,-0.2254,0.0144,0.1153,-0.0500,0.0275,-0.0051,-0.1091,-0.0952,-0.2616,-0.0638,6.0024,0.5355,-4.7234,74.3447,-36.5839,-75.9987
190483365,0.0074,0.0053,-0.2062,-0.0171,0.1037,0.0200,0.0211,0.0007,-0.1103,-0.0956,-0.2374,-0.0868,6.0024,0.5355,-4.1485,74.3688,-36.5818,-76.0134
190488364,0.0064,0.0049,-0.1863,-0.0565,0.0891,0.0200,0.0101,0.0500,-0.1113,-0.0963,-0.2128,-0.1344,4.6560,1.0856,-4.1485,74.3744,-36.5673,-76.0294
190493365,0.0054,0.0044,-0.1759,-0.0657,0.0164,-0.0265,0.0117,0.0500,-0.1124,-0.0968,-0.2237,-0.0968,3.8204,2.0758,-3.2767,74.3747,-36.5403,-76.0354
190498364,0.0045,0.0040,-0.1466,-0.0339,-0.0365,-0.0205,0.0154,0.0500,-0.1133,-0.0971,-0.1776,-0.0650,2.8455,2.0758,-2.6955,74.3750,-36.5279,-76.0353
190503364,0.0039,0.0038,-0.1054,-0.0015,-0.0075,-0.0126,0.0174,0.0500,-0.1140,-0.0973,-0.1276,-0.0326,2.3348,2.0758,-1.9690,74.3751,-36.5196,-76.0351
190508364,0.0035,0.0040,-0.0452,0.0287,0.0662,0.0008,0.0163,-0.0200,-0.1143,-0.0973,-0.0571,-0.0023,1.7313,2.0758,-1.6300,74.3750,-36.5071,-76.0354
190513364,0.0033,0.0040,0.0006,0.0238,0.1074,0.0500,0.0081,-0.0200,-0.1142,-0.0974,0.0191,-0.0118,0.1231,2.3857,-1.1941,74.3469,-36.4915,-76.0353
190518364,0.0036,0.0040,0.0843,-0.0296,0.1682,0.0500,-0.0500,-0.0500,-0.1137,-0.0978,0.0963,-0.0802,-0.3231,2.3857,-1.0004,74.3366,-36.4772,-76.0357
190523364,0.0041,0.0038,0.1206,-0.0382,0.1837,0.0500,-0.0500,-0.0500,-0.1131,-0.0980,0.1206,-0.0382,-0.3231,2.3857,0.4181,74.3353,-36.4677,-76.0113
190528364,0.0047,0.0035,0.1436,-0.0299,0.1801,0.0500,-0.0500,-0.0500,-0.1124,-0.0981,0.1436,-0.0299,0.0000,1.9978,0.9930,74.3402,-36.4618,-75.9964
190533365,0.0055,0.0033,0.1634,0.0159,0.2002,-0.0200,-0.0500,-0.0500,-0.1115,-0.0980,0.1634,0.0159,0.0000,1.6100,0.9930,74.3402,-36.4624,-75.9903
190538364,0.0064,0.0034,0.1756,0.0626,0.2024,-0.0200,0.0200,0.0200,-0.1107,-0.0977,0.1756,0.0626,0.0000,1.2221,0.9930,74.3402,-36.4617,-75.9865
190543365,0.0073,0.0036,0.1949,0.0941,0.1899,0.0752,0.0200,0.0200,-0.1097,-0.0972,0.1877,0.0941,0.4178,0.9797,0.1568,74.3488,-36.4622,-75.9991
190548364,0.0081,0.0040,0.1998,0.1213,0.1792,0.0791,-0.0032,-0.0828,-0.1088,-0.0967,0.1799,0.1117,1.5784,0.7373,0.1045,74.3796,-36.4620,-75.9997
190553365,0.0092,0.0044,0.2123,0.1194,0.1544,0.0860,-0.0042,-0.0877,-0.1079,-0.0960,0.1825,0.1271,1.5784,-0.4131,0.1045,74.3859,-36.4832,-75.9990
190558364,0.0103,0.0049,0.2101,0.1521,0.0915,0.0883,0.0500,-0.0965,-0.1072,-0.0952,0.1502,0.1589,2.5752,-1.1360,-0.6781,74.4180,-36.5038,-76.0150
190563365,0.0113,0.0056,0.1817,0.1918,-0.0783,0.0875,0.0500,-0.1019,-0.1065,-0.0944,0.1237,0.1679,2.5752,-1.1360,-1.5983,74.4283,-36.5084,-76.0421
190568365,0.0124,0.0066,0.1707,0.2324,0.0527,0.0860,0.0500,-0.1160,-0.1061,-0.0934,0.0952,0.2085,3.5914,-1.1360,-1.5983,74.4658,-36.5152,-76.0482
190573365,0.0132,0.0079,0.1432,0.2337,0.1773,0.0803,0.0500,-0.1198,-0.1058,-0.0924,0.0591,0.2031,3.8735,-1.1360,-2.0396,74.4859,-36.5197,-76.0671
190578364,0.0141,0.0089,0.1393,0.1839,0.1257,0.0816,-0.0200,-0.1119,-0.1056,-0.0916,0.0329,0.1475,4.9728,-0.9295,-2.4257,74.5339,-36.5224,-76.0840
190583364,0.0146,0.0098,0.0767,0.1463,0.1086,0.0675,-0.0200,-0.0984,-0.1058,-0.0911,-0.0399,0.0975,5.1418,0.3098,-3.2648,74.5578,-36.4983,-76.1164
190588364,0.0150,0.0103,0.0363,0.1249,0.1633,0.0563,0.0274,-0.0900,-0.1063,-0.0908,-0.1064,0.0594,6.4213,0.3098,-4.0676,74.6181,-36.4964,-76.1465
190593365,0.0151,0.0109,-0.0040,0.0834,0.1715,0.0449,0.0244,-0.0758,-0.1072,-0.0908,-0.1690,-0.0035,6.9946,0.3098,-5.5039,74.6561,-36.4952,-76.2038
190598365,0.0150,0.0113,-0.0464,0.0684,0.1560,0.0329,0.0276,-0.0665,-0.1083,-0.0911,-0.2224,-0.0408,7.9114,1.3279,-5.9742,74.7186,-36.4717,-76.2348
190603364,0.0148,0.0116,-0.0745,0.0580,0.1181,0.0247,0.0294,-0.0587,-0.1096,-0.0914,-0.2631,-0.0747,8.2876,1.7642,-7.1188,74.7583,-36.4562,-76.2985
190608364,0.0146,0.0118,-0.0812,0.0211,0.1260,0.0210,0.0230,-0.0489,-0.1110,-0.0920,-0.2823,-0.1231,8.6256,1.7642,-7.8911,74.8160,-36.4456,-76.3438
190613364,0.0139,0.0117,-0.1597,-0.0254,0.1480,-0.0500,0.0223,-0.0257,-0.1129,-0.0930,-0.3712,-0.1945,8.9487,2.3236,-9.0050,74.8578,-36.4270,-76.4177
190618365,0.0132,0.0115,-0.1988,-0.0434,0.1013,-0.0500,0.0182,-0.0191,-0.1142,-0.0941,-0.2587,-0.2217,8.9952,2.5473,-9.4480,74.9126,-36.4074,-76.4621
190623364,0.0122,0.0114,-0.2126,-0.0425,0.1230,-0.0500,0.0212,-0.0148,-0.1156,-0.0953,-0.2773,-0.2291,8.8844,2.5473,-10.0076,74.9459,-36.3972,-76.5325
190628365,0.0110,0.0112,-0.2224,-0.0767,0.1669,-0.0500,0.0149,-0.0027,-0.1170,-0.0967,-0.2848,-0.2768,8.5100,3.1276,-10.3251,74.9904,-36.3693,-76.5780
190633365,0.0099,0.0107,-0.2172,-0.1268,0.1721,0.0200,0.0040,0.0500,-0.1184,-0.0983,-0.2778,-0.3238,7.3815,3.1276,-10.1153,75.0003,-36.3568,-76.6368
190638365,0.0088,0.0099,-0.2199,-0.1833,0.1611,0.0200,-0.0017,0.0500,-0.1193,-0.0994,-0.1928,-0.2301,6.5352,3.1276,-10.0177,75.0236,-36.3381,-76.6739
190643364,0.0078,0.0088,-0.2144,-0.2398,0.0787,-0.0292,-0.0500,0.0500,-0.1208,-0.1009,-0.2902,-0.2861,5.9717,3.0789,-9.4639,75.0380,-36.3267,-76.7227
190648364,0.0068,0.0075,-0.1991,-0.2902,-0.0062,-0.0287,-0.0500,0.0500,-0.1222,-0.1023,-0.2756,-0.2903,4.4505,3.0789,-8.9936,75.0387,-36.3082,-76.7497
190653364,0.0057,0.0059,-0.1817,-0.3299,0.0142,-0.0277,-0.0500,-0.0200,-0.1234,-0.1040,-0.2437,-0.3300,3.6053,3.0789,-7.2689,75.0379,-36.2959,-76.7634
190658364,0.0051,0.0039,-0.0904,-0.3897,0.1040,-0.0072,-0.0500,-0.0200,-0.1241,-0.1059,-0.1369,-0.3898,2.7038,2.3088,-6.9783,75.0387,-36.2950,-76.7857
190663365,0.0047,0.0021,-0.0388,-0.3641,0.0894,0.0018,0.0200,0.0744,-0.1247,-0.1081,-0.1209,-0.4406,2.1968,1.8687,-5.1379,75.0384,-36.2954,-76.7857
190668364,0.0047,0.0003,-0.0113,-0.3094,0.0420,0.0500,0.0200,0.0645,-0.1251,-0.1100,-0.0757,-0.3722,1.6333,1.4286,-4.2177,75.0386,-36.2944,-76.7854
190673365,0.0046,-0.0013,-0.0089,-0.2615,0.0704,0.0500,-0.0736,0.0569,-0.1252,-0.1116,-0.0285,-0.3199,1.3516,0.8191,-3.1037,75.0388,-36.3016,-76.7855
190678364,0.0047,-0.0025,0.0086,-0.1860,0.1633,0.0500,-0.0620,0.0392,-0.1253,-0.1126,-0.0219,-0.2097,0.9572,-0.9736,-2.5710,75.0378,-36.3392,-76.7858
190683365,0.0047,-0.0034,0.0287,-0.1500,0.1688,0.0500,-0.0595,0.0311,-0.1253,-0.1134,0.0041,-0.1636,0.7882,-0.9736,-1.8929,75.0380,-36.3431,-76.7858
190688365,0.0048,-0.0042,0.0458,-0.1713,0.1080,-0.0200,-0.0683,0.0366,-0.1252,-0.1143,0.0241,-0.1799,0.7318,-0.9736,-1.5539,75.0413,-36.3489,-76.7857
190693365,0.0050,-0.0051,0.0580,-0.1338,0.0897,-0.0200,-0.0647,0.0292,-0.1250,-0.1150,0.0401,-0.1359,0.7318,-0.9736,-1.1180,75.0442,-36.3528,-76.7851
190698364,0.0055,-0.0057,0.0950,-0.0791,0.1199,0.0417,-0.0596,0.0133,-0.1247,-0.1154,0.0602,-0.0681,0.7318,-1.6595,-0.9243,75.0486,-36.3729,-76.7853
190703365,0.0061,-0.0052,0.1210,0.1677,0.1767,0.0492,-0.0084,-0.0500,-0.1243,-0.1144,0.0771,0.1823,1.3781,-1.6595,-0.6821,75.0649,-36.3795,-76.7854
190708365,0.0068,-0.0041,0.1405,0.2624,0.1529,0.0563,0.0500,-0.0500,-0.1239,-0.1130,0.0848,0.2871,2.4013,-1.6595,-0.5853,75.0985,-36.3895,-76.7859
190713365,0.0076,-0.0023,0.1622,0.3299,0.1159,0.0666,0.0500,-0.0500,-0.1232,-0.1114,0.1208,0.3298,2.4013,-2.7781,-0.4400,75.1081,-36.4198,-76.7860
190718365,0.0085,-0.0004,0.1967,0.3567,0.0955,0.0785,0.0500,-0.0500,-0.1225,-0.1096,0.1473,0.3566,2.8656,-2.8340,-0.3431,75.1333,-36.4379,-76.7855
190723364,0.0094,0.0012,0.1943,0.3662,0.0823,0.0817,0.0500,0.0200,-0.1218,-0.1077,0.1449,0.3661,2.8656,-2.8340,-0.2462,75.1447,-36.4493,-76.7854
190728364,0.0103,0.0029,0.1582,0.3870,0.0958,0.0754,-0.0200,0.0200,-0.1213,-0.1058,0.0984,0.3868,3.4747,-2.5916,-0.1978,75.1766,-36.4612,-76.7853
190733364,0.0111,0.0049,0.1158,0.4050,0.1761,0.0664,-0.0200,-0.1414,-0.1211,-0.1038,0.0484,0.4011,3.7956,-2.1068,-0.2462,75.1971,-36.4610,-76.7877
190738364,0.0117,0.0071,0.0733,0.4310,0.3078,0.0541,0.0868,-0.1527,-0.1212,-0.1016,-0.0218,0.4506,4.6190,-1.5736,-0.2462,75.2394,-36.4613,-76.7886
190743365,0.0119,0.0093,0.0412,0.4166,0.3615,0.0464,0.0938,-0.1540,-0.1214,-0.0994,-0.0536,0.4275,4.9011,-0.9956,-0.2462,75.2646,-36.4554,-76.7901
190748364,0.0120,0.0113,0.0376,0.3852,0.1993,0.0480,0.0944,-0.1500,-0.1217,-0.0976,-0.0529,0.3702,5.5209,0.7271,-0.2462,75.3089,-36.4198,-76.7911
190753364,0.0121,0.0129,0.0156,0.2831,0.1978,0.0410,0.0795,-0.1281,-0.1222,-0.0963,-0.0999,0.2444,6.1671,0.7271,-1.8460,75.3449,-36.4169,-76.8306
190758365,0.0122,0.0142,-0.0165,0.2584,0.2445,0.0324,0.0821,-0.1240,-0.1229,-0.0952,-0.1367,0.2196,6.4457,0.7271,-1.8460,75.3880,-36.4125,-76.8377
190763364,0.0121,0.0155,-0.0257,0.2208,0.2210,0.0308,0.0784,-0.1176,-0.1236,-0.0944,-0.1376,0.1631,6.6118,1.9933,-1.8460,75.4173,-36.3824,-76.8490
190768364,0.0117,0.0165,-0.0519,0.1866,0.1285,0.0242,0.0772,-0.1064,-0.1244,-0.0940,-0.1590,0.0940,6.6118,3.4376,-2.7375,75.4569,-36.3380,-76.8753
190773364,0.0114,0.0173,-0.0473,0.1390,0.0912,0.0241,0.0689,-0.0964,-0.1252,-0.0938,-0.1604,0.0229,6.7722,4.0365,-3.7139,75.4872,-36.3118,-76.9137
190778365,0.0112,0.0181,-0.0541,0.1246,0.1239,0.0218,0.0668,-0.0934,-0.1260,-0.0940,-0.1584,-0.0229,6.4901,5.3129,-4.5446,75.5211,-36.2584,-76.9454
190783365,0.0110,0.0186,-0.0339,0.0843,0.2235,0.0248,0.0549,-0.0882,-0.1267,-0.0944,-0.1408,-0.0901,6.3774,5.9621,-5.7069,75.5447,-36.2229,-76.9988
190788365,0.0108,0.0188,-0.0391,-0.0012,0.2720,0.0221,0.0355,-0.0680,-0.1274,-0.0954,-0.1440,-0.2007,6.3774,6.9167,-6.4333,75.5829,-36.1653,-77.0361
190793365,0.0107,0.0184,-0.0165,-0.0977,0.2317,0.0276,0.0102,-0.0467,-0.1280,-0.0970,-0.1235,-0.3134,6.2697,7.2332,-7.2057,75.6060,-36.1312,-77.0934
190798365,0.0108,0.0169,0.0327,-0.3366,0.1596,0.0415,-0.0500,0.0500,-0.1284,-0.0998,-0.0722,-0.5677,6.1305,7.7404,-7.7300,75.6404,-36.0758,-77.1327
190803364,0.0111,0.0150,0.0547,-0.4117,0.1483,0.0485,-0.0500,0.0500,-0.1286,-0.1019,-0.0494,-0.4121,6.0751,7.9605,-8.5505,75.6638,-36.0323,-77.1987
190808365,0.0115,0.0128,0.0431,-0.4417,0.2036,0.0464,-0.0500,0.0500,-0.1289,-0.1041,-0.0611,-0.4421,6.0751,7.9605,-8.6613,75.7003,-36.0005,-77.2323
190813364,0.0119,0.0104,0.0434,-0.4597,0.2204,0.0477,-0.0500,0.0500,-0.1292,-0.1064,-0.0654,-0.4601,6.3425,7.4441,-8.8665,75.7307,-35.9657,-77.2924
190818365,0.0121,0.0081,0.0339,-0.4930,0.1859,0.0462,0.0200,-0.0200,-0.1296,-0.1089,-0.0774,-0.4934,6.4836,6.2321,-8.8665,75.7721,-35.9623,-77.3246
190823364,0.0123,0.0056,0.0208,-0.5217,0.1660,0.0435,0.0200,-0.0200,-0.1301,-0.1115,-0.0945,-0.5222,6.7089,4.6322,-7.8184,75.8031,-35.9619,-77.3549
190828365,0.0124,0.0028,-0.0079,-0.5394,0.1407,0.0344,-0.1386,0.0988,-0.1309,-0.1150,-0.1608,-0.7053,7.0859,3.7596,-7.3464,75.8516,-35.9625,-77.3736
190833365,0.0124,0.0001,-0.0464,-0.4985,0.1489,0.0248,-0.1315,0.1010,-0.1319,-0.1181,-0.1929,-0.6202,7.2252,2.7900,-5.3538,75.8829,-35.9623,-77.3740
190838364,0.0120,-0.0022,-0.0803,-0.4203,0.2286,0.0140,-0.1174,0.0946,-0.1330,-0.1207,-0.2253,-0.5216,7.3359,2.3052,-4.4624,75.9287,-35.9618,-77.3739
190843364,0.0115,-0.0038,-0.1103,-0.2605,0.3386,0.0033,-0.0829,0.0667,-0.1343,-0.1224,-0.2522,-0.3345,7.4429,1.6750,-3.2563,75.9676,-35.9625,-77.3742
190848364,0.0109,-0.0051,-0.1271,-0.2196,0.3145,-0.0500,-0.0742,0.0652,-0.1356,-0.1238,-0.2670,-0.2814,7.4429,1.3841,-2.7319,75.9974,-35.9622,-77.3741
190853364,0.0104,-0.0062,-0.1307,-0.1823,0.2143,-0.0500,-0.0711,0.0574,-0.1363,-0.1249,-0.1384,-0.2269,7.2078,1.0447,-1.9454,76.0360,-35.9618,-77.3735
190858365,0.0098,-0.0071,-0.1335,-0.1353,0.1352,-0.0500,-0.0611,0.0524,-0.1370,-0.1258,-0.1401,-0.1723,6.9261,0.8508,-1.6307,76.0583,-35.9619,-77.3735
190863364,0.0090,-0.0077,-0.1674,-0.0602,0.0839,-0.0500,-0.0369,0.0413,-0.1379,-0.1260,-0.1753,-0.0493,6.3875,-0.8262,-0.0997,76.0887,-35.9942,-77.3505
190868366,0.0081,-0.0079,-0.1891,0.0113,0.1089,0.0200,-0.0167,0.0290,-0.1388,-0.1258,-0.1894,0.0431,5.2027,-1.0844,1.0481,76.0882,-36.0036,-77.3253
190873365,0.0071,-0.0077,-0.1958,0.0797,0.1630,0.0200,0.0020,0.0139,-0.1397,-0.1251,-0.1859,0.1342,3.8564,-1.2494,2.4042,76.0885,-36.0135,-77.2891
190878365,0.0062,-0.0073,-0.1781,0.1460,0.1462,-0.0261,0.0500,-0.0013,-0.1409,-0.1240,-0.2323,0.2214,3.1563,-2.5147,2.5495,76.0885,-36.0469,-77.2773
190883364,0.0054,-0.0065,-0.1307,0.1851,0.0991,-0.0135,0.0500,-0.0500,-0.1416,-0.1228,-0.1418,0.2362,2.3485,-2.5147,3.4380,76.0888,-36.0620,-77.2399
190888365,0.0048,-0.0051,-0.0770,0.2969,0.1978,-0.0050,0.0500,-0.0500,-0.1422,-0.1214,-0.1100,0.2968,1.9176,-2.5147,3.4380,76.0887,-36.0721,-77.2279
190893364,0.0050,-0.0035,0.0449,0.3665,0.2537,0.0500,0.0500,-0.0500,-0.1421,-0.1195,0.0202,0.3665,1.4330,-3.0015,3.4380,76.0890,-36.0991,-77.2055
190898364,0.0053,-0.0016,0.0678,0.4316,0.2476,0.0500,-0.0200,-0.0500,-0.1417,-0.1174,0.0678,0.4316,1.1637,-1.8819,2.9949,76.0888,-36.0864,-77.2030
190903365,0.0059,0.0007,0.0800,0.4456,0.1618,0.0500,-0.0200,0.0200,-0.1413,-0.1151,0.0800,0.4456,0.8406,-1.3951,2.1642,76.0883,-36.0865,-77.2029
190908365,0.0065,0.0029,0.1475,0.4206,0.0799,0.0500,0.0705,0.0200,-0.1406,-0.1130,0.1376,0.4378,0.6790,-1.1517,1.8320,76.0882,-36.0867,-77.2026
190913364,0.0074,0.0047,0.2059,0.3506,0.1217,-0.0200,0.0503,-0.1361,-0.1395,-0.1112,0.2240,0.3606,0.6252,0.7152,1.3889,76.0909,-36.0527,-77.2027
190918365,0.0086,0.0062,0.2703,0.2914,0.1621,-0.0200,0.0307,-0.1386,-0.1381,-0.1097,0.2876,0.2883,0.6252,1.1003,0.8999,76.0934,-36.0407,-77.2054
190923364,0.0103,0.0073,0.2969,0.2575,0.0985,0.1136,0.0210,-0.1384,-0.1366,-0.1086,0.2841,0.2293,0.9037,1.1003,-0.7839,76.1028,-36.0341,-77.2385
190928364,0.0120,0.0085,0.3057,0.2621,0.0399,0.1220,0.0225,-0.1460,-0.1353,-0.1074,0.2721,0.2268,1.8786,1.1003,-1.2543,76.1285,-36.0297,-77.2551
190933365,0.0136,0.0098,0.2792,0.2938,0.2097,0.1195,0.0318,-0.1593,-0.1341,-0.1061,0.2465,0.2570,1.8786,1.2035,-1.2543,76.1398,-36.0211,-77.2601
190938364,0.0150,0.0113,0.3097,0.2746,0.2436,0.1316,0.0241,-0.1651,-0.1327,-0.1051,0.2658,0.2087,2.4878,2.1330,-2.2714,76.1599,-35.9950,-77.2913
190943364,0.0165,0.0126,0.3231,0.2401,0.1596,0.1414,0.0171,-0.1646,-0.1314,-0.1043,0.2702,0.1635,2.6539,2.1330,-2.9885,76.1791,-35.9823,-77.3153
190948364,0.0182,0.0135,0.3106,0.1652,0.0460,0.1453,0.0033,-0.1504,-0.1302,-0.1039,0.2406,0.0751,3.1887,2.1330,-3.9018,76.2007,-35.9737,-77.3541
190953365,0.0197,0.0141,0.2605,0.1069,0.0833,0.1361,-0.0500,-0.1341,-0.1294,-0.1040,0.1625,-0.0094,4.3753,2.5693,-5.2182,76.2467,-35.9502,-77.3986
190958365,0.0209,0.0143,0.2010,0.0312,0.2210,0.1202,-0.0500,-0.1144,-0.1291,-0.1043,0.0529,-0.0680,5.2582,2.5693,-6.6644,76.2829,-35.9399,-77.4636
190963365,0.0216,0.0143,0.1545,-0.0278,0.2305,0.1083,-0.0500,-0.0943,-0.1293,-0.1050,-0.0316,-0.1496,6.7073,2.5693,-8.1863,76.3471,-35.9245,-77.5238
190968365,0.0220,0.0140,0.1023,-0.0816,0.1104,0.0955,-0.0500,-0.0712,-0.1299,-0.1062,-0.1209,-0.2287,8.0128,2.2337,-9.8839,76.4025,-35.9214,-77.6120
190973365,0.0227,0.0135,0.1042,-0.1387,0.0588,0.0962,0.0200,-0.0548,-0.1307,-0.1077,-0.1595,-0.3048,9.7226,1.6184,-11.1553,76.4893,-35.9223,-77.6797
190978365,0.0233,0.0127,0.0757,-0.1466,0.1468,0.0879,0.0200,-0.0462,-0.1318,-0.1094,-0.2199,-0.3388,10.6995,1.3388,-12.9105,76.5499,-35.9219,-77.7866
190983365,0.0231,0.0122,-0.0721,-0.0831,0.2305,0.0458,-0.0158,-0.0388,-0.1338,-0.1108,-0.4096,-0.2744,12.3428,-0.8242,-13.6747,76.6519,-35.9625,-77.8551
190988365,0.0226,0.0118,-0.1460,-0.0272,0.1786,0.0237,0.0500,-0.0365,-0.1363,-0.1120,-0.5087,-0.2378,13.1526,-0.8242,-14.9730,76.7189,-35.9658,-77.9677
190993365,0.0218,0.0118,-0.1918,0.0232,0.2412,0.0070,0.0500,-0.0388,-0.1392,-0.1130,-0.5712,-0.2103,14.1881,-0.8242,-15.6778,76.8218,-35.9708,-78.0431
190998364,0.0209,0.0121,-0.1964,0.0101,0.3273,-0.0002,0.0500,-0.0341,-0.1422,-0.1142,-0.5921,-0.2338,14.7898,-0.8242,-16.3714,76.8922,-35.9741,-78.1532
191003364,0.0197,0.0121,-0.2385,-0.0257,0.2607,-0.0500,0.0500,-0.0173,-0.1454,-0.1156,-0.6455,-0.2743,15.2806,-0.8242,-16.6906,76.9926,-35.9790,-78.2258
191008364,0.0185,0.0119,-0.2896,-0.0269,0.1385,-0.0500,-0.0200,-0.0159,-0.1476,-0.1169,-0.4367,-0.2777,15.2713,-0.8242,-16.9500,77.0537,-35.9823,-78.3317
191013365,0.0170,0.0117,-0.3457,-0.0226,0.0930,-0.0500,-0.0200,-0.0052,-0.1500,-0.1183,-0.4924,-0.2728,14.6380,-0.8242,-16.8976,77.1317,-35.9873,-78.3984
191018364,0.0153,0.0115,-0.3830,-0.0162,0.1303,-0.0500,0.0414,0.0013,-0.1527,-0.1196,-0.5283,-0.2642,13.7610,0.0000,-16.7380,77.1718,-35.9732,-78.4960
191023365,0.0131,0.0116,-0.4288,-0.0043,0.2064,0.0200,0.0532,0.0500,-0.1555,-0.1209,-0.5643,-0.2531,12.4182,0.5818,-16.1861,77.2250,-35.9586,-78.5508
191028364,0.0109,0.0111,-0.4133,-0.1222,0.0194,0.0200,0.0410,0.0500,-0.1575,-0.1216,-0.4082,-0.1309,11.4667,0.5818,-15.4356,77.2538,-35.9563,-78.6313
191033364,0.0089,0.0104,-0.3797,-0.1561,-0.0676,-0.0704,0.0376,0.0500,-0.1602,-0.1224,-0.5292,-0.1711,9.2097,0.9733,-14.7376,77.2708,-35.9448,-78.6778
191038365,0.0072,0.0092,-0.3821,-0.2034,-0.0142,-0.0766,0.0245,0.0500,-0.1627,-0.1236,-0.5078,-0.2334,8.3264,1.9801,-13.9069,77.2884,-35.9179,-78.7468
191043364,0.0053,0.0081,-0.3684,-0.2486,0.1037,-0.0795,0.0099,-0.0200,-0.1650,-0.1250,-0.4574,-0.2784,6.1854,1.9801,-12.2868,77.2889,-35.9061,-78.7670
191048365,0.0034,0.0069,-0.3445,-0.2538,0.1859,-0.0806,0.0035,-0.0200,-0.1671,-0.1264,-0.4143,-0.2835,5.0585,1.9801,-10.5433,77.2887,-35.8981,-78.8020
191053364,0.0018,0.0054,-0.3002,-0.2926,0.1721,-0.0806,-0.0500,0.0936,-0.1692,-0.1287,-0.4303,-0.4693,3.7063,2.0856,-9.7629,77.2879,-35.8841,-78.8272
191058364,0.0005,0.0038,-0.2309,-0.3366,0.1379,-0.0666,-0.0500,0.0978,-0.1710,-0.1309,-0.3449,-0.4435,3.0302,2.5604,-7.1701,77.2879,-35.8647,-78.8261
191063364,-0.0005,0.0020,-0.1616,-0.3415,0.1807,-0.0523,-0.0500,0.0967,-0.1722,-0.1332,-0.2582,-0.4418,2.2414,2.5604,-6.7288,77.2880,-35.8493,-78.8445
191068366,-0.0013,0.0001,-0.1579,-0.3412,0.2280,-0.0539,-0.0500,0.1028,-0.1734,-0.1353,-0.2378,-0.4337,1.5365,2.5604,-6.2044,77.2820,-35.8391,-78.8740
191073365,-0.0018,-0.0017,-0.1283,-0.3079,0.0072,-0.0425,0.0200,0.0991,-0.1743,-0.1372,-0.1669,-0.3833,-0.2821,1.9763,-5.0508,77.2481,-35.8371,-78.8734
191078365,-0.0020,-0.0028,-0.0058,-0.1939,-0.0441,-0.0108,0.0200,0.0620,-0.1744,-0.1385,-0.0322,-0.2498,-0.3356,0.8847,-3.7399,77.2459,-35.8525,-78.8736
191083365,-0.0018,-0.0040,0.0617,-0.2046,-0.0847,0.0500,-0.0646,0.0582,-0.1741,-0.1397,0.0648,-0.2479,-1.7796,-0.1583,-3.0582,77.2089,-35.8732,-78.8736
191088365,-0.0012,-0.0049,0.1188,-0.1943,-0.0218,0.0500,-0.0727,0.0499,-0.1736,-0.1409,0.0980,-0.2258,-1.7796,-0.1583,-2.2716,77.2018,-35.8738,-78.8738
191093365,-0.0003,-0.0057,0.1784,-0.1240,0.0854,0.0500,-0.0708,0.0265,-0.1728,-0.1416,0.1611,-0.1493,-3.2194,-0.1583,-1.8521,77.1576,-35.8748,-78.8736
191098364,0.0008,-0.0062,0.2315,-0.0373,0.0616,0.0500,-0.0605,-0.0019,-0.1717,-0.1418,0.2221,-0.0322,-3.2194,-0.7176,-0.3790,77.1447,-35.8869,-78.8526
191103364,0.0021,-0.0061,0.2645,0.0583,0.0512,-0.0200,-0.0431,-0.0500,-0.1704,-0.1412,0.2530,0.1047,-3.2194,-2.2278,0.8826,77.1254,-35.9278,-78.8256
191108365,0.0035,-0.0056,0.3021,0.1408,0.1755,-0.0200,-0.0324,-0.0500,-0.1690,-0.1403,0.2788,0.1813,-2.6159,-2.7126,0.8826,77.1258,-35.9467,-78.8203
191113365,0.0052,-0.0046,0.3467,0.1796,0.3218,0.1026,-0.0311,-0.0500,-0.1674,-0.1392,0.3314,0.2281,-0.7314,-3.2459,0.8826,77.1519,-35.9764,-78.8167
191118365,0.0072,-0.0035,0.3888,0.1836,0.3276,0.1200,-0.0346,-0.0500,-0.1656,-0.1380,0.3554,0.2437,-0.0669,-4.0204,0.8826,77.1644,-36.0072,-78.8114
191123364,0.0090,-0.0028,0.3256,0.1875,-0.0713,0.1162,-0.0212,0.0200,-0.1642,-0.1367,0.2889,0.2535,-0.0669,-4.4055,0.0552,77.1640,-36.0392,-78.8265
191128364,0.0105,-0.0018,0.2740,0.2483,-0.0582,0.1089,-0.0010,0.0200,-0.1630,-0.1351,0.2358,0.3168,-0.0669,-4.5706,0.0000,77.1637,-36.0608,-78.8275
191133364,0.0119,-0.0004,0.2666,0.3256,-0.0426,0.1122,0.0500,-0.1296,-0.1619,-0.1331,0.2240,0.3999,0.0000,-4.9600,0.0000,77.1646,-36.0969,-78.8275
191138365,0.0132,0.0013,0.2801,0.3403,-0.0676,0.1212,0.0500,-0.1367,-0.1607,-0.1315,0.2412,0.3222,1.6579,-4.9600,-1.2061,77.2009,-36.1167,-78.8533
191143364,0.0145,0.0032,0.2831,0.3595,-0.0392,0.1247,0.0500,-0.1488,-0.1596,-0.1299,0.2168,0.3282,2.8040,-4.6434,-2.0975,77.2370,-36.1388,-78.8785
191148365,0.0160,0.0050,0.2721,0.3497,0.0439,0.1259,0.0500,-0.1542,-0.1586,-0.1284,0.1901,0.3039,3.2272,-4.6434,-3.0740,77.2581,-36.1573,-78.9124
191153364,0.0175,0.0066,0.2532,0.3323,0.1553,0.1243,-0.0200,-0.1573,-0.1579,-0.1269,0.1528,0.2863,4.2977,-3.9723,-3.0740,77.3035,-36.1708,-78.9247
191158364,0.0186,0.0081,0.1680,0.3265,0.3056,0.1031,-0.0200,-0.1528,-0.1577,-0.1256,0.0410,0.2681,5.4287,-3.2451,-3.9047,77.3461,-36.1707,-78.9627
191163365,0.0193,0.0098,0.1164,0.3659,0.4336,0.0873,0.0595,-0.1634,-0.1580,-0.1239,-0.0670,0.3303,7.0485,-2.4061,-4.7931,77.4158,-36.1708,-78.9970
191168364,0.0198,0.0116,0.0864,0.4081,0.2250,0.0823,0.0796,-0.1705,-0.1586,-0.1222,-0.1218,0.3447,8.0112,-1.9587,-6.2069,77.4642,-36.1706,-79.0574
191173365,0.0199,0.0134,0.0296,0.3980,0.1584,0.0674,0.0903,-0.1638,-0.1596,-0.1207,-0.2033,0.3071,9.4490,-1.0396,-7.1256,77.5451,-36.1622,-79.1025
191178364,0.0198,0.0153,-0.0513,0.3674,0.2360,0.0444,0.0963,-0.1498,-0.1611,-0.1196,-0.3025,0.2175,10.2029,0.6331,-9.4120,77.5992,-36.1294,-79.1978
191183365,0.0196,0.0168,-0.0800,0.3067,0.2231,0.0346,0.0919,-0.1351,-0.1629,-0.1189,-0.3573,0.1305,11.2120,1.0024,-10.7986,77.6844,-36.1162,-79.2654
191188365,0.0190,0.0183,-0.1225,0.2615,0.1254,0.0201,0.0935,-0.1184,-0.1651,-0.1187,-0.4321,0.0439,12.1294,1.4405,-13.1479,77.7495,-36.1032,-79.3840
191193364,0.0181,0.0195,-0.1460,0.2379,0.0402,0.0109,0.0965,-0.1089,-0.1674,-0.1188,-0.4663,-0.0135,12.6291,2.4521,-14.4083,77.8335,-36.0708,-79.4646
191198364,0.0173,0.0205,-0.1674,0.2498,0.0521,0.0014,0.1043,-0.1077,-0.1699,-0.1190,-0.4983,-0.0434,12.8296,3.4423,-16.2234,77.8885,-36.0384,-79.5937
191203365,0.0167,0.0216,-0.1442,0.2077,0.1880,0.0028,0.0939,-0.1039,-0.1723,-0.1196,-0.4764,-0.1170,12.9385,4.5267,-17.2456,77.9679,-35.9933,-79.6813
191208364,0.0159,0.0225,-0.1594,0.1326,0.2280,-0.0500,0.0816,-0.0855,-0.1747,-0.1207,-0.4924,-0.2191,12.8444,5.3024,-18.2856,78.0177,-35.9585,-79.8090
191213364,0.0151,0.0227,-0.1518,0.0290,0.0109,-0.0500,0.0536,-0.0679,-0.1761,-0.1224,-0.2623,-0.3413,12.6240,6.1414,-18.7712,78.0899,-35.9074,-79.8931
191218365,0.0146,0.0213,-0.0803,-0.3054,-0.0175,-0.0500,-0.0500,0.0500,-0.1770,-0.1259,-0.1893,-0.6969,12.3919,6.9327,-19.3936,78.1355,-35.8656,-80.0206
191223365,0.0144,0.0194,-0.0483,-0.4178,0.0399,-0.0500,-0.0500,0.0500,-0.1772,-0.1280,-0.0482,-0.4178,12.0043,7.4746,-19.7044,78.2009,-35.8113,-80.1051
191228365,0.0145,0.0171,-0.0250,-0.4768,0.0460,0.0200,-0.0500,0.0500,-0.1774,-0.1303,-0.0250,-0.4768,11.4160,7.9147,-20.0177,78.2358,-35.7711,-80.2307
191233364,0.0144,0.0146,-0.0363,-0.5308,0.0307,0.0200,-0.0500,0.0500,-0.1776,-0.1330,-0.0363,-0.5308,10.3815,8.2245,-20.0661,78.2800,-35.7161,-80.3118
191238365,0.0143,0.0120,-0.0312,-0.5443,0.0533,0.0500,0.0200,-0.0200,-0.1785,-0.1357,-0.1840,-0.5451,8.9166,8.0790,-19.6575,78.2900,-35.6865,-80.4232
191243365,0.0141,0.0093,-0.0308,-0.5709,0.0631,0.0500,0.0200,-0.0200,-0.1786,-0.1386,-0.0308,-0.5709,8.3532,6.5689,-19.2698,78.3292,-35.6715,-80.4933
191248364,0.0142,0.0061,-0.0281,-0.6060,0.0417,0.0500,-0.1562,0.1130,-0.1793,-0.1434,-0.1290,-0.9665,7.2222,6.2892,-17.9550,78.3384,-35.6518,-80.5782
191253365,0.0142,0.0029,-0.0409,-0.6237,-0.0044,0.0500,-0.1680,0.1288,-0.1800,-0.1482,-0.1372,-0.9642,6.8824,5.8671,-17.0308,78.3743,-35.6228,-80.6294
191258365,0.0142,-0.0004,-0.0452,-0.6216,-0.0621,-0.0200,-0.1753,0.1386,-0.1806,-0.1529,-0.1377,-0.9245,6.5574,4.8120,-15.5643,78.3942,-35.6225,-80.6969
191263364,0.0138,-0.0035,-0.0849,-0.5699,-0.0426,-0.0200,-0.1671,0.1415,-0.1815,-0.1570,-0.1796,-0.8391,6.5021,3.5458,-14.5674,78.4323,-35.6229,-80.7366
191268366,0.0134,-0.0064,-0.0974,-0.5223,-0.0304,0.0142,-0.1583,0.1452,-0.1830,-0.1608,-0.2962,-0.7594,6.5021,2.9127,-13.0111,78.4583,-35.6226,-80.7880
191273365,0.0129,-0.0090,-0.1179,-0.4795,-0.0352,0.0080,-0.1526,0.1459,-0.1846,-0.1643,-0.3096,-0.6826,6.5021,2.1741,-11.4613,78.4973,-35.6223,-80.8060
191278364,0.0125,-0.0114,-0.1319,-0.4465,-0.0582,0.0050,-0.1492,0.1464,-0.1861,-0.1673,-0.2980,-0.6114,5.7027,1.5811,-9.4875,78.5054,-35.6264,-80.8303
191283364,0.0120,-0.0135,-0.1326,-0.4410,-0.0594,0.0025,-0.1499,0.1497,-0.1876,-0.1700,-0.3032,-0.5435,5.6464,-0.8390,-7.7222,78.5384,-35.6728,-80.8295
191288364,0.0114,-0.0157,-0.1142,-0.3916,-0.0878,0.0062,-0.1441,0.1413,-0.1889,-0.1722,-0.2673,-0.4339,5.1393,-2.3419,-5.1928,78.5493,-35.7091,-80.8175
191293364,0.0109,-0.0176,-0.0922,-0.3280,-0.2118,0.0111,-0.1335,0.1305,-0.1902,-0.1738,-0.2486,-0.3168,5.1393,-4.3315,-3.5907,78.5802,-35.7689,-80.8032
191298365,0.0105,-0.0192,-0.0706,-0.2627,-0.3523,0.0186,-0.1213,0.1162,-0.1912,-0.1747,-0.2036,-0.1837,4.5469,-5.8382,-0.5494,78.5882,-35.8194,-80.7538
191303365,0.0101,-0.0203,-0.0702,-0.1607,-0.3795,0.0178,-0.0979,0.0947,-0.1922,-0.1748,-0.2020,-0.0214,4.2776,-8.0546,1.2737,78.6087,-35.9055,-80.7162
191308365,0.0099,-0.0206,-0.0531,0.0021,-0.2979,0.0209,-0.0625,0.0529,-0.1931,-0.1738,-0.1758,0.2027,4.2312,-9.6254,3.8196,78.6249,-35.9722,-80.6504
191313364,0.0097,-0.0205,-0.0299,0.0675,-0.3505,0.0267,-0.0467,0.0335,-0.1938,-0.1722,-0.1501,0.3149,3.5348,-11.7581,4.8213,78.6334,-36.0788,-80.6125
191318365,0.0096,-0.0200,0.0122,0.1384,-0.3495,0.0376,-0.0319,0.0077,-0.1943,-0.1700,-0.1004,0.4356,3.5348,-12.9815,6.9417,78.6475,-36.1527,-80.5346
191323365,0.0099,-0.0192,0.0669,0.2248,-0.2888,0.0515,-0.0158,-0.0500,-0.1946,-0.1673,-0.0465,0.5568,3.2579,-14.4712,7.7779,78.6630,-36.2656,-80.4881
191328365,0.0105,-0.0179,0.1139,0.3057,-0.2576,0.0594,-0.0051,-0.0500,-0.1949,-0.1646,-0.0749,0.5370,3.3133,-15.4594,9.0414,78.6774,-36.3455,-80.4126
191333365,0.0112,-0.0163,0.1344,0.3760,-0.3083,0.0677,0.0500,-0.0500,-0.1952,-0.1615,-0.0601,0.6170,3.3133,-16.1041,9.5098,78.6972,-36.4533,-80.3664
191338365,0.0121,-0.0142,0.1469,0.4462,-0.3721,0.0853,0.0500,-0.0500,-0.1948,-0.1593,0.0812,0.4460,3.7946,-16.3012,9.3994,78.7213,-36.5223,-80.3118
191343364,0.0131,-0.0119,0.1576,0.4985,-0.3563,0.0912,0.0500,0.0200,-0.1944,-0.1568,0.0855,0.4981,4.1708,-16.0451,8.8667,78.7521,-36.6142,-80.2851
191348364,0.0141,-0.0093,0.1674,0.5602,-0.2891,0.0967,0.0500,0.0200,-0.1939,-0.1540,0.0953,0.5598,4.1708,-15.5175,8.1172,78.7687,-36.6663,-80.2494
191353364,0.0150,-0.0062,0.1738,0.6854,-0.2842,0.1057,-0.0200,-0.1817,-0.1932,-0.1501,0.1482,0.7836,4.7906,-13.8954,6.6539,78.8091,-36.7221,-80.2492
191358365,0.0161,-0.0027,0.1744,0.7428,-0.2943,0.1085,-0.0200,-0.2000,-0.1925,-0.1459,0.1261,0.8254,5.5984,-12.8458,5.6087,78.8462,-36.7547,-80.2347
191363365,0.0171,0.0011,0.1524,0.7666,-0.2588,0.0982,0.1425,-0.2000,-0.1926,-0.1409,-0.0033,1.0085,6.5342,-10.6254,5.6087,78.9010,-36.7801,-80.2122
191368364,0.0179,0.0050,0.1264,0.7795,-0.1812,0.0933,0.1577,-0.2000,-0.1927,-0.1360,-0.0377,0.9867,7.0822,-9.4151,4.5011,78.9395,-36.7968,-80.2031
191373365,0.0187,0.0090,0.1118,0.7828,-0.1220,0.0915,0.1686,-0.2000,-0.1930,-0.1313,-0.0578,0.9388,8.2883,-6.8295,3.6704,79.0106,-36.7939,-80.2033
191378365,0.0195,0.0131,0.1280,0.8051,-0.0921,0.0978,0.1817,-0.2000,-0.1933,-0.1266,-0.0503,0.9280,8.9644,-5.5642,2.7289,79.0593,-36.7934,-80.2030
191383364,0.0202,0.0172,0.1561,0.8625,-0.0658,0.1062,0.2000,-0.2000,-0.1935,-0.1218,-0.0365,0.9564,10.2859,-4.1339,2.2305,79.1442,-36.7938,-80.2030
191388365,0.0211,0.0214,0.1494,0.8632,-0.0701,0.1072,0.2000,-0.2000,-0.1938,-0.1172,-0.0605,0.9295,11.1568,-3.3637,1.1603,79.2044,-36.7934,-80.2132
191393364,0.0221,0.0258,0.1613,0.8506,-0.0297,0.1113,0.2000,-0.2000,-0.1942,-0.1128,-0.0757,0.8786,12.3480,-2.4835,-0.5226,79.2989,-36.7934,-80.2452
191398364,0.0229,0.0299,0.1432,0.7993,-0.0979,0.1094,0.2000,-0.2000,-0.1947,-0.1089,-0.1139,0.7729,13.2654,-0.9310,-2.6125,79.3682,-36.7694,-80.2960
191403364,0.0238,0.0334,0.1640,0.6655,-0.2506,0.1195,0.2000,-0.2000,-0.1952,-0.1060,-0.1030,0.5787,14.7348,1.9268,-3.7710,79.4813,-36.7099,-80.3327
191408364,0.0249,0.0366,0.2150,0.6206,-0.1993,0.1342,0.1889,-0.2000,-0.1956,-0.1037,-0.0734,0.4702,15.6880,3.7504,-6.2048,79.5614,-36.6622,-80.4114
191413365,0.0264,0.0396,0.3021,0.5733,-0.0881,0.1595,0.1699,-0.2000,-0.1956,-0.1019,-0.0026,0.3582,17.3493,6.5723,-7.6814,79.6942,-36.5751,-80.4689
191418365,0.0283,0.0422,0.3885,0.4985,-0.0774,0.1868,0.1445,-0.2000,-0.1953,-0.1008,0.0589,0.2184,18.3374,8.2786,-10.3262,79.7853,-36.5113,-80.5756
191423365,0.0304,0.0442,0.4200,0.3882,-0.1492,0.2000,0.1164,-0.2000,-0.1949,-0.1006,0.0840,0.0460,19.2797,10.8825,-11.8524,79.9166,-36.4013,-80.6499
191428365,0.0329,0.0457,0.4627,0.2828,-0.2872,0.2000,0.0868,-0.2000,-0.1943,-0.1012,0.1131,-0.1183,19.7887,12.5718,-14.1013,80.0047,-36.3206,-80.7727
191433365,0.0354,0.0467,0.4887,0.1845,-0.2970,0.2000,0.0575,-0.2000,-0.1937,-0.1025,0.1367,-0.2647,20.3688,14.5870,-15.2704,80.1368,-36.1985,-80.8551
191438364,0.0380,0.0474,0.4960,0.1124,-0.1406,0.2000,0.0338,-0.2000,-0.1930,-0.1044,0.1352,-0.3764,20.6400,15.6707,-16.8326,80.2241,-36.1161,-80.9831
191443365,0.0406,0.0477,0.5137,0.0312,-0.0902,0.2000,0.0067,-0.2000,-0.1922,-0.1068,0.1512,-0.4919,20.8981,16.9620,-17.8124,80.3538,-35.9922,-81.0719
191448365,0.0435,0.0472,0.5657,-0.1081,-0.2426,0.2000,-0.0500,-0.2000,-0.1912,-0.1101,0.1979,-0.6540,21.0552,17.5885,-18.6996,80.4409,-35.9107,-81.1985
191453365,0.0466,0.0465,0.5867,-0.1634,-0.2518,0.2000,-0.0500,-0.2000,-0.1909,-0.1123,0.0568,-0.4487,21.2185,18.0597,-19.1093,80.5711,-35.7943,-81.2821
191458365,0.0497,0.0454,0.5938,-0.2114,-0.1959,0.2000,-0.0500,-0.2000,-0.1907,-0.1149,0.0573,-0.5057,21.2724,18.0597,-19.7338,80.6572,-35.7221,-81.4109
191463364,0.0528,0.0443,0.6060,-0.2395,-0.1461,0.2000,-0.0500,-0.2000,-0.1903,-0.1176,0.0666,-0.5370,21.3259,17.3698,-19.9522,80.7861,-35.6298,-81.4946
191468366,0.0562,0.0430,0.6665,-0.2941,-0.1815,0.2000,0.0200,-0.2000,-0.1897,-0.1205,0.1228,-0.5955,21.4361,16.4446,-20.2116,80.8739,-35.5807,-81.6205
191473365,0.0598,0.0416,0.7498,-0.2734,-0.1666,0.2000,0.0200,-0.2000,-0.1887,-0.1234,0.2067,-0.5777,21.2873,14.4491,-20.4237,80.9991,-35.5274,-81.7059
191478365,0.0636,0.0399,0.7361,-0.2923,-0.0301,0.2000,-0.1625,-0.2000,-0.1871,-0.1274,0.3117,-0.8041,21.1839,13.4478,-20.5824,81.0818,-35.4913,-81.8318
191483365,0.0675,0.0381,0.7437,-0.3378,0.0652,0.2000,-0.1861,-0.2000,-0.1856,-0.1315,0.3057,-0.8187,20.9818,11.4687,-20.5300,81.2041,-35.4566,-81.9130
191488364,0.0712,0.0365,0.6933,-0.2883,0.0665,0.2000,-0.1803,-0.2000,-0.1844,-0.1353,0.2461,-0.7509,20.8878,10.2567,-20.5369,81.2860,-35.4378,-82.0365
191493364,0.0744,0.0349,0.6164,-0.2831,0.0753,0.2000,-0.1793,-0.2000,-0.1836,-0.1389,0.1564,-0.7175,20.6822,8.4109,-20.5369,81.4065,-35.4176,-82.1187
191498365,0.0770,0.0334,0.5424,-0.2743,0.1010,0.2000,-0.1790,-0.2000,-0.1832,-0.1424,0.0843,-0.7086,20.5715,8.4109,-20.5399,81.4866,-35.3839,-82.2418
191503364,0.0797,0.0321,0.5437,-0.2883,0.2024,0.2000,-0.1908,-0.2000,-0.1828,-0.1459,0.0723,-0.6952,20.4774,6.6699,-20.4838,81.6076,-35.3724,-82.3225
191508365,0.0825,0.0308,0.5342,-0.3067,0.2302,0.2000,-0.2000,-0.2000,-0.1825,-0.1494,0.0527,-0.6956,20.4221,5.4565,-20.5353,81.6884,-35.3725,-82.4467
191513364,0.0854,0.0293,0.5318,-0.2908,0.1999,0.2000,-0.2000,-0.2000,-0.1824,-0.1527,0.0353,-0.6569,20.4820,3.9202,-20.5907,81.8125,-35.3749,-82.5301
191518364,0.0880,0.0278,0.4997,-0.2776,0.2247,0.2000,-0.2000,-0.2000,-0.1824,-0.1558,-0.0157,-0.6186,20.5897,2.1303,-20.7495,81.8969,-35.3985,-82.6576
191523364,0.0906,0.0264,0.5263,-0.2624,0.2900,0.2000,-0.2000,-0.2000,-0.1825,-0.1586,-0.0159,-0.5607,20.6432,-0.7335,-20.8537,82.0216,-35.4517,-82.7429
191528365,0.0931,0.0253,0.5342,-0.2388,0.3609,0.2000,-0.2000,-0.2000,-0.1827,-0.1611,-0.0278,-0.5067,20.6432,-2.8483,-21.0124,82.1042,-35.5010,-82.8717
191533364,0.0957,0.0242,0.5116,-0.1994,0.3921,0.2000,-0.2000,-0.2000,-0.1830,-0.1632,-0.0765,-0.4223,20.5859,-5.8568,-21.1167,82.2266,-35.5866,-82.9553
191538365,0.0980,0.0235,0.4490,-0.1378,0.3090,0.2000,-0.1955,-0.2000,-0.1838,-0.1649,-0.1530,-0.3343,20.4355,-7.6423,-21.2203,82.3056,-35.6492,-83.0868
191543364,0.0996,0.0238,0.2819,0.0690,0.3798,0.2000,-0.1286,-0.2000,-0.1855,-0.1653,-0.3412,-0.0836,20.2319,-10.4715,-21.2203,82.4239,-35.7601,-83.1691
191548364,0.1006,0.0247,0.1955,0.1839,0.4519,0.2000,-0.0903,-0.2000,-0.1877,-0.1650,-0.4422,0.0585,20.1314,-12.2762,-21.2756,82.5027,-35.8416,-83.3004
191553364,0.1016,0.0259,0.1915,0.2605,0.3829,0.2000,-0.0670,-0.2000,-0.1900,-0.1642,-0.4641,0.1685,20.0751,-14.4270,-21.2784,82.6221,-35.9648,-83.3830
191558365,0.1025,0.0272,0.1998,0.2401,0.1746,0.2000,-0.0653,-0.2000,-0.1924,-0.1633,-0.4653,0.1676,20.0751,-15.5968,-21.1738,82.7024,-36.0484,-83.5112
191563364,0.1034,0.0284,0.2001,0.2071,0.0546,0.2000,-0.0667,-0.2000,-0.1948,-0.1625,-0.4783,0.1580,20.0722,-17.1064,-21.1806,82.8230,-36.1768,-83.5933
191568364,0.1043,0.0294,0.1985,0.1735,0.0457,0.2000,-0.0709,-0.2000,-0.1972,-0.1618,-0.4860,0.1383,20.1261,-17.8557,-21.0233,82.9046,-36.2618,-83.7192
191573365,0.1052,0.0297,0.2034,0.1139,-0.0493,0.2000,-0.0828,-0.2000,-0.1996,-0.1614,-0.4898,0.0956,20.1796,-18.8454,-20.9187,83.0266,-36.3920,-83.7983
191578364,0.1060,0.0301,0.1720,0.1374,-0.0890,0.2000,-0.0725,-0.2000,-0.2023,-0.1607,-0.5253,0.1280,20.1771,-19.3675,-20.8663,83.1071,-36.4789,-83.9253
191583365,0.1068,0.0307,0.1191,0.1735,-0.0142,0.2000,-0.0575,-0.2000,-0.2052,-0.1599,-0.5831,0.1729,20.1752,-19.9338,-20.8663,83.2280,-36.6084,-84.0061
191588365,0.1069,0.0317,-0.0119,0.1958,0.0753,0.2000,-0.0339,-0.2000,-0.2088,-0.1589,-0.7149,0.1995,20.0718,-20.2071,-20.8690,83.3064,-36.6942,-84.1341
191593365,0.1067,0.0327,-0.0840,0.1964,0.0625,0.2000,-0.0204,-0.2000,-0.2127,-0.1578,-0.7915,0.2033,20.1257,-20.5108,-20.9732,83.4282,-36.8227,-84.2172
191598364,0.1062,0.0335,-0.1268,0.2214,-0.0560,0.2000,-0.0041,-0.2000,-0.2169,-0.1567,-0.8361,0.2267,20.1791,-20.5068,-21.0768,83.5099,-36.9047,-84.3480
191603364,0.1054,0.0347,-0.1765,0.2798,0.0029,0.2000,0.0500,-0.2000,-0.2213,-0.1553,-0.8878,0.2848,20.2893,-20.5036,-21.0732,83.6335,-37.0278,-84.4295
191608364,0.1044,0.0362,-0.2007,0.3399,0.1175,0.2000,0.0500,-0.2000,-0.2250,-0.1551,-0.7328,0.0271,20.2874,-20.3449,-21.1286,83.7145,-37.1063,-84.5600
191613364,0.1034,0.0379,-0.2410,0.3647,0.1306,0.2000,0.0500,-0.2000,-0.2289,-0.1549,-0.7740,0.0517,20.3413,-19.7647,-21.1313,83.8373,-37.2152,-84.6420
191618364,0.1023,0.0399,-0.2657,0.4084,0.1043,0.2000,0.0500,-0.2000,-0.2329,-0.1544,-0.7984,0.0947,20.2949,-19.1029,-21.1833,83.9177,-37.2796,-84.7729
191623365,0.1008,0.0418,-0.2837,0.4114,-0.0068,0.2000,-0.0200,-0.2000,-0.2370,-0.1539,-0.8188,0.0968,20.4047,-17.8098,-21.2384,84.0418,-37.3646,-84.8561
191628365,0.0991,0.0437,-0.3198,0.3745,-0.0746,0.2000,-0.0200,-0.2000,-0.2412,-0.1536,-0.8547,0.0613,20.4586,-16.8075,-21.1335,84.1246,-37.4134,-84.9836
191633364,0.0972,0.0455,-0.3448,0.3357,0.1126,0.2000,0.0981,-0.2000,-0.2463,-0.1523,-1.0108,0.2549,20.5120,-14.9318,-20.9806,84.2486,-37.4709,-85.0620
191638365,0.0952,0.0469,-0.3561,0.3012,0.0506,0.2000,0.1003,-0.2000,-0.2513,-0.1513,-1.0120,0.2039,20.5120,-13.8305,-20.9309,84.3306,-37.5066,-85.1895
191643364,0.0933,0.0483,-0.3699,0.2685,-0.0038,0.2000,0.1024,-0.2000,-0.2564,-0.1506,-1.0112,0.1484,20.5195,-12.2655,-20.8264,84.4539,-37.5543,-85.2685
191648364,0.0913,0.0493,-0.3778,0.1869,-0.0322,0.2000,0.0928,-0.2000,-0.2615,-0.1503,-1.0144,0.0598,20.5729,-11.7300,-20.7282,84.5373,-37.5923,-85.3939
191653364,0.0893,0.0500,-0.3842,0.1335,-0.0395,0.2000,0.0866,-0.2000,-0.2665,-0.1504,-1.0087,-0.0179,20.6268,-10.2082,-20.7770,84.6620,-37.6294,-85.4753
191658364,0.0873,0.0506,-0.3690,0.0993,0.0057,0.2000,0.0825,-0.2000,-0.2715,-0.1506,-0.9948,-0.0532,20.7338,-10.1555,-20.7770,84.7468,-37.6690,-85.6026
191663364,0.0853,0.0508,-0.3821,0.0767,-0.0392,0.2000,0.0809,-0.2000,-0.2764,-0.1512,-0.9853,-0.1154,20.7406,-7.5826,-20.7734,84.8712,-37.6709,-85.6829
191668365,0.0833,0.0511,-0.4395,0.0684,-0.1003,0.1799,0.0902,-0.2000,-0.2816,-0.1520,-1.0307,-0.1460,20.7406,-6.1842,-20.8250,84.9541,-37.6705,-85.8114
191673364,0.0811,0.0515,-0.4972,0.1042,0.0023,0.1560,0.1078,-0.2000,-0.2869,-0.1526,-1.0756,-0.1345,20.8034,-4.6181,-20.8277,85.0801,-37.6714,-85.8923
191678365,0.0786,0.0520,-0.5131,0.1261,0.1566,0.1407,0.1180,-0.2000,-0.2924,-0.1533,-1.0853,-0.1262,20.8573,-3.7791,-20.8765,85.1646,-37.6713,-86.0211
191683364,0.0760,0.0522,-0.4890,0.0202,0.1450,0.1370,0.0966,-0.2000,-0.2976,-0.1545,-1.0529,-0.2486,20.8637,-2.7723,-20.9317,85.2899,-37.6707,-86.1032
191688364,0.0737,0.0519,-0.4362,-0.0718,0.0970,0.1419,0.0738,-0.2000,-0.3026,-0.1562,-0.9961,-0.3476,20.9176,-2.2689,-20.8793,85.3746,-37.6707,-86.2301
191693364,0.0717,0.0511,-0.3879,-0.1982,0.0561,0.1481,0.0388,-0.1891,-0.3073,-0.1588,-0.9272,-0.5066,20.9157,-0.0468,-20.7747,85.4999,-37.6342,-86.3086
191698364,0.0697,0.0499,-0.3696,-0.2663,0.1098,0.1447,0.0201,-0.1691,-0.3118,-0.1617,-0.9024,-0.5812,20.9157,0.5276,-20.6147,85.5836,-37.6209,-86.4320
191703364,0.0677,0.0483,-0.3693,-0.3381,0.1098,0.1377,0.0011,-0.1430,-0.3162,-0.1650,-0.8892,-0.6738,20.9695,1.9880,-20.5102,85.7104,-37.5849,-86.5098
191708365,0.0658,0.0463,-0.3506,-0.4258,0.0744,0.1352,-0.0500,-0.1149,-0.3206,-0.1689,-0.8698,-0.7615,20.9196,1.9880,-20.5129,85.7934,-37.5770,-86.6356
191713364,0.0641,0.0440,-0.3210,-0.4887,0.1114,0.1340,-0.0500,-0.0953,-0.3248,-0.1728,-0.8584,-0.7949,20.9271,3.1432,-20.5683,85.9192,-37.5382,-86.7162
191718365,0.0626,0.0413,-0.2844,-0.5605,0.0903,0.1372,-0.0500,-0.0716,-0.3290,-0.1772,-0.8227,-0.8668,20.9806,3.1432,-20.5712,86.0041,-37.5256,-86.8421
191723364,0.0613,0.0382,-0.2666,-0.6561,-0.0142,0.1377,-0.0500,-0.0382,-0.3330,-0.1820,-0.8060,-0.9624,21.0369,3.1432,-20.5676,86.1313,-37.5068,-86.9216
191728365,0.0601,0.0344,-0.2471,-0.7862,-0.0411,0.1382,0.0200,0.0500,-0.3369,-0.1874,-0.7883,-1.0940,21.0904,2.8851,-20.6683,86.2166,-37.4996,-87.0498
191733365,0.0589,0.0304,-0.2248,-0.8289,-0.0411,0.1530,0.0200,0.0500,-0.3399,-0.1916,-0.5838,-0.8364,21.0879,2.1622,-20.6710,86.3429,-37.4990,-87.1300
191738364,0.0577,0.0260,-0.2306,-0.8335,0.0185,0.1469,-0.1670,0.0500,-0.3427,-0.1960,-0.5740,-0.8675,21.0325,1.7491,-20.7229,86.4261,-37.4995,-87.2580
191743365,0.0566,0.0216,-0.2508,-0.8448,0.0225,0.1359,-0.1768,0.0500,-0.3458,-0.2002,-0.6149,-0.8419,20.9826,-0.6602,-20.6193,86.5514,-37.5451,-87.3361
191748365,0.0553,0.0174,-0.2874,-0.8143,0.0271,0.1216,-0.1779,-0.0200,-0.3491,-0.2042,-0.6514,-0.8112,20.9362,-0.6602,-20.1553,86.6344,-37.5477,-87.4518
191753364,0.0536,0.0134,-0.3809,-0.7624,0.1505,0.0897,-0.1667,-0.0200,-0.3528,-0.2080,-0.7436,-0.7590,20.8338,-0.6602,-19.3004,86.7577,-37.5517,-87.5114
191758364,0.0516,0.0098,-0.4410,-0.7101,0.2244,0.0535,-0.1688,0.1067,-0.3576,-0.2129,-0.9585,-0.9675,20.7775,-0.6602,-17.8946,86.8398,-37.5543,-87.5979
191763365,0.0490,0.0063,-0.4866,-0.6658,0.2378,0.0315,-0.1580,0.1174,-0.3626,-0.2173,-1.0054,-0.8864,20.6757,-2.0719,-16.8458,86.9621,-37.5924,-87.6450
191768364,0.0464,0.0029,-0.4905,-0.6454,0.3111,0.0196,-0.1581,0.1266,-0.3676,-0.2214,-1.0047,-0.8279,20.6286,-3.1270,-15.3381,87.0437,-37.6230,-87.7143
191773364,0.0436,-0.0002,-0.5391,-0.6264,0.2277,-0.0500,-0.1502,0.1445,-0.3729,-0.2253,-1.0539,-0.7812,20.4730,-4.2457,-14.6034,87.1641,-37.6655,-87.7583
191778364,0.0408,-0.0031,-0.5870,-0.5541,0.2149,-0.0500,-0.1437,0.1343,-0.3766,-0.2287,-0.7469,-0.6661,20.2553,-5.3905,-13.2166,87.2411,-37.7072,-87.8155
191783364,0.0376,-0.0056,-0.6610,-0.4499,0.2173,-0.0500,-0.1107,0.1327,-0.3807,-0.2312,-0.8236,-0.5158,19.4667,-7.1256,-11.8375,87.3445,-37.7790,-87.8370
191788365,0.0341,-0.0076,-0.7291,-0.3629,0.2506,-0.0500,-0.0808,0.1333,-0.3852,-0.2332,-0.8916,-0.3874,18.8947,-8.5393,-10.4468,87.4098,-37.8385,-87.8779
191793365,0.0302,-0.0091,-0.8015,-0.2657,0.2705,0.0200,-0.0446,0.1307,-0.3900,-0.2344,-0.9669,-0.2368,17.2122,-10.5239,-8.8213,87.4847,-37.9353,-87.8828
191798364,0.0262,-0.0104,-0.8143,-0.2193,0.2311,0.0200,-0.0257,0.1310,-0.3949,-0.2350,-0.9684,-0.1340,16.0836,-11.7801,-6.2518,87.5291,-38.0053,-87.8778
191803365,0.0221,-0.0117,-0.8121,-0.2144,0.1401,-0.1486,-0.0071,0.1504,-0.4010,-0.2355,-1.2221,-0.0831,14.4497,-13.7594,-4.9933,87.5870,-38.1213,-87.8741
191808364,0.0181,-0.0127,-0.8332,-0.2111,0.0698,-0.1659,0.0500,0.1595,-0.4070,-0.2356,-1.1987,-0.0300,12.8341,-14.4716,-2.3563,87.6094,-38.1917,-87.8443
191813365,0.0139,-0.0137,-0.8204,-0.2327,0.0781,-0.1676,0.0500,0.1817,-0.4121,-0.2368,-1.0300,-0.2485,11.6270,-15.5025,-0.9974,87.6584,-38.3026,-87.8233
191818364,0.0098,-0.0145,-0.8008,-0.1182,0.1398,-0.1765,0.0500,0.1606,-0.4170,-0.2373,-0.9655,-0.1004,10.1319,-15.7987,1.2376,87.6722,-38.3711,-87.7774
191823365,0.0061,-0.0150,-0.7227,-0.0489,0.1450,-0.1699,0.0500,0.1424,-0.4213,-0.2374,-0.8623,-0.0129,9.2762,-15.6458,2.4396,87.7150,-38.4626,-87.7457
191828365,0.0026,-0.0149,-0.6729,0.0483,0.2488,-0.1690,-0.0200,0.1163,-0.4251,-0.2368,-0.7643,0.1170,7.5648,-14.8807,4.6250,87.7146,-38.5090,-87.6806
191833364,-0.0007,-0.0145,-0.6304,0.0996,0.3701,-0.1693,-0.0200,0.1000,-0.4285,-0.2359,-0.6727,0.1930,5.5324,-13.5054,6.2596,87.7130,-38.5680,-87.6270
191838365,-0.0039,-0.0139,-0.6387,0.1610,0.3410,-0.1894,0.0952,0.0811,-0.4322,-0.2335,-0.7537,0.4686,4.5163,-12.4831,8.1458,87.7128,-38.6003,-87.5461
191843365,-0.0069,-0.0132,-0.5696,0.1888,0.2021,-0.1786,0.1004,0.0705,-0.4354,-0.2311,-0.6375,0.4834,3.2843,-10.5272,9.2242,87.7117,-38.6309,-87.4906
191848365,-0.0095,-0.0121,-0.4887,0.2187,0.2042,-0.1647,0.1042,0.0527,-0.4379,-0.2285,-0.5040,0.5249,1.5123,-9.6304,10.8957,87.6860,-38.6525,-87.3956
191853364,-0.0116,-0.0110,-0.3998,0.2450,0.3206,-0.1475,0.1020,0.0332,-0.4397,-0.2258,-0.3504,0.5357,-0.9749,-7.8405,11.6435,87.6378,-38.6708,-87.3368
191858365,-0.0132,-0.0099,-0.2850,0.2474,0.3594,-0.1222,0.0935,0.0149,-0.4406,-0.2231,-0.1929,0.5450,-2.6630,-7.2812,12.6659,87.5970,-38.6892,-87.2419
191863365,-0.0142,-0.0086,-0.1622,0.2605,0.3325,-0.0913,0.0851,-0.0500,-0.4408,-0.2203,-0.0244,0.5471,-4.6670,-6.2631,12.9428,87.5358,-38.7110,-87.1868
191868365,-0.0142,-0.0072,0.0134,0.3247,0.3530,-0.0536,0.0709,-0.0500,-0.4404,-0.2183,0.0750,0.4005,-6.1229,-5.1481,13.2954,87.4852,-38.7115,-87.0993
191873365,-0.0139,-0.0056,0.0822,0.3671,0.3404,-0.0311,0.0728,-0.0500,-0.4394,-0.2163,0.1900,0.4162,-7.9186,-3.3544,13.1299,87.4072,-38.7020,-87.0514
191878364,-0.0129,-0.0038,0.2294,0.3870,0.3090,0.0500,0.0600,-0.0500,-0.4376,-0.2142,0.3736,0.4095,-9.1461,-1.5645,12.4097,87.3486,-38.6761,-86.9868
191883364,-0.0109,-0.0019,0.4206,0.3977,0.2894,0.0500,0.0467,0.0200,-0.4355,-0.2121,0.4124,0.4118,-10.2914,-0.9492,11.3021,87.2675,-38.6707,-86.9451
191888364,-0.0081,0.0001,0.5974,0.4059,0.1975,0.0500,0.0268,0.0200,-0.4325,-0.2102,0.6011,0.3996,-10.9884,0.4221,10.5727,87.2109,-38.6448,-86.9078
191893364,-0.0046,0.0021,0.7376,0.4163,0.0940,0.0500,0.0165,-0.1932,-0.4283,-0.2075,0.8322,0.5231,-11.2099,1.9153,9.0592,87.1401,-38.6072,-86.8999
191898364,-0.0007,0.0041,0.7572,0.4542,0.0936,-0.0200,0.0197,-0.2000,-0.4241,-0.2049,0.8474,0.5297,-10.9314,2.6942,7.7536,87.1014,-38.5817,-86.8748
191903365,0.0029,0.0064,0.6906,0.4655,0.2030,-0.0200,0.0274,-0.2000,-0.4202,-0.2024,0.7786,0.5040,-9.5850,3.7945,6.3902,87.0673,-38.5417,-86.8747
191908365,0.0067,0.0089,0.7410,0.4765,0.3294,0.2000,0.0164,-0.2000,-0.4153,-0.1999,0.9764,0.5003,-9.0780,3.7945,5.3939,87.0394,-38.5265,-86.8599
191913364,0.0102,0.0102,0.7141,0.2300,0.3612,0.2000,-0.0500,-0.2000,-0.4108,-0.1986,0.9102,0.2514,-6.7115,3.9494,5.3939,87.0396,-38.5006,-86.8390
191918365,0.0139,0.0110,0.7624,0.1549,0.3936,0.2000,-0.0500,-0.2000,-0.4062,-0.1975,0.9132,0.2215,-6.5425,4.0010,4.4561,87.0167,-38.4836,-86.8266
191923364,0.0181,0.0116,0.7999,0.1246,0.4373,0.2000,-0.0500,-0.2000,-0.4016,-0.1966,0.9245,0.1767,-5.5081,3.8556,3.4768,86.9998,-38.4625,-86.8305
191928365,0.0221,0.0120,0.7730,0.1002,0.3630,0.2000,-0.0500,-0.2000,-0.3973,-0.1960,0.8584,0.1142,-4.5206,3.1769,0.9073,86.9995,-38.4620,-86.8683
191933365,0.0257,0.0125,0.7114,0.0666,0.2763,0.2000,0.0200,-0.2000,-0.3935,-0.1957,0.7648,0.0606,-3.3451,2.3527,-0.4394,86.9995,-38.4620,-86.8941
191938364,0.0290,0.0127,0.6481,0.0015,0.2155,0.2000,0.0200,-0.1844,-0.3902,-0.1959,0.6559,-0.0373,-1.8048,1.9164,-2.6605,87.0195,-38.4622,-86.9474
191943365,0.0322,0.0123,0.5983,-0.0953,0.0897,0.2000,-0.1235,-0.1565,-0.3873,-0.1968,0.5757,-0.1762,0.0000,1.4316,-4.0317,87.0501,-38.4620,-86.9874
191948365,0.0352,0.0113,0.5736,-0.2056,-0.0352,0.2000,-0.1524,-0.1258,-0.3849,-0.1984,0.4901,-0.3235,1.9870,1.1407,-6.8249,87.0934,-38.4626,-87.0768
191953364,0.0379,0.0102,0.5104,-0.2462,-0.0710,0.2000,-0.1591,-0.1072,-0.3831,-0.2002,0.3502,-0.3627,4.7193,-0.6196,-8.5084,87.1676,-38.4944,-87.1397
191958364,0.0403,0.0086,0.4371,-0.3009,0.1807,0.2000,-0.1755,-0.0839,-0.3820,-0.2025,0.2181,-0.4562,6.6142,-0.8262,-11.3421,87.2280,-38.5018,-87.2570
191963365,0.0420,0.0066,0.3045,-0.3989,0.1120,0.2000,-0.1888,-0.0377,-0.3819,-0.2054,0.0226,-0.5764,9.5403,-0.8262,-12.8126,87.3347,-38.5068,-87.3334
191968365,0.0431,0.0043,0.1768,-0.4713,-0.0441,0.1916,-0.1948,0.0500,-0.3828,-0.2087,-0.1685,-0.6572,11.3875,-2.3665,-14.9502,87.4136,-38.5435,-87.4616
191973365,0.0436,0.0017,0.0544,-0.5153,-0.1104,0.1692,-0.1852,0.0500,-0.3839,-0.2110,-0.2191,-0.4616,13.9947,-3.7846,-16.0578,87.5417,-38.5892,-87.5440
191978364,0.0437,-0.0013,-0.0312,-0.5788,-0.1058,0.1454,-0.1965,0.0500,-0.3855,-0.2135,-0.3374,-0.5095,15.3596,-4.8397,-17.4196,87.6276,-38.6278,-87.6743
191983365,0.0437,-0.0043,-0.0519,-0.5901,-0.0795,0.1360,-0.2000,0.0500,-0.3876,-0.2160,-0.4065,-0.4839,16.9249,-7.3003,-17.9609,87.7559,-38.7131,-87.7537
191988364,0.0432,-0.0073,-0.1426,-0.5724,-0.1635,0.1102,-0.1933,-0.0200,-0.3902,-0.2182,-0.5252,-0.4422,17.7501,-8.8900,-18.3202,87.8416,-38.7772,-87.8723
191993365,0.0422,-0.0103,-0.2343,-0.5715,-0.3773,0.0833,-0.1836,-0.0200,-0.3935,-0.2202,-0.6525,-0.4038,18.5729,-11.3788,-18.1176,87.9668,-38.8880,-87.9387
191998364,0.0409,-0.0130,-0.2923,-0.4893,-0.4427,0.0514,-0.1731,0.1386,-0.3979,-0.2229,-0.8795,-0.5503,18.9301,-13.0881,-17.3735,88.0489,-38.9711,-88.0326
192003365,0.0391,-0.0152,-0.4026,-0.3738,-0.2576,0.0126,-0.1366,0.1338,-0.4029,-0.2249,-1.0066,-0.3916,19.2937,-15.1617,-16.5514,88.1709,-39.0973,-88.0820
192008365,0.0361,-0.0164,-0.6209,-0.1976,-0.2509,-0.0500,-0.0674,0.1315,-0.4090,-0.2258,-1.2280,-0.1887,19.4007,-16.1431,-15.7278,88.2504,-39.1797,-88.1650
192013364,0.0327,-0.0172,-0.7178,-0.1286,-0.2231,-0.0500,-0.0470,0.1230,-0.4140,-0.2263,-0.9964,-0.0895,19.1803,-17.4811,-15.2913,88.3619,-39.3078,-88.2167
192018365,0.0291,-0.0178,-0.7715,-0.1045,-0.2475,-0.0500,-0.0281,0.1328,-0.4193,-0.2265,-1.0482,-0.0419,18.6159,-18.1871,-14.3736,88.4264,-39.3936,-88.2898
192023365,0.0255,-0.0184,-0.7523,-0.0794,-0.2790,-0.0500,-0.0182,0.1334,-0.4244,-0.2265,-1.0302,0.0050,17.5767,-19.0233,-13.6968,88.5154,-39.5223,-88.3308
192028365,0.0220,-0.0189,-0.6613,-0.0809,-0.2558,0.0200,-0.0232,0.1284,-0.4291,-0.2263,-0.9311,0.0320,16.5155,-19.5354,-12.2455,88.5628,-39.6098,-88.3814
192033364,0.0195,-0.0196,-0.4694,-0.1484,-0.2145,0.0200,-0.0583,0.1236,-0.4327,-0.2263,-0.7303,-0.0033,14.9686,-20.1114,-10.6200,88.6270,-39.7406,-88.3932
192038365,0.0175,-0.0207,-0.3800,-0.2227,-0.1553,-0.0600,-0.0751,0.1410,-0.4370,-0.2265,-0.8569,-0.0381,13.6223,-20.3247,-8.0505,88.6570,-39.8259,-88.3992
192043365,0.0157,-0.0222,-0.4023,-0.2938,-0.1675,-0.0691,-0.0892,0.1647,-0.4412,-0.2269,-0.8324,-0.0821,11.6288,-20.5266,-6.4249,88.6923,-39.9528,-88.3948
192048364,0.0141,-0.0238,-0.3586,-0.3039,-0.2552,-0.0605,-0.0972,0.1675,-0.4449,-0.2272,-0.7505,-0.0534,10.6661,-20.5751,-3.8555,88.7185,-40.0360,-88.3751
192053365,0.0117,-0.0244,-0.4902,-0.0644,-0.2802,-0.1006,-0.0257,0.1371,-0.4492,-0.2262,-0.8526,0.1992,9.3596,-20.6238,-3.0083,88.7524,-40.1606,-88.3715
192058365,0.0090,-0.0245,-0.5281,0.0327,-0.1987,-0.1183,0.0500,0.1209,-0.4534,-0.2245,-0.8414,0.3364,7.8549,-20.6238,-0.3052,88.7568,-40.2431,-88.3278
192063364,0.0064,-0.0241,-0.5571,0.0840,-0.1980,-0.1187,0.0500,0.1276,-0.4566,-0.2240,-0.6451,0.0996,5.5979,-20.5722,1.0655,88.7522,-40.3655,-88.2992
192068364,0.0038,-0.0235,-0.5586,0.1225,-0.2454,-0.1260,0.0500,0.1197,-0.4597,-0.2232,-0.6094,0.1679,4.4224,-20.5194,3.0578,88.7485,-40.4466,-88.2462
192073364,0.0008,-0.0229,-0.6206,0.1231,-0.3596,-0.1487,0.0500,0.1297,-0.4628,-0.2223,-0.6294,0.1868,2.6004,-20.3093,4.2761,88.7342,-40.5650,-88.2084
192078364,-0.0024,-0.0224,-0.6167,0.1384,-0.4164,-0.1567,-0.0200,0.1279,-0.4657,-0.2211,-0.5841,0.2324,1.2099,-19.9968,6.3023,88.7136,-40.6396,-88.1362
192083364,-0.0054,-0.0218,-0.5760,0.1759,-0.3138,-0.1557,-0.0200,0.1137,-0.4682,-0.2196,-0.4906,0.2896,-1.2004,-19.4747,7.6099,88.6665,-40.7476,-88.0741
192088364,-0.0080,-0.0208,-0.4887,0.2098,-0.1192,-0.1553,0.0808,0.0791,-0.4707,-0.2165,-0.5140,0.6227,-3.0808,-18.5149,9.2133,88.6207,-40.8044,-88.0023
192093365,-0.0102,-0.0196,-0.4114,0.2279,-0.0004,-0.1418,0.0798,0.0620,-0.4726,-0.2133,-0.3810,0.6392,-5.3950,-17.5428,10.0931,88.5492,-40.8937,-87.9476
192098365,-0.0119,-0.0185,-0.3170,0.2190,-0.0908,-0.1206,0.0735,0.0506,-0.4739,-0.2101,-0.2423,0.6395,-6.9750,-16.8530,11.4059,88.4928,-40.9662,-87.8548
192103364,-0.0126,-0.0173,-0.1038,0.2425,-0.0166,-0.0673,0.0551,0.0127,-0.4738,-0.2068,0.0155,0.6701,-8.9222,-16.4430,12.2966,88.4061,-41.0247,-87.7940
192108364,-0.0126,-0.0160,0.0116,0.2899,0.0283,-0.0357,0.0528,-0.0500,-0.4729,-0.2032,0.1724,0.7138,-10.3186,-15.3024,13.1923,88.3399,-41.0977,-87.6948
192113364,-0.0120,-0.0145,0.1374,0.3534,0.0057,-0.0075,0.0442,-0.0500,-0.4718,-0.2004,0.2180,0.5655,-11.7187,-14.3528,13.4364,88.2466,-41.1386,-87.6417
192118364,-0.0111,-0.0126,0.2104,0.4187,-0.0346,0.0500,0.0526,-0.0500,-0.4703,-0.1973,0.3114,0.6127,-12.3108,-13.1222,13.4282,88.1866,-41.1973,-87.5556
192123365,-0.0099,-0.0105,0.2053,0.4166,-0.0945,0.0500,0.0653,-0.0500,-0.4698,-0.1944,0.1031,0.5942,-13.3960,-11.9587,13.2345,88.0871,-41.2249,-87.5112
192128364,-0.0085,-0.0084,0.2300,0.3971,-0.1315,0.0500,0.0606,0.0200,-0.4690,-0.1916,0.1425,0.5489,-13.5650,-10.2188,12.2228,88.0301,-41.2578,-87.4503
192133364,-0.0073,-0.0065,0.2080,0.3787,-0.2100,0.0500,0.0630,0.0200,-0.4684,-0.1891,0.1310,0.5122,-13.1372,-8.9796,10.7829,87.9575,-41.2709,-87.4376
192138365,-0.0059,-0.0047,0.2373,0.3494,-0.3181,-0.0200,0.0620,-0.0909,-0.4671,-0.1861,0.2521,0.6003,-12.3619,-7.5492,9.2694,87.9079,-41.2937,-87.4019
192143365,-0.0047,-0.0031,0.2639,0.3635,-0.3010,-0.0200,0.0623,-0.1036,-0.4657,-0.1831,0.2834,0.5814,-11.7869,-6.1739,8.4394,87.8706,-41.2937,-87.3881
192148365,-0.0030,-0.0013,0.2889,0.3543,-0.2542,0.0785,0.0493,-0.1181,-0.4633,-0.1805,0.4822,0.5209,-10.2066,-4.5785,6.6041,87.8356,-41.2939,-87.3745
192153365,-0.0017,0.0005,0.2175,0.3586,-0.1892,0.0643,0.0614,-0.1185,-0.4613,-0.1780,0.4020,0.5098,-9.3988,-3.7534,6.3943,87.8133,-41.2940,-87.3563
192158364,-0.0006,0.0022,0.1863,0.3238,-0.1840,0.0593,0.0603,-0.1126,-0.4595,-0.1757,0.3489,0.4513,-7.9339,-2.7631,5.7875,87.7888,-41.2936,-87.3274
192163364,0.0001,0.0036,0.1243,0.2590,-0.1767,0.0461,0.0563,-0.0956,-0.4581,-0.1739,0.2830,0.3652,-7.9339,-2.2680,4.8497,87.7571,-41.2938,-87.3274
192168365,0.0007,0.0046,0.1093,0.1698,-0.0936,0.0408,0.0394,-0.0767,-0.4570,-0.1727,0.2311,0.2472,-6.1471,-1.6629,3.5257,87.7497,-41.2934,-87.3268
192173365,0.0015,0.0054,0.1466,0.1310,-0.0496,0.0517,0.0250,-0.0748,-0.4557,-0.1718,0.2555,0.1709,-5.2066,-0.2137,2.4606,87.7461,-41.2687,-87.3372
192178364,0.0024,0.0058,0.1515,0.1246,-0.1974,0.0579,0.0217,-0.0720,-0.4545,-0.1712,0.2494,0.1162,-5.2066,0.7746,0.2058,87.7149,-41.2456,-87.3748
192183365,0.0032,0.0062,0.1170,0.0593,-0.3697,0.0530,0.0140,-0.0528,-0.4535,-0.1710,0.1932,0.0456,-4.1223,0.7746,-0.1465,87.7176,-41.2425,-87.3811
192188365,0.0035,0.0062,0.0076,0.0027,-0.2649,0.0212,0.0145,-0.0255,-0.4533,-0.1712,0.0333,-0.0313,-1.8653,0.7746,-1.5135,87.7446,-41.2379,-87.4158
192193365,0.0031,0.0052,-0.1158,-0.2123,-0.3230,-0.0500,-0.0500,0.0500,-0.4538,-0.1724,-0.0998,-0.2464,-1.3010,0.7746,-1.5135,87.7499,-41.2348,-87.4211
192198364,0.0023,0.0039,-0.1500,-0.2987,-0.4302,-0.0500,-0.0500,0.0500,-0.4546,-0.1739,-0.1500,-0.2987,-0.9719,0.7746,-2.6765,87.7496,-41.2301,-87.4580
192203364,0.0016,0.0020,-0.1830,-0.3919,-0.4299,-0.0500,-0.0500,0.0500,-0.4555,-0.1758,-0.1830,-0.3919,0.8451,0.7746,-2.6765,87.7853,-41.2270,-87.4673
192208364,0.0006,-0.0002,-0.2337,-0.4435,-0.2927,-0.0500,-0.0500,0.0500,-0.4566,-0.1781,-0.2337,-0.4435,1.0142,0.7746,-2.6765,87.7948,-41.2224,-87.4821
192213365,-0.0006,-0.0027,-0.2886,-0.4896,-0.1400,0.0200,0.0200,-0.0200,-0.4581,-0.1805,-0.2886,-0.4896,1.0142,0.4647,-2.6765,87.7988,-41.2256,-87.4981
192218364,-0.0022,-0.0053,-0.3613,-0.5095,-0.2112,0.0200,0.0200,-0.0200,-0.4599,-0.1831,-0.3613,-0.5095,0.2817,-0.7229,-2.2061,87.7881,-41.2519,-87.4985
192223365,-0.0043,-0.0081,-0.4252,-0.4985,-0.4204,-0.1205,-0.0692,0.2000,-0.4621,-0.1856,-0.4492,-0.5121,0.2254,-0.7229,-1.6313,87.7880,-41.2548,-87.4985
192228364,-0.0065,-0.0106,-0.4450,-0.4624,-0.4622,-0.1349,-0.0603,0.2000,-0.4645,-0.1879,-0.4794,-0.4468,0.1690,-2.3733,-1.3177,87.7881,-41.2951,-87.4981
192233365,-0.0086,-0.0128,-0.3928,-0.3769,-0.3034,-0.1304,-0.0523,0.1944,-0.4666,-0.1895,-0.4065,-0.3317,-0.0470,-2.3733,0.6646,87.7850,-41.3046,-87.4619
192238364,-0.0104,-0.0145,-0.3485,-0.3030,-0.2729,-0.1246,-0.0451,0.1802,-0.4682,-0.1908,-0.3320,-0.2477,-1.6928,-2.6167,1.1076,87.7456,-41.3238,-87.4488
192243364,-0.0123,-0.0162,-0.3653,-0.2868,-0.3792,-0.1354,-0.0394,0.1894,-0.4700,-0.1919,-0.3529,-0.2243,-1.6928,-3.1035,1.1076,87.7389,-41.3456,-87.4422
192248364,-0.0140,-0.0177,-0.3711,-0.2828,-0.4305,-0.1417,-0.0387,0.1970,-0.4717,-0.1929,-0.3429,-0.2046,-2.5485,-3.5783,1.6935,87.7097,-41.3741,-87.4256
192253364,-0.0160,-0.0191,-0.3842,-0.2416,-0.3486,-0.1526,-0.0295,0.1955,-0.4734,-0.1936,-0.3381,-0.1437,-2.9361,-3.5783,3.0099,87.6916,-41.3884,-87.3854
192258364,-0.0182,-0.0202,-0.4456,-0.1701,-0.2949,-0.1751,-0.0067,0.1931,-0.4752,-0.1939,-0.3666,-0.0587,-4.8703,-4.0817,3.4294,87.6293,-41.4202,-87.3635
192263365,-0.0203,-0.0208,-0.4108,-0.0699,-0.3969,-0.1708,0.0500,0.1710,-0.4767,-0.1935,-0.2961,0.0719,-5.9789,-4.1376,5.4179,87.5857,-41.4378,-87.2974
192268364,-0.0223,-0.0208,-0.3677,0.0260,-0.4283,-0.1618,0.0500,0.1489,-0.4776,-0.1929,-0.1757,0.1265,-7.7641,-4.4770,6.7499,87.5097,-41.4702,-87.2462
192273364,-0.0239,-0.0203,-0.2859,0.0980,-0.3535,-0.1458,0.0500,0.1202,-0.4779,-0.1918,-0.0558,0.2306,-8.9103,-4.4770,8.8900,87.4531,-41.4881,-87.1573
192278365,-0.0249,-0.0197,-0.1481,0.1378,-0.3166,-0.1114,0.0500,0.0902,-0.4772,-0.1903,0.1335,0.2884,-11.2871,-4.0639,10.1179,87.3450,-41.5056,-87.0946
192283364,-0.0251,-0.0187,-0.0046,0.2141,-0.3123,-0.0735,-0.0200,0.0491,-0.4756,-0.1884,0.3137,0.3931,-12.4751,-4.0639,12.0136,87.2741,-41.5218,-86.9896
192288364,-0.0242,-0.0174,0.2211,0.2700,-0.3202,-0.0096,-0.0200,-0.0004,-0.4727,-0.1860,0.5823,0.4684,-14.3070,-3.9539,13.3194,87.1569,-41.5440,-86.9130
192293364,-0.0228,-0.0160,0.2859,0.3320,-0.2936,0.0500,0.0340,-0.0500,-0.4695,-0.1830,0.6493,0.5988,-15.3562,-3.2387,14.6904,87.0762,-41.5440,-86.8015
192298364,-0.0211,-0.0142,0.2941,0.3558,-0.2771,0.0500,0.0403,-0.0500,-0.4681,-0.1811,0.2735,0.3915,-16.6608,-2.4135,15.3507,86.9539,-41.5443,-86.7279
192303365,-0.0194,-0.0122,0.3311,0.3589,-0.2967,0.0500,0.0394,-0.0500,-0.4665,-0.1791,0.3142,0.3881,-17.3270,-1.9734,16.1368,86.8729,-41.5442,-86.6176
192308364,-0.0176,-0.0103,0.3845,0.3571,-0.3245,0.0500,0.0347,-0.0500,-0.4647,-0.1772,0.3741,0.3751,-17.6551,-1.2201,16.0265,86.7612,-41.5392,-86.5555
192313364,-0.0156,-0.0086,0.4368,0.3509,-0.3352,-0.0200,0.0266,0.0200,-0.4625,-0.1755,0.4403,0.3448,-17.3342,0.4131,15.2617,86.6973,-41.5078,-86.4765
192318364,-0.0131,-0.0070,0.4982,0.3803,-0.3382,-0.0200,0.0255,0.0200,-0.4599,-0.1737,0.5052,0.3680,-16.3805,0.8262,14.2095,86.6143,-41.4948,-86.4378
192323365,-0.0103,-0.0050,0.5250,0.4246,-0.3187,0.1240,0.0312,-0.1430,-0.4554,-0.1707,0.9061,0.6058,-15.2180,0.8262,12.9889,86.5737,-41.4915,-86.3800
192328364,-0.0074,-0.0027,0.5287,0.4380,-0.2677,0.1333,0.0351,-0.1581,-0.4510,-0.1677,0.8781,0.5997,-14.0348,0.8262,11.6780,86.5088,-41.4866,-86.3569
192333364,-0.0050,-0.0009,0.4591,0.3354,-0.2768,0.1234,0.0226,-0.1354,-0.4471,-0.1653,0.7805,0.4741,-13.1885,0.8262,10.1333,86.4715,-41.4833,-86.3203
192338364,-0.0028,0.0005,0.4365,0.2511,-0.2976,0.1260,0.0070,-0.1216,-0.4434,-0.1634,0.7434,0.3723,-12.0119,1.7473,9.8777,86.4206,-41.4564,-86.2853
192343365,-0.0005,0.0013,0.4032,0.1936,-0.3092,0.1241,-0.0500,-0.1100,-0.4400,-0.1619,0.6750,0.3003,-10.4613,1.7473,8.9014,86.4062,-41.4495,-86.2498
192348365,0.0017,0.0021,0.3876,0.1506,-0.2616,0.1245,-0.0500,-0.1044,-0.4370,-0.1606,0.6096,0.2592,-9.2560,1.7473,7.2813,86.3702,-41.4390,-86.2498
192353365,0.0037,0.0028,0.3607,0.1539,-0.1675,0.1214,-0.0500,-0.1063,-0.4343,-0.1595,0.5410,0.2345,-7.7704,1.7473,5.3999,86.3658,-41.4320,-86.2495
192358365,0.0056,0.0036,0.3320,0.1600,-0.1519,0.1180,-0.0500,-0.1080,-0.4319,-0.1583,0.4653,0.2258,-5.5420,1.7473,4.4069,86.3703,-41.4215,-86.2497
192363365,0.0072,0.0042,0.2920,0.1448,-0.2625,0.1131,0.0200,-0.1010,-0.4300,-0.1574,0.3866,0.1934,-3.8668,1.4117,3.2572,86.3847,-41.4220,-86.2497
192368365,0.0086,0.0046,0.2272,0.0730,-0.3847,0.0998,0.0200,-0.0761,-0.4287,-0.1569,0.2694,0.0984,-1.5964,1.0202,1.7035,86.4145,-41.4224,-86.2708
192373365,0.0095,0.0047,0.1442,0.0024,-0.3425,0.0805,-0.0170,-0.0503,-0.4278,-0.1569,0.1696,-0.0024,-0.7885,0.8524,0.5277,86.4252,-41.4220,-86.2888
192378364,0.0093,0.0042,-0.0721,-0.1081,-0.3318,0.0205,-0.0135,0.0500,-0.4284,-0.1575,-0.1111,-0.1162,1.2642,-0.7272,-1.2688,86.4688,-41.4514,-86.3255
192383365,0.0087,0.0035,-0.1762,-0.1344,-0.3327,-0.0500,-0.0050,0.0500,-0.4295,-0.1580,-0.2295,-0.1164,2.4867,-1.2120,-1.3240,86.5012,-41.4656,-86.3345
192388364,0.0074,0.0025,-0.2825,-0.1432,-0.2720,-0.0500,0.0500,0.0500,-0.4310,-0.1587,-0.2930,-0.1251,3.7826,-1.2120,-2.8447,86.5459,-41.4729,-86.3729
192393365,0.0058,0.0015,-0.3656,-0.1744,-0.2426,-0.0500,0.0500,0.0500,-0.4328,-0.1595,-0.3656,-0.1744,4.1057,-1.2120,-3.7759,86.5676,-41.4777,-86.4098
192398364,0.0038,0.0006,-0.4362,-0.2034,-0.2100,-0.0500,0.0500,-0.0200,-0.4350,-0.1606,-0.4362,-0.2034,4.8058,-1.2120,-3.8247,86.6098,-41.4850,-86.4261
192403365,0.0015,-0.0006,-0.5089,-0.2468,-0.2274,0.0200,0.0500,-0.0200,-0.4375,-0.1618,-0.5089,-0.2468,5.0844,-1.2120,-3.8247,86.6352,-41.4898,-86.4490
192408364,-0.0012,-0.0020,-0.5635,-0.3005,-0.2936,0.0200,-0.0200,0.1537,-0.4405,-0.1635,-0.5916,-0.3493,4.9736,-1.2120,-3.2709,86.6635,-41.4971,-86.4523
192413364,-0.0043,-0.0037,-0.5858,-0.3225,-0.2677,-0.1678,-0.0200,0.1746,-0.4439,-0.1653,-0.6758,-0.3581,4.0323,-1.0571,-2.3849,86.6626,-41.4986,-86.4515
192418364,-0.0072,-0.0055,-0.5782,-0.3155,-0.1895,-0.1774,0.0030,0.1818,-0.4471,-0.1670,-0.6498,-0.3383,2.9801,-0.4111,-1.9418,86.6626,-41.4910,-86.4514
192423364,-0.0101,-0.0070,-0.5568,-0.2443,-0.1846,-0.1816,0.0145,0.1742,-0.4501,-0.1684,-0.6019,-0.2816,2.4264,1.0666,-1.4434,86.6625,-41.4605,-86.4516
192428364,-0.0127,-0.0083,-0.5143,-0.2230,-0.1641,-0.1801,0.0146,0.1717,-0.4528,-0.1696,-0.5372,-0.2397,1.8173,1.0666,-0.0698,86.6630,-41.4541,-86.4276
192433364,-0.0153,-0.0094,-0.4737,-0.2104,-0.1376,-0.1794,0.0137,0.1710,-0.4552,-0.1707,-0.4836,-0.2144,1.4850,1.0666,0.7812,86.6630,-41.4498,-86.4072
192438364,-0.0176,-0.0106,-0.4343,-0.2251,-0.1315,-0.1756,0.0057,0.1749,-0.4572,-0.1717,-0.4004,-0.2087,-0.3714,1.0666,2.1446,86.6297,-41.4434,-86.3747
192443365,-0.0198,-0.0119,-0.4059,-0.2468,-0.1321,-0.1753,-0.0500,0.1835,-0.4590,-0.1728,-0.3464,-0.2189,-0.9805,1.5700,3.4106,86.6151,-41.4288,-86.3346
192448365,-0.0217,-0.0134,-0.4194,-0.2721,-0.1144,-0.1844,-0.0500,0.1955,-0.4606,-0.1738,-0.3321,-0.2003,-2.6749,1.9056,4.8004,86.5698,-41.4108,-86.2906
192453364,-0.0236,-0.0148,-0.3629,-0.2379,-0.0160,-0.1757,-0.0500,0.1846,-0.4618,-0.1745,-0.2298,-0.1343,-4.2719,1.9056,6.9293,86.5238,-41.4032,-86.2129
192458365,-0.0254,-0.0159,-0.3231,-0.1875,0.0133,-0.1695,-0.0500,0.1722,-0.4625,-0.1748,-0.1438,-0.0597,-6.1493,1.9056,8.5497,86.4542,-41.3918,-86.1499
192463365,-0.0267,-0.0169,-0.2437,-0.1518,-0.0572,-0.1505,0.0200,0.1572,-0.4626,-0.1748,-0.0167,0.0104,-7.7764,1.9056,10.8500,86.3937,-41.3841,-86.0461
192468365,-0.0275,-0.0173,-0.1118,-0.0715,-0.0130,-0.1173,0.0200,0.1225,-0.4618,-0.1742,0.1606,0.1127,-9.6682,1.2344,12.3229,86.3036,-41.3866,-85.9702
192473364,-0.0264,-0.0170,0.2370,0.1093,-0.0191,-0.0228,-0.0087,0.0323,-0.4591,-0.1725,0.5412,0.3313,-10.8121,-0.5593,14.2965,86.2395,-41.4209,-85.8504
192478365,-0.0248,-0.0162,0.3497,0.1866,-0.0478,0.0500,-0.0063,-0.0500,-0.4556,-0.1704,0.6909,0.4284,-12.3454,-0.6153,15.5803,86.1394,-41.4257,-85.7650
192483364,-0.0227,-0.0152,0.4530,0.2367,-0.0798,0.0500,-0.0108,-0.0500,-0.4534,-0.1692,0.4477,0.2458,-13.1086,-0.6153,17.0416,86.0729,-41.4282,-85.6382
192488365,-0.0203,-0.0139,0.5116,0.2807,-0.0792,0.0500,-0.0091,-0.0500,-0.4509,-0.1677,0.5063,0.2898,-14.1523,-0.6153,17.7344,85.9701,-41.4319,-85.5548
192493364,-0.0174,-0.0123,0.5412,0.2981,-0.0496,0.0500,-0.0096,-0.0500,-0.4482,-0.1662,0.5359,0.3072,-14.5361,-0.6153,18.6155,85.9052,-41.4343,-85.4275
192498364,-0.0145,-0.0109,0.5385,0.2896,-0.0698,-0.0200,-0.0102,0.0200,-0.4456,-0.1646,0.5233,0.3159,-14.5213,-1.7788,18.9681,85.8180,-41.4640,-85.3450
192503365,-0.0117,-0.0094,0.5272,0.2801,-0.1205,-0.0200,-0.0108,0.0200,-0.4430,-0.1631,0.5119,0.3065,-14.1832,-1.7788,18.9672,85.7672,-41.4711,-85.2309
192508365,-0.0087,-0.0080,0.5489,0.2963,-0.1253,0.1329,-0.0072,-0.1209,-0.4384,-0.1601,0.9174,0.6009,-12.9837,-1.7788,18.6349,85.7088,-41.4818,-85.1624
192513365,-0.0059,-0.0066,0.5651,0.3277,-0.0798,0.1461,-0.0040,-0.1390,-0.4338,-0.1570,0.9128,0.6170,-12.2884,-1.7788,17.6132,85.6730,-41.4889,-85.0747
192518364,-0.0029,-0.0048,0.5883,0.4249,-0.0777,0.1617,0.0500,-0.1734,-0.4293,-0.1535,0.9085,0.6978,-11.1809,-1.7271,16.5705,85.6258,-41.4985,-85.0273
192523364,0.0002,-0.0027,0.5748,0.4453,-0.0927,0.1700,0.0500,-0.1863,-0.4249,-0.1501,0.8826,0.6783,-10.0667,-1.4173,15.6249,85.6060,-41.4986,-84.9495
192528365,0.0031,-0.0004,0.5452,0.4493,-0.1134,0.1713,0.0500,-0.1946,-0.4208,-0.1468,0.8127,0.6684,-8.1818,-1.0559,14.7031,85.5873,-41.4987,-84.9079
192533365,0.0056,0.0019,0.4872,0.4304,-0.1345,0.1639,0.0500,-0.1923,-0.4173,-0.1437,0.7100,0.6201,-6.5662,-0.8493,12.7376,85.5902,-41.4984,-84.8648
192538364,0.0080,0.0039,0.4270,0.3919,-0.1589,0.1552,-0.0200,-0.1844,-0.4142,-0.1409,0.6071,0.5573,-4.8967,-0.5458,11.1120,85.5893,-41.4967,-84.8496
192543365,0.0101,0.0057,0.3848,0.3406,-0.1635,0.1508,-0.0200,-0.1753,-0.4116,-0.1385,0.5341,0.4796,-3.9812,1.0181,9.3467,85.5899,-41.4649,-84.8216
192548364,0.0122,0.0075,0.4056,0.3344,-0.1079,0.1604,0.0269,-0.1831,-0.4090,-0.1363,0.5117,0.4281,-1.8234,1.1635,7.4766,85.6153,-41.4550,-84.8251
192553364,0.0138,0.0091,0.3641,0.3384,-0.0777,0.1522,0.0335,-0.1828,-0.4069,-0.1344,0.4186,0.3836,0.1661,1.7788,4.8492,85.6517,-41.4377,-84.8408
192558365,0.0155,0.0103,0.2844,0.2575,-0.1501,0.1352,0.0273,-0.1567,-0.4055,-0.1331,0.2787,0.2588,2.8758,2.4500,2.5853,85.7139,-41.4101,-84.8703
192563365,0.0161,0.0111,0.0870,0.1481,-0.0563,0.0827,0.0278,-0.1083,-0.4054,-0.1326,0.0259,0.1060,4.6334,2.4500,-0.3323,85.7637,-41.4003,-84.9210
192568364,0.0165,0.0117,0.0296,0.1121,-0.0291,0.0649,0.0282,-0.0920,-0.4058,-0.1324,-0.0881,0.0366,7.2891,2.9248,-2.0857,85.8523,-41.3758,-84.9608
192573364,0.0163,0.0119,-0.0153,0.0687,-0.1706,0.0506,0.0263,-0.0704,-0.4068,-0.1327,-0.1842,-0.0520,8.8983,3.0831,-4.9652,85.9170,-41.3604,-85.0391
192578364,0.0158,0.0122,-0.0788,0.0421,-0.2216,0.0296,0.0312,-0.0523,-0.4082,-0.1332,-0.2960,-0.1033,11.2209,3.4238,-6.2810,86.0236,-41.3348,-85.0884
192583365,0.0154,0.0122,-0.1231,0.0226,-0.1055,0.0126,0.0314,-0.0399,-0.4101,-0.1340,-0.3776,-0.1548,12.3130,3.4238,-8.4265,86.0924,-41.3211,-85.1761
192588365,0.0147,0.0120,-0.1695,-0.0531,-0.0313,-0.0500,0.0203,-0.0141,-0.4124,-0.1352,-0.4524,-0.2501,13.6912,3.8089,-9.3523,86.1982,-41.2926,-85.2305
192593364,0.0136,0.0115,-0.2318,-0.1368,-0.0908,-0.0500,0.0013,0.0500,-0.4138,-0.1370,-0.2901,-0.3500,14.2878,3.8089,-10.5238,86.2664,-41.2774,-85.3139
192598365,0.0120,0.0104,-0.2853,-0.2104,-0.1849,-0.0500,-0.0006,0.0500,-0.4151,-0.1383,-0.2522,-0.2675,14.8388,3.8089,-10.7997,86.3652,-41.2545,-85.3625
192603364,0.0103,0.0088,-0.2966,-0.2877,-0.2231,-0.0500,-0.0500,0.0500,-0.4164,-0.1400,-0.2631,-0.3455,14.7744,3.8606,-11.1559,86.4233,-41.2381,-85.4360
192608364,0.0088,0.0069,-0.2807,-0.3641,0.0222,0.0200,-0.0500,0.0500,-0.4178,-0.1418,-0.2807,-0.3641,14.1990,3.8606,-10.7128,86.4991,-41.2150,-85.4708
192613364,0.0073,0.0047,-0.3421,-0.4071,0.0219,0.0200,-0.0500,-0.0200,-0.4195,-0.1439,-0.3421,-0.4071,13.4467,3.2788,-9.3018,86.5387,-41.2121,-85.5046
192618365,0.0055,0.0027,-0.3812,-0.4200,-0.0511,-0.0887,-0.0500,-0.0200,-0.4225,-0.1460,-0.5844,-0.4204,11.8128,2.4062,-8.0475,86.5799,-41.2125,-85.5136
192623364,0.0034,0.0005,-0.4184,-0.4010,-0.0685,-0.1090,0.0200,0.1482,-0.4257,-0.1485,-0.6566,-0.5031,10.4126,1.9698,-6.8367,86.5970,-41.2125,-85.5358
192628365,0.0012,-0.0015,-0.4459,-0.3461,-0.0310,-0.1225,0.0200,0.1479,-0.4290,-0.1506,-0.6486,-0.4293,8.9808,1.4850,-5.5775,86.6251,-41.2118,-85.5354
192633364,-0.0012,-0.0032,-0.4685,-0.2792,0.0341,-0.1352,-0.0094,0.1433,-0.4321,-0.1524,-0.6288,-0.3483,7.4952,0.5134,-4.1245,86.6284,-41.2266,-85.5354
192638364,-0.0036,-0.0045,-0.4811,-0.2144,0.0341,-0.1455,0.0500,0.1371,-0.4352,-0.1537,-0.6088,-0.2558,5.4061,-0.6196,-3.3980,86.6251,-41.2514,-85.5359
192643364,-0.0061,-0.0056,-0.4768,-0.2107,-0.0487,-0.1513,0.0500,0.1445,-0.4380,-0.1549,-0.5741,-0.2484,4.3847,-0.6196,-2.5262,86.6242,-41.2539,-85.5360
192648365,-0.0087,-0.0067,-0.4945,-0.1967,-0.1690,-0.1615,0.0500,0.1510,-0.4408,-0.1559,-0.5496,-0.2086,2.7951,-0.6196,-0.8054,86.6150,-41.2576,-85.5083
192653364,-0.0112,-0.0079,-0.4633,-0.1860,-0.1861,-0.1603,0.0500,0.1518,-0.4432,-0.1569,-0.4829,-0.1877,1.0718,-0.6196,-0.1198,86.5883,-41.2600,-85.4965
192658365,-0.0130,-0.0084,-0.3479,-0.0586,-0.1296,-0.1354,-0.0200,0.1104,-0.4448,-0.1571,-0.3135,-0.0338,-1.1646,-0.6196,1.6614,86.5451,-41.2638,-85.4580
192663365,-0.0149,-0.0090,-0.3601,-0.0739,-0.0991,-0.1421,-0.0200,0.1163,-0.4461,-0.1571,-0.2704,-0.0145,-3.2191,0.0516,3.9798,86.4957,-41.2523,-85.3955
192668364,-0.0162,-0.0092,-0.3073,-0.0269,-0.0524,-0.1304,0.0331,0.0994,-0.4469,-0.1569,-0.1626,0.0437,-5.7730,0.2582,4.9925,86.4180,-41.2467,-85.3571
192673365,-0.0176,-0.0094,-0.2419,-0.0125,-0.0609,-0.1158,0.0306,0.0875,-0.4472,-0.1565,-0.0492,0.0903,-7.4827,0.2582,7.1526,86.3573,-41.2457,-85.2771
192678364,-0.0184,-0.0094,-0.1280,0.0266,-0.0945,-0.0866,0.0258,0.0644,-0.4466,-0.1558,0.1078,0.1390,-9.4140,0.5006,8.0504,86.2684,-41.2392,-85.2283
192683364,-0.0185,-0.0089,-0.0043,0.1179,-0.1195,-0.0527,0.0311,0.0262,-0.4453,-0.1546,0.2731,0.2349,-10.4790,1.7126,9.5558,86.2071,-41.2101,-85.1449
192688365,-0.0179,-0.0082,0.1652,0.1817,-0.1000,-0.0055,0.0242,-0.0500,-0.4429,-0.1530,0.4689,0.3074,-11.7095,1.7126,10.1381,86.1159,-41.1998,-85.0934
192693365,-0.0164,-0.0069,0.3204,0.2865,-0.0664,0.0500,0.0213,-0.0500,-0.4402,-0.1518,0.5465,0.2566,-12.1404,1.9363,10.9117,86.0592,-41.1884,-85.0141
192698364,-0.0143,-0.0052,0.4423,0.3650,-0.0972,0.0500,0.0325,-0.0500,-0.4379,-0.1501,0.4646,0.3263,-12.7699,2.6075,11.1730,85.9711,-41.1599,-84.9643
