Time_us,Roll,Pitch,GyroX,GyroY,GyroZ,T1,T2,T3,PhiX,PhiY,PhiDX,PhiDY,motor_vel_1,motor_vel_2,motor_vel_3,motor_pos_1,motor_pos_2,motor_pos_3
203875051,0.1067,-0.0317,-0.0348,0.0382,0.0918,0.0200,-0.0500,-0.1090,-0.0002,0.0003,-0.0348,0.0382,0.0000,0.0000,0.0000,88.0882,-47.3360,-89.3736
203878364,0.1068,-0.0317,-0.0373,0.0406,0.0912,0.0500,-0.0500,-0.1094,-0.0004,0.0004,-0.0372,0.0406,0.0000,0.0000,0.0000,88.0882,-47.3360,-89.3736
203883364,0.1068,-0.0316,-0.0376,0.0415,0.0897,0.0500,-0.0500,-0.1101,-0.0005,0.0006,-0.0375,0.0415,0.0000,0.0000,0.0000,88.0882,-47.3360,-89.3736
203888364,0.1069,-0.0314,-0.0370,0.0394,0.0958,0.0500,-0.0500,-0.1105,-0.0007,0.0008,-0.0369,0.0394,0.0000,0.0000,0.0000,88.0882,-47.3360,-89.3736
203893364,0.1069,-0.0312,-0.0324,0.0379,0.1065,0.0500,0.0200,-0.1118,-0.0009,0.0010,-0.0324,0.0379,0.0000,0.0000,0.0000,88.0882,-47.3360,-89.3736
203898365,0.1070,-0.0310,-0.0354,0.0339,0.1141,-0.0200,0.0200,-0.1114,-0.0011,0.0011,-0.0359,0.0332,0.0000,0.0000,-0.0524,88.0882,-47.3360,-89.3747
203903364,0.1070,-0.0308,-0.0476,0.0431,0.0900,-0.0200,-0.2000,-0.1110,-0.0013,0.0013,-0.0554,0.0299,0.0000,0.0000,-0.9313,88.0882,-47.3360,-89.3935
203908364,0.1068,-0.0304,-0.0962,0.0870,0.0762,0.2000,-0.2000,-0.1141,-0.0019,0.0016,-0.1120,0.0603,0.0000,0.0000,-1.8851,88.0882,-47.3360,-89.4186
203913364,0.1062,-0.0301,-0.1484,0.1032,0.0084,0.2000,-0.2000,-0.1081,-0.0028,0.0019,-0.1793,0.0524,0.0539,0.0000,-3.5801,88.0894,-47.3360,-89.4698
203918364,0.1053,-0.0296,-0.2031,0.0654,-0.0637,0.2000,-0.2000,-0.0899,-0.0040,0.0018,-0.2464,-0.0050,0.0539,-0.0487,-5.0089,88.0896,-47.3370,-89.5157
203923365,0.1041,-0.0294,-0.2465,0.0339,-0.0502,0.2000,-0.2000,-0.0742,-0.0056,0.0015,-0.3038,-0.0604,0.0539,-0.0487,-6.6867,88.0899,-47.3373,-89.5849
203928364,0.1029,-0.0295,-0.2538,-0.0470,-0.0817,0.2000,-0.2000,-0.0511,-0.0071,0.0008,-0.3190,-0.1547,0.0539,-0.0487,-7.6270,88.0901,-47.3375,-89.6321
203933364,0.1015,-0.0302,-0.2645,-0.1432,-0.1669,0.2000,-0.2000,-0.0217,-0.0089,-0.0005,-0.3544,-0.2490,0.0539,-1.5259,-9.0858,88.0904,-47.3698,-89.7120
203938365,0.1000,-0.0312,-0.2807,-0.2141,-0.2148,0.2000,-0.2000,0.0500,-0.0108,-0.0021,-0.3809,-0.3195,0.0539,-2.1348,-9.7129,88.0907,-47.3888,-89.7622
203943364,0.0987,-0.0326,-0.2715,-0.2813,-0.2023,0.2000,-0.2000,0.0500,-0.0125,-0.0031,-0.3398,-0.2092,1.6323,-4.7334,-10.7422,88.1280,-47.4613,-89.8449
203948364,0.0975,-0.0341,-0.2819,-0.2828,-0.1519,0.2000,-0.2000,0.0500,-0.0145,-0.0041,-0.3876,-0.1873,3.0167,-6.3095,-11.0568,88.1646,-47.5149,-89.8949
203953365,0.0957,-0.0357,-0.3726,-0.2450,-0.2029,0.2000,-0.2000,0.0500,-0.0171,-0.0046,-0.5312,-0.1073,4.7087,-9.1003,-11.4117,88.2203,-47.6167,-89.9698
203958365,0.0937,-0.0369,-0.4203,-0.1762,-0.2286,0.2000,-0.2000,-0.0200,-0.0202,-0.0047,-0.6180,-0.0108,6.0622,-10.9547,-10.9936,88.2688,-47.6938,-90.0067
203963365,0.0914,-0.0377,-0.4817,-0.0968,-0.1825,0.2000,-0.2000,-0.0200,-0.0239,-0.0041,-0.7391,0.1071,8.2381,-13.5389,-10.3155,88.3547,-47.8191,-90.0575
203968365,0.0887,-0.0381,-0.5473,-0.0241,-0.1767,0.1924,-0.2000,0.0388,-0.0285,-0.0038,-0.9187,0.0674,9.6438,-14.9570,-9.3226,88.4187,-47.9046,-90.0778
203973365,0.0860,-0.0383,-0.5828,0.0144,-0.1864,0.1682,-0.2000,0.0414,-0.0335,-0.0031,-1.0093,0.1368,12.1946,-16.6649,-8.8894,88.5348,-48.0337,-90.1235
203978364,0.0828,-0.0381,-0.5999,0.0458,-0.1660,0.1494,-0.1836,0.0406,-0.0388,-0.0021,-1.0490,0.2003,13.6233,-17.6374,-7.6309,88.6146,-48.1215,-90.1308
203983364,0.0796,-0.0378,-0.6093,0.0681,-0.1443,0.1309,-0.1675,0.0421,-0.0443,-0.0009,-1.0951,0.2458,15.5449,-18.6264,-6.9962,88.7404,-48.2496,-90.1631
203988365,0.0766,-0.0377,-0.6432,0.0644,-0.0951,0.1081,-0.1568,0.0523,-0.0500,0.0004,-1.1493,0.2495,16.4623,-19.1449,-6.9962,88.8228,-48.3351,-90.1911
203993365,0.0734,-0.0373,-0.6784,0.0867,0.0307,0.0839,-0.1391,0.0541,-0.0560,0.0019,-1.1989,0.3008,17.6511,-19.7736,-5.6117,88.9493,-48.4641,-90.2022
203998364,0.0696,-0.0368,-0.7621,0.1500,0.0625,0.0467,-0.1044,0.0553,-0.0625,0.0038,-1.2895,0.3828,18.4289,-20.0385,-4.5595,89.0369,-48.5489,-90.2015
204003364,0.0656,-0.0361,-0.7902,0.1692,0.0943,0.0226,-0.0849,0.0588,-0.0691,0.0059,-1.3218,0.4225,19.1038,-20.2964,-3.3965,89.1626,-48.6749,-90.2021
204008364,0.0616,-0.0353,-0.8173,0.2065,0.1065,-0.0003,-0.0622,0.0584,-0.0758,0.0083,-1.3489,0.4692,19.3648,-20.3449,-2.7873,89.2446,-48.7572,-90.2022
204013364,0.0575,-0.0343,-0.8464,0.2349,0.1013,-0.0500,-0.0401,0.0601,-0.0827,0.0108,-1.3755,0.5079,19.5758,-20.3409,-2.0674,89.3657,-48.8793,-90.2022
204018365,0.0531,-0.0332,-0.8940,0.2776,0.0741,-0.0500,-0.0240,0.0478,-0.0881,0.0136,-1.0796,0.5634,19.4187,-20.3968,-1.6798,89.4405,-48.9619,-90.2019
204023364,0.0485,-0.0318,-0.9502,0.3134,0.0671,-0.0500,0.0500,0.0490,-0.0937,0.0168,-1.1189,0.6281,18.7949,-20.3968,0.3418,89.5434,-49.0842,-90.1666
204028365,0.0439,-0.0302,-0.9759,0.3451,0.0903,-0.0500,0.0500,0.0622,-0.0985,0.0185,-0.9692,0.3560,18.1436,-20.3400,0.7396,89.6047,-49.1647,-90.1562
204033365,0.0388,-0.0285,-1.0119,0.3928,0.0976,0.0200,0.0500,0.0587,-0.1035,0.0207,-0.9938,0.4236,16.6077,-20.0321,2.1030,89.6794,-49.2796,-90.1186
204038364,0.0338,-0.0266,-1.0174,0.4133,0.0591,0.0200,0.0500,0.0592,-0.1085,0.0229,-0.9993,0.4442,15.6928,-19.5624,2.1030,89.7263,-49.3494,-90.1102
204043364,0.0286,-0.0243,-1.0085,0.4832,0.0506,-0.1557,-0.0200,0.0531,-0.1146,0.0255,-1.2205,0.5313,13.8949,-18.5810,3.4269,89.7791,-49.4447,-90.0652
204048365,0.0236,-0.0219,-0.9798,0.5174,0.0564,-0.1661,-0.0200,0.0414,-0.1204,0.0284,-1.1574,0.5798,12.3736,-17.7926,4.3471,89.8017,-49.5019,-90.0309
204053365,0.0187,-0.0192,-0.9383,0.5715,0.0781,-0.1840,0.1691,0.0119,-0.1265,0.0329,-1.2283,0.8852,11.4042,-15.9661,5.0788,89.8548,-49.5669,-89.9882
204058365,0.0141,-0.0162,-0.8867,0.6109,0.1049,-0.1879,0.1887,-0.0500,-0.1323,0.0374,-1.1529,0.9164,10.5686,-15.1385,5.3557,89.8828,-49.6129,-89.9622
204063365,0.0099,-0.0131,-0.8134,0.6390,0.1434,-0.1878,0.1984,-0.0500,-0.1377,0.0417,-1.0906,0.8459,9.1932,-13.8596,5.7856,89.9166,-49.6737,-89.9196
204068365,0.0060,-0.0098,-0.7450,0.6622,0.2158,-0.1858,0.2000,-0.0500,-0.1428,0.0460,-1.0052,0.8576,8.5840,-13.0915,6.0297,89.9392,-49.7116,-89.8907
204073364,0.0023,-0.0066,-0.7135,0.6738,0.2271,-0.1902,0.2000,-0.0500,-0.1475,0.0502,-0.9384,0.8460,7.3005,-11.5476,6.0822,89.9630,-49.7546,-89.8533
204078365,-0.0010,-0.0033,-0.7028,0.6872,0.1416,-0.1970,0.2000,0.0200,-0.1519,0.0544,-0.8933,0.8394,5.9634,-10.2050,6.0822,89.9628,-49.7708,-89.8290
204083364,-0.0043,0.0002,-0.6286,0.7031,0.0472,-0.1869,0.2000,0.0200,-0.1558,0.0585,-0.7733,0.8306,4.1261,-8.5546,4.5927,89.9570,-49.7961,-89.8267
204088365,-0.0072,0.0034,-0.5489,0.6393,-0.0099,-0.1718,0.2000,-0.0753,-0.1589,0.0625,-0.6164,0.7983,2.3541,-6.9042,3.7652,89.9346,-49.7939,-89.8266
204093365,-0.0093,0.0063,-0.3855,0.5892,-0.0936,-0.1338,0.2000,-0.0889,-0.1609,0.0660,-0.3983,0.6994,-0.1857,-4.6265,2.7723,89.8906,-49.7834,-89.8270
204098365,-0.0108,0.0091,-0.2779,0.5446,-0.0548,-0.1102,0.2000,-0.0993,-0.1621,0.0691,-0.2501,0.6227,-1.9740,-2.9741,2.2758,89.8507,-49.7657,-89.8268
204103365,-0.0121,0.0118,-0.2578,0.5049,0.0933,-0.1072,0.2000,-0.1006,-0.1629,0.0718,-0.1643,0.5288,-4.5815,0.0540,1.6690,89.7795,-49.7138,-89.8272
204108364,-0.0133,0.0141,-0.2083,0.4655,0.1734,-0.0974,0.1953,-0.1046,-0.1633,0.0741,-0.0722,0.4578,-6.2771,1.8924,1.3931,89.7241,-49.6731,-89.8266
204113364,-0.0143,0.0161,-0.1952,0.3760,0.2002,-0.0944,0.1772,-0.0905,-0.1633,0.0757,-0.0027,0.3164,-8.5680,4.6174,0.6426,89.6343,-49.5991,-89.8346
204118365,-0.0151,0.0178,-0.1271,0.3219,0.2345,-0.0789,0.1594,-0.0895,-0.1629,0.0767,0.0886,0.2091,-9.8308,6.4913,-1.0488,89.5719,-49.5395,-89.8689
204123364,-0.0155,0.0194,-0.0718,0.3030,0.1932,-0.0626,0.1490,-0.0938,-0.1619,0.0773,0.1931,0.1226,-12.0138,9.4339,-2.6292,89.4625,-49.4332,-89.9108
204128364,-0.0156,0.0207,-0.0354,0.3112,0.1205,-0.0505,0.1483,-0.1025,-0.1606,0.0778,0.2608,0.0965,-13.0676,11.3529,-3.0168,89.3917,-49.3534,-89.9292
204133365,-0.0158,0.0219,-0.0492,0.2877,0.1169,-0.0514,0.1445,-0.0976,-0.1592,0.0779,0.2870,0.0219,-14.5044,13.9494,-3.8475,89.2801,-49.2256,-89.9680
204138365,-0.0158,0.0229,0.0000,0.1854,0.1865,-0.0386,0.1159,-0.0844,-0.1574,0.0773,0.3540,-0.1144,-15.4025,15.2323,-4.8405,89.2021,-49.1416,-90.0059
204143364,-0.0157,0.0234,0.0153,0.0727,0.1514,-0.0322,0.0875,-0.0611,-0.1554,0.0760,0.3922,-0.2725,-16.6492,16.8439,-6.2707,89.0811,-49.0129,-90.0675
204148365,-0.0156,0.0233,0.0171,-0.0480,0.1166,-0.0294,0.0588,-0.0339,-0.1534,0.0739,0.4121,-0.4128,-17.3728,17.8299,-6.5989,88.9989,-48.9240,-90.1002
204153364,-0.0154,0.0228,0.0070,-0.1148,0.1630,-0.0308,0.0399,-0.0154,-0.1513,0.0713,0.4138,-0.5135,-18.2510,18.7736,-7.9153,88.8751,-48.7958,-90.1709
204158365,-0.0151,0.0220,0.0226,-0.1753,0.2485,-0.0265,0.0191,-0.0021,-0.1491,0.0684,0.4346,-0.5898,-18.6355,19.2257,-8.5245,88.7938,-48.7110,-90.2160
204163365,-0.0151,0.0209,0.0293,-0.2208,0.2625,-0.0242,0.0034,0.0500,-0.1469,0.0651,0.4493,-0.6479,-18.9869,19.7578,-8.8381,88.6737,-48.5836,-90.2744
204168364,-0.0150,0.0197,0.0348,-0.2688,0.1538,-0.0147,-0.0500,0.0500,-0.1442,0.0623,0.5373,-0.5650,-19.2458,19.8678,-9.0318,88.5918,-48.5021,-90.3143
204173365,-0.0148,0.0181,0.0657,-0.3262,0.0378,-0.0178,-0.0500,0.0500,-0.1422,0.0607,0.3968,-0.3279,-19.3560,19.7591,-9.0870,88.4736,-48.3852,-90.3699
204178364,-0.0144,0.0163,0.0935,-0.3729,0.0875,-0.0105,-0.0500,0.0500,-0.1401,0.0588,0.4201,-0.3746,-19.0829,19.3615,-8.1955,88.4021,-48.3148,-90.3862
204183364,-0.0137,0.0140,0.1726,-0.4398,0.2030,0.0500,-0.0500,-0.0200,-0.1377,0.0566,0.4916,-0.4414,-18.6205,18.3568,-7.0726,88.2981,-48.2213,-90.4111
204188366,-0.0127,0.0117,0.2352,-0.4496,0.1306,0.0500,0.0200,-0.0200,-0.1365,0.0544,0.2352,-0.4496,-18.0003,17.3648,-7.0726,88.2373,-48.1697,-90.4394
204193365,-0.0114,0.0093,0.2938,-0.4603,0.0637,0.0500,0.0200,0.0607,-0.1353,0.0516,0.2441,-0.5463,-16.9118,15.4516,-5.7435,88.1535,-48.1098,-90.4523
204198365,-0.0098,0.0069,0.3607,-0.4713,0.0677,0.0500,-0.1267,0.0676,-0.1330,0.0479,0.4414,-0.7496,-16.2154,14.0111,-4.6913,88.1008,-48.0798,-90.4521
204203365,-0.0079,0.0044,0.4123,-0.4823,0.1224,-0.0200,-0.1453,0.0648,-0.1306,0.0443,0.4848,-0.7139,-14.7514,11.9772,-3.5837,88.0376,-48.0429,-90.4543
204208364,-0.0058,0.0018,0.4472,-0.4823,0.1184,-0.0200,-0.1608,0.0642,-0.1281,0.0409,0.5043,-0.6878,-12.9484,10.2168,-3.5837,88.0182,-48.0336,-90.4686
204213365,-0.0034,-0.0008,0.4856,-0.4765,0.0628,0.1259,-0.1833,0.0550,-0.1245,0.0375,0.7259,-0.6659,-11.1900,9.1088,-3.5837,87.9798,-47.9972,-90.4901
204218365,-0.0011,-0.0033,0.4951,-0.4676,0.0616,0.1351,-0.1924,0.0550,-0.1210,0.0344,0.7029,-0.6267,-9.9369,7.4564,-3.2116,87.9624,-47.9970,-90.4968
204223365,0.0015,-0.0057,0.4847,-0.4948,0.1480,0.1392,-0.2000,0.0611,-0.1177,0.0315,0.6566,-0.5842,-7.5302,5.4426,-0.5534,87.9585,-47.9990,-90.4551
204228364,0.0042,-0.0079,0.4902,-0.4337,0.2238,0.1499,-0.2000,0.0474,-0.1144,0.0290,0.6551,-0.5043,-7.5302,4.4099,-0.3318,87.9283,-48.0000,-90.4521
204233365,0.0067,-0.0101,0.4829,-0.3760,0.1416,0.1560,-0.2000,0.0388,-0.1114,0.0269,0.6093,-0.4177,-6.1459,2.5833,-0.2211,87.9137,-48.0143,-90.4515
204238365,0.0092,-0.0118,0.5061,-0.3027,0.1841,0.1693,-0.1950,0.0186,-0.1083,0.0254,0.6045,-0.3005,-5.0384,0.5985,0.7324,87.9136,-48.0473,-90.4328
204243364,0.0116,-0.0130,0.4765,-0.1921,0.2302,0.1680,-0.1716,-0.0500,-0.1056,0.0247,0.5366,-0.1339,-3.7094,-2.1789,1.7088,87.9141,-48.1067,-90.4043
204248365,0.0140,-0.0137,0.4374,-0.1042,0.0927,0.1653,-0.1509,-0.0500,-0.1034,0.0245,0.4442,-0.0441,-2.3609,-3.9897,1.7088,87.9284,-48.1551,-90.3974
204253365,0.0162,-0.0139,0.4163,0.0070,-0.0734,0.1658,-0.1215,-0.0500,-0.1017,0.0250,0.3531,0.1095,0.2821,-6.8305,2.5478,87.9748,-48.2446,-90.3672
204258365,0.0181,-0.0136,0.3564,0.1142,-0.0609,0.1551,-0.0901,-0.0500,-0.1004,0.0262,0.2535,0.2437,1.6923,-8.6309,2.5478,88.0070,-48.3114,-90.3570
204263364,0.0196,-0.0128,0.2498,0.1704,0.0332,0.1289,-0.0615,0.0200,-0.0999,0.0279,0.0920,0.3371,3.6345,-11.1228,2.5478,88.0622,-48.4204,-90.3417
204268365,0.0206,-0.0121,0.1527,0.1442,0.0478,0.1051,-0.0515,0.0200,-0.1002,0.0296,-0.0458,0.3348,5.1999,-12.7215,2.5478,88.1112,-48.4999,-90.3315
204273364,0.0211,-0.0115,0.0528,0.1206,-0.0117,0.0805,-0.0379,-0.0422,-0.1010,0.0314,-0.1746,0.3611,6.8285,-14.4388,1.6400,88.1803,-48.6153,-90.3357
204278365,0.0205,-0.0106,-0.1484,0.2065,-0.0847,0.0253,0.0500,-0.0339,-0.1031,0.0336,-0.4207,0.4317,8.2549,-15.1037,-0.0524,88.2391,-48.6876,-90.3660
204283365,0.0194,-0.0094,-0.2501,0.2914,-0.0560,0.0028,0.0500,-0.0304,-0.1052,0.0350,-0.4191,0.2833,9.5481,-16.0764,-0.4719,88.3185,-48.8009,-90.3769
204288365,0.0180,-0.0078,-0.3183,0.3653,0.0353,-0.0500,0.0500,-0.0414,-0.1078,0.0368,-0.5035,0.3572,10.4970,-16.2711,-0.4719,88.3778,-48.8695,-90.3788
204293365,0.0164,-0.0059,-0.3659,0.3894,0.0845,-0.0500,0.0500,-0.0517,-0.1096,0.0387,-0.3699,0.3824,11.2628,-16.1225,-0.4719,88.4581,-48.9643,-90.3817
204298364,0.0145,-0.0038,-0.3870,0.3977,0.0539,-0.0500,-0.0200,-0.0533,-0.1116,0.0406,-0.3956,0.3827,11.4638,-15.7094,-1.0090,88.5077,-49.0200,-90.3946
204303364,0.0124,-0.0019,-0.3971,0.3793,-0.0359,-0.0500,-0.0200,-0.0483,-0.1136,0.0424,-0.4116,0.3542,11.3511,-14.6345,-1.6925,88.5738,-49.0897,-90.4178
204308365,0.0102,-0.0001,-0.4081,0.3797,-0.0527,0.0200,0.1308,-0.0575,-0.1163,0.0452,-0.5410,0.5570,10.1663,-13.6364,-1.8033,88.5940,-49.1261,-90.4268
204313365,0.0080,0.0017,-0.4108,0.4029,0.0949,0.0200,0.1421,-0.0636,-0.1190,0.0479,-0.5405,0.5428,9.0521,-12.1897,-2.8555,88.6311,-49.1739,-90.4637
204318365,0.0059,0.0036,-0.4166,0.4270,0.1162,-0.1028,0.1627,-0.0643,-0.1224,0.0506,-0.6789,0.5468,7.9379,-11.2948,-3.2736,88.6423,-49.2021,-90.4836
204323365,0.0037,0.0056,-0.4062,0.4136,-0.0921,-0.1047,0.1697,-0.0614,-0.1257,0.0531,-0.6471,0.5038,6.7197,-10.2767,-4.2359,88.6635,-49.2456,-90.5257
204328365,0.0016,0.0075,-0.3803,0.3616,-0.1712,-0.1029,0.1637,-0.0542,-0.1286,0.0552,-0.5899,0.4236,5.5014,-8.7276,-4.5750,88.6635,-49.2529,-90.5506
204333364,-0.0001,0.0091,-0.3668,0.2883,-0.0713,-0.1067,0.1519,-0.0425,-0.1314,0.0569,-0.5616,0.3311,4.5600,-8.1596,-5.2921,88.6737,-49.2909,-90.5956
204338365,-0.0017,0.0103,-0.3445,0.2135,-0.0414,-0.1072,0.1374,-0.0286,-0.1341,0.0580,-0.5301,0.2263,4.3939,-6.7843,-5.9214,88.6886,-49.2936,-90.6304
204343365,-0.0035,0.0113,-0.3815,0.1952,-0.1324,-0.1186,0.1423,-0.0186,-0.1367,0.0589,-0.5185,0.1736,2.1789,-5.0239,-6.4584,88.6631,-49.2937,-90.6785
204348365,-0.0053,0.0121,-0.4053,0.1830,-0.1611,-0.1302,0.1466,-0.0102,-0.1393,0.0595,-0.5257,0.1292,1.7913,-3.3715,-6.9568,88.6632,-49.2775,-90.7156
204353365,-0.0072,0.0130,-0.3726,0.1463,-0.0432,-0.1271,0.1354,-0.0067,-0.1415,0.0598,-0.4388,0.0570,-0.4327,-1.2544,-7.2181,88.6224,-49.2483,-90.7631
204358364,-0.0088,0.0136,-0.2941,0.1017,0.1034,-0.1129,0.1164,-0.0074,-0.1431,0.0598,-0.3258,-0.0086,-1.8867,0.0000,-7.3634,88.5883,-49.2260,-90.7951
204363364,-0.0102,0.0136,-0.2480,-0.0021,0.1596,-0.1031,0.0864,0.0500,-0.1442,0.0591,-0.2222,-0.1376,-4.1599,1.9018,-7.1428,88.5259,-49.1829,-90.8345
204368365,-0.0111,0.0129,-0.1811,-0.1729,-0.0331,-0.0800,0.0450,0.0500,-0.1445,0.0580,-0.0574,-0.2144,-5.8085,2.7745,-7.1428,88.4732,-49.1560,-90.8631
204373365,-0.0116,0.0119,-0.1491,-0.2166,0.0020,-0.0707,0.0247,0.0500,-0.1444,0.0566,0.0246,-0.2878,-7.7120,4.7668,-5.6745,88.3953,-49.0933,-90.8733
204378365,-0.0124,0.0105,-0.1264,-0.2413,0.0958,-0.0671,0.0101,0.0500,-0.1440,0.0550,0.0777,-0.3262,-9.0305,5.6767,-5.4123,88.3354,-49.0548,-90.8899
204383365,-0.0128,0.0091,-0.0464,-0.2697,0.0802,-0.0457,-0.0500,-0.0200,-0.1430,0.0531,0.1931,-0.3711,-10.5339,6.7813,-4.8264,88.2473,-48.9958,-90.9100
204388365,-0.0128,0.0078,0.0376,-0.2584,0.0042,-0.0273,-0.0500,-0.0200,-0.1419,0.0518,0.2267,-0.2592,-11.0153,7.1691,-3.9476,88.1944,-48.9607,-90.9099
204393364,-0.0122,0.0064,0.1359,-0.2398,-0.0572,-0.0001,-0.0500,0.0341,-0.1403,0.0504,0.3175,-0.2844,-12.0422,7.3369,-2.9223,88.1038,-48.9141,-90.9099
204398365,-0.0114,0.0049,0.1735,-0.2566,-0.0713,0.0500,-0.0500,0.0358,-0.1385,0.0489,0.3674,-0.2932,-12.4780,7.3369,-2.3853,88.0458,-48.8848,-90.9098
204403364,-0.0106,0.0034,0.1839,-0.2721,0.0255,0.0500,0.0200,0.0477,-0.1376,0.0474,0.1688,-0.2984,-12.7318,5.9125,-1.7506,87.9648,-48.8724,-90.9095
204408364,-0.0097,0.0021,0.2211,-0.2728,0.0878,0.0500,0.0200,0.0446,-0.1366,0.0459,0.2086,-0.2946,-12.6248,4.8046,-1.4576,87.9164,-48.8731,-90.9101
204413364,-0.0084,0.0008,0.2761,-0.2291,-0.0618,0.0500,-0.0697,0.0340,-0.1351,0.0445,0.2979,-0.2984,-11.4480,3.5912,-1.0670,87.8670,-48.8723,-90.9098
204418364,-0.0067,-0.0004,0.3766,-0.1924,-0.0102,-0.0200,-0.0815,0.0125,-0.1331,0.0432,0.3941,-0.2487,-10.7089,2.9053,-0.8718,87.8368,-48.8730,-90.9098
204423364,-0.0045,-0.0013,0.4279,-0.1304,0.1251,-0.0200,-0.0825,-0.0500,-0.1309,0.0424,0.4411,-0.1720,-8.3932,2.1667,-0.6276,87.8264,-48.8726,-90.9094
204428365,-0.0022,-0.0019,0.4530,-0.0638,0.1874,0.1150,-0.0833,-0.0500,-0.1279,0.0419,0.6126,-0.0899,-8.3932,1.7447,-0.5300,87.7928,-48.8732,-90.9098
204433364,0.0002,-0.0022,0.4401,-0.0116,0.1166,0.1190,-0.0731,-0.0500,-0.1251,0.0417,0.5602,-0.0313,-6.3085,1.3226,-0.3835,87.7901,-48.8724,-90.9097
204438364,0.0024,-0.0022,0.4151,0.0336,0.0506,0.1206,-0.0621,-0.0500,-0.1225,0.0419,0.5086,0.0263,-5.1816,0.4932,-0.3347,87.7896,-48.8847,-90.9101
204443364,0.0046,-0.0020,0.3931,0.0608,0.1242,0.1199,-0.0549,0.0200,-0.1203,0.0423,0.4480,0.0801,-3.8294,-1.2865,-0.2371,87.7897,-48.9245,-90.9098
204448364,0.0066,-0.0019,0.3717,0.0730,0.2286,0.1198,-0.0530,0.0200,-0.1182,0.0428,0.4091,0.1025,-3.1533,-1.9652,-0.2371,87.7893,-48.9438,-90.9107
204453365,0.0083,-0.0016,0.3204,0.0470,0.2259,0.1121,-0.0529,-0.0678,-0.1166,0.0432,0.3332,0.0870,-2.3081,-2.8989,-0.2371,87.7898,-48.9779,-90.9121
204458365,0.0100,-0.0013,0.2798,0.0531,-0.0649,0.1106,-0.0437,-0.0645,-0.1152,0.0438,0.2727,0.1047,-1.5417,-3.6735,-0.2371,87.7969,-49.0073,-90.9131
204463365,0.0113,-0.0010,0.2306,0.0932,-0.0921,0.0996,-0.0286,-0.0674,-0.1144,0.0444,0.1640,0.1315,0.7001,-4.4437,-1.8984,87.8403,-49.0457,-90.9508
204468364,0.0121,-0.0005,0.1231,0.1381,0.0472,0.0722,-0.0063,-0.0677,-0.1142,0.0453,0.0339,0.1747,1.9536,-4.4437,-2.0092,87.8702,-49.0635,-90.9610
204473365,0.0127,0.0003,0.0605,0.1756,0.1153,0.0553,0.0500,-0.0720,-0.1145,0.0464,-0.0603,0.2216,3.4683,-5.0765,-2.0092,87.9160,-49.1056,-90.9730
204478365,0.0128,0.0012,-0.0223,0.1952,0.1049,0.0373,0.0500,-0.0646,-0.1151,0.0471,-0.1129,0.1511,3.7892,-5.2348,-2.9499,87.9364,-49.1293,-91.0017
204483364,0.0124,0.0023,-0.1188,0.2190,0.1010,0.0094,0.0500,-0.0586,-0.1163,0.0480,-0.2391,0.1619,5.0745,-5.2348,-3.8217,87.9895,-49.1607,-91.0382
204488365,0.0116,0.0032,-0.1964,0.2111,0.0704,-0.0500,0.0500,-0.0475,-0.1179,0.0487,-0.3258,0.1466,5.3567,-4.7314,-4.3182,88.0164,-49.1711,-91.0637
204493364,0.0105,0.0042,-0.2615,0.2147,0.0854,-0.0500,-0.0200,-0.0442,-0.1194,0.0494,-0.3030,0.1433,5.8637,-3.5008,-4.8119,88.0608,-49.1710,-91.1019
204498365,0.0093,0.0054,-0.2865,0.2410,0.1682,-0.0500,-0.0200,-0.0488,-0.1211,0.0502,-0.3340,0.1594,5.8637,-2.8297,-5.4936,88.0842,-49.1703,-91.1369
204503365,0.0078,0.0067,-0.3051,0.2260,0.1798,-0.0500,0.0915,-0.0451,-0.1230,0.0510,-0.3782,0.1631,5.2713,-2.1025,-6.3499,88.1051,-49.1706,-91.1902
204508365,0.0061,0.0073,-0.3332,0.1005,0.0625,0.0200,0.0740,-0.0109,-0.1250,0.0511,-0.4059,0.0267,5.1785,-1.7110,-6.6821,88.1243,-49.1704,-91.2234
204513365,0.0046,0.0075,-0.3088,0.0134,0.0017,0.0200,0.0558,0.0500,-0.1269,0.0508,-0.3803,-0.0718,3.8322,-1.2635,-6.9957,88.1244,-49.1705,-91.2709
204518365,0.0029,0.0074,-0.3024,-0.0336,-0.0661,-0.0673,0.0544,0.0500,-0.1287,0.0507,-0.3539,-0.0181,2.4765,-1.0398,-7.2863,88.1105,-49.1707,-91.3055
204523365,0.0015,0.0069,-0.2868,-0.0544,-0.0921,-0.0667,0.0480,0.0500,-0.1302,0.0505,-0.3100,-0.0430,0.9686,-0.7601,-7.4518,88.0890,-49.1705,-91.3532
204528364,0.0001,0.0065,-0.2642,-0.0886,-0.0209,-0.0673,0.0381,0.0500,-0.1317,0.0501,-0.2827,-0.0789,0.7532,-0.6483,-6.9799,88.0882,-49.1711,-91.3733
204533365,-0.0012,0.0061,-0.2578,-0.1084,0.0964,-0.0719,0.0323,-0.0200,-0.1330,0.0496,-0.2721,-0.1013,0.5917,-0.4805,-5.8262,88.0890,-49.1711,-91.3873
204538365,-0.0024,0.0054,-0.2153,-0.1686,0.1776,-0.0668,0.0123,-0.0200,-0.1341,0.0488,-0.2268,-0.1631,0.4840,-0.3686,-5.7774,88.0889,-49.1705,-91.4097
204543364,-0.0035,0.0043,-0.1998,-0.2220,0.1697,-0.0681,-0.0500,0.0680,-0.1353,0.0474,-0.2223,-0.2819,-0.9578,-0.2567,-4.2639,88.0615,-49.1703,-91.4095
204548365,-0.0043,0.0030,-0.1264,-0.2422,0.1419,-0.0504,-0.0500,0.0683,-0.1359,0.0459,-0.1226,-0.2943,-1.9720,-0.2567,-3.4827,88.0345,-49.1713,-91.4094
204553365,-0.0048,0.0019,-0.0870,-0.1710,0.2345,-0.0418,-0.0500,0.0495,-0.1362,0.0448,-0.0561,-0.2100,-3.1005,-0.1449,-2.6039,87.9980,-49.1703,-91.4101
204558365,-0.0051,0.0010,-0.0495,-0.1246,0.1764,-0.0322,-0.0500,0.0383,-0.1362,0.0441,-0.0125,-0.1563,-3.2075,-0.1449,-2.1156,87.9835,-49.1709,-91.4097
204563364,-0.0052,0.0005,-0.0024,-0.0721,0.0228,-0.0177,0.0200,0.0239,-0.1360,0.0436,0.0512,-0.0958,-3.9027,-0.0889,-1.5786,87.9468,-49.1705,-91.4100
204568365,-0.0051,0.0001,0.0531,-0.0617,-0.0646,-0.0014,0.0200,0.0163,-0.1354,0.0432,0.1169,-0.0810,-4.3457,-0.0889,-1.2856,87.9221,-49.1709,-91.4099
204573365,-0.0048,-0.0004,0.1042,-0.0837,-0.1156,0.0500,-0.0242,0.0136,-0.1344,0.0428,0.1884,-0.0731,-4.6226,-0.0889,0.6293,87.8889,-49.1714,-91.3736
204578365,-0.0041,-0.0008,0.1484,-0.1011,-0.0817,0.0500,-0.0337,0.0146,-0.1337,0.0424,0.1534,-0.0909,-4.9012,-0.0559,0.6293,87.8642,-49.1716,-91.3711
204583365,-0.0030,-0.0011,0.2074,-0.0134,0.0210,0.0500,-0.0267,-0.0500,-0.1326,0.0423,0.2123,-0.0032,-4.6319,-0.0559,0.6293,87.8403,-49.1719,-91.3673
204588364,-0.0018,-0.0010,0.2242,0.0809,0.0252,0.0500,-0.0105,-0.0500,-0.1315,0.0427,0.2237,0.0818,-3.8241,-0.0559,0.6293,87.8395,-49.1722,-91.3648
204593364,-0.0007,-0.0005,0.2440,0.1512,0.0426,-0.0200,0.0500,-0.0500,-0.1303,0.0436,0.2348,0.1672,-2.8009,-1.0740,0.6293,87.8401,-49.1941,-91.3611
204598365,0.0003,0.0006,0.2355,0.2392,0.2766,-0.0200,0.0500,-0.0500,-0.1291,0.0448,0.2355,0.2392,-2.3162,-1.8497,0.6293,87.8396,-49.2162,-91.3585
204603364,0.0017,0.0018,0.2388,0.2279,0.2329,0.0662,0.0500,0.0200,-0.1278,0.0459,0.2685,0.2279,-1.7238,-1.8497,-0.0524,87.8394,-49.2273,-91.3689
204608365,0.0027,0.0027,0.1552,0.1796,0.1269,0.0500,0.0500,0.0200,-0.1269,0.0468,0.1793,0.1796,-1.4007,-1.8497,-0.3671,87.8397,-49.2347,-91.3765
204613364,0.0034,0.0034,0.0959,0.1264,0.1242,0.0371,-0.0200,-0.0599,-0.1263,0.0474,0.1103,0.1210,-1.0237,-1.8497,-0.3671,87.8400,-49.2458,-91.3787
204618364,0.0039,0.0039,0.0672,0.1384,0.2180,0.0297,-0.0200,-0.0610,-0.1260,0.0480,0.0675,0.1133,-0.8621,-1.6431,-1.6853,87.8395,-49.2488,-91.4087
204623365,0.0042,0.0045,0.0721,0.1668,0.2076,0.0305,0.0321,-0.0706,-0.1258,0.0488,0.0496,0.1578,-0.1825,-1.1784,-1.7829,87.8489,-49.2480,-91.4213
204628364,0.0043,0.0050,0.0434,0.1506,0.0512,0.0243,0.0363,-0.0626,-0.1258,0.0495,0.0012,0.1385,1.0678,-0.9719,-1.7829,87.8761,-49.2482,-91.4285
204633364,0.0046,0.0058,0.0232,0.1310,-0.0093,0.0215,0.0358,-0.0569,-0.1258,0.0499,-0.0126,0.0965,1.0678,0.1454,-2.1706,87.8825,-49.2298,-91.4471
204638364,0.0047,0.0064,0.0076,0.0932,0.0665,0.0178,0.0288,-0.0492,-0.1259,0.0502,-0.0226,0.0423,1.0678,1.0181,-2.3921,87.8867,-49.2093,-91.4610
204643365,0.0048,0.0068,-0.0052,0.0596,0.0747,0.0134,0.0250,-0.0413,-0.1262,0.0502,-0.0544,0.0087,2.1753,1.0181,-2.3921,87.9199,-49.2032,-91.4754
204648364,0.0044,0.0066,-0.0702,0.0021,0.0985,-0.0500,0.0199,-0.0181,-0.1268,0.0499,-0.1272,-0.0620,2.1753,1.0181,-3.2806,87.9286,-49.1991,-91.5050
204653364,0.0041,0.0066,-0.0696,-0.0290,0.1960,-0.0500,0.0106,-0.0126,-0.1273,0.0494,-0.0947,-0.1024,2.1753,1.0181,-3.9102,87.9417,-49.1930,-91.5379
204658364,0.0038,0.0062,-0.0764,-0.0932,0.2558,-0.0500,-0.0500,0.0500,-0.1278,0.0485,-0.0965,-0.1749,2.1753,1.5774,-3.9102,87.9504,-49.1774,-91.5536
204663364,0.0033,0.0055,-0.1295,-0.1738,0.1526,-0.0500,-0.0500,0.0500,-0.1284,0.0476,-0.1295,-0.1738,2.1753,1.8571,-4.1860,87.9634,-49.1608,-91.5830
204668365,0.0027,0.0044,-0.1503,-0.2340,0.0075,0.0200,-0.0500,0.0500,-0.1292,0.0465,-0.1503,-0.2340,1.7474,1.8571,-4.1860,87.9627,-49.1534,-91.5997
204673365,0.0018,0.0031,-0.1429,-0.2578,0.0329,0.0200,-0.0500,0.0500,-0.1299,0.0452,-0.1429,-0.2578,1.3196,1.8571,-4.1336,87.9634,-49.1422,-91.6238
204678365,0.0011,0.0016,-0.1179,-0.2685,0.1373,-0.0284,0.0200,-0.0200,-0.1306,0.0438,-0.1360,-0.2685,1.0522,1.4655,-3.3994,87.9628,-49.1428,-91.6241
204683364,0.0005,0.0001,-0.0938,-0.2615,0.1676,-0.0227,0.0200,-0.0200,-0.1310,0.0425,-0.0804,-0.2614,-0.7753,-0.1119,-2.5080,87.9289,-49.1719,-91.6239
204688364,0.0002,-0.0012,-0.0596,-0.1967,0.1202,-0.0151,-0.0435,0.0540,-0.1313,0.0414,-0.0523,-0.2254,-1.4951,-0.1119,-2.0361,87.9092,-49.1723,-91.6235
204693364,0.0001,-0.0018,-0.0385,-0.0779,0.0271,-0.0096,-0.0189,0.0274,-0.1314,0.0410,-0.0365,-0.0767,-1.4951,-1.4208,-1.3435,87.9002,-49.2013,-91.6203
204698366,-0.0002,-0.0022,-0.0651,-0.0312,0.1596,-0.0183,-0.0061,0.0183,-0.1317,0.0410,-0.0515,0.0031,-1.4951,-1.8571,0.4413,87.8942,-49.2172,-91.5869
204703365,-0.0006,-0.0025,-0.0504,-0.0144,0.2348,-0.0168,-0.0050,0.0128,-0.1319,0.0412,-0.0325,0.0273,-1.4951,-1.8571,0.9378,87.8853,-49.2283,-91.5717
204708364,-0.0009,-0.0025,-0.0205,-0.0086,0.1474,-0.0093,-0.0052,0.0089,-0.1319,0.0414,-0.0052,0.0431,-1.6808,-2.5284,0.9378,87.8755,-49.2499,-91.5679
204713365,-0.0010,-0.0026,-0.0223,0.0330,0.0286,-0.0089,0.0500,0.0022,-0.1319,0.0418,-0.0062,0.0847,-1.7273,-2.5284,0.9378,87.8642,-49.2651,-91.5623
204718366,-0.0010,-0.0025,-0.0058,0.0690,0.0112,-0.0028,0.0500,-0.0500,-0.1318,0.0422,0.0320,0.0830,-1.7273,-2.5284,0.9378,87.8573,-49.2752,-91.5591
204723365,-0.0009,-0.0020,0.0263,0.1448,0.1068,0.0500,0.0500,-0.0500,-0.1315,0.0429,0.0560,0.1448,-1.7273,-2.5284,0.9378,87.8470,-49.2904,-91.5529
204728364,-0.0007,-0.0011,0.0535,0.2224,0.1721,0.0500,0.0500,-0.0500,-0.1312,0.0441,0.0535,0.2224,-1.7273,-2.1983,0.9378,87.8401,-49.2935,-91.5498
204733364,-0.0005,0.0001,0.0770,0.2556,0.0872,0.0500,-0.0200,-0.0500,-0.1308,0.0453,0.0770,0.2556,-1.2964,-1.6482,0.9378,87.8396,-49.2940,-91.5435
204738364,-0.0000,0.0016,0.0956,0.2669,0.0872,0.0500,-0.0200,0.0200,-0.1303,0.0467,0.0956,0.2669,-1.0810,-1.3181,0.9378,87.8392,-49.2933,-91.5404
204743364,0.0005,0.0026,0.1045,0.1839,0.1810,-0.0200,0.0340,0.0200,-0.1299,0.0477,0.0959,0.1986,-0.7579,-0.9881,-0.1103,87.8402,-49.2937,-91.5563
204748365,0.0011,0.0035,0.0754,0.1506,0.1975,-0.0200,0.0295,-0.0572,-0.1295,0.0483,0.0686,0.1295,-0.6502,0.3098,-1.1033,87.8395,-49.2698,-91.5787
204753364,0.0015,0.0041,0.0528,0.1426,0.1251,0.0169,0.0320,-0.0537,-0.1293,0.0488,0.0401,0.1069,0.8356,1.2909,-1.1033,87.8685,-49.2437,-91.5860
204758364,0.0020,0.0046,0.0638,0.1552,0.0512,0.0219,0.0355,-0.0593,-0.1291,0.0494,0.0455,0.1194,1.1606,1.2909,-1.1033,87.8794,-49.2385,-91.5897
204763365,0.0022,0.0053,0.0724,0.1567,0.0860,0.0239,0.0359,-0.0631,-0.1288,0.0500,0.0486,0.1116,1.1606,1.2909,-1.7326,87.8864,-49.2307,-91.6101
204768365,0.0026,0.0060,0.0538,0.1323,0.1544,0.0201,0.0327,-0.0587,-0.1287,0.0504,0.0284,0.0728,1.1606,1.6788,-2.3094,87.8911,-49.2177,-91.6290
204773365,0.0030,0.0067,0.0470,0.1121,0.1385,0.0186,0.0308,-0.0547,-0.1287,0.0506,0.0021,0.0395,2.1020,1.9212,-2.9441,87.9212,-49.2014,-91.6574
204778365,0.0032,0.0072,0.0140,0.0812,0.0927,0.0118,0.0299,-0.0453,-0.1289,0.0506,-0.0318,0.0072,2.1020,1.9212,-3.0417,87.9296,-49.1937,-91.6696
204783364,0.0032,0.0074,-0.0284,0.0281,0.1162,0.0008,0.0230,-0.0283,-0.1292,0.0503,-0.0741,-0.0658,2.1020,2.5924,-3.7063,87.9422,-49.1673,-91.7038
204788364,0.0029,0.0070,-0.0776,-0.1035,0.2183,-0.0500,-0.0014,0.0500,-0.1298,0.0493,-0.1233,-0.1975,2.1020,2.5924,-3.7063,87.9506,-49.1569,-91.7163
204793364,0.0025,0.0064,-0.0864,-0.1509,0.2009,-0.0500,-0.0500,0.0500,-0.1302,0.0483,-0.0640,-0.1896,2.1020,2.5924,-3.7063,87.9632,-49.1413,-91.7409
204798365,0.0021,0.0055,-0.0999,-0.2034,0.0872,-0.0500,-0.0500,0.0500,-0.1307,0.0473,-0.0999,-0.2034,1.7276,2.5924,-3.9153,87.9634,-49.1310,-91.7581
204803365,0.0016,0.0044,-0.1203,-0.2529,0.0521,-0.0500,-0.0500,0.0500,-0.1313,0.0461,-0.1203,-0.2529,1.2463,2.2758,-3.9153,87.9627,-49.1222,-91.7840
204808364,0.0011,0.0030,-0.1225,-0.2932,0.1068,0.0200,-0.0500,-0.0200,-0.1319,0.0446,-0.1225,-0.2932,1.0324,1.8538,-3.3826,87.9630,-49.1225,-91.7858
204813364,0.0004,0.0013,-0.1167,-0.3122,0.1431,0.0200,0.0200,-0.0200,-0.1325,0.0430,-0.1167,-0.3122,0.7649,1.3789,-2.4139,87.9631,-49.1224,-91.7855
204818364,-0.0002,-0.0003,-0.1054,-0.2786,0.0994,-0.0307,0.0200,0.0772,-0.1331,0.0415,-0.1322,-0.3088,0.5472,1.1152,-2.0265,87.9615,-49.1227,-91.7853
204823365,-0.0006,-0.0016,-0.0831,-0.1967,0.0191,-0.0225,-0.0386,0.0603,-0.1335,0.0404,-0.0674,-0.2158,-1.7166,-0.1678,-1.4453,87.9118,-49.1435,-91.7852
204828365,-0.0009,-0.0023,-0.0556,-0.1072,0.0148,-0.0173,-0.0229,0.0397,-0.1337,0.0399,-0.0493,-0.1042,-1.7166,-1.4543,-1.2515,87.9049,-49.1731,-91.7859
204833365,-0.0013,-0.0027,-0.0684,-0.0101,0.1795,-0.0227,-0.0013,0.0171,-0.1339,0.0400,-0.0446,0.0233,-1.7166,-1.4543,0.7839,87.8946,-49.1819,-91.7484
204838365,-0.0014,-0.0029,-0.0687,-0.0254,0.1373,-0.0227,-0.0046,0.0220,-0.1341,0.0400,-0.0449,0.0080,-1.7166,-1.4543,0.7839,87.8877,-49.1877,-91.7458
204843364,-0.0017,-0.0029,-0.0425,-0.0024,0.0756,-0.0164,-0.0018,0.0153,-0.1342,0.0402,-0.0138,0.0309,-1.9952,-1.4543,0.7839,87.8712,-49.1964,-91.7406
204848365,-0.0019,-0.0030,-0.0131,0.0293,0.0365,-0.0096,0.0500,0.0054,-0.1342,0.0406,0.0101,0.0721,-1.9952,-2.0845,0.7839,87.8632,-49.2165,-91.7380
204853364,-0.0018,-0.0028,0.0324,0.0858,0.0646,0.0500,0.0500,-0.0500,-0.1338,0.0410,0.0735,0.0975,-1.9952,-2.0845,0.7839,87.8513,-49.2290,-91.7328
204858365,-0.0014,-0.0022,0.0861,0.1802,0.1352,0.0500,0.0500,-0.0500,-0.1334,0.0419,0.0861,0.1802,-1.9952,-2.0845,0.7839,87.8433,-49.2373,-91.7301
204863364,-0.0008,-0.0012,0.1323,0.2511,0.1306,0.0500,0.0500,-0.0500,-0.1327,0.0432,0.1323,0.2511,-1.6182,-2.0329,0.7839,87.8397,-49.2488,-91.7249
204868364,-0.0000,0.0004,0.1610,0.2828,0.0637,0.0500,-0.0200,-0.0500,-0.1319,0.0446,0.1610,0.2828,-1.2951,-1.6714,0.7839,87.8403,-49.2489,-91.7223
204873364,0.0008,0.0019,0.1741,0.2801,0.0619,-0.0200,-0.0200,0.0200,-0.1310,0.0460,0.1741,0.2801,-0.9720,-0.7893,0.7839,87.8399,-49.2362,-91.7171
204878365,0.0017,0.0031,0.1646,0.2034,0.1639,-0.0200,0.0282,0.0200,-0.1302,0.0470,0.1688,0.1962,-0.8104,0.4848,0.7839,87.8395,-49.2101,-91.7144
204883364,0.0024,0.0041,0.1035,0.2007,0.1666,0.0320,0.0376,-0.0761,-0.1298,0.0479,0.0843,0.1833,1.0213,0.4848,-0.6794,87.8761,-49.2072,-91.7410
204888364,0.0029,0.0051,0.0596,0.2010,0.0976,0.0242,0.0451,-0.0731,-0.1296,0.0487,0.0434,0.1673,1.0213,1.2119,-1.0452,87.8802,-49.1901,-91.7516
204893365,0.0032,0.0062,0.0583,0.1973,0.0558,0.0260,0.0472,-0.0754,-0.1293,0.0495,0.0495,0.1511,1.0213,2.0509,-1.0452,87.8863,-49.1619,-91.7586
204898365,0.0032,0.0072,0.0397,0.1961,0.0998,0.0199,0.0526,-0.0763,-0.1292,0.0503,0.0175,0.1499,1.7966,2.0509,-1.0452,87.9066,-49.1537,-91.7621
204903365,0.0035,0.0081,0.0296,0.1665,0.1431,0.0175,0.0480,-0.0710,-0.1292,0.0507,-0.0001,0.0948,2.0735,2.7368,-2.0623,87.9244,-49.1272,-91.7943
204908365,0.0037,0.0089,0.0217,0.1368,0.1783,0.0159,0.0443,-0.0671,-0.1292,0.0510,-0.0062,0.0621,2.0735,2.9478,-2.0623,87.9327,-49.1112,-91.8013
204913364,0.0038,0.0095,-0.0119,0.0892,0.1663,0.0076,0.0391,-0.0531,-0.1295,0.0510,-0.0436,-0.0037,2.0735,3.3372,-2.8898,87.9452,-49.0855,-91.8343
204918365,0.0037,0.0096,-0.0293,0.0043,0.1373,0.0024,0.0243,-0.0320,-0.1298,0.0506,-0.0711,-0.0887,2.6618,3.3372,-2.8898,87.9660,-49.0721,-91.8440
204923364,0.0034,0.0094,-0.0611,-0.0693,0.1831,-0.0500,0.0105,-0.0102,-0.1303,0.0497,-0.1041,-0.1790,2.6618,3.8324,-3.5190,87.9820,-49.0417,-91.8764
204928365,0.0031,0.0085,-0.0733,-0.2141,0.1388,-0.0500,-0.0500,0.0500,-0.1307,0.0481,-0.0706,-0.3237,2.6618,3.8324,-3.5190,87.9927,-49.0264,-91.8883
204933364,0.0027,0.0073,-0.0901,-0.2676,0.1123,-0.0500,-0.0500,0.0500,-0.1311,0.0467,-0.0901,-0.2676,2.1916,3.8324,-3.8120,87.9984,-49.0034,-91.9181
204938365,0.0023,0.0057,-0.1045,-0.3314,0.1178,-0.0500,-0.0500,0.0500,-0.1317,0.0451,-0.1045,-0.3314,1.8154,3.3160,-3.8120,87.9989,-48.9992,-91.9310
204943365,0.0018,0.0040,-0.1136,-0.3726,0.1450,0.0200,-0.0500,0.0500,-0.1322,0.0432,-0.1136,-0.3726,1.3452,3.0062,-3.5905,87.9988,-48.9870,-91.9517
204948364,0.0012,0.0019,-0.1078,-0.3855,0.1489,0.0200,0.0200,-0.0200,-0.1328,0.0413,-0.1078,-0.3855,1.1101,2.0251,-3.0367,87.9990,-48.9957,-91.9518
204953364,0.0006,-0.0002,-0.1045,-0.3610,0.1138,-0.0245,0.0200,-0.0200,-0.1333,0.0395,-0.0952,-0.3610,-0.5348,1.3538,-2.2060,87.9696,-48.9996,-91.9524
204958364,0.0002,-0.0018,-0.0870,-0.2779,0.1028,-0.0213,-0.0606,0.0779,-0.1336,0.0379,-0.0737,-0.3130,-0.8557,1.0956,-1.2587,87.9599,-48.9998,-91.9397
204963365,-0.0001,-0.0030,-0.0757,-0.1710,0.1132,-0.0191,-0.0406,0.0554,-0.1339,0.0370,-0.0509,-0.1784,-0.8557,0.8374,0.3418,87.9548,-48.9992,-91.9086
204968365,-0.0005,-0.0038,-0.0870,-0.1078,0.1178,-0.0240,-0.0266,0.0460,-0.1342,0.0365,-0.0683,-0.1046,-0.8557,0.1290,0.3418,87.9514,-49.0107,-91.9075
204973364,-0.0009,-0.0041,-0.0476,-0.0538,0.0781,-0.0163,-0.0175,0.0308,-0.1344,0.0364,-0.0427,-0.0265,-0.8557,-1.4853,0.3418,87.9462,-49.0485,-91.9052
204978365,-0.0012,-0.0043,-0.0238,-0.0412,0.0176,-0.0106,-0.0173,0.0272,-0.1345,0.0363,-0.0189,-0.0140,-0.8557,-1.4853,0.3418,87.9428,-49.0545,-91.9040
204983365,-0.0012,-0.0045,0.0128,0.0134,0.0032,0.0014,-0.0104,0.0089,-0.1343,0.0366,0.0505,0.0610,-2.0740,-1.4853,1.7051,87.9099,-49.0634,-91.8683
204988365,-0.0009,-0.0042,0.0409,0.1106,0.0530,0.0500,0.0500,-0.0500,-0.1339,0.0374,0.0786,0.1581,-2.0740,-1.4853,1.7051,87.9016,-49.0693,-91.8625
204993364,-0.0006,-0.0034,0.0831,0.2147,0.1315,0.0500,0.0500,-0.0500,-0.1335,0.0385,0.0831,0.2147,-2.0740,-2.2155,1.7051,87.8891,-49.0965,-91.8512
204998364,-0.0001,-0.0021,0.1118,0.2886,0.1929,0.0500,0.0500,-0.0500,-0.1329,0.0399,0.1118,0.2886,-2.0740,-2.2155,1.7051,87.8809,-49.1053,-91.8455
205003364,0.0005,-0.0003,0.1353,0.3317,0.1474,0.0500,0.0500,-0.0500,-0.1322,0.0416,0.1353,0.3317,-1.7490,-2.2155,1.7051,87.8755,-49.1186,-91.8342
205008365,0.0015,0.0014,0.1527,0.3461,0.0567,-0.0200,-0.0200,0.0200,-0.1315,0.0433,0.1527,0.3461,-0.5576,-1.9518,1.7051,87.8939,-49.1219,-91.8284
205013364,0.0024,0.0030,0.1310,0.3384,0.0484,-0.0200,-0.0200,0.0200,-0.1308,0.0450,0.1310,0.3384,0.4430,-0.4669,1.2638,87.9153,-49.1008,-91.8272
205018365,0.0030,0.0043,0.0767,0.2639,0.2125,0.0285,0.0545,-0.0911,-0.1304,0.0463,0.0761,0.2688,0.4430,0.2434,0.5767,87.9171,-49.0860,-91.8373
205023365,0.0033,0.0058,0.0507,0.2590,0.1993,0.0212,0.0605,-0.0894,-0.1303,0.0475,0.0210,0.2374,1.2452,0.2434,-1.2061,87.9365,-49.0845,-91.8771
205028365,0.0035,0.0069,0.0580,0.2150,0.0946,0.0237,0.0555,-0.0828,-0.1303,0.0485,0.0104,0.1909,2.3684,0.4084,-1.2061,87.9669,-49.0802,-91.8811
205033365,0.0038,0.0080,0.0593,0.1973,0.0512,0.0269,0.0532,-0.0820,-0.1301,0.0492,0.0255,0.1494,2.3684,2.0038,-1.2061,87.9811,-49.0393,-91.8891
205038364,0.0043,0.0088,0.0480,0.1781,0.1263,0.0240,0.0510,-0.0799,-0.1301,0.0498,0.0022,0.1178,2.6505,2.0038,-2.0361,87.9963,-49.0312,-91.9107
205043365,0.0046,0.0097,0.0284,0.1579,0.1807,0.0203,0.0494,-0.0766,-0.1302,0.0502,-0.0105,0.0829,2.7445,2.9849,-2.0361,88.0146,-48.9984,-91.9242
205048364,0.0047,0.0105,-0.0235,0.1542,0.1453,0.0079,0.0581,-0.0716,-0.1305,0.0506,-0.0638,0.0768,2.7445,2.9849,-2.2022,88.0256,-48.9835,-91.9344
205053364,0.0045,0.0111,-0.0583,0.0922,0.1028,-0.0015,0.0508,-0.0533,-0.1310,0.0506,-0.1038,-0.0061,3.0262,3.6636,-2.9221,88.0487,-48.9565,-91.9676
205058364,0.0041,0.0114,-0.0748,0.0250,0.1294,-0.0500,0.0387,-0.0367,-0.1316,0.0502,-0.1145,-0.0833,3.0262,4.3348,-2.9221,88.0608,-48.9205,-91.9771
205063364,0.0037,0.0112,-0.0748,-0.0544,0.2115,-0.0500,0.0182,-0.0202,-0.1319,0.0493,-0.0694,-0.1743,3.0262,4.3348,-3.7061,88.0789,-48.9032,-92.0170
205068365,0.0033,0.0102,-0.1020,-0.2260,0.1199,-0.0500,-0.0500,0.0500,-0.1324,0.0475,-0.0961,-0.3625,2.9185,4.9152,-4.2388,88.0889,-48.8642,-92.0405
205073364,0.0028,0.0089,-0.1136,-0.2886,0.0744,-0.0500,-0.0500,0.0500,-0.1330,0.0460,-0.1136,-0.2886,2.1646,4.9152,-4.2388,88.0889,-48.8445,-92.0691
205078365,0.0022,0.0073,-0.1158,-0.3549,0.1266,0.0200,-0.0500,0.0500,-0.1336,0.0443,-0.1158,-0.3549,1.7876,5.1099,-4.2940,88.0892,-48.8101,-92.0841
205083364,0.0015,0.0053,-0.1081,-0.4044,0.1813,0.0200,-0.0500,0.0500,-0.1341,0.0422,-0.1081,-0.4044,1.3029,4.8348,-4.2940,88.0887,-48.7953,-92.1131
205088365,0.0009,0.0031,-0.0950,-0.4392,0.1724,-0.0239,0.0200,-0.0200,-0.1347,0.0400,-0.1128,-0.4392,1.0336,3.5695,-4.1367,88.0891,-48.7953,-92.1233
205093365,0.0005,0.0007,-0.0822,-0.4322,0.1398,-0.0207,0.0200,-0.0200,-0.1351,0.0379,-0.0846,-0.4322,0.1396,2.9644,-2.9306,88.0743,-48.7944,-92.1235
205098364,0.0001,-0.0015,-0.0773,-0.3757,0.1309,-0.0186,-0.0846,0.0982,-0.1354,0.0357,-0.0514,-0.4433,-1.5776,2.1942,-2.3429,88.0344,-48.7945,-92.1202
205103366,-0.0002,-0.0032,-0.0867,-0.2896,0.1419,-0.0211,-0.0678,0.0835,-0.1356,0.0341,-0.0431,-0.3132,-1.5776,1.7541,0.1655,88.0280,-48.7954,-92.0756
205108364,-0.0006,-0.0044,-0.0638,-0.2001,0.1330,-0.0169,-0.0542,0.0660,-0.1357,0.0330,-0.0239,-0.2172,-1.5776,1.3140,0.1655,88.0186,-48.7949,-92.0751
205113365,-0.0007,-0.0050,0.0003,-0.0690,0.0967,-0.0009,-0.0347,0.0318,-0.1355,0.0326,0.0383,-0.0829,-1.5776,1.0939,0.1655,88.0123,-48.7946,-92.0740
205118364,-0.0007,-0.0055,0.0162,-0.0919,0.0640,0.0500,-0.0426,0.0371,-0.1352,0.0321,0.0518,-0.1017,-1.5776,0.8189,0.1655,88.0028,-48.7944,-92.0735
205123364,-0.0005,-0.0059,0.0168,-0.0904,0.0842,0.0500,-0.0416,0.0363,-0.1351,0.0317,0.0274,-0.0706,-1.4365,-0.0487,1.2794,87.9995,-48.8090,-92.0485
205128364,-0.0002,-0.0063,0.0327,-0.0174,0.1361,0.0500,-0.0279,0.0169,-0.1349,0.0319,0.0365,0.0299,-1.0604,-1.3630,1.8122,87.9995,-48.8411,-92.0326
205133364,-0.0001,-0.0063,0.0287,0.0531,0.1373,0.0500,-0.0123,0.0017,-0.1348,0.0324,0.0326,0.1005,-0.8723,-1.3630,1.8122,87.9994,-48.8466,-92.0201
205138364,0.0001,-0.0056,0.0421,0.1750,0.1498,-0.0200,0.0500,-0.0500,-0.1345,0.0336,0.0532,0.2348,0.8451,-1.3630,2.6484,88.0321,-48.8548,-91.9965
205143365,0.0004,-0.0045,0.0583,0.2721,0.2216,-0.0200,0.0500,-0.0500,-0.1342,0.0349,0.0583,0.2721,1.1832,-2.0489,2.6484,88.0434,-48.8752,-91.9782
205148364,0.0009,-0.0030,0.0669,0.3338,0.2363,0.0160,0.0500,-0.0500,-0.1340,0.0366,0.0465,0.3338,1.1832,-2.0489,2.6484,88.0505,-48.8875,-91.9700
205153364,0.0014,-0.0012,0.0553,0.3772,0.1550,0.0161,0.0500,-0.0500,-0.1338,0.0385,0.0349,0.3772,1.1832,-2.0489,2.5930,88.0553,-48.8957,-91.9529
205158364,0.0017,0.0006,0.0107,0.3897,0.0265,0.0058,-0.0200,0.0200,-0.1340,0.0404,-0.0338,0.3897,2.5834,-1.7851,2.0392,88.0962,-48.9026,-91.9525
205163365,0.0018,0.0023,-0.0125,0.3738,0.0976,-0.0005,-0.0200,0.0200,-0.1342,0.0423,-0.0570,0.3738,2.5834,-0.0969,1.6515,88.1066,-48.8728,-91.9529
205168364,0.0018,0.0041,0.0095,0.3418,0.1822,0.0045,0.0840,-0.0955,-0.1344,0.0441,-0.0271,0.3566,2.5834,-0.0441,0.9503,88.1221,-48.8720,-91.9585
205173365,0.0019,0.0057,0.0339,0.2908,0.1679,0.0102,0.0737,-0.0904,-0.1345,0.0454,-0.0158,0.2740,2.7227,0.3894,-0.7317,88.1357,-48.8632,-91.9914
205178364,0.0021,0.0070,0.0336,0.2257,0.1166,0.0122,0.0624,-0.0791,-0.1345,0.0464,-0.0092,0.1861,2.7227,1.5578,-1.0975,88.1520,-48.8323,-92.0051
205183364,0.0025,0.0079,0.0272,0.1802,0.1575,0.0114,0.0555,-0.0729,-0.1346,0.0471,-0.0156,0.1406,2.7227,1.5578,-1.0975,88.1629,-48.8261,-92.0095
205188364,0.0027,0.0087,0.0140,0.1677,0.2228,0.0098,0.0543,-0.0726,-0.1346,0.0477,-0.0106,0.1182,2.0028,2.2179,-1.0975,88.1627,-48.8030,-92.0161
205193365,0.0027,0.0093,0.0052,0.1717,0.2042,0.0075,0.0575,-0.0729,-0.1348,0.0482,-0.0233,0.1041,2.0028,2.6030,-1.9208,88.1707,-48.7851,-92.0392
205198365,0.0027,0.0102,-0.0128,0.1555,0.1221,0.0044,0.0594,-0.0685,-0.1349,0.0486,-0.0332,0.0741,2.0028,3.5325,-1.9208,88.1827,-48.7499,-92.0507
205203366,0.0026,0.0107,-0.0281,0.0626,0.1037,-0.0001,0.0424,-0.0462,-0.1352,0.0484,-0.0566,-0.0343,2.0028,3.5841,-2.9138,88.1907,-48.7346,-92.0808
205208364,0.0025,0.0107,-0.0406,-0.0156,0.1605,-0.0500,0.0257,-0.0278,-0.1355,0.0478,-0.0633,-0.1226,2.0028,4.2628,-2.9138,88.2027,-48.6966,-92.0983
205213365,0.0022,0.0104,-0.0476,-0.1002,0.1639,-0.0500,0.0047,-0.0066,-0.1357,0.0466,-0.0370,-0.2290,2.0028,4.9340,-3.7004,88.2107,-48.6649,-92.1266
205218364,0.0019,0.0095,-0.0434,-0.1906,0.1440,-0.0500,-0.0500,0.0500,-0.1359,0.0450,-0.0313,-0.3217,1.5750,5.0923,-3.7004,88.2132,-48.6321,-92.1488
205223365,0.0018,0.0084,-0.0217,-0.2602,0.1486,-0.0500,-0.0500,0.0500,-0.1360,0.0437,-0.0217,-0.2602,1.3075,5.4088,-4.0910,88.2135,-48.6043,-92.1728
205228365,0.0018,0.0069,0.0021,-0.3250,0.1758,0.0200,-0.0500,0.0500,-0.1360,0.0421,0.0021,-0.3250,0.9332,4.6786,-4.0910,88.2128,-48.5875,-92.1973
205233366,0.0018,0.0051,0.0058,-0.3803,0.1889,0.0200,-0.0500,0.0500,-0.1359,0.0402,0.0058,-0.3803,0.7727,4.6300,-3.5372,88.2130,-48.5699,-92.2018
205238365,0.0019,0.0028,0.0046,-0.4126,0.1737,0.0500,0.0200,-0.0200,-0.1358,0.0381,0.0293,-0.4126,-1.4398,4.5199,-2.5957,88.1680,-48.5443,-92.2014
205243364,0.0020,0.0006,0.0168,-0.3949,0.1517,0.0500,0.0200,-0.0200,-0.1357,0.0362,0.0168,-0.3949,-1.6613,3.6947,-2.1527,88.1570,-48.5445,-92.2020
205248365,0.0021,-0.0013,0.0177,-0.3286,0.1511,0.0500,-0.0876,0.0696,-0.1355,0.0343,0.0339,-0.3650,-1.6613,2.1583,-0.2777,88.1470,-48.5567,-92.1730
205253365,0.0024,-0.0023,0.0513,-0.1335,0.1443,0.0500,-0.0506,0.0238,-0.1352,0.0336,0.0594,-0.1373,-1.6613,0.6006,0.3418,88.1404,-48.5823,-92.1594
205258364,0.0027,-0.0029,0.0522,-0.0696,0.1636,-0.0200,-0.0393,0.0109,-0.1349,0.0333,0.0574,-0.0684,-1.6613,0.2598,0.3418,88.1304,-48.5872,-92.1574
205263365,0.0029,-0.0030,0.0672,-0.0541,0.1792,-0.0200,-0.0390,0.0053,-0.1346,0.0330,0.0719,-0.0521,-0.2769,0.2111,0.3418,88.1535,-48.5873,-92.1560
205268364,0.0034,-0.0033,0.0531,-0.0669,0.1318,0.0261,-0.0399,0.0087,-0.1343,0.0328,0.0649,-0.0431,0.2769,0.1624,1.7576,88.1659,-48.5872,-92.1200
205273365,0.0037,-0.0036,0.0455,-0.0232,0.0729,0.0263,-0.0306,0.0014,-0.1340,0.0328,0.0568,0.0013,0.2769,0.1138,1.7576,88.1670,-48.5877,-92.1130
205278365,0.0040,-0.0036,0.0370,0.0571,0.0487,0.0254,-0.0121,-0.0500,-0.1337,0.0332,0.0483,0.0816,0.2769,0.1138,1.7576,88.1687,-48.5870,-92.1024
205283365,0.0041,-0.0030,0.0296,0.1658,0.0704,0.0206,0.0500,-0.0500,-0.1338,0.0341,-0.0032,0.1648,1.9348,0.0651,1.7576,88.2060,-48.5877,-92.0954
205288364,0.0043,-0.0019,0.0336,0.2703,0.1615,0.0205,0.0500,-0.0500,-0.1338,0.0354,-0.0053,0.2703,2.2557,0.0651,1.7576,88.2258,-48.5873,-92.0848
205293364,0.0045,-0.0004,0.0147,0.3326,0.2335,0.0159,0.0500,-0.0500,-0.1339,0.0371,-0.0242,0.3326,2.2557,0.0651,1.7576,88.2349,-48.5871,-92.0778
205298364,0.0045,0.0014,-0.0535,0.3635,0.0707,0.0007,0.0500,0.0200,-0.1344,0.0389,-0.0923,0.3634,2.2557,0.0000,1.3163,88.2484,-48.5880,-92.0773
205303365,0.0042,0.0031,-0.1054,0.3512,0.1126,-0.0500,-0.0200,0.0200,-0.1351,0.0407,-0.1409,0.3512,2.0676,0.0000,1.0956,88.2531,-48.5880,-92.0769
205308365,0.0035,0.0049,-0.1115,0.3473,0.2680,-0.0500,-0.0200,-0.0875,-0.1357,0.0423,-0.1214,0.3301,2.0676,0.0000,-1.1536,88.2655,-48.5880,-92.1214
205313365,0.0029,0.0067,-0.0925,0.3369,0.3539,-0.0500,0.0968,-0.0934,-0.1362,0.0439,-0.1035,0.3166,2.0676,0.0487,-1.3109,88.2738,-48.5868,-92.1297
205318364,0.0026,0.0084,-0.0437,0.3290,0.2317,-0.0500,0.0972,-0.1016,-0.1365,0.0454,-0.0546,0.3087,2.0676,0.0487,-1.3109,88.2862,-48.5865,-92.1376
205323364,0.0023,0.0097,-0.0214,0.2511,0.0735,0.0200,0.0832,-0.0890,-0.1366,0.0465,-0.0233,0.2152,1.7859,1.0939,-1.3109,88.2884,-48.5642,-92.1428
205328365,0.0023,0.0108,-0.0269,0.1970,0.0848,0.0200,0.0744,-0.0791,-0.1367,0.0472,-0.0258,0.1400,-0.2821,1.9741,-1.8480,88.2519,-48.5357,-92.1621
205333365,0.0023,0.0117,-0.0284,0.1567,0.1062,0.0015,0.0682,-0.0738,-0.1368,0.0477,-0.0201,0.0997,-0.4232,1.9741,-1.8480,88.2475,-48.5278,-92.1695
205338365,0.0021,0.0124,-0.0263,0.1332,0.0286,0.0500,0.0655,-0.0693,-0.1369,0.0480,-0.0089,0.0608,-0.4232,3.0069,-1.8480,88.2449,-48.4914,-92.1806
205343365,0.0019,0.0127,-0.0040,0.0559,0.0405,0.0500,0.0463,-0.0544,-0.1368,0.0478,0.0018,-0.0355,-1.2789,3.3947,-2.7341,88.2253,-48.4714,-92.2080
205348364,0.0023,0.0127,0.0895,-0.0217,0.1526,0.0500,0.0151,-0.0512,-0.1364,0.0472,0.0982,-0.1182,-1.8137,3.7341,-2.7341,88.2041,-48.4424,-92.2244
205353364,0.0028,0.0122,0.1115,-0.1289,0.2277,0.0500,-0.0500,-0.0295,-0.1358,0.0460,0.1192,-0.2471,-1.8137,4.4053,-3.5180,88.1968,-48.4122,-92.2524
205358364,0.0035,0.0112,0.1155,-0.2324,0.1498,-0.0200,-0.0500,-0.0065,-0.1354,0.0445,0.0807,-0.2920,-1.8137,4.4053,-4.0023,88.1860,-48.3858,-92.2835
205363366,0.0040,0.0098,0.1051,-0.3045,0.0573,-0.0200,-0.0500,0.0500,-0.1350,0.0427,0.0695,-0.3655,-1.8137,4.6690,-4.0992,88.1787,-48.3623,-92.3018
205368364,0.0045,0.0082,0.1005,-0.3592,0.0998,0.0419,-0.0500,0.0500,-0.1345,0.0409,0.0977,-0.3592,0.1604,4.5230,-4.3198,88.2143,-48.3373,-92.3311
205373366,0.0049,0.0061,0.1066,-0.3925,0.1517,0.0443,0.0200,0.0500,-0.1340,0.0390,0.1038,-0.3925,0.1604,3.6954,-4.3198,88.2150,-48.3374,-92.3484
205378364,0.0055,0.0039,0.1133,-0.3934,0.0918,0.0492,0.0200,0.0500,-0.1334,0.0370,0.1106,-0.3934,0.1604,2.7218,-4.2674,88.2159,-48.3377,-92.3733
205383364,0.0062,0.0017,0.1264,-0.3769,-0.0081,0.0575,-0.1064,-0.0200,-0.1328,0.0350,0.1383,-0.4022,0.1604,1.6911,-3.5333,88.2166,-48.3488,-92.3742
205388364,0.0068,-0.0001,0.1072,-0.3195,0.1193,0.0528,-0.0989,-0.0200,-0.1322,0.0334,0.1067,-0.3235,0.1604,0.2667,-2.5894,88.2175,-48.3731,-92.3736
205393365,0.0071,-0.0011,0.0391,-0.1475,0.2204,0.0323,-0.0586,0.0179,-0.1322,0.0324,-0.0043,-0.1823,1.5711,0.2139,-2.1175,88.2493,-48.3731,-92.3736
205398365,0.0072,-0.0017,0.0076,-0.0706,0.2803,0.0247,-0.0402,0.0048,-0.1324,0.0320,-0.0274,-0.0893,1.5711,0.1612,-1.0911,88.2587,-48.3730,-92.3638
205403365,0.0075,-0.0019,-0.0015,-0.0269,0.2934,0.0243,-0.0296,-0.0500,-0.1325,0.0319,-0.0215,-0.0195,1.5711,0.1612,0.6620,88.2650,-48.3723,-92.3295
205408364,0.0074,-0.0021,-0.0290,0.0067,0.1883,0.0170,-0.0179,-0.0500,-0.1328,0.0319,-0.0697,0.0050,2.4162,0.1084,0.8275,88.2938,-48.3727,-92.3212
205413365,0.0073,-0.0021,-0.0571,0.0476,0.0744,0.0107,-0.0037,-0.0500,-0.1333,0.0322,-0.0978,0.0459,2.4162,0.1084,0.8275,88.3034,-48.3723,-92.3179
205418365,0.0069,-0.0016,-0.0907,0.1344,0.0799,0.0008,0.0500,-0.0500,-0.1340,0.0328,-0.1319,0.1335,2.4162,0.0557,0.8275,88.3179,-48.3729,-92.3130
205423365,0.0063,-0.0007,-0.1371,0.2443,0.1266,-0.0500,0.0500,0.0200,-0.1349,0.0340,-0.1788,0.2443,2.4162,0.0557,0.8275,88.3276,-48.3727,-92.3097
205428364,0.0056,0.0006,-0.1674,0.3082,0.1615,-0.0500,0.0500,0.0200,-0.1357,0.0356,-0.1674,0.3082,2.2547,0.0557,-0.1655,88.3388,-48.3724,-92.3272
205433365,0.0046,0.0025,-0.1930,0.3387,0.1560,-0.0500,0.0500,-0.0689,-0.1367,0.0373,-0.1945,0.3363,1.8238,0.0000,-0.1655,88.3383,-48.3732,-92.3279
205438365,0.0036,0.0041,-0.1646,0.3005,0.1071,-0.0500,-0.0200,-0.0673,-0.1375,0.0388,-0.1661,0.2981,1.3391,0.0000,-0.1655,88.3382,-48.3732,-92.3289
205443364,0.0029,0.0056,-0.1179,0.3039,0.1346,0.0200,-0.0200,-0.0783,-0.1381,0.0403,-0.1193,0.3014,1.1237,0.0000,-0.1655,88.3388,-48.3732,-92.3295
205448365,0.0024,0.0071,-0.0678,0.3097,0.1138,0.0200,0.0940,-0.0895,-0.1385,0.0418,-0.0688,0.3065,0.8006,0.0528,-0.1655,88.3382,-48.3721,-92.3305
205453364,0.0021,0.0085,-0.0370,0.2944,0.0631,-0.0010,0.0922,-0.0936,-0.1386,0.0432,-0.0279,0.2818,-0.9015,0.0528,-0.7947,88.3045,-48.3719,-92.3442
205458364,0.0020,0.0102,-0.0159,0.2990,0.0185,0.0500,0.0956,-0.1010,-0.1386,0.0445,-0.0066,0.2669,-1.5776,0.0528,-2.1057,88.2821,-48.3716,-92.3809
205463365,0.0021,0.0115,0.0006,0.2450,0.0161,0.0500,0.0868,-0.0937,-0.1388,0.0455,-0.0261,0.1975,-1.5776,0.0528,-3.1310,88.2757,-48.3714,-92.4115
205468364,0.0021,0.0125,0.0211,0.1768,0.0374,0.0500,0.0705,-0.0836,-0.1388,0.0460,-0.0013,0.1005,-1.5776,1.2698,-3.8509,88.2663,-48.3449,-92.4452
205473364,0.0023,0.0131,0.0373,0.0950,0.0194,0.0500,0.0520,-0.0693,-0.1387,0.0461,0.0154,0.0095,-1.5776,1.6105,-4.1278,88.2600,-48.3318,-92.4672
205478365,0.0025,0.0132,0.0648,-0.0037,-0.0224,-0.0200,0.0269,-0.0505,-0.1385,0.0456,0.0356,-0.1017,-1.5776,1.6105,-4.9640,88.2505,-48.3221,-92.5117
205483365,0.0030,0.0129,0.0883,-0.0996,0.0142,-0.0200,-0.0016,-0.0311,-0.1382,0.0444,0.0624,-0.2248,-1.3425,2.7108,-5.6905,88.2493,-48.2910,-92.5481
205488365,0.0035,0.0123,0.0892,-0.1524,0.0833,0.0333,-0.0500,-0.0186,-0.1379,0.0430,0.0617,-0.2883,-0.2716,2.7108,-6.4076,88.2644,-48.2747,-92.5998
205493364,0.0040,0.0114,0.0757,-0.2010,0.1129,0.0278,-0.0500,-0.0050,-0.1379,0.0415,-0.0004,-0.3034,0.9578,2.7108,-6.8796,88.2912,-48.2639,-92.6358
205498365,0.0044,0.0102,0.0522,-0.2480,0.0811,0.0238,-0.0500,0.0500,-0.1380,0.0397,-0.0272,-0.3563,0.9578,2.6075,-7.2702,88.2970,-48.2497,-92.6865
205503365,0.0048,0.0088,0.0385,-0.2819,0.0582,0.0270,-0.0500,0.0500,-0.1379,0.0383,0.0220,-0.2819,0.9578,2.1428,-7.4363,88.3008,-48.2495,-92.7193
205508364,0.0050,0.0070,0.0113,-0.3076,0.0237,0.0212,0.0200,0.0500,-0.1379,0.0368,-0.0052,-0.3076,0.9578,1.5748,-6.7046,88.3066,-48.2497,-92.7485
205513366,0.0050,0.0053,-0.0153,-0.2950,-0.0270,0.0155,0.0200,0.0500,-0.1381,0.0353,-0.0317,-0.2951,0.9578,1.3166,-6.4956,88.3104,-48.2491,-92.7704
205518364,0.0049,0.0039,-0.0440,-0.2459,-0.0261,0.0085,-0.0448,-0.0200,-0.1384,0.0340,-0.0522,-0.2602,0.9578,0.9551,-5.3817,88.3162,-48.2496,-92.7851
205523366,0.0047,0.0027,-0.0709,-0.1918,0.0185,-0.0008,-0.0318,-0.0200,-0.1388,0.0331,-0.0930,-0.1820,0.9578,-0.6602,-4.4130,88.3200,-48.2805,-92.7854
205528365,0.0043,0.0018,-0.1093,-0.1274,0.1388,-0.0500,-0.0179,0.0289,-0.1397,0.0323,-0.1652,-0.1561,0.9578,-1.3203,-3.2506,88.3257,-48.3011,-92.7851
205533365,0.0037,0.0014,-0.1258,-0.0360,0.1718,-0.0500,0.0500,0.0119,-0.1405,0.0320,-0.1602,-0.0561,0.9578,-1.3203,-2.6694,88.3296,-48.3064,-92.7854
205538365,0.0031,0.0010,-0.1124,-0.0189,0.1315,-0.0500,0.0500,0.0094,-0.1411,0.0318,-0.1296,-0.0486,0.1127,-1.3203,-1.9914,88.3177,-48.3143,-92.7857
205543365,0.0025,0.0009,-0.1127,0.0339,0.0497,-0.0500,0.0500,-0.0001,-0.1417,0.0318,-0.1265,0.0100,-1.2395,-1.3203,-1.6039,88.2878,-48.3196,-92.7852
205548364,0.0021,0.0012,-0.1087,0.0919,-0.0197,0.0200,0.0500,-0.0500,-0.1423,0.0322,-0.1192,0.0738,-1.2395,-1.3203,-1.2165,88.2803,-48.3275,-92.7859
205553365,0.0016,0.0017,-0.0993,0.1610,-0.0270,0.0200,-0.0200,-0.0500,-0.1428,0.0330,-0.0993,0.1610,-1.2395,-1.3203,-0.9743,88.2754,-48.3328,-92.7854
205558364,0.0010,0.0026,-0.0895,0.2043,0.0271,-0.0159,-0.0200,-0.0500,-0.1431,0.0340,-0.0512,0.2043,-2.2270,-1.1256,-0.7322,88.2452,-48.3365,-92.7857
205563365,0.0005,0.0037,-0.0669,0.2162,0.0729,-0.0133,0.0661,-0.0500,-0.1433,0.0352,-0.0366,0.2301,-2.2270,-0.9309,-0.5869,88.2363,-48.3367,-92.7854
205568365,0.0003,0.0048,-0.0086,0.2141,0.0726,0.0500,0.0593,0.0200,-0.1430,0.0361,0.0494,0.1961,-2.7618,1.2103,-0.5384,88.2116,-48.2934,-92.7876
205573364,0.0004,0.0057,0.0391,0.2095,0.0161,0.0500,0.0581,0.0200,-0.1428,0.0371,0.0496,0.1915,-2.7618,1.2103,-0.5384,88.2005,-48.2885,-92.7898
205578365,0.0006,0.0065,0.0559,0.2071,0.1248,0.0500,0.0558,-0.0757,-0.1425,0.0380,0.0593,0.1769,-2.7618,1.2103,-0.8142,88.1839,-48.2812,-92.7986
205583365,0.0011,0.0077,0.0870,0.2153,0.1996,0.0500,0.0552,-0.0859,-0.1421,0.0388,0.0800,0.1670,-2.7618,1.2103,-2.0279,88.1729,-48.2764,-92.8293
205588365,0.0015,0.0088,0.1243,0.1979,0.1498,-0.0200,0.0500,-0.0907,-0.1415,0.0396,0.1172,0.1496,-2.3742,1.2103,-2.0279,88.1646,-48.2691,-92.8414
205593366,0.0022,0.0097,0.1475,0.1628,0.0924,-0.0200,0.0410,-0.0891,-0.1408,0.0401,0.1476,0.1022,-1.9866,2.0365,-2.0279,88.1636,-48.2458,-92.8495
205598364,0.0032,0.0104,0.1549,0.1503,0.1007,0.0517,0.0364,-0.0920,-0.1399,0.0405,0.1731,0.0788,-1.4328,2.0365,-2.7620,88.1645,-48.2335,-92.8780
205603365,0.0041,0.0110,0.1411,0.1148,0.1731,0.0511,0.0290,-0.0868,-0.1391,0.0406,0.1615,0.0332,-1.2113,2.7152,-2.7620,88.1636,-48.2113,-92.8890
205608364,0.0047,0.0116,0.1063,0.0870,0.2262,0.0435,0.0269,-0.0790,-0.1385,0.0406,0.1142,-0.0062,-0.8791,2.7152,-3.5432,88.1641,-48.1950,-92.9250
205613364,0.0051,0.0119,0.0470,0.0360,0.1303,0.0305,0.0243,-0.0598,-0.1383,0.0403,0.0453,-0.0704,-0.7129,2.7711,-4.3739,88.1642,-48.1830,-92.9572
205618364,0.0053,0.0118,0.0363,-0.0373,-0.0233,0.0279,0.0113,-0.0383,-0.1383,0.0395,0.0002,-0.1606,1.1766,3.2186,-5.0533,88.2015,-48.1550,-92.9976
205623365,0.0054,0.0110,0.0351,-0.1830,-0.0203,0.0273,-0.0500,-0.0033,-0.1383,0.0379,-0.0131,-0.3114,1.7114,3.2186,-5.3961,88.2186,-48.1421,-93.0249
205628365,0.0057,0.0099,0.0324,-0.2520,0.0112,0.0243,-0.0500,0.0500,-0.1386,0.0362,-0.0515,-0.3456,1.7114,3.2186,-6.2868,88.2289,-48.1228,-93.0774
205633365,0.0058,0.0085,0.0122,-0.2996,0.0274,0.0239,-0.0500,0.0500,-0.1387,0.0347,-0.0172,-0.2997,1.7114,2.6383,-6.2868,88.2358,-48.1227,-93.1026
205638364,0.0060,0.0069,-0.0089,-0.3427,0.0112,0.0191,-0.0500,0.0500,-0.1389,0.0330,-0.0423,-0.3428,1.9465,1.9524,-6.4441,88.2509,-48.1227,-93.1439
205643365,0.0060,0.0050,-0.0486,-0.3760,0.0106,0.0091,0.0200,0.0500,-0.1393,0.0311,-0.0820,-0.3761,1.9465,1.5831,-5.9559,88.2587,-48.1230,-93.1596
205648364,0.0057,0.0029,-0.0910,-0.3772,0.0665,-0.0500,0.0200,-0.0200,-0.1399,0.0292,-0.1245,-0.3773,1.9465,1.1611,-5.7606,88.2704,-48.1231,-93.1904
205653365,0.0051,0.0011,-0.1316,-0.3204,0.0964,-0.0500,-0.0611,-0.0200,-0.1406,0.0276,-0.1312,-0.3211,1.9465,0.0487,-5.2068,88.2782,-48.1421,-93.2018
205658364,0.0044,-0.0004,-0.1610,-0.2422,0.1068,-0.0500,-0.0449,0.0683,-0.1416,0.0262,-0.2059,-0.2799,1.8902,-1.3424,-3.8777,88.2887,-48.1758,-93.2023
205663364,0.0036,-0.0013,-0.1790,-0.1378,0.1260,-0.0500,-0.0212,0.0517,-0.1427,0.0254,-0.2177,-0.1647,1.5521,-1.3424,-3.1577,88.2888,-48.1812,-93.2019
205668365,0.0027,-0.0019,-0.1622,-0.0614,0.1153,0.0200,-0.0061,0.0356,-0.1437,0.0250,-0.1937,-0.0760,1.1577,-1.3424,-2.3271,88.2888,-48.1892,-93.2017
205673364,0.0018,-0.0020,-0.1368,-0.0257,0.0237,0.0200,0.0011,0.0275,-0.1445,0.0248,-0.1646,-0.0337,0.2927,-1.3424,-1.8840,88.2751,-48.1946,-93.2013
205678365,0.0011,-0.0023,-0.1515,-0.0092,-0.0817,-0.0330,0.0500,0.0282,-0.1453,0.0248,-0.1584,-0.0106,-0.9874,-1.3424,-1.4410,88.2460,-48.2027,-93.2024
205683364,0.0005,-0.0023,-0.1570,0.0648,-0.0670,-0.0362,0.0500,0.0143,-0.1460,0.0250,-0.1500,0.0474,-0.9874,-1.3424,-1.1641,88.2421,-48.2080,-93.2020
205688365,-0.0002,-0.0018,-0.1225,0.1326,0.0982,-0.0322,0.0500,-0.0500,-0.1466,0.0256,-0.1117,0.1202,-1.0409,-1.1000,-0.8318,88.2351,-48.2108,-93.2014
205693365,-0.0008,-0.0010,-0.0803,0.1949,0.1987,-0.0233,0.0500,-0.0500,-0.1468,0.0266,-0.0467,0.1949,-1.9501,-0.9061,-0.7210,88.2101,-48.2110,-93.2023
205698364,-0.0011,0.0001,-0.0263,0.2553,0.1639,-0.0104,-0.0200,-0.0500,-0.1468,0.0279,0.0073,0.2553,-1.9501,-0.6637,-0.4995,88.1984,-48.2109,-93.2015
205703364,-0.0010,0.0013,0.0217,0.2795,0.0946,0.0500,-0.0200,-0.0500,-0.1465,0.0293,0.0552,0.2795,-1.9501,-0.5667,-0.4441,88.1906,-48.2115,-93.2023
205708365,-0.0007,0.0028,0.0935,0.2905,0.0591,0.0500,0.0602,0.0200,-0.1460,0.0306,0.1046,0.2713,-2.0055,1.2865,-0.3334,88.1778,-48.1743,-93.2022
205713365,-0.0002,0.0042,0.1307,0.2770,0.0222,0.0500,0.0566,0.0200,-0.1453,0.0319,0.1433,0.2553,-2.6146,1.4543,-0.2780,88.1556,-48.1652,-93.2023
205718365,0.0006,0.0053,0.1918,0.2312,-0.0756,0.0500,0.0425,-0.0919,-0.1443,0.0329,0.2029,0.2070,-2.6146,1.4543,-0.1672,88.1399,-48.1565,-93.2014
205723365,0.0017,0.0066,0.1891,0.2431,-0.0514,-0.0200,0.0472,-0.1011,-0.1433,0.0340,0.1997,0.2181,-1.5071,1.4543,-0.2226,88.1529,-48.1506,-93.2033
205728364,0.0028,0.0077,0.1643,0.2275,0.0973,-0.0200,0.0456,-0.1019,-0.1424,0.0350,0.1832,0.1883,-0.6765,2.4039,-0.2226,88.1643,-48.1216,-93.2047
205733365,0.0035,0.0089,0.1399,0.2062,0.2137,0.0488,0.0447,-0.1017,-0.1415,0.0358,0.1685,0.1670,-0.5657,2.4039,-0.2226,88.1640,-48.1119,-93.2056
205738365,0.0041,0.0098,0.1155,0.1637,0.2766,0.0437,0.0400,-0.0944,-0.1408,0.0364,0.1412,0.1245,-0.3996,2.4039,-0.2226,88.1644,-48.0975,-93.2069
205743365,0.0047,0.0108,0.1252,0.1558,0.2479,0.0465,0.0391,-0.0951,-0.1402,0.0369,0.1188,0.0928,1.0162,2.7447,-1.4769,88.1928,-48.0802,-93.2347
205748365,0.0053,0.0112,0.1356,0.1451,0.1456,0.0512,0.0369,-0.0937,-0.1397,0.0372,0.1039,0.0655,1.9254,2.7447,-2.5883,88.2215,-48.0638,-93.2693
205753365,0.0060,0.0118,0.0898,0.0977,0.1251,0.0426,0.0319,-0.0793,-0.1394,0.0372,0.0579,-0.0003,1.9254,3.3498,-3.2180,88.2292,-48.0394,-93.2942
205758364,0.0064,0.0122,0.0370,0.0779,0.1923,0.0285,0.0340,-0.0699,-0.1395,0.0370,-0.0124,-0.0349,2.4426,3.3498,-4.2109,88.2520,-48.0193,-93.3368
205763365,0.0064,0.0119,-0.0177,-0.0761,0.0136,0.0173,0.0078,-0.0256,-0.1398,0.0360,-0.0676,-0.2005,2.4426,3.7112,-4.6304,88.2617,-47.9985,-93.3622
205768364,0.0062,0.0113,-0.0360,-0.1564,-0.0459,0.0110,-0.0500,-0.0005,-0.1403,0.0345,-0.1076,-0.2965,3.1750,3.7112,-5.6810,88.2922,-47.9763,-93.4141
205773365,0.0060,0.0102,-0.0351,-0.2495,0.0536,0.0065,-0.0500,0.0500,-0.1411,0.0328,-0.1422,-0.3399,3.1750,3.6628,-6.0687,88.3049,-47.9624,-93.4447
205778365,0.0060,0.0087,-0.0351,-0.3063,0.1990,0.0087,-0.0500,0.0500,-0.1415,0.0313,-0.0896,-0.3065,3.1750,3.0325,-6.2902,88.3240,-47.9556,-93.4868
205783365,0.0059,0.0070,-0.0614,-0.3503,0.2143,0.0009,-0.0500,0.0500,-0.1421,0.0296,-0.1233,-0.3505,3.6059,3.0325,-6.4993,88.3464,-47.9435,-93.5167
205788364,0.0056,0.0051,-0.1051,-0.3882,0.0759,-0.0500,0.0200,0.0500,-0.1430,0.0276,-0.1670,-0.3883,3.6059,1.4812,-5.5790,88.3680,-47.9593,-93.5359
205793364,0.0050,0.0029,-0.1469,-0.3949,-0.0316,-0.0500,0.0200,-0.0200,-0.1437,0.0256,-0.1469,-0.3949,3.2345,1.0933,-4.6588,88.3746,-47.9621,-93.5377
205798364,0.0042,0.0008,-0.1689,-0.3665,0.0228,-0.0500,-0.0655,-0.0200,-0.1445,0.0237,-0.1620,-0.3785,2.3988,0.8024,-4.6588,88.3747,-47.9623,-93.5657
205803365,0.0034,-0.0009,-0.1845,-0.2996,0.1587,-0.0500,-0.0563,0.0877,-0.1456,0.0220,-0.2167,-0.3523,1.9810,-0.1033,-3.6418,88.3751,-47.9786,-93.5627
205808364,0.0024,-0.0018,-0.1915,-0.1210,0.0830,0.0200,-0.0141,0.0520,-0.1466,0.0213,-0.2138,-0.1273,1.4703,-1.0844,-1.5107,88.3750,-48.0035,-93.5352
205813365,0.0017,-0.0025,-0.1344,-0.0898,0.0411,0.0200,-0.0148,0.0421,-0.1474,0.0209,-0.1546,-0.0925,1.1918,-1.0844,-1.2686,88.3747,-48.0078,-93.5359
205818365,0.0010,-0.0030,-0.1335,-0.0574,0.0585,-0.0308,-0.0085,0.0370,-0.1481,0.0206,-0.1378,-0.0551,-0.7540,-1.0844,-0.9295,88.3384,-48.0143,-93.5356
205823365,0.0005,-0.0035,-0.1240,-0.0571,0.0292,-0.0299,-0.0100,0.0387,-0.1487,0.0203,-0.1266,-0.0519,-0.7540,-1.0844,-0.7358,88.3354,-48.0186,-93.5351
205828364,-0.0001,-0.0036,-0.1109,0.0452,0.0200,-0.0286,0.0500,0.0156,-0.1493,0.0206,-0.1142,0.0574,-0.7540,-1.3594,-0.5421,88.3309,-48.0307,-93.5352
205833364,-0.0006,-0.0031,-0.1124,0.1451,0.0252,-0.0304,0.0500,-0.0500,-0.1498,0.0213,-0.1032,0.1384,-0.7540,-1.9646,-0.4452,88.3279,-48.0502,-93.5353
205838364,-0.0011,-0.0022,-0.0638,0.2220,0.0652,-0.0182,0.0500,-0.0500,-0.1500,0.0224,-0.0256,0.2220,-2.2189,-1.9646,-0.3484,88.2918,-48.0620,-93.5357
205843365,-0.0013,-0.0008,-0.0195,0.3057,0.1572,-0.0091,0.0500,-0.0500,-0.1499,0.0240,0.0206,0.3057,-2.3316,-1.9646,-0.2999,88.2802,-48.0699,-93.5360
205848364,-0.0012,0.0008,0.0556,0.3341,0.1376,0.0500,-0.0200,-0.0500,-0.1494,0.0256,0.0957,0.3341,-2.3316,-1.9646,-0.2031,88.2662,-48.0817,-93.5355
205853364,-0.0008,0.0026,0.1072,0.3641,0.0051,0.0500,-0.0200,0.0200,-0.1488,0.0275,0.1072,0.3641,-2.3316,-0.6443,-0.1546,88.2569,-48.0612,-93.5353
205858364,-0.0002,0.0044,0.1472,0.3338,0.0319,0.0500,0.0691,0.0200,-0.1481,0.0291,0.1491,0.3306,-2.0024,0.2201,-0.2031,88.2499,-48.0432,-93.5372
205863364,0.0005,0.0060,0.1576,0.2999,0.0784,0.0500,0.0638,-0.1073,-0.1473,0.0306,0.1577,0.2936,-1.6733,0.2201,-0.2031,88.2491,-48.0423,-93.5380
205868364,0.0013,0.0075,0.1393,0.2914,0.1046,-0.0200,0.0675,-0.1106,-0.1466,0.0320,0.1394,0.2851,-1.2031,0.2201,-0.2031,88.2500,-48.0410,-93.5392
205873365,0.0021,0.0088,0.1124,0.2847,0.0103,-0.0200,0.0726,-0.1086,-0.1461,0.0333,0.0977,0.2529,-1.0150,0.2201,-1.9132,88.2493,-48.0401,-93.5775
205878364,0.0027,0.0102,0.1090,0.2517,0.0414,0.0384,0.0665,-0.1065,-0.1455,0.0342,0.1187,0.1929,-0.5075,2.0273,-1.9132,88.2543,-47.9959,-93.5890
205883365,0.0031,0.0116,0.0852,0.2508,0.2583,0.0291,0.0716,-0.1107,-0.1452,0.0352,0.0659,0.1920,1.1832,2.0273,-1.9132,88.2895,-47.9878,-93.5966
205888364,0.0035,0.0126,0.1069,0.2379,0.3074,0.0355,0.0665,-0.1138,-0.1448,0.0360,0.0870,0.1536,1.1832,2.8515,-2.8046,88.2966,-47.9569,-93.6279
205893366,0.0040,0.0136,0.0819,0.1561,0.1520,0.0328,0.0556,-0.0943,-0.1445,0.0363,0.0573,0.0637,1.1832,2.8515,-3.3417,88.3014,-47.9454,-93.6502
205898365,0.0044,0.0143,0.0574,0.1142,0.0600,0.0294,0.0507,-0.0823,-0.1443,0.0363,0.0319,-0.0048,1.1832,3.6905,-4.2926,88.3084,-47.9078,-93.6915
205903365,0.0046,0.0140,0.0101,-0.0608,0.1098,0.0165,0.0168,-0.0375,-0.1445,0.0353,-0.0294,-0.1880,1.8833,3.8488,-4.6803,88.3277,-47.8898,-93.7178
205908364,0.0046,0.0135,-0.0079,-0.1326,0.1315,0.0107,0.0003,-0.0161,-0.1448,0.0339,-0.0592,-0.2831,2.3680,4.4291,-5.6618,88.3513,-47.8521,-93.7687
205913365,0.0045,0.0126,-0.0015,-0.2040,0.0759,0.0126,-0.0500,0.0500,-0.1450,0.0321,-0.0549,-0.3654,2.3680,4.6725,-6.1461,88.3608,-47.8290,-93.8027
205918365,0.0046,0.0115,0.0092,-0.2590,0.0564,0.0165,-0.0500,0.0500,-0.1452,0.0308,-0.0386,-0.2591,2.7858,4.6725,-6.7529,88.3850,-47.8010,-93.8546
205923365,0.0048,0.0100,-0.0058,-0.2947,0.1303,0.0125,-0.0500,0.0500,-0.1455,0.0293,-0.0536,-0.2948,2.7858,4.0674,-6.9627,88.3962,-47.7952,-93.8863
205928365,0.0049,0.0083,-0.0293,-0.3348,0.1618,0.0065,-0.0500,0.0500,-0.1459,0.0276,-0.0771,-0.3348,2.7858,3.9573,-6.6209,88.4129,-47.7736,-93.9205
205933365,0.0047,0.0063,-0.0614,-0.3558,0.1065,-0.0013,0.0200,-0.0200,-0.1464,0.0259,-0.1064,-0.3559,2.6197,3.5172,-6.6209,88.4201,-47.7667,-93.9470
205938365,0.0043,0.0043,-0.0877,-0.3525,0.0408,-0.0500,0.0200,-0.0200,-0.1471,0.0241,-0.1327,-0.3525,2.6197,1.4267,-5.0703,88.4359,-47.7948,-93.9516
205943364,0.0039,0.0024,-0.1145,-0.3164,0.0365,-0.0500,-0.0585,0.0728,-0.1478,0.0221,-0.1407,-0.3959,2.6197,1.1517,-4.1842,88.4463,-47.7952,-93.9523
205948365,0.0033,0.0014,-0.1338,-0.1555,0.2033,-0.0500,-0.0245,0.0411,-0.1485,0.0210,-0.1527,-0.2144,2.6197,0.8766,-3.0766,88.4621,-47.7946,-93.9518
205953364,0.0026,0.0008,-0.1555,-0.0754,0.1773,-0.0500,-0.0042,0.0296,-0.1494,0.0204,-0.1711,-0.1236,2.1918,0.7116,-2.5228,88.4632,-47.7948,-93.9519
205958364,0.0018,0.0005,-0.1237,-0.0315,0.1199,0.0200,0.0500,0.0169,-0.1502,0.0202,-0.1514,-0.0388,1.6035,-1.3630,-1.8582,88.4628,-47.8371,-93.9517
205963366,0.0012,0.0004,-0.0962,0.0110,0.0710,0.0200,0.0500,0.0069,-0.1507,0.0202,-0.1094,-0.0117,0.9466,-1.3630,-1.5259,88.4554,-47.8426,-93.9519
205968365,0.0008,0.0003,-0.0834,0.0284,0.0145,-0.0171,0.0500,0.0021,-0.1511,0.0202,-0.0732,0.0114,-1.1629,-1.3630,-1.1383,88.4115,-47.8508,-93.9520
205973366,0.0005,0.0004,-0.0895,0.0644,0.0014,-0.0197,0.0500,-0.0500,-0.1515,0.0205,-0.0774,0.0508,-1.1629,-1.3630,-0.9168,88.4068,-47.8562,-93.9517
205978364,0.0000,0.0008,-0.0965,0.1313,0.0848,-0.0237,-0.0200,-0.0500,-0.1518,0.0211,-0.0765,0.1313,-1.1629,-0.5355,0.0000,88.3998,-47.8470,-93.9380
205983364,-0.0004,0.0016,-0.0709,0.2046,0.1590,-0.0200,-0.0200,-0.0500,-0.1521,0.0222,-0.0508,0.2046,-1.1629,0.0000,1.3182,88.3952,-47.8367,-93.9086
205988364,-0.0007,0.0027,-0.0174,0.2547,0.1776,-0.0078,0.0654,-0.0500,-0.1521,0.0234,0.0026,0.2547,-1.1629,0.0000,0.8788,88.3882,-47.8367,-93.9110
205993365,-0.0007,0.0041,0.0287,0.3021,0.1459,0.0500,0.0734,0.0200,-0.1517,0.0249,0.0673,0.2865,-1.7200,1.0452,0.7324,88.3707,-47.8146,-93.9107
205998364,-0.0001,0.0053,0.0895,0.2831,0.1107,0.0500,0.0650,0.0200,-0.1512,0.0261,0.1061,0.2544,-1.7200,1.9254,0.5371,88.3603,-47.7864,-93.9108
206003365,0.0003,0.0069,0.0898,0.2960,0.1123,0.0500,0.0723,-0.1000,-0.1507,0.0274,0.1036,0.2623,-1.7200,1.9254,-0.3323,88.3534,-47.7787,-93.9271
206008365,0.0007,0.0082,0.1042,0.2947,0.0741,0.0500,0.0726,-0.1042,-0.1501,0.0286,0.1146,0.2322,-1.7200,2.7000,-1.4953,88.3431,-47.7510,-93.9578
206013366,0.0011,0.0096,0.1216,0.2804,0.1065,-0.0200,0.0708,-0.1096,-0.1495,0.0297,0.1329,0.2163,-1.5584,2.8033,-1.4953,88.3396,-47.7377,-93.9628
206018365,0.0019,0.0112,0.1484,0.2954,0.2415,-0.0200,0.0721,-0.1247,-0.1486,0.0308,0.1657,0.2211,-0.1824,3.4820,-1.4953,88.3605,-47.7058,-93.9727
206023364,0.0028,0.0127,0.1686,0.2584,0.3191,0.0503,0.0640,-0.1265,-0.1477,0.0317,0.1768,0.1833,0.5571,3.5379,-1.4953,88.3768,-47.6907,-93.9778
206028365,0.0036,0.0138,0.1332,0.1946,0.2995,0.0446,0.0557,-0.1117,-0.1470,0.0322,0.1399,0.0970,0.5571,4.2091,-2.3314,88.3802,-47.6526,-94.0087
206033365,0.0042,0.0145,0.0968,0.1307,0.2280,0.0392,0.0474,-0.0953,-0.1465,0.0323,0.1084,0.0162,0.5571,5.0532,-2.6220,88.3824,-47.6174,-94.0225
206038364,0.0047,0.0149,0.0663,0.0446,0.1978,0.0316,0.0329,-0.0721,-0.1463,0.0318,0.0504,-0.0895,1.9415,5.4914,-3.4925,88.4192,-47.5774,-94.0603
206043365,0.0048,0.0145,0.0254,-0.1084,0.2024,0.0216,0.0023,-0.0316,-0.1462,0.0306,0.0071,-0.2548,1.9415,5.7664,-4.0442,88.4269,-47.5499,-94.0846
206048365,0.0049,0.0136,0.0278,-0.1943,0.1450,0.0226,-0.0500,-0.0085,-0.1462,0.0288,-0.0028,-0.3556,2.3159,5.9315,-4.8832,88.4462,-47.5110,-94.1298
206053365,0.0051,0.0125,0.0394,-0.2599,0.1208,0.0213,-0.0500,0.0500,-0.1465,0.0271,-0.0601,-0.3421,3.0111,6.0347,-5.5179,88.4715,-47.4850,-94.1595
206058364,0.0054,0.0110,0.0412,-0.3299,0.1575,0.0257,-0.0500,0.0500,-0.1466,0.0254,-0.0136,-0.3300,3.1992,5.4045,-6.0651,88.4934,-47.4621,-94.2079
206063365,0.0057,0.0091,0.0266,-0.3952,0.1883,0.0225,-0.0500,0.0500,-0.1468,0.0234,-0.0316,-0.3953,3.3873,4.4349,-6.0651,88.5107,-47.4618,-94.2284
206068364,0.0059,0.0069,0.0064,-0.4346,0.2005,0.0183,0.0200,0.0500,-0.1470,0.0213,-0.0518,-0.4348,3.3873,3.2714,-5.1244,88.5310,-47.4622,-94.2482
206073365,0.0060,0.0046,-0.0244,-0.4359,0.1746,0.0108,0.0200,-0.0200,-0.1475,0.0191,-0.0875,-0.4360,3.6690,2.6896,-4.8631,88.5511,-47.4619,-94.2596
206078364,0.0058,0.0024,-0.0675,-0.3965,0.1251,0.0011,-0.0828,-0.0200,-0.1480,0.0170,-0.1137,-0.4259,3.6690,1.9624,-4.5725,88.5731,-47.4625,-94.2858
206083364,0.0052,0.0005,-0.1304,-0.3296,0.1392,-0.0500,-0.0681,0.0826,-0.1491,0.0149,-0.2127,-0.4112,3.6690,1.6230,-3.8460,88.5878,-47.4621,-94.2855
206088364,0.0044,-0.0005,-0.1765,-0.1484,0.3163,-0.0500,-0.0273,0.0459,-0.1500,0.0140,-0.1795,-0.1889,2.7535,1.1867,-1.5249,88.5888,-47.4624,-94.2580
206093364,0.0036,-0.0012,-0.1781,-0.0919,0.2604,-0.0500,-0.0141,0.0378,-0.1509,0.0134,-0.1768,-0.1194,2.6458,0.9928,-0.8455,88.5973,-47.4619,-94.2486
206098365,0.0027,-0.0017,-0.1768,-0.0525,0.1053,-0.0500,-0.0033,0.0340,-0.1517,0.0130,-0.1763,-0.0725,2.6458,0.7019,-0.6365,88.6131,-47.4627,-94.2487
206103365,0.0020,-0.0020,-0.1616,-0.0046,0.0194,0.0200,0.0500,0.0250,-0.1526,0.0129,-0.1609,-0.0215,1.4610,0.6050,-0.5319,88.5985,-47.4620,-94.2489
206108365,0.0012,-0.0019,-0.1689,0.0663,0.0112,0.0200,0.0500,0.0114,-0.1534,0.0132,-0.1721,0.0607,0.7070,0.4595,-0.3751,88.5887,-47.4618,-94.2484
206113365,0.0003,-0.0017,-0.1744,0.0956,0.0405,-0.0443,0.0500,0.0067,-0.1544,0.0136,-0.1875,0.0908,0.5993,0.3626,-0.3229,88.5891,-47.4621,-94.2485
206118365,-0.0007,-0.0010,-0.1600,0.1472,0.1370,-0.0455,0.0500,-0.0500,-0.1552,0.0144,-0.1695,0.1440,0.4378,0.2656,-0.2184,88.5889,-47.4622,-94.2482
206123364,-0.0014,-0.0001,-0.1029,0.2068,0.2177,-0.0335,-0.0200,-0.0500,-0.1557,0.0154,-0.0952,0.2068,-0.4507,0.2171,-0.2184,88.5718,-47.4622,-94.2489
206128365,-0.0017,0.0010,-0.0281,0.2425,0.2201,-0.0140,-0.0200,-0.0500,-0.1556,0.0166,0.0049,0.2425,-1.9157,0.1686,-0.1138,88.5334,-47.4621,-94.2480
206133365,-0.0018,0.0024,-0.0061,0.3125,0.1850,-0.0084,0.0766,-0.0500,-0.1555,0.0182,0.0287,0.3092,-1.9157,0.2171,-0.1138,88.5258,-47.4603,-94.2483
206138365,-0.0012,0.0037,0.1042,0.3204,0.1489,0.0500,0.0685,0.0200,-0.1548,0.0197,0.1390,0.3171,-1.9157,0.2171,-0.0616,88.5143,-47.4590,-94.2480
206143365,-0.0006,0.0053,0.1542,0.3103,0.1138,0.0500,0.0660,0.0200,-0.1540,0.0213,0.1561,0.3071,-1.9157,0.2171,-0.0616,88.5066,-47.4581,-94.2482
206148364,0.0001,0.0067,0.1811,0.2770,0.0210,0.0500,0.0577,-0.1055,-0.1530,0.0225,0.1965,0.2487,-1.7276,1.8392,-0.0616,88.4991,-47.4214,-94.2486
206153366,0.0012,0.0080,0.1753,0.2636,-0.0163,0.0500,0.0584,-0.1082,-0.1521,0.0237,0.1902,0.2345,-1.3984,1.8392,-0.1138,88.4995,-47.4140,-94.2499
206158364,0.0023,0.0093,0.1778,0.2679,0.1407,-0.0200,0.0591,-0.1180,-0.1511,0.0249,0.1927,0.2387,-1.0223,1.8392,-0.1138,88.4998,-47.4030,-94.2507
206163366,0.0033,0.0107,0.1524,0.2731,0.3160,-0.0200,0.0625,-0.1241,-0.1502,0.0260,0.1779,0.2258,0.3381,3.0526,-0.1138,88.5245,-47.3686,-94.2511
206168364,0.0039,0.0120,0.1329,0.2511,0.3701,0.0446,0.0624,-0.1212,-0.1496,0.0269,0.1355,0.1799,1.0142,3.5394,-1.2278,88.5435,-47.3403,-94.2756
206173365,0.0046,0.0133,0.1573,0.2434,0.3279,0.0537,0.0610,-0.1272,-0.1488,0.0277,0.1570,0.1643,1.0142,3.6368,-1.6637,88.5476,-47.3238,-94.2897
206178365,0.0055,0.0142,0.1521,0.2101,0.1773,0.0578,0.0555,-0.1201,-0.1480,0.0282,0.1480,0.0998,1.0142,4.4620,-2.9325,88.5537,-47.2828,-94.3289
206183365,0.0060,0.0149,0.0718,0.1228,0.2561,0.0381,0.0467,-0.0946,-0.1477,0.0283,0.0588,0.0055,1.7681,4.9267,-2.9325,88.5734,-47.2554,-94.3388
206188364,0.0064,0.0152,0.0351,0.0510,0.2369,0.0289,0.0349,-0.0729,-0.1477,0.0278,0.0024,-0.1004,2.4144,5.5696,-4.5743,88.6003,-47.2116,-94.3962
206193365,0.0065,0.0152,0.0287,-0.0308,0.1138,0.0282,0.0193,-0.0519,-0.1478,0.0268,-0.0182,-0.1888,3.0179,5.5696,-5.0138,88.6225,-47.1893,-94.4210
206198364,0.0064,0.0147,0.0046,-0.1234,0.0710,0.0216,-0.0003,-0.0241,-0.1481,0.0253,-0.0528,-0.3082,3.1108,5.9611,-6.4256,88.6430,-47.1462,-94.4884
206203366,0.0065,0.0136,0.0058,-0.2395,0.1410,0.0205,-0.0500,0.0500,-0.1484,0.0231,-0.0632,-0.4343,3.6645,6.1721,-6.8844,88.6675,-47.1180,-94.5202
206208364,0.0066,0.0122,-0.0082,-0.3180,0.2546,0.0163,-0.0500,0.0500,-0.1488,0.0215,-0.0711,-0.3181,3.6645,5.8314,-7.8168,88.6894,-47.0879,-94.5881
206213365,0.0066,0.0103,-0.0425,-0.3751,0.2977,0.0065,-0.0500,0.0500,-0.1493,0.0196,-0.1136,-0.3752,4.1458,5.1011,-7.8168,88.7140,-47.0810,-94.6135
206218365,0.0063,0.0083,-0.0858,-0.4200,0.2060,-0.0500,-0.0500,0.0500,-0.1501,0.0175,-0.1570,-0.4201,4.1458,5.1011,-7.4787,88.7389,-47.0504,-94.6596
206223364,0.0059,0.0061,-0.1191,-0.4386,0.1324,-0.0500,0.0200,-0.0200,-0.1507,0.0153,-0.1191,-0.4386,3.8167,4.3860,-7.1857,88.7486,-47.0453,-94.6772
206228365,0.0052,0.0040,-0.1634,-0.3842,0.2070,-0.0500,0.0200,-0.0200,-0.1515,0.0134,-0.1634,-0.3842,3.5346,3.2857,-6.0781,88.7644,-47.0444,-94.7018
206233364,0.0043,0.0021,-0.1973,-0.3222,0.1975,-0.0500,-0.0561,0.0850,-0.1526,0.0112,-0.2190,-0.4396,3.5346,2.6806,-5.1920,88.7786,-47.0447,-94.7023
206238364,0.0033,0.0007,-0.2242,-0.2370,0.1755,0.0200,-0.0339,0.0742,-0.1539,0.0097,-0.2460,-0.3095,3.0275,1.1695,-3.6968,88.7888,-47.0621,-94.7021
206243366,0.0022,-0.0003,-0.2010,-0.1582,0.1752,0.0200,-0.0187,0.0582,-0.1550,0.0087,-0.2297,-0.2021,2.0218,-0.1947,-3.1430,88.7793,-47.0876,-94.7021
206248364,0.0012,-0.0012,-0.1692,-0.1491,0.1935,-0.0421,-0.0213,0.0560,-0.1560,0.0078,-0.1935,-0.1798,0.1880,-0.1947,-2.2569,88.7483,-47.0888,-94.7024
206253364,0.0004,-0.0019,-0.1399,-0.1127,0.1764,-0.0376,-0.0174,0.0483,-0.1568,0.0071,-0.1609,-0.1377,0.1880,-0.1947,-1.8692,88.7491,-47.0896,-94.7016
206258364,-0.0002,-0.0026,-0.1255,-0.0874,0.0900,-0.0346,-0.0136,0.0448,-0.1575,0.0066,-0.1414,-0.1049,0.1410,-0.1947,-1.3708,88.7490,-47.0908,-94.7023
206263364,-0.0006,-0.0030,-0.1219,-0.0363,0.0607,-0.0350,-0.0030,0.0356,-0.1582,0.0063,-0.1350,-0.0506,0.0940,-0.1947,-1.1493,88.7484,-47.0915,-94.7019
206268365,-0.0012,-0.0029,-0.1078,0.0782,0.1550,-0.0318,0.0500,0.0047,-0.1586,0.0068,-0.0803,0.0949,-1.2301,-0.1947,0.9276,88.7203,-47.0927,-94.6629
206273365,-0.0017,-0.0019,-0.0831,0.2450,0.2641,-0.0283,0.0500,-0.0500,-0.1588,0.0081,-0.0471,0.2610,-1.5510,-0.1947,1.0741,88.7078,-47.0935,-94.6564
206278365,-0.0017,-0.0005,0.0226,0.3219,0.1984,-0.0016,0.0500,-0.0500,-0.1585,0.0097,0.0493,0.3219,-1.5510,-0.1947,1.0741,88.6985,-47.0947,-94.6493
206283366,-0.0014,0.0013,0.0855,0.3735,0.0854,0.0500,0.0500,-0.0500,-0.1580,0.0116,0.1122,0.3735,-1.5510,-0.1947,1.0741,88.6923,-47.0954,-94.6458
206288364,-0.0009,0.0033,0.1341,0.4200,0.0836,0.0500,-0.0200,-0.0500,-0.1573,0.0137,0.1341,0.4200,-1.5510,0.2921,1.0741,88.6830,-47.0855,-94.6386
206293364,-0.0001,0.0053,0.1878,0.4197,0.1453,0.0500,-0.0200,0.0200,-0.1564,0.0158,0.1878,0.4197,-1.5510,0.2921,1.0741,88.6768,-47.0843,-94.6351
206298364,0.0008,0.0074,0.2230,0.4123,0.1343,0.0500,0.0828,0.0200,-0.1552,0.0177,0.2312,0.3981,-1.5510,0.9522,-0.3906,88.6675,-47.0689,-94.6605
206303365,0.0022,0.0094,0.2275,0.3888,0.0915,-0.0200,0.0803,-0.1496,-0.1540,0.0195,0.2419,0.3524,-1.4402,2.0525,-0.3906,88.6636,-47.0401,-94.6618
206308364,0.0032,0.0112,0.1668,0.3592,0.0823,-0.0200,0.0854,-0.1428,-0.1531,0.0211,0.1744,0.3112,-1.0526,2.0525,-1.1659,88.6640,-47.0278,-94.6805
206313364,0.0040,0.0129,0.1277,0.3186,0.1556,0.0467,0.0837,-0.1363,-0.1525,0.0223,0.1332,0.2565,-0.3517,2.0525,-2.1074,88.6745,-47.0196,-94.7054
206318365,0.0045,0.0143,0.0953,0.2581,0.3230,0.0361,0.0769,-0.1254,-0.1521,0.0233,0.0741,0.1860,1.5510,2.7238,-2.1074,88.7170,-46.9918,-94.7194
206323365,0.0048,0.0154,0.0977,0.2028,0.2571,0.0390,0.0685,-0.1173,-0.1517,0.0239,0.0765,0.1307,1.5510,2.7238,-2.1074,88.7232,-46.9809,-94.7265
206328364,0.0055,0.0162,0.0968,0.1799,0.1886,0.0423,0.0644,-0.1139,-0.1513,0.0244,0.0743,0.0867,1.5510,3.3540,-2.8913,88.7325,-46.9493,-94.7597
206333364,0.0060,0.0170,0.0660,0.1521,0.2415,0.0358,0.0620,-0.1070,-0.1511,0.0245,0.0435,0.0357,1.5510,4.1371,-3.6662,88.7387,-46.9191,-94.7857
206338365,0.0061,0.0176,0.0119,0.0913,0.2916,0.0214,0.0557,-0.0883,-0.1512,0.0243,-0.0211,-0.0446,1.8801,4.5064,-4.6040,88.7559,-46.8867,-94.8303
206343364,0.0061,0.0177,-0.0171,-0.0070,0.2085,0.0152,0.0389,-0.0621,-0.1515,0.0236,-0.0460,-0.1500,1.8801,4.9812,-4.6040,88.7634,-46.8526,-94.8459
206348365,0.0059,0.0172,-0.0211,-0.1167,0.0930,0.0131,0.0147,-0.0314,-0.1518,0.0221,-0.0743,-0.2896,2.7253,5.4193,-6.1754,88.7934,-46.8225,-94.9131
206353364,0.0058,0.0162,-0.0208,-0.2376,0.0930,0.0128,-0.0500,-0.0005,-0.1522,0.0200,-0.0726,-0.4213,2.7253,5.8594,-6.4523,88.8043,-46.7799,-94.9388
206358364,0.0058,0.0146,0.0009,-0.3467,0.1871,0.0127,-0.0500,0.0500,-0.1527,0.0177,-0.1089,-0.4547,2.7253,5.8594,-7.2580,88.8207,-46.7564,-95.0012
206363365,0.0059,0.0126,-0.0058,-0.4334,0.2458,0.0145,-0.0500,0.0500,-0.1531,0.0156,-0.0636,-0.4335,3.3715,5.9110,-7.2580,88.8462,-46.7200,-95.0248
206368365,0.0058,0.0098,-0.0354,-0.5705,0.1642,0.0078,-0.0500,0.0500,-0.1535,0.0127,-0.0933,-0.5707,3.3715,5.1838,-7.2795,88.8664,-46.7119,-95.0756
206373364,0.0056,0.0070,-0.0464,-0.6011,0.1462,0.0049,0.0200,0.0500,-0.1540,0.0097,-0.1003,-0.6012,3.1394,3.8264,-7.1692,88.8750,-46.7122,-95.0967
206378365,0.0054,0.0038,-0.0629,-0.5873,0.1996,-0.0008,0.0200,-0.0200,-0.1546,0.0068,-0.1169,-0.5874,3.1394,3.1477,-6.1729,88.8939,-46.7118,-95.1238
206383365,0.0050,0.0010,-0.0968,-0.5183,0.2253,-0.0500,-0.1113,-0.0200,-0.1553,0.0040,-0.1308,-0.5531,3.1394,2.3235,-5.2814,88.9096,-46.7120,-95.1238
206388364,0.0045,-0.0013,-0.1173,-0.4129,0.2296,-0.0500,-0.0968,0.1034,-0.1559,0.0015,-0.1334,-0.4971,2.6964,1.8872,-3.7607,88.9127,-46.7123,-95.1242
206393365,0.0039,-0.0031,-0.1274,-0.3002,0.2274,-0.0500,-0.0748,0.0865,-0.1566,-0.0003,-0.1427,-0.3686,2.0319,1.4024,-3.1839,88.9134,-46.7122,-95.1235
206398365,0.0032,-0.0045,-0.1353,-0.2431,0.1999,-0.0500,-0.0636,0.0805,-0.1574,-0.0018,-0.1446,-0.2938,1.6443,1.1600,-2.2400,88.9130,-46.7119,-95.1233
206403364,0.0024,-0.0057,-0.1494,-0.1918,0.1486,0.0200,-0.0522,0.0768,-0.1582,-0.0030,-0.1584,-0.2335,1.2013,0.8691,-1.9254,88.9127,-46.7118,-95.1236
206408364,0.0018,-0.0067,-0.1475,-0.1475,0.0869,0.0200,-0.0435,0.0715,-0.1589,-0.0038,-0.1533,-0.1777,0.9798,0.6752,-1.3486,88.9127,-46.7126,-95.1233
206413365,0.0012,-0.0066,-0.1197,0.0712,0.0927,-0.0262,0.0500,0.0206,-0.1595,-0.0036,-0.1182,0.0455,-0.4178,0.5298,-1.1913,88.8876,-46.7119,-95.1241
206418365,0.0007,-0.0061,-0.0925,0.1622,0.2009,-0.0221,0.0500,-0.0500,-0.1599,-0.0029,-0.0820,0.1499,-1.0213,-1.0844,-0.8242,88.8720,-46.7448,-95.1236
206423365,0.0004,-0.0050,-0.0415,0.2474,0.3013,-0.0113,0.0500,-0.0500,-0.1600,-0.0016,-0.0239,0.2474,-1.0213,-1.2909,-0.7193,88.8659,-46.7566,-95.1240
206428364,0.0003,-0.0035,-0.0058,0.2850,0.2894,-0.0024,0.0500,-0.0500,-0.1600,-0.0002,0.0118,0.2850,-1.0213,-1.2909,-0.5096,88.8618,-46.7618,-95.1239
206433365,0.0004,-0.0019,-0.0101,0.2993,0.2033,-0.0010,-0.0200,-0.0500,-0.1599,0.0013,0.0233,0.2993,-1.9369,-1.2909,-0.4047,88.8339,-46.7695,-95.1233
206438365,0.0005,-0.0004,-0.0189,0.3033,0.1227,-0.0016,-0.0200,0.0200,-0.1598,0.0028,0.0144,0.3033,-1.9369,-1.2909,-0.2998,88.8262,-46.7747,-95.1237
206443364,0.0005,0.0010,0.0189,0.3112,0.1129,0.0500,0.0665,0.0200,-0.1596,0.0044,0.0447,0.3243,-1.9369,-0.8778,-0.2474,88.8146,-46.7740,-95.1235
206448364,0.0006,0.0025,0.0608,0.3146,0.1871,0.0500,0.0653,-0.0879,-0.1593,0.0060,0.0627,0.3055,-1.9369,0.4131,-0.1950,88.8068,-46.7486,-95.1240
206453364,0.0010,0.0040,0.1103,0.3027,0.1795,0.0500,0.0612,-0.0976,-0.1587,0.0074,0.1126,0.2944,-1.9369,0.4131,-0.1425,88.7952,-46.7461,-95.1237
206458365,0.0017,0.0054,0.1307,0.2434,0.1138,0.0500,0.0497,-0.0927,-0.1580,0.0086,0.1335,0.2359,-1.8242,0.4131,-0.0901,88.7897,-46.7445,-95.1232
206463364,0.0024,0.0066,0.0965,0.2358,0.1703,-0.0200,0.0546,-0.0931,-0.1575,0.0098,0.0993,0.2283,-1.3734,0.4131,-0.0901,88.7892,-46.7420,-95.1238
206468364,0.0027,0.0075,0.0629,0.2282,0.1712,-0.0200,0.0585,-0.0904,-0.1572,0.0108,0.0728,0.2083,-1.0917,1.2373,-0.0901,88.7899,-46.7231,-95.1241
206473365,0.0028,0.0086,0.0449,0.2318,0.1969,0.0203,0.0646,-0.0924,-0.1569,0.0118,0.0501,0.2053,0.5385,1.7221,-0.0524,88.8188,-46.7034,-95.1245
206478365,0.0030,0.0099,0.0822,0.2550,0.2690,0.0292,0.0671,-0.1066,-0.1565,0.0129,0.0793,0.2082,1.4541,2.8407,-0.2966,88.8419,-46.6728,-95.1296
206483365,0.0036,0.0113,0.1106,0.2459,0.3166,0.0368,0.0635,-0.1124,-0.1561,0.0137,0.0944,0.1745,1.4541,2.8966,-1.8851,88.8507,-46.6543,-95.1689
206488364,0.0042,0.0126,0.1271,0.2419,0.3191,0.0435,0.0615,-0.1172,-0.1555,0.0144,0.1090,0.1342,1.4541,4.0046,-3.2142,88.8565,-46.6183,-95.2063
206493365,0.0048,0.0136,0.0831,0.1768,0.2488,0.0353,0.0542,-0.0991,-0.1552,0.0146,0.0592,0.0417,1.4541,4.5887,-4.4685,88.8652,-46.5815,-95.2536
206498364,0.0052,0.0142,0.0525,0.0947,0.1960,0.0291,0.0413,-0.0779,-0.1551,0.0143,0.0191,-0.0582,1.6862,4.8638,-5.3887,88.8758,-46.5576,-95.2919
206503365,0.0054,0.0144,0.0226,0.0119,0.1233,0.0228,0.0272,-0.0547,-0.1552,0.0135,-0.0152,-0.1615,1.6862,5.3039,-6.3265,88.8859,-46.5172,-95.3469
206508365,0.0055,0.0133,0.0290,-0.2447,0.0591,0.0255,-0.0500,0.0500,-0.1553,0.0113,-0.0128,-0.4374,1.6862,5.7170,-7.2071,88.8926,-46.4866,-95.3919
206513364,0.0057,0.0117,0.0354,-0.3464,0.0866,0.0274,-0.0500,0.0500,-0.1553,0.0096,-0.0068,-0.3464,2.4614,5.8624,-8.2492,88.9215,-46.4491,-95.4593
206518365,0.0061,0.0097,0.0550,-0.4197,0.1532,0.0332,-0.0500,0.0500,-0.1552,0.0075,0.0127,-0.4198,2.4614,5.8624,-8.5627,88.9314,-46.4256,-95.4986
206523364,0.0065,0.0074,0.0428,-0.4548,0.2112,0.0305,-0.0500,0.0500,-0.1553,0.0052,-0.0069,-0.4549,2.8893,5.1353,-8.7080,88.9549,-46.4079,-95.5532
206528364,0.0068,0.0050,0.0165,-0.4771,0.2305,0.0244,0.0200,-0.0200,-0.1555,0.0028,-0.0387,-0.4772,3.2102,5.1353,-8.4322,88.9740,-46.3874,-95.5823
206533365,0.0070,0.0024,-0.0128,-0.4985,0.1724,0.0184,0.0200,-0.0200,-0.1558,0.0003,-0.0681,-0.4986,3.2102,4.3967,-8.0127,88.9933,-46.3725,-95.6242
206538364,0.0070,-0.0001,-0.0443,-0.4841,0.1370,0.0087,-0.1228,0.1089,-0.1564,-0.0028,-0.1281,-0.6355,3.3983,3.6053,-6.5445,89.0105,-46.3724,-95.6239
206543364,0.0067,-0.0025,-0.0800,-0.4374,0.1825,-0.0014,-0.1142,0.1086,-0.1572,-0.0056,-0.1571,-0.5488,3.3983,2.6557,-4.8140,89.0309,-46.3727,-95.6233
206548365,0.0063,-0.0047,-0.1087,-0.3787,0.2580,-0.0500,-0.1049,0.1062,-0.1581,-0.0080,-0.1846,-0.4823,3.1166,2.1809,-4.7616,89.0386,-46.3726,-95.6413
206553365,0.0056,-0.0061,-0.1393,-0.2364,0.2998,-0.0500,-0.0753,0.0817,-0.1590,-0.0096,-0.1622,-0.3239,2.9475,1.6005,-4.2733,89.0530,-46.3729,-95.6596
206558365,0.0048,-0.0072,-0.1564,-0.1652,0.2067,-0.0500,-0.0577,0.0737,-0.1598,-0.0108,-0.1748,-0.2372,2.9475,1.3368,-3.4922,89.0648,-46.3723,-95.6596
206563364,0.0041,-0.0079,-0.1570,-0.1026,0.1156,-0.0500,-0.0430,0.0640,-0.1607,-0.0116,-0.1711,-0.1560,2.9475,0.9675,-2.6133,89.0824,-46.3728,-95.6602
206568365,0.0034,-0.0084,-0.1561,-0.0293,0.0491,0.0200,-0.0255,0.0504,-0.1615,-0.0119,-0.1641,-0.0675,2.6783,0.8092,-1.7508,89.0886,-46.3725,-95.6522
206573365,0.0025,-0.0084,-0.1756,0.0501,0.0411,0.0200,-0.0025,0.0352,-0.1624,-0.0117,-0.1716,0.0393,0.7212,0.5982,-0.1252,89.0612,-46.3726,-95.6237
206578365,0.0015,-0.0080,-0.1738,0.1048,0.1648,-0.0389,0.0500,0.0219,-0.1632,-0.0112,-0.1629,0.0956,-0.4507,0.4926,-0.1252,89.0373,-46.3725,-95.6242
206583365,0.0007,-0.0073,-0.1368,0.1903,0.2635,-0.0339,0.0500,-0.0500,-0.1638,-0.0102,-0.1248,0.1977,-0.4507,0.3344,0.4965,89.0346,-46.3732,-95.6123
206588365,0.0003,-0.0062,-0.0593,0.2437,0.2412,-0.0161,0.0500,-0.0500,-0.1641,-0.0090,-0.0515,0.2437,-0.4507,0.2816,2.0963,89.0328,-46.3729,-95.5749
206593364,0.0001,-0.0049,-0.0183,0.2978,0.2729,-0.0071,0.0500,-0.0500,-0.1641,-0.0075,-0.0106,0.2978,-0.4507,0.2289,2.0963,89.0301,-46.3725,-95.5623
206598364,0.0002,-0.0032,0.0049,0.3916,0.3582,-0.0004,-0.0200,-0.0500,-0.1639,-0.0056,0.0345,0.3916,-1.7203,0.1761,2.0963,89.0008,-46.3728,-95.5539
206603364,0.0005,-0.0012,0.0281,0.4325,0.2604,0.0500,-0.0200,0.0200,-0.1636,-0.0034,0.0594,0.4325,-1.8144,0.1233,2.0963,88.9881,-46.3729,-95.5413
206608366,0.0006,0.0008,0.0486,0.4041,0.1089,0.0500,0.0819,0.0200,-0.1634,-0.0014,0.0496,0.4022,-1.8144,0.1233,1.9026,88.9808,-46.3724,-95.5370
206613365,0.0010,0.0026,0.0922,0.3384,0.1080,0.0500,0.0679,-0.0982,-0.1629,0.0003,0.0982,0.3450,-1.8144,0.1233,0.5638,88.9700,-46.3717,-95.5547
206618365,0.0015,0.0042,0.1399,0.3146,0.2039,0.0500,0.0593,-0.1055,-0.1622,0.0018,0.1362,0.3045,-1.7609,0.1233,-0.5517,88.9638,-46.3713,-95.5775
206623365,0.0026,0.0054,0.1616,0.2639,0.2024,-0.0200,0.0478,-0.1036,-0.1614,0.0031,0.1579,0.2538,-1.2795,0.1233,-0.5517,88.9644,-46.3705,-95.5808
206628364,0.0034,0.0067,0.1289,0.2728,0.1410,-0.0200,0.0573,-0.1067,-0.1608,0.0044,0.1252,0.2627,0.0940,0.1233,-0.5517,88.9889,-46.3700,-95.5830
206633364,0.0041,0.0080,0.0935,0.3030,0.1758,0.0375,0.0696,-0.1138,-0.1603,0.0058,0.0923,0.2704,0.6113,1.6324,-0.5517,89.0025,-46.3338,-95.5863
206638365,0.0044,0.0095,0.0880,0.2761,0.3197,0.0352,0.0668,-0.1143,-0.1599,0.0070,0.0808,0.2365,0.7240,1.6324,-1.0236,89.0073,-46.3273,-95.5982
206643365,0.0049,0.0110,0.1170,0.2734,0.3490,0.0419,0.0646,-0.1198,-0.1595,0.0079,0.0811,0.1898,2.1325,2.8427,-2.7595,89.0459,-46.2897,-95.6446
206648366,0.0054,0.0117,0.1341,0.1558,0.1529,0.0503,0.0404,-0.0965,-0.1591,0.0082,0.0931,0.0634,2.1325,2.8427,-3.3454,89.0545,-46.2784,-95.6693
206653364,0.0061,0.0123,0.1054,0.1173,0.1291,0.0461,0.0346,-0.0857,-0.1588,0.0082,0.0629,-0.0070,2.1325,3.8238,-4.5083,89.0673,-46.2376,-95.7178
206658365,0.0065,0.0127,0.0452,0.0464,0.2641,0.0294,0.0246,-0.0642,-0.1588,0.0077,-0.0143,-0.1006,2.9403,4.4056,-5.4491,89.0940,-46.2100,-95.7572
206663365,0.0066,0.0125,0.0208,-0.0586,0.3151,0.0215,0.0026,-0.0361,-0.1591,0.0065,-0.0586,-0.2302,3.2653,4.4056,-7.0999,89.1182,-46.1836,-95.8278
206668365,0.0065,0.0119,-0.0052,-0.1558,0.2399,0.0152,-0.0500,-0.0076,-0.1596,0.0049,-0.0875,-0.3355,3.4974,4.7412,-7.3096,89.1368,-46.1582,-95.8604
206673364,0.0065,0.0107,0.0082,-0.2633,0.1370,0.0157,-0.0500,0.0500,-0.1602,0.0029,-0.1311,-0.3849,3.9958,4.7412,-8.1649,89.1685,-46.1298,-95.9245
206678365,0.0067,0.0091,0.0183,-0.3519,0.1694,0.0239,-0.0500,0.0500,-0.1605,0.0012,-0.0503,-0.3520,3.9958,4.1608,-8.4972,89.1845,-46.1231,-95.9644
206683365,0.0069,0.0071,0.0082,-0.3934,0.3129,0.0201,-0.0500,0.0500,-0.1608,-0.0008,-0.0659,-0.3936,4.3167,3.1057,-8.2882,89.2151,-46.1225,-96.0108
206688366,0.0070,0.0049,-0.0211,-0.4194,0.3154,0.0131,0.0200,0.0500,-0.1613,-0.0029,-0.0953,-0.4195,4.3167,2.5254,-7.9007,89.2324,-46.1228,-96.0361
206693365,0.0067,0.0029,-0.0877,-0.3494,0.0958,-0.0015,0.0200,-0.0200,-0.1620,-0.0046,-0.1538,-0.3496,3.8465,1.8923,-7.0774,89.2484,-46.1223,-96.0630
206698365,0.0062,0.0012,-0.1155,-0.2981,0.1712,-0.0500,-0.0605,-0.0200,-0.1629,-0.0062,-0.1669,-0.3210,3.7525,1.5230,-6.3602,89.2616,-46.1229,-96.0762
206703364,0.0056,-0.0003,-0.1396,-0.2428,0.3304,-0.0500,-0.0547,0.0620,-0.1638,-0.0078,-0.1815,-0.3103,3.7525,-0.1678,-4.7052,89.2841,-46.1503,-96.0761
206708365,0.0049,-0.0015,-0.1503,-0.1891,0.3774,-0.0500,-0.0430,0.0548,-0.1648,-0.0089,-0.1933,-0.2284,3.2454,-1.1746,-3.8226,89.2882,-46.1739,-96.0755
206713364,0.0041,-0.0023,-0.1649,-0.1109,0.2192,-0.0500,-0.0226,0.0448,-0.1657,-0.0096,-0.1994,-0.1355,2.4002,-1.1746,-2.8296,89.2882,-46.1810,-96.0756
206718365,0.0033,-0.0027,-0.1658,-0.0345,0.0665,0.0200,-0.0036,0.0327,-0.1667,-0.0099,-0.1960,-0.0517,1.9495,-1.1746,-2.3331,89.2880,-46.1857,-96.0760
206723364,0.0026,-0.0027,-0.1542,0.0641,0.0753,0.0200,0.0500,0.0101,-0.1676,-0.0096,-0.1792,0.0560,1.4424,-1.1746,-1.7263,89.2881,-46.1927,-96.0760
206728364,0.0019,-0.0020,-0.1252,0.1839,0.1828,-0.0276,0.0500,-0.0500,-0.1683,-0.0088,-0.1439,0.1631,0.3893,-1.1746,-1.3953,89.2713,-46.1974,-96.0756
206733365,0.0012,-0.0008,-0.1057,0.2312,0.2806,-0.0242,0.0500,-0.0500,-0.1688,-0.0076,-0.0927,0.2312,-0.7523,-1.1746,-1.0643,89.2460,-46.2045,-96.0763
206738364,0.0009,0.0007,-0.0641,0.2786,0.3481,-0.0159,0.0500,-0.0500,-0.1691,-0.0062,-0.0512,0.2786,-0.7523,-1.1746,0.4843,89.2430,-46.2092,-96.0464
206743364,0.0010,0.0023,0.0373,0.2877,0.3841,0.0500,-0.0200,-0.0500,-0.1688,-0.0048,0.0502,0.2877,-0.7523,-0.8129,0.7265,89.2385,-46.2085,-96.0366
206748364,0.0012,0.0036,0.0473,0.3158,0.4269,0.0500,-0.0200,0.0200,-0.1686,-0.0032,0.0473,0.3158,-1.1802,1.0068,0.5812,89.2267,-46.1724,-96.0368
206753364,0.0015,0.0050,0.0293,0.3277,0.4461,0.0500,0.0750,0.0200,-0.1684,-0.0017,0.0385,0.3119,-1.7685,1.0627,0.4359,89.2048,-46.1649,-96.0367
206758365,0.0018,0.0068,0.0363,0.3406,0.4467,0.0500,0.0824,-0.1106,-0.1682,-0.0001,0.0422,0.3189,-1.7685,1.0627,-0.3862,89.1977,-46.1607,-96.0521
206763364,0.0020,0.0086,0.0324,0.3280,0.4156,-0.0200,0.0857,-0.1121,-0.1680,0.0014,0.0287,0.2900,-1.7685,1.0627,-1.4895,89.1871,-46.1543,-96.0816
206768365,0.0020,0.0100,0.0241,0.2581,0.3438,-0.0200,0.0755,-0.0990,-0.1679,0.0024,0.0319,0.2004,-1.7685,2.3817,-1.4895,89.1800,-46.1210,-96.0876
206773365,0.0020,0.0112,0.0177,0.2153,0.3380,0.0111,0.0700,-0.0941,-0.1676,0.0032,0.0558,0.1576,-1.7685,2.3817,-1.4895,89.1694,-46.1067,-96.0965
206778364,0.0024,0.0121,0.0394,0.2126,0.4321,0.0155,0.0681,-0.1002,-0.1673,0.0039,0.0602,0.1483,-0.5384,2.8198,-1.4895,89.1887,-46.0882,-96.1025
206783364,0.0028,0.0129,0.0495,0.1915,0.4379,0.0173,0.0642,-0.0983,-0.1671,0.0045,0.0413,0.1140,0.7487,2.8685,-2.3285,89.2168,-46.0700,-96.1314
206788364,0.0028,0.0137,-0.0040,0.1313,0.4308,0.0040,0.0591,-0.0796,-0.1671,0.0046,-0.0113,0.0290,0.7487,3.7487,-3.1096,89.2198,-46.0392,-96.1571
206793364,0.0028,0.0141,0.0070,0.0525,0.4192,0.0071,0.0409,-0.0641,-0.1672,0.0043,-0.0027,-0.0664,0.7487,4.1618,-3.8099,89.2243,-46.0082,-96.1909
206798364,0.0028,0.0140,0.0070,-0.0379,0.3890,0.0074,0.0208,-0.0431,-0.1672,0.0035,-0.0034,-0.1672,0.7487,4.4716,-4.1976,89.2273,-45.9843,-96.2152
206803365,0.0029,0.0135,-0.0046,-0.1264,0.3566,0.0048,0.0004,-0.0189,-0.1673,0.0021,-0.0181,-0.2754,0.7487,4.9564,-5.0338,89.2318,-45.9460,-96.2596
206808364,0.0030,0.0127,0.0021,-0.1866,0.3261,0.0070,-0.0500,-0.0028,-0.1673,0.0004,-0.0168,-0.3450,0.7487,4.9564,-5.6634,89.2348,-45.9262,-96.2937
206813365,0.0033,0.0117,0.0302,-0.2217,0.3435,0.0113,-0.0500,0.0014,-0.1675,-0.0012,-0.0361,-0.3135,0.7487,5.0682,-6.1599,89.2393,-45.8936,-96.3388
206818365,0.0036,0.0105,0.0446,-0.2624,0.3640,0.0159,-0.0500,0.0500,-0.1676,-0.0030,-0.0217,-0.3541,0.7487,5.0682,-6.1599,89.2423,-45.8733,-96.3634
206823365,0.0039,0.0091,0.0446,-0.3140,0.3215,0.0217,-0.0500,0.0500,-0.1675,-0.0045,0.0317,-0.3140,0.7487,3.7493,-5.7928,89.2467,-45.8732,-96.3917
206828366,0.0042,0.0075,0.0409,-0.3509,0.3221,0.0221,0.0200,0.0500,-0.1673,-0.0063,0.0289,-0.3510,0.7017,3.0635,-5.5487,89.2488,-45.8732,-96.4099
206833365,0.0043,0.0057,-0.0244,-0.3201,0.3484,0.0059,0.0200,0.0500,-0.1675,-0.0079,-0.0333,-0.3201,0.5136,0.6647,-4.0840,89.2486,-45.9091,-96.4094
206838365,0.0040,0.0042,-0.0794,-0.2602,0.3893,-0.0500,-0.0448,-0.0200,-0.1679,-0.0092,-0.0866,-0.2602,0.4196,0.0000,-3.3516,89.2486,-45.9220,-96.4097
206843365,0.0035,0.0031,-0.1161,-0.1680,0.4260,-0.0500,-0.0236,-0.0200,-0.1685,-0.0100,-0.1161,-0.1680,0.3256,0.0000,-2.4728,89.2489,-45.9220,-96.4096
206848364,0.0029,0.0025,-0.1231,-0.0864,0.4589,-0.0500,-0.0065,0.0161,-0.1693,-0.0106,-0.1490,-0.1022,0.2315,-0.9696,-2.0334,89.2482,-45.9425,-96.4099
206853365,0.0021,0.0020,-0.1310,-0.0519,0.4675,-0.0500,0.0500,0.0114,-0.1701,-0.0108,-0.1594,-0.0474,0.1845,-1.7938,-1.4963,89.2485,-45.9688,-96.4097
206858365,0.0014,0.0019,-0.1203,-0.0363,0.4400,0.0200,0.0500,0.0098,-0.1707,-0.0111,-0.1311,-0.0550,0.1375,-1.7938,-1.2522,89.2483,-45.9760,-96.4103
206863365,0.0008,0.0016,-0.1090,0.0024,0.3533,0.0200,0.0500,0.0008,-0.1712,-0.0110,-0.1054,0.0087,-1.3371,-1.7938,0.4195,89.2178,-45.9868,-96.3811
206868364,0.0003,0.0016,-0.1213,0.0409,0.2512,-0.0301,0.0500,-0.0500,-0.1717,-0.0108,-0.0878,0.0527,-1.5510,-1.7938,0.7866,89.2074,-45.9940,-96.3708
206873364,-0.0004,0.0018,-0.1414,0.0980,0.1874,-0.0375,-0.0200,-0.0500,-0.1722,-0.0103,-0.1147,0.0980,-1.5510,-1.4839,0.7866,89.1981,-45.9980,-96.3661
206878365,-0.0010,0.0028,-0.0861,0.1903,0.4076,-0.0277,-0.0200,-0.0500,-0.1725,-0.0093,-0.0442,0.1903,-2.4370,-1.2258,0.7866,89.1733,-45.9983,-96.3630
206883364,-0.0014,0.0037,-0.0357,0.1985,0.3945,-0.0156,0.0562,-0.0500,-0.1724,-0.0083,0.0145,0.1956,-2.8246,0.1939,0.7866,89.1488,-45.9747,-96.3582
206888365,-0.0016,0.0047,-0.0110,0.1946,0.2696,-0.0083,0.0567,0.0200,-0.1722,-0.0074,0.0447,0.1823,-2.8246,0.8242,-0.1049,89.1375,-45.9594,-96.3750
206893364,-0.0015,0.0056,-0.0315,0.1891,0.2299,-0.0122,0.0616,0.0200,-0.1720,-0.0065,0.0306,0.1768,-3.1960,0.8242,-0.1049,89.1114,-45.9544,-96.3757
206898366,-0.0015,0.0066,-0.0049,0.1720,0.2766,-0.0064,0.0567,-0.0609,-0.1718,-0.0058,0.0499,0.1472,-3.1960,0.8242,-0.8372,89.0986,-45.9511,-96.3914
206903364,-0.0016,0.0075,-0.0046,0.1649,0.3050,-0.0073,0.0561,-0.0605,-0.1715,-0.0053,0.0509,0.1094,-3.0344,2.0547,-1.6672,89.0831,-45.9183,-96.4170
206908365,-0.0016,0.0082,0.0241,0.1203,0.2528,0.0005,0.0457,-0.0559,-0.1711,-0.0049,0.0796,0.0648,-3.0344,2.0547,-1.6672,89.0710,-45.9100,-96.4237
206913365,-0.0015,0.0087,0.0538,0.0837,0.1734,0.0500,0.0358,-0.0513,-0.1706,-0.0049,0.1001,0.0125,-3.0344,2.0547,-2.7194,89.0528,-45.8977,-96.4579
206918364,-0.0010,0.0091,0.0916,0.0547,0.2348,0.0500,0.0251,-0.0504,-0.1701,-0.0050,0.0941,-0.0307,-3.0344,3.0043,-2.7194,89.0406,-45.8684,-96.4688
206923364,-0.0004,0.0091,0.1066,-0.0153,0.2818,0.0500,0.0059,-0.0382,-0.1696,-0.0056,0.1032,-0.1108,-2.3020,3.0043,-3.3988,89.0392,-45.8504,-96.4992
206928364,0.0001,0.0087,0.0617,-0.0864,0.1535,0.0500,-0.0500,-0.0150,-0.1693,-0.0065,0.0600,-0.1848,-1.8512,3.1990,-3.3988,89.0399,-45.8343,-96.5128
206933364,0.0004,0.0082,0.0421,-0.1436,0.1224,-0.0200,-0.0500,0.0004,-0.1693,-0.0075,0.0085,-0.2015,-1.4005,3.1990,-3.8832,89.0392,-45.8151,-96.5442
206938364,0.0006,0.0071,0.0467,-0.2349,0.1563,-0.0200,-0.0500,0.0500,-0.1692,-0.0090,0.0131,-0.2928,-1.1188,3.1990,-3.8832,89.0398,-45.8023,-96.5597
206943365,0.0008,0.0057,0.0211,-0.3210,0.1743,0.0061,-0.0500,0.0500,-0.1691,-0.0106,0.0183,-0.3210,0.1616,2.6489,-4.1590,89.0612,-45.7951,-96.5895
206948365,0.0009,0.0039,-0.0015,-0.3754,0.1526,-0.0006,0.0200,0.0500,-0.1693,-0.0125,-0.0265,-0.3754,1.4541,2.1538,-4.1590,89.0908,-45.7954,-96.6061
206953364,0.0009,0.0017,-0.0168,-0.3952,0.1034,-0.0500,0.0200,0.0500,-0.1695,-0.0144,-0.0418,-0.3952,1.4541,1.4640,-3.7919,89.0996,-45.7979,-96.6234
206958365,0.0007,-0.0004,-0.0189,-0.3729,0.0924,-0.0500,-0.0827,-0.0200,-0.1696,-0.0163,-0.0198,-0.3715,1.4541,-0.0974,-3.1102,89.1054,-45.8262,-96.6236
206963364,0.0006,-0.0022,-0.0125,-0.3143,0.1508,-0.0500,-0.0768,-0.0200,-0.1697,-0.0178,-0.0180,-0.3049,1.4541,-0.6328,-2.3237,89.1141,-45.8403,-96.6241
206968366,0.0006,-0.0036,0.0012,-0.2266,0.2891,-0.0500,-0.0672,0.0589,-0.1698,-0.0190,-0.0206,-0.2456,1.4541,-0.6328,-1.9042,89.1199,-45.8428,-96.6241
206973365,0.0007,-0.0045,0.0092,-0.1280,0.2739,0.0200,-0.0481,0.0370,-0.1698,-0.0196,-0.0031,-0.1146,1.2684,-1.1604,-0.2656,89.1247,-45.8575,-96.5995
206978365,0.0006,-0.0050,0.0061,-0.1127,0.2537,0.0200,-0.0443,0.0346,-0.1698,-0.0200,-0.0017,-0.0728,-0.3231,-1.7935,0.8826,89.0947,-45.8768,-96.5744
206983365,0.0005,-0.0057,0.0134,-0.1124,0.2183,0.0500,-0.0473,0.0362,-0.1697,-0.0203,0.0158,-0.0725,-0.5924,-1.7935,0.8826,89.0859,-45.8876,-96.5691
206988365,0.0005,-0.0063,0.0195,-0.0761,0.1688,0.0500,-0.0396,0.0297,-0.1697,-0.0204,0.0007,-0.0170,-0.5924,-3.0800,0.8826,89.0835,-45.9229,-96.5655
206993364,0.0006,-0.0068,0.0208,-0.0357,0.1547,0.0500,-0.0322,0.0221,-0.1697,-0.0203,-0.0001,0.0270,-0.5924,-3.3224,0.8826,89.0799,-45.9463,-96.5602
206998366,0.0008,-0.0069,0.0205,0.0370,0.1770,0.0500,-0.0165,0.0056,-0.1697,-0.0198,-0.0050,0.1076,-0.5924,-3.8556,0.8826,89.0776,-45.9719,-96.5567
207003364,0.0010,-0.0065,0.0376,0.1142,0.1865,-0.0200,-0.0001,-0.0500,-0.1697,-0.0187,0.0156,0.2048,-0.5924,-4.3204,1.7544,89.0740,-46.0052,-96.5307
207008366,0.0011,-0.0059,0.0544,0.1570,0.2076,-0.0200,0.0500,-0.0500,-0.1696,-0.0176,0.0173,0.2214,-0.5924,-4.3204,1.7544,89.0716,-46.0225,-96.5236
207013365,0.0012,-0.0049,0.0443,0.1924,0.2629,0.0133,0.0500,-0.0500,-0.1693,-0.0167,0.0545,0.1924,-0.5924,-4.3754,1.7544,89.0681,-46.0496,-96.5131
207018365,0.0013,-0.0039,-0.0195,0.2224,0.2601,-0.0500,0.0500,-0.0500,-0.1693,-0.0155,-0.0093,0.2224,-0.5924,-4.3754,1.7544,89.0657,-46.0671,-96.5061
207023365,0.0011,-0.0028,-0.0822,0.2437,0.2256,-0.0500,0.0500,0.0200,-0.1698,-0.0143,-0.0822,0.2437,-0.5924,-4.0346,0.9272,89.0622,-46.0863,-96.5129
207028366,0.0006,-0.0015,-0.1344,0.2275,0.1837,-0.0500,-0.0200,0.0200,-0.1704,-0.0132,-0.1344,0.2275,-0.5924,-3.3044,-0.2906,89.0598,-46.0864,-96.5363
207033364,-0.0002,-0.0004,-0.1597,0.1973,0.2170,-0.0500,-0.0200,-0.0233,-0.1712,-0.0122,-0.1622,0.1930,-0.5924,-2.4282,-0.2906,89.0562,-46.0861,-96.5381
207038365,-0.0010,0.0004,-0.1439,0.1542,0.2635,0.0200,0.0523,-0.0170,-0.1721,-0.0115,-0.1679,0.1478,-0.5924,-1.1819,-1.6146,89.0539,-46.0691,-96.5676
207043365,-0.0016,0.0009,-0.0971,0.0718,0.2357,0.0200,0.0296,-0.0036,-0.1726,-0.0113,-0.1129,0.0395,-1.2685,0.1650,-2.0007,89.0345,-46.0428,-96.5872
207048365,-0.0019,0.0011,-0.0501,0.0257,0.2079,-0.0225,0.0146,-0.0000,-0.1729,-0.0113,-0.0441,-0.0067,-1.2685,0.1650,-2.0007,89.0294,-46.0421,-96.5952
207053365,-0.0022,0.0009,-0.0342,0.0107,0.2164,-0.0182,0.0084,0.0015,-0.1729,-0.0114,-0.0096,-0.0217,-2.3500,0.1650,-2.0007,88.9985,-46.0411,-96.6072
207058365,-0.0022,0.0007,-0.0312,-0.0119,0.1508,-0.0169,0.0026,0.0500,-0.1730,-0.0117,-0.0110,-0.0521,-2.3500,0.1650,-2.5251,88.9891,-46.0405,-96.6262
207063364,-0.0023,0.0006,-0.0415,-0.0406,0.1123,-0.0177,-0.0003,0.0500,-0.1730,-0.0119,0.0003,-0.0431,-2.3500,0.1650,-2.5251,88.9750,-46.0395,-96.6414
207068365,-0.0023,0.0002,-0.0238,-0.0950,0.1392,-0.0136,-0.0500,0.0500,-0.1728,-0.0124,0.0227,-0.0975,-2.6174,0.1650,-2.5251,88.9598,-46.0388,-96.6515
207073364,-0.0024,-0.0004,0.0089,-0.1396,0.1694,-0.0062,-0.0500,0.0500,-0.1726,-0.0131,0.0539,-0.1396,-2.6174,0.1650,-2.2322,88.9441,-46.0378,-96.6603
207078365,-0.0024,-0.0013,0.0470,-0.1787,0.1960,0.0500,-0.0500,-0.0200,-0.1721,-0.0140,0.0921,-0.1787,-2.6174,0.1650,-1.7927,88.9336,-46.0371,-96.6596
207083365,-0.0020,-0.0025,0.0816,-0.1936,0.1920,0.0500,-0.0500,-0.0200,-0.1717,-0.0150,0.0816,-0.1936,-3.0604,0.1650,-1.3533,88.9082,-46.0362,-96.6602
207088364,-0.0014,-0.0037,0.1145,-0.1744,0.1837,0.0500,0.0200,0.0366,-0.1711,-0.0158,0.1154,-0.1728,-3.0604,0.1650,0.1049,88.8960,-46.0355,-96.6339
207093364,-0.0007,-0.0046,0.1289,-0.1393,0.1315,0.0500,0.0200,0.0292,-0.1705,-0.0165,0.1338,-0.1307,-3.0604,-0.3301,0.5768,88.8776,-46.0452,-96.6213
207098365,-0.0001,-0.0055,0.1292,-0.1286,0.0713,-0.0200,-0.0632,0.0293,-0.1698,-0.0170,0.1313,-0.1151,-2.5962,-0.3301,0.5768,88.8754,-46.0465,-96.6190
207103365,0.0006,-0.0061,0.0895,-0.1216,0.1101,-0.0200,-0.0599,0.0326,-0.1694,-0.0175,0.0862,-0.0986,-1.7247,-0.9629,0.5768,88.8795,-46.0616,-96.6155
207108365,0.0011,-0.0068,0.0724,-0.1219,0.2253,0.0189,-0.0612,0.0337,-0.1691,-0.0180,0.0589,-0.0829,0.0554,-2.0339,0.5768,88.9114,-46.0896,-96.6132
207113365,0.0014,-0.0074,0.0483,-0.0742,0.2616,0.0131,-0.0508,0.0277,-0.1689,-0.0181,0.0329,-0.0353,0.1661,-2.0339,0.5768,88.9146,-46.1018,-96.6098
207118366,0.0016,-0.0079,0.0626,-0.0519,0.2357,0.0182,-0.0480,0.0208,-0.1687,-0.0181,0.0490,0.0120,0.1661,-2.7725,1.5146,88.9153,-46.1263,-96.5878
207123365,0.0020,-0.0082,0.0498,-0.0098,0.2259,0.0169,-0.0386,0.0129,-0.1685,-0.0178,0.0404,0.0616,0.1661,-2.7725,2.0111,88.9163,-46.1430,-96.5661
207128366,0.0024,-0.0082,0.0464,0.0385,0.2421,0.0170,-0.0275,0.0012,-0.1683,-0.0171,0.0294,0.1232,0.1661,-3.6674,2.0111,88.9170,-46.1733,-96.5580
207133365,0.0027,-0.0079,0.0116,0.0901,0.1834,0.0099,-0.0107,-0.0500,-0.1683,-0.0163,-0.0054,0.1748,0.1661,-3.6674,2.0111,88.9180,-46.1954,-96.5460
207138365,0.0026,-0.0075,-0.0345,0.1356,0.1272,-0.0500,0.0500,-0.0500,-0.1687,-0.0153,-0.0729,0.1976,0.1661,-4.1522,2.0111,88.9186,-46.2210,-96.5379
207143364,0.0024,-0.0069,-0.0635,0.1674,0.1569,-0.0500,0.0500,-0.0500,-0.1690,-0.0144,-0.0635,0.1674,0.1661,-4.1522,2.1080,88.9196,-46.2459,-96.5234
207148366,0.0022,-0.0061,-0.0819,0.1994,0.2079,-0.0500,0.0500,-0.0500,-0.1694,-0.0135,-0.0819,0.1994,0.1661,-3.6875,1.2362,88.9203,-46.2522,-96.5333
207153364,0.0019,-0.0051,-0.0983,0.2129,0.1984,-0.0500,0.0500,0.0200,-0.1699,-0.0124,-0.0983,0.2129,0.1661,-3.6875,0.8003,88.9213,-46.2744,-96.5364
207158365,0.0014,-0.0041,-0.1423,0.2049,0.0542,0.0200,-0.0200,0.0200,-0.1706,-0.0114,-0.1423,0.2049,0.1661,-3.6875,0.6550,88.9219,-46.2891,-96.5364
207163364,0.0009,-0.0033,-0.1231,0.1500,0.0998,0.0200,-0.0200,-0.0076,-0.1713,-0.0107,-0.1321,0.1343,0.0000,-2.1664,-1.0481,88.9196,-46.2779,-96.5697
207168365,0.0004,-0.0027,-0.0831,0.0916,0.1844,-0.0225,0.0174,-0.0019,-0.1718,-0.0103,-0.0936,0.0787,-0.3323,-0.5140,-1.3791,88.9118,-46.2504,-96.5817
207173365,0.0000,-0.0025,-0.0522,0.0269,0.1459,-0.0156,0.0011,0.0500,-0.1721,-0.0102,-0.0610,0.0109,-0.3323,-0.3075,-1.3791,88.9098,-46.2484,-96.5899
207178365,-0.0002,-0.0025,-0.0168,-0.0205,0.0674,-0.0047,-0.0500,0.0500,-0.1721,-0.0103,-0.0037,-0.0166,-0.8893,-0.2558,-1.3791,88.8969,-46.2485,-96.5955
207183365,-0.0000,-0.0027,-0.0189,-0.0205,0.0946,-0.0036,-0.0500,0.0500,-0.1720,-0.0104,0.0124,-0.0205,-1.8178,-0.2042,-1.3791,88.8687,-46.2488,-96.6037
207188365,-0.0000,-0.0027,0.0009,-0.0388,0.2198,-0.0003,-0.0500,0.0500,-0.1719,-0.0106,0.0322,-0.0388,-1.8178,-0.1526,-1.3791,88.8614,-46.2484,-96.6093
207193364,-0.0001,-0.0030,0.0052,-0.0684,0.3246,0.0000,-0.0500,-0.0200,-0.1716,-0.0110,0.0477,-0.0684,-2.4641,-0.1009,-1.3791,88.8364,-46.2482,-96.6175
207198365,-0.0000,-0.0034,0.0263,-0.1106,0.2763,0.0500,0.0200,-0.0200,-0.1713,-0.0115,0.0687,-0.1106,-2.4641,-0.1009,-1.3791,88.8265,-46.2486,-96.6230
207203365,0.0001,-0.0043,0.0596,-0.1811,0.0500,0.0500,0.0200,0.0473,-0.1710,-0.0125,0.0504,-0.1970,-2.4641,-0.1009,-1.0645,88.8117,-46.2491,-96.6241
207208365,0.0008,-0.0053,0.0999,-0.1713,0.1266,0.0500,-0.0721,0.0412,-0.1706,-0.0134,0.0917,-0.1826,-2.4641,-0.1009,-0.8548,88.8019,-46.2495,-96.6237
207213365,0.0013,-0.0064,0.0910,-0.1677,0.2088,0.0500,-0.0758,0.0430,-0.1702,-0.0143,0.0846,-0.1758,-2.3514,-0.1009,-0.6450,88.7894,-46.2501,-96.6240
207218365,0.0017,-0.0073,0.0757,-0.1139,0.2427,-0.0200,-0.0664,0.0346,-0.1698,-0.0149,0.0703,-0.1205,-1.9007,-0.1009,-0.5401,88.7899,-46.2505,-96.6242
207223365,0.0024,-0.0079,0.0843,-0.0864,0.1892,-0.0200,-0.0615,0.0276,-0.1695,-0.0152,0.0632,-0.0611,-1.3936,-2.0814,-0.3828,88.7901,-46.2950,-96.6237
207228365,0.0027,-0.0084,0.1014,-0.0742,0.1944,0.0339,-0.0633,0.0219,-0.1690,-0.0154,0.1016,-0.0341,-0.7399,-2.0814,0.6068,88.7982,-46.3034,-96.6044
207233365,0.0031,-0.0089,0.0782,-0.0538,0.2848,0.0263,-0.0565,0.0193,-0.1687,-0.0153,0.0474,0.0169,1.2925,-2.8603,1.8756,88.8419,-46.3322,-96.5697
207238365,0.0036,-0.0093,0.0593,-0.0440,0.2351,0.0239,-0.0536,0.0207,-0.1686,-0.0151,0.0268,0.0295,1.2925,-3.0550,1.8756,88.8471,-46.3482,-96.5622
207243365,0.0040,-0.0095,0.0296,0.0015,0.0946,0.0193,-0.0387,0.0158,-0.1686,-0.0147,-0.0073,0.0829,1.2925,-3.5826,1.8756,88.8548,-46.3783,-96.5509
207248364,0.0041,-0.0093,-0.0107,0.0733,0.0436,0.0104,-0.0170,0.0050,-0.1689,-0.0140,-0.0476,0.1547,1.2925,-3.5826,1.8756,88.8600,-46.3927,-96.5434
207253365,0.0037,-0.0090,-0.0568,0.0996,0.1755,-0.0500,-0.0043,0.0028,-0.1694,-0.0130,-0.1011,0.1881,1.2925,-4.2538,1.6819,88.8678,-46.4293,-96.5363
207258365,0.0036,-0.0085,-0.0672,0.1142,0.2244,-0.0500,0.0004,-0.0017,-0.1699,-0.0120,-0.0921,0.1978,1.2925,-4.2538,1.3429,88.8729,-46.4463,-96.5370
207263365,0.0033,-0.0079,-0.0965,0.1313,0.1260,-0.0500,0.0500,-0.0015,-0.1705,-0.0109,-0.1272,0.2149,1.0139,-4.5931,1.0038,88.8745,-46.4801,-96.5367
207268365,0.0028,-0.0073,-0.1399,0.1570,0.0796,-0.0500,0.0500,0.0008,-0.1712,-0.0101,-0.1329,0.1691,0.8282,-4.5931,0.8101,88.8745,-46.4984,-96.5369
207273364,0.0019,-0.0066,-0.1600,0.1600,0.1199,0.0200,0.0500,0.0021,-0.1719,-0.0093,-0.1548,0.1692,0.5961,-3.4055,0.6164,88.8742,-46.4986,-96.5364
207278365,0.0009,-0.0058,-0.1610,0.1558,0.1480,0.0200,0.0500,0.0021,-0.1727,-0.0084,-0.1565,0.1635,-0.8617,-2.7858,0.5195,88.8451,-46.4985,-96.5361
207283364,0.0002,-0.0051,-0.1289,0.1432,0.1352,-0.0317,-0.0200,-0.0007,-0.1732,-0.0077,-0.1062,0.1488,-1.1309,-2.0629,0.3742,88.8331,-46.4985,-96.5364
207288365,-0.0003,-0.0044,-0.0751,0.1133,0.1101,-0.0199,-0.0200,-0.0018,-0.1735,-0.0071,-0.0528,0.1182,-1.1309,-1.7015,0.3258,88.8285,-46.4988,-96.5361
207293365,-0.0006,-0.0039,-0.0327,0.0745,0.2207,-0.0117,0.0056,-0.0500,-0.1736,-0.0066,-0.0111,0.0964,-1.7507,-1.2367,0.2289,88.8090,-46.4983,-96.5364
207298365,-0.0006,-0.0038,0.0015,0.0061,0.2418,-0.0019,-0.0500,-0.0500,-0.1733,-0.0066,0.0440,0.0100,-2.5959,-0.2608,0.1805,88.7825,-46.4824,-96.5366
207303364,-0.0005,-0.0038,-0.0098,-0.0021,0.2051,-0.0035,-0.0500,-0.0500,-0.1732,-0.0066,0.0350,-0.0021,-2.5959,0.7757,0.1321,88.7670,-46.4588,-96.5366
207308365,-0.0004,-0.0038,0.0082,-0.0308,0.1712,0.0018,-0.0500,-0.0500,-0.1729,-0.0067,0.0530,-0.0309,-2.5959,0.7757,0.1321,88.7566,-46.4557,-96.5361
207313365,-0.0003,-0.0041,0.0379,-0.0666,0.1804,0.0500,-0.0500,0.0200,-0.1725,-0.0071,0.0818,-0.0666,-2.5488,0.7757,-0.8275,88.7421,-46.4511,-96.5551
207318365,-0.0000,-0.0046,0.0812,-0.1179,0.2039,0.0500,0.0200,0.0200,-0.1721,-0.0077,0.0812,-0.1179,-2.5488,0.7757,-1.7653,88.7319,-46.4480,-96.5798
207323364,0.0004,-0.0053,0.1167,-0.1591,0.1556,0.0500,0.0200,0.0500,-0.1716,-0.0086,0.1015,-0.1855,-2.5488,0.4363,-1.7653,88.7166,-46.4502,-96.5904
207328365,0.0013,-0.0063,0.1210,-0.1750,0.0885,0.0500,-0.0786,0.0500,-0.1710,-0.0094,0.1193,-0.1721,-2.1745,-0.1939,-1.7653,88.7144,-46.4631,-96.5975
207333365,0.0020,-0.0073,0.0990,-0.1668,0.0946,-0.0200,-0.0789,0.0500,-0.1705,-0.0103,0.0973,-0.1639,-1.0883,-0.1939,-1.7653,88.7253,-46.4642,-96.6081
207338364,0.0025,-0.0081,0.0528,-0.1494,0.1407,-0.0200,-0.0740,0.0500,-0.1702,-0.0110,0.0512,-0.1465,0.2351,-0.1939,-1.7653,88.7501,-46.4650,-96.6151
207343364,0.0027,-0.0088,0.0440,-0.1500,0.1395,0.0192,-0.0747,-0.0200,-0.1701,-0.0117,0.0343,-0.1401,0.2351,-0.6587,-1.6604,88.7515,-46.4757,-96.6236
207348365,0.0028,-0.0095,0.0528,-0.1662,0.1581,0.0211,-0.0812,-0.0200,-0.1699,-0.0124,0.0343,-0.1409,0.2351,-1.6914,-1.3458,88.7525,-46.5018,-96.6234
207353365,0.0031,-0.0105,0.0128,-0.1943,0.2567,0.0080,-0.0869,0.0690,-0.1701,-0.0133,-0.0432,-0.1836,1.8691,-1.7464,-1.0312,88.7900,-46.5130,-96.6242
207358365,0.0034,-0.0115,0.0082,-0.1671,0.3407,0.0062,-0.0836,0.0644,-0.1704,-0.0140,-0.0568,-0.1344,1.8691,-3.0117,-0.8214,88.7975,-46.5485,-96.6236
207363364,0.0033,-0.0123,-0.0357,-0.1185,0.2528,-0.0500,-0.0674,0.0620,-0.1709,-0.0143,-0.1048,-0.0609,1.8691,-4.0827,-0.2228,88.8087,-46.5899,-96.6158
207368365,0.0030,-0.0128,-0.0684,-0.0538,0.1095,-0.0500,-0.0480,0.0524,-0.1714,-0.0141,-0.0941,0.0373,1.8691,-4.5575,1.5446,88.8162,-46.6160,-96.5780
207373365,0.0025,-0.0130,-0.0968,0.0128,0.0747,-0.0500,-0.0283,0.0431,-0.1720,-0.0135,-0.1267,0.1145,1.8691,-5.1600,1.6550,88.8274,-46.6567,-96.5659
207378366,0.0021,-0.0127,-0.1158,0.0730,0.1303,-0.0500,-0.0113,0.0311,-0.1728,-0.0126,-0.1495,0.1813,1.8691,-5.6075,1.6550,88.8349,-46.6878,-96.5592
207383365,0.0017,-0.0123,-0.1359,0.1057,0.1657,0.0200,0.0013,0.0245,-0.1736,-0.0115,-0.1717,0.2278,1.5459,-6.1893,1.9940,88.8390,-46.7358,-96.5424
207388365,0.0011,-0.0118,-0.1643,0.1332,0.0014,0.0200,0.0500,0.0233,-0.1746,-0.0102,-0.2011,0.2642,0.6544,-6.5507,2.2361,88.8263,-46.7691,-96.5287
207393365,0.0002,-0.0112,-0.1579,0.1622,0.0176,-0.0362,0.0500,0.0192,-0.1752,-0.0092,-0.1183,0.1955,-1.1832,-6.6057,2.2361,88.7859,-46.8096,-96.5153
207398366,-0.0005,-0.0104,-0.1112,0.1998,0.1092,-0.0284,0.0500,0.0024,-0.1756,-0.0080,-0.0716,0.2331,-1.1832,-6.6057,2.2361,88.7812,-46.8360,-96.5063
207403365,-0.0011,-0.0093,-0.0825,0.2181,0.1239,-0.0239,0.0500,-0.0500,-0.1758,-0.0068,-0.0456,0.2468,-1.1832,-5.5348,1.9226,88.7741,-46.8498,-96.4996
207408365,-0.0014,-0.0081,-0.0657,0.2208,0.0866,-0.0215,-0.0200,-0.0500,-0.1760,-0.0057,-0.0412,0.2208,-1.4183,-5.5348,1.9226,88.7646,-46.8719,-96.4919
207413364,-0.0017,-0.0069,-0.0394,0.2159,0.1071,-0.0152,-0.0200,-0.0500,-0.1760,-0.0046,-0.0036,0.2159,-2.0766,-4.1103,1.9226,88.7396,-46.8721,-96.4804
207418364,-0.0018,-0.0058,-0.0162,0.1885,0.1914,-0.0132,0.0270,-0.0500,-0.1761,-0.0034,-0.0088,0.2379,-2.0766,-3.3190,1.9226,88.7313,-46.8712,-96.4742
207423365,-0.0019,-0.0051,0.0079,0.1429,0.2577,-0.0074,0.0148,0.0200,-0.1759,-0.0025,0.0271,0.1798,-2.3440,-2.4748,0.3025,88.7133,-46.8717,-96.5000
207428366,-0.0019,-0.0045,0.0082,0.0770,0.2256,-0.0066,0.0019,0.0200,-0.1758,-0.0020,0.0315,0.1067,-2.3440,-2.0000,0.3025,88.7040,-46.8712,-96.4990
207433364,-0.0017,-0.0043,0.0128,0.0199,0.0759,-0.0022,-0.0500,0.0500,-0.1756,-0.0020,0.0449,0.0054,-2.3440,0.0000,-0.9686,88.6899,-46.8365,-96.5244
207438365,-0.0014,-0.0045,0.0498,-0.0696,0.0344,0.0500,-0.0500,0.0500,-0.1751,-0.0023,0.0902,-0.0697,-2.3440,0.0000,-1.5014,88.6805,-46.8365,-96.5395
207443365,-0.0012,-0.0050,0.0742,-0.1002,0.0384,0.0500,-0.0500,0.0500,-0.1747,-0.0028,0.0742,-0.1002,-2.3440,0.0000,-1.5014,88.6665,-46.8365,-96.5496
207448364,-0.0009,-0.0056,0.0880,-0.1289,0.0323,0.0500,-0.0500,0.0500,-0.1743,-0.0035,0.0880,-0.1289,-2.0118,0.0000,-1.5014,88.6642,-46.8365,-96.5545
207453364,-0.0002,-0.0062,0.0987,-0.1408,0.0261,0.0500,0.0200,-0.0200,-0.1738,-0.0042,0.0987,-0.1408,-1.5134,-0.0487,-1.5014,88.6637,-46.8376,-96.5647
207458365,0.0004,-0.0070,0.0819,-0.1619,0.0240,-0.0200,0.0200,-0.0200,-0.1734,-0.0050,0.0819,-0.1619,-1.2365,-0.0487,-1.5014,88.6638,-46.8378,-96.5695
207463365,0.0008,-0.0082,0.0425,-0.1921,0.0289,-0.0200,-0.0783,0.0645,-0.1732,-0.0060,0.0306,-0.2113,-0.9043,-0.0487,-1.3359,88.6641,-46.8380,-96.5761
207468365,0.0009,-0.0094,0.0370,-0.2028,0.0781,0.0123,-0.0835,0.0683,-0.1730,-0.0070,0.0410,-0.1898,-0.7381,-0.9456,-0.0767,88.6641,-46.8571,-96.5533
207473364,0.0011,-0.0105,0.0589,-0.2031,0.1599,0.0173,-0.0902,0.0668,-0.1727,-0.0078,0.0615,-0.1672,-0.5720,-1.6314,0.7749,88.6636,-46.8800,-96.5317
207478365,0.0013,-0.0116,0.0443,-0.1677,0.2500,0.0133,-0.0861,0.0631,-0.1725,-0.0085,0.0449,-0.1318,-0.4613,-1.6314,0.7749,88.6638,-46.8865,-96.5292
207483364,0.0016,-0.0126,0.0266,-0.1451,0.2341,0.0068,-0.0803,0.0646,-0.1726,-0.0090,-0.0179,-0.1009,1.8719,-2.1907,0.7749,88.7147,-46.9078,-96.5239
207488365,0.0018,-0.0133,-0.0086,-0.1035,0.1807,-0.0007,-0.0678,0.0616,-0.1729,-0.0092,-0.0538,-0.0440,1.8719,-2.7501,1.2453,88.7222,-46.9296,-96.5118
207493365,0.0018,-0.0140,-0.0168,-0.0959,0.0976,-0.0500,-0.0651,0.0634,-0.1732,-0.0093,-0.0641,-0.0155,1.8719,-3.5742,1.8201,88.7334,-46.9637,-96.4884
207498365,0.0016,-0.0144,-0.0140,-0.0333,0.0210,-0.0500,-0.0532,0.0508,-0.1733,-0.0090,-0.0290,0.0472,1.8719,-3.5742,1.8201,88.7409,-46.9780,-96.4825
207503365,0.0016,-0.0145,-0.0312,0.0318,0.0411,-0.0500,-0.0357,0.0370,-0.1735,-0.0083,-0.0419,0.1396,1.6838,-4.2455,2.9831,88.7482,-47.0160,-96.4416
207508364,0.0015,-0.0144,-0.0330,0.0742,0.1025,-0.0500,-0.0257,0.0264,-0.1738,-0.0074,-0.0485,0.1918,1.4017,-4.8506,3.0319,88.7488,-47.0457,-96.4309
207513365,0.0013,-0.0137,-0.0623,0.1038,0.1068,0.0200,-0.0119,0.0204,-0.1742,-0.0062,-0.0753,0.2389,-0.5348,-5.2888,3.7643,88.7133,-47.0838,-96.3916
207518365,0.0009,-0.0133,-0.0593,0.1087,0.0432,0.0200,-0.0074,0.0184,-0.1745,-0.0049,-0.0691,0.2522,-0.5348,-5.3861,4.2362,88.7112,-47.1072,-96.3691
207523364,0.0005,-0.0127,-0.0327,0.1210,-0.0053,-0.0060,-0.0050,0.0113,-0.1747,-0.0036,-0.0337,0.2652,-0.5348,-5.4389,4.2362,88.7080,-47.1408,-96.3405
207528365,0.0004,-0.0121,0.0043,0.1298,0.0652,0.0500,-0.0074,0.0010,-0.1745,-0.0022,0.0301,0.2741,-2.0853,-5.4389,4.2362,88.6722,-47.1625,-96.3267
207533364,0.0006,-0.0115,0.0599,0.1451,0.0808,0.0500,-0.0092,-0.0500,-0.1743,-0.0009,0.0463,0.2704,-2.4729,-4.9914,3.4088,88.6498,-47.1846,-96.3186
207538364,0.0010,-0.0107,0.0666,0.1472,0.0356,0.0500,-0.0093,-0.0500,-0.1742,0.0002,0.0239,0.2217,-2.4729,-4.9914,3.4088,88.6399,-47.2046,-96.3075
207543364,0.0015,-0.0098,0.0574,0.1475,-0.0136,0.0500,-0.0068,-0.0500,-0.1741,0.0013,0.0239,0.2061,-2.4265,-3.9249,3.3119,88.6260,-47.2107,-96.2864
207548365,0.0017,-0.0091,0.0706,0.1374,-0.0145,-0.0200,-0.0092,-0.0500,-0.1738,0.0022,0.0411,0.1888,-2.0087,-3.4401,2.8276,88.6255,-47.2155,-96.2862
207553365,0.0019,-0.0085,0.0666,0.1255,0.0106,-0.0200,-0.0099,0.0200,-0.1737,0.0031,0.0371,0.1769,-1.4980,-3.4401,2.0042,88.6253,-47.2362,-96.2865
207558365,0.0025,-0.0080,0.0837,0.1100,-0.0243,0.0308,-0.0155,0.0200,-0.1733,0.0039,0.0757,0.1606,-1.2195,-3.3884,0.9763,88.6255,-47.2489,-96.3017
207563365,0.0030,-0.0075,0.0831,0.0831,-0.0771,0.0334,-0.0210,-0.0094,-0.1729,0.0045,0.0742,0.1156,-0.8945,-2.5106,-0.3310,88.6256,-47.2488,-96.3284
207568365,0.0036,-0.0071,0.0803,0.0571,-0.0569,0.0329,-0.0259,-0.0048,-0.1727,0.0049,0.0485,0.0827,0.6645,-2.0459,-0.3310,88.6555,-47.2486,-96.3295
207573365,0.0039,-0.0069,0.0589,0.0052,0.1123,0.0265,-0.0372,0.0500,-0.1725,0.0050,0.0248,0.0231,1.0521,-1.5295,-0.3310,88.6694,-47.2489,-96.3317
207578365,0.0040,-0.0073,-0.0180,-0.0910,0.1263,0.0078,-0.0502,0.0500,-0.1728,0.0047,-0.0484,-0.0697,1.0521,-1.4262,-0.3310,88.6736,-47.2525,-96.3328
207583365,0.0040,-0.0079,-0.0455,-0.1161,0.1141,0.0010,-0.0540,0.0500,-0.1732,0.0042,-0.0759,-0.0948,1.0521,-1.4262,-2.1663,88.6799,-47.2611,-96.3795
207588365,0.0038,-0.0087,-0.0571,-0.1121,0.1092,-0.0500,-0.0540,0.0500,-0.1736,0.0037,-0.0875,-0.0908,1.0521,-1.4262,-2.1663,88.6841,-47.2668,-96.3866
207593365,0.0034,-0.0095,-0.0675,-0.1026,0.0820,-0.0500,-0.0529,-0.0200,-0.1740,0.0033,-0.0802,-0.0805,1.0521,-1.4812,-2.1663,88.6904,-47.2765,-96.4012
207598365,0.0032,-0.0102,-0.0648,-0.0822,0.0390,-0.0500,-0.0490,-0.0200,-0.1744,0.0031,-0.0840,-0.0485,1.0521,-2.2514,-2.1663,88.6946,-47.3002,-96.4082
207603365,0.0030,-0.0107,-0.0654,-0.0556,-0.0068,-0.0500,-0.0445,0.0509,-0.1749,0.0029,-0.0908,-0.0327,1.0521,-2.2514,-0.7234,88.7009,-47.3137,-96.3912
207608364,0.0027,-0.0113,-0.0910,-0.0715,-0.0508,0.0200,-0.0439,0.0591,-0.1755,0.0028,-0.1160,-0.0232,1.0521,-3.0790,0.1573,88.7051,-47.3409,-96.3738
207613365,0.0022,-0.0116,-0.1112,-0.0852,-0.0139,0.0200,-0.0449,0.0661,-0.1761,0.0026,-0.1361,-0.0369,-1.0521,-3.0790,0.1573,88.6645,-47.3593,-96.3728
207618365,0.0017,-0.0120,-0.0980,-0.0467,0.0536,-0.0192,-0.0397,0.0569,-0.1767,0.0027,-0.1079,0.0087,-1.1075,-3.5538,0.1573,88.6590,-47.3828,-96.3722
207623364,0.0014,-0.0122,-0.0492,0.0067,0.0038,-0.0075,-0.0337,0.0411,-0.1770,0.0030,-0.0595,0.0629,-1.1075,-3.6097,0.1573,88.6523,-47.4052,-96.3712
207628365,0.0012,-0.0123,-0.0171,0.0437,0.0384,0.0000,-0.0296,0.0280,-0.1771,0.0035,-0.0193,0.1082,-1.8503,-4.1691,0.1573,88.6323,-47.4327,-96.3707
207633364,0.0015,-0.0120,0.0144,0.0638,0.0762,0.0500,-0.0291,0.0174,-0.1770,0.0042,0.0136,0.1342,-2.1288,-4.5569,0.1573,88.6141,-47.4659,-96.3696
207638365,0.0018,-0.0118,0.0348,0.0910,0.0613,0.0500,-0.0239,0.0094,-0.1770,0.0050,-0.0027,0.1614,-2.1288,-4.5569,0.1573,88.6056,-47.4887,-96.3691
207643365,0.0019,-0.0116,0.0305,0.1020,0.0439,0.0500,-0.0202,0.0065,-0.1771,0.0059,-0.0075,0.1731,-2.1288,-4.6085,0.1573,88.5928,-47.5081,-96.3680
207648365,0.0022,-0.0112,0.0357,0.1249,0.0341,0.0500,-0.0149,-0.0008,-0.1771,0.0068,-0.0023,0.1961,-1.8596,-4.6085,0.1573,88.5900,-47.5357,-96.3675
207653365,0.0025,-0.0107,0.0574,0.1506,0.0619,-0.0200,-0.0118,-0.0500,-0.1770,0.0079,0.0227,0.2160,-1.3749,-4.2234,0.1573,88.5900,-47.5459,-96.3665
207658365,0.0027,-0.0101,0.0724,0.1622,0.0976,-0.0200,-0.0101,-0.0500,-0.1768,0.0090,0.0363,0.2252,-1.1595,-4.2234,0.1573,88.5892,-47.5712,-96.3660
207663364,0.0032,-0.0092,0.0577,0.1674,0.1010,0.0246,-0.0057,-0.0500,-0.1766,0.0102,0.0369,0.2290,-0.8364,-4.1261,0.1573,88.5898,-47.5862,-96.3649
207668364,0.0033,-0.0084,-0.0278,0.1600,0.1077,0.0036,0.0500,-0.0500,-0.1768,0.0112,-0.0460,0.2122,-0.6748,-3.4932,0.1573,88.5900,-47.5956,-96.3644
207673365,0.0031,-0.0078,-0.0932,0.1460,0.1138,-0.0500,0.0500,0.0200,-0.1772,0.0120,-0.0843,0.1460,-0.5132,-3.4932,0.1573,88.5897,-47.6096,-96.3633
207678364,0.0026,-0.0072,-0.1374,0.1258,0.0976,-0.0500,0.0500,0.0200,-0.1779,0.0126,-0.1374,0.1258,-0.4055,-3.0712,-0.4195,88.5896,-47.6216,-96.3755
