Time_us,Roll,Pitch,GyroX,GyroY,GyroZ,T1,T2,T3,PhiX,PhiY,PhiDX,PhiDY,motor_vel_1,motor_vel_2,motor_vel_3,motor_pos_1,motor_pos_2,motor_pos_3
213270051,0.1282,-0.0438,0.0174,0.0122,0.0329,-0.0500,0.0500,-0.1104,0.0001,0.0001,0.0174,0.0122,0.0000,0.0000,0.0000,88.5903,-47.5454,-96.3753
213273364,0.1283,-0.0440,0.0180,0.0092,0.0332,-0.0500,-0.0200,-0.1093,0.0002,0.0001,0.0180,0.0092,0.0000,0.0000,0.0000,88.5903,-47.5454,-96.3753
213278365,0.1283,-0.0441,0.0171,0.0089,0.0338,0.0200,-0.0200,-0.1086,0.0003,0.0002,0.0171,0.0089,0.0000,0.0000,0.0000,88.5903,-47.5454,-96.3753
213283365,0.1284,-0.0443,0.0202,0.0116,0.0396,0.0200,-0.0500,-0.1093,0.0004,0.0002,0.0201,0.0116,0.0000,0.0000,0.0000,88.5903,-47.5454,-96.3753
213288364,0.1287,-0.0444,0.0180,0.0214,0.0347,0.0500,-0.0500,-0.1112,0.0005,0.0003,0.0180,0.0214,0.0000,0.0000,0.0000,88.5903,-47.5454,-96.3753
213293365,0.1289,-0.0445,0.0315,0.0287,-0.0230,0.0500,-0.0500,-0.1125,0.0006,0.0004,0.0234,0.0150,-0.0539,0.0000,-0.9765,88.5892,-47.5454,-96.3960
213298364,0.1289,-0.0444,0.0342,0.0165,-0.0746,0.0500,-0.0500,-0.1092,0.0007,0.0004,0.0209,-0.0061,-0.0539,-0.9249,-1.6112,88.5888,-47.5649,-96.4178
213303364,0.1293,-0.0445,0.0516,-0.0229,-0.1483,0.0500,0.0200,-0.1005,0.0008,0.0000,0.0269,-0.0649,-0.0539,-1.8985,-2.9957,88.5886,-47.5907,-96.4552
213308364,0.1295,-0.0448,0.0403,-0.0632,-0.1791,-0.0200,0.0200,-0.0879,0.0008,-0.0006,0.0065,-0.1206,0.0000,-1.9513,-4.0932,88.5897,-47.6032,-96.4965
213313364,0.1297,-0.0454,0.0165,-0.0999,-0.2002,-0.0200,-0.2000,-0.0759,0.0006,-0.0012,-0.0471,-0.1277,0.0000,-2.6899,-4.9726,88.5897,-47.6280,-96.5316
213318365,0.1299,-0.0462,0.0064,-0.1481,-0.2521,0.2000,-0.2000,-0.0596,0.0003,-0.0022,-0.0661,-0.1911,0.0000,-2.6899,-6.0557,88.5897,-47.6441,-96.5863
213323365,0.1298,-0.0472,-0.0299,-0.1723,-0.2408,0.2000,-0.2000,-0.0464,-0.0003,-0.0032,-0.1159,-0.2116,0.0000,-3.5848,-6.7898,88.5897,-47.6741,-96.6260
213328364,0.1295,-0.0484,-0.0339,-0.1823,-0.2353,0.2000,-0.2000,-0.0376,-0.0009,-0.0044,-0.1268,-0.2337,0.0000,-3.5848,-7.6461,88.5897,-47.6956,-96.6863
213333364,0.1291,-0.0495,-0.0339,-0.1988,-0.2839,0.2000,-0.2000,-0.0286,-0.0016,-0.0056,-0.1328,-0.2519,0.0000,-3.8757,-8.0891,88.5897,-47.7162,-96.7272
213338365,0.1288,-0.0507,-0.0195,-0.2046,-0.3382,0.2000,-0.2000,-0.0231,-0.0022,-0.0069,-0.1289,-0.2617,0.0000,-4.3404,-8.8946,88.5897,-47.7490,-96.7944
213343365,0.1287,-0.0519,-0.0021,-0.2175,-0.3874,0.2000,-0.2000,-0.0170,-0.0028,-0.0083,-0.1136,-0.2784,0.0000,-4.3404,-9.1705,88.5897,-47.7664,-96.8359
213348364,0.1288,-0.0534,0.0000,-0.2153,-0.4250,0.2000,-0.2000,-0.0125,-0.0035,-0.0096,-0.1465,-0.2497,1.1142,-6.1519,-9.2229,88.6135,-47.8341,-96.8921
213353365,0.1288,-0.0549,-0.0006,-0.1973,-0.4699,0.2000,-0.2000,-0.0107,-0.0044,-0.0107,-0.1646,-0.2188,1.6249,-7.0934,-9.3206,88.6299,-47.8797,-96.9311
213358365,0.1287,-0.0563,-0.0110,-0.1658,-0.5019,0.2000,-0.2000,-0.0119,-0.0055,-0.0114,-0.2186,-0.1486,2.9539,-9.5979,-9.2652,88.6714,-47.9796,-96.9857
213363364,0.1286,-0.0574,-0.0348,-0.1164,-0.5206,0.2000,-0.2000,-0.0158,-0.0069,-0.0118,-0.2783,-0.0696,4.3979,-11.2412,-8.8993,88.7148,-48.0539,-97.0147
213368364,0.1283,-0.0583,-0.0531,-0.0702,-0.5371,0.2000,-0.2000,-0.0203,-0.0086,-0.0117,-0.3482,0.0124,6.2868,-13.5529,-8.8025,88.7839,-48.1746,-97.0658
213373365,0.1278,-0.0589,-0.1045,-0.0055,-0.5426,0.2000,-0.2000,-0.0251,-0.0107,-0.0112,-0.4298,0.0971,7.4791,-14.7996,-8.6922,88.8347,-48.2565,-97.0985
213378365,0.1270,-0.0591,-0.1805,0.0443,-0.5258,0.2000,-0.2000,-0.0244,-0.0135,-0.0103,-0.5511,0.1756,9.4708,-16.4110,-8.3251,88.9256,-48.3828,-97.1424
213383365,0.1260,-0.0589,-0.2266,0.1029,-0.4821,0.2000,-0.2000,-0.0295,-0.0167,-0.0091,-0.6344,0.2454,11.1258,-17.3022,-8.4227,88.9999,-48.4679,-97.1778
213388364,0.1246,-0.0588,-0.2960,0.1155,-0.4922,0.2000,-0.2000,-0.0202,-0.0204,-0.0078,-0.7520,0.2705,13.3897,-18.2795,-8.4781,89.1187,-48.5941,-97.2297
213393364,0.1230,-0.0585,-0.3302,0.1197,-0.5242,0.2000,-0.2000,-0.0135,-0.0245,-0.0064,-0.8116,0.2819,14.6838,-18.7143,-8.3736,89.2006,-48.6767,-97.2613
213398365,0.1213,-0.0584,-0.3351,0.1399,-0.5627,0.2000,-0.2000,-0.0131,-0.0287,-0.0048,-0.8499,0.3089,16.3015,-19.2767,-8.4220,89.3260,-48.8018,-97.3127
213403364,0.1196,-0.0581,-0.3516,0.1509,-0.5881,0.2000,-0.2000,-0.0099,-0.0332,-0.0032,-0.8865,0.3214,17.2760,-19.5282,-8.5324,89.4125,-48.8844,-97.3489
213408365,0.1176,-0.0575,-0.3754,0.1747,-0.5780,0.2000,-0.2000,-0.0106,-0.0378,-0.0014,-0.9257,0.3545,18.2207,-19.7887,-8.1129,89.5373,-49.0075,-97.3906
213413365,0.1157,-0.0568,-0.3879,0.1924,-0.5811,0.2000,-0.2000,-0.0110,-0.0425,0.0004,-0.9466,0.3742,18.6292,-19.9411,-8.1129,89.6188,-49.0899,-97.4231
213418364,0.1137,-0.0563,-0.4160,0.1952,-0.6452,0.2000,-0.2000,-0.0052,-0.0475,0.0023,-0.9834,0.3820,19.2026,-20.0455,-7.8360,89.7437,-49.2117,-97.4656
213423365,0.1115,-0.0556,-0.4374,0.2083,-0.6660,0.2000,-0.2000,-0.0030,-0.0525,0.0043,-1.0080,0.3958,19.3623,-20.1005,-7.8360,89.8242,-49.2930,-97.4970
213428365,0.1093,-0.0547,-0.4527,0.2236,-0.5731,0.2000,-0.2000,-0.0045,-0.0576,0.0064,-1.0263,0.4197,19.7275,-20.1978,-7.3133,89.9491,-49.4159,-97.5309
213433365,0.1067,-0.0539,-0.5311,0.2422,-0.5804,0.2000,-0.2000,0.0500,-0.0632,0.0086,-1.1071,0.4433,19.8815,-20.3539,-7.1196,90.0315,-49.5002,-97.5557
213438364,0.1040,-0.0529,-0.5553,0.2782,-0.5966,0.2000,-0.2000,0.0500,-0.0685,0.0115,-1.0774,0.5818,20.0919,-20.4535,-6.7886,90.1558,-49.6247,-97.5909
213443364,0.1012,-0.0518,-0.5641,0.2963,-0.6088,0.2000,-0.1997,0.0500,-0.0740,0.0146,-1.0895,0.6007,20.2543,-20.5095,-6.7886,90.2397,-49.7077,-97.6181
213448364,0.0984,-0.0504,-0.5788,0.3195,-0.5942,0.2000,-0.1824,0.0500,-0.0795,0.0177,-1.1055,0.6247,20.3081,-20.5579,-5.6874,90.3624,-49.8320,-97.6330
213453365,0.0954,-0.0490,-0.6023,0.3454,-0.5817,0.1987,-0.1632,-0.0200,-0.0852,0.0209,-1.1293,0.6515,20.2992,-20.6066,-5.6874,90.4435,-49.9154,-97.6558
213458364,0.0924,-0.0476,-0.6240,0.3607,-0.6153,0.1814,-0.1454,-0.0200,-0.0909,0.0243,-1.1518,0.6668,20.3527,-20.6066,-4.3692,90.5667,-50.0390,-97.6600
213463364,0.0892,-0.0460,-0.6555,0.3699,-0.6486,0.1588,-0.1295,-0.0500,-0.0970,0.0274,-1.2121,0.6247,20.3062,-20.6066,-3.5880,90.6471,-50.1215,-97.6602
213468364,0.0856,-0.0443,-0.6781,0.3934,-0.6513,0.1409,-0.1059,-0.0500,-0.1030,0.0309,-1.2046,0.6988,20.3127,-20.5464,-2.6604,90.7691,-50.2435,-97.6602
213473365,0.0817,-0.0426,-0.7040,0.3992,-0.6641,0.1192,-0.0879,-0.0500,-0.1092,0.0344,-1.2296,0.7031,20.3102,-20.4398,-2.1721,90.8502,-50.3233,-97.6600
213478365,0.0780,-0.0409,-0.6836,0.4578,-0.8159,0.1117,-0.0625,-0.0500,-0.1152,0.0382,-1.2075,0.7602,20.2619,-20.3342,-1.5863,90.9707,-50.4434,-97.6596
213483365,0.0746,-0.0390,-0.6811,0.4936,-0.8880,0.0996,-0.0407,0.0200,-0.1212,0.0422,-1.2036,0.7952,20.2055,-20.2826,-1.3910,91.0506,-50.5237,-97.6615
213488365,0.0712,-0.0368,-0.6979,0.5159,-0.9360,0.0821,-0.0189,0.0200,-0.1273,0.0463,-1.2212,0.8158,20.3058,-20.1708,-1.3910,91.1742,-50.6429,-97.6699
213493365,0.0677,-0.0345,-0.7071,0.5205,-0.9604,0.0650,-0.0022,-0.0260,-0.1335,0.0503,-1.2435,0.8012,20.3658,-20.2267,-1.3910,91.2568,-50.7248,-97.6754
213498365,0.0642,-0.0323,-0.7077,0.5308,-1.0178,0.0518,0.0500,-0.0280,-0.1397,0.0543,-1.2421,0.8076,20.3732,-19.9647,-1.3910,91.3793,-50.8402,-97.6838
213503364,0.0606,-0.0301,-0.7187,0.5287,-1.1076,0.0484,0.0500,-0.0108,-0.1452,0.0568,-1.0914,0.4906,20.4267,-19.7537,-2.1109,91.4618,-50.9154,-97.7049
213508365,0.0571,-0.0278,-0.7144,0.5373,-1.1357,0.0356,0.0500,-0.0138,-0.1506,0.0593,-1.0879,0.4995,20.4830,-18.9746,-2.1109,91.5857,-51.0162,-97.7176
213513365,0.0536,-0.0254,-0.7251,0.5764,-1.1033,0.0183,0.0500,-0.0228,-0.1561,0.0619,-1.0984,0.5390,20.4815,-18.4244,-2.1109,91.6678,-51.0800,-97.7260
213518364,0.0499,-0.0228,-0.7584,0.6045,-1.0829,-0.0500,-0.0200,-0.0266,-0.1618,0.0648,-1.1306,0.5675,20.4316,-16.9880,-2.1109,91.7898,-51.1575,-97.7387
213523364,0.0460,-0.0198,-0.7834,0.6567,-1.1220,-0.0500,-0.0200,-0.0509,-0.1658,0.0679,-0.8012,0.6258,20.3778,-15.7574,-2.1109,91.8703,-51.1986,-97.7471
213528364,0.0419,-0.0167,-0.8225,0.6506,-1.1314,-0.0500,0.1351,-0.0574,-0.1706,0.0721,-0.9559,0.8407,19.9119,-14.0839,-1.5883,91.9818,-51.2550,-97.7480
213533364,0.0376,-0.0137,-0.8247,0.6271,-1.1134,-0.0500,0.1476,-0.0536,-0.1753,0.0761,-0.9455,0.8019,19.1884,-12.8446,-1.3270,92.0459,-51.2835,-97.7486
213538365,0.0334,-0.0108,-0.8357,0.5932,-1.1220,0.0200,0.1580,-0.0453,-0.1800,0.0798,-0.9417,0.7427,18.1218,-11.1392,-1.2747,92.1374,-51.3209,-97.7552
213543365,0.0293,-0.0080,-0.8344,0.5660,-1.2032,0.0200,0.1696,-0.0391,-0.1847,0.0833,-0.9320,0.6998,16.8840,-10.1169,-1.2747,92.1832,-51.3438,-97.7603
213548365,0.0251,-0.0053,-0.8451,0.5403,-1.3000,-0.1223,0.1922,-0.0200,-0.1907,0.0866,-1.1992,0.6462,15.4104,-8.7210,-1.5653,92.2515,-51.3734,-97.7738
213553364,0.0209,-0.0028,-0.8375,0.5156,-1.3483,-0.1345,0.2000,-0.0143,-0.1965,0.0895,-1.1629,0.5885,14.3289,-7.0328,-2.0981,92.2888,-51.3713,-97.7925
213558364,0.0167,-0.0004,-0.8128,0.4707,-1.3456,-0.1418,0.2000,-0.0073,-0.2020,0.0921,-1.0975,0.5169,12.8665,-5.2390,-2.0981,92.3394,-51.3720,-97.8051
213563365,0.0128,0.0017,-0.7822,0.4203,-1.3697,-0.1474,0.1995,0.0005,-0.2072,0.0944,-1.0364,0.4526,11.5740,-4.2894,-2.0981,92.3618,-51.3720,-97.8135
213568365,0.0089,0.0037,-0.7746,0.3800,-1.4237,-0.1567,0.2000,0.0500,-0.2121,0.0962,-0.9824,0.3713,9.7634,-2.0338,-2.5946,92.3908,-51.3462,-97.8383
213573365,0.0054,0.0053,-0.7324,0.3155,-1.2945,-0.1576,0.1907,0.0500,-0.2165,0.0978,-0.8880,0.3168,8.9971,-0.1040,-2.5946,92.4138,-51.3119,-97.8487
213578364,0.0019,0.0066,-0.6820,0.2575,-1.1785,-0.1555,0.1764,0.0500,-0.2204,0.0989,-0.7714,0.2156,6.6160,2.8036,-2.5946,92.4127,-51.2461,-97.8643
213583365,-0.0011,0.0074,-0.5907,0.1597,-1.1440,-0.1421,0.1489,0.0500,-0.2236,0.0993,-0.6402,0.0896,5.2568,4.7092,-2.5421,92.4095,-51.1933,-97.8736
213588364,-0.0040,0.0079,-0.5651,0.0706,-1.1608,-0.1421,0.1287,-0.0200,-0.2263,0.0991,-0.5522,-0.0408,3.0284,7.4855,-0.6250,92.3900,-51.1014,-97.8462
213593365,-0.0063,0.0079,-0.5226,-0.0137,-1.2023,-0.1365,0.1067,-0.0200,-0.2286,0.0984,-0.4585,-0.1519,0.9560,9.2913,0.4413,92.3562,-51.0317,-97.8249
213598364,-0.0086,0.0077,-0.4902,-0.0702,-1.1895,-0.1315,0.0902,0.0870,-0.2304,0.0973,-0.3479,-0.2192,-1.4649,11.7818,1.7490,92.3074,-50.9184,-97.7939
213603365,-0.0110,0.0073,-0.4643,-0.0593,-1.0975,-0.1323,0.0886,0.0858,-0.2317,0.0961,-0.2750,-0.2265,-3.2318,13.3602,2.0880,92.2626,-50.8366,-97.7790
213608364,-0.0132,0.0070,-0.4123,-0.0519,-1.1033,-0.1232,0.0837,0.0818,-0.2325,0.0950,-0.1617,-0.2335,-5.2109,15.4350,3.1855,92.1971,-50.7087,-97.7402
213613364,-0.0150,0.0069,-0.3409,-0.0235,-1.2063,-0.1083,0.0827,0.0719,-0.2328,0.0938,-0.0518,-0.2236,-6.8201,16.6834,3.1855,92.1408,-50.6195,-97.7275
213618364,-0.0162,0.0069,-0.2162,0.0388,-1.2518,-0.0771,0.0811,0.0440,-0.2322,0.0930,0.1242,-0.1721,-8.7732,18.0814,3.8501,92.0549,-50.4871,-97.6931
213623364,-0.0171,0.0068,-0.2327,0.0055,-1.1889,-0.0834,0.0754,0.0537,-0.2315,0.0919,0.1405,-0.2074,-10.0740,18.7564,4.3871,91.9911,-50.3996,-97.6667
213628364,-0.0183,0.0069,-0.2410,-0.0428,-1.0612,-0.0881,0.0649,0.0639,-0.2306,0.0907,0.1792,-0.2542,-11.9178,19.5914,5.3165,91.8883,-50.2674,-97.6194
213633365,-0.0193,0.0067,-0.1823,-0.0431,-1.0071,-0.0769,0.0574,0.0582,-0.2293,0.0894,0.2546,-0.2605,-12.6884,19.9993,5.3165,91.8233,-50.1799,-97.5981
213638364,-0.0200,0.0064,-0.1087,-0.0504,-1.0930,-0.0571,0.0465,0.0526,-0.2275,0.0880,0.3645,-0.2661,-14.2091,20.5296,5.9651,91.7118,-50.0477,-97.5507
213643365,-0.0201,0.0063,-0.0073,-0.0079,-1.1140,-0.0306,0.0426,0.0308,-0.2251,0.0869,0.4813,-0.2209,-14.7539,20.7848,6.4010,91.6432,-49.9600,-97.5167
213648365,-0.0198,0.0065,0.0443,0.0840,-1.0484,-0.0160,0.0550,0.0012,-0.2223,0.0863,0.5526,-0.1275,-15.5835,21.0509,6.7668,91.5354,-49.8292,-97.4692
213653364,-0.0191,0.0072,0.1442,0.1585,-0.9793,0.0500,0.0585,-0.0500,-0.2190,0.0861,0.6613,-0.0497,-15.8721,21.1575,7.0991,91.4668,-49.7428,-97.4345
213658365,-0.0184,0.0084,0.1698,0.2230,-0.9723,0.0500,0.0778,-0.0500,-0.2172,0.0856,0.3531,-0.0901,-15.8881,21.1544,7.2455,91.3708,-49.6160,-97.3885
213663365,-0.0175,0.0094,0.2019,0.1823,-0.8779,0.0500,0.0655,-0.0500,-0.2153,0.0849,0.3853,-0.1309,-15.5649,21.1607,7.1407,91.3142,-49.5314,-97.3619
213668365,-0.0160,0.0105,0.3082,0.1790,-0.7234,0.0500,0.0503,-0.0500,-0.2129,0.0843,0.4908,-0.1329,-14.6253,21.0563,6.7545,91.2420,-49.4067,-97.3269
213673365,-0.0143,0.0111,0.3485,0.1677,-0.6693,-0.0200,0.0410,0.0200,-0.2102,0.0836,0.5313,-0.1445,-13.5539,21.0604,5.5409,91.2067,-49.3223,-97.3267
213678365,-0.0125,0.0121,0.3344,0.1686,-0.6718,-0.0200,0.0429,0.0200,-0.2076,0.0829,0.5160,-0.1416,-11.9973,20.9118,4.1066,91.1625,-49.1991,-97.3266
213683364,-0.0107,0.0130,0.3222,0.1463,-0.5872,0.0750,0.0337,-0.0862,-0.2041,0.0823,0.7067,-0.1125,-10.2253,20.7471,3.3343,91.1534,-49.1190,-97.3272
213688364,-0.0091,0.0138,0.3063,0.1222,-0.4314,0.0712,0.0293,-0.0840,-0.2009,0.0816,0.6359,-0.1468,-7.5672,20.5461,2.4516,91.1530,-48.9993,-97.3275
213693364,-0.0076,0.0143,0.2874,0.0748,-0.3187,0.0699,0.0193,-0.0769,-0.1979,0.0806,0.6016,-0.1957,-7.0689,20.1972,2.0103,91.1344,-48.9250,-97.3273
213698364,-0.0063,0.0145,0.2926,0.0562,-0.2802,0.0733,0.0136,-0.0761,-0.1950,0.0795,0.5721,-0.2133,-5.5833,19.6278,1.5138,91.1253,-48.8169,-97.3267
213703365,-0.0049,0.0146,0.2737,0.0684,-0.2817,0.0725,0.0170,-0.0787,-0.1924,0.0785,0.5305,-0.2006,-4.5619,19.3078,1.2380,91.1255,-48.7452,-97.3268
213708365,-0.0033,0.0149,0.2712,0.0589,-0.1241,0.0731,0.0130,-0.0813,-0.1900,0.0775,0.4873,-0.2042,-2.7206,18.5781,0.9070,91.1394,-48.6461,-97.3270
213713364,-0.0022,0.0153,0.1943,0.0412,-0.0478,0.0545,0.0185,-0.0712,-0.1881,0.0764,0.3770,-0.2169,-1.1147,18.0668,0.7415,91.1640,-48.5828,-97.3270
213718365,-0.0013,0.0154,0.1796,-0.0092,-0.0230,0.0528,0.0085,-0.0605,-0.1863,0.0751,0.3448,-0.2629,-0.8378,17.1801,0.1565,91.1638,-48.4947,-97.3350
213723365,-0.0006,0.0152,0.1289,-0.0519,0.0295,0.0384,0.0040,-0.0436,-0.1851,0.0735,0.2445,-0.3204,0.8557,16.4887,-1.5207,91.1979,-48.4412,-97.3712
213728364,-0.0000,0.0149,0.1213,-0.1020,0.1407,0.0349,-0.0500,-0.0326,-0.1841,0.0717,0.2032,-0.3575,2.2093,15.4514,-1.6780,91.2342,-48.3657,-97.3844
213733365,0.0004,0.0143,0.1151,-0.1326,0.2564,0.0220,-0.0500,-0.0341,-0.1839,0.0708,0.0445,-0.1721,2.7735,14.5589,-2.6545,91.2561,-48.3232,-97.4127
213738364,0.0011,0.0133,0.1038,-0.1436,0.2735,0.0199,-0.0500,-0.0276,-0.1838,0.0699,0.0139,-0.1831,3.9004,13.6787,-2.6545,91.2996,-48.2561,-97.4286
213743365,0.0017,0.0126,0.0974,-0.1735,0.2131,0.0208,-0.0500,-0.0177,-0.1838,0.0689,-0.0026,-0.2131,4.4928,12.4394,-2.6545,91.3274,-48.2286,-97.4392
213748364,0.0021,0.0117,0.0709,-0.1943,0.2540,0.0145,0.0200,-0.0076,-0.1840,0.0677,-0.0421,-0.2380,5.1019,10.5971,-2.9314,91.3687,-48.1951,-97.4616
213753364,0.0026,0.0106,0.0470,-0.2107,0.3985,0.0081,0.0200,0.0000,-0.1844,0.0664,-0.0691,-0.2545,5.2876,9.7618,-2.9314,91.3935,-48.1709,-97.4733
213758365,0.0026,0.0094,-0.0272,-0.2227,0.3878,-0.0500,-0.0303,0.0500,-0.1848,0.0645,-0.0848,-0.3737,5.5091,7.1889,-2.9314,91.4304,-48.1716,-97.4909
213763364,0.0025,0.0082,-0.0733,-0.2022,0.3453,-0.0500,-0.0232,0.0500,-0.1849,0.0631,-0.0227,-0.2895,5.5091,5.8465,-2.7223,91.4524,-48.1724,-97.4983
213768364,0.0021,0.0072,-0.1112,-0.1744,0.3508,-0.0500,-0.0149,0.0500,-0.1852,0.0618,-0.0640,-0.2558,5.1347,5.4550,-2.0429,91.4767,-48.1472,-97.4989
213773365,0.0015,0.0063,-0.1527,-0.1500,0.4180,-0.0500,-0.0072,0.0500,-0.1858,0.0606,-0.1055,-0.2314,5.1347,5.4550,-1.6771,91.4973,-48.1254,-97.4989
213778364,0.0008,0.0054,-0.1820,-0.1414,0.4528,0.0200,-0.0020,-0.0200,-0.1865,0.0596,-0.1463,-0.2031,3.8651,4.1361,-1.2068,91.4989,-48.1227,-97.4981
213783365,-0.0002,0.0045,-0.2059,-0.1200,0.4119,0.0200,0.0500,-0.0200,-0.1874,0.0588,-0.1765,-0.1707,3.1598,3.3975,-0.3823,91.4988,-48.1225,-97.4856
213788364,-0.0012,0.0038,-0.2031,-0.0987,0.3636,-0.0629,0.0500,0.0316,-0.1885,0.0584,-0.2324,-0.0805,2.3135,2.5006,1.2184,91.4982,-48.1228,-97.4492
213793365,-0.0022,0.0032,-0.1741,-0.0684,0.3566,-0.0589,0.0500,0.0251,-0.1895,0.0581,-0.1961,-0.0502,1.8903,2.0258,1.2184,91.4983,-48.1232,-97.4443
213798365,-0.0030,0.0029,-0.1448,-0.0177,0.3994,-0.0523,0.0500,0.0103,-0.1902,0.0582,-0.1256,0.0107,-0.1604,1.4982,1.9019,91.4630,-48.1231,-97.4228
213803364,-0.0036,0.0029,-0.0993,0.0464,0.3841,-0.0427,-0.0200,-0.0500,-0.1905,0.0586,-0.0759,0.0821,-0.1604,1.2344,2.3901,91.4623,-48.1229,-97.4038
213808365,-0.0042,0.0033,-0.0932,0.0617,0.3847,-0.0452,-0.0200,-0.0500,-0.1910,0.0589,-0.0904,0.0617,-0.1604,1.2344,2.3901,91.4613,-48.1155,-97.3894
213813364,-0.0047,0.0036,-0.0880,0.0452,0.4318,-0.0457,0.0357,-0.0500,-0.1914,0.0590,-0.0745,0.0268,-0.1604,1.2344,2.8621,91.4607,-48.1105,-97.3695
213818365,-0.0052,0.0039,-0.0843,0.0287,0.4553,-0.0458,0.0323,-0.0500,-0.1916,0.0591,-0.0546,0.0052,-0.9357,1.5752,2.8621,91.4436,-48.0962,-97.3523
213823365,-0.0056,0.0039,-0.0370,-0.0003,0.4394,-0.0331,0.0195,0.0200,-0.1915,0.0589,0.0180,-0.0296,-2.2093,1.9646,2.8621,91.4112,-48.0807,-97.3409
213828365,-0.0058,0.0038,-0.0006,0.0040,0.3911,-0.0241,0.0168,0.0200,-0.1913,0.0588,0.0543,-0.0253,-2.2093,1.9646,2.6966,91.3980,-48.0690,-97.3271
213833364,-0.0056,0.0037,0.0483,0.0061,0.2961,-0.0075,0.0123,-0.0162,-0.1906,0.0588,0.1358,0.0097,-2.9985,1.9646,2.2001,91.3718,-48.0611,-97.3272
213838364,-0.0053,0.0036,0.0617,-0.0318,0.2665,-0.0028,0.0017,-0.0091,-0.1899,0.0586,0.1444,-0.0365,-2.9985,1.9646,1.6484,91.3538,-48.0493,-97.3268
213843365,-0.0049,0.0035,0.0651,-0.0528,0.3414,-0.0016,-0.0500,-0.0059,-0.1891,0.0583,0.1435,-0.0600,-2.9985,1.7996,1.3174,91.3418,-48.0449,-97.3274
213848365,-0.0044,0.0029,0.0819,-0.1445,0.3478,0.0020,-0.0500,0.0500,-0.1885,0.0577,0.1299,-0.1298,-2.2984,1.3595,0.9864,91.3397,-48.0443,-97.3271
213853365,-0.0041,0.0022,0.0785,-0.1622,0.3294,0.0019,-0.0500,0.0500,-0.1879,0.0569,0.1171,-0.1622,-2.2446,1.0844,0.8209,91.3318,-48.0450,-97.3268
213858365,-0.0036,0.0011,0.0718,-0.1717,0.3731,0.0018,-0.0500,0.0500,-0.1874,0.0560,0.1104,-0.1717,-2.2446,0.8093,0.6003,91.3184,-48.0448,-97.3270
213863364,-0.0031,0.0002,0.0538,-0.1506,0.4544,-0.0018,0.0200,0.0500,-0.1869,0.0553,0.0924,-0.1506,-2.2446,0.6443,0.4900,91.3094,-48.0452,-97.3270
213868364,-0.0028,-0.0006,0.0140,-0.1255,0.4403,-0.0105,0.0200,-0.0200,-0.1866,0.0546,0.0527,-0.1256,-2.2446,-0.9249,0.3796,91.2959,-48.0757,-97.3267
213873365,-0.0028,-0.0012,-0.0321,-0.0849,0.3423,-0.0218,-0.0168,-0.0200,-0.1867,0.0543,-0.0075,-0.0639,-2.1319,-1.4117,0.3245,91.2893,-48.0907,-97.3265
213878364,-0.0030,-0.0016,-0.0770,-0.0602,0.3221,-0.0348,-0.0050,0.0274,-0.1870,0.0542,-0.0689,-0.0210,-1.5685,-2.4141,0.2141,91.2895,-48.1204,-97.3271
213883365,-0.0033,-0.0020,-0.0956,-0.0336,0.4018,-0.0422,0.0017,0.0251,-0.1875,0.0543,-0.0937,0.0063,-1.2868,-2.5196,0.1590,91.2894,-48.1326,-97.3274
213888365,-0.0037,-0.0021,-0.1161,-0.0250,0.4724,-0.0503,0.0500,0.0261,-0.1881,0.0543,-0.1200,0.0148,-0.9487,-2.5196,0.1590,91.2895,-48.1477,-97.3265
213893364,-0.0041,-0.0022,-0.1289,-0.0254,0.4030,-0.0529,0.0500,0.0318,-0.1887,0.0542,-0.1146,-0.0238,-0.7797,-2.6315,0.1038,91.2895,-48.1600,-97.3271
213898365,-0.0047,-0.0023,-0.1588,-0.0211,0.3652,-0.0626,0.0500,0.0366,-0.1894,0.0541,-0.1479,-0.0187,-0.5543,-3.0790,0.1590,91.2899,-48.1872,-97.3251
213903364,-0.0053,-0.0024,-0.1768,-0.0101,0.3826,-0.0700,0.0500,0.0382,-0.1902,0.0541,-0.1669,-0.0077,-0.4980,-3.0790,0.1590,91.2890,-48.1995,-97.3245
213908365,-0.0063,-0.0026,-0.1790,0.0003,0.3991,-0.0748,-0.0200,0.0384,-0.1911,0.0541,-0.1690,0.0077,-0.3289,-2.7396,0.4980,91.2899,-48.2108,-97.3166
213913365,-0.0072,-0.0026,-0.1481,0.0095,0.4113,-0.0700,-0.0200,0.0323,-0.1917,0.0543,-0.1275,0.0372,-0.2726,-2.2548,1.8541,91.2898,-48.2112,-97.2845
213918364,-0.0080,-0.0025,-0.1097,0.0250,0.3698,-0.0628,0.0230,0.0256,-0.1922,0.0546,-0.0909,0.0561,-0.2726,-0.2225,1.8541,91.2882,-48.1794,-97.2734
213923364,-0.0083,-0.0026,-0.0455,0.0012,0.3392,-0.0470,0.0107,0.0233,-0.1923,0.0548,-0.0162,0.0374,-0.2726,0.2237,2.6380,91.2871,-48.1698,-97.2496
213928365,-0.0084,-0.0026,0.0137,0.0043,0.3756,-0.0329,0.0036,0.0149,-0.1920,0.0550,0.0435,0.0412,-0.2726,0.2237,2.6903,91.2855,-48.1685,-97.2324
213933365,-0.0082,-0.0027,0.0748,0.0205,0.3801,-0.0149,-0.0500,0.0028,-0.1914,0.0553,0.1248,0.0573,-1.4481,0.2237,2.6903,91.2591,-48.1676,-97.2217
213938365,-0.0077,-0.0027,0.1261,0.0415,0.3273,0.0010,-0.0500,-0.0500,-0.1905,0.0557,0.1815,0.0817,-1.8713,0.2237,2.6903,91.2397,-48.1662,-97.2055
213943365,-0.0068,-0.0025,0.1918,0.0861,0.3084,0.0500,-0.0500,-0.0500,-0.1894,0.0561,0.2241,0.0861,-1.8713,0.2237,2.4134,91.2322,-48.1654,-97.2027
213948365,-0.0059,-0.0021,0.2126,0.0956,0.3600,0.0500,-0.0500,-0.0500,-0.1883,0.0566,0.2126,0.0956,-1.8713,0.2237,2.4134,91.2210,-48.1640,-97.1864
213953364,-0.0046,-0.0017,0.2153,0.0913,0.3658,0.0500,0.0200,-0.0500,-0.1872,0.0570,0.2153,0.0913,-1.8178,0.2237,2.4134,91.2146,-48.1631,-97.1785
213958365,-0.0034,-0.0013,0.2013,0.0712,0.3010,0.0500,0.0200,0.0200,-0.1862,0.0574,0.2013,0.0712,-1.3365,0.1119,1.3058,91.2146,-48.1640,-97.1857
213963365,-0.0024,-0.0010,0.1619,0.0495,0.2769,-0.0200,-0.0116,0.0200,-0.1854,0.0577,0.1595,0.0536,-1.1225,-0.2797,0.3089,91.2140,-48.1728,-97.2034
213968364,-0.0016,-0.0009,0.1029,0.0278,0.3377,-0.0200,-0.0104,-0.0175,-0.1849,0.0578,0.1027,0.0357,0.0940,-0.2797,0.2536,91.2334,-48.1744,-97.2026
213973364,-0.0011,-0.0008,0.0513,0.0150,0.3679,0.0024,-0.0075,-0.0090,-0.1847,0.0579,0.0360,0.0221,0.8464,-0.2797,0.1982,91.2510,-48.1756,-97.2030
213978364,-0.0009,-0.0009,0.0089,-0.0064,0.3181,-0.0500,-0.0060,0.0019,-0.1849,0.0579,-0.0267,0.0003,0.8464,-1.4432,-0.9930,91.2561,-48.2022,-97.2264
213983365,-0.0008,-0.0010,-0.0254,0.0122,0.2387,-0.0500,0.0500,0.0500,-0.1852,0.0580,-0.0582,0.0099,2.2550,-1.8310,-1.9859,91.2901,-48.2171,-97.2515
213988364,-0.0009,-0.0012,-0.0379,0.0012,0.2210,-0.0500,0.0500,0.0500,-0.1854,0.0580,-0.0379,0.0012,2.2550,-1.8310,-1.9859,91.3037,-48.2280,-97.2649
213993364,-0.0014,-0.0011,-0.1390,0.0052,0.2952,-0.0500,0.0500,0.0500,-0.1861,0.0580,-0.1390,0.0052,2.2550,-1.8310,-1.9859,91.3127,-48.2354,-97.2714
213998364,-0.0022,-0.0012,-0.1936,-0.0257,0.2561,0.0200,0.0500,0.0500,-0.1870,0.0579,-0.1936,-0.0257,2.2550,-1.8310,-1.9859,91.3262,-48.2464,-97.2848
214003364,-0.0033,-0.0013,-0.2297,-0.0473,0.1990,0.0200,-0.0200,-0.0200,-0.1882,0.0577,-0.2297,-0.0473,2.0296,-1.5728,-1.7438,91.3307,-48.2482,-97.2860
214008364,-0.0045,-0.0018,-0.2053,-0.0764,0.2256,-0.0722,-0.0200,-0.0200,-0.1892,0.0573,-0.1994,-0.0764,-0.3381,-0.6813,-0.7330,91.2877,-48.2382,-97.2754
214013365,-0.0055,-0.0023,-0.1628,-0.0916,0.2809,-0.0653,-0.0006,0.0551,-0.1899,0.0568,-0.1457,-0.0924,-0.3381,0.6787,0.6271,91.2863,-48.2108,-97.2485
214018365,-0.0062,-0.0028,-0.1106,-0.0962,0.3111,-0.0555,-0.0500,0.0524,-0.1904,0.0563,-0.0935,-0.0969,-0.3381,0.6787,0.6271,91.2843,-48.2068,-97.2442
214023364,-0.0065,-0.0033,-0.1005,-0.1005,0.2827,-0.0541,-0.0500,0.0544,-0.1908,0.0559,-0.0893,-0.0911,-0.3381,0.6787,0.6271,91.2830,-48.2041,-97.2422
214028365,-0.0069,-0.0038,-0.1347,-0.0999,0.2253,-0.0618,-0.0500,0.0608,-0.1913,0.0554,-0.0981,-0.0873,-1.7017,1.9652,0.8487,91.2513,-48.1725,-97.2335
214033364,-0.0074,-0.0044,-0.1316,-0.1075,0.1950,-0.0613,-0.0500,0.0636,-0.1917,0.0551,-0.0820,-0.0750,-1.7957,2.0211,2.1778,91.2422,-48.1633,-97.2019
214038365,-0.0078,-0.0051,-0.0589,-0.1093,0.1523,-0.0440,0.0200,0.0581,-0.1917,0.0547,-0.0044,-0.0732,-1.9562,1.2381,2.4219,91.2282,-48.1675,-97.1823
214043365,-0.0080,-0.0059,-0.0144,-0.1356,0.0768,-0.0313,0.0200,0.0611,-0.1914,0.0543,0.0574,-0.0871,-2.5445,0.8465,3.2519,91.2067,-48.1715,-97.1560
214048365,-0.0076,-0.0064,0.0370,-0.0938,0.1175,-0.0163,-0.0335,0.0453,-0.1908,0.0541,0.1208,-0.0427,-2.5445,0.6228,4.0385,91.1915,-48.1717,-97.1162
214053365,-0.0072,-0.0069,0.0831,-0.0385,0.1880,-0.0027,-0.0311,0.0266,-0.1899,0.0541,0.1813,0.0142,-3.4305,0.5109,4.0385,91.1626,-48.1717,-97.1031
214058365,-0.0067,-0.0071,0.1090,0.0168,0.1914,0.0500,-0.0210,0.0089,-0.1890,0.0547,0.1946,0.1061,-3.4305,-1.4544,4.5349,91.1420,-48.2127,-97.0642
214063364,-0.0061,-0.0068,0.1475,0.0819,0.2238,0.0500,-0.0101,-0.0500,-0.1881,0.0555,0.1739,0.1713,-3.4305,-1.4544,4.5349,91.1283,-48.2185,-97.0495
214068365,-0.0051,-0.0063,0.2159,0.1237,0.2916,0.0500,-0.0138,-0.0500,-0.1871,0.0562,0.2035,0.1453,-2.6412,-1.4544,4.9224,91.1256,-48.2272,-97.0089
214073365,-0.0039,-0.0058,0.2569,0.1668,0.2852,0.0500,-0.0100,-0.0500,-0.1859,0.0572,0.2444,0.1884,-2.1770,-1.4544,4.6088,91.1253,-48.2331,-96.9994
214078365,-0.0023,-0.0050,0.2682,0.1933,0.2213,-0.0200,-0.0052,-0.0500,-0.1846,0.0583,0.2557,0.2150,-1.6199,-1.4544,4.3998,91.1252,-48.2418,-96.9737
214083364,-0.0013,-0.0039,0.1707,0.2563,0.2149,-0.0200,0.0500,0.0200,-0.1838,0.0596,0.1582,0.2779,-0.0319,-1.4544,4.3998,91.1532,-48.2476,-96.9594
214088364,-0.0005,-0.0027,0.0971,0.2621,0.2638,0.0182,0.0500,0.0200,-0.1833,0.0610,0.0885,0.2621,0.4984,-1.0929,3.4029,91.1669,-48.2482,-96.9525
214093365,-0.0002,-0.0014,0.0351,0.2370,0.2131,0.0065,0.0500,-0.0566,-0.1831,0.0623,0.0497,0.2773,0.4984,-0.8864,2.6986,91.1689,-48.2481,-96.9564
214098364,-0.0001,-0.0004,-0.0043,0.1912,0.1746,-0.0500,0.0500,-0.0405,-0.1833,0.0633,-0.0425,0.1925,2.2633,-0.6799,0.0855,91.2107,-48.2486,-96.9998
214103365,-0.0001,0.0005,-0.0052,0.1521,0.2241,-0.0500,-0.0200,-0.0370,-0.1833,0.0641,-0.0045,0.1534,2.3702,-0.5249,0.0855,91.2223,-48.2480,-96.9995
214108365,-0.0003,0.0012,-0.0400,0.1115,0.2824,-0.0500,-0.0200,-0.0266,-0.1835,0.0646,-0.0400,0.1115,2.3702,-0.3732,0.0000,91.2366,-48.2478,-97.0000
214113365,-0.0004,0.0015,-0.0672,0.0925,0.3105,-0.0500,0.0289,-0.0192,-0.1838,0.0650,-0.0555,0.0723,2.3702,1.3574,0.0000,91.2460,-48.2101,-97.0000
214118365,-0.0006,0.0020,-0.0867,0.1063,0.3261,0.0200,0.0362,-0.0212,-0.1842,0.0654,-0.0750,0.0861,1.8530,1.3574,0.0000,91.2486,-48.2047,-97.0000
214123364,-0.0012,0.0024,-0.0806,0.1216,0.2897,0.0200,0.0412,-0.0241,-0.1846,0.0659,-0.0746,0.0865,1.5239,1.5252,-0.8234,91.2488,-48.1932,-97.0173
214128364,-0.0017,0.0026,-0.1032,0.0162,0.2112,-0.0351,0.0222,0.0500,-0.1850,0.0656,-0.0966,-0.0445,0.0000,2.4202,-1.6467,91.2246,-48.1665,-97.0442
214133364,-0.0022,0.0025,-0.0834,-0.0519,0.1993,-0.0299,0.0062,0.0500,-0.1853,0.0652,-0.0533,-0.0880,-0.5348,2.4202,-1.6467,91.2122,-48.1520,-97.0493
214138364,-0.0025,0.0021,-0.0519,-0.1078,0.2213,-0.0235,-0.0500,0.0500,-0.1854,0.0645,-0.0219,-0.1439,-0.5348,2.4202,-1.6467,91.2090,-48.1423,-97.0606
214143364,-0.0030,0.0014,-0.0657,-0.1545,0.2338,-0.0307,-0.0500,0.0500,-0.1857,0.0637,-0.0565,-0.1546,-0.5348,2.8950,-1.6467,91.2068,-48.1173,-97.0658
214148365,-0.0032,0.0005,-0.0635,-0.1918,0.2378,-0.0312,-0.0500,-0.0200,-0.1860,0.0627,-0.0543,-0.1918,-0.5348,2.8950,-1.5915,91.2036,-48.1057,-97.0760
214153365,-0.0035,-0.0004,-0.0345,-0.2086,0.2735,-0.0237,-0.0500,-0.0200,-0.1860,0.0617,-0.0024,-0.2086,-1.8638,2.8950,-1.3157,91.1725,-48.0883,-97.0762
214158365,-0.0036,-0.0016,0.0012,-0.2092,0.2684,-0.0145,0.0200,0.0529,-0.1858,0.0607,0.0425,-0.2049,-2.2514,2.4082,0.2906,91.1559,-48.0874,-97.0483
214163364,-0.0036,-0.0028,0.0211,-0.1924,0.1569,-0.0075,0.0200,0.0515,-0.1854,0.0598,0.0674,-0.1795,-2.2514,0.5861,0.8718,91.1424,-48.1134,-97.0337
214168365,-0.0034,-0.0039,0.0257,-0.1729,0.0521,-0.0041,-0.0494,0.0515,-0.1851,0.0590,0.0725,-0.1608,-2.2514,0.0586,0.8718,91.1334,-48.1232,-97.0284
214173365,-0.0030,-0.0045,0.0418,-0.0580,0.1453,-0.0002,-0.0300,0.0246,-0.1846,0.0587,0.0839,-0.0459,-1.9729,0.0586,0.8718,91.1258,-48.1229,-97.0250
214178365,-0.0030,-0.0050,-0.0211,-0.0623,0.1184,-0.0154,-0.0237,0.0345,-0.1845,0.0586,0.0239,-0.0338,-1.6015,0.0586,1.9693,91.1260,-48.1227,-96.9938
214183364,-0.0031,-0.0054,-0.0544,-0.0425,0.1474,-0.0258,-0.0146,0.0348,-0.1847,0.0586,-0.0286,0.0069,-1.1837,-1.3424,1.9693,91.1259,-48.1524,-96.9859
214188364,-0.0033,-0.0057,-0.0611,-0.0049,0.2366,-0.0305,-0.0060,0.0273,-0.1849,0.0589,-0.0457,0.0570,-0.9980,-2.1814,1.9693,91.1253,-48.1770,-96.9741
214193365,-0.0037,-0.0059,-0.0663,0.0119,0.2858,-0.0337,-0.0016,0.0243,-0.1851,0.0593,-0.0490,0.0854,-0.7194,-2.1814,2.7446,91.1257,-48.1901,-96.9493
214198364,-0.0041,-0.0059,-0.0712,0.0464,0.3071,-0.0370,0.0500,0.0181,-0.1854,0.0599,-0.0563,0.1199,-0.5802,-2.1814,2.7446,91.1259,-48.1989,-96.9328
214203365,-0.0045,-0.0057,-0.0449,0.0562,0.3050,-0.0307,0.0500,0.0143,-0.1855,0.0604,-0.0133,0.0979,-0.4409,-2.1329,2.7934,91.1256,-48.2110,-96.9209
214208365,-0.0047,-0.0053,-0.0110,0.0825,0.2540,-0.0221,0.0500,0.0033,-0.1854,0.0611,0.0223,0.1300,-0.3480,-1.7451,3.1840,91.1258,-48.2110,-96.8942
214213364,-0.0047,-0.0049,0.0134,0.0910,0.2054,-0.0158,0.0500,-0.0018,-0.1852,0.0618,0.0452,0.1386,-0.2552,-1.3087,3.1840,91.1258,-48.2114,-96.8815
214218364,-0.0047,-0.0047,0.0214,0.0956,0.2943,-0.0152,-0.0200,-0.0500,-0.1849,0.0624,0.0474,0.1345,-0.2088,-1.0663,2.6072,91.1258,-48.2113,-96.8750
214223365,-0.0045,-0.0042,0.0605,0.1329,0.3829,-0.0076,-0.0200,-0.0500,-0.1846,0.0631,0.0633,0.1329,-0.1623,-0.7755,2.6072,91.1256,-48.2110,-96.8620
214228364,-0.0044,-0.0038,0.0553,0.1219,0.3374,-0.0077,0.0106,-0.0500,-0.1843,0.0637,0.0587,0.1194,-0.1159,0.1678,2.6072,91.1259,-48.1944,-96.8516
214233364,-0.0040,-0.0032,0.0455,0.0867,0.2461,-0.0069,0.0051,-0.0500,-0.1840,0.0640,0.0586,0.0676,-0.1159,1.2865,2.6072,91.1252,-48.1658,-96.8359
214238364,-0.0037,-0.0029,0.0327,0.0455,0.2103,-0.0084,-0.0013,0.0200,-0.1838,0.0642,0.0449,0.0264,-0.0695,1.2865,1.3487,91.1258,-48.1606,-96.8525
214243365,-0.0035,-0.0028,0.0061,0.0006,0.2323,-0.0145,-0.0500,0.0200,-0.1837,0.0641,0.0184,-0.0185,-0.0695,1.2865,0.0902,91.1254,-48.1529,-96.8751
214248364,-0.0034,-0.0030,-0.0287,-0.0192,0.2577,-0.0241,-0.0500,0.0500,-0.1838,0.0640,-0.0279,-0.0200,-0.0695,1.2865,-0.0488,91.1251,-48.1478,-96.8777
214253364,-0.0034,-0.0033,-0.0538,-0.0302,0.2418,-0.0304,-0.0500,0.0500,-0.1841,0.0638,-0.0538,-0.0302,0.0000,1.2865,-1.5623,91.1260,-48.1401,-96.9143
214258364,-0.0037,-0.0033,-0.0550,-0.0394,0.2302,-0.0314,-0.0500,0.0500,-0.1844,0.0636,-0.0550,-0.0394,0.0000,1.2865,-1.5623,91.1260,-48.1349,-96.9206
214263364,-0.0040,-0.0034,-0.0727,-0.0525,0.2122,-0.0369,0.0200,0.0500,-0.1847,0.0634,-0.0727,-0.0525,0.0000,1.2865,-1.5623,91.1260,-48.1272,-96.9299
214268364,-0.0042,-0.0041,-0.0773,-0.0996,0.1492,-0.0380,0.0200,-0.0200,-0.1851,0.0629,-0.0773,-0.0996,0.0000,1.2337,-1.5623,91.1260,-48.1231,-96.9362
214273364,-0.0043,-0.0045,-0.0699,-0.0718,0.0967,-0.0359,-0.0153,-0.0200,-0.1855,0.0625,-0.0674,-0.0762,0.0000,0.2955,-1.5623,91.1260,-48.1358,-96.9455
214278364,-0.0047,-0.0051,-0.0754,-0.0675,0.0362,-0.0396,-0.0123,0.0504,-0.1859,0.0622,-0.0908,-0.0540,-0.0464,-1.3983,-0.4882,91.1250,-48.1717,-96.9289
214283365,-0.0050,-0.0052,-0.0816,-0.0553,0.0353,-0.0416,-0.0082,0.0484,-0.1864,0.0621,-0.0886,-0.0272,-0.0464,-1.3983,0.4882,91.1247,-48.1801,-96.9077
214288364,-0.0052,-0.0054,-0.0788,-0.0547,0.0460,-0.0420,-0.0086,0.0489,-0.1868,0.0619,-0.0858,-0.0266,-0.0464,-1.3983,0.4882,91.1245,-48.1857,-96.9058
214293364,-0.0058,-0.0058,-0.0794,-0.0660,0.0069,-0.0439,-0.0107,0.0544,-0.1872,0.0617,-0.0864,-0.0379,-0.0464,-1.3983,0.4882,91.1242,-48.1941,-96.9028
214298365,-0.0064,-0.0061,-0.0971,-0.0812,-0.0475,-0.0498,-0.0099,0.0616,-0.1877,0.0616,-0.1038,-0.0366,-0.0464,-1.9316,1.0650,91.1241,-48.2107,-96.8890
214303364,-0.0069,-0.0066,-0.0855,-0.0644,-0.0328,-0.0489,-0.0082,0.0583,-0.1882,0.0615,-0.0872,-0.0097,-0.0464,-1.9801,1.6943,91.1238,-48.2235,-96.8668
214308365,-0.0073,-0.0070,-0.0632,-0.0373,0.0161,-0.0434,-0.0073,0.0501,-0.1884,0.0616,-0.0370,0.0174,-1.6620,-1.9801,1.6943,91.0880,-48.2314,-96.8600
214313364,-0.0076,-0.0070,-0.0312,0.0330,0.0225,-0.0365,0.0500,0.0314,-0.1884,0.0620,-0.0049,0.0877,-1.6620,-1.9801,1.6943,91.0780,-48.2433,-96.8498
214318365,-0.0076,-0.0069,0.0247,0.0641,-0.0044,-0.0201,0.0500,0.0176,-0.1880,0.0626,0.0755,0.1026,-1.6620,-1.8252,2.5769,91.0713,-48.2480,-96.8237
214323364,-0.0074,-0.0066,0.0574,0.1014,-0.0062,-0.0112,0.0500,0.0040,-0.1875,0.0633,0.1082,0.1399,-1.6620,-1.3604,2.5769,91.0614,-48.2483,-96.8082
214328364,-0.0071,-0.0062,0.0779,0.1289,0.0115,-0.0052,0.0500,-0.0500,-0.1868,0.0641,0.1287,0.1674,-1.6620,-1.1023,2.5769,91.0547,-48.2481,-96.7979
214333365,-0.0067,-0.0056,0.0974,0.1460,0.0356,-0.0008,-0.0200,-0.0500,-0.1862,0.0648,0.1261,0.1459,-1.6620,-0.8441,2.8675,91.0447,-48.2488,-96.7755
214338364,-0.0063,-0.0048,0.1185,0.1652,0.0738,0.0500,-0.0200,-0.0500,-0.1855,0.0656,0.1462,0.1652,-1.6057,-0.6892,2.8675,91.0392,-48.2487,-96.7640
214343365,-0.0056,-0.0039,0.1286,0.1668,0.0888,0.0500,0.0153,-0.0500,-0.1848,0.0664,0.1386,0.1495,-1.1550,1.1635,2.7108,91.0400,-48.2111,-96.7500
214348364,-0.0048,-0.0031,0.1194,0.1478,0.0555,0.0500,0.0140,0.0200,-0.1841,0.0670,0.1294,0.1305,-0.9859,1.1635,1.7714,91.0391,-48.2065,-96.7592
214353365,-0.0042,-0.0024,0.0941,0.1136,0.0265,0.0500,0.0110,0.0200,-0.1836,0.0675,0.1041,0.0963,-0.7042,1.1635,0.1731,91.0397,-48.1995,-96.7867
214358364,-0.0037,-0.0020,0.0666,0.0785,0.0261,-0.0200,0.0062,-0.0104,-0.1832,0.0678,0.0863,0.0480,-0.5915,2.1703,0.1247,91.0394,-48.1736,-96.7870
214363364,-0.0036,-0.0017,-0.0284,0.0385,0.0454,-0.0200,0.0090,0.0500,-0.1833,0.0677,-0.0197,-0.0144,0.0539,2.2822,-1.2688,91.0496,-48.1577,-96.8159
214368364,-0.0036,-0.0017,-0.0342,0.0052,0.0772,-0.0500,0.0040,0.0500,-0.1835,0.0675,-0.0452,-0.0288,1.7772,2.2822,-1.7653,91.0876,-48.1486,-96.8326
214373365,-0.0039,-0.0016,-0.0492,-0.0153,0.1422,-0.0500,0.0001,0.0500,-0.1836,0.0673,-0.0295,-0.0493,1.8849,2.2822,-1.7653,91.1011,-48.1349,-96.8432
214378364,-0.0042,-0.0017,-0.0513,-0.0428,0.1648,-0.0500,-0.0500,0.0500,-0.1838,0.0669,-0.0317,-0.0767,1.8849,2.2822,-1.7653,91.1086,-48.1258,-96.8503
214383365,-0.0043,-0.0021,-0.0651,-0.0797,0.1138,-0.0500,-0.0500,-0.0200,-0.1841,0.0665,-0.0651,-0.0797,1.8849,1.8074,-1.7653,91.1199,-48.1227,-96.8609
214388364,-0.0046,-0.0025,-0.0932,-0.0883,0.0927,0.0200,-0.0500,-0.0200,-0.1846,0.0661,-0.0932,-0.0883,1.7456,1.4908,-1.7653,91.1246,-48.1225,-96.8679
214393365,-0.0049,-0.0031,-0.1210,-0.0828,0.1043,0.0200,-0.0500,0.0538,-0.1852,0.0656,-0.1295,-0.0977,1.2814,1.0688,-0.9984,91.1244,-48.1232,-96.8625
214398364,-0.0056,-0.0036,-0.1115,-0.0715,0.0432,-0.0517,0.0200,0.0523,-0.1858,0.0653,-0.1172,-0.0599,0.7187,0.9105,0.7723,91.1177,-48.1224,-96.8278
214403364,-0.0063,-0.0041,-0.0938,-0.0718,-0.0224,-0.0469,0.0200,0.0527,-0.1862,0.0650,-0.0732,-0.0586,-0.7540,0.6467,0.8826,91.0867,-48.1230,-96.8203
214408365,-0.0065,-0.0044,-0.0119,-0.0489,-0.1183,-0.0263,-0.0093,0.0401,-0.1862,0.0648,0.0053,-0.0299,-0.7540,-0.3915,0.8826,91.0837,-48.1416,-96.8168
214413365,-0.0066,-0.0049,-0.0110,-0.0519,-0.1336,-0.0273,-0.0095,0.0419,-0.1862,0.0648,-0.0053,-0.0130,-0.7540,-1.7339,0.8826,91.0791,-48.1768,-96.8115
214418364,-0.0066,-0.0052,-0.0391,-0.0589,-0.1125,-0.0339,-0.0084,0.0467,-0.1863,0.0647,-0.0259,-0.0070,-0.7540,-1.7339,1.7544,91.0761,-48.1837,-96.7896
214423364,-0.0069,-0.0056,-0.0443,-0.0360,-0.0725,-0.0370,-0.0038,0.0436,-0.1865,0.0648,-0.0299,0.0181,-0.7540,-1.7339,1.8997,91.0716,-48.1941,-96.7753
214428365,-0.0073,-0.0058,-0.0421,0.0021,-0.0246,-0.0383,0.0500,0.0357,-0.1866,0.0651,-0.0277,0.0563,-0.7540,-1.7339,1.8997,91.0686,-48.2011,-96.7677
214433365,-0.0074,-0.0058,-0.0067,0.0296,-0.0010,-0.0287,0.0500,0.0256,-0.1865,0.0655,0.0289,0.0689,-0.7540,-1.9763,2.6314,91.0641,-48.2170,-96.7382
214438365,-0.0074,-0.0057,0.0315,0.0632,0.0356,-0.0195,0.0500,0.0124,-0.1861,0.0660,0.0670,0.1025,-0.7540,-1.9763,2.6314,91.0611,-48.2249,-96.7277
214443364,-0.0072,-0.0054,0.0666,0.0883,0.0713,-0.0103,0.0500,0.0008,-0.1856,0.0666,0.1022,0.1276,-0.7540,-1.9763,2.6314,91.0565,-48.2367,-96.7119
214448365,-0.0068,-0.0051,0.0938,0.1130,0.0371,-0.0013,-0.0200,-0.0500,-0.1850,0.0674,0.1317,0.1565,-0.7540,-1.2976,2.9083,91.0535,-48.2305,-96.6952
214453365,-0.0064,-0.0045,0.1072,0.1521,0.1010,0.0010,-0.0200,-0.0500,-0.1844,0.0682,0.1202,0.1521,-0.7540,-0.1826,2.9083,91.0490,-48.2111,-96.6777
214458364,-0.0059,-0.0038,0.1344,0.1698,0.1737,0.0500,0.0159,-0.0500,-0.1836,0.0690,0.1462,0.1718,-0.7540,-0.1341,2.9083,91.0460,-48.2108,-96.6661
214463365,-0.0050,-0.0030,0.1384,0.1640,0.2073,0.0500,0.0135,-0.0500,-0.1829,0.0697,0.1499,0.1440,-0.7540,1.3424,2.3712,91.0415,-48.1802,-96.6605
214468364,-0.0042,-0.0021,0.1237,0.1530,0.1437,0.0500,0.0146,0.0200,-0.1822,0.0704,0.1386,0.1272,-0.6976,1.7339,1.9318,91.0396,-48.1656,-96.6608
214473365,-0.0035,-0.0014,0.0987,0.1216,0.0631,0.0500,0.0131,0.0200,-0.1816,0.0709,0.1136,0.0957,-0.5286,1.7339,0.5378,91.0393,-48.1552,-96.6796
214478365,-0.0031,-0.0009,0.0586,0.0791,0.0946,-0.0200,0.0089,-0.0145,-0.1813,0.0711,0.0683,0.0442,-0.4159,1.7339,-0.6092,91.0397,-48.1483,-96.7038
214483365,-0.0028,-0.0006,0.0153,0.0638,0.1627,-0.0200,0.0108,-0.0083,-0.1812,0.0712,0.0250,0.0289,1.1309,1.7339,-0.6092,91.0701,-48.1379,-96.7074
214488365,-0.0026,-0.0004,-0.0018,0.0308,0.1685,-0.0500,0.0071,0.0012,-0.1813,0.0712,-0.0255,-0.0040,1.9387,1.7339,-0.6092,91.0932,-48.1309,-96.7099
214493364,-0.0027,-0.0002,-0.0058,0.0150,0.1831,-0.0500,0.0037,0.0500,-0.1813,0.0711,0.0030,-0.0184,1.9387,1.6284,-0.6092,91.1049,-48.1227,-96.7135
214498364,-0.0028,-0.0001,-0.0147,0.0101,0.1941,-0.0500,0.0051,0.0500,-0.1813,0.0711,-0.0025,-0.0110,1.9387,1.4174,-0.6092,91.1126,-48.1210,-96.7160
214503364,-0.0028,-0.0001,-0.0275,-0.0263,0.1941,-0.0500,-0.0013,0.0500,-0.1814,0.0708,-0.0153,-0.0474,1.9387,1.4174,-2.0202,91.1242,-48.1125,-96.7528
214508364,-0.0028,-0.0003,-0.0544,-0.0434,0.1758,0.0200,-0.0500,0.0500,-0.1816,0.0705,-0.0422,-0.0645,1.6138,1.4174,-2.0202,91.1249,-48.1068,-96.7608
214513365,-0.0031,-0.0005,-0.0870,-0.0586,0.1413,0.0200,-0.0500,-0.0200,-0.1820,0.0702,-0.0870,-0.0586,1.1959,1.4174,-1.0795,91.1248,-48.0983,-96.7532
214518364,-0.0037,-0.0008,-0.0730,-0.0476,0.1178,-0.0339,-0.0500,-0.0200,-0.1823,0.0700,-0.0637,-0.0477,-0.5385,1.4174,-0.6614,91.0920,-48.0926,-96.7479
214523365,-0.0040,-0.0012,-0.0370,-0.0547,0.0729,-0.0257,-0.0500,0.0280,-0.1825,0.0696,-0.0292,-0.0622,-0.7001,0.7924,-0.5047,91.0846,-48.0971,-96.7484
214528365,-0.0041,-0.0016,0.0040,-0.0406,0.0222,-0.0152,0.0200,0.0218,-0.1824,0.0694,0.0126,-0.0466,-0.7001,-0.5276,-0.4001,91.0818,-48.1234,-96.7481
214533364,-0.0040,-0.0019,0.0278,-0.0263,-0.0007,-0.0075,0.0200,0.0149,-0.1822,0.0694,0.0508,-0.0073,-0.7001,-0.5276,1.2737,91.0776,-48.1266,-96.7143
214538365,-0.0037,-0.0021,0.0189,-0.0254,-0.0013,-0.0084,-0.0063,0.0147,-0.1819,0.0694,0.0417,0.0106,-0.7001,-0.5835,1.8275,91.0748,-48.1298,-96.6963
214543364,-0.0034,-0.0020,0.0229,0.0049,0.0717,-0.0083,0.0009,0.0047,-0.1818,0.0698,0.0303,0.0675,-0.7001,-2.3734,1.8275,91.0706,-48.1761,-96.6853
214548365,-0.0033,-0.0021,0.0281,0.0467,0.0497,-0.0063,0.0500,-0.0500,-0.1816,0.0703,0.0355,0.1094,-0.7001,-2.3734,1.8275,91.0678,-48.1856,-96.6780
214553364,-0.0032,-0.0019,0.0461,0.0641,0.0808,-0.0014,0.0500,-0.0500,-0.1813,0.0706,0.0582,0.0641,-0.7001,-3.1006,1.8275,91.0636,-48.2160,-96.6670
214558365,-0.0027,-0.0016,0.0611,0.0654,0.1007,0.0500,0.0500,-0.0500,-0.1810,0.0710,0.0731,0.0654,-0.7001,-3.1006,1.7787,91.0608,-48.2284,-96.6607
214563365,-0.0022,-0.0012,0.0553,0.0803,0.0359,0.0500,0.0500,-0.0500,-0.1807,0.0714,0.0553,0.0803,-0.7001,-3.1006,1.2905,91.0566,-48.2470,-96.6613
214568365,-0.0019,-0.0010,0.0312,0.0932,-0.0163,0.0500,-0.0200,0.0200,-0.1805,0.0718,0.0312,0.0932,-0.7001,-2.5842,1.0952,91.0538,-48.2482,-96.6604
214573364,-0.0019,-0.0008,0.0128,0.0929,-0.0163,0.0500,-0.0200,0.0200,-0.1805,0.0723,0.0128,0.0929,-0.7001,-1.9129,-0.1108,91.0496,-48.2483,-96.6796
214578364,-0.0019,-0.0002,-0.0018,0.0794,0.0429,-0.0200,0.0199,-0.0118,-0.1805,0.0726,-0.0175,0.0702,-0.7001,-0.6008,-1.2184,91.0468,-48.2275,-96.7052
214583364,-0.0018,0.0001,0.0079,0.0431,0.1095,-0.0200,0.0100,-0.0068,-0.1806,0.0728,-0.0009,0.0220,-0.0539,0.1939,-1.2184,91.0559,-48.2107,-96.7125
214588364,-0.0017,0.0003,-0.0012,0.0107,0.0781,-0.0500,0.0059,0.0020,-0.1807,0.0727,-0.0360,-0.0104,1.5079,0.1939,-1.2184,91.0903,-48.2100,-96.7174
214593365,-0.0016,0.0002,-0.0202,-0.0180,-0.0081,-0.0500,0.0017,0.0500,-0.1809,0.0725,-0.0290,-0.0391,1.5079,0.1939,-1.2184,91.0993,-48.2088,-96.7247
214598364,-0.0017,-0.0001,-0.0324,-0.0128,0.0875,-0.0500,0.0030,0.0500,-0.1810,0.0724,-0.0307,-0.0157,1.5079,0.1939,-2.2113,91.1054,-48.2080,-96.7519
214603364,-0.0019,-0.0002,-0.0168,-0.0101,0.1294,-0.0500,-0.0005,0.0500,-0.1810,0.0723,-0.0031,-0.0338,1.5079,1.5922,-2.2113,91.1144,-48.1768,-96.7652
214608364,-0.0021,-0.0001,-0.0153,-0.0070,0.0775,0.0200,0.0008,0.0500,-0.1810,0.0721,0.0004,-0.0341,1.5079,1.8160,-2.2113,91.1204,-48.1651,-96.7740
214613364,-0.0021,-0.0001,-0.0147,-0.0250,-0.0010,0.0200,-0.0500,-0.0200,-0.1810,0.0718,0.0010,-0.0521,0.1690,1.8160,-2.1145,91.1007,-48.1542,-96.7853
214618364,-0.0023,-0.0002,-0.0153,-0.0342,0.0069,-0.0126,-0.0500,-0.0200,-0.1811,0.0717,-0.0079,-0.0342,-0.4308,1.8160,-1.7270,91.0876,-48.1470,-96.7853
214623364,-0.0022,-0.0006,-0.0235,-0.0373,0.0573,-0.0149,-0.0500,0.0163,-0.1812,0.0715,-0.0143,-0.0341,-0.4308,1.8160,0.2090,91.0850,-48.1361,-96.7528
214628365,-0.0022,-0.0009,0.0278,-0.0235,0.0142,-0.0013,-0.0500,0.0081,-0.1810,0.0714,0.0388,-0.0173,-0.4308,1.8160,0.4181,91.0833,-48.1288,-96.7470
214633365,-0.0022,-0.0010,0.0412,-0.0043,-0.0691,0.0500,0.0200,0.0037,-0.1807,0.0714,0.0523,0.0020,-0.4308,1.6049,0.4181,91.0807,-48.1224,-96.7445
214638365,-0.0020,-0.0011,0.0761,0.0082,-0.1296,0.0500,0.0200,-0.0500,-0.1803,0.0715,0.0796,0.0145,-0.4308,1.1765,0.4181,91.0790,-48.1252,-96.7429
214643365,-0.0014,-0.0011,0.0712,0.0024,-0.0817,0.0500,-0.0067,-0.0500,-0.1800,0.0716,0.0611,0.0199,-0.4308,-1.1746,0.4181,91.0764,-48.1729,-96.7403
214648365,-0.0009,-0.0011,0.0516,0.0107,-0.0533,0.0500,-0.0038,-0.0500,-0.1798,0.0717,0.0415,0.0282,-0.4308,-1.1746,0.4181,91.0747,-48.1776,-96.7387
214653365,-0.0008,-0.0011,0.0305,0.0345,-0.0884,-0.0200,0.0500,-0.0500,-0.1797,0.0720,0.0204,0.0520,-0.4308,-1.1746,0.4181,91.0721,-48.1847,-96.7362
214658365,-0.0007,-0.0012,0.0281,0.0449,-0.1153,-0.0200,0.0500,0.0200,-0.1795,0.0722,0.0281,0.0449,-0.4308,-1.1746,0.4181,91.0704,-48.1894,-96.7345
214663365,-0.0005,-0.0008,0.0180,0.0415,-0.0496,0.0025,0.0500,0.0200,-0.1795,0.0724,0.0087,0.0415,0.5385,-1.1746,0.4181,91.0904,-48.1964,-96.7320
214668364,-0.0003,-0.0005,0.0095,0.0425,0.0347,0.0005,0.0500,-0.0086,-0.1795,0.0727,0.0038,0.0487,0.5385,-1.1746,0.4181,91.0925,-48.2011,-96.7303
214673364,-0.0001,-0.0004,-0.0092,0.0116,0.0005,-0.0500,-0.0200,0.0013,-0.1796,0.0727,-0.0229,0.0038,0.5385,-1.1746,-0.5226,91.0958,-48.2082,-96.7507
214678364,-0.0002,-0.0002,-0.0272,0.0046,-0.0801,-0.0500,-0.0200,0.0500,-0.1798,0.0727,-0.0317,-0.0032,0.5385,-1.0776,-0.5226,91.0979,-48.2109,-96.7528
214683365,-0.0005,-0.0003,-0.0305,-0.0043,0.0112,-0.0500,0.0020,0.0500,-0.1799,0.0726,-0.0267,-0.0109,1.7456,0.4475,-0.5226,91.1297,-48.1838,-96.7559
214688364,-0.0008,-0.0004,-0.0290,0.0128,0.0637,-0.0500,0.0043,0.0500,-0.1800,0.0726,-0.0199,-0.0030,1.7456,1.0627,-0.5226,91.1367,-48.1677,-96.7580
214693365,-0.0007,-0.0005,-0.0137,-0.0037,0.0368,0.0200,-0.0012,0.0500,-0.1800,0.0725,-0.0046,-0.0195,0.6778,1.0627,-0.5226,91.1244,-48.1613,-96.7611
214698364,-0.0008,-0.0004,-0.0208,-0.0226,0.0035,0.0200,-0.0500,-0.0200,-0.1801,0.0723,-0.0116,-0.0384,0.5850,1.0627,-0.5226,91.1250,-48.1571,-96.7632
214703365,-0.0009,-0.0005,-0.0031,-0.0275,0.0396,-0.0054,-0.0500,-0.0200,-0.1801,0.0722,-0.0099,-0.0275,0.3993,1.0627,-0.5226,91.1243,-48.1507,-96.7663
214708364,-0.0010,-0.0010,0.0128,-0.0544,0.0823,-0.0011,-0.0500,0.0145,-0.1800,0.0719,0.0204,-0.0606,-0.6462,1.0627,-0.4181,91.1042,-48.1464,-96.7663
214713365,-0.0009,-0.0014,0.0101,-0.0400,0.0808,0.0000,-0.0500,0.0116,-0.1798,0.0717,0.0373,-0.0330,-1.3463,1.0627,0.4704,91.0827,-48.1400,-96.7468
214718364,-0.0006,-0.0017,0.0299,-0.0018,0.0283,0.0500,0.0200,0.0019,-0.1795,0.0717,0.0572,0.0052,-1.3463,1.0627,0.4704,91.0774,-48.1358,-96.7449
214723365,-0.0005,-0.0018,0.0443,0.0223,-0.0395,0.0500,0.0200,-0.0500,-0.1793,0.0719,0.0483,0.0293,-1.3463,1.0627,0.4704,91.0693,-48.1294,-96.7421
214728364,-0.0003,-0.0016,0.0657,0.0327,-0.0255,0.0500,-0.0047,-0.0500,-0.1790,0.0721,0.0599,0.0427,-1.3463,-0.6712,0.4704,91.0639,-48.1631,-96.7402
214733365,-0.0002,-0.0015,0.0611,0.0165,-0.0438,0.0500,-0.0069,-0.0500,-0.1787,0.0722,0.0519,0.0323,-1.3463,-1.0627,0.4704,91.0558,-48.1771,-96.7374
214738365,0.0003,-0.0013,0.0483,0.0202,-0.0484,-0.0200,-0.0048,-0.0500,-0.1785,0.0724,0.0391,0.0360,-1.3463,-1.0627,0.4704,91.0504,-48.1814,-96.7355
214743365,0.0006,-0.0014,0.0266,0.0308,-0.0371,-0.0200,-0.0007,0.0200,-0.1785,0.0727,0.0174,0.0467,-0.5385,-1.0627,0.4704,91.0592,-48.1877,-96.7327
214748364,0.0005,-0.0011,0.0101,0.0235,-0.0230,0.0031,0.0011,0.0200,-0.1785,0.0729,-0.0158,0.0394,0.9694,-1.0627,0.4704,91.0905,-48.1920,-96.7308
214753364,0.0005,-0.0010,0.0140,0.0254,0.0185,0.0031,0.0500,-0.0063,-0.1786,0.0732,-0.0140,0.0591,0.9694,-1.7899,0.4704,91.0963,-48.2149,-96.7280
214758364,0.0007,-0.0008,0.0186,0.0208,0.0106,0.0065,0.0500,-0.0058,-0.1786,0.0733,0.0060,0.0278,0.9694,-1.7899,0.4704,91.1002,-48.2221,-96.7261
214763364,0.0010,-0.0006,0.0165,0.0055,-0.0325,0.0067,0.0500,-0.0010,-0.1786,0.0733,-0.0060,-0.0046,0.9694,-1.7899,-0.6794,91.1060,-48.2328,-96.7509
214768365,0.0012,-0.0006,-0.0012,-0.0021,-0.0154,0.0028,0.0500,0.0500,-0.1787,0.0732,-0.0238,-0.0123,0.9694,-1.7899,-0.6794,91.1099,-48.2400,-96.7536
214773364,0.0013,-0.0006,-0.0101,-0.0110,0.0203,0.0013,-0.0200,0.0500,-0.1789,0.0732,-0.0268,-0.0110,0.9694,-1.3536,-0.6794,91.1157,-48.2418,-96.7577
214778364,0.0012,-0.0006,-0.0037,-0.0082,0.0216,0.0023,-0.0200,0.0500,-0.1790,0.0731,-0.0204,-0.0083,0.9694,0.1939,-0.6794,91.1196,-48.2132,-96.7604
214783365,0.0010,-0.0008,-0.0021,-0.0223,-0.0068,0.0026,-0.0500,0.0500,-0.1790,0.0730,-0.0155,-0.0266,0.9229,0.2909,-0.6794,91.1245,-48.2095,-96.7645
214788364,0.0012,-0.0008,0.0006,-0.0266,0.0054,0.0037,-0.0500,-0.0200,-0.1791,0.0728,-0.0129,-0.0266,0.7837,0.5705,-0.6794,91.1251,-48.2027,-96.7672
214793364,0.0013,-0.0011,-0.0012,-0.0220,0.0527,0.0036,-0.0500,-0.0200,-0.1792,0.0727,-0.0115,-0.0220,0.5980,1.9689,-0.6794,91.1253,-48.1651,-96.7713
214798365,0.0012,-0.0014,-0.0009,-0.0275,0.0451,0.0033,-0.0500,0.0086,-0.1792,0.0726,-0.0117,-0.0283,0.5980,1.9689,-0.0523,91.1277,-48.1573,-96.7610
214803364,0.0011,-0.0016,0.0055,-0.0232,0.0368,0.0049,0.0200,0.0070,-0.1792,0.0725,0.0001,-0.0146,0.5980,1.9689,0.5749,91.1313,-48.1455,-96.7456
214808364,0.0010,-0.0016,0.0140,-0.0119,0.0640,0.0064,0.0200,0.0032,-0.1792,0.0725,0.0087,-0.0033,0.5980,1.7451,0.5749,91.1337,-48.1421,-96.7433
214813365,0.0014,-0.0017,0.0302,-0.0119,0.0811,0.0118,-0.0154,0.0005,-0.1790,0.0725,0.0255,-0.0044,0.5980,0.0671,0.5749,91.1373,-48.1720,-96.7398
214818365,0.0017,-0.0017,0.0247,-0.0076,0.0845,0.0117,-0.0145,-0.0005,-0.1789,0.0725,0.0200,-0.0001,0.5980,0.0671,0.5749,91.1397,-48.1717,-96.7375
214823365,0.0020,-0.0018,0.0140,-0.0027,0.0579,0.0105,-0.0126,-0.0001,-0.1789,0.0725,0.0087,0.0058,0.5980,0.0000,0.5749,91.1433,-48.1725,-96.7341
214828365,0.0021,-0.0017,0.0205,-0.0021,0.0833,0.0119,-0.0133,-0.0018,-0.1788,0.0725,0.0151,0.0064,0.5980,0.0000,0.5749,91.1457,-48.1725,-96.7318
214833364,0.0023,-0.0016,0.0235,-0.0070,0.1016,0.0130,-0.0119,-0.0500,-0.1788,0.0728,0.0137,0.0473,0.5980,-1.7938,1.8486,91.1492,-48.2138,-96.6985
214838365,0.0025,-0.0016,0.0199,-0.0220,0.0830,0.0121,-0.0163,-0.0500,-0.1788,0.0728,-0.0059,0.0048,0.5980,-1.7938,1.8486,91.1516,-48.2209,-96.6911
214843366,0.0029,-0.0017,0.0186,-0.0144,0.0628,0.0134,-0.0151,-0.0500,-0.1788,0.0729,-0.0071,0.0124,0.5980,-1.7938,1.8486,91.1552,-48.2317,-96.6800
214848365,0.0031,-0.0019,0.0144,-0.0009,0.0313,0.0135,-0.0124,-0.0500,-0.1789,0.0730,-0.0114,0.0259,0.5980,-1.7938,1.8486,91.1576,-48.2389,-96.6727
214853364,0.0032,-0.0021,0.0049,0.0131,0.0103,0.0119,-0.0089,0.0200,-0.1790,0.0732,-0.0204,0.0391,0.5980,-1.7421,1.1841,91.1612,-48.2486,-96.6753
214858365,0.0033,-0.0020,-0.0125,0.0281,0.0231,0.0083,-0.0040,0.0200,-0.1792,0.0734,-0.0342,0.0495,0.5426,-1.4323,-0.2558,91.1625,-48.2487,-96.7027
214863365,0.0035,-0.0018,-0.0177,0.0345,0.0402,0.0074,-0.0022,-0.0067,-0.1793,0.0737,-0.0379,0.0490,0.4318,-1.2258,-0.2558,91.1632,-48.2522,-96.7042
214868365,0.0035,-0.0016,-0.0373,0.0293,0.0161,0.0029,0.0001,-0.0036,-0.1796,0.0739,-0.0555,0.0438,0.3211,-1.2258,-0.2558,91.1625,-48.2571,-96.7053
214873365,0.0033,-0.0014,-0.0599,0.0073,-0.0032,-0.0500,-0.0015,0.0500,-0.1801,0.0739,-0.0862,0.0063,0.2657,-1.2258,-1.3011,91.1632,-48.2645,-96.7289
214878365,0.0030,-0.0013,-0.0498,0.0031,0.0304,-0.0500,-0.0024,0.0500,-0.1804,0.0740,-0.0603,0.0214,0.2103,-1.2258,-2.1372,91.1630,-48.2694,-96.7533
214883364,0.0026,-0.0013,-0.0367,-0.0006,0.0277,-0.0500,-0.0041,0.0500,-0.1806,0.0741,-0.0472,0.0177,0.1550,-1.2258,-2.1372,91.1629,-48.2767,-96.7661
214888364,0.0024,-0.0013,-0.0272,-0.0076,-0.0087,-0.0500,-0.0059,0.0500,-0.1808,0.0742,-0.0377,0.0107,0.0996,-1.2258,-2.1372,91.1624,-48.2816,-96.7747
214893365,0.0023,-0.0014,-0.0128,-0.0342,-0.0423,0.0200,-0.0154,-0.0200,-0.1808,0.0740,-0.0084,-0.0419,0.0996,0.5164,-2.0404,91.1630,-48.2472,-96.7855
214898365,0.0023,-0.0014,0.0046,-0.0385,-0.0301,0.0200,-0.0189,-0.0200,-0.1808,0.0737,0.0090,-0.0462,-0.3250,0.5164,-1.6529,91.1549,-48.2451,-96.7852
214903365,0.0022,-0.0018,0.0144,-0.0510,-0.0139,0.0500,-0.0261,0.0122,-0.1806,0.0734,0.0371,-0.0768,-1.6713,0.5164,-1.2170,91.1204,-48.2420,-96.7852
214908364,0.0022,-0.0023,0.0266,-0.0596,-0.0343,0.0500,-0.0286,0.0133,-0.1804,0.0731,0.0346,-0.0610,-1.6713,0.5164,0.4181,91.1137,-48.2400,-96.7546
214913364,0.0023,-0.0028,0.0336,-0.0480,-0.0401,0.0500,-0.0279,0.0107,-0.1802,0.0729,0.0390,-0.0371,-1.6713,-0.0516,0.6794,91.1037,-48.2496,-96.7454
214918364,0.0027,-0.0031,0.0403,-0.0299,-0.0719,0.0500,-0.0263,0.0066,-0.1800,0.0728,0.0457,-0.0190,-1.6713,-0.0516,0.6794,91.0970,-48.2499,-96.7427
214923365,0.0030,-0.0034,0.0235,-0.0260,-0.0979,-0.0200,-0.0248,0.0088,-0.1798,0.0727,0.0289,-0.0151,-1.5636,-0.0516,0.6794,91.0893,-48.2502,-96.7386
214928364,0.0033,-0.0037,0.0168,-0.0192,-0.1211,-0.0200,-0.0237,0.0089,-0.1797,0.0727,0.0222,-0.0084,-1.2405,-0.0516,0.6794,91.0901,-48.2504,-96.7359
214933365,0.0034,-0.0040,0.0137,-0.0186,-0.1455,0.0204,-0.0248,0.0099,-0.1796,0.0726,0.0350,-0.0077,-0.9173,-0.0516,0.6794,91.0900,-48.2507,-96.7318
214938365,0.0036,-0.0041,0.0147,-0.0186,-0.1315,0.0199,-0.0249,0.0100,-0.1795,0.0726,0.0160,-0.0077,0.2321,-0.0516,0.6794,91.1115,-48.2509,-96.7291
214943365,0.0036,-0.0042,0.0305,0.0021,-0.0853,0.0231,-0.0225,0.0027,-0.1793,0.0727,0.0279,0.0254,0.8821,-0.0516,1.5101,91.1292,-48.2512,-96.7077
214948364,0.0038,-0.0043,0.0076,0.0107,-0.0572,0.0180,-0.0189,0.0030,-0.1793,0.0729,0.0068,0.0372,0.8821,-0.0516,1.7316,91.1327,-48.2514,-96.6964
214953365,0.0041,-0.0043,0.0006,0.0287,-0.0844,0.0174,-0.0142,-0.0000,-0.1793,0.0732,-0.0002,0.0552,0.8821,-0.0516,1.7316,91.1380,-48.2517,-96.6860
214958364,0.0041,-0.0043,-0.0305,0.0449,-0.0939,0.0093,-0.0053,-0.0004,-0.1795,0.0736,-0.0394,0.0854,0.8821,-0.9869,1.7316,91.1415,-48.2716,-96.6791
214963364,0.0041,-0.0041,-0.0473,0.0620,-0.0551,0.0039,0.0500,-0.0500,-0.1798,0.0742,-0.0647,0.1173,0.8821,-1.9771,1.7316,91.1468,-48.3021,-96.6687
214968364,0.0039,-0.0039,-0.0794,0.0678,-0.0740,-0.0500,0.0500,-0.0500,-0.1803,0.0745,-0.0965,0.0678,0.9928,-1.9771,1.7316,91.1526,-48.3100,-96.6617
214973365,0.0037,-0.0037,-0.0834,0.0666,-0.0746,-0.0500,0.0500,-0.0500,-0.1807,0.0749,-0.0834,0.0666,1.4912,-1.9771,1.2922,91.1712,-48.3218,-96.6613
214978365,0.0034,-0.0032,-0.0800,0.0593,-0.0569,-0.0500,0.0500,-0.0500,-0.1811,0.0751,-0.0800,0.0593,1.4912,-1.0969,1.0969,91.1771,-48.3113,-96.6604
214983364,0.0028,-0.0030,-0.0803,0.0461,-0.0484,-0.0500,-0.0200,0.0200,-0.1815,0.0754,-0.0803,0.0461,0.4391,-0.1066,0.1329,91.1639,-48.2934,-96.6746
214988365,0.0024,-0.0028,-0.0678,0.0211,-0.0441,0.0200,-0.0200,0.0200,-0.1819,0.0755,-0.0678,0.0211,0.3283,-0.1066,-1.2184,91.1631,-48.2938,-96.7040
214993364,0.0022,-0.0027,-0.0208,-0.0107,-0.0392,0.0200,-0.0500,0.0500,-0.1820,0.0753,-0.0259,-0.0381,0.2176,0.6196,-1.2184,91.1625,-48.2794,-96.7113
214998364,0.0021,-0.0029,0.0070,-0.0345,-0.0319,0.0500,-0.0500,0.0500,-0.1819,0.0751,0.0142,-0.0345,-0.4178,1.9622,-1.2184,91.1509,-48.2469,-96.7162
215003364,0.0022,-0.0031,0.0339,-0.0663,-0.0273,0.0500,-0.0500,0.0500,-0.1818,0.0748,0.0339,-0.0663,-1.5784,1.9622,-1.2184,91.1201,-48.2352,-96.7235
215008365,0.0025,-0.0036,0.0336,-0.0748,-0.0557,0.0500,-0.0500,0.0500,-0.1816,0.0744,0.0336,-0.0748,-1.5784,1.9622,-1.2184,91.1137,-48.2273,-96.7284
215013365,0.0030,-0.0040,0.0470,-0.0541,-0.0490,0.0500,0.0200,-0.0200,-0.1814,0.0741,0.0470,-0.0541,-1.5784,1.9622,-1.2184,91.1043,-48.2155,-96.7357
215018364,0.0030,-0.0044,0.0360,-0.0516,-0.0524,-0.0200,0.0200,-0.0200,-0.1812,0.0739,0.0360,-0.0516,-1.5784,1.7683,-1.2184,91.0980,-48.2118,-96.7405
215023365,0.0033,-0.0045,0.0547,-0.0614,-0.0618,-0.0200,-0.0431,0.0182,-0.1809,0.0735,0.0471,-0.0846,-1.5246,0.3414,-1.2184,91.0896,-48.2325,-96.7479
215028365,0.0036,-0.0047,0.0623,-0.0620,-0.0508,0.0305,-0.0446,0.0161,-0.1807,0.0731,0.0581,-0.0701,-0.4884,-0.4647,-1.0093,91.1057,-48.2500,-96.7482
215033364,0.0041,-0.0052,0.0602,-0.0657,-0.0548,0.0317,-0.0463,0.0166,-0.1804,0.0728,0.0510,-0.0538,0.4642,-0.4647,0.3323,91.1267,-48.2528,-96.7258
215038364,0.0044,-0.0057,0.0318,-0.0571,-0.1073,0.0272,-0.0418,0.0188,-0.1802,0.0727,0.0321,-0.0288,0.4642,-0.4647,1.4399,91.1285,-48.2547,-96.6993
215043364,0.0047,-0.0061,0.0174,-0.0452,-0.1113,0.0246,-0.0394,0.0190,-0.1801,0.0726,0.0178,-0.0168,0.4642,-0.4647,1.4399,91.1313,-48.2575,-96.6907
215048365,0.0047,-0.0063,0.0263,-0.0131,-0.0472,0.0253,-0.0345,0.0110,-0.1801,0.0727,0.0176,0.0177,0.9072,-0.6298,1.4399,91.1422,-48.2626,-96.6856
215053365,0.0047,-0.0065,-0.0037,0.0180,0.0029,0.0152,-0.0229,0.0076,-0.1803,0.0731,-0.0404,0.0694,1.8486,-2.0051,1.4399,91.1711,-48.2999,-96.6763
215058364,0.0046,-0.0063,-0.0596,0.0779,-0.0294,0.0011,-0.0015,0.0015,-0.1807,0.0737,-0.0963,0.1292,1.8486,-2.0051,1.4399,91.1785,-48.3080,-96.6705
215063364,0.0044,-0.0059,-0.0913,0.1158,-0.0026,-0.0500,0.0500,-0.0500,-0.1814,0.0745,-0.1264,0.1700,1.8486,-2.0051,1.6352,91.1896,-48.3200,-96.6576
215068364,0.0038,-0.0054,-0.1237,0.1442,0.0326,-0.0500,0.0500,-0.0500,-0.1820,0.0753,-0.1237,0.1442,1.8486,-2.0051,1.6352,91.1969,-48.3280,-96.6519
215073365,0.0029,-0.0048,-0.1466,0.1594,0.0341,-0.0500,0.0500,-0.0500,-0.1827,0.0761,-0.1466,0.1594,1.8486,-1.8590,1.6352,91.2080,-48.3370,-96.6413
215078364,0.0021,-0.0039,-0.1417,0.1604,0.0155,-0.0500,0.0500,-0.0500,-0.1834,0.0769,-0.1417,0.1604,1.7417,-1.5183,1.5863,91.2132,-48.3368,-96.6357
215083364,0.0015,-0.0029,-0.1252,0.1594,0.0087,0.0200,-0.0200,0.0200,-0.1841,0.0777,-0.1252,0.1594,1.2603,-1.1288,0.1705,91.2127,-48.3369,-96.6604
215088364,0.0009,-0.0023,-0.0892,0.1182,0.0188,0.0200,-0.0200,0.0200,-0.1845,0.0783,-0.0892,0.1182,1.0464,-0.8854,0.1216,91.2130,-48.3360,-96.6609
215093365,0.0005,-0.0019,-0.0568,0.0538,0.0695,-0.0108,0.0073,0.0008,-0.1846,0.0784,-0.0268,0.0283,-1.3844,1.2103,-0.4984,91.1641,-48.2931,-96.6726
215098364,0.0003,-0.0017,-0.0235,0.0241,0.0940,-0.0042,-0.0500,0.0500,-0.1847,0.0783,-0.0040,-0.0212,-1.4398,1.2103,-1.8275,91.1572,-48.2883,-96.7044
215103364,0.0003,-0.0018,0.0208,-0.0464,0.0054,0.0500,-0.0500,0.0500,-0.1844,0.0781,0.0456,-0.0464,-1.4398,1.2103,-1.8275,91.1486,-48.2810,-96.7154
215108365,0.0006,-0.0019,0.0137,-0.0324,0.0555,0.0500,-0.0500,0.0500,-0.1844,0.0779,0.0137,-0.0324,-1.4398,1.7266,-1.8275,91.1428,-48.2656,-96.7227
215113364,0.0006,-0.0021,0.0257,-0.0498,0.1294,0.0500,-0.0500,0.0500,-0.1842,0.0776,0.0257,-0.0498,-1.4398,2.3979,-1.8275,91.1342,-48.2383,-96.7337
215118365,0.0007,-0.0022,0.0354,-0.0498,0.1447,0.0500,0.0200,-0.0200,-0.1841,0.0774,0.0354,-0.0498,-1.4398,2.3979,-1.8275,91.1284,-48.2287,-96.7410
215123365,0.0007,-0.0025,0.0434,-0.0602,0.0695,-0.0200,0.0200,-0.0200,-0.1838,0.0771,0.0434,-0.0602,-1.1612,0.8488,-1.6708,91.1259,-48.2493,-96.7486
215128365,0.0012,-0.0029,0.0470,-0.0855,0.0145,-0.0200,-0.0392,0.0226,-0.1836,0.0765,0.0413,-0.1161,-0.9755,0.6939,-1.3572,91.1253,-48.2493,-96.7484
215133364,0.0017,-0.0034,0.0437,-0.0693,0.0665,0.0163,-0.0365,0.0177,-0.1834,0.0761,0.0378,-0.0741,0.6645,0.4874,0.1661,91.1552,-48.2499,-96.7230
215138365,0.0019,-0.0039,0.0367,-0.0498,0.1385,0.0148,-0.0336,0.0135,-0.1833,0.0760,0.0322,-0.0390,1.0521,0.4357,1.1630,91.1670,-48.2491,-96.6996
215143365,0.0021,-0.0043,0.0235,-0.0336,0.1242,0.0118,-0.0287,0.0122,-0.1832,0.0759,0.0102,-0.0073,1.0521,-0.6051,1.1630,91.1733,-48.2686,-96.6926
215148364,0.0022,-0.0043,0.0324,-0.0171,0.0677,0.0142,-0.0241,0.0074,-0.1832,0.0760,0.0091,0.0265,1.0521,-1.7604,1.1630,91.1775,-48.2972,-96.6880
215153364,0.0023,-0.0042,0.0006,-0.0037,0.0549,0.0069,-0.0170,0.0080,-0.1833,0.0762,-0.0227,0.0399,1.0521,-1.7604,1.1630,91.1838,-48.3077,-96.6810
215158364,0.0023,-0.0043,-0.0370,0.0031,0.0579,-0.0500,-0.0114,0.0116,-0.1836,0.0765,-0.0602,0.0466,1.0521,-1.7604,1.1630,91.1881,-48.3148,-96.6763
215163364,0.0021,-0.0043,-0.0733,0.0421,0.0698,-0.0500,0.0016,0.0066,-0.1840,0.0769,-0.0738,0.0938,1.0521,-1.7604,1.7000,91.1944,-48.3253,-96.6576
215168364,0.0016,-0.0042,-0.0959,0.0709,0.0753,-0.0500,0.0500,0.0037,-0.1845,0.0776,-0.0964,0.1225,1.0521,-1.7604,1.7000,91.1986,-48.3324,-96.6508
215173365,0.0009,-0.0039,-0.1090,0.0816,0.0768,-0.0500,0.0500,0.0045,-0.1849,0.0781,-0.0944,0.1069,1.0521,-1.4683,1.7000,91.2049,-48.3366,-96.6406
215178365,0.0003,-0.0036,-0.0990,0.0944,0.0649,0.0200,0.0500,0.0008,-0.1853,0.0787,-0.0844,0.1197,1.0521,-1.1762,1.7000,91.2091,-48.3361,-96.6338
215183364,-0.0002,-0.0032,-0.0611,0.0965,0.0549,0.0200,0.0500,-0.0500,-0.1856,0.0793,-0.0469,0.1211,0.9452,-0.8842,1.6476,91.2132,-48.3364,-96.6247
215188365,-0.0005,-0.0027,-0.0376,0.1072,0.0958,-0.0123,-0.0200,-0.0500,-0.1857,0.0798,-0.0299,0.1072,-0.4430,-0.7381,1.3330,91.1872,-48.3367,-96.6250
215193365,-0.0007,-0.0022,-0.0122,0.0855,0.1456,-0.0058,-0.0200,-0.0500,-0.1857,0.0803,0.0145,0.0855,-1.5505,1.3753,1.0183,91.1572,-48.2938,-96.6243
215198365,-0.0007,-0.0020,0.0199,0.0202,0.1318,0.0500,-0.0500,-0.0500,-0.1854,0.0803,0.0584,-0.0004,-1.5505,1.3753,0.8086,91.1510,-48.2883,-96.6249
215203364,-0.0005,-0.0020,0.0254,-0.0229,0.1068,0.0500,-0.0500,0.0200,-0.1852,0.0801,0.0254,-0.0229,-1.5505,1.3753,0.5988,91.1417,-48.2800,-96.6249
215208365,-0.0004,-0.0024,0.0308,-0.0373,0.0665,0.0500,-0.0500,0.0200,-0.1851,0.0800,0.0308,-0.0373,-1.5505,2.6146,-0.9765,91.1355,-48.2476,-96.6568
215213365,-0.0004,-0.0027,0.0440,-0.0473,0.0839,0.0500,-0.0500,0.0500,-0.1849,0.0796,0.0339,-0.0648,-1.5505,2.6146,-1.1718,91.1262,-48.2320,-96.6677
215218364,-0.0003,-0.0031,0.0483,-0.0360,0.1111,-0.0200,0.0200,0.0500,-0.1847,0.0795,0.0483,-0.0360,-1.2720,2.6146,-1.2825,91.1260,-48.2215,-96.6746
215223365,0.0002,-0.0034,0.0403,-0.0327,0.0689,-0.0200,0.0200,0.0500,-0.1845,0.0793,0.0403,-0.0327,-0.9470,1.2720,-2.4455,91.1258,-48.2348,-96.7109
215228364,0.0005,-0.0035,0.0308,-0.0400,0.0466,0.0089,-0.0267,0.0500,-0.1843,0.0791,0.0266,-0.0459,0.4430,0.3942,-2.4455,91.1516,-48.2497,-96.7207
215233364,0.0008,-0.0037,0.0046,-0.0308,0.0732,0.0022,-0.0223,-0.0200,-0.1844,0.0789,-0.0101,-0.0352,0.9968,0.2909,-2.4455,91.1683,-48.2497,-96.7354
215238365,0.0009,-0.0041,-0.0037,-0.0455,0.0622,0.0008,-0.0261,-0.0200,-0.1845,0.0786,-0.0188,-0.0491,0.9968,0.2393,-2.4455,91.1723,-48.2496,-96.7433
215243365,0.0007,-0.0044,-0.0092,-0.0321,0.0604,-0.0018,-0.0235,0.0230,-0.1846,0.0784,-0.0306,-0.0451,0.9968,0.1877,-0.6827,91.1782,-48.2494,-96.7211
215248365,0.0008,-0.0047,-0.0082,-0.0086,0.0228,-0.0005,-0.0177,0.0173,-0.1848,0.0784,-0.0265,0.0027,0.9968,-0.4401,0.3141,91.1822,-48.2611,-96.7013
215253365,0.0008,-0.0048,-0.0345,0.0140,-0.0084,-0.0500,-0.0075,0.0154,-0.1851,0.0787,-0.0655,0.0475,0.9968,-1.9254,0.3141,91.1875,-48.2997,-96.6992
215258365,0.0008,-0.0048,-0.0538,0.0357,-0.0126,-0.0500,-0.0008,0.0127,-0.1854,0.0790,-0.0676,0.0691,0.9968,-1.9254,0.3141,91.1922,-48.3074,-96.6982
215263364,0.0005,-0.0048,-0.0788,0.0556,-0.0184,-0.0500,0.0500,0.0120,-0.1859,0.0795,-0.0926,0.0890,0.9968,-1.9254,0.3141,91.1982,-48.3190,-96.6961
215268364,-0.0001,-0.0045,-0.0852,0.0608,-0.0233,-0.0500,0.0500,0.0130,-0.1863,0.0798,-0.0825,0.0655,0.9968,-1.9254,0.3141,91.2022,-48.3267,-96.6950
215273364,-0.0007,-0.0043,-0.0889,0.0577,-0.0585,0.0200,0.0500,0.0132,-0.1867,0.0802,-0.0732,0.0850,0.9968,-1.8281,1.8277,91.2081,-48.3363,-96.6591
215278365,-0.0012,-0.0040,-0.0571,0.0464,-0.0866,0.0200,0.0500,0.0120,-0.1869,0.0806,-0.0414,0.0737,0.9968,-1.4873,1.8277,91.2121,-48.3361,-96.6532
215283364,-0.0015,-0.0038,-0.0391,0.0318,-0.0316,-0.0131,-0.0200,0.0117,-0.1869,0.0809,-0.0091,0.0590,-0.8306,-0.3637,1.8277,91.1779,-48.3208,-96.6408
215288365,-0.0017,-0.0036,-0.0076,0.0272,0.0274,-0.0058,-0.0200,0.0073,-0.1868,0.0811,0.0338,0.0544,-1.4951,0.9352,1.8277,91.1592,-48.2927,-96.6349
215293364,-0.0017,-0.0036,0.0189,0.0174,0.0216,0.0012,-0.0500,0.0069,-0.1864,0.0813,0.0675,0.0292,-1.4951,0.9352,1.7228,91.1502,-48.2871,-96.6247
215298364,-0.0014,-0.0037,0.0299,0.0153,0.0194,0.0500,-0.0500,0.0053,-0.1861,0.0815,0.0683,0.0371,-1.4951,0.9352,1.4606,91.1443,-48.2833,-96.6248
215303365,-0.0013,-0.0036,0.0476,0.0070,0.0127,0.0500,-0.0500,0.0061,-0.1858,0.0816,0.0570,0.0233,-1.4951,2.0712,1.0935,91.1353,-48.2535,-96.6237
215308365,-0.0011,-0.0036,0.0672,0.0052,0.0390,0.0500,-0.0500,0.0032,-0.1854,0.0817,0.0766,0.0215,-1.4951,2.2778,1.0935,91.1293,-48.2403,-96.6202
215313364,-0.0009,-0.0036,0.0864,0.0024,0.0228,0.0500,0.0200,0.0012,-0.1849,0.0818,0.0958,0.0188,-1.2630,1.3999,1.0935,91.1254,-48.2451,-96.6128
215318364,-0.0002,-0.0037,0.0828,-0.0012,-0.0169,-0.0200,0.0200,0.0020,-0.1845,0.0819,0.0922,0.0151,-1.0309,0.9869,1.0935,91.1255,-48.2490,-96.6092
215323364,0.0003,-0.0038,0.0583,0.0061,0.0185,-0.0200,-0.0202,0.0027,-0.1841,0.0819,0.0740,0.0115,-0.1343,0.7287,1.0935,91.1385,-48.2492,-96.6019
215328365,0.0007,-0.0038,0.0293,0.0006,0.0552,0.0090,-0.0183,0.0071,-0.1840,0.0820,0.0245,0.0084,1.1075,0.5738,1.0935,91.1656,-48.2497,-96.5983
215333365,0.0007,-0.0038,0.0034,-0.0107,0.0252,0.0028,-0.0166,0.0128,-0.1840,0.0820,-0.0027,-0.0006,1.1075,0.4188,1.0935,91.1722,-48.2497,-96.5909
215338365,0.0007,-0.0039,-0.0275,0.0098,-0.1696,-0.0500,-0.0045,0.0143,-0.1842,0.0822,-0.0462,0.0417,1.1075,-1.0452,1.0935,91.1766,-48.2790,-96.5874
215343364,0.0006,-0.0040,-0.0367,0.0275,-0.1144,-0.0500,-0.0014,0.0126,-0.1845,0.0824,-0.0576,0.0420,2.3911,-1.7054,-0.7341,91.2108,-48.3019,-96.6206
215348364,0.0006,-0.0038,-0.0626,0.0446,0.0271,-0.0500,0.0500,0.0101,-0.1849,0.0827,-0.0854,0.0560,2.4980,-1.7054,-0.9439,91.2229,-48.3087,-96.6278
215353365,0.0003,-0.0036,-0.0843,0.0324,0.0313,-0.0500,0.0500,0.0162,-0.1854,0.0828,-0.0924,0.0183,2.4980,-1.7054,-0.9439,91.2379,-48.3189,-96.6341
215358364,0.0001,-0.0035,-0.0990,0.0354,-0.0875,0.0200,0.0500,0.0192,-0.1859,0.0829,-0.1071,0.0214,1.5888,-1.7054,-0.9439,91.2288,-48.3258,-96.6372
215363364,-0.0005,-0.0034,-0.0788,0.0318,-0.1486,0.0200,0.0500,0.0191,-0.1864,0.0830,-0.0869,0.0177,0.5727,-1.7054,-0.9439,91.2134,-48.3360,-96.6436
215368364,-0.0010,-0.0033,-0.0672,0.0299,-0.0783,-0.0212,-0.0200,0.0181,-0.1868,0.0830,-0.0833,0.0159,0.4657,-0.1714,-0.9439,91.2133,-48.3096,-96.6467
215373364,-0.0012,-0.0032,-0.0159,0.0205,0.0295,-0.0101,-0.0200,0.0121,-0.1869,0.0831,-0.0254,0.0064,0.0819,0.6051,-0.9439,91.2079,-48.2913,-96.6530
215378365,-0.0013,-0.0031,0.0089,0.0122,0.0423,-0.0015,-0.0500,0.0095,-0.1867,0.0830,0.0355,-0.0109,-1.7166,0.6051,-0.9439,91.1693,-48.2888,-96.6561
215383365,-0.0011,-0.0030,0.0299,-0.0098,-0.0557,0.0500,-0.0500,0.0115,-0.1865,0.0829,0.0570,-0.0224,-1.9935,1.5862,-0.8462,91.1519,-48.2645,-96.6603
215388364,-0.0009,-0.0029,0.0278,-0.0082,-0.0029,0.0500,-0.0500,0.0111,-0.1863,0.0828,0.0218,-0.0187,-1.9935,2.2575,-0.6998,91.1439,-48.2426,-96.6599
215393365,-0.0008,-0.0030,0.0498,-0.0073,0.0594,0.0500,-0.0500,0.0074,-0.1861,0.0827,0.0455,-0.0149,-1.9935,2.2575,-0.5045,91.1319,-48.2291,-96.6600
215398364,-0.0007,-0.0031,0.0544,-0.0055,0.0436,0.0500,0.0200,0.0064,-0.1859,0.0827,0.0509,-0.0116,-1.9007,2.2575,-0.4068,91.1259,-48.2200,-96.6595
215403364,-0.0002,-0.0031,0.0495,-0.0021,-0.0331,-0.0200,0.0200,0.0064,-0.1856,0.0826,0.0468,-0.0067,-1.4364,1.9666,-0.3092,91.1252,-48.2126,-96.6600
215408365,0.0003,-0.0032,0.0510,-0.0076,-0.0426,-0.0200,-0.0195,0.0067,-0.1854,0.0826,0.0497,-0.0132,-0.4201,0.1109,-0.2604,91.1410,-48.2440,-96.6599
215413364,0.0007,-0.0033,0.0391,-0.0003,0.0432,0.0109,-0.0178,0.0052,-0.1853,0.0826,0.0240,-0.0004,0.7199,-0.1549,-0.1627,91.1670,-48.2496,-96.6595
215418365,0.0009,-0.0035,0.0174,0.0049,0.0872,0.0057,-0.0157,0.0066,-0.1853,0.0826,0.0023,0.0048,0.7199,-0.1549,-0.1627,91.1699,-48.2506,-96.6600
215423365,0.0012,-0.0036,0.0058,0.0049,0.0341,0.0045,-0.0144,0.0085,-0.1853,0.0826,-0.0089,0.0055,0.7199,-0.1549,-0.1139,91.1742,-48.2512,-96.6599
215428364,0.0013,-0.0035,0.0031,0.0061,0.0112,0.0045,-0.0131,0.0082,-0.1854,0.0827,-0.0144,0.0067,0.8803,-0.1549,-0.1139,91.1803,-48.2521,-96.6603
215433364,0.0012,-0.0033,-0.0092,0.0034,0.0393,-0.0012,-0.0109,0.0106,-0.1856,0.0827,-0.0511,0.0047,2.3243,-0.1549,-0.0651,91.2206,-48.2527,-96.6598
215438364,0.0013,-0.0034,-0.0312,0.0061,0.0555,-0.0500,-0.0058,0.0115,-0.1861,0.0828,-0.0878,0.0329,2.3243,-1.8603,-0.0651,91.2299,-48.2910,-96.6600
215443364,0.0012,-0.0034,-0.0580,0.0269,0.0228,-0.0500,0.0014,0.0092,-0.1864,0.0831,-0.0754,0.0571,2.3243,-2.0253,0.0000,91.2439,-48.3023,-96.6594
215448364,0.0010,-0.0033,-0.0757,0.0492,-0.0102,-0.0500,0.0500,0.0072,-0.1869,0.0835,-0.0931,0.0794,1.9952,-2.0253,0.0000,91.2484,-48.3145,-96.6594
215453365,0.0004,-0.0032,-0.0916,0.0480,0.0032,-0.0500,0.0500,0.0112,-0.1874,0.0838,-0.0916,0.0480,1.6190,-2.0253,0.0000,91.2482,-48.3226,-96.6594
215458364,-0.0003,-0.0029,-0.0944,0.0504,0.0115,0.0200,0.0500,0.0113,-0.1878,0.0840,-0.0944,0.0504,-0.0535,-2.0253,0.0000,91.2208,-48.3347,-96.6594
215463365,-0.0007,-0.0027,-0.0589,0.0498,-0.0068,0.0200,0.0500,0.0074,-0.1881,0.0843,-0.0589,0.0498,-0.4279,-1.7333,0.0000,91.2118,-48.3365,-96.6594
215468364,-0.0010,-0.0024,-0.0290,0.0473,-0.0099,-0.0107,-0.0200,0.0037,-0.1882,0.0845,-0.0216,0.0473,-0.4279,-0.2859,0.0000,91.2093,-48.3153,-96.6594
215473365,-0.0012,-0.0022,-0.0055,0.0275,0.0717,-0.0047,-0.0200,0.0027,-0.1881,0.0846,0.0238,0.0275,-1.7015,0.7702,0.0000,91.1803,-48.2927,-96.6594
215478364,-0.0011,-0.0022,0.0321,-0.0089,0.0772,0.0500,-0.0500,0.0055,-0.1877,0.0845,0.0804,-0.0204,-2.4214,0.7702,0.0000,91.1520,-48.2880,-96.6594
215483364,-0.0007,-0.0022,0.0299,-0.0229,0.0216,0.0500,-0.0500,0.0101,-0.1876,0.0844,0.0299,-0.0229,-2.4214,0.7702,0.0000,91.1423,-48.2850,-96.6594
215488365,-0.0007,-0.0024,0.0449,-0.0312,-0.0438,0.0500,-0.0500,0.0115,-0.1873,0.0843,0.0449,-0.0312,-2.4214,2.2676,0.0000,91.1278,-48.2453,-96.6594
215493365,-0.0005,-0.0026,0.0666,-0.0287,-0.0068,0.0500,-0.0500,0.0081,-0.1870,0.0841,0.0666,-0.0287,-2.0964,2.2676,0.0000,91.1252,-48.2363,-96.6594
215498364,-0.0002,-0.0028,0.0858,-0.0211,0.0533,-0.0200,0.0200,0.0035,-0.1866,0.0840,0.0858,-0.0211,-1.5393,2.2676,0.0000,91.1255,-48.2227,-96.6594
215503364,0.0004,-0.0031,0.0822,-0.0150,0.0393,-0.0200,0.0200,0.0025,-0.1862,0.0839,0.0822,-0.0150,-1.2607,1.4931,0.0000,91.1255,-48.2298,-96.6594
215508365,0.0009,-0.0032,0.0681,0.0040,0.0161,0.0221,-0.0218,-0.0010,-0.1857,0.0839,0.0869,-0.0006,-0.9358,0.3054,0.0000,91.1255,-48.2498,-96.6594
215513365,0.0014,-0.0031,0.0385,0.0211,0.0546,0.0136,-0.0144,-0.0012,-0.1856,0.0840,0.0273,0.0173,0.7753,0.2538,0.0000,91.1593,-48.2496,-96.6594
215518366,0.0016,-0.0031,0.0086,0.0199,0.0869,0.0064,-0.0115,0.0018,-0.1856,0.0841,-0.0069,0.0168,0.9968,0.2022,0.0000,91.1696,-48.2493,-96.6594
215523364,0.0015,-0.0030,-0.0101,0.0031,0.0286,0.0018,-0.0114,0.0085,-0.1858,0.0841,-0.0260,0.0008,0.9968,0.1505,0.0000,91.1736,-48.2497,-96.6594
215528366,0.0016,-0.0028,-0.0040,0.0137,-0.0432,0.0043,-0.0076,0.0050,-0.1859,0.0842,-0.0264,0.0228,0.9968,-0.6051,0.0000,91.1796,-48.2637,-96.6594
215533364,0.0017,-0.0029,-0.0180,0.0125,-0.0331,0.0002,-0.0050,0.0061,-0.1862,0.0844,-0.0522,0.0421,0.9968,-1.9805,0.0000,91.1836,-48.2968,-96.6594
215538366,0.0017,-0.0027,-0.0483,0.0394,0.0619,-0.0500,0.0500,0.0021,-0.1866,0.0848,-0.0825,0.0689,0.9968,-1.9805,0.0000,91.1895,-48.3087,-96.6594
215543364,0.0016,-0.0025,-0.0531,0.0367,0.1037,-0.0500,0.0500,0.0027,-0.1868,0.0850,-0.0531,0.0367,0.9968,-1.9805,0.0000,91.1935,-48.3167,-96.6594
215548364,0.0012,-0.0022,-0.0669,0.0360,0.0228,-0.0500,0.0500,0.0056,-0.1872,0.0851,-0.0669,0.0360,0.9968,-1.9805,0.0000,91.1995,-48.3285,-96.6594
215553364,0.0007,-0.0022,-0.0687,0.0312,-0.0597,-0.0500,0.0500,0.0089,-0.1875,0.0853,-0.0687,0.0312,0.9968,-1.9805,0.0000,91.2035,-48.3365,-96.6594
215558366,0.0002,-0.0022,-0.0596,0.0290,-0.0356,0.0200,-0.0200,0.0088,-0.1878,0.0854,-0.0596,0.0290,0.9968,0.1650,0.0000,91.2095,-48.3007,-96.6594
215563364,-0.0001,-0.0020,-0.0318,0.0287,0.0604,0.0200,-0.0200,0.0041,-0.1880,0.0856,-0.0318,0.0287,0.9968,0.4951,0.0000,91.2135,-48.2923,-96.6594
215568366,-0.0003,-0.0020,-0.0128,0.0027,0.0231,-0.0030,-0.0500,0.0078,-0.1879,0.0856,0.0086,-0.0046,-0.9968,0.4951,0.0000,91.1752,-48.2893,-96.6594
215573364,-0.0003,-0.0019,0.0159,-0.0128,-0.0270,0.0500,-0.0500,0.0075,-0.1877,0.0855,0.0426,-0.0128,-1.5505,0.9082,0.0000,91.1583,-48.2789,-96.6594
215578365,-0.0000,-0.0021,0.0131,-0.0159,0.0197,0.0500,-0.0500,0.0087,-0.1876,0.0854,0.0131,-0.0159,-1.5505,2.1991,0.0000,91.1490,-48.2420,-96.6594
215583364,0.0002,-0.0024,0.0235,-0.0147,0.0549,0.0500,-0.0500,0.0074,-0.1875,0.0854,0.0235,-0.0147,-1.5505,2.1991,0.0000,91.1428,-48.2332,-96.6594
215588365,0.0002,-0.0026,0.0299,-0.0153,0.0283,0.0500,0.0200,0.0078,-0.1874,0.0853,0.0299,-0.0153,-1.5505,2.1991,0.0000,91.1335,-48.2200,-96.6594
215593364,0.0002,-0.0026,0.0391,-0.0046,-0.0096,-0.0200,0.0200,0.0049,-0.1872,0.0853,0.0391,-0.0046,-1.5505,2.1506,0.0000,91.1273,-48.2122,-96.6594
215598366,0.0006,-0.0027,0.0354,-0.0049,-0.0294,-0.0200,-0.0158,0.0051,-0.1870,0.0852,0.0358,-0.0055,-1.2255,0.0430,0.0000,91.1253,-48.2467,-96.6594
215603364,0.0010,-0.0027,0.0339,-0.0018,0.0066,0.0120,-0.0159,0.0037,-0.1869,0.0852,0.0273,-0.0003,0.3323,-0.1033,0.0000,91.1539,-48.2502,-96.6594
215608366,0.0013,-0.0029,0.0131,0.0046,0.0662,0.0064,-0.0134,0.0045,-0.1869,0.0853,-0.0021,0.0061,0.8306,-0.1033,0.0000,91.1685,-48.2508,-96.6594
215613365,0.0014,-0.0031,0.0012,0.0082,-0.0062,0.0050,-0.0111,0.0064,-0.1869,0.0853,-0.0140,0.0098,0.8306,-0.1033,0.0000,91.1719,-48.2512,-96.6594
215618366,0.0013,-0.0030,-0.0046,0.0043,-0.0087,0.0029,-0.0108,0.0082,-0.1870,0.0853,-0.0198,0.0058,0.8306,-0.1033,0.0000,91.1768,-48.2518,-96.6594
215623364,0.0014,-0.0029,-0.0049,0.0174,-0.0203,0.0037,-0.0076,0.0047,-0.1871,0.0854,-0.0201,0.0189,0.8306,-0.1033,0.0000,91.1802,-48.2523,-96.6594
215628366,0.0015,-0.0030,-0.0168,0.0131,-0.0285,-0.0017,-0.0044,0.0072,-0.1875,0.0856,-0.0688,0.0417,2.0607,-1.9187,0.0000,91.2114,-48.2928,-96.6594
215633364,0.0016,-0.0029,-0.0425,0.0302,-0.0142,-0.0500,0.0500,0.0061,-0.1880,0.0859,-0.0968,0.0597,2.1677,-1.9737,0.0000,91.2222,-48.3018,-96.6594
215638366,0.0015,-0.0028,-0.0541,0.0449,-0.0212,-0.0500,0.0500,0.0041,-0.1882,0.0862,-0.0541,0.0449,2.1677,-1.9737,0.0000,91.2352,-48.3136,-96.6594
215643365,0.0011,-0.0029,-0.0635,0.0400,-0.0346,-0.0500,0.0500,0.0074,-0.1886,0.0864,-0.0635,0.0400,2.1677,-1.9737,0.0000,91.2439,-48.3215,-96.6594
215648365,0.0007,-0.0029,-0.0736,0.0461,-0.0459,-0.0500,0.0500,0.0084,-0.1889,0.0866,-0.0736,0.0461,0.9634,-1.9737,0.0000,91.2311,-48.3334,-96.6594
215653364,0.0002,-0.0028,-0.0660,0.0406,-0.0563,0.0200,-0.0200,0.0096,-0.1893,0.0868,-0.0660,0.0406,0.0000,-1.1062,0.0000,91.2130,-48.3231,-96.6594
215658364,-0.0001,-0.0026,-0.0324,0.0360,-0.0334,0.0200,-0.0200,0.0058,-0.1894,0.0870,-0.0324,0.0360,0.0000,0.4401,0.0000,91.2130,-48.2925,-96.6594
215663364,-0.0001,-0.0026,0.0165,-0.0052,0.0109,0.0500,-0.0500,0.0082,-0.1893,0.0869,0.0270,-0.0118,-0.3876,0.4401,0.0000,91.2051,-48.2907,-96.6594
215668366,-0.0000,-0.0026,0.0336,-0.0208,-0.0044,0.0500,-0.0500,0.0094,-0.1891,0.0868,0.0336,-0.0208,-2.2150,0.6983,0.0000,91.1592,-48.2828,-96.6594
215673364,0.0003,-0.0028,0.0229,-0.0254,-0.0279,0.0500,-0.0500,0.0122,-0.1890,0.0867,0.0229,-0.0254,-2.2150,2.1441,0.0000,91.1503,-48.2480,-96.6594
215678365,0.0005,-0.0031,0.0547,-0.0214,-0.0591,0.0500,-0.0500,0.0085,-0.1887,0.0866,0.0547,-0.0214,-2.2150,2.1441,0.0000,91.1370,-48.2351,-96.6594
215683364,0.0006,-0.0033,0.0522,-0.0192,-0.0337,-0.0200,0.0200,0.0084,-0.1885,0.0865,0.0522,-0.0192,-2.2150,2.1441,0.0000,91.1282,-48.2265,-96.6594
215688365,0.0007,-0.0034,0.0626,-0.0082,0.0048,-0.0200,0.0200,0.0042,-0.1882,0.0864,0.0626,-0.0082,-1.7508,1.0597,0.0000,91.1253,-48.2367,-96.6594
215693365,0.0013,-0.0035,0.0669,-0.0134,-0.0288,0.0243,-0.0270,0.0038,-0.1877,0.0863,0.0934,-0.0185,-1.3704,0.3368,0.0000,91.1266,-48.2491,-96.6594
215698366,0.0018,-0.0036,0.0513,-0.0021,-0.0365,0.0199,-0.0224,0.0039,-0.1875,0.0863,0.0438,-0.0056,0.5538,0.2336,0.0000,91.1644,-48.2496,-96.6594
215703364,0.0021,-0.0037,0.0281,0.0082,0.0100,0.0148,-0.0188,0.0036,-0.1874,0.0863,0.0201,0.0055,0.5538,0.1819,0.0000,91.1666,-48.2497,-96.6594
215708365,0.0023,-0.0039,0.0070,0.0009,-0.0126,0.0106,-0.0185,0.0083,-0.1874,0.0863,-0.0014,-0.0010,0.5538,0.1303,0.0000,91.1699,-48.2498,-96.6594
215713365,0.0022,-0.0037,-0.0073,0.0183,-0.0673,0.0065,-0.0099,0.0060,-0.1875,0.0865,-0.0244,0.0315,0.5538,-0.8802,0.0000,91.1721,-48.2701,-96.6594
215718365,0.0023,-0.0038,-0.0104,0.0156,-0.1140,0.0061,-0.0088,0.0071,-0.1877,0.0867,-0.0365,0.0443,0.5538,-1.9254,0.0000,91.1755,-48.3013,-96.6594
215723364,0.0023,-0.0036,-0.0394,0.0339,-0.0337,-0.0500,-0.0015,0.0050,-0.1880,0.0870,-0.0655,0.0626,0.5538,-1.9254,0.0000,91.1777,-48.3090,-96.6594
215728366,0.0023,-0.0035,-0.0562,0.0415,0.0509,-0.0500,0.0014,0.0036,-0.1884,0.0874,-0.0727,0.0703,1.5164,-1.9254,0.0000,91.2013,-48.3205,-96.6594
215733365,0.0018,-0.0032,-0.0709,0.0357,0.0090,-0.0500,0.0500,0.0074,-0.1888,0.0877,-0.0874,0.0645,2.0512,-1.9254,0.0000,91.2198,-48.3282,-96.6594
215738365,0.0013,-0.0029,-0.0837,0.0354,-0.0563,-0.0500,0.0500,0.0110,-0.1892,0.0879,-0.0837,0.0354,1.1955,-1.7794,0.0000,91.2133,-48.3367,-96.6594
215743365,0.0008,-0.0030,-0.0825,0.0287,-0.0774,0.0200,0.0500,0.0138,-0.1896,0.0880,-0.0825,0.0287,0.9816,-1.4386,0.0000,91.2133,-48.3364,-96.6594
215748366,0.0004,-0.0028,-0.0553,0.0241,-0.0346,0.0200,0.0500,0.0110,-0.1899,0.0881,-0.0553,0.0241,0.7142,-1.0492,0.0000,91.2130,-48.3361,-96.6594
215753364,0.0002,-0.0027,-0.0217,0.0205,0.0368,-0.0058,-0.0200,0.0071,-0.1901,0.0883,-0.0293,0.0205,0.4411,0.3301,0.0000,91.2102,-48.3108,-96.6594
215758365,0.0001,-0.0027,0.0229,-0.0049,-0.0249,0.0500,-0.0200,0.0064,-0.1898,0.0882,0.0534,-0.0049,-1.7720,1.1003,0.0000,91.1609,-48.2896,-96.6594
215763364,0.0004,-0.0026,0.0348,-0.0159,-0.0090,0.0500,-0.0500,0.0082,-0.1896,0.0881,0.0443,-0.0323,-1.7720,1.1003,0.0000,91.1538,-48.2852,-96.6594
215768366,0.0008,-0.0029,0.0400,-0.0137,0.0432,0.0500,-0.0500,0.0057,-0.1894,0.0880,0.0400,-0.0137,-1.7720,1.5650,0.0000,91.1432,-48.2690,-96.6594
215773364,0.0011,-0.0032,0.0418,-0.0171,0.0399,0.0500,-0.0500,0.0069,-0.1892,0.0879,0.0418,-0.0171,-1.7720,2.3912,0.0000,91.1361,-48.2438,-96.6594
215778366,0.0012,-0.0033,0.0486,-0.0156,0.0231,-0.0200,-0.0500,0.0060,-0.1889,0.0878,0.0486,-0.0156,-1.7720,2.3912,0.0000,91.1255,-48.2295,-96.6594
215783364,0.0016,-0.0034,0.0437,-0.0092,0.0051,-0.0200,0.0200,0.0049,-0.1887,0.0878,0.0437,-0.0092,-1.4470,2.3912,0.0000,91.1256,-48.2199,-96.6594
215788365,0.0021,-0.0035,0.0522,-0.0113,-0.0044,0.0209,0.0200,0.0042,-0.1885,0.0877,0.0408,-0.0113,0.6645,1.4680,0.0000,91.1650,-48.2250,-96.6594
215793365,0.0025,-0.0036,0.0339,-0.0061,0.0570,0.0171,-0.0238,0.0045,-0.1884,0.0877,0.0235,-0.0080,0.6645,0.1255,0.0000,91.1676,-48.2491,-96.6594
215798366,0.0028,-0.0038,0.0214,0.0024,0.0313,0.0155,-0.0211,0.0044,-0.1883,0.0877,0.0106,0.0013,0.6645,0.0738,0.0000,91.1716,-48.2496,-96.6594
215803365,0.0028,-0.0040,-0.0009,0.0162,0.0210,0.0100,-0.0157,0.0050,-0.1884,0.0878,-0.0117,0.0151,0.6645,0.0738,0.0000,91.1743,-48.2493,-96.6594
215808365,0.0030,-0.0038,0.0137,0.0070,0.0472,0.0137,-0.0195,0.0040,-0.1884,0.0878,-0.0032,0.0070,0.9854,0.0000,0.0000,91.1848,-48.2500,-96.6594
215813365,0.0032,-0.0039,-0.0082,0.0079,0.0527,0.0072,-0.0164,0.0071,-0.1886,0.0878,-0.0464,0.0079,2.2155,0.0000,0.0000,91.2164,-48.2500,-96.6594
215818366,0.0033,-0.0040,-0.0287,0.0116,0.0536,0.0010,-0.0108,0.0077,-0.1891,0.0881,-0.0844,0.0420,2.2155,-2.0355,0.0000,91.2297,-48.2953,-96.6594
215823365,0.0032,-0.0039,-0.0556,0.0287,0.0213,-0.0500,-0.0031,0.0078,-0.1896,0.0884,-0.1113,0.0591,2.2155,-2.0355,0.0000,91.2386,-48.3034,-96.6594
215828366,0.0030,-0.0039,-0.0819,0.0412,0.0093,-0.0500,0.0500,0.0072,-0.1901,0.0887,-0.0993,0.0716,2.0744,-2.0355,0.0000,91.2489,-48.3156,-96.6594
215833364,0.0025,-0.0038,-0.0971,0.0531,0.0374,-0.0500,0.0500,0.0085,-0.1906,0.0890,-0.0971,0.0531,1.6983,-2.0355,0.0000,91.2489,-48.3238,-96.6594
215838366,0.0019,-0.0038,-0.1093,0.0559,0.0210,-0.0500,0.0500,0.0107,-0.1911,0.0893,-0.1093,0.0559,1.2280,-2.0355,0.0000,91.2482,-48.3360,-96.6594
215843364,0.0013,-0.0034,-0.1042,0.0498,-0.0145,0.0200,0.0500,0.0116,-0.1917,0.0895,-0.1042,0.0498,0.7725,-1.6947,0.0000,91.2436,-48.3367,-96.6594
215848366,0.0010,-0.0032,-0.0388,0.0342,0.0078,0.0200,-0.0200,0.0063,-0.1919,0.0897,-0.0388,0.0342,-0.7487,-0.9752,0.0000,91.2119,-48.3310,-96.6594
215853364,0.0008,-0.0031,-0.0076,0.0089,0.0665,0.0015,-0.0200,0.0068,-0.1918,0.0897,0.0053,0.0089,-0.7487,0.7702,0.0000,91.2089,-48.2963,-96.6594
215858366,0.0008,-0.0031,0.0260,-0.0092,0.0631,0.0500,-0.0500,0.0065,-0.1915,0.0896,0.0598,-0.0223,-1.5240,0.8802,0.0000,91.1883,-48.2888,-96.6594
215863365,0.0010,-0.0031,0.0421,-0.0330,0.0200,0.0500,-0.0500,0.0103,-0.1913,0.0894,0.0421,-0.0330,-2.5761,0.8802,0.0000,91.1582,-48.2853,-96.6594
215868364,0.0014,-0.0033,0.0339,-0.0278,0.0084,0.0500,-0.0500,0.0103,-0.1912,0.0893,0.0339,-0.0278,-2.5761,1.3966,0.0000,91.1428,-48.2694,-96.6594
215873364,0.0017,-0.0037,0.0583,-0.0305,0.0042,0.0500,-0.0500,0.0087,-0.1909,0.0892,0.0583,-0.0305,-2.5761,2.2744,0.0000,91.1325,-48.2437,-96.6594
215878366,0.0018,-0.0039,0.0648,-0.0312,0.0341,-0.0200,0.0200,0.0080,-0.1905,0.0890,0.0648,-0.0312,-2.1583,1.3966,0.0000,91.1260,-48.2494,-96.6594
215883365,0.0022,-0.0042,0.0709,-0.0162,0.0597,-0.0200,0.0200,0.0041,-0.1902,0.0889,0.0709,-0.0162,-1.7869,1.1384,0.0000,91.1255,-48.2495,-96.6594
215888366,0.0028,-0.0044,0.0819,-0.0217,0.0072,0.0321,-0.0369,0.0045,-0.1898,0.0887,0.0871,-0.0341,0.1108,0.8286,0.0000,91.1570,-48.2498,-96.6594
215893364,0.0034,-0.0045,0.0654,-0.0052,0.0811,0.0287,-0.0333,0.0014,-0.1894,0.0887,0.0635,-0.0153,0.4430,0.6737,0.0000,91.1653,-48.2498,-96.6594
215898366,0.0037,-0.0047,0.0171,-0.0061,0.0292,0.0174,-0.0259,0.0074,-0.1894,0.0887,0.0019,0.0070,0.4430,-0.8802,0.0000,91.1679,-48.2792,-96.6594
215903364,0.0038,-0.0047,-0.0061,0.0192,-0.0670,0.0132,-0.0158,0.0052,-0.1896,0.0889,-0.0270,0.0422,0.4430,-1.5404,0.0000,91.1697,-48.2980,-96.6594
215908366,0.0040,-0.0047,-0.0043,0.0315,-0.0930,0.0144,-0.0136,0.0027,-0.1897,0.0892,-0.0251,0.0545,0.4430,-1.5404,0.0000,91.1724,-48.3073,-96.6594
215913365,0.0039,-0.0043,-0.0125,0.0522,-0.0475,0.0115,-0.0071,-0.0500,-0.1899,0.0896,-0.0334,0.0752,0.4430,-1.5404,0.0000,91.1741,-48.3134,-96.6594
215918366,0.0039,-0.0041,-0.0409,0.0544,0.0552,0.0009,-0.0025,-0.0500,-0.1903,0.0899,-0.0913,0.0773,2.1544,-1.5404,0.0000,91.2160,-48.3227,-96.6594
215923365,0.0038,-0.0039,-0.0614,0.0535,0.0411,-0.0500,0.0010,-0.0500,-0.1909,0.0903,-0.1118,0.0764,2.1544,-1.5404,0.0000,91.2247,-48.3288,-96.6594
215928366,0.0036,-0.0038,-0.0858,0.0538,-0.0465,-0.0500,0.0500,-0.0500,-0.1914,0.0907,-0.0982,0.0753,2.1544,-1.4430,0.0000,91.2376,-48.3361,-96.6594
215933364,0.0031,-0.0034,-0.0996,0.0547,-0.0490,-0.0500,0.0500,0.0200,-0.1919,0.0910,-0.0996,0.0547,2.1544,-1.1996,0.0000,91.2462,-48.3366,-96.6594
215938364,0.0024,-0.0032,-0.1011,0.0556,0.0374,-0.0500,0.0500,0.0200,-0.1924,0.0913,-0.1011,0.0556,1.6842,-0.9075,-0.0488,91.2486,-48.3369,-96.6605
215943365,0.0020,-0.0030,-0.0599,0.0238,0.0142,0.0200,0.0500,0.0500,-0.1927,0.0914,-0.0603,0.0231,0.1932,-0.7128,-0.0488,91.2230,-48.3363,-96.6607
215948364,0.0017,-0.0029,-0.0241,0.0021,-0.0380,0.0200,-0.0200,0.0500,-0.1928,0.0914,-0.0241,0.0021,-0.2674,0.1100,-0.9903,91.2120,-48.3235,-96.6808
215953365,0.0016,-0.0029,-0.0027,-0.0165,-0.0407,0.0500,-0.0200,0.0500,-0.1928,0.0913,0.0019,-0.0165,-0.2674,1.4853,-1.9317,91.2109,-48.2923,-96.7063
215958366,0.0016,-0.0033,0.0183,-0.0287,-0.0181,0.0500,-0.0500,0.0500,-0.1926,0.0910,0.0311,-0.0509,-2.0948,1.4853,-1.9317,91.1691,-48.2833,-96.7178
215963364,0.0018,-0.0035,0.0131,-0.0629,-0.0273,0.0500,-0.0500,-0.0200,-0.1926,0.0907,0.0131,-0.0629,-2.3163,1.4853,-1.9317,91.1555,-48.2774,-96.7256
215968365,0.0022,-0.0038,0.0214,-0.0443,-0.0548,0.0500,-0.0500,-0.0200,-0.1924,0.0905,0.0214,-0.0443,-2.3163,2.5697,-1.9317,91.1416,-48.2433,-96.7372
215973365,0.0022,-0.0042,0.0284,-0.0302,-0.0817,-0.0200,-0.0500,0.0153,-0.1923,0.0903,0.0209,-0.0433,-2.3163,2.5697,-0.8795,91.1323,-48.2330,-96.7227
215978364,0.0023,-0.0045,0.0354,-0.0330,-0.0811,-0.0200,0.0200,0.0146,-0.1922,0.0901,0.0373,-0.0297,-1.9913,2.5697,0.2215,91.1255,-48.2176,-96.7006
215983364,0.0024,-0.0048,0.0467,-0.0082,-0.0291,0.0228,0.0200,0.0073,-0.1919,0.0901,0.0605,-0.0049,-0.6892,1.5886,0.2215,91.1454,-48.2280,-96.6997
215988366,0.0028,-0.0048,0.0409,0.0037,-0.0154,0.0219,-0.0266,0.0053,-0.1916,0.0901,0.0416,0.0025,0.2215,0.2977,0.2215,91.1646,-48.2498,-96.6984
215993365,0.0032,-0.0048,0.0226,0.0150,-0.0585,0.0192,-0.0218,0.0049,-0.1915,0.0902,0.0228,0.0146,0.2215,0.2461,0.2215,91.1655,-48.2497,-96.6975
215998364,0.0033,-0.0050,0.0082,0.0064,-0.0401,0.0166,-0.0224,0.0074,-0.1914,0.0903,0.0168,0.0221,0.2215,0.1944,1.2468,91.1668,-48.2494,-96.6744
216003364,0.0032,-0.0051,0.0092,0.0147,0.0164,0.0161,-0.0212,0.0045,-0.1913,0.0905,0.0223,0.0398,0.2215,0.1428,1.8327,91.1677,-48.2498,-96.6558
216008364,0.0035,-0.0049,0.0241,0.0122,0.0506,0.0190,-0.0211,0.0002,-0.1912,0.0909,0.0195,0.0683,0.2215,-1.9254,1.8327,91.1690,-48.2946,-96.6448
216013365,0.0036,-0.0051,0.0153,0.0211,0.0093,0.0162,-0.0175,0.0010,-0.1913,0.0912,-0.0124,0.0771,1.5586,-1.9254,1.8327,91.1987,-48.3023,-96.6375
216018366,0.0038,-0.0050,-0.0144,0.0278,-0.0517,0.0092,-0.0114,0.0041,-0.1916,0.0917,-0.0531,0.0838,2.2003,-1.9254,1.8327,91.2242,-48.3139,-96.6265
216023365,0.0038,-0.0049,-0.0373,0.0360,-0.0056,0.0029,-0.0072,0.0045,-0.1920,0.0921,-0.0783,0.0881,2.2003,-1.9254,1.5705,91.2330,-48.3216,-96.6248
216028366,0.0037,-0.0048,-0.0669,0.0709,0.0674,-0.0500,0.0500,0.0001,-0.1925,0.0927,-0.1115,0.1167,2.2003,-1.9254,1.1510,91.2462,-48.3331,-96.6250
216033364,0.0032,-0.0046,-0.0794,0.0858,0.0054,-0.0500,0.0500,-0.0006,-0.1929,0.0932,-0.0704,0.1014,1.9182,-1.7307,1.0461,91.2489,-48.3367,-96.6228
216038364,0.0030,-0.0041,-0.0874,0.0877,-0.0166,-0.0500,0.0500,-0.0010,-0.1933,0.0937,-0.0784,0.1032,1.4010,-1.2926,1.0461,91.2485,-48.3369,-96.6166
216043364,0.0026,-0.0036,-0.0764,0.0773,0.0142,-0.0500,0.0500,-0.0016,-0.1936,0.0942,-0.0674,0.0929,1.1659,-1.0492,1.0461,91.2489,-48.3366,-96.6124
216048365,0.0021,-0.0032,-0.0614,0.0660,0.0420,0.0200,-0.0200,-0.0016,-0.1939,0.0946,-0.0524,0.0816,0.8367,-0.7021,1.0461,91.2483,-48.3351,-96.6061
216053364,0.0018,-0.0031,-0.0238,0.0275,0.0356,0.0200,-0.0200,0.0027,-0.1940,0.0948,-0.0189,0.0360,-0.8022,1.0452,0.5742,91.2154,-48.2993,-96.6116
216058366,0.0018,-0.0029,-0.0037,0.0086,0.0203,0.0500,-0.0500,0.0052,-0.1938,0.0947,0.0220,-0.0119,-0.9092,1.2653,-0.1049,91.2078,-48.2874,-96.6253
216063364,0.0018,-0.0029,0.0412,-0.0128,0.0228,0.0500,-0.0500,0.0039,-0.1936,0.0946,0.0403,-0.0144,-0.9092,1.2653,-0.1049,91.2042,-48.2823,-96.6257
216068364,0.0022,-0.0030,0.0376,-0.0394,0.0329,0.0500,-0.0500,0.0096,-0.1935,0.0944,0.0367,-0.0410,-2.5704,1.2653,-0.1049,91.1623,-48.2748,-96.6263
216073365,0.0026,-0.0033,0.0357,-0.0308,0.0365,0.0500,-0.0500,0.0083,-0.1933,0.0943,0.0348,-0.0324,-2.5704,1.2653,-0.1049,91.1520,-48.2697,-96.6267
216078366,0.0027,-0.0037,0.0449,-0.0263,0.0197,-0.0200,0.0200,0.0073,-0.1931,0.0941,0.0440,-0.0278,-2.0721,1.2653,-0.1049,91.1468,-48.2621,-96.6274
216083364,0.0028,-0.0037,0.0519,-0.0159,0.0234,-0.0200,0.0200,0.0040,-0.1928,0.0940,0.0510,-0.0174,-0.9646,1.2653,-0.1049,91.1636,-48.2570,-96.6278
216088366,0.0033,-0.0040,0.0470,-0.0266,0.0304,0.0262,-0.0347,0.0073,-0.1925,0.0938,0.0689,-0.0470,-0.6877,1.2653,-0.1049,91.1643,-48.2495,-96.6284
216093364,0.0037,-0.0042,0.0415,-0.0299,0.0445,0.0261,-0.0361,0.0082,-0.1922,0.0936,0.0597,-0.0473,-0.5769,1.0587,-0.1049,91.1639,-48.2490,-96.6288
216098365,0.0040,-0.0045,0.0336,-0.0275,0.0127,0.0240,-0.0329,0.0084,-0.1920,0.0935,0.0294,-0.0110,-0.4108,-1.2103,-0.1049,91.1643,-48.2953,-96.6295
216103365,0.0042,-0.0047,0.0009,0.0006,-0.0603,0.0160,-0.0221,0.0084,-0.1921,0.0936,-0.0224,0.0171,0.6953,-1.2103,-0.1049,91.1854,-48.3002,-96.6299
216108365,0.0042,-0.0049,0.0076,0.0189,-0.0575,0.0162,-0.0188,0.0048,-0.1923,0.0938,-0.0369,0.0354,1.9254,-1.2103,-0.1049,91.2197,-48.3074,-96.6305
216113365,0.0043,-0.0048,-0.0388,0.0440,0.0161,0.0037,-0.0080,0.0037,-0.1927,0.0941,-0.0833,0.0605,1.9254,-1.2103,-0.1049,91.2274,-48.3123,-96.6309
216118364,0.0042,-0.0045,-0.0553,0.0596,0.0261,-0.0007,-0.0017,0.0015,-0.1932,0.0945,-0.0998,0.0760,1.9254,-1.2103,-0.1049,91.2389,-48.3195,-96.6316
216123364,0.0040,-0.0043,-0.0898,0.0538,-0.0175,-0.0500,0.0500,0.0074,-0.1939,0.0948,-0.1343,0.0702,1.9254,-1.2103,-0.1049,91.2466,-48.3244,-96.6320
216128364,0.0036,-0.0042,-0.1087,0.0678,-0.0490,-0.0500,0.0500,0.0070,-0.1944,0.0951,-0.1096,0.0662,1.5022,-1.2103,-0.1049,91.2487,-48.3316,-96.6326
216133365,0.0029,-0.0039,-0.1017,0.0751,0.0118,-0.0500,0.0500,0.0042,-0.1950,0.0955,-0.1026,0.0736,1.2200,-1.2103,-0.1049,91.2485,-48.3365,-96.6330
216138365,0.0024,-0.0035,-0.0883,0.0684,0.0344,-0.0500,0.0500,0.0032,-0.1954,0.0958,-0.0892,0.0669,0.6705,-0.9182,-0.1049,91.2438,-48.3369,-96.6337
216143365,0.0021,-0.0032,-0.0501,0.0412,0.0072,0.0200,-0.0200,0.0041,-0.1957,0.0960,-0.0510,0.0397,-0.8270,-0.7235,-0.1049,91.2132,-48.3363,-96.6341
216148365,0.0019,-0.0030,-0.0199,0.0150,0.0115,0.0200,-0.0200,0.0059,-0.1958,0.0961,-0.0208,0.0134,-0.8270,0.7152,-0.1049,91.2083,-48.3099,-96.6347
216153365,0.0017,-0.0031,-0.0089,-0.0122,0.0374,0.0500,-0.0500,0.0112,-0.1957,0.0959,0.0168,-0.0351,-0.8270,1.4303,-0.1049,91.2050,-48.2905,-96.6351
216158366,0.0017,-0.0032,0.0266,-0.0327,0.0588,0.0500,-0.0500,0.0111,-0.1956,0.0958,0.0257,-0.0342,-2.5990,1.4303,-0.1049,91.1583,-48.2820,-96.6357
216163364,0.0020,-0.0035,0.0202,-0.0287,0.0717,0.0500,-0.0500,0.0109,-0.1955,0.0956,0.0193,-0.0303,-2.5990,1.4303,-0.1049,91.1479,-48.2762,-96.6362
216168366,0.0023,-0.0038,0.0376,-0.0159,0.0185,0.0500,-0.0500,0.0070,-0.1953,0.0955,0.0367,-0.0174,-2.5990,1.4303,-0.1049,91.1323,-48.2677,-96.6368
216173364,0.0024,-0.0038,0.0470,-0.0131,0.0451,-0.0200,0.0200,0.0050,-0.1950,0.0954,0.0461,-0.0147,-2.4133,1.4303,-0.1049,91.1257,-48.2619,-96.6372
216178366,0.0026,-0.0038,0.0583,-0.0156,0.0802,-0.0200,0.0200,0.0033,-0.1948,0.0954,0.0574,-0.0171,-1.6436,1.4303,-0.1049,91.1285,-48.2533,-96.6378
216183365,0.0031,-0.0040,0.0541,-0.0110,0.0436,0.0261,-0.0317,0.0039,-0.1944,0.0952,0.0626,-0.0324,0.1108,1.3271,-0.1049,91.1608,-48.2497,-96.6383
216188366,0.0035,-0.0041,0.0278,0.0024,0.0387,0.0203,-0.0253,0.0036,-0.1943,0.0952,0.0266,-0.0069,0.2769,0.5221,-0.1049,91.1658,-48.2591,-96.6389
216193365,0.0037,-0.0043,0.0137,-0.0006,0.0396,0.0166,-0.0231,0.0050,-0.1943,0.0952,-0.0023,0.0159,0.2769,-1.2103,-0.1049,91.1669,-48.2946,-96.6393
216198366,0.0039,-0.0043,-0.0082,0.0110,0.0093,0.0122,-0.0179,0.0053,-0.1944,0.0954,-0.0243,0.0275,0.2769,-1.2103,-0.1049,91.1685,-48.3019,-96.6399
216203365,0.0039,-0.0044,-0.0150,0.0321,-0.0175,0.0110,-0.0125,0.0022,-0.1946,0.0956,-0.0310,0.0486,0.2769,-1.2103,-0.1049,91.1697,-48.3067,-96.6404
216208365,0.0040,-0.0045,-0.0205,0.0367,-0.0566,0.0079,-0.0094,0.0036,-0.1949,0.0959,-0.0660,0.0531,1.9883,-1.2103,-0.1049,91.2089,-48.3140,-96.6410
216213365,0.0039,-0.0042,-0.0495,0.0535,-0.0307,-0.0002,-0.0010,0.0024,-0.1954,0.0962,-0.0987,0.0699,2.2022,-1.2103,-0.1049,91.2219,-48.3188,-96.6414
216218365,0.0038,-0.0039,-0.0617,0.0559,0.0301,-0.0500,0.0014,0.0018,-0.1960,0.0966,-0.1110,0.0724,2.2022,-1.2103,-0.1049,91.2351,-48.3261,-96.6420
216223365,0.0035,-0.0037,-0.1121,0.0507,-0.0282,-0.0500,0.0500,0.0087,-0.1966,0.0969,-0.1234,0.0672,2.2022,-1.2103,-0.1049,91.2439,-48.3309,-96.6425
216228366,0.0028,-0.0036,-0.1118,0.0583,-0.0282,-0.0500,0.0500,0.0087,-0.1972,0.0972,-0.1127,0.0568,1.8261,-1.1129,-0.1049,91.2488,-48.3362,-96.6431
216233364,0.0021,-0.0033,-0.1023,0.0556,-0.0062,-0.0500,0.0500,0.0084,-0.1977,0.0975,-0.1032,0.0540,1.4969,-0.9182,-0.1049,91.2489,-48.3364,-96.6435
216238364,0.0016,-0.0031,-0.0770,0.0370,0.0142,0.0200,0.0500,0.0090,-0.1981,0.0977,-0.0779,0.0354,-0.2956,-0.6748,-0.1049,91.2182,-48.3363,-96.6441
216243364,0.0013,-0.0029,-0.0458,0.0159,0.0210,0.0200,-0.0200,0.0097,-0.1983,0.0977,-0.0467,0.0143,-0.5096,-0.5774,-0.1049,91.2119,-48.3369,-96.6446
216248365,0.0010,-0.0028,-0.0235,-0.0049,0.0087,-0.0013,-0.0200,0.0115,-0.1984,0.0977,-0.0156,-0.0064,-0.5096,1.5404,-0.1049,91.2089,-48.2924,-96.6452
216253365,0.0009,-0.0030,0.0040,-0.0159,-0.0102,0.0500,-0.0500,0.0117,-0.1982,0.0975,0.0442,-0.0404,-1.6171,1.5404,-0.1049,91.1834,-48.2862,-96.6456
216258366,0.0008,-0.0033,0.0061,-0.0278,0.0133,0.0500,-0.0500,0.0152,-0.1981,0.0974,0.0052,-0.0294,-2.4477,1.5404,-0.1049,91.1529,-48.2770,-96.6462
216263364,0.0010,-0.0036,0.0089,-0.0186,-0.0215,0.0500,-0.0500,0.0138,-0.1981,0.0973,0.0080,-0.0202,-2.4477,2.6247,-0.1049,91.1431,-48.2475,-96.6467
216268365,0.0012,-0.0038,0.0528,-0.0131,-0.0496,0.0500,-0.0500,0.0080,-0.1978,0.0972,0.0519,-0.0147,-2.4477,2.6247,-0.1049,91.1284,-48.2318,-96.6473
216273365,0.0013,-0.0039,0.0550,-0.0107,-0.0230,-0.0200,0.0200,0.0070,-0.1976,0.0971,0.0541,-0.0123,-2.1227,2.6247,-0.1049,91.1256,-48.2213,-96.6477
216278366,0.0018,-0.0041,0.0513,-0.0101,-0.0013,-0.0200,0.0200,0.0066,-0.1973,0.0971,0.0504,-0.0116,-1.3905,0.7658,-0.1049,91.1292,-48.2468,-96.6483
216283364,0.0022,-0.0042,0.0498,0.0006,0.0057,0.0211,-0.0258,0.0045,-0.1971,0.0970,0.0466,-0.0085,0.3876,0.5076,-0.1049,91.1626,-48.2496,-96.6488
216288364,0.0025,-0.0043,0.0125,0.0195,0.0127,0.0125,-0.0177,0.0047,-0.1970,0.0971,0.0075,0.0119,0.4430,0.4043,-0.1049,91.1663,-48.2490,-96.6494
216293364,0.0025,-0.0044,-0.0076,0.0272,-0.0041,0.0077,-0.0137,0.0061,-0.1971,0.0972,-0.0136,0.0211,0.4430,0.3011,-0.1049,91.1681,-48.2497,-96.6498
216298366,0.0024,-0.0042,-0.0119,0.0211,0.0002,0.0056,-0.0125,0.0069,-0.1972,0.0973,-0.0242,0.0261,0.4430,-0.4401,-0.1049,91.1707,-48.2628,-96.6504
216303364,0.0023,-0.0040,-0.0037,0.0189,0.0280,0.0061,-0.0116,0.0044,-0.1974,0.0975,-0.0283,0.0453,0.4430,-1.8704,-0.1049,91.1725,-48.2965,-96.6509
216308365,0.0024,-0.0041,-0.0162,0.0278,-0.0291,0.0019,-0.0067,0.0060,-0.1977,0.0978,-0.0685,0.0541,2.0475,-1.8704,-0.1049,91.2102,-48.3077,-96.6515
216313365,0.0023,-0.0040,-0.0528,0.0415,-0.0181,-0.0500,0.0011,0.0075,-0.1982,0.0982,-0.1079,0.0679,2.2079,-1.8704,-0.1049,91.2222,-48.3152,-96.6519
216318366,0.0022,-0.0037,-0.0666,0.0513,0.0411,-0.0500,0.0500,0.0040,-0.1987,0.0985,-0.0835,0.0777,2.2079,-1.8704,-0.1049,91.2354,-48.3264,-96.6525
216323364,0.0016,-0.0034,-0.0840,0.0379,0.0124,-0.0500,0.0500,0.0110,-0.1991,0.0987,-0.0849,0.0363,2.2079,-1.8704,-0.1049,91.2442,-48.3339,-96.6530
216328366,0.0013,-0.0031,-0.0956,0.0382,-0.0490,-0.0500,0.0500,0.0128,-0.1996,0.0989,-0.0965,0.0366,1.7847,-1.4810,-0.1049,91.2482,-48.3364,-96.6536
216333365,0.0009,-0.0032,-0.0748,0.0385,-0.0740,0.0200,0.0500,0.0115,-0.2000,0.0991,-0.0757,0.0369,0.5740,-1.2376,-0.1049,91.2295,-48.3369,-96.6540
216338366,0.0005,-0.0031,-0.0501,0.0333,-0.0258,0.0200,-0.0200,0.0093,-0.2002,0.0993,-0.0510,0.0317,-0.2674,-0.2854,-0.1049,91.2116,-48.3238,-96.6546
216343364,0.0001,-0.0029,-0.0354,0.0208,0.0454,-0.0087,-0.0200,0.0092,-0.2004,0.0993,-0.0317,0.0192,-0.2674,1.1553,-0.1049,91.2106,-48.2930,-96.6551
216348366,-0.0000,-0.0028,-0.0116,0.0067,0.0295,-0.0005,-0.0500,0.0092,-0.2002,0.0993,0.0249,-0.0121,-1.5964,1.1553,-0.1049,91.1805,-48.2860,-96.6557
216353364,-0.0000,-0.0027,0.0116,-0.0015,-0.0236,0.0500,-0.0500,0.0072,-0.2000,0.0993,0.0506,-0.0031,-2.3163,1.1553,-0.1049,91.1574,-48.2814,-96.6561
216358364,0.0002,-0.0029,0.0018,-0.0064,-0.0270,0.0500,-0.0500,0.0112,-0.2000,0.0992,0.0009,-0.0080,-2.3163,2.3429,-0.1049,91.1435,-48.2490,-96.6567
216363364,0.0005,-0.0031,0.0244,-0.0058,-0.0114,0.0500,-0.0500,0.0084,-0.1999,0.0992,0.0235,-0.0074,-2.3163,2.3429,-0.1049,91.1343,-48.2396,-96.6572
216368366,0.0006,-0.0032,0.0510,0.0046,-0.0078,0.0500,0.0200,0.0027,-0.1996,0.0992,0.0501,0.0030,-2.0842,1.6716,-0.1049,91.1253,-48.2395,-96.6578
216373365,0.0007,-0.0032,0.0559,0.0024,-0.0508,-0.0200,0.0200,0.0030,-0.1993,0.0992,0.0550,0.0009,-1.7128,0.9487,-0.1049,91.1252,-48.2493,-96.6582
216378365,0.0011,-0.0032,0.0428,0.0082,-0.0548,-0.0200,-0.0172,0.0030,-0.1991,0.0992,0.0478,-0.0036,-1.2485,0.6905,-0.1049,91.1257,-48.2496,-96.6588
216383364,0.0015,-0.0032,0.0299,0.0205,0.0124,0.0141,-0.0147,0.0001,-0.1989,0.0992,0.0398,0.0101,-0.3340,0.5873,-0.1049,91.1400,-48.2491,-96.6592
216388366,0.0017,-0.0033,0.0031,0.0272,0.0530,0.0054,-0.0086,0.0013,-0.1990,0.0994,-0.0169,0.0338,0.8306,-0.5501,-0.1049,91.1666,-48.2702,-96.6599
216393365,0.0015,-0.0031,-0.0174,0.0214,0.0240,-0.0010,-0.0045,0.0046,-0.1992,0.0996,-0.0468,0.0444,0.8306,-1.6504,-0.1049,91.1699,-48.2974,-96.6603
216398366,0.0013,-0.0030,-0.0220,0.0095,-0.0322,-0.0500,-0.0049,0.0084,-0.1995,0.0998,-0.0510,0.0333,0.8306,-1.6504,-0.0561,91.1749,-48.3073,-96.6597
216403365,0.0013,-0.0030,-0.0257,0.0293,-0.0578,-0.0500,-0.0006,0.0043,-0.1997,0.1001,-0.0403,0.0531,0.8306,-1.6504,-0.0561,91.1782,-48.3139,-96.6599
216408365,0.0012,-0.0030,-0.0531,0.0412,0.0026,-0.0500,0.0500,0.0047,-0.2000,0.1004,-0.0678,0.0650,0.8306,-1.6504,-0.0561,91.1832,-48.3238,-96.6602
216413365,0.0009,-0.0026,-0.0663,0.0498,0.0368,-0.0500,0.0500,0.0043,-0.2003,0.1006,-0.0663,0.0498,0.8306,-1.6504,0.0000,91.1866,-48.3304,-96.6594
216418364,0.0006,-0.0023,-0.0562,0.0421,-0.0178,0.0200,0.0500,0.0050,-0.2006,0.1009,-0.0562,0.0421,0.8306,-1.4557,0.0000,91.1915,-48.3362,-96.6594
216423364,0.0002,-0.0022,-0.0470,0.0348,-0.0762,0.0200,0.0500,0.0066,-0.2009,0.1010,-0.0470,0.0348,0.8306,-1.2123,0.0000,91.1949,-48.3367,-96.6594
216428364,-0.0001,-0.0020,-0.0370,0.0214,-0.0258,-0.0089,-0.0200,0.0071,-0.2010,0.1011,-0.0303,0.0214,-0.3876,-0.8715,0.0000,91.1739,-48.3361,-96.6594
216433364,-0.0002,-0.0018,-0.0110,0.0192,0.0374,-0.0030,-0.0200,0.0027,-0.2010,0.1012,0.0043,0.0192,-0.8860,0.8802,0.0000,91.1607,-48.3010,-96.6594
216438364,-0.0004,-0.0016,-0.0040,0.0159,0.0402,-0.0011,-0.0500,0.0032,-0.2009,0.1012,0.0217,-0.0022,-0.8860,1.2103,0.0000,91.1554,-48.2873,-96.6594
216443365,-0.0005,-0.0015,-0.0052,0.0000,0.0130,-0.0023,-0.0500,0.0062,-0.2008,0.1012,0.0101,-0.0000,-0.8860,1.2103,0.0000,91.1518,-48.2824,-96.6594
216448365,-0.0004,-0.0014,-0.0061,-0.0003,-0.0273,-0.0015,-0.0500,0.0064,-0.2008,0.1012,0.0092,-0.0003,-0.8860,1.2103,0.0000,91.1465,-48.2752,-96.6594
216453364,-0.0001,-0.0016,0.0125,0.0024,0.0494,0.0500,-0.0500,0.0023,-0.2006,0.1012,0.0278,0.0024,-0.8860,1.2103,0.0000,91.1430,-48.2703,-96.6594
216458364,-0.0001,-0.0017,0.0122,0.0040,0.0243,0.0500,0.0200,0.0036,-0.2006,0.1013,0.0122,0.0040,-0.8860,1.2103,0.0000,91.1376,-48.2631,-96.6594
216463364,0.0001,-0.0016,0.0165,0.0079,-0.0145,0.0500,0.0200,0.0017,-0.2005,0.1013,0.0165,0.0079,-0.8860,1.2103,0.0000,91.1341,-48.2582,-96.6594
216468365,0.0004,-0.0016,0.0137,0.0189,-0.0047,0.0500,-0.0054,-0.0002,-0.2004,0.1013,0.0242,0.0009,-0.8860,1.2103,0.0000,91.1288,-48.2510,-96.6594
216473364,0.0006,-0.0016,0.0055,0.0192,0.0170,-0.0200,-0.0050,0.0001,-0.2003,0.1013,0.0146,0.0035,-0.8860,1.0554,0.0000,91.1252,-48.2495,-96.6594
216478364,0.0007,-0.0015,-0.0089,0.0174,0.0420,-0.0200,-0.0004,-0.0004,-0.2004,0.1015,-0.0197,0.0363,0.8306,-1.2653,0.0000,91.1570,-48.2955,-96.6594
216483364,0.0008,-0.0013,-0.0119,0.0104,0.0329,-0.0500,-0.0005,0.0017,-0.2006,0.1016,-0.0428,0.0293,1.1629,-1.2653,0.0000,91.1682,-48.3006,-96.6594
216488364,0.0009,-0.0014,-0.0205,0.0244,-0.0423,-0.0500,0.0500,0.0002,-0.2008,0.1019,-0.0313,0.0433,1.1629,-1.2653,0.0000,91.1752,-48.3082,-96.6594
216493364,0.0009,-0.0015,-0.0244,0.0272,-0.0820,-0.0500,0.0500,0.0016,-0.2009,0.1020,-0.0244,0.0272,1.1629,-1.2653,0.0000,91.1798,-48.3132,-96.6594
216498364,0.0008,-0.0011,-0.0318,0.0507,0.0628,-0.0500,0.0500,-0.0500,-0.2011,0.1022,-0.0318,0.0507,1.1629,-1.2653,0.0000,91.1868,-48.3208,-96.6594
216503364,0.0008,-0.0009,-0.0528,0.0403,0.0411,0.0200,0.0500,-0.0500,-0.2013,0.1024,-0.0528,0.0403,1.1629,-1.2653,0.0000,91.1914,-48.3259,-96.6594
216508365,0.0004,-0.0007,-0.0452,0.0302,-0.0340,0.0200,-0.0200,-0.0500,-0.2016,0.1026,-0.0452,0.0302,1.1629,-1.2653,0.0000,91.1984,-48.3335,-96.6594
216513364,0.0001,-0.0006,-0.0299,0.0122,0.0035,-0.0086,-0.0200,-0.0500,-0.2018,0.1027,-0.0500,0.0122,1.1629,0.2201,0.0000,91.2031,-48.3064,-96.6594
216518364,-0.0001,-0.0006,-0.0086,0.0043,0.0576,-0.0022,-0.0018,0.0200,-0.2018,0.1026,0.0043,-0.0080,-0.3323,0.8252,0.0000,91.1777,-48.2898,-96.6594
216523365,-0.0001,-0.0009,0.0000,-0.0116,0.0546,0.0008,-0.0500,0.0200,-0.2017,0.1025,0.0243,-0.0239,-0.9968,0.8252,-0.0488,91.1610,-48.2865,-96.6605
216528366,0.0001,-0.0009,-0.0012,-0.0064,0.0448,0.0009,-0.0500,0.0500,-0.2016,0.1025,0.0155,-0.0071,-0.9968,0.9285,-0.0488,91.1550,-48.2795,-96.6607
216533365,0.0003,-0.0010,-0.0018,0.0101,0.0130,0.0020,-0.0500,0.0500,-0.2015,0.1025,0.0153,0.0101,-0.9968,2.2194,-0.1596,91.1510,-48.2469,-96.6631
216538364,0.0002,-0.0011,0.0073,0.0101,-0.0032,0.0500,-0.0500,0.0500,-0.2014,0.1026,0.0245,0.0101,-0.9968,2.2194,-1.9317,91.1450,-48.2336,-96.7080
216543364,0.0001,-0.0011,0.0086,0.0156,0.0057,0.0500,0.0200,0.0500,-0.2013,0.1026,0.0086,0.0156,-0.9968,2.2194,-1.9317,91.1410,-48.2247,-96.7142
216548364,0.0003,-0.0011,0.0024,-0.0183,-0.0453,0.0500,0.0200,-0.0200,-0.2013,0.1026,0.0024,-0.0183,-0.9968,0.5154,-1.9317,91.1351,-48.2489,-96.7273
216553364,0.0003,-0.0010,-0.0043,-0.0052,-0.0352,0.0500,-0.0048,-0.0200,-0.2013,0.1025,-0.0007,-0.0113,-0.9968,0.4121,-1.9317,91.1311,-48.2492,-96.7336
216558364,0.0003,-0.0013,-0.0043,-0.0018,-0.0380,-0.0200,-0.0048,0.0053,-0.2013,0.1025,-0.0011,-0.0056,-0.8306,0.3088,0.0554,91.1284,-48.2492,-96.7021
216563365,0.0002,-0.0014,-0.0058,0.0116,-0.0291,-0.0200,-0.0018,0.0031,-0.2014,0.1025,-0.0031,0.0086,0.9414,0.2572,0.0554,91.1640,-48.2491,-96.7019
216568364,0.0002,-0.0015,-0.0070,0.0333,0.0313,-0.0500,0.0500,-0.0500,-0.2015,0.1028,-0.0328,0.0516,0.9414,-1.1698,0.0554,91.1696,-48.2785,-96.7016
216573364,0.0004,-0.0013,0.0037,0.0336,0.0228,-0.0500,0.0500,-0.0500,-0.2015,0.1029,0.0037,0.0336,0.9414,-1.8849,0.0554,91.1734,-48.2997,-96.7014
216578366,0.0005,-0.0010,0.0095,0.0211,-0.0249,-0.0500,0.0500,-0.0500,-0.2015,0.1030,0.0095,0.0211,2.5458,-1.8849,0.0554,91.2142,-48.3110,-96.7010
216583364,0.0005,-0.0010,-0.0324,0.0223,-0.0102,-0.0500,0.0500,-0.0500,-0.2016,0.1032,-0.0324,0.0223,2.5458,-1.8849,0.0554,91.2244,-48.3185,-96.7008
216588366,0.0004,-0.0011,-0.0556,0.0299,0.0475,0.0200,-0.0200,0.0200,-0.2019,0.1033,-0.0556,0.0299,1.3692,-1.8849,0.0554,91.2131,-48.3298,-96.7004
216593365,0.0004,-0.0009,-0.0504,0.0574,0.0784,0.0200,-0.0200,0.0200,-0.2021,0.1036,-0.0504,0.0574,1.1018,-0.4546,0.0554,91.2127,-48.3065,-96.7003
216598366,0.0001,-0.0007,-0.0339,0.0367,0.0665,-0.0100,0.0090,-0.0016,-0.2024,0.1038,-0.0459,0.0342,0.8344,0.2201,0.0554,91.2132,-48.2926,-96.6999
216603365,-0.0000,-0.0006,-0.0070,0.0046,0.0368,-0.0030,-0.0004,0.0020,-0.2025,0.1038,-0.0163,0.0021,0.6740,0.2201,0.0554,91.2131,-48.2917,-96.6997
216608366,0.0002,-0.0005,0.0119,0.0021,0.0353,0.0500,-0.0500,-0.0019,-0.2022,0.1037,0.0437,-0.0051,-1.7166,0.3750,-0.1108,91.1620,-48.2873,-96.7036
216613364,0.0004,-0.0007,0.0073,-0.0095,0.0142,0.0500,-0.0500,0.0500,-0.2022,0.1037,0.0064,-0.0111,-1.7166,2.0273,-0.1108,91.1551,-48.2495,-96.7040
216618366,0.0006,-0.0009,-0.0079,-0.0137,-0.0276,0.0500,-0.0500,0.0500,-0.2022,0.1036,-0.0079,-0.0137,-1.7166,2.0790,-0.1108,91.1448,-48.2360,-96.7047
216623364,0.0004,-0.0009,-0.0263,-0.0107,-0.0337,0.0500,-0.0500,0.0500,-0.2024,0.1036,-0.0263,-0.0107,-1.7166,2.0790,-0.1108,91.1380,-48.2277,-96.7051
216628364,0.0002,-0.0009,-0.0104,-0.0226,-0.0310,-0.0200,0.0200,0.0500,-0.2024,0.1035,-0.0104,-0.0226,-1.7166,2.0790,-0.1108,91.1277,-48.2152,-96.7058
216633364,0.0001,-0.0010,0.0098,-0.0312,-0.0542,-0.0200,0.0200,-0.0200,-0.2024,0.1033,0.0098,-0.0312,-0.8485,1.8366,-0.1108,91.1390,-48.2121,-96.7062
216638365,0.0003,-0.0013,0.0095,-0.0199,-0.0511,0.0034,-0.0096,-0.0200,-0.2024,0.1032,0.0009,-0.0183,0.4430,-0.1033,0.1108,91.1652,-48.2446,-96.7018
216643365,0.0004,-0.0015,-0.0015,0.0159,-0.0288,0.0009,-0.0011,0.0013,-0.2024,0.1033,-0.0113,0.0229,0.4430,-0.3615,0.1108,91.1669,-48.2511,-96.7014
216648365,0.0004,-0.0016,-0.0073,0.0367,0.0026,-0.0008,0.0500,-0.0500,-0.2025,0.1036,-0.0154,0.0466,0.4430,-0.3615,0.3061,91.1696,-48.2533,-96.6968
216653364,0.0003,-0.0013,-0.0027,0.0345,0.0035,-0.0002,0.0500,-0.0500,-0.2026,0.1037,-0.0104,0.0345,0.4430,-0.3615,1.6731,91.1714,-48.2544,-96.6660
216658364,0.0002,-0.0010,-0.0189,0.0318,0.0188,-0.0500,0.0500,-0.0500,-0.2027,0.1039,-0.0266,0.0318,0.4430,-0.3615,1.9172,91.1740,-48.2569,-96.6488
216663364,0.0003,-0.0010,-0.0241,0.0156,0.0646,-0.0500,0.0500,-0.0500,-0.2028,0.1040,-0.0241,0.0156,1.6196,-0.3615,1.9172,91.2009,-48.2583,-96.6425
216668365,0.0003,-0.0011,-0.0293,0.0315,0.0830,-0.0500,-0.0200,0.0200,-0.2030,0.1041,-0.0293,0.0315,2.1544,-0.3615,1.9172,91.2241,-48.2605,-96.6296
216673364,0.0001,-0.0012,-0.0406,0.0281,0.0762,-0.0500,-0.0200,0.0200,-0.2032,0.1043,-0.0406,0.0281,1.3522,-0.3615,1.8648,91.2160,-48.2620,-96.6244
216678364,-0.0002,-0.0010,-0.0290,0.0312,0.0909,0.0200,0.0071,-0.0021,-0.2033,0.1045,-0.0179,0.0519,0.8709,-0.0516,1.3404,91.2127,-48.2578,-96.6243
216683364,-0.0004,-0.0009,-0.0220,0.0125,0.0903,0.0200,0.0019,0.0500,-0.2033,0.1046,-0.0149,0.0124,0.7104,0.4131,0.4055,91.2127,-48.2472,-96.6398
216688364,-0.0004,-0.0007,-0.0040,0.0046,0.0781,-0.0033,-0.0016,0.0500,-0.2033,0.1046,-0.0004,-0.0016,0.0000,0.4131,-0.6347,91.2019,-48.2447,-96.6632
216693365,-0.0003,-0.0006,-0.0183,0.0034,0.0625,-0.0041,-0.0009,0.0500,-0.2032,0.1046,0.0157,-0.0028,-1.7720,0.4131,-0.6347,91.1630,-48.2430,-96.6652
216698364,-0.0004,-0.0009,-0.0131,-0.0040,0.0378,-0.0028,-0.0500,0.0500,-0.2031,0.1045,0.0209,-0.0101,-1.7720,0.4131,-0.6347,91.1524,-48.2406,-96.6695
216703364,-0.0006,-0.0008,-0.0034,0.0165,0.0341,-0.0013,-0.0500,-0.0200,-0.2030,0.1046,0.0272,0.0165,-1.7720,0.6070,-0.6347,91.1453,-48.2346,-96.6716
216708365,-0.0007,-0.0008,0.0195,0.0107,0.0454,0.0500,-0.0500,-0.0200,-0.2028,0.1046,0.0501,0.0107,-1.7720,1.6251,0.0976,91.1347,-48.2091,-96.6606
216713364,-0.0005,-0.0007,0.0260,0.0003,0.0213,0.0500,-0.0500,-0.0004,-0.2026,0.1047,0.0272,0.0025,-1.7720,1.0433,0.1465,91.1276,-48.2114,-96.6591
216718364,-0.0001,-0.0007,0.0357,-0.0168,0.0103,0.0500,0.0200,0.0016,-0.2024,0.1046,0.0370,-0.0146,-1.4006,0.8009,0.1465,91.1253,-48.2126,-96.6581
216723365,0.0002,-0.0009,0.0257,-0.0165,0.0069,0.0500,0.0200,0.0027,-0.2023,0.1045,0.0274,-0.0135,-1.1221,0.6070,0.1989,91.1259,-48.2122,-96.6566
216728365,0.0003,-0.0012,0.0079,-0.0119,0.0243,-0.0200,-0.0080,0.0029,-0.2022,0.1046,0.0244,0.0092,-0.8435,0.2519,1.6672,91.1255,-48.2172,-96.6185
216733364,0.0004,-0.0013,-0.0189,0.0284,0.0518,-0.0200,0.0500,-0.0500,-0.2023,0.1049,-0.0157,0.0725,0.8306,-1.2909,1.6672,91.1582,-48.2529,-96.6132
216738365,0.0003,-0.0014,-0.0159,0.0305,0.0842,-0.0500,0.0500,-0.0500,-0.2024,0.1051,-0.0350,0.0305,1.1075,-1.2909,1.6672,91.1703,-48.2581,-96.6018
216743364,0.0001,-0.0012,-0.0125,0.0345,0.1046,-0.0500,0.0500,-0.0500,-0.2025,0.1053,-0.0125,0.0345,1.1075,-1.2909,1.6672,91.1758,-48.2658,-96.5951
216748364,0.0002,-0.0012,-0.0214,0.0351,0.0695,-0.0500,0.0500,-0.0500,-0.2026,0.1054,-0.0214,0.0351,1.3214,-1.2909,1.6672,91.1846,-48.2710,-96.5851
216753364,0.0002,-0.0012,-0.0397,0.0449,0.0265,-0.0500,-0.0200,0.0200,-0.2028,0.1057,-0.0397,0.0449,2.5515,-1.2909,1.6672,91.2226,-48.2787,-96.5784
216758364,0.0002,-0.0010,-0.0531,0.0495,0.0472,0.0200,-0.0200,0.0200,-0.2031,0.1059,-0.0531,0.0495,1.6423,-1.2909,1.1237,91.2128,-48.2839,-96.5803
216763364,-0.0002,-0.0007,-0.0586,0.0480,0.0793,0.0200,0.0163,-0.0014,-0.2034,0.1062,-0.0747,0.0586,1.2145,-1.2909,-0.5768,91.2129,-48.2916,-96.6127
216768365,-0.0006,-0.0004,-0.0547,0.0241,0.0628,-0.0193,0.0115,0.0500,-0.2039,0.1063,-0.0854,0.0146,1.0005,-0.4614,-1.1012,91.2131,-48.2794,-96.6294
216773364,-0.0008,-0.0004,-0.0220,-0.0131,0.0521,-0.0098,-0.0015,0.0500,-0.2040,0.1061,-0.0257,-0.0285,0.7331,1.0327,-1.1012,91.2130,-48.2461,-96.6338
216778364,-0.0007,-0.0005,-0.0113,-0.0217,0.0191,-0.0043,-0.0500,0.0500,-0.2039,0.1059,0.0100,-0.0371,-0.7199,1.0327,-1.1012,91.1848,-48.2419,-96.6404
216783365,-0.0007,-0.0008,-0.0235,-0.0119,0.0225,-0.0068,-0.0500,0.0500,-0.2039,0.1059,0.0051,-0.0119,-1.6613,1.0327,-1.1012,91.1571,-48.2357,-96.6448
216788365,-0.0009,-0.0008,-0.0009,0.0089,0.0112,-0.0017,-0.0500,-0.0200,-0.2038,0.1059,0.0277,0.0088,-1.6613,1.0327,-1.1012,91.1504,-48.2316,-96.6514
216793364,-0.0010,-0.0008,0.0055,0.0046,-0.0157,-0.0003,-0.0500,-0.0200,-0.2036,0.1059,0.0341,0.0046,-1.6613,1.0327,-1.1012,91.1405,-48.2254,-96.6558
216798364,-0.0010,-0.0008,0.0177,0.0049,-0.0417,0.0500,0.0200,0.0012,-0.2034,0.1060,0.0440,0.0009,-1.6613,1.0327,-0.2658,91.1338,-48.2213,-96.6450
216803364,-0.0007,-0.0009,0.0122,-0.0140,-0.0520,0.0500,0.0200,0.0058,-0.2033,0.1059,0.0190,-0.0023,-1.5684,1.0327,0.7866,91.1258,-48.2151,-96.6222
216808364,-0.0005,-0.0010,0.0021,-0.0137,-0.0032,0.0500,-0.0048,0.0060,-0.2033,0.1059,0.0071,0.0011,-1.2899,-0.2065,0.7866,91.1256,-48.2375,-96.6175
216813365,-0.0005,-0.0011,-0.0003,0.0290,0.0573,0.0500,0.0500,-0.0500,-0.2033,0.1062,-0.0002,0.0523,-0.9649,-0.7746,0.7866,91.1254,-48.2531,-96.6136
216818365,-0.0007,-0.0012,-0.0119,0.0312,0.0316,-0.0200,0.0500,-0.0500,-0.2033,0.1064,-0.0119,0.0312,-0.3272,-0.7746,0.7866,91.1349,-48.2562,-96.6104
216823365,-0.0008,-0.0010,0.0021,0.0480,0.0588,-0.0200,0.0500,-0.0500,-0.2033,0.1066,0.0021,0.0480,1.0521,-0.7746,0.7866,91.1666,-48.2609,-96.6057
216828364,-0.0007,-0.0007,-0.0119,0.0522,0.0252,-0.0500,0.0500,-0.0500,-0.2035,0.1069,-0.0300,0.0522,1.0521,-0.7746,0.7866,91.1709,-48.2640,-96.6025
216833365,-0.0007,-0.0006,-0.0360,0.0629,-0.0209,-0.0500,-0.0200,0.0200,-0.2036,0.1072,-0.0360,0.0629,1.1591,-0.7746,0.7866,91.1793,-48.2686,-96.5978
216838364,-0.0010,-0.0002,-0.0599,0.0519,-0.0163,-0.0500,-0.0200,0.0200,-0.2039,0.1074,-0.0599,0.0519,2.6031,-0.7746,0.7866,91.2161,-48.2717,-96.5947
216843364,-0.0013,0.0002,-0.0440,0.0483,0.0271,-0.0500,0.0197,-0.0030,-0.2042,0.1077,-0.0556,0.0512,2.6031,-0.7746,-0.5768,91.2317,-48.2748,-96.6194
216848365,-0.0016,0.0003,-0.0367,0.0116,0.0793,0.0200,0.0092,0.0500,-0.2044,0.1076,-0.0390,-0.0094,2.6031,0.5680,-0.8390,91.2421,-48.2471,-96.6279
216853365,-0.0017,0.0004,-0.0159,-0.0183,0.0362,0.0200,0.0015,0.0500,-0.2045,0.1075,-0.0110,-0.0268,0.6778,0.5680,-0.8390,91.2127,-48.2437,-96.6329
216858364,-0.0016,0.0001,-0.0232,-0.0208,-0.0414,-0.0121,0.0021,0.0500,-0.2046,0.1074,-0.0282,-0.0292,0.5708,0.5680,-0.8390,91.2131,-48.2415,-96.6362
216863364,-0.0016,-0.0002,-0.0238,-0.0180,-0.0108,-0.0123,0.0012,0.0500,-0.2047,0.1072,-0.0260,-0.0265,0.4103,0.5680,-0.8390,91.2129,-48.2381,-96.6413
216868365,-0.0018,-0.0005,-0.0318,0.0000,0.0478,-0.0158,0.0049,-0.0200,-0.2049,0.1072,-0.0330,-0.0085,0.3569,0.5680,-0.8390,91.2133,-48.2358,-96.6446
216873364,-0.0020,-0.0006,-0.0189,0.0055,-0.0111,-0.0091,0.0023,-0.0200,-0.2048,0.1071,0.0271,-0.0182,-1.8828,1.5861,-0.8390,91.1657,-48.2098,-96.6497
216878364,-0.0019,-0.0005,-0.0092,0.0064,-0.0808,-0.0054,0.0023,0.0062,-0.2046,0.1070,0.0375,-0.0196,-1.9935,1.5861,-0.1573,91.1555,-48.2035,-96.6389
216883365,-0.0020,-0.0007,0.0037,-0.0012,-0.0798,-0.0019,-0.0011,0.0062,-0.2043,0.1069,0.0566,-0.0163,-1.9935,1.5861,0.5768,91.1436,-48.1940,-96.6214
216888365,-0.0020,-0.0009,-0.0003,0.0024,-0.0130,-0.0040,-0.0014,0.0059,-0.2040,0.1069,0.0526,-0.0126,-1.9935,1.5861,0.5768,91.1356,-48.1876,-96.6191
216893364,-0.0021,-0.0010,0.0137,0.0153,0.0432,-0.0016,-0.0011,0.0010,-0.2037,0.1069,0.0651,0.0002,-1.9007,1.5861,0.5768,91.1255,-48.1781,-96.6157
216898364,-0.0022,-0.0009,0.0183,0.0266,0.0332,-0.0011,0.0015,-0.0017,-0.2034,0.1069,0.0641,0.0115,-1.5757,1.5861,0.5768,91.1251,-48.1718,-96.6134
216903364,-0.0020,-0.0010,0.0284,0.0391,-0.0105,0.0018,0.0038,-0.0500,-0.2031,0.1071,0.0636,0.0299,-1.1579,1.1946,0.5768,91.1254,-48.1714,-96.6099
216908365,-0.0018,-0.0010,0.0232,0.0382,-0.0013,0.0007,0.0036,-0.0500,-0.2028,0.1072,0.0475,0.0237,-0.9257,0.9708,0.5768,91.1259,-48.1717,-96.6076
216913365,-0.0014,-0.0009,0.0217,0.0440,0.0521,0.0004,0.0045,-0.0500,-0.2026,0.1074,0.0396,0.0337,-0.6936,0.6912,0.5768,91.1256,-48.1723,-96.6041
216918364,-0.0012,-0.0008,0.0049,0.0568,0.0072,-0.0025,0.0102,-0.0500,-0.2025,0.1076,0.0194,0.0482,-0.5543,0.5793,0.5768,91.1259,-48.1719,-96.6018
216923364,-0.0011,-0.0006,-0.0177,0.0394,-0.0221,-0.0076,0.0103,0.0200,-0.2026,0.1078,-0.0070,0.0333,-0.4151,0.4115,0.5768,91.1257,-48.1723,-96.5984
216928365,-0.0011,-0.0004,-0.0333,0.0241,0.0093,-0.0122,0.0095,0.0200,-0.2027,0.1079,-0.0247,0.0188,-0.3222,0.3556,0.5768,91.1260,-48.1719,-96.5960
216933365,-0.0011,-0.0004,-0.0406,0.0183,0.0600,-0.0153,0.0080,0.0500,-0.2029,0.1079,-0.0414,0.0014,-0.2758,0.2437,-0.8914,91.1252,-48.1723,-96.6263
216938364,-0.0014,-0.0005,-0.0483,0.0064,0.0283,-0.0178,0.0077,0.0500,-0.2031,0.1079,-0.0427,0.0036,-0.2294,0.1878,-0.8914,91.1252,-48.1724,-96.6298
216943365,-0.0018,-0.0005,-0.0452,0.0046,-0.0319,-0.0179,0.0087,0.0500,-0.2033,0.1079,-0.0417,0.0026,-0.1365,0.1318,-0.8914,91.1260,-48.1724,-96.6352
216948365,-0.0021,-0.0006,-0.0379,0.0101,-0.0261,-0.0175,0.0092,0.0500,-0.2035,0.1079,-0.0344,0.0081,-0.1365,0.1318,-0.8914,91.1254,-48.1719,-96.6387
216953365,-0.0021,-0.0008,-0.0299,0.0076,-0.0004,-0.0158,0.0069,-0.0200,-0.2036,0.1080,-0.0277,0.0065,-0.0901,0.0759,-0.8914,91.1257,-48.1724,-96.6441
216958365,-0.0023,-0.0009,-0.0238,0.0113,-0.0029,-0.0152,0.0069,-0.0200,-0.2037,0.1080,-0.0216,0.0102,-0.0901,0.0759,-0.8914,91.1253,-48.1721,-96.6477
216963364,-0.0026,-0.0009,-0.0192,0.0183,-0.0508,-0.0145,0.0092,0.0072,-0.2038,0.1081,-0.0169,0.0188,-0.0437,0.0759,0.1049,91.1259,-48.1716,-96.6320
216968365,-0.0028,-0.0008,-0.0037,0.0183,-0.0258,-0.0114,0.0079,0.0045,-0.2038,0.1082,0.0016,0.0262,-0.0437,0.0000,0.5244,91.1257,-48.1725,-96.6217
216973365,-0.0028,-0.0010,-0.0049,0.0153,0.0054,-0.0121,0.0063,0.0056,-0.2038,0.1084,0.0004,0.0231,-0.0437,0.0000,0.5244,91.1255,-48.1725,-96.6186
216978365,-0.0028,-0.0008,-0.0058,0.0177,0.0173,-0.0123,0.0075,0.0042,-0.2038,0.1085,-0.0005,0.0255,-0.0437,0.0000,0.5244,91.1253,-48.1725,-96.6165
216983364,-0.0028,-0.0008,0.0000,0.0342,0.0231,-0.0114,0.0103,0.0001,-0.2038,0.1087,0.0045,0.0420,0.0000,0.0000,0.5244,91.1260,-48.1725,-96.6133
216988364,-0.0029,-0.0008,0.0027,0.0400,0.0118,-0.0108,0.0115,-0.0011,-0.2038,0.1089,0.0073,0.0478,0.0000,0.0000,0.5244,91.1260,-48.1725,-96.6112
216993364,-0.0029,-0.0008,0.0086,0.0480,0.0243,-0.0096,0.0124,-0.0500,-0.2037,0.1092,0.0131,0.0558,0.0000,0.0000,0.5244,91.1260,-48.1725,-96.6081
216998364,-0.0028,-0.0008,0.0113,0.0574,0.0518,-0.0090,0.0132,-0.0500,-0.2036,0.1095,0.0113,0.0574,0.0000,0.0000,0.5244,91.1260,-48.1725,-96.6060
217003364,-0.0026,-0.0004,0.0134,0.0608,0.0487,-0.0076,0.0147,-0.0500,-0.2036,0.1098,0.0134,0.0608,0.0000,0.0000,0.5244,91.1260,-48.1725,-96.6028
217008365,-0.0024,0.0000,0.0107,0.0611,0.0106,-0.0072,0.0168,-0.0500,-0.2035,0.1101,0.0107,0.0611,0.0000,0.0000,0.5244,91.1260,-48.1725,-96.6007
217013365,-0.0024,0.0003,-0.0070,0.0272,0.0197,-0.0115,0.0124,0.0200,-0.2036,0.1102,-0.0070,0.0272,0.0000,0.0000,0.5244,91.1260,-48.1725,-96.5976
217018365,-0.0023,0.0005,-0.0092,0.0174,0.0561,-0.0122,0.0106,0.0200,-0.2036,0.1103,-0.0092,0.0174,0.0000,0.0000,0.5244,91.1260,-48.1725,-96.5955
217023365,-0.0022,0.0006,-0.0147,0.0064,0.0524,-0.0138,0.0085,0.0500,-0.2037,0.1103,-0.0228,-0.0077,0.0000,0.0000,-0.9439,91.1260,-48.1725,-96.6255
217028364,-0.0024,0.0006,-0.0134,-0.0046,0.0124,-0.0133,0.0074,0.0500,-0.2038,0.1103,-0.0134,-0.0046,0.0000,0.0000,-0.9439,91.1260,-48.1725,-96.6292
217033365,-0.0027,0.0005,-0.0140,-0.0003,0.0078,-0.0144,0.0087,0.0500,-0.2039,0.1103,-0.0140,-0.0003,0.0000,0.0000,-0.9439,91.1260,-48.1725,-96.6349
217038364,-0.0027,0.0002,-0.0144,-0.0006,0.0206,-0.0146,0.0076,0.0500,-0.2039,0.1103,-0.0144,-0.0006,0.0000,0.0000,-0.9439,91.1260,-48.1725,-96.6387
217043364,-0.0025,0.0001,-0.0086,0.0049,0.0261,-0.0125,0.0073,-0.0200,-0.2040,0.1103,-0.0086,0.0049,0.0000,0.0000,-0.9439,91.1260,-48.1725,-96.6443
217048364,-0.0024,0.0000,-0.0125,0.0174,0.0109,-0.0129,0.0100,-0.0200,-0.2040,0.1104,-0.0125,0.0174,0.0000,0.0000,-0.9439,91.1260,-48.1725,-96.6481
217053364,-0.0025,-0.0001,-0.0092,0.0208,-0.0130,-0.0121,0.0103,0.0023,-0.2041,0.1105,-0.0096,0.0200,0.0000,0.0000,-0.0524,91.1260,-48.1725,-96.6351
217058364,-0.0026,0.0001,-0.0095,0.0348,0.0234,-0.0128,0.0145,-0.0500,-0.2041,0.1107,-0.0054,0.0419,0.0000,0.0000,0.4719,91.1260,-48.1725,-96.6231
217063364,-0.0026,0.0000,-0.0076,0.0342,0.0243,-0.0127,0.0135,-0.0500,-0.2041,0.1109,-0.0076,0.0342,0.0000,0.0000,0.4719,91.1260,-48.1725,-96.6202
217068364,-0.0027,0.0004,-0.0089,0.0400,0.0148,-0.0131,0.0163,-0.0500,-0.2042,0.1111,-0.0089,0.0400,0.0000,0.0000,0.4719,91.1260,-48.1725,-96.6183
217073365,-0.0029,0.0005,-0.0052,0.0412,0.0100,-0.0129,0.0169,-0.0500,-0.2042,0.1113,-0.0052,0.0412,0.0000,0.0000,0.4719,91.1260,-48.1725,-96.6155
217078364,-0.0029,0.0008,-0.0034,0.0370,0.0188,-0.0127,0.0168,0.0200,-0.2042,0.1114,-0.0034,0.0370,0.0000,0.0000,0.4719,91.1260,-48.1725,-96.6136
217083364,-0.0029,0.0007,-0.0052,0.0336,0.0399,-0.0135,0.0158,0.0200,-0.2043,0.1116,-0.0052,0.0336,0.0000,0.0000,0.4719,91.1260,-48.1725,-96.6108
217088364,-0.0027,0.0009,-0.0024,0.0324,0.0408,-0.0122,0.0155,-0.0049,-0.2043,0.1118,-0.0033,0.0308,0.0000,0.0000,-0.1049,91.1260,-48.1725,-96.6208
217093365,-0.0026,0.0012,-0.0043,0.0269,0.0286,-0.0122,0.0153,-0.0041,-0.2043,0.1119,-0.0070,0.0222,0.0000,0.0000,-0.3146,91.1260,-48.1725,-96.6268
217098365,-0.0025,0.0014,-0.0049,0.0269,0.0222,-0.0116,0.0156,-0.0049,-0.2043,0.1120,-0.0076,0.0222,0.0000,0.0000,-0.3146,91.1260,-48.1725,-96.6281
217103365,-0.0024,0.0016,-0.0076,0.0229,0.0271,-0.0119,0.0156,-0.0047,-0.2044,0.1121,-0.0103,0.0182,0.0000,0.0000,-0.3146,91.1260,-48.1725,-96.6300
217108364,-0.0022,0.0016,-0.0061,0.0284,0.0271,-0.0114,0.0157,-0.0054,-0.2045,0.1121,-0.0160,0.0113,0.0000,0.0000,-1.1446,91.1260,-48.1725,-96.6486
217113364,-0.0021,0.0019,-0.0086,0.0293,0.0087,-0.0119,0.0169,-0.0054,-0.2046,0.1122,-0.0230,0.0042,0.0000,0.0000,-1.6817,91.1260,-48.1725,-96.6691
217118364,-0.0020,0.0018,-0.0104,0.0278,-0.0142,-0.0116,0.0167,-0.0046,-0.2047,0.1122,-0.0249,0.0027,0.0000,0.0000,-1.6817,91.1260,-48.1725,-96.6758
217123364,-0.0019,0.0020,-0.0119,0.0266,-0.0184,-0.0117,0.0174,-0.0050,-0.2048,0.1122,-0.0264,0.0015,0.0000,0.0000,-1.6817,91.1260,-48.1725,-96.6859
217128365,-0.0019,0.0023,-0.0162,0.0186,-0.0160,-0.0126,0.0168,-0.0036,-0.2050,0.1122,-0.0307,-0.0065,0.0000,0.0000,-1.6817,91.1260,-48.1725,-96.6926
217133364,-0.0020,0.0025,-0.0180,0.0140,-0.0197,-0.0133,0.0170,-0.0030,-0.2052,0.1121,-0.0320,-0.0102,0.0000,0.0000,-1.6263,91.1260,-48.1725,-96.7016
217138365,-0.0020,0.0026,-0.0217,0.0040,-0.0264,-0.0142,0.0162,-0.0010,-0.2053,0.1120,-0.0333,-0.0162,0.0000,0.0000,-1.3494,91.1260,-48.1725,-96.7020
217143364,-0.0020,0.0024,-0.0238,0.0000,-0.0273,-0.0144,0.0150,0.0004,-0.2055,0.1119,-0.0326,-0.0152,0.0000,0.0000,-1.0171,91.1260,-48.1725,-96.7023
217148364,-0.0022,0.0022,-0.0180,0.0049,-0.0087,-0.0139,0.0151,-0.0009,-0.2056,0.1119,-0.0249,-0.0070,0.0000,0.0000,-0.7956,91.1260,-48.1725,-96.7015
217153364,-0.0023,0.0020,-0.0131,0.0125,-0.0093,-0.0129,0.0159,-0.0026,-0.2057,0.1119,-0.0181,0.0040,0.0000,0.0000,-0.5741,91.1260,-48.1725,-96.7013
217158364,-0.0025,0.0020,-0.0076,0.0223,-0.0065,-0.0123,0.0176,-0.0051,-0.2058,0.1120,-0.0121,0.0146,0.0000,0.0000,-0.5187,91.1260,-48.1725,-96.7024
217163364,-0.0026,0.0019,-0.0049,0.0278,0.0005,-0.0120,0.0184,-0.0064,-0.2058,0.1121,-0.0079,0.0225,0.0000,0.0000,-0.3526,91.1260,-48.1725,-96.7016
217168364,-0.0026,0.0019,-0.0009,0.0382,0.0054,-0.0109,0.0198,-0.0091,-0.2058,0.1123,-0.0035,0.0337,0.0000,0.0000,-0.2972,91.1260,-48.1725,-96.7018
217173364,-0.0028,0.0020,0.0034,0.0406,0.0084,-0.0105,0.0206,-0.0104,-0.2058,0.1125,0.0013,0.0370,0.0000,0.0000,-0.2418,91.1260,-48.1725,-96.7023
217178364,-0.0026,0.0023,0.0034,0.0428,0.0090,-0.0099,0.0219,-0.0124,-0.2058,0.1127,0.0018,0.0400,0.0000,0.0000,-0.1864,91.1260,-48.1725,-96.7020
217183364,-0.0025,0.0027,0.0021,0.0437,0.0100,-0.0096,0.0232,-0.0140,-0.2058,0.1129,0.0010,0.0417,0.0000,0.0000,-0.1310,91.1260,-48.1725,-96.7018
217188365,-0.0024,0.0030,-0.0034,0.0367,0.0112,-0.0107,0.0233,-0.0130,-0.2058,0.1130,-0.0045,0.0347,0.0000,0.0000,-0.1310,91.1260,-48.1725,-96.7023
217193364,-0.0023,0.0032,-0.0043,0.0318,0.0124,-0.0105,0.0231,-0.0130,-0.2058,0.1132,-0.0044,0.0298,0.0000,0.0559,-0.0757,91.1260,-48.1713,-96.7017
217198365,-0.0023,0.0034,-0.0082,0.0147,0.0130,-0.0113,0.0204,-0.0096,-0.2059,0.1133,-0.0084,0.0127,0.0000,0.0559,-0.0757,91.1260,-48.1711,-96.7020
217203364,-0.0022,0.0036,-0.0122,0.0107,0.0155,-0.0121,0.0206,-0.0091,-0.2059,0.1133,-0.0117,0.0099,0.0000,0.0559,0.0000,91.1260,-48.1707,-96.7013
217208364,-0.0022,0.0038,-0.0119,0.0064,0.0197,-0.0121,0.0202,-0.0089,-0.2060,0.1133,-0.0114,0.0056,0.0000,0.0559,0.0000,91.1260,-48.1705,-96.7013
217213364,-0.0023,0.0039,-0.0104,0.0034,0.0228,-0.0119,0.0199,-0.0089,-0.2061,0.1134,-0.0099,0.0025,0.0000,0.0559,0.0000,91.1260,-48.1702,-96.7013
217218364,-0.0024,0.0041,-0.0095,0.0024,0.0258,-0.0123,0.0202,-0.0090,-0.2061,0.1134,-0.0090,0.0016,0.0000,0.0559,0.0000,91.1260,-48.1700,-96.7013
217223364,-0.0025,0.0042,-0.0086,-0.0012,0.0277,-0.0123,0.0199,-0.0086,-0.2061,0.1133,-0.0081,-0.0021,0.0000,0.0559,0.0000,91.1260,-48.1696,-96.7013
217228364,-0.0025,0.0043,-0.0061,-0.0015,0.0277,-0.0117,0.0200,-0.0093,-0.2062,0.1133,-0.0056,-0.0024,0.0000,0.0559,0.0000,91.1260,-48.1694,-96.7013
217233364,-0.0025,0.0041,-0.0034,0.0000,0.0289,-0.0113,0.0192,-0.0090,-0.2062,0.1133,-0.0029,-0.0008,0.0000,0.0559,0.0000,91.1260,-48.1691,-96.7013
217238364,-0.0025,0.0038,-0.0015,0.0024,0.0301,-0.0106,0.0185,-0.0091,-0.2062,0.1133,-0.0010,0.0016,0.0000,0.0559,0.0000,91.1260,-48.1688,-96.7013
217243364,-0.0024,0.0036,-0.0009,0.0082,0.0335,-0.0103,0.0188,-0.0098,-0.2062,0.1134,-0.0004,0.0074,0.0000,0.0559,0.0000,91.1260,-48.1686,-96.7013
217248364,-0.0023,0.0034,-0.0018,0.0128,0.0319,-0.0102,0.0192,-0.0102,-0.2062,0.1134,-0.0013,0.0120,0.0000,0.0559,0.0000,91.1260,-48.1683,-96.7013
217253365,-0.0022,0.0033,-0.0031,0.0165,0.0295,-0.0099,0.0194,-0.0107,-0.2062,0.1135,-0.0026,0.0157,0.0000,0.0559,0.0000,91.1260,-48.1679,-96.7013
217258365,-0.0020,0.0033,-0.0073,0.0186,0.0280,-0.0102,0.0201,-0.0110,-0.2062,0.1136,-0.0068,0.0178,0.0000,0.0559,0.0000,91.1260,-48.1677,-96.7013
217263364,-0.0018,0.0034,-0.0089,0.0223,0.0289,-0.0098,0.0209,-0.0122,-0.2063,0.1137,-0.0084,0.0215,0.0000,0.0559,0.0000,91.1260,-48.1674,-96.7013
217268364,-0.0016,0.0035,-0.0122,0.0250,0.0274,-0.0100,0.0220,-0.0130,-0.2063,0.1138,-0.0117,0.0242,0.0000,0.0559,0.0000,91.1260,-48.1672,-96.7013
217273364,-0.0016,0.0037,-0.0144,0.0229,0.0234,-0.0102,0.0225,-0.0132,-0.2064,0.1139,-0.0139,0.0221,0.0000,0.0559,0.0000,91.1260,-48.1668,-96.7013
217278364,-0.0015,0.0039,-0.0159,0.0220,0.0194,-0.0103,0.0232,-0.0136,-0.2065,0.1140,-0.0154,0.0212,0.0000,0.0559,0.0000,91.1260,-48.1666,-96.7013
217283365,-0.0015,0.0042,-0.0165,0.0186,0.0158,-0.0104,0.0233,-0.0135,-0.2066,0.1141,-0.0160,0.0178,0.0000,0.0559,0.0000,91.1260,-48.1663,-96.7013
217288364,-0.0016,0.0043,-0.0171,0.0119,0.0148,-0.0108,0.0228,-0.0125,-0.2067,0.1142,-0.0166,0.0111,0.0000,0.0559,0.0000,91.1260,-48.1660,-96.7013
217293364,-0.0016,0.0045,-0.0156,0.0107,0.0130,-0.0106,0.0231,-0.0130,-0.2067,0.1142,-0.0151,0.0099,0.0000,0.0559,0.0000,91.1260,-48.1657,-96.7013
217298364,-0.0018,0.0047,-0.0147,0.0089,0.0069,-0.0109,0.0235,-0.0129,-0.2068,0.1143,-0.0142,0.0080,0.0000,0.0559,0.0000,91.1260,-48.1655,-96.7013
217303365,-0.0019,0.0048,-0.0131,0.0092,0.0057,-0.0111,0.0242,-0.0133,-0.2069,0.1143,-0.0127,0.0083,0.0000,0.0559,0.0000,91.1260,-48.1652,-96.7013
217308364,-0.0021,0.0049,-0.0107,0.0086,0.0051,-0.0113,0.0244,-0.0132,-0.2069,0.1144,-0.0102,0.0077,0.0000,0.0559,0.0000,91.1260,-48.1649,-96.7013
217313364,-0.0023,0.0050,-0.0098,0.0079,0.0038,-0.0115,0.0249,-0.0135,-0.2070,0.1144,-0.0093,0.0071,0.0000,0.0559,0.0000,91.1260,-48.1646,-96.7013
217318364,-0.0023,0.0052,-0.0073,0.0089,0.0005,-0.0110,0.0255,-0.0146,-0.2070,0.1144,-0.0068,0.0080,0.0000,0.0559,0.0000,91.1260,-48.1644,-96.7013
217323365,-0.0023,0.0054,-0.0089,0.0082,-0.0001,-0.0113,0.0262,-0.0149,-0.2070,0.1145,-0.0084,0.0074,0.0000,0.0559,0.0000,91.1260,-48.1640,-96.7013
217328364,-0.0023,0.0056,-0.0098,0.0061,-0.0029,-0.0117,0.0265,-0.0147,-0.2071,0.1145,-0.0093,0.0053,0.0000,0.0559,0.0000,91.1260,-48.1638,-96.7013
217333365,-0.0022,0.0057,-0.0086,0.0046,-0.0029,-0.0110,0.0263,-0.0152,-0.2071,0.1145,-0.0081,0.0037,0.0000,0.0559,0.0000,91.1260,-48.1635,-96.7013
217338364,-0.0022,0.0059,-0.0101,0.0049,-0.0029,-0.0112,0.0271,-0.0157,-0.2072,0.1145,-0.0096,0.0041,0.0000,0.0559,0.0000,91.1260,-48.1633,-96.7013
217343364,-0.0022,0.0060,-0.0110,0.0040,-0.0016,-0.0114,0.0275,-0.0160,-0.2072,0.1146,-0.0105,0.0031,0.0000,0.0559,0.0000,91.1260,-48.1629,-96.7013
217348364,-0.0021,0.0062,-0.0104,0.0034,-0.0010,-0.0112,0.0277,-0.0165,-0.2073,0.1146,-0.0099,0.0025,0.0000,0.0559,0.0000,91.1260,-48.1627,-96.7013
217353364,-0.0020,0.0063,-0.0101,0.0015,-0.0013,-0.0106,0.0274,-0.0167,-0.2073,0.1146,-0.0096,0.0007,0.0000,0.0559,0.0000,91.1260,-48.1624,-96.7013
217358365,-0.0020,0.0064,-0.0104,0.0024,-0.0010,-0.0104,0.0279,-0.0175,-0.2074,0.1146,-0.0099,0.0016,0.0000,0.0559,0.0000,91.1260,-48.1621,-96.7013
217363364,-0.0019,0.0065,-0.0104,0.0024,0.0029,-0.0103,0.0283,-0.0181,-0.2074,0.1146,-0.0099,0.0016,0.0000,0.0559,0.0000,91.1260,-48.1618,-96.7013
217368364,-0.0019,0.0067,-0.0110,0.0012,0.0035,-0.0105,0.0286,-0.0182,-0.2075,0.1146,-0.0105,0.0004,0.0000,0.0559,0.0000,91.1260,-48.1616,-96.7013
217373364,-0.0019,0.0068,-0.0125,-0.0031,0.0048,-0.0108,0.0282,-0.0176,-0.2075,0.1146,-0.0120,-0.0039,0.0000,0.0559,0.0000,91.1260,-48.1612,-96.7013
217378364,-0.0021,0.0069,-0.0128,-0.0012,0.0035,-0.0116,0.0293,-0.0178,-0.2076,0.1146,-0.0123,-0.0021,0.0000,0.0559,0.0000,91.1260,-48.1610,-96.7013
217383364,-0.0020,0.0066,-0.0128,-0.0015,0.0035,-0.0114,0.0282,-0.0170,-0.2077,0.1145,-0.0123,-0.0024,0.0000,0.0559,0.0000,91.1260,-48.1607,-96.7013
217388365,-0.0021,0.0067,-0.0128,-0.0037,0.0023,-0.0116,0.0283,-0.0168,-0.2077,0.1145,-0.0123,-0.0045,0.0000,0.0559,0.0000,91.1260,-48.1605,-96.7013
217393364,-0.0021,0.0069,-0.0128,-0.0034,-0.0013,-0.0116,0.0289,-0.0172,-0.2078,0.1145,-0.0123,-0.0042,0.0000,0.0559,0.0000,91.1260,-48.1601,-96.7013
217398365,-0.0020,0.0066,-0.0125,-0.0037,-0.0029,-0.0110,0.0278,-0.0166,-0.2078,0.1145,-0.0120,-0.0045,0.0000,0.0559,0.0000,91.1260,-48.1599,-96.7013
217403364,-0.0021,0.0064,-0.0131,-0.0070,-0.0029,-0.0118,0.0265,-0.0146,-0.2079,0.1144,-0.0126,-0.0079,0.0000,0.0559,0.0000,91.1260,-48.1596,-96.7013
217408365,-0.0023,0.0062,-0.0140,-0.0055,-0.0047,-0.0128,0.0267,-0.0137,-0.2080,0.1144,-0.0136,-0.0063,0.0000,0.0559,0.0000,91.1260,-48.1594,-96.7013
217413365,-0.0025,0.0060,-0.0107,-0.0058,-0.0047,-0.0127,0.0259,-0.0130,-0.2080,0.1144,-0.0102,-0.0066,0.0000,0.0559,0.0000,91.1260,-48.1590,-96.7013
217418364,-0.0027,0.0057,-0.0116,-0.0034,-0.0047,-0.0135,0.0259,-0.0123,-0.2081,0.1144,-0.0111,-0.0042,0.0000,0.0559,0.0000,91.1260,-48.1588,-96.7013
217423365,-0.0028,0.0055,-0.0128,-0.0021,-0.0041,-0.0143,0.0257,-0.0113,-0.2081,0.1143,-0.0123,-0.0030,0.0000,0.0559,0.0000,91.1260,-48.1585,-96.7013
217428365,-0.0029,0.0052,-0.0119,-0.0003,-0.0041,-0.0145,0.0254,-0.0107,-0.2082,0.1143,-0.0114,-0.0011,0.0000,0.0559,0.0000,91.1260,-48.1582,-96.7013
217433364,-0.0030,0.0050,-0.0101,0.0015,-0.0041,-0.0145,0.0250,-0.0103,-0.2082,0.1143,-0.0096,0.0007,0.0000,0.0559,0.0000,91.1260,-48.1579,-96.7013
217438364,-0.0031,0.0047,-0.0092,-0.0003,-0.0032,-0.0145,0.0237,-0.0090,-0.2083,0.1143,-0.0087,-0.0011,0.0000,0.0559,0.0000,91.1260,-48.1577,-96.7013
217443364,-0.0031,0.0049,-0.0101,0.0021,-0.0029,-0.0149,0.0249,-0.0099,-0.2083,0.1143,-0.0096,0.0013,0.0000,0.0559,0.0000,91.1260,-48.1575,-96.7013
217448365,-0.0031,0.0050,-0.0107,0.0031,-0.0032,-0.0151,0.0258,-0.0105,-0.2084,0.1144,-0.0102,0.0022,0.0000,0.0559,0.0000,91.1260,-48.1571,-96.7013
217453365,-0.0033,0.0052,-0.0110,0.0012,-0.0026,-0.0158,0.0261,-0.0102,-0.2084,0.1144,-0.0105,0.0004,0.0000,0.0559,0.0000,91.1260,-48.1568,-96.7013
217458365,-0.0033,0.0053,-0.0092,0.0000,0.0002,-0.0155,0.0261,-0.0106,-0.2085,0.1144,-0.0087,-0.0008,0.0000,0.0559,0.0000,91.1260,-48.1566,-96.7013
217463364,-0.0032,0.0054,-0.0101,-0.0015,0.0008,-0.0155,0.0262,-0.0107,-0.2085,0.1143,-0.0096,-0.0024,0.0000,0.0559,0.0000,91.1260,-48.1562,-96.7013
217468365,-0.0034,0.0055,-0.0104,-0.0018,-0.0023,-0.0161,0.0268,-0.0106,-0.2086,0.1143,-0.0099,-0.0027,0.0000,0.0559,0.0000,91.1260,-48.1560,-96.7013
217473365,-0.0036,0.0054,-0.0079,-0.0046,-0.0004,-0.0163,0.0260,-0.0096,-0.2086,0.1143,-0.0075,-0.0054,0.0000,0.0559,0.0000,91.1260,-48.1557,-96.7013
217478365,-0.0038,0.0054,-0.0079,-0.0043,0.0002,-0.0171,0.0262,-0.0091,-0.2087,0.1143,-0.0075,-0.0051,0.0000,0.0559,0.0000,91.1260,-48.1554,-96.7013
217483364,-0.0038,0.0051,-0.0052,-0.0049,0.0002,-0.0164,0.0247,-0.0083,-0.2087,0.1142,-0.0047,-0.0057,0.0000,0.0559,0.0000,91.1260,-48.1551,-96.7013
217488364,-0.0036,0.0051,-0.0067,-0.0058,-0.0001,-0.0163,0.0247,-0.0084,-0.2087,0.1142,-0.0062,-0.0066,0.0000,0.0559,0.0000,91.1260,-48.1549,-96.7013
217493365,-0.0036,0.0049,-0.0058,-0.0049,-0.0007,-0.0158,0.0237,-0.0079,-0.2087,0.1142,-0.0053,-0.0057,0.0000,0.0559,0.0000,91.1260,-48.1546,-96.7013
217498365,-0.0035,0.0046,-0.0073,-0.0043,-0.0016,-0.0159,0.0230,-0.0070,-0.2088,0.1142,-0.0068,-0.0051,0.0000,0.0559,0.0000,91.1260,-48.1543,-96.7013
217503364,-0.0034,0.0044,-0.0061,-0.0055,-0.0010,-0.0151,0.0215,-0.0063,-0.2088,0.1141,-0.0056,-0.0063,0.0000,0.0559,0.0000,91.1260,-48.1540,-96.7013
217508364,-0.0032,0.0041,-0.0070,-0.0055,-0.0029,-0.0147,0.0205,-0.0057,-0.2088,0.1141,-0.0065,-0.0063,0.0000,0.0559,0.0000,91.1260,-48.1538,-96.7013
217513364,-0.0031,0.0040,-0.0082,-0.0058,-0.0004,-0.0143,0.0198,-0.0055,-0.2089,0.1141,-0.0078,-0.0066,0.0000,0.0559,0.0000,91.1260,-48.1534,-96.7013
217518364,-0.0029,0.0038,-0.0095,-0.0055,0.0005,-0.0140,0.0191,-0.0051,-0.2089,0.1140,-0.0090,-0.0063,0.0000,0.0559,0.0000,91.1260,-48.1532,-96.7013
217523365,-0.0027,0.0037,-0.0116,-0.0034,0.0011,-0.0138,0.0190,-0.0053,-0.2090,0.1140,-0.0111,-0.0042,0.0000,0.0559,0.0000,91.1260,-48.1529,-96.7013
217528364,-0.0027,0.0034,-0.0098,-0.0031,0.0038,-0.0134,0.0179,-0.0046,-0.2090,0.1140,-0.0093,-0.0039,0.0000,0.0559,0.0000,91.1260,-48.1527,-96.7013
217533365,-0.0029,0.0035,-0.0116,-0.0040,0.0048,-0.0147,0.0184,-0.0039,-0.2091,0.1140,-0.0111,-0.0048,0.0000,0.0559,0.0000,91.1260,-48.1523,-96.7013
217538365,-0.0031,0.0035,-0.0107,-0.0037,0.0066,-0.0152,0.0188,-0.0039,-0.2091,0.1139,-0.0102,-0.0045,0.0000,0.0559,0.0000,91.1260,-48.1521,-96.7013
217543365,-0.0033,0.0034,-0.0089,-0.0058,0.0042,-0.0155,0.0183,-0.0029,-0.2092,0.1139,-0.0084,-0.0066,0.0000,0.0559,0.0000,91.1260,-48.1518,-96.7013
217548365,-0.0034,0.0032,-0.0086,-0.0064,0.0038,-0.0159,0.0175,-0.0017,-0.2092,0.1139,-0.0081,-0.0072,0.0000,0.0559,0.0000,91.1260,-48.1515,-96.7013
217553365,-0.0035,0.0029,-0.0076,-0.0061,0.0051,-0.0161,0.0167,-0.0008,-0.2092,0.1138,-0.0072,-0.0069,0.0000,0.0559,0.0000,91.1260,-48.1512,-96.7013
217558365,-0.0037,0.0027,-0.0073,-0.0073,0.0063,-0.0167,0.0158,0.0006,-0.2093,0.1138,-0.0068,-0.0082,0.0000,0.0559,0.0000,91.1260,-48.1510,-96.7013
217563365,-0.0038,0.0024,-0.0070,-0.0086,0.0060,-0.0170,0.0148,0.0020,-0.2093,0.1138,-0.0065,-0.0094,0.0000,0.0559,0.0000,91.1260,-48.1507,-96.7013
217568365,-0.0038,0.0021,-0.0058,-0.0079,0.0078,-0.0169,0.0138,0.0500,-0.2093,0.1137,-0.0053,-0.0088,0.0000,0.0559,0.0000,91.1260,-48.1504,-96.7013
217573364,-0.0039,0.0018,-0.0037,-0.0067,0.0097,-0.0165,0.0129,0.0500,-0.2094,0.1137,-0.0032,-0.0076,0.0000,0.0559,0.0000,91.1260,-48.1501,-96.7013
217578364,-0.0039,0.0015,-0.0043,-0.0046,0.0121,-0.0169,0.0125,0.0500,-0.2094,0.1136,-0.0038,-0.0054,0.0000,0.0559,0.0000,91.1260,-48.1499,-96.7013
217583364,-0.0039,0.0013,-0.0058,-0.0037,0.0155,-0.0171,0.0118,0.0500,-0.2094,0.1136,-0.0053,-0.0045,0.0000,0.0559,0.0000,91.1260,-48.1495,-96.7013
217588365,-0.0039,0.0010,-0.0027,0.0009,0.0164,-0.0164,0.0115,-0.0200,-0.2094,0.1136,-0.0023,0.0001,0.0000,0.0559,0.0000,91.1260,-48.1493,-96.7013
217593364,-0.0038,0.0007,-0.0021,-0.0018,0.0090,-0.0160,0.0099,-0.0200,-0.2094,0.1136,-0.0017,-0.0027,0.0000,0.0559,1.8553,91.1260,-48.1490,-96.6588
217598364,-0.0038,0.0005,0.0003,0.0015,0.0066,-0.0137,0.0108,0.0027,-0.2093,0.1138,0.0186,0.0315,0.0000,0.0559,2.0650,91.1260,-48.1488,-96.6471
217603364,-0.0036,0.0005,-0.0031,0.0024,0.0133,-0.0133,0.0117,0.0011,-0.2092,0.1140,0.0229,0.0458,0.0000,0.0559,2.9565,91.1260,-48.1484,-96.6125
217608365,-0.0037,0.0003,-0.0073,-0.0043,0.0213,-0.0150,0.0101,0.0041,-0.2091,0.1142,0.0186,0.0390,0.0000,0.0559,2.9565,91.1260,-48.1482,-96.6007
217613364,-0.0037,0.0004,-0.0134,-0.0006,0.0943,-0.0175,0.0113,0.0026,-0.2091,0.1144,0.0135,0.0444,0.0000,0.0559,3.0668,91.1260,-48.1479,-96.5808
217618364,-0.0038,0.0003,0.0101,0.0104,0.1046,-0.0119,0.0103,-0.0500,-0.2089,0.1147,0.0384,0.0578,0.0000,0.0559,3.2323,91.1260,-48.1476,-96.5646
217623364,-0.0037,0.0002,0.0278,0.0354,0.0958,-0.0092,0.0112,-0.0500,-0.2087,0.1149,0.0283,0.0346,0.0000,0.0559,3.2323,91.1260,-48.1473,-96.5452
217628364,-0.0036,0.0003,0.0428,0.0635,0.1098,-0.0051,0.0154,-0.0500,-0.2085,0.1152,0.0432,0.0627,0.0000,0.0559,3.0386,91.1260,-48.1471,-96.5362
217633364,-0.0034,0.0007,0.0660,0.0754,0.1269,0.0012,0.0159,-0.0500,-0.2082,0.1156,0.0665,0.0746,0.0000,0.0559,2.2152,91.1260,-48.1467,-96.5370
217638365,-0.0029,0.0013,0.0751,0.0877,0.1150,0.0500,0.0185,0.0200,-0.2078,0.1160,0.0756,0.0868,0.0000,0.0559,1.8278,91.1260,-48.1465,-96.5366
217643364,-0.0024,0.0017,0.0718,0.0672,0.0619,0.0500,0.0157,0.0200,-0.2074,0.1163,0.0723,0.0664,0.0000,0.0559,1.3434,91.1260,-48.1463,-96.5368
217648364,-0.0020,0.0020,0.0528,0.0342,0.0164,0.0500,0.0116,-0.0174,-0.2072,0.1165,0.0546,0.0355,0.0000,0.0559,0.1433,91.1260,-48.1460,-96.5570
217653364,-0.0017,0.0021,0.0266,0.0150,0.0344,0.0500,0.0097,-0.0100,-0.2071,0.1165,0.0199,0.0018,0.3323,0.0559,-0.8275,91.1328,-48.1456,-96.5806
217658365,-0.0014,0.0021,0.0086,0.0000,0.0466,-0.0200,0.0079,-0.0050,-0.2070,0.1164,0.0019,-0.0132,1.7166,0.0559,-0.8275,91.1651,-48.1454,-96.5840
217663365,-0.0014,0.0020,-0.0287,-0.0266,0.0274,-0.0200,0.0066,0.0500,-0.2072,0.1162,-0.0354,-0.0398,1.7166,0.0559,-0.8275,91.1754,-48.1451,-96.5889
217668364,-0.0014,0.0019,-0.0418,-0.0327,0.0472,-0.0500,0.0085,0.0500,-0.2076,0.1161,-0.0783,-0.0335,2.1445,0.0559,-0.8275,91.1910,-48.1448,-96.5922
217673365,-0.0015,0.0015,-0.0394,-0.0330,0.0579,-0.0500,0.0053,0.0500,-0.2078,0.1159,-0.0389,-0.0338,3.0537,0.0559,-0.8275,91.2265,-48.1445,-96.5972
217678364,-0.0016,0.0012,-0.0541,-0.0217,0.0365,-0.0500,0.0090,0.0500,-0.2081,0.1158,-0.0536,-0.0225,3.0537,0.0559,-0.8275,91.2387,-48.1443,-96.6005
217683365,-0.0017,0.0010,-0.0623,-0.0189,0.0341,-0.0500,0.0100,-0.0200,-0.2084,0.1157,-0.0618,-0.0198,2.6775,0.0559,-0.8275,91.2490,-48.1440,-96.6055
217688365,-0.0023,0.0008,-0.0718,-0.0095,0.0484,0.0200,0.0137,-0.0200,-0.2087,0.1156,-0.0713,-0.0103,2.1603,0.0559,-0.8275,91.2483,-48.1437,-96.6088
217693365,-0.0026,0.0006,-0.0596,-0.0073,0.0417,0.0200,0.0119,0.0130,-0.2091,0.1155,-0.0662,-0.0205,1.5960,0.0559,-0.8275,91.2483,-48.1434,-96.6137
217698364,-0.0030,0.0004,-0.0467,-0.0086,0.0393,-0.0266,0.0113,0.0138,-0.2095,0.1154,-0.0760,-0.0217,1.3139,0.0559,-0.8275,91.2485,-48.1432,-96.6171
217703364,-0.0033,0.0002,-0.0379,-0.0006,0.0436,-0.0234,0.0113,0.0104,-0.2097,0.1154,-0.0403,-0.0014,0.1696,0.0559,0.0000,91.2317,-48.1428,-96.6047
217708364,-0.0034,-0.0000,-0.0223,0.0055,0.0268,-0.0178,0.0107,0.0060,-0.2096,0.1156,0.0025,0.0244,-0.7487,0.0559,1.3240,91.2115,-48.1426,-96.5750
217713364,-0.0035,-0.0002,-0.0134,0.0110,0.0649,-0.0163,0.0097,0.0041,-0.2096,0.1157,0.0113,0.0299,-0.7487,0.0559,1.3240,91.2070,-48.1423,-96.5671
217718365,-0.0036,-0.0003,-0.0089,0.0266,0.0790,-0.0160,0.0125,0.0005,-0.2095,0.1159,0.0159,0.0455,-0.7487,0.0559,1.3240,91.2040,-48.1421,-96.5618
217723365,-0.0037,-0.0004,0.0027,0.0339,0.0512,-0.0129,0.0128,-0.0019,-0.2094,0.1162,0.0275,0.0528,-0.7487,0.0559,1.3240,91.1996,-48.1417,-96.5539
217728365,-0.0037,-0.0003,0.0363,0.0376,0.0155,-0.0039,0.0102,-0.0500,-0.2091,0.1165,0.0611,0.0565,-0.7487,0.0559,1.3240,91.1966,-48.1415,-96.5486
217733365,-0.0035,-0.0001,0.0599,0.0397,0.0164,0.0500,0.0068,-0.0500,-0.2087,0.1167,0.0809,0.0388,-1.1917,0.0559,1.3240,91.1830,-48.1412,-96.5406
217738364,-0.0032,0.0001,0.0959,0.0339,0.0191,0.0500,0.0017,-0.0500,-0.2082,0.1168,0.0964,0.0331,-2.0224,0.0559,1.2755,91.1591,-48.1409,-96.5363
217743364,-0.0025,0.0001,0.1026,0.0354,-0.0172,0.0500,0.0004,-0.0500,-0.2077,0.1170,0.1031,0.0346,-2.0224,0.0559,0.9365,91.1470,-48.1406,-96.5365
217748364,-0.0018,0.0002,0.0999,0.0421,-0.0542,0.0500,0.0015,0.0200,-0.2072,0.1172,0.1004,0.0413,-1.0256,0.0559,0.7428,91.1599,-48.1404,-96.5370
217753365,-0.0011,0.0002,0.0809,0.0159,-0.0013,-0.0200,-0.0500,0.0200,-0.2068,0.1173,0.0814,0.0150,-0.5826,0.0559,-0.7171,91.1645,-48.1400,-96.5645
217758364,-0.0009,0.0003,0.0125,0.0089,0.0014,-0.0200,-0.0500,-0.0012,-0.2067,0.1172,0.0016,-0.0101,-0.4719,0.0559,-1.2688,91.1645,-48.1398,-96.5802
217763364,-0.0008,0.0003,-0.0131,-0.0180,-0.0524,-0.0500,-0.0500,0.0500,-0.2069,0.1171,-0.0259,-0.0369,0.1070,0.0559,-1.2688,91.1740,-48.1395,-96.5878
217768364,-0.0007,0.0001,-0.0254,-0.0150,-0.0673,-0.0500,-0.0500,0.0500,-0.2070,0.1170,-0.0254,-0.0150,1.8184,0.0559,-1.2688,91.2120,-48.1393,-96.5929
217773364,-0.0009,-0.0002,-0.0376,-0.0119,-0.0279,-0.0500,0.0200,0.0500,-0.2072,0.1169,-0.0376,-0.0119,1.9254,0.0559,-2.4224,91.2257,-48.1389,-96.6258
217778364,-0.0010,-0.0004,-0.0498,-0.0177,0.0035,-0.0500,0.0200,0.0500,-0.2074,0.1168,-0.0498,-0.0177,1.9254,-0.7831,-2.4224,91.2334,-48.1562,-96.6355
217783365,-0.0010,-0.0006,-0.0489,-0.0021,-0.0010,0.0200,0.0500,-0.0200,-0.2077,0.1169,-0.0614,0.0195,1.9254,-1.4543,-2.4224,91.2449,-48.1778,-96.6500
217788365,-0.0014,-0.0007,-0.0522,0.0000,-0.0368,0.0200,0.0500,-0.0200,-0.2080,0.1169,-0.0522,0.0000,0.8557,-1.4543,-2.4224,91.2300,-48.1836,-96.6597
217793365,-0.0018,-0.0009,-0.0464,-0.0089,-0.0798,-0.0180,0.0500,0.0159,-0.2082,0.1169,-0.0484,-0.0139,-0.0535,-2.5693,-0.3394,91.2125,-48.2197,-96.6275
217798364,-0.0021,-0.0012,-0.0425,-0.0046,-0.0924,-0.0178,0.0500,0.0158,-0.2085,0.1168,-0.0426,-0.0065,-0.0535,-2.5693,-0.1296,91.2123,-48.2300,-96.6239
217803365,-0.0022,-0.0012,-0.0388,0.0467,-0.1055,-0.0171,-0.0200,0.0046,-0.2087,0.1171,-0.0385,0.0456,-0.0535,-2.5693,-0.0772,91.2119,-48.2454,-96.6235
217808364,-0.0024,-0.0011,-0.0388,0.0568,-0.1308,-0.0160,-0.0200,0.0021,-0.2087,0.1173,-0.0147,0.0556,-1.4379,-2.1594,-0.0772,91.1820,-48.2470,-96.6238
217813365,-0.0026,-0.0008,-0.0229,0.0504,-0.1455,-0.0117,0.0169,0.0003,-0.2087,0.1176,0.0139,0.0503,-2.2131,-0.0747,-0.0772,91.1539,-48.2115,-96.6242
217818364,-0.0027,-0.0007,0.0122,0.0101,-0.1409,-0.0032,0.0040,0.0046,-0.2084,0.1176,0.0503,0.0100,-2.2131,0.0000,0.0000,91.1451,-48.2107,-96.6233
217823364,-0.0027,-0.0007,0.0400,-0.0092,-0.1577,0.0500,-0.0500,0.0053,-0.2080,0.1176,0.0781,-0.0092,-2.2131,0.0000,0.0000,91.1318,-48.2107,-96.6233
217828364,-0.0024,-0.0009,0.0718,0.0040,-0.1889,0.0500,-0.0500,0.0005,-0.2077,0.1176,0.0718,0.0040,-2.0738,0.0000,0.0000,91.1258,-48.2107,-96.6233
217833365,-0.0019,-0.0011,0.0895,0.0192,-0.1880,0.0500,-0.0500,-0.0500,-0.2072,0.1177,0.0895,0.0192,-1.5632,0.0000,0.0000,91.1252,-48.2107,-96.6233
217838364,-0.0014,-0.0011,0.0977,0.0510,-0.1327,0.0500,-0.0500,-0.0500,-0.2067,0.1180,0.0977,0.0510,-1.2846,0.0000,0.0000,91.1251,-48.2107,-96.6233
217843365,-0.0009,-0.0007,0.1029,0.0480,-0.0560,-0.0200,0.0200,-0.0500,-0.2062,0.1182,0.1029,0.0480,-0.9132,0.0000,0.0000,91.1260,-48.2107,-96.6233
217848364,-0.0004,-0.0004,0.0651,0.0312,-0.0960,-0.0200,0.0200,-0.0500,-0.2059,0.1184,0.0651,0.0312,-0.7739,0.0000,0.0000,91.1254,-48.2107,-96.6233
217853365,-0.0001,-0.0005,0.0299,0.0027,-0.0969,0.0070,-0.0026,0.0200,-0.2058,0.1184,0.0099,0.0027,1.1629,0.0000,0.0000,91.1659,-48.2107,-96.6233
217858364,0.0002,-0.0004,-0.0003,0.0128,-0.0325,-0.0006,0.0500,0.0200,-0.2059,0.1184,-0.0207,0.0136,1.1629,-0.0485,0.0000,91.1705,-48.2119,-96.6233
217863364,0.0001,-0.0007,-0.0113,0.0061,-0.0047,-0.0500,0.0500,0.0500,-0.2061,0.1185,-0.0318,0.0053,1.1629,-0.0485,-0.0524,91.1775,-48.2121,-96.6246
217868364,-0.0001,-0.0006,-0.0156,0.0076,-0.0462,-0.0500,0.0500,0.0500,-0.2062,0.1185,-0.0156,0.0076,1.1629,-0.0485,-0.3942,91.1821,-48.2123,-96.6317
217873364,-0.0000,-0.0007,-0.0174,0.0250,-0.1079,-0.0500,0.0500,0.0500,-0.2063,0.1186,-0.0174,0.0250,2.4464,-0.0485,-1.6636,91.2194,-48.2126,-96.6662
217878364,0.0000,-0.0008,-0.0348,0.0186,-0.1602,-0.0500,-0.0200,0.0500,-0.2064,0.1187,-0.0348,0.0186,2.4464,-0.0485,-1.6636,91.2291,-48.2128,-96.6716
217883364,-0.0001,-0.0007,-0.0660,0.0104,-0.1067,0.0200,-0.0200,-0.0200,-0.2068,0.1188,-0.0660,0.0104,1.1094,-0.0485,-1.6636,91.2151,-48.2131,-96.6828
217888365,-0.0004,-0.0005,-0.0806,0.0128,-0.0585,0.0200,0.0129,-0.0200,-0.2072,0.1188,-0.0811,0.0136,0.8420,-0.0485,-1.6636,91.2134,-48.2133,-96.6883
217893364,-0.0007,-0.0005,-0.0247,0.0021,-0.1296,-0.0090,0.0044,0.0096,-0.2074,0.1188,-0.0457,-0.0168,0.6281,0.0485,-1.2242,91.2135,-48.2111,-96.6905
217898365,-0.0008,-0.0005,0.0095,0.0189,-0.1018,-0.0003,0.0044,-0.0002,-0.2074,0.1188,0.0013,0.0189,0.5211,0.0485,0.0488,91.2136,-48.2109,-96.6671
217903364,-0.0004,-0.0005,0.0315,0.0180,-0.0652,0.0500,-0.0012,-0.0500,-0.2071,0.1190,0.0677,0.0231,-1.8828,0.0485,0.3906,91.1621,-48.2106,-96.6578
217908364,-0.0001,-0.0004,0.0229,0.0351,-0.0166,0.0500,0.0037,-0.0500,-0.2069,0.1191,0.0233,0.0344,-1.8828,0.0485,0.3906,91.1546,-48.2104,-96.6565
217913364,0.0002,-0.0003,0.0177,0.0483,-0.0316,0.0500,0.0049,-0.0500,-0.2068,0.1192,0.0335,0.0208,-1.8828,1.8383,0.3906,91.1433,-48.1684,-96.6539
217918364,0.0002,-0.0001,0.0238,0.0241,-0.0643,0.0500,-0.0001,-0.0500,-0.2066,0.1192,0.0396,-0.0033,-1.8828,1.8383,0.3906,91.1358,-48.1611,-96.6526
217923364,0.0003,0.0000,0.0406,0.0162,0.0060,-0.0200,-0.0500,0.0200,-0.2063,0.1192,0.0565,-0.0112,-1.8363,1.8383,0.3906,91.1254,-48.1500,-96.6500
217928364,0.0005,-0.0002,0.0602,0.0101,0.0875,-0.0200,-0.0500,0.0200,-0.2060,0.1192,0.0602,0.0101,-0.5896,1.8383,0.3906,91.1448,-48.1427,-96.6487
217933364,0.0011,-0.0002,0.0669,0.0006,0.0964,0.0194,-0.0500,-0.0106,-0.2057,0.1192,0.0581,-0.0030,0.3876,1.8383,-0.2441,91.1659,-48.1317,-96.6618
217938364,0.0016,-0.0001,0.0608,0.0324,0.0081,0.0211,-0.0500,-0.0172,-0.2054,0.1193,0.0520,0.0287,0.3876,1.8383,-0.2441,91.1674,-48.1243,-96.6626
217943364,0.0018,-0.0003,0.0082,0.0037,-0.0423,0.0090,0.0200,-0.0032,-0.2054,0.1193,-0.0005,0.0000,0.3876,1.4163,-0.2441,91.1698,-48.1228,-96.6642
217948364,0.0018,-0.0002,-0.0058,0.0006,-0.0041,0.0044,0.0200,-0.0014,-0.2056,0.1193,-0.0238,-0.0030,0.9224,0.3599,-0.2441,91.1823,-48.1395,-96.6650
217953364,0.0021,-0.0003,0.0086,-0.0134,-0.0316,0.0069,-0.0058,0.0001,-0.2058,0.1193,-0.0431,0.0013,2.2595,-1.2305,-0.2441,91.2204,-48.1754,-96.6667
217958365,0.0019,-0.0004,-0.0003,-0.0122,-0.0798,0.0046,-0.0038,0.0500,-0.2060,0.1194,-0.0519,0.0025,2.2595,-1.2305,-0.2441,91.2295,-48.1803,-96.6674
217963365,0.0019,-0.0005,-0.0345,0.0092,-0.0389,-0.0500,0.0500,0.0500,-0.2065,0.1195,-0.0840,0.0275,2.2595,-1.2305,-0.2441,91.2430,-48.1877,-96.6691
217968364,0.0019,-0.0005,-0.0455,0.0131,0.0155,-0.0500,0.0500,0.0500,-0.2067,0.1196,-0.0455,0.0131,2.0714,-1.2305,-0.2441,91.2482,-48.1926,-96.6699
217973364,0.0018,-0.0003,-0.0663,0.0296,0.0686,-0.0500,0.0500,0.0500,-0.2070,0.1197,-0.0663,0.0296,1.5542,-1.9577,-0.2441,91.2487,-48.2170,-96.6715
217978364,0.0013,-0.0003,-0.0614,0.0202,0.0600,-0.0500,0.0500,-0.0200,-0.2073,0.1198,-0.0614,0.0202,1.2721,-1.9577,-0.2441,91.2487,-48.2248,-96.6723
217983364,0.0009,-0.0002,-0.0559,0.0061,-0.0071,0.0200,-0.0200,-0.0200,-0.2076,0.1198,-0.0559,0.0061,0.9429,-0.7942,0.0488,91.2487,-48.2116,-96.6680
217988364,0.0009,-0.0002,0.0299,0.0168,0.0631,0.0200,-0.0200,-0.0500,-0.2074,0.1200,0.0337,0.0233,-0.3744,-0.6488,0.4394,91.2239,-48.2115,-96.6590
217993365,0.0011,-0.0003,0.0272,0.0394,0.0955,0.0500,0.0007,-0.0500,-0.2072,0.1202,0.0380,0.0462,-0.8557,-0.4548,1.0162,91.2094,-48.2109,-96.6441
217998364,0.0015,-0.0001,0.0260,0.0467,0.0655,0.0500,0.0018,-0.0500,-0.2071,0.1204,0.0332,0.0342,-0.8557,0.8390,1.9077,91.2060,-48.1858,-96.6211
218003364,0.0017,0.0004,0.0250,0.0577,0.0448,0.0500,0.0047,-0.0500,-0.2069,0.1205,0.0381,0.0352,-1.6310,1.5102,1.9077,91.1847,-48.1669,-96.6082
218008364,0.0019,0.0007,0.0571,0.0547,0.0885,0.0500,0.0003,0.0200,-0.2065,0.1207,0.0701,0.0321,-2.5170,1.5102,1.9077,91.1579,-48.1579,-96.6023
218013365,0.0020,0.0008,0.0623,0.0299,0.1294,-0.0200,-0.0500,0.0200,-0.2062,0.1207,0.0753,0.0074,-1.5756,1.5102,1.9077,91.1638,-48.1518,-96.5892
218018365,0.0024,0.0009,0.0718,0.0061,0.1388,-0.0200,-0.0500,-0.0227,-0.2057,0.1209,0.0882,0.0345,-1.2987,1.5102,1.9077,91.1636,-48.1428,-96.5832
218023364,0.0030,0.0010,0.0819,0.0082,0.1660,0.0321,-0.0500,-0.0246,-0.2052,0.1210,0.1005,0.0117,-0.9665,1.5102,0.2297,91.1636,-48.1367,-96.6069
218028364,0.0036,0.0010,0.0589,0.0144,0.1456,0.0279,-0.0500,-0.0225,-0.2049,0.1210,0.0669,0.0042,-0.8003,1.5102,-0.6817,91.1635,-48.1276,-96.6258
218033365,0.0038,0.0009,0.0107,0.0150,0.1581,0.0155,0.0200,-0.0164,-0.2049,0.1210,0.0030,0.0048,0.1070,1.4574,-0.6817,91.1783,-48.1227,-96.6305
218038364,0.0042,0.0010,0.0183,0.0195,0.1795,0.0163,0.0200,-0.0185,-0.2049,0.1210,-0.0170,0.0094,1.7114,0.2987,-0.6817,91.2159,-48.1390,-96.6333
218043365,0.0041,0.0011,0.0232,0.0293,0.1324,0.0168,-0.0005,-0.0215,-0.2051,0.1212,-0.0257,0.0340,1.7114,-1.2865,-0.9746,91.2227,-48.1726,-96.6433
218048364,0.0044,0.0012,0.0101,0.0257,0.0805,0.0148,0.0004,-0.0184,-0.2053,0.1213,-0.0452,0.0194,1.7114,-1.2865,-1.7070,91.2330,-48.1804,-96.6640
218053364,0.0046,0.0013,0.0015,0.0086,0.0466,0.0140,-0.0019,-0.0138,-0.2056,0.1213,-0.0537,0.0023,1.7114,-1.2865,-1.7070,91.2398,-48.1855,-96.6743
218058365,0.0046,0.0014,-0.0073,0.0018,0.0683,0.0113,-0.0020,-0.0120,-0.2059,0.1213,-0.0650,-0.0044,1.8525,-1.2865,-1.7070,91.2532,-48.1932,-96.6811
218063364,0.0047,0.0014,-0.0312,-0.0144,0.0979,0.0052,-0.0032,-0.0058,-0.2063,0.1212,-0.0888,-0.0206,1.8525,-1.2865,-1.7070,91.2606,-48.1984,-96.6914
218068364,0.0046,0.0013,-0.0538,-0.0257,0.0405,0.0001,-0.0024,0.0008,-0.2069,0.1210,-0.1114,-0.0319,1.8525,-1.2865,-1.7070,91.2717,-48.2061,-96.6982
218073365,0.0044,0.0011,-0.0812,-0.0312,0.0124,-0.0500,0.0005,0.0500,-0.2076,0.1209,-0.1378,-0.0311,1.8525,-1.4319,-1.4301,91.2791,-48.2145,-96.7023
218078364,0.0042,0.0009,-0.0861,-0.0357,0.0796,-0.0500,-0.0014,0.0500,-0.2081,0.1208,-0.0985,-0.0143,1.7398,-1.4319,-1.1532,91.2880,-48.2230,-96.7019
218083365,0.0037,0.0005,-0.0950,-0.0363,0.0555,-0.0500,-0.0004,0.0500,-0.2086,0.1207,-0.1073,-0.0150,1.4581,-1.4319,-0.8763,91.2887,-48.2288,-96.7023
218088364,0.0031,0.0002,-0.0901,-0.0312,0.0319,-0.0500,0.0006,0.0500,-0.2091,0.1207,-0.1024,-0.0098,1.0637,-1.4319,-0.7101,91.2883,-48.2374,-96.7021
218093364,0.0026,-0.0000,-0.0605,-0.0174,0.0316,0.0200,0.0000,-0.0200,-0.2095,0.1207,-0.0728,0.0040,0.4715,-1.4319,-0.4886,91.2802,-48.2431,-96.7013
218098364,0.0024,-0.0001,-0.0131,0.0107,0.0594,0.0200,-0.0003,-0.0200,-0.2096,0.1209,-0.0241,0.0298,-1.0345,-1.2770,-0.0427,91.2470,-48.2484,-96.6941
218103364,0.0022,-0.0002,-0.0040,0.0150,0.0759,0.0500,-0.0006,-0.0500,-0.2095,0.1211,0.0177,0.0535,-1.0345,-1.0704,1.5135,91.2428,-48.2489,-96.6570
218108364,0.0022,-0.0001,0.0318,0.0354,0.0640,0.0500,-0.0010,-0.0500,-0.2094,0.1214,0.0252,0.0468,-2.1576,-0.7606,1.9855,91.2123,-48.2482,-96.6397
218113364,0.0024,0.0002,0.0455,0.0409,0.0579,0.0500,-0.0008,-0.0500,-0.2092,0.1216,0.0398,0.0507,-2.1576,-0.6573,2.6147,91.2037,-48.2489,-96.6172
218118365,0.0028,0.0005,0.0528,0.0321,0.0597,0.0500,-0.0038,-0.0500,-0.2090,0.1218,0.0490,0.0388,-2.1576,-0.4508,2.6147,91.1908,-48.2481,-96.6015
218123365,0.0029,0.0006,0.0577,0.0281,0.0649,-0.0200,-0.0053,0.0200,-0.2087,0.1220,0.0543,0.0341,-2.1576,-0.3992,2.6147,91.1821,-48.2488,-96.5911
218128364,0.0031,0.0007,0.0675,0.0144,0.0695,-0.0200,-0.0098,0.0200,-0.2084,0.1221,0.0650,0.0188,-2.1576,-0.2959,2.5596,91.1692,-48.2487,-96.5765
218133364,0.0035,0.0009,0.0693,0.0159,0.0579,0.0331,-0.0098,-0.0256,-0.2078,0.1223,0.1017,0.0373,-1.4088,-0.2443,1.1880,91.1761,-48.2487,-96.5959
218138364,0.0040,0.0010,0.0589,0.0043,0.0518,0.0289,-0.0113,-0.0196,-0.2076,0.1223,0.0445,0.0025,0.5883,-0.1926,-0.3146,91.2145,-48.2489,-96.6254
218143364,0.0044,0.0010,0.0483,0.0015,0.0558,0.0280,-0.0113,-0.0188,-0.2075,0.1223,0.0342,-0.0011,0.5883,-0.1410,-0.3146,91.2168,-48.2484,-96.6267
218148364,0.0048,0.0010,0.0339,-0.0076,0.0539,0.0259,-0.0124,-0.0157,-0.2074,0.1222,0.0203,-0.0110,0.5883,-0.0893,-0.3146,91.2204,-48.2481,-96.6286
218153364,0.0051,0.0008,0.0275,-0.0095,0.0310,0.0260,-0.0131,-0.0141,-0.2073,0.1221,0.0139,-0.0128,0.5883,-0.0893,-0.3146,91.2227,-48.2485,-96.6298
218158364,0.0053,0.0005,0.0174,-0.0086,0.0072,0.0237,-0.0137,-0.0103,-0.2073,0.1220,-0.0075,-0.0330,0.5883,-0.0377,-1.6817,91.2262,-48.2480,-96.6615
218163364,0.0056,0.0005,0.0119,-0.0018,-0.0047,0.0228,-0.0118,-0.0109,-0.2074,0.1219,-0.0235,-0.0263,1.1996,-0.0377,-1.6817,91.2413,-48.2481,-96.6683
218168364,0.0059,0.0005,0.0192,0.0027,-0.0105,0.0256,-0.0120,-0.0132,-0.2075,0.1217,-0.0219,-0.0218,1.5287,-0.0377,-1.6817,91.2569,-48.2483,-96.6784
218173364,0.0059,0.0005,-0.0324,-0.0217,-0.0032,0.0124,-0.0109,-0.0014,-0.2079,0.1215,-0.0735,-0.0462,1.5287,-0.0377,-1.6817,91.2630,-48.2485,-96.6851
218178364,0.0058,0.0003,-0.0626,-0.0367,-0.0172,0.0046,-0.0106,0.0500,-0.2084,0.1212,-0.1037,-0.0612,1.5287,-0.0377,-1.6817,91.2722,-48.2487,-96.6952
218183364,0.0056,0.0000,-0.0916,-0.0449,-0.0050,-0.0500,-0.0079,0.0500,-0.2091,0.1210,-0.1280,-0.0444,2.0922,-0.0377,-1.6817,91.2901,-48.2489,-96.7019
218188364,0.0050,-0.0005,-0.1164,-0.0467,0.0069,-0.0500,-0.0074,0.0500,-0.2097,0.1208,-0.1164,-0.0467,2.0922,0.0000,-1.2386,91.3026,-48.2479,-96.7018
218193364,0.0043,-0.0010,-0.1338,-0.0489,0.0023,-0.0500,-0.0059,0.0500,-0.2103,0.1205,-0.1338,-0.0489,2.0922,0.0000,-1.0171,91.3110,-48.2479,-96.7019
218198364,0.0035,-0.0012,-0.1335,-0.0382,0.0081,-0.0500,-0.0029,-0.0200,-0.2110,0.1203,-0.1335,-0.0382,2.0922,0.0000,-0.7402,91.3236,-48.2479,-96.7016
218203364,0.0028,-0.0015,-0.1179,-0.0192,0.0182,0.0200,-0.0007,-0.0200,-0.2116,0.1202,-0.1179,-0.0192,0.9653,0.0000,-0.1901,91.3081,-48.2479,-96.6931
218208365,0.0023,-0.0017,-0.0858,0.0040,-0.0065,0.0200,0.0020,0.0096,-0.2120,0.1203,-0.0741,0.0243,-0.0563,0.0000,1.3671,91.2887,-48.2479,-96.6569
218213364,0.0019,-0.0018,-0.0489,0.0104,-0.0325,-0.0032,-0.0003,0.0048,-0.2121,0.1205,-0.0361,0.0308,-0.0563,0.0000,1.3671,91.2884,-48.2479,-96.6514
218218365,0.0017,-0.0017,-0.0137,0.0315,0.0029,0.0500,-0.0003,-0.0500,-0.2119,0.1208,0.0384,0.0683,-1.7961,0.0000,2.4682,91.2494,-48.2479,-96.6164
218223364,0.0017,-0.0016,0.0415,0.0153,-0.0230,0.0500,-0.0106,-0.0500,-0.2117,0.1209,0.0415,0.0153,-1.8431,0.0000,2.4682,91.2411,-48.2479,-96.6065
218228364,0.0020,-0.0014,0.0425,0.0061,-0.0328,0.0500,-0.0125,-0.0500,-0.2115,0.1209,0.0425,0.0061,-1.8431,0.0000,2.4682,91.2300,-48.2479,-96.5917
218233364,0.0022,-0.0014,0.0608,-0.0067,-0.0294,0.0500,-0.0178,-0.0500,-0.2112,0.1209,0.0608,-0.0067,-1.8431,0.0000,2.4682,91.2226,-48.2479,-96.5818
218238364,0.0025,-0.0015,0.0883,0.0046,-0.0166,-0.0200,-0.0200,0.0200,-0.2108,0.1209,0.0883,0.0046,-1.7362,0.0000,2.0269,91.2138,-48.2479,-96.5768
218243364,0.0028,-0.0017,0.0861,0.0079,-0.0145,-0.0200,-0.0204,0.0200,-0.2103,0.1210,0.0861,0.0079,-1.4153,0.0000,1.6408,91.2140,-48.2479,-96.5772
218248364,0.0035,-0.0016,0.0889,0.0046,-0.0484,0.0392,-0.0222,-0.0151,-0.2098,0.1211,0.1171,0.0225,-1.0409,0.0000,1.1994,91.2142,-48.2479,-96.5774
218253364,0.0041,-0.0016,0.0727,0.0043,-0.0633,0.0372,-0.0210,-0.0137,-0.2093,0.1212,0.0954,0.0189,-0.8270,0.0000,0.9788,91.2147,-48.2479,-96.5774
218258365,0.0045,-0.0016,0.0458,-0.0067,-0.0624,0.0289,-0.0209,-0.0057,-0.2092,0.1211,0.0259,-0.0145,0.8934,0.0000,-0.5244,91.2503,-48.2479,-96.6036
218263365,0.0047,-0.0020,0.0290,-0.0214,-0.1092,0.0253,-0.0236,0.0500,-0.2091,0.1209,0.0010,-0.0433,0.8934,0.0000,-1.4683,91.2539,-48.2479,-96.6273
218268365,0.0047,-0.0022,0.0226,-0.0076,-0.0496,0.0238,-0.0203,0.0500,-0.2091,0.1209,0.0072,-0.0077,0.8934,0.0000,-1.4683,91.2593,-48.2479,-96.6361
218273364,0.0049,-0.0023,-0.0012,-0.0034,-0.0102,0.0182,-0.0175,0.0500,-0.2092,0.1208,-0.0166,-0.0034,0.8934,0.0000,-1.4683,91.2628,-48.2479,-96.6419
218278365,0.0049,-0.0024,-0.0400,-0.0116,-0.0365,0.0081,-0.0141,0.0500,-0.2095,0.1208,-0.0661,-0.0117,1.5132,0.0000,-1.4683,91.2810,-48.2479,-96.6508
218283365,0.0047,-0.0024,-0.0886,-0.0055,-0.0432,-0.0500,-0.0061,-0.0200,-0.2101,0.1207,-0.1205,-0.0056,1.8512,0.0000,-1.4683,91.2950,-48.2479,-96.6566
218288365,0.0042,-0.0026,-0.1121,0.0073,-0.0166,-0.0500,-0.0016,-0.0200,-0.2107,0.1208,-0.1121,0.0073,1.8512,0.0000,-1.2241,91.3061,-48.2479,-96.6601
218293365,0.0034,-0.0028,-0.1289,0.0192,-0.0068,-0.0500,0.0500,0.0152,-0.2113,0.1209,-0.1314,0.0149,1.8512,0.0000,-0.2911,91.3135,-48.2479,-96.6452
218298364,0.0027,-0.0028,-0.1280,0.0260,-0.0047,-0.0500,0.0500,0.0140,-0.2120,0.1210,-0.1217,0.0369,1.8512,0.0000,0.7341,91.3246,-48.2479,-96.6212
218303364,0.0023,-0.0026,-0.1222,0.0339,0.0005,0.0200,0.0500,0.0115,-0.2125,0.1213,-0.1159,0.0448,1.8512,0.0000,0.7341,91.3320,-48.2479,-96.6182
218308364,0.0017,-0.0023,-0.0993,0.0336,-0.0499,0.0200,0.0500,0.0096,-0.2130,0.1215,-0.0930,0.0445,-0.5634,0.0000,0.7341,91.2877,-48.2479,-96.6138
218313365,0.0013,-0.0024,-0.0400,-0.0159,-0.0328,-0.0032,-0.0200,0.0134,-0.2131,0.1215,-0.0240,-0.0049,-0.5634,0.0000,0.7341,91.2855,-48.2479,-96.6109
218318364,0.0012,-0.0026,0.0180,-0.0275,0.0115,0.0500,-0.0200,0.0086,-0.2129,0.1214,0.0340,-0.0165,-0.5634,1.3090,0.7341,91.2821,-48.2196,-96.6065
218323364,0.0014,-0.0029,0.0522,-0.0330,0.0457,0.0500,-0.0500,0.0074,-0.2126,0.1212,0.0727,-0.0466,-1.9741,1.6483,0.7341,91.2491,-48.2064,-96.6036
218328365,0.0017,-0.0033,0.0602,-0.0302,0.0567,0.0500,-0.0500,0.0038,-0.2122,0.1211,0.0764,-0.0020,-1.9741,2.9348,1.8926,91.2372,-48.1677,-96.5714
218333364,0.0021,-0.0035,0.0504,-0.0089,0.0613,0.0500,-0.0500,0.0003,-0.2119,0.1212,0.0667,0.0193,-1.9741,2.9348,1.8926,91.2293,-48.1560,-96.5638
218338365,0.0023,-0.0035,0.0699,-0.0052,0.1150,-0.0200,-0.0500,-0.0500,-0.2114,0.1214,0.0862,0.0230,-1.9741,2.9348,1.8926,91.2175,-48.1384,-96.5524
218343364,0.0027,-0.0035,0.0883,-0.0082,0.1786,-0.0200,0.0200,-0.0500,-0.2110,0.1213,0.0883,-0.0082,-1.7601,2.9348,1.8926,91.2141,-48.1267,-96.5449
218348365,0.0032,-0.0038,0.0806,-0.0147,0.1572,0.0308,0.0200,-0.0500,-0.2106,0.1212,0.0766,-0.0147,0.2351,2.3017,1.7473,91.2485,-48.1231,-96.5365
218353364,0.0039,-0.0041,0.0831,-0.0312,0.1071,0.0358,-0.0428,-0.0500,-0.2101,0.1209,0.0943,-0.0592,0.2821,1.8796,1.4083,91.2505,-48.1231,-96.5369
218358365,0.0042,-0.0042,0.0284,-0.0018,0.1587,0.0226,-0.0307,0.0200,-0.2100,0.1208,0.0356,-0.0228,0.2821,1.4048,1.0693,91.2522,-48.1227,-96.5363
218363364,0.0044,-0.0043,0.0009,0.0003,0.1624,0.0161,-0.0267,0.0200,-0.2100,0.1208,0.0015,-0.0091,0.2821,0.6313,0.8755,91.2533,-48.1334,-96.5363
218368365,0.0044,-0.0042,-0.0104,-0.0021,0.1172,0.0096,-0.0219,0.0500,-0.2103,0.1208,-0.0630,-0.0010,1.8597,-1.2305,-1.1585,91.2898,-48.1738,-96.5789
218373364,0.0044,-0.0041,0.0089,-0.0061,0.0747,0.0155,-0.0236,0.0500,-0.2104,0.1208,-0.0338,0.0122,1.8597,-1.2305,-1.1585,91.2973,-48.1787,-96.5835
218378365,0.0044,-0.0040,0.0134,-0.0122,0.0921,0.0166,-0.0255,0.0500,-0.2106,0.1209,-0.0292,0.0061,1.8597,-1.2305,-1.1585,91.3084,-48.1861,-96.5904
218383364,0.0046,-0.0042,-0.0137,-0.0147,0.1312,0.0099,-0.0241,0.0500,-0.2109,0.1209,-0.0564,0.0037,1.8597,-1.2305,-1.1585,91.3159,-48.1910,-96.5951
218388365,0.0046,-0.0044,-0.0440,-0.0116,0.1208,0.0013,-0.0191,-0.0200,-0.2114,0.1210,-0.1010,0.0140,2.4521,-1.7153,-1.1585,91.3393,-48.2084,-96.6020
218393364,0.0044,-0.0045,-0.0757,0.0098,0.0872,-0.0500,-0.0098,-0.0200,-0.2120,0.1211,-0.1340,0.0375,2.4521,-1.8608,-1.1585,91.3491,-48.2187,-96.6067
218398364,0.0040,-0.0046,-0.1057,0.0305,0.0628,-0.0500,-0.0029,0.0136,-0.2127,0.1214,-0.1297,0.0444,2.4521,-1.8608,-0.9378,91.3639,-48.2298,-96.6092
218403364,0.0034,-0.0046,-0.1316,0.0455,0.0634,-0.0500,0.0500,0.0127,-0.2134,0.1218,-0.1410,0.0848,2.4521,-1.8608,0.7723,91.3737,-48.2373,-96.5753
218408364,0.0029,-0.0044,-0.1442,0.0593,0.0475,-0.0500,0.0500,0.0133,-0.2141,0.1221,-0.1375,0.0708,1.8486,-1.8608,0.7723,91.3746,-48.2484,-96.5707
218413365,0.0020,-0.0042,-0.1362,0.0562,-0.0044,0.0200,0.0500,0.0145,-0.2147,0.1225,-0.1296,0.0677,0.2943,-1.4993,0.7723,91.3482,-48.2480,-96.5676
218418364,0.0013,-0.0040,-0.1151,0.0385,-0.0273,0.0200,0.0500,0.0167,-0.2153,0.1227,-0.1085,0.0500,-0.1616,-1.1379,0.7723,91.3378,-48.2487,-96.5629
218423365,0.0008,-0.0039,-0.0632,0.0189,0.0359,-0.0123,-0.0200,0.0140,-0.2155,0.1229,-0.0538,0.0305,-0.1616,-0.9313,0.7723,91.3372,-48.2486,-96.5598
218428365,0.0007,-0.0038,-0.0040,0.0009,0.1129,0.0500,-0.0200,0.0087,-0.2154,0.1229,0.0346,0.0124,-1.8519,0.9696,0.7723,91.2993,-48.2108,-96.5552
218433364,0.0007,-0.0040,0.0370,-0.0107,0.1077,0.0500,-0.0500,0.0085,-0.2151,0.1229,0.0519,-0.0136,-2.3026,0.9696,0.7723,91.2813,-48.2070,-96.5521
218438365,0.0011,-0.0042,0.0376,-0.0217,0.0775,0.0500,-0.0500,0.0097,-0.2149,0.1229,0.0496,-0.0008,-2.3026,1.8086,1.4019,91.2675,-48.1836,-96.5332
218443364,0.0015,-0.0044,0.0434,-0.0177,0.0778,0.0500,-0.0500,0.0079,-0.2146,0.1229,0.0554,0.0032,-2.3026,2.3120,1.4019,91.2583,-48.1646,-96.5276
218448365,0.0018,-0.0045,0.0764,-0.0168,0.1300,-0.0200,-0.0500,0.0028,-0.2141,0.1229,0.0884,0.0041,-2.0675,2.3120,1.4019,91.2495,-48.1508,-96.5191
218453365,0.0021,-0.0047,0.0956,-0.0199,0.1129,-0.0200,0.0200,0.0012,-0.2136,0.1229,0.1076,0.0010,-1.6913,2.3120,1.4019,91.2495,-48.1415,-96.5135
218458365,0.0028,-0.0049,0.0977,-0.0134,0.0775,0.0374,0.0200,-0.0017,-0.2129,0.1230,0.1316,0.0075,-1.2681,2.3120,1.4019,91.2492,-48.1276,-96.5051
218463365,0.0034,-0.0049,0.0776,0.0034,0.1251,0.0333,-0.0346,-0.0500,-0.2124,0.1230,0.1001,0.0164,-0.3476,0.5221,1.4019,91.2636,-48.1577,-96.4995
218468365,0.0037,-0.0050,0.0257,0.0098,0.1786,0.0179,-0.0276,-0.0500,-0.2124,0.1231,0.0087,0.0123,0.9015,-0.1678,1.0361,91.2920,-48.1726,-96.4995
218473365,0.0037,-0.0049,-0.0034,-0.0070,0.1239,0.0111,-0.0265,-0.0500,-0.2125,0.1231,-0.0203,-0.0045,0.9015,-0.1678,0.8271,91.2956,-48.1733,-96.4999
218478364,0.0035,-0.0049,-0.0159,0.0015,0.0378,0.0081,-0.0213,-0.0500,-0.2127,0.1231,-0.0329,0.0040,0.9015,-0.1678,0.4243,91.3010,-48.1743,-96.5036
218483364,0.0035,-0.0051,-0.0061,0.0156,-0.0071,0.0114,-0.0197,0.0200,-0.2128,0.1232,-0.0231,0.0181,0.9015,-0.1678,-1.1139,91.3046,-48.1750,-96.5359
218488365,0.0036,-0.0052,-0.0073,0.0168,-0.0105,0.0115,-0.0199,0.0200,-0.2129,0.1233,-0.0243,0.0193,0.9015,-0.1678,-1.1624,91.3100,-48.1760,-96.5438
218493364,0.0037,-0.0051,-0.0339,0.0244,0.0475,0.0025,-0.0157,0.0500,-0.2133,0.1233,-0.0739,0.0080,1.6016,-0.1678,-1.2727,91.3281,-48.1766,-96.5507
218498365,0.0035,-0.0050,-0.0712,0.0180,0.0081,-0.0500,-0.0081,0.0500,-0.2139,0.1235,-0.1211,0.0422,2.0863,-1.6222,-2.3760,91.3500,-48.2094,-96.5856
218503365,0.0033,-0.0049,-0.0907,0.0147,-0.0603,-0.0500,-0.0061,0.0500,-0.2144,0.1237,-0.1055,0.0403,2.0863,-1.7192,-2.3760,91.3584,-48.2182,-96.5951
218508364,0.0028,-0.0051,-0.1078,0.0211,-0.0383,-0.0500,-0.0024,0.0500,-0.2150,0.1240,-0.1226,0.0467,2.0863,-1.7192,-2.3760,91.3709,-48.2285,-96.6093
218513365,0.0024,-0.0051,-0.1112,0.0363,0.0069,-0.0500,0.0015,-0.0200,-0.2157,0.1243,-0.1259,0.0620,1.8542,-1.7192,-2.3760,91.3744,-48.2354,-96.6188
218518365,0.0017,-0.0050,-0.1023,0.0452,-0.0035,0.0200,0.0500,-0.0200,-0.2162,0.1246,-0.1171,0.0709,0.1680,-1.7192,-1.9565,91.3484,-48.2457,-96.6239
218523364,0.0011,-0.0048,-0.0855,0.0461,-0.0936,0.0200,0.0500,0.0184,-0.2167,0.1247,-0.0992,0.0224,-0.3231,-1.5126,-1.5894,91.3377,-48.2482,-96.6236
218528365,0.0007,-0.0046,-0.0528,0.0247,-0.1452,-0.0090,0.0500,0.0191,-0.2170,0.1248,-0.0573,0.0073,-0.3231,-1.1512,-1.1699,91.3358,-48.2489,-96.6235
218533364,0.0005,-0.0045,-0.0199,0.0098,-0.0911,-0.0006,0.0500,0.0153,-0.2170,0.1249,-0.0022,0.0155,-0.8302,-0.9446,0.3862,91.3241,-48.2489,-96.5947
218538365,0.0004,-0.0046,0.0134,-0.0174,-0.0371,0.0500,-0.0200,0.0147,-0.2167,0.1249,0.0649,0.0015,-2.3515,0.6787,1.2688,91.2822,-48.2190,-96.5704
218543365,0.0003,-0.0047,0.0202,-0.0269,-0.0997,0.0500,-0.0200,0.0187,-0.2166,0.1248,0.0310,-0.0080,-2.3515,1.0181,1.2688,91.2728,-48.2083,-96.5653
218548365,0.0006,-0.0051,0.0312,-0.0238,-0.0878,0.0500,-0.0500,0.0179,-0.2163,0.1247,0.0508,-0.0201,-2.3515,1.0181,1.2688,91.2587,-48.2022,-96.5577
218553365,0.0007,-0.0053,0.0455,-0.0098,-0.0188,0.0500,-0.0500,0.0120,-0.2160,0.1248,0.0564,0.0091,-2.3515,2.3045,1.2688,91.2493,-48.1695,-96.5526
218558364,0.0009,-0.0055,0.0721,-0.0031,0.0344,-0.0200,-0.0500,0.0061,-0.2156,0.1249,0.0871,0.0231,-1.7402,2.3045,1.7531,91.2494,-48.1557,-96.5350
218563365,0.0012,-0.0056,0.0739,0.0147,0.0451,-0.0200,-0.0500,0.0018,-0.2151,0.1251,0.0889,0.0408,-1.4111,2.3045,1.7531,91.2496,-48.1465,-96.5280
218568365,0.0018,-0.0056,0.0754,0.0302,0.0454,0.0279,0.0200,-0.0500,-0.2146,0.1254,0.1083,0.0564,-1.0349,2.3045,1.7531,91.2498,-48.1327,-96.5175
218573364,0.0023,-0.0054,0.0589,0.0357,0.0741,0.0229,0.0200,-0.0500,-0.2143,0.1256,0.0580,0.0357,0.0563,2.3045,1.7531,91.2692,-48.1234,-96.5104
218578365,0.0027,-0.0053,0.0351,0.0437,0.1297,0.0178,-0.0219,-0.0500,-0.2141,0.1256,0.0324,0.0179,1.0142,1.7242,1.7531,91.2933,-48.1229,-96.4999
218583365,0.0030,-0.0051,0.0147,0.0345,0.1318,0.0127,-0.0193,-0.0500,-0.2142,0.1258,-0.0024,0.0338,1.0142,0.0494,1.4396,91.2974,-48.1525,-96.4997
218588364,0.0030,-0.0049,0.0040,0.0220,0.0436,0.0106,-0.0175,0.0200,-0.2143,0.1260,-0.0212,0.0353,1.0142,-0.8949,1.0737,91.3035,-48.1758,-96.4995
218593365,0.0030,-0.0047,-0.0125,0.0150,0.0191,0.0067,-0.0158,0.0200,-0.2144,0.1261,-0.0377,0.0283,1.0142,-0.8949,-0.0969,91.3075,-48.1794,-96.5203
218598364,0.0030,-0.0048,-0.0174,0.0122,0.0197,0.0047,-0.0169,0.0500,-0.2147,0.1262,-0.0556,0.0126,1.3373,-0.8949,-0.8718,91.3202,-48.1848,-96.5402
218603365,0.0031,-0.0048,-0.0263,0.0226,0.0261,0.0022,-0.0126,0.0500,-0.2151,0.1264,-0.0709,0.0359,2.1451,-0.8949,-0.8718,91.3441,-48.1884,-96.5436
218608365,0.0029,-0.0047,-0.0232,0.0229,0.0173,0.0020,-0.0119,0.0500,-0.2154,0.1266,-0.0679,0.0362,2.1451,-0.8949,-2.2509,91.3570,-48.1937,-96.5801
218613365,0.0029,-0.0047,-0.0394,0.0171,0.0078,-0.0018,-0.0108,0.0500,-0.2158,0.1267,-0.0841,0.0304,2.1451,-0.8949,-2.2509,91.3656,-48.1973,-96.5891
218618364,0.0029,-0.0046,-0.0516,0.0217,-0.0078,-0.0500,-0.0080,-0.0200,-0.2163,0.1269,-0.0931,0.0350,1.9594,-0.8949,-2.0303,91.3746,-48.2027,-96.5981
218623365,0.0027,-0.0046,-0.0702,0.0192,-0.0023,-0.0500,-0.0074,-0.0200,-0.2167,0.1270,-0.0779,0.0326,1.5880,-0.8949,-0.6511,91.3743,-48.2063,-96.5754
218628365,0.0022,-0.0046,-0.0712,0.0363,0.0222,-0.0500,-0.0030,0.0123,-0.2171,0.1273,-0.0830,0.0425,1.1702,-0.8949,-0.4856,91.3743,-48.2116,-96.5756
218633364,0.0017,-0.0045,-0.0687,0.0373,-0.0273,-0.0500,-0.0013,0.0132,-0.2175,0.1275,-0.0784,0.0413,0.9845,-0.7010,-0.4305,91.3749,-48.2109,-96.5763
218638365,0.0014,-0.0043,-0.0284,0.0250,-0.0359,0.0200,-0.0068,0.0084,-0.2176,0.1277,-0.0203,0.0543,0.1600,-0.5071,1.4530,91.3631,-48.2108,-96.5349
218643364,0.0014,-0.0042,-0.0076,0.0040,0.0112,0.0200,-0.0140,0.0096,-0.2176,0.1279,0.0013,0.0317,-1.0232,-0.4101,1.4530,91.3370,-48.2108,-96.5291
218648365,0.0012,-0.0042,0.0128,0.0116,0.0823,0.0500,-0.0165,0.0040,-0.2174,0.1281,0.0403,0.0379,-1.0232,-0.3132,1.4530,91.3309,-48.2111,-96.5204
218653365,0.0013,-0.0043,0.0302,0.0116,0.0839,0.0500,-0.0186,0.0029,-0.2172,0.1283,0.0404,0.0372,-1.0232,-0.2647,1.4530,91.3268,-48.2113,-96.5145
218658364,0.0014,-0.0044,0.0531,0.0162,0.0686,0.0500,-0.0209,-0.0007,-0.2169,0.1285,0.0638,0.0411,-2.6008,-0.2162,1.4530,91.2829,-48.2117,-96.5058
218663364,0.0019,-0.0043,0.0458,0.0324,0.0830,0.0500,-0.0174,-0.0500,-0.2166,0.1288,0.0568,0.0565,-2.6008,-0.1677,1.4530,91.2725,-48.2114,-96.5000
218668365,0.0023,-0.0043,0.0498,0.0308,0.0784,-0.0200,-0.0199,-0.0500,-0.2163,0.1289,0.0488,0.0326,-2.6008,-0.1192,1.0871,91.2569,-48.2112,-96.4996
218673365,0.0026,-0.0039,0.0312,0.0406,0.0717,-0.0200,-0.0149,-0.0500,-0.2162,0.1291,0.0305,0.0417,-2.2251,-0.0708,0.8781,91.2541,-48.2107,-96.4998
218678365,0.0029,-0.0038,0.0150,0.0431,0.0549,0.0150,-0.0123,-0.0500,-0.2161,0.1293,0.0168,0.0441,-0.1404,-0.0708,0.6691,91.2900,-48.2112,-96.4994
218683364,0.0029,-0.0035,0.0086,0.0260,0.0539,0.0134,-0.0143,0.0200,-0.2161,0.1295,0.0104,0.0270,-0.1404,-0.0708,0.5645,91.2894,-48.2114,-96.4990
218688364,0.0030,-0.0033,-0.0043,0.0110,0.0885,0.0098,-0.0158,0.0200,-0.2161,0.1295,-0.0028,0.0110,-0.0840,0.0000,-1.2592,91.2899,-48.2107,-96.5369
218693365,0.0031,-0.0033,-0.0147,0.0018,0.0668,0.0071,-0.0170,0.0500,-0.2162,0.1295,-0.0240,-0.0169,-0.0840,0.0000,-1.2592,91.2895,-48.2107,-96.5419
218698365,0.0031,-0.0032,-0.0205,-0.0104,0.0491,0.0066,-0.0176,0.0500,-0.2163,0.1294,-0.0190,-0.0104,-0.0840,0.0000,-2.5832,91.2890,-48.2107,-96.5782
218703365,0.0029,-0.0031,-0.0308,-0.0140,0.0808,0.0029,-0.0169,0.0500,-0.2164,0.1293,-0.0308,-0.0140,0.0000,0.0000,-2.5832,91.2901,-48.2107,-96.5885
218708365,0.0029,-0.0033,-0.0434,-0.0192,0.1153,-0.0006,-0.0177,0.0500,-0.2167,0.1292,-0.0434,-0.0192,0.0000,0.0000,-2.5832,91.2901,-48.2107,-96.6040
218713364,0.0029,-0.0035,-0.0565,-0.0153,0.1056,-0.0500,-0.0155,-0.0200,-0.2169,0.1292,-0.0565,-0.0153,0.0000,0.0000,-2.5832,91.2901,-48.2107,-96.6143
218718365,0.0027,-0.0037,-0.0641,0.0031,0.0710,-0.0500,-0.0105,-0.0200,-0.2173,0.1292,-0.0641,0.0031,0.0000,0.0000,-2.3210,91.2901,-48.2107,-96.6243
218723365,0.0023,-0.0039,-0.0629,0.0159,0.0381,-0.0500,-0.0084,0.0154,-0.2177,0.1291,-0.0792,-0.0124,0.0000,0.0000,-1.9015,91.2901,-48.2107,-96.6242
218728364,0.0018,-0.0038,-0.0620,0.0290,0.0726,-0.0500,-0.0038,0.0105,-0.2180,0.1292,-0.0642,0.0267,0.0000,-0.0485,-0.2050,91.2901,-48.2117,-96.5982
218733364,0.0015,-0.0037,-0.0351,0.0278,0.0613,0.0200,-0.0056,0.0065,-0.2181,0.1295,-0.0280,0.0417,0.0000,-0.0485,0.8826,91.2901,-48.2119,-96.5741
218738364,0.0012,-0.0036,-0.0192,0.0217,0.0390,0.0200,-0.0077,0.0061,-0.2182,0.1296,-0.0121,0.0356,0.0000,-0.0485,0.8826,91.2901,-48.2122,-96.5688
218743365,0.0010,-0.0035,-0.0076,0.0134,0.0411,0.0500,-0.0103,0.0064,-0.2182,0.1298,0.0005,0.0273,-0.0563,-0.0485,0.8826,91.2887,-48.2124,-96.5653
218748364,0.0009,-0.0035,0.0104,-0.0015,0.0573,0.0500,-0.0157,0.0072,-0.2181,0.1298,0.0175,0.0124,-0.0563,-0.0485,0.8826,91.2884,-48.2127,-96.5600
218753364,0.0009,-0.0035,0.0238,-0.0095,0.0906,0.0500,-0.0194,0.0068,-0.2179,0.1298,0.0310,0.0044,-0.9027,-0.0485,0.8826,91.2704,-48.2129,-96.5564
218758365,0.0013,-0.0036,0.0235,-0.0168,0.0946,0.0500,-0.0221,0.0081,-0.2178,0.1298,0.0307,-0.0029,-1.8431,-0.0485,0.8826,91.2417,-48.2132,-96.5511
218763364,0.0013,-0.0038,0.0345,-0.0171,0.0631,-0.0200,-0.0243,0.0080,-0.2176,0.1298,0.0417,-0.0032,-1.8431,-0.0485,0.8826,91.2344,-48.2134,-96.5476
218768365,0.0013,-0.0040,0.0324,-0.0101,0.0765,-0.0200,-0.0230,0.0070,-0.2174,0.1298,0.0395,0.0038,-0.6676,-0.0485,0.8826,91.2493,-48.2137,-96.5423
218773365,0.0016,-0.0042,0.0302,0.0000,0.0915,0.0143,-0.0225,0.0047,-0.2171,0.1299,0.0465,0.0139,-0.5266,-0.0485,0.8826,91.2497,-48.2139,-96.5388
218778365,0.0018,-0.0042,-0.0040,0.0260,0.0820,0.0062,-0.0130,0.0037,-0.2171,0.1301,0.0086,0.0377,-0.3855,-0.0485,0.7373,91.2498,-48.2142,-96.5366
218783364,0.0019,-0.0042,-0.0180,0.0385,0.0600,0.0033,-0.0082,0.0026,-0.2171,0.1303,-0.0075,0.0480,-0.3385,-0.0485,0.5921,91.2493,-48.2144,-96.5368
218788365,0.0016,-0.0040,-0.0293,0.0394,0.0341,-0.0500,-0.0041,0.0059,-0.2174,0.1306,-0.0531,0.0468,1.5776,-0.0485,0.4468,91.2903,-48.2146,-96.5366
218793365,0.0013,-0.0038,-0.0376,0.0415,0.0536,-0.0500,-0.0024,0.0051,-0.2176,0.1308,-0.0350,0.0475,1.5776,-0.0485,0.3499,91.2966,-48.2148,-96.5369
218798365,0.0010,-0.0036,-0.0287,0.0394,0.0720,-0.0500,-0.0031,0.0043,-0.2177,0.1310,-0.0270,0.0439,1.5776,-0.0485,0.2530,91.3061,-48.2151,-96.5369
218803365,0.0010,-0.0034,-0.0406,0.0348,0.0823,-0.0500,-0.0020,0.0060,-0.2179,0.1312,-0.0393,0.0386,1.5776,-0.0485,0.2046,91.3124,-48.2153,-96.5369
218808364,0.0010,-0.0032,-0.0400,0.0257,0.0619,0.0200,-0.0031,0.0075,-0.2181,0.1314,-0.0391,0.0287,1.5776,-0.0485,0.1562,91.3219,-48.2156,-96.5367
218813365,0.0006,-0.0031,-0.0483,0.0070,0.0371,0.0200,-0.0046,0.0132,-0.2183,0.1314,-0.0473,0.0101,0.9578,-0.0485,0.1562,91.3154,-48.2158,-96.5361
218818364,0.0003,-0.0031,-0.0412,0.0000,0.0374,-0.0091,-0.0068,0.0144,-0.2185,0.1314,-0.0330,0.0023,-0.4507,-0.0485,0.1077,91.2868,-48.2161,-96.5364
218823364,0.0000,-0.0033,-0.0131,-0.0186,0.0118,-0.0027,-0.0142,0.0165,-0.2185,0.1313,-0.0053,-0.0170,-0.4507,-0.0485,0.0593,91.2850,-48.2163,-96.5370
218828365,-0.0001,-0.0033,-0.0049,-0.0150,0.0301,-0.0014,-0.0144,0.0147,-0.2185,0.1313,0.0030,-0.0134,-0.4507,-0.0485,0.0593,91.2823,-48.2166,-96.5366
218833364,0.0000,-0.0036,-0.0034,-0.0174,0.0106,-0.0002,-0.0162,0.0161,-0.2185,0.1312,0.0045,-0.0158,-0.4507,-0.0485,0.0593,91.2805,-48.2168,-96.5364
218838364,0.0000,-0.0039,-0.0015,-0.0089,-0.0212,0.0006,-0.0153,0.0155,-0.2185,0.1312,0.0058,-0.0081,-0.4507,-0.0485,0.0000,91.2778,-48.2171,-96.5370
218843364,0.0001,-0.0041,-0.0073,0.0052,-0.0291,-0.0005,-0.0123,0.0140,-0.2185,0.1312,0.0000,0.0059,-0.4507,-0.0485,0.0000,91.2760,-48.2173,-96.5370
218848364,0.0002,-0.0043,-0.0052,0.0150,-0.0340,0.0004,-0.0112,0.0120,-0.2185,0.1313,0.0022,0.0157,-0.4507,-0.0485,0.0000,91.2733,-48.2176,-96.5370
218853364,0.0002,-0.0044,-0.0101,0.0272,-0.0319,-0.0009,-0.0083,0.0104,-0.2185,0.1314,-0.0027,0.0279,-0.4507,-0.0485,0.0000,91.2715,-48.2177,-96.5370
218858365,0.0003,-0.0043,-0.0110,0.0312,-0.0386,-0.0003,-0.0074,0.0091,-0.2185,0.1316,-0.0032,0.0326,-0.4507,-0.0485,0.0484,91.2688,-48.2180,-96.5358
218863365,0.0005,-0.0041,-0.0128,0.0330,-0.0627,0.0001,-0.0059,0.0082,-0.2185,0.1317,-0.0051,0.0344,-0.4507,-0.0485,0.0484,91.2670,-48.2182,-96.5356
218868364,0.0006,-0.0039,-0.0186,0.0223,-0.0637,-0.0010,-0.0070,0.0105,-0.2186,0.1319,-0.0109,0.0237,-0.4507,-0.0485,0.0484,91.2643,-48.2185,-96.5353
218873364,0.0006,-0.0038,-0.0296,0.0162,-0.0725,-0.0034,-0.0066,0.0128,-0.2187,0.1319,-0.0219,0.0176,-0.4507,-0.0485,0.0484,91.2625,-48.2187,-96.5351
218878364,0.0005,-0.0037,-0.0345,0.0058,-0.0838,-0.0052,-0.0072,0.0156,-0.2188,0.1320,-0.0267,0.0072,-0.4507,-0.0485,0.0484,91.2598,-48.2190,-96.5348
218883364,0.0003,-0.0035,-0.0351,0.0006,-0.0954,-0.0057,-0.0073,0.0167,-0.2189,0.1320,-0.0274,0.0021,-0.4507,-0.0485,0.0484,91.2579,-48.2192,-96.5346
218888364,0.0001,-0.0035,-0.0339,-0.0058,-0.0945,-0.0065,-0.0081,0.0183,-0.2191,0.1320,-0.0261,-0.0044,-0.4507,-0.0485,0.0484,91.2552,-48.2195,-96.5343
218893364,-0.0001,-0.0038,-0.0336,-0.0073,-0.0817,-0.0071,-0.0094,0.0197,-0.2192,0.1319,-0.0258,-0.0059,-0.4507,-0.0485,0.0484,91.2534,-48.2197,-96.5341
218898364,-0.0001,-0.0040,-0.0333,-0.0061,-0.0829,-0.0072,-0.0100,0.0205,-0.2193,0.1319,-0.0255,-0.0047,-0.4507,-0.0485,0.0484,91.2507,-48.2200,-96.5338
218903365,-0.0003,-0.0043,-0.0333,-0.0021,-0.0914,-0.0079,-0.0096,0.0210,-0.2195,0.1319,-0.0263,-0.0007,-0.4037,-0.0485,0.0484,91.2499,-48.2202,-96.5336
218908364,-0.0005,-0.0045,-0.0339,0.0049,-0.0933,-0.0087,-0.0085,0.0208,-0.2196,0.1319,-0.0286,0.0063,-0.3097,-0.0485,0.0484,91.2496,-48.2205,-96.5333
218913364,-0.0006,-0.0047,-0.0281,0.0116,-0.0740,-0.0083,-0.0083,0.0194,-0.2197,0.1320,-0.0236,0.0131,-0.2627,-0.0485,0.0484,91.2494,-48.2206,-96.5331
218918365,-0.0008,-0.0048,-0.0220,0.0247,-0.0670,-0.0077,-0.0062,0.0165,-0.2198,0.1321,-0.0191,0.0262,-0.1686,-0.0485,0.0484,91.2499,-48.2209,-96.5328
218923365,-0.0010,-0.0049,-0.0199,0.0284,-0.0676,-0.0078,-0.0056,0.0161,-0.2199,0.1323,-0.0169,0.0298,-0.1686,-0.0485,0.0484,91.2493,-48.2211,-96.5326
218928365,-0.0012,-0.0047,-0.0192,0.0327,-0.0643,-0.0088,-0.0036,0.0149,-0.2200,0.1325,-0.0171,0.0341,-0.1216,-0.0485,0.0484,91.2494,-48.2214,-96.5324
218933364,-0.0015,-0.0047,-0.0217,0.0318,-0.0563,-0.0107,-0.0028,0.0156,-0.2201,0.1326,-0.0204,0.0332,-0.0746,-0.0485,0.0484,91.2499,-48.2216,-96.5322
218938364,-0.0018,-0.0045,-0.0192,0.0275,-0.0511,-0.0111,-0.0031,0.0162,-0.2202,0.1328,-0.0180,0.0289,-0.0746,-0.0485,0.0484,91.2495,-48.2219,-96.5319
218943364,-0.0019,-0.0043,-0.0208,0.0263,-0.0465,-0.0123,-0.0021,0.0162,-0.2203,0.1329,-0.0195,0.0277,-0.0746,-0.0485,0.0484,91.2492,-48.2221,-96.5317
218948364,-0.0021,-0.0041,-0.0244,0.0208,-0.0429,-0.0139,-0.0017,0.0173,-0.2204,0.1330,-0.0244,0.0222,0.0000,-0.0485,0.0484,91.2500,-48.2224,-96.5314
218953365,-0.0022,-0.0038,-0.0266,0.0156,-0.0356,-0.0151,-0.0017,0.0181,-0.2205,0.1331,-0.0266,0.0170,0.0000,-0.0485,0.0484,91.2500,-48.2226,-96.5312
218958364,-0.0024,-0.0037,-0.0235,0.0131,-0.0252,-0.0151,-0.0017,0.0178,-0.2207,0.1332,-0.0235,0.0146,0.0000,-0.0485,0.0484,91.2500,-48.2229,-96.5309
218963364,-0.0025,-0.0039,-0.0217,0.0073,-0.0105,-0.0155,-0.0038,0.0197,-0.2208,0.1332,-0.0217,0.0088,0.0000,-0.0485,0.0484,91.2500,-48.2231,-96.5307
218968365,-0.0027,-0.0041,-0.0220,0.0082,-0.0026,-0.0163,-0.0040,0.0204,-0.2209,0.1333,-0.0220,0.0097,0.0000,-0.0485,0.0484,91.2500,-48.2234,-96.5304
218973364,-0.0028,-0.0043,-0.0208,0.0122,-0.0004,-0.0164,-0.0038,0.0203,-0.2210,0.1333,-0.0208,0.0137,0.0000,-0.0485,0.0484,91.2500,-48.2235,-96.5302
218978364,-0.0030,-0.0044,-0.0214,0.0165,0.0023,-0.0173,-0.0031,0.0202,-0.2211,0.1334,-0.0214,0.0179,0.0000,-0.0485,0.0484,91.2500,-48.2238,-96.5299
218983364,-0.0031,-0.0046,-0.0189,0.0189,0.0060,-0.0171,-0.0032,0.0201,-0.2212,0.1335,-0.0181,0.0204,-0.0470,-0.0485,0.0484,91.2490,-48.2240,-96.5297
218988365,-0.0033,-0.0045,-0.0180,0.0235,0.0151,-0.0181,-0.0018,0.0193,-0.2213,0.1337,-0.0172,0.0250,-0.0470,-0.0485,0.0484,91.2487,-48.2243,-96.5294
218993364,-0.0033,-0.0046,-0.0211,0.0250,0.0225,-0.0187,-0.0016,0.0194,-0.2214,0.1338,-0.0203,0.0265,-0.0470,-0.0485,0.0484,91.2485,-48.2245,-96.5293
218998365,-0.0035,-0.0046,-0.0159,0.0244,0.0130,-0.0182,-0.0017,0.0194,-0.2214,0.1339,-0.0151,0.0259,-0.0470,-0.0485,0.0484,91.2482,-48.2248,-96.5290
219003365,-0.0038,-0.0045,-0.0140,0.0244,0.0084,-0.0186,-0.0012,0.0195,-0.2215,0.1340,-0.0132,0.0259,-0.0470,-0.0485,0.0484,91.2480,-48.2250,-96.5288
219008365,-0.0039,-0.0045,-0.0061,0.0241,0.0078,-0.0174,-0.0018,0.0189,-0.2215,0.1342,-0.0053,0.0256,-0.0470,-0.0485,0.0484,91.2478,-48.2253,-96.5285
219013365,-0.0041,-0.0045,0.0110,0.0238,0.0142,-0.0136,-0.0038,0.0169,-0.2215,0.1343,0.0118,0.0253,-0.0470,-0.0485,0.0484,91.2476,-48.2255,-96.5283
219018364,-0.0040,-0.0046,0.0189,0.0260,0.0176,-0.0116,-0.0047,0.0157,-0.2214,0.1344,0.0197,0.0274,-0.0470,-0.0485,0.0484,91.2473,-48.2258,-96.5280
219023365,-0.0040,-0.0047,0.0260,0.0250,0.0155,-0.0096,-0.0062,0.0153,-0.2212,0.1346,0.0268,0.0265,-0.0470,-0.0485,0.0484,91.2471,-48.2260,-96.5278
219028365,-0.0038,-0.0048,0.0278,0.0263,0.0182,-0.0085,-0.0070,0.0148,-0.2211,0.1347,0.0286,0.0277,-0.0470,-0.0485,0.0484,91.2468,-48.2263,-96.5275
219033364,-0.0035,-0.0049,0.0269,0.0281,0.0210,-0.0076,-0.0074,0.0141,-0.2210,0.1349,0.0277,0.0295,-0.0470,-0.0485,0.0484,91.2466,-48.2265,-96.5273
219038365,-0.0032,-0.0048,0.0217,0.0299,0.0271,-0.0076,-0.0069,0.0134,-0.2208,0.1350,0.0225,0.0314,-0.0470,-0.0485,0.0484,91.2463,-48.2267,-96.5270
219043364,-0.0029,-0.0047,0.0104,0.0312,0.0286,-0.0093,-0.0055,0.0137,-0.2208,0.1352,0.0112,0.0326,-0.0470,-0.0485,0.0484,91.2462,-48.2269,-96.5268
219048365,-0.0027,-0.0046,-0.0027,0.0302,0.0249,-0.0117,-0.0040,0.0148,-0.2208,0.1353,-0.0019,0.0317,-0.0470,-0.0485,0.0484,91.2459,-48.2272,-96.5265
219053364,-0.0025,-0.0045,-0.0134,0.0278,0.0243,-0.0137,-0.0032,0.0160,-0.2209,0.1355,-0.0126,0.0292,-0.0470,-0.0485,0.0484,91.2457,-48.2274,-96.5263
219058365,-0.0024,-0.0045,-0.0333,0.0254,0.0243,-0.0184,-0.0012,0.0188,-0.2210,0.1356,-0.0325,0.0268,-0.0470,-0.0485,0.0484,91.2454,-48.2277,-96.5261
219063365,-0.0024,-0.0043,-0.0360,0.0244,0.0261,-0.0190,-0.0007,0.0187,-0.2212,0.1357,-0.0352,0.0259,-0.0470,-0.0485,0.0484,91.2452,-48.2279,-96.5259
219068364,-0.0028,-0.0043,-0.0360,0.0254,0.0246,-0.0204,0.0004,0.0191,-0.2214,0.1359,-0.0352,0.0268,-0.0470,-0.0485,0.0484,91.2449,-48.2282,-96.5256
219073364,-0.0031,-0.0043,-0.0324,0.0238,0.0237,-0.0208,0.0004,0.0195,-0.2215,0.1360,-0.0316,0.0253,-0.0470,-0.0485,0.0484,91.2448,-48.2284,-96.5254
219078364,-0.0034,-0.0042,-0.0260,0.0238,0.0231,-0.0203,0.0003,0.0192,-0.2217,0.1361,-0.0252,0.0253,-0.0470,-0.0485,0.0484,91.2445,-48.2287,-96.5251
219083365,-0.0037,-0.0042,-0.0202,0.0238,0.0210,-0.0199,0.0002,0.0189,-0.2218,0.1363,-0.0193,0.0253,-0.0470,-0.0485,0.0484,91.2443,-48.2289,-96.5249
219088364,-0.0039,-0.0042,-0.0101,0.0275,0.0203,-0.0182,0.0002,0.0173,-0.2218,0.1364,-0.0093,0.0289,-0.0470,-0.0485,0.0484,91.2440,-48.2292,-96.5246
219093365,-0.0039,-0.0043,-0.0049,0.0275,0.0173,-0.0172,-0.0006,0.0172,-0.2218,0.1365,-0.0041,0.0289,-0.0470,-0.0485,0.0484,91.2438,-48.2294,-96.5244
219098364,-0.0038,-0.0044,0.0000,0.0305,0.0155,-0.0155,-0.0011,0.0160,-0.2218,0.1367,0.0008,0.0320,-0.0470,-0.0485,0.0484,91.2435,-48.2297,-96.5241
219103365,-0.0037,-0.0044,-0.0006,0.0321,0.0136,-0.0149,-0.0011,0.0155,-0.2218,0.1369,0.0002,0.0335,-0.0470,-0.0485,0.0484,91.2433,-48.2298,-96.5239
219108365,-0.0034,-0.0043,-0.0046,0.0312,0.0121,-0.0151,-0.0009,0.0155,-0.2218,0.1370,-0.0038,0.0326,-0.0470,-0.0485,0.0484,91.2431,-48.2301,-96.5236
219113365,-0.0033,-0.0042,-0.0092,0.0290,0.0106,-0.0155,-0.0007,0.0157,-0.2219,0.1372,-0.0084,0.0305,-0.0470,-0.0485,0.0484,91.2429,-48.2303,-96.5234
219118364,-0.0031,-0.0041,-0.0131,0.0284,0.0084,-0.0158,-0.0001,0.0156,-0.2219,0.1373,-0.0123,0.0298,-0.0470,-0.0485,0.0484,91.2426,-48.2306,-96.5231
219123364,-0.0030,-0.0039,-0.0183,0.0275,0.0045,-0.0167,0.0010,0.0156,-0.2220,0.1375,-0.0175,0.0289,-0.0470,-0.0485,0.0484,91.2424,-48.2308,-96.5230
219128365,-0.0030,-0.0036,-0.0220,0.0281,0.0011,-0.0176,0.0500,0.0150,-0.2221,0.1376,-0.0212,0.0295,-0.0470,-0.0485,0.0484,91.2421,-48.2311,-96.5227
219133364,-0.0030,-0.0034,-0.0232,0.0269,0.0002,-0.0177,0.0500,0.0146,-0.2222,0.1378,-0.0220,0.0276,-0.0470,-0.0485,0.0484,91.2419,-48.2313,-96.5225
219138365,-0.0032,-0.0034,-0.0208,0.0284,-0.0016,-0.0180,0.0500,0.0146,-0.2223,0.1379,-0.0195,0.0291,-0.0470,-0.0485,0.0484,91.2416,-48.2316,-96.5222
219143365,-0.0034,-0.0035,-0.0192,0.0299,-0.0062,-0.0183,0.0500,0.0148,-0.2224,0.1381,-0.0180,0.0307,-0.0470,-0.0485,0.0484,91.2415,-48.2318,-96.5220
219148364,-0.0035,-0.0036,-0.0113,0.0312,0.0020,-0.0169,-0.0200,0.0139,-0.2225,0.1382,-0.0101,0.0319,-0.0470,0.3394,0.0484,91.2412,-48.2241,-96.5217
219153364,-0.0037,-0.0033,-0.0086,0.0312,0.0020,-0.0169,-0.0200,0.0132,-0.2225,0.1384,-0.0073,0.0319,-0.0470,0.9211,0.0484,91.2410,-48.2093,-96.5215
219158364,-0.0038,-0.0032,0.0006,0.0244,-0.0111,-0.0144,0.0007,0.0141,-0.2225,0.1384,0.0097,0.0114,-0.0470,0.9211,0.0484,91.2407,-48.2038,-96.5212
219163365,-0.0040,-0.0031,0.0021,0.0189,-0.0264,-0.0135,-0.0016,0.0161,-0.2224,0.1384,0.0233,-0.0149,-0.0470,2.3194,0.0484,91.2405,-48.1688,-96.5211
219168364,-0.0038,-0.0032,0.0018,0.0272,-0.0331,-0.0128,-0.0003,0.0144,-0.2222,0.1383,0.0230,-0.0066,-0.0470,2.3194,0.0484,91.2402,-48.1549,-96.5207
219173364,-0.0036,-0.0032,-0.0031,0.0354,-0.0065,-0.0137,0.0014,0.0125,-0.2221,0.1383,0.0181,0.0016,-0.0470,2.3194,0.0484,91.2401,-48.1456,-96.5206
219178365,-0.0037,-0.0029,0.0046,0.0308,0.0491,-0.0123,-0.0010,0.0114,-0.2220,0.1383,0.0307,-0.0116,-0.0470,2.8998,0.0484,91.2398,-48.1193,-96.5202
219183364,-0.0037,-0.0027,0.0092,0.0211,0.0655,-0.0115,-0.0500,0.0121,-0.2218,0.1382,0.0353,-0.0214,-0.0470,2.8998,0.0484,91.2396,-48.1077,-96.5201
219188365,-0.0037,-0.0026,0.0177,-0.0012,0.0408,-0.0110,-0.0500,0.0140,-0.2217,0.1382,0.0189,-0.0005,-0.0470,2.8998,0.0484,91.2393,-48.0903,-96.5198
219193365,-0.0035,-0.0026,0.0220,-0.0241,-0.0044,-0.0084,-0.0500,0.0186,-0.2216,0.1381,0.0232,-0.0234,-0.0470,2.5103,0.0484,91.2391,-48.0871,-96.5196
219198365,-0.0032,-0.0030,0.0315,-0.0235,0.0148,-0.0051,-0.0500,0.0176,-0.2214,0.1379,0.0327,-0.0228,-0.0470,1.8288,0.0484,91.2388,-48.0878,-96.5193
219203365,-0.0031,-0.0033,0.0257,-0.0116,0.0283,-0.0062,0.0200,0.0165,-0.2213,0.1379,0.0269,-0.0109,-0.0470,1.4880,0.0484,91.2386,-48.0879,-96.5191
219208364,-0.0029,-0.0035,0.0168,0.0070,0.0045,-0.0073,0.0200,0.0141,-0.2212,0.1379,0.0180,0.0077,-0.0470,-0.4221,0.0484,91.2384,-48.1232,-96.5188
219213365,-0.0027,-0.0035,0.0107,0.0354,-0.0056,-0.0082,0.0001,0.0083,-0.2212,0.1381,0.0083,0.0424,-0.0470,-0.4221,0.0484,91.2382,-48.1249,-96.5186
219218365,-0.0025,-0.0034,-0.0046,0.0681,0.0182,-0.0118,0.0500,0.0021,-0.2212,0.1385,-0.0070,0.0751,-0.0470,-0.4221,0.0484,91.2379,-48.1275,-96.5183
219223365,-0.0026,-0.0033,-0.0134,0.0837,0.0469,-0.0142,0.0500,-0.0008,-0.2213,0.1389,-0.0122,0.0844,-0.0470,-2.1000,0.0484,91.2377,-48.1658,-96.5181
219228365,-0.0028,-0.0028,-0.0180,0.0892,0.0597,-0.0164,0.0500,-0.0500,-0.2214,0.1394,-0.0168,0.0899,-0.0470,-2.3238,0.0484,91.2374,-48.1841,-96.5178
219233364,-0.0029,-0.0022,-0.0177,0.0840,0.0213,-0.0163,0.0500,-0.0500,-0.2214,0.1398,-0.0169,0.0840,-0.0470,-2.3238,0.0484,91.2372,-48.1934,-96.5177
219238365,-0.0029,-0.0017,-0.0183,0.0706,-0.0438,-0.0155,-0.0200,-0.0500,-0.2215,0.1402,-0.0175,0.0706,-0.0470,-2.3238,0.0484,91.2370,-48.2073,-96.5173
219243365,-0.0028,-0.0016,-0.0192,0.0666,-0.0041,-0.0158,-0.0200,-0.0500,-0.2216,0.1405,-0.0184,0.0666,-0.0470,-2.0814,0.0484,91.2368,-48.2115,-96.5172
219248365,-0.0029,-0.0015,-0.0281,0.0657,-0.0035,-0.0190,0.0193,0.0200,-0.2218,0.1409,-0.0332,0.0759,-0.0470,-0.6867,-0.3875,91.2365,-48.1934,-96.5258
219253364,-0.0029,-0.0011,-0.0290,0.0483,-0.0084,-0.0185,0.0155,0.0200,-0.2219,0.1411,-0.0244,0.0416,-0.0470,0.4475,-0.8718,91.2363,-48.1708,-96.5380
219258364,-0.0029,-0.0010,-0.0342,0.0446,-0.0130,-0.0204,0.0148,0.0500,-0.2221,0.1412,-0.0413,0.0175,-0.0470,0.4475,-1.3683,91.2360,-48.1681,-96.5540
219263365,-0.0029,-0.0011,-0.0287,0.0388,-0.0218,-0.0182,0.0138,0.0500,-0.2222,0.1413,-0.0241,0.0321,-0.0470,0.4475,-2.3061,91.2358,-48.1663,-96.5792
219268364,-0.0031,-0.0011,-0.0287,0.0379,-0.0111,-0.0186,0.0134,0.0500,-0.2223,0.1415,-0.0194,0.0312,-0.3144,0.4475,-2.3061,91.2301,-48.1636,-96.5948
219273364,-0.0032,-0.0011,-0.0244,0.0522,-0.0197,-0.0169,0.0158,0.0500,-0.2223,0.1417,-0.0013,0.0455,-1.1167,0.4475,-2.3061,91.2104,-48.1618,-96.6023
219278364,-0.0033,-0.0011,-0.0192,0.0519,-0.0377,-0.0158,0.0156,-0.0200,-0.2223,0.1419,0.0038,0.0452,-1.1167,0.4475,-2.3061,91.2037,-48.1591,-96.6179
219283364,-0.0034,-0.0008,-0.0140,0.0440,-0.0029,-0.0154,0.0142,-0.0200,-0.2223,0.1421,0.0090,0.0373,-1.1167,0.4475,-2.2536,91.1992,-48.1573,-96.6243
219288364,-0.0035,-0.0006,0.0073,0.0189,0.0060,-0.0114,0.0056,0.0055,-0.2222,0.1421,0.0169,-0.0112,-1.1167,0.4475,-1.5720,91.1926,-48.1547,-96.6234
219293364,-0.0035,-0.0007,0.0205,0.0229,-0.0053,-0.0070,0.0031,0.0041,-0.2220,0.1419,0.0441,-0.0253,-1.1167,1.8719,-1.3622,91.1881,-48.1193,-96.6240
219298365,-0.0034,-0.0007,0.0345,0.0431,-0.0065,-0.0026,0.0056,-0.0500,-0.2217,0.1419,0.0617,0.0011,-1.1167,1.8719,-0.9427,91.1814,-48.1118,-96.6234
219303364,-0.0031,-0.0007,0.0470,0.0519,0.0051,0.0019,0.0060,-0.0500,-0.2212,0.1421,0.0824,0.0240,-1.1167,1.8719,-0.8378,91.1769,-48.1006,-96.6241
219308364,-0.0027,-0.0003,0.0495,0.0675,0.0164,0.0500,0.0096,-0.0500,-0.2208,0.1423,0.0848,0.0396,-1.1167,1.8719,-0.2446,91.1702,-48.0931,-96.6169
219313364,-0.0023,0.0000,0.0363,0.0669,-0.0123,0.0500,0.0126,-0.0500,-0.2206,0.1425,0.0504,0.0426,-1.1167,1.6285,1.1585,91.1657,-48.0871,-96.5880
219318364,-0.0020,0.0003,0.0205,0.0589,-0.0334,0.0500,0.0140,0.0200,-0.2204,0.1427,0.0320,0.0390,-0.8952,1.3364,1.2136,91.1640,-48.0871,-96.5769
219323365,-0.0017,0.0006,0.0049,0.0663,-0.0004,0.0500,0.0179,0.0200,-0.2203,0.1429,0.0135,0.0514,-0.7290,0.9957,1.0481,91.1641,-48.0871,-96.5767
219328364,-0.0016,0.0007,-0.0079,0.0654,0.0426,-0.0200,0.0196,-0.0133,-0.2203,0.1433,0.0051,0.0641,-0.5629,0.8009,0.7171,91.1636,-48.0874,-96.5773
219333364,-0.0016,0.0011,-0.0308,0.0889,0.0277,-0.0200,0.0295,-0.0170,-0.2204,0.1437,-0.0204,0.0889,0.5883,0.6062,0.6068,91.1849,-48.0872,-96.5769
219338365,-0.0017,0.0016,-0.0559,0.0901,-0.0352,-0.0500,0.0366,-0.0126,-0.2209,0.1441,-0.0869,0.0786,1.8719,0.4602,-0.3146,91.2160,-48.0879,-96.5923
219343365,-0.0019,0.0021,-0.0819,0.0687,-0.0707,-0.0500,0.0356,-0.0046,-0.2213,0.1443,-0.0941,0.0367,1.8719,0.3628,-1.7829,91.2273,-48.0874,-96.6262
219348365,-0.0024,0.0025,-0.0993,0.0528,-0.0407,-0.0500,0.0364,0.0001,-0.2219,0.1444,-0.1119,0.0215,1.8719,0.3141,-1.7829,91.2348,-48.0870,-96.6369
219353365,-0.0029,0.0028,-0.0922,0.0290,-0.0252,-0.0500,0.0322,0.0500,-0.2224,0.1444,-0.1057,-0.0008,1.8719,0.2168,-1.7829,91.2460,-48.0875,-96.6440
219358365,-0.0033,0.0029,-0.0644,0.0067,-0.0438,0.0200,0.0265,0.0500,-0.2227,0.1444,-0.0630,0.0042,1.6368,0.1681,-1.7829,91.2485,-48.0877,-96.6547
219363364,-0.0037,0.0028,-0.0516,-0.0061,-0.0291,0.0200,0.0227,0.0500,-0.2230,0.1444,-0.0506,-0.0079,0.2251,0.1194,-1.6852,91.2275,-48.0877,-96.6598
219368365,-0.0041,0.0028,-0.0489,-0.0229,0.0115,-0.0282,0.0184,0.0500,-0.2232,0.1442,-0.0396,-0.0247,-0.4813,0.1194,-1.2458,91.2123,-48.0873,-96.6598
219373365,-0.0040,0.0026,-0.0339,-0.0244,0.0118,-0.0242,0.0156,-0.0200,-0.2233,0.1441,-0.0250,-0.0255,-0.4813,0.0707,-1.0017,91.2094,-48.0877,-96.6595
219378364,-0.0042,0.0025,0.0040,-0.0104,-0.0643,-0.0143,0.0147,-0.0200,-0.2232,0.1440,0.0133,-0.0122,-0.4813,0.1194,0.8390,91.2075,-48.0863,-96.6249
219383365,-0.0040,0.0024,0.0666,0.0122,-0.0762,0.0500,0.0119,-0.0500,-0.2228,0.1442,0.0836,0.0237,-0.4813,0.1194,0.8914,91.2046,-48.0856,-96.6203
219388364,-0.0034,0.0024,0.0858,0.0217,-0.0221,0.0500,0.0092,-0.0500,-0.2224,0.1443,0.0869,0.0199,-0.4813,0.1194,0.8914,91.2027,-48.0851,-96.6150
219393364,-0.0027,0.0026,0.0904,0.0299,0.0408,0.0500,0.0087,-0.0500,-0.2219,0.1444,0.0914,0.0282,-0.4813,0.1194,0.8914,91.1998,-48.0844,-96.6114
219398364,-0.0021,0.0026,0.0803,0.0299,0.0344,0.0500,0.0090,-0.0500,-0.2215,0.1445,0.0814,0.0282,-0.4813,0.1194,0.8914,91.1979,-48.0839,-96.6060
219403364,-0.0019,0.0027,0.0632,0.0269,0.0090,-0.0200,0.0107,0.0200,-0.2212,0.1447,0.0643,0.0251,-0.4813,0.1194,0.8914,91.1950,-48.0832,-96.6016
219408364,-0.0017,0.0026,0.0470,0.0302,0.0420,-0.0200,0.0124,0.0200,-0.2210,0.1448,0.0481,0.0285,-0.4813,0.1194,0.8914,91.1930,-48.0827,-96.5980
219413364,-0.0014,0.0027,0.0354,0.0501,0.0955,0.0022,0.0181,-0.0239,-0.2208,0.1451,0.0340,0.0616,0.5883,0.1194,0.8914,91.2155,-48.0820,-96.5927
219418365,-0.0011,0.0029,0.0128,0.0693,0.1132,-0.0500,0.0251,-0.0268,-0.2207,0.1455,0.0114,0.0809,0.5883,0.1194,0.8914,91.2178,-48.0815,-96.5891
219423364,-0.0010,0.0032,-0.0354,0.0855,0.1013,-0.0500,0.0353,-0.0255,-0.2209,0.1460,-0.0267,0.0970,0.5883,0.1194,0.8914,91.2214,-48.0808,-96.5837
219428364,-0.0011,0.0037,-0.0641,0.1133,0.0268,-0.0500,0.0476,-0.0279,-0.2212,0.1466,-0.0608,0.1154,0.5883,0.1194,0.2622,91.2237,-48.0803,-96.5932
219433365,-0.0016,0.0041,-0.0702,0.1011,0.0280,-0.0500,0.0469,-0.0227,-0.2216,0.1470,-0.0801,0.0805,0.5883,0.1194,-1.2585,91.2273,-48.0796,-96.6283
219438365,-0.0019,0.0046,-0.0678,0.0855,0.0460,0.0200,0.0455,-0.0212,-0.2220,0.1473,-0.0776,0.0650,0.5883,0.1194,-1.2585,91.2296,-48.0791,-96.6333
219443365,-0.0022,0.0051,-0.0669,0.0614,0.0662,0.0200,0.0414,-0.0170,-0.2223,0.1475,-0.0729,0.0343,0.5883,0.5595,-1.2585,91.2331,-48.0694,-96.6409
219448364,-0.0025,0.0053,-0.0522,0.0299,0.0662,-0.0238,0.0327,-0.0115,-0.2226,0.1474,-0.0464,-0.0144,-0.1070,1.7148,-1.2585,91.2211,-48.0410,-96.6459
219453365,-0.0029,0.0054,-0.0608,-0.0034,0.0399,-0.0270,0.0273,-0.0019,-0.2228,0.1471,-0.0528,-0.0550,-0.4813,1.7148,-1.7467,91.2109,-48.0308,-96.6645
219458365,-0.0033,0.0052,-0.0345,-0.0406,0.0087,-0.0213,0.0161,0.0500,-0.2230,0.1467,-0.0265,-0.0923,-0.4813,1.7148,-1.7467,91.2090,-48.0239,-96.6715
219463365,-0.0035,0.0049,-0.0122,-0.0589,0.0261,-0.0156,0.0098,0.0500,-0.2229,0.1463,0.0109,-0.0845,-0.4813,1.7148,-1.7467,91.2061,-48.0136,-96.6820
219468364,-0.0036,0.0046,0.0116,-0.0611,0.0674,-0.0106,0.0049,0.0500,-0.2227,0.1458,0.0347,-0.0866,-0.4813,1.7148,-1.7467,91.2041,-48.0068,-96.6889
219473364,-0.0035,0.0040,0.0281,-0.0687,0.0567,-0.0062,-0.0006,0.0500,-0.2225,0.1454,0.0498,-0.0920,-0.4813,1.5599,-1.7467,91.2012,-47.9997,-96.6994
219478364,-0.0032,0.0035,0.0620,-0.0455,0.0900,0.0500,-0.0500,-0.0200,-0.2221,0.1450,0.0815,-0.0649,-0.4813,1.3017,-0.1844,91.1993,-47.9991,-96.6721
219483364,-0.0028,0.0032,0.0742,-0.0082,0.0820,0.0500,-0.0500,-0.0200,-0.2217,0.1450,0.0742,-0.0082,-0.4813,0.9402,0.3906,91.1964,-47.9997,-96.6586
