Time_us,Roll,Pitch,GyroX,GyroY,GyroZ,T1,T2,T3,PhiX,PhiY,PhiDX,PhiDY,motor_vel_1,motor_vel_2,motor_vel_3,motor_pos_1,motor_pos_2,motor_pos_3
321516691,-0.0180,0.0274,-0.0269,-0.0055,0.0078,-0.0791,0.1334,-0.0500,-0.0002,-0.0000,-0.0269,-0.0055,0.0000,0.0000,0.0000,108.3742,-59.7127,-114.4113
321518376,-0.0182,0.0275,-0.0269,-0.0055,0.0078,-0.0798,0.1341,-0.0500,-0.0002,-0.0000,-0.0269,-0.0055,0.0000,0.0000,0.0000,108.3742,-59.7127,-114.4113
321523365,-0.0183,0.0276,-0.0287,-0.0110,0.0005,-0.0808,0.1338,-0.0500,-0.0004,-0.0001,-0.0287,-0.0110,0.0000,0.0000,0.0000,108.3742,-59.7127,-114.4113
321528364,-0.0184,0.0276,-0.0302,-0.0113,-0.0038,-0.0816,0.1345,-0.0500,-0.0005,-0.0002,-0.0302,-0.0113,0.0000,0.0000,0.0000,108.3742,-59.7127,-114.4113
321533364,-0.0186,0.0277,-0.0315,-0.0076,-0.0133,-0.0810,0.1355,0.0200,-0.0006,-0.0002,-0.0131,-0.0078,-1.0771,0.0000,0.0000,108.3514,-59.7127,-114.4113
321538364,-0.0190,0.0277,-0.0470,-0.0040,-0.0462,-0.0854,0.1390,0.0200,-0.0007,-0.0002,-0.0195,-0.0042,-1.6156,0.0000,0.0000,108.3313,-59.7127,-114.4113
321543365,-0.0192,0.0276,-0.0205,-0.0238,-0.0704,-0.0803,0.1308,-0.0479,-0.0007,-0.0004,-0.0041,-0.0447,-1.6156,0.0485,-1.3291,108.3248,-59.7115,-114.4398
321548364,-0.0194,0.0273,-0.0046,-0.0730,-0.0429,-0.0753,0.1152,-0.0382,-0.0005,-0.0010,0.0344,-0.1098,-2.9679,0.5519,-1.8829,108.2836,-59.7010,-114.4618
321553365,-0.0192,0.0267,0.0409,-0.1411,-0.0188,-0.0619,0.0896,-0.0270,-0.0000,-0.0020,0.1031,-0.2010,-3.5321,2.1053,-1.8829,108.2601,-59.6606,-114.4693
321558364,-0.0189,0.0258,0.0874,-0.2132,-0.0218,-0.0466,0.0615,-0.0141,0.0009,-0.0035,0.1771,-0.2950,-4.3896,3.5825,-1.8829,108.2194,-59.6194,-114.4806
321563364,-0.0182,0.0245,0.1472,-0.2700,-0.0139,-0.0280,0.0338,-0.0053,0.0021,-0.0053,0.2530,-0.3726,-4.6035,4.9899,-1.8829,108.1968,-59.5656,-114.4882
321568365,-0.0175,0.0228,0.1762,-0.3103,-0.0362,-0.0159,0.0131,0.0500,0.0036,-0.0074,0.3024,-0.4220,-5.4342,5.6500,-1.8307,108.1499,-59.5303,-114.4984
321573365,-0.0166,0.0210,0.2037,-0.3372,-0.0481,-0.0026,-0.0500,0.0500,0.0055,-0.0097,0.3650,-0.4416,-5.8520,7.0127,-1.7261,108.1192,-59.4648,-114.5033
321578364,-0.0155,0.0194,0.2193,-0.3494,-0.0426,0.0011,-0.0500,0.0500,0.0071,-0.0114,0.3212,-0.3500,-5.9597,7.2215,-1.7261,108.0817,-59.4322,-114.5136
321583365,-0.0143,0.0176,0.2682,-0.3812,-0.0377,0.0500,-0.0500,0.0500,0.0089,-0.0133,0.3701,-0.3817,-5.9597,7.5011,-1.7261,108.0579,-59.3817,-114.5205
321588365,-0.0129,0.0157,0.2938,-0.3965,-0.0224,0.0500,-0.0500,-0.0200,0.0104,-0.0153,0.2938,-0.3965,-5.2272,7.5011,-1.7261,108.0380,-59.3517,-114.5309
321593364,-0.0113,0.0134,0.3125,-0.4142,-0.0020,0.0500,0.0200,-0.0200,0.0120,-0.0174,0.3124,-0.4142,-5.2272,6.0894,-1.0990,108.0170,-59.3378,-114.5248
321598364,-0.0095,0.0111,0.3308,-0.4023,0.0216,0.0500,0.0200,0.0258,0.0136,-0.0193,0.3335,-0.3976,-4.5689,4.7750,0.3136,107.9997,-59.3370,-114.4972
321603365,-0.0077,0.0089,0.3314,-0.3891,0.0170,-0.0200,-0.0850,0.0295,0.0155,-0.0216,0.3679,-0.4424,-3.7226,3.8988,0.3136,108.0000,-59.3373,-114.4959
321608364,-0.0060,0.0069,0.3042,-0.3757,-0.0007,-0.0200,-0.0876,0.0333,0.0171,-0.0236,0.3318,-0.4138,-2.7821,2.8765,0.3136,107.9993,-59.3375,-114.4941
321613364,-0.0046,0.0050,0.2459,-0.3369,-0.0010,0.0480,-0.0820,0.0340,0.0187,-0.0255,0.3077,-0.3671,-2.2649,2.3410,0.3136,107.9996,-59.3377,-114.4928
321618364,-0.0035,0.0033,0.1830,-0.3015,0.0390,0.0336,-0.0718,0.0366,0.0197,-0.0270,0.2117,-0.3031,0.0358,1.7569,1.6427,108.0395,-59.3372,-114.4624
321623365,-0.0027,0.0018,0.1524,-0.2422,0.0909,0.0288,-0.0618,0.0295,0.0206,-0.0281,0.1820,-0.2322,0.0358,1.4161,2.0857,108.0396,-59.3377,-114.4455
321628365,-0.0021,0.0008,0.1316,-0.1646,0.1367,0.0250,-0.0470,0.0168,0.0214,-0.0289,0.1564,-0.1464,0.0358,0.8643,2.0857,108.0398,-59.3413,-114.4330
321633364,-0.0015,0.0001,0.1319,-0.1124,0.0582,0.0274,-0.0357,0.0061,0.0222,-0.0292,0.1476,-0.0623,0.0358,-0.7386,2.6228,108.0400,-59.3728,-114.4136
321638365,-0.0007,-0.0005,0.1264,-0.0724,-0.0166,0.0303,-0.0288,-0.0009,0.0229,-0.0293,0.1433,-0.0201,0.0358,-0.7386,2.7693,108.0401,-59.3773,-114.3940
321643364,-0.0002,-0.0007,0.0751,0.0006,-0.0432,0.0201,-0.0079,-0.0500,0.0233,-0.0290,0.0920,0.0529,0.0358,-0.7386,2.7693,108.0404,-59.3802,-114.3830
321648364,0.0001,-0.0006,0.0336,0.0580,-0.0420,0.0059,0.0500,-0.0500,0.0233,-0.0286,-0.0138,0.0941,1.5437,-2.4166,2.5595,108.0732,-59.4213,-114.3710
321653364,0.0001,-0.0002,0.0116,0.0819,0.0026,0.0001,0.0500,-0.0500,0.0231,-0.0281,-0.0270,0.0819,2.2438,-2.4166,2.5595,108.1001,-59.4309,-114.3608
321658364,-0.0000,0.0005,-0.0168,0.1057,0.0423,-0.0500,0.0500,-0.0500,0.0228,-0.0276,-0.0554,0.1057,2.2438,-2.4166,2.0876,108.1090,-59.4454,-114.3551
321663364,0.0001,0.0010,-0.0308,0.1014,-0.0123,-0.0500,0.0500,0.0200,0.0227,-0.0271,-0.0308,0.1014,2.2438,-2.4166,0.8291,108.1225,-59.4551,-114.3749
321668364,-0.0001,0.0014,-0.0748,0.1023,-0.0664,-0.0500,-0.0200,0.0200,0.0223,-0.0266,-0.0748,0.1023,1.9189,-2.0288,0.6193,108.1245,-59.4612,-114.3748
321673364,-0.0004,0.0018,-0.1112,0.1005,-0.0093,-0.0500,-0.0200,-0.0123,0.0217,-0.0261,-0.1162,0.0917,1.4082,-1.2904,-0.5859,108.1243,-59.4536,-114.3986
321678364,-0.0010,0.0021,-0.1136,0.0367,0.0051,0.0200,0.0301,0.0500,0.0211,-0.0261,-0.1194,0.0132,1.1761,0.4475,-1.1229,108.1248,-59.4197,-114.4157
321683364,-0.0015,0.0020,-0.0696,-0.0211,-0.0530,0.0200,0.0143,0.0500,0.0208,-0.0262,-0.0658,-0.0277,0.2977,0.4475,-1.1229,108.1130,-59.4179,-114.4202
321688365,-0.0018,0.0017,-0.0360,-0.0681,-0.0847,-0.0139,-0.0007,0.0500,0.0207,-0.0266,-0.0169,-0.0748,-0.8871,0.4475,-2.0644,108.0874,-59.4153,-114.4467
321693365,-0.0019,0.0010,-0.0144,-0.0913,-0.0475,-0.0090,-0.0500,0.0500,0.0208,-0.0271,0.0052,-0.0988,-0.8871,0.5002,-2.2859,108.0821,-59.4124,-114.4602
321698364,-0.0018,0.0003,-0.0241,-0.0913,-0.0279,-0.0119,-0.0500,-0.0200,0.0207,-0.0275,-0.0089,-0.0913,-0.8871,2.2412,-2.2859,108.0785,-59.3679,-114.4739
321703364,-0.0020,-0.0003,-0.0333,-0.0651,-0.0429,-0.0123,-0.0500,-0.0200,0.0208,-0.0279,0.0101,-0.0651,-2.5210,2.2412,-2.2859,108.0369,-59.3589,-114.4831
321708364,-0.0022,-0.0007,-0.0299,-0.0525,-0.0820,-0.0124,-0.0500,0.0219,0.0208,-0.0281,0.0105,-0.0578,-2.5210,2.2412,-0.3476,108.0268,-59.3454,-114.4517
321713365,-0.0024,-0.0010,0.0012,-0.0571,-0.1232,-0.0046,0.0200,0.0208,0.0210,-0.0285,0.0421,-0.0615,-2.5210,2.1925,-0.2922,108.0117,-59.3375,-114.4522
321718365,-0.0024,-0.0014,0.0250,-0.0687,-0.0985,0.0009,0.0200,0.0215,0.0214,-0.0288,0.0664,-0.0723,-2.5210,1.4988,-0.2369,108.0016,-59.3400,-114.4521
321723364,-0.0022,-0.0020,0.0376,-0.0657,-0.1144,0.0500,-0.0215,0.0210,0.0217,-0.0291,0.0740,-0.0660,-2.2859,-0.1583,-0.1815,107.9921,-59.3710,-114.4521
321728364,-0.0018,-0.0022,0.0339,-0.0101,-0.0835,0.0500,-0.0092,0.0104,0.0219,-0.0292,0.0306,-0.0080,-2.2859,-0.2638,-0.1261,107.9830,-59.3747,-114.4516
321733364,-0.0017,-0.0023,0.0296,0.0348,-0.0224,0.0500,-0.0003,0.0004,0.0220,-0.0290,0.0263,0.0369,-2.2859,-0.2638,-0.1261,107.9693,-59.3757,-114.4524
321738365,-0.0016,-0.0022,0.0415,0.0712,0.0243,0.0500,0.0500,-0.0500,0.0222,-0.0286,0.0387,0.0740,-2.0720,-0.2638,-0.0707,107.9646,-59.3773,-114.4516
321743365,-0.0012,-0.0016,0.0446,0.0889,0.0683,-0.0200,0.0500,-0.0500,0.0224,-0.0282,0.0446,0.0889,-1.0799,-0.2638,0.5859,107.9739,-59.3783,-114.4388
321748365,-0.0008,-0.0012,0.0492,0.0626,0.0524,-0.0200,0.0500,-0.0500,0.0227,-0.0279,0.0492,0.0626,0.2821,-2.1655,1.8553,107.9997,-59.4231,-114.4081
321753365,-0.0005,-0.0009,0.0263,0.0476,-0.0243,0.0045,0.0500,-0.0500,0.0228,-0.0276,0.0214,0.0476,0.2821,-2.1655,1.2694,108.0014,-59.4317,-114.4108
321758365,-0.0005,-0.0009,-0.0394,0.0281,-0.0823,-0.0500,-0.0200,0.0200,0.0225,-0.0275,-0.0627,0.0281,1.3526,-1.1587,1.0253,108.0252,-59.4209,-114.4110
321763364,-0.0006,-0.0010,-0.0687,0.0140,-0.0768,-0.0500,-0.0200,0.0200,0.0221,-0.0274,-0.0687,0.0140,1.9724,-0.9350,0.7812,108.0489,-59.4206,-114.4105
321768364,-0.0012,-0.0009,-0.0785,0.0287,0.0097,-0.0500,0.0160,0.0500,0.0217,-0.0273,-0.0884,0.0327,1.9724,-0.7113,-0.4430,108.0568,-59.4211,-114.4333
321773364,-0.0016,-0.0009,-0.0544,-0.0043,-0.0282,-0.0500,0.0062,0.0500,0.0214,-0.0273,-0.0535,-0.0058,1.9724,0.1055,-1.3291,108.0687,-59.4072,-114.4581
321778365,-0.0017,-0.0010,-0.0556,-0.0168,-0.0667,0.0200,0.0020,0.0500,0.0212,-0.0275,-0.0411,-0.0420,1.9724,1.6882,-1.3291,108.0766,-59.3684,-114.4634
321783364,-0.0016,-0.0012,-0.0376,-0.0318,-0.0377,0.0200,-0.0500,0.0500,0.0211,-0.0278,-0.0230,-0.0569,1.9724,1.6882,-1.3291,108.0884,-59.3617,-114.4714
321788364,-0.0019,-0.0015,-0.0574,-0.0202,0.0118,-0.0245,-0.0500,-0.0200,0.0207,-0.0279,-0.0858,-0.0201,1.6493,1.6882,-1.3291,108.0892,-59.3515,-114.4767
321793365,-0.0023,-0.0018,-0.0541,-0.0131,0.0222,-0.0247,-0.0500,-0.0200,0.0203,-0.0280,-0.0751,-0.0131,1.2185,1.6882,-1.3291,108.0890,-59.3448,-114.4846
321798364,-0.0026,-0.0019,-0.0363,-0.0095,0.0164,-0.0210,-0.0500,0.0201,0.0200,-0.0281,-0.0504,-0.0293,0.1529,1.5422,-1.3291,108.0713,-59.3377,-114.4900
321803365,-0.0028,-0.0020,-0.0104,0.0125,0.0124,-0.0119,0.0200,0.0097,0.0201,-0.0280,0.0158,0.0175,-1.3522,1.2501,0.3323,108.0354,-59.3379,-114.4617
321808365,-0.0027,-0.0023,-0.0040,0.0009,-0.0010,-0.0096,0.0200,0.0118,0.0202,-0.0279,0.0260,0.0125,-1.3522,0.9580,0.7753,108.0300,-59.3371,-114.4500
321813364,-0.0027,-0.0023,-0.0321,0.0281,-0.0560,-0.0162,0.0500,0.0095,0.0202,-0.0277,-0.0085,0.0507,-1.3522,-0.7386,0.7753,108.0218,-59.3703,-114.4453
321818364,-0.0027,-0.0023,0.0043,0.0412,-0.0404,-0.0070,0.0500,0.0026,0.0204,-0.0274,0.0342,0.0528,-1.3522,-0.8441,0.7753,108.0164,-59.3775,-114.4422
321823364,-0.0028,-0.0022,0.0165,0.0562,-0.0575,-0.0039,0.0500,-0.0500,0.0206,-0.0271,0.0465,0.0678,-1.3522,-0.8441,0.7753,108.0083,-59.3809,-114.4376
321828365,-0.0025,-0.0020,0.0012,0.0370,-0.0685,-0.0072,0.0500,-0.0500,0.0207,-0.0269,0.0245,0.0369,-1.3522,-0.8441,0.7753,108.0029,-59.3859,-114.4345
321833364,-0.0023,-0.0017,0.0082,0.0599,-0.0001,-0.0055,-0.0200,-0.0500,0.0209,-0.0266,0.0275,0.0598,-1.1171,-0.8441,0.7753,107.9999,-59.3893,-114.4298
321838364,-0.0022,-0.0016,-0.0009,0.0806,0.0313,-0.0078,-0.0200,-0.0500,0.0210,-0.0262,0.0183,0.0806,-1.1171,-0.8441,0.7753,107.9954,-59.3944,-114.4267
321843364,-0.0023,-0.0013,-0.0061,0.0883,-0.0160,-0.0096,0.0205,0.0200,0.0210,-0.0257,0.0059,0.1008,-1.1171,-0.8441,0.7753,107.9887,-59.3978,-114.4221
321848364,-0.0026,-0.0010,-0.0171,0.0782,-0.0343,-0.0123,0.0198,0.0200,0.0210,-0.0254,0.0067,0.0703,-1.1171,0.5276,0.7753,107.9842,-59.3712,-114.4190
321853365,-0.0025,-0.0006,-0.0055,0.0614,0.0182,-0.0103,0.0147,-0.0051,0.0211,-0.0252,0.0102,0.0395,-1.1171,0.5276,-0.9415,107.9775,-59.3691,-114.4519
321858365,-0.0023,-0.0003,-0.0076,0.0507,-0.0465,-0.0094,0.0142,-0.0030,0.0211,-0.0250,0.0076,0.0279,-1.1171,0.5276,-0.9968,107.9731,-59.3659,-114.4570
321863364,-0.0024,-0.0003,-0.0556,0.0131,-0.0707,-0.0214,0.0122,0.0500,0.0209,-0.0251,-0.0404,-0.0096,-1.1171,0.5276,-0.9968,107.9664,-59.3638,-114.4629
321868364,-0.0028,-0.0004,-0.0513,0.0214,0.0451,-0.0230,0.0135,0.0500,0.0208,-0.0250,-0.0294,0.0135,-1.0102,0.5276,-0.9968,107.9641,-59.3606,-114.4669
321873364,-0.0031,-0.0003,-0.0370,0.0162,0.1156,-0.0220,0.0106,0.0500,0.0207,-0.0250,-0.0196,0.0083,-0.7428,0.5276,-0.9968,107.9643,-59.3585,-114.4729
321878365,-0.0032,-0.0006,-0.0394,0.0046,0.0677,-0.0226,0.0085,0.0500,0.0205,-0.0250,-0.0248,-0.0033,-0.5823,0.5276,-0.9968,107.9648,-59.3554,-114.4769
321883364,-0.0031,-0.0007,-0.0296,0.0070,-0.0261,-0.0188,0.0086,-0.0200,0.0205,-0.0250,-0.0169,-0.0008,-0.4753,0.5276,-0.9968,107.9638,-59.3532,-114.4829
321888364,-0.0033,-0.0008,-0.0180,0.0195,-0.0505,-0.0159,0.0092,-0.0200,0.0204,-0.0250,-0.0009,0.0008,-0.3684,1.2578,-0.9968,107.9643,-59.3326,-114.4869
321893364,-0.0035,-0.0008,-0.0052,0.0299,0.0078,-0.0148,0.0086,0.0059,0.0205,-0.0250,0.0016,-0.0037,-0.2614,1.2578,-0.9968,107.9645,-59.3275,-114.4928
321898364,-0.0036,-0.0009,-0.0070,0.0385,0.0472,-0.0161,0.0105,0.0038,0.0205,-0.0249,0.0012,0.0090,-0.2079,1.2578,-0.7199,107.9646,-59.3200,-114.4912
321903364,-0.0033,-0.0007,0.0040,0.0437,0.0393,-0.0111,0.0120,-0.0500,0.0206,-0.0247,0.0279,0.0431,-0.1545,1.2578,1.2184,107.9645,-59.3149,-114.4495
321908364,-0.0031,-0.0004,0.0000,0.0596,-0.0194,-0.0112,0.0164,-0.0500,0.0207,-0.0245,0.0135,0.0408,-0.1545,1.2578,1.2184,107.9639,-59.3074,-114.4446
321913365,-0.0031,-0.0003,-0.0119,0.0522,0.0045,-0.0144,0.0160,-0.0500,0.0207,-0.0244,0.0007,0.0335,-0.1010,1.2578,1.2184,107.9643,-59.3024,-114.4373
321918365,-0.0031,-0.0003,-0.0098,0.0635,0.0567,-0.0149,0.0179,-0.0500,0.0207,-0.0241,0.0028,0.0448,-0.1010,1.2578,1.2184,107.9639,-59.2948,-114.4325
321923364,-0.0030,-0.0001,-0.0092,0.0712,0.0469,-0.0144,0.0202,0.0200,0.0207,-0.0239,0.0006,0.0557,-0.0475,1.0377,1.2184,107.9646,-59.2946,-114.4251
321928364,-0.0029,0.0001,-0.0217,0.0696,-0.0105,-0.0165,0.0233,0.0200,0.0206,-0.0236,-0.0143,0.0583,-0.0475,0.7627,1.2184,107.9644,-59.2948,-114.4203
321933364,-0.0029,0.0005,-0.0318,0.0632,-0.0200,-0.0191,0.0247,-0.0048,0.0205,-0.0233,-0.0282,0.0502,-0.0475,0.5976,-0.2769,107.9641,-59.2953,-114.4453
321938364,-0.0030,0.0010,-0.0373,0.0593,0.0265,-0.0219,0.0256,-0.0046,0.0203,-0.0231,-0.0380,0.0421,-0.0475,0.4876,-0.6646,107.9639,-59.2943,-114.4555
321943364,-0.0033,0.0011,-0.0400,0.0593,0.0536,-0.0244,0.0267,-0.0044,0.0201,-0.0229,-0.0425,0.0437,0.0000,0.3776,-0.6646,107.9648,-59.2948,-114.4595
321948364,-0.0037,0.0011,-0.0473,0.0562,0.0206,-0.0271,0.0283,-0.0020,0.0198,-0.0227,-0.0508,0.0423,0.0000,0.2675,-0.6646,107.9648,-59.2951,-114.4622
321953365,-0.0039,0.0016,-0.0443,0.0611,0.0277,-0.0273,0.0309,-0.0047,0.0196,-0.0224,-0.0482,0.0480,0.0000,0.2125,-0.6646,107.9648,-59.2952,-114.4661
321958364,-0.0042,0.0018,-0.0266,0.0614,0.0396,-0.0242,0.0302,-0.0076,0.0194,-0.0222,-0.0309,0.0491,0.0000,0.1575,-0.6646,107.9648,-59.2951,-114.4688
321963364,-0.0044,0.0020,-0.0244,0.0589,0.0188,-0.0244,0.0307,-0.0069,0.0193,-0.0220,-0.0288,0.0467,0.0000,0.1575,-0.6646,107.9648,-59.2945,-114.4728
321968365,-0.0046,0.0023,-0.0159,0.0599,0.0020,-0.0228,0.0318,-0.0090,0.0192,-0.0217,-0.0207,0.0484,0.0000,0.1025,-0.6646,107.9648,-59.2949,-114.4754
321973364,-0.0048,0.0027,-0.0049,0.0632,0.0100,-0.0208,0.0325,-0.0121,0.0191,-0.0215,-0.0093,0.0510,0.0000,0.1575,-0.6646,107.9648,-59.2933,-114.4794
321978365,-0.0047,0.0031,-0.0015,0.0538,0.0243,-0.0201,0.0312,-0.0121,0.0191,-0.0212,-0.0059,0.0415,0.0000,0.1575,-0.6646,107.9648,-59.2924,-114.4821
321983364,-0.0048,0.0035,-0.0018,0.0473,0.0277,-0.0209,0.0308,-0.0109,0.0190,-0.0211,-0.0121,0.0249,0.0000,0.1575,-1.3440,107.9648,-59.2917,-114.5005
321988365,-0.0048,0.0038,0.0009,0.0385,0.0176,-0.0202,0.0298,-0.0102,0.0190,-0.0210,-0.0093,0.0161,0.0000,0.1575,-1.3440,107.9648,-59.2908,-114.5059
321993364,-0.0049,0.0040,0.0046,0.0296,0.0078,-0.0194,0.0285,-0.0094,0.0190,-0.0210,-0.0057,0.0072,0.0000,0.1575,-1.3440,107.9648,-59.2902,-114.5140
321998365,-0.0049,0.0043,0.0040,0.0211,0.0271,-0.0197,0.0273,-0.0086,0.0189,-0.0210,-0.0063,-0.0014,0.0000,0.1575,-1.3440,107.9648,-59.2892,-114.5193
322003365,-0.0047,0.0044,0.0031,0.0034,0.0286,-0.0194,0.0237,-0.0054,0.0189,-0.0211,-0.0072,-0.0191,0.0000,0.1575,-1.3440,107.9648,-59.2886,-114.5274
322008365,-0.0048,0.0045,0.0015,0.0006,0.0182,-0.0198,0.0239,-0.0048,0.0189,-0.0212,-0.0087,-0.0218,0.0000,0.1575,-1.3440,107.9648,-59.2876,-114.5328
322013364,-0.0048,0.0042,-0.0015,-0.0043,0.0057,-0.0203,0.0226,-0.0025,0.0188,-0.0213,-0.0097,-0.0231,0.0000,0.1575,-1.1018,107.9648,-59.2870,-114.5355
322018364,-0.0047,0.0040,-0.0037,0.0006,0.0176,-0.0205,0.0229,-0.0031,0.0188,-0.0214,-0.0101,-0.0153,0.0000,0.1575,-0.9081,107.9648,-59.2861,-114.5357
322023365,-0.0046,0.0038,-0.0052,0.0107,0.0283,-0.0206,0.0245,-0.0050,0.0187,-0.0214,-0.0096,-0.0016,0.0000,0.1575,-0.6659,107.9648,-59.2854,-114.5355
322028364,-0.0046,0.0037,-0.0110,0.0220,0.0170,-0.0217,0.0273,-0.0062,0.0186,-0.0214,-0.0145,0.0111,0.0000,0.1575,-0.5690,107.9648,-59.2845,-114.5360
322033364,-0.0046,0.0036,-0.0153,0.0400,0.0026,-0.0226,0.0319,-0.0094,0.0185,-0.0212,-0.0176,0.0313,0.0000,0.1575,-0.4237,107.9648,-59.2839,-114.5359
322038365,-0.0046,0.0036,-0.0183,0.0602,0.0038,-0.0234,0.0369,-0.0136,0.0184,-0.0209,-0.0198,0.0529,0.0000,0.1575,-0.3269,107.9648,-59.2829,-114.5355
322043364,-0.0047,0.0038,-0.0214,0.0773,0.0151,-0.0245,0.0415,-0.0176,0.0183,-0.0206,-0.0220,0.0715,0.0000,0.1575,-0.2300,107.9648,-59.2823,-114.5352
322048365,-0.0048,0.0040,-0.0308,0.1026,0.0005,-0.0269,0.0494,-0.0226,0.0182,-0.0201,-0.0311,0.0976,0.0000,0.1575,-0.1816,107.9648,-59.2813,-114.5352
322053365,-0.0048,0.0043,-0.0312,0.1115,-0.0047,-0.0269,0.0526,-0.0255,0.0180,-0.0196,-0.0300,0.1071,-0.0535,0.1575,-0.1331,107.9637,-59.2807,-114.5352
322058364,-0.0050,0.0050,-0.0330,0.1106,0.0045,-0.0285,0.0553,-0.0270,0.0179,-0.0190,-0.0319,0.1062,-0.0535,0.1575,-0.1331,107.9635,-59.2798,-114.5358
322063365,-0.0052,0.0056,-0.0345,0.1023,0.0115,-0.0297,0.0563,-0.0270,0.0177,-0.0185,-0.0330,0.0987,-0.0535,0.1575,-0.0847,107.9631,-59.2791,-114.5354
322068364,-0.0054,0.0062,-0.0315,0.0907,0.0060,-0.0286,0.0540,-0.0256,0.0176,-0.0182,-0.0179,0.0664,-0.0535,1.5517,-0.0847,107.9629,-59.2454,-114.5357
322073364,-0.0055,0.0068,-0.0272,0.0770,-0.0084,-0.0279,0.0528,-0.0245,0.0176,-0.0179,-0.0133,0.0532,-0.0535,1.5517,-0.0484,107.9626,-59.2392,-114.5361
322078365,-0.0057,0.0072,-0.0220,0.0568,-0.0163,-0.0271,0.0495,-0.0219,0.0175,-0.0178,-0.0081,0.0330,-0.0535,1.5517,-0.0484,107.9624,-59.2299,-114.5363
322083364,-0.0058,0.0075,-0.0165,0.0327,-0.0026,-0.0263,0.0445,-0.0182,0.0175,-0.0177,-0.0017,0.0074,-0.0535,1.6487,-0.0484,107.9621,-59.2218,-114.5366
322088365,-0.0059,0.0076,-0.0073,0.0086,0.0115,-0.0242,0.0381,-0.0144,0.0176,-0.0179,0.0112,-0.0232,-0.0535,2.0850,-0.0484,107.9619,-59.2008,-114.5368
322093364,-0.0059,0.0075,0.0046,-0.0449,0.0014,-0.0212,0.0248,-0.0037,0.0177,-0.0182,0.0231,-0.0766,-0.0535,2.0850,-0.0484,107.9615,-59.1925,-114.5371
322098365,-0.0059,0.0073,0.0257,-0.0687,0.0106,-0.0154,0.0153,-0.0003,0.0179,-0.0188,0.0486,-0.1080,-0.0535,2.5884,-0.0484,107.9613,-59.1694,-114.5373
322103364,-0.0057,0.0070,0.0370,-0.0870,0.0319,-0.0124,0.0083,0.0500,0.0182,-0.0194,0.0599,-0.1263,-0.0535,2.5884,-0.0484,107.9610,-59.1591,-114.5376
322108365,-0.0057,0.0065,0.0418,-0.0996,0.0463,-0.0111,0.0030,0.0500,0.0185,-0.0201,0.0651,-0.1381,-0.0535,2.5884,-0.0484,107.9608,-59.1435,-114.5378
322113364,-0.0056,0.0057,0.0470,-0.1084,0.0494,-0.0094,-0.0500,0.0500,0.0189,-0.0208,0.0703,-0.1469,-0.0535,2.5884,-0.0484,107.9605,-59.1332,-114.5380
322118364,-0.0053,0.0049,0.0492,-0.1093,0.0478,-0.0094,-0.0500,0.0500,0.0191,-0.0214,0.0501,-0.1093,-0.0535,2.3246,-0.0484,107.9603,-59.1232,-114.5382
322123365,-0.0049,0.0042,0.0489,-0.1057,0.0506,-0.0081,-0.0500,-0.0200,0.0194,-0.0219,0.0498,-0.1057,-0.0535,1.9025,-0.0484,107.9599,-59.1231,-114.5385
322128364,-0.0046,0.0035,0.0507,-0.0803,0.0512,-0.0064,-0.0500,-0.0200,0.0197,-0.0223,0.0516,-0.0803,-0.0535,1.4277,0.0969,107.9597,-59.1226,-114.5354
322133365,-0.0043,0.0030,0.0486,-0.0492,0.0130,-0.0052,0.0200,0.0025,0.0199,-0.0225,0.0503,-0.0477,-0.0535,1.1639,0.0969,107.9594,-59.1227,-114.5348
322138365,-0.0040,0.0027,0.0406,-0.0073,-0.0453,-0.0043,0.0200,-0.0500,0.0202,-0.0225,0.0550,0.0160,-0.0535,0.8474,1.5602,107.9592,-59.1230,-114.5027
322143364,-0.0039,0.0028,-0.0058,0.0617,-0.0032,-0.0176,0.0500,-0.0500,0.0201,-0.0221,-0.0112,0.0725,-0.0535,-0.7271,1.7170,107.9589,-59.1536,-114.4893
322148364,-0.0039,0.0030,-0.0299,0.0889,0.0555,-0.0240,0.0500,-0.0500,0.0200,-0.0217,-0.0290,0.0889,-0.0535,-1.5661,1.7170,107.9586,-59.1789,-114.4824
322153364,-0.0041,0.0034,-0.0470,0.1316,0.0903,-0.0294,0.0500,-0.0500,0.0197,-0.0210,-0.0461,0.1316,-0.0535,-1.5661,1.7170,107.9583,-59.1852,-114.4721
322158365,-0.0043,0.0039,-0.0452,0.1643,0.0454,-0.0292,0.0500,0.0200,0.0195,-0.0202,-0.0443,0.1643,-0.0535,-1.5661,1.7170,107.9581,-59.1946,-114.4653
322163364,-0.0046,0.0046,-0.0513,0.1885,-0.0026,-0.0312,-0.0200,0.0200,0.0193,-0.0192,-0.0504,0.1885,-0.0535,-1.5661,1.7170,107.9578,-59.2008,-114.4550
322168365,-0.0048,0.0057,-0.0501,0.1808,0.0265,-0.0310,-0.0200,-0.0455,0.0191,-0.0182,-0.0362,0.2032,-0.0535,-1.0627,1.4954,107.9576,-59.1999,-114.4529
322173364,-0.0049,0.0067,-0.0373,0.1732,0.0341,-0.0284,0.0751,-0.0480,0.0190,-0.0173,-0.0229,0.1831,-0.0535,0.4475,1.1078,107.9573,-59.1706,-114.4529
322178364,-0.0050,0.0075,-0.0458,0.1393,-0.0606,-0.0303,0.0727,-0.0401,0.0188,-0.0166,-0.0369,0.1397,-0.0535,0.4475,0.4713,107.9570,-59.1679,-114.4618
322183365,-0.0051,0.0080,-0.0599,0.1072,-0.0945,-0.0348,0.0685,-0.0301,0.0185,-0.0162,-0.0664,0.0810,-0.0535,0.4475,-1.3065,107.9567,-59.1661,-114.5013
322188364,-0.0053,0.0083,-0.0834,0.1045,0.0891,-0.0439,0.0702,-0.0298,0.0180,-0.0158,-0.0899,0.0783,-0.0535,0.4475,-1.3065,107.9565,-59.1634,-114.5065
322193364,-0.0059,0.0088,-0.0858,0.1167,0.1718,-0.0476,0.0739,-0.0329,0.0176,-0.0154,-0.0870,0.0767,-0.8287,0.4475,-2.2267,107.9400,-59.1616,-114.5338
322198365,-0.0064,0.0094,-0.0666,0.0935,0.0793,-0.0407,0.0673,-0.0296,0.0174,-0.0153,-0.0336,0.0261,-1.9916,2.1885,-2.3236,107.9104,-59.1180,-114.5450
322203364,-0.0067,0.0099,-0.0431,0.0816,-0.0383,-0.0349,0.0652,-0.0288,0.0173,-0.0153,-0.0153,0.0051,-1.9916,2.1885,-2.9304,107.8985,-59.1093,-114.5715
322208365,-0.0066,0.0100,-0.0235,0.0586,-0.0826,-0.0287,0.0575,-0.0257,0.0174,-0.0154,0.0091,-0.0327,-1.9916,2.9673,-3.1511,107.8905,-59.0774,-114.5884
322213364,-0.0067,0.0102,-0.0049,0.0125,-0.0123,-0.0251,0.0446,-0.0191,0.0175,-0.0159,0.0306,-0.0837,-1.9916,3.2974,-3.1511,107.8786,-59.0588,-114.6073
322218364,-0.0067,0.0102,-0.0116,-0.0220,0.0515,-0.0277,0.0367,-0.0110,0.0177,-0.0165,0.0246,-0.1264,-1.7595,3.8475,-3.1511,107.8755,-59.0251,-114.6199
322223365,-0.0066,0.0100,0.0134,-0.0849,0.0026,-0.0201,0.0188,0.0012,0.0179,-0.0175,0.0537,-0.1947,-1.7595,4.2606,-3.0987,107.8650,-59.0013,-114.6376
322228365,-0.0065,0.0094,0.0229,-0.1466,-0.0649,-0.0164,0.0027,0.0500,0.0182,-0.0187,0.0641,-0.2579,-1.7595,4.3639,-3.0987,107.8579,-58.9730,-114.6500
322233364,-0.0064,0.0083,0.0290,-0.2456,0.0478,-0.0136,-0.0500,0.0500,0.0187,-0.0203,0.0979,-0.3120,-1.7595,4.4609,-2.7081,107.8474,-58.9535,-114.6602
322238364,-0.0060,0.0068,0.0409,-0.2538,0.0872,-0.0124,-0.0500,0.0500,0.0191,-0.0216,0.0712,-0.2539,-1.7595,4.4609,-2.5616,107.8403,-58.9267,-114.6676
322243364,-0.0059,0.0054,0.0455,-0.2581,0.0292,-0.0103,-0.0500,0.0500,0.0195,-0.0229,0.0748,-0.2582,-1.7056,3.8456,-2.5128,107.8312,-58.9221,-114.6820
322248365,-0.0057,0.0041,0.0559,-0.2605,-0.0246,-0.0063,-0.0500,-0.0200,0.0199,-0.0242,0.0852,-0.2606,-1.7056,2.8388,-1.0481,107.8243,-58.9222,-114.6597
322253365,-0.0054,0.0027,0.0846,-0.2355,0.0164,0.0018,0.0200,-0.0200,0.0205,-0.0253,0.1139,-0.2355,-1.7056,2.3354,-0.8040,107.8141,-58.9219,-114.6603
322258364,-0.0048,0.0014,0.0965,-0.2159,0.0387,0.0500,0.0200,0.0390,0.0211,-0.0265,0.1202,-0.2258,-1.7056,1.7202,-0.6575,107.8073,-58.9221,-114.6602
322263364,-0.0043,0.0003,0.0892,-0.1662,-0.0136,0.0500,-0.0385,0.0321,0.0216,-0.0273,0.1110,-0.1695,-1.7056,1.3846,1.1536,107.7971,-58.9225,-114.6216
322268364,-0.0039,-0.0005,0.0589,-0.1017,-0.0774,0.0500,-0.0215,0.0237,0.0220,-0.0277,0.0689,-0.0845,-1.7056,0.0000,1.1536,107.7902,-58.9443,-114.6170
322273365,-0.0035,-0.0009,0.0421,-0.0562,-0.0435,0.0500,-0.0111,0.0155,0.0222,-0.0279,0.0450,-0.0267,-1.3112,-0.8242,1.1536,107.7891,-58.9632,-114.6100
322278365,-0.0033,-0.0009,0.0318,0.0421,0.1263,-0.0200,0.0500,-0.0500,0.0224,-0.0275,0.0346,0.0716,-1.0295,-0.8242,1.1536,107.7900,-58.9681,-114.6054
322283364,-0.0031,-0.0008,0.0443,0.0806,0.1248,-0.0200,0.0500,-0.0500,0.0226,-0.0271,0.0443,0.0806,-0.6426,-0.8242,1.1536,107.7923,-58.9714,-114.5985
322288364,-0.0028,-0.0003,0.0339,0.1381,0.0713,-0.0500,0.0500,-0.0500,0.0227,-0.0264,0.0154,0.1381,1.0771,-0.8242,1.1536,107.8275,-58.9764,-114.5939
322293364,-0.0026,0.0003,0.0107,0.1637,0.0234,-0.0500,0.0500,-0.0500,0.0227,-0.0256,0.0107,0.1637,1.6156,-0.8242,1.1536,107.8476,-58.9797,-114.5870
322298364,-0.0026,0.0013,-0.0519,0.2254,0.0136,-0.0500,-0.0200,0.0200,0.0225,-0.0245,-0.0519,0.2254,1.6156,-0.8242,1.1536,107.8541,-58.9846,-114.5823
322303364,-0.0029,0.0024,-0.1005,0.2416,0.0029,-0.0500,-0.0200,0.0200,0.0219,-0.0233,-0.1005,0.2416,1.6156,-0.8242,1.0985,107.8638,-58.9879,-114.5766
322308365,-0.0035,0.0037,-0.1200,0.2272,-0.0081,0.0200,0.0843,-0.0406,0.0214,-0.0221,-0.1074,0.2317,1.6156,0.5818,0.8778,107.8702,-58.9610,-114.5771
322313364,-0.0042,0.0048,-0.1210,0.2010,0.0035,0.0200,0.0829,-0.0356,0.0208,-0.0212,-0.1200,0.1853,0.3306,0.5818,-0.4719,107.8524,-58.9587,-114.6015
322318364,-0.0048,0.0056,-0.1023,0.1481,-0.0013,-0.0453,0.0723,-0.0270,0.0203,-0.0206,-0.1040,0.1167,-0.3770,0.5818,-1.5207,107.8375,-58.9552,-114.6272
322323365,-0.0052,0.0062,-0.1078,0.1243,-0.0383,-0.0469,0.0699,-0.0216,0.0198,-0.0202,-0.1022,0.0804,-0.3770,1.4208,-1.5207,107.8352,-58.9354,-114.6363
322328365,-0.0055,0.0069,-0.1164,0.1616,-0.0746,-0.0497,0.0818,-0.0292,0.0193,-0.0197,-0.1054,0.1085,-0.3770,2.0360,-1.5207,107.8337,-58.9113,-114.6424
322333364,-0.0062,0.0075,-0.1048,0.1582,0.0142,-0.0511,0.0817,-0.0312,0.0188,-0.0192,-0.0997,0.0950,-0.3770,2.0360,-2.2042,107.8315,-58.9032,-114.6682
322338364,-0.0066,0.0083,-0.0565,0.1432,0.0998,-0.0388,0.0723,-0.0373,0.0187,-0.0189,-0.0138,0.0635,-2.0109,3.1439,-2.2042,107.7944,-58.8649,-114.6770
322343364,-0.0067,0.0089,-0.0067,0.0840,0.0588,-0.0256,0.0544,-0.0310,0.0189,-0.0189,0.0410,-0.0127,-2.2363,3.7768,-2.7026,107.7766,-58.8392,-114.7005
322348365,-0.0064,0.0092,0.0199,0.0431,-0.0188,-0.0164,0.0426,-0.0255,0.0193,-0.0193,0.0722,-0.0649,-2.2363,4.4243,-2.8134,107.7676,-58.8027,-114.7139
322353364,-0.0061,0.0092,0.0211,-0.0027,-0.0389,-0.0137,0.0316,-0.0164,0.0197,-0.0198,0.0863,-0.1148,-2.8476,4.6993,-2.8134,107.7395,-58.7785,-114.7308
322358364,-0.0060,0.0091,0.0156,-0.0504,0.0026,-0.0149,0.0201,-0.0052,0.0201,-0.0207,0.0862,-0.1717,-2.8476,5.3190,-2.8134,107.7281,-58.7360,-114.7420
322363364,-0.0059,0.0087,0.0327,-0.0965,0.0536,-0.0111,0.0054,0.0500,0.0206,-0.0218,0.1013,-0.2237,-2.6871,5.5614,-2.9702,107.7144,-58.7097,-114.7628
322368364,-0.0057,0.0081,0.0525,-0.1610,0.0301,-0.0033,-0.0500,0.0500,0.0213,-0.0230,0.1413,-0.2438,-2.3662,5.5614,-2.9702,107.7109,-58.6763,-114.7747
322373364,-0.0054,0.0068,0.0623,-0.2761,-0.0047,-0.0027,-0.0500,0.0500,0.0218,-0.0244,0.1030,-0.2762,-2.3662,5.3376,-2.6312,107.6967,-58.6592,-114.7853
322378365,-0.0049,0.0054,0.0638,-0.3045,0.0680,-0.0013,-0.0500,0.0500,0.0224,-0.0259,0.1045,-0.3046,-2.3662,5.3376,-2.1468,107.6872,-58.6272,-114.7852
322383365,-0.0046,0.0036,0.0702,-0.3063,0.1013,0.0009,-0.0500,-0.0200,0.0229,-0.0275,0.1109,-0.3064,-2.3662,4.5463,-1.6141,107.6730,-58.6229,-114.7858
322388364,-0.0043,0.0020,0.0822,-0.2795,0.0616,0.0500,0.0200,-0.0200,0.0235,-0.0289,0.1229,-0.2795,-2.3662,3.3856,-1.3235,107.6636,-58.6224,-114.7858
322393364,-0.0038,0.0007,0.1032,-0.2233,-0.0151,0.0500,0.0200,0.0423,0.0240,-0.0300,0.0957,-0.2364,-1.7571,2.7525,-0.8799,107.6636,-58.6228,-114.7838
322398365,-0.0032,-0.0004,0.1002,-0.1695,-0.0588,0.0500,-0.0460,0.0334,0.0246,-0.0310,0.1247,-0.1886,-1.4249,2.0667,0.7839,107.6639,-58.6222,-114.7506
322403364,-0.0027,-0.0012,0.0791,-0.1097,-0.0016,0.0500,-0.0342,0.0235,0.0251,-0.0316,0.1009,-0.1209,-1.0372,1.6446,0.8884,107.6643,-58.6232,-114.7432
322408364,-0.0024,-0.0017,0.0281,-0.0651,0.0576,-0.0200,-0.0184,0.0191,0.0253,-0.0318,0.0309,-0.0435,-0.8711,-0.5593,0.8884,107.6638,-58.6634,-114.7397
322413365,-0.0021,-0.0020,0.0113,-0.0321,0.0417,-0.0200,-0.0098,0.0142,0.0253,-0.0318,0.0108,-0.0046,-0.4357,-0.9509,0.8884,107.6681,-58.6748,-114.7343
322418364,-0.0021,-0.0019,0.0269,0.0397,0.0295,-0.0500,0.0500,-0.0500,0.0254,-0.0315,0.0042,0.0671,1.2836,-0.9509,0.8884,107.7039,-58.6805,-114.7308
322423364,-0.0019,-0.0017,0.0388,0.0925,0.0448,-0.0500,0.0500,-0.0500,0.0256,-0.0310,0.0388,0.0925,1.7114,-0.9509,0.8884,107.7225,-58.6843,-114.7254
322428365,-0.0017,-0.0010,0.0070,0.1759,0.0799,-0.0500,0.0500,-0.0500,0.0256,-0.0302,0.0070,0.1759,1.7114,-0.9509,0.8884,107.7294,-58.6900,-114.7219
322433365,-0.0017,0.0001,-0.0357,0.2538,0.0597,-0.0500,0.0500,-0.0500,0.0254,-0.0289,-0.0357,0.2538,1.7114,-0.9509,0.8884,107.7396,-58.6938,-114.7166
322438364,-0.0019,0.0014,-0.0852,0.2938,-0.0026,0.0200,-0.0200,0.0200,0.0250,-0.0274,-0.0852,0.2938,1.7114,-0.9509,0.8884,107.7465,-58.6995,-114.7130
322443364,-0.0026,0.0030,-0.1194,0.2975,-0.0316,0.0200,-0.0200,0.0200,0.0244,-0.0259,-0.1194,0.2975,0.5671,0.5593,0.8884,107.7322,-58.6701,-114.7077
322448365,-0.0032,0.0044,-0.1185,0.2462,-0.0056,-0.0411,0.0899,-0.0485,0.0239,-0.0247,-0.0996,0.2511,-0.3744,0.5593,0.8884,107.7125,-58.6668,-114.7041
322453365,-0.0037,0.0056,-0.1023,0.2043,0.0426,-0.0405,0.0824,-0.0436,0.0234,-0.0237,-0.0929,0.1929,-0.3744,0.5593,-0.2090,107.7103,-58.6645,-114.7224
322458364,-0.0041,0.0065,-0.1170,0.1820,0.0298,-0.0460,0.0820,-0.0372,0.0229,-0.0230,-0.1138,0.1440,-0.3744,1.0869,-1.4633,107.7088,-58.6503,-114.7513
322463365,-0.0046,0.0071,-0.1411,0.1567,-0.0985,-0.0500,0.0818,-0.0281,0.0223,-0.0225,-0.1056,0.1005,-1.6480,2.3003,-1.4633,107.6793,-58.6187,-114.7601
322468365,-0.0051,0.0078,-0.1316,0.1872,-0.0078,-0.0500,0.0891,-0.0388,0.0219,-0.0218,-0.0859,0.1289,-2.3125,2.3003,-1.6086,107.6573,-58.6049,-114.7689
322473364,-0.0058,0.0086,-0.0950,0.1732,0.0750,-0.0446,0.0834,-0.0417,0.0217,-0.0214,-0.0505,0.0967,-2.3125,2.8358,-2.2867,107.6434,-58.5842,-114.7955
322478364,-0.0061,0.0094,-0.0421,0.1426,0.0124,-0.0308,0.0735,-0.0432,0.0217,-0.0210,0.0150,0.0621,-2.9160,3.1109,-2.2867,107.6208,-58.5616,-114.8047
322483364,-0.0061,0.0098,-0.0015,0.0623,-0.0811,-0.0195,0.0523,-0.0297,0.0220,-0.0212,0.0547,-0.0396,-2.9160,3.7710,-3.0590,107.6033,-58.5338,-114.8371
322488365,-0.0059,0.0100,0.0156,0.0049,-0.0673,-0.0136,0.0364,-0.0202,0.0224,-0.0218,0.0859,-0.1086,-3.3469,4.5456,-3.0590,107.5819,-58.4941,-114.8493
322493365,-0.0057,0.0098,0.0290,-0.0589,-0.0084,-0.0103,0.0184,-0.0078,0.0229,-0.0227,0.0973,-0.1831,-3.3469,4.7880,-3.5309,107.5618,-58.4711,-114.8777
322498364,-0.0056,0.0093,0.0278,-0.1310,0.0191,-0.0104,0.0001,0.0500,0.0234,-0.0240,0.0987,-0.2595,-3.3469,5.0789,-3.5309,107.5484,-58.4349,-114.8918
322503364,-0.0055,0.0085,0.0394,-0.1918,-0.0178,-0.0034,-0.0500,0.0500,0.0242,-0.0254,0.1491,-0.2733,-3.6286,5.4704,-3.7262,107.5213,-58.4055,-114.9173
322508364,-0.0052,0.0073,0.0498,-0.2547,-0.0826,-0.0025,-0.0500,0.0500,0.0247,-0.0266,0.1121,-0.2548,-3.6286,5.4704,-3.7262,107.5067,-58.3727,-114.9322
322513364,-0.0048,0.0057,0.0571,-0.3506,0.0167,-0.0011,-0.0500,0.0500,0.0253,-0.0284,0.1122,-0.3507,-3.2054,4.6790,-3.6155,107.4946,-58.3686,-114.9523
322518365,-0.0043,0.0040,0.0641,-0.3653,0.0509,0.0500,-0.0500,-0.0200,0.0259,-0.0302,0.1193,-0.3654,-3.2054,4.6790,-2.9509,107.4818,-58.3405,-114.9521
322523365,-0.0040,0.0021,0.0837,-0.3253,0.0289,0.0500,0.0200,-0.0200,0.0263,-0.0318,0.0837,-0.3253,-3.0984,3.9488,-2.1756,107.4647,-58.3376,-114.9519
322528364,-0.0035,0.0005,0.0965,-0.2685,-0.0420,0.0500,0.0200,0.0545,0.0267,-0.0333,0.0811,-0.2952,-2.5636,1.8711,-1.7879,107.4640,-58.3606,-114.9520
322533364,-0.0029,-0.0008,0.0874,-0.2089,-0.0878,0.0500,-0.0539,0.0457,0.0272,-0.0345,0.0916,-0.2321,-1.8683,1.0270,-0.5280,107.4647,-58.3724,-114.9352
322538365,-0.0025,-0.0018,0.0541,-0.1588,-0.0236,-0.0200,-0.0429,0.0390,0.0275,-0.0353,0.0669,-0.1593,-1.5474,0.7632,0.7324,107.4642,-58.3724,-114.9090
322543364,-0.0022,-0.0025,0.0195,-0.1310,0.0335,-0.0200,-0.0361,0.0383,0.0276,-0.0359,0.0310,-0.1291,-1.1196,0.6050,0.7324,107.4647,-58.3729,-114.9046
322548365,-0.0021,-0.0031,0.0318,-0.0806,0.0173,-0.0003,-0.0284,0.0280,0.0278,-0.0363,0.0395,-0.0764,0.1411,0.4467,0.7324,107.4877,-58.3728,-114.9017
322553364,-0.0021,-0.0036,0.0269,-0.0467,-0.0261,-0.0015,-0.0211,0.0236,0.0280,-0.0365,0.0244,-0.0417,0.7053,0.3939,0.7324,107.5028,-58.3722,-114.8973
322558364,-0.0019,-0.0033,0.0431,0.1194,0.0307,0.0027,0.0500,-0.0500,0.0282,-0.0359,0.0397,0.1261,0.7053,0.2884,0.7324,107.5056,-58.3724,-114.8943
322563364,-0.0017,-0.0024,0.0086,0.2172,0.1214,-0.0500,0.0500,-0.0500,0.0281,-0.0348,-0.0036,0.2172,0.7053,-1.4543,0.7324,107.5098,-58.4092,-114.8899
322568365,-0.0017,-0.0011,-0.0354,0.2935,0.0790,-0.0500,0.0500,-0.0500,0.0280,-0.0333,-0.0354,0.2935,0.7053,-1.9577,0.7324,107.5126,-58.4307,-114.8870
322573364,-0.0019,0.0005,-0.0846,0.3262,-0.0044,-0.0500,0.0500,-0.0500,0.0275,-0.0317,-0.0846,0.3262,1.7758,-1.1187,0.7324,107.5399,-58.4205,-114.8826
322578365,-0.0024,0.0020,-0.1164,0.3448,-0.0288,-0.0500,-0.0200,0.0200,0.0270,-0.0300,-0.1164,0.3448,1.3814,-0.8390,0.7324,107.5387,-58.4208,-114.8797
322583366,-0.0029,0.0035,-0.1341,0.3344,-0.0053,0.0200,-0.0200,0.0200,0.0263,-0.0283,-0.1341,0.3344,0.9870,-0.6712,0.7324,107.5379,-58.4205,-114.8769
322588364,-0.0035,0.0051,-0.1243,0.2960,0.0387,0.0200,0.1039,-0.0594,0.0257,-0.0269,-0.1281,0.2894,0.8180,0.0000,-0.4394,107.5382,-58.4110,-114.8975
322593364,-0.0042,0.0067,-0.1341,0.2911,0.0402,-0.0504,0.1082,-0.0594,0.0250,-0.0256,-0.1243,0.2506,-0.2351,1.6882,-1.0253,107.5204,-58.3740,-114.9149
322598364,-0.0048,0.0080,-0.1264,0.2462,-0.0423,-0.0483,0.1037,-0.0537,0.0245,-0.0246,-0.0988,0.2041,-1.2225,1.7937,-1.0253,107.4972,-58.3611,-114.9190
322603364,-0.0055,0.0092,-0.1261,0.2123,-0.0249,-0.0515,0.1014,-0.0490,0.0240,-0.0237,-0.0995,0.1686,-1.2225,1.7937,-1.1361,107.4898,-58.3540,-114.9273
322608365,-0.0059,0.0100,-0.1237,0.1921,0.0707,-0.0542,0.0980,-0.0466,0.0235,-0.0231,-0.1028,0.1269,-1.2225,2.1832,-2.1883,107.4849,-58.3349,-114.9558
322613365,-0.0066,0.0111,-0.1326,0.1988,0.0778,-0.0582,0.1052,-0.0500,0.0230,-0.0224,-0.0960,0.1336,-2.1317,2.1832,-2.1883,107.4552,-58.3262,-114.9690
322618365,-0.0072,0.0120,-0.1072,0.1506,-0.0212,-0.0526,0.0954,-0.0420,0.0227,-0.0221,-0.0662,0.0635,-2.1317,3.1734,-2.6586,107.4467,-58.2915,-114.9874
322623364,-0.0078,0.0124,-0.1130,0.0614,-0.0719,-0.0544,0.0789,-0.0218,0.0224,-0.0223,-0.0571,-0.0327,-3.2392,3.1734,-3.1290,107.4090,-58.2788,-115.0152
322628365,-0.0082,0.0125,-0.0889,-0.0104,-0.0527,-0.0497,0.0592,-0.0075,0.0223,-0.0229,-0.0265,-0.1300,-3.2857,4.3516,-3.6617,107.3952,-58.2316,-115.0393
322633365,-0.0085,0.0121,-0.0589,-0.1112,-0.0294,-0.0425,0.0311,0.0500,0.0224,-0.0241,0.0208,-0.2402,-3.9820,4.9818,-3.6617,107.3580,-58.1996,-115.0612
322638365,-0.0088,0.0112,-0.0388,-0.1924,-0.0246,-0.0349,0.0095,0.0500,0.0228,-0.0255,0.0892,-0.2775,-4.5744,5.7090,-4.0479,107.3286,-58.1521,-115.0845
322643364,-0.0089,0.0100,-0.0202,-0.2676,-0.0349,-0.0292,-0.0500,0.0500,0.0235,-0.0273,0.1263,-0.3629,-5.3069,6.3948,-4.0479,107.2854,-58.1141,-115.1088
322648365,-0.0089,0.0085,0.0055,-0.3280,0.0659,-0.0278,-0.0500,0.0500,0.0240,-0.0290,0.1006,-0.3283,-5.5420,6.6382,-3.9954,107.2594,-58.0702,-115.1239
322653364,-0.0088,0.0066,0.0278,-0.4157,0.0778,-0.0212,-0.0500,-0.0200,0.0246,-0.0311,0.1324,-0.4160,-6.0915,6.5832,-2.9467,107.2136,-58.0447,-115.1237
322658365,-0.0087,0.0045,0.0538,-0.4114,0.0356,-0.0137,-0.0500,-0.0200,0.0254,-0.0331,0.1585,-0.4117,-6.0915,6.5832,-2.4223,107.1892,-58.0052,-115.1239
322663365,-0.0082,0.0025,0.1182,-0.3714,0.0078,0.0500,0.0200,0.0718,0.0265,-0.0351,0.2123,-0.3985,-6.3684,5.6021,-1.7931,107.1463,-58.0000,-115.1239
322668364,-0.0074,0.0006,0.1768,-0.3268,-0.0420,0.0500,0.0200,0.0640,0.0273,-0.0369,0.1641,-0.3489,-6.1363,4.1563,-1.4784,107.1255,-57.9996,-115.1241
322673364,-0.0063,-0.0010,0.2175,-0.2715,-0.1052,0.0500,-0.0806,0.0521,0.0285,-0.0385,0.2422,-0.3293,-6.0824,3.3817,-0.5018,107.0898,-58.0000,-115.1117
322678364,-0.0051,-0.0024,0.2141,-0.2395,-0.1568,0.0500,-0.0776,0.0457,0.0298,-0.0398,0.2461,-0.2586,-4.9515,2.5039,1.2136,107.0903,-57.9998,-115.0761
322683364,-0.0037,-0.0033,0.2220,-0.1854,-0.1483,-0.0200,-0.0722,0.0331,0.0310,-0.0408,0.2500,-0.1976,-4.7361,2.0392,1.2136,107.0660,-58.0000,-115.0688
322688364,-0.0028,-0.0041,0.1958,-0.1136,-0.0890,-0.0200,-0.0582,0.0206,0.0321,-0.0414,0.2193,-0.1182,-4.7361,1.5228,1.2136,107.0471,-57.9996,-115.0640
322693365,-0.0018,-0.0047,0.1674,-0.0663,-0.0472,0.0419,-0.0509,0.0108,0.0334,-0.0417,0.2538,-0.0671,-3.7782,1.2646,1.2136,107.0399,-57.9992,-115.0567
322698364,-0.0010,-0.0044,0.1729,0.1057,0.1755,0.0414,-0.0142,-0.0500,0.0345,-0.0410,0.2273,0.1402,-3.1021,-1.1003,1.2136,107.0396,-58.0454,-115.0519
322703364,0.0000,-0.0040,0.1906,0.1414,0.1669,0.0481,-0.0092,-0.0500,0.0356,-0.0402,0.2210,0.1578,-2.3133,-1.1003,1.2136,107.0393,-58.0498,-115.0446
322708365,0.0011,-0.0032,0.1671,0.1677,0.0604,0.0471,0.0500,-0.0500,0.0366,-0.0393,0.1872,0.1885,-1.8626,-1.3923,1.2136,107.0399,-58.0623,-115.0397
322713365,0.0018,-0.0024,0.1042,0.1839,-0.0624,0.0356,0.0500,-0.0500,0.0372,-0.0384,0.1229,0.1839,-1.0887,-2.4146,1.0199,107.0457,-58.0910,-115.0366
322718364,0.0023,-0.0015,0.0672,0.2220,-0.1443,0.0272,0.0500,0.0200,0.0374,-0.0372,0.0561,0.2220,0.6462,-2.4146,0.8262,107.0792,-58.1055,-115.0368
322723364,0.0024,-0.0003,-0.0052,0.2856,-0.1299,0.0087,0.0500,0.0200,0.0373,-0.0358,-0.0247,0.2856,1.1309,-2.4146,0.6324,107.0953,-58.1151,-115.0363
322728365,0.0022,0.0012,-0.0990,0.3329,-0.0401,-0.0500,-0.0200,-0.0680,0.0368,-0.0341,-0.1142,0.3402,1.1309,-2.0453,0.4872,107.0999,-58.1216,-115.0369
322733364,0.0015,0.0029,-0.1677,0.3320,0.0323,-0.0500,-0.0200,-0.0630,0.0359,-0.0326,-0.1801,0.3106,1.1309,-1.4854,-1.4343,107.1067,-58.1178,-115.0793
322738364,0.0005,0.0045,-0.2208,0.2914,0.0964,-0.0500,0.1034,-0.0517,0.0347,-0.0312,-0.2315,0.2671,1.1309,0.1947,-1.4343,107.1112,-58.0863,-115.0851
322743364,-0.0007,0.0056,-0.2654,0.1881,0.0747,-0.0500,0.0929,-0.0246,0.0333,-0.0304,-0.2761,0.1638,1.1309,0.1947,-1.4343,107.1180,-58.0856,-115.0937
322748364,-0.0021,0.0065,-0.2416,0.1985,0.0536,0.0200,0.0985,-0.0301,0.0321,-0.0295,-0.2523,0.1742,1.1309,0.1947,-1.4343,107.1225,-58.0844,-115.0994
322753364,-0.0032,0.0074,-0.2236,0.2214,0.0316,0.0200,0.1053,-0.0364,0.0309,-0.0287,-0.2307,0.1754,-0.6462,1.1299,-1.9587,107.0886,-58.0640,-115.1188
322758364,-0.0041,0.0085,-0.2117,0.1936,-0.0340,-0.0687,0.1023,-0.0324,0.0299,-0.0280,-0.2024,0.1305,-0.6462,2.0101,-2.2209,107.0860,-58.0352,-115.1328
322763364,-0.0052,0.0095,-0.2428,0.1808,-0.0954,-0.0799,0.1096,-0.0261,0.0287,-0.0274,-0.2313,0.1139,-0.6462,2.2683,-2.2209,107.0822,-58.0220,-115.1462
322768364,-0.0064,0.0104,-0.2697,0.1607,-0.1342,-0.0905,0.1128,-0.0171,0.0275,-0.0271,-0.2535,0.0697,-0.6462,3.3401,-2.7579,107.0796,-57.9826,-115.1675
322773364,-0.0077,0.0109,-0.2334,0.0974,-0.0988,-0.0843,0.0963,-0.0083,0.0266,-0.0271,-0.1809,-0.0044,-2.3929,4.0673,-2.7579,107.0351,-57.9525,-115.1841
322778364,-0.0090,0.0112,-0.2236,0.0632,0.0167,-0.0880,0.0884,-0.0011,0.0257,-0.0274,-0.1663,-0.0585,-2.3929,5.0181,-3.1456,107.0255,-57.9051,-115.2031
322783365,-0.0099,0.0113,-0.1545,-0.0070,0.1117,-0.0737,0.0633,0.0500,0.0254,-0.0281,-0.0748,-0.1437,-3.1922,6.0205,-3.1456,106.9929,-57.8622,-115.2220
322788365,-0.0104,0.0110,-0.1090,-0.0757,0.1169,-0.0608,0.0427,0.0500,0.0254,-0.0291,0.0183,-0.1861,-3.6736,7.4172,-3.1456,106.9702,-57.7941,-115.2346
322793365,-0.0106,0.0100,-0.0614,-0.2407,0.0597,-0.0480,-0.0500,0.0500,0.0258,-0.0309,0.0774,-0.3595,-4.0536,7.9852,-2.8843,106.9394,-57.7528,-115.2480
322798364,-0.0110,0.0085,-0.0620,-0.3036,0.0930,-0.0543,-0.0500,0.0500,0.0259,-0.0324,0.0228,-0.3039,-4.9396,8.5248,-2.3617,106.9028,-57.6922,-115.2481
322803365,-0.0113,0.0067,-0.0223,-0.3531,0.1605,-0.0454,-0.0500,-0.0200,0.0263,-0.0341,0.0745,-0.3535,-5.6360,8.9163,-1.7345,106.8564,-57.6491,-115.2479
322808365,-0.0113,0.0048,0.0238,-0.3543,0.1566,-0.0332,-0.0500,-0.0200,0.0270,-0.0359,0.1290,-0.3547,-6.1207,9.2329,-1.4210,106.8226,-57.5880,-115.2481
322813366,-0.0109,0.0030,0.0883,-0.3070,0.0976,-0.0143,0.0200,0.0616,0.0280,-0.0375,0.2013,-0.3074,-6.5714,8.8921,0.0000,106.7757,-57.5591,-115.2223
322818365,-0.0103,0.0015,0.1393,-0.2578,0.0185,0.0500,0.0200,0.0481,0.0293,-0.0387,0.2650,-0.2433,-6.8065,7.4068,0.9968,106.7445,-57.5393,-115.1974
322823365,-0.0095,0.0002,0.1848,-0.2202,-0.0184,0.0500,-0.0603,0.0469,0.0306,-0.0402,0.2571,-0.3153,-6.3252,7.4068,0.9968,106.7137,-57.5096,-115.1936
322828365,-0.0085,-0.0009,0.2236,-0.1885,-0.0023,0.0500,-0.0623,0.0358,0.0320,-0.0415,0.2826,-0.2606,-6.3252,5.8577,0.9968,106.6884,-57.4998,-115.1874
322833364,-0.0075,-0.0021,0.2349,-0.1930,-0.0301,0.0500,-0.0684,0.0355,0.0335,-0.0427,0.2942,-0.2338,-5.6607,4.8249,2.0710,106.6644,-57.4991,-115.1568
322838365,-0.0060,-0.0026,0.2715,-0.1362,0.0265,-0.0200,-0.0644,0.0161,0.0351,-0.0435,0.3197,-0.1578,-4.6639,3.5340,2.0710,106.6637,-57.4999,-115.1485
322843365,-0.0047,-0.0033,0.2801,-0.0898,0.1010,-0.0200,-0.0607,0.0032,0.0367,-0.0440,0.3229,-0.1022,-3.4457,2.9144,2.0710,106.6639,-57.4994,-115.1361
322848365,-0.0033,-0.0036,0.2694,0.0082,0.1648,0.0592,-0.0429,-0.0500,0.0385,-0.0439,0.3585,0.0143,-2.8366,2.1398,2.5429,106.6636,-57.4997,-115.1168
322853364,-0.0019,-0.0033,0.2398,0.0950,0.2241,0.0535,-0.0236,-0.0500,0.0399,-0.0436,0.2906,0.0685,-2.0613,1.7784,2.5429,106.6645,-57.4992,-115.1015
322858365,-0.0005,-0.0026,0.2352,0.1393,0.2198,0.0564,-0.0111,-0.0500,0.0412,-0.0429,0.2636,0.1417,-1.7291,-0.1650,2.5429,106.6635,-57.5322,-115.0913
322863366,0.0006,-0.0017,0.1744,0.1717,0.0988,0.0460,0.0500,-0.0500,0.0422,-0.0420,0.1899,0.1831,-1.2861,-0.7702,2.5429,106.6635,-57.5470,-115.0818
322868364,0.0013,-0.0012,0.1158,0.1576,-0.0679,0.0365,0.0500,0.0200,0.0429,-0.0412,0.1331,0.1576,-1.0092,-0.7702,2.0464,106.6645,-57.5516,-115.0769
322873365,0.0017,-0.0005,0.0480,0.1826,-0.1858,0.0223,0.0500,0.0200,0.0432,-0.0403,0.0615,0.1827,-0.7877,-0.7702,1.4948,106.6636,-57.5547,-115.0773
322878364,0.0020,0.0006,0.0199,0.2584,-0.1990,0.0159,0.0500,-0.0637,0.0433,-0.0389,0.0267,0.2766,0.2139,-0.7702,1.2189,106.6821,-57.5593,-115.0774
322883365,0.0020,0.0021,-0.0043,0.3415,0.0292,0.0045,-0.0200,-0.0847,0.0432,-0.0372,-0.0292,0.3477,1.6579,-0.7702,0.4214,106.7184,-57.5624,-115.0872
322888364,0.0014,0.0036,-0.1436,0.2902,0.0854,-0.0500,-0.0200,-0.0587,0.0422,-0.0358,-0.1829,0.2714,1.6579,-0.4401,-1.2585,106.7250,-57.5603,-115.1223
322893365,0.0005,0.0049,-0.2123,0.2425,0.1016,-0.0500,0.0926,-0.0433,0.0411,-0.0347,-0.2207,0.2164,1.6579,0.3851,-1.3634,106.7349,-57.5427,-115.1326
322898364,-0.0005,0.0058,-0.2563,0.2037,0.1245,-0.0500,0.0947,-0.0307,0.0398,-0.0338,-0.2647,0.1776,1.6579,0.3851,-1.3634,106.7416,-57.5412,-115.1380
322903364,-0.0020,0.0066,-0.2633,0.2025,0.0979,-0.0500,0.1008,-0.0280,0.0384,-0.0330,-0.2793,0.1633,1.4634,0.3851,-2.2422,106.7475,-57.5388,-115.1621
322908364,-0.0032,0.0076,-0.2309,0.2364,0.0429,0.0200,0.1107,-0.0396,0.0372,-0.0320,-0.2470,0.1972,-0.2674,0.3851,-2.2422,106.7158,-57.5373,-115.1761
322913364,-0.0043,0.0088,-0.2111,0.2141,-0.0001,0.0200,0.1079,-0.0368,0.0361,-0.0313,-0.2199,0.1427,-0.3744,1.8826,-2.9068,106.7114,-57.5024,-115.2033
322918364,-0.0053,0.0098,-0.2135,0.1875,-0.0349,-0.0744,0.1079,-0.0321,0.0350,-0.0307,-0.2146,0.1138,-0.3744,2.0375,-2.9068,106.7099,-57.4912,-115.2149
322923365,-0.0064,0.0106,-0.2694,0.1378,-0.1110,-0.0891,0.1074,-0.0140,0.0339,-0.0305,-0.2299,0.0465,-2.1464,3.2084,-2.9068,106.6688,-57.4508,-115.2255
322928364,-0.0077,0.0111,-0.2960,0.0919,-0.1076,-0.1001,0.1033,0.0010,0.0326,-0.0306,-0.2462,-0.0198,-2.3679,4.2712,-3.2203,106.6550,-57.4138,-115.2505
322933364,-0.0091,0.0113,-0.2379,0.0452,0.0497,-0.0922,0.0856,0.0500,0.0317,-0.0310,-0.1781,-0.0838,-2.3679,5.4277,-3.2203,106.6432,-57.3617,-115.2698
322938365,-0.0100,0.0113,-0.1539,0.0003,0.1538,-0.0729,0.0666,0.0500,0.0315,-0.0315,-0.0506,-0.0921,-2.8786,6.2130,-3.2203,106.6170,-57.3221,-115.2826
322943365,-0.0105,0.0111,-0.1164,-0.0559,0.1511,-0.0643,0.0480,0.0500,0.0315,-0.0324,0.0027,-0.1721,-2.9863,7.8127,-3.2203,106.6033,-57.2481,-115.3020
322948365,-0.0109,0.0105,-0.0932,-0.1515,0.0900,-0.0581,0.0225,0.0500,0.0317,-0.0337,0.0397,-0.2756,-3.5248,8.3460,-3.2203,106.5718,-57.2053,-115.3148
322953365,-0.0114,0.0095,-0.1029,-0.2285,0.0762,-0.0606,0.0029,-0.0200,0.0320,-0.0356,0.0535,-0.3649,-4.4826,9.1723,-2.6055,106.5372,-57.1362,-115.3213
322958365,-0.0120,0.0080,-0.0837,-0.2706,0.1514,-0.0577,-0.0500,-0.0200,0.0324,-0.0376,0.0901,-0.4161,-5.1879,9.7809,-1.0556,106.4951,-57.0861,-115.2977
322963365,-0.0123,0.0064,-0.0379,-0.2828,0.1721,-0.0541,-0.0500,0.0634,0.0327,-0.0391,0.0539,-0.2882,-5.5088,10.0560,-0.3292,106.4678,-57.0212,-115.2860
322968365,-0.0123,0.0050,0.0232,-0.2407,0.1138,-0.0378,-0.0500,0.0520,0.0333,-0.0403,0.1177,-0.2446,-5.6158,10.1076,-0.2323,106.4320,-56.9799,-115.2851
322973365,-0.0118,0.0039,0.1151,-0.1677,-0.0310,-0.0093,-0.0500,0.0268,0.0344,-0.0410,0.2311,-0.1493,-6.1142,9.6228,1.2543,106.3980,-56.9306,-115.2542
322978364,-0.0110,0.0031,0.1793,-0.1298,-0.0068,0.0500,0.0200,0.0111,0.0359,-0.0416,0.3015,-0.1075,-6.3463,8.2245,1.5156,106.3560,-56.9222,-115.2392
322983364,-0.0102,0.0024,0.1820,-0.1484,0.0451,0.0500,0.0200,0.0191,0.0369,-0.0422,0.1951,-0.1257,-6.2386,7.9448,1.5156,106.3329,-56.8800,-115.2339
322988364,-0.0092,0.0016,0.1991,-0.1753,0.0387,0.0500,-0.0475,0.0279,0.0383,-0.0435,0.2707,-0.2534,-6.2386,6.7842,1.5156,106.2954,-56.8732,-115.2240
322993364,-0.0081,0.0007,0.2285,-0.1353,-0.0032,0.0500,-0.0450,0.0159,0.0397,-0.0444,0.2850,-0.1876,-5.3371,5.0432,1.5156,106.2898,-56.8726,-115.2187
322998364,-0.0069,0.0001,0.2443,-0.0797,-0.0389,-0.0200,-0.0377,0.0010,0.0412,-0.0450,0.2960,-0.1137,-3.9849,4.1463,1.8479,106.2891,-56.8722,-115.2021
323003364,-0.0056,-0.0002,0.2642,0.0037,0.0396,-0.0200,-0.0251,-0.0500,0.0427,-0.0451,0.3063,-0.0139,-3.2524,3.0384,1.8479,106.2893,-56.8729,-115.1910
323008364,-0.0042,0.0002,0.2492,0.1197,0.1639,0.0485,-0.0032,-0.0500,0.0443,-0.0446,0.3123,0.0823,-2.4073,2.5108,1.8479,106.2894,-56.8724,-115.1817
323013364,-0.0028,0.0010,0.2266,0.1765,0.1798,0.0471,0.0500,-0.0500,0.0456,-0.0439,0.2760,0.1493,-1.9565,1.8250,1.8479,106.2896,-56.8732,-115.1744
323018365,-0.0018,0.0020,0.1768,0.1921,0.1178,0.0377,0.0500,-0.0500,0.0466,-0.0429,0.2018,0.1921,-1.4494,1.5084,1.8479,106.2896,-56.8728,-115.1633
323023364,-0.0009,0.0025,0.1307,0.1481,0.0029,0.0306,0.0500,0.0200,0.0474,-0.0422,0.1508,0.1481,-1.1677,1.1391,1.6037,106.2899,-56.8723,-115.1611
323028364,-0.0006,0.0034,0.0165,0.1973,-0.0096,0.0029,0.0500,0.0200,0.0476,-0.0412,0.0317,0.1973,-0.8860,0.9281,0.5355,106.2894,-56.8725,-115.1746
323033365,-0.0006,0.0046,-0.0312,0.2718,-0.0462,-0.0500,-0.0200,-0.0686,0.0474,-0.0399,-0.0260,0.2594,-0.7170,0.6643,-0.8307,106.2896,-56.8730,-115.2033
323038365,-0.0007,0.0059,-0.0528,0.3183,-0.0838,-0.0500,-0.0200,-0.0795,0.0471,-0.0384,-0.0600,0.3059,0.6462,0.6643,-0.8307,106.3145,-56.8704,-115.2083
323043365,-0.0012,0.0076,-0.0858,0.3180,0.0216,-0.0500,0.1073,-0.0812,0.0467,-0.0369,-0.0873,0.2957,1.7772,0.6643,-0.8307,106.3427,-56.8664,-115.2117
323048364,-0.0018,0.0091,-0.1405,0.2676,0.1343,-0.0500,0.1078,-0.0687,0.0460,-0.0357,-0.1419,0.2453,1.4002,0.6643,-0.8307,106.3457,-56.8638,-115.2166
323053365,-0.0024,0.0102,-0.1573,0.2123,0.0686,0.0200,0.1020,-0.0550,0.0452,-0.0349,-0.1527,0.1656,0.8617,1.8326,-1.3011,106.3389,-56.8318,-115.2296
323058365,-0.0032,0.0110,-0.1933,0.2004,-0.0591,0.0200,0.1094,-0.0463,0.0442,-0.0341,-0.1960,0.1412,0.6462,1.8326,-2.1372,106.3390,-56.8245,-115.2540
323063365,-0.0043,0.0117,-0.2395,0.1842,-0.1159,-0.0767,0.1153,-0.0342,0.0430,-0.0337,-0.2507,0.0965,0.5385,2.8229,-3.0574,106.3391,-56.7921,-115.2863
323068365,-0.0055,0.0124,-0.2767,0.1741,-0.0447,-0.0893,0.1206,-0.0295,0.0417,-0.0332,-0.2565,0.0864,-1.2959,2.8229,-3.0574,106.3027,-56.7808,-115.3046
323073365,-0.0067,0.0131,-0.2572,0.1170,0.0032,-0.0890,0.1078,-0.0189,0.0406,-0.0332,-0.2245,0.0031,-1.9157,3.8040,-3.8298,106.2831,-56.7412,-115.3344
323078365,-0.0079,0.0134,-0.2407,0.0385,-0.0126,-0.0891,0.0914,-0.0018,0.0396,-0.0337,-0.2009,-0.0877,-1.9157,4.6281,-3.8298,106.2716,-56.7081,-115.3573
323083365,-0.0090,0.0131,-0.2028,-0.0770,0.0274,-0.0840,0.0609,0.0500,0.0388,-0.0348,-0.1571,-0.2196,-1.9157,5.5231,-4.0395,106.2639,-56.6597,-115.3770
323088365,-0.0100,0.0124,-0.1906,-0.1652,0.1453,-0.0822,0.0392,0.0500,0.0383,-0.0361,-0.0918,-0.2615,-2.4799,6.4727,-4.0395,106.2384,-56.6167,-115.4012
323093364,-0.0107,0.0113,-0.1814,-0.2361,0.1923,-0.0817,0.0175,0.0500,0.0380,-0.0378,-0.0601,-0.3492,-3.2287,7.6006,-3.6977,106.2128,-56.5525,-115.4102
323098365,-0.0116,0.0099,-0.1710,-0.3076,0.1187,-0.0808,-0.0500,0.0500,0.0378,-0.0399,-0.0398,-0.4262,-3.6163,7.9756,-2.7213,106.1856,-56.5138,-115.4098
323103364,-0.0125,0.0082,-0.1695,-0.3598,0.0723,-0.0880,-0.0500,-0.0200,0.0374,-0.0417,-0.0941,-0.3601,-4.3915,8.6764,-2.2330,106.1532,-56.4493,-115.4100
323108366,-0.0133,0.0062,-0.1216,-0.4004,0.0772,-0.0776,-0.0500,-0.0200,0.0372,-0.0437,-0.0270,-0.4009,-5.5039,8.8442,-1.8425,106.1011,-56.4110,-115.4103
323113365,-0.0137,0.0040,-0.0571,-0.4099,0.1028,-0.0630,-0.0500,0.1048,0.0375,-0.0458,0.0445,-0.4096,-5.8809,8.3694,0.0524,106.0702,-56.3679,-115.3783
323118365,-0.0135,0.0022,0.0605,-0.3070,0.0118,-0.0296,0.0200,0.0734,0.0384,-0.0473,0.1840,-0.3036,-7.0458,8.2234,0.2622,106.0080,-56.3374,-115.3726
323123365,-0.0130,0.0008,0.1035,-0.2419,-0.0685,-0.0151,0.0200,0.0586,0.0396,-0.0485,0.2376,-0.2386,-7.6553,6.0814,0.2622,105.9667,-56.3375,-115.3716
323128364,-0.0126,-0.0004,0.1170,-0.2245,-0.0750,-0.0059,-0.0506,0.0594,0.0411,-0.0500,0.3033,-0.2948,-8.2072,4.9618,0.2622,105.9088,-56.3378,-115.3700
323133364,-0.0120,-0.0013,0.1552,-0.1799,-0.0288,0.0500,-0.0504,0.0458,0.0428,-0.0512,0.3429,-0.2444,-8.4857,4.5723,0.2622,105.8702,-56.3178,-115.3690
323138365,-0.0111,-0.0022,0.1903,-0.1210,-0.0569,0.0500,-0.0406,0.0355,0.0440,-0.0521,0.2328,-0.1832,-8.3780,4.5723,0.3725,105.8217,-56.2995,-115.3657
323143364,-0.0100,-0.0027,0.2285,-0.0525,-0.1140,0.0500,-0.0314,0.0131,0.0453,-0.0525,0.2776,-0.0737,-8.3217,3.5821,2.1378,105.7893,-56.2944,-115.3212
323148364,-0.0086,-0.0026,0.2721,0.0623,-0.0688,0.0500,-0.0140,-0.0500,0.0469,-0.0522,0.3156,0.0509,-7.4765,2.9220,2.1378,105.7604,-56.2947,-115.3084
323153364,-0.0071,-0.0020,0.3143,0.1683,0.0295,-0.0200,0.0011,-0.0500,0.0486,-0.0515,0.3328,0.1363,-6.5831,2.1518,2.1378,105.7495,-56.2949,-115.2998
323158364,-0.0054,-0.0011,0.3357,0.2416,0.0481,-0.0200,0.0500,-0.0500,0.0503,-0.0505,0.3509,0.2153,-4.8904,1.7667,2.1378,105.7491,-56.2948,-115.2870
323163364,-0.0036,0.0004,0.3118,0.3051,-0.0362,0.0697,0.0500,-0.0500,0.0522,-0.0489,0.3807,0.3050,-3.9970,0.3233,1.7504,105.7493,-56.3159,-115.2869
323168365,-0.0020,0.0018,0.2731,0.2941,0.0130,0.0644,0.0500,0.0200,0.0539,-0.0475,0.3240,0.2941,-2.9625,-0.7302,1.4598,105.7493,-56.3388,-115.2863
323173364,-0.0008,0.0031,0.1991,0.2615,0.0866,0.0490,0.0500,0.0200,0.0551,-0.0462,0.2404,0.2614,-2.3983,-0.4381,1.0723,105.7498,-56.3366,-115.2865
323178364,0.0001,0.0043,0.1362,0.2584,0.0759,0.0368,-0.0200,-0.0920,0.0559,-0.0448,0.1745,0.2715,-1.7870,-0.3408,0.8786,105.7495,-56.3362,-115.2865
323183364,0.0008,0.0056,0.0831,0.2666,-0.0215,0.0256,-0.0200,-0.0890,0.0564,-0.0435,0.1000,0.2527,-1.4578,-0.2434,-0.9378,105.7496,-56.3361,-115.3210
323188365,0.0012,0.0067,0.0599,0.2709,-0.1082,0.0217,0.0715,-0.0891,0.0568,-0.0423,0.0646,0.2397,-0.4433,0.8802,-1.2136,105.7628,-56.3138,-115.3313
323193364,0.0015,0.0080,0.0214,0.2337,-0.1104,0.0120,0.0718,-0.0796,0.0568,-0.0414,0.0116,0.1893,0.8451,1.7604,-1.2136,105.7902,-56.2865,-115.3386
323198365,0.0015,0.0091,-0.0232,0.1970,-0.0261,-0.0001,0.0720,-0.0709,0.0567,-0.0406,-0.0330,0.1526,0.8451,1.7604,-1.2136,105.7952,-56.2795,-115.3435
323203365,0.0014,0.0100,-0.0791,0.1888,-0.0105,-0.0500,0.0805,-0.0651,0.0562,-0.0399,-0.0889,0.1444,0.8451,1.7604,-1.2136,105.7986,-56.2689,-115.3507
323208364,0.0008,0.0108,-0.1555,0.1787,-0.1250,-0.0500,0.0918,-0.0535,0.0555,-0.0393,-0.1467,0.1212,0.8451,2.4317,-1.4234,105.8037,-56.2475,-115.3598
323213365,-0.0005,0.0115,-0.3051,0.1561,0.0051,-0.0500,0.1086,-0.0304,0.0540,-0.0389,-0.3018,0.0892,0.8451,2.4317,-2.0526,105.8071,-56.2329,-115.3842
323218365,-0.0021,0.0122,-0.3210,0.1191,0.1257,-0.0500,0.1052,-0.0196,0.0524,-0.0387,-0.3190,0.0283,0.8451,3.1589,-2.9315,105.8121,-56.2072,-115.4111
323223365,-0.0037,0.0126,-0.3219,0.0498,0.0869,0.0200,0.0941,-0.0014,0.0508,-0.0390,-0.3121,-0.0544,0.8451,4.0538,-2.9315,105.8155,-56.1692,-115.4287
323228365,-0.0053,0.0125,-0.3137,-0.0461,-0.0508,0.0200,0.0763,0.0500,0.0493,-0.0398,-0.3087,-0.1601,0.2817,4.1066,-3.5406,105.8090,-56.1519,-115.4530
323233364,-0.0068,0.0119,-0.3085,-0.1426,-0.0551,-0.0994,0.0558,0.0500,0.0480,-0.0409,-0.2478,-0.2251,-0.7325,5.5430,-3.5406,105.7870,-56.0937,-115.4743
323238364,-0.0082,0.0110,-0.2761,-0.2190,0.1190,-0.0989,0.0317,0.0500,0.0470,-0.0425,-0.2114,-0.3084,-0.7325,6.0128,-3.5406,105.7826,-56.0613,-115.4955
323243364,-0.0097,0.0097,-0.2776,-0.2813,0.2470,-0.1063,0.0137,0.0500,0.0460,-0.0444,-0.2037,-0.3864,-0.7325,7.0759,-3.0180,105.7797,-56.0010,-115.4984
323248365,-0.0110,0.0081,-0.2734,-0.3387,0.2064,-0.1097,-0.0500,-0.0200,0.0450,-0.0466,-0.1965,-0.4489,-0.7325,7.4184,-2.4954,105.7753,-55.9656,-115.4989
323253364,-0.0124,0.0064,-0.2645,-0.3601,0.1346,-0.1168,-0.0500,-0.0200,0.0437,-0.0484,-0.2471,-0.3602,-1.0146,7.7950,-1.5360,105.7666,-55.9125,-115.4925
323258364,-0.0136,0.0044,-0.2074,-0.3720,0.1783,-0.1067,-0.0500,0.1154,0.0429,-0.0503,-0.1751,-0.3688,-1.7669,7.7950,0.2215,105.7418,-55.8813,-115.4598
323263364,-0.0146,0.0026,-0.1564,-0.3268,0.1703,-0.0969,-0.0500,0.1067,0.0423,-0.0519,-0.1170,-0.3178,-1.9808,7.6531,0.6092,105.7304,-55.8372,-115.4486
323268365,-0.0151,0.0011,-0.0916,-0.2563,0.0607,-0.0804,0.0200,0.0905,0.0421,-0.0531,-0.0403,-0.2474,-2.6761,6.2414,0.6092,105.7010,-55.8377,-115.4461
323273364,-0.0153,-0.0001,-0.0327,-0.1814,-0.1012,-0.0619,0.0200,0.0709,0.0423,-0.0539,0.0511,-0.1543,-3.9497,5.9493,1.8298,105.6631,-55.8076,-115.4162
323278364,-0.0154,-0.0010,-0.0009,-0.1405,-0.1699,-0.0486,-0.0097,0.0648,0.0431,-0.0548,0.1458,-0.1898,-4.7854,5.3991,2.0739,105.6210,-55.7953,-115.4031
323283364,-0.0152,-0.0017,-0.0134,-0.1399,-0.1229,-0.0510,-0.0096,0.0653,0.0438,-0.0556,0.1421,-0.1555,-5.5393,4.0238,2.9653,105.5858,-55.7946,-115.3714
323288366,-0.0150,-0.0023,0.0257,-0.0648,-0.0325,-0.0410,-0.0013,0.0435,0.0447,-0.0560,0.1886,-0.0699,-6.3281,3.3087,2.9653,105.5359,-55.7943,-115.3536
323293365,-0.0148,-0.0025,0.0681,0.0131,-0.0438,-0.0289,0.0500,0.0202,0.0459,-0.0558,0.2332,0.0252,-6.7513,2.4285,3.2411,105.5019,-55.7949,-115.3362
323298365,-0.0143,-0.0022,0.1155,0.0916,-0.1250,-0.0148,0.0500,-0.0500,0.0472,-0.0551,0.2701,0.1454,-7.1663,1.9884,3.6273,105.4520,-55.7948,-115.3141
323303364,-0.0131,-0.0012,0.2523,0.2392,0.0124,0.0500,0.0500,-0.0500,0.0491,-0.0539,0.3757,0.2386,-7.1663,1.4932,4.1116,105.4233,-55.7944,-115.2819
323308364,-0.0118,-0.0001,0.2859,0.2737,-0.0136,0.0500,0.0500,-0.0500,0.0505,-0.0525,0.2859,0.2737,-7.3413,1.2182,4.1116,105.3756,-55.7946,-115.2654
323313365,-0.0101,0.0015,0.3128,0.2966,-0.1470,0.0500,-0.0200,-0.0500,0.0521,-0.0511,0.3128,0.2966,-7.2949,0.8881,3.6935,105.3473,-55.7949,-115.2495
323318365,-0.0085,0.0028,0.3143,0.3082,-0.2197,0.0500,-0.0200,0.0200,0.0537,-0.0495,0.3143,0.3082,-6.2717,0.7231,3.0141,105.3275,-55.7950,-115.2497
323323365,-0.0069,0.0042,0.3348,0.3317,-0.1144,-0.0200,0.0591,0.0200,0.0554,-0.0479,0.3415,0.3201,-6.2717,0.7781,2.2302,105.3025,-55.7892,-115.2496
323328365,-0.0052,0.0059,0.3271,0.3137,0.0335,-0.0200,0.0579,-0.1220,0.0571,-0.0463,0.3495,0.3292,-5.1448,0.7781,1.8121,105.2896,-55.7861,-115.2499
323333365,-0.0036,0.0074,0.2801,0.2773,0.0686,0.0620,0.0544,-0.1190,0.0590,-0.0448,0.3703,0.2857,-4.1870,0.7781,1.3418,105.2900,-55.7814,-115.2498
323338364,-0.0023,0.0087,0.2178,0.2346,-0.0120,0.0509,0.0563,-0.1068,0.0604,-0.0436,0.2878,0.2398,-3.1165,0.7781,1.1327,105.2895,-55.7783,-115.2490
323343364,-0.0013,0.0096,0.1512,0.1833,-0.1012,0.0384,0.0544,-0.0889,0.0615,-0.0429,0.2102,0.1586,-2.5531,1.7075,0.0519,105.2895,-55.7541,-115.2657
323348364,-0.0007,0.0103,0.1011,0.1939,-0.0291,0.0261,0.0629,-0.0879,0.0622,-0.0421,0.1419,0.1517,-1.8769,1.9141,-0.9202,105.2897,-55.7424,-115.2875
323353365,-0.0005,0.0110,0.0324,0.1885,-0.0774,0.0103,0.0722,-0.0796,0.0625,-0.0414,0.0729,0.1368,-1.5389,2.5443,-0.9202,105.2896,-55.7178,-115.2930
323358364,-0.0003,0.0121,0.0134,0.1949,-0.0817,0.0054,0.0791,-0.0814,0.0628,-0.0408,0.0430,0.1289,-1.1445,2.7867,-1.6374,105.2895,-55.7019,-115.3115
323363365,-0.0004,0.0129,-0.0480,0.1319,-0.0469,-0.0500,0.0740,-0.0613,0.0627,-0.0405,-0.0197,0.0436,-0.9191,3.6817,-2.2442,105.2898,-55.6651,-115.3367
323368365,-0.0007,0.0132,-0.0929,0.0312,-0.0530,-0.0500,0.0595,-0.0326,0.0622,-0.0409,-0.0854,-0.0658,-0.6937,3.6817,-2.8210,105.2895,-55.6504,-115.3576
323373364,-0.0015,0.0129,-0.1723,-0.0660,-0.0209,-0.0500,0.0468,0.0500,0.0614,-0.0418,-0.1662,-0.1938,-0.5810,4.6313,-3.9385,105.2892,-55.6050,-115.4004
323378364,-0.0024,0.0124,-0.1927,-0.1460,0.0213,-0.0500,0.0331,0.0500,0.0607,-0.0430,-0.1478,-0.2230,-0.4120,5.1668,-4.2802,105.2897,-55.5741,-115.4231
323383364,-0.0035,0.0114,-0.2080,-0.2205,0.0029,0.0200,0.0169,0.0500,0.0599,-0.0445,-0.1574,-0.3073,-0.3557,5.8269,-4.7787,105.2893,-55.5276,-115.4609
323388364,-0.0045,0.0101,-0.1988,-0.2804,0.0011,0.0200,-0.0002,0.0500,0.0591,-0.0464,-0.1452,-0.3725,-0.2430,6.1884,-4.7787,105.2897,-55.4968,-115.4788
323393365,-0.0054,0.0085,-0.2031,-0.3399,0.0674,-0.0693,-0.0500,-0.0200,0.0584,-0.0485,-0.1455,-0.4335,-0.1866,6.2853,-4.3083,105.2899,-55.4576,-115.4987
323398364,-0.0064,0.0066,-0.2190,-0.4172,0.0936,-0.0818,-0.0500,-0.0200,0.0573,-0.0506,-0.2168,-0.4172,-0.1303,6.2853,-3.5767,105.2900,-55.4325,-115.4988
323403365,-0.0077,0.0045,-0.2330,-0.4047,0.0900,-0.0923,-0.0500,0.1195,0.0561,-0.0528,-0.2521,-0.4434,-0.1866,5.9497,-2.5837,105.2882,-55.4028,-115.4981
323408364,-0.0088,0.0024,-0.2077,-0.3629,0.0515,-0.0894,-0.0500,0.1164,0.0550,-0.0548,-0.2232,-0.3953,-0.1866,5.9497,-2.1656,105.2870,-55.3790,-115.4987
323413365,-0.0098,0.0008,-0.1881,-0.2740,0.0329,-0.0878,0.0200,0.1017,0.0540,-0.0563,-0.1986,-0.2978,-0.1866,4.6308,-1.5907,105.2863,-55.3729,-115.4988
323418364,-0.0105,-0.0004,-0.1436,-0.1823,-0.0264,-0.0786,0.0200,0.0821,0.0532,-0.0573,-0.1518,-0.2023,-0.1866,3.7867,-1.3294,105.2852,-55.3730,-115.4989
323423364,-0.0112,-0.0012,-0.1097,-0.1243,-0.1284,-0.0666,0.0018,0.0698,0.0529,-0.0581,-0.0564,-0.1657,-1.6443,2.8371,0.0554,105.2525,-55.3722,-115.4774
323428364,-0.0118,-0.0018,-0.0947,-0.0812,-0.1910,-0.0635,0.0500,0.0603,0.0528,-0.0586,-0.0281,-0.0974,-2.1062,2.3095,1.2184,105.2325,-55.3725,-115.4511
323433365,-0.0124,-0.0022,-0.0944,-0.1035,-0.1941,-0.0663,0.0500,0.0659,0.0526,-0.0590,-0.0347,-0.0855,-2.8550,1.6764,1.2184,105.2068,-55.3732,-115.4435
323438365,-0.0127,-0.0025,-0.0632,-0.0855,-0.5426,-0.0530,0.0500,0.0618,0.0527,-0.0593,0.0256,-0.0500,-3.9625,1.4126,2.3901,105.1662,-55.3723,-115.4139
323443364,-0.0127,-0.0024,0.0104,-0.0140,-0.6168,-0.0335,0.0500,0.0374,0.0533,-0.0592,0.1033,0.0252,-4.0732,1.0433,2.6415,105.1478,-55.3725,-115.3930
323448365,-0.0124,-0.0025,0.0809,-0.0376,-0.2665,-0.0176,-0.0200,0.0275,0.0542,-0.0591,0.1926,0.0119,-4.8235,0.8323,3.3232,105.1048,-55.3729,-115.3675
323453365,-0.0119,-0.0023,0.1378,0.0339,-0.2487,-0.0008,-0.0200,0.0026,0.0555,-0.0587,0.2578,0.0833,-5.3082,0.7795,3.3232,105.0742,-55.3693,-115.3467
323458364,-0.0112,-0.0020,0.1597,0.1093,-0.6082,0.0500,0.0248,-0.0500,0.0570,-0.0579,0.2990,0.1554,-5.7589,0.7795,3.8748,105.0326,-55.3662,-115.3224
323463365,-0.0101,-0.0014,0.2251,0.0742,-0.8043,0.0500,0.0116,-0.0500,0.0582,-0.0577,0.2373,0.0532,-5.7589,1.4124,3.8748,105.0096,-55.3484,-115.2982
323468365,-0.0090,-0.0007,0.2193,0.1133,-0.6837,0.0500,0.0191,-0.0500,0.0594,-0.0572,0.2356,0.0851,-5.7119,1.8992,3.9717,104.9762,-55.3314,-115.2816
323473364,-0.0077,-0.0002,0.2728,0.1396,-0.4500,0.0500,0.0140,-0.0500,0.0608,-0.0567,0.2891,0.1114,-5.1771,1.8992,3.9717,104.9645,-55.3200,-115.2568
323478364,-0.0063,0.0004,0.2752,0.1707,-0.4665,-0.0200,0.0199,0.0200,0.0623,-0.0560,0.2920,0.1417,-3.8400,1.9542,3.6058,104.9643,-55.3113,-115.2495
323483364,-0.0048,0.0015,0.2581,0.2132,-0.6217,-0.0200,0.0331,0.0200,0.0637,-0.0551,0.2811,0.1735,-3.1447,2.6694,2.6129,104.9642,-55.2816,-115.2500
323488364,-0.0038,0.0022,0.1646,0.1228,-0.5255,0.0389,0.0243,-0.0430,0.0649,-0.0545,0.2452,0.1129,-2.3425,2.6694,2.0049,104.9639,-55.2709,-115.2531
323493364,-0.0031,0.0024,0.1100,0.0327,-0.3944,0.0245,0.0083,-0.0177,0.0657,-0.0546,0.1669,-0.0069,-1.9147,2.7210,0.0676,104.9640,-55.2538,-115.2865
323498365,-0.0026,0.0025,0.0538,0.0046,-0.4464,0.0125,0.0093,-0.0046,0.0663,-0.0548,0.1042,-0.0380,-1.4333,2.9275,0.0676,104.9637,-55.2381,-115.2862
323503365,-0.0024,0.0024,0.0522,0.0339,-0.5942,0.0145,0.0171,-0.0089,0.0667,-0.0548,0.0975,-0.0097,-1.1659,2.9275,0.0000,104.9640,-55.2205,-115.2870
323508365,-0.0022,0.0026,0.0293,-0.0018,-0.6473,0.0078,0.0141,0.0500,0.0670,-0.0550,0.0437,-0.0476,0.7053,3.0730,0.0000,105.0000,-55.2056,-115.2870
323513364,-0.0020,0.0026,0.0089,-0.0186,-0.5249,0.0018,0.0111,0.0500,0.0671,-0.0554,0.0232,-0.0644,0.7053,3.0730,0.0000,105.0029,-55.1872,-115.2870
323518364,-0.0021,0.0023,-0.0443,-0.0715,-0.4351,-0.0500,0.0042,0.0500,0.0669,-0.0559,-0.0299,-0.1172,0.7053,3.0730,0.0000,105.0071,-55.1749,-115.2870
323523364,-0.0024,0.0018,-0.0812,-0.1249,-0.5276,-0.0500,-0.0500,0.0500,0.0667,-0.0568,-0.0548,-0.1707,0.7053,3.0730,0.0000,105.0099,-55.1565,-115.2870
323528364,-0.0029,0.0009,-0.1075,-0.2053,-0.3297,-0.0500,-0.0500,-0.0200,0.0661,-0.0578,-0.1075,-0.2053,0.7053,3.0730,0.0484,105.0141,-55.1442,-115.2860
323533365,-0.0038,-0.0004,-0.1518,-0.2767,-0.2759,-0.0500,-0.0500,-0.0200,0.0654,-0.0592,-0.1518,-0.2767,0.7053,3.0730,0.0484,105.0170,-55.1257,-115.2857
323538365,-0.0043,-0.0017,-0.1439,-0.2636,-0.2762,0.0200,-0.0500,0.0935,0.0646,-0.0605,-0.1434,-0.2629,0.7053,2.6509,0.0484,105.0212,-55.1225,-115.2855
323543364,-0.0050,-0.0027,-0.1368,-0.1414,-0.0884,0.0200,0.0200,0.0661,0.0640,-0.0611,-0.1220,-0.1157,0.7053,1.9651,1.7208,105.0240,-55.1225,-115.2452
323548364,-0.0058,-0.0037,-0.1720,-0.1570,-0.0688,-0.0636,0.0200,0.0785,0.0633,-0.0618,-0.1466,-0.1313,-0.6113,1.5958,1.7208,104.9976,-55.1228,-115.2387
323553365,-0.0068,-0.0044,-0.2431,-0.1457,-0.1993,-0.0831,-0.0010,0.0917,0.0623,-0.0624,-0.2068,-0.1358,-0.6113,1.1737,1.8316,104.9951,-55.1229,-115.2258
323558364,-0.0078,-0.0051,-0.1808,-0.0892,-0.3703,-0.0687,0.0500,0.0766,0.0616,-0.0628,-0.1382,-0.0620,-0.6113,0.9627,2.7730,104.9914,-55.1228,-115.1976
323563365,-0.0088,-0.0057,-0.1717,-0.0941,-0.4742,-0.0693,0.0500,0.0803,0.0609,-0.0630,-0.1306,-0.0409,-0.6113,0.6989,3.5542,104.9890,-55.1231,-115.1639
323568365,-0.0099,-0.0063,-0.1826,-0.1045,-0.3758,-0.0773,0.0500,0.0867,0.0602,-0.0632,-0.1372,-0.0467,-0.7182,0.5934,3.8580,104.9832,-55.1226,-115.1440
323573364,-0.0107,-0.0066,-0.1674,-0.0156,-0.2063,-0.0773,0.0500,0.0645,0.0597,-0.0629,-0.1013,0.0523,-1.5739,-1.5102,4.5397,104.9607,-55.1673,-115.1026
323578364,-0.0114,-0.0066,-0.1491,0.0638,-0.2237,-0.0749,-0.0200,0.0454,0.0593,-0.0622,-0.0768,0.1425,-1.5739,-1.3983,5.2568,104.9512,-55.1710,-115.0697
323583364,-0.0118,-0.0058,-0.0437,0.1869,-0.2326,-0.0479,-0.0200,0.0020,0.0596,-0.0608,0.0510,0.2764,-2.5153,-1.0068,5.9833,104.9252,-55.1704,-115.0197
323588365,-0.0116,-0.0049,0.0547,0.1900,-0.1449,-0.0235,0.0460,-0.0500,0.0604,-0.0593,0.1548,0.3005,-2.9583,-0.8390,6.5582,104.8988,-55.1708,-114.9842
323593365,-0.0110,-0.0039,0.1600,0.2254,-0.0743,0.0500,0.0351,-0.0500,0.0615,-0.0583,0.2306,0.2150,-3.7475,0.6858,7.0012,104.8692,-55.1423,-114.9328
323598365,-0.0100,-0.0027,0.2416,0.2392,-0.1397,0.0500,0.0321,-0.0500,0.0628,-0.0572,0.2552,0.2156,-3.9630,1.5827,7.2453,104.8424,-55.1190,-114.9013
323603364,-0.0086,-0.0014,0.2844,0.2413,-0.1742,0.0500,0.0295,-0.0500,0.0643,-0.0561,0.2980,0.2178,-4.0707,1.5827,6.7734,104.8240,-55.1095,-114.8664
323608364,-0.0072,-0.0001,0.3222,0.2868,-0.1137,0.0500,0.0355,0.0200,0.0660,-0.0548,0.3359,0.2633,-4.0707,1.5827,6.7734,104.7996,-55.1032,-114.8410
323613364,-0.0055,0.0012,0.3653,0.2819,-0.1272,-0.0200,0.0295,0.0200,0.0679,-0.0535,0.3835,0.2504,-3.7890,2.1182,5.5046,104.7891,-55.0811,-114.8267
323618365,-0.0036,0.0026,0.3549,0.2611,-0.1415,-0.0200,0.0307,-0.1062,0.0700,-0.0520,0.4126,0.2978,-2.7748,2.1182,4.5668,104.7898,-55.0726,-114.8266
323623364,-0.0019,0.0038,0.3091,0.2275,-0.1541,0.0794,0.0264,-0.0999,0.0720,-0.0509,0.4024,0.2321,-2.2677,2.9984,3.2980,104.7898,-55.0405,-114.8275
323628364,-0.0009,0.0045,0.1487,0.1252,-0.0924,0.0410,0.0238,-0.0613,0.0731,-0.0503,0.2277,0.1215,-1.7043,2.9984,2.7463,104.7892,-55.0285,-114.8272
323633365,-0.0002,0.0048,0.0892,0.0660,-0.0221,0.0269,0.0171,-0.0432,0.0739,-0.0500,0.1570,0.0500,-1.3662,3.1017,2.0292,104.7898,-55.0085,-114.8267
323638364,0.0001,0.0051,0.0819,0.0299,0.0118,0.0226,0.0109,-0.0339,0.0744,-0.0500,0.1056,0.0028,1.1848,3.4631,1.6430,104.8396,-54.9876,-114.8275
323643364,0.0004,0.0050,0.0916,0.0095,-0.0123,0.0263,0.0042,-0.0300,0.0750,-0.0501,0.1116,-0.0243,1.1848,3.4631,1.2017,104.8443,-54.9668,-114.8274
323648364,0.0009,0.0047,0.0626,-0.0657,-0.1049,0.0223,-0.0500,-0.0086,0.0754,-0.0506,0.0819,-0.1033,1.1848,3.5601,1.0362,104.8514,-54.9507,-114.8265
323653365,0.0011,0.0041,-0.0027,-0.1234,-0.1147,0.0041,-0.0500,0.0500,0.0753,-0.0512,-0.0166,-0.1121,1.1848,3.5601,0.7604,104.8562,-54.9293,-114.8266
323658365,0.0008,0.0033,-0.0910,-0.1805,-0.0609,-0.0500,-0.0500,0.0500,0.0747,-0.0521,-0.1218,-0.1805,1.7883,3.2245,0.5949,104.8760,-54.9221,-114.8273
323663364,0.0002,0.0021,-0.1536,-0.2685,-0.0756,-0.0500,-0.0500,0.0500,0.0739,-0.0534,-0.1536,-0.2685,1.7883,2.3855,0.4294,104.8831,-54.9221,-114.8274
323668364,-0.0010,0.0005,-0.2095,-0.3125,-0.1134,-0.0500,0.0200,0.0500,0.0729,-0.0550,-0.2095,-0.3125,1.7883,1.9380,0.3742,104.8938,-54.9223,-114.8269
323673364,-0.0021,-0.0013,-0.2437,-0.3094,-0.1165,-0.0500,0.0200,-0.0200,0.0717,-0.0566,-0.2437,-0.3094,1.7883,1.4346,0.2639,104.9010,-54.9222,-114.8272
323678364,-0.0035,-0.0027,-0.3158,-0.2477,-0.0881,0.0200,-0.0171,-0.0200,0.0701,-0.0579,-0.3054,-0.2657,1.7883,1.2109,0.2087,104.9117,-54.9214,-114.8273
323683365,-0.0052,-0.0039,-0.3268,-0.1820,-0.1113,0.0200,-0.0004,0.1059,0.0685,-0.0588,-0.3237,-0.1828,1.4186,0.2040,0.1536,104.9110,-54.9360,-114.8272
323688365,-0.0070,-0.0048,-0.3476,-0.1579,-0.1767,-0.1133,0.0500,0.1099,0.0668,-0.0595,-0.3461,-0.1389,-0.5107,-1.0666,0.2087,104.8741,-54.9634,-114.8254
323693364,-0.0087,-0.0056,-0.3030,-0.1533,-0.1712,-0.1082,0.0500,0.1101,0.0653,-0.0602,-0.2924,-0.1502,-0.5107,-1.0666,0.2087,104.8721,-54.9698,-114.8241
323698365,-0.0103,-0.0063,-0.2853,-0.1555,-0.1076,-0.1107,0.0500,0.1130,0.0639,-0.0610,-0.2747,-0.1524,-0.5107,-1.0666,0.2087,104.8690,-54.9740,-114.8233
323703365,-0.0114,-0.0072,-0.2547,-0.1326,-0.0658,-0.1068,0.0500,0.1070,0.0628,-0.0616,-0.2264,-0.1099,-0.8877,-1.0666,1.5164,104.8593,-54.9804,-114.7937
323708364,-0.0128,-0.0079,-0.2718,-0.0889,-0.1000,-0.1146,-0.0200,0.1042,0.0617,-0.0619,-0.2248,-0.0612,-1.8032,-1.0666,1.8554,104.8312,-54.9847,-114.7801
323713365,-0.0141,-0.0084,-0.2584,-0.0486,-0.1672,-0.1152,-0.0200,0.0975,0.0607,-0.0619,-0.2024,-0.0052,-1.8032,-0.1454,2.9006,104.8240,-54.9716,-114.7452
323718364,-0.0153,-0.0085,-0.2016,-0.0070,-0.0175,-0.1056,0.0245,0.0817,0.0601,-0.0617,-0.1209,0.0305,-3.0427,0.3878,2.9006,104.7853,-54.9598,-114.7343
323723365,-0.0156,-0.0084,-0.0321,0.0363,-0.0682,-0.0624,0.0148,0.0502,0.0604,-0.0613,0.0654,0.0904,-3.4659,0.3878,4.0082,104.7645,-54.9575,-114.6893
323728365,-0.0155,-0.0081,0.0538,0.0721,-0.1724,-0.0370,0.0137,0.0299,0.0613,-0.0606,0.1783,0.1400,-4.5714,0.3878,4.9359,104.7185,-54.9560,-114.6535
323733365,-0.0149,-0.0078,0.1329,0.1167,-0.1788,-0.0131,0.0121,0.0078,0.0627,-0.0597,0.2794,0.1732,-4.7319,1.8980,5.6700,104.6964,-54.9189,-114.6048
323738364,-0.0140,-0.0071,0.1985,0.1704,-0.1159,0.0500,0.0149,-0.0500,0.0645,-0.0585,0.3665,0.2359,-5.6733,1.8980,6.2768,104.6454,-54.9113,-114.5705
323743364,-0.0129,-0.0062,0.2566,0.2263,-0.0652,0.0500,0.0197,-0.0500,0.0659,-0.0575,0.2728,0.1982,-6.0911,1.8980,6.6159,104.6134,-54.8999,-114.5237
323748364,-0.0115,-0.0050,0.3109,0.2511,-0.0841,0.0500,0.0200,-0.0500,0.0675,-0.0564,0.3272,0.2229,-5.7680,1.8980,6.5636,104.5838,-54.8923,-114.4999
323753364,-0.0098,-0.0035,0.3613,0.2611,-0.1278,0.0500,0.0172,-0.0500,0.0694,-0.0553,0.3822,0.2251,-5.7680,2.4256,6.3023,104.5607,-54.8698,-114.4656
323758364,-0.0078,-0.0022,0.4023,0.2450,-0.1137,-0.0200,0.0091,0.0200,0.0716,-0.0543,0.4231,0.2089,-5.1482,2.4256,5.7485,104.5392,-54.8601,-114.4535
323763365,-0.0057,-0.0011,0.3952,0.2126,-0.0698,-0.0200,0.0020,0.0200,0.0736,-0.0534,0.4161,0.1765,-4.1904,2.4256,4.1979,104.5397,-54.8455,-114.4535
323768364,-0.0039,-0.0004,0.3015,0.1301,-0.0615,0.0688,-0.0500,-0.0612,0.0757,-0.0526,0.4052,0.1473,-3.1198,2.3282,3.4779,104.5393,-54.8378,-114.4534
323773364,-0.0026,0.0001,0.2282,0.0846,-0.0487,0.0526,-0.0500,-0.0465,0.0771,-0.0520,0.2940,0.1224,-2.5564,2.0362,2.5365,104.5393,-54.8310,-114.4534
323778364,-0.0015,0.0004,0.1720,0.0489,-0.0520,0.0398,-0.0500,-0.0329,0.0781,-0.0516,0.1986,0.0801,-0.4975,2.0362,2.0934,104.5700,-54.8228,-114.4535
323783364,-0.0006,0.0003,0.1445,0.0208,-0.0869,0.0354,-0.0500,-0.0233,0.0789,-0.0514,0.1494,0.0437,0.4847,2.0362,1.5396,104.5902,-54.8106,-114.4531
323788364,-0.0000,0.0001,0.1035,-0.0003,-0.1290,0.0278,0.0200,-0.0129,0.0794,-0.0513,0.1061,0.0185,0.4847,2.0362,1.2627,104.5931,-54.8025,-114.4534
323793365,0.0006,-0.0000,0.0794,-0.0269,-0.1715,0.0245,0.0200,-0.0039,0.0798,-0.0514,0.0791,-0.0130,0.4847,1.3907,0.9304,104.5950,-54.8037,-114.4531
323798364,0.0010,-0.0002,0.0504,-0.0559,-0.1635,0.0185,-0.0181,0.0500,0.0800,-0.0516,0.0474,-0.0423,0.4847,-0.1460,0.7643,104.5980,-54.8323,-114.4532
323803365,0.0010,-0.0006,-0.0342,-0.0971,-0.1180,-0.0500,-0.0180,0.0500,0.0797,-0.0521,-0.0667,-0.0913,1.6917,-0.3894,0.5428,104.6268,-54.8394,-114.4535
323808365,0.0007,-0.0014,-0.1121,-0.1387,-0.1363,-0.0500,-0.0199,0.0500,0.0791,-0.0527,-0.1154,-0.1329,1.6917,-0.3894,0.4874,104.6370,-54.8409,-114.4526
323813364,-0.0001,-0.0022,-0.2074,-0.1542,-0.0472,-0.0500,-0.0138,0.0500,0.0781,-0.0535,-0.2107,-0.1484,1.6917,-0.3894,0.3213,104.6437,-54.8433,-114.4534
323818364,-0.0015,-0.0031,-0.3155,-0.1555,-0.0233,-0.0500,-0.0012,-0.0200,0.0765,-0.0542,-0.3189,-0.1497,1.6917,-0.3894,0.2659,104.6539,-54.8448,-114.4533
323823364,-0.0031,-0.0040,-0.3714,-0.1350,-0.1168,0.0200,0.0500,-0.0200,0.0745,-0.0548,-0.3856,-0.1103,1.6917,-1.6556,0.2105,104.6607,-54.8781,-114.4529
323828364,-0.0049,-0.0046,-0.3891,-0.0977,-0.2179,0.0200,0.0500,0.0985,0.0726,-0.0552,-0.3868,-0.0938,1.3595,-1.6556,0.2659,104.6633,-54.8847,-114.4509
323833365,-0.0069,-0.0051,-0.3870,-0.0434,-0.2689,-0.1221,0.0500,0.0930,0.0706,-0.0554,-0.3963,-0.0394,0.6737,-1.6556,0.2659,104.6542,-54.8947,-114.4492
323838364,-0.0089,-0.0053,-0.3961,-0.0128,-0.2432,-0.1311,0.0500,0.0912,0.0687,-0.0555,-0.3794,-0.0074,-0.7892,-1.6556,0.3635,104.6228,-54.9013,-114.4463
323843364,-0.0110,-0.0054,-0.3827,-0.0174,-0.1473,-0.1363,-0.0200,0.0917,0.0670,-0.0554,-0.3526,0.0114,-0.7892,-1.3918,1.9259,104.6197,-54.9059,-114.4062
323848365,-0.0128,-0.0054,-0.3519,-0.0202,-0.0789,-0.1364,-0.0200,0.0909,0.0654,-0.0554,-0.3217,0.0086,-0.7892,0.2638,1.9259,104.6149,-54.8744,-114.3990
323853364,-0.0145,-0.0055,-0.3112,-0.0308,-0.0930,-0.1310,0.0439,0.0907,0.0641,-0.0553,-0.2591,0.0042,-1.4355,0.4221,2.7649,104.5984,-54.8688,-114.3674
323858364,-0.0161,-0.0056,-0.2926,-0.0089,0.0103,-0.1335,0.0472,0.0859,0.0629,-0.0552,-0.2318,0.0240,-1.8663,0.5681,2.7649,104.5788,-54.8642,-114.3570
323863364,-0.0173,-0.0058,-0.2553,0.0278,0.0442,-0.1271,0.0507,0.0747,0.0621,-0.0549,-0.1620,0.0575,-2.6551,1.7851,3.7579,104.5549,-54.8311,-114.3162
323868364,-0.0184,-0.0056,-0.1915,0.0638,0.0234,-0.1129,0.0532,0.0587,0.0618,-0.0544,-0.0682,0.1072,-3.9332,1.7851,4.6781,104.5097,-54.8239,-114.2820
323873365,-0.0192,-0.0053,-0.1179,0.0782,-0.0545,-0.0944,0.0497,0.0468,0.0619,-0.0538,0.0314,0.1195,-4.5832,2.7203,5.4620,104.4797,-54.7934,-114.2343
323878364,-0.0194,-0.0050,-0.0113,0.0751,-0.1516,-0.0654,0.0381,0.0331,0.0627,-0.0532,0.1624,0.1263,-5.6718,2.7203,6.1266,104.4273,-54.7825,-114.1998
323883364,-0.0191,-0.0045,0.0849,0.1048,-0.1345,-0.0384,0.0318,0.0118,0.0641,-0.0524,0.2845,0.1501,-6.4398,3.6498,6.6636,104.3876,-54.7459,-114.1496
323888364,-0.0184,-0.0041,0.1616,0.1387,-0.0261,-0.0162,0.0280,-0.0500,0.0660,-0.0515,0.3792,0.1894,-7.3033,3.6498,7.0307,104.3288,-54.7313,-114.1168
323893364,-0.0175,-0.0034,0.1973,0.1900,0.0081,-0.0075,0.0289,-0.0500,0.0679,-0.0508,0.3687,0.1258,-7.8104,4.2800,6.9755,104.2892,-54.6937,-114.0740
323898365,-0.0165,-0.0023,0.2291,0.2098,-0.0258,0.0500,0.0306,-0.0500,0.0699,-0.0502,0.4093,0.1374,-8.0455,4.8394,6.9755,104.2373,-54.6643,-114.0478
323903365,-0.0151,-0.0012,0.2853,0.1998,-0.0563,0.0500,0.0280,-0.0500,0.0716,-0.0495,0.3283,0.1257,-7.6176,4.9976,6.5396,104.2139,-54.6321,-114.0146
323908364,-0.0134,-0.0005,0.3748,0.1268,-0.0771,0.0500,-0.0003,0.0200,0.0737,-0.0493,0.4205,0.0479,-7.5106,5.3142,6.0693,104.1709,-54.6046,-113.9998
323913365,-0.0113,0.0001,0.3855,0.0932,-0.0908,0.0500,-0.0500,0.0200,0.0758,-0.0492,0.4321,0.0128,-6.4585,5.4115,4.4492,104.1636,-54.5705,-113.9994
323918364,-0.0092,0.0005,0.3830,0.0513,-0.0704,-0.0200,-0.0500,-0.0464,0.0779,-0.0487,0.4146,0.1062,-4.7419,5.4115,3.6652,104.1645,-54.5489,-113.9999
323923365,-0.0072,0.0007,0.3693,0.0195,-0.0188,-0.0200,-0.0500,-0.0418,0.0799,-0.0484,0.3923,0.0595,-3.9113,5.4115,2.6723,104.1637,-54.5164,-113.9999
323928364,-0.0054,0.0006,0.3366,-0.0431,0.0093,0.0680,-0.0500,-0.0290,0.0819,-0.0484,0.4052,-0.0095,-2.8591,5.2050,2.2542,104.1645,-54.4990,-113.9990
323933365,-0.0037,0.0003,0.3173,-0.0788,0.0057,0.0691,0.0200,-0.0201,0.0838,-0.0487,0.3720,-0.0546,-2.3608,3.8108,1.6270,104.1640,-54.5000,-113.9996
323938364,-0.0022,-0.0003,0.2685,-0.0812,-0.0475,0.0626,0.0200,-0.0129,0.0853,-0.0490,0.3104,-0.0609,-1.7516,3.1395,1.3657,104.1639,-54.4994,-113.9992
323943365,-0.0009,-0.0010,0.2028,-0.1023,-0.1528,0.0533,-0.0506,0.0500,0.0866,-0.0496,0.2558,-0.1219,-1.4194,2.3133,0.9999,104.1642,-54.4997,-113.9992
323948364,-0.0001,-0.0014,0.1213,-0.0901,-0.1965,0.0352,-0.0404,0.0500,0.0874,-0.0502,0.1554,-0.1184,-1.0318,1.9002,0.8431,104.1646,-54.4995,-113.9990
323953364,0.0002,-0.0022,0.0241,-0.1466,-0.2542,0.0123,-0.0421,0.0500,0.0876,-0.0511,0.0509,-0.1672,-0.8656,1.3839,0.5818,104.1641,-54.4999,-113.9998
323958364,0.0001,-0.0029,-0.0434,-0.1671,-0.1983,-0.0500,-0.0396,0.0500,0.0874,-0.0520,-0.0429,-0.1839,0.5348,1.1257,0.4773,104.1891,-54.5000,-113.9998
323963364,-0.0001,-0.0039,-0.0922,-0.1903,-0.1049,-0.0500,-0.0410,-0.0200,0.0869,-0.0529,-0.0970,-0.1821,1.6579,-0.5501,0.3728,104.2167,-54.5304,-113.9993
323968364,-0.0008,-0.0049,-0.1710,-0.1646,-0.0255,-0.0500,-0.0277,-0.0200,0.0860,-0.0536,-0.1814,-0.1466,1.6579,-1.2103,0.3728,104.2266,-54.5480,-113.9980
323973365,-0.0018,-0.0056,-0.2508,-0.1219,0.0310,-0.0500,-0.0094,0.0796,0.0847,-0.0541,-0.2579,-0.0983,0.9627,-1.2103,0.3728,104.2188,-54.5552,-113.9956
323978364,-0.0032,-0.0063,-0.3030,-0.0910,-0.0291,0.0200,0.0500,0.0854,0.0832,-0.0544,-0.3102,-0.0674,0.4813,-1.2103,0.3728,104.2128,-54.5601,-113.9942
323983364,-0.0049,-0.0067,-0.3451,-0.0327,-0.1977,0.0200,0.0500,0.0859,0.0815,-0.0546,-0.3419,-0.0271,0.4279,-2.2326,0.3728,104.2136,-54.5903,-113.9919
323988364,-0.0066,-0.0070,-0.3235,-0.0043,-0.3037,-0.1025,0.0500,0.0803,0.0799,-0.0545,-0.3036,0.0253,-0.1661,-2.2326,1.9788,104.2033,-54.5993,-113.9556
323993364,-0.0082,-0.0070,-0.3231,0.0452,-0.3071,-0.1063,0.0500,0.0715,0.0786,-0.0541,-0.2713,0.0772,-1.9381,-2.2326,2.1449,104.1638,-54.6126,-113.9389
323998364,-0.0097,-0.0071,-0.3317,0.0165,-0.1541,-0.1159,-0.0200,0.0793,0.0772,-0.0538,-0.2739,0.0573,-1.9935,-2.2326,2.7308,104.1507,-54.6216,-113.9187
324003365,-0.0113,-0.0067,-0.3280,0.0605,-0.0572,-0.1222,-0.0200,0.0688,0.0759,-0.0532,-0.2641,0.1119,-1.9935,-0.1352,3.4396,104.1428,-54.5865,-113.8854
324008364,-0.0128,-0.0066,-0.2773,0.0367,-0.0417,-0.1151,0.0472,0.0695,0.0749,-0.0527,-0.2042,0.0956,-2.3649,-0.0866,3.8591,104.1230,-54.5860,-113.8628
324013365,-0.0142,-0.0064,-0.2355,0.0782,0.0445,-0.1105,0.0538,0.0550,0.0741,-0.0520,-0.1562,0.1479,-2.3649,-0.0866,4.5763,104.1136,-54.5865,-113.8232
324018364,-0.0153,-0.0060,-0.2596,0.1332,0.1697,-0.1205,0.0684,0.0456,0.0733,-0.0511,-0.1490,0.1814,-3.1727,1.6504,4.8669,104.0805,-54.5495,-113.8002
324023365,-0.0162,-0.0055,-0.2013,0.1396,0.1388,-0.1072,0.0662,0.0357,0.0730,-0.0501,-0.0699,0.2005,-3.7361,1.8704,5.9299,104.0562,-54.5339,-113.7452
324028364,-0.0172,-0.0047,-0.1775,0.1512,0.0399,-0.1021,0.0710,0.0296,0.0729,-0.0490,-0.0224,0.2120,-5.1083,1.8704,5.9299,104.0024,-54.5264,-113.7230
324033365,-0.0179,-0.0041,-0.1078,0.1185,-0.0701,-0.0842,0.0587,0.0281,0.0732,-0.0482,0.0717,0.1752,-5.8441,2.6966,6.4772,103.9664,-54.4978,-113.6724
324038364,-0.0182,-0.0037,-0.0293,0.0996,-0.1388,-0.0634,0.0474,0.0213,0.0741,-0.0474,0.1693,0.1613,-6.7817,2.6966,6.8189,103.9109,-54.4870,-113.6402
324043365,-0.0181,-0.0032,0.0547,0.1292,-0.0319,-0.0416,0.0418,0.0010,0.0755,-0.0464,0.2730,0.1811,-7.4316,3.5208,6.9762,103.8698,-54.4511,-113.5937
324048365,-0.0178,-0.0021,0.0767,0.2532,0.0057,-0.0344,0.0668,-0.0500,0.0770,-0.0450,0.3077,0.2843,-7.9163,4.4716,6.5349,103.8137,-54.4161,-113.5766
324053364,-0.0174,-0.0009,0.1029,0.2880,0.0640,-0.0300,0.0680,-0.0500,0.0785,-0.0440,0.2952,0.2077,-8.4797,5.3685,5.8729,103.7691,-54.3702,-113.5525
324058365,-0.0168,0.0006,0.1365,0.2841,0.0946,-0.0188,0.0656,-0.0500,0.0802,-0.0430,0.3405,0.1964,-8.9158,5.8553,5.5823,103.7078,-54.3387,-113.5364
324063364,-0.0159,0.0019,0.2114,0.2569,0.0802,0.0500,0.0523,-0.0500,0.0823,-0.0422,0.4214,0.1588,-8.9158,6.5642,4.0809,103.6722,-54.2881,-113.5364
324068365,-0.0148,0.0031,0.2443,0.2144,0.0701,0.0500,0.0461,0.0200,0.0838,-0.0417,0.3054,0.1095,-8.7480,7.0805,3.3544,103.6216,-54.2512,-113.5370
324073364,-0.0133,0.0039,0.2572,0.1564,0.1107,0.0500,0.0306,0.0200,0.0854,-0.0414,0.3225,0.0441,-8.5865,7.5685,2.4827,103.5899,-54.1977,-113.5362
324078365,-0.0119,0.0045,0.2642,0.0965,0.2039,0.0500,0.0158,-0.0461,0.0872,-0.0414,0.3501,0.0099,-8.1018,7.9041,2.0468,103.5507,-54.1601,-113.5365
324083364,-0.0107,0.0049,0.2526,0.0458,0.2653,-0.0200,0.0028,-0.0362,0.0888,-0.0417,0.3303,-0.0646,-7.0876,8.2206,0.7767,103.5398,-54.1055,-113.5516
324088365,-0.0094,0.0048,0.2654,-0.0312,0.2290,-0.0200,-0.0500,-0.0213,0.0905,-0.0425,0.3326,-0.1614,-5.2846,8.2693,-0.4965,103.5390,-54.0716,-113.5769
324093365,-0.0082,0.0040,0.2602,-0.1665,0.1810,0.0354,-0.0500,0.0015,0.0921,-0.0434,0.3303,-0.1741,-4.3268,8.1593,-0.4965,103.5390,-54.0245,-113.5800
324098365,-0.0069,0.0030,0.2306,-0.2205,0.2684,0.0306,-0.0500,0.0500,0.0935,-0.0445,0.2814,-0.2281,-3.2000,7.7978,-0.4965,103.5392,-53.9992,-113.5818
324103365,-0.0059,0.0017,0.1750,-0.2718,0.2870,0.0201,-0.0500,0.0500,0.0946,-0.0459,0.2194,-0.2719,-2.5802,6.9716,-0.4965,103.5400,-53.9730,-113.5849
324108364,-0.0051,0.0001,0.1329,-0.3497,0.2054,0.0129,0.0200,0.0500,0.0955,-0.0476,0.1656,-0.3498,-1.9041,6.1475,-0.2758,103.5400,-53.9625,-113.5823
324113365,-0.0046,-0.0018,0.0736,-0.3946,0.1315,0.0003,0.0200,0.0500,0.0960,-0.0496,0.1006,-0.3947,-1.5660,4.5476,0.0552,103.5397,-53.9625,-113.5755
324118364,-0.0043,-0.0040,0.0409,-0.4181,0.1502,-0.0500,-0.1093,-0.0200,0.0964,-0.0520,0.0931,-0.4736,-1.1716,3.7235,0.0552,103.5394,-53.9624,-113.5753
324123365,-0.0040,-0.0062,0.0217,-0.3858,0.1944,-0.0500,-0.1063,-0.0200,0.0967,-0.0541,0.0453,-0.4268,-0.9462,2.7539,1.0238,103.5397,-53.9623,-113.5545
324128364,-0.0039,-0.0079,-0.0055,-0.2938,0.2018,-0.0500,-0.0873,0.0964,0.0968,-0.0556,0.0293,-0.3007,-0.7209,2.2691,1.7987,103.5392,-53.9620,-113.5330
324133365,-0.0040,-0.0093,-0.0510,-0.2388,0.1318,-0.0500,-0.0719,0.0944,0.0968,-0.0567,-0.0114,-0.2199,-0.5518,1.6873,2.9485,103.5400,-53.9619,-113.4960
324138364,-0.0042,-0.0104,-0.0886,-0.2309,0.2351,0.0200,-0.0697,0.1002,0.0965,-0.0578,-0.0519,-0.2069,-0.4391,1.3479,2.9485,103.5393,-53.9626,-113.4849
324143365,-0.0046,-0.0114,-0.0819,-0.2138,0.3322,0.0200,-0.0691,0.0976,0.0962,-0.0586,-0.0552,-0.1723,-0.3265,0.1729,2.9485,103.5400,-53.9799,-113.4665
324148365,-0.0050,-0.0126,-0.0959,-0.1939,0.2057,-0.0448,-0.0636,0.1005,0.0959,-0.0593,-0.0684,-0.1326,-0.3265,-0.7746,3.3361,103.5381,-54.0005,-113.4469
324153364,-0.0056,-0.0135,-0.1222,-0.1249,0.0857,-0.0521,-0.0456,0.0944,0.0954,-0.0596,-0.0938,-0.0621,-0.3265,-0.7746,3.4338,103.5368,-54.0051,-113.4241
324158364,-0.0062,-0.0137,-0.1500,0.0024,0.0903,-0.0621,-0.0121,0.0707,0.0948,-0.0591,-0.1273,0.0898,-0.3265,-1.9298,3.9220,103.5348,-54.0328,-113.3999
324163364,-0.0069,-0.0135,-0.1353,0.0910,0.1477,-0.0616,0.0500,0.0482,0.0942,-0.0582,-0.1106,0.1967,-0.3265,-2.4249,4.6561,103.5335,-54.0569,-113.3577
324168365,-0.0077,-0.0128,-0.1390,0.1793,0.1957,-0.0638,0.0500,0.0284,0.0938,-0.0569,-0.0813,0.2605,-0.6556,-3.4959,5.4285,103.5248,-54.0907,-113.3236
324173365,-0.0085,-0.0119,-0.1344,0.2190,0.0940,-0.0627,0.0500,0.0171,0.0936,-0.0553,-0.0510,0.3110,-1.7841,-3.4959,6.1549,103.4969,-54.1116,-113.2730
324178365,-0.0091,-0.0109,-0.0938,0.2162,0.0176,-0.0536,0.0500,0.0105,0.0935,-0.0537,-0.0054,0.3169,-1.7841,-3.4431,6.7298,103.4862,-54.1245,-113.2370
324183364,-0.0095,-0.0098,-0.0635,0.2602,0.2210,-0.0487,-0.0200,-0.0500,0.0937,-0.0519,0.0429,0.3666,-2.6398,-3.4431,7.1175,103.4600,-54.1452,-113.1861
324188365,-0.0094,-0.0084,0.0418,0.3235,0.1874,-0.0260,-0.0200,-0.0500,0.0942,-0.0503,0.0874,0.3233,-2.6398,-2.2825,7.2151,103.4441,-54.1376,-113.1575
324193365,-0.0089,-0.0067,0.1179,0.3708,0.1221,-0.0037,0.0580,-0.0500,0.0950,-0.0483,0.1706,0.3881,-3.6366,-1.1746,6.6383,103.4126,-54.1218,-113.1244
324198364,-0.0081,-0.0049,0.1949,0.3720,0.1217,0.0500,0.0529,-0.0500,0.0963,-0.0464,0.2502,0.3846,-3.6366,-0.8580,6.6383,103.3908,-54.1215,-113.1003
324203364,-0.0071,-0.0031,0.2288,0.3567,0.2580,0.0500,0.0501,0.0200,0.0974,-0.0446,0.2228,0.3672,-4.0080,-0.6998,5.7557,103.3680,-54.1215,-113.0769
324208364,-0.0060,-0.0015,0.2517,0.3351,0.4238,0.0500,0.0435,0.0200,0.0986,-0.0429,0.2470,0.3431,-4.0080,-0.5415,4.8179,103.3439,-54.1220,-113.0765
324213364,-0.0048,-0.0001,0.2767,0.3057,0.4443,0.0500,0.0373,-0.1015,0.1002,-0.0411,0.3085,0.3550,-3.4694,0.1947,3.4939,103.3395,-54.1087,-113.0768
324218364,-0.0033,0.0013,0.2654,0.2605,0.3475,-0.0200,0.0303,-0.0953,0.1017,-0.0397,0.3008,0.2855,-2.5539,1.2170,2.8871,103.3398,-54.0823,-113.0773
324223365,-0.0020,0.0027,0.2251,0.2709,0.2729,-0.0200,0.0402,-0.0980,0.1030,-0.0382,0.2538,0.2843,-2.0692,1.2170,2.1148,103.3402,-54.0775,-113.0769
324228364,-0.0011,0.0038,0.1365,0.2440,0.4690,0.0291,0.0422,-0.0893,0.1040,-0.0371,0.2015,0.2336,-1.6384,2.4823,1.7838,103.3396,-54.0418,-113.0767
324233364,-0.0007,0.0047,0.0504,0.1414,0.6190,0.0044,0.0317,-0.0599,0.1044,-0.0364,0.0830,0.1236,0.0000,2.4823,1.2873,103.3664,-54.0319,-113.0768
324238364,-0.0004,0.0053,0.0706,0.1020,0.6062,0.0094,0.0220,-0.0546,0.1048,-0.0361,0.0856,0.0677,0.4642,2.4823,0.1834,103.3772,-54.0170,-113.0958
324243364,0.0001,0.0056,0.0641,0.0776,0.4861,0.0109,0.0173,-0.0469,0.1052,-0.0360,0.0725,0.0133,0.4642,3.1019,-1.2061,103.3800,-53.9932,-113.1286
324248365,0.0005,0.0057,0.0403,0.0250,0.4027,0.0077,0.0095,-0.0327,0.1054,-0.0362,0.0487,-0.0392,0.4642,3.1019,-1.2061,103.3818,-53.9746,-113.1328
324253365,0.0004,0.0056,-0.0489,-0.0525,0.4767,-0.0500,0.0015,-0.0031,0.1052,-0.0369,-0.0485,-0.1364,0.4642,3.2959,-2.3290,103.3846,-53.9581,-113.1684
324258364,-0.0001,0.0050,-0.1234,-0.1249,0.5237,-0.0500,-0.0500,0.0500,0.1046,-0.0380,-0.1150,-0.2088,0.4642,3.2959,-2.3290,103.3865,-53.9383,-113.1763
324263364,-0.0009,0.0040,-0.1558,-0.2288,0.3896,-0.0500,-0.0500,0.0500,0.1038,-0.0391,-0.1558,-0.2288,0.4642,3.2959,-2.3844,103.3893,-53.9251,-113.1928
324268364,-0.0019,0.0026,-0.1820,-0.3097,0.2870,-0.0500,-0.0500,0.0500,0.1029,-0.0407,-0.1820,-0.3097,0.4642,2.5687,-2.7720,103.3911,-53.9218,-113.2101
324273364,-0.0029,0.0008,-0.1885,-0.3665,0.3670,0.0200,-0.0500,0.0500,0.1020,-0.0425,-0.1885,-0.3665,0.4642,2.1213,-2.7720,103.3939,-53.9214,-113.2281
324278365,-0.0036,-0.0011,-0.1814,-0.3769,0.5591,0.0200,0.0200,-0.0200,0.1011,-0.0444,-0.1814,-0.3769,0.4642,1.5619,-2.3844,103.3958,-53.9217,-113.2299
324283364,-0.0045,-0.0030,-0.2144,-0.3241,0.4489,-0.0769,0.0200,-0.0200,0.1000,-0.0460,-0.2040,-0.3241,-0.6035,1.2823,-0.6122,103.3757,-53.9217,-113.2022
324288365,-0.0056,-0.0045,-0.2217,-0.2489,0.2922,-0.0819,-0.0341,0.1048,0.0989,-0.0472,-0.2223,-0.2435,-0.6499,-0.8726,-0.5015,103.3722,-53.9626,-113.2019
324293364,-0.0067,-0.0058,-0.2089,-0.2074,0.3371,-0.0831,-0.0287,0.0988,0.0979,-0.0481,-0.2002,-0.1857,-0.6499,-0.8726,0.5859,103.3683,-53.9661,-113.1818
324298364,-0.0078,-0.0068,-0.2040,-0.1533,0.4983,-0.0874,-0.0204,0.0887,0.0970,-0.0487,-0.1869,-0.1170,-0.6499,-0.8726,1.5623,103.3657,-53.9713,-113.1581
324303364,-0.0088,-0.0077,-0.1851,-0.1503,0.4785,-0.0858,-0.0223,0.0898,0.0962,-0.0492,-0.1564,-0.1002,-1.7809,-1.8021,1.5623,103.3364,-53.9944,-113.1495
324308364,-0.0098,-0.0083,-0.1762,-0.1390,0.3349,-0.0858,-0.0191,0.0921,0.0955,-0.0497,-0.1493,-0.0859,-1.7809,-2.0086,1.5623,103.3292,-54.0105,-113.1401
324313365,-0.0106,-0.0090,-0.1545,-0.0901,0.2167,-0.0801,-0.0109,0.0828,0.0949,-0.0498,-0.1022,-0.0284,-2.9641,-2.0086,2.1392,103.2934,-54.0186,-113.1210
324318365,-0.0112,-0.0095,-0.1029,-0.0480,0.2290,-0.0694,-0.0090,0.0697,0.0947,-0.0497,-0.0477,0.0137,-3.1331,-2.0086,2.1392,103.2775,-54.0306,-113.1082
324323364,-0.0116,-0.0091,-0.0666,0.1304,0.4104,-0.0632,0.0500,0.0222,0.0947,-0.0487,0.0016,0.2026,-4.0735,-2.5588,2.3047,103.2360,-54.0513,-113.0963
324328365,-0.0113,-0.0084,0.0699,0.1817,0.3123,-0.0234,0.0500,-0.0500,0.0956,-0.0476,0.1777,0.2275,-4.7153,-2.5588,3.0770,103.2052,-54.0667,-113.0631
324333365,-0.0108,-0.0074,0.1310,0.2175,0.2549,-0.0062,0.0500,-0.0500,0.0967,-0.0465,0.2268,0.2171,-5.5459,-2.5588,3.8519,103.1589,-54.0769,-113.0344
324338365,-0.0100,-0.0064,0.1924,0.2233,0.2922,0.0500,0.0500,-0.0500,0.0982,-0.0454,0.2937,0.2229,-5.8709,-2.2667,3.8519,103.1301,-54.0861,-113.0113
324343364,-0.0088,-0.0055,0.2486,0.2453,0.3566,0.0500,-0.0200,-0.0500,0.0994,-0.0441,0.2486,0.2453,-6.1718,-1.8773,4.0087,103.0880,-54.0867,-112.9924
324348365,-0.0073,-0.0043,0.2981,0.2874,0.3722,0.0500,-0.0200,0.0200,0.1009,-0.0427,0.2981,0.2874,-6.1718,-1.3904,4.0087,103.0633,-54.0866,-112.9684
324353364,-0.0057,-0.0029,0.3167,0.3338,0.2735,0.0500,0.0324,0.0200,0.1025,-0.0410,0.3069,0.3509,-5.5520,-1.1470,3.9533,103.0393,-54.0868,-112.9535
324358364,-0.0040,-0.0011,0.3134,0.3390,0.2195,-0.0200,0.0386,-0.1078,0.1041,-0.0390,0.3262,0.3868,-4.5378,-0.8550,2.3449,103.0394,-54.0868,-112.9656
324363365,-0.0025,0.0006,0.2770,0.3186,0.3145,-0.0200,0.0385,-0.1064,0.1055,-0.0374,0.2805,0.3326,-3.3546,-0.2688,0.6726,103.0395,-54.0780,-112.9929
324368364,-0.0012,0.0020,0.2208,0.2682,0.4962,0.0489,0.0305,-0.0983,0.1069,-0.0361,0.2815,0.2523,-2.7348,1.3203,0.2545,103.0397,-54.0411,-112.9994
324373365,-0.0007,0.0027,0.0702,0.1121,0.4828,0.0123,0.0173,-0.0480,0.1075,-0.0356,0.1188,0.0954,-2.0587,1.3203,0.2022,103.0390,-54.0359,-112.9995
324378364,-0.0006,0.0031,0.0278,0.0559,0.5072,0.0014,0.0114,-0.0322,0.1079,-0.0354,0.0691,0.0384,-1.6643,1.3203,0.1499,103.0395,-54.0279,-112.9995
324383365,-0.0004,0.0034,0.0073,0.0327,0.5631,-0.0500,0.0085,-0.0252,0.1080,-0.0354,0.0337,0.0029,-1.2136,1.3203,-0.6781,103.0399,-54.0227,-113.0162
324388365,-0.0003,0.0033,-0.0031,0.0382,0.5759,-0.0500,0.0107,-0.0233,0.1080,-0.0354,-0.0050,-0.0046,-0.9882,1.3203,-1.5498,103.0399,-54.0147,-113.0419
324393365,-0.0004,0.0033,-0.0657,-0.0107,0.4928,-0.0500,0.0090,-0.0033,0.1077,-0.0357,-0.0676,-0.0535,-0.7628,1.3203,-1.5498,103.0392,-54.0095,-113.0481
324398365,-0.0008,0.0031,-0.1127,-0.0519,0.4195,-0.0500,0.0064,0.0500,0.1070,-0.0363,-0.1237,-0.1104,-0.5938,1.3203,-2.5980,103.0398,-54.0015,-113.0815
324403364,-0.0016,0.0027,-0.1842,-0.0980,0.4000,0.0200,0.0076,0.0500,0.1062,-0.0368,-0.1741,-0.1154,-0.4248,1.1654,-2.5980,103.0400,-53.9995,-113.0919
324408365,-0.0025,0.0020,-0.2068,-0.1573,0.3759,0.0200,-0.0500,0.0500,0.1052,-0.0377,-0.1994,-0.1700,-0.4248,0.8556,-2.5980,103.0384,-53.9997,-113.1075
324413365,-0.0038,0.0010,-0.2172,-0.1872,0.3768,-0.0739,-0.0500,0.0500,0.1041,-0.0386,-0.2099,-0.1872,-0.4248,0.7007,-2.5980,103.0358,-53.9996,-113.1179
324418364,-0.0048,-0.0001,-0.1674,-0.1933,0.5402,-0.0675,-0.0500,-0.0200,0.1033,-0.0396,-0.1601,-0.1934,-0.4248,0.5458,-2.1785,103.0341,-53.9990,-113.1243
324423364,-0.0058,-0.0009,-0.1662,-0.1637,0.5573,-0.0694,-0.0500,-0.0200,0.1027,-0.0404,-0.1329,-0.1638,-1.9294,0.4425,-1.7590,102.9971,-53.9992,-113.1237
324428365,-0.0064,-0.0019,-0.1643,-0.1558,0.4281,-0.0709,0.0200,0.0691,0.1019,-0.0413,-0.1421,-0.1751,-1.9294,-0.9902,-1.2870,102.9893,-54.0274,-113.1234
324433365,-0.0073,-0.0028,-0.1662,-0.1222,0.3117,-0.0727,0.0200,0.0668,0.1013,-0.0419,-0.1341,-0.1243,-1.9294,-1.7604,-0.1340,102.9778,-54.0492,-113.1040
324438365,-0.0081,-0.0034,-0.1378,-0.0901,0.3401,-0.0688,-0.0007,0.0565,0.1008,-0.0421,-0.1009,-0.0459,-2.4108,-1.7604,1.2136,102.9593,-54.0597,-113.0723
324443365,-0.0088,-0.0040,-0.1084,-0.0742,0.3276,-0.0645,-0.0004,0.0523,0.1004,-0.0422,-0.0795,-0.0163,-2.4108,-2.6853,1.2136,102.9449,-54.0863,-113.0675
324448365,-0.0093,-0.0043,-0.0925,-0.0654,0.2772,-0.0606,-0.0002,0.0502,0.1002,-0.0422,-0.0449,-0.0068,-3.5183,-2.7340,1.2136,102.9112,-54.1037,-113.0602
324453365,-0.0097,-0.0046,-0.0632,-0.0165,0.2925,-0.0538,0.0500,0.0371,0.1001,-0.0420,-0.0028,0.0420,-4.2611,-2.7340,1.2136,102.8744,-54.1146,-113.0554
324458364,-0.0099,-0.0047,-0.0385,0.0345,0.2931,-0.0466,0.0500,0.0254,0.1004,-0.0418,0.0454,0.0524,-4.2611,-2.3120,1.2136,102.8573,-54.1218,-113.0481
324463365,-0.0099,-0.0043,0.0070,0.1329,0.4110,-0.0359,0.0500,-0.0500,0.1009,-0.0410,0.1049,0.1573,-4.8535,-2.2064,1.6495,102.8168,-54.1286,-113.0337
324468365,-0.0095,-0.0036,0.1206,0.1723,0.4131,-0.0057,0.0500,-0.0500,0.1020,-0.0401,0.2160,0.1719,-5.5296,-2.2064,1.6495,102.7826,-54.1418,-113.0238
324473364,-0.0088,-0.0026,0.1775,0.2016,0.3698,0.0500,-0.0200,-0.0500,0.1034,-0.0391,0.2784,0.2013,-5.8587,-2.2064,1.6495,102.7423,-54.1507,-113.0173
324478364,-0.0078,-0.0018,0.1973,0.2117,0.3453,0.0500,-0.0200,-0.0500,0.1043,-0.0381,0.1973,0.2117,-5.8587,-2.1537,1.6495,102.7189,-54.1629,-113.0073
324483365,-0.0067,-0.0007,0.2141,0.2049,0.3542,0.0500,0.0249,0.0200,0.1054,-0.0370,0.2101,0.2119,-5.6983,-0.4655,1.6495,102.6877,-54.1344,-113.0008
324488365,-0.0056,0.0004,0.2260,0.1930,0.4024,0.0500,0.0209,0.0200,0.1065,-0.0361,0.2274,0.1907,-5.6983,0.1583,-0.3390,102.6649,-54.1213,-113.0373
324493365,-0.0045,0.0013,0.2196,0.1497,0.4009,-0.0200,0.0128,-0.0602,0.1076,-0.0353,0.2180,0.1422,-4.2585,0.1583,-0.3390,102.6639,-54.1207,-113.0386
324498364,-0.0034,0.0018,0.1869,0.0861,0.3603,-0.0200,0.0024,-0.0438,0.1085,-0.0351,0.1730,0.0573,-3.4833,0.1583,-1.7733,102.6639,-54.1197,-113.0716
324503365,-0.0025,0.0021,0.1445,0.0437,0.3908,0.0234,-0.0500,-0.0339,0.1094,-0.0350,0.1733,0.0115,-2.5973,0.1583,-1.9940,102.6636,-54.1191,-113.0839
324508365,-0.0019,0.0021,0.0849,-0.0061,0.5158,0.0086,-0.0500,-0.0181,0.1099,-0.0352,0.1038,-0.0359,-2.0989,0.1583,-1.9940,102.6642,-54.1182,-113.0959
324513364,-0.0017,0.0019,-0.0128,-0.0308,0.4861,-0.0500,-0.0500,0.0005,0.1099,-0.0355,-0.0034,-0.0606,-1.5451,0.1583,-1.9940,102.6643,-54.1175,-113.1039
324518365,-0.0018,0.0014,-0.0617,-0.0675,0.3679,-0.0500,-0.0500,0.0500,0.1094,-0.0360,-0.0852,-0.1082,-1.2683,-0.1055,-2.7281,102.6642,-54.1228,-113.1335
324523364,-0.0022,0.0010,-0.1032,-0.0913,0.2790,-0.0500,0.0200,0.0500,0.1089,-0.0365,-0.1032,-0.0913,-0.9360,-0.1055,-2.7281,102.6642,-54.1233,-113.1444
324528364,-0.0028,0.0004,-0.1729,-0.1436,0.2677,-0.0500,0.0200,0.0500,0.1081,-0.0372,-0.1729,-0.1436,-0.7699,-0.1055,-2.8258,102.6641,-54.1239,-113.1628
324533365,-0.0037,-0.0005,-0.2062,-0.1897,0.2470,0.0200,-0.0120,0.0500,0.1070,-0.0381,-0.2124,-0.1789,-0.5484,-0.7208,-2.8258,102.6645,-54.1370,-113.1741
324538364,-0.0049,-0.0016,-0.2205,-0.1756,0.2296,0.0200,-0.0062,-0.0200,0.1058,-0.0388,-0.2397,-0.1424,-0.4930,-2.2310,-2.8258,102.6635,-54.1780,-113.1911
324543365,-0.0060,-0.0025,-0.2187,-0.1399,0.2262,-0.0830,0.0000,-0.0200,0.1046,-0.0393,-0.2294,-0.1067,-0.4930,-2.2310,-1.3122,102.6607,-54.1869,-113.1693
324548365,-0.0071,-0.0033,-0.1967,-0.0929,0.2393,-0.0826,0.0500,0.0659,0.1035,-0.0396,-0.2198,-0.0568,-0.4930,-3.0551,-0.6287,102.6587,-54.2196,-113.1602
324553364,-0.0080,-0.0038,-0.1802,-0.0452,0.3255,-0.0812,0.0500,0.0577,0.1027,-0.0399,-0.1758,-0.0524,-0.4930,-3.0551,-0.4822,102.6558,-54.2318,-113.1595
324558365,-0.0088,-0.0038,-0.1775,-0.0232,0.4192,-0.0837,0.0500,0.0524,0.1019,-0.0400,-0.1594,-0.0290,-1.2358,-2.9519,-0.3846,102.6382,-54.2481,-113.1602
324563365,-0.0095,-0.0037,-0.1643,-0.0086,0.4110,-0.0827,0.0500,0.0485,0.1012,-0.0401,-0.1359,-0.0130,-1.7929,-2.4355,-0.2869,102.6168,-54.2486,-113.1596
324568365,-0.0104,-0.0039,-0.1552,0.0131,0.4321,-0.0826,-0.0200,0.0435,0.1007,-0.0400,-0.1071,0.0153,-2.7084,-1.8158,0.1573,102.5904,-54.2488,-113.1527
324573365,-0.0109,-0.0039,-0.1323,0.0345,0.4232,-0.0779,-0.0200,0.0356,0.1003,-0.0397,-0.0720,0.0563,-2.7623,-1.4544,1.4683,102.5728,-54.2481,-113.1227
324578364,-0.0114,-0.0038,-0.0773,0.0235,0.3652,-0.0645,0.0198,0.0308,0.1003,-0.0394,-0.0060,0.0615,-3.9455,-1.0929,1.4683,102.5354,-54.2485,-113.1139
324583364,-0.0117,-0.0036,-0.0342,0.0226,0.2977,-0.0528,0.0153,0.0260,0.1005,-0.0391,0.0534,0.0574,-4.7919,-0.8864,1.4683,102.4927,-54.2484,-113.1080
324588365,-0.0119,-0.0037,0.0070,0.0199,0.1990,-0.0406,0.0102,0.0228,0.1011,-0.0389,0.1079,0.0508,-5.4337,-0.6314,1.4683,102.4598,-54.2479,-113.0992
324593364,-0.0116,-0.0038,0.0660,0.0095,0.1957,-0.0229,-0.0500,0.0183,0.1020,-0.0388,0.1935,0.0174,-6.2089,0.9211,1.4683,102.4109,-54.2164,-113.0933
324598364,-0.0111,-0.0037,0.1197,0.0629,0.3536,-0.0095,-0.0500,-0.0500,0.1033,-0.0384,0.2442,0.0845,-6.4875,1.1635,1.4683,102.3804,-54.2047,-113.0845
324603364,-0.0103,-0.0035,0.1695,0.0904,0.3508,0.0500,-0.0500,-0.0500,0.1047,-0.0379,0.2856,0.0900,-6.7344,1.1635,1.4683,102.3356,-54.2000,-113.0787
324608364,-0.0094,-0.0031,0.2004,0.0712,0.2390,0.0500,-0.0500,-0.0500,0.1057,-0.0376,0.2004,0.0712,-6.7344,0.2909,1.1373,102.3087,-54.2125,-113.0772
324613365,-0.0082,-0.0028,0.2245,0.0354,0.2045,0.0500,0.0200,-0.0500,0.1068,-0.0374,0.2245,0.0354,-6.4527,0.2424,0.9166,102.2747,-54.2124,-113.0775
324618364,-0.0068,-0.0029,0.2294,0.0137,0.2485,0.0500,0.0200,0.0200,0.1080,-0.0373,0.2294,0.0137,-6.4057,0.1939,0.6959,102.2498,-54.2121,-113.0770
324623364,-0.0056,-0.0031,0.2107,-0.0021,0.2558,-0.0200,-0.0281,0.0200,0.1090,-0.0372,0.1997,0.0171,-4.7600,-1.2909,0.5856,102.2494,-54.2438,-113.0767
324628365,-0.0045,-0.0032,0.1741,0.0067,0.2027,-0.0200,-0.0240,-0.0047,0.1097,-0.0372,0.1482,0.0078,-3.8666,-1.5491,-1.4683,102.2500,-54.2582,-113.1191
324633364,-0.0038,-0.0031,0.1090,0.0180,0.1761,0.0116,-0.0163,-0.0021,0.1104,-0.0371,0.1305,0.0152,-2.8791,-1.5491,-1.7304,102.2495,-54.2644,-113.1311
324638365,-0.0033,-0.0031,0.0559,-0.0015,0.1786,-0.0012,-0.0131,0.0500,0.1106,-0.0371,0.0585,0.0129,-2.3619,-2.7044,-1.7304,102.2494,-54.3008,-113.1415
324643364,-0.0031,-0.0033,0.0031,-0.0425,0.2183,-0.0500,-0.0151,0.0500,0.1107,-0.0371,0.0100,-0.0022,-1.7506,-2.7044,-2.2675,102.2494,-54.3116,-113.1595
324648364,-0.0033,-0.0035,-0.0342,-0.0681,0.2638,-0.0500,-0.0149,0.0500,0.1104,-0.0372,-0.0629,-0.0184,-1.4215,-3.3372,-2.3163,102.2496,-54.3418,-113.1744
324653364,-0.0037,-0.0039,-0.1075,-0.0519,0.2470,-0.0500,-0.0029,0.0500,0.1097,-0.0372,-0.1362,-0.0022,-1.0453,-3.3372,-2.3163,102.2497,-54.3551,-113.1836
324658365,-0.0043,-0.0043,-0.1713,-0.0446,0.3426,-0.0500,0.0500,-0.0200,0.1087,-0.0371,-0.2009,0.0067,-0.8572,-3.4427,-2.3163,102.2497,-54.3774,-113.1975
324663365,-0.0051,-0.0045,-0.2046,-0.0333,0.4293,0.0200,0.0500,-0.0200,0.1077,-0.0373,-0.2046,-0.0333,-0.7632,-3.4427,-2.0948,102.2469,-54.3912,-113.2021
324668365,-0.0063,-0.0047,-0.2077,-0.0360,0.4128,0.0200,0.0500,0.0574,0.1066,-0.0375,-0.2060,-0.0331,-0.7632,-3.4427,0.1953,102.2438,-54.4119,-113.1620
324673365,-0.0074,-0.0051,-0.1891,-0.0525,0.3462,-0.0800,0.0500,0.0621,0.1058,-0.0377,-0.1678,-0.0482,-1.0841,-3.2190,0.2929,102.2327,-54.4210,-113.1590
324678365,-0.0082,-0.0055,-0.1747,-0.0257,0.2625,-0.0776,-0.0200,0.0580,0.1051,-0.0378,-0.1387,-0.0214,-1.9398,-2.3800,0.2929,102.2088,-54.4209,-113.1572
324683365,-0.0089,-0.0057,-0.1640,-0.0095,0.2858,-0.0779,-0.0200,0.0552,0.1045,-0.0378,-0.1280,-0.0052,-1.9398,-1.9325,0.2929,102.1971,-54.4206,-113.1561
324688364,-0.0096,-0.0057,-0.1802,0.0202,0.3410,-0.0863,0.0228,0.0505,0.1037,-0.0376,-0.1565,0.0457,-1.9398,-1.4291,0.2929,102.1894,-54.4206,-113.1542
324693365,-0.0105,-0.0056,-0.1610,0.0235,0.2952,-0.0832,0.0230,0.0489,0.1031,-0.0374,-0.1186,0.0448,-2.8812,-1.1495,0.2929,102.1552,-54.4203,-113.1531
324698365,-0.0110,-0.0057,-0.0739,-0.0275,0.2751,-0.0626,0.0018,0.0502,0.1030,-0.0374,-0.0247,-0.0025,-2.8812,-0.8698,0.8173,102.1436,-54.4208,-113.1405
324703364,-0.0112,-0.0060,-0.0116,-0.0437,0.2464,-0.0460,-0.0500,0.0462,0.1033,-0.0375,0.0566,-0.0103,-3.5311,-0.7020,1.5514,102.1100,-54.4206,-113.1207
324708365,-0.0111,-0.0063,0.0342,-0.0153,0.2653,-0.0326,-0.0500,0.0349,0.1038,-0.0374,0.1196,0.0077,-4.1774,0.2110,1.5514,102.0813,-54.4056,-113.1110
324713364,-0.0107,-0.0064,0.0715,0.0333,0.2522,-0.0209,-0.0500,0.0191,0.1047,-0.0371,0.1676,0.0562,-4.7971,1.7410,1.5514,102.0434,-54.3709,-113.1052
324718365,-0.0103,-0.0061,0.1124,0.0718,0.1966,-0.0081,-0.0500,0.0045,0.1057,-0.0367,0.2114,0.0947,-4.9662,1.1607,1.5514,102.0202,-54.3726,-113.0955
324723365,-0.0096,-0.0057,0.1762,0.0968,0.1960,0.0500,0.0200,-0.0500,0.1072,-0.0361,0.2817,0.1197,-5.3423,0.9496,1.5514,101.9815,-54.3726,-113.0897
324728365,-0.0086,-0.0053,0.2395,0.1032,0.2277,0.0500,0.0200,-0.0500,0.1084,-0.0355,0.2395,0.1032,-5.1284,0.6858,1.5514,101.9645,-54.3730,-113.0800
324733364,-0.0070,-0.0050,0.2804,0.1069,0.2363,0.0500,-0.0190,-0.0500,0.1098,-0.0351,0.2854,0.0983,-4.9145,0.5803,1.4411,101.9392,-54.3726,-113.0765
324738364,-0.0054,-0.0046,0.2926,0.1210,0.2238,0.0500,-0.0160,-0.0500,0.1112,-0.0343,0.2772,0.1476,-4.9145,-1.7899,1.0550,101.9195,-54.4224,-113.0766
324743365,-0.0040,-0.0039,0.2285,0.1500,0.1862,-0.0200,-0.0018,0.0200,0.1122,-0.0334,0.2131,0.1766,-3.8624,-1.7899,0.8343,101.9137,-54.4296,-113.0774
324748365,-0.0030,-0.0033,0.1463,0.1240,0.2238,-0.0200,0.0500,0.0200,0.1129,-0.0327,0.1309,0.1507,-3.1425,-1.7899,0.6136,101.9141,-54.4403,-113.0772
324753365,-0.0024,-0.0029,0.0944,0.0678,0.2354,0.0143,0.0500,-0.0162,0.1136,-0.0323,0.1342,0.0678,-2.3119,-1.7899,0.0000,101.9144,-54.4474,-113.0870
324758364,-0.0020,-0.0027,0.0406,0.0257,0.2461,0.0004,0.0500,0.0007,0.1138,-0.0323,0.0589,-0.0002,-1.9242,-1.7899,-1.7304,101.9137,-54.4582,-113.1287
324763364,-0.0019,-0.0027,-0.0119,-0.0040,0.2699,-0.0500,0.0500,0.0500,0.1138,-0.0325,-0.0022,-0.0298,-1.4259,-1.5959,-1.7304,101.9137,-54.4613,-113.1356
324768364,-0.0020,-0.0029,-0.0690,-0.0250,0.3133,-0.0500,-0.0200,0.0500,0.1135,-0.0326,-0.0690,-0.0250,-1.1490,-1.1596,-2.5604,101.9141,-54.4608,-113.1646
324773364,-0.0024,-0.0031,-0.1246,-0.0400,0.4382,-0.0500,-0.0200,0.0500,0.1129,-0.0328,-0.1246,-0.0400,-0.8721,-0.9657,-2.5604,101.9137,-54.4612,-113.1742
324778364,-0.0030,-0.0033,-0.1652,-0.0562,0.5677,-0.0500,-0.0500,0.0500,0.1120,-0.0330,-0.1715,-0.0454,-0.7060,-0.7233,-2.5604,101.9139,-54.4614,-113.1902
324783364,-0.0039,-0.0036,-0.1811,-0.0907,0.5573,0.0200,-0.0500,-0.0200,0.1111,-0.0335,-0.1811,-0.0907,-0.5399,-0.5779,-2.5604,101.9136,-54.4611,-113.1998
324788364,-0.0049,-0.0044,-0.1842,-0.1591,0.4186,0.0200,-0.0500,-0.0200,0.1102,-0.0343,-0.1842,-0.1591,-0.4291,-0.4324,-1.9513,101.9139,-54.4612,-113.2019
324793364,-0.0059,-0.0054,-0.1765,-0.1567,0.4376,-0.0736,-0.0500,0.0822,0.1093,-0.0351,-0.1756,-0.1696,-0.4845,-0.3355,-0.8640,101.9099,-54.4608,-113.1860
324798365,-0.0066,-0.0063,-0.1717,-0.1319,0.4400,-0.0743,0.0200,0.0788,0.1085,-0.0358,-0.1595,-0.1254,-0.4845,-0.2385,0.4394,101.9080,-54.4608,-113.1591
324803364,-0.0074,-0.0070,-0.1393,-0.1057,0.3071,-0.0676,0.0200,0.0749,0.1079,-0.0363,-0.1271,-0.0991,-0.4845,-0.1900,0.4394,101.9051,-54.4607,-113.1575
324808365,-0.0081,-0.0076,-0.1206,-0.0965,0.1905,-0.0636,-0.0186,0.0749,0.1074,-0.0367,-0.0969,-0.0879,-1.2273,-0.1415,0.4394,101.8876,-54.4609,-113.1547
324813364,-0.0088,-0.0081,-0.1017,-0.0974,0.1926,-0.0603,-0.0214,0.0743,0.1071,-0.0371,-0.0620,-0.0764,-1.7844,-0.1900,1.2260,101.8662,-54.4625,-113.1367
324818365,-0.0091,-0.0088,-0.1130,-0.1451,0.2546,-0.0650,-0.0326,0.0878,0.1067,-0.0377,-0.0688,-0.1162,-1.7844,-0.1900,1.7504,101.8591,-54.4636,-113.1156
324823365,-0.0095,-0.0094,-0.1203,-0.1097,0.3536,-0.0685,-0.0271,0.0820,0.1064,-0.0381,-0.0631,-0.0808,-2.5383,-0.1900,1.7504,101.8299,-54.4644,-113.1090
324828364,-0.0101,-0.0099,-0.1112,-0.0547,0.3905,-0.0683,-0.0166,0.0699,0.1062,-0.0381,-0.0441,-0.0085,-2.5383,-0.1900,2.9088,101.8198,-54.4655,-113.0719
324833364,-0.0106,-0.0102,-0.0785,-0.0137,0.3682,-0.0612,-0.0105,0.0576,0.1062,-0.0379,-0.0039,0.0516,-3.6088,-1.4809,2.9088,101.7789,-54.4941,-113.0610
324838365,-0.0103,-0.0099,0.0834,0.0825,0.4815,-0.0195,-0.0107,0.0117,0.1071,-0.0370,0.1750,0.1639,-4.2671,-1.6875,3.7806,101.7507,-54.5082,-113.0211
324843365,-0.0096,-0.0095,0.1707,0.1100,0.4806,0.0500,-0.0151,-0.0500,0.1084,-0.0360,0.2690,0.2015,-4.3142,-1.6875,4.4600,101.7239,-54.5150,-112.9919
324848365,-0.0085,-0.0090,0.2398,0.1176,0.3704,0.0500,-0.0200,-0.0500,0.1095,-0.0352,0.2169,0.1574,-4.6351,-2.6777,4.4600,101.6991,-54.5466,-112.9640
324853365,-0.0073,-0.0086,0.2764,0.1289,0.2812,0.0500,-0.0219,-0.0500,0.1108,-0.0344,0.2535,0.1687,-4.6351,-2.6777,4.8477,101.6713,-54.5573,-112.9383
324858365,-0.0057,-0.0080,0.3244,0.1662,0.2888,0.0500,-0.0211,-0.0500,0.1123,-0.0334,0.3014,0.2060,-4.6351,-2.6777,4.7012,101.6527,-54.5734,-112.9109
324863364,-0.0038,-0.0072,0.3693,0.2053,0.3673,-0.0200,-0.0198,0.0200,0.1140,-0.0321,0.3430,0.2509,-4.5886,-3.0672,3.9200,101.6259,-54.5927,-112.9104
324868364,-0.0019,-0.0062,0.3598,0.2544,0.3664,-0.0200,-0.0082,0.0200,0.1156,-0.0306,0.3335,0.3001,-3.7530,-3.0672,2.8459,101.6259,-54.6111,-112.9109
324873364,-0.0001,-0.0049,0.3060,0.2563,0.2839,0.0746,0.0013,-0.0868,0.1173,-0.0289,0.3296,0.3356,-1.6650,-2.9616,2.3577,101.6501,-54.6212,-112.9109
324878365,0.0012,-0.0037,0.2175,0.2337,0.2351,0.0568,0.0500,-0.0754,0.1184,-0.0274,0.2216,0.3012,-0.7790,-2.8034,1.7230,101.6637,-54.6350,-112.9109
324883364,0.0018,-0.0030,0.0761,0.1445,0.2213,0.0252,0.0500,-0.0393,0.1189,-0.0266,0.0979,0.1658,-0.5575,-2.8034,1.4300,101.6642,-54.6462,-112.9108
324888365,0.0022,-0.0022,0.0470,0.1338,0.2509,0.0188,0.0500,-0.0366,0.1192,-0.0259,0.0637,0.1493,-0.4467,-2.8034,1.0394,101.6644,-54.6630,-112.9109
324893364,0.0025,-0.0016,0.0089,0.1182,0.2833,0.0093,0.0500,-0.0306,0.1193,-0.0252,0.0185,0.1249,-0.3360,-2.6356,0.4499,101.6642,-54.6708,-112.9193
324898364,0.0024,-0.0011,-0.0535,0.1014,0.3398,-0.0500,-0.0200,-0.0194,0.1190,-0.0248,-0.0586,0.0841,-0.2806,-1.9644,-1.1630,101.6640,-54.6711,-112.9557
324903364,0.0020,-0.0007,-0.1347,0.0724,0.4284,-0.0500,-0.0200,-0.0042,0.1183,-0.0245,-0.1447,0.0551,-0.2252,-1.5728,-1.1630,101.6637,-54.6703,-112.9601
324908364,0.0011,-0.0005,-0.2053,0.0391,0.4449,-0.0500,0.0255,0.0500,0.1172,-0.0243,-0.2254,0.0394,-0.1698,-1.1813,-1.1630,101.6641,-54.6708,-112.9673
324913365,-0.0003,-0.0004,-0.2508,0.0159,0.3707,-0.0500,0.0308,0.0500,0.1159,-0.0242,-0.2590,0.0302,-0.1145,-0.9576,-1.1630,101.6643,-54.6706,-112.9717
324918365,-0.0017,-0.0006,-0.2578,-0.0476,0.2625,0.0200,0.0203,0.0500,0.1146,-0.0244,-0.2596,-0.0446,-0.1698,-0.2063,-2.2605,101.6627,-54.6603,-113.0050
324923364,-0.0029,-0.0010,-0.2315,-0.1115,0.2280,0.0200,0.0023,0.0500,0.1135,-0.0251,-0.2188,-0.1335,-0.1698,1.4772,-2.2605,101.6617,-54.6242,-113.0135
324928365,-0.0039,-0.0018,-0.2111,-0.1845,0.3074,-0.0714,-0.0500,-0.0200,0.1125,-0.0261,-0.1945,-0.2080,-0.1698,1.5827,-2.2605,101.6610,-54.6126,-113.0276
324933365,-0.0048,-0.0027,-0.2001,-0.1979,0.2971,-0.0710,-0.0500,-0.0200,0.1116,-0.0271,-0.1707,-0.1980,-1.7018,1.5827,-1.9469,101.6263,-54.6062,-113.0297
324938365,-0.0058,-0.0039,-0.1839,-0.2309,0.3218,-0.0715,-0.0500,0.0934,0.1109,-0.0283,-0.1547,-0.2327,-1.7483,1.5827,-0.1178,101.6184,-54.5967,-112.9981
324943365,-0.0067,-0.0050,-0.1329,-0.2291,0.4263,-0.0633,-0.0500,0.0910,0.1103,-0.0294,-0.1037,-0.2309,-1.7483,1.5827,-0.1178,101.6079,-54.5904,-112.9985
324948365,-0.0071,-0.0065,-0.1252,-0.2327,0.4348,-0.0624,0.0200,0.0960,0.1099,-0.0306,-0.0826,-0.2338,-2.5022,0.9700,-0.0655,101.5837,-54.5939,-112.9981
324953365,-0.0075,-0.0078,-0.1051,-0.2370,0.2522,-0.0563,0.0200,0.1022,0.1096,-0.0318,-0.0624,-0.2381,-2.5022,-0.5276,-0.0655,101.5687,-54.6228,-112.9983
324958365,-0.0081,-0.0091,-0.1109,-0.2144,0.1260,-0.0573,-0.0512,0.1037,0.1094,-0.0328,-0.0508,-0.2001,-3.5164,-0.5276,0.4430,101.5371,-54.6260,-112.9885
324963365,-0.0087,-0.0102,-0.0870,-0.1860,0.2005,-0.0532,-0.0506,0.0961,0.1093,-0.0335,-0.0084,-0.1477,-3.7985,-0.5276,2.0491,101.5102,-54.6281,-112.9512
324968364,-0.0090,-0.0111,-0.0339,-0.1567,0.3087,-0.0432,-0.0528,0.0841,0.1095,-0.0340,0.0355,-0.0910,-4.1747,-2.3734,2.0491,101.4862,-54.6737,-112.9389
324973365,-0.0090,-0.0119,0.0110,-0.1097,0.2479,-0.0302,-0.0499,0.0706,0.1100,-0.0342,0.0932,-0.0345,-4.6026,-2.3734,2.6838,101.4513,-54.6832,-112.9180
324978364,-0.0085,-0.0121,0.1002,0.0186,0.2485,-0.0058,-0.0336,0.0299,0.1109,-0.0336,0.1814,0.1122,-4.6026,-3.0521,3.2389,101.4329,-54.7116,-112.8884
324983365,-0.0078,-0.0120,0.1481,0.0580,0.3368,0.0500,-0.0331,0.0117,0.1121,-0.0328,0.2395,0.1595,-4.9348,-3.0521,3.7633,101.3975,-54.7238,-112.8642
324988365,-0.0069,-0.0117,0.2095,0.0828,0.3945,0.0500,-0.0327,-0.0500,0.1131,-0.0318,0.2136,0.1994,-4.9348,-3.6717,4.1494,101.3777,-54.7562,-112.8328
324993364,-0.0059,-0.0113,0.2279,0.1115,0.3129,0.0500,-0.0311,-0.0500,0.1141,-0.0310,0.1965,0.1661,-3.7278,-3.6717,4.3701,101.3757,-54.7709,-112.8120
324998365,-0.0049,-0.0109,0.1579,0.0977,0.2118,0.0500,-0.0238,-0.0500,0.1147,-0.0302,0.1209,0.1622,-3.0314,-4.3319,4.5638,101.3760,-54.8086,-112.7806
325003364,-0.0039,-0.0103,0.1542,0.1469,0.2137,-0.0200,-0.0122,-0.0500,0.1153,-0.0291,0.1155,0.2143,-2.2422,-4.5266,4.5638,101.3759,-54.8299,-112.7635
325008364,-0.0034,-0.0097,0.0974,0.1747,0.3038,-0.0200,0.0014,0.0200,0.1156,-0.0279,0.0566,0.2457,-1.8708,-4.7700,3.8844,101.3751,-54.8633,-112.7496
325013364,-0.0034,-0.0090,-0.0116,0.1955,0.3374,-0.0500,0.0500,0.0200,0.1154,-0.0265,-0.0285,0.2657,-1.3601,-4.7172,3.2050,101.3757,-54.8812,-112.7499
325018364,-0.0034,-0.0079,-0.0418,0.2260,0.1779,-0.0500,0.0500,-0.0133,0.1153,-0.0253,-0.0324,0.2426,0.3323,-4.7172,1.1071,101.4078,-54.9095,-112.7774
325023364,-0.0037,-0.0068,-0.0959,0.2202,0.2122,-0.0500,0.0500,-0.0084,0.1148,-0.0242,-0.0914,0.2281,0.6091,-4.3816,0.5259,101.4169,-54.9214,-112.7865
325028364,-0.0041,-0.0058,-0.1237,0.1869,0.2549,-0.0500,0.0500,-0.0006,0.1142,-0.0232,-0.1204,0.1926,0.6091,-3.2070,0.3806,101.4194,-54.9205,-112.7866
325033365,-0.0049,-0.0049,-0.1658,0.1451,0.2855,0.0200,-0.0200,0.0500,0.1134,-0.0225,-0.1630,0.1500,0.6091,-2.6477,0.3322,101.4230,-54.9211,-112.7862
325038364,-0.0056,-0.0042,-0.1646,0.1170,0.3035,0.0200,-0.0200,0.0500,0.1126,-0.0219,-0.1646,0.1170,0.0554,-1.9765,-0.6620,101.4130,-54.9213,-112.8050
325043364,-0.0064,-0.0038,-0.1527,0.0608,0.2961,-0.0688,0.0304,0.0500,0.1118,-0.0215,-0.1673,0.0844,0.0554,-1.5850,-1.6550,101.4133,-54.9206,-112.8299
325048365,-0.0072,-0.0036,-0.1457,0.0156,0.3249,-0.0704,0.0210,0.0500,0.1110,-0.0213,-0.1559,0.0333,0.0000,-1.1935,-1.6550,101.4124,-54.9211,-112.8402
325053364,-0.0079,-0.0037,-0.1478,-0.0342,0.3481,-0.0719,0.0101,-0.0200,0.1103,-0.0214,-0.1273,-0.0199,-1.6713,-0.9697,-0.7171,101.3743,-54.9209,-112.8267
325058365,-0.0085,-0.0039,-0.1228,-0.0641,0.3181,-0.0673,0.0009,-0.0200,0.1098,-0.0217,-0.0999,-0.0540,-1.6713,-0.6901,-0.4965,101.3676,-54.9203,-112.8260
325063365,-0.0092,-0.0042,-0.1249,-0.0895,0.3414,-0.0707,-0.0500,0.0627,0.1093,-0.0221,-0.0979,-0.0868,-2.0483,-0.5782,-0.3862,101.3499,-54.9207,-112.8254
325068364,-0.0097,-0.0049,-0.1118,-0.1597,0.3808,-0.0680,-0.0500,0.0776,0.1090,-0.0228,-0.0615,-0.1468,-2.4791,-0.4104,0.8718,101.3316,-54.9204,-112.8005
325073364,-0.0101,-0.0057,-0.0651,-0.1723,0.3175,-0.0563,-0.0500,0.0778,0.1090,-0.0236,-0.0055,-0.1499,-2.7045,0.4748,1.5014,101.3122,-54.9032,-112.7829
325078365,-0.0103,-0.0067,-0.0098,-0.1744,0.2186,-0.0407,-0.0500,0.0760,0.1093,-0.0243,0.0653,-0.1521,-3.6060,1.5827,1.5014,101.2807,-54.8729,-112.7735
325083364,-0.0102,-0.0077,0.0418,-0.1597,0.1566,-0.0257,0.0200,0.0699,0.1100,-0.0250,0.1283,-0.1375,-4.2643,1.3189,1.5014,101.2447,-54.8724,-112.7679
325088364,-0.0098,-0.0086,0.0956,-0.1344,0.2051,-0.0114,0.0200,0.0593,0.1109,-0.0256,0.1821,-0.1122,-4.2643,0.9496,1.5014,101.2276,-54.8730,-112.7585
325093364,-0.0092,-0.0093,0.1381,-0.0993,0.2485,0.0500,-0.0585,0.0469,0.1121,-0.0260,0.2353,-0.0799,-4.5317,0.4558,1.7627,101.1955,-54.8795,-112.7475
325098365,-0.0088,-0.0099,0.1136,-0.0822,0.2060,0.0500,-0.0484,0.0496,0.1126,-0.0261,0.1153,-0.0325,-4.5317,-1.5661,1.7627,101.1774,-54.9245,-112.7365
325103365,-0.0083,-0.0104,0.0403,-0.0757,0.1666,0.0500,-0.0398,0.0586,0.1129,-0.0263,0.0420,-0.0261,-4.3655,-1.5661,1.7627,101.1540,-54.9308,-112.7299
325108365,-0.0077,-0.0108,0.0907,-0.0330,0.2381,0.0500,-0.0403,0.0423,0.1133,-0.0262,0.0924,0.0167,-4.3655,-1.5661,1.7627,101.1365,-54.9402,-112.7188
325113364,-0.0074,-0.0110,0.0944,-0.0095,0.3844,-0.0200,-0.0375,0.0336,0.1138,-0.0259,0.0942,0.0600,-3.6692,-2.3418,2.3165,101.1255,-54.9630,-112.7006
325118365,-0.0070,-0.0111,0.1038,-0.0037,0.3505,-0.0200,-0.0384,0.0314,0.1143,-0.0256,0.1036,0.0658,-2.0348,-2.3418,2.3165,101.1464,-54.9770,-112.6861
325123364,-0.0062,-0.0112,0.1210,-0.0110,0.3734,0.0015,-0.0438,0.0280,0.1150,-0.0252,0.1296,0.0677,-0.8165,-2.9614,2.3165,101.1639,-54.9993,-112.6774
325128364,-0.0054,-0.0114,0.1017,-0.0150,0.3835,-0.0004,-0.0443,0.0300,0.1155,-0.0249,0.1116,0.0710,-0.6504,-2.9614,2.8047,101.1643,-55.0171,-112.6515
325133365,-0.0050,-0.0117,0.0663,-0.0021,0.3117,-0.0500,-0.0378,0.0329,0.1159,-0.0245,0.0733,0.0838,-0.4843,-2.9614,2.8047,101.1642,-55.0290,-112.6410
325138364,-0.0048,-0.0118,0.0254,0.0247,0.2448,-0.0500,-0.0257,0.0326,0.1160,-0.0238,0.0211,0.1220,0.7487,-3.5116,3.0145,101.1885,-55.0604,-112.6189
325143364,-0.0046,-0.0115,-0.0104,0.0922,0.2399,-0.0500,-0.0058,0.0211,0.1159,-0.0229,-0.0146,0.1895,1.8719,-3.5116,3.0145,101.2207,-55.0745,-112.6076
325148364,-0.0045,-0.0110,-0.0321,0.1258,0.2577,-0.0500,0.0500,0.0143,0.1157,-0.0218,-0.0392,0.2282,1.8719,-3.8523,3.0145,101.2282,-55.1040,-112.5887
325153364,-0.0048,-0.0103,-0.0800,0.1301,0.2534,0.0200,0.0500,0.0199,0.1154,-0.0209,-0.0543,0.1752,1.0162,-3.8523,3.0145,101.2215,-55.1194,-112.5774
325158364,-0.0051,-0.0096,-0.1170,0.1286,0.2140,0.0200,0.0500,0.0247,0.1150,-0.0201,-0.0973,0.1629,0.4813,-2.9555,2.2973,101.2132,-55.1221,-112.5754
325163364,-0.0060,-0.0089,-0.1365,0.1454,0.2357,-0.0603,0.0500,0.0227,0.1143,-0.0192,-0.1233,0.1797,0.3744,-2.3751,2.2973,101.2135,-55.1211,-112.5662
325168364,-0.0067,-0.0084,-0.1164,0.1442,0.2528,-0.0581,-0.0200,0.0197,0.1138,-0.0183,-0.1013,0.1785,0.2674,-1.7948,2.2973,101.2127,-55.1220,-112.5525
325173364,-0.0072,-0.0077,-0.0800,0.1347,0.2931,-0.0516,-0.0200,0.0154,0.1135,-0.0174,-0.0640,0.1691,0.2139,-1.4783,2.2973,101.2131,-55.1221,-112.5438
325178364,-0.0075,-0.0071,-0.0467,0.0996,0.3346,-0.0450,0.0159,0.0163,0.1134,-0.0167,-0.0304,0.1445,-0.4984,-1.0562,1.9583,101.1991,-55.1213,-112.5368
325183364,-0.0076,-0.0068,0.0000,0.0431,0.3087,-0.0306,-0.0500,0.0221,0.1136,-0.0164,0.0497,0.0679,-2.0489,0.0000,1.6677,101.1586,-55.1026,-112.5358
325188364,-0.0075,-0.0067,0.0226,-0.0037,0.2729,-0.0242,-0.0500,0.0294,0.1140,-0.0163,0.0723,0.0212,-2.0489,0.7789,1.6677,101.1504,-55.0831,-112.5254
325193365,-0.0074,-0.0069,0.0315,-0.0504,0.2803,-0.0216,-0.0500,0.0386,0.1144,-0.0164,0.0811,-0.0255,-2.0489,0.7789,1.6677,101.1381,-55.0800,-112.5191
325198365,-0.0072,-0.0075,0.0275,-0.0727,0.2726,-0.0218,-0.0500,0.0459,0.1148,-0.0166,0.0771,-0.0478,-2.0489,0.7789,1.6677,101.1299,-55.0753,-112.5087
325203365,-0.0072,-0.0078,0.0275,-0.0779,0.2766,-0.0222,0.0200,0.0483,0.1151,-0.0169,0.0707,-0.0530,-1.6775,0.7789,1.6677,101.1257,-55.0722,-112.5024
325208364,-0.0070,-0.0083,0.0452,-0.1130,0.3187,-0.0182,0.0200,0.0551,0.1155,-0.0174,0.0810,-0.0928,-1.3989,0.7789,1.3542,101.1252,-55.0676,-112.4991
325213365,-0.0068,-0.0089,0.0470,-0.1374,0.3334,-0.0170,-0.0581,0.0623,0.1159,-0.0180,0.0826,-0.1296,-1.0275,0.7789,1.3019,101.1254,-55.0644,-112.4952
325218364,-0.0064,-0.0097,0.0293,-0.1527,0.3536,-0.0212,-0.0613,0.0689,0.1162,-0.0186,0.0513,-0.1268,-0.8418,-0.4381,1.3019,101.1254,-55.0882,-112.4871
325223365,-0.0062,-0.0106,0.0211,-0.1436,0.3606,-0.0229,-0.0620,0.0710,0.1164,-0.0192,0.0390,-0.1176,-0.6097,-0.4381,1.3019,101.1257,-55.0900,-112.4822
325228365,-0.0062,-0.0115,0.0275,-0.1484,0.3710,-0.0208,-0.0662,0.0728,0.1166,-0.0198,0.0528,-0.1068,-0.5169,-0.4381,2.3541,101.1254,-55.0926,-112.4517
325233364,-0.0062,-0.0123,0.0376,-0.1506,0.3542,-0.0181,-0.0706,0.0751,0.1170,-0.0203,0.0605,-0.1089,-0.3776,-0.4381,2.3541,101.1255,-55.0944,-112.4429
325238364,-0.0059,-0.0133,0.0547,-0.1429,0.3038,-0.0122,-0.0726,0.0732,0.1173,-0.0207,0.0780,-0.0772,-0.2847,-1.1240,3.2818,101.1260,-55.1112,-112.4079
325243365,-0.0055,-0.0142,0.0675,-0.1228,0.2830,-0.0074,-0.0727,0.0693,0.1178,-0.0209,0.0869,-0.0484,-0.2383,-1.5988,3.3866,101.1254,-55.1268,-112.3935
325248364,-0.0051,-0.0148,0.0632,-0.0745,0.2659,-0.0063,-0.0638,0.0599,0.1182,-0.0209,0.0862,0.0126,-0.1919,-1.7666,4.0683,101.1255,-55.1398,-112.3550
325253364,-0.0048,-0.0149,0.0531,0.0254,0.2540,-0.0078,-0.0396,0.0376,0.1186,-0.0202,0.0704,0.1423,-0.1455,-3.0530,4.7855,101.1254,-55.1758,-112.3248
325258364,-0.0046,-0.0149,0.0308,0.0608,0.2586,-0.0128,-0.0280,0.0308,0.1188,-0.0192,0.0457,0.1979,-0.0990,-3.8287,5.3667,101.1259,-55.2104,-112.2825
325263365,-0.0043,-0.0147,0.0171,0.0794,0.2519,-0.0149,-0.0218,0.0271,0.1190,-0.0181,0.0329,0.2196,-0.0990,-3.8772,5.5234,101.1253,-55.2268,-112.2592
325268365,-0.0041,-0.0144,-0.0031,0.1008,0.2439,-0.0193,-0.0130,0.0229,0.1190,-0.0168,0.0106,0.2526,-0.0526,-4.3419,5.8370,101.1259,-55.2609,-112.2166
325273365,-0.0041,-0.0140,-0.0247,0.1164,0.2448,-0.0244,-0.0056,0.0206,0.1190,-0.0154,-0.0087,0.2723,-0.0526,-4.3419,6.1139,101.1256,-55.2783,-112.1885
325278365,-0.0042,-0.0136,-0.0470,0.1399,0.2625,-0.0307,0.0500,0.0166,0.1188,-0.0139,-0.0311,0.2989,-0.0526,-4.4520,6.2116,101.1254,-55.3068,-112.1481
325283364,-0.0045,-0.0130,-0.0602,0.1634,0.2818,-0.0327,0.0500,0.0145,0.1188,-0.0127,-0.0072,0.2562,0.0000,-4.4520,6.2116,101.1260,-55.3246,-112.1249
325288364,-0.0050,-0.0124,-0.0702,0.1720,0.2974,-0.0374,0.0500,0.0125,0.1187,-0.0114,-0.0186,0.2624,0.0000,-3.7704,6.0542,101.1260,-55.3366,-112.0901
325293364,-0.0054,-0.0116,-0.0699,0.1848,0.3221,-0.0398,0.0500,0.0082,0.1186,-0.0100,-0.0220,0.2687,0.0000,-3.0889,5.6129,101.1260,-55.3366,-112.0766
325298365,-0.0059,-0.0108,-0.0623,0.1909,0.3936,-0.0411,-0.0200,0.0040,0.1185,-0.0087,-0.0205,0.2641,0.0000,-2.2613,4.8958,101.1260,-55.3361,-112.0594
325303365,-0.0061,-0.0099,-0.0086,0.1851,0.4495,-0.0290,-0.0200,-0.0500,0.1186,-0.0074,0.0333,0.2583,0.0000,-1.8719,4.8958,101.1260,-55.3366,-112.0410
325308365,-0.0060,-0.0092,0.0391,0.1628,0.4834,-0.0207,0.0052,-0.0500,0.1188,-0.0065,0.0358,0.1699,-0.0464,-0.4796,3.8303,101.1250,-55.3174,-112.0348
325313365,-0.0056,-0.0085,0.0950,0.1222,0.4889,-0.0045,-0.0500,-0.0500,0.1193,-0.0060,0.1014,0.1123,-0.0464,0.6602,3.8303,101.1247,-55.2932,-112.0205
325318364,-0.0050,-0.0080,0.1362,0.0748,0.4620,0.0500,-0.0500,-0.0500,0.1200,-0.0056,0.1370,0.0748,-0.0464,0.6602,3.6735,101.1245,-55.2893,-111.9997
325323364,-0.0042,-0.0078,0.1652,0.0220,0.4116,0.0500,-0.0500,0.0200,0.1208,-0.0055,0.1652,0.0220,-0.0464,0.6602,3.0463,101.1243,-55.2866,-111.9996
325328364,-0.0032,-0.0078,0.1646,-0.0272,0.3691,0.0500,-0.0500,0.0200,0.1217,-0.0056,0.1646,-0.0272,-0.0464,0.6602,2.2102,101.1241,-55.2827,-111.9999
325333364,-0.0023,-0.0081,0.1530,-0.0675,0.3667,0.0500,0.0200,0.0500,0.1225,-0.0059,0.1615,-0.0526,-0.0464,0.6602,0.9955,101.1238,-55.2800,-112.0178
325338364,-0.0015,-0.0084,0.1319,-0.0898,0.3939,-0.0200,0.0200,0.0500,0.1231,-0.0064,0.1319,-0.0898,-0.0464,0.6602,0.0000,101.1236,-55.2761,-112.0368
325343364,-0.0008,-0.0090,0.0929,-0.1115,0.4021,-0.0200,-0.0702,0.0500,0.1236,-0.0069,0.0900,-0.1066,0.0464,-0.3301,0.0000,101.1257,-55.2954,-112.0368
325348365,-0.0003,-0.0096,0.0541,-0.1439,0.4315,0.0067,-0.0761,0.0500,0.1238,-0.0076,0.0504,-0.1389,0.0464,-0.3301,0.0000,101.1259,-55.2974,-112.0368
325353365,0.0001,-0.0104,0.0495,-0.1643,0.4867,0.0042,-0.0829,-0.0200,0.1239,-0.0084,0.0162,-0.1594,1.7631,-0.3301,0.0000,101.1650,-55.2987,-112.0368
325358364,0.0003,-0.0112,0.0238,-0.1924,0.5298,-0.0019,-0.0897,-0.0200,0.1239,-0.0093,-0.0095,-0.1875,1.7631,-0.3301,0.0484,101.1720,-55.3007,-112.0357
325363364,0.0006,-0.0123,0.0015,-0.2239,0.5387,-0.0500,-0.0975,0.0837,0.1237,-0.0104,-0.0359,-0.2103,1.7631,-0.8656,0.0484,101.1826,-55.3128,-112.0355
325368364,0.0007,-0.0136,-0.0391,-0.2321,0.4870,-0.0500,-0.0978,0.0937,0.1234,-0.0114,-0.0552,-0.2025,1.7631,-1.9365,0.0484,101.1897,-55.3459,-112.0352
325373364,0.0005,-0.0148,-0.0660,-0.2083,0.4476,-0.0500,-0.0906,0.0945,0.1230,-0.0121,-0.0763,-0.1419,2.5653,-2.8334,1.6163,101.2183,-55.3725,-112.0008
325378364,0.0001,-0.0159,-0.0980,-0.1555,0.4107,-0.0500,-0.0773,0.0918,0.1225,-0.0125,-0.1075,-0.0876,2.5653,-2.8334,1.7208,101.2286,-55.3895,-111.9880
325383364,-0.0004,-0.0166,-0.1148,-0.0983,0.3569,0.0200,-0.0620,0.0851,0.1218,-0.0126,-0.1343,-0.0129,1.2282,-4.0080,1.7208,101.2127,-55.4273,-111.9815
325388365,-0.0011,-0.0171,-0.1240,-0.0473,0.3423,0.0200,-0.0487,0.0773,0.1211,-0.0123,-0.1476,0.0553,1.0143,-4.8322,2.0531,101.2130,-55.4700,-111.9640
325393364,-0.0016,-0.0172,-0.1200,0.0272,0.3212,-0.0434,-0.0305,0.0616,0.1203,-0.0116,-0.1581,0.1473,0.7469,-5.5034,2.5515,101.2130,-55.5037,-111.9448
325398364,-0.0021,-0.0171,-0.0837,0.0672,0.3435,-0.0353,-0.0243,0.0465,0.1198,-0.0105,-0.1044,0.2079,-0.1661,-6.1086,3.3327,101.1974,-55.5498,-111.9125
325403365,-0.0024,-0.0167,-0.0501,0.1133,0.3905,-0.0268,-0.0178,0.0296,0.1195,-0.0092,-0.0460,0.2606,-1.7166,-6.4493,3.4303,101.1589,-55.5812,-111.8977
325408365,-0.0024,-0.0162,-0.0095,0.1655,0.4351,-0.0172,-0.0091,0.0096,0.1195,-0.0076,-0.0022,0.3275,-1.7166,-6.7536,4.1120,101.1520,-55.6269,-111.8597
325413365,-0.0024,-0.0153,0.0079,0.2156,0.4626,-0.0128,0.0019,-0.0500,0.1196,-0.0057,0.0152,0.3776,-1.7166,-6.7536,4.1120,101.1417,-55.6539,-111.8443
325418365,-0.0021,-0.0143,0.0015,0.2401,0.4373,-0.0152,0.0500,-0.0500,0.1195,-0.0040,-0.0185,0.3382,-2.0880,-6.5858,4.5533,101.1273,-55.6905,-111.8078
325423364,-0.0019,-0.0131,-0.0180,0.2508,0.3820,-0.0143,0.0500,-0.0500,0.1196,-0.0028,0.0197,0.2507,-2.1809,-6.2950,4.5533,101.1123,-55.7110,-111.7907
325428365,-0.0019,-0.0120,-0.0418,0.2605,0.3499,-0.0199,0.0500,-0.0500,0.1196,-0.0015,-0.0041,0.2605,-2.1809,-5.5678,4.6018,101.1036,-55.7308,-111.7611
325433365,-0.0023,-0.0109,-0.0541,0.2673,0.3276,-0.0241,0.0500,0.0200,0.1195,-0.0001,-0.0164,0.2672,-2.1809,-5.3612,4.3405,101.0905,-55.7488,-111.7492
325438365,-0.0025,-0.0096,-0.0800,0.2669,0.3456,-0.0315,-0.0200,0.0200,0.1193,0.0012,-0.0423,0.2669,-2.1809,-3.9670,3.1384,101.0818,-55.7487,-111.7499
325443364,-0.0028,-0.0084,-0.0480,0.2208,0.3688,-0.0235,-0.0200,-0.0166,0.1193,0.0025,0.0097,0.2557,-2.1809,-3.2441,2.3367,101.0687,-55.7486,-111.7553
325448365,-0.0030,-0.0075,-0.0339,0.1552,0.3591,-0.0234,0.0154,-0.0057,0.1193,0.0035,-0.0135,0.1971,-2.1809,-2.4179,0.3994,101.0600,-55.7489,-111.7866
325453365,-0.0031,-0.0069,-0.0150,0.0962,0.3145,-0.0183,0.0024,0.0500,0.1193,0.0041,0.0089,0.1305,-2.1809,-1.9532,0.3510,101.0469,-55.7483,-111.7861
325458365,-0.0032,-0.0066,-0.0263,0.0363,0.3074,-0.0211,-0.0500,0.0500,0.1193,0.0044,0.0039,0.0577,-2.4626,-1.4368,0.2541,101.0316,-55.7482,-111.7863
325463364,-0.0033,-0.0065,-0.0012,-0.0046,0.3838,-0.0152,-0.0500,0.0500,0.1195,0.0044,0.0413,-0.0046,-2.4626,-1.1786,0.2057,101.0169,-55.7483,-111.7864
325468364,-0.0033,-0.0066,0.0147,-0.0412,0.4641,-0.0123,-0.0500,0.0500,0.1198,0.0042,0.0572,-0.0413,-2.4626,-0.8688,0.1573,101.0070,-55.7483,-111.7863
325473364,-0.0032,-0.0071,0.0525,-0.1103,0.4870,-0.0023,-0.0500,-0.0200,0.1203,0.0036,0.0967,-0.1103,-2.5566,-0.7139,0.1088,100.9900,-55.7484,-111.7868
325478365,-0.0028,-0.0079,0.0858,-0.1823,0.4470,0.0500,0.0200,-0.0200,0.1210,0.0027,0.1300,-0.1824,-2.5566,-0.5074,0.1088,100.9798,-55.7480,-111.7861
325483364,-0.0022,-0.0090,0.1136,-0.2480,0.3539,0.0500,0.0200,0.0710,0.1215,0.0015,0.1145,-0.2464,-2.5566,-0.5074,0.1088,100.9645,-55.7504,-111.7858
325488365,-0.0016,-0.0103,0.1228,-0.2688,0.4064,0.0500,-0.1108,0.0763,0.1221,0.0002,0.1194,-0.2596,-2.0753,-0.5074,0.1088,100.9647,-55.7525,-111.7851
325493365,-0.0009,-0.0116,0.1289,-0.2224,0.4263,0.0500,-0.1078,0.0686,0.1228,-0.0009,0.1255,-0.2132,-1.5405,-0.5074,0.1088,100.9645,-55.7555,-111.7847
325498365,-0.0003,-0.0127,0.1451,-0.1671,0.4415,-0.0200,-0.1008,0.0555,0.1234,-0.0015,0.1271,-0.1325,-1.2731,-2.2128,0.1088,100.9642,-55.7951,-111.7840
325503364,0.0004,-0.0133,0.1491,-0.1295,0.4870,-0.0200,-0.0971,0.0470,0.1240,-0.0020,0.1311,-0.0949,0.3291,-2.2128,0.1088,100.9924,-55.8083,-111.7836
325508364,0.0013,-0.0139,0.1704,-0.1579,0.5356,0.0385,-0.1094,0.0504,0.1247,-0.0026,0.1361,-0.1146,0.6583,-2.7969,0.1088,101.0015,-55.8293,-111.7829
325513365,0.0022,-0.0147,0.1387,-0.1668,0.5069,0.0343,-0.1099,0.0561,0.1252,-0.0031,0.1009,-0.1019,1.2781,-3.0890,1.2586,101.0182,-55.8535,-111.7580
325518364,0.0029,-0.0158,0.1008,-0.1842,0.3844,0.0278,-0.1109,0.0684,0.1255,-0.0036,0.0452,-0.1029,2.1796,-3.7749,1.6767,101.0440,-55.8817,-111.7392
325523365,0.0033,-0.0168,0.0455,-0.1570,0.2772,0.0161,-0.0996,0.0729,0.1254,-0.0039,-0.0187,-0.0607,2.1796,-4.7816,1.6767,101.0549,-55.9266,-111.7336
325528365,0.0034,-0.0174,-0.0009,-0.0672,0.2684,0.0046,-0.0749,0.0600,0.1250,-0.0037,-0.0683,0.0480,2.1796,-5.6058,2.1197,101.0680,-55.9632,-111.7134
325533365,0.0035,-0.0173,0.0226,0.0632,0.3294,0.0091,-0.0486,0.0268,0.1247,-0.0027,-0.0616,0.1966,2.9874,-6.3804,2.5628,101.0951,-56.0149,-111.6961
325538366,0.0034,-0.0169,0.0076,0.1051,0.3664,0.0042,-0.0349,0.0167,0.1243,-0.0014,-0.0802,0.2565,2.9874,-7.1992,2.9533,101.1130,-56.0590,-111.6712
325543364,0.0037,-0.0164,0.0092,0.1225,0.3414,0.0055,-0.0280,0.0094,0.1239,0.0001,-0.0861,0.2985,2.9874,-8.4570,3.3439,101.1249,-56.1319,-111.6523
325548365,0.0038,-0.0159,-0.0235,0.1481,0.3572,-0.0019,-0.0159,0.0041,0.1233,0.0018,-0.1103,0.3420,2.4767,-9.0723,3.9207,101.1305,-56.1789,-111.6172
325553365,0.0036,-0.0151,-0.0822,0.1958,0.3878,-0.0500,0.0500,-0.0018,0.1225,0.0038,-0.1718,0.3947,2.4767,-9.4116,3.9207,101.1404,-56.2413,-111.6040
325558364,0.0031,-0.0141,-0.1155,0.2398,0.3383,-0.0500,0.0500,-0.0500,0.1221,0.0053,-0.0820,0.2982,2.4767,-9.5665,3.9207,101.1553,-56.2826,-111.5780
325563365,0.0024,-0.0129,-0.1423,0.2935,0.2790,-0.0500,0.0500,-0.0500,0.1213,0.0067,-0.1423,0.2935,2.3659,-9.4142,3.3691,101.1629,-56.3367,-111.5767
325568364,0.0018,-0.0115,-0.1454,0.3290,0.2500,-0.0500,0.0500,-0.0500,0.1206,0.0084,-0.1454,0.3290,1.7568,-9.1221,3.2588,101.1630,-56.3675,-111.5573
325573365,0.0013,-0.0098,-0.1555,0.3344,0.2592,0.0200,-0.0200,-0.0500,0.1198,0.0100,-0.1555,0.3344,1.2942,-7.0645,3.2588,101.1601,-56.3749,-111.5463
325578364,0.0006,-0.0082,-0.1652,0.3537,0.2598,0.0200,-0.0200,0.0200,0.1190,0.0118,-0.1652,0.3537,-0.5571,-7.0645,2.7260,101.1244,-56.4032,-111.5363
325583365,-0.0003,-0.0067,-0.1521,0.3326,0.2561,-0.0457,0.0729,0.0200,0.1180,0.0139,-0.1934,0.4213,-0.5571,-5.9459,1.4222,101.1222,-56.4212,-111.5551
325588365,-0.0009,-0.0052,-0.1264,0.2819,0.2882,-0.0400,0.0628,-0.0338,0.1174,0.0157,-0.1365,0.3562,-1.7419,-4.8272,0.1534,101.0936,-56.4204,-111.5774
325593364,-0.0015,-0.0040,-0.1093,0.2132,0.3175,-0.0372,0.0488,-0.0238,0.1168,0.0170,-0.1052,0.2691,-1.9573,-3.5967,0.1534,101.0815,-56.4210,-111.5769
325598364,-0.0019,-0.0031,-0.1020,0.1533,0.3059,-0.0364,0.0379,-0.0133,0.1164,0.0180,-0.0926,0.1984,-1.9573,-2.9255,0.0983,101.0697,-56.4206,-111.5772
325603365,-0.0023,-0.0025,-0.1200,0.1338,0.2690,-0.0414,0.0384,-0.0072,0.1159,0.0189,-0.1044,0.1680,-1.9573,-2.1984,0.0983,101.0619,-56.4214,-111.5767
325608365,-0.0029,-0.0019,-0.1075,0.1075,0.3081,-0.0407,0.0321,-0.0032,0.1155,0.0195,-0.0805,0.1210,-2.8588,-1.7509,-0.8390,101.0281,-56.4203,-111.5961
325613365,-0.0033,-0.0015,-0.0528,0.0837,0.4217,-0.0305,0.0195,-0.0052,0.1153,0.0198,-0.0324,0.0725,-2.8588,-1.3034,-2.0451,101.0167,-56.4206,-111.6307
325618364,-0.0033,-0.0012,0.0333,0.0519,0.4428,-0.0082,0.0018,-0.0106,0.1156,0.0200,0.0646,0.0374,-3.3760,-1.0797,-2.0451,100.9872,-56.4209,-111.6389
325623364,-0.0028,-0.0014,0.1164,-0.0574,0.2653,0.0500,-0.0500,0.0500,0.1164,0.0197,0.1501,-0.0761,-3.3760,-0.8000,-2.0451,100.9737,-56.4209,-111.6512
325628364,-0.0019,-0.0023,0.1924,-0.2104,0.3136,0.0500,-0.0500,0.0500,0.1173,0.0186,0.1924,-0.2104,-3.4830,-0.6322,-2.0451,100.9509,-56.4204,-111.6594
325633364,-0.0007,-0.0035,0.2053,-0.2724,0.3850,0.0500,-0.0500,0.0500,0.1184,0.0172,0.2052,-0.2724,-3.4830,-0.4644,-1.5568,100.9370,-56.4205,-111.6603
325638365,0.0002,-0.0052,0.2159,-0.3036,0.3924,0.0500,-0.0500,0.0500,0.1194,0.0157,0.2159,-0.3036,-3.4830,-0.4085,-1.2639,100.9161,-56.4211,-111.6601
325643365,0.0013,-0.0068,0.2468,-0.3195,0.3414,-0.0200,0.0200,-0.0200,0.1207,0.0141,0.2468,-0.3195,-2.9292,-0.4085,-0.9221,100.9141,-56.4235,-111.6597
325648364,0.0025,-0.0085,0.2761,-0.3115,0.3133,-0.0200,0.0200,-0.0200,0.1220,0.0126,0.2761,-0.3115,-2.1540,-0.4085,-0.7757,100.9144,-56.4251,-111.6602
325653364,0.0040,-0.0101,0.2495,-0.2987,0.3294,0.0762,-0.1421,0.0532,0.1234,0.0112,0.2725,-0.2635,-1.7664,-1.6205,0.7341,100.9143,-56.4536,-111.6318
325658365,0.0052,-0.0117,0.2043,-0.2996,0.3667,0.0689,-0.1442,0.0612,0.1245,0.0100,0.2199,-0.2539,-1.3234,-1.9599,1.1012,100.9139,-56.4681,-111.6202
325663365,0.0062,-0.0131,0.1338,-0.2773,0.3933,0.0538,-0.1367,0.0679,0.1252,0.0089,0.1393,-0.2208,-1.1019,-2.6828,1.1012,100.9135,-56.4949,-111.6136
325668364,0.0066,-0.0147,0.1005,-0.2669,0.4009,0.0438,-0.1347,0.0755,0.1255,0.0078,0.0653,-0.2082,1.1766,-2.8377,1.1012,100.9578,-56.5093,-111.6092
325673365,0.0071,-0.0160,0.1246,-0.2572,0.3863,0.0517,-0.1408,0.0744,0.1260,0.0068,0.0848,-0.1984,1.4440,-2.8377,1.1012,100.9688,-56.5263,-111.6026
325678364,0.0078,-0.0173,0.1616,-0.2343,0.3927,0.0642,-0.1453,0.0660,0.1266,0.0061,0.1255,-0.1492,1.4440,-3.4978,2.2045,100.9775,-56.5527,-111.5743
325683365,0.0087,-0.0184,0.1487,-0.1747,0.4116,0.0628,-0.1348,0.0562,0.1270,0.0057,0.0930,-0.0752,2.1964,-4.3741,2.3014,100.9991,-56.5934,-111.5591
325688365,0.0095,-0.0191,0.1225,-0.0913,0.4073,0.0595,-0.1156,0.0405,0.1274,0.0059,0.0674,0.0330,2.1964,-5.1655,3.1731,101.0123,-56.6283,-111.5300
325693365,0.0100,-0.0195,0.0696,-0.0367,0.3951,0.0466,-0.0964,0.0346,0.1274,0.0065,-0.0073,0.1188,3.1542,-6.5191,3.9048,101.0420,-56.6897,-111.4949
325698364,0.0104,-0.0196,0.0449,0.0205,0.3691,0.0416,-0.0801,0.0244,0.1271,0.0074,-0.0422,0.1939,3.1542,-7.7205,3.9048,101.0609,-56.7421,-111.4793
325703365,0.0107,-0.0196,0.0186,0.0455,0.3942,0.0342,-0.0692,0.0199,0.1267,0.0087,-0.0913,0.2493,4.1236,-9.0963,4.5694,101.0952,-56.8196,-111.4403
325708364,0.0109,-0.0193,-0.0205,0.0751,0.4180,0.0237,-0.0558,0.0161,0.1260,0.0102,-0.1426,0.2992,4.5414,-10.0661,4.9600,101.1288,-56.8773,-111.4140
325713365,0.0108,-0.0190,-0.0644,0.0913,0.3768,0.0123,-0.0432,0.0164,0.1250,0.0119,-0.1933,0.3380,4.5414,-11.2147,5.3198,101.1470,-56.9633,-111.3764
325718365,0.0104,-0.0182,-0.1213,0.1912,0.3209,-0.0500,-0.0094,0.0004,0.1237,0.0141,-0.2570,0.4448,4.7629,-11.6277,5.3722,101.1795,-57.0173,-111.3539
325723364,0.0094,-0.0173,-0.2190,0.2254,0.3172,-0.0500,0.0500,0.0006,0.1223,0.0165,-0.2788,0.4877,4.7629,-12.2986,5.2619,101.1985,-57.1026,-111.3240
325728364,0.0083,-0.0161,-0.2593,0.2721,0.3044,-0.0500,0.0500,0.0019,0.1213,0.0183,-0.2145,0.3503,4.5490,-12.4041,5.2619,101.2223,-57.1542,-111.3029
325733364,0.0071,-0.0149,-0.2819,0.2963,0.2852,-0.0500,0.0500,-0.0018,0.1201,0.0201,-0.2395,0.3702,4.5490,-12.3705,4.9713,101.2405,-57.2283,-111.2778
325738364,0.0058,-0.0135,-0.3042,0.3109,0.2418,0.0200,0.0500,-0.0500,0.1187,0.0221,-0.2618,0.3849,3.7026,-11.6992,4.9713,101.2491,-57.2633,-111.2579
325743365,0.0042,-0.0120,-0.3103,0.3323,0.2134,0.0200,-0.0200,-0.0500,0.1172,0.0237,-0.3103,0.3323,2.9973,-10.2139,4.0306,101.2483,-57.3014,-111.2490
325748364,0.0026,-0.0104,-0.2929,0.3540,0.2473,-0.0688,-0.0200,-0.0500,0.1156,0.0255,-0.3241,0.3540,1.8041,-9.9642,3.6648,101.2399,-57.3370,-111.2413
325753364,0.0012,-0.0086,-0.2489,0.3803,0.2983,-0.0670,0.0883,-0.0500,0.1140,0.0280,-0.3186,0.4941,0.2532,-7.6275,3.6648,101.2128,-57.3432,-111.2194
325758364,0.0001,-0.0067,-0.1903,0.3757,0.3352,-0.0569,0.0881,0.0200,0.1127,0.0304,-0.2582,0.4879,0.1997,-7.5220,3.6648,101.2131,-57.3716,-111.2047
325763364,-0.0007,-0.0049,-0.1445,0.3415,0.3600,-0.0476,0.0799,0.0200,0.1117,0.0325,-0.1948,0.4245,0.1462,-5.5700,1.3621,101.2128,-57.3717,-111.2349
325768364,-0.0012,-0.0039,-0.0971,0.1683,0.3698,-0.0373,0.0404,-0.0173,0.1110,0.0338,-0.1411,0.2545,0.1462,-5.3062,0.4737,101.2137,-57.3877,-111.2497
325773364,-0.0016,-0.0032,-0.0929,0.1045,0.3646,-0.0378,0.0291,-0.0052,0.1103,0.0347,-0.1369,0.1890,0.0927,-5.3062,0.3692,101.2130,-57.4196,-111.2493
325778364,-0.0021,-0.0030,-0.0696,0.0648,0.2855,-0.0308,0.0168,0.0500,0.1099,0.0353,-0.0861,0.1146,-1.7720,-4.4113,-1.0655,101.1732,-57.4212,-111.2785
325783365,-0.0024,-0.0029,-0.0205,0.0559,0.2170,-0.0167,0.0096,0.0500,0.1098,0.0358,-0.0111,0.1041,-2.1596,-3.2367,-1.4045,101.1570,-57.4205,-111.2935
325788365,-0.0024,-0.0026,0.0318,0.0596,0.2525,-0.0037,0.0035,0.0500,0.1101,0.0363,0.0460,0.0994,-2.1596,-2.6773,-1.4045,101.1440,-57.4212,-111.2991
325793364,-0.0019,-0.0025,0.1060,0.0101,0.3337,0.0500,-0.0500,0.0500,0.1107,0.0365,0.1264,0.0391,-2.1596,-1.9502,-1.4045,101.1354,-57.4205,-111.3075
325798365,-0.0012,-0.0026,0.1429,-0.0513,0.3734,0.0500,-0.0500,-0.0200,0.1114,0.0363,0.1429,-0.0513,-2.3918,-1.6146,-1.4045,101.1170,-57.4209,-111.3132
325803364,-0.0002,-0.0032,0.1903,-0.1487,0.3643,0.0500,-0.0500,-0.0200,0.1124,0.0355,0.1903,-0.1487,-2.3918,-1.1672,-1.4045,101.1074,-57.4203,-111.3216
325808365,0.0007,-0.0044,0.2010,-0.2645,0.3691,0.0500,-0.0500,0.0420,0.1134,0.0342,0.1972,-0.2710,-2.3918,-0.9994,-0.4359,101.0931,-57.4213,-111.3067
325813365,0.0020,-0.0061,0.2651,-0.3665,0.4596,-0.0200,0.0200,0.0570,0.1147,0.0324,0.2705,-0.3571,-2.1225,-0.7197,0.6296,101.0893,-57.4208,-111.2831
325818364,0.0032,-0.0080,0.2633,-0.3506,0.4592,-0.0200,0.0200,0.0581,0.1161,0.0307,0.2687,-0.3413,0.0000,-0.7197,0.6296,101.1253,-57.4237,-111.2806
325823365,0.0045,-0.0098,0.2285,-0.3164,0.3881,0.0706,-0.1443,0.0588,0.1172,0.0292,0.2277,-0.2963,0.0000,-0.7197,0.6296,101.1253,-57.4280,-111.2768
325828365,0.0057,-0.0113,0.1796,-0.2996,0.3737,0.0623,-0.1395,0.0629,0.1180,0.0280,0.1674,-0.2482,0.4984,-1.9317,1.5181,101.1355,-57.4569,-111.2557
325833366,0.0066,-0.0128,0.1561,-0.3161,0.4040,0.0579,-0.1459,0.0725,0.1186,0.0267,0.1229,-0.2572,1.7720,-2.1256,1.8316,101.1662,-57.4735,-111.2385
325838364,0.0072,-0.0145,0.1295,-0.3613,0.4217,0.0534,-0.1597,0.0902,0.1191,0.0252,0.0963,-0.3024,1.7720,-2.1256,1.8316,101.1768,-57.4820,-111.2312
325843366,0.0079,-0.0164,0.1503,-0.3378,0.4171,0.0619,-0.1637,0.0859,0.1197,0.0239,0.1216,-0.2539,1.7720,-2.6936,2.9392,101.1839,-57.5083,-111.1932
325848365,0.0088,-0.0181,0.1897,-0.3094,0.4040,0.0747,-0.1693,0.0791,0.1205,0.0228,0.1469,-0.2161,2.8951,-2.6936,3.5739,101.2214,-57.5191,-111.1682
325853364,0.0099,-0.0195,0.1826,-0.2150,0.4654,0.0761,-0.1533,0.0594,0.1212,0.0224,0.1380,-0.0934,3.1302,-3.5188,4.6534,101.2377,-57.5548,-111.1226
325858365,0.0107,-0.0201,0.1304,-0.0980,0.5942,0.0635,-0.1254,0.0391,0.1215,0.0225,0.0697,0.0388,3.5534,-4.5411,4.6534,101.2672,-57.5915,-111.1040
325863365,0.0114,-0.0203,0.0840,-0.0272,0.4999,0.0548,-0.1022,0.0282,0.1215,0.0233,0.0091,0.1439,4.2859,-5.7767,5.7163,101.2983,-57.6471,-111.0514
325868364,0.0118,-0.0206,0.0342,-0.0122,0.3688,0.0438,-0.0900,0.0320,0.1212,0.0242,-0.0627,0.1857,5.2014,-7.0371,6.2568,101.3439,-57.6980,-111.0162
325873364,0.0119,-0.0206,-0.0290,0.0131,0.3560,0.0275,-0.0742,0.0330,0.1205,0.0254,-0.1386,0.2429,5.6192,-8.4261,7.0040,101.3733,-57.7724,-110.9611
325878365,0.0116,-0.0205,-0.1090,0.0638,0.4473,0.0039,-0.0511,0.0301,0.1194,0.0270,-0.2338,0.3139,6.0533,-9.5604,7.2255,101.4163,-57.8310,-110.9279
325883364,0.0110,-0.0201,-0.1701,0.0929,0.4767,-0.0500,-0.0331,0.0292,0.1179,0.0288,-0.2976,0.3717,6.0533,-10.6815,8.0320,101.4405,-57.9138,-110.8655
325888364,0.0100,-0.0196,-0.2553,0.1313,0.3850,-0.0500,-0.0121,0.0285,0.1165,0.0309,-0.2824,0.4220,6.2672,-11.3341,8.1423,101.4818,-57.9708,-110.8312
325893364,0.0086,-0.0190,-0.3192,0.1503,0.2778,-0.0500,0.0500,0.0337,0.1147,0.0332,-0.3482,0.4548,5.8440,-11.9156,8.4948,101.4981,-58.0523,-110.7743
325898364,0.0069,-0.0184,-0.3348,0.1750,0.3065,-0.0500,0.0500,0.0388,0.1134,0.0347,-0.2612,0.3037,5.3738,-12.1103,8.6516,101.5214,-58.1042,-110.7369
325903364,0.0052,-0.0174,-0.3457,0.2431,0.3914,0.0200,0.0500,0.0243,0.1121,0.0366,-0.2717,0.3727,5.1484,-11.8929,8.7070,101.5383,-58.1720,-110.6837
325908364,0.0036,-0.0162,-0.3195,0.2926,0.2885,0.0200,0.0500,0.0104,0.1108,0.0387,-0.2449,0.4230,3.7962,-11.5872,8.7558,101.5381,-58.2130,-110.6479
325913365,0.0020,-0.0147,-0.2954,0.3473,0.2952,-0.0682,-0.0200,-0.0500,0.1095,0.0411,-0.2743,0.4785,3.1201,-10.2825,8.8083,101.5384,-58.2528,-110.5941
325918364,0.0007,-0.0129,-0.2425,0.3800,0.3756,-0.0661,-0.0200,-0.0500,0.1081,0.0430,-0.2828,0.3799,2.3313,-8.7850,8.4221,101.5388,-58.2608,-110.5672
325923364,-0.0005,-0.0110,-0.2089,0.3830,0.4669,-0.0681,0.0780,-0.0500,0.1065,0.0455,-0.3085,0.5001,1.8805,-7.8498,8.2768,101.5382,-58.2938,-110.5199
325928364,-0.0014,-0.0090,-0.1686,0.3793,0.4815,-0.0602,0.0784,-0.0500,0.1053,0.0479,-0.2472,0.4750,1.3734,-6.4195,7.6497,101.5379,-58.2937,-110.4997
325933364,-0.0019,-0.0071,-0.0730,0.3745,0.4018,-0.0359,0.0717,0.0200,0.1046,0.0501,-0.1341,0.4464,1.1481,-4.8241,7.3884,101.5385,-58.2952,-110.4605
325938365,-0.0021,-0.0054,-0.0061,0.3494,0.3658,-0.0190,0.0644,0.0200,0.1043,0.0522,-0.0624,0.4213,0.8664,-4.8241,6.3361,101.5388,-58.3145,-110.4535
325943364,-0.0019,-0.0039,0.0742,0.3054,0.3655,0.0500,0.0522,-0.0720,0.1046,0.0544,0.0643,0.4428,0.6973,-4.4833,4.7301,101.5385,-58.3364,-110.4526
325948365,-0.0012,-0.0025,0.1414,0.2541,0.2891,0.0500,0.0350,-0.0731,0.1053,0.0563,0.1430,0.3660,0.5283,-3.6558,3.8440,101.5387,-58.3362,-110.4532
325953364,-0.0002,-0.0014,0.1888,0.1970,0.2458,0.0500,0.0170,-0.0700,0.1063,0.0577,0.1898,0.2802,0.4156,-2.7308,2.8472,101.5383,-58.3368,-110.4531
325958365,0.0006,-0.0006,0.1872,0.1500,0.2757,0.0500,0.0050,-0.0625,0.1073,0.0587,0.1995,0.1987,0.3029,-0.9218,2.3488,101.5382,-58.3079,-110.4527
325963364,0.0015,0.0000,0.1939,0.1020,0.4626,-0.0200,-0.0500,-0.0581,0.1083,0.0593,0.2076,0.1302,0.2466,-0.1516,1.7396,101.5382,-58.2941,-110.4527
325968364,0.0027,0.0004,0.2437,0.0489,0.6141,-0.0200,-0.0500,-0.0578,0.1096,0.0597,0.2559,0.0698,0.1902,-0.0966,1.4073,101.5384,-58.2935,-110.4534
325973364,0.0041,0.0005,0.2926,0.0000,0.5787,0.0830,-0.0500,-0.0553,0.1111,0.0597,0.2991,0.0152,0.1339,-0.0966,1.0197,101.5380,-58.2941,-110.4535
325978364,0.0057,0.0000,0.2761,-0.0770,0.3890,0.0876,-0.0500,-0.0355,0.1125,0.0594,0.2802,-0.0643,0.1902,-0.0966,0.8535,101.5402,-58.2944,-110.4532
325983365,0.0072,-0.0007,0.2569,-0.1646,0.2436,0.0897,0.0200,-0.0109,0.1137,0.0586,0.2509,-0.1693,0.1902,-0.0966,-0.3136,101.5410,-58.2950,-110.4728
325988365,0.0083,-0.0017,0.1958,-0.2080,0.2775,0.0778,0.0200,0.0500,0.1146,0.0574,0.1795,-0.2305,0.1902,-0.0966,-1.5156,101.5421,-58.2954,-110.5008
325993365,0.0094,-0.0029,0.1717,-0.2575,0.2919,0.0759,-0.1083,0.0500,0.1154,0.0562,0.1579,-0.2393,0.1902,-1.2162,-1.5156,101.5429,-58.3199,-110.5102
325998365,0.0100,-0.0045,0.1570,-0.3231,0.1770,0.0730,-0.1239,0.0500,0.1159,0.0547,0.1017,-0.2941,2.2367,-1.9464,-1.5156,101.5897,-58.3415,-110.5159
326003364,0.0106,-0.0061,0.1457,-0.3393,0.3563,0.0702,-0.1352,0.0500,0.1164,0.0532,0.0904,-0.3103,2.2367,-1.9464,-1.5156,101.5986,-58.3532,-110.5254
326008364,0.0113,-0.0078,0.0919,-0.3424,0.5326,0.0559,-0.1373,-0.0200,0.1165,0.0517,0.0179,-0.3032,2.9795,-2.6323,-1.5156,101.6284,-58.3760,-110.5311
326013366,0.0116,-0.0095,0.0202,-0.3118,0.6110,0.0382,-0.1290,-0.0200,0.1162,0.0503,-0.0538,-0.2726,2.9795,-2.6323,-1.2734,101.6404,-58.3918,-110.5353
326018364,0.0115,-0.0112,-0.0223,-0.3125,0.5967,0.0251,-0.1286,0.0806,0.1156,0.0489,-0.1251,-0.2751,3.6440,-3.5831,-1.0797,101.6739,-58.4224,-110.5359
326023365,0.0113,-0.0128,-0.0318,-0.3314,0.5472,0.0230,-0.1334,0.0894,0.1150,0.0477,-0.1257,-0.2525,3.6440,-4.4558,0.8362,101.6885,-58.4625,-110.4983
326028365,0.0112,-0.0146,-0.0406,-0.3167,0.4760,0.0198,-0.1327,0.0947,0.1142,0.0466,-0.1545,-0.2255,4.3927,-5.2820,0.8362,101.7284,-58.4976,-110.4952
326033365,0.0112,-0.0164,-0.0428,-0.3103,0.4034,0.0195,-0.1348,0.0999,0.1134,0.0455,-0.1651,-0.2043,4.3927,-6.2688,0.8362,101.7459,-58.5513,-110.4900
326038365,0.0109,-0.0178,-0.0843,-0.2434,0.2958,0.0087,-0.1166,0.0966,0.1123,0.0449,-0.2174,-0.1212,4.4868,-7.3520,0.8362,101.7747,-58.6004,-110.4868
326043365,0.0104,-0.0185,-0.1487,-0.1130,0.1786,-0.0500,-0.0774,0.0785,0.1109,0.0452,-0.2778,0.0535,4.2614,-8.8273,2.3314,101.7881,-58.6786,-110.4453
326048365,0.0090,-0.0192,-0.3054,-0.0987,0.2042,-0.0500,-0.0552,0.0950,0.1091,0.0457,-0.3624,0.1004,3.6416,-10.0192,3.3079,101.7985,-58.7401,-110.4159
326053364,0.0075,-0.0196,-0.3424,-0.0761,0.2665,-0.0500,-0.0420,0.0956,0.1071,0.0465,-0.4020,0.1632,3.6416,-11.5251,4.4995,101.8131,-58.8342,-110.3676
326058364,0.0058,-0.0202,-0.3729,-0.0617,0.2552,-0.0500,-0.0322,0.1007,0.1049,0.0475,-0.4322,0.1951,3.6416,-12.1013,5.1063,101.8349,-58.8932,-110.3382
326063365,0.0039,-0.0205,-0.3803,-0.0186,0.1923,0.0200,-0.0157,0.0955,0.1027,0.0489,-0.4417,0.2779,2.9879,-13.5585,6.3158,101.8357,-58.9995,-110.2780
326068364,0.0019,-0.0205,-0.3738,0.0367,0.2283,0.0200,-0.0001,0.0850,0.1005,0.0506,-0.4314,0.3497,0.2835,-13.8886,7.0998,101.7916,-59.0608,-110.2365
326073364,0.0003,-0.0201,-0.3033,0.1057,0.3542,-0.0836,0.0500,0.0594,0.0988,0.0529,-0.3547,0.4464,0.1144,-14.3390,8.5098,101.7887,-59.1550,-110.1600
326078364,-0.0009,-0.0194,-0.2138,0.1594,0.4455,-0.0572,0.0500,0.0439,0.0981,0.0543,-0.1372,0.2958,0.0581,-14.5553,9.1390,101.7880,-59.2173,-110.1143
326083365,-0.0017,-0.0186,-0.1359,0.1833,0.4476,-0.0400,0.0500,0.0260,0.0978,0.0560,-0.0482,0.3358,-0.0470,-14.1769,10.2234,101.7864,-59.2966,-110.0329
326088365,-0.0023,-0.0177,-0.0932,0.1817,0.4382,-0.0290,0.0500,0.0177,0.0980,0.0577,0.0275,0.3405,-1.7398,-13.7875,10.6415,101.7460,-59.3452,-109.9854
326093365,-0.0022,-0.0169,-0.0250,0.1985,0.4675,-0.0113,-0.0200,0.0009,0.0985,0.0596,0.1010,0.3668,-1.7398,-12.8378,11.2733,101.7391,-59.4062,-109.9044
326098364,-0.0022,-0.0158,0.0153,0.2343,0.4583,-0.0011,-0.0200,-0.0500,0.0992,0.0616,0.1432,0.4056,-1.7398,-11.5514,11.4831,101.7286,-59.4300,-109.8576
326103364,-0.0019,-0.0146,0.0776,0.2676,0.4257,0.0019,0.0084,-0.0500,0.0993,0.0637,0.0209,0.4193,-1.7398,-10.1828,11.4279,101.7216,-59.4685,-109.7871
326108364,-0.0012,-0.0132,0.1842,0.2908,0.4583,0.0500,0.0018,-0.0500,0.1000,0.0658,0.1333,0.4274,-1.5793,-9.1647,11.1819,101.7145,-59.4862,-109.7498
326113364,0.0000,-0.0117,0.2593,0.2923,0.5298,0.0500,-0.0500,-0.0500,0.1010,0.0678,0.1974,0.4005,-1.3119,-7.2542,10.2685,101.7141,-59.4987,-109.7011
326118364,0.0018,-0.0104,0.3002,0.2844,0.5274,0.0500,-0.0500,0.0200,0.1025,0.0692,0.3002,0.2844,-0.9910,-6.9443,8.6071,101.7137,-59.5204,-109.6988
326123364,0.0036,-0.0091,0.3170,0.2752,0.4394,0.0500,-0.0500,0.0200,0.1040,0.0706,0.3170,0.2752,-0.7771,-6.0641,7.9105,101.7145,-59.5434,-109.6600
326128364,0.0053,-0.0076,0.3250,0.2715,0.3774,-0.0200,-0.0500,-0.0976,0.1059,0.0725,0.3806,0.3682,-0.0994,-5.3490,6.4946,101.7243,-59.5514,-109.6613
326133364,0.0068,-0.0062,0.3094,0.2523,0.3520,-0.0200,0.0200,-0.0966,0.1077,0.0741,0.3504,0.3235,1.0815,-5.3490,4.7858,101.7502,-59.5835,-109.6604
326138364,0.0083,-0.0053,0.2819,0.1521,0.2812,0.1021,0.0200,-0.0753,0.1092,0.0752,0.3005,0.2166,1.0815,-5.3977,4.3464,101.7567,-59.6061,-109.6525
326143364,0.0098,-0.0047,0.2691,0.1054,0.2393,0.1000,-0.0382,-0.0710,0.1103,0.0764,0.2176,0.2514,2.4337,-5.4504,4.3464,101.7900,-59.6397,-109.6253
326148364,0.0111,-0.0042,0.2453,0.0696,0.2332,0.0986,-0.0441,-0.0634,0.1112,0.0774,0.1875,0.2047,2.4337,-5.4504,3.6122,101.8046,-59.6615,-109.6250
326153364,0.0123,-0.0040,0.1952,0.0412,0.2931,0.0893,-0.0470,-0.0536,0.1119,0.0783,0.1274,0.1657,2.4337,-5.6741,2.6684,101.8143,-59.6998,-109.6244
326158365,0.0133,-0.0039,0.1628,0.0122,0.3780,0.0834,-0.0529,-0.0450,0.1123,0.0788,0.0836,0.1169,2.4337,-5.6741,1.3393,101.8289,-59.7225,-109.6432
326163365,0.0141,-0.0038,0.1170,-0.0070,0.4244,0.0734,-0.0538,-0.0358,0.1124,0.0793,0.0244,0.0810,2.7030,-5.6225,0.2652,101.8447,-59.7555,-109.6613
326168365,0.0146,-0.0039,0.0718,-0.0330,0.3698,0.0643,-0.0546,-0.0239,0.1123,0.0795,-0.0293,0.0486,2.9815,-5.6225,-0.1661,101.8666,-59.7780,-109.6693
326173364,0.0149,-0.0042,0.0162,-0.0623,0.2748,0.0512,-0.0550,-0.0068,0.1117,0.0795,-0.1052,0.0004,3.3065,-5.8426,-1.6614,101.8861,-59.8170,-109.7070
326178364,0.0150,-0.0047,-0.0391,-0.0687,0.2476,0.0366,-0.0498,0.0500,0.1108,0.0795,-0.1759,-0.0010,4.0264,-6.1833,-1.6614,101.9226,-59.8479,-109.7132
326183364,0.0147,-0.0051,-0.0999,-0.0599,0.2852,0.0207,-0.0401,0.0500,0.1097,0.0797,-0.2251,0.0357,4.0799,-6.3943,-2.8634,101.9398,-59.8899,-109.7497
326188364,0.0137,-0.0054,-0.2428,-0.0617,0.2433,-0.0500,-0.0203,0.0500,0.1078,0.0799,-0.3852,0.0396,4.8821,-6.7859,-2.8634,101.9843,-59.9235,-109.7605
326193365,0.0124,-0.0057,-0.2896,-0.0773,0.2060,-0.0500,-0.0182,0.0500,0.1060,0.0800,-0.3507,0.0295,5.2583,-7.1252,-2.8634,102.0124,-59.9716,-109.7784
326198365,0.0108,-0.0060,-0.3094,-0.0870,0.2491,-0.0500,-0.0160,-0.0200,0.1042,0.0801,-0.3723,0.0228,5.2019,-7.3318,-2.6697,102.0428,-60.0044,-109.7851
326203364,0.0093,-0.0066,-0.3271,-0.0874,0.3184,-0.0500,-0.0138,-0.0200,0.1022,0.0802,-0.3904,0.0232,5.2019,-7.3868,-1.9432,102.0636,-60.0495,-109.7851
326208365,0.0077,-0.0072,-0.3409,-0.0785,0.3178,0.0200,-0.0103,0.0627,0.1001,0.0803,-0.4183,0.0074,4.8788,-7.3868,-1.6526,102.0882,-60.0790,-109.7860
326213364,0.0061,-0.0078,-0.3522,-0.0684,0.2558,0.0200,-0.0044,0.0672,0.0980,0.0804,-0.4245,0.0231,4.0171,-7.2813,-1.1683,102.0888,-60.1212,-109.7851
326218365,0.0043,-0.0081,-0.3341,-0.0547,0.1914,-0.0782,0.0012,0.0696,0.0958,0.0806,-0.4529,0.0332,2.9939,-6.8592,-0.9745,102.0892,-60.1405,-109.7853
326223365,0.0027,-0.0086,-0.2978,-0.0874,0.1636,-0.0744,-0.0088,0.0769,0.0937,0.0806,-0.4037,0.0016,2.4554,-6.6914,-0.7324,102.0892,-60.1781,-109.7858
326228364,0.0013,-0.0091,-0.2440,-0.1289,0.2983,-0.0670,-0.0260,0.0816,0.0920,0.0804,-0.3375,-0.0378,1.8091,-6.6914,-0.5871,102.0889,-60.2049,-109.7853
326233364,0.0008,-0.0099,-0.0855,-0.1393,0.3322,-0.0290,-0.0506,0.0669,0.0912,0.0801,-0.1676,-0.0510,1.4860,-6.2551,-0.3373,102.0890,-60.2344,-109.7836
326238365,0.0005,-0.0106,-0.0217,-0.1274,0.3762,-0.0128,-0.0582,0.0566,0.0908,0.0800,-0.0809,-0.0200,1.1090,-5.9453,1.2543,102.0891,-60.2529,-109.7505
326243365,0.0005,-0.0114,0.0153,-0.1200,0.4605,-0.0023,-0.0660,0.0507,0.0907,0.0800,-0.0122,-0.0111,-0.6761,-5.9453,1.3588,102.0541,-60.2885,-109.7400
326248364,0.0004,-0.0121,0.0266,-0.1274,0.4712,0.0012,-0.0720,0.0527,0.0908,0.0799,0.0103,-0.0176,-1.3522,-6.0003,1.3588,102.0330,-60.3136,-109.7349
326253365,0.0009,-0.0128,0.0498,-0.1148,0.3456,0.0500,-0.0731,0.0488,0.0910,0.0799,0.0399,0.0119,-1.3522,-6.1950,2.3003,102.0276,-60.3541,-109.7066
326258364,0.0013,-0.0135,0.0974,-0.1164,0.1944,0.0500,-0.0793,0.0474,0.0913,0.0800,0.0638,0.0160,-1.3522,-6.4061,2.4664,102.0194,-60.3835,-109.6941
326263365,0.0018,-0.0141,0.1356,-0.0996,0.1966,0.0500,-0.0829,0.0393,0.0918,0.0802,0.1003,0.0431,-1.3522,-6.8535,2.7105,102.0140,-60.4317,-109.6737
326268365,0.0026,-0.0146,0.1726,-0.0690,0.2870,0.0500,-0.0846,0.0263,0.0925,0.0807,0.1377,0.0874,-1.3522,-7.2898,3.1987,102.0059,-60.4685,-109.6523
326273364,0.0038,-0.0151,0.2150,-0.0476,0.2769,-0.0200,-0.0885,0.0151,0.0934,0.0813,0.1780,0.1189,-1.1269,-7.7546,3.4085,102.0051,-60.5232,-109.6281
326278365,0.0050,-0.0152,0.1851,-0.0076,0.2109,-0.0200,-0.0770,0.0083,0.0941,0.0821,0.1447,0.1694,0.6198,-8.2984,3.5658,102.0402,-60.5666,-109.6116
326283365,0.0061,-0.0154,0.1784,-0.0134,0.1508,0.0627,-0.0780,0.0094,0.0947,0.0830,0.1196,0.1772,0.6198,-9.2072,3.5658,102.0427,-60.6380,-109.5893
326288365,0.0069,-0.0155,0.1952,0.0006,0.2051,0.0692,-0.0791,0.0020,0.0954,0.0840,0.1316,0.1980,0.6198,-9.7106,3.5106,102.0464,-60.6860,-109.5771
326293365,0.0078,-0.0156,0.1463,0.0235,0.2739,0.0586,-0.0706,0.0015,0.0957,0.0851,0.0680,0.2189,0.6198,-10.5084,2.5728,102.0489,-60.7630,-109.5769
326298365,0.0086,-0.0154,0.1106,0.0507,0.1868,0.0534,-0.0598,-0.0007,0.0958,0.0863,0.0257,0.2478,0.6198,-10.9485,2.2418,102.0526,-60.8148,-109.5747
326303365,0.0090,-0.0152,0.0367,0.0693,0.1254,0.0368,-0.0447,0.0030,0.0956,0.0877,-0.0543,0.2770,0.6198,-11.6545,2.2418,102.0551,-60.8975,-109.5607
326308364,0.0090,-0.0147,-0.0461,0.1069,0.1462,0.0135,-0.0232,0.0041,0.0947,0.0893,-0.1673,0.3217,2.1277,-12.1355,2.2418,102.0945,-60.9547,-109.5523
326313365,0.0086,-0.0144,-0.1063,0.1167,0.1297,-0.0500,-0.0108,0.0091,0.0936,0.0910,-0.2304,0.3367,2.1277,-12.4875,2.2418,102.1031,-61.0360,-109.5383
326318365,0.0080,-0.0140,-0.1619,0.1277,0.1062,-0.0500,0.0005,0.0126,0.0923,0.0928,-0.2548,0.3489,2.1277,-12.8473,1.9512,102.1158,-61.0939,-109.5361
326323365,0.0071,-0.0133,-0.2230,0.1643,0.1407,-0.0500,0.0500,0.0120,0.0907,0.0946,-0.3200,0.3768,2.1277,-12.7945,1.4185,102.1243,-61.1698,-109.5364
326328365,0.0060,-0.0125,-0.2569,0.1790,0.1642,-0.0500,0.0500,0.0210,0.0895,0.0956,-0.2468,0.1965,1.5706,-12.5521,1.1763,102.1243,-61.2160,-109.5364
326333365,0.0045,-0.0117,-0.2782,0.1848,0.1483,0.0200,0.0500,0.0235,0.0881,0.0966,-0.2711,0.1972,1.2920,-12.0874,0.8373,102.1245,-61.2807,-109.5369
326338364,0.0031,-0.0109,-0.2480,0.1857,0.1138,0.0200,0.0500,0.0199,0.0869,0.0976,-0.2421,0.1960,-0.5924,-11.1522,0.6920,102.0910,-61.3086,-109.5368
326343365,0.0020,-0.0099,-0.1885,0.1872,0.1245,-0.0396,-0.0200,0.0107,0.0860,0.0986,-0.1721,0.1947,-0.7001,-10.0812,0.4983,102.0861,-61.3519,-109.5369
326348364,0.0013,-0.0091,-0.1054,0.1674,0.1902,-0.0223,-0.0200,0.0022,0.0856,0.0994,-0.0894,0.1741,-0.7001,-9.2371,0.4498,102.0818,-61.3746,-109.5361
326353365,0.0011,-0.0084,-0.0263,0.1298,0.2852,-0.0087,0.0059,-0.0500,0.0853,0.1007,-0.0640,0.2478,-1.4326,-7.6016,0.3045,102.0639,-61.3907,-109.5367
326358365,0.0011,-0.0078,0.0220,0.1008,0.3151,0.0500,-0.0500,-0.0500,0.0853,0.1017,0.0001,0.2142,-2.5031,-7.6016,0.2561,102.0288,-61.4212,-109.5366
326363364,0.0014,-0.0073,0.0434,0.0596,0.2601,0.0500,-0.0500,-0.0500,0.0855,0.1020,0.0434,0.0596,-2.5031,-5.6440,0.2077,102.0187,-61.4214,-109.5362
326368365,0.0018,-0.0072,0.0541,0.0144,0.2192,0.0500,-0.0500,-0.0500,0.0858,0.1021,0.0541,0.0144,-2.7852,-5.6440,0.1592,101.9979,-61.4440,-109.5365
326373364,0.0024,-0.0073,0.1588,-0.0168,0.2558,0.0500,-0.0500,0.0200,0.0866,0.1020,0.1588,-0.0168,-2.7852,-5.1592,-0.8275,101.9867,-61.4672,-109.5563
326378364,0.0034,-0.0075,0.2101,-0.0602,0.2668,-0.0200,0.0200,0.0200,0.0876,0.1017,0.2101,-0.0602,-2.1269,-5.1592,-1.7101,101.9837,-61.4878,-109.5795
326383365,0.0047,-0.0080,0.2440,-0.1280,0.2149,-0.0200,0.0200,0.0500,0.0888,0.1010,0.2294,-0.1534,-1.0454,-5.3141,-1.7101,101.9995,-61.5226,-109.5901
326388365,0.0061,-0.0088,0.2532,-0.1943,0.1819,0.0832,-0.1124,0.0500,0.0898,0.1004,0.2171,-0.1082,-0.7633,-5.7542,-1.7101,101.9997,-61.5535,-109.5966
326393365,0.0075,-0.0100,0.2260,-0.2434,0.2265,0.0807,-0.1262,0.0500,0.0908,0.0997,0.1834,-0.1501,-0.6222,-6.2410,-1.7101,101.9997,-61.5990,-109.6072
326398365,0.0085,-0.0113,0.2236,-0.2706,0.2418,0.0811,-0.1371,0.0500,0.0915,0.0988,0.1455,-0.1749,1.3522,-6.3992,-1.7101,102.0397,-61.6273,-109.6137
326403365,0.0095,-0.0127,0.2340,-0.2795,0.2516,0.0875,-0.1470,-0.0200,0.0923,0.0979,0.1536,-0.1796,1.3522,-6.6789,-1.6577,102.0451,-61.6714,-109.6233
326408365,0.0106,-0.0140,0.2272,-0.2859,0.3304,0.0893,-0.1553,-0.0200,0.0930,0.0970,0.1469,-0.1860,1.3522,-6.6789,-1.3955,102.0532,-61.6981,-109.6238
326413365,0.0120,-0.0157,0.2456,-0.3528,0.4061,0.0974,-0.1814,0.0684,0.0937,0.0957,0.1505,-0.2576,1.3522,-7.3797,-1.0284,102.0586,-61.7545,-109.6240
326418365,0.0131,-0.0174,0.1921,-0.3766,0.3270,0.0892,-0.1862,0.0844,0.0942,0.0943,0.0938,-0.2692,1.3522,-7.9849,-0.8187,102.0668,-61.7967,-109.6233
326423365,0.0140,-0.0193,0.1567,-0.3427,0.1944,0.0838,-0.1789,0.0876,0.0944,0.0933,0.0340,-0.2140,2.2678,-9.1980,-0.6089,102.0930,-61.8714,-109.6236
326428364,0.0146,-0.0208,0.0913,-0.2382,0.1639,0.0685,-0.1519,0.0771,0.0941,0.0928,-0.0528,-0.0954,3.1498,-10.0370,-0.5041,102.1252,-61.9261,-109.6236
326433365,0.0149,-0.0217,0.0229,-0.1573,0.2439,0.0504,-0.1281,0.0683,0.0934,0.0929,-0.1367,0.0162,3.1498,-11.9823,-0.3992,102.1378,-62.0309,-109.6243
326438364,0.0149,-0.0223,-0.0614,-0.1219,0.2687,0.0275,-0.1087,0.0709,0.0923,0.0933,-0.2366,0.0936,3.9805,-13.4583,0.9378,102.1768,-62.1112,-109.5974
326443365,0.0143,-0.0228,-0.1720,-0.0910,0.1755,-0.0500,-0.0842,0.0800,0.0904,0.0942,-0.3607,0.1649,4.3548,-15.2364,1.8756,102.2003,-62.2325,-109.5680
326448365,0.0132,-0.0234,-0.2630,-0.0983,0.0527,-0.0500,-0.0741,0.0951,0.0885,0.0950,-0.3830,0.1743,4.7827,-16.1907,2.0209,102.2373,-62.3144,-109.5580
326453365,0.0118,-0.0240,-0.3201,-0.0819,0.0659,-0.0500,-0.0605,0.1016,0.0863,0.0961,-0.4437,0.2232,4.8297,-17.4980,2.8927,102.2575,-62.4420,-109.5235
326458365,0.0101,-0.0245,-0.3439,-0.0388,0.1947,-0.0500,-0.0465,0.0969,0.0840,0.0976,-0.4664,0.2892,4.8297,-18.2053,3.7289,102.2865,-62.5278,-109.4943
326463365,0.0082,-0.0245,-0.3760,0.0391,0.1621,0.0200,-0.0198,0.0866,0.0815,0.0996,-0.4980,0.3925,4.0409,-19.0395,4.6150,102.2886,-62.6568,-109.4524
326468365,0.0064,-0.0244,-0.3738,0.0809,0.0909,0.0200,-0.0051,0.0805,0.0790,0.1018,-0.4969,0.4463,2.9704,-19.5087,4.9567,102.2881,-62.7435,-109.4281
326473365,0.0045,-0.0239,-0.3406,0.1130,0.0839,-0.0805,0.0500,0.0712,0.0765,0.1043,-0.4983,0.5033,2.4633,-19.8715,6.2803,102.2888,-62.8690,-109.3660
326478365,0.0030,-0.0233,-0.2926,0.1436,0.1654,-0.0617,0.0500,0.0707,0.0752,0.1055,-0.2648,0.2469,1.7872,-19.9242,6.9423,102.2880,-62.9498,-109.3288
326483365,0.0017,-0.0226,-0.2294,0.1897,0.2305,-0.0508,0.0500,0.0505,0.0742,0.1071,-0.1904,0.3041,1.5055,-19.6009,7.6794,102.2889,-63.0623,-109.2685
326488365,0.0008,-0.0215,-0.1503,0.2346,0.2216,-0.0334,0.0500,0.0282,0.0737,0.1088,-0.1000,0.3568,1.1111,-19.1342,8.2020,102.2887,-63.1310,-109.2277
326493365,0.0002,-0.0203,-0.1060,0.2633,0.2351,-0.0234,-0.0200,0.0116,0.0736,0.1108,-0.0336,0.3980,0.2460,-18.0299,9.0356,102.2748,-63.2212,-109.1573
326498364,-0.0002,-0.0192,-0.1151,0.2743,0.2680,-0.0257,-0.0200,0.0053,0.0735,0.1129,-0.0173,0.4145,-1.0345,-16.8612,9.4027,102.2454,-63.2681,-109.1156
326503365,-0.0006,-0.0179,-0.1271,0.2782,0.2335,-0.0398,0.0382,-0.0500,0.0727,0.1161,-0.1572,0.6479,-1.0345,-15.2209,9.5682,102.2413,-63.3318,-109.0531
326508365,-0.0012,-0.0165,-0.0974,0.3244,0.2506,-0.0403,0.0424,-0.0500,0.0717,0.1188,-0.1978,0.5316,-1.0345,-13.9065,9.6166,102.2351,-63.3638,-109.0162
326513364,-0.0012,-0.0150,0.0220,0.3329,0.2879,-0.0099,0.0321,-0.0500,0.0714,0.1214,-0.0664,0.5190,-1.0345,-12.4821,9.3553,102.2309,-63.4134,-108.9624
326518365,-0.0008,-0.0135,0.1121,0.3176,0.3117,0.0500,0.0193,-0.0500,0.0716,0.1238,0.0470,0.4820,-1.6762,-11.0278,8.1369,102.2099,-63.4318,-108.9533
326523365,-0.0000,-0.0121,0.1921,0.2950,0.3133,0.0500,0.0067,0.0200,0.0722,0.1260,0.1091,0.4400,-1.6762,-9.7189,7.8047,102.2032,-63.4697,-108.9110
326528364,0.0011,-0.0110,0.2456,0.2596,0.2567,0.0500,-0.0500,0.0200,0.0730,0.1280,0.1664,0.3978,-1.6762,-9.2636,6.4864,102.1932,-63.4988,-108.9106
326533364,0.0024,-0.0101,0.2828,0.2141,0.2250,0.0500,-0.0500,-0.0609,0.0746,0.1294,0.3232,0.2846,-1.6762,-7.7661,4.7288,102.1865,-63.5182,-108.9109
326538365,0.0038,-0.0094,0.3158,0.1625,0.2485,-0.0200,-0.0500,-0.0585,0.0764,0.1305,0.3491,0.2205,-1.6762,-7.4911,3.8988,102.1764,-63.5437,-108.9113
326543365,0.0054,-0.0088,0.3406,0.1075,0.2684,-0.0200,-0.0500,-0.0535,0.0782,0.1313,0.3651,0.1503,-1.6762,-6.6109,2.8735,102.1697,-63.5669,-108.9107
326548365,0.0073,-0.0087,0.3305,0.0415,0.2723,0.1115,0.0200,-0.0423,0.0800,0.1317,0.3650,0.0770,-0.8186,-6.7082,2.3853,102.1776,-63.5954,-108.9106
326553365,0.0092,-0.0088,0.3253,-0.0217,0.2537,0.1152,0.0200,-0.0290,0.0816,0.1317,0.3245,0.0043,0.9092,-6.7610,1.7506,102.2119,-63.6369,-108.9105
326558365,0.0109,-0.0093,0.3057,-0.1283,0.2754,0.1120,-0.1132,-0.0094,0.0828,0.1317,0.2414,-0.0029,1.0162,-6.9288,1.4576,102.2202,-63.6673,-108.9104
326563365,0.0124,-0.0103,0.3134,-0.1494,0.2146,0.1200,-0.1248,-0.0035,0.0840,0.1315,0.2395,-0.0357,1.0162,-7.0891,0.5067,102.2242,-63.7127,-108.9221
326568365,0.0140,-0.0112,0.2834,-0.1527,0.1795,0.1183,-0.1288,0.0500,0.0850,0.1312,0.1968,-0.0613,1.0162,-7.0891,-0.9968,102.2303,-63.7411,-108.9531
326573365,0.0154,-0.0120,0.2495,-0.1338,0.2228,0.1163,-0.1268,0.0500,0.0859,0.1310,0.1767,-0.0368,1.0162,-6.4695,-0.9968,102.2344,-63.7688,-108.9593
326578365,0.0167,-0.0128,0.1952,-0.1552,0.3117,0.1055,-0.1305,0.0500,0.0865,0.1307,0.1114,-0.0590,1.6745,-6.4145,-0.9968,102.2570,-63.7935,-108.9631
326583365,0.0175,-0.0136,0.1203,-0.1756,0.3743,0.0881,-0.1303,0.0500,0.0866,0.1303,0.0199,-0.0775,2.5759,-6.5542,-0.9968,102.2825,-63.8345,-108.9693
326588365,0.0181,-0.0147,0.0586,-0.2025,0.3536,0.0745,-0.1326,-0.0200,0.0863,0.1298,-0.0489,-0.1021,2.9115,-6.7084,-0.9968,102.3063,-63.8640,-108.9730
326593365,0.0183,-0.0159,0.0107,-0.1936,0.2906,0.0620,-0.1264,-0.0200,0.0857,0.1294,-0.1244,-0.0809,4.0963,-7.5347,-0.9968,102.3447,-63.9225,-108.9793
326598365,0.0182,-0.0168,-0.0476,-0.1475,0.2726,0.0453,-0.1113,0.0555,0.0846,0.1292,-0.2094,-0.0402,4.8391,-8.1649,-0.9968,102.3865,-63.9661,-108.9830
326603364,0.0175,-0.0173,-0.1793,-0.0501,0.3166,0.0071,-0.0722,0.0530,0.0828,0.1296,-0.3625,0.0748,5.5036,-9.3381,-0.9968,102.4203,-64.0412,-108.9892
326608365,0.0165,-0.0174,-0.2343,-0.0018,0.3004,-0.0500,-0.0511,0.0506,0.0807,0.1303,-0.4241,0.1512,6.0919,-10.0746,0.1661,102.4656,-64.0946,-108.9683
326613365,0.0153,-0.0176,-0.2669,0.0058,0.2302,-0.0500,-0.0447,0.0511,0.0789,0.1313,-0.3543,0.1880,6.0919,-11.2174,0.9415,102.4900,-64.1814,-108.9476
326618365,0.0139,-0.0178,-0.2899,0.0186,0.1926,-0.0500,-0.0352,0.0545,0.0770,0.1323,-0.3835,0.2119,6.1859,-11.9604,0.9415,102.5289,-64.2426,-108.9441
326623365,0.0124,-0.0179,-0.3216,0.0345,0.2039,-0.0500,-0.0244,0.0579,0.0749,0.1335,-0.4198,0.2357,5.4535,-12.4911,0.9415,102.5381,-64.3265,-108.9382
326628364,0.0108,-0.0178,-0.3409,0.0654,0.2164,0.0200,-0.0115,0.0562,0.0727,0.1349,-0.4420,0.2717,4.0449,-12.8441,0.9415,102.5384,-64.3844,-108.9347
326633365,0.0090,-0.0174,-0.3442,0.1258,0.1874,0.0200,0.0500,0.0445,0.0705,0.1366,-0.4381,0.3497,3.3124,-13.0045,1.9667,102.5384,-64.4651,-108.9040
326638365,0.0073,-0.0168,-0.3445,0.1655,0.1361,-0.0612,0.0500,0.0483,0.0687,0.1376,-0.3705,0.1947,2.4673,-12.8496,1.9667,102.5387,-64.5138,-108.8967
326643365,0.0056,-0.0159,-0.2944,0.1955,0.1279,-0.0539,0.0500,0.0345,0.0671,0.1388,-0.3054,0.2372,2.0166,-12.5745,2.8058,102.5386,-64.5845,-108.8638
326648365,0.0045,-0.0148,-0.2077,0.2376,0.2286,-0.0374,0.0500,0.0114,0.0661,0.1402,-0.2099,0.2794,1.5095,-12.0673,2.8058,102.5389,-64.6237,-108.8532
326653365,0.0040,-0.0137,-0.0580,0.2553,0.2534,-0.0011,-0.0200,-0.0500,0.0658,0.1417,-0.0502,0.3061,1.2278,-11.0395,3.4126,102.5387,-64.6723,-108.8227
326658365,0.0039,-0.0125,-0.0067,0.2703,0.3059,0.0500,-0.0200,-0.0500,0.0657,0.1430,-0.0221,0.2703,0.8897,-9.8649,3.4126,102.5382,-64.6899,-108.8099
326663365,0.0039,-0.0113,0.0101,0.2792,0.3972,0.0500,0.0183,-0.0500,0.0654,0.1451,-0.0613,0.4041,0.4949,-8.3620,3.6547,102.5335,-64.7162,-108.7835
326668365,0.0040,-0.0101,0.0412,0.2770,0.4449,0.0500,0.0164,-0.0500,0.0653,0.1470,-0.0249,0.3925,-1.1755,-7.7318,3.6547,102.4973,-64.7351,-108.7698
326673365,0.0044,-0.0089,0.1093,0.2556,0.4095,0.0500,0.0050,0.0200,0.0656,0.1488,0.0560,0.3488,-1.1755,-6.2343,3.5502,102.4926,-64.7483,-108.7491
326678365,0.0052,-0.0080,0.2019,0.1985,0.3643,-0.0200,-0.0500,0.0200,0.0663,0.1502,0.1529,0.2840,-0.6113,-5.7180,2.9231,102.4994,-64.7613,-108.7495
326683364,0.0068,-0.0076,0.3256,0.0660,0.3423,-0.0200,-0.0500,-0.0491,0.0681,0.1507,0.3415,0.0936,-0.4702,-5.6079,1.8562,102.5000,-64.7934,-108.7552
326688365,0.0087,-0.0078,0.4068,-0.0620,0.3355,0.1323,-0.0500,-0.0323,0.0700,0.1504,0.3976,-0.0560,0.7325,-4.6177,0.4032,102.5222,-64.7941,-108.7800
326693365,0.0111,-0.0088,0.4502,-0.2230,0.2222,0.1531,-0.0500,-0.0017,0.0722,0.1493,0.4245,-0.2221,1.5213,-3.5725,0.0642,102.5434,-64.7972,-108.7862
326698364,0.0134,-0.0101,0.4102,-0.2193,0.2341,0.1519,0.0200,0.0500,0.0741,0.1482,0.3839,-0.2194,1.5213,-3.5725,0.0000,102.5525,-64.8114,-108.7870
326703365,0.0155,-0.0112,0.4007,-0.1772,0.2897,0.1571,0.0200,0.0500,0.0760,0.1473,0.3744,-0.1773,1.5213,-3.8159,0.0000,102.5586,-64.8378,-108.7870
326708365,0.0174,-0.0121,0.3803,-0.1304,0.3441,0.1563,-0.1512,0.0500,0.0776,0.1469,0.3195,-0.0733,1.6290,-3.8159,0.0000,102.5698,-64.8531,-108.7870
326713365,0.0194,-0.0127,0.3571,-0.1090,0.3349,0.1577,-0.1496,0.0500,0.0790,0.1466,0.2841,-0.0552,2.4368,-3.6048,0.0000,102.5949,-64.8717,-108.7870
326718364,0.0211,-0.0133,0.2947,-0.1090,0.2546,0.1492,-0.1462,-0.0200,0.0800,0.1463,0.2112,-0.0592,3.1796,-3.3411,0.0000,102.6252,-64.8800,-108.7870
326723365,0.0225,-0.0139,0.2190,-0.1176,0.3013,0.1346,-0.1438,-0.0200,0.0807,0.1460,0.1307,-0.0678,3.4565,-3.3411,0.0000,102.6435,-64.9000,-108.7870
326728365,0.0235,-0.0146,0.1683,-0.0941,0.4852,0.1217,-0.1380,-0.0500,0.0810,0.1458,0.0559,-0.0438,4.8716,-3.3411,0.0484,102.6968,-64.9134,-108.7860
326733365,0.0241,-0.0151,0.1274,-0.0709,0.5686,0.1116,-0.1319,-0.0500,0.0809,0.1456,-0.0023,-0.0282,6.0647,-2.8936,0.0484,102.7424,-64.9234,-108.7857
326738365,0.0247,-0.0155,0.1222,-0.0397,0.4849,0.1121,-0.1251,-0.0500,0.0808,0.1457,-0.0310,0.0028,7.4260,-2.8936,0.0484,102.8103,-64.9350,-108.7855
326743364,0.0253,-0.0156,0.0828,0.0223,0.4919,0.1022,-0.1063,-0.0500,0.0803,0.1460,-0.0993,0.0755,8.7371,-3.6208,0.0484,102.8689,-64.9689,-108.7852
326748365,0.0257,-0.0154,0.0186,0.0421,0.4993,0.0847,-0.0921,0.0200,0.0793,0.1466,-0.1974,0.1075,10.2934,-4.4470,0.0484,102.9566,-65.0010,-108.7850
326753365,0.0257,-0.0153,-0.0357,0.0687,0.4791,0.0695,-0.0768,0.0200,0.0779,0.1473,-0.2752,0.1481,11.1871,-5.3822,0.0484,103.0175,-65.0480,-108.7847
326758365,0.0254,-0.0149,-0.0825,0.1054,0.4113,0.0548,-0.0581,-0.0125,0.0762,0.1483,-0.3558,0.1991,12.7094,-6.3071,0.0484,103.1194,-65.0893,-108.7845
326763364,0.0250,-0.0145,-0.1038,0.1176,0.3756,0.0474,-0.0490,-0.0129,0.0742,0.1494,-0.3918,0.2208,13.2452,-6.9402,0.0484,103.1822,-65.1422,-108.7842
326768365,0.0246,-0.0140,-0.1338,0.1155,0.3887,0.0360,-0.0412,-0.0097,0.0720,0.1506,-0.4492,0.2303,14.4473,-7.7233,0.0484,103.2894,-65.1879,-108.7840
326773365,0.0239,-0.0135,-0.1970,0.0990,0.3597,0.0164,-0.0320,0.0019,0.0693,0.1517,-0.5277,0.2266,14.7704,-8.7181,-0.0969,103.3541,-65.2576,-108.7870
326778365,0.0231,-0.0134,-0.2059,0.0565,0.2772,0.0113,-0.0363,0.0500,0.0666,0.1526,-0.5447,0.1891,15.0758,-9.0482,-0.0969,103.4499,-65.3085,-108.7874
326783365,0.0223,-0.0136,-0.1359,-0.0513,0.2076,0.0263,-0.0663,0.0500,0.0642,0.1531,-0.4779,0.0864,15.1892,-9.2916,-0.0969,103.5130,-65.3499,-108.7880
326788365,0.0214,-0.0141,-0.1442,-0.1081,0.1865,0.0215,-0.0777,0.0500,0.0618,0.1532,-0.4796,0.0297,14.8072,-9.2916,-0.0969,103.5959,-65.4057,-108.7884
326793365,0.0210,-0.0149,-0.1292,-0.1206,0.2125,0.0236,-0.0846,0.0500,0.0595,0.1533,-0.4590,0.0172,14.4823,-9.2916,0.0484,103.6481,-65.4428,-108.7859
326798365,0.0201,-0.0153,-0.2025,-0.0589,0.1779,0.0033,-0.0619,-0.0200,0.0569,0.1537,-0.5200,0.0806,13.7184,-9.3917,0.0484,103.7176,-65.5008,-108.7858
326803365,0.0189,-0.0156,-0.2538,-0.0116,0.1343,-0.0500,-0.0435,-0.0200,0.0541,0.1544,-0.5628,0.1288,13.2012,-9.4467,0.0484,103.7617,-65.5395,-108.7854
326808364,0.0173,-0.0158,-0.2935,-0.0079,0.0839,-0.0500,-0.0422,0.0502,0.0522,0.1551,-0.3708,0.1500,12.4687,-9.8002,0.7278,103.8239,-65.6044,-108.7712
326813364,0.0158,-0.0160,-0.3051,0.0153,0.0347,-0.0500,-0.0317,0.0495,0.0504,0.1561,-0.3753,0.1902,11.6070,-9.9584,1.7208,103.8550,-65.6471,-108.7416
326818365,0.0144,-0.0163,-0.3051,-0.0101,-0.0090,-0.0500,-0.0344,0.0590,0.0485,0.1569,-0.3784,0.1703,10.3536,-10.3276,1.7208,103.8859,-65.7153,-108.7358
326823365,0.0131,-0.0164,-0.3125,-0.0189,-0.0478,0.0200,-0.0324,0.0647,0.0466,0.1578,-0.3796,0.1721,8.8389,-10.3276,2.4407,103.9148,-65.7566,-108.7094
326828365,0.0115,-0.0168,-0.2978,-0.0174,-0.0664,0.0200,-0.0315,0.0667,0.0448,0.1587,-0.3621,0.1768,7.1222,-10.2726,2.7176,103.9124,-65.8173,-108.6948
326833365,0.0100,-0.0168,-0.2761,0.0162,-0.0765,-0.0403,-0.0203,0.0636,0.0426,0.1597,-0.4321,0.2100,5.2948,-10.2726,2.7176,103.9130,-65.8584,-108.6768
326838364,0.0089,-0.0167,-0.1875,0.0513,-0.0866,-0.0204,-0.0220,0.0457,0.0410,0.1610,-0.3195,0.2492,4.3535,-9.9560,3.3035,103.9134,-65.9124,-108.6545
326843365,0.0082,-0.0165,-0.1350,0.0974,-0.0820,-0.0098,-0.0159,0.0288,0.0397,0.1625,-0.2607,0.3030,4.2981,-9.9001,3.8803,103.9381,-65.9509,-108.6202
326848364,0.0075,-0.0159,-0.1063,0.1475,-0.0462,-0.0053,-0.0065,0.0136,0.0386,0.1642,-0.2281,0.3463,4.2981,-9.4448,3.8803,103.9553,-66.0004,-108.6071
326853365,0.0070,-0.0153,-0.0727,0.1772,-0.0325,0.0500,-0.0014,0.0003,0.0377,0.1661,-0.1773,0.3817,3.4959,-9.4448,4.2665,103.9633,-66.0382,-108.5733
326858365,0.0067,-0.0144,-0.0321,0.2034,-0.0447,0.0500,0.0000,-0.0500,0.0373,0.1681,-0.0725,0.4015,2.8541,-9.0047,4.2665,103.9632,-66.0839,-108.5589
326863364,0.0067,-0.0135,0.0128,0.2300,-0.0352,0.0500,0.0000,-0.0500,0.0370,0.1699,-0.0611,0.3595,2.1053,-8.6640,4.3149,103.9630,-66.1120,-108.5296
326868365,0.0070,-0.0125,0.0522,0.2572,-0.0411,0.0500,0.0500,-0.0500,0.0369,0.1718,-0.0127,0.3710,1.7310,-7.6088,4.3149,103.9632,-66.1391,-108.5150
326873365,0.0074,-0.0113,0.0971,0.2706,-0.0679,-0.0200,0.0500,-0.0500,0.0374,0.1731,0.0971,0.2706,1.3031,-7.6088,3.6878,103.9637,-66.1696,-108.4999
326878365,0.0079,-0.0101,0.1402,0.2801,-0.1082,-0.0200,0.0500,0.0200,0.0381,0.1745,0.1402,0.2801,1.0357,-6.3783,3.1129,103.9630,-66.1856,-108.4999
326883365,0.0087,-0.0088,0.1924,0.2718,-0.1559,0.0844,0.0500,0.0200,0.0390,0.1759,0.1791,0.2718,0.7683,-6.3783,2.2245,103.9630,-66.2111,-108.4999
326888365,0.0099,-0.0076,0.1979,0.2630,-0.1641,0.0915,-0.0200,-0.0744,0.0400,0.1773,0.1945,0.2801,0.7683,-4.7300,1.1551,103.9661,-66.2113,-108.5152
326893365,0.0111,-0.0064,0.1985,0.2385,-0.1214,0.0949,-0.0200,-0.0749,0.0409,0.1785,0.1853,0.2385,0.7683,-3.8574,0.0000,103.9707,-66.2111,-108.5367
326898364,0.0121,-0.0053,0.2147,0.1830,-0.0728,0.1006,-0.0500,-0.0730,0.0418,0.1796,0.1771,0.2254,0.7683,-2.8393,0.0000,103.9737,-66.2108,-108.5367
326903365,0.0132,-0.0045,0.2404,0.1445,-0.0679,0.1129,-0.0500,-0.0709,0.0429,0.1803,0.2223,0.1444,1.0504,-2.3545,0.0000,103.9841,-66.2115,-108.5367
326908364,0.0145,-0.0040,0.2932,0.0883,-0.0542,0.1292,-0.0500,-0.0669,0.0442,0.1806,0.2481,0.0611,1.7087,-1.7242,-1.8205,104.0035,-66.2110,-108.5799
326913365,0.0162,-0.0039,0.3045,0.0648,0.0228,0.1362,-0.0500,-0.0672,0.0454,0.1808,0.2380,0.0375,2.9482,-1.4333,-1.8205,104.0407,-66.2115,-108.5872
326918365,0.0179,-0.0036,0.2966,0.0761,0.1376,0.1385,0.0200,-0.0727,0.0464,0.1810,0.2161,0.0294,3.1098,-1.0455,-3.1314,104.0558,-66.2111,-108.6274
326923365,0.0195,-0.0032,0.2715,0.1103,0.2122,0.1345,0.0200,-0.0803,0.0472,0.1812,0.1511,0.0518,5.0374,-0.8516,-3.9126,104.1191,-66.2111,-108.6563
326928365,0.0205,-0.0031,0.1518,0.0394,0.1346,0.1070,-0.0620,-0.0502,0.0472,0.1811,-0.0001,-0.0174,6.1645,-0.7546,-4.5575,104.1635,-66.2138,-108.6938
326933365,0.0210,-0.0032,0.0831,-0.0473,0.0839,0.0904,-0.0722,-0.0213,0.0467,0.1806,-0.0970,-0.1084,7.6638,-0.7546,-4.8344,104.2339,-66.2168,-108.7186
326938365,0.0215,-0.0037,0.0449,-0.0925,-0.0679,0.0826,-0.0777,-0.0023,0.0459,0.1798,-0.1612,-0.1623,8.8851,-0.7546,-5.4092,104.2912,-66.2213,-108.7607
326943365,0.0217,-0.0045,0.0055,-0.1084,-0.1165,0.0718,-0.0780,0.0500,0.0447,0.1789,-0.2301,-0.1855,10.3503,-0.7546,-5.8936,104.3775,-66.2243,-108.7929
326948365,0.0216,-0.0051,-0.0348,-0.0757,-0.0429,0.0635,-0.0645,0.0500,0.0436,0.1785,-0.2313,-0.0658,11.0148,-0.7546,-6.2797,104.4338,-66.2289,-108.8368
326953365,0.0215,-0.0056,-0.0568,-0.0583,0.0704,0.0535,-0.0588,0.0500,0.0422,0.1783,-0.2851,-0.0354,12.4178,-1.6325,-6.2797,104.5326,-66.2515,-108.8619
326958365,0.0213,-0.0058,-0.0855,-0.0464,0.1508,0.0436,-0.0535,0.0500,0.0405,0.1782,-0.3241,-0.0235,13.0152,-1.6325,-5.1261,104.5951,-66.2613,-108.8741
326963364,0.0209,-0.0062,-0.1145,-0.0568,0.0527,0.0346,-0.0495,-0.0200,0.0387,0.1782,-0.3736,-0.0150,13.5706,-2.8977,-4.9688,104.6860,-66.2951,-108.8909
326968365,0.0203,-0.0066,-0.1591,-0.0541,-0.0649,0.0219,-0.0414,-0.0200,0.0365,0.1781,-0.4278,-0.0078,13.9855,-3.1898,-4.4317,104.7495,-66.3184,-108.9094
326973365,0.0195,-0.0067,-0.2120,0.0263,0.1978,-0.0012,-0.0205,0.0141,0.0339,0.1783,-0.5193,0.0281,14.0957,-3.8227,-3.6505,104.8358,-66.3458,-108.9100
326978365,0.0185,-0.0067,-0.2309,0.0354,0.2830,-0.0500,-0.0135,0.0129,0.0313,0.1786,-0.5276,0.0702,14.0567,-4.3502,-1.9635,104.8915,-66.3805,-108.8942
326983365,0.0173,-0.0064,-0.2166,0.0406,0.2619,-0.0500,-0.0189,0.0007,0.0300,0.1791,-0.2599,0.0955,13.6213,-4.3502,-0.7050,104.9662,-66.3979,-108.8739
326988365,0.0163,-0.0062,-0.2327,0.0391,0.1841,-0.0500,-0.0130,0.0047,0.0286,0.1796,-0.2772,0.1021,12.9501,-4.6858,-0.4952,105.0064,-66.4315,-108.8733
326993365,0.0151,-0.0061,-0.2810,0.0528,0.1941,-0.0500,-0.0012,0.0095,0.0270,0.1802,-0.3250,0.1166,11.7762,-4.6858,-0.4428,105.0579,-66.4503,-108.8741
326998364,0.0137,-0.0058,-0.3290,0.0965,0.2687,0.0200,0.0500,0.0073,0.0252,0.1809,-0.3658,0.1509,11.1838,-3.9586,-0.3379,105.0928,-66.4624,-108.8743
327003365,0.0119,-0.0052,-0.3781,0.1591,0.2601,0.0200,0.0500,0.0041,0.0233,0.1817,-0.3801,0.1557,9.0835,-3.9586,-0.2330,105.1106,-66.4782,-108.8733
327008365,0.0098,-0.0043,-0.3842,0.2178,0.1938,-0.0705,0.0500,-0.0007,0.0206,0.1828,-0.5264,0.2146,8.1550,-3.8037,-0.1806,105.1272,-66.4988,-108.8736
327013365,0.0079,-0.0031,-0.3470,0.2450,0.1486,-0.0652,0.0500,-0.0500,0.0184,0.1840,-0.4507,0.2420,5.9266,-3.0808,-0.1806,105.1250,-66.4981,-108.8743
327018364,0.0064,-0.0018,-0.2782,0.2376,0.1954,-0.0531,-0.0200,-0.0500,0.0166,0.1852,-0.3612,0.2374,4.8124,-2.3063,-0.1281,105.1242,-66.4987,-108.8740
327023364,0.0055,-0.0010,-0.1549,0.1555,0.2610,-0.0265,-0.0200,-0.0500,0.0154,0.1860,-0.2385,0.1553,4.8588,-1.8932,-0.0757,105.1543,-66.4988,-108.8734
327028365,0.0049,-0.0001,-0.1304,0.1341,0.2482,-0.0218,0.0346,-0.0500,0.0144,0.1866,-0.2038,0.1311,4.3605,0.1939,-0.0757,105.1632,-66.4614,-108.8738
327033364,0.0045,0.0003,-0.0935,0.1304,0.2305,-0.0126,0.0310,0.0200,0.0136,0.1873,-0.1468,0.1274,3.1976,0.1939,-0.0757,105.1626,-66.4606,-108.8741
327038365,0.0040,0.0007,-0.0874,0.1432,0.2961,-0.0130,0.0343,0.0200,0.0130,0.1880,-0.1312,0.1403,2.6438,0.1939,-0.0524,105.1632,-66.4594,-108.8743
327043364,0.0037,0.0014,-0.0354,0.1304,0.3789,-0.0014,0.0263,-0.0394,0.0126,0.1886,-0.0673,0.1267,1.9240,0.1939,-0.0524,105.1625,-66.4586,-108.8745
327048365,0.0037,0.0020,0.0425,0.1268,0.3765,0.0500,0.0167,-0.0506,0.0127,0.1891,0.0230,0.1113,1.5917,0.9770,-0.0524,105.1629,-66.4412,-108.8749
327053365,0.0042,0.0024,0.1243,0.1014,0.2910,0.0500,-0.0003,-0.0559,0.0134,0.1894,0.1328,0.0603,1.2041,1.8719,-0.8824,105.1634,-66.4167,-108.8925
327058365,0.0050,0.0027,0.1826,0.0275,0.2051,0.0500,-0.0500,-0.0476,0.0143,0.1893,0.1844,-0.0252,0.9826,1.8719,-1.6636,105.1633,-66.4055,-108.9173
327063364,0.0064,0.0029,0.2422,0.0095,0.3771,0.0500,-0.0500,-0.0579,0.0155,0.1892,0.2279,-0.0153,0.7057,1.8719,-1.6636,105.1628,-66.3980,-108.9239
327068364,0.0080,0.0026,0.2883,-0.0528,0.3896,-0.0200,-0.0500,-0.0528,0.0168,0.1889,0.2740,-0.0776,0.5950,1.8719,-1.6636,105.1631,-66.3868,-108.9339
327073365,0.0095,0.0021,0.2538,-0.0721,0.3151,-0.0200,-0.0500,-0.0435,0.0180,0.1883,0.2333,-0.1075,0.5396,1.8719,-2.3835,105.1652,-66.3793,-108.9569
327078365,0.0109,0.0016,0.2450,-0.0965,0.2332,0.1002,0.0200,-0.0367,0.0191,0.1877,0.2151,-0.1319,0.5396,1.6609,-2.3835,105.1674,-66.3726,-108.9712
327083365,0.0124,0.0010,0.2385,-0.0938,0.2164,0.1045,0.0200,-0.0371,0.0201,0.1870,0.2087,-0.1292,0.5396,0.4399,-2.3835,105.1706,-66.3920,-108.9808
327088365,0.0136,0.0004,0.2159,-0.0794,0.2632,0.1013,-0.0736,-0.0377,0.0209,0.1865,0.1633,-0.1098,1.0209,-1.0068,-3.0629,105.1827,-66.4247,-109.0122
327093364,0.0145,-0.0001,0.1555,-0.0687,0.3074,0.0873,-0.0674,-0.0318,0.0213,0.1859,0.0748,-0.1078,2.3580,-1.0068,-3.6441,105.2214,-66.4287,-109.0364
327098365,0.0153,-0.0003,0.1148,-0.0290,0.3157,0.0799,-0.0555,-0.0365,0.0215,0.1856,0.0300,-0.0609,2.3580,-1.4916,-3.6441,105.2308,-66.4447,-109.0583
327103365,0.0159,-0.0004,0.0690,0.0003,0.3636,0.0692,-0.0449,-0.0382,0.0213,0.1855,-0.0259,-0.0287,2.3580,-2.1703,-4.1406,105.2450,-66.4664,-109.0840
327108365,0.0162,-0.0005,0.0205,0.0189,0.4308,0.0573,-0.0363,-0.0375,0.0210,0.1854,-0.0761,-0.0101,2.4520,-2.1703,-4.1406,105.2565,-66.4794,-109.1088
327113365,0.0161,-0.0004,-0.0730,0.0312,0.4345,0.0326,-0.0206,-0.0287,0.0201,0.1855,-0.1767,0.0114,2.4520,-2.8932,-4.2455,105.2712,-66.5042,-109.1276
327118365,0.0158,-0.0003,-0.0877,0.0214,0.4583,0.0269,-0.0198,-0.0246,0.0191,0.1855,-0.2030,0.0016,3.1281,-2.8932,-4.2455,105.2966,-66.5215,-109.1530
327123365,0.0156,-0.0004,-0.1051,-0.0058,0.4507,0.0207,-0.0222,-0.0158,0.0179,0.1854,-0.2292,-0.0161,3.1281,-3.7184,-4.4408,105.3154,-66.5521,-109.1745
327128365,0.0150,-0.0005,-0.1542,0.0052,0.3905,0.0054,-0.0109,-0.0095,0.0164,0.1854,-0.2969,0.0028,3.9359,-4.2539,-4.4408,105.3462,-66.5854,-109.2012
327133365,0.0142,-0.0005,-0.1958,0.0382,0.3646,-0.0500,0.0500,-0.0096,0.0147,0.1856,-0.3388,0.0365,3.9359,-4.3026,-4.4408,105.3698,-66.6036,-109.2190
327138365,0.0131,-0.0002,-0.2428,0.0971,0.3759,-0.0500,0.0500,-0.0154,0.0133,0.1858,-0.2810,0.0313,3.8431,-4.3026,-4.4408,105.3835,-66.6294,-109.2456
327143365,0.0118,0.0005,-0.3030,0.1552,0.4186,-0.0500,0.0500,-0.0212,0.0117,0.1863,-0.3363,0.0978,3.8431,-4.3026,-3.8659,105.4065,-66.6467,-109.2507
327148365,0.0103,0.0012,-0.3457,0.1793,0.4684,-0.0500,0.0500,-0.0214,0.0098,0.1869,-0.3791,0.1219,3.4001,-4.2467,-3.8659,105.4126,-66.6713,-109.2739
327153364,0.0086,0.0021,-0.3720,0.1985,0.4492,0.0200,-0.0200,-0.0220,0.0077,0.1876,-0.4045,0.1425,2.5141,-3.4636,-3.7691,105.4126,-66.6710,-109.2874
327158364,0.0070,0.0030,-0.3632,0.1784,0.3850,0.0200,-0.0200,-0.0176,0.0058,0.1882,-0.3957,0.1223,1.5034,-2.5687,-3.7691,105.4010,-66.6711,-109.3100
327163365,0.0055,0.0037,-0.2853,0.1552,0.4021,-0.0588,0.0668,-0.0234,0.0041,0.1888,-0.3356,0.1299,0.0000,-2.0653,-3.7691,105.3745,-66.6703,-109.3251
327168365,0.0042,0.0043,-0.2205,0.1277,0.4021,-0.0473,0.0567,-0.0247,0.0027,0.1893,-0.2666,0.0949,0.0000,-1.5619,-3.7691,105.3745,-66.6711,-109.3477
327173365,0.0032,0.0047,-0.1570,0.1035,0.3798,-0.0343,0.0462,-0.0265,0.0018,0.1896,-0.1960,0.0666,-0.2693,-1.2822,-3.7691,105.3690,-66.6711,-109.3628
327178365,0.0027,0.0051,-0.0773,0.0580,0.3536,-0.0138,0.0278,-0.0276,0.0013,0.1897,-0.0884,0.0192,-1.6156,-0.9466,-3.5593,105.3378,-66.6710,-109.3807
327183364,0.0025,0.0053,-0.0263,0.0238,0.3933,-0.0023,0.0144,-0.0273,0.0011,0.1897,-0.0360,-0.0175,-1.6156,-0.7788,-3.5593,105.3281,-66.6711,-109.3949
327188365,0.0027,0.0050,0.0079,-0.0046,0.4476,0.0500,0.0016,-0.0250,0.0011,0.1894,-0.0019,-0.0529,-1.6156,-0.5551,-3.8034,105.3216,-66.6706,-109.4219
327193364,0.0030,0.0047,0.0223,-0.0421,0.3933,0.0500,-0.0500,-0.0161,0.0011,0.1889,-0.0144,-0.0922,-2.8552,-0.4432,-3.8034,105.2831,-66.6704,-109.4371
327198364,0.0034,0.0043,0.0452,-0.0443,0.2827,0.0500,-0.0500,-0.0162,0.0011,0.1884,0.0109,-0.1034,-2.8552,-0.3313,-3.9696,105.2716,-66.6706,-109.4638
327203365,0.0036,0.0038,0.0626,-0.0507,0.3105,0.0500,-0.0500,-0.0161,0.0013,0.1879,0.0283,-0.1098,-2.8552,-0.2754,-3.9696,105.2545,-66.6707,-109.4796
327208364,0.0038,0.0035,0.0803,-0.0742,0.3377,-0.0200,-0.0500,-0.0127,0.0015,0.1872,0.0461,-0.1333,-2.5260,-0.2195,-3.9696,105.2500,-66.6710,-109.5034
327213365,0.0045,0.0030,0.0929,-0.0754,0.2931,-0.0200,0.0200,-0.0132,0.0018,0.1865,0.0586,-0.1345,-1.8677,-0.1635,-3.9696,105.2499,-66.6707,-109.5193
327218364,0.0051,0.0025,0.0721,-0.0599,0.2403,0.0348,0.0200,-0.0139,0.0021,0.1859,0.0647,-0.1182,-1.5386,-0.2195,-3.9211,105.2496,-66.6730,-109.5421
327223365,0.0055,0.0022,0.0547,-0.0269,0.2293,0.0293,-0.0210,-0.0170,0.0021,0.1855,0.0078,-0.0820,0.6495,-0.2195,-3.9211,105.2902,-66.6739,-109.5578
327228364,0.0057,0.0020,0.0250,0.0067,0.2934,0.0208,-0.0097,-0.0223,0.0020,0.1854,-0.0356,-0.0229,0.6495,-1.8678,-3.8660,105.2928,-66.7118,-109.5801
327233365,0.0058,0.0021,-0.0134,0.0562,0.3759,0.0106,0.0500,-0.0301,0.0016,0.1855,-0.0741,0.0266,0.6495,-1.8678,-3.8660,105.2967,-66.7193,-109.5956
327238365,0.0058,0.0024,-0.0434,0.0870,0.3719,0.0044,0.0500,-0.0329,0.0012,0.1857,-0.0879,0.0295,0.6495,-2.2293,-3.8660,105.2993,-66.7378,-109.6188
327243365,0.0056,0.0029,-0.1011,0.0944,0.3606,-0.0500,0.0500,-0.0286,0.0004,0.1859,-0.1420,0.0431,0.6495,-2.6940,-3.4465,105.3032,-66.7576,-109.6252
327248365,0.0051,0.0032,-0.1271,0.1017,0.3835,-0.0500,0.0500,-0.0281,-0.0003,0.1862,-0.1568,0.0504,0.6495,-2.6940,-3.4465,105.3058,-66.7738,-109.6459
327253364,0.0043,0.0036,-0.1686,0.1173,0.2943,-0.0500,-0.0200,-0.0243,-0.0013,0.1865,-0.2005,0.0623,0.6495,-2.6940,-3.6906,105.3097,-66.7845,-109.6640
327258364,0.0036,0.0039,-0.1793,0.1167,0.2552,-0.0500,-0.0200,-0.0222,-0.0024,0.1868,-0.2112,0.0617,0.4804,-2.3639,-3.6906,105.3089,-66.7937,-109.6870
327263364,0.0028,0.0047,-0.1952,0.1231,0.2360,0.0200,0.0590,-0.0233,-0.0036,0.1872,-0.2446,0.0952,-0.5071,-1.9238,-3.8013,105.2867,-66.7935,-109.7031
327268365,0.0018,0.0053,-0.1808,0.1093,0.2332,0.0200,0.0571,-0.0216,-0.0047,0.1876,-0.2216,0.0664,-0.5071,-0.9191,-3.8013,105.2847,-66.7831,-109.7269
327273364,0.0007,0.0057,-0.1680,0.0803,0.2244,-0.0415,0.0491,-0.0162,-0.0055,0.1876,-0.1600,0.0129,-2.0118,0.7229,-3.8013,105.2479,-66.7506,-109.7411
327278364,-0.0001,0.0060,-0.1445,0.0913,0.1642,-0.0383,0.0523,-0.0203,-0.0062,0.1878,-0.1347,0.0239,-2.0118,0.8262,-3.6968,105.2398,-66.7436,-109.7624
327283365,-0.0007,0.0064,-0.0831,0.0748,0.1950,-0.0244,0.0423,-0.0254,-0.0065,0.1878,-0.0577,0.0074,-2.9210,0.8262,-3.6968,105.2067,-66.7402,-109.7762
327288365,-0.0011,0.0068,-0.0538,0.0693,0.3145,-0.0201,0.0381,-0.0301,-0.0066,0.1878,-0.0297,-0.0003,-2.9210,0.8262,-3.8421,105.1951,-66.7353,-109.8029
327293365,-0.0012,0.0072,-0.0226,0.0486,0.3817,-0.0123,0.0297,-0.0321,-0.0066,0.1877,0.0157,-0.0211,-3.7516,0.8262,-3.8421,105.1595,-66.7320,-109.8173
327298365,-0.0012,0.0072,-0.0089,-0.0229,0.3432,-0.0085,0.0129,-0.0175,-0.0064,0.1872,0.0276,-0.0959,-3.7516,0.8262,-4.0628,105.1445,-66.7270,-109.8469
327303364,-0.0011,0.0070,-0.0263,-0.0608,0.3016,-0.0112,0.0053,-0.0057,-0.0063,0.1865,0.0228,-0.1431,-4.1694,1.4564,-4.0628,105.1121,-66.7103,-109.8621
327308365,-0.0011,0.0065,-0.0336,-0.0919,0.2977,-0.0127,-0.0019,0.0500,-0.0062,0.1856,0.0178,-0.1704,-4.1694,1.4564,-3.8006,105.0954,-66.7016,-109.8816
327313365,-0.0014,0.0059,-0.0232,-0.1225,0.2903,-0.0084,-0.0500,0.0500,-0.0059,0.1849,0.0638,-0.1442,-4.3310,1.4564,-3.8006,105.0663,-66.6958,-109.8958
327318364,-0.0016,0.0052,-0.0067,-0.1484,0.2424,-0.0054,-0.0500,0.0500,-0.0056,0.1842,0.0677,-0.1485,-4.3310,1.4564,-3.6053,105.0490,-66.6870,-109.9153
327323364,-0.0017,0.0042,0.0128,-0.1600,0.2064,-0.0004,-0.0500,0.0500,-0.0051,0.1834,0.0873,-0.1601,-4.3310,1.4564,-3.6053,105.0230,-66.6812,-109.9288
327328364,-0.0015,0.0031,0.0357,-0.1649,0.2314,0.0500,-0.0500,-0.0200,-0.0046,0.1826,0.1102,-0.1650,-4.3310,1.4564,-3.6053,105.0056,-66.6725,-109.9513
327333364,-0.0012,0.0023,0.0666,-0.1252,0.2848,0.0500,0.0200,-0.0200,-0.0042,0.1819,0.0666,-0.1252,-3.9078,0.3339,-2.9961,104.9896,-66.6907,-109.9516
327338365,-0.0008,0.0016,0.0785,-0.0883,0.2708,0.0500,0.0200,0.0050,-0.0039,0.1813,0.0594,-0.1214,-3.9078,-0.7272,-2.2208,104.9740,-66.7148,-109.9523
327343364,-0.0003,0.0011,0.0819,-0.0327,0.1877,0.0500,-0.0146,-0.0500,-0.0036,0.1812,0.0645,-0.0333,-3.2660,-0.9854,-1.0294,104.9645,-66.7230,-109.9350
327348364,-0.0000,0.0011,0.0446,0.0391,0.2549,-0.0200,0.0500,-0.0500,-0.0035,0.1815,0.0263,0.0707,-2.6777,-2.1214,0.2929,104.9643,-66.7568,-109.9091
327353364,0.0004,0.0014,0.0495,0.0956,0.3285,-0.0200,0.0500,-0.0500,-0.0032,0.1820,0.0495,0.0956,-1.9824,-2.1214,0.2929,104.9643,-66.7653,-109.9080
327358365,0.0006,0.0018,0.0409,0.1231,0.3499,0.0104,0.0500,-0.0500,-0.0029,0.1826,0.0686,0.1231,-1.6080,-3.0016,0.0976,104.9646,-66.7974,-109.9106
327363364,0.0009,0.0023,0.0577,0.1634,0.3267,0.0142,0.0500,0.0200,-0.0026,0.1834,0.0607,0.1634,-0.1716,-3.0016,0.0488,104.9865,-66.8094,-109.9113
327368364,0.0012,0.0031,0.0373,0.2034,0.2833,0.0100,-0.0200,0.0200,-0.0025,0.1844,0.0292,0.2034,0.4702,-3.0016,0.0488,105.0009,-66.8274,-109.9110
327373365,0.0014,0.0042,-0.0006,0.2227,0.3129,0.0006,-0.0200,-0.0687,-0.0025,0.1855,-0.0130,0.2152,0.4702,-2.8556,-0.4984,105.0038,-66.8365,-109.9222
327378365,0.0014,0.0053,-0.0418,0.2486,0.3682,-0.0500,0.0722,-0.0736,-0.0029,0.1868,-0.0846,0.2523,0.4702,-2.1253,-1.8829,105.0056,-66.8367,-109.9594
327383365,0.0011,0.0066,-0.0922,0.2327,0.3566,-0.0500,0.0777,-0.0667,-0.0035,0.1878,-0.1127,0.2119,0.4702,-0.4876,-1.8829,105.0085,-66.8095,-109.9664
327388365,0.0004,0.0078,-0.1264,0.2114,0.3453,-0.0500,0.0820,-0.0596,-0.0042,0.1887,-0.1404,0.1792,0.4702,0.2751,-1.8829,105.0103,-66.7932,-109.9782
327393364,0.0001,0.0088,-0.1075,0.2092,0.3646,-0.0500,0.0830,-0.0642,-0.0048,0.1896,-0.1255,0.1700,0.4702,0.2751,-2.3533,105.0132,-66.7921,-109.9949
327398365,-0.0004,0.0095,-0.1173,0.1885,0.2622,0.0200,0.0844,-0.0583,-0.0055,0.1903,-0.1367,0.1469,0.4702,0.2751,-2.5101,105.0150,-66.7904,-110.0137
327403365,-0.0010,0.0104,-0.1530,0.1665,0.1987,0.0200,0.0887,-0.0493,-0.0064,0.1909,-0.1783,0.1148,-0.3762,0.2751,-3.1881,104.9982,-66.7893,-110.0373
327408365,-0.0018,0.0112,-0.1799,0.1353,0.1089,-0.0542,0.0881,-0.0381,-0.0073,0.1912,-0.1844,0.0558,-0.3762,2.0307,-3.2984,104.9967,-66.7476,-110.0594
327413364,-0.0026,0.0119,-0.1796,0.1087,0.0802,-0.0566,0.0850,-0.0316,-0.0082,0.1912,-0.1794,0.0093,-0.5901,2.7579,-3.9053,104.9902,-66.7243,-110.0858
327418365,-0.0035,0.0121,-0.1405,0.0489,0.2042,-0.0496,0.0659,-0.0241,-0.0088,0.1909,-0.1125,-0.0685,-1.7667,3.8020,-4.0626,104.9612,-66.6840,-110.1133
327423364,-0.0041,0.0121,-0.1142,-0.0232,0.3007,-0.0469,0.0462,-0.0108,-0.0092,0.1901,-0.0855,-0.1527,-1.7667,4.2495,-4.4296,104.9506,-66.6583,-110.1371
327428365,-0.0044,0.0117,-0.0385,-0.1136,0.3191,-0.0287,0.0142,0.0500,-0.0092,0.1888,-0.0049,-0.2631,-1.7667,5.1991,-4.8202,104.9436,-66.6107,-110.1739
327433364,-0.0045,0.0108,-0.0266,-0.1985,0.3472,-0.0214,-0.0500,0.0500,-0.0089,0.1874,0.0734,-0.2840,-2.9296,5.7346,-4.8202,104.9054,-66.5779,-110.1920
327438365,-0.0045,0.0091,-0.0458,-0.3522,0.2824,-0.0290,-0.0500,0.0500,-0.0088,0.1856,0.0100,-0.3523,-3.2546,6.2847,-4.7648,104.8870,-66.5311,-110.2208
327443365,-0.0047,0.0072,-0.0641,-0.3961,0.3249,-0.0343,-0.0500,0.0500,-0.0088,0.1836,-0.0011,-0.3963,-3.6724,6.2847,-4.7648,104.8569,-66.5060,-110.2386
327448365,-0.0050,0.0050,-0.0266,-0.4404,0.3337,-0.0257,-0.0500,-0.0200,-0.0086,0.1814,0.0430,-0.4406,-4.0494,6.2331,-3.8764,104.8340,-66.4696,-110.2487
327453364,-0.0051,0.0026,0.0189,-0.4465,0.2598,-0.0136,0.0200,-0.0200,-0.0082,0.1792,0.0886,-0.4467,-4.0494,5.4090,-3.1970,104.8098,-66.4622,-110.2484
327458365,-0.0047,0.0004,0.0883,-0.3968,0.2103,0.0500,0.0200,0.0808,-0.0075,0.1770,0.1435,-0.4322,-4.3874,4.0030,-2.3608,104.7865,-66.4622,-110.2489
327463365,-0.0040,-0.0016,0.1255,-0.3381,0.1605,0.0500,-0.0944,0.0740,-0.0068,0.1750,0.1370,-0.4159,-4.3874,3.2758,-1.9427,104.7602,-66.4622,-110.2486
327468365,-0.0033,-0.0031,0.1466,-0.2648,0.1297,0.0500,-0.0849,0.0558,-0.0059,0.1735,0.1725,-0.2915,-4.0583,2.4032,0.6092,104.7495,-66.4626,-110.2027
327473365,-0.0026,-0.0044,0.1332,-0.2022,0.1422,0.0500,-0.0749,0.0464,-0.0051,0.1724,0.1558,-0.2216,-3.9172,1.9669,0.6646,104.7287,-66.4625,-110.1991
327478365,-0.0017,-0.0053,0.1402,-0.1301,0.1792,-0.0200,-0.0647,0.0304,-0.0043,0.1717,0.1586,-0.1423,-3.8637,1.4821,0.6646,104.7141,-66.4619,-110.1950
327483365,-0.0010,-0.0056,0.1378,-0.0153,0.2705,-0.0200,-0.0427,0.0042,-0.0036,0.1716,0.1537,-0.0231,-2.8476,1.1912,0.6646,104.7144,-66.4624,-110.1925
327488365,-0.0004,-0.0056,0.1164,0.0507,0.3838,0.0255,-0.0275,-0.0500,-0.0028,0.1719,0.1514,0.0683,-1.9560,-0.5164,0.6646,104.7221,-66.4927,-110.1883
327493365,0.0003,-0.0053,0.1057,0.1084,0.4880,0.0213,-0.0142,-0.0500,-0.0023,0.1725,0.1039,0.1208,-0.3102,-0.8262,0.6646,104.7495,-66.5021,-110.1858
327498365,0.0009,-0.0048,0.1020,0.1634,0.4287,0.0235,-0.0002,-0.0500,-0.0018,0.1734,0.0995,0.1757,-0.2632,-0.8262,0.6646,104.7493,-66.5070,-110.1817
327503365,0.0012,-0.0039,0.0357,0.2098,0.2308,0.0101,0.0500,-0.0500,-0.0017,0.1746,0.0240,0.2353,-0.1692,-1.7064,0.6646,104.7499,-66.5287,-110.1792
327508364,0.0014,-0.0029,-0.0165,0.2337,0.1065,0.0002,0.0500,0.0200,-0.0017,0.1757,-0.0136,0.2337,-0.1692,-2.3665,0.6646,104.7492,-66.5556,-110.1750
327513364,0.0011,-0.0017,-0.0858,0.2856,0.0927,-0.0500,0.0500,0.0200,-0.0022,0.1772,-0.0837,0.2856,-0.1221,-2.3665,0.6646,104.7494,-66.5651,-110.1725
327518365,0.0007,-0.0003,-0.1188,0.3146,0.1233,-0.0500,0.0500,-0.0561,-0.0027,0.1788,-0.1160,0.3195,-0.0751,-2.3665,0.3323,104.7499,-66.5793,-110.1751
327523364,0.0000,0.0013,-0.1133,0.3173,0.1450,-0.0500,-0.0200,-0.0600,-0.0033,0.1803,-0.1219,0.3025,-0.0751,-2.2692,-0.9968,104.7494,-66.5868,-110.2034
327528365,-0.0007,0.0028,-0.1365,0.2669,0.2155,-0.0500,-0.0200,-0.0506,-0.0041,0.1815,-0.1451,0.2521,-0.0751,-0.8958,-0.9968,104.7491,-66.5702,-110.2096
327533364,-0.0014,0.0038,-0.1545,0.1701,0.2500,0.0200,0.0678,-0.0294,-0.0049,0.1823,-0.1589,0.1479,0.0000,0.4951,-0.9968,104.7500,-66.5430,-110.2133
327538364,-0.0021,0.0046,-0.1564,0.1472,0.2931,0.0200,0.0668,-0.0264,-0.0057,0.1829,-0.1607,0.1250,0.0000,0.4951,-0.9968,104.7500,-66.5400,-110.2196
327543365,-0.0031,0.0052,-0.1787,0.1668,0.3172,-0.0619,0.0775,-0.0278,-0.0066,0.1836,-0.1858,0.1383,-0.0470,0.4951,-1.4149,104.7490,-66.5381,-110.2319
327548364,-0.0039,0.0060,-0.1289,0.1677,0.3294,-0.0533,0.0752,-0.0345,-0.0073,0.1842,-0.1424,0.1282,-0.0470,0.4951,-2.1466,104.7488,-66.5351,-110.2592
327553365,-0.0046,0.0070,-0.1057,0.1744,0.2937,-0.0498,0.0780,-0.0395,-0.0079,0.1848,-0.1207,0.1231,-0.0470,0.8049,-2.6309,104.7486,-66.5268,-110.2772
327558364,-0.0049,0.0076,-0.1026,0.1210,0.2085,-0.0487,0.0682,-0.0275,-0.0085,0.1851,-0.1103,0.0469,-0.0470,1.9926,-2.9699,104.7484,-66.4929,-110.3024
327563365,-0.0053,0.0080,-0.0828,0.0586,0.1453,-0.0427,0.0537,-0.0166,-0.0088,0.1850,-0.0689,-0.0241,-1.0097,2.5743,-2.9699,104.7278,-66.4729,-110.3135
327568365,-0.0057,0.0082,-0.0898,0.0067,0.1584,-0.0456,0.0433,-0.0038,-0.0091,0.1845,-0.0654,-0.0899,-1.6515,3.0107,-3.4664,104.7089,-66.4464,-110.3448
327573365,-0.0061,0.0079,-0.0425,-0.0666,0.1880,-0.0349,0.0195,0.0500,-0.0092,0.1836,-0.0103,-0.1766,-1.6515,3.9056,-3.4664,104.6990,-66.4141,-110.3578
327578364,-0.0061,0.0070,0.0229,-0.1909,0.2335,-0.0155,-0.0500,0.0500,-0.0087,0.1824,0.1012,-0.2491,-2.5929,3.9056,-3.2042,104.6726,-66.3907,-110.3740
327583365,-0.0059,0.0060,0.0400,-0.2392,0.2601,-0.0129,-0.0500,0.0500,-0.0082,0.1812,0.0912,-0.2393,-2.9805,4.4859,-2.7847,104.6472,-66.3618,-110.3766
327588365,-0.0055,0.0047,0.0510,-0.2651,0.2531,-0.0079,-0.0500,0.0500,-0.0077,0.1799,0.1086,-0.2652,-3.3519,4.3399,-2.7847,104.6277,-66.3378,-110.3940
327593365,-0.0053,0.0031,0.0525,-0.2914,0.2335,-0.0067,-0.0500,-0.0200,-0.0071,0.1784,0.1118,-0.2915,-3.4447,3.5610,-2.7847,104.6051,-66.3376,-110.4045
327598365,-0.0051,0.0015,0.0745,-0.2718,0.2473,-0.0003,0.0200,-0.0200,-0.0065,0.1770,0.1338,-0.2719,-3.4447,2.6361,-0.6348,104.5914,-66.3375,-110.3733
327603365,-0.0045,0.0002,0.1274,-0.2193,0.2604,0.0500,0.0200,0.0358,-0.0056,0.1759,0.1673,-0.2273,-2.5831,2.1493,-0.5299,104.5903,-66.3377,-110.3734
327608365,-0.0037,-0.0009,0.1478,-0.1594,0.1941,0.0500,-0.0537,0.0258,-0.0048,0.1750,0.1581,-0.1898,-2.4215,1.6138,-0.4250,104.5837,-66.3372,-110.3743
327613364,-0.0029,-0.0016,0.1381,-0.0947,0.1138,0.0500,-0.0410,0.0145,-0.0041,0.1744,0.1467,-0.1192,-2.4215,1.3217,-0.3202,104.5692,-66.3372,-110.3735
327618365,-0.0022,-0.0020,0.1011,-0.0461,0.1117,0.0500,-0.0281,0.0083,-0.0036,0.1740,0.1072,-0.0647,-2.2061,0.9809,-0.2677,104.5638,-66.3372,-110.3743
327623365,-0.0017,-0.0017,0.0556,0.0611,0.2732,-0.0200,0.0017,-0.0500,-0.0033,0.1745,0.0568,0.0837,-0.5905,-0.6858,0.8275,104.5894,-66.3702,-110.3519
327628365,-0.0015,-0.0015,0.0195,0.1005,0.2665,-0.0200,0.0500,-0.0500,-0.0032,0.1750,0.0127,0.1123,-0.4828,-0.7914,1.9308,104.5895,-66.3770,-110.3192
327633365,-0.0014,-0.0009,0.0107,0.1582,0.2803,-0.0500,0.0500,-0.0500,-0.0032,0.1758,0.0027,0.1582,0.4642,-0.7914,1.9308,104.6068,-66.3802,-110.3120
327638364,-0.0012,-0.0002,0.0027,0.1921,0.3365,-0.0500,0.0500,-0.0500,-0.0032,0.1768,0.0027,0.1921,1.2999,-0.7914,1.9308,104.6277,-66.3849,-110.2999
327643364,-0.0012,0.0008,-0.0428,0.1875,0.3197,-0.0500,0.0500,0.0200,-0.0034,0.1777,-0.0428,0.1875,1.2999,-0.7914,1.5446,104.6355,-66.3881,-110.3006
327648364,-0.0015,0.0018,-0.0935,0.2123,0.2274,-0.0500,-0.0200,0.0200,-0.0039,0.1788,-0.0935,0.2123,1.2999,-0.7914,0.0552,104.6407,-66.3929,-110.3274
327653365,-0.0019,0.0027,-0.1277,0.1955,0.1666,0.0200,-0.0200,-0.0342,-0.0045,0.1797,-0.1272,0.1963,1.2999,-0.7914,0.0552,104.6485,-66.3960,-110.3272
327658365,-0.0028,0.0036,-0.1426,0.1830,0.1709,0.0200,0.0746,-0.0316,-0.0052,0.1807,-0.1490,0.1956,1.2999,-0.7914,0.0552,104.6537,-66.4008,-110.3268
327663365,-0.0036,0.0044,-0.1304,0.1796,0.2516,-0.0520,0.0759,-0.0335,-0.0060,0.1816,-0.1513,0.1828,1.1606,-0.1583,0.0552,104.6587,-66.3908,-110.3266
327668365,-0.0042,0.0053,-0.0947,0.1558,0.2189,-0.0438,0.0672,-0.0318,-0.0065,0.1822,-0.0995,0.1142,-0.3250,0.7914,-1.9926,104.6308,-66.3682,-110.3721
327673364,-0.0045,0.0060,-0.1078,0.1359,0.1089,-0.0468,0.0689,-0.0263,-0.0070,0.1827,-0.1087,0.0928,-0.6035,0.7914,-2.0975,104.6217,-66.3651,-110.3820
327678365,-0.0050,0.0066,-0.1371,0.1213,0.1111,-0.0560,0.0722,-0.0205,-0.0077,0.1831,-0.1381,0.0781,-0.6035,0.7914,-2.0975,104.6193,-66.3603,-110.3951
327683364,-0.0058,0.0071,-0.1271,0.1029,0.1963,-0.0574,0.0680,-0.0181,-0.0084,0.1833,-0.1251,0.0402,-0.6035,1.6189,-2.5857,104.6157,-66.3398,-110.4136
327688365,-0.0064,0.0075,-0.0977,0.0617,0.2567,-0.0517,0.0561,-0.0143,-0.0087,0.1833,-0.0741,-0.0033,-1.7883,1.7650,-2.5857,104.5874,-66.3263,-110.4298
327693365,-0.0068,0.0077,-0.0635,0.0174,0.2036,-0.0435,0.0430,-0.0073,-0.0089,0.1829,-0.0313,-0.0623,-1.7883,2.7552,-2.5857,104.5767,-66.2984,-110.4395
327698365,-0.0069,0.0075,-0.0140,-0.0535,0.1523,-0.0304,0.0215,0.0500,-0.0088,0.1823,0.0249,-0.1331,-2.0137,2.9202,-2.4196,104.5650,-66.2776,-110.4522
327703365,-0.0069,0.0071,0.0211,-0.1115,0.1966,-0.0184,0.0022,0.0500,-0.0082,0.1814,0.1042,-0.1650,-3.0279,3.5915,-1.9766,104.5277,-66.2520,-110.4516
327708364,-0.0068,0.0063,0.0492,-0.1536,0.2406,-0.0114,-0.0500,0.0500,-0.0076,0.1804,0.1348,-0.2087,-3.1219,3.6948,-1.4781,104.5137,-66.2278,-110.4523
327713365,-0.0066,0.0053,0.0635,-0.1820,0.2100,-0.0085,-0.0500,0.0500,-0.0069,0.1795,0.1261,-0.1822,-3.6391,3.6948,-1.2012,104.4819,-66.2130,-110.4518
327718365,-0.0062,0.0043,0.1087,-0.1710,0.1688,0.0500,-0.0500,-0.0200,-0.0061,0.1786,0.1713,-0.1712,-3.6391,3.6948,-0.8690,104.4674,-66.1908,-110.4516
327723365,-0.0056,0.0033,0.1329,-0.1332,0.1981,0.0500,-0.0500,-0.0200,-0.0054,0.1780,0.1329,-0.1332,-2.8369,3.6948,-0.7028,104.4638,-66.1761,-110.4513
327728365,-0.0048,0.0025,0.1326,-0.1243,0.1871,0.0500,0.0200,0.0087,-0.0047,0.1774,0.1355,-0.1192,-2.7299,2.9117,0.3418,104.4550,-66.1715,-110.4335
327733364,-0.0041,0.0018,0.1277,-0.0840,0.1550,0.0500,0.0200,0.0003,-0.0040,0.1771,0.1399,-0.0628,-2.3556,1.5729,1.4159,104.4462,-66.1889,-110.4082
327738365,-0.0034,0.0013,0.1124,-0.0473,0.1340,-0.0200,-0.0141,-0.0500,-0.0034,0.1769,0.1265,-0.0294,-1.1255,0.2155,1.4159,104.4644,-66.2123,-110.3994
327743365,-0.0028,0.0010,0.0709,-0.0278,0.1364,-0.0200,-0.0077,-0.0500,-0.0030,0.1768,0.0723,-0.0303,-0.8581,0.1670,1.4159,104.4639,-66.2124,-110.3941
327748365,-0.0025,0.0010,0.0159,0.0403,0.1981,-0.0500,0.0500,-0.0500,-0.0029,0.1770,0.0289,0.0385,-0.6976,0.1185,1.9927,104.4640,-66.2125,-110.3730
327753365,-0.0025,0.0013,-0.0159,0.0913,0.2439,-0.0500,0.0500,-0.0500,-0.0030,0.1774,-0.0159,0.0913,1.0345,-0.9811,1.9927,104.5009,-66.2351,-110.3656
327758365,-0.0026,0.0017,-0.0379,0.1478,0.2491,-0.0500,0.0500,0.0200,-0.0032,0.1782,-0.0379,0.1478,1.0345,-1.6007,1.1013,104.5051,-66.2566,-110.3747
327763365,-0.0029,0.0023,-0.0776,0.1588,0.2781,-0.0500,0.0500,0.0200,-0.0036,0.1789,-0.0776,0.1588,1.0345,-1.6007,0.8915,104.5113,-66.2630,-110.3751
327768364,-0.0033,0.0032,-0.1072,0.1512,0.2580,0.0200,-0.0200,-0.0265,-0.0041,0.1797,-0.1102,0.1461,1.0345,-1.6007,-0.3418,104.5154,-66.2726,-110.3962
327773365,-0.0039,0.0040,-0.1130,0.1332,0.2348,0.0200,-0.0200,-0.0224,-0.0047,0.1803,-0.1219,0.1179,1.0345,-0.7746,-1.0253,104.5216,-66.2617,-110.4130
327778365,-0.0046,0.0044,-0.1439,0.1396,0.1581,-0.0583,0.0708,-0.0186,-0.0056,0.1809,-0.1669,0.1251,0.7994,-0.0516,-1.0253,104.5210,-66.2482,-110.4194
327783365,-0.0052,0.0047,-0.1240,0.1106,0.0411,-0.0528,0.0650,-0.0138,-0.0062,0.1814,-0.1268,0.0960,-0.3762,-0.0516,-1.0253,104.4971,-66.2484,-110.4233
327788364,-0.0058,0.0052,-0.0889,0.0944,0.0539,-0.0470,0.0594,-0.0144,-0.0067,0.1817,-0.0994,0.0666,-0.3762,-0.0516,-1.9114,104.4956,-66.2487,-110.4482
327793364,-0.0063,0.0058,-0.0874,0.0941,0.0994,-0.0494,0.0614,-0.0159,-0.0072,0.1820,-0.0993,0.0638,-0.3762,-0.0516,-2.0775,104.4934,-66.2489,-110.4593
327798365,-0.0064,0.0060,-0.0748,0.0684,0.0698,-0.0453,0.0535,-0.0109,-0.0075,0.1821,-0.0721,0.0128,-0.3762,1.6483,-2.0775,104.4919,-66.2114,-110.4723
327803365,-0.0068,0.0064,-0.0504,0.0519,0.1340,-0.0413,0.0480,-0.0118,-0.0078,0.1821,-0.0476,-0.0037,-0.3762,1.6483,-2.0775,104.4896,-66.2048,-110.4801
327808365,-0.0072,0.0067,-0.0528,0.0501,0.2644,-0.0439,0.0473,-0.0136,-0.0079,0.1820,-0.0326,-0.0055,-1.3923,1.6483,-2.0775,104.4666,-66.1949,-110.4931
327813365,-0.0073,0.0065,-0.0046,-0.0452,0.1779,-0.0306,0.0203,0.0500,-0.0078,0.1815,0.0251,-0.1093,-1.5528,2.3195,-1.9730,104.4541,-66.1744,-110.4987
327818364,-0.0072,0.0062,0.0324,-0.0828,0.0900,-0.0182,0.0085,0.0500,-0.0074,0.1809,0.0801,-0.1190,-1.5528,2.4314,-1.4504,104.4479,-66.1576,-110.4988
327823365,-0.0069,0.0057,0.0596,-0.1258,0.0750,-0.0086,-0.0500,0.0500,-0.0068,0.1801,0.1253,-0.1621,-2.6049,2.4314,-1.1891,104.4164,-66.1479,-110.4985
327828364,-0.0066,0.0048,0.0690,-0.1405,0.1584,-0.0076,-0.0500,0.0500,-0.0062,0.1794,0.1157,-0.1406,-2.7156,2.4314,-0.8755,104.4033,-66.1333,-110.4986
327833364,-0.0062,0.0037,0.0782,-0.1591,0.2170,-0.0043,-0.0500,-0.0200,-0.0056,0.1786,0.1249,-0.1592,-2.7156,2.4314,-0.7187,104.3870,-66.1236,-110.4984
327838364,-0.0056,0.0028,0.0935,-0.1341,0.1987,0.0500,-0.0500,-0.0200,-0.0049,0.1779,0.1402,-0.1342,-2.7156,1.8511,-0.5097,104.3762,-66.1223,-110.4981
327843364,-0.0050,0.0021,0.1057,-0.0803,0.1492,0.0500,0.0200,0.0056,-0.0044,0.1775,0.1017,-0.0872,-2.0193,1.4818,-0.4574,104.3758,-66.1230,-110.4989
327848365,-0.0045,0.0015,0.0996,-0.0654,0.0875,0.0500,0.0200,0.0037,-0.0039,0.1772,0.1029,-0.0596,-1.6479,1.1125,0.3877,104.3759,-66.1227,-110.4842
327853365,-0.0039,0.0012,0.0797,-0.0315,0.1239,0.0500,-0.0061,-0.0500,-0.0034,0.1771,0.1003,-0.0125,-1.2301,0.5626,1.8275,104.3756,-66.1297,-110.4510
327858365,-0.0037,0.0012,0.0006,0.0336,0.1095,-0.0200,0.0500,-0.0500,-0.0034,0.1774,-0.0119,0.0553,-0.9979,-1.4543,1.8275,104.3758,-66.1741,-110.4396
327863365,-0.0038,0.0013,-0.0611,0.0730,0.0799,-0.0200,0.0500,-0.0500,-0.0037,0.1778,-0.0611,0.0730,0.5538,-1.4543,1.8275,104.4029,-66.1799,-110.4327
327868365,-0.0041,0.0016,-0.0788,0.1075,0.1355,-0.0500,0.0500,-0.0500,-0.0042,0.1783,-0.0969,0.1075,1.0521,-1.4543,1.8275,104.4168,-66.1886,-110.4213
327873365,-0.0046,0.0020,-0.0950,0.1304,0.2094,-0.0500,0.0500,0.0200,-0.0047,0.1790,-0.0950,0.1304,1.0521,-1.4543,1.8275,104.4231,-66.1944,-110.4144
327878364,-0.0053,0.0025,-0.1075,0.1243,0.2073,-0.0500,-0.0200,0.0200,-0.0052,0.1796,-0.1075,0.1243,1.0521,-1.4543,1.4858,104.4273,-66.2032,-110.4106
327883365,-0.0058,0.0032,-0.1197,0.1173,0.1914,-0.0500,-0.0200,-0.0132,-0.0058,0.1802,-0.1158,0.1241,1.0521,-1.4543,0.4532,104.4336,-66.2090,-110.4269
327888365,-0.0062,0.0039,-0.1258,0.1103,0.1837,0.0200,0.0631,-0.0105,-0.0065,0.1807,-0.1346,0.1007,1.0521,-0.1902,-0.8307,104.4379,-66.1906,-110.4557
327893365,-0.0070,0.0042,-0.1188,0.0983,0.1776,0.0200,0.0610,-0.0077,-0.0071,0.1811,-0.1192,0.0743,1.0521,0.7831,-0.8307,104.4442,-66.1695,-110.4588
327898365,-0.0078,0.0045,-0.1353,0.0852,0.1874,-0.0692,0.0635,-0.0016,-0.0078,0.1814,-0.1538,0.0612,1.0521,0.7831,-0.8307,104.4484,-66.1648,-110.4640
327903365,-0.0084,0.0048,-0.1032,0.1060,0.1001,-0.0625,0.0675,-0.0088,-0.0084,0.1818,-0.1217,0.0820,1.0521,0.7831,-0.8307,104.4547,-66.1617,-110.4671
327908365,-0.0087,0.0049,-0.0709,0.0773,0.0381,-0.0545,0.0589,-0.0059,-0.0089,0.1821,-0.0894,0.0533,1.0521,0.7831,-0.8307,104.4589,-66.1570,-110.4723
327913364,-0.0090,0.0053,-0.0504,0.0434,0.1007,-0.0483,0.0472,-0.0027,-0.0090,0.1821,-0.0265,0.0020,-0.8306,1.9437,-0.8307,104.4237,-66.1291,-110.4754
327918365,-0.0092,0.0054,-0.0134,0.0031,0.1847,-0.0398,0.0326,0.0001,-0.0089,0.1818,0.0218,-0.0430,-1.3290,2.2603,-0.8307,104.4087,-66.1094,-110.4806
327923365,-0.0091,0.0053,0.0223,-0.0412,0.1914,-0.0302,0.0171,0.0500,-0.0086,0.1814,0.0630,-0.0967,-1.3290,2.8931,-0.8307,104.4007,-66.0872,-110.4837
327928364,-0.0087,0.0049,0.0367,-0.0748,0.1624,-0.0240,0.0067,0.0500,-0.0082,0.1808,0.0845,-0.1179,-1.3290,2.8931,-0.8307,104.3954,-66.0699,-110.4889
327933365,-0.0082,0.0043,0.0446,-0.1048,0.1437,-0.0200,-0.0500,0.0500,-0.0077,0.1800,0.0924,-0.1478,-1.3290,2.8931,-0.8307,104.3874,-66.0583,-110.4920
327938364,-0.0080,0.0038,0.0593,-0.1243,0.1608,-0.0175,-0.0500,0.0500,-0.0073,0.1794,0.0821,-0.1244,-1.3290,3.3882,-0.8307,104.3821,-66.0285,-110.4972
327943364,-0.0077,0.0032,0.0730,-0.1439,0.1694,-0.0128,-0.0500,-0.0200,-0.0068,0.1787,0.0975,-0.1439,-1.4219,3.3882,-0.7262,104.3721,-66.0149,-110.4981
327948365,-0.0071,0.0024,0.0828,-0.1304,0.1251,-0.0075,-0.0500,-0.0200,-0.0063,0.1780,0.1072,-0.1305,-1.4219,3.1300,-0.5171,104.3664,-65.9999,-110.4979
327953365,-0.0066,0.0016,0.0794,-0.1032,0.1340,-0.0058,0.0200,0.0164,-0.0057,0.1776,0.1120,-0.0892,-1.4219,2.5620,0.9415,104.3579,-65.9998,-110.4688
327958365,-0.0062,0.0011,0.0709,-0.0522,0.1269,-0.0056,0.0200,0.0063,-0.0052,0.1775,0.1096,-0.0274,-1.4219,1.5539,1.6614,104.3522,-66.0067,-110.4446
327963365,-0.0058,0.0008,0.0473,-0.0092,0.0570,-0.0094,0.0500,0.0010,-0.0048,0.1776,0.0842,0.0189,-1.4219,-0.2201,1.6614,104.3437,-66.0392,-110.4384
327968365,-0.0055,0.0007,0.0211,0.0293,-0.0056,-0.0134,0.0500,-0.0500,-0.0044,0.1779,0.0656,0.0672,-1.3141,-0.4951,2.5402,104.3402,-66.0475,-110.4093
327973365,-0.0054,0.0009,-0.0226,0.0464,0.0268,-0.0265,0.0500,-0.0500,-0.0045,0.1781,-0.0055,0.0464,-0.9910,-0.4951,2.5402,104.3397,-66.0495,-110.3998
327978365,-0.0055,0.0012,-0.0547,0.0696,0.1230,-0.0362,0.0500,-0.0500,-0.0047,0.1785,-0.0404,0.0696,-0.8295,-0.4951,2.5402,104.3393,-66.0525,-110.3839
327983365,-0.0058,0.0015,-0.0773,0.1084,0.1721,-0.0440,-0.0200,-0.0500,-0.0050,0.1790,-0.0667,0.1084,-0.6140,-0.4951,2.5402,104.3394,-66.0545,-110.3744
327988364,-0.0062,0.0019,-0.0898,0.1368,0.1184,-0.0484,-0.0200,0.0200,-0.0054,0.1797,-0.0811,0.1368,-0.5063,0.1650,1.8585,104.3394,-66.0438,-110.3745
327993365,-0.0069,0.0026,-0.1026,0.1408,0.1505,-0.0549,0.0641,0.0200,-0.0059,0.1804,-0.0953,0.1383,-0.3448,0.1650,1.4951,104.3401,-66.0431,-110.3754
327998364,-0.0073,0.0032,-0.0706,0.0883,0.2027,-0.0493,0.0504,-0.0089,-0.0062,0.1808,-0.0675,0.0800,-0.2909,0.1650,-0.3906,104.3399,-66.0421,-110.4112
328003365,-0.0076,0.0034,-0.0507,0.0260,0.1346,-0.0447,0.0367,0.0500,-0.0065,0.1809,-0.0486,0.0177,-0.2371,0.1650,-0.3906,104.3394,-66.0415,-110.4127
328008365,-0.0079,0.0034,-0.0425,-0.0098,0.0457,-0.0428,0.0300,0.0500,-0.0066,0.1808,-0.0379,-0.0122,-0.1832,0.1650,-0.3906,104.3397,-66.0405,-110.4151
328013365,-0.0080,0.0031,-0.0140,-0.0153,0.0335,-0.0360,0.0245,0.0500,-0.0067,0.1807,-0.0104,-0.0177,-0.1294,0.1650,-0.3906,104.3399,-66.0398,-110.4166
328018365,-0.0081,0.0027,0.0067,-0.0247,0.0912,-0.0316,0.0179,0.0500,-0.0066,0.1806,0.0104,-0.0272,-0.1294,0.1650,-1.9966,104.3393,-66.0388,-110.4566
328023365,-0.0080,0.0026,0.0031,-0.0409,0.1275,-0.0328,0.0140,-0.0200,-0.0066,0.1804,0.0058,-0.0434,-0.0755,0.1650,-1.4428,104.3399,-66.0382,-110.4527
328028364,-0.0079,0.0025,0.0067,-0.0492,0.1016,-0.0311,0.0115,-0.0200,-0.0066,0.1801,0.0094,-0.0516,-0.0755,0.1650,-0.9998,104.3396,-66.0372,-110.4514
328033364,-0.0077,0.0022,0.0037,-0.0684,0.0423,-0.0308,0.0063,0.0229,-0.0066,0.1797,-0.0021,-0.0833,0.0000,0.1650,-0.8336,104.3403,-66.0365,-110.4516
328038365,-0.0075,0.0016,0.0110,-0.0736,0.0350,-0.0280,0.0023,0.0244,-0.0065,0.1793,0.0100,-0.0802,0.0000,0.1650,-0.2769,104.3403,-66.0355,-110.4449
328043364,-0.0075,0.0011,-0.0043,-0.0318,0.1272,-0.0319,0.0116,0.0155,-0.0065,0.1792,0.0072,-0.0167,0.0000,0.1650,1.1718,104.3403,-66.0349,-110.4140
328048364,-0.0074,0.0009,0.0031,0.0104,0.0912,-0.0290,0.0195,0.0060,-0.0064,0.1794,0.0163,0.0284,0.0000,0.1650,1.3671,104.3403,-66.0339,-110.4016
328053365,-0.0074,0.0008,-0.0095,0.0247,0.0066,-0.0310,0.0248,0.0060,-0.0064,0.1796,0.0037,0.0427,0.0000,0.1650,1.3671,104.3403,-66.0332,-110.3965
328058365,-0.0074,0.0009,-0.0333,0.0058,-0.0035,-0.0364,0.0248,0.0118,-0.0065,0.1797,-0.0138,0.0348,0.0000,0.1650,2.1012,104.3403,-66.0322,-110.3720
328063365,-0.0073,0.0011,-0.0305,0.0318,0.1230,-0.0371,0.0287,0.0036,-0.0065,0.1800,-0.0110,0.0607,0.0000,0.1650,2.1012,104.3403,-66.0316,-110.3641
328068365,-0.0074,0.0010,-0.0296,0.0415,0.1660,-0.0379,0.0303,0.0013,-0.0066,0.1804,-0.0101,0.0705,0.0000,0.1650,2.1012,104.3403,-66.0306,-110.3510
328073365,-0.0077,0.0011,-0.0244,0.0547,0.0720,-0.0355,0.0327,0.0001,-0.0065,0.1807,0.0058,0.0652,0.0000,1.4043,2.1012,104.3403,-66.0032,-110.3431
328078365,-0.0079,0.0014,-0.0192,0.0623,0.0240,-0.0345,0.0356,-0.0500,-0.0065,0.1811,0.0127,0.0698,0.0000,1.6109,2.1012,104.3403,-65.9927,-110.3300
328083364,-0.0078,0.0018,-0.0006,0.0623,0.0631,-0.0314,0.0327,-0.0500,-0.0064,0.1813,0.0133,0.0384,0.0000,1.6109,1.8805,104.3403,-65.9830,-110.3270
328088365,-0.0077,0.0022,0.0104,0.0421,0.0863,-0.0285,0.0277,-0.0500,-0.0063,0.1814,0.0243,0.0182,0.0000,1.6109,1.3840,104.3403,-65.9766,-110.3267
328093364,-0.0078,0.0024,0.0009,0.0205,0.0277,-0.0303,0.0257,-0.0500,-0.0062,0.1813,0.0148,-0.0035,0.0000,1.6109,1.1634,104.3403,-65.9669,-110.3265
328098365,-0.0077,0.0025,0.0034,-0.0031,0.0692,-0.0301,0.0203,0.0200,-0.0061,0.1812,0.0164,-0.0256,0.0000,1.5139,0.8324,104.3403,-65.9624,-110.3269
328103365,-0.0076,0.0025,0.0104,-0.0205,0.1431,-0.0289,0.0147,0.0200,-0.0060,0.1810,0.0218,-0.0401,0.0000,1.3200,0.6669,104.3403,-65.9581,-110.3275
328108364,-0.0074,0.0023,-0.0009,-0.0473,0.1187,-0.0313,0.0085,0.0500,-0.0060,0.1806,0.0010,-0.0834,0.0000,1.3200,-1.1012,104.3403,-65.9528,-110.3626
328113365,-0.0072,0.0021,0.0009,-0.0577,0.0631,-0.0288,0.0065,0.0500,-0.0060,0.1802,0.0123,-0.0774,0.0000,1.3200,-1.6256,104.3403,-65.9449,-110.3782
328118365,-0.0073,0.0016,0.0018,-0.0519,0.0494,-0.0284,0.0061,0.0500,-0.0059,0.1798,0.0132,-0.0715,0.0000,1.3200,-1.6256,104.3403,-65.9396,-110.3890
328123365,-0.0072,0.0010,0.0043,-0.0593,0.0686,-0.0280,0.0020,0.0500,-0.0058,0.1795,0.0156,-0.0789,0.0000,1.3200,-1.6256,104.3403,-65.9317,-110.3945
328128364,-0.0070,0.0006,0.0012,-0.0565,0.0924,-0.0283,0.0007,-0.0200,-0.0057,0.1791,0.0126,-0.0761,0.0000,1.3200,-1.6256,104.3403,-65.9264,-110.4052
328133365,-0.0069,0.0002,-0.0006,-0.0425,0.0155,-0.0271,0.0034,-0.0200,-0.0057,0.1788,0.0093,-0.0596,0.0000,1.1522,-1.5767,104.3403,-65.9221,-110.4097
328138364,-0.0068,-0.0001,-0.0220,-0.0223,0.0109,-0.0321,0.0099,0.0218,-0.0058,0.1786,-0.0117,-0.0322,0.0000,0.9285,0.2622,104.3403,-65.9223,-110.3797
328143365,-0.0068,-0.0005,-0.0327,-0.0171,0.0546,-0.0354,0.0112,0.0221,-0.0059,0.1785,-0.0221,-0.0197,0.0000,0.7047,0.5244,104.3403,-65.9219,-110.3728
328148365,-0.0068,-0.0007,-0.0431,-0.0137,0.0827,-0.0386,0.0122,0.0232,-0.0060,0.1784,-0.0335,-0.0147,0.0000,0.5929,0.5244,104.3403,-65.9216,-110.3693
328153365,-0.0069,-0.0009,-0.0473,0.0021,0.0683,-0.0399,0.0160,0.0212,-0.0062,0.1785,-0.0392,0.0037,0.0000,0.4251,0.5244,104.3403,-65.9220,-110.3675
328158364,-0.0073,-0.0012,-0.0589,-0.0012,0.0258,-0.0437,0.0172,0.0255,-0.0065,0.1785,-0.0513,0.0011,0.0000,0.3691,0.5244,104.3403,-65.9215,-110.3641
328163365,-0.0076,-0.0011,-0.0638,-0.0098,0.0481,-0.0461,0.0174,0.0269,-0.0067,0.1785,-0.0495,0.0074,0.0000,0.2573,1.4070,104.3403,-65.9220,-110.3438
328168365,-0.0080,-0.0012,-0.0489,0.0052,0.1272,-0.0444,0.0185,0.0210,-0.0069,0.1787,-0.0279,0.0340,-0.0539,0.2013,2.1242,104.3391,-65.9222,-110.3160
328173364,-0.0082,-0.0014,-0.0293,0.0076,0.1214,-0.0405,0.0167,0.0191,-0.0069,0.1789,-0.0089,0.0373,-0.0539,0.1454,2.1242,104.3389,-65.9222,-110.3089
328178364,-0.0084,-0.0014,-0.0021,0.0281,0.0649,-0.0332,0.0189,0.0118,-0.0068,0.1792,0.0225,0.0650,-0.0539,0.1454,2.6085,104.3386,-65.9216,-110.2846
328183365,-0.0083,-0.0013,0.0550,0.0531,0.0823,-0.0185,0.0171,-0.0017,-0.0064,0.1796,0.0791,0.0908,-0.0539,0.0895,2.6085,104.3384,-65.9221,-110.2758
328188365,-0.0080,-0.0011,0.0788,0.0678,0.1059,-0.0119,0.0174,-0.0500,-0.0059,0.1802,0.1029,0.1055,-0.0539,0.0895,2.6085,104.3380,-65.9217,-110.2611
328193364,-0.0076,-0.0010,0.0944,0.0706,0.0753,-0.0078,0.0145,-0.0500,-0.0054,0.1805,0.0953,0.0706,-0.0539,0.0000,2.3994,104.3378,-65.9225,-110.2498
328198364,-0.0072,-0.0005,0.1042,0.0748,0.0350,-0.0032,0.0154,-0.0500,-0.0049,0.1809,0.1051,0.0748,-0.0539,0.0000,1.9814,104.3375,-65.9225,-110.2494
328203364,-0.0065,-0.0001,0.1072,0.0803,0.0524,0.0004,0.0158,-0.0500,-0.0044,0.1813,0.1081,0.0803,-0.0539,0.0000,1.4587,104.3373,-65.9225,-110.2496
328208365,-0.0058,0.0002,0.0977,0.0632,0.0683,0.0006,0.0129,0.0200,-0.0039,0.1816,0.0987,0.0632,-0.0539,0.0000,1.1974,104.3370,-65.9225,-110.2495
328213364,-0.0053,0.0004,0.0651,0.0241,0.0546,-0.0055,0.0084,0.0200,-0.0035,0.1817,0.0660,0.0241,-0.0539,0.0000,0.3065,104.3367,-65.9225,-110.2615
328218365,-0.0049,0.0005,0.0409,-0.0076,0.0503,-0.0107,0.0035,0.0500,-0.0034,0.1816,0.0339,-0.0214,-0.0539,0.0000,-0.9202,104.3364,-65.9225,-110.2874
328223365,-0.0047,0.0004,0.0125,-0.0409,0.0500,-0.0163,-0.0004,0.0500,-0.0033,0.1814,0.0134,-0.0409,-0.0539,0.0000,-0.9202,104.3362,-65.9225,-110.2929
328228364,-0.0045,0.0000,-0.0116,-0.0785,0.0973,-0.0223,-0.0500,0.0500,-0.0033,0.1810,-0.0107,-0.0785,-0.0539,0.0000,-1.6374,104.3359,-65.9225,-110.3115
328233364,-0.0046,-0.0005,-0.0464,-0.0776,0.0869,-0.0311,-0.0500,0.0500,-0.0036,0.1806,-0.0455,-0.0776,-0.0539,0.0000,-2.2442,104.3357,-65.9225,-110.3367
328238365,-0.0046,-0.0010,-0.0525,-0.0724,0.0356,-0.0321,-0.0500,-0.0200,-0.0038,0.1803,-0.0516,-0.0724,-0.0539,0.0000,-2.2442,104.3353,-65.9225,-110.3456
328243365,-0.0050,-0.0016,-0.0589,-0.0660,-0.0007,-0.0347,-0.0500,-0.0200,-0.0041,0.1799,-0.0580,-0.0660,-0.0539,0.0000,-0.8650,104.3351,-65.9225,-110.3257
328248364,-0.0053,-0.0022,-0.0651,-0.0730,-0.0178,-0.0380,0.0200,0.0435,-0.0045,0.1795,-0.0701,-0.0835,-0.0539,0.0000,-0.6996,104.3348,-65.9225,-110.3256
328253365,-0.0056,-0.0028,-0.0657,-0.0626,-0.0130,-0.0391,0.0200,0.0432,-0.0048,0.1792,-0.0668,-0.0663,-0.0539,-1.3090,-0.2435,104.3346,-65.9508,-110.3201
328258365,-0.0060,-0.0033,-0.0681,-0.0553,-0.0102,-0.0413,0.0004,0.0412,-0.0052,0.1792,-0.0714,-0.0091,-0.0539,-1.7938,1.3077,104.3343,-65.9674,-110.2871
328263365,-0.0062,-0.0035,-0.0834,-0.0525,-0.0169,-0.0465,0.0500,0.0431,-0.0056,0.1792,-0.0955,0.0105,-0.0539,-2.8781,1.3561,104.3340,-66.0020,-110.2780
328268364,-0.0066,-0.0038,-0.0672,-0.0086,0.0335,-0.0429,0.0500,0.0345,-0.0059,0.1793,-0.0546,0.0117,-0.0539,-2.8781,1.3561,104.3337,-66.0135,-110.2725
328273365,-0.0069,-0.0038,-0.0513,0.0373,0.0707,-0.0389,0.0500,0.0220,-0.0060,0.1796,-0.0154,0.0575,-1.4061,-2.8781,1.3561,104.3045,-66.0308,-110.2644
328278365,-0.0070,-0.0038,0.0076,0.0513,0.0683,-0.0234,0.0500,0.0109,-0.0057,0.1799,0.0561,0.0731,-2.0822,-2.8781,1.4606,104.2791,-66.0423,-110.2569
328283364,-0.0069,-0.0037,0.0370,0.0602,0.0442,-0.0151,-0.0200,0.0047,-0.0053,0.1804,0.0885,0.0874,-2.0822,-2.1630,1.8265,104.2707,-66.0433,-110.2388
328288365,-0.0067,-0.0035,0.0690,0.0809,0.0155,-0.0057,-0.0200,-0.0500,-0.0047,0.1809,0.1206,0.1082,-2.0822,-1.7779,1.8265,104.2582,-66.0435,-110.2315
328293365,-0.0064,-0.0033,0.0950,0.0776,0.0231,-0.0001,0.0065,-0.0500,-0.0041,0.1814,0.1194,0.0974,-2.0822,-1.3378,1.8265,104.2499,-66.0440,-110.2205
328298365,-0.0059,-0.0030,0.1014,0.0947,0.0158,0.0500,0.0095,-0.0500,-0.0035,0.1819,0.1192,0.1104,-1.5650,-1.0627,1.8265,104.2493,-66.0433,-110.2132
328303364,-0.0052,-0.0027,0.1127,0.0965,0.0304,0.0500,0.0084,-0.0500,-0.0029,0.1825,0.1059,0.1082,-1.2828,-0.7876,1.7711,104.2493,-66.0435,-110.2034
328308365,-0.0045,-0.0023,0.1032,0.0870,0.0384,0.0500,0.0074,0.0200,-0.0025,0.1830,0.0974,0.0971,-0.9537,-0.6776,1.4388,104.2493,-66.0442,-110.2035
328313365,-0.0039,-0.0019,0.0702,0.0724,-0.0108,0.0500,0.0088,0.0200,-0.0021,0.1834,0.0658,0.0800,-0.7656,-0.5126,0.5348,104.2496,-66.0443,-110.2143
328318365,-0.0036,-0.0017,0.0208,0.0324,0.0200,-0.0200,0.0045,0.0500,-0.0021,0.1834,0.0131,0.0114,-0.5775,0.2582,-1.1497,104.2494,-66.0299,-110.2489
328323365,-0.0037,-0.0017,-0.0516,-0.0113,0.0326,-0.0200,0.0029,0.0500,-0.0023,0.1832,-0.0374,-0.0359,0.9015,1.6524,-1.1497,104.2785,-65.9946,-110.2558
328328365,-0.0038,-0.0020,-0.0648,-0.0449,0.0741,-0.0500,-0.0500,0.0500,-0.0026,0.1829,-0.0748,-0.0695,1.4086,1.6524,-1.1497,104.2968,-65.9880,-110.2604
328333365,-0.0042,-0.0022,-0.0666,-0.0486,0.1123,-0.0500,-0.0500,0.0500,-0.0030,0.1826,-0.0666,-0.0486,1.4086,1.6524,-1.1497,104.3024,-65.9781,-110.2673
328338365,-0.0043,-0.0026,-0.0635,-0.0761,0.0839,-0.0500,-0.0500,-0.0200,-0.0033,0.1823,-0.0635,-0.0761,1.4086,1.6524,-1.1497,104.3109,-65.9714,-110.2719
328343364,-0.0045,-0.0030,-0.0742,-0.0806,0.0686,-0.0500,-0.0500,-0.0200,-0.0036,0.1819,-0.0742,-0.0806,1.4086,1.0327,-1.1497,104.3165,-65.9743,-110.2788
328348364,-0.0047,-0.0036,-0.0852,-0.0690,0.0842,0.0200,0.0200,0.0481,-0.0041,0.1814,-0.0951,-0.0862,1.4086,-0.3098,-1.1497,104.3250,-66.0002,-110.2834
328353365,-0.0053,-0.0042,-0.1017,-0.0837,0.0741,0.0200,0.0200,0.0545,-0.0046,0.1811,-0.0959,-0.0735,1.4086,-0.3098,0.6794,104.3306,-66.0020,-110.2469
328358365,-0.0059,-0.0047,-0.0916,-0.0770,0.0772,-0.0492,-0.0089,0.0552,-0.0052,0.1808,-0.1128,-0.0622,1.4086,-0.3098,0.6794,104.3391,-66.0033,-110.2442
328363365,-0.0064,-0.0052,-0.0776,-0.0776,0.0875,-0.0488,-0.0095,0.0550,-0.0057,0.1806,-0.1096,-0.0358,1.1393,-2.1252,0.6794,104.3387,-66.0462,-110.2401
328368365,-0.0067,-0.0059,-0.0501,-0.0925,0.0182,-0.0396,-0.0186,0.0575,-0.0060,0.1803,-0.0508,-0.0508,-0.6761,-2.1252,0.6794,104.3060,-66.0547,-110.2374
328373365,-0.0068,-0.0065,-0.0370,-0.0620,-0.0120,-0.0345,-0.0146,0.0495,-0.0060,0.1803,-0.0127,-0.0004,-1.4649,-2.1252,2.0085,104.2851,-66.0675,-110.2048
328378365,-0.0069,-0.0068,-0.0052,-0.0156,0.0164,-0.0274,-0.0091,0.0359,-0.0059,0.1806,0.0163,0.0542,-1.4649,-2.5634,2.1193,104.2763,-66.0849,-110.1941
328383364,-0.0068,-0.0068,0.0189,0.0565,0.0448,-0.0214,0.0500,0.0162,-0.0057,0.1812,0.0417,0.1314,-1.4649,-2.6607,2.3634,104.2705,-66.1028,-110.1765
328388365,-0.0066,-0.0065,0.0461,0.1035,0.0646,-0.0118,0.0500,0.0018,-0.0053,0.1820,0.0971,0.1483,-1.4649,-2.6607,2.9981,104.2617,-66.1135,-110.1523
328393365,-0.0064,-0.0059,0.0794,0.1408,0.0848,-0.0027,0.0500,-0.0500,-0.0046,0.1829,0.1304,0.1856,-1.4649,-2.2914,2.9981,104.2558,-66.1215,-110.1343
328398364,-0.0059,-0.0053,0.0983,0.1668,0.0555,0.0500,0.0500,-0.0500,-0.0040,0.1838,0.1212,0.1667,-1.3239,-1.8694,3.2078,104.2500,-66.1215,-110.1177
328403365,-0.0054,-0.0047,0.1066,0.1698,0.0078,0.0500,-0.0200,-0.0500,-0.0035,0.1846,0.1066,0.1698,-1.0888,-1.3945,3.2078,104.2498,-66.1217,-110.0984
328408364,-0.0048,-0.0040,0.1145,0.1866,0.0374,0.0500,-0.0200,-0.0500,-0.0029,0.1855,0.1145,0.1866,-0.8066,-1.0821,3.2078,104.2497,-66.1205,-110.0856
328413364,-0.0040,-0.0033,0.1316,0.1680,0.1019,0.0500,0.0143,0.0200,-0.0022,0.1863,0.1375,0.1578,-0.6656,0.6815,2.7114,104.2496,-66.0855,-110.0771
328418365,-0.0035,-0.0026,0.0690,0.1133,0.0594,-0.0200,0.0122,0.0200,-0.0018,0.1868,0.0749,0.1032,-0.4775,0.6815,2.2149,104.2498,-66.0827,-110.0772
328423364,-0.0031,-0.0022,0.0272,0.0696,0.0365,-0.0200,0.0089,-0.0044,-0.0017,0.1871,0.0321,0.0579,-0.3834,0.6815,-0.1049,104.2499,-66.0787,-110.1163
328428364,-0.0030,-0.0020,-0.0070,0.0342,0.0182,-0.0500,0.0047,0.0500,-0.0018,0.1871,-0.0181,-0.0059,1.4649,2.1669,-0.5244,104.2917,-66.0438,-110.1266
328433365,-0.0031,-0.0022,-0.0302,0.0107,0.0356,-0.0500,0.0013,0.0500,-0.0018,0.1870,-0.0116,-0.0216,1.4649,2.1669,-0.5244,104.2976,-66.0308,-110.1297
328438365,-0.0034,-0.0024,-0.0437,0.0238,0.0805,-0.0500,0.0055,0.0500,-0.0019,0.1869,-0.0251,-0.0084,1.4649,2.1669,-0.5244,104.3064,-66.0221,-110.1318
328443365,-0.0036,-0.0022,-0.0345,0.0147,0.1312,-0.0500,0.0028,0.0500,-0.0020,0.1869,-0.0159,-0.0176,1.4649,2.1669,-0.5244,104.3122,-66.0091,-110.1349
328448365,-0.0037,-0.0021,-0.0360,-0.0086,0.1572,0.0200,-0.0500,-0.0200,-0.0021,0.1867,-0.0174,-0.0408,1.4649,2.1669,-0.5244,104.3210,-66.0005,-110.1370
328453364,-0.0038,-0.0022,-0.0342,-0.0461,0.1450,0.0200,-0.0500,-0.0200,-0.0023,0.1864,-0.0342,-0.0461,1.4649,1.6505,-0.5244,104.3269,-65.9993,-110.1402
328458365,-0.0040,-0.0027,-0.0702,-0.1063,0.0943,-0.0364,-0.0500,0.0486,-0.0027,0.1859,-0.0923,-0.1008,1.4649,1.3407,0.3671,104.3357,-65.9995,-110.1235
328463364,-0.0042,-0.0034,-0.0800,-0.0962,0.0894,-0.0381,-0.0500,0.0498,-0.0031,0.1855,-0.0798,-0.0907,0.1690,0.9792,0.3671,104.3138,-65.9998,-110.1213
328468364,-0.0045,-0.0040,-0.0678,-0.0681,0.0713,-0.0343,0.0200,0.0442,-0.0034,0.1852,-0.0462,-0.0627,-1.0705,0.8243,0.3671,104.2844,-65.9993,-110.1198
328473365,-0.0049,-0.0044,-0.0443,-0.0467,0.0341,-0.0294,0.0200,0.0391,-0.0035,0.1849,-0.0227,-0.0413,-1.0705,0.6178,0.3671,104.2801,-65.9992,-110.1176
328478364,-0.0050,-0.0045,-0.0367,-0.0473,0.0093,-0.0279,-0.0113,0.0389,-0.0036,0.1848,-0.0188,-0.0353,-1.0705,-0.4401,0.3671,104.2737,-66.0188,-110.1161
328483365,-0.0051,-0.0051,-0.0278,-0.0806,-0.0169,-0.0256,-0.0186,0.0449,-0.0036,0.1846,-0.0047,-0.0251,-1.0705,-1.5954,2.1324,104.2694,-66.0499,-110.0719
328488365,-0.0052,-0.0056,-0.0458,-0.1069,0.0167,-0.0310,-0.0238,0.0541,-0.0037,0.1844,-0.0227,-0.0513,-1.0705,-1.5954,2.1324,104.2630,-66.0563,-110.0633
328493365,-0.0054,-0.0061,-0.0254,-0.0489,0.1071,-0.0269,-0.0157,0.0385,-0.0037,0.1845,0.0056,0.0205,-1.0705,-1.5954,3.0526,104.2587,-66.0658,-110.0293
328498365,-0.0054,-0.0063,-0.0092,-0.0021,0.1248,-0.0234,-0.0079,0.0265,-0.0036,0.1849,0.0212,0.0780,-1.3997,-2.3256,3.0526,104.2446,-66.0875,-110.0171
328503365,-0.0054,-0.0063,0.0254,0.0605,0.1205,-0.0142,0.0020,0.0077,-0.0033,0.1856,0.0593,0.1469,-1.3997,-2.3256,3.4707,104.2390,-66.1015,-109.9891
328508365,-0.0050,-0.0058,0.1057,0.1228,0.1111,0.0500,0.0500,-0.0500,-0.0026,0.1867,0.1396,0.2092,-1.3997,-2.3256,3.4707,104.2306,-66.1108,-109.9752
328513365,-0.0043,-0.0050,0.1323,0.1408,0.0268,0.0500,0.0500,-0.0500,-0.0019,0.1874,0.1323,0.1408,-1.3997,-2.1673,3.4707,104.2250,-66.1215,-109.9543
328518364,-0.0036,-0.0044,0.1283,0.1597,-0.0227,0.0500,0.0500,-0.0500,-0.0013,0.1882,0.1283,0.1597,-1.3997,-1.7980,3.3045,104.2166,-66.1220,-109.9443
328523364,-0.0029,-0.0037,0.1335,0.2016,0.0216,0.0500,0.0500,-0.0500,-0.0006,0.1892,0.1335,0.2016,-1.2392,-1.3232,3.3045,104.2143,-66.1218,-109.9245
328528364,-0.0021,-0.0027,0.1432,0.2483,0.1471,-0.0200,-0.0200,0.0200,0.0001,0.1904,0.1432,0.2483,-0.9183,-1.0594,3.3045,104.2143,-66.1213,-109.9113
328533364,-0.0013,-0.0015,0.1188,0.2456,0.1749,-0.0200,-0.0200,0.0200,0.0007,0.1916,0.1188,0.2456,-0.1060,-0.3616,1.6599,104.2278,-66.1127,-109.9278
328538364,-0.0008,-0.0004,0.0651,0.1946,0.0680,0.0116,0.0332,-0.0474,0.0010,0.1926,0.0587,0.1841,0.9404,0.9249,0.2200,104.2526,-66.0858,-109.9533
328543365,-0.0006,0.0003,0.0208,0.1231,0.0142,0.0022,0.0258,-0.0285,0.0011,0.1931,0.0140,0.1118,0.9404,0.9249,0.1646,104.2564,-66.0803,-109.9532
328548364,-0.0005,0.0007,-0.0168,0.0702,0.0591,-0.0500,0.0201,-0.0138,0.0009,0.1934,-0.0387,0.0565,1.8983,1.0900,0.1646,104.2821,-66.0733,-109.9526
328553365,-0.0007,0.0008,-0.0388,0.0556,0.0616,-0.0500,0.0172,-0.0079,0.0008,0.1935,-0.0180,0.0229,2.1800,2.3002,0.1092,104.2964,-66.0370,-109.9530
328558365,-0.0009,0.0010,-0.0428,0.0935,0.0738,-0.0500,0.0269,-0.0161,0.0007,0.1938,-0.0220,0.0608,2.1800,2.3002,0.1092,104.3095,-66.0278,-109.9525
328563365,-0.0011,0.0014,-0.0583,0.0706,0.1230,-0.0500,0.0247,-0.0101,0.0004,0.1940,-0.0444,0.0261,2.1800,2.3002,-0.6794,104.3182,-66.0140,-109.9685
328568364,-0.0013,0.0016,-0.0669,0.0159,0.1615,0.0200,0.0137,0.0500,0.0001,0.1937,-0.0646,-0.0488,2.1800,2.3002,-2.0382,104.3313,-66.0048,-110.0010
328573365,-0.0017,0.0014,-0.0959,-0.0675,0.1462,0.0200,0.0007,0.0500,-0.0003,0.1932,-0.0743,-0.1049,2.1261,2.5068,-2.0382,104.3389,-65.9858,-110.0137
328578365,-0.0021,0.0008,-0.1093,-0.1423,0.0894,-0.0365,-0.0500,0.0500,-0.0008,0.1923,-0.1014,-0.1797,0.7913,2.5068,-2.0382,104.3224,-65.9758,-110.0214
328583365,-0.0027,-0.0002,-0.0962,-0.1689,0.0533,-0.0345,-0.0500,0.0500,-0.0012,0.1914,-0.0807,-0.1689,-0.9015,2.4583,-2.0382,104.2883,-65.9617,-110.0341
328588364,-0.0033,-0.0014,-0.0974,-0.1823,0.1245,-0.0380,-0.0500,-0.0200,-0.0016,0.1905,-0.0819,-0.1824,-0.9015,1.9735,-1.1051,104.2829,-65.9626,-110.0221
328593365,-0.0036,-0.0026,-0.0819,-0.1833,0.2219,-0.0369,-0.0500,-0.0200,-0.0019,0.1896,-0.0663,-0.1833,-0.9015,1.4887,0.1568,104.2793,-65.9619,-109.9980
328598365,-0.0038,-0.0035,-0.0757,-0.1689,0.0051,-0.0331,0.0200,0.0652,-0.0022,0.1888,-0.0589,-0.1666,-0.9015,1.1978,0.1568,104.2739,-65.9624,-109.9974
328603365,-0.0041,-0.0044,-0.0721,-0.1283,-0.1113,-0.0313,0.0200,0.0600,-0.0024,0.1882,-0.0481,-0.1136,-0.9015,0.9069,0.9875,104.2703,-65.9619,-109.9791
328608365,-0.0044,-0.0051,-0.0608,-0.0932,-0.0520,-0.0302,-0.0192,0.0514,-0.0026,0.1880,-0.0317,-0.0526,-0.9015,-0.5680,2.1505,104.2649,-65.9908,-109.9494
328613365,-0.0047,-0.0057,-0.0504,-0.0718,0.0374,-0.0294,-0.0184,0.0463,-0.0027,0.1878,-0.0143,-0.0251,-1.5128,-0.9811,2.1505,104.2483,-66.0047,-109.9359
328618365,-0.0047,-0.0061,-0.0321,-0.0351,0.0600,-0.0249,-0.0143,0.0370,-0.0026,0.1879,0.0045,0.0123,-1.5128,-0.9811,2.1993,104.2392,-66.0086,-109.9269
328623364,-0.0048,-0.0062,-0.0266,0.0263,0.0035,-0.0229,-0.0007,0.0235,-0.0026,0.1883,0.0154,0.0832,-1.5128,-0.9811,2.8340,104.2331,-66.0145,-109.8970
328628365,-0.0049,-0.0062,-0.0061,0.0565,-0.0075,-0.0186,0.0500,0.0137,-0.0024,0.1890,0.0255,0.1314,-1.5128,-2.1914,2.8340,104.2241,-66.0442,-109.8857
328633364,-0.0049,-0.0058,0.0247,0.1231,0.1196,-0.0103,0.0500,-0.0500,-0.0020,0.1898,0.0834,0.1701,-1.8337,-2.1914,3.1486,104.2111,-66.0574,-109.8611
328638364,-0.0046,-0.0052,0.0663,0.1600,0.2039,-0.0020,0.0500,-0.0500,-0.0015,0.1906,0.0979,0.1600,-1.8337,-2.1914,3.1486,104.2001,-66.0661,-109.8493
328643365,-0.0042,-0.0044,0.1155,0.1826,-0.0514,0.0500,0.0500,-0.0500,-0.0008,0.1915,0.1471,0.1826,-1.8337,-2.1914,3.1486,104.1927,-66.0793,-109.8296
328648364,-0.0033,-0.0035,0.1374,0.2132,-0.0743,0.0500,-0.0200,-0.0500,-0.0001,0.1926,0.1374,0.2132,-1.8337,-2.0940,2.7073,104.1817,-66.0861,-109.8266
328653364,-0.0024,-0.0025,0.1283,0.2239,0.0261,0.0500,-0.0200,0.0200,0.0005,0.1937,0.1283,0.2239,-1.8337,-1.5585,1.9901,104.1744,-66.0864,-109.8269
328658365,-0.0017,-0.0016,0.1066,0.2202,0.0744,0.0500,0.0327,0.0200,0.0010,0.1949,0.0991,0.2332,-1.7783,-0.8687,1.6592,104.1645,-66.0781,-109.8267
328663365,-0.0012,-0.0006,0.0614,0.1811,0.0109,-0.0200,0.0316,-0.0437,0.0014,0.1958,0.0790,0.1870,-1.4460,0.8252,1.2178,104.1646,-66.0424,-109.8267
328668365,-0.0010,0.0002,0.0061,0.1604,-0.0658,-0.0200,0.0366,-0.0329,0.0015,0.1965,0.0123,0.1465,0.0535,0.8252,-0.1049,104.1887,-66.0391,-109.8504
328673365,-0.0009,0.0009,-0.0183,0.1371,-0.0609,-0.0500,0.0369,-0.0252,0.0013,0.1971,-0.0432,0.1061,1.2301,0.8252,-1.2585,104.2155,-66.0341,-109.8797
328678365,-0.0011,0.0015,-0.0547,0.0834,0.0371,-0.0500,0.0301,-0.0125,0.0010,0.1973,-0.0584,0.0523,1.2301,0.8252,-1.2585,104.2228,-66.0308,-109.8844
328683365,-0.0017,0.0018,-0.0709,0.0565,0.1147,-0.0500,0.0274,-0.0056,0.0006,0.1975,-0.0746,0.0254,1.2301,0.8252,-1.2585,104.2278,-66.0259,-109.8923
328688365,-0.0021,0.0021,-0.0669,0.0263,0.1193,-0.0500,0.0215,0.0013,0.0002,0.1974,-0.0765,-0.0150,1.2301,0.8252,-1.9420,104.2351,-66.0226,-109.9117
328693365,-0.0022,0.0022,-0.0620,0.0058,0.1141,0.0200,0.0158,0.0500,-0.0001,0.1971,-0.0632,-0.0501,1.2301,1.8063,-1.9420,104.2401,-65.9952,-109.9239
328698365,-0.0025,0.0018,-0.1060,-0.0452,0.1199,0.0200,0.0108,0.0500,-0.0006,0.1968,-0.0904,-0.0721,1.1231,1.8063,-1.9420,104.2453,-65.9880,-109.9312
328703365,-0.0030,0.0015,-0.1356,-0.0666,0.0979,-0.0455,0.0099,0.0500,-0.0011,0.1963,-0.1108,-0.0935,-0.5348,1.8063,-1.9420,104.2133,-65.9771,-109.9433
328708364,-0.0036,0.0010,-0.1585,-0.1048,0.0048,-0.0523,0.0049,0.0500,-0.0018,0.1956,-0.1338,-0.1317,-0.5348,1.8063,-1.9420,104.2101,-65.9699,-109.9506
328713365,-0.0044,0.0003,-0.1323,-0.1347,-0.0527,-0.0484,-0.0500,-0.0200,-0.0023,0.1949,-0.1087,-0.1594,-0.5348,1.6608,-1.4436,104.2080,-65.9621,-109.9514
328718365,-0.0051,-0.0004,-0.1124,-0.1148,-0.0020,-0.0479,-0.0500,-0.0200,-0.0028,0.1943,-0.1032,-0.1149,-0.5348,1.6608,-1.2221,104.2048,-65.9555,-109.9520
328723365,-0.0055,-0.0013,-0.0681,-0.1164,0.0194,-0.0380,-0.0500,0.0475,-0.0031,0.1938,-0.0509,-0.1025,-0.5348,1.6608,0.9276,104.2026,-65.9455,-109.9107
328728365,-0.0056,-0.0020,-0.0489,-0.0971,0.0097,-0.0314,-0.0500,0.0426,-0.0031,0.1934,-0.0026,-0.0826,-2.1961,0.7882,0.9765,104.1615,-65.9572,-109.9061
328733365,-0.0057,-0.0026,-0.0360,-0.0651,-0.0212,-0.0282,0.0200,0.0367,-0.0031,0.1931,0.0102,-0.0505,-2.1961,0.4004,0.9765,104.1527,-65.9621,-109.9000
328738365,-0.0059,-0.0032,-0.0308,-0.0684,-0.1324,-0.0253,0.0200,0.0391,-0.0029,0.1929,0.0249,-0.0374,-2.1961,0.3034,2.0777,104.1396,-65.9626,-109.8725
328743365,-0.0060,-0.0033,0.0012,-0.0174,-0.0795,-0.0193,-0.0006,0.0229,-0.0027,0.1931,0.0477,0.0351,-2.3818,-1.4458,2.0777,104.1270,-65.9999,-109.8595
328748364,-0.0059,-0.0034,0.0171,0.0308,-0.0627,-0.0150,0.0500,0.0103,-0.0024,0.1935,0.0652,0.0833,-2.4746,-1.4458,2.0777,104.1103,-66.0057,-109.8517
328753365,-0.0057,-0.0031,0.0339,0.1155,-0.0386,-0.0093,0.0500,-0.0500,-0.0019,0.1942,0.0944,0.1464,-2.4746,-1.4458,2.0777,104.1004,-66.0144,-109.8387
328758365,-0.0055,-0.0024,0.0446,0.1796,0.0081,-0.0079,0.0500,-0.0500,-0.0015,0.1951,0.0835,0.1795,-2.2592,-1.7209,2.0777,104.0901,-66.0257,-109.8309
328763364,-0.0053,-0.0013,0.0596,0.2111,0.0280,-0.0043,0.0500,-0.0500,-0.0010,0.1962,0.0920,0.2110,-1.8822,-2.4911,1.6915,104.0893,-66.0554,-109.8266
328768365,-0.0050,-0.0001,0.0785,0.2193,0.0087,0.0017,-0.0200,-0.0500,-0.0005,0.1973,0.1072,0.2193,-1.6668,-2.4911,1.4157,104.0834,-66.0653,-109.8265
328773365,-0.0045,0.0010,0.0858,0.1970,-0.0505,0.0500,-0.0200,0.0200,0.0001,0.1983,0.1145,0.1970,-1.6668,-1.0057,1.0295,104.0768,-66.0482,-109.8267
328778365,-0.0039,0.0018,0.0742,0.1680,-0.1125,0.0500,0.0435,0.0200,0.0004,0.1992,0.0689,0.1772,-1.6668,-0.6206,0.8640,104.0668,-66.0434,-109.8265
328783364,-0.0035,0.0024,0.0373,0.1417,-0.0664,0.0500,0.0432,-0.0368,0.0006,0.1999,0.0353,0.1518,-1.6668,-0.4556,0.2239,104.0601,-66.0434,-109.8350
328788365,-0.0036,0.0031,-0.0608,0.1258,-0.0114,0.0500,0.0526,-0.0216,0.0002,0.2005,-0.0755,0.1122,0.0539,-0.4006,-1.3109,104.0894,-66.0440,-109.8673
328793365,-0.0040,0.0036,-0.0812,0.0858,0.0112,-0.0200,0.0486,-0.0112,-0.0003,0.2008,-0.0978,0.0659,0.0539,-0.2906,-1.6256,104.0896,-66.0438,-109.8838
328798364,-0.0045,0.0040,-0.0889,0.0516,0.0384,-0.0200,0.0440,-0.0034,-0.0008,0.2010,-0.1049,0.0308,0.1003,-0.2355,-1.6256,104.0909,-66.0438,-109.8899
328803365,-0.0048,0.0041,-0.0925,0.0012,0.0833,-0.0500,0.0345,0.0500,-0.0015,0.2008,-0.1413,-0.0305,1.5859,-0.1805,-2.3091,104.1239,-66.0439,-109.9155
328808365,-0.0051,0.0040,-0.1017,-0.0067,0.0860,-0.0500,0.0346,0.0500,-0.0020,0.2008,-0.1028,-0.0049,1.6323,-0.1255,-2.3091,104.1346,-66.0434,-109.9242
328813365,-0.0055,0.0038,-0.1087,0.0043,0.0616,-0.0500,0.0360,0.0500,-0.0025,0.2007,-0.0949,-0.0195,2.7952,1.6007,-2.3091,104.1669,-66.0066,-109.9386
328818365,-0.0061,0.0037,-0.1570,-0.0287,0.0344,-0.0500,0.0357,0.0500,-0.0032,0.2004,-0.1405,-0.0571,2.7952,1.9106,-2.3091,104.1836,-65.9929,-109.9473
328823364,-0.0069,0.0036,-0.1784,-0.0556,0.0283,0.0200,0.0337,-0.0200,-0.0040,0.2000,-0.1619,-0.0840,2.7952,1.9106,-1.8661,104.1948,-65.9814,-109.9519
328828365,-0.0078,0.0033,-0.1936,-0.0831,0.0289,0.0200,0.0303,-0.0200,-0.0049,0.1994,-0.1772,-0.1115,2.7952,1.9106,-1.5338,104.2116,-65.9738,-109.9517
328833365,-0.0086,0.0028,-0.1469,-0.0626,0.0271,-0.0734,0.0304,0.0420,-0.0057,0.1990,-0.1661,-0.0894,2.3673,2.1530,0.3418,104.2134,-65.9570,-109.9194
328838365,-0.0094,0.0023,-0.1301,-0.0571,0.0976,-0.0696,0.0270,0.0389,-0.0062,0.1986,-0.1039,-0.0774,-0.0554,2.1530,0.7812,104.1724,-65.9484,-109.9080
328843365,-0.0098,0.0020,-0.1329,-0.0321,0.1761,-0.0725,0.0314,0.0343,-0.0067,0.1983,-0.0990,-0.0524,-0.4984,2.1530,0.7812,104.1618,-65.9355,-109.9031
328848365,-0.0102,0.0017,-0.1164,-0.0263,0.1117,-0.0687,0.0309,0.0336,-0.0071,0.1981,-0.0796,-0.0516,-0.4984,2.4886,0.7812,104.1588,-65.9198,-109.9002
328853365,-0.0109,0.0016,-0.1167,-0.0327,-0.0285,-0.0692,0.0329,0.0374,-0.0075,0.1979,-0.0704,-0.0415,-0.4984,2.4886,1.8824,104.1569,-65.9049,-109.8683
328858365,-0.0117,0.0013,-0.1206,-0.0351,-0.0652,-0.0728,0.0338,0.0415,-0.0078,0.1976,-0.0744,-0.0439,-0.4984,2.4886,1.8824,104.1539,-65.8949,-109.8613
328863365,-0.0122,0.0009,-0.0794,-0.0324,-0.0221,-0.0648,0.0280,0.0377,-0.0080,0.1974,-0.0291,-0.0482,-0.4984,2.9634,1.8824,104.1519,-65.8700,-109.8495
328868365,-0.0126,0.0006,-0.0541,-0.0360,0.0280,-0.0587,0.0229,0.0347,-0.0079,0.1972,0.0230,-0.0387,-1.6126,2.9634,2.7650,104.1244,-65.8581,-109.8226
328873365,-0.0129,0.0004,-0.0250,-0.0562,0.0448,-0.0525,0.0145,0.0364,-0.0076,0.1969,0.0525,-0.0581,-1.6126,2.9634,2.8134,104.1180,-65.8403,-109.8044
328878364,-0.0129,0.0002,0.0162,-0.0031,0.0014,-0.0403,0.0209,0.0194,-0.0070,0.1969,0.1145,0.0066,-2.5281,2.8660,3.4915,104.0889,-65.8307,-109.7784
328883364,-0.0124,0.0002,0.1316,0.0333,0.0304,-0.0094,0.0127,-0.0500,-0.0059,0.1972,0.2304,0.0437,-2.5281,2.8660,3.5438,104.0787,-65.8135,-109.7555
328888365,-0.0116,0.0004,0.1796,0.0892,0.0582,0.0500,0.0153,-0.0500,-0.0046,0.1974,0.2478,0.0465,-2.5281,2.8660,3.8051,104.0636,-65.8020,-109.7366
328893365,-0.0105,0.0008,0.2309,0.1231,0.0527,0.0500,0.0172,-0.0500,-0.0034,0.1978,0.2546,0.0822,-2.5281,2.7560,3.8051,104.0535,-65.7874,-109.7123
328898365,-0.0090,0.0016,0.2599,0.1585,0.0240,0.0500,0.0217,-0.0500,-0.0019,0.1984,0.2837,0.1176,-2.4717,2.7560,3.5835,104.0394,-65.7764,-109.7031
328903365,-0.0075,0.0026,0.2709,0.1646,-0.0148,0.0500,0.0223,0.0200,-0.0005,0.1990,0.2947,0.1237,-2.0210,2.7560,2.5867,104.0395,-65.7598,-109.7034
328908365,-0.0060,0.0034,0.2581,0.1442,-0.0209,-0.0200,0.0194,0.0200,0.0009,0.1995,0.2814,0.1039,-1.5139,2.7043,2.1437,104.0391,-65.7498,-109.7033
328913365,-0.0046,0.0039,0.2340,0.1292,0.0237,-0.0200,0.0197,-0.0630,0.0023,0.2002,0.2652,0.1227,-1.2322,2.0331,1.5899,104.0393,-65.7491,-109.7027
328918365,-0.0035,0.0044,0.1836,0.0941,0.0655,0.0346,0.0168,-0.0539,0.0034,0.2006,0.2269,0.0849,-0.8941,1.9298,1.3130,104.0397,-65.7434,-109.7029
328923365,-0.0027,0.0048,0.1142,0.0748,0.0338,0.0182,0.0223,-0.0419,0.0040,0.2009,0.1241,0.0600,0.8617,1.9298,0.9284,104.0740,-65.7318,-109.7035
328928365,-0.0024,0.0050,0.0244,0.0250,0.0497,-0.0500,0.0218,-0.0185,0.0041,0.2008,0.0088,-0.0130,1.5618,1.9298,-0.6271,104.0968,-65.7241,-109.7342
328933365,-0.0023,0.0053,-0.0064,0.0406,0.0750,-0.0500,0.0282,-0.0198,0.0041,0.2008,-0.0010,-0.0076,1.5618,1.9298,-1.3065,104.1030,-65.7126,-109.7554
328938364,-0.0023,0.0052,-0.0388,0.0241,-0.0035,-0.0500,0.0294,-0.0108,0.0039,0.2006,-0.0330,-0.0248,1.5618,1.9783,-1.3065,104.1124,-65.7037,-109.7603
328943364,-0.0025,0.0053,-0.0748,0.0128,-0.0716,-0.0500,0.0329,-0.0025,0.0035,0.2004,-0.0720,-0.0412,1.5618,1.9783,-1.6456,104.1187,-65.6918,-109.7753
328948364,-0.0029,0.0054,-0.1240,-0.0122,-0.0411,0.0200,0.0340,0.0500,0.0029,0.2001,-0.1249,-0.0728,1.4225,1.9783,-2.0815,104.1251,-65.6839,-109.7916
328953365,-0.0036,0.0051,-0.1506,-0.0712,-0.0078,0.0200,0.0255,0.0500,0.0023,0.1995,-0.1306,-0.1056,1.1439,2.3139,-2.0815,104.1246,-65.6642,-109.8046
328958364,-0.0046,0.0046,-0.1631,-0.1142,0.0060,-0.0590,0.0182,0.0500,0.0015,0.1988,-0.1580,-0.1486,0.8654,2.3139,-2.0815,104.1250,-65.6550,-109.8124
328963365,-0.0055,0.0037,-0.1607,-0.1481,0.0170,-0.0606,0.0084,0.0500,0.0008,0.1979,-0.1333,-0.1826,-0.4308,2.3139,-2.0815,104.1009,-65.6411,-109.8254
328968365,-0.0064,0.0027,-0.1567,-0.1625,0.0506,-0.0631,0.0025,-0.0200,0.0002,0.1969,-0.1201,-0.1969,-0.9694,2.3139,-1.7505,104.0846,-65.6319,-109.8260
328973365,-0.0069,0.0020,-0.1316,-0.1374,0.0698,-0.0589,0.0030,-0.0200,-0.0003,0.1961,-0.0968,-0.1688,-0.9694,2.1028,-0.4024,104.0808,-65.6224,-109.8073
328978364,-0.0076,0.0012,-0.1228,-0.1210,-0.0035,-0.0581,0.0056,0.0527,-0.0007,0.1954,-0.0830,-0.1405,-0.9694,1.9973,0.6781,104.0749,-65.6165,-109.7850
328983365,-0.0082,0.0005,-0.1002,-0.1002,-0.0786,-0.0539,0.0069,0.0500,-0.0010,0.1948,-0.0605,-0.1198,-0.9694,1.9973,0.6781,104.0711,-65.6045,-109.7808
328988364,-0.0086,-0.0001,-0.0721,-0.0641,-0.1031,-0.0477,0.0109,0.0408,-0.0011,0.1944,-0.0265,-0.0736,-0.9694,1.9973,1.3575,104.0653,-65.5965,-109.7642
328993365,-0.0088,-0.0006,-0.0541,-0.0425,-0.0826,-0.0426,0.0118,0.0339,-0.0011,0.1942,0.0145,-0.0396,-2.0399,1.8513,2.0368,104.0385,-65.5875,-109.7382
328998365,-0.0091,-0.0006,-0.0440,-0.0354,-0.0664,-0.0416,0.0127,0.0315,-0.0010,0.1941,0.0217,-0.0275,-2.0399,1.5105,2.0368,104.0263,-65.5876,-109.7306
329003365,-0.0094,-0.0007,-0.0217,-0.0073,-0.0261,-0.0379,0.0164,0.0226,-0.0008,0.1941,0.0406,0.0064,-2.0399,1.1211,2.0368,104.0181,-65.5875,-109.7179
329008365,-0.0094,-0.0008,0.0199,0.0171,0.0032,-0.0271,0.0157,0.0113,-0.0003,0.1943,0.0936,0.0353,-2.7452,0.9264,2.1476,103.9884,-65.5873,-109.7080
329013365,-0.0091,-0.0008,0.0699,0.0504,0.0078,-0.0135,0.0166,-0.0500,0.0004,0.1946,0.1435,0.0756,-2.7452,0.6830,2.3691,103.9774,-65.5874,-109.6888
329018364,-0.0087,-0.0004,0.1048,0.1277,0.0225,-0.0050,0.0280,-0.0500,0.0012,0.1952,0.1539,0.1196,-2.5848,0.5369,2.3691,103.9642,-65.5879,-109.6800
329023364,-0.0078,0.0002,0.1515,0.1549,-0.0114,0.0500,0.0289,-0.0500,0.0022,0.1960,0.1984,0.1489,-2.5313,0.3909,2.3691,103.9552,-65.5879,-109.6652
329028365,-0.0071,0.0011,0.1567,0.1600,-0.0527,0.0500,0.0334,-0.0500,0.0030,0.1968,0.1596,0.1550,-2.5313,0.3422,2.1738,103.9400,-65.5874,-109.6604
329033365,-0.0063,0.0016,0.1497,0.1509,-0.0734,0.0500,0.0327,0.0200,0.0037,0.1975,0.1518,0.1472,-2.5313,0.2448,1.5880,103.9299,-65.5876,-109.6605
329038365,-0.0053,0.0022,0.1387,0.1381,-0.0411,0.0500,0.0313,0.0200,0.0045,0.1982,0.1404,0.1351,-2.5313,0.1962,1.2950,103.9147,-65.5877,-109.6610
329043365,-0.0046,0.0028,0.1032,0.1161,0.0090,-0.0200,0.0309,-0.0386,0.0050,0.1987,0.1040,0.1130,-2.0883,0.1475,-0.0554,103.9142,-65.5876,-109.6824
329048365,-0.0042,0.0033,0.0458,0.0944,0.0335,-0.0200,0.0334,-0.0284,0.0052,0.1991,0.0376,0.0772,0.4279,0.0988,-1.0522,103.9592,-65.5880,-109.7051
329053365,-0.0040,0.0037,-0.0116,0.0593,0.0161,-0.0500,0.0346,-0.0144,0.0050,0.1993,-0.0309,0.0421,0.6418,0.0988,-1.0522,103.9660,-65.5874,-109.7117
329058364,-0.0041,0.0039,-0.0492,0.0214,-0.0001,-0.0500,0.0318,-0.0022,0.0047,0.1994,-0.0578,0.0049,0.6418,0.0501,-1.0522,103.9698,-65.5880,-109.7156
329063365,-0.0046,0.0036,-0.0803,0.0009,0.0869,-0.0500,0.0303,0.0500,0.0043,0.1993,-0.0886,-0.0163,0.6418,0.0988,-1.0522,103.9724,-65.5867,-109.7222
329068365,-0.0050,0.0035,-0.1014,0.0150,0.0707,-0.0500,0.0372,0.0500,0.0038,0.1993,-0.1006,0.0135,0.6418,0.0988,-1.0522,103.9762,-65.5863,-109.7261
329073365,-0.0055,0.0033,-0.1335,-0.0021,0.0255,0.0200,0.0384,0.0500,0.0031,0.1993,-0.1326,-0.0036,0.6418,0.0988,-1.9929,103.9788,-65.5857,-109.7553
329078364,-0.0062,0.0033,-0.1854,-0.0333,0.0109,0.0200,0.0397,0.0500,0.0022,0.1992,-0.1845,-0.0348,0.6418,0.0988,-1.9929,103.9827,-65.5853,-109.7628
329083365,-0.0072,0.0030,-0.2059,-0.0819,-0.0016,-0.0802,0.0311,-0.0200,0.0012,0.1986,-0.2028,-0.1062,0.6418,1.6392,-1.7839,103.9852,-65.5513,-109.7711
329088364,-0.0082,0.0024,-0.1686,-0.1072,-0.0078,-0.0730,0.0198,-0.0200,0.0005,0.1979,-0.1415,-0.1365,-0.5883,1.9692,-0.4773,103.9626,-65.5369,-109.7488
329093365,-0.0089,0.0018,-0.1210,-0.0913,-0.0133,-0.0641,0.0165,0.0482,-0.0000,0.1973,-0.0966,-0.1254,-0.5883,1.9692,-0.3206,103.9603,-65.5251,-109.7482
329098365,-0.0094,0.0012,-0.0699,-0.0773,-0.0368,-0.0528,0.0123,0.0419,-0.0002,0.1968,-0.0452,-0.1106,-0.5883,1.9692,-0.2683,103.9567,-65.5173,-109.7483
329103364,-0.0094,0.0008,-0.0464,-0.0443,-0.0050,-0.0472,0.0151,0.0322,-0.0003,0.1964,-0.0179,-0.0711,-0.5883,1.9692,0.1661,103.9544,-65.5054,-109.7408
329108365,-0.0093,0.0007,-0.0299,-0.0199,0.0179,-0.0419,0.0185,0.0227,-0.0003,0.1963,0.0133,-0.0226,-0.5883,2.0209,1.8275,103.9509,-65.4965,-109.7039
329113365,-0.0094,0.0005,-0.0461,-0.0553,-0.0304,-0.0454,0.0127,0.0338,-0.0003,0.1960,-0.0024,-0.0572,-0.5883,2.0209,1.8829,103.9485,-65.4843,-109.6911
329118365,-0.0096,0.0003,-0.0195,-0.0403,0.0011,-0.0400,0.0122,0.0278,-0.0002,0.1958,0.0242,-0.0422,-0.5883,2.0209,1.8829,103.9450,-65.4763,-109.6842
329123365,-0.0095,-0.0000,0.0125,-0.0189,0.0432,-0.0320,0.0114,0.0189,0.0001,0.1957,0.0613,-0.0120,-0.5883,2.0209,2.4688,103.9426,-65.4641,-109.6600
329128365,-0.0093,-0.0002,0.0391,0.0150,0.0625,-0.0248,0.0144,0.0079,0.0006,0.1959,0.0854,0.0262,-0.5883,1.7300,2.4688,103.9391,-65.4623,-109.6510
329133365,-0.0090,-0.0002,0.0406,0.0483,0.0466,-0.0232,0.0216,-0.0003,0.0010,0.1962,0.0831,0.0660,-0.5883,1.2937,2.4688,103.9368,-65.4620,-109.6353
329138364,-0.0088,-0.0000,0.0562,0.0709,0.0115,-0.0184,0.0258,-0.0500,0.0015,0.1967,0.0966,0.0922,-0.5883,1.0513,2.4688,103.9332,-65.4622,-109.6263
329143365,-0.0087,0.0004,0.0654,0.0861,-0.0071,-0.0171,0.0279,-0.0500,0.0019,0.1970,0.0820,0.0748,-0.5883,0.7604,2.3639,103.9309,-65.4625,-109.6133
329148365,-0.0084,0.0006,0.0712,0.0883,-0.0075,-0.0144,0.0279,-0.0500,0.0023,0.1974,0.0866,0.0791,-0.5883,0.6149,2.3639,103.9273,-65.4626,-109.6047
329153364,-0.0079,0.0009,0.0660,0.0999,0.0097,-0.0140,0.0311,-0.0500,0.0027,0.1979,0.0801,0.0929,-0.5883,0.4695,2.3639,103.9250,-65.4622,-109.5896
329158364,-0.0075,0.0013,0.0244,0.1087,0.0106,-0.0231,0.0393,0.0200,0.0029,0.1984,0.0378,0.1032,-0.5883,0.3725,1.4725,103.9215,-65.4624,-109.5998
329163365,-0.0074,0.0017,-0.0220,0.0696,-0.0282,-0.0339,0.0383,0.0200,0.0029,0.1987,-0.0095,0.0655,-0.5883,0.2756,0.0567,103.9191,-65.4624,-109.6252
329168364,-0.0076,0.0019,-0.0553,0.0266,-0.0004,-0.0433,0.0340,0.0500,0.0026,0.1989,-0.0427,0.0240,-0.5883,0.2271,0.0567,103.9156,-65.4623,-109.6250
329173365,-0.0078,0.0020,-0.0819,-0.0073,0.0500,-0.0516,0.0299,0.0500,0.0023,0.1988,-0.0703,-0.0115,-0.5329,0.2756,-1.5623,103.9143,-65.4598,-109.6638
329178365,-0.0081,0.0017,-0.1063,-0.0336,0.0631,-0.0591,0.0267,0.0500,0.0018,0.1986,-0.0938,-0.0377,-0.5883,0.2756,-1.5623,103.9097,-65.4586,-109.6696
329183365,-0.0087,0.0012,-0.1222,-0.0446,0.0484,-0.0653,0.0260,0.0500,0.0013,0.1984,-0.1097,-0.0487,-0.5883,0.2756,-1.5623,103.9074,-65.4570,-109.6794
329188365,-0.0094,0.0009,-0.1133,-0.0409,0.0316,-0.0658,0.0261,-0.0200,0.0008,0.1981,-0.1008,-0.0451,-0.5883,0.2756,-1.5623,103.9038,-65.4559,-109.6850
329193364,-0.0100,0.0006,-0.0861,-0.0394,0.0097,-0.0600,0.0217,-0.0200,0.0005,0.1978,-0.0601,-0.0668,-0.5883,1.8417,-1.5623,103.9015,-65.4197,-109.6950
329198365,-0.0105,0.0003,-0.0638,-0.0434,-0.0343,-0.0556,0.0167,0.0402,0.0003,0.1973,-0.0357,-0.0935,-1.4704,1.8417,-1.5135,103.8793,-65.4123,-109.6997
329203364,-0.0109,-0.0000,-0.0440,-0.0614,-0.0652,-0.0501,0.0116,0.0410,0.0003,0.1969,0.0054,-0.0801,-1.6561,1.8417,0.5859,103.8690,-65.4013,-109.6597
329208365,-0.0110,-0.0003,-0.0263,-0.0831,-0.0218,-0.0465,0.0033,0.0440,0.0004,0.1964,0.0231,-0.1018,-1.6561,1.8417,0.5859,103.8591,-65.3939,-109.6576
329213365,-0.0111,-0.0007,-0.0113,-0.0901,0.0161,-0.0428,-0.0500,0.0442,0.0007,0.1959,0.0520,-0.1088,-2.4639,1.8417,0.5859,103.8343,-65.3829,-109.6539
329218365,-0.0112,-0.0013,0.0003,-0.0806,0.0130,-0.0414,-0.0500,0.0418,0.0009,0.1955,0.0478,-0.0720,-2.4639,1.8417,0.5859,103.8195,-65.3755,-109.6518
329223365,-0.0111,-0.0018,0.0324,-0.0666,-0.0239,-0.0318,-0.0500,0.0356,0.0014,0.1953,0.0889,-0.0423,-2.4639,1.4724,1.6346,103.8097,-65.3727,-109.6258
329228365,-0.0109,-0.0022,0.0562,-0.0348,-0.0255,-0.0239,-0.0500,0.0261,0.0020,0.1953,0.1262,-0.0090,-3.1963,1.2086,1.7395,103.7771,-65.3726,-109.6174
329233365,-0.0105,-0.0025,0.0840,-0.0024,0.0060,-0.0157,0.0200,0.0153,0.0028,0.1954,0.1540,0.0234,-3.1963,0.7243,1.7395,103.7643,-65.3761,-109.6063
329238365,-0.0100,-0.0026,0.1124,0.0345,-0.0059,-0.0068,0.0200,0.0032,0.0037,0.1957,0.1784,0.0604,-2.9612,-1.0627,1.7395,103.7500,-65.4124,-109.5998
329243365,-0.0094,-0.0024,0.1280,0.0706,-0.0469,-0.0011,0.0500,-0.0500,0.0046,0.1963,0.1815,0.1180,-2.9612,-1.4543,1.7395,103.7381,-65.4288,-109.5889
329248365,-0.0088,-0.0022,0.1402,0.0993,-0.0291,0.0500,0.0500,-0.0500,0.0055,0.1968,0.1912,0.0991,-2.9612,-1.4543,1.7395,103.7204,-65.4346,-109.5826
329253365,-0.0079,-0.0017,0.1405,0.1539,0.0274,0.0500,0.0500,-0.0500,0.0062,0.1975,0.1405,0.1539,-2.6938,-1.4543,1.4637,103.7141,-65.4433,-109.5774
329258364,-0.0071,-0.0010,0.1206,0.1600,0.0255,0.0500,0.0500,-0.0500,0.0068,0.1983,0.1206,0.1600,-1.9986,-1.4543,1.2430,103.7141,-65.4491,-109.5769
329263364,-0.0065,-0.0002,0.0822,0.1454,-0.0249,0.0500,-0.0200,0.0200,0.0073,0.1991,0.0822,0.1454,-1.6242,-1.4543,0.9120,103.7143,-65.4579,-109.5768
329268364,-0.0062,0.0003,0.0302,0.0965,-0.0484,-0.0200,-0.0200,0.0200,0.0074,0.1996,0.0302,0.0965,-1.1963,-1.3573,0.7465,103.7144,-65.4617,-109.5771
329273365,-0.0061,0.0006,-0.0269,0.0467,-0.0136,-0.0200,0.0294,0.0500,0.0072,0.1998,-0.0357,0.0588,-0.1554,-0.9135,-0.1049,103.7319,-65.4597,-109.5904
329278365,-0.0063,0.0008,-0.0730,0.0232,0.0139,-0.0500,0.0286,0.0500,0.0068,0.1999,-0.0774,0.0099,0.7053,0.8949,-1.6780,103.7520,-65.4241,-109.6251
329283364,-0.0066,0.0007,-0.1161,-0.0003,0.0100,-0.0500,0.0286,0.0500,0.0063,0.1998,-0.1069,-0.0161,0.7053,1.0627,-1.6780,103.7548,-65.4144,-109.6356
329288365,-0.0074,0.0006,-0.1234,-0.0162,0.0338,-0.0500,0.0271,0.0500,0.0057,0.1997,-0.1142,-0.0320,2.1139,1.0627,-1.6780,103.7899,-65.4101,-109.6417
329293365,-0.0080,0.0007,-0.1481,-0.0217,0.0759,-0.0500,0.0299,-0.0200,0.0050,0.1995,-0.1390,-0.0375,2.1139,1.0627,-1.6780,103.7983,-65.4038,-109.6524
329298365,-0.0086,0.0004,-0.1655,-0.0522,0.0976,0.0200,0.0254,-0.0200,0.0043,0.1991,-0.1564,-0.0680,1.6068,1.0627,-1.6780,103.8006,-65.3995,-109.6585
329303365,-0.0093,0.0001,-0.1772,-0.0452,0.0686,0.0200,0.0287,0.0505,0.0034,0.1988,-0.1654,-0.0675,0.8180,1.4320,-0.0669,103.7889,-65.3856,-109.6338
329308364,-0.0104,-0.0002,-0.1946,-0.0400,0.0655,-0.0907,0.0330,0.0552,0.0025,0.1985,-0.1838,-0.0636,0.5926,2.0124,0.4195,103.7885,-65.3664,-109.6231
329313365,-0.0112,-0.0006,-0.1906,-0.0272,0.0768,-0.0928,0.0355,0.0544,0.0016,0.1982,-0.1779,-0.0507,0.4799,2.0124,0.4195,103.7884,-65.3543,-109.6205
329318364,-0.0120,-0.0007,-0.1246,-0.0162,0.0142,-0.0784,0.0313,0.0466,0.0011,0.1980,-0.1100,-0.0397,0.3673,2.0124,0.4195,103.7886,-65.3463,-109.6189
329323365,-0.0126,-0.0009,-0.0904,-0.0189,-0.0340,-0.0714,0.0273,0.0453,0.0007,0.1978,-0.0714,-0.0467,0.3109,2.3531,0.4747,103.7888,-65.3256,-109.6152
329328365,-0.0130,-0.0010,-0.0443,-0.0195,-0.0304,-0.0602,0.0226,0.0387,0.0007,0.1977,-0.0096,-0.0233,0.1982,2.3531,2.0745,103.7880,-65.3162,-109.5787
329333365,-0.0131,-0.0013,-0.0455,-0.0761,0.0179,-0.0607,0.0088,0.0513,0.0007,0.1973,0.0005,-0.0803,-0.0940,2.7382,2.4270,103.7831,-65.2942,-109.5576
329338365,-0.0131,-0.0015,-0.0076,-0.0803,0.1764,-0.0506,-0.0004,0.0442,0.0010,0.1969,0.0722,-0.0724,-1.6457,2.7382,3.2503,103.7455,-65.2832,-109.5299
329343365,-0.0131,-0.0021,0.0165,-0.0736,0.0976,-0.0432,-0.0500,0.0420,0.0015,0.1966,0.1013,-0.0570,-1.6457,2.7382,3.8252,103.7389,-65.2668,-109.4975
329348365,-0.0128,-0.0025,0.0941,-0.0382,0.0371,-0.0233,-0.0500,0.0242,0.0023,0.1967,0.1553,0.0190,-1.6457,2.7382,3.8252,103.7290,-65.2558,-109.4837
329353365,-0.0120,-0.0028,0.1448,-0.0092,0.0881,-0.0080,-0.0500,0.0098,0.0034,0.1970,0.2103,0.0555,-1.6457,2.2735,4.3236,103.7225,-65.2495,-109.4486
329358365,-0.0112,-0.0030,0.1875,0.0199,0.1208,0.0500,-0.0500,-0.0500,0.0046,0.1974,0.2512,0.0845,-1.5388,1.8604,4.3236,103.7148,-65.2495,-109.4329
329363365,-0.0102,-0.0029,0.1918,0.0559,0.0692,0.0500,0.0200,-0.0500,0.0056,0.1977,0.1918,0.0559,-1.2714,1.3957,4.6165,103.7144,-65.2491,-109.3987
329368365,-0.0092,-0.0028,0.1869,0.0764,-0.0010,0.0500,0.0200,-0.0500,0.0065,0.1981,0.1869,0.0764,-0.9505,1.0858,4.6165,103.7142,-65.2492,-109.3819
329373365,-0.0082,-0.0024,0.1991,0.1292,0.0701,0.0500,0.0500,-0.0500,0.0075,0.1987,0.2053,0.1186,-0.7900,0.7142,3.9348,103.7140,-65.2528,-109.3683
329378365,-0.0071,-0.0019,0.2129,0.1616,0.1892,-0.0200,0.0500,0.0200,0.0086,0.1995,0.2129,0.1616,-0.5761,-1.3203,3.9348,103.7142,-65.2966,-109.3541
329383364,-0.0058,-0.0011,0.2007,0.1527,0.1715,-0.0200,0.0500,0.0200,0.0096,0.2002,0.2007,0.1527,0.7523,-1.3203,3.2007,103.7405,-65.3018,-109.3443
329388364,-0.0050,-0.0004,0.1243,0.1451,-0.1150,0.0122,0.0500,-0.0358,0.0102,0.2011,0.1185,0.1702,1.1755,-1.3203,1.6800,103.7557,-65.3098,-109.3657
329393364,-0.0048,0.0001,-0.0113,0.1063,-0.0881,-0.0500,-0.0200,-0.0114,0.0100,0.2017,-0.0326,0.1197,1.6826,-0.3301,0.8935,103.7708,-65.2935,-109.3745
329398365,-0.0050,0.0006,-0.0580,0.0779,0.0280,-0.0500,-0.0200,-0.0031,0.0098,0.2021,-0.0517,0.0889,2.4151,-0.2751,0.7361,103.7993,-65.2942,-109.3747
329403364,-0.0055,0.0009,-0.0739,0.0538,0.0973,-0.0500,0.0347,0.0500,0.0094,0.2025,-0.0713,0.0649,2.4151,-0.2201,0.5264,103.8090,-65.2940,-109.3749
329408364,-0.0060,0.0012,-0.1170,0.0308,0.0946,-0.0500,0.0345,0.0500,0.0089,0.2025,-0.1059,0.0116,2.4151,1.2909,0.2787,103.8211,-65.2626,-109.3783
329413365,-0.0065,0.0012,-0.1448,0.0040,0.0335,0.0200,0.0332,0.0500,0.0082,0.2024,-0.1288,-0.0237,2.4151,1.8589,-1.2206,103.8356,-65.2442,-109.4136
329418365,-0.0071,0.0011,-0.1772,-0.0031,0.0384,0.0200,0.0369,0.0500,0.0074,0.2022,-0.1611,-0.0307,2.0919,1.8589,-1.2206,103.8384,-65.2330,-109.4177
329423365,-0.0083,0.0009,-0.2150,-0.0159,0.1275,-0.0900,0.0404,-0.0200,0.0063,0.2020,-0.2257,-0.0434,1.5534,1.8589,-0.5371,103.8385,-65.2256,-109.4100
329428365,-0.0097,0.0006,-0.2300,-0.0342,0.1074,-0.0965,0.0386,-0.0200,0.0053,0.2017,-0.2110,-0.0697,0.0910,2.3922,-0.4394,103.8132,-65.2010,-109.4097
329433365,-0.0108,0.0005,-0.1952,-0.0238,0.0023,-0.0894,0.0388,0.0505,0.0045,0.2014,-0.1561,-0.0594,-1.0705,2.3922,0.0000,103.7847,-65.1915,-109.4039
329438365,-0.0115,0.0004,-0.1674,-0.0290,0.0894,-0.0848,0.0342,0.0472,0.0039,0.2011,-0.1104,-0.0533,-1.0705,3.0634,1.4158,103.7805,-65.1611,-109.3733
329443364,-0.0123,0.0002,-0.1936,-0.0641,0.1639,-0.0956,0.0297,0.0596,0.0032,0.2007,-0.1366,-0.0885,-1.0705,3.0634,1.4158,103.7740,-65.1488,-109.3639
329448364,-0.0131,-0.0002,-0.1460,-0.0941,0.1599,-0.0866,0.0167,0.0637,0.0028,0.2000,-0.0836,-0.1278,-1.0705,3.6965,1.4158,103.7698,-65.1165,-109.3591
329453365,-0.0138,-0.0008,-0.0996,-0.1173,0.0744,-0.0754,0.0056,0.0670,0.0027,0.1993,-0.0234,-0.1510,-1.8699,3.6965,1.4158,103.7447,-65.1017,-109.3497
329458365,-0.0141,-0.0017,-0.0263,-0.1402,-0.0386,-0.0561,-0.0500,0.0664,0.0030,0.1985,0.0584,-0.1606,-1.8699,3.7452,2.3536,103.7373,-65.0784,-109.3247
329463365,-0.0141,-0.0027,0.0250,-0.1851,-0.0444,-0.0441,-0.0500,0.0695,0.0035,0.1978,0.0986,-0.1406,-2.7791,3.7452,2.9833,103.7040,-65.0634,-109.2960
329468365,-0.0137,-0.0035,0.0785,-0.1830,0.0964,-0.0306,-0.0500,0.0619,0.0043,0.1971,0.1554,-0.1326,-2.7791,3.5801,3.3707,103.6929,-65.0443,-109.2771
329473364,-0.0131,-0.0044,0.1371,-0.1448,0.1639,-0.0124,-0.0500,0.0459,0.0055,0.1967,0.2384,-0.0836,-3.8312,2.9200,4.1024,103.6503,-65.0446,-109.2375
329478365,-0.0123,-0.0052,0.1845,-0.1185,0.0579,0.0500,0.0200,0.0367,0.0069,0.1964,0.2858,-0.0573,-3.8312,2.1498,4.1024,103.6350,-65.0449,-109.2236
329483364,-0.0112,-0.0054,0.2288,0.0061,0.0912,0.0500,0.0200,0.0037,0.0082,0.1968,0.2701,0.0783,-4.1562,1.7647,4.8223,103.6037,-65.0448,-109.1828
329488365,-0.0096,-0.0053,0.3482,0.0718,0.1642,0.0500,-0.0275,-0.0500,0.0103,0.1975,0.4055,0.1323,-4.0485,1.3246,5.3594,103.5893,-65.0444,-109.1408
329493365,-0.0076,-0.0049,0.3751,0.1268,0.1486,0.0500,-0.0238,-0.0500,0.0122,0.1981,0.3792,0.1196,-2.9714,0.4780,5.7789,103.5899,-65.0571,-109.1097
329498365,-0.0057,-0.0040,0.3815,0.1521,0.0799,-0.0200,-0.0172,-0.0500,0.0140,0.1989,0.3731,0.1666,-2.4328,-0.9736,5.6685,103.5899,-65.0893,-109.0773
329503365,-0.0037,-0.0031,0.3824,0.1573,0.0915,-0.0200,-0.0170,-0.0500,0.0159,0.1998,0.3740,0.1718,-1.7866,-0.9736,5.3375,103.5901,-65.0932,-109.0623
329508364,-0.0018,-0.0024,0.3451,0.1671,0.1590,0.0782,-0.0132,0.0200,0.0177,0.2007,0.3536,0.1816,-0.9751,-0.9736,5.0469,103.6002,-65.0991,-109.0362
329513365,-0.0002,-0.0017,0.2761,0.1732,0.1242,0.0659,-0.0026,0.0200,0.0190,0.2016,0.2613,0.1877,0.3714,-0.9736,4.1267,103.6268,-65.1030,-109.0364
329518365,0.0010,-0.0009,0.1848,0.1860,-0.0023,0.0512,0.0500,-0.0671,0.0200,0.2028,0.1964,0.2462,0.3714,-0.9736,3.0612,103.6283,-65.1088,-109.0363
329523364,0.0017,0.0001,0.1057,0.1991,-0.0630,0.0354,0.0500,-0.0628,0.0206,0.2040,0.1206,0.2361,0.3714,-0.9736,2.4800,103.6305,-65.1127,-109.0368
329528365,0.0021,0.0011,0.0855,0.1585,0.0197,0.0297,0.0500,-0.0553,0.0210,0.2049,0.0846,0.1861,0.9805,-0.9736,1.8504,103.6446,-65.1185,-109.0364
329533365,0.0020,0.0018,-0.0165,0.1304,0.0827,0.0013,0.0500,-0.0385,0.0208,0.2057,-0.0346,0.1529,1.8112,-0.9208,1.5114,103.6712,-65.1214,-109.0365
329538365,0.0018,0.0024,-0.0748,0.1090,0.1462,-0.0500,-0.0200,-0.0284,0.0203,0.2063,-0.0963,0.1258,1.8112,0.3408,1.1239,103.6785,-65.0993,-109.0364
329543364,0.0013,0.0029,-0.1512,0.1121,0.2036,-0.0500,-0.0200,-0.0219,0.0196,0.2070,-0.1432,0.1260,1.8112,0.9249,0.9302,103.6893,-65.0844,-109.0362
329548365,0.0004,0.0033,-0.2120,0.1081,0.1929,-0.0500,0.0562,-0.0094,0.0185,0.2074,-0.2130,0.0771,1.8112,0.9799,-1.1033,103.6966,-65.0777,-109.0769
329553365,-0.0009,0.0036,-0.2831,0.0470,0.1077,-0.0500,0.0550,0.0500,0.0172,0.2073,-0.2719,-0.0054,1.8112,2.4103,-1.1033,103.7074,-65.0419,-109.0813
329558365,-0.0023,0.0038,-0.2535,0.0199,0.0524,0.0200,0.0502,0.0500,0.0160,0.2072,-0.2327,-0.0161,1.7577,2.4103,-1.1033,103.7136,-65.0274,-109.0880
329563364,-0.0035,0.0037,-0.2535,-0.0617,0.0023,0.0200,0.0351,0.0500,0.0149,0.2068,-0.2327,-0.0976,1.2763,2.4103,-1.1033,103.7130,-65.0178,-109.0924
329568365,-0.0047,0.0032,-0.2385,-0.1310,-0.0627,-0.0774,0.0194,0.0500,0.0137,0.2059,-0.2307,-0.1761,1.0624,3.0299,-1.1033,103.7134,-64.9886,-109.0990
329573365,-0.0059,0.0023,-0.2715,-0.1390,-0.0322,-0.0881,0.0193,-0.0200,0.0126,0.2050,-0.2283,-0.1841,-0.9968,3.0299,-1.1033,103.6742,-64.9764,-109.1034
329578365,-0.0067,0.0015,-0.1933,-0.1005,0.1193,-0.0729,0.0141,-0.0200,0.0119,0.2042,-0.1373,-0.1528,-1.4951,3.5147,0.3310,103.6585,-64.9463,-109.0755
329583365,-0.0078,0.0009,-0.1759,-0.0987,0.2372,-0.0740,0.0110,0.0539,0.0113,0.2035,-0.1171,-0.1460,-1.4951,3.5147,0.3310,103.6495,-64.9322,-109.0742
329588365,-0.0085,0.0002,-0.1158,-0.1591,0.2448,-0.0614,-0.0500,0.0634,0.0110,0.2024,-0.0545,-0.2106,-1.4951,3.7944,0.3310,103.6436,-64.9043,-109.0722
329593364,-0.0089,-0.0007,-0.1194,-0.1845,0.1633,-0.0637,-0.0500,0.0696,0.0107,0.2016,-0.0688,-0.1593,-2.0987,3.7944,1.6871,103.6212,-64.8891,-109.0415
329598365,-0.0090,-0.0019,-0.0608,-0.2001,0.0436,-0.0480,-0.0500,0.0715,0.0106,0.2008,-0.0080,-0.1713,-2.0987,3.4778,1.9293,103.6128,-64.8729,-109.0251
329603364,-0.0093,-0.0030,-0.0360,-0.1918,-0.0038,-0.0416,-0.0500,0.0713,0.0108,0.1999,0.0278,-0.1631,-2.7449,3.2668,1.9293,103.5863,-64.8639,-109.0174
329608364,-0.0094,-0.0040,0.0235,-0.1497,0.0121,-0.0265,0.0200,0.0568,0.0112,0.1994,0.0932,-0.1108,-2.7449,3.2668,2.6087,103.5753,-64.8443,-108.9892
329613365,-0.0090,-0.0047,0.1014,-0.1240,-0.0346,-0.0047,0.0200,0.0436,0.0121,0.1990,0.1735,-0.0810,-2.7449,1.6313,2.8856,103.5589,-64.8671,-108.9732
329618365,-0.0082,-0.0053,0.1167,-0.1350,-0.1183,0.0500,-0.0457,0.0449,0.0132,0.1985,0.2157,-0.0952,-3.4210,0.9982,3.6609,103.5326,-64.8726,-108.9364
329623365,-0.0074,-0.0056,0.1298,-0.0654,0.0054,0.0500,-0.0334,0.0268,0.0141,0.1985,0.1751,-0.0099,-3.4210,0.7872,4.4909,103.5121,-64.8732,-108.9029
329628365,-0.0067,-0.0059,0.1356,-0.0006,0.0503,0.0500,-0.0222,0.0099,0.0150,0.1988,0.1845,0.0674,-3.3740,0.5762,5.1201,103.4994,-64.8732,-108.8614
329633365,-0.0060,-0.0056,0.1637,0.1029,0.1343,0.0500,-0.0046,-0.0500,0.0160,0.1997,0.2117,0.1725,-2.4806,0.4707,5.1201,103.4998,-64.8731,-108.8409
329638365,-0.0050,-0.0049,0.1949,0.1939,0.2256,-0.0200,0.0500,-0.0500,0.0169,0.2008,0.1790,0.2214,-2.0574,-1.8458,5.4511,103.4992,-64.9229,-108.8020
329643364,-0.0038,-0.0037,0.2288,0.2144,0.2729,-0.0200,0.0500,-0.0500,0.0181,0.2018,0.2288,0.2144,-1.4932,-1.8458,5.5480,103.4999,-64.9303,-108.7781
329648364,-0.0025,-0.0025,0.2214,0.2150,0.2491,0.0440,0.0500,-0.0500,0.0193,0.2029,0.2423,0.2150,-1.2110,-1.8458,5.3389,103.5000,-64.9413,-108.7491
329653365,-0.0015,-0.0017,0.1600,0.1775,0.1062,0.0318,0.0500,0.0200,0.0200,0.2038,0.1455,0.1775,0.8451,-1.8458,4.3460,103.5394,-64.9487,-108.7496
329658364,-0.0008,-0.0010,0.0901,0.1643,0.0005,0.0182,-0.0200,0.0200,0.0204,0.2046,0.0755,0.1643,0.8451,-1.0068,3.1962,103.5428,-64.9423,-108.7500
329663364,-0.0006,-0.0002,0.0073,0.1912,0.0460,-0.0006,-0.0200,-0.0440,0.0205,0.2058,0.0153,0.2303,0.8451,0.1119,2.6213,103.5478,-64.9209,-108.7497
329668365,-0.0005,0.0007,-0.0162,0.2114,0.1291,-0.0500,0.0514,-0.0490,0.0204,0.2070,-0.0130,0.2387,0.8451,0.1119,1.9419,103.5512,-64.9202,-108.7496
329673365,-0.0008,0.0016,-0.0583,0.1655,0.0768,-0.0500,0.0505,-0.0357,0.0202,0.2079,-0.0429,0.1858,2.2454,0.2174,1.5761,103.5865,-64.9177,-108.7499
329678365,-0.0010,0.0023,-0.0638,0.0983,0.0268,-0.0500,0.0369,-0.0196,0.0200,0.2083,-0.0347,0.0825,2.3531,2.2222,1.1580,103.5980,-64.8691,-108.7499
329683365,-0.0012,0.0025,-0.0877,0.0544,0.0246,-0.0500,0.0315,-0.0072,0.0197,0.2085,-0.0603,0.0354,2.3531,2.2222,0.9490,103.6122,-64.8603,-108.7498
329688365,-0.0017,0.0025,-0.1341,0.0238,0.0237,0.0200,0.0305,0.0500,0.0192,0.2084,-0.1031,-0.0077,2.3531,2.8550,0.7399,103.6216,-64.8330,-108.7490
329693365,-0.0024,0.0026,-0.1918,0.0247,0.0136,0.0200,0.0395,0.0500,0.0184,0.2084,-0.1672,-0.0178,1.8424,2.8550,0.5832,103.6243,-64.8216,-108.7495
329698365,-0.0034,0.0027,-0.1958,-0.0049,0.0417,-0.0621,0.0352,0.0500,0.0175,0.2081,-0.1772,-0.0556,0.6260,3.4051,0.4264,103.6056,-64.7929,-108.7496
329703365,-0.0044,0.0025,-0.1768,-0.0693,0.0979,-0.0606,0.0186,0.0500,0.0168,0.2075,-0.1438,-0.1200,-0.2154,3.4051,0.3741,103.5880,-64.7793,-108.7491
329708365,-0.0051,0.0018,-0.1387,-0.1527,0.1596,-0.0549,-0.0500,-0.0200,0.0162,0.2065,-0.1056,-0.2034,-0.2154,3.4051,0.2696,103.5871,-64.7589,-108.7493
329713365,-0.0058,0.0007,-0.1292,-0.2419,0.1954,-0.0581,-0.0500,-0.0200,0.0156,0.2052,-0.1255,-0.2419,-0.2154,3.4051,0.2173,103.5858,-64.7453,-108.7494
329718365,-0.0063,-0.0008,-0.1271,-0.2905,0.1364,-0.0583,-0.0500,0.0924,0.0150,0.2038,-0.1210,-0.2864,-0.2154,3.4051,0.2696,103.5850,-64.7248,-108.7469
329723364,-0.0069,-0.0023,-0.1103,-0.2611,0.1282,-0.0566,-0.0500,0.0905,0.0145,0.2025,-0.1023,-0.2571,-0.3281,3.3566,0.2696,103.5814,-64.7122,-108.7458
329728365,-0.0073,-0.0036,-0.0538,-0.2166,0.0854,-0.0411,0.0200,0.0782,0.0144,0.2015,-0.0147,-0.2126,-2.1311,2.4840,0.2696,103.5406,-64.7122,-108.7442
329733365,-0.0074,-0.0048,0.0049,-0.1964,-0.0743,-0.0241,0.0200,0.0717,0.0147,0.2006,0.0516,-0.1809,-2.1874,2.0477,1.0449,103.5263,-64.7119,-108.7270
329738364,-0.0071,-0.0058,0.0388,-0.1552,-0.1901,-0.0110,-0.0441,0.0624,0.0152,0.1998,0.1099,-0.1464,-2.3285,1.5144,2.0971,103.5147,-64.7120,-108.6947
329743365,-0.0068,-0.0067,0.0263,-0.1399,-0.1757,-0.0128,-0.0418,0.0613,0.0157,0.1993,0.1016,-0.1086,-2.9398,0.3879,2.4877,103.4854,-64.7300,-108.6783
329748365,-0.0066,-0.0072,0.0092,-0.1170,-0.0456,-0.0181,-0.0367,0.0565,0.0161,0.1990,0.0822,-0.0612,-2.9398,-0.5680,3.1712,103.4736,-64.7518,-108.6462
329753364,-0.0066,-0.0076,0.0180,-0.0394,0.0982,-0.0174,-0.0236,0.0373,0.0166,0.1991,0.0946,0.0273,-2.7793,-0.5680,3.9054,103.4596,-64.7541,-108.6169
329758365,-0.0065,-0.0078,0.0336,0.0006,0.0888,-0.0131,-0.0177,0.0273,0.0172,0.1995,0.1102,0.0673,-2.7793,-0.5680,3.9054,103.4485,-64.7575,-108.5935
329763365,-0.0060,-0.0073,0.1124,0.1362,0.1575,0.0500,0.0500,-0.0500,0.0181,0.2005,0.1913,0.2153,-2.7793,-0.8431,4.4570,103.4318,-64.7654,-108.5652
329768364,-0.0053,-0.0068,0.1585,0.1668,0.2173,0.0500,0.0500,-0.0500,0.0189,0.2014,0.1585,0.1668,-2.7793,-2.1084,4.8929,103.4207,-64.8014,-108.5289
329773364,-0.0044,-0.0059,0.1961,0.1790,0.1364,0.0500,0.0500,-0.0500,0.0199,0.2023,0.1961,0.1790,-2.3363,-2.1084,4.8929,103.4137,-64.8099,-108.5093
329778365,-0.0036,-0.0051,0.2031,0.1634,-0.0148,0.0500,0.0500,-0.0500,0.0209,0.2031,0.2031,0.1634,-1.8933,-2.1084,4.9974,103.4141,-64.8225,-108.4774
329783364,-0.0024,-0.0044,0.2162,0.1848,-0.0902,-0.0200,-0.0200,0.0200,0.0220,0.2040,0.2162,0.1848,-1.3949,-2.1084,4.9974,103.4142,-64.8309,-108.4574
329788365,-0.0013,-0.0035,0.1891,0.2321,0.0298,-0.0200,-0.0200,0.0200,0.0229,0.2052,0.1891,0.2321,-1.1734,-1.7676,3.8898,103.4136,-64.8362,-108.4525
329793365,-0.0005,-0.0023,0.1249,0.2581,0.1392,0.0279,0.0362,-0.0694,0.0236,0.2068,0.1266,0.3274,0.7487,-1.4755,3.1699,103.4494,-64.8369,-108.4529
329798364,-0.0000,-0.0010,0.0571,0.2434,0.0775,0.0123,0.0453,-0.0606,0.0238,0.2083,0.0439,0.2945,1.3905,-1.0861,2.3392,103.4673,-64.8366,-108.4530
329803364,0.0001,0.0000,0.0058,0.1784,0.0029,0.0014,0.0397,-0.0413,0.0238,0.2093,0.0010,0.2017,1.3905,0.3301,1.8962,103.4757,-64.8103,-108.4534
329808364,0.0001,0.0004,0.0040,0.0544,-0.0145,0.0014,0.0132,-0.0141,0.0238,0.2096,0.0015,0.0588,1.3905,1.1003,1.3977,103.4812,-64.7890,-108.4534
329813365,-0.0002,0.0005,-0.0263,0.0437,0.0402,-0.0500,0.0147,-0.0081,0.0237,0.2098,-0.0306,0.0448,1.3905,1.1003,1.1762,103.4896,-64.7846,-108.4527
329818365,-0.0003,0.0008,-0.0586,0.0947,0.0891,-0.0500,0.0294,-0.0171,0.0234,0.2103,-0.0419,0.0909,1.3905,1.1003,0.8439,103.4951,-64.7780,-108.4533
329823365,-0.0004,0.0013,-0.0751,0.0925,0.0958,-0.0500,0.0328,-0.0158,0.0231,0.2107,-0.0598,0.0863,1.1554,1.1003,0.6778,103.4984,-64.7736,-108.4535
329828364,-0.0009,0.0017,-0.1069,0.0428,0.0955,-0.0500,0.0266,0.0001,0.0227,0.2108,-0.0868,0.0155,0.9673,2.0814,0.2504,103.4989,-64.7444,-108.4584
329833365,-0.0016,0.0016,-0.1304,-0.0403,0.0759,0.0200,0.0117,0.0500,0.0221,0.2103,-0.1246,-0.0924,0.6852,2.0814,-1.4111,103.4982,-64.7361,-108.4941
329838365,-0.0022,0.0010,-0.1378,-0.1454,0.0408,0.0200,-0.0500,0.0500,0.0215,0.2094,-0.1198,-0.1764,-0.1604,2.0814,-1.6201,103.4831,-64.7236,-108.5079
329843364,-0.0027,0.0001,-0.1280,-0.1961,0.0381,-0.0421,-0.0500,0.0500,0.0209,0.2084,-0.1096,-0.1961,-1.0696,2.0814,-1.6201,103.4595,-64.7153,-108.5144
329848365,-0.0036,-0.0012,-0.1417,-0.2312,0.0863,-0.0496,-0.0500,0.0500,0.0203,0.2073,-0.1233,-0.2312,-1.0696,1.6450,-0.5226,103.4553,-64.7125,-108.4984
329853365,-0.0043,-0.0023,-0.1497,-0.2627,0.1260,-0.0553,-0.0500,-0.0200,0.0197,0.2060,-0.1312,-0.2627,-1.0696,1.3542,-0.4181,103.4488,-64.7123,-108.4982
329858365,-0.0048,-0.0036,-0.0800,-0.2718,0.0133,-0.0377,0.0200,-0.0200,0.0194,0.2046,-0.0539,-0.2719,-1.5126,1.0148,-0.3136,103.4355,-64.7120,-108.4983
329863364,-0.0053,-0.0050,-0.0562,-0.2523,-0.1480,-0.0301,0.0200,0.0900,0.0193,0.2034,-0.0123,-0.2496,-2.4540,0.8209,0.1817,103.4030,-64.7122,-108.4894
329868365,-0.0055,-0.0064,-0.0388,-0.2248,-0.2063,-0.0244,-0.0534,0.0857,0.0194,0.2024,0.0216,-0.2013,-2.4540,0.2655,1.8431,103.3932,-64.7192,-108.4483
329873365,-0.0056,-0.0075,-0.0425,-0.1814,-0.0890,-0.0279,-0.0471,0.0784,0.0195,0.2017,0.0111,-0.1363,-2.7790,-1.1876,1.8431,103.3715,-64.7502,-108.4410
329878365,-0.0057,-0.0083,-0.0171,-0.1032,0.0396,-0.0235,-0.0374,0.0594,0.0197,0.2014,0.0365,-0.0581,-2.7790,-1.1876,1.8431,103.3604,-64.7574,-108.4299
329883365,-0.0058,-0.0089,-0.0183,-0.0605,-0.0136,-0.0236,-0.0286,0.0527,0.0199,0.2013,0.0382,-0.0102,-2.7790,-1.1876,2.1849,103.3437,-64.7621,-108.4156
329888365,-0.0060,-0.0092,-0.0119,-0.0140,-0.0866,-0.0220,-0.0178,0.0431,0.0201,0.2016,0.0392,0.0530,-2.8328,-2.1229,2.3802,103.3314,-64.7889,-108.3974
329893365,-0.0060,-0.0092,0.0147,0.0269,0.0081,-0.0168,-0.0134,0.0298,0.0204,0.2021,0.0639,0.0972,-2.8328,-2.3429,2.3802,103.3144,-64.8026,-108.3879
329898364,-0.0058,-0.0091,0.0553,0.0663,0.1514,-0.0078,-0.0107,0.0126,0.0209,0.2028,0.1035,0.1508,-2.8328,-2.8784,2.7997,103.3030,-64.8277,-108.3634
329903364,-0.0053,-0.0088,0.1289,0.0950,-0.0126,0.0500,-0.0109,-0.0500,0.0218,0.2038,0.1713,0.1846,-2.6638,-3.2192,2.7997,103.2895,-64.8472,-108.3522
329908365,-0.0048,-0.0083,0.1484,0.1173,-0.1281,0.0500,-0.0064,-0.0500,0.0224,0.2046,0.1209,0.1652,-2.4384,-3.2192,2.7997,103.2841,-64.8665,-108.3354
329913365,-0.0038,-0.0078,0.1674,0.1475,-0.0630,0.0500,-0.0030,-0.0500,0.0231,0.2056,0.1389,0.1970,-2.4384,-3.3247,2.8549,103.2694,-64.8818,-108.3230
329918364,-0.0029,-0.0071,0.1594,0.1878,0.0494,0.0500,0.0500,-0.0500,0.0237,0.2068,0.1310,0.2374,-2.4384,-3.3247,2.8549,103.2597,-64.9018,-108.3059
329923364,-0.0022,-0.0061,0.1228,0.2355,0.0475,-0.0200,0.0500,0.0200,0.0243,0.2079,0.1228,0.2355,-1.8937,-3.3247,2.8549,103.2563,-64.9151,-108.2945
329928365,-0.0016,-0.0049,0.0733,0.2569,-0.0475,-0.0200,0.0500,0.0200,0.0247,0.2092,0.0733,0.2569,-0.0907,-2.7094,1.4206,103.2883,-64.9213,-108.3083
329933365,-0.0012,-0.0036,0.0400,0.2404,-0.1238,0.0069,0.0500,-0.0412,0.0249,0.2104,0.0427,0.2451,0.0000,-2.2060,0.3172,103.2894,-64.9210,-108.3275
329938365,-0.0012,-0.0025,-0.0098,0.1875,-0.0829,-0.0500,-0.0200,-0.0278,0.0249,0.2114,-0.0075,0.1914,0.0000,-1.6467,0.2621,103.2894,-64.9213,-108.3269
329943365,-0.0012,-0.0017,-0.0177,0.1307,0.0103,-0.0500,-0.0200,-0.0182,0.0248,0.2121,-0.0159,0.1338,0.0000,-1.3111,0.2069,103.2894,-64.9205,-108.3271
329948365,-0.0015,-0.0012,-0.0666,0.0770,0.0161,-0.0500,0.0251,-0.0021,0.0244,0.2125,-0.0737,0.0938,0.0000,-0.9755,0.1518,103.2894,-64.9207,-108.3271
329953365,-0.0019,-0.0009,-0.1145,0.0767,0.0417,-0.0500,0.0323,0.0500,0.0238,0.2130,-0.1202,0.0910,0.0000,-0.8077,0.1518,103.2894,-64.9209,-108.3265
329958365,-0.0024,-0.0006,-0.1393,0.0638,0.1135,0.0200,0.0329,0.0500,0.0231,0.2133,-0.1402,0.0655,0.0000,-0.1123,-1.7304,103.2894,-64.9109,-108.3676
329963365,-0.0031,-0.0004,-0.1478,0.0015,0.1352,0.0200,0.0199,0.0500,0.0225,0.2132,-0.1342,-0.0220,0.0000,1.5827,-2.0451,103.2894,-64.8743,-108.3811
329968364,-0.0040,-0.0007,-0.1637,-0.0721,0.0616,-0.0569,0.0076,0.0500,0.0217,0.2127,-0.1492,-0.0972,0.0000,1.6882,-1.9926,103.2894,-64.8621,-108.3931
329973364,-0.0048,-0.0014,-0.1555,-0.1683,-0.0282,-0.0567,-0.0500,-0.0200,0.0210,0.2118,-0.1400,-0.1934,-0.0563,1.6882,-0.7866,103.2880,-64.8553,-108.3737
329978364,-0.0054,-0.0024,-0.1326,-0.2245,0.0075,-0.0552,-0.0500,-0.0200,0.0204,0.2106,-0.1316,-0.2245,-0.0563,1.6882,-0.5768,103.2878,-64.8452,-108.3738
329983365,-0.0062,-0.0037,-0.1139,-0.2474,0.1459,-0.0555,-0.0500,0.0922,0.0198,0.2094,-0.1170,-0.2545,-0.0563,1.6882,-0.4719,103.2874,-64.8384,-108.3736
329988365,-0.0067,-0.0052,-0.0938,-0.2605,0.1743,-0.0515,-0.0500,0.0966,0.0194,0.2081,-0.0758,-0.2507,-0.7146,1.2988,0.6620,103.2735,-64.8372,-108.3532
329993365,-0.0072,-0.0064,-0.0632,-0.2120,-0.0472,-0.0406,0.0200,0.0878,0.0193,0.2072,-0.0161,-0.1840,-1.7961,1.0554,1.8756,103.2427,-64.8374,-108.3238
329998364,-0.0073,-0.0076,0.0101,-0.2111,-0.1199,-0.0217,0.0200,0.0837,0.0196,0.2063,0.0572,-0.1831,-1.7961,0.0000,1.8756,103.2355,-64.8534,-108.3119
330003365,-0.0073,-0.0091,-0.0021,-0.2349,-0.1373,-0.0239,-0.0653,0.0944,0.0198,0.2053,0.0511,-0.1936,-2.5983,-0.8969,1.8756,103.2057,-64.8739,-108.3051
330008365,-0.0072,-0.0101,0.0000,-0.2337,-0.0527,-0.0236,-0.0696,0.0953,0.0201,0.2044,0.0595,-0.1815,-2.5983,-0.8969,2.6021,103.1953,-64.8793,-108.2752
330013365,-0.0071,-0.0112,0.0250,-0.1747,0.0072,-0.0165,-0.0652,0.0815,0.0206,0.2038,0.1007,-0.1195,-3.4290,-0.8969,2.8112,103.1622,-64.8829,-108.2615
330018364,-0.0069,-0.0120,0.0519,-0.1032,-0.0206,-0.0093,-0.0534,0.0635,0.0212,0.2037,0.1192,-0.0193,-3.4290,-2.3511,3.2815,103.1485,-64.9197,-108.2315
330023365,-0.0066,-0.0123,0.0840,-0.0177,0.0219,0.0001,-0.0405,0.0396,0.0220,0.2041,0.1574,0.0803,-3.4290,-2.4630,4.1122,103.1279,-64.9317,-108.2022
330028365,-0.0060,-0.0122,0.1405,0.0550,0.1688,0.0500,-0.0329,0.0119,0.0231,0.2050,0.2091,0.1762,-3.1969,-3.2872,4.8446,103.1194,-64.9646,-108.1607
330033365,-0.0051,-0.0118,0.2126,0.0877,0.2445,0.0500,-0.0340,-0.0500,0.0242,0.2060,0.2263,0.2098,-3.1969,-3.2872,4.8970,103.1002,-64.9778,-108.1421
330038365,-0.0039,-0.0113,0.2532,0.1206,-0.0841,0.0500,-0.0308,-0.0500,0.0253,0.2069,0.2198,0.1788,-3.0891,-3.9068,5.4738,103.0896,-65.0125,-108.0961
330043365,-0.0026,-0.0107,0.2712,0.1665,-0.0850,0.0500,-0.0237,-0.0500,0.0265,0.2081,0.2378,0.2247,-2.2813,-3.9068,5.5841,103.0898,-65.0281,-108.0740
330048364,-0.0012,-0.0098,0.2584,0.2398,0.0619,-0.0200,-0.0070,-0.0500,0.0276,0.2096,0.2217,0.3037,-1.1448,-4.2919,5.5841,103.1051,-65.0610,-108.0384
330053364,0.0000,-0.0085,0.1970,0.2917,0.1254,-0.0200,0.0500,0.0200,0.0284,0.2113,0.1603,0.3557,0.0000,-4.2919,4.7124,103.1256,-65.0781,-108.0370
330058364,0.0008,-0.0069,0.1155,0.3283,-0.0071,0.0324,0.0500,0.0200,0.0290,0.2130,0.1155,0.3283,0.0000,-4.5840,3.4531,103.1256,-65.1113,-108.0362
330063364,0.0014,-0.0053,0.0861,0.3231,-0.1666,0.0291,0.0500,-0.0663,0.0294,0.2148,0.0802,0.3659,1.7720,-4.2147,2.8719,103.1664,-65.1219,-108.0364
330068365,0.0017,-0.0036,0.0565,0.3045,-0.1421,0.0220,0.0500,-0.0641,0.0296,0.2165,0.0440,0.3357,1.7720,-3.1068,2.0970,103.1735,-65.1216,-108.0362
330073365,0.0018,-0.0023,-0.0342,0.2618,0.0173,-0.0500,-0.0200,-0.0497,0.0294,0.2179,-0.0496,0.2879,1.7720,-2.5264,1.7580,103.1841,-65.1213,-108.0361
330078365,0.0016,-0.0013,-0.0794,0.1924,0.0985,-0.0500,-0.0200,-0.0336,0.0290,0.2190,-0.0685,0.2114,1.7720,-1.8933,1.2737,103.1912,-65.1219,-108.0363
330083365,0.0010,-0.0004,-0.1374,0.1552,0.1221,-0.0500,0.0488,-0.0212,0.0283,0.2200,-0.1417,0.1933,1.7720,-1.5240,1.0315,103.2019,-65.1213,-108.0369
330088364,0.0002,0.0000,-0.1973,0.0574,0.1272,-0.0500,0.0362,0.0500,0.0272,0.2203,-0.2163,0.0590,1.7720,-1.1547,-1.0481,103.2090,-65.1219,-108.0768
330093365,-0.0009,0.0003,-0.1894,0.0397,0.1272,0.0200,0.0349,0.0500,0.0262,0.2205,-0.1975,0.0538,1.5046,-0.9437,-1.0481,103.2137,-65.1219,-108.0806
330098364,-0.0018,0.0002,-0.1509,0.0046,0.0811,0.0200,0.0221,0.0500,0.0255,0.2205,-0.1433,-0.0085,1.1837,0.8762,-1.0481,103.2127,-65.0859,-108.0873
330103365,-0.0025,0.0000,-0.1561,-0.0669,-0.0016,-0.0501,0.0097,0.0500,0.0247,0.2201,-0.1643,-0.0799,0.9163,0.8762,-1.0481,103.2136,-65.0824,-108.0911
330108365,-0.0034,-0.0004,-0.1924,-0.1093,-0.0575,-0.0617,0.0059,-0.0200,0.0237,0.2195,-0.1979,-0.1224,0.7558,0.8762,-1.0481,103.2136,-65.0772,-108.0978
330113365,-0.0042,-0.0013,-0.1695,-0.1976,0.0014,-0.0568,-0.0500,-0.0200,0.0230,0.2184,-0.1334,-0.2107,-1.6613,0.8762,-1.0481,103.1630,-65.0737,-108.1016
330118365,-0.0051,-0.0024,-0.1384,-0.2437,0.1053,-0.0543,-0.0500,0.0868,0.0225,0.2172,-0.1107,-0.2454,-1.6613,2.1415,-0.1103,103.1563,-65.0387,-108.0886
330123365,-0.0057,-0.0040,-0.0932,-0.2819,0.1056,-0.0450,-0.0500,0.0951,0.0222,0.2158,-0.0602,-0.2746,-1.6613,2.1415,0.4965,103.1464,-65.0301,-108.0751
330128365,-0.0061,-0.0057,-0.0421,-0.3219,0.0518,-0.0330,-0.0500,0.1048,0.0221,0.2142,-0.0092,-0.3146,-1.6613,2.1415,0.4965,103.1397,-65.0173,-108.0719
330133365,-0.0058,-0.0070,0.0031,-0.2688,-0.0310,-0.0190,0.0200,0.0925,0.0224,0.2129,0.0448,-0.2614,-2.1719,1.2613,0.4965,103.1177,-65.0271,-108.0701
330138365,-0.0056,-0.0086,0.0260,-0.2618,-0.1376,-0.0110,0.0200,0.0944,0.0227,0.2117,0.0677,-0.2544,-2.1719,0.2161,0.4965,103.1090,-65.0453,-108.0670
330143364,-0.0056,-0.0102,0.0189,-0.2847,-0.1883,-0.0108,-0.0868,0.1048,0.0231,0.2104,0.0798,-0.2617,-2.5489,0.2161,1.7557,103.0883,-65.0444,-108.0380
330148365,-0.0055,-0.0114,0.0324,-0.2795,-0.0930,-0.0085,-0.0906,0.1026,0.0235,0.2093,0.0856,-0.2200,-2.5489,-1.4604,2.5320,103.0781,-65.0799,-108.0102
330153365,-0.0052,-0.0127,0.0507,-0.2104,0.0484,-0.0046,-0.0841,0.0868,0.0241,0.2086,0.1050,-0.1404,-2.5489,-1.7525,2.9501,103.0628,-65.0926,-107.9914
330158365,-0.0050,-0.0139,0.0467,-0.1823,0.0820,-0.0043,-0.0817,0.0829,0.0246,0.2081,0.1105,-0.0957,-2.5489,-1.7525,4.0577,103.0526,-65.1031,-107.9478
330163365,-0.0047,-0.0147,0.0489,-0.0962,0.1104,-0.0031,-0.0658,0.0647,0.0252,0.2081,0.1134,0.0031,-2.4362,-2.0163,4.6436,103.0396,-65.1155,-107.9210
330168365,-0.0043,-0.0150,0.0990,-0.0250,0.2067,0.0500,-0.0583,0.0407,0.0260,0.2086,0.1631,0.0951,-1.9855,-2.2801,5.7719,103.0398,-65.1344,-107.8649
330173365,-0.0036,-0.0150,0.1680,-0.0006,0.2742,0.0500,-0.0615,0.0248,0.0270,0.2093,0.1962,0.1369,-1.4784,-2.9513,6.2684,103.0395,-65.1574,-107.8338
330178365,-0.0027,-0.0150,0.2181,0.0302,0.0191,0.0500,-0.0583,0.0115,0.0282,0.2102,0.2484,0.1894,-1.1967,-3.5516,7.1187,103.0398,-65.1898,-107.7740
330183365,-0.0014,-0.0148,0.2752,0.0773,-0.0184,0.0500,-0.0556,-0.0500,0.0297,0.2115,0.3034,0.2543,-0.9150,-4.2788,7.5890,103.0391,-65.2207,-107.7379
330188364,0.0001,-0.0142,0.2752,0.1652,0.0561,-0.0200,-0.0427,-0.0500,0.0309,0.2127,0.2339,0.2375,-0.7459,-4.8468,7.7552,103.0393,-65.2594,-107.6858
330193365,0.0013,-0.0134,0.1967,0.2083,0.0839,-0.0200,-0.0230,-0.0500,0.0317,0.2141,0.1539,0.2831,-0.5206,-5.0119,7.7063,103.0399,-65.2821,-107.6587
330198364,0.0020,-0.0123,0.1032,0.2422,0.0057,0.0289,0.0009,-0.0500,0.0319,0.2157,0.0367,0.3227,1.1848,-5.3969,6.9722,103.0745,-65.3220,-107.6249
330203365,0.0025,-0.0110,0.0611,0.2550,-0.1095,0.0207,0.0500,0.0200,0.0318,0.2174,-0.0200,0.3414,1.8310,-5.7864,6.9198,103.0979,-65.3525,-107.6009
330208365,0.0027,-0.0096,0.0186,0.2492,-0.1147,0.0147,0.0500,0.0200,0.0317,0.2186,-0.0130,0.2492,1.8310,-5.4698,5.9820,103.1052,-65.3803,-107.5769
330213364,0.0027,-0.0086,-0.0418,0.2495,-0.0239,0.0013,0.0500,-0.0295,0.0315,0.2203,-0.0308,0.3238,1.8310,-5.4698,4.9890,103.1162,-65.4022,-107.5769
330218365,0.0024,-0.0075,-0.0974,0.2492,0.0200,-0.0500,0.0500,-0.0244,0.0310,0.2218,-0.1013,0.3030,2.0167,-4.7987,3.6098,103.1275,-65.4207,-107.5772
330223364,0.0019,-0.0062,-0.1487,0.2688,0.0350,-0.0500,-0.0200,-0.0265,0.0304,0.2233,-0.1230,0.3135,2.0167,-3.9037,3.0030,103.1396,-65.4203,-107.5773
330228364,0.0008,-0.0051,-0.2495,0.2187,0.0561,-0.0500,-0.0200,-0.0039,0.0293,0.2246,-0.2309,0.2511,2.0167,-2.8969,2.1755,103.1477,-65.4206,-107.5773
330233365,-0.0005,-0.0042,-0.2602,0.1414,0.0811,-0.0500,0.0531,0.0500,0.0279,0.2256,-0.2649,0.2046,2.0167,-2.3935,1.8446,103.1598,-65.4211,-107.5766
330238364,-0.0016,-0.0038,-0.2007,0.0657,0.1257,0.0200,0.0301,0.0500,0.0269,0.2261,-0.2159,0.0922,0.9490,-1.7783,1.3481,103.1450,-65.4212,-107.5766
330243364,-0.0024,-0.0037,-0.1506,0.0101,0.1315,0.0200,0.0134,0.0500,0.0260,0.2262,-0.1630,0.0316,-0.0928,-1.4427,1.1274,103.1246,-65.4209,-107.5766
330248365,-0.0031,-0.0040,-0.1561,-0.0180,0.0897,-0.0532,0.0081,0.0500,0.0252,0.2262,-0.1635,-0.0024,-0.0928,-1.0511,0.7964,103.1243,-65.4205,-107.5771
330253365,-0.0038,-0.0043,-0.1878,-0.0397,0.0115,-0.0608,0.0074,-0.0200,0.0244,0.2261,-0.1660,-0.0266,-1.7085,-0.8833,0.6861,103.0874,-65.4211,-107.5767
330258365,-0.0046,-0.0045,-0.1597,-0.0666,-0.0585,-0.0547,-0.0500,-0.0200,0.0238,0.2257,-0.1194,-0.0855,-1.7085,1.2662,0.4654,103.0806,-65.3776,-107.5774
330263365,-0.0054,-0.0049,-0.1356,-0.0883,-0.0310,-0.0528,-0.0500,0.0628,0.0233,0.2253,-0.1026,-0.0822,-1.7085,1.5300,0.4103,103.0704,-65.3663,-107.5769
330268364,-0.0059,-0.0055,-0.0745,-0.1258,-0.0481,-0.0394,-0.0500,0.0669,0.0231,0.2247,-0.0425,-0.1214,-1.7085,1.5300,0.2999,103.0635,-65.3571,-107.5769
330273365,-0.0062,-0.0066,-0.0327,-0.2373,-0.0890,-0.0288,-0.0500,0.0905,0.0231,0.2235,0.0077,-0.2337,-2.2156,1.0551,0.2448,103.0429,-65.3608,-107.5770
330278364,-0.0059,-0.0078,0.0223,-0.2651,0.0228,-0.0151,0.0200,0.0918,0.0234,0.2222,0.0656,-0.2615,-2.3846,0.3165,0.2448,103.0300,-65.3728,-107.5755
330283364,-0.0059,-0.0093,0.0241,-0.3140,0.0265,-0.0146,0.0200,0.1074,0.0238,0.2206,0.0674,-0.3104,-2.3846,0.2638,0.2448,103.0157,-65.3727,-107.5746
330288364,-0.0058,-0.0110,0.0467,-0.2920,-0.0194,-0.0075,-0.0970,0.1052,0.0243,0.2192,0.0969,-0.2834,-2.9488,-0.3356,0.2448,102.9934,-65.3839,-107.5731
330293365,-0.0055,-0.0125,0.0855,-0.2715,-0.0429,0.0500,-0.1001,0.0980,0.0249,0.2181,0.1334,-0.2170,-2.9488,-2.0136,1.6493,102.9757,-65.4222,-107.5416
330298364,-0.0048,-0.0139,0.1341,-0.2214,0.0396,0.0500,-0.0996,0.0839,0.0256,0.2174,0.1402,-0.1507,-2.9488,-2.0136,2.7276,102.9639,-65.4343,-107.5073
330303364,-0.0040,-0.0149,0.1616,-0.1524,0.1621,0.0500,-0.0946,0.0654,0.0265,0.2170,0.1703,-0.0770,-2.1466,-2.0136,3.0412,102.9647,-65.4424,-107.4902
330308365,-0.0032,-0.0157,0.1875,-0.1249,0.2054,0.0500,-0.0955,0.0548,0.0275,0.2169,0.2020,-0.0249,-1.7722,-2.4984,4.2042,102.9643,-65.4649,-107.4439
330313365,-0.0022,-0.0162,0.2312,-0.0944,0.1755,-0.0200,-0.0971,0.0415,0.0288,0.2169,0.2532,0.0187,-1.2909,-2.4984,5.0830,102.9647,-65.4749,-107.4100
330318364,-0.0011,-0.0167,0.2495,-0.0742,0.0930,-0.0200,-0.0966,0.0341,0.0301,0.2173,0.2716,0.0606,-1.0770,-3.2213,5.8171,102.9642,-65.5064,-107.3606
330323365,0.0002,-0.0171,0.2227,-0.0223,0.1147,0.0565,-0.0851,0.0242,0.0313,0.2179,0.2388,0.1207,0.6113,-3.2213,6.3688,102.9957,-65.5193,-107.3282
330328365,0.0012,-0.0170,0.1567,0.0544,0.0888,0.0436,-0.0596,0.0127,0.0321,0.2190,0.1654,0.2207,0.7994,-4.2475,6.9083,103.0026,-65.5635,-107.2754
330333365,0.0016,-0.0166,0.0568,0.1112,-0.0188,0.0206,-0.0313,0.0114,0.0324,0.2204,0.0498,0.2938,1.5318,-4.9778,7.2741,103.0226,-65.5973,-107.2425
330338364,0.0017,-0.0159,-0.0266,0.1491,-0.1244,0.0001,-0.0077,0.0123,0.0321,0.2221,-0.0492,0.3436,2.2079,-5.6108,7.4402,103.0444,-65.6424,-107.1926
330343365,0.0015,-0.0151,-0.0263,0.1487,-0.1159,-0.0011,-0.0035,0.0091,0.0319,0.2239,-0.0551,0.3542,2.2079,-6.3380,7.4402,103.0576,-65.6810,-107.1656
330348365,0.0012,-0.0143,-0.0440,0.1570,-0.0013,-0.0500,0.0500,0.0061,0.0315,0.2257,-0.0775,0.3658,2.2079,-6.7258,7.2793,103.0664,-65.7278,-107.1212
330353365,0.0009,-0.0136,-0.0889,0.1662,0.0402,-0.0500,0.0500,0.0105,0.0313,0.2271,-0.0268,0.2747,2.8542,-6.5709,7.2793,103.0939,-65.7516,-107.0949
330358364,0.0004,-0.0129,-0.1472,0.1814,-0.0123,-0.0500,0.0500,0.0145,0.0309,0.2285,-0.0917,0.2784,2.8542,-6.5709,6.5070,103.1054,-65.7910,-107.0660
330363365,-0.0006,-0.0118,-0.2367,0.2248,0.0436,-0.0500,0.0500,0.0139,0.0300,0.2301,-0.1811,0.3219,2.8542,-5.4706,6.5070,103.1225,-65.7934,-107.0424
330368365,-0.0020,-0.0107,-0.3134,0.2624,0.0124,0.0200,-0.0200,0.0153,0.0287,0.2319,-0.2607,0.3544,1.9758,-4.0403,6.1680,103.1153,-65.7933,-107.0094
330373365,-0.0035,-0.0095,-0.2685,0.2584,0.0072,0.0200,-0.0200,0.0101,0.0276,0.2336,-0.2206,0.3419,0.3602,-3.3251,5.5931,103.0884,-65.7938,-106.9991
330378364,-0.0045,-0.0083,-0.1692,0.2431,0.0649,-0.0597,0.0606,-0.0500,0.0268,0.2354,-0.1475,0.3631,0.3063,-2.4449,5.5931,103.0887,-65.7935,-106.9635
330383365,-0.0052,-0.0072,-0.1100,0.2120,0.1718,-0.0521,0.0459,-0.0500,0.0262,0.2366,-0.1306,0.2418,0.1986,-2.0048,5.1501,103.0882,-65.7936,-106.9524
330388365,-0.0055,-0.0063,-0.1145,0.1784,0.2146,-0.0549,0.0417,-0.0500,0.0255,0.2376,-0.1309,0.2008,0.1986,-1.5097,4.7070,103.0889,-65.7942,-106.9309
330393365,-0.0057,-0.0055,-0.0782,0.1500,0.0897,-0.0420,0.0339,-0.0500,0.0252,0.2385,-0.0577,0.1683,-1.8030,-1.2347,4.7070,103.0464,-65.7941,-106.9138
330398364,-0.0062,-0.0049,-0.0672,0.1203,0.0115,-0.0395,0.0296,0.0200,0.0250,0.2391,-0.0380,0.1337,-2.1410,-0.9046,3.5353,103.0313,-65.7938,-106.9107
330403365,-0.0064,-0.0044,-0.0241,0.0867,-0.0020,-0.0285,0.0171,0.0200,0.0251,0.2395,0.0190,0.0759,-2.1410,0.7229,2.9494,103.0184,-65.7624,-106.9107
330408364,-0.0064,-0.0042,0.0287,0.0367,-0.0527,-0.0128,0.0016,0.0500,0.0256,0.2398,0.0953,0.0483,-2.1410,1.3426,2.1194,103.0098,-65.7424,-106.9112
330413365,-0.0059,-0.0041,0.0901,-0.0131,-0.0041,0.0500,-0.0500,0.0500,0.0263,0.2396,0.1361,-0.0332,-2.0000,1.3426,1.7776,102.9999,-65.7370,-106.9109
330418365,-0.0053,-0.0044,0.0754,-0.0599,0.0295,0.0500,-0.0500,0.0500,0.0267,0.2393,0.0754,-0.0599,-1.6708,1.3426,1.2894,102.9991,-65.7290,-106.9109
330423364,-0.0049,-0.0049,0.0825,-0.1268,0.1022,0.0500,-0.0500,0.0500,0.0271,0.2387,0.0825,-0.1268,-1.5298,1.3426,1.0941,102.9927,-65.7236,-106.9106
330428365,-0.0044,-0.0058,0.1100,-0.1933,0.1618,0.0500,-0.0500,-0.0200,0.0276,0.2377,0.1100,-0.1933,-1.5298,1.3426,0.8500,102.9866,-65.7156,-106.9095
330433365,-0.0039,-0.0071,0.1255,-0.2728,0.1129,-0.0200,0.0200,-0.0200,0.0283,0.2363,0.1255,-0.2728,-0.5423,1.2456,0.8500,103.0000,-65.7122,-106.9064
330438364,-0.0031,-0.0088,0.1121,-0.3317,0.0362,-0.0200,0.0200,0.0929,0.0289,0.2348,0.1221,-0.3143,-0.4483,0.5416,1.1646,102.9998,-65.7200,-106.8946
330443365,-0.0026,-0.0106,0.0623,-0.3387,0.0265,0.0059,-0.1110,0.1040,0.0293,0.2333,0.0751,-0.2942,-0.1852,-0.9295,2.0561,103.0027,-65.7499,-106.8703
330448365,-0.0024,-0.0124,0.0006,-0.3293,0.0894,-0.0500,-0.1076,0.1161,0.0292,0.2319,-0.0161,-0.2847,1.5213,-0.9295,2.0561,103.0393,-65.7555,-106.8572
330453364,-0.0025,-0.0142,-0.0504,-0.3112,0.1502,-0.0500,-0.1051,0.1231,0.0290,0.2305,-0.0408,-0.2667,1.5213,-0.9295,2.0561,103.0485,-65.7592,-106.8498
330458365,-0.0028,-0.0157,-0.0449,-0.2703,0.1688,-0.0500,-0.0996,0.1176,0.0288,0.2295,-0.0400,-0.1979,1.5213,-2.1397,2.7180,103.0545,-65.7906,-106.8220
330463365,-0.0030,-0.0170,-0.0122,-0.2266,0.1529,-0.0500,-0.0979,0.1090,0.0287,0.2288,-0.0087,-0.1517,1.5213,-2.3048,2.7180,103.0637,-65.8031,-106.8121
330468364,-0.0030,-0.0182,-0.0113,-0.1860,0.1807,0.0200,-0.0925,0.1023,0.0287,0.2283,-0.0053,-0.0908,1.5213,-2.8403,3.5414,103.0698,-65.8280,-106.7751
330473365,-0.0032,-0.0190,-0.0620,-0.1197,0.1850,0.0200,-0.0733,0.0961,0.0284,0.2283,-0.0518,-0.0070,1.5213,-3.1810,4.3776,103.0789,-65.8473,-106.7437
330478365,-0.0034,-0.0197,-0.0730,-0.0764,0.0878,-0.0343,-0.0603,0.0912,0.0280,0.2286,-0.0870,0.0623,1.5213,-3.9196,5.3744,103.0850,-65.8838,-106.6932
330483364,-0.0039,-0.0200,-0.0709,-0.0550,0.0442,-0.0348,-0.0540,0.0871,0.0276,0.2292,-0.0794,0.1085,1.2520,-4.7027,6.2532,103.0883,-65.9158,-106.6544
330488365,-0.0044,-0.0203,-0.0525,-0.0443,0.0979,-0.0321,-0.0528,0.0812,0.0273,0.2299,-0.0544,0.1524,1.0366,-5.6462,7.5363,103.0886,-65.9650,-106.5847
330493365,-0.0045,-0.0208,-0.0110,-0.0736,0.1367,-0.0225,-0.0653,0.0825,0.0273,0.2306,-0.0075,0.1428,0.7673,-6.2658,8.2413,103.0886,-66.0004,-106.5423
330498364,-0.0044,-0.0214,0.0037,-0.0825,0.1682,-0.0181,-0.0709,0.0825,0.0274,0.2314,0.0123,0.1545,0.6057,-6.8159,9.0722,103.0882,-66.0498,-106.4702
330503365,-0.0041,-0.0220,0.0202,-0.0657,0.1330,-0.0122,-0.0703,0.0774,0.0275,0.2323,0.0321,0.1881,0.4442,-7.3514,9.6617,103.0882,-66.0881,-106.4241
330508365,-0.0041,-0.0223,0.0098,-0.0095,0.1410,-0.0144,-0.0571,0.0661,0.0276,0.2336,0.0264,0.2604,0.3903,-7.6680,10.4266,103.0889,-66.1394,-106.3439
330513365,-0.0039,-0.0224,0.0409,0.0211,0.1749,-0.0061,-0.0546,0.0539,0.0280,0.2352,0.0609,0.3086,0.2826,-8.1714,11.1033,103.0887,-66.1809,-106.2913
330518365,-0.0036,-0.0224,0.0669,0.0446,0.1850,0.0016,-0.0521,0.0435,0.0284,0.2369,0.0886,0.3527,0.2288,-8.8142,11.8429,103.0886,-66.2445,-106.2037
330523365,-0.0031,-0.0224,0.0748,0.0535,0.1660,0.0500,-0.0515,0.0391,0.0289,0.2388,0.0981,0.3691,0.1749,-9.0275,12.1359,103.0887,-66.2844,-106.1546
330528365,-0.0026,-0.0224,0.0712,0.0461,0.1327,0.0500,-0.0523,0.0395,0.0294,0.2407,0.0968,0.3773,0.1211,-9.5883,12.6160,103.0883,-66.3517,-106.0660
330533365,-0.0022,-0.0224,0.0489,0.0495,0.1169,0.0500,-0.0489,0.0405,0.0297,0.2426,0.0744,0.3867,0.1211,-9.7994,12.8097,103.0890,-66.3948,-106.0161
330538365,-0.0019,-0.0223,0.0452,0.0669,0.1260,0.0500,-0.0443,0.0358,0.0301,0.2447,0.0676,0.4127,0.0672,-10.2730,12.9142,103.0883,-66.4643,-105.9318
330543364,-0.0017,-0.0222,0.0281,0.0825,0.1123,-0.0200,-0.0384,0.0337,0.0303,0.2468,0.0496,0.4298,0.0672,-10.3762,12.9142,103.0887,-66.5075,-105.8850
330548365,-0.0016,-0.0219,0.0076,0.0977,0.0778,-0.0200,-0.0315,0.0323,0.0305,0.2491,0.0273,0.4451,0.0672,-10.4863,12.8039,103.0890,-66.5723,-105.8050
330553365,-0.0017,-0.0215,-0.0693,0.1194,0.0512,-0.0500,-0.0148,0.0363,0.0302,0.2514,-0.0518,0.4675,0.0539,-10.5836,12.7555,103.0893,-66.6164,-105.7597
330558364,-0.0020,-0.0210,-0.1051,0.1381,0.0234,-0.0500,-0.0039,0.0365,0.0298,0.2538,-0.0871,0.4805,0.0539,-10.4222,12.5371,103.0895,-66.6761,-105.6833
330563365,-0.0027,-0.0204,-0.1378,0.1674,0.0045,-0.0500,0.0500,0.0339,0.0292,0.2563,-0.1189,0.5069,0.0539,-10.2767,12.4883,103.0898,-66.7149,-105.6389
330568364,-0.0035,-0.0197,-0.1506,0.2013,0.0414,-0.0500,0.0500,0.0339,0.0289,0.2582,-0.0478,0.3820,0.0539,-9.7604,12.1048,103.0900,-66.7651,-105.5676
330573365,-0.0042,-0.0188,-0.1625,0.2312,0.1007,0.0200,0.0500,0.0266,0.0286,0.2603,-0.0600,0.4113,0.0539,-9.2652,12.0564,103.0904,-66.7940,-105.5247
330578365,-0.0049,-0.0178,-0.1539,0.2428,0.1202,0.0200,0.0500,0.0212,0.0284,0.2624,-0.0532,0.4197,0.0539,-8.7214,11.8411,103.0906,-66.8361,-105.4526
330583365,-0.0059,-0.0167,-0.1625,0.2480,0.1300,-0.0585,-0.0200,0.0194,0.0281,0.2645,-0.0627,0.4217,-0.0539,-7.1637,11.6196,103.0882,-66.8368,-105.4148
330588365,-0.0068,-0.0157,-0.1625,0.2511,0.1611,-0.0627,-0.0200,0.0170,0.0277,0.2666,-0.0660,0.4188,-0.0539,-5.3138,11.2145,103.0879,-66.8370,-105.3504
330593365,-0.0077,-0.0147,-0.1790,0.2398,0.2024,-0.0745,0.0492,0.0175,0.0271,0.2689,-0.1246,0.4630,-0.0539,-4.3402,10.6077,103.0876,-66.8367,-105.3223
330598365,-0.0086,-0.0139,-0.1579,0.2019,0.2412,-0.0727,0.0405,0.0229,0.0266,0.2709,-0.0973,0.4027,-0.0539,-3.2206,10.2203,103.0874,-66.8368,-105.2634
330603364,-0.0090,-0.0130,-0.0470,0.1924,0.2580,-0.0459,0.0267,0.0093,0.0267,0.2728,0.0225,0.3759,-0.5609,-2.6364,9.6454,103.0767,-66.8368,-105.2387
330608365,-0.0090,-0.0123,0.0302,0.1778,0.2207,-0.0241,0.0141,0.0015,0.0273,0.2745,0.1239,0.3336,-2.1949,-1.9549,8.4824,103.0383,-66.8368,-105.2020
330613365,-0.0086,-0.0116,0.0980,0.1698,0.2033,-0.0051,0.0052,-0.0500,0.0283,0.2761,0.1951,0.3199,-2.1949,-1.5654,8.4824,103.0251,-66.8361,-105.1712
330618365,-0.0080,-0.0110,0.1436,0.1723,0.2409,0.0500,-0.0500,-0.0500,0.0292,0.2770,0.1714,0.1896,-2.1949,-1.1760,7.6036,103.0163,-66.8365,-105.1382
330623364,-0.0072,-0.0104,0.1869,0.1662,0.2433,0.0500,-0.0500,-0.0500,0.0301,0.2778,0.1869,0.1662,-2.8532,0.4951,6.9219,102.9868,-66.8053,-105.1248
330628364,-0.0062,-0.0097,0.2184,0.1442,0.2057,0.0500,-0.0500,-0.0500,0.0312,0.2786,0.2184,0.1442,-2.8532,1.0452,5.9780,102.9754,-66.7884,-105.1042
330633364,-0.0051,-0.0092,0.2523,0.1289,0.1804,0.0500,-0.0500,0.0200,0.0325,0.2792,0.2523,0.1289,-2.5858,1.0452,5.9780,102.9639,-66.7843,-105.0825
330638364,-0.0036,-0.0089,0.2776,0.1103,0.1724,-0.0200,0.0200,0.0200,0.0339,0.2798,0.2776,0.1103,-1.7477,1.0452,4.5437,102.9716,-66.7780,-105.0771
330643365,-0.0021,-0.0085,0.2541,0.0874,0.1596,-0.0200,0.0200,-0.0241,0.0353,0.2805,0.2864,0.1436,-0.1489,0.1100,3.7714,102.9991,-66.7950,-105.0774
330648364,-0.0012,-0.0084,0.1289,0.0467,0.0982,0.0272,-0.0334,0.0500,0.0360,0.2808,0.1414,0.0622,-0.1019,0.1100,1.1468,102.9996,-66.7943,-105.1139
330653365,-0.0007,-0.0082,0.0480,0.0373,0.0265,0.0064,-0.0242,0.0500,0.0361,0.2810,0.0183,0.0365,1.7466,0.0550,0.4651,103.0406,-66.7952,-105.1251
330658365,-0.0006,-0.0082,-0.0027,0.0345,-0.0175,-0.0500,-0.0182,0.0500,0.0359,0.2811,-0.0324,0.0337,1.7466,0.0550,0.3602,103.0476,-66.7949,-105.1246
330663365,-0.0008,-0.0083,-0.0208,0.0321,0.0445,-0.0500,-0.0183,0.0500,0.0358,0.2813,-0.0203,0.0313,1.7466,0.0550,0.3078,103.0581,-66.7946,-105.1245
330668365,-0.0011,-0.0082,-0.0385,0.0339,0.1511,-0.0500,-0.0159,-0.0200,0.0356,0.2815,-0.0380,0.0331,1.7466,0.0550,0.2029,103.0650,-66.7944,-105.1250
330673365,-0.0012,-0.0081,-0.0583,0.0250,0.1886,-0.0500,-0.0144,-0.0200,0.0353,0.2816,-0.0646,0.0359,1.7466,-0.7302,0.1505,103.0755,-66.8106,-105.1253
330678365,-0.0013,-0.0081,-0.0672,0.0205,0.1596,0.0200,-0.0120,0.0309,0.0349,0.2819,-0.0817,0.0518,1.7466,-1.8985,0.2029,103.0825,-66.8398,-105.1230
330683365,-0.0017,-0.0082,-0.0654,0.0223,0.1627,0.0200,-0.0114,0.0315,0.0345,0.2822,-0.0799,0.0536,1.5312,-1.8985,0.2029,103.0884,-66.8512,-105.1223
330688364,-0.0022,-0.0082,-0.0825,0.0388,0.1899,-0.0346,-0.0043,0.0316,0.0339,0.2825,-0.1188,0.0701,1.2619,-1.8985,0.2029,103.0887,-66.8588,-105.1210
330693365,-0.0025,-0.0081,-0.0541,0.0757,0.1291,-0.0246,0.0004,0.0193,0.0337,0.2831,-0.0462,0.1070,-1.2959,-1.8985,0.2029,103.0382,-66.8702,-105.1203
330698365,-0.0028,-0.0078,-0.0376,0.0910,0.0921,-0.0209,0.0500,0.0142,0.0335,0.2837,-0.0275,0.1184,-1.2959,-1.6347,0.2029,103.0330,-66.8720,-105.1190
330703365,-0.0030,-0.0074,-0.0128,0.0895,0.0888,-0.0145,0.0500,0.0117,0.0336,0.2841,0.0113,0.0925,-1.2959,-1.2127,0.2029,103.0265,-66.8720,-105.1183
330708365,-0.0031,-0.0072,0.0073,0.0773,0.1214,-0.0103,0.0500,0.0107,0.0338,0.2845,0.0314,0.0803,-1.2959,0.0487,0.2029,103.0187,-66.8493,-105.1169
330713365,-0.0030,-0.0069,0.0446,0.0806,0.1303,-0.0007,0.0500,0.0042,0.0341,0.2849,0.0687,0.0836,-1.2959,0.6815,0.2029,103.0135,-66.8332,-105.1162
330718365,-0.0027,-0.0068,0.0702,0.0651,0.1111,0.0500,-0.0200,0.0037,0.0346,0.2853,0.0944,0.0681,-1.2959,0.6815,0.2029,103.0058,-66.8304,-105.1149
330723365,-0.0022,-0.0064,0.0965,0.0577,0.1291,0.0500,-0.0200,0.0001,0.0351,0.2856,0.0983,0.0608,-1.2959,1.6167,0.2029,103.0006,-66.8067,-105.1142
330728364,-0.0015,-0.0063,0.1029,0.0522,0.1364,0.0500,-0.0500,0.0001,0.0357,0.2857,0.1232,0.0230,-1.0138,2.1669,0.2029,102.9993,-66.7874,-105.1129
330733365,-0.0009,-0.0064,0.1103,0.0318,0.1092,0.0500,-0.0500,0.0018,0.0362,0.2859,0.1120,0.0348,-0.8257,2.6832,0.2029,102.9994,-66.7638,-105.1122
330738365,-0.0004,-0.0064,0.0919,0.0528,0.1095,-0.0200,-0.0500,-0.0016,0.0367,0.2861,0.0937,0.0559,0.9578,3.2512,0.2029,103.0336,-66.7399,-105.1108
330743364,0.0001,-0.0063,0.0800,0.0641,0.1419,-0.0200,-0.0500,-0.0500,0.0371,0.2865,0.0818,0.0672,1.2395,3.2512,0.2029,103.0441,-66.7203,-105.1101
330748365,0.0007,-0.0061,0.0568,0.0724,0.1569,0.0133,0.0200,-0.0500,0.0373,0.2868,0.0354,0.0724,1.2395,3.0088,0.2029,103.0516,-66.7123,-105.1088
330753365,0.0010,-0.0058,0.0226,0.0696,0.1169,0.0064,0.0200,-0.0500,0.0373,0.2872,-0.0016,0.0696,1.4011,2.2332,0.2029,103.0598,-66.7122,-105.1081
330758365,0.0011,-0.0058,0.0165,0.0629,0.0851,0.0051,-0.0124,-0.0500,0.0372,0.2874,-0.0132,0.0354,2.6398,1.8453,0.2029,103.0985,-66.7118,-105.1069
330763365,0.0011,-0.0057,0.0043,0.0739,0.0878,0.0015,-0.0068,0.0200,0.0370,0.2877,-0.0345,0.0622,2.6398,0.7862,0.2029,103.1091,-66.7239,-105.1061
330768365,0.0012,-0.0055,0.0095,0.0837,0.0897,0.0022,-0.0032,0.0200,0.0368,0.2881,-0.0405,0.0914,2.6398,-0.5164,-0.7341,103.1249,-66.7497,-105.1278
330773365,0.0011,-0.0053,0.0043,0.0895,0.0985,0.0001,-0.0010,-0.0028,0.0366,0.2886,-0.0520,0.0862,2.6398,-0.5164,-0.7341,103.1355,-66.7528,-105.1302
330778365,0.0014,-0.0048,0.0073,0.0987,0.0897,0.0012,0.0009,-0.0055,0.0363,0.2889,-0.0598,0.0765,2.6398,-0.5164,-2.0035,103.1513,-66.7549,-105.1644
330783365,0.0014,-0.0043,0.0174,0.0965,0.0655,0.0039,0.0014,-0.0078,0.0360,0.2893,-0.0497,0.0743,2.6398,-0.5164,-2.0035,103.1619,-66.7580,-105.1765
330788365,0.0015,-0.0042,-0.0092,0.0690,0.0469,-0.0019,-0.0018,0.0019,0.0357,0.2895,-0.0725,0.0336,1.9753,-0.5164,-2.8896,103.1626,-66.7600,-105.2031
330793365,0.0015,-0.0038,-0.0260,0.0556,0.0423,-0.0500,-0.0017,0.0500,0.0353,0.2896,-0.0835,0.0202,1.6430,-0.5164,-2.8896,103.1632,-66.7631,-105.2205
330798365,0.0016,-0.0036,-0.0400,0.0507,0.0338,-0.0500,0.0005,0.0500,0.0350,0.2899,-0.0444,0.0584,1.2000,-0.5164,-2.8896,103.1628,-66.7652,-105.2320
330803364,0.0012,-0.0037,-0.0559,0.0275,-0.0062,-0.0500,-0.0015,0.0500,0.0347,0.2901,-0.0603,0.0352,0.9785,-0.5164,-2.8374,103.1628,-66.7683,-105.2483
330808364,0.0007,-0.0038,-0.0727,0.0244,-0.0169,-0.0500,0.0006,0.0500,0.0343,0.2902,-0.0771,0.0321,0.7570,-0.5164,-2.3147,103.1635,-66.7703,-105.2482
330813365,0.0005,-0.0039,-0.0690,0.0254,0.0222,0.0200,-0.0001,-0.0200,0.0340,0.2904,-0.0735,0.0331,0.5909,-0.5164,-1.7399,103.1628,-66.7734,-105.2488
330818365,0.0002,-0.0039,-0.0351,0.0504,0.0347,0.0200,0.0015,-0.0200,0.0338,0.2907,-0.0396,0.0581,0.1087,-0.5164,-1.4263,103.1561,-66.7755,-105.2488
330823365,0.0001,-0.0037,0.0003,0.0846,0.0139,0.0017,0.0500,-0.0500,0.0339,0.2911,0.0181,0.0906,-1.3463,-0.5164,-0.1128,103.1248,-66.7786,-105.2288
330828364,0.0001,-0.0034,0.0156,0.0935,0.0032,0.0500,0.0500,-0.0500,0.0341,0.2916,0.0388,0.0935,-1.3463,-0.5164,1.1630,103.1168,-66.7807,-105.2006
330833364,0.0002,-0.0030,0.0617,0.1213,0.0414,0.0500,0.0500,-0.0500,0.0344,0.2922,0.0617,0.1213,-2.2080,-0.5164,1.1630,103.0933,-66.7838,-105.1936
330838365,0.0008,-0.0023,0.0693,0.1206,0.0310,0.0500,0.0500,-0.0500,0.0347,0.2928,0.0693,0.1206,-2.3695,-0.5164,1.1630,103.0759,-66.7858,-105.1889
330843365,0.0011,-0.0019,0.0733,0.1210,-0.0328,0.0500,-0.0200,0.0200,0.0351,0.2934,0.0733,0.1210,-2.3695,-0.5164,1.1630,103.0664,-66.7889,-105.1820
330848364,0.0013,-0.0014,0.0922,0.1139,-0.0340,-0.0200,-0.0200,0.0200,0.0355,0.2940,0.0922,0.1139,-2.3695,0.2065,0.5538,103.0522,-66.7760,-105.1899
330853365,0.0020,-0.0009,0.0959,0.1335,0.0234,-0.0200,0.0074,-0.0410,0.0361,0.2945,0.1074,0.1102,-2.3695,1.4458,-0.1108,103.0427,-66.7444,-105.2033
330858364,0.0027,-0.0004,0.0987,0.1329,0.0408,0.0377,0.0064,-0.0456,0.0367,0.2951,0.1313,0.1096,-1.2262,1.4458,-0.1108,103.0532,-66.7387,-105.2037
330863365,0.0032,0.0003,0.0910,0.1081,0.0814,0.0351,0.0038,-0.0420,0.0372,0.2955,0.0942,0.0849,0.4847,1.4458,-0.1108,103.0860,-66.7300,-105.2044
330868364,0.0037,0.0010,0.0889,0.1133,0.1013,0.0360,0.0066,-0.0465,0.0377,0.2960,0.0893,0.0901,0.6462,1.4458,-0.1108,103.0931,-66.7242,-105.2048
330873364,0.0043,0.0013,0.0757,0.0614,0.0087,0.0362,-0.0019,-0.0347,0.0380,0.2961,0.0761,0.0381,0.6462,1.4458,-0.1108,103.0957,-66.7155,-105.2055
330878365,0.0046,0.0015,0.0183,0.0305,-0.0374,0.0225,-0.0018,-0.0193,0.0381,0.2961,0.0039,-0.0154,0.6462,1.3489,-1.7309,103.0996,-66.7118,-105.2414
330883365,0.0050,0.0015,0.0238,0.0113,-0.0566,0.0251,-0.0500,-0.0162,0.0381,0.2959,0.0034,-0.0335,0.6462,0.9610,-2.0444,103.1022,-66.7126,-105.2598
330888365,0.0050,0.0016,0.0272,0.0009,-0.0569,0.0240,-0.0500,-0.0145,0.0380,0.2958,-0.0183,-0.0296,1.6212,0.8156,-2.0444,103.1286,-66.7120,-105.2680
330893365,0.0050,0.0014,0.0287,-0.0299,-0.0246,0.0235,-0.0500,-0.0071,0.0379,0.2954,-0.0218,-0.0691,1.6212,0.5732,-2.6256,103.1351,-66.7126,-105.2938
330898365,0.0053,0.0012,0.0254,-0.0476,0.0078,0.0237,-0.0500,-0.0031,0.0377,0.2950,-0.0252,-0.0868,1.6212,0.4762,-2.6256,103.1448,-66.7124,-105.3043
330903365,0.0056,0.0009,0.0119,-0.0415,0.0475,0.0201,0.0200,-0.0023,0.0375,0.2946,-0.0501,-0.0807,2.2857,0.3793,-2.6256,103.1656,-66.7118,-105.3200
330908365,0.0056,0.0006,-0.0342,-0.0269,0.0478,0.0087,0.0200,0.0010,0.0370,0.2943,-0.0943,-0.0627,2.2857,-0.7229,-2.4050,103.1793,-66.7334,-105.3259
330913365,0.0054,0.0003,-0.0779,0.0003,0.0429,-0.0500,0.0019,0.0001,0.0363,0.2942,-0.1452,-0.0049,2.2857,-1.4458,-1.7981,103.1885,-66.7558,-105.3263
330918364,0.0048,0.0002,-0.1048,0.0263,0.0692,-0.0500,0.0500,-0.0029,0.0357,0.2944,-0.1298,0.0260,2.2857,-1.4458,-1.4671,103.2022,-66.7616,-105.3261
330923365,0.0042,0.0004,-0.0941,0.0266,0.0610,-0.0500,0.0500,-0.0030,0.0351,0.2944,-0.1034,0.0105,2.2857,-2.6561,-1.0810,103.2113,-66.7976,-105.3260
330928365,0.0036,0.0003,-0.1158,0.0409,-0.0389,-0.0500,0.0500,-0.0010,0.0345,0.2946,-0.1232,0.0281,1.7509,-2.6561,-0.8603,103.2130,-66.8082,-105.3255
330933365,0.0031,0.0005,-0.1176,0.0880,-0.0902,0.0200,0.0500,-0.0103,0.0339,0.2949,-0.1231,0.0784,1.4300,-2.6561,-0.6397,103.2130,-66.8241,-105.3256
330938365,0.0025,0.0011,-0.1032,0.1552,-0.0600,0.0200,-0.0200,-0.0280,0.0334,0.2957,-0.1078,0.1473,1.0556,-2.6561,-0.5293,103.2130,-66.8348,-105.3258
330943365,0.0021,0.0019,-0.0473,0.1820,0.0069,-0.0050,-0.0200,-0.0433,0.0330,0.2966,-0.0654,0.1758,0.8398,-1.1601,-0.4190,103.2125,-66.8180,-105.3264
330948365,0.0019,0.0028,-0.0052,0.1790,0.0228,0.0500,0.0438,-0.0527,0.0331,0.2974,0.0198,0.1728,-1.5505,0.1100,-0.3087,103.1622,-66.7942,-105.3256
330953365,0.0021,0.0037,0.0574,0.1527,-0.0071,0.0500,0.0343,-0.0569,0.0334,0.2982,0.0562,0.1473,-1.5505,0.1100,-0.2535,103.1560,-66.7935,-105.3262
330958365,0.0026,0.0044,0.0819,0.1255,-0.0294,0.0500,0.0272,-0.0575,0.0338,0.2988,0.0811,0.1209,-1.5505,0.1100,-0.1983,103.1467,-66.7930,-105.3259
330963365,0.0032,0.0049,0.0773,0.1316,-0.0151,0.0500,0.0294,-0.0613,0.0342,0.2994,0.0765,0.1270,-1.5505,0.1100,-0.1983,103.1404,-66.7924,-105.3271
330968365,0.0036,0.0055,0.0858,0.1655,-0.0016,-0.0200,0.0367,-0.0727,0.0346,0.3002,0.0851,0.1609,-1.5505,0.1100,-0.1983,103.1311,-66.7919,-105.3279
330973365,0.0040,0.0060,0.1084,0.1432,-0.0392,-0.0200,0.0280,-0.0717,0.0353,0.3008,0.1242,0.1101,-1.1629,2.0206,-0.1983,103.1328,-66.7469,-105.3291
330978365,0.0046,0.0066,0.1115,0.0892,-0.0356,0.0473,0.0167,-0.0626,0.0358,0.3010,0.1155,0.0490,0.4430,2.0206,-0.6703,103.1646,-66.7388,-105.3396
330983365,0.0052,0.0068,0.0919,0.0128,0.0112,0.0431,0.0004,-0.0439,0.0362,0.3008,0.0828,-0.0500,0.4430,2.0206,-2.1910,103.1664,-66.7267,-105.3803
330988364,0.0058,0.0066,0.0733,-0.0522,0.0347,0.0398,-0.0500,-0.0270,0.0365,0.3001,0.0570,-0.1274,0.4430,2.0206,-3.0210,103.1690,-66.7186,-105.4065
330993365,0.0062,0.0061,0.0440,-0.1051,0.0429,0.0327,-0.0500,-0.0122,0.0366,0.2994,0.0090,-0.1522,0.4430,2.2630,-3.1674,103.1708,-66.7003,-105.4284
330998365,0.0062,0.0054,0.0354,-0.1280,0.0662,0.0299,-0.0500,-0.0035,0.0366,0.2984,-0.0043,-0.1833,0.4430,2.2630,-3.7212,103.1735,-66.6913,-105.4525
331003365,0.0063,0.0048,0.0250,-0.1570,0.0405,0.0280,-0.0500,0.0500,0.0365,0.2974,-0.0147,-0.2124,0.4430,2.2630,-3.7212,103.1752,-66.6777,-105.4748
331008364,0.0066,0.0039,0.0202,-0.1811,-0.0304,0.0292,0.0200,0.0500,0.0364,0.2965,-0.0160,-0.1812,2.1009,1.3419,-3.7212,103.2146,-66.6881,-105.4897
331013365,0.0068,0.0029,-0.0086,-0.1833,-0.0759,0.0233,0.0200,0.0500,0.0362,0.2956,-0.0447,-0.1833,2.1009,0.0000,-3.0941,103.2230,-66.7119,-105.4984
331018365,0.0066,0.0020,-0.0812,-0.1319,0.0170,0.0029,-0.0235,0.0500,0.0356,0.2949,-0.1174,-0.1320,2.1009,0.0000,-2.5192,103.2356,-66.7119,-105.4981
331023364,0.0061,0.0014,-0.1081,-0.0773,0.0817,-0.0500,-0.0081,-0.0200,0.0348,0.2946,-0.1590,-0.0519,2.1009,-1.7040,-1.8921,103.2440,-66.7493,-105.4988
331028365,0.0055,0.0010,-0.1185,-0.0281,0.1034,-0.0500,0.0500,-0.0200,0.0341,0.2946,-0.1332,-0.0026,1.7248,-1.7040,-1.5263,103.2484,-66.7562,-105.4983
331033365,0.0048,0.0009,-0.1005,0.0040,0.1156,-0.0500,0.0500,-0.0009,0.0336,0.2946,-0.1105,-0.0133,1.4427,-1.7040,-1.1604,103.2490,-66.7664,-105.4989
331038364,0.0043,0.0008,-0.0825,0.0223,0.0662,-0.0500,0.0500,-0.0500,0.0332,0.2946,-0.0849,0.0181,1.0665,-1.7040,-0.2837,103.2489,-66.7732,-105.4850
331043365,0.0040,0.0008,-0.0550,0.0565,-0.0294,0.0200,0.0500,-0.0500,0.0329,0.2949,-0.0550,0.0565,0.8784,-1.7040,1.2737,103.2490,-66.7834,-105.4492
331048365,0.0037,0.0012,-0.0498,0.1142,-0.0615,0.0200,-0.0200,-0.0500,0.0326,0.2955,-0.0498,0.1142,0.0000,-1.7040,1.2737,103.2353,-66.7902,-105.4441
331053364,0.0036,0.0018,-0.0275,0.1808,-0.0661,0.0500,-0.0200,-0.0500,0.0326,0.2964,-0.0100,0.1808,-1.0162,-1.3739,1.2737,103.2122,-66.7933,-105.4365
331058365,0.0035,0.0028,0.0159,0.1994,-0.0243,0.0500,0.0459,0.0200,0.0326,0.2975,0.0059,0.2167,-1.0162,-1.1539,1.2737,103.2061,-66.7939,-105.4314
331063365,0.0036,0.0036,0.0327,0.1451,0.0121,0.0500,0.0324,0.0200,0.0328,0.2982,0.0345,0.1420,-1.0162,0.2065,1.0522,103.2020,-66.7714,-105.4282
331068365,0.0040,0.0042,0.1151,0.1139,-0.0441,0.0500,0.0158,-0.0604,0.0334,0.2987,0.1239,0.0921,-1.0162,1.2393,-0.2215,103.1959,-66.7472,-105.4526
331073365,0.0047,0.0046,0.1350,0.1304,-0.0249,-0.0200,0.0166,-0.0695,0.0341,0.2992,0.1438,0.1086,-1.0162,1.2393,-0.2215,103.1918,-66.7397,-105.4540
331078364,0.0055,0.0051,0.1417,0.1484,0.0353,-0.0200,0.0191,-0.0782,0.0349,0.2998,0.1505,0.1266,-1.0162,1.2393,-0.2215,103.1857,-66.7348,-105.4549
331083365,0.0063,0.0061,0.1506,0.1671,0.1022,0.0638,0.0221,-0.0899,0.0358,0.3006,0.1777,0.1438,-1.0162,1.3362,-0.2215,103.1817,-66.7254,-105.4562
331088364,0.0070,0.0071,0.1616,0.1778,0.1056,0.0693,0.0245,-0.0978,0.0367,0.3013,0.1882,0.1458,-0.6953,1.9180,-0.2215,103.1821,-66.7066,-105.4571
331093365,0.0078,0.0078,0.1506,0.1286,-0.0111,0.0680,0.0175,-0.0851,0.0374,0.3016,0.1338,0.0694,0.9092,1.9180,-2.0507,103.2147,-66.6950,-105.4991
331098364,0.0086,0.0084,0.1405,0.0803,-0.0838,0.0697,0.0093,-0.0759,0.0380,0.3017,0.1237,0.0211,0.9092,1.9180,-2.0507,103.2202,-66.6874,-105.5073
331103365,0.0094,0.0086,0.1112,0.0394,-0.0649,0.0645,0.0024,-0.0644,0.0384,0.3016,0.0852,-0.0357,0.9092,1.9180,-3.1162,103.2238,-66.6759,-105.5458
331108365,0.0101,0.0085,0.1155,-0.0519,-0.0120,0.0660,-0.0500,-0.0447,0.0388,0.3008,0.0694,-0.1443,1.6615,2.0858,-4.1092,103.2450,-66.6643,-105.5799
331113365,0.0104,0.0080,0.0779,-0.1228,-0.0087,0.0560,-0.0500,-0.0245,0.0388,0.2999,0.0087,-0.1870,1.8496,2.0858,-4.3189,103.2561,-66.6518,-105.6088
331118365,0.0108,0.0071,0.0648,-0.1863,-0.0328,0.0531,-0.0500,-0.0054,0.0387,0.2986,-0.0273,-0.2584,2.9201,2.0858,-4.8433,103.2901,-66.6435,-105.6383
331123365,0.0112,0.0060,0.0284,-0.2309,0.0127,0.0444,-0.0500,0.0500,0.0383,0.2970,-0.0687,-0.3117,2.9201,1.6943,-5.4292,103.3018,-66.6389,-105.6817
331128365,0.0113,0.0045,-0.0202,-0.2599,0.0411,0.0346,0.0200,0.0500,0.0379,0.2957,-0.0880,-0.2602,3.9434,-0.0559,-5.7614,103.3413,-66.6714,-105.7105
331133365,0.0110,0.0031,-0.0834,-0.2346,0.0103,0.0180,0.0200,0.0500,0.0371,0.2946,-0.1512,-0.2348,3.9434,-0.0559,-5.7614,103.3571,-66.6717,-105.7451
331138365,0.0105,0.0020,-0.1292,-0.1750,0.0139,0.0036,-0.0326,0.0500,0.0361,0.2937,-0.2077,-0.1679,4.3148,-0.4923,-4.8730,103.3896,-66.6809,-105.7488
331143365,0.0099,0.0012,-0.1628,-0.1319,0.0552,-0.0500,-0.0194,-0.0200,0.0348,0.2932,-0.2530,-0.1045,4.3148,-1.8497,-3.5665,103.4068,-66.7167,-105.7479
331148365,0.0092,0.0005,-0.1933,-0.1130,0.1025,-0.0500,-0.0157,-0.0200,0.0338,0.2928,-0.2093,-0.0853,4.4255,-1.8497,-2.9393,103.4355,-66.7241,-105.7485
331153364,0.0081,0.0000,-0.2123,-0.1283,0.0194,-0.0500,-0.0167,0.0396,0.0325,0.2921,-0.2468,-0.1326,4.4255,-1.8497,-2.1554,103.4532,-66.7352,-105.7481
331158365,0.0070,-0.0005,-0.2385,-0.0486,-0.0594,-0.0500,0.0500,0.0298,0.0312,0.2919,-0.2748,-0.0390,3.6768,-2.4177,-1.7896,103.4633,-66.7558,-105.7484
331163365,0.0058,-0.0005,-0.2392,0.0501,-0.0640,0.0200,0.0500,0.0117,0.0299,0.2921,-0.2505,0.0305,2.9815,-2.4177,-1.3192,103.4628,-66.7703,-105.7485
331168364,0.0047,-0.0001,-0.2184,0.1378,-0.0392,0.0200,0.0500,-0.0500,0.0288,0.2927,-0.2275,0.1220,2.2327,-2.4177,-1.0579,103.4634,-66.7800,-105.7481
331173365,0.0037,0.0008,-0.1729,0.1897,-0.0230,-0.0308,0.0500,-0.0500,0.0278,0.2936,-0.2039,0.1896,1.8049,-2.3627,-0.7966,103.4629,-66.7934,-105.7484
331178364,0.0029,0.0018,-0.1286,0.1982,-0.0695,-0.0216,-0.0200,-0.0500,0.0270,0.2946,-0.1514,0.1982,1.3235,-1.9226,-0.6398,103.4628,-66.7932,-105.7482
331183365,0.0024,0.0026,-0.0858,0.1356,-0.1098,-0.0101,-0.0200,-0.0500,0.0266,0.2953,-0.0820,0.1356,-0.2215,-1.4275,-0.4830,103.4345,-66.7935,-105.7484
331188365,0.0022,0.0034,-0.0189,0.1390,-0.0221,0.0500,0.0401,0.0200,0.0266,0.2960,-0.0022,0.1463,-1.2183,-0.4913,-0.3785,103.4084,-66.7793,-105.7481
331193365,0.0022,0.0039,0.0125,0.1536,0.0561,0.0500,0.0390,0.0200,0.0267,0.2967,0.0210,0.1390,-1.2183,0.9811,-0.2740,103.4035,-66.7463,-105.7481
331198365,0.0024,0.0046,0.0400,0.1909,0.0530,0.0500,0.0456,-0.0672,0.0269,0.2976,0.0466,0.1729,-1.2183,0.9811,-0.2217,103.3962,-66.7424,-105.7481
331203365,0.0027,0.0056,0.0867,0.2431,0.1028,0.0500,0.0534,-0.0893,0.0274,0.2987,0.0938,0.2260,-1.2183,0.9811,-0.1695,103.3914,-66.7365,-105.7483
331208365,0.0033,0.0069,0.1191,0.2159,0.0775,-0.0200,0.0468,-0.0925,0.0280,0.2997,0.1261,0.1988,-1.2183,0.9811,-0.1695,103.3840,-66.7325,-105.7489
331213365,0.0039,0.0077,0.1304,0.1484,0.0579,-0.0200,0.0317,-0.0826,0.0287,0.3003,0.1446,0.1205,-1.2183,1.7568,-0.1172,103.3792,-66.7099,-105.7486
331218364,0.0045,0.0083,0.1478,0.1060,0.0762,0.0545,0.0213,-0.0787,0.0295,0.3007,0.1520,0.0788,0.6091,1.7568,-0.0650,103.4153,-66.7029,-105.7480
331223365,0.0056,0.0088,0.1894,0.1191,0.1624,0.0687,0.0170,-0.0919,0.0305,0.3011,0.1955,0.0869,0.6091,2.0364,-0.1172,103.4177,-66.6867,-105.7497
331228365,0.0067,0.0093,0.2300,0.1402,0.2341,0.0822,0.0143,-0.1054,0.0317,0.3016,0.2381,0.0930,0.6091,2.6517,-0.5047,103.4214,-66.6643,-105.7581
331233365,0.0077,0.0099,0.1915,0.0849,0.1214,0.0774,0.0075,-0.0895,0.0326,0.3017,0.1887,0.0190,0.6091,2.6517,-1.7639,103.4238,-66.6483,-105.7917
331238365,0.0088,0.0102,0.1796,0.0357,-0.0151,0.0778,-0.0011,-0.0761,0.0333,0.3015,0.1452,-0.0499,1.7857,2.6517,-3.0879,103.4525,-66.6377,-105.8271
331243365,0.0096,0.0101,0.1341,-0.0308,-0.0667,0.0699,-0.0500,-0.0556,0.0338,0.3008,0.0932,-0.1291,2.2671,3.1793,-3.4025,103.4709,-66.6089,-105.8521
331248365,0.0104,0.0094,0.1484,-0.1717,-0.0936,0.0734,-0.0500,-0.0260,0.0341,0.2996,0.0571,-0.2341,3.2075,3.1793,-4.1891,103.5064,-66.5961,-105.8838
331253365,0.0109,0.0082,0.1298,-0.2266,0.0271,0.0671,-0.0500,-0.0083,0.0342,0.2981,0.0134,-0.3039,4.1653,2.6925,-5.1852,103.5394,-66.5876,-105.9329
331258364,0.0118,0.0070,0.1381,-0.2633,0.0665,0.0713,-0.0500,0.0019,0.0342,0.2964,0.0090,-0.3496,4.5962,2.2057,-5.7944,103.5732,-66.5875,-105.9678
331263365,0.0124,0.0055,0.0822,-0.2963,0.0390,0.0591,0.0200,0.0500,0.0339,0.2944,-0.0602,-0.3896,5.1347,1.0817,-6.2647,103.6041,-66.5989,-106.0133
331268365,0.0127,0.0039,0.0116,-0.2950,0.0216,0.0457,0.0200,0.0500,0.0334,0.2930,-0.0928,-0.2955,6.0705,-0.1583,-6.4585,103.6568,-66.6230,-106.0425
331273365,0.0125,0.0023,-0.0696,-0.2679,0.0234,0.0240,-0.0626,0.0500,0.0325,0.2916,-0.1793,-0.2660,6.2920,-0.1583,-6.1826,103.6863,-66.6239,-106.0757
331278365,0.0120,0.0010,-0.1176,-0.2053,0.1107,0.0077,-0.0464,0.0500,0.0313,0.2906,-0.2412,-0.1967,6.8803,-0.6057,-5.9620,103.7382,-66.6337,-106.0929
331283364,0.0114,0.0001,-0.1460,-0.1472,0.2060,-0.0500,-0.0313,-0.0200,0.0299,0.2901,-0.2869,-0.1143,7.0684,-2.2278,-5.5949,103.7701,-66.6765,-106.1234
331288365,0.0107,-0.0007,-0.1619,-0.1167,0.1917,-0.0500,-0.0285,-0.0200,0.0290,0.2897,-0.1811,-0.0833,7.1247,-2.2278,-4.7035,103.8139,-66.6854,-106.1243
331293365,0.0098,-0.0013,-0.2153,-0.0715,0.0069,-0.0500,-0.0119,0.0302,0.0277,0.2892,-0.2637,-0.0885,6.9631,-2.2278,-3.3925,103.8391,-66.6988,-106.1237
331298364,0.0084,-0.0012,-0.3106,0.0648,0.0158,-0.0500,0.0500,0.0141,0.0259,0.2895,-0.3540,0.0562,5.5091,-2.2278,-2.8157,103.8463,-66.7077,-106.1234
331303365,0.0067,-0.0006,-0.3424,0.1530,0.0723,0.0200,0.0500,0.0003,0.0241,0.2901,-0.3603,0.1221,5.5091,-1.8884,-2.0816,103.8684,-66.7133,-106.1243
331308364,0.0049,0.0002,-0.3387,0.2175,0.0998,0.0200,0.0500,-0.0500,0.0224,0.2911,-0.3511,0.1961,4.0420,-1.8884,-1.4360,103.8690,-66.7209,-106.1181
331313364,0.0032,0.0015,-0.3109,0.2731,0.0344,-0.0687,0.0500,-0.0500,0.0206,0.2924,-0.3508,0.2730,2.3187,-1.7430,0.7723,103.8473,-66.7293,-106.0747
331318365,0.0018,0.0029,-0.2523,0.2749,-0.0527,-0.0574,-0.0200,-0.0500,0.0192,0.2938,-0.2764,0.2749,1.4032,-0.6280,0.7723,103.8391,-66.7112,-106.0719
331323365,0.0007,0.0041,-0.1866,0.2398,-0.0496,-0.0449,-0.0200,-0.0500,0.0182,0.2950,-0.2061,0.2398,1.1339,-0.4825,0.7723,103.8387,-66.7115,-106.0670
331328364,-0.0002,0.0052,-0.1536,0.2153,0.0185,-0.0410,0.0856,0.0200,0.0173,0.2961,-0.1718,0.2211,0.8647,-0.3856,0.2758,103.8392,-66.7113,-106.0743
331333365,-0.0008,0.0060,-0.1164,0.2089,0.0280,-0.0329,0.0808,0.0200,0.0167,0.2971,-0.1154,0.1864,0.7031,1.5102,0.1103,103.8390,-66.6698,-106.0769
331338365,-0.0013,0.0069,-0.0797,0.2184,0.0148,-0.0249,0.0822,-0.0578,0.0164,0.2980,-0.0741,0.1975,0.4877,1.5102,0.1103,103.8383,-66.6637,-106.0765
331343365,-0.0015,0.0078,-0.0040,0.1851,0.1437,-0.0060,0.0661,-0.0657,0.0165,0.2989,0.0309,0.1634,-1.2395,1.5102,0.0552,103.8033,-66.6547,-106.0772
331348365,-0.0012,0.0086,0.0754,0.1494,0.1043,0.0500,0.0506,-0.0708,0.0171,0.2995,0.1177,0.1221,-1.8593,1.5102,-0.3146,103.7802,-66.6486,-106.0845
331353365,-0.0007,0.0091,0.1237,0.0925,-0.0184,0.0500,0.0345,-0.0619,0.0177,0.2997,0.1186,0.0387,-1.8593,1.5102,-2.0975,103.7727,-66.6396,-106.1296
331358364,0.0001,0.0096,0.1817,0.0706,-0.0786,0.0500,0.0231,-0.0669,0.0186,0.2997,0.1766,0.0168,-1.8593,1.5102,-2.0975,103.7616,-66.6335,-106.1378
331363364,0.0011,0.0100,0.2059,0.0586,-0.0029,0.0500,0.0152,-0.0709,0.0196,0.2997,0.1988,-0.0079,-1.8593,1.8267,-2.6346,103.7542,-66.6173,-106.1621
331368364,0.0024,0.0103,0.2309,0.0308,0.1181,-0.0200,0.0030,-0.0730,0.0207,0.2995,0.2239,-0.0357,-1.5772,1.8267,-2.6346,103.7492,-66.6099,-106.1716
331373365,0.0035,0.0103,0.2166,-0.0128,0.1309,-0.0200,-0.0500,-0.0634,0.0217,0.2991,0.2028,-0.0909,-1.2387,1.8267,-3.4099,103.7503,-66.5990,-106.2050
331378365,0.0048,0.0101,0.2107,-0.0589,0.0258,0.0684,-0.0500,-0.0538,0.0226,0.2985,0.1676,-0.1097,0.7888,1.8267,-3.4099,103.7909,-66.5917,-106.2173
331383364,0.0059,0.0097,0.1964,-0.0999,-0.0456,0.0698,-0.0500,-0.0421,0.0233,0.2977,0.1474,-0.1607,0.7888,1.5347,-4.0893,103.7940,-66.5871,-106.2541
331388364,0.0071,0.0090,0.1985,-0.1494,0.0023,0.0745,-0.0500,-0.0315,0.0240,0.2966,0.1466,-0.2152,0.7888,1.2426,-4.4283,103.7988,-66.5875,-106.2758
331393365,0.0078,0.0079,0.1423,-0.1509,0.0029,0.0627,0.0200,-0.0210,0.0244,0.2955,0.0832,-0.2292,0.7888,0.9018,-5.2638,103.8019,-66.5878,-106.3230
331398365,0.0086,0.0071,0.1026,-0.1432,-0.0643,0.0565,0.0200,-0.0153,0.0247,0.2944,0.0426,-0.2231,0.7888,0.1714,-5.3742,103.8066,-66.5995,-106.3447
331403365,0.0091,0.0064,0.0525,-0.1356,-0.0811,0.0443,-0.0327,-0.0085,0.0245,0.2934,-0.0305,-0.2060,1.4889,-0.9496,-5.6888,103.8243,-66.6258,-106.3859
331408365,0.0092,0.0056,-0.0113,-0.1042,0.0020,0.0267,-0.0213,-0.0054,0.0240,0.2925,-0.1071,-0.1775,2.1352,-0.9496,-5.8841,103.8495,-66.6296,-106.4105
331413365,0.0090,0.0051,-0.0672,-0.0733,0.0729,0.0105,-0.0091,-0.0042,0.0231,0.2918,-0.1702,-0.1341,2.1352,-1.7886,-5.8841,103.8581,-66.6528,-106.4480
331418365,0.0087,0.0047,-0.1093,-0.0339,0.0988,-0.0500,0.0500,-0.0067,0.0220,0.2914,-0.2177,-0.0805,2.1352,-2.5717,-5.7179,103.8709,-66.6781,-106.4656
331423365,0.0082,0.0046,-0.1429,0.0034,0.1114,-0.0500,0.0500,-0.0092,0.0211,0.2910,-0.1910,-0.0793,1.9030,-2.5717,-5.5612,103.8745,-66.6935,-106.4988
331428365,0.0074,0.0047,-0.1573,-0.0055,0.1031,-0.0500,0.0500,-0.0055,0.0201,0.2906,-0.1972,-0.0742,1.9030,-2.6686,-4.6204,103.8860,-66.7057,-106.4984
331433365,0.0065,0.0047,-0.1750,-0.0144,0.0054,-0.0500,0.0500,0.0015,0.0190,0.2902,-0.2140,-0.0815,1.3459,-2.9110,-4.5159,103.8820,-66.7279,-106.5252
331438364,0.0057,0.0045,-0.1903,0.0012,-0.0282,0.0200,-0.0200,0.0500,0.0179,0.2899,-0.2268,-0.0616,0.6960,-2.9110,-4.2253,103.8743,-66.7396,-106.5356
331443364,0.0047,0.0044,-0.1817,0.0315,-0.0197,0.0200,-0.0200,0.0500,0.0170,0.2901,-0.1817,0.0315,0.6031,-1.0203,-3.5473,103.8750,-66.7147,-106.5458
331448365,0.0038,0.0046,-0.1484,0.0535,0.0127,-0.0213,0.0387,0.0500,0.0163,0.2904,-0.1367,0.0636,-1.0232,-0.6810,-3.5473,103.8436,-66.7111,-106.5586
331453365,0.0032,0.0049,-0.0962,0.0623,0.0387,-0.0107,0.0356,0.0500,0.0159,0.2907,-0.0791,0.0696,-1.2386,-0.4870,-3.2715,103.8344,-66.7108,-106.5756
331458365,0.0028,0.0052,-0.0446,0.0861,0.0002,0.0014,0.0364,-0.0200,0.0158,0.2912,-0.0271,0.0927,-1.2386,-0.4386,-2.7198,103.8270,-66.7117,-106.5755
331463365,0.0027,0.0054,-0.0012,0.0919,-0.0246,0.0500,0.0329,-0.0200,0.0159,0.2917,0.0201,0.0920,-1.2386,0.0000,-2.0026,103.8220,-66.7052,-106.5761
331468365,0.0027,0.0059,0.0318,0.0935,0.0787,0.0500,0.0272,-0.0500,0.0160,0.2919,0.0309,0.0452,-2.5909,1.5661,-1.6717,103.7829,-66.6705,-106.5761
331473365,0.0029,0.0065,0.0510,0.0959,0.2149,0.0500,0.0263,-0.0500,0.0163,0.2922,0.0646,0.0725,-2.5909,1.5661,0.1453,103.7725,-66.6611,-106.5462
331478365,0.0032,0.0069,0.0855,0.0776,0.2338,0.0500,0.0188,-0.0500,0.0168,0.2925,0.0991,0.0542,-2.5909,1.5661,0.6296,103.7570,-66.6548,-106.5346
331483364,0.0038,0.0073,0.1417,0.1078,0.1602,-0.0200,0.0191,-0.0500,0.0176,0.2929,0.1553,0.0844,-2.4498,1.5661,0.6296,103.7495,-66.6454,-106.5306
331488365,0.0046,0.0077,0.1558,0.1368,0.2039,-0.0200,0.0230,0.0200,0.0185,0.2935,0.1693,0.1134,-1.7915,1.5661,0.2906,103.7499,-66.6392,-106.5361
331493365,0.0055,0.0084,0.1536,0.1888,0.3065,0.0588,0.0335,0.0200,0.0194,0.2943,0.1802,0.1654,-0.7583,1.5661,0.1937,103.7647,-66.6298,-106.5366
331498364,0.0064,0.0093,0.1445,0.2071,0.2598,0.0592,0.0413,-0.1104,0.0201,0.2953,0.1510,0.1858,0.4813,1.5661,0.1453,103.7906,-66.6235,-106.5369
331503365,0.0072,0.0105,0.1313,0.2373,0.1266,0.0598,0.0526,-0.1172,0.0207,0.2962,0.1223,0.1877,0.4813,1.6189,-1.7101,103.7925,-66.6128,-106.5798
331508365,0.0078,0.0114,0.1057,0.2285,0.0631,0.0565,0.0566,-0.1155,0.0212,0.2971,0.0966,0.1788,0.4813,1.6189,-1.7101,103.7954,-66.6063,-106.5860
