Time_us,Roll,Pitch,GyroX,GyroY,GyroZ,T1,T2,T3,PhiX,PhiY,PhiDX,PhiDY,motor_vel_1,motor_vel_2,motor_vel_3,motor_pos_1,motor_pos_2,motor_pos_3
376476690,0.0099,-0.0256,-0.0144,0.0064,-0.0420,0.0366,0.0500,0.0500,-0.0001,0.0000,-0.0144,0.0064,0.0000,0.0000,0.0000,103.2901,-63.4607,-108.0775
376478375,0.0097,-0.0258,-0.0144,0.0043,-0.0493,0.0361,-0.0200,0.0500,-0.0001,0.0001,-0.0144,0.0043,0.0000,0.0000,0.0000,103.2901,-63.4607,-108.0775
376483364,0.0095,-0.0259,-0.0165,0.0027,-0.0548,0.0346,-0.0200,0.0500,-0.0002,0.0001,-0.0165,0.0027,0.0000,0.0000,0.0000,103.2901,-63.4607,-108.0775
376488364,0.0092,-0.0261,-0.0180,-0.0009,-0.0533,0.0332,-0.0500,0.0500,-0.0003,0.0001,-0.0180,-0.0009,0.0000,0.0000,0.0000,103.2901,-63.4607,-108.0775
376493365,0.0090,-0.0263,-0.0183,-0.0052,-0.0493,0.0323,-0.0500,-0.0200,-0.0004,0.0000,-0.0183,-0.0052,0.0000,0.0000,0.0000,103.2901,-63.4607,-108.0775
376498364,0.0088,-0.0265,-0.0153,-0.0076,-0.0365,0.0319,-0.0500,-0.0200,-0.0005,-0.0000,-0.0153,-0.0076,0.0000,0.0000,0.0000,103.2901,-63.4607,-108.0775
376503364,0.0087,-0.0267,-0.0040,-0.0024,-0.0175,0.0336,-0.0500,0.0769,-0.0005,-0.0000,-0.0105,-0.0025,0.3770,0.0000,0.0000,103.2978,-63.4607,-108.0775
376508365,0.0086,-0.0268,0.0076,0.0171,-0.0071,0.0340,0.0200,0.0727,-0.0007,0.0001,-0.0284,0.0178,2.1003,-0.0485,0.0552,103.3371,-63.4618,-108.0763
376513365,0.0087,-0.0269,0.0058,0.0476,-0.0075,0.0337,0.0200,0.0662,-0.0008,0.0003,-0.0321,0.0484,2.2080,-0.0485,0.0552,103.3525,-63.4620,-108.0761
376518365,0.0087,-0.0265,-0.0339,0.1148,-0.0643,0.0241,-0.0779,0.0563,-0.0012,0.0009,-0.0738,0.1163,2.3009,-0.0485,0.0552,103.3632,-63.4623,-108.0757
376523364,0.0085,-0.0260,-0.0715,0.1454,-0.0649,0.0134,-0.0640,0.0531,-0.0018,0.0016,-0.1194,0.1468,2.7651,-0.0485,0.0552,103.3887,-63.4625,-108.0755
376528365,0.0081,-0.0252,-0.1206,0.1698,-0.0475,-0.0008,-0.0494,0.0520,-0.0026,0.0025,-0.1686,0.1712,2.7651,-0.0485,0.0552,103.3998,-63.4628,-108.0753
376533365,0.0076,-0.0244,-0.1500,0.1836,-0.0047,-0.0500,-0.0381,0.0480,-0.0035,0.0035,-0.1837,0.2116,2.8205,-0.0485,1.8472,103.4175,-63.4630,-108.0337
376538364,0.0066,-0.0235,-0.1600,0.1918,0.0414,-0.0500,-0.0325,0.0438,-0.0043,0.0046,-0.1448,0.2200,2.8205,-0.0485,1.8472,103.4288,-63.4633,-108.0227
376543365,0.0057,-0.0226,-0.1600,0.1970,0.0408,-0.0500,-0.0257,0.0403,-0.0050,0.0058,-0.1368,0.2392,2.8205,-0.0485,2.7879,103.4457,-63.4634,-107.9940
376548365,0.0048,-0.0218,-0.1545,0.2001,-0.0004,-0.0500,-0.0205,0.0384,-0.0056,0.0071,-0.1313,0.2423,2.8205,-0.0485,2.7879,103.4570,-63.4637,-107.9773
376553365,0.0040,-0.0209,-0.1298,0.2153,-0.0423,0.0200,-0.0144,0.0299,-0.0061,0.0084,-0.1000,0.2691,2.3391,-0.0485,3.5632,103.4634,-63.4639,-107.9494
376558365,0.0033,-0.0198,-0.0959,0.2327,-0.0313,0.0200,-0.0099,0.0192,-0.0064,0.0098,-0.0661,0.2865,1.9113,-0.0485,3.5632,103.4633,-63.4641,-107.9281
376563365,0.0028,-0.0186,-0.0706,0.2346,0.0665,-0.0043,-0.0087,0.0105,-0.0066,0.0113,-0.0313,0.2964,-0.2769,-0.0485,4.1002,103.4251,-63.4644,-107.9016
376568364,0.0025,-0.0175,-0.0211,0.2279,0.0491,0.0500,-0.0118,0.0017,-0.0064,0.0128,0.0304,0.2944,-0.8306,-0.0485,4.4149,103.4111,-63.4647,-107.8703
376573365,0.0025,-0.0166,0.0073,0.2300,-0.0053,0.0500,-0.0105,-0.0500,-0.0062,0.0143,0.0445,0.2965,-0.8306,-0.0485,4.4149,103.4061,-63.4649,-107.8527
376578364,0.0025,-0.0155,0.0278,0.2309,-0.0380,0.0500,-0.0116,-0.0500,-0.0061,0.0154,0.0274,0.2316,-0.8306,-0.0485,4.3597,103.4028,-63.4651,-107.8273
376583364,0.0026,-0.0144,0.0614,0.2364,-0.0136,0.0500,-0.0113,-0.0500,-0.0058,0.0166,0.0610,0.2371,-0.8306,-0.0485,3.5874,103.3978,-63.4654,-107.8268
376588365,0.0030,-0.0132,0.1023,0.2324,-0.0151,-0.0200,-0.0139,-0.0500,-0.0053,0.0178,0.1019,0.2332,0.0554,-0.0485,3.5874,103.4136,-63.4656,-107.8053
376593364,0.0036,-0.0119,0.1158,0.2230,-0.0359,-0.0200,-0.0143,0.0200,-0.0047,0.0189,0.1153,0.2237,0.0554,-0.0485,3.5874,103.4139,-63.4659,-107.7910
376598364,0.0043,-0.0109,0.1005,0.1985,-0.0493,0.0432,-0.0153,0.0200,-0.0042,0.0199,0.0991,0.1993,0.0554,-0.0485,2.6954,103.4141,-63.4662,-107.7891
376603364,0.0049,-0.0101,0.0608,0.1549,-0.0722,0.0349,-0.0166,-0.0156,-0.0039,0.0207,0.0507,0.1694,1.0181,-0.0485,0.9301,103.4347,-63.4664,-107.8171
376608365,0.0051,-0.0094,0.0226,0.1133,-0.0444,0.0239,-0.0188,-0.0033,-0.0040,0.0213,-0.0139,0.1188,2.2481,-0.0485,0.3233,103.4665,-63.4666,-107.8267
376613365,0.0052,-0.0090,0.0284,0.0593,-0.0911,0.0263,-0.0295,0.0500,-0.0041,0.0216,-0.0085,0.0639,2.2481,-0.0485,0.2681,103.4800,-63.4668,-107.8267
376618366,0.0052,-0.0089,0.0305,0.0394,-0.0710,0.0259,-0.0338,0.0500,-0.0041,0.0218,-0.0144,0.0400,2.5773,-0.0485,0.2130,103.4957,-63.4670,-107.8265
376623365,0.0055,-0.0087,0.0119,0.0278,0.0155,0.0210,-0.0351,0.0500,-0.0043,0.0220,-0.0355,0.0284,2.7183,-0.0485,0.1578,103.5148,-63.4673,-107.8269
376628366,0.0057,-0.0087,-0.0024,0.0024,0.0512,0.0175,-0.0390,0.0500,-0.0046,0.0220,-0.0538,0.0100,2.7183,-0.5132,0.1026,103.5256,-63.4771,-107.8272
376633365,0.0056,-0.0088,-0.0531,-0.0101,0.0393,0.0037,-0.0338,-0.0200,-0.0052,0.0221,-0.1177,0.0122,3.0001,-1.4943,0.1026,103.5485,-63.5044,-107.8268
376638365,0.0053,-0.0091,-0.0950,-0.0159,-0.0050,-0.0500,-0.0296,-0.0200,-0.0060,0.0221,-0.1596,0.0064,3.0001,-1.4943,0.1026,103.5605,-63.5104,-107.8263
376643365,0.0047,-0.0094,-0.1234,-0.0119,-0.0475,-0.0500,-0.0265,0.0408,-0.0066,0.0222,-0.1353,0.0119,3.0001,-1.4943,0.1026,103.5785,-63.5194,-107.8259
376648366,0.0042,-0.0095,-0.1399,0.0211,-0.0221,-0.0500,-0.0169,0.0369,-0.0074,0.0224,-0.1518,0.0449,2.8924,-1.4943,0.1026,103.5883,-63.5253,-107.8252
376653364,0.0035,-0.0094,-0.1607,0.0580,-0.0102,-0.0500,-0.0042,0.0312,-0.0082,0.0229,-0.1647,0.0956,2.1384,-1.4943,1.0229,103.5884,-63.5343,-107.8054
376658365,0.0026,-0.0093,-0.2135,0.0718,-0.1284,0.0200,0.0500,0.0364,-0.0093,0.0235,-0.2105,0.1216,1.7614,-1.4943,1.8462,103.5887,-63.5433,-107.7788
376663365,0.0015,-0.0088,-0.1909,0.0742,-0.0841,0.0200,0.0500,0.0340,-0.0101,0.0240,-0.1751,0.1017,1.3306,-1.2192,1.8462,103.5892,-63.5433,-107.7714
376668365,0.0007,-0.0085,-0.1338,0.0858,-0.0169,-0.0303,0.0500,0.0237,-0.0108,0.0246,-0.1305,0.1235,1.0613,-0.9992,2.5256,103.5886,-63.5434,-107.7451
376673365,0.0003,-0.0081,-0.0605,0.1002,0.0298,-0.0110,0.0500,0.0088,-0.0109,0.0253,-0.0145,0.1378,-1.4086,-0.7791,2.5256,103.5388,-63.5443,-107.7350
376678365,0.0001,-0.0076,-0.0027,0.1323,0.0839,0.0500,-0.0200,-0.0500,-0.0107,0.0262,0.0432,0.1699,-1.4086,-0.6141,2.5256,103.5331,-63.5434,-107.7199
376683364,0.0001,-0.0068,0.0370,0.1564,0.1495,0.0500,-0.0200,-0.0500,-0.0105,0.0270,0.0370,0.1564,-1.4086,-0.4491,2.5256,103.5247,-63.5436,-107.7098
376688365,0.0005,-0.0059,0.0440,0.1585,0.1734,0.0500,0.0057,-0.0500,-0.0103,0.0278,0.0406,0.1644,-1.4086,-0.3941,2.1379,103.5191,-63.5440,-107.7030
376693364,0.0009,-0.0051,0.0638,0.1399,0.1147,0.0500,0.0001,-0.0500,-0.0099,0.0284,0.0731,0.1237,-1.4086,1.0844,2.0272,103.5106,-63.5149,-107.6970
376698366,0.0011,-0.0045,0.0751,0.1026,0.0173,-0.0200,-0.0500,0.0200,-0.0094,0.0288,0.0906,0.0757,-1.4086,1.8073,1.1965,103.5050,-63.4948,-107.7022
376703365,0.0015,-0.0043,0.1069,0.0299,0.0020,-0.0200,-0.0500,0.0200,-0.0089,0.0289,0.1069,0.0299,0.3381,1.8073,0.9750,103.5347,-63.4831,-107.7024
376708367,0.0020,-0.0041,0.1008,0.0125,0.0035,0.0330,-0.0500,-0.0056,-0.0084,0.0290,0.0971,0.0229,0.5634,1.8073,0.6981,103.5414,-63.4722,-107.7030
376713365,0.0026,-0.0042,0.0696,-0.0104,-0.0368,0.0280,-0.0500,0.0500,-0.0081,0.0290,0.0650,-0.0016,0.5634,1.8073,0.5873,103.5448,-63.4650,-107.7027
376718365,0.0029,-0.0042,0.0153,-0.0076,-0.0554,0.0153,0.0200,0.0500,-0.0081,0.0290,0.0056,-0.0076,0.5634,1.6618,0.4212,103.5471,-63.4617,-107.7030
376723364,0.0027,-0.0043,-0.0024,-0.0214,-0.0582,0.0080,0.0200,0.0500,-0.0083,0.0289,-0.0400,-0.0214,2.1791,1.1770,0.1567,103.5857,-63.4623,-107.7068
376728365,0.0027,-0.0046,0.0199,-0.0620,-0.0606,0.0137,-0.0355,0.0500,-0.0084,0.0285,-0.0160,-0.0699,2.3406,0.5247,-1.4111,103.5982,-63.4693,-107.7404
376733365,0.0026,-0.0049,0.0119,-0.0541,-0.0731,0.0105,-0.0315,-0.0200,-0.0085,0.0283,-0.0364,-0.0402,2.3406,-0.9295,-1.4633,103.6123,-63.4993,-107.7523
376738364,0.0027,-0.0053,-0.0156,-0.0522,-0.1122,0.0046,-0.0289,-0.0200,-0.0089,0.0281,-0.0639,-0.0384,2.3406,-0.9295,-0.9407,103.6216,-63.5026,-107.7485
376743365,0.0026,-0.0055,-0.0593,-0.0302,-0.1174,-0.0500,-0.0198,0.0315,-0.0094,0.0280,-0.1151,-0.0281,2.3870,-0.9295,-0.7839,103.6368,-63.5086,-107.7488
376748365,0.0023,-0.0056,-0.1090,-0.0021,0.0414,-0.0500,-0.0105,0.0286,-0.0100,0.0280,-0.1219,0.0032,2.3870,-0.9295,-0.5749,103.6464,-63.5119,-107.7486
376753365,0.0014,-0.0057,-0.1399,-0.0003,-0.0123,-0.0500,-0.0040,0.0346,-0.0108,0.0280,-0.1519,0.0066,2.3870,-0.9295,-0.4704,103.6607,-63.5179,-107.7485
376758365,0.0007,-0.0058,-0.1252,0.0128,-0.0942,-0.0500,0.0007,0.0300,-0.0114,0.0283,-0.1185,0.0523,2.0548,-0.9295,1.7168,103.6631,-63.5212,-107.7010
376763364,0.0002,-0.0058,-0.1051,0.0507,-0.1018,0.0200,0.0500,0.0202,-0.0119,0.0288,-0.0983,0.0902,1.0547,-0.9295,1.7168,103.6534,-63.5272,-107.6942
376768364,-0.0002,-0.0056,-0.0754,0.0870,-0.0246,0.0200,0.0500,0.0084,-0.0122,0.0293,-0.0607,0.1127,-0.4178,-0.9295,1.7168,103.6251,-63.5305,-107.6839
376773365,-0.0007,-0.0051,-0.0547,0.1115,0.0796,-0.0158,0.0500,-0.0500,-0.0124,0.0300,-0.0327,0.1371,-0.4178,-0.9295,1.7168,103.6225,-63.5365,-107.6770
376778365,-0.0009,-0.0045,-0.0131,0.1234,0.0680,-0.0066,0.0500,-0.0500,-0.0123,0.0306,0.0024,0.1234,-0.9025,-0.9295,1.7168,103.6109,-63.5398,-107.6667
376783365,-0.0009,-0.0038,0.0275,0.1237,-0.0148,0.0500,-0.0200,-0.0500,-0.0120,0.0312,0.0598,0.1237,-1.8719,-0.8194,1.9609,103.5815,-63.5435,-107.6541
376788365,-0.0005,-0.0032,0.0360,0.1203,-0.0114,0.0500,-0.0200,-0.0500,-0.0119,0.0318,0.0360,0.1203,-1.8719,-0.7094,1.9609,103.5740,-63.5440,-107.6423
376793365,-0.0001,-0.0025,0.0699,0.1002,0.0048,0.0500,0.0024,0.0200,-0.0114,0.0322,0.0828,0.0779,-1.8719,1.4975,0.7403,103.5628,-63.4972,-107.6613
376798365,0.0004,-0.0023,0.1301,0.0296,-0.0575,0.0500,-0.0500,0.0200,-0.0107,0.0323,0.1430,0.0073,-1.8719,1.4975,0.5450,103.5553,-63.4920,-107.6612
376803365,0.0010,-0.0023,0.1457,-0.0021,-0.1315,-0.0200,-0.0500,-0.0109,-0.0100,0.0323,0.1495,0.0045,-1.8719,1.6914,0.4474,103.5440,-63.4783,-107.6611
376808365,0.0018,-0.0025,0.1087,-0.0342,-0.1696,-0.0200,-0.0500,0.0500,-0.0095,0.0320,0.0992,-0.0507,-1.7029,2.3701,-1.1076,103.5400,-63.4571,-107.6920
376813364,0.0024,-0.0027,0.0858,-0.0446,-0.0866,0.0330,-0.0500,0.0500,-0.0090,0.0318,0.0918,-0.0446,-0.3441,2.3701,-1.6060,103.5594,-63.4417,-107.7081
376818365,0.0028,-0.0031,0.0278,-0.0455,0.0121,0.0165,0.0200,0.0500,-0.0090,0.0316,0.0083,-0.0455,1.1309,2.3701,-1.6060,103.5904,-63.4334,-107.7177
376823365,0.0027,-0.0034,0.0189,-0.0525,-0.0133,0.0144,0.0200,0.0500,-0.0090,0.0313,-0.0006,-0.0526,1.1309,2.2023,-1.6060,103.5972,-63.4215,-107.7241
376828365,0.0027,-0.0037,0.0287,-0.0568,-0.0930,0.0183,-0.0333,-0.0200,-0.0089,0.0310,0.0164,-0.0693,1.1309,0.8374,-1.6060,103.6017,-63.4434,-107.7338
376833365,0.0030,-0.0039,0.0321,-0.0736,-0.0658,0.0194,-0.0380,-0.0200,-0.0089,0.0306,0.0113,-0.0715,1.1309,-0.1454,-1.6060,103.6085,-63.4624,-107.7402
376838365,0.0034,-0.0044,0.0202,-0.0702,-0.0148,0.0161,-0.0396,0.0241,-0.0089,0.0302,-0.0139,-0.0912,1.1309,-0.1454,-1.5538,103.6130,-63.4629,-107.7488
376843364,0.0035,-0.0047,-0.0128,-0.0431,0.0017,0.0092,-0.0303,0.0210,-0.0091,0.0300,-0.0336,-0.0409,1.1309,-0.1454,0.0000,103.6198,-63.4639,-107.7215
376848365,0.0033,-0.0051,-0.0455,-0.0156,-0.0224,0.0008,-0.0194,0.0195,-0.0094,0.0300,-0.0622,0.0075,1.1309,-0.6102,0.9415,103.6243,-63.4739,-107.6981
376853365,0.0030,-0.0053,-0.0287,-0.0244,-0.0212,0.0033,-0.0225,0.0200,-0.0097,0.0301,-0.0535,0.0156,1.0381,-1.7462,0.9415,103.6288,-63.5064,-107.6943
376858364,0.0031,-0.0054,-0.0336,-0.0147,-0.0224,0.0023,-0.0202,0.0187,-0.0100,0.0302,-0.0584,0.0254,1.0381,-1.7462,0.9415,103.6330,-63.5125,-107.6887
376863365,0.0030,-0.0056,-0.0455,0.0082,-0.0698,-0.0003,-0.0135,0.0165,-0.0103,0.0304,-0.0703,0.0483,1.0381,-1.7462,0.9415,103.6392,-63.5238,-107.6849
376868364,0.0028,-0.0056,-0.0635,0.0513,-0.0985,-0.0500,-0.0000,0.0095,-0.0108,0.0310,-0.0949,0.1029,1.0381,-2.5164,0.9415,103.6433,-63.5464,-107.6792
376873364,0.0024,-0.0053,-0.0782,0.1100,-0.0774,-0.0500,0.0500,-0.0500,-0.0112,0.0318,-0.0917,0.1615,1.0381,-2.5164,0.9415,103.6496,-63.5627,-107.6755
376878364,0.0019,-0.0047,-0.0669,0.1329,-0.0160,-0.0500,0.0500,-0.0500,-0.0116,0.0324,-0.0669,0.1329,1.0381,-2.5164,0.9415,103.6537,-63.5715,-107.6698
376883364,0.0014,-0.0040,-0.0519,0.1579,0.0158,-0.0500,0.0500,-0.0500,-0.0118,0.0332,-0.0519,0.1579,1.0381,-2.4677,0.9415,103.6599,-63.5869,-107.6661
376888364,0.0015,-0.0032,-0.0308,0.1802,-0.0905,0.0200,0.0500,-0.0500,-0.0120,0.0341,-0.0308,0.1802,0.0000,-2.0782,0.9415,103.6423,-63.5870,-107.6604
376893365,0.0013,-0.0023,-0.0177,0.1790,-0.0441,0.0200,-0.0200,0.0200,-0.0121,0.0350,-0.0177,0.1790,-0.8356,-1.4941,0.7462,103.6216,-63.5867,-107.6610
376898364,0.0012,-0.0016,0.0031,0.1228,0.0179,0.0500,-0.0200,0.0200,-0.0120,0.0356,0.0184,0.1228,-0.8895,-1.0243,0.5509,103.6172,-63.5821,-107.6610
376903365,0.0012,-0.0012,0.0156,0.0626,0.0436,0.0500,0.0031,-0.0133,-0.0119,0.0358,0.0189,0.0421,-2.0743,0.8802,-0.4984,103.5827,-63.5421,-107.6809
376908364,0.0014,-0.0009,0.0266,0.0238,0.0020,0.0500,-0.0500,-0.0056,-0.0118,0.0358,0.0213,-0.0116,-2.0743,0.8802,-1.4953,103.5744,-63.5390,-107.7086
376913365,0.0016,-0.0010,0.0589,-0.0318,-0.1373,0.0500,-0.0500,0.0500,-0.0116,0.0355,0.0461,-0.0540,-2.0743,0.8802,-1.4953,103.5620,-63.5333,-107.7146
376918365,0.0018,-0.0012,0.0739,-0.0489,-0.1614,-0.0200,-0.0500,0.0500,-0.0112,0.0353,0.0739,-0.0489,-2.0743,0.8802,-1.4953,103.5537,-63.5302,-107.7236
376923364,0.0021,-0.0016,0.0742,-0.0415,-0.0236,-0.0200,-0.0500,0.0500,-0.0108,0.0351,0.0742,-0.0415,-2.0743,2.2228,-1.4953,103.5413,-63.4914,-107.7288
376928365,0.0027,-0.0020,0.0724,-0.0565,0.0179,0.0310,0.0200,0.0500,-0.0103,0.0348,0.1033,-0.0565,-1.7926,1.6031,-1.4953,103.5391,-63.4908,-107.7350
376933365,0.0031,-0.0022,0.0733,-0.0635,-0.0832,0.0321,0.0200,-0.0200,-0.0099,0.0345,0.0733,-0.0635,0.0000,0.9318,-1.4953,103.5679,-63.4998,-107.7445
376938365,0.0035,-0.0025,0.0412,-0.0965,-0.0780,0.0246,-0.0414,-0.0200,-0.0098,0.0339,0.0303,-0.1081,1.0232,0.7769,-1.2862,103.5912,-63.4998,-107.7489
376943365,0.0036,-0.0033,0.0348,-0.0983,-0.0200,0.0219,-0.0450,0.0238,-0.0097,0.0333,0.0133,-0.1222,1.0232,0.5704,-1.0249,103.5973,-63.4995,-107.7483
376948365,0.0039,-0.0039,0.0403,-0.0660,0.0286,0.0238,-0.0415,0.0166,-0.0096,0.0329,0.0201,-0.0843,1.0232,0.4671,-0.7636,103.6014,-63.4998,-107.7484
376953365,0.0042,-0.0044,0.0412,-0.0498,-0.0236,0.0253,-0.0360,0.0116,-0.0096,0.0328,0.0132,-0.0169,1.0232,-1.7054,0.4984,103.6075,-63.5473,-107.7243
376958364,0.0045,-0.0045,0.0269,-0.0489,-0.0719,0.0241,-0.0339,0.0125,-0.0095,0.0328,0.0074,-0.0012,1.0232,-1.7054,1.4953,103.6116,-63.5532,-107.6966
376963365,0.0047,-0.0048,0.0006,-0.0397,-0.0276,0.0172,-0.0301,0.0140,-0.0097,0.0328,-0.0285,0.0080,1.5803,-1.7054,1.4953,103.6315,-63.5643,-107.6906
376968365,0.0047,-0.0051,-0.0174,-0.0079,0.0042,0.0123,-0.0223,0.0098,-0.0099,0.0330,-0.0473,0.0412,1.5803,-1.8028,1.4953,103.6378,-63.5723,-107.6816
376973364,0.0046,-0.0051,-0.0434,0.0418,-0.0126,0.0050,-0.0070,0.0025,-0.0103,0.0335,-0.0783,0.0997,1.5803,-2.3869,1.4953,103.6473,-63.5990,-107.6756
376978365,0.0043,-0.0048,-0.0715,0.1066,-0.0371,-0.0500,0.0500,-0.0500,-0.0108,0.0344,-0.1064,0.1645,1.5803,-2.3869,1.4953,103.6536,-63.6073,-107.6667
376983364,0.0040,-0.0042,-0.1042,0.1729,0.0228,-0.0500,0.0500,-0.0500,-0.0113,0.0352,-0.1042,0.1729,1.5803,-2.3342,1.4953,103.6631,-63.6218,-107.6607
376988365,0.0036,-0.0031,-0.1121,0.1839,-0.0004,-0.0500,0.0500,-0.0500,-0.0119,0.0361,-0.1121,0.1839,1.5249,-1.9649,1.1047,103.6681,-63.6219,-107.6608
376993365,0.0028,-0.0023,-0.1148,0.1811,-0.0777,-0.0500,0.0500,-0.0500,-0.0125,0.0371,-0.1148,0.1811,0.8604,-1.3845,0.9094,103.6629,-63.6211,-107.6607
376998365,0.0021,-0.0014,-0.1045,0.1866,-0.0921,0.0200,-0.0200,0.0200,-0.0130,0.0380,-0.1045,0.1866,0.6943,-1.1735,0.6653,103.6627,-63.6215,-107.6609
377003365,0.0017,-0.0006,-0.0617,0.1518,-0.0178,0.0200,-0.0200,0.0200,-0.0133,0.0387,-0.0617,0.1518,0.5282,-0.4229,0.5676,103.6631,-63.6128,-107.6604
377008364,0.0015,0.0001,-0.0220,0.1106,0.0738,-0.0009,0.0215,-0.0234,-0.0134,0.0392,-0.0266,0.0834,0.1853,0.8276,-0.9968,103.6580,-63.5867,-107.6905
377013365,0.0014,0.0005,-0.0009,0.0617,0.0393,0.0500,0.0089,-0.0167,-0.0134,0.0393,0.0160,0.0263,-1.3463,0.8276,-1.5506,103.6226,-63.5813,-107.7074
377018365,0.0016,0.0006,0.0363,0.0012,-0.0743,0.0500,-0.0500,-0.0061,-0.0132,0.0391,0.0372,-0.0465,-1.3463,1.6528,-1.5506,103.6172,-63.5612,-107.7167
377023365,0.0018,0.0007,0.0299,-0.0174,-0.0786,0.0500,-0.0500,-0.0029,-0.0131,0.0389,0.0166,-0.0405,-1.3463,2.3679,-1.5506,103.6091,-63.5321,-107.7229
377028364,0.0021,0.0002,0.0507,-0.0357,0.0518,0.0500,-0.0500,-0.0022,-0.0129,0.0386,0.0373,-0.0588,-1.3463,2.3679,-1.5506,103.6037,-63.5238,-107.7322
377033364,0.0024,-0.0002,0.0901,-0.0626,0.0112,-0.0200,-0.0500,0.0007,-0.0125,0.0381,0.0727,-0.0927,-1.3463,2.3679,-2.0210,103.5956,-63.5084,-107.7481
377038365,0.0030,-0.0006,0.0929,-0.1103,-0.0722,-0.0200,0.0200,0.0500,-0.0122,0.0374,0.0750,-0.1411,-1.3463,2.3679,-2.0732,103.5903,-63.5002,-107.7616
377043365,0.0036,-0.0013,0.0864,-0.1509,-0.1263,0.0382,0.0200,0.0500,-0.0117,0.0366,0.0915,-0.1509,-0.2953,1.7483,-2.0732,103.6049,-63.4992,-107.7699
377048365,0.0041,-0.0023,0.0678,-0.1604,-0.0829,0.0345,-0.0601,0.0500,-0.0114,0.0357,0.0674,-0.1819,0.7428,1.4385,-2.0732,103.6269,-63.4998,-107.7823
377053365,0.0044,-0.0033,0.0476,-0.1365,-0.0459,0.0292,-0.0550,0.0500,-0.0112,0.0350,0.0355,-0.1377,0.7428,0.0800,-1.8311,103.6313,-63.5201,-107.7855
377058365,0.0046,-0.0039,0.0544,-0.0883,-0.0411,0.0307,-0.0464,-0.0200,-0.0110,0.0347,0.0321,-0.0719,0.7428,-1.1003,-1.3468,103.6343,-63.5454,-107.7853
377063365,0.0048,-0.0044,0.0391,-0.0339,0.0124,0.0273,-0.0353,-0.0200,-0.0109,0.0346,0.0168,-0.0175,0.7428,-1.1003,-0.3653,103.6387,-63.5526,-107.7699
377068365,0.0052,-0.0045,0.0348,-0.0260,0.0500,0.0263,-0.0336,0.0053,-0.0109,0.0346,-0.0007,0.0005,1.8503,-1.1003,0.6794,103.6668,-63.5564,-107.7463
377073365,0.0054,-0.0046,0.0040,-0.0501,0.1153,0.0182,-0.0362,0.0136,-0.0111,0.0345,-0.0349,-0.0178,1.8503,-1.4897,0.6794,103.6779,-63.5715,-107.7436
377078365,0.0053,-0.0047,-0.0394,-0.0360,0.0200,0.0078,-0.0257,0.0171,-0.0115,0.0345,-0.0837,0.0057,1.8503,-2.1225,0.6794,103.6853,-63.5911,-107.7395
377083365,0.0051,-0.0048,-0.0531,0.0217,-0.0936,0.0050,-0.0101,0.0086,-0.0120,0.0349,-0.0974,0.0635,1.8503,-2.1225,0.6794,103.6964,-63.6049,-107.7368
377088365,0.0049,-0.0046,-0.0779,0.1008,-0.0872,-0.0014,0.0500,-0.0500,-0.0126,0.0357,-0.1094,0.1648,1.8503,-2.1225,2.1747,103.7038,-63.6123,-107.6964
377093364,0.0045,-0.0039,-0.1103,0.1665,-0.0316,-0.0500,0.0500,-0.0500,-0.0133,0.0365,-0.1477,0.1664,2.1712,-2.1753,2.1747,103.7227,-63.6273,-107.6878
377098365,0.0039,-0.0030,-0.1402,0.1549,0.0026,-0.0500,0.0500,-0.0500,-0.0140,0.0373,-0.1402,0.1549,2.1712,-2.1753,2.1747,103.7314,-63.6349,-107.6747
377103365,0.0031,-0.0021,-0.1570,0.1533,-0.0139,-0.0500,0.0500,-0.0500,-0.0148,0.0381,-0.1570,0.1533,2.0107,-2.1753,2.1747,103.7412,-63.6490,-107.6660
377108364,0.0022,-0.0015,-0.1448,0.1500,-0.0606,-0.0500,-0.0200,0.0200,-0.0155,0.0388,-0.1448,0.1500,0.3528,-2.1753,1.8329,103.7128,-63.6566,-107.6604
377113364,0.0016,-0.0009,-0.1014,0.1521,-0.0462,0.0200,-0.0200,0.0200,-0.0160,0.0396,-0.1014,0.1521,0.2993,-0.3816,1.5400,103.7137,-63.6312,-107.6608
377118365,0.0011,-0.0003,-0.0516,0.1478,0.0506,0.0200,0.0354,-0.0291,-0.0162,0.0404,-0.0412,0.1627,0.2458,0.1055,1.1005,103.7136,-63.6216,-107.6608
377123364,0.0011,0.0003,0.0104,0.1017,0.0998,0.0500,0.0181,-0.0302,-0.0160,0.0409,0.0439,0.1136,-1.4398,0.1055,0.9052,103.6787,-63.6210,-107.6612
377128365,0.0013,0.0007,0.0321,0.0415,-0.0578,0.0500,0.0034,-0.0150,-0.0159,0.0410,0.0305,0.0080,-2.1043,1.0304,-1.2184,103.6575,-63.6011,-107.7047
377133364,0.0015,0.0007,0.0531,-0.0144,-0.1266,0.0500,-0.0500,-0.0046,-0.0156,0.0407,0.0570,-0.0573,-2.1043,1.6633,-1.2184,103.6449,-63.5781,-107.7086
377138365,0.0018,0.0004,0.0947,-0.0428,-0.0297,0.0500,-0.0500,-0.0057,-0.0152,0.0404,0.0842,-0.0609,-2.1043,1.6633,-1.2184,103.6365,-63.5723,-107.7169
377143364,0.0023,0.0001,0.1182,-0.0290,0.0662,-0.0200,-0.0500,-0.0126,-0.0146,0.0402,0.1077,-0.0472,-2.0114,2.5435,-1.2184,103.6257,-63.5430,-107.7208
377148365,0.0031,-0.0001,0.1203,-0.0250,-0.0096,-0.0200,-0.0500,-0.0136,-0.0141,0.0399,0.1099,-0.0432,-0.8843,2.5435,-1.2184,103.6417,-63.5341,-107.7290
377153365,0.0038,-0.0003,0.1164,-0.0577,-0.0814,0.0443,0.0200,-0.0057,-0.0136,0.0396,0.1011,-0.0759,0.2769,2.5435,-1.2184,103.6650,-63.5175,-107.7330
377158365,0.0043,-0.0005,0.0809,-0.0709,-0.0386,0.0369,0.0200,0.0008,-0.0132,0.0391,0.0657,-0.0890,0.2769,1.1682,-1.2184,103.6661,-63.5382,-107.7412
377163365,0.0048,-0.0014,0.0889,-0.1167,-0.0047,0.0406,-0.0525,0.0500,-0.0129,0.0384,0.0767,-0.1479,0.2769,0.6180,-1.4797,103.6678,-63.5444,-107.7508
377168365,0.0051,-0.0021,0.0816,-0.0987,-0.0456,0.0412,-0.0489,0.0500,-0.0125,0.0378,0.0793,-0.1063,0.3838,0.5080,-1.4797,103.6711,-63.5447,-107.7608
377173364,0.0054,-0.0027,0.0388,-0.0867,-0.0304,0.0286,-0.0415,0.0500,-0.0125,0.0374,-0.0039,-0.0803,2.2557,-0.4381,-1.4797,103.7178,-63.5615,-107.7656
377178364,0.0056,-0.0030,-0.0061,-0.0611,0.0713,0.0161,-0.0316,0.0500,-0.0128,0.0373,-0.0588,-0.0372,2.2557,-1.6065,-1.4797,103.7268,-63.5886,-107.7756
377183364,0.0057,-0.0035,-0.0333,-0.0675,0.1364,0.0086,-0.0322,-0.0200,-0.0132,0.0370,-0.0860,-0.0436,2.2557,-1.6065,-1.1138,103.7404,-63.5991,-107.7729
377188364,0.0052,-0.0040,-0.0593,-0.0620,0.0723,0.0012,-0.0278,-0.0200,-0.0138,0.0369,-0.1111,-0.0381,2.2087,-1.6065,0.2090,103.7485,-63.6047,-107.7476
377193364,0.0049,-0.0043,-0.0809,-0.0150,-0.0493,-0.0500,-0.0135,0.0193,-0.0144,0.0369,-0.1316,0.0144,2.1617,-1.7647,0.2090,103.7605,-63.6183,-107.7469
377198365,0.0046,-0.0044,-0.0797,0.0455,-0.0835,-0.0500,-0.0003,0.0047,-0.0149,0.0374,-0.0892,0.0864,2.1617,-1.9230,0.8182,103.7691,-63.6282,-107.7329
377203365,0.0042,-0.0040,-0.1060,0.1216,-0.0438,-0.0500,0.0500,-0.0500,-0.0154,0.0383,-0.1041,0.1823,2.1617,-1.9230,2.1473,103.7821,-63.6407,-107.7014
377208365,0.0034,-0.0033,-0.1188,0.1539,-0.0108,-0.0500,0.0500,-0.0500,-0.0160,0.0390,-0.1188,0.1539,2.0490,-1.9230,2.1473,103.7885,-63.6474,-107.6869
377213365,0.0027,-0.0025,-0.1417,0.1451,-0.1043,0.0200,0.0500,-0.0500,-0.0167,0.0398,-0.1417,0.1451,0.6388,-1.9230,2.1473,103.7696,-63.6599,-107.6799
377218365,0.0022,-0.0018,-0.0828,0.1093,-0.0407,0.0200,0.0500,-0.0500,-0.0171,0.0403,-0.0828,0.1093,-0.4232,-1.9230,2.1473,103.7479,-63.6667,-107.6655
377223364,0.0020,-0.0012,-0.0192,0.1133,0.0393,0.0500,-0.0200,0.0200,-0.0172,0.0409,-0.0120,0.1133,-0.4232,-1.5315,2.0497,103.7454,-63.6705,-107.6605
377228365,0.0020,-0.0008,0.0333,0.1011,0.0793,0.0500,-0.0200,0.0200,-0.0170,0.0414,0.0333,0.1011,-1.8137,-1.3077,1.4638,103.7132,-63.6710,-107.6605
377233365,0.0022,-0.0003,0.0391,0.0840,0.0860,0.0500,0.0068,-0.0288,-0.0167,0.0418,0.0555,0.0919,-1.8137,0.6858,1.2197,103.7023,-63.6345,-107.6611
377238364,0.0026,0.0001,0.0702,0.0577,0.0487,0.0500,-0.0500,-0.0281,-0.0163,0.0421,0.0887,0.0519,-1.8137,1.2662,0.8779,103.6950,-63.6189,-107.6608
377243365,0.0031,0.0003,0.0834,0.0092,-0.0172,-0.0200,-0.0500,-0.0206,-0.0158,0.0422,0.0897,0.0201,-1.8137,1.2662,0.7315,103.6842,-63.6106,-107.6611
377248364,0.0035,0.0001,0.1075,-0.0385,-0.0212,-0.0200,-0.0500,-0.0105,-0.0153,0.0419,0.0961,-0.0583,-1.8137,1.2662,-1.3291,103.6769,-63.6062,-107.7049
377253365,0.0038,-0.0004,0.0852,-0.0648,0.0136,0.0381,-0.0500,-0.0025,-0.0148,0.0415,0.1050,-0.0845,-1.8137,1.2662,-1.3291,103.6660,-63.5980,-107.7092
377258365,0.0046,-0.0009,0.1243,-0.0626,0.0066,0.0497,0.0200,-0.0068,-0.0142,0.0411,0.1229,-0.0824,-0.5836,1.2662,-1.3291,103.6851,-63.5935,-107.7182
377263365,0.0053,-0.0013,0.0898,-0.0397,-0.0227,0.0422,0.0200,-0.0063,-0.0139,0.0408,0.0636,-0.0595,0.8557,1.1688,-1.3291,103.7165,-63.5873,-107.7225
377268365,0.0059,-0.0017,0.0739,-0.0764,-0.0551,0.0415,-0.0442,0.0500,-0.0136,0.0402,0.0548,-0.1084,0.8557,0.8158,-1.3291,103.7200,-63.5907,-107.7315
377273365,0.0063,-0.0020,0.0577,-0.0919,-0.0786,0.0391,-0.0442,0.0500,-0.0134,0.0398,0.0362,-0.0801,0.8557,-0.7914,-1.3291,103.7251,-63.6244,-107.7358
377278365,0.0067,-0.0026,0.0797,-0.0767,-0.1278,0.0469,-0.0461,0.0500,-0.0131,0.0395,0.0582,-0.0649,0.8557,-0.7914,-1.3291,103.7285,-63.6271,-107.7448
377283365,0.0070,-0.0031,0.0379,-0.0492,-0.0734,0.0358,-0.0373,0.0500,-0.0131,0.0393,0.0025,-0.0374,1.6551,-0.7914,-1.2769,103.7512,-63.6331,-107.7480
377288365,0.0072,-0.0033,0.0009,-0.0107,0.0509,0.0259,-0.0269,-0.0200,-0.0133,0.0393,-0.0344,0.0011,1.6551,-0.7914,-0.9110,103.7578,-63.6362,-107.7482
377293365,0.0073,-0.0033,-0.0324,0.0058,0.1221,0.0168,-0.0201,-0.0200,-0.0136,0.0394,-0.0677,0.0176,1.6551,-0.7914,-0.7542,103.7677,-63.6410,-107.7484
377298365,0.0071,-0.0033,-0.0874,0.0281,0.1028,0.0012,-0.0063,0.0011,-0.0143,0.0397,-0.1384,0.0510,1.6551,-2.0778,-0.5452,103.7743,-63.6723,-107.7481
377303365,0.0065,-0.0033,-0.1182,0.0504,-0.0163,-0.0500,0.0500,0.0031,-0.0152,0.0400,-0.1781,0.0748,2.2185,-2.0778,-0.4407,103.7979,-63.6847,-107.7481
377308364,0.0058,-0.0028,-0.1451,0.1475,0.0014,-0.0500,0.0500,-0.0500,-0.0159,0.0409,-0.1332,0.1681,2.2185,-2.0778,1.3845,103.8068,-63.6931,-107.7106
377313365,0.0052,-0.0022,-0.1469,0.1701,0.0820,-0.0500,0.0500,-0.0500,-0.0166,0.0417,-0.1469,0.1701,2.2185,-2.0778,1.7722,103.8201,-63.7055,-107.6959
377318365,0.0044,-0.0013,-0.1494,0.1600,0.0121,-0.0500,0.0500,-0.0500,-0.0174,0.0425,-0.1494,0.1600,2.2185,-1.9324,1.7722,103.8289,-63.7109,-107.6853
377323364,0.0036,-0.0005,-0.1316,0.1350,-0.0649,0.0200,-0.0200,-0.0500,-0.0180,0.0432,-0.1316,0.1350,1.9368,-0.8174,1.7722,103.8343,-63.6982,-107.6782
377328364,0.0031,0.0000,-0.0730,0.0980,-0.0591,0.0200,-0.0200,0.0200,-0.0184,0.0437,-0.0730,0.0980,-0.5071,0.5593,1.7722,103.7885,-63.6702,-107.6676
377333365,0.0030,0.0003,-0.0009,0.0409,0.0203,0.0500,0.0027,0.0200,-0.0183,0.0439,0.0126,0.0326,-0.5071,0.5593,1.7722,103.7865,-63.6669,-107.6605
377338365,0.0030,0.0003,0.0367,0.0137,0.0955,0.0500,-0.0500,-0.0155,-0.0181,0.0439,0.0415,0.0054,-0.9773,0.5593,0.0000,103.7738,-63.6646,-107.6895
377343365,0.0036,0.0002,0.0733,-0.0006,0.0561,0.0500,-0.0500,-0.0169,-0.0178,0.0438,0.0676,-0.0105,-2.0118,2.3531,-0.6646,103.7465,-63.6206,-107.7049
377348365,0.0042,0.0003,0.0874,-0.0082,-0.0285,0.0500,-0.0500,-0.0173,-0.0174,0.0437,0.0816,-0.0181,-2.0118,2.3531,-0.6646,103.7345,-63.6112,-107.7089
377353365,0.0046,0.0002,0.0971,-0.0382,0.0665,-0.0200,-0.0500,-0.0137,-0.0169,0.0435,0.0914,-0.0481,-2.0118,2.3531,-0.6646,103.7264,-63.5971,-107.7116
377358365,0.0051,-0.0000,0.1219,-0.0473,0.0900,-0.0200,0.0200,-0.0153,-0.0163,0.0432,0.1161,-0.0572,-0.4601,2.3531,-0.6646,103.7495,-63.5876,-107.7156
377363365,0.0058,-0.0001,0.1439,-0.0455,0.0158,0.0592,0.0200,-0.0189,-0.0156,0.0429,0.1444,-0.0554,-0.3660,1.7689,-0.6646,103.7497,-63.5871,-107.7182
377368365,0.0066,-0.0005,0.1206,-0.0623,-0.0850,0.0586,-0.0446,-0.0107,-0.0150,0.0425,0.1287,-0.0880,-0.2720,1.0548,-0.6646,103.7496,-63.5952,-107.7222
377373365,0.0074,-0.0008,0.1115,-0.0562,-0.0768,0.0567,-0.0433,-0.0104,-0.0145,0.0421,0.0844,-0.0769,0.5071,-0.3693,-1.7620,103.7648,-63.6234,-107.7482
377378364,0.0080,-0.0010,0.0919,-0.0629,0.0298,0.0512,-0.0448,-0.0075,-0.0143,0.0417,0.0450,-0.0844,1.6339,-0.3693,-1.8143,103.7956,-63.6248,-107.7601
377383365,0.0085,-0.0014,0.0644,-0.0617,0.0842,0.0458,-0.0442,-0.0049,-0.0142,0.0413,0.0175,-0.0832,1.6339,-0.3693,-1.8143,103.8022,-63.6271,-107.7674
377388365,0.0089,-0.0018,0.0348,-0.0596,0.0106,0.0409,-0.0413,0.0000,-0.0143,0.0409,-0.0121,-0.0811,1.6339,-0.3693,-1.8143,103.8120,-63.6285,-107.7783
377393365,0.0092,-0.0023,0.0079,-0.0800,-0.0227,0.0346,-0.0420,0.0500,-0.0146,0.0405,-0.0524,-0.0781,1.6339,-1.9354,-1.8143,103.8185,-63.6647,-107.7855
377398365,0.0093,-0.0027,-0.0241,-0.0593,0.0005,0.0276,-0.0339,0.0500,-0.0149,0.0404,-0.0713,-0.0262,1.6339,-2.2151,-1.4268,103.8283,-63.6791,-107.7858
377403365,0.0089,-0.0029,-0.1060,-0.0018,-0.0545,0.0058,-0.0103,0.0500,-0.0157,0.0405,-0.1578,0.0312,1.9032,-2.2151,-1.0394,103.8404,-63.6879,-107.7854
377408365,0.0083,-0.0029,-0.1442,0.0623,-0.0817,-0.0500,0.0500,0.0500,-0.0167,0.0410,-0.2018,0.1055,1.9032,-2.8938,-0.8457,103.8518,-63.7165,-107.7854
377413365,0.0077,-0.0024,-0.1530,0.0996,-0.0178,-0.0500,0.0500,-0.0200,-0.0175,0.0415,-0.1530,0.0996,1.9032,-2.8938,-0.6519,103.8594,-63.7281,-107.7859
377418364,0.0068,-0.0021,-0.1729,0.1249,0.0350,-0.0500,0.0500,-0.0200,-0.0183,0.0422,-0.1729,0.1249,1.9032,-2.8938,-0.0847,103.8708,-63.7455,-107.7767
377423365,0.0058,-0.0016,-0.1848,0.1210,-0.0209,-0.0500,0.0500,-0.0500,-0.0192,0.0429,-0.1743,0.1391,1.7175,-2.4807,1.2218,103.8746,-63.7482,-107.7453
377428365,0.0047,-0.0010,-0.1768,0.1402,-0.0710,0.0200,-0.0200,-0.0500,-0.0201,0.0436,-0.1768,0.1402,-0.2693,-1.8611,1.2218,103.8382,-63.7488,-107.7404
377433365,0.0038,-0.0002,-0.1408,0.1478,-0.0542,0.0200,-0.0200,-0.0500,-0.0208,0.0443,-0.1408,0.1478,-0.2693,-1.4996,1.2218,103.8372,-63.7482,-107.7331
377438364,0.0033,0.0003,-0.0742,0.0993,0.0161,-0.0055,0.0259,-0.0500,-0.0212,0.0449,-0.0730,0.1119,-0.4946,-0.8473,2.3294,103.8310,-63.7430,-107.7048
377443365,0.0032,0.0008,0.0034,0.0867,0.1187,0.0500,0.0108,0.0200,-0.0209,0.0452,0.0488,0.0767,-2.2976,0.6787,1.9418,103.7895,-63.7123,-107.6982
377448364,0.0035,0.0008,0.0895,0.0147,-0.0184,0.0500,-0.0500,0.0200,-0.0204,0.0453,0.0958,0.0038,-2.3540,0.7272,1.3880,103.7742,-63.7070,-107.7030
377453364,0.0038,0.0007,0.0987,0.0064,-0.0582,0.0500,-0.0500,-0.0245,-0.0199,0.0454,0.1073,0.0213,-2.3540,0.7272,1.0003,103.7648,-63.7041,-107.7035
377458365,0.0044,0.0006,0.1469,-0.0037,0.0069,0.0500,-0.0500,-0.0298,-0.0191,0.0454,0.1541,0.0088,-2.3540,0.7272,0.8342,103.7507,-63.6998,-107.7031
377463365,0.0051,0.0005,0.1723,-0.0171,0.0390,-0.0200,-0.0500,-0.0313,-0.0182,0.0454,0.1775,-0.0080,-1.9778,1.8459,0.6126,103.7495,-63.6731,-107.7032
377468365,0.0058,0.0004,0.1787,-0.0302,-0.0243,-0.0200,0.0200,-0.0291,-0.0173,0.0453,0.1826,-0.0235,-1.4606,1.3425,0.4496,103.7495,-63.6721,-107.7042
377473364,0.0069,0.0000,0.1701,-0.0596,-0.1095,0.0723,0.0200,-0.0196,-0.0165,0.0448,0.1760,-0.0844,-1.1784,1.1187,-1.6724,103.7499,-63.6717,-107.7506
377478365,0.0079,-0.0003,0.1503,-0.0626,-0.0371,0.0694,-0.0511,-0.0169,-0.0157,0.0443,0.1448,-0.1000,-0.0982,0.8391,-1.6724,103.7660,-63.6715,-107.7573
377483364,0.0087,-0.0007,0.1246,-0.0455,0.0866,0.0627,-0.0481,-0.0180,-0.0153,0.0439,0.0956,-0.0855,1.0142,0.6713,-2.0114,103.7911,-63.6719,-107.7743
377488365,0.0091,-0.0011,0.1026,-0.0446,0.0503,0.0582,-0.0456,-0.0145,-0.0150,0.0435,0.0587,-0.0730,1.0142,-0.5818,-2.4957,103.7972,-63.6945,-107.7936
377493364,0.0093,-0.0014,0.0864,-0.0357,-0.0157,0.0555,-0.0412,-0.0137,-0.0148,0.0433,0.0358,-0.0525,1.0142,-1.3574,-2.4957,103.8012,-63.7146,-107.8086
377498364,0.0098,-0.0017,0.0580,-0.0599,-0.0050,0.0503,-0.0451,-0.0050,-0.0147,0.0429,0.0074,-0.0767,1.0142,-1.3574,-2.4957,103.8073,-63.7227,-107.8186
377503365,0.0100,-0.0021,-0.0125,-0.0617,-0.0059,0.0318,-0.0377,0.0500,-0.0152,0.0425,-0.0822,-0.0794,2.0913,-1.3574,-2.5509,103.8342,-63.7282,-107.8348
377508365,0.0099,-0.0026,-0.0547,-0.0586,-0.0600,0.0223,-0.0298,0.0500,-0.0157,0.0424,-0.1123,-0.0276,2.3067,-2.0804,-2.5509,103.8523,-63.7523,-107.8450
377513364,0.0094,-0.0029,-0.1084,-0.0055,-0.0991,0.0074,-0.0111,0.0500,-0.0165,0.0425,-0.1661,0.0255,2.3067,-2.0804,-2.5509,103.8615,-63.7607,-107.8603
377518365,0.0088,-0.0030,-0.1405,0.0278,-0.0191,-0.0500,0.0003,0.0500,-0.0176,0.0428,-0.2045,0.0588,2.6781,-2.0804,-2.5509,103.8841,-63.7731,-107.8705
377523364,0.0081,-0.0029,-0.1796,0.0516,0.0561,-0.0500,0.0500,-0.0200,-0.0186,0.0432,-0.2008,0.0885,2.6781,-2.4654,-2.0265,103.8949,-63.7893,-107.8740
377528365,0.0074,-0.0026,-0.1994,0.0846,0.0417,-0.0500,0.0500,-0.0200,-0.0196,0.0436,-0.1994,0.0846,2.6781,-2.6855,-1.2154,103.9109,-63.8098,-107.8649
377533365,0.0063,-0.0023,-0.2138,0.1078,-0.0386,-0.0500,0.0500,-0.0017,-0.0206,0.0442,-0.2072,0.1193,2.2904,-2.6855,0.7723,103.9132,-63.8205,-107.8251
377538365,0.0051,-0.0018,-0.2126,0.1356,-0.0383,0.0200,0.0500,-0.0500,-0.0216,0.0450,-0.2059,0.1471,0.8440,-2.6855,0.7723,103.8949,-63.8366,-107.8221
377543365,0.0043,-0.0012,-0.1243,0.1445,0.0558,0.0200,-0.0200,-0.0500,-0.0223,0.0457,-0.1243,0.1445,-0.2321,-2.1987,0.7723,103.8743,-63.8366,-107.8174
377548365,0.0039,-0.0006,-0.0421,0.1206,0.0414,0.0500,-0.0200,-0.0500,-0.0224,0.0463,-0.0382,0.1207,-0.2321,-0.5376,0.7723,103.8729,-63.8132,-107.8143
377553365,0.0039,-0.0001,0.0119,0.0767,-0.0447,0.0500,0.0070,-0.0500,-0.0224,0.0467,0.0157,0.0701,-1.7400,0.4401,0.7723,103.8385,-63.7928,-107.8097
377558364,0.0041,0.0001,0.0507,0.0263,-0.0685,0.0500,-0.0500,0.0200,-0.0221,0.0468,0.0545,0.0197,-1.7400,0.4401,0.7723,103.8281,-63.7902,-107.8066
377563364,0.0044,0.0001,0.0913,-0.0116,-0.0050,0.0500,-0.0500,0.0200,-0.0216,0.0467,0.0913,-0.0116,-1.7400,0.4401,0.7723,103.8211,-63.7884,-107.8020
377568364,0.0049,-0.0002,0.1130,-0.0128,0.0573,-0.0200,-0.0500,-0.0220,-0.0211,0.0467,0.1168,-0.0063,-1.7400,0.4401,0.4413,103.8107,-63.7858,-107.8056
377573365,0.0055,-0.0004,0.1301,-0.0092,0.0338,-0.0200,-0.0500,-0.0236,-0.0204,0.0466,0.1249,-0.0182,-1.7400,0.4401,-0.6068,103.8037,-63.7840,-107.8289
377578365,0.0061,-0.0004,0.1436,-0.0134,-0.0316,0.0627,0.0200,-0.0259,-0.0196,0.0465,0.1683,-0.0224,-1.7400,0.4401,-0.6068,103.7933,-63.7814,-107.8313
377583364,0.0069,-0.0003,0.1561,-0.0208,-0.0374,0.0682,0.0200,-0.0271,-0.0188,0.0463,0.1660,-0.0298,-0.8784,0.4401,-0.6068,103.8043,-63.7796,-107.8350
377588365,0.0078,-0.0005,0.1549,-0.0599,0.0029,0.0690,-0.0505,-0.0186,-0.0181,0.0459,0.1377,-0.0755,0.9155,0.4401,-0.6068,103.8416,-63.7770,-107.8374
377593365,0.0088,-0.0010,0.1481,-0.0623,-0.0789,0.0723,-0.0526,-0.0166,-0.0174,0.0455,0.1309,-0.0780,0.9155,0.4401,-0.6068,103.8452,-63.7752,-107.8410
377598365,0.0096,-0.0013,0.1179,-0.0553,-0.0808,0.0673,-0.0487,-0.0155,-0.0170,0.0453,0.0922,-0.0561,0.9155,-0.5501,-0.6068,103.8507,-63.7954,-107.8435
377603365,0.0103,-0.0015,0.0929,-0.0418,-0.0038,0.0619,-0.0467,-0.0151,-0.0167,0.0449,0.0554,-0.0629,0.9155,-0.5501,-1.9702,103.8544,-63.7976,-107.8794
377608365,0.0108,-0.0019,0.0531,-0.0519,0.0594,0.0520,-0.0463,-0.0080,-0.0167,0.0446,0.0013,-0.0730,1.7512,-0.5501,-1.9702,103.8793,-63.8009,-107.8873
377613365,0.0111,-0.0022,0.0086,-0.0547,0.0506,0.0419,-0.0426,-0.0012,-0.0169,0.0442,-0.0450,-0.0729,1.7512,-0.7448,-1.9702,103.8863,-63.8070,-107.8991
377618365,0.0110,-0.0026,-0.0449,-0.0379,-0.0359,0.0274,-0.0302,0.0500,-0.0175,0.0440,-0.1236,-0.0372,2.5818,-2.0105,-1.9702,103.9143,-63.8423,-107.9070
377623365,0.0107,-0.0028,-0.0959,-0.0055,-0.0743,0.0150,-0.0152,0.0500,-0.0183,0.0442,-0.1577,0.0244,2.5818,-2.0105,-1.5796,103.9246,-63.8503,-107.9101
377628365,0.0101,-0.0028,-0.1414,0.0522,-0.0398,0.0004,0.0500,0.0500,-0.0193,0.0446,-0.2086,0.0917,2.5818,-2.6436,-1.2867,103.9401,-63.8765,-107.9099
377633365,0.0094,-0.0024,-0.1805,0.1197,0.0057,-0.0500,0.0500,0.0500,-0.0205,0.0452,-0.2250,0.1196,2.5818,-2.6436,-0.9449,103.9505,-63.8871,-107.9098
377638365,0.0085,-0.0018,-0.2251,0.1387,-0.0417,-0.0500,0.0500,-0.0200,-0.0216,0.0459,-0.2251,0.1387,2.4213,-2.6436,-0.7984,103.9627,-63.9029,-107.9103
377643364,0.0072,-0.0012,-0.2175,0.1533,-0.0753,-0.0500,0.0500,-0.0200,-0.0227,0.0467,-0.2175,0.1533,1.9935,-2.6436,-0.1836,103.9630,-63.9135,-107.9018
377648364,0.0060,-0.0005,-0.2022,0.1622,-0.0478,-0.0500,-0.0200,-0.0500,-0.0236,0.0476,-0.1923,0.1793,1.4587,-2.2521,1.1536,103.9627,-63.9209,-107.8732
377653365,0.0051,0.0003,-0.1552,0.1576,0.0213,0.0200,-0.0200,-0.0500,-0.0244,0.0484,-0.1552,0.1576,1.1913,-1.8606,1.1536,103.9628,-63.9212,-107.8662
377658365,0.0045,0.0010,-0.0855,0.1381,0.0445,0.0200,0.0364,-0.0500,-0.0249,0.0491,-0.0972,0.1583,-0.3323,-1.3572,1.1536,103.9363,-63.9207,-107.8616
377663365,0.0044,0.0016,-0.0027,0.1035,0.0017,0.0500,0.0194,-0.0500,-0.0248,0.0497,0.0163,0.1119,-1.3844,-0.5563,1.1536,103.9110,-63.9093,-107.8547
377668365,0.0045,0.0019,0.0501,0.0556,-0.0328,0.0500,0.0022,0.0200,-0.0245,0.0499,0.0606,0.0375,-1.3844,1.2134,1.1536,103.9027,-63.8700,-107.8501
377673365,0.0049,0.0021,0.0974,0.0122,-0.0301,0.0500,-0.0500,0.0200,-0.0240,0.0499,0.1079,-0.0059,-1.3844,1.2134,1.1536,103.8972,-63.8652,-107.8432
377678364,0.0056,0.0018,0.1228,-0.0003,0.0231,0.0500,-0.0500,-0.0348,-0.0233,0.0499,0.1327,0.0169,-1.3844,1.2134,1.1536,103.8889,-63.8579,-107.8386
377683364,0.0063,0.0016,0.1469,0.0027,-0.0227,-0.0200,-0.0500,-0.0379,-0.0226,0.0500,0.1528,0.0129,-1.3844,1.2134,0.6817,103.8833,-63.8530,-107.8413
377688365,0.0070,0.0015,0.1619,-0.0055,-0.0569,-0.0200,-0.0500,-0.0363,-0.0218,0.0499,0.1537,-0.0195,-1.3380,1.2134,-0.9439,103.8760,-63.8457,-107.8743
377693365,0.0080,0.0015,0.1845,-0.0235,-0.0194,0.0797,0.0200,-0.0385,-0.0208,0.0497,0.1954,-0.0375,-1.1058,1.2134,-0.9439,103.8757,-63.8409,-107.8800
377698364,0.0089,0.0014,0.1979,-0.0388,0.0271,0.0835,0.0200,-0.0377,-0.0199,0.0495,0.1755,-0.0529,0.8306,1.0187,-0.9439,103.9146,-63.8378,-107.8838
377703365,0.0099,0.0011,0.1445,-0.0321,0.0613,0.0724,-0.0418,-0.0329,-0.0194,0.0492,0.1073,-0.0526,0.8306,-0.6331,-2.0180,103.9179,-63.8695,-107.9146
377708365,0.0107,0.0010,0.1197,0.0015,0.0307,0.0696,-0.0330,-0.0378,-0.0190,0.0491,0.0812,-0.0166,0.8306,-0.7914,-2.0180,103.9229,-63.8774,-107.9227
377713365,0.0113,0.0008,0.0843,-0.0177,-0.0389,0.0639,-0.0338,-0.0286,-0.0188,0.0489,0.0420,-0.0424,0.8306,-0.7914,-2.4610,103.9262,-63.8805,-107.9438
377718364,0.0115,0.0009,0.0565,-0.0140,-0.0395,0.0575,-0.0300,-0.0260,-0.0187,0.0487,0.0113,-0.0437,0.8306,-0.7914,-2.7933,103.9312,-63.8853,-107.9615
377723364,0.0118,0.0008,0.0116,-0.0247,-0.1229,0.0483,-0.0264,-0.0172,-0.0189,0.0484,-0.0336,-0.0544,0.8306,-0.7914,-2.7933,103.9345,-63.8885,-107.9783
377728364,0.0118,0.0006,-0.0403,-0.0113,-0.0979,0.0323,-0.0154,-0.0132,-0.0195,0.0483,-0.1192,-0.0193,2.0607,-2.2456,-2.7933,103.9686,-63.9284,-107.9895
377733365,0.0116,0.0004,-0.0721,-0.0049,-0.0142,0.0226,-0.0114,-0.0106,-0.0203,0.0482,-0.1537,-0.0175,2.0607,-2.2456,-3.1069,103.9768,-63.9374,-108.0141
377738364,0.0111,0.0002,-0.1158,0.0101,0.0200,0.0089,-0.0027,-0.0070,-0.0212,0.0482,-0.1973,-0.0025,2.0607,-2.2456,-3.1069,103.9892,-63.9508,-108.0265
377743365,0.0104,0.0001,-0.1338,0.0302,-0.0252,0.0024,0.0500,-0.0073,-0.0223,0.0483,-0.2149,0.0241,2.0607,-2.4395,-2.8647,103.9974,-63.9639,-108.0398
377748364,0.0098,0.0005,-0.1402,0.0418,-0.1015,0.0012,0.0500,-0.0065,-0.0233,0.0483,-0.1922,-0.0008,1.5905,-2.4395,-2.8647,103.9990,-63.9786,-108.0513
377753365,0.0089,0.0006,-0.1460,0.0602,-0.0988,-0.0500,0.0500,-0.0088,-0.0242,0.0484,-0.1924,0.0175,1.2614,-2.4395,-2.8647,103.9981,-63.9883,-108.0684
377758365,0.0080,0.0009,-0.1442,0.0562,-0.0215,-0.0500,0.0500,-0.0094,-0.0251,0.0485,-0.1669,0.0169,0.9322,-2.2330,-2.6441,103.9982,-63.9986,-108.0754
377763365,0.0072,0.0012,-0.1295,0.0574,0.0249,-0.0500,-0.0200,-0.0124,-0.0258,0.0486,-0.1466,0.0280,0.7911,-1.8199,-1.9821,103.9989,-63.9985,-108.0760
377768364,0.0065,0.0014,-0.0983,0.0431,0.0078,-0.0500,-0.0200,-0.0130,-0.0264,0.0487,-0.1121,0.0193,0.5560,-0.8767,-1.5959,103.9982,-63.9887,-108.0755
377773365,0.0063,0.0014,-0.0244,-0.0031,-0.0637,0.0200,-0.0500,-0.0110,-0.0265,0.0486,-0.0303,-0.0290,0.4620,0.5333,-1.2098,103.9984,-63.9611,-108.0761
377778365,0.0063,0.0014,0.0269,-0.0195,-0.0313,0.0200,-0.0500,-0.0147,-0.0264,0.0484,0.0184,-0.0343,-1.2301,0.5333,-0.9891,103.9634,-63.9579,-108.0761
377783365,0.0065,0.0012,0.0675,-0.0174,-0.0404,0.0500,-0.0500,-0.0210,-0.0260,0.0483,0.0825,-0.0280,-1.2301,0.5333,-0.7133,103.9585,-63.9558,-108.0757
377788365,0.0069,0.0010,0.1100,-0.0067,-0.0704,0.0500,-0.0500,-0.0278,-0.0255,0.0482,0.1048,-0.0157,-1.4516,0.5333,-0.6029,103.9466,-63.9526,-108.0761
377793365,0.0075,0.0009,0.1564,0.0027,-0.0575,0.0500,0.0200,-0.0371,-0.0247,0.0482,0.1526,-0.0038,-2.7806,0.5333,-0.4374,103.9110,-63.9505,-108.0759
377798364,0.0083,0.0011,0.1677,0.0009,-0.0243,0.0500,0.0200,-0.0407,-0.0239,0.0482,0.1634,-0.0064,-2.7806,0.5333,-0.4926,103.8943,-63.9473,-108.0789
377803365,0.0093,0.0008,0.1820,0.0031,-0.0108,-0.0200,-0.0389,-0.0441,-0.0230,0.0481,0.1824,-0.0122,-2.7806,0.5333,-0.4926,103.8832,-63.9451,-108.0819
377808365,0.0104,0.0007,0.1762,0.0150,-0.0499,-0.0200,-0.0365,-0.0477,-0.0222,0.0482,0.1691,0.0127,-2.3628,-0.3394,-0.4926,103.8755,-63.9635,-108.0838
377813364,0.0114,0.0007,0.1677,0.0360,-0.1373,0.0903,-0.0325,-0.0526,-0.0213,0.0483,0.1769,0.0339,-0.9499,-0.3394,-0.4926,103.8966,-63.9648,-108.0868
377818365,0.0125,0.0008,0.1683,0.0272,-0.0731,0.0927,-0.0365,-0.0534,-0.0205,0.0485,0.1611,0.0250,0.0000,-0.3394,-0.4926,103.9143,-63.9669,-108.0888
377823364,0.0130,0.0010,0.1115,0.0119,-0.0175,0.0783,-0.0339,-0.0438,-0.0200,0.0484,0.0854,-0.0028,0.0000,-1.0106,-2.0133,103.9143,-63.9822,-108.1265
377828364,0.0136,0.0009,0.0819,-0.0006,-0.0774,0.0737,-0.0325,-0.0382,-0.0198,0.0484,0.0496,-0.0045,0.0000,-1.7336,-2.0133,103.9143,-64.0063,-108.1346
377833365,0.0140,0.0008,0.0250,-0.0098,-0.1253,0.0609,-0.0285,-0.0275,-0.0199,0.0483,-0.0152,-0.0274,0.0000,-1.7336,-2.9410,103.9143,-64.0133,-108.1688
377838364,0.0138,0.0007,0.0040,-0.0211,-0.0713,0.0535,-0.0277,-0.0231,-0.0201,0.0482,-0.0462,-0.0214,0.0000,-2.8888,-2.9410,103.9143,-64.0507,-108.1805
377843365,0.0136,0.0005,-0.0165,-0.0394,-0.0307,0.0467,-0.0300,-0.0155,-0.0205,0.0479,-0.0715,-0.0479,0.0000,-2.8888,-3.4947,103.9143,-64.0622,-108.2109
377848365,0.0136,0.0001,-0.0470,-0.0391,-0.0988,0.0392,-0.0255,-0.0099,-0.0210,0.0478,-0.1087,-0.0359,0.0000,-3.6677,-3.4947,103.9143,-64.0983,-108.2249
377853365,0.0134,-0.0002,-0.0794,-0.0348,-0.1825,0.0309,-0.0199,-0.0040,-0.0217,0.0476,-0.1484,-0.0317,0.4279,-3.6677,-3.4947,103.9231,-64.1130,-108.2458
377858365,0.0130,-0.0003,-0.1222,-0.0067,-0.1742,0.0161,-0.0067,-0.0027,-0.0228,0.0476,-0.2212,0.0033,2.1928,-3.8787,-3.2334,103.9678,-64.1402,-108.2540
377863365,0.0123,-0.0005,-0.1600,0.0220,-0.0258,0.0019,0.0500,-0.0042,-0.0241,0.0478,-0.2590,0.0320,2.1928,-3.8787,-3.2334,103.9765,-64.1557,-108.2734
377868364,0.0112,-0.0004,-0.2031,0.0660,-0.0914,-0.0500,0.0500,-0.0032,-0.0255,0.0479,-0.2683,0.0185,2.1928,-3.9347,-3.1850,103.9897,-64.1802,-108.2853
377873365,0.0103,-0.0002,-0.2019,0.0880,-0.1629,-0.0500,0.0500,-0.0084,-0.0266,0.0481,-0.2235,0.0507,2.1928,-3.9347,-2.5070,103.9985,-64.1959,-108.2884
377878365,0.0095,0.0004,-0.2053,0.1045,-0.1275,-0.0500,0.0500,-0.0124,-0.0277,0.0485,-0.2268,0.0672,1.6285,-3.5468,-2.5070,103.9986,-64.2114,-108.2985
377883364,0.0083,0.0008,-0.2022,0.1093,-0.0331,-0.0500,-0.0200,-0.0142,-0.0289,0.0488,-0.2238,0.0721,0.6917,-2.9166,-2.5070,103.9853,-64.2116,-108.3135
377888364,0.0073,0.0013,-0.1756,0.1038,0.0188,0.0200,-0.0200,-0.0166,-0.0298,0.0491,-0.1972,0.0666,-0.4279,-2.1409,-2.5070,103.9618,-64.2112,-108.3235
377893365,0.0065,0.0018,-0.1191,0.0886,-0.0261,0.0200,0.0288,-0.0219,-0.0306,0.0496,-0.1511,0.0857,-0.4279,-1.7531,-1.9553,103.9601,-64.2112,-108.3261
377898365,0.0062,0.0021,-0.0391,0.0562,-0.1128,0.0500,0.0116,-0.0248,-0.0307,0.0498,-0.0239,0.0372,-1.8122,-0.2876,-1.5691,103.9277,-64.1898,-108.3255
377903364,0.0061,0.0022,0.0131,0.0156,-0.0930,0.0500,-0.0500,-0.0214,-0.0307,0.0497,0.0068,-0.0153,-2.4214,0.6712,-1.4037,103.9063,-64.1691,-108.3308
377908365,0.0063,0.0023,0.0528,0.0024,-0.0493,0.0500,-0.0500,-0.0253,-0.0305,0.0496,0.0407,-0.0184,-3.0713,0.6712,-1.4037,103.8783,-64.1651,-108.3364
377913365,0.0069,0.0021,0.1161,0.0082,-0.1021,0.0500,-0.0500,-0.0343,-0.0300,0.0495,0.1040,-0.0126,-3.2106,0.6712,-1.4037,103.8627,-64.1624,-108.3448
377918365,0.0075,0.0020,0.1515,-0.0003,-0.0777,-0.0200,-0.0500,-0.0381,-0.0293,0.0494,0.1394,-0.0212,-3.2106,0.6712,-1.4037,103.8434,-64.1584,-108.3505
377923365,0.0083,0.0019,0.1927,-0.0202,-0.0591,-0.0200,0.0200,-0.0406,-0.0284,0.0492,0.1806,-0.0410,-2.4381,0.6712,-1.4037,103.8468,-64.1557,-108.3589
377928365,0.0094,0.0018,0.2321,-0.0440,-0.0957,0.0967,0.0200,-0.0414,-0.0272,0.0489,0.2269,-0.0703,-0.5811,-0.2797,-1.7707,103.8757,-64.1722,-108.3720
377933365,0.0107,0.0014,0.2239,-0.0553,-0.1614,0.1005,-0.0560,-0.0383,-0.0262,0.0485,0.2137,-0.0789,-0.4882,-0.2797,-1.8756,103.8754,-64.1733,-108.3853
377938365,0.0120,0.0010,0.2269,-0.0400,-0.2155,0.1071,-0.0564,-0.0424,-0.0251,0.0482,0.2140,-0.0644,-0.3489,-0.2797,-1.9244,103.8757,-64.1750,-108.3938
377943365,0.0129,0.0007,0.2144,-0.0257,-0.1632,0.1064,-0.0555,-0.0447,-0.0241,0.0479,0.1952,-0.0594,-0.3025,-0.2797,-2.5591,103.8754,-64.1761,-108.4213
377948365,0.0140,0.0006,0.1723,-0.0082,-0.0432,0.0976,-0.0484,-0.0475,-0.0234,0.0478,0.1381,-0.0187,-0.2097,-1.8310,-2.5591,103.8757,-64.2119,-108.4315
377953365,0.0149,0.0005,0.1359,-0.0037,-0.0319,0.0914,-0.0454,-0.0447,-0.0229,0.0476,0.0942,-0.0240,-0.1079,-1.8310,-3.2237,103.8770,-64.2192,-108.4626
377958365,0.0156,0.0005,0.0812,-0.0101,-0.0340,0.0774,-0.0392,-0.0369,-0.0229,0.0475,0.0043,-0.0204,1.6059,-2.5023,-3.2237,103.9175,-64.2441,-108.4755
377963365,0.0159,0.0003,0.0144,-0.0455,0.0011,0.0609,-0.0404,-0.0206,-0.0233,0.0472,-0.0680,-0.0590,1.6059,-2.7089,-3.6418,103.9239,-64.2590,-108.5039
377968364,0.0158,-0.0001,0.0064,-0.0816,-0.0139,0.0580,-0.0467,-0.0108,-0.0237,0.0468,-0.0858,-0.0810,1.7128,-3.6441,-3.6418,103.9357,-64.2950,-108.5185
377973365,0.0158,-0.0006,-0.0214,-0.0648,-0.1137,0.0509,-0.0397,-0.0068,-0.0244,0.0465,-0.1350,-0.0679,2.8360,-3.6441,-3.8839,103.9680,-64.3078,-108.5458
377978365,0.0158,-0.0011,-0.0516,-0.0519,-0.1990,0.0437,-0.0325,-0.0035,-0.0252,0.0463,-0.1711,-0.0448,2.8360,-4.3256,-3.8839,103.9850,-64.3471,-108.5614
377983365,0.0154,-0.0012,-0.1127,0.0058,-0.1806,0.0261,-0.0119,-0.0072,-0.0264,0.0464,-0.2389,0.0153,3.3062,-4.3256,-3.7184,104.0070,-64.3622,-108.5811
377988364,0.0147,-0.0012,-0.1738,0.0544,-0.0884,0.0064,0.0500,-0.0102,-0.0279,0.0467,-0.3027,0.0686,3.3062,-4.6421,-3.7184,104.0269,-64.3986,-108.5959
377993365,0.0136,-0.0010,-0.2227,0.0864,-0.0481,-0.0500,0.0500,-0.0071,-0.0295,0.0469,-0.3097,0.0310,3.1935,-4.9218,-3.7184,104.0378,-64.4205,-108.6183
377998364,0.0125,-0.0007,-0.2535,0.1182,-0.1043,-0.0500,0.0500,-0.0109,-0.0309,0.0472,-0.2819,0.0693,2.9681,-4.9777,-3.2989,104.0514,-64.4540,-108.6242
378003365,0.0114,-0.0001,-0.2663,0.1307,-0.1522,-0.0500,0.0500,-0.0122,-0.0323,0.0477,-0.2871,0.0950,2.9681,-4.4929,-2.4075,104.0632,-64.4612,-108.6234
378008364,0.0102,0.0005,-0.2847,0.1607,-0.0597,-0.0500,-0.0200,-0.0180,-0.0338,0.0483,-0.3018,0.1311,2.4047,-3.2325,-1.9880,104.0695,-64.4610,-108.6238
378013364,0.0087,0.0012,-0.2691,0.1600,-0.0236,0.0200,-0.0200,-0.0197,-0.0353,0.0490,-0.2862,0.1305,0.6017,-2.6992,-1.9880,104.0395,-64.4608,-108.6357
378018365,0.0074,0.0020,-0.2202,0.1448,-0.0682,0.0200,0.0533,-0.0234,-0.0365,0.0497,-0.2544,0.1447,0.3763,-1.9720,-1.9880,104.0379,-64.4614,-108.6437
378023365,0.0066,0.0025,-0.1387,0.1023,-0.1247,-0.0092,0.0376,-0.0237,-0.0374,0.0502,-0.1691,0.0972,-0.0470,-1.6326,-1.9880,104.0305,-64.4609,-108.6556
378028365,0.0061,0.0028,-0.0712,0.0559,-0.1156,0.0500,0.0195,-0.0229,-0.0377,0.0504,-0.0732,0.0435,-1.5047,-1.1963,-2.0368,103.9952,-64.4613,-108.6647
378033365,0.0058,0.0030,-0.0235,0.0226,-0.0792,0.0500,0.0075,-0.0210,-0.0380,0.0504,-0.0497,0.0073,-1.5047,-1.0024,-2.0368,103.9892,-64.4613,-108.6769
378038365,0.0059,0.0028,0.0027,0.0208,-0.1217,0.0500,0.0031,-0.0228,-0.0381,0.0504,-0.0200,-0.0006,-1.5047,-0.5996,-2.0368,103.9802,-64.4588,-108.6850
378043365,0.0059,0.0028,0.0257,0.0278,-0.1357,0.0500,-0.0005,-0.0254,-0.0380,0.0503,0.0134,-0.0217,-1.5047,0.9509,-2.3691,103.9742,-64.4270,-108.7043
378048365,0.0061,0.0029,0.0660,0.0137,-0.0600,-0.0200,-0.0500,-0.0290,-0.0378,0.0501,0.0561,-0.0399,-1.5047,1.2305,-2.3691,103.9651,-64.4135,-108.7137
378053364,0.0069,0.0026,0.1744,-0.0678,-0.0453,-0.0200,-0.0500,-0.0263,-0.0370,0.0496,0.1540,-0.1030,-1.2907,1.2305,-2.3691,103.9638,-64.4092,-108.7279
378058365,0.0077,0.0022,0.1979,-0.0983,-0.1208,0.0819,-0.0500,-0.0224,-0.0360,0.0490,0.1933,-0.1335,-0.9164,1.2305,-2.3691,103.9647,-64.4012,-108.7374
378063365,0.0090,0.0015,0.2071,-0.1075,-0.1626,0.0888,-0.0500,-0.0208,-0.0351,0.0482,0.1897,-0.1419,-0.1511,0.6712,-2.3168,103.9771,-64.4084,-108.7505
378068365,0.0102,0.0008,0.2037,-0.1057,-0.1189,0.0909,0.0200,-0.0206,-0.0342,0.0475,0.1676,-0.1401,0.9404,-0.0559,-2.3168,104.0027,-64.4226,-108.7598
378073364,0.0112,0.0002,0.2220,-0.0953,-0.0759,0.0988,0.0200,-0.0254,-0.0333,0.0469,0.1859,-0.1297,0.9404,-0.0559,-2.3168,104.0065,-64.4228,-108.7737
378078365,0.0121,-0.0004,0.2199,-0.0870,-0.0863,0.1013,-0.0702,-0.0278,-0.0324,0.0464,0.1729,-0.1025,0.9404,-1.2679,-2.3168,104.0122,-64.4493,-108.7830
378083364,0.0133,-0.0008,0.2059,-0.0583,-0.1027,0.1015,-0.0648,-0.0328,-0.0317,0.0461,0.1401,-0.0651,1.7856,-1.8012,-2.2684,104.0336,-64.4658,-108.7957
378088365,0.0144,-0.0011,0.1726,-0.0254,-0.0682,0.0963,-0.0559,-0.0378,-0.0312,0.0459,0.0967,-0.0213,2.0109,-2.5241,-2.2684,104.0501,-64.4926,-108.8047
378093365,0.0152,-0.0011,0.1057,0.0134,0.0457,0.0802,-0.0415,-0.0405,-0.0312,0.0461,0.0192,0.0213,2.4956,-2.7823,-2.2684,104.0680,-64.5074,-108.8183
378098364,0.0156,-0.0012,0.0492,0.0125,0.0707,0.0663,-0.0354,-0.0336,-0.0314,0.0462,-0.0531,0.0212,3.4427,-2.7823,-2.2132,104.1060,-64.5255,-108.8263
378103365,0.0154,-0.0010,-0.0247,0.0189,-0.0933,0.0478,-0.0202,-0.0240,-0.0321,0.0464,-0.1415,0.0399,4.0927,-3.3875,-1.9926,104.1348,-64.5483,-108.8340
378108365,0.0153,-0.0011,-0.0568,0.0254,-0.1538,0.0392,-0.0136,-0.0197,-0.0331,0.0466,-0.1860,0.0462,4.8125,-3.3875,-1.9926,104.1762,-64.5703,-108.8420
378113364,0.0149,-0.0010,-0.1109,0.0638,-0.1144,0.0229,0.0500,-0.0217,-0.0343,0.0470,-0.2507,0.0920,5.1869,-3.8743,-1.9926,104.2030,-64.5928,-108.8540
378118365,0.0142,-0.0006,-0.1820,0.1161,-0.0331,0.0032,0.0500,-0.0222,-0.0358,0.0475,-0.2940,0.0861,5.5078,-3.8743,-1.9926,104.2424,-64.6180,-108.8619
378123365,0.0132,0.0000,-0.2349,0.1591,-0.0099,-0.0500,0.0500,-0.0251,-0.0375,0.0481,-0.3485,0.1291,5.6018,-3.5050,-1.9926,104.2666,-64.6236,-108.8739
378128365,0.0117,0.0008,-0.2663,0.1830,-0.0746,-0.0500,0.0500,-0.0291,-0.0389,0.0489,-0.2831,0.1542,5.0384,-3.5050,-1.9401,104.2884,-64.6464,-108.8806
378133365,0.0103,0.0018,-0.2782,0.1851,-0.1098,-0.0500,-0.0200,-0.0285,-0.0404,0.0497,-0.2950,0.1563,4.7004,-3.5050,-1.9401,104.3006,-64.6587,-108.8922
378138365,0.0088,0.0029,-0.2749,0.1811,-0.0612,-0.0500,-0.0200,-0.0292,-0.0419,0.0504,-0.2916,0.1523,4.7004,-3.0016,-1.9401,104.3288,-64.6707,-108.9000
378143365,0.0074,0.0036,-0.2651,0.1274,-0.0071,0.0200,0.0605,-0.0204,-0.0434,0.0511,-0.3064,0.1308,4.2695,-2.4982,-2.2819,104.3386,-64.6703,-108.9200
378148365,0.0063,0.0042,-0.2071,0.0965,-0.1174,0.0200,0.0497,-0.0181,-0.0446,0.0515,-0.2322,0.0720,2.7931,-0.6326,-2.2819,104.3311,-64.6449,-108.9291
378153364,0.0054,0.0044,-0.1558,0.0470,-0.2023,-0.0174,0.0353,-0.0101,-0.0455,0.0515,-0.1879,0.0052,0.9901,0.5276,-2.2819,104.3027,-64.6215,-108.9428
378158365,0.0047,0.0045,-0.1002,0.0260,-0.1987,-0.0052,0.0248,-0.0119,-0.0461,0.0514,-0.1207,-0.0192,0.2013,0.5276,-2.5034,104.2889,-64.6181,-108.9568
378163365,0.0043,0.0045,-0.0586,0.0266,-0.1531,0.0500,0.0198,-0.0169,-0.0465,0.0513,-0.0782,-0.0186,0.1449,0.5276,-2.5034,104.2884,-64.6163,-108.9718
378168365,0.0041,0.0046,-0.0037,0.0168,-0.0832,0.0500,0.0104,-0.0227,-0.0466,0.0511,-0.0207,-0.0284,0.0886,0.5276,-2.5034,104.2880,-64.6128,-108.9818
378173365,0.0042,0.0048,0.0336,0.0202,-0.0224,0.0500,0.0062,-0.0296,-0.0465,0.0510,0.0165,-0.0250,0.0886,0.5276,-2.5034,104.2884,-64.6110,-108.9969
378178365,0.0045,0.0047,0.0959,-0.0116,-0.0062,0.0500,-0.0500,-0.0312,-0.0461,0.0507,0.0784,-0.0575,0.0886,0.5276,-2.5557,104.2889,-64.6076,-109.0081
378183365,0.0051,0.0045,0.1417,-0.0568,-0.0181,-0.0200,-0.0500,-0.0276,-0.0455,0.0503,0.1196,-0.0948,0.0000,0.5276,-2.5557,104.2878,-64.6057,-109.0234
378188364,0.0061,0.0039,0.1686,-0.0794,-0.1168,-0.0200,-0.0500,-0.0247,-0.0448,0.0497,0.1465,-0.1174,0.0563,0.5276,-2.5557,104.2891,-64.6023,-109.0337
378193364,0.0074,0.0033,0.2107,-0.0864,-0.0936,0.0819,-0.0500,-0.0292,-0.0439,0.0490,0.1869,-0.1259,0.0563,0.5276,-2.6525,104.2894,-64.6004,-109.0515
378198364,0.0085,0.0029,0.1820,-0.0858,-0.0233,0.0783,0.0200,-0.0276,-0.0431,0.0484,0.1582,-0.1252,0.0563,-0.6858,-2.6525,104.2897,-64.6234,-109.0621
378203365,0.0095,0.0024,0.1585,-0.0874,-0.0484,0.0767,0.0200,-0.0240,-0.0424,0.0478,0.1342,-0.1276,0.0563,-0.6858,-2.7077,104.2899,-64.6258,-109.0792
378208365,0.0103,0.0019,0.1148,-0.0754,-0.1064,0.0692,-0.0445,-0.0207,-0.0420,0.0473,0.0846,-0.1054,0.0563,-0.6858,-2.7077,104.2903,-64.6302,-109.0900
378213365,0.0109,0.0014,0.0956,-0.0446,-0.1113,0.0665,-0.0372,-0.0251,-0.0417,0.0469,0.0591,-0.0636,0.0563,-1.4130,-2.7077,104.2905,-64.6477,-109.1063
378218364,0.0112,0.0011,0.0706,-0.0192,-0.0939,0.0603,-0.0290,-0.0278,-0.0416,0.0468,0.0254,-0.0232,0.0563,-2.4198,-2.7077,104.2908,-64.6824,-109.1171
378223364,0.0113,0.0010,0.0623,-0.0034,-0.0691,0.0588,-0.0253,-0.0309,-0.0415,0.0468,0.0208,-0.0011,0.0563,-2.4198,-2.2882,104.2910,-64.6909,-109.1242
378228365,0.0115,0.0010,0.0727,0.0076,-0.0594,0.0620,-0.0238,-0.0359,-0.0413,0.0469,0.0293,0.0241,0.0563,-3.0015,-1.9211,104.2914,-64.7203,-109.1251
378233365,0.0121,0.0011,0.0806,0.0095,-0.0872,0.0665,-0.0246,-0.0386,-0.0411,0.0471,0.0372,0.0259,0.0563,-3.0015,-1.9211,104.2916,-64.7308,-109.1366
378238365,0.0122,0.0011,0.0623,0.0189,-0.1556,0.0631,-0.0191,-0.0380,-0.0410,0.0473,0.0158,0.0408,0.0563,-3.3630,-1.9211,104.2919,-64.7587,-109.1443
378243365,0.0126,0.0011,0.0562,0.0476,-0.1724,0.0630,-0.0129,-0.0434,-0.0410,0.0476,0.0068,0.0645,0.0563,-3.3630,-2.2629,104.2922,-64.7705,-109.1631
378248365,0.0129,0.0013,0.0440,0.0889,-0.1663,0.0608,-0.0020,-0.0524,-0.0410,0.0481,-0.0083,0.1107,0.0563,-3.6931,-2.2629,104.2925,-64.7995,-109.1722
378253365,0.0132,0.0017,0.0290,0.1222,-0.1583,0.0583,0.0500,-0.0600,-0.0412,0.0489,-0.0233,0.1440,0.0563,-3.6931,-2.2629,104.2927,-64.8124,-109.1858
378258365,0.0134,0.0024,0.0082,0.1350,-0.1480,0.0559,0.0500,-0.0600,-0.0413,0.0493,-0.0175,0.0924,0.0563,-3.7417,-2.8721,104.2931,-64.8374,-109.2086
378263365,0.0136,0.0031,-0.0067,0.1463,-0.1519,0.0530,0.0500,-0.0633,-0.0414,0.0498,-0.0325,0.1037,0.0563,-3.7417,-2.8721,104.2933,-64.8505,-109.2258
378268364,0.0136,0.0035,-0.0186,0.1457,-0.1663,0.0498,0.0500,-0.0622,-0.0417,0.0503,-0.0507,0.0922,0.0563,-3.5835,-3.6037,104.2936,-64.8716,-109.2533
378273365,0.0135,0.0044,-0.0278,0.1472,-0.1586,0.0461,-0.0200,-0.0631,-0.0420,0.0507,-0.0657,0.0837,0.0563,-3.0031,-4.2818,104.2939,-64.8715,-109.2895
378278365,0.0133,0.0051,-0.0174,0.1206,-0.1217,0.0476,-0.0200,-0.0611,-0.0423,0.0510,-0.0568,0.0547,0.0563,-2.1590,-4.4473,104.2942,-64.8714,-109.3100
378283365,0.0133,0.0054,-0.0125,0.0409,-0.1748,0.0477,0.0042,-0.0452,-0.0426,0.0510,-0.0726,-0.0056,0.0563,-1.8425,-4.9989,104.2944,-64.8721,-109.3506
378288364,0.0132,0.0056,-0.0137,0.0021,-0.2335,0.0488,-0.0500,-0.0343,-0.0430,0.0506,-0.0626,-0.0795,0.0563,-0.0209,-5.5233,104.2948,-64.8432,-109.3822
378293365,0.0133,0.0056,-0.0223,-0.0043,-0.2197,0.0465,-0.0500,-0.0315,-0.0433,0.0501,-0.0757,-0.0942,0.0563,0.2921,-6.0604,104.2950,-64.8356,-109.4279
378298365,0.0132,0.0055,-0.0098,-0.0412,-0.1073,0.0475,-0.0500,-0.0254,-0.0437,0.0494,-0.0665,-0.1369,0.0563,0.2921,-6.4480,104.2953,-64.8337,-109.4605
378303365,0.0131,0.0052,-0.0018,-0.0788,-0.0548,0.0485,-0.0500,-0.0176,-0.0440,0.0485,-0.0599,-0.1768,0.0563,0.2921,-6.6048,104.2955,-64.8326,-109.5025
378308365,0.0132,0.0046,0.0220,-0.1436,-0.1040,0.0553,0.0200,-0.0038,-0.0441,0.0473,-0.0360,-0.2415,0.0563,0.0000,-6.6048,104.2959,-64.8379,-109.5289
378313365,0.0133,0.0036,0.0333,-0.2117,-0.1993,0.0600,0.0200,0.0500,-0.0443,0.0458,-0.0251,-0.3103,0.0563,0.0000,-6.6533,104.2961,-64.8379,-109.5697
378318365,0.0138,0.0024,0.0470,-0.2398,-0.2591,0.0698,-0.0728,0.0500,-0.0441,0.0447,0.0374,-0.2247,0.0563,-1.0024,-6.4326,104.2964,-64.8591,-109.5914
378323365,0.0141,0.0009,0.0394,-0.2358,-0.2188,0.0681,-0.0763,0.0500,-0.0440,0.0436,0.0248,-0.2121,0.0563,-1.5827,-6.1180,104.2967,-64.8758,-109.6235
378328365,0.0143,-0.0003,0.0211,-0.1906,-0.1538,0.0634,-0.0696,0.0500,-0.0439,0.0428,0.0065,-0.1669,0.0563,-1.5827,-5.0168,104.2970,-64.8861,-109.6238
378333365,0.0143,-0.0011,-0.0031,-0.1164,-0.1373,0.0565,-0.0524,-0.0200,-0.0441,0.0424,-0.0258,-0.0784,0.0563,-2.5336,-4.3875,104.2972,-64.9116,-109.6384
378338364,0.0141,-0.0016,0.0046,-0.0941,-0.0670,0.0567,-0.0503,-0.0200,-0.0442,0.0421,-0.0215,-0.0502,0.0563,-2.9251,-4.3875,104.2976,-64.9382,-109.6559
378343365,0.0141,-0.0022,0.0336,-0.1045,0.0118,0.0603,-0.0606,-0.0001,-0.0443,0.0416,-0.0285,-0.0995,0.0563,-3.7008,-3.4111,104.2978,-64.9656,-109.6602
378348365,0.0143,-0.0029,0.0602,-0.1121,-0.0001,0.0651,-0.0655,0.0004,-0.0445,0.0412,-0.0347,-0.0879,1.9412,-4.3721,-2.7763,104.3410,-65.0043,-109.6598
378353365,0.0147,-0.0034,0.0776,-0.0486,-0.1452,0.0735,-0.0542,-0.0500,-0.0445,0.0411,-0.0110,-0.0135,1.9412,-4.3721,-2.0440,104.3488,-65.0196,-109.6596
378358364,0.0152,-0.0036,0.1014,0.0202,-0.2365,0.0839,-0.0406,-0.0500,-0.0444,0.0416,0.0252,0.0947,1.9412,-4.9772,-1.7022,104.3604,-65.0627,-109.6602
378363365,0.0157,-0.0033,0.0837,0.1228,-0.2106,0.0806,-0.0154,-0.0500,-0.0444,0.0426,0.0016,0.2060,1.9877,-5.5614,-1.2628,104.3691,-65.0929,-109.6602
378368365,0.0161,-0.0025,0.0415,0.1994,-0.1403,0.0702,0.0500,-0.0500,-0.0446,0.0441,-0.0477,0.2882,2.2198,-5.9307,-1.0187,104.3870,-65.1375,-109.6599
378373365,0.0163,-0.0014,-0.0214,0.2199,-0.0939,0.0580,0.0500,0.0200,-0.0449,0.0452,-0.0615,0.2197,2.3305,-5.9307,-0.7746,104.3981,-65.1582,-109.6603
378378364,0.0158,-0.0002,-0.1417,0.2660,-0.1837,0.0262,0.0500,0.0200,-0.0459,0.0465,-0.1923,0.2658,2.9397,-6.3222,-0.6281,104.4275,-65.2069,-109.6601
378383365,0.0150,0.0011,-0.1863,0.2987,-0.1385,0.0111,0.0500,-0.0712,-0.0471,0.0479,-0.2423,0.2891,2.9397,-6.0798,-0.6281,104.4392,-65.2236,-109.6638
378388365,0.0140,0.0026,-0.2172,0.3473,-0.0126,-0.0500,-0.0200,-0.0819,-0.0486,0.0496,-0.2879,0.3376,3.7954,-5.4085,-0.6281,104.4781,-65.2489,-109.6664
378393365,0.0130,0.0043,-0.2321,0.3809,0.0652,-0.0500,-0.0200,-0.0934,-0.0498,0.0514,-0.2457,0.3576,3.8894,-4.5307,-1.5696,104.4952,-65.2487,-109.6899
378398364,0.0118,0.0064,-0.2239,0.3968,0.0625,-0.0500,0.1151,-0.1043,-0.0511,0.0535,-0.2703,0.4138,4.0305,-3.2398,-2.1234,104.5221,-65.2480,-109.7091
378403365,0.0107,0.0084,-0.2077,0.3790,0.0213,-0.0500,0.1182,-0.1062,-0.0524,0.0554,-0.2497,0.3883,4.0305,-2.7234,-2.1234,104.5382,-65.2482,-109.7218
378408365,0.0097,0.0101,-0.1741,0.3235,-0.0252,0.0200,0.1093,-0.1009,-0.0534,0.0570,-0.2117,0.3188,3.0163,-2.0005,-2.3324,104.5390,-65.2490,-109.7329
378413365,0.0090,0.0114,-0.1210,0.2477,-0.0548,0.0200,0.0912,-0.0920,-0.0543,0.0581,-0.1655,0.2203,2.4529,-1.6390,-3.4923,104.5386,-65.2481,-109.7759
378418365,0.0085,0.0123,-0.0715,0.1741,-0.1440,0.0500,0.0745,-0.0814,-0.0550,0.0588,-0.1451,0.1325,1.8331,-1.0320,-3.8313,104.5389,-65.2451,-109.7950
378423365,0.0083,0.0128,-0.0510,0.0806,-0.4326,0.0500,0.0540,-0.0603,-0.0554,0.0588,-0.0895,0.0047,1.4950,0.3394,-4.7691,104.5387,-65.2193,-109.8441
378428364,0.0084,0.0131,-0.0006,0.0455,-0.3779,0.0500,0.0389,-0.0596,-0.0557,0.0585,-0.0435,-0.0495,1.1006,0.7272,-5.6606,104.5385,-65.2070,-109.8791
378433365,0.0085,0.0132,0.0235,-0.0140,-0.1370,0.0500,0.0182,-0.0506,-0.0558,0.0578,-0.0285,-0.1397,0.8753,1.2306,-7.2171,104.5380,-65.1942,-109.9529
378438365,0.0088,0.0129,0.0727,-0.0846,-0.0325,-0.0200,-0.0500,-0.0416,-0.0557,0.0567,0.0289,-0.2245,0.6499,2.1815,-7.2171,104.5381,-65.1621,-109.9764
378443365,0.0093,0.0120,0.1060,-0.2053,-0.1015,-0.0200,-0.0500,-0.0167,-0.0555,0.0551,0.0345,-0.3275,0.5372,2.1815,-8.2278,104.5383,-65.1544,-110.0496
378448364,0.0100,0.0105,0.1219,-0.3118,-0.1596,0.0665,-0.0500,0.0500,-0.0553,0.0529,0.0394,-0.4406,0.4245,2.1815,-8.6692,104.5388,-65.1402,-110.0859
378453364,0.0108,0.0086,0.1231,-0.4019,-0.1791,0.0762,-0.0500,0.0500,-0.0547,0.0509,0.1177,-0.4020,0.3118,2.8673,-8.8265,104.5380,-65.1173,-110.1480
378458365,0.0115,0.0065,0.1148,-0.4493,-0.1403,0.0762,0.0200,0.0500,-0.0542,0.0486,0.1095,-0.4493,0.3118,1.7594,-8.9730,104.5399,-65.1225,-110.1800
378463365,0.0119,0.0039,0.0944,-0.4618,-0.1131,0.0727,0.0200,0.0500,-0.0537,0.0463,0.0890,-0.4618,0.3118,1.4429,-8.5853,104.5412,-65.1232,-110.2313
378468365,0.0125,0.0012,0.0925,-0.4786,-0.2591,0.0769,-0.1345,-0.0200,-0.0532,0.0438,0.0964,-0.4947,0.3118,1.0736,-8.0627,104.5430,-65.1224,-110.2485
378473365,0.0129,-0.0010,0.0480,-0.4001,-0.1770,0.0662,-0.1211,-0.0200,-0.0530,0.0418,0.0505,-0.4139,0.3118,0.9153,-5.7632,104.5443,-65.1222,-110.2488
378478364,0.0130,-0.0030,0.0241,-0.3427,-0.0279,0.0539,-0.1153,0.0624,-0.0532,0.0398,-0.0396,-0.4018,0.3118,-1.3983,-5.3974,104.5462,-65.1679,-110.2593
378483365,0.0131,-0.0045,0.0046,-0.2489,0.0713,0.0468,-0.0978,0.0483,-0.0535,0.0383,-0.0740,-0.2984,1.3351,-1.5661,-4.9130,104.5690,-65.1767,-110.2856
378488365,0.0131,-0.0057,0.0052,-0.2068,0.0933,0.0459,-0.0923,0.0428,-0.0540,0.0370,-0.0820,-0.2456,2.1967,-1.5661,-4.1865,104.5985,-65.1868,-110.2858
378493365,0.0130,-0.0066,0.0031,-0.1344,0.0481,0.0453,-0.0769,0.0297,-0.0544,0.0363,-0.0903,-0.1487,2.9395,-2.0024,-2.9757,104.6229,-65.2013,-110.2856
378498365,0.0132,-0.0073,0.0082,-0.0852,-0.0230,0.0480,-0.0676,0.0205,-0.0548,0.0359,-0.0867,-0.0866,3.0324,-2.4388,-2.5398,104.6429,-65.2256,-110.2858
378503365,0.0133,-0.0078,0.0086,-0.0483,-0.0695,0.0482,-0.0590,0.0135,-0.0553,0.0357,-0.0988,-0.0265,3.6969,-3.2650,-1.8134,104.6700,-65.2521,-110.2858
378508365,0.0132,-0.0079,-0.0254,0.0363,-0.1037,0.0394,-0.0348,-0.0006,-0.0560,0.0361,-0.1391,0.0731,3.8573,-3.9801,-1.5228,104.6954,-65.2882,-110.2854
378513365,0.0131,-0.0077,-0.0504,0.0840,-0.0817,0.0315,-0.0197,-0.0500,-0.0569,0.0368,-0.1733,0.1305,4.4991,-4.2002,-1.0869,104.7257,-65.3072,-110.2855
378518365,0.0127,-0.0070,-0.1164,0.1762,-0.0487,0.0130,0.0500,-0.0500,-0.0581,0.0380,-0.2403,0.2498,4.7342,-4.9304,-0.9416,104.7579,-65.3520,-110.2859
378523365,0.0122,-0.0062,-0.1500,0.1885,-0.0582,0.0058,0.0500,-0.0500,-0.0593,0.0389,-0.2317,0.1881,4.7342,-5.3524,-0.6510,104.7769,-65.3783,-110.2854
378528365,0.0113,-0.0053,-0.1784,0.2242,-0.0688,-0.0500,0.0500,-0.0500,-0.0606,0.0401,-0.2620,0.2239,4.8469,-5.3524,-0.5541,104.8080,-65.4131,-110.2856
378533364,0.0104,-0.0043,-0.1973,0.2541,-0.0545,-0.0500,0.0500,0.0200,-0.0616,0.0413,-0.1973,0.2541,4.8469,-5.3524,-0.4088,104.8273,-65.4319,-110.2857
378538365,0.0093,-0.0031,-0.2111,0.2920,-0.0356,-0.0500,-0.0200,0.0200,-0.0626,0.0428,-0.2111,0.2920,4.0391,-5.1100,-0.3604,104.8388,-65.4617,-110.2860
378543365,0.0081,-0.0016,-0.2031,0.3100,-0.0001,-0.0500,-0.0200,-0.0522,-0.0636,0.0443,-0.2054,0.3061,3.2851,-4.2859,-0.2635,104.8384,-65.4616,-110.2860
378548364,0.0071,-0.0000,-0.1820,0.3036,0.0042,0.0200,0.0784,-0.0590,-0.0647,0.0461,-0.2108,0.3457,2.4235,-3.0739,-0.2635,104.8383,-65.4611,-110.2868
378553365,0.0064,0.0014,-0.1148,0.2688,-0.0084,0.0200,0.0682,-0.0629,-0.0654,0.0476,-0.1394,0.3036,1.9926,-2.5891,-0.2635,104.8386,-65.4613,-110.2886
378558365,0.0061,0.0025,-0.0302,0.2138,0.0191,0.0500,0.0490,-0.0634,-0.0657,0.0487,-0.0691,0.2298,1.4541,-1.3361,-0.2635,104.8382,-65.4503,-110.2895
378563365,0.0063,0.0033,0.0751,0.1616,0.0069,0.0500,0.0234,-0.0673,-0.0654,0.0494,0.0677,0.1420,1.1848,0.2237,-1.0910,104.8382,-65.4210,-110.3085
378568365,0.0069,0.0038,0.1081,0.1475,-0.1122,0.0500,0.0178,-0.0686,-0.0649,0.0500,0.0940,0.1165,0.9156,0.2237,-1.8633,104.8391,-65.4195,-110.3293
378573365,0.0075,0.0045,0.1472,0.1319,-0.2032,0.0500,0.0119,-0.0727,-0.0643,0.0505,0.1331,0.1009,0.7540,0.2237,-1.8633,104.8391,-65.4188,-110.3419
378578365,0.0082,0.0051,0.1582,0.1145,-0.1941,-0.0200,0.0072,-0.0733,-0.0636,0.0509,0.1400,0.0765,0.5386,0.2237,-2.3353,104.8386,-65.4171,-110.3576
378583365,0.0091,0.0056,0.1964,0.0669,-0.1666,-0.0200,-0.0500,-0.0695,-0.0627,0.0509,0.1740,0.0013,0.4309,0.9096,-3.5016,104.8384,-65.4019,-110.4008
378588365,0.0104,0.0057,0.2697,0.0031,-0.1586,0.1083,-0.0500,-0.0678,-0.0615,0.0506,0.2291,-0.0540,0.4309,2.1758,-3.8433,104.8410,-65.3655,-110.4228
378593365,0.0118,0.0056,0.3002,-0.0538,-0.1226,0.1209,-0.0500,-0.0612,-0.0603,0.0500,0.2529,-0.1223,0.4309,2.1758,-4.6187,104.8427,-65.3568,-110.4640
378598365,0.0134,0.0050,0.3274,-0.1362,-0.0792,0.1334,-0.0500,-0.0480,-0.0589,0.0490,0.2774,-0.2094,0.4309,1.8065,-4.9322,104.8453,-65.3513,-110.4889
378603365,0.0151,0.0041,0.3201,-0.2004,-0.0786,0.1378,0.0200,-0.0325,-0.0576,0.0476,0.2632,-0.2853,0.4309,0.5403,-5.7301,104.8470,-65.3725,-110.5365
378608364,0.0170,0.0028,0.3186,-0.2474,-0.1638,0.1443,0.0200,-0.0194,-0.0564,0.0459,0.2410,-0.3324,1.6379,0.3820,-5.7301,104.8761,-65.3729,-110.5594
378613365,0.0184,0.0016,0.2450,-0.2214,-0.1611,0.1314,-0.1116,-0.0136,-0.0555,0.0443,0.1650,-0.3170,1.6379,0.2174,-6.2266,104.8826,-65.3748,-110.6063
378618365,0.0196,0.0005,0.2053,-0.1805,-0.0921,0.1224,-0.1015,-0.0175,-0.0551,0.0431,0.0895,-0.2450,2.5793,-1.9577,-6.3315,104.9106,-65.4247,-110.6334
378623365,0.0206,-0.0003,0.1600,-0.1203,-0.0020,0.1131,-0.0883,-0.0248,-0.0549,0.0421,0.0342,-0.1864,3.1179,-1.9577,-6.4291,104.9376,-65.4325,-110.6736
378628364,0.0213,-0.0008,0.1106,-0.0724,0.0487,0.1019,-0.0749,-0.0289,-0.0551,0.0415,-0.0318,-0.1385,4.0741,-1.9577,-6.4291,104.9719,-65.4443,-110.6993
378633365,0.0219,-0.0012,0.0669,-0.0672,0.0820,0.0903,-0.0691,-0.0243,-0.0556,0.0408,-0.1078,-0.1214,5.8220,-2.4909,-6.1522,105.0362,-65.4636,-110.7309
378638365,0.0222,-0.0015,0.0452,-0.0910,0.0845,0.0853,-0.0725,-0.0160,-0.0563,0.0401,-0.1375,-0.1399,6.4732,-2.4909,-5.7864,105.0732,-65.4785,-110.7480
378643364,0.0224,-0.0022,0.0055,-0.0861,0.0093,0.0751,-0.0664,-0.0091,-0.0573,0.0395,-0.2016,-0.1220,7.7112,-3.1106,-5.5251,105.1411,-65.5017,-110.7761
378648365,0.0223,-0.0027,-0.0434,-0.0574,-0.0603,0.0625,-0.0542,-0.0060,-0.0586,0.0391,-0.2620,-0.0920,8.4272,-3.1106,-5.4282,105.1882,-65.5204,-110.7961
378653365,0.0219,-0.0028,-0.1130,0.0168,-0.0297,0.0412,-0.0276,-0.0125,-0.0604,0.0391,-0.3560,-0.0055,9.5392,-3.8257,-5.3179,105.2654,-65.5484,-110.8264
378658364,0.0208,-0.0021,-0.2575,0.1732,0.0338,-0.0013,0.0500,-0.0294,-0.0630,0.0398,-0.5115,0.1598,9.9900,-4.3125,-5.2076,105.3139,-65.5813,-110.8451
378663365,0.0193,-0.0012,-0.3238,0.2239,0.0381,-0.0500,0.0500,-0.0293,-0.0657,0.0406,-0.5512,0.1472,10.6529,-4.5073,-5.1027,105.3895,-65.6032,-110.8742
378668364,0.0177,-0.0001,-0.3622,0.2474,-0.0356,-0.0500,0.0500,-0.0372,-0.0677,0.0415,-0.4003,0.1820,10.8191,-4.6655,-4.4210,105.4358,-65.6338,-110.8792
378673365,0.0159,0.0010,-0.3992,0.2700,-0.0685,-0.0500,0.0500,-0.0375,-0.0699,0.0425,-0.4373,0.2045,10.7250,-4.6655,-4.4210,105.4989,-65.6525,-110.9057
378678365,0.0139,0.0023,-0.4377,0.2950,-0.0111,-0.0500,-0.0200,-0.0391,-0.0723,0.0437,-0.4767,0.2281,10.2078,-4.2181,-4.5186,105.5297,-65.6711,-110.9257
378683365,0.0118,0.0037,-0.4740,0.3137,0.0420,0.0200,-0.0200,-0.0398,-0.0749,0.0449,-0.5140,0.2450,8.1794,-3.4350,-4.6294,105.5447,-65.6707,-110.9550
378688365,0.0093,0.0054,-0.4820,0.3137,0.0405,0.0200,0.1289,-0.0414,-0.0776,0.0463,-0.5439,0.2829,8.1794,-2.5401,-4.6294,105.5774,-65.6707,-110.9735
378693365,0.0069,0.0068,-0.4496,0.2666,-0.0038,-0.0981,0.1285,-0.0302,-0.0807,0.0474,-0.6196,0.2288,6.5100,-2.0926,-4.6294,105.5892,-65.6710,-110.9967
378698365,0.0049,0.0079,-0.3961,0.1967,-0.0771,-0.0904,0.1140,-0.0206,-0.0834,0.0482,-0.5433,0.1515,5.3252,-1.7011,-4.7339,105.5890,-65.6708,-111.0272
378703365,0.0035,0.0082,-0.2520,0.0473,-0.1757,-0.0564,0.0667,-0.0036,-0.0853,0.0482,-0.3725,-0.0067,3.9250,-1.2536,-4.8792,105.5886,-65.6707,-111.0494
378708365,0.0023,0.0084,-0.2080,0.0519,-0.2222,-0.0486,0.0652,-0.0081,-0.0868,0.0481,-0.3164,-0.0087,3.2249,-1.0299,-5.0999,105.5889,-65.6708,-111.0835
378713364,0.0014,0.0086,-0.1484,0.0360,-0.1715,-0.0366,0.0549,-0.0117,-0.0880,0.0480,-0.2397,-0.0288,2.3632,-0.7502,-5.0999,105.5884,-65.6706,-111.1039
378718364,0.0007,0.0088,-0.1161,0.0336,-0.0545,-0.0320,0.0507,-0.0166,-0.0890,0.0478,-0.1976,-0.0306,1.9324,-0.6384,-4.9426,105.5884,-65.6711,-111.1311
378723365,0.0003,0.0088,-0.0428,-0.0043,0.0133,-0.0151,0.0326,-0.0181,-0.0896,0.0475,-0.1145,-0.0710,1.4477,-0.4706,-4.9426,105.5888,-65.6710,-111.1508
378728365,0.0003,0.0085,0.0235,-0.0751,-0.0068,0.0500,0.0075,-0.0099,-0.0898,0.0468,-0.0377,-0.1435,0.8942,-0.3587,-4.9426,105.5829,-65.6704,-111.1805
378733364,0.0006,0.0080,0.0690,-0.1164,-0.0826,0.0500,-0.0500,-0.0049,-0.0897,0.0458,0.0236,-0.1855,-1.2959,-0.3028,-4.9426,105.5367,-65.6713,-111.2003
378738365,0.0012,0.0070,0.1164,-0.1457,-0.1302,0.0500,-0.0500,-0.0021,-0.0893,0.0448,0.0765,-0.2144,-1.2959,-0.2468,-4.6103,105.5315,-65.6712,-111.2216
378743365,0.0018,0.0062,0.1481,-0.1561,-0.1116,0.0500,-0.0500,-0.0024,-0.0887,0.0436,0.1083,-0.2248,-1.2959,-0.1909,-4.6103,105.5237,-65.6713,-111.2401
378748365,0.0026,0.0054,0.1930,-0.1542,-0.1055,-0.0200,-0.0500,-0.0083,-0.0879,0.0426,0.1609,-0.2097,-1.2959,-0.1350,-3.7218,105.5185,-65.6707,-111.2481
378753365,0.0038,0.0045,0.2694,-0.1555,-0.1580,-0.0200,0.0200,-0.0166,-0.0868,0.0415,0.2386,-0.2085,-1.1269,-0.0790,-3.5651,105.5141,-65.6704,-111.2593
378758365,0.0053,0.0035,0.3067,-0.1445,-0.1669,0.0979,0.0200,-0.0231,-0.0854,0.0406,0.2720,-0.1975,0.2254,-0.0790,-3.5651,105.5400,-65.6707,-111.2807
378763365,0.0069,0.0028,0.3002,-0.1051,-0.1128,0.1019,-0.0652,-0.0323,-0.0841,0.0398,0.2661,-0.1532,0.2254,-0.1350,-3.3713,105.5413,-65.6724,-111.2907
378768365,0.0085,0.0023,0.3103,-0.0480,-0.0960,0.1106,-0.0593,-0.0477,-0.0827,0.0393,0.2762,-0.0960,0.2254,-0.1350,-3.3713,105.5422,-65.6729,-111.3109
378773366,0.0100,0.0021,0.3146,0.0122,-0.1177,0.1178,-0.0500,-0.0633,-0.0813,0.0391,0.2795,-0.0375,0.2254,-0.1350,-3.4817,105.5436,-65.6737,-111.3266
378778365,0.0116,0.0022,0.3018,0.0684,-0.0844,0.1206,-0.0392,-0.0781,-0.0800,0.0392,0.2650,0.0217,0.2254,-0.3289,-3.4817,105.5445,-65.6782,-111.3475
378783365,0.0133,0.0027,0.3027,0.0886,-0.0346,0.1249,-0.0348,-0.0887,-0.0788,0.0395,0.2363,0.0643,1.1947,-1.8318,-3.4817,105.5663,-65.7162,-111.3615
378788364,0.0148,0.0031,0.2657,0.0788,0.0032,0.1197,-0.0339,-0.0859,-0.0779,0.0398,0.1795,0.0490,2.1641,-1.8318,-3.8487,105.5931,-65.7235,-111.3915
378793364,0.0163,0.0033,0.2388,0.0629,-0.0951,0.1174,-0.0333,-0.0805,-0.0773,0.0400,0.1204,0.0384,3.2783,-2.7612,-4.4346,105.6321,-65.7567,-111.4204
378798364,0.0170,0.0035,0.1048,0.0669,-0.1531,0.0857,-0.0155,-0.0643,-0.0775,0.0401,-0.0376,0.0308,4.2751,-2.7612,-5.2099,105.6670,-65.7677,-111.4651
378803365,0.0174,0.0039,0.0351,0.1014,-0.1125,0.0668,0.0019,-0.0644,-0.0782,0.0405,-0.1395,0.0643,5.3982,-3.4764,-5.9938,105.7173,-65.8004,-111.5028
378808365,0.0175,0.0044,-0.0217,0.1429,-0.0777,0.0508,0.0500,-0.0670,-0.0793,0.0409,-0.2179,0.0908,6.1505,-3.4764,-7.0029,105.7554,-65.8143,-111.5615
378813365,0.0172,0.0051,-0.0898,0.1823,-0.0627,0.0333,0.0500,-0.0656,-0.0806,0.0413,-0.2734,0.0714,6.9393,-3.6711,-7.4442,105.8112,-65.8392,-111.5999
378818364,0.0166,0.0060,-0.1610,0.2053,-0.0985,0.0118,0.0500,-0.0611,-0.0825,0.0417,-0.3676,0.0770,7.6933,-3.6711,-8.6069,105.8563,-65.8539,-111.6718
378823364,0.0158,0.0070,-0.2074,0.2150,-0.1376,-0.0500,0.0500,-0.0576,-0.0846,0.0420,-0.4309,0.0785,8.3969,-3.4601,-9.1607,105.9186,-65.8716,-111.7187
378828365,0.0148,0.0082,-0.2526,0.2269,-0.0869,-0.0500,-0.0200,-0.0616,-0.0863,0.0424,-0.3393,0.0785,8.3969,-2.8270,-10.0147,105.9522,-65.8715,-111.7930
378833365,0.0135,0.0093,-0.2697,0.2004,-0.0151,-0.0500,-0.0200,-0.0554,-0.0881,0.0427,-0.3603,0.0453,8.1812,-1.7558,-10.4560,105.9990,-65.8646,-111.8428
378838365,0.0121,0.0102,-0.2718,0.1365,-0.0310,-0.0500,0.0682,-0.0404,-0.0900,0.0425,-0.3695,-0.0247,8.1342,-0.1980,-11.0636,106.0306,-65.8375,-111.9192
378843365,0.0108,0.0104,-0.2700,0.0192,-0.1794,0.0200,0.0476,-0.0108,-0.0918,0.0418,-0.3692,-0.1476,6.3312,-0.1007,-11.3405,106.0387,-65.8363,-111.9695
378848365,0.0094,0.0104,-0.2856,-0.0144,-0.1916,0.0200,0.0451,0.0016,-0.0937,0.0409,-0.3874,-0.1858,5.9932,-0.1007,-11.6426,106.0561,-65.8367,-112.0442
378853365,0.0081,0.0102,-0.2688,-0.0693,-0.1308,-0.0491,0.0359,0.0500,-0.0961,0.0397,-0.4712,-0.2435,5.8316,-0.0520,-11.7529,106.0888,-65.8362,-112.0932
378858365,0.0067,0.0097,-0.2605,-0.1142,-0.1037,-0.0436,0.0328,0.0500,-0.0978,0.0391,-0.3426,-0.1136,4.7545,-0.0520,-11.4383,106.0884,-65.8364,-112.1565
378863365,0.0056,0.0088,-0.2004,-0.1936,-0.1397,-0.0308,0.0068,0.0500,-0.0991,0.0381,-0.2612,-0.1930,3.5159,-0.0520,-11.1453,106.0884,-65.8367,-112.1954
378868364,0.0047,0.0074,-0.1521,-0.2993,-0.1776,-0.0208,-0.0500,0.0500,-0.1001,0.0366,-0.2018,-0.2986,2.8696,-0.0520,-10.3146,106.0883,-65.8369,-112.2420
378873365,0.0042,0.0057,-0.0990,-0.3757,-0.1709,-0.0086,-0.0500,-0.0200,-0.1008,0.0348,-0.1353,-0.3757,2.1157,0.0000,-8.9036,106.0882,-65.8360,-112.2528
378878365,0.0038,0.0035,-0.0516,-0.4197,-0.1049,0.0500,-0.0500,-0.0200,-0.1011,0.0327,-0.0619,-0.4197,0.5994,0.0000,-6.8654,106.0639,-65.8360,-112.2583
378883365,0.0036,0.0012,-0.0290,-0.4215,-0.0197,0.0500,-0.0500,0.0935,-0.1016,0.0300,-0.0882,-0.5237,-0.6761,0.0000,-6.8654,106.0359,-65.8360,-112.2858
378888364,0.0035,-0.0006,0.0156,-0.3186,-0.0239,0.0500,0.0200,0.0695,-0.1017,0.0281,-0.0281,-0.3941,-0.6761,0.0000,-5.0734,106.0332,-65.8360,-112.2855
378893365,0.0040,-0.0021,0.1069,-0.2544,-0.0169,0.0500,0.0200,0.0470,-0.1013,0.0265,0.0712,-0.3163,-0.6761,-0.0487,-4.1532,106.0291,-65.8371,-112.2856
378898365,0.0046,-0.0035,0.1426,-0.2288,0.0176,-0.0200,-0.0912,0.0385,-0.1008,0.0251,0.1157,-0.2740,-0.3381,-0.0487,-3.0877,106.0333,-65.8372,-112.2859
378903364,0.0053,-0.0044,0.1698,-0.2095,0.0222,-0.0200,-0.0948,0.0319,-0.1000,0.0239,0.1470,-0.2445,0.0000,-0.1542,-2.5065,106.0399,-65.8397,-112.2854
378908365,0.0062,-0.0056,0.1662,-0.1811,-0.0743,0.0654,-0.0904,0.0278,-0.0993,0.0230,0.1361,-0.1846,0.0000,-1.6314,-1.8768,106.0399,-65.8730,-112.2859
378913365,0.0070,-0.0067,0.1527,-0.1689,-0.2026,0.0670,-0.0896,0.0304,-0.0987,0.0221,0.1256,-0.1674,0.0000,-1.6314,-1.5378,106.0399,-65.8828,-112.2859
378918364,0.0078,-0.0075,0.1475,-0.0968,-0.1877,0.0686,-0.0772,0.0158,-0.0981,0.0217,0.1209,-0.0895,0.1616,-1.6314,-1.1504,106.0431,-65.8894,-112.2860
378923366,0.0087,-0.0076,0.1961,0.0244,-0.0520,0.0797,-0.0583,-0.0500,-0.0975,0.0219,0.1285,0.0486,2.2080,-2.5263,-0.9082,106.0923,-65.9179,-112.2853
378928365,0.0099,-0.0072,0.2569,0.1121,0.0307,0.0991,-0.0482,-0.0500,-0.0965,0.0227,0.1957,0.1523,2.2080,-2.6941,-0.6660,106.1012,-65.9320,-112.2852
378933366,0.0112,-0.0061,0.2825,0.2648,-0.0126,0.1100,-0.0149,-0.0500,-0.0955,0.0243,0.2018,0.3180,2.9044,-3.5668,-0.5692,106.1301,-65.9682,-112.2858
378938365,0.0129,-0.0048,0.3024,0.3103,-0.0041,0.1213,-0.0057,-0.0500,-0.0944,0.0261,0.2177,0.3705,2.9044,-4.0315,-0.4239,106.1417,-65.9920,-112.2858
378943365,0.0144,-0.0031,0.2505,0.3625,0.0552,0.1121,0.0500,0.0200,-0.0936,0.0283,0.1492,0.4266,3.7350,-4.2897,-0.3270,106.1799,-66.0228,-112.2853
378948364,0.0154,-0.0014,0.1741,0.3812,0.0402,0.0987,0.0500,0.0200,-0.0932,0.0302,0.0913,0.3807,4.8047,-4.6748,-0.3270,106.2186,-66.0481,-112.2871
378953365,0.0161,0.0005,0.1084,0.4090,-0.0148,0.0844,0.0500,-0.1323,-0.0932,0.0322,0.0061,0.4036,5.7824,-4.6748,-0.3270,106.2697,-66.0761,-112.2884
378958364,0.0166,0.0027,0.0528,0.4575,0.0420,0.0710,0.0500,-0.1450,-0.0935,0.0344,-0.0591,0.4521,6.3458,-4.2853,-0.3270,106.3060,-66.0867,-112.2904
378963365,0.0168,0.0051,-0.0082,0.4878,0.1282,0.0529,-0.0200,-0.1516,-0.0942,0.0368,-0.1503,0.4723,7.7646,-3.1657,-0.9890,106.3769,-66.0865,-112.3054
378968364,0.0168,0.0075,-0.0565,0.4917,0.1608,0.0388,-0.0200,-0.1536,-0.0953,0.0391,-0.2160,0.4624,8.3183,-2.5815,-1.9268,106.4198,-66.0863,-112.3347
378973365,0.0164,0.0100,-0.1097,0.4847,0.1682,0.0222,0.1253,-0.1540,-0.0967,0.0415,-0.2903,0.4761,8.8531,-1.3859,-1.9268,106.4818,-66.0755,-112.3424
378978365,0.0158,0.0124,-0.1255,0.4557,0.1196,0.0172,0.1292,-0.1509,-0.0982,0.0436,-0.2968,0.4213,9.1823,0.3301,-1.9268,106.5248,-66.0435,-112.3540
378983365,0.0151,0.0142,-0.1429,0.3360,0.1104,0.0089,0.1130,-0.1261,-0.0999,0.0451,-0.3295,0.2899,9.6794,0.3301,-2.7134,106.5915,-66.0415,-112.3794
378988364,0.0144,0.0157,-0.1381,0.2584,0.0802,0.0073,0.1016,-0.1119,-0.1015,0.0460,-0.3318,0.1986,9.6330,0.3301,-3.6410,106.6292,-66.0402,-112.4170
378993365,0.0137,0.0168,-0.1384,0.1918,0.0225,0.0054,0.0912,-0.0975,-0.1032,0.0466,-0.3297,0.1064,9.2454,0.9497,-4.7486,106.6785,-66.0254,-112.4557
378998364,0.0130,0.0176,-0.1655,0.1454,-0.0374,-0.0500,0.0872,-0.0824,-0.1050,0.0467,-0.3563,0.0239,9.1384,2.0857,-6.0360,106.7133,-65.9960,-112.5128
379003365,0.0122,0.0183,-0.2178,0.1487,-0.0704,-0.0500,0.0908,-0.0805,-0.1062,0.0467,-0.2519,-0.0062,8.3067,3.2492,-7.1621,106.7496,-65.9572,-112.5617
379008365,0.0112,0.0191,-0.2214,0.1319,0.0115,-0.0500,0.0891,-0.0761,-0.1075,0.0464,-0.2580,-0.0538,7.8835,4.1442,-8.3348,106.7730,-65.9255,-112.6315
379013365,0.0100,0.0196,-0.2334,0.0867,0.1077,-0.0500,0.0824,-0.0639,-0.1089,0.0458,-0.2704,-0.1222,6.4186,4.8923,-9.1357,106.7880,-65.8843,-112.6828
379018364,0.0093,0.0198,-0.1475,0.0159,0.1062,0.0200,0.0571,-0.0569,-0.1098,0.0447,-0.1881,-0.2159,6.1932,5.4563,-10.1044,106.8084,-65.8522,-112.7604
379023364,0.0092,0.0195,-0.0162,-0.0858,-0.0624,0.0200,0.0180,-0.0465,-0.1101,0.0430,-0.0534,-0.3413,5.8701,6.4446,-10.7058,106.8389,-65.7970,-112.8141
379028364,0.0100,0.0179,0.0968,-0.3332,-0.7154,0.0500,-0.0500,0.0500,-0.1102,0.0400,-0.0266,-0.5978,4.7930,6.4996,-11.2438,106.8387,-65.7699,-112.8912
379033365,0.0106,0.0161,0.0608,-0.3476,-0.7261,0.0500,-0.0500,0.0500,-0.1099,0.0383,0.0608,-0.3476,3.5544,6.9127,-11.4880,106.8388,-65.7208,-112.9417
379038365,0.0109,0.0142,0.0812,-0.3461,-0.6156,0.0500,-0.0500,0.0500,-0.1095,0.0365,0.0812,-0.3461,2.9082,7.0581,-11.8140,106.8388,-65.6898,-113.0186
379043364,0.0113,0.0121,0.1103,-0.3852,-0.6147,0.0500,-0.0500,0.0500,-0.1089,0.0346,0.1103,-0.3852,2.1542,6.6107,-11.8140,106.8388,-65.6576,-113.0658
379048364,0.0118,0.0100,0.1277,-0.4215,-0.6840,-0.0200,0.0200,-0.0200,-0.1083,0.0325,0.1277,-0.4215,1.7772,6.6107,-11.3366,106.8391,-65.6312,-113.1265
379053364,0.0127,0.0076,0.1393,-0.4908,-0.6983,-0.0200,0.0200,-0.0200,-0.1076,0.0301,0.1393,-0.4908,1.2925,5.2390,-10.6549,106.8385,-65.6223,-113.1561
379058364,0.0136,0.0049,0.1234,-0.5192,-0.6721,0.0889,-0.1412,0.0781,-0.1073,0.0264,0.0545,-0.7257,1.3464,4.2893,-9.5808,106.8450,-65.6223,-113.1940
379063365,0.0140,0.0021,0.0513,-0.5134,-0.6437,0.0723,-0.1395,0.0918,-0.1074,0.0230,-0.0146,-0.6820,1.3464,3.1814,-8.1409,106.8530,-65.6223,-113.2013
379068365,0.0139,-0.0005,-0.0250,-0.4618,-0.6391,0.0525,-0.1265,0.0986,-0.1079,0.0199,-0.0926,-0.6159,1.3464,2.6011,-7.7533,106.8584,-65.6224,-113.2403
379073365,0.0136,-0.0021,-0.0473,-0.2569,-0.5771,0.0452,-0.0832,0.0601,-0.1084,0.0180,-0.1117,-0.3852,1.3464,1.9153,-6.7080,106.8665,-65.6227,-113.2489
379078365,0.0135,-0.0034,-0.0113,-0.1988,-0.5294,0.0539,-0.0787,0.0452,-0.1088,0.0165,-0.0685,-0.3038,1.3464,1.5460,-5.5060,106.8719,-65.6231,-113.2602
379083365,0.0136,-0.0042,-0.0073,-0.1820,-0.5508,0.0551,-0.0778,0.0438,-0.1091,0.0151,-0.0693,-0.2814,1.4392,1.1767,-5.5060,106.8823,-65.6223,-113.2822
379088365,0.0136,-0.0053,-0.0052,-0.2288,-0.6186,0.0562,-0.0878,0.0554,-0.1095,0.0137,-0.0708,-0.2828,1.4392,-0.5593,-4.1984,106.8880,-65.6555,-113.2855
379093365,0.0135,-0.0067,-0.0040,-0.2300,-0.6580,0.0553,-0.0904,0.0603,-0.1099,0.0124,-0.0854,-0.2617,2.3806,-1.2865,-3.4234,106.9181,-65.6771,-113.2853
379098365,0.0134,-0.0080,-0.0116,-0.2022,-0.6305,0.0534,-0.0859,0.0567,-0.1103,0.0114,-0.0852,-0.1942,2.3806,-2.1591,-1.6326,106.9276,-65.7006,-113.2659
379103365,0.0134,-0.0088,-0.0052,-0.1060,-0.5523,0.0527,-0.0671,0.0356,-0.1108,0.0110,-0.0965,-0.0699,3.5037,-3.0085,-0.5874,106.9666,-65.7331,-113.2487
379108365,0.0134,-0.0089,-0.0199,0.0373,-0.5105,0.0479,-0.0340,0.0056,-0.1114,0.0115,-0.1147,0.0842,3.5037,-3.5765,-0.4306,106.9806,-65.7583,-113.2486
379113365,0.0132,-0.0085,-0.0397,0.1347,-0.5413,0.0415,-0.0065,-0.0500,-0.1121,0.0125,-0.1518,0.1980,4.0680,-4.5667,-0.3260,107.0155,-65.8025,-113.2480
379118365,0.0130,-0.0077,-0.0654,0.2257,-0.5242,0.0327,0.0500,-0.0500,-0.1131,0.0140,-0.1901,0.3055,4.5751,-5.3456,-0.2738,107.0427,-65.8372,-113.2488
379123365,0.0127,-0.0063,-0.0956,0.3140,-0.5154,0.0273,0.0500,-0.0500,-0.1140,0.0156,-0.1746,0.3136,4.5751,-5.7677,0.2215,107.0701,-65.8783,-113.2396
379128365,0.0122,-0.0048,-0.1087,0.3629,-0.5426,0.0218,0.0500,-0.0500,-0.1149,0.0174,-0.1941,0.3625,4.9521,-5.7677,1.7168,107.0967,-65.9014,-113.2016
379133365,0.0116,-0.0031,-0.1255,0.4081,-0.5872,0.0159,0.0500,0.0200,-0.1160,0.0194,-0.2117,0.4077,4.9985,-5.0406,1.3291,107.1274,-65.9205,-113.2034
379138364,0.0110,-0.0010,-0.1552,0.4572,-0.6040,0.0062,-0.0200,0.0200,-0.1172,0.0217,-0.2413,0.4569,4.9985,-5.0406,0.9968,107.1474,-65.9407,-113.2030
379143364,0.0103,0.0013,-0.1796,0.4820,-0.5508,-0.0500,-0.0200,-0.0986,-0.1185,0.0242,-0.2518,0.4940,4.6109,-4.5558,0.8307,107.1688,-65.9608,-113.2027
379148365,0.0094,0.0038,-0.1888,0.4737,-0.4940,-0.0500,0.1319,-0.1071,-0.1195,0.0268,-0.2190,0.5216,4.6109,-3.3513,-0.1568,107.1873,-65.9531,-113.2192
379153364,0.0084,0.0060,-0.1863,0.4255,-0.4830,-0.0500,0.1268,-0.0995,-0.1206,0.0289,-0.2090,0.4196,4.5039,-1.1140,-1.5156,107.2128,-65.9208,-113.2502
379158365,0.0076,0.0079,-0.1420,0.3671,-0.4696,-0.0500,0.1163,-0.0973,-0.1214,0.0307,-0.1628,0.3579,3.7017,-0.8902,-1.5156,107.2132,-65.9204,-113.2593
379163366,0.0070,0.0096,-0.0883,0.3329,-0.4629,0.0200,0.1084,-0.1007,-0.1220,0.0322,-0.1097,0.3160,2.7390,-0.6665,-1.8062,107.2132,-65.9206,-113.2712
379168364,0.0070,0.0108,0.0254,0.3048,-0.6327,0.0200,0.0940,-0.1105,-0.1220,0.0336,-0.0002,0.2776,2.2576,-0.5546,-2.3874,107.2135,-65.9209,-113.2967
379173365,0.0070,0.0122,0.0217,0.2954,-0.6986,0.0500,0.0982,-0.1093,-0.1222,0.0349,-0.0396,0.2508,1.6693,-0.3868,-3.3803,107.2134,-65.9204,-113.3276
379178365,0.0073,0.0136,0.0226,0.2691,-0.7594,0.0500,0.0951,-0.1086,-0.1222,0.0359,-0.0054,0.2070,1.3484,0.4748,-3.6950,107.2130,-65.9042,-113.3542
379183364,0.0076,0.0147,0.0611,0.1921,-0.7426,0.0500,0.0739,-0.0991,-0.1220,0.0364,0.0374,0.0950,1.0276,1.8993,-4.6208,107.2136,-65.8669,-113.3897
379188365,0.0080,0.0153,0.0742,0.1121,-0.6931,0.0500,0.0534,-0.0841,-0.1218,0.0363,0.0453,-0.0230,0.8136,2.8729,-6.1969,107.2130,-65.8386,-113.4531
379193365,0.0086,0.0154,0.1381,0.0031,-0.6754,-0.0200,0.0193,-0.0690,-0.1212,0.0355,0.1093,-0.1479,0.5997,3.4167,-6.7195,107.2130,-65.8100,-113.4887
379198365,0.0095,0.0150,0.1744,-0.0953,-0.6498,-0.0200,-0.0500,-0.0513,-0.1205,0.0342,0.1413,-0.2701,0.4927,3.9668,-7.7692,107.2131,-65.7835,-113.5534
379203364,0.0107,0.0143,0.2059,-0.1637,-0.6214,0.0966,-0.0500,-0.0421,-0.1199,0.0327,0.1264,-0.2881,0.3858,4.6897,-8.3761,107.2135,-65.7439,-113.5986
379208365,0.0120,0.0132,0.2059,-0.2260,-0.6412,0.1013,-0.0500,-0.0258,-0.1193,0.0309,0.1195,-0.3654,0.2788,4.6897,-9.3887,107.2127,-65.7252,-113.6724
379213366,0.0130,0.0118,0.1857,-0.3048,-0.5921,0.0996,-0.0500,-0.0034,-0.1188,0.0287,0.0969,-0.4498,0.2253,4.6412,-9.7763,107.2132,-65.6981,-113.7185
379218365,0.0140,0.0102,0.2056,-0.3393,-0.5691,0.1083,0.0200,0.0500,-0.1182,0.0262,0.1147,-0.4895,0.1718,4.6412,-10.1307,107.2130,-65.6796,-113.7851
379223365,0.0153,0.0085,0.2263,-0.3509,-0.5511,0.1252,0.0200,0.0500,-0.1171,0.0245,0.2224,-0.3510,0.2253,3.7463,-10.1858,107.2152,-65.6716,-113.8267
379228365,0.0167,0.0067,0.2260,-0.3467,-0.5227,0.1323,-0.1112,0.0500,-0.1159,0.0225,0.2487,-0.3928,0.2253,3.0751,-9.6090,107.2161,-65.6715,-113.8759
379233365,0.0179,0.0050,0.2095,-0.3592,-0.4222,0.1303,-0.1202,0.0500,-0.1148,0.0205,0.2120,-0.3929,0.9777,2.2361,-9.3993,107.2332,-65.6724,-113.9094
379238365,0.0190,0.0033,0.1869,-0.3506,-0.2570,0.1257,-0.1247,-0.0200,-0.1139,0.0186,0.1739,-0.3785,1.6830,1.8446,-8.1299,107.2533,-65.6720,-113.9349
379243365,0.0200,0.0014,0.1497,-0.3369,-0.1489,0.1165,-0.1253,-0.0200,-0.1134,0.0169,0.1080,-0.3574,3.0916,1.3412,-7.4099,107.2972,-65.6725,-113.9524
379248365,0.0207,-0.0004,0.1191,-0.3167,-0.1162,0.1049,-0.1260,0.0256,-0.1134,0.0149,-0.0071,-0.3967,4.5456,-0.0970,-5.4716,107.3414,-65.6988,-113.9520
379253365,0.0214,-0.0021,0.0999,-0.2828,-0.0856,0.1004,-0.1210,0.0239,-0.1137,0.0132,-0.0516,-0.3388,6.1940,-0.7272,-4.4748,107.4059,-65.7153,-113.9519
379258365,0.0219,-0.0034,0.0770,-0.2245,0.0127,0.0952,-0.1111,0.0155,-0.1141,0.0119,-0.0794,-0.2634,7.0573,-0.7272,-3.3118,107.4492,-65.7182,-113.9519
379263365,0.0221,-0.0043,-0.0086,-0.1359,-0.0301,0.0723,-0.0807,0.0096,-0.1151,0.0111,-0.1976,-0.1459,8.5877,-2.0698,-2.7026,107.5266,-65.7548,-113.9517
379268365,0.0219,-0.0048,-0.0620,-0.0605,-0.0972,0.0579,-0.0563,0.0021,-0.1164,0.0109,-0.2657,-0.0500,9.4643,-2.7299,-1.9827,107.5800,-65.7757,-113.9514
379273364,0.0214,-0.0050,-0.1289,0.0098,-0.0746,0.0366,-0.0296,-0.0500,-0.1182,0.0111,-0.3632,0.0468,10.6888,-4.1753,-1.6504,107.6646,-65.8270,-113.9521
379278365,0.0207,-0.0047,-0.1765,0.0852,-0.0032,0.0210,-0.0040,-0.0500,-0.1203,0.0119,-0.4089,0.1517,11.2236,-4.5160,-1.2074,107.7187,-65.8495,-113.9517
379283365,0.0198,-0.0042,-0.2254,0.1286,0.0649,0.0030,0.0500,-0.0500,-0.1226,0.0129,-0.4733,0.2054,11.7874,-5.2019,-0.9859,107.7988,-65.8963,-113.9517
379288365,0.0190,-0.0034,-0.2181,0.1891,0.0570,0.0046,0.0500,-0.0500,-0.1248,0.0138,-0.4259,0.1877,12.0567,-5.7612,1.0741,107.8516,-65.9265,-113.9106
379293365,0.0179,-0.0026,-0.2208,0.2175,-0.0423,0.0008,0.0500,0.0200,-0.1269,0.0149,-0.4275,0.2162,11.9924,-5.6158,0.8788,107.9228,-65.9610,-113.9106
379298365,0.0168,-0.0014,-0.2553,0.2511,-0.1092,-0.0500,0.0500,0.0200,-0.1292,0.0162,-0.4573,0.2499,11.7250,-5.5673,0.6347,107.9653,-65.9796,-113.9110
379303364,0.0156,-0.0001,-0.2712,0.2926,-0.0432,-0.0500,-0.0200,-0.0607,-0.1305,0.0177,-0.2666,0.3006,11.2548,-4.7411,0.5371,108.0251,-65.9980,-113.9106
379308365,0.0142,0.0015,-0.3296,0.3140,0.0313,-0.0500,-0.0200,-0.0616,-0.1322,0.0193,-0.3262,0.3198,10.5786,-4.0182,0.3906,108.0552,-65.9989,-113.9108
379313365,0.0123,0.0029,-0.3537,0.2535,-0.0172,-0.0500,0.0892,-0.0474,-0.1340,0.0208,-0.3756,0.3018,9.3400,-2.8822,0.3418,108.0922,-65.9984,-113.9104
379318365,0.0107,0.0039,-0.3094,0.1967,-0.0600,0.0200,0.0781,-0.0402,-0.1357,0.0220,-0.3282,0.2365,9.0169,-2.4175,0.2441,108.1220,-65.9984,-113.9107
379323364,0.0092,0.0047,-0.2694,0.1371,-0.0890,0.0200,0.0630,-0.0300,-0.1370,0.0227,-0.2688,0.1420,6.8813,-0.1326,0.1953,108.1274,-65.9615,-113.9108
379328365,0.0080,0.0050,-0.2104,0.0892,-0.1623,-0.0259,0.0531,-0.0209,-0.1385,0.0231,-0.3042,0.0924,5.4886,-0.0841,0.1465,108.1242,-65.9609,-113.9108
379333365,0.0070,0.0052,-0.1762,0.0791,-0.2640,-0.0200,0.0505,-0.0204,-0.1399,0.0235,-0.2697,0.0816,5.4422,-0.0841,0.0976,108.1560,-65.9615,-113.9112
379338364,0.0063,0.0054,-0.1472,0.1023,-0.2964,-0.0140,0.0539,-0.0286,-0.1410,0.0241,-0.2275,0.1036,4.7223,0.0000,0.0976,108.1624,-65.9607,-113.9106
379343364,0.0058,0.0058,-0.1176,0.1307,-0.2732,-0.0062,0.0554,-0.0387,-0.1418,0.0246,-0.1629,0.1062,3.5040,1.6780,0.0488,108.1627,-65.9241,-113.9113
379348365,0.0053,0.0064,-0.0751,0.1139,-0.1858,0.0500,0.0479,-0.0429,-0.1424,0.0250,-0.1090,0.0878,2.8949,1.7899,0.0488,108.1633,-65.9156,-113.9110
379353364,0.0050,0.0068,-0.0321,0.0654,-0.1363,0.0500,0.0304,-0.0407,-0.1424,0.0252,-0.0107,0.0299,2.1196,2.4229,0.0488,108.1628,-65.8909,-113.9108
379358365,0.0053,0.0069,0.0834,0.0223,-0.1904,0.0500,0.0049,-0.0430,-0.1420,0.0249,0.0944,-0.0530,1.7320,3.1615,-1.8829,108.1627,-65.8658,-113.9541
379363365,0.0061,0.0069,0.1084,0.0027,-0.2338,0.0500,-0.0500,-0.0423,-0.1413,0.0245,0.1250,-0.0820,1.6213,3.7944,-1.8829,108.1703,-65.8312,-113.9616
379368365,0.0068,0.0068,0.1610,-0.0284,-0.2665,-0.0200,-0.0500,-0.0453,-0.1406,0.0242,0.1447,-0.0564,1.6213,3.7944,-1.8829,108.1768,-65.8179,-113.9729
379373365,0.0075,0.0066,0.1808,-0.0452,-0.2472,-0.0200,-0.0500,-0.0452,-0.1398,0.0239,0.1645,-0.0732,1.7282,4.2895,-1.8829,108.1887,-65.7818,-113.9804
379378365,0.0084,0.0062,0.2025,-0.0757,-0.2631,0.0831,-0.0500,-0.0398,-0.1391,0.0233,0.1391,-0.1039,2.7444,4.2895,-1.8829,108.2187,-65.7668,-113.9917
379383364,0.0097,0.0058,0.2184,-0.1121,-0.3364,0.0928,0.0200,-0.0337,-0.1383,0.0226,0.1505,-0.1395,3.0265,3.7731,-1.8307,108.2409,-65.7498,-113.9982
379388365,0.0110,0.0050,0.2257,-0.1118,-0.3465,0.1000,0.0200,-0.0351,-0.1376,0.0220,0.1571,-0.1322,3.3086,3.1535,-1.3603,108.2597,-65.7500,-113.9984
379393365,0.0121,0.0043,0.1976,-0.0922,-0.3321,0.0988,-0.0515,-0.0345,-0.1368,0.0213,0.1480,-0.1429,3.4777,2.2757,-1.0990,108.2829,-65.7498,-113.9981
379398365,0.0131,0.0040,0.1772,0.0052,-0.3792,0.0978,-0.0292,-0.0541,-0.1362,0.0211,0.1228,-0.0362,3.7030,1.9142,-0.8377,108.3022,-65.7497,-113.9987
379403365,0.0141,0.0041,0.2004,0.0605,-0.2845,0.1045,-0.0209,-0.0727,-0.1356,0.0213,0.1232,0.0390,4.5109,0.7309,-0.6809,108.3416,-65.7632,-113.9985
379408365,0.0152,0.0044,0.1781,0.0965,-0.1538,0.1003,-0.0105,-0.0839,-0.1352,0.0218,0.0825,0.1007,4.8823,-0.8252,-0.5241,108.3672,-65.7941,-113.9989
379413365,0.0161,0.0049,0.1463,0.1051,-0.0972,0.0942,-0.0050,-0.0856,-0.1350,0.0223,0.0348,0.1115,5.8343,-0.8802,-0.4196,108.4180,-65.8009,-113.9986
379418365,0.0168,0.0053,0.0959,0.0925,-0.0933,0.0835,-0.0008,-0.0792,-0.1351,0.0228,-0.0266,0.1004,6.5295,-0.8802,-0.3151,108.4558,-65.8040,-113.9987
379423364,0.0172,0.0058,0.0244,0.1081,-0.1544,0.0663,0.0500,-0.0743,-0.1357,0.0234,-0.1165,0.1167,7.6271,-0.8802,-0.2628,108.5202,-65.8097,-113.9987
379428365,0.0172,0.0062,-0.0406,0.1240,-0.2264,0.0507,0.0500,-0.0692,-0.1366,0.0240,-0.1836,0.1208,8.2419,-0.8802,-0.1583,108.5647,-65.8128,-113.9979
379433364,0.0172,0.0069,-0.0501,0.1646,-0.2384,0.0469,0.0500,-0.0783,-0.1377,0.0248,-0.2124,0.1605,9.3450,-0.8802,-0.2106,108.6405,-65.8185,-113.9997
379438365,0.0171,0.0078,-0.0648,0.2184,-0.2228,0.0420,0.0500,-0.0911,-0.1389,0.0259,-0.2346,0.2143,9.7880,-0.8802,-0.2106,108.6881,-65.8216,-114.0010
379443365,0.0166,0.0089,-0.1387,0.2358,-0.2173,0.0198,-0.0200,-0.0866,-0.1405,0.0270,-0.3318,0.2144,10.5579,0.6602,-1.3729,108.7653,-65.7935,-114.0267
379448365,0.0157,0.0101,-0.2340,0.2410,-0.2536,-0.0500,-0.0200,-0.0762,-0.1427,0.0280,-0.4390,0.2057,10.7833,0.6602,-2.3120,108.8126,-65.7912,-114.0561
379453364,0.0144,0.0113,-0.2334,0.2382,-0.2903,-0.0500,0.0922,-0.0823,-0.1440,0.0289,-0.2530,0.1803,10.8984,0.8151,-3.0844,108.8802,-65.7838,-114.0832
379458365,0.0130,0.0122,-0.2468,0.1900,-0.2723,-0.0500,0.0866,-0.0685,-0.1453,0.0294,-0.2635,0.0940,10.6215,2.2609,-4.1855,108.9181,-65.7496,-114.1253
379463365,0.0119,0.0131,-0.2511,0.1494,-0.2985,-0.0500,0.0831,-0.0585,-0.1467,0.0296,-0.2737,0.0417,9.8728,2.3125,-4.9179,108.9663,-65.7335,-114.1573
379468365,0.0108,0.0138,-0.2495,0.1222,-0.3584,0.0200,0.0808,-0.0506,-0.1480,0.0295,-0.2734,-0.0093,9.5842,3.0397,-5.7909,108.9997,-65.7100,-114.2059
379473365,0.0097,0.0142,-0.2792,0.0779,-0.4189,0.0200,0.0795,-0.0356,-0.1496,0.0293,-0.3031,-0.0536,7.3272,3.0397,-5.7909,109.0054,-65.6902,-114.2291
379478365,0.0082,0.0146,-0.3051,0.0611,-0.4824,-0.0491,0.0874,-0.0198,-0.1518,0.0288,-0.4534,-0.0958,7.0921,3.7109,-6.7978,109.0292,-65.6644,-114.2869
379483365,0.0066,0.0148,-0.2984,0.0626,-0.4418,-0.0519,0.0881,-0.0193,-0.1539,0.0282,-0.4134,-0.1084,5.6272,4.6606,-6.7978,109.0389,-65.6199,-114.3141
379488365,0.0053,0.0150,-0.2346,0.0293,-0.3538,-0.0408,0.0738,-0.0194,-0.1556,0.0275,-0.3332,-0.1480,4.5567,4.7579,-7.1288,109.0379,-65.6016,-114.3633
379493364,0.0046,0.0144,-0.1277,-0.1338,-0.5129,-0.0122,0.0241,0.0500,-0.1565,0.0259,-0.1947,-0.3260,3.3735,5.9112,-6.9715,109.0380,-65.5445,-114.3883
379498365,0.0042,0.0133,-0.0938,-0.2392,-0.5988,0.0011,-0.0007,0.0500,-0.1570,0.0242,-0.0896,-0.3275,2.7537,5.9112,-6.6785,109.0380,-65.5238,-114.4236
379503365,0.0039,0.0118,-0.0434,-0.3192,-0.6186,0.0500,-0.0500,0.0500,-0.1571,0.0221,-0.0185,-0.4233,2.0776,6.9672,-6.6785,109.0389,-65.4609,-114.4503
379508365,0.0037,0.0099,-0.0269,-0.3693,-0.5627,0.0500,-0.0500,0.0500,-0.1572,0.0203,-0.0269,-0.3693,1.6832,6.9672,-5.0171,109.0384,-65.4365,-114.4522
379513364,0.0035,0.0078,-0.0015,-0.3983,-0.5194,0.0500,-0.0500,-0.0200,-0.1572,0.0183,-0.0015,-0.3983,1.2324,7.3028,-4.0757,109.0381,-65.3827,-114.4515
379518364,0.0036,0.0057,0.0421,-0.4148,-0.5328,0.0500,-0.0500,-0.0200,-0.1570,0.0162,0.0421,-0.4148,1.0070,7.0390,-3.0235,109.0382,-65.3628,-114.4518
379523365,0.0039,0.0037,0.0806,-0.4136,-0.5395,-0.0200,0.0200,0.0695,-0.1567,0.0140,0.0593,-0.4503,0.7817,6.0654,-2.4697,109.0389,-65.3379,-114.4517
379528365,0.0043,0.0014,0.0944,-0.4087,-0.5398,-0.0200,0.0200,0.0731,-0.1563,0.0118,0.0783,-0.4364,0.6126,5.0918,-1.8605,109.0383,-65.3378,-114.4524
379533365,0.0049,-0.0007,0.1188,-0.3522,-0.5597,0.0572,-0.1019,0.0662,-0.1557,0.0096,0.1263,-0.4291,0.6690,3.6800,-1.4728,109.0434,-65.3376,-114.4513
379538365,0.0055,-0.0017,0.1286,-0.1536,-0.5368,0.0618,-0.0641,0.0229,-0.1550,0.0086,0.1344,-0.2161,0.6690,3.0959,-1.0852,109.0461,-65.3374,-114.4513
379543365,0.0063,-0.0023,0.1497,-0.0663,-0.5588,0.0700,-0.0498,0.0013,-0.1543,0.0080,0.1493,-0.1132,0.6690,2.2196,-0.9190,109.0501,-65.3377,-114.4516
379548365,0.0070,-0.0025,0.1607,-0.0541,-0.5780,0.0758,-0.0481,-0.0500,-0.1535,0.0077,0.1610,-0.0655,1.4768,1.8789,1.1229,109.0696,-65.3373,-114.4090
379553364,0.0079,-0.0029,0.1426,-0.0394,-0.6544,0.0738,-0.0442,-0.0500,-0.1529,0.0074,0.1148,-0.0596,2.2846,1.3434,1.1229,109.0987,-65.3376,-114.4045
379558365,0.0087,-0.0033,0.1323,-0.0272,-0.7701,0.0745,-0.0409,-0.0500,-0.1524,0.0071,0.0883,-0.0445,3.1203,1.1487,2.3290,109.1255,-65.3372,-114.3704
379563364,0.0095,-0.0034,0.1613,0.0428,-0.7686,0.0840,-0.0304,-0.0500,-0.1519,0.0073,0.1011,0.0304,3.8955,0.8079,2.3290,109.1604,-65.3377,-114.3610
379568365,0.0103,-0.0028,0.1713,0.1680,-0.5997,0.0872,-0.0059,0.0200,-0.1514,0.0081,0.1084,0.1571,4.0063,0.7105,2.3290,109.1786,-65.3370,-114.3471
379573365,0.0111,-0.0018,0.1472,0.2593,-0.4399,0.0809,0.0500,0.0200,-0.1511,0.0093,0.0651,0.2513,5.0224,0.5158,1.6998,109.2266,-65.3371,-114.3508
379578365,0.0118,-0.0002,0.1038,0.3323,-0.4494,0.0722,0.0500,-0.0993,-0.1510,0.0110,0.0101,0.3361,5.5867,-0.8441,0.2839,109.2595,-65.3647,-114.3749
379583365,0.0121,0.0014,0.0116,0.3439,-0.4815,0.0497,0.0500,-0.0956,-0.1515,0.0127,-0.0932,0.3469,6.2064,-1.2134,0.2315,109.3077,-65.3798,-114.3749
379588365,0.0117,0.0034,-0.1408,0.4133,-0.4552,0.0077,0.0500,-0.0962,-0.1528,0.0148,-0.2655,0.4026,6.9065,-0.6858,-0.6835,109.3479,-65.3721,-114.3922
379593365,0.0108,0.0054,-0.1713,0.4627,-0.4509,-0.0500,-0.0200,-0.1072,-0.1544,0.0170,-0.3103,0.4398,7.3244,-0.4748,-1.5135,109.3993,-65.3716,-114.4139
379598365,0.0102,0.0077,-0.1585,0.5076,-0.4467,-0.0500,-0.0200,-0.1301,-0.1552,0.0194,-0.1716,0.4852,7.7120,-0.0813,-1.5135,109.4377,-65.3651,-114.4230
379603364,0.0097,0.0102,-0.1402,0.4881,-0.4903,-0.0500,0.1434,-0.1344,-0.1559,0.0216,-0.1428,0.4474,8.0329,1.2170,-1.5135,109.4915,-65.3332,-114.4291
379608365,0.0092,0.0124,-0.1396,0.4343,-0.6134,-0.0500,0.1406,-0.1265,-0.1567,0.0235,-0.1432,0.3722,7.7037,1.8772,-2.2888,109.5162,-65.3153,-114.4551
379613364,0.0086,0.0143,-0.1607,0.3577,-0.7399,0.0200,0.1349,-0.1103,-0.1574,0.0249,-0.1571,0.2832,6.5769,2.7024,-2.2888,109.5382,-65.2820,-114.4642
379618365,0.0078,0.0158,-0.1500,0.2758,-0.7952,0.0200,0.1222,-0.0952,-0.1582,0.0258,-0.1568,0.1835,5.3937,2.7024,-3.4909,109.5385,-65.2726,-114.5057
379623364,0.0071,0.0168,-0.1371,0.2056,-0.7735,-0.0036,0.1119,-0.0786,-0.1594,0.0263,-0.2332,0.0870,5.1120,3.4769,-4.4595,109.5637,-65.2359,-114.5412
379628365,0.0064,0.0177,-0.1206,0.1878,-0.7652,-0.0025,0.1090,-0.0771,-0.1605,0.0265,-0.2198,0.0451,5.1120,4.1071,-5.4525,109.5841,-65.2105,-114.5915
379633365,0.0063,0.0185,-0.0571,0.1243,-0.7606,0.0500,0.0877,-0.0728,-0.1612,0.0263,-0.1379,-0.0417,3.9810,4.8343,-6.2915,109.5891,-65.1683,-114.6318
379638365,0.0061,0.0189,-0.0400,0.0574,-0.7081,0.0500,0.0685,-0.0630,-0.1615,0.0256,-0.0644,-0.1284,3.2271,4.8343,-7.6330,109.5885,-65.1514,-114.7001
379643364,0.0061,0.0186,-0.0107,-0.0757,-0.6644,0.0500,0.0323,-0.0360,-0.1616,0.0242,-0.0236,-0.2861,2.4193,6.3153,-7.7929,109.5891,-65.0850,-114.7341
379648365,0.0061,0.0177,-0.0137,-0.2053,-0.6898,0.0500,0.0005,-0.0027,-0.1618,0.0220,-0.0298,-0.4341,1.9346,6.7554,-8.5946,109.5882,-65.0539,-114.7998
379653365,0.0063,0.0163,0.0095,-0.2963,-0.7732,-0.0200,-0.0500,0.0500,-0.1618,0.0193,-0.0026,-0.5434,1.4499,7.5985,-8.9808,109.5887,-64.9904,-114.8428
379658364,0.0066,0.0147,-0.0003,-0.3311,-0.8013,-0.0200,-0.0500,0.0500,-0.1618,0.0177,-0.0003,-0.3311,1.1806,7.9378,-9.1381,109.5885,-64.9567,-114.9003
379663365,0.0068,0.0127,-0.0024,-0.3479,-0.7521,0.0350,-0.0500,0.0500,-0.1619,0.0159,-0.0171,-0.3479,0.8575,8.1616,-9.2357,109.5883,-64.9001,-114.9391
379668364,0.0067,0.0108,-0.0140,-0.3867,-0.7084,0.0317,-0.0500,0.0500,-0.1620,0.0140,-0.0260,-0.3867,0.6959,8.1088,-8.5712,109.5882,-64.8725,-114.9787
379673365,0.0068,0.0089,-0.0040,-0.4123,-0.6996,0.0344,0.0200,-0.0200,-0.1621,0.0119,-0.0131,-0.4124,0.5344,7.0009,-7.8918,109.5887,-64.8476,-114.9988
379678364,0.0069,0.0067,0.0031,-0.4585,-0.6583,0.0362,0.0200,-0.0200,-0.1621,0.0096,-0.0043,-0.4585,0.4267,6.3194,-5.8013,109.5885,-64.8374,-114.9979
379683365,0.0071,0.0047,0.0171,-0.4151,-0.5294,0.0389,-0.0928,0.0741,-0.1621,0.0068,0.0073,-0.5588,0.3189,4.5669,-5.0697,109.5886,-64.8373,-115.0046
379688365,0.0073,0.0027,0.0333,-0.3497,-0.3700,0.0412,-0.0890,0.0620,-0.1620,0.0044,0.0181,-0.4825,0.2651,3.8367,-5.0697,109.5887,-64.8372,-115.0351
379693365,0.0076,0.0011,0.0629,-0.2654,-0.3004,0.0488,-0.0794,0.0420,-0.1617,0.0026,0.0474,-0.3685,0.2112,2.7657,-4.1495,109.5890,-64.8374,-115.0352
379698365,0.0080,-0.0002,0.0886,-0.2169,-0.3245,0.0576,-0.0758,0.0307,-0.1613,0.0011,0.0784,-0.2975,0.2112,2.3276,-3.0840,109.5898,-64.8372,-115.0355
379703365,0.0086,-0.0013,0.0797,-0.1808,-0.3813,0.0584,-0.0699,0.0261,-0.1610,-0.0001,0.0683,-0.2448,0.2112,1.6948,-2.5996,109.5910,-64.8370,-115.0351
379708365,0.0090,-0.0022,0.0629,-0.1423,-0.4632,0.0567,-0.0613,0.0224,-0.1608,-0.0011,0.0448,-0.1912,0.8148,1.4027,-1.8731,109.6044,-64.8375,-115.0356
379713364,0.0094,-0.0029,0.0544,-0.0837,-0.5539,0.0560,-0.0482,0.0135,-0.1607,-0.0017,0.0202,-0.1225,1.6968,1.0132,-1.5826,109.6311,-64.8375,-115.0355
379718364,0.0095,-0.0031,0.0266,0.0079,-0.5508,0.0480,-0.0245,-0.0500,-0.1608,-0.0018,-0.0256,-0.0215,2.9151,0.8672,-1.0944,109.6643,-64.8371,-115.0348
379723365,0.0095,-0.0029,-0.0122,0.1109,-0.4225,0.0362,0.0500,-0.0500,-0.1611,-0.0012,-0.0706,0.1249,2.9151,-0.9496,0.2613,109.6818,-64.8740,-115.0091
379728365,0.0093,-0.0018,-0.0895,0.2395,-0.3614,0.0141,0.0500,-0.0500,-0.1619,0.0000,-0.1591,0.2392,4.0382,-0.9496,0.7839,109.7186,-64.8774,-114.9937
379733364,0.0088,-0.0003,-0.1326,0.3067,-0.3138,0.0004,0.0500,-0.0500,-0.1630,0.0015,-0.2086,0.3064,4.4144,-0.9496,0.7839,109.7507,-64.8835,-114.9911
379738364,0.0082,0.0011,-0.1582,0.3406,-0.3175,-0.0500,0.0500,0.0200,-0.1642,0.0032,-0.2342,0.3403,4.4144,-0.9496,0.7839,109.7683,-64.8868,-114.9858
379743364,0.0075,0.0029,-0.1775,0.3757,-0.2689,-0.0500,-0.0200,0.0200,-0.1650,0.0051,-0.1775,0.3757,4.4707,-0.9496,0.0000,109.7960,-64.8930,-114.9996
379748365,0.0069,0.0049,-0.1567,0.4252,-0.2014,-0.0500,-0.0200,-0.1012,-0.1658,0.0072,-0.1567,0.4252,4.4707,-0.9496,0.0000,109.8139,-64.8963,-114.9996
379753365,0.0064,0.0071,-0.1481,0.4258,-0.2619,-0.0500,0.1275,-0.1087,-0.1666,0.0094,-0.1563,0.4400,4.3630,-0.9496,0.0000,109.8386,-64.9017,-114.9996
379758364,0.0057,0.0093,-0.1417,0.4206,-0.4067,0.0200,0.1348,-0.1120,-0.1673,0.0115,-0.1385,0.4151,3.5552,0.3693,0.0000,109.8383,-64.8775,-114.9996
379763365,0.0050,0.0111,-0.1359,0.3427,-0.5230,0.0200,0.1260,-0.0991,-0.1680,0.0132,-0.1304,0.3332,2.6397,0.6331,0.0000,109.8386,-64.8687,-114.9996
379768364,0.0045,0.0125,-0.0889,0.2636,-0.5126,-0.0011,0.1090,-0.0882,-0.1686,0.0143,-0.1346,0.2296,2.1550,0.6331,-1.6467,109.8385,-64.8660,-115.0365
379773364,0.0044,0.0133,-0.0150,0.1463,-0.6229,0.0500,0.0782,-0.0735,-0.1689,0.0149,-0.0506,0.1108,1.6165,0.7304,-1.6467,109.8390,-64.8599,-115.0419
379778364,0.0042,0.0142,-0.0272,0.1597,-0.7417,0.0500,0.0846,-0.0751,-0.1690,0.0154,-0.0330,0.0975,1.2933,1.7527,-2.4190,109.8383,-64.8347,-115.0690
379783365,0.0043,0.0150,-0.0067,0.1432,-0.6415,0.0500,0.0782,-0.0775,-0.1691,0.0157,-0.0068,0.0630,-0.3944,2.6880,-2.6948,109.8092,-64.8037,-115.0832
379788365,0.0043,0.0157,-0.0031,0.1213,-0.3963,0.0500,0.0714,-0.0776,-0.1691,0.0158,-0.0057,0.0251,-1.3522,3.0730,-3.3765,109.7858,-64.7854,-115.1155
379793365,0.0044,0.0161,0.0113,0.0577,-0.2991,-0.0200,0.0542,-0.0673,-0.1690,0.0155,0.0149,-0.0586,-0.8451,4.1058,-3.6912,109.7897,-64.7420,-115.1337
379798365,0.0046,0.0158,0.0418,-0.0794,-0.3822,-0.0200,0.0191,-0.0384,-0.1688,0.0145,0.0429,-0.2146,-0.6761,4.5906,-4.4723,109.7900,-64.7177,-115.1781
379803365,0.0049,0.0151,0.0339,-0.1701,-0.4696,0.0350,-0.0500,-0.0134,-0.1686,0.0128,0.0444,-0.3281,-0.5071,5.3998,-5.1923,109.7897,-64.6698,-115.2085
379808365,0.0053,0.0138,0.0394,-0.2608,-0.4393,0.0337,-0.0500,0.0500,-0.1686,0.0111,-0.0021,-0.3451,-0.4507,5.3998,-5.6626,109.7890,-64.6509,-115.2535
379813364,0.0056,0.0123,0.0098,-0.3106,-0.3269,0.0283,-0.0500,0.0500,-0.1686,0.0095,-0.0004,-0.3106,0.5924,5.9801,-5.6626,109.8083,-64.6020,-115.2719
379818364,0.0058,0.0104,-0.0110,-0.3574,-0.4039,0.0231,-0.0500,0.0500,-0.1688,0.0077,-0.0443,-0.3574,1.9387,5.6880,-5.9532,109.8408,-64.5870,-115.3176
379823365,0.0056,0.0085,-0.0131,-0.3900,-0.5120,0.0232,0.0200,0.0500,-0.1691,0.0058,-0.0464,-0.3901,1.9387,5.6393,-5.4016,109.8524,-64.5514,-115.3254
379828364,0.0057,0.0064,-0.0220,-0.4218,-0.5010,0.0214,0.0200,-0.0200,-0.1693,0.0037,-0.0553,-0.4219,1.9387,5.0342,-5.2361,109.8601,-64.5444,-115.3575
379833364,0.0057,0.0041,-0.0308,-0.4126,-0.4299,0.0206,-0.0815,-0.0200,-0.1695,0.0013,-0.0324,-0.4690,1.9852,3.7689,-5.1836,109.8727,-64.5451,-115.3735
379838365,0.0055,0.0021,-0.0428,-0.3354,-0.3926,0.0134,-0.0715,0.0732,-0.1699,-0.0008,-0.0842,-0.4364,2.0780,3.0537,-3.7154,109.8829,-64.5445,-115.3740
379843365,0.0053,0.0008,-0.0565,-0.2098,-0.4369,0.0093,-0.0446,0.0520,-0.1704,-0.0023,-0.0996,-0.2907,2.0780,2.2835,-3.1386,109.8953,-64.5450,-115.3736
379848364,0.0050,0.0000,-0.0651,-0.1029,-0.4476,0.0073,-0.0200,0.0298,-0.1709,-0.0030,-0.0912,-0.1414,2.0780,1.8434,-0.7276,109.9036,-64.5448,-115.3399
379853365,0.0047,-0.0003,-0.0660,-0.0208,-0.3392,0.0047,-0.0030,0.0113,-0.1713,-0.0032,-0.0935,-0.0418,2.2995,1.4033,0.0000,109.9212,-64.5445,-115.3262
379858364,0.0045,-0.0002,-0.0522,-0.0012,-0.2484,0.0059,-0.0004,0.0040,-0.1718,-0.0033,-0.0821,-0.0181,2.2995,1.1283,0.0000,109.9304,-64.5446,-115.3262
379863365,0.0043,0.0001,-0.0541,0.0363,-0.5111,0.0079,0.0500,-0.0015,-0.1722,-0.0032,-0.0863,0.0235,2.2995,0.8532,0.0000,109.9442,-64.5446,-115.3262
379868364,0.0041,0.0003,-0.0626,0.0929,-0.5139,0.0044,0.0500,-0.0500,-0.1727,-0.0027,-0.1022,0.0928,2.2995,0.6882,0.0000,109.9534,-64.5446,-115.3262
379873365,0.0039,0.0010,-0.0617,0.2013,-0.3089,0.0012,0.0500,-0.0500,-0.1732,-0.0017,-0.0976,0.2012,2.0856,0.4681,0.2422,109.9628,-64.5448,-115.3213
379878365,0.0036,0.0022,-0.0519,0.2926,-0.1312,0.0003,0.0500,-0.0500,-0.1736,-0.0002,-0.0887,0.2926,2.1391,0.3581,1.8404,109.9724,-64.5453,-115.2803
379883365,0.0033,0.0040,-0.0373,0.3467,-0.1779,0.0033,-0.0200,-0.0500,-0.1740,0.0015,-0.0740,0.3466,2.1391,0.3031,1.8404,109.9852,-64.5444,-115.2730
379888365,0.0031,0.0059,-0.0223,0.3644,-0.3303,0.0083,-0.0200,0.0200,-0.1743,0.0033,-0.0591,0.3643,2.1391,0.3581,0.7265,109.9938,-64.5419,-115.2866
379893365,0.0031,0.0076,0.0034,0.3183,-0.3618,0.0159,0.0944,0.0200,-0.1744,0.0049,-0.0238,0.3129,1.7629,0.3581,0.5812,109.9984,-64.5397,-115.2868
379898364,0.0032,0.0092,0.0287,0.2990,-0.2338,0.0220,0.0897,-0.1028,-0.1743,0.0063,0.0181,0.2878,1.4338,1.1843,0.4359,109.9983,-64.5210,-115.2866
379903365,0.0036,0.0105,0.0461,0.2935,-0.1632,0.0274,0.0866,-0.1078,-0.1741,0.0076,0.0382,0.2480,1.0576,2.1138,-0.9378,109.9983,-64.4908,-115.3145
379908365,0.0039,0.0117,0.0721,0.3100,-0.4528,0.0390,0.0939,-0.1155,-0.1738,0.0088,0.0626,0.2562,0.8695,2.1138,-1.4895,109.9984,-64.4824,-115.3341
379913365,0.0044,0.0130,0.0327,0.2645,-0.4323,0.0313,0.0911,-0.1057,-0.1737,0.0098,0.0327,0.1999,0.6814,2.8410,-1.4895,109.9986,-64.4521,-115.3401
379918365,0.0045,0.0143,0.0128,0.2395,-0.2176,0.0243,0.0890,-0.1050,-0.1736,0.0107,0.0170,0.1665,0.7284,3.4003,-1.4895,110.0038,-64.4292,-115.3490
379923365,0.0046,0.0154,0.0208,0.1961,-0.1089,0.0256,0.0805,-0.1019,-0.1734,0.0113,0.0273,0.1189,0.7284,3.6799,-1.4895,110.0068,-64.4016,-115.3550
379928364,0.0046,0.0163,0.0131,0.1426,-0.1898,0.0255,0.0723,-0.0906,-0.1733,0.0115,0.0285,0.0505,0.7284,4.6823,-1.4895,110.0111,-64.3641,-115.3639
379933365,0.0048,0.0168,0.0003,0.0816,-0.2231,0.0225,0.0620,-0.0760,-0.1733,0.0114,0.0063,-0.0255,1.5172,5.4189,-1.7517,110.0304,-64.3186,-115.3752
379938365,0.0049,0.0170,0.0086,0.0195,-0.1544,0.0243,0.0464,-0.0647,-0.1732,0.0109,0.0140,-0.0982,1.9116,6.1340,-1.7517,110.0496,-64.2804,-115.3857
379943365,0.0050,0.0169,0.0122,-0.0571,-0.1015,0.0250,0.0261,-0.0472,-0.1731,0.0099,0.0171,-0.2002,1.9116,6.9508,-2.6305,110.0573,-64.2245,-115.4114
379948365,0.0050,0.0163,0.0003,-0.1442,-0.1663,0.0221,0.0075,-0.0231,-0.1731,0.0084,-0.0048,-0.2923,2.6656,7.2901,-2.6305,110.0844,-64.1888,-115.4272
379953365,0.0050,0.0153,-0.0067,-0.2251,-0.2750,0.0211,-0.0500,0.0017,-0.1732,0.0065,-0.0189,-0.3907,2.8810,7.6816,-3.4058,110.1002,-64.1352,-115.4541
379958365,0.0051,0.0137,0.0119,-0.3384,-0.1214,0.0185,-0.0500,0.0500,-0.1736,0.0045,-0.0742,-0.3892,3.2988,7.9982,-3.4058,110.1261,-64.0970,-115.4745
379963364,0.0052,0.0119,-0.0058,-0.3824,-0.0902,0.0163,-0.0500,0.0500,-0.1739,0.0026,-0.0624,-0.3825,3.2988,7.7548,-3.4058,110.1393,-64.0550,-115.4881
379968365,0.0053,0.0100,-0.0208,-0.4062,-0.1718,0.0132,-0.0500,0.0500,-0.1743,0.0006,-0.0840,-0.4063,3.6865,6.7646,-2.9354,110.1673,-64.0451,-115.4985
379973365,0.0050,0.0080,-0.0232,-0.4084,-0.2377,0.0125,0.0200,0.0500,-0.1748,-0.0015,-0.0865,-0.4085,3.6865,6.7646,-2.4128,110.1821,-64.0045,-115.4987
379978365,0.0049,0.0057,-0.0278,-0.3977,-0.2179,0.0105,0.0200,-0.0200,-0.1752,-0.0034,-0.0921,-0.3978,3.7400,5.7318,-1.7857,110.2053,-63.9997,-115.4986
379983365,0.0047,0.0038,-0.0473,-0.3409,-0.1486,0.0064,-0.0657,-0.0200,-0.1756,-0.0055,-0.0806,-0.4042,4.0608,4.2344,-1.4721,110.2278,-63.9998,-115.4988
379988365,0.0045,0.0022,-0.0528,-0.2508,-0.1064,0.0027,-0.0506,0.0520,-0.1761,-0.0071,-0.0992,-0.3190,3.8728,3.4598,-1.1063,110.2483,-63.9999,-115.4979
379993365,0.0043,0.0013,-0.0547,-0.1378,-0.1208,0.0028,-0.0262,0.0280,-0.1765,-0.0079,-0.0831,-0.1621,3.6847,2.8402,1.2184,110.2594,-63.9996,-115.4518
379998365,0.0040,0.0007,-0.0415,-0.0678,-0.1495,0.0048,-0.0127,0.0136,-0.1769,-0.0083,-0.0762,-0.0814,3.6847,2.1173,1.2184,110.2815,-63.9993,-115.4469
380003365,0.0037,0.0006,-0.0336,0.0043,-0.2301,0.0068,0.0500,-0.0016,-0.1772,-0.0083,-0.0651,-0.0031,3.2903,1.7042,1.2184,110.2880,-63.9999,-115.4396
380008365,0.0037,0.0007,-0.0241,0.0525,-0.3505,0.0095,0.0500,-0.0500,-0.1776,-0.0079,-0.0712,0.0706,3.3466,1.2911,1.2184,110.3092,-63.9992,-115.4347
380013365,0.0035,0.0011,-0.0501,0.1494,-0.4192,0.0023,0.0500,-0.0500,-0.1781,-0.0072,-0.1077,0.1493,3.3466,1.0329,2.1460,110.3226,-63.9997,-115.4060
380018365,0.0031,0.0020,-0.0721,0.2269,-0.3327,-0.0500,0.0500,-0.0500,-0.1788,-0.0061,-0.1260,0.2269,3.1312,0.7747,2.1460,110.3382,-63.9994,-115.3974
380023364,0.0027,0.0033,-0.0739,0.3122,-0.1577,-0.0500,-0.0200,-0.0500,-0.1791,-0.0045,-0.0739,0.3122,2.5927,0.6198,2.1460,110.3389,-63.9997,-115.3845
380028365,0.0024,0.0050,-0.0635,0.3809,-0.1257,-0.0500,-0.0200,0.0200,-0.1795,-0.0026,-0.0635,0.3809,1.8926,0.5682,2.1460,110.3383,-63.9974,-115.3759
380033365,0.0020,0.0067,-0.0565,0.3855,-0.2710,-0.0500,0.1131,0.0200,-0.1797,-0.0007,-0.0516,0.3770,1.5694,0.5682,0.9978,110.3388,-63.9951,-115.3881
380038365,0.0017,0.0088,-0.0278,0.3906,-0.3092,0.0200,0.1182,-0.1107,-0.1798,0.0012,-0.0220,0.3749,1.1386,0.8590,-0.1953,110.3383,-63.9858,-115.4114
380043365,0.0017,0.0107,0.0305,0.3845,-0.1739,0.0200,0.1131,-0.1244,-0.1796,0.0029,0.0451,0.3536,0.9232,1.8771,-0.1953,110.3382,-63.9593,-115.4125
380048365,0.0020,0.0125,0.0785,0.3806,-0.2200,0.0500,0.1127,-0.1358,-0.1791,0.0047,0.0916,0.3496,0.0855,1.8771,-0.1953,110.3260,-63.9480,-115.4133
380053365,0.0023,0.0140,0.0825,0.3482,-0.4048,0.0500,0.1109,-0.1323,-0.1786,0.0062,0.1053,0.3031,-1.6903,2.8280,-0.1953,110.2878,-63.9206,-115.4145
380058364,0.0030,0.0158,0.0929,0.3494,-0.4567,0.0500,0.1149,-0.1402,-0.1780,0.0077,0.1129,0.2993,-1.6903,2.8280,-0.5276,110.2776,-63.9036,-115.4220
380063365,0.0034,0.0176,0.0724,0.3348,-0.3337,0.0500,0.1158,-0.1406,-0.1776,0.0089,0.0900,0.2475,-1.6903,3.9359,-1.9121,110.2709,-63.8674,-115.4589
380068365,0.0039,0.0190,0.0974,0.2724,-0.2249,-0.0200,0.1007,-0.1369,-0.1770,0.0098,0.1232,0.1712,-1.3522,4.8735,-1.9121,110.2676,-63.8220,-115.4666
380073365,0.0044,0.0203,0.1188,0.2211,-0.2720,-0.0200,0.0885,-0.1307,-0.1763,0.0102,0.1405,0.0866,-0.1690,5.7537,-3.2632,110.2890,-63.7823,-115.5102
380078365,0.0052,0.0210,0.1579,0.1292,-0.2753,0.0664,0.0619,-0.1178,-0.1753,0.0100,0.1875,-0.0416,-0.1127,7.3102,-4.1350,110.2894,-63.7121,-115.5431
380083365,0.0061,0.0214,0.1591,0.0382,-0.1886,0.0689,0.0386,-0.1002,-0.1744,0.0092,0.1850,-0.1591,-0.0563,8.0373,-5.1831,110.2901,-63.6674,-115.5933
380088364,0.0070,0.0211,0.1558,-0.0638,-0.1327,0.0704,0.0120,-0.0773,-0.1735,0.0078,0.1734,-0.2890,0.2693,8.8206,-6.2699,110.2963,-63.6015,-115.6383
380093364,0.0078,0.0205,0.1512,-0.1588,-0.1391,0.0696,-0.0500,-0.0517,-0.1729,0.0057,0.1323,-0.4143,1.9926,9.4364,-7.6864,110.3352,-63.5526,-115.7086
380098365,0.0086,0.0192,0.1768,-0.2737,-0.2338,0.0736,-0.0500,-0.0313,-0.1726,0.0037,0.0670,-0.3981,2.1542,9.9662,-8.3658,110.3513,-63.4836,-115.7538
380103365,0.0095,0.0177,0.1915,-0.3091,-0.2274,0.0794,-0.0500,-0.0202,-0.1722,0.0015,0.0655,-0.4503,2.5256,10.0147,-9.4987,110.3675,-63.4427,-115.8296
380108364,0.0107,0.0160,0.1976,-0.3418,-0.1889,0.0847,-0.0500,-0.0103,-0.1719,-0.0010,0.0641,-0.4877,2.8041,9.6791,-9.8133,110.3898,-63.3905,-115.8740
380113365,0.0118,0.0141,0.1796,-0.3873,-0.2145,0.0838,0.0200,0.0500,-0.1718,-0.0037,0.0294,-0.5375,3.6347,8.7823,-10.1062,110.4197,-63.3706,-115.9397
380118365,0.0128,0.0120,0.1457,-0.4081,-0.2762,0.0854,0.0200,0.0500,-0.1714,-0.0057,0.0669,-0.4084,4.5974,7.9544,-10.2724,110.4618,-63.3378,-115.9840
380123364,0.0135,0.0097,0.0974,-0.4157,-0.3046,0.0802,-0.0974,0.0500,-0.1711,-0.0083,0.0679,-0.5142,5.0271,6.5427,-9.8658,110.4891,-63.3371,-116.0363
380128364,0.0139,0.0075,0.0452,-0.3940,-0.2784,0.0659,-0.0920,0.0500,-0.1712,-0.0106,-0.0167,-0.4671,6.0416,4.8389,-9.6721,110.5422,-63.3372,-116.0712
380133364,0.0140,0.0056,-0.0049,-0.3351,-0.2045,0.0523,-0.0804,-0.0200,-0.1715,-0.0127,-0.0733,-0.4067,6.3648,4.7415,-8.5687,110.5729,-63.3202,-116.1025
380138365,0.0138,0.0041,-0.0675,-0.2636,-0.1489,0.0338,-0.0618,-0.0200,-0.1723,-0.0143,-0.1537,-0.3328,7.3137,4.5765,-7.9395,110.6335,-63.2951,-116.1238
380143365,0.0134,0.0030,-0.1148,-0.1717,-0.0771,0.0144,-0.0422,0.0307,-0.1736,-0.0159,-0.2668,-0.3159,7.7567,3.7513,-5.8944,110.6724,-63.2949,-116.1242
380148364,0.0127,0.0021,-0.1790,-0.1448,-0.0771,-0.0500,-0.0275,0.0356,-0.1753,-0.0172,-0.3392,-0.2579,8.2915,2.7611,-4.7932,110.7310,-63.2952,-116.1235
380153364,0.0118,0.0013,-0.2129,-0.1216,-0.1589,-0.0500,-0.0222,0.0332,-0.1764,-0.0182,-0.2238,-0.2080,8.5266,2.2660,-3.5347,110.7695,-63.2950,-116.1233
380158364,0.0107,0.0008,-0.2456,-0.0446,-0.2310,-0.0500,0.0014,0.0242,-0.1777,-0.0188,-0.2563,-0.1126,8.6393,1.6608,-2.9055,110.8234,-63.2953,-116.1236
380163365,0.0093,0.0008,-0.2954,0.0556,-0.2396,-0.0500,0.0500,0.0104,-0.1792,-0.0188,-0.3021,0.0026,8.0469,1.3858,-2.1713,110.8452,-63.2947,-116.1241
380168365,0.0077,0.0013,-0.3393,0.1487,-0.1800,0.0200,0.0500,-0.0500,-0.1810,-0.0182,-0.3544,0.1227,7.1649,1.0007,-1.7518,110.8749,-63.2952,-116.1235
380173364,0.0058,0.0022,-0.3625,0.2224,-0.1195,0.0200,0.0500,-0.0500,-0.1828,-0.0170,-0.3625,0.2224,5.8650,0.8356,-1.2799,110.8749,-63.2948,-116.1233
380178364,0.0039,0.0033,-0.3558,0.2624,-0.1589,-0.0774,0.0500,-0.0500,-0.1850,-0.0157,-0.4303,0.2623,4.3329,0.6156,-1.0701,110.8747,-63.2949,-116.1238
380183364,0.0021,0.0046,-0.3341,0.2883,-0.2686,-0.0769,-0.0200,-0.0500,-0.1870,-0.0143,-0.3951,0.2883,3.5437,0.5056,-0.8080,110.8746,-63.2948,-116.1241
380188365,0.0006,0.0061,-0.2709,0.3262,-0.2206,-0.0664,-0.0200,0.0200,-0.1885,-0.0127,-0.3158,0.3262,2.6152,0.5606,-0.6506,110.8745,-63.2904,-116.1238
380193365,-0.0004,0.0077,-0.1652,0.3454,-0.1840,-0.0433,0.1267,0.0200,-0.1895,-0.0110,-0.1973,0.3371,2.1510,0.5606,-0.4933,110.8747,-63.2882,-116.1240
380198364,-0.0011,0.0094,-0.1206,0.3564,-0.2381,-0.0328,0.1286,-0.0867,-0.1902,-0.0094,-0.1335,0.3200,1.5939,2.0580,-0.3885,110.8747,-63.2522,-116.1237
380203364,-0.0017,0.0113,-0.1277,0.3629,-0.2872,-0.0359,0.1391,-0.0922,-0.1909,-0.0078,-0.1348,0.3233,1.3153,2.2130,-0.4409,110.8750,-63.2403,-116.1273
380208365,-0.0023,0.0132,-0.0974,0.3619,-0.2570,-0.0285,0.1413,-0.1029,-0.1912,-0.0062,-0.0728,0.3224,-0.5385,2.2130,-0.4409,110.8416,-63.2270,-116.1291
380213365,-0.0026,0.0149,-0.0394,0.3457,-0.2301,-0.0152,0.1361,-0.1121,-0.1913,-0.0047,-0.0091,0.2997,-0.6462,2.6493,-0.4409,110.8368,-63.2087,-116.1317
380218365,-0.0027,0.0165,0.0229,0.3048,-0.2527,0.0002,0.1246,-0.1151,-0.1910,-0.0034,0.0472,0.2486,-0.6462,2.6493,-1.1244,110.8330,-63.1928,-116.1477
380223364,-0.0023,0.0179,0.1032,0.2706,-0.3254,0.0500,0.1108,-0.1213,-0.1904,-0.0024,0.1292,0.1955,-0.6462,3.3764,-1.6615,110.8304,-63.1659,-116.1680
380228365,-0.0014,0.0192,0.1640,0.2431,-0.3856,0.0500,0.0992,-0.1259,-0.1895,-0.0018,0.1790,0.1350,-2.3929,4.4843,-2.7691,110.7868,-63.1221,-116.1981
380233365,-0.0003,0.0204,0.2022,0.2074,-0.2539,0.0500,0.0854,-0.1296,-0.1884,-0.0014,0.2171,0.0788,-2.3929,5.1658,-3.4578,110.7772,-63.0900,-116.2298
380238365,0.0008,0.0210,0.2144,0.0980,-0.2268,0.0500,0.0575,-0.1100,-0.1873,-0.0017,0.2286,-0.0626,-2.3929,6.1984,-4.5731,110.7628,-63.0357,-116.2682
380243364,0.0020,0.0213,0.2196,0.0244,-0.2576,-0.0200,0.0378,-0.0948,-0.1861,-0.0025,0.2267,-0.1713,-2.3929,6.9730,-6.1540,110.7533,-62.9942,-116.3321
380248365,0.0032,0.0211,0.2184,-0.0562,-0.2817,-0.0200,0.0162,-0.0770,-0.1850,-0.0039,0.2242,-0.2764,-0.5522,7.7225,-7.0455,110.7794,-62.9353,-116.3755
380253365,0.0043,0.0205,0.2049,-0.1558,-0.2677,0.0720,-0.0500,-0.0515,-0.1840,-0.0059,0.2014,-0.4050,-0.0451,8.1141,-8.6019,110.7890,-62.8952,-116.4528
380258365,0.0054,0.0194,0.1805,-0.2285,-0.2197,0.0635,-0.0500,-0.0363,-0.1835,-0.0078,0.0999,-0.3658,0.0000,8.5848,-9.2291,110.7901,-62.8351,-116.5003
380263365,0.0063,0.0182,0.1552,-0.2743,-0.2304,0.0604,-0.0500,-0.0190,-0.1832,-0.0099,0.0652,-0.4277,0.0000,8.5848,-10.3135,110.7901,-62.8008,-116.5798
380268364,0.0071,0.0167,0.1518,-0.3146,-0.3208,0.0634,-0.0500,-0.0047,-0.1829,-0.0123,0.0537,-0.4726,0.3231,8.0897,-10.6281,110.7966,-62.7615,-116.6276
380273365,0.0079,0.0150,0.1579,-0.3546,-0.3712,0.0660,0.0200,0.0500,-0.1828,-0.0149,0.0268,-0.5188,2.0465,7.1086,-11.0384,110.8357,-62.7499,-116.7005
380278365,0.0087,0.0132,0.1509,-0.3965,-0.3364,0.0742,0.0200,0.0500,-0.1822,-0.0168,0.1130,-0.3966,2.2080,5.3013,-11.0938,110.8522,-62.7490,-116.7459
380283364,0.0094,0.0110,0.0846,-0.4441,-0.3101,0.0617,-0.0878,0.0500,-0.1819,-0.0194,0.0707,-0.5089,2.9972,4.3202,-10.7432,110.8784,-62.7494,-116.8043
380288364,0.0097,0.0088,0.0296,-0.4172,-0.3526,0.0487,-0.0811,0.0500,-0.1819,-0.0217,-0.0009,-0.4651,3.3849,3.1842,-10.0813,110.9043,-62.7497,-116.8332
380293364,0.0096,0.0068,-0.0452,-0.3519,-0.3340,0.0285,-0.0635,-0.0200,-0.1823,-0.0237,-0.0864,-0.3912,3.7171,2.6162,-9.2423,110.9256,-62.7495,-116.8762
380298365,0.0093,0.0051,-0.1008,-0.2718,-0.2170,0.0100,-0.0441,-0.0200,-0.1831,-0.0252,-0.1607,-0.3012,4.4659,1.9449,-7.5642,110.9635,-62.7493,-116.8763
380303365,0.0087,0.0040,-0.1402,-0.1918,-0.0921,-0.0500,-0.0305,0.0426,-0.1844,-0.0268,-0.2642,-0.3206,4.4659,1.5835,-7.0543,110.9814,-62.7495,-116.9097
380308365,0.0080,0.0030,-0.1552,-0.1451,-0.0368,-0.0500,-0.0227,0.0335,-0.1854,-0.0280,-0.1950,-0.2486,4.7010,1.1704,-5.7849,111.0137,-62.7495,-116.9100
380313365,0.0072,0.0023,-0.1921,-0.0941,-0.1165,-0.0500,-0.0059,0.0308,-0.1865,-0.0289,-0.2257,-0.1807,4.7010,0.9638,-4.8573,111.0325,-62.7494,-116.9222
380318365,0.0062,0.0017,-0.2107,-0.0568,-0.2484,-0.0500,0.0500,0.0303,-0.1878,-0.0296,-0.2465,-0.1396,4.1939,0.7056,-4.8573,111.0487,-62.7496,-116.9416
380323365,0.0052,0.0016,-0.2260,0.0235,-0.2912,0.0200,0.0500,0.0163,-0.1891,-0.0298,-0.2602,-0.0356,4.1939,0.6024,-3.9712,111.0655,-62.7491,-116.9514
380328364,0.0040,0.0024,-0.2450,0.2257,-0.3123,0.0200,0.0500,-0.0500,-0.1904,-0.0289,-0.2730,0.1773,4.0862,0.4474,-3.2513,111.0885,-62.7491,-116.9515
380333365,0.0029,0.0036,-0.2141,0.2831,-0.3578,-0.0416,0.0500,-0.0500,-0.1918,-0.0275,-0.2664,0.2831,3.0430,0.2925,-2.6975,111.0824,-62.7500,-116.9523
380338364,0.0019,0.0050,-0.1820,0.2694,-0.3734,-0.0338,-0.0200,-0.0500,-0.1927,-0.0262,-0.1879,0.2694,0.3386,0.2409,-1.9775,111.0386,-62.7499,-116.9518
380343364,0.0012,0.0065,-0.1304,0.2691,-0.2750,-0.0249,-0.0200,-0.0500,-0.1934,-0.0248,-0.1353,0.2691,0.2822,0.1893,-1.6452,111.0387,-62.7496,-116.9524
380348364,0.0008,0.0078,-0.0620,0.3128,-0.1764,-0.0104,0.1038,0.0200,-0.1937,-0.0233,-0.0647,0.3107,0.2259,0.1376,-1.2022,111.0389,-62.7499,-116.9519
380353365,0.0007,0.0094,-0.0150,0.3509,-0.2066,0.0014,0.1120,0.0200,-0.1938,-0.0215,-0.0167,0.3489,0.1695,0.1376,-1.0914,111.0385,-62.7491,-116.9542
380358365,0.0007,0.0112,0.0052,0.4102,-0.2188,0.0500,0.1281,-0.1256,-0.1938,-0.0195,-0.0055,0.3926,0.1132,0.0860,-1.0914,111.0382,-62.7497,-116.9607
380363365,0.0010,0.0134,0.0174,0.4661,-0.1513,0.0500,0.1451,-0.1489,-0.1938,-0.0173,0.0091,0.4478,0.1132,0.1376,-1.0914,111.0387,-62.7479,-116.9651
380368364,0.0013,0.0160,0.0360,0.4804,-0.1547,0.0500,0.1534,-0.1624,-0.1937,-0.0151,0.0191,0.4473,0.0568,0.1376,-2.0844,111.0380,-62.7474,-116.9926
380373364,0.0015,0.0183,0.0602,0.4459,-0.3321,0.0500,0.1512,-0.1632,-0.1934,-0.0131,0.0498,0.3937,0.0568,1.1557,-2.3457,111.0383,-62.7249,-117.0071
380378364,0.0020,0.0205,0.1222,0.4450,-0.2869,-0.0200,0.1480,-0.1786,-0.1929,-0.0112,0.1123,0.3731,0.0568,1.8493,-2.9753,111.0386,-62.7046,-117.0342
380383365,0.0029,0.0226,0.1854,0.4780,-0.1944,-0.0200,0.1493,-0.2000,-0.1919,-0.0093,0.1891,0.3799,0.1132,3.5051,-3.0722,111.0400,-62.6544,-117.0485
380388365,0.0040,0.0251,0.1961,0.4606,-0.1421,0.0676,0.1474,-0.2000,-0.1909,-0.0077,0.2028,0.3277,0.1132,4.9538,-3.9548,111.0407,-62.6084,-117.0877
380393365,0.0049,0.0272,0.1680,0.3961,-0.1220,0.0646,0.1394,-0.1993,-0.1900,-0.0066,0.1830,0.2257,0.1132,6.6869,-4.7414,111.0411,-62.5385,-117.1199
380398364,0.0058,0.0287,0.1698,0.2795,-0.1727,0.0694,0.1151,-0.1779,-0.1891,-0.0062,0.1844,0.0673,0.1132,8.0589,-6.1652,111.0418,-62.4817,-117.1808
380403365,0.0068,0.0295,0.1805,0.1323,-0.2359,0.0754,0.0812,-0.1476,-0.1882,-0.0068,0.1780,-0.1222,1.5134,9.8607,-7.1925,111.0724,-62.3918,-117.2282
380408365,0.0076,0.0295,0.1658,-0.0244,-0.2451,0.0735,0.0449,-0.1090,-0.1875,-0.0085,0.1402,-0.3294,2.2135,10.9156,-9.5218,111.0991,-62.3288,-117.3247
380413365,0.0086,0.0289,0.1720,-0.1411,-0.1980,0.0775,0.0117,-0.0816,-0.1868,-0.0109,0.1369,-0.4897,3.0491,12.6480,-10.7089,111.1258,-62.2230,-117.3882
380418365,0.0096,0.0280,0.1863,-0.2025,-0.1681,0.0829,-0.0500,-0.0657,-0.1861,-0.0139,0.1261,-0.5921,3.8798,13.4012,-12.7107,111.1614,-62.1557,-117.4983
380423365,0.0105,0.0269,0.1768,-0.2456,-0.2209,0.0747,-0.0500,-0.0593,-0.1862,-0.0162,-0.0145,-0.4544,3.9905,14.4409,-14.0507,111.1796,-62.0512,-117.5785
380428364,0.0113,0.0253,0.1707,-0.2856,-0.1919,0.0729,-0.0500,-0.0430,-0.1865,-0.0188,-0.0593,-0.5184,5.4363,14.7575,-15.6630,111.2372,-61.9865,-117.6992
380433364,0.0122,0.0238,0.1643,-0.3131,-0.1079,0.0726,-0.0500,-0.0327,-0.1869,-0.0216,-0.0833,-0.5565,6.1035,14.5822,-16.3786,111.2735,-61.9015,-117.7772
380438365,0.0131,0.0221,0.1671,-0.3635,-0.0936,0.0744,0.0200,-0.0163,-0.1875,-0.0246,-0.1098,-0.6188,7.4159,14.0547,-17.1723,111.3398,-61.8544,-117.8942
380443364,0.0139,0.0201,0.1319,-0.4340,-0.2002,0.0692,0.0200,0.0500,-0.1883,-0.0281,-0.1592,-0.6962,8.0195,12.9774,-17.6379,111.3825,-61.7952,-117.9734
380448365,0.0147,0.0176,0.0999,-0.4655,-0.2805,0.0834,-0.0879,0.0500,-0.1880,-0.0313,0.0460,-0.6403,9.0564,11.6021,-17.8460,111.4542,-61.7741,-118.0840
380453365,0.0152,0.0151,0.0611,-0.4847,-0.2463,0.0735,-0.0952,0.0500,-0.1881,-0.0345,-0.0183,-0.6364,9.7406,10.0530,-17.6887,111.5055,-61.7385,-118.1520
380458365,0.0154,0.0125,-0.0009,-0.4710,-0.1864,0.0565,-0.0933,0.0500,-0.1886,-0.0376,-0.0985,-0.6148,10.5145,9.5197,-17.2685,111.5813,-61.7093,-118.2484
380463365,0.0152,0.0101,-0.0864,-0.4481,-0.1492,0.0325,-0.0845,-0.0200,-0.1896,-0.0405,-0.1998,-0.5795,11.0010,8.6955,-16.1124,111.6341,-61.6900,-118.3245
380468364,0.0146,0.0081,-0.1573,-0.3894,-0.0954,0.0098,-0.0669,-0.0200,-0.1911,-0.0430,-0.2966,-0.4974,11.7076,7.1294,-15.1746,111.7159,-61.6722,-118.3675
380473364,0.0136,0.0062,-0.2639,-0.3610,-0.0377,-0.0500,-0.0588,0.0930,-0.1938,-0.0462,-0.5415,-0.6437,11.9427,5.2836,-13.6539,111.7679,-61.6720,-118.3951
380478365,0.0123,0.0042,-0.2935,-0.3577,0.0268,-0.0500,-0.0651,0.0942,-0.1956,-0.0492,-0.3613,-0.6033,12.2733,4.3327,-12.1820,111.8471,-61.6718,-118.4430
380483365,0.0109,0.0022,-0.3045,-0.3457,0.0078,-0.0500,-0.0625,0.1001,-0.1975,-0.0520,-0.3694,-0.5534,12.2733,3.2141,-10.7421,111.8962,-61.6717,-118.4607
380488365,0.0092,0.0005,-0.3516,-0.2911,-0.0927,-0.0500,-0.0445,0.1028,-0.1995,-0.0543,-0.4126,-0.4738,11.9964,2.5988,-9.6844,111.9631,-61.6724,-118.5019
380493364,0.0074,-0.0009,-0.3928,-0.2416,-0.1877,0.0200,-0.0270,0.1050,-0.2018,-0.0563,-0.4487,-0.3958,11.2477,1.9276,-8.4301,111.9938,-61.6722,-118.5125
380498364,0.0053,-0.0019,-0.4374,-0.1466,-0.2509,0.0200,0.0500,0.0965,-0.2042,-0.0577,-0.4853,-0.2771,9.6960,1.5920,-7.1709,112.0248,-61.6718,-118.5359
380503365,0.0030,-0.0023,-0.4774,-0.0235,-0.2460,-0.1199,0.0500,0.0835,-0.2076,-0.0583,-0.6745,-0.1110,8.5128,1.2005,-5.8632,112.0385,-61.6714,-118.5358
380508365,0.0006,-0.0021,-0.4777,0.0825,-0.2371,-0.1262,0.0500,0.0613,-0.2107,-0.0582,-0.6275,0.0181,6.5408,0.9768,-4.3134,112.0433,-61.6716,-118.5352
380513365,-0.0020,-0.0017,-0.4878,0.1213,-0.2530,-0.1383,0.0500,0.0571,-0.2139,-0.0578,-0.6313,0.0678,6.5408,0.6971,-3.5869,112.0695,-61.6722,-118.5351
380518364,-0.0041,-0.0004,-0.4145,0.2367,-0.1275,-0.1273,-0.0200,0.0172,-0.2165,-0.0567,-0.5207,0.2206,5.6253,0.5852,-1.0898,112.0890,-61.6719,-118.5007
380523364,-0.0059,0.0008,-0.3369,0.2935,-0.0438,-0.1146,-0.0200,-0.0500,-0.2186,-0.0553,-0.4232,0.2813,4.6020,0.4174,-0.8285,112.0889,-61.6722,-118.4987
380528364,-0.0075,0.0026,-0.2819,0.3784,0.0237,-0.1055,0.1432,-0.0500,-0.2203,-0.0535,-0.3376,0.3732,3.4173,0.3615,-0.5672,112.0891,-61.6718,-118.4980
380533365,-0.0089,0.0046,-0.2651,0.4523,0.0671,-0.1066,0.1661,-0.0500,-0.2218,-0.0512,-0.3101,0.4480,2.7710,0.3056,-0.5149,112.0885,-61.6710,-118.4989
380538365,-0.0098,0.0068,-0.1863,0.4942,-0.0566,-0.0879,0.1759,-0.0500,-0.2229,-0.0488,-0.2192,0.4898,2.0709,0.3056,0.4430,112.0890,-61.6698,-118.4822
380543364,-0.0103,0.0094,-0.0693,0.5272,-0.2167,-0.0566,0.1796,0.0200,-0.2233,-0.0462,-0.0782,0.5227,0.6698,0.3056,1.6614,112.0671,-61.6680,-118.4535
380548364,-0.0103,0.0120,0.0275,0.5318,-0.2695,-0.0298,0.1773,0.0200,-0.2231,-0.0435,0.0427,0.5272,-0.7325,0.3056,1.2184,112.0368,-61.6668,-118.4531
380553365,-0.0099,0.0145,0.1069,0.5232,-0.3410,-0.0056,0.1728,-0.1541,-0.2224,-0.0410,0.1450,0.5093,-0.7325,1.9410,0.9968,112.0339,-61.6292,-118.4535
380558364,-0.0090,0.0170,0.1955,0.5208,-0.4580,0.0500,0.1673,-0.1736,-0.2211,-0.0385,0.2619,0.4914,-2.1431,2.6957,0.7199,111.9985,-61.6050,-118.4534
380563364,-0.0075,0.0197,0.2581,0.5709,-0.3770,0.0500,0.1737,-0.2000,-0.2196,-0.0360,0.2926,0.4949,-2.1431,4.5325,-0.5749,111.9899,-61.5471,-118.4789
380568365,-0.0059,0.0224,0.2853,0.5712,-0.2323,0.0500,0.1727,-0.2000,-0.2180,-0.0337,0.3207,0.4656,-2.1431,5.5720,-1.5156,111.9771,-61.5068,-118.5062
380573365,-0.0043,0.0251,0.3305,0.5195,-0.1192,0.0500,0.1574,-0.2000,-0.2161,-0.0318,0.3838,0.3778,-2.1431,7.8066,-1.7093,111.9685,-61.4225,-118.5156
380578364,-0.0025,0.0273,0.3674,0.4172,-0.0078,-0.0200,0.1308,-0.2000,-0.2140,-0.0306,0.4254,0.2429,-1.7687,9.1610,-2.5327,111.9639,-61.3621,-118.5473
380583365,-0.0005,0.0293,0.3861,0.3910,0.0830,-0.0200,0.1209,-0.2000,-0.2117,-0.0298,0.4541,0.1667,-1.4478,11.4033,-3.6360,111.9640,-61.2558,-118.5811
380588364,0.0016,0.0310,0.3940,0.3861,0.0249,0.1115,0.1181,-0.2000,-0.2093,-0.0292,0.4761,0.1213,-0.5627,13.0126,-4.7372,111.9746,-61.1748,-118.6285
380593365,0.0036,0.0327,0.3604,0.3070,-0.0698,0.1112,0.1056,-0.2000,-0.2072,-0.0292,0.4311,-0.0013,0.6583,14.9942,-5.6648,111.9996,-61.0517,-118.6663
380598365,0.0053,0.0342,0.3381,0.2758,-0.0288,0.1113,0.1001,-0.2000,-0.2051,-0.0296,0.4011,-0.0804,0.6583,16.1601,-7.7100,112.0036,-60.9664,-118.7499
380603364,0.0069,0.0353,0.3250,0.1943,-0.0181,0.1146,0.0816,-0.1956,-0.2032,-0.0306,0.3880,-0.2029,0.6583,17.5276,-9.0783,112.0062,-60.8384,-118.8075
380608364,0.0087,0.0352,0.3357,-0.0455,-0.1150,0.1226,0.0241,-0.1423,-0.2014,-0.0330,0.3594,-0.4862,2.1232,18.1709,-11.3518,112.0456,-60.7545,-118.9175
380613364,0.0103,0.0344,0.2926,-0.1939,-0.1556,0.1180,-0.0500,-0.1018,-0.1999,-0.0364,0.3099,-0.6673,2.2309,19.0041,-12.7020,112.0562,-60.6265,-118.9881
380618365,0.0117,0.0331,0.2941,-0.2782,-0.1009,0.1069,-0.0500,-0.0914,-0.1994,-0.0389,0.0940,-0.4986,4.0731,19.3680,-14.8306,112.1125,-60.5426,-119.1187
380623365,0.0133,0.0316,0.3286,-0.3207,-0.0575,0.1191,-0.0500,-0.0827,-0.1989,-0.0416,0.0983,-0.5595,5.2108,19.6273,-16.0751,112.1535,-60.4205,-119.1995
380628365,0.0149,0.0299,0.3451,-0.3519,-0.1382,0.1276,-0.0500,-0.0711,-0.1985,-0.0447,0.0745,-0.6115,6.8607,19.6273,-17.4781,112.2222,-60.3420,-119.3341
380633365,0.0168,0.0279,0.3384,-0.3503,-0.1657,0.1316,0.0200,-0.0654,-0.1983,-0.0478,0.0381,-0.6205,8.2421,18.8997,-18.1870,112.2798,-60.2404,-119.4126
380638365,0.0186,0.0260,0.3152,-0.3790,-0.0805,0.1289,0.0200,-0.0518,-0.1985,-0.0511,-0.0242,-0.6624,10.0868,18.4149,-19.0711,112.3710,-60.1754,-119.5488
380643364,0.0203,0.0239,0.2950,-0.4032,-0.0227,0.1395,-0.1100,-0.0287,-0.1981,-0.0559,0.0798,-0.9461,11.2223,16.8405,-19.5043,112.4363,-60.1013,-119.6274
380648365,0.0218,0.0217,0.2443,-0.4389,-0.0447,0.1294,-0.1197,-0.0080,-0.1981,-0.0607,-0.0157,-0.9773,13.2014,16.0616,-19.9702,112.5499,-60.0512,-119.7626
380653364,0.0230,0.0191,0.1903,-0.4948,-0.2048,0.1198,-0.1321,0.0500,-0.1987,-0.0658,-0.1062,-1.0156,14.5140,14.6751,-20.1774,112.6317,-59.9865,-119.8395
380658365,0.0235,0.0166,0.0614,-0.4847,-0.0972,0.0989,-0.1096,0.0500,-0.1991,-0.0693,-0.0956,-0.6977,16.2886,13.9964,-20.2263,112.7601,-59.9424,-119.9693
380663365,0.0237,0.0140,0.0021,-0.4896,-0.0078,0.0817,-0.1118,0.0500,-0.2001,-0.0727,-0.1820,-0.6876,17.3342,12.9896,-19.9726,112.8485,-59.8820,-120.0372
380668364,0.0236,0.0115,-0.0638,-0.5067,-0.0075,0.0621,-0.1130,0.0500,-0.2015,-0.0762,-0.2797,-0.6842,18.4676,11.6179,-19.3419,112.9789,-59.8596,-120.1506
380673364,0.0232,0.0090,-0.1145,-0.4850,-0.0368,0.0465,-0.1069,-0.0200,-0.2032,-0.0793,-0.3548,-0.6363,18.9844,9.8774,-18.7232,113.0644,-59.8292,-120.2073
380678364,0.0228,0.0064,-0.1420,-0.4869,-0.0456,0.0358,-0.1091,-0.0200,-0.2053,-0.0824,-0.4086,-0.6147,19.7058,8.3197,-17.1527,113.1956,-59.8239,-120.2906
380683364,0.0223,0.0039,-0.1332,-0.5116,0.0081,0.0227,-0.1313,0.1083,-0.2081,-0.0866,-0.5668,-0.8428,20.1171,5.9830,-16.1436,113.2837,-59.8276,-120.3306
380688365,0.0215,0.0013,-0.1726,-0.4728,0.0652,0.0086,-0.1226,0.1115,-0.2111,-0.0904,-0.6068,-0.7520,20.3276,4.4252,-14.2122,113.4094,-59.8378,-120.3890
380693364,0.0205,-0.0010,-0.2156,-0.4145,0.0335,-0.0500,-0.1074,0.1121,-0.2144,-0.0937,-0.6557,-0.6554,20.3811,2.8632,-13.2105,113.4918,-59.8463,-120.4188
380698364,0.0192,-0.0026,-0.2932,-0.2807,-0.0380,-0.0500,-0.0809,0.0856,-0.2164,-0.0960,-0.3860,-0.4754,19.9590,1.1749,-11.9695,113.6046,-59.8719,-120.4745
380703365,0.0171,-0.0029,-0.4493,-0.0049,-0.0099,-0.0500,0.0500,0.0489,-0.2190,-0.0970,-0.5389,-0.1849,19.3482,0.8584,-11.2901,113.6714,-59.8723,-120.5038
380708364,0.0145,-0.0028,-0.5602,0.0339,0.1718,-0.0500,0.0500,0.0544,-0.2223,-0.0975,-0.6437,-0.1102,18.2324,-0.6712,-9.7236,113.7626,-59.9015,-120.5392
380713364,0.0116,-0.0038,-0.5990,-0.2269,1.1495,0.0200,0.0500,0.1107,-0.2256,-0.0993,-0.6704,-0.3504,16.9267,-1.5661,-8.3191,113.8074,-59.9279,-120.5439
380717619,0.0087,-0.0047,-0.5990,-0.2269,1.1495,0.0200,0.0500,0.1167,-0.2284,-0.1006,-0.6504,-0.3160,15.4213,-2.6327,-5.9943,113.8750,-59.9569,-120.5427
380723364,0.0047,-0.0070,-0.8079,-0.4184,0.3972,-0.2000,-0.0200,0.2000,-0.2347,-0.1035,-1.1022,-0.5081,14.0750,-2.8266,-5.9943,113.9069,-59.9776,-120.5667
380728365,0.0008,-0.0093,-0.7718,-0.4777,0.2473,-0.2000,-0.0200,0.2000,-0.2398,-0.1062,-1.0212,-0.5404,12.3583,-2.8266,-4.2023,113.9508,-59.9889,-120.5628
380733365,-0.0031,-0.0105,-0.7859,-0.1964,0.8517,-0.2000,0.0235,0.1829,-0.2449,-0.1072,-1.0231,-0.2012,11.1282,-2.4651,-2.7978,113.9738,-59.9982,-120.5475
380738365,-0.0061,-0.0120,-0.6145,-0.2309,1.1737,-0.2000,-0.0500,0.1718,-0.2490,-0.1083,-0.8064,-0.2013,10.0468,-2.0521,-0.0854,114.0165,-59.9990,-120.5026
380743365,-0.0097,-0.0130,-0.7144,-0.2266,1.0496,-0.2000,-0.0500,0.1952,-0.2533,-0.1093,-0.8655,-0.2121,9.2016,-1.4841,0.9352,114.0390,-59.9981,-120.4807
380748365,-0.0126,-0.0138,-0.6041,-0.0874,1.0664,-0.2000,-0.0500,0.1541,-0.2568,-0.1094,-0.7001,-0.0271,7.5113,-1.2259,3.9824,114.0536,-59.9984,-120.4046
380753364,-0.0155,-0.0137,-0.5748,0.0168,1.2057,-0.2000,-0.0500,0.1299,-0.2601,-0.1090,-0.6599,0.0963,7.5113,-0.9160,5.2545,114.0837,-59.9986,-120.3623
380758364,-0.0181,-0.0139,-0.5556,0.0290,1.1920,-0.2000,0.0200,0.1261,-0.2630,-0.1082,-0.5852,0.1521,5.7341,-0.7611,8.1521,114.0884,-59.9988,-120.2618
380763364,-0.0205,-0.0136,-0.4594,0.1261,1.0145,-0.2000,0.0200,0.0959,-0.2653,-0.1068,-0.4583,0.2721,4.7109,-0.5546,9.6709,114.0888,-59.9985,-120.1994
380768365,-0.0225,-0.0129,-0.3732,0.1726,1.0881,-0.1948,0.0500,0.0710,-0.2670,-0.1050,-0.3341,0.3643,3.4723,-0.5546,12.1710,114.0885,-60.0008,-120.0798
380773365,-0.0237,-0.0120,-0.2379,0.2144,1.2558,-0.1659,0.0500,0.0402,-0.2678,-0.1029,-0.1704,0.4199,2.8260,-0.5546,13.6282,114.0883,-60.0041,-120.0040
380778365,-0.0245,-0.0110,-0.1353,0.2437,1.2250,-0.1406,0.0500,0.0164,-0.2680,-0.1005,-0.0391,0.4783,2.1259,-0.5546,15.5600,114.0891,-60.0063,-119.8729
380783365,-0.0246,-0.0101,-0.0070,0.2312,1.1361,-0.1069,0.0500,0.0001,-0.2675,-0.0982,0.1013,0.4754,1.7489,-0.5546,16.2018,114.0892,-60.0096,-119.8028
380788365,-0.0245,-0.0090,-0.0064,0.2831,1.0967,-0.1044,-0.0200,-0.0500,-0.2669,-0.0954,0.1189,0.5422,1.2643,-0.5546,17.1943,114.0884,-60.0118,-119.6758
380793364,-0.0241,-0.0075,0.0272,0.3500,1.1168,-0.1057,-0.0200,-0.0500,-0.2669,-0.0937,0.0091,0.3502,1.0488,-0.0899,17.5958,114.0888,-60.0057,-119.6045
380798365,-0.0241,-0.0059,-0.0189,0.4071,1.1129,-0.1166,0.1048,-0.0500,-0.2670,-0.0917,-0.0302,0.4034,0.7796,0.2582,17.5464,114.0888,-59.9976,-119.4930
380803364,-0.0240,-0.0039,0.0336,0.4194,1.0454,-0.1020,0.1084,-0.0500,-0.2669,-0.0896,0.0260,0.4142,0.6180,0.3551,17.1034,114.0884,-59.9941,-119.4386
380808365,-0.0239,-0.0018,0.0589,0.4536,1.0179,-0.0906,0.1164,0.0200,-0.2664,-0.0875,0.1046,0.4266,-1.7466,1.8095,15.7797,114.0378,-59.9606,-119.3590
380813364,-0.0234,0.0001,0.0864,0.4530,1.0087,-0.0817,0.1185,0.0200,-0.2657,-0.0853,0.1321,0.4260,-1.7466,1.8095,15.0626,114.0309,-59.9497,-119.3167
380818364,-0.0227,0.0021,0.1148,0.4728,0.9745,-0.0616,0.1326,-0.1084,-0.2643,-0.0822,0.2844,0.6261,-1.8877,2.8723,13.0243,114.0175,-59.9192,-119.2677
380823365,-0.0221,0.0043,0.1417,0.4988,0.9232,-0.0510,0.1399,-0.1243,-0.2627,-0.0791,0.3206,0.6278,-2.5930,3.5054,12.0428,113.9938,-59.8889,-119.2414
380828365,-0.0214,0.0067,0.1707,0.4930,0.7934,-0.0388,0.1407,-0.1323,-0.2609,-0.0762,0.3575,0.5842,-3.2883,4.5238,10.5421,113.9638,-59.8524,-119.1995
380833365,-0.0206,0.0091,0.2062,0.4985,0.7170,-0.0255,0.1420,-0.1439,-0.2589,-0.0734,0.3934,0.5429,-3.2883,6.1109,8.9915,113.9506,-59.7885,-119.1951
380838364,-0.0194,0.0115,0.2633,0.5009,0.9293,-0.0084,0.1360,-0.1632,-0.2566,-0.0709,0.4628,0.5102,-3.8420,7.4345,7.9662,113.9195,-59.7350,-119.1596
380843365,-0.0179,0.0139,0.3552,0.4890,0.9684,0.0500,0.1229,-0.1812,-0.2538,-0.0686,0.5638,0.4487,-4.0635,9.3892,6.5991,113.8989,-59.6454,-119.1605
380848365,-0.0162,0.0159,0.3806,0.3928,0.9708,0.0500,0.1019,-0.1678,-0.2512,-0.0671,0.5154,0.3062,-4.1100,10.7020,4.7926,113.8736,-59.5787,-119.1606
380853365,-0.0142,0.0175,0.3965,0.3125,1.0542,0.0500,0.0798,-0.1606,-0.2485,-0.0662,0.5423,0.1839,-4.1100,12.7283,4.0115,113.8571,-59.4679,-119.1603
380858365,-0.0120,0.0191,0.4527,0.3024,1.0716,0.0500,0.0679,-0.1712,-0.2456,-0.0656,0.5841,0.1146,-3.7330,13.8690,1.2002,113.8403,-59.3920,-119.1997
380863365,-0.0097,0.0198,0.4355,0.2010,0.9208,-0.0200,0.0455,-0.1501,-0.2427,-0.0657,0.5719,-0.0222,-3.0867,15.3268,0.2962,113.8395,-59.2746,-119.2147
380868365,-0.0077,0.0204,0.4065,0.0990,0.8762,-0.0200,0.0227,-0.1258,-0.2401,-0.0666,0.5270,-0.1755,-2.1396,16.1278,-2.3236,113.8425,-59.1953,-119.2739
380873365,-0.0059,0.0206,0.3488,0.0257,0.9638,0.0615,0.0075,-0.1059,-0.2377,-0.0680,0.4760,-0.2837,-0.6540,17.0306,-3.7457,113.8666,-59.0774,-119.3131
380878365,-0.0042,0.0203,0.3409,-0.0797,1.0255,0.0638,-0.0500,-0.0822,-0.2355,-0.0701,0.4455,-0.4209,-0.1434,17.3023,-5.5984,113.8755,-59.0033,-119.3792
380883365,-0.0026,0.0196,0.3323,-0.1634,0.9715,0.0562,-0.0500,-0.0728,-0.2341,-0.0714,0.2759,-0.2626,-0.0970,17.2980,-6.6433,113.8759,-58.8993,-119.4225
380888365,-0.0013,0.0181,0.3067,-0.3176,0.8230,0.0560,-0.0500,-0.0294,-0.2329,-0.0737,0.2354,-0.4424,-0.0970,16.9896,-8.3625,113.8753,-58.8367,-119.5051
380893365,0.0004,0.0161,0.3063,-0.4239,0.4861,0.0642,-0.0500,0.0500,-0.2319,-0.0765,0.2008,-0.5620,1.4536,16.0987,-9.2612,113.9086,-58.7558,-119.5552
380898365,0.0017,0.0135,0.2483,-0.5522,0.0084,0.0669,0.0200,0.0500,-0.2308,-0.0792,0.2196,-0.5522,1.6751,15.1724,-10.4810,113.9230,-58.7122,-119.6428
380903364,0.0027,0.0104,0.2230,-0.5684,0.3447,0.0597,0.0200,0.0500,-0.2299,-0.0821,0.1869,-0.5684,2.1029,13.2817,-11.2038,113.9384,-58.6646,-119.6965
380908365,0.0038,0.0065,0.2645,-0.7666,0.4171,0.0805,-0.2000,0.0500,-0.2283,-0.0868,0.3161,-0.9467,3.0656,12.0512,-11.5759,113.9749,-58.6393,-119.7767
380913365,0.0049,0.0030,0.2126,-0.7257,0.1950,0.0724,-0.1975,-0.0200,-0.2272,-0.0912,0.2340,-0.8767,3.8179,10.0992,-11.7212,114.0039,-58.6104,-119.8221
380918364,0.0061,-0.0009,0.2049,-0.7391,-0.0316,0.0768,-0.2000,-0.0200,-0.2261,-0.0956,0.2085,-0.8800,4.4940,9.4095,-10.8740,114.0411,-58.5846,-119.8784
380923365,0.0070,-0.0045,0.1329,-0.7065,-0.0676,0.0552,-0.2000,0.1613,-0.2259,-0.1005,0.0378,-0.9800,4.4940,8.1438,-10.1923,114.0591,-58.5589,-119.9023
380928365,0.0075,-0.0080,0.0421,-0.6756,0.2128,0.0301,-0.2000,0.1715,-0.2262,-0.1051,-0.0601,-0.9142,5.1941,7.2636,-8.7276,114.1022,-58.5449,-119.9326
380933364,0.0075,-0.0110,-0.0293,-0.5690,0.3624,0.0090,-0.1869,0.1640,-0.2270,-0.1089,-0.1496,-0.7706,5.6120,5.3932,-8.1184,114.1321,-58.5446,-119.9517
380938365,0.0072,-0.0140,-0.0742,-0.5592,0.1361,-0.0010,-0.1836,0.1794,-0.2280,-0.1125,-0.1974,-0.7247,5.9996,4.4029,-6.6786,114.1743,-58.5448,-119.9683
380943365,0.0068,-0.0167,-0.1124,-0.5516,0.0872,-0.0500,-0.1834,0.1925,-0.2292,-0.1160,-0.2459,-0.6990,5.9996,3.1990,-6.6786,114.1983,-58.5460,-119.9925
380948365,0.0063,-0.0196,-0.1460,-0.5452,0.1776,-0.0500,-0.1888,0.1980,-0.2301,-0.1193,-0.1750,-0.6450,6.2135,1.6412,-5.0585,114.2395,-58.5674,-119.9981
380953365,0.0054,-0.0223,-0.2159,-0.4881,0.1666,-0.0500,-0.1710,0.2000,-0.2314,-0.1219,-0.2593,-0.5375,5.4612,-0.8969,-4.2223,114.2484,-58.6158,-119.9983
380958364,0.0040,-0.0243,-0.2883,-0.3509,-0.0068,-0.0500,-0.1311,0.1905,-0.2330,-0.1237,-0.3243,-0.3515,4.0506,-2.1083,-2.1553,114.2486,-58.6456,-119.9787
380963364,0.0023,-0.0257,-0.3430,-0.2431,-0.1574,0.0200,-0.0958,0.1803,-0.2349,-0.1246,-0.3892,-0.1778,3.2982,-4.9256,-0.5493,114.2483,-58.7229,-119.9515
380968364,0.0005,-0.0268,-0.3793,-0.1723,-0.0930,0.0200,-0.0730,0.1713,-0.2370,-0.1248,-0.4156,-0.0419,2.4518,-6.5253,2.2133,114.2486,-58.7777,-119.8920
380973365,-0.0014,-0.0274,-0.3775,-0.1353,0.0946,-0.1079,-0.0601,0.1644,-0.2393,-0.1245,-0.4585,0.0517,2.0287,-8.9883,3.5570,114.2490,-58.8737,-119.8548
380978365,-0.0035,-0.0280,-0.3793,-0.1106,-0.0279,-0.1133,-0.0474,0.1618,-0.2415,-0.1238,-0.4371,0.1402,1.4644,-10.3344,6.4857,114.2482,-58.9389,-119.7643
380983365,-0.0050,-0.0280,-0.2896,0.0223,-0.0746,-0.0947,-0.0240,0.1216,-0.2431,-0.1222,-0.3252,0.3211,-0.0535,-12.2023,7.8452,114.2205,-59.0438,-119.7114
380988365,-0.0063,-0.0276,-0.2321,0.1264,0.0604,-0.0854,-0.0038,0.0869,-0.2443,-0.1199,-0.2471,0.4756,-0.4279,-13.0462,10.3732,114.2106,-59.1109,-119.6024
380993365,-0.0073,-0.0270,-0.2059,0.1744,0.2283,-0.0848,0.0500,0.0681,-0.2454,-0.1170,-0.2160,0.5636,-0.4279,-14.0999,12.0057,114.2089,-59.2132,-119.5294
380998365,-0.0083,-0.0257,-0.2111,0.2343,0.2305,-0.0774,0.0500,0.0587,-0.2457,-0.1148,-0.0560,0.4443,-2.0891,-14.3065,14.0429,114.1701,-59.2741,-119.4155
381003365,-0.0092,-0.0245,-0.2224,0.2712,0.0261,-0.0796,0.0500,0.0500,-0.2459,-0.1123,-0.0461,0.5028,-2.5981,-14.5202,15.4842,114.1505,-59.3651,-119.3219
381008365,-0.0104,-0.0231,-0.2037,0.2792,-0.1425,-0.0749,0.0500,0.0429,-0.2459,-0.1096,0.0065,0.5341,-3.7959,-14.1509,17.0380,114.1065,-59.4146,-119.1992
381013365,-0.0116,-0.0218,-0.2074,0.3060,-0.0343,-0.0806,-0.0200,0.0322,-0.2458,-0.1068,0.0205,0.5739,-4.3883,-12.8495,17.8969,114.0776,-59.4698,-119.1056
381018365,-0.0124,-0.0202,-0.1506,0.3396,0.1208,-0.0700,-0.0200,0.0105,-0.2453,-0.1037,0.1011,0.6199,-5.3461,-12.0844,18.7276,114.0293,-59.5049,-118.9857
381023365,-0.0128,-0.0183,-0.0473,0.4029,-0.0267,-0.0496,0.0788,-0.0500,-0.2447,-0.0994,0.1284,0.8467,-6.0984,-10.7597,18.9914,113.9912,-59.5468,-118.8979
381028365,-0.0125,-0.0162,0.1026,0.4197,-0.1712,-0.0192,0.0572,-0.0500,-0.2440,-0.0966,0.1395,0.5568,-6.6867,-9.2744,19.0935,113.9405,-59.5568,-118.7884
381033364,-0.0116,-0.0140,0.1878,0.4007,-0.0279,0.0500,0.0443,-0.0500,-0.2427,-0.0940,0.2451,0.5220,-7.3512,-8.2034,18.9890,113.8987,-59.5896,-118.7072
381038365,-0.0104,-0.0120,0.2642,0.3876,0.0448,0.0500,0.0403,-0.0500,-0.2418,-0.0915,0.1946,0.5086,-7.9306,-8.1506,18.0564,113.8411,-59.6213,-118.6216
381043365,-0.0090,-0.0101,0.2856,0.4389,-0.0597,0.0500,0.0513,0.0200,-0.2406,-0.0889,0.2339,0.5287,-7.9845,-6.0403,17.0797,113.8081,-59.6216,-118.5639
381048365,-0.0072,-0.0079,0.3738,0.4701,-0.2445,0.0500,0.0526,0.0200,-0.2390,-0.0861,0.3271,0.5512,-7.9281,-5.4600,15.5312,113.7615,-59.6324,-118.5031
381053365,-0.0054,-0.0053,0.3937,0.5275,-0.3285,-0.0200,0.0784,-0.1527,-0.2366,-0.0820,0.4653,0.8151,-6.9877,-5.4600,13.8065,113.7497,-59.6652,-118.4731
381058365,-0.0030,-0.0025,0.4655,0.5388,-0.2072,-0.0200,0.0731,-0.1775,-0.2340,-0.0781,0.5278,0.7881,-5.5771,-4.7329,11.9790,113.7413,-59.6714,-118.4357
381063364,-0.0006,0.0002,0.4655,0.5110,-0.0881,0.1279,0.0641,-0.1886,-0.2309,-0.0745,0.6249,0.7252,-5.5771,-3.5024,10.8619,113.7190,-59.6712,-118.4084
381068365,0.0017,0.0028,0.4288,0.4954,-0.1287,0.1267,0.0680,-0.1897,-0.2281,-0.0711,0.5625,0.6679,-4.2935,-2.3195,9.2508,113.7145,-59.6598,-118.3852
381073365,0.0035,0.0050,0.3128,0.4447,-0.2991,0.1064,0.0745,-0.1695,-0.2258,-0.0683,0.4409,0.5638,-3.5448,-0.1037,7.8874,113.7139,-59.6220,-118.3741
381078365,0.0050,0.0071,0.2584,0.4255,-0.2017,0.0957,0.0801,-0.1681,-0.2240,-0.0657,0.3619,0.5273,-2.6356,-0.0509,6.7862,113.7137,-59.6213,-118.3564
381083365,0.0064,0.0093,0.2343,0.4273,-0.1027,0.0944,0.0851,-0.1756,-0.2223,-0.0631,0.3435,0.5050,-2.1542,1.5578,6.7862,113.7139,-59.5850,-118.3267
381088364,0.0076,0.0115,0.2718,0.4508,-0.1318,0.1058,0.0904,-0.1912,-0.2206,-0.0607,0.3387,0.4905,-0.7454,1.7778,4.4571,113.7321,-59.5743,-118.3414
381093365,0.0090,0.0137,0.2593,0.4123,-0.2729,0.1085,0.0880,-0.1860,-0.2191,-0.0586,0.3056,0.4066,0.1411,2.9881,2.6218,113.7494,-59.5339,-118.3625
381098365,0.0104,0.0155,0.2523,0.3360,-0.2833,0.1092,0.0738,-0.1721,-0.2178,-0.0573,0.2573,0.2750,1.8314,4.1241,0.0577,113.7871,-59.4975,-118.4070
381103365,0.0113,0.0167,0.1478,0.2150,-0.1938,0.0839,0.0599,-0.1363,-0.2171,-0.0567,0.1322,0.1146,2.4826,4.8998,-1.8079,113.8082,-59.4556,-118.4477
381108365,0.0120,0.0171,0.1032,0.0699,-0.1754,0.0715,0.0333,-0.0981,-0.2169,-0.0570,0.0414,-0.0665,4.6423,5.5710,-3.5450,113.8729,-59.4221,-118.4964
381113365,0.0122,0.0169,0.0498,-0.0669,-0.2457,0.0576,0.0091,-0.0573,-0.2172,-0.0582,-0.0432,-0.2326,5.7873,5.8907,-5.1913,113.9166,-59.3819,-118.5486
381118365,0.0124,0.0156,0.0486,-0.2813,-0.3199,0.0556,-0.0500,-0.0016,-0.2176,-0.0606,-0.0886,-0.4767,7.6222,6.1545,-6.9129,113.9926,-59.3521,-118.6170
381123365,0.0128,0.0141,0.0916,-0.3146,-0.2237,0.0604,-0.0500,0.0017,-0.2182,-0.0628,-0.1274,-0.4372,8.6084,6.3492,-8.2230,114.0447,-59.3105,-118.6766
381128365,0.0134,0.0123,0.0828,-0.3473,-0.1544,0.0571,-0.0500,0.0500,-0.2191,-0.0652,-0.1730,-0.4900,10.0736,6.1842,-9.5670,114.1296,-59.2886,-118.7538
381133365,0.0139,0.0104,0.0464,-0.3845,-0.2032,0.0561,-0.0500,0.0500,-0.2198,-0.0671,-0.1359,-0.3854,10.6273,6.1842,-10.3688,114.1823,-59.2515,-118.8134
381138365,0.0140,0.0084,-0.0055,-0.4157,-0.2451,0.0427,0.0200,0.0500,-0.2208,-0.0692,-0.2045,-0.4167,11.5918,5.1514,-10.8544,114.2690,-59.2493,-118.8831
381143365,0.0140,0.0060,-0.0449,-0.4511,-0.2439,0.0320,0.0200,0.0500,-0.2221,-0.0715,-0.2536,-0.4521,12.1477,3.8089,-10.9032,114.3279,-59.2494,-118.9317
381148365,0.0138,0.0034,-0.0779,-0.4670,-0.2243,0.0238,-0.1006,-0.0200,-0.2234,-0.0741,-0.2703,-0.5151,12.7614,3.1376,-9.8510,114.4150,-59.2490,-118.9694
381153364,0.0134,0.0010,-0.1176,-0.4533,-0.1629,0.0107,-0.0999,-0.0200,-0.2250,-0.0765,-0.3201,-0.4890,12.9219,2.3114,-9.2761,114.4694,-59.2494,-119.0006
381158365,0.0128,-0.0013,-0.1613,-0.4374,-0.1315,-0.0500,-0.1022,0.1150,-0.2272,-0.0794,-0.4252,-0.5695,12.8092,1.8983,-6.9244,114.5446,-59.2493,-118.9993
381163365,0.0120,-0.0035,-0.1979,-0.4472,-0.0829,-0.0500,-0.1133,0.1196,-0.2283,-0.0821,-0.2334,-0.5497,12.5399,1.3820,-5.5133,114.5904,-59.2498,-118.9982
381168365,0.0109,-0.0058,-0.2743,-0.4410,-0.1275,-0.0500,-0.1059,0.1364,-0.2298,-0.0847,-0.3007,-0.5188,12.1221,1.0721,-4.1545,114.6562,-59.2498,-118.9982
381173365,0.0095,-0.0080,-0.3195,-0.4133,-0.1733,-0.0500,-0.0981,0.1469,-0.2316,-0.0871,-0.3458,-0.4848,11.0700,0.8656,-3.9455,114.6812,-59.2499,-119.0208
381178365,0.0077,-0.0099,-0.3729,-0.3354,-0.1867,0.0200,-0.0751,0.1446,-0.2335,-0.0890,-0.3996,-0.3720,9.7329,-0.3301,-2.7957,114.7189,-59.2705,-119.0120
381183365,0.0058,-0.0115,-0.4221,-0.2749,-0.1864,0.0200,-0.0551,0.1448,-0.2358,-0.0904,-0.4475,-0.2764,8.2354,-1.4303,-1.5415,114.7246,-59.2968,-118.9986
381188366,0.0036,-0.0128,-0.4591,-0.2025,-0.1846,-0.1099,-0.0293,0.1462,-0.2388,-0.0913,-0.6039,-0.1910,7.0599,-1.7224,-0.9479,114.7487,-59.3113,-118.9922
381193365,0.0012,-0.0137,-0.4517,-0.1319,-0.2399,-0.1140,-0.0106,0.1337,-0.2416,-0.0917,-0.5626,-0.0688,5.7903,-2.7447,1.4916,114.7490,-59.3413,-118.9416
381198365,-0.0011,-0.0144,-0.4468,-0.1115,-0.3443,-0.1184,-0.0019,0.1335,-0.2442,-0.0917,-0.5230,-0.0111,4.2856,-3.4833,3.2438,114.7489,-59.3734,-118.8974
381203365,-0.0035,-0.0148,-0.4447,-0.0907,-0.3346,-0.1250,0.0500,0.1313,-0.2467,-0.0915,-0.4891,0.0411,3.4863,-3.4833,5.3516,114.7484,-59.3873,-118.8299
381208365,-0.0055,-0.0151,-0.3900,-0.0076,-0.1822,-0.1171,0.0500,0.1092,-0.2486,-0.0910,-0.3791,0.0946,2.7340,-3.4833,6.8372,114.7489,-59.4082,-118.7759
381213364,-0.0070,-0.0146,-0.2834,0.1359,-0.0951,-0.0944,0.0500,0.0616,-0.2497,-0.0897,-0.2341,0.2655,1.4145,-3.8189,8.6633,114.7361,-59.4297,-118.6927
381218365,-0.0084,-0.0138,-0.2532,0.2053,0.0271,-0.0912,0.0500,0.0381,-0.2506,-0.0879,-0.1682,0.3584,0.1309,-3.8189,10.2347,114.7130,-59.4527,-118.6236
381223365,-0.0093,-0.0126,-0.2242,0.2330,0.0417,-0.0851,-0.0200,0.0232,-0.2511,-0.0859,-0.1053,0.4079,-1.1075,-3.4795,11.6851,114.6878,-59.4609,-118.5295
381228365,-0.0101,-0.0113,-0.1268,0.2706,-0.0184,-0.0611,-0.0200,-0.0010,-0.2510,-0.0836,0.0177,0.4582,-2.1596,-1.5890,12.5368,114.6594,-59.4397,-118.4639
381233365,-0.0106,-0.0099,-0.0626,0.2969,-0.0435,-0.0449,0.0672,-0.0500,-0.2505,-0.0811,0.1043,0.5053,-3.2274,-0.4703,13.4636,114.6229,-59.4207,-118.3673
381238365,-0.0107,-0.0085,0.0183,0.3137,-0.1018,-0.0329,0.0575,-0.0500,-0.2501,-0.0795,0.0710,0.3188,-3.2274,-0.3584,13.6291,114.6100,-59.4209,-118.3099
381243365,-0.0102,-0.0069,0.1258,0.3509,-0.1037,-0.0029,0.0561,-0.0500,-0.2492,-0.0777,0.1910,0.3552,-3.9275,-0.3025,13.5692,114.5732,-59.4211,-118.2291
381248365,-0.0092,-0.0051,0.2175,0.4029,-0.0371,0.0500,0.0585,-0.0500,-0.2478,-0.0757,0.2879,0.3979,-3.9275,0.3165,12.6831,114.5575,-59.4106,-118.1935
381253365,-0.0077,-0.0031,0.2608,0.4380,-0.0594,0.0500,0.0654,0.0200,-0.2464,-0.0737,0.2781,0.4082,-4.2656,2.0048,11.4137,114.5261,-59.3723,-118.1451
381258364,-0.0061,-0.0008,0.2859,0.4472,-0.2026,0.0500,0.0708,0.0200,-0.2448,-0.0716,0.3031,0.4173,-4.2656,2.0048,10.4698,114.5090,-59.3603,-118.1194
381263365,-0.0043,0.0015,0.3277,0.4304,-0.2289,0.0500,0.0717,-0.1389,-0.2427,-0.0689,0.4324,0.5274,-3.5132,2.8323,9.3162,114.4999,-59.3341,-118.0849
381268365,-0.0028,0.0036,0.3354,0.4038,-0.2381,-0.0200,0.0672,-0.1419,-0.2405,-0.0666,0.4354,0.4678,-2.9020,3.6575,7.9370,114.4993,-59.2999,-118.0773
381273365,-0.0011,0.0055,0.2877,0.3928,-0.2426,-0.0200,0.0729,-0.1411,-0.2386,-0.0645,0.3746,0.4271,-2.1496,3.8776,6.1717,114.4993,-59.2800,-118.0711
381278365,0.0004,0.0074,0.2590,0.3583,-0.1553,0.0773,0.0694,-0.1407,-0.2368,-0.0626,0.3731,0.3794,-1.1350,4.7554,6.1717,114.5123,-59.2360,-118.0464
381283365,0.0015,0.0090,0.2062,0.3002,0.0127,0.0643,0.0642,-0.1289,-0.2353,-0.0611,0.2926,0.2981,0.2817,5.3372,5.2031,114.5399,-59.2041,-118.0366
381288365,0.0024,0.0103,0.1866,0.2251,0.1611,0.0610,0.0495,-0.1166,-0.2340,-0.0601,0.2705,0.2001,0.2817,5.9524,4.2829,114.5410,-59.1579,-118.0361
381293365,0.0032,0.0113,0.1778,0.1753,0.1831,0.0614,0.0396,-0.1081,-0.2327,-0.0595,0.2580,0.1234,0.2817,6.6383,3.1689,114.5427,-59.1195,-118.0362
381298365,0.0043,0.0118,0.1830,0.1506,0.0072,0.0691,0.0346,-0.1040,-0.2314,-0.0590,0.2620,0.0834,0.2817,7.0764,2.5877,114.5438,-59.0696,-118.0364
381303365,0.0054,0.0122,0.1787,0.0742,-0.1406,0.0709,0.0188,-0.0843,-0.2303,-0.0592,0.2136,-0.0329,2.0050,7.5715,0.4081,114.5833,-59.0302,-118.0698
381308365,0.0060,0.0122,0.0922,-0.0223,-0.0395,0.0495,0.0058,-0.0538,-0.2297,-0.0599,0.1169,-0.1402,2.5529,7.8813,0.0000,114.6033,-58.9777,-118.0773
381313365,0.0064,0.0117,0.0843,-0.1301,-0.1229,0.0486,-0.0500,-0.0261,-0.2293,-0.0612,0.0868,-0.2542,3.7297,7.9783,-0.3146,114.6462,-58.9440,-118.0837
381318365,0.0067,0.0108,0.0684,-0.2107,-0.2518,0.0403,-0.0500,-0.0050,-0.2294,-0.0624,-0.0233,-0.2406,4.3388,7.6986,-1.9926,114.6753,-58.9025,-118.1217
381323365,0.0072,0.0095,0.0709,-0.2862,-0.2527,0.0402,-0.0500,0.0500,-0.2297,-0.0641,-0.0549,-0.3358,5.6500,7.6459,-3.3181,114.7318,-58.8728,-118.1637
381328364,0.0077,0.0079,0.0632,-0.3262,-0.1018,0.0399,-0.0500,0.0500,-0.2299,-0.0657,-0.0419,-0.3265,6.1203,6.0632,-3.3181,114.7653,-58.8644,-118.1770
381333365,0.0081,0.0061,0.0425,-0.3222,0.0225,0.0335,0.0200,0.0500,-0.2303,-0.0673,-0.0780,-0.3226,7.0118,6.0632,-3.8719,114.8233,-58.8402,-118.2093
381338364,0.0082,0.0043,-0.0116,-0.3421,-0.0869,0.0215,0.0200,0.0500,-0.2310,-0.0690,-0.1396,-0.3425,7.4426,4.6027,-3.8719,114.8615,-58.8372,-118.2248
381343365,0.0081,0.0025,-0.0812,-0.3424,-0.2048,0.0065,-0.0689,-0.0200,-0.2319,-0.0710,-0.1861,-0.3993,7.9891,3.7752,-3.8719,114.9190,-58.8370,-118.2480
381348365,0.0076,0.0008,-0.1384,-0.3137,-0.1171,-0.0500,-0.0603,-0.0200,-0.2331,-0.0728,-0.2518,-0.3559,7.9891,2.8016,-3.1925,114.9510,-58.8370,-118.2486
381353365,0.0066,-0.0007,-0.2318,-0.2480,0.0912,-0.0500,-0.0449,0.0734,-0.2342,-0.0742,-0.2174,-0.2907,7.9615,2.2661,-0.5928,114.9991,-58.8376,-118.2083
381358365,0.0054,-0.0020,-0.2618,-0.2282,-0.0056,-0.0500,-0.0370,0.0803,-0.2355,-0.0755,-0.2491,-0.2563,7.7734,1.6819,-0.2051,115.0265,-58.8375,-118.2017
381363365,0.0041,-0.0032,-0.3018,-0.1851,-0.1629,-0.0500,-0.0214,0.0842,-0.2369,-0.0766,-0.2911,-0.2081,6.8155,1.3898,-0.1497,115.0510,-58.8372,-118.2017
381368364,0.0026,-0.0041,-0.3274,-0.1512,-0.2298,0.0200,-0.0094,0.0863,-0.2385,-0.0774,-0.3146,-0.1588,6.8155,1.0004,0.4882,115.0782,-58.8378,-118.1891
381373365,0.0008,-0.0049,-0.3598,-0.1051,-0.2225,0.0200,0.0500,0.0846,-0.2402,-0.0778,-0.3374,-0.0916,5.4692,0.8544,1.7576,115.0891,-58.8371,-118.1553
381378364,-0.0010,-0.0053,-0.3625,-0.0275,-0.2246,-0.0966,0.0500,0.0746,-0.2423,-0.0778,-0.4179,0.0097,4.4460,0.6110,2.4918,115.0885,-58.8376,-118.1330
381383364,-0.0028,-0.0053,-0.3225,0.0290,-0.2677,-0.0912,0.0500,0.0602,-0.2441,-0.0774,-0.3552,0.0718,3.3150,0.5136,2.8588,115.0890,-58.8373,-118.1087
381388365,-0.0044,-0.0053,-0.2844,0.0232,-0.3184,-0.0858,0.0500,0.0583,-0.2455,-0.0770,-0.2969,0.0833,2.7226,0.3676,4.0173,115.0892,-58.8376,-118.0714
381393365,-0.0056,-0.0051,-0.2279,0.0040,-0.2188,-0.0763,-0.0200,0.0545,-0.2466,-0.0766,-0.2208,0.0771,2.0225,0.3189,4.8891,115.0892,-58.8372,-118.0274
381398364,-0.0064,-0.0049,-0.1408,0.0754,0.0646,-0.0605,-0.0200,0.0241,-0.2473,-0.0758,-0.1210,0.1595,1.6456,0.2215,5.6207,115.0889,-58.8376,-117.9918
381403364,-0.0067,-0.0044,-0.0379,0.1402,0.0378,-0.0344,0.0376,-0.0500,-0.2473,-0.0747,-0.0039,0.2293,1.2147,0.2215,6.1745,115.0888,-58.8367,-117.9461
381408365,-0.0067,-0.0038,-0.0024,0.1823,0.0344,-0.0272,0.0393,-0.0500,-0.2472,-0.0738,0.0053,0.1790,-0.3381,0.2215,6.5163,115.0595,-58.8354,-117.9144
381413365,-0.0064,-0.0027,0.0938,0.2089,0.0353,-0.0005,0.0354,-0.0500,-0.2467,-0.0727,0.1180,0.2056,-1.2959,0.2215,6.9810,115.0336,-58.8345,-117.8649
381418365,-0.0057,-0.0017,0.1631,0.2153,-0.0120,0.0500,0.0298,-0.0500,-0.2457,-0.0718,0.1954,0.1981,-1.2959,1.1567,6.9810,115.0285,-58.8136,-117.8369
381423365,-0.0047,-0.0008,0.2385,0.2022,-0.1870,0.0500,0.0206,0.0200,-0.2444,-0.0709,0.2556,0.1727,-1.2959,1.9819,6.1535,115.0207,-58.7899,-117.8143
381428365,-0.0034,0.0001,0.2877,0.2065,-0.3046,0.0500,0.0172,0.0200,-0.2429,-0.0700,0.3048,0.1770,-1.2959,1.9819,6.1535,115.0155,-58.7781,-117.7897
381433365,-0.0015,0.0011,0.3332,0.2266,-0.2038,0.0500,0.0158,-0.0933,-0.2409,-0.0688,0.3997,0.2504,-0.6198,3.0663,4.6521,115.0217,-58.7459,-117.7870
381438365,0.0004,0.0022,0.3308,0.2395,-0.0982,-0.0200,0.0170,-0.1038,-0.2389,-0.0675,0.3915,0.2486,0.2817,3.2117,3.8288,115.0399,-58.7245,-117.7864
381443365,0.0019,0.0031,0.2724,0.1640,-0.2423,-0.0200,0.0086,-0.0828,-0.2373,-0.0668,0.3282,0.1515,0.2817,3.6481,2.8117,115.0416,-58.7015,-117.7869
381448365,0.0029,0.0039,0.1613,0.1378,-0.2936,0.0598,0.0173,-0.0659,-0.2362,-0.0662,0.2119,0.1113,0.2817,4.0955,2.3274,115.0427,-58.6703,-117.7863
381453365,0.0036,0.0044,0.1442,0.0898,-0.1586,0.0535,0.0088,-0.0563,-0.2354,-0.0659,0.1542,0.0539,2.3282,4.0955,1.6978,115.0911,-58.6539,-117.7869
381458364,0.0041,0.0048,0.1206,0.0483,0.0283,0.0471,0.0003,-0.0485,-0.2348,-0.0659,0.1282,0.0080,2.3282,4.0955,1.4072,115.1004,-58.6293,-117.7864
381463365,0.0048,0.0051,0.1335,0.0452,0.0494,0.0510,-0.0500,-0.0495,-0.2342,-0.0660,0.1159,-0.0250,2.8853,4.2010,-0.4965,115.1261,-58.6105,-117.8203
381468365,0.0057,0.0052,0.1200,0.0275,-0.0951,0.0498,-0.0500,-0.0462,-0.2339,-0.0659,0.0633,0.0151,2.8853,4.1037,-0.8275,115.1376,-58.5873,-117.8301
381473365,0.0062,0.0051,0.0782,-0.0348,-0.2371,0.0426,-0.0500,-0.0259,-0.2339,-0.0662,0.0110,-0.0473,3.4944,3.3735,-0.8275,115.1683,-58.5870,-117.8351
381478365,0.0064,0.0047,0.0003,-0.0892,-0.2029,0.0232,-0.0500,-0.0038,-0.2342,-0.0667,-0.0669,-0.1016,3.4944,3.1301,-0.8275,115.1823,-58.5730,-117.8384
381483365,0.0064,0.0041,-0.0409,-0.1350,-0.1354,0.0098,0.0200,0.0500,-0.2349,-0.0675,-0.1360,-0.1701,4.3501,3.1301,-2.3482,115.2229,-58.5604,-117.8793
381488365,0.0062,0.0033,-0.0706,-0.1765,-0.2744,0.0047,0.0200,0.0500,-0.2356,-0.0684,-0.1462,-0.1767,4.3971,1.3776,-2.3482,115.2412,-58.5805,-117.8887
381493365,0.0055,0.0023,-0.1820,-0.1741,-0.2588,-0.0500,-0.0128,0.0500,-0.2369,-0.0694,-0.2545,-0.1868,4.6322,0.8421,-2.7876,115.2736,-58.5873,-117.9119
381498364,0.0045,0.0014,-0.2285,-0.1436,-0.1382,-0.0500,-0.0057,0.0500,-0.2380,-0.0701,-0.2233,-0.1525,4.4632,0.5987,-2.7876,115.2887,-58.5879,-117.9230
381503365,0.0033,0.0007,-0.2688,-0.0987,-0.0542,-0.0500,0.0500,-0.0200,-0.2393,-0.0706,-0.2645,-0.1061,4.3505,0.5013,-1.4205,115.3126,-58.5876,-117.9094
381508365,0.0017,0.0001,-0.3076,-0.0776,-0.1043,-0.0500,0.0500,-0.0200,-0.2409,-0.0710,-0.3076,-0.0776,4.3505,0.3553,-1.1764,115.3300,-58.5879,-117.9098
381513364,-0.0000,-0.0003,-0.3024,-0.0654,-0.1623,0.0200,0.0500,0.0562,-0.2424,-0.0714,-0.3086,-0.0762,3.5427,-0.1055,-0.7262,115.3383,-58.5961,-117.9069
381518365,-0.0014,-0.0005,-0.2437,-0.0571,-0.1394,0.0200,0.0500,0.0483,-0.2436,-0.0716,-0.2361,-0.0438,2.8965,-1.1079,0.8914,115.3384,-58.6220,-117.8741
381523365,-0.0024,-0.0008,-0.1851,-0.0107,-0.1461,-0.0564,-0.0200,0.0352,-0.2446,-0.0716,-0.2114,0.0026,1.9710,-0.8969,0.8914,115.3350,-58.6217,-117.8687
381528365,-0.0033,-0.0010,-0.1668,0.0049,-0.1852,-0.0525,-0.0200,0.0313,-0.2454,-0.0715,-0.1620,0.0182,0.1680,-0.6858,0.8914,115.3033,-58.6222,-117.8652
381533364,-0.0040,-0.0007,-0.1439,0.0367,-0.2219,-0.0484,0.0353,0.0216,-0.2461,-0.0713,-0.1293,0.0549,-0.5634,-0.3329,0.8914,115.2859,-58.6175,-117.8598
381538364,-0.0045,-0.0003,-0.0852,0.0559,-0.1983,-0.0337,0.0331,0.0082,-0.2463,-0.0709,-0.0459,0.0740,-0.5634,1.1196,2.3257,115.2836,-58.5844,-117.8251
381543364,-0.0050,-0.0002,-0.0816,0.0153,-0.1852,-0.0353,0.0251,0.0173,-0.2465,-0.0707,-0.0422,0.0333,-0.5634,1.1196,2.3257,115.2803,-58.5799,-117.8112
381548364,-0.0054,-0.0002,-0.0476,0.0363,-0.1895,-0.0276,0.0268,0.0081,-0.2465,-0.0704,0.0002,0.0658,-0.5634,1.2297,3.1975,115.2780,-58.5710,-117.7828
381553364,-0.0054,-0.0000,0.0064,0.0709,-0.1702,-0.0136,0.0262,-0.0500,-0.2462,-0.0700,0.0637,0.0840,-0.5634,2.3299,3.1975,115.2746,-58.5411,-117.7636
381558365,-0.0052,0.0003,0.0693,0.1090,-0.1241,0.0019,0.0240,-0.0500,-0.2456,-0.0696,0.1185,0.0743,-1.6919,2.3299,3.3543,115.2472,-58.5271,-117.7476
381563365,-0.0049,0.0009,0.1014,0.1396,-0.0679,0.0500,0.0274,-0.0500,-0.2449,-0.0691,0.1506,0.1049,-1.6919,2.3299,3.3543,115.2370,-58.5178,-117.7275
381568365,-0.0041,0.0017,0.1671,0.1374,-0.0710,0.0500,0.0203,-0.0500,-0.2439,-0.0686,0.1921,0.0943,-1.6919,2.8979,3.3543,115.2303,-58.4906,-117.7140
381573364,-0.0031,0.0025,0.2275,0.1307,-0.1629,0.0500,0.0129,0.0200,-0.2426,-0.0682,0.2525,0.0876,-1.6919,2.8979,2.9113,115.2201,-58.4790,-117.7033
381578364,-0.0019,0.0031,0.2492,0.1045,-0.2518,0.0500,0.0052,0.0200,-0.2413,-0.0679,0.2759,0.0584,-1.6385,3.0919,2.4128,115.2144,-58.4575,-117.7026
381583365,-0.0006,0.0034,0.2483,0.0354,-0.0753,-0.0200,-0.0500,-0.0489,-0.2398,-0.0678,0.2901,0.0154,-1.2106,3.0919,1.7483,115.2144,-58.4451,-117.7035
381588365,0.0006,0.0036,0.2034,0.0150,0.0316,-0.0200,-0.0500,-0.0441,-0.2387,-0.0676,0.2121,0.0299,0.0000,3.0919,1.0042,115.2361,-58.4265,-117.7122
381593365,0.0017,0.0035,0.1772,-0.0125,-0.0545,0.0505,-0.0500,-0.0328,-0.2380,-0.0678,0.1582,-0.0258,0.6583,2.7003,-0.8884,115.2526,-58.4224,-117.7508
381598365,0.0026,0.0034,0.1396,-0.0134,-0.1501,0.0458,-0.0500,-0.0279,-0.2374,-0.0679,0.1177,-0.0267,0.8273,2.0291,-0.8884,115.2586,-58.4217,-117.7543
381603364,0.0033,0.0032,0.1097,0.0168,-0.1663,0.0394,0.0200,-0.0305,-0.2370,-0.0679,0.0655,0.0035,2.1232,1.6376,-0.8884,115.2953,-58.4222,-117.7596
381608365,0.0039,0.0031,0.0852,0.0089,-0.1742,0.0360,0.0200,-0.0265,-0.2368,-0.0679,0.0410,-0.0044,2.1232,1.2461,-0.8884,115.3038,-58.4215,-117.7632
381613365,0.0043,0.0032,0.0382,0.0223,-0.1993,0.0263,0.0500,-0.0235,-0.2369,-0.0679,-0.0037,-0.0063,2.5002,1.0223,-0.8884,115.3243,-58.4215,-117.7685
381618364,0.0046,0.0033,0.0082,0.0082,-0.2881,0.0194,0.0500,-0.0167,-0.2371,-0.0680,-0.0526,-0.0051,3.0926,0.3138,-0.8884,115.3480,-58.4307,-117.7721
381623365,0.0045,0.0034,-0.0275,-0.0134,-0.3312,0.0105,0.0500,-0.0063,-0.2376,-0.0681,-0.0934,-0.0354,3.0926,-1.2120,-1.4696,115.3666,-58.4626,-117.7918
381628365,0.0044,0.0032,-0.0699,-0.0086,-0.1476,-0.0500,0.0500,-0.0033,-0.2383,-0.0683,-0.1406,-0.0305,3.3711,-1.2120,-1.4696,115.3855,-58.4699,-117.7976
381633364,0.0036,0.0032,-0.1927,0.0324,-0.1070,-0.0500,-0.0200,0.0500,-0.2393,-0.0682,-0.2054,0.0105,3.3711,-0.5818,-1.4696,115.4057,-58.4608,-117.8064
381638365,0.0026,0.0033,-0.2413,0.0675,-0.1357,-0.0500,-0.0200,0.0500,-0.2405,-0.0679,-0.2413,0.0675,3.0943,-0.4363,-1.4696,115.4134,-58.4610,-117.8123
381643365,0.0012,0.0038,-0.2837,0.0709,-0.1922,-0.0500,0.0648,0.0500,-0.2420,-0.0675,-0.2867,0.0759,2.2636,-0.3394,-1.4696,115.4128,-58.4607,-117.8211
381648365,-0.0003,0.0042,-0.2865,0.0565,-0.1825,0.0200,0.0637,0.0500,-0.2433,-0.0674,-0.2730,0.0332,1.8760,1.5661,-1.4145,115.4133,-58.4198,-117.8259
381653364,-0.0017,0.0043,-0.2544,0.0189,-0.1473,0.0200,0.0543,-0.0200,-0.2445,-0.0674,-0.2409,-0.0044,1.3776,1.5661,-1.0283,115.4130,-58.4136,-117.8255
381658365,-0.0029,0.0044,-0.2007,0.0296,-0.1666,-0.0603,0.0534,-0.0200,-0.2456,-0.0674,-0.2061,0.0063,1.1008,1.5661,-0.3852,115.4124,-58.4042,-117.8162
381663365,-0.0037,0.0045,-0.1448,0.0589,-0.1764,-0.0464,0.0545,-0.0013,-0.2461,-0.0671,-0.1093,0.0515,-0.7428,1.5661,1.0655,115.3772,-58.3979,-117.7835
381668364,-0.0044,0.0047,-0.1029,0.0754,-0.1425,-0.0384,0.0535,-0.0500,-0.2464,-0.0668,-0.0595,0.0570,-0.8356,2.3047,1.0655,115.3720,-58.3731,-117.7793
381673365,-0.0048,0.0052,-0.0614,0.0913,-0.0655,-0.0313,0.0526,-0.0500,-0.2465,-0.0665,-0.0267,0.0562,-0.8356,2.3575,2.3198,115.3670,-58.3627,-117.7430
381678365,-0.0048,0.0054,-0.0012,0.0009,0.0936,-0.0179,0.0231,-0.0500,-0.2463,-0.0667,0.0386,-0.0429,-0.8356,2.9416,2.3198,115.3636,-58.3364,-117.7337
381683364,-0.0046,0.0053,0.0480,-0.0367,0.0833,-0.0030,0.0075,-0.0500,-0.2458,-0.0671,0.1044,-0.0805,-1.8050,2.9416,2.3198,115.3375,-58.3247,-117.7198
381688364,-0.0043,0.0048,0.0925,-0.0983,-0.0148,0.0500,-0.0500,0.0200,-0.2450,-0.0679,0.1556,-0.1537,-1.8050,3.7118,2.3198,115.3303,-58.2900,-117.7105
381693364,-0.0036,0.0043,0.1585,-0.1142,-0.0233,0.0500,-0.0500,0.0200,-0.2442,-0.0685,0.1585,-0.1142,-1.8050,3.7118,2.0429,115.3194,-58.2752,-117.7026
381698364,-0.0025,0.0036,0.2367,-0.0785,0.1254,0.0500,-0.0500,-0.0241,-0.2430,-0.0688,0.2510,-0.0538,-1.8050,4.0216,1.6552,115.3122,-58.2464,-117.7029
381703364,-0.0012,0.0029,0.2657,-0.0895,0.1773,0.0500,-0.0500,-0.0256,-0.2416,-0.0691,0.2762,-0.0714,-1.8050,4.0216,1.2122,115.3014,-58.2303,-117.7032
381708364,0.0002,0.0024,0.2453,-0.1158,0.0515,-0.0200,0.0200,-0.0164,-0.2403,-0.0696,0.2534,-0.1018,-1.8050,3.7308,0.9384,115.2942,-58.2122,-117.7042
381713364,0.0015,0.0018,0.2199,-0.1274,-0.0554,-0.0200,0.0200,-0.0070,-0.2393,-0.0703,0.2091,-0.1461,0.1077,3.0520,-1.2543,115.3264,-58.2122,-117.7498
381718364,0.0026,0.0011,0.1695,-0.1390,-0.0456,0.0530,-0.0550,0.0500,-0.2385,-0.0713,0.1608,-0.1838,0.7540,1.7474,-1.2543,115.3418,-58.2228,-117.7548
381723365,0.0034,0.0004,0.1252,-0.1048,0.0045,0.0443,-0.0438,0.0500,-0.2379,-0.0718,0.1140,-0.1077,0.7540,0.1983,-1.2543,115.3463,-58.2500,-117.7623
381728364,0.0039,-0.0001,0.0599,-0.0605,0.0194,0.0282,-0.0282,0.0500,-0.2378,-0.0721,0.0314,-0.0627,1.7289,0.1466,-1.2543,115.3700,-58.2499,-117.7673
381733364,0.0040,-0.0001,0.0232,-0.0180,0.0680,0.0186,-0.0149,0.0500,-0.2378,-0.0722,-0.0093,-0.0203,1.9610,0.1466,-1.2543,115.3864,-58.2493,-117.7748
381738364,0.0041,-0.0001,-0.0183,-0.0061,0.0970,0.0083,-0.0079,-0.0200,-0.2381,-0.0723,-0.0513,-0.0076,1.9610,0.0950,-1.2543,115.3942,-58.2496,-117.7799
381743365,0.0040,-0.0003,-0.0733,-0.0397,0.1697,-0.0500,-0.0095,-0.0200,-0.2386,-0.0725,-0.1063,-0.0412,1.9610,0.0950,-1.0006,115.4060,-58.2493,-117.7822
381748365,0.0036,-0.0005,-0.1170,-0.0180,0.2803,-0.0500,-0.0013,0.0085,-0.2392,-0.0725,-0.1111,-0.0079,2.2379,0.0000,0.6794,115.4201,-58.2510,-117.7495
381753365,0.0029,-0.0008,-0.1420,-0.0140,0.2946,-0.0500,0.0500,0.0120,-0.2399,-0.0724,-0.1509,0.0231,2.2379,-1.7604,0.7317,115.4335,-58.2896,-117.7441
381758364,0.0020,-0.0009,-0.1692,0.0238,0.1505,-0.0500,0.0500,0.0124,-0.2407,-0.0722,-0.1629,0.0347,2.2379,-1.9805,0.7317,115.4425,-58.3058,-117.7412
381763364,0.0013,-0.0007,-0.1622,0.0913,0.0491,0.0200,0.0500,-0.0011,-0.2415,-0.0717,-0.1559,0.1022,2.2379,-1.9805,0.7317,115.4559,-58.3137,-117.7368
381768364,0.0006,-0.0003,-0.1384,0.1463,0.1340,0.0200,0.0500,-0.0500,-0.2422,-0.0709,-0.1311,0.1589,2.1309,-1.9805,0.8424,115.4627,-58.3256,-117.7317
381773364,-0.0001,0.0003,-0.1429,0.1625,0.0988,-0.0373,-0.0200,-0.0500,-0.2429,-0.0701,-0.1391,0.1625,-0.2215,-0.2201,2.1162,115.4217,-58.2949,-117.6954
381778365,-0.0008,0.0010,-0.1194,0.1249,0.0378,-0.0330,-0.0200,-0.0500,-0.2434,-0.0695,-0.1089,0.1249,-0.6091,-0.1100,2.1162,115.4117,-58.2935,-117.6869
381783365,-0.0013,0.0015,-0.0693,0.0935,0.0188,-0.0222,0.0365,-0.0500,-0.2437,-0.0690,-0.0598,0.0951,-0.6091,-0.1100,2.1162,115.4080,-58.2940,-117.6742
381788365,-0.0017,0.0017,-0.0388,0.0599,0.0686,-0.0162,0.0252,0.0200,-0.2438,-0.0687,-0.0234,0.0514,-0.6091,0.5680,2.1162,115.4056,-58.2806,-117.6658
381793365,-0.0018,0.0019,-0.0397,0.0754,0.1190,-0.0165,0.0269,0.0200,-0.2439,-0.0685,-0.0123,0.0462,-0.6091,1.9622,1.7744,115.4019,-58.2473,-117.6605
381798365,-0.0017,0.0023,-0.0134,0.0718,0.1764,-0.0085,0.0241,-0.0223,-0.2437,-0.0682,0.0383,0.0639,-1.3055,1.9622,1.4326,115.3849,-58.2355,-117.6610
381803365,-0.0018,0.0028,-0.0073,0.0654,0.2064,-0.0086,0.0215,-0.0209,-0.2435,-0.0681,0.0326,0.0245,-1.7233,1.9622,-0.7753,115.3665,-58.2276,-117.7030
381808364,-0.0019,0.0031,0.0055,0.0385,0.1459,-0.0049,0.0160,-0.0167,-0.2433,-0.0681,0.0454,-0.0023,-1.7233,1.9622,-0.7753,115.3596,-58.2159,-117.7058
381813365,-0.0018,0.0031,0.0330,-0.0153,0.0268,0.0500,0.0025,-0.0071,-0.2429,-0.0683,0.0712,-0.0532,-1.7233,1.7683,-0.7753,115.3493,-58.2121,-117.7108
381818364,-0.0014,0.0027,0.0913,-0.0226,0.0457,0.0500,-0.0500,-0.0119,-0.2425,-0.0686,0.0957,-0.0533,-1.7233,1.2835,-0.7753,115.3424,-58.2126,-117.7136
381823365,-0.0010,0.0024,0.0935,-0.0305,0.0991,0.0500,-0.0500,-0.0116,-0.2420,-0.0688,0.0868,-0.0421,-1.4002,1.1380,-0.7753,115.3393,-58.2108,-117.7185
381828365,-0.0004,0.0022,0.1026,-0.0553,0.1269,0.0500,-0.0500,-0.0084,-0.2416,-0.0692,0.0959,-0.0668,-1.1309,1.1380,-0.7753,115.3397,-58.2039,-117.7214
381833365,0.0002,0.0019,0.0962,-0.0932,0.0921,-0.0200,-0.0500,0.0011,-0.2411,-0.0697,0.0895,-0.1047,-0.8078,0.5563,-0.7753,115.3403,-58.2122,-117.7263
381838365,0.0007,0.0012,0.0632,-0.1023,0.0292,-0.0200,0.0200,0.0500,-0.2408,-0.0702,0.0565,-0.1139,-0.7001,0.4108,-0.7753,115.3394,-58.2122,-117.7291
381843365,0.0009,0.0005,0.0168,-0.0993,-0.0053,0.0069,0.0200,0.0500,-0.2408,-0.0707,0.0024,-0.0993,0.8356,0.3624,-0.7753,115.3693,-58.2117,-117.7340
381848364,0.0010,0.0000,-0.0195,-0.0544,0.0277,-0.0500,-0.0092,0.0500,-0.2411,-0.0709,-0.0494,-0.0359,1.1142,-1.2393,-0.7753,115.3792,-58.2446,-117.7369
381853364,0.0010,-0.0002,-0.0226,-0.0006,0.0680,-0.0500,0.0010,0.0500,-0.2412,-0.0708,-0.0350,0.0210,1.1142,-1.4458,-0.7753,115.3859,-58.2544,-117.7418
381858365,0.0006,-0.0001,-0.0299,0.0421,0.0662,-0.0500,0.0500,-0.0200,-0.2414,-0.0705,-0.0424,0.0637,1.1142,-1.4458,-0.7753,115.3904,-58.2631,-117.7446
381863364,0.0004,0.0001,-0.0971,0.0357,0.0888,-0.0500,0.0500,-0.0200,-0.2419,-0.0703,-0.0971,0.0357,1.1142,-1.4458,-0.7231,115.3971,-58.2689,-117.7485
381868364,-0.0000,0.0003,-0.1206,0.0461,0.1272,0.0200,0.0500,0.0033,-0.2426,-0.0701,-0.1260,0.0369,1.1142,-2.4361,-0.6185,115.4015,-58.3010,-117.7488
381873365,-0.0007,0.0005,-0.1173,0.0886,0.1074,0.0200,0.0500,-0.0500,-0.2431,-0.0696,-0.1030,0.1134,1.1142,-2.4361,1.6614,115.4082,-58.3108,-117.7008
381878365,-0.0014,0.0009,-0.1255,0.1283,0.0344,-0.0387,-0.0200,-0.0500,-0.2438,-0.0689,-0.1423,0.1283,0.9749,-2.3260,1.6614,115.4099,-58.3232,-117.6948
381883365,-0.0020,0.0016,-0.0889,0.1637,0.0265,-0.0295,-0.0200,-0.0500,-0.2442,-0.0681,-0.0753,0.1637,-0.7892,-0.5656,1.6614,115.3741,-58.2939,-117.6842
381888365,-0.0023,0.0026,-0.0648,0.1790,0.1013,-0.0260,0.0595,-0.0500,-0.2444,-0.0672,-0.0546,0.1849,-0.7892,-0.4006,1.6614,115.3710,-58.2935,-117.6782
381893364,-0.0025,0.0036,-0.0467,0.1677,0.1611,-0.0230,0.0578,0.0200,-0.2446,-0.0663,-0.0361,0.1728,-0.7892,-0.3456,1.6614,115.3663,-58.2939,-117.6676
381898365,-0.0028,0.0043,-0.0614,0.1130,0.1462,-0.0271,0.0505,0.0200,-0.2448,-0.0657,-0.0434,0.1165,-1.1662,-0.2355,1.6614,115.3554,-58.2934,-117.6615
381903365,-0.0030,0.0048,-0.0385,0.0736,0.1083,-0.0195,0.0411,-0.0258,-0.2448,-0.0653,0.0086,0.0841,-1.8663,0.5164,1.2220,115.3308,-58.2793,-117.6610
381908365,-0.0032,0.0051,-0.0076,0.0666,0.0827,-0.0123,0.0345,-0.0254,-0.2446,-0.0651,0.0381,0.0347,-1.8663,1.8589,-0.2769,115.3234,-58.2436,-117.6890
381913365,-0.0030,0.0053,0.0776,0.0611,0.1450,0.0500,0.0218,-0.0361,-0.2440,-0.0650,0.1176,0.0193,-1.8663,1.8589,-0.9415,115.3122,-58.2361,-117.7077
381918365,-0.0025,0.0056,0.1035,0.0296,0.2384,0.0500,0.0116,-0.0342,-0.2434,-0.0651,0.1123,-0.0136,-1.8663,1.9559,-0.9415,115.3047,-58.2230,-117.7111
381923365,-0.0019,0.0055,0.1228,-0.0330,0.2564,0.0500,-0.0500,-0.0241,-0.2428,-0.0655,0.1353,-0.0827,-2.3170,2.3922,-0.9415,115.2833,-58.2050,-117.7171
381928365,-0.0012,0.0053,0.1399,-0.0770,0.2103,0.0500,-0.0500,-0.0182,-0.2421,-0.0660,0.1318,-0.0910,-2.3170,2.3922,-0.9415,115.2740,-58.1907,-117.7205
381933365,-0.0005,0.0049,0.1622,-0.1042,0.2088,-0.0200,-0.0500,-0.0138,-0.2414,-0.0667,0.1446,-0.1346,-0.9648,2.3922,-2.0389,115.2899,-58.1811,-117.7510
381938364,0.0004,0.0041,0.1640,-0.1045,0.2210,-0.0200,-0.0500,-0.0131,-0.2407,-0.0673,0.1464,-0.1349,-0.7958,2.1685,-2.0389,115.2897,-58.1715,-117.7583
381943365,0.0013,0.0034,0.1249,-0.1258,0.2103,0.0332,0.0200,-0.0031,-0.2401,-0.0681,0.1171,-0.1562,-0.5704,1.7769,-2.0389,115.2900,-58.1715,-117.7713
381948365,0.0018,0.0028,0.0571,-0.1246,0.1712,0.0183,0.0200,0.0500,-0.2399,-0.0689,0.0442,-0.1622,-0.5141,1.2735,-2.5233,115.2890,-58.1724,-117.7891
381953365,0.0020,0.0021,-0.0119,-0.1252,-0.0310,0.0031,-0.0209,0.0500,-0.2400,-0.0696,-0.0392,-0.1261,1.6156,0.0541,-2.5233,115.3331,-58.1936,-117.8052
381958365,0.0019,0.0014,-0.0535,-0.1103,0.0393,-0.0500,-0.0144,0.0500,-0.2405,-0.0700,-0.0930,-0.0980,1.8849,-0.8242,-2.5233,115.3459,-58.2150,-117.8143
381963365,0.0015,0.0007,-0.0742,-0.0837,0.1669,-0.0500,-0.0105,0.0500,-0.2409,-0.0704,-0.0813,-0.0714,1.8849,-0.8242,-2.3026,115.3573,-58.2182,-117.8258
381968365,0.0012,0.0004,-0.0895,-0.0290,0.2170,-0.0500,0.0500,-0.0200,-0.2414,-0.0705,-0.0966,-0.0167,1.8849,-0.8242,-1.9165,115.3648,-58.2232,-117.8258
381973364,0.0008,0.0004,-0.1271,0.0205,0.1908,-0.0500,0.0500,-0.0200,-0.2420,-0.0704,-0.1271,0.0205,1.7920,-0.8242,-1.4200,115.3742,-58.2265,-117.8264
381978365,0.0002,0.0004,-0.1478,0.0507,0.1608,0.0200,0.0500,0.0050,-0.2428,-0.0702,-0.1548,0.0386,1.4671,-1.8053,-0.8118,115.3743,-58.2547,-117.8187
381983365,-0.0007,0.0006,-0.1491,0.0574,0.1917,0.0200,0.0500,0.0021,-0.2435,-0.0698,-0.1420,0.0697,-0.4847,-1.8053,0.8234,115.3377,-58.2620,-117.7841
381988365,-0.0014,0.0008,-0.1057,0.0559,0.2351,-0.0341,-0.0200,-0.0500,-0.2440,-0.0695,-0.0902,0.0682,-0.4847,-1.8053,0.8234,115.3357,-58.2728,-117.7811
381993365,-0.0018,0.0010,-0.0480,0.0690,0.2122,-0.0215,-0.0200,-0.0500,-0.2442,-0.0692,-0.0396,0.0690,-0.4847,-0.6176,0.8234,115.3328,-58.2546,-117.7759
381998364,-0.0018,0.0012,-0.0357,0.0861,0.1645,-0.0168,0.0284,-0.0500,-0.2442,-0.0687,-0.0136,0.0892,-1.3862,-0.2045,0.8234,115.3120,-58.2481,-117.7729
382003365,-0.0019,0.0018,-0.0446,0.1432,0.0988,-0.0169,0.0442,-0.0500,-0.2443,-0.0680,-0.0060,0.1463,-2.3440,-0.2045,0.8234,115.2799,-58.2489,-117.7676
382008365,-0.0021,0.0023,-0.0189,0.1506,0.1443,-0.0119,0.0442,0.0200,-0.2442,-0.0672,0.0201,0.1528,-2.3440,-0.1529,0.8234,115.2705,-58.2488,-117.7646
382013365,-0.0020,0.0030,0.0342,0.1338,0.1773,0.0500,0.0338,0.0200,-0.2437,-0.0667,0.0867,0.1128,-2.3440,1.4059,0.8234,115.2564,-58.2154,-117.7594
382018365,-0.0018,0.0036,0.0678,0.0987,0.1361,0.0500,0.0256,-0.0404,-0.2433,-0.0662,0.0854,0.0813,-2.2970,1.5998,0.4359,115.2480,-58.2019,-117.7643
382023365,-0.0011,0.0040,0.1066,0.0498,0.1468,0.0500,0.0092,-0.0359,-0.2427,-0.0662,0.1146,0.0158,-2.2970,1.5998,-0.6781,115.2342,-58.1955,-117.7893
382028365,-0.0004,0.0043,0.1164,0.0302,0.1999,0.0500,0.0024,-0.0358,-0.2421,-0.0662,0.1243,-0.0037,-2.2970,1.5998,-0.6781,115.2251,-58.1859,-117.7917
382033364,0.0001,0.0041,0.1261,0.0040,0.1865,-0.0200,-0.0500,-0.0317,-0.2414,-0.0663,0.1341,-0.0300,-0.7923,1.5998,-0.6781,115.2443,-58.1795,-117.7960
382038365,0.0006,0.0040,0.1136,-0.0388,0.1520,-0.0200,-0.0500,-0.0215,-0.2409,-0.0666,0.1044,-0.0547,-0.4162,1.4880,-1.0642,115.2498,-58.1722,-117.8064
382043365,0.0012,0.0038,0.0870,-0.0544,0.1437,0.0240,-0.0500,-0.0142,-0.2405,-0.0670,0.0758,-0.0834,-0.3221,1.2083,-1.9469,115.2494,-58.1724,-117.8355
382048365,0.0017,0.0032,0.0593,-0.1145,0.0628,0.0181,-0.0500,0.0500,-0.2404,-0.0677,0.0218,-0.1436,1.1992,0.9286,-1.9469,115.2811,-58.1716,-117.8425
382053365,0.0017,0.0026,-0.0437,-0.1216,0.0295,-0.0500,0.0200,0.0500,-0.2408,-0.0683,-0.0701,-0.1216,1.5372,0.7608,-1.9469,115.2969,-58.1716,-117.8549
382058365,0.0014,0.0018,-0.0464,-0.1142,-0.0084,-0.0500,0.0200,0.0500,-0.2410,-0.0689,-0.0464,-0.1142,1.5372,0.4886,-1.9469,115.3030,-58.1732,-117.8620
382063365,0.0010,0.0012,-0.0852,-0.0739,0.0570,-0.0500,-0.0026,0.0500,-0.2415,-0.0692,-0.0944,-0.0580,1.5372,-1.0666,-1.8944,115.3123,-58.2053,-117.8734
382068365,0.0007,0.0009,-0.1054,-0.0324,0.1388,-0.0500,0.0500,-0.0200,-0.2421,-0.0693,-0.1171,-0.0121,1.5372,-1.3574,-1.5798,115.3184,-58.2191,-117.8734
382073364,0.0002,0.0008,-0.1463,0.0153,0.1401,0.0200,0.0500,-0.0200,-0.2428,-0.0692,-0.1463,0.0153,1.5372,-1.3574,-1.1603,115.3276,-58.2246,-117.8738
382078365,-0.0006,0.0009,-0.1814,0.0455,0.1370,0.0200,0.0500,0.0105,-0.2438,-0.0690,-0.1896,0.0313,1.5372,-2.2869,-0.9505,115.3338,-58.2544,-117.8735
382083365,-0.0015,0.0011,-0.1524,0.0599,0.1468,-0.0483,0.0500,0.0053,-0.2447,-0.0688,-0.1811,0.0496,1.3218,-2.2869,-0.6883,115.3384,-58.2635,-117.8735
382088365,-0.0023,0.0013,-0.1289,0.0773,0.1379,-0.0427,-0.0200,-0.0500,-0.2453,-0.0684,-0.1203,0.0872,-0.1690,-2.2869,0.6620,115.3122,-58.2772,-117.8476
382093365,-0.0027,0.0016,-0.0574,0.0877,0.1208,-0.0252,-0.0200,-0.0500,-0.2454,-0.0679,-0.0351,0.0876,-1.2959,-1.9254,1.5998,115.2833,-58.2790,-117.8197
382098365,-0.0027,0.0022,-0.0473,0.1271,0.1031,-0.0226,0.0447,-0.0500,-0.2456,-0.0673,-0.0265,0.1296,-1.2959,-0.1698,1.5998,115.2781,-58.2488,-117.8139
382103365,-0.0029,0.0026,-0.0562,0.1396,0.0872,-0.0254,0.0506,-0.0500,-0.2457,-0.0666,-0.0349,0.1413,-1.2959,-0.1182,1.5998,115.2704,-58.2483,-117.8037
382108364,-0.0033,0.0033,-0.0425,0.1561,0.0677,-0.0232,0.0558,0.0200,-0.2458,-0.0658,-0.0207,0.1570,-1.2959,-0.0665,1.5998,115.2652,-58.2479,-117.7979
382113365,-0.0035,0.0041,-0.0034,0.1604,0.0558,-0.0132,0.0546,0.0200,-0.2457,-0.0650,0.0281,0.1613,-1.8601,-0.0665,1.5998,115.2444,-58.2482,-117.7877
382118365,-0.0035,0.0049,0.0299,0.1634,0.0466,-0.0030,0.0524,-0.0512,-0.2453,-0.0642,0.0834,0.1514,-1.8601,1.6483,0.8409,115.2370,-58.2093,-117.7977
382123365,-0.0031,0.0057,0.0684,0.1429,0.0585,0.0500,0.0440,-0.0535,-0.2447,-0.0637,0.1089,0.1085,-1.8601,1.6483,-0.6620,115.2258,-58.2027,-117.8291
382128364,-0.0026,0.0064,0.0748,0.1103,0.1166,0.0500,0.0382,-0.0500,-0.2443,-0.0633,0.0834,0.0758,-1.8601,1.6483,-0.6620,115.2184,-58.1928,-117.8315
382133365,-0.0022,0.0069,0.0849,0.0583,0.2076,0.0500,0.0239,-0.0430,-0.2438,-0.0632,0.1007,0.0114,-1.5392,2.4873,-0.6620,115.2142,-58.1674,-117.8357
382138365,-0.0017,0.0070,0.1185,0.0107,0.2491,0.0500,0.0083,-0.0390,-0.2432,-0.0634,0.1343,-0.0363,-1.2718,2.4873,-0.6620,115.2140,-58.1525,-117.8381
382143364,-0.0010,0.0067,0.1591,-0.0724,0.1117,-0.0200,-0.0500,-0.0245,-0.2423,-0.0640,0.1749,-0.1193,-0.9509,2.4873,-0.6620,115.2139,-58.1426,-117.8423
382148365,-0.0002,0.0063,0.1277,-0.0968,0.1648,-0.0200,-0.0500,-0.0162,-0.2417,-0.0646,0.1120,-0.1239,-0.7370,2.9621,-1.8156,115.2148,-58.1172,-117.8693
382153365,0.0003,0.0056,0.0629,-0.1426,0.2369,0.0122,-0.0500,0.0500,-0.2415,-0.0655,0.0373,-0.1728,0.4702,2.9621,-2.0254,115.2360,-58.1053,-117.8864
382158364,0.0006,0.0047,0.0107,-0.1869,0.1529,0.0017,-0.0500,0.0500,-0.2416,-0.0664,-0.0079,-0.1869,1.0815,2.9621,-2.0254,115.2520,-58.0876,-117.8937
382163365,0.0003,0.0036,-0.0247,-0.2144,0.0173,-0.0500,0.0200,0.0500,-0.2418,-0.0675,-0.0433,-0.2144,1.0815,2.4266,-2.5136,115.2585,-58.0875,-117.9182
382168365,0.0001,0.0022,-0.0360,-0.2321,-0.0197,-0.0500,0.0200,0.0500,-0.2420,-0.0687,-0.0360,-0.2321,1.0815,0.2799,-2.5136,115.2628,-58.1212,-117.9273
382173364,-0.0001,0.0009,-0.0278,-0.2111,0.0613,-0.0500,-0.0400,-0.0200,-0.2421,-0.0697,-0.0263,-0.2137,2.0957,0.1744,-2.5136,115.2918,-58.1226,-117.9434
382178364,-0.0002,-0.0000,-0.0599,-0.1484,0.1792,-0.0500,-0.0268,-0.0200,-0.2424,-0.0705,-0.0588,-0.1503,2.0957,0.1216,-2.0742,115.3002,-58.1228,-117.9435
382183364,-0.0005,-0.0005,-0.0962,-0.0605,0.1468,0.0200,-0.0039,0.0265,-0.2429,-0.0708,-0.0962,-0.0641,1.0815,0.1216,-0.1213,115.2884,-58.1223,-117.9102
382188365,-0.0011,-0.0006,-0.1399,0.0247,0.0912,0.0200,0.0500,0.0141,-0.2437,-0.0705,-0.1588,0.0553,0.9125,-2.1255,-0.0724,115.2889,-58.1735,-117.9096
382193365,-0.0018,-0.0005,-0.1048,0.0370,0.1834,-0.0367,0.0500,0.0087,-0.2442,-0.0703,-0.1154,0.0359,0.5837,-2.1255,-0.0724,115.2870,-58.1820,-117.9100
382198364,-0.0022,-0.0004,-0.0535,0.0296,0.1654,-0.0227,0.0500,0.0025,-0.2444,-0.0701,-0.0300,0.0421,-0.9404,-2.1255,0.8390,115.2562,-58.1948,-117.8915
382203365,-0.0024,-0.0001,-0.0431,0.0535,0.1025,-0.0188,0.0500,-0.0500,-0.2444,-0.0697,-0.0072,0.0777,-1.2696,-2.1255,1.6256,115.2422,-58.2033,-117.8662
382208365,-0.0024,0.0003,-0.0446,0.0651,0.1572,-0.0211,-0.0200,-0.0500,-0.2445,-0.0694,-0.0227,0.0650,-1.2696,-1.8831,1.6256,115.2371,-58.2109,-117.8603
382213365,-0.0026,0.0006,-0.0611,0.1179,0.1786,-0.0263,-0.0200,-0.0500,-0.2447,-0.0688,-0.0383,0.1179,-1.3230,-1.5437,1.6256,115.2284,-58.2111,-117.8500
382218365,-0.0030,0.0011,-0.0641,0.1423,0.1776,-0.0277,0.0452,-0.0500,-0.2449,-0.0681,-0.0294,0.1406,-1.9648,0.1119,1.6256,115.2083,-58.1842,-117.8441
382223365,-0.0033,0.0019,-0.0238,0.1460,0.1611,-0.0180,0.0434,0.0200,-0.2448,-0.0675,0.0163,0.1351,-1.9648,0.7271,1.6256,115.1965,-58.1694,-117.8337
382228365,-0.0033,0.0027,0.0079,0.1457,0.1245,-0.0099,0.0428,0.0200,-0.2446,-0.0668,0.0480,0.1348,-1.9648,0.7271,1.6256,115.1886,-58.1651,-117.8278
382233365,-0.0031,0.0033,0.0513,0.0956,0.1053,0.0500,0.0277,-0.0338,-0.2441,-0.0664,0.0893,0.0746,-2.1863,0.7271,-0.6817,115.1724,-58.1622,-117.8699
382238364,-0.0027,0.0038,0.0574,0.0819,0.1544,0.0500,0.0257,-0.0331,-0.2438,-0.0661,0.0560,0.0577,-2.5740,0.7271,-0.8914,115.1545,-58.1578,-117.8772
382243365,-0.0026,0.0039,0.0574,0.0400,0.2244,0.0500,0.0159,-0.0256,-0.2436,-0.0660,0.0560,0.0159,-2.5740,0.7271,-0.8914,115.1391,-58.1549,-117.8829
382248365,-0.0022,0.0041,0.0913,0.0119,0.3120,0.0500,0.0034,-0.0258,-0.2431,-0.0661,0.0954,-0.0217,-2.5740,1.3602,-0.8914,115.1288,-58.1375,-117.8861
382253365,-0.0018,0.0040,0.1051,-0.0394,0.3505,-0.0200,-0.0500,-0.0157,-0.2425,-0.0666,0.1062,-0.0970,-2.0169,1.9933,-1.8679,115.1258,-58.1173,-117.9145
382258365,-0.0010,0.0036,0.1017,-0.0727,0.3270,-0.0200,-0.0500,-0.0092,-0.2421,-0.0671,0.0856,-0.1006,-1.6455,1.9933,-1.8679,115.1258,-58.1054,-117.9212
382263365,-0.0004,0.0033,0.0877,-0.0446,0.2766,0.0151,-0.0500,-0.0126,-0.2418,-0.0675,0.0639,-0.0725,0.4430,1.9933,-1.8679,115.1645,-58.0974,-117.9331
382268365,0.0001,0.0031,0.0580,-0.0305,0.2112,0.0106,-0.0500,-0.0114,-0.2416,-0.0678,0.0343,-0.0584,0.4430,1.8959,-1.8679,115.1663,-58.0874,-117.9399
382273365,0.0001,0.0029,-0.0140,-0.0632,0.0561,-0.0500,0.0200,0.0500,-0.2418,-0.0683,-0.0421,-0.0985,0.4430,1.1777,-2.3663,115.1689,-58.0951,-117.9643
382278365,-0.0000,0.0027,-0.0672,-0.0614,0.0671,-0.0500,0.0200,0.0500,-0.2422,-0.0686,-0.0672,-0.0614,0.4430,-0.3165,-2.3663,115.1707,-58.1238,-117.9729
382283364,-0.0003,0.0022,-0.0782,-0.1035,-0.0096,-0.0500,-0.0038,0.0500,-0.2426,-0.0691,-0.0809,-0.0988,0.4430,-0.3165,-2.3663,115.1734,-58.1251,-117.9880
382288364,-0.0008,0.0017,-0.0907,-0.0748,-0.1302,-0.0500,0.0500,0.0500,-0.2431,-0.0694,-0.0983,-0.0618,0.4430,-0.8759,-2.3663,115.1751,-58.1385,-117.9966
382293364,-0.0013,0.0011,-0.1054,-0.0513,-0.1018,0.0200,0.0500,-0.0200,-0.2436,-0.0696,-0.1054,-0.0513,0.4430,-2.2742,-1.8437,115.1778,-58.1733,-117.9982
382298365,-0.0016,0.0010,-0.1023,0.0140,0.0588,0.0200,0.0500,-0.0200,-0.2441,-0.0696,-0.1023,0.0140,0.4430,-2.2742,-1.4779,115.1796,-58.1869,-117.9982
382303365,-0.0020,0.0010,-0.0883,0.0483,0.1324,-0.0334,0.0500,0.0012,-0.2446,-0.0694,-0.1055,0.0317,0.4430,-2.2742,-1.1121,115.1822,-58.1960,-117.9982
382308364,-0.0027,0.0013,-0.1182,0.0452,0.0335,-0.0408,-0.0200,0.0059,-0.2452,-0.0692,-0.1150,0.0358,-0.4984,-2.2742,-0.6261,115.1626,-58.2097,-117.9928
382313365,-0.0034,0.0015,-0.0929,0.0388,-0.0753,-0.0342,-0.0200,0.0034,-0.2456,-0.0689,-0.0723,0.0595,-0.4984,-1.9348,1.3845,115.1596,-58.2114,-117.9498
382318365,-0.0038,0.0017,-0.0535,0.0293,-0.0166,-0.0277,0.0293,-0.0009,-0.2458,-0.0686,-0.0450,0.0709,-0.4984,-1.4016,1.3845,115.1576,-58.2107,-117.9437
382323365,-0.0039,0.0018,-0.0217,0.0605,0.1526,-0.0220,0.0299,-0.0500,-0.2458,-0.0681,-0.0080,0.0984,-0.6841,-1.1592,1.3845,115.1509,-58.2111,-117.9360
382328364,-0.0041,0.0018,-0.0290,0.0476,0.1801,-0.0232,0.0237,-0.0500,-0.2458,-0.0679,0.0101,0.0334,-1.7983,0.9509,1.3845,115.1231,-58.1700,-117.9299
382333365,-0.0040,0.0021,0.0061,0.0403,0.0674,-0.0125,0.0201,-0.0500,-0.2456,-0.0678,0.0452,0.0261,-1.7983,0.9509,1.3845,115.1123,-58.1662,-117.9221
382338364,-0.0040,0.0021,0.0360,0.0052,-0.0056,-0.0040,0.0096,-0.0500,-0.2452,-0.0678,0.0752,-0.0090,-1.7983,0.9509,1.3845,115.1051,-58.1605,-117.9161
382343365,-0.0038,0.0020,0.0672,0.0015,-0.0230,0.0500,0.0038,0.0200,-0.2446,-0.0679,0.1165,-0.0127,-2.3907,0.9509,1.2380,115.0799,-58.1567,-117.9113
382348365,-0.0034,0.0018,0.1023,0.0122,-0.0081,0.0500,0.0019,0.0200,-0.2441,-0.0679,0.1105,-0.0019,-2.3907,0.9509,-0.4984,115.0704,-58.1510,-117.9435
382353365,-0.0027,0.0020,0.1188,0.0092,0.0329,0.0500,-0.0500,-0.0169,-0.2435,-0.0680,0.1189,-0.0191,-2.3907,0.9509,-0.9415,115.0560,-58.1472,-117.9574
382358365,-0.0020,0.0021,0.1292,-0.0034,0.0649,0.0500,-0.0500,-0.0184,-0.2429,-0.0681,0.1211,-0.0174,-2.3907,0.9509,-0.9415,115.0464,-58.1415,-117.9615
382363365,-0.0013,0.0019,0.1023,-0.0513,0.0549,-0.0200,-0.0500,-0.0052,-0.2424,-0.0684,0.0942,-0.0654,-2.0526,0.9509,-0.9415,115.0394,-58.1377,-117.9668
382368364,-0.0008,0.0015,0.0632,-0.0846,0.0420,-0.0200,-0.0500,0.0500,-0.2421,-0.0690,0.0484,-0.1103,-1.6582,0.9509,-1.7254,115.0398,-58.1320,-117.9873
382373365,-0.0004,0.0012,0.0342,-0.0428,0.0130,0.0063,0.0200,0.0500,-0.2420,-0.0692,0.0277,-0.0428,0.3770,0.9509,-2.1957,115.0757,-58.1282,-118.0087
382378365,-0.0006,0.0008,-0.0538,-0.0244,-0.0294,-0.0500,0.0200,0.0500,-0.2424,-0.0693,-0.0714,-0.0244,1.0232,-1.2305,-2.1957,115.0922,-58.1737,-118.0183
382383365,-0.0009,0.0008,-0.0987,-0.0134,-0.0191,-0.0500,0.0500,0.0500,-0.2429,-0.0693,-0.1093,0.0049,1.0232,-1.2305,-2.1957,115.0984,-58.1786,-118.0307
382388364,-0.0013,0.0008,-0.1075,-0.0217,-0.0285,-0.0500,0.0500,-0.0200,-0.2434,-0.0694,-0.1075,-0.0217,1.0232,-1.2305,-1.9536,115.1025,-58.1860,-118.0352
382393365,-0.0019,0.0006,-0.1011,-0.0183,-0.0652,-0.0500,0.0500,-0.0200,-0.2439,-0.0695,-0.1011,-0.0183,1.0232,-1.2305,-1.4692,115.1086,-58.1909,-118.0352
382398364,-0.0026,0.0002,-0.1182,-0.0348,-0.0902,0.0200,0.0500,0.0298,-0.2446,-0.0698,-0.1284,-0.0524,1.0232,-1.2305,-1.1787,115.1127,-58.1983,-118.0353
382403364,-0.0031,-0.0001,-0.1060,-0.0092,-0.0517,0.0200,-0.0200,0.0217,-0.2451,-0.0697,-0.0997,0.0018,-0.1616,-1.2305,0.7317,115.0936,-58.2032,-117.9985
382408365,-0.0035,-0.0002,-0.1023,0.0461,0.0268,-0.0392,-0.0200,0.0088,-0.2455,-0.0695,-0.0895,0.0570,-0.3770,-1.2305,0.7317,115.0878,-58.2106,-117.9953
382413364,-0.0040,-0.0001,-0.0922,0.0660,0.0723,-0.0399,0.0344,0.0027,-0.2460,-0.0690,-0.0884,0.0923,-0.3770,-1.0366,0.7317,115.0856,-58.2113,-117.9912
382418365,-0.0045,0.0003,-0.0843,0.0544,0.1508,-0.0404,0.0311,0.0034,-0.2463,-0.0687,-0.0735,0.0688,-0.3770,-0.2349,0.7317,115.0841,-58.2003,-117.9880
382423365,-0.0047,0.0003,-0.0183,-0.0104,0.1159,-0.0232,0.0078,0.0109,-0.2463,-0.0687,0.0046,-0.0169,-0.3770,1.1746,0.7317,115.0818,-58.1699,-117.9839
382428364,-0.0048,0.0002,0.0137,-0.0186,0.0283,-0.0130,0.0022,0.0097,-0.2461,-0.0689,0.0541,-0.0252,-1.3912,1.1746,0.7317,115.0589,-58.1629,-117.9807
382433365,-0.0046,0.0000,0.0446,0.0070,-0.0291,-0.0028,0.0031,0.0008,-0.2456,-0.0689,0.0995,0.0004,-2.2363,1.1746,0.7317,115.0294,-58.1582,-117.9766
382438364,-0.0043,-0.0001,0.0834,0.0189,-0.0554,0.0500,0.0010,-0.0500,-0.2448,-0.0687,0.1474,0.0280,-2.2363,1.1746,1.7839,115.0205,-58.1512,-117.9509
382443365,-0.0039,0.0001,0.1078,0.0168,-0.0004,0.0500,-0.0500,-0.0500,-0.2442,-0.0687,0.1179,-0.0007,-2.2363,1.1746,1.7839,115.0071,-58.1465,-117.9408
382448364,-0.0032,0.0004,0.1170,0.0217,0.0698,0.0500,-0.0500,-0.0500,-0.2436,-0.0686,0.1170,0.0217,-2.1893,1.1746,1.7839,114.9991,-58.1394,-117.9331
382453365,-0.0024,0.0004,0.1164,0.0046,0.0158,0.0500,-0.0500,-0.0500,-0.2431,-0.0686,0.1164,0.0046,-1.6250,1.1746,1.7839,114.9991,-58.1347,-117.9230
382458365,-0.0018,0.0003,0.0996,0.0223,-0.0475,-0.0200,-0.0500,0.0200,-0.2426,-0.0685,0.0996,0.0223,-1.2959,1.1746,1.7839,114.9999,-58.1277,-117.9152
382463365,-0.0013,0.0003,0.0519,0.0302,0.0136,-0.0200,0.0200,0.0200,-0.2423,-0.0683,0.0519,0.0302,0.7888,0.6712,-0.2769,115.0403,-58.1321,-117.9508
382468365,-0.0013,0.0006,-0.0312,0.0528,-0.0151,-0.0500,0.0200,-0.0059,-0.2425,-0.0681,-0.0481,0.0471,0.7888,-1.1187,-0.3877,115.0435,-58.1687,-117.9556
382473365,-0.0014,0.0009,-0.0556,0.0519,-0.0517,-0.0500,0.0500,-0.0044,-0.2429,-0.0678,-0.0700,0.0653,0.7888,-1.2865,-0.3877,115.0482,-58.1797,-117.9571
382478365,-0.0018,0.0012,-0.0825,0.0272,-0.0777,-0.0500,0.0500,0.0500,-0.2434,-0.0678,-0.0966,0.0027,0.7888,-1.2865,-1.6419,115.0514,-58.1849,-117.9864
382483364,-0.0020,0.0014,-0.0932,0.0229,-0.0633,-0.0500,0.0500,0.0500,-0.2438,-0.0676,-0.0932,0.0229,2.3506,-1.2865,-2.1645,115.0905,-58.1926,-118.0051
382488364,-0.0024,0.0013,-0.0996,0.0223,-0.0716,0.0200,0.0500,0.0500,-0.2443,-0.0675,-0.0996,0.0223,1.8659,-1.2865,-2.1645,115.0891,-58.1977,-118.0181
382493365,-0.0028,0.0014,-0.1142,0.0061,-0.1299,0.0200,-0.0200,0.0500,-0.2449,-0.0675,-0.1142,0.0061,1.3812,-1.2865,-2.1645,115.0890,-58.2055,-118.0267
382498366,-0.0035,0.0015,-0.1503,-0.0113,-0.1492,-0.0512,-0.0200,-0.0200,-0.2458,-0.0676,-0.1694,-0.0113,1.1119,-1.2865,-1.9708,115.0886,-58.2106,-118.0357
382503365,-0.0041,0.0016,-0.1365,0.0027,-0.1253,-0.0510,0.0352,-0.0200,-0.2466,-0.0675,-0.1596,0.0176,0.8427,-0.9956,-1.5834,115.0882,-58.2116,-118.0351
382508364,-0.0049,0.0016,-0.1274,0.0034,-0.1067,-0.0507,0.0318,0.0230,-0.2472,-0.0676,-0.1324,-0.0237,0.0000,0.6153,-1.1959,115.0755,-58.1805,-118.0357
382513365,-0.0055,0.0014,-0.0834,-0.0333,0.0894,-0.0410,0.0155,0.0221,-0.2474,-0.0678,-0.0429,-0.0453,-1.6903,1.0627,0.2613,115.0382,-58.1654,-118.0088
382518365,-0.0058,0.0011,-0.0357,-0.0660,0.0613,-0.0295,0.0028,0.0243,-0.2474,-0.0682,0.0088,-0.0709,-1.6903,1.0627,0.7317,115.0280,-58.1612,-117.9953
382523365,-0.0058,0.0005,0.0024,-0.0742,-0.0820,-0.0183,-0.0500,0.0253,-0.2472,-0.0686,0.0470,-0.0792,-1.6903,1.0627,0.7317,115.0213,-58.1548,-117.9924
382528364,-0.0058,0.0001,0.0254,-0.0495,-0.1944,-0.0111,-0.0500,0.0191,-0.2468,-0.0688,0.0680,-0.0386,-2.1135,1.0627,0.7317,115.0025,-58.1505,-117.9880
382533365,-0.0056,-0.0002,0.0693,-0.0257,-0.1776,0.0008,-0.0500,0.0087,-0.2462,-0.0688,0.1145,-0.0148,-2.2545,1.0627,0.7317,114.9907,-58.1442,-117.9851
382538364,-0.0052,-0.0003,0.0941,-0.0140,-0.0643,0.0500,-0.0500,0.0011,-0.2455,-0.0688,0.1392,-0.0032,-2.2545,1.0627,0.7317,114.9771,-58.1399,-117.9807
382543364,-0.0045,-0.0002,0.1203,-0.0015,0.0326,0.0500,0.0200,-0.0500,-0.2449,-0.0687,0.1376,0.0284,-2.2545,0.5034,2.0054,114.9681,-58.1450,-117.9491
382548365,-0.0037,-0.0002,0.1133,0.0153,-0.0380,0.0500,0.0200,-0.0500,-0.2443,-0.0686,0.1133,0.0153,-1.8267,-0.8390,2.0054,114.9641,-58.1731,-117.9370
382553364,-0.0031,-0.0002,0.1084,0.0492,-0.1412,0.0500,0.0500,-0.0500,-0.2438,-0.0683,0.1012,0.0617,-1.5058,-0.8390,2.0054,114.9639,-58.1782,-117.9290
382558365,-0.0026,-0.0001,0.0910,0.0898,0.0396,-0.0200,0.0500,-0.0500,-0.2433,-0.0679,0.0910,0.0898,-1.0779,-0.8390,2.0054,114.9647,-58.1815,-117.9170
382563365,-0.0023,0.0004,0.0437,0.1423,0.0582,-0.0200,0.0500,0.0200,-0.2431,-0.0672,0.0437,0.1423,0.4232,-1.0814,1.9077,114.9934,-58.1915,-117.9110
382568365,-0.0021,0.0010,0.0003,0.1258,-0.0401,-0.0500,0.0500,0.0200,-0.2432,-0.0665,-0.0118,0.1258,0.7053,-1.8086,-0.2769,115.0032,-58.2128,-117.9488
382573365,-0.0022,0.0015,-0.0586,0.0895,-0.1421,-0.0500,-0.0200,-0.0106,-0.2435,-0.0661,-0.0629,0.0821,1.4941,-1.2753,-0.4984,115.0224,-58.2111,-117.9551
382578365,-0.0025,0.0019,-0.0907,0.0434,-0.1199,-0.0500,-0.0200,0.0500,-0.2440,-0.0659,-0.0950,0.0359,2.2266,-1.0329,-0.4984,115.0498,-58.2109,-117.9576
382583365,-0.0031,0.0018,-0.1020,0.0394,-0.0130,-0.0500,0.0352,0.0500,-0.2445,-0.0657,-0.1088,0.0512,2.2266,-0.7905,-0.4984,115.0587,-58.2115,-117.9596
382588364,-0.0036,0.0019,-0.1008,0.0626,-0.0062,0.0200,0.0390,0.0500,-0.2450,-0.0654,-0.0926,0.0485,2.2266,0.9509,-0.4984,115.0720,-58.1769,-117.9626
382593364,-0.0040,0.0020,-0.1042,0.0757,-0.1150,0.0200,0.0445,0.0500,-0.2454,-0.0652,-0.0935,0.0574,2.2266,1.2305,-1.8050,115.0809,-58.1640,-117.9927
382598365,-0.0045,0.0025,-0.1200,0.0553,-0.1312,-0.0472,0.0455,-0.0200,-0.2461,-0.0650,-0.1274,0.0370,1.0434,1.2305,-1.8572,115.0692,-58.1591,-118.0060
382603365,-0.0051,0.0027,-0.1142,0.0195,0.0295,-0.0479,0.0358,-0.0200,-0.2465,-0.0650,-0.0949,0.0012,-0.5071,1.2305,-1.1778,115.0384,-58.1517,-117.9980
382608365,-0.0056,0.0024,-0.0932,-0.0809,0.0313,-0.0455,0.0107,0.0336,-0.2470,-0.0655,-0.0813,-0.1122,-0.5071,1.2305,-0.8642,115.0353,-58.1468,-117.9979
382613365,-0.0062,0.0020,-0.0834,-0.0678,-0.0053,-0.0443,0.0116,0.0328,-0.2473,-0.0661,-0.0624,-0.1100,-0.5071,2.1274,-0.7075,115.0333,-58.1195,-117.9980
382618365,-0.0064,0.0016,-0.0183,-0.0492,0.0243,-0.0290,0.0061,0.0220,-0.2472,-0.0665,0.0040,-0.0891,-0.5071,2.1274,-0.5507,115.0303,-58.1109,-117.9987
382623364,-0.0065,0.0013,0.0195,-0.0504,0.0839,-0.0201,-0.0001,0.0170,-0.2470,-0.0669,0.0471,-0.0812,-0.5071,2.1274,0.0554,115.0282,-58.0982,-117.9883
382628364,-0.0064,0.0011,0.0531,-0.0354,0.0151,-0.0093,-0.0000,0.0088,-0.2465,-0.0671,0.0950,-0.0414,-0.5071,2.1274,1.7168,115.0252,-58.0897,-117.9480
382633365,-0.0061,0.0009,0.0883,-0.0522,-0.1415,0.0500,-0.0500,0.0098,-0.2459,-0.0674,0.1276,-0.0539,-0.5071,1.8353,1.7168,115.0232,-58.0838,-117.9412
382638365,-0.0055,0.0007,0.1155,-0.0681,-0.0670,0.0500,-0.0500,0.0075,-0.2452,-0.0676,0.1302,-0.0425,-0.5071,1.8353,1.7168,115.0201,-58.0764,-117.9309
382643365,-0.0047,0.0001,0.1158,-0.0696,0.0466,0.0500,-0.0500,0.0068,-0.2446,-0.0678,0.1305,-0.0440,-0.5071,1.8353,1.7168,115.0181,-58.0654,-117.9240
382648365,-0.0041,-0.0004,0.0965,-0.1121,0.0573,0.0500,-0.0500,0.0181,-0.2440,-0.0682,0.1159,-0.0784,-0.5071,0.9104,2.2538,115.0150,-58.0776,-117.9003
382653365,-0.0034,-0.0007,0.0910,-0.0186,0.0720,-0.0200,0.0200,-0.0020,-0.2435,-0.0682,0.1104,0.0150,-0.5071,0.2775,2.2538,115.0130,-58.0878,-117.8913
382658364,-0.0032,-0.0009,0.0376,0.0116,0.0573,-0.0200,0.0200,-0.0014,-0.2432,-0.0679,0.0570,0.0453,-0.3944,0.2289,2.2538,115.0122,-58.0877,-117.8778
382663365,-0.0030,-0.0005,0.0006,0.0580,0.0729,-0.0500,0.0500,-0.0500,-0.2432,-0.0674,-0.0110,0.1090,0.9578,-1.4244,1.9916,115.0410,-58.1222,-117.8744
382668364,-0.0030,-0.0001,-0.0183,0.0675,0.0200,-0.0500,0.0500,-0.0500,-0.2433,-0.0670,-0.0183,0.0675,0.9578,-1.4244,1.4673,115.0467,-58.1279,-117.8746
382673365,-0.0032,0.0004,-0.0312,0.0776,0.0182,-0.0500,0.0500,-0.0500,-0.2435,-0.0667,-0.0312,0.0776,0.9578,-1.4244,1.4148,115.0506,-58.1364,-117.8700
382678364,-0.0034,0.0006,-0.0806,0.0589,-0.0505,-0.0500,0.0500,-0.0500,-0.2439,-0.0664,-0.0806,0.0589,0.9578,-1.4244,1.2051,115.0563,-58.1421,-117.8657
382683364,-0.0037,0.0008,-0.1002,0.0861,-0.1556,0.0200,-0.0200,0.0200,-0.2444,-0.0659,-0.1002,0.0861,0.9578,-1.4244,0.5758,115.0602,-58.1507,-117.8753
382688364,-0.0042,0.0011,-0.0904,0.1145,-0.1388,0.0200,-0.0200,0.0200,-0.2448,-0.0654,-0.0904,0.1145,0.9578,-1.4244,0.4185,115.0659,-58.1564,-117.8753
382693365,-0.0047,0.0019,-0.1133,0.1295,-0.0765,-0.0488,0.0617,-0.0100,-0.2456,-0.0646,-0.1454,0.1449,0.9578,-1.4244,-0.3906,115.0697,-58.1649,-117.8901
382698365,-0.0053,0.0022,-0.1151,0.0418,-0.0520,-0.0493,0.0410,0.0500,-0.2461,-0.0645,-0.1121,0.0190,-0.7325,0.2110,-1.3182,115.0384,-58.1348,-117.9154
382703365,-0.0058,0.0025,-0.0987,0.0226,-0.0826,-0.0455,0.0371,0.0500,-0.2465,-0.0645,-0.0788,0.0100,-0.7325,0.8441,-1.3182,115.0355,-58.1176,-117.9206
382708365,-0.0063,0.0025,-0.0858,-0.0195,-0.0798,-0.0442,0.0273,0.0500,-0.2468,-0.0646,-0.0659,-0.0321,-0.7325,0.8441,-1.9274,115.0311,-58.1143,-117.9411
382713364,-0.0068,0.0024,-0.0944,-0.0400,0.0084,-0.0498,0.0236,0.0500,-0.2472,-0.0649,-0.0745,-0.0526,-0.7325,0.8441,-2.4258,115.0281,-58.1092,-117.9605
382718365,-0.0072,0.0023,-0.0614,-0.0510,0.0906,-0.0439,0.0162,-0.0200,-0.2474,-0.0652,-0.0415,-0.0636,-0.7325,0.8441,-2.4258,115.0238,-58.1058,-117.9750
382723364,-0.0074,0.0020,-0.0131,-0.0693,0.0426,-0.0306,0.0054,-0.0200,-0.2473,-0.0656,0.0254,-0.0820,-1.8139,0.8441,-2.4258,114.9968,-58.1007,-117.9847
382728365,-0.0075,0.0015,0.0189,-0.0831,-0.0856,-0.0215,-0.0016,0.0264,-0.2470,-0.0661,0.0542,-0.1013,-1.8139,0.8441,-0.3768,114.9859,-58.0974,-117.9516
382733365,-0.0073,0.0009,0.0617,-0.1020,-0.1718,-0.0090,-0.0500,0.0279,-0.2465,-0.0667,0.0974,-0.1195,-1.8139,0.8441,-0.3214,114.9786,-58.0923,-117.9519
382738365,-0.0070,0.0005,0.1011,-0.1075,-0.1015,0.0018,-0.0500,0.0230,-0.2458,-0.0673,0.1397,-0.1108,-2.3488,0.8441,-0.2106,114.9549,-58.0889,-117.9514
382743364,-0.0064,-0.0002,0.1319,-0.1029,-0.0304,0.0500,-0.0500,0.0186,-0.2450,-0.0678,0.1706,-0.1062,-2.3488,0.6981,-0.2106,114.9455,-58.0871,-117.9522
382748365,-0.0056,-0.0010,0.1228,-0.1243,-0.0762,0.0500,-0.0500,0.0275,-0.2444,-0.0685,0.1214,-0.1266,-2.3488,0.5520,-0.1553,114.9314,-58.0876,-117.9521
382753365,-0.0049,-0.0013,0.1304,-0.0883,-0.0496,0.0500,0.0200,0.0165,-0.2437,-0.0688,0.1384,-0.0744,-2.3488,0.4060,0.9276,114.9221,-58.0876,-117.9298
382758364,-0.0042,-0.0018,0.1292,-0.0492,-0.0307,0.0500,0.0200,0.0071,-0.2430,-0.0689,0.1443,-0.0229,-2.0719,-0.2638,1.7576,114.9139,-58.1002,-117.9036
382763364,-0.0036,-0.0020,0.1069,0.0012,0.0206,-0.0200,-0.0104,-0.0500,-0.2424,-0.0687,0.1107,0.0471,-1.6843,-1.3189,1.7576,114.9141,-58.1278,-117.8966
382768365,-0.0031,-0.0019,0.0605,0.0632,0.0515,-0.0200,0.0500,-0.0500,-0.2422,-0.0683,0.0491,0.0829,-1.2413,-1.3189,1.7576,114.9142,-58.1331,-117.8860
382773365,-0.0026,-0.0015,0.0415,0.0761,0.0213,-0.0003,0.0500,-0.0500,-0.2420,-0.0679,0.0435,0.0761,-0.1144,-2.7732,1.7576,114.9332,-58.1723,-117.8790
382778365,-0.0025,-0.0009,0.0009,0.0776,-0.0294,-0.0500,0.0500,-0.0500,-0.2421,-0.0675,-0.0221,0.0776,1.3371,-2.7732,1.4430,114.9676,-58.1834,-117.8753
382783364,-0.0027,-0.0008,-0.0684,0.0757,-0.1162,-0.0500,0.0500,0.0200,-0.2424,-0.0671,-0.0684,0.0757,1.3371,-2.7732,1.1808,114.9730,-58.2001,-117.8752
382788365,-0.0030,-0.0005,-0.1002,0.0883,-0.1709,-0.0500,-0.0200,0.0200,-0.2429,-0.0667,-0.1002,0.0883,1.3371,-2.7732,-0.0976,114.9810,-58.2112,-117.8959
382793364,-0.0035,0.0000,-0.1237,0.1491,-0.0490,-0.0500,-0.0200,-0.0084,-0.2436,-0.0660,-0.1304,0.1374,1.3371,-2.0460,-0.7812,114.9863,-58.2111,-117.9121
382798365,-0.0042,0.0006,-0.1237,0.1029,-0.0823,0.0200,0.0496,0.0012,-0.2442,-0.0655,-0.1332,0.0960,1.3371,-0.3195,-0.7812,114.9944,-58.1815,-117.9168
382803365,-0.0048,0.0010,-0.1127,0.0382,-0.0918,0.0200,0.0357,0.0500,-0.2448,-0.0654,-0.1189,0.0207,0.1604,0.2237,-0.9473,114.9746,-58.1693,-117.9232
382808365,-0.0052,0.0011,-0.1066,0.0046,-0.0881,-0.0458,0.0292,0.0500,-0.2453,-0.0654,-0.0973,0.0012,-0.4279,0.2237,-2.2211,114.9607,-58.1684,-117.9601
382813365,-0.0058,0.0008,-0.1130,-0.0189,-0.0875,-0.0497,0.0249,0.0500,-0.2458,-0.0655,-0.1037,-0.0223,-0.4279,0.2237,-2.2211,114.9590,-58.1671,-117.9690
382818364,-0.0063,0.0004,-0.1213,-0.0223,-0.0313,-0.0548,0.0243,0.0500,-0.2464,-0.0657,-0.1120,-0.0256,-0.4279,0.2237,-2.2211,114.9565,-58.1662,-117.9823
382823365,-0.0069,0.0003,-0.0721,-0.0147,0.0048,-0.0447,0.0200,-0.0200,-0.2467,-0.0658,-0.0590,-0.0180,-0.6494,0.2237,-2.2211,114.9503,-58.1649,-117.9912
382828365,-0.0071,0.0003,-0.0299,-0.0281,-0.0133,-0.0329,0.0112,-0.0200,-0.2466,-0.0659,0.0108,-0.0315,-2.2552,0.2237,-1.9597,114.9076,-58.1640,-117.9989
382833364,-0.0072,0.0000,0.0144,-0.0556,-0.0734,-0.0210,-0.0500,0.0275,-0.2463,-0.0665,0.0573,-0.1103,-2.2552,2.0702,-1.5939,114.8986,-58.1213,-117.9986
382838364,-0.0068,-0.0005,0.0284,-0.1066,-0.1024,-0.0158,-0.0500,0.0343,-0.2460,-0.0670,0.0701,-0.1017,-2.2552,2.0702,0.3323,114.8851,-58.1130,-117.9654
382843365,-0.0062,-0.0009,0.0736,-0.0932,-0.0267,-0.0021,-0.0500,0.0241,-0.2454,-0.0674,0.1270,-0.0792,-2.6266,2.0702,0.9415,114.8675,-58.1006,-117.9499
382848365,-0.0060,-0.0015,0.0904,-0.0953,-0.0297,0.0500,-0.0500,0.0240,-0.2446,-0.0678,0.1438,-0.0813,-2.6266,2.0702,0.9415,114.8517,-58.0923,-117.9443
382853365,-0.0055,-0.0021,0.1078,-0.0803,-0.0740,0.0500,0.0200,0.0221,-0.2441,-0.0681,0.1159,-0.0663,-2.6266,0.7067,0.9415,114.8412,-58.1093,-117.9405
382858365,-0.0047,-0.0026,0.1213,-0.0437,-0.1058,0.0500,0.0200,0.0128,-0.2434,-0.0683,0.1293,-0.0296,-1.9804,0.0000,0.9415,114.8401,-58.1224,-117.9349
382863365,-0.0040,-0.0028,0.1151,0.0015,-0.0795,0.0500,-0.0141,0.0027,-0.2428,-0.0682,0.1232,0.0156,-1.6573,0.0000,0.9415,114.8393,-58.1224,-117.9311
382868365,-0.0034,-0.0027,0.0858,0.0525,-0.0203,-0.0200,0.0001,-0.0500,-0.2424,-0.0678,0.0862,0.0799,-1.2264,-0.8949,0.9415,114.8394,-58.1411,-117.9254
382873364,-0.0030,-0.0025,0.0507,0.0947,0.0097,-0.0200,0.0500,-0.0500,-0.2422,-0.0671,0.0320,0.1272,-0.1438,-2.1814,0.9415,114.8578,-58.1780,-117.9217
382878365,-0.0027,-0.0019,0.0272,0.1121,0.0206,-0.0500,0.0500,-0.0500,-0.2421,-0.0666,0.0152,0.1121,0.6964,-2.1814,0.9415,114.8777,-58.1867,-117.9160
382883365,-0.0025,-0.0013,0.0098,0.1005,-0.1043,-0.0500,0.0500,-0.0500,-0.2421,-0.0661,0.0098,0.1005,0.6964,-2.1814,0.9415,114.8804,-58.1998,-117.9123
382888365,-0.0027,-0.0009,-0.0993,0.0971,-0.1461,-0.0500,0.0500,0.0200,-0.2426,-0.0656,-0.0993,0.0971,2.1361,-2.1814,0.7462,114.9180,-58.2085,-117.9110
382893365,-0.0033,-0.0005,-0.1310,0.1200,-0.0988,-0.0500,-0.0200,0.0200,-0.2432,-0.0650,-0.1310,0.1200,2.1361,-1.6966,0.5997,114.9266,-58.2108,-117.9111
382898365,-0.0040,0.0002,-0.1362,0.1133,0.0066,0.0200,-0.0200,0.0007,-0.2439,-0.0645,-0.1424,0.1026,2.1361,-1.4057,-0.7199,114.9394,-58.2112,-117.9358
382903364,-0.0047,0.0007,-0.1292,0.0870,0.0045,0.0200,0.0467,0.0500,-0.2447,-0.0641,-0.1459,0.0713,0.8625,-0.4436,-1.4953,114.9207,-58.1989,-117.9566
382908365,-0.0053,0.0009,-0.1121,0.0195,-0.0325,-0.0491,0.0318,0.0500,-0.2452,-0.0641,-0.1107,0.0062,0.3641,0.8949,-1.4953,114.9133,-58.1705,-117.9656
382913365,-0.0057,0.0010,-0.1008,-0.0180,-0.0426,-0.0476,0.0232,0.0500,-0.2457,-0.0643,-0.0974,-0.0313,0.2534,0.8949,-1.4953,114.9124,-58.1652,-117.9715
382918365,-0.0061,0.0006,-0.1093,-0.0354,0.0097,-0.0519,0.0192,0.0500,-0.2462,-0.0645,-0.1050,-0.0487,0.1980,0.8949,-1.4953,114.9127,-58.1616,-117.9805
382923364,-0.0067,0.0001,-0.1097,-0.0473,0.0518,-0.0545,0.0154,-0.0200,-0.2468,-0.0648,-0.1044,-0.0606,0.1426,0.8949,-1.4953,114.9124,-58.1562,-117.9865
382928365,-0.0072,-0.0001,-0.0855,-0.0415,0.0402,-0.0484,0.0132,-0.0200,-0.2470,-0.0651,-0.0506,-0.0549,-1.5784,0.8949,-1.4953,114.8735,-58.1526,-117.9955
382933365,-0.0074,-0.0004,0.0049,-0.0617,-0.0160,-0.0255,-0.0500,0.0312,-0.2468,-0.0656,0.0387,-0.1131,-1.5784,2.1083,-1.3385,114.8672,-58.1212,-117.9982
382938365,-0.0074,-0.0009,0.0235,-0.0987,-0.0578,-0.0211,-0.0500,0.0363,-0.2466,-0.0661,0.0491,-0.1015,-1.5784,2.1083,-0.1880,114.8577,-58.1127,-117.9814
382943365,-0.0070,-0.0014,0.0373,-0.1057,-0.0181,-0.0156,-0.0500,0.0347,-0.2462,-0.0666,0.0749,-0.0875,-1.5784,2.1083,1.2184,114.8514,-58.1001,-117.9511
382948365,-0.0068,-0.0021,0.0562,-0.0947,0.0231,-0.0102,-0.0500,0.0312,-0.2457,-0.0670,0.0994,-0.0765,-1.9016,2.1083,1.2184,114.8346,-58.0917,-117.9438
382953365,-0.0066,-0.0026,0.0721,-0.0904,0.0078,-0.0052,0.0200,0.0300,-0.2451,-0.0673,0.1153,-0.0723,-1.9016,1.3414,1.2184,114.8270,-58.0953,-117.9389
382958365,-0.0062,-0.0032,0.0901,-0.0602,-0.0151,0.0013,0.0200,0.0225,-0.2445,-0.0675,0.1333,-0.0420,-1.9016,-0.1055,1.2184,114.8156,-58.1227,-117.9316
382963365,-0.0056,-0.0035,0.1005,-0.0098,-0.0218,0.0500,-0.0156,0.0100,-0.2437,-0.0675,0.1428,0.0099,-1.9016,-0.1055,1.2184,114.8080,-58.1233,-117.9267
382968365,-0.0049,-0.0034,0.1002,0.0464,0.0188,0.0500,-0.0035,-0.0500,-0.2432,-0.0671,0.1152,0.0757,-1.9016,-0.1055,1.8531,114.7966,-58.1238,-117.9045
382973365,-0.0045,-0.0032,0.0718,0.1075,0.0588,0.0500,0.0500,-0.0500,-0.2429,-0.0664,0.0526,0.1407,-1.9016,-2.2310,1.8531,114.7890,-58.1718,-117.8971
382978364,-0.0040,-0.0024,0.0559,0.1381,0.0573,0.0500,0.0500,-0.0500,-0.2426,-0.0657,0.0559,0.1381,-1.3945,-2.2310,1.8531,114.7894,-58.1807,-117.8860
382983365,-0.0037,-0.0016,0.0440,0.1390,-0.0090,-0.0200,0.0500,-0.0500,-0.2424,-0.0650,0.0440,0.1390,-0.6331,-2.2310,1.8531,114.7999,-58.1941,-117.8786
382988364,-0.0035,-0.0011,0.0095,0.1338,-0.0863,-0.0200,0.0500,0.0200,-0.2424,-0.0644,0.0095,0.1338,1.2925,-2.2310,1.5384,114.8419,-58.2030,-117.8744
382993364,-0.0035,-0.0004,-0.0486,0.1304,-0.0594,-0.0500,-0.0200,0.0200,-0.2427,-0.0637,-0.0708,0.1304,1.2925,-1.9886,1.1298,114.8471,-58.2113,-117.8771
382998365,-0.0038,0.0003,-0.0901,0.1295,0.0487,-0.0500,-0.0200,-0.0102,-0.2432,-0.0631,-0.0956,0.1200,1.8496,-1.6007,-0.6347,114.8664,-58.2108,-117.9119
383003365,-0.0044,0.0010,-0.1176,0.1127,0.0368,-0.0500,0.0507,-0.0041,-0.2438,-0.0626,-0.1226,0.1024,2.2210,0.0559,-0.6347,114.8825,-58.1843,-117.9145
383008365,-0.0050,0.0014,-0.1155,0.0452,-0.0035,-0.0500,0.0379,0.0500,-0.2444,-0.0625,-0.1147,0.0249,2.2210,0.7271,-0.6347,114.8958,-58.1685,-117.9183
383013365,-0.0056,0.0016,-0.1133,0.0101,-0.0071,0.0200,0.0322,0.0500,-0.2449,-0.0625,-0.1070,-0.0007,2.2210,0.7271,-0.9116,114.9047,-58.1641,-117.9264
383018365,-0.0058,0.0014,-0.0941,-0.0189,0.0353,0.0200,0.0228,0.0500,-0.2453,-0.0626,-0.0878,-0.0298,0.6425,0.7271,-2.0192,114.8832,-58.1612,-117.9593
383023365,-0.0062,0.0010,-0.1121,-0.0260,0.1172,-0.0545,0.0222,0.0500,-0.2459,-0.0628,-0.1089,-0.0368,0.1783,0.7271,-2.0192,114.8749,-58.1569,-117.9673
383028364,-0.0067,0.0008,-0.1405,-0.0431,0.0817,-0.0628,0.0221,-0.0200,-0.2466,-0.0631,-0.1320,-0.0617,0.1319,1.2547,-2.0192,114.8749,-58.1431,-117.9795
383033365,-0.0073,0.0006,-0.0910,-0.0486,0.0365,-0.0515,0.0145,-0.0200,-0.2469,-0.0635,-0.0740,-0.0805,0.0854,2.1516,-2.0192,114.8744,-58.1133,-117.9875
383038364,-0.0078,0.0002,-0.0501,-0.0840,0.0274,-0.0428,0.0010,0.0407,-0.2471,-0.0641,-0.0330,-0.1160,0.0854,2.1516,0.0000,114.8749,-58.1047,-117.9520
383043365,-0.0080,-0.0005,-0.0107,-0.0993,0.0216,-0.0335,-0.0500,0.0417,-0.2470,-0.0648,0.0081,-0.1312,-0.0148,2.1516,0.0000,114.8732,-58.0917,-117.9520
383048365,-0.0077,-0.0011,0.0244,-0.0852,0.0231,-0.0230,-0.0500,0.0335,-0.2468,-0.0652,0.0516,-0.0853,-1.5766,1.9569,0.0000,114.8354,-58.0872,-117.9520
383053365,-0.0074,-0.0014,0.0455,-0.0822,0.0536,-0.0167,-0.0500,0.0301,-0.2464,-0.0656,0.0727,-0.0822,-1.5766,1.8108,0.0000,114.8291,-58.0792,-117.9520
383058365,-0.0073,-0.0018,0.0489,-0.0932,0.0616,-0.0145,-0.0500,0.0311,-0.2460,-0.0659,0.0903,-0.0684,-1.5766,1.1780,1.6600,114.8196,-58.0851,-117.9154
383063365,-0.0071,-0.0023,0.0507,-0.1179,0.0484,-0.0130,0.0200,0.0375,-0.2455,-0.0664,0.0942,-0.0895,-1.5766,0.7885,1.9041,114.8133,-58.0873,-117.9030
383068365,-0.0067,-0.0030,0.0699,-0.0825,0.0176,-0.0063,0.0200,0.0293,-0.2449,-0.0666,0.1135,-0.0541,-1.5766,0.6425,1.9041,114.8039,-58.0874,-117.8916
383073365,-0.0063,-0.0030,0.0638,0.0476,0.0344,-0.0063,0.0500,-0.0004,-0.2444,-0.0662,0.1096,0.0925,-1.5766,-0.4221,2.5858,114.7976,-58.1060,-117.8684
383078365,-0.0060,-0.0027,0.0425,0.1237,0.1083,-0.0112,0.0500,-0.0500,-0.2439,-0.0654,0.0909,0.1623,-1.5203,-1.1607,2.5858,114.7893,-58.1247,-117.8529
383083365,-0.0058,-0.0018,0.0431,0.1561,0.1553,-0.0127,0.0500,-0.0500,-0.2436,-0.0646,0.0644,0.1560,-1.2385,-1.1607,2.5858,114.7894,-58.1316,-117.8425
383088365,-0.0056,-0.0008,0.0446,0.1652,0.1074,-0.0113,0.0500,-0.0500,-0.2433,-0.0638,0.0601,0.1652,-0.9005,-1.1607,2.5858,114.7898,-58.1363,-117.8270
383093364,-0.0053,-0.0002,0.0287,0.1686,-0.0258,-0.0126,-0.0200,-0.0500,-0.2431,-0.0629,0.0413,0.1686,-0.7314,-1.1607,2.0893,114.7898,-58.1432,-117.8275
383098365,-0.0049,0.0004,0.0315,0.1585,-0.0719,-0.0102,-0.0200,0.0200,-0.2429,-0.0621,0.0411,0.1585,-0.5624,-1.1607,1.5928,114.7893,-58.1479,-117.8265
383103364,-0.0046,0.0012,0.0235,0.1713,0.0032,-0.0123,0.0479,0.0200,-0.2428,-0.0612,0.0272,0.1784,-0.4497,-0.4748,1.3170,114.7896,-58.1406,-117.8268
383108365,-0.0044,0.0020,0.0031,0.1555,0.0151,-0.0158,0.0490,-0.0338,-0.2427,-0.0604,0.0210,0.1623,-0.3370,0.4748,0.9308,114.7895,-58.1209,-117.8273
383113365,-0.0045,0.0027,-0.0284,0.1115,-0.0417,-0.0234,0.0465,-0.0214,-0.2427,-0.0599,-0.0138,0.1143,-0.2807,0.4748,0.6632,114.7894,-58.1180,-117.8296
383118364,-0.0048,0.0031,-0.0889,0.0440,-0.1009,-0.0405,0.0404,0.0500,-0.2432,-0.0598,-0.0936,0.0150,-0.2244,0.4748,-1.4683,114.7891,-58.1161,-117.8763
383123365,-0.0052,0.0032,-0.1045,0.0107,0.0701,-0.0473,0.0353,0.0500,-0.2437,-0.0598,-0.0975,0.0036,-0.1680,0.4748,-1.4683,114.7895,-58.1133,-117.8816
383128365,-0.0059,0.0032,-0.1225,-0.0021,0.1669,-0.0562,0.0352,0.0500,-0.2443,-0.0598,-0.1165,-0.0092,-0.1117,0.4748,-1.4683,114.7898,-58.1114,-117.8910
383133365,-0.0065,0.0032,-0.1097,-0.0321,0.1489,-0.0544,0.0270,0.0500,-0.2447,-0.0601,-0.0948,-0.0543,-0.1117,1.4971,-1.4683,114.7893,-58.0862,-117.8963
383138364,-0.0069,0.0031,-0.0870,-0.0498,0.0894,-0.0498,0.0216,-0.0200,-0.2451,-0.0604,-0.0732,-0.0721,-0.0553,1.4971,-1.4683,114.7899,-58.0802,-117.9057
383143364,-0.0074,0.0025,-0.0672,-0.0757,0.0484,-0.0460,0.0129,-0.0200,-0.2454,-0.0609,-0.0524,-0.0980,-0.1117,1.4971,-1.4194,114.7885,-58.0712,-117.9100
383148364,-0.0077,0.0020,-0.0379,-0.0968,0.0549,-0.0405,0.0019,0.0365,-0.2455,-0.0616,-0.0276,-0.1418,-0.1117,1.9922,-1.0288,114.7879,-58.0550,-117.9099
383153364,-0.0079,0.0015,-0.0043,-0.0852,0.0600,-0.0325,-0.0015,0.0316,-0.2454,-0.0623,0.0114,-0.1338,-0.1117,2.4323,-0.8336,114.7874,-58.0319,-117.9094
383158365,-0.0079,0.0010,0.0403,-0.0776,0.0182,-0.0196,-0.0500,0.0247,-0.2451,-0.0628,0.0686,-0.1043,-0.1117,2.4323,0.6293,114.7868,-58.0222,-117.8829
383163365,-0.0077,0.0004,0.0589,-0.1210,0.0130,-0.0155,-0.0500,0.0314,-0.2448,-0.0634,0.0699,-0.1053,-0.1117,2.4323,1.0488,114.7863,-58.0076,-117.8710
383168364,-0.0072,0.0000,0.0809,-0.0990,0.0949,-0.0091,-0.0500,0.0231,-0.2443,-0.0638,0.0919,-0.0833,-0.1117,2.3290,1.0488,114.7856,-57.9999,-117.8643
383173365,-0.0068,-0.0006,0.0898,-0.0742,0.0888,-0.0049,-0.0500,0.0180,-0.2438,-0.0641,0.1007,-0.0585,-0.1117,1.7610,1.0488,114.7852,-57.9991,-117.8605
383178365,-0.0063,-0.0010,0.0828,-0.0330,0.0203,-0.0041,0.0200,0.0114,-0.2433,-0.0642,0.0937,-0.0173,-0.1117,0.5059,1.0488,114.7845,-58.0189,-117.8538
383183365,-0.0059,-0.0011,0.0635,0.0305,0.0057,-0.0070,0.0200,-0.0004,-0.2429,-0.0639,0.0745,0.0462,-0.1117,-0.7702,1.0488,114.7841,-58.0470,-117.8500
383188365,-0.0054,-0.0009,0.0608,0.0800,0.0619,-0.0069,0.0500,-0.0500,-0.2426,-0.0634,0.0651,0.1072,-0.1117,-0.7702,1.0488,114.7834,-58.0500,-117.8433
383193364,-0.0050,-0.0004,0.0318,0.1231,0.0998,-0.0133,0.0500,-0.0500,-0.2425,-0.0628,0.0337,0.1231,-0.1117,-2.2793,1.0488,114.7830,-58.0894,-117.8395
383198365,-0.0048,0.0002,-0.0046,0.1344,0.0451,-0.0209,0.0500,-0.0500,-0.2425,-0.0621,-0.0027,0.1344,-0.1117,-2.2793,1.0488,114.7823,-58.0985,-117.8328
383203365,-0.0048,0.0009,-0.0266,0.1301,-0.0126,-0.0255,0.0500,-0.0500,-0.2426,-0.0614,-0.0247,0.1301,-0.1117,-2.2793,1.0488,114.7818,-58.1122,-117.8290
383208365,-0.0048,0.0015,-0.0437,0.1381,-0.0026,-0.0299,-0.0200,0.0200,-0.2428,-0.0608,-0.0418,0.1381,-0.1117,-2.2793,0.8281,114.7812,-58.1213,-117.8272
383213365,-0.0050,0.0019,-0.0867,0.1005,0.0087,-0.0417,-0.0200,0.0200,-0.2432,-0.0603,-0.0848,0.1005,-0.1117,-1.6989,0.7178,114.7807,-58.1216,-117.8267
383218365,-0.0054,0.0024,-0.0944,0.0715,0.0866,-0.0474,0.0462,-0.0021,-0.2438,-0.0599,-0.1056,0.0770,-0.1117,-0.9524,-0.5768,114.7801,-58.1126,-117.8495
383223365,-0.0060,0.0027,-0.1142,0.0437,0.0295,-0.0537,0.0432,0.0500,-0.2444,-0.0598,-0.1234,0.0128,-0.1117,0.3894,-1.6780,114.7796,-58.0854,-117.8761
383228365,-0.0067,0.0029,-0.1319,0.0153,-0.0200,-0.0574,0.0422,0.0500,-0.2449,-0.0598,-0.1024,0.0094,-1.5223,0.3894,-1.6780,114.7480,-58.0838,-117.8868
383233365,-0.0073,0.0030,-0.1274,-0.0055,0.0778,-0.0601,0.0375,0.0500,-0.2454,-0.0598,-0.0978,-0.0114,-1.5223,0.3894,-1.6780,114.7419,-58.0815,-117.8929
383238365,-0.0080,0.0030,-0.1124,-0.0257,0.2195,-0.0608,0.0306,0.0500,-0.2458,-0.0600,-0.0829,-0.0315,-1.5223,0.3894,-1.6780,114.7328,-58.0799,-117.9036
383243365,-0.0085,0.0028,-0.0764,-0.0385,0.2366,-0.0527,0.0217,-0.0200,-0.2459,-0.0603,-0.0286,-0.0583,-2.1106,1.3247,-1.6780,114.7145,-58.0580,-117.9097
383248365,-0.0089,0.0025,-0.0535,-0.0690,0.1114,-0.0465,0.0128,-0.0200,-0.2459,-0.0608,0.0004,-0.0978,-2.1641,1.9298,-1.2386,114.7005,-58.0386,-117.9101
383253365,-0.0091,0.0020,-0.0055,-0.0919,0.0142,-0.0346,0.0011,0.0329,-0.2457,-0.0614,0.0394,-0.1363,-2.1641,1.9298,-1.0433,114.6918,-58.0270,-117.9103
383258365,-0.0089,0.0013,0.0681,-0.1280,0.2293,-0.0160,-0.0500,0.0283,-0.2450,-0.0622,0.1418,-0.1505,-3.1055,1.9298,0.4195,114.6572,-58.0193,-117.8851
383263365,-0.0085,0.0010,0.1051,-0.0861,0.2253,-0.0059,-0.0500,0.0131,-0.2442,-0.0626,0.1667,-0.0722,-3.1055,1.9298,0.9439,114.6448,-58.0077,-117.8716
383268365,-0.0078,0.0004,0.1500,-0.0574,0.0686,0.0500,-0.0500,0.0037,-0.2431,-0.0628,0.2116,-0.0434,-3.1055,1.9298,0.9439,114.6262,-58.0000,-117.8656
383273364,-0.0071,0.0000,0.1619,-0.0272,0.0118,0.0500,-0.0500,-0.0018,-0.2423,-0.0628,0.1700,-0.0131,-2.5484,1.4651,0.9439,114.6259,-57.9991,-117.8621
383278364,-0.0060,-0.0001,0.1720,0.0021,0.1111,0.0500,0.0200,-0.0500,-0.2414,-0.0628,0.1801,0.0162,-1.8984,1.2069,0.9439,114.6256,-57.9990,-117.8561
383283364,-0.0049,-0.0000,0.1658,0.0165,0.1608,0.0500,0.0200,-0.0500,-0.2405,-0.0627,0.1658,0.0165,-1.5734,-1.0452,0.9439,114.6252,-58.0424,-117.8527
383288364,-0.0040,0.0000,0.1353,0.0489,0.0860,-0.0200,0.0500,-0.0500,-0.2399,-0.0623,0.1254,0.0661,-1.1556,-1.1553,0.9439,114.6255,-58.0492,-117.8467
383293365,-0.0035,0.0002,0.0702,0.0718,0.0032,-0.0200,0.0500,-0.0500,-0.2396,-0.0620,0.0702,0.0718,-0.8038,-1.5447,0.4719,114.6283,-58.0641,-117.8529
383298364,-0.0032,0.0006,0.0064,0.1008,0.0509,-0.0500,0.0500,0.0200,-0.2396,-0.0615,-0.0107,0.1008,0.9968,-2.4696,-0.6293,114.6660,-58.0914,-117.8775
383303365,-0.0031,0.0010,-0.0195,0.0874,0.2109,-0.0500,0.0500,0.0200,-0.2397,-0.0610,-0.0195,0.0874,0.9968,-2.4696,-0.6293,114.6700,-58.1062,-117.8798
383308364,-0.0035,0.0015,-0.1078,0.0690,0.1086,-0.0500,-0.0200,0.0017,-0.2403,-0.0608,-0.1242,0.0407,0.9968,-2.4696,-1.8987,114.6760,-58.1161,-117.9124
383313365,-0.0041,0.0017,-0.1362,0.0290,0.0170,-0.0500,-0.0200,0.0500,-0.2411,-0.0608,-0.1526,0.0007,0.9968,-0.9605,-1.8987,114.6800,-58.0979,-117.9193
383318365,-0.0045,0.0018,-0.1338,0.0269,0.0713,0.0200,0.0375,0.0500,-0.2418,-0.0607,-0.1362,0.0310,0.9968,-0.2790,-2.5632,114.6860,-58.0861,-117.9442
383323365,-0.0053,0.0017,-0.1555,0.0321,0.1569,0.0200,0.0415,0.0500,-0.2426,-0.0605,-0.1575,0.0355,0.9968,-0.2303,-2.8955,114.6900,-58.0867,-117.9626
383328365,-0.0061,0.0016,-0.1881,0.0254,0.1376,-0.0749,0.0462,0.0500,-0.2436,-0.0604,-0.2069,0.0281,0.9968,-0.1817,-2.8955,114.6959,-58.0865,-117.9811
383333365,-0.0070,0.0018,-0.1735,-0.0015,0.0930,-0.0729,0.0406,-0.0200,-0.2445,-0.0604,-0.1751,-0.0004,0.0554,-0.0780,-2.8955,114.6802,-58.0853,-117.9916
383338365,-0.0079,0.0017,-0.1726,-0.0351,0.1071,-0.0742,0.0316,-0.0200,-0.2452,-0.0607,-0.1445,-0.0605,-0.7753,1.7054,-2.3729,114.6597,-58.0470,-117.9985
383343365,-0.0087,0.0013,-0.1408,-0.0779,0.1511,-0.0714,0.0167,0.0489,-0.2459,-0.0613,-0.1287,-0.1342,-0.7753,1.8154,-1.9548,114.6566,-58.0339,-117.9981
383348365,-0.0095,0.0005,-0.1313,-0.1155,0.0998,-0.0704,0.0078,0.0588,-0.2464,-0.0621,-0.1060,-0.1488,-0.7753,1.8154,-0.4229,114.6520,-58.0266,-117.9769
383353364,-0.0098,0.0001,-0.0406,-0.0452,0.0976,-0.0480,0.0116,0.0327,-0.2464,-0.0624,-0.0050,-0.0606,-0.7753,1.8154,0.7753,114.6489,-58.0157,-117.9514
383358365,-0.0099,-0.0002,0.0101,-0.0220,0.0436,-0.0336,0.0095,0.0225,-0.2461,-0.0626,0.0617,-0.0374,-1.7037,1.8154,0.7753,114.6237,-58.0085,-117.9465
383363365,-0.0098,-0.0002,0.0360,-0.0275,-0.0206,-0.0260,0.0057,0.0212,-0.2457,-0.0628,0.0868,-0.0414,-1.7037,1.7121,0.7753,114.6169,-57.9997,-117.9437
383368365,-0.0093,-0.0004,0.0614,-0.0452,-0.0597,-0.0170,-0.0500,0.0214,-0.2451,-0.0630,0.1169,-0.0546,-2.1346,1.4023,0.7753,114.5979,-57.9996,-117.9387
383373365,-0.0090,-0.0006,0.0663,-0.0788,-0.0588,-0.0148,-0.0500,0.0271,-0.2445,-0.0634,0.1162,-0.0673,-2.5116,1.0409,0.7753,114.5805,-57.9995,-117.9359
383378365,-0.0086,-0.0008,0.0773,-0.0629,0.0671,-0.0114,-0.0500,0.0191,-0.2438,-0.0636,0.1364,-0.0354,-2.5116,0.8343,1.8494,114.5654,-57.9999,-117.9053
383383365,-0.0083,-0.0011,0.0935,-0.0446,0.1068,-0.0066,-0.0500,0.0128,-0.2431,-0.0636,0.1526,-0.0170,-2.5116,0.6278,1.8494,114.5554,-57.9996,-117.8986
383388365,-0.0078,-0.0013,0.1179,-0.0217,0.0008,0.0500,0.0200,0.0061,-0.2422,-0.0636,0.1771,0.0059,-2.5116,0.3595,1.8494,114.5403,-58.0027,-117.8868
383393365,-0.0072,-0.0014,0.1313,0.0376,0.0219,0.0500,0.0200,-0.0500,-0.2414,-0.0633,0.1472,0.0652,-2.0608,-1.6504,1.8494,114.5401,-58.0476,-117.8801
383398365,-0.0064,-0.0010,0.1139,0.1084,-0.0041,0.0500,0.0500,-0.0500,-0.2409,-0.0626,0.0997,0.1330,-1.5537,-1.6504,1.5348,114.5393,-58.0542,-117.8751
383403365,-0.0057,-0.0003,0.0944,0.1246,-0.0383,0.0500,0.0500,-0.0500,-0.2405,-0.0620,0.0944,0.1246,-1.2720,-2.7213,1.2726,114.5394,-58.0870,-117.8752
383408365,-0.0053,0.0004,0.0568,0.1258,-0.0310,-0.0200,0.0500,-0.0500,-0.2402,-0.0614,0.0568,0.1258,-0.9340,-2.7213,0.9580,114.5396,-58.0979,-117.8744
383413365,-0.0050,0.0009,0.0082,0.1249,0.0307,-0.0200,0.0500,0.0200,-0.2401,-0.0608,0.0082,0.1249,-0.7649,-2.7213,0.8007,114.5395,-58.1142,-117.8744
383418365,-0.0050,0.0014,-0.0345,0.0941,0.0411,-0.0500,-0.0200,0.0200,-0.2404,-0.0603,-0.0512,0.0941,0.9694,-2.5631,0.3956,114.5730,-58.1219,-117.8783
383423365,-0.0052,0.0019,-0.0730,0.0910,0.0087,-0.0500,-0.0200,-0.0056,-0.2408,-0.0599,-0.0818,0.0757,1.6695,-1.7799,-1.0253,114.5930,-58.1195,-117.9077
383428365,-0.0056,0.0023,-0.1234,0.0638,-0.0322,-0.0500,0.0487,0.0500,-0.2415,-0.0597,-0.1354,0.0496,1.6695,-0.2221,-1.1718,114.6030,-58.0924,-117.9180
383433365,-0.0062,0.0026,-0.1268,0.0315,-0.0630,-0.0500,0.0449,0.0500,-0.2421,-0.0595,-0.1263,0.0307,1.6695,0.0487,-1.1718,114.6097,-58.0864,-117.9223
383438365,-0.0070,0.0028,-0.1506,0.0153,-0.0368,0.0200,0.0463,0.0500,-0.2429,-0.0594,-0.1502,0.0145,1.6695,0.0487,-2.4455,114.6197,-58.0862,-117.9611
383443365,-0.0075,0.0026,-0.1607,-0.0165,-0.0746,0.0200,0.0415,0.0500,-0.2437,-0.0595,-0.1602,-0.0172,1.1309,0.0487,-2.4455,114.6153,-58.0859,-117.9700
383448365,-0.0083,0.0024,-0.1933,-0.0299,-0.0517,-0.0802,0.0421,-0.0200,-0.2446,-0.0597,-0.1797,-0.0454,-0.2693,1.0389,-2.4455,114.5881,-58.0649,-117.9856
383453365,-0.0093,0.0023,-0.1906,-0.0501,0.0252,-0.0841,0.0367,-0.0200,-0.2454,-0.0601,-0.1694,-0.0786,-0.2693,1.9191,-2.4455,114.5870,-58.0367,-117.9944
383458365,-0.0102,0.0018,-0.1460,-0.0919,0.0182,-0.0774,0.0213,0.0555,-0.2461,-0.0609,-0.1390,-0.1450,-0.2693,1.9191,-1.6397,114.5854,-58.0290,-117.9926
383463365,-0.0109,0.0012,-0.0999,-0.1313,0.0274,-0.0676,0.0069,0.0596,-0.2465,-0.0617,-0.0790,-0.1603,-0.2693,1.9191,-0.0337,114.5843,-58.0175,-117.9636
383468365,-0.0113,0.0004,-0.0513,-0.1292,0.0109,-0.0560,-0.0010,0.0565,-0.2466,-0.0625,-0.0196,-0.1610,-0.2693,2.6420,0.4984,114.5827,-57.9934,-117.9497
383473365,-0.0113,-0.0005,-0.0024,-0.1283,-0.0591,-0.0414,-0.0500,0.0535,-0.2464,-0.0633,0.0477,-0.1601,-1.3398,2.6420,0.4984,114.5590,-57.9776,-117.9479
383478365,-0.0114,-0.0011,0.0183,-0.1155,-0.0524,-0.0372,-0.0500,0.0479,-0.2461,-0.0638,0.0603,-0.1081,-2.1849,2.6420,0.4984,114.5298,-57.9670,-117.9447
383483365,-0.0113,-0.0017,0.0428,-0.1115,-0.0343,-0.0311,-0.0500,0.0459,-0.2456,-0.0643,0.0847,-0.1042,-2.1849,2.1572,0.4984,114.5211,-57.9619,-117.9429
383488365,-0.0112,-0.0025,0.0541,-0.1515,-0.0340,-0.0264,-0.0500,0.0536,-0.2451,-0.0649,0.1155,-0.1230,-2.6081,1.7694,1.9143,114.4993,-57.9618,-117.9051
383493364,-0.0108,-0.0029,0.0947,-0.1081,0.0005,-0.0146,0.0200,0.0390,-0.2443,-0.0653,0.1565,-0.0788,-2.6081,1.2846,1.9667,114.4889,-57.9624,-117.8971
383498365,-0.0102,-0.0035,0.1139,-0.0635,-0.0243,-0.0065,0.0200,0.0268,-0.2434,-0.0654,0.1834,-0.0209,-2.6081,-0.0516,2.8582,114.4732,-57.9862,-117.8620
383503364,-0.0096,-0.0036,0.1188,0.0333,-0.0087,-0.0036,0.0003,0.0036,-0.2424,-0.0650,0.1816,0.0859,-2.5546,-0.6713,2.8582,114.4639,-58.0021,-117.8517
383508365,-0.0089,-0.0032,0.1310,0.1240,0.0390,0.0009,0.0500,-0.0500,-0.2415,-0.0641,0.1871,0.1857,-1.8594,-0.6713,3.4650,114.4646,-58.0048,-117.8199
383513364,-0.0083,-0.0022,0.1478,0.1808,0.0781,0.0500,0.0500,-0.0500,-0.2406,-0.0632,0.1743,0.1807,-1.5385,-2.3217,3.4650,114.4642,-58.0452,-117.8074
383518365,-0.0074,-0.0011,0.1573,0.2046,0.0713,0.0500,0.0500,-0.0500,-0.2399,-0.0622,0.1573,0.2046,-1.1106,-2.3217,3.4650,114.4648,-58.0545,-117.7875
383523365,-0.0064,-0.0001,0.1533,0.1860,-0.0130,0.0500,0.0500,-0.0500,-0.2391,-0.0612,0.1533,0.1860,-0.9502,-2.3217,2.8354,114.4638,-58.0684,-117.7866
383528365,-0.0056,0.0007,0.1268,0.2022,-0.1046,0.0500,-0.0200,0.0200,-0.2385,-0.0602,0.1268,0.2022,-0.6828,-2.3217,2.0605,114.4644,-58.0777,-117.7865
383533365,-0.0049,0.0016,0.1142,0.2224,-0.0490,-0.0200,-0.0200,0.0200,-0.2379,-0.0591,0.1142,0.2224,0.7053,-2.0783,1.7214,114.4913,-58.0865,-117.7865
383538365,-0.0047,0.0027,-0.0012,0.2227,-0.0603,-0.0200,0.0695,-0.0494,-0.2378,-0.0579,0.0062,0.2468,1.0815,-0.3792,1.2371,114.5051,-58.0577,-117.7867
383543365,-0.0046,0.0036,-0.0312,0.1625,-0.0869,-0.0500,0.0636,-0.0334,-0.2381,-0.0570,-0.0515,0.1732,1.8703,0.3301,1.0434,114.5259,-58.0420,-117.7865
383548365,-0.0049,0.0042,-0.0712,0.1069,-0.1000,-0.0500,0.0569,-0.0164,-0.2385,-0.0566,-0.0769,0.0872,2.4337,0.3301,-0.9930,114.5514,-58.0407,-117.8288
383553364,-0.0055,0.0045,-0.0968,0.0702,-0.0847,-0.0500,0.0543,-0.0051,-0.2390,-0.0563,-0.1025,0.0505,2.4337,0.3301,-0.9930,114.5611,-58.0387,-117.8324
383558365,-0.0061,0.0046,-0.1597,0.0574,-0.0062,-0.0500,0.0600,0.0500,-0.2398,-0.0561,-0.1655,0.0377,2.4337,0.3301,-0.9930,114.5757,-58.0374,-117.8387
383563365,-0.0068,0.0049,-0.1735,0.0709,0.0952,0.0200,0.0646,0.0500,-0.2406,-0.0559,-0.1595,0.0468,2.4337,1.6210,-0.9930,114.5854,-58.0077,-117.8423
383568365,-0.0075,0.0054,-0.1668,0.0767,0.1462,0.0200,0.0672,0.0500,-0.2414,-0.0557,-0.1496,0.0472,1.9490,1.9825,-0.9930,114.5891,-57.9927,-117.8486
383573365,-0.0085,0.0057,-0.1735,0.0489,0.1092,-0.0794,0.0653,0.0500,-0.2423,-0.0556,-0.1750,0.0051,1.5721,2.9521,-0.9930,114.5886,-57.9598,-117.8522
383578365,-0.0095,0.0057,-0.1888,-0.0409,0.0280,-0.0854,0.0500,-0.0200,-0.2432,-0.0561,-0.1809,-0.0847,1.0260,2.9521,-0.9930,114.5859,-57.9480,-117.8586
383583364,-0.0103,0.0051,-0.1597,-0.1463,0.0573,-0.0785,0.0201,-0.0200,-0.2437,-0.0571,-0.1129,-0.2035,-0.7888,3.8470,-0.9930,114.5504,-57.9085,-117.8622
383588365,-0.0107,0.0043,-0.1258,-0.1784,0.1077,-0.0722,0.0049,0.0632,-0.2441,-0.0584,-0.0753,-0.2567,-1.2959,4.2690,-0.9930,114.5328,-57.8845,-117.8677
383593364,-0.0114,0.0032,-0.0962,-0.1894,0.1025,-0.0664,-0.0500,0.0659,-0.2443,-0.0597,-0.0339,-0.2599,-1.2959,4.6911,-0.0552,114.5276,-57.8481,-117.8524
383598365,-0.0117,0.0022,-0.0250,-0.1912,0.0686,-0.0516,-0.0500,0.0571,-0.2442,-0.0605,0.0077,-0.1731,-1.2959,4.9832,1.2136,114.5198,-57.8225,-117.8221
383603365,-0.0116,0.0012,0.0476,-0.1845,0.0432,-0.0327,-0.0500,0.0501,-0.2438,-0.0614,0.0804,-0.1664,-1.2959,4.8732,1.2136,114.5146,-57.7949,-117.8168
383608364,-0.0111,0.0001,0.0831,-0.1799,0.0200,-0.0214,-0.0500,0.0479,-0.2432,-0.0622,0.1163,-0.1611,-1.2959,4.5981,1.2621,114.5069,-57.7818,-117.8090
383613365,-0.0105,-0.0010,0.0907,-0.1860,-0.0267,-0.0158,0.0200,0.0503,-0.2426,-0.0629,0.1322,-0.1527,-1.2959,4.5981,2.2307,114.5017,-57.7542,-117.7811
383618365,-0.0097,-0.0019,0.1008,-0.1707,-0.0844,-0.0094,0.0200,0.0473,-0.2419,-0.0636,0.1441,-0.1272,-1.0608,3.5765,2.9101,114.4992,-57.7575,-117.7545
383623365,-0.0092,-0.0030,0.1029,-0.1625,-0.1229,-0.0057,-0.0385,0.0489,-0.2411,-0.0642,0.1538,-0.1314,-0.8727,1.0459,3.1192,114.4991,-57.7944,-117.7367
383628365,-0.0086,-0.0034,0.0825,-0.0852,0.0323,-0.0103,-0.0227,0.0317,-0.2404,-0.0644,0.1345,-0.0384,-0.6376,0.8258,3.9499,114.4994,-57.7951,-117.7016
383633365,-0.0082,-0.0037,0.0638,-0.0101,0.0707,-0.0141,-0.0060,0.0174,-0.2399,-0.0642,0.1115,0.0400,-0.4965,0.6058,3.9499,114.4999,-57.7951,-117.6844
383638365,-0.0079,-0.0035,0.0492,0.0809,0.0594,-0.0163,0.0500,-0.0500,-0.2394,-0.0635,0.0997,0.1421,-0.4025,0.4958,4.5846,114.4991,-57.7951,-117.6472
383643365,-0.0079,-0.0029,0.0418,0.1604,0.0924,-0.0218,0.0500,-0.0500,-0.2391,-0.0627,0.0472,0.1603,-0.3085,0.3857,5.0041,114.4996,-57.7946,-117.6181
383648364,-0.0075,-0.0020,0.0819,0.1442,0.0457,-0.0099,0.0500,-0.0500,-0.2387,-0.0620,0.0856,0.1442,-0.2144,0.3307,5.0041,114.4999,-57.7944,-117.5900
383653365,-0.0070,-0.0011,0.1109,0.1619,-0.0588,0.0007,0.0500,-0.0500,-0.2381,-0.0612,0.1138,0.1619,-0.1674,0.2207,4.5627,114.5000,-57.7950,-117.5773
383658365,-0.0063,-0.0007,0.1304,0.1396,-0.1324,0.0500,-0.0200,0.0200,-0.2375,-0.0605,0.1325,0.1396,-0.1204,0.1657,3.9559,114.4999,-57.7953,-117.5662
383663364,-0.0055,-0.0002,0.1484,0.1399,-0.1962,0.0500,-0.0200,0.0200,-0.2367,-0.0598,0.1484,0.1399,-0.1204,0.1107,3.9559,114.4995,-57.7954,-117.5489
383668365,-0.0046,0.0007,0.1271,0.2007,-0.2313,0.0500,0.0440,-0.0532,-0.2360,-0.0586,0.1512,0.2392,-0.0733,0.1107,2.6871,114.4998,-57.7949,-117.5538
383673364,-0.0039,0.0017,0.1045,0.1915,-0.1657,0.0500,0.0449,-0.0521,-0.2354,-0.0575,0.1157,0.2061,-0.0733,0.1657,1.1425,114.4995,-57.7929,-117.5769
383678364,-0.0038,0.0024,-0.0055,0.1231,-0.1449,-0.0200,0.0458,-0.0260,-0.2354,-0.0569,0.0034,0.1336,-0.0263,0.1657,0.8667,114.5000,-57.7922,-117.5768
383683365,-0.0039,0.0029,-0.0385,0.0699,-0.2301,-0.0200,0.0410,-0.0105,-0.2355,-0.0565,-0.0310,0.0779,1.1832,0.1657,0.7012,114.5251,-57.7912,-117.5767
383688365,-0.0041,0.0029,-0.0754,0.0583,-0.2087,-0.0500,0.0446,-0.0018,-0.2360,-0.0562,-0.1004,0.0639,1.8030,0.1657,0.5357,114.5479,-57.7905,-117.5767
383693365,-0.0046,0.0032,-0.0956,0.0229,-0.0609,-0.0500,0.0359,0.0500,-0.2364,-0.0562,-0.0762,0.0022,1.8030,1.8181,0.4253,114.5551,-57.7533,-117.5768
383698364,-0.0051,0.0033,-0.0929,-0.0015,0.0481,-0.0500,0.0297,0.0500,-0.2368,-0.0563,-0.0754,-0.0317,2.9878,2.0246,0.3150,114.5921,-57.7411,-117.5770
383703365,-0.0054,0.0033,-0.0947,-0.0147,0.0680,-0.0500,0.0275,0.0500,-0.2372,-0.0565,-0.0772,-0.0448,2.9878,2.0246,0.2598,114.6040,-57.7290,-117.5769
383708364,-0.0057,0.0031,-0.1063,-0.0379,-0.0566,0.0200,0.0248,0.0500,-0.2376,-0.0569,-0.0834,-0.0774,2.9878,2.6549,0.2047,114.6219,-57.7067,-117.5767
383713365,-0.0063,0.0028,-0.1564,-0.0834,-0.1531,0.0200,0.0222,-0.0200,-0.2383,-0.0575,-0.1335,-0.1229,1.7566,2.6549,0.1495,114.6076,-57.6908,-117.5771
383718365,-0.0071,0.0024,-0.1796,-0.0977,-0.0823,-0.0713,0.0214,-0.0200,-0.2391,-0.0582,-0.1646,-0.1405,0.5718,2.8786,0.0944,114.5891,-57.6780,-117.5774
383723364,-0.0079,0.0017,-0.1765,-0.1576,-0.1202,-0.0729,0.0075,0.0700,-0.2399,-0.0593,-0.1565,-0.2031,0.4641,3.1583,0.0944,114.5890,-57.6508,-117.5770
383728364,-0.0087,0.0010,-0.1408,-0.1613,-0.1953,-0.0663,0.0021,0.0717,-0.2405,-0.0603,-0.1189,-0.2068,0.3564,3.1583,0.0944,114.5891,-57.6381,-117.5765
383733365,-0.0093,0.0001,-0.0846,-0.1665,-0.1699,-0.0548,-0.0500,0.0697,-0.2408,-0.0613,-0.0626,-0.2118,0.2486,3.0527,0.0000,114.5882,-57.6214,-117.5775
383738365,-0.0096,-0.0009,-0.0409,-0.1549,-0.0951,-0.0479,-0.0500,0.0627,-0.2410,-0.0621,-0.0443,-0.1548,0.1948,3.0527,0.0000,114.5885,-57.6092,-117.5775
383743365,-0.0096,-0.0018,-0.0116,-0.1319,-0.0728,-0.0408,-0.0500,0.0569,-0.2411,-0.0628,-0.0140,-0.1319,0.1409,3.0527,0.0000,114.5882,-57.5908,-117.5775
383748365,-0.0095,-0.0026,0.0128,-0.1075,-0.1562,-0.0332,-0.0500,0.0521,-0.2410,-0.0633,0.0109,-0.1067,0.1409,2.6633,0.0552,114.5891,-57.5870,-117.5762
383753365,-0.0095,-0.0032,0.0351,-0.0867,-0.2634,-0.0260,0.0200,0.0481,-0.2408,-0.0637,0.0341,-0.0859,0.0871,1.6611,0.0552,114.5884,-57.5934,-117.5760
383758365,-0.0094,-0.0039,0.0360,-0.0935,-0.2796,-0.0242,0.0200,0.0494,-0.2406,-0.0641,0.0504,-0.0658,0.0871,0.0000,1.8472,114.5889,-57.6228,-117.5347
383763365,-0.0091,-0.0043,0.0302,-0.1008,-0.1687,-0.0248,-0.0182,0.0495,-0.2403,-0.0643,0.0564,-0.0552,0.0000,0.0000,3.0492,114.5882,-57.6228,-117.4950
383768365,-0.0088,-0.0043,0.0321,0.0440,-0.0713,-0.0245,0.0500,0.0160,-0.2400,-0.0639,0.0582,0.0896,0.0000,0.0000,3.0492,114.5882,-57.6228,-117.4828
383773365,-0.0088,-0.0040,-0.0006,0.1130,-0.1104,-0.0312,0.0500,0.0031,-0.2398,-0.0630,0.0337,0.1727,0.0000,-1.3983,3.9906,114.5882,-57.6528,-117.4426
383778365,-0.0089,-0.0033,0.0003,0.1668,-0.0294,-0.0324,0.0500,-0.0500,-0.2397,-0.0619,0.0367,0.2301,0.0000,-2.1814,4.2347,114.5882,-57.6808,-117.4217
383783365,-0.0088,-0.0024,0.0480,0.1747,0.0463,-0.0238,0.0500,-0.0500,-0.2394,-0.0610,0.0480,0.1747,0.0000,-2.1814,4.6253,114.5882,-57.6896,-117.3864
383788365,-0.0086,-0.0016,0.0727,0.1930,-0.0652,-0.0153,-0.0200,-0.0500,-0.2391,-0.0600,0.0727,0.1930,0.0000,-2.1814,4.7826,114.5882,-57.7027,-117.3644
383793365,-0.0082,-0.0009,0.0898,0.1909,-0.2494,-0.0070,-0.0200,-0.0500,-0.2386,-0.0591,0.0898,0.1909,0.0000,-2.1814,4.7826,114.5882,-57.7114,-117.3357
383798365,-0.0076,0.0002,0.1005,0.1939,-0.1525,-0.0036,0.0480,0.0200,-0.2381,-0.0581,0.0978,0.1987,0.0000,-0.3169,4.2862,114.5882,-57.6832,-117.3270
383803364,-0.0072,0.0013,0.1182,0.2257,0.0713,0.0001,0.0520,0.0200,-0.2375,-0.0570,0.1206,0.2216,0.0000,0.2797,3.1829,114.5882,-57.6702,-117.3268
383808365,-0.0067,0.0024,0.0831,0.1826,-0.0328,-0.0035,0.0527,-0.0479,-0.2370,-0.0559,0.1077,0.2170,0.0000,0.2797,2.5760,114.5882,-57.6685,-117.3274
383813365,-0.0062,0.0031,0.0571,0.1148,-0.1064,-0.0079,0.0433,-0.0313,-0.2366,-0.0552,0.0760,0.1393,0.0000,0.2797,1.9141,114.5882,-57.6674,-117.3271
383818365,-0.0061,0.0033,0.0034,0.0260,-0.0267,-0.0223,0.0296,-0.0063,-0.2365,-0.0550,0.0154,0.0385,0.0000,0.2797,1.1166,114.5882,-57.6657,-117.3364
383823365,-0.0062,0.0034,-0.0739,0.0150,-0.0310,-0.0425,0.0342,0.0500,-0.2368,-0.0552,-0.0642,-0.0268,0.0000,1.9679,-0.8390,114.5882,-57.6276,-117.3756
383828364,-0.0066,0.0034,-0.0990,0.0531,-0.0606,-0.0492,0.0471,0.0500,-0.2372,-0.0550,-0.0802,0.0207,0.0000,2.1789,-0.8390,114.5882,-57.6103,-117.3789
383833365,-0.0071,0.0038,-0.0904,0.0473,0.0234,-0.0495,0.0449,0.0500,-0.2376,-0.0550,-0.0649,0.0034,0.0000,2.9578,-0.8390,114.5882,-57.5847,-117.3840
383838365,-0.0077,0.0042,-0.1115,0.0455,0.1355,-0.0578,0.0477,0.0500,-0.2379,-0.0550,-0.0743,0.0015,-0.6761,2.9578,-0.8390,114.5742,-57.5670,-117.3873
383843365,-0.0082,0.0041,-0.1158,-0.0327,0.1303,-0.0584,0.0303,-0.0200,-0.2382,-0.0555,-0.0463,-0.0874,-2.1974,3.6730,-0.8390,114.5332,-57.5394,-117.3924
383848364,-0.0087,0.0038,-0.1161,-0.0898,0.0460,-0.0595,0.0189,-0.0200,-0.2384,-0.0562,-0.0466,-0.1445,-2.1974,3.6730,-0.8390,114.5244,-57.5174,-117.3957
383853365,-0.0093,0.0032,-0.0843,-0.1042,-0.0151,-0.0525,0.0111,0.0420,-0.2384,-0.0570,-0.0076,-0.1602,-2.1974,4.1377,0.3671,114.5113,-57.4924,-117.3738
383858364,-0.0098,0.0024,-0.0580,-0.1286,0.0326,-0.0480,0.0002,0.0466,-0.2383,-0.0579,0.0227,-0.1847,-2.4325,4.1377,0.3671,114.4976,-57.4676,-117.3723
383863365,-0.0098,0.0017,0.0257,-0.1194,0.0371,-0.0271,-0.0500,0.0367,-0.2378,-0.0588,0.1076,-0.1777,-2.4325,4.2831,0.3671,114.4830,-57.4476,-117.3701
383868365,-0.0096,0.0011,0.0693,-0.1130,-0.0316,-0.0174,-0.0500,0.0298,-0.2372,-0.0593,0.1144,-0.1077,-2.4325,4.2831,0.3671,114.4733,-57.4219,-117.3686
383873364,-0.0092,0.0006,0.0709,-0.1249,-0.0969,-0.0148,-0.0500,0.0340,-0.2367,-0.0599,0.1113,-0.1195,-2.1651,3.5001,0.3671,114.4643,-57.4220,-117.3668
383878365,-0.0087,-0.0001,0.0654,-0.1570,-0.0890,-0.0141,-0.0500,0.0418,-0.2361,-0.0606,0.1084,-0.1359,-1.7907,2.6052,1.4152,114.4639,-57.4217,-117.3432
383883365,-0.0083,-0.0008,0.0693,-0.1662,-0.0142,-0.0122,0.0200,0.0431,-0.2355,-0.0613,0.1158,-0.1343,-1.6303,2.1018,2.1324,114.4572,-57.4223,-117.3167
383888365,-0.0079,-0.0019,0.0644,-0.1729,0.0161,-0.0118,0.0200,0.0470,-0.2350,-0.0619,0.1163,-0.1316,-1.6303,1.5424,2.7620,114.4507,-57.4225,-117.2951
383893364,-0.0075,-0.0028,0.0599,-0.1350,-0.0181,-0.0100,-0.0320,0.0427,-0.2343,-0.0625,0.1255,-0.1075,-1.6303,1.2628,3.1010,114.4409,-57.4224,-117.2699
383898364,-0.0072,-0.0034,0.0464,-0.0577,-0.0392,-0.0127,-0.0129,0.0272,-0.2338,-0.0625,0.1011,0.0058,-1.6303,-0.5818,3.6759,114.4344,-57.4561,-117.2450
383903365,-0.0070,-0.0035,0.0354,0.0174,0.0136,-0.0154,0.0500,0.0114,-0.2334,-0.0620,0.0876,0.0853,-1.6303,-0.8726,3.6759,114.4246,-57.4653,-117.2230
383908365,-0.0068,-0.0031,0.0214,0.1323,0.1376,-0.0190,0.0500,-0.0500,-0.2330,-0.0611,0.0849,0.1938,-1.6303,-0.8726,4.1189,114.4181,-57.4706,-117.1989
383913365,-0.0068,-0.0026,0.0400,0.1469,0.0594,-0.0160,0.0500,-0.0500,-0.2327,-0.0603,0.0633,0.1469,-1.3534,-0.8726,4.1189,114.4143,-57.4740,-117.1742
383918364,-0.0065,-0.0020,0.0531,0.1671,-0.0429,-0.0108,0.0500,-0.0500,-0.2323,-0.0595,0.0726,0.1670,-1.1319,-0.8726,4.2654,114.4138,-57.4793,-117.1546
383923365,-0.0061,-0.0014,0.0648,0.1805,-0.0789,-0.0062,-0.0200,-0.0500,-0.2319,-0.0586,0.0795,0.1805,-0.8550,-0.8726,4.2654,114.4135,-57.4828,-117.1290
383928365,-0.0057,-0.0005,0.0626,0.2272,-0.0246,-0.0059,-0.0200,0.0200,-0.2315,-0.0574,0.0745,0.2272,-0.6889,-0.8726,3.6886,114.4138,-57.4880,-117.1244
383933365,-0.0052,0.0006,0.0654,0.2462,0.0167,-0.0038,0.0572,0.0200,-0.2311,-0.0562,0.0748,0.2454,-0.5228,0.0485,2.6923,114.4136,-57.4720,-117.1253
383938365,-0.0049,0.0019,0.0400,0.2349,-0.0392,-0.0066,0.0635,-0.0554,-0.2308,-0.0549,0.0713,0.2594,-0.4120,0.5818,2.2203,114.4140,-57.4583,-117.1248
383943365,-0.0047,0.0029,0.0076,0.1707,-0.1006,-0.0139,0.0572,-0.0394,-0.2306,-0.0540,0.0320,0.1866,-0.3013,0.5818,1.6435,114.4141,-57.4559,-117.1248
383948365,-0.0047,0.0035,-0.0244,0.1020,-0.0994,-0.0228,0.0474,-0.0208,-0.2307,-0.0535,-0.0114,0.0965,-0.2459,0.6936,0.3217,114.4141,-57.4502,-117.1469
383953365,-0.0048,0.0038,-0.0644,0.0727,-0.0243,-0.0338,0.0443,-0.0095,-0.2309,-0.0533,-0.0470,0.0381,-0.1905,1.9801,-0.3418,114.4139,-57.4185,-117.1620
383958364,-0.0053,0.0040,-0.1133,0.0773,0.0481,-0.0490,0.0519,-0.0048,-0.2314,-0.0531,-0.0968,0.0427,-0.1351,1.9801,-0.3418,114.4144,-57.4066,-117.1633
383963364,-0.0060,0.0044,-0.1087,0.0901,0.1193,-0.0515,0.0556,-0.0088,-0.2319,-0.0528,-0.0895,0.0508,-0.1351,2.2966,-0.3418,114.4136,-57.3923,-117.1654
383968364,-0.0064,0.0048,-0.0788,0.0660,0.1120,-0.0452,0.0482,-0.0073,-0.2321,-0.0528,-0.0537,0.0149,-0.0798,3.0880,-0.3418,114.4143,-57.3587,-117.1667
383973365,-0.0068,0.0049,-0.0929,-0.0089,0.0014,-0.0485,0.0355,0.0500,-0.2324,-0.0531,-0.0631,-0.0679,-0.0798,3.6235,-0.3418,114.4138,-57.3350,-117.1688
383978364,-0.0072,0.0047,-0.0910,-0.0767,-0.0685,-0.0485,0.0215,0.0500,-0.2327,-0.0538,-0.0583,-0.1305,-0.0798,3.6235,-0.3418,114.4135,-57.3133,-117.1702
383983365,-0.0077,0.0042,-0.0962,-0.1240,-0.0307,-0.0517,0.0098,0.0500,-0.2330,-0.0547,-0.0592,-0.1877,0.0000,4.2836,-0.3418,114.4146,-57.2836,-117.1722
383988365,-0.0082,0.0034,-0.0809,-0.1582,0.0396,-0.0509,-0.0020,0.0500,-0.2332,-0.0558,-0.0440,-0.2219,0.0000,4.2836,-0.3418,114.4146,-57.2579,-117.1736
383993365,-0.0087,0.0025,-0.0791,-0.1998,0.0704,-0.0529,-0.0500,-0.0200,-0.2334,-0.0571,-0.0408,-0.2657,0.0000,4.4385,-0.3418,114.4146,-57.2372,-117.1756
383998365,-0.0091,0.0015,-0.0596,-0.2129,0.0454,-0.0522,-0.0500,-0.0200,-0.2337,-0.0582,-0.0596,-0.2129,0.0000,4.3416,-0.2929,114.4146,-57.2125,-117.1760
384003365,-0.0092,0.0004,-0.0003,-0.1762,0.0307,-0.0371,-0.0500,0.0544,-0.2337,-0.0591,0.0039,-0.1689,0.0000,3.5659,0.4882,114.4146,-57.2122,-117.1583
384008364,-0.0092,-0.0006,0.0144,-0.1539,-0.0114,-0.0328,-0.0500,0.0517,-0.2336,-0.0598,0.0186,-0.1466,0.0000,2.6448,0.4882,114.4146,-57.2121,-117.1563
384013365,-0.0090,-0.0014,0.0281,-0.1161,-0.0554,-0.0273,0.0200,0.0430,-0.2334,-0.0602,0.0445,-0.0876,0.0000,2.1600,1.9041,114.4146,-57.2122,-117.1191
384018365,-0.0087,-0.0021,0.0461,-0.0828,-0.1089,-0.0207,0.0200,0.0358,-0.2331,-0.0605,0.0625,-0.0543,0.0000,1.5782,1.9041,114.4146,-57.2126,-117.1115
384023364,-0.0084,-0.0027,0.0272,-0.0782,-0.1666,-0.0227,-0.0112,0.0403,-0.2328,-0.0608,0.0556,-0.0688,-0.0554,1.2873,1.9041,114.4134,-57.2126,-117.1000
384028365,-0.0082,-0.0030,-0.0067,-0.0593,-0.1257,-0.0317,-0.0016,0.0381,-0.2328,-0.0609,0.0124,-0.0076,-0.0554,-0.6713,2.7867,114.4132,-57.2500,-117.0729
384033365,-0.0083,-0.0032,-0.0202,0.0150,-0.0090,-0.0367,0.0500,0.0228,-0.2328,-0.0605,-0.0010,0.0666,-0.0554,-0.6713,2.7867,114.4129,-57.2527,-117.0562
384038365,-0.0084,-0.0030,-0.0342,0.0819,0.0439,-0.0407,0.0500,0.0089,-0.2328,-0.0599,-0.0047,0.1315,-0.0554,-0.6713,3.3195,114.4127,-57.2567,-117.0337
384043365,-0.0086,-0.0025,-0.0367,0.1539,0.0536,-0.0423,0.0500,-0.0500,-0.2328,-0.0589,-0.0072,0.2036,-0.0554,-0.6713,3.3195,114.4123,-57.2594,-117.0138
384048364,-0.0086,-0.0017,0.0229,0.2095,0.0704,-0.0297,0.0500,-0.0500,-0.2327,-0.0578,0.0239,0.2095,-0.0554,-0.6713,3.4762,114.4121,-57.2635,-116.9973
384053365,-0.0084,-0.0005,0.0544,0.2068,0.0182,-0.0204,-0.0200,-0.0500,-0.2324,-0.0568,0.0553,0.2068,-0.0554,-0.6713,3.4762,114.4118,-57.2661,-116.9764
384058365,-0.0082,0.0004,0.0696,0.1732,-0.0777,-0.0145,-0.0200,-0.0500,-0.2321,-0.0559,0.0706,0.1732,-0.0554,-0.6713,3.4762,114.4115,-57.2702,-116.9625
384063364,-0.0076,0.0011,0.0748,0.1658,-0.1339,-0.0104,0.0480,0.0200,-0.2317,-0.0551,0.0722,0.1720,-0.0554,-0.4131,2.9778,114.4112,-57.2676,-116.9525
384068365,-0.0071,0.0018,0.0699,0.1750,-0.1159,-0.0090,0.0505,0.0200,-0.2313,-0.0542,0.0753,0.1673,-0.0554,0.5164,2.4240,114.4110,-57.2470,-116.9528
384073365,-0.0067,0.0026,0.0321,0.1671,-0.0878,-0.0162,0.0566,-0.0370,-0.2311,-0.0533,0.0531,0.1865,-0.0554,0.5164,1.8148,114.4107,-57.2450,-116.9524
384078365,-0.0066,0.0035,-0.0211,0.1579,-0.0856,-0.0294,0.0638,-0.0311,-0.2311,-0.0524,-0.0029,0.1724,-0.0554,0.5164,1.4826,114.4104,-57.2419,-116.9526
384083365,-0.0068,0.0041,-0.0648,0.1118,-0.0713,-0.0429,0.0600,-0.0144,-0.2314,-0.0520,-0.0679,0.0893,-0.0554,0.5164,-0.9930,114.4101,-57.2398,-117.0000
384088365,-0.0072,0.0046,-0.0877,0.0733,-0.0151,-0.0500,0.0547,-0.0041,-0.2318,-0.0518,-0.0804,0.0328,-0.0554,1.7284,-0.9930,114.4099,-57.2098,-117.0040
384093365,-0.0078,0.0047,-0.1164,-0.0116,0.1312,-0.0618,0.0394,0.0500,-0.2324,-0.0521,-0.1091,-0.0522,-0.0554,1.7284,-0.9930,114.4096,-57.2028,-117.0099
384098365,-0.0082,0.0047,-0.1127,-0.0006,0.0851,-0.0604,0.0421,0.0500,-0.2328,-0.0523,-0.0876,-0.0421,-0.0554,2.7911,-0.9930,114.4093,-57.1691,-117.0139
384103365,-0.0088,0.0045,-0.1008,-0.0119,-0.0084,-0.0587,0.0397,0.0500,-0.2332,-0.0526,-0.0757,-0.0534,-0.0554,2.7911,-0.9930,114.4090,-57.1579,-117.0198
384108365,-0.0094,0.0042,-0.0971,-0.0742,-0.0633,-0.0587,0.0253,0.0500,-0.2335,-0.0532,-0.0639,-0.1298,-0.0554,3.7407,-0.9930,114.4088,-57.1208,-117.0238
384113365,-0.0098,0.0037,-0.0889,-0.1176,-0.0062,-0.0571,0.0124,-0.0200,-0.2337,-0.0541,-0.0293,-0.1732,-1.5874,3.7407,-0.9930,114.3723,-57.1059,-117.0298
384118365,-0.0101,0.0031,-0.0593,-0.1487,0.0463,-0.0512,-0.0008,-0.0200,-0.2336,-0.0551,0.0033,-0.2095,-1.5874,4.0815,-0.9930,114.3659,-57.0755,-117.0337
384123365,-0.0104,0.0021,-0.0351,-0.1689,-0.0041,-0.0454,-0.0500,0.0561,-0.2335,-0.0562,0.0296,-0.2257,-1.5874,4.0815,0.2613,114.3564,-57.0592,-117.0129
384128365,-0.0106,0.0010,-0.0302,-0.1698,-0.0392,-0.0470,-0.0500,0.0567,-0.2335,-0.0570,0.0052,-0.1558,-1.5874,4.0265,0.9407,114.3500,-57.0359,-116.9962
384133364,-0.0108,0.0000,-0.0110,-0.1555,0.0197,-0.0431,-0.0500,0.0539,-0.2333,-0.0577,0.0300,-0.1415,-1.9105,4.0265,0.9407,114.3329,-57.0198,-116.9905
384138365,-0.0107,-0.0007,0.0345,-0.1268,-0.0166,-0.0311,-0.0500,0.0451,-0.2329,-0.0583,0.0755,-0.1128,-1.9105,3.8199,0.9407,114.3252,-56.9999,-116.9868
384143365,-0.0107,-0.0015,0.0379,-0.1313,-0.1764,-0.0276,0.0200,0.0492,-0.2325,-0.0588,0.0855,-0.1058,-1.9105,3.1487,1.7160,114.3138,-56.9994,-116.9650
384148365,-0.0104,-0.0024,0.0131,-0.1597,-0.2148,-0.0319,0.0200,0.0609,-0.2322,-0.0595,0.0656,-0.1259,-1.9105,2.0990,2.2698,114.3061,-57.0041,-116.9452
384153365,-0.0102,-0.0032,0.0278,-0.1048,-0.0624,-0.0281,-0.0163,0.0468,-0.2317,-0.0598,0.0938,-0.0708,-2.3613,0.3386,2.6116,114.2849,-57.0343,-116.9246
384158364,-0.0101,-0.0036,0.0223,-0.0360,0.0194,-0.0301,-0.0024,0.0317,-0.2313,-0.0597,0.0882,0.0142,-2.3613,-0.2201,3.1486,114.2755,-57.0462,-116.9017
384163364,-0.0100,-0.0036,0.0247,0.0446,-0.0517,-0.0278,0.0500,0.0139,-0.2308,-0.0592,0.0956,0.1035,-2.3613,-0.2201,3.7255,114.2613,-57.0471,-116.8703
384168365,-0.0098,-0.0032,0.0440,0.1463,-0.0691,-0.0219,0.0500,-0.0500,-0.2302,-0.0582,0.1167,0.2019,-2.3613,-0.2201,3.7255,114.2518,-57.0484,-116.8554
384173365,-0.0095,-0.0023,0.0880,0.2101,0.0277,-0.0138,0.0500,-0.0500,-0.2296,-0.0572,0.1197,0.2100,-1.8440,-0.2201,3.7255,114.2494,-57.0493,-116.8331
384178364,-0.0090,-0.0011,0.1213,0.2334,0.0762,-0.0046,0.0500,-0.0500,-0.2289,-0.0560,0.1474,0.2333,-1.5149,-0.2201,3.8358,114.2493,-57.0506,-116.8157
384183365,-0.0084,0.0001,0.1338,0.2257,0.0124,0.0015,-0.0200,-0.0500,-0.2281,-0.0549,0.1582,0.2256,-1.4208,-0.2201,3.8358,114.2426,-57.0515,-116.7927
384188364,-0.0076,0.0013,0.1643,0.2016,0.0863,0.0500,-0.0200,0.0200,-0.2271,-0.0539,0.1888,0.2015,-1.4208,0.0550,3.3999,114.2369,-57.0473,-116.7865
384193365,-0.0069,0.0023,0.1326,0.1732,0.0060,0.0500,0.0423,0.0200,-0.2265,-0.0530,0.1345,0.1699,-0.4804,0.2201,2.5281,114.2494,-57.0431,-116.7863
384198364,-0.0062,0.0030,0.0861,0.1283,-0.0270,0.0500,0.0413,-0.0387,-0.2259,-0.0522,0.1057,0.1556,-0.3864,0.2201,2.0438,114.2495,-57.0418,-116.7868
384203365,-0.0059,0.0038,0.0379,0.1497,0.0830,0.0500,0.0524,-0.0416,-0.2257,-0.0514,0.0528,0.1690,-0.2923,0.2201,1.5110,114.2494,-57.0409,-116.7868
384208364,-0.0057,0.0042,0.0070,0.0809,0.1764,-0.0200,0.0405,-0.0254,-0.2256,-0.0509,0.0239,0.0897,-0.2453,0.6848,1.2689,114.2493,-57.0301,-116.7861
384213365,-0.0058,0.0045,-0.0449,0.0302,0.1566,-0.0200,0.0352,-0.0061,-0.2257,-0.0509,-0.0247,0.0048,0.7325,2.0273,0.3163,114.2679,-56.9974,-116.7991
384218365,-0.0060,0.0047,-0.0599,0.0119,0.1547,-0.0500,0.0345,0.0500,-0.2261,-0.0511,-0.0800,-0.0330,1.6903,2.0273,-0.9930,114.2928,-56.9852,-116.8275
384223364,-0.0062,0.0047,-0.0556,-0.0223,0.2323,-0.0500,0.0244,0.0500,-0.2262,-0.0514,-0.0314,-0.0640,1.6903,2.8030,-0.9930,114.3029,-56.9607,-116.8334
384228364,-0.0063,0.0046,-0.0654,-0.0186,0.2934,-0.0500,0.0255,0.0500,-0.2264,-0.0517,-0.0411,-0.0603,1.6903,2.8030,-0.9930,114.3097,-56.9439,-116.8374
384233365,-0.0067,0.0040,-0.1136,-0.1109,0.1969,-0.0500,0.0104,0.0500,-0.2269,-0.0525,-0.0841,-0.1617,1.6903,3.4183,-0.9930,114.3198,-56.9198,-116.8434
384238364,-0.0075,0.0034,-0.1915,-0.1445,0.1844,0.0200,0.0125,-0.0200,-0.2277,-0.0535,-0.1620,-0.1953,1.6903,3.4183,-0.9930,114.3266,-56.8993,-116.8473
384243365,-0.0087,0.0025,-0.2147,-0.1885,0.1932,0.0200,0.0051,-0.0200,-0.2286,-0.0547,-0.1852,-0.2392,1.6903,3.4183,0.2207,114.3367,-56.8856,-116.8254
384248365,-0.0099,0.0013,-0.2269,-0.2086,0.1813,-0.0984,0.0012,0.0902,-0.2297,-0.0560,-0.2182,-0.2607,1.4749,3.7348,0.2207,114.3389,-56.8574,-116.8246
384253365,-0.0109,0.0001,-0.1817,-0.1976,0.1447,-0.0901,-0.0500,0.0881,-0.2305,-0.0572,-0.1641,-0.2453,1.0979,3.7348,0.5113,114.3389,-56.8425,-116.8173
384258365,-0.0116,-0.0008,-0.1115,-0.1481,0.1306,-0.0763,-0.0500,0.0689,-0.2311,-0.0578,-0.1106,-0.1201,0.8825,2.9559,1.8674,114.3386,-56.8375,-116.7852
384263365,-0.0121,-0.0016,-0.0660,-0.1097,0.0875,-0.0659,-0.0500,0.0586,-0.2314,-0.0582,-0.0614,-0.0816,0.6671,2.8586,1.8674,114.3389,-56.8280,-116.7740
384268365,-0.0121,-0.0022,-0.0443,-0.1081,0.0381,-0.0594,-0.0500,0.0579,-0.2315,-0.0586,-0.0347,-0.0746,0.5594,2.8586,2.2332,114.3391,-56.8108,-116.7591
384273365,-0.0121,-0.0027,-0.0400,-0.1118,0.0625,-0.0584,0.0200,0.0589,-0.2317,-0.0590,-0.0241,-0.0720,0.3978,2.2744,2.6513,114.3387,-56.8115,-116.7351
384278365,-0.0122,-0.0033,-0.0458,-0.1420,0.0985,-0.0603,0.0200,0.0677,-0.2318,-0.0594,-0.0266,-0.0981,0.3439,0.6193,2.9282,114.3391,-56.8372,-116.7188
384283365,-0.0125,-0.0037,-0.0415,-0.0443,0.1004,-0.0595,0.0500,0.0474,-0.2319,-0.0594,-0.0112,0.0017,0.2362,0.4732,3.5374,114.3386,-56.8379,-116.6859
384288364,-0.0125,-0.0038,-0.0092,0.0480,0.1361,-0.0503,0.0500,0.0210,-0.2316,-0.0589,0.0430,0.1119,-0.9015,-0.2638,4.2697,114.3156,-56.8504,-116.6556
384293365,-0.0125,-0.0033,0.0122,0.1585,0.2341,-0.0440,0.0500,-0.0500,-0.2312,-0.0577,0.0902,0.2318,-2.0847,-1.2662,4.8990,114.2811,-56.8743,-116.6160
384298365,-0.0123,-0.0024,0.0452,0.2098,0.2659,-0.0387,0.0500,-0.0500,-0.2308,-0.0567,0.0811,0.2097,-2.0847,-1.2662,4.8990,114.2727,-56.8819,-116.5964
384303365,-0.0120,-0.0012,0.0822,0.2334,0.1749,-0.0271,-0.0200,-0.0500,-0.2302,-0.0555,0.1181,0.2332,-2.0847,-1.1607,5.2300,114.2602,-56.8848,-116.5592
384308365,-0.0116,-0.0001,0.1115,0.2511,0.0723,-0.0169,-0.0200,-0.0500,-0.2295,-0.0542,0.1474,0.2509,-2.0847,-0.3693,5.2300,114.2519,-56.8721,-116.5383
384313365,-0.0110,0.0009,0.1429,0.2489,0.0457,-0.0068,0.0602,0.0200,-0.2286,-0.0530,0.1685,0.2527,-1.6145,-0.2638,4.4066,114.2499,-56.8712,-116.5266
384318365,-0.0101,0.0020,0.1573,0.2746,0.0906,-0.0004,0.0652,0.0200,-0.2277,-0.0516,0.1815,0.2723,-1.3324,0.1460,4.4066,114.2496,-56.8647,-116.5090
384323365,-0.0092,0.0034,0.1491,0.2920,0.0338,0.0500,0.0742,-0.0802,-0.2267,-0.0500,0.2070,0.3205,-1.0032,1.4117,3.3066,114.2492,-56.8359,-116.5063
384328365,-0.0087,0.0046,0.0501,0.2279,-0.0450,0.0500,0.0767,-0.0552,-0.2263,-0.0489,0.0775,0.2332,-0.8151,1.4117,1.7568,114.2494,-56.8274,-116.5270
384333365,-0.0086,0.0056,-0.0140,0.1836,-0.0499,0.0500,0.0780,-0.0400,-0.2263,-0.0480,0.0062,0.1766,-0.5800,1.4117,0.9334,114.2499,-56.8217,-116.5365
384338364,-0.0087,0.0063,-0.0568,0.1405,0.0289,0.0500,0.0739,-0.0276,-0.2264,-0.0474,-0.0287,0.1142,-0.4860,2.5120,0.7397,114.2496,-56.7871,-116.5370
384343365,-0.0091,0.0069,-0.0657,0.0950,0.1734,-0.0200,0.0660,-0.0193,-0.2266,-0.0471,-0.0392,0.0658,0.9578,2.5120,0.5460,114.2781,-56.7770,-116.5369
384348365,-0.0095,0.0073,-0.0696,0.0693,0.2806,-0.0200,0.0606,-0.0145,-0.2268,-0.0470,-0.0355,0.0242,1.4649,3.4931,0.4491,114.2938,-56.7383,-116.5368
384353364,-0.0098,0.0076,-0.0379,0.0342,0.3041,-0.0500,0.0500,-0.0102,-0.2269,-0.0471,-0.0234,-0.0231,1.4649,4.2203,0.3523,114.3026,-56.7088,-116.5363
384358365,-0.0098,0.0077,-0.0486,-0.0067,0.2714,-0.0500,0.0407,0.0010,-0.2269,-0.0475,-0.0096,-0.0868,1.4649,4.9474,-0.4413,114.3085,-56.6680,-116.5510
384363365,-0.0102,0.0072,-0.1103,-0.0993,0.2296,-0.0500,0.0273,0.0500,-0.2273,-0.0485,-0.0813,-0.1967,1.4649,4.9474,-1.5998,114.3173,-56.6482,-116.5821
384368365,-0.0109,0.0065,-0.1616,-0.1619,0.2467,-0.0500,0.0188,0.0500,-0.2279,-0.0497,-0.1128,-0.2455,1.4649,5.6333,-1.3240,114.3231,-56.6018,-116.5829
384373365,-0.0118,0.0052,-0.1918,-0.2889,0.1352,0.0200,-0.0500,0.0500,-0.2286,-0.0516,-0.1402,-0.3776,1.4649,5.9740,-0.7171,114.3319,-56.5715,-116.5760
384378364,-0.0128,0.0036,-0.1848,-0.3296,0.0753,0.0200,-0.0500,0.0500,-0.2295,-0.0532,-0.1848,-0.3296,1.4649,6.2491,-0.6068,114.3378,-56.5294,-116.5764
384383365,-0.0136,0.0019,-0.1436,-0.3564,0.1242,-0.0937,-0.0500,-0.0200,-0.2303,-0.0550,-0.1632,-0.3563,1.1418,6.2491,-0.4413,114.3391,-56.5044,-116.5761
384388364,-0.0141,0.0000,-0.0874,-0.3262,0.1938,-0.0821,-0.0500,-0.0200,-0.2309,-0.0567,-0.1033,-0.3261,0.9264,5.8876,0.9686,114.3389,-56.4758,-116.5473
384393365,-0.0144,-0.0018,-0.0678,-0.3024,0.1611,-0.0769,0.0200,0.1059,-0.2312,-0.0581,-0.0666,-0.2805,0.6571,5.4028,1.4530,114.3383,-56.4623,-116.5292
384398365,-0.0148,-0.0034,-0.0559,-0.2844,0.0527,-0.0731,0.0200,0.1066,-0.2314,-0.0593,-0.0426,-0.2445,0.5494,3.9969,2.6550,114.3386,-56.4623,-116.4978
384403365,-0.0150,-0.0049,-0.0547,-0.2453,-0.0062,-0.0707,-0.0355,0.1065,-0.2315,-0.0606,-0.0105,-0.2539,0.3878,3.2697,2.6550,114.3382,-56.4623,-116.4809
384408364,-0.0151,-0.0062,-0.0449,-0.2309,0.0319,-0.0693,-0.0377,0.1058,-0.2315,-0.0617,-0.0069,-0.2273,0.3340,2.4455,2.6550,114.3386,-56.4617,-116.4713
384413365,-0.0152,-0.0073,-0.0464,-0.1570,0.0768,-0.0708,-0.0245,0.0923,-0.2315,-0.0624,-0.0070,-0.1395,0.2263,1.9607,3.0980,114.3382,-56.4626,-116.4442
384418365,-0.0155,-0.0076,-0.0568,-0.0101,0.0277,-0.0736,0.0500,0.0632,-0.2316,-0.0623,-0.0147,0.0145,-0.1690,1.4759,3.0980,114.3311,-56.4620,-116.4330
384423365,-0.0156,-0.0074,-0.0189,0.0855,0.1172,-0.0638,0.0500,0.0333,-0.2314,-0.0616,0.0482,0.1399,-2.0847,1.1851,3.6351,114.2845,-56.4625,-116.4007
384428365,-0.0156,-0.0070,0.0159,0.1359,0.1892,-0.0555,0.0500,0.0146,-0.2309,-0.0606,0.0889,0.2005,-2.0847,0.8942,4.3168,114.2761,-56.4621,-116.3732
384433365,-0.0155,-0.0063,0.0498,0.1808,0.1611,-0.0461,0.0500,-0.0019,-0.2303,-0.0594,0.1232,0.2462,-2.0847,0.7487,4.3719,114.2636,-56.4618,-116.3446
384438365,-0.0152,-0.0054,0.0956,0.2120,0.0885,-0.0319,-0.0200,-0.0500,-0.2294,-0.0580,0.1743,0.2865,-2.0847,0.5548,4.9788,114.2553,-56.4619,-116.3148
384443365,-0.0146,-0.0044,0.1313,0.2300,0.0432,-0.0232,-0.0200,-0.0500,-0.2286,-0.0568,0.1713,0.2298,-2.3198,0.4579,5.3662,114.2368,-56.4618,-116.2744
384448365,-0.0139,-0.0033,0.1701,0.2627,0.0646,-0.0105,0.0493,-0.0500,-0.2275,-0.0555,0.2128,0.2578,-2.3198,0.3124,5.3662,114.2275,-56.4625,-116.2549
384453365,-0.0129,-0.0021,0.2065,0.2874,0.0833,0.0500,0.0522,-0.0500,-0.2263,-0.0541,0.2478,0.2833,-2.2663,0.2639,4.1119,114.2147,-56.4622,-116.2493
384458365,-0.0116,-0.0007,0.2153,0.3085,0.0371,0.0500,0.0602,0.0200,-0.2252,-0.0526,0.2176,0.3046,-1.8919,0.2639,3.4325,114.2138,-56.4607,-116.2492
384463365,-0.0104,0.0009,0.2031,0.3088,-0.0716,0.0500,0.0661,0.0200,-0.2242,-0.0510,0.2054,0.3049,-1.4106,0.2639,2.4918,114.2137,-56.4596,-116.2493
384468365,-0.0096,0.0022,0.1087,0.2556,-0.0420,0.0500,0.0706,-0.0597,-0.2235,-0.0496,0.1289,0.2828,-1.1432,0.2639,2.0737,114.2141,-56.4580,-116.2494
384473365,-0.0093,0.0033,0.0302,0.2178,0.0151,-0.0200,0.0732,-0.0456,-0.2232,-0.0485,0.0522,0.2247,-0.8223,1.0470,1.4989,114.2146,-56.4407,-116.2496
384478365,-0.0092,0.0043,0.0009,0.1698,0.0863,-0.0200,0.0673,-0.0351,-0.2231,-0.0477,0.0279,0.1603,-0.6619,1.8860,1.2376,114.2147,-56.4134,-116.2498
384483364,-0.0093,0.0051,-0.0226,0.1310,0.1294,-0.0500,0.0637,-0.0237,-0.2233,-0.0472,-0.0287,0.0951,1.0345,1.8860,-0.5328,114.2502,-56.4059,-116.2809
384488364,-0.0094,0.0056,-0.0147,0.0867,0.1877,-0.0500,0.0519,-0.0171,-0.2232,-0.0471,0.0063,0.0275,1.0345,3.2049,-0.7749,114.2544,-56.3626,-116.2885
384493365,-0.0095,0.0058,-0.0296,0.0189,0.1107,-0.0500,0.0401,0.0006,-0.2232,-0.0474,-0.0023,-0.0511,1.0345,3.9351,-0.7749,114.2606,-56.3342,-116.2934
384498365,-0.0097,0.0057,-0.0745,-0.0586,0.0090,-0.0500,0.0291,0.0500,-0.2234,-0.0480,-0.0415,-0.1385,1.0345,4.5953,-0.7749,114.2647,-56.2969,-116.2962
384503364,-0.0101,0.0051,-0.1103,-0.1112,0.1492,0.0200,0.0197,0.0500,-0.2238,-0.0490,-0.0696,-0.1811,1.0345,4.7053,-0.7749,114.2709,-56.2759,-116.3011
384508365,-0.0108,0.0043,-0.1552,-0.1833,0.1651,0.0200,0.0073,0.0500,-0.2243,-0.0503,-0.1105,-0.2600,1.0345,5.1700,-0.7749,114.2751,-56.2370,-116.3039
384513365,-0.0118,0.0030,-0.2077,-0.3009,-0.0850,-0.0965,-0.0500,0.0500,-0.2252,-0.0521,-0.1809,-0.3775,1.0345,5.1700,-0.7749,114.2813,-56.2163,-116.3089
384518365,-0.0128,0.0011,-0.1704,-0.3323,-0.0194,-0.0940,-0.0500,-0.0200,-0.2261,-0.0538,-0.1704,-0.3323,0.0000,5.2670,-0.7749,114.2634,-56.1828,-116.3117
384523365,-0.0137,-0.0006,-0.1368,-0.3378,0.1132,-0.0897,-0.0500,-0.0200,-0.2267,-0.0555,-0.1247,-0.3379,-0.7053,4.7636,0.3875,114.2457,-56.1723,-116.2917
384528365,-0.0143,-0.0023,-0.1063,-0.2908,0.0970,-0.0838,-0.0500,0.1105,-0.2272,-0.0569,-0.0883,-0.2807,-0.7053,4.4280,0.6781,114.2429,-56.1521,-116.2836
384533365,-0.0148,-0.0038,-0.0855,-0.2682,-0.0914,-0.0775,0.0200,0.1105,-0.2275,-0.0581,-0.0586,-0.2424,-0.7053,4.4280,1.7233,114.2387,-56.1344,-116.2571
384538365,-0.0150,-0.0053,-0.0696,-0.2431,-0.1797,-0.0732,0.0200,0.1093,-0.2277,-0.0592,-0.0395,-0.2118,-0.7053,3.7422,2.0891,114.2358,-56.1227,-116.2424
384543365,-0.0153,-0.0065,-0.0669,-0.1952,-0.1250,-0.0726,-0.0265,0.1040,-0.2277,-0.0602,-0.0170,-0.1981,-0.7053,2.3070,2.0891,114.2316,-56.1388,-116.2291
384548365,-0.0156,-0.0077,-0.0828,-0.1903,-0.1147,-0.0787,-0.0248,0.1079,-0.2280,-0.0610,-0.0432,-0.1642,-1.0797,0.3493,2.0891,114.2212,-56.1714,-116.2215
384553365,-0.0160,-0.0085,-0.0919,-0.1170,-0.1400,-0.0818,-0.0088,0.0960,-0.2282,-0.0614,-0.0412,-0.0776,-1.4006,0.2374,2.8644,114.2065,-56.1725,-116.1885
384558364,-0.0165,-0.0088,-0.0834,-0.0107,-0.1235,-0.0811,0.0500,0.0726,-0.2283,-0.0612,-0.0243,0.0382,-1.6221,0.1815,3.4503,114.1964,-56.1722,-116.1660
384563365,-0.0167,-0.0087,-0.0012,0.0559,0.0155,-0.0605,0.0500,0.0436,-0.2278,-0.0606,0.0877,0.1221,-2.9511,0.1815,4.4322,114.1542,-56.1715,-116.1220
384568365,-0.0164,-0.0084,0.0504,0.1017,0.0442,-0.0460,0.0500,0.0249,-0.2271,-0.0597,0.1529,0.1679,-3.7403,0.1256,4.4322,114.1258,-56.1718,-116.1059
384573365,-0.0161,-0.0078,0.1023,0.1564,-0.0566,-0.0289,0.0500,0.0035,-0.2260,-0.0586,0.2206,0.2341,-4.2714,0.0696,5.2045,114.0922,-56.1725,-116.0589
384578365,-0.0155,-0.0069,0.1478,0.2071,-0.1229,-0.0136,-0.0200,-0.0500,-0.2246,-0.0571,0.2738,0.2949,-4.3791,0.0696,5.8825,114.0726,-56.1721,-116.0246
384583365,-0.0146,-0.0059,0.1936,0.2236,-0.0972,-0.0026,-0.0200,-0.0500,-0.2232,-0.0560,0.2750,0.2232,-4.7172,0.0696,6.2484,114.0395,-56.1718,-115.9785
384588365,-0.0136,-0.0048,0.2416,0.2547,-0.0230,0.0500,0.0326,-0.0500,-0.2216,-0.0547,0.3240,0.2525,-4.7172,0.1256,6.2484,114.0206,-56.1699,-115.9558
384593365,-0.0122,-0.0037,0.2880,0.2822,-0.0212,0.0500,0.0370,-0.0500,-0.2202,-0.0533,0.2891,0.2804,-4.3880,0.1256,5.5284,113.9991,-56.1694,-115.9338
384598365,-0.0107,-0.0022,0.3183,0.2950,-0.0691,0.0500,0.0389,0.0200,-0.2186,-0.0518,0.3193,0.2932,-3.5887,0.1256,5.5284,113.9992,-56.1687,-115.9137
384603365,-0.0090,-0.0006,0.3216,0.2850,-0.0698,0.0500,0.0384,0.0200,-0.2170,-0.0504,0.3227,0.2831,-2.6483,0.1256,4.1125,113.9995,-56.1682,-115.9110
384608365,-0.0076,0.0004,0.2508,0.1704,-0.0438,-0.0200,0.0243,-0.0582,-0.2155,-0.0493,0.2850,0.2136,-2.1781,0.5476,3.4290,113.9992,-56.1588,-115.9110
384613365,-0.0066,0.0010,0.1747,0.1155,-0.0459,-0.0200,0.0192,-0.0387,-0.2145,-0.0487,0.2146,0.1212,-1.6138,2.1303,2.5014,113.9993,-56.1217,-115.9107
384618365,-0.0058,0.0014,0.1112,0.0886,-0.0808,0.0103,0.0206,-0.0278,-0.2136,-0.0483,0.1702,0.0877,-1.3317,2.1303,2.0620,113.9991,-56.1089,-115.9112
384623365,-0.0052,0.0018,0.0806,0.0635,-0.0731,0.0016,0.0202,-0.0190,-0.2131,-0.0480,0.0986,0.0546,0.7888,2.1303,1.5249,114.0395,-56.1004,-115.9106
384628365,-0.0051,0.0020,0.0525,0.0632,-0.0013,-0.0500,0.0231,-0.0169,-0.2128,-0.0478,0.0684,0.0507,0.7888,2.1303,1.2808,114.0427,-56.0876,-115.9104
384633364,-0.0048,0.0021,0.0257,0.0428,-0.0163,-0.0500,0.0199,-0.0073,-0.2126,-0.0478,0.0342,-0.0001,0.7888,1.9356,-0.9415,114.0474,-56.0835,-115.9531
384638365,-0.0047,0.0022,-0.0119,0.0107,-0.0838,-0.0500,0.0186,0.0500,-0.2126,-0.0479,-0.0033,-0.0322,0.7888,1.9356,-0.9415,114.0506,-56.0719,-115.9565
384643365,-0.0049,0.0022,-0.0816,-0.0076,-0.1082,-0.0500,0.0247,0.0500,-0.2129,-0.0481,-0.0649,-0.0364,0.7888,1.9356,-0.9415,114.0553,-56.0642,-115.9625
384648364,-0.0054,0.0019,-0.1536,-0.0672,-0.1031,0.0200,0.0209,0.0500,-0.2136,-0.0486,-0.1369,-0.0960,0.7888,1.9356,-0.9415,114.0585,-56.0526,-115.9659
384653365,-0.0065,0.0013,-0.2361,-0.1374,-0.0578,0.0200,0.0152,0.0500,-0.2147,-0.0495,-0.2166,-0.1711,0.3381,2.2657,-0.1108,114.0540,-56.0372,-115.9516
384658364,-0.0078,0.0004,-0.2272,-0.1545,-0.0798,-0.0853,0.0097,-0.0200,-0.2157,-0.0504,-0.2000,-0.1882,-0.4507,2.2657,-0.1108,114.0371,-56.0236,-115.9520
384663365,-0.0088,-0.0001,-0.2104,-0.1326,-0.0264,-0.0858,0.0119,-0.0200,-0.2166,-0.0512,-0.1832,-0.1662,-0.4507,2.2657,-0.0554,114.0344,-56.0145,-115.9515
384668364,-0.0097,-0.0010,-0.2007,-0.1155,0.0240,-0.0872,0.0132,0.0730,-0.2175,-0.0519,-0.1663,-0.1367,-0.4507,2.2657,0.8300,114.0326,-56.0009,-115.9331
384673365,-0.0108,-0.0018,-0.2334,-0.1130,0.0054,-0.0989,0.0185,0.0801,-0.2184,-0.0525,-0.1937,-0.1143,-0.4507,1.9042,1.8065,114.0299,-55.9997,-115.9034
384678364,-0.0119,-0.0024,-0.2590,-0.0889,-0.0258,-0.1088,0.0277,0.0821,-0.2195,-0.0529,-0.2136,-0.0832,-1.0150,1.4395,1.8065,114.0164,-55.9990,-115.8968
384683365,-0.0131,-0.0029,-0.2508,-0.0507,-0.1235,-0.1091,0.0372,0.0766,-0.2204,-0.0531,-0.1856,-0.0318,-1.7673,1.3879,2.6455,113.9916,-55.9945,-115.8646
384688365,-0.0144,-0.0031,-0.2245,-0.0202,-0.2194,-0.1052,0.0428,0.0708,-0.2211,-0.0531,-0.1455,-0.0013,-2.5696,1.3879,2.6455,113.9678,-55.9862,-115.8550
384693365,-0.0155,-0.0032,-0.1946,-0.0021,-0.2384,-0.1012,0.0453,0.0650,-0.2217,-0.0529,-0.1048,0.0258,-2.8961,1.3879,3.2523,113.9449,-55.9806,-115.8254
384698364,-0.0164,-0.0032,-0.1579,-0.0089,-0.0630,-0.0963,0.0382,0.0605,-0.2219,-0.0528,-0.0481,0.0190,-4.0590,1.3879,3.2523,113.9070,-55.9723,-115.8136
384703365,-0.0166,-0.0032,-0.0211,-0.0144,-0.0282,-0.0612,0.0192,0.0431,-0.2213,-0.0527,0.1163,0.0200,-5.1026,1.7272,4.0272,113.8583,-55.9596,-115.7744
384708365,-0.0165,-0.0034,0.0586,-0.0061,-0.0731,-0.0387,0.0106,0.0310,-0.2203,-0.0526,0.2116,0.0376,-5.6950,1.7272,4.6543,113.8241,-55.9492,-115.7465
384713365,-0.0159,-0.0033,0.1390,0.0501,-0.0740,-0.0146,0.0113,0.0062,-0.2187,-0.0521,0.3135,0.0970,-6.8316,1.7272,4.8759,113.7636,-55.9423,-115.7123
384718365,-0.0149,-0.0030,0.2343,0.0935,-0.0288,0.0500,0.0061,-0.0500,-0.2166,-0.0514,0.4239,0.1354,-7.2078,2.3984,5.2081,113.7275,-55.9167,-115.6869
384723364,-0.0135,-0.0025,0.2996,0.1454,-0.0197,0.0500,0.0096,-0.0500,-0.2150,-0.0508,0.3202,0.1098,-7.5287,2.3984,5.5499,113.6761,-55.9071,-115.6459
384728365,-0.0119,-0.0016,0.3467,0.1695,-0.0905,0.0500,0.0098,-0.0500,-0.2131,-0.0502,0.3673,0.1339,-7.7502,2.3984,5.5499,113.6409,-55.8927,-115.6258
384733365,-0.0101,-0.0006,0.3732,0.1634,-0.1571,0.0500,0.0056,-0.0500,-0.2112,-0.0495,0.3939,0.1278,-6.9610,2.3984,5.4975,113.6124,-55.8831,-115.5917
384738365,-0.0082,0.0002,0.4163,0.1787,-0.1312,-0.0200,0.0020,0.0200,-0.2090,-0.0488,0.4374,0.1422,-6.6917,2.4512,5.2216,113.5900,-55.8676,-115.5774
384743365,-0.0061,0.0008,0.4294,0.1665,-0.1076,-0.0200,-0.0500,0.0200,-0.2067,-0.0482,0.4506,0.1300,-4.9684,2.4512,3.7873,113.5897,-55.8578,-115.5774
384748365,-0.0041,0.0014,0.3595,0.1561,-0.0960,0.0826,-0.0500,-0.0815,-0.2045,-0.0472,0.4567,0.2035,-4.0529,2.4512,3.1805,113.5899,-55.8431,-115.5769
384753365,-0.0025,0.0021,0.2831,0.1335,-0.0621,0.0676,-0.0500,-0.0713,-0.2027,-0.0463,0.3551,0.1677,-3.0296,2.2565,2.2979,113.5893,-55.8373,-115.5772
384758365,-0.0011,0.0026,0.2196,0.1035,-0.0826,0.0562,-0.0500,-0.0600,-0.2013,-0.0457,0.2780,0.1320,-2.4372,1.6723,1.9117,113.5902,-55.8373,-115.5772
384763365,-0.0001,0.0030,0.1503,0.0867,-0.0896,0.0417,0.0200,-0.0498,-0.2003,-0.0451,0.1942,0.1078,-1.8448,1.3802,1.4152,113.5892,-55.8371,-115.5766
384768365,0.0006,0.0033,0.1475,0.1063,-0.0896,0.0434,0.0200,-0.0555,-0.1994,-0.0445,0.1826,0.1233,-1.4679,0.9908,1.1394,113.5902,-55.8378,-115.5775
384773365,0.0011,0.0036,0.1274,0.0935,-0.1226,0.0395,0.0500,-0.0518,-0.1987,-0.0439,0.1477,0.1166,-1.0909,-0.6858,0.8636,113.5900,-55.8709,-115.5766
384778364,0.0017,0.0040,0.0864,0.0727,-0.0939,0.0305,0.0500,-0.0439,-0.1982,-0.0435,0.0943,0.0831,-0.1085,-0.7914,0.6981,113.6065,-55.8777,-115.5771
384783364,0.0019,0.0042,0.0012,0.0308,-0.0954,0.0085,0.0500,-0.0241,-0.1982,-0.0433,-0.0099,0.0364,0.8356,-0.7914,0.3753,113.6289,-55.8809,-115.5798
384788365,0.0016,0.0042,-0.1100,-0.0003,-0.2084,-0.0500,0.0500,0.0009,-0.1989,-0.0434,-0.1343,-0.0175,0.8356,-0.7914,-1.1536,113.6322,-55.8856,-115.6115
384793365,0.0005,0.0041,-0.2584,0.0119,-0.1498,-0.0500,-0.0200,0.0500,-0.2003,-0.0435,-0.2733,-0.0139,0.8356,-0.7914,-1.7304,113.6373,-55.8888,-115.6336
384798364,-0.0009,0.0040,-0.2795,0.0302,-0.0676,-0.0500,-0.0200,0.0500,-0.2017,-0.0433,-0.2795,0.0302,0.8356,-0.3693,-1.7304,113.6406,-55.8849,-115.6399
384803365,-0.0023,0.0042,-0.2963,0.0272,-0.0224,-0.0500,0.0622,0.0500,-0.2031,-0.0432,-0.2935,0.0225,0.8356,0.3165,-1.7304,113.6456,-55.8705,-115.6509
384808365,-0.0037,0.0042,-0.3173,-0.0128,-0.1024,0.0200,0.0601,0.0500,-0.2047,-0.0433,-0.3146,-0.0175,0.8356,0.3165,-1.7304,113.6489,-55.8686,-115.6572
384813365,-0.0052,0.0042,-0.3265,-0.0318,-0.2145,0.0200,0.0617,-0.0200,-0.2063,-0.0435,-0.3238,-0.0365,0.7892,0.3165,-1.3399,113.6530,-55.8674,-115.6595
384818365,-0.0070,0.0039,-0.3137,-0.0330,-0.1877,-0.1031,0.0611,-0.0200,-0.2078,-0.0437,-0.2977,-0.0413,-0.6499,0.5599,0.0524,113.6245,-55.8605,-115.6338
384823365,-0.0084,0.0037,-0.2697,-0.0055,-0.1092,-0.0979,0.0616,0.0405,-0.2090,-0.0438,-0.2399,-0.0219,-0.6499,1.6309,0.5244,113.6206,-55.8341,-115.6213
384828365,-0.0096,0.0037,-0.2279,0.0461,-0.0930,-0.0924,0.0698,0.0262,-0.2100,-0.0437,-0.1976,0.0289,-0.6499,1.6859,0.5244,113.6180,-55.8233,-115.6194
384833365,-0.0104,0.0041,-0.2043,0.0910,-0.0783,-0.0879,0.0773,0.0137,-0.2108,-0.0434,-0.1484,0.0566,-1.5655,2.8412,0.5244,113.5949,-55.7904,-115.6160
384838365,-0.0114,0.0045,-0.2025,0.0464,0.0106,-0.0907,0.0697,0.0207,-0.2114,-0.0432,-0.1250,0.0290,-1.8347,3.2543,2.0690,113.5823,-55.7649,-115.5806
384843365,-0.0123,0.0046,-0.1924,-0.0104,0.0717,-0.0923,0.0568,0.0328,-0.2119,-0.0434,-0.1086,-0.0337,-1.8347,3.8223,2.2345,113.5713,-55.7387,-115.5631
384848364,-0.0132,0.0042,-0.1460,-0.0565,0.0527,-0.0817,0.0402,0.0395,-0.2121,-0.0438,-0.0315,-0.0871,-3.1306,4.5495,2.4767,113.5351,-55.6984,-115.5501
384853365,-0.0138,0.0038,-0.0800,-0.0580,-0.0224,-0.0643,0.0309,0.0343,-0.2118,-0.0443,0.0612,-0.0923,-4.0240,5.3326,3.0094,113.4971,-55.6627,-115.5207
384858365,-0.0139,0.0036,0.0055,-0.0370,-0.0215,-0.0422,0.0234,0.0197,-0.2110,-0.0447,0.1609,-0.0783,-4.3449,6.0712,3.2707,113.4745,-55.6143,-115.5045
384863364,-0.0137,0.0036,0.0748,-0.0192,0.0594,-0.0240,0.0161,0.0056,-0.2098,-0.0450,0.2422,-0.0640,-4.7193,6.5093,3.4798,113.4389,-55.5807,-115.4782
384868365,-0.0131,0.0036,0.1093,-0.0195,0.0246,-0.0112,0.0105,-0.0002,-0.2083,-0.0453,0.2972,-0.0634,-5.4945,6.8944,3.9228,113.4022,-55.5331,-115.4565
384873365,-0.0126,0.0035,0.1326,-0.0473,-0.0352,-0.0016,0.0005,0.0025,-0.2066,-0.0458,0.3298,-0.0888,-5.9588,6.8944,4.0890,113.3584,-55.5056,-115.4271
384878365,-0.0118,0.0033,0.1393,-0.0712,0.0048,0.0500,-0.0500,0.0050,-0.2049,-0.0463,0.3423,-0.1077,-6.0665,6.9523,4.4795,113.3323,-55.4622,-115.4038
384883365,-0.0111,0.0029,0.1814,-0.0388,0.1340,0.0500,-0.0500,-0.0500,-0.2038,-0.0462,0.2201,0.0283,-6.0665,6.7099,4.4795,113.2959,-55.4401,-115.3752
384888365,-0.0099,0.0027,0.2556,0.0052,0.0778,0.0500,-0.0500,-0.0500,-0.2025,-0.0461,0.2556,0.0052,-5.2214,6.0947,4.5320,113.2898,-55.4136,-115.3577
384893364,-0.0085,0.0027,0.2975,0.0489,0.0429,0.0500,-0.0500,-0.0500,-0.2011,-0.0459,0.2975,0.0489,-3.8691,6.0947,4.5320,113.2896,-55.3892,-115.3288
384898365,-0.0068,0.0032,0.3213,0.0733,0.0747,-0.0200,0.0200,-0.0500,-0.1994,-0.0455,0.3213,0.0733,-3.1930,5.1450,3.8700,113.2890,-55.3731,-115.3267
384903365,-0.0051,0.0037,0.3170,0.0709,0.1184,-0.0200,0.0200,0.0200,-0.1979,-0.0452,0.3170,0.0709,-2.3479,4.2481,2.8219,113.2895,-55.3723,-115.3266
384908365,-0.0036,0.0039,0.2575,0.0431,0.0970,0.0536,-0.0087,0.0200,-0.1963,-0.0452,0.3172,-0.0037,-1.8971,3.1402,2.3254,113.2900,-55.3725,-115.3272
384913365,-0.0025,0.0041,0.1781,0.0275,0.0933,0.0384,-0.0017,-0.0403,-0.1951,-0.0451,0.2399,0.0150,-1.4464,2.5599,1.7185,113.2890,-55.3727,-115.3265
384918365,-0.0016,0.0042,0.1225,0.0550,0.1172,0.0264,0.0500,-0.0416,-0.1942,-0.0449,0.1707,0.0477,-1.1647,1.8741,1.3876,113.2895,-55.3731,-115.3275
384923365,-0.0010,0.0044,0.0962,0.0764,0.1639,0.0181,0.0500,-0.0452,-0.1937,-0.0444,0.0947,0.0913,0.5924,1.5575,1.0014,113.3214,-55.3726,-115.3275
384928365,-0.0008,0.0046,0.0635,0.0638,0.0442,0.0109,0.0500,-0.0370,-0.1935,-0.0440,0.0467,0.0763,1.4002,1.1355,0.8359,113.3434,-55.3730,-115.3274
384933364,-0.0008,0.0047,-0.0299,0.0076,-0.0539,-0.0500,0.0500,-0.0119,-0.1938,-0.0440,-0.0487,0.0168,1.4002,0.9244,0.6152,113.3518,-55.3730,-115.3272
384938364,-0.0011,0.0046,-0.1118,-0.0156,-0.0084,-0.0500,-0.0200,0.0500,-0.1943,-0.0440,-0.1074,-0.0080,1.4002,0.7134,0.5049,113.3574,-55.3723,-115.3273
384943364,-0.0019,0.0044,-0.1970,-0.0351,0.0539,-0.0500,-0.0200,0.0500,-0.1953,-0.0442,-0.1970,-0.0351,1.4002,0.6607,0.3946,113.3658,-55.3708,-115.3267
384948364,-0.0031,0.0041,-0.3015,-0.0388,0.0830,-0.0500,0.0482,0.0500,-0.1968,-0.0444,-0.2958,-0.0486,1.4002,0.6607,0.3394,113.3714,-55.3668,-115.3265
384953365,-0.0046,0.0037,-0.3412,-0.0476,0.1068,0.0200,0.0522,0.0500,-0.1984,-0.0447,-0.3334,-0.0611,1.1681,0.9041,0.2291,113.3747,-55.3592,-115.3270
384958365,-0.0064,0.0036,-0.3534,-0.0489,0.0591,0.0200,0.0560,-0.0200,-0.2001,-0.0451,-0.3372,-0.0768,0.9360,1.8777,0.1739,113.3743,-55.3298,-115.3273
384963365,-0.0082,0.0034,-0.3277,-0.0531,0.0258,-0.1131,0.0544,-0.0200,-0.2016,-0.0455,-0.2958,-0.0811,-0.9155,1.8777,0.1188,113.3376,-55.3223,-115.3274
384968365,-0.0100,0.0030,-0.3235,-0.0412,0.0906,-0.1193,0.0568,0.0590,-0.2030,-0.0459,-0.2824,-0.0813,-0.9155,2.8129,0.1188,113.3340,-55.2903,-115.3270
384973365,-0.0115,0.0027,-0.3039,-0.0153,0.1367,-0.1210,0.0613,0.0544,-0.2043,-0.0462,-0.2624,-0.0545,-0.9155,2.8129,0.1739,113.3285,-55.2790,-115.3250
384978365,-0.0129,0.0026,-0.2526,0.0079,0.2048,-0.1142,0.0607,0.0456,-0.2053,-0.0464,-0.2044,-0.0427,-0.9155,3.5874,0.1739,113.3248,-55.2451,-115.3243
384983365,-0.0140,0.0026,-0.2013,-0.0189,0.1972,-0.1037,0.0497,0.0464,-0.2060,-0.0467,-0.1279,-0.0697,-2.3804,3.5874,0.1739,113.2857,-55.2308,-115.3232
384988364,-0.0149,0.0024,-0.1530,-0.0574,0.1480,-0.0939,0.0363,0.0520,-0.2063,-0.0473,-0.0709,-0.1117,-2.3804,4.2177,0.5614,113.2762,-55.1935,-115.3147
384993365,-0.0155,0.0020,-0.0867,-0.0651,0.0918,-0.0766,0.0263,0.0467,-0.2062,-0.0479,0.0266,-0.1105,-3.2268,4.8889,1.8206,113.2425,-55.1615,-115.2800
384998364,-0.0158,0.0015,-0.0308,-0.0785,0.0698,-0.0620,0.0146,0.0448,-0.2057,-0.0485,0.1017,-0.1255,-3.7616,5.5220,2.3432,113.2186,-55.1187,-115.2627
385003365,-0.0160,0.0009,0.0073,-0.0782,0.1034,-0.0525,0.0079,0.0406,-0.2049,-0.0491,0.1509,-0.1174,-4.1436,5.5220,2.8658,113.1874,-55.0966,-115.2368
385008365,-0.0160,0.0004,0.0260,-0.1005,0.1318,-0.0467,-0.0015,0.0431,-0.2040,-0.0497,0.1908,-0.1303,-4.9188,5.6680,3.6412,113.1530,-55.0599,-115.2078
385013365,-0.0158,0.0001,0.0556,-0.0941,0.1437,-0.0376,-0.0500,0.0382,-0.2028,-0.0503,0.2337,-0.1222,-5.5224,5.7780,3.8627,113.1091,-55.0348,-115.1822
385018365,-0.0154,-0.0005,0.1075,-0.0626,0.1227,-0.0253,-0.0500,0.0211,-0.2016,-0.0503,0.2492,0.0050,-5.9532,5.7780,4.5462,113.0773,-55.0002,-115.1489
385023365,-0.0146,-0.0005,0.1607,0.0385,0.1046,-0.0081,-0.0500,-0.0500,-0.2000,-0.0497,0.3122,0.1132,-6.2912,4.7969,5.0181,113.0345,-54.9986,-115.1132
385028365,-0.0134,-0.0003,0.2734,0.1002,0.1107,0.0500,-0.0500,-0.0500,-0.1981,-0.0492,0.3817,0.0997,-6.2912,4.7969,5.0181,113.0093,-54.9699,-115.0906
385033364,-0.0118,0.0005,0.3280,0.1191,-0.0423,0.0500,0.0200,-0.0500,-0.1965,-0.0487,0.3280,0.1191,-6.2442,4.2636,5.1836,112.9727,-54.9620,-115.0591
385038364,-0.0102,0.0012,0.3574,0.1655,-0.0844,0.0500,0.0200,-0.0500,-0.1947,-0.0478,0.3574,0.1655,-5.4955,3.1486,5.1352,112.9637,-54.9622,-115.0368
385043365,-0.0081,0.0017,0.3735,0.1417,-0.0453,0.0500,0.0500,0.0200,-0.1927,-0.0473,0.3957,0.1036,-4.0515,2.5668,4.2150,112.9642,-54.9624,-115.0301
385048365,-0.0061,0.0024,0.3680,0.1649,-0.0652,-0.0200,0.0500,0.0200,-0.1908,-0.0465,0.3680,0.1649,-3.3027,1.8881,4.2150,112.9644,-54.9625,-115.0112
385053365,-0.0042,0.0031,0.3461,0.2013,-0.1247,-0.0200,0.0500,-0.0922,-0.1890,-0.0452,0.3724,0.2469,-2.4470,1.5003,3.0526,112.9643,-54.9618,-115.0129
385058365,-0.0027,0.0040,0.2648,0.1613,-0.1660,0.0613,0.0500,-0.0777,-0.1874,-0.0444,0.3100,0.1793,-2.0191,1.2094,1.2122,112.9640,-54.9623,-115.0367
385063365,-0.0016,0.0048,0.1778,0.1463,-0.1021,0.0422,-0.0200,-0.0685,-0.1864,-0.0435,0.2121,0.1615,-1.4843,0.9185,1.0185,112.9642,-54.9618,-115.0361
385068365,-0.0007,0.0053,0.1390,0.1130,-0.0441,0.0349,-0.0200,-0.0605,-0.1855,-0.0429,0.1662,0.1239,-1.2169,0.7246,0.7279,112.9642,-54.9624,-115.0368
385073365,-0.0005,0.0058,0.0330,0.0574,-0.0572,0.0090,0.0291,-0.0358,-0.1852,-0.0426,0.0593,0.0560,-0.8960,0.6761,0.5826,112.9643,-54.9593,-115.0370
385078365,-0.0003,0.0060,0.0031,0.0675,-0.0255,0.0016,0.0349,-0.0355,-0.1851,-0.0423,0.0239,0.0615,-0.7356,0.6761,0.2718,112.9642,-54.9566,-115.0401
385083365,-0.0003,0.0062,-0.0428,0.0373,0.0610,-0.0500,0.0327,-0.0226,-0.1853,-0.0423,-0.0404,0.0058,-0.5216,0.6761,-1.4343,112.9647,-54.9526,-115.0766
385088365,-0.0007,0.0064,-0.1176,0.0205,0.0689,-0.0500,0.0401,-0.0091,-0.1860,-0.0424,-0.1241,-0.0110,0.7523,0.6761,-1.4343,112.9901,-54.9499,-115.0852
385093365,-0.0015,0.0062,-0.2086,-0.0516,-0.0691,-0.0500,0.0371,0.0500,-0.1870,-0.0429,-0.2040,-0.1023,1.1755,1.9626,-1.4343,113.0041,-54.9144,-115.0909
385098365,-0.0028,0.0058,-0.2645,-0.1097,-0.1800,-0.0500,0.0348,0.0500,-0.1882,-0.0436,-0.2475,-0.1389,0.6113,1.9626,-1.4343,112.9982,-54.9066,-115.0995
385103365,-0.0043,0.0052,-0.2911,-0.1374,-0.1345,0.0200,0.0325,0.0500,-0.1896,-0.0444,-0.2737,-0.1674,0.5172,2.0153,-1.4343,112.9986,-54.8938,-115.1053
385108365,-0.0059,0.0043,-0.2923,-0.1768,-0.0044,0.0200,0.0214,0.0500,-0.1909,-0.0455,-0.2676,-0.2194,0.3762,2.8594,-1.4343,112.9985,-54.8663,-115.1139
385113365,-0.0074,0.0034,-0.2856,-0.2022,0.0888,-0.0991,0.0129,-0.0200,-0.1921,-0.0467,-0.2397,-0.2448,-1.2301,2.8594,-1.4343,112.9650,-54.8492,-115.1196
385118365,-0.0089,0.0024,-0.2782,-0.2092,0.0323,-0.1024,0.0105,-0.0200,-0.1933,-0.0480,-0.2298,-0.2547,-1.2836,3.0542,-1.2245,112.9562,-54.8336,-115.1237
385123365,-0.0103,0.0015,-0.2599,-0.1988,-0.0194,-0.1029,0.0106,0.0930,-0.1943,-0.0492,-0.2136,-0.2478,-1.2836,3.0542,-0.2370,112.9511,-54.8153,-115.1077
385128364,-0.0116,0.0004,-0.2306,-0.1820,-0.0130,-0.0997,0.0103,0.0899,-0.1952,-0.0503,-0.1713,-0.2084,-1.2836,3.0542,1.2688,112.9434,-54.8031,-115.0729
385133365,-0.0126,-0.0004,-0.1848,-0.1307,0.0106,-0.0922,0.0143,0.0775,-0.1958,-0.0511,-0.1188,-0.1571,-1.6712,3.0542,1.2688,112.9303,-54.7848,-115.0678
385138364,-0.0134,-0.0010,-0.1280,-0.0816,-0.0847,-0.0788,0.0181,0.0640,-0.1960,-0.0516,-0.0496,-0.1080,-2.3911,3.0542,1.2688,112.9022,-54.7725,-115.0602
385143365,-0.0140,-0.0012,-0.0944,-0.0660,-0.2145,-0.0701,0.0194,0.0589,-0.1960,-0.0520,-0.0030,-0.0823,-2.8089,3.0542,1.9469,112.8841,-54.7542,-115.0410
385148365,-0.0143,-0.0014,-0.0724,-0.0706,-0.2124,-0.0655,0.0159,0.0577,-0.1959,-0.0524,0.0241,-0.0786,-3.1877,2.6927,2.1406,112.8579,-54.7496,-115.0244
385153365,-0.0147,-0.0019,-0.0712,-0.1115,-0.1168,-0.0668,0.0060,0.0654,-0.1957,-0.0529,0.0392,-0.0964,-3.8878,2.0214,3.0290,112.8289,-54.7490,-114.9966
385158364,-0.0150,-0.0024,-0.0373,-0.1161,-0.0297,-0.0598,-0.0017,0.0626,-0.1953,-0.0534,0.0856,-0.0957,-4.7893,1.6600,3.0290,112.7862,-54.7490,-114.9784
385163365,-0.0148,-0.0028,0.0706,-0.0409,-0.1284,-0.0299,0.0014,0.0334,-0.1943,-0.0534,0.2009,-0.0020,-5.0714,1.1952,3.8043,112.7613,-54.7498,-114.9497
385168365,-0.0142,-0.0028,0.1338,0.0360,-0.0801,-0.0114,0.0081,0.0064,-0.1929,-0.0530,0.2753,0.0779,-5.8220,0.9887,3.8043,112.7136,-54.7495,-114.9307
385173365,-0.0132,-0.0026,0.2028,0.1014,-0.0065,0.0500,0.0124,-0.0500,-0.1912,-0.0522,0.3476,0.1566,-5.8220,0.7305,4.4390,112.6904,-54.7495,-114.9010
385178365,-0.0121,-0.0019,0.2468,0.1466,-0.0520,0.0500,0.0184,-0.0500,-0.1899,-0.0515,0.2517,0.1381,-6.2650,0.5756,4.9110,112.6451,-54.7500,-114.8638
385183364,-0.0109,-0.0011,0.2770,0.1851,-0.1531,0.0500,0.0249,-0.0500,-0.1885,-0.0506,0.2806,0.1788,-5.9864,0.4207,4.9110,112.6257,-54.7499,-114.8441
385188365,-0.0095,-0.0003,0.3018,0.1967,-0.2066,0.0500,0.0249,-0.0500,-0.1870,-0.0497,0.3049,0.1912,-5.9400,0.3691,4.3042,112.5910,-54.7494,-114.8275
385193365,-0.0079,0.0006,0.3338,0.2285,-0.1434,-0.0200,0.0272,0.0200,-0.1853,-0.0485,0.3361,0.2245,-4.9168,0.2658,3.5319,112.5897,-54.7496,-114.8272
385198365,-0.0061,0.0016,0.3326,0.2456,-0.0609,-0.0200,0.0299,0.0200,-0.1836,-0.0473,0.3345,0.2424,-3.6243,0.2142,2.5940,112.5900,-54.7496,-114.8276
385203365,-0.0045,0.0028,0.2874,0.2401,-0.0872,0.0610,0.0349,-0.0925,-0.1818,-0.0460,0.3595,0.2682,-2.9780,0.2658,2.1527,112.5897,-54.7471,-114.8269
385208365,-0.0034,0.0035,0.1949,0.1185,0.0378,0.0391,0.0189,-0.0595,-0.1806,-0.0453,0.2492,0.1384,-2.2241,0.2658,1.6011,112.5893,-54.7460,-114.8267
385213364,-0.0029,0.0039,0.0779,0.0553,0.0368,0.0110,0.0203,-0.0327,-0.1800,-0.0449,0.1225,0.0711,-1.7933,0.2658,1.3252,112.5899,-54.7444,-114.8265
385218365,-0.0026,0.0040,0.0660,-0.0064,-0.0206,0.0089,0.0090,-0.0171,-0.1795,-0.0449,0.0989,0.0036,-1.3086,0.2658,0.9391,112.5902,-54.7434,-114.8274
385223365,-0.0024,0.0038,0.0535,0.0073,0.0164,0.0064,0.0105,-0.0175,-0.1790,-0.0450,0.0925,-0.0046,-1.0931,1.5747,0.7736,112.5897,-54.7135,-114.8272
385228365,-0.0021,0.0036,0.0345,-0.0153,0.0927,0.0004,0.0040,-0.0080,-0.1788,-0.0453,0.0500,-0.0629,-0.8239,1.6717,-1.5207,112.5894,-54.7049,-114.8749
385233364,-0.0020,0.0034,-0.0308,-0.0519,0.1443,-0.0500,0.0028,0.0500,-0.1789,-0.0458,-0.0182,-0.0995,-0.6623,1.6717,-1.5207,112.5897,-54.6948,-114.8810
385238365,-0.0025,0.0030,-0.1283,-0.0925,0.0631,-0.0500,0.0082,0.0500,-0.1794,-0.0464,-0.1139,-0.1175,-0.5008,1.6717,-1.5207,112.5895,-54.6881,-114.8901
385243365,-0.0033,0.0022,-0.1973,-0.1732,-0.0496,-0.0500,-0.0003,0.0500,-0.1804,-0.0473,-0.1829,-0.1981,-0.3930,1.6717,-1.5207,112.5899,-54.6781,-114.8962
385248365,-0.0047,0.0011,-0.2550,-0.1885,-0.0264,-0.0500,0.0022,0.0500,-0.1816,-0.0484,-0.2406,-0.2133,-0.2853,1.6717,-1.5207,112.5900,-54.6714,-114.9053
385253365,-0.0061,-0.0003,-0.2874,-0.2187,0.1098,0.0200,-0.0500,-0.0200,-0.1829,-0.0496,-0.2769,-0.2369,-0.2315,1.2242,-0.3671,112.5900,-54.6718,-114.8868
385258364,-0.0073,-0.0011,-0.2654,-0.1304,0.0979,0.0200,-0.0500,-0.0200,-0.1843,-0.0502,-0.2654,-0.1304,-0.2315,1.0005,0.3146,112.5886,-54.6719,-114.8719
385263365,-0.0086,-0.0019,-0.2844,-0.1029,0.0042,-0.1055,-0.0500,0.0813,-0.1857,-0.0507,-0.2777,-0.0982,-0.2315,0.7208,0.3146,112.5877,-54.6723,-114.8706
385268365,-0.0101,-0.0026,-0.3164,-0.0987,-0.0600,-0.1184,-0.0500,0.0904,-0.1872,-0.0512,-0.3074,-0.0898,-0.2315,0.6090,0.5905,112.5863,-54.6719,-114.8632
385273365,-0.0115,-0.0033,-0.3372,-0.1014,-0.0062,-0.1293,0.0200,0.0961,-0.1888,-0.0515,-0.3144,-0.0686,-0.2315,0.4412,2.1902,112.5854,-54.6721,-114.8254
385278365,-0.0132,-0.0038,-0.2981,-0.0932,0.0402,-0.1239,0.0200,0.0924,-0.1900,-0.0518,-0.2394,-0.0605,-2.3162,0.3853,2.1902,112.5350,-54.6716,-114.8123
385283364,-0.0147,-0.0042,-0.2721,-0.0480,0.0164,-0.1239,0.0500,0.0832,-0.1911,-0.0518,-0.2250,0.0048,-2.3162,-1.3574,2.1902,112.5258,-54.7082,-114.8035
385288365,-0.0160,-0.0045,-0.2401,-0.0122,-0.0655,-0.1177,0.0500,0.0756,-0.1919,-0.0517,-0.1638,0.0298,-3.0215,-1.5029,2.8199,112.4965,-54.7171,-114.7749
385293364,-0.0170,-0.0045,-0.1878,0.0360,-0.0582,-0.1084,0.0500,0.0600,-0.1924,-0.0512,-0.1056,0.0835,-3.1819,-1.5029,3.1857,112.4812,-54.7261,-114.7561
385298364,-0.0177,-0.0042,-0.1283,0.0983,0.0677,-0.0970,0.0500,0.0371,-0.1926,-0.0505,-0.0327,0.1497,-3.8237,-1.5029,3.4470,112.4460,-54.7321,-114.7303
385303365,-0.0179,-0.0036,-0.0140,0.1567,-0.0246,-0.0660,-0.0200,0.0080,-0.1921,-0.0494,0.1058,0.2171,-4.9312,-1.5029,4.0562,112.4055,-54.7411,-114.7040
385308365,-0.0178,-0.0027,0.0651,0.1903,-0.1052,-0.0429,-0.0200,-0.0500,-0.1910,-0.0481,0.2064,0.2514,-6.1513,-1.5029,4.1116,112.3480,-54.7471,-114.6782
385313365,-0.0171,-0.0018,0.1579,0.2263,-0.0777,-0.0202,0.0556,-0.0500,-0.1897,-0.0469,0.2604,0.2397,-6.4206,-0.9507,4.5510,112.3170,-54.7442,-114.6519
385318365,-0.0161,-0.0006,0.2224,0.2724,-0.0194,0.0019,0.0559,-0.0500,-0.1879,-0.0456,0.3578,0.2631,-7.5762,0.5818,4.5510,112.2516,-54.7140,-114.6246
385323365,-0.0148,0.0007,0.2578,0.3097,-0.0148,0.0500,0.0611,-0.0500,-0.1860,-0.0441,0.3953,0.2983,-7.6232,0.7272,3.7120,112.2202,-54.7067,-114.6249
385328365,-0.0134,0.0024,0.2996,0.3256,-0.0731,0.0500,0.0683,0.0200,-0.1844,-0.0426,0.3059,0.3148,-7.7837,0.7272,2.7681,112.1703,-54.7038,-114.6244
385333364,-0.0118,0.0041,0.3180,0.3082,-0.1321,0.0500,0.0657,0.0200,-0.1828,-0.0411,0.3242,0.2974,-7.5068,0.7272,2.2437,112.1455,-54.6994,-114.6249
385338364,-0.0101,0.0055,0.3323,0.2529,-0.1156,0.0500,0.0533,-0.0953,-0.1810,-0.0398,0.3593,0.2563,-6.3462,1.4543,1.6669,112.1256,-54.6814,-114.6248
385343365,-0.0085,0.0065,0.3067,0.1735,-0.0640,-0.0200,0.0373,-0.0805,-0.1794,-0.0390,0.3286,0.1547,-5.1855,1.9018,0.6308,112.1257,-54.6613,-114.6402
385348365,-0.0069,0.0069,0.2786,0.0611,0.0649,-0.0200,0.0124,-0.0573,-0.1779,-0.0389,0.2916,0.0270,-3.8392,1.9018,-0.3906,112.1257,-54.6537,-114.6617
385353365,-0.0058,0.0070,0.1866,0.0153,0.1068,0.0280,0.0083,-0.0405,-0.1766,-0.0391,0.2628,-0.0347,-3.1429,2.9569,-0.3906,112.1256,-54.6190,-114.6632
385358365,-0.0048,0.0067,0.1619,-0.0165,0.0924,0.0248,0.0023,-0.0306,-0.1755,-0.0394,0.2237,-0.0664,-2.3072,2.9569,-0.3906,112.1260,-54.6072,-114.6656
385363364,-0.0041,0.0064,0.1032,-0.0785,0.0472,0.0125,-0.0500,-0.0082,-0.1747,-0.0401,0.1517,-0.1392,-1.8894,2.9569,-1.1105,112.1259,-54.5895,-114.6821
385368364,-0.0036,0.0058,0.0571,-0.1228,-0.0105,0.0004,-0.0500,0.0500,-0.1744,-0.0409,0.0643,-0.1526,-1.4251,2.9569,-1.9966,112.1253,-54.5777,-114.7108
385373365,-0.0035,0.0050,-0.0174,-0.1658,-0.0908,-0.0500,-0.0500,0.0500,-0.1744,-0.0417,0.0023,-0.1659,-1.1466,2.9569,-1.9966,112.1257,-54.5599,-114.7188
385378364,-0.0037,0.0040,-0.0669,-0.2315,-0.1183,-0.0500,-0.0500,0.0500,-0.1747,-0.0428,-0.0669,-0.2315,-0.8680,2.9569,-1.9966,112.1253,-54.5481,-114.7308
385383364,-0.0043,0.0026,-0.1402,-0.2905,-0.0667,-0.0500,0.0200,0.0500,-0.1754,-0.0443,-0.1402,-0.2905,-0.6823,2.2968,-1.9966,112.1259,-54.5451,-114.7388
385388365,-0.0049,0.0010,-0.1741,-0.3158,-0.0154,-0.0500,0.0200,-0.0200,-0.1763,-0.0459,-0.1741,-0.3158,-0.4966,1.3952,-1.8921,112.1260,-54.5552,-114.7486
385393365,-0.0058,-0.0007,-0.2214,-0.2969,-0.0191,0.0200,-0.0269,-0.0200,-0.1774,-0.0473,-0.2244,-0.2918,-0.4038,-0.3408,-1.5263,112.1260,-54.5883,-114.7481
385398365,-0.0071,-0.0017,-0.2789,-0.1487,-0.0893,0.0200,0.0500,0.0900,-0.1789,-0.0481,-0.2918,-0.1610,-0.4038,-0.3408,-1.1604,112.1235,-54.5896,-114.7488
385403364,-0.0086,-0.0024,-0.2896,-0.0956,-0.0771,-0.1058,0.0500,0.0838,-0.1803,-0.0486,-0.2846,-0.0990,-0.4038,-0.3408,-0.2283,112.1219,-54.5917,-114.7338
385408364,-0.0101,-0.0028,-0.2779,-0.0721,-0.0056,-0.1073,0.0500,0.0778,-0.1815,-0.0489,-0.2368,-0.0531,-1.7501,-0.3408,1.2737,112.0906,-54.5930,-114.6988
385413365,-0.0115,-0.0032,-0.2608,-0.1029,-0.0313,-0.1080,0.0500,0.0868,-0.1826,-0.0493,-0.2188,-0.0840,-1.8040,-1.6597,1.2737,112.0823,-54.6244,-114.6937
385418365,-0.0126,-0.0036,-0.2447,-0.1048,-0.0866,-0.1078,-0.0200,0.0895,-0.1836,-0.0497,-0.2026,-0.0858,-1.8040,-1.2376,1.2737,112.0714,-54.6220,-114.6861
385423365,-0.0138,-0.0041,-0.2404,-0.0626,-0.0542,-0.1107,-0.0200,0.0831,-0.1845,-0.0500,-0.1847,-0.0437,-2.5928,-0.9211,1.2737,112.0478,-54.6221,-114.6810
385428365,-0.0150,-0.0044,-0.2483,-0.0043,0.0222,-0.1177,0.0451,0.0718,-0.1854,-0.0498,-0.1802,0.0390,-3.2600,-0.7628,2.1526,112.0169,-54.6222,-114.6517
385433364,-0.0163,-0.0043,-0.2556,0.0678,0.0717,-0.1236,0.0636,0.0573,-0.1863,-0.0492,-0.1658,0.1199,-3.8713,-0.4058,3.0964,111.9897,-54.6188,-114.6228
385438364,-0.0174,-0.0038,-0.2022,0.1274,0.0478,-0.1124,0.0715,0.0390,-0.1867,-0.0484,-0.0850,0.1561,-4.6735,1.1683,3.0964,111.9469,-54.5862,-114.6042
385443365,-0.0177,-0.0031,-0.0269,0.1506,-0.0597,-0.0662,0.0591,0.0094,-0.1861,-0.0474,0.1156,0.1933,-5.6703,1.1683,4.0342,111.9057,-54.5792,-114.5710
385448365,-0.0175,-0.0023,0.0709,0.1570,-0.0927,-0.0381,0.0504,-0.0500,-0.1849,-0.0464,0.2439,0.2097,-7.1057,1.1683,4.7123,111.8390,-54.5746,-114.5322
385453365,-0.0169,-0.0016,0.1414,0.2013,-0.0731,-0.0196,0.0471,-0.0500,-0.1834,-0.0456,0.2925,0.1645,-7.5565,2.4336,4.7123,111.8014,-54.5375,-114.5133
385458365,-0.0158,-0.0005,0.2074,0.2651,-0.0276,0.0018,0.0531,-0.0500,-0.1816,-0.0444,0.3732,0.2283,-8.4118,2.4336,4.9736,111.7359,-54.5278,-114.4787
385463364,-0.0148,0.0010,0.2358,0.3158,-0.0178,0.0500,0.0620,-0.0500,-0.1795,-0.0431,0.4160,0.2637,-8.7326,3.4664,4.9736,111.6951,-54.4883,-114.4588
385468365,-0.0135,0.0026,0.2706,0.3140,-0.0417,0.0500,0.0657,0.0200,-0.1779,-0.0418,0.3064,0.2525,-9.0095,4.1451,3.9214,111.6362,-54.4602,-114.4526
385473365,-0.0119,0.0042,0.3265,0.2804,-0.0734,0.0500,0.0530,0.0200,-0.1761,-0.0408,0.3681,0.2089,-8.8238,4.8163,3.2015,111.6044,-54.4214,-114.4528
385478365,-0.0101,0.0054,0.3577,0.2129,-0.1015,0.0500,0.0370,-0.0883,-0.1740,-0.0399,0.4198,0.1769,-7.2621,4.8163,2.3708,111.5864,-54.4021,-114.4529
385483365,-0.0083,0.0061,0.3485,0.1185,-0.0786,-0.0200,0.0147,-0.0721,-0.1719,-0.0396,0.4127,0.0656,-7.2621,5.5021,1.9277,111.5574,-54.3572,-114.4531
385488365,-0.0065,0.0062,0.3293,0.0052,0.1156,-0.0200,-0.0500,-0.0507,-0.1700,-0.0399,0.3917,-0.0596,-6.0789,5.7942,1.4293,111.5395,-54.3289,-114.4530
385493365,-0.0049,0.0061,0.2874,-0.0354,0.1566,0.0576,-0.0500,-0.0462,-0.1681,-0.0400,0.3793,-0.0238,-4.9520,6.0693,0.7897,111.5400,-54.2883,-114.4608
385498365,-0.0036,0.0055,0.2508,-0.0819,0.1156,0.0514,-0.0500,-0.0280,-0.1666,-0.0405,0.3041,-0.0983,-3.6561,6.0693,-1.0975,111.5400,-54.2640,-114.5006
385503365,-0.0023,0.0048,0.2239,-0.1487,0.0640,0.0496,-0.0500,-0.0093,-0.1652,-0.0413,0.2666,-0.1652,-3.0363,5.3980,-1.0975,111.5390,-54.2426,-114.5050
385508365,-0.0012,0.0040,0.1726,-0.1732,0.0521,0.0402,0.0200,0.0500,-0.1642,-0.0423,0.2017,-0.1896,-2.2475,5.3980,-1.0975,111.5392,-54.2210,-114.5116
385513364,-0.0005,0.0028,0.0996,-0.2303,-0.0301,0.0259,0.0200,0.0500,-0.1636,-0.0434,0.1305,-0.2303,-1.7968,4.3314,-1.0975,111.5401,-54.2123,-114.5160
385518364,-0.0001,0.0015,0.0217,-0.2596,-0.1602,0.0111,-0.0573,0.0500,-0.1632,-0.0450,0.0755,-0.3126,-1.3460,3.5557,-1.0975,111.5396,-54.2120,-114.5226
385523364,-0.0002,0.0000,-0.0461,-0.2624,-0.2209,-0.0500,-0.0517,0.0500,-0.1633,-0.0465,-0.0217,-0.3017,-0.1024,2.6346,-1.0975,111.5609,-54.2120,-114.5270
385528364,-0.0004,-0.0015,-0.0409,-0.2560,-0.1718,-0.0500,-0.0558,-0.0200,-0.1634,-0.0479,-0.0224,-0.2880,1.2386,2.1498,-1.0975,111.5930,-54.2122,-114.5336
385533364,-0.0008,-0.0025,-0.0562,-0.1564,0.0219,-0.0500,-0.0365,-0.0200,-0.1636,-0.0488,-0.0427,-0.1798,1.2386,1.5681,-1.0006,111.5980,-54.2126,-114.5359
385538365,-0.0015,-0.0034,-0.1888,-0.1304,-0.0380,-0.0500,-0.0139,0.0669,-0.1645,-0.0495,-0.1697,-0.1354,1.2386,1.2772,0.9407,111.6054,-54.2127,-114.4980
385543364,-0.0026,-0.0039,-0.2599,-0.0956,-0.0020,0.0200,0.0500,0.0707,-0.1658,-0.0499,-0.2563,-0.0739,0.3770,-0.5164,0.9407,111.5923,-54.2449,-114.4943
385548365,-0.0041,-0.0045,-0.2822,-0.0788,0.0597,0.0200,0.0500,0.0745,-0.1671,-0.0502,-0.2741,-0.0648,0.1616,-0.7229,0.9407,111.5891,-54.2518,-114.4886
385553364,-0.0056,-0.0051,-0.2734,-0.0864,0.0136,-0.0908,0.0500,0.0807,-0.1685,-0.0506,-0.2671,-0.0724,0.1077,-0.7229,0.9407,111.5885,-54.2562,-114.4849
385558365,-0.0070,-0.0056,-0.2685,-0.0464,-0.0939,-0.0929,0.0500,0.0755,-0.1697,-0.0506,-0.2504,-0.0133,0.0514,-0.7229,2.2144,111.5880,-54.2591,-114.4517
385563365,-0.0081,-0.0058,-0.2462,-0.0061,-0.1348,-0.0887,-0.0200,0.0663,-0.1707,-0.0505,-0.1970,0.0269,-1.7466,-0.7229,2.2144,111.5487,-54.2634,-114.4428
385568365,-0.0092,-0.0056,-0.2734,0.0535,-0.0356,-0.1002,-0.0200,0.0556,-0.1717,-0.0500,-0.2086,0.1018,-2.1410,-0.7229,3.2397,111.5281,-54.2663,-114.4066
385573365,-0.0107,-0.0053,-0.3167,0.1210,0.1162,-0.1186,0.0685,0.0457,-0.1730,-0.0491,-0.2448,0.1741,-2.1410,0.2582,3.8165,111.5196,-54.2499,-114.3817
385578365,-0.0125,-0.0048,-0.3363,0.1463,0.0729,-0.1292,0.0822,0.0442,-0.1742,-0.0481,-0.2520,0.2026,-2.7053,0.3098,4.0787,111.4940,-54.2476,-114.3521
385583364,-0.0137,-0.0039,-0.1927,0.1845,0.0203,-0.0965,0.0789,0.0169,-0.1747,-0.0468,-0.1022,0.2516,-2.7053,0.3098,4.7959,111.4832,-54.2458,-114.3199
385588365,-0.0143,-0.0031,-0.1057,0.1964,-0.0105,-0.0757,0.0752,0.0009,-0.1747,-0.0455,0.0018,0.2721,-3.4006,0.3098,5.3771,111.4498,-54.2445,-114.2783
385593365,-0.0146,-0.0021,-0.0394,0.2260,-0.0191,-0.0578,0.0754,-0.0500,-0.1742,-0.0440,0.0985,0.2914,-4.4527,1.3764,5.7429,111.4140,-54.2199,-114.2493
385598365,-0.0146,-0.0007,0.0220,0.2648,-0.0380,-0.0445,0.0764,-0.0500,-0.1736,-0.0428,0.1270,0.2389,-5.2419,1.7157,5.7429,111.3700,-54.2065,-114.2149
385603365,-0.0143,0.0007,0.0718,0.2584,0.0943,-0.0309,0.0693,-0.0500,-0.1726,-0.0418,0.1971,0.2134,-5.7804,3.0022,5.1891,111.3378,-54.1664,-114.2034
385608365,-0.0139,0.0022,0.1014,0.2834,0.1040,-0.0209,0.0741,-0.0500,-0.1714,-0.0406,0.2404,0.2282,-6.2312,3.6880,4.9676,111.2939,-54.1402,-114.1779
385613365,-0.0132,0.0034,0.1640,0.2694,-0.0010,-0.0000,0.0654,0.0200,-0.1698,-0.0396,0.3181,0.1932,-6.4002,5.1000,4.8211,111.2649,-54.0855,-114.1610
385618365,-0.0122,0.0049,0.2199,0.2663,0.0423,0.0500,0.0592,0.0200,-0.1679,-0.0387,0.3833,0.1812,-6.6353,5.7052,3.5517,111.2207,-54.0526,-114.1613
385623365,-0.0109,0.0062,0.2581,0.2437,0.2369,0.0500,0.0541,-0.0875,-0.1662,-0.0378,0.3398,0.1869,-6.2609,6.6515,2.7997,111.2026,-53.9972,-114.1634
385628365,-0.0097,0.0065,0.2434,0.0467,0.3074,0.0500,0.0088,-0.0436,-0.1647,-0.0381,0.3083,-0.0538,-6.2609,7.1363,0.3630,111.1650,-53.9605,-114.2031
385633364,-0.0083,0.0065,0.2660,-0.0284,0.2345,0.0500,-0.0500,-0.0315,-0.1630,-0.0388,0.3348,-0.1373,-5.1534,7.6397,0.3076,111.1642,-53.9064,-114.2028
385638365,-0.0071,0.0062,0.2572,-0.0935,0.2635,-0.0200,-0.0500,-0.0227,-0.1617,-0.0392,0.2589,-0.0905,-3.8244,8.0090,0.1968,111.1640,-53.8681,-114.2035
385643365,-0.0058,0.0053,0.2752,-0.1127,0.3911,-0.0200,-0.0500,-0.0222,-0.1603,-0.0398,0.2769,-0.1098,-3.1046,8.1064,0.1968,111.1645,-53.8178,-114.2027
385648365,-0.0045,0.0044,0.2572,-0.1381,0.3921,0.0449,-0.0500,-0.0153,-0.1588,-0.0404,0.2984,-0.1360,-2.3293,7.7763,0.1415,111.1637,-53.7922,-114.2029
385653365,-0.0031,0.0036,0.2355,-0.1845,0.2928,0.0454,0.0200,-0.0006,-0.1575,-0.0414,0.2687,-0.1832,-1.8863,7.5697,0.0861,111.1642,-53.7497,-114.2035
385658364,-0.0021,0.0025,0.1732,-0.2282,0.2091,0.0342,0.0200,0.0500,-0.1565,-0.0425,0.1978,-0.2269,-1.3879,6.2272,0.0861,111.1643,-53.7490,-114.2029
385663364,-0.0014,0.0010,0.0999,-0.3280,0.1657,0.0218,-0.0867,0.0500,-0.1557,-0.0445,0.1594,-0.3962,-1.1664,4.5748,0.0861,111.1637,-53.7498,-114.2026
385668365,-0.0011,-0.0010,0.0293,-0.3928,0.1563,0.0034,-0.0974,0.0500,-0.1554,-0.0467,0.0607,-0.4487,0.0535,3.7486,0.0000,111.1835,-53.7497,-114.2035
385673364,-0.0011,-0.0030,-0.0275,-0.3457,0.1043,-0.0500,-0.0849,0.0500,-0.1555,-0.0487,-0.0219,-0.3985,1.4440,3.5421,0.0000,111.2147,-53.7324,-114.2035
385678364,-0.0013,-0.0045,-0.0373,-0.2587,0.1605,-0.0500,-0.0716,-0.0200,-0.1555,-0.0503,-0.0069,-0.3115,1.4440,3.5421,0.0554,111.2234,-53.7182,-114.2023
385683365,-0.0015,-0.0056,-0.0757,-0.1842,0.2604,-0.0500,-0.0544,-0.0200,-0.1558,-0.0514,-0.0512,-0.2268,1.4440,2.8634,0.0554,111.2292,-53.7120,-114.2021
385688365,-0.0018,-0.0066,-0.1216,-0.1976,0.2690,-0.0500,-0.0527,0.0825,-0.1563,-0.0525,-0.1058,-0.2205,1.4440,1.6915,0.1530,111.2378,-53.7258,-114.1998
385693364,-0.0026,-0.0077,-0.1674,-0.2343,0.2742,0.0200,-0.0543,0.0983,-0.1571,-0.0536,-0.1501,-0.2131,1.4440,0.2973,1.7154,111.2436,-53.7494,-114.1649
385698365,-0.0034,-0.0088,-0.1936,-0.2379,0.2476,0.0200,-0.0535,0.1079,-0.1579,-0.0546,-0.1752,-0.2131,-0.2674,0.2457,1.9107,111.2134,-53.7494,-114.1496
385703365,-0.0044,-0.0100,-0.1961,-0.1982,0.1248,-0.0664,-0.0441,0.1057,-0.1588,-0.0554,-0.1703,-0.1515,-0.2674,-0.3301,2.8021,111.2124,-53.7593,-114.1231
385708365,-0.0053,-0.0110,-0.2132,-0.1387,0.0692,-0.0750,-0.0275,0.0998,-0.1598,-0.0557,-0.2011,-0.0681,-0.2674,-1.9254,2.8021,111.2108,-53.7959,-114.1063
385713364,-0.0063,-0.0112,-0.2181,0.0040,0.1049,-0.0797,0.0500,0.0713,-0.1608,-0.0554,-0.1935,0.0745,-0.9873,-1.9254,2.8021,111.1948,-53.8075,-114.0951
385718365,-0.0074,-0.0110,-0.2523,0.0806,0.2152,-0.0905,0.0500,0.0584,-0.1617,-0.0547,-0.1826,0.1323,-2.3163,-1.9254,3.4641,111.1564,-53.8152,-114.0619
385723365,-0.0087,-0.0102,-0.3103,0.1866,0.1462,-0.1090,0.0500,0.0423,-0.1628,-0.0534,-0.2336,0.2507,-2.3163,-2.5583,4.2874,111.1471,-53.8406,-114.0294
385728365,-0.0104,-0.0094,-0.3204,0.1970,0.0778,-0.1160,0.0500,0.0414,-0.1640,-0.0521,-0.2242,0.2728,-3.0591,-2.5583,5.0714,111.1151,-53.8508,-113.9852
385733365,-0.0120,-0.0085,-0.2963,0.2410,0.1279,-0.1152,-0.0200,0.0263,-0.1649,-0.0504,-0.1794,0.3283,-3.8669,-1.9254,5.8467,111.0852,-53.8530,-113.9482
385738365,-0.0133,-0.0073,-0.2340,0.2703,0.1929,-0.1037,-0.0200,0.0084,-0.1653,-0.0486,-0.0940,0.3656,-4.9374,-0.8545,6.3837,111.0394,-53.8366,-113.9014
385743365,-0.0142,-0.0059,-0.1500,0.3024,0.1828,-0.0854,0.0919,-0.0500,-0.1653,-0.0466,0.0000,0.4122,-5.6427,-0.6111,6.7508,111.0049,-53.8362,-113.8705
385748365,-0.0145,-0.0043,-0.0351,0.3216,0.1224,-0.0603,0.0832,-0.0500,-0.1650,-0.0449,0.0739,0.3287,-6.5796,-0.5137,6.7508,110.9491,-53.8365,-113.8275
385753365,-0.0143,-0.0028,0.0699,0.3216,0.0720,-0.0300,0.0724,-0.0500,-0.1639,-0.0434,0.2119,0.2981,-7.4656,1.5404,6.5301,110.9031,-53.7916,-113.8057
385758365,-0.0137,-0.0013,0.1503,0.3308,0.0848,-0.0060,0.0673,-0.0500,-0.1624,-0.0419,0.3109,0.3072,-8.5538,1.5404,5.6099,110.8332,-53.7855,-113.7863
385763365,-0.0127,0.0002,0.1885,0.3549,0.0991,0.0500,0.0704,0.0200,-0.1606,-0.0402,0.3587,0.3314,-9.1172,1.5404,4.5928,110.7873,-53.7763,-113.7863
385768365,-0.0114,0.0020,0.2230,0.4096,-0.0337,0.0500,0.0891,0.0200,-0.1594,-0.0383,0.2389,0.3821,-9.4464,1.8502,3.3820,110.7250,-53.7638,-113.7867
385773364,-0.0103,0.0040,0.2544,0.3876,0.0011,0.0500,0.0856,-0.1118,-0.1579,-0.0364,0.2995,0.3921,-9.4998,2.4698,2.7524,110.6860,-53.7371,-113.7869
385778365,-0.0089,0.0057,0.2871,0.3042,0.0692,0.0500,0.0639,-0.1058,-0.1562,-0.0349,0.3331,0.2870,-9.1676,3.2455,2.0744,110.6367,-53.7110,-113.7861
385783364,-0.0073,0.0068,0.2896,0.1900,0.1303,-0.0200,0.0379,-0.0880,-0.1545,-0.0341,0.3356,0.1611,-8.1462,3.6370,1.6869,110.6218,-53.6835,-113.7864
385788365,-0.0059,0.0074,0.2648,0.1066,0.1856,-0.0200,0.0204,-0.0717,-0.1530,-0.0338,0.3110,0.0645,-7.4963,4.0845,1.2510,110.5893,-53.6585,-113.7864
385793364,-0.0045,0.0077,0.2395,0.0406,0.2329,0.0510,0.0017,-0.0616,-0.1510,-0.0339,0.3955,-0.0178,-6.0961,4.9286,1.0089,110.5901,-53.6151,-113.7867
385798365,-0.0035,0.0078,0.2330,0.0275,0.2839,0.0502,-0.0500,-0.0585,-0.1492,-0.0341,0.3565,-0.0497,-4.5343,5.2207,0.0428,110.5896,-53.5895,-113.8013
385803364,-0.0027,0.0076,0.1991,-0.0370,0.2546,0.0400,-0.0500,-0.0420,-0.1479,-0.0344,0.2531,-0.0543,-3.7265,5.3181,-1.1585,110.5893,-53.5557,-113.8279
385808365,-0.0017,0.0071,0.1842,-0.1093,0.1932,0.0398,-0.0500,-0.0235,-0.1468,-0.0350,0.2215,-0.1267,-2.7571,5.5381,-1.1585,110.5894,-53.5294,-113.8354
385813365,-0.0009,0.0058,0.1350,-0.2770,0.0845,0.0315,-0.0500,0.0500,-0.1460,-0.0365,0.1631,-0.2943,-2.2186,5.3832,-1.1585,110.5902,-53.4993,-113.8395
385818365,-0.0006,0.0042,0.0281,-0.3537,0.0448,0.0064,0.0200,0.0500,-0.1457,-0.0383,0.0570,-0.3537,-1.6801,4.4021,-1.1585,110.5894,-53.4994,-113.8470
385823365,-0.0006,0.0020,-0.0308,-0.3916,0.0625,-0.0500,0.0200,0.0500,-0.1458,-0.0402,-0.0075,-0.3916,-1.3569,3.2661,-1.1585,110.5898,-53.4993,-113.8510
385828364,-0.0007,-0.0002,-0.0461,-0.3928,0.0442,-0.0500,-0.0832,0.0500,-0.1459,-0.0424,-0.0233,-0.4322,0.5571,2.6464,-1.1585,110.6247,-53.4998,-113.8586
385833364,-0.0008,-0.0021,-0.0657,-0.3384,0.0319,-0.0500,-0.0741,-0.0200,-0.1461,-0.0442,-0.0487,-0.3679,0.6035,1.9752,-1.1585,110.6280,-53.4994,-113.8626
385838365,-0.0013,-0.0037,-0.1185,-0.2715,0.0637,-0.0500,-0.0575,-0.0200,-0.1467,-0.0457,-0.1046,-0.2956,0.6035,1.6137,-1.1585,110.6317,-53.4995,-113.8701
385843364,-0.0020,-0.0050,-0.1784,-0.2230,0.0848,0.0200,-0.0420,0.0930,-0.1476,-0.0470,-0.1837,-0.2482,0.6035,0.5337,-1.1585,110.6341,-53.5132,-113.8742
385848364,-0.0029,-0.0060,-0.2260,-0.2068,0.1367,0.0200,-0.0329,0.0988,-0.1488,-0.0480,-0.2417,-0.2046,0.0464,-0.9902,-0.8438,110.6248,-53.5452,-113.8742
385853364,-0.0039,-0.0070,-0.2593,-0.1921,0.2204,-0.0849,-0.0276,0.1041,-0.1502,-0.0489,-0.2745,-0.1876,0.0464,-0.9902,-0.6865,110.6250,-53.5512,-113.8737
385858365,-0.0053,-0.0081,-0.2434,-0.2025,0.0148,-0.0818,-0.0291,0.1103,-0.1513,-0.0497,-0.2322,-0.1630,-0.3231,-0.9902,1.6550,110.6176,-53.5551,-113.8256
385863365,-0.0066,-0.0089,-0.2508,-0.1060,-0.0291,-0.0874,-0.0059,0.0944,-0.1525,-0.0500,-0.2280,-0.0478,-1.6156,-2.2559,1.6550,110.5873,-53.5904,-113.8198
385868365,-0.0078,-0.0092,-0.2666,-0.0183,0.0497,-0.0971,0.0500,0.0797,-0.1537,-0.0498,-0.2422,0.0428,-1.6156,-2.2559,1.8487,110.5776,-53.5994,-113.8051
385873365,-0.0091,-0.0091,-0.2816,0.0901,0.1196,-0.1051,0.0500,0.0595,-0.1548,-0.0491,-0.2312,0.1293,-1.6156,-2.2559,2.6236,110.5712,-53.6130,-113.7813
385878365,-0.0107,-0.0085,-0.2981,0.1561,0.1621,-0.1140,0.0500,0.0458,-0.1559,-0.0481,-0.2183,0.2093,-2.8552,-2.2559,3.5643,110.5320,-53.6220,-113.7431
385883365,-0.0125,-0.0076,-0.3195,0.2007,0.1370,-0.1246,0.0500,0.0390,-0.1570,-0.0468,-0.2210,0.2538,-3.9366,-1.6756,3.5643,110.4972,-53.6220,-113.7306
385888365,-0.0139,-0.0068,-0.2807,0.2169,0.0655,-0.1177,-0.0200,0.0297,-0.1578,-0.0454,-0.1589,0.2832,-4.8458,-1.3590,4.4504,110.4525,-53.6217,-113.6858
385893365,-0.0151,-0.0057,-0.2098,0.2425,0.0600,-0.1029,-0.0200,0.0123,-0.1581,-0.0438,-0.0649,0.3175,-5.8980,-0.9897,5.0363,110.4102,-53.6214,-113.6571
385898365,-0.0159,-0.0045,-0.1228,0.2657,0.1053,-0.0829,0.0879,-0.0500,-0.1579,-0.0420,0.0451,0.3592,-7.4337,-0.8315,5.4558,110.3403,-53.6219,-113.6159
385903364,-0.0161,-0.0032,-0.0144,0.2789,0.0668,-0.0576,0.0760,-0.0500,-0.1572,-0.0407,0.1347,0.2636,-8.1637,0.9736,5.4558,110.2953,-53.5858,-113.5967
385908365,-0.0153,-0.0016,0.1909,0.3412,-0.0670,0.0005,0.0687,-0.0500,-0.1554,-0.0390,0.3615,0.3259,-9.4189,0.9736,4.7386,110.2179,-53.5819,-113.5767
385913365,-0.0143,0.0001,0.2156,0.3812,-0.0725,0.0500,0.0779,-0.0500,-0.1534,-0.0372,0.3985,0.3659,-10.1350,0.9736,4.6835,110.1651,-53.5760,-113.5614
385918365,-0.0130,0.0019,0.2419,0.4074,-0.0585,0.0500,0.0895,0.0200,-0.1522,-0.0353,0.2569,0.3816,-10.9313,1.7438,4.3929,110.0864,-53.5561,-113.5369
385923365,-0.0118,0.0040,0.2706,0.4087,-0.0398,0.0500,0.0901,0.0200,-0.1507,-0.0334,0.2899,0.3754,-11.1567,2.2389,3.6179,110.0381,-53.5331,-113.5363
385928364,-0.0103,0.0060,0.3115,0.3787,-0.0441,0.0500,0.0836,-0.1228,-0.1489,-0.0315,0.3549,0.3763,-11.2507,2.6004,2.4152,109.9690,-53.5167,-113.5417
385933365,-0.0086,0.0076,0.3509,0.2859,-0.0380,-0.0200,0.0584,-0.1140,-0.1470,-0.0303,0.3868,0.2503,-10.6624,3.2716,0.8705,109.9375,-53.4843,-113.5668
385938365,-0.0067,0.0087,0.3571,0.2028,0.0265,-0.0200,0.0376,-0.1039,-0.1450,-0.0296,0.3944,0.1466,-8.9458,4.0473,0.2637,109.9111,-53.4534,-113.5766
385943365,-0.0048,0.0095,0.3595,0.1316,0.1089,0.0849,0.0125,-0.1016,-0.1422,-0.0293,0.5557,0.0626,-8.8904,4.8304,0.2086,109.8766,-53.4111,-113.5770
385948365,-0.0029,0.0100,0.3454,0.0782,0.1752,0.0853,0.0007,-0.0927,-0.1397,-0.0292,0.5074,0.0021,-6.7084,5.2524,0.1534,109.8732,-53.3831,-113.5769
385953365,-0.0014,0.0101,0.3424,0.0400,0.1633,0.0907,-0.0500,-0.0866,-0.1372,-0.0295,0.5032,-0.0467,-6.3370,5.9097,0.0982,109.8550,-53.3365,-113.5775
385958365,0.0002,0.0100,0.3421,-0.0009,0.0897,0.0923,-0.0500,-0.0822,-0.1350,-0.0295,0.4314,-0.0040,-5.3138,5.9097,-0.2098,109.8394,-53.3129,-113.5833
385963365,0.0019,0.0098,0.3103,-0.0644,0.0484,0.0894,-0.0500,-0.0639,-0.1332,-0.0299,0.3703,-0.0894,-4.3444,6.0748,-1.6780,109.8395,-53.2735,-113.6158
385968365,0.0033,0.0091,0.2596,-0.1542,0.0103,0.0809,-0.0500,-0.0361,-0.1317,-0.0309,0.2924,-0.1926,-3.2135,6.0748,-2.5821,109.8396,-53.2492,-113.6474
385973365,0.0045,0.0080,0.2007,-0.2236,-0.0352,0.0701,0.0200,-0.0107,-0.1306,-0.0322,0.2160,-0.2692,-2.4428,4.4740,-3.0704,109.8434,-53.2497,-113.6675
385978365,0.0056,0.0065,0.1781,-0.2767,-0.0762,0.0662,0.0200,0.0500,-0.1299,-0.0339,0.1515,-0.3356,-0.4466,3.6479,-3.9564,109.8752,-53.2499,-113.7072
385983365,0.0063,0.0048,0.1738,-0.3051,-0.0630,0.0713,-0.0869,0.0500,-0.1289,-0.0357,0.1925,-0.3458,0.2769,2.7184,-3.9564,109.8881,-53.2495,-113.7210
385988365,0.0071,0.0033,0.1106,-0.2792,0.0066,0.0557,-0.0796,0.0500,-0.1284,-0.0372,0.1048,-0.3122,1.4398,2.2020,-4.4268,109.9184,-53.2499,-113.7572
385993365,0.0076,0.0019,0.0501,-0.2581,0.0271,0.0416,-0.0726,0.0500,-0.1282,-0.0386,0.0366,-0.2826,1.6002,1.6340,-4.4268,109.9273,-53.2497,-113.7727
385998365,0.0076,0.0008,-0.0397,-0.2080,0.1825,0.0151,-0.0549,-0.0200,-0.1286,-0.0398,-0.0807,-0.2279,3.0442,1.3242,-3.7003,109.9720,-53.2499,-113.7856
386003365,0.0069,-0.0003,-0.1851,-0.2059,0.2314,-0.0500,-0.0383,-0.0200,-0.1298,-0.0409,-0.2426,-0.2212,3.8436,1.0144,-3.1191,110.0013,-53.2491,-113.7859
386008365,0.0058,-0.0015,-0.1885,-0.2062,0.2348,-0.0500,-0.0419,0.0616,-0.1309,-0.0420,-0.2120,-0.2322,4.0126,-0.4951,-2.2473,110.0278,-53.2772,-113.7857
386013365,0.0050,-0.0027,-0.1897,-0.1921,0.2183,-0.0500,-0.0396,0.0637,-0.1320,-0.0430,-0.2170,-0.2001,4.4070,-1.3203,-1.8599,110.0531,-53.3008,-113.7854
386018365,0.0041,-0.0037,-0.2202,-0.1790,0.1334,-0.0500,-0.0333,0.0705,-0.1332,-0.0439,-0.2434,-0.1797,4.4070,-1.3203,-1.3756,110.0796,-53.3060,-113.7860
386023365,0.0029,-0.0046,-0.2795,-0.1442,0.0497,0.0200,-0.0178,0.0767,-0.1347,-0.0446,-0.3005,-0.1413,3.9762,-1.3203,-1.1334,110.0882,-53.3140,-113.7855
386028365,0.0013,-0.0053,-0.3375,-0.0812,-0.0145,0.0200,0.0500,0.0733,-0.1364,-0.0448,-0.3496,-0.0353,2.9529,-2.2452,0.8362,110.0885,-53.3401,-113.7484
386033365,-0.0006,-0.0056,-0.3552,-0.0299,-0.0322,-0.0937,0.0500,0.0727,-0.1384,-0.0449,-0.3897,-0.0175,2.4144,-2.2452,0.8362,110.0885,-53.3535,-113.7455
386038364,-0.0024,-0.0057,-0.3418,0.0214,-0.0218,-0.0965,0.0500,0.0620,-0.1402,-0.0447,-0.3575,0.0471,1.7682,-2.2452,1.7223,110.0882,-53.3625,-113.7215
386043364,-0.0042,-0.0056,-0.3271,0.0354,-0.0496,-0.0987,0.0500,0.0597,-0.1418,-0.0443,-0.3306,0.0728,1.4450,-2.0342,2.4976,110.0882,-53.3716,-113.6980
386048365,-0.0056,-0.0053,-0.3348,0.0538,0.1022,-0.1070,-0.0200,0.0547,-0.1434,-0.0438,-0.3209,0.1101,1.0681,-1.6649,3.7670,110.0883,-53.3716,-113.6517
386053365,-0.0073,-0.0048,-0.2972,0.0953,0.2540,-0.1031,-0.0200,0.0381,-0.1447,-0.0429,-0.2455,0.1649,-0.6761,-1.2428,4.6584,110.0544,-53.3718,-113.6181
386058365,-0.0086,-0.0043,-0.2364,0.1384,0.2955,-0.0929,0.0622,0.0193,-0.1455,-0.0418,-0.1753,0.2332,-1.4086,-1.0318,5.3204,110.0319,-53.3721,-113.5743
386063365,-0.0097,-0.0036,-0.1924,0.1805,0.3511,-0.0841,0.0668,0.0039,-0.1460,-0.0405,-0.0934,0.2492,-2.6781,0.7789,5.3688,109.9988,-53.3356,-113.5548
386068365,-0.0104,-0.0026,-0.1909,0.2144,0.3359,-0.0845,0.0788,-0.0500,-0.1463,-0.0390,-0.0662,0.2972,-3.6943,0.7789,6.3197,109.9604,-53.3325,-113.4975
386073365,-0.0109,-0.0017,-0.1301,0.2382,0.1502,-0.0730,0.0788,-0.0500,-0.1466,-0.0379,-0.0588,0.2264,-3.7497,0.7789,6.3197,109.9445,-53.3278,-113.4754
386078364,-0.0116,-0.0005,-0.0938,0.2611,-0.0081,-0.0617,0.0840,-0.0500,-0.1466,-0.0368,0.0119,0.2280,-5.0339,2.2092,6.4304,109.8913,-53.2928,-113.4317
386083365,-0.0119,0.0008,-0.0272,0.2709,-0.0359,-0.0449,0.0822,-0.0500,-0.1461,-0.0356,0.0909,0.2301,-5.4982,2.7256,6.3328,109.8603,-53.2689,-113.4112
386088365,-0.0117,0.0021,0.0724,0.2749,-0.0404,-0.0178,0.0734,0.0200,-0.1451,-0.0345,0.2060,0.2233,-6.0367,3.4485,4.5752,109.8140,-53.2413,-113.4110
386093364,-0.0108,0.0036,0.2028,0.3341,-0.1241,0.0500,0.0723,0.0200,-0.1433,-0.0332,0.3573,0.2631,-6.6001,4.7537,3.8428,109.7772,-53.1903,-113.4109
386098365,-0.0094,0.0052,0.2291,0.3448,-0.0792,0.0500,0.0790,-0.1022,-0.1418,-0.0316,0.2994,0.3065,-6.9293,5.3690,2.7687,109.7299,-53.1570,-113.4110
386103365,-0.0084,0.0069,0.1979,0.3045,0.0148,0.0500,0.0748,-0.0972,-0.1404,-0.0304,0.2744,0.2426,-6.8758,6.5092,2.3293,109.7034,-53.0982,-113.4108
386108365,-0.0074,0.0080,0.2068,0.1952,0.1098,0.0500,0.0496,-0.0805,-0.1390,-0.0298,0.2813,0.1178,-6.7651,6.9113,1.6946,109.6644,-53.0630,-113.4105
386113364,-0.0063,0.0085,0.2123,0.0837,0.1935,-0.0200,0.0218,-0.0609,-0.1376,-0.0299,0.2930,-0.0132,-5.5468,7.9228,1.4016,109.6641,-52.9983,-113.4110
386118365,-0.0052,0.0085,0.2098,-0.0220,0.2112,-0.0200,-0.0500,-0.0394,-0.1361,-0.0306,0.2906,-0.1306,-4.1071,8.3107,1.0111,109.6640,-52.9586,-113.4110
386123364,-0.0039,0.0082,0.2193,-0.0638,0.2106,0.0414,-0.0500,-0.0397,-0.1347,-0.0309,0.2796,-0.0602,-3.3872,8.6463,0.2489,109.6635,-52.9011,-113.4231
386128364,-0.0027,0.0078,0.2016,-0.0596,0.2189,0.0395,-0.0500,-0.0367,-0.1335,-0.0313,0.2340,-0.0778,-2.5012,8.8573,-1.2184,109.6638,-52.8620,-113.4571
386133365,-0.0018,0.0073,0.1625,-0.1063,0.1627,0.0336,-0.0500,-0.0211,-0.1326,-0.0319,0.1873,-0.1245,-2.0582,8.4678,-1.2184,109.6636,-52.8177,-113.4614
386138365,-0.0010,0.0063,0.1362,-0.2334,0.0982,0.0300,0.0200,0.0500,-0.1318,-0.0331,0.1515,-0.2515,-1.5044,7.9177,-1.2184,109.6641,-52.7951,-113.4685
386143365,-0.0004,0.0048,0.0993,-0.3219,-0.0420,0.0253,0.0200,0.0500,-0.1312,-0.0347,0.1204,-0.3219,-1.2276,6.6524,-1.2184,109.6641,-52.7783,-113.4735
386148364,0.0001,0.0028,0.0614,-0.3558,-0.1000,0.0225,-0.0835,0.0500,-0.1306,-0.0370,0.1342,-0.4550,-0.8953,6.6524,-1.2184,109.6644,-52.7517,-113.4815
386153364,0.0002,0.0008,0.0092,-0.3699,-0.0420,0.0081,-0.0860,0.0500,-0.1302,-0.0392,0.0648,-0.4444,-0.7292,5.0001,-1.2184,109.6644,-52.7496,-113.4857
386158365,0.0003,-0.0011,-0.0220,-0.3277,0.0374,-0.0500,-0.0782,-0.0200,-0.1303,-0.0412,-0.0026,-0.3884,0.9092,4.0706,-1.2184,109.6952,-52.7500,-113.4937
386163364,0.0001,-0.0027,-0.0577,-0.2618,0.0417,-0.0500,-0.0637,-0.0200,-0.1304,-0.0427,-0.0316,-0.3071,1.7114,3.0379,-1.2184,109.7173,-52.7494,-113.4979
386168365,-0.0003,-0.0039,-0.0895,-0.1964,-0.0591,-0.0500,-0.0476,0.0716,-0.1308,-0.0440,-0.0761,-0.2467,1.7114,2.4699,-0.9048,109.7275,-52.7497,-113.4986
386173365,-0.0007,-0.0050,-0.1246,-0.1891,-0.1345,-0.0500,-0.0427,0.0796,-0.1314,-0.0451,-0.1152,-0.2278,1.7114,1.8502,-0.7480,109.7344,-52.7492,-113.4983
386178365,-0.0013,-0.0058,-0.1469,-0.1704,-0.0304,0.0200,-0.0363,0.0793,-0.1321,-0.0460,-0.1484,-0.1807,1.7114,0.2582,-0.4282,109.7447,-52.7764,-113.4961
386183364,-0.0019,-0.0067,-0.1710,-0.1518,-0.0047,0.0200,-0.0293,0.0798,-0.1330,-0.0466,-0.1667,-0.1263,1.5169,-0.6051,1.1076,109.7475,-52.7967,-113.4640
386188365,-0.0029,-0.0073,-0.2166,-0.0788,-0.1308,-0.0634,-0.0062,0.0746,-0.1340,-0.0469,-0.2015,-0.0458,-0.3744,-0.6051,1.6060,109.7121,-52.7992,-113.4439
386193365,-0.0040,-0.0076,-0.2230,-0.0119,-0.1480,-0.0699,0.0500,0.0631,-0.1351,-0.0466,-0.2217,0.0450,-0.3744,-2.2116,1.6060,109.7106,-52.8411,-113.4383
386198365,-0.0051,-0.0076,-0.2227,0.0535,-0.0682,-0.0732,0.0500,0.0501,-0.1360,-0.0462,-0.1932,0.0935,-0.3744,-2.2116,2.6801,109.7084,-52.8500,-113.4020
386203365,-0.0063,-0.0072,-0.2410,0.1362,0.0084,-0.0830,0.0500,0.0333,-0.1371,-0.0452,-0.2053,0.1873,-0.3744,-2.7392,3.4143,109.7069,-52.8745,-113.3773
386208365,-0.0074,-0.0065,-0.2382,0.1900,-0.0020,-0.0844,0.0500,0.0200,-0.1379,-0.0440,-0.1691,0.2425,-2.2571,-2.7392,3.5191,109.6617,-52.8855,-113.3524
386213365,-0.0088,-0.0055,-0.2379,0.2434,-0.0377,-0.0887,-0.0200,0.0070,-0.1387,-0.0425,-0.1631,0.3059,-2.2571,-2.3171,4.1811,109.6526,-52.8933,-113.3263
386218364,-0.0100,-0.0043,-0.2501,0.2880,-0.0123,-0.0957,-0.0200,-0.0500,-0.1395,-0.0407,-0.1577,0.3504,-3.2785,-0.9454,4.1811,109.6140,-52.8719,-113.2991
386223365,-0.0111,-0.0030,-0.2046,0.3094,-0.0215,-0.0909,0.1036,-0.0500,-0.1402,-0.0391,-0.1410,0.3193,-4.0324,-0.6816,4.5686,109.5842,-52.8715,-113.2756
386228365,-0.0120,-0.0014,-0.1536,0.3280,-0.0554,-0.0805,0.1085,-0.0500,-0.1406,-0.0375,-0.0784,0.3362,-4.6522,-0.5761,4.4118,109.5472,-52.8719,-113.2492
386233365,-0.0120,0.0002,0.0428,0.3256,-0.2292,-0.0272,0.0886,-0.0500,-0.1399,-0.0359,0.1374,0.3086,-4.9339,1.1196,3.6801,109.5219,-52.8351,-113.2496
386238365,-0.0116,0.0018,0.1225,0.3180,-0.3245,-0.0032,0.0822,0.0200,-0.1388,-0.0344,0.2294,0.3009,-5.6522,1.1196,2.6872,109.4750,-52.8307,-113.2490
386243365,-0.0106,0.0033,0.1436,0.3228,-0.3358,0.0500,0.0837,0.0200,-0.1375,-0.0329,0.2564,0.3050,-5.9730,1.1747,2.2168,109.4449,-52.8228,-113.2498
386248365,-0.0097,0.0049,0.1466,0.3415,-0.3166,0.0500,0.0942,-0.0867,-0.1366,-0.0312,0.1809,0.3298,-6.4714,2.3849,1.5897,109.3976,-52.7908,-113.2499
386253364,-0.0090,0.0066,0.1313,0.3207,-0.2558,0.0500,0.0948,-0.0871,-0.1358,-0.0298,0.1560,0.2923,-6.6571,2.3849,0.4719,109.3678,-52.7765,-113.2683
386258365,-0.0084,0.0080,0.1200,0.2541,-0.2014,0.0500,0.0828,-0.0761,-0.1351,-0.0288,0.1459,0.1968,-6.0647,3.4177,-0.4359,109.3401,-52.7437,-113.2884
386263365,-0.0078,0.0089,0.1261,0.1396,-0.1440,-0.0200,0.0571,-0.0564,-0.1343,-0.0284,0.1583,0.0714,-4.9877,4.1449,-0.4359,109.3396,-52.7072,-113.2899
386268364,-0.0071,0.0092,0.1176,0.0397,-0.0560,-0.0200,0.0336,-0.0352,-0.1336,-0.0287,0.1436,-0.0541,-4.9338,4.6483,-1.6495,109.3110,-52.6803,-113.3186
386273365,-0.0064,0.0092,0.1042,-0.0214,0.0026,0.0091,0.0155,-0.0247,-0.1325,-0.0293,0.2167,-0.1284,-4.9338,5.1917,-1.9805,109.2913,-52.6399,-113.3320
386278365,-0.0058,0.0087,0.0929,-0.0412,-0.0637,0.0068,0.0116,-0.0159,-0.1316,-0.0301,0.1701,-0.1560,-2.6106,5.7193,-1.9805,109.3143,-52.6068,-113.3449
386283365,-0.0056,0.0079,0.0076,-0.1255,-0.0918,-0.0500,0.0008,0.0500,-0.1314,-0.0314,0.0509,-0.2625,-0.9950,6.1087,-3.0817,109.3395,-52.5630,-113.3756
386288365,-0.0057,0.0070,-0.0351,-0.1998,-0.0777,-0.0500,-0.0500,0.0500,-0.1313,-0.0329,0.0196,-0.2939,-0.7257,6.3288,-3.0817,109.3398,-52.5338,-113.3956
386293364,-0.0059,0.0055,-0.0559,-0.3231,-0.1101,-0.0500,-0.0500,0.0500,-0.1316,-0.0345,-0.0559,-0.3231,-0.6180,6.1222,-3.0817,109.3393,-52.5000,-113.4064
386298364,-0.0064,0.0035,-0.0806,-0.4126,-0.1614,-0.0500,-0.0500,0.0500,-0.1320,-0.0366,-0.0806,-0.4126,-0.5103,5.0379,-2.3494,109.3383,-52.4993,-113.4098
386303364,-0.0070,0.0010,-0.1008,-0.4395,-0.1269,0.0200,-0.0500,-0.0200,-0.1325,-0.0388,-0.1008,-0.4395,-0.5103,4.9346,-1.9588,109.3363,-52.4718,-113.4096
386308365,-0.0075,-0.0014,-0.0980,-0.4319,-0.0404,0.0200,0.0200,-0.0200,-0.1330,-0.0409,-0.0980,-0.4319,-0.5103,4.4498,-1.4217,109.3332,-52.4622,-113.4098
386313365,-0.0079,-0.0034,-0.0776,-0.3567,-0.0184,-0.0510,0.0200,0.1165,-0.1334,-0.0428,-0.0789,-0.3744,-0.5103,2.6930,-1.1776,109.3312,-52.4749,-113.4095
386318365,-0.0081,-0.0049,-0.0525,-0.2474,-0.1525,-0.0421,-0.0473,0.0952,-0.1335,-0.0441,-0.0281,-0.2527,-0.5103,1.0923,0.7341,109.3281,-52.4994,-113.3729
386323364,-0.0084,-0.0060,-0.0476,-0.1814,-0.3337,-0.0399,-0.0342,0.0869,-0.1336,-0.0450,-0.0258,-0.1821,-0.5103,0.7825,0.7341,109.3261,-52.4999,-113.3702
386328365,-0.0088,-0.0068,-0.0486,-0.1240,-0.1709,-0.0439,-0.0254,0.0758,-0.1338,-0.0456,-0.0276,-0.1231,-0.5103,0.6792,0.7341,109.3230,-52.4991,-113.3662
386333365,-0.0088,-0.0074,-0.0388,-0.0877,-0.0979,-0.0404,-0.0225,0.0667,-0.1337,-0.0460,0.0066,-0.0838,-2.0316,0.4726,0.7341,109.2881,-52.4998,-113.3630
386338365,-0.0091,-0.0078,-0.0544,-0.0318,-0.1754,-0.0445,-0.0080,0.0593,-0.1338,-0.0461,-0.0085,-0.0255,-2.0316,0.4210,0.8445,109.2759,-52.4990,-113.3567
386343365,-0.0095,-0.0078,-0.0748,0.0428,-0.2390,-0.0500,0.0500,0.0451,-0.1339,-0.0457,-0.0240,0.0800,-2.0316,-0.3301,2.1684,109.2678,-52.5127,-113.3228
386348365,-0.0099,-0.0075,-0.0550,0.1213,-0.2118,-0.0455,0.0500,0.0236,-0.1338,-0.0449,0.0126,0.1623,-2.5488,-1.7604,2.7496,109.2439,-52.5477,-113.2985
386353365,-0.0101,-0.0067,-0.0260,0.1924,-0.1657,-0.0392,0.0500,0.0008,-0.1336,-0.0437,0.0475,0.2438,-2.5488,-1.7604,3.4430,109.2337,-52.5547,-113.2627
386358365,-0.0101,-0.0057,0.0134,0.2474,-0.2271,-0.0280,0.0500,-0.0500,-0.1331,-0.0422,0.0956,0.3058,-2.8162,-1.7604,3.9133,109.2130,-52.5653,-113.2380
