Time_us,Roll,Pitch,GyroX,GyroY,GyroZ,T1,T2,T3,PhiX,PhiY,PhiDX,PhiDY,motor_vel_1,motor_vel_2,motor_vel_3,motor_pos_1,motor_pos_2,motor_pos_3
40537690,0.1126,-0.0329,-0.0113,0.0021,0.0478,0.2000,-0.0500,-0.0500,-0.0001,0.0000,-0.0113,0.0021,0.0000,0.0000,0.0000,0.0000,0.0000,0.0000
40539375,0.1124,-0.0330,-0.0092,0.0043,0.0332,0.2000,-0.0500,-0.0500,-0.0001,0.0000,-0.0092,0.0043,0.0000,0.0000,0.0000,0.0000,0.0000,0.0000
40543364,0.1123,-0.0331,-0.0070,0.0092,0.0277,0.2000,-0.0500,-0.0500,-0.0001,0.0001,-0.0070,0.0092,0.0000,0.0000,0.0000,0.0000,0.0000,0.0000
40548365,0.1121,-0.0332,0.0012,0.0082,0.0405,0.2000,-0.0500,-0.0500,-0.0001,0.0001,0.0012,0.0082,0.0000,0.0000,0.0000,0.0000,0.0000,0.0000
40553364,0.1120,-0.0332,0.0101,0.0165,0.0524,0.2000,0.0200,0.0200,-0.0001,0.0002,0.0101,0.0165,0.0000,0.0000,0.0000,0.0000,0.0000,0.0000
40558365,0.1120,-0.0332,0.0168,0.0202,0.0411,0.2000,0.0200,0.0200,0.0000,0.0003,0.0148,0.0201,0.1127,-0.2201,0.0000,0.0023,-0.0044,0.0000
40563365,0.1122,-0.0333,0.0116,0.0199,0.0087,0.2000,-0.2000,-0.1132,-0.0002,0.0004,-0.0451,0.0201,1.6903,-1.5954,-1.6467,0.0369,-0.0347,-0.0378
40568364,0.1124,-0.0332,-0.0098,0.0211,0.0078,0.2000,-0.2000,-0.1113,-0.0006,0.0005,-0.0806,0.0278,2.2877,-2.0355,-1.6467,0.0608,-0.0572,-0.0456
40573365,0.1124,-0.0331,-0.0510,0.0278,0.0399,0.2000,-0.2000,-0.1076,-0.0013,0.0007,-0.1405,0.0338,3.3647,-2.0355,-1.6467,0.0927,-0.0636,-0.0542
40578365,0.1122,-0.0329,-0.0864,0.0302,0.0988,0.2000,-0.2000,-0.1031,-0.0024,0.0009,-0.2138,0.0347,5.5400,-2.0355,-1.6467,0.1646,-0.0776,-0.0621
40583364,0.1114,-0.0326,-0.1359,0.0333,0.1660,0.2000,-0.2000,-0.0971,-0.0038,0.0010,-0.2787,0.0364,6.4492,-1.9868,-1.6467,0.2023,-0.0868,-0.0707
40588365,0.1106,-0.0326,-0.1930,0.0367,0.0900,0.2000,-0.2000,-0.0862,-0.0057,0.0012,-0.3750,0.0306,8.8392,-1.5973,-1.7570,0.3011,-0.0862,-0.0810
40593364,0.1097,-0.0326,-0.2205,0.0308,0.0949,0.2000,-0.2000,-0.0783,-0.0078,0.0013,-0.4255,0.0194,10.3044,-1.3053,-1.7570,0.3627,-0.0888,-0.0903
40598364,0.1086,-0.0326,-0.2505,0.0376,0.1034,0.2000,-0.2000,-0.0722,-0.0103,0.0014,-0.5031,0.0243,13.0435,-1.3053,-1.7570,0.4947,-0.0940,-0.0982
40603364,0.1073,-0.0324,-0.3091,0.0376,0.0567,0.2000,-0.2000,-0.0607,-0.0133,0.0015,-0.6008,0.0259,14.2495,-2.4132,-2.8058,0.5667,-0.1276,-0.1332
40608364,0.1057,-0.0323,-0.3476,0.0709,0.0038,0.2000,-0.2000,-0.0582,-0.0168,0.0019,-0.6950,0.0682,16.2725,-3.9234,-3.7334,0.7066,-0.1699,-0.1672
40613364,0.1039,-0.0320,-0.3955,0.1118,-0.0203,0.2000,-0.2000,-0.0580,-0.0207,0.0025,-0.7822,0.1286,16.9810,-6.1208,-4.7303,0.7768,-0.2433,-0.2103
40618364,0.1018,-0.0315,-0.4456,0.1402,-0.0065,0.2000,-0.2000,-0.0548,-0.0251,0.0034,-0.8727,0.1669,18.1927,-7.5770,-5.5664,0.9175,-0.2993,-0.2491
40623364,0.0995,-0.0307,-0.5012,0.1863,0.0136,0.2000,-0.1828,-0.0562,-0.0298,0.0045,-0.9560,0.2291,18.6011,-9.2973,-6.2929,1.0177,-0.3673,-0.2960
40628365,0.0969,-0.0298,-0.5644,0.2004,-0.0029,0.2000,-0.1598,-0.0497,-0.0351,0.0059,-1.0545,0.2722,19.0419,-11.8546,-7.0101,1.1018,-0.4813,-0.3397
40633364,0.0937,-0.0286,-0.6982,0.2547,-0.1082,0.1621,-0.1173,-0.0406,-0.0412,0.0076,-1.2154,0.3397,19.4613,-13.4370,-7.7822,1.2256,-0.5634,-0.3964
40638365,0.0902,-0.0274,-0.7300,0.2899,-0.0976,0.1381,-0.0923,-0.0420,-0.0475,0.0095,-1.2729,0.3949,19.5647,-15.4777,-8.5670,1.3057,-0.6911,-0.4476
40643364,0.0863,-0.0260,-0.7703,0.3390,-0.0203,0.1101,-0.0637,-0.0456,-0.0542,0.0118,-1.3314,0.4514,19.7742,-16.5535,-9.2004,1.4279,-0.7767,-0.5100
40648364,0.0824,-0.0242,-0.8238,0.3696,0.0164,0.0792,-0.0355,-0.0443,-0.0612,0.0143,-1.4025,0.4923,19.8812,-17.8038,-9.8018,1.5094,-0.9051,-0.5636
40653364,0.0783,-0.0224,-0.8723,0.3910,-0.0401,0.0499,-0.0086,-0.0398,-0.0686,0.0168,-1.4668,0.5161,20.0917,-18.5809,-10.4446,1.6334,-0.9935,-0.6335
40658364,0.0739,-0.0204,-0.9206,0.4111,-0.0704,0.0195,0.0500,-0.0353,-0.0762,0.0195,-1.5289,0.5392,20.1986,-19.3621,-11.0568,1.7159,-1.1225,-0.6926
40663365,0.0690,-0.0186,-0.9563,0.4151,-0.0643,0.0031,0.0500,-0.0142,-0.0832,0.0207,-1.4062,0.2390,20.2995,-19.5784,-11.5918,1.8393,-1.2046,-0.7673
40668365,0.0639,-0.0166,-0.9927,0.4178,-0.0404,-0.0500,0.0500,-0.0066,-0.0905,0.0219,-1.4468,0.2330,20.2441,-19.7270,-12.2134,1.9194,-1.3258,-0.8318
40673365,0.0590,-0.0145,-1.0348,0.4187,-0.0114,-0.0500,0.0500,-0.0125,-0.0962,0.0231,-1.1425,0.2346,20.0496,-19.4672,-12.6709,2.0365,-1.3991,-0.9104
40678364,0.0538,-0.0125,-1.0620,0.3943,-0.0652,-0.0500,-0.0200,0.0004,-0.1020,0.0241,-1.1713,0.2073,19.6626,-18.7449,-12.8370,2.1080,-1.4995,-0.9694
40683365,0.0481,-0.0104,-1.1417,0.3803,-0.0224,-0.0500,-0.0200,0.0500,-0.1083,0.0251,-1.2513,0.1928,18.7839,-17.7885,-12.8370,2.2057,-1.5535,-1.0417
40688365,0.0422,-0.0086,-1.1567,0.3577,-0.0056,0.0200,0.1303,0.0500,-0.1148,0.0281,-1.2963,0.6048,17.7724,-16.3079,-12.7819,2.2587,-1.6263,-1.0966
40693364,0.0363,-0.0069,-1.1588,0.3403,-0.0221,0.0200,0.1427,0.0500,-0.1212,0.0309,-1.2836,0.5605,16.1660,-14.5657,-12.3624,2.3279,-1.6844,-1.1558
40698365,0.0305,-0.0052,-1.1539,0.3195,-0.0429,-0.1957,0.1639,0.0500,-0.1288,0.0335,-1.5265,0.5240,14.7658,-13.7341,-11.3007,2.3622,-1.7250,-1.2064
40703365,0.0246,-0.0037,-1.1487,0.2731,-0.0954,-0.2000,0.1682,-0.0200,-0.1362,0.0358,-1.4858,0.4631,13.1980,-12.7530,-10.7749,2.4149,-1.7592,-1.2519
40708364,0.0189,-0.0024,-1.1356,0.2321,-0.1119,-0.2000,0.1714,-0.0200,-0.1435,0.0379,-1.4422,0.4042,12.0351,-11.5427,-9.4162,2.4414,-1.8093,-1.2647
40713366,0.0133,-0.0015,-1.0916,0.1973,-0.0701,-0.2000,0.1657,0.0839,-0.1507,0.0391,-1.4410,0.2419,10.8585,-10.9099,-7.9632,2.4867,-1.8423,-1.2895
40718365,0.0079,-0.0006,-1.0495,0.1707,-0.0591,-0.2000,0.1649,0.0921,-0.1574,0.0400,-1.3531,0.1924,9.7770,-8.5732,-7.1398,2.5071,-1.8542,-1.3025
40723364,0.0028,0.0002,-0.9749,0.1762,-0.0145,-0.2000,0.1668,0.0873,-0.1636,0.0410,-1.2359,0.1884,8.5464,-7.0154,-6.2020,2.5384,-1.8543,-1.3254
40728364,-0.0015,0.0009,-0.8393,0.1753,0.1098,-0.2000,0.1558,0.0743,-0.1688,0.0418,-1.0459,0.1649,6.9688,-4.6788,-5.3745,2.5379,-1.8428,-1.3316
40733365,-0.0056,0.0017,-0.7984,0.1298,0.1996,-0.2000,0.1468,0.0837,-0.1736,0.0423,-0.9585,0.0927,5.1658,-2.8907,-5.3745,2.5382,-1.8223,-1.3639
40738365,-0.0091,0.0020,-0.6689,0.0544,0.1786,-0.2000,0.1185,0.0901,-0.1775,0.0422,-0.7796,-0.0136,3.9064,-0.2457,-4.7977,2.5315,-1.7790,-1.3732
40743365,-0.0122,0.0019,-0.5806,-0.0195,0.1324,-0.1995,0.0945,0.0999,-0.1806,0.0417,-0.6196,-0.0950,1.2556,1.5175,-3.5365,2.4950,-1.7411,-1.3731
40748364,-0.0147,0.0015,-0.4710,-0.0510,0.0952,-0.1764,0.0747,0.0981,-0.1828,0.0410,-0.4435,-0.1400,-0.3744,4.2062,-1.7712,2.4636,-1.6706,-1.3485
40753364,-0.0166,0.0011,-0.3726,-0.0501,0.0182,-0.1529,0.0626,0.0895,-0.1842,0.0403,-0.2708,-0.1440,-3.1482,5.9227,-0.3921,2.3982,-1.6165,-1.3256
40758365,-0.0181,0.0009,-0.2899,0.0101,-0.0246,-0.1323,0.0647,0.0685,-0.1848,0.0398,-0.1220,-0.0961,-5.1055,8.2153,1.0655,2.3425,-1.5281,-1.2955
40763364,-0.0195,0.0008,-0.2611,0.0409,-0.0126,-0.1247,0.0676,0.0575,-0.1849,0.0395,-0.0134,-0.0614,-8.0776,9.7624,2.8602,2.2438,-1.4612,-1.2484
40768365,-0.0209,0.0010,-0.2721,0.0003,0.0417,-0.1303,0.0595,0.0692,-0.1848,0.0389,0.0216,-0.1246,-9.8231,11.4414,3.0263,2.1732,-1.3640,-1.2336
40773364,-0.0216,0.0011,-0.1103,0.0177,0.1224,-0.0884,0.0413,0.0424,-0.1835,0.0383,0.2463,-0.1077,-12.2964,12.6371,4.1828,2.0569,-1.2920,-1.1871
40778364,-0.0218,0.0012,-0.0195,0.0321,0.0210,-0.0618,0.0328,0.0282,-0.1816,0.0379,0.3836,-0.0992,-13.9779,13.8577,5.0128,1.9708,-1.1884,-1.1514
40783365,-0.0217,0.0015,0.0538,0.1066,0.0387,-0.0395,0.0386,-0.0005,-0.1791,0.0377,0.5020,-0.0266,-15.7927,14.7209,5.7469,1.8459,-1.1139,-1.1035
40788364,-0.0210,0.0021,0.1167,0.1668,0.1095,-0.0199,0.0419,-0.0500,-0.1761,0.0378,0.5946,0.0256,-16.6990,15.8115,6.2985,1.7630,-1.0007,-1.0686
40793365,-0.0201,0.0032,0.1793,0.1961,0.1556,-0.0037,0.0366,-0.0500,-0.1730,0.0376,0.6227,-0.0443,-17.6974,16.1099,6.6860,1.6397,-0.9310,-1.0221
40798364,-0.0191,0.0041,0.2248,0.1652,0.1556,0.0500,0.0244,-0.0500,-0.1696,0.0372,0.6788,-0.0815,-18.0985,16.5374,6.6860,1.5598,-0.8241,-0.9953
40803364,-0.0179,0.0046,0.2584,0.0980,0.1159,0.0500,0.0175,-0.0500,-0.1676,0.0365,0.4022,-0.1484,-18.4621,16.6474,6.6860,1.4426,-0.7555,-0.9552
40808365,-0.0165,0.0048,0.3082,0.0388,0.1355,0.0500,-0.0500,0.0200,-0.1654,0.0354,0.4520,-0.2077,-18.3692,16.6431,5.5784,1.3706,-0.6555,-0.9527
40813365,-0.0147,0.0048,0.3537,-0.0076,0.2262,0.0500,-0.0500,0.0200,-0.1636,0.0354,0.3537,-0.0076,-17.5390,16.6431,4.1385,1.2786,-0.5889,-0.9526
40818365,-0.0126,0.0047,0.4013,0.0189,0.1318,-0.0200,-0.0500,-0.0516,-0.1614,0.0357,0.4304,0.0693,-16.9747,16.2351,3.3632,1.2206,-0.4986,-0.9531
40823365,-0.0103,0.0045,0.4875,0.0055,0.0378,-0.0200,-0.0500,-0.0625,-0.1588,0.0360,0.5170,0.0567,-15.3532,15.8409,3.4186,1.1562,-0.4423,-0.9315
40828364,-0.0077,0.0046,0.5531,0.0079,0.0717,0.1281,0.0200,-0.0863,-0.1547,0.0363,0.8252,0.0584,-14.1065,14.9682,3.4186,1.1227,-0.3669,-0.9178
40833365,-0.0047,0.0045,0.5864,-0.0247,0.1123,0.1450,0.0200,-0.0878,-0.1506,0.0364,0.8174,0.0165,-12.0359,14.0148,2.7839,1.0857,-0.3278,-0.9112
40838364,-0.0014,0.0044,0.6109,-0.0574,0.0970,0.1697,-0.0940,-0.0795,-0.1461,0.0354,0.9139,-0.2061,-10.3126,12.2690,2.2956,1.0754,-0.2830,-0.9108
40843364,0.0018,0.0041,0.6154,-0.0825,0.0396,0.1822,-0.1056,-0.0781,-0.1416,0.0342,0.8879,-0.2310,-9.1857,11.6088,1.6544,1.0374,-0.2493,-0.9117
40848364,0.0049,0.0035,0.6161,-0.1316,-0.0059,0.1903,-0.1206,-0.0695,-0.1375,0.0329,0.8223,-0.2703,-7.4391,9.1819,-0.1108,1.0391,-0.2354,-0.9439
40853364,0.0079,0.0028,0.6090,-0.1802,0.0353,0.1970,-0.1379,-0.0605,-0.1337,0.0313,0.7725,-0.3168,-5.4671,8.6002,-0.5538,1.0400,-0.2107,-0.9559
40858365,0.0110,0.0018,0.5993,-0.2266,0.0964,0.2000,-0.1536,-0.0536,-0.1300,0.0296,0.7262,-0.3285,-4.5092,6.2731,-0.5538,1.0392,-0.2125,-0.9581
40863365,0.0140,0.0004,0.5479,-0.2868,-0.0099,0.2000,-0.1683,-0.0315,-0.1269,0.0277,0.6300,-0.3976,-3.3260,5.1581,-2.2784,1.0395,-0.2120,-1.0002
40868364,0.0165,-0.0015,0.4600,-0.3882,-0.0682,0.1856,-0.1875,0.0500,-0.1244,0.0252,0.4990,-0.4817,-1.6027,3.8006,-2.4722,1.0640,-0.2124,-1.0132
40873365,0.0186,-0.0035,0.3873,-0.4023,-0.0062,0.1715,-0.1877,0.0500,-0.1225,0.0230,0.3804,-0.4405,1.6590,2.5318,-3.2955,1.1285,-0.2245,-1.0486
40878364,0.0204,-0.0056,0.3180,-0.3876,0.1202,0.1554,-0.1838,0.0500,-0.1212,0.0211,0.2563,-0.3880,3.5763,0.0000,-4.1230,1.1771,-0.2674,-1.0796
40883365,0.0220,-0.0076,0.2789,-0.3995,0.1804,0.1462,-0.1883,0.0500,-0.1204,0.0192,0.1509,-0.3727,6.4976,-1.8368,-4.1230,1.2656,-0.3077,-1.1044
40888365,0.0233,-0.0096,0.2309,-0.3616,0.1526,0.1357,-0.1784,-0.0200,-0.1202,0.0178,0.0487,-0.2914,8.1969,-4.7432,-4.1230,1.3289,-0.3855,-1.1209
40893365,0.0243,-0.0114,0.1472,-0.3170,0.1404,0.1142,-0.1619,-0.0200,-0.1207,0.0167,-0.0923,-0.2195,10.6031,-6.5816,-3.1791,1.4340,-0.4449,-1.1241
40898364,0.0247,-0.0128,0.0632,-0.2309,0.0964,0.0900,-0.1348,0.0411,-0.1219,0.0160,-0.2484,-0.1303,12.1192,-9.3518,-2.6023,1.5098,-0.5480,-1.1241
40903364,0.0247,-0.0136,-0.0333,-0.1216,0.0689,0.0627,-0.0973,0.0320,-0.1238,0.0161,-0.3872,0.0148,14.0501,-11.0762,-1.9206,1.6269,-0.6232,-1.1239
40908365,0.0243,-0.0138,-0.1252,-0.0174,0.1660,0.0340,-0.0603,0.0200,-0.1264,0.0169,-0.5139,0.1595,15.0852,-13.4224,-1.5535,1.7056,-0.7431,-1.1235
40913365,0.0229,-0.0135,-0.3207,0.0898,0.1327,-0.0500,-0.0053,0.0225,-0.1301,0.0184,-0.7363,0.2917,16.2248,-14.6790,-1.1340,1.8226,-0.8242,-1.1233
40918365,0.0215,-0.0131,-0.3317,0.0895,0.0512,-0.0500,-0.0070,0.0142,-0.1325,0.0200,-0.4800,0.3233,16.9851,-16.4571,-0.9243,1.9043,-0.9530,-1.1233
40923364,0.0198,-0.0128,-0.2990,0.0684,0.0136,-0.0500,-0.0095,0.0166,-0.1348,0.0216,-0.4531,0.3185,17.5597,-17.3457,-0.7145,2.0198,-1.0383,-1.1240
40928365,0.0181,-0.0124,-0.3146,0.0757,0.0487,-0.0500,-0.0002,0.0178,-0.1371,0.0233,-0.4754,0.3420,17.7826,-18.2768,-0.5572,2.0951,-1.1639,-1.1234
40933364,0.0166,-0.0121,-0.3265,0.1008,0.1022,0.0200,0.0500,0.0146,-0.1396,0.0251,-0.4886,0.3738,17.3021,-18.5826,-0.3999,2.1911,-1.2440,-1.1233
40938364,0.0150,-0.0117,-0.3589,0.1261,0.0833,0.0200,0.0500,0.0274,-0.1414,0.0258,-0.3618,0.1210,16.8273,-18.6406,-0.3475,2.2499,-1.3571,-1.1238
40943364,0.0131,-0.0108,-0.4365,0.1924,-0.0062,-0.0772,0.0500,0.0348,-0.1449,0.0267,-0.6985,0.1876,15.0421,-18.3145,-0.2426,2.3101,-1.4246,-1.1235
40948365,0.0106,-0.0098,-0.4548,0.2343,-0.0490,-0.0895,0.0500,0.0285,-0.1484,0.0279,-0.6965,0.2375,14.1266,-17.4028,0.2758,2.3510,-1.5143,-1.1142
40953364,0.0081,-0.0086,-0.4749,0.2526,-0.0243,-0.1024,-0.0200,0.0246,-0.1518,0.0293,-0.6814,0.2815,12.9362,-16.4676,1.9860,2.4082,-1.5641,-1.0715
40958365,0.0055,-0.0073,-0.4948,0.2749,0.0341,-0.1168,-0.0200,0.0215,-0.1551,0.0308,-0.6772,0.3041,11.5519,-15.0151,1.9860,2.4295,-1.6304,-1.0636
40963364,0.0031,-0.0057,-0.5202,0.3204,0.0732,-0.1407,0.1348,0.0032,-0.1591,0.0336,-0.7991,0.5582,10.2148,-13.9599,1.9860,2.4700,-1.6665,-1.0517
40968364,0.0004,-0.0042,-0.5531,0.3421,0.0689,-0.1563,0.1505,0.0032,-0.1631,0.0364,-0.7873,0.5510,8.8243,-11.7785,2.2281,2.4799,-1.6996,-1.0388
40973365,-0.0025,-0.0026,-0.5513,0.3632,0.0863,-0.1648,0.1637,-0.0500,-0.1668,0.0391,-0.7491,0.5568,7.3666,-10.6150,2.3734,2.5009,-1.7217,-1.0217
40978364,-0.0052,-0.0007,-0.5027,0.3891,0.1007,-0.1619,0.1702,-0.0500,-0.1702,0.0418,-0.6783,0.5254,5.6258,-9.1460,2.3734,2.4922,-1.7525,-1.0122
40983364,-0.0076,0.0012,-0.4575,0.3980,0.0567,-0.1553,0.1747,-0.0500,-0.1731,0.0443,-0.5748,0.5095,3.0586,-7.4936,2.3211,2.4671,-1.7528,-0.9991
40988365,-0.0096,0.0031,-0.4279,0.4206,-0.0310,-0.1522,0.1863,-0.0500,-0.1757,0.0470,-0.5149,0.5287,1.4106,-7.2735,1.9031,2.4433,-1.7933,-0.9991
40993364,-0.0114,0.0051,-0.3378,0.3961,-0.1290,-0.1314,0.1779,0.0200,-0.1775,0.0494,-0.3678,0.4844,-1.2451,-5.9532,1.3804,2.3906,-1.7934,-0.9997
40998364,-0.0129,0.0069,-0.2724,0.3735,-0.1574,-0.1170,0.1707,0.0200,-0.1788,0.0515,-0.2546,0.4289,-2.9257,-3.7474,1.1191,2.3488,-1.7791,-0.9999
41003365,-0.0139,0.0085,-0.1619,0.3097,-0.2390,-0.0888,0.1472,-0.0492,-0.1793,0.0532,-0.1021,0.3287,-4.9273,-2.0950,-0.7749,2.2861,-1.7579,-1.0371
41008364,-0.0138,0.0099,0.0415,0.2892,-0.1916,-0.0343,0.1169,-0.0752,-0.1785,0.0545,0.1502,0.2671,-6.3832,0.6750,-0.7749,2.2344,-1.7065,-1.0402
41013365,-0.0132,0.0114,0.1313,0.2712,-0.0930,-0.0079,0.1001,-0.0886,-0.1772,0.0555,0.2716,0.2042,-8.2183,2.1851,-2.2644,2.1540,-1.6702,-1.0782
41018364,-0.0124,0.0127,0.1808,0.2282,-0.0081,0.0500,0.0819,-0.0917,-0.1754,0.0561,0.3660,0.1238,-9.5683,4.7009,-2.2644,2.0916,-1.5995,-1.0872
41023364,-0.0115,0.0137,0.2120,0.2013,0.0408,0.0500,0.0773,-0.0882,-0.1741,0.0565,0.2461,0.0723,-10.9846,6.3007,-2.3693,2.0025,-1.5458,-1.1029
41028364,-0.0103,0.0145,0.2398,0.1524,0.0426,0.0500,0.0608,-0.0840,-0.1727,0.0564,0.2837,-0.0183,-11.5129,8.2642,-3.2083,1.9469,-1.4635,-1.1316
41033365,-0.0089,0.0153,0.2758,0.1310,0.0875,0.0500,0.0490,-0.0880,-0.1711,0.0561,0.3190,-0.0693,-12.1880,9.2076,-4.2467,1.8620,-1.4094,-1.1754
41038365,-0.0073,0.0161,0.3131,0.1313,0.1419,-0.0200,0.0404,-0.0973,-0.1693,0.0555,0.3615,-0.1044,-12.0803,10.6932,-5.1327,1.8156,-1.3194,-1.2127
41043364,-0.0056,0.0164,0.3231,0.1051,0.0894,-0.0200,0.0297,-0.0942,-0.1675,0.0547,0.3697,-0.1627,-11.5169,11.6564,-6.3118,1.7562,-1.2554,-1.2703
41048364,-0.0040,0.0166,0.3143,0.0150,0.1107,0.0789,-0.0000,-0.0831,-0.1647,0.0533,0.5411,-0.2761,-10.5295,12.4346,-7.0787,1.7320,-1.1679,-1.3124
41053365,-0.0025,0.0156,0.2850,-0.2132,0.1077,0.0747,-0.0500,-0.0269,-0.1624,0.0507,0.4751,-0.5217,-8.7646,12.6457,-8.0416,1.7081,-1.1138,-1.3768
41058364,-0.0011,0.0140,0.2773,-0.3619,0.0710,0.0700,-0.0500,0.0500,-0.1606,0.0483,0.3529,-0.4900,-8.7646,12.4869,-8.5787,1.6730,-1.0413,-1.4206
41063364,0.0001,0.0118,0.2584,-0.4707,0.0408,0.0751,-0.0500,0.0500,-0.1587,0.0459,0.3906,-0.4707,-7.7124,12.2288,-9.0771,1.6454,-0.9966,-1.4840
41068365,0.0014,0.0090,0.2761,-0.5388,0.0161,0.0841,-0.0500,0.0500,-0.1567,0.0432,0.3989,-0.5387,-7.1553,10.9009,-9.6367,1.6260,-0.9527,-1.5328
41073365,0.0027,0.0060,0.3039,-0.5571,0.0268,0.0940,0.0200,0.0500,-0.1547,0.0405,0.3949,-0.5570,-5.2983,10.3378,-9.9058,1.6259,-0.9216,-1.5968
41078364,0.0043,0.0030,0.3149,-0.5589,0.0335,0.1017,0.0200,-0.0200,-0.1527,0.0377,0.3901,-0.5588,-4.3698,7.6530,-9.3814,1.6251,-0.9212,-1.6256
41083364,0.0060,-0.0000,0.2972,-0.5919,-0.0459,0.1078,-0.1881,-0.0200,-0.1507,0.0342,0.4063,-0.6853,-3.2092,6.2547,-8.4501,1.6257,-0.9215,-1.6621
41088365,0.0077,-0.0031,0.2841,-0.6133,-0.1159,0.1040,-0.2000,0.1077,-0.1493,0.0302,0.2892,-0.8123,-2.0626,4.9123,-8.4501,1.6375,-0.9158,-1.6959
41093365,0.0093,-0.0063,0.2935,-0.6084,-0.0655,0.1114,-0.2000,0.1115,-0.1478,0.0263,0.2863,-0.7811,-0.4567,4.9123,-6.6780,1.6638,-0.8961,-1.7058
41098365,0.0105,-0.0089,0.2587,-0.4740,0.1899,0.1026,-0.2000,0.0904,-0.1467,0.0231,0.2307,-0.6420,0.5883,4.5957,-6.6780,1.6836,-0.8731,-1.7325
41103364,0.0117,-0.0110,0.2166,-0.3598,0.2372,0.0941,-0.1772,0.0740,-0.1459,0.0206,0.1620,-0.4990,2.2545,3.7516,-5.5805,1.7264,-0.8732,-1.7487
41108365,0.0127,-0.0125,0.1478,-0.2822,0.2598,0.0794,-0.1567,0.0674,-0.1455,0.0186,0.0794,-0.3917,3.1009,2.8020,-4.5353,1.7547,-0.8726,-1.7480
41113364,0.0135,-0.0138,0.1176,-0.2703,0.3276,0.0728,-0.1545,0.0691,-0.1453,0.0169,0.0306,-0.3472,4.2277,1.7583,-3.3855,1.8003,-0.8837,-1.7487
41118365,0.0136,-0.0153,0.0480,-0.2633,0.2677,0.0542,-0.1450,0.0806,-0.1457,0.0154,-0.0707,-0.3004,5.3587,-0.2797,-2.7584,1.8420,-0.9220,-1.7484
41123364,0.0139,-0.0168,0.0266,-0.2764,0.1324,0.0507,-0.1476,0.0919,-0.1462,0.0139,-0.1064,-0.2926,6.2122,-0.9584,-2.0267,1.8938,-0.9372,-1.7481
41128364,0.0141,-0.0181,0.0043,-0.2077,0.0799,0.0444,-0.1305,0.0830,-0.1470,0.0130,-0.1535,-0.1863,6.7660,-3.1093,-1.6609,1.9316,-0.9922,-1.7482
41133364,0.0140,-0.0188,-0.0443,-0.0852,0.1153,0.0314,-0.0970,0.0612,-0.1480,0.0129,-0.2032,-0.0148,7.6023,-3.9726,0.7753,1.9917,-1.0232,-1.7017
41138365,0.0136,-0.0189,-0.1142,0.0046,0.1795,0.0106,-0.0661,0.0486,-0.1494,0.0135,-0.2837,0.1170,7.7904,-5.8075,1.7518,2.0266,-1.0895,-1.6779
41143364,0.0128,-0.0187,-0.1936,0.0831,0.0988,-0.0500,-0.0329,0.0401,-0.1512,0.0147,-0.3587,0.2385,8.0721,-6.7043,3.7463,2.0804,-1.1330,-1.6209
41148365,0.0116,-0.0181,-0.2984,0.1035,0.0432,-0.0500,-0.0124,0.0426,-0.1529,0.0162,-0.3331,0.2978,8.1798,-8.5427,4.4634,2.1152,-1.2161,-1.5911
41153364,0.0100,-0.0177,-0.3235,0.1313,0.0796,-0.0500,0.0500,0.0386,-0.1546,0.0179,-0.3518,0.3566,7.8548,-9.2140,5.8801,2.1564,-1.2654,-1.5315
41158364,0.0083,-0.0171,-0.3427,0.1695,0.1340,-0.0500,0.0500,0.0385,-0.1560,0.0193,-0.2864,0.2678,6.9135,-10.3060,6.6118,2.1672,-1.3463,-1.4919
41163364,0.0066,-0.0161,-0.3592,0.2486,0.1379,0.0200,0.0500,0.0226,-0.1575,0.0211,-0.2972,0.3568,6.9135,-10.5697,7.2763,2.2087,-1.3934,-1.4371
41168364,0.0048,-0.0148,-0.3439,0.3122,0.1147,0.0200,0.0500,0.0054,-0.1589,0.0232,-0.2777,0.4277,5.8438,-10.6816,7.7646,2.2132,-1.4594,-1.3972
41173364,0.0030,-0.0130,-0.3137,0.3677,0.0900,-0.0682,-0.0200,-0.0500,-0.1605,0.0257,-0.3195,0.4888,4.3463,-10.2453,8.1316,2.2136,-1.4920,-1.3416
41178364,0.0015,-0.0110,-0.2850,0.4023,0.1217,-0.0720,-0.0200,-0.0500,-0.1623,0.0277,-0.3462,0.4022,3.5441,-8.1798,8.3523,2.2133,-1.5064,-1.3041
41183364,0.0001,-0.0090,-0.2407,0.4187,0.1853,-0.0713,0.1000,-0.0500,-0.1640,0.0304,-0.3562,0.5407,2.6349,-8.1798,8.4491,2.2135,-1.5391,-1.2516
41188365,-0.0010,-0.0069,-0.1985,0.4588,0.2598,-0.0642,0.1092,-0.0500,-0.1655,0.0331,-0.2893,0.5520,2.1536,-6.2544,7.9265,2.2134,-1.5442,-1.2318
41193364,-0.0017,-0.0045,-0.1283,0.5153,0.1749,-0.0469,0.1216,0.0200,-0.1665,0.0361,-0.1990,0.5913,1.5653,-5.0991,6.9297,2.2128,-1.5438,-1.2035
41198365,-0.0023,-0.0021,-0.0754,0.5046,0.0640,-0.0332,0.1215,0.0200,-0.1671,0.0389,-0.1303,0.5609,1.2978,-3.7788,5.8221,2.2132,-1.5439,-1.2025
41203364,-0.0024,0.0003,-0.0079,0.4652,0.0161,-0.0125,0.1154,-0.1035,-0.1672,0.0418,-0.0148,0.5738,0.9769,-3.0636,4.2161,2.2135,-1.5433,-1.2029
41208364,-0.0022,0.0024,0.0669,0.4117,-0.0252,0.0500,0.1001,-0.1071,-0.1669,0.0442,0.0641,0.4981,0.7630,-2.2935,3.4961,2.2127,-1.5439,-1.2033
41213364,-0.0017,0.0042,0.1112,0.3485,-0.0569,0.0500,0.0856,-0.1062,-0.1663,0.0464,0.1254,0.4283,0.4365,-1.8534,3.4961,2.2103,-1.5434,-1.1810
41218365,-0.0010,0.0061,0.1469,0.3519,-0.0441,0.0500,0.0835,-0.1182,-0.1653,0.0484,0.1821,0.3955,-1.3290,0.5680,3.4961,2.1732,-1.4991,-1.1683
41223364,-0.0002,0.0077,0.1802,0.3439,0.0692,0.0500,0.0781,-0.1274,-0.1643,0.0502,0.2179,0.3629,-1.7720,1.5408,2.8126,2.1539,-1.4761,-1.1611
41228365,0.0007,0.0093,0.1808,0.3002,0.2458,-0.0200,0.0671,-0.1244,-0.1632,0.0515,0.2184,0.2732,-0.9968,3.0734,1.2620,2.1643,-1.4322,-1.1846
41233364,0.0017,0.0106,0.2224,0.2407,0.3884,-0.0200,0.0484,-0.1236,-0.1619,0.0525,0.2542,0.1921,-0.7199,3.4649,0.2098,2.1646,-1.4107,-1.2029
41238365,0.0032,0.0114,0.2969,0.1246,0.3123,0.0871,0.0118,-0.1108,-0.1602,0.0527,0.3442,0.0440,-0.6091,4.8244,-0.5749,2.1641,-1.3580,-1.2185
41243365,0.0046,0.0116,0.2660,0.0147,0.1031,0.0849,-0.0500,-0.0798,-0.1588,0.0522,0.2755,-0.1050,0.9092,5.4572,-2.5633,2.1931,-1.3241,-1.2688
41248365,0.0060,0.0115,0.2450,-0.0385,0.1175,0.0797,-0.0500,-0.0704,-0.1579,0.0518,0.1860,-0.0860,1.8184,6.2824,-3.1929,2.2175,-1.2711,-1.2924
41253364,0.0071,0.0112,0.2071,-0.0837,0.2088,0.0727,-0.0500,-0.0566,-0.1572,0.0510,0.1376,-0.1493,1.8184,6.8504,-4.4065,2.2284,-1.2330,-1.3429
41258364,0.0083,0.0103,0.2401,-0.1955,0.1547,0.0853,-0.0500,-0.0338,-0.1564,0.0497,0.1581,-0.2743,2.1005,6.9959,-5.2980,2.2414,-1.1884,-1.3783
41263365,0.0093,0.0091,0.2297,-0.2651,0.0161,0.0878,0.0200,-0.0122,-0.1557,0.0479,0.1357,-0.3548,2.4297,6.4365,-6.0303,2.2624,-1.1721,-1.4298
41268365,0.0108,0.0074,0.2413,-0.3320,-0.0829,0.0961,0.0200,0.0500,-0.1551,0.0457,0.1261,-0.4316,3.3312,4.7585,-6.6949,2.2919,-1.1722,-1.4668
41273364,0.0123,0.0053,0.2636,-0.3711,-0.0505,0.1132,-0.1218,0.0500,-0.1539,0.0436,0.2245,-0.4302,4.2467,3.9195,-7.1130,2.3311,-1.1716,-1.5192
41278365,0.0137,0.0034,0.2575,-0.3473,0.1053,0.1137,-0.1257,0.0500,-0.1530,0.0416,0.1978,-0.3914,4.9338,2.9127,-7.3552,2.3631,-1.1714,-1.5504
41283365,0.0149,0.0016,0.2019,-0.3192,0.0265,0.1036,-0.1186,0.0500,-0.1524,0.0398,0.1166,-0.3550,6.1358,2.3534,-7.2448,2.4203,-1.1721,-1.5948
41288364,0.0155,-0.0000,0.0739,-0.3094,0.1092,0.0712,-0.1069,-0.0200,-0.1525,0.0382,-0.0315,-0.3361,6.9915,1.7381,-7.2448,2.4627,-1.1722,-1.6210
41293364,0.0158,-0.0016,0.0238,-0.3073,0.3078,0.0557,-0.1077,-0.0200,-0.1531,0.0365,-0.1043,-0.3299,8.1633,1.4585,-5.3571,2.5309,-1.1714,-1.6236
41298364,0.0158,-0.0034,-0.0199,-0.3195,0.4003,0.0394,-0.1143,0.0596,-0.1541,0.0345,-0.2020,-0.4025,8.8734,1.0670,-4.4656,2.5788,-1.1718,-1.6236
41303365,0.0157,-0.0053,-0.0458,-0.3250,0.3774,0.0312,-0.1149,0.0692,-0.1553,0.0326,-0.2486,-0.3713,10.0410,-0.1939,-3.2595,2.6588,-1.1949,-1.6240
41308364,0.0156,-0.0069,-0.0684,-0.2926,0.2592,0.0252,-0.1065,0.0714,-0.1567,0.0311,-0.2877,-0.3127,10.6865,-1.3795,-2.6827,2.7126,-1.2239,-1.6232
41313364,0.0152,-0.0084,-0.1035,-0.2611,0.1889,0.0151,-0.0967,0.0744,-0.1584,0.0298,-0.3332,-0.2549,11.1377,-2.4123,-1.9486,2.7867,-1.2529,-1.6234
41318364,0.0145,-0.0095,-0.1833,-0.1796,0.2152,-0.0500,-0.0696,0.0704,-0.1605,0.0291,-0.4230,-0.1480,11.1940,-3.7876,-1.6340,2.8326,-1.2986,-1.6237
41323364,0.0134,-0.0102,-0.2547,-0.1054,0.2299,-0.0500,-0.0505,0.0590,-0.1621,0.0288,-0.3071,-0.0498,11.1699,-4.9072,-1.2145,2.8998,-1.3380,-1.6242
41328365,0.0120,-0.0103,-0.3173,0.0238,0.1566,-0.0500,-0.0093,0.0409,-0.1639,0.0293,-0.3684,0.1066,10.7823,-5.7514,-0.2270,2.9358,-1.3872,-1.6077
41333364,0.0102,-0.0104,-0.3793,0.0171,0.1114,-0.0500,0.0500,0.0520,-0.1660,0.0300,-0.4258,0.1363,9.9800,-6.7022,1.2688,2.9825,-1.4315,-1.5725
41338364,0.0081,-0.0102,-0.4044,0.0315,0.0866,0.0200,0.0500,0.0589,-0.1680,0.0304,-0.3844,0.0662,9.0866,-7.6939,2.3343,3.0035,-1.4944,-1.5452
41343364,0.0060,-0.0102,-0.4218,0.0412,0.0643,0.0200,0.0500,0.0621,-0.1699,0.0308,-0.3918,0.0934,7.9111,-7.7972,3.5095,3.0294,-1.5276,-1.5040
41348365,0.0038,-0.0100,-0.4267,0.0819,0.0341,-0.0992,0.0500,0.0624,-0.1725,0.0315,-0.5131,0.1371,6.8406,-8.0722,3.7186,3.0381,-1.5812,-1.4864
41353364,0.0017,-0.0094,-0.3961,0.1649,0.0570,-0.0974,-0.0200,0.0399,-0.1747,0.0327,-0.4452,0.2327,5.0940,-8.0236,4.5493,3.0388,-1.6124,-1.4438
41358364,-0.0001,-0.0085,-0.3305,0.2184,0.1248,-0.0874,-0.0200,0.0183,-0.1765,0.0341,-0.3596,0.2921,4.1361,-6.2826,4.9399,3.0381,-1.6215,-1.4193
41363364,-0.0015,-0.0072,-0.2419,0.2700,0.2241,-0.0739,0.0773,-0.0500,-0.1780,0.0363,-0.2976,0.4331,3.5164,-5.1747,5.7572,3.0479,-1.6222,-1.3690
41368365,-0.0024,-0.0058,-0.1497,0.2975,0.3197,-0.0585,0.0716,-0.0500,-0.1792,0.0381,-0.2429,0.3542,3.5164,-3.8030,5.7572,3.0619,-1.6215,-1.3481
41373365,-0.0030,-0.0043,-0.0846,0.3045,0.3206,-0.0414,0.0691,-0.0500,-0.1799,0.0398,-0.1380,0.3510,1.5444,-3.1171,5.9778,3.0387,-1.6216,-1.3062
41378364,-0.0029,-0.0029,-0.0168,0.3161,0.1899,-0.0218,0.0690,-0.0500,-0.1802,0.0416,-0.0640,0.3602,1.2626,-2.9589,5.9294,3.0386,-1.6374,-1.2855
41383364,-0.0028,-0.0014,0.0440,0.3280,0.0991,-0.0038,0.0684,0.0200,-0.1802,0.0434,0.0130,0.3540,0.9246,-1.7455,5.8249,3.0384,-1.6220,-1.2498
41388364,-0.0023,0.0002,0.1335,0.3271,0.1016,0.0500,0.0607,0.0200,-0.1796,0.0451,0.1095,0.3461,0.7556,-1.2706,4.8842,3.0383,-1.6215,-1.2492
41393364,-0.0013,0.0017,0.2306,0.2990,0.0762,0.0500,0.0468,-0.1035,-0.1783,0.0469,0.2569,0.3588,0.5865,-0.4795,3.5254,3.0389,-1.6099,-1.2497
41398364,0.0001,0.0032,0.2715,0.2599,0.0491,0.0500,0.0336,-0.1061,-0.1768,0.0484,0.3029,0.2938,0.4738,0.6815,2.9505,3.0387,-1.5843,-1.2494
41403364,0.0018,0.0043,0.2883,0.2297,0.0640,0.0500,0.0227,-0.1070,-0.1752,0.0495,0.3276,0.2264,0.3612,2.3869,2.1666,3.0388,-1.5440,-1.2490
41408364,0.0034,0.0053,0.2773,0.1976,0.1498,-0.0200,0.0148,-0.1053,-0.1736,0.0504,0.3207,0.1765,0.3048,3.2131,1.8008,3.0389,-1.5124,-1.2492
41413365,0.0045,0.0061,0.2358,0.1423,0.3111,-0.0200,0.0056,-0.0943,-0.1722,0.0509,0.2786,0.1064,0.1921,3.6778,1.2781,3.0381,-1.4887,-1.2499
41418364,0.0059,0.0067,0.2993,0.0941,0.4269,0.0965,-0.0500,-0.0966,-0.1705,0.0511,0.3382,0.0384,0.2485,4.3566,0.6370,3.0402,-1.4507,-1.2586
41423364,0.0076,0.0070,0.3519,0.0342,0.3505,0.1137,-0.0500,-0.0947,-0.1688,0.0512,0.3409,0.0227,0.2485,4.4684,-0.7749,3.0417,-1.4310,-1.2890
41428365,0.0092,0.0066,0.2960,-0.0339,0.1508,0.1080,-0.0500,-0.0708,-0.1674,0.0509,0.2764,-0.0602,0.2485,4.8040,-1.7679,3.0427,-1.3956,-1.3127
41433364,0.0108,0.0064,0.2837,-0.0727,0.1092,0.1091,-0.0500,-0.0608,-0.1662,0.0504,0.2317,-0.1073,1.8641,4.8040,-2.3195,3.0794,-1.3764,-1.3382
41438365,0.0119,0.0060,0.2150,-0.1179,0.1505,0.0944,0.0200,-0.0416,-0.1655,0.0496,0.1446,-0.1712,2.2949,3.6961,-3.5781,3.0970,-1.3727,-1.3736
41443365,0.0129,0.0051,0.2095,-0.2056,-0.0123,0.0975,0.0200,-0.0169,-0.1649,0.0482,0.1167,-0.2727,3.1306,3.0103,-4.5093,3.1295,-1.3730,-1.4176
41448364,0.0140,0.0039,0.2291,-0.2569,-0.2164,0.1095,-0.1001,-0.0011,-0.1642,0.0464,0.1393,-0.3623,3.9058,2.2189,-4.8416,3.1582,-1.3731,-1.4407
41453365,0.0149,0.0023,0.2266,-0.2825,-0.1446,0.1100,-0.1126,0.0500,-0.1637,0.0444,0.1127,-0.3882,4.9295,1.8496,-5.2292,3.2040,-1.3724,-1.4816
41458364,0.0162,0.0008,0.2059,-0.2908,0.1111,0.1087,-0.1184,0.0500,-0.1631,0.0429,0.1192,-0.3120,5.7206,1.3748,-5.5951,3.2410,-1.3723,-1.5086
41463364,0.0172,-0.0006,0.1460,-0.2691,0.2427,0.0940,-0.1131,0.0500,-0.1629,0.0415,0.0355,-0.2797,6.7446,0.6604,-5.5466,3.2988,-1.3819,-1.5433
41468365,0.0177,-0.0017,0.0684,-0.2004,0.1385,0.0757,-0.0888,0.0500,-0.1633,0.0406,-0.0737,-0.1819,7.6062,-1.2865,-5.5466,3.3444,-1.4244,-1.5634
41473364,0.0177,-0.0029,-0.0275,-0.1918,0.2265,0.0489,-0.0793,-0.0200,-0.1642,0.0397,-0.1905,-0.1734,8.8189,-1.2865,-4.4985,3.4175,-1.4296,-1.5756
41478365,0.0175,-0.0039,-0.0211,-0.2120,0.3777,0.0459,-0.0874,-0.0200,-0.1652,0.0388,-0.2051,-0.1747,9.4072,-2.5469,-3.7262,3.4594,-1.4670,-1.5761
41483364,0.0173,-0.0050,-0.0644,-0.1686,0.3261,0.0310,-0.0748,0.0313,-0.1667,0.0380,-0.2990,-0.1556,10.4351,-3.6313,-2.7332,3.5455,-1.5003,-1.5759
41488364,0.0170,-0.0058,-0.1011,-0.1359,0.1669,0.0222,-0.0618,0.0332,-0.1684,0.0375,-0.3409,-0.1011,10.8659,-4.2365,-1.8695,3.5964,-1.5346,-1.5675
41493365,0.0163,-0.0062,-0.1765,-0.0333,0.1071,0.0016,-0.0271,0.0214,-0.1705,0.0377,-0.4109,0.0341,11.3106,-4.5665,0.0000,3.6718,-1.5593,-1.5353
41498365,0.0151,-0.0060,-0.2596,0.0748,0.1883,-0.0500,0.0500,0.0085,-0.1730,0.0385,-0.5033,0.1555,11.4176,-5.4468,0.0000,3.7192,-1.6082,-1.5353
41503364,0.0135,-0.0055,-0.3418,0.1515,0.3007,-0.0500,0.0500,-0.0020,-0.1747,0.0392,-0.3418,0.1515,11.1354,-5.8689,0.0000,3.7812,-1.6398,-1.5353
41508364,0.0117,-0.0046,-0.3937,0.2098,0.3038,-0.0500,0.0500,-0.0500,-0.1767,0.0403,-0.3937,0.2098,10.5157,-6.3164,0.0000,3.8117,-1.6852,-1.5353
41513364,0.0098,-0.0034,-0.3995,0.2150,0.1355,-0.0500,0.0500,-0.0500,-0.1787,0.0414,-0.3995,0.2150,9.2232,-6.3164,1.6724,3.8465,-1.7105,-1.4984
41518364,0.0076,-0.0021,-0.4090,0.2471,0.1896,0.0200,-0.0200,-0.0500,-0.1807,0.0426,-0.4090,0.2471,8.8518,-6.1225,1.6724,3.8758,-1.7434,-1.4923
41523364,0.0055,-0.0010,-0.3986,0.2660,0.2494,0.0200,-0.0200,-0.0500,-0.1827,0.0439,-0.3986,0.2660,6.6234,-5.2446,1.6724,3.8778,-1.7489,-1.4817
41528364,0.0037,0.0004,-0.3467,0.2990,0.2134,-0.0847,0.1085,0.0200,-0.1851,0.0457,-0.4707,0.3564,5.2771,-3.8504,1.6724,3.8746,-1.7482,-1.4756
41533364,0.0022,0.0018,-0.2581,0.2844,0.1508,-0.0665,0.1017,0.0200,-0.1869,0.0474,-0.3699,0.3317,4.9057,-3.1792,1.6724,3.8969,-1.7488,-1.4649
41538364,0.0012,0.0030,-0.1863,0.2272,0.1404,-0.0507,0.0867,-0.0414,-0.1883,0.0488,-0.2737,0.2872,4.7395,-2.3530,1.6724,3.9131,-1.7487,-1.4589
41543365,0.0006,0.0039,-0.1051,0.1432,0.1642,-0.0325,0.0591,-0.0329,-0.1892,0.0496,-0.1873,0.1636,3.5213,-1.9399,-0.5749,3.9133,-1.7490,-1.5002
41548364,0.0003,0.0043,-0.0562,0.0580,0.1718,-0.0205,0.0353,-0.0215,-0.1899,0.0500,-0.1245,0.0707,2.9675,-1.4235,-0.5749,3.9132,-1.7486,-1.5024
41553364,0.0002,0.0043,-0.0452,0.0412,0.1111,-0.0159,0.0300,-0.0184,-0.1903,0.0502,-0.0953,0.0471,2.1369,-0.9714,-0.5749,3.9133,-1.7447,-1.5059
41558365,0.0000,0.0043,-0.0348,0.0571,0.0509,-0.0115,0.0309,-0.0213,-0.1907,0.0504,-0.0645,0.0377,1.8046,0.7272,-0.5749,3.9132,-1.7102,-1.5082
41563364,0.0004,0.0045,0.1032,0.0431,0.2473,0.0500,0.0075,-0.0397,-0.1902,0.0505,0.0821,0.0236,1.3063,0.7272,-0.5749,3.9134,-1.7073,-1.5117
41568365,0.0013,0.0044,0.2098,-0.0140,0.2574,0.0500,-0.0500,-0.0434,-0.1892,0.0504,0.2111,-0.0335,1.0294,0.7272,-0.5749,3.9125,-1.7029,-1.5138
41573365,0.0026,0.0041,0.2663,-0.0910,0.1633,0.0500,-0.0500,-0.0344,-0.1879,0.0499,0.2614,-0.0996,0.7525,2.0696,-0.5749,3.9124,-1.6709,-1.5174
41578364,0.0044,0.0035,0.3173,-0.1365,0.0869,0.0500,-0.0500,-0.0313,-0.1863,0.0491,0.3124,-0.1451,0.6418,2.0696,-0.5749,3.9126,-1.6585,-1.5197
41583365,0.0061,0.0024,0.3485,-0.1665,0.1221,-0.0200,-0.0500,-0.0280,-0.1846,0.0482,0.3377,-0.1851,0.4756,2.0696,-1.2529,3.9130,-1.6502,-1.5386
41588365,0.0077,0.0014,0.3467,-0.1836,0.2134,-0.0200,0.0200,-0.0249,-0.1830,0.0472,0.3359,-0.2022,0.4203,2.0696,-1.2529,3.9134,-1.6378,-1.5434
41593365,0.0095,0.0004,0.3195,-0.1842,0.1779,0.1149,0.0200,-0.0209,-0.1814,0.0462,0.3015,-0.2028,0.4203,2.0696,-1.2529,3.9161,-1.6295,-1.5511
41598364,0.0113,-0.0006,0.3134,-0.1860,0.0118,0.1228,-0.1056,-0.0177,-0.1800,0.0452,0.2968,-0.2071,0.4203,0.1679,-1.2529,3.9174,-1.6590,-1.5559
41603365,0.0131,-0.0016,0.3030,-0.1830,-0.0444,0.1274,-0.1091,-0.0167,-0.1786,0.0442,0.2797,-0.1973,0.4203,-0.4475,-1.4184,3.9203,-1.6727,-1.5669
41608364,0.0145,-0.0024,0.2859,-0.1213,0.2305,0.1249,-0.1029,-0.0307,-0.1773,0.0435,0.2588,-0.1422,0.4203,-0.4475,-1.8597,3.9217,-1.6754,-1.5827
41613365,0.0157,-0.0030,0.2303,-0.0800,0.2436,0.1131,-0.0906,-0.0319,-0.1764,0.0429,0.1719,-0.1011,2.2387,-0.4475,-1.8597,3.9646,-1.6771,-1.5941
41618365,0.0169,-0.0033,0.2111,-0.0357,0.1960,0.1133,-0.0801,-0.0407,-0.1757,0.0427,0.1435,-0.0408,2.2387,-1.5140,-1.8597,3.9721,-1.7026,-1.6013
41623364,0.0180,-0.0034,0.1985,-0.0370,0.2088,0.1133,-0.0804,-0.0409,-0.1751,0.0426,0.1155,-0.0362,2.9440,-1.9019,-1.8597,4.0025,-1.7177,-1.6127
41628365,0.0189,-0.0036,0.1735,-0.0739,0.2387,0.1092,-0.0867,-0.0317,-0.1747,0.0423,0.0786,-0.0577,3.1130,-2.9346,-1.8597,4.0158,-1.7519,-1.6199
41633365,0.0197,-0.0042,0.1264,-0.0846,0.1660,0.1003,-0.0848,-0.0219,-0.1746,0.0420,0.0146,-0.0631,4.2813,-2.9346,-1.4927,4.0647,-1.7636,-1.6233
41638364,0.0203,-0.0046,0.0730,-0.0644,0.0747,0.0886,-0.0734,-0.0181,-0.1750,0.0418,-0.0613,-0.0265,5.0891,-3.9798,-1.4402,4.0965,-1.8063,-1.6278
41643364,0.0205,-0.0048,-0.0070,0.0024,0.0429,0.0669,-0.0471,-0.0215,-0.1758,0.0421,-0.1758,0.0533,6.6536,-4.8561,-1.4402,4.1674,-1.8414,-1.6367
41648364,0.0202,-0.0047,-0.0950,0.0589,0.1153,0.0419,-0.0227,-0.0237,-0.1772,0.0427,-0.2743,0.1185,6.9745,-5.4364,-1.4402,4.1955,-1.8838,-1.6422
41653365,0.0195,-0.0043,-0.1833,0.0974,0.1935,0.0139,-0.0003,-0.0210,-0.1792,0.0435,-0.3901,0.1575,7.9730,-6.0517,-2.0261,4.2670,-1.9182,-1.6642
41658365,0.0183,-0.0037,-0.2874,0.1264,0.0924,-0.0500,0.0500,-0.0125,-0.1817,0.0444,-0.5077,0.1947,8.4801,-6.5999,-2.0261,4.3042,-1.9667,-1.6721
41663364,0.0168,-0.0030,-0.3381,0.1399,0.0613,-0.0500,0.0500,-0.0093,-0.1835,0.0450,-0.3555,0.1099,9.1505,-6.5999,-2.0261,4.3769,-1.9931,-1.6845
41668364,0.0151,-0.0025,-0.3699,0.1573,0.1385,-0.0500,0.0500,-0.0087,-0.1854,0.0456,-0.3873,0.1273,9.1505,-6.7031,-2.0261,4.4067,-2.0353,-1.6923
41673365,0.0133,-0.0018,-0.4108,0.1781,0.2201,-0.0500,0.0500,-0.0073,-0.1876,0.0463,-0.4316,0.1423,8.9328,-5.8229,-2.4138,4.4634,-2.0434,-1.7145
41678365,0.0113,-0.0009,-0.4377,0.2062,0.2106,0.0200,-0.0200,-0.0090,-0.1899,0.0472,-0.4585,0.1703,7.9701,-5.4929,-2.4138,4.4712,-2.0700,-1.7239
41683364,0.0090,0.0003,-0.4618,0.2019,0.1337,0.0200,-0.0200,-0.0035,-0.1923,0.0480,-0.4826,0.1660,6.7476,-5.2495,-2.4138,4.4985,-2.0870,-1.7387
41688365,0.0067,0.0013,-0.4420,0.1759,0.1169,-0.0973,0.0906,0.0500,-0.1952,0.0490,-0.5946,0.1979,5.7131,-3.8864,-2.4138,4.4982,-2.0869,-1.7480
41693365,0.0047,0.0019,-0.3729,0.1213,0.1767,-0.0846,0.0751,0.0500,-0.1976,0.0499,-0.4701,0.1683,4.0674,-3.1562,-1.7866,4.4982,-2.0863,-1.7483
41698365,0.0030,0.0023,-0.3021,0.0706,0.1437,-0.0723,0.0590,0.0500,-0.1995,0.0504,-0.3897,0.1053,3.9263,-2.3286,-1.8389,4.5082,-2.0862,-1.7565
41703364,0.0019,0.0024,-0.2031,0.0299,0.0802,-0.0511,0.0407,0.0500,-0.2010,0.0507,-0.2874,0.0588,3.9263,-1.9392,-1.8389,4.5347,-2.0870,-1.7664
41708365,0.0010,0.0024,-0.1921,0.0522,0.1227,-0.0513,0.0444,-0.0200,-0.2023,0.0510,-0.2640,0.0731,3.4756,-1.4037,-1.8389,4.5380,-2.0862,-1.7749
41713365,-0.0000,0.0026,-0.1750,0.0473,0.2140,-0.0509,0.0418,-0.0200,-0.2034,0.0514,-0.2283,0.0646,2.5177,-1.1603,-1.3163,4.5389,-2.0865,-1.7740
41718365,-0.0008,0.0027,-0.1182,0.0208,0.1954,-0.0377,0.0286,0.0016,-0.2042,0.0514,-0.1496,0.0150,2.1233,0.4951,0.1045,4.5385,-2.0577,-1.7478
41723364,-0.0010,0.0026,-0.0202,-0.0156,0.1162,-0.0116,0.0082,-0.0010,-0.2044,0.0513,-0.0321,-0.0312,1.3248,1.1553,0.1045,4.5346,-2.0404,-1.7473
41728364,-0.0008,0.0023,0.0803,-0.0461,0.0646,0.0500,-0.0500,-0.0500,-0.2039,0.0510,0.0902,-0.0618,0.0552,1.1553,0.1045,4.5117,-2.0335,-1.7468
41733364,-0.0001,0.0020,0.1628,-0.0718,0.1107,0.0500,-0.0500,-0.0500,-0.2031,0.0506,0.1628,-0.0718,-0.5643,1.1553,0.1045,4.4962,-2.0289,-1.7462
41738364,0.0011,0.0015,0.2242,-0.0553,0.2525,0.0500,-0.0500,-0.0500,-0.2020,0.0503,0.2242,-0.0553,-0.5643,1.1553,0.1045,4.4944,-2.0220,-1.7457
41743364,0.0024,0.0011,0.2651,-0.0257,0.2971,0.0500,-0.0500,-0.0500,-0.2006,0.0502,0.2651,-0.0257,-0.5643,1.1553,0.1045,4.4906,-2.0173,-1.7452
41748364,0.0040,0.0010,0.3525,0.0076,0.1263,-0.0200,0.0200,0.0200,-0.1989,0.0503,0.3525,0.0076,-0.0470,1.1553,0.1045,4.5000,-2.0104,-1.7447
41753364,0.0057,0.0009,0.3687,-0.0003,0.1642,-0.0200,0.0200,0.0200,-0.1970,0.0502,0.3687,-0.0003,-0.0470,1.1553,0.1045,4.4997,-2.0058,-1.7441
41758364,0.0076,0.0009,0.3512,-0.0015,0.2458,0.1154,-0.0589,-0.0660,-0.1953,0.0503,0.3463,0.0115,-0.0470,-0.7702,0.1045,4.4995,-2.0415,-1.7436
41763365,0.0094,0.0008,0.3088,0.0095,0.2219,0.1095,-0.0533,-0.0646,-0.1940,0.0504,0.2689,0.0203,1.7466,-0.9352,-0.2090,4.5434,-2.0484,-1.7506
41768364,0.0108,0.0007,0.2544,0.0174,0.1346,0.1026,-0.0470,-0.0608,-0.1929,0.0505,0.2145,0.0282,1.7466,-0.9352,-0.2090,4.5493,-2.0541,-1.7516
41773365,0.0119,0.0008,0.2440,0.0434,0.1169,0.1042,-0.0416,-0.0671,-0.1919,0.0508,0.2008,0.0484,1.7466,-0.9352,-0.5965,4.5609,-2.0578,-1.7606
41778365,0.0131,0.0010,0.2868,0.0437,0.1410,0.1182,-0.0486,-0.0750,-0.1908,0.0510,0.2243,0.0490,1.7466,-2.0549,-1.7104,4.5668,-2.0878,-1.7892
41783364,0.0146,0.0012,0.3045,0.0168,0.1471,0.1272,-0.0584,-0.0744,-0.1896,0.0511,0.2258,0.0212,2.6622,-2.0549,-1.7656,4.6017,-2.0960,-1.7995
41788365,0.0161,0.0012,0.2633,0.0031,0.1013,0.1216,-0.0585,-0.0670,-0.1888,0.0511,0.1591,-0.0034,3.4050,-2.4242,-2.8689,4.6265,-2.1158,-1.8333
41793364,0.0175,0.0009,0.2208,-0.0397,0.0549,0.1154,-0.0644,-0.0531,-0.1883,0.0509,0.0972,-0.0438,4.3463,-2.6880,-2.9738,4.6700,-2.1318,-1.8509
41798365,0.0179,0.0008,0.0513,-0.0351,0.1465,0.0719,-0.0441,-0.0334,-0.1888,0.0507,-0.0931,-0.0425,4.8277,-3.3032,-3.8128,4.6940,-2.1606,-1.8844
41803365,0.0180,0.0004,-0.0092,-0.0397,0.1505,0.0545,-0.0383,-0.0220,-0.1898,0.0504,-0.1873,-0.0536,6.1748,-3.6947,-4.6428,4.7592,-2.1830,-1.9248
41808364,0.0179,0.0002,-0.0629,-0.0101,0.1178,0.0390,-0.0241,-0.0194,-0.1911,0.0503,-0.2680,-0.0239,6.9636,-4.4704,-5.4181,4.7966,-2.2232,-1.9640
41813365,0.0176,0.0003,-0.1097,0.0360,0.1056,0.0234,-0.0060,-0.0215,-0.1928,0.0504,-0.3481,0.0221,8.3823,-4.9868,-5.9407,4.8759,-2.2521,-2.0044
41818365,0.0169,0.0004,-0.1784,0.0480,0.0909,0.0027,0.0500,-0.0138,-0.1950,0.0506,-0.4297,0.0315,8.8253,-5.2068,-6.3282,4.9133,-2.2864,-2.0400
41823364,0.0159,0.0007,-0.2465,0.0648,0.1086,-0.0500,0.0500,-0.0039,-0.1973,0.0504,-0.4613,-0.0348,9.1462,-5.4819,-6.6592,4.9788,-2.3138,-2.0810
41828364,0.0147,0.0009,-0.2950,0.0846,0.1187,-0.0500,0.0500,-0.0068,-0.1990,0.0503,-0.3524,-0.0141,9.1462,-5.6279,-6.6592,5.0086,-2.3499,-2.1118
41833364,0.0134,0.0013,-0.2886,0.1054,0.0921,-0.0500,0.0500,-0.0103,-0.2008,0.0504,-0.3456,0.0074,8.4138,-5.5752,-6.6067,5.0537,-2.3714,-2.1464
41838364,0.0119,0.0018,-0.2526,0.1194,0.1120,-0.0500,-0.0200,-0.0173,-0.2023,0.0505,-0.3087,0.0228,8.4138,-4.1507,-6.5091,5.0811,-2.3719,-2.1748
41843364,0.0109,0.0022,-0.1717,0.0913,0.1645,0.0200,-0.0200,-0.0221,-0.2034,0.0505,-0.2244,0.0004,6.2596,-3.3594,-6.1214,5.0884,-2.3712,-2.2018
41848365,0.0103,0.0026,-0.1616,0.0415,0.1807,0.0200,0.0148,-0.0143,-0.2046,0.0504,-0.2351,-0.0101,5.3441,-2.5153,-6.0107,5.0889,-2.3719,-2.2274
41853365,0.0095,0.0027,-0.1533,-0.0061,0.0973,-0.0115,0.0085,-0.0007,-0.2060,0.0501,-0.2833,-0.0573,3.7823,-2.0405,-5.4881,5.0883,-2.3715,-2.2488
41858364,0.0086,0.0025,-0.1573,-0.0403,0.0026,-0.0138,0.0031,0.0500,-0.2074,0.0497,-0.2708,-0.0947,3.2438,-1.5129,-5.1745,5.0890,-2.3716,-2.2666
41863364,0.0079,0.0021,-0.1072,-0.0421,-0.0169,0.0011,-0.0007,0.0500,-0.2082,0.0496,-0.1580,-0.0236,2.3283,-1.2491,-4.8839,5.0892,-2.3718,-2.2883
41868364,0.0074,0.0019,-0.0593,-0.0449,0.0619,0.0500,-0.0500,0.0500,-0.2087,0.0494,-0.1009,-0.0310,1.9513,-0.9326,-4.8839,5.0886,-2.3719,-2.3109
41873364,0.0073,0.0017,-0.0058,-0.0541,0.1703,0.0500,-0.0500,0.0500,-0.2087,0.0491,-0.0058,-0.0541,1.4127,-0.7743,-4.3322,5.0891,-2.3721,-2.3255
41878364,0.0075,0.0014,0.0531,-0.0834,0.2015,0.0500,-0.0500,-0.0200,-0.2084,0.0487,0.0531,-0.0834,1.1973,-0.5105,-3.4496,5.0889,-2.3713,-2.3259
41883364,0.0079,0.0008,0.0990,-0.1323,0.1883,0.0500,-0.0500,-0.0200,-0.2080,0.0481,0.0990,-0.1323,0.9281,-0.4577,-2.5118,5.0886,-2.3722,-2.3254
41888364,0.0086,-0.0000,0.1860,-0.1524,0.1645,-0.0200,0.0200,-0.0500,-0.2071,0.0471,0.1682,-0.1832,0.7126,-0.4577,-2.0705,5.0886,-2.3748,-2.3258
41893364,0.0097,-0.0008,0.2346,-0.1002,0.1715,-0.0200,0.0200,-0.0500,-0.2059,0.0466,0.2346,-0.1002,0.5511,-0.4577,-1.5188,5.0884,-2.3766,-2.3255
41898364,0.0111,-0.0012,0.2810,-0.0327,0.1996,0.1114,-0.0697,-0.0500,-0.2046,0.0465,0.2656,-0.0192,0.4434,-0.9052,-1.2430,5.0889,-2.3885,-2.3256
41903365,0.0125,-0.0013,0.2773,0.0134,0.2033,0.1154,-0.0610,-0.0500,-0.2034,0.0468,0.2517,0.0479,0.3357,-2.3035,-0.9120,5.0885,-2.4234,-2.3255
41908365,0.0140,-0.0011,0.2810,0.0153,0.2024,0.1225,-0.0634,0.0200,-0.2021,0.0470,0.2563,0.0498,0.2818,-2.3035,-0.7465,5.0891,-2.4373,-2.3256
41913364,0.0155,-0.0010,0.2685,0.0012,0.1947,0.1254,-0.0672,0.0200,-0.2008,0.0472,0.2452,0.0365,0.1741,-2.3520,-0.5810,5.0884,-2.4474,-2.3262
41918364,0.0169,-0.0012,0.2669,0.0131,0.1520,0.1303,-0.0669,-0.0692,-0.1997,0.0474,0.2332,0.0478,0.2280,-2.8853,-0.5810,5.0906,-2.4750,-2.3285
41923364,0.0182,-0.0012,0.2706,0.0336,0.1190,0.1370,-0.0655,-0.0761,-0.1985,0.0478,0.2369,0.0683,0.2280,-2.8853,-0.5810,5.0915,-2.4866,-2.3320
41928365,0.0196,-0.0010,0.2627,0.0980,0.1086,0.1398,-0.0514,-0.0925,-0.1974,0.0485,0.2182,0.1389,0.6458,-3.2984,-0.5810,5.1014,-2.5141,-2.3343
41933364,0.0210,-0.0004,0.2413,0.1478,0.1706,0.1378,-0.0387,-0.1056,-0.1965,0.0494,0.1787,0.1894,1.6671,-3.3534,-0.5810,5.1270,-2.5284,-2.3378
41938365,0.0218,0.0004,0.1219,0.1607,0.1556,0.1090,-0.0181,-0.0969,-0.1964,0.0505,0.0299,0.2073,2.9961,-3.9035,-0.7908,5.1667,-2.5625,-2.3443
41943365,0.0222,0.0010,0.0458,0.1591,0.0784,0.0905,-0.0060,-0.0875,-0.1967,0.0515,-0.0744,0.1966,3.6379,-4.5850,-2.1017,5.1920,-2.5930,-2.3810
41948365,0.0223,0.0018,-0.0195,0.1985,0.0619,0.0716,0.0500,-0.0881,-0.1976,0.0526,-0.1774,0.2230,5.2330,-4.7433,-3.1270,5.2507,-2.6238,-2.4118
41953364,0.0220,0.0028,-0.0709,0.2355,0.1101,0.0582,0.0500,-0.0878,-0.1987,0.0534,-0.2129,0.1721,6.1345,-4.7433,-4.2346,5.2907,-2.6427,-2.4543
41958365,0.0216,0.0039,-0.1136,0.2709,0.1492,0.0442,0.0500,-0.0932,-0.2000,0.0544,-0.2723,0.2043,6.9962,-4.7433,-4.4436,5.3465,-2.6712,-2.4754
41963364,0.0211,0.0055,-0.1518,0.2896,0.1202,0.0309,0.0500,-0.0939,-0.2017,0.0554,-0.3327,0.1999,7.5069,-3.8484,-5.9986,5.3858,-2.6705,-2.5379
41968365,0.0202,0.0069,-0.1857,0.2621,0.0460,0.0188,-0.0200,-0.0846,-0.2036,0.0562,-0.3828,0.1593,8.0052,-2.8416,-6.8813,5.4429,-2.6705,-2.5808
41973365,0.0192,0.0081,-0.2010,0.2150,0.0274,0.0100,-0.0200,-0.0729,-0.2057,0.0567,-0.4130,0.0993,8.4331,-2.3382,-7.7583,5.4847,-2.6708,-2.6415
41978364,0.0182,0.0089,-0.1872,0.1210,0.0866,0.0065,0.0453,-0.0552,-0.2078,0.0568,-0.4274,0.0173,8.7339,-1.7229,-8.6895,5.5423,-2.6707,-2.6930
41983365,0.0174,0.0089,-0.1512,-0.0122,0.0265,0.0126,0.0135,-0.0271,-0.2098,0.0562,-0.3958,-0.1319,8.7339,-1.4433,-9.4859,5.5773,-2.6714,-2.7635
41988364,0.0168,0.0087,-0.1469,-0.0556,0.0057,0.0114,0.0033,-0.0149,-0.2118,0.0552,-0.3930,-0.1940,8.4646,-1.1636,-10.4668,5.6231,-2.6709,-2.8333
41993365,0.0161,0.0083,-0.1335,-0.1170,0.0665,0.0119,-0.0500,-0.0008,-0.2136,0.0539,-0.3723,-0.2650,8.0004,-0.8839,-10.8338,5.6462,-2.6714,-2.8829
41998365,0.0155,0.0075,-0.1115,-0.1891,0.1318,0.0152,-0.0500,0.0500,-0.2153,0.0521,-0.3362,-0.3571,7.3912,-0.7161,-11.2929,5.6801,-2.6711,-2.9584
42003365,0.0150,0.0061,-0.0770,-0.2917,0.1251,0.0295,-0.0500,0.0500,-0.2163,0.0506,-0.2040,-0.2924,7.3912,-0.4924,-11.0839,5.7097,-2.6703,-2.9994
42008364,0.0147,0.0042,-0.0409,-0.4019,0.0045,0.0394,-0.0500,0.0500,-0.2171,0.0486,-0.1625,-0.4026,7.0703,-0.4365,-10.6964,5.7460,-2.6711,-3.0573
42013364,0.0148,0.0020,0.0058,-0.4823,-0.0673,0.0532,0.0200,0.0500,-0.2177,0.0462,-0.1045,-0.4828,6.4120,-0.3805,-9.7034,5.7594,-2.6722,-3.0792
42018364,0.0150,-0.0005,0.0165,-0.5177,0.0408,0.0557,0.0200,-0.0200,-0.2181,0.0436,-0.0901,-0.5183,6.1867,-0.3805,-9.1239,5.7931,-2.6737,-3.1252
42023364,0.0152,-0.0034,0.0128,-0.5223,0.1596,0.0533,-0.1541,-0.0200,-0.2186,0.0411,-0.1025,-0.5077,6.1867,-1.0108,-7.4459,5.8179,-2.6891,-3.1249
42028364,0.0151,-0.0056,-0.0421,-0.3980,0.1639,0.0346,-0.1300,0.0891,-0.2197,0.0388,-0.2126,-0.4496,6.1867,-1.9804,-5.4532,5.8550,-2.7151,-3.1235
42033364,0.0149,-0.0075,-0.0568,-0.3268,0.2522,0.0296,-0.1187,0.0795,-0.2208,0.0370,-0.2215,-0.3575,6.1402,-2.3935,-4.4569,5.8788,-2.7355,-3.1234
42038365,0.0146,-0.0091,-0.0568,-0.2914,0.3872,0.0266,-0.1167,0.0753,-0.2219,0.0355,-0.2210,-0.3042,6.1956,-2.9098,-3.7752,5.9168,-2.7571,-3.1336
42043364,0.0141,-0.0106,-0.0721,-0.2532,0.3945,0.0210,-0.1109,0.0747,-0.2231,0.0342,-0.2363,-0.2661,6.1956,-2.9098,-3.7752,5.9416,-2.7745,-3.1487
42048364,0.0138,-0.0119,-0.0776,-0.2187,0.2180,0.0204,-0.1033,0.0745,-0.2243,0.0331,-0.2451,-0.2162,6.4095,-3.4050,-3.2382,5.9837,-2.7966,-3.1598
42053364,0.0135,-0.0129,-0.0904,-0.1368,0.0842,0.0181,-0.0839,0.0626,-0.2256,0.0325,-0.2502,-0.1179,6.3155,-3.5997,-2.3304,6.0073,-2.8209,-3.1533
42058365,0.0130,-0.0132,-0.1127,-0.0217,0.0964,0.0114,-0.0546,0.0395,-0.2269,0.0327,-0.2595,0.0325,6.2028,-4.1352,-0.4951,6.0428,-2.8478,-3.1237
42063365,0.0124,-0.0132,-0.1359,0.0559,0.1731,0.0018,-0.0335,0.0251,-0.2283,0.0333,-0.2877,0.1219,6.2028,-4.8210,-0.3902,6.0677,-2.8892,-3.1234
42068365,0.0116,-0.0128,-0.1930,0.1069,0.2009,-0.0500,-0.0110,0.0182,-0.2300,0.0343,-0.3308,0.2077,5.6104,-5.7719,0.9930,6.0921,-2.9298,-3.0961
42073364,0.0107,-0.0120,-0.2248,0.1567,0.1007,-0.0500,0.0500,0.0061,-0.2313,0.0357,-0.2660,0.2850,5.6104,-6.7056,1.8756,6.1145,-2.9860,-3.0719
42078365,0.0097,-0.0111,-0.2556,0.1939,0.1306,-0.0500,0.0500,0.0037,-0.2324,0.0369,-0.2326,0.2340,4.5427,-7.0671,2.6990,6.1246,-3.0214,-3.0434
42083365,0.0084,-0.0101,-0.2404,0.2404,0.1877,-0.0500,0.0500,-0.0500,-0.2335,0.0383,-0.2148,0.2848,4.4034,-7.5072,2.9896,6.1395,-3.0745,-3.0257
42088364,0.0073,-0.0088,-0.2013,0.3015,0.2021,0.0200,0.0500,-0.0500,-0.2345,0.0398,-0.2013,0.3015,4.2373,-7.7019,2.9896,6.1625,-3.1090,-3.0078
42093365,0.0066,-0.0071,-0.1210,0.3580,0.1651,0.0200,-0.0200,-0.0500,-0.2351,0.0416,-0.1209,0.3580,3.4620,-6.1719,2.8850,6.1625,-3.1213,-2.9980
42098365,0.0061,-0.0052,-0.0580,0.3815,0.1483,0.0500,-0.0200,-0.0500,-0.2356,0.0435,-0.1025,0.3814,2.5760,-6.0664,2.8850,6.1629,-3.1435,-2.9807
42103364,0.0060,-0.0033,0.0024,0.3711,0.1715,0.0500,0.0624,0.0200,-0.2359,0.0458,-0.0458,0.4551,1.0904,-5.6190,2.3102,6.1406,-3.1706,-2.9810
42108364,0.0061,-0.0015,0.0458,0.3354,0.2109,0.0500,0.0532,0.0200,-0.2358,0.0478,0.0061,0.4043,0.2083,-4.6122,0.9514,6.1253,-3.1709,-2.9999
42113364,0.0065,-0.0000,0.1118,0.2844,0.2177,0.0500,0.0369,-0.0950,-0.2354,0.0496,0.0890,0.3476,0.2083,-3.4376,0.7946,6.1261,-3.1714,-2.9995
42118365,0.0072,0.0012,0.1536,0.2324,0.1712,-0.0200,0.0221,-0.0916,-0.2348,0.0509,0.1248,0.2652,0.2083,-2.7664,-0.5812,6.1274,-3.1704,-3.0245
42123365,0.0083,0.0022,0.2654,0.2083,0.1447,-0.0200,0.0030,-0.1046,-0.2336,0.0520,0.2382,0.2223,0.4298,-2.0392,-1.1139,6.1327,-3.1703,-3.0392
42128364,0.0100,0.0032,0.3002,0.2181,0.1721,0.1093,0.0011,-0.1170,-0.2324,0.0532,0.2447,0.2269,1.8142,-1.7036,-1.1139,6.1690,-3.1711,-3.0459
42133364,0.0118,0.0041,0.2993,0.2049,0.1917,0.1160,-0.0500,-0.1206,-0.2311,0.0542,0.2477,0.2071,1.8142,-1.2562,-1.1139,6.1763,-3.1710,-3.0503
42138365,0.0133,0.0050,0.2960,0.1613,0.1489,0.1202,-0.0500,-0.1133,-0.2300,0.0548,0.2217,0.1281,3.2047,-1.0324,-2.2173,6.2190,-3.1710,-3.0833
42143364,0.0148,0.0057,0.3134,0.1115,0.1004,0.1314,-0.0500,-0.1095,-0.2288,0.0552,0.2391,0.0783,3.2047,-0.7528,-2.2173,6.2319,-3.1708,-3.0922
42148365,0.0165,0.0060,0.3430,0.0257,0.0512,0.1450,-0.0500,-0.0965,-0.2275,0.0551,0.2544,-0.0238,3.4869,-0.6409,-3.3184,6.2575,-3.1713,-3.1309
42153365,0.0183,0.0057,0.3580,-0.0785,0.0341,0.1554,0.0200,-0.0769,-0.2262,0.0544,0.2613,-0.1417,3.4869,-0.4731,-4.2461,6.2714,-3.1711,-3.1648
42158365,0.0201,0.0050,0.3534,-0.1665,0.0695,0.1598,0.0200,-0.0572,-0.2250,0.0532,0.2375,-0.2445,4.1066,-0.3613,-5.2429,6.3079,-3.1706,-3.2133
42163364,0.0219,0.0039,0.3201,-0.2343,0.0930,0.1562,-0.1230,-0.0368,-0.2242,0.0516,0.1758,-0.3185,5.1299,-0.4172,-6.0791,6.3475,-3.1741,-3.2522
42168364,0.0232,0.0026,0.2147,-0.2529,0.1043,0.1318,-0.1205,-0.0153,-0.2240,0.0498,0.0320,-0.3538,6.8051,-0.4172,-7.1917,6.4170,-3.1758,-3.3138
42173364,0.0242,0.0014,0.1582,-0.2162,0.1538,0.1181,-0.1098,-0.0142,-0.2243,0.0483,-0.0599,-0.2988,7.9218,-1.9685,-7.5227,6.4682,-3.2129,-3.3504
42178365,0.0249,0.0004,0.1170,-0.1662,0.2442,0.1066,-0.0993,-0.0167,-0.2250,0.0470,-0.1407,-0.2632,9.7347,-1.9685,-8.4865,6.5579,-3.2247,-3.4179
42183365,0.0256,-0.0003,0.0776,-0.1411,0.3398,0.0954,-0.0921,-0.0163,-0.2261,0.0458,-0.2140,-0.2324,11.1776,-2.6915,-8.8188,6.6288,-3.2476,-3.4588
42188365,0.0260,-0.0011,0.0605,-0.1744,0.3496,0.0902,-0.0995,-0.0041,-0.2274,0.0445,-0.2655,-0.2660,13.1228,-2.7431,-8.8711,6.7404,-3.2596,-3.5128
42193364,0.0263,-0.0019,0.0101,-0.1933,0.2473,0.0779,-0.0974,0.0500,-0.2291,0.0432,-0.3404,-0.2687,14.0991,-3.7333,-8.7742,6.8144,-3.2977,-3.5463
42198364,0.0262,-0.0030,-0.0370,-0.1720,0.1984,0.0703,-0.0829,0.0500,-0.2308,0.0426,-0.3391,-0.1145,15.5464,-3.9767,-8.7742,6.9332,-3.3176,-3.5989
42203365,0.0258,-0.0036,-0.1185,-0.0904,0.2448,0.0456,-0.0547,0.0500,-0.2330,0.0425,-0.4446,-0.0156,16.3569,-5.1371,-8.3023,7.0136,-3.3682,-3.6243
42208365,0.0250,-0.0037,-0.1955,0.0266,0.3230,0.0205,-0.0183,0.0500,-0.2357,0.0430,-0.5406,0.1029,17.4068,-5.2427,-7.8556,7.1362,-3.3912,-3.6643
42213364,0.0232,-0.0026,-0.3748,0.2370,0.4113,-0.0500,0.0500,-0.0200,-0.2394,0.0447,-0.7359,0.3268,17.8957,-6.1301,-7.8556,7.2163,-3.4440,-3.6957
42218364,0.0212,-0.0015,-0.4383,0.2691,0.3252,-0.0500,0.0500,-0.0200,-0.2416,0.0460,-0.4383,0.2691,18.1025,-6.6149,-6.0281,7.3285,-3.4798,-3.7015
42223364,0.0191,-0.0000,-0.4753,0.2724,0.2555,-0.0500,0.0500,-0.0500,-0.2442,0.0469,-0.5267,0.1841,18.1099,-6.9248,-5.9727,7.4012,-3.5270,-3.7243
42228365,0.0167,0.0013,-0.5290,0.2813,0.2894,-0.0500,0.0500,-0.0500,-0.2469,0.0483,-0.5290,0.2813,17.6210,-6.3746,-5.3978,7.4984,-3.5433,-3.7481
42233364,0.0140,0.0026,-0.5589,0.2847,0.3401,0.0200,-0.0200,-0.0500,-0.2497,0.0498,-0.5589,0.2847,16.6437,-6.4296,-4.4049,7.5475,-3.5830,-3.7479
42238364,0.0111,0.0039,-0.5941,0.3036,0.3273,0.0200,-0.0200,-0.0500,-0.2526,0.0513,-0.5941,0.3036,15.2874,-5.4074,-3.2551,7.6169,-3.5865,-3.7480
42243364,0.0081,0.0055,-0.6255,0.3180,0.2870,-0.1494,0.1614,0.0200,-0.2572,0.0532,-0.9020,0.3770,14.0803,-3.9956,-2.6802,7.6517,-3.5864,-3.7484
42248365,0.0051,0.0070,-0.5877,0.2853,0.2772,-0.1493,0.1591,0.0200,-0.2613,0.0548,-0.8292,0.3337,12.4191,-3.2654,-2.2622,7.6975,-3.5864,-3.7543
42253364,0.0023,0.0082,-0.5293,0.2248,0.2754,-0.1453,0.1450,-0.0102,-0.2651,0.0560,-0.7639,0.2273,11.2960,-2.4379,-2.2622,7.7231,-3.5868,-3.7633
42258365,-0.0001,0.0086,-0.4551,0.0696,0.1236,-0.1330,0.1085,0.0500,-0.2685,0.0563,-0.6711,0.0607,10.2615,-1.9997,-2.6012,7.7678,-3.5869,-3.7838
42263364,-0.0020,0.0089,-0.3403,0.0528,0.0817,-0.1078,0.0961,0.0500,-0.2710,0.0566,-0.5136,0.0748,9.3600,-1.4642,-2.6980,7.7900,-3.5864,-3.7965
42268365,-0.0032,0.0089,-0.2306,0.0538,0.1669,-0.0845,0.0829,0.0500,-0.2730,0.0570,-0.3835,0.0721,8.2895,-1.2208,-2.6980,7.8197,-3.5869,-3.8127
42273365,-0.0040,0.0091,-0.1237,0.0638,0.2949,-0.0601,0.0691,0.0500,-0.2742,0.0572,-0.2454,0.0493,7.5894,0.9902,-2.6980,7.8383,-3.5451,-3.8235
42278364,-0.0041,0.0093,0.0055,0.0351,0.3279,-0.0260,0.0456,-0.0200,-0.2746,0.0573,-0.0824,0.0197,5.6506,1.0452,-2.0912,7.8390,-3.5398,-3.8260
42283365,-0.0037,0.0092,0.1121,-0.0278,0.3181,0.0500,0.0154,-0.0200,-0.2743,0.0570,0.0516,-0.0602,4.6274,2.1812,-1.7051,7.8391,-3.5093,-3.8258
42288365,-0.0027,0.0090,0.1582,-0.0541,0.3187,0.0500,-0.0500,-0.0500,-0.2735,0.0565,0.1702,-0.1108,3.3888,2.5943,-1.2153,7.8382,-3.4909,-3.8249
42293364,-0.0015,0.0084,0.2001,-0.0987,0.2891,0.0500,-0.0500,-0.0500,-0.2725,0.0560,0.2001,-0.0987,2.7964,3.6124,0.3390,7.8388,-3.4507,-3.7958
42298364,-0.0007,0.0078,0.2037,-0.1136,0.2943,0.0500,-0.0500,-0.0500,-0.2715,0.0554,0.2037,-0.1136,2.0424,4.3955,0.8234,7.8382,-3.4195,-3.7815
42303365,0.0005,0.0072,0.2645,-0.0987,0.3102,-0.0200,-0.0500,-0.0500,-0.2702,0.0549,0.2645,-0.0987,1.6654,4.3955,0.8234,7.8382,-3.3931,-3.7782
42308364,0.0025,0.0066,0.4371,-0.1078,0.2012,-0.0200,0.0200,0.0200,-0.2680,0.0544,0.4371,-0.1078,1.2346,4.3955,0.8234,7.8384,-3.3756,-3.7732
42313365,0.0051,0.0059,0.4737,-0.1292,0.1526,0.1362,0.0200,0.0200,-0.2657,0.0538,0.4562,-0.1292,1.0192,3.3403,0.0484,7.8386,-3.3731,-3.7869
42318365,0.0075,0.0052,0.4420,-0.1335,0.1669,0.1400,-0.0870,-0.0595,-0.2634,0.0529,0.4533,-0.1741,0.7499,2.7600,0.0484,7.8385,-3.3725,-3.7866
42323364,0.0097,0.0043,0.3946,-0.1310,0.1541,0.1364,-0.0866,-0.0557,-0.2614,0.0521,0.3996,-0.1606,0.7499,2.0214,0.0484,7.8415,-3.3730,-3.7864
42328365,0.0114,0.0035,0.3412,-0.1151,0.0689,0.1306,-0.0811,-0.0521,-0.2597,0.0514,0.3429,-0.1392,0.7499,1.6521,0.0484,7.8460,-3.3730,-3.7861
42333365,0.0130,0.0029,0.3601,-0.0861,0.0243,0.1423,-0.0816,-0.0617,-0.2579,0.0509,0.3578,-0.1046,0.7499,1.2300,0.0000,7.8490,-3.3728,-3.7870
42338364,0.0150,0.0026,0.4187,-0.0449,0.1159,0.1610,-0.0862,-0.0792,-0.2560,0.0504,0.3820,-0.0849,1.8177,1.0190,-1.6550,7.8768,-3.3725,-3.8231
42343364,0.0169,0.0024,0.4224,-0.0134,0.2464,0.1668,-0.0842,-0.0921,-0.2542,0.0502,0.3697,-0.0372,2.0392,-0.2237,-1.8205,7.8886,-3.3927,-3.8336
42348365,0.0191,0.0024,0.4010,-0.0009,0.2641,0.1676,-0.0811,-0.0966,-0.2526,0.0502,0.3150,-0.0047,3.3034,-1.5661,-1.8205,7.9309,-3.4237,-3.8446
42353364,0.0206,0.0024,0.2541,0.0159,0.3548,0.1323,-0.0614,-0.0845,-0.2520,0.0503,0.1264,0.0110,4.6616,-2.5842,-2.9216,7.9743,-3.4548,-3.8755
42358365,0.0219,0.0024,0.2043,-0.0119,0.4070,0.1209,-0.0633,-0.0732,-0.2518,0.0502,0.0339,-0.0234,6.4844,-3.0300,-3.8005,8.0446,-3.4751,-3.9120
42363364,0.0226,0.0022,0.1035,-0.0192,0.2955,0.0973,-0.0511,-0.0574,-0.2523,0.0500,-0.1013,-0.0234,7.8475,-3.9078,-4.1881,8.1003,-3.5151,-3.9351
42368364,0.0230,0.0021,0.0464,0.0217,0.2012,0.0823,-0.0333,-0.0567,-0.2533,0.0501,-0.2041,0.0154,9.5491,-4.7880,-5.2154,8.1869,-3.5500,-3.9842
42373364,0.0230,0.0025,-0.0470,0.0977,0.1932,0.0560,-0.0026,-0.0608,-0.2550,0.0506,-0.3324,0.0874,10.8021,-5.4209,-6.1216,8.2529,-3.5925,-4.0250
42378365,0.0224,0.0032,-0.1442,0.1964,0.2409,0.0262,0.0500,-0.0702,-0.2573,0.0514,-0.4614,0.1734,12.0143,-5.6319,-7.1845,8.3455,-3.6296,-4.0863
42383366,0.0213,0.0045,-0.2599,0.2746,0.3346,-0.0500,0.0500,-0.0709,-0.2600,0.0522,-0.5446,0.1567,12.6072,-5.6319,-7.8662,8.4065,-3.6521,-4.1297
42388364,0.0199,0.0061,-0.3250,0.3409,0.3398,-0.0500,0.0500,-0.0867,-0.2620,0.0532,-0.4042,0.2053,13.2353,-5.4641,-9.1655,8.4965,-3.6712,-4.2064
42393364,0.0183,0.0080,-0.3323,0.3439,0.2198,-0.0500,0.0500,-0.0875,-0.2641,0.0542,-0.4162,0.2005,13.3950,-5.1844,-9.6881,8.5530,-3.6969,-4.2541
42398364,0.0164,0.0096,-0.3778,0.2950,0.1639,-0.0500,-0.0200,-0.0711,-0.2665,0.0549,-0.4703,0.1370,13.1090,-4.8936,-10.6689,8.6274,-3.7116,-4.3346
42403364,0.0144,0.0108,-0.4261,0.2175,0.2464,0.0200,-0.0200,-0.0487,-0.2691,0.0552,-0.5227,0.0523,12.4803,-3.5846,-11.1409,8.6664,-3.7108,-4.3875
42408365,0.0123,0.0117,-0.4300,0.1432,0.2296,0.0200,0.0942,-0.0313,-0.2719,0.0552,-0.5600,0.0091,11.3898,-2.9543,-12.0233,8.7160,-3.7113,-4.4753
42413365,0.0100,0.0122,-0.4456,0.0828,0.0930,-0.0949,0.0939,-0.0025,-0.2755,0.0547,-0.7287,-0.1002,9.8388,-0.4448,-12.7282,8.7272,-3.6713,-4.5389
42418364,0.0077,0.0124,-0.4490,0.0165,-0.0126,-0.1017,0.0850,0.0500,-0.2791,0.0538,-0.7108,-0.1762,8.3812,-0.3330,-13.2716,8.7544,-3.6706,-4.6278
42423365,0.0057,0.0123,-0.4087,-0.0504,0.0289,-0.0900,0.0764,0.0500,-0.2817,0.0536,-0.5346,-0.0465,7.2057,-0.2770,-13.4669,8.7616,-3.6713,-4.6851
42428365,0.0036,0.0119,-0.4023,-0.1020,0.1147,-0.0967,0.0655,0.0500,-0.2843,0.0531,-0.5142,-0.0989,6.4169,-0.2211,-13.3164,8.7882,-3.6711,-4.7632
42433365,0.0016,0.0110,-0.3772,-0.1921,0.1416,-0.0970,0.0426,0.0500,-0.2867,0.0522,-0.4684,-0.1897,5.2337,-0.1652,-12.8805,8.7879,-3.6710,-4.8070
42438364,0.0001,0.0098,-0.3137,-0.2831,0.1025,-0.0851,0.0130,-0.0200,-0.2886,0.0508,-0.3812,-0.2815,3.8814,-0.1092,-11.8324,8.7882,-3.6705,-4.8599
42443365,-0.0007,0.0081,-0.1307,-0.3378,0.0848,-0.0412,-0.0500,-0.0200,-0.2895,0.0491,-0.1867,-0.3362,3.2053,-0.1092,-10.6263,8.7888,-3.6711,-4.8814
42448365,0.0001,0.0060,0.2101,-0.4126,0.1453,0.0500,-0.0500,0.0521,-0.2889,0.0464,0.1173,-0.5336,1.3249,0.0528,-8.1093,8.7657,-3.6682,-4.8875
42453364,0.0018,0.0038,0.2923,-0.3983,0.1923,0.0500,-0.0500,0.0409,-0.2878,0.0439,0.2259,-0.5129,0.3375,2.1103,-7.6898,8.7486,-3.6196,-4.9101
42458365,0.0033,0.0018,0.2685,-0.3848,0.2140,0.0500,-0.0500,0.0418,-0.2867,0.0415,0.2194,-0.4696,-1.3371,2.1103,-5.6880,8.7108,-3.6111,-4.9099
42463364,0.0047,-0.0001,0.2196,-0.3635,0.1547,0.0500,0.0200,0.0471,-0.2858,0.0393,0.1761,-0.4387,-1.3924,1.3189,-5.0533,8.7043,-3.6150,-4.9182
42468365,0.0055,-0.0020,0.1964,-0.3491,0.0136,-0.0200,0.0200,0.0536,-0.2850,0.0372,0.1529,-0.4243,-3.0537,0.7386,-5.0533,8.6560,-3.6230,-4.9485
42473365,0.0066,-0.0038,0.2517,-0.3482,0.0277,-0.0200,-0.1378,0.0498,-0.2839,0.0351,0.2199,-0.4205,-3.0537,0.5803,-4.2780,8.6438,-3.6223,-4.9520
42478365,0.0081,-0.0054,0.3390,-0.2847,0.1043,0.1188,-0.1456,0.0228,-0.2821,0.0334,0.3686,-0.3387,-3.0537,0.4748,-3.1704,8.6255,-3.6224,-4.9520
42483365,0.0102,-0.0069,0.3980,-0.2498,0.0909,0.1401,-0.1508,0.0072,-0.2801,0.0321,0.4043,-0.2618,-2.4966,-1.7339,-2.5612,8.6255,-3.6684,-4.9513
42488365,0.0123,-0.0080,0.3855,-0.2233,0.2742,0.1435,-0.1525,-0.0015,-0.2781,0.0310,0.3932,-0.2082,-1.8466,-1.9017,-0.9173,8.6256,-3.6793,-4.9302
42493365,0.0141,-0.0085,0.3161,-0.0800,0.3041,0.1332,-0.1175,-0.0500,-0.2765,0.0308,0.3274,-0.0492,-1.5217,-1.9017,0.1465,8.6254,-3.6907,-4.9097
42498364,0.0156,-0.0089,0.3091,-0.0199,0.2091,0.1377,-0.1057,-0.0500,-0.2749,0.0309,0.3081,0.0153,-1.1038,-2.3380,0.1465,8.6259,-3.7073,-4.9088
42503364,0.0172,-0.0089,0.3335,0.0452,0.1022,0.1495,-0.0951,-0.0500,-0.2734,0.0313,0.3042,0.0832,0.4430,-2.5320,0.1465,8.6549,-3.7263,-4.9082
42508364,0.0193,-0.0086,0.3836,0.0956,0.0677,0.1695,-0.0918,-0.0500,-0.2717,0.0320,0.3377,0.1459,0.9930,-3.3581,0.0000,8.6709,-3.7551,-4.9104
42513364,0.0216,-0.0079,0.4062,0.1710,0.0955,0.1809,-0.0780,0.0200,-0.2701,0.0332,0.3218,0.2369,2.7044,-4.4034,0.0000,8.7124,-3.7982,-4.9104
42518365,0.0236,-0.0070,0.3690,0.2107,0.1150,0.1762,-0.0636,0.0200,-0.2689,0.0346,0.2428,0.2888,4.7129,-5.2310,0.0000,8.7747,-3.8332,-4.9104
42523365,0.0253,-0.0060,0.3002,0.2239,0.1095,0.1636,-0.0505,-0.1173,-0.2682,0.0362,0.1427,0.3054,5.8099,-6.0669,-0.6092,8.8175,-3.8839,-4.9229
42528365,0.0266,-0.0048,0.2190,0.2508,0.1618,0.1434,-0.0321,-0.1175,-0.2682,0.0378,0.0041,0.3249,8.0581,-6.9059,-1.9383,8.9039,-3.9263,-4.9598
42533365,0.0275,-0.0036,0.1310,0.2532,0.2586,0.1215,-0.0177,-0.1137,-0.2687,0.0395,-0.1111,0.3359,9.3511,-7.4877,-1.9383,8.9643,-3.9812,-4.9668
42538365,0.0275,-0.0019,-0.0574,0.3571,0.2879,0.0699,0.0500,-0.1162,-0.2704,0.0416,-0.3466,0.4295,11.3256,-7.9008,-3.0358,9.0661,-4.0207,-5.0045
42543364,0.0270,-0.0001,-0.1213,0.4071,0.2369,0.0561,0.0500,-0.1178,-0.2723,0.0434,-0.3675,0.3603,12.7835,-8.0658,-3.0358,9.1435,-4.0720,-5.0156
42548364,0.0263,0.0020,-0.1781,0.4316,0.2399,0.0364,0.0500,-0.1198,-0.2746,0.0453,-0.4581,0.3752,14.4371,-7.9198,-3.6654,9.2586,-4.1011,-5.0504
42553365,0.0254,0.0042,-0.2337,0.4417,0.3081,0.0156,0.0500,-0.1200,-0.2773,0.0472,-0.5406,0.3730,15.5929,-6.6536,-4.4929,9.3418,-4.1212,-5.0819
42558365,0.0243,0.0065,-0.2602,0.4420,0.3136,0.0023,-0.0200,-0.1205,-0.2803,0.0490,-0.5950,0.3600,16.7728,-6.0733,-5.3843,9.4623,-4.1345,-5.1302
42563365,0.0234,0.0088,-0.1457,0.4493,0.2418,0.0274,-0.0200,-0.1406,-0.2827,0.0507,-0.4954,0.3551,17.2332,-6.0733,-6.2143,9.5392,-4.1709,-5.1680
42568364,0.0232,0.0110,-0.0131,0.4359,0.1498,0.0564,0.0992,-0.1613,-0.2848,0.0527,-0.4223,0.3938,17.4412,-4.9546,-7.7275,9.6474,-4.1706,-5.2425
42573364,0.0238,0.0129,0.1668,0.3833,0.1178,0.1050,0.0687,-0.1781,-0.2860,0.0543,-0.2389,0.3089,17.4412,-3.6681,-8.6108,9.7171,-4.1707,-5.2896
42578365,0.0250,0.0146,0.2489,0.3158,0.1483,0.1299,0.0443,-0.1799,-0.2868,0.0553,-0.1544,0.2049,17.0278,-2.7173,-10.1136,9.8125,-4.1708,-5.3791
42583364,0.0262,0.0158,0.2074,0.2321,0.1107,0.1247,0.0318,-0.1608,-0.2878,0.0558,-0.1990,0.0954,16.8346,-2.2139,-11.3510,9.8766,-4.1706,-5.4427
42588365,0.0263,0.0170,-0.0321,0.2489,0.1611,0.0629,0.0670,-0.1361,-0.2901,0.0561,-0.4544,0.0734,16.8327,-1.8224,-13.5823,9.9774,-4.1709,-5.5659
42593364,0.0257,0.0181,-0.0895,0.2669,0.2677,0.0442,0.0807,-0.1351,-0.2927,0.0565,-0.5211,0.0670,16.9924,-1.3749,-14.7776,10.0481,-4.1714,-5.6409
42598364,0.0252,0.0195,-0.0614,0.2697,0.2583,0.0474,0.0824,-0.1398,-0.2953,0.0567,-0.5184,0.0379,17.6689,-1.0952,-16.6455,10.1652,-4.1707,-5.7785
42603364,0.0249,0.0207,-0.0425,0.2049,0.2338,0.0502,0.0705,-0.1297,-0.2978,0.0565,-0.5114,-0.0407,18.1779,-0.8156,-17.2913,10.2467,-4.1708,-5.8531
42608365,0.0251,0.0214,0.0104,0.1185,0.1334,0.0647,0.0465,-0.1163,-0.3002,0.0556,-0.4707,-0.1619,18.8588,0.3165,-18.4856,10.3711,-4.1504,-5.9916
42613364,0.0255,0.0216,0.0538,0.0247,-0.0255,0.0792,0.0209,-0.0991,-0.3023,0.0542,-0.4272,-0.2823,19.2337,1.5827,-18.9978,10.4547,-4.1176,-6.0696
42618365,0.0258,0.0215,0.0962,-0.0238,-0.0108,0.0900,0.0038,-0.0933,-0.3043,0.0525,-0.3992,-0.3403,19.7585,1.5827,-19.6269,10.5822,-4.1112,-6.2052
42623365,0.0262,0.0212,0.1005,-0.0651,0.0750,0.0913,-0.0500,-0.0843,-0.3063,0.0505,-0.3943,-0.3977,20.1162,2.5076,-19.7799,10.6692,-4.0798,-6.2795
42628365,0.0268,0.0206,0.1481,-0.1316,0.0772,0.1036,-0.0500,-0.0763,-0.3082,0.0484,-0.3775,-0.4327,20.4271,2.5076,-20.1923,10.7970,-4.0697,-6.4153
42633365,0.0277,0.0195,0.1454,-0.2541,0.0744,0.1059,-0.0500,-0.0467,-0.3101,0.0456,-0.3848,-0.5568,20.6351,2.5076,-20.3031,10.8833,-4.0547,-6.4910
42638364,0.0285,0.0179,0.1646,-0.3473,-0.0151,0.1149,-0.0500,-0.0234,-0.3120,0.0423,-0.3710,-0.6531,20.8444,2.7827,-20.5141,11.0118,-4.0385,-6.6254
42643364,0.0292,0.0158,0.1744,-0.3946,-0.0184,0.1200,0.0200,-0.0083,-0.3138,0.0388,-0.3645,-0.7028,20.9546,1.6825,-20.6737,11.0976,-4.0454,-6.7031
42648364,0.0302,0.0136,0.1787,-0.4068,0.0069,0.1246,0.0200,-0.0005,-0.3156,0.0352,-0.3606,-0.7158,20.9527,1.4074,-20.7250,11.2231,-4.0447,-6.8358
42653365,0.0314,0.0114,0.2092,-0.3925,-0.0029,0.1383,-0.1363,-0.0019,-0.3172,0.0317,-0.3177,-0.7153,20.8023,1.0223,-20.6201,11.3036,-4.0451,-6.9087
42658364,0.0326,0.0096,0.1952,-0.3497,0.0680,0.1389,-0.1343,-0.0071,-0.3188,0.0283,-0.3296,-0.6639,20.7544,0.8086,-20.2515,11.4276,-4.0456,-7.0317
42663365,0.0336,0.0080,0.1549,-0.3012,0.1046,0.1313,-0.1237,-0.0116,-0.3207,0.0254,-0.3831,-0.5786,20.7074,-1.2170,-19.8371,11.5096,-4.0884,-7.0960
42668364,0.0341,0.0065,0.1258,-0.3204,0.0762,0.1268,-0.1297,-0.0000,-0.3228,0.0225,-0.4049,-0.5857,20.7074,-1.2170,-19.0139,11.6339,-4.0932,-7.2034
42673365,0.0347,0.0049,0.0916,-0.3457,0.1279,0.1202,-0.1377,0.0500,-0.3249,0.0195,-0.4341,-0.6009,20.7608,-1.2170,-18.3189,11.7178,-4.1005,-7.2574
42678365,0.0354,0.0030,0.0922,-0.3803,0.1135,0.1350,-0.1405,0.0500,-0.3263,0.0177,-0.2812,-0.3559,20.7584,-1.9029,-17.4863,11.8422,-4.1196,-7.3550
42683365,0.0361,0.0011,0.1084,-0.3488,0.0903,0.1423,-0.1434,0.0500,-0.3277,0.0161,-0.2644,-0.3229,20.6566,-2.0084,-16.9095,11.9230,-4.1338,-7.4058
42688365,0.0366,-0.0006,0.0898,-0.2972,0.0830,0.1391,-0.1349,0.0500,-0.3291,0.0149,-0.2945,-0.2502,20.6095,-3.4067,-15.8543,12.0459,-4.1724,-7.4888
42693364,0.0373,-0.0020,0.1069,-0.2376,0.1019,0.1450,-0.1290,-0.0200,-0.3306,0.0140,-0.2876,-0.1731,20.6095,-4.5734,-14.9136,12.1284,-4.2192,-7.5257
42698364,0.0381,-0.0032,0.1206,-0.1900,0.1508,0.1503,-0.1253,-0.0200,-0.3320,0.0134,-0.2811,-0.1114,20.5606,-5.5028,-13.2830,12.2509,-4.2587,-7.5834
42703364,0.0388,-0.0042,0.1213,-0.1500,0.1083,0.1445,-0.1264,-0.0500,-0.3340,0.0123,-0.4039,-0.2252,20.5043,-7.4730,-12.5107,12.3319,-4.3373,-7.6140
42708365,0.0395,-0.0050,0.1087,-0.1213,0.0203,0.1529,-0.1125,-0.0500,-0.3356,0.0123,-0.3168,-0.0010,20.5581,-8.2644,-10.2034,12.4563,-4.3850,-7.6412
42713364,0.0402,-0.0056,0.1081,-0.0822,0.0048,0.1546,-0.1047,-0.0500,-0.3372,0.0127,-0.3337,0.0681,20.5111,-10.2522,-9.5199,12.5375,-4.4807,-7.6639
42718365,0.0409,-0.0060,0.0983,-0.0425,0.0866,0.1530,-0.0971,-0.0500,-0.3390,0.0133,-0.3533,0.1249,20.5185,-11.3805,-8.5398,12.6608,-4.5464,-7.7018
42723364,0.0415,-0.0059,0.0702,0.0327,0.1685,0.1463,-0.0772,0.0200,-0.3410,0.0144,-0.3936,0.2216,20.5166,-12.8102,-8.2629,12.7427,-4.6478,-7.7263
42728365,0.0418,-0.0057,0.0302,0.0745,0.1123,0.1378,-0.0610,0.0200,-0.3432,0.0158,-0.4409,0.2792,20.4201,-13.8468,-8.1061,12.8632,-4.7222,-7.7753
42733365,0.0421,-0.0053,0.0418,0.1213,0.0848,0.1362,-0.0548,-0.0847,-0.3457,0.0169,-0.5090,0.2270,20.2719,-15.2448,-8.2030,12.9416,-4.8374,-7.8069
42738365,0.0425,-0.0049,0.0489,0.1332,0.1111,0.1386,-0.0518,-0.0910,-0.3483,0.0181,-0.5089,0.2463,20.2690,-15.8938,-8.3685,13.0633,-4.9124,-7.8632
42743364,0.0430,-0.0040,0.0525,0.1671,0.1508,0.1405,-0.0422,-0.1041,-0.3508,0.0196,-0.5114,0.2957,20.3229,-16.7108,-8.1587,13.1456,-5.0270,-7.8889
42748364,0.0435,-0.0031,0.0528,0.2046,0.1453,0.1422,-0.0310,-0.1168,-0.3534,0.0213,-0.5153,0.3433,20.3293,-17.2779,-8.0611,13.2678,-5.1066,-7.9386
42753364,0.0439,-0.0022,0.0559,0.2321,0.0830,0.1451,-0.0215,-0.1269,-0.3560,0.0232,-0.5168,0.3787,20.3832,-17.7494,-8.0057,13.3502,-5.2211,-7.9666
42758365,0.0441,-0.0012,0.0370,0.2541,0.0576,0.1415,-0.0108,-0.1330,-0.3587,0.0252,-0.5372,0.4016,20.3368,-17.9077,-8.1102,13.4714,-5.2955,-8.0200
42763364,0.0444,0.0001,0.0211,0.2917,0.1104,0.1379,0.0500,-0.1446,-0.3615,0.0274,-0.5552,0.4356,20.2897,-17.9523,-8.4008,13.5517,-5.4041,-8.0560
42768365,0.0448,0.0015,0.0357,0.3048,0.0985,0.1544,0.0500,-0.1411,-0.3634,0.0282,-0.3955,0.1601,20.2882,-17.7435,-9.5229,13.6736,-5.4714,-8.1358
42773365,0.0450,0.0032,0.0513,0.3189,0.0274,0.1593,0.0500,-0.1503,-0.3654,0.0290,-0.3892,0.1597,20.3417,-17.3135,-10.5030,13.7559,-5.5682,-8.1916
42778365,0.0451,0.0047,0.0538,0.2993,0.0127,0.1595,0.0500,-0.1492,-0.3674,0.0296,-0.4009,0.1147,20.2928,-16.5425,-12.2475,13.8768,-5.6545,-8.2983
42783365,0.0455,0.0063,0.0574,0.2981,0.0536,0.1606,-0.0200,-0.1549,-0.3694,0.0301,-0.4065,0.0977,20.2928,-15.8154,-13.3235,13.9580,-5.7046,-8.3661
42788365,0.0459,0.0078,0.0333,0.3039,0.0845,0.1542,-0.0200,-0.1567,-0.3717,0.0304,-0.4510,0.0722,20.4026,-14.9881,-15.4626,14.0824,-5.7493,-8.5008
42793365,0.0461,0.0093,0.0089,0.2886,0.0729,0.1395,0.0210,-0.1633,-0.3747,0.0317,-0.6012,0.2421,20.4475,-13.3019,-16.6022,14.1652,-5.8001,-8.5816
42798365,0.0461,0.0108,0.0009,0.2721,0.0466,0.1375,0.0219,-0.1612,-0.3777,0.0326,-0.6139,0.1916,20.5075,-12.3667,-17.9566,14.2894,-5.8319,-8.7099
42803365,0.0460,0.0122,-0.0195,0.2367,0.0228,0.1325,0.0197,-0.1531,-0.3809,0.0332,-0.6299,0.1255,20.6152,-10.9751,-18.6092,14.3738,-5.8738,-8.7982
42808365,0.0460,0.0133,-0.0110,0.1998,0.0234,0.1347,0.0129,-0.1485,-0.3840,0.0336,-0.6223,0.0650,20.6687,-10.1838,-19.3941,14.4986,-5.8995,-8.9354
42813365,0.0462,0.0143,-0.0009,0.1799,0.0329,0.1383,0.0084,-0.1480,-0.3870,0.0337,-0.6058,0.0210,20.6687,-9.0092,-19.8277,14.5813,-5.9341,-9.0154
42818365,0.0464,0.0151,0.0367,0.2162,0.0145,0.1487,0.0135,-0.1628,-0.3899,0.0339,-0.5695,0.0454,20.7225,-8.6214,-20.2434,14.7067,-5.9622,-9.1518
42823364,0.0465,0.0159,0.0501,0.2111,0.0341,0.1528,0.0121,-0.1661,-0.3926,0.0340,-0.5520,0.0267,20.6726,-7.9848,-20.5072,14.7887,-5.9984,-9.2310
42828364,0.0468,0.0171,0.0486,0.1936,0.0704,0.1534,0.0100,-0.1660,-0.3954,0.0340,-0.5470,-0.0087,20.6801,-7.0037,-20.7182,14.9130,-6.0081,-9.3667
42833364,0.0471,0.0180,0.0354,0.1625,0.0680,0.1516,0.0070,-0.1612,-0.3982,0.0338,-0.5577,-0.0455,20.6801,-6.6736,-20.7671,14.9957,-6.0434,-9.4428
42838364,0.0471,0.0187,0.0367,0.1365,0.0179,0.1531,0.0027,-0.1565,-0.4009,0.0333,-0.5502,-0.0889,20.7339,-5.6834,-20.9260,15.1209,-6.0480,-9.5788
42843364,0.0471,0.0192,0.0293,0.1240,-0.0255,0.1518,0.0036,-0.1544,-0.4037,0.0328,-0.5557,-0.0998,20.6785,-5.6834,-20.8212,15.2027,-6.0821,-9.6525
42848364,0.0472,0.0198,0.0415,0.1035,0.0008,0.1554,-0.0500,-0.1534,-0.4064,0.0322,-0.5364,-0.1328,20.6850,-4.8558,-20.8177,15.3270,-6.0869,-9.7853
42853364,0.0475,0.0203,0.0525,0.0687,0.0329,0.1621,-0.0500,-0.1466,-0.4088,0.0309,-0.4840,-0.2413,20.7388,-4.6124,-20.8177,15.4110,-6.1099,-9.8608
42858365,0.0479,0.0206,0.0938,0.0373,-0.0380,0.1750,-0.0500,-0.1458,-0.4110,0.0296,-0.4440,-0.2735,20.7840,-4.2959,-20.8666,15.5363,-6.1218,-9.9947
42863364,0.0483,0.0204,0.1142,-0.0461,-0.1388,0.1832,-0.0500,-0.1292,-0.4131,0.0278,-0.4240,-0.3562,20.8403,-3.4518,-20.8143,15.6208,-6.1274,-10.0691
42868365,0.0489,0.0201,0.1301,-0.0794,-0.1345,0.1892,0.0200,-0.1238,-0.4152,0.0258,-0.4096,-0.3903,20.8938,-3.4518,-20.8724,15.7470,-6.1412,-10.2031
42873364,0.0498,0.0195,0.1341,-0.0935,-0.0963,0.1935,0.0200,-0.1218,-0.4172,0.0238,-0.4048,-0.4043,20.8468,-4.0111,-20.8724,15.8294,-6.1737,-10.2788
42878365,0.0505,0.0189,0.1155,-0.0791,-0.0508,0.1881,-0.0614,-0.1247,-0.4195,0.0222,-0.4592,-0.3305,20.8453,-4.0111,-20.9764,15.9546,-6.1898,-10.4142
42883364,0.0512,0.0183,0.1026,-0.0849,-0.0517,0.1874,-0.0636,-0.1218,-0.4219,0.0205,-0.4781,-0.3275,20.8517,-4.6413,-21.0318,16.0226,-6.2293,-10.4967
42888365,0.0517,0.0179,0.0959,-0.1045,-0.0429,0.1874,-0.0690,-0.1168,-0.4243,0.0188,-0.4872,-0.3400,20.8053,-5.0544,-20.9822,16.1624,-6.2569,-10.6243
42893365,0.0522,0.0174,0.0449,-0.0950,0.0194,0.1756,-0.0642,-0.1121,-0.4270,0.0172,-0.5391,-0.3321,20.8034,-5.0544,-21.0864,16.2298,-6.2872,-10.7078
42898365,0.0526,0.0168,0.0623,-0.0727,0.0231,0.1818,-0.0646,-0.1180,-0.4296,0.0156,-0.5200,-0.3096,20.6530,-5.1094,-21.1378,16.3665,-6.3087,-10.8379
42903364,0.0528,0.0162,0.0507,-0.0687,-0.0664,0.1808,-0.0632,-0.1150,-0.4323,0.0141,-0.5309,-0.3003,20.4958,-5.4015,-21.0817,16.4302,-6.3457,-10.9185
42908365,0.0529,0.0159,0.0476,-0.0150,-0.0200,0.1799,-0.0527,-0.1264,-0.4350,0.0129,-0.5359,-0.2418,20.5023,-5.6653,-21.0295,16.5688,-6.3727,-11.0465
42913365,0.0534,0.0155,0.0519,-0.0315,-0.0334,0.1829,-0.0586,-0.1231,-0.4376,0.0116,-0.5323,-0.2557,20.4559,-5.8331,-21.0322,16.6345,-6.4100,-11.1282
42918364,0.0536,0.0156,0.0226,-0.0024,-0.0585,0.1766,-0.0479,-0.1264,-0.4404,0.0105,-0.5655,-0.2216,20.5093,-6.1687,-21.0288,16.7738,-6.4413,-11.2571
42923364,0.0539,0.0154,0.0171,0.0119,-0.1027,0.1760,-0.0435,-0.1286,-0.4433,0.0096,-0.5796,-0.1935,20.5069,-7.1182,-21.0839,16.8403,-6.4999,-11.3397
42928364,0.0540,0.0151,0.0296,-0.0018,-0.1382,0.1801,-0.0489,-0.1259,-0.4462,0.0085,-0.5680,-0.2073,20.5603,-7.1182,-21.0839,16.9798,-6.5284,-11.4689
42933364,0.0544,0.0151,0.0220,0.0226,-0.0899,0.1783,-0.0427,-0.1321,-0.4491,0.0077,-0.5842,-0.1695,20.6167,-7.9965,-21.0839,17.0478,-6.5915,-11.5506
42938364,0.0547,0.0151,0.0260,0.0324,-0.0994,0.1805,-0.0415,-0.1352,-0.4520,0.0069,-0.5825,-0.1556,20.6152,-8.2603,-21.0803,17.1871,-6.6291,-11.6796
42943365,0.0550,0.0149,0.0275,0.0156,-0.1925,0.1833,-0.0448,-0.1311,-0.4549,0.0061,-0.5835,-0.1666,20.6216,-8.5959,-21.0280,17.2543,-6.6860,-11.7602
42948364,0.0552,0.0148,0.0095,0.0363,-0.2304,0.1801,-0.0380,-0.1333,-0.4580,0.0054,-0.6028,-0.1406,20.5727,-8.8867,-20.9783,17.3924,-6.7268,-11.8881
42953365,0.0554,0.0148,-0.0171,0.0434,-0.2127,0.1736,-0.0334,-0.1320,-0.4611,0.0047,-0.6312,-0.1320,20.5727,-9.0416,-21.0337,17.4592,-6.7838,-11.9705
42958364,0.0554,0.0148,-0.0312,0.0400,-0.2148,0.1701,-0.0322,-0.1296,-0.4643,0.0040,-0.6481,-0.1321,20.6262,-9.2617,-21.0366,17.5995,-6.8252,-12.0992
42963365,0.0555,0.0148,-0.0431,0.0391,-0.2686,0.1678,-0.0297,-0.1278,-0.4677,0.0034,-0.6617,-0.1269,20.5708,-9.6106,-20.9842,17.6655,-6.8893,-12.1795
42968365,0.0555,0.0148,-0.0434,0.0217,-0.3010,0.1682,-0.0329,-0.1237,-0.4710,0.0027,-0.6639,-0.1409,20.5680,-9.8343,-20.9873,17.8044,-6.9325,-12.3083
42973364,0.0554,0.0149,-0.0648,0.0397,-0.2371,0.1614,-0.0261,-0.1262,-0.4744,0.0021,-0.6883,-0.1192,20.6218,-10.0799,-20.9900,17.8725,-6.9971,-12.3898
42978365,0.0552,0.0150,-0.0776,0.0702,-0.2142,0.1570,-0.0174,-0.1314,-0.4779,0.0017,-0.7008,-0.0878,20.5175,-10.1865,-21.0420,18.0091,-7.0601,-12.5198
42983364,0.0550,0.0151,-0.0889,0.0623,-0.2698,0.1538,-0.0162,-0.1272,-0.4815,0.0012,-0.7138,-0.0944,20.5175,-10.3326,-21.0971,18.0758,-7.1040,-12.6025
42988364,0.0546,0.0155,-0.1045,0.0816,-0.2988,0.1488,-0.0075,-0.1298,-0.4851,0.0008,-0.7300,-0.0760,20.5784,-10.2798,-21.1001,18.2157,-7.1442,-12.7316
42993365,0.0543,0.0158,-0.1191,0.0837,-0.2915,0.1437,-0.0036,-0.1289,-0.4889,0.0005,-0.7439,-0.0723,20.5314,-10.3358,-21.0478,18.2815,-7.2072,-12.8121
42998365,0.0540,0.0161,-0.0950,0.0583,-0.2701,0.1484,-0.0110,-0.1271,-0.4925,-0.0000,-0.7198,-0.0991,20.5289,-10.2873,-21.0994,18.4199,-7.2474,-12.9265
43003364,0.0536,0.0163,-0.1069,0.0504,-0.2741,0.1442,-0.0099,-0.1238,-0.4961,-0.0006,-0.7285,-0.1128,20.5824,-9.8607,-21.0471,18.4878,-7.2993,-13.0229
43008364,0.0535,0.0164,-0.0782,0.0266,-0.2689,0.1509,-0.0184,-0.1222,-0.4996,-0.0013,-0.6982,-0.1367,20.5892,-9.7633,-20.9490,18.6267,-7.3368,-13.1340
43013365,0.0532,0.0164,-0.0785,-0.0134,-0.2209,0.1492,-0.0276,-0.1131,-0.5031,-0.0022,-0.6943,-0.1838,20.5339,-9.3453,-20.9978,18.6924,-7.3860,-13.2320
43018364,0.0530,0.0162,-0.0675,-0.0522,-0.2100,0.1511,-0.0380,-0.1051,-0.5065,-0.0033,-0.6833,-0.2227,20.5873,-9.2894,-20.9455,18.8324,-7.4223,-13.3436
43023365,0.0529,0.0157,-0.0644,-0.0953,-0.2255,0.1516,-0.0489,-0.0940,-0.5099,-0.0047,-0.6799,-0.2665,20.6412,-9.1925,-20.8931,18.9005,-7.4759,-13.4393
43028365,0.0527,0.0150,-0.0782,-0.1249,-0.2313,0.1476,-0.0556,-0.0831,-0.5133,-0.0061,-0.6937,-0.2962,20.6476,-9.1925,-20.8962,19.0401,-7.5127,-13.5518
43033364,0.0524,0.0143,-0.1023,-0.1365,-0.2060,0.1400,-0.0573,-0.0748,-0.5169,-0.0077,-0.7192,-0.3071,20.7015,-9.2475,-20.8989,19.1083,-7.5691,-13.6486
43038365,0.0521,0.0136,-0.1127,-0.1304,-0.1428,0.1351,-0.0573,-0.0724,-0.5206,-0.0092,-0.7317,-0.2988,20.6996,-9.4422,-20.9509,19.2479,-7.6105,-13.7623
43043364,0.0516,0.0128,-0.1371,-0.1210,-0.1153,0.1265,-0.0538,-0.0683,-0.5244,-0.0106,-0.7595,-0.2850,20.6526,-9.8274,-21.0545,19.3141,-7.6756,-13.8616
43048364,0.0511,0.0122,-0.1484,-0.1060,-0.1006,0.1214,-0.0500,-0.0675,-0.5283,-0.0119,-0.7720,-0.2663,20.5508,-10.1182,-21.1062,19.4512,-7.7211,-13.9757
43053365,0.0503,0.0117,-0.2230,-0.0852,-0.0291,0.0978,-0.0364,-0.0603,-0.5325,-0.0131,-0.8512,-0.2375,20.5038,-10.7065,-21.1614,19.5170,-7.7947,-14.0745
43058364,0.0492,0.0113,-0.2404,-0.0388,-0.0136,0.0889,-0.0231,-0.0653,-0.5369,-0.0140,-0.8725,-0.1859,20.5576,-11.0473,-21.1578,19.6566,-7.8447,-14.1880
43063364,0.0481,0.0111,-0.2786,-0.0110,-0.0640,0.0749,-0.0095,-0.0630,-0.5415,-0.0148,-0.9144,-0.1532,20.5557,-11.4293,-21.2132,19.7233,-7.9193,-14.2872
43068365,0.0468,0.0112,-0.2954,0.0150,-0.0624,0.0654,0.0015,-0.0645,-0.5461,-0.0154,-0.9333,-0.1236,20.5532,-11.6791,-21.2159,19.8618,-7.9704,-14.4014
43073365,0.0454,0.0115,-0.3118,0.0260,-0.0206,0.0550,0.0500,-0.0635,-0.5509,-0.0160,-0.9490,-0.1111,20.4514,-11.7824,-21.2125,19.9264,-8.0429,-14.4997
43078364,0.0439,0.0116,-0.3063,-0.0009,-0.0035,0.0584,0.0500,-0.0481,-0.5551,-0.0176,-0.8414,-0.3167,20.4579,-11.7274,-21.2125,20.0647,-8.0888,-14.6137
43083365,0.0425,0.0117,-0.3015,0.0049,-0.0352,0.0541,0.0500,-0.0472,-0.5593,-0.0191,-0.8370,-0.3102,20.5117,-11.3581,-21.1564,20.1324,-8.1507,-14.7104
43088365,0.0412,0.0115,-0.2984,-0.0015,-0.0728,0.0501,0.0500,-0.0424,-0.5634,-0.0207,-0.8335,-0.3158,20.5182,-10.9106,-21.1041,20.2711,-8.1864,-14.8229
43093365,0.0396,0.0115,-0.2862,-0.0168,-0.0423,0.0465,-0.0200,-0.0377,-0.5675,-0.0223,-0.8204,-0.3311,20.4619,-10.1349,-21.1069,20.3365,-8.2343,-14.9207
43098364,0.0383,0.0114,-0.2804,-0.0418,-0.0288,0.0428,-0.0200,-0.0305,-0.5716,-0.0241,-0.8133,-0.3539,20.4674,-9.0506,-20.9470,20.4748,-8.2518,-15.0306
43103364,0.0369,0.0110,-0.2740,-0.0858,-0.1009,0.0341,-0.0500,-0.0225,-0.5760,-0.0255,-0.8782,-0.2704,20.5237,-8.2760,-20.7909,20.5424,-8.2867,-15.1240
43108364,0.0355,0.0105,-0.2694,-0.1261,-0.1614,0.0362,-0.0500,-0.0037,-0.5800,-0.0276,-0.7997,-0.4321,20.5312,-7.0657,-20.5294,20.6812,-8.2938,-15.2295
43113364,0.0343,0.0097,-0.2795,-0.1778,-0.1470,0.0287,-0.0500,0.0500,-0.5840,-0.0300,-0.8069,-0.4785,20.5376,-5.9655,-20.1751,20.7482,-8.3094,-15.3164
43118365,0.0332,0.0086,-0.2624,-0.2144,-0.1235,0.0418,-0.0500,0.0500,-0.5871,-0.0311,-0.6125,-0.2185,20.3978,-5.9655,-19.6497,20.8836,-8.3333,-15.4130
43123364,0.0320,0.0073,-0.2572,-0.2135,-0.1153,0.0384,0.0200,0.0500,-0.5901,-0.0322,-0.6056,-0.2174,20.2870,-5.8194,-19.3794,20.9475,-8.3654,-15.4978
43128365,0.0308,0.0060,-0.2770,-0.2251,-0.0908,0.0286,0.0200,0.0500,-0.5932,-0.0333,-0.6211,-0.2288,20.0239,-5.8722,-18.4539,21.0785,-8.3899,-15.5807
43133364,0.0296,0.0047,-0.2782,-0.2346,-0.0484,0.0193,-0.0373,-0.0200,-0.5966,-0.0341,-0.6715,-0.1436,19.7305,-6.2637,-17.3390,21.1373,-8.4338,-15.6418
43138365,0.0283,0.0036,-0.2963,-0.2434,0.0463,0.0091,-0.0397,-0.0200,-0.6000,-0.0348,-0.6806,-0.1479,19.0581,-6.5546,-16.1177,21.2552,-8.4649,-15.7077
43143365,0.0268,0.0025,-0.3399,-0.1787,-0.0273,-0.0500,-0.0303,0.0474,-0.6042,-0.0363,-0.8414,-0.3068,18.5603,-6.2448,-14.8689,21.3066,-8.4979,-15.7541
43148364,0.0251,0.0016,-0.3656,-0.1289,-0.0539,-0.0500,-0.0264,0.0318,-0.6068,-0.0375,-0.5326,-0.2271,17.7191,-6.2964,-13.0781,21.4125,-8.5242,-15.7930
43153365,0.0233,0.0010,-0.3867,-0.0681,0.0744,-0.0500,-0.0105,0.0238,-0.6095,-0.0383,-0.5390,-0.1578,16.9992,-5.7463,-11.9305,21.4539,-8.5499,-15.8275
43158365,0.0215,0.0007,-0.4062,-0.0553,0.1700,-0.0500,-0.0032,0.0254,-0.6123,-0.0389,-0.5480,-0.1273,15.0620,-5.7463,-10.7168,21.5239,-8.5729,-15.8625
43163364,0.0195,0.0005,-0.4395,-0.0638,0.1172,0.0200,0.0500,0.0352,-0.6151,-0.0395,-0.5670,-0.1157,14.0478,-5.6003,-9.1961,21.5515,-8.6039,-15.8790
43168365,0.0174,0.0001,-0.4640,-0.0596,0.0188,0.0200,0.0500,0.0464,-0.6178,-0.0404,-0.5337,-0.1794,11.8928,-5.3892,-8.0949,21.5957,-8.6220,-15.9020
43173365,0.0152,-0.0004,-0.4725,-0.0553,0.0084,-0.0762,0.0500,0.0581,-0.6213,-0.0412,-0.7111,-0.1559,10.4926,-4.6506,-6.7279,21.6042,-8.6409,-15.9097
43178364,0.0128,-0.0009,-0.4814,-0.0467,0.1056,-0.0848,0.0500,0.0591,-0.6246,-0.0418,-0.6590,-0.1283,7.5845,-4.6506,-5.4585,21.6072,-8.6595,-15.9095
43183364,0.0103,-0.0013,-0.4615,-0.0318,0.1844,-0.0887,-0.0200,0.0575,-0.6277,-0.0424,-0.6154,-0.1139,6.1843,-3.8676,-5.5073,21.6016,-8.6704,-15.9435
43188365,0.0080,-0.0013,-0.4365,0.0107,0.1007,-0.0872,-0.0200,0.0486,-0.6304,-0.0427,-0.5448,-0.0615,3.8685,-3.1964,-4.8427,21.5883,-8.6711,-15.9514
43193364,0.0059,-0.0013,-0.3748,0.0061,0.1043,-0.0796,0.0339,0.0417,-0.6328,-0.0427,-0.4782,-0.0034,3.3300,-2.3574,-2.9999,21.5892,-8.6709,-15.9390
43198364,0.0042,-0.0014,-0.3274,-0.0147,0.1642,-0.0731,0.0263,0.0405,-0.6348,-0.0427,-0.3977,-0.0011,2.6299,-1.9099,-0.9981,21.5892,-8.6705,-15.9095
43203364,0.0025,-0.0015,-0.2911,-0.0131,0.2085,-0.0698,0.0233,0.0384,-0.6365,-0.0427,-0.3443,-0.0041,1.9836,-1.4065,-0.8028,21.5883,-8.6704,-15.9099
43208365,0.0011,-0.0017,-0.2608,-0.0107,0.1343,-0.0627,0.0226,0.0349,-0.6378,-0.0426,-0.2581,0.0226,-0.2254,-1.1828,1.0488,21.5526,-8.6711,-15.8732
43213364,-0.0002,-0.0020,-0.2300,-0.0140,0.0173,-0.0566,0.0200,0.0360,-0.6388,-0.0425,-0.2006,0.0142,-1.6068,-0.8472,1.0488,21.5204,-8.6705,-15.8690
43218365,-0.0013,-0.0023,-0.2501,-0.0232,0.0286,-0.0646,0.0210,0.0425,-0.6398,-0.0425,-0.2014,0.0083,-2.4532,-0.6794,1.4349,21.4947,-8.6703,-15.8548
43223364,-0.0022,-0.0024,-0.2300,-0.0351,0.1135,-0.0620,0.0159,0.0417,-0.6406,-0.0424,-0.1505,0.0112,-3.5763,-0.5116,2.5934,21.4524,-8.6706,-15.8229
43228365,-0.0034,-0.0026,-0.1985,-0.0195,0.1092,-0.0567,0.0163,0.0361,-0.6411,-0.0423,-0.0934,0.0331,-4.7946,-0.4557,3.0777,21.4120,-8.6714,-15.7973
43233365,-0.0042,-0.0028,-0.1362,-0.0009,-0.0401,-0.0407,0.0144,0.0279,-0.6411,-0.0420,-0.0086,0.0452,-5.4909,0.3693,3.4652,21.3678,-8.6571,-15.7760
43238365,-0.0041,-0.0025,0.0370,0.0962,0.0048,0.0500,0.0119,-0.0500,-0.6402,-0.0414,0.1883,0.1219,-5.9756,1.9520,3.6742,21.3356,-8.6207,-15.7509
43243365,-0.0036,-0.0020,0.1100,0.1362,0.0970,0.0500,0.0123,-0.0500,-0.6395,-0.0409,0.1267,0.1072,-5.9756,1.9520,3.7787,21.2998,-8.6090,-15.7338
43248365,-0.0031,-0.0013,0.1500,0.1765,0.0778,0.0500,0.0177,-0.0500,-0.6387,-0.0402,0.1668,0.1475,-6.3137,1.9520,3.7787,21.2679,-8.6012,-15.7111
43253364,-0.0023,-0.0004,0.1796,0.1918,-0.0157,0.0500,0.0202,-0.0500,-0.6377,-0.0393,0.1964,0.1627,-5.9375,1.9520,3.4465,21.2384,-8.5895,-15.7029
43258364,-0.0014,0.0007,0.2092,0.2028,-0.0389,-0.0200,0.0213,0.0200,-0.6366,-0.0385,0.2235,0.1781,-5.9375,1.6599,2.5604,21.2147,-8.5879,-15.7027
43263364,-0.0004,0.0014,0.2175,0.2053,0.0439,-0.0200,0.0208,0.0200,-0.6354,-0.0375,0.2280,0.1870,-4.3865,1.2218,2.0620,21.2147,-8.5879,-15.7034
43268366,0.0008,0.0024,0.1863,0.1823,0.1260,0.0548,0.0187,-0.0783,-0.6341,-0.0366,0.2703,0.1903,-3.5843,1.0271,1.5635,21.2148,-8.5873,-15.7026
43273365,0.0015,0.0031,0.1106,0.1527,0.1288,0.0370,0.0234,-0.0654,-0.6332,-0.0358,0.1713,0.1563,-2.6751,0.7350,0.9731,21.2142,-8.5879,-15.7089
43278365,0.0019,0.0038,0.0449,0.1051,0.0628,0.0209,0.0226,-0.0459,-0.6328,-0.0354,0.0791,0.0800,-2.1938,0.6377,-1.0452,21.2141,-8.5871,-15.7508
43283365,0.0018,0.0040,-0.0403,0.0205,0.1126,-0.0500,0.0159,-0.0177,-0.6329,-0.0354,-0.0175,-0.0024,-1.6055,0.4916,-1.0452,21.2145,-8.5878,-15.7561
43288365,0.0015,0.0041,-0.0336,0.0153,0.1486,-0.0500,0.0153,-0.0164,-0.6331,-0.0354,-0.0380,-0.0084,-1.3380,0.5403,-1.0452,21.2140,-8.5836,-15.7603
43293364,0.0013,0.0040,-0.0675,0.0290,0.1443,-0.0500,0.0223,-0.0135,-0.6335,-0.0355,-0.0777,-0.0047,-0.9637,0.5403,-1.7233,21.2146,-8.5814,-15.7806
43298364,0.0009,0.0040,-0.1231,-0.0067,0.1046,-0.0500,0.0226,0.0500,-0.6342,-0.0357,-0.1354,-0.0441,-0.8032,0.5403,-1.9654,21.2142,-8.5782,-15.7933
43303365,0.0004,0.0039,-0.1240,-0.0336,0.0802,0.0200,0.0192,0.0500,-0.6348,-0.0359,-0.1193,-0.0417,-0.5893,0.5403,-1.9654,21.2143,-8.5760,-15.8050
43308365,-0.0003,0.0035,-0.1326,-0.0901,0.0576,0.0200,0.0067,0.0500,-0.6354,-0.0365,-0.1160,-0.1187,-0.4823,1.9156,-1.9654,21.2143,-8.5418,-15.8129
43313364,-0.0012,0.0027,-0.1292,-0.1448,0.0020,-0.0352,-0.0500,0.0500,-0.6359,-0.0374,-0.1044,-0.1733,-0.4823,1.9156,-1.9654,21.2115,-8.5341,-15.8247
43318365,-0.0017,0.0017,-0.1136,-0.1570,-0.0093,-0.0345,-0.0500,-0.0200,-0.6364,-0.0381,-0.1053,-0.1570,-0.4823,1.9156,-1.6345,21.2096,-8.5226,-15.8254
43323365,-0.0020,0.0008,-0.1200,-0.1573,0.1019,-0.0390,-0.0500,-0.0200,-0.6370,-0.0389,-0.1117,-0.1573,-0.4823,1.9156,-1.2483,21.2067,-8.5150,-15.8263
43328364,-0.0024,0.0001,-0.1246,-0.1234,0.1621,-0.0427,-0.0500,0.0450,-0.6376,-0.0396,-0.1190,-0.1280,-0.4823,1.9156,-0.3079,21.2048,-8.5035,-15.8113
43333365,-0.0033,-0.0007,-0.1976,-0.1103,0.0542,-0.0600,0.0200,0.0543,-0.6383,-0.0400,-0.1505,-0.0958,-2.2543,1.7607,0.9686,21.1608,-8.4991,-15.7824
43338365,-0.0043,-0.0014,-0.2034,-0.0895,0.0591,-0.0656,0.0200,0.0549,-0.6391,-0.0404,-0.1562,-0.0751,-2.2543,1.2960,0.9686,21.1518,-8.4993,-15.7786
43343364,-0.0052,-0.0018,-0.2175,-0.0589,0.0781,-0.0720,0.0500,0.0527,-0.6399,-0.0406,-0.1584,-0.0429,-2.9971,-0.1100,0.9686,21.1219,-8.5249,-15.7728
43348364,-0.0062,-0.0023,-0.2031,-0.0373,0.0051,-0.0707,0.0500,0.0494,-0.6406,-0.0407,-0.1346,-0.0080,-2.9971,-1.0452,1.9616,21.1100,-8.5488,-15.7468
43353364,-0.0074,-0.0027,-0.2388,-0.0302,-0.1238,-0.0823,0.0500,0.0574,-0.6414,-0.0407,-0.1601,-0.0011,-3.5895,-1.0452,1.9616,21.0779,-8.5530,-15.7350
43358364,-0.0087,-0.0031,-0.2315,-0.0406,-0.2579,-0.0834,0.0500,0.0640,-0.6421,-0.0407,-0.1490,-0.0065,-3.6459,-1.0452,2.2939,21.0624,-8.5592,-15.7204
43363365,-0.0099,-0.0033,-0.2181,-0.0608,-0.1990,-0.0838,-0.0200,0.0675,-0.6427,-0.0408,-0.1115,-0.0159,-4.6791,-1.0452,3.0138,21.0156,-8.5634,-15.6886
43368365,-0.0109,-0.0035,-0.1891,0.0107,-0.0600,-0.0815,-0.0200,0.0483,-0.6430,-0.0405,-0.0707,0.0606,-5.1963,-1.0452,3.3556,20.9849,-8.5697,-15.6696
43373364,-0.0117,-0.0030,-0.1475,0.1359,-0.0731,-0.0728,0.0602,0.0155,-0.6431,-0.0396,-0.0132,0.1860,-5.7846,0.3301,3.6974,20.9391,-8.5433,-15.6407
43378365,-0.0119,-0.0021,-0.0232,0.2208,-0.0276,-0.0418,0.0659,-0.0500,-0.6424,-0.0382,0.1276,0.2779,-6.5045,0.3301,4.1693,20.8995,-8.5413,-15.6152
43383364,-0.0117,-0.0011,0.0858,0.2425,0.0093,-0.0155,0.0562,-0.0500,-0.6414,-0.0370,0.2141,0.2371,-7.2845,0.3301,4.1693,20.8425,-8.5393,-15.5902
43388364,-0.0110,0.0002,0.1729,0.2596,-0.0038,0.0500,0.0520,-0.0500,-0.6399,-0.0357,0.3030,0.2542,-7.3922,0.3301,4.1141,20.8108,-8.5380,-15.5747
43393365,-0.0099,0.0013,0.2318,0.2669,-0.1061,0.0500,0.0542,-0.0500,-0.6387,-0.0344,0.2347,0.2620,-7.7302,0.3301,4.1141,20.7583,-8.5367,-15.5500
43398364,-0.0085,0.0024,0.2630,0.2807,-0.1867,0.0500,0.0552,0.0200,-0.6373,-0.0330,0.2681,0.2720,-7.7772,0.5883,3.9688,20.7263,-8.5295,-15.5365
43403365,-0.0070,0.0038,0.2706,0.3180,-0.1357,0.0500,0.0617,0.0200,-0.6359,-0.0316,0.2873,0.2892,-6.5472,1.9308,2.9518,20.7076,-8.4971,-15.5362
43408365,-0.0055,0.0054,0.2624,0.3060,-0.0527,-0.0200,0.0630,-0.1079,-0.6344,-0.0301,0.2964,0.3074,-6.5472,1.9308,2.0126,20.6814,-8.4856,-15.5445
43413364,-0.0043,0.0068,0.2340,0.2633,-0.0328,-0.0200,0.0571,-0.0998,-0.6331,-0.0289,0.2594,0.2236,-5.5504,2.8035,0.1370,20.6637,-8.4586,-15.5771
43418365,-0.0032,0.0079,0.1955,0.1845,-0.0172,0.0447,0.0427,-0.0867,-0.6316,-0.0282,0.3011,0.1414,-4.5537,3.0272,0.1370,20.6635,-8.4373,-15.5766
43423364,-0.0026,0.0081,0.0806,0.0260,0.1043,0.0152,0.0207,-0.0399,-0.6308,-0.0284,0.1701,-0.0271,-3.3354,3.6424,0.0819,20.6643,-8.4108,-15.5771
43428364,-0.0023,0.0083,0.0440,0.0183,0.1902,0.0059,0.0221,-0.0353,-0.6301,-0.0286,0.1285,-0.0442,-2.7263,4.2755,0.0819,20.6644,-8.3759,-15.5768
43433364,-0.0022,0.0081,-0.0034,0.0049,0.0982,-0.0500,0.0256,-0.0239,-0.6298,-0.0289,0.0690,-0.0604,-2.0064,4.3811,0.0000,20.6645,-8.3563,-15.5775
43438365,-0.0023,0.0081,-0.0336,-0.0305,-0.0246,-0.0500,0.0242,-0.0090,-0.6297,-0.0294,0.0077,-0.1016,-1.6741,4.7705,0.0000,20.6638,-8.3207,-15.5775
43443364,-0.0026,0.0079,-0.0867,-0.0599,-0.0484,-0.0500,0.0233,0.0500,-0.6300,-0.0302,-0.0535,-0.1562,-1.2311,5.1556,-1.3109,20.6640,-8.2937,-15.6057
43448365,-0.0030,0.0073,-0.1087,-0.1338,-0.0459,-0.0500,0.0096,0.0500,-0.6303,-0.0312,-0.0641,-0.2106,-1.0096,5.1556,-2.0975,20.6640,-8.2628,-15.6291
43453364,-0.0037,0.0064,-0.1463,-0.1988,-0.0520,0.0200,-0.0014,0.0500,-0.6308,-0.0326,-0.1013,-0.2764,-0.7328,5.2072,-2.0975,20.6643,-8.2410,-15.6416
43458364,-0.0047,0.0050,-0.1808,-0.2327,-0.0588,0.0200,-0.0500,0.0500,-0.6315,-0.0342,-0.1367,-0.3088,-0.6220,5.1103,-2.0975,20.6638,-8.2117,-15.6500
43463365,-0.0057,0.0035,-0.1784,-0.2715,-0.0487,-0.0664,-0.0500,-0.0200,-0.6324,-0.0355,-0.1705,-0.2715,-0.4559,4.5770,-1.9510,20.6640,-8.2035,-15.6596
43468364,-0.0062,0.0021,-0.1509,-0.2480,0.0035,-0.0625,-0.0500,-0.0200,-0.6331,-0.0368,-0.1449,-0.2480,-0.3451,4.5770,-1.6093,20.6645,-8.1761,-15.6599
43473364,-0.0068,0.0007,-0.1414,-0.2361,-0.0957,-0.0611,-0.0500,0.0811,-0.6338,-0.0379,-0.1333,-0.2306,-0.2898,3.9058,0.3671,20.6637,-8.1722,-15.6229
43478365,-0.0074,-0.0007,-0.0990,-0.2147,-0.1614,-0.0518,0.0200,0.0776,-0.6342,-0.0390,-0.0918,-0.2092,-0.2344,2.8990,0.3671,20.6638,-8.1719,-15.6214
43483365,-0.0077,-0.0016,-0.0577,-0.1469,-0.1440,-0.0429,0.0200,0.0615,-0.6345,-0.0397,-0.0496,-0.1414,-0.2898,2.3956,0.3671,20.6610,-8.1715,-15.6192
43488364,-0.0079,-0.0024,-0.0583,-0.0983,-0.1128,-0.0430,-0.0073,0.0547,-0.6347,-0.0403,-0.0349,-0.1193,-0.2898,1.7803,0.3671,20.6598,-8.1715,-15.6178
43493365,-0.0081,-0.0028,-0.0895,-0.0617,-0.1363,-0.0507,0.0500,0.0506,-0.6349,-0.0405,-0.0552,-0.0538,-0.2898,1.4447,1.9669,20.6581,-8.1718,-15.5808
43498365,-0.0087,-0.0030,-0.1573,-0.0388,-0.1699,-0.0687,0.0500,0.0545,-0.6355,-0.0406,-0.1116,-0.0070,-1.5897,-0.3394,2.1324,20.6287,-8.2025,-15.5690
43503364,-0.0094,-0.0031,-0.1885,-0.0119,-0.1217,-0.0790,0.0500,0.0521,-0.6361,-0.0404,-0.1304,0.0359,-1.7754,-0.7757,3.1979,20.6144,-8.2140,-15.5325
43508364,-0.0106,-0.0033,-0.2239,0.0079,-0.0823,-0.0920,0.0500,0.0542,-0.6369,-0.0401,-0.1500,0.0557,-2.6909,-0.7757,3.1979,20.5875,-8.2187,-15.5197
43513365,-0.0117,-0.0030,-0.2010,0.1075,-0.0850,-0.0902,-0.0200,0.0300,-0.6375,-0.0393,-0.1222,0.1638,-2.6909,-0.7757,3.7727,20.5714,-8.2218,-15.4868
43518364,-0.0123,-0.0023,-0.1161,0.1723,-0.0933,-0.0700,-0.0200,0.0037,-0.6376,-0.0381,-0.0188,0.2285,-3.7614,-0.1454,3.7727,20.5376,-8.2114,-15.4717
43523364,-0.0129,-0.0014,-0.0742,0.2135,-0.1202,-0.0600,0.0782,-0.0500,-0.6374,-0.0368,0.0398,0.2778,-4.5608,-0.0970,4.2158,20.4982,-8.2109,-15.4386
43528364,-0.0132,-0.0003,-0.0376,0.2309,-0.1632,-0.0542,0.0796,-0.0500,-0.6372,-0.0356,0.0429,0.2320,-4.7212,-0.0970,4.2158,20.4767,-8.2115,-15.4217
43533365,-0.0133,0.0008,0.0104,0.2358,-0.2008,-0.0404,0.0765,-0.0500,-0.6366,-0.0345,0.1136,0.2103,-5.1491,1.6929,4.3134,20.4375,-8.1726,-15.3941
43538364,-0.0132,0.0020,0.0574,0.2587,-0.2145,-0.0269,0.0789,-0.0500,-0.6357,-0.0334,0.1725,0.2323,-5.8136,1.7488,4.3134,20.4019,-8.1610,-15.3769
43543365,-0.0128,0.0032,0.0880,0.2993,-0.2280,-0.0168,0.0874,0.0200,-0.6347,-0.0320,0.2094,0.2729,-6.1850,1.7488,3.2647,20.3584,-8.1540,-15.3749
43548365,-0.0121,0.0047,0.0944,0.3286,-0.2384,-0.0116,0.0953,0.0200,-0.6336,-0.0306,0.2277,0.2866,-6.3465,2.8040,2.5414,20.3302,-8.1207,-15.3775
43553365,-0.0116,0.0064,0.0996,0.3204,-0.1825,-0.0085,0.0974,-0.0819,-0.6324,-0.0292,0.2367,0.2850,-6.3465,2.8040,0.4420,20.2921,-8.1094,-15.4111
43558365,-0.0110,0.0079,0.1026,0.2731,-0.1339,-0.0058,0.0894,-0.0785,-0.6312,-0.0280,0.2452,0.2268,-6.3465,3.4855,0.3932,20.2667,-8.0764,-15.4104
43563365,-0.0106,0.0083,0.0968,0.0443,-0.1076,-0.0057,0.0393,-0.0294,-0.6300,-0.0281,0.2394,-0.0173,-5.9233,4.4207,0.2955,20.2382,-8.0426,-15.4104
43568364,-0.0100,0.0082,0.0877,-0.0428,-0.0441,-0.0062,0.0181,-0.0101,-0.6288,-0.0287,0.2355,-0.1198,-5.9233,5.2469,0.0805,20.2145,-7.9986,-15.4137
43573364,-0.0094,0.0078,0.0846,-0.0794,-0.0001,-0.0073,0.0062,0.0011,-0.6278,-0.0297,0.2031,-0.1912,-4.8537,5.7802,-1.7168,20.2046,-7.9667,-15.4558
43578364,-0.0090,0.0072,0.0794,-0.0776,-0.0013,-0.0064,0.0031,0.0500,-0.6267,-0.0307,0.2050,-0.2015,-4.8537,6.5968,-1.7168,20.1852,-7.9135,-15.4627
43583365,-0.0087,0.0064,0.0617,-0.1097,-0.0578,-0.0082,-0.0500,0.0500,-0.6257,-0.0318,0.2000,-0.2157,-4.4661,7.1244,-1.7168,20.1641,-7.8623,-15.4730
43588365,-0.0084,0.0058,0.0565,-0.1591,-0.0649,-0.0139,-0.0500,0.0500,-0.6251,-0.0326,0.1190,-0.1593,-3.6354,7.2218,-1.7168,20.1644,-7.8318,-15.4799
43593364,-0.0081,0.0048,0.0406,-0.2126,-0.0319,-0.0172,-0.0500,0.0500,-0.6246,-0.0336,0.1022,-0.2128,-3.5801,7.2218,-1.7168,20.1441,-7.8029,-15.4902
43598364,-0.0079,0.0034,0.0192,-0.3122,-0.0585,-0.0213,-0.0500,-0.0200,-0.6242,-0.0352,0.0808,-0.3123,-3.5801,6.5066,-1.7168,20.1297,-7.7766,-15.4970
43603365,-0.0079,0.0016,-0.0174,-0.3763,-0.0685,-0.0314,0.0200,-0.0200,-0.6241,-0.0371,0.0306,-0.3764,-2.7908,6.5066,-1.2987,20.1259,-7.7506,-15.4979
43608365,-0.0080,-0.0004,-0.0498,-0.3629,-0.0139,-0.0415,0.0200,0.1014,-0.6241,-0.0389,-0.0100,-0.3621,-2.2802,4.8542,0.0554,20.1259,-7.7495,-15.4747
43613364,-0.0083,-0.0020,-0.0706,-0.2715,-0.0453,-0.0446,-0.0458,0.0922,-0.6241,-0.0404,0.0084,-0.3142,-2.0480,3.9764,1.1076,20.1180,-7.7494,-15.4483
43618365,-0.0087,-0.0032,-0.0974,-0.1839,-0.1446,-0.0522,-0.0240,0.0818,-0.6242,-0.0415,-0.0273,-0.2111,-2.0480,2.9437,1.1076,20.1098,-7.7494,-15.4439
43623364,-0.0091,-0.0040,-0.1338,-0.1445,-0.2142,-0.0625,-0.0111,0.0819,-0.6246,-0.0423,-0.0681,-0.1641,-2.0480,2.4273,1.1076,20.0975,-7.7491,-15.4372
43628364,-0.0099,-0.0046,-0.1790,-0.1417,-0.1794,-0.0767,-0.0044,0.0880,-0.6251,-0.0430,-0.1043,-0.1353,-2.3712,1.7560,2.1817,20.0817,-7.7500,-15.4098
43633365,-0.0109,-0.0054,-0.2135,-0.1976,-0.1208,-0.0905,-0.0135,0.1086,-0.6258,-0.0439,-0.1415,-0.1866,-2.3712,1.4462,2.1817,20.0675,-7.7497,-15.3967
43638364,-0.0121,-0.0065,-0.2199,-0.1790,-0.1040,-0.0953,-0.0100,0.1093,-0.6264,-0.0447,-0.1253,-0.1501,-3.4417,1.0847,3.0207,20.0342,-7.7494,-15.3691
43643365,-0.0132,-0.0074,-0.2123,-0.1240,-0.1654,-0.0958,0.0007,0.1015,-0.6269,-0.0451,-0.1039,-0.0904,-4.2881,0.8782,3.1310,19.9949,-7.7496,-15.3488
43648365,-0.0141,-0.0078,-0.1881,-0.0333,-0.1800,-0.0926,0.0500,0.0800,-0.6273,-0.0450,-0.0687,0.0281,-5.0368,-0.1650,3.9585,19.9621,-7.7664,-15.3172
43653365,-0.0150,-0.0073,-0.1564,0.1497,-0.0475,-0.0878,0.0500,0.0326,-0.6273,-0.0439,-0.0119,0.2232,-5.9228,-1.4853,4.9348,19.9132,-7.7967,-15.2707
43658364,-0.0153,-0.0064,-0.0208,0.1973,-0.1363,-0.0523,0.0500,0.0026,-0.6266,-0.0425,0.1408,0.2809,-6.5728,-1.4853,5.6142,19.8760,-7.8056,-15.2353
43663364,-0.0152,-0.0054,0.0388,0.2037,-0.2478,-0.0345,0.0500,-0.0500,-0.6255,-0.0410,0.2171,0.2989,-7.1577,-0.8252,6.3895,19.8230,-7.7979,-15.1832
43668365,-0.0149,-0.0045,0.0944,0.2098,-0.2436,-0.0226,-0.0200,-0.0500,-0.6244,-0.0399,0.2295,0.2091,-7.8338,-0.4401,6.9754,19.7796,-7.7935,-15.1442
43673364,-0.0142,-0.0035,0.1484,0.2395,-0.1330,-0.0067,-0.0200,-0.0500,-0.6229,-0.0387,0.2970,0.2387,-8.6185,-0.3851,7.3949,19.7147,-7.7940,-15.0919
43678365,-0.0133,-0.0023,0.1955,0.2856,-0.0924,0.0500,0.0521,-0.0500,-0.6212,-0.0373,0.3416,0.2890,-8.6185,-0.2751,6.8984,19.6803,-7.7937,-15.0728
43683364,-0.0123,-0.0008,0.2285,0.3357,-0.1751,0.0500,0.0668,0.0200,-0.6200,-0.0357,0.2387,0.3180,-8.8954,1.1876,6.6563,19.6216,-7.7634,-15.0364
43688364,-0.0110,0.0012,0.2627,0.3696,-0.2490,0.0500,0.0743,0.0200,-0.6186,-0.0340,0.2782,0.3427,-8.7338,1.8073,5.4455,19.5893,-7.7407,-15.0364
43693364,-0.0095,0.0031,0.2920,0.3644,-0.2075,0.0500,0.0755,-0.1093,-0.6169,-0.0320,0.3425,0.3980,-8.2491,1.8073,4.0409,19.5492,-7.7335,-15.0362
43698365,-0.0079,0.0049,0.2792,0.3262,-0.1064,-0.0200,0.0699,-0.1089,-0.6153,-0.0303,0.3234,0.3489,-7.1786,1.8073,3.3144,19.5391,-7.7226,-15.0361
43703365,-0.0068,0.0060,0.1842,0.2205,-0.1226,-0.0200,0.0599,-0.0787,-0.6142,-0.0291,0.2239,0.2251,-5.3193,2.1466,2.4427,19.5391,-7.7079,-15.0364
43708365,-0.0060,0.0070,0.1179,0.1784,-0.0658,0.0159,0.0562,-0.0696,-0.6130,-0.0282,0.2442,0.1762,-5.2629,2.1466,2.0068,19.5192,-7.6951,-15.0363
43713364,-0.0056,0.0077,0.0614,0.1335,0.0521,0.0016,0.0526,-0.0562,-0.6121,-0.0277,0.1802,0.1118,-4.6987,2.9297,1.4740,19.4995,-7.6699,-15.0366
43718365,-0.0052,0.0084,0.0415,0.1097,0.1254,-0.0500,0.0511,-0.0515,-0.6113,-0.0273,0.1437,0.0843,-3.8523,2.9297,1.2319,19.4994,-7.6523,-15.0360
43723364,-0.0051,0.0086,0.0098,0.0925,0.0683,-0.0500,0.0524,-0.0382,-0.6112,-0.0272,0.0357,0.0216,-2.8649,3.8793,-0.8826,19.4991,-7.6201,-15.0770
43728364,-0.0051,0.0088,-0.0434,0.0345,-0.0740,-0.0500,0.0484,-0.0175,-0.6112,-0.0274,-0.0128,-0.0444,-2.3476,4.4148,-0.8826,19.4991,-7.5856,-15.0805
43733365,-0.0055,0.0089,-0.1078,-0.0095,-0.1104,-0.0500,0.0482,0.0012,-0.6116,-0.0278,-0.0772,-0.0883,-1.7364,4.4148,-0.8826,19.4993,-7.5679,-15.0858
43738364,-0.0062,0.0086,-0.1753,-0.0681,-0.0328,0.0200,0.0426,0.0500,-0.6123,-0.0286,-0.1390,-0.1568,-1.4072,5.0750,-0.8826,19.4996,-7.5254,-15.0894
43743364,-0.0072,0.0080,-0.2172,-0.1399,-0.0325,0.0200,0.0323,0.0500,-0.6131,-0.0297,-0.1696,-0.2215,-1.2191,5.4881,-0.8826,19.4958,-7.4965,-15.0947
43748364,-0.0087,0.0068,-0.2776,-0.2471,-0.0331,-0.0988,0.0144,0.0500,-0.6142,-0.0314,-0.2075,-0.3316,-1.2191,5.6820,-0.8826,19.4909,-7.4596,-15.0982
43753365,-0.0100,0.0056,-0.2505,-0.2752,-0.0105,-0.0977,0.0029,0.0500,-0.6151,-0.0332,-0.1804,-0.3597,-1.2191,5.6820,-0.8826,19.4836,-7.4369,-15.1035
43758364,-0.0114,0.0042,-0.2395,-0.2911,0.0350,-0.0998,-0.0500,-0.0200,-0.6159,-0.0351,-0.1556,-0.3772,-1.9679,5.7939,-0.8826,19.4630,-7.4001,-15.1070
43763364,-0.0127,0.0026,-0.2300,-0.3002,0.0460,-0.1067,-0.0500,-0.0200,-0.6168,-0.0366,-0.1961,-0.3004,-1.9679,5.7939,-0.8826,19.4512,-7.3769,-15.1123
43768364,-0.0139,0.0010,-0.2111,-0.2920,-0.0020,-0.1062,-0.0500,0.1132,-0.6177,-0.0380,-0.1777,-0.2930,-1.9679,5.3718,-0.0552,19.4434,-7.3525,-15.0986
43773365,-0.0148,-0.0006,-0.1671,-0.2660,-0.0258,-0.0978,-0.0500,0.1082,-0.6184,-0.0393,-0.1246,-0.2513,-1.9679,5.0797,0.9930,19.4315,-7.3370,-15.0730
43778364,-0.0155,-0.0020,-0.1365,-0.2315,-0.0301,-0.0919,0.0200,0.1028,-0.6188,-0.0404,-0.0826,-0.2169,-2.6324,3.7653,0.9930,19.4088,-7.3370,-15.0690
43783364,-0.0160,-0.0031,-0.1173,-0.1863,-0.0988,-0.0870,0.0200,0.0955,-0.6190,-0.0412,-0.0448,-0.1659,-3.5145,2.7917,1.3804,19.3742,-7.3370,-15.0551
43788365,-0.0165,-0.0041,-0.1014,-0.1353,-0.2292,-0.0808,0.0011,0.0885,-0.6190,-0.0419,0.0026,-0.1368,-3.8376,2.2563,2.1554,19.3536,-7.3377,-15.0318
43793365,-0.0171,-0.0048,-0.1075,-0.0996,-0.3566,-0.0820,0.0500,0.0855,-0.6189,-0.0423,0.0105,-0.0898,-4.6603,1.8668,2.5212,19.3114,-7.3372,-15.0114
43798365,-0.0177,-0.0049,-0.0883,-0.0425,-0.2200,-0.0811,0.0500,0.0681,-0.6188,-0.0423,0.0320,0.0019,-5.4868,1.3800,2.9915,19.2740,-7.3373,-14.9903
43803365,-0.0181,-0.0051,-0.0696,0.0043,-0.1418,-0.0767,0.0500,0.0540,-0.6184,-0.0420,0.0815,0.0634,-6.7804,0.2275,3.9884,19.2110,-7.3564,-14.9514
43808364,-0.0183,-0.0050,-0.0296,0.0702,-0.1825,-0.0662,0.0500,0.0347,-0.6177,-0.0414,0.1311,0.1293,-7.3342,-0.5803,3.9884,19.1725,-7.3750,-14.9369
43813364,-0.0183,-0.0044,0.0174,0.1454,-0.1935,-0.0528,-0.0200,0.0089,-0.6167,-0.0403,0.1993,0.2193,-8.0664,-0.3165,4.9793,19.1113,-7.3719,-14.8880
43818365,-0.0181,-0.0036,0.0825,0.2046,-0.1507,-0.0350,-0.0200,-0.0500,-0.6153,-0.0388,0.2753,0.2848,-8.4972,-0.2110,5.3988,19.0692,-7.3714,-14.8603
43823365,-0.0175,-0.0024,0.1457,0.2523,-0.1363,-0.0200,0.0591,-0.0500,-0.6138,-0.0376,0.3000,0.2537,-9.0327,-0.1583,5.8401,19.0060,-7.3711,-14.8161
43828365,-0.0167,-0.0011,0.1839,0.2715,-0.1507,-0.0070,0.0616,-0.0500,-0.6121,-0.0362,0.3405,0.2729,-9.1737,-0.1583,5.8401,18.9665,-7.3721,-14.7949
43833364,-0.0157,0.0004,0.1985,0.2755,-0.1724,0.0015,0.0629,-0.0500,-0.6103,-0.0349,0.3635,0.2609,-9.1165,0.9249,5.9370,18.9123,-7.3498,-14.7553
43838364,-0.0145,0.0017,0.2309,0.3122,-0.1269,0.0500,0.0675,0.0200,-0.6083,-0.0334,0.4008,0.2890,-9.1165,1.5091,5.2053,18.8759,-7.3295,-14.7493
43843364,-0.0133,0.0031,0.2483,0.3195,-0.1641,0.0500,0.0758,0.0200,-0.6070,-0.0320,0.2613,0.2971,-8.3439,1.5091,3.7943,18.8396,-7.3235,-14.7491
43848364,-0.0120,0.0046,0.2147,0.2999,-0.2066,0.0500,0.0813,-0.0848,-0.6057,-0.0303,0.2551,0.3250,-7.1053,1.5091,3.1671,18.8339,-7.3144,-14.7491
43853365,-0.0109,0.0061,0.1869,0.2660,-0.1525,0.0500,0.0780,-0.0801,-0.6046,-0.0290,0.2259,0.2671,-7.1053,2.2243,2.2787,18.7913,-7.2934,-14.7496
43858364,-0.0101,0.0072,0.1341,0.2141,-0.0401,-0.0200,0.0740,-0.0689,-0.6037,-0.0280,0.1699,0.2097,-5.8658,2.2243,1.9129,18.7899,-7.2801,-14.7493
43863365,-0.0096,0.0080,0.0672,0.1326,0.0494,-0.0200,0.0641,-0.0464,-0.6032,-0.0274,0.1034,0.1119,-4.3445,2.7923,1.3902,18.7898,-7.2595,-14.7494
43868364,-0.0093,0.0086,0.0330,0.1090,0.1101,-0.0500,0.0607,-0.0422,-0.6026,-0.0270,0.1332,0.0752,-3.5557,3.3993,1.1289,18.7897,-7.2283,-14.7500
43873365,-0.0091,0.0089,0.0107,0.1106,0.0900,-0.0500,0.0662,-0.0378,-0.6023,-0.0267,0.0522,0.0636,-2.6542,3.9810,0.8154,18.7892,-7.2012,-14.7499
43878365,-0.0091,0.0093,-0.0305,0.0507,0.0323,-0.0500,0.0590,-0.0193,-0.6022,-0.0268,0.0174,-0.0103,-2.1471,4.8200,0.7108,18.7898,-7.1575,-14.7492
43883365,-0.0094,0.0094,-0.0944,0.0153,0.0561,-0.0500,0.0591,-0.0030,-0.6024,-0.0271,-0.0409,-0.0614,-1.5837,5.6641,0.5018,18.7898,-7.1202,-14.7496
43888364,-0.0101,0.0088,-0.1683,-0.1368,-0.0044,0.0200,0.0345,0.0500,-0.6030,-0.0282,-0.1111,-0.2230,-1.3020,6.1996,0.3973,18.7896,-7.0741,-14.7500
43893365,-0.0112,0.0080,-0.2077,-0.1826,-0.0264,0.0200,0.0281,0.0500,-0.6037,-0.0296,-0.1488,-0.2837,-0.9639,6.8048,0.2928,18.7896,-7.0362,-14.7498
43898365,-0.0123,0.0067,-0.2062,-0.2303,0.0100,-0.0954,0.0135,0.0500,-0.6044,-0.0313,-0.1277,-0.3382,-0.9076,7.2695,0.2405,18.7871,-6.9850,-14.7498
43903365,-0.0133,0.0056,-0.1872,-0.2474,0.0970,-0.0955,0.0040,0.0500,-0.6049,-0.0331,-0.1063,-0.3596,-0.9076,7.5604,0.1882,18.7816,-6.9495,-14.7495
43908364,-0.0140,0.0043,-0.1817,-0.2471,0.1450,-0.0974,-0.0004,-0.0200,-0.6054,-0.0349,-0.0994,-0.3618,-0.9076,7.7282,0.1360,18.7780,-6.9003,-14.7499
43913364,-0.0149,0.0032,-0.1955,-0.2596,0.0836,-0.1037,-0.0500,-0.0200,-0.6060,-0.0368,-0.1141,-0.3727,-0.9076,7.6227,0.1882,18.7726,-6.8715,-14.7479
43918365,-0.0157,0.0017,-0.2056,-0.2560,0.0558,-0.1141,-0.0500,0.1055,-0.6069,-0.0380,-0.1883,-0.2532,-0.9076,7.0385,0.1882,18.7689,-6.8379,-14.7472
43923365,-0.0167,0.0003,-0.1891,-0.2385,0.1007,-0.1144,-0.0500,0.1061,-0.6078,-0.0392,-0.1718,-0.2358,-0.9076,6.8438,0.1882,18.7635,-6.8143,-14.7460
43928364,-0.0176,-0.0011,-0.1833,-0.2123,0.1144,-0.1163,-0.0500,0.1049,-0.6086,-0.0402,-0.1593,-0.1979,-0.9076,5.8535,0.9636,18.7599,-6.7946,-14.7292
43933365,-0.0184,-0.0019,-0.1604,-0.1268,-0.0585,-0.1101,0.0200,0.0884,-0.6091,-0.0407,-0.1183,-0.0950,-1.3778,5.5235,2.1265,18.7426,-6.7789,-14.6940
43938365,-0.0190,-0.0027,-0.1411,-0.0932,-0.1761,-0.1053,0.0200,0.0834,-0.6096,-0.0410,-0.0862,-0.0615,-2.1265,5.3169,2.1265,18.7215,-6.7500,-14.6863
43943364,-0.0199,-0.0034,-0.1717,-0.1081,-0.2130,-0.1119,0.0500,0.0967,-0.6099,-0.0416,-0.0608,-0.1274,-2.7243,4.3875,3.0542,18.6950,-6.7492,-14.6499
43948364,-0.0206,-0.0039,-0.1826,-0.0983,-0.1400,-0.1192,0.0500,0.0932,-0.6103,-0.0418,-0.0822,-0.0403,-3.8872,3.2515,3.8932,18.6578,-6.7492,-14.6203
43953365,-0.0215,-0.0041,-0.1500,-0.0055,-0.0603,-0.1133,0.0500,0.0689,-0.6104,-0.0415,-0.0232,0.0607,-5.1388,2.6318,4.4448,18.6056,-6.7498,-14.5841
43958364,-0.0221,-0.0040,-0.1054,0.0748,-0.0963,-0.1031,0.0500,0.0462,-0.6102,-0.0408,0.0331,0.1451,-5.6773,1.9605,4.7207,18.5725,-6.7495,-14.5616
43963365,-0.0224,-0.0033,-0.0486,0.1622,-0.1440,-0.0867,-0.0200,0.0164,-0.6096,-0.0395,0.1289,0.2518,-7.2934,1.5991,6.0220,18.5013,-6.7496,-14.5014
43968365,-0.0224,-0.0023,0.0260,0.2483,-0.1034,-0.0675,-0.0200,-0.0500,-0.6085,-0.0378,0.2157,0.3386,-7.9823,1.1860,6.0743,18.4572,-6.7495,-14.4783
43973365,-0.0220,-0.0009,0.1106,0.2935,-0.0646,-0.0473,0.0848,-0.0500,-0.6072,-0.0364,0.2729,0.2779,-8.9343,0.9794,6.6835,18.3880,-6.7493,-14.4246
43978365,-0.0213,0.0008,0.1720,0.3183,-0.2243,-0.0263,0.0886,-0.0500,-0.6054,-0.0349,0.3442,0.3064,-9.6436,0.7213,7.0252,18.3367,-6.7494,-14.3925
43983364,-0.0204,0.0023,0.2175,0.3259,-0.2475,-0.0103,0.0882,-0.0500,-0.6035,-0.0333,0.3966,0.3170,-10.1507,0.5147,7.0777,18.2673,-6.7498,-14.3465
43988364,-0.0192,0.0039,0.2639,0.3543,-0.1812,0.0500,0.0905,0.0200,-0.6012,-0.0316,0.4521,0.3470,-10.7408,0.4114,6.8018,18.2136,-6.7500,-14.3265
43993364,-0.0178,0.0056,0.3036,0.3665,-0.1938,0.0500,0.0988,0.0200,-0.5997,-0.0298,0.3067,0.3612,-10.9623,0.3598,4.9262,18.1443,-6.7494,-14.3269
43998365,-0.0163,0.0075,0.3216,0.3604,-0.3065,0.0500,0.1030,-0.1135,-0.5979,-0.0277,0.3602,0.4166,-10.9159,0.3598,4.0987,18.1015,-6.7473,-14.3271
44003364,-0.0146,0.0093,0.3311,0.3381,-0.3648,0.0500,0.0999,-0.1175,-0.5961,-0.0258,0.3601,0.3777,-10.5389,0.3598,2.9954,18.0452,-6.7459,-14.3267
44008365,-0.0128,0.0109,0.3216,0.2779,-0.2796,-0.0200,0.0864,-0.1115,-0.5943,-0.0244,0.3594,0.2878,-9.4684,1.8627,2.4989,18.0269,-6.7105,-14.3267
44013364,-0.0113,0.0120,0.2822,0.1964,-0.1302,-0.0200,0.0714,-0.0964,-0.5927,-0.0234,0.3177,0.1888,-8.2929,2.3101,1.7818,17.9953,-6.6939,-14.3275
44018365,-0.0100,0.0127,0.2294,0.1124,-0.0362,0.0312,0.0518,-0.0816,-0.5907,-0.0230,0.4029,0.0853,-7.6816,3.3106,1.5060,17.9763,-6.6556,-14.3270
44023364,-0.0089,0.0131,0.1961,0.0556,0.0625,0.0244,0.0408,-0.0676,-0.5889,-0.0230,0.3497,0.0056,-6.1306,4.4713,1.1198,17.9647,-6.6162,-14.3265
44028365,-0.0080,0.0132,0.1579,0.0269,0.0338,0.0182,0.0376,-0.0571,-0.5874,-0.0232,0.2991,-0.0412,-5.0075,5.4702,0.8991,17.9648,-6.5661,-14.3272
44033364,-0.0072,0.0128,0.1124,-0.0440,-0.0032,0.0091,0.0231,-0.0320,-0.5862,-0.0240,0.2378,-0.1573,-4.9540,6.1303,-1.4683,17.9361,-6.5290,-14.3753
44038365,-0.0068,0.0125,0.0547,-0.0892,0.0093,-0.0500,0.0172,-0.0142,-0.5853,-0.0250,0.1876,-0.2154,-4.9540,6.9955,-1.4683,17.9163,-6.4720,-14.3806
44043364,-0.0066,0.0118,0.0140,-0.1735,-0.0481,-0.0500,0.0038,0.0500,-0.5850,-0.0266,0.0557,-0.3191,-3.7358,7.2864,-2.4935,17.9143,-6.4371,-14.4126
44048365,-0.0066,0.0105,-0.0199,-0.2721,-0.1144,-0.0500,-0.0500,0.0500,-0.5848,-0.0286,0.0467,-0.3863,-3.0713,7.6779,-2.4935,17.9140,-6.3835,-14.4217
44053364,-0.0069,0.0090,-0.0754,-0.3332,-0.0795,-0.0500,-0.0500,0.0500,-0.5852,-0.0302,-0.0754,-0.3332,-2.2960,7.8890,-2.4935,17.9135,-6.3479,-14.4376
44058364,-0.0070,0.0070,-0.0837,-0.3870,-0.0068,0.0200,-0.0500,0.0500,-0.5856,-0.0322,-0.0837,-0.3870,-1.8530,7.5482,-2.4935,17.9141,-6.3088,-14.4466
44063364,-0.0074,0.0050,-0.1075,-0.4016,0.0408,0.0200,-0.0500,-0.0200,-0.5861,-0.0342,-0.1075,-0.4016,-1.7423,6.7780,-1.9951,17.9059,-6.2948,-14.4515
44068365,-0.0078,0.0028,-0.1393,-0.3998,0.0008,-0.0642,0.0200,-0.0200,-0.5867,-0.0362,-0.1093,-0.3999,-1.7423,6.7780,-1.6629,17.8989,-6.2541,-14.4516
44073365,-0.0084,0.0011,-0.1515,-0.3531,-0.1596,-0.0673,0.0200,0.1111,-0.5873,-0.0380,-0.1208,-0.3715,-2.3922,5.7453,-1.2198,17.8749,-6.2494,-14.4519
44078364,-0.0091,-0.0008,-0.1295,-0.3222,-0.1119,-0.0619,-0.0444,0.1106,-0.5875,-0.0400,-0.0558,-0.3926,-2.3922,4.2478,-0.4743,17.8653,-6.2495,-14.4406
44083365,-0.0097,-0.0024,-0.1313,-0.2673,-0.0890,-0.0647,-0.0348,0.1029,-0.5878,-0.0415,-0.0514,-0.3036,-2.3922,3.4733,1.0253,17.8510,-6.2495,-14.4068
44088364,-0.0103,-0.0037,-0.1649,-0.2294,-0.1342,-0.0754,-0.0239,0.1045,-0.5882,-0.0428,-0.0907,-0.2527,-2.4999,2.5955,1.0253,17.8393,-6.2490,-14.4031
44093364,-0.0110,-0.0048,-0.1900,-0.2214,-0.1409,-0.0849,-0.0207,0.1110,-0.5888,-0.0440,-0.1202,-0.2371,-2.4999,2.0791,1.0253,17.8243,-6.2500,-14.3966
44098364,-0.0121,-0.0059,-0.2114,-0.1787,-0.1330,-0.0940,-0.0095,0.1086,-0.5895,-0.0448,-0.1340,-0.1726,-2.7253,1.5627,1.9692,17.8097,-6.2494,-14.3726
44103364,-0.0133,-0.0069,-0.2230,-0.1457,-0.1815,-0.1000,-0.0015,0.1084,-0.5902,-0.0455,-0.1323,-0.1350,-3.6552,1.2529,1.9692,17.7708,-6.2499,-14.3601
44108364,-0.0144,-0.0074,-0.2144,-0.0608,-0.1864,-0.1008,0.0500,0.0910,-0.5907,-0.0457,-0.1057,-0.0307,-4.3605,0.9431,2.9621,17.7399,-6.2495,-14.3320
44113364,-0.0152,-0.0074,-0.1704,0.0651,-0.1525,-0.0924,0.0500,0.0564,-0.5909,-0.0450,-0.0462,0.1276,-5.1092,0.7882,4.1999,17.6956,-6.2492,-14.2856
44118365,-0.0159,-0.0066,-0.1206,0.1991,-0.1583,-0.0808,0.0500,0.0182,-0.5908,-0.0437,0.0261,0.2710,-6.1060,0.5816,4.8270,17.6526,-6.2493,-14.2574
44123365,-0.0163,-0.0056,-0.0382,0.2153,-0.1712,-0.0589,0.0500,-0.0006,-0.5901,-0.0421,0.1402,0.3034,-7.3947,0.4784,5.9190,17.5864,-6.2493,-14.2025
44128364,-0.0163,-0.0045,0.0238,0.2248,-0.1736,-0.0428,-0.0200,-0.0500,-0.5890,-0.0406,0.2122,0.3151,-7.9018,0.3234,6.0655,17.5464,-6.2499,-14.1781
44133365,-0.0160,-0.0034,0.0861,0.2618,-0.1531,-0.0290,-0.0200,-0.0500,-0.5879,-0.0393,0.2360,0.2609,-8.6915,0.2718,6.9732,17.4803,-6.2497,-14.1179
44138364,-0.0153,-0.0021,0.1332,0.3027,-0.1785,-0.0135,0.0683,-0.0500,-0.5864,-0.0378,0.2931,0.2970,-9.1193,0.3234,6.9732,17.4355,-6.2468,-14.0927
44143365,-0.0145,-0.0006,0.1564,0.3485,-0.2087,-0.0030,0.0788,-0.0500,-0.5848,-0.0361,0.3269,0.3429,-9.7391,0.3234,5.9251,17.3662,-6.2455,-14.0718
44148365,-0.0134,0.0015,0.1872,0.3949,-0.1990,0.0500,0.0883,0.0200,-0.5829,-0.0342,0.3690,0.3714,-9.7929,1.5354,5.9251,17.3261,-6.2175,-14.0503
44153365,-0.0123,0.0036,0.2184,0.3891,-0.2002,0.0500,0.0945,0.0200,-0.5818,-0.0324,0.2337,0.3627,-9.6802,1.7778,4.8596,17.2698,-6.2056,-14.0360
44158365,-0.0111,0.0055,0.2275,0.3500,-0.2096,0.0500,0.0920,-0.1029,-0.5804,-0.0305,0.2778,0.3841,-9.3041,1.7778,4.0362,17.2391,-6.1949,-14.0364
44163365,-0.0099,0.0068,0.2260,0.2334,-0.1785,0.0500,0.0666,-0.0827,-0.5790,-0.0293,0.2734,0.2391,-7.8600,2.5609,2.9223,17.2145,-6.1715,-14.0366
44168364,-0.0089,0.0077,0.1668,0.1619,-0.1211,-0.0200,0.0585,-0.0650,-0.5779,-0.0285,0.2100,0.1603,-7.8600,2.5609,2.4380,17.1831,-6.1562,-14.0366
44173365,-0.0082,0.0082,0.1179,0.0922,-0.0136,-0.0200,0.0467,-0.0468,-0.5771,-0.0282,0.1654,0.0633,-6.5864,3.7216,1.7599,17.1637,-6.1212,-14.0368
44178364,-0.0077,0.0085,0.0779,0.0254,0.0940,-0.0016,0.0312,-0.0332,-0.5760,-0.0282,0.2205,-0.0177,-5.3682,4.3544,1.4693,17.1642,-6.0855,-14.0367
44183364,-0.0074,0.0084,0.0431,-0.0391,0.1584,-0.0500,0.0184,-0.0118,-0.5753,-0.0289,0.1501,-0.1237,-3.9838,5.0696,-0.6068,17.1639,-6.0445,-14.0775
44188365,-0.0071,0.0081,0.0192,-0.0516,0.1453,-0.0500,0.0197,-0.0027,-0.5750,-0.0295,0.0579,-0.1361,-3.5962,5.0696,-0.6068,17.1596,-6.0242,-14.0798
44193364,-0.0071,0.0074,-0.0373,-0.0959,0.0286,-0.0500,0.0156,0.0500,-0.5749,-0.0305,0.0058,-0.1880,-3.5962,5.5859,-0.6068,17.1353,-5.9928,-14.0835
44198365,-0.0074,0.0068,-0.0852,-0.1497,-0.0328,-0.0500,0.0092,0.0500,-0.5751,-0.0317,-0.0352,-0.2356,-3.5033,5.7799,-0.6068,17.1255,-5.9551,-14.0859
44203365,-0.0080,0.0060,-0.1530,-0.1768,-0.0108,0.0200,0.0100,0.0500,-0.5756,-0.0330,-0.1030,-0.2628,-2.4820,5.7799,-0.6068,17.1258,-5.9320,-14.0896
44208364,-0.0088,0.0048,-0.1891,-0.2560,-0.0856,0.0200,-0.0500,0.0500,-0.5763,-0.0347,-0.1391,-0.3418,-2.1106,5.7799,-0.6068,17.1258,-5.8973,-14.0920
44213364,-0.0101,0.0033,-0.2471,-0.3320,-0.0472,-0.0995,-0.0500,-0.0200,-0.5774,-0.0364,-0.2116,-0.3321,-2.0641,5.7799,-0.6068,17.1127,-5.8742,-14.0957
44218364,-0.0114,0.0014,-0.2312,-0.3262,0.0042,-0.1011,-0.0500,-0.0200,-0.5784,-0.0380,-0.1957,-0.3263,-2.0641,4.6720,-0.6068,17.1060,-5.8657,-14.0980
44223364,-0.0125,-0.0002,-0.2147,-0.2721,0.0035,-0.1008,-0.0500,0.1096,-0.5792,-0.0393,-0.1698,-0.2640,-2.3334,4.6720,0.5517,17.0864,-5.8470,-14.0754
44228365,-0.0136,-0.0015,-0.1982,-0.2199,-0.0911,-0.0996,0.0200,0.1041,-0.5800,-0.0404,-0.1533,-0.2118,-2.3334,3.8444,0.5517,17.0788,-5.8372,-14.0732
44233364,-0.0146,-0.0026,-0.2095,-0.1747,-0.2344,-0.1049,0.0200,0.1035,-0.5808,-0.0412,-0.1646,-0.1666,-2.3334,3.1142,0.5517,17.0631,-5.8379,-14.0699
44238365,-0.0157,-0.0036,-0.2312,-0.1539,-0.2726,-0.1126,0.0500,0.1093,-0.5816,-0.0421,-0.1662,-0.1805,-2.3334,2.3353,0.5517,17.0555,-5.8372,-14.0677
44243364,-0.0168,-0.0045,-0.2514,-0.1405,-0.1950,-0.1232,0.0500,0.1098,-0.5826,-0.0427,-0.1860,-0.1121,-2.8405,1.3046,1.9078,17.0272,-5.8498,-14.0339
44248365,-0.0182,-0.0051,-0.2654,-0.0654,-0.1849,-0.1311,0.0500,0.0991,-0.5835,-0.0428,-0.1838,-0.0371,-3.7809,0.0000,1.9078,16.9977,-5.8731,-14.0265
44253365,-0.0195,-0.0054,-0.2483,-0.0147,-0.2848,-0.1290,0.0500,0.0891,-0.5842,-0.0427,-0.1439,0.0260,-4.6901,0.0000,2.7439,16.9507,-5.8731,-13.9968
44258365,-0.0203,-0.0047,-0.1335,0.1735,-0.2869,-0.1018,-0.0200,0.0322,-0.5843,-0.0416,-0.0090,0.2140,-5.8530,0.0528,2.7439,16.9103,-5.8718,-13.9862
44263365,-0.0206,-0.0036,-0.0461,0.2428,-0.2561,-0.0787,-0.0200,0.0004,-0.5837,-0.0402,0.1153,0.2981,-7.4964,0.0528,3.7408,16.8326,-5.8716,-13.9468
44268364,-0.0206,-0.0022,0.0440,0.3109,-0.2897,-0.0540,0.0966,-0.0500,-0.5826,-0.0383,0.2238,0.3697,-8.3979,0.0528,4.0337,16.7893,-5.8713,-13.9263
44273365,-0.0200,-0.0005,0.1451,0.3534,-0.3743,-0.0256,0.0940,-0.0500,-0.5810,-0.0366,0.3216,0.3342,-9.6381,1.2211,4.8330,16.7037,-5.8460,-13.8827
44278365,-0.0190,0.0014,0.2352,0.3784,-0.3767,0.0500,0.0916,-0.0500,-0.5788,-0.0349,0.4264,0.3534,-10.3026,1.6105,5.0952,16.6583,-5.8288,-13.8578
44283365,-0.0176,0.0033,0.3207,0.4071,-0.3086,0.0500,0.0969,-0.0500,-0.5771,-0.0329,0.3346,0.3833,-10.9897,1.6105,5.0952,16.5725,-5.8223,-13.8266
44288364,-0.0158,0.0054,0.3858,0.4212,-0.3169,0.0500,0.0954,0.0200,-0.5751,-0.0310,0.3997,0.3973,-11.1587,1.6105,4.1573,16.5333,-5.8127,-13.8274
44293364,-0.0138,0.0075,0.4200,0.4175,-0.3874,0.0500,0.0940,0.0200,-0.5730,-0.0290,0.4396,0.3839,-10.9107,2.2707,3.1644,16.4634,-5.7918,-13.8275
44298365,-0.0116,0.0096,0.4218,0.3812,-0.4390,-0.0200,0.0910,-0.1424,-0.5706,-0.0271,0.4636,0.3858,-9.9480,2.2707,2.5575,16.4492,-5.7782,-13.8265
44303364,-0.0095,0.0108,0.4126,0.2053,-0.3199,-0.0200,0.0504,-0.1114,-0.5683,-0.0262,0.4582,0.1854,-8.5082,3.3034,1.9507,16.4131,-5.7466,-13.8266
44308365,-0.0078,0.0115,0.3256,0.1038,-0.2011,0.0664,0.0305,-0.0892,-0.5659,-0.0259,0.4976,0.0647,-7.1792,4.1276,1.5094,16.4142,-5.7090,-13.8274
44313365,-0.0062,0.0118,0.2813,0.0440,-0.1302,0.0595,0.0199,-0.0744,-0.5637,-0.0259,0.4387,-0.0075,-6.2379,4.6310,1.1784,16.3896,-5.6821,-13.8268
44318365,-0.0047,0.0119,0.2477,0.0229,-0.1089,0.0562,0.0154,-0.0674,-0.5617,-0.0261,0.3987,-0.0494,-5.9129,5.2831,0.4361,16.3759,-5.6393,-13.8371
44323364,-0.0037,0.0116,0.2086,-0.0067,-0.1483,0.0482,0.0104,-0.0529,-0.5601,-0.0267,0.3199,-0.1137,-4.2416,5.8107,-1.3634,16.3753,-5.6059,-13.8762
44328365,-0.0027,0.0114,0.1793,-0.0596,-0.1770,0.0445,0.0004,-0.0380,-0.5587,-0.0276,0.2828,-0.1723,-3.5916,6.2001,-1.3634,16.3756,-5.5615,-13.8825
44333365,-0.0019,0.0111,0.1280,-0.0849,-0.1828,0.0332,-0.0014,-0.0248,-0.5576,-0.0286,0.2109,-0.2112,-2.5703,6.4752,-1.9981,16.3754,-5.5305,-13.9030
44338364,-0.0013,0.0104,0.0724,-0.1417,-0.2891,0.0221,-0.0500,-0.0024,-0.5569,-0.0300,0.1443,-0.2701,-2.1525,6.3203,-2.2910,16.3760,-5.4949,-13.9193
44343364,-0.0010,0.0095,0.0195,-0.2016,-0.4015,0.0057,-0.0500,0.0500,-0.5568,-0.0312,0.0163,-0.2358,-0.9683,6.3203,-2.2910,16.3877,-5.4697,-13.9316
44348364,-0.0011,0.0084,-0.0391,-0.2459,-0.2723,-0.0500,-0.0500,0.0500,-0.5570,-0.0324,-0.0457,-0.2459,0.3876,5.1568,-2.8448,16.4144,-5.4583,-13.9538
44353365,-0.0017,0.0067,-0.0895,-0.2984,-0.2176,-0.0500,-0.0500,0.0500,-0.5575,-0.0339,-0.0895,-0.2984,0.3876,5.1568,-2.8448,16.4170,-5.4376,-13.9690
44358364,-0.0021,0.0051,-0.1283,-0.3036,-0.2756,-0.0500,0.0200,0.0500,-0.5581,-0.0354,-0.1283,-0.3036,0.3876,4.4296,-2.8448,16.4183,-5.4223,-13.9822
44363366,-0.0029,0.0035,-0.2095,-0.2825,-0.3621,-0.0500,0.0200,-0.0200,-0.5592,-0.0368,-0.2095,-0.2825,0.3876,3.6466,-2.8448,16.4209,-5.4218,-13.9975
44368364,-0.0041,0.0022,-0.2700,-0.2162,-0.3520,0.0200,0.0500,-0.0200,-0.5604,-0.0381,-0.2468,-0.2564,0.3876,2.6957,-2.2700,16.4222,-5.4219,-13.9980
44373364,-0.0056,0.0012,-0.2847,-0.1506,-0.3019,0.0200,0.0500,0.0805,-0.5619,-0.0389,-0.2915,-0.1624,0.3323,2.1923,-0.7903,16.4237,-5.4222,-13.9780
44378364,-0.0071,0.0007,-0.2648,-0.0849,-0.3300,-0.0902,0.0500,0.0670,-0.5631,-0.0393,-0.2562,-0.0766,-0.2215,0.1897,0.5538,16.4123,-5.4542,-13.9509
44383365,-0.0083,0.0004,-0.2080,-0.0443,-0.4048,-0.0798,0.0500,0.0555,-0.5641,-0.0395,-0.1994,-0.0360,-0.2215,-0.1454,0.5538,16.4108,-5.4614,-13.9479
44388364,-0.0093,0.0001,-0.1949,-0.0070,-0.4851,-0.0796,-0.0200,0.0497,-0.5651,-0.0395,-0.1863,0.0013,-0.2215,-0.0970,0.5538,16.4100,-5.4611,-13.9454
44393364,-0.0101,-0.0001,-0.1982,-0.0140,-0.5169,-0.0812,-0.0200,0.0533,-0.5659,-0.0395,-0.1641,-0.0059,-1.7071,-0.0970,0.5538,16.3760,-5.4615,-13.9424
44398364,-0.0112,0.0002,-0.2553,0.0519,-0.4152,-0.0994,0.0695,0.0458,-0.5669,-0.0393,-0.1978,0.0473,-1.7535,1.7488,1.4326,16.3693,-5.4210,-13.9213
44403364,-0.0124,0.0005,-0.2251,0.0962,-0.4152,-0.0950,0.0784,0.0325,-0.5676,-0.0388,-0.1466,0.0988,-2.7229,1.7488,1.9209,16.3361,-5.4140,-13.9016
44408365,-0.0136,0.0012,-0.2071,0.1655,-0.4253,-0.0946,0.0964,0.0145,-0.5682,-0.0379,-0.1236,0.1768,-2.7229,1.7488,2.4977,16.3273,-5.4035,-13.8808
44413365,-0.0143,0.0022,-0.1304,0.2257,-0.4528,-0.0754,0.1029,-0.0500,-0.5683,-0.0368,-0.0119,0.2228,-4.0188,2.9622,2.7599,16.2778,-5.3692,-13.8608
44418365,-0.0148,0.0034,-0.0553,0.2523,-0.4757,-0.0587,0.1024,-0.0500,-0.5680,-0.0357,0.0540,0.2079,-4.8652,2.9622,2.7599,16.2464,-5.3514,-13.8481
44423365,-0.0148,0.0048,0.0269,0.2734,-0.5047,-0.0366,0.1009,-0.0500,-0.5673,-0.0346,0.1513,0.2218,-5.5069,3.4490,2.7599,16.1986,-5.3284,-13.8332
44428365,-0.0143,0.0062,0.1197,0.2776,-0.5856,-0.0092,0.0936,-0.0500,-0.5660,-0.0336,0.2603,0.2129,-6.0053,4.3293,2.4289,16.1705,-5.2880,-13.8274
44433365,-0.0134,0.0076,0.2098,0.2731,-0.5985,0.0500,0.0833,0.0200,-0.5641,-0.0326,0.3656,0.1984,-6.5518,5.0005,1.8772,16.1171,-5.2568,-13.8269
44438364,-0.0121,0.0091,0.2908,0.2706,-0.5276,0.0500,0.0770,0.0200,-0.5624,-0.0317,0.3426,0.1818,-6.5518,5.9859,1.4911,16.0958,-5.2040,-13.8269
44443365,-0.0104,0.0102,0.3351,0.1881,-0.4955,0.0500,0.0531,-0.0882,-0.5604,-0.0311,0.4043,0.1042,-6.4441,6.8249,1.1601,16.0543,-5.1614,-13.8265
44448365,-0.0088,0.0108,0.3097,0.1008,-0.4839,0.0500,0.0343,-0.0706,-0.5585,-0.0312,0.3873,-0.0057,-6.1624,8.0585,0.8842,16.0391,-5.0925,-13.8273
44453365,-0.0072,0.0112,0.3073,0.0370,-0.4045,-0.0200,0.0166,-0.0610,-0.5565,-0.0316,0.3894,-0.0841,-4.3594,8.8096,0.6636,16.0399,-5.0442,-13.8275
44458364,-0.0057,0.0112,0.3079,-0.0113,-0.2967,-0.0200,0.0002,-0.0528,-0.5546,-0.0324,0.3811,-0.1634,-3.7396,9.3260,-0.8914,16.0391,-4.9797,-13.8587
44463365,-0.0041,0.0109,0.3082,-0.0192,-0.2652,0.0731,-0.0500,-0.0540,-0.5525,-0.0333,0.4237,-0.1860,-2.6691,9.6169,-1.5731,16.0392,-4.9357,-13.8802
44468364,-0.0026,0.0106,0.2700,-0.0724,-0.3214,0.0636,-0.0500,-0.0450,-0.5510,-0.0338,0.2954,-0.0959,-2.2747,10.0021,-1.5731,16.0391,-4.8588,-13.8874
44473364,-0.0012,0.0101,0.2364,-0.1216,-0.3074,0.0591,-0.0500,-0.0301,-0.5498,-0.0346,0.2459,-0.1523,-1.5986,9.4666,-2.0614,16.0397,-4.8301,-13.9040
44478365,-0.0002,0.0092,0.1781,-0.1906,-0.2970,0.0480,-0.0500,-0.0066,-0.5489,-0.0357,0.1817,-0.2250,-1.3732,8.4764,-2.3055,16.0393,-4.7941,-13.9226
44483365,0.0006,0.0078,0.1497,-0.3048,-0.3660,0.0438,0.0200,0.0500,-0.5482,-0.0374,0.1382,-0.3392,-0.4966,8.2013,-2.3055,16.0493,-4.7667,-13.9318
44488364,0.0010,0.0057,0.0858,-0.3714,-0.4961,0.0307,0.0200,0.0500,-0.5478,-0.0392,0.0701,-0.3714,0.9155,6.7555,-2.5824,16.0779,-4.7493,-13.9512
44493365,0.0013,0.0037,0.0327,-0.3653,-0.4943,0.0214,-0.0735,0.0500,-0.5476,-0.0415,0.0553,-0.4476,1.4541,5.5162,-2.6378,16.0981,-4.7495,-13.9629
44498364,0.0015,0.0019,0.0134,-0.2996,-0.4806,0.0160,-0.0614,0.0500,-0.5474,-0.0433,0.0203,-0.3604,1.6398,4.0704,-2.6378,16.1066,-4.7498,-13.9787
44503365,0.0013,0.0005,-0.0159,-0.2447,-0.4745,0.0064,-0.0490,-0.0200,-0.5476,-0.0448,-0.0281,-0.2946,2.3826,3.3474,-2.6378,16.1368,-4.7494,-13.9946
44508365,0.0010,-0.0007,-0.0761,-0.1888,-0.4158,-0.0500,-0.0325,-0.0200,-0.5481,-0.0459,-0.0958,-0.2256,2.3826,2.4696,-2.3242,16.1487,-4.7496,-13.9984
44513365,0.0007,-0.0016,-0.1203,-0.1665,-0.3306,-0.0500,-0.0272,0.0625,-0.5486,-0.0469,-0.1109,-0.2099,2.3826,2.0049,-0.9093,16.1582,-4.7499,-13.9814
44518364,0.0000,-0.0024,-0.1680,-0.1475,-0.2381,-0.0500,-0.0180,0.0648,-0.5494,-0.0477,-0.1504,-0.1615,2.4933,1.4885,0.5538,16.1752,-4.7497,-13.9518
44523364,-0.0009,-0.0033,-0.1921,-0.1292,-0.2338,-0.0500,-0.0119,0.0688,-0.5503,-0.0484,-0.1768,-0.1393,2.4933,1.2303,0.5538,16.1852,-4.7494,-13.9485
44528364,-0.0021,-0.0039,-0.2220,-0.0654,-0.4222,0.0200,0.0500,0.0651,-0.5513,-0.0488,-0.2094,-0.0708,1.5519,0.9205,0.5538,16.1804,-4.7492,-13.9462
44533365,-0.0031,-0.0041,-0.2199,0.0027,-0.6159,0.0200,0.0500,0.0549,-0.5524,-0.0487,-0.2152,0.0110,0.4998,0.7656,0.5538,16.1627,-4.7490,-13.9429
44538365,-0.0044,-0.0036,-0.2407,0.1610,-0.5508,-0.0709,0.0500,0.0223,-0.5536,-0.0479,-0.2380,0.1773,0.3891,0.5591,1.0909,16.1631,-4.7493,-13.9296
44543365,-0.0054,-0.0029,-0.2040,0.1881,-0.4583,-0.0662,0.0500,0.0090,-0.5545,-0.0468,-0.1933,0.2169,0.3337,0.4558,1.9209,16.1634,-4.7494,-13.9024
44548365,-0.0064,-0.0017,-0.1796,0.2214,-0.4085,-0.0620,-0.0200,-0.0500,-0.5552,-0.0455,-0.1307,0.2619,-1.4856,0.3525,2.7074,16.1231,-4.7491,-13.8783
44553365,-0.0071,-0.0006,-0.1017,0.2367,-0.3773,-0.0473,-0.0200,-0.0500,-0.5556,-0.0443,-0.0761,0.2366,-1.4856,0.2492,2.8647,16.1171,-4.7499,-13.8580
44558366,-0.0075,0.0006,-0.0522,0.2822,-0.2793,-0.0376,0.0875,-0.0500,-0.5557,-0.0429,-0.0241,0.2777,-1.4856,0.3009,2.8647,16.1082,-4.7472,-13.8466
44563365,-0.0076,0.0021,-0.0589,0.3137,-0.1910,-0.0398,0.0987,-0.0500,-0.5558,-0.0413,-0.0178,0.3091,-2.2396,0.3009,2.8647,16.0856,-4.7460,-13.8294
44568366,-0.0075,0.0038,-0.0131,0.3183,-0.2863,-0.0266,0.1008,0.0200,-0.5556,-0.0398,0.0280,0.3137,-2.2396,0.3009,2.4234,16.0721,-4.7442,-13.8274
44573365,-0.0076,0.0053,-0.0147,0.2847,-0.4424,-0.0245,0.0996,0.0200,-0.5555,-0.0385,0.0377,0.2606,-2.2396,1.6098,1.8166,16.0632,-4.7147,-13.8269
44578365,-0.0075,0.0065,0.0263,0.2138,-0.5420,-0.0108,0.0846,-0.0531,-0.5549,-0.0374,0.1039,0.2090,-2.9157,1.7553,1.4304,16.0347,-4.7048,-13.8266
44583364,-0.0074,0.0073,0.0596,0.1448,-0.5869,-0.0006,0.0667,-0.0436,-0.5542,-0.0368,0.1445,0.1192,-2.9157,2.8739,1.1546,16.0231,-4.6703,-13.8270
44588365,-0.0069,0.0080,0.0434,0.1646,-0.5078,-0.0042,0.0732,-0.0495,-0.5536,-0.0362,0.1237,0.1310,-2.9157,2.8739,0.6166,16.0056,-4.6588,-13.8318
44593365,-0.0067,0.0089,0.0131,0.1549,-0.3663,-0.0134,0.0732,-0.0458,-0.5532,-0.0358,0.0871,0.0783,-2.7746,4.0874,-1.0488,15.9969,-4.6129,-13.8661
44598365,-0.0068,0.0096,-0.0082,0.1081,-0.2051,-0.0208,0.0650,-0.0363,-0.5528,-0.0357,0.0684,0.0159,-2.7746,4.7689,-1.4158,15.9803,-4.5815,-13.8818
44603364,-0.0068,0.0097,0.0052,0.0040,-0.0899,-0.0189,0.0383,-0.0160,-0.5524,-0.0362,0.0835,-0.1084,-2.7746,5.5391,-2.0017,15.9692,-4.5357,-13.8995
44608365,-0.0067,0.0095,0.0238,-0.0770,-0.0511,-0.0150,0.0162,0.0008,-0.5519,-0.0373,0.0936,-0.2036,-2.2398,6.0554,-2.4411,15.9643,-4.5029,-13.9227
44613364,-0.0063,0.0089,0.0776,-0.0593,-0.1321,0.0011,0.0108,-0.0068,-0.5512,-0.0383,0.1427,-0.1988,-1.8119,6.6435,-2.7180,15.9647,-4.4534,-13.9381
