Time_us,Roll,Pitch,GyroX,GyroY,GyroZ,T1,T2,T3,PhiX,PhiY,PhiDX,PhiDY,motor_vel_1,motor_vel_2,motor_vel_3,motor_pos_1,motor_pos_2,motor_pos_3
61966690,0.0501,0.1074,-0.0043,0.0073,-0.0221,0.0500,0.2000,0.0500,-0.0000,0.0000,-0.0043,0.0073,0.0000,0.0000,0.0000,19.5000,-16.3732,-14.9979
61968376,0.0499,0.1073,-0.0043,0.0061,-0.0365,0.0500,0.2000,0.0500,-0.0000,0.0001,-0.0043,0.0061,0.0000,0.0000,0.0000,19.5000,-16.3732,-14.9979
61973365,0.0498,0.1072,-0.0021,0.0061,-0.0334,0.0500,0.2000,0.0500,-0.0000,0.0001,-0.0021,0.0061,0.0000,0.0000,0.0000,19.5000,-16.3732,-14.9979
61978364,0.0496,0.1071,0.0009,0.0089,-0.0252,0.0500,0.2000,-0.0200,-0.0000,0.0001,0.0009,0.0089,0.0000,0.0000,0.0000,19.5000,-16.3732,-14.9979
61983364,0.0495,0.1071,0.0018,0.0018,-0.0203,-0.0200,0.2000,-0.0200,-0.0000,0.0001,0.0018,0.0018,0.0000,0.0000,0.0000,19.5000,-16.3732,-14.9979
61988365,0.0493,0.1071,-0.0003,0.0089,0.0072,-0.0200,0.2000,-0.0500,-0.0000,0.0002,0.0012,0.0097,1.5213,0.0528,0.1108,19.5329,-16.3721,-14.9957
61993364,0.0493,0.1070,-0.0040,0.0235,0.0368,0.1943,0.2000,-0.0500,-0.0002,0.0003,-0.0327,0.0214,1.8030,0.1014,2.0491,19.5456,-16.3709,-14.9490
61998364,0.0493,0.1069,-0.0214,0.0305,0.0613,0.1906,0.2000,-0.0500,-0.0004,0.0003,-0.0358,0.0048,1.8030,1.6592,2.0491,19.5565,-16.3363,-14.9408
62003364,0.0492,0.1072,-0.0480,0.0632,0.1037,0.1847,0.2000,-0.0500,-0.0006,0.0003,-0.0420,0.0038,1.8030,3.8776,2.0491,19.5637,-16.2757,-14.9285
62008364,0.0491,0.1077,-0.0507,0.0904,0.1505,0.1841,0.2000,0.0200,-0.0007,0.0004,-0.0288,0.0044,1.8030,5.6249,2.0491,19.5745,-16.2218,-14.9203
62013364,0.0489,0.1080,0.0024,0.0345,0.1923,0.1975,0.2000,0.0200,-0.0005,-0.0001,0.0438,-0.0961,2.2338,8.5578,1.9026,19.5908,-16.1208,-14.9110
62018364,0.0489,0.1078,0.0431,-0.0767,0.2650,0.2000,0.2000,-0.2000,0.0001,-0.0012,0.1110,-0.2116,2.4659,10.3333,1.5608,19.6089,-16.0477,-14.9109
62023365,0.0491,0.1071,0.0629,-0.1930,0.2958,0.2000,0.2000,-0.2000,0.0008,-0.0031,0.1422,-0.3756,3.0695,13.0810,1.1702,19.6328,-15.9226,-14.9106
62028365,0.0494,0.1058,0.0864,-0.2892,0.3264,0.2000,0.1747,-0.2000,0.0015,-0.0055,0.1457,-0.4976,4.9257,14.5093,0.9261,19.6940,-15.8393,-14.9113
62033365,0.0495,0.1038,0.0574,-0.3653,0.3789,0.2000,0.1524,-0.2000,0.0020,-0.0086,0.1030,-0.6053,6.6141,16.3226,0.6820,19.7507,-15.7108,-14.9112
62038364,0.0498,0.1018,0.0757,-0.3940,0.4391,0.2000,0.1357,-0.2000,0.0024,-0.0118,0.0823,-0.6495,9.3801,17.1921,0.5844,19.8536,-15.6267,-14.9106
62043365,0.0498,0.0998,0.0739,-0.3824,0.5252,0.2000,0.1301,-0.2000,0.0027,-0.0151,0.0573,-0.6571,11.2779,18.2805,0.4379,19.9329,-15.4987,-14.9106
62048365,0.0499,0.0979,0.0489,-0.3784,0.5860,0.2000,0.1270,-0.2000,0.0027,-0.0184,-0.0063,-0.6649,13.8902,18.9070,0.3402,20.0609,-15.4121,-14.9110
62053365,0.0499,0.0960,0.0082,-0.4053,0.5567,0.1895,0.1200,-0.2000,0.0023,-0.0219,-0.0676,-0.7049,15.4753,19.6406,0.2426,20.1514,-15.2820,-14.9111
62058364,0.0495,0.0939,-0.0724,-0.4578,0.5240,0.1650,0.1126,-0.2000,0.0014,-0.0259,-0.1852,-0.7813,17.2032,19.9926,-0.9968,20.2837,-15.1957,-14.9362
62063365,0.0489,0.0916,-0.1054,-0.5012,0.4873,0.1531,0.1003,-0.2000,0.0002,-0.0301,-0.2387,-0.8478,18.0227,20.4160,-2.1349,20.3702,-15.0658,-14.9688
62068365,0.0479,0.0890,-0.1127,-0.5342,0.4400,0.1459,0.0870,-0.2000,-0.0012,-0.0346,-0.2765,-0.9087,19.0109,20.6293,-3.8174,20.5008,-14.9794,-15.0143
62073364,0.0471,0.0865,-0.1148,-0.5617,0.4345,0.1401,0.0729,-0.2000,-0.0027,-0.0395,-0.3042,-0.9677,19.5619,20.8393,-5.7575,20.5886,-14.8509,-15.0824
62078365,0.0464,0.0837,-0.1258,-0.5983,0.4476,0.1327,0.0571,-0.2000,-0.0044,-0.0446,-0.3387,-1.0277,20.1276,20.8943,-7.2945,20.7187,-14.7664,-15.1387
62083364,0.0456,0.0806,-0.1545,-0.6558,0.4198,0.1206,0.0383,-0.1751,-0.0063,-0.0502,-0.3912,-1.1182,20.3344,20.9459,-9.5109,20.8036,-14.6397,-15.2335
62088365,0.0446,0.0772,-0.1875,-0.7214,0.3719,0.1073,0.0181,-0.1396,-0.0086,-0.0563,-0.4459,-1.2109,20.5977,20.9500,-11.3582,20.9318,-14.5557,-15.3122
62093365,0.0434,0.0736,-0.2083,-0.7627,0.3731,0.0951,0.0002,-0.1097,-0.0110,-0.0627,-0.4920,-1.2879,20.7517,20.9565,-13.8078,21.0176,-14.4297,-15.4363
62098364,0.0421,0.0699,-0.2135,-0.7850,0.3924,0.0875,-0.0500,-0.0871,-0.0136,-0.0694,-0.5131,-1.3305,20.9083,20.9565,-15.2070,21.1458,-14.3458,-15.5222
62103364,0.0410,0.0657,-0.2398,-0.8244,0.4046,0.0604,-0.0500,-0.0702,-0.0173,-0.0747,-0.7439,-1.0775,20.9618,20.7009,-16.9221,21.2305,-14.2260,-15.6527
62108364,0.0396,0.0616,-0.2917,-0.8366,0.3979,0.0413,-0.0500,-0.0429,-0.0213,-0.0802,-0.8041,-1.1015,21.0157,20.3876,-17.7272,21.3574,-14.1501,-15.7381
62113365,0.0382,0.0573,-0.3067,-0.8763,0.3264,0.0320,-0.0500,-0.0121,-0.0255,-0.0860,-0.8290,-1.1572,21.0157,19.7258,-18.8189,21.4415,-14.0427,-15.8697
62118364,0.0366,0.0529,-0.3436,-0.9047,0.2555,0.0168,0.0200,0.0500,-0.0298,-0.0920,-0.8709,-1.1932,21.0221,18.8277,-19.3370,21.5678,-13.9834,-15.9563
62123364,0.0348,0.0482,-0.3833,-0.9319,0.2210,0.0135,0.0200,0.0500,-0.0335,-0.0967,-0.7368,-0.9363,20.9293,17.4144,-19.7010,21.6499,-13.9021,-16.0805
62128365,0.0329,0.0433,-0.4181,-0.9594,0.2137,0.0086,-0.0835,0.0500,-0.0366,-0.1027,-0.6225,-1.2121,20.6794,16.4648,-19.6486,21.7699,-13.8525,-16.1581
62133365,0.0309,0.0385,-0.4429,-0.9529,0.2018,-0.0500,-0.0894,0.0500,-0.0399,-0.1087,-0.6568,-1.1829,20.4026,14.9834,-19.1231,21.8466,-13.7872,-16.2646
62138365,0.0285,0.0336,-0.4985,-0.9450,0.1327,-0.0500,-0.1042,-0.0200,-0.0418,-0.1145,-0.3729,-1.1598,19.9401,14.2436,-18.5218,21.9583,-13.7433,-16.3280
62143364,0.0260,0.0287,-0.5263,-0.9426,0.0875,-0.0500,-0.1105,-0.0200,-0.0438,-0.1202,-0.4089,-1.1438,19.4440,13.3583,-16.8716,22.0270,-13.6784,-16.4016
62148365,0.0233,0.0241,-0.5492,-0.9465,0.1841,-0.0500,-0.1293,0.1712,-0.0467,-0.1270,-0.5780,-1.3667,18.4547,12.4634,-15.7486,22.1208,-13.6451,-16.4444
62153365,0.0206,0.0193,-0.5825,-0.9606,0.1385,0.0200,-0.1353,0.1977,-0.0498,-0.1337,-0.6109,-1.3301,17.3992,10.7751,-14.0350,22.1715,-13.6078,-16.4987
62158365,0.0175,0.0145,-0.5950,-0.9801,0.0784,0.0200,-0.1456,0.2000,-0.0528,-0.1402,-0.6160,-1.3125,16.0489,9.9476,-12.3626,22.2449,-13.5820,-16.5182
62163364,0.0145,0.0094,-0.5718,-0.9978,0.0604,-0.1080,-0.1498,0.2000,-0.0571,-0.1466,-0.8529,-1.2690,14.9204,7.6109,-10.5069,22.2841,-13.5759,-16.5506
62168365,0.0116,0.0042,-0.5424,-1.0177,0.0558,-0.1108,-0.1684,0.2000,-0.0611,-0.1528,-0.8061,-1.2547,13.4555,6.0532,-9.7965,22.3384,-13.5797,-16.5778
62173365,0.0090,-0.0010,-0.5318,-0.9856,-0.0423,-0.1157,-0.1700,0.2000,-0.0650,-0.1586,-0.7748,-1.1459,12.3246,3.5700,-7.1485,22.3666,-13.6002,-16.5759
62178364,0.0064,-0.0059,-0.5284,-0.9181,-0.1629,-0.1224,-0.1635,0.2000,-0.0688,-0.1637,-0.7553,-1.0333,11.1925,1.8817,-5.8246,22.4139,-13.6229,-16.5754
62183364,0.0038,-0.0101,-0.5409,-0.7944,-0.2060,-0.1336,-0.1415,0.2000,-0.0725,-0.1680,-0.7412,-0.8584,9.4205,-0.0559,-4.3351,22.4198,-13.6548,-16.5760
62188365,0.0008,-0.0138,-0.5962,-0.6976,-0.1990,-0.1588,-0.1179,0.2000,-0.0764,-0.1716,-0.7894,-0.7147,8.8743,-1.7601,-2.9036,22.4635,-13.6926,-16.5621
62193365,-0.0022,-0.0171,-0.6411,-0.6322,-0.1202,-0.1807,-0.1006,0.2000,-0.0805,-0.1745,-0.8020,-0.5731,7.2698,-4.0465,-0.0804,22.4636,-13.7562,-16.5149
62198364,-0.0052,-0.0198,-0.5849,-0.4734,-0.1699,-0.1750,-0.0736,0.2000,-0.0840,-0.1763,-0.7080,-0.3625,5.1670,-5.7013,1.7347,22.4591,-13.8088,-16.4749
62203364,-0.0080,-0.0220,-0.5400,-0.4044,-0.1858,-0.1719,-0.0623,0.2000,-0.0871,-0.1774,-0.6238,-0.2153,3.3950,-7.8182,4.8633,22.4409,-13.8921,-16.3928
62208364,-0.0107,-0.0238,-0.5195,-0.3192,-0.0145,-0.1758,-0.0479,0.2000,-0.0899,-0.1777,-0.5512,-0.0774,0.5535,-9.4254,6.7990,22.3958,-13.9587,-16.3311
62213365,-0.0131,-0.0254,-0.5104,-0.2724,0.0665,-0.1810,-0.0375,0.2000,-0.0924,-0.1775,-0.4993,0.0407,-1.3631,-11.2713,9.7445,22.3557,-14.0577,-16.2225
62218364,-0.0156,-0.0265,-0.4597,-0.2334,0.0133,-0.1736,-0.0324,0.2000,-0.0944,-0.1769,-0.3989,0.1276,-3.7912,-12.4358,11.7969,22.2925,-14.1286,-16.1384
62223365,-0.0176,-0.0276,-0.3668,-0.2040,-0.0224,-0.1550,-0.0345,0.1903,-0.0957,-0.1758,-0.2685,0.2158,-5.5478,-14.0060,14.1870,22.2388,-14.2392,-16.0133
62228365,-0.0190,-0.0287,-0.2501,-0.2114,-0.0563,-0.1275,-0.0512,0.1809,-0.0962,-0.1746,-0.1074,0.2353,-7.8487,-14.6560,15.3570,22.1531,-14.3096,-15.9309
62233365,-0.0199,-0.0298,-0.1350,-0.2040,-0.0420,-0.0999,-0.0650,0.1665,-0.0961,-0.1732,0.0371,0.2836,-9.4142,-15.9109,16.8650,22.0874,-14.4266,-15.8037
62238364,-0.0198,-0.0308,0.0220,-0.1478,0.0292,-0.0584,-0.0769,0.1341,-0.0949,-0.1714,0.2304,0.3606,-11.4922,-16.6086,17.5768,21.9838,-14.5055,-15.7203
62243364,-0.0191,-0.0307,0.1481,0.0648,-0.0328,-0.0214,-0.0457,0.0684,-0.0930,-0.1684,0.3770,0.6018,-12.7507,-17.6510,18.4612,21.9102,-14.6288,-15.5939
62248364,-0.0181,-0.0306,0.2162,0.0623,-0.0896,0.0500,-0.0556,0.0564,-0.0906,-0.1653,0.4746,0.6179,-14.5026,-18.3334,19.0286,21.7934,-14.7142,-15.5075
62253365,-0.0170,-0.0305,0.1888,0.0043,-0.1089,0.0500,-0.0550,0.0784,-0.0897,-0.1624,0.1936,0.5823,-15.3501,-19.1101,19.6548,21.7170,-14.8418,-15.3790
62258365,-0.0158,-0.0305,0.2181,-0.0131,-0.1803,0.0500,-0.0635,0.0764,-0.0886,-0.1595,0.2210,0.5746,-16.0787,-19.5448,19.8727,21.6082,-14.9277,-15.2955
62263364,-0.0147,-0.0309,0.2123,-0.0186,-0.3373,0.0500,-0.0645,0.0787,-0.0875,-0.1566,0.2143,0.5798,-16.2966,-19.9552,20.1779,21.5390,-15.0543,-15.1688
62268364,-0.0139,-0.0308,0.1799,0.0531,-0.4629,-0.0200,-0.0443,0.0665,-0.0866,-0.1533,0.1815,0.6584,-15.8752,-20.2068,20.3805,21.4501,-15.1397,-15.0962
62273364,-0.0129,-0.0302,0.2172,0.1799,-0.3792,-0.0200,-0.0216,0.0282,-0.0855,-0.1494,0.2192,0.7937,-15.3768,-20.4672,20.6924,21.3972,-15.2670,-14.9540
62278365,-0.0116,-0.0290,0.2410,0.2825,-0.1785,0.0353,-0.0126,-0.0500,-0.0831,-0.1449,0.4881,0.8991,-14.1735,-20.6746,20.7412,21.3315,-15.3534,-14.8832
62283364,-0.0101,-0.0273,0.2605,0.3354,-0.1757,0.0320,-0.0141,-0.0500,-0.0814,-0.1417,0.3231,0.6408,-13.6200,-20.6261,20.8459,21.2868,-15.4764,-14.7433
62288365,-0.0089,-0.0255,0.2376,0.3305,-0.4497,0.0336,-0.0047,-0.0500,-0.0800,-0.1385,0.2856,0.6331,-12.6991,-20.4095,20.7906,21.2268,-15.5544,-14.6741
62293364,-0.0075,-0.0236,0.2349,0.4001,-0.3563,0.0363,0.0500,-0.0500,-0.0787,-0.1350,0.2712,0.6984,-11.8968,-20.0970,20.5175,21.1937,-15.6697,-14.5424
62298364,-0.0063,-0.0214,0.2694,0.4817,-0.2118,0.0600,0.0500,0.0200,-0.0764,-0.1326,0.4613,0.4812,-11.0662,-19.7838,20.0101,21.1410,-15.7430,-14.4841
62303365,-0.0049,-0.0188,0.2969,0.5510,-0.1990,0.0710,0.0500,0.0200,-0.0740,-0.1299,0.4725,0.5507,-10.1377,-19.0071,18.8705,21.1165,-15.8440,-14.3777
62308365,-0.0032,-0.0158,0.3604,0.5877,-0.2698,0.1046,0.0500,-0.1381,-0.0707,-0.1256,0.6651,0.8583,-8.6836,-18.5323,18.1363,21.0871,-15.9096,-14.3304
62313365,-0.0013,-0.0126,0.3821,0.6008,-0.2573,0.1155,-0.0200,-0.1555,-0.0674,-0.1214,0.6604,0.8395,-8.1990,-17.3912,16.0024,21.0637,-15.9943,-14.2604
62318365,0.0008,-0.0097,0.3726,0.5785,-0.2124,0.1187,-0.0200,-0.1622,-0.0643,-0.1174,0.6222,0.8023,-7.0158,-16.5100,15.0095,21.0399,-16.0440,-14.2278
62323365,0.0027,-0.0070,0.3525,0.5886,-0.2252,0.1094,0.0816,-0.1823,-0.0620,-0.1123,0.4442,1.0109,-5.7762,-14.6181,13.6935,21.0391,-16.0991,-14.1590
62328364,0.0044,-0.0041,0.3329,0.6286,-0.2469,0.1098,0.0984,-0.1987,-0.0600,-0.1072,0.4001,1.0187,-4.2549,-13.4373,12.7170,21.0396,-16.1320,-14.1343
62333364,0.0063,-0.0008,0.3986,0.6961,-0.0878,0.1305,0.1077,-0.2000,-0.0578,-0.1020,0.4495,1.0361,-3.4661,-11.9062,10.8817,21.0399,-16.1780,-14.0934
62338364,0.0080,0.0029,0.3635,0.7559,-0.0325,0.1240,0.1344,-0.2000,-0.0559,-0.0967,0.3676,1.0749,-0.8812,-11.3282,10.0542,21.0784,-16.2128,-14.0740
62343365,0.0096,0.0065,0.2859,0.7227,-0.1428,0.1107,0.1441,-0.2000,-0.0546,-0.0918,0.2654,0.9778,-0.2349,-9.9707,7.1304,21.0898,-16.2479,-14.0753
62348365,0.0106,0.0100,0.1576,0.6976,-0.1898,0.0813,0.1637,-0.2000,-0.0541,-0.0872,0.1126,0.9108,1.4392,-8.3183,5.9720,21.1268,-16.2515,-14.0765
62353364,0.0113,0.0135,0.0828,0.7217,-0.0933,0.0620,0.1841,-0.2000,-0.0540,-0.0829,0.0137,0.8601,2.6020,-6.0463,3.2288,21.1572,-16.2489,-14.1006
62358364,0.0113,0.0171,0.0415,0.7282,-0.0343,0.0487,0.2000,-0.2000,-0.0543,-0.0788,-0.0579,0.8175,4.0020,-4.7744,1.2181,21.2038,-16.2453,-14.1336
62363364,0.0114,0.0206,0.0470,0.6891,-0.1092,0.0497,0.1990,-0.2000,-0.0547,-0.0754,-0.0757,0.6927,4.9812,-2.2795,-2.0294,21.2411,-16.2172,-14.2009
62368364,0.0117,0.0239,0.0348,0.6435,-0.1877,0.0473,0.1997,-0.2000,-0.0552,-0.0724,-0.1049,0.5921,6.1178,-0.2957,-3.7380,21.2969,-16.1824,-14.2445
62373364,0.0117,0.0271,-0.0342,0.6075,-0.1773,0.0285,0.2000,-0.2000,-0.0561,-0.0701,-0.1902,0.4651,6.9795,2.6626,-6.8721,21.3394,-16.1169,-14.3425
62378365,0.0115,0.0298,-0.0638,0.5269,-0.1293,0.0189,0.1984,-0.2000,-0.0573,-0.0684,-0.2314,0.3336,7.7581,4.4614,-8.4851,21.3987,-16.0670,-14.4006
62383364,0.0113,0.0312,-0.0217,0.2773,-0.1782,0.0285,0.1397,-0.1614,-0.0583,-0.0684,-0.2002,-0.0004,8.2527,7.1462,-11.4621,21.4410,-15.9787,-14.5266
62388365,0.0114,0.0320,0.0266,0.1414,-0.1348,0.0393,0.1037,-0.1378,-0.0591,-0.0693,-0.1650,-0.1806,9.2642,8.8669,-12.7025,21.5147,-15.9122,-14.5924
62393365,0.0118,0.0322,0.0641,0.0165,-0.1458,0.0505,0.0668,-0.1117,-0.0598,-0.0712,-0.1305,-0.3801,9.6586,11.5752,-14.9930,21.5608,-15.7968,-14.7307
62398364,0.0124,0.0318,0.0785,-0.0959,-0.1736,0.0563,0.0359,-0.0855,-0.0604,-0.0739,-0.1251,-0.5310,10.4682,13.1383,-16.0048,21.6376,-15.7163,-14.8033
62403365,0.0127,0.0309,0.0168,-0.1836,-0.1330,0.0413,0.0170,-0.0532,-0.0613,-0.0772,-0.1874,-0.6728,10.7451,15.1878,-17.5821,21.6857,-15.5905,-14.9459
62408365,0.0129,0.0298,0.0299,-0.2535,-0.0603,0.0436,-0.0500,-0.0351,-0.0622,-0.0811,-0.1826,-0.7651,11.5086,16.2030,-18.0587,21.7683,-15.5076,-15.0156
62413365,0.0129,0.0285,0.0455,-0.2709,-0.0252,0.0350,-0.0500,-0.0380,-0.0639,-0.0838,-0.3272,-0.5557,12.0082,17.3968,-19.1342,21.8254,-15.3826,-15.1604
62418365,0.0134,0.0269,0.0950,-0.2596,-0.0166,0.0478,-0.0500,-0.0415,-0.0654,-0.0866,-0.2946,-0.5477,12.8883,17.9086,-19.3557,21.9176,-15.3017,-15.2298
62423364,0.0140,0.0254,0.0889,-0.2862,-0.0148,0.0482,-0.0500,-0.0301,-0.0669,-0.0895,-0.3098,-0.5804,13.2092,18.1735,-19.7681,21.9760,-15.1878,-15.3680
62428365,0.0144,0.0237,0.0327,-0.3268,0.1172,0.0333,0.0200,-0.0107,-0.0688,-0.0926,-0.3734,-0.6218,13.6226,17.9002,-19.8170,22.0649,-15.1210,-15.4358
62433365,0.0144,0.0218,-0.0513,-0.3876,0.0533,0.0124,0.0200,0.0500,-0.0711,-0.0960,-0.4638,-0.6804,14.0776,16.8172,-19.6678,22.1294,-15.0382,-15.5638
62438365,0.0138,0.0195,-0.0761,-0.4310,-0.0823,0.0293,-0.0551,0.0500,-0.0720,-0.0994,-0.1821,-0.6717,14.3488,15.9742,-19.5105,22.2198,-14.9891,-15.6270
62443364,0.0134,0.0169,-0.0886,-0.4685,-0.1232,0.0240,-0.0677,0.0500,-0.0730,-0.1028,-0.2058,-0.6920,14.3958,14.8284,-19.0377,22.2782,-14.9199,-15.7450
62448364,0.0131,0.0145,-0.1090,-0.4722,-0.0407,0.0161,-0.0740,0.0500,-0.0742,-0.1062,-0.2316,-0.6855,14.3395,14.1572,-18.2767,22.3632,-14.8762,-15.7927
62453365,0.0125,0.0121,-0.1561,-0.4759,0.0542,0.0002,-0.0754,-0.0200,-0.0756,-0.1096,-0.2874,-0.6656,14.0341,12.5911,-17.0002,22.4140,-14.8270,-15.8846
62458365,0.0116,0.0096,-0.2217,-0.5085,0.0454,-0.0500,-0.0801,-0.0200,-0.0774,-0.1130,-0.3582,-0.6884,13.9806,11.9372,-15.8827,22.4970,-14.7902,-15.9198
62463364,0.0102,0.0069,-0.2743,-0.5599,-0.0435,-0.0500,-0.1066,0.1375,-0.0789,-0.1176,-0.2992,-0.9234,13.5201,10.7574,-13.6354,22.5428,-14.7461,-15.9718
62468365,0.0087,0.0040,-0.2917,-0.5932,-0.0536,-0.0500,-0.1157,0.1582,-0.0805,-0.1222,-0.3249,-0.9219,13.1431,9.1050,-12.9529,22.6156,-14.7393,-16.0052
62473364,0.0072,0.0007,-0.2886,-0.6103,0.0793,-0.0500,-0.1255,0.1699,-0.0822,-0.1266,-0.3257,-0.8718,12.5860,6.6264,-10.9237,22.6556,-14.7415,-16.0419
62478365,0.0057,-0.0025,-0.3286,-0.6002,0.0478,0.0200,-0.1237,0.1856,-0.0840,-0.1307,-0.3735,-0.8292,11.5339,5.0773,-10.2941,22.7057,-14.7492,-16.0659
62483364,0.0041,-0.0058,-0.3571,-0.6133,-0.0102,0.0200,-0.1272,0.2000,-0.0860,-0.1347,-0.3958,-0.7920,10.0899,3.7348,-8.2530,22.7206,-14.7497,-16.0856
62488364,0.0023,-0.0090,-0.3842,-0.6084,-0.1098,-0.1009,-0.1225,0.2000,-0.0889,-0.1386,-0.5816,-0.7772,8.8544,3.0635,-8.2530,22.7542,-14.7495,-16.1145
62493365,0.0004,-0.0121,-0.3864,-0.5614,-0.1999,-0.1071,-0.1135,0.2000,-0.0918,-0.1419,-0.5718,-0.6618,7.8199,0.4229,-6.3128,22.7663,-14.7917,-16.1240
62498364,-0.0015,-0.0148,-0.3906,-0.4914,-0.2576,-0.1139,-0.1011,0.2000,-0.0946,-0.1447,-0.5575,-0.5590,6.6931,-0.7302,-5.2640,22.7889,-14.8146,-16.1233
62503365,-0.0036,-0.0171,-0.4099,-0.3986,-0.2695,-0.1248,-0.0783,0.2000,-0.0973,-0.1467,-0.5516,-0.3961,5.4535,-2.8645,-2.6958,22.7883,-14.8678,-16.0987
62508364,-0.0056,-0.0189,-0.4328,-0.3161,-0.1886,-0.1384,-0.0590,0.2000,-0.1001,-0.1481,-0.5567,-0.2781,4.8901,-3.5821,-1.0328,22.8070,-14.8945,-16.0722
62513365,-0.0078,-0.0203,-0.4658,-0.2398,-0.1049,-0.1537,-0.0366,0.1943,-0.1029,-0.1487,-0.5522,-0.1305,3.1435,-5.5510,1.7794,22.7882,-14.9613,-16.0143
62518364,-0.0102,-0.0215,-0.4673,-0.1854,-0.1531,-0.1613,-0.0218,0.1890,-0.1055,-0.1489,-0.5334,-0.0413,2.2606,-6.4288,3.2372,22.7869,-15.0023,-15.9765
62523365,-0.0124,-0.0220,-0.4157,-0.0895,-0.1244,-0.1543,-0.0031,0.1621,-0.1077,-0.1484,-0.4369,0.1138,0.7560,-7.3027,6.3307,22.7629,-15.0609,-15.8839
62528365,-0.0146,-0.0226,-0.4029,-0.0742,-0.0142,-0.1574,0.0002,0.1577,-0.1096,-0.1475,-0.3751,0.1632,-1.6598,-8.0370,7.8966,22.7108,-15.1069,-15.8281
62533364,-0.0164,-0.0229,-0.3427,-0.0330,-0.0010,-0.1458,0.0500,0.1402,-0.1109,-0.1462,-0.2629,0.2608,-3.6086,-8.8538,10.8625,22.6617,-15.1738,-15.7078
62538364,-0.0180,-0.0230,-0.2856,0.0003,-0.0612,-0.1272,0.0500,0.1322,-0.1113,-0.1453,-0.0768,0.1879,-5.9076,-9.0962,12.5338,22.5869,-15.2142,-15.6335
62543364,-0.0191,-0.0229,-0.1912,0.0315,-0.1220,-0.1037,0.0500,0.1122,-0.1110,-0.1440,0.0636,0.2548,-7.3915,-9.1478,14.9245,22.5312,-15.2699,-15.4970
62548364,-0.0196,-0.0227,-0.0583,0.0742,-0.0841,-0.0695,0.0500,0.0832,-0.1098,-0.1425,0.2376,0.3110,-9.3235,-8.8727,15.8266,22.4419,-15.3008,-15.4254
62553365,-0.0194,-0.0222,0.0730,0.1203,0.0151,-0.0340,-0.0200,0.0504,-0.1078,-0.1406,0.4061,0.3809,-10.6844,-8.0938,17.4239,22.3746,-15.3377,-15.2853
62558364,-0.0184,-0.0215,0.2022,0.1933,0.0411,0.0500,-0.0200,0.0118,-0.1049,-0.1382,0.5637,0.4633,-12.0067,-7.8991,18.0635,22.2799,-15.3655,-15.2105
62563364,-0.0171,-0.0204,0.2743,0.2572,-0.0206,0.0500,0.0059,-0.0500,-0.1030,-0.1351,0.3838,0.6329,-12.9518,-6.1054,19.0025,22.2112,-15.3721,-15.0712
62568364,-0.0158,-0.0192,0.2587,0.2886,-0.0859,0.0500,0.0034,-0.0500,-0.1020,-0.1332,0.2122,0.3697,-13.6269,-5.4723,19.4015,22.1183,-15.3820,-14.9962
62573365,-0.0141,-0.0177,0.2877,0.2917,0.0038,0.0500,0.0012,-0.0500,-0.1007,-0.1314,0.2412,0.3728,-13.6808,-5.4723,19.7177,22.0626,-15.4149,-14.8627
62578365,-0.0126,-0.0163,0.3253,0.3158,-0.0304,-0.0200,0.0030,-0.0500,-0.0993,-0.1294,0.2849,0.3862,-13.0793,-4.7452,19.5522,21.9936,-15.4212,-14.7972
62583364,-0.0108,-0.0148,0.3876,0.3476,-0.0982,-0.0200,0.0030,0.0200,-0.0975,-0.1274,0.3576,0.3998,-12.2835,-3.5146,18.9763,21.9580,-15.4211,-14.6977
62588365,-0.0086,-0.0129,0.4197,0.4349,-0.0682,0.0847,0.0116,0.0200,-0.0946,-0.1251,0.5879,0.4766,-11.1339,-2.8434,18.0582,21.9100,-15.4204,-14.6374
62593364,-0.0061,-0.0106,0.4624,0.5006,0.0130,0.1140,0.0340,-0.1485,-0.0908,-0.1211,0.7553,0.7858,-10.2479,-2.7875,16.3310,21.8858,-15.4361,-14.5592
62598365,-0.0036,-0.0078,0.4551,0.5351,0.0585,0.1193,0.0466,-0.1681,-0.0872,-0.1171,0.7195,0.8070,-9.0408,-2.7875,15.4390,21.8525,-15.4500,-14.5211
62603365,-0.0014,-0.0050,0.4420,0.5446,-0.0288,0.1240,0.0566,-0.1795,-0.0838,-0.1131,0.6767,0.7969,-7.9637,-2.7875,14.1315,21.8392,-15.4611,-14.4513
62608364,0.0008,-0.0023,0.4481,0.5263,-0.1476,0.1332,0.0578,-0.1853,-0.0806,-0.1094,0.6518,0.7494,-6.2404,-1.8851,13.0793,21.8323,-15.4576,-14.4220
62613365,0.0030,0.0003,0.4768,0.5400,0.0292,0.1474,0.0561,-0.2000,-0.0772,-0.1058,0.6841,0.7157,-6.2404,-0.0952,11.6942,21.8073,-15.4258,-14.3723
62618364,0.0054,0.0030,0.4969,0.5712,0.0597,0.1577,0.0645,-0.2000,-0.0739,-0.1022,0.6500,0.7202,-3.7631,0.1119,10.1210,21.8264,-15.4208,-14.3628
62623365,0.0078,0.0057,0.4362,0.5663,0.0032,0.1500,0.0766,-0.2000,-0.0711,-0.0987,0.5538,0.6974,-2.2998,0.1119,8.9265,21.8437,-15.4203,-14.3263
62628365,0.0099,0.0084,0.3830,0.5266,-0.0407,0.1427,0.0782,-0.2000,-0.0688,-0.0957,0.4621,0.6029,0.2396,2.2222,7.3819,21.8876,-15.3718,-14.3266
62633364,0.0119,0.0111,0.3784,0.5253,-0.0114,0.1455,0.0823,-0.2000,-0.0668,-0.0929,0.4092,0.5517,2.2601,3.0984,4.9152,21.9342,-15.3444,-14.3371
62638364,0.0135,0.0136,0.3351,0.5192,0.0491,0.1374,0.0893,-0.2000,-0.0651,-0.0904,0.3333,0.5011,4.0756,4.4907,3.3420,21.9832,-15.2950,-14.3530
62643364,0.0151,0.0159,0.2972,0.4636,0.0674,0.1294,0.0855,-0.2000,-0.0640,-0.0885,0.2295,0.3908,6.4904,4.9072,0.0946,22.0633,-15.2684,-14.4078
62648364,0.0165,0.0181,0.2349,0.4102,0.0555,0.1166,0.0849,-0.2000,-0.0633,-0.0870,0.1333,0.2910,8.2762,6.2540,-1.6548,22.1285,-15.2078,-14.4459
62653364,0.0175,0.0198,0.1747,0.3262,0.1685,0.0995,0.0757,-0.1817,-0.0632,-0.0862,0.0140,0.1562,10.7491,6.9812,-4.3229,22.2348,-15.1673,-14.5171
62658364,0.0182,0.0211,0.1329,0.2245,0.2106,0.0887,0.0600,-0.1567,-0.0635,-0.0861,-0.0619,0.0150,12.3097,7.8699,-6.0761,22.3121,-15.1053,-14.5716
62663365,0.0188,0.0213,0.1307,0.0199,-0.0578,0.0897,0.0174,-0.1049,-0.0641,-0.0873,-0.1191,-0.2403,14.5854,8.6381,-8.6974,22.4387,-15.0569,-14.6694
62668365,0.0194,0.0212,0.1524,-0.0324,0.0271,0.0942,-0.0005,-0.0947,-0.0648,-0.0890,-0.1288,-0.3278,16.1316,9.5362,-10.1552,22.5310,-14.9841,-14.7339
62673365,0.0204,0.0208,0.1732,-0.1029,0.1321,0.0985,-0.0500,-0.0794,-0.0655,-0.0912,-0.1527,-0.4406,17.7513,9.9799,-12.5418,22.6647,-14.9359,-14.8531
62678365,0.0212,0.0202,0.1384,-0.1597,0.1776,0.0837,-0.0500,-0.0667,-0.0671,-0.0930,-0.3015,-0.3694,18.5618,10.5793,-14.0260,22.7533,-14.8618,-14.9327
62683364,0.0218,0.0192,0.1011,-0.2187,0.1138,0.0753,-0.0500,-0.0431,-0.0689,-0.0953,-0.3709,-0.4571,19.4551,10.5793,-15.9597,22.8852,-14.8195,-15.0649
62688365,0.0224,0.0177,0.0651,-0.2645,0.0191,0.0685,-0.0500,-0.0221,-0.0710,-0.0979,-0.4213,-0.5146,19.8906,10.3593,-16.7463,22.9725,-14.7612,-15.1419
62693365,0.0227,0.0160,0.0403,-0.2935,0.0619,0.0616,0.0200,-0.0060,-0.0733,-0.1007,-0.4628,-0.5613,20.2589,9.2749,-17.9412,23.1001,-14.7430,-15.2745
62698365,0.0228,0.0143,-0.0037,-0.3195,0.1453,0.0497,0.0200,0.0500,-0.0759,-0.1037,-0.5135,-0.5943,20.4071,8.2568,-18.4175,23.1845,-14.7090,-15.3524
62703365,0.0227,0.0127,-0.0605,-0.2987,0.1578,0.0518,-0.0571,0.0500,-0.0776,-0.1057,-0.3505,-0.4097,20.5611,7.1903,-18.9887,23.3106,-14.7001,-15.4811
62708365,0.0223,0.0114,-0.1381,-0.2419,0.1141,0.0304,-0.0371,0.0500,-0.0798,-0.1074,-0.4347,-0.3419,20.5685,6.4631,-18.9858,23.3931,-14.6722,-15.5762
62713364,0.0211,0.0100,-0.2770,-0.2498,0.1575,-0.0500,-0.0229,0.0500,-0.0827,-0.1091,-0.5823,-0.3337,20.5196,5.4004,-18.7236,23.5154,-14.6699,-15.6466
62718364,0.0195,0.0088,-0.3036,-0.2602,0.2601,-0.0500,-0.0373,-0.0200,-0.0840,-0.1108,-0.2568,-0.3414,20.4657,5.4004,-17.9322,23.5964,-14.6375,-15.7406
62723365,0.0180,0.0073,-0.3103,-0.2627,0.2280,-0.0500,-0.0386,-0.0200,-0.0853,-0.1125,-0.2663,-0.3390,20.1997,5.0839,-16.8985,23.7132,-14.6224,-15.7894
62728364,0.0165,0.0058,-0.3549,-0.2874,0.0765,-0.0500,-0.0467,0.0754,-0.0876,-0.1153,-0.4521,-0.5662,19.9111,3.7649,-15.0068,23.7876,-14.6224,-15.8477
62733365,0.0147,0.0043,-0.4035,-0.2700,0.0145,0.0200,-0.0360,0.0854,-0.0901,-0.1180,-0.4983,-0.5246,18.7460,3.0791,-14.0629,23.8803,-14.6225,-15.8878
62738365,0.0125,0.0030,-0.4591,-0.2269,0.0970,0.0200,-0.0190,0.0884,-0.0928,-0.1202,-0.5468,-0.4461,17.5065,2.2877,-12.4608,23.9283,-14.6224,-15.9348
62743365,0.0101,0.0018,-0.5003,-0.1775,0.1685,-0.1145,0.0500,0.0994,-0.0971,-0.1221,-0.8532,-0.3741,15.7837,1.8657,-11.2978,23.9944,-14.6226,-15.9599
62748364,0.0074,0.0010,-0.5376,-0.1164,0.0790,-0.1321,0.0500,0.0965,-0.1015,-0.1234,-0.8735,-0.2684,14.4201,1.3909,-10.1816,24.0277,-14.6224,-16.0029
62753364,0.0047,0.0005,-0.5663,-0.0431,-0.1067,-0.1444,0.0500,0.0902,-0.1058,-0.1242,-0.8577,-0.1701,12.6735,1.1271,-8.5092,24.0736,-14.6227,-16.0069
62758364,0.0019,0.0004,-0.6124,-0.0315,0.0063,-0.1656,0.0500,0.0941,-0.1101,-0.1249,-0.8609,-0.1210,11.4349,0.8105,-6.0007,24.0978,-14.6232,-16.0004
62763364,-0.0014,0.0001,-0.6304,-0.0144,0.0888,-0.1812,-0.0200,0.0965,-0.1143,-0.1253,-0.8400,-0.0867,9.7487,0.8105,-4.8509,24.1265,-14.6200,-15.9989
62768365,-0.0045,-0.0000,-0.6255,0.0290,0.0628,-0.1896,-0.0200,0.0908,-0.1183,-0.1254,-0.7988,-0.0245,8.2631,0.8105,-3.5967,24.1329,-14.6151,-15.9989
62773365,-0.0075,0.0002,-0.5617,0.0593,0.0100,-0.1805,0.1003,0.0798,-0.1217,-0.1254,-0.6798,0.0107,6.0347,0.8105,-2.4617,24.1313,-14.6118,-15.9889
62778365,-0.0101,0.0005,-0.4832,0.0794,0.0454,-0.1670,0.0997,0.0655,-0.1244,-0.1251,-0.5407,0.0488,4.1312,1.8328,-0.2466,24.1136,-14.5828,-15.9517
62783364,-0.0126,0.0007,-0.4743,0.0516,0.1144,-0.1717,0.0967,0.0707,-0.1268,-0.1249,-0.4791,0.0429,1.8031,1.8328,1.2206,24.0845,-14.5755,-15.9208
62788364,-0.0146,0.0008,-0.4359,0.0055,0.0530,-0.1652,0.0859,0.0773,-0.1287,-0.1248,-0.3879,0.0131,0.0000,2.5480,3.0234,24.0522,-14.5497,-15.8719
62793364,-0.0167,0.0008,-0.3751,0.0315,-0.0545,-0.1533,0.0876,0.0678,-0.1301,-0.1247,-0.2816,0.0356,-2.5329,2.7680,3.0234,23.9939,-14.5343,-15.8598
62798364,-0.0183,0.0009,-0.3103,0.0535,-0.1315,-0.1399,0.0878,0.0571,-0.1310,-0.1243,-0.1790,0.0620,-3.6560,3.6975,4.2370,23.9583,-14.4981,-15.8118
62803364,-0.0189,0.0015,-0.0767,0.1445,-0.1122,-0.0797,0.0797,0.0043,-0.1305,-0.1235,0.1052,0.1594,-6.0332,4.0369,5.0119,23.8815,-14.4764,-15.7772
62808365,-0.0187,0.0024,0.0666,0.2123,-0.1278,-0.0399,0.0772,-0.0500,-0.1290,-0.1225,0.2852,0.2136,-7.1345,5.5285,5.5868,23.8329,-14.4183,-15.7338
62813365,-0.0181,0.0036,0.1295,0.2764,-0.1913,-0.0217,0.0809,-0.0500,-0.1273,-0.1216,0.3389,0.1819,-9.0043,6.3198,5.5868,23.7475,-14.3797,-15.7114
62818365,-0.0172,0.0051,0.1319,0.3048,-0.1583,-0.0162,0.0877,-0.0500,-0.1255,-0.1206,0.3633,0.1914,-9.6461,7.5911,5.7529,23.6971,-14.3125,-15.6737
62823364,-0.0163,0.0068,0.1536,0.3118,-0.0432,-0.0064,0.0870,-0.0500,-0.1235,-0.1197,0.4150,0.1849,-10.9320,8.4993,5.2647,23.6086,-14.2622,-15.6609
62828365,-0.0156,0.0084,0.1637,0.2944,0.0365,-0.0004,0.0831,0.0200,-0.1212,-0.1189,0.4435,0.1501,-11.4192,9.6706,4.9229,23.5537,-14.1842,-15.6379
62833365,-0.0147,0.0097,0.2071,0.2495,0.0234,0.0500,0.0694,0.0200,-0.1187,-0.1185,0.5024,0.0940,-11.9454,10.4251,4.6083,23.4723,-14.1292,-15.6247
62838364,-0.0136,0.0107,0.2465,0.1976,-0.0585,0.0500,0.0643,-0.0802,-0.1168,-0.1181,0.3759,0.0778,-11.8919,11.5166,3.4023,23.4257,-14.0420,-15.6249
62843365,-0.0121,0.0116,0.2831,0.1491,-0.0352,0.0500,0.0480,-0.0794,-0.1148,-0.1180,0.4107,0.0136,-11.1508,11.9297,2.7730,23.3708,-13.9870,-15.6251
62848365,-0.0102,0.0122,0.3366,0.1078,0.1263,0.0500,0.0270,-0.0836,-0.1125,-0.1183,0.4642,-0.0497,-10.5806,12.6605,2.0389,23.3383,-13.8983,-15.6253
62853364,-0.0085,0.0127,0.3427,0.0874,0.0527,-0.0200,0.0202,-0.0836,-0.1101,-0.1187,0.4721,-0.0842,-8.9112,13.2246,1.6718,23.3148,-13.8353,-15.6251
62858364,-0.0068,0.0130,0.3543,0.0525,-0.0374,-0.0200,0.0093,-0.0798,-0.1077,-0.1193,0.4829,-0.1302,-8.4041,13.5479,1.2523,23.2896,-13.7487,-15.6248
62863364,-0.0049,0.0132,0.3726,-0.0015,-0.0001,0.0913,-0.0500,-0.0781,-0.1047,-0.1203,0.5998,-0.1965,-6.2067,13.4994,0.4115,23.2899,-13.6955,-15.6375
62868364,-0.0030,0.0131,0.3656,-0.0428,0.0958,0.0849,-0.0500,-0.0796,-0.1025,-0.1206,0.4463,-0.0538,-5.0798,13.2293,-0.7324,23.2898,-13.6204,-15.6627
62873365,-0.0011,0.0126,0.3369,-0.1090,0.0924,0.0834,-0.0500,-0.0628,-0.1005,-0.1212,0.3954,-0.1200,-3.7840,12.5924,-0.7324,23.2892,-13.5808,-15.6656
62878364,0.0005,0.0118,0.2996,-0.1738,0.0255,0.0797,-0.0500,-0.0417,-0.0988,-0.1222,0.3355,-0.2037,-3.1078,11.7122,-2.0061,23.2890,-13.5247,-15.6972
62883365,0.0020,0.0109,0.2834,-0.2230,0.0097,0.0805,0.0200,-0.0275,-0.0973,-0.1235,0.3029,-0.2561,-2.2627,10.9376,-2.2276,23.2899,-13.4940,-15.7105
62888365,0.0033,0.0096,0.2734,-0.2749,0.0313,0.0822,0.0200,-0.0123,-0.0959,-0.1251,0.2793,-0.3197,-1.8683,9.1820,-3.0115,23.2895,-13.4702,-15.7402
62893365,0.0048,0.0080,0.2468,-0.3344,-0.0496,0.0846,-0.0975,0.0500,-0.0945,-0.1276,0.2833,-0.5030,0.2154,7.9700,-3.3251,23.3255,-13.4595,-15.7597
62898365,0.0058,0.0062,0.1637,-0.3390,-0.1623,0.0693,-0.0895,0.0500,-0.0935,-0.1297,0.1990,-0.4256,0.8617,5.7884,-4.0031,23.3413,-13.4621,-15.7952
62903364,0.0067,0.0043,0.1539,-0.3274,-0.1825,0.0680,-0.0915,0.0500,-0.0927,-0.1317,0.1559,-0.3981,2.2544,4.7218,-4.0031,23.3796,-13.4624,-15.8112
62908364,0.0071,0.0026,0.1008,-0.3015,-0.0493,0.0522,-0.0855,0.0500,-0.0923,-0.1335,0.0733,-0.3592,3.5280,3.8491,-4.1135,23.4167,-13.4549,-15.8377
62913364,0.0075,0.0011,0.0629,-0.2651,0.0961,0.0418,-0.0803,-0.0200,-0.0922,-0.1351,0.0231,-0.3207,4.1698,3.7037,-4.1135,23.4511,-13.4425,-15.8542
62918364,0.0077,-0.0001,-0.0043,-0.2101,0.1303,0.0235,-0.0622,-0.0200,-0.0926,-0.1363,-0.0670,-0.2389,4.5977,1.9099,-3.8513,23.4778,-13.4625,-15.8735
62923365,0.0077,-0.0010,-0.0589,-0.1637,0.1700,0.0060,-0.0502,0.0377,-0.0934,-0.1375,-0.1600,-0.2346,5.0679,1.5706,-3.1696,23.5167,-13.4623,-15.8739
62928364,0.0073,-0.0019,-0.0974,-0.1368,0.1947,-0.0500,-0.0383,0.0363,-0.0944,-0.1382,-0.2013,-0.1493,5.4623,-0.1549,-0.9766,23.5454,-13.4914,-15.8436
62933365,0.0066,-0.0026,-0.1579,-0.0846,0.0872,-0.0500,-0.0213,0.0327,-0.0952,-0.1386,-0.1631,-0.0767,5.4623,-0.5680,-0.0388,23.5782,-13.5017,-15.8261
62938364,0.0058,-0.0032,-0.1787,-0.0657,-0.1287,-0.0500,-0.0122,0.0374,-0.0961,-0.1389,-0.1839,-0.0578,4.9237,-0.5680,-0.0388,23.5887,-13.5051,-15.8263
62943365,0.0046,-0.0030,-0.2608,0.0898,-0.1559,-0.0500,0.0500,0.0153,-0.0975,-0.1383,-0.2733,0.1114,4.7083,-1.4482,0.0000,23.6128,-13.5258,-15.8253
62948365,0.0033,-0.0025,-0.2902,0.1414,-0.1079,0.0200,0.0500,0.0093,-0.0989,-0.1376,-0.2902,0.1414,4.3834,-2.2184,0.0000,23.6249,-13.5538,-15.8253
62953364,0.0015,-0.0017,-0.3167,0.1613,-0.1177,0.0200,0.0500,0.0071,-0.1004,-0.1367,-0.3034,0.1844,2.0658,-2.2184,1.5498,23.5987,-13.5627,-15.7913
62958364,-0.0002,-0.0009,-0.3009,0.1573,-0.1672,-0.0746,0.0500,0.0077,-0.1020,-0.1358,-0.3071,0.1840,1.2580,-2.2184,1.7920,23.5885,-13.5760,-15.7758
62963365,-0.0017,-0.0002,-0.2856,0.1515,-0.1623,-0.0766,-0.0200,0.0071,-0.1034,-0.1349,-0.2849,0.1806,0.9349,-2.2184,1.9488,23.5886,-13.5849,-15.7655
62968364,-0.0029,0.0005,-0.2077,0.1460,-0.0566,-0.0626,-0.0200,-0.0500,-0.1044,-0.1340,-0.1984,0.1852,0.7733,-1.6829,2.6282,23.5888,-13.5861,-15.7368
62973364,-0.0038,0.0013,-0.1426,0.1683,0.0448,-0.0529,0.0675,-0.0500,-0.1052,-0.1331,-0.1579,0.1781,0.5579,-0.6567,2.6282,23.5885,-13.5711,-15.7262
62978365,-0.0043,0.0021,-0.0629,0.1921,0.0634,-0.0323,0.0635,-0.0500,-0.1054,-0.1322,-0.0432,0.1815,-0.7888,0.7152,2.6282,23.5618,-13.5415,-15.7105
62983364,-0.0045,0.0031,-0.0174,0.2059,0.0518,-0.0204,0.0640,-0.0500,-0.1053,-0.1312,0.0198,0.1952,-1.8030,0.7152,2.4620,23.5319,-13.5386,-15.7034
62988364,-0.0042,0.0040,0.0257,0.1888,-0.0035,-0.0075,0.0582,0.0200,-0.1050,-0.1303,0.0628,0.1781,-1.8030,0.7152,1.8529,23.5246,-13.5343,-15.7026
62993364,-0.0038,0.0048,0.0415,0.1436,-0.0640,0.0001,0.0485,0.0200,-0.1045,-0.1296,0.0941,0.1328,-2.6964,0.7152,1.5206,23.4929,-13.5315,-15.7026
62998365,-0.0037,0.0053,0.0556,0.1106,-0.1449,0.0500,0.0402,-0.0404,-0.1039,-0.1293,0.1179,0.0767,-2.6964,2.0577,-0.2090,23.4822,-13.4966,-15.7318
63003365,-0.0034,0.0056,0.0852,0.0922,-0.2371,0.0500,0.0352,-0.0377,-0.1035,-0.1290,0.0944,0.0453,-2.6964,2.1062,-1.0452,23.4660,-13.4874,-15.7519
63008364,-0.0027,0.0061,0.0941,0.1271,-0.2246,0.0500,0.0405,-0.0489,-0.1029,-0.1287,0.1116,0.0656,-2.2685,3.0758,-1.0452,23.4644,-13.4508,-15.7581
63013365,-0.0020,0.0066,0.1020,0.1414,-0.0646,0.0500,0.0400,-0.0579,-0.1023,-0.1284,0.1263,0.0683,-1.6802,3.8589,-1.0452,23.4644,-13.4222,-15.7623
63018364,-0.0015,0.0073,0.0666,0.1170,0.0793,-0.0200,0.0383,-0.0522,-0.1018,-0.1282,0.0847,0.0315,-1.3593,3.9148,-1.8201,23.4646,-13.3976,-15.7848
63023364,-0.0012,0.0078,0.0681,0.0623,0.1318,-0.0200,0.0256,-0.0430,-0.1014,-0.1284,0.0904,-0.0318,-1.0384,4.4424,-1.8686,23.4639,-13.3710,-15.7932
63028364,-0.0009,0.0079,0.0611,-0.0110,0.1282,0.0123,0.0092,-0.0264,-0.1009,-0.1289,0.0904,-0.1174,-0.8245,4.4424,-2.6961,23.4645,-13.3444,-15.8217
63033365,-0.0006,0.0075,0.0739,-0.0275,0.0280,0.0158,0.0041,-0.0209,-0.1006,-0.1296,0.0722,-0.1394,0.9404,4.5884,-2.9167,23.4985,-13.3232,-15.8377
63038365,-0.0003,0.0070,0.0250,-0.0516,0.0069,0.0049,0.0028,-0.0079,-0.1005,-0.1305,0.0240,-0.1660,0.9874,4.7534,-2.9167,23.5033,-13.2923,-15.8552
63043364,-0.0004,0.0067,-0.0351,-0.0727,0.0323,-0.0500,0.0045,0.0500,-0.1007,-0.1314,-0.0403,-0.1941,0.9874,4.7534,-3.3887,23.5093,-13.2733,-15.8768
63048364,-0.0006,0.0062,-0.0568,-0.1390,-0.0224,-0.0500,-0.0500,0.0500,-0.1007,-0.1325,-0.0175,-0.2068,0.9874,4.5469,-3.3887,23.5132,-13.2490,-15.8972
63053365,-0.0009,0.0052,-0.0507,-0.2144,-0.1522,-0.0500,-0.0500,0.0500,-0.1010,-0.1335,-0.0507,-0.2144,2.1143,3.7207,-3.3398,23.5464,-13.2491,-15.9097
63058365,-0.0014,0.0038,-0.0525,-0.2618,-0.1629,-0.0500,-0.0500,0.0500,-0.1013,-0.1349,-0.0525,-0.2618,2.1143,3.6691,-2.9981,23.5549,-13.2281,-15.9213
63063364,-0.0015,0.0022,-0.0385,-0.2804,-0.0322,0.0200,-0.0500,-0.0200,-0.1015,-0.1363,-0.0385,-0.2804,2.1143,3.6691,-2.7540,23.5675,-13.2134,-15.9283
63068364,-0.0016,0.0007,-0.0180,-0.2425,0.0872,0.0200,0.0200,-0.0200,-0.1015,-0.1375,-0.0180,-0.2425,1.2692,2.7480,-1.2893,23.5584,-13.2125,-15.9098
63073365,-0.0016,-0.0004,-0.0110,-0.1695,0.0576,-0.0107,0.0200,0.0436,-0.1017,-0.1384,-0.0224,-0.1851,0.1423,1.6794,-1.0451,23.5382,-13.2243,-15.9096
63078365,-0.0017,-0.0011,-0.0305,-0.0898,-0.1455,-0.0131,-0.0150,0.0338,-0.1018,-0.1389,-0.0379,-0.1052,0.1423,0.2335,-0.8010,23.5388,-13.2492,-15.9102
63083364,-0.0018,-0.0013,-0.0403,0.0089,-0.0197,-0.0166,0.0500,0.0106,-0.1020,-0.1388,-0.0326,0.0195,0.0859,0.1819,0.8914,23.5382,-13.2495,-15.8766
63088364,-0.0020,-0.0014,-0.0342,0.0342,0.0429,-0.0166,0.0500,0.0039,-0.1021,-0.1386,-0.0271,0.0491,0.0859,0.1303,0.9963,23.5386,-13.2496,-15.8686
63093364,-0.0023,-0.0014,-0.0354,0.0367,-0.0465,-0.0147,0.0500,0.0041,-0.1021,-0.1383,0.0023,0.0515,-1.6928,0.1303,0.9963,23.4988,-13.2491,-15.8646
63098365,-0.0024,-0.0011,-0.0409,0.1130,-0.1434,-0.0153,0.0500,-0.0500,-0.1021,-0.1377,-0.0032,0.1279,-1.6928,0.0786,0.9963,23.4921,-13.2496,-15.8586
63103365,-0.0025,-0.0005,-0.0293,0.1655,-0.1223,-0.0137,-0.0200,-0.0500,-0.1021,-0.1369,-0.0002,0.1655,-1.6928,0.0786,0.9963,23.4819,-13.2493,-15.8546
63108364,-0.0027,0.0004,-0.0312,0.2334,-0.0108,-0.0161,-0.0200,-0.0500,-0.1022,-0.1357,-0.0020,0.2333,-1.6928,0.0000,0.9963,23.4751,-13.2500,-15.8486
63113365,-0.0029,0.0016,-0.0318,0.2905,0.0460,-0.0178,0.0767,-0.0500,-0.1022,-0.1342,-0.0026,0.2904,-1.6928,0.0000,0.9963,23.4650,-13.2500,-15.8446
63118365,-0.0030,0.0032,-0.0171,0.2957,-0.0414,-0.0138,0.0832,0.0200,-0.1021,-0.1328,0.0074,0.2956,-1.4253,0.0000,0.9963,23.4640,-13.2500,-15.8387
63123364,-0.0030,0.0047,-0.0043,0.2813,-0.1788,-0.0094,0.0858,0.0200,-0.1021,-0.1314,0.0138,0.2813,-1.0510,0.0000,0.9963,23.4642,-13.2500,-15.8347
63128364,-0.0030,0.0058,-0.0272,0.1790,-0.1144,-0.0166,0.0687,-0.0477,-0.1021,-0.1305,-0.0159,0.1672,-1.0510,0.0000,-0.7866,23.4600,-13.2500,-15.8680
63133365,-0.0031,0.0067,-0.0455,0.1790,-0.0673,-0.0222,0.0737,-0.0489,-0.1023,-0.1297,-0.0370,0.1625,-1.0510,0.0000,-1.1012,23.4537,-13.2500,-15.8786
63138365,-0.0033,0.0076,-0.0644,0.2150,-0.1150,-0.0272,0.0878,-0.0561,-0.1026,-0.1287,-0.0555,0.1978,-1.0510,0.0516,-1.1012,23.4495,-13.2487,-15.8852
63143364,-0.0037,0.0087,-0.0574,0.2214,-0.1034,-0.0276,0.0927,-0.0612,-0.1029,-0.1277,-0.0510,0.1998,-1.0510,0.0516,-1.3941,23.4432,-13.2485,-15.8956
63148365,-0.0041,0.0098,-0.0632,0.1897,0.0686,-0.0320,0.0862,-0.0568,-0.1031,-0.1270,-0.0480,0.1340,-1.0510,1.7000,-2.0288,23.4390,-13.2108,-15.9199
63153364,-0.0042,0.0106,-0.0257,0.1436,0.1889,-0.0244,0.0726,-0.0555,-0.1031,-0.1266,-0.0071,0.0821,-1.0510,2.0915,-2.0288,23.4327,-13.1960,-15.9280
63158365,-0.0042,0.0112,0.0119,0.1020,0.1266,-0.0133,0.0595,-0.0511,-0.1029,-0.1266,0.0424,0.0131,-1.7155,3.0424,-2.9149,23.4147,-13.1598,-15.9616
63163364,-0.0041,0.0113,0.0183,0.0712,-0.0627,-0.0080,0.0529,-0.0425,-0.1026,-0.1268,0.0608,-0.0366,-1.7708,4.3085,-2.9149,23.4030,-13.1200,-15.9733
63168364,-0.0039,0.0115,0.0226,0.0046,-0.1666,-0.0048,0.0379,-0.0267,-0.1023,-0.1274,0.0642,-0.1250,-1.7708,4.9900,-3.6988,23.3959,-13.0790,-16.0091
63173364,-0.0038,0.0110,0.0162,-0.1295,0.0970,-0.0091,0.0034,0.0020,-0.1020,-0.1287,0.0599,-0.2685,-1.7708,5.4302,-3.8926,23.3853,-13.0500,-16.0278
63178365,-0.0036,0.0099,0.0244,-0.2511,-0.0099,-0.0050,-0.0500,0.0500,-0.1017,-0.1307,0.0671,-0.3969,-1.7708,5.5952,-4.1832,23.3782,-13.0132,-16.0586
63183365,-0.0036,0.0083,0.0055,-0.3286,-0.1415,-0.0094,-0.0500,0.0500,-0.1015,-0.1323,0.0295,-0.3287,-1.3994,5.8534,-4.4590,23.3758,-12.9850,-16.0811
63188364,-0.0034,0.0065,0.0131,-0.3995,-0.0661,-0.0079,-0.0500,0.0500,-0.1014,-0.1343,0.0332,-0.3995,-1.1673,5.2716,-4.4590,23.3753,-12.9621,-16.1079
63193364,-0.0031,0.0041,0.0244,-0.4304,0.1114,-0.0066,-0.0500,0.0500,-0.1012,-0.1365,0.0389,-0.4304,-0.8423,4.8838,-4.3541,23.3758,-12.9500,-16.1236
63198364,-0.0029,0.0018,0.0171,-0.4166,0.1523,-0.0085,0.0200,-0.0200,-0.1010,-0.1386,0.0292,-0.4166,-0.7031,4.8278,-3.2529,23.3755,-12.9218,-16.1243
63203365,-0.0029,-0.0004,0.0009,-0.3845,-0.0078,-0.0105,0.0200,-0.0200,-0.1010,-0.1405,0.0098,-0.3845,-0.5174,3.9329,-2.6237,23.3756,-12.9222,-16.1234
63208365,-0.0028,-0.0022,0.0009,-0.3067,-0.1473,-0.0086,-0.0713,0.0855,-0.1009,-0.1423,0.0091,-0.3660,-0.4245,2.0385,-1.9420,23.3756,-12.9412,-16.1235
63213365,-0.0028,-0.0036,0.0067,-0.2227,-0.0963,-0.0083,-0.0572,0.0692,-0.1009,-0.1436,0.0052,-0.2570,-0.3317,0.7295,-1.5749,23.3752,-12.9622,-16.1233
63218365,-0.0027,-0.0043,0.0021,-0.0913,0.0607,-0.0100,-0.0307,0.0383,-0.1008,-0.1440,0.0184,-0.0861,-0.2388,0.5356,0.8826,23.3759,-12.9623,-16.0760
63223365,-0.0027,-0.0049,-0.0162,-0.0660,-0.0524,-0.0133,-0.0233,0.0386,-0.1008,-0.1443,-0.0015,-0.0593,-0.1924,0.4387,0.8826,23.3755,-12.9622,-16.0725
63228365,-0.0028,-0.0052,-0.0202,-0.0107,-0.1418,-0.0134,-0.0104,0.0293,-0.1008,-0.1444,-0.0071,-0.0026,-0.1460,0.3417,0.8826,23.3758,-12.9619,-16.0672
63233364,-0.0028,-0.0052,-0.0195,0.0461,-0.1186,-0.0139,0.0018,0.0167,-0.1009,-0.1441,-0.0082,0.0557,-0.0995,0.2447,0.8826,23.3759,-12.9626,-16.0636
63238365,-0.0029,-0.0048,-0.0217,0.1283,-0.0276,-0.0160,0.0500,-0.0500,-0.1009,-0.1434,-0.0107,0.1385,-0.0995,0.1963,0.8826,23.3755,-12.9622,-16.0583
63243364,-0.0030,-0.0039,-0.0232,0.2434,0.0365,-0.0183,0.0500,-0.0500,-0.1010,-0.1422,-0.0223,0.2434,-0.0531,0.1478,1.0279,23.3759,-12.9625,-16.0519
63248364,-0.0030,-0.0026,-0.0232,0.3158,0.0078,-0.0180,0.0500,-0.0500,-0.1012,-0.1406,-0.0223,0.3158,-0.0531,0.0993,1.7060,23.3757,-12.9626,-16.0287
63253365,-0.0031,-0.0006,-0.0354,0.3571,-0.0426,-0.0208,0.0500,-0.0500,-0.1013,-0.1388,-0.0345,0.3570,-0.0531,0.0993,1.7060,23.3754,-12.9622,-16.0219
63258364,-0.0032,0.0013,-0.0452,0.3610,-0.0340,-0.0238,-0.0200,0.0200,-0.1016,-0.1370,-0.0443,0.3610,-0.0531,0.0508,0.6889,23.3752,-12.9626,-16.0333
63263364,-0.0034,0.0027,-0.0522,0.3399,0.0252,-0.0272,-0.0200,0.0200,-0.1018,-0.1353,-0.0522,0.3399,0.0000,0.0993,0.4468,23.3760,-12.9613,-16.0362
63268364,-0.0038,0.0044,-0.0712,0.3057,0.0084,-0.0331,0.0984,-0.0655,-0.1022,-0.1338,-0.0677,0.3088,0.0000,0.0993,0.3015,23.3760,-12.9607,-16.0368
63273365,-0.0041,0.0059,-0.0721,0.2865,-0.0331,-0.0336,0.0982,-0.0633,-0.1025,-0.1325,-0.0641,0.2527,-0.0464,1.5536,-0.7171,23.3749,-12.9289,-16.0566
63278364,-0.0044,0.0074,-0.0901,0.2724,-0.0524,-0.0395,0.1024,-0.0609,-0.1029,-0.1314,-0.0868,0.2204,-0.0464,1.8892,-1.5998,23.3747,-12.9110,-16.0829
63283365,-0.0047,0.0088,-0.0935,0.2663,-0.0362,-0.0417,0.1068,-0.0636,-0.1034,-0.1303,-0.0902,0.2143,-0.0464,1.8892,-1.5998,23.3744,-12.9035,-16.0893
63288364,-0.0052,0.0100,-0.0745,0.2236,-0.0181,-0.0386,0.0988,-0.0594,-0.1037,-0.1295,-0.0634,0.1582,-0.0464,2.7860,-1.5998,23.3743,-12.8733,-16.0989
63293364,-0.0055,0.0111,-0.0525,0.1918,-0.0368,-0.0320,0.0926,-0.0592,-0.1037,-0.1289,-0.0133,0.1256,-1.6620,2.8388,-1.5998,23.3369,-12.8609,-16.1053
63298364,-0.0057,0.0119,-0.0189,0.1420,-0.0783,-0.0237,0.0800,-0.0533,-0.1036,-0.1286,0.0204,0.0570,-1.6620,3.4716,-2.2290,23.3303,-12.8293,-16.1294
63303365,-0.0057,0.0124,-0.0122,0.0739,-0.0869,-0.0215,0.0654,-0.0406,-0.1035,-0.1287,0.0323,-0.0201,-1.6620,4.0768,-2.2290,23.3203,-12.8029,-16.1383
63308364,-0.0057,0.0126,-0.0003,0.0092,-0.0175,-0.0186,0.0479,-0.0286,-0.1032,-0.1292,0.0513,-0.1037,-2.2255,4.5584,-3.0102,23.3021,-12.7673,-16.1709
63313364,-0.0056,0.0120,-0.0015,-0.1545,0.0506,-0.0187,0.0082,0.0500,-0.1029,-0.1306,0.0637,-0.2759,-2.7326,5.1264,-3.0102,23.2758,-12.7358,-16.1829
63318365,-0.0056,0.0109,0.0110,-0.2425,0.0148,-0.0126,-0.0500,0.0500,-0.1024,-0.1322,0.1065,-0.3261,-2.7326,5.6112,-3.7302,23.2649,-12.6935,-16.2190
63323365,-0.0055,0.0095,0.0205,-0.3137,0.0005,-0.0133,-0.0500,0.0500,-0.1020,-0.1338,0.0682,-0.3138,-2.7796,5.9468,-3.7302,23.2476,-12.6638,-16.2339
63328364,-0.0053,0.0077,0.0308,-0.3754,0.0332,-0.0103,-0.0500,0.0500,-0.1016,-0.1357,0.0786,-0.3755,-2.7796,5.9468,-3.3643,23.2364,-12.6282,-16.2486
63333365,-0.0053,0.0057,0.0312,-0.4221,0.0665,-0.0105,-0.0500,-0.0200,-0.1012,-0.1378,0.0789,-0.4222,-2.7796,5.1027,-2.7372,23.2198,-12.6226,-16.2483
63338365,-0.0051,0.0033,0.0376,-0.4349,0.0558,-0.0086,0.0200,-0.0200,-0.1008,-0.1400,0.0808,-0.4350,-2.5122,3.7837,-2.0578,23.2143,-12.6225,-16.2489
63343365,-0.0049,0.0010,0.0602,-0.4090,0.0121,-0.0032,0.0200,0.0886,-0.1004,-0.1421,0.0782,-0.4335,-1.8704,3.0979,-1.6397,23.2140,-12.6225,-16.2480
63348365,-0.0044,-0.0009,0.0883,-0.3283,-0.0288,0.0500,-0.0813,0.0750,-0.0998,-0.1441,0.1234,-0.3810,-1.4960,2.3065,-1.2216,23.2148,-12.6222,-16.2482
63353364,-0.0039,-0.0024,0.0925,-0.2416,-0.0734,0.0500,-0.0668,0.0607,-0.0993,-0.1455,0.1000,-0.2848,-1.4425,1.8845,-1.0126,23.2071,-12.6224,-16.2485
63358365,-0.0034,-0.0031,0.0861,-0.0837,-0.0322,0.0500,-0.0347,0.0272,-0.0989,-0.1461,0.0913,-0.1151,-1.4425,1.3569,-0.7513,23.2014,-12.6232,-16.2486
63363364,-0.0032,-0.0035,0.0260,-0.0446,-0.0291,0.0500,-0.0204,0.0269,-0.0987,-0.1464,0.0307,-0.0705,-1.4425,1.1459,-0.5945,23.1927,-12.6224,-16.2481
63368364,-0.0031,-0.0037,0.0470,-0.0021,-0.0371,-0.0200,-0.0140,0.0151,-0.0985,-0.1465,0.0504,-0.0210,-1.2821,0.8293,-0.4377,23.1902,-12.6229,-16.2482
63373364,-0.0028,-0.0037,0.0611,0.0483,-0.0310,-0.0200,-0.0029,-0.0003,-0.0982,-0.1462,0.0591,0.0632,0.0000,-0.6153,0.3877,23.2138,-12.6508,-16.2326
63378365,-0.0023,-0.0033,0.0987,0.1301,-0.0142,0.0159,0.0500,-0.0500,-0.0977,-0.1453,0.1004,0.1799,0.0000,-1.5661,1.7722,23.2138,-12.6782,-16.1966
63383364,-0.0019,-0.0024,0.0605,0.2297,0.0729,0.0068,0.0500,-0.0500,-0.0974,-0.1441,0.0605,0.2297,0.0000,-1.5661,1.7722,23.2138,-12.6844,-16.1895
63388364,-0.0016,-0.0009,0.0018,0.3155,0.0976,-0.0500,0.0500,-0.0500,-0.0974,-0.1426,0.0018,0.3155,0.0000,-1.5661,1.7722,23.2138,-12.6938,-16.1788
63393364,-0.0017,0.0008,-0.0678,0.3604,0.0176,-0.0500,0.0500,-0.0500,-0.0977,-0.1408,-0.0678,0.3604,1.5047,-1.5661,1.7722,23.2469,-12.7001,-16.1717
63398364,-0.0023,0.0028,-0.1417,0.3687,-0.0423,-0.0500,-0.0200,0.0200,-0.0984,-0.1389,-0.1417,0.3687,1.5987,0.1678,0.0000,23.2551,-12.6703,-16.2026
63403365,-0.0034,0.0045,-0.1805,0.3488,0.0167,-0.0500,-0.0200,0.0200,-0.0993,-0.1372,-0.1805,0.3488,0.8464,0.1678,0.0000,23.2485,-12.6696,-16.2026
63408364,-0.0044,0.0062,-0.1735,0.3186,0.0619,0.0200,0.1203,-0.0609,-0.1002,-0.1356,-0.1720,0.3161,0.7053,0.1678,0.0000,23.2488,-12.6686,-16.2026
63413364,-0.0052,0.0079,-0.1521,0.3131,-0.0035,0.0200,0.1225,-0.0642,-0.1009,-0.1342,-0.1428,0.2816,0.5172,1.5922,-0.5226,23.2486,-12.6371,-16.2134
63418365,-0.0061,0.0095,-0.1738,0.3054,-0.0600,-0.0666,0.1297,-0.0608,-0.1017,-0.1330,-0.1653,0.2411,-0.4279,2.2253,-2.0905,23.2305,-12.6116,-16.2543
63423365,-0.0068,0.0111,-0.1793,0.3002,-0.0798,-0.0695,0.1359,-0.0633,-0.1025,-0.1318,-0.1570,0.2358,-1.2301,2.2253,-2.0905,23.2079,-12.6027,-16.2626
63428364,-0.0076,0.0125,-0.1677,0.2511,-0.0572,-0.0704,0.1288,-0.0562,-0.1032,-0.1310,-0.1466,0.1686,-1.2301,2.7608,-2.7685,23.2030,-12.5764,-16.2904
63433365,-0.0085,0.0137,-0.1545,0.2220,0.0014,-0.0712,0.1260,-0.0549,-0.1039,-0.1303,-0.1335,0.1395,-1.2301,2.7608,-2.7685,23.1956,-12.5654,-16.3014
63438365,-0.0092,0.0146,-0.1252,0.1573,-0.0279,-0.0645,0.1108,-0.0452,-0.1043,-0.1300,-0.0810,0.0525,-2.5591,3.5310,-3.4857,23.1612,-12.5298,-16.3345
63443364,-0.0097,0.0151,-0.1032,0.0776,-0.0786,-0.0597,0.0929,-0.0302,-0.1045,-0.1302,-0.0482,-0.0402,-2.7448,4.4088,-3.4857,23.1421,-12.4967,-16.3484
63448365,-0.0101,0.0153,-0.0764,0.0067,-0.0487,-0.0537,0.0734,-0.0178,-0.1046,-0.1308,-0.0074,-0.1282,-3.3483,5.1845,-3.8527,23.1172,-12.4526,-16.3770
63453364,-0.0103,0.0146,-0.0406,-0.1561,0.0350,-0.0451,0.0290,0.0500,-0.1043,-0.1324,0.0476,-0.3035,-4.0484,6.0235,-3.8527,23.0811,-12.4131,-16.3924
63458364,-0.0104,0.0136,-0.0308,-0.2263,0.0197,-0.0399,0.0109,0.0500,-0.1038,-0.1340,0.0986,-0.3293,-4.0484,6.9163,-3.9992,23.0649,-12.3564,-16.4188
63463365,-0.0105,0.0124,-0.0266,-0.2810,0.0038,-0.0375,-0.0500,0.0500,-0.1032,-0.1360,0.1234,-0.3912,-4.9969,7.4031,-3.9992,23.0171,-12.3174,-16.4348
63468364,-0.0106,0.0109,-0.0040,-0.3180,0.0387,-0.0369,-0.0500,0.0500,-0.1028,-0.1376,0.0906,-0.3183,-5.5142,8.0049,-3.6669,22.9851,-12.2582,-16.4519
63473365,-0.0108,0.0091,0.0098,-0.3473,0.1004,-0.0343,-0.0500,-0.0200,-0.1022,-0.1393,0.1108,-0.3477,-5.8885,8.2630,-3.0024,22.9431,-12.2201,-16.4519
63478364,-0.0107,0.0072,0.0406,-0.3598,0.1117,-0.0261,-0.0500,-0.0200,-0.1015,-0.1411,0.1475,-0.3602,-6.2208,7.9237,-2.2270,22.9128,-12.1788,-16.4520
63483364,-0.0104,0.0054,0.0929,-0.3354,0.0689,-0.0122,0.0200,0.0610,-0.1006,-0.1429,0.1855,-0.3633,-6.3136,6.7491,-1.8394,22.8736,-12.1724,-16.4523
63488364,-0.0098,0.0037,0.1484,-0.2767,0.0228,0.0500,0.0200,0.0437,-0.0993,-0.1443,0.2570,-0.2771,-6.3136,5.0152,0.0000,22.8483,-12.1719,-16.4225
63493364,-0.0088,0.0023,0.2074,-0.2321,-0.0181,0.0500,-0.0556,0.0361,-0.0980,-0.1457,0.2480,-0.2846,-5.8289,4.1202,0.5859,22.8220,-12.1716,-16.4090
63498365,-0.0076,0.0016,0.2468,-0.1072,-0.0899,0.0500,-0.0362,0.0045,-0.0966,-0.1464,0.2782,-0.1439,-5.8289,3.0575,0.5859,22.7986,-12.1715,-16.4054
63503364,-0.0063,0.0009,0.2480,-0.0913,-0.1553,0.0500,-0.0364,0.0012,-0.0953,-0.1470,0.2746,-0.1197,-4.6457,2.4982,0.5859,22.7899,-12.1717,-16.4031
63508364,-0.0049,0.0007,0.2382,-0.0345,-0.0801,-0.0200,-0.0263,-0.0500,-0.0940,-0.1473,0.2590,-0.0530,-3.8006,1.8270,0.5859,22.7899,-12.1722,-16.3996
63513364,-0.0038,0.0006,0.2028,0.0241,0.0451,-0.0200,-0.0133,-0.0500,-0.0929,-0.1473,0.2157,0.0019,-2.8428,1.4914,0.5859,22.7892,-12.1722,-16.3972
63518365,-0.0027,0.0008,0.1943,0.0910,0.0830,0.0407,-0.0006,-0.0500,-0.0917,-0.1469,0.2439,0.0746,-2.3357,1.0999,0.5859,22.7891,-12.1722,-16.3937
63523365,-0.0018,0.0014,0.1790,0.1762,0.1217,0.0391,0.0500,-0.0500,-0.0906,-0.1461,0.2165,0.1623,-1.7159,0.9321,0.5859,22.7894,-12.1715,-16.3914
63528364,-0.0009,0.0022,0.1414,0.2086,0.1401,0.0320,0.0500,0.0200,-0.0898,-0.1451,0.1651,0.2086,-1.3778,0.6524,0.5859,22.7900,-12.1724,-16.3879
63533364,-0.0001,0.0034,0.1216,0.2230,0.0698,0.0306,0.0500,0.0200,-0.0891,-0.1440,0.1394,0.2230,-1.0398,0.5405,0.5859,22.7894,-12.1722,-16.3855
63538364,0.0005,0.0045,0.0757,0.2269,-0.0133,0.0219,0.0500,-0.0750,-0.0886,-0.1429,0.0848,0.2167,-0.8708,0.4287,-0.6835,22.7891,-12.1715,-16.4124
63543365,0.0008,0.0058,0.0226,0.3012,-0.0753,0.0103,-0.0200,-0.0888,-0.0885,-0.1414,0.0278,0.2910,-0.6454,0.3168,-0.6835,22.7892,-12.1723,-16.4151
63548365,0.0005,0.0072,-0.0803,0.3320,0.0558,-0.0500,-0.0200,-0.0885,-0.0889,-0.1398,-0.0771,0.3218,-0.5327,0.2609,-0.6835,22.7891,-12.1717,-16.4192
63553364,0.0000,0.0088,-0.1307,0.3409,0.0973,-0.0500,0.1181,-0.0867,-0.0896,-0.1383,-0.1464,0.3061,-0.3637,0.2609,-2.0680,22.7899,-12.1707,-16.4517
63558364,-0.0008,0.0104,-0.1897,0.3094,0.0432,-0.0500,0.1266,-0.0758,-0.0907,-0.1369,-0.2058,0.2738,-0.3073,0.2609,-2.1234,22.7896,-12.1692,-16.4656
63563365,-0.0017,0.0118,-0.2236,0.2511,-0.0490,-0.0500,0.1261,-0.0604,-0.0919,-0.1358,-0.2397,0.2155,-0.2510,0.2609,-2.1234,22.7891,-12.1681,-16.4741
63568365,-0.0030,0.0129,-0.2541,0.2031,-0.1440,0.0200,0.1267,-0.0454,-0.0932,-0.1350,-0.2771,0.1558,-0.1946,0.2609,-2.9073,22.7894,-12.1666,-16.5046
63573364,-0.0044,0.0136,-0.2795,0.1802,-0.1476,0.0200,0.1287,-0.0358,-0.0947,-0.1345,-0.2950,0.1158,-0.1383,1.2632,-3.0526,22.7896,-12.1444,-16.5192
63578364,-0.0058,0.0142,-0.2706,0.1720,-0.0859,-0.0911,0.1283,-0.0339,-0.0961,-0.1340,-0.2806,0.0847,-0.1383,2.2129,-3.6338,22.7890,-12.1132,-16.5521
63583365,-0.0071,0.0152,-0.2553,0.1573,-0.0630,-0.0928,0.1273,-0.0322,-0.0974,-0.1338,-0.2656,0.0492,-0.1383,2.8944,-4.3510,22.7882,-12.0902,-16.5825
63588364,-0.0083,0.0159,-0.2233,0.1200,0.0106,-0.0897,0.1180,-0.0286,-0.0986,-0.1338,-0.2260,-0.0009,-0.1383,3.7556,-4.3510,22.7877,-12.0542,-16.6086
63593365,-0.0092,0.0157,-0.1741,-0.0501,0.0888,-0.0821,0.0746,0.0500,-0.0995,-0.1347,-0.1758,-0.1791,-0.1383,4.0857,-4.5607,22.7868,-12.0314,-16.6305
63598364,-0.0099,0.0152,-0.1329,-0.1319,0.1639,-0.0701,0.0506,0.0500,-0.0998,-0.1358,-0.0661,-0.2145,-1.0787,5.5516,-4.5607,22.7663,-11.9730,-16.6578
63603365,-0.0106,0.0144,-0.1576,-0.1933,0.2118,-0.0781,0.0364,0.0500,-0.1001,-0.1372,-0.0701,-0.2892,-1.8310,6.4503,-4.4142,22.7411,-11.9313,-16.6727
63608364,-0.0112,0.0131,-0.1646,-0.2453,0.1746,-0.0797,0.0213,0.0500,-0.1004,-0.1390,-0.0491,-0.3579,-2.9007,7.5741,-4.4142,22.7099,-11.8673,-16.6992
63613364,-0.0121,0.0118,-0.1600,-0.2975,0.1098,-0.0797,0.0059,-0.0200,-0.1005,-0.1411,-0.0251,-0.4174,-3.7867,8.0609,-3.7497,22.6740,-11.8263,-16.7024
63618364,-0.0129,0.0101,-0.1304,-0.3216,0.1016,-0.0746,-0.0500,-0.0200,-0.1004,-0.1433,0.0154,-0.4489,-4.1743,8.5560,-2.7528,22.6497,-11.7661,-16.7018
63623365,-0.0134,0.0083,-0.0739,-0.3393,0.0930,-0.0681,-0.0500,0.0794,-0.1004,-0.1452,-0.0010,-0.3722,-5.3405,8.9174,-2.1633,22.5973,-11.7235,-16.7000
63628364,-0.0136,0.0066,-0.0021,-0.3170,0.0845,-0.0487,-0.0500,0.0688,-0.1000,-0.1468,0.0951,-0.3160,-5.6098,8.7981,0.0976,22.5696,-11.6722,-16.6602
63633365,-0.0132,0.0050,0.0919,-0.2572,0.0607,-0.0223,-0.0500,0.0483,-0.0990,-0.1481,0.2008,-0.2562,-6.2859,8.5184,0.0976,22.5199,-11.6436,-16.6598
63638365,-0.0124,0.0039,0.1811,-0.1848,-0.0053,0.0500,0.0200,0.0242,-0.0975,-0.1490,0.2989,-0.1838,-6.8031,7.1468,0.0976,22.4828,-11.6224,-16.6592
63643365,-0.0115,0.0028,0.1979,-0.1842,-0.0325,0.0500,0.0200,0.0288,-0.0965,-0.1499,0.1988,-0.1827,-7.1240,5.8278,0.0976,22.4342,-11.6228,-16.6589
63648364,-0.0104,0.0019,0.2199,-0.2068,-0.0548,0.0500,-0.0507,0.0338,-0.0951,-0.1512,0.2827,-0.2652,-7.3455,5.6168,1.6708,22.4009,-11.5932,-16.6240
63653364,-0.0092,0.0009,0.2593,-0.1512,-0.0401,0.0500,-0.0486,0.0171,-0.0935,-0.1522,0.3154,-0.1981,-6.8813,4.8379,1.6708,22.3669,-11.5875,-16.6173
63658364,-0.0078,0.0002,0.2862,-0.0916,-0.0395,-0.0200,-0.0427,-0.0005,-0.0918,-0.1528,0.3313,-0.1197,-6.8813,3.5722,1.6708,22.3394,-11.5877,-16.6073
63663364,-0.0062,0.0000,0.3128,0.0153,0.0145,-0.0200,-0.0264,-0.0500,-0.0901,-0.1528,0.3525,-0.0035,-5.1041,2.9394,1.6708,22.3393,-11.5873,-16.6006
63668364,-0.0046,0.0005,0.3173,0.1436,0.1266,0.0667,-0.0050,-0.0500,-0.0880,-0.1523,0.4071,0.1113,-4.1347,2.1605,1.6708,22.3402,-11.5877,-16.5905
63673365,-0.0028,0.0014,0.3018,0.2062,0.1862,0.0664,0.0500,-0.0500,-0.0862,-0.1513,0.3585,0.1991,-3.0576,0.4723,1.6708,22.3401,-11.6160,-16.5851
63678365,-0.0013,0.0026,0.2724,0.2321,0.1773,0.0643,0.0500,-0.0500,-0.0846,-0.1501,0.3158,0.2321,-2.5191,0.1030,1.5053,22.3397,-11.6226,-16.5773
63683364,0.0000,0.0036,0.2303,0.1894,0.0011,0.0605,0.0500,0.0200,-0.0833,-0.1492,0.2625,0.1894,-1.8729,0.1030,1.2846,22.3396,-11.6222,-16.5771
63688364,0.0007,0.0046,0.0883,0.2327,-0.0194,0.0271,0.0500,0.0200,-0.0828,-0.1480,0.1149,0.2327,-1.5497,0.0502,0.8985,22.3392,-11.6230,-16.5774
63693364,0.0010,0.0060,0.0330,0.3244,-0.0001,0.0135,-0.0200,-0.0991,-0.0825,-0.1463,0.0497,0.3361,-0.5767,0.0502,0.7881,22.3512,-11.6228,-16.5769
63698365,0.0011,0.0077,0.0235,0.3818,0.0155,0.0084,-0.0200,-0.1128,-0.0825,-0.1445,0.0001,0.3607,0.6499,0.1030,-1.4158,22.3759,-11.6211,-16.6214
63703365,0.0009,0.0097,-0.0174,0.3818,0.1410,-0.0500,0.1145,-0.1156,-0.0827,-0.1427,-0.0413,0.3568,0.6499,0.1030,-1.5731,22.3798,-11.6207,-16.6296
63708364,0.0007,0.0115,-0.0687,0.3415,0.2436,-0.0500,0.1155,-0.1072,-0.0831,-0.1412,-0.0705,0.2976,0.9268,1.3686,-1.5731,22.3880,-11.5928,-16.6402
63713365,0.0004,0.0129,-0.1014,0.2801,0.1828,-0.0500,0.1123,-0.0931,-0.0836,-0.1401,-0.1011,0.2326,2.0343,1.6120,-1.5731,22.4209,-11.5816,-16.6453
63718365,-0.0002,0.0141,-0.1741,0.2373,0.1153,-0.0500,0.1179,-0.0757,-0.0845,-0.1392,-0.1788,0.1811,2.0343,1.6120,-2.1590,22.4291,-11.5719,-16.6710
63723364,-0.0013,0.0149,-0.2224,0.2251,0.0778,0.0200,0.1254,-0.0668,-0.0856,-0.1384,-0.2175,0.1525,2.0343,2.7123,-2.1590,22.4413,-11.5410,-16.6780
63728365,-0.0028,0.0159,-0.2654,0.2080,-0.0374,0.0200,0.1337,-0.0550,-0.0869,-0.1378,-0.2651,0.1168,1.4252,3.0738,-3.0451,22.4368,-11.5174,-16.7147
63733364,-0.0042,0.0170,-0.2688,0.2138,-0.0783,-0.0830,0.1420,-0.0560,-0.0882,-0.1373,-0.2643,0.1126,0.0962,3.7450,-3.0451,22.4129,-11.4896,-16.7246
63738365,-0.0054,0.0179,-0.2373,0.1442,-0.0197,-0.0807,0.1248,-0.0433,-0.0894,-0.1373,-0.2305,0.0025,0.0962,5.2329,-4.2726,22.4133,-11.4330,-16.7748
63743365,-0.0067,0.0184,-0.2330,0.0773,0.1285,-0.0861,0.1108,-0.0296,-0.0905,-0.1377,-0.2230,-0.0800,0.0408,5.8883,-4.6600,22.4125,-11.3975,-16.7975
63748364,-0.0077,0.0183,-0.1784,-0.0238,0.2351,-0.0761,0.0796,-0.0125,-0.0912,-0.1387,-0.1458,-0.2120,-0.8356,7.3571,-5.2668,22.3941,-11.3275,-16.8433
63753365,-0.0085,0.0178,-0.1558,-0.1313,0.2265,-0.0721,0.0516,0.0500,-0.0917,-0.1404,-0.1013,-0.3326,-1.6713,8.2339,-5.2668,22.3683,-11.2783,-16.8611
63758364,-0.0092,0.0169,-0.1472,-0.1991,0.1853,-0.0669,0.0358,0.0500,-0.0918,-0.1421,-0.0263,-0.3425,-2.1560,9.6430,-5.3717,22.3517,-11.1956,-16.8986
63763365,-0.0099,0.0157,-0.1802,-0.2392,0.1880,-0.0768,0.0270,0.0500,-0.0921,-0.1441,-0.0439,-0.3948,-2.6407,10.4661,-5.0300,22.3265,-11.1387,-16.9103
63768364,-0.0106,0.0143,-0.1897,-0.2630,0.2363,-0.0806,0.0169,0.0500,-0.0922,-0.1462,-0.0241,-0.4323,-3.8802,11.3899,-4.8347,22.2895,-11.0541,-16.9379
63773364,-0.0117,0.0127,-0.1863,-0.3012,0.2656,-0.0831,0.0034,-0.0200,-0.0922,-0.1486,-0.0020,-0.4776,-4.7359,11.8681,-4.6685,22.2477,-10.9981,-16.9514
63778364,-0.0124,0.0109,-0.1029,-0.3516,0.1917,-0.0632,-0.0500,-0.0200,-0.0917,-0.1513,0.0909,-0.5287,-5.2707,11.9166,-3.3948,22.2177,-10.9258,-16.9521
63783364,-0.0128,0.0092,-0.0400,-0.3473,0.1831,-0.0575,-0.0500,0.0718,-0.0915,-0.1532,0.0410,-0.3903,-6.1529,11.9166,-2.8410,22.1672,-10.8781,-16.9519
63788365,-0.0128,0.0072,0.0134,-0.3323,0.1944,-0.0421,-0.0500,0.0652,-0.0909,-0.1549,0.1212,-0.3435,-6.6351,11.0686,-0.7154,22.1324,-10.8258,-16.9221
63793365,-0.0126,0.0055,0.0458,-0.3067,0.1892,-0.0321,-0.0500,0.0602,-0.0901,-0.1565,0.1697,-0.3084,-7.2516,10.5185,-0.0806,22.0783,-10.7928,-16.9102
63798364,-0.0123,0.0040,0.0996,-0.2691,0.1459,-0.0162,0.0200,0.0498,-0.0889,-0.1578,0.2310,-0.2697,-7.6460,9.7068,0.0000,22.0412,-10.7491,-16.9094
63803365,-0.0117,0.0027,0.1631,-0.2471,0.0582,0.0500,0.0200,0.0414,-0.0874,-0.1591,0.3005,-0.2477,-7.9845,8.0545,0.0000,21.9878,-10.7466,-16.9094
63808364,-0.0108,0.0013,0.1988,-0.2718,0.0054,0.0500,-0.0658,0.0553,-0.0862,-0.1608,0.2491,-0.3584,-8.0380,5.8341,0.0000,21.9547,-10.7496,-16.9094
63813364,-0.0096,0.0001,0.2343,-0.2529,0.0808,0.0500,-0.0714,0.0451,-0.0847,-0.1624,0.2851,-0.3077,-7.6504,4.8013,1.1012,21.9144,-10.7490,-16.8860
63818365,-0.0083,-0.0011,0.2682,-0.1875,0.1419,0.0500,-0.0687,0.0266,-0.0831,-0.1636,0.3230,-0.2338,-7.5396,4.7497,1.6256,21.8864,-10.7216,-16.8653
63823364,-0.0065,-0.0017,0.3790,-0.1219,0.2580,-0.0200,-0.0748,-0.0500,-0.0810,-0.1644,0.4301,-0.1617,-6.0076,4.3134,1.6256,21.8754,-10.7117,-16.8596
63828364,-0.0040,-0.0018,0.5244,-0.0266,0.3059,-0.0200,-0.0779,-0.0500,-0.0782,-0.1647,0.5519,-0.0742,-4.8934,3.1983,1.6256,21.8758,-10.7117,-16.8490
63833365,-0.0008,-0.0023,0.6145,-0.0681,0.3527,0.1533,-0.1086,-0.0500,-0.0747,-0.1653,0.6979,-0.1040,-3.6399,2.4069,2.5082,21.8754,-10.7160,-16.8242
63838364,0.0024,-0.0024,0.5742,-0.0186,0.4339,0.1524,-0.0973,-0.0500,-0.0716,-0.1654,0.6287,-0.0237,-2.9900,0.3414,2.5082,21.8752,-10.7500,-16.8079
63843365,0.0051,-0.0025,0.5061,0.0266,0.3459,0.1462,-0.0828,0.0200,-0.0689,-0.1653,0.5465,0.0223,-2.2007,0.2898,2.5082,21.8756,-10.7497,-16.7991
63848365,0.0075,-0.0026,0.4551,0.0086,0.2112,0.1437,-0.0822,0.0200,-0.0665,-0.1652,0.4783,0.0218,-1.7829,-0.8802,2.3145,21.8759,-10.7725,-16.7868
63853365,0.0095,-0.0022,0.3650,0.1350,0.1086,0.1303,-0.0415,-0.0929,-0.0645,-0.1642,0.3886,0.1924,-1.3187,-1.8704,1.9755,21.8758,-10.7986,-16.7861
63858365,0.0113,-0.0014,0.3235,0.1976,-0.0450,0.1268,-0.0209,-0.1042,-0.0629,-0.1629,0.3202,0.2504,-1.0865,-3.0388,0.4847,21.8756,-10.8349,-16.8061
63863364,0.0128,-0.0001,0.3067,0.2248,-0.0126,0.1248,-0.0111,-0.1133,-0.0616,-0.1616,0.2597,0.2651,0.8306,-3.2416,-0.5517,21.9148,-10.8515,-16.8277
63868364,0.0141,0.0012,0.2324,0.2718,0.2885,0.1072,0.0500,-0.1260,-0.0607,-0.1600,0.1772,0.3233,0.9376,-3.9802,-0.5517,21.9203,-10.8894,-16.8313
63873365,0.0148,0.0025,0.0913,0.2437,0.2534,0.0748,0.0500,-0.1034,-0.0606,-0.1588,0.0343,0.2353,3.0381,-4.5955,-0.5517,21.9750,-10.9180,-16.8333
63878365,0.0149,0.0039,-0.0156,0.2978,0.2879,0.0469,0.0500,-0.1066,-0.0610,-0.1574,-0.0871,0.2893,3.8845,-4.7074,-0.5517,22.0064,-10.9485,-16.8368
63883365,0.0146,0.0053,-0.0880,0.3403,0.3514,0.0240,0.0500,-0.1094,-0.0620,-0.1558,-0.1901,0.3107,4.9550,-4.4165,-1.9675,22.0560,-10.9613,-16.8694
63888364,0.0138,0.0073,-0.1384,0.4307,0.4379,0.0047,-0.0200,-0.1264,-0.0633,-0.1539,-0.2709,0.3791,5.9782,-3.2530,-3.4466,22.0991,-10.9610,-16.9176
63893364,0.0129,0.0097,-0.1371,0.4655,0.4281,-0.0001,-0.0200,-0.1385,-0.0648,-0.1519,-0.2924,0.3958,6.6925,-2.5258,-4.6650,22.1519,-10.9609,-16.9565
63898364,0.0121,0.0119,-0.1445,0.4148,0.3175,-0.0500,0.1247,-0.1303,-0.0665,-0.1502,-0.3368,0.3537,7.0248,-2.0894,-6.1945,22.1865,-10.9614,-17.0213
63903365,0.0113,0.0139,-0.1686,0.3769,0.3050,-0.0500,0.1216,-0.1268,-0.0677,-0.1488,-0.2415,0.2833,7.2387,-1.0379,-7.3543,22.2336,-10.9509,-17.0696
63908364,0.0105,0.0153,-0.1808,0.2471,0.3117,-0.0500,0.0982,-0.0971,-0.0689,-0.1482,-0.2538,0.1075,6.5804,0.5034,-8.8959,22.2488,-10.9203,-17.1500
63913364,0.0094,0.0162,-0.2025,0.1472,0.1211,-0.0500,0.0861,-0.0699,-0.0704,-0.1483,-0.2844,-0.0076,6.1102,0.5034,-9.9153,22.2764,-10.9173,-17.2055
63918365,0.0080,0.0166,-0.2462,0.1032,0.0866,0.0200,0.0857,-0.0509,-0.0721,-0.1486,-0.3414,-0.0743,5.4904,0.5034,-11.4383,22.2879,-10.9153,-17.3020
63923364,0.0070,0.0170,-0.2407,0.1084,0.1636,0.0200,0.0879,-0.0518,-0.0738,-0.1490,-0.3439,-0.0828,4.0818,0.5034,-12.3542,22.2883,-10.9123,-17.3650
63928365,0.0058,0.0175,-0.2422,0.0858,0.2989,-0.0527,0.0847,-0.0434,-0.0757,-0.1498,-0.3893,-0.1486,2.7567,2.1389,-13.6024,22.2796,-10.8745,-17.4717
63933365,0.0045,0.0177,-0.2413,0.0061,0.3084,-0.0559,0.0683,-0.0241,-0.0776,-0.1510,-0.3662,-0.2448,1.2521,2.4878,-14.3595,22.2576,-10.8540,-17.5392
63938365,0.0034,0.0172,-0.2242,-0.1286,0.1862,-0.0538,0.0373,0.0500,-0.0792,-0.1530,-0.3370,-0.3971,0.5938,3.1206,-14.9003,22.2489,-10.8294,-17.6415
63943364,0.0024,0.0161,-0.1982,-0.2505,0.0881,-0.0392,0.0153,0.0500,-0.0801,-0.1546,-0.1706,-0.3110,0.4527,4.0558,-15.1575,22.2482,-10.7904,-17.7030
63948365,0.0015,0.0144,-0.1772,-0.3687,0.1248,-0.0377,-0.0500,0.0500,-0.0808,-0.1567,-0.1480,-0.4292,0.3587,4.0558,-14.9599,22.2487,-10.7741,-17.7936
63953365,0.0007,0.0123,-0.1665,-0.4548,0.2412,-0.0415,-0.0500,0.0500,-0.0816,-0.1590,-0.1591,-0.4548,-0.4279,4.6239,-14.6841,22.2335,-10.7367,-17.8438
63958364,-0.0002,0.0098,-0.1625,-0.5061,0.2903,-0.0435,-0.0500,-0.0200,-0.0823,-0.1615,-0.1395,-0.5061,-1.3371,4.6239,-13.6498,22.2083,-10.7182,-17.9122
63963364,-0.0009,0.0069,-0.1075,-0.5831,0.2225,-0.0317,-0.0500,-0.0200,-0.0827,-0.1644,-0.0845,-0.5831,-1.3371,3.6543,-12.9175,22.2030,-10.7121,-17.9467
63968364,-0.0014,0.0039,-0.0706,-0.6063,0.2903,-0.0307,0.0200,0.1392,-0.0833,-0.1683,-0.1171,-0.7726,-2.8876,2.9755,-11.1453,22.1588,-10.7124,-17.9852
63973364,-0.0017,0.0007,-0.0406,-0.6072,0.3523,-0.0240,0.0200,0.1450,-0.0837,-0.1721,-0.0703,-0.7572,-3.3054,2.1999,-10.0478,22.1387,-10.7124,-18.0037
63978364,-0.0020,-0.0023,-0.0611,-0.5391,0.3221,-0.0272,-0.1284,0.1432,-0.0840,-0.1756,-0.0563,-0.6977,-3.7696,1.8120,-8.8127,22.1071,-10.7121,-18.0368
63983364,-0.0022,-0.0049,-0.0626,-0.4691,0.1892,-0.0256,-0.1190,0.1374,-0.0842,-0.1786,-0.0437,-0.6068,-4.3620,1.3272,-7.8925,22.0783,-10.7124,-18.0491
63988365,-0.0025,-0.0071,-0.0260,-0.3968,0.1156,-0.0156,-0.1132,0.1243,-0.0842,-0.1812,0.0039,-0.5152,-4.5874,1.0848,-6.8443,22.0475,-10.7124,-18.0760
63993365,-0.0025,-0.0088,0.0174,-0.3091,0.1758,-0.0047,-0.1052,0.1031,-0.0839,-0.1832,0.0596,-0.4059,-4.8691,0.7939,-5.6859,22.0225,-10.7125,-18.0763
63998365,-0.0023,-0.0104,0.0687,-0.3155,0.1896,0.0500,-0.1167,0.1002,-0.0833,-0.1850,0.1170,-0.3682,-5.1512,-0.6196,-4.1412,21.9869,-10.7395,-18.0759
64003364,-0.0019,-0.0121,0.0696,-0.3506,0.1593,0.0500,-0.1259,0.1148,-0.0831,-0.1870,0.0330,-0.3823,-5.1512,-1.0844,-3.2034,21.9663,-10.7550,-18.0755
64008365,-0.0012,-0.0133,0.1038,-0.2007,0.3508,0.0500,-0.1038,0.0769,-0.0828,-0.1880,0.0626,-0.2077,-5.0443,-2.1846,-2.6518,21.9381,-10.7827,-18.0762
64013364,-0.0004,-0.0140,0.1579,-0.0803,0.3255,0.0500,-0.0844,0.0408,-0.0822,-0.1881,0.1199,-0.0291,-5.0443,-3.9454,-0.5073,21.9179,-10.8356,-18.0434
64018365,0.0006,-0.0140,0.2010,0.0354,0.3236,-0.0200,-0.0650,0.0072,-0.0814,-0.1876,0.1584,0.1100,-3.8814,-4.9965,0.0000,21.9140,-10.8743,-18.0342
64023365,0.0017,-0.0136,0.2404,0.1155,0.4003,-0.0200,-0.0514,-0.0500,-0.0804,-0.1864,0.1986,0.2369,-3.1615,-6.5179,1.6201,21.9143,-10.9384,-17.9953
64028365,0.0032,-0.0128,0.2575,0.1671,0.4116,0.0706,-0.0438,-0.0500,-0.0793,-0.1850,0.2324,0.2816,-2.3309,-7.6645,1.6201,21.9144,-10.9896,-17.9888
64033365,0.0047,-0.0119,0.2471,0.1778,0.3276,0.0738,-0.0374,-0.0500,-0.0782,-0.1835,0.2069,0.3069,-1.9433,-8.6379,2.9492,21.9136,-11.0582,-17.9490
64038364,0.0057,-0.0111,0.1665,0.2013,0.1981,0.0582,-0.0185,-0.0500,-0.0777,-0.1818,0.1118,0.3407,-1.4449,-9.3235,2.9492,21.9136,-11.1083,-17.9372
64043364,0.0065,-0.0100,0.1243,0.2685,0.1343,0.0504,0.0500,0.0200,-0.0774,-0.1797,0.0587,0.4185,-1.1680,-10.0315,2.9492,21.9140,-11.1807,-17.9195
64048365,0.0070,-0.0086,0.1121,0.3461,0.1645,0.0553,0.0500,0.0200,-0.0767,-0.1779,0.1265,0.3461,-0.8358,-10.2739,2.8027,21.9146,-11.2260,-17.9107
64053365,0.0075,-0.0067,0.1139,0.4197,0.1077,0.0596,0.0500,-0.1015,-0.0760,-0.1757,0.1407,0.4445,-0.7250,-10.2739,1.6696,21.9136,-11.2877,-17.9190
64058365,0.0080,-0.0043,0.1139,0.4630,0.1373,0.0586,0.0500,-0.1175,-0.0755,-0.1734,0.1111,0.4614,0.1070,-9.9989,-0.1108,21.9266,-11.3225,-17.9512
64063365,0.0085,-0.0020,0.0699,0.4661,0.2164,0.0465,-0.0200,-0.1217,-0.0753,-0.1711,0.0367,0.4627,1.8184,-9.1226,-0.2215,21.9645,-11.3619,-17.9547
64068364,0.0088,0.0003,0.0018,0.4688,0.2806,0.0295,-0.0200,-0.1229,-0.0755,-0.1688,-0.0314,0.4655,1.8184,-7.9092,-0.2215,21.9755,-11.3725,-17.9556
64073365,0.0085,0.0026,-0.0968,0.4814,0.3578,-0.0013,0.1128,-0.1252,-0.0764,-0.1660,-0.1823,0.5609,1.8184,-5.7989,-0.4828,21.9827,-11.3712,-17.9622
64078366,0.0079,0.0050,-0.1405,0.4710,0.4009,-0.0500,0.1237,-0.1231,-0.0776,-0.1633,-0.2373,0.5216,1.8184,-5.4824,-2.1029,21.9936,-11.3870,-17.9998
64083365,0.0071,0.0075,-0.1530,0.4670,0.4223,-0.0500,0.1324,-0.1275,-0.0787,-0.1609,-0.2296,0.4990,1.7243,-5.4824,-3.3622,21.9990,-11.4199,-18.0412
64088364,0.0063,0.0100,-0.1423,0.4606,0.3808,-0.0500,0.1382,-0.1315,-0.0798,-0.1586,-0.2213,0.4603,1.2541,-4.5315,-4.5758,21.9984,-11.4210,-18.0815
64093365,0.0058,0.0120,-0.1463,0.4081,0.2079,-0.0500,0.1350,-0.1207,-0.0809,-0.1567,-0.2268,0.3702,1.0190,-3.3569,-5.9175,21.9983,-11.4210,-18.1387
64098364,0.0052,0.0137,-0.1503,0.3222,0.0750,0.0200,0.1242,-0.1027,-0.0821,-0.1554,-0.2349,0.2590,0.7839,-2.7417,-7.0018,21.9990,-11.4209,-18.1862
64103364,0.0044,0.0146,-0.1634,0.1604,0.0075,0.0200,0.0936,-0.0638,-0.0834,-0.1551,-0.2479,0.0542,-0.1604,-1.2886,-8.4263,21.9820,-11.4052,-18.2608
64108364,0.0037,0.0152,-0.1289,0.0828,-0.0401,-0.0218,0.0725,-0.0492,-0.0843,-0.1555,-0.1924,-0.0667,-1.0162,0.3693,-9.6695,21.9597,-11.3734,-18.3216
64113365,0.0031,0.0153,-0.1142,0.0082,0.0072,-0.0213,0.0533,-0.0323,-0.0852,-0.1564,-0.1803,-0.1779,-1.0162,1.4484,-11.0474,21.9557,-11.3478,-18.4104
64118364,0.0028,0.0151,-0.0583,-0.0733,0.1187,-0.0082,0.0250,-0.0213,-0.0857,-0.1577,-0.1003,-0.2751,-2.5113,1.8865,-11.6566,21.9172,-11.3318,-18.4679
64123365,0.0025,0.0143,-0.0473,-0.1805,0.2558,-0.0077,-0.0500,0.0500,-0.0861,-0.1598,-0.0811,-0.4141,-2.6774,3.2619,-12.4137,21.9032,-11.2890,-18.5556
64128364,0.0025,0.0130,-0.0165,-0.2899,0.2384,0.0500,-0.0500,0.0500,-0.0859,-0.1613,0.0374,-0.2898,-3.1417,3.2619,-12.7447,21.8776,-11.2759,-18.6129
64133364,0.0024,0.0112,-0.0140,-0.3943,0.1016,0.0500,-0.0500,0.0500,-0.0860,-0.1632,-0.0140,-0.3943,-3.2345,3.9848,-12.8984,21.8629,-11.2398,-18.6931
64138364,0.0024,0.0091,-0.0110,-0.4472,0.0970,0.0500,-0.0500,0.0500,-0.0861,-0.1655,-0.0110,-0.4472,-3.2345,3.9848,-12.7322,21.8434,-11.2239,-18.7409
64143364,0.0024,0.0064,0.0006,-0.4811,0.2091,0.0500,0.0200,-0.0200,-0.0861,-0.1679,0.0006,-0.4811,-2.9652,3.4030,-11.5647,21.8364,-11.2124,-18.7904
64148365,0.0023,0.0037,0.0229,-0.5107,0.2662,-0.0200,0.0200,-0.0200,-0.0859,-0.1704,0.0229,-0.5107,-2.9652,2.7728,-11.0319,21.8186,-11.2126,-18.8243
64153365,0.0024,0.0010,0.0232,-0.5046,0.1920,-0.0200,-0.1254,0.1096,-0.0861,-0.1738,-0.0371,-0.6699,-2.9652,2.0456,-9.0460,21.8068,-11.2126,-18.8437
64158364,0.0025,-0.0015,-0.0040,-0.4514,0.2128,0.0056,-0.1208,0.1070,-0.0862,-0.1768,-0.0142,-0.6069,-2.9652,1.6546,-8.7838,21.7890,-11.2129,-18.8746
64163364,0.0025,-0.0037,-0.0241,-0.3818,0.3658,-0.0500,-0.1081,0.0963,-0.0864,-0.1792,-0.0437,-0.4767,-2.4018,-0.3615,-6.7387,21.7895,-11.2503,-18.8793
64168365,0.0023,-0.0055,-0.0437,-0.3030,0.4556,-0.0500,-0.0938,0.0886,-0.0869,-0.1812,-0.1046,-0.3980,-1.7820,-0.3615,-6.7387,21.7895,-11.2518,-18.9063
64173364,0.0020,-0.0069,-0.0473,-0.2392,0.4241,-0.0500,-0.0824,0.0790,-0.0874,-0.1827,-0.0944,-0.3102,-1.4440,-0.3615,-5.1275,21.7897,-11.2540,-18.9100
64178365,0.0017,-0.0079,-0.0281,-0.2132,0.3459,-0.0500,-0.0806,0.0748,-0.0877,-0.1841,-0.0672,-0.2704,-1.0496,-0.3615,-4.1999,21.7901,-11.2554,-18.9100
64183364,0.0018,-0.0090,-0.0269,-0.1762,0.2125,0.0200,-0.0719,0.0695,-0.0881,-0.1850,-0.0709,-0.1912,-0.8805,-2.0669,-3.0770,21.7895,-11.2959,-18.9094
64188364,0.0017,-0.0101,-0.0272,-0.1652,0.1138,0.0200,-0.0713,0.0714,-0.0884,-0.1859,-0.0678,-0.1701,-0.6552,-2.2129,-2.5399,21.7895,-11.3071,-18.9099
64193364,0.0015,-0.0108,-0.0657,-0.1011,0.1886,-0.0149,-0.0533,0.0609,-0.0889,-0.1862,-0.0910,-0.0622,-0.5425,-3.3325,-0.7263,21.7893,-11.3479,-18.8848
64198365,0.0012,-0.0105,-0.0745,0.1197,0.2687,-0.0195,-0.0018,0.0110,-0.0894,-0.1853,-0.1026,0.1806,-0.4861,-4.1767,-0.0970,21.7875,-11.3804,-18.8733
64203365,0.0008,-0.0097,-0.0654,0.2056,0.2793,-0.0194,0.0500,-0.0500,-0.0899,-0.1839,-0.1016,0.2806,-0.4861,-5.1275,-0.0970,21.7856,-11.4263,-18.8738
64208365,0.0005,-0.0087,-0.0452,0.2544,0.2742,-0.0121,0.0500,-0.0500,-0.0901,-0.1826,-0.0368,0.2544,-0.4861,-5.6608,1.3791,21.7827,-11.4578,-18.8432
64213365,0.0005,-0.0074,-0.0122,0.2996,0.2961,-0.0043,0.0500,-0.0500,-0.0901,-0.1811,-0.0038,0.2996,-0.4861,-6.0676,2.0963,21.7807,-11.5007,-18.8169
64218364,0.0005,-0.0059,0.0104,0.3461,0.3233,0.0500,0.0500,-0.0500,-0.0899,-0.1794,0.0423,0.3461,-1.8498,-6.0676,2.0963,21.7449,-11.5249,-18.8085
64223364,0.0006,-0.0043,0.0101,0.3870,0.2968,0.0500,-0.0200,0.0200,-0.0899,-0.1775,0.0101,0.3870,-1.8498,-5.2424,2.0963,21.7375,-11.5437,-18.7959
64228364,0.0006,-0.0024,0.0055,0.4175,0.2436,0.0500,-0.0200,0.0200,-0.0898,-0.1754,0.0055,0.4175,-1.8498,-4.3072,2.0963,21.7264,-11.5440,-18.7875
64233364,0.0007,-0.0001,0.0153,0.4322,0.2677,0.0500,0.0917,-0.1038,-0.0898,-0.1729,-0.0029,0.4948,-1.8498,-3.1519,1.0468,21.7190,-11.5432,-18.7977
64238364,0.0008,0.0020,0.0327,0.4145,0.3435,-0.0200,0.0904,-0.1085,-0.0898,-0.1707,0.0064,0.4467,-1.5823,-2.6018,-0.4413,21.7138,-11.5438,-18.8267
64243364,0.0011,0.0036,0.0712,0.2880,0.3154,-0.0200,0.0623,-0.0910,-0.0896,-0.1691,0.0506,0.3104,-1.2614,-1.9416,-0.4413,21.7145,-11.5441,-18.8293
64248364,0.0015,0.0048,0.0898,0.2266,0.2983,0.0245,0.0493,-0.0853,-0.0891,-0.1679,0.0887,0.2433,-0.9406,-1.5565,-0.4413,21.7143,-11.5434,-18.8311
64253364,0.0021,0.0059,0.1072,0.1857,0.3282,0.0312,0.0397,-0.0835,-0.0886,-0.1669,0.1067,0.1966,-0.7801,-1.1714,-0.4413,21.7141,-11.5439,-18.8338
64258365,0.0025,0.0065,0.0996,0.1665,0.3838,0.0273,0.0372,-0.0792,-0.0883,-0.1661,0.0629,0.1553,0.7994,-0.9514,-1.6998,21.7440,-11.5437,-18.8625
64263365,0.0031,0.0073,0.0858,0.1723,0.4229,0.0255,0.0383,-0.0800,-0.0881,-0.1656,0.0432,0.1140,1.0345,0.5164,-3.3924,21.7527,-11.5177,-18.9111
64268365,0.0037,0.0083,0.0767,0.1939,0.4027,0.0261,0.0449,-0.0865,-0.0879,-0.1650,0.0373,0.1152,1.0345,1.3942,-3.8908,21.7589,-11.4956,-18.9349
64273364,0.0041,0.0091,0.0449,0.1576,0.3374,0.0200,0.0431,-0.0761,-0.0879,-0.1647,-0.0013,0.0614,1.0345,1.5881,-4.8658,21.7631,-11.4833,-18.9810
64278365,0.0043,0.0098,0.0180,0.1100,0.3325,0.0139,0.0367,-0.0633,-0.0880,-0.1647,-0.0277,-0.0114,1.0345,2.4608,-5.6828,21.7693,-11.4570,-19.0188
64283365,0.0042,0.0102,-0.0220,0.0553,0.3640,0.0026,0.0299,-0.0464,-0.0884,-0.1652,-0.0776,-0.0865,1.0345,2.5726,-6.9395,21.7734,-11.4400,-19.0818
64288364,0.0042,0.0099,-0.0254,-0.0965,0.3053,0.0016,-0.0500,-0.0095,-0.0888,-0.1664,-0.0885,-0.2546,1.6542,3.2997,-7.3065,21.7942,-11.4129,-19.1170
64293364,0.0039,0.0092,-0.0559,-0.1680,0.3148,-0.0500,-0.0500,0.0500,-0.0896,-0.1679,-0.1536,-0.2872,1.6542,3.2997,-8.0045,21.8008,-11.3931,-19.1773
64298364,0.0036,0.0081,-0.0657,-0.2410,0.3355,-0.0500,-0.0500,0.0500,-0.0899,-0.1691,-0.0657,-0.2410,1.6542,3.6163,-8.4475,21.8107,-11.3735,-19.2192
64303365,0.0034,0.0067,-0.0690,-0.2981,0.3450,-0.0500,-0.0500,0.0500,-0.0903,-0.1706,-0.0690,-0.2981,1.6542,3.6690,-8.5521,21.8173,-11.3504,-19.2723
64308365,0.0030,0.0051,-0.0819,-0.3589,0.3016,-0.0500,0.0200,0.0500,-0.0907,-0.1724,-0.0819,-0.3589,1.4852,3.5717,-8.3099,21.8239,-11.3377,-19.3011
64313365,0.0025,0.0032,-0.0907,-0.4102,0.2381,0.0200,0.0200,-0.0200,-0.0911,-0.1744,-0.0907,-0.4102,-0.2817,2.6468,-7.1514,21.7903,-11.3376,-19.3261
64318364,0.0020,0.0008,-0.0870,-0.4276,0.2299,0.0200,-0.0883,-0.0200,-0.0915,-0.1767,-0.0727,-0.4525,-0.3944,1.6688,-6.1585,21.7857,-11.3479,-19.3323
64323365,0.0016,-0.0015,-0.0880,-0.4053,0.2396,-0.0214,-0.0935,0.1057,-0.0921,-0.1792,-0.1215,-0.5007,-1.0057,0.2444,-6.1585,21.7714,-11.3724,-19.3693
64328364,0.0013,-0.0033,-0.0681,-0.3225,0.2219,-0.0155,-0.0836,0.0906,-0.0925,-0.1812,-0.0777,-0.4031,-1.9461,0.1916,-5.2146,21.7422,-11.3727,-19.3735
64333365,0.0010,-0.0046,-0.0495,-0.2147,0.1926,-0.0107,-0.0652,0.0685,-0.0927,-0.1826,-0.0478,-0.2742,-1.9461,0.1389,-3.8512,21.7344,-11.3727,-19.3734
64338365,0.0008,-0.0054,-0.0266,-0.0974,0.2512,-0.0049,-0.0456,0.0408,-0.0928,-0.1833,-0.0061,-0.1467,-2.6948,0.1389,-3.1695,21.7047,-11.3722,-19.3739
64343365,0.0009,-0.0060,-0.0162,-0.0761,0.3487,-0.0036,-0.0432,0.0334,-0.0928,-0.1838,-0.0012,-0.0908,-2.6948,-1.3424,-2.3305,21.6939,-11.4029,-19.3735
64348365,0.0010,-0.0064,0.0211,-0.0351,0.3936,0.0500,-0.0400,0.0191,-0.0926,-0.1839,0.0416,-0.0319,-3.1932,-2.1255,-1.9110,21.6675,-11.4263,-19.3737
64353365,0.0012,-0.0065,0.0504,0.0144,0.3740,0.0500,-0.0302,0.0061,-0.0925,-0.1837,0.0128,0.0369,-3.3593,-2.9496,-1.4391,21.6508,-11.4564,-19.3742
64358364,0.0015,-0.0063,0.0623,0.0938,0.3832,0.0500,-0.0138,-0.0500,-0.0924,-0.1831,0.0253,0.1231,-3.3593,-3.1435,-1.1769,21.6306,-11.4728,-19.3741
64363364,0.0020,-0.0056,0.0761,0.1976,0.3801,0.0500,0.0500,-0.0500,-0.0922,-0.1819,0.0442,0.2530,-2.9415,-3.7115,-0.8622,21.6260,-11.5042,-19.3738
64368364,0.0026,-0.0045,0.1243,0.2679,0.3212,-0.0200,0.0500,-0.0500,-0.0915,-0.1805,0.1243,0.2679,-2.1987,-3.7115,-0.7049,21.6255,-11.5190,-19.3738
64373364,0.0030,-0.0029,0.1103,0.3375,0.2549,-0.0200,0.0500,-0.0500,-0.0910,-0.1788,0.1103,0.3375,-1.7809,-3.7115,-0.4952,21.6259,-11.5413,-19.3733
64378365,0.0036,-0.0012,0.0819,0.3644,0.1404,0.0349,0.0500,0.0200,-0.0905,-0.1770,0.1036,0.3644,-1.2613,-3.6015,-0.4427,21.6269,-11.5536,-19.3741
64383365,0.0043,0.0007,0.0919,0.4056,0.2461,0.0365,-0.0200,0.0200,-0.0901,-0.1750,0.0834,0.4056,0.4984,-3.6015,-0.3379,21.6607,-11.5752,-19.3742
64388365,0.0047,0.0024,0.1054,0.3855,0.3710,0.0395,-0.0200,-0.1189,-0.0896,-0.1731,0.0910,0.3804,0.6645,-3.4555,-0.3379,21.6680,-11.5867,-19.3755
64393365,0.0051,0.0042,0.0773,0.3259,0.3814,0.0329,0.0627,-0.1102,-0.0894,-0.1714,0.0494,0.3398,0.6645,-1.4156,-0.4843,21.6707,-11.5617,-19.3805
64398365,0.0056,0.0058,0.0672,0.2902,0.3542,0.0324,0.0588,-0.1048,-0.0892,-0.1700,0.0370,0.2689,0.6645,-0.3704,-1.8026,21.6747,-11.5436,-19.4118
64403364,0.0060,0.0070,0.0476,0.2236,0.3774,0.0288,0.0498,-0.0931,-0.0891,-0.1690,0.0184,0.2006,0.6645,-0.2604,-1.8026,21.6773,-11.5434,-19.4226
64408364,0.0063,0.0081,0.0357,0.2117,0.4348,0.0264,0.0506,-0.0937,-0.0891,-0.1681,0.0041,0.1830,0.6645,-0.2054,-2.1348,21.6813,-11.5433,-19.4366
64413365,0.0064,0.0089,0.0095,0.2114,0.4412,0.0177,0.0569,-0.0915,-0.0893,-0.1673,-0.0495,0.1719,1.9481,-0.1504,-2.7994,21.7115,-11.5434,-19.4661
64418364,0.0065,0.0099,0.0031,0.1830,0.3698,0.0171,0.0555,-0.0868,-0.0896,-0.1666,-0.0619,0.1365,2.0550,-0.1504,-3.2698,21.7259,-11.5440,-19.4869
64423364,0.0065,0.0109,-0.0171,0.1637,0.3087,0.0127,0.0560,-0.0806,-0.0900,-0.1661,-0.0826,0.0871,2.0550,0.8262,-4.3175,21.7341,-11.5240,-19.5303
64428364,0.0062,0.0111,-0.0834,0.0324,0.2256,-0.0500,0.0366,-0.0417,-0.0907,-0.1665,-0.1436,-0.0675,2.0550,1.9106,-4.7870,21.7465,-11.4962,-19.5577
64433364,0.0058,0.0112,-0.1103,-0.0073,0.2558,-0.0500,0.0300,-0.0297,-0.0914,-0.1671,-0.1384,-0.1213,1.9610,2.2014,-5.4463,21.7526,-11.4788,-19.6028
64438365,0.0051,0.0110,-0.1014,-0.0556,0.3362,-0.0500,0.0165,-0.0179,-0.0921,-0.1680,-0.1300,-0.1905,1.9610,2.8802,-6.1732,21.7643,-11.4544,-19.6411
64443364,0.0046,0.0106,-0.0922,-0.1075,0.3627,-0.0500,0.0026,-0.0042,-0.0927,-0.1693,-0.1303,-0.2587,1.9610,2.8802,-7.2640,21.7722,-11.4371,-19.7031
64448364,0.0042,0.0099,-0.0776,-0.1762,0.3542,0.0200,-0.0500,0.0500,-0.0933,-0.1710,-0.1107,-0.3357,0.5033,3.4395,-7.2640,21.7521,-11.4126,-19.7322
64453364,0.0039,0.0087,-0.0715,-0.2666,0.2992,0.0200,-0.0500,0.0500,-0.0936,-0.1723,-0.0715,-0.2666,0.2682,3.4395,-7.3686,21.7486,-11.3919,-19.7783
64458364,0.0036,0.0071,-0.0596,-0.3528,0.2314,-0.0037,-0.0500,0.0500,-0.0940,-0.1741,-0.0625,-0.3528,0.1742,3.4395,-7.0295,21.7481,-11.3782,-19.8001
64463364,0.0032,0.0050,-0.0394,-0.4050,0.2378,0.0017,-0.0500,0.0500,-0.0941,-0.1761,-0.0183,-0.4050,-1.2301,2.7536,-6.2572,21.7188,-11.3728,-19.8260
64468365,0.0030,0.0027,-0.0217,-0.4310,0.2824,0.0500,0.0200,-0.0200,-0.0940,-0.1783,0.0032,-0.4309,-1.4440,2.2788,-5.0987,21.7059,-11.3723,-19.8255
64473365,0.0030,0.0007,0.0012,-0.3564,0.2464,0.0500,0.0200,-0.0200,-0.0940,-0.1801,0.0012,-0.3564,-1.4440,1.6457,-3.7748,21.7002,-11.3732,-19.8257
64478364,0.0032,-0.0008,0.0302,-0.2532,0.2283,0.0500,-0.0748,0.0497,-0.0940,-0.1816,0.0129,-0.3160,-1.4440,1.0991,-3.1128,21.6915,-11.3781,-19.8262
64483364,0.0034,-0.0020,0.0250,-0.1878,0.2109,0.0500,-0.0606,0.0377,-0.0940,-0.1827,-0.0037,-0.2060,-1.4440,-1.0627,-2.2853,21.6857,-11.4227,-19.8257
64488364,0.0034,-0.0029,0.0324,-0.1237,0.2766,-0.0200,-0.0511,0.0242,-0.0940,-0.1834,0.0069,-0.1361,-1.4440,-1.0627,-1.8992,21.6771,-11.4270,-19.8263
64493365,0.0035,-0.0032,0.0516,-0.0770,0.3954,-0.0200,-0.0461,0.0106,-0.0938,-0.1838,0.0304,-0.0820,-1.4440,-1.0627,-1.4027,21.6713,-11.4334,-19.8262
64498365,0.0038,-0.0037,0.0733,-0.0406,0.4657,0.0283,-0.0448,-0.0014,-0.0934,-0.1840,0.0784,-0.0415,-1.3886,-1.0627,-1.1268,21.6638,-11.4376,-19.8257
64503365,0.0043,-0.0039,0.0669,0.0076,0.4089,0.0283,-0.0327,-0.0500,-0.0931,-0.1838,0.0617,0.0246,-1.1118,-1.9838,-0.8510,21.6643,-11.4646,-19.8261
64508365,0.0046,-0.0037,0.0483,0.0779,0.3255,0.0259,-0.0133,-0.0500,-0.0929,-0.1833,0.0410,0.1075,-0.5675,-1.9838,-0.6855,21.6694,-11.4725,-19.8258
64513365,0.0048,-0.0031,0.0321,0.1775,0.3346,0.0203,0.0500,-0.0500,-0.0929,-0.1823,-0.0053,0.2071,1.1766,-1.9838,-0.5200,21.7048,-11.4844,-19.8261
64518364,0.0050,-0.0020,0.0180,0.2776,0.2980,0.0186,0.0500,-0.0500,-0.0930,-0.1809,-0.0096,0.2776,1.6045,-2.4486,-0.4097,21.7227,-11.5026,-19.8258
64523365,0.0048,-0.0003,-0.0055,0.3723,0.2409,0.0128,0.0500,0.0200,-0.0931,-0.1790,-0.0331,0.3723,1.6045,-2.4486,-0.2994,21.7291,-11.5173,-19.8257
64528364,0.0050,0.0016,-0.0171,0.3738,0.2293,0.0106,0.0500,0.0200,-0.0934,-0.1772,-0.0447,0.3738,1.6045,-2.4486,-0.3545,21.7388,-11.5271,-19.8282
64533364,0.0049,0.0034,-0.0535,0.3464,0.3023,0.0000,-0.0200,-0.0926,-0.0938,-0.1755,-0.0841,0.3410,1.6045,-2.4486,-0.3545,21.7452,-11.5418,-19.8303
64538364,0.0045,0.0052,-0.0684,0.3296,0.4308,-0.0500,-0.0200,-0.0943,-0.0942,-0.1738,-0.0942,0.3242,1.3223,-2.0635,-0.3545,21.7486,-11.5433,-19.8317
64543364,0.0041,0.0068,-0.0574,0.3183,0.4583,-0.0500,0.0853,-0.0976,-0.0946,-0.1723,-0.0735,0.2964,1.0872,-0.1944,-1.6655,21.7487,-11.5141,-19.8620
64548364,0.0039,0.0084,-0.0082,0.3091,0.3575,-0.0500,0.0829,-0.1044,-0.0947,-0.1710,-0.0223,0.2680,0.8051,0.5680,-2.1899,21.7487,-11.4971,-19.8809
64553365,0.0039,0.0097,0.0376,0.2679,0.2751,-0.0500,0.0735,-0.1041,-0.0946,-0.1699,0.0201,0.2210,0.6640,0.5680,-2.5804,21.7488,-11.4937,-19.9020
64558365,0.0041,0.0109,0.0373,0.2086,0.2760,0.0200,0.0640,-0.0954,-0.0945,-0.1691,0.0168,0.1566,-1.1231,0.5680,-2.9222,21.7126,-11.4914,-19.9204
64563365,0.0045,0.0118,0.0394,0.1665,0.2888,0.0200,0.0557,-0.0891,-0.0945,-0.1686,0.0160,0.0949,-1.1231,1.0528,-3.7529,21.7081,-11.4780,-19.9559
64568366,0.0046,0.0124,-0.0003,0.1032,0.0191,0.0500,0.0504,-0.0696,-0.0945,-0.1685,0.0018,0.0208,-1.1231,1.7800,-3.7529,21.7014,-11.4571,-19.9709
64573365,0.0049,0.0127,0.0287,0.0513,0.0549,0.0500,0.0353,-0.0616,-0.0944,-0.1688,0.0029,-0.0543,-2.1753,2.0597,-5.0288,21.6747,-11.4408,-20.0231
64578365,0.0052,0.0129,0.0629,0.0049,0.2271,0.0500,0.0172,-0.0577,-0.0942,-0.1694,0.0382,-0.1223,-2.6183,2.8427,-5.6921,21.6504,-11.4145,-20.0579
64583365,0.0057,0.0126,0.1307,-0.0773,0.3227,0.0500,-0.0500,-0.0487,-0.0938,-0.1705,0.0989,-0.2166,-2.6183,2.8427,-6.5059,21.6399,-11.3974,-20.1113
64588365,0.0064,0.0119,0.1219,-0.1790,0.2714,-0.0200,-0.0500,-0.0244,-0.0935,-0.1719,0.0592,-0.2863,-2.5718,2.8427,-7.2148,21.6251,-11.3860,-20.1529
64593365,0.0071,0.0107,0.1231,-0.2654,0.1902,-0.0200,-0.0500,-0.0012,-0.0932,-0.1738,0.0550,-0.3822,-2.1076,3.1065,-7.8531,21.6251,-11.3628,-20.2108
64598365,0.0078,0.0091,0.1020,-0.3406,0.2247,0.0506,-0.0500,0.0500,-0.0929,-0.1761,0.0597,-0.4588,-1.5505,3.1065,-7.9576,21.6255,-11.3504,-20.2443
64603364,0.0080,0.0072,0.0929,-0.3833,0.3456,0.0515,0.0200,0.0500,-0.0924,-0.1781,0.0970,-0.3833,-0.2394,1.6293,-8.1590,21.6474,-11.3638,-20.2968
64608365,0.0084,0.0049,0.0641,-0.4007,0.3374,0.0449,0.0200,0.0500,-0.0921,-0.1801,0.0565,-0.4008,0.4430,0.9435,-7.9935,21.6633,-11.3730,-20.3261
64613364,0.0088,0.0031,0.0406,-0.3216,0.1178,0.0439,-0.0841,0.0500,-0.0919,-0.1817,0.0412,-0.3326,0.3323,0.7324,-7.8832,21.6627,-11.3722,-20.3712
64618365,0.0088,0.0015,-0.0250,-0.2795,0.1859,0.0266,-0.0727,-0.0200,-0.0920,-0.1832,-0.0273,-0.2856,0.3323,0.4064,-6.5722,21.6646,-11.3762,-20.3741
64623364,0.0085,0.0002,-0.0684,-0.2288,0.3407,0.0111,-0.0596,-0.0200,-0.0925,-0.1842,-0.0891,-0.2028,0.3323,-1.7339,-4.8418,21.6659,-11.4239,-20.3736
64628364,0.0081,-0.0010,-0.0800,-0.1778,0.4235,0.0029,-0.0539,0.0347,-0.0932,-0.1852,-0.1347,-0.2106,0.3323,-1.7339,-3.9503,21.6679,-11.4308,-20.3734
64633365,0.0078,-0.0019,-0.0675,-0.1381,0.3768,0.0058,-0.0480,0.0277,-0.0937,-0.1860,-0.1135,-0.1560,0.3323,-1.7339,-2.9540,21.6692,-11.4412,-20.3741
64638365,0.0074,-0.0026,-0.0831,-0.0864,0.2693,0.0019,-0.0341,0.0218,-0.0944,-0.1864,-0.1296,-0.0894,0.3323,-2.2672,-2.4821,21.6712,-11.4592,-20.3753
64643364,0.0071,-0.0030,-0.0910,-0.0333,0.2345,-0.0011,-0.0217,0.0138,-0.0951,-0.1866,-0.1384,-0.0349,0.3323,-2.3642,-2.4821,21.6726,-11.4753,-20.3902
64648365,0.0066,-0.0030,-0.1063,0.0498,0.2473,-0.0500,-0.0009,-0.0017,-0.0958,-0.1864,-0.1537,0.0482,0.3323,-2.3642,-2.4821,21.6746,-11.4847,-20.4001
64653364,0.0061,-0.0025,-0.1130,0.1481,0.2085,-0.0500,0.0500,-0.0500,-0.0966,-0.1856,-0.1510,0.1652,0.3323,-2.7773,-1.6467,21.6759,-11.5088,-20.3976
64658364,0.0054,-0.0017,-0.1301,0.2046,0.1621,-0.0500,0.0500,-0.0500,-0.0972,-0.1845,-0.1301,0.2046,0.3323,-2.7773,-0.2833,21.6779,-11.5199,-20.3737
64663364,0.0047,-0.0002,-0.1545,0.2685,0.2763,-0.0500,0.0500,-0.0500,-0.0980,-0.1832,-0.1545,0.2685,-0.4430,-2.7773,-0.2309,21.6622,-11.5366,-20.3742
64668365,0.0040,0.0014,-0.1393,0.3005,0.3310,0.0200,0.0500,-0.0500,-0.0987,-0.1817,-0.1393,0.3005,-0.4430,-2.6122,-0.2309,21.6595,-11.5443,-20.3750
64673364,0.0034,0.0029,-0.1090,0.3207,0.2687,0.0200,-0.0200,0.0200,-0.0993,-0.1801,-0.1090,0.3207,-0.7680,-1.8971,-0.2309,21.6512,-11.5434,-20.3764
64678364,0.0029,0.0044,-0.0672,0.3094,0.2323,-0.0059,-0.0200,0.0200,-0.0994,-0.1785,-0.0348,0.3094,-1.8822,-1.5670,-0.4262,21.6193,-11.5438,-20.3813
64683365,0.0027,0.0059,-0.0159,0.2871,0.2961,0.0500,0.0744,-0.0906,-0.0994,-0.1771,0.0078,0.2788,-2.8515,-1.1819,-1.7444,21.5914,-11.5442,-20.4158
64688364,0.0028,0.0073,0.0373,0.2578,0.3334,0.0500,0.0671,-0.0945,-0.0993,-0.1759,0.0138,0.2462,-2.9593,-0.9618,-1.7444,21.5715,-11.5440,-20.4228
64693364,0.0031,0.0084,0.0296,0.2016,0.2638,0.0500,0.0569,-0.0822,-0.0993,-0.1752,0.0125,0.1460,-2.9593,0.8778,-2.8520,21.5596,-11.5095,-20.4596
64698364,0.0033,0.0092,0.0538,0.1964,0.1627,0.0500,0.0557,-0.0855,-0.0991,-0.1745,0.0407,0.1339,-2.9593,1.3426,-2.8520,21.5419,-11.4951,-20.4710
64703365,0.0035,0.0100,0.0870,0.1872,0.2005,-0.0200,0.0510,-0.0908,-0.0987,-0.1739,0.0690,0.1162,-2.5085,1.3426,-3.4269,21.5398,-11.4871,-20.5002
64708365,0.0042,0.0110,0.1677,0.1842,0.3786,-0.0200,0.0400,-0.1072,-0.0980,-0.1734,0.1496,0.1131,-1.8887,1.3426,-3.4269,21.5391,-11.4817,-20.5139
64713364,0.0050,0.0113,0.1704,0.1057,0.2641,0.0598,0.0211,-0.0910,-0.0971,-0.1733,0.1762,0.0112,-1.5507,1.9728,-4.3740,21.5390,-11.4602,-20.5569
64718365,0.0058,0.0117,0.1460,0.0559,0.2399,0.0563,0.0132,-0.0787,-0.0964,-0.1736,0.1392,-0.0485,-1.1563,1.9728,-5.0360,21.5390,-11.4523,-20.5898
64723364,0.0065,0.0118,0.1130,0.0052,0.2580,0.0498,0.0045,-0.0642,-0.0959,-0.1741,0.0938,-0.1138,-0.9309,1.9728,-6.0179,21.5394,-11.4404,-20.6421
64728364,0.0070,0.0115,0.1054,-0.0999,0.2231,0.0496,-0.0500,-0.0386,-0.0955,-0.1753,0.0781,-0.2294,-0.7055,2.0847,-6.6168,21.5391,-11.4303,-20.6798
64733365,0.0074,0.0108,0.1106,-0.1561,0.1938,0.0507,-0.0500,-0.0249,-0.0953,-0.1766,0.0525,-0.2713,-0.5365,2.4762,-7.7518,21.5400,-11.4078,-20.7459
64738364,0.0080,0.0099,0.1017,-0.2104,0.1682,0.0484,-0.0500,-0.0077,-0.0952,-0.1783,0.0076,-0.3338,1.2925,2.4762,-8.2922,21.5772,-11.3979,-20.7885
64743365,0.0086,0.0086,0.0895,-0.2782,0.1608,0.0469,-0.0500,0.0500,-0.0953,-0.1803,-0.0176,-0.4081,1.8310,2.4762,-8.7335,21.5949,-11.3831,-20.8483
64748365,0.0090,0.0070,0.0339,-0.3115,0.2030,0.0398,0.0200,0.0500,-0.0953,-0.1819,0.0025,-0.3116,1.8310,0.8541,-8.8908,21.6059,-11.4084,-20.8867
64753365,0.0091,0.0052,-0.0211,-0.3286,0.2085,0.0263,0.0200,0.0500,-0.0956,-0.1835,-0.0525,-0.3287,1.8310,0.1270,-8.9396,21.6132,-11.4216,-20.9412
64758365,0.0087,0.0036,-0.1072,-0.2755,0.1795,0.0031,-0.0523,0.0500,-0.0963,-0.1849,-0.1395,-0.2741,1.8310,-0.0970,-8.2751,21.6242,-11.4253,-20.9623
64763365,0.0081,0.0023,-0.1335,-0.2285,0.1993,-0.0500,-0.0407,-0.0200,-0.0971,-0.1859,-0.1744,-0.2024,1.5061,-1.7453,-7.6479,21.6245,-11.4651,-20.9989
64768365,0.0075,0.0012,-0.1765,-0.1729,0.2717,-0.0500,-0.0272,-0.0200,-0.0981,-0.1867,-0.1916,-0.1468,1.1347,-1.7453,-6.2369,21.6249,-11.4721,-20.9984
64773364,0.0065,0.0004,-0.2114,-0.1359,0.3432,-0.0500,-0.0200,0.0423,-0.0994,-0.1875,-0.2661,-0.1785,0.9025,-1.7453,-4.6168,21.6243,-11.4825,-20.9985
64778365,0.0054,-0.0004,-0.2049,-0.1213,0.3539,-0.0500,-0.0167,0.0419,-0.1007,-0.1883,-0.2601,-0.1445,0.6704,-2.4166,-3.9896,21.6245,-11.5048,-21.0028
64783364,0.0043,-0.0010,-0.2068,-0.0849,0.2467,0.0200,-0.0072,0.0400,-0.1020,-0.1888,-0.2619,-0.1082,0.5776,-2.4166,-3.9896,21.6251,-11.5193,-21.0268
64788364,0.0034,-0.0015,-0.1613,-0.0336,0.1309,0.0200,0.0001,0.0273,-0.1031,-0.1891,-0.2135,-0.0519,-0.9694,-2.4166,-3.6506,21.5948,-11.5290,-21.0356
64793365,0.0027,-0.0015,-0.1411,0.0376,0.1349,-0.0281,0.0500,0.0088,-0.1039,-0.1889,-0.1636,0.0337,-1.2386,-2.4166,-2.6820,21.5845,-11.5435,-21.0352
64798365,0.0021,-0.0011,-0.1341,0.1332,0.1279,-0.0268,0.0500,-0.0500,-0.1046,-0.1884,-0.1317,0.1004,-1.2386,-2.4166,-2.1976,21.5771,-11.5531,-21.0353
64803364,0.0014,-0.0005,-0.1164,0.1582,0.1902,-0.0241,0.0500,-0.0500,-0.1050,-0.1876,-0.0892,0.1582,-1.5767,-2.4166,-1.6165,21.5653,-11.5676,-21.0352
64808364,0.0010,0.0005,-0.0513,0.1903,0.2720,-0.0089,0.0500,-0.0500,-0.1051,-0.1867,-0.0057,0.1903,-2.6472,-2.4166,-1.3259,21.5293,-11.5773,-21.0353
64813365,0.0010,0.0014,0.0321,0.2117,0.2937,0.0500,-0.0200,-0.0500,-0.1047,-0.1856,0.0776,0.2117,-2.6472,-2.1732,-0.9868,21.5187,-11.5866,-21.0355
64818364,0.0012,0.0026,0.0596,0.2734,0.3407,0.0500,-0.0200,0.0200,-0.1044,-0.1842,0.0596,0.2734,-3.2115,-1.7837,-0.7931,21.4896,-11.5867,-21.0352
64823364,0.0017,0.0039,0.0684,0.2966,0.3322,0.0500,0.0614,0.0200,-0.1040,-0.1828,0.0703,0.2933,-3.2115,0.2201,-0.7447,21.4768,-11.5526,-21.0388
64828364,0.0024,0.0054,0.1173,0.2810,0.2393,0.0500,0.0561,-0.1011,-0.1034,-0.1815,0.1166,0.2601,-2.8906,0.6602,-0.7447,21.4643,-11.5414,-21.0417
64833365,0.0030,0.0069,0.1503,0.2743,0.2241,-0.0200,0.0537,-0.1083,-0.1027,-0.1803,0.1390,0.2353,-2.3558,0.6602,-1.9583,21.4644,-11.5375,-21.0721
64838364,0.0036,0.0079,0.1594,0.2056,0.1963,-0.0200,0.0401,-0.0987,-0.1020,-0.1795,0.1463,0.1633,-1.7675,0.6602,-2.1790,21.4639,-11.5348,-21.0851
64843364,0.0046,0.0087,0.1524,0.1579,0.2332,0.0543,0.0303,-0.0935,-0.1012,-0.1789,0.1600,0.1156,-1.2115,0.6602,-2.1790,21.4687,-11.5309,-21.0982
64848366,0.0056,0.0096,0.1747,0.2056,0.4085,0.0596,0.0374,-0.1127,-0.1004,-0.1781,0.1529,0.1609,0.4232,0.6602,-2.3363,21.5005,-11.5282,-21.1101
64853365,0.0063,0.0105,0.1655,0.2205,0.4067,0.0603,0.0418,-0.1177,-0.0997,-0.1774,0.1482,0.1466,0.4232,1.8994,-3.0596,21.5022,-11.4949,-21.1416
64858364,0.0070,0.0115,0.1411,0.1558,0.2809,0.0581,0.0337,-0.1026,-0.0991,-0.1770,0.1178,0.0717,0.4232,1.8994,-3.7431,21.5048,-11.4873,-21.1696
64863365,0.0077,0.0120,0.1307,0.0874,0.2088,0.0591,0.0202,-0.0873,-0.0986,-0.1771,0.1024,-0.0194,0.5359,2.4812,-4.6846,21.5087,-11.4639,-21.2140
64868365,0.0084,0.0122,0.1109,0.0189,0.2167,0.0545,0.0072,-0.0700,-0.0983,-0.1776,0.0529,-0.1018,1.8881,2.5782,-5.5207,21.5450,-11.4517,-21.2505
64873365,0.0089,0.0120,0.0593,-0.0742,0.2494,0.0422,-0.0500,-0.0422,-0.0984,-0.1787,-0.0078,-0.2105,1.8881,2.5782,-6.5715,21.5525,-11.4362,-21.3075
64878364,0.0090,0.0114,0.0156,-0.1429,0.2729,0.0275,-0.0500,-0.0205,-0.0989,-0.1799,-0.1017,-0.2489,3.2345,2.5782,-7.1231,21.5946,-11.4259,-21.3466
64883365,0.0090,0.0105,-0.0076,-0.2101,0.2855,0.0205,-0.0500,0.0017,-0.0996,-0.1816,-0.1366,-0.3335,3.3273,2.6900,-8.2894,21.6094,-11.4076,-21.4164
64888364,0.0090,0.0093,-0.0034,-0.2691,0.2720,0.0207,-0.0500,0.0500,-0.1003,-0.1836,-0.1457,-0.3990,3.8844,2.6900,-8.7325,21.6434,-11.3968,-21.4589
64893365,0.0088,0.0076,-0.0535,-0.3555,0.2271,0.0136,0.0200,0.0500,-0.1009,-0.1853,-0.1259,-0.3557,4.2167,1.7392,-8.8370,21.6659,-11.4007,-21.5135
64898365,0.0086,0.0059,-0.0944,-0.3451,0.2183,0.0024,0.0200,0.0500,-0.1018,-0.1871,-0.1668,-0.3454,4.2167,0.5086,-8.5464,21.6912,-11.4215,-21.5428
64903365,0.0080,0.0041,-0.1408,-0.2996,0.2265,-0.0500,-0.0498,0.0500,-0.1028,-0.1886,-0.2104,-0.3049,4.2167,0.3408,-7.6638,21.7080,-11.4223,-21.5755
64908364,0.0072,0.0027,-0.1897,-0.2410,0.2494,-0.0500,-0.0370,-0.0200,-0.1038,-0.1898,-0.1885,-0.2431,3.5214,0.1395,-7.2224,21.7173,-11.4251,-21.5959
64913364,0.0061,0.0015,-0.2266,-0.1857,0.2858,-0.0500,-0.0205,-0.0200,-0.1050,-0.1906,-0.2400,-0.1625,3.5214,-1.5514,-6.4883,21.7314,-11.4645,-21.6238
64918365,0.0051,0.0005,-0.2407,-0.1582,0.3386,-0.0500,-0.0183,0.0543,-0.1065,-0.1917,-0.3000,-0.2144,3.3333,-1.5514,-5.3347,21.7487,-11.4707,-21.6243
64923365,0.0038,-0.0002,-0.2346,-0.1481,0.3414,0.0200,-0.0159,0.0546,-0.1079,-0.1926,-0.2817,-0.1833,2.0885,-1.5514,-3.9189,21.7352,-11.4800,-21.6236
64928365,0.0026,-0.0010,-0.2275,-0.1158,0.2375,0.0200,-0.0085,0.0523,-0.1092,-0.1933,-0.2687,-0.1408,0.6445,-1.5514,-3.2372,21.7129,-11.4862,-21.6242
64933365,0.0016,-0.0016,-0.1839,-0.0657,0.1459,-0.0449,-0.0008,0.0402,-0.1103,-0.1937,-0.2284,-0.0760,0.5375,-1.7063,-2.3982,21.7132,-11.4986,-21.6242
64938364,0.0007,-0.0014,-0.1741,0.0910,0.1963,-0.0463,0.0500,0.0045,-0.1114,-0.1933,-0.2123,0.0885,0.3771,-1.7579,-1.9262,21.7128,-11.5067,-21.6234
64943364,0.0001,-0.0010,-0.1164,0.1246,0.2158,-0.0313,0.0500,-0.0500,-0.1120,-0.1927,-0.1146,0.1029,-0.8306,-1.7579,-1.4543,21.6883,-11.5172,-21.6240
64948365,-0.0004,-0.0003,-0.1200,0.1219,0.2192,-0.0322,0.0500,-0.0500,-0.1124,-0.1921,-0.0867,0.1219,-1.9381,-1.7579,-1.1921,21.6560,-11.5243,-21.6240
64953364,-0.0009,0.0004,-0.0611,0.1494,0.2516,-0.0197,0.0500,-0.0500,-0.1126,-0.1914,-0.0277,0.1493,-1.9381,-1.7579,-0.8775,21.6482,-11.5348,-21.6239
64958365,-0.0012,0.0011,-0.0250,0.1750,0.2977,-0.0122,-0.0200,-0.0500,-0.1125,-0.1905,0.0083,0.1750,-1.9381,-1.7579,-0.7202,21.6366,-11.5419,-21.6239
64963364,-0.0011,0.0019,0.0144,0.2205,0.3218,-0.0019,-0.0200,0.0200,-0.1122,-0.1894,0.0557,0.2205,-2.4024,-0.7083,-0.5104,21.6180,-11.5298,-21.6234
64968365,-0.0009,0.0031,0.0809,0.2673,0.2845,0.0500,0.0541,0.0200,-0.1116,-0.1881,0.1294,0.2549,-2.4024,0.8262,-0.4580,21.6036,-11.4985,-21.6243
64973364,-0.0003,0.0045,0.1353,0.2764,0.2399,0.0500,0.0551,-0.0943,-0.1109,-0.1868,0.1398,0.2596,-2.4024,0.8262,-0.3007,21.5940,-11.4936,-21.6234
64978364,0.0005,0.0059,0.1897,0.2636,0.1899,0.0500,0.0494,-0.1045,-0.1099,-0.1856,0.1947,0.2476,-1.9177,0.8262,-0.2482,21.5903,-11.4903,-21.6235
64983365,0.0015,0.0072,0.2034,0.2199,0.1550,0.0500,0.0402,-0.1022,-0.1088,-0.1846,0.2135,0.1967,-1.5946,1.3595,-0.1958,21.5897,-11.4743,-21.6238
64988365,0.0026,0.0081,0.1805,0.2141,0.2790,-0.0200,0.0407,-0.1049,-0.1079,-0.1837,0.1957,0.1837,-1.1637,1.8927,-0.1433,21.5900,-11.4565,-21.6234
64993364,0.0035,0.0089,0.1790,0.2104,0.4021,-0.0200,0.0394,-0.1100,-0.1069,-0.1828,0.1937,0.1793,-0.8165,1.8927,-0.1958,21.5927,-11.4451,-21.6255
64998364,0.0042,0.0101,0.1649,0.2089,0.4629,0.0530,0.0425,-0.1132,-0.1060,-0.1819,0.1705,0.1702,0.7892,2.3961,-0.1958,21.6263,-11.4272,-21.6261
65003364,0.0052,0.0112,0.1912,0.1930,0.4351,0.0631,0.0367,-0.1164,-0.1051,-0.1813,0.1855,0.1284,0.7892,2.6199,-1.7093,21.6295,-11.4071,-21.6632
65008364,0.0062,0.0118,0.1961,0.1787,0.3133,0.0691,0.0341,-0.1152,-0.1042,-0.1808,0.1818,0.0992,0.7892,2.6199,-2.7061,21.6342,-11.3966,-21.6897
65013364,0.0072,0.0124,0.1576,0.1139,0.2268,0.0623,0.0250,-0.0960,-0.1036,-0.1808,0.1154,0.0004,2.0628,3.4112,-4.1975,21.6657,-11.3621,-21.7420
65018364,0.0079,0.0129,0.1093,0.0724,0.2772,0.0517,0.0212,-0.0835,-0.1033,-0.1811,0.0602,-0.0529,2.0628,3.4112,-4.9916,21.6781,-11.3485,-21.7726
65023365,0.0083,0.0131,0.0745,0.0092,0.2800,0.0430,0.0108,-0.0645,-0.1033,-0.1818,0.0023,-0.1396,2.8116,3.6060,-6.3720,21.7019,-11.3233,-21.8392
65028365,0.0086,0.0128,0.0840,-0.0761,0.1957,0.0466,-0.0500,-0.0444,-0.1033,-0.1829,-0.0024,-0.2366,3.2395,3.6060,-7.1586,21.7297,-11.3089,-21.8767
65033365,0.0090,0.0116,0.0706,-0.2740,0.1697,0.0408,-0.0500,0.0500,-0.1037,-0.1850,-0.0701,-0.4006,3.8977,3.2209,-8.5067,21.7578,-11.2953,-21.9559
65038364,0.0093,0.0100,0.0531,-0.3476,0.2897,0.0409,-0.0500,0.0500,-0.1038,-0.1867,-0.0253,-0.3478,4.5739,2.6707,-8.7157,21.7961,-11.2945,-21.9878
65043365,0.0097,0.0081,0.0400,-0.3748,0.3768,0.0382,-0.0500,0.0500,-0.1040,-0.1886,-0.0385,-0.3750,4.5739,1.9556,-9.3645,21.8144,-11.2950,-22.0625
65048365,0.0098,0.0060,-0.0128,-0.4001,0.2705,0.0260,0.0200,0.0500,-0.1045,-0.1906,-0.1016,-0.4004,5.1663,1.6255,-9.6955,21.8561,-11.2945,-22.1004
65053365,0.0097,0.0040,-0.0663,-0.3714,0.1676,0.0129,0.0200,-0.0200,-0.1053,-0.1924,-0.1599,-0.3717,5.4448,1.1854,-9.4369,21.8828,-11.2950,-22.1599
65058365,0.0093,0.0022,-0.1203,-0.3140,0.2415,-0.0500,-0.0649,-0.0200,-0.1063,-0.1941,-0.2067,-0.3287,5.5002,0.9653,-8.9487,21.9166,-11.2950,-22.1795
65063364,0.0086,0.0007,-0.1585,-0.2682,0.3780,-0.0500,-0.0614,0.0625,-0.1075,-0.1959,-0.2309,-0.3582,5.5002,-1.1683,-7.2319,21.9386,-11.3378,-22.2019
65068364,0.0078,-0.0006,-0.2059,-0.2340,0.4055,-0.0500,-0.0508,0.0658,-0.1089,-0.1974,-0.2715,-0.3125,5.0723,-1.1683,-6.4566,21.9627,-11.3425,-22.2083
65073364,0.0067,-0.0018,-0.2660,-0.2034,0.2867,-0.0500,-0.0369,0.0746,-0.1105,-0.1988,-0.3302,-0.2796,4.1631,-1.1683,-6.2998,21.9631,-11.3495,-22.2487
65078364,0.0053,-0.0027,-0.2941,-0.1301,0.1413,0.0200,-0.0152,0.0683,-0.1123,-0.1998,-0.3493,-0.1908,3.0935,-1.1683,-5.2546,21.9633,-11.3542,-22.2481
65083365,0.0037,-0.0032,-0.3396,-0.0574,0.1972,0.0200,0.0500,0.0607,-0.1142,-0.2003,-0.3822,-0.0964,2.5052,-1.1683,-3.7913,21.9628,-11.3612,-22.2481
65088364,0.0020,-0.0033,-0.3256,0.0247,0.2103,-0.0809,0.0500,0.0459,-0.1161,-0.2004,-0.3853,-0.0232,1.8634,-1.1683,-3.2164,21.9631,-11.3658,-22.2489
65093365,0.0004,-0.0031,-0.2950,0.0907,0.1221,-0.0775,0.0500,0.0297,-0.1178,-0.2001,-0.3416,0.0560,1.5425,-1.1156,-2.3279,21.9635,-11.3718,-22.2489
65098364,-0.0010,-0.0027,-0.2578,0.0877,0.0399,-0.0721,0.0500,0.0275,-0.1193,-0.1998,-0.2934,0.0592,1.1147,-0.9045,-1.9098,21.9629,-11.3716,-22.2479
65103364,-0.0022,-0.0022,-0.2156,0.0733,0.1550,-0.0664,-0.0200,0.0225,-0.1204,-0.1995,-0.2359,0.0651,0.9007,-0.6935,-0.5472,21.9627,-11.3721,-22.2305
65108364,-0.0031,-0.0018,-0.1460,0.0974,0.3667,-0.0519,-0.0200,0.0032,-0.1211,-0.1989,-0.1236,0.1098,-0.8860,-0.5352,0.8307,21.9292,-11.3714,-22.2022
65113364,-0.0036,-0.0014,-0.0919,0.1371,0.3914,-0.0401,0.0389,-0.0500,-0.1214,-0.1981,-0.0608,0.1559,-1.6059,-0.4297,0.8307,21.9090,-11.3721,-22.1968
65118365,-0.0039,-0.0005,-0.0486,0.2056,0.3410,-0.0289,0.0503,-0.0500,-0.1214,-0.1971,-0.0035,0.1990,-2.3951,0.4381,0.8307,21.8828,-11.3552,-22.1939
65123364,-0.0041,0.0005,-0.0406,0.2654,0.3392,-0.0264,0.0650,-0.0500,-0.1213,-0.1959,0.0163,0.2465,-2.6737,1.2657,0.8307,21.8666,-11.3320,-22.1885
65128364,-0.0037,0.0019,0.1069,0.2755,0.3401,0.0500,0.0523,-0.0500,-0.1204,-0.1946,0.1740,0.2566,-3.2660,1.2657,0.8307,21.8383,-11.3270,-22.1856
65133365,-0.0030,0.0031,0.1707,0.2269,0.1703,0.0500,0.0398,0.0200,-0.1195,-0.1936,0.1874,0.1983,-3.2660,1.9258,0.8307,21.8252,-11.3057,-22.1802
65138365,-0.0020,0.0040,0.2126,0.1851,-0.0273,0.0500,0.0288,0.0200,-0.1183,-0.1929,0.2335,0.1490,-3.2660,2.4210,-0.2769,21.8056,-11.2864,-22.2007
65143365,-0.0006,0.0047,0.2752,0.1888,0.0643,0.0500,0.0198,-0.0895,-0.1169,-0.1922,0.2932,0.1461,-3.2660,2.4726,-0.3877,21.7926,-11.2709,-22.2054
65148364,0.0011,0.0056,0.2908,0.1949,0.2995,-0.0200,0.0149,-0.1018,-0.1153,-0.1915,0.3159,0.1399,-2.5336,3.2988,-0.3877,21.7895,-11.2420,-22.2068
65153365,0.0025,0.0066,0.2899,0.1545,0.4128,-0.0200,0.0051,-0.1004,-0.1137,-0.1910,0.3150,0.0995,-2.0828,3.2988,-0.3877,21.7893,-11.2222,-22.2093
65158365,0.0039,0.0071,0.2715,0.0840,0.4107,0.0818,-0.0500,-0.0874,-0.1121,-0.1909,0.3156,0.0165,-1.5194,3.2988,-1.2238,21.7898,-11.2090,-22.2282
65163365,0.0053,0.0074,0.2660,0.0229,0.3618,0.0836,-0.0500,-0.0773,-0.1108,-0.1909,0.2690,-0.0085,-1.2377,3.2988,-2.1123,21.7899,-11.1893,-22.2571
65168364,0.0067,0.0072,0.2471,-0.0232,0.4058,0.0831,-0.0500,-0.0665,-0.1096,-0.1913,0.2373,-0.0683,-0.9560,3.2988,-3.0325,21.7897,-11.1761,-22.2855
65173364,0.0077,0.0071,0.1900,0.0238,0.2989,0.0735,-0.0500,-0.0685,-0.1088,-0.1914,0.1697,-0.0342,-0.7869,2.5716,-3.9084,21.7890,-11.1725,-22.3238
65178365,0.0086,0.0071,0.1567,0.0531,0.1743,0.0672,0.0200,-0.0694,-0.1083,-0.1915,0.0969,-0.0066,1.4541,2.1242,-4.0187,21.8342,-11.1720,-22.3400
65183365,0.0092,0.0075,0.0812,0.0571,0.0747,0.0512,0.0200,-0.0607,-0.1082,-0.1915,0.0110,-0.0144,1.6695,1.5649,-4.8053,21.8451,-11.1721,-22.3840
65188364,0.0098,0.0074,0.0825,-0.0284,-0.0481,0.0544,-0.0133,-0.0392,-0.1082,-0.1922,-0.0006,-0.1285,2.6908,1.2293,-5.4888,21.8776,-11.1719,-22.4157
65193364,0.0101,0.0073,0.0644,-0.0483,-0.0493,0.0495,-0.0151,-0.0326,-0.1084,-0.1929,-0.0363,-0.1392,2.6908,-0.0970,-6.2088,21.8884,-11.1954,-22.4680
65198364,0.0101,0.0068,-0.0122,-0.0486,0.0747,0.0268,-0.0076,-0.0221,-0.1091,-0.1936,-0.1399,-0.1365,3.5768,-0.8726,-6.7836,21.9262,-11.2154,-22.5036
65203365,0.0101,0.0063,-0.0418,-0.0632,0.1706,0.0177,-0.0103,-0.0139,-0.1100,-0.1944,-0.1737,-0.1583,3.5768,-0.8726,-7.2680,21.9405,-11.2189,-22.5573
65208365,0.0098,0.0061,-0.1069,-0.0421,0.2537,-0.0500,0.0016,-0.0091,-0.1112,-0.1951,-0.2545,-0.1438,4.2721,-0.8726,-7.7093,21.9789,-11.2241,-22.5946
65213364,0.0092,0.0060,-0.1597,-0.0318,0.3200,-0.0500,0.0500,-0.0069,-0.1124,-0.1957,-0.2375,-0.1286,4.2721,-1.2341,-7.7617,21.9960,-11.2350,-22.6440
65218364,0.0082,0.0055,-0.2373,-0.1026,0.1718,-0.0500,0.0500,0.0500,-0.1139,-0.1968,-0.3044,-0.2180,4.3191,-1.8537,-7.7617,22.0228,-11.2580,-22.6731
65223364,0.0068,0.0049,-0.2440,-0.1261,0.1761,-0.0500,0.0500,0.0500,-0.1152,-0.1974,-0.2440,-0.1261,4.0374,-1.8537,-7.2079,22.0386,-11.2654,-22.7095
65228364,0.0057,0.0040,-0.2334,-0.1341,0.2369,0.0200,0.0500,0.0500,-0.1163,-0.1981,-0.2333,-0.1341,3.3049,-1.8537,-7.2079,22.0386,-11.2765,-22.7366
65233364,0.0046,0.0031,-0.2511,-0.1387,0.2552,0.0200,-0.0200,0.0500,-0.1176,-0.1988,-0.2511,-0.1387,2.4598,-1.8537,-5.7446,22.0388,-11.2839,-22.7489
65238365,0.0035,0.0024,-0.2700,-0.1344,0.1944,-0.0590,-0.0200,-0.0200,-0.1191,-0.1995,-0.3046,-0.1344,2.0090,-1.7987,-4.7516,22.0387,-11.2939,-22.7487
65243365,0.0020,0.0017,-0.2621,-0.1167,0.1572,-0.0604,0.0082,-0.0200,-0.1205,-0.2000,-0.2701,-0.1085,0.1943,-0.5493,-4.5949,22.0100,-11.2743,-22.7743
65248364,0.0008,0.0012,-0.2193,-0.0727,0.2122,-0.0567,0.0076,0.0409,-0.1217,-0.2008,-0.2437,-0.1476,-0.3762,0.7229,-4.3043,21.9977,-11.2462,-22.7855
65253364,-0.0002,0.0007,-0.1662,-0.0657,0.2812,-0.0474,0.0027,0.0339,-0.1226,-0.2014,-0.1805,-0.1233,-0.3762,0.7229,-3.1419,21.9955,-11.2433,-22.7855
65258364,-0.0009,0.0005,-0.1084,-0.0617,0.3160,-0.0357,-0.0500,0.0269,-0.1232,-0.2019,-0.1182,-0.1114,-0.3762,0.7229,-2.6091,21.9940,-11.2389,-22.7856
65263365,-0.0012,0.0009,-0.0531,0.0623,0.2625,-0.0204,-0.0500,-0.0500,-0.1234,-0.2018,-0.0399,0.0342,-1.7132,0.7229,-1.8827,21.9623,-11.2360,-22.7851
65268365,-0.0014,0.0010,-0.0296,0.0678,0.2290,-0.0135,-0.0500,-0.0500,-0.1234,-0.2014,-0.0001,0.0678,-1.7132,0.7229,-1.0618,21.9554,-11.2317,-22.7749
65273364,-0.0014,0.0016,0.0122,0.1106,0.2384,-0.0025,-0.0500,-0.0500,-0.1231,-0.2009,0.0522,0.1105,-2.3223,0.7229,0.3136,21.9326,-11.2288,-22.7481
65278365,-0.0013,0.0022,0.0577,0.1200,0.2351,0.0500,0.0200,-0.0500,-0.1226,-0.2003,0.1101,0.1200,-3.0422,0.7229,0.3136,21.9066,-11.2245,-22.7469
65283364,-0.0008,0.0027,0.1219,0.0867,0.1673,0.0500,0.0200,0.0200,-0.1220,-0.1998,0.1219,0.0867,-3.0422,0.7229,0.3136,21.8884,-11.2216,-22.7449
65288364,-0.0001,0.0031,0.1726,0.0971,0.0286,0.0500,0.0500,0.0200,-0.1211,-0.1993,0.1668,0.1071,-3.0422,-0.6713,0.0523,21.8762,-11.2507,-22.7493
65293365,0.0011,0.0034,0.2046,0.0956,0.0048,0.0500,0.0500,-0.0607,-0.1201,-0.1988,0.2046,0.0956,-2.2530,-0.6713,0.0000,21.8760,-11.2534,-22.7500
65298365,0.0024,0.0039,0.2080,0.1203,0.1132,-0.0200,0.0500,-0.0722,-0.1191,-0.1982,0.2080,0.1203,-1.8816,-0.6713,0.0000,21.8752,-11.2574,-22.7500
65303364,0.0033,0.0046,0.1445,0.1429,0.1453,-0.0200,0.0500,-0.0722,-0.1184,-0.1976,0.1348,0.1264,-1.3709,-0.6713,-1.1139,21.8757,-11.2601,-22.7738
65308364,0.0041,0.0052,0.1042,0.1295,0.0234,0.0426,-0.0200,-0.0665,-0.1178,-0.1971,0.1095,0.1050,-1.1388,-0.6713,-1.6467,21.8754,-11.2641,-22.7939
65313365,0.0045,0.0059,0.0770,0.1118,0.1092,0.0338,-0.0200,-0.0623,-0.1176,-0.1966,0.0504,0.0873,0.7199,-0.6713,-1.6467,21.9095,-11.2668,-22.8005
65318364,0.0047,0.0064,0.0754,0.0767,0.2696,0.0311,0.0164,-0.0578,-0.1174,-0.1964,0.0306,0.0474,0.9414,-0.6713,-2.6397,21.9177,-11.2709,-22.8342
65323364,0.0051,0.0068,0.0498,0.0580,0.3960,0.0246,0.0144,-0.0542,-0.1174,-0.1962,0.0050,0.0288,0.9414,-0.6713,-2.6397,21.9233,-11.2735,-22.8447
65328365,0.0057,0.0073,0.0770,0.0767,0.3465,0.0342,0.0143,-0.0618,-0.1173,-0.1962,0.0302,0.0179,0.9414,0.2065,-3.7373,21.9271,-11.2591,-22.8870
65333364,0.0060,0.0072,0.0217,0.0373,0.1364,0.0239,0.0135,-0.0426,-0.1174,-0.1964,-0.0273,-0.0408,0.9414,0.7229,-4.5184,21.9327,-11.2463,-22.9199
65338364,0.0061,0.0073,0.0009,-0.0021,0.0127,0.0204,0.0088,-0.0296,-0.1177,-0.1968,-0.0539,-0.0901,0.9414,0.7229,-5.1830,21.9365,-11.2419,-22.9620
65343365,0.0060,0.0075,-0.0400,0.0137,0.0597,0.0075,0.0184,-0.0283,-0.1182,-0.1972,-0.1141,-0.0742,2.0645,0.7229,-5.1830,21.9687,-11.2390,-22.9828
65348364,0.0060,0.0075,-0.0400,-0.0186,0.1123,0.0066,0.0102,-0.0211,-0.1188,-0.1977,-0.1181,-0.1136,2.0645,0.7229,-5.6533,21.9769,-11.2347,-23.0257
65353364,0.0058,0.0073,-0.0528,-0.0580,0.0949,0.0024,0.0032,-0.0093,-0.1195,-0.1985,-0.1331,-0.1566,2.0645,0.7229,-5.8955,21.9893,-11.2318,-23.0539
65358366,0.0053,0.0067,-0.0980,-0.1494,0.0885,-0.0500,-0.0500,0.0500,-0.1204,-0.1998,-0.1787,-0.2488,2.0645,0.7229,-5.9507,21.9976,-11.2275,-23.0905
65363364,0.0050,0.0059,-0.0959,-0.1924,0.1422,-0.0500,-0.0500,0.0500,-0.1209,-0.2007,-0.0959,-0.1924,1.5473,0.7229,-5.9507,21.9982,-11.2246,-23.1143
65368365,0.0044,0.0050,-0.1066,-0.2074,0.1178,-0.0500,-0.0500,0.0500,-0.1214,-0.2018,-0.1066,-0.2074,1.2651,0.7229,-4.7446,21.9983,-11.2202,-23.1233
65373364,0.0038,0.0039,-0.1155,-0.2312,0.0344,-0.0500,-0.0500,0.0500,-0.1220,-0.2029,-0.1155,-0.2312,0.9360,0.7229,-3.9056,21.9984,-11.2174,-23.1239
65378365,0.0031,0.0028,-0.1185,-0.2505,0.0173,0.0200,0.0200,-0.0200,-0.1226,-0.2042,-0.1185,-0.2505,0.7949,-0.2065,-2.9093,21.9990,-11.2326,-23.1242
65383365,0.0025,0.0016,-0.1060,-0.2459,0.0640,0.0200,0.0200,-0.0200,-0.1231,-0.2054,-0.1060,-0.2459,-0.9627,-0.9811,-2.3849,21.9622,-11.2512,-23.1242
65388364,0.0020,0.0003,-0.0828,-0.2196,0.0949,-0.0145,-0.0421,0.0530,-0.1235,-0.2066,-0.0898,-0.2311,-0.9627,-0.9811,-1.7556,21.9584,-11.2571,-23.1239
65393364,0.0017,-0.0007,-0.0446,-0.1637,0.0628,-0.0045,-0.0372,0.0394,-0.1237,-0.2074,-0.0350,-0.1648,-1.9594,-1.3662,-1.4410,21.9316,-11.2689,-23.1240
65398364,0.0015,-0.0015,-0.0174,-0.1112,0.0115,0.0500,-0.0297,0.0265,-0.1237,-0.2078,-0.0012,-0.0912,-2.6793,-2.4114,-1.0740,21.9071,-11.3030,-23.1241
65403365,0.0015,-0.0019,0.0260,-0.0434,0.1211,0.0500,-0.0212,0.0078,-0.1237,-0.2079,-0.0022,-0.0203,-2.6793,-2.4114,-0.8642,21.8910,-11.3126,-23.1237
65408365,0.0017,-0.0021,0.0495,-0.0599,0.1153,0.0500,-0.0269,0.0060,-0.1236,-0.2080,0.0304,-0.0037,-3.0971,-2.9956,0.7723,21.8713,-11.3397,-23.0928
65413365,0.0020,-0.0021,0.0434,-0.0437,0.0249,0.0500,-0.0217,0.0032,-0.1234,-0.2078,0.0309,0.0240,-3.0971,-2.9956,1.5446,21.8527,-11.3517,-23.0719
65418364,0.0022,-0.0025,0.0370,-0.0202,-0.0591,-0.0200,-0.0163,0.0008,-0.1233,-0.2076,0.0245,0.0476,-3.0971,-2.9956,1.5446,21.8403,-11.3697,-23.0627
65423364,0.0024,-0.0026,0.0428,0.0312,-0.0630,-0.0200,-0.0066,-0.0500,-0.1232,-0.2071,0.0298,0.0997,-2.2893,-3.0483,1.5446,21.8402,-11.3829,-23.0565
65428364,0.0026,-0.0024,0.0486,0.0968,0.0063,0.0219,0.0500,-0.0500,-0.1230,-0.2064,0.0400,0.1423,-1.0210,-3.0483,1.5446,21.8585,-11.4012,-23.0472
65433364,0.0029,-0.0016,0.0528,0.1213,0.0329,0.0245,0.0500,-0.0500,-0.1227,-0.2058,0.0544,0.1213,-0.0925,-3.0483,1.5446,21.8753,-11.4134,-23.0411
65438364,0.0032,-0.0008,0.0522,0.1307,-0.0469,0.0267,0.0500,-0.0500,-0.1224,-0.2051,0.0530,0.1307,-0.0461,-2.5450,1.3025,21.8760,-11.4207,-23.0370
65443364,0.0035,-0.0001,0.0626,0.1243,-0.1043,0.0313,0.0500,0.0200,-0.1221,-0.2045,0.0634,0.1243,-0.0461,-2.0975,1.0603,21.8757,-11.4211,-23.0370
65448364,0.0038,0.0006,0.0510,0.1136,0.0649,0.0272,-0.0200,0.0200,-0.1218,-0.2039,0.0518,0.1136,-0.0461,-1.5382,-0.9930,21.8755,-11.4207,-23.0789
65453365,0.0039,0.0010,0.0046,0.0412,0.1492,0.0143,-0.0200,-0.0213,-0.1219,-0.2038,-0.0032,0.0265,-0.0461,-1.2585,-0.9930,21.8752,-11.4207,-23.0829
65458365,0.0039,0.0012,-0.0116,0.0226,0.1627,0.0094,0.0012,-0.0169,-0.1220,-0.2037,-0.0281,0.0216,0.0000,-0.9229,-0.9930,21.8760,-11.4206,-23.0888
65463365,0.0039,0.0012,-0.0049,-0.0275,0.0982,0.0098,-0.0500,-0.0038,-0.1222,-0.2039,-0.0486,-0.0459,1.1629,-0.7551,-1.9893,21.9008,-11.4206,-23.1138
65468364,0.0037,0.0009,0.0000,-0.0574,0.0393,0.0107,-0.0500,0.0500,-0.1225,-0.2044,-0.0503,-0.0933,1.7166,1.0551,-2.4088,21.9183,-11.3854,-23.1364
65473365,0.0038,0.0005,-0.0012,-0.1231,0.0100,0.0124,-0.0500,0.0500,-0.1226,-0.2050,-0.0308,-0.1231,1.7166,1.6355,-2.4088,21.9286,-11.3677,-23.1461
65478364,0.0039,-0.0003,0.0110,-0.1738,0.0197,0.0158,-0.0500,0.0500,-0.1227,-0.2059,-0.0186,-0.1738,1.7166,1.6355,-2.3600,21.9355,-11.3579,-23.1596
65483364,0.0040,-0.0012,-0.0110,-0.2074,0.0011,0.0109,0.0200,0.0500,-0.1229,-0.2069,-0.0406,-0.2074,1.7166,1.6355,-1.9206,21.9458,-11.3514,-23.1594
65488364,0.0041,-0.0024,-0.0205,-0.2489,-0.0572,0.0097,0.0200,-0.0200,-0.1232,-0.2082,-0.0500,-0.2490,1.7166,0.2638,-1.4323,21.9526,-11.3731,-23.1597
65493365,0.0038,-0.0038,-0.0428,-0.2370,-0.0307,0.0028,-0.0659,-0.0200,-0.1235,-0.2094,-0.0705,-0.2402,1.7166,0.2110,-1.1882,21.9629,-11.3732,-23.1601
65498365,0.0037,-0.0049,-0.0266,-0.1533,0.1135,0.0051,-0.0547,0.0453,-0.1238,-0.2101,-0.0457,-0.1495,1.3957,0.1583,0.4195,21.9628,-11.3730,-23.1317
65503365,0.0036,-0.0055,-0.0244,-0.0712,0.0081,0.0073,-0.0377,0.0301,-0.1239,-0.2104,-0.0340,-0.0618,1.0214,0.1583,0.7866,21.9627,-11.3724,-23.1214
65508364,0.0036,-0.0058,-0.0214,-0.0284,-0.1113,0.0100,-0.0287,0.0229,-0.1241,-0.2105,-0.0286,-0.0183,0.8609,0.1055,0.7866,21.9633,-11.3727,-23.1167
65513364,0.0034,-0.0057,-0.0266,0.0086,-0.1367,0.0085,-0.0188,0.0156,-0.1242,-0.2104,-0.0301,0.0187,0.6470,0.1055,0.7866,21.9634,-11.3723,-23.1136
65518365,0.0032,-0.0056,-0.0293,-0.0162,-0.0105,0.0055,-0.0248,0.0197,-0.1244,-0.2104,-0.0300,-0.0028,0.5400,0.0528,0.9521,21.9636,-11.3730,-23.1055
65523364,0.0030,-0.0057,-0.0388,-0.0458,0.1126,0.0020,-0.0309,0.0246,-0.1245,-0.2105,-0.0258,-0.0135,0.3796,0.0528,2.2209,21.9631,-11.3728,-23.0732
65528364,0.0029,-0.0061,-0.0199,-0.0318,0.1230,0.0062,-0.0316,0.0207,-0.1245,-0.2105,-0.0060,0.0005,0.3261,0.0528,2.2209,21.9634,-11.3725,-23.0598
65533365,0.0028,-0.0065,-0.0040,-0.0284,0.0509,0.0110,-0.0332,0.0203,-0.1245,-0.2105,0.0117,0.0039,0.2191,0.0528,2.2209,21.9629,-11.3723,-23.0509
65538364,0.0028,-0.0068,0.0128,-0.0089,0.0347,0.0157,-0.0314,0.0144,-0.1243,-0.2103,0.0331,0.0314,0.1656,0.0000,2.7052,21.9627,-11.3732,-23.0258
65543364,0.0028,-0.0069,0.0220,0.0043,0.1413,0.0164,-0.0313,0.0094,-0.1241,-0.2101,0.0423,0.0446,0.1656,0.0000,2.7052,21.9637,-11.3732,-23.0150
65548364,0.0033,-0.0068,0.0550,0.0199,0.0387,0.0281,-0.0315,0.0020,-0.1237,-0.2098,0.0758,0.0594,0.1122,0.0000,2.6529,21.9631,-11.3732,-22.9998
65553364,0.0035,-0.0070,0.0464,0.0183,-0.0184,0.0274,-0.0310,0.0043,-0.1234,-0.2095,0.0677,0.0571,0.0587,0.0000,2.6007,21.9627,-11.3732,-22.9905
65558365,0.0037,-0.0071,0.0492,0.0302,0.0420,0.0279,-0.0296,0.0000,-0.1231,-0.2091,0.0652,0.0781,0.0587,-0.6153,2.6007,21.9629,-11.3859,-22.9749
65563365,0.0040,-0.0071,0.0709,0.0394,0.1266,0.0326,-0.0302,-0.0500,-0.1227,-0.2086,0.0734,0.1107,0.0587,-2.1814,2.6007,21.9633,-11.4231,-22.9645
65568365,0.0043,-0.0071,0.0825,0.0461,0.1272,0.0350,-0.0324,-0.0500,-0.1224,-0.2082,0.0628,0.0787,0.0587,-2.1814,2.3791,21.9635,-11.4362,-22.9534
65573364,0.0049,-0.0069,0.0702,0.0434,0.0436,0.0354,-0.0309,-0.0500,-0.1221,-0.2078,0.0516,0.0760,0.0000,-2.1814,1.9915,21.9626,-11.4450,-22.9525
65578365,0.0054,-0.0067,0.0544,0.0269,0.0051,0.0338,-0.0323,-0.0500,-0.1220,-0.2075,0.0347,0.0595,0.0535,-2.1814,1.4377,21.9639,-11.4580,-22.9533
65583365,0.0058,-0.0067,0.0284,0.0171,0.0814,0.0279,-0.0332,0.0200,-0.1219,-0.2073,0.0109,0.0461,0.0535,-1.9390,1.2162,21.9642,-11.4616,-22.9524
65588364,0.0059,-0.0070,-0.0113,-0.0229,0.1367,0.0182,-0.0395,0.0200,-0.1220,-0.2073,-0.0243,-0.0019,0.0535,-1.4057,0.8839,21.9644,-11.4609,-22.9529
65593364,0.0058,-0.0071,-0.0800,-0.0211,0.1077,0.0004,-0.0309,0.0500,-0.1225,-0.2074,-0.0967,-0.0138,0.0535,-1.1633,-0.6794,21.9647,-11.4612,-22.9836
65598365,0.0055,-0.0073,-0.0968,-0.0299,0.0869,-0.0500,-0.0307,0.0500,-0.1230,-0.2074,-0.1052,-0.0169,0.0535,-0.8724,-1.4111,21.9649,-11.4614,-23.0060
65603364,0.0051,-0.0076,-0.1277,-0.0412,0.1123,-0.0500,-0.0302,0.0500,-0.1237,-0.2076,-0.1339,-0.0304,1.6052,-0.7270,-1.4111,22.0000,-11.4617,-23.0116
65608365,0.0044,-0.0081,-0.1497,-0.0428,0.1242,-0.0500,-0.0284,0.0500,-0.1245,-0.2078,-0.1551,-0.0333,1.6052,-0.6300,-1.4111,22.0064,-11.4635,-23.0201
65613364,0.0036,-0.0085,-0.1549,-0.0360,0.0802,-0.0500,-0.0254,-0.0200,-0.1253,-0.2079,-0.1602,-0.0266,0.8058,-0.6300,-1.4111,21.9990,-11.4660,-23.0257
65618364,0.0027,-0.0088,-0.1451,-0.0214,0.0255,0.0200,-0.0218,-0.0200,-0.1260,-0.2080,-0.1505,-0.0120,0.6648,-0.6300,-1.4111,21.9990,-11.4698,-23.0342
65623365,0.0019,-0.0090,-0.1264,-0.0318,-0.0154,0.0200,-0.0256,0.0509,-0.1267,-0.2081,-0.1377,-0.0326,0.4767,-0.6300,-0.6871,21.9986,-11.4723,-23.0247
65628365,0.0013,-0.0093,-0.0941,-0.0501,-0.0007,-0.0174,-0.0333,0.0507,-0.1271,-0.2083,-0.0793,-0.0313,-0.8557,-0.6300,0.6271,21.9719,-11.4761,-22.9970
65633364,0.0008,-0.0097,-0.0702,-0.0803,0.1159,-0.0144,-0.0449,0.0548,-0.1274,-0.2086,-0.0490,-0.0616,-1.2301,-0.6300,0.6271,21.9572,-11.4786,-22.9944
65638364,0.0008,-0.0099,0.0211,-0.0605,0.1275,0.0500,-0.0518,0.0391,-0.1272,-0.2087,0.0344,-0.0279,-1.2301,-1.5595,0.6271,21.9523,-11.5050,-22.9907
65643365,0.0010,-0.0104,0.0580,-0.0550,0.1413,0.0500,-0.0568,0.0352,-0.1269,-0.2088,0.0501,-0.0224,-1.7285,-1.5595,0.6271,21.9347,-11.5113,-22.9882
65648364,0.0014,-0.0108,0.0641,-0.0293,0.1798,0.0500,-0.0547,0.0288,-0.1267,-0.2088,0.0562,0.0033,-2.6145,-1.5595,0.6271,21.9075,-11.5206,-22.9844
65653365,0.0019,-0.0110,0.0605,-0.0034,0.1801,0.0500,-0.0492,0.0229,-0.1264,-0.2086,0.0450,0.0424,-2.6145,-2.4397,0.6271,21.8918,-11.5454,-22.9819
