Time_us,Roll,Pitch,GyroX,GyroY,GyroZ,T1,T2,T3,PhiX,PhiY,PhiDX,PhiDY,motor_vel_1,motor_vel_2,motor_vel_3,motor_pos_1,motor_pos_2,motor_pos_3
52156690,0.0863,0.0342,-0.0229,-0.0180,0.0118,0.0500,-0.0500,-0.2000,-0.0002,-0.0001,-0.0229,-0.0180,0.0000,0.0000,0.0000,15.9648,-4.2954,-13.9979
52158375,0.0863,0.0342,-0.0229,-0.0370,0.0066,0.0500,-0.0500,-0.2000,-0.0002,-0.0002,-0.0229,-0.0370,0.0000,0.0000,0.0000,15.9648,-4.2954,-13.9979
52163365,0.0862,0.0340,-0.0247,-0.0547,-0.0120,0.0500,-0.0500,-0.2000,-0.0003,-0.0005,-0.0247,-0.0547,0.0000,0.0000,0.0000,15.9648,-4.2954,-13.9979
52168364,0.0861,0.0338,-0.0269,-0.0800,-0.0233,0.0500,-0.0500,-0.2000,-0.0004,-0.0009,-0.0269,-0.0800,0.0000,0.0000,0.0000,15.9648,-4.2954,-13.9979
52173364,0.0860,0.0334,-0.0250,-0.0962,-0.0233,-0.0200,0.0200,-0.2000,-0.0006,-0.0013,-0.0250,-0.0962,0.0000,0.0000,0.0000,15.9648,-4.2954,-13.9979
52178364,0.0859,0.0330,-0.0171,-0.1066,-0.0075,-0.0200,0.0200,-0.2000,-0.0007,-0.0019,-0.0176,-0.1073,1.0815,-0.5355,-0.0523,15.9879,-4.3064,-13.9991
52183364,0.0858,0.0326,-0.0318,-0.1063,0.0338,0.2000,-0.0751,-0.2000,-0.0010,-0.0023,-0.0765,-0.0807,1.5517,-1.8985,-0.1976,16.0043,-4.3426,-14.0022
52188365,0.0858,0.0323,-0.0357,-0.0727,0.0561,0.2000,-0.0696,-0.2000,-0.0015,-0.0026,-0.0933,-0.0680,1.5517,-1.8985,-1.6505,16.0137,-4.3502,-14.0347
52193364,0.0856,0.0317,-0.0629,-0.0727,-0.0157,0.2000,-0.0671,-0.2000,-0.0022,-0.0030,-0.1420,-0.0825,1.5517,-2.5844,-3.4009,16.0199,-4.3771,-14.0860
52198365,0.0854,0.0312,-0.0947,-0.1115,-0.1412,0.2000,-0.0723,-0.2000,-0.0032,-0.0038,-0.1891,-0.1463,1.5517,-2.5844,-5.1440,16.0292,-4.3875,-14.1367
52203364,0.0848,0.0304,-0.1454,-0.1561,-0.2542,0.2000,-0.0773,-0.2000,-0.0045,-0.0049,-0.2679,-0.2275,1.8897,-2.5844,-7.6762,16.0430,-4.4030,-14.2274
52208365,0.0842,0.0291,-0.1839,-0.1991,-0.3025,0.2000,-0.0845,-0.1885,-0.0061,-0.0063,-0.3277,-0.2889,1.8897,-3.1437,-9.5498,16.0543,-4.4255,-14.2971
52213364,0.0831,0.0280,-0.2224,-0.2358,-0.2897,0.2000,-0.0900,-0.1672,-0.0081,-0.0081,-0.3939,-0.3465,1.8897,-3.9679,-11.8907,16.0619,-4.4617,-14.4012
52218365,0.0821,0.0264,-0.2529,-0.2755,-0.2222,0.2000,-0.0991,-0.1449,-0.0104,-0.0101,-0.4639,-0.4080,2.9594,-4.4326,-13.8594,16.0986,-4.4871,-14.5001
52223365,0.0809,0.0247,-0.2804,-0.2999,-0.2081,0.2000,-0.1034,-0.1259,-0.0131,-0.0123,-0.5367,-0.4402,3.9986,-5.7259,-15.7333,16.1337,-4.5426,-14.6173
52228365,0.0795,0.0229,-0.2987,-0.2819,-0.2573,0.2000,-0.0982,-0.1156,-0.0162,-0.0145,-0.6088,-0.4277,6.0650,-6.6085,-16.9778,16.2051,-4.5842,-14.7183
52233365,0.0779,0.0213,-0.3451,-0.2465,-0.3059,0.2000,-0.0847,-0.1059,-0.0197,-0.0164,-0.7039,-0.3954,7.6673,-7.7273,-18.3254,16.2646,-4.6494,-14.8405
52238364,0.0761,0.0199,-0.3845,-0.2135,-0.2943,0.1807,-0.0714,-0.0980,-0.0237,-0.0182,-0.8013,-0.3552,10.0141,-9.0138,-19.0991,16.3642,-4.7173,-14.9424
52243364,0.0742,0.0188,-0.4093,-0.1555,-0.1965,0.1624,-0.0553,-0.0996,-0.0280,-0.0197,-0.8685,-0.2982,11.6225,-9.8501,-19.9962,16.4397,-4.7719,-15.0823
52248364,0.0721,0.0181,-0.4636,-0.0925,-0.1299,0.1350,-0.0306,-0.0994,-0.0329,-0.0208,-0.9772,-0.2188,13.9142,-11.2946,-20.2963,16.5627,-4.8643,-15.1687
52253365,0.0693,0.0179,-0.5938,0.0098,-0.1480,0.0887,0.0500,-0.0976,-0.0386,-0.0214,-1.1414,-0.1124,15.3347,-12.0122,-20.7123,16.6497,-4.9249,-15.2999
52258364,0.0661,0.0180,-0.6646,0.0675,-0.1211,0.0639,0.0500,-0.0862,-0.0443,-0.0226,-1.1355,-0.2423,16.8465,-12.7584,-20.9302,16.7764,-5.0142,-15.3877
52263365,0.0628,0.0183,-0.7052,0.1237,-0.0811,0.0383,0.0500,-0.0874,-0.0503,-0.0235,-1.1925,-0.1896,17.6959,-13.0334,-21.1386,16.8624,-5.0713,-15.5183
52268364,0.0590,0.0188,-0.7376,0.1530,-0.0783,0.0139,0.0500,-0.0832,-0.0565,-0.0243,-1.2404,-0.1630,18.5264,-13.1226,-21.2974,16.9878,-5.1521,-15.6063
52273364,0.0550,0.0198,-0.7920,0.1744,-0.1287,-0.0500,-0.0200,-0.0753,-0.0630,-0.0250,-1.3052,-0.1427,19.1082,-12.7311,-21.3492,17.0935,-5.1959,-15.7351
52278364,0.0512,0.0207,-0.8112,0.1888,-0.1550,-0.0500,-0.0200,-0.0841,-0.0680,-0.0257,-0.9983,-0.1233,19.2565,-11.7974,-21.3976,17.1732,-5.2508,-15.8643
52283365,0.0471,0.0216,-0.8073,0.1637,-0.1205,-0.0500,0.1200,-0.0816,-0.0734,-0.0256,-1.0869,0.0137,19.2130,-10.6614,-21.3416,17.2881,-5.2724,-15.9485
52288364,0.0428,0.0223,-0.8283,0.1304,-0.1055,-0.0500,0.1240,-0.0649,-0.0789,-0.0258,-1.0923,-0.0432,18.7747,-9.0110,-21.1886,17.3553,-5.2999,-16.0731
52293365,0.0386,0.0227,-0.8341,0.0648,-0.1354,0.0200,0.1207,-0.0424,-0.0844,-0.0264,-1.0977,-0.1090,17.7388,-9.0110,-21.1389,17.4445,-5.3360,-16.1569
52298365,0.0346,0.0224,-0.7966,-0.0849,-0.2081,0.0200,0.0901,-0.0041,-0.0896,-0.0277,-1.0520,-0.2703,16.8831,-8.1834,-21.0344,17.4967,-5.3694,-16.2815
52303364,0.0306,0.0219,-0.8088,-0.1295,-0.2432,-0.1155,0.0962,0.0500,-0.0962,-0.0294,-1.3060,-0.3399,14.8345,-6.8117,-21.0895,17.5513,-5.3721,-16.3668
52308365,0.0267,0.0208,-0.8241,-0.1613,-0.2802,-0.1189,0.1081,0.0500,-0.1017,-0.0298,-1.1171,-0.0704,14.0042,-6.1786,-20.8280,17.5922,-5.3971,-16.4870
52313365,0.0225,0.0199,-0.8274,-0.2016,-0.2402,-0.1347,0.1031,0.0500,-0.1072,-0.0303,-1.0878,-0.1111,12.1157,-6.1227,-20.4252,17.6324,-5.4207,-16.5613
52318365,0.0184,0.0188,-0.8228,-0.2382,-0.1241,-0.1494,0.0950,0.0500,-0.1125,-0.0312,-1.0560,-0.1710,11.3175,-4.5566,-19.4785,17.6627,-5.4213,-16.6625
52323365,0.0144,0.0173,-0.7871,-0.3176,-0.0588,-0.1533,0.0724,-0.0200,-0.1173,-0.0325,-0.9675,-0.2626,8.6595,-3.7176,-18.4168,17.6696,-5.4210,-16.7175
52328365,0.0106,0.0152,-0.7495,-0.4493,-0.0850,-0.1576,0.0381,-0.0200,-0.1219,-0.0345,-0.9152,-0.4084,8.2718,-2.7667,-16.8096,17.6952,-5.4212,-16.7918
52333365,0.0069,0.0126,-0.7156,-0.5412,-0.1272,-0.1713,0.0009,0.1753,-0.1268,-0.0382,-0.9870,-0.7384,6.8278,-2.2633,-15.5167,17.7132,-5.4212,-16.8304
52338364,0.0035,0.0097,-0.6677,-0.5910,-0.1156,-0.1692,-0.0500,0.1937,-0.1312,-0.0421,-0.8863,-0.7700,5.0042,-1.6481,-13.6656,17.7004,-5.4205,-16.8802
52343364,0.0001,0.0066,-0.6402,-0.5751,-0.0010,-0.1712,-0.0500,0.2000,-0.1351,-0.0459,-0.7811,-0.7594,1.9838,-1.3684,-12.3547,17.6620,-5.4210,-16.9056
52348365,-0.0031,0.0035,-0.6332,-0.5672,-0.0701,-0.1784,-0.0500,0.2000,-0.1388,-0.0495,-0.7355,-0.7327,0.3905,-1.0328,-11.0853,17.6352,-5.4214,-16.9382
52353365,-0.0060,0.0007,-0.5452,-0.5666,-0.2020,-0.1619,-0.0500,0.2000,-0.1418,-0.0531,-0.5911,-0.7141,-2.2694,-0.8091,-9.8669,17.5753,-5.4205,-16.9566
52358365,-0.0084,-0.0021,-0.4487,-0.5376,-0.2842,-0.1430,0.0200,0.2000,-0.1440,-0.0565,-0.4528,-0.6713,-4.2143,-0.5853,-8.9255,17.5235,-5.4204,-16.9924
52363365,-0.0104,-0.0050,-0.3742,-0.5736,-0.3761,-0.1269,0.0200,0.2000,-0.1457,-0.0599,-0.3222,-0.6873,-6.7736,-0.4735,-7.5667,17.4392,-5.4203,-16.9986
52368365,-0.0122,-0.0081,-0.3256,-0.6246,-0.3373,-0.1187,-0.1034,0.2000,-0.1468,-0.0634,-0.2267,-0.7035,-8.6749,-0.3616,-5.5807,17.3703,-5.4207,-16.9982
52373364,-0.0133,-0.0108,-0.2291,-0.5034,-0.1345,-0.0980,-0.0999,0.2000,-0.1472,-0.0662,-0.0818,-0.5676,-10.9696,-0.3616,-4.5878,17.2658,-5.4221,-16.9987
52378365,-0.0142,-0.0133,-0.1613,-0.4389,-0.1199,-0.0818,-0.1012,0.1876,-0.1471,-0.0686,0.0215,-0.4794,-12.2136,-0.3616,-2.9856,17.1943,-5.4243,-16.9901
52383365,-0.0147,-0.0152,-0.0825,-0.3622,-0.2231,-0.0593,-0.0988,0.1667,-0.1464,-0.0705,0.1468,-0.3763,-14.0186,-0.3616,-1.2135,17.0789,-5.4257,-16.9632
52388364,-0.0149,-0.0168,-0.0147,-0.2786,-0.1024,-0.0430,-0.0935,0.1405,-0.1452,-0.0718,0.2361,-0.2478,-15.1086,-1.7190,0.4394,16.9990,-5.4573,-16.9329
52393365,-0.0142,-0.0179,0.1762,-0.2040,-0.0423,0.0500,-0.1067,0.0988,-0.1429,-0.0725,0.4599,-0.1465,-16.3115,-1.9130,2.0415,16.8810,-5.4688,-16.8961
52398364,-0.0133,-0.0190,0.2196,-0.2043,-0.1357,0.0500,-0.1031,0.1044,-0.1417,-0.0730,0.2252,-0.1019,-16.6736,-3.1006,3.7632,16.8075,-5.5094,-16.8444
52403364,-0.0122,-0.0202,0.2187,-0.1915,-0.2521,0.0500,-0.1024,0.1025,-0.1406,-0.0732,0.2257,-0.0489,-17.2532,-4.3659,5.1933,16.6933,-5.5503,-16.7980
52408364,-0.0110,-0.0212,0.2511,-0.1545,-0.1764,0.0500,-0.1017,0.0870,-0.1393,-0.0730,0.2546,0.0420,-17.3176,-6.3824,6.7991,16.6227,-5.6227,-16.7292
52413364,-0.0096,-0.0220,0.3094,-0.1304,-0.0010,-0.0200,-0.1093,0.0699,-0.1378,-0.0725,0.3133,0.1001,-16.6564,-7.5011,7.9585,16.5333,-5.6719,-16.6763
52418364,-0.0079,-0.0226,0.3726,-0.0812,0.0035,-0.0200,-0.1088,0.0468,-0.1359,-0.0716,0.3739,0.1939,-15.7727,-9.1483,9.3038,16.4858,-5.7549,-16.5970
52423364,-0.0058,-0.0230,0.4423,-0.0556,-0.1541,0.1091,-0.1231,0.0199,-0.1324,-0.0703,0.6956,0.2548,-14.5961,-10.4179,10.4299,16.4184,-5.8193,-16.5351
52428364,-0.0033,-0.0232,0.4627,-0.0095,-0.2087,0.1226,-0.1166,0.0020,-0.1290,-0.0686,0.6849,0.3425,-13.2117,-12.2235,11.3956,16.3907,-5.9232,-16.4508
52433365,-0.0008,-0.0231,0.4655,0.0583,-0.1263,0.1301,-0.1052,-0.0500,-0.1257,-0.0664,0.6593,0.4342,-12.0214,-13.4734,11.7374,16.3386,-5.9992,-16.3979
52438365,0.0014,-0.0223,0.4142,0.2031,-0.1605,0.1162,-0.0734,-0.0500,-0.1233,-0.0643,0.4743,0.4283,-10.8366,-15.0847,12.0547,16.3173,-6.1163,-16.3198
52443364,0.0033,-0.0211,0.3995,0.2877,-0.2460,0.1188,-0.0495,-0.0500,-0.1212,-0.0616,0.4235,0.5283,-9.2590,-16.0964,12.0063,16.2865,-6.1986,-16.2727
52448365,0.0055,-0.0195,0.3980,0.3516,-0.2442,0.1250,-0.0318,-0.0500,-0.1193,-0.0586,0.3948,0.6140,-8.4139,-17.5423,11.5882,16.2689,-6.3284,-16.2105
52453365,0.0078,-0.0176,0.4133,0.3824,-0.1574,0.1344,-0.0238,0.0200,-0.1174,-0.0553,0.3781,0.6579,-7.0032,-18.3932,10.0929,16.2492,-6.4171,-16.1964
52458365,0.0099,-0.0159,0.4184,0.3925,-0.1116,0.1412,-0.0192,0.0200,-0.1156,-0.0519,0.3536,0.6813,-5.7337,-19.2668,9.1034,16.2492,-6.5475,-16.1573
52463365,0.0120,-0.0141,0.3980,0.4010,-0.1531,0.1466,-0.0052,-0.1354,-0.1138,-0.0478,0.3522,0.8071,-3.3101,-19.6157,7.5410,16.2698,-6.6323,-16.1551
52468365,0.0141,-0.0122,0.3778,0.4148,-0.2057,0.1478,0.0500,-0.1438,-0.1124,-0.0438,0.2948,0.8038,-1.8452,-19.7287,6.2716,16.2892,-6.7530,-16.1407
52473365,0.0158,-0.0100,0.2932,0.4453,-0.2093,0.1448,0.0500,-0.1361,-0.1106,-0.0411,0.3599,0.5321,-0.9661,-19.5636,5.8521,16.2974,-6.8283,-16.1243
52478364,0.0168,-0.0078,0.1607,0.4664,-0.1611,0.1117,0.0500,-0.1313,-0.1096,-0.0385,0.1847,0.5305,0.7540,-18.7127,4.3314,16.3314,-6.9267,-16.1245
52483365,0.0172,-0.0052,0.0299,0.5501,-0.1950,0.0779,0.0500,-0.1403,-0.1096,-0.0355,0.0168,0.6023,2.5237,-17.9072,3.5448,16.3759,-6.9840,-16.1245
52488365,0.0166,-0.0024,-0.1460,0.5858,-0.1870,0.0292,-0.0200,-0.1326,-0.1105,-0.0324,-0.1881,0.6240,3.7419,-16.2659,2.6010,16.4120,-7.0542,-16.1250
52493364,0.0159,0.0007,-0.1726,0.5974,-0.1257,0.0164,-0.0200,-0.1398,-0.1117,-0.0292,-0.2440,0.6229,5.0274,-15.0386,1.7493,16.4621,-7.0919,-16.1328
52498365,0.0150,0.0037,-0.1903,0.5788,-0.0166,-0.0500,0.1536,-0.1489,-0.1137,-0.0254,-0.4041,0.7659,5.8802,-12.7828,-0.2769,16.5004,-7.1304,-16.1687
52503365,0.0140,0.0067,-0.2156,0.5748,0.0943,-0.0500,0.1598,-0.1556,-0.1154,-0.0218,-0.3278,0.7149,6.6127,-11.1473,-1.8275,16.5524,-7.1456,-16.2042
52508365,0.0129,0.0097,-0.2428,0.5751,0.1104,-0.0500,0.1719,-0.1566,-0.1172,-0.0186,-0.3597,0.6574,7.1512,-9.4693,-4.0212,16.5899,-7.1759,-16.2644
52513365,0.0116,0.0122,-0.2764,0.5498,-0.0062,-0.0500,0.1815,-0.1487,-0.1192,-0.0156,-0.4032,0.5971,7.0120,-8.8540,-5.7474,16.6299,-7.1994,-16.3182
52518365,0.0102,0.0148,-0.3085,0.5098,-0.1195,0.0200,0.1867,-0.1370,-0.1214,-0.0131,-0.4378,0.4995,7.0120,-7.0603,-7.8079,16.6579,-7.2127,-16.3992
52523364,0.0086,0.0171,-0.3228,0.4346,-0.1177,0.0200,0.1807,-0.1211,-0.1236,-0.0112,-0.4517,0.3848,5.4061,-5.7028,-9.0977,16.6635,-7.2110,-16.4589
52528364,0.0070,0.0189,-0.3186,0.3213,-0.2878,-0.0646,0.1664,-0.0907,-0.1263,-0.0101,-0.5297,0.2164,4.4093,-4.2484,-11.3127,16.6631,-7.2116,-16.5641
52533365,0.0054,0.0201,-0.3366,0.2120,-0.3511,-0.0735,0.1504,-0.0635,-0.1289,-0.0097,-0.5316,0.0775,3.2465,-3.4728,-12.5179,16.6627,-7.2114,-16.6356
52538364,0.0037,0.0208,-0.3244,0.1313,-0.2295,-0.0777,0.1311,-0.0446,-0.1315,-0.0100,-0.5054,-0.0642,2.6927,-1.1683,-14.2979,16.6635,-7.1803,-16.7517
52543364,0.0022,0.0212,-0.2853,0.0626,-0.0863,-0.0750,0.1118,-0.0335,-0.1338,-0.0108,-0.4577,-0.1591,1.9728,-0.5003,-15.3823,16.6629,-7.1697,-16.8327
52548364,0.0009,0.0212,-0.2526,-0.0244,-0.0288,-0.0717,0.0866,-0.0138,-0.1358,-0.0123,-0.4107,-0.2984,1.6406,1.7410,-16.6325,16.6635,-7.1209,-16.9533
52553365,-0.0003,0.0206,-0.2459,-0.1432,-0.1202,-0.0714,0.0588,0.0500,-0.1377,-0.0145,-0.3751,-0.4400,0.5191,3.0554,-16.8415,16.6487,-7.0849,-17.0243
52558364,-0.0013,0.0194,-0.2297,-0.2746,-0.2509,-0.0559,0.0361,0.0500,-0.1386,-0.0162,-0.1796,-0.3398,-0.6964,4.3757,-17.1483,16.6239,-7.0358,-17.1332
52563365,-0.0023,0.0178,-0.2349,-0.3357,-0.1898,-0.0595,0.0169,0.0500,-0.1393,-0.0183,-0.1509,-0.4163,-2.1504,5.4084,-17.1483,16.5875,-6.9958,-17.2017
52568365,-0.0035,0.0158,-0.2395,-0.3598,-0.0536,-0.0664,0.0046,0.0500,-0.1401,-0.0205,-0.1453,-0.4512,-2.3758,6.1356,-16.4257,16.5744,-6.9463,-17.2884
52573365,-0.0048,0.0136,-0.2370,-0.4099,-0.0728,-0.0680,-0.0500,-0.0200,-0.1406,-0.0231,-0.1064,-0.5105,-4.1982,6.7509,-15.5283,16.5174,-6.9078,-17.3348
52578364,-0.0060,0.0115,-0.1939,-0.4252,-0.0878,-0.0649,-0.0500,-0.0200,-0.1411,-0.0252,-0.1077,-0.4253,-5.0299,7.1729,-14.1070,16.4821,-6.8578,-17.3966
52583364,-0.0071,0.0091,-0.1912,-0.4826,-0.0609,-0.0760,-0.0500,0.1255,-0.1421,-0.0286,-0.1964,-0.6763,-6.2273,6.8808,-12.9353,16.4245,-6.8352,-17.4277
52588364,-0.0080,0.0064,-0.1524,-0.5195,-0.0499,-0.0681,-0.0500,0.1371,-0.1428,-0.0320,-0.1315,-0.6910,-6.9774,6.8258,-11.4400,16.3832,-6.7950,-17.4719
52593364,-0.0086,0.0037,-0.0935,-0.5241,-0.0768,-0.0540,0.0200,0.1404,-0.1430,-0.0355,-0.0544,-0.6848,-7.6478,5.6155,-10.7084,16.3257,-6.7944,-17.5024
52598364,-0.0088,0.0010,-0.0076,-0.5107,-0.1782,-0.0303,0.0200,0.1358,-0.1428,-0.0387,0.0519,-0.6533,-8.2112,4.1302,-9.5000,16.2831,-6.7950,-17.5389
52603364,-0.0086,-0.0016,0.0623,-0.4890,-0.2680,-0.0080,-0.1152,0.1335,-0.1420,-0.0421,0.1612,-0.6765,-8.6344,3.3600,-9.1610,16.2240,-6.7954,-17.5689
52608364,-0.0081,-0.0040,0.1329,-0.4478,-0.2521,0.0500,-0.1227,0.1193,-0.1407,-0.0451,0.2470,-0.5907,-8.9018,2.4798,-7.0647,16.1831,-6.7954,-17.5763
52613365,-0.0072,-0.0064,0.1808,-0.4285,-0.2228,0.0500,-0.1276,0.1190,-0.1400,-0.0478,0.1491,-0.5447,-9.3269,2.0397,-5.7408,16.1195,-6.7951,-17.5754
52618364,-0.0064,-0.0087,0.1866,-0.4554,-0.2286,0.0500,-0.1421,0.1285,-0.1392,-0.0505,0.1634,-0.5419,-9.0577,1.5446,-4.2513,16.0877,-6.7943,-17.5756
52623364,-0.0055,-0.0109,0.2022,-0.4496,-0.0029,0.0500,-0.1527,0.1261,-0.1383,-0.0530,0.1743,-0.5048,-8.7759,0.2176,-3.4790,16.0391,-6.8169,-17.5756
52628365,-0.0039,-0.0130,0.3354,-0.3870,0.1123,-0.0200,-0.1654,0.0956,-0.1367,-0.0550,0.3148,-0.4012,-7.8745,-0.7302,-1.6816,16.0246,-6.8395,-17.5563
52633365,-0.0021,-0.0148,0.3665,-0.3021,0.1410,-0.0200,-0.1583,0.0727,-0.1350,-0.0564,0.3441,-0.2770,-6.8400,-2.1547,-0.4707,15.9995,-6.8739,-17.5359
52638364,0.0000,-0.0160,0.4129,-0.1961,0.1529,0.1076,-0.1499,0.0365,-0.1326,-0.0570,0.4874,-0.1173,-5.6174,-3.9781,1.3065,15.9991,-6.9272,-17.4969
52643365,0.0023,-0.0170,0.4270,-0.1387,0.2351,0.1168,-0.1444,0.0186,-0.1302,-0.0571,0.4699,-0.0238,-4.1598,-5.5579,2.1372,15.9992,-6.9777,-17.4744
52648364,0.0046,-0.0173,0.4331,-0.0895,0.2247,0.1264,-0.1357,0.0007,-0.1279,-0.0567,0.4591,0.0819,-3.4075,-7.6735,3.8045,15.9992,-7.0593,-17.4231
52653365,0.0067,-0.0178,0.4071,-0.0574,0.0240,0.1291,-0.1260,-0.0500,-0.1259,-0.0560,0.4098,0.1457,-2.5141,-9.1992,4.4012,15.9994,-7.1236,-17.3944
52658364,0.0085,-0.0182,0.3430,-0.0348,-0.0850,0.1168,-0.1165,-0.0500,-0.1245,-0.0553,0.2820,0.1350,-2.0439,-11.3399,5.0305,15.9997,-7.2275,-17.3522
52663365,0.0102,-0.0180,0.3060,0.0916,-0.0658,0.1111,-0.0843,-0.0500,-0.1234,-0.0539,0.2070,0.2822,-0.5315,-12.7272,5.1960,16.0205,-7.3033,-17.3287
52668364,0.0119,-0.0173,0.3128,0.2001,-0.0285,0.1165,-0.0595,-0.0500,-0.1225,-0.0518,0.1801,0.4206,0.4263,-14.7203,5.2511,16.0403,-7.4257,-17.2961
52673364,0.0132,-0.0161,0.3015,0.2269,-0.0029,0.1161,-0.0487,0.0200,-0.1219,-0.0495,0.1347,0.4647,1.8265,-15.8700,4.7184,16.0730,-7.5102,-17.2863
52678364,0.0147,-0.0152,0.2529,0.1848,-0.0288,0.1081,-0.0488,0.0200,-0.1216,-0.0472,0.0584,0.4444,2.7049,-17.3250,3.5076,16.1000,-7.6397,-17.2861
52683364,0.0159,-0.0143,0.1866,0.1909,-0.0798,0.0962,-0.0339,-0.0592,-0.1216,-0.0447,-0.0154,0.5042,4.1407,-18.1118,2.8295,16.1495,-7.7266,-17.2870
52688365,0.0164,-0.0134,0.0718,0.2150,-0.0838,0.0679,-0.0115,-0.0532,-0.1224,-0.0421,-0.1508,0.5277,4.6391,-18.7848,2.1030,16.1777,-7.8509,-17.2867
52693364,0.0163,-0.0122,-0.0483,0.2960,-0.1247,0.0353,0.0500,-0.0579,-0.1239,-0.0391,-0.3044,0.6060,6.2795,-19.0022,1.7156,16.2437,-7.9308,-17.2867
52698364,0.0157,-0.0105,-0.1555,0.3925,-0.1657,0.0176,0.0500,-0.0558,-0.1252,-0.0370,-0.2633,0.4108,6.8713,-18.9956,1.2797,16.2814,-8.0449,-17.2865
52703365,0.0147,-0.0084,-0.2388,0.4520,-0.1391,-0.0500,0.0500,-0.0627,-0.1271,-0.0347,-0.3661,0.4625,7.7429,-18.8432,0.7549,16.3419,-8.1174,-17.2924
52708364,0.0135,-0.0060,-0.2712,0.4588,-0.0704,-0.0500,0.0500,-0.0698,-0.1285,-0.0325,-0.2793,0.4449,7.9750,-18.0308,-0.9378,16.3777,-8.2115,-17.3289
52713365,0.0119,-0.0036,-0.3082,0.4450,-0.0658,-0.0500,-0.0200,-0.0673,-0.1301,-0.0303,-0.3162,0.4311,7.9750,-16.9748,-0.9378,16.4255,-8.2606,-17.3326
52718364,0.0100,-0.0018,-0.3552,0.4181,-0.1086,-0.0500,-0.0200,-0.0572,-0.1319,-0.0283,-0.3669,0.3980,7.9750,-15.5613,-1.3573,16.4574,-8.3300,-17.3468
52723365,0.0083,0.0003,-0.3842,0.4533,-0.0481,0.0200,0.1494,-0.0736,-0.1345,-0.0252,-0.5298,0.6313,6.1031,-14.3930,-2.5109,16.4628,-8.3665,-17.3783
52728365,0.0063,0.0028,-0.3830,0.4734,0.0432,0.0200,0.1624,-0.0816,-0.1372,-0.0221,-0.5258,0.6125,6.1566,-12.9158,-3.6339,16.4885,-8.4177,-17.4203
52733365,0.0043,0.0053,-0.3775,0.4823,0.0081,-0.0949,0.1773,-0.0828,-0.1402,-0.0192,-0.6014,0.5844,4.9341,-11.4615,-4.6307,16.4983,-8.4373,-17.4568
52738364,0.0024,0.0075,-0.3610,0.4242,-0.2026,-0.0944,0.1742,-0.0721,-0.1430,-0.0167,-0.5681,0.4971,4.0407,-10.3950,-5.5192,16.4985,-8.4821,-17.5040
52743364,0.0007,0.0094,-0.3372,0.3519,-0.3529,-0.0918,0.1648,-0.0595,-0.1456,-0.0147,-0.5240,0.3984,3.0062,-9.3622,-6.2456,16.4988,-8.5018,-17.5419
52748364,-0.0008,0.0108,-0.3204,0.2715,-0.3089,-0.0931,0.1503,-0.0453,-0.1481,-0.0133,-0.4927,0.2864,2.4420,-8.0197,-7.0180,16.4984,-8.5253,-17.5978
52753365,-0.0023,0.0119,-0.3122,0.1796,-0.2545,-0.0963,0.1330,-0.0269,-0.1504,-0.0124,-0.4684,0.1729,1.4434,-7.3595,-7.7937,16.4910,-8.5437,-17.6431
52758364,-0.0037,0.0127,-0.3421,0.1649,-0.2918,-0.1066,0.1355,-0.0177,-0.1528,-0.0118,-0.4647,0.1146,-0.0535,-5.4341,-8.7869,16.4636,-8.5434,-17.7131
52763365,-0.0053,0.0131,-0.3509,0.0767,-0.1660,-0.1153,0.1182,0.0500,-0.1550,-0.0118,-0.4551,0.0016,-0.7180,-4.1992,-9.2050,16.4495,-8.5384,-17.7571
52768364,-0.0067,0.0134,-0.2810,0.0281,-0.0475,-0.0948,0.1027,0.0500,-0.1563,-0.0116,-0.2531,0.0536,-2.5006,-1.7206,-9.7647,16.4075,-8.5067,-17.8249
52773364,-0.0080,0.0130,-0.2291,-0.0996,0.0115,-0.0842,0.0664,0.0500,-0.1571,-0.0120,-0.1570,-0.0842,-4.7383,-1.0493,-9.8198,16.3414,-8.4983,-17.8653
52778365,-0.0091,0.0121,-0.2071,-0.2028,-0.0203,-0.0799,0.0374,0.0500,-0.1576,-0.0131,-0.0999,-0.2161,-5.8063,0.8726,-9.2159,16.2998,-8.4608,-17.9108
52783365,-0.0098,0.0107,-0.1793,-0.2868,-0.0856,-0.0721,0.0113,-0.0200,-0.1578,-0.0146,-0.0345,-0.3069,-7.7736,1.3201,-8.9718,16.2200,-8.4482,-17.9419
52788364,-0.0106,0.0090,-0.1280,-0.3409,-0.1086,-0.0600,-0.0500,-0.0200,-0.1575,-0.0165,0.0436,-0.3776,-8.7647,2.4388,-7.0335,16.1677,-8.4126,-17.9521
52793364,-0.0112,0.0071,-0.0916,-0.3604,-0.0236,-0.0581,-0.0500,0.0890,-0.1574,-0.0187,0.0323,-0.4474,-10.1178,3.3356,-5.7597,16.0843,-8.3840,-17.9522
52798364,-0.0114,0.0052,-0.0134,-0.3677,-0.0075,-0.0385,-0.0500,0.0867,-0.1568,-0.0210,0.1247,-0.4490,-10.7376,3.7577,-5.3721,16.0305,-8.3533,-17.9769
52803365,-0.0112,0.0034,0.0849,-0.3479,-0.1235,-0.0102,-0.0500,0.0768,-0.1556,-0.0231,0.2377,-0.4291,-11.5821,3.7577,-5.3721,15.9463,-8.3383,-17.9984
52808364,-0.0103,0.0016,0.1820,-0.3195,-0.2286,0.0500,0.0200,0.0623,-0.1538,-0.0250,0.3529,-0.3795,-11.9144,3.6117,-3.9610,15.8926,-8.3194,-17.9981
52813364,-0.0091,-0.0004,0.2361,-0.3393,-0.1730,0.0500,0.0200,0.0702,-0.1528,-0.0269,0.2083,-0.3877,-12.2542,2.4433,-3.2294,15.8129,-8.3300,-17.9979
52818364,-0.0079,-0.0021,0.2495,-0.3632,-0.1015,0.0500,-0.1039,0.0762,-0.1515,-0.0291,0.2420,-0.4215,-12.1979,1.5184,-2.3932,15.7651,-8.3376,-17.9981
52823364,-0.0065,-0.0037,0.3070,-0.3155,-0.0713,0.0500,-0.1091,0.0606,-0.1500,-0.0309,0.3005,-0.3633,-11.3339,1.2263,-1.9751,15.7109,-8.3379,-17.9985
52828364,-0.0048,-0.0054,0.3592,-0.2804,-0.1128,-0.0200,-0.1158,0.0482,-0.1483,-0.0325,0.3547,-0.3160,-10.5317,0.9342,-1.4525,15.6840,-8.3372,-17.9983
52833365,-0.0028,-0.0067,0.4191,-0.2117,-0.0429,-0.0200,-0.1157,0.0239,-0.1463,-0.0336,0.4034,-0.2200,-8.7043,-0.6331,-1.1912,15.6610,-8.3679,-17.9984
52838364,-0.0005,-0.0075,0.4539,-0.1130,0.1166,0.1188,-0.1123,-0.0500,-0.1435,-0.0341,0.5597,-0.1135,-6.9877,-0.8441,-0.8776,15.6640,-8.3771,-17.9983
52843365,0.0020,-0.0079,0.4685,-0.0507,0.1633,0.1308,-0.1059,-0.0500,-0.1407,-0.0343,0.5585,-0.0322,-5.8248,-1.2356,-0.3854,15.6502,-8.3885,-17.9916
52848365,0.0045,-0.0079,0.4478,-0.0107,0.0988,0.1348,-0.0960,-0.0500,-0.1381,-0.0341,0.5204,0.0382,-5.8248,-3.2642,1.4953,15.6269,-8.4431,-17.9490
52853364,0.0067,-0.0080,0.4395,-0.0308,0.0304,0.1400,-0.1007,-0.0500,-0.1357,-0.0339,0.4775,0.0337,-4.3392,-4.3075,1.4953,15.6260,-8.4791,-17.9431
52858365,0.0085,-0.0085,0.3748,-0.0681,-0.0102,0.1293,-0.1031,0.0200,-0.1337,-0.0338,0.3864,0.0190,-3.5500,-5.8074,0.6646,15.6259,-8.5390,-17.9526
52863365,0.0102,-0.0088,0.2954,-0.0455,-0.1452,0.1150,-0.0886,0.0200,-0.1324,-0.0335,0.2697,0.0564,-1.8854,-6.8000,0.5538,15.6416,-8.5835,-17.9524
52868364,0.0116,-0.0089,0.2437,0.0342,-0.3285,0.1079,-0.0628,-0.0324,-0.1314,-0.0328,0.1898,0.1570,-0.5564,-7.8069,0.3877,15.6638,-8.6475,-17.9530
52873365,0.0125,-0.0087,0.2150,0.0730,-0.3327,0.1023,-0.0499,-0.0396,-0.1308,-0.0317,0.1328,0.2106,0.5348,-8.8585,0.3323,15.6835,-8.7020,-17.9527
52878364,0.0133,-0.0081,0.1173,0.0941,-0.1336,0.0746,-0.0341,-0.0353,-0.1308,-0.0306,-0.0118,0.2212,1.8719,-9.8890,-1.4111,15.7155,-8.7790,-17.9888
52883365,0.0140,-0.0077,0.0935,0.0870,-0.0356,0.0678,-0.0322,-0.0342,-0.1312,-0.0295,-0.0649,0.2202,2.9534,-10.7058,-1.8291,15.7504,-8.8363,-18.0043
52888364,0.0144,-0.0074,0.0501,0.0803,-0.0554,0.0584,-0.0276,-0.0287,-0.1317,-0.0284,-0.1163,0.2141,3.0660,-11.0783,-2.1682,15.7645,-8.9092,-18.0222
52893364,0.0145,-0.0069,-0.0305,0.1487,-0.0713,0.0367,0.0004,-0.0343,-0.1329,-0.0270,-0.2212,0.2816,3.9675,-11.5519,-2.7009,15.8054,-8.9640,-18.0432
52898365,0.0142,-0.0063,-0.0849,0.1573,-0.0676,0.0203,0.0500,-0.0294,-0.1343,-0.0256,-0.2956,0.2810,4.7753,-11.6035,-3.3629,15.8381,-9.0346,-18.0731
52903365,0.0135,-0.0051,-0.1790,0.2330,0.0640,-0.0006,0.0500,-0.0304,-0.1358,-0.0247,-0.2969,0.1811,5.1077,-11.4385,-3.4732,15.8738,-9.0772,-18.0892
52908365,0.0127,-0.0042,-0.2068,0.2141,-0.0139,-0.0500,0.0500,-0.0227,-0.1375,-0.0239,-0.3286,0.1567,5.1542,-10.5539,-3.8403,15.8954,-9.1267,-18.1175
52913364,0.0116,-0.0030,-0.2544,0.2251,-0.0924,-0.0500,0.0500,-0.0232,-0.1389,-0.0231,-0.2897,0.1642,5.2095,-10.5539,-4.1025,15.9275,-9.1689,-18.1391
52918365,0.0103,-0.0020,-0.2975,0.2327,-0.0496,-0.0500,-0.0200,-0.0202,-0.1406,-0.0223,-0.3378,0.1631,5.2095,-8.8199,-4.6884,15.9484,-9.1908,-18.1779
52923364,0.0088,-0.0011,-0.3296,0.2306,0.0005,-0.0500,-0.0200,-0.0159,-0.1425,-0.0215,-0.3737,0.1544,4.4608,-8.1412,-5.1314,15.9635,-9.2120,-18.2061
52928364,0.0070,0.0001,-0.3464,0.2159,0.0017,0.0200,0.0815,-0.0153,-0.1447,-0.0204,-0.4423,0.2295,3.6586,-6.0081,-5.1314,15.9636,-9.2115,-18.2369
52933364,0.0053,0.0010,-0.3277,0.1533,-0.0566,0.0200,0.0713,-0.0021,-0.1468,-0.0196,-0.4158,0.1500,2.6959,-4.9900,-5.2359,15.9633,-9.2130,-18.2597
52938365,0.0038,0.0015,-0.2862,0.0687,-0.1483,-0.0644,0.0550,0.0500,-0.1488,-0.0193,-0.4116,0.0667,2.2145,-4.9900,-5.1391,15.9634,-9.2429,-18.2891
52943365,0.0026,0.0015,-0.2260,-0.0122,-0.1788,-0.0492,0.0349,0.0500,-0.1503,-0.0190,-0.2912,0.0522,1.6262,-4.3187,-5.1391,15.9631,-9.2485,-18.3097
52948364,0.0015,0.0012,-0.1860,-0.0602,-0.1382,-0.0429,0.0182,0.0500,-0.1514,-0.0191,-0.2359,-0.0127,1.3035,-3.1827,-4.8081,15.9626,-9.2482,-18.3332
52953365,0.0009,0.0006,-0.1381,-0.0562,-0.0154,-0.0311,0.0084,0.0500,-0.1521,-0.0192,-0.1406,-0.0172,-1.1629,-2.6147,-4.8081,15.9128,-9.2484,-18.3524
52958365,0.0003,0.0004,-0.0983,-0.0574,0.1358,-0.0251,0.0008,-0.0200,-0.1526,-0.0193,-0.0951,-0.0284,-1.1629,-1.9435,-4.4410,15.9082,-9.2486,-18.3736
52963364,0.0000,-0.0001,-0.0174,-0.1197,0.2164,-0.0065,-0.0500,-0.0200,-0.1527,-0.0198,-0.0110,-0.0961,-1.1629,-1.5820,-3.6545,15.9012,-9.2484,-18.3741
52968364,0.0002,-0.0010,0.0498,-0.1961,0.2351,0.0500,-0.0500,0.0389,-0.1524,-0.0210,0.0609,-0.2365,-1.9985,-1.1689,-2.7106,15.8790,-9.2484,-18.3741
52973365,0.0006,-0.0024,0.0858,-0.2153,0.1837,0.0500,-0.0500,0.0437,-0.1520,-0.0222,0.0670,-0.2479,-2.1842,-0.9624,-2.1862,15.8622,-9.2485,-18.3734
52978364,0.0014,-0.0037,0.1213,-0.2242,0.0692,0.0500,-0.0500,0.0449,-0.1515,-0.0235,0.1074,-0.2482,-2.1842,-0.7042,-1.6094,15.8535,-9.2483,-18.3733
52983364,0.0021,-0.0048,0.1555,-0.1772,0.0228,0.0500,0.0200,0.0331,-0.1508,-0.0244,0.1439,-0.1972,-2.1842,-0.6009,-1.3472,15.8404,-9.2489,-18.3740
52988365,0.0029,-0.0056,0.1857,-0.1405,0.0735,-0.0200,0.0200,0.0215,-0.1499,-0.0252,0.1773,-0.1551,-1.8072,-0.6009,-0.9801,15.8398,-9.2524,-18.3736
52993365,0.0038,-0.0063,0.2220,-0.1020,-0.0267,-0.0200,-0.0782,0.0081,-0.1488,-0.0257,0.2188,-0.0898,-1.3226,-0.6009,0.2207,15.8401,-9.2548,-18.3517
52998365,0.0051,-0.0068,0.2239,-0.1057,-0.0450,0.0786,-0.0825,0.0056,-0.1476,-0.0260,0.2387,-0.0655,-0.8286,-1.3161,1.3791,15.8452,-9.2733,-18.3218
53003364,0.0062,-0.0073,0.1637,-0.0932,0.0784,0.0636,-0.0754,0.0089,-0.1469,-0.0262,0.1447,-0.0398,0.6964,-2.1963,1.3791,15.8768,-9.2987,-18.3163
53008365,0.0070,-0.0079,0.1454,-0.0638,0.1367,0.0614,-0.0711,0.0044,-0.1463,-0.0262,0.1264,-0.0105,0.6964,-2.1963,1.3791,15.8796,-9.3119,-18.3081
53013365,0.0076,-0.0082,0.1506,-0.0400,0.1062,0.0650,-0.0675,-0.0016,-0.1456,-0.0261,0.1245,0.0257,0.6964,-3.0238,1.3791,15.8838,-9.3382,-18.3025
53018364,0.0082,-0.0084,0.1567,-0.0208,0.1260,0.0691,-0.0654,-0.0500,-0.1450,-0.0258,0.1350,0.0574,0.6964,-3.1821,2.0572,15.8866,-9.3595,-18.2773
53023364,0.0092,-0.0085,0.1530,-0.0125,0.1425,0.0688,-0.0658,-0.0500,-0.1445,-0.0256,0.0896,0.0421,1.8593,-3.6569,2.0572,15.9191,-9.3833,-18.2690
53028364,0.0101,-0.0086,0.1191,0.0003,0.1291,0.0632,-0.0595,-0.0500,-0.1443,-0.0253,0.0485,0.0675,1.8593,-4.4959,2.0572,15.9265,-9.4231,-18.2567
53033365,0.0105,-0.0086,0.0586,0.0363,0.0820,0.0489,-0.0436,-0.0500,-0.1444,-0.0248,-0.0341,0.1035,3.1428,-4.4959,2.0049,15.9660,-9.4411,-18.2495
53038364,0.0105,-0.0084,-0.0238,0.0990,-0.0139,0.0290,-0.0167,0.0200,-0.1450,-0.0239,-0.1216,0.1748,3.1428,-5.0777,1.4823,15.9786,-9.4825,-18.2495
53043365,0.0100,-0.0076,-0.1481,0.1964,0.0484,-0.0500,0.0500,0.0200,-0.1463,-0.0225,-0.2592,0.2784,3.7071,-5.4908,0.6959,16.0108,-9.5122,-18.2609
53048364,0.0092,-0.0066,-0.2043,0.2172,0.0689,-0.0500,0.0500,-0.0173,-0.1474,-0.0215,-0.2097,0.2078,3.7071,-5.6008,-0.6296,16.0256,-9.5474,-18.2888
53053365,0.0081,-0.0055,-0.2706,0.2205,0.0255,-0.0500,0.0500,-0.0106,-0.1488,-0.0204,-0.2760,0.2112,3.8761,-5.6008,-0.6296,16.0518,-9.5698,-18.2910
53058364,0.0067,-0.0044,-0.3280,0.2306,-0.0007,-0.0500,0.0500,-0.0043,-0.1505,-0.0194,-0.3453,0.2007,3.8761,-4.8219,-2.0088,16.0673,-9.5866,-18.3248
53063365,0.0049,-0.0035,-0.3577,0.2453,0.0432,0.0200,-0.0200,-0.0041,-0.1524,-0.0183,-0.3759,0.2137,3.7684,-4.6272,-2.1191,16.0884,-9.6013,-18.3344
53068364,0.0030,-0.0023,-0.3595,0.2511,0.1199,0.0200,-0.0200,-0.0062,-0.1543,-0.0172,-0.3777,0.2195,3.0683,-4.2579,-2.1191,16.0882,-9.6214,-18.3482
53073364,0.0014,-0.0011,-0.2944,0.2364,0.1529,-0.0770,0.0842,-0.0131,-0.1562,-0.0160,-0.3793,0.2511,2.3143,-3.1056,-2.1191,16.0891,-9.6136,-18.3556
53078364,0.0001,-0.0001,-0.2129,0.1994,0.1227,-0.0576,0.0687,-0.0158,-0.1574,-0.0151,-0.2529,0.1851,0.6854,-1.1584,-2.1191,16.0630,-9.5866,-18.3694
53083364,-0.0007,0.0008,-0.1414,0.1591,0.0744,-0.0405,0.0551,-0.0175,-0.1582,-0.0143,-0.1578,0.1427,-0.5634,-0.9637,-2.0666,16.0366,-9.5869,-18.3756
53088364,-0.0012,0.0012,-0.0834,0.0709,0.0420,-0.0275,0.0313,-0.0054,-0.1587,-0.0141,-0.0977,0.0508,-0.5634,-0.7203,-2.0666,16.0343,-9.5869,-18.3891
53093365,-0.0013,0.0016,-0.0660,0.0602,0.0530,-0.0237,0.0279,-0.0063,-0.1591,-0.0139,-0.0790,0.0379,-0.5634,-0.5743,-2.0666,16.0310,-9.5866,-18.3963
53098364,-0.0016,0.0017,-0.0226,0.0144,0.0610,-0.0138,0.0131,-0.0017,-0.1593,-0.0139,-0.0344,-0.0101,-0.5634,-0.4282,-2.0666,16.0287,-9.5866,-18.4097
53103365,-0.0016,0.0016,0.0318,-0.0443,0.0741,0.0002,-0.0500,0.0500,-0.1592,-0.0143,0.0237,-0.0651,-0.5634,-0.3308,-1.7249,16.0253,-9.5862,-18.4096
53108364,-0.0011,0.0010,0.1054,-0.1307,0.0973,0.0500,-0.0500,0.0500,-0.1586,-0.0149,0.1151,-0.1307,-0.5634,-0.2335,-1.2366,16.0231,-9.5861,-18.4095
53113364,-0.0003,0.0001,0.1579,-0.2007,0.1107,0.0500,-0.0500,0.0500,-0.1578,-0.0159,0.1579,-0.2007,-0.5634,-0.2335,-1.0414,16.0197,-9.5870,-18.4096
53118364,0.0009,-0.0012,0.1872,-0.2312,0.1080,0.0500,-0.0500,0.0500,-0.1568,-0.0171,0.1872,-0.2312,-0.5634,-0.1361,-0.7484,16.0174,-9.5861,-18.4096
53123365,0.0019,-0.0026,0.1921,-0.2428,0.1022,0.0500,0.0200,-0.0200,-0.1559,-0.0183,0.1921,-0.2428,-0.5634,-0.1361,-0.6508,16.0140,-9.5867,-18.4101
53128365,0.0028,-0.0039,0.1952,-0.2214,0.1352,-0.0200,0.0200,-0.0200,-0.1549,-0.0194,0.1952,-0.2214,-0.5634,-0.0874,-0.4555,16.0118,-9.5863,-18.4098
53133364,0.0037,-0.0049,0.1872,-0.1600,0.0949,-0.0200,-0.0834,0.0188,-0.1540,-0.0201,0.1919,-0.1479,0.1690,-0.1361,0.6817,16.0236,-9.5878,-18.3868
53138364,0.0047,-0.0059,0.1802,-0.1411,0.0949,0.0625,-0.0828,0.0166,-0.1531,-0.0208,0.1743,-0.1204,0.9015,-0.1361,1.2585,16.0412,-9.5886,-18.3675
53143364,0.0057,-0.0066,0.1539,-0.1237,0.1416,0.0594,-0.0807,0.0159,-0.1523,-0.0213,0.1480,-0.1030,0.9015,-0.1361,1.2585,16.0466,-9.5891,-18.3631
53148365,0.0064,-0.0074,0.1469,-0.1319,0.1330,0.0598,-0.0848,0.0199,-0.1517,-0.0218,0.1333,-0.0978,0.9015,-1.0330,1.2585,16.0502,-9.6088,-18.3549
53153365,0.0070,-0.0082,0.1274,-0.1002,0.0744,0.0578,-0.0766,0.0160,-0.1511,-0.0220,0.1084,-0.0402,1.4939,-1.6133,2.4170,16.0679,-9.6264,-18.3253
53158364,0.0077,-0.0089,0.1252,-0.0855,0.0655,0.0587,-0.0761,0.0149,-0.1507,-0.0221,0.0905,-0.0256,2.4094,-1.6133,2.4170,16.0948,-9.6361,-18.3096
53163365,0.0084,-0.0092,0.1078,-0.0345,0.1214,0.0555,-0.0643,0.0041,-0.1504,-0.0219,0.0587,0.0463,2.5487,-3.0117,2.4170,16.1120,-9.6730,-18.3012
53168365,0.0090,-0.0093,0.0751,0.0189,0.1902,0.0480,-0.0495,-0.0500,-0.1503,-0.0213,0.0167,0.1149,3.0129,-3.5934,2.8529,16.1331,-9.7031,-18.2748
53173365,0.0093,-0.0092,0.0330,0.0559,0.2067,0.0358,-0.0380,-0.0500,-0.1506,-0.0207,-0.0609,0.1138,3.5113,-3.8843,2.8529,16.1614,-9.7243,-18.2648
53178364,0.0093,-0.0089,-0.0345,0.1048,0.1056,0.0197,-0.0155,-0.0500,-0.1513,-0.0198,-0.1356,0.1720,3.6221,-4.5039,2.6961,16.1780,-9.7623,-18.2495
53183365,0.0089,-0.0081,-0.1310,0.1885,0.1159,-0.0500,0.0500,-0.0500,-0.1525,-0.0186,-0.2372,0.2565,3.8895,-4.5589,2.2780,16.2052,-9.7814,-18.2492
53188364,0.0082,-0.0072,-0.1790,0.2285,0.1275,-0.0500,0.0500,0.0200,-0.1534,-0.0174,-0.1790,0.2285,4.2104,-4.9991,1.6509,16.2283,-9.8199,-18.2491
53193364,0.0072,-0.0061,-0.2364,0.2474,0.0961,-0.0500,0.0500,0.0200,-0.1545,-0.0162,-0.2364,0.2474,3.9752,-4.9504,1.3896,16.2487,-9.8389,-18.2491
53198365,0.0060,-0.0047,-0.2810,0.2706,0.0561,-0.0500,0.0500,-0.0212,-0.1559,-0.0148,-0.2727,0.2851,3.2699,-4.9504,0.9715,16.2491,-9.8686,-18.2498
53203364,0.0047,-0.0033,-0.2987,0.2776,0.0561,0.0200,-0.0200,-0.0211,-0.1574,-0.0134,-0.3020,0.2719,2.4236,-4.1590,-0.3875,16.2490,-9.8713,-18.2758
53208365,0.0031,-0.0020,-0.2889,0.2673,0.0805,0.0200,-0.0200,-0.0212,-0.1589,-0.0121,-0.2964,0.2543,1.9533,-3.1039,-0.8718,16.2484,-9.8719,-18.2909
53213364,0.0019,-0.0008,-0.2254,0.2285,0.1239,-0.0549,0.0738,-0.0236,-0.1603,-0.0109,-0.2794,0.2531,1.4361,-2.5235,-0.8718,16.2482,-9.8716,-18.2939
53218364,0.0010,0.0002,-0.1396,0.1927,0.1553,-0.0356,0.0573,-0.0276,-0.1612,-0.0099,-0.1730,0.1888,1.2010,-0.6087,-0.8718,16.2488,-9.8437,-18.2996
53223364,0.0005,0.0011,-0.0706,0.1619,0.1285,-0.0197,0.0448,-0.0300,-0.1617,-0.0092,-0.1017,0.1391,0.8719,-0.1706,-1.6993,16.2484,-9.8360,-18.3199
53228364,0.0004,0.0017,-0.0327,0.0941,0.0069,-0.0076,0.0281,-0.0208,-0.1619,-0.0089,-0.0425,0.0664,-0.4813,-0.1219,-1.9751,16.2233,-9.8361,-18.3382
53233364,0.0006,0.0021,0.0012,0.0678,0.0649,0.0016,0.0180,-0.0221,-0.1619,-0.0087,-0.0003,0.0402,-0.9627,-0.1219,-1.9751,16.2082,-9.8366,-18.3451
53238365,0.0007,0.0021,0.0449,0.0021,0.1248,0.0500,-0.0500,-0.0145,-0.1617,-0.0088,0.0438,-0.0262,-0.9627,-0.0732,-1.9751,16.2043,-9.8362,-18.3579
53243365,0.0011,0.0018,0.1109,-0.0742,0.0973,0.0500,-0.0500,-0.0050,-0.1612,-0.0093,0.0938,-0.1037,-0.9627,-0.0732,-1.9751,16.1985,-9.8365,-18.3648
53248364,0.0019,0.0012,0.1561,-0.1640,0.0518,0.0500,-0.0500,0.0500,-0.1605,-0.0103,0.1409,-0.1903,-0.9627,-0.0732,-1.7653,16.1947,-9.8369,-18.3733
53253364,0.0031,0.0000,0.1979,-0.2263,0.0732,0.0500,-0.0500,0.0500,-0.1595,-0.0114,0.1979,-0.2263,-0.9627,0.0000,-1.5031,16.1889,-9.8360,-18.3738
53258364,0.0043,-0.0014,0.2049,-0.2553,0.1221,-0.0200,0.0200,0.0500,-0.1585,-0.0127,0.2049,-0.2553,-0.9627,0.0000,-1.0836,16.1851,-9.8360,-18.3738
53263365,0.0051,-0.0030,0.1762,-0.2734,0.1373,-0.0200,0.0200,0.0500,-0.1576,-0.0141,0.1762,-0.2734,-0.5883,0.0000,-0.9263,16.1869,-9.8360,-18.3741
53268364,0.0059,-0.0045,0.1539,-0.2621,0.0723,0.0604,-0.1043,-0.0200,-0.1569,-0.0154,0.1406,-0.2614,0.7487,-0.0487,-0.6641,16.2145,-9.8373,-18.3739
53273365,0.0068,-0.0058,0.1677,-0.1961,0.0878,0.0674,-0.0980,-0.0200,-0.1561,-0.0164,0.1543,-0.1954,0.7487,-0.0487,-0.5593,16.2190,-9.8375,-18.3739
53278364,0.0076,-0.0068,0.1823,-0.1689,0.1199,0.0726,-0.0978,0.0206,-0.1554,-0.0171,0.1520,-0.1505,0.7487,-1.6314,-0.4020,16.2220,-9.8729,-18.3739
53283364,0.0086,-0.0079,0.1820,-0.1652,0.1269,0.0766,-0.1023,0.0208,-0.1546,-0.0178,0.1570,-0.1376,0.7487,-1.6314,0.2207,16.2265,-9.8794,-18.3627
53288365,0.0095,-0.0085,0.1735,-0.1423,0.1553,0.0791,-0.0995,0.0144,-0.1538,-0.0182,0.1626,-0.0901,0.7487,-1.6314,1.8756,16.2294,-9.8892,-18.3206
53293364,0.0105,-0.0092,0.1576,-0.1109,0.0936,0.0777,-0.0921,0.0109,-0.1532,-0.0184,0.1211,-0.0394,1.5951,-2.9179,1.8756,16.2545,-9.9243,-18.3136
53298365,0.0112,-0.0099,0.1225,-0.0913,0.0396,0.0720,-0.0854,0.0119,-0.1528,-0.0185,0.0781,-0.0061,1.5951,-3.8390,1.8756,16.2609,-9.9613,-18.3019
53303365,0.0118,-0.0102,0.0657,-0.0321,0.0817,0.0579,-0.0668,0.0058,-0.1528,-0.0182,0.0029,0.0627,2.7220,-4.0972,2.2631,16.2977,-9.9819,-18.2869
53308364,0.0120,-0.0103,0.0171,0.0272,0.1297,0.0457,-0.0482,-0.0500,-0.1530,-0.0175,-0.0515,0.1337,2.7220,-4.8302,2.3115,16.3086,-10.0241,-18.2715
53313364,0.0120,-0.0101,-0.0486,0.0754,0.1459,0.0255,-0.0287,-0.0500,-0.1538,-0.0167,-0.1611,0.1574,3.7991,-5.4904,2.3115,16.3510,-10.0588,-18.2629
53318365,0.0116,-0.0097,-0.1213,0.1206,0.0411,0.0058,-0.0049,-0.0500,-0.1551,-0.0156,-0.2477,0.2128,4.2633,-6.1719,2.2592,16.3757,-10.1082,-18.2495
53323364,0.0107,-0.0088,-0.2104,0.1924,0.0573,-0.0500,0.0500,-0.0500,-0.1568,-0.0142,-0.3396,0.2893,4.2633,-6.4884,1.8934,16.4013,-10.1402,-18.2490
53328364,0.0096,-0.0079,-0.2395,0.2306,0.0881,-0.0500,0.0500,0.0200,-0.1580,-0.0130,-0.2395,0.2306,4.3741,-6.6562,1.3708,16.4208,-10.1828,-18.2494
53333365,0.0083,-0.0069,-0.2721,0.2498,0.0576,-0.0500,0.0500,0.0200,-0.1593,-0.0118,-0.2721,0.2498,4.3741,-6.6562,1.1095,16.4470,-10.2094,-18.2500
53338364,0.0069,-0.0054,-0.2972,0.2795,0.0417,-0.0500,0.0500,-0.0187,-0.1608,-0.0104,-0.2993,0.2759,4.3206,-5.8321,-0.2422,16.4634,-10.2292,-18.2728
53343364,0.0053,-0.0040,-0.2908,0.3018,0.0536,0.0200,-0.0200,-0.0252,-0.1623,-0.0090,-0.2983,0.2888,3.1975,-5.6255,-0.8718,16.4634,-10.2484,-18.2882
53348364,0.0039,-0.0026,-0.2587,0.2764,0.0668,0.0200,-0.0200,-0.0259,-0.1636,-0.0076,-0.2662,0.2634,2.6092,-4.1797,-0.8718,16.4632,-10.2487,-18.2936
53353365,0.0028,-0.0014,-0.1863,0.2379,0.1089,-0.0424,0.0685,-0.0302,-0.1649,-0.0063,-0.2561,0.2757,1.9139,-3.4051,-0.8718,16.4628,-10.2484,-18.2969
53358365,0.0021,-0.0004,-0.0996,0.1998,0.1480,-0.0232,0.0514,-0.0338,-0.1657,-0.0052,-0.1629,0.2064,1.3715,-2.5273,-2.0854,16.4590,-10.2485,-18.3296
53363364,0.0020,0.0005,-0.0058,0.1658,0.1214,0.0500,0.0337,-0.0418,-0.1658,-0.0044,-0.0244,0.1656,-0.9968,-2.0626,-2.0854,16.4119,-10.2484,-18.3374
53368365,0.0020,0.0009,0.0330,0.1072,0.0265,0.0500,0.0188,-0.0332,-0.1658,-0.0039,0.0017,0.0992,-0.9968,-1.5462,-2.0854,16.4079,-10.2488,-18.3504
53373364,0.0024,0.0014,0.0446,0.0831,0.0683,0.0500,0.0119,-0.0322,-0.1658,-0.0036,0.0160,0.0705,-0.9968,-1.2364,-2.0854,16.4019,-10.2482,-18.3582
53378365,0.0027,0.0016,0.0724,0.0244,0.1098,0.0500,-0.0500,-0.0242,-0.1655,-0.0035,0.0437,0.0025,-0.9968,-0.9266,-2.4000,16.3979,-10.2485,-18.3763
53383364,0.0031,0.0014,0.1176,-0.0559,0.0665,-0.0200,-0.0500,-0.0115,-0.1651,-0.0040,0.0969,-0.0916,-0.9968,-0.7717,-2.4000,16.3919,-10.2487,-18.3871
53388364,0.0039,0.0007,0.1622,-0.1622,0.0026,-0.0200,-0.0500,0.0500,-0.1644,-0.0050,0.1415,-0.1979,-0.6645,-0.5651,-2.4000,16.3947,-10.2485,-18.4021
53393365,0.0050,-0.0003,0.2037,-0.2401,0.0216,0.0704,-0.0500,0.0500,-0.1634,-0.0062,0.1980,-0.2401,0.3323,-0.4618,-2.5465,16.4154,-10.2485,-18.4143
53398365,0.0063,-0.0018,0.2266,-0.2947,0.0857,0.0808,0.0200,0.0500,-0.1623,-0.0077,0.2209,-0.2948,0.3323,-0.3586,-2.5465,16.4168,-10.2488,-18.4302
53403364,0.0076,-0.0037,0.2275,-0.3271,0.1150,0.0857,0.0200,0.0500,-0.1611,-0.0093,0.2218,-0.3271,0.3323,-0.3586,-2.5465,16.4188,-10.2501,-18.4397
53408364,0.0085,-0.0055,0.1964,-0.3308,0.1104,0.0812,-0.1335,-0.0200,-0.1602,-0.0109,0.1876,-0.3254,0.3323,-0.3586,-2.3804,16.4201,-10.2523,-18.4522
53413364,0.0095,-0.0070,0.1799,-0.2569,0.1761,0.0804,-0.1235,-0.0200,-0.1594,-0.0122,0.1711,-0.2515,0.3323,-0.3586,-1.0002,16.4221,-10.2537,-18.4312
53418365,0.0104,-0.0082,0.1607,-0.2007,0.2763,0.0768,-0.1138,0.0264,-0.1587,-0.0130,0.1367,-0.1675,0.3857,-2.1190,0.0976,16.4245,-10.2958,-18.4097
53423364,0.0112,-0.0094,0.1561,-0.1762,0.3273,0.0758,-0.1129,0.0245,-0.1582,-0.0137,0.1025,-0.1432,2.0972,-2.1190,0.0976,16.4678,-10.3043,-18.4093
53428365,0.0120,-0.0102,0.1341,-0.1264,0.2625,0.0749,-0.1018,0.0167,-0.1577,-0.0141,0.0888,-0.0693,2.4263,-2.1190,1.7232,16.4829,-10.3170,-18.3707
53433365,0.0127,-0.0108,0.1170,-0.0806,0.1645,0.0736,-0.0906,0.0107,-0.1574,-0.0142,0.0548,-0.0126,3.0376,-2.8492,1.7232,16.5128,-10.3419,-18.3643
53438365,0.0133,-0.0112,0.0806,-0.0232,0.1138,0.0659,-0.0740,0.0037,-0.1574,-0.0139,-0.0007,0.0511,3.9391,-3.2712,1.7232,16.5450,-10.3676,-18.3535
53443365,0.0136,-0.0111,0.0205,0.0492,0.1214,0.0512,-0.0507,-0.0500,-0.1578,-0.0133,-0.0697,0.1258,4.3699,-3.4295,1.7232,16.5775,-10.3845,-18.3470
53448364,0.0135,-0.0108,-0.0495,0.0922,0.1453,0.0309,-0.0314,-0.0500,-0.1586,-0.0125,-0.1685,0.1567,4.7469,-4.3244,2.4404,16.6038,-10.4244,-18.3197
53453365,0.0131,-0.0102,-0.1246,0.1319,0.1272,0.0101,-0.0101,-0.0500,-0.1599,-0.0115,-0.2508,0.1964,5.1647,-4.3244,2.4404,16.6422,-10.4417,-18.3105
53458364,0.0124,-0.0094,-0.1912,0.1820,0.0677,-0.0500,0.0500,-0.0500,-0.1615,-0.0102,-0.3243,0.2552,5.2755,-4.9062,2.4404,16.6651,-10.4821,-18.2953
53463365,0.0111,-0.0085,-0.3140,0.2095,0.1068,-0.0500,0.0500,0.0200,-0.1631,-0.0092,-0.3140,0.2095,5.2755,-4.9578,2.4404,16.6967,-10.5028,-18.2864
53468364,0.0093,-0.0076,-0.3537,0.2327,0.1587,-0.0500,0.0500,0.0200,-0.1648,-0.0080,-0.3537,0.2327,5.0615,-4.9578,1.7623,16.7135,-10.5325,-18.2867
53473364,0.0074,-0.0065,-0.3644,0.2566,0.1553,-0.0500,0.0500,-0.0063,-0.1666,-0.0066,-0.3518,0.2784,3.7245,-4.5727,1.4717,16.7130,-10.5443,-18.2866
53478365,0.0055,-0.0052,-0.3506,0.2599,0.1086,0.0200,-0.0200,-0.0085,-0.1683,-0.0052,-0.3413,0.2761,3.0292,-3.3625,1.0843,16.7127,-10.5437,-18.2863
53483365,0.0039,-0.0039,-0.3036,0.2321,0.1019,0.0200,-0.0200,-0.0090,-0.1698,-0.0040,-0.2960,0.2454,2.2805,-2.7573,0.8905,16.7136,-10.5439,-18.2865
53488365,0.0027,-0.0029,-0.2120,0.1872,0.1578,-0.0491,0.0530,-0.0099,-0.1711,-0.0030,-0.2714,0.2004,1.8526,-2.0422,-1.1585,16.7132,-10.5439,-18.3261
53493365,0.0019,-0.0022,-0.1191,0.1313,0.2070,-0.0285,0.0315,-0.0109,-0.1720,-0.0023,-0.1674,0.1380,1.3713,-1.6571,-1.2136,16.7132,-10.5436,-18.3317
53498365,0.0015,-0.0018,-0.0635,0.0788,0.1599,-0.0137,0.0132,-0.0057,-0.1724,-0.0020,-0.0834,0.0592,0.6017,0.1033,-1.2136,16.7025,-10.5144,-18.3393
53503364,0.0015,-0.0016,-0.0266,0.0312,0.0252,0.0004,-0.0015,0.0001,-0.1724,-0.0020,-0.0075,-0.0000,-1.2736,0.8778,-1.2136,16.6613,-10.4962,-18.3439
53508365,0.0019,-0.0016,0.0449,-0.0037,0.1019,0.0500,-0.0500,-0.0032,-0.1721,-0.0022,0.0640,-0.0348,-1.2736,0.8778,-1.2136,16.6562,-10.4909,-18.3515
53513364,0.0022,-0.0017,0.0962,-0.0367,0.1813,0.0500,-0.0500,-0.0032,-0.1717,-0.0025,0.0858,-0.0547,-1.2736,0.8778,-1.2136,16.6486,-10.4874,-18.3559
53518365,0.0030,-0.0022,0.1860,-0.0898,0.1776,0.0500,-0.0500,-0.0029,-0.1708,-0.0030,0.1756,-0.1079,-1.2736,0.8778,-1.2136,16.6435,-10.4821,-18.3636
53523364,0.0042,-0.0028,0.2511,-0.1533,0.1505,0.0500,-0.0500,0.0500,-0.1696,-0.0039,0.2406,-0.1714,-1.2736,0.8778,-1.2136,16.6358,-10.4786,-18.3682
53528364,0.0059,-0.0037,0.2987,-0.1860,0.1642,-0.0200,0.0200,0.0500,-0.1681,-0.0048,0.2987,-0.1860,0.0554,0.8778,-1.1612,16.6592,-10.4734,-18.3736
53533364,0.0076,-0.0049,0.2914,-0.2123,0.1801,-0.0200,0.0200,0.0500,-0.1667,-0.0059,0.2914,-0.2123,0.2769,-0.4647,-0.9514,16.6652,-10.5003,-18.3743
53538364,0.0090,-0.0061,0.2492,-0.1970,0.1694,0.0958,-0.1149,0.0500,-0.1655,-0.0068,0.2405,-0.1901,0.2769,-0.4647,-0.0797,16.6663,-10.5021,-18.3614
53543364,0.0102,-0.0073,0.2291,-0.1814,0.1254,0.0944,-0.1139,-0.0200,-0.1645,-0.0077,0.1945,-0.1746,1.7744,-0.4647,1.5998,16.7005,-10.5049,-18.3253
53548365,0.0113,-0.0080,0.2410,-0.1677,0.1098,0.1006,-0.1153,-0.0200,-0.1635,-0.0084,0.1882,-0.1452,2.3092,-1.5100,1.5998,16.7200,-10.5288,-18.3155
53553365,0.0125,-0.0089,0.2642,-0.1863,0.1844,0.1108,-0.1268,0.0088,-0.1624,-0.0091,0.2194,-0.1302,2.3092,-2.1701,1.5998,16.7339,-10.5545,-18.3093
53558364,0.0135,-0.0099,0.2324,-0.1747,0.1282,0.1076,-0.1240,0.0114,-0.1615,-0.0096,0.1882,-0.1050,2.7324,-2.1701,2.5200,16.7523,-10.5632,-18.2766
53563364,0.0147,-0.0107,0.1921,-0.1402,0.1275,0.1016,-0.1156,0.0091,-0.1608,-0.0099,0.1393,-0.0589,2.8451,-2.9490,2.5200,16.7709,-10.5944,-18.2669
53568365,0.0156,-0.0114,0.1500,-0.0996,0.1853,0.0930,-0.1050,0.0049,-0.1604,-0.0099,0.0845,-0.0042,3.5212,-3.4766,2.9381,16.8015,-10.6170,-18.2421
53573364,0.0162,-0.0119,0.0816,-0.0565,0.2198,0.0759,-0.0888,0.0045,-0.1604,-0.0097,-0.0054,0.0486,4.4367,-4.1351,2.9381,16.8348,-10.6525,-18.2244
53578365,0.0165,-0.0122,0.0257,-0.0330,0.2002,0.0620,-0.0769,0.0073,-0.1608,-0.0093,-0.0806,0.0813,5.2482,-4.7503,2.9381,16.8798,-10.6833,-18.2127
53583366,0.0165,-0.0123,-0.0348,0.0269,0.1422,0.0456,-0.0539,0.0028,-0.1617,-0.0085,-0.1664,0.1539,5.9127,-5.9876,2.5504,16.9147,-10.7405,-18.2033
53588365,0.0161,-0.0120,-0.1194,0.0965,0.1156,0.0219,-0.0252,-0.0011,-0.1630,-0.0074,-0.2667,0.2249,6.6080,-6.2458,2.3843,16.9646,-10.7706,-18.1969
53593364,0.0153,-0.0114,-0.2019,0.1567,0.1419,-0.0500,0.0500,-0.0500,-0.1648,-0.0059,-0.3584,0.2986,6.7020,-7.1430,2.3843,16.9929,-10.8291,-18.1877
53598365,0.0141,-0.0103,-0.2804,0.2581,0.1746,-0.0500,0.0500,-0.0500,-0.1662,-0.0046,-0.2804,0.2581,7.0121,-7.3377,2.3843,17.0402,-10.8622,-18.1731
53603365,0.0125,-0.0091,-0.3332,0.2859,0.1169,-0.0500,0.0500,-0.0500,-0.1678,-0.0032,-0.3332,0.2859,7.0121,-7.5487,2.3843,17.0682,-10.9116,-18.1639
53608364,0.0106,-0.0078,-0.3436,0.3033,0.0738,-0.0500,0.0500,-0.0500,-0.1696,-0.0016,-0.3436,0.3033,5.9889,-7.4369,1.8472,17.0883,-10.9393,-18.1613
53613365,0.0090,-0.0064,-0.3665,0.3149,0.0936,0.0200,-0.0200,0.0200,-0.1714,-0.0001,-0.3665,0.3149,5.5581,-6.3703,1.3590,17.1023,-10.9610,-18.1613
53618364,0.0073,-0.0049,-0.3674,0.3274,0.1370,0.0200,-0.0200,0.0200,-0.1732,0.0016,-0.3674,0.3274,5.0474,-5.2068,1.1149,17.1249,-10.9609,-18.1612
53623365,0.0055,-0.0033,-0.3378,0.3344,0.1502,-0.0723,0.0993,-0.0328,-0.1754,0.0036,-0.4340,0.4055,4.1189,-3.8494,0.9196,17.1247,-10.9609,-18.1611
53628365,0.0040,-0.0018,-0.2657,0.3015,0.1120,-0.0591,0.0889,-0.0341,-0.1772,0.0053,-0.3556,0.3314,3.0511,-3.1706,-1.1630,17.1247,-10.9614,-18.2028
53633365,0.0030,-0.0005,-0.1741,0.2501,0.0991,-0.0391,0.0722,-0.0370,-0.1784,0.0066,-0.2523,0.2765,2.4940,-2.9282,-1.1630,17.1247,-10.9743,-18.2097
53638365,0.0024,0.0006,-0.0962,0.1998,0.1321,-0.0215,0.0555,-0.0391,-0.1793,0.0078,-0.1632,0.2261,1.8441,-2.9282,-1.1630,17.1246,-10.9860,-18.2144
53643365,0.0023,0.0013,-0.0498,0.1665,0.1166,-0.0081,0.0437,-0.0401,-0.1797,0.0087,-0.0946,0.1841,0.8506,-2.3402,-1.1630,17.1109,-10.9914,-18.2202
53648364,0.0023,0.0021,-0.0492,0.1839,0.1272,-0.0057,0.0473,-0.0465,-0.1800,0.0096,-0.0614,0.1783,-0.2693,-0.7888,-1.1630,17.0882,-10.9667,-18.2248
53653365,0.0021,0.0027,-0.0119,0.1387,0.1349,0.0500,0.0342,-0.0419,-0.1802,0.0102,-0.0258,0.1173,-0.2693,-0.3525,-1.7901,17.0871,-10.9608,-18.2448
53658364,0.0023,0.0030,0.0696,0.0489,0.1471,0.0500,0.0049,-0.0339,-0.1799,0.0103,0.0498,0.0236,-0.2693,-0.3040,-1.9992,17.0855,-10.9612,-18.2569
53663365,0.0029,0.0028,0.1371,-0.0678,0.1147,0.0500,-0.0500,-0.0169,-0.1793,0.0098,0.1181,-0.0945,-0.2693,-0.2070,-1.9992,17.0844,-10.9608,-18.2689
53668364,0.0040,0.0020,0.2016,-0.1817,0.0368,0.0500,-0.0500,0.0500,-0.1784,0.0087,0.1798,-0.2194,-0.2693,-0.2070,-2.5319,17.0828,-10.9616,-18.2882
53673365,0.0052,0.0008,0.2217,-0.2642,0.0500,-0.0200,-0.0500,0.0500,-0.1773,0.0074,0.2217,-0.2642,-0.2693,-0.1586,-2.5319,17.0817,-10.9616,-18.3034
53678364,0.0065,-0.0009,0.2205,-0.3002,0.1477,-0.0200,-0.0500,0.0500,-0.1762,0.0059,0.2205,-0.3002,0.1616,-0.1101,-2.5319,17.0904,-10.9611,-18.3135
53683365,0.0076,-0.0028,0.2065,-0.3247,0.1767,0.0801,0.0200,0.0500,-0.1752,0.0043,0.2037,-0.3247,0.1616,-0.0616,-2.4216,17.0910,-10.9608,-18.3264
53688364,0.0086,-0.0045,0.2153,-0.3583,0.1031,0.0870,0.0200,-0.0200,-0.1741,0.0025,0.2125,-0.3583,0.1616,-0.0616,-1.9803,17.0920,-10.9610,-18.3263
53693364,0.0097,-0.0060,0.2367,-0.3259,0.0457,0.0955,-0.1404,-0.0200,-0.1731,0.0009,0.2073,-0.3243,1.6472,-0.1101,-1.4286,17.1252,-10.9627,-18.3254
53698365,0.0108,-0.0077,0.2193,-0.2755,0.1407,0.0941,-0.1370,0.0376,-0.1722,-0.0006,0.1828,-0.2862,1.6472,-0.1101,-0.8272,17.1351,-10.9631,-18.3185
53703364,0.0119,-0.0089,0.1872,-0.2138,0.2152,0.0894,-0.1239,0.0263,-0.1714,-0.0014,0.1507,-0.1753,1.6472,-1.7625,0.8234,17.1417,-11.0014,-18.2842
53708365,0.0128,-0.0099,0.1539,-0.1448,0.2729,0.0827,-0.1100,0.0168,-0.1709,-0.0020,0.1040,-0.1063,2.4224,-1.7625,0.8234,17.1697,-11.0085,-18.2809
53713365,0.0135,-0.0104,0.1436,-0.1329,0.3246,0.0824,-0.1098,0.0150,-0.1704,-0.0024,0.0922,-0.0920,2.4224,-1.9275,0.8234,17.1793,-11.0224,-18.2760
53718365,0.0142,-0.0110,0.1478,-0.1387,0.2977,0.0843,-0.1124,0.0166,-0.1701,-0.0028,0.0699,-0.0792,3.7060,-2.8077,1.1892,17.2251,-11.0503,-18.2653
53723365,0.0149,-0.0119,0.1148,-0.1338,0.2201,0.0789,-0.1083,0.0210,-0.1700,-0.0031,0.0214,-0.0483,4.4583,-3.8300,1.9208,17.2570,-11.0892,-18.2398
53728365,0.0156,-0.0126,0.0950,-0.1060,0.1728,0.0756,-0.1018,0.0196,-0.1701,-0.0031,-0.0171,-0.0134,5.3035,-4.3048,1.9208,17.3036,-11.1143,-18.2321
53733364,0.0159,-0.0128,0.0397,-0.0021,0.1431,0.0618,-0.0717,0.0045,-0.1705,-0.0026,-0.0943,0.1027,6.1651,-5.1279,1.9208,17.3434,-11.1584,-18.2206
53738365,0.0159,-0.0122,-0.0327,0.1704,0.1633,0.0426,-0.0216,-0.0500,-0.1714,-0.0012,-0.1758,0.2922,6.6758,-5.7134,2.4746,17.3922,-11.1920,-18.2015
53743365,0.0151,-0.0113,-0.2016,0.2089,0.1529,-0.0500,0.0500,-0.0500,-0.1734,0.0004,-0.3856,0.3120,7.2295,-6.9148,2.4746,17.4317,-11.2542,-18.1867
53748365,0.0140,-0.0102,-0.2691,0.2141,0.1279,-0.0500,0.0500,-0.0500,-0.1747,0.0015,-0.2691,0.2141,7.7109,-7.4099,2.4746,17.4863,-11.2920,-18.1768
53753364,0.0126,-0.0092,-0.3204,0.2242,0.1156,-0.0500,0.0500,-0.0500,-0.1763,0.0026,-0.3204,0.2242,7.9460,-7.8543,2.7188,17.5226,-11.3463,-18.1567
53758365,0.0109,-0.0082,-0.3574,0.2523,0.1398,-0.0500,0.0500,0.0200,-0.1781,0.0038,-0.3573,0.2523,8.0587,-7.8016,2.7188,17.5730,-11.3766,-18.1458
53763365,0.0089,-0.0070,-0.4013,0.2865,0.1786,0.0200,-0.0200,0.0200,-0.1801,0.0053,-0.4013,0.2865,7.2509,-7.6897,2.0352,17.5883,-11.4212,-18.1437
53768364,0.0070,-0.0055,-0.4252,0.3396,0.2183,0.0200,-0.0200,-0.0195,-0.1822,0.0070,-0.4173,0.3532,6.9426,-6.2914,0.9123,17.6245,-11.4211,-18.1608
53773365,0.0048,-0.0036,-0.4172,0.3604,0.2143,-0.0988,0.1168,-0.0262,-0.1849,0.0093,-0.5530,0.4458,5.6891,-5.0609,0.6682,17.6247,-11.4295,-18.1610
53778364,0.0028,-0.0019,-0.3680,0.3335,0.1624,-0.0918,0.1143,-0.0288,-0.1873,0.0114,-0.4791,0.4175,4.2035,-5.0609,0.5705,17.6245,-11.4497,-18.1605
53783364,0.0012,-0.0005,-0.2947,0.2813,0.2195,-0.0799,0.1000,-0.0285,-0.1893,0.0131,-0.3971,0.3501,4.0643,-4.1882,0.4241,17.6380,-11.4610,-18.1605
53788365,0.0004,0.0004,-0.1417,0.1665,0.1786,-0.0439,0.0599,-0.0229,-0.1905,0.0142,-0.2383,0.2222,4.0643,-3.4125,0.3264,17.6624,-11.4608,-18.1610
53793364,-0.0001,0.0011,-0.1429,0.1319,0.1053,-0.0437,0.0550,-0.0153,-0.1916,0.0151,-0.2204,0.1732,3.3444,-2.5399,0.2288,17.6629,-11.4612,-18.1612
53798364,-0.0007,0.0018,-0.1652,0.1506,0.0588,-0.0497,0.0649,-0.0175,-0.1927,0.0160,-0.2241,0.1846,2.4584,-2.1036,0.1799,17.6626,-11.4617,-18.1613
53803364,-0.0015,0.0024,-0.1191,0.1228,0.0814,-0.0405,0.0554,-0.0180,-0.1936,0.0167,-0.1658,0.1474,2.0154,-1.5218,0.1311,17.6627,-11.4609,-18.1612
53808365,-0.0019,0.0027,-0.0614,0.0589,0.1914,-0.0272,0.0328,-0.0129,-0.1940,0.0171,-0.0824,0.0663,1.1081,-0.3621,0.1311,17.6549,-11.4423,-18.1607
53813365,-0.0018,0.0027,0.0440,-0.0128,0.2198,0.0019,0.0009,-0.0112,-0.1937,0.0170,0.0571,-0.0220,-0.3714,0.7006,0.0823,17.6267,-11.4181,-18.1610
53818365,-0.0013,0.0023,0.1264,-0.0999,0.1575,0.0500,-0.0500,-0.0016,-0.1930,0.0164,0.1412,-0.1091,-0.4642,0.7006,0.0823,17.6221,-11.4153,-18.1607
53823364,-0.0001,0.0016,0.1860,-0.1405,0.1361,0.0500,-0.0500,0.0002,-0.1921,0.0157,0.1860,-0.1405,-0.4642,0.7006,0.0000,17.6202,-11.4111,-18.1613
53828364,0.0010,0.0006,0.1964,-0.1503,0.1987,0.0500,-0.0500,0.0012,-0.1911,0.0150,0.1964,-0.1503,-0.4642,0.7006,0.0000,17.6175,-11.4083,-18.1613
53833364,0.0020,-0.0003,0.2279,-0.1576,0.2390,0.0500,-0.0500,-0.0004,-0.1899,0.0142,0.2279,-0.1576,-0.4642,0.7006,0.0000,17.6156,-11.4041,-18.1613
53838364,0.0031,-0.0012,0.2550,-0.1781,0.1865,-0.0200,0.0200,0.0500,-0.1887,0.0133,0.2550,-0.1781,0.0000,0.7006,0.0000,17.6224,-11.4013,-18.1613
53843364,0.0047,-0.0022,0.2584,-0.1875,0.1217,-0.0200,0.0200,0.0500,-0.1874,0.0124,0.2584,-0.1875,0.1393,0.7006,0.0000,17.6257,-11.3971,-18.1613
53848365,0.0061,-0.0032,0.2407,-0.1808,0.1505,0.0824,-0.0941,0.0500,-0.1862,0.0115,0.2335,-0.1725,0.1393,-0.5593,0.0000,17.6265,-11.4226,-18.1613
53853364,0.0072,-0.0042,0.2022,-0.1442,0.2152,0.0747,-0.0868,0.0500,-0.1854,0.0108,0.1711,-0.1359,1.5237,-0.5593,0.0000,17.6568,-11.4259,-18.1613
53858364,0.0081,-0.0049,0.1781,-0.1038,0.2308,0.0714,-0.0793,-0.0200,-0.1846,0.0103,0.1422,-0.0956,1.8005,-0.5593,0.0000,17.6731,-11.4282,-18.1613
53863364,0.0089,-0.0054,0.1927,-0.0831,0.2045,0.0777,-0.0775,-0.0200,-0.1839,0.0101,0.1444,-0.0530,1.8005,-2.0137,0.0488,17.6803,-11.4665,-18.1602
53868364,0.0099,-0.0057,0.2224,-0.0822,0.1572,0.0883,-0.0827,-0.0500,-0.1831,0.0098,0.1541,-0.0515,2.9771,-2.0137,0.0488,17.7176,-11.4746,-18.1600
53873364,0.0111,-0.0064,0.2498,-0.0883,0.1169,0.1000,-0.0908,-0.0500,-0.1823,0.0096,0.1733,-0.0459,3.0242,-2.8399,1.6220,17.7305,-11.5057,-18.1254
53878364,0.0123,-0.0069,0.1903,-0.0712,0.1639,0.0882,-0.0839,-0.0500,-0.1818,0.0094,0.1024,-0.0289,3.6824,-2.8399,1.6744,17.7651,-11.5171,-18.1177
53883364,0.0131,-0.0072,0.1316,-0.0272,0.1837,0.0750,-0.0682,-0.0500,-0.1817,0.0096,0.0211,0.0290,4.5276,-3.7751,1.6744,17.7993,-11.5569,-18.1076
53888364,0.0136,-0.0072,0.0602,0.0232,0.2085,0.0568,-0.0478,0.0200,-0.1820,0.0101,-0.0750,0.0932,5.4970,-4.7001,1.6744,17.8483,-11.5926,-18.1010
53893365,0.0137,-0.0070,-0.0330,0.0678,0.1871,0.0327,-0.0245,0.0200,-0.1830,0.0108,-0.1827,0.1465,6.0541,-5.2804,1.6744,17.8825,-11.6341,-18.0909
53898365,0.0132,-0.0067,-0.1292,0.1045,0.1483,0.0075,0.0001,-0.0133,-0.1843,0.0118,-0.2765,0.2121,6.6078,-5.5601,1.6744,17.9318,-11.6608,-18.0842
53903365,0.0123,-0.0060,-0.2205,0.1680,0.1340,-0.0500,0.0500,-0.0157,-0.1862,0.0132,-0.3809,0.2790,7.1426,-5.8957,1.5641,17.9696,-11.7028,-18.0765
53908365,0.0111,-0.0051,-0.2908,0.2166,0.1199,-0.0500,0.0500,-0.0182,-0.1876,0.0144,-0.2802,0.2349,7.2837,-6.0896,1.2331,18.0156,-11.7309,-18.0775
53913365,0.0095,-0.0041,-0.3396,0.2535,0.1282,-0.0500,0.0500,-0.0174,-0.1894,0.0156,-0.3500,0.2356,6.9456,-5.2117,-1.2061,18.0379,-11.7485,-18.1252
53918365,0.0076,-0.0025,-0.3708,0.2822,0.1706,-0.0500,0.0500,-0.0218,-0.1913,0.0169,-0.3812,0.2643,6.8330,-4.2823,-1.2061,18.0766,-11.7488,-18.1300
53923365,0.0057,-0.0010,-0.3803,0.2837,0.2042,0.0200,-0.0200,-0.0231,-0.1933,0.0182,-0.3906,0.2658,6.1329,-4.1790,-1.2061,18.0892,-11.7719,-18.1373
53928364,0.0041,0.0005,-0.3195,0.2618,0.1853,0.0200,-0.0200,-0.0275,-0.1949,0.0195,-0.3299,0.2438,4.5172,-2.8881,-1.2061,18.0886,-11.7608,-18.1421
53933365,0.0026,0.0014,-0.2618,0.1946,0.1550,-0.0645,0.0763,-0.0178,-0.1967,0.0204,-0.3561,0.1910,3.7094,-1.6488,-1.8896,18.0889,-11.7484,-18.1650
53938365,0.0015,0.0022,-0.2007,0.1381,0.1511,-0.0521,0.0603,-0.0139,-0.1981,0.0211,-0.2757,0.1298,2.7400,-1.3390,-1.8896,18.0887,-11.7482,-18.1726
53943364,0.0007,0.0028,-0.1561,0.0907,0.1285,-0.0431,0.0475,-0.0093,-0.1992,0.0215,-0.2196,0.0771,2.2554,-0.9775,-1.8896,18.0890,-11.7480,-18.1839
53948364,0.0000,0.0031,-0.1057,0.0412,0.1147,-0.0319,0.0323,-0.0048,-0.1999,0.0216,-0.1577,0.0253,1.6630,-0.8226,-1.8896,18.0888,-11.7485,-18.1915
53953365,-0.0004,0.0032,-0.0733,0.0009,0.1807,-0.0258,0.0194,-0.0006,-0.2005,0.0215,-0.1175,-0.0173,1.3398,-0.6161,-1.8342,18.0883,-11.7486,-18.2017
53958365,-0.0006,0.0030,-0.0024,-0.0498,0.2262,-0.0085,-0.0016,0.0014,-0.2007,0.0212,-0.0373,-0.0645,1.0167,-0.5128,-1.5019,18.0889,-11.7488,-18.2017
53963365,-0.0003,0.0023,0.0776,-0.1286,0.2198,0.0500,-0.0500,0.0500,-0.2005,0.0205,0.0511,-0.1399,0.8013,-0.3579,-1.1143,18.0883,-11.7483,-18.2018
53968364,0.0003,0.0015,0.1481,-0.1726,0.1049,0.0500,-0.0500,0.0500,-0.1997,0.0196,0.1481,-0.1726,0.5859,-0.3063,-0.8928,18.0882,-11.7486,-18.2015
53973364,0.0017,0.0003,0.2453,-0.2022,0.1495,0.0500,-0.0500,0.0500,-0.1985,0.0186,0.2453,-0.2022,0.4782,-0.2030,-0.6712,18.0883,-11.7481,-18.2018
53978365,0.0031,-0.0009,0.2950,-0.1958,0.2549,0.0500,-0.0500,0.0500,-0.1970,0.0176,0.2950,-0.1958,0.3705,-0.2030,-0.5605,18.0887,-11.7489,-18.2020
53983365,0.0045,-0.0019,0.3247,-0.1885,0.2662,-0.0200,0.0200,-0.0200,-0.1954,0.0167,0.3247,-0.1885,0.3166,-0.1514,-0.3943,18.0890,-11.7488,-18.2016
53988364,0.0062,-0.0029,0.3381,-0.1594,0.1972,-0.0200,0.0200,-0.0200,-0.1937,0.0159,0.3381,-0.1594,0.2089,-0.1514,0.8300,18.0884,-11.7494,-18.1769
53993364,0.0082,-0.0038,0.3470,-0.1549,0.1602,0.1187,-0.1076,-0.0500,-0.1919,0.0152,0.3546,-0.1294,0.2628,-0.1514,1.5623,18.0904,-11.7503,-18.1536
53998364,0.0099,-0.0046,0.2996,-0.1350,0.2118,0.1120,-0.1051,-0.0500,-0.1905,0.0146,0.2933,-0.1319,0.2628,-0.2064,2.2965,18.0920,-11.7520,-18.1321
54003364,0.0115,-0.0054,0.2749,-0.1274,0.2778,0.1099,-0.1047,-0.0500,-0.1892,0.0141,0.2525,-0.0963,0.2628,-2.0768,2.6111,18.0931,-11.7977,-18.1102
54008364,0.0126,-0.0061,0.2254,-0.1038,0.1975,0.1016,-0.0965,-0.0500,-0.1883,0.0137,0.1822,-0.0728,1.4698,-2.0768,2.6111,18.1207,-11.8061,-18.0998
54013365,0.0139,-0.0068,0.2434,-0.0785,0.0426,0.1128,-0.0959,0.0200,-0.1873,0.0135,0.1971,-0.0475,1.6555,-2.0768,2.6111,18.1309,-11.8185,-18.0841
54018365,0.0152,-0.0072,0.2886,-0.0440,0.1303,0.1264,-0.0974,0.0200,-0.1862,0.0135,0.2177,-0.0036,2.7630,-2.7096,2.4456,18.1645,-11.8409,-18.0771
54023364,0.0166,-0.0073,0.2795,-0.0589,0.2128,0.1294,-0.1020,-0.0355,-0.1851,0.0135,0.2180,0.0151,2.7630,-3.2900,1.6815,18.1755,-11.8691,-18.0797
54028364,0.0180,-0.0077,0.2376,-0.0739,0.1550,0.1225,-0.1037,-0.0248,-0.1844,0.0134,0.1396,-0.0234,3.9931,-3.3955,0.0000,18.2207,-11.8848,-18.1097
54033364,0.0192,-0.0081,0.1939,-0.0605,0.0927,0.1149,-0.0970,-0.0215,-0.1841,0.0134,0.0672,-0.0057,4.7925,-4.4023,-0.7341,18.2545,-11.9280,-18.1281
54038364,0.0200,-0.0085,0.1252,-0.0272,0.1089,0.0989,-0.0824,-0.0207,-0.1842,0.0136,-0.0241,0.0398,5.6939,-5.2264,-0.7341,18.3045,-11.9630,-18.1311
54043364,0.0205,-0.0086,0.0620,0.0177,0.1721,0.0824,-0.0653,-0.0237,-0.1848,0.0141,-0.1089,0.0947,6.6095,-5.8977,-0.7341,18.3477,-12.0094,-18.1355
54048364,0.0207,-0.0084,0.0027,0.0681,0.2131,0.0658,-0.0456,-0.0284,-0.1857,0.0148,-0.1943,0.1540,7.8221,-6.5029,-0.7341,18.4149,-12.0456,-18.1384
54053364,0.0208,-0.0079,-0.0302,0.1234,0.1938,0.0566,-0.0271,-0.0369,-0.1870,0.0159,-0.2476,0.2043,8.2500,-7.0870,-1.6618,18.4549,-12.0976,-18.1650
54058364,0.0206,-0.0073,-0.0571,0.1539,0.1135,0.0492,-0.0130,-0.0405,-0.1884,0.0171,-0.2874,0.2396,8.8401,-7.4036,-1.6618,18.5184,-12.1329,-18.1716
54063365,0.0204,-0.0066,-0.0751,0.1432,0.1199,0.0432,-0.0095,-0.0383,-0.1900,0.0182,-0.3151,0.2339,9.2345,-7.7392,-1.6618,18.5628,-12.1847,-18.1816
54068365,0.0202,-0.0058,-0.0849,0.1487,0.1682,0.0383,-0.0046,-0.0401,-0.1917,0.0194,-0.3377,0.2294,9.5966,-7.7876,-2.3817,18.6265,-12.2166,-18.2033
54073364,0.0200,-0.0051,-0.0956,0.1564,0.1288,0.0354,0.0010,-0.0414,-0.1934,0.0205,-0.3445,0.2285,9.6520,-7.2196,-2.3817,18.6660,-12.2513,-18.2176
54078364,0.0196,-0.0043,-0.1261,0.1686,0.0888,0.0265,0.0500,-0.0414,-0.1953,0.0217,-0.3759,0.2407,9.7054,-7.2196,-2.3817,18.7251,-12.2802,-18.2271
54083364,0.0191,-0.0034,-0.1405,0.1637,0.1156,0.0253,0.0500,-0.0356,-0.1969,0.0223,-0.3275,0.1189,9.3763,-6.5595,-2.9566,18.7570,-12.3083,-18.2543
54088364,0.0184,-0.0025,-0.1344,0.1494,0.1798,0.0237,0.0500,-0.0360,-0.1985,0.0228,-0.3175,0.1046,9.1509,-6.5595,-2.9566,18.8082,-12.3345,-18.2661
54093365,0.0177,-0.0018,-0.1304,0.1246,0.1792,0.0217,0.0500,-0.0317,-0.2001,0.0232,-0.3148,0.0713,8.9355,-5.1478,-3.5378,18.8404,-12.3410,-18.2977
54098365,0.0170,-0.0011,-0.1338,0.0968,0.1053,0.0198,-0.0200,-0.0255,-0.2016,0.0234,-0.3109,0.0436,8.5177,-5.1478,-3.5378,18.8850,-12.3615,-18.3119
54103365,0.0165,-0.0007,-0.1344,0.0687,0.0973,0.0177,-0.0200,-0.0193,-0.2032,0.0235,-0.3106,0.0090,8.2408,-4.1981,-3.9791,18.9135,-12.3715,-18.3440
54108365,0.0159,-0.0004,-0.1249,0.0257,0.2183,0.0142,-0.0500,-0.0150,-0.2048,0.0235,-0.3271,0.0179,8.0193,-3.4595,-3.9791,18.9572,-12.3720,-18.3599
54113364,0.0153,-0.0007,-0.1206,-0.0837,0.1767,0.0162,-0.0500,0.0500,-0.2062,0.0229,-0.2834,-0.1395,7.5915,-2.5627,-3.7169,18.9796,-12.3720,-18.3781
54118365,0.0147,-0.0012,-0.1081,-0.1374,0.1098,0.0214,-0.0500,0.0500,-0.2074,0.0222,-0.2267,-0.1381,6.8861,-1.3780,-3.7169,19.0093,-12.3567,-18.3929
54123365,0.0143,-0.0020,-0.0971,-0.1830,0.1019,0.0226,-0.0500,0.0500,-0.2084,0.0212,-0.2158,-0.1835,6.8861,-0.6965,-3.4728,19.0368,-12.3479,-18.4102
54128364,0.0139,-0.0029,-0.1017,-0.2144,0.1679,0.0199,0.0200,0.0500,-0.2095,0.0202,-0.2097,-0.2149,6.2664,-0.6965,-2.8381,19.0628,-12.3507,-18.4100
54133364,0.0136,-0.0042,-0.1139,-0.2349,0.2115,0.0149,0.0200,-0.0200,-0.2106,0.0190,-0.2220,-0.2354,6.2664,-0.6965,-2.1057,19.0879,-12.3549,-18.4101
54138364,0.0130,-0.0056,-0.1252,-0.2254,0.2082,0.0099,-0.0760,-0.0200,-0.2118,0.0180,-0.2322,-0.2035,5.4586,-1.4879,-1.7152,19.1057,-12.3755,-18.4099
54143364,0.0124,-0.0069,-0.1170,-0.2169,0.2207,0.0089,-0.0794,0.0620,-0.2129,0.0169,-0.2297,-0.2092,5.3193,-1.4879,-0.9575,19.1247,-12.3845,-18.4035
54148365,0.0118,-0.0081,-0.1035,-0.1979,0.2387,0.0116,-0.0796,0.0589,-0.2139,0.0161,-0.1920,-0.1674,4.6693,-1.4879,0.5768,19.1406,-12.3904,-18.3737
54153365,0.0114,-0.0091,-0.0724,-0.1582,0.2351,0.0179,-0.0775,0.0506,-0.2147,0.0155,-0.1618,-0.1260,4.6693,-1.5997,0.5768,19.1593,-12.4016,-18.3702
54158365,0.0115,-0.0097,0.0104,-0.0538,0.1413,0.0408,-0.0654,0.0192,-0.2150,0.0154,-0.0690,-0.0089,3.6726,-2.4387,0.5768,19.1645,-12.4273,-18.3679
54163364,0.0115,-0.0100,0.0263,-0.0192,0.1202,0.0453,-0.0608,0.0109,-0.2153,0.0155,-0.0531,0.0256,3.6726,-2.4387,0.5768,19.1792,-12.4419,-18.3645
54168364,0.0119,-0.0101,0.0290,-0.0055,0.1153,0.0478,-0.0579,0.0056,-0.2155,0.0159,-0.0469,0.0612,3.6726,-2.9720,1.5146,19.2013,-12.4627,-18.3425
54173364,0.0122,-0.0102,0.0040,-0.0043,0.1025,0.0434,-0.0548,0.0075,-0.2158,0.0162,-0.0635,0.0723,3.5121,-2.9720,2.1766,19.2127,-12.4806,-18.3167
54178365,0.0122,-0.0101,-0.0330,-0.0012,0.1138,0.0346,-0.0489,0.0100,-0.2163,0.0167,-0.0952,0.0903,3.1912,-3.4884,2.6609,19.2258,-12.5038,-18.2989
54183364,0.0120,-0.0102,-0.0461,0.0440,0.1550,0.0303,-0.0374,0.0011,-0.2168,0.0174,-0.1042,0.1427,3.1912,-3.4884,3.1453,19.2386,-12.5247,-18.2694
54188364,0.0118,-0.0100,-0.0544,0.0846,0.1831,0.0267,-0.0260,-0.0500,-0.2174,0.0183,-0.1152,0.1924,3.0502,-4.0935,3.1453,19.2546,-12.5522,-18.2569
54193364,0.0116,-0.0096,-0.0324,0.1280,0.2082,0.0288,-0.0195,-0.0500,-0.2180,0.0193,-0.1230,0.1942,3.0502,-4.4343,3.0407,19.2668,-12.5837,-18.2404
54198365,0.0115,-0.0090,-0.0125,0.1643,0.2134,0.0333,-0.0118,-0.0500,-0.2186,0.0205,-0.1040,0.2320,3.0502,-4.5316,3.0407,19.2851,-12.6038,-18.2283
54203364,0.0117,-0.0080,0.0064,0.1839,0.1178,0.0403,-0.0061,-0.0500,-0.2190,0.0217,-0.0838,0.2460,3.1629,-4.1623,3.0407,19.2999,-12.6232,-18.2100
54208365,0.0119,-0.0071,-0.0018,0.1775,0.0848,0.0394,-0.0032,0.0200,-0.2194,0.0229,-0.0921,0.2396,3.1629,-4.1623,2.8192,19.3188,-12.6398,-18.2025
54213365,0.0120,-0.0063,-0.0312,0.1665,0.0964,0.0322,0.0004,0.0200,-0.2200,0.0240,-0.1214,0.2286,3.1629,-4.1623,2.0439,19.3315,-12.6648,-18.2035
54218364,0.0120,-0.0055,-0.0559,0.1802,0.1593,0.0261,0.0500,-0.0413,-0.2207,0.0253,-0.1321,0.2548,3.2706,-3.6589,1.3489,19.3531,-12.6707,-18.2100
54223365,0.0118,-0.0046,-0.0730,0.1863,0.1865,0.0220,0.0500,-0.0386,-0.2214,0.0262,-0.1352,0.1760,3.2706,-2.7081,-0.6794,19.3662,-12.6708,-18.2498
54228365,0.0114,-0.0036,-0.0745,0.1692,0.1627,0.0202,0.0500,-0.0368,-0.2221,0.0270,-0.1351,0.1589,3.1777,-2.2047,-0.6794,19.3836,-12.6706,-18.2525
54233365,0.0110,-0.0027,-0.0501,0.1576,0.1847,0.0246,0.0500,-0.0400,-0.2226,0.0277,-0.1107,0.1473,3.1777,-1.6453,-0.6794,19.3964,-12.6709,-18.2566
54238364,0.0108,-0.0020,-0.0037,0.1487,0.2241,0.0352,-0.0200,-0.0468,-0.2229,0.0284,-0.0633,0.1385,3.1223,-1.3657,-0.6794,19.4143,-12.6713,-18.2593
54243365,0.0109,-0.0014,0.0342,0.1249,0.2030,0.0450,-0.0200,-0.0480,-0.2230,0.0290,-0.0254,0.1146,3.1223,-0.9741,-0.6794,19.4268,-12.6704,-18.2634
54248365,0.0111,-0.0011,0.0434,0.0244,0.1266,0.0482,-0.0500,-0.0271,-0.2232,0.0291,-0.0307,0.0118,3.1223,-0.7536,-1.5996,19.4455,-12.6696,-18.2855
54253365,0.0114,-0.0012,0.0348,-0.0449,0.0940,0.0479,-0.0500,-0.0101,-0.2234,0.0287,-0.0341,-0.0696,3.1758,1.5300,-1.6480,19.4591,-12.6213,-18.2964
54258365,0.0115,-0.0016,0.0287,-0.1112,0.0677,0.0470,-0.0500,0.0500,-0.2236,0.0280,-0.0429,-0.1359,3.3363,1.5300,-1.6480,19.4822,-12.6152,-18.3030
54263365,0.0115,-0.0023,0.0134,-0.1469,0.0549,0.0442,-0.0500,0.0500,-0.2238,0.0273,-0.0473,-0.1472,3.5244,1.5300,-1.6480,19.4994,-12.6060,-18.3129
54268364,0.0117,-0.0031,0.0192,-0.1830,0.1031,0.0460,0.0200,0.0500,-0.2240,0.0264,-0.0415,-0.1832,3.5244,1.5300,-1.6480,19.5205,-12.5999,-18.3194
54273364,0.0120,-0.0039,0.0223,-0.1915,0.1807,0.0463,0.0200,0.0500,-0.2243,0.0254,-0.0453,-0.1918,3.9188,0.0528,-1.4825,19.5430,-12.6230,-18.3259
54278364,0.0122,-0.0051,0.0241,-0.1967,0.1947,0.0475,-0.0881,-0.0200,-0.2245,0.0244,-0.0430,-0.1978,3.9188,0.0528,-1.2067,19.5665,-12.6228,-18.3257
54283364,0.0122,-0.0062,0.0275,-0.2059,0.2024,0.0476,-0.0942,-0.0200,-0.2247,0.0234,-0.0462,-0.2070,4.2957,0.0528,-0.8757,19.5898,-12.6224,-18.3254
54288364,0.0123,-0.0073,0.0400,-0.1839,0.2555,0.0508,-0.0956,0.0350,-0.2249,0.0225,-0.0312,-0.1807,4.2957,0.0528,0.2906,19.6156,-12.6222,-18.3040
54293365,0.0126,-0.0085,0.0651,-0.1781,0.3191,0.0564,-0.0992,0.0306,-0.2250,0.0218,-0.0215,-0.1292,4.4814,-2.1814,1.1139,19.6370,-12.6741,-18.2818
54298365,0.0130,-0.0093,0.0599,-0.1109,0.2345,0.0576,-0.0860,0.0195,-0.2251,0.0216,-0.0288,-0.0574,4.7583,-2.1814,1.4275,19.6698,-12.6828,-18.2710
54303364,0.0134,-0.0098,0.0522,-0.0666,0.1755,0.0586,-0.0768,0.0115,-0.2253,0.0216,-0.0284,0.0009,4.7583,-2.1814,2.3682,19.6889,-12.6959,-18.2391
54308364,0.0138,-0.0101,0.0412,-0.0055,0.1877,0.0565,-0.0636,-0.0001,-0.2255,0.0219,-0.0468,0.0619,5.1862,-2.1814,2.3682,19.7273,-12.7046,-18.2296
54313364,0.0141,-0.0101,0.0269,0.0305,0.2183,0.0537,-0.0542,-0.0500,-0.2258,0.0224,-0.0608,0.1114,5.3743,-2.4238,3.0328,19.7520,-12.7238,-18.2016
54318365,0.0142,-0.0100,-0.0043,0.0583,0.2009,0.0446,-0.0458,-0.0500,-0.2264,0.0229,-0.1208,0.0942,5.5433,-2.4238,3.0328,19.7876,-12.7335,-18.1895
54323364,0.0143,-0.0097,-0.0220,0.0971,0.1596,0.0407,-0.0329,-0.0500,-0.2271,0.0236,-0.1439,0.1407,5.5996,-2.9402,3.0328,19.8111,-12.7606,-18.1713
54328365,0.0143,-0.0092,-0.0467,0.1310,0.1401,0.0342,-0.0203,-0.0500,-0.2280,0.0245,-0.1723,0.1746,5.8150,-2.9402,3.2281,19.8494,-12.7723,-18.1565
54333364,0.0140,-0.0086,-0.0782,0.1597,0.1498,0.0249,-0.0072,0.0200,-0.2290,0.0255,-0.2071,0.2091,5.8150,-3.3252,3.2281,19.8727,-12.7983,-18.1355
54338364,0.0137,-0.0079,-0.1100,0.1845,0.1816,0.0154,0.0500,0.0200,-0.2302,0.0267,-0.2340,0.2339,5.5365,-3.3252,3.1756,19.9006,-12.8116,-18.1253
54343365,0.0132,-0.0068,-0.1365,0.2398,0.1749,0.0106,0.0500,-0.0386,-0.2312,0.0280,-0.2136,0.2613,5.2042,-3.3252,1.4831,19.9157,-12.8315,-18.1426
54348365,0.0127,-0.0057,-0.1378,0.2627,0.1428,0.0080,0.0500,-0.0446,-0.2324,0.0293,-0.2240,0.2683,5.2042,-2.9358,0.4090,19.9469,-12.8366,-18.1611
54353365,0.0119,-0.0044,-0.1393,0.2498,0.1275,0.0047,0.0500,-0.0443,-0.2335,0.0306,-0.2227,0.2541,4.9903,-2.1569,0.3113,19.9634,-12.8362,-18.1607
54358365,0.0113,-0.0031,-0.1225,0.2315,0.1660,0.0069,-0.0200,-0.0466,-0.2345,0.0318,-0.1933,0.2351,4.2416,-1.7675,0.2625,19.9750,-12.8364,-18.1607
54363365,0.0108,-0.0020,-0.1014,0.1857,0.2082,0.0096,-0.0200,-0.0425,-0.2353,0.0327,-0.1731,0.1879,4.2416,-1.3294,0.1649,19.9920,-12.8368,-18.1612
54368364,0.0104,-0.0013,-0.0809,0.1109,0.1560,0.0144,0.0104,-0.0307,-0.2360,0.0333,-0.1445,0.1243,3.3952,-0.7495,0.1649,19.9986,-12.8299,-18.1606
54373364,0.0100,-0.0009,-0.0699,0.0431,0.0723,0.0185,-0.0500,-0.0159,-0.2366,0.0335,-0.1084,0.0298,2.7839,0.9902,0.1161,19.9987,-12.7923,-18.1608
54378365,0.0096,-0.0009,-0.0565,-0.0119,0.0607,0.0210,-0.0500,-0.0060,-0.2370,0.0334,-0.0909,-0.0110,2.0316,0.9902,0.0672,19.9981,-12.7884,-18.1613
54383365,0.0094,-0.0009,-0.0470,-0.0367,0.0772,0.0224,-0.0500,-0.0015,-0.2374,0.0333,-0.0798,-0.0358,1.9375,0.9902,0.0672,20.0041,-12.7824,-18.1609
54388364,0.0092,-0.0014,-0.0235,-0.1210,0.1975,0.0259,-0.0500,0.0500,-0.2377,0.0327,-0.0563,-0.1201,1.9375,0.9902,0.0672,20.0157,-12.7785,-18.1607
54393365,0.0093,-0.0022,0.0257,-0.1753,0.1804,0.0388,0.0200,0.0500,-0.2378,0.0318,-0.0077,-0.1754,1.9375,0.9902,0.0000,20.0234,-12.7725,-18.1613
54398365,0.0095,-0.0032,0.0476,-0.2257,0.1358,0.0456,0.0200,0.0500,-0.2377,0.0307,0.0142,-0.2258,1.9375,0.9902,0.0000,20.0351,-12.7686,-18.1613
54403364,0.0098,-0.0046,0.0736,-0.2428,0.1199,0.0539,-0.0979,0.0500,-0.2375,0.0295,0.0408,-0.2372,1.7122,-0.3851,0.0000,20.0381,-12.7960,-18.1613
54408364,0.0102,-0.0060,0.0733,-0.2208,0.1627,0.0551,-0.0992,-0.0200,-0.2373,0.0284,0.0443,-0.2152,1.4868,-0.3851,0.0000,20.0428,-12.7975,-18.1613
54413365,0.0106,-0.0071,0.0809,-0.1689,0.2497,0.0576,-0.0946,-0.0200,-0.2370,0.0276,0.0520,-0.1632,1.4868,-0.3851,0.0488,20.0488,-12.7998,-18.1601
54418365,0.0111,-0.0080,0.0812,-0.1326,0.3026,0.0592,-0.0914,0.0205,-0.2367,0.0270,0.0549,-0.1223,1.4868,-0.3851,0.3110,20.0577,-12.8014,-18.1546
54423364,0.0114,-0.0087,0.0932,-0.1246,0.2940,0.0631,-0.0910,0.0166,-0.2364,0.0266,0.0605,-0.0708,1.7561,-1.9429,1.6744,20.0691,-12.8378,-18.1187
54428365,0.0120,-0.0095,0.0852,-0.1118,0.2528,0.0628,-0.0900,0.0175,-0.2362,0.0263,0.0386,-0.0580,2.5639,-1.9429,1.6744,20.0998,-12.8456,-18.1129
54433364,0.0126,-0.0102,0.0996,-0.0877,0.1682,0.0692,-0.0867,0.0111,-0.2360,0.0263,0.0445,-0.0041,3.2603,-2.7342,2.8880,20.1246,-12.8742,-18.0758
54438365,0.0132,-0.0103,0.0907,0.0324,0.1288,0.0697,-0.0603,-0.0500,-0.2358,0.0269,0.0349,0.1159,3.3067,-2.7342,2.8880,20.1454,-12.8851,-18.0657
54443364,0.0136,-0.0101,0.0690,0.0709,0.1104,0.0629,-0.0497,-0.0500,-0.2360,0.0275,-0.0316,0.1266,3.9712,-3.7410,3.6145,20.1739,-12.9234,-18.0309
54448364,0.0140,-0.0097,0.0250,0.0977,0.1077,0.0525,-0.0370,-0.0500,-0.2364,0.0283,-0.0866,0.1534,4.6130,-3.7410,3.6145,20.2110,-12.9383,-18.0182
54453364,0.0141,-0.0092,-0.0177,0.1112,0.1089,0.0417,-0.0263,-0.0500,-0.2371,0.0292,-0.1375,0.1778,4.7199,-4.4682,3.7190,20.2320,-12.9788,-17.9924
54458365,0.0140,-0.0087,-0.0657,0.1234,0.1098,0.0285,-0.0149,0.0200,-0.2381,0.0301,-0.1946,0.1962,5.0491,-4.8813,3.7190,20.2683,-13.0057,-17.9794
54463365,0.0136,-0.0081,-0.0950,0.1665,0.1254,0.0189,0.0010,0.0200,-0.2392,0.0313,-0.2298,0.2392,5.3871,-4.8813,3.7190,20.2958,-13.0350,-17.9552
54468365,0.0131,-0.0074,-0.1112,0.1845,0.1532,0.0145,0.0500,-0.0326,-0.2403,0.0329,-0.2194,0.3066,5.3871,-4.9913,3.2206,20.3282,-13.0570,-17.9529
54473364,0.0125,-0.0064,-0.1002,0.2227,0.2057,0.0163,0.0500,-0.0405,-0.2412,0.0342,-0.1769,0.2569,5.6025,-4.9913,2.3345,20.3547,-13.0870,-17.9527
54478364,0.0122,-0.0053,-0.0993,0.2422,0.2192,0.0155,0.0500,-0.0480,-0.2421,0.0355,-0.1736,0.2707,5.2776,-4.0664,1.9469,20.3812,-13.0865,-17.9530
54483365,0.0119,-0.0039,-0.0993,0.2663,0.1456,0.0135,0.0500,-0.0536,-0.2430,0.0368,-0.1939,0.2598,5.2776,-3.9204,-0.4181,20.4023,-13.1072,-17.9941
54488365,0.0115,-0.0026,-0.1081,0.2648,0.1755,0.0101,-0.0200,-0.0565,-0.2440,0.0381,-0.1963,0.2544,4.7792,-3.2875,-0.6794,20.4225,-13.1097,-18.0016
54493364,0.0110,-0.0012,-0.1084,0.2340,0.2177,0.0075,-0.0200,-0.0538,-0.2450,0.0392,-0.1966,0.2236,4.7792,-1.4863,-0.6794,20.4417,-13.0870,-18.0060
54498365,0.0105,-0.0001,-0.1069,0.1936,0.2155,0.0053,0.0354,-0.0490,-0.2460,0.0402,-0.1998,0.2012,4.4583,-1.1943,-0.6794,20.4637,-13.0864,-18.0084
54503364,0.0100,0.0005,-0.1127,0.1002,0.1175,0.0034,0.0191,-0.0270,-0.2470,0.0407,-0.2019,0.0911,3.9770,-0.9022,-1.5027,20.4705,-13.0868,-18.0301
54508364,0.0095,0.0007,-0.1017,0.0061,0.0423,0.0062,-0.0500,-0.0052,-0.2479,0.0405,-0.1790,-0.0307,3.9770,0.7152,-1.7449,20.4943,-13.0558,-18.0409
54513364,0.0091,0.0005,-0.1011,-0.0641,0.0307,0.0050,-0.0500,0.0500,-0.2488,0.0401,-0.1749,-0.0903,3.4127,1.2653,-1.7449,20.4982,-13.0376,-18.0523
54518364,0.0086,0.0001,-0.0840,-0.1179,0.0448,0.0097,-0.0500,0.0500,-0.2494,0.0395,-0.1274,-0.1180,2.5193,1.2653,-1.7449,20.4981,-13.0325,-18.0584
54523365,0.0082,-0.0007,-0.0678,-0.1597,0.1068,0.0117,-0.0500,0.0500,-0.2499,0.0387,-0.1039,-0.1598,2.0961,1.2653,-1.7449,20.4989,-13.0249,-18.0697
54528365,0.0079,-0.0019,-0.0495,-0.2743,0.1578,0.0153,0.0200,0.0500,-0.2503,0.0373,-0.0759,-0.2744,1.5319,1.2653,-1.7449,20.4984,-13.0199,-18.0758
54533365,0.0077,-0.0033,-0.0360,-0.3189,0.1413,0.0185,0.0200,-0.0200,-0.2506,0.0357,-0.0576,-0.3189,1.2498,0.3301,-1.2484,20.4984,-13.0319,-18.0756
54538365,0.0077,-0.0052,-0.0250,-0.3235,0.1190,0.0215,-0.1012,-0.0200,-0.2508,0.0341,-0.0438,-0.3186,0.9206,-0.3301,-1.0829,20.4984,-13.0459,-18.0764
54543364,0.0076,-0.0068,-0.0101,-0.2663,0.1376,0.0251,-0.0961,0.0657,-0.2510,0.0328,-0.0235,-0.2564,0.7795,-0.3301,0.3390,20.4989,-13.0479,-18.0521
54548364,0.0077,-0.0079,0.0232,-0.1781,0.1932,0.0337,-0.0854,0.0443,-0.2509,0.0320,0.0181,-0.1566,0.6855,-0.3301,1.1139,20.5012,-13.0492,-18.0335
54553365,0.0078,-0.0088,0.0553,-0.1356,0.2201,0.0418,-0.0834,0.0331,-0.2506,0.0315,0.0472,-0.1091,0.6855,-0.6708,1.1139,20.5039,-13.0581,-18.0263
54558364,0.0082,-0.0093,0.0944,-0.1307,0.2155,0.0531,-0.0876,0.0262,-0.2502,0.0311,0.0831,-0.0720,0.6855,-1.9365,2.0024,20.5080,-13.0891,-18.0037
54563365,0.0089,-0.0099,0.1164,-0.1436,0.1547,0.0622,-0.0955,0.0274,-0.2497,0.0307,0.1069,-0.0818,0.6855,-1.9365,2.2114,20.5108,-13.1007,-17.9852
54568364,0.0097,-0.0108,0.1234,-0.1588,0.0432,0.0679,-0.1021,0.0326,-0.2492,0.0303,0.1042,-0.0852,0.8545,-2.7279,2.2114,20.5183,-13.1258,-17.9775
54573365,0.0103,-0.0118,0.1054,-0.1396,0.0610,0.0649,-0.0990,0.0318,-0.2488,0.0301,0.0758,-0.0503,1.7560,-2.9516,3.0421,20.5424,-13.1467,-17.9434
54578365,0.0107,-0.0120,0.0434,-0.0006,0.1355,0.0492,-0.0623,0.0079,-0.2487,0.0306,0.0061,0.1020,1.7560,-3.8465,3.0421,20.5529,-13.1791,-17.9327
54583364,0.0109,-0.0119,0.0073,0.0553,0.1547,0.0405,-0.0445,-0.0500,-0.2489,0.0315,-0.0324,0.1797,1.7560,-4.7192,3.6280,20.5599,-13.2225,-17.8989
54588364,0.0110,-0.0116,-0.0308,0.0880,0.0915,0.0278,-0.0315,-0.0500,-0.2495,0.0323,-0.1263,0.1693,2.8331,-5.4421,3.7853,20.5955,-13.2574,-17.8826
54593365,0.0109,-0.0112,-0.0638,0.1069,0.0484,0.0191,-0.0203,-0.0500,-0.2504,0.0333,-0.1649,0.1981,2.8331,-6.1023,4.1000,20.6068,-13.3049,-17.8503
54598365,0.0105,-0.0108,-0.0929,0.1399,0.0802,0.0096,-0.0067,-0.0500,-0.2514,0.0345,-0.2021,0.2384,3.0652,-6.5891,4.1000,20.6287,-13.3394,-17.8355
54603365,0.0101,-0.0101,-0.1151,0.1802,0.1111,0.0017,0.0500,0.0200,-0.2525,0.0359,-0.2244,0.2787,3.0652,-6.5891,3.3276,20.6410,-13.3789,-17.8265
54608365,0.0095,-0.0092,-0.1286,0.2227,0.0790,0.0008,0.0500,0.0200,-0.2534,0.0370,-0.1815,0.2225,3.0652,-6.5891,2.7760,20.6593,-13.4053,-17.8266
54613364,0.0089,-0.0083,-0.1332,0.2468,0.0093,0.0000,0.0500,-0.0272,-0.2542,0.0384,-0.1623,0.2764,2.6776,-5.6382,2.0037,20.6633,-13.4238,-17.8269
54618364,0.0083,-0.0069,-0.1384,0.2422,-0.0099,-0.0500,0.0500,-0.0287,-0.2550,0.0397,-0.1578,0.2670,1.9577,-5.6382,1.6727,20.6627,-13.4464,-17.8269
54623365,0.0076,-0.0057,-0.1439,0.2092,0.0429,-0.0500,-0.0200,-0.0250,-0.2557,0.0409,-0.1333,0.2275,1.6255,-4.7656,1.2314,20.6632,-13.4613,-17.8266
54628365,0.0070,-0.0047,-0.1381,0.1778,0.0891,-0.0500,-0.0200,-0.0215,-0.2563,0.0418,-0.1294,0.1928,1.1825,-3.8929,1.0107,20.6627,-13.4612,-17.8270
54633364,0.0063,-0.0038,-0.1283,0.1503,0.1340,-0.0500,0.0255,-0.0204,-0.2571,0.0428,-0.1467,0.2042,0.9610,-2.8748,0.7349,20.6626,-13.4611,-17.8270
54638365,0.0057,-0.0031,-0.1139,0.1118,0.1489,0.0200,0.0180,-0.0147,-0.2577,0.0436,-0.1291,0.1553,0.7395,-2.3416,0.5721,20.6633,-13.4609,-17.8278
54643364,0.0052,-0.0027,-0.0687,0.0702,0.1566,0.0200,0.0031,-0.0088,-0.2582,0.0440,-0.0959,0.0690,0.1645,-1.5361,-1.6256,20.6542,-13.4570,-17.8763
54648364,0.0049,-0.0024,-0.0611,0.0406,0.1602,0.0500,-0.0500,-0.0033,-0.2584,0.0440,-0.0515,0.0131,-1.2535,0.2237,-1.6256,20.6215,-13.4239,-17.8822
54653365,0.0048,-0.0024,-0.0608,-0.0009,0.0930,0.0500,-0.0500,0.0500,-0.2588,0.0439,-0.0748,-0.0251,-1.2535,0.3915,-1.6256,20.6165,-13.4182,-17.8925
54658364,0.0046,-0.0025,-0.0571,-0.0449,0.0402,0.0500,-0.0500,0.0500,-0.2591,0.0437,-0.0571,-0.0449,-2.0613,0.3915,-1.6256,20.5921,-13.4167,-17.8984
54663365,0.0044,-0.0027,-0.0385,-0.0770,0.0323,0.0500,-0.0500,0.0500,-0.2593,0.0433,-0.0385,-0.0770,-2.1690,0.3915,-1.6256,20.5813,-13.4143,-17.9088
54668365,0.0042,-0.0035,-0.0168,-0.1747,0.0136,-0.0200,0.0200,0.0500,-0.2594,0.0424,-0.0168,-0.1747,-1.2535,0.3356,-1.3815,20.5897,-13.4139,-17.9095
54673364,0.0041,-0.0043,0.0076,-0.1842,0.0231,-0.0200,0.0200,-0.0200,-0.2593,0.0415,0.0076,-0.1842,-1.0381,-0.0559,-1.0397,20.5894,-13.4218,-17.9103
54678364,0.0044,-0.0055,0.0195,-0.1903,0.0341,0.0230,-0.0727,-0.0200,-0.2592,0.0405,0.0323,-0.1894,-0.7688,-0.0559,-0.5262,20.5895,-13.4221,-17.9033
54683364,0.0043,-0.0065,0.0076,-0.1634,0.1040,0.0178,-0.0678,0.0460,-0.2591,0.0398,0.0075,-0.1435,0.2785,-0.3953,0.9439,20.6084,-13.4293,-17.8706
54688365,0.0042,-0.0075,0.0076,-0.1698,0.1291,0.0150,-0.0702,0.0503,-0.2592,0.0392,-0.0186,-0.1282,1.0678,-1.8497,0.9439,20.6297,-13.4630,-17.8672
54693364,0.0042,-0.0084,0.0299,-0.1939,0.1159,0.0211,-0.0813,0.0558,-0.2592,0.0384,0.0037,-0.1523,1.0678,-1.8497,0.9439,20.6340,-13.4741,-17.8611
54698364,0.0044,-0.0093,0.0421,-0.2043,0.1297,0.0245,-0.0887,0.0592,-0.2591,0.0376,0.0160,-0.1627,1.0678,-1.8497,0.9439,20.6404,-13.4815,-17.8577
54703365,0.0047,-0.0106,0.0247,-0.2135,0.0717,0.0221,-0.0909,0.0661,-0.2591,0.0369,-0.0012,-0.1429,1.4000,-2.4693,2.2678,20.6514,-13.5074,-17.8195
54708365,0.0049,-0.0117,0.0086,-0.1811,0.0301,0.0185,-0.0852,0.0655,-0.2593,0.0363,-0.0270,-0.1105,1.9538,-2.4693,2.2678,20.6739,-13.5173,-17.8113
54713364,0.0049,-0.0121,-0.0153,-0.0400,0.1013,0.0118,-0.0522,0.0365,-0.2595,0.0366,-0.0513,0.0575,1.9538,-3.4046,3.1396,20.6817,-13.5542,-17.7754
54718365,0.0047,-0.0123,-0.0593,0.0186,0.1285,-0.0007,-0.0328,0.0285,-0.2600,0.0373,-0.0961,0.1394,1.9538,-4.2321,3.8713,20.6934,-13.5852,-17.7487
54723364,0.0045,-0.0122,-0.0727,0.0620,0.1239,-0.0500,-0.0200,0.0204,-0.2606,0.0383,-0.1149,0.1922,1.9538,-4.8611,3.8713,20.7012,-13.6241,-17.7240
54728365,0.0042,-0.0119,-0.0837,0.0980,0.0936,-0.0500,-0.0097,0.0115,-0.2610,0.0395,-0.0860,0.2390,1.9538,-4.8611,4.5912,20.7129,-13.6435,-17.6939
54733365,0.0038,-0.0115,-0.1069,0.1255,0.0793,-0.0500,0.0500,0.0072,-0.2616,0.0409,-0.1111,0.2815,1.6329,-5.4764,4.9818,20.7137,-13.6871,-17.6564
54738365,0.0032,-0.0110,-0.1087,0.1588,0.0775,-0.0500,0.0500,0.0032,-0.2619,0.0421,-0.0662,0.2330,1.2050,-5.4764,4.9818,20.7135,-13.7090,-17.6383
54743364,0.0027,-0.0102,-0.0971,0.1967,0.0750,0.0200,0.0500,-0.0500,-0.2622,0.0434,-0.0541,0.2717,0.9911,-5.4764,5.0343,20.7135,-13.7419,-17.6053
54748364,0.0022,-0.0092,-0.0589,0.2220,0.0698,0.0200,0.0500,-0.0500,-0.2625,0.0445,-0.0589,0.2220,-0.1108,-4.7535,5.0343,20.6958,-13.7483,-17.5870
54753364,0.0019,-0.0081,-0.0318,0.2364,0.0683,0.0008,-0.0200,-0.0500,-0.2625,0.0457,-0.0040,0.2364,-1.6059,-3.5142,4.0413,20.6621,-13.7483,-17.5770
54758364,0.0019,-0.0067,-0.0092,0.2358,0.0982,0.0500,-0.0200,-0.0500,-0.2624,0.0469,0.0186,0.2358,-1.6059,-2.8946,3.3793,20.6524,-13.7487,-17.5768
54763365,0.0019,-0.0055,-0.0134,0.2175,0.0830,0.0500,0.0278,0.0200,-0.2625,0.0481,-0.0316,0.2491,-1.6059,-2.1200,2.4415,20.6460,-13.7482,-17.5771
54768364,0.0019,-0.0046,-0.0153,0.1616,0.0414,0.0500,0.0184,0.0200,-0.2627,0.0490,-0.0259,0.1800,-1.6059,-1.2347,2.0553,20.6364,-13.7378,-17.5767
54773365,0.0018,-0.0040,-0.0128,0.0950,0.0591,0.0500,0.0048,-0.0116,-0.2627,0.0496,0.0017,0.1145,-1.6059,0.1939,1.5037,20.6300,-13.7103,-17.5766
54778365,0.0018,-0.0036,-0.0043,0.0443,0.0820,-0.0200,-0.0500,-0.0027,-0.2626,0.0499,0.0079,0.0597,-1.3738,0.1939,1.2278,20.6254,-13.7095,-17.5772
54783365,0.0019,-0.0037,-0.0021,-0.0339,0.0338,-0.0200,-0.0500,0.0500,-0.2627,0.0497,-0.0071,-0.0425,-1.0952,0.1939,-0.5768,20.6260,-13.7084,-17.6090
54788364,0.0021,-0.0039,-0.0064,-0.0641,0.0023,0.0056,-0.0500,0.0500,-0.2628,0.0494,-0.0207,-0.0642,0.8306,0.1939,-1.3109,20.6654,-13.7076,-17.6278
54793365,0.0022,-0.0044,-0.0195,-0.0574,0.0420,0.0022,-0.0500,0.0500,-0.2629,0.0491,-0.0339,-0.0574,0.8306,0.1939,-1.3109,20.6687,-13.7064,-17.6361
54798364,0.0022,-0.0046,-0.0134,-0.0825,0.0686,0.0034,0.0200,0.0500,-0.2631,0.0487,-0.0278,-0.0825,0.8306,0.1939,-1.3109,20.6737,-13.7056,-17.6409
54803365,0.0020,-0.0051,-0.0278,-0.1222,0.0533,-0.0006,0.0200,-0.0200,-0.2633,0.0481,-0.0421,-0.1222,0.8306,0.1939,-1.3109,20.6770,-13.7045,-17.6492
54808364,0.0019,-0.0060,-0.0370,-0.2016,0.0607,-0.0500,-0.0632,-0.0200,-0.2637,0.0470,-0.0759,-0.2038,2.3281,0.1454,-1.2585,20.7147,-13.7047,-17.6529
54813364,0.0018,-0.0070,-0.0431,-0.2227,0.0762,-0.0500,-0.0715,0.0730,-0.2639,0.0460,-0.0424,-0.2144,2.3281,-0.2424,0.3146,20.7240,-13.7137,-17.6225
54818365,0.0016,-0.0084,-0.0620,-0.2242,0.1199,-0.0500,-0.0743,0.0804,-0.2642,0.0449,-0.0614,-0.2159,2.3281,-0.2424,0.3146,20.7379,-13.7146,-17.6214
54823365,0.0013,-0.0097,-0.0580,-0.2169,0.1211,-0.0500,-0.0771,0.0835,-0.2645,0.0439,-0.0574,-0.2086,2.3281,-0.2424,0.3146,20.7473,-13.7161,-17.6196
54828365,0.0010,-0.0109,-0.0446,-0.1817,0.0387,0.0200,-0.0729,0.0794,-0.2647,0.0430,-0.0493,-0.1642,0.8759,-0.8620,0.3146,20.7295,-13.7301,-17.6182
54833365,0.0008,-0.0120,-0.0461,-0.1686,-0.0627,0.0200,-0.0699,0.0797,-0.2649,0.0424,-0.0451,-0.1165,0.0000,-1.6882,1.8041,20.7133,-13.7525,-17.5840
54838364,0.0007,-0.0130,-0.0733,-0.1793,-0.1253,-0.0140,-0.0709,0.0897,-0.2653,0.0418,-0.0704,-0.1206,0.0000,-1.7983,2.1351,20.7133,-13.7649,-17.5693
54843364,0.0004,-0.0137,-0.0675,-0.1567,-0.0789,-0.0141,-0.0669,0.0840,-0.2656,0.0415,-0.0631,-0.0642,-0.1108,-2.9535,3.2490,20.7111,-13.7982,-17.5306
54848364,-0.0000,-0.0144,-0.0638,-0.1008,0.0155,-0.0135,-0.0580,0.0709,-0.2657,0.0416,-0.0277,0.0125,-2.2150,-3.9271,3.6671,20.6609,-13.8365,-17.5094
54853364,-0.0003,-0.0145,-0.0385,0.0235,0.0176,-0.0080,-0.0337,0.0410,-0.2657,0.0423,0.0003,0.1430,-2.2150,-3.9799,4.0329,20.6520,-13.8533,-17.4776
54858364,-0.0002,-0.0143,0.0324,0.0907,0.1184,0.0500,-0.0273,0.0138,-0.2654,0.0435,0.0724,0.2312,-2.2150,-4.6130,4.8083,20.6387,-13.8931,-17.4448
54863364,0.0002,-0.0139,0.0458,0.1310,0.1877,0.0500,-0.0175,0.0004,-0.2652,0.0449,0.0458,0.2919,-2.7257,-5.3960,5.3941,20.6154,-13.9289,-17.4023
54868365,0.0005,-0.0132,0.0067,0.1451,0.0994,0.0500,-0.0059,-0.0002,-0.2651,0.0465,0.0074,0.3188,-2.7257,-5.7839,5.8661,20.6045,-13.9697,-17.3715
54873364,0.0007,-0.0126,0.0150,0.1487,-0.0511,0.0500,-0.0027,-0.0500,-0.2650,0.0481,0.0157,0.3225,-2.6718,-5.7839,5.8661,20.5893,-13.9929,-17.3356
54878365,0.0008,-0.0119,0.0406,0.1747,-0.0533,-0.0200,-0.0015,-0.0500,-0.2651,0.0494,-0.0096,0.2625,-2.1871,-5.8871,5.5351,20.5894,-14.0302,-17.3201
54883365,0.0009,-0.0111,0.0562,0.1979,0.0393,-0.0200,0.0500,-0.0500,-0.2650,0.0508,0.0101,0.2784,-1.5947,-5.3920,5.5351,20.5899,-14.0434,-17.2862
54888364,0.0014,-0.0102,0.0785,0.2166,0.0527,0.0255,0.0500,-0.0500,-0.2646,0.0519,0.0881,0.2166,-0.5585,-4.8969,4.5664,20.6057,-14.0634,-17.2861
54893365,0.0020,-0.0090,0.0776,0.2413,0.0170,0.0269,0.0500,0.0200,-0.2642,0.0531,0.0696,0.2413,0.4642,-4.8969,3.3556,20.6275,-14.0830,-17.2862
54898364,0.0025,-0.0078,0.0480,0.2538,-0.0435,0.0220,0.0500,0.0200,-0.2640,0.0544,0.0399,0.2538,0.4642,-3.7773,2.7744,20.6293,-14.0870,-17.2861
54903364,0.0025,-0.0067,-0.0345,0.2022,-0.0499,0.0029,-0.0200,-0.0231,-0.2642,0.0555,-0.0250,0.2327,0.4642,-3.0957,2.0480,20.6321,-14.0870,-17.2860
54908364,0.0023,-0.0059,-0.0156,0.1613,0.0121,0.0058,-0.0200,-0.0195,-0.2642,0.0565,-0.0093,0.1860,0.4642,-2.2682,1.6605,20.6340,-14.0864,-17.2866
54913365,0.0022,-0.0052,-0.0128,0.0983,0.0723,0.0008,0.0027,-0.0063,-0.2645,0.0571,-0.0651,0.1173,1.7933,-1.8787,-0.6068,20.6672,-14.0869,-17.3271
54918364,0.0022,-0.0049,-0.0302,0.0480,0.0655,-0.0500,-0.0500,0.0500,-0.2649,0.0572,-0.0626,0.0323,1.7933,0.4401,-0.6068,20.6744,-14.0463,-17.3294
54923364,0.0021,-0.0050,-0.0675,-0.0226,0.0613,-0.0500,-0.0500,0.0500,-0.2652,0.0571,-0.0675,-0.0226,1.7933,0.5501,-0.6068,20.6852,-14.0419,-17.3332
54928364,0.0018,-0.0052,-0.0990,-0.0495,0.1150,-0.0500,-0.0500,0.0500,-0.2657,0.0569,-0.0990,-0.0495,1.7933,0.5501,-0.6068,20.6923,-14.0386,-17.3355
54933364,0.0010,-0.0055,-0.1222,-0.0473,0.1422,-0.0500,-0.0500,0.0500,-0.2663,0.0566,-0.1222,-0.0473,1.7933,0.5501,-0.6068,20.7031,-14.0364,-17.3392
54938364,0.0003,-0.0060,-0.1173,-0.0754,0.0894,0.0200,0.0200,-0.0200,-0.2669,0.0563,-0.1173,-0.0754,1.7933,0.2751,-0.6068,20.7103,-14.0386,-17.3423
54943365,-0.0003,-0.0064,-0.0935,-0.1087,0.0417,0.0200,0.0200,-0.0200,-0.2674,0.0557,-0.0935,-0.1087,-0.7753,-0.0550,-0.6068,20.6626,-14.0453,-17.3447
54948364,-0.0005,-0.0072,-0.0495,-0.1790,0.0735,-0.0141,-0.0578,0.0691,-0.2675,0.0548,-0.0333,-0.1724,-0.7753,-0.0550,0.3862,20.6595,-14.0456,-17.3254
54953365,-0.0007,-0.0082,-0.0635,-0.2257,0.0225,-0.0179,-0.0682,0.0853,-0.2678,0.0538,-0.0506,-0.2133,-0.7753,-0.4445,0.3862,20.6548,-14.0538,-17.3239
54958365,-0.0011,-0.0096,-0.0709,-0.2327,0.0069,-0.0216,-0.0709,0.0922,-0.2681,0.0528,-0.0600,-0.1986,-1.3788,-1.9049,0.3862,20.6392,-14.0916,-17.3216
54963365,-0.0014,-0.0109,-0.0339,-0.2288,-0.0038,-0.0126,-0.0789,0.0917,-0.2681,0.0518,-0.0126,-0.1946,-1.9823,-1.9049,0.3862,20.6158,-14.0993,-17.3200
54968364,-0.0016,-0.0121,-0.0058,-0.2162,-0.0417,-0.0050,-0.0819,0.0884,-0.2680,0.0510,0.0243,-0.1541,-1.9823,-2.3269,1.8391,20.6078,-14.1193,-17.2857
54973365,-0.0015,-0.0136,-0.0119,-0.2355,-0.0710,-0.0056,-0.0900,0.0983,-0.2679,0.0502,0.0220,-0.1718,-2.2516,-2.4324,1.8391,20.5905,-14.1311,-17.2783
54978364,-0.0013,-0.0146,-0.0040,-0.2187,-0.0520,-0.0029,-0.0898,0.0947,-0.2677,0.0496,0.0326,-0.1269,-2.3054,-3.2714,2.8844,20.5802,-14.1632,-17.2428
54983364,-0.0013,-0.0157,-0.0098,-0.1610,-0.0007,-0.0052,-0.0804,0.0856,-0.2676,0.0492,0.0240,-0.0642,-2.3054,-3.6070,2.8844,20.5664,-14.1842,-17.2312
54988365,-0.0013,-0.0165,0.0055,-0.1081,-0.0050,-0.0012,-0.0715,0.0729,-0.2674,0.0493,0.0395,0.0197,-2.3054,-4.6346,3.9366,20.5571,-14.2303,-17.1880
54993365,-0.0013,-0.0164,0.0046,0.0593,0.0258,-0.0017,-0.0338,0.0346,-0.2672,0.0504,0.0412,0.2086,-2.3054,-5.2026,4.8154,20.5433,-14.2621,-17.1524
54998365,-0.0011,-0.0160,0.0586,0.1216,0.0524,0.0500,-0.0246,0.0106,-0.2668,0.0519,0.0875,0.2978,-2.0237,-6.2712,5.5495,20.5400,-14.3181,-17.1058
55003365,-0.0007,-0.0155,0.0657,0.1613,0.0069,0.0500,-0.0123,-0.0009,-0.2665,0.0536,0.0592,0.3578,-1.5166,-6.9649,6.2115,20.5395,-14.3588,-17.0692
55008364,-0.0003,-0.0149,0.0654,0.1698,-0.0655,0.0500,-0.0068,-0.0500,-0.2662,0.0556,0.0556,0.3865,-1.2349,-7.8376,6.6958,20.5396,-14.4204,-17.0209
55013364,-0.0000,-0.0142,0.0666,0.1933,-0.0716,0.0500,-0.0041,-0.0500,-0.2662,0.0571,-0.0015,0.3125,-0.8968,-7.9905,6.9571,20.5399,-14.4550,-16.9884
55018364,0.0003,-0.0133,0.0492,0.2327,-0.0160,-0.0200,0.0500,-0.0500,-0.2663,0.0589,-0.0193,0.3525,-0.7278,-8.0327,6.6249,20.5400,-14.5045,-16.9534
55023365,0.0006,-0.0121,0.0217,0.2767,-0.0218,-0.0200,0.0500,-0.0500,-0.2662,0.0603,0.0217,0.2767,-0.5588,-8.0327,6.3480,20.5395,-14.5367,-16.9334
55028364,0.0007,-0.0107,-0.0168,0.3161,-0.0789,-0.0001,0.0500,0.0200,-0.2663,0.0619,-0.0109,0.3161,-0.3384,-7.2075,5.6156,20.5419,-14.5650,-16.9108
55033365,0.0007,-0.0090,-0.0388,0.3479,-0.0933,-0.0500,0.0500,0.0200,-0.2666,0.0636,-0.0713,0.3479,1.8849,-6.8667,4.5903,20.5915,-14.5869,-16.9109
55038364,0.0003,-0.0072,-0.0428,0.3503,0.0139,-0.0500,-0.0200,-0.0512,-0.2667,0.0656,-0.0135,0.4013,1.8849,-5.0656,3.4186,20.5991,-14.5864,-16.9105
55043364,0.0002,-0.0055,-0.0648,0.3235,0.0237,-0.0500,-0.0200,-0.0475,-0.2669,0.0674,-0.0409,0.3650,1.8849,-4.1406,2.7839,20.6104,-14.5864,-16.9108
55048364,-0.0001,-0.0041,-0.0599,0.2532,0.0255,-0.0500,0.0537,-0.0382,-0.2672,0.0691,-0.0686,0.3296,1.8849,-3.0697,2.0515,20.6179,-14.5865,-16.9110
55053364,-0.0003,-0.0030,-0.0382,0.1998,0.0756,0.0200,0.0421,-0.0326,-0.2675,0.0704,-0.0457,0.2623,0.8078,-2.5342,1.6609,20.6064,-14.5870,-16.9113
55058364,-0.0005,-0.0022,-0.0177,0.1310,0.0713,0.0200,0.0264,-0.0214,-0.2676,0.0713,-0.0227,0.1776,-0.1077,-1.8527,1.2703,20.5887,-14.5864,-16.9104
55063365,-0.0005,-0.0017,-0.0012,0.0751,0.0304,-0.0033,0.0133,-0.0112,-0.2676,0.0718,-0.0098,0.1021,-0.1077,-1.5119,0.2932,20.5880,-14.5863,-16.9260
55068365,-0.0003,-0.0014,0.0073,0.0932,0.0051,-0.0005,0.0156,-0.0152,-0.2677,0.0723,-0.0090,0.0950,-0.1077,-1.1225,-0.9968,20.5876,-14.5864,-16.9555
55073364,-0.0002,-0.0011,-0.0421,0.0751,-0.0343,-0.0094,0.0176,-0.0070,-0.2678,0.0726,-0.0190,0.0741,-2.3051,-0.9277,-0.9968,20.5356,-14.5866,-16.9595
55078365,-0.0004,-0.0009,-0.0663,0.0400,-0.0203,-0.0162,0.0139,0.0500,-0.2680,0.0728,-0.0410,0.0353,-2.3051,-0.6843,-0.9968,20.5264,-14.5866,-16.9655
55083365,-0.0009,-0.0008,-0.0861,-0.0244,0.0002,-0.0224,0.0035,0.0500,-0.2682,0.0727,-0.0511,-0.0164,-2.3051,-0.5383,-0.9968,20.5125,-14.5861,-16.9695
55088365,-0.0012,-0.0018,-0.0528,-0.2272,-0.0524,-0.0141,-0.0500,0.0500,-0.2683,0.0716,-0.0116,-0.2214,-2.5872,-0.3923,-0.9968,20.4974,-14.5861,-16.9755
55093365,-0.0015,-0.0032,-0.0461,-0.2966,-0.0520,-0.0134,-0.0500,0.0500,-0.2683,0.0701,-0.0015,-0.2966,-2.5872,-0.3436,-0.9968,20.4819,-14.5866,-16.9795
55098365,-0.0014,-0.0051,-0.0235,-0.3210,0.0151,-0.0085,-0.0500,-0.0200,-0.2682,0.0685,0.0211,-0.3210,-2.5872,-0.2462,-0.5538,20.4715,-14.5864,-16.9764
55103365,-0.0017,-0.0068,-0.0147,-0.3140,0.0848,-0.0085,-0.0500,-0.0200,-0.2681,0.0670,0.0235,-0.3140,-2.2128,-0.1975,0.6646,20.4641,-14.5864,-16.9511
55108365,-0.0018,-0.0084,0.0027,-0.3015,0.0170,-0.0039,0.0200,0.0959,-0.2679,0.0655,0.0393,-0.2916,-1.7850,-0.1489,0.6646,20.4646,-14.5864,-16.9471
55113365,-0.0019,-0.0101,0.0089,-0.2950,-0.1357,-0.0007,0.0200,0.1016,-0.2676,0.0641,0.0463,-0.2852,-1.8385,-0.1975,0.6646,20.4525,-14.5881,-16.9445
55118365,-0.0016,-0.0118,0.0205,-0.2896,-0.1440,0.0500,-0.1012,0.1028,-0.2673,0.0628,0.0658,-0.2600,-1.8385,-0.1975,1.7875,20.4452,-14.5893,-16.9165
55123364,-0.0014,-0.0134,0.0018,-0.2914,-0.0438,0.0500,-0.1048,0.1102,-0.2672,0.0615,0.0152,-0.2542,-1.8385,-0.4613,2.0316,20.4341,-14.5954,-16.9036
55128364,-0.0014,-0.0148,-0.0290,-0.2877,0.0448,0.0500,-0.1047,0.1161,-0.2674,0.0604,-0.0260,-0.2324,-1.8385,-1.6747,2.0316,20.4268,-14.6279,-16.8914
55133364,-0.0015,-0.0161,-0.0452,-0.2153,0.0701,0.0500,-0.0912,0.1062,-0.2675,0.0596,-0.0372,-0.1514,-1.8385,-1.6747,2.6084,20.4158,-14.6346,-16.8708
55138364,-0.0018,-0.0172,-0.0425,-0.1726,0.0985,-0.0200,-0.0848,0.1000,-0.2678,0.0591,-0.0412,-0.0970,-1.5616,-2.4578,2.6084,20.4143,-14.6609,-16.8551
55143365,-0.0019,-0.0181,-0.0345,-0.1118,0.1783,-0.0200,-0.0751,0.0863,-0.2679,0.0590,-0.0281,-0.0156,-0.9066,-2.8493,3.6014,20.4193,-14.6800,-16.8228
55148365,-0.0019,-0.0185,-0.0269,-0.0480,0.1789,-0.0500,-0.0615,0.0719,-0.2681,0.0594,-0.0336,0.0757,0.8022,-3.7220,4.5701,20.4532,-14.7166,-16.7792
55153364,-0.0020,-0.0185,-0.0342,0.0516,0.0827,-0.0500,-0.0369,0.0506,-0.2682,0.0604,-0.0230,0.1947,1.2836,-4.1351,5.4585,20.4702,-14.7400,-16.7410
55158364,-0.0022,-0.0182,-0.0547,0.1243,0.0045,-0.0500,-0.0148,0.0361,-0.2684,0.0618,-0.0385,0.2852,1.2836,-4.4449,6.3446,20.4754,-14.7727,-16.6879
55163364,-0.0026,-0.0176,-0.0712,0.1759,0.0151,-0.0500,0.0500,0.0238,-0.2686,0.0636,-0.0540,0.3600,1.2836,-5.1601,7.1818,20.4831,-14.8070,-16.6436
55168364,-0.0029,-0.0167,-0.0788,0.2162,0.0827,0.0200,0.0500,0.0152,-0.2687,0.0653,-0.0104,0.3362,1.2836,-5.6955,8.0372,20.4882,-14.8502,-16.5805
55173364,-0.0033,-0.0158,-0.0651,0.2437,0.0756,0.0200,0.0500,0.0045,-0.2687,0.0671,0.0064,0.3690,1.2836,-5.6428,8.3897,20.4959,-14.8719,-16.5409
55178365,-0.0037,-0.0144,-0.0565,0.3039,-0.0578,-0.0229,0.0500,-0.0500,-0.2686,0.0693,0.0125,0.4330,0.2674,-5.6428,8.6433,20.4796,-14.9058,-16.4846
55183364,-0.0038,-0.0129,0.0058,0.3381,0.0277,-0.0133,-0.0200,-0.0500,-0.2685,0.0710,0.0151,0.3381,-0.5348,-5.2512,8.4772,20.4611,-14.9203,-16.4534
55188365,-0.0037,-0.0112,0.0541,0.3696,0.1404,-0.0022,-0.0200,-0.0500,-0.2682,0.0728,0.0633,0.3696,-0.5348,-3.9089,8.1157,20.4590,-14.9209,-16.4107
55193365,-0.0034,-0.0093,0.0916,0.3885,0.1624,0.0500,0.0493,-0.0500,-0.2678,0.0750,0.0737,0.4359,-0.5348,-3.1817,7.4322,20.4558,-14.9205,-16.3940
55198364,-0.0028,-0.0072,0.1240,0.3885,0.1104,0.0500,0.0511,0.0200,-0.2673,0.0771,0.1039,0.4234,-0.5348,-2.3427,6.2786,20.4536,-14.9204,-16.3745
55203365,-0.0021,-0.0053,0.1512,0.3525,0.0814,0.0500,0.0448,0.0200,-0.2666,0.0790,0.1345,0.3815,-0.5348,-1.9512,5.1249,20.4504,-14.9211,-16.3748
55208364,-0.0013,-0.0038,0.1494,0.2770,0.1068,0.0500,0.0339,-0.0706,-0.2658,0.0808,0.1697,0.3555,-0.5348,-1.4478,3.8140,20.4483,-14.9211,-16.3744
55213365,-0.0004,-0.0027,0.1500,0.2031,0.1398,-0.0200,0.0188,-0.0596,-0.2650,0.0822,0.1664,0.2665,0.3209,-1.1681,3.0799,20.4646,-14.9207,-16.3753
55218365,0.0004,-0.0017,0.1283,0.1643,0.1089,-0.0200,0.0141,-0.0516,-0.2643,0.0832,0.1404,0.2118,0.3209,-0.8885,2.2933,20.4659,-14.9212,-16.3749
55223365,0.0011,-0.0011,0.1100,0.1500,-0.0380,0.0333,0.0153,-0.0471,-0.2637,0.0841,0.1171,0.1839,0.3209,-0.4041,1.8738,20.4678,-14.9146,-16.3749
55228364,0.0015,-0.0007,0.0394,0.1100,0.0045,0.0156,0.0133,-0.0290,-0.2635,0.0847,0.0361,0.1072,1.6845,1.5827,1.4019,20.4988,-14.8699,-16.3746
55233364,0.0018,-0.0003,0.0226,0.0675,0.0381,0.0118,0.0065,-0.0197,-0.2634,0.0850,0.0162,0.0608,1.7315,1.5827,1.1397,20.5101,-14.8636,-16.3748
55238364,0.0018,-0.0002,-0.0171,0.0012,-0.0206,0.0025,-0.0500,0.0003,-0.2635,0.0849,-0.0262,-0.0101,1.7315,1.5827,0.8250,20.5170,-14.8541,-16.3752
55243365,0.0016,-0.0005,-0.0452,-0.0867,-0.0533,-0.0500,-0.0500,0.0500,-0.2639,0.0845,-0.0800,-0.0768,2.3513,1.5827,0.6677,20.5406,-14.8477,-16.3752
55248365,0.0013,-0.0012,-0.0837,-0.1762,0.0280,-0.0500,-0.0500,0.0500,-0.2644,0.0837,-0.0837,-0.1762,2.3513,1.5827,0.5104,20.5500,-14.8382,-16.3748
55253364,0.0009,-0.0024,-0.0925,-0.2480,0.1563,-0.0500,-0.0500,0.0500,-0.2648,0.0824,-0.0925,-0.2480,2.3513,1.3393,0.4055,20.5642,-14.8372,-16.3751
55258364,0.0005,-0.0040,-0.1240,-0.2883,0.1920,-0.0500,0.0200,0.0500,-0.2654,0.0810,-0.1240,-0.2883,2.3513,0.3614,0.3007,20.5736,-14.8504,-16.3750
55263364,-0.0001,-0.0056,-0.1558,-0.2908,0.0723,0.0200,0.0200,-0.0200,-0.2662,0.0795,-0.1558,-0.2908,2.2386,-0.7386,0.2482,20.5854,-14.8740,-16.3749
55268364,-0.0008,-0.0073,-0.1765,-0.2990,-0.0249,0.0200,-0.0654,-0.0200,-0.2671,0.0781,-0.1829,-0.2880,0.4356,-0.7386,0.2482,20.5548,-14.8784,-16.3735
55273364,-0.0015,-0.0086,-0.1216,-0.2556,0.1447,-0.0383,-0.0681,0.1009,-0.2677,0.0769,-0.1189,-0.2409,-0.3944,-0.7386,0.2482,20.5364,-14.8813,-16.3725
55278365,-0.0021,-0.0102,-0.0867,-0.2816,0.1053,-0.0325,-0.0797,0.1081,-0.2682,0.0757,-0.0989,-0.2411,-0.3944,-2.4725,0.2482,20.5348,-14.9274,-16.3710
55283365,-0.0024,-0.0116,-0.0858,-0.2413,-0.0016,-0.0313,-0.0741,0.1055,-0.2687,0.0747,-0.0845,-0.1942,-0.9587,-2.4725,0.6896,20.5208,-14.9373,-16.3610
55288364,-0.0028,-0.0130,-0.0916,-0.2236,-0.0618,-0.0310,-0.0723,0.1057,-0.2690,0.0739,-0.0621,-0.1528,-1.8991,-2.5695,2.1790,20.4956,-14.9541,-16.3208
55293365,-0.0031,-0.0141,-0.0925,-0.1894,-0.0236,-0.0333,-0.0683,0.1025,-0.2693,0.0734,-0.0655,-0.1143,-1.8991,-2.8604,2.1790,20.4842,-14.9712,-16.3120
55298365,-0.0037,-0.0150,-0.1118,-0.1161,0.0546,-0.0409,-0.0515,0.0903,-0.2697,0.0733,-0.0761,-0.0202,-2.2734,-3.4284,3.0024,20.4690,-15.0004,-16.2799
55303365,-0.0042,-0.0156,-0.1060,-0.0730,0.0387,-0.0408,-0.0436,0.0829,-0.2700,0.0734,-0.0625,0.0298,-2.4874,-3.4284,3.4727,20.4498,-15.0141,-16.2583
55308365,-0.0047,-0.0158,-0.0819,-0.0006,-0.0246,-0.0361,-0.0287,0.0658,-0.2702,0.0740,-0.0423,0.1184,-2.4874,-4.1985,3.7863,20.4399,-15.0521,-16.2294
55313364,-0.0050,-0.0157,-0.0702,0.0718,-0.0133,-0.0330,-0.0130,0.0466,-0.2702,0.0751,-0.0106,0.2105,-3.4288,-4.6367,4.6724,20.4022,-15.0779,-16.1941
55318364,-0.0053,-0.0153,-0.0605,0.1365,0.0005,-0.0314,0.0500,0.0287,-0.2702,0.0765,0.0081,0.2928,-3.7537,-5.0343,5.4535,20.3819,-15.1153,-16.1478
55323364,-0.0056,-0.0147,-0.0257,0.1634,-0.0230,-0.0192,0.0500,0.0194,-0.2697,0.0778,0.0956,0.2550,-3.9858,-5.2453,6.1352,20.3534,-15.1404,-16.1102
55328364,-0.0056,-0.0138,0.0229,0.1888,-0.0585,-0.0061,0.0500,0.0045,-0.2690,0.0792,0.1535,0.2886,-4.2551,-5.4690,6.6869,20.3315,-15.1766,-16.0608
55333364,-0.0054,-0.0129,0.0736,0.2208,-0.0545,0.0500,0.0500,-0.0500,-0.2679,0.0809,0.2071,0.3257,-4.2551,-5.4690,7.0259,20.3060,-15.1985,-16.0267
55338364,-0.0049,-0.0118,0.1188,0.2483,0.0023,0.0500,-0.0200,-0.0500,-0.2673,0.0821,0.1188,0.2483,-4.5368,-4.5479,7.0782,20.2829,-15.2112,-15.9834
55343364,-0.0043,-0.0105,0.1643,0.2816,0.0680,0.0500,-0.0200,-0.0500,-0.2665,0.0835,0.1643,0.2816,-4.5368,-3.7237,7.0782,20.2557,-15.2113,-15.9551
55348364,-0.0034,-0.0090,0.2147,0.3067,0.0903,0.0500,0.0176,-0.0500,-0.2656,0.0853,0.1912,0.3477,-3.9726,-2.7541,5.3060,20.2495,-15.2112,-15.9532
55353365,-0.0022,-0.0074,0.2572,0.3067,0.0912,-0.0200,0.0149,0.0200,-0.2644,0.0870,0.2377,0.3405,-2.9381,-2.2693,5.1399,20.2496,-15.2115,-15.9359
55358364,-0.0008,-0.0059,0.2813,0.2819,0.0973,-0.0200,0.0082,0.0200,-0.2630,0.0885,0.2668,0.3071,-2.4209,-1.6876,4.8469,20.2492,-15.2116,-15.9111
55363365,0.0007,-0.0047,0.2752,0.2257,0.1388,0.0743,-0.0016,-0.0780,-0.2614,0.0900,0.3281,0.3050,-1.7626,-1.3482,3.9681,20.2499,-15.2109,-15.9110
55368364,0.0017,-0.0041,0.1561,0.1045,0.1233,0.0475,-0.0500,-0.0387,-0.2604,0.0908,0.1974,0.1634,-1.4335,-1.0089,2.9428,20.2500,-15.2112,-15.9108
55373364,0.0023,-0.0036,0.0947,0.0663,0.0726,0.0346,-0.0500,-0.0229,-0.2598,0.0914,0.1276,0.1021,-0.7099,-0.8149,2.4058,20.2570,-15.2110,-15.9109
55378364,0.0025,-0.0035,0.0663,0.0421,0.0466,0.0259,-0.0500,-0.0126,-0.2594,0.0917,0.0659,0.0685,0.9015,-0.6210,1.7711,20.2903,-15.2114,-15.9110
55383365,0.0026,-0.0035,0.0586,0.0400,0.0509,0.0244,-0.0500,-0.0112,-0.2592,0.0920,0.0558,0.0620,0.9015,-0.5241,1.4781,20.2957,-15.2117,-15.9104
55388365,0.0030,-0.0034,0.0577,-0.0012,0.0527,0.0254,0.0200,-0.0028,-0.2589,0.0921,0.0515,0.0150,0.9015,-0.3786,1.0875,20.2993,-15.2114,-15.9107
55393365,0.0032,-0.0035,0.0186,-0.0541,0.0503,0.0165,0.0200,0.0500,-0.2588,0.0919,0.0108,-0.0408,0.9015,-0.2817,0.8922,20.3047,-15.2108,-15.9106
55398364,0.0032,-0.0040,-0.0385,-0.1072,0.0429,0.0006,-0.0380,0.0500,-0.2592,0.0914,-0.0661,-0.1023,1.4400,-0.3301,0.6481,20.3194,-15.2137,-15.9109
55403365,0.0028,-0.0048,-0.1210,-0.1787,0.0533,-0.0500,-0.0450,0.0500,-0.2600,0.0905,-0.1626,-0.1738,2.2478,-0.3301,0.5505,20.3482,-15.2150,-15.9105
55408365,0.0021,-0.0058,-0.1765,-0.2126,0.1608,-0.0500,-0.0503,0.0500,-0.2609,0.0895,-0.1794,-0.2077,2.2478,-0.3301,0.4040,20.3572,-15.2170,-15.9107
55413365,0.0009,-0.0074,-0.2465,-0.2563,0.1306,-0.0500,-0.0514,-0.0200,-0.2622,0.0883,-0.2617,-0.2298,2.2478,-1.7760,0.3064,20.3707,-15.2500,-15.9112
55418364,-0.0002,-0.0087,-0.2605,-0.2523,0.0549,-0.0500,-0.0503,-0.0200,-0.2636,0.0872,-0.2757,-0.2258,2.0157,-1.7760,0.2575,20.3748,-15.2607,-15.9105
55423364,-0.0014,-0.0100,-0.2563,-0.2205,-0.0386,0.0200,-0.0448,0.1169,-0.2649,0.0862,-0.2692,-0.1902,1.5050,-1.7760,0.2575,20.3750,-15.2678,-15.9095
55428365,-0.0028,-0.0112,-0.2544,-0.1970,-0.1195,0.0200,-0.0392,0.1190,-0.2663,0.0855,-0.2749,-0.1536,0.1735,-2.6562,0.2575,20.3524,-15.2978,-15.9080
55433364,-0.0041,-0.0124,-0.2434,-0.1955,-0.0982,-0.0775,-0.0421,0.1234,-0.2676,0.0847,-0.2555,-0.1521,-0.4847,-2.6562,0.2575,20.3371,-15.3084,-15.9070
55438364,-0.0053,-0.0132,-0.2199,-0.1762,-0.0276,-0.0765,-0.0402,0.1178,-0.2687,0.0842,-0.2257,-0.1001,-0.4847,-3.3864,1.7258,20.3351,-15.3403,-15.8736
55443364,-0.0062,-0.0140,-0.1570,-0.1307,-0.0047,-0.0644,-0.0397,0.1043,-0.2695,0.0839,-0.1598,-0.0546,-0.6537,-3.3864,1.7258,20.3288,-15.3539,-15.8667
55448365,-0.0070,-0.0148,-0.1341,-0.1194,-0.0349,-0.0594,-0.0416,0.1023,-0.2701,0.0837,-0.1103,-0.0371,-2.4004,-3.8084,1.7258,20.2878,-15.3842,-15.8563
55453365,-0.0076,-0.0154,-0.1103,-0.0767,0.0081,-0.0564,-0.0367,0.0928,-0.2705,0.0838,-0.0864,0.0057,-2.4004,-3.8084,1.7258,20.2734,-15.3994,-15.8494
55458365,-0.0080,-0.0155,-0.0794,0.0260,0.1483,-0.0507,-0.0190,0.0640,-0.2707,0.0844,-0.0382,0.1297,-3.2467,-4.3678,2.6084,20.2448,-15.4356,-15.8177
55463365,-0.0082,-0.0154,-0.0467,0.0877,0.0802,-0.0411,-0.0074,0.0455,-0.2706,0.0854,0.0140,0.2059,-3.9420,-4.4162,3.5287,20.2103,-15.4540,-15.7879
55468364,-0.0084,-0.0150,-0.0644,0.1072,-0.0392,-0.0442,0.0500,0.0428,-0.2706,0.0867,0.0022,0.2431,-3.9420,-4.6586,4.4655,20.1945,-15.4867,-15.7463
55473364,-0.0086,-0.0144,-0.0086,0.1332,-0.0670,-0.0264,0.0500,0.0309,-0.2700,0.0877,0.1140,0.1997,-4.8834,-4.5037,4.4655,20.1480,-15.5021,-15.7285
55478365,-0.0085,-0.0137,0.0455,0.1640,0.0381,-0.0126,0.0500,0.0122,-0.2691,0.0889,0.1838,0.2413,-5.4405,-4.5037,5.1855,20.1161,-15.5291,-15.6842
55483365,-0.0081,-0.0129,0.1087,0.1784,0.0319,0.0500,0.0500,-0.0500,-0.2678,0.0902,0.2573,0.2622,-5.8174,-4.3387,5.6249,20.0749,-15.5438,-15.6540
55488364,-0.0073,-0.0120,0.1906,0.2013,-0.0698,0.0500,-0.0200,-0.0500,-0.2669,0.0912,0.1906,0.2013,-5.8174,-3.1834,5.6773,20.0516,-15.5432,-15.6192
55493364,-0.0062,-0.0108,0.2584,0.2382,-0.0246,0.0500,-0.0200,-0.0500,-0.2656,0.0924,0.2584,0.2382,-5.9865,-2.6333,5.6773,20.0125,-15.5439,-15.5965
55498365,-0.0048,-0.0095,0.3082,0.2486,0.0958,0.0500,-0.0500,-0.0500,-0.2641,0.0938,0.2918,0.2772,-5.4692,-1.9181,5.0153,19.9994,-15.5432,-15.5765
55503364,-0.0032,-0.0083,0.3354,0.2346,0.0570,-0.0200,-0.0500,0.0200,-0.2624,0.0949,0.3354,0.2346,-4.3407,-1.5881,4.0775,19.9934,-15.5437,-15.5771
55508364,-0.0016,-0.0071,0.3448,0.2144,-0.0145,-0.0200,-0.0500,0.0200,-0.2607,0.0960,0.3448,0.2144,-4.3407,-1.2030,3.0294,19.9760,-15.5443,-15.5769
55513364,0.0001,-0.0063,0.2957,0.1744,-0.0151,0.0796,-0.0500,-0.0581,-0.2589,0.0971,0.3577,0.2114,-2.3659,-0.9829,2.4777,19.9945,-15.5441,-15.5769
55518364,0.0014,-0.0056,0.2288,0.1191,0.0628,0.0658,0.0200,-0.0423,-0.2576,0.0978,0.2738,0.1462,-1.7076,-0.7079,1.8157,19.9999,-15.5436,-15.5773
55523365,0.0024,-0.0052,0.1674,0.0702,0.0823,0.0535,0.0200,-0.0270,-0.2565,0.0983,0.2023,0.0924,-1.2844,-0.5978,1.4848,19.9994,-15.5440,-15.5772
55528365,0.0033,-0.0049,0.1478,0.0409,0.0038,0.0519,-0.0324,-0.0197,-0.2557,0.0986,0.1702,0.0662,-1.0493,-0.5978,1.0986,19.9994,-15.5476,-15.5772
55533364,0.0037,-0.0048,0.1258,0.0254,-0.0328,0.0476,-0.0340,-0.0123,-0.2550,0.0988,0.1330,0.0327,-0.7672,-0.5978,-0.1049,19.9997,-15.5500,-15.5987
55538365,0.0044,-0.0048,0.0779,0.0150,0.0448,0.0356,-0.0322,-0.0051,-0.2547,0.0988,0.0660,0.0153,-0.6261,-1.3280,-1.3109,19.9997,-15.5688,-15.6288
55543365,0.0047,-0.0049,0.0241,-0.0027,0.1413,0.0212,-0.0300,0.0500,-0.2547,0.0989,-0.0017,0.0092,-0.2033,-2.1069,-1.3109,20.0049,-15.5920,-15.6341
55548364,0.0046,-0.0050,-0.0617,-0.0238,0.1056,-0.0017,-0.0215,0.0500,-0.2552,0.0989,-0.1050,0.0076,1.4649,-2.1069,-1.3109,20.0404,-15.6046,-15.6420
55553365,0.0038,-0.0056,-0.2043,-0.1350,0.0365,-0.0500,-0.0265,0.0500,-0.2565,0.0984,-0.2527,-0.0949,1.4649,-2.6873,-1.3109,20.0492,-15.6259,-15.6472
55558365,0.0027,-0.0064,-0.2059,-0.1988,0.0649,-0.0500,-0.0424,0.0500,-0.2576,0.0976,-0.2289,-0.1587,1.4649,-2.6873,-1.3109,20.0550,-15.6420,-15.6551
55563364,0.0017,-0.0078,-0.2190,-0.2132,0.0680,-0.0500,-0.0462,-0.0200,-0.2589,0.0968,-0.2439,-0.1698,1.4649,-2.9110,-1.3109,20.0638,-15.6573,-15.6603
55568365,0.0007,-0.0090,-0.2239,-0.2117,0.0026,-0.0500,-0.0461,-0.0200,-0.2601,0.0960,-0.2536,-0.1599,1.4649,-3.4703,0.2098,20.0697,-15.6889,-15.6352
55573365,-0.0003,-0.0100,-0.2364,-0.1494,-0.0838,0.0200,-0.0304,0.0951,-0.2614,0.0956,-0.2619,-0.0830,1.1269,-3.7127,0.7341,20.0716,-15.7077,-15.6221
55578365,-0.0017,-0.0108,-0.2498,-0.1335,-0.1339,0.0200,-0.0247,0.0997,-0.2628,0.0953,-0.2765,-0.0650,-0.5634,-3.8582,0.7341,20.0388,-15.7337,-15.6177
55583364,-0.0031,-0.0117,-0.2581,-0.1680,-0.0688,-0.0780,-0.0319,0.1126,-0.2642,0.0948,-0.2772,-0.0957,-0.5634,-4.1163,0.7341,20.0354,-15.7548,-15.6147
55588364,-0.0043,-0.0123,-0.2413,-0.1600,0.0353,-0.0800,-0.0335,0.1122,-0.2655,0.0943,-0.2604,-0.0878,-0.5634,-4.1163,0.7341,20.0332,-15.7795,-15.6103
55593364,-0.0053,-0.0133,-0.1854,-0.1481,0.0051,-0.0670,-0.0390,0.1058,-0.2664,0.0941,-0.1727,-0.0562,-2.0211,-4.3914,1.7823,19.9950,-15.8020,-15.5853
55598365,-0.0060,-0.0138,-0.1243,-0.0547,-0.0236,-0.0538,-0.0261,0.0808,-0.2669,0.0943,-0.1083,0.0430,-2.0211,-4.3914,2.1684,19.9869,-15.8284,-15.5647
55603365,-0.0066,-0.0141,-0.0935,-0.0220,0.1288,-0.0494,-0.0247,0.0692,-0.2672,0.0947,-0.0668,0.0836,-2.6094,-4.6348,2.4590,19.9623,-15.8516,-15.5501
55608365,-0.0069,-0.0140,-0.0379,0.0189,0.1850,-0.0370,-0.0220,0.0519,-0.2673,0.0953,-0.0063,0.1317,-2.6094,-4.5820,2.9918,19.9518,-15.8783,-15.5219
55613364,-0.0072,-0.0140,-0.0483,0.0379,0.0875,-0.0377,-0.0149,0.0493,-0.2672,0.0962,0.0102,0.1623,-3.7723,-4.5820,3.7757,19.9109,-15.8966,-15.4922
55618365,-0.0074,-0.0140,-0.0675,0.0318,-0.0820,-0.0405,-0.0112,0.0549,-0.2672,0.0970,-0.0025,0.1628,-3.7723,-4.4142,4.3849,19.8958,-15.9207,-15.4570
55623365,-0.0076,-0.0138,-0.0183,0.0571,-0.1009,-0.0279,-0.0109,0.0427,-0.2669,0.0979,0.0602,0.1906,-4.4686,-4.4142,4.5510,19.8558,-15.9384,-15.4355
55628365,-0.0076,-0.0136,0.0391,0.0864,0.0570,-0.0143,-0.0130,0.0252,-0.2663,0.0991,0.1303,0.2251,-4.8456,-4.2203,5.0881,19.8295,-15.9609,-15.3957
55633365,-0.0072,-0.0131,0.1133,0.1255,0.0686,0.0500,-0.0133,0.0045,-0.2652,0.1004,0.2101,0.2638,-4.8456,-3.8810,5.4027,19.8004,-15.9700,-15.3686
55638364,-0.0064,-0.0124,0.1976,0.1466,-0.0600,0.0500,-0.0138,-0.0500,-0.2642,0.1018,0.2106,0.2851,-5.1837,-3.8810,5.4027,19.7731,-15.9933,-15.3362
55643365,-0.0051,-0.0114,0.2654,0.1869,0.0344,0.0500,-0.0179,-0.0500,-0.2630,0.1030,0.2362,0.2378,-4.8075,-3.4162,5.1269,19.7498,-15.9989,-15.3205
55648364,-0.0033,-0.0107,0.3320,0.1820,0.1065,0.0500,-0.0296,-0.0500,-0.2615,0.1041,0.3037,0.2314,-4.8075,-3.3130,5.1269,19.7305,-16.0167,-15.2898
55653364,-0.0017,-0.0100,0.3293,0.1936,0.0979,-0.0200,-0.0274,-0.0500,-0.2600,0.1054,0.3009,0.2430,-4.2192,-3.3130,4.3520,19.7142,-16.0300,-15.2861
55658365,0.0002,-0.0090,0.3280,0.2095,0.0182,-0.0200,-0.0234,0.0200,-0.2585,0.1066,0.3020,0.2548,-3.4704,-3.0379,3.1896,19.7138,-16.0441,-15.2868
55663364,0.0018,-0.0080,0.2819,0.2059,-0.0200,0.0797,-0.0194,0.0200,-0.2570,0.1079,0.3001,0.2512,-2.5613,-3.0379,2.6084,19.7141,-16.0562,-15.2868
55668364,0.0031,-0.0071,0.2169,0.1701,-0.0004,0.0690,-0.0174,-0.0516,-0.2558,0.1091,0.2433,0.2443,-2.0799,-3.0379,1.9303,19.7144,-16.0745,-15.2867
55673365,0.0040,-0.0065,0.1319,0.1301,0.0045,0.0479,-0.0133,-0.0348,-0.2552,0.1101,0.1170,0.2035,0.0000,-3.3300,1.5913,19.7491,-16.0931,-15.2864
55678364,0.0047,-0.0058,0.0996,0.1283,-0.0297,0.0427,-0.0085,-0.0330,-0.2548,0.1111,0.0804,0.1944,0.0000,-3.3300,1.1003,19.7491,-16.1130,-15.2880
55683364,0.0048,-0.0054,0.0443,0.1112,-0.0548,0.0283,-0.0050,-0.0212,-0.2547,0.1119,0.0096,0.1519,0.0000,-3.3827,-0.6620,19.7491,-16.1275,-15.3223
55688364,0.0050,-0.0050,0.0046,0.0889,0.1388,0.0168,-0.0067,-0.0154,-0.2549,0.1125,-0.0320,0.1263,0.0000,-3.3827,-0.8826,19.7491,-16.1478,-15.3320
55693364,0.0047,-0.0047,-0.1093,0.0614,0.2216,-0.0500,0.0500,0.0500,-0.2556,0.1130,-0.1459,0.0988,0.0000,-3.3827,-0.8826,19.7491,-16.1613,-15.3355
55698364,0.0041,-0.0044,-0.1720,0.0516,0.1016,-0.0500,0.0500,0.0500,-0.2565,0.1132,-0.1720,0.0516,0.0000,-3.4387,-0.8826,19.7491,-16.1829,-15.3408
55703364,0.0030,-0.0044,-0.2611,0.0217,-0.0438,-0.0500,0.0500,0.0500,-0.2578,0.1133,-0.2611,0.0217,0.0000,-3.4387,-0.8826,19.7491,-16.1967,-15.3443
55708364,0.0017,-0.0042,-0.2990,0.0153,-0.0166,-0.0500,0.0500,0.0500,-0.2593,0.1134,-0.2990,0.0153,0.0000,-3.1478,-0.8826,19.7491,-16.2112,-15.3496
55713364,0.0003,-0.0042,-0.3192,-0.0140,0.1013,0.0200,-0.0200,-0.0200,-0.2609,0.1134,-0.3192,-0.0140,0.0000,-2.5660,-0.8826,19.7491,-16.2110,-15.3532
55718364,-0.0013,-0.0044,-0.3112,-0.0608,0.1422,0.0200,-0.0200,-0.0200,-0.2624,0.1131,-0.3112,-0.0608,0.0000,-1.8873,-0.8826,19.7491,-16.2109,-15.3585
55723365,-0.0029,-0.0047,-0.3002,-0.0776,0.0481,-0.0894,0.0112,0.0763,-0.2640,0.1127,-0.3203,-0.0677,-0.0470,-1.5480,-0.8826,19.7480,-16.2110,-15.3620
55728365,-0.0044,-0.0054,-0.2514,-0.1115,-0.0236,-0.0806,-0.0500,0.0849,-0.2653,0.1121,-0.2548,-0.1305,-0.0470,0.3915,-0.8826,19.7478,-16.1774,-15.3673
55733365,-0.0056,-0.0060,-0.2175,-0.1206,0.0655,-0.0776,-0.0500,0.0842,-0.2664,0.1115,-0.2119,-0.1124,-0.0470,0.7271,0.5517,19.7475,-16.1679,-15.3399
55738364,-0.0065,-0.0070,-0.1833,-0.1429,0.2390,-0.0728,-0.0500,0.0860,-0.2671,0.1109,-0.1499,-0.1248,-1.3306,0.7271,1.2136,19.7198,-16.1636,-15.3199
55743365,-0.0073,-0.0077,-0.1680,-0.1622,0.1489,-0.0707,-0.0500,0.0933,-0.2678,0.1102,-0.1300,-0.1441,-1.5980,0.7271,1.2136,19.7050,-16.1607,-15.3158
55748364,-0.0081,-0.0088,-0.1231,-0.2028,0.0240,-0.0601,0.0200,0.1021,-0.2681,0.1093,-0.0750,-0.1688,-1.6534,0.0000,2.2791,19.6975,-16.1723,-15.2843
55753365,-0.0087,-0.0102,-0.0889,-0.2663,0.0219,-0.0521,0.0200,0.1170,-0.2682,0.1081,-0.0169,-0.2324,-3.0378,0.0000,2.2791,19.6538,-16.1723,-15.2766
55758365,-0.0089,-0.0116,-0.0116,-0.2169,0.1376,-0.0333,-0.0701,0.0981,-0.2678,0.1073,0.0789,-0.1673,-3.5949,0.0000,3.3244,19.6301,-16.1723,-15.2351
55763364,-0.0086,-0.0126,0.0586,-0.1558,0.1651,-0.0144,-0.0686,0.0767,-0.2670,0.1069,0.1556,-0.0804,-3.7806,-0.6787,4.3766,19.6038,-16.1864,-15.2017
55768364,-0.0080,-0.0132,0.1231,-0.0788,0.1392,0.0500,-0.0613,0.0510,-0.2659,0.1070,0.2264,0.0263,-4.2652,-1.7938,5.2554,19.5774,-16.2178,-15.1530
55773364,-0.0072,-0.0134,0.1741,0.0037,0.1685,0.0500,-0.0490,0.0272,-0.2649,0.1076,0.2103,0.1207,-4.2652,-1.7938,6.0420,19.5518,-16.2250,-15.1180
55778364,-0.0061,-0.0134,0.2483,0.0363,0.2638,0.0500,-0.0530,0.0057,-0.2634,0.1085,0.2845,0.1748,-4.2089,-2.5167,6.7591,19.5359,-16.2513,-15.0616
55783364,-0.0047,-0.0131,0.3164,0.0651,0.3200,0.0500,-0.0575,-0.0500,-0.2616,0.1096,0.3576,0.2122,-4.2089,-2.5167,7.3403,19.5107,-16.2614,-15.0260
55788364,-0.0028,-0.0128,0.3998,0.0919,0.1828,-0.0200,-0.0671,-0.0500,-0.2598,0.1103,0.3708,0.1425,-3.9268,-3.3969,7.7584,19.4996,-16.2950,-14.9671
55793364,-0.0007,-0.0123,0.3775,0.1628,0.1728,-0.0200,-0.0508,-0.0500,-0.2580,0.1114,0.3485,0.2134,-1.7476,-3.3969,7.9245,19.5250,-16.3086,-14.9372
55798365,0.0011,-0.0112,0.3231,0.2465,0.2467,0.0807,-0.0264,-0.0500,-0.2565,0.1129,0.3019,0.3073,-0.7898,-4.0784,7.3875,19.5398,-16.3445,-14.8968
55803364,0.0024,-0.0099,0.2211,0.2914,0.2546,0.0601,-0.0017,0.0200,-0.2556,0.1147,0.1965,0.3531,-0.6208,-4.1312,7.2302,19.5390,-16.3618,-14.8750
55808365,0.0033,-0.0083,0.1301,0.3167,0.1569,0.0416,0.0500,0.0200,-0.2551,0.1166,0.1004,0.3839,-0.5081,-4.5005,5.1851,19.5391,-16.3960,-14.8750
55813364,0.0039,-0.0068,0.0693,0.3173,0.0347,0.0359,0.0500,-0.0685,-0.2545,0.1185,0.1129,0.3828,-0.3390,-4.6683,4.3985,19.5399,-16.4174,-14.8746
55818364,0.0043,-0.0051,0.0397,0.3146,0.0133,0.0294,0.0500,-0.0686,-0.2541,0.1203,0.0715,0.3613,-0.2827,-4.7801,3.1400,19.5398,-16.4483,-14.8749
55823365,0.0044,-0.0035,-0.0092,0.3146,0.1162,0.0161,0.0500,-0.0691,-0.2540,0.1221,0.0177,0.3543,-0.2264,-4.4892,2.6681,19.5394,-16.4614,-14.8746
55828364,0.0043,-0.0020,-0.0666,0.3118,0.2680,-0.0013,-0.0200,-0.0672,-0.2543,0.1238,-0.0475,0.3399,-0.1700,-3.3257,1.8815,19.5397,-16.4614,-14.8753
55833364,0.0036,-0.0007,-0.1939,0.2511,0.2989,-0.0500,-0.0200,-0.0410,-0.2552,0.1251,-0.1781,0.2752,-0.1137,-2.6955,1.6193,19.5399,-16.4609,-14.8746
55838364,0.0024,0.0004,-0.2291,0.1921,0.3126,-0.0500,0.0666,-0.0260,-0.2564,0.1263,-0.2366,0.2393,-0.1137,-2.0168,1.1474,19.5394,-16.4614,-14.8749
55843365,0.0012,0.0012,-0.1952,0.1619,0.3084,-0.0500,0.0595,-0.0222,-0.2574,0.1273,-0.2096,0.1855,-0.0573,-1.6289,-0.0488,19.5400,-16.4609,-14.8962
55848365,0.0004,0.0016,-0.1393,0.1179,0.2183,-0.0500,0.0462,-0.0171,-0.2582,0.1279,-0.1559,0.1248,-0.0573,-1.1926,-0.7324,19.5398,-16.4607,-14.9141
55853365,-0.0001,0.0019,-0.1197,0.0428,0.1175,0.0200,0.0307,-0.0020,-0.2589,0.1281,-0.1347,0.0467,-0.0573,-0.9987,-0.7324,19.5394,-16.4613,-14.9166
55858365,-0.0007,0.0021,-0.1613,0.0098,0.1001,0.0200,0.0269,0.0500,-0.2597,0.1279,-0.1713,-0.0393,-0.0573,1.0627,-2.2276,19.5392,-16.4191,-14.9543
