Time_us,Roll,Pitch,GyroX,GyroY,GyroZ,T1,T2,T3,PhiX,PhiY,PhiDX,PhiDY,motor_vel_1,motor_vel_2,motor_vel_3,motor_pos_1,motor_pos_2,motor_pos_3
73420051,-0.0955,-0.0802,-0.0012,-0.0070,-0.0047,-0.0200,-0.0885,0.2000,-0.0000,-0.0000,-0.0012,-0.0070,0.0000,0.0000,0.0000,21.8760,-11.6703,-22.0000
73423364,-0.0956,-0.0805,0.0003,-0.0101,-0.0038,-0.0200,-0.0901,0.2000,-0.0000,-0.0001,0.0003,-0.0101,0.0000,0.0000,0.0000,21.8760,-11.6703,-22.0000
73428364,-0.0957,-0.0808,0.0021,-0.0140,-0.0053,-0.0500,-0.0919,0.2000,0.0000,-0.0002,0.0021,-0.0140,0.0000,0.0000,0.0000,21.8760,-11.6703,-22.0000
73433364,-0.0958,-0.0810,-0.0018,-0.0137,-0.0096,-0.0500,-0.0921,0.2000,-0.0000,-0.0002,-0.0018,-0.0137,0.0000,0.0000,0.0000,21.8760,-11.6703,-22.0000
73438364,-0.0959,-0.0813,-0.0027,-0.0159,-0.0096,-0.0500,-0.0933,0.2000,-0.0000,-0.0003,-0.0027,-0.0159,0.0000,0.0000,0.0000,21.8760,-11.6703,-22.0000
73443364,-0.0961,-0.0816,-0.0061,-0.0241,0.0249,-0.0500,-0.0956,0.2000,-0.0001,-0.0004,-0.0065,-0.0233,0.0000,-0.0559,0.0000,21.8760,-11.6716,-22.0000
73448365,-0.0962,-0.0818,0.0070,-0.0339,0.0356,0.0200,-0.0991,0.2000,-0.0000,-0.0005,0.0012,-0.0219,0.0000,-0.7831,0.0523,21.8760,-11.6871,-21.9987
73453365,-0.0962,-0.0820,0.0156,-0.0547,0.0155,0.0200,-0.1031,0.2000,-0.0000,-0.0006,0.0089,-0.0130,-0.0464,-1.8497,0.9937,21.8750,-11.7143,-21.9787
73458365,-0.0961,-0.0823,0.0318,-0.0031,-0.0368,-0.2000,-0.0912,0.2000,0.0002,-0.0001,0.0348,0.0931,-0.0464,-3.1406,3.3285,21.8748,-11.7561,-21.9190
73463364,-0.0958,-0.0823,0.0415,0.0394,-0.0808,-0.2000,-0.0805,0.2000,0.0004,0.0008,0.0471,0.1775,-0.0464,-4.4059,4.8799,21.8746,-11.7963,-21.8711
73468365,-0.0955,-0.0818,0.0663,0.1423,-0.0976,-0.2000,-0.0565,0.2000,0.0008,0.0024,0.0808,0.3348,-0.0464,-5.6879,7.2180,21.8743,-11.8519,-21.7889
73473365,-0.0952,-0.0809,0.0736,0.2193,-0.0933,-0.2000,-0.0364,0.2000,0.0013,0.0047,0.0965,0.4446,-0.0464,-6.2682,8.8132,21.8741,-11.8881,-21.7249
73478365,-0.0949,-0.0796,0.0706,0.2330,-0.1003,-0.2000,-0.0260,0.2000,0.0019,0.0073,0.1235,0.5209,-1.2312,-7.8419,11.4592,21.8486,-11.9619,-21.6108
73483364,-0.0946,-0.0781,0.0418,0.2514,-0.1550,-0.2000,-0.0115,0.2000,0.0025,0.0101,0.1140,0.5758,-1.6620,-8.3582,13.3656,21.8336,-12.0042,-21.5232
73488365,-0.0945,-0.0769,0.0021,0.2285,-0.2744,-0.2000,-0.0041,0.2000,0.0030,0.0131,0.0959,0.5911,-2.0564,-8.7433,15.5052,21.8155,-12.0630,-21.3942
73493364,-0.0947,-0.0756,-0.0531,0.2764,-0.3132,-0.2000,0.0500,0.2000,0.0033,0.0164,0.0657,0.6582,-3.1270,-9.0354,16.5168,21.7830,-12.1045,-21.3100
73498364,-0.0951,-0.0741,-0.0287,0.3060,-0.2771,-0.2000,0.0500,0.2000,0.0043,0.0193,0.2092,0.5777,-5.1647,-8.9299,17.8111,21.7177,-12.1562,-21.1804
73503364,-0.0951,-0.0723,0.0583,0.3546,-0.2301,-0.2000,0.0500,0.2000,0.0060,0.0225,0.3235,0.6349,-6.4345,-8.6502,18.4186,21.6698,-12.1858,-21.0954
73508364,-0.0945,-0.0705,0.1717,0.3571,-0.2387,-0.2000,0.0500,0.2000,0.0084,0.0257,0.4823,0.6464,-8.7115,-7.8746,19.0905,21.5785,-12.2205,-20.9690
73513365,-0.0933,-0.0686,0.2828,0.3549,-0.2784,-0.2000,-0.0200,0.2000,0.0115,0.0289,0.6260,0.6480,-10.4216,-7.7196,19.4031,21.5060,-12.2489,-20.8856
73518365,-0.0915,-0.0668,0.4120,0.3561,-0.2533,-0.2000,-0.0200,0.2000,0.0155,0.0322,0.7994,0.6518,-12.8240,-5.7058,19.6600,21.3881,-12.2486,-20.7632
73523364,-0.0890,-0.0648,0.5256,0.4050,-0.1870,-0.1946,-0.0500,0.2000,0.0200,0.0360,0.8938,0.7729,-14.0405,-5.0345,19.7123,21.3099,-12.2562,-20.6833
73528365,-0.0861,-0.0627,0.6145,0.4505,-0.1788,-0.1554,-0.0500,0.1813,0.0252,0.0398,1.0515,0.7470,-15.5912,-5.0345,19.8108,21.1894,-12.2864,-20.5625
73533365,-0.0829,-0.0604,0.6689,0.4924,-0.1651,-0.1276,-0.0500,0.1499,0.0308,0.0437,1.1250,0.7907,-16.6136,-4.4294,19.9600,21.1043,-12.2937,-20.4800
73538365,-0.0794,-0.0578,0.7257,0.5437,-0.0331,-0.0995,-0.0500,0.1130,0.0369,0.0480,1.2015,0.8439,-17.6599,-3.2741,20.1166,20.9804,-12.2936,-20.3566
73543365,-0.0758,-0.0549,0.7489,0.5571,-0.0053,-0.0786,0.0200,0.0891,0.0430,0.0522,1.2357,0.8578,-18.2596,-2.9991,20.1650,20.8963,-12.3004,-20.2752
73548365,-0.0719,-0.0523,0.8021,0.5611,-0.0105,-0.0487,0.0200,0.0640,0.0495,0.0566,1.3023,0.8631,-18.9789,-2.9991,20.2661,20.7698,-12.3184,-20.1519
73553365,-0.0679,-0.0495,0.8396,0.5788,0.0002,-0.0248,-0.0103,0.0351,0.0561,0.0612,1.3168,0.9333,-19.3210,-3.5832,20.3186,20.6861,-12.3436,-20.0697
73558364,-0.0634,-0.0467,0.9068,0.6103,0.0246,0.0500,-0.0109,0.0001,0.0631,0.0661,1.3875,0.9725,-19.6802,-4.0053,20.4193,20.5615,-12.3738,-19.9454
73563365,-0.0586,-0.0437,0.9817,0.6539,0.0326,0.0500,0.0500,-0.0500,0.0687,0.0712,1.1185,1.0233,-19.8870,-4.0053,20.4193,20.4782,-12.3898,-19.8637
73568365,-0.0536,-0.0405,1.0079,0.6866,0.0155,0.0500,0.0500,-0.0500,0.0737,0.0746,1.0071,0.6866,-19.6853,-4.0053,20.2082,20.3634,-12.4138,-19.7460
73573364,-0.0483,-0.0369,1.0256,0.7049,-0.0001,0.0500,0.0500,-0.0500,0.0788,0.0782,1.0249,0.7049,-19.4160,-4.2290,19.9867,20.2908,-12.4350,-19.6699
73578364,-0.0431,-0.0334,1.0605,0.7462,0.0454,-0.0200,0.0500,-0.0500,0.0841,0.0819,1.0599,0.7462,-18.1669,-4.2290,19.1033,20.2025,-12.4604,-19.5702
73583364,-0.0378,-0.0295,1.0791,0.8125,0.0750,-0.0200,-0.0200,0.0200,0.0895,0.0860,1.0786,0.8125,-17.1796,-3.5018,18.0323,20.1511,-12.4614,-19.5173
73588365,-0.0322,-0.0255,1.1558,0.8464,0.0426,0.1815,-0.0200,0.0200,0.0966,0.0902,1.4263,0.8433,-15.5988,-2.5807,16.5347,20.0838,-12.4611,-19.4429
73593364,-0.0263,-0.0211,1.1503,0.8500,0.0646,0.2000,0.0221,-0.2000,0.1042,0.0957,1.5183,1.1101,-14.7371,-2.0959,15.3688,20.0412,-12.4608,-19.4026
73598365,-0.0204,-0.0169,1.1383,0.8247,0.0802,0.2000,0.0199,-0.2000,0.1116,0.1010,1.4646,1.0474,-13.0367,-1.5626,13.3852,19.9924,-12.4611,-19.3559
73603365,-0.0148,-0.0130,1.0889,0.7721,0.0494,0.2000,0.0172,-0.2000,0.1185,0.1059,1.3954,0.9783,-12.1598,-1.2717,12.5577,19.9591,-12.4610,-19.3196
73608364,-0.0095,-0.0093,1.0250,0.7165,0.0014,0.2000,0.0152,-0.2000,0.1251,0.1104,1.3052,0.8994,-11.0674,-0.9324,11.3347,19.9108,-12.4609,-19.2725
73613364,-0.0045,-0.0058,0.9835,0.6729,0.0054,0.2000,0.0129,-0.2000,0.1313,0.1146,1.2386,0.8412,-9.9599,-0.7869,10.4986,19.8916,-12.4614,-19.2447
73618364,0.0005,-0.0025,0.9951,0.6396,0.0881,0.2000,0.0050,-0.2000,0.1373,0.1185,1.2164,0.7920,-8.3351,-0.5930,9.6281,19.8678,-12.4616,-19.2009
73623365,0.0056,0.0007,1.0363,0.6194,0.1880,0.2000,-0.0500,-0.2000,0.1434,0.1222,1.2181,0.7432,-6.8495,-0.4476,7.8559,19.8671,-12.4608,-19.2013
73628365,0.0106,0.0039,1.0113,0.6203,0.2592,0.2000,-0.0500,-0.2000,0.1491,0.1258,1.1354,0.7060,-4.3297,-0.3506,5.7515,19.8833,-12.4613,-19.2029
73633364,0.0150,0.0065,0.8296,0.5345,0.1575,0.2000,-0.0500,-0.2000,0.1537,0.1288,0.9141,0.6044,-2.5577,-0.3021,4.6993,19.9049,-12.4616,-19.2031
73638364,0.0185,0.0089,0.6695,0.4594,0.2018,0.2000,-0.0500,-0.2000,0.1572,0.1313,0.6979,0.5027,-0.1798,-0.2052,2.9279,19.9439,-12.4611,-19.2147
73643365,0.0213,0.0109,0.5211,0.4032,0.2589,0.2000,0.0200,-0.2000,0.1597,0.1334,0.5029,0.4208,1.6698,-0.1567,1.2071,19.9836,-12.4609,-19.2406
73648364,0.0235,0.0128,0.4401,0.3409,0.1367,0.1963,0.0200,-0.2000,0.1614,0.1350,0.3496,0.3153,4.4227,-0.1082,-1.6858,20.0571,-12.4608,-19.2994
73653364,0.0254,0.0143,0.4178,0.3228,0.0277,0.1962,0.0500,-0.2000,0.1628,0.1364,0.2799,0.2761,6.3146,-0.1567,-3.2610,20.1164,-12.4624,-19.3409
73658364,0.0273,0.0158,0.4029,0.3161,0.0744,0.1935,0.0500,-0.2000,0.1638,0.1375,0.1889,0.2241,9.3725,-0.1567,-6.1359,20.2246,-12.4633,-19.4265
73663364,0.0294,0.0173,0.3845,0.2905,0.1783,0.1922,0.0500,-0.2000,0.1644,0.1383,0.1224,0.1706,11.2363,-0.1567,-8.0011,20.3030,-12.4639,-19.4918
73668365,0.0313,0.0187,0.3308,0.2807,0.2241,0.1803,0.0500,-0.2000,0.1644,0.1389,-0.0002,0.1189,13.8256,-0.1567,-10.8174,20.4303,-12.4649,-19.6049
73673365,0.0327,0.0200,0.2505,0.2465,0.0078,0.1654,-0.0200,-0.1931,0.1638,0.1392,-0.1243,0.0547,15.3603,-0.1567,-12.8350,20.5195,-12.4655,-19.6927
73678364,0.0337,0.0211,0.2123,0.2141,0.0448,0.1555,-0.0200,-0.1836,0.1627,0.1391,-0.2120,-0.0132,17.0304,-0.1567,-15.2287,20.6501,-12.4664,-19.8242
73683364,0.0347,0.0220,0.2346,0.1747,0.1563,0.1617,0.0145,-0.1822,0.1616,0.1388,-0.2157,-0.0676,17.8743,-0.1567,-16.3977,20.7368,-12.4671,-19.9103
73688365,0.0359,0.0227,0.2416,0.1124,0.2005,0.1656,-0.0006,-0.1727,0.1604,0.1381,-0.2362,-0.1493,18.8164,-0.1567,-17.7017,20.8659,-12.4680,-20.0383
73693365,0.0371,0.0232,0.2285,0.0605,0.2238,0.1657,-0.0500,-0.1629,0.1591,0.1370,-0.2621,-0.2108,19.2307,-0.1567,-18.3500,20.9504,-12.4686,-20.1232
73698364,0.0382,0.0232,0.1994,-0.0235,0.1578,0.1626,-0.0500,-0.1409,0.1576,0.1354,-0.3060,-0.3095,19.7547,-0.1567,-19.1843,21.0784,-12.4696,-20.2523
73703364,0.0392,0.0229,0.1802,-0.0910,0.0875,0.1620,-0.0500,-0.1231,0.1559,0.1335,-0.3341,-0.3832,20.0645,-0.1567,-19.5987,21.1644,-12.4702,-20.3380
73708364,0.0398,0.0224,0.1542,-0.0990,0.2225,0.1555,-0.0500,-0.1186,0.1541,0.1315,-0.3683,-0.3973,20.3283,-0.7763,-20.0162,21.2908,-12.4840,-20.4650
73713364,0.0406,0.0219,0.1451,-0.0672,0.3270,0.1547,0.0200,-0.1251,0.1522,0.1297,-0.3818,-0.3685,20.4824,-1.4476,-20.2176,21.3754,-12.5026,-20.5494
73718365,0.0413,0.0214,0.1329,-0.0574,0.2742,0.1551,0.0200,-0.1245,0.1502,0.1279,-0.3964,-0.3625,20.4889,-1.4476,-20.4780,21.4985,-12.5113,-20.6767
73723364,0.0415,0.0216,-0.0037,0.0159,0.3432,0.1190,-0.0059,-0.1263,0.1474,0.1266,-0.5537,-0.2597,20.4889,-2.1628,-20.6964,21.5805,-12.5319,-20.7635
73728365,0.0415,0.0216,-0.0336,0.0082,0.3893,0.1104,-0.0039,-0.1215,0.1445,0.1253,-0.5897,-0.2628,20.4874,-2.6579,-20.9036,21.7036,-12.5574,-20.8927
73733364,0.0410,0.0216,-0.0522,0.0165,0.3969,0.1036,0.0013,-0.1201,0.1414,0.1240,-0.6102,-0.2561,20.5409,-2.6579,-21.0078,21.7868,-12.5681,-20.9786
73738365,0.0405,0.0217,-0.1057,0.0437,0.2858,0.0892,0.0500,-0.1172,0.1381,0.1229,-0.6683,-0.2224,20.5384,-3.1447,-21.0630,21.9098,-12.5954,-21.1058
73743364,0.0400,0.0218,-0.1381,0.0464,0.2012,0.0822,0.0500,-0.1099,0.1347,0.1215,-0.6741,-0.2673,20.5919,-3.1447,-21.0594,21.9931,-12.6080,-21.1899
73748365,0.0393,0.0223,-0.1823,0.0730,0.2378,0.0675,0.0500,-0.1108,0.1311,0.1204,-0.7189,-0.2399,20.6457,-2.8809,-21.0071,22.1178,-12.6214,-21.3151
73753364,0.0383,0.0228,-0.2407,0.0968,0.3050,0.0480,0.0500,-0.1094,0.1272,0.1193,-0.7762,-0.2162,20.5903,-2.3533,-21.0098,22.1992,-12.6213,-21.3993
73758365,0.0367,0.0231,-0.2691,0.0666,0.2616,0.0353,-0.0200,-0.0967,0.1232,0.1180,-0.8047,-0.2449,20.6503,-1.7730,-20.9053,22.3244,-12.6221,-21.5231
73763364,0.0353,0.0232,-0.2547,-0.0076,0.1541,0.0347,-0.0200,-0.0786,0.1193,0.1165,-0.7909,-0.3184,20.7041,-0.3085,-20.8569,22.4082,-12.5972,-21.6056
73768365,0.0341,0.0226,-0.2291,-0.1405,0.0509,0.0377,0.0073,-0.0469,0.1154,0.1142,-0.7632,-0.4550,20.7106,0.2434,-20.8598,22.5327,-12.5854,-21.7306
73773364,0.0331,0.0219,-0.2092,-0.1713,0.0674,0.0386,-0.0500,-0.0385,0.1117,0.1118,-0.7429,-0.4851,20.7106,0.2434,-20.8076,22.6155,-12.5844,-21.8129
73778364,0.0322,0.0210,-0.2285,-0.1591,0.1114,0.0294,-0.0500,-0.0344,0.1079,0.1094,-0.7625,-0.4693,20.6069,0.2434,-20.8103,22.7371,-12.5830,-21.9379
73783365,0.0310,0.0202,-0.2382,-0.1778,0.1544,0.0220,-0.0500,-0.0250,0.1041,0.1070,-0.7683,-0.4871,20.4002,0.2434,-20.7580,22.8149,-12.5820,-22.0200
73788365,0.0298,0.0194,-0.2349,-0.2077,0.1810,0.0179,-0.0500,-0.0141,0.1003,0.1044,-0.7597,-0.5140,20.1966,0.2434,-20.5523,22.9329,-12.5806,-22.1401
73793365,0.0286,0.0183,-0.2288,-0.2456,0.1511,0.0154,0.0200,-0.0004,0.0965,0.1016,-0.7510,-0.5503,20.1025,0.2434,-20.4481,23.0118,-12.5796,-22.2200
73798364,0.0277,0.0168,-0.2230,-0.2911,-0.0013,0.0159,0.0200,0.0500,0.0928,0.0987,-0.7370,-0.5896,19.8357,0.2434,-20.0289,23.1263,-12.5781,-22.3334
73803365,0.0268,0.0151,-0.2334,-0.2984,-0.0606,0.0239,-0.0232,0.0500,0.0900,0.0972,-0.5688,-0.2979,19.4660,-0.2434,-19.7667,23.1974,-12.5875,-22.4078
73808365,0.0255,0.0137,-0.2972,-0.2324,0.0622,0.0022,-0.0050,0.0500,0.0869,0.0961,-0.6177,-0.2316,18.5848,-0.2434,-18.8733,23.2946,-12.5889,-22.5063
73813365,0.0239,0.0127,-0.3479,-0.1658,0.1282,-0.0500,0.0500,0.0500,0.0836,0.0952,-0.6573,-0.1648,17.9311,-0.2434,-18.3329,23.3548,-12.5899,-22.5698
73818364,0.0219,0.0120,-0.4142,-0.0993,0.0518,-0.0500,0.0500,-0.0200,0.0815,0.0947,-0.4141,-0.0993,16.8024,-0.9292,-16.7270,23.4369,-12.6056,-22.6434
73823364,0.0197,0.0116,-0.4517,-0.0996,-0.0655,-0.0500,0.0500,-0.0200,0.0793,0.0942,-0.4517,-0.0996,16.0536,-1.6678,-15.4467,23.4880,-12.6263,-22.6826
73828364,0.0177,0.0110,-0.4643,-0.1112,-0.1296,-0.0500,0.0500,0.0285,0.0764,0.0927,-0.5819,-0.3120,14.4277,-1.6678,-13.5638,23.5475,-12.6363,-22.7328
73833364,0.0154,0.0103,-0.4862,-0.0974,-0.1299,0.0200,-0.0200,0.0336,0.0734,0.0913,-0.5934,-0.2806,13.5263,-1.4568,-12.3618,23.5846,-12.6388,-22.7613
73838364,0.0130,0.0096,-0.4899,-0.0745,-0.1238,0.0200,-0.0200,0.0336,0.0705,0.0901,-0.5803,-0.2292,11.0490,-0.4017,-10.4295,23.6092,-12.6216,-22.7907
73843365,0.0104,0.0093,-0.4826,-0.0599,-0.1302,-0.0969,0.0618,0.0401,0.0669,0.0892,-0.7302,-0.1871,9.7713,-0.3489,-8.8797,23.6248,-12.6220,-22.7984
73848365,0.0080,0.0090,-0.4493,-0.0745,-0.1641,-0.0932,0.0567,0.0428,0.0637,0.0882,-0.6402,-0.1977,7.5429,0.5842,-7.6728,23.6323,-12.6043,-22.8257
73853364,0.0060,0.0085,-0.4007,-0.1167,-0.2316,-0.0850,0.0436,0.0503,0.0609,0.0870,-0.5474,-0.2309,6.0574,1.3630,-6.2936,23.6299,-12.5841,-22.8261
73858365,0.0040,0.0079,-0.3656,-0.1316,-0.2970,-0.0798,0.0385,0.0527,0.0586,0.0859,-0.4677,-0.2212,4.2932,1.3630,-4.6387,23.6251,-12.5759,-22.8257
73863365,0.0026,0.0071,-0.2639,-0.1338,-0.2503,-0.0600,0.0251,0.0446,0.0568,0.0849,-0.3588,-0.2110,4.2932,1.3630,-3.8112,23.6422,-12.5705,-22.8260
73868364,0.0015,0.0064,-0.1912,-0.1054,-0.1644,-0.0435,0.0192,0.0306,0.0556,0.0840,-0.2363,-0.1825,2.3898,2.3533,-2.8182,23.6243,-12.5400,-22.8260
73873365,0.0007,0.0059,-0.1264,-0.1060,-0.1348,-0.0299,0.0103,0.0248,0.0548,0.0831,-0.1596,-0.1750,1.9720,2.3533,-2.2733,23.6247,-12.5305,-22.8253
73878364,0.0003,0.0053,-0.0593,-0.1240,-0.2151,-0.0104,-0.0015,0.0201,0.0546,0.0823,-0.0503,-0.1584,0.6850,2.3533,0.0484,23.6084,-12.5164,-22.7856
73883364,0.0002,0.0046,0.0241,-0.1362,-0.3279,0.0500,-0.0500,0.0156,0.0548,0.0815,0.0509,-0.1714,-0.3231,2.4049,0.0484,23.5879,-12.5060,-22.7854
73888364,0.0006,0.0038,0.0974,-0.1460,-0.3660,0.0500,-0.0500,0.0078,0.0554,0.0808,0.1109,-0.1227,-0.3231,2.6631,1.5640,23.5859,-12.4849,-22.7522
73893365,0.0013,0.0030,0.1772,-0.1381,-0.4015,0.0500,-0.0500,-0.0500,0.0563,0.0803,0.1920,-0.1124,-0.3231,2.6631,1.7208,23.5846,-12.4743,-22.7422
73898364,0.0024,0.0022,0.2535,-0.1381,-0.4375,0.0500,-0.0500,-0.0500,0.0576,0.0796,0.2535,-0.1381,-0.3231,2.4692,1.7208,23.5827,-12.4623,-22.7319
73903364,0.0038,0.0015,0.3152,-0.1365,-0.4155,-0.0200,0.0200,-0.0500,0.0592,0.0789,0.3152,-0.1365,-0.3231,2.0329,2.8838,23.5814,-12.4620,-22.6995
73908364,0.0056,0.0009,0.3323,-0.1432,-0.3001,-0.0200,0.0200,-0.0500,0.0608,0.0782,0.3323,-0.1432,-0.3231,0.6608,2.8838,23.5795,-12.4799,-22.6822
73913364,0.0072,0.0004,0.2801,-0.1014,-0.2955,0.1028,-0.0661,0.0200,0.0622,0.0777,0.2737,-0.0968,0.2154,-0.3098,2.8838,23.5905,-12.4996,-22.6707
73918364,0.0086,-0.0002,0.2453,-0.0751,-0.3807,0.1005,-0.0598,0.0200,0.0634,0.0773,0.2389,-0.0705,0.2154,-0.3098,2.5420,23.5917,-12.5015,-22.6607
73923364,0.0098,-0.0004,0.2083,-0.0345,-0.3495,0.0971,-0.0482,-0.0354,0.0645,0.0774,0.2196,0.0006,0.2154,-0.3098,2.0538,23.5926,-12.5027,-22.6612
73928365,0.0109,-0.0004,0.1802,-0.0012,-0.2668,0.0904,-0.0388,-0.0413,0.0652,0.0776,0.1507,0.0438,1.3760,-1.8502,1.1713,23.6189,-12.5380,-22.6683
73933365,0.0120,-0.0005,0.1955,-0.0446,-0.3254,0.0973,-0.0524,-0.0324,0.0660,0.0775,0.1434,-0.0219,1.6546,-2.1252,-0.6092,23.6309,-12.5519,-22.7025
73938364,0.0127,-0.0007,0.1628,-0.0629,-0.4180,0.0915,-0.0519,-0.0236,0.0664,0.0773,0.0867,-0.0316,2.7621,-2.7094,-0.6092,23.6643,-12.5767,-22.7061
73943364,0.0135,-0.0013,0.1188,-0.0699,-0.4509,0.0838,-0.0505,-0.0161,0.0666,0.0771,0.0393,-0.0327,2.7621,-3.0988,-0.6092,23.6754,-12.5967,-22.7085
73948364,0.0142,-0.0018,0.0938,-0.0559,-0.4106,0.0777,-0.0463,-0.0157,0.0665,0.0771,-0.0119,-0.0117,4.0457,-3.5737,-0.6092,23.7219,-12.6253,-22.7122
73953364,0.0145,-0.0019,0.0342,0.0043,-0.2408,0.0609,-0.0287,-0.0230,0.0661,0.0773,-0.0844,0.0484,4.7980,-3.5737,-0.6092,23.7545,-12.6396,-22.7146
73958364,0.0142,-0.0018,-0.0990,0.0687,-0.3498,0.0262,0.0500,-0.0186,0.0649,0.0779,-0.2355,0.1220,5.5305,-4.1889,-0.6092,23.8000,-12.6741,-22.7183
73963364,0.0136,-0.0015,-0.1689,0.0941,-0.4115,0.0087,0.0500,-0.0104,0.0635,0.0783,-0.2822,0.0722,5.8536,-4.1889,-1.4454,23.8252,-12.6908,-22.7380
73968364,0.0127,-0.0011,-0.2272,0.1145,-0.4048,-0.0500,0.0500,-0.0060,0.0617,0.0787,-0.3584,0.0856,6.6558,-4.2859,-1.9157,23.8832,-12.7181,-22.7593
73973365,0.0114,-0.0006,-0.2972,0.1371,-0.3773,-0.0500,0.0500,-0.0058,0.0602,0.0793,-0.3137,0.1087,6.7112,-4.2859,-1.9157,23.9110,-12.7352,-22.7670
73978364,0.0098,0.0000,-0.3457,0.1747,-0.3731,-0.0500,-0.0200,-0.0069,0.0584,0.0800,-0.3622,0.1463,6.7666,-3.7179,-1.9157,23.9527,-12.7487,-22.7785
73983364,0.0080,0.0011,-0.3525,0.1881,-0.3874,-0.0500,-0.0200,-0.0086,0.0565,0.0808,-0.3711,0.1561,5.9643,-3.0466,-2.1579,23.9628,-12.7488,-22.7917
73988364,0.0062,0.0020,-0.3403,0.1707,-0.3572,0.0200,0.0806,-0.0080,0.0546,0.0816,-0.3780,0.1718,4.4133,-2.2204,-2.1579,23.9629,-12.7480,-22.8046
73993364,0.0046,0.0027,-0.3155,0.1185,-0.3022,0.0200,0.0706,0.0007,0.0529,0.0822,-0.3502,0.1142,3.6111,-1.8590,-2.1579,23.9629,-12.7489,-22.8133
73998364,0.0031,0.0030,-0.2682,0.0461,-0.3141,-0.0556,0.0521,0.0500,0.0512,0.0823,-0.3312,0.0103,2.7019,0.2424,-2.1579,23.9636,-12.7127,-22.8262
74003365,0.0023,0.0029,-0.1442,-0.0342,-0.5050,-0.0234,0.0237,0.0500,0.0503,0.0821,-0.1799,-0.0386,2.2206,0.2909,-1.7717,23.9637,-12.7106,-22.8263
74008364,0.0015,0.0027,-0.1261,-0.0174,-0.4983,-0.0213,0.0256,0.0500,0.0495,0.0820,-0.1517,-0.0218,1.6323,0.2909,-1.2752,23.9633,-12.7088,-22.8255
74013365,0.0010,0.0027,-0.0657,-0.0137,-0.3892,-0.0090,0.0180,0.0500,0.0491,0.0819,-0.0857,-0.0181,1.3114,0.2909,-1.0546,23.9628,-12.7077,-22.8258
74018365,0.0008,0.0026,-0.0095,-0.0281,-0.2466,0.0500,0.0059,-0.0200,0.0490,0.0817,-0.0240,-0.0324,0.9905,0.2909,0.5328,23.9633,-12.7059,-22.7976
74023365,0.0009,0.0023,0.0348,-0.0724,-0.2130,0.0500,-0.0500,-0.0200,0.0492,0.0812,0.0499,-0.0984,0.8300,1.7451,1.0655,23.9637,-12.6734,-22.7831
74028365,0.0013,0.0016,0.0956,-0.1542,-0.2778,0.0500,-0.0500,0.0154,0.0498,0.0805,0.1048,-0.1384,0.6161,1.8570,1.0655,23.9636,-12.6600,-22.7767
74033364,0.0020,0.0007,0.1368,-0.2049,-0.3333,0.0500,-0.0500,0.0222,0.0505,0.0797,0.1564,-0.1712,0.5092,1.8570,2.2675,23.9636,-12.6526,-22.7454
74038364,0.0030,-0.0006,0.2004,-0.2080,-0.3416,-0.0200,-0.0500,0.0175,0.0516,0.0788,0.2199,-0.1742,0.3487,1.8570,2.2675,23.9629,-12.6415,-22.7318
74043364,0.0040,-0.0018,0.2321,-0.1930,-0.3404,-0.0200,0.0200,0.0122,0.0529,0.0780,0.2516,-0.1593,0.2952,1.8570,2.2675,23.9632,-12.6340,-22.7227
74048364,0.0052,-0.0027,0.2526,-0.1448,-0.4198,0.0911,0.0200,0.0006,0.0543,0.0775,0.2722,-0.1036,0.2417,1.2977,2.7659,23.9636,-12.6344,-22.6982
74053365,0.0065,-0.0034,0.2156,-0.1539,-0.4445,0.0870,-0.0772,0.0072,0.0554,0.0770,0.2318,-0.1053,0.1883,-0.5034,2.7659,23.9633,-12.6685,-22.6871
74058364,0.0076,-0.0043,0.1885,-0.1717,-0.4390,0.0847,-0.0829,0.0150,0.0564,0.0764,0.2041,-0.1205,0.1348,-0.6712,2.7659,23.9632,-12.6758,-22.6705
74063365,0.0084,-0.0052,0.1381,-0.1881,-0.3697,0.0745,-0.0853,0.0250,0.0572,0.0757,0.1557,-0.1319,0.1883,-0.6712,3.1077,23.9649,-12.6785,-22.6515
74068364,0.0091,-0.0062,0.1536,-0.1509,-0.2973,0.0801,-0.0847,0.0160,0.0581,0.0752,0.1700,-0.0925,0.1883,-0.8166,3.1077,23.9660,-12.6855,-22.6329
74073365,0.0099,-0.0069,0.1814,-0.1145,-0.2836,0.0893,-0.0835,0.0051,0.0590,0.0750,0.1864,-0.0426,0.1883,-1.9317,2.8980,23.9668,-12.7138,-22.6248
74078364,0.0108,-0.0076,0.1872,-0.0751,-0.2176,0.0915,-0.0795,-0.0500,0.0598,0.0750,0.1649,-0.0025,1.6459,-2.0866,2.7931,24.0027,-12.7285,-22.6101
74083365,0.0119,-0.0079,0.1799,-0.0605,-0.1476,0.0895,-0.0799,-0.0500,0.0604,0.0749,0.1085,-0.0178,2.7164,-2.8611,2.7931,24.0319,-12.7547,-22.5989
74088365,0.0129,-0.0083,0.1405,-0.0522,-0.2118,0.0826,-0.0738,-0.0500,0.0606,0.0749,0.0493,0.0019,3.4828,-3.6313,2.7931,24.0653,-12.7879,-22.5821
74093364,0.0134,-0.0083,0.0730,0.0367,-0.4137,0.0691,-0.0438,-0.0500,0.0604,0.0754,-0.0349,0.0940,4.3371,-3.8514,2.5173,24.0988,-12.8076,-22.5768
74098364,0.0131,-0.0081,-0.0809,0.0913,-0.4241,0.0272,-0.0093,0.0200,0.0594,0.0762,-0.2177,0.1603,5.6247,-4.6303,1.8553,24.1547,-12.8491,-22.5770
74103365,0.0125,-0.0075,-0.1576,0.1545,-0.3147,0.0034,0.0500,0.0200,0.0578,0.0773,-0.3032,0.2306,5.9015,-5.1051,1.5243,24.1837,-12.8779,-22.5769
74108364,0.0115,-0.0067,-0.2404,0.1897,-0.2600,-0.0500,0.0500,-0.0045,0.0561,0.0784,-0.3504,0.2061,6.9389,-5.1051,1.1381,24.2436,-12.9085,-22.5767
74113365,0.0101,-0.0058,-0.3228,0.1894,-0.3453,-0.0500,0.0500,0.0500,0.0545,0.0794,-0.3181,0.1976,7.0799,-5.4407,0.5531,24.2747,-12.9366,-22.5845
74118364,0.0084,-0.0048,-0.3946,0.2028,-0.4021,-0.0500,0.0500,0.0500,0.0525,0.0804,-0.3946,0.2028,7.2490,-5.0528,-1.4158,24.3214,-12.9612,-22.6271
74123365,0.0064,-0.0040,-0.4191,0.2169,-0.3208,-0.0500,-0.0200,0.0500,0.0504,0.0815,-0.4191,0.2169,6.7104,-4.1317,-1.4158,24.3392,-12.9612,-22.6328
74128364,0.0042,-0.0030,-0.4218,0.2242,-0.2057,0.0200,-0.0200,0.0500,0.0483,0.0826,-0.4218,0.2242,4.9871,-3.0651,-1.4158,24.3394,-12.9613,-22.6413
74133364,0.0020,-0.0019,-0.4084,0.2230,-0.1702,0.0200,0.0947,-0.0200,0.0462,0.0839,-0.4297,0.2600,4.9871,-2.4834,-1.4158,24.3594,-12.9608,-22.6470
74138364,0.0002,-0.0009,-0.3305,0.1842,-0.2775,-0.0856,0.0869,-0.0200,0.0441,0.0849,-0.4203,0.2118,4.2907,-1.8531,-0.3671,24.3744,-12.9612,-22.6332
74143364,-0.0009,-0.0005,-0.1952,0.0690,-0.2521,-0.0546,0.0470,0.0173,0.0428,0.0854,-0.2623,0.0932,3.1951,-1.5138,0.1049,24.3679,-12.9612,-22.6237
74148365,-0.0017,-0.0004,-0.1515,0.0043,-0.2585,-0.0426,0.0254,0.0271,0.0419,0.0854,-0.1646,-0.0041,1.1486,0.6712,0.1049,24.3389,-12.9202,-22.6230
74153364,-0.0023,-0.0006,-0.1038,0.0067,-0.3297,-0.0317,0.0211,0.0232,0.0414,0.0854,-0.1132,-0.0017,0.9332,0.6712,0.1049,24.3387,-12.9175,-22.6226
74158364,-0.0027,-0.0005,-0.0480,0.0339,-0.3520,-0.0186,0.0211,0.0110,0.0411,0.0855,-0.0527,0.0255,0.6640,0.6712,0.1049,24.3382,-12.9135,-22.6220
74163364,-0.0027,-0.0005,0.0266,0.0122,-0.3352,0.0005,0.0077,0.0047,0.0413,0.0856,0.0318,0.0194,0.6101,0.6712,1.1530,24.3391,-12.9108,-22.5995
74168365,-0.0023,-0.0006,0.1100,-0.0379,-0.3214,0.0500,-0.0500,0.0029,0.0419,0.0855,0.1274,-0.0158,0.3947,0.6712,2.1460,24.3382,-12.9068,-22.5666
74173365,-0.0013,-0.0010,0.2062,-0.1121,-0.2943,0.0500,-0.0500,0.0056,0.0430,0.0851,0.2246,-0.0801,0.3408,1.1988,2.1460,24.3384,-12.8933,-22.5593
74178364,-0.0000,-0.0019,0.2544,-0.1964,-0.3083,0.0500,-0.0500,0.0173,0.0444,0.0844,0.2795,-0.1528,0.2331,2.0956,2.9209,24.3383,-12.8638,-22.5266
74183364,0.0016,-0.0031,0.2792,-0.2547,-0.3385,0.0500,-0.0500,0.0284,0.0459,0.0833,0.3043,-0.2112,0.2331,1.9374,2.9209,24.3390,-12.8586,-22.5167
74188365,0.0029,-0.0046,0.2972,-0.2700,-0.2115,-0.0200,0.0200,0.0305,0.0476,0.0822,0.3214,-0.2281,0.2331,0.8822,2.8164,24.3404,-12.8727,-22.4995
74193365,0.0042,-0.0060,0.2837,-0.2303,-0.2093,-0.0200,0.0200,0.0258,0.0491,0.0812,0.3070,-0.1899,0.2331,0.7240,2.7119,24.3412,-12.8726,-22.4924
74198365,0.0057,-0.0071,0.2636,-0.2001,-0.2607,0.0938,-0.1079,0.0241,0.0505,0.0804,0.2785,-0.1649,0.6509,0.3451,2.7119,24.3513,-12.8765,-22.4744
74203365,0.0071,-0.0081,0.2346,-0.1634,-0.2426,0.0892,-0.0995,0.0196,0.0516,0.0799,0.2156,-0.1014,1.7187,-1.4543,2.7119,24.3765,-12.9144,-22.4653
74208364,0.0083,-0.0090,0.2040,-0.1258,-0.1660,0.0850,-0.0934,0.0147,0.0525,0.0796,0.1822,-0.0588,1.7187,-1.7899,2.7119,24.3883,-12.9317,-22.4473
74213364,0.0092,-0.0097,0.1808,-0.1035,-0.1510,0.0817,-0.0899,0.0139,0.0532,0.0794,0.1494,-0.0366,2.2725,-1.7899,2.7119,24.4050,-12.9389,-22.4382
74218364,0.0100,-0.0104,0.1674,-0.0715,-0.1861,0.0819,-0.0845,0.0097,0.0539,0.0794,0.1302,-0.0046,2.6047,-1.7899,2.7119,24.4294,-12.9496,-22.4202
74223364,0.0110,-0.0107,0.1558,-0.0257,-0.1831,0.0825,-0.0758,0.0003,0.0544,0.0796,0.1150,0.0441,2.7652,-1.9353,2.7607,24.4408,-12.9597,-22.4101
74228364,0.0118,-0.0108,0.1243,0.0043,-0.1299,0.0756,-0.0671,-0.0500,0.0547,0.0800,0.0614,0.0754,3.9970,-2.0323,2.7607,24.4896,-12.9738,-22.3918
74233364,0.0124,-0.0106,0.0764,0.0470,-0.0517,0.0624,-0.0546,-0.0500,0.0547,0.0804,-0.0193,0.0834,4.3262,-2.4453,2.7607,24.5095,-12.9904,-22.3825
74238365,0.0124,-0.0104,-0.0525,0.0770,-0.0789,0.0289,-0.0296,-0.0500,0.0538,0.0810,-0.1649,0.1186,5.1150,-2.8068,2.2887,24.5588,-13.0143,-22.3745
74243364,0.0119,-0.0100,-0.1268,0.1225,-0.0976,0.0072,-0.0066,-0.0500,0.0525,0.0818,-0.2578,0.1707,5.9767,-3.2469,1.9217,24.5934,-13.0345,-22.3748
74248365,0.0110,-0.0094,-0.2245,0.1451,-0.0777,-0.0500,0.0500,0.0200,0.0507,0.0828,-0.3684,0.1990,6.5338,-3.6320,1.3973,24.6479,-13.0638,-22.3744
74253365,0.0097,-0.0086,-0.3115,0.1665,-0.0374,-0.0500,0.0500,0.0200,0.0491,0.0837,-0.3115,0.1665,6.9214,-4.1188,1.1876,24.6770,-13.0927,-22.3743
74258365,0.0080,-0.0078,-0.3888,0.2043,-0.0200,-0.0500,0.0500,0.0500,0.0472,0.0847,-0.3880,0.2058,7.1888,-4.1188,0.0954,24.7306,-13.1092,-22.3903
74263365,0.0059,-0.0069,-0.4340,0.2309,-0.0557,-0.0500,0.0500,0.0500,0.0450,0.0859,-0.4340,0.2309,6.9537,-3.5385,-0.8788,24.7483,-13.1215,-22.4118
74268365,0.0035,-0.0057,-0.4459,0.2529,-0.0789,0.0200,-0.0200,0.0500,0.0428,0.0871,-0.4459,0.2529,4.9318,-2.9054,-0.8788,24.7485,-13.1217,-22.4174
74273364,0.0012,-0.0045,-0.4285,0.2563,-0.0459,0.0200,-0.0200,0.0500,0.0407,0.0884,-0.4285,0.2563,4.8377,-2.1668,-0.8788,24.7618,-13.1220,-22.4206
74278364,-0.0008,-0.0034,-0.3757,0.1988,-0.0383,-0.1041,0.0861,-0.0200,0.0383,0.0895,-0.4678,0.2241,4.4997,-1.6960,-0.8788,24.7880,-13.1204,-22.4262
74283364,-0.0021,-0.0029,-0.2465,0.0825,-0.0988,-0.0742,0.0468,-0.0200,0.0368,0.0899,-0.3117,0.0796,3.8799,0.1947,-0.7324,24.7887,-13.0860,-22.4264
74288364,-0.0031,-0.0025,-0.1839,0.0400,-0.1562,-0.0601,0.0328,0.0332,0.0356,0.0901,-0.2284,0.0393,2.7531,0.1947,0.1465,24.7887,-13.0852,-22.4089
74293365,-0.0040,-0.0025,-0.1393,0.0235,-0.0921,-0.0523,0.0244,0.0315,0.0348,0.0902,-0.1731,0.0229,2.1333,0.1947,0.1465,24.7885,-13.0840,-22.4084
74298365,-0.0047,-0.0022,-0.1231,0.0330,0.0494,-0.0508,0.0248,0.0241,0.0341,0.0905,-0.1297,0.0464,1.0238,0.1947,1.0904,24.7732,-13.0833,-22.3876
74303364,-0.0051,-0.0021,-0.0577,0.0095,0.0378,-0.0338,0.0123,0.0200,0.0339,0.0906,-0.0369,0.0315,-0.2821,0.1947,1.6672,24.7475,-13.0821,-22.3704
74308364,-0.0052,-0.0023,0.0058,-0.0394,-0.0838,-0.0164,-0.0500,0.0253,0.0341,0.0905,0.0314,-0.0256,-0.2821,0.7448,1.6672,24.7464,-13.0700,-22.3598
74313364,-0.0050,-0.0026,0.0751,-0.0675,-0.1852,0.0500,-0.0500,0.0241,0.0345,0.0903,0.0943,-0.0426,-0.2821,1.9001,1.6672,24.7447,-13.0371,-22.3538
74318365,-0.0043,-0.0034,0.1329,-0.1045,-0.2164,0.0500,-0.0500,0.0257,0.0353,0.0900,0.1548,-0.0664,-0.2821,1.9001,2.5498,24.7436,-13.0295,-22.3239
74323365,-0.0033,-0.0041,0.1640,-0.1097,-0.1388,0.0500,-0.0500,0.0227,0.0363,0.0896,0.1859,-0.0716,-1.5122,1.9001,2.5498,24.7156,-13.0181,-22.3146
74328365,-0.0021,-0.0047,0.2123,-0.0932,-0.0453,0.0500,0.0200,0.0108,0.0374,0.0894,0.2387,-0.0472,-1.6192,1.7901,3.0826,24.7070,-13.0127,-22.2874
74333364,-0.0011,-0.0052,0.2309,-0.0776,-0.0823,-0.0200,0.0200,0.0049,0.0387,0.0892,0.2578,-0.0309,-0.8169,0.0000,3.1310,24.7140,-13.0452,-22.2751
74338364,0.0002,-0.0057,0.2459,-0.0644,-0.0386,-0.0200,-0.0627,-0.0009,0.0401,0.0891,0.2727,-0.0178,-0.6565,0.0000,3.1310,24.7143,-13.0452,-22.2551
74343365,0.0015,-0.0061,0.2248,-0.0379,0.1013,0.0631,-0.0587,-0.0500,0.0413,0.0892,0.2484,0.0261,-0.4961,-1.2657,3.0265,24.7141,-13.0725,-22.2460
74348365,0.0027,-0.0063,0.1930,-0.0229,0.2024,0.0559,-0.0568,-0.0500,0.0422,0.0893,0.1810,0.0054,-0.2480,-1.8985,3.0265,24.7173,-13.0922,-22.2267
74353364,0.0036,-0.0064,0.1536,-0.0452,0.1764,0.0480,-0.0576,-0.0500,0.0428,0.0892,0.1154,-0.0169,1.2696,-1.8985,3.0265,24.7519,-13.1036,-22.2158
74358365,0.0042,-0.0066,0.1054,-0.0654,0.0585,0.0393,-0.0554,-0.0500,0.0431,0.0890,0.0622,-0.0284,1.2696,-2.4789,2.6942,24.7570,-13.1232,-22.2034
74363364,0.0047,-0.0074,0.1029,-0.1127,-0.0059,0.0414,-0.0684,0.0200,0.0434,0.0887,0.0598,-0.0757,1.2696,-2.4789,2.1404,24.7646,-13.1381,-22.2024
74368365,0.0052,-0.0083,0.0999,-0.1335,0.0295,0.0410,-0.0766,0.0200,0.0436,0.0882,0.0392,-0.0965,2.2837,-2.4789,1.7527,24.7928,-13.1480,-22.2025
74373365,0.0059,-0.0092,0.1234,-0.1350,0.1089,0.0478,-0.0848,0.0500,0.0439,0.0877,0.0497,-0.0940,2.2837,-3.3738,-0.6271,24.8065,-13.1849,-22.2469
74378364,0.0062,-0.0099,0.0849,-0.1197,0.1428,0.0379,-0.0783,0.0500,0.0439,0.0874,-0.0004,-0.0593,2.9300,-4.0525,-0.7317,24.8290,-13.2127,-22.2519
74383365,0.0067,-0.0107,0.0492,-0.1359,0.1227,0.0302,-0.0797,0.0500,0.0436,0.0871,-0.0475,-0.0670,3.3070,-4.6205,-0.7317,24.8562,-13.2487,-22.2563
74388364,0.0069,-0.0115,0.0012,-0.1332,0.1712,0.0183,-0.0769,0.0500,0.0431,0.0868,-0.0978,-0.0642,3.4462,-4.6205,-0.7317,24.8722,-13.2672,-22.2592
74393364,0.0067,-0.0122,-0.0742,-0.0904,0.2082,-0.0500,-0.0595,-0.0200,0.0422,0.0867,-0.1805,-0.0116,3.5391,-5.2807,-0.7317,24.8953,-13.3106,-22.2636
74398364,0.0062,-0.0127,-0.1271,-0.0550,0.1419,-0.0500,-0.0467,-0.0200,0.0414,0.0869,-0.1771,0.0327,3.5391,-5.8648,-0.7317,24.9095,-13.3445,-22.2665
74403365,0.0054,-0.0129,-0.1875,0.0076,0.1062,-0.0500,-0.0241,0.0512,0.0401,0.0873,-0.2465,0.0891,2.7638,-6.1814,-0.7317,24.9132,-13.3868,-22.2709
74408364,0.0045,-0.0127,-0.2282,0.0669,0.1324,-0.0500,-0.0040,0.0445,0.0387,0.0881,-0.2871,0.1483,2.2655,-6.1814,-0.7317,24.9132,-13.4115,-22.2738
74413365,0.0033,-0.0125,-0.2648,0.0956,0.1413,0.0200,0.0500,0.0440,0.0371,0.0890,-0.3262,0.1812,1.6563,-6.4610,-0.7317,24.9127,-13.4558,-22.2782
74418365,0.0019,-0.0121,-0.2813,0.1228,-0.0126,0.0200,0.0500,0.0480,0.0356,0.0895,-0.2875,0.1119,1.3795,-6.5095,-0.7317,24.9133,-13.4828,-22.2812
74423364,0.0008,-0.0116,-0.1918,0.1237,-0.0783,-0.0448,0.0500,0.0381,0.0346,0.0901,-0.2012,0.1128,0.1830,-5.6317,-0.7317,24.8954,-13.5024,-22.2855
74428364,0.0001,-0.0111,-0.1057,0.1206,-0.0682,-0.0247,0.0500,0.0264,0.0341,0.0906,-0.0970,0.1119,-0.7892,-5.6317,-0.5864,24.8741,-13.5249,-22.2853
74433365,-0.0003,-0.0106,-0.0501,0.1035,-0.0414,-0.0126,-0.0200,0.0219,0.0339,0.0911,-0.0402,0.0970,-0.7892,-4.9165,-0.4411,24.8693,-13.5435,-22.2855
74438365,-0.0005,-0.0101,-0.0043,0.0935,-0.0493,-0.0015,-0.0200,0.0167,0.0340,0.0916,0.0064,0.0883,-0.7892,-4.0363,-0.3442,24.8662,-13.5438,-22.2852
74443364,-0.0005,-0.0096,0.0192,0.0702,-0.0637,0.0500,-0.0500,0.0146,0.0341,0.0921,0.0257,0.1111,-1.9740,-2.9911,-0.2473,24.8324,-13.5439,-22.2851
74448365,-0.0004,-0.0093,0.0214,0.0312,-0.0792,0.0500,-0.0500,0.0251,0.0342,0.0923,0.0197,0.0282,-1.9740,-2.4410,-0.1989,24.8245,-13.5437,-22.2851
74453364,-0.0002,-0.0094,0.0764,-0.0205,-0.1363,0.0500,-0.0500,0.0298,0.0346,0.0922,0.0751,-0.0227,-1.9740,-1.1230,-0.1505,24.8126,-13.5294,-22.2853
74458365,0.0003,-0.0097,0.1280,-0.0696,-0.1877,0.0500,-0.0500,0.0349,0.0352,0.0918,0.1267,-0.0719,-1.9740,0.1549,-0.1505,24.8047,-13.5050,-22.2859
74463365,0.0011,-0.0102,0.1930,-0.0996,-0.1974,-0.0200,0.0200,0.0335,0.0362,0.0913,0.1922,-0.1011,-1.9740,0.1549,-0.1020,24.7929,-13.5041,-22.2856
74468364,0.0022,-0.0108,0.2190,-0.1289,-0.1718,-0.0200,0.0200,0.0359,0.0372,0.0906,0.2181,-0.1304,-1.7486,0.1549,-0.1020,24.7897,-13.5035,-22.2860
74473365,0.0034,-0.0115,0.2004,-0.1206,-0.1657,0.0679,-0.0970,0.0355,0.0384,0.0900,0.2237,-0.1237,-1.2979,0.1549,-0.0536,24.7896,-13.5025,-22.2854
74478364,0.0043,-0.0122,0.1503,-0.1048,-0.2191,0.0573,-0.0899,0.0410,0.0391,0.0895,0.1446,-0.1079,0.3770,0.1549,-0.0536,24.8209,-13.5019,-22.2856
74483364,0.0050,-0.0129,0.1313,-0.0812,-0.2799,0.0544,-0.0838,0.0401,0.0396,0.0891,0.1048,-0.0739,1.2386,-0.5501,-0.0536,24.8447,-13.5158,-22.2859
74488364,0.0056,-0.0134,0.1472,-0.0574,-0.2677,0.0601,-0.0822,0.0324,0.0402,0.0890,0.1103,-0.0303,1.2386,-1.8154,0.0000,24.8496,-13.5465,-22.2851
74493365,0.0062,-0.0137,0.1604,-0.0382,-0.1580,0.0656,-0.0821,0.0226,0.0409,0.0890,0.1377,0.0138,1.2386,-1.8154,1.6724,24.8571,-13.5574,-22.2482
74498365,0.0071,-0.0139,0.1411,-0.0360,-0.0762,0.0634,-0.0831,0.0226,0.0414,0.0891,0.1184,0.0159,1.2386,-1.8154,1.6724,24.8620,-13.5646,-22.2415
74503365,0.0079,-0.0142,0.1112,-0.0373,-0.1052,0.0587,-0.0815,0.0268,0.0418,0.0892,0.0805,0.0147,1.7029,-1.8154,1.6724,24.8803,-13.5755,-22.2314
74508364,0.0085,-0.0145,0.0696,-0.0241,-0.1177,0.0507,-0.0753,0.0291,0.0420,0.0893,0.0389,0.0278,1.7029,-1.8154,1.6724,24.8871,-13.5828,-22.2248
74513365,0.0086,-0.0147,-0.0092,0.0147,-0.0377,0.0289,-0.0578,0.0304,0.0418,0.0897,-0.0568,0.0695,2.5889,-2.0101,1.6724,24.9170,-13.5987,-22.2147
74518365,0.0085,-0.0147,-0.0412,0.0382,0.0008,0.0200,-0.0492,0.0291,0.0413,0.0901,-0.0889,0.0930,2.5889,-2.0101,1.6724,24.9273,-13.6067,-22.2080
74523364,0.0083,-0.0145,-0.0699,0.0620,0.0057,0.0117,-0.0389,0.0271,0.0407,0.0907,-0.1245,0.1222,2.5889,-2.5905,1.4508,24.9428,-13.6329,-22.2028
74528364,0.0080,-0.0143,-0.1170,0.0736,-0.0111,-0.0500,-0.0284,0.0314,0.0398,0.0914,-0.1868,0.1297,3.3376,-2.5905,1.1739,24.9703,-13.6433,-22.2031
74533365,0.0074,-0.0141,-0.1567,0.0812,-0.0096,-0.0500,-0.0212,0.0328,0.0389,0.0921,-0.1773,0.1442,3.3376,-3.3176,0.8970,24.9903,-13.6747,-22.2025
74538365,0.0066,-0.0139,-0.1759,0.0886,0.0121,-0.0500,-0.0154,0.0345,0.0379,0.0929,-0.1980,0.1490,3.1025,-3.3176,0.7309,24.9988,-13.6880,-22.2026
74543365,0.0057,-0.0136,-0.1772,0.1002,0.0109,-0.0500,-0.0101,0.0334,0.0369,0.0936,-0.2011,0.1573,2.3032,-3.3176,0.5094,24.9989,-13.7079,-22.2033
74548364,0.0047,-0.0133,-0.1662,0.0996,-0.0288,0.0200,-0.0089,0.0339,0.0359,0.0944,-0.1864,0.1487,1.8800,-2.8328,0.4540,24.9987,-13.7108,-22.2025
74553365,0.0039,-0.0129,-0.1332,0.0886,-0.0667,0.0200,-0.0118,0.0329,0.0352,0.0951,-0.1544,0.1360,0.8086,-2.8328,0.3432,24.9866,-13.7278,-22.2025
74558365,0.0033,-0.0126,-0.0840,0.0660,-0.0572,-0.0082,-0.0211,0.0315,0.0347,0.0956,-0.0992,0.1126,-0.3744,-2.8328,0.2879,24.9633,-13.7391,-22.2024
74563364,0.0034,-0.0124,0.0418,0.0586,-0.0566,0.0500,-0.0383,0.0167,0.0348,0.0961,0.0297,0.0998,-0.3744,-2.4713,0.2879,24.9610,-13.7484,-22.2008
74568364,0.0037,-0.0122,0.0950,0.0531,-0.0374,0.0500,-0.0469,0.0104,0.0352,0.0966,0.0803,0.0874,-0.3744,-2.0066,0.2879,24.9595,-13.7481,-22.1997
74573365,0.0044,-0.0118,0.1387,0.0516,0.0026,0.0500,-0.0539,0.0023,0.0359,0.0970,0.1284,0.0782,-2.0356,-1.4902,0.2879,24.9211,-13.7483,-22.1979
74578364,0.0053,-0.0115,0.1604,0.0425,0.0454,0.0500,-0.0603,-0.0018,0.0366,0.0973,0.1523,0.0652,-2.3679,-1.2321,0.2879,24.9051,-13.7486,-22.1968
74583364,0.0063,-0.0115,0.1527,0.0284,0.0503,-0.0200,-0.0649,0.0004,0.0374,0.0975,0.1473,0.0465,-2.3679,-0.9222,0.2879,24.8909,-13.7488,-22.1951
74588365,0.0072,-0.0116,0.1457,0.0144,0.0032,-0.0200,-0.0689,0.0035,0.0381,0.0977,0.1416,0.0301,-2.3679,-0.7673,0.2879,24.8814,-13.7490,-22.1939
74593364,0.0081,-0.0117,0.1393,0.0092,-0.0282,0.0682,-0.0716,0.0044,0.0388,0.0978,0.1434,0.0218,-0.3744,-0.5608,0.2879,24.9139,-13.7487,-22.1922
74598364,0.0090,-0.0118,0.1445,0.0095,-0.0169,0.0731,-0.0744,0.0020,0.0395,0.0979,0.1476,0.0222,-0.3190,-0.5608,0.2879,24.9137,-13.7508,-22.1910
74603364,0.0097,-0.0120,0.1518,0.0055,0.0414,0.0765,-0.0786,0.0005,0.0403,0.0980,0.1531,0.0182,-0.2082,-0.5608,0.2879,24.9143,-13.7542,-22.1893
74608365,0.0103,-0.0120,0.0767,0.0174,-0.0126,0.0607,-0.0673,0.0071,0.0407,0.0981,0.0779,0.0301,-0.2082,-0.5608,0.2879,24.9135,-13.7564,-22.1882
74613365,0.0106,-0.0121,0.0327,0.0278,-0.0465,0.0505,-0.0578,0.0091,0.0408,0.0984,0.0194,0.0644,-0.1529,-2.1562,0.2879,24.9137,-13.7957,-22.1864
74618364,0.0107,-0.0120,-0.0162,0.0516,-0.0004,0.0378,-0.0470,0.0092,0.0406,0.0989,-0.0305,0.0882,-0.0975,-2.1562,0.2879,24.9143,-13.8043,-22.1853
74623365,0.0105,-0.0120,-0.0467,0.0586,0.0173,0.0284,-0.0399,0.0109,0.0403,0.0994,-0.0701,0.1112,-0.0975,-3.2271,0.2879,24.9138,-13.8412,-22.1836
74628365,0.0103,-0.0118,-0.0678,0.0699,0.0005,0.0220,-0.0344,0.0123,0.0398,0.1000,-0.1003,0.1084,-0.0421,-3.2271,-0.6646,24.9145,-13.8541,-22.2033
74633365,0.0101,-0.0116,-0.0819,0.0864,-0.0093,0.0175,-0.0271,0.0099,0.0392,0.1006,-0.1175,0.1304,-0.0421,-3.5964,-0.6646,24.9143,-13.8819,-22.2072
74638365,0.0098,-0.0113,-0.0953,0.0877,-0.0169,0.0130,-0.0236,0.0112,0.0385,0.1013,-0.1310,0.1316,-0.0421,-3.5964,-0.6646,24.9141,-13.8963,-22.2099
74643364,0.0092,-0.0111,-0.1014,0.0965,0.0035,0.0087,-0.0190,0.0101,0.0378,0.1020,-0.1378,0.1405,0.0000,-3.5964,-0.6646,24.9140,-13.9179,-22.2139
74648365,0.0087,-0.0108,-0.0898,0.1008,0.0112,0.0094,-0.0176,0.0078,0.0372,0.1027,-0.1248,0.1422,0.0000,-3.4286,-0.6646,24.9140,-13.9285,-22.2166
74653365,0.0083,-0.0104,-0.0452,0.1097,-0.0200,0.0195,-0.0188,0.0000,0.0368,0.1035,-0.0802,0.1511,0.0000,-3.4286,-0.6646,24.9140,-13.9490,-22.2205
74658365,0.0080,-0.0100,-0.0293,0.1051,-0.0065,0.0222,-0.0202,-0.0018,0.0365,0.1042,-0.0635,0.1450,0.0000,-3.3317,-0.6646,24.9140,-13.9608,-22.2232
74663365,0.0078,-0.0097,-0.0162,0.1026,0.0136,0.0250,-0.0223,-0.0500,0.0363,0.1048,-0.0429,0.1295,0.0000,-2.4590,-0.6646,24.9140,-13.9608,-22.2272
74668365,0.0077,-0.0093,0.0037,0.1020,0.0237,0.0301,-0.0237,-0.0500,0.0362,0.1055,-0.0136,0.1323,0.0000,-2.0227,-0.6646,24.9140,-13.9611,-22.2298
74673365,0.0076,-0.0089,0.0174,0.0968,0.0170,0.0337,-0.0256,-0.0500,0.0362,0.1061,0.0047,0.1191,0.0000,-1.4894,-0.6646,24.9140,-13.9609,-22.2338
74678364,0.0080,-0.0084,0.0308,0.0935,0.0274,0.0386,-0.0275,-0.0500,0.0363,0.1067,0.0202,0.1121,0.0000,-1.2470,-0.6646,24.9140,-13.9616,-22.2365
74683365,0.0084,-0.0081,0.0421,0.0867,0.0494,0.0431,-0.0309,0.0200,0.0365,0.1072,0.0344,0.1003,0.0000,-0.9077,-0.6646,24.9140,-13.9612,-22.2405
74688365,0.0088,-0.0078,0.0418,0.0764,0.0405,0.0450,-0.0332,0.0200,0.0367,0.1076,0.0353,0.0878,0.0000,-0.7622,-0.6646,24.9140,-13.9616,-22.2431
74693365,0.0092,-0.0077,0.0308,0.0641,0.0124,0.0436,-0.0350,-0.0091,0.0368,0.1079,0.0185,0.0597,0.0000,-0.5683,-0.8736,24.9140,-13.9616,-22.2518
74698365,0.0095,-0.0076,0.0144,0.0367,0.0100,0.0407,-0.0394,-0.0018,0.0368,0.1080,0.0028,0.0307,0.0000,-0.4713,-0.8736,24.9140,-13.9616,-22.2553
74703365,0.0096,-0.0074,-0.0223,0.0321,0.0298,0.0299,-0.0356,0.0500,0.0365,0.1081,-0.0579,0.0153,1.1766,-0.3259,-1.4548,24.9391,-13.9610,-22.2726
74708364,0.0095,-0.0075,-0.0397,0.0333,0.0109,0.0250,-0.0314,0.0500,0.0361,0.1083,-0.0809,0.0373,2.2462,-0.2774,-2.0360,24.9680,-13.9613,-22.2919
74713365,0.0093,-0.0075,-0.0522,0.0498,-0.0001,0.0213,-0.0258,0.0500,0.0356,0.1086,-0.0926,0.0524,2.2462,-0.1805,-2.0360,24.9815,-13.9608,-22.3041
74718364,0.0091,-0.0074,-0.0611,0.0687,0.0097,0.0181,-0.0200,0.0500,0.0351,0.1089,-0.1014,0.0713,2.2462,-0.1805,-2.0360,24.9905,-13.9615,-22.3123
74723365,0.0090,-0.0072,-0.0669,0.0837,0.0042,0.0163,-0.0151,-0.0200,0.0346,0.1094,-0.1027,0.0856,2.0111,-0.1320,-2.0360,24.9990,-13.9614,-22.3245
74728365,0.0087,-0.0070,-0.0721,0.0959,-0.0142,0.0147,-0.0105,-0.0200,0.0341,0.1098,-0.1010,0.0971,1.6350,-0.0835,-1.7050,24.9987,-13.9609,-22.3255
74733365,0.0083,-0.0067,-0.0693,0.1029,-0.0462,0.0139,-0.0082,-0.0500,0.0336,0.1103,-0.1018,0.0853,1.2118,-0.0835,-1.2637,24.9987,-13.9614,-22.3256
74738365,0.0078,-0.0063,-0.0617,0.1100,-0.0566,0.0153,-0.0046,-0.0500,0.0332,0.1108,-0.0789,0.1104,0.9767,-0.0350,-0.4753,24.9984,-13.9607,-22.3141
74743365,0.0075,-0.0060,-0.0473,0.1194,-0.0456,0.0178,-0.0028,-0.0500,0.0329,0.1114,-0.0601,0.1194,0.7416,0.0000,0.9202,24.9988,-13.9607,-22.2831
74748364,0.0074,-0.0056,-0.0250,0.1298,-0.0472,0.0231,-0.0018,-0.0500,0.0327,0.1121,-0.0354,0.1298,0.6005,0.0000,0.9202,24.9987,-13.9607,-22.2794
74753364,0.0072,-0.0051,-0.0153,0.1316,-0.0426,0.0248,-0.0006,0.0200,0.0326,0.1127,-0.0232,0.1316,0.4595,0.0000,0.3390,24.9989,-13.9607,-22.2868
74758365,0.0069,-0.0045,-0.0095,0.1258,-0.0407,0.0255,-0.0002,0.0200,0.0325,0.1134,-0.0158,0.1258,0.3654,0.0000,0.2906,24.9987,-13.9607,-22.2865
74763365,0.0068,-0.0039,-0.0031,0.1188,-0.0297,0.0265,-0.0003,-0.0251,0.0325,0.1140,-0.0061,0.1217,0.2714,0.0000,0.1937,24.9987,-13.9607,-22.2869
74768364,0.0069,-0.0035,0.0012,0.1179,-0.0163,0.0272,-0.0012,-0.0254,0.0324,0.1145,-0.0131,0.0998,0.2243,0.0000,-1.2136,24.9987,-13.9607,-22.3159
74773365,0.0072,-0.0031,0.0067,0.1167,-0.0120,0.0293,-0.0015,-0.0273,0.0324,0.1149,-0.0110,0.0912,0.1773,0.0000,-1.7101,24.9989,-13.9607,-22.3357
74778364,0.0074,-0.0027,0.0095,0.1219,-0.0160,0.0311,0.0003,-0.0308,0.0324,0.1154,-0.0075,0.0964,0.1303,0.0000,-1.7101,24.9985,-13.9607,-22.3426
74783364,0.0076,-0.0023,0.0058,0.1240,-0.0297,0.0310,0.0500,-0.0323,0.0323,0.1159,-0.0103,0.0986,0.0833,0.0000,-1.7101,24.9983,-13.9607,-22.3528
74788365,0.0078,-0.0017,-0.0027,0.1197,-0.0383,0.0298,0.0500,-0.0326,0.0322,0.1164,-0.0189,0.0943,0.0833,0.0000,-1.7101,24.9986,-13.9607,-22.3597
74793365,0.0079,-0.0012,-0.0244,0.1151,-0.0533,0.0251,0.0500,-0.0308,0.0320,0.1168,-0.0391,0.0897,0.0000,0.0000,-1.7101,24.9981,-13.9607,-22.3699
74798364,0.0079,-0.0007,-0.0385,0.1093,-0.0777,0.0220,0.0500,-0.0293,0.0317,0.1172,-0.0537,0.0831,0.0000,0.2237,-1.7626,24.9981,-13.9562,-22.3779
74803364,0.0079,-0.0001,-0.0510,0.0987,-0.0832,0.0187,-0.0200,-0.0271,0.0314,0.1176,-0.0662,0.0725,0.0000,1.7899,-1.7626,24.9981,-13.9170,-22.3885
74808365,0.0077,0.0004,-0.0623,0.0910,-0.0820,0.0152,-0.0200,-0.0256,0.0310,0.1179,-0.0775,0.0648,0.0000,1.7899,-1.7626,24.9981,-13.9098,-22.3956
74813364,0.0075,0.0009,-0.0657,0.0794,-0.0951,0.0152,0.0103,-0.0218,0.0307,0.1180,-0.0625,0.0126,0.0000,2.4229,-2.0555,24.9981,-13.8860,-22.4123
74818364,0.0073,0.0014,-0.0767,0.0764,-0.1177,0.0123,0.0125,-0.0203,0.0304,0.1180,-0.0690,0.0017,0.0000,2.9505,-2.0555,24.9981,-13.8640,-22.4205
74823364,0.0071,0.0018,-0.0907,0.0889,-0.1284,0.0080,0.0191,-0.0222,0.0300,0.1181,-0.0830,0.0142,0.0000,2.9505,-2.0555,24.9981,-13.8463,-22.4328
74828364,0.0067,0.0023,-0.0883,0.0779,-0.0762,0.0061,0.0184,-0.0216,0.0296,0.1181,-0.0797,0.0017,0.0000,3.0479,-2.0555,24.9981,-13.8324,-22.4410
74833364,0.0062,0.0028,-0.0962,0.0715,-0.0169,0.0015,0.0199,-0.0207,0.0291,0.1180,-0.0872,-0.0038,0.0000,3.0479,-2.0001,24.9981,-13.8141,-22.4522
74838364,0.0057,0.0030,-0.0837,0.0174,-0.0056,0.0029,0.0084,-0.0110,0.0288,0.1178,-0.0713,-0.0521,0.0000,3.0479,-1.6125,24.9981,-13.8019,-22.4517
74843364,0.0054,0.0032,-0.0693,0.0046,-0.0053,0.0050,0.0059,-0.0108,0.0285,0.1175,-0.0579,-0.0518,0.0000,2.5528,-1.2248,24.9981,-13.7945,-22.4524
74848365,0.0049,0.0031,-0.0574,-0.0076,0.0335,0.0055,0.0027,-0.0096,0.0282,0.1173,-0.0483,-0.0533,0.0000,2.0576,-1.0033,24.9981,-13.7952,-22.4523
74853365,0.0045,0.0030,-0.0443,-0.0015,0.0857,0.0068,0.0024,-0.0125,0.0281,0.1170,-0.0323,-0.0439,0.0000,2.1127,-0.7264,24.9981,-13.7814,-22.4519
74858364,0.0043,0.0029,-0.0299,0.0034,0.0878,0.0094,0.0016,-0.0144,0.0280,0.1169,-0.0170,-0.0374,0.0000,2.1127,-0.6156,24.9981,-13.7730,-22.4523
74863364,0.0042,0.0027,-0.0199,0.0223,0.0570,0.0123,0.0045,-0.0190,0.0280,0.1168,-0.0055,-0.0160,0.0000,2.1127,-0.4495,24.9981,-13.7603,-22.4520
74868364,0.0043,0.0027,-0.0125,0.0498,0.0378,0.0146,0.0098,-0.0259,0.0280,0.1168,0.0028,0.0132,0.0000,2.1127,-0.3387,24.9981,-13.7518,-22.4514
74873364,0.0043,0.0029,-0.0098,0.0757,0.0524,0.0151,0.0159,-0.0331,0.0280,0.1171,0.0020,0.0469,0.0000,1.6479,-0.2833,24.9981,-13.7496,-22.4522
74878364,0.0043,0.0031,-0.0119,0.1093,0.0799,0.0141,0.0246,-0.0417,0.0280,0.1175,-0.0023,0.0860,0.0000,1.3381,-0.2280,24.9981,-13.7498,-22.4520
74883364,0.0043,0.0037,-0.0180,0.1619,0.0445,0.0129,0.0397,-0.0543,0.0279,0.1182,-0.0111,0.1447,0.0000,0.9767,-0.1726,24.9981,-13.7500,-22.4521
74888365,0.0044,0.0046,-0.0336,0.1753,0.0405,0.0087,0.0488,-0.0590,0.0277,0.1191,-0.0337,0.1720,0.0000,0.1032,-0.1172,24.9981,-13.7644,-22.4515
74893364,0.0044,0.0056,-0.0415,0.1756,0.0591,0.0054,0.0549,-0.0625,0.0275,0.1201,-0.0535,0.1928,0.0000,-1.2653,-0.1172,24.9981,-13.7974,-22.4522
74898364,0.0042,0.0065,-0.0501,0.1683,0.0726,0.0025,0.0574,-0.0627,0.0272,0.1209,-0.0592,0.1789,0.0000,-0.8802,-0.1726,24.9981,-13.7937,-22.4540
74903365,0.0039,0.0074,-0.0571,0.1506,0.0610,0.0001,0.0579,-0.0603,0.0269,0.1217,-0.0643,0.1579,0.0000,-0.6602,-0.1726,24.9981,-13.7939,-22.4550
74908365,0.0036,0.0082,-0.0632,0.1255,0.0484,-0.0500,0.0565,-0.0559,0.0265,0.1224,-0.0695,0.1312,0.0000,-0.5501,-0.1726,24.9981,-13.7941,-22.4557
74913364,0.0033,0.0088,-0.0641,0.0877,0.0625,-0.0500,0.0505,-0.0491,0.0262,0.1228,-0.0690,0.0908,0.0000,-0.3851,-0.1726,24.9981,-13.7935,-22.4568
74918365,0.0031,0.0091,-0.0657,0.0421,0.0759,-0.0500,0.0424,-0.0398,0.0258,0.1231,-0.0700,0.0445,0.0000,-0.3301,-0.1726,24.9981,-13.7939,-22.4574
74923364,0.0027,0.0093,-0.0702,-0.0043,0.0689,-0.0500,0.0327,-0.0262,0.0254,0.1229,-0.0895,-0.0308,-0.1070,-0.2201,-2.0017,24.9960,-13.7934,-22.4996
74928364,0.0024,0.0092,-0.0696,-0.0409,0.0286,0.0200,0.0240,-0.0162,0.0250,0.1225,-0.0789,-0.0846,-1.6045,0.9295,-2.0017,24.9623,-13.7700,-22.5076
74933364,0.0022,0.0089,-0.0476,-0.0800,0.0307,0.0200,0.0111,-0.0085,0.0247,0.1218,-0.0489,-0.1376,-1.6045,1.8589,-2.0017,24.9527,-13.7414,-22.5197
74938364,0.0019,0.0086,-0.0415,-0.0816,0.0341,-0.0012,0.0083,-0.0084,0.0247,0.1211,-0.0124,-0.1391,-1.7706,1.8589,-2.0017,24.9430,-13.7339,-22.5277
74943365,0.0019,0.0082,-0.0418,-0.0776,0.0093,0.0008,0.0075,-0.0086,0.0247,0.1204,0.0090,-0.1322,-2.9335,1.8589,-1.8080,24.9037,-13.7228,-22.5356
74948365,0.0019,0.0079,-0.0449,-0.0663,-0.0163,0.0006,0.0097,-0.0096,0.0248,0.1199,0.0088,-0.1159,-2.9335,1.8589,-1.4690,24.8920,-13.7153,-22.5354
74953365,0.0017,0.0074,-0.0434,-0.0458,-0.0395,0.0013,0.0132,-0.0130,0.0248,0.1194,0.0180,-0.0846,-3.3513,1.5196,-1.0815,24.8645,-13.7118,-22.5353
74958364,0.0015,0.0071,-0.0266,-0.0232,-0.0624,0.0500,0.0164,-0.0187,0.0250,0.1192,0.0339,-0.0547,-3.3513,1.2287,-0.8878,24.8511,-13.7121,-22.5354
74963365,0.0013,0.0070,-0.0055,0.0064,-0.0502,0.0500,0.0229,-0.0255,0.0250,0.1191,-0.0034,-0.0165,-2.9205,0.8893,-0.6456,24.8401,-13.7125,-22.5352
74968364,0.0012,0.0070,0.0205,0.0363,-0.0481,0.0500,0.0265,-0.0356,0.0251,0.1192,0.0222,0.0171,-2.3819,0.7439,-0.5488,24.8402,-13.7122,-22.5357
74973364,0.0016,0.0074,0.0388,0.0556,-0.0618,0.0500,0.0316,-0.0452,0.0252,0.1195,0.0273,0.0634,-1.7895,-0.9295,-0.4035,24.8396,-13.7439,-22.5356
74978364,0.0018,0.0080,0.0342,0.0837,0.0023,-0.0200,0.0393,-0.0543,0.0254,0.1200,0.0213,0.0968,-1.4664,-1.1876,-0.3066,24.8396,-13.7537,-22.5351
74983364,0.0021,0.0084,0.0070,0.0812,0.0185,-0.0200,0.0432,-0.0527,0.0253,0.1205,-0.0055,0.0951,-1.0894,-1.1876,-0.2582,24.8395,-13.7609,-22.5358
74988364,0.0021,0.0089,-0.0214,0.0739,0.0038,0.0026,0.0465,-0.0492,0.0252,0.1209,-0.0294,0.0885,-0.2389,-1.1876,-0.2097,24.8532,-13.7656,-22.5358
74993365,0.0020,0.0093,-0.0522,0.0589,-0.0175,-0.0500,0.0497,-0.0422,0.0248,0.1213,-0.0791,0.0728,0.8356,-1.1876,-0.2582,24.8780,-13.7728,-22.5382
74998364,0.0018,0.0096,-0.0727,0.0351,-0.0352,-0.0500,0.0484,-0.0353,0.0244,0.1215,-0.0852,0.0490,0.8356,-1.1876,-0.2582,24.8813,-13.7775,-22.5393
75003364,0.0014,0.0097,-0.0901,0.0052,-0.0646,-0.0500,0.0458,-0.0260,0.0238,0.1216,-0.1026,0.0191,0.8356,-1.1876,-0.2582,24.8863,-13.7846,-22.5408
75008365,0.0009,0.0098,-0.0962,-0.0235,-0.0829,-0.0500,0.0415,-0.0180,0.0233,0.1216,-0.1087,-0.0096,0.8356,-1.1876,-0.2582,24.8897,-13.7894,-22.5419
75013365,0.0005,0.0096,-0.1057,-0.0486,-0.0908,0.0200,0.0377,-0.0099,0.0227,0.1214,-0.1173,-0.0363,0.8356,-1.0776,-0.2582,24.8947,-13.7942,-22.5434
75018364,0.0001,0.0094,-0.1087,-0.0733,-0.1037,0.0200,0.0326,-0.0021,0.0221,0.1210,-0.1184,-0.0644,0.8356,-0.8576,-0.2582,24.8980,-13.7936,-22.5444
75023365,-0.0006,0.0090,-0.1054,-0.0932,-0.0869,-0.0293,0.0278,0.0500,0.0215,0.1206,-0.1275,-0.0875,0.8356,-0.6375,-0.2582,24.9031,-13.7937,-22.5460
75028365,-0.0011,0.0086,-0.0843,-0.0867,-0.0847,-0.0252,0.0258,0.0500,0.0210,0.1202,-0.0913,-0.0789,0.1393,-0.5275,-0.2582,24.8919,-13.7938,-22.5470
75033364,-0.0016,0.0081,-0.0730,-0.0770,-0.0695,-0.0234,0.0247,0.0500,0.0207,0.1199,-0.0642,-0.0716,-0.6964,-0.3625,-0.2582,24.8720,-13.7933,-22.5486
75038364,-0.0020,0.0075,-0.0623,-0.0623,-0.0365,-0.0225,0.0249,0.0500,0.0204,0.1196,-0.0530,-0.0577,-0.6964,-0.3074,-0.2582,24.8692,-13.7936,-22.5496
75043364,-0.0024,0.0071,-0.0617,-0.0440,-0.0071,-0.0242,0.0275,-0.0200,0.0202,0.1194,-0.0519,-0.0402,-0.6964,-0.2524,-0.2582,24.8650,-13.7941,-22.5512
75048365,-0.0025,0.0068,-0.0556,-0.0159,0.0069,-0.0232,0.0317,-0.0200,0.0200,0.1193,-0.0416,-0.0130,-0.9118,-0.1974,0.5328,24.8579,-13.7938,-22.5352
75053365,-0.0028,0.0067,-0.0214,0.0189,-0.0362,-0.0134,0.0354,-0.0500,0.0200,0.1195,0.0120,0.0298,-1.7196,-0.1424,0.5850,24.8322,-13.7937,-22.5309
75058364,-0.0029,0.0067,0.0024,0.0367,-0.0750,-0.0079,0.0368,-0.0500,0.0202,0.1196,0.0308,0.0387,-1.7196,-0.1424,1.9961,24.8253,-13.7943,-22.4972
75063365,-0.0029,0.0069,0.0385,0.0617,-0.0594,0.0011,0.0382,-0.0500,0.0205,0.1200,0.0673,0.0630,-1.7196,-0.0874,1.9961,24.8150,-13.7937,-22.4852
75068365,-0.0026,0.0073,0.0660,0.0660,-0.0691,0.0500,0.0368,-0.0500,0.0210,0.1203,0.0947,0.0672,-1.7196,-0.0874,1.9961,24.8081,-13.7941,-22.4772
75073364,-0.0022,0.0078,0.0867,0.0574,-0.0670,0.0500,0.0338,0.0200,0.0214,0.1206,0.0867,0.0574,-1.7196,0.0000,1.9961,24.7978,-13.7932,-22.4652
75078365,-0.0018,0.0081,0.0779,0.0299,-0.0771,0.0500,0.0283,0.0200,0.0219,0.1207,0.0846,0.0184,-1.7196,0.7746,1.9961,24.7909,-13.7771,-22.4573
75083364,-0.0014,0.0082,0.0660,0.0147,-0.0313,0.0500,0.0251,-0.0379,0.0223,0.1207,0.0978,0.0095,-1.3252,2.0138,1.6638,24.7895,-13.7421,-22.4526
75088364,-0.0009,0.0083,0.0449,0.0153,0.0582,-0.0200,0.0260,-0.0373,0.0227,0.1207,0.0739,0.0051,-1.0998,2.0138,1.3315,24.7892,-13.7341,-22.4533
75093364,-0.0006,0.0083,0.0113,-0.0006,0.0827,-0.0200,0.0257,-0.0300,0.0229,0.1207,0.0374,-0.0157,-0.8181,2.0138,0.9992,24.7892,-13.7220,-22.4529
75098365,-0.0006,0.0083,-0.0220,-0.0043,0.0833,-0.0500,0.0292,-0.0246,0.0229,0.1206,-0.0084,-0.0219,0.6462,2.0138,0.8331,24.8175,-13.7139,-22.4526
75103365,-0.0007,0.0083,-0.0635,-0.0104,0.1065,-0.0500,0.0329,-0.0185,0.0226,0.1204,-0.0446,-0.0248,1.6156,1.5775,0.6116,24.8454,-13.7118,-22.4528
75108364,-0.0009,0.0081,-0.0764,-0.0049,0.1193,-0.0500,0.0346,-0.0153,0.0223,0.1203,-0.0729,-0.0373,1.6156,1.2866,-0.8884,24.8519,-13.7119,-22.4833
75113364,-0.0014,0.0079,-0.0922,-0.0079,0.0933,-0.0500,0.0366,-0.0096,0.0218,0.1200,-0.0976,-0.0455,1.6156,0.9473,-1.5678,24.8616,-13.7121,-22.5057
75118364,-0.0019,0.0078,-0.1121,-0.0412,0.0683,0.0200,0.0329,0.0016,0.0212,0.1196,-0.1183,-0.0773,1.6156,0.8503,-1.5678,24.8680,-13.7106,-22.5120
75123364,-0.0025,0.0076,-0.1197,-0.0730,0.0710,0.0200,0.0273,0.0500,0.0206,0.1191,-0.1259,-0.1091,1.4763,0.8503,-1.5678,24.8748,-13.7055,-22.5214
75128364,-0.0031,0.0071,-0.1060,-0.1081,0.0280,-0.0388,0.0191,0.0500,0.0201,0.1185,-0.0968,-0.1208,-0.1077,0.8503,-1.5678,24.8456,-13.7021,-22.5276
75133365,-0.0037,0.0064,-0.0809,-0.1240,-0.0023,-0.0340,0.0114,0.0500,0.0197,0.1178,-0.0662,-0.1367,-0.4308,0.8503,-1.4710,24.8367,-13.6970,-22.5351
75138364,-0.0040,0.0057,-0.0357,-0.1280,0.0310,-0.0245,0.0027,0.0500,0.0196,0.1171,-0.0210,-0.1406,-0.4308,0.8503,-1.2288,24.8350,-13.6936,-22.5357
75143365,-0.0042,0.0050,0.0067,-0.1142,0.0750,-0.0149,-0.0500,-0.0200,0.0198,0.1165,0.0215,-0.1269,-0.4308,0.8503,-0.3073,24.8324,-13.6885,-22.5231
75148364,-0.0040,0.0043,0.0342,-0.0965,0.0677,-0.0078,-0.0500,-0.0200,0.0200,0.1160,0.0416,-0.0965,-0.4308,0.8503,0.8884,24.8307,-13.6851,-22.4974
75153364,-0.0036,0.0037,0.0376,-0.0886,0.0313,-0.0042,-0.0500,0.0069,0.0202,0.1156,0.0526,-0.0753,-0.4308,0.8503,0.8884,24.8281,-13.6800,-22.4920
75158364,-0.0034,0.0032,0.0464,-0.0611,0.0475,-0.0013,-0.0500,0.0011,0.0205,0.1154,0.0615,-0.0478,-0.4308,0.8503,0.8884,24.8264,-13.6766,-22.4885
75163365,-0.0032,0.0028,0.0409,-0.0367,0.0512,-0.0012,0.0200,-0.0500,0.0209,0.1154,0.0689,-0.0011,-0.4308,0.8503,2.3837,24.8238,-13.6715,-22.4491
75168364,-0.0032,0.0024,0.0159,-0.0174,0.0139,-0.0083,0.0200,-0.0500,0.0210,0.1153,0.0233,-0.0174,-0.4308,0.1082,2.3837,24.8221,-13.6837,-22.4396
75173364,-0.0030,0.0023,-0.0058,0.0092,0.0173,-0.0138,0.0500,-0.0500,0.0209,0.1154,-0.0088,0.0272,-0.4308,-1.2120,2.3837,24.8195,-13.7149,-22.4253
75178365,-0.0030,0.0024,-0.0235,0.0550,0.0652,-0.0181,0.0500,-0.0500,0.0209,0.1157,-0.0161,0.0550,-0.4308,-1.2120,2.3837,24.8178,-13.7197,-22.4157
75183364,-0.0032,0.0026,-0.0403,0.0922,0.0778,-0.0233,0.0500,0.0200,0.0207,0.1161,-0.0329,0.0922,-0.4308,-2.3996,1.9443,24.8152,-13.7560,-22.4111
75188365,-0.0036,0.0029,-0.0480,0.0968,0.0515,-0.0265,0.0500,0.0200,0.0205,0.1166,-0.0405,0.0968,-0.4308,-2.3996,1.6025,24.8135,-13.7656,-22.4108
75193364,-0.0038,0.0035,-0.0556,0.0788,0.0420,-0.0284,-0.0200,-0.0170,0.0203,0.1171,-0.0381,0.0962,-0.4308,-2.3996,1.1631,24.8109,-13.7800,-22.4113
75198364,-0.0039,0.0039,-0.0510,0.0562,0.0396,-0.0288,-0.0200,-0.0118,0.0201,0.1174,-0.0460,0.0521,-0.4308,-2.3996,-0.2769,24.8092,-13.7896,-22.4375
75203365,-0.0042,0.0041,-0.0599,0.0104,-0.0087,-0.0327,0.0334,-0.0003,0.0197,0.1175,-0.0740,0.0178,-0.4308,-1.5016,-0.9968,24.8066,-13.7847,-22.4573
75208365,-0.0047,0.0039,-0.0693,-0.0168,-0.0771,-0.0352,0.0279,0.0500,0.0194,0.1173,-0.0692,-0.0340,-0.4308,0.1549,-0.9968,24.8049,-13.7545,-22.4612
75213364,-0.0051,0.0037,-0.0510,-0.0095,-0.0606,-0.0315,0.0273,0.0500,0.0192,0.1172,-0.0396,-0.0164,-0.4308,0.4647,-0.9968,24.8023,-13.7456,-22.4672
75218364,-0.0053,0.0035,-0.0308,-0.0064,-0.0508,-0.0276,0.0251,0.0500,0.0191,0.1171,-0.0194,-0.0133,-0.4308,0.4647,-0.9968,24.8006,-13.7438,-22.4712
75223364,-0.0055,0.0035,-0.0266,-0.0168,-0.0875,-0.0259,0.0228,0.0500,0.0190,0.1170,-0.0055,-0.0237,-0.9943,0.4647,-0.9968,24.7838,-13.7410,-22.4772
75228365,-0.0056,0.0034,-0.0098,-0.0425,-0.1180,-0.0219,0.0154,-0.0200,0.0191,0.1168,0.0113,-0.0494,-0.9943,0.4647,-0.9968,24.7798,-13.7391,-22.4812
75233365,-0.0057,0.0032,0.0021,-0.0669,-0.1003,-0.0195,0.0077,-0.0200,0.0192,0.1164,0.0232,-0.0738,-0.9943,0.4647,-0.9968,24.7738,-13.7363,-22.4872
75238364,-0.0057,0.0026,0.0214,-0.0806,-0.0820,-0.0157,-0.0004,0.0192,0.0194,0.1159,0.0339,-0.1025,-0.9943,0.4647,-0.9968,24.7699,-13.7345,-22.4911
75243364,-0.0058,0.0020,0.0260,-0.0980,-0.0496,-0.0137,-0.0500,0.0216,0.0197,0.1154,0.0557,-0.0901,-0.9943,0.4647,0.9968,24.7639,-13.7317,-22.4507
75248365,-0.0057,0.0015,0.0501,-0.0748,0.0109,-0.0083,-0.0500,0.0140,0.0200,0.1151,0.0758,-0.0600,-0.9943,0.4647,0.9968,24.7599,-13.7298,-22.4467
75253364,-0.0054,0.0010,0.0684,-0.0507,-0.0209,-0.0021,-0.0500,0.0080,0.0205,0.1150,0.0941,-0.0358,-0.9943,0.4647,0.9968,24.7540,-13.7270,-22.4407
75258364,-0.0051,0.0007,0.0715,-0.0174,-0.0065,-0.0003,-0.0500,0.0007,0.0210,0.1150,0.0972,-0.0025,-0.9943,0.4647,0.9968,24.7500,-13.7252,-22.4367
75263365,-0.0046,0.0005,0.0672,0.0067,0.0151,-0.0001,0.0200,-0.0500,0.0214,0.1151,0.0889,0.0216,-0.7592,0.4647,0.9968,24.7494,-13.7224,-22.4307
75268364,-0.0042,0.0005,0.0535,0.0363,-0.0084,-0.0023,0.0200,-0.0500,0.0218,0.1152,0.0641,0.0363,-0.6181,-0.5680,0.9968,24.7495,-13.7424,-22.4267
75273364,-0.0039,0.0005,0.0199,0.0562,-0.0395,-0.0101,0.0500,-0.0500,0.0219,0.1156,0.0205,0.0693,-0.4770,-0.8778,0.9968,24.7491,-13.7537,-22.4207
75278364,-0.0037,0.0008,-0.0086,0.0727,-0.0539,-0.0159,0.0500,-0.0500,0.0219,0.1160,-0.0020,0.0727,-0.3830,-0.8778,0.9968,24.7493,-13.7572,-22.4168
75283365,-0.0037,0.0012,-0.0293,0.0761,-0.0221,-0.0214,0.0500,0.0200,0.0217,0.1163,-0.0243,0.0760,-0.2889,-2.4182,0.8861,24.7493,-13.7969,-22.4130
75288365,-0.0038,0.0016,-0.0473,0.0577,0.0017,-0.0268,0.0500,0.0200,0.0215,0.1166,-0.0432,0.0577,-0.2419,-2.4182,-0.8861,24.7492,-13.8066,-22.4483
75293364,-0.0040,0.0019,-0.0733,0.0434,-0.0578,-0.0341,-0.0200,0.0500,0.0211,0.1168,-0.0803,0.0268,-0.1479,-2.4182,-1.1076,24.7499,-13.8211,-22.4593
75298364,-0.0044,0.0021,-0.0837,0.0162,-0.1159,-0.0368,-0.0200,0.0500,0.0207,0.1168,-0.0811,0.0162,-0.1479,-2.1981,-1.1076,24.7493,-13.8263,-22.4638
75303365,-0.0049,0.0022,-0.0785,-0.0003,-0.0979,-0.0380,0.0287,0.0500,0.0203,0.1169,-0.0791,0.0037,-0.1009,-0.2727,-1.1076,24.7496,-13.7938,-22.4704
75308364,-0.0053,0.0020,-0.0580,-0.0128,-0.1299,-0.0341,0.0238,0.0500,0.0200,0.1168,-0.0574,-0.0096,-0.1479,-0.2177,-1.1076,24.7481,-13.7936,-22.4748
75313364,-0.0056,0.0020,-0.0455,-0.0073,-0.1922,-0.0313,0.0250,-0.0200,0.0198,0.1168,-0.0444,-0.0049,-0.1479,-0.1627,-1.1076,24.7473,-13.7937,-22.4815
75318365,-0.0059,0.0020,-0.0281,-0.0079,-0.2533,-0.0272,0.0239,-0.0200,0.0197,0.1168,-0.0265,-0.0063,-0.1479,-0.1076,-1.1076,24.7467,-13.7932,-22.4859
75323364,-0.0061,0.0019,-0.0165,-0.0226,-0.2570,-0.0260,0.0184,0.0174,0.0195,0.1166,-0.0244,-0.0376,-0.1479,-0.1076,-1.1076,24.7458,-13.7939,-22.4926
75328364,-0.0063,0.0016,-0.0092,-0.0556,-0.1782,-0.0258,0.0090,0.0237,0.0195,0.1162,-0.0171,-0.0706,-0.1479,-0.1076,-1.1076,24.7452,-13.7943,-22.4970
75333365,-0.0062,0.0015,0.0174,-0.0574,-0.0933,-0.0177,0.0029,0.0183,0.0197,0.1159,0.0404,-0.0635,-1.5919,-0.0526,-0.4555,24.7111,-13.7935,-22.4899
75338364,-0.0061,0.0010,0.0516,-0.0473,-0.0890,-0.0073,0.0000,0.0107,0.0201,0.1158,0.0900,-0.0267,-1.5919,-0.0526,1.3291,24.7047,-13.7937,-22.4528
75343365,-0.0058,0.0006,0.0709,-0.0437,-0.1376,-0.0006,-0.0500,0.0090,0.0207,0.1156,0.1097,-0.0223,-1.5919,-0.0526,1.3845,24.6952,-13.7941,-22.4434
75348365,-0.0054,0.0004,0.0858,0.0076,-0.0307,0.0500,-0.0500,-0.0500,0.0213,0.1158,0.1252,0.0283,-1.5919,-0.0526,1.3845,24.6888,-13.7943,-22.4378
75353364,-0.0047,0.0003,0.1228,0.0275,-0.0108,0.0500,-0.0500,-0.0500,0.0219,0.1159,0.1228,0.0275,-1.5919,0.0000,1.3845,24.6793,-13.7932,-22.4295
75358364,-0.0039,0.0003,0.1093,0.0333,-0.0771,0.0500,-0.0500,-0.0500,0.0225,0.1161,0.1093,0.0333,-1.5919,0.0000,1.3845,24.6729,-13.7932,-22.4240
75363364,-0.0032,0.0004,0.0959,0.0330,-0.1278,0.0500,0.0200,-0.0500,0.0229,0.1163,0.0959,0.0330,-1.5365,0.0000,1.3845,24.6645,-13.7932,-22.4157
75368365,-0.0026,0.0005,0.0736,0.0440,-0.0875,-0.0200,0.0200,0.0200,0.0233,0.1165,0.0736,0.0440,-1.2597,-0.0550,1.3357,24.6643,-13.7943,-22.4111
75373365,-0.0023,0.0006,0.0278,0.0367,-0.0130,-0.0200,0.0500,0.0200,0.0234,0.1167,0.0273,0.0375,0.3744,-0.0550,-0.8307,24.6921,-13.7947,-22.4533
75378364,-0.0022,0.0008,-0.0296,0.0342,-0.0337,-0.0500,0.0500,0.0005,0.0231,0.1168,-0.0607,0.0218,1.3905,-0.3471,-0.8307,24.7167,-13.8008,-22.4567
75383365,-0.0023,0.0009,-0.0559,0.0134,-0.1046,-0.0500,0.0500,0.0500,0.0228,0.1168,-0.0631,0.0010,1.3905,-1.9535,-0.8307,24.7250,-13.8413,-22.4616
75388364,-0.0027,0.0011,-0.0809,0.0009,-0.1446,-0.0500,0.0500,0.0500,0.0224,0.1168,-0.0809,0.0009,1.3905,-1.9535,-0.8307,24.7306,-13.8491,-22.4650
75393364,-0.0031,0.0009,-0.0892,0.0128,-0.1574,-0.0500,-0.0200,0.0500,0.0220,0.1168,-0.0892,0.0128,1.3905,-1.9535,-2.2418,24.7389,-13.8608,-22.5029
75398364,-0.0036,0.0007,-0.0913,0.0205,-0.1177,0.0200,-0.0200,0.0500,0.0215,0.1170,-0.0913,0.0205,1.3905,-1.9535,-2.2418,24.7445,-13.8686,-22.5119
75403364,-0.0040,0.0010,-0.0773,0.0244,-0.1315,0.0200,0.0284,-0.0200,0.0211,0.1171,-0.0777,0.0253,1.2024,-0.0550,-2.2418,24.7488,-13.8378,-22.5254
75408365,-0.0046,0.0010,-0.0809,-0.0156,-0.1617,-0.0372,0.0218,-0.0200,0.0207,0.1170,-0.0901,-0.0156,0.5330,0.0000,-2.2418,24.7395,-13.8369,-22.5343
75413364,-0.0050,0.0010,-0.0980,-0.0290,-0.1687,-0.0416,0.0211,0.0269,0.0202,0.1169,-0.0856,-0.0297,-0.7487,0.0000,-0.0468,24.7113,-13.8369,-22.4980
75418364,-0.0052,0.0006,-0.0681,-0.0388,-0.1861,-0.0347,0.0144,0.0274,0.0200,0.1167,-0.0556,-0.0395,-0.7487,0.0000,-0.0468,24.7083,-13.8369,-22.4982
75423364,-0.0056,0.0003,-0.0412,-0.0315,-0.1867,-0.0282,0.0100,0.0254,0.0199,0.1164,-0.0136,-0.0584,-0.7487,1.7604,-0.0468,24.7038,-13.7983,-22.4984
75428364,-0.0059,0.0000,-0.0296,-0.0205,-0.1528,-0.0269,0.0101,0.0226,0.0199,0.1161,-0.0006,-0.0498,-0.7487,1.9254,-0.0468,24.7009,-13.7873,-22.4986
75433364,-0.0060,-0.0000,0.0140,-0.0168,-0.0991,-0.0157,0.0041,0.0154,0.0202,0.1159,0.0584,-0.0462,-1.6348,1.9254,-0.0468,24.6778,-13.7757,-22.4989
75438364,-0.0058,0.0000,0.0507,-0.0049,-0.0545,-0.0057,0.0010,0.0068,0.0207,0.1157,0.1059,-0.0336,-2.2439,1.9254,0.0000,24.6571,-13.7680,-22.4979
75443364,-0.0055,-0.0001,0.1014,-0.0070,-0.0481,0.0500,-0.0500,0.0007,0.0215,0.1155,0.1566,-0.0357,-2.2439,1.9254,0.0000,24.6436,-13.7565,-22.4979
75448365,-0.0049,-0.0003,0.1304,0.0058,-0.0383,0.0500,-0.0500,-0.0500,0.0221,0.1156,0.1304,0.0058,-2.2439,1.8738,0.0000,24.6347,-13.7498,-22.4979
75453364,-0.0042,-0.0001,0.1506,0.0226,0.0066,0.0500,-0.0500,-0.0500,0.0229,0.1157,0.1506,0.0226,-2.0118,1.4091,0.0000,24.6260,-13.7493,-22.4979
75458364,-0.0033,-0.0001,0.1491,0.0354,0.0206,0.0500,-0.0500,-0.0500,0.0236,0.1159,0.1491,0.0354,-1.6868,1.1509,0.0000,24.6251,-13.7494,-22.4979
75463364,-0.0024,0.0000,0.1286,0.0296,-0.0071,-0.0200,0.0200,-0.0500,0.0243,0.1160,0.1286,0.0296,-0.8170,0.8411,0.0000,24.6341,-13.7496,-22.4979
75468364,-0.0018,0.0001,0.0788,0.0388,-0.0282,-0.0200,0.0200,0.0200,0.0247,0.1162,0.0788,0.0388,0.5538,-0.1100,0.0000,24.6613,-13.7658,-22.4979
75473364,-0.0014,0.0002,0.0284,0.0299,-0.0075,-0.0003,0.0500,0.0200,0.0247,0.1165,0.0046,0.0513,0.6645,-1.4303,0.0000,24.6680,-13.7987,-22.4979
75478364,-0.0013,0.0004,-0.0205,0.0373,0.0161,-0.0500,0.0500,-0.0039,0.0245,0.1166,-0.0324,0.0365,0.6645,-1.4303,-0.0523,24.6701,-13.8045,-22.4990
75483365,-0.0014,0.0006,-0.0666,0.0299,0.0133,-0.0500,0.0500,0.0500,0.0242,0.1168,-0.0670,0.0292,2.4829,-1.4303,-0.0523,24.7184,-13.8130,-22.4994
75488364,-0.0018,0.0007,-0.0605,0.0168,-0.0209,-0.0500,0.0500,0.0500,0.0239,0.1169,-0.0605,0.0168,2.4829,-1.4303,-0.4882,24.7262,-13.8188,-22.5085
75493364,-0.0023,0.0008,-0.0702,0.0024,-0.0423,-0.0500,-0.0200,0.0500,0.0236,0.1169,-0.0702,0.0024,2.4829,-1.4303,-1.6990,24.7433,-13.8273,-22.5420
75498364,-0.0025,0.0007,-0.0880,-0.0171,-0.0530,0.0200,-0.0200,0.0500,0.0231,0.1168,-0.0880,-0.0171,2.3418,-1.4303,-1.6990,24.7482,-13.8331,-22.5477
75503364,-0.0029,0.0007,-0.0999,-0.0324,-0.0542,0.0200,0.0160,-0.0200,0.0226,0.1167,-0.1101,-0.0147,1.6835,-1.1869,-1.6990,24.7488,-13.8364,-22.5590
75508364,-0.0036,0.0006,-0.1090,-0.0333,-0.0633,-0.0427,0.0169,-0.0200,0.0219,0.1165,-0.1302,-0.0398,1.4484,0.4401,-1.6990,24.7489,-13.8051,-22.5647
75513365,-0.0042,0.0003,-0.0898,-0.0217,-0.0740,-0.0381,0.0140,0.0269,0.0215,0.1162,-0.0862,-0.0618,-0.5645,0.9902,-1.6990,24.7126,-13.7886,-22.5760
75518365,-0.0046,0.0001,-0.0452,-0.0348,-0.0114,-0.0285,0.0055,0.0235,0.0213,0.1159,-0.0324,-0.0589,-0.5645,0.9902,-0.6267,24.7109,-13.7846,-22.5588
75523364,-0.0048,0.0000,-0.0296,-0.0140,0.0888,-0.0263,0.0080,0.0149,0.0213,0.1158,-0.0068,-0.0208,-0.5645,0.9902,0.5328,24.7070,-13.7787,-22.5338
75528365,-0.0051,-0.0003,-0.0180,-0.0290,0.1272,-0.0248,0.0023,0.0177,0.0213,0.1156,0.0048,-0.0358,-0.5645,0.9902,0.5328,24.7052,-13.7747,-22.5320
75533364,-0.0050,-0.0005,-0.0235,-0.0342,-0.0331,-0.0237,0.0029,0.0221,0.0213,0.1154,-0.0007,-0.0410,-0.5645,0.9902,0.5328,24.7013,-13.7688,-22.5285
75538365,-0.0049,-0.0007,0.0425,-0.0257,-0.0197,-0.0056,-0.0500,0.0116,0.0217,0.1153,0.0853,-0.0325,-1.7274,0.9902,0.5328,24.6749,-13.7648,-22.5267
75543365,-0.0047,-0.0008,0.0828,-0.0055,0.0268,0.0500,-0.0500,-0.0009,0.0224,0.1154,0.1356,0.0196,-2.2258,0.9902,1.6825,24.6499,-13.7588,-22.4978
75548365,-0.0039,-0.0011,0.1084,-0.0055,0.0277,0.0500,-0.0500,-0.0500,0.0230,0.1155,0.1229,0.0196,-2.2258,0.9902,1.6825,24.6430,-13.7539,-22.4921
75553364,-0.0031,-0.0010,0.1182,0.0110,0.0188,0.0500,-0.0500,-0.0500,0.0236,0.1155,0.1182,0.0110,-2.2258,0.9902,1.6825,24.6276,-13.7499,-22.4810
75558364,-0.0025,-0.0010,0.1225,0.0400,0.0231,0.0500,0.0200,-0.0500,0.0242,0.1157,0.1225,0.0400,-1.9936,0.7320,1.6825,24.6256,-13.7498,-22.4749
75563365,-0.0021,-0.0010,0.1075,0.0513,0.0313,-0.0200,0.0200,-0.0500,0.0248,0.1160,0.1075,0.0513,-1.3901,-0.8802,1.6825,24.6260,-13.7816,-22.4642
75568365,-0.0016,-0.0008,0.0880,0.0855,0.0796,-0.0200,0.0500,0.0200,0.0251,0.1165,0.0752,0.1077,-0.1719,-1.4853,1.6825,24.6476,-13.8022,-22.4581
75573364,-0.0011,-0.0004,0.0507,0.0947,0.1028,0.0062,0.0500,0.0200,0.0253,0.1170,0.0402,0.0947,0.6091,-1.4853,1.4056,24.6666,-13.8081,-22.4533
75578364,-0.0008,0.0001,0.0214,0.0941,0.0885,0.0006,0.0500,-0.0237,0.0254,0.1175,0.0171,0.1048,0.6091,-2.5563,0.7169,24.6685,-13.8419,-22.4626
75583365,-0.0009,0.0004,-0.0504,0.0296,0.0506,-0.0500,0.0500,0.0500,0.0250,0.1176,-0.0878,0.0133,1.6253,-2.5563,-1.0975,24.6942,-13.8521,-22.5021
75588364,-0.0011,0.0006,-0.0470,0.0046,0.0350,-0.0500,-0.0200,0.0500,0.0248,0.1176,-0.0470,0.0046,2.4275,-2.5563,-1.0975,24.7215,-13.8675,-22.5061
75593365,-0.0014,0.0003,-0.0428,0.0034,0.0827,-0.0500,-0.0200,0.0500,0.0245,0.1176,-0.0428,0.0034,2.4275,-0.9985,-1.0975,24.7313,-13.8435,-22.5131
75598364,-0.0014,0.0002,-0.0348,0.0098,0.0811,-0.0500,0.0095,0.0500,0.0244,0.1177,-0.0388,0.0167,2.4275,-0.4631,-1.0975,24.7458,-13.8363,-22.5171
75603364,-0.0015,0.0003,-0.0443,0.0147,0.0481,0.0200,0.0126,-0.0200,0.0241,0.1178,-0.0474,0.0201,2.0984,-0.3657,-1.0975,24.7485,-13.8361,-22.5241
75608364,-0.0017,0.0005,-0.0553,0.0140,0.0637,0.0200,0.0134,-0.0200,0.0239,0.1178,-0.0491,0.0034,1.5341,0.7152,-1.0975,24.7481,-13.8151,-22.5281
75613365,-0.0020,0.0006,-0.0507,-0.0027,0.0558,-0.0220,0.0087,0.0112,0.0236,0.1176,-0.0570,-0.0437,0.6443,1.6504,-1.0975,24.7355,-13.7908,-22.5351
75618365,-0.0023,0.0005,-0.0293,-0.0214,0.0365,-0.0157,0.0021,0.0122,0.0235,0.1173,-0.0100,-0.0515,-0.4813,1.6504,-0.3735,24.7117,-13.7809,-22.5239
75623365,-0.0026,0.0002,-0.0156,-0.0165,0.0570,-0.0126,0.0017,0.0087,0.0236,0.1172,0.0146,-0.0278,-0.4813,1.6504,0.8884,24.7098,-13.7743,-22.4951
75628364,-0.0025,-0.0001,-0.0058,-0.0058,0.0463,-0.0099,0.0019,0.0063,0.0237,0.1171,0.0243,-0.0171,-0.4813,1.6504,0.8884,24.7069,-13.7644,-22.4919
75633365,-0.0025,-0.0003,0.0293,0.0040,0.0362,-0.0006,-0.0012,0.0005,0.0240,0.1171,0.0595,-0.0074,-0.4813,1.6504,0.8884,24.7050,-13.7578,-22.4862
75638364,-0.0023,-0.0004,0.0562,-0.0058,0.0084,0.0500,-0.0500,-0.0004,0.0245,0.1170,0.0859,-0.0164,-0.4813,1.5987,0.8884,24.7021,-13.7490,-22.4830
75643365,-0.0022,-0.0006,0.0693,-0.0226,-0.0246,0.0500,-0.0500,0.0017,0.0248,0.1169,0.0770,-0.0093,-0.4813,1.2889,0.8884,24.7001,-13.7495,-22.4774
75648365,-0.0015,-0.0007,0.0892,-0.0137,-0.0081,0.0500,-0.0500,-0.0500,0.0253,0.1169,0.0968,-0.0005,-0.4813,0.9275,0.8884,24.6973,-13.7500,-22.4741
75653364,-0.0008,-0.0009,0.0974,0.0031,0.0338,0.0500,-0.0500,-0.0500,0.0258,0.1170,0.0974,0.0031,-0.4813,0.7726,0.8884,24.6953,-13.7496,-22.4685
75658364,-0.0003,-0.0010,0.0877,0.0189,0.0463,-0.0200,0.0200,-0.0500,0.0262,0.1171,0.0877,0.0189,-0.4813,0.5660,0.8884,24.6925,-13.7497,-22.4640
75663364,0.0001,-0.0010,0.0379,0.0388,0.0323,-0.0200,0.0200,-0.0500,0.0264,0.1172,0.0379,0.0388,-0.4813,-0.6602,0.8884,24.6905,-13.7732,-22.4605
75668365,0.0004,-0.0009,0.0122,0.0379,0.0142,0.0026,0.0500,0.0200,0.0264,0.1176,-0.0144,0.0617,0.7487,-1.5954,0.8884,24.7147,-13.8004,-22.4551
75673365,0.0005,-0.0006,-0.0110,0.0400,0.0604,-0.0500,0.0500,0.0200,0.0262,0.1178,-0.0239,0.0400,0.7487,-1.5954,0.8331,24.7177,-13.8068,-22.4527
75678364,0.0003,-0.0004,-0.0345,0.0058,0.0338,-0.0500,0.0500,0.0500,0.0261,0.1178,-0.0381,-0.0004,0.7487,-2.1309,-0.4181,24.7222,-13.8274,-22.4751
75683364,0.0003,-0.0006,-0.0370,0.0027,-0.0282,-0.0500,0.0500,0.0500,0.0259,0.1178,-0.0370,0.0027,0.7487,-2.5203,-1.5156,24.7252,-13.8451,-22.5016
75688364,0.0003,-0.0008,-0.0281,0.0128,-0.0218,-0.0500,-0.0200,0.0500,0.0257,0.1178,-0.0281,0.0128,0.7487,-1.4980,-1.5156,24.7297,-13.8362,-22.5107
75693364,0.0002,-0.0010,-0.0278,0.0095,-0.0023,0.0200,-0.0200,0.0500,0.0256,0.1179,-0.0278,0.0095,0.7487,-1.2546,-1.5156,24.7327,-13.8368,-22.5167
75698364,-0.0000,-0.0008,-0.0333,0.0037,-0.0050,0.0200,0.0035,-0.0200,0.0254,0.1180,-0.0412,0.0173,0.7487,-0.9138,-1.5156,24.7372,-13.8365,-22.5258
75703365,-0.0003,-0.0008,-0.0281,-0.0064,-0.0053,-0.0090,-0.0001,-0.0200,0.0252,0.1179,-0.0372,-0.0130,0.7487,0.4401,-1.5156,24.7402,-13.8107,-22.5319
75708365,-0.0005,-0.0008,-0.0113,-0.0086,-0.0389,-0.0030,-0.0500,0.0085,0.0252,0.1177,0.0074,-0.0313,-0.6418,1.2103,-0.3174,24.7110,-13.7887,-22.5153
75713364,-0.0007,-0.0010,0.0040,-0.0089,-0.0569,0.0002,-0.0500,0.0058,0.0253,0.1177,0.0195,-0.0011,-0.6418,1.2103,0.5226,24.7084,-13.7839,-22.4974
75718365,-0.0006,-0.0013,-0.0024,-0.0119,-0.0374,-0.0014,-0.0500,0.0079,0.0254,0.1177,0.0131,-0.0041,-0.6418,1.2103,0.5226,24.7046,-13.7766,-22.4943
75723365,-0.0002,-0.0015,0.0409,-0.0024,-0.0569,0.0500,-0.0500,0.0005,0.0257,0.1177,0.0565,0.0053,-0.6418,1.2103,0.5226,24.7020,-13.7718,-22.4922
75728364,-0.0001,-0.0015,0.0483,-0.0015,-0.0838,0.0500,0.0200,-0.0001,0.0259,0.1178,0.0528,0.0063,-0.6418,1.2103,0.5226,24.6982,-13.7645,-22.4891
75733364,0.0001,-0.0018,0.0559,-0.0159,-0.1174,0.0500,0.0200,0.0032,0.0262,0.1177,0.0604,-0.0081,-0.6418,1.2103,0.5226,24.6956,-13.7597,-22.4870
75738364,0.0007,-0.0020,0.0699,0.0006,-0.0609,0.0500,-0.0148,-0.0500,0.0266,0.1178,0.0688,0.0182,-0.6418,-0.6602,0.5226,24.6918,-13.7949,-22.4838
75743365,0.0011,-0.0020,0.0614,0.0299,-0.0148,-0.0200,-0.0094,-0.0500,0.0269,0.1180,0.0557,0.0398,-0.6418,-0.6602,0.5226,24.6892,-13.7975,-22.4817
75748365,0.0015,-0.0020,0.0373,0.0467,-0.0270,-0.0200,-0.0032,-0.0500,0.0270,0.1183,0.0316,0.0566,-0.6418,-0.6602,0.5226,24.6853,-13.8015,-22.4786
75753365,0.0016,-0.0016,0.0113,0.0559,-0.0169,0.0087,0.0500,-0.0500,0.0270,0.1186,0.0019,0.0657,0.2139,-0.6602,0.5226,24.7007,-13.8041,-22.4765
75758365,0.0018,-0.0013,0.0037,0.0406,0.0121,0.0067,0.0500,0.0200,0.0270,0.1188,-0.0111,0.0406,0.8557,-0.6602,0.5226,24.7181,-13.8081,-22.4734
75763364,0.0018,-0.0011,0.0049,0.0165,0.0075,0.0073,0.0500,0.0200,0.0269,0.1189,-0.0099,0.0165,0.8557,-1.2443,0.5226,24.7216,-13.8228,-22.4713
75768365,0.0016,-0.0011,-0.0217,-0.0238,-0.0404,0.0002,0.0500,0.0500,0.0267,0.1188,-0.0382,-0.0269,0.8557,-1.5851,-0.2090,24.7267,-13.8402,-22.4834
75773364,0.0018,-0.0013,-0.0040,-0.0137,-0.0499,0.0056,-0.0200,0.0500,0.0266,0.1187,-0.0187,-0.0138,0.8557,-1.1470,-0.9407,24.7301,-13.8366,-22.5011
75778365,0.0016,-0.0015,-0.0055,-0.0037,-0.0154,0.0041,-0.0200,0.0500,0.0265,0.1187,-0.0202,-0.0037,0.8557,-0.8549,-0.9407,24.7353,-13.8367,-22.5067
75783364,0.0015,-0.0015,-0.0003,-0.0153,-0.0215,0.0046,-0.0500,0.0500,0.0264,0.1187,-0.0211,-0.0047,0.8557,-0.7088,-0.9407,24.7387,-13.8369,-22.5105
75788364,0.0016,-0.0015,-0.0024,-0.0205,-0.0505,0.0047,-0.0500,-0.0200,0.0263,0.1186,-0.0245,-0.0205,1.2789,1.3753,-0.9407,24.7542,-13.7923,-22.5161
75793365,0.0017,-0.0015,0.0055,-0.0195,-0.0456,0.0072,-0.0500,-0.0200,0.0262,0.1185,-0.0165,-0.0196,1.2789,1.3753,-0.9407,24.7594,-13.7868,-22.5199
75798365,0.0017,-0.0018,0.0061,-0.0220,-0.0371,0.0072,-0.0500,0.0078,0.0262,0.1184,-0.0132,-0.0173,1.2789,1.3753,0.3136,24.7670,-13.7785,-22.4983
75803364,0.0016,-0.0021,0.0027,-0.0195,-0.0230,0.0057,0.0200,0.0088,0.0261,0.1183,-0.0166,-0.0149,1.2789,1.3753,0.3136,24.7721,-13.7730,-22.4971
75808364,0.0016,-0.0024,0.0092,-0.0058,0.0118,0.0069,0.0200,0.0055,0.0260,0.1183,-0.0102,-0.0011,1.2789,1.1003,0.3136,24.7798,-13.7703,-22.4952
75813364,0.0018,-0.0025,0.0174,0.0156,0.0090,0.0100,-0.0098,-0.0005,0.0260,0.1184,-0.0038,0.0235,1.2789,-0.2201,0.3136,24.7849,-13.7956,-22.4940
75818365,0.0021,-0.0026,0.0070,0.0125,0.0161,0.0084,-0.0103,0.0013,0.0260,0.1185,-0.0113,0.0205,1.1099,-0.2201,0.3136,24.7889,-13.7969,-22.4921
75823364,0.0020,-0.0025,0.0104,0.0092,0.0515,0.0090,-0.0115,0.0005,0.0259,0.1186,-0.0041,0.0171,0.8845,-0.2201,0.3136,24.7883,-13.7978,-22.4908
75828364,0.0019,-0.0024,0.0144,0.0116,0.0750,0.0096,-0.0117,-0.0008,0.0260,0.1187,0.0038,0.0196,0.6591,-0.2201,0.3136,24.7884,-13.7991,-22.4889
75833364,0.0019,-0.0026,0.0189,0.0107,0.0704,0.0109,-0.0128,-0.0008,0.0260,0.1188,0.0113,0.0203,0.5464,-0.2201,0.4243,24.7886,-13.8000,-22.4855
75838365,0.0019,-0.0025,0.0263,0.0101,0.0561,0.0132,-0.0110,-0.0500,0.0261,0.1191,0.0239,0.0601,0.3774,-1.4371,1.9196,24.7880,-13.8274,-22.4467
75843365,0.0022,-0.0026,0.0318,0.0177,0.0604,0.0146,-0.0118,-0.0500,0.0262,0.1193,0.0105,0.0450,0.3211,-1.8265,1.9196,24.7883,-13.8423,-22.4390
75848365,0.0025,-0.0027,0.0336,0.0217,0.0640,0.0161,-0.0122,-0.0500,0.0263,0.1196,0.0133,0.0489,0.2647,-1.8265,1.9196,24.7889,-13.8533,-22.4275
75853364,0.0028,-0.0027,0.0284,0.0296,0.0405,0.0165,-0.0103,-0.0500,0.0263,0.1199,0.0091,0.0569,0.2084,-1.8265,1.9196,24.7886,-13.8606,-22.4198
75858364,0.0031,-0.0027,0.0269,0.0406,-0.0068,0.0181,-0.0078,0.0200,0.0263,0.1202,0.0086,0.0679,0.1520,-1.8265,-0.0554,24.7885,-13.8715,-22.4535
75863365,0.0034,-0.0025,0.0049,0.0333,0.0124,0.0135,-0.0070,0.0200,0.0263,0.1205,-0.0097,0.0558,0.0957,-1.5100,-0.0554,24.7879,-13.8719,-22.4537
75868365,0.0035,-0.0023,-0.0110,0.0168,0.0228,0.0099,-0.0088,-0.0020,0.0262,0.1207,-0.0225,0.0322,0.0957,-1.0879,-0.0554,24.7885,-13.8712,-22.4540
75873365,0.0034,-0.0022,-0.0159,0.0040,0.0100,0.0081,-0.0110,0.0500,0.0260,0.1207,-0.0341,0.0030,0.0957,-0.9296,-0.9961,24.7889,-13.8721,-22.4741
75878365,0.0032,-0.0021,-0.0183,-0.0052,0.0075,0.0078,-0.0118,0.0500,0.0259,0.1207,-0.0247,0.0047,0.0394,-0.6658,-2.0413,24.7880,-13.8715,-22.5059
75883364,0.0030,-0.0021,-0.0140,-0.0147,0.0130,0.0080,-0.0143,0.0500,0.0258,0.1207,-0.0195,-0.0063,0.0394,-0.5603,-2.0413,24.7882,-13.8719,-22.5140
75888365,0.0028,-0.0024,-0.0067,-0.0174,0.0237,0.0091,-0.0167,0.0500,0.0257,0.1206,-0.0109,-0.0114,0.0394,-0.4021,-2.7194,24.7884,-13.8716,-22.5418
75893365,0.0029,-0.0024,-0.0027,-0.0269,0.0188,0.0103,-0.0193,-0.0200,0.0257,0.1205,-0.0064,-0.0217,0.0394,-0.3493,-2.7194,24.7886,-13.8720,-22.5527
75898365,0.0029,-0.0024,-0.0040,-0.0382,-0.0023,0.0104,-0.0217,-0.0200,0.0257,0.1203,-0.0067,-0.0345,0.0394,-0.2438,-1.4601,24.7888,-13.8716,-22.5419
75903364,0.0027,-0.0026,0.0027,-0.0281,0.0078,0.0109,-0.0214,0.0102,0.0256,0.1201,-0.0069,-0.0391,0.0000,-0.1910,-0.9274,24.7878,-13.8714,-22.5355
75908365,0.0028,-0.0029,0.0205,-0.0214,0.0155,0.0157,-0.0236,0.0073,0.0257,0.1200,0.0134,-0.0295,0.0000,-0.1383,-0.6852,24.7878,-13.8714,-22.5355
75913364,0.0029,-0.0032,0.0202,-0.0043,0.0258,0.0158,-0.0209,0.0041,0.0258,0.1199,0.0143,-0.0103,0.0000,-0.1383,-0.5399,24.7878,-13.8720,-22.5351
75918364,0.0031,-0.0034,0.0293,0.0113,0.0194,0.0194,-0.0197,-0.0004,0.0259,0.1200,0.0252,0.0067,0.0000,-0.0855,-0.3946,24.7878,-13.8715,-22.5351
75923365,0.0035,-0.0033,0.0296,0.0229,0.0054,0.0222,-0.0164,-0.0500,0.0261,0.1202,0.0397,0.0429,0.0000,-0.0855,1.2543,24.7878,-13.8719,-22.5012
75928364,0.0039,-0.0032,0.0229,0.0238,-0.0029,0.0213,-0.0167,-0.0500,0.0262,0.1203,0.0229,0.0238,0.0000,0.0000,1.3588,24.7878,-13.8711,-22.4909
75933365,0.0041,-0.0033,0.0165,0.0244,-0.0142,0.0209,-0.0164,-0.0500,0.0263,0.1204,0.0165,0.0244,0.0000,0.0000,1.3588,24.7878,-13.8711,-22.4855
75938365,0.0044,-0.0032,0.0122,0.0269,-0.0026,0.0208,-0.0156,-0.0500,0.0264,0.1205,0.0122,0.0269,0.0000,0.0000,1.3588,24.7878,-13.8711,-22.4774
75943364,0.0045,-0.0033,0.0101,0.0290,0.0008,0.0208,-0.0156,0.0200,0.0264,0.1207,0.0101,0.0290,0.0000,0.0000,1.3588,24.7878,-13.8711,-22.4719
75948364,0.0047,-0.0031,-0.0012,0.0232,-0.0181,0.0189,-0.0149,0.0200,0.0264,0.1208,-0.0012,0.0232,0.0000,0.0000,-0.2613,24.7878,-13.8711,-22.4994
75953365,0.0048,-0.0029,-0.0034,0.0159,-0.0105,0.0186,-0.0161,-0.0021,0.0264,0.1209,-0.0056,0.0120,0.0000,0.0000,-0.2613,24.7878,-13.8711,-22.5005
75958364,0.0050,-0.0029,-0.0095,0.0024,-0.0126,0.0176,-0.0182,0.0011,0.0263,0.1209,-0.0117,-0.0014,0.0000,0.0000,-0.2613,24.7878,-13.8711,-22.5020
75963365,0.0050,-0.0027,-0.0125,0.0000,-0.0175,0.0167,-0.0180,0.0500,0.0262,0.1208,-0.0177,-0.0089,0.0000,0.0000,-0.6003,24.7878,-13.8711,-22.5100
75968364,0.0052,-0.0028,-0.0040,0.0052,-0.0252,0.0201,-0.0183,0.0500,0.0262,0.1208,-0.0040,0.0052,0.0000,0.0000,-1.7627,24.7878,-13.8711,-22.5420
75973364,0.0053,-0.0031,-0.0006,0.0009,-0.0517,0.0218,-0.0204,0.0500,0.0262,0.1208,-0.0006,0.0009,0.0000,0.0000,-1.7627,24.7878,-13.8711,-22.5490
75978364,0.0054,-0.0031,-0.0079,-0.0113,-0.0753,0.0208,-0.0220,0.0500,0.0262,0.1208,-0.0079,-0.0113,0.0000,0.0000,-1.7627,24.7878,-13.8711,-22.5596
75983365,0.0055,-0.0030,-0.0162,-0.0235,-0.0618,0.0186,-0.0238,-0.0200,0.0261,0.1207,-0.0162,-0.0235,0.0000,0.0000,-1.7627,24.7878,-13.8711,-22.5667
75988365,0.0055,-0.0030,-0.0113,-0.0186,-0.0368,0.0195,-0.0236,-0.0200,0.0260,0.1206,-0.0113,-0.0186,0.0000,0.0000,-0.8425,24.7878,-13.8711,-22.5578
75993364,0.0054,-0.0033,-0.0064,-0.0183,-0.0600,0.0209,-0.0246,0.0060,0.0260,0.1205,-0.0039,-0.0140,0.0000,0.0000,0.2906,24.7878,-13.8711,-22.5351
75998365,0.0053,-0.0036,-0.0055,-0.0119,-0.0640,0.0208,-0.0241,0.0057,0.0260,0.1205,-0.0035,-0.0068,0.0000,-0.0528,0.2906,24.7878,-13.8723,-22.5334
76003364,0.0053,-0.0038,0.0089,0.0189,-0.0401,0.0245,-0.0200,-0.0500,0.0261,0.1206,0.0127,0.0272,0.0000,-0.0528,0.4996,24.7878,-13.8725,-22.5280
76008365,0.0055,-0.0039,0.0089,0.0244,-0.0643,0.0250,-0.0196,-0.0500,0.0261,0.1207,0.0084,0.0252,0.0000,-0.0528,1.8062,24.7878,-13.8728,-22.4932
76013365,0.0057,-0.0040,-0.0024,0.0205,-0.1125,0.0235,-0.0190,-0.0500,0.0261,0.1208,-0.0029,0.0213,0.0000,-0.0528,1.8062,24.7878,-13.8730,-22.4859
76018365,0.0058,-0.0039,-0.0009,0.0186,-0.1174,0.0246,-0.0194,-0.0500,0.0261,0.1209,-0.0014,0.0194,0.0000,-0.0528,1.8062,24.7878,-13.8733,-22.4751
76023364,0.0059,-0.0039,-0.0049,0.0327,-0.0792,0.0234,-0.0167,0.0200,0.0260,0.1211,-0.0053,0.0335,0.0000,-0.0528,1.8062,24.7878,-13.8735,-22.4679
76028364,0.0059,-0.0040,-0.0061,0.0382,-0.0768,0.0233,-0.0157,0.0200,0.0260,0.1213,-0.0066,0.0390,0.0000,-0.0528,1.8062,24.7878,-13.8739,-22.4570
76033365,0.0060,-0.0037,-0.0211,0.0348,-0.1131,0.0212,-0.0122,-0.0047,0.0260,0.1216,-0.0074,0.0600,0.0000,-0.0528,1.6400,24.7878,-13.8741,-22.4533
76038364,0.0060,-0.0034,-0.0214,0.0418,-0.1165,0.0198,-0.0110,-0.0044,0.0258,0.1218,-0.0268,0.0341,0.0000,-0.0528,-0.5749,24.7878,-13.8744,-22.4931
76043365,0.0060,-0.0031,-0.0217,0.0333,-0.1110,0.0193,-0.0120,-0.0031,0.0257,0.1219,-0.0298,0.0209,0.0000,-0.0528,-0.8884,24.7878,-13.8746,-22.5028
76048365,0.0057,-0.0030,-0.0266,0.0140,-0.0914,0.0169,-0.0148,0.0014,0.0255,0.1219,-0.0347,0.0016,0.0000,-0.0528,-0.8884,24.7878,-13.8749,-22.5081
76053364,0.0056,-0.0028,-0.0162,0.0104,-0.0795,0.0187,-0.0162,0.0005,0.0254,0.1219,-0.0243,-0.0020,0.0000,-0.0528,-0.8884,24.7878,-13.8751,-22.5116
76058364,0.0054,-0.0028,-0.0107,0.0086,-0.0743,0.0192,-0.0167,0.0004,0.0253,0.1219,-0.0188,-0.0039,0.0000,-0.0528,-0.8884,24.7878,-13.8755,-22.5170
76063365,0.0053,-0.0026,-0.0082,0.0043,-0.0719,0.0193,-0.0173,0.0008,0.0252,0.1218,-0.0163,-0.0082,0.0000,-0.0528,-0.8884,24.7878,-13.8757,-22.5205
76068365,0.0053,-0.0025,-0.0027,-0.0027,-0.0676,0.0208,-0.0192,0.0011,0.0252,0.1217,-0.0108,-0.0152,0.0000,-0.0528,-0.8884,24.7878,-13.8760,-22.5259
76073364,0.0054,-0.0024,0.0006,-0.0031,-0.0511,0.0220,-0.0199,-0.0001,0.0251,0.1217,-0.0075,-0.0155,0.0000,-0.0528,-0.8884,24.7878,-13.8762,-22.5294
76078364,0.0055,-0.0027,0.0031,-0.0043,-0.0453,0.0228,-0.0217,0.0006,0.0251,0.1216,-0.0050,-0.0167,0.0000,-0.0528,-0.8884,24.7878,-13.8765,-22.5347
76083365,0.0055,-0.0030,-0.0021,-0.0073,-0.0517,0.0218,-0.0226,0.0500,0.0251,0.1215,-0.0090,-0.0176,0.0000,-0.0528,-0.7431,24.7878,-13.8767,-22.5352
76088364,0.0057,-0.0031,-0.0037,-0.0034,-0.0368,0.0226,-0.0220,0.0500,0.0250,0.1215,-0.0041,-0.0026,0.0000,-0.0528,-0.5494,24.7878,-13.8770,-22.5353
76093364,0.0059,-0.0033,-0.0040,0.0073,-0.0258,0.0229,-0.0207,0.0500,0.0250,0.1215,-0.0044,0.0081,0.0000,-0.0528,-0.4526,24.7878,-13.8773,-22.5354
76098364,0.0059,-0.0035,-0.0119,0.0101,-0.0270,0.0210,-0.0198,0.0500,0.0250,0.1216,-0.0124,0.0109,0.0000,-0.0528,-0.3557,24.7878,-13.8776,-22.5358
76103364,0.0060,-0.0036,-0.0122,0.0144,-0.0230,0.0214,-0.0195,-0.0200,0.0249,0.1217,-0.0127,0.0151,0.0000,-0.0528,-0.2588,24.7878,-13.8778,-22.5351
76108365,0.0060,-0.0037,-0.0131,0.0183,-0.0184,0.0212,-0.0192,-0.0200,0.0248,0.1217,-0.0136,0.0191,0.0000,-0.0528,0.1045,24.7878,-13.8781,-22.5292
76113365,0.0060,-0.0039,-0.0156,0.0189,-0.0145,0.0214,-0.0183,-0.0500,0.0248,0.1220,-0.0030,0.0423,0.0000,-0.0528,1.5156,24.7878,-13.8783,-22.4974
76118364,0.0058,-0.0040,-0.0205,0.0110,-0.0029,0.0181,-0.0205,-0.0500,0.0247,0.1220,-0.0209,0.0118,0.0000,-0.0528,1.5156,24.7878,-13.8786,-22.4883
76123364,0.0057,-0.0039,-0.0202,0.0046,0.0396,0.0174,-0.0218,-0.0500,0.0246,0.1220,-0.0206,0.0054,0.0000,-0.0528,1.5156,24.7878,-13.8788,-22.4823
76128364,0.0056,-0.0039,-0.0052,0.0330,0.0808,0.0203,-0.0181,-0.0500,0.0246,0.1222,-0.0056,0.0338,0.0000,-0.0528,1.5156,24.7878,-13.8792,-22.4732
76133364,0.0056,-0.0040,0.0031,0.0437,0.0512,0.0227,-0.0165,0.0200,0.0246,0.1224,0.0026,0.0445,0.0000,-0.0528,1.5156,24.7878,-13.8794,-22.4671
76138364,0.0056,-0.0039,0.0070,0.0617,0.0347,0.0240,-0.0127,0.0200,0.0246,0.1227,0.0066,0.0625,0.0000,-0.0528,1.5156,24.7878,-13.8797,-22.4580
76143364,0.0058,-0.0035,0.0037,0.0513,0.0582,0.0244,-0.0130,-0.0137,0.0247,0.1231,0.0158,0.0738,0.0000,-0.0528,1.4602,24.7878,-13.8799,-22.4531
76148364,0.0059,-0.0033,-0.0125,0.0308,0.0347,0.0197,-0.0154,-0.0057,0.0246,0.1233,-0.0152,0.0277,0.0000,-0.0528,-0.2613,24.7878,-13.8802,-22.4826
76153365,0.0058,-0.0031,-0.0238,0.0037,-0.0013,0.0165,-0.0192,0.0500,0.0245,0.1232,-0.0342,-0.0111,0.0563,-0.0528,-1.0452,24.7891,-13.8804,-22.5017
76158365,0.0055,-0.0032,-0.0333,-0.0079,0.0142,0.0133,-0.0196,0.0500,0.0243,0.1232,-0.0347,-0.0072,0.0563,-0.0528,-1.0452,24.7895,-13.8807,-22.5080
76163365,0.0053,-0.0034,-0.0296,-0.0037,0.0765,0.0129,-0.0206,0.0500,0.0241,0.1231,-0.0311,-0.0029,0.0563,-0.0528,-1.0452,24.7897,-13.8810,-22.5121
76168365,0.0052,-0.0037,-0.0293,-0.0006,0.0936,0.0120,-0.0207,0.0500,0.0240,0.1232,-0.0307,0.0002,0.0563,-0.0528,-1.0452,24.7900,-13.8813,-22.5184
76173364,0.0052,-0.0036,-0.0321,0.0012,0.0497,0.0119,-0.0190,-0.0200,0.0238,0.1232,-0.0335,0.0020,0.0563,-0.0528,-1.0452,24.7903,-13.8815,-22.5226
76178364,0.0050,-0.0034,-0.0318,0.0009,0.0142,0.0119,-0.0179,-0.0200,0.0236,0.1232,-0.0332,0.0017,0.0563,-0.0528,-1.0452,24.7906,-13.8818,-22.5289
76183364,0.0047,-0.0034,-0.0278,0.0003,0.0619,0.0104,-0.0193,0.0065,0.0234,0.1231,-0.0382,-0.0145,0.0563,-0.0528,-1.0452,24.7908,-13.8820,-22.5330
76188364,0.0045,-0.0036,-0.0217,0.0064,0.0652,0.0123,-0.0179,0.0031,0.0234,0.1232,-0.0168,0.0181,0.0563,-0.0528,0.7317,24.7912,-13.8823,-22.4972
76193365,0.0045,-0.0038,-0.0131,0.0165,0.0518,0.0143,-0.0170,0.0007,0.0233,0.1233,-0.0083,0.0282,0.0563,-0.0528,0.7317,24.7914,-13.8825,-22.4943
76198365,0.0043,-0.0039,-0.0082,0.0247,0.0475,0.0150,-0.0158,-0.0011,0.0233,0.1235,-0.0034,0.0364,0.0563,-0.0528,0.7317,24.7917,-13.8829,-22.4899
76203364,0.0043,-0.0037,-0.0131,0.0147,0.0659,0.0134,-0.0168,0.0008,0.0233,0.1236,-0.0083,0.0263,0.0563,-0.0528,0.7317,24.7920,-13.8831,-22.4870
76208365,0.0041,-0.0037,-0.0031,0.0257,0.1053,0.0149,-0.0161,-0.0500,0.0233,0.1238,0.0018,0.0373,0.0563,-0.0528,0.7317,24.7923,-13.8834,-22.4826
76213365,0.0041,-0.0038,-0.0003,0.0318,0.1056,0.0150,-0.0159,-0.0500,0.0233,0.1240,-0.0017,0.0326,0.0563,-0.0528,0.7317,24.7925,-13.8836,-22.4797
76218365,0.0041,-0.0038,0.0079,0.0415,0.0729,0.0173,-0.0143,-0.0500,0.0233,0.1242,0.0065,0.0423,0.0563,-0.0528,0.7317,24.7929,-13.8839,-22.4753
76223364,0.0042,-0.0035,0.0015,0.0486,0.0695,0.0161,-0.0108,-0.0500,0.0233,0.1244,0.0001,0.0494,0.0563,-0.0528,0.7317,24.7931,-13.8841,-22.4724
76228365,0.0044,-0.0033,0.0049,0.0443,0.0790,0.0179,-0.0121,0.0200,0.0233,0.1247,0.0035,0.0451,0.0563,-0.0528,0.7317,24.7934,-13.8844,-22.4680
76233364,0.0045,-0.0030,-0.0134,0.0217,0.0466,0.0140,-0.0137,0.0200,0.0232,0.1248,-0.0149,0.0225,0.0563,-0.0528,0.7317,24.7936,-13.8847,-22.4650
76238364,0.0045,-0.0029,-0.0254,0.0070,0.0271,0.0106,-0.0153,0.0500,0.0231,0.1247,-0.0358,-0.0077,0.0563,-0.0528,-1.0452,24.7940,-13.8850,-22.5001
76243365,0.0045,-0.0028,-0.0260,0.0021,0.0381,0.0108,-0.0152,0.0500,0.0229,0.1248,-0.0274,0.0029,0.0563,-0.0528,-1.0452,24.7942,-13.8852,-22.5042
76248364,0.0043,-0.0030,-0.0293,0.0043,0.0542,0.0091,-0.0150,0.0500,0.0228,0.1248,-0.0307,0.0051,0.0563,-0.0528,-1.0452,24.7945,-13.8855,-22.5105
76253365,0.0043,-0.0032,-0.0321,0.0006,0.0237,0.0088,-0.0158,0.0500,0.0226,0.1248,-0.0335,0.0014,0.0563,-0.0528,-1.0452,24.7948,-13.8857,-22.5147
76258365,0.0041,-0.0031,-0.0299,0.0049,0.0042,0.0087,-0.0139,-0.0200,0.0224,0.1248,-0.0314,0.0057,0.0563,-0.0528,-1.0452,24.7951,-13.8860,-22.5210
76263364,0.0040,-0.0033,-0.0275,0.0101,0.0051,0.0091,-0.0137,-0.0200,0.0223,0.1249,-0.0289,0.0109,0.0563,-0.0528,-1.0452,24.7953,-13.8862,-22.5252
76268364,0.0038,-0.0035,-0.0235,0.0064,-0.0016,0.0092,-0.0154,0.0062,0.0222,0.1249,-0.0267,0.0041,0.0563,-0.0528,-0.2090,24.7957,-13.8866,-22.5139
76273365,0.0036,-0.0036,-0.0266,0.0110,0.0029,0.0080,-0.0136,0.0055,0.0221,0.1250,-0.0231,0.0203,0.0563,-0.0528,0.5749,24.7959,-13.8868,-22.4967
76278365,0.0034,-0.0037,-0.0180,0.0244,-0.0010,0.0096,-0.0118,0.0023,0.0220,0.1252,-0.0145,0.0338,0.0563,-0.0528,0.5749,24.7962,-13.8871,-22.4933
76283365,0.0032,-0.0038,-0.0140,0.0238,0.0029,0.0097,-0.0122,0.0024,0.0219,0.1253,-0.0105,0.0332,0.0563,-0.0528,0.5749,24.7965,-13.8873,-22.4910
76288365,0.0032,-0.0035,-0.0137,0.0217,0.0219,0.0094,-0.0120,0.0018,0.0219,0.1255,-0.0102,0.0310,0.0563,-0.0528,0.5749,24.7968,-13.8876,-22.4875
76293364,0.0031,-0.0036,-0.0037,0.0357,0.0436,0.0113,-0.0105,-0.0500,0.0219,0.1257,-0.0002,0.0451,0.0563,-0.0528,0.5749,24.7970,-13.8878,-22.4852
76298364,0.0030,-0.0036,0.0003,0.0400,0.0283,0.0118,-0.0101,-0.0500,0.0219,0.1259,-0.0011,0.0408,0.0563,-0.0528,0.5749,24.7974,-13.8882,-22.4818
76303365,0.0030,-0.0036,0.0064,0.0464,0.0060,0.0133,-0.0090,-0.0500,0.0219,0.1262,0.0050,0.0472,0.0563,-0.0528,0.5749,24.7976,-13.8884,-22.4795
76308364,0.0032,-0.0032,0.0070,0.0571,0.0148,0.0141,-0.0060,-0.0500,0.0219,0.1264,0.0056,0.0579,0.0563,-0.0528,0.5749,24.7979,-13.8887,-22.4760
76313364,0.0034,-0.0029,0.0116,0.0589,0.0103,0.0165,-0.0055,0.0200,0.0220,0.1267,0.0102,0.0597,0.0563,-0.0528,0.5749,24.7982,-13.8889,-22.4737
76318365,0.0036,-0.0026,-0.0018,0.0421,-0.0264,0.0141,-0.0062,0.0200,0.0220,0.1270,-0.0033,0.0429,0.0563,-0.0528,0.5749,24.7985,-13.8892,-22.4703
76323364,0.0036,-0.0023,-0.0107,0.0275,-0.0331,0.0121,-0.0075,-0.0033,0.0219,0.1271,-0.0130,0.0267,0.0563,-0.0528,-0.1045,24.7987,-13.8894,-22.4821
76328365,0.0036,-0.0021,-0.0214,0.0082,-0.0230,0.0087,-0.0104,0.0500,0.0217,0.1271,-0.0309,-0.0050,0.0563,-0.0528,-0.9407,24.7991,-13.8897,-22.5036
76333365,0.0033,-0.0022,-0.0263,0.0052,-0.0328,0.0070,-0.0092,0.0500,0.0216,0.1271,-0.0277,0.0060,0.0563,-0.0528,-0.9407,24.7993,-13.8900,-22.5073
76338365,0.0032,-0.0020,-0.0281,0.0009,-0.0551,0.0063,-0.0089,0.0500,0.0215,0.1271,-0.0295,0.0017,0.0563,-0.0528,-0.9407,24.7996,-13.8903,-22.5130
76343365,0.0031,-0.0019,-0.0257,0.0006,-0.0481,0.0063,-0.0086,0.0500,0.0213,0.1271,-0.0271,0.0014,0.0563,-0.0528,-0.9407,24.7998,-13.8905,-22.5167
76348364,0.0028,-0.0020,-0.0238,0.0012,-0.0359,0.0055,-0.0088,-0.0200,0.0212,0.1271,-0.0252,0.0020,0.0563,-0.0528,-0.9407,24.8002,-13.8908,-22.5224
76353364,0.0025,-0.0022,-0.0235,-0.0040,-0.0527,0.0048,-0.0099,-0.0200,0.0211,0.1271,-0.0249,-0.0032,0.0563,-0.0528,-0.9407,24.8004,-13.8910,-22.5261
76358364,0.0022,-0.0023,-0.0223,0.0009,-0.0597,0.0034,-0.0092,0.0081,0.0209,0.1270,-0.0318,-0.0123,0.0563,-0.0528,-0.9407,24.8007,-13.8913,-22.5318
76363364,0.0021,-0.0024,-0.0125,0.0110,-0.0435,0.0056,-0.0079,0.0040,0.0208,0.1271,-0.0135,0.0126,0.0563,-0.0528,0.0523,24.8010,-13.8915,-22.5146
76368365,0.0020,-0.0026,-0.0098,0.0153,-0.0346,0.0063,-0.0073,0.0023,0.0208,0.1273,-0.0040,0.0285,0.0563,-0.0528,0.8362,24.8013,-13.8919,-22.4947
76373364,0.0018,-0.0026,-0.0061,0.0272,-0.0310,0.0064,-0.0049,-0.0004,0.0208,0.1275,-0.0003,0.0404,0.0563,-0.0528,0.8362,24.8015,-13.8921,-22.4913
76378364,0.0017,-0.0024,-0.0018,0.0287,-0.0328,0.0072,-0.0040,-0.0019,0.0208,0.1277,0.0039,0.0420,0.0563,-0.0528,0.8362,24.8019,-13.8924,-22.4863
76383364,0.0015,-0.0022,-0.0058,0.0257,-0.0227,0.0055,-0.0033,-0.0013,0.0208,0.1279,-0.0000,0.0389,0.0563,-0.0528,0.8362,24.8021,-13.8926,-22.4829
76388364,0.0014,-0.0020,0.0000,0.0312,-0.0007,0.0060,-0.0023,-0.0500,0.0209,0.1281,0.0058,0.0444,0.0563,-0.0528,0.8362,24.8024,-13.8929,-22.4779
76393365,0.0013,-0.0020,0.0040,0.0370,0.0093,0.0061,-0.0022,-0.0500,0.0209,0.1283,0.0025,0.0377,0.0563,-0.0528,0.8362,24.8027,-13.8931,-22.4746
76398365,0.0013,-0.0021,0.0070,0.0412,-0.0001,0.0068,-0.0015,-0.0500,0.0209,0.1285,0.0056,0.0420,0.0563,-0.0528,0.8362,24.8030,-13.8934,-22.4696
76403365,0.0014,-0.0017,0.0076,0.0418,-0.0111,0.0074,-0.0003,-0.0500,0.0209,0.1287,0.0062,0.0426,0.0563,-0.0528,0.8362,24.8032,-13.8937,-22.4662
76408365,0.0016,-0.0015,0.0034,0.0367,-0.0075,0.0071,-0.0005,0.0200,0.0209,0.1289,0.0019,0.0374,0.0563,-0.0528,0.8362,24.8036,-13.8940,-22.4612
76413364,0.0017,-0.0012,-0.0012,0.0269,0.0029,0.0063,-0.0015,0.0200,0.0209,0.1290,-0.0026,0.0277,0.0563,-0.0528,0.8362,24.8038,-13.8942,-22.4579
76418364,0.0018,-0.0011,-0.0089,0.0043,-0.0099,0.0042,-0.0057,0.0019,0.0208,0.1290,-0.0193,-0.0105,0.0563,-0.0528,-1.0452,24.8041,-13.8945,-22.4946
76423365,0.0019,-0.0010,-0.0171,0.0021,-0.0035,0.0022,-0.0052,0.0500,0.0207,0.1289,-0.0293,-0.0158,0.0563,-0.0528,-1.2543,24.8044,-13.8947,-22.5037
76428365,0.0017,-0.0012,-0.0174,0.0031,0.0124,0.0023,-0.0049,0.0500,0.0206,0.1289,-0.0188,0.0038,0.0563,-0.0528,-1.2543,24.8047,-13.8950,-22.5112
76433365,0.0018,-0.0011,-0.0208,0.0003,0.0023,0.0017,-0.0046,0.0500,0.0205,0.1289,-0.0222,0.0011,0.0563,-0.0528,-1.2543,24.8049,-13.8952,-22.5163
76438365,0.0017,-0.0010,-0.0195,0.0006,-0.0044,0.0019,-0.0040,0.0500,0.0204,0.1289,-0.0210,0.0014,0.0563,-0.0528,-2.0292,24.8053,-13.8956,-22.5421
76443365,0.0015,-0.0009,-0.0171,0.0018,-0.0032,0.0018,-0.0034,-0.0200,0.0203,0.1289,-0.0185,0.0026,0.0563,-0.0528,-1.3511,24.8055,-13.8958,-22.5353
76448365,0.0013,-0.0009,-0.0122,0.0052,-0.0026,0.0021,-0.0029,-0.0200,0.0202,0.1290,-0.0136,0.0060,0.0563,-0.0528,-1.0121,24.8058,-13.8961,-22.5356
76453365,0.0011,-0.0010,-0.0110,0.0070,0.0051,0.0010,-0.0034,0.0023,0.0201,0.1289,-0.0195,-0.0044,0.0563,-0.0528,-0.8184,24.8060,-13.8963,-22.5354
76458364,0.0010,-0.0012,-0.0070,0.0128,0.0103,0.0024,-0.0024,-0.0005,0.0201,0.1290,-0.0044,0.0206,0.0563,-0.0528,0.4704,24.8064,-13.8966,-22.5123
76463365,0.0009,-0.0010,-0.0018,0.0162,0.0203,0.0036,-0.0012,-0.0500,0.0201,0.1292,0.0062,0.0333,0.0563,-0.0528,1.0975,24.8066,-13.8968,-22.4958
76468365,0.0010,-0.0012,0.0027,0.0208,0.0188,0.0044,-0.0022,-0.0500,0.0201,0.1293,0.0013,0.0216,0.0563,-0.0528,1.0975,24.8069,-13.8972,-22.4893
76473364,0.0012,-0.0011,0.0018,0.0159,0.0231,0.0049,-0.0031,-0.0500,0.0201,0.1294,0.0004,0.0167,0.0563,-0.0528,1.0975,24.8072,-13.8974,-22.4849
76478365,0.0013,-0.0012,0.0046,0.0217,0.0271,0.0060,-0.0029,-0.0500,0.0202,0.1295,0.0032,0.0225,0.0563,-0.0528,1.0975,24.8075,-13.8977,-22.4783
76483364,0.0011,-0.0012,-0.0009,0.0189,0.0252,0.0039,-0.0025,0.0200,0.0201,0.1296,-0.0023,0.0197,0.0563,-0.0528,1.0975,24.8077,-13.8979,-22.4739
76488364,0.0012,-0.0010,-0.0012,0.0140,0.0249,0.0043,-0.0031,0.0200,0.0201,0.1297,-0.0026,0.0148,0.0563,-0.0528,1.0975,24.8081,-13.8982,-22.4673
76493364,0.0014,-0.0009,-0.0021,0.0177,0.0316,0.0053,-0.0016,-0.0049,0.0201,0.1298,0.0036,0.0310,0.0563,-0.0528,0.8362,24.8083,-13.8984,-22.4682
76498365,0.0016,-0.0007,-0.0046,0.0131,0.0274,0.0042,-0.0030,-0.0023,0.0201,0.1299,-0.0123,0.0030,0.0563,-0.0528,-0.7317,24.8086,-13.8987,-22.5009
76503365,0.0016,-0.0006,-0.0089,0.0089,0.0130,0.0035,-0.0027,-0.0013,0.0200,0.1298,-0.0166,-0.0013,0.0563,-0.0528,-0.7317,24.8089,-13.8990,-22.5039
76508365,0.0017,-0.0004,-0.0119,0.0049,0.0179,0.0029,-0.0028,-0.0008,0.0199,0.1298,-0.0196,-0.0052,0.0563,-0.0528,-0.7317,24.8092,-13.8993,-22.5082
76513365,0.0016,-0.0002,-0.0134,0.0040,0.0182,0.0024,-0.0022,-0.0009,0.0198,0.1298,-0.0212,-0.0061,0.0563,-0.0528,-0.7317,24.8094,-13.8995,-22.5112
76518365,0.0017,-0.0005,-0.0125,0.0027,0.0139,0.0030,-0.0034,-0.0001,0.0197,0.1298,-0.0202,-0.0074,0.0563,-0.0528,-0.7317,24.8098,-13.8998,-22.5156
76523365,0.0017,-0.0003,-0.0140,0.0021,0.0075,0.0025,-0.0027,-0.0001,0.0196,0.1297,-0.0218,-0.0080,0.0563,-0.0528,-0.7317,24.8100,-13.9000,-22.5185
76528365,0.0014,-0.0004,-0.0125,0.0064,0.0103,0.0019,-0.0018,-0.0005,0.0195,0.1297,-0.0202,-0.0037,0.0563,-0.0528,-0.7317,24.8103,-13.9003,-22.5229
76533364,0.0014,-0.0002,-0.0107,0.0049,0.0093,0.0022,-0.0017,-0.0009,0.0194,0.1297,-0.0184,-0.0052,0.0563,-0.0528,-0.7317,24.8106,-13.9005,-22.5258
76538364,0.0012,-0.0001,-0.0104,0.0058,0.0121,0.0013,-0.0011,-0.0006,0.0193,0.1296,-0.0210,-0.0094,0.0563,-0.0528,-1.0707,24.8109,-13.9009,-22.5377
76543364,0.0010,-0.0002,-0.0070,0.0076,0.0145,0.0013,-0.0009,-0.0009,0.0192,0.1296,-0.0177,-0.0075,0.0563,-0.0528,-1.0707,24.8111,-13.9011,-22.5419
76548364,0.0009,-0.0000,-0.0040,0.0089,0.0121,0.0017,-0.0003,-0.0019,0.0191,0.1296,-0.0146,-0.0063,0.0563,-0.0528,-1.0707,24.8115,-13.9014,-22.5484
76553364,0.0010,0.0001,-0.0064,0.0098,0.0124,0.0014,0.0006,-0.0025,0.0190,0.1295,-0.0171,-0.0054,0.0563,-0.0528,-1.0707,24.8117,-13.9016,-22.5526
76558364,0.0011,0.0003,-0.0064,0.0086,0.0176,0.0016,0.0008,-0.0030,0.0190,0.1295,-0.0171,-0.0066,0.0563,-0.0528,-1.0707,24.8120,-13.9019,-22.5591
76563365,0.0011,0.0005,-0.0076,0.0086,0.0136,0.0013,0.0016,-0.0035,0.0189,0.1295,-0.0183,-0.0066,0.0563,-0.0528,-1.0707,24.8122,-13.9021,-22.5633
76568364,0.0011,0.0006,-0.0079,0.0055,0.0121,0.0014,0.0015,-0.0034,0.0188,0.1294,-0.0186,-0.0097,0.0563,-0.0528,-1.0707,24.8126,-13.9024,-22.5698
76573364,0.0011,0.0008,-0.0076,0.0015,0.0124,0.0017,0.0010,-0.0031,0.0187,0.1293,-0.0183,-0.0136,0.0563,-0.0528,-1.0707,24.8128,-13.9027,-22.5741
76578365,0.0012,0.0009,-0.0110,-0.0015,0.0118,0.0014,0.0010,-0.0029,0.0186,0.1293,-0.0197,-0.0134,0.0563,-0.0528,-0.8500,24.8131,-13.9030,-22.5756
76583365,0.0012,0.0010,-0.0110,-0.0027,0.0100,0.0012,0.0015,-0.0031,0.0185,0.1292,-0.0183,-0.0122,0.0563,-0.0528,-0.6845,24.8134,-13.9032,-22.5754
76588365,0.0011,0.0011,-0.0113,-0.0021,0.0075,0.0011,0.0500,-0.0037,0.0184,0.1292,-0.0172,-0.0091,0.0563,-0.0528,-0.5190,24.8137,-13.9035,-22.5758
76593364,0.0010,0.0012,-0.0070,-0.0034,0.0097,0.0020,0.0500,-0.0043,0.0183,0.1291,-0.0115,-0.0095,0.0563,-0.0528,-0.4087,24.8139,-13.9037,-22.5755
76598364,0.0009,0.0012,-0.0058,-0.0018,0.0093,0.0016,0.0500,-0.0045,0.0183,0.1291,-0.0093,-0.0063,0.0563,-0.0528,-0.2984,24.8143,-13.9040,-22.5755
76603365,0.0009,0.0010,-0.0073,0.0046,0.0087,0.0015,0.0500,-0.0052,0.0183,0.1291,-0.0104,0.0010,0.0563,-0.0528,-0.2432,24.8145,-13.9042,-22.5756
76608365,0.0009,0.0008,-0.0012,-0.0006,0.0225,0.0028,-0.0200,-0.0041,0.0182,0.1291,-0.0038,-0.0034,0.0563,-0.0528,-0.1880,24.8148,-13.9046,-22.5758
76613365,0.0009,0.0009,-0.0021,-0.0024,0.0353,0.0023,-0.0200,-0.0042,0.0182,0.1291,-0.0043,-0.0044,0.0563,0.8969,-0.1329,24.8151,-13.8848,-22.5754
76618365,0.0008,0.0009,-0.0003,-0.0079,0.0362,0.0034,-0.0500,-0.0023,0.0183,0.1289,0.0103,-0.0320,0.0563,1.4772,-0.1329,24.8154,-13.8647,-22.5762
76623364,0.0009,0.0010,0.0003,-0.0165,0.0347,0.0030,-0.0500,-0.0019,0.0183,0.1288,-0.0013,-0.0177,0.0563,1.4772,-0.0777,24.8156,-13.8588,-22.5755
76628365,0.0009,0.0007,0.0027,-0.0092,0.0289,0.0040,-0.0500,-0.0029,0.0183,0.1288,0.0011,-0.0103,0.0563,2.3534,-0.0777,24.8160,-13.8283,-22.5760
76633364,0.0012,0.0004,0.0034,-0.0131,0.0393,0.0049,-0.0500,-0.0018,0.0183,0.1287,0.0017,-0.0143,0.0563,2.3534,-0.0777,24.8162,-13.8189,-22.5763
76638365,0.0013,0.0005,0.0027,-0.0067,0.0542,0.0049,0.0200,-0.0040,0.0183,0.1287,0.0018,-0.0067,0.0563,2.3534,0.0000,24.8165,-13.8048,-22.5754
76643364,0.0012,0.0003,0.0055,-0.0086,0.0503,0.0053,0.0200,-0.0029,0.0183,0.1286,0.0045,-0.0086,0.0563,2.3534,0.0000,24.8167,-13.7954,-22.5754
76648365,0.0014,0.0003,-0.0009,-0.0079,0.0268,0.0053,-0.0046,-0.0017,0.0183,0.1285,0.0039,-0.0180,0.0563,0.6730,0.0000,24.8171,-13.8186,-22.5754
76653365,0.0015,0.0001,-0.0061,-0.0043,0.0289,0.0040,-0.0029,-0.0022,0.0183,0.1285,-0.0096,0.0001,0.0563,-0.2921,0.0000,24.8173,-13.8379,-22.5754
76658364,0.0016,-0.0002,-0.0113,-0.0021,0.0359,0.0028,-0.0029,-0.0014,0.0182,0.1285,-0.0148,0.0022,0.0563,-0.2921,0.0000,24.8177,-13.8397,-22.5754
76663364,0.0015,-0.0004,-0.0147,0.0015,0.0304,0.0015,-0.0021,-0.0006,0.0181,0.1286,-0.0181,0.0059,0.0563,-0.2921,0.0000,24.8179,-13.8409,-22.5754
76668365,0.0014,-0.0003,-0.0150,0.0000,0.0179,0.0013,-0.0016,-0.0004,0.0180,0.1286,-0.0185,0.0044,0.0563,-0.2921,0.0000,24.8182,-13.8426,-22.5754
76673364,0.0013,-0.0001,-0.0150,-0.0043,0.0167,0.0012,-0.0020,0.0002,0.0179,0.1286,-0.0185,0.0001,0.0563,-0.2921,0.0000,24.8184,-13.8438,-22.5754
76678364,0.0011,-0.0002,-0.0128,-0.0070,0.0222,0.0007,-0.0028,0.0012,0.0178,0.1286,-0.0163,-0.0027,0.0563,-0.2921,0.0000,24.8188,-13.8455,-22.5754
76683364,0.0009,-0.0003,-0.0098,-0.0079,0.0258,0.0005,-0.0033,0.0018,0.0178,0.1286,-0.0133,-0.0036,0.0563,-0.2921,0.0000,24.8190,-13.8467,-22.5754
76688364,0.0008,-0.0003,-0.0092,-0.0125,0.0173,0.0004,-0.0039,0.0500,0.0177,0.1285,-0.0126,-0.0082,0.0563,-0.2921,0.0000,24.8193,-13.8485,-22.5754
76693365,0.0009,-0.0002,-0.0064,-0.0119,0.0090,0.0014,-0.0039,0.0500,0.0177,0.1285,-0.0099,-0.0076,0.0563,-0.2921,0.0000,24.8196,-13.8496,-22.5754
76698364,0.0011,-0.0004,-0.0037,-0.0144,0.0170,0.0029,-0.0059,0.0500,0.0176,0.1284,-0.0071,-0.0100,0.0563,-0.2921,1.6467,24.8199,-13.8514,-22.5390
76703365,0.0012,-0.0004,-0.0040,-0.0162,0.0148,0.0035,-0.0066,0.0500,0.0176,0.1284,-0.0075,-0.0118,0.0563,-0.2921,1.7920,24.8201,-13.8526,-22.5290
76708365,0.0013,-0.0007,-0.0058,-0.0119,0.0023,0.0033,-0.0065,-0.0200,0.0175,0.1283,-0.0093,-0.0076,0.0563,-0.2921,1.7920,24.8205,-13.8543,-22.5182
76713365,0.0014,-0.0010,-0.0058,-0.0104,-0.0075,0.0041,-0.0072,-0.0200,0.0175,0.1283,-0.0093,-0.0060,0.0563,-0.2921,1.8443,24.8207,-13.8555,-22.5100
76718365,0.0015,-0.0009,-0.0073,-0.0079,-0.0059,0.0056,-0.0050,-0.0004,0.0175,0.1285,0.0091,0.0309,0.0563,-0.2921,2.3146,24.8210,-13.8572,-22.4870
76723364,0.0015,-0.0012,-0.0110,-0.0095,-0.0007,0.0044,-0.0058,0.0015,0.0176,0.1286,0.0054,0.0294,0.0563,-0.2921,2.3146,24.8213,-13.8584,-22.4778
76728365,0.0013,-0.0015,-0.0134,-0.0192,0.0054,0.0035,-0.0078,0.0042,0.0176,0.1288,0.0097,0.0312,0.0563,-0.2921,3.0899,24.8216,-13.8602,-22.4465
76733365,0.0012,-0.0015,-0.0128,-0.0202,0.0432,0.0028,-0.0083,0.0039,0.0177,0.1289,0.0103,0.0303,0.0563,-0.2921,3.0899,24.8218,-13.8613,-22.4341
76738365,0.0011,-0.0017,0.0046,0.0018,0.1013,0.0061,-0.0070,-0.0500,0.0178,0.1292,0.0277,0.0522,0.0563,-0.2921,3.0899,24.8222,-13.8631,-22.4156
76743364,0.0011,-0.0017,0.0229,0.0370,0.1688,0.0079,-0.0047,-0.0500,0.0179,0.1294,0.0194,0.0413,0.0563,-0.2921,2.7482,24.8224,-13.8642,-22.4105
76748365,0.0012,-0.0017,0.0385,0.0421,0.2079,0.0116,-0.0061,-0.0500,0.0181,0.1296,0.0350,0.0465,0.0563,-0.2921,2.0158,24.8227,-13.8660,-22.4109
76753364,0.0016,-0.0014,0.0370,0.0486,0.1944,0.0130,-0.0042,-0.0500,0.0182,0.1299,0.0335,0.0529,0.0563,-0.2921,1.6741,24.8229,-13.8672,-22.4104
76758364,0.0020,-0.0013,0.0275,0.0486,0.1318,0.0129,-0.0025,0.0200,0.0184,0.1301,0.0240,0.0529,0.0563,-0.2921,1.2346,24.8233,-13.8689,-22.4106
76763364,0.0021,-0.0013,-0.0027,0.0290,0.0655,0.0068,-0.0026,0.0200,0.0183,0.1303,-0.0062,0.0334,0.0563,-0.2921,1.0393,24.8235,-13.8701,-22.4107
76768365,0.0022,-0.0011,-0.0122,0.0113,0.0475,0.0052,-0.0039,-0.0031,0.0183,0.1304,-0.0093,0.0268,0.0563,-0.2921,0.7464,24.8239,-13.8718,-22.4107
76773365,0.0020,-0.0010,-0.0043,0.0031,0.0747,0.0053,-0.0076,-0.0006,0.0182,0.1304,-0.0149,-0.0066,0.0563,-0.2393,-0.8861,24.8240,-13.8716,-22.4429
76778364,0.0021,-0.0010,0.0000,-0.0147,0.0417,0.0067,-0.0118,0.0500,0.0181,0.1302,-0.0140,-0.0317,0.0563,-0.1866,-1.3291,24.8244,-13.8720,-22.4598
76783365,0.0020,-0.0010,-0.0018,-0.0308,-0.0325,0.0078,-0.0133,0.0500,0.0181,0.1301,-0.0040,-0.0289,0.0563,-0.1338,-1.3291,24.8246,-13.8715,-22.4643
76788365,0.0021,-0.0011,-0.0165,-0.0406,0.0118,0.0040,-0.0149,0.0500,0.0180,0.1299,-0.0182,-0.0394,0.0563,-0.0811,-1.3291,24.8250,-13.8712,-22.4731
76793365,0.0022,-0.0014,-0.0156,-0.0461,0.0197,0.0047,-0.0174,0.0500,0.0179,0.1297,-0.0172,-0.0449,0.0563,-0.0811,-1.3291,24.8252,-13.8715,-22.4776
76798364,0.0021,-0.0018,-0.0232,-0.0443,-0.0258,0.0028,-0.0169,-0.0200,0.0178,0.1295,-0.0249,-0.0431,0.0563,-0.0811,-1.3291,24.8255,-13.8720,-22.4864
76803364,0.0021,-0.0023,-0.0180,-0.0376,-0.0771,0.0049,-0.0171,-0.0200,0.0177,0.1293,-0.0190,-0.0376,0.0563,0.0000,-1.3291,24.8257,-13.8711,-22.4909
76808364,0.0022,-0.0027,-0.0107,-0.0305,-0.0649,0.0062,-0.0189,0.0152,0.0176,0.1290,-0.0217,-0.0479,0.0563,0.0000,-1.1661,24.8261,-13.8711,-22.4964
76813364,0.0022,-0.0031,-0.0171,-0.0266,-0.0310,0.0050,-0.0180,0.0142,0.0175,0.1289,-0.0152,-0.0216,0.0563,0.0000,0.3323,24.8263,-13.8711,-22.4680
76818364,0.0020,-0.0035,-0.0296,-0.0339,-0.0380,0.0016,-0.0184,0.0183,0.0174,0.1288,-0.0220,-0.0174,0.0563,-0.0528,1.0522,24.8267,-13.8724,-22.4473
76823364,0.0019,-0.0038,-0.0150,-0.0058,-0.0374,0.0049,-0.0149,0.0115,0.0174,0.1289,-0.0074,0.0107,0.0563,-0.0528,1.0522,24.8268,-13.8726,-22.4437
76828364,0.0018,-0.0040,-0.0110,0.0049,-0.0496,0.0056,-0.0135,0.0098,0.0174,0.1290,-0.0034,0.0214,0.0563,-0.0528,1.0522,24.8272,-13.8729,-22.4367
76833364,0.0017,-0.0041,-0.0018,0.0214,-0.0520,0.0077,-0.0114,0.0057,0.0174,0.1292,0.0058,0.0378,0.0563,-0.0528,1.0522,24.8274,-13.8731,-22.4332
76838364,0.0017,-0.0041,0.0067,0.0547,-0.0130,0.0091,-0.0055,-0.0500,0.0175,0.1295,0.0143,0.0711,0.0563,-0.0528,1.0522,24.8278,-13.8735,-22.4262
76843365,0.0018,-0.0040,0.0107,0.0690,-0.0493,0.0106,-0.0030,-0.0500,0.0175,0.1299,0.0093,0.0698,0.0563,-0.0528,1.0522,24.8280,-13.8737,-22.4227
76848365,0.0018,-0.0036,0.0058,0.0632,-0.0698,0.0093,-0.0019,-0.0500,0.0175,0.1302,0.0044,0.0640,0.0563,-0.0528,1.0522,24.8284,-13.8739,-22.4157
76853365,0.0019,-0.0032,0.0076,0.0531,-0.0618,0.0103,-0.0033,-0.0500,0.0176,0.1305,0.0062,0.0539,0.0563,-0.0528,1.0522,24.8285,-13.8743,-22.4119
76858364,0.0021,-0.0028,0.0086,0.0507,-0.0356,0.0110,-0.0036,0.0200,0.0176,0.1307,0.0071,0.0515,0.0563,-0.0528,0.8081,24.8289,-13.8745,-22.4107
76863364,0.0023,-0.0026,0.0015,0.0232,-0.0572,0.0101,-0.0079,0.0200,0.0176,0.1309,0.0001,0.0240,0.0563,-0.0528,-0.0554,24.8291,-13.8748,-22.4262
76868365,0.0023,-0.0025,-0.0147,0.0006,-0.0930,0.0057,-0.0107,0.0500,0.0175,0.1308,-0.0270,-0.0176,0.0563,-0.0528,-1.2737,24.8295,-13.8750,-22.4571
76873364,0.0023,-0.0025,-0.0174,-0.0229,-0.0805,0.0057,-0.0148,0.0500,0.0174,0.1307,-0.0188,-0.0221,0.0563,-0.0528,-1.2737,24.8297,-13.8753,-22.4617
76878364,0.0021,-0.0025,-0.0134,-0.0394,-0.0661,0.0059,-0.0190,0.0500,0.0173,0.1305,-0.0149,-0.0386,0.0563,-0.0528,-1.2737,24.8301,-13.8755,-22.4699
76883365,0.0020,-0.0030,-0.0208,-0.0507,-0.0820,0.0036,-0.0217,0.0500,0.0172,0.1302,-0.0222,-0.0499,0.0563,-0.0528,-1.2737,24.8303,-13.8758,-22.4743
76888365,0.0020,-0.0035,-0.0122,-0.0373,-0.0853,0.0058,-0.0214,-0.0200,0.0171,0.1300,-0.0136,-0.0365,0.0563,-0.0528,-1.2737,24.8306,-13.8761,-22.4826
76893365,0.0021,-0.0039,-0.0079,-0.0308,-0.0847,0.0072,-0.0221,-0.0200,0.0171,0.1299,-0.0094,-0.0301,0.0563,-0.0528,-1.2737,24.8309,-13.8764,-22.4872
76898365,0.0020,-0.0043,-0.0128,-0.0290,-0.1000,0.0053,-0.0231,0.0217,0.0170,0.1297,-0.0252,-0.0472,0.0563,-0.0528,-1.2737,24.8311,-13.8766,-22.4953
76903365,0.0019,-0.0047,-0.0186,-0.0351,-0.1031,0.0035,-0.0250,0.0254,0.0168,0.1294,-0.0305,-0.0525,0.0563,-0.0528,-1.2215,24.8315,-13.8769,-22.4987
76908364,0.0019,-0.0047,-0.0156,-0.0318,-0.0542,0.0049,-0.0236,0.0207,0.0168,0.1293,-0.0070,-0.0136,0.0563,-0.0528,1.1630,24.8317,-13.8771,-22.4516
76913365,0.0018,-0.0050,-0.0021,0.0015,-0.0099,0.0076,-0.0193,0.0122,0.0168,0.1294,0.0064,0.0196,0.0563,-0.0528,1.1630,24.8320,-13.8774,-22.4474
76918364,0.0018,-0.0052,0.0015,0.0134,-0.0276,0.0086,-0.0175,0.0100,0.0169,0.1296,0.0101,0.0316,0.0563,-0.0528,1.1630,24.8322,-13.8776,-22.4400
76923365,0.0018,-0.0052,0.0131,0.0388,-0.0261,0.0115,-0.0137,0.0032,0.0170,0.1299,0.0217,0.0569,0.0563,-0.0528,1.1630,24.8326,-13.8780,-22.4358
76928365,0.0020,-0.0051,0.0192,0.0702,0.0313,0.0130,-0.0083,-0.0500,0.0171,0.1303,0.0278,0.0884,0.0563,-0.0528,1.1630,24.8328,-13.8782,-22.4284
76933365,0.0023,-0.0046,0.0278,0.0773,0.0100,0.0159,-0.0074,-0.0500,0.0172,0.1307,0.0264,0.0781,0.0563,-0.0528,1.1630,24.8331,-13.8785,-22.4243
76938364,0.0026,-0.0043,0.0247,0.0702,-0.0166,0.0169,-0.0077,-0.0500,0.0174,0.1310,0.0233,0.0710,0.0563,-0.0528,1.1630,24.8334,-13.8787,-22.4167
76943365,0.0029,-0.0039,0.0208,0.0626,-0.0157,0.0168,-0.0079,-0.0500,0.0174,0.1314,0.0193,0.0634,0.0563,-0.0528,1.1630,24.8337,-13.8790,-22.4127
76948365,0.0032,-0.0037,0.0150,0.0550,0.0048,0.0164,-0.0090,0.0200,0.0175,0.1316,0.0135,0.0558,0.0563,-0.0528,0.9189,24.8339,-13.8792,-22.4106
76953365,0.0033,-0.0034,-0.0027,0.0260,-0.0142,0.0127,-0.0123,0.0200,0.0175,0.1318,-0.0042,0.0267,0.0563,-0.0528,-0.5538,24.8343,-13.8796,-22.4381
76958364,0.0033,-0.0033,-0.0180,0.0082,-0.0340,0.0083,-0.0142,0.0500,0.0173,0.1317,-0.0299,-0.0091,0.0563,-0.0528,-1.2184,24.8345,-13.8798,-22.4558
76963364,0.0033,-0.0032,-0.0284,-0.0150,-0.0362,0.0065,-0.0170,0.0500,0.0172,0.1317,-0.0298,-0.0142,0.0563,-0.0528,-1.2184,24.8348,-13.8801,-22.4631
76968365,0.0031,-0.0033,-0.0312,-0.0333,-0.0365,0.0049,-0.0203,0.0500,0.0170,0.1315,-0.0326,-0.0325,0.0563,-0.0528,-1.2184,24.8351,-13.8803,-22.4680
76973365,0.0028,-0.0037,-0.0348,-0.0406,-0.0178,0.0026,-0.0225,0.0500,0.0169,0.1313,-0.0362,-0.0398,0.0563,-0.0528,-1.2184,24.8354,-13.8806,-22.4753
76978364,0.0027,-0.0041,-0.0244,-0.0287,-0.0356,0.0052,-0.0223,-0.0200,0.0167,0.1312,-0.0259,-0.0279,0.0563,-0.0528,-1.2184,24.8356,-13.8808,-22.4801
76983365,0.0025,-0.0042,-0.0235,-0.0229,-0.0465,0.0045,-0.0208,-0.0200,0.0166,0.1310,-0.0249,-0.0221,0.0563,-0.0528,-1.2184,24.8360,-13.8811,-22.4874
76988364,0.0024,-0.0046,-0.0223,-0.0244,-0.0533,0.0037,-0.0232,0.0215,0.0164,0.1308,-0.0342,-0.0418,0.0563,-0.0528,-1.2184,24.8362,-13.8813,-22.4923
76993364,0.0022,-0.0049,-0.0205,-0.0254,-0.0365,0.0033,-0.0247,0.0228,0.0163,0.1306,-0.0319,-0.0419,0.0563,-0.0528,-1.1661,24.8365,-13.8817,-22.4986
76998364,0.0019,-0.0051,-0.0220,-0.0247,-0.0007,0.0022,-0.0239,0.0218,0.0162,0.1305,-0.0229,-0.0231,0.0563,-0.0528,0.0554,24.8368,-13.8819,-22.4773
77003365,0.0018,-0.0053,-0.0076,0.0009,0.0353,0.0056,-0.0204,0.0134,0.0162,0.1306,0.0014,0.0199,0.0563,-0.0528,1.2184,24.8371,-13.8822,-22.4484
77008364,0.0018,-0.0054,-0.0018,0.0192,0.0426,0.0068,-0.0176,0.0092,0.0162,0.1308,0.0072,0.0382,0.0563,-0.0528,1.2184,24.8373,-13.8824,-22.4435
77013365,0.0018,-0.0054,0.0159,0.0458,0.0472,0.0112,-0.0142,0.0012,0.0163,0.1311,0.0249,0.0648,0.0563,-0.0528,1.2184,24.8377,-13.8827,-22.4362
77018364,0.0018,-0.0053,0.0229,0.0672,0.0768,0.0125,-0.0102,-0.0500,0.0165,0.1316,0.0319,0.0861,0.0563,-0.0528,1.2184,24.8379,-13.8829,-22.4313
77023365,0.0022,-0.0050,0.0357,0.0880,0.0802,0.0165,-0.0078,-0.0500,0.0167,0.1320,0.0343,0.0888,0.0563,-0.0528,1.2184,24.8382,-13.8833,-22.4240
77028364,0.0024,-0.0044,0.0327,0.0800,0.0494,0.0171,-0.0074,-0.0500,0.0168,0.1324,0.0313,0.0808,0.0563,-0.0528,1.2184,24.8384,-13.8835,-22.4191
77033365,0.0027,-0.0040,0.0244,0.0712,0.0335,0.0165,-0.0073,-0.0500,0.0169,0.1328,0.0230,0.0720,0.0563,-0.0528,1.2184,24.8388,-13.8838,-22.4118
77038365,0.0030,-0.0037,0.0168,0.0605,0.0445,0.0157,-0.0083,0.0200,0.0170,0.1331,0.0154,0.0613,0.0563,-0.0528,1.0231,24.8390,-13.8840,-22.4111
77043365,0.0032,-0.0034,0.0024,0.0330,0.0451,0.0127,-0.0118,0.0200,0.0170,0.1332,0.0020,0.0338,0.0000,-0.0528,-0.2215,24.8382,-13.8843,-22.4320
77048364,0.0032,-0.0032,-0.0125,0.0168,0.0231,0.0087,-0.0135,0.0500,0.0169,0.1332,-0.0234,-0.0006,0.0000,-0.0528,-1.2184,24.8382,-13.8845,-22.4556
77053365,0.0032,-0.0031,-0.0257,-0.0107,0.0011,0.0063,-0.0164,0.0500,0.0168,0.1332,-0.0261,-0.0099,0.0000,-0.0528,-1.2184,24.8382,-13.8848,-22.4629
77058365,0.0031,-0.0031,-0.0321,-0.0266,0.0023,0.0041,-0.0187,0.0500,0.0166,0.1331,-0.0325,-0.0258,0.0000,-0.0528,-1.2184,24.8382,-13.8851,-22.4678
77063364,0.0029,-0.0035,-0.0363,-0.0296,0.0194,0.0022,-0.0202,0.0500,0.0164,0.1329,-0.0368,-0.0288,0.0000,-0.0528,-1.2184,24.8382,-13.8854,-22.4751
77068364,0.0028,-0.0039,-0.0315,-0.0263,-0.0032,0.0034,-0.0210,-0.0200,0.0163,0.1328,-0.0319,-0.0255,0.0000,-0.0528,-1.2184,24.8382,-13.8856,-22.4800
77073364,0.0025,-0.0040,-0.0272,-0.0223,-0.0184,0.0035,-0.0202,-0.0200,0.0161,0.1327,-0.0276,-0.0215,0.0000,-0.0528,-1.2184,24.8382,-13.8859,-22.4873
77078365,0.0023,-0.0044,-0.0257,-0.0241,-0.0285,0.0023,-0.0222,0.0210,0.0159,0.1325,-0.0366,-0.0415,0.0000,-0.0528,-1.2184,24.8382,-13.8861,-22.4922
77083365,0.0022,-0.0047,-0.0257,-0.0220,-0.0136,0.0018,-0.0227,0.0214,0.0158,0.1323,-0.0332,-0.0336,0.0000,-0.0528,-0.8307,24.8382,-13.8864,-22.4916
77088364,0.0019,-0.0050,-0.0275,-0.0257,0.0124,0.0011,-0.0229,0.0213,0.0157,0.1323,-0.0199,-0.0108,0.0000,-0.0528,0.9415,24.8382,-13.8866,-22.4560
77093364,0.0017,-0.0053,-0.0144,-0.0031,0.0442,0.0034,-0.0203,0.0152,0.0156,0.1323,-0.0053,0.0142,0.0000,-0.0528,1.1076,24.8382,-13.8870,-22.4461
77098364,0.0016,-0.0054,-0.0076,0.0134,0.0497,0.0046,-0.0180,0.0115,0.0156,0.1325,0.0014,0.0307,0.0000,-0.0528,1.1076,24.8382,-13.8872,-22.4417
77103364,0.0016,-0.0055,0.0110,0.0327,0.0429,0.0093,-0.0163,0.0053,0.0157,0.1327,0.0200,0.0500,0.0000,-0.0528,1.1076,24.8382,-13.8875,-22.4350
77108365,0.0016,-0.0054,0.0171,0.0565,0.0738,0.0103,-0.0118,-0.0013,0.0159,0.1331,0.0262,0.0738,0.0000,-0.0528,1.1076,24.8382,-13.8877,-22.4306
77113364,0.0018,-0.0053,0.0266,0.0709,0.0759,0.0137,-0.0100,-0.0500,0.0161,0.1335,0.0356,0.0882,0.0000,-0.0528,1.1076,24.8382,-13.8880,-22.4239
77118364,0.0019,-0.0048,0.0305,0.0773,0.0484,0.0147,-0.0080,-0.0500,0.0162,0.1339,0.0301,0.0781,0.0000,-0.0528,1.1076,24.8382,-13.8882,-22.4195
77123365,0.0023,-0.0045,0.0260,0.0669,0.0265,0.0153,-0.0091,-0.0500,0.0163,0.1343,0.0255,0.0677,0.0000,-0.0528,1.1076,24.8382,-13.8885,-22.4129
77128364,0.0025,-0.0041,0.0174,0.0611,0.0378,0.0140,-0.0086,-0.0500,0.0164,0.1346,0.0170,0.0619,0.0000,-0.0528,1.0100,24.8382,-13.8888,-22.4105
77133365,0.0028,-0.0038,0.0040,0.0421,0.0338,0.0116,-0.0106,0.0200,0.0164,0.1348,0.0035,0.0429,0.0000,-0.0528,0.7170,24.8382,-13.8891,-22.4112
77138364,0.0028,-0.0036,-0.0168,0.0189,-0.0020,0.0070,-0.0119,0.0200,0.0164,0.1349,-0.0173,0.0197,0.0000,-0.0528,-0.0554,24.8382,-13.8893,-22.4244
77143365,0.0027,-0.0035,-0.0302,-0.0012,-0.0120,0.0026,-0.0149,0.0500,0.0161,0.1348,-0.0426,-0.0211,0.0000,-0.0528,-1.3845,24.8382,-13.8896,-22.4572
77148365,0.0027,-0.0035,-0.0351,-0.0195,-0.0123,0.0021,-0.0171,0.0500,0.0160,0.1347,-0.0356,-0.0188,0.0000,-0.0528,-1.3845,24.8382,-13.8898,-22.4627
77153365,0.0023,-0.0038,-0.0397,-0.0305,-0.0157,-0.0004,-0.0192,0.0500,0.0158,0.1345,-0.0402,-0.0298,0.0000,-0.0528,-1.3845,24.8382,-13.8901,-22.4710
77158364,0.0020,-0.0042,-0.0385,-0.0312,-0.0181,-0.0013,-0.0202,0.0500,0.0156,0.1344,-0.0389,-0.0304,0.0000,-0.0528,-1.3845,24.8382,-13.8903,-22.4766
77163365,0.0018,-0.0043,-0.0254,-0.0226,-0.0530,0.0013,-0.0196,-0.0200,0.0154,0.1343,-0.0258,-0.0218,0.0000,-0.0528,-1.3845,24.8382,-13.8907,-22.4849
77168365,0.0015,-0.0044,-0.0232,-0.0238,-0.0679,0.0011,-0.0196,-0.0200,0.0153,0.1342,-0.0237,-0.0230,0.0000,-0.0528,-1.3845,24.8382,-13.8909,-22.4904
77173365,0.0013,-0.0046,-0.0195,-0.0247,-0.0768,0.0002,-0.0214,0.0242,0.0152,0.1339,-0.0319,-0.0446,0.0000,-0.0528,-1.3845,24.8382,-13.8912,-22.4987
77178364,0.0011,-0.0049,-0.0122,-0.0171,-0.0606,0.0013,-0.0213,0.0223,0.0151,0.1338,-0.0218,-0.0322,0.0000,-0.0528,-1.0678,24.8382,-13.8914,-22.4974
77183364,0.0009,-0.0052,-0.0116,-0.0192,-0.0447,0.0021,-0.0212,0.0209,0.0150,0.1338,-0.0016,-0.0003,0.0000,-0.0528,1.2184,24.8382,-13.8917,-22.4506
77188365,0.0008,-0.0054,0.0006,-0.0037,-0.0130,0.0041,-0.0201,0.0164,0.0151,0.1339,0.0106,0.0153,0.0000,-0.0528,1.2184,24.8382,-13.8919,-22.4458
77193365,0.0007,-0.0056,0.0073,0.0125,0.0078,0.0055,-0.0182,0.0124,0.0152,0.1340,0.0173,0.0315,0.0000,-0.0528,1.2184,24.8382,-13.8923,-22.4385
77198365,0.0008,-0.0056,0.0260,0.0342,0.0038,0.0105,-0.0162,0.0055,0.0154,0.1343,0.0360,0.0532,0.0000,-0.0528,1.2184,24.8382,-13.8925,-22.4336
77203364,0.0008,-0.0055,0.0260,0.0553,0.0216,0.0103,-0.0116,0.0004,0.0155,0.1346,0.0360,0.0742,0.0000,-0.0528,1.2184,24.8382,-13.8928,-22.4263
77208365,0.0011,-0.0054,0.0336,0.0782,0.0426,0.0132,-0.0079,-0.0500,0.0158,0.1351,0.0436,0.0971,0.0000,-0.0528,1.2184,24.8382,-13.8930,-22.4214
77213365,0.0013,-0.0048,0.0336,0.0812,0.0261,0.0134,-0.0063,-0.0500,0.0159,0.1355,0.0331,0.0820,0.0000,-0.0528,1.2184,24.8382,-13.8933,-22.4141
77218364,0.0017,-0.0045,0.0238,0.0681,0.0011,0.0126,-0.0070,-0.0500,0.0160,0.1359,0.0234,0.0689,0.0000,-0.0528,1.1207,24.8382,-13.8935,-22.4112
77223365,0.0019,-0.0041,0.0159,0.0629,0.0090,0.0114,-0.0063,-0.0500,0.0161,0.1362,0.0154,0.0637,0.0000,-0.0528,0.8278,24.8382,-13.8938,-22.4111
77228364,0.0021,-0.0038,0.0064,0.0473,0.0158,0.0099,-0.0081,0.0200,0.0161,0.1364,0.0060,0.0481,0.0000,-0.0528,0.6813,24.8382,-13.8941,-22.4110
77233365,0.0022,-0.0036,-0.0137,0.0202,-0.0145,0.0055,-0.0105,0.0200,0.0161,0.1366,-0.0142,0.0209,0.0000,-0.0528,-0.1297,24.8382,-13.8944,-22.4241
77238364,0.0021,-0.0035,-0.0257,-0.0018,-0.0246,0.0015,-0.0141,0.0500,0.0159,0.1364,-0.0386,-0.0228,0.0000,-0.0528,-1.4588,24.8382,-13.8946,-22.4544
77243365,0.0021,-0.0034,-0.0299,-0.0189,-0.0261,0.0011,-0.0160,0.0500,0.0157,0.1363,-0.0304,-0.0181,0.0000,-0.0528,-1.4588,24.8382,-13.8949,-22.4632
77248364,0.0018,-0.0038,-0.0281,-0.0324,-0.0337,0.0005,-0.0197,0.0500,0.0156,0.1362,-0.0286,-0.0316,0.0000,-0.0528,-1.4588,24.8382,-13.8951,-22.4690
77253365,0.0015,-0.0041,-0.0308,-0.0321,-0.0465,-0.0011,-0.0198,0.0500,0.0154,0.1360,-0.0313,-0.0313,0.0000,-0.0528,-1.4588,24.8382,-13.8954,-22.4778
77258365,0.0014,-0.0045,-0.0159,-0.0226,-0.0582,0.0025,-0.0206,-0.0200,0.0154,0.1359,-0.0163,-0.0218,0.0000,-0.0528,-1.4588,24.8382,-13.8956,-22.4836
77263365,0.0013,-0.0045,-0.0119,-0.0202,-0.0716,0.0029,-0.0201,-0.0200,0.0153,0.1358,-0.0124,-0.0194,0.0000,-0.0528,-1.4588,24.8382,-13.8960,-22.4924
77268365,0.0011,-0.0048,-0.0113,-0.0226,-0.0918,0.0018,-0.0223,0.0240,0.0152,0.1356,-0.0243,-0.0436,0.0000,-0.0528,-1.4588,24.8382,-13.8962,-22.4982
77273365,0.0009,-0.0050,-0.0049,-0.0150,-0.0740,0.0027,-0.0217,0.0219,0.0151,0.1355,-0.0147,-0.0305,0.0000,-0.0528,-1.0930,24.8382,-13.8965,-22.4985
77278365,0.0009,-0.0053,0.0027,-0.0024,-0.0542,0.0045,-0.0210,0.0186,0.0151,0.1354,-0.0053,-0.0148,0.0000,-0.0528,-0.8840,24.8382,-13.8967,-22.4983
77283365,0.0009,-0.0056,-0.0009,-0.0003,-0.0615,0.0037,-0.0206,0.0193,0.0150,0.1353,-0.0072,-0.0096,0.0000,-0.0528,-0.6749,24.8382,-13.8970,-22.4988
77288364,0.0009,-0.0054,-0.0046,0.0015,-0.0429,0.0028,-0.0170,0.0158,0.0150,0.1355,-0.0080,0.0322,0.0000,-1.2274,0.8307,24.8382,-13.9237,-22.4692
77293365,0.0009,-0.0055,0.0070,0.0229,0.0029,0.0056,-0.0143,0.0086,0.0150,0.1358,0.0103,0.0652,0.0000,-1.2274,1.6060,24.8382,-13.9310,-22.4447
77298364,0.0009,-0.0056,0.0119,0.0339,0.0051,0.0068,-0.0128,0.0058,0.0151,0.1362,0.0152,0.0762,0.0000,-1.2274,1.6060,24.8382,-13.9359,-22.4383
77303364,0.0009,-0.0055,0.0202,0.0702,0.0176,0.0089,-0.0058,-0.0500,0.0152,0.1368,0.0234,0.1125,0.0000,-1.2274,1.6060,24.8382,-13.9433,-22.4287
77308364,0.0010,-0.0053,0.0305,0.0812,0.0442,0.0105,-0.0057,-0.0500,0.0153,0.1373,0.0200,0.0996,0.0000,-1.2274,1.6060,24.8382,-13.9482,-22.4223
77313365,0.0013,-0.0048,0.0330,0.0849,0.0454,0.0123,-0.0040,-0.0500,0.0154,0.1378,0.0225,0.1032,0.0000,-1.2274,1.6060,24.8382,-13.9556,-22.4126
77318364,0.0016,-0.0043,0.0284,0.0754,0.0145,0.0125,-0.0038,-0.0500,0.0155,0.1382,0.0179,0.0938,0.0000,-1.2274,1.4107,24.8382,-13.9605,-22.4104
77323365,0.0018,-0.0039,0.0202,0.0596,-0.0087,0.0119,-0.0054,0.0200,0.0156,0.1386,0.0121,0.0735,0.0000,-0.9365,1.0201,24.8382,-13.9612,-22.4110
77328365,0.0020,-0.0036,0.0101,0.0367,0.0051,0.0101,-0.0089,0.0200,0.0156,0.1389,0.0037,0.0477,0.0000,-0.7425,-0.1108,24.8382,-13.9607,-22.4314
77333364,0.0021,-0.0034,0.0024,0.0208,0.0295,0.0077,-0.0121,0.0500,0.0156,0.1389,-0.0118,0.0125,0.0000,-0.5486,-1.1076,24.8382,-13.9609,-22.4568
77338364,0.0022,-0.0033,-0.0098,-0.0031,0.0139,0.0060,-0.0148,0.0500,0.0155,0.1389,-0.0137,0.0037,0.0000,-0.4517,-1.1076,24.8382,-13.9610,-22.4612
77343364,0.0022,-0.0032,-0.0104,-0.0192,-0.0178,0.0061,-0.0177,0.0500,0.0154,0.1389,-0.0134,-0.0139,0.0000,-0.3547,-1.1076,24.8382,-13.9614,-22.4678
77348365,0.0020,-0.0033,-0.0113,-0.0284,-0.0090,0.0050,-0.0199,0.0500,0.0154,0.1387,-0.0135,-0.0246,0.0000,-0.2577,-1.1076,24.8382,-13.9608,-22.4723
77353364,0.0020,-0.0037,-0.0070,-0.0217,-0.0071,0.0061,-0.0203,-0.0200,0.0153,0.1387,-0.0088,-0.0186,0.0000,-0.2093,-1.1076,24.8382,-13.9612,-22.4789
77358365,0.0021,-0.0040,-0.0049,-0.0153,-0.0215,0.0075,-0.0203,-0.0200,0.0153,0.1386,-0.0063,-0.0129,0.0000,-0.1608,-1.1076,24.8382,-13.9610,-22.4833
77363365,0.0022,-0.0043,-0.0064,-0.0107,-0.0481,0.0069,-0.0207,0.0157,0.0152,0.1385,-0.0169,-0.0255,0.0000,-0.1123,-1.1076,24.8382,-13.9609,-22.4900
77368364,0.0021,-0.0046,-0.0095,-0.0098,-0.0459,0.0063,-0.0205,0.0159,0.0151,0.1384,-0.0128,-0.0122,0.0000,-0.1123,-0.2769,24.8382,-13.9614,-22.4771
77373365,0.0020,-0.0045,-0.0116,-0.0140,-0.0010,0.0057,-0.0206,0.0150,0.0151,0.1384,-0.0041,0.0009,0.0000,-0.0638,0.9415,24.8382,-13.9609,-22.4488
77378365,0.0019,-0.0047,0.0003,0.0183,0.0475,0.0078,-0.0161,0.0064,0.0152,0.1386,0.0078,0.0333,0.0000,-0.0638,0.9415,24.8382,-13.9612,-22.4450
77383365,0.0019,-0.0048,0.0076,0.0247,0.0368,0.0097,-0.0159,0.0047,0.0152,0.1388,0.0152,0.0397,0.0000,-0.0638,0.9415,24.8382,-13.9616,-22.4394
77388365,0.0019,-0.0048,0.0220,0.0492,0.0203,0.0137,-0.0122,-0.0500,0.0154,0.1391,0.0301,0.0632,0.0000,0.0000,0.9415,24.8382,-13.9607,-22.4356
77393365,0.0020,-0.0043,0.0229,0.0715,0.0854,0.0125,-0.0074,-0.0500,0.0155,0.1394,0.0229,0.0715,0.0000,0.0000,0.9415,24.8382,-13.9607,-22.4300
77398364,0.0024,-0.0040,0.0370,0.0785,0.0655,0.0179,-0.0072,-0.0500,0.0157,0.1398,0.0370,0.0785,0.0000,0.0000,0.9415,24.8382,-13.9607,-22.4262
77403364,0.0027,-0.0036,0.0345,0.0715,0.0249,0.0192,-0.0070,-0.0500,0.0158,0.1402,0.0345,0.0715,0.0000,0.0000,0.9415,24.8382,-13.9607,-22.4206
77408364,0.0030,-0.0032,0.0226,0.0571,-0.0013,0.0177,-0.0076,0.0200,0.0160,0.1405,0.0226,0.0571,0.0000,0.0000,0.9415,24.8382,-13.9607,-22.4168
77413364,0.0032,-0.0029,0.0113,0.0367,0.0286,0.0153,-0.0104,0.0200,0.0160,0.1407,0.0113,0.0367,0.0000,0.0000,-0.1108,24.8382,-13.9607,-22.4334
77418364,0.0033,-0.0027,0.0018,0.0241,0.0542,0.0125,-0.0125,-0.0021,0.0160,0.1407,-0.0072,0.0085,0.0000,0.0000,-1.0522,24.8382,-13.9607,-22.4553
77423365,0.0034,-0.0026,-0.0174,-0.0003,0.0139,0.0085,-0.0148,0.0500,0.0159,0.1406,-0.0265,-0.0160,0.0000,0.0000,-1.0522,24.8382,-13.9607,-22.4617
77428364,0.0033,-0.0026,-0.0186,-0.0174,-0.0194,0.0089,-0.0169,0.0500,0.0158,0.1405,-0.0186,-0.0174,0.0000,0.0000,-1.0522,24.8382,-13.9607,-22.4659
77433365,0.0031,-0.0027,-0.0202,-0.0168,-0.0041,0.0073,-0.0165,0.0500,0.0157,0.1405,-0.0202,-0.0168,0.0000,0.0000,-1.0522,24.8382,-13.9607,-22.4722
77438364,0.0030,-0.0030,-0.0140,-0.0229,0.0032,0.0085,-0.0199,0.0500,0.0156,0.1403,-0.0140,-0.0229,0.0000,0.0000,-1.0522,24.8382,-13.9607,-22.4764
77443365,0.0028,-0.0031,-0.0086,-0.0107,-0.0252,0.0094,-0.0173,-0.0200,0.0155,0.1403,-0.0086,-0.0107,0.0000,0.0000,-1.0522,24.8382,-13.9607,-22.4827
77448364,0.0026,-0.0031,-0.0015,-0.0086,-0.0575,0.0109,-0.0172,-0.0200,0.0155,0.1402,-0.0015,-0.0086,0.0000,0.0000,-1.0522,24.8382,-13.9607,-22.4869
77453364,0.0025,-0.0034,0.0003,-0.0046,-0.0493,0.0102,-0.0180,0.0097,0.0155,0.1401,-0.0087,-0.0203,0.0000,0.0000,-1.0522,24.8382,-13.9607,-22.4932
77458365,0.0026,-0.0036,0.0031,0.0000,-0.0227,0.0106,-0.0186,0.0088,0.0155,0.1401,-0.0060,-0.0157,0.0000,0.0000,-1.0522,24.8382,-13.9607,-22.4974
77463364,0.0026,-0.0039,0.0043,0.0046,-0.0166,0.0118,-0.0181,0.0069,0.0155,0.1401,0.0043,0.0046,0.0000,0.0000,0.0000,24.8382,-13.9607,-22.4815
77468365,0.0025,-0.0040,0.0043,0.0061,-0.0123,0.0122,-0.0171,0.0054,0.0156,0.1402,0.0162,0.0267,0.0000,0.0000,1.3845,24.8382,-13.9607,-22.4505
77473364,0.0024,-0.0038,0.0082,0.0205,0.0124,0.0126,-0.0140,0.0009,0.0157,0.1404,0.0201,0.0411,0.0000,0.0000,1.3845,24.8382,-13.9607,-22.4422
77478364,0.0025,-0.0039,0.0183,0.0351,0.0411,0.0149,-0.0128,-0.0500,0.0158,0.1407,0.0302,0.0558,0.0000,0.0000,1.3845,24.8382,-13.9607,-22.4367
77483364,0.0026,-0.0039,0.0269,0.0495,0.0454,0.0165,-0.0118,-0.0500,0.0160,0.1409,0.0269,0.0495,0.0000,0.0000,1.3845,24.8382,-13.9607,-22.4284
77488364,0.0027,-0.0038,0.0318,0.0693,0.0448,0.0181,-0.0079,-0.0500,0.0161,0.1413,0.0318,0.0693,0.0000,0.0000,1.3845,24.8382,-13.9607,-22.4229
77493364,0.0030,-0.0033,0.0357,0.0690,0.0353,0.0206,-0.0076,-0.0500,0.0163,0.1416,0.0357,0.0690,0.0000,0.0000,1.3845,24.8382,-13.9607,-22.4145
77498364,0.0033,-0.0031,0.0235,0.0556,0.0066,0.0193,-0.0083,0.0200,0.0164,0.1419,0.0235,0.0556,0.0000,0.0000,1.2868,24.8382,-13.9607,-22.4110
77503364,0.0035,-0.0028,0.0079,0.0278,-0.0169,0.0164,-0.0116,0.0200,0.0164,0.1421,0.0079,0.0278,0.0000,0.0000,-0.2215,24.8382,-13.9607,-22.4365
77508364,0.0036,-0.0026,0.0003,0.0168,0.0084,0.0139,-0.0136,-0.0007,0.0164,0.1421,-0.0083,0.0020,0.0000,0.0000,-0.9968,24.8382,-13.9607,-22.4553
77513364,0.0038,-0.0025,-0.0052,0.0031,0.0280,0.0130,-0.0161,0.0500,0.0163,0.1420,-0.0138,-0.0118,0.0000,0.0000,-0.9968,24.8382,-13.9607,-22.4613
77518364,0.0038,-0.0024,-0.0137,-0.0079,-0.0026,0.0117,-0.0160,0.0500,0.0163,0.1420,-0.0137,-0.0079,0.0000,0.0000,-0.9968,24.8382,-13.9607,-22.4652
77523365,0.0037,-0.0024,-0.0186,-0.0125,-0.0230,0.0104,-0.0157,0.0500,0.0162,0.1419,-0.0186,-0.0125,0.0000,0.0000,-0.9968,24.8382,-13.9607,-22.4712
77528364,0.0038,-0.0024,-0.0137,-0.0125,-0.0133,0.0120,-0.0168,0.0500,0.0161,0.1418,-0.0137,-0.0125,0.0000,0.0000,-0.9968,24.8382,-13.9607,-22.4752
77533364,0.0037,-0.0027,-0.0098,-0.0110,-0.0169,0.0127,-0.0178,-0.0200,0.0161,0.1418,-0.0098,-0.0110,0.0000,0.0000,-0.9968,24.8382,-13.9607,-22.4812
77538364,0.0038,-0.0026,-0.0049,-0.0058,-0.0392,0.0145,-0.0168,-0.0200,0.0160,0.1418,-0.0049,-0.0058,0.0000,0.0000,-0.9968,24.8382,-13.9607,-22.4852
77543364,0.0038,-0.0025,-0.0015,-0.0027,-0.0377,0.0146,-0.0168,0.0036,0.0160,0.1417,-0.0101,-0.0176,0.0000,0.0000,-0.9968,24.8382,-13.9607,-22.4912
77548365,0.0038,-0.0027,0.0046,0.0076,-0.0191,0.0159,-0.0162,0.0011,0.0160,0.1416,-0.0040,-0.0072,0.0000,0.0000,-0.9968,24.8382,-13.9607,-22.4951
77553365,0.0038,-0.0029,0.0040,0.0082,-0.0111,0.0157,-0.0168,0.0015,0.0159,0.1416,-0.0037,-0.0050,0.0000,0.0000,-0.8923,24.8382,-13.9607,-22.4989
77558364,0.0037,-0.0028,0.0082,0.0104,-0.0032,0.0175,-0.0153,-0.0500,0.0160,0.1417,0.0149,0.0219,0.0000,0.0000,0.7753,24.8382,-13.9607,-22.4662
77563364,0.0038,-0.0025,0.0055,0.0159,0.0170,0.0164,-0.0139,-0.0500,0.0160,0.1418,0.0055,0.0159,0.0000,0.0000,1.4399,24.8382,-13.9607,-22.4449
77568364,0.0038,-0.0026,0.0180,0.0305,0.0378,0.0193,-0.0128,-0.0500,0.0161,0.1420,0.0180,0.0305,0.0000,0.0000,1.4399,24.8382,-13.9607,-22.4391
77573365,0.0038,-0.0027,0.0189,0.0357,0.0350,0.0197,-0.0120,-0.0500,0.0162,0.1421,0.0189,0.0357,0.0000,0.0000,1.4399,24.8382,-13.9607,-22.4305
77578364,0.0040,-0.0027,0.0324,0.0510,0.0228,0.0238,-0.0105,0.0200,0.0164,0.1424,0.0324,0.0510,0.0000,0.0000,1.4399,24.8382,-13.9607,-22.4247
77583365,0.0042,-0.0023,0.0241,0.0425,0.0213,0.0227,-0.0107,0.0200,0.0165,0.1426,0.0241,0.0425,0.0000,0.0000,-0.2215,24.8382,-13.9607,-22.4525
77588364,0.0044,-0.0021,0.0110,0.0308,0.0155,0.0201,-0.0111,-0.0096,0.0166,0.1427,0.0091,0.0276,0.0000,0.0000,-0.2215,24.8382,-13.9607,-22.4534
77593364,0.0045,-0.0019,0.0034,0.0113,-0.0004,0.0189,-0.0138,-0.0051,0.0166,0.1428,0.0015,0.0080,0.0000,0.0000,-0.2215,24.8382,-13.9607,-22.4547
77598364,0.0044,-0.0021,-0.0052,-0.0021,-0.0001,0.0163,-0.0162,-0.0001,0.0165,0.1427,-0.0071,-0.0054,0.0000,0.0000,-0.2215,24.8382,-13.9607,-22.4556
77603365,0.0046,-0.0023,-0.0067,0.0006,0.0228,0.0163,-0.0167,-0.0005,0.0165,0.1427,-0.0091,-0.0035,0.0000,0.0000,-0.2738,24.8382,-13.9607,-22.4580
77608364,0.0047,-0.0025,-0.0037,0.0003,0.0268,0.0164,-0.0193,0.0019,0.0164,0.1426,-0.0204,-0.0287,0.0000,0.0000,-1.9461,24.8382,-13.9607,-22.4958
77613364,0.0049,-0.0025,-0.0098,-0.0012,0.0048,0.0157,-0.0190,0.0500,0.0162,0.1424,-0.0278,-0.0325,0.0000,0.0000,-2.1029,24.8382,-13.9607,-22.5115
77618365,0.0049,-0.0024,-0.0076,0.0009,-0.0120,0.0180,-0.0168,0.0500,0.0162,0.1424,-0.0076,0.0009,0.0000,0.0000,-2.1029,24.8382,-13.9607,-22.5199
77623365,0.0050,-0.0023,-0.0092,-0.0018,-0.0163,0.0179,-0.0169,0.0500,0.0162,0.1424,-0.0092,-0.0018,0.0000,0.0000,-2.1029,24.8382,-13.9607,-22.5325
77628364,0.0049,-0.0025,-0.0073,-0.0067,-0.0117,0.0179,-0.0190,0.0500,0.0161,0.1424,-0.0073,-0.0067,0.0000,0.0000,-1.8608,24.8382,-13.9607,-22.5358
77633364,0.0050,-0.0028,-0.0018,-0.0003,-0.0038,0.0196,-0.0195,-0.0200,0.0161,0.1424,-0.0018,-0.0003,0.0000,0.0000,-1.3764,24.8382,-13.9607,-22.5357
77638365,0.0050,-0.0030,0.0009,0.0101,0.0060,0.0200,-0.0183,-0.0200,0.0161,0.1424,0.0009,0.0101,0.0000,0.0000,-1.1343,24.8382,-13.9607,-22.5358
77643364,0.0049,-0.0032,0.0058,0.0092,-0.0029,0.0215,-0.0193,-0.0500,0.0162,0.1425,0.0098,0.0162,0.0000,0.0000,0.4704,24.8382,-13.9607,-22.5073
77648364,0.0048,-0.0032,0.0055,0.0131,0.0048,0.0205,-0.0188,-0.0500,0.0162,0.1426,0.0055,0.0131,0.0000,0.0000,0.8884,24.8382,-13.9607,-22.4956
77653365,0.0051,-0.0033,0.0092,0.0214,0.0258,0.0223,-0.0183,-0.0500,0.0162,0.1427,0.0092,0.0214,0.0000,0.0000,0.8884,24.8382,-13.9607,-22.4903
77658365,0.0051,-0.0030,0.0144,0.0235,0.0246,0.0239,-0.0178,-0.0500,0.0163,0.1428,0.0144,0.0235,0.0000,0.0000,0.8884,24.8382,-13.9607,-22.4867
77663365,0.0054,-0.0030,0.0070,0.0287,0.0124,0.0233,-0.0159,0.0200,0.0163,0.1430,0.0070,0.0287,0.0000,0.0000,0.8884,24.8382,-13.9607,-22.4814
77668364,0.0056,-0.0028,0.0070,0.0232,0.0069,0.0242,-0.0169,0.0200,0.0164,0.1431,0.0070,0.0232,0.0000,0.0000,0.8884,24.8382,-13.9607,-22.4778
77673364,0.0057,-0.0025,0.0055,0.0254,0.0350,0.0237,-0.0162,-0.0089,0.0164,0.1432,0.0024,0.0199,0.0000,0.0000,-0.3658,24.8382,-13.9607,-22.4997
77678364,0.0060,-0.0026,0.0061,0.0165,0.0127,0.0251,-0.0187,-0.0070,0.0164,0.1432,0.0030,0.0111,0.0000,0.0000,-0.3658,24.8382,-13.9607,-22.5012
77683365,0.0061,-0.0024,0.0049,0.0144,0.0038,0.0255,-0.0185,-0.0072,0.0164,0.1433,0.0017,0.0089,0.0000,0.0000,-0.3658,24.8382,-13.9607,-22.5034
77688364,0.0063,-0.0023,0.0006,0.0156,0.0066,0.0251,-0.0175,-0.0078,0.0164,0.1433,-0.0025,0.0101,0.0000,0.0000,-0.3658,24.8382,-13.9607,-22.5048
77693365,0.0065,-0.0024,0.0003,0.0098,-0.0071,0.0259,-0.0194,-0.0062,0.0164,0.1433,-0.0028,0.0043,0.0000,0.0000,-0.3658,24.8382,-13.9607,-22.5070
77698364,0.0066,-0.0023,-0.0116,-0.0012,-0.0246,0.0235,-0.0200,-0.0026,0.0163,0.1433,-0.0148,-0.0067,0.0000,0.0000,-0.3658,24.8382,-13.9607,-22.5085
77703364,0.0067,-0.0023,-0.0205,-0.0055,-0.0288,0.0211,-0.0204,0.0003,0.0162,0.1432,-0.0307,-0.0232,0.0000,0.0000,-1.1892,24.8382,-13.9607,-22.5280
77708364,0.0067,-0.0023,-0.0241,-0.0171,-0.0340,0.0201,-0.0225,0.0500,0.0160,0.1430,-0.0373,-0.0398,0.0000,0.0000,-1.5282,24.8382,-13.9607,-22.5407
77713364,0.0065,-0.0023,-0.0305,-0.0247,-0.0377,0.0188,-0.0219,0.0500,0.0158,0.1429,-0.0305,-0.0247,0.0000,0.0000,-1.5282,24.8382,-13.9607,-22.5499
77718365,0.0062,-0.0026,-0.0351,-0.0272,-0.0239,0.0164,-0.0228,0.0500,0.0156,0.1427,-0.0351,-0.0272,0.0000,0.0000,-1.5282,24.8382,-13.9607,-22.5560
77723364,0.0060,-0.0029,-0.0235,-0.0195,-0.0093,0.0181,-0.0233,0.0500,0.0155,0.1426,-0.0235,-0.0195,0.0000,0.0000,-0.4627,24.8382,-13.9607,-22.5424
77728364,0.0058,-0.0032,-0.0137,-0.0049,-0.0056,0.0199,-0.0219,-0.0200,0.0155,0.1426,-0.0137,-0.0049,0.0000,0.0000,-0.0752,24.8382,-13.9607,-22.5352
77733365,0.0057,-0.0034,-0.0086,0.0061,-0.0249,0.0212,-0.0205,-0.0200,0.0154,0.1426,-0.0086,0.0061,0.0000,0.0000,-0.0752,24.8382,-13.9607,-22.5357
77738365,0.0057,-0.0035,0.0031,0.0217,-0.0294,0.0246,-0.0183,-0.0500,0.0155,0.1428,0.0111,0.0357,0.0000,0.0000,0.9407,24.8382,-13.9607,-22.5150
77743364,0.0057,-0.0036,0.0034,0.0308,-0.0191,0.0241,-0.0175,-0.0500,0.0155,0.1430,0.0034,0.0308,0.0000,0.0000,1.6724,24.8382,-13.9607,-22.4910
77748364,0.0060,-0.0034,0.0073,0.0330,-0.0142,0.0261,-0.0175,-0.0500,0.0155,0.1431,0.0073,0.0330,0.0000,0.0000,1.6724,24.8382,-13.9607,-22.4843
77753365,0.0062,-0.0031,0.0073,0.0388,-0.0120,0.0267,-0.0156,-0.0500,0.0156,0.1433,0.0073,0.0388,0.0000,0.0000,1.6724,24.8382,-13.9607,-22.4743
77758365,0.0064,-0.0029,0.0055,0.0379,-0.0105,0.0272,-0.0153,0.0200,0.0156,0.1435,0.0055,0.0379,0.0000,0.0000,1.6724,24.8382,-13.9607,-22.4676
77763365,0.0064,-0.0030,0.0064,0.0342,0.0026,0.0271,-0.0165,0.0200,0.0156,0.1437,0.0064,0.0342,0.0000,0.0000,1.6724,24.8382,-13.9607,-22.4575
77768364,0.0064,-0.0027,0.0031,0.0205,0.0173,0.0274,-0.0175,-0.0106,0.0157,0.1439,0.0165,0.0437,0.0000,0.0000,1.5616,24.8382,-13.9607,-22.4531
77773365,0.0066,-0.0026,-0.0009,0.0119,0.0075,0.0267,-0.0192,-0.0078,0.0157,0.1440,0.0052,0.0224,0.0000,0.0000,0.7067,24.8382,-13.9607,-22.4623
77778364,0.0067,-0.0024,-0.0024,0.0037,-0.0032,0.0258,-0.0215,-0.0042,0.0157,0.1440,-0.0105,-0.0103,0.0000,0.0000,-0.9407,24.8382,-13.9607,-22.4961
77783365,0.0069,-0.0024,-0.0076,-0.0009,0.0008,0.0250,-0.0222,-0.0028,0.0156,0.1439,-0.0171,-0.0172,0.0000,0.0000,-1.0975,24.8382,-13.9607,-22.5058
77788365,0.0070,-0.0024,-0.0125,-0.0043,0.0097,0.0243,-0.0228,-0.0018,0.0155,0.1438,-0.0220,-0.0206,0.0000,0.0000,-1.0975,24.8382,-13.9607,-22.5102
77793364,0.0072,-0.0025,-0.0137,-0.0018,0.0145,0.0246,-0.0228,-0.0023,0.0154,0.1437,-0.0232,-0.0182,0.0000,0.0000,-1.0975,24.8382,-13.9607,-22.5168
77798364,0.0073,-0.0027,-0.0156,-0.0006,0.0017,0.0246,-0.0230,-0.0017,0.0152,0.1436,-0.0250,-0.0169,0.0000,0.0000,-1.0975,24.8382,-13.9607,-22.5212
77803365,0.0073,-0.0026,-0.0150,-0.0031,-0.0087,0.0250,-0.0232,-0.0015,0.0151,0.1435,-0.0244,-0.0194,0.0000,0.0000,-1.0975,24.8382,-13.9607,-22.5278
77808364,0.0073,-0.0029,-0.0153,0.0034,-0.0062,0.0248,-0.0226,-0.0020,0.0150,0.1434,-0.0247,-0.0130,0.0000,0.0000,-1.0975,24.8382,-13.9607,-22.5322
77813365,0.0073,-0.0027,-0.0186,0.0024,-0.0130,0.0240,-0.0217,-0.0018,0.0149,0.1434,-0.0281,-0.0139,0.0000,0.0000,-1.0975,24.8382,-13.9607,-22.5387
77818364,0.0072,-0.0026,-0.0174,0.0021,-0.0163,0.0239,-0.0212,-0.0021,0.0147,0.1433,-0.0268,-0.0142,0.0000,0.0000,-1.0975,24.8382,-13.9607,-22.5431
77823364,0.0071,-0.0024,-0.0177,-0.0003,-0.0157,0.0235,-0.0210,-0.0019,0.0146,0.1432,-0.0271,-0.0166,0.0000,0.0000,-1.0975,24.8382,-13.9607,-22.5497
77828364,0.0071,-0.0027,-0.0162,-0.0012,-0.0093,0.0237,-0.0224,-0.0010,0.0145,0.1431,-0.0256,-0.0175,0.0000,0.0000,-1.0975,24.8382,-13.9607,-22.5541
77833364,0.0070,-0.0029,-0.0147,0.0027,-0.0044,0.0236,-0.0223,-0.0011,0.0143,0.1431,-0.0241,-0.0136,0.0000,0.0000,-1.0975,24.8382,-13.9607,-22.5607
77838364,0.0068,-0.0031,-0.0113,0.0052,-0.0056,0.0238,-0.0225,-0.0011,0.0142,0.1430,-0.0207,-0.0111,0.0000,0.0000,-1.0975,24.8382,-13.9607,-22.5651
77843365,0.0068,-0.0033,-0.0095,0.0076,-0.0044,0.0241,-0.0229,-0.0010,0.0141,0.1430,-0.0189,-0.0087,0.0000,0.0000,-1.0975,24.8382,-13.9607,-22.5716
77848364,0.0068,-0.0031,-0.0092,0.0107,-0.0041,0.0243,-0.0217,-0.0024,0.0140,0.1429,-0.0186,-0.0056,0.0000,0.0000,-1.0975,24.8382,-13.9607,-22.5760
77853364,0.0069,-0.0030,-0.0058,0.0092,-0.0041,0.0258,-0.0220,-0.0036,0.0140,0.1429,-0.0129,-0.0031,0.0000,0.0000,-0.8217,24.8382,-13.9607,-22.5762
77858364,0.0070,-0.0032,-0.0046,0.0110,-0.0111,0.0268,-0.0224,-0.0039,0.0139,0.1429,-0.0102,0.0012,0.0000,0.0000,-0.6562,24.8382,-13.9607,-22.5758
77863364,0.0071,-0.0030,-0.0067,0.0092,-0.0090,0.0268,-0.0221,-0.0043,0.0139,0.1429,-0.0109,0.0019,0.0000,0.0000,-0.4907,24.8382,-13.9607,-22.5759
77868364,0.0073,-0.0029,-0.0101,0.0070,-0.0068,0.0265,-0.0220,-0.0042,0.0138,0.1429,-0.0133,0.0014,0.0000,0.0000,-0.3803,24.8382,-13.9607,-22.5755
77873365,0.0073,-0.0027,-0.0092,0.0027,-0.0071,0.0269,-0.0225,-0.0041,0.0138,0.1429,-0.0115,-0.0013,0.0000,0.0000,-0.2700,24.8382,-13.9607,-22.5754
77878364,0.0074,-0.0026,-0.0122,0.0024,-0.0084,0.0264,-0.0219,-0.0043,0.0137,0.1429,-0.0141,-0.0008,0.0000,0.0000,-0.2148,24.8382,-13.9607,-22.5754
77883364,0.0074,-0.0029,-0.0125,-0.0012,-0.0096,0.0267,-0.0235,-0.0028,0.0136,0.1429,-0.0139,-0.0036,0.0000,0.0000,-0.1597,24.8382,-13.9607,-22.5755
77888364,0.0074,-0.0031,-0.0107,0.0009,-0.0062,0.0271,-0.0242,-0.0026,0.0136,0.1429,-0.0121,-0.0015,0.0000,0.0000,-0.1597,24.8382,-13.9607,-22.5761
77893364,0.0074,-0.0034,-0.0119,0.0015,-0.0047,0.0268,-0.0248,-0.0018,0.0135,0.1429,-0.0128,-0.0000,0.0000,0.0000,-0.1045,24.8382,-13.9607,-22.5758
77898364,0.0074,-0.0036,-0.0125,0.0021,-0.0056,0.0267,-0.0255,-0.0011,0.0134,0.1429,-0.0134,0.0006,0.0000,0.0000,-0.1045,24.8382,-13.9607,-22.5762
77903365,0.0075,-0.0038,-0.0092,0.0046,-0.0047,0.0278,-0.0262,-0.0014,0.0134,0.1429,-0.0096,0.0038,0.0000,0.0000,-0.0493,24.8382,-13.9607,-22.5755
77908365,0.0075,-0.0041,-0.0116,0.0079,-0.0016,0.0270,-0.0259,-0.0010,0.0133,0.1430,-0.0120,0.0072,0.0000,0.0000,-0.0493,24.8382,-13.9607,-22.5757
77913365,0.0075,-0.0042,-0.0128,0.0101,-0.0001,0.0269,-0.0261,-0.0009,0.0132,0.1430,-0.0133,0.0093,0.0000,0.0000,-0.0493,24.8382,-13.9607,-22.5760
77918364,0.0076,-0.0044,-0.0147,0.0119,-0.0007,0.0266,-0.0262,-0.0004,0.0132,0.1431,-0.0151,0.0112,0.0000,0.0000,-0.0493,24.8382,-13.9607,-22.5762
77923364,0.0077,-0.0043,-0.0128,0.0110,-0.0001,0.0277,-0.0265,-0.0012,0.0131,0.1431,-0.0128,0.0110,0.0000,0.0000,0.0000,24.8382,-13.9607,-22.5753
77928364,0.0079,-0.0044,-0.0134,0.0107,0.0014,0.0282,-0.0270,-0.0012,0.0130,0.1432,-0.0134,0.0107,0.0000,0.0000,0.0000,24.8382,-13.9607,-22.5753
77933364,0.0080,-0.0044,-0.0174,0.0122,0.0020,0.0277,-0.0265,-0.0013,0.0130,0.1432,-0.0174,0.0122,0.0000,0.0000,0.0000,24.8382,-13.9607,-22.5753
77938364,0.0081,-0.0044,-0.0186,0.0137,0.0023,0.0279,-0.0264,-0.0016,0.0129,0.1433,-0.0186,0.0137,0.0000,0.0000,0.0000,24.8382,-13.9607,-22.5753
77943365,0.0083,-0.0044,-0.0199,0.0128,-0.0007,0.0282,-0.0265,-0.0016,0.0128,0.1434,-0.0199,0.0128,0.0000,0.0000,0.0000,24.8382,-13.9607,-22.5753
77948364,0.0084,-0.0044,-0.0235,0.0137,-0.0032,0.0278,-0.0260,-0.0016,0.0126,0.1434,-0.0235,0.0137,0.0000,0.0000,0.0000,24.8382,-13.9607,-22.5753
77953364,0.0085,-0.0044,-0.0250,0.0125,-0.0044,0.0278,-0.0264,-0.0012,0.0125,0.1435,-0.0255,0.0132,0.0000,-0.0485,0.0000,24.8382,-13.9619,-22.5753
77958364,0.0085,-0.0045,-0.0269,0.0134,-0.0081,0.0276,-0.0265,-0.0008,0.0124,0.1436,-0.0273,0.0142,0.0000,-0.0485,0.0000,24.8382,-13.9620,-22.5753
77963365,0.0086,-0.0045,-0.0266,0.0113,-0.0130,0.0281,-0.0269,-0.0007,0.0122,0.1436,-0.0270,0.0120,0.0000,-0.0485,0.0000,24.8382,-13.9623,-22.5753
77968365,0.0086,-0.0047,-0.0281,0.0098,-0.0203,0.0277,-0.0276,0.0006,0.0121,0.1437,-0.0285,0.0105,0.0000,-0.0485,0.0000,24.8382,-13.9625,-22.5753
77973365,0.0086,-0.0048,-0.0293,0.0116,-0.0276,0.0276,-0.0275,0.0010,0.0120,0.1438,-0.0297,0.0123,0.0000,-0.0485,0.0000,24.8382,-13.9628,-22.5753
77978365,0.0086,-0.0050,-0.0308,0.0131,-0.0349,0.0272,-0.0274,0.0015,0.0118,0.1438,-0.0313,0.0139,0.0000,-0.0485,0.0000,24.8382,-13.9630,-22.5753
77983365,0.0086,-0.0052,-0.0333,0.0134,-0.0438,0.0266,-0.0274,0.0500,0.0116,0.1439,-0.0337,0.0142,0.0000,-0.0485,0.0000,24.8382,-13.9633,-22.5753
77988364,0.0085,-0.0053,-0.0345,0.0147,-0.0517,0.0262,-0.0274,0.0500,0.0115,0.1440,-0.0349,0.0154,0.0000,-0.0485,0.0000,24.8382,-13.9635,-22.5753
77993365,0.0085,-0.0055,-0.0357,0.0171,-0.0594,0.0259,-0.0270,0.0500,0.0113,0.1441,-0.0362,0.0178,0.0000,-0.0485,0.4359,24.8382,-13.9638,-22.5664
77998364,0.0085,-0.0056,-0.0376,0.0174,-0.0661,0.0253,-0.0270,0.0500,0.0111,0.1441,-0.0380,0.0181,0.0000,-0.0485,1.7920,24.8382,-13.9640,-22.5346
78003365,0.0084,-0.0054,-0.0397,0.0211,-0.0682,0.0247,-0.0253,-0.0200,0.0109,0.1443,-0.0401,0.0218,0.0000,-0.0485,1.7920,24.8382,-13.9643,-22.5238
78008364,0.0081,-0.0054,-0.0391,0.0192,-0.0695,0.0234,-0.0250,-0.0200,0.0107,0.1444,-0.0395,0.0200,0.0000,-0.0485,1.7920,24.8382,-13.9645,-22.5167
78013365,0.0077,-0.0054,-0.0403,0.0140,-0.0661,0.0232,-0.0236,0.0029,0.0106,0.1446,-0.0195,0.0515,0.0000,-0.0485,2.4714,24.8382,-13.9648,-22.4893
78018364,0.0073,-0.0054,-0.0418,0.0034,-0.0459,0.0211,-0.0252,0.0059,0.0105,0.1448,-0.0211,0.0408,0.0000,-0.0485,2.4714,24.8382,-13.9650,-22.4794
78023364,0.0070,-0.0053,-0.0397,0.0003,0.0042,0.0199,-0.0257,0.0057,0.0104,0.1450,-0.0170,0.0411,0.0000,-0.0485,2.6929,24.8382,-13.9653,-22.4601
78028364,0.0068,-0.0054,-0.0250,0.0254,0.0542,0.0224,-0.0226,-0.0019,0.0104,0.1454,0.0000,0.0702,0.0000,-0.0485,2.9698,24.8382,-13.9655,-22.4428
78033365,0.0067,-0.0055,-0.0073,0.0382,0.0552,0.0263,-0.0219,-0.0500,0.0105,0.1458,0.0177,0.0831,0.0000,-0.0485,2.9698,24.8382,-13.9657,-22.4249
78038365,0.0067,-0.0053,0.0095,0.0702,0.0643,0.0284,-0.0186,-0.0500,0.0105,0.1461,0.0091,0.0710,0.0000,-0.0485,2.9698,24.8382,-13.9659,-22.4131
78043365,0.0068,-0.0051,0.0247,0.0959,0.0991,0.0320,-0.0147,-0.0500,0.0107,0.1466,0.0243,0.0966,0.0000,-0.0485,2.2863,24.8382,-13.9662,-22.4107
78048365,0.0071,-0.0044,0.0415,0.1219,0.0683,0.0382,-0.0092,-0.0500,0.0109,0.1472,0.0411,0.1226,0.0000,-0.0485,1.8469,24.8382,-13.9664,-22.4112
78053364,0.0075,-0.0039,0.0293,0.1097,0.0197,0.0372,-0.0086,0.0200,0.0110,0.1478,0.0280,0.1104,0.0539,-0.0485,1.3586,24.8395,-13.9667,-22.4113
78058364,0.0078,-0.0034,0.0107,0.0880,0.0008,0.0338,-0.0096,0.0200,0.0110,0.1482,0.0093,0.0887,0.0539,-0.0485,1.1633,24.8396,-13.9669,-22.4109
78063365,0.0079,-0.0030,-0.0162,0.0660,0.0396,0.0263,-0.0109,-0.0169,0.0109,0.1485,-0.0261,0.0519,0.0539,-0.0485,-0.9968,24.8400,-13.9672,-22.4544
78068365,0.0079,-0.0027,-0.0403,0.0455,0.0625,0.0199,-0.0116,-0.0107,0.0107,0.1487,-0.0502,0.0314,0.0539,-0.0485,-0.9968,24.8402,-13.9674,-22.4576
78073365,0.0077,-0.0026,-0.0706,0.0192,0.0350,0.0120,-0.0123,-0.0010,0.0103,0.1487,-0.0805,0.0051,0.0539,-0.0485,-0.9968,24.8406,-13.9677,-22.4643
78078364,0.0075,-0.0025,-0.0867,0.0079,0.0326,0.0072,-0.0122,0.0500,0.0098,0.1486,-0.0967,-0.0062,0.0539,-0.0485,-0.9968,24.8407,-13.9679,-22.4676
78083365,0.0071,-0.0027,-0.0971,0.0110,0.0594,0.0034,-0.0099,0.0500,0.0093,0.1487,-0.0985,0.0117,0.0539,-0.0485,-2.1988,24.8411,-13.9682,-22.5007
78088364,0.0067,-0.0029,-0.1014,0.0092,0.0399,0.0006,-0.0092,0.0500,0.0088,0.1488,-0.1027,0.0099,0.0539,-0.0485,-2.1988,24.8413,-13.9684,-22.5079
78093364,0.0061,-0.0030,-0.0944,0.0229,-0.0065,0.0008,-0.0058,0.0500,0.0083,0.1489,-0.0957,0.0236,0.0539,-0.0485,-2.1988,24.8416,-13.9687,-22.5227
78098365,0.0056,-0.0030,-0.0773,0.0217,-0.0346,0.0032,-0.0067,-0.0200,0.0079,0.1490,-0.0786,0.0224,0.0539,-0.0485,-2.1988,24.8418,-13.9689,-22.5301
78103364,0.0051,-0.0030,-0.0608,0.0269,-0.0230,0.0054,-0.0069,-0.0200,0.0076,0.1491,-0.0621,0.0276,0.0539,-0.0485,-1.7630,24.8422,-13.9692,-22.5351
78108364,0.0048,-0.0031,-0.0409,0.0254,-0.0200,0.0082,-0.0102,0.0027,0.0073,0.1492,-0.0526,0.0082,0.0539,-0.0485,-1.2034,24.8423,-13.9693,-22.5294
78113365,0.0045,-0.0030,-0.0247,0.0290,-0.0246,0.0123,-0.0092,-0.0500,0.0072,0.1493,-0.0225,0.0360,0.0539,-0.0485,0.4181,24.8427,-13.9696,-22.4975
78118365,0.0043,-0.0029,-0.0101,0.0327,-0.0218,0.0148,-0.0098,-0.0500,0.0072,0.1495,-0.0114,0.0334,0.0539,-0.0485,0.4181,24.8429,-13.9698,-22.4961
78123364,0.0041,-0.0027,-0.0012,0.0272,-0.0197,0.0163,-0.0113,-0.0500,0.0071,0.1497,-0.0026,0.0279,0.0539,-0.0485,0.4181,24.8433,-13.9701,-22.4933
78128365,0.0041,-0.0025,0.0027,0.0281,0.0069,0.0168,-0.0110,-0.0500,0.0072,0.1498,0.0014,0.0288,0.0539,-0.0485,0.4181,24.8434,-13.9703,-22.4919
78133365,0.0042,-0.0026,0.0040,0.0263,0.0307,0.0175,-0.0125,0.0200,0.0072,0.1499,0.0026,0.0270,0.0539,-0.0485,0.4181,24.8438,-13.9706,-22.4891
78138365,0.0044,-0.0026,0.0003,0.0367,0.0423,0.0170,-0.0103,0.0200,0.0072,0.1501,-0.0010,0.0374,0.0539,-0.0485,0.4181,24.8440,-13.9709,-22.4877
78143365,0.0045,-0.0026,-0.0107,0.0425,0.0530,0.0144,-0.0082,-0.0082,0.0071,0.1503,-0.0138,0.0401,0.0539,-0.0485,-0.2090,24.8443,-13.9710,-22.4999
78148365,0.0046,-0.0026,-0.0189,0.0486,0.0527,0.0126,-0.0058,-0.0088,0.0070,0.1505,-0.0221,0.0462,0.0539,-0.0485,-0.2090,24.8445,-13.9713,-22.5007
78153365,0.0046,-0.0025,-0.0220,0.0574,0.0463,0.0122,-0.0032,-0.0108,0.0069,0.1508,-0.0251,0.0550,0.0539,-0.0485,-0.2090,24.8449,-13.9715,-22.5020
78158365,0.0047,-0.0023,-0.0247,0.0629,0.0185,0.0119,-0.0013,-0.0114,0.0067,0.1511,-0.0316,0.0540,0.0539,-0.0485,-0.6449,24.8452,-13.9718,-22.5117
78163365,0.0048,-0.0019,-0.0272,0.0623,-0.0087,0.0112,-0.0003,-0.0106,0.0065,0.1513,-0.0432,0.0376,0.0539,-0.0485,-1.7104,24.8454,-13.9720,-22.5426
78168365,0.0047,-0.0015,-0.0333,0.0544,-0.0178,0.0096,0.0004,-0.0092,0.0062,0.1514,-0.0493,0.0296,0.0539,-0.0485,-1.7104,24.8456,-13.9723,-22.5486
78173364,0.0046,-0.0013,-0.0437,0.0391,-0.0261,0.0068,-0.0004,-0.0054,0.0059,0.1515,-0.0597,0.0144,0.0539,-0.0485,-1.7104,24.8459,-13.9725,-22.5597
78178365,0.0045,-0.0010,-0.0513,0.0238,-0.0459,0.0046,-0.0014,-0.0014,0.0056,0.1515,-0.0674,-0.0009,0.0539,-0.0485,-1.7104,24.8462,-13.9728,-22.5657
78183365,0.0043,-0.0009,-0.0562,-0.0052,-0.0569,0.0028,-0.0062,0.0500,0.0052,0.1514,-0.0718,-0.0291,0.0539,-0.0485,-1.6553,24.8464,-13.9730,-22.5757
78188365,0.0040,-0.0009,-0.0651,-0.0113,-0.0325,-0.0002,-0.0047,0.0500,0.0049,0.1513,-0.0664,-0.0106,0.0539,-0.0485,-1.3795,24.8468,-13.9733,-22.5755
78193365,0.0035,-0.0009,-0.0602,-0.0061,-0.0169,-0.0010,-0.0036,0.0500,0.0046,0.1513,-0.0615,-0.0054,0.0539,-0.0485,-0.9933,24.8470,-13.9735,-22.5756
78198364,0.0031,-0.0012,-0.0593,-0.0012,-0.0227,-0.0500,-0.0027,0.0500,0.0043,0.1513,-0.0606,-0.0005,0.0539,-0.0485,-0.8278,24.8473,-13.9738,-22.5755
78203365,0.0027,-0.0012,-0.0510,0.0125,-0.0181,-0.0500,-0.0002,-0.0200,0.0040,0.1513,-0.0514,0.0132,0.0539,-0.0485,-0.6071,24.8475,-13.9740,-22.5758
78208365,0.0025,-0.0013,-0.0339,0.0373,-0.0029,-0.0500,0.0500,-0.0200,0.0039,0.1515,-0.0343,0.0380,0.0539,-0.0485,0.1453,24.8478,-13.9743,-22.5626
78213364,0.0023,-0.0012,-0.0275,0.0489,-0.0044,-0.0500,0.0500,-0.0500,0.0038,0.1519,-0.0158,0.0691,0.0539,-0.0485,1.3561,24.8480,-13.9745,-22.5315
78218365,0.0021,-0.0012,-0.0195,0.0672,-0.0130,0.0200,0.0500,-0.0500,0.0037,0.1522,-0.0195,0.0672,-0.4308,-0.0485,1.3561,24.8381,-13.9747,-22.5268
78223365,0.0019,-0.0008,-0.0049,0.0776,-0.0291,0.0200,0.0500,-0.0500,0.0037,0.1526,-0.0049,0.0776,-0.4308,-0.0485,2.4536,24.8364,-13.9749,-22.4915
78228365,0.0018,-0.0004,0.0110,0.0797,-0.0233,0.0500,-0.0200,-0.0500,0.0038,0.1530,0.0184,0.0797,-0.4308,-0.0485,2.4536,24.8338,-13.9752,-22.4829
78233365,0.0018,-0.0000,0.0214,0.0654,-0.0297,0.0500,-0.0200,0.0200,0.0039,0.1533,0.0214,0.0654,-1.9521,0.6302,2.4536,24.7992,-13.9600,-22.4669
78238365,0.0021,0.0002,0.0156,0.0593,-0.0386,0.0500,0.0072,0.0200,0.0040,0.1536,0.0210,0.0498,-2.4028,0.6302,2.4536,24.7760,-13.9562,-22.4584
78243365,0.0024,0.0005,0.0116,0.0687,-0.0346,0.0500,0.0083,-0.0217,0.0041,0.1538,0.0332,0.0422,-2.4028,2.1404,0.3631,24.7664,-13.9211,-22.4893
78248364,0.0026,0.0008,-0.0049,0.0632,-0.0123,-0.0200,0.0093,-0.0195,0.0042,0.1539,0.0122,0.0289,-2.4028,2.1404,-0.1568,24.7520,-13.9082,-22.5002
78253365,0.0026,0.0012,0.0003,0.0434,0.0637,-0.0200,0.0046,-0.0179,0.0043,0.1540,0.0174,0.0091,-2.0737,2.1404,-0.1568,24.7495,-13.8997,-22.5008
78258364,0.0025,0.0015,-0.0018,0.0324,0.1367,0.0113,0.0017,-0.0182,0.0045,0.1540,0.0412,-0.0019,-1.5094,2.1404,-0.1568,24.7500,-13.8868,-22.5018
78263365,0.0026,0.0016,0.0122,0.0015,0.1648,0.0145,-0.0500,-0.0136,0.0048,0.1538,0.0545,-0.0413,-1.2743,2.6152,-0.2536,24.7491,-13.8679,-22.5043
78268365,0.0028,0.0016,-0.0006,0.0070,0.1599,0.0072,-0.0500,-0.0120,0.0046,0.1537,-0.0250,-0.0184,0.5634,2.6152,-1.7066,24.7819,-13.8522,-22.5408
78273365,0.0029,0.0014,-0.0171,-0.0003,0.1294,0.0034,-0.0500,-0.0073,0.0044,0.1535,-0.0473,-0.0257,0.9015,2.6152,-1.7066,24.7921,-13.8418,-22.5476
78278364,0.0028,0.0014,-0.0589,-0.0183,0.1214,-0.0500,-0.0500,0.0500,0.0040,0.1533,-0.0892,-0.0438,0.9015,2.0798,-1.7066,24.7975,-13.8379,-22.5579
78283364,0.0025,0.0013,-0.0626,-0.0483,0.0307,-0.0500,0.0200,0.0500,0.0036,0.1531,-0.0626,-0.0483,0.9015,1.5280,-1.7066,24.8011,-13.8414,-22.5647
78288365,0.0021,0.0009,-0.0620,-0.0504,-0.0863,-0.0500,0.0200,0.0500,0.0033,0.1528,-0.0620,-0.0504,0.9015,-0.1583,-1.7066,24.8065,-13.8726,-22.5749
78293364,0.0018,0.0005,-0.0666,-0.0327,-0.1024,-0.0500,0.0008,0.0500,0.0030,0.1527,-0.0679,-0.0303,0.9015,-0.1583,-1.4308,24.8101,-13.8732,-22.5758
78298365,0.0015,0.0002,-0.0565,-0.0015,-0.0536,0.0200,0.0500,-0.0200,0.0027,0.1527,-0.0579,0.0008,0.9015,-0.1583,-1.0446,24.8156,-13.8742,-22.5755
78303364,0.0013,0.0002,-0.0425,0.0562,-0.0227,0.0200,0.0500,-0.0200,0.0025,0.1530,-0.0425,0.0562,0.9015,-1.9481,0.0000,24.8192,-13.9141,-22.5579
78308364,0.0010,0.0004,-0.0385,0.0767,-0.0612,-0.0040,0.0500,-0.0500,0.0024,0.1534,-0.0264,0.0925,-0.1690,-2.2837,1.0655,24.8020,-13.9343,-22.5317
78313365,0.0008,0.0010,-0.0330,0.0877,-0.1186,-0.0027,0.0500,-0.0500,0.0023,0.1539,-0.0194,0.0877,-0.7888,-2.2837,1.0655,24.7869,-13.9435,-22.5275
78318364,0.0006,0.0015,-0.0312,0.0773,-0.0966,-0.0030,-0.0200,-0.0500,0.0022,0.1542,-0.0176,0.0773,-0.7888,-2.2837,2.2153,24.7821,-13.9572,-22.4951
78323364,0.0005,0.0019,-0.0186,0.0623,-0.0392,-0.0012,-0.0200,-0.0500,0.0021,0.1546,-0.0051,0.0623,-0.7888,-2.0413,2.2153,24.7790,-13.9612,-22.4863
78328364,0.0003,0.0020,-0.0165,0.0608,-0.0847,-0.0013,0.0233,0.0200,0.0021,0.1549,-0.0090,0.0713,-0.7888,-0.7026,1.9540,24.7743,-13.9442,-22.4783
78333364,0.0002,0.0025,-0.0119,0.0712,-0.0869,0.0004,0.0253,0.0200,0.0021,0.1552,0.0055,0.0645,-0.7888,0.4475,0.6474,24.7711,-13.9205,-22.4997
78338365,0.0003,0.0030,-0.0049,0.0715,-0.0236,0.0018,0.0257,-0.0265,0.0022,0.1556,0.0168,0.0721,-0.7888,0.4475,0.4906,24.7664,-13.9178,-22.4994
78343364,0.0002,0.0034,-0.0061,0.0406,0.0378,0.0004,0.0195,-0.0213,0.0023,0.1558,0.0138,0.0383,-0.7888,0.4475,0.2892,24.7632,-13.9160,-22.5017
78348364,0.0002,0.0036,-0.0211,0.0269,0.0335,-0.0045,0.0183,-0.0150,0.0022,0.1558,-0.0154,-0.0000,-0.7888,0.4475,-1.3561,24.7585,-13.9133,-22.5391
78353364,0.0002,0.0038,-0.0147,0.0058,0.0167,-0.0027,0.0137,-0.0116,0.0022,0.1557,-0.0089,-0.0211,-0.7888,0.4475,-1.3561,24.7553,-13.9116,-22.5446
78358365,0.0003,0.0039,-0.0174,0.0110,0.0292,-0.0032,0.0152,-0.0132,0.0021,0.1556,-0.0117,-0.0159,-0.7888,0.4475,-1.3561,24.7506,-13.9089,-22.5527
78363364,0.0002,0.0036,-0.0229,-0.0027,0.0432,-0.0051,0.0120,-0.0086,0.0020,0.1555,-0.0188,-0.0296,-0.6948,0.4475,-1.3561,24.7494,-13.9071,-22.5581
78368365,0.0001,0.0036,-0.0400,-0.0278,0.0265,-0.0098,0.0092,-0.0004,0.0018,0.1552,-0.0391,-0.0547,-0.5067,0.4475,-1.3561,24.7496,-13.9044,-22.5663
78373364,-0.0000,0.0034,-0.0535,-0.0641,-0.0395,-0.0130,0.0034,0.0500,0.0015,0.1547,-0.0542,-0.0910,-0.4126,0.4475,-1.3561,24.7496,-13.9026,-22.5717
78378364,-0.0004,0.0032,-0.0568,-0.0733,-0.0652,-0.0143,0.0030,0.0500,0.0013,0.1543,-0.0475,-0.0800,-0.3186,0.4475,-1.1906,24.7494,-13.8999,-22.5762
78383365,-0.0007,0.0026,-0.0568,-0.0715,-0.0169,-0.0164,0.0014,0.0500,0.0011,0.1539,-0.0483,-0.0781,-0.2716,0.4475,-0.9699,24.7492,-13.8981,-22.5761
78388364,-0.0010,0.0020,-0.0483,-0.0553,0.0274,-0.0159,0.0020,0.0500,0.0009,0.1536,-0.0413,-0.0620,-0.1775,0.4475,-0.6941,24.7497,-13.8955,-22.5756
78393365,-0.0012,0.0017,-0.0360,-0.0177,0.0414,-0.0139,0.0077,-0.0200,0.0007,0.1535,-0.0299,-0.0244,-0.1305,0.4475,-0.5838,24.7500,-13.8937,-22.5759
78398365,-0.0014,0.0015,-0.0266,0.0217,0.0188,-0.0119,0.0152,-0.0200,0.0006,0.1536,-0.0205,0.0150,-0.1305,0.4475,0.2906,24.7492,-13.8910,-22.5606
78403365,-0.0015,0.0015,-0.0293,0.0336,-0.0209,-0.0119,0.0197,-0.0500,0.0005,0.1538,-0.0119,0.0479,-0.0835,0.4475,1.4045,24.7498,-13.8892,-22.5343
78408364,-0.0018,0.0016,-0.0189,0.0495,0.0252,-0.0118,0.0213,-0.0500,0.0005,0.1540,-0.0136,0.0428,-0.0835,0.4475,1.6136,24.7493,-13.8865,-22.5217
78413364,-0.0018,0.0017,-0.0199,0.0684,0.0888,-0.0130,0.0251,-0.0500,0.0004,0.1543,-0.0160,0.0617,0.0000,0.4475,2.5543,24.7500,-13.8847,-22.4938
78418364,-0.0020,0.0019,-0.0043,0.0788,0.0405,-0.0092,0.0272,-0.0500,0.0004,0.1547,-0.0004,0.0721,0.0000,0.4475,2.5543,24.7500,-13.8820,-22.4785
78423365,-0.0020,0.0024,0.0061,0.0773,0.0631,-0.0071,0.0271,0.0200,0.0004,0.1551,0.0100,0.0706,0.0000,0.4475,2.5543,24.7500,-13.8802,-22.4682
78428364,-0.0019,0.0028,0.0082,0.0550,0.1022,-0.0065,0.0223,0.0200,0.0005,0.1553,0.0148,0.0436,0.0000,0.7640,2.5543,24.7500,-13.8705,-22.4529
78433364,-0.0018,0.0032,0.0101,0.0464,0.1416,-0.0049,0.0220,-0.0225,0.0007,0.1556,0.0322,0.0619,0.0000,0.7640,1.8008,24.7500,-13.8674,-22.4588
78438364,-0.0018,0.0035,0.0070,0.0327,0.1297,-0.0068,0.0190,-0.0172,0.0007,0.1557,0.0100,0.0151,0.0000,0.7640,-0.4181,24.7500,-13.8629,-22.5002
78443364,-0.0017,0.0037,0.0055,0.0150,0.1077,-0.0067,0.0162,-0.0137,0.0008,0.1556,0.0085,-0.0027,0.0000,0.7640,-0.4181,24.7500,-13.8598,-22.5019
78448365,-0.0017,0.0039,0.0055,0.0067,0.1447,-0.0071,0.0145,-0.0130,0.0008,0.1556,0.0085,-0.0109,0.0000,0.7640,-0.4181,24.7500,-13.8552,-22.5044
78453364,-0.0016,0.0039,-0.0006,-0.0092,0.1721,-0.0084,0.0114,-0.0096,0.0008,0.1555,0.0024,-0.0268,0.0000,0.7640,-0.4181,24.7500,-13.8522,-22.5061
78458364,-0.0014,0.0040,-0.0012,-0.0122,0.1615,-0.0079,0.0108,-0.0091,0.0008,0.1553,0.0018,-0.0298,0.0000,0.7640,-0.4181,24.7500,-13.8476,-22.5086
78463364,-0.0013,0.0036,-0.0003,-0.0199,0.0713,-0.0061,0.0088,-0.0054,0.0009,0.1551,0.0027,-0.0375,0.0000,0.7640,-0.4181,24.7500,-13.8445,-22.5102
78468364,-0.0013,0.0036,-0.0137,-0.0287,0.0732,-0.0101,0.0076,-0.0004,0.0007,0.1548,-0.0204,-0.0630,0.0000,0.7640,-1.5320,24.7500,-13.8399,-22.5377
78473364,-0.0013,0.0035,-0.0263,-0.0425,0.0936,-0.0134,0.0055,0.0500,0.0006,0.1544,-0.0333,-0.0760,0.0000,0.7153,-1.5320,24.7500,-13.8379,-22.5438
78478364,-0.0012,0.0032,-0.0312,-0.0547,0.0585,-0.0130,0.0041,0.0500,0.0004,0.1541,-0.0267,-0.0624,0.0000,0.5206,-1.5320,24.7500,-13.8379,-22.5530
78483365,-0.0015,0.0027,-0.0452,-0.0559,0.0234,-0.0176,0.0053,0.0500,0.0002,0.1538,-0.0416,-0.0622,0.0000,0.4232,-1.5320,24.7500,-13.8379,-22.5591
78488364,-0.0018,0.0022,-0.0480,-0.0568,0.0356,-0.0197,0.0042,0.0500,0.0000,0.1535,-0.0451,-0.0617,0.0000,0.3259,-1.5320,24.7500,-13.8376,-22.5683
78493365,-0.0022,0.0018,-0.0473,-0.0415,0.0833,-0.0216,0.0062,-0.0200,-0.0002,0.1533,-0.0450,-0.0457,0.0000,0.2772,-0.1275,24.7500,-13.8373,-22.5439
78498364,-0.0024,0.0015,-0.0327,-0.0137,0.1129,-0.0193,0.0096,-0.0200,-0.0004,0.1532,-0.0311,-0.0164,0.0000,0.1798,0.2906,24.7500,-13.8379,-22.5337
78503365,-0.0026,0.0013,-0.0293,0.0012,0.0570,-0.0182,0.0130,0.0030,-0.0005,0.1532,-0.0239,0.0052,0.0000,0.1798,0.4474,24.7500,-13.8372,-22.5294
78508364,-0.0029,0.0012,-0.0217,0.0177,0.0649,-0.0166,0.0168,-0.0500,-0.0005,0.1534,-0.0050,0.0427,0.0000,0.1312,1.8062,24.7500,-13.8373,-22.4937
78513364,-0.0030,0.0015,-0.0043,0.0321,0.0940,-0.0143,0.0173,-0.0500,-0.0005,0.1536,-0.0036,0.0308,0.0000,0.0825,1.8062,24.7500,-13.8378,-22.4864
78518365,-0.0032,0.0014,-0.0061,0.0284,0.0762,-0.0152,0.0171,-0.0500,-0.0006,0.1537,-0.0054,0.0272,0.0000,0.0825,1.8062,24.7500,-13.8373,-22.4756
78523364,-0.0033,0.0016,-0.0073,0.0315,0.0607,-0.0160,0.0192,-0.0500,-0.0006,0.1539,-0.0066,0.0302,0.0000,0.0825,2.6369,24.7500,-13.8370,-22.4508
78528365,-0.0035,0.0018,0.0070,0.0370,0.0649,-0.0130,0.0194,0.0200,-0.0006,0.1540,0.0070,0.0370,0.0000,0.0000,2.6369,24.7500,-13.8380,-22.4350
78533364,-0.0035,0.0017,0.0070,0.0357,0.0799,-0.0133,0.0188,0.0200,-0.0005,0.1542,0.0070,0.0357,0.0000,0.0000,1.4185,24.7500,-13.8380,-22.4504
78538364,-0.0034,0.0019,0.0043,0.0244,0.0762,-0.0128,0.0180,-0.0081,-0.0005,0.1544,0.0127,0.0390,0.0000,0.0000,0.9755,24.7500,-13.8380,-22.4525
78543364,-0.0033,0.0022,-0.0006,0.0168,0.0570,-0.0136,0.0177,-0.0062,-0.0004,0.1546,0.0059,0.0281,0.0000,0.0000,0.7540,24.7500,-13.8380,-22.4535
78548364,-0.0032,0.0023,-0.0015,0.0046,0.0280,-0.0132,0.0157,-0.0036,-0.0004,0.1546,0.0035,0.0134,0.0000,0.0000,0.5878,24.7500,-13.8380,-22.4528
78553364,-0.0033,0.0024,-0.0098,-0.0168,-0.0032,-0.0153,0.0127,0.0500,-0.0004,0.1546,-0.0057,-0.0097,0.0000,0.0000,0.4771,24.7500,-13.8380,-22.4529
78558364,-0.0035,0.0023,-0.0174,-0.0354,0.0222,-0.0186,0.0090,0.0500,-0.0005,0.1544,-0.0174,-0.0354,0.0000,0.0000,0.3663,24.7500,-13.8380,-22.4526
78563364,-0.0036,0.0022,-0.0153,-0.0293,0.0142,-0.0186,0.0104,0.0500,-0.0006,0.1543,-0.0153,-0.0293,0.0000,0.0000,0.0496,24.7500,-13.8380,-22.4578
78568364,-0.0038,0.0018,-0.0147,-0.0312,-0.0322,-0.0184,0.0094,0.0500,-0.0007,0.1541,-0.0147,-0.0312,0.0000,0.0000,-1.8291,24.7500,-13.8380,-22.5020
78573364,-0.0038,0.0018,-0.0195,-0.0360,-0.0630,-0.0193,0.0093,-0.0200,-0.0008,0.1539,-0.0195,-0.0360,0.0000,0.0000,-1.3065,24.7500,-13.8380,-22.4982
78578364,-0.0038,0.0014,-0.0128,-0.0302,-0.0404,-0.0179,0.0080,-0.0200,-0.0008,0.1538,-0.0128,-0.0302,0.0000,0.0000,-0.9930,24.7500,-13.8380,-22.4988
78583364,-0.0038,0.0010,-0.0116,-0.0241,-0.0285,-0.0184,0.0072,0.0123,-0.0009,0.1536,-0.0184,-0.0358,0.0000,0.0000,-0.7839,24.7500,-13.8380,-22.4982
78588364,-0.0039,0.0007,-0.0128,-0.0183,-0.0554,-0.0186,0.0081,0.0126,-0.0010,0.1535,-0.0178,-0.0269,0.0000,0.0000,-0.5749,24.7500,-13.8380,-22.4981
78593364,-0.0041,0.0004,-0.0162,-0.0122,-0.0673,-0.0188,0.0105,0.0109,-0.0010,0.1535,-0.0066,0.0043,0.0000,0.0000,1.1076,24.7500,-13.8380,-22.4641
78598365,-0.0043,0.0004,-0.0144,-0.0119,-0.0380,-0.0193,0.0106,0.0101,-0.0010,0.1535,-0.0000,0.0129,0.0000,0.0000,1.6614,24.7500,-13.8380,-22.4435
78603365,-0.0045,0.0004,-0.0052,0.0092,0.0170,-0.0184,0.0140,0.0037,-0.0010,0.1537,0.0091,0.0340,0.0000,0.0000,1.6614,24.7500,-13.8380,-22.4368
78608364,-0.0045,0.0003,0.0070,0.0195,-0.0133,-0.0150,0.0146,0.0009,-0.0009,0.1539,0.0213,0.0444,0.0000,0.0000,1.6614,24.7500,-13.8380,-22.4269
78613365,-0.0046,0.0003,0.0128,0.0351,-0.0026,-0.0140,0.0174,-0.0500,-0.0008,0.1542,0.0271,0.0599,0.0000,0.0000,1.6614,24.7500,-13.8380,-22.4202
78618365,-0.0043,0.0004,0.0214,0.0425,0.0319,-0.0121,0.0159,-0.0500,-0.0007,0.1544,0.0218,0.0417,0.0000,0.0487,1.6126,24.7500,-13.8368,-22.4112
78623364,-0.0040,0.0007,0.0269,0.0431,0.0274,-0.0098,0.0162,-0.0500,-0.0005,0.1547,0.0273,0.0423,0.0000,0.0487,1.3196,24.7500,-13.8366,-22.4111
78628365,-0.0037,0.0010,0.0235,0.0406,-0.0093,-0.0089,0.0169,-0.0500,-0.0004,0.1549,0.0239,0.0399,0.0000,0.0487,0.9779,24.7500,-13.8363,-22.4110
78633364,-0.0036,0.0013,0.0186,0.0287,-0.0490,-0.0093,0.0162,0.0200,-0.0003,0.1550,0.0191,0.0280,0.0000,0.0487,0.8314,24.7500,-13.8361,-22.4104
78638365,-0.0035,0.0014,0.0027,0.0034,-0.0331,-0.0131,0.0128,0.0200,-0.0003,0.1550,0.0032,0.0026,0.0000,0.0487,0.3658,24.7500,-13.8358,-22.4155
78643364,-0.0034,0.0015,0.0015,-0.0144,0.0240,-0.0146,0.0074,0.0500,-0.0003,0.1548,-0.0105,-0.0366,0.0000,0.0487,-1.4399,24.7500,-13.8356,-22.4531
78648365,-0.0033,0.0013,-0.0131,-0.0461,-0.0261,-0.0162,0.0031,0.0500,-0.0004,0.1546,-0.0127,-0.0468,0.0000,0.0487,-1.4399,24.7500,-13.8353,-22.4617
78653365,-0.0035,0.0012,-0.0171,-0.0470,-0.0264,-0.0178,0.0033,0.0500,-0.0005,0.1543,-0.0167,-0.0478,0.0000,0.0487,-1.4399,24.7500,-13.8351,-22.4675
78658365,-0.0035,0.0007,-0.0122,-0.0483,0.0069,-0.0173,0.0004,0.0500,-0.0005,0.1541,-0.0118,-0.0490,0.0000,0.0487,-1.4399,24.7500,-13.8348,-22.4761
78663364,-0.0036,0.0002,-0.0076,-0.0412,0.0185,-0.0164,-0.0004,-0.0200,-0.0006,0.1539,-0.0072,-0.0420,0.0000,0.0487,-1.4399,24.7500,-13.8346,-22.4819
78668364,-0.0035,-0.0002,-0.0073,-0.0257,-0.0154,-0.0157,0.0019,-0.0200,-0.0006,0.1538,-0.0069,-0.0264,0.0000,0.0487,-1.4399,24.7500,-13.8343,-22.4905
78673364,-0.0035,-0.0005,-0.0079,-0.0220,-0.0603,-0.0160,0.0011,0.0172,-0.0007,0.1535,-0.0199,-0.0442,0.0000,0.0487,-1.4399,24.7500,-13.8342,-22.4963
78678365,-0.0035,-0.0008,-0.0076,-0.0082,-0.0450,-0.0156,0.0038,0.0135,-0.0008,0.1535,-0.0087,-0.0116,0.0000,0.0487,-0.1755,24.7500,-13.8339,-22.4778
78683364,-0.0036,-0.0011,-0.0089,-0.0034,-0.0041,-0.0158,0.0044,0.0115,-0.0008,0.1535,0.0006,0.0116,0.0000,0.0487,1.0522,24.7500,-13.8337,-22.4510
78688364,-0.0036,-0.0014,-0.0147,0.0000,-0.0001,-0.0174,0.0050,0.0124,-0.0008,0.1536,-0.0052,0.0150,0.0000,0.0487,1.0522,24.7500,-13.8334,-22.4446
78693364,-0.0038,-0.0015,-0.0168,0.0070,0.0145,-0.0188,0.0063,0.0120,-0.0008,0.1537,-0.0073,0.0220,0.0000,0.0487,1.0522,24.7500,-13.8332,-22.4404
78698364,-0.0039,-0.0014,-0.0037,0.0226,0.0475,-0.0166,0.0084,0.0063,-0.0008,0.1539,0.0058,0.0376,0.0000,0.0487,1.0522,24.7500,-13.8329,-22.4341
78703364,-0.0040,-0.0014,0.0073,0.0351,0.0680,-0.0144,0.0096,0.0022,-0.0007,0.1542,0.0168,0.0501,0.0000,0.0487,1.0522,24.7500,-13.8327,-22.4299
78708364,-0.0040,-0.0014,0.0165,0.0461,0.0704,-0.0122,0.0110,-0.0014,-0.0006,0.1545,0.0260,0.0611,0.0000,0.0487,1.0522,24.7500,-13.8324,-22.4236
78713364,-0.0041,-0.0012,0.0281,0.0568,0.0695,-0.0094,0.0127,-0.0500,-0.0004,0.1548,0.0376,0.0718,0.0000,0.0487,1.0522,24.7500,-13.8322,-22.4194
78718365,-0.0038,-0.0007,0.0339,0.0599,0.0701,-0.0077,0.0129,-0.0500,-0.0002,0.1551,0.0343,0.0591,0.0000,0.0487,1.0522,24.7500,-13.8319,-22.4131
78723364,-0.0035,-0.0004,0.0315,0.0531,0.0659,-0.0070,0.0125,-0.0500,-0.0001,0.1554,0.0319,0.0524,0.0000,0.0487,0.9546,24.7500,-13.8317,-22.4109
78728364,-0.0032,-0.0001,0.0250,0.0406,0.0524,-0.0072,0.0111,-0.0500,0.0001,0.1556,0.0255,0.0399,0.0000,0.0487,0.7105,24.7500,-13.8314,-22.4108
78733364,-0.0029,0.0001,0.0168,0.0296,0.0396,-0.0080,0.0100,0.0200,0.0002,0.1557,0.0172,0.0289,0.0000,0.0487,0.5640,24.7500,-13.8312,-22.4112
78738364,-0.0028,0.0003,0.0040,0.0092,0.0399,-0.0106,0.0074,0.0200,0.0002,0.1558,0.0044,0.0084,0.0000,0.0487,0.4175,24.7500,-13.8309,-22.4111
78743364,-0.0027,0.0003,-0.0171,-0.0159,0.0405,-0.0166,0.0036,0.0500,0.0000,0.1556,-0.0286,-0.0373,0.0000,0.0487,-1.3845,24.7500,-13.8307,-22.4484
78748364,-0.0027,0.0003,-0.0208,-0.0205,0.0210,-0.0161,0.0041,0.0500,-0.0001,0.1555,-0.0204,-0.0212,0.0000,0.0487,-1.5506,24.7500,-13.8305,-22.4610
78753364,-0.0028,-0.0001,-0.0229,-0.0186,0.0136,-0.0171,0.0039,0.0500,-0.0002,0.1554,-0.0225,-0.0194,0.0000,0.0487,-1.5506,24.7500,-13.8303,-22.4672
78758364,-0.0029,-0.0004,-0.0235,-0.0199,0.0112,-0.0178,0.0028,0.0500,-0.0003,0.1553,-0.0231,-0.0206,0.0000,0.0487,-1.5506,24.7500,-13.8300,-22.4765
78763365,-0.0029,-0.0004,-0.0232,-0.0104,0.0136,-0.0178,0.0051,-0.0200,-0.0004,0.1552,-0.0228,-0.0111,0.0000,0.0487,-1.5506,24.7500,-13.8298,-22.4827
78768364,-0.0031,-0.0006,-0.0223,-0.0046,0.0032,-0.0179,0.0056,-0.0200,-0.0005,0.1552,-0.0219,-0.0053,0.0000,0.0487,-1.5506,24.7500,-13.8295,-22.4920
78773364,-0.0033,-0.0008,-0.0192,-0.0043,-0.0236,-0.0187,0.0043,0.0153,-0.0007,0.1551,-0.0322,-0.0282,0.0000,0.0487,-1.5506,24.7500,-13.8293,-22.4982
78778364,-0.0034,-0.0010,-0.0144,0.0058,-0.0145,-0.0176,0.0062,0.0119,-0.0008,0.1550,-0.0184,-0.0026,0.0000,0.0487,-0.5171,24.7500,-13.8290,-22.4851
78783365,-0.0035,-0.0012,-0.0098,0.0122,0.0097,-0.0160,0.0073,0.0083,-0.0008,0.1552,0.0002,0.0280,0.0000,0.0487,1.1076,24.7500,-13.8288,-22.4516
78788365,-0.0036,-0.0013,-0.0037,0.0260,0.0133,-0.0148,0.0093,0.0051,-0.0007,0.1554,0.0063,0.0418,0.0000,0.0487,1.1076,24.7500,-13.8285,-22.4450
78793364,-0.0037,-0.0014,0.0018,0.0232,0.0127,-0.0138,0.0078,0.0055,-0.0007,0.1556,0.0118,0.0390,0.0000,0.0487,1.1076,24.7500,-13.8283,-22.4405
78798364,-0.0038,-0.0013,0.0095,0.0336,0.0436,-0.0127,0.0094,0.0016,-0.0006,0.1558,0.0194,0.0494,0.0000,0.0487,1.1076,24.7500,-13.8280,-22.4339
78803364,-0.0038,-0.0013,0.0159,0.0443,0.0692,-0.0113,0.0105,-0.0018,-0.0004,0.1561,0.0258,0.0601,0.0000,0.0487,1.1076,24.7500,-13.8278,-22.4295
78808364,-0.0037,-0.0013,0.0260,0.0516,0.0591,-0.0085,0.0110,-0.0500,-0.0003,0.1565,0.0359,0.0674,0.0000,0.0487,1.1076,24.7500,-13.8275,-22.4228
78813364,-0.0038,-0.0011,0.0254,0.0629,0.0567,-0.0095,0.0136,-0.0500,-0.0001,0.1568,0.0258,0.0622,0.0000,0.0487,1.1076,24.7500,-13.8273,-22.4184
78818364,-0.0034,-0.0007,0.0284,0.0657,0.0634,-0.0073,0.0142,-0.0500,0.0000,0.1571,0.0288,0.0649,0.0000,0.0487,1.1076,24.7500,-13.8270,-22.4118
78823364,-0.0031,-0.0003,0.0278,0.0632,0.0564,-0.0063,0.0148,-0.0500,0.0001,0.1574,0.0282,0.0625,0.0000,0.0487,0.9611,24.7500,-13.8269,-22.4105
78828364,-0.0028,-0.0000,0.0180,0.0507,0.0374,-0.0073,0.0138,0.0200,0.0002,0.1577,0.0184,0.0500,0.0000,0.0487,0.7170,24.7500,-13.8266,-22.4105
78833364,-0.0027,0.0002,0.0043,0.0290,0.0301,-0.0101,0.0115,0.0200,0.0003,0.1578,0.0047,0.0283,0.0000,0.0487,0.5705,24.7500,-13.8264,-22.4109
78838365,-0.0026,0.0004,-0.0089,0.0061,0.0408,-0.0143,0.0076,0.0500,0.0002,0.1577,-0.0208,-0.0161,0.0000,0.0487,-1.4399,24.7500,-13.8261,-22.4545
78843364,-0.0027,0.0005,-0.0122,-0.0027,0.0151,-0.0142,0.0079,0.0500,0.0001,0.1577,-0.0118,-0.0035,0.0000,0.0487,-1.4399,24.7500,-13.8259,-22.4603
78848364,-0.0030,0.0004,-0.0134,-0.0037,-0.0032,-0.0152,0.0081,0.0500,0.0000,0.1577,-0.0130,-0.0044,0.0000,0.0487,-1.4399,24.7500,-13.8256,-22.4689
78853365,-0.0029,0.0004,-0.0134,-0.0064,-0.0120,-0.0147,0.0077,0.0500,-0.0000,0.1577,-0.0130,-0.0071,0.0000,0.0487,-1.4399,24.7500,-13.8254,-22.4747
78858364,-0.0030,0.0002,-0.0064,0.0012,-0.0111,-0.0133,0.0078,-0.0200,-0.0001,0.1577,-0.0060,0.0005,0.0000,0.0487,-1.4399,24.7500,-13.8251,-22.4833
78863364,-0.0029,-0.0000,-0.0089,0.0040,-0.0230,-0.0137,0.0080,-0.0200,-0.0001,0.1577,-0.0084,0.0032,0.0000,0.0487,-1.4399,24.7500,-13.8249,-22.4891
78868364,-0.0030,-0.0002,-0.0034,0.0101,-0.0441,-0.0134,0.0075,0.0076,-0.0002,0.1576,-0.0153,-0.0121,0.0000,0.0487,-1.4399,24.7500,-13.8246,-22.4977
78873365,-0.0031,-0.0004,-0.0015,0.0195,-0.0356,-0.0127,0.0094,0.0046,-0.0002,0.1577,-0.0060,0.0104,0.0000,0.0487,-0.5632,24.7500,-13.8244,-22.4850
78878364,-0.0031,-0.0005,0.0027,0.0293,-0.0233,-0.0105,0.0115,-0.0000,-0.0002,0.1579,0.0122,0.0443,0.0000,0.0487,1.0522,24.7500,-13.8241,-22.4496
78883364,-0.0031,-0.0005,0.0058,0.0412,-0.0145,-0.0101,0.0136,-0.0500,-0.0001,0.1582,0.0153,0.0562,0.0000,0.0487,1.0522,24.7500,-13.8239,-22.4454
78888364,-0.0031,-0.0001,0.0070,0.0461,-0.0114,-0.0104,0.0150,-0.0500,-0.0000,0.1584,0.0074,0.0454,0.0000,0.0487,1.0522,24.7500,-13.8236,-22.4391
78893364,-0.0031,0.0002,0.0095,0.0421,-0.0102,-0.0101,0.0149,-0.0500,0.0000,0.1586,0.0099,0.0414,0.0000,0.0487,1.0522,24.7500,-13.8235,-22.4349
78898364,-0.0031,0.0005,0.0107,0.0443,0.0026,-0.0099,0.0162,-0.0500,0.0001,0.1588,0.0111,0.0436,0.0000,0.0487,1.0522,24.7500,-13.8232,-22.4286
78903365,-0.0031,0.0005,0.0098,0.0431,0.0054,-0.0101,0.0159,0.0200,0.0001,0.1590,0.0102,0.0423,0.0000,0.0487,1.0522,24.7500,-13.8230,-22.4244
78908365,-0.0030,0.0008,0.0128,0.0403,0.0069,-0.0087,0.0157,0.0200,0.0002,0.1592,0.0132,0.0396,0.0000,0.0487,1.0522,24.7500,-13.8227,-22.4180
78913364,-0.0028,0.0011,0.0092,0.0397,0.0097,-0.0091,0.0166,-0.0080,0.0002,0.1594,0.0082,0.0365,0.0000,0.0487,-0.1661,24.7500,-13.8225,-22.4398
78918365,-0.0026,0.0013,0.0061,0.0290,-0.0001,-0.0093,0.0148,-0.0055,0.0002,0.1595,-0.0002,0.0167,0.0000,0.0487,-0.7753,24.7500,-13.8222,-22.4562
78923365,-0.0025,0.0016,0.0015,0.0266,-0.0004,-0.0101,0.0156,-0.0055,0.0002,0.1596,-0.0047,0.0143,0.0000,0.0487,-0.7753,24.7500,-13.8220,-22.4593
78928364,-0.0023,0.0016,-0.0003,0.0147,-0.0081,-0.0096,0.0128,-0.0030,0.0002,0.1596,-0.0066,0.0024,0.0000,0.0487,-0.7753,24.7500,-13.8217,-22.4639
78933364,-0.0024,0.0018,-0.0034,0.0174,-0.0081,-0.0107,0.0147,-0.0037,0.0001,0.1596,-0.0096,0.0051,0.0000,0.0487,-0.7753,24.7500,-13.8215,-22.4670
78938365,-0.0021,0.0019,-0.0003,0.0177,-0.0044,-0.0091,0.0143,-0.0050,0.0001,0.1596,-0.0066,0.0054,0.0000,0.0487,-0.7753,24.7500,-13.8212,-22.4717
78943364,-0.0021,0.0017,-0.0021,0.0180,-0.0172,-0.0092,0.0141,-0.0042,0.0000,0.1597,-0.0084,0.0057,0.0000,0.0487,-0.7753,24.7500,-13.8210,-22.4748
78948364,-0.0019,0.0019,-0.0040,0.0140,-0.0282,-0.0095,0.0130,-0.0025,-0.0000,0.1596,-0.0188,-0.0131,0.0000,0.0487,-1.7683,24.7500,-13.8207,-22.5023
78953364,-0.0018,0.0021,-0.0009,0.0223,-0.0224,-0.0084,0.0151,-0.0057,-0.0001,0.1596,-0.0157,-0.0048,0.0000,0.0487,-1.7683,24.7500,-13.8205,-22.5093
78958365,-0.0018,0.0020,-0.0049,0.0205,-0.0261,-0.0091,0.0145,-0.0044,-0.0002,0.1595,-0.0197,-0.0066,0.0000,0.0487,-1.7683,24.7500,-13.8202,-22.5200
78963365,-0.0017,0.0022,-0.0018,0.0183,-0.0407,-0.0079,0.0146,-0.0051,-0.0003,0.1595,-0.0167,-0.0088,0.0000,0.0487,-1.7683,24.7500,-13.8200,-22.5270
78968364,-0.0016,0.0024,-0.0128,0.0168,-0.0401,-0.0103,0.0162,-0.0043,-0.0004,0.1595,-0.0268,-0.0089,0.0000,0.0487,-1.6714,24.7500,-13.8198,-22.5356
78973364,-0.0015,0.0025,-0.0086,0.0095,-0.0297,-0.0086,0.0141,-0.0044,-0.0005,0.1594,-0.0200,-0.0119,0.0000,0.0487,-1.3808,24.7500,-13.8196,-22.5359
78978365,-0.0016,0.0026,-0.0150,0.0092,-0.0273,-0.0105,0.0159,-0.0044,-0.0007,0.1594,-0.0231,-0.0064,0.0000,0.0487,-0.9934,24.7500,-13.8193,-22.5352
78983365,-0.0018,0.0025,-0.0137,0.0064,-0.0270,-0.0108,0.0150,-0.0032,-0.0008,0.1593,-0.0206,-0.0070,0.0000,0.0487,-0.8481,24.7500,-13.8191,-22.5360
78988364,-0.0020,0.0025,-0.0058,0.0137,-0.0081,-0.0096,0.0160,-0.0060,-0.0008,0.1593,-0.0106,0.0040,0.0000,0.0487,-0.6059,24.7500,-13.8188,-22.5354
78993365,-0.0020,0.0023,-0.0037,0.0189,0.0011,-0.0093,0.0163,-0.0071,-0.0009,0.1594,-0.0076,0.0106,0.0000,0.0487,-0.5090,24.7500,-13.8186,-22.5357
78998364,-0.0021,0.0023,-0.0027,0.0266,-0.0075,-0.0094,0.0181,-0.0085,-0.0009,0.1595,-0.0055,0.0204,0.0000,0.0487,-0.3637,24.7500,-13.8183,-22.5354
79003364,-0.0022,0.0025,0.0018,0.0257,-0.0071,-0.0085,0.0183,-0.0096,-0.0009,0.1596,-0.0005,0.0202,0.0000,0.0487,-0.3153,24.7500,-13.8181,-22.5358
79008364,-0.0019,0.0026,0.0061,0.0305,-0.0020,-0.0063,0.0185,-0.0121,-0.0009,0.1597,0.0046,0.0266,0.0000,0.0487,-0.2184,24.7500,-13.8178,-22.5354
79013365,-0.0018,0.0028,0.0055,0.0305,0.0051,-0.0062,0.0193,-0.0133,-0.0008,0.1599,0.0045,0.0273,0.0000,0.0487,-0.1700,24.7500,-13.8176,-22.5353
79018365,-0.0017,0.0031,0.0043,0.0272,0.0029,-0.0059,0.0195,-0.0136,-0.0008,0.1600,0.0036,0.0246,0.0000,0.0487,-0.1216,24.7500,-13.8173,-22.5353
79023364,-0.0016,0.0033,0.0003,0.0232,0.0042,-0.0065,0.0197,-0.0134,-0.0008,0.1601,-0.0003,0.0207,0.0000,0.0487,-0.1216,24.7500,-13.8171,-22.5357
79028365,-0.0015,0.0036,-0.0027,0.0192,0.0045,-0.0068,0.0198,-0.0131,-0.0008,0.1602,-0.0030,0.0174,0.0000,0.0487,-0.0732,24.7500,-13.8168,-22.5353
79033364,-0.0014,0.0037,-0.0034,0.0113,0.0075,-0.0065,0.0184,-0.0122,-0.0009,0.1602,-0.0036,0.0095,0.0000,0.0487,-0.0732,24.7500,-13.8166,-22.5356
79038365,-0.0013,0.0039,-0.0064,0.0107,0.0112,-0.0070,0.0191,-0.0126,-0.0009,0.1603,-0.0060,0.0100,0.0000,0.0487,0.0000,24.7500,-13.8163,-22.5351
79043365,-0.0012,0.0041,-0.0095,0.0101,0.0078,-0.0073,0.0198,-0.0128,-0.0009,0.1603,-0.0090,0.0094,0.0000,0.0487,0.0000,24.7500,-13.8162,-22.5351
79048365,-0.0012,0.0042,-0.0082,0.0104,0.0060,-0.0068,0.0203,-0.0137,-0.0010,0.1604,-0.0078,0.0097,0.0000,0.0487,0.0000,24.7500,-13.8159,-22.5351
79053365,-0.0010,0.0043,-0.0079,0.0116,0.0097,-0.0061,0.0205,-0.0147,-0.0010,0.1604,-0.0075,0.0109,0.0000,0.0487,0.0000,24.7500,-13.8157,-22.5351
79058365,-0.0011,0.0042,-0.0079,0.0131,0.0139,-0.0067,0.0204,-0.0143,-0.0010,0.1605,-0.0075,0.0124,0.0000,0.0487,0.0000,24.7500,-13.8154,-22.5351
79063364,-0.0011,0.0044,-0.0073,0.0159,0.0151,-0.0066,0.0217,-0.0157,-0.0011,0.1606,-0.0069,0.0152,0.0000,0.0487,0.0000,24.7500,-13.8152,-22.5351
79068364,-0.0011,0.0046,-0.0058,0.0165,0.0139,-0.0061,0.0224,-0.0168,-0.0011,0.1606,-0.0054,0.0158,0.0000,0.0487,0.0000,24.7500,-13.8149,-22.5351
79073364,-0.0011,0.0048,-0.0037,0.0144,0.0176,-0.0055,0.0223,-0.0175,-0.0011,0.1607,-0.0032,0.0136,0.0000,0.0487,0.0000,24.7500,-13.8147,-22.5351
79078364,-0.0010,0.0050,-0.0052,0.0147,0.0210,-0.0057,0.0231,-0.0182,-0.0011,0.1608,-0.0048,0.0139,0.0000,0.0487,0.0000,24.7500,-13.8144,-22.5351
79083364,-0.0010,0.0052,-0.0052,0.0125,0.0213,-0.0055,0.0232,-0.0185,-0.0012,0.1608,-0.0048,0.0118,0.0000,0.0487,0.0000,24.7500,-13.8142,-22.5351
79088364,-0.0009,0.0054,-0.0052,0.0107,0.0164,-0.0052,0.0234,-0.0188,-0.0012,0.1609,-0.0048,0.0100,0.0000,0.0487,0.0000,24.7500,-13.8139,-22.5351
79093365,-0.0009,0.0056,-0.0061,0.0046,0.0148,-0.0051,0.0226,-0.0180,-0.0012,0.1609,-0.0057,0.0039,0.0000,0.0487,0.0000,24.7500,-13.8137,-22.5351
79098364,-0.0008,0.0057,-0.0067,0.0018,0.0164,-0.0050,0.0224,-0.0180,-0.0013,0.1609,-0.0063,0.0011,0.0000,0.0487,0.0000,24.7500,-13.8134,-22.5351
79103364,-0.0007,0.0058,-0.0098,-0.0046,0.0133,-0.0055,0.0216,-0.0166,-0.0013,0.1609,-0.0094,-0.0053,0.0000,0.0487,0.0000,24.7500,-13.8132,-22.5351
79108364,-0.0007,0.0059,-0.0107,-0.0079,0.0097,-0.0056,0.0213,-0.0161,-0.0014,0.1609,-0.0103,-0.0087,0.0000,0.0487,0.0000,24.7500,-13.8129,-22.5351
79113364,-0.0007,0.0060,-0.0137,-0.0147,0.0072,-0.0062,0.0204,-0.0145,-0.0014,0.1608,-0.0133,-0.0154,0.0000,0.0487,0.0000,24.7500,-13.8127,-22.5351
79118364,-0.0006,0.0060,-0.0128,-0.0159,0.0063,-0.0057,0.0201,-0.0146,-0.0015,0.1607,-0.0124,-0.0166,0.0000,0.0487,0.0000,24.7500,-13.8125,-22.5351
79123364,-0.0007,0.0057,-0.0144,-0.0147,0.0057,-0.0063,0.0195,-0.0134,-0.0015,0.1606,-0.0139,-0.0154,0.0000,0.0487,0.0000,24.7500,-13.8123,-22.5351
79128364,-0.0008,0.0054,-0.0131,-0.0113,0.0063,-0.0067,0.0195,-0.0131,-0.0016,0.1606,-0.0127,-0.0120,0.0000,0.0487,0.0000,24.7500,-13.8120,-22.5351
79133364,-0.0010,0.0051,-0.0131,-0.0064,0.0097,-0.0073,0.0199,-0.0130,-0.0017,0.1605,-0.0127,-0.0071,0.0000,0.0487,0.0000,24.7500,-13.8118,-22.5351
79138365,-0.0010,0.0049,-0.0104,-0.0024,0.0124,-0.0069,0.0196,-0.0132,-0.0017,0.1605,-0.0100,-0.0032,0.0000,0.0487,0.0000,24.7500,-13.8115,-22.5351
79143364,-0.0012,0.0047,-0.0092,0.0024,0.0124,-0.0071,0.0200,-0.0134,-0.0018,0.1605,-0.0087,0.0017,0.0000,0.0487,0.0000,24.7500,-13.8113,-22.5351
79148364,-0.0012,0.0048,-0.0086,0.0073,0.0142,-0.0071,0.0216,-0.0151,-0.0018,0.1605,-0.0081,0.0066,0.0000,0.0487,0.0000,24.7500,-13.8110,-22.5351
79153364,-0.0012,0.0050,-0.0052,0.0079,0.0164,-0.0064,0.0220,-0.0162,-0.0018,0.1606,-0.0048,0.0072,0.0000,0.0487,0.0000,24.7500,-13.8108,-22.5351
79158364,-0.0012,0.0052,-0.0049,0.0067,0.0170,-0.0064,0.0223,-0.0165,-0.0019,0.1606,-0.0045,0.0060,0.0000,0.0487,0.0000,24.7500,-13.8105,-22.5351
79163364,-0.0012,0.0053,-0.0067,0.0021,0.0161,-0.0068,0.0220,-0.0158,-0.0019,0.1606,-0.0063,0.0014,0.0000,0.0487,0.0000,24.7500,-13.8103,-22.5351
79168364,-0.0012,0.0054,-0.0058,-0.0031,0.0142,-0.0063,0.0211,-0.0153,-0.0019,0.1606,-0.0054,-0.0038,0.0000,0.0487,0.0000,24.7500,-13.8100,-22.5351
79173364,-0.0011,0.0055,-0.0067,-0.0079,0.0121,-0.0063,0.0204,-0.0145,-0.0019,0.1606,-0.0063,-0.0087,0.0000,0.0487,0.0000,24.7500,-13.8098,-22.5351
79178364,-0.0011,0.0056,-0.0082,-0.0122,0.0093,-0.0066,0.0199,-0.0137,-0.0020,0.1605,-0.0078,-0.0129,0.0000,0.0487,0.0000,24.7500,-13.8095,-22.5351
79183364,-0.0010,0.0057,-0.0104,-0.0156,0.0066,-0.0068,0.0195,-0.0129,-0.0020,0.1604,-0.0100,-0.0163,0.0000,0.0487,0.0000,24.7500,-13.8093,-22.5351
79188364,-0.0009,0.0056,-0.0128,-0.0189,0.0029,-0.0068,0.0185,-0.0118,-0.0021,0.1603,-0.0124,-0.0197,0.0000,0.0487,0.0000,24.7500,-13.8091,-22.5351
79193364,-0.0008,0.0052,-0.0110,-0.0177,-0.0013,-0.0061,0.0173,-0.0111,-0.0022,0.1602,-0.0106,-0.0184,0.0000,0.0487,0.0000,24.7500,-13.8089,-22.5351
79198364,-0.0011,0.0050,-0.0116,-0.0162,-0.0032,-0.0071,0.0174,-0.0102,-0.0022,0.1601,-0.0112,-0.0169,0.0000,0.0487,0.0000,24.7500,-13.8086,-22.5351
79203364,-0.0012,0.0047,-0.0125,-0.0122,-0.0047,-0.0079,0.0177,-0.0096,-0.0023,0.1601,-0.0121,-0.0129,0.0000,0.0487,0.0000,24.7500,-13.8084,-22.5351
79208364,-0.0013,0.0044,-0.0122,-0.0101,-0.0084,-0.0083,0.0175,-0.0088,-0.0023,0.1600,-0.0118,-0.0108,0.0000,0.0487,0.0000,24.7500,-13.8081,-22.5351
79213365,-0.0015,0.0042,-0.0079,-0.0079,-0.0084,-0.0077,0.0167,-0.0087,-0.0024,0.1600,-0.0075,-0.0087,0.0000,0.0487,0.0000,24.7500,-13.8079,-22.5351
79218364,-0.0017,0.0040,-0.0095,-0.0064,-0.0081,-0.0089,0.0171,-0.0079,-0.0024,0.1599,-0.0090,-0.0071,0.0000,0.0487,0.0000,24.7500,-13.8076,-22.5351
79223364,-0.0018,0.0041,-0.0086,-0.0064,-0.0078,-0.0093,0.0175,-0.0079,-0.0024,0.1599,-0.0081,-0.0071,0.0000,0.0487,0.0000,24.7500,-13.8074,-22.5351
79228365,-0.0019,0.0042,-0.0082,-0.0082,-0.0081,-0.0094,0.0175,-0.0077,-0.0025,0.1599,-0.0078,-0.0090,0.0000,0.0487,0.0000,24.7500,-13.8071,-22.5351
79233364,-0.0019,0.0042,-0.0079,-0.0098,-0.0090,-0.0093,0.0174,-0.0078,-0.0025,0.1598,-0.0075,-0.0105,0.0000,0.0487,0.0000,24.7500,-13.8069,-22.5351
79238364,-0.0018,0.0043,-0.0067,-0.0119,-0.0102,-0.0089,0.0170,-0.0077,-0.0026,0.1597,-0.0063,-0.0126,0.0000,0.0487,0.0000,24.7500,-13.8066,-22.5351
79243365,-0.0018,0.0044,-0.0095,-0.0144,-0.0093,-0.0095,0.0170,-0.0071,-0.0026,0.1597,-0.0090,-0.0151,0.0000,0.0487,0.0000,24.7500,-13.8064,-22.5351
79248364,-0.0018,0.0044,-0.0089,-0.0165,-0.0120,-0.0092,0.0166,-0.0070,-0.0026,0.1596,-0.0084,-0.0172,0.0000,0.0487,0.0000,24.7500,-13.8061,-22.5351
79253365,-0.0016,0.0042,-0.0079,-0.0183,-0.0148,-0.0082,0.0150,-0.0062,-0.0027,0.1595,-0.0075,-0.0191,0.0000,0.0487,0.0000,24.7500,-13.8059,-22.5351
79258365,-0.0014,0.0040,-0.0095,-0.0202,-0.0160,-0.0079,0.0136,-0.0051,-0.0027,0.1594,-0.0090,-0.0209,0.0000,0.0487,0.0000,24.7500,-13.8056,-22.5351
79263364,-0.0015,0.0036,-0.0092,-0.0214,-0.0169,-0.0083,0.0123,-0.0034,-0.0028,0.1593,-0.0087,-0.0221,0.0000,0.0487,0.0000,24.7500,-13.8055,-22.5351
79268364,-0.0017,0.0033,-0.0104,-0.0189,-0.0181,-0.0091,0.0121,-0.0024,-0.0028,0.1592,-0.0100,-0.0197,0.0000,0.0487,0.0000,24.7500,-13.8052,-22.5351
79273365,-0.0018,0.0030,-0.0107,-0.0183,-0.0178,-0.0096,0.0114,-0.0011,-0.0029,0.1591,-0.0103,-0.0191,0.0000,0.0487,0.0000,24.7500,-13.8050,-22.5351
79278364,-0.0018,0.0026,-0.0110,-0.0199,-0.0194,-0.0098,0.0100,0.0006,-0.0029,0.1590,-0.0106,-0.0206,0.0000,0.0487,0.0000,24.7500,-13.8047,-22.5351
79283364,-0.0019,0.0022,-0.0107,-0.0195,-0.0166,-0.0101,0.0089,0.0019,-0.0030,0.1589,-0.0103,-0.0203,0.0000,0.0487,0.0000,24.7500,-13.8045,-22.5351
79288365,-0.0020,0.0019,-0.0104,-0.0174,-0.0133,-0.0105,0.0084,0.0500,-0.0030,0.1588,-0.0100,-0.0181,0.0000,0.0487,0.0000,24.7500,-13.8042,-22.5351
79293365,-0.0021,0.0016,-0.0089,-0.0189,-0.0130,-0.0106,0.0069,0.0500,-0.0031,0.1587,-0.0084,-0.0197,0.0000,0.0487,0.0000,24.7500,-13.8040,-22.5351
79298365,-0.0022,0.0013,-0.0082,-0.0162,-0.0081,-0.0109,0.0064,0.0500,-0.0031,0.1586,-0.0078,-0.0169,0.0000,0.0487,0.0000,24.7500,-13.8037,-22.5351
79303364,-0.0023,0.0010,-0.0086,-0.0137,-0.0004,-0.0114,0.0060,0.0500,-0.0031,0.1585,-0.0081,-0.0145,0.0000,0.0487,0.0000,24.7500,-13.8035,-22.5351
79308364,-0.0025,0.0009,-0.0018,-0.0049,0.0118,-0.0106,0.0071,-0.0200,-0.0032,0.1585,-0.0014,-0.0056,0.0000,0.0487,0.0000,24.7500,-13.8032,-22.5351
79313364,-0.0025,0.0006,0.0000,-0.0018,0.0057,-0.0101,0.0068,-0.0200,-0.0032,0.1585,0.0004,-0.0026,0.0000,0.0487,1.0452,24.7500,-13.8030,-22.5129
79318364,-0.0026,0.0005,0.0031,0.0012,0.0023,-0.0087,0.0078,0.0008,-0.0031,0.1586,0.0179,0.0255,0.0000,0.0487,1.6724,24.7500,-13.8027,-22.4909
79323365,-0.0024,0.0005,0.0009,0.0027,0.0155,-0.0085,0.0079,-0.0000,-0.0030,0.1587,0.0157,0.0270,0.0000,0.0487,1.6724,24.7500,-13.8025,-22.4842
79328364,-0.0026,0.0004,0.0027,-0.0009,0.0243,-0.0079,0.0076,-0.0006,-0.0028,0.1590,0.0285,0.0423,0.0000,0.0487,2.9461,24.7500,-13.8022,-22.4432
79333365,-0.0027,0.0004,-0.0031,-0.0082,0.0353,-0.0102,0.0068,0.0021,-0.0027,0.1591,0.0227,0.0350,0.0000,0.0487,2.9461,24.7500,-13.8020,-22.4315
79338364,-0.0028,0.0004,-0.0031,-0.0128,0.0677,-0.0109,0.0057,0.0026,-0.0026,0.1593,0.0227,0.0304,0.0000,0.0487,2.9461,24.7500,-13.8018,-22.4138
79343364,-0.0028,0.0002,0.0082,0.0009,0.1089,-0.0088,0.0060,-0.0013,-0.0024,0.1595,0.0332,0.0427,0.0000,0.0487,2.8485,24.7500,-13.8016,-22.4042
79348364,-0.0028,0.0001,0.0302,0.0296,0.1126,-0.0030,0.0090,-0.0500,-0.0022,0.1599,0.0552,0.0714,0.0000,0.0487,2.8485,24.7500,-13.8013,-22.3871
79353364,-0.0026,0.0001,0.0370,0.0480,0.1251,-0.0029,0.0098,-0.0500,-0.0020,0.1601,0.0374,0.0472,0.0000,0.0487,2.8485,24.7500,-13.8011,-22.3764
79358365,-0.0023,0.0005,0.0476,0.0522,0.1288,0.0011,0.0100,-0.0500,-0.0017,0.1603,0.0481,0.0515,0.0000,0.0487,2.1668,24.7500,-13.8008,-22.3743
79363364,-0.0019,0.0009,0.0507,0.0538,0.1022,0.0500,0.0109,-0.0500,-0.0015,0.1606,0.0511,0.0530,0.0000,0.0487,1.7997,24.7500,-13.8006,-22.3752
79368365,-0.0015,0.0010,0.0443,0.0382,0.0570,0.0500,0.0085,0.0200,-0.0013,0.1608,0.0447,0.0375,0.0000,0.0487,0.7455,24.7500,-13.8003,-22.3863
79373364,-0.0012,0.0012,0.0232,0.0095,0.0344,0.0500,0.0050,0.0200,-0.0011,0.1608,0.0236,0.0087,0.0000,0.0487,-0.5371,24.7500,-13.8001,-22.4112
79378365,-0.0009,0.0012,0.0098,-0.0034,0.0494,0.0500,0.0031,-0.0027,-0.0011,0.1608,0.0056,-0.0121,0.0000,0.0487,-0.5371,24.7500,-13.7998,-22.4149
79383365,-0.0008,0.0010,-0.0162,-0.0159,0.0481,-0.0200,0.0026,0.0500,-0.0012,0.1607,-0.0213,-0.0263,0.0000,0.0487,-0.6478,24.7500,-13.7996,-22.4188
79388365,-0.0008,0.0009,-0.0336,-0.0418,0.0057,-0.0200,-0.0005,0.0500,-0.0014,0.1604,-0.0332,-0.0426,1.8030,0.0487,-2.1431,24.7902,-13.7993,-22.4606
79393364,-0.0011,0.0006,-0.0412,-0.0412,0.0112,-0.0500,0.0017,0.0500,-0.0018,0.1602,-0.0719,-0.0419,1.8030,0.0487,-2.1431,24.7959,-13.7991,-22.4675
79398364,-0.0013,0.0002,-0.0363,-0.0431,0.0145,-0.0500,-0.0018,0.0500,-0.0019,0.1600,-0.0359,-0.0438,2.8801,0.0487,-2.1431,24.8311,-13.7988,-22.4820
79403364,-0.0017,-0.0001,-0.0367,-0.0339,0.0307,-0.0500,-0.0003,-0.0200,-0.0021,0.1598,-0.0362,-0.0346,3.2032,0.0487,-2.1431,24.8474,-13.7986,-22.4890
79408365,-0.0018,-0.0003,-0.0672,-0.0312,0.0567,-0.0500,0.0033,-0.0200,-0.0024,0.1597,-0.0668,-0.0319,3.2032,0.0487,-1.8818,24.8694,-13.7984,-22.4980
79413364,-0.0019,-0.0006,-0.0748,-0.0272,0.0356,0.0200,0.0037,0.0230,-0.0029,0.1594,-0.0884,-0.0521,2.9711,0.0487,-1.6205,24.8746,-13.7982,-22.4985
79418365,-0.0025,-0.0009,-0.0736,-0.0296,0.0374,0.0200,0.0035,0.0247,-0.0033,0.1592,-0.0831,-0.0475,2.0890,0.0487,-1.1501,24.8743,-13.7979,-22.4983
79423364,-0.0029,-0.0011,-0.0461,-0.0144,0.0594,-0.0263,0.0042,0.0198,-0.0037,0.1590,-0.0782,-0.0291,1.4186,0.0487,-0.9379,24.8668,-13.7977,-22.4976
79428365,-0.0031,-0.0012,-0.0128,-0.0058,0.0326,-0.0149,0.0025,0.0112,-0.0037,0.1591,0.0006,0.0133,-0.0893,0.0487,1.3291,24.8388,-13.7974,-22.4491
79433365,-0.0031,-0.0014,0.0202,0.0015,-0.0041,-0.0063,-0.0000,0.0065,-0.0035,0.1592,0.0335,0.0206,-0.0893,0.0487,1.3291,24.8385,-13.7971,-22.4448
79438364,-0.0027,-0.0014,0.0299,0.0128,0.0026,-0.0025,0.0002,0.0021,-0.0033,0.1594,0.0433,0.0319,-0.0893,0.0487,1.3291,24.8379,-13.7969,-22.4359
79443364,-0.0024,-0.0016,0.0183,0.0064,0.0103,-0.0043,-0.0009,0.0047,-0.0032,0.1595,0.0317,0.0255,-0.0893,0.0487,1.3291,24.8376,-13.7966,-22.4312
79448364,-0.0025,-0.0014,0.0220,0.0241,0.0399,-0.0039,0.0027,-0.0004,-0.0030,0.1597,0.0354,0.0432,-0.0893,0.0487,1.3291,24.8370,-13.7965,-22.4226
79453364,-0.0024,-0.0015,0.0425,0.0278,0.0356,0.0500,0.0006,-0.0500,-0.0027,0.1600,0.0604,0.0498,-0.2583,0.0487,1.5244,24.8333,-13.7962,-22.4140
79458365,-0.0022,-0.0015,0.0562,0.0449,0.0503,0.0500,0.0011,-0.0500,-0.0024,0.1602,0.0566,0.0442,-2.2303,0.0487,1.6709,24.7830,-13.7960,-22.4002
79463365,-0.0017,-0.0013,0.0434,0.0562,0.0994,0.0500,0.0044,-0.0500,-0.0022,0.1605,0.0438,0.0555,-2.2303,0.0487,1.6709,24.7760,-13.7957,-22.3944
79468364,-0.0013,-0.0010,0.0382,0.0538,0.1016,0.0500,0.0046,-0.0500,-0.0020,0.1607,0.0386,0.0530,-2.2303,0.0487,1.4268,24.7607,-13.7955,-22.3885
79473365,-0.0013,-0.0007,0.0305,0.0538,0.0597,-0.0200,0.0072,0.0200,-0.0018,0.1610,0.0310,0.0530,-1.1598,0.0487,0.1574,24.7722,-13.7952,-22.4111
79478365,-0.0011,-0.0005,-0.0006,0.0189,0.0371,-0.0200,0.0043,0.0200,-0.0018,0.1611,-0.0002,0.0182,-0.2020,0.0487,0.1085,24.7894,-13.7950,-22.4112
79483365,-0.0010,-0.0003,-0.0006,0.0049,0.0387,-0.0500,0.0014,0.0015,-0.0018,0.1611,0.0033,0.0058,-0.1457,0.0487,0.1085,24.7895,-13.7947,-22.4108
79488365,-0.0008,-0.0004,-0.0055,-0.0058,0.0319,-0.0500,-0.0500,0.0500,-0.0019,0.1609,-0.0208,-0.0338,-0.1457,0.0487,-1.8275,24.7890,-13.7945,-22.4549
79493364,-0.0010,-0.0007,-0.0226,-0.0009,-0.0230,-0.0500,-0.0500,0.0500,-0.0020,0.1609,-0.0226,-0.0009,1.8310,0.0000,-1.8275,24.8314,-13.7954,-22.4613
79498365,-0.0009,-0.0006,-0.0278,-0.0134,-0.0465,-0.0500,-0.0500,0.0500,-0.0022,0.1609,-0.0278,-0.0134,2.1542,0.0000,-1.8275,24.8463,-13.7954,-22.4732
79503364,-0.0011,-0.0006,-0.0174,-0.0052,-0.0081,0.0200,-0.0500,0.0500,-0.0022,0.1608,-0.0174,-0.0052,1.2386,0.0000,-1.8275,24.8391,-13.7954,-22.4796
79508364,-0.0011,-0.0009,-0.0171,-0.0095,-0.0041,0.0200,0.0200,-0.0200,-0.0023,0.1608,-0.0171,-0.0095,0.9694,0.0000,-1.8275,24.8382,-13.7954,-22.4914
79513364,-0.0012,-0.0011,-0.0137,-0.0110,-0.0597,-0.0086,0.0200,-0.0200,-0.0025,0.1607,-0.0267,-0.0110,0.7540,-0.8762,-1.8275,24.8390,-13.8139,-22.4978
79518365,-0.0013,-0.0014,-0.0150,0.0021,-0.0963,-0.0105,0.0500,0.0109,-0.0027,0.1608,-0.0532,0.0102,0.5924,-1.8985,-1.3572,24.8385,-13.8405,-22.4988
79523364,-0.0013,-0.0016,0.0031,0.0073,-0.0746,-0.0014,0.0500,0.0061,-0.0026,0.1608,0.0300,0.0069,-1.5776,-2.5316,-0.0312,24.7942,-13.8650,-22.4751
79528365,-0.0014,-0.0017,0.0052,0.0095,-0.0618,-0.0004,0.0500,0.0043,-0.0024,0.1609,0.0453,0.0252,-1.8030,-2.7954,1.0522,24.7826,-13.8813,-22.4475
79533365,-0.0013,-0.0018,-0.0043,0.0318,-0.2158,-0.0004,0.0500,0.0026,-0.0022,0.1612,0.0358,0.0475,-1.8030,-2.7954,1.0522,24.7717,-13.8981,-22.4438
79538364,-0.0012,-0.0018,-0.0067,0.0354,-0.2350,-0.0004,-0.0200,0.0023,-0.0020,0.1614,0.0334,0.0511,-1.8030,-2.7954,1.0522,24.7645,-13.9093,-22.4370
79543364,-0.0012,-0.0015,0.0006,0.0382,-0.1498,0.0002,-0.0200,-0.0013,-0.0018,0.1617,0.0407,0.0539,-1.8030,-2.5717,1.0522,24.7537,-13.9214,-22.4317
79548364,-0.0014,-0.0013,0.0101,0.0486,-0.0716,-0.0005,0.0106,-0.0500,-0.0017,0.1622,0.0300,0.0951,-1.6619,-2.0683,1.0522,24.7494,-13.9205,-22.4275
79553365,-0.0014,-0.0012,0.0299,0.0287,-0.0765,0.0500,0.0011,-0.0500,-0.0014,0.1623,0.0522,0.0271,-1.2387,0.1055,1.0522,24.7493,-13.8841,-22.4212
79558364,-0.0010,-0.0011,0.0254,0.0260,-0.1165,0.0500,0.0014,-0.0500,-0.0012,0.1624,0.0313,0.0157,-1.0036,0.6858,1.0522,24.7495,-13.8702,-22.4170
79563364,-0.0007,-0.0010,0.0211,0.0260,-0.1043,0.0500,0.0014,-0.0500,-0.0011,0.1625,0.0270,0.0157,-0.7215,0.6858,1.0522,24.7500,-13.8661,-22.4107
79568365,-0.0005,-0.0008,0.0174,0.0177,-0.0392,0.0500,-0.0004,0.0200,-0.0010,0.1625,0.0233,0.0075,-0.6275,0.6858,0.8569,24.7491,-13.8633,-22.4108
79573365,-0.0003,-0.0006,-0.0037,0.0101,-0.0221,-0.0200,0.0005,0.0200,-0.0010,0.1625,0.0022,-0.0001,-0.4394,0.6858,-0.6092,24.7497,-13.8592,-22.4377
79578364,-0.0005,-0.0008,-0.0018,-0.0027,-0.1223,-0.0200,-0.0500,0.0500,-0.0010,0.1624,-0.0069,-0.0320,0.1127,0.6858,-1.2737,24.7594,-13.8565,-22.4555
79583365,-0.0003,-0.0007,0.0021,0.0015,-0.0905,-0.0016,-0.0500,0.0500,-0.0011,0.1624,-0.0241,0.0015,1.5213,0.6858,-1.2737,24.7944,-13.8523,-22.4632
79588364,-0.0003,-0.0009,-0.0128,0.0046,-0.0459,-0.0500,-0.0500,0.0500,-0.0013,0.1624,-0.0390,0.0046,1.5213,0.6858,-1.2737,24.8005,-13.8496,-22.4683
79593364,-0.0002,-0.0011,-0.0110,0.0101,-0.0444,-0.0500,-0.0500,0.0500,-0.0014,0.1624,-0.0110,0.0101,1.5213,0.6858,-1.2737,24.8097,-13.8455,-22.4759
79598364,-0.0003,-0.0009,-0.0134,0.0137,-0.0557,-0.0500,0.0200,-0.0200,-0.0015,0.1625,-0.0134,0.0137,1.5213,-0.6858,-1.2737,24.8157,-13.8723,-22.4810
79603364,-0.0002,-0.0008,-0.0272,0.0205,-0.0423,-0.0500,0.0200,-0.0200,-0.0016,0.1626,-0.0272,0.0205,1.5213,-0.6858,-1.2737,24.8249,-13.8764,-22.4887
79608364,-0.0002,-0.0008,-0.0324,-0.0027,-0.0178,0.0200,0.0014,0.0093,-0.0018,0.1625,-0.0492,-0.0115,1.5213,-0.6858,-1.2737,24.8310,-13.8792,-22.4937
79613364,-0.0004,-0.0011,-0.0312,-0.0027,-0.0325,0.0200,0.0011,0.0103,-0.0021,0.1625,-0.0457,-0.0075,1.4674,-0.6858,-1.0031,24.8390,-13.8833,-22.4958
79618364,-0.0006,-0.0012,-0.0226,0.0211,-0.1162,-0.0091,0.0500,0.0032,-0.0023,0.1629,-0.0569,0.0679,1.1981,-2.3638,0.7753,24.8389,-13.9231,-22.4609
79623365,-0.0007,-0.0013,-0.0195,0.0308,-0.2197,-0.0045,0.0500,0.0031,-0.0024,0.1631,-0.0149,0.0482,0.3091,-2.3638,1.1630,24.8269,-13.9372,-22.4464
79628364,-0.0006,-0.0008,0.0226,0.0782,-0.1003,0.0500,0.0500,-0.0500,-0.0021,0.1636,0.0588,0.0955,-1.5213,-2.3638,1.1630,24.7885,-13.9467,-22.4417
79633365,-0.0005,-0.0003,0.0318,0.0825,-0.0627,0.0500,0.0500,-0.0500,-0.0020,0.1640,0.0318,0.0825,-1.5213,-2.3638,1.1630,24.7794,-13.9609,-22.4348
79638364,-0.0004,-0.0001,0.0434,0.0870,-0.1195,0.0500,-0.0200,-0.0500,-0.0018,0.1644,0.0434,0.0870,-1.5213,-1.9275,1.1630,24.7733,-13.9608,-22.4301
79643365,-0.0002,0.0004,0.0373,0.0797,-0.1009,0.0500,-0.0200,-0.0500,-0.0016,0.1648,0.0373,0.0797,-1.5213,0.2797,1.1630,24.7642,-13.9210,-22.4231
79648364,0.0002,0.0009,0.0440,0.0767,-0.0221,-0.0200,0.0138,0.0200,-0.0013,0.1652,0.0464,0.0725,-1.5213,0.2797,1.1630,24.7581,-13.9199,-22.4185
79653365,0.0005,0.0013,0.0330,0.0394,0.0148,-0.0200,0.0073,0.0200,-0.0012,0.1654,0.0354,0.0352,-1.4742,0.2797,-0.6646,24.7499,-13.9182,-22.4517
79658364,0.0006,0.0014,-0.0003,0.0018,-0.0117,0.0017,0.0034,-0.0047,-0.0012,0.1653,-0.0086,-0.0154,0.3381,0.4379,-0.7199,24.7836,-13.9139,-22.4557
79663364,0.0008,0.0013,-0.0064,-0.0119,-0.0817,0.0027,-0.0009,0.0013,-0.0012,0.1650,-0.0041,-0.0559,0.6198,2.2317,-0.7199,24.7928,-13.8685,-22.4600
79668364,0.0006,0.0011,0.0061,-0.0199,-0.0826,0.0054,-0.0500,0.0500,-0.0012,0.1647,0.0085,-0.0639,0.6198,2.2317,-0.7199,24.7953,-13.8596,-22.4629
79673364,0.0005,0.0008,-0.0296,-0.0046,0.0720,-0.0500,-0.0500,0.0500,-0.0014,0.1647,-0.0403,-0.0046,0.6198,2.2317,-2.0265,24.7990,-13.8462,-22.4953
79678364,0.0005,0.0005,-0.0357,-0.0125,0.0454,-0.0500,-0.0500,0.0500,-0.0016,0.1646,-0.0357,-0.0125,0.6198,2.2317,-2.1833,24.8015,-13.8373,-22.5071
79683365,0.0003,0.0007,-0.0385,-0.0046,0.0371,-0.0500,-0.0500,0.0500,-0.0017,0.1646,-0.0385,-0.0046,0.6198,1.6475,-2.1833,24.8052,-13.8374,-22.5202
79688364,-0.0001,0.0004,-0.0464,-0.0235,0.0240,-0.0500,0.0200,-0.0200,-0.0020,0.1645,-0.0464,-0.0235,0.6198,1.3554,-2.1833,24.8077,-13.8373,-22.5290
79693364,-0.0004,0.0001,-0.0336,-0.0293,0.0341,0.0200,0.0200,-0.0200,-0.0021,0.1643,-0.0336,-0.0293,0.6198,1.0147,-1.8927,24.8114,-13.8371,-22.5358
79698364,-0.0005,-0.0002,-0.0165,-0.0040,0.0704,0.0200,-0.0007,0.0049,-0.0022,0.1642,-0.0136,-0.0235,0.6198,0.8200,-0.4893,24.8139,-13.8374,-22.5130
79703365,-0.0005,-0.0003,0.0104,0.0269,0.0378,0.0007,0.0500,-0.0500,-0.0021,0.1644,0.0172,0.0442,-0.7325,-0.9210,0.2424,24.7883,-13.8740,-22.4976
79708364,-0.0006,-0.0002,0.0128,0.0440,-0.0117,0.0500,0.0500,-0.0500,-0.0020,0.1646,0.0254,0.0440,-0.7325,-0.9210,0.2424,24.7853,-13.8777,-22.4966
79713364,-0.0004,0.0001,0.0089,0.0461,0.0081,0.0500,0.0500,-0.0500,-0.0020,0.1649,0.0089,0.0461,-0.7325,-0.9210,0.2424,24.7809,-13.8832,-22.4952
79718364,-0.0001,0.0004,0.0177,0.0421,0.0054,0.0500,0.0500,-0.0500,-0.0019,0.1651,0.0177,0.0421,-0.7325,-0.9210,0.2424,24.7780,-13.8869,-22.4942
79723364,-0.0002,0.0004,0.0086,0.0394,-0.0368,0.0500,-0.0200,0.0200,-0.0018,0.1653,0.0086,0.0394,-0.7325,-0.9210,0.2424,24.7736,-13.8925,-22.4927
79728364,0.0001,0.0006,0.0061,0.0434,-0.0398,-0.0200,-0.0200,0.0200,-0.0018,0.1655,0.0061,0.0434,-0.7325,-0.9210,0.2424,24.7707,-13.8961,-22.4918
79733364,0.0002,0.0010,0.0119,0.0525,0.0032,-0.0200,0.0144,-0.0180,-0.0018,0.1658,0.0061,0.0699,-0.6198,-0.9210,0.2424,24.7685,-13.9017,-22.4903
79738365,0.0004,0.0014,0.0119,0.0373,0.0378,0.0026,0.0115,-0.0155,-0.0018,0.1661,-0.0056,0.0479,0.4507,-0.9210,-0.2090,24.7904,-13.9054,-22.4997
79743365,0.0005,0.0016,-0.0043,0.0241,0.0042,0.0004,0.0097,-0.0103,-0.0018,0.1661,-0.0102,0.0147,0.4507,0.4221,-0.2090,24.7931,-13.8813,-22.5009
79748365,0.0005,0.0018,-0.0061,0.0119,-0.0123,0.0005,0.0076,-0.0077,-0.0019,0.1661,-0.0084,-0.0038,0.4507,0.8441,-0.2090,24.7949,-13.8698,-22.5018
79753365,0.0006,0.0018,-0.0260,0.0107,0.0579,-0.0500,0.0087,-0.0058,-0.0020,0.1661,-0.0303,-0.0086,0.4507,0.8441,-0.4512,24.7976,-13.8647,-22.5079
79758364,0.0006,0.0017,-0.0275,0.0202,0.0921,-0.0500,0.0090,-0.0062,-0.0022,0.1660,-0.0350,-0.0179,0.4507,0.8441,-1.7104,24.7994,-13.8613,-22.5378
79763365,0.0005,0.0017,-0.0608,0.0000,0.0231,-0.0500,0.0100,0.0500,-0.0026,0.1658,-0.0682,-0.0381,0.4507,0.8441,-1.7104,24.8021,-13.8563,-22.5481
79768364,0.0001,0.0017,-0.0724,-0.0263,0.0042,-0.0500,0.0079,0.0500,-0.0029,0.1656,-0.0651,-0.0389,0.4507,0.8441,-1.7104,24.8039,-13.8529,-22.5549
79773364,-0.0001,0.0015,-0.0473,-0.0580,-0.0120,0.0200,-0.0500,0.0500,-0.0031,0.1653,-0.0401,-0.0706,0.4507,0.8441,-1.7104,24.8066,-13.8478,-22.5652
79778364,-0.0005,0.0011,-0.0373,-0.0754,0.0097,0.0200,-0.0500,0.0500,-0.0033,0.1649,-0.0373,-0.0754,0.4507,1.2822,-1.7104,24.8085,-13.8350,-22.5720
79783365,-0.0007,0.0005,-0.0199,-0.0834,0.0417,-0.0076,-0.0500,-0.0200,-0.0033,0.1645,-0.0102,-0.0834,-0.5634,1.2822,-1.4346,24.7860,-13.8273,-22.5762
79788365,-0.0008,0.0000,0.0095,-0.0644,0.0634,-0.0009,-0.0500,-0.0200,-0.0032,0.1641,0.0192,-0.0644,-0.5634,1.1362,-0.4041,24.7837,-13.8251,-22.5600
79793365,-0.0007,-0.0004,0.0177,-0.0315,0.0875,0.0018,0.0200,0.0048,-0.0031,0.1640,0.0345,-0.0192,-0.5634,0.3573,0.8234,24.7804,-13.8375,-22.5328
79798364,-0.0006,-0.0007,0.0153,-0.0034,0.0597,0.0500,0.0200,-0.0007,-0.0028,0.1641,0.0507,0.0089,-1.6449,0.3086,0.8234,24.7550,-13.8372,-22.5295
79803365,-0.0004,-0.0007,0.0147,0.0260,0.0151,0.0500,0.0500,-0.0500,-0.0027,0.1644,0.0266,0.0672,-1.8800,-0.6858,2.0776,24.7391,-13.8566,-22.4967
79808364,-0.0004,-0.0007,0.0244,0.0519,0.0035,0.0500,0.0500,-0.0500,-0.0025,0.1647,0.0244,0.0519,-1.8800,-1.4244,2.0776,24.7316,-13.8763,-22.4884
79813365,-0.0003,-0.0004,0.0458,0.0699,-0.0188,0.0500,0.0500,-0.0500,-0.0023,0.1650,0.0458,0.0699,-1.8800,-1.4244,2.0776,24.7203,-13.8849,-22.4759
79818364,-0.0003,-0.0002,0.0275,0.0669,-0.0307,-0.0200,0.0500,-0.0500,-0.0022,0.1654,0.0275,0.0669,-1.8265,-1.4244,2.0776,24.7139,-13.8906,-22.4676
79823364,0.0000,0.0001,0.0217,0.0684,-0.0224,-0.0200,-0.0200,0.0200,-0.0021,0.1657,0.0217,0.0684,-0.1550,-1.4244,2.0776,24.7401,-13.8991,-22.4552
79828364,0.0001,0.0005,-0.0061,0.0571,0.0008,-0.0014,-0.0200,0.0200,-0.0021,0.1660,-0.0118,0.0571,0.3291,-1.4244,1.8007,24.7505,-13.9048,-22.4528
79833364,-0.0001,0.0008,-0.0244,0.0464,0.0045,-0.0500,0.0190,-0.0122,-0.0023,0.1664,-0.0316,0.0863,0.3291,-1.4244,1.2500,24.7525,-13.9134,-22.4545
79838364,-0.0003,0.0011,-0.0217,0.0269,-0.0175,-0.0500,0.0136,-0.0059,-0.0024,0.1666,-0.0312,0.0309,1.3997,-0.6858,-0.4181,24.7764,-13.9037,-22.4862
79843365,-0.0003,0.0013,-0.0128,0.0150,-0.0078,-0.0500,0.0081,-0.0034,-0.0025,0.1665,-0.0141,-0.0140,1.9631,0.8969,-1.0452,24.7991,-13.8697,-22.5045
79848365,-0.0003,0.0014,-0.0101,0.0076,0.0219,-0.0500,0.0064,-0.0031,-0.0026,0.1664,-0.0114,-0.0213,1.9631,0.8969,-1.0452,24.8069,-13.8661,-22.5087
79853365,-0.0003,0.0013,-0.0363,-0.0122,0.0210,0.0200,0.0049,0.0500,-0.0028,0.1662,-0.0376,-0.0412,1.9631,0.8969,-1.0452,24.8187,-13.8608,-22.5149
79858365,-0.0003,0.0014,-0.0333,-0.0140,0.0258,0.0200,0.0049,0.0500,-0.0029,0.1661,-0.0256,-0.0274,1.9631,0.8969,-1.0452,24.8266,-13.8572,-22.5191
79863364,-0.0005,0.0013,-0.0183,-0.0183,0.0118,-0.0061,0.0023,0.0500,-0.0029,0.1659,-0.0077,-0.0317,-0.1690,0.8969,-1.0452,24.7887,-13.8518,-22.5254
79868364,-0.0007,0.0012,-0.0156,-0.0302,-0.0084,-0.0059,-0.0002,0.0500,-0.0029,0.1657,-0.0049,-0.0436,-0.1690,0.8969,-1.0452,24.7880,-13.8482,-22.5296
79873365,-0.0005,0.0011,-0.0031,-0.0272,0.0268,-0.0025,-0.0500,-0.0200,-0.0029,0.1655,0.0076,-0.0406,-0.1690,0.8969,-1.0452,24.7870,-13.8428,-22.5358
79878364,-0.0003,0.0008,0.0046,-0.0192,0.0405,-0.0004,-0.0500,-0.0200,-0.0029,0.1654,0.0075,-0.0192,-0.1690,0.8969,-0.8515,24.7863,-13.8392,-22.5357
79883365,-0.0004,0.0005,-0.0055,-0.0220,0.0087,-0.0024,-0.0500,0.0033,-0.0028,0.1653,0.0046,-0.0095,-0.1690,0.7508,0.8362,24.7853,-13.8371,-22.5042
79888364,-0.0006,0.0002,-0.0113,-0.0153,-0.0096,-0.0023,-0.0500,0.0028,-0.0027,0.1653,0.0245,0.0011,-1.5326,0.6048,1.0975,24.7550,-13.8374,-22.4946
79893364,-0.0006,-0.0001,-0.0052,-0.0037,0.0011,-0.0007,0.0200,0.0002,-0.0026,0.1654,0.0347,0.0127,-1.7677,0.4588,1.0975,24.7398,-13.8372,-22.4881
79898364,-0.0006,-0.0003,0.0040,0.0058,0.0097,0.0015,0.0200,-0.0500,-0.0023,0.1655,0.0439,0.0222,-1.7677,-0.3693,1.0975,24.7327,-13.8530,-22.4837
79903364,-0.0006,-0.0005,0.0009,0.0076,-0.0447,-0.0000,0.0500,-0.0500,-0.0022,0.1657,0.0205,0.0265,-1.7677,-1.2662,1.0975,24.7221,-13.8775,-22.4771
79908365,-0.0005,-0.0003,0.0024,0.0107,-0.0294,0.0013,0.0500,-0.0500,-0.0021,0.1657,0.0329,0.0107,-1.7677,-1.2662,1.0975,24.7150,-13.8826,-22.4727
79913365,-0.0003,-0.0003,0.0015,0.0107,-0.0154,0.0012,0.0500,-0.0500,-0.0019,0.1658,0.0246,0.0107,-1.3399,-1.2662,1.0975,24.7142,-13.8902,-22.4661
79918364,-0.0002,-0.0005,-0.0009,0.0174,-0.0411,0.0007,0.0500,0.0200,-0.0019,0.1658,0.0176,0.0174,-1.0725,-1.2662,1.0975,24.7147,-13.8952,-22.4617
79923364,-0.0001,-0.0005,-0.0214,0.0150,-0.0719,-0.0039,-0.0200,0.0200,-0.0019,0.1659,-0.0075,0.0150,-0.8051,-1.2662,1.0975,24.7144,-13.9028,-22.4551
79928364,-0.0001,-0.0003,-0.0165,0.0177,-0.0490,-0.0023,-0.0200,-0.0018,-0.0019,0.1661,0.0031,0.0324,-0.6446,-1.2662,0.9867,24.7146,-13.9079,-22.4531
79933364,-0.0002,-0.0001,-0.0284,0.0119,-0.0334,-0.0078,0.0078,0.0012,-0.0020,0.1662,-0.0328,0.0277,-0.4842,-1.2662,-0.2090,24.7144,-13.9155,-22.4733
79938364,-0.0004,-0.0001,-0.0208,-0.0189,-0.0539,-0.0073,0.0001,0.0500,-0.0022,0.1661,-0.0373,-0.0211,-0.3772,-1.2662,-1.4111,24.7147,-13.9206,-22.5012
79943364,-0.0006,-0.0002,-0.0260,-0.0250,-0.0655,-0.0079,-0.0007,0.0500,-0.0023,0.1660,-0.0221,-0.0237,-0.2702,-0.0928,-1.4111,24.7148,-13.9028,-22.5096
79948364,-0.0006,-0.0005,-0.0195,-0.0244,-0.0557,-0.0053,-0.0500,0.0500,-0.0024,0.1658,-0.0040,-0.0449,-0.2168,1.3717,-1.4111,24.7148,-13.8705,-22.5153
79953364,-0.0008,-0.0008,-0.0195,-0.0205,-0.0331,-0.0074,-0.0500,0.0500,-0.0024,0.1657,-0.0167,-0.0205,-0.1633,1.3717,-1.4111,24.7146,-13.8622,-22.5237
79958364,-0.0008,-0.0008,-0.0116,-0.0189,-0.0450,-0.0051,-0.0500,-0.0200,-0.0025,0.1656,-0.0088,-0.0189,-0.1633,1.3717,-1.4111,24.7139,-13.8567,-22.5294
79963365,-0.0009,-0.0008,-0.0076,-0.0241,-0.0664,-0.0044,-0.0500,-0.0200,-0.0025,0.1655,-0.0057,-0.0241,-0.1098,1.3717,-1.3142,24.7143,-13.8485,-22.5358
79968364,-0.0009,-0.0011,-0.0037,-0.0174,-0.0624,-0.0039,0.0200,0.0115,-0.0026,0.1653,-0.0078,-0.0279,-0.1098,1.3717,-0.7024,24.7138,-13.8430,-22.5282
79973364,-0.0009,-0.0015,-0.0070,-0.0177,-0.0536,-0.0040,0.0200,0.0112,-0.0025,0.1653,0.0007,-0.0060,-0.0563,-0.3165,0.7839,24.7145,-13.8718,-22.4969
79978364,-0.0009,-0.0018,-0.0073,-0.0104,-0.0337,-0.0045,-0.0044,0.0102,-0.0026,0.1653,-0.0028,0.0068,-0.0563,-0.3693,0.7839,24.7143,-13.8744,-22.4937
79983364,-0.0008,-0.0020,-0.0034,0.0086,-0.0249,-0.0036,-0.0017,0.0062,-0.0026,0.1654,0.0012,0.0258,-0.0563,-0.3693,0.7839,24.7139,-13.8766,-22.4890
79988365,-0.0009,-0.0022,-0.0046,0.0064,-0.0487,-0.0038,-0.0023,0.0080,-0.0026,0.1656,-0.0000,0.0236,-0.0563,-0.3693,0.7839,24.7137,-13.8780,-22.4859
79993364,-0.0010,-0.0021,-0.0113,-0.0031,-0.0465,-0.0071,-0.0005,0.0094,-0.0027,0.1658,-0.0241,0.0425,0.0000,-2.2710,0.7839,24.7148,-13.9255,-22.4812
79998365,-0.0011,-0.0022,-0.0049,0.0089,0.0017,-0.0067,0.0005,0.0062,-0.0028,0.1661,-0.0177,0.0544,0.0000,-2.2710,0.7839,24.7148,-13.9346,-22.4781
80003364,-0.0010,-0.0024,0.0037,0.0266,-0.0407,-0.0030,0.0500,0.0006,-0.0028,0.1665,0.0004,0.0886,0.0000,-2.2710,1.8915,24.7148,-13.9483,-22.4475
80008364,-0.0010,-0.0024,-0.0095,0.0458,-0.0383,-0.0048,0.0500,-0.0004,-0.0027,0.1669,0.0068,0.0740,0.0000,-2.2710,1.8915,24.7148,-13.9573,-22.4400
80013365,-0.0008,-0.0022,0.0012,0.0687,-0.0059,-0.0016,0.0500,-0.0500,-0.0026,0.1673,0.0175,0.0969,0.0000,-1.8347,1.8915,24.7148,-13.9613,-22.4286
80018364,-0.0009,-0.0017,0.0086,0.0733,0.0206,-0.0016,0.0500,-0.0500,-0.0026,0.1677,0.0086,0.0733,0.0000,-1.4953,1.8915,24.7148,-13.9612,-22.4211
80023364,-0.0009,-0.0012,0.0021,0.0718,0.0219,-0.0032,-0.0200,-0.0500,-0.0026,0.1681,0.0021,0.0718,0.0000,-1.1075,1.8427,24.7148,-13.9612,-22.4107
80028364,-0.0008,-0.0008,0.0073,0.0461,0.0106,-0.0015,-0.0200,-0.0500,-0.0026,0.1683,0.0073,0.0461,0.0000,0.2797,1.5009,24.7148,-13.9357,-22.4109
80033364,-0.0007,-0.0006,0.0089,0.0257,0.0350,-0.0005,0.0022,0.0200,-0.0025,0.1684,0.0170,0.0115,0.0000,0.9509,-0.7199,24.7148,-13.9171,-22.4513
80038365,-0.0006,-0.0005,0.0040,-0.0128,0.0665,-0.0016,-0.0500,0.0200,-0.0024,0.1682,0.0122,-0.0270,0.0000,0.9509,-0.7753,24.7148,-13.9133,-22.4555
80043364,-0.0005,-0.0006,-0.0082,-0.0431,0.0170,-0.0047,-0.0500,0.0500,-0.0025,0.1680,-0.0149,-0.0546,0.0000,1.8477,-0.7753,24.7148,-13.8888,-22.4602
80048364,-0.0003,-0.0010,-0.0095,-0.0431,0.0014,-0.0036,-0.0500,0.0500,-0.0025,0.1677,-0.0095,-0.0431,0.0000,2.5336,-1.0366,24.7148,-13.8655,-22.4686
80053364,-0.0005,-0.0013,-0.0171,-0.0342,0.0283,-0.0066,-0.0500,0.0500,-0.0026,0.1676,-0.0171,-0.0342,0.0000,2.5336,-2.3432,24.7148,-13.8503,-22.5066
80058365,-0.0005,-0.0018,-0.0144,-0.0382,0.0491,-0.0062,0.0200,0.0500,-0.0027,0.1674,-0.0144,-0.0382,0.0000,2.5336,-2.3432,24.7148,-13.8402,-22.5160
80063365,-0.0004,-0.0019,-0.0174,-0.0357,0.0307,-0.0063,0.0200,-0.0200,-0.0028,0.1672,-0.0174,-0.0357,0.0000,1.9981,-2.3432,24.7148,-13.8371,-22.5301
80068365,-0.0003,-0.0022,-0.0153,-0.0269,-0.0090,-0.0043,-0.0119,-0.0200,-0.0028,0.1670,-0.0089,-0.0380,0.0000,0.7442,-2.1494,24.7148,-13.8561,-22.5354
80073365,-0.0004,-0.0026,-0.0238,-0.0281,-0.0411,-0.0075,-0.0112,0.0203,-0.0030,0.1668,-0.0309,-0.0372,0.0000,-0.1055,-0.7129,24.7148,-13.8727,-22.5168
80078365,-0.0006,-0.0029,-0.0281,-0.0144,-0.0197,-0.0090,-0.0081,0.0178,-0.0031,0.1668,-0.0272,-0.0097,0.0000,-0.1055,0.2090,24.7148,-13.8731,-22.4982
80083365,-0.0007,-0.0032,-0.0183,-0.0015,0.0265,-0.0076,-0.0078,0.0143,-0.0032,0.1668,-0.0174,0.0032,0.0000,-0.1055,0.2090,24.7148,-13.8737,-22.4970
80088365,-0.0007,-0.0034,-0.0125,0.0131,-0.0307,-0.0056,-0.0052,0.0119,-0.0033,0.1669,-0.0116,0.0178,0.0000,-0.1055,0.2090,24.7148,-13.8741,-22.4961
80093364,-0.0008,-0.0035,-0.0116,0.0235,-0.0343,-0.0056,-0.0033,0.0102,-0.0033,0.1670,-0.0107,0.0282,0.0000,-0.1055,0.2090,24.7148,-13.8748,-22.4949
80098364,-0.0010,-0.0034,-0.0089,0.0183,-0.0035,-0.0069,-0.0027,0.0097,-0.0034,0.1672,-0.0185,0.0414,0.0000,-1.3360,0.2090,24.7148,-13.9014,-22.4940
80103364,-0.0012,-0.0033,-0.0031,0.0122,0.0329,-0.0072,-0.0036,0.0095,-0.0035,0.1675,-0.0199,0.0478,0.0000,-2.1750,0.2090,24.7148,-13.9304,-22.4928
80108364,-0.0012,-0.0034,0.0012,0.0327,0.0243,-0.0061,0.0002,0.0050,-0.0036,0.1678,-0.0157,0.0682,0.0000,-2.1750,0.2090,24.7148,-13.9391,-22.4919
80113365,-0.0011,-0.0035,0.0082,0.0431,-0.0197,-0.0023,0.0500,0.0000,-0.0035,0.1683,0.0066,0.1050,0.0000,-2.1750,1.9812,24.7148,-13.9522,-22.4514
80118365,-0.0011,-0.0034,0.0150,0.0626,-0.0004,0.0008,0.0500,-0.0500,-0.0034,0.1688,0.0320,0.0922,0.0000,-2.1750,1.9812,24.7148,-13.9609,-22.4434
80123364,-0.0008,-0.0032,0.0116,0.0803,0.0542,-0.0011,0.0500,-0.0500,-0.0033,0.1692,0.0116,0.0803,0.0000,-1.6418,1.9812,24.7148,-13.9616,-22.4315
80128364,-0.0007,-0.0026,0.0180,0.0803,0.0628,0.0008,0.0500,-0.0500,-0.0032,0.1696,0.0180,0.0803,0.0000,-1.3509,1.9812,24.7148,-13.9617,-22.4236
80133364,-0.0006,-0.0021,0.0113,0.0812,0.0048,0.0005,-0.0200,-0.0500,-0.0032,0.1700,0.0113,0.0812,0.0000,-0.1651,1.9812,24.7148,-13.9441,-22.4117
80138364,-0.0005,-0.0018,0.0055,0.0308,0.0280,-0.0009,-0.0200,0.0200,-0.0032,0.1702,0.0055,0.0308,0.0000,0.9509,0.9487,24.7148,-13.9194,-22.4257
80143365,-0.0004,-0.0017,0.0000,0.0037,0.0585,-0.0018,-0.0500,0.0200,-0.0031,0.1701,0.0082,-0.0105,0.0000,0.9509,-0.4430,24.7148,-13.9137,-22.4538
80148365,-0.0002,-0.0018,-0.0089,-0.0208,0.0451,-0.0041,-0.0500,0.0500,-0.0032,0.1700,-0.0127,-0.0274,0.0000,0.9509,-0.4430,24.7148,-13.9099,-22.4555
80153364,-0.0001,-0.0020,-0.0150,-0.0290,-0.0221,-0.0039,-0.0500,0.0500,-0.0032,0.1698,-0.0150,-0.0290,0.0000,2.5336,-0.4953,24.7148,-13.8667,-22.4593
80158364,-0.0002,-0.0024,-0.0150,-0.0257,-0.0429,-0.0040,-0.0500,0.0500,-0.0033,0.1697,-0.0150,-0.0257,0.0000,2.5336,-2.1677,24.7148,-13.8565,-22.4979
80163364,-0.0002,-0.0028,-0.0174,-0.0199,0.0057,-0.0053,0.0200,0.0500,-0.0034,0.1696,-0.0174,-0.0199,0.0000,2.5336,-2.2199,24.7148,-13.8413,-22.5123
80168364,-0.0001,-0.0029,-0.0137,-0.0171,0.0225,-0.0040,0.0200,-0.0200,-0.0035,0.1695,-0.0137,-0.0171,0.0000,1.9168,-2.2199,24.7148,-13.8440,-22.5212
80173365,0.0000,-0.0030,-0.0229,-0.0134,-0.0166,-0.0052,-0.0107,-0.0200,-0.0036,0.1694,-0.0209,-0.0168,0.0000,0.2286,-2.2199,24.7148,-13.8729,-22.5345
80178364,0.0001,-0.0033,-0.0247,-0.0082,-0.0710,-0.0056,-0.0103,0.0186,-0.0038,0.1693,-0.0330,-0.0278,0.0000,0.1758,-1.1339,24.7148,-13.8731,-22.5202
80183364,-0.0001,-0.0035,-0.0263,0.0043,-0.0191,-0.0065,-0.0077,0.0150,-0.0039,0.1693,-0.0252,0.0024,0.0000,0.1231,0.0000,24.7148,-13.8731,-22.4988
80188364,-0.0002,-0.0037,-0.0238,0.0174,0.0032,-0.0068,-0.0057,0.0124,-0.0040,0.1694,-0.0228,0.0156,0.0000,0.1231,0.0000,24.7148,-13.8726,-22.4988
80193364,-0.0003,-0.0038,-0.0162,0.0305,-0.0414,-0.0054,-0.0022,0.0092,-0.0041,0.1696,-0.0224,0.0414,0.0000,-0.7271,0.0000,24.7148,-13.8894,-22.4988
80198364,-0.0005,-0.0035,-0.0131,0.0367,-0.0725,-0.0057,0.0500,0.0062,-0.0043,0.1699,-0.0314,0.0683,0.0000,-2.1255,0.0000,24.7148,-13.9236,-22.4988
80203364,-0.0007,-0.0035,-0.0150,0.0308,-0.0566,-0.0057,0.0500,0.0094,-0.0043,0.1701,-0.0150,0.0308,0.0000,-2.1255,0.0000,24.7148,-13.9363,-22.4988
80208365,-0.0007,-0.0032,-0.0131,0.0281,-0.0111,-0.0059,0.0500,0.0082,-0.0044,0.1702,-0.0131,0.0281,0.0000,-2.1255,0.0000,24.7148,-13.9448,-22.4988
80213365,-0.0008,-0.0032,0.0009,0.0473,0.0261,-0.0032,0.0500,0.0019,-0.0044,0.1705,0.0009,0.0473,0.0000,-2.1255,0.0000,24.7148,-13.9576,-22.4988
80218365,-0.0008,-0.0032,0.0067,0.0562,0.0035,-0.0007,-0.0200,-0.0500,-0.0043,0.1708,0.0167,0.0735,0.0000,-1.7078,1.1630,24.7148,-13.9574,-22.4741
80223364,-0.0008,-0.0029,0.0168,0.0644,0.0097,0.0007,-0.0200,-0.0500,-0.0042,0.1711,0.0168,0.0644,0.0000,0.2797,2.1044,24.7148,-13.9201,-22.4437
80228365,-0.0006,-0.0025,0.0095,0.0531,0.1086,-0.0014,0.0013,-0.0500,-0.0042,0.1714,0.0119,0.0490,0.0000,0.2797,2.1044,24.7148,-13.9189,-22.4353
80233364,-0.0005,-0.0021,0.0150,0.0455,0.0646,0.0012,0.0004,-0.0500,-0.0041,0.1716,0.0174,0.0413,0.0000,0.2797,2.1044,24.7148,-13.9173,-22.4227
80238364,-0.0004,-0.0019,0.0110,0.0226,0.0103,0.0017,-0.0500,0.0200,-0.0040,0.1716,0.0198,0.0074,0.0000,1.0183,0.7199,24.7148,-13.9008,-22.4440
80243365,-0.0003,-0.0017,0.0018,0.0137,0.0103,-0.0007,-0.0500,0.0200,-0.0040,0.1717,0.0018,0.0137,0.0000,2.2317,0.1661,24.7148,-13.8649,-22.4535
80248365,-0.0000,-0.0017,-0.0021,0.0107,0.0625,-0.0014,-0.0500,0.0500,-0.0040,0.1718,-0.0007,0.0132,0.0000,2.2317,0.1661,24.7148,-13.8560,-22.4528
80253364,0.0001,-0.0018,-0.0104,0.0052,0.0619,-0.0028,-0.0500,0.0500,-0.0040,0.1718,-0.0104,0.0052,0.0000,2.2317,-0.5226,24.7148,-13.8426,-22.4661
80258364,-0.0000,-0.0017,-0.0140,0.0000,0.0093,-0.0038,0.0200,0.0500,-0.0041,0.1718,-0.0140,0.0000,0.0000,2.0370,-1.9859,24.7148,-13.8377,-22.5007
80263365,-0.0002,-0.0016,-0.0205,0.0000,-0.0169,-0.0058,0.0200,0.0500,-0.0042,0.1718,-0.0205,0.0000,0.0000,1.5015,-1.9859,24.7148,-13.8378,-22.5126
80268364,-0.0001,-0.0018,-0.0144,0.0021,-0.0081,-0.0036,-0.0043,-0.0200,-0.0043,0.1718,-0.0104,-0.0047,0.0000,0.4586,-1.9859,24.7148,-13.8539,-22.5205
80273365,-0.0001,-0.0020,-0.0165,0.0031,-0.0233,-0.0044,-0.0032,-0.0200,-0.0044,0.1718,-0.0206,0.0101,0.0000,-0.4748,-1.0975,24.7148,-13.8747,-22.5138
80278364,-0.0001,-0.0021,-0.0202,0.0257,-0.0517,-0.0052,0.0020,0.0052,-0.0045,0.1720,-0.0260,0.0296,0.0000,-0.4748,-0.2090,24.7148,-13.8766,-22.4979
80283365,-0.0003,-0.0022,-0.0162,0.0345,-0.0417,-0.0052,0.0500,0.0030,-0.0046,0.1722,-0.0216,0.0393,0.0000,-0.4748,-0.1568,24.7148,-13.8794,-22.4981
80288364,-0.0004,-0.0022,-0.0156,0.0342,-0.0276,-0.0053,0.0500,0.0037,-0.0047,0.1723,-0.0169,0.0319,0.0000,-0.4748,-0.1568,24.7148,-13.8813,-22.4987
80293365,-0.0005,-0.0020,-0.0174,0.0257,-0.0206,-0.0063,0.0500,0.0049,-0.0048,0.1724,-0.0183,0.0241,0.0000,-0.4748,-0.1045,24.7148,-13.8841,-22.4984
80298365,-0.0005,-0.0018,-0.0199,0.0235,-0.0105,-0.0068,0.0500,0.0047,-0.0049,0.1726,-0.0208,0.0220,0.0000,-0.4748,-0.1045,24.7148,-13.8860,-22.4988
80303365,-0.0006,-0.0018,-0.0070,0.0357,-0.0016,-0.0029,-0.0200,-0.0500,-0.0048,0.1729,0.0101,0.0655,0.0000,-0.4748,1.9937,24.7148,-13.8889,-22.4525
80308365,-0.0008,-0.0017,-0.0003,0.0452,0.0216,-0.0035,-0.0200,-0.0500,-0.0048,0.1731,-0.0003,0.0452,0.0000,-0.4748,1.9937,24.7148,-13.8908,-22.4445
80313364,-0.0008,-0.0016,0.0116,0.0580,0.0494,-0.0012,0.0071,-0.0500,-0.0048,0.1734,0.0075,0.0651,0.0000,-0.4748,1.9937,24.7148,-13.8936,-22.4326
80318364,-0.0007,-0.0012,0.0171,0.0562,0.0585,0.0012,0.0056,-0.0500,-0.0047,0.1737,0.0226,0.0468,0.0000,0.6331,1.9937,24.7148,-13.8708,-22.4246
80323364,-0.0005,-0.0009,0.0177,0.0354,0.0213,0.0500,0.0022,0.0200,-0.0046,0.1738,0.0232,0.0260,0.0000,0.6331,0.2215,24.7148,-13.8670,-22.4526
80328364,-0.0003,-0.0007,0.0040,0.0199,0.0005,0.0500,0.0012,0.0200,-0.0045,0.1739,0.0094,0.0104,0.0000,0.6331,0.1661,24.7148,-13.8644,-22.4530
80333364,-0.0001,-0.0007,-0.0049,0.0067,0.0344,0.0500,-0.0013,0.0017,-0.0045,0.1738,0.0015,-0.0011,0.0000,0.6331,0.1108,24.7148,-13.8606,-22.4532
80338365,-0.0001,-0.0006,-0.0021,0.0015,0.0881,0.0500,-0.0500,0.0013,-0.0045,0.1738,0.0043,-0.0063,0.0000,0.6331,0.1108,24.7148,-13.8581,-22.4528
80343364,-0.0003,-0.0005,0.0015,0.0031,0.0940,-0.0200,-0.0500,0.0500,-0.0046,0.1737,-0.0156,-0.0266,1.0345,0.6331,-1.9859,24.7368,-13.8543,-22.4993
80348364,-0.0001,-0.0006,-0.0079,-0.0070,0.0640,-0.0200,-0.0500,0.0500,-0.0046,0.1736,-0.0079,-0.0070,1.5517,0.6331,-1.9859,24.7530,-13.8518,-22.5073
80353364,0.0001,-0.0007,-0.0134,-0.0031,0.0390,-0.0500,-0.0500,0.0500,-0.0049,0.1736,-0.0508,-0.0031,2.1715,0.6331,-1.9859,24.7751,-13.8480,-22.5192
80358364,0.0002,-0.0009,-0.0241,-0.0037,0.0451,-0.0500,0.0200,0.0500,-0.0050,0.1736,-0.0241,-0.0037,2.7349,0.6331,-1.9859,24.7952,-13.8454,-22.5261
80363365,0.0001,-0.0011,-0.0235,0.0082,0.0640,-0.0500,0.0200,-0.0200,-0.0051,0.1737,-0.0235,0.0082,2.7349,0.3693,-1.8406,24.8133,-13.8470,-22.5360
80368364,-0.0001,-0.0011,-0.0205,0.0379,0.0558,-0.0500,0.0500,-0.0200,-0.0052,0.1739,-0.0282,0.0512,2.7349,-0.8969,-1.5016,24.8242,-13.8739,-22.5358
80373365,-0.0004,-0.0011,-0.0269,0.0406,0.0628,0.0200,0.0500,-0.0500,-0.0053,0.1742,-0.0224,0.0484,2.6272,-0.8969,0.5226,24.8385,-13.8793,-22.4986
80378364,-0.0003,-0.0011,-0.0205,0.0376,0.0487,0.0200,0.0500,-0.0500,-0.0054,0.1743,-0.0205,0.0376,2.1425,-0.8969,0.5226,24.8384,-13.8829,-22.4965
80383365,-0.0005,-0.0010,-0.0308,0.0501,0.0081,-0.0121,0.0500,-0.0500,-0.0057,0.1746,-0.0585,0.0501,1.6040,-0.8969,0.5226,24.8388,-13.8883,-22.4934
80388365,-0.0007,-0.0010,-0.0156,0.0574,-0.0414,-0.0079,-0.0200,-0.0500,-0.0059,0.1749,-0.0376,0.0574,1.2808,-0.8969,0.5226,24.8382,-13.8918,-22.4913
80393365,-0.0009,-0.0007,0.0000,0.0577,-0.0621,-0.0023,-0.0200,0.0200,-0.0059,0.1752,0.0049,0.0577,-0.2817,-0.8969,0.5226,24.8117,-13.8972,-22.4882
80398364,-0.0008,-0.0003,0.0183,0.0693,-0.0221,0.0500,0.0140,0.0200,-0.0057,0.1756,0.0339,0.0827,-1.3522,-0.8969,0.5226,24.7862,-13.9008,-22.4861
80403365,-0.0006,0.0001,0.0318,0.0385,0.0191,0.0500,0.0060,-0.0115,-0.0056,0.1758,0.0268,0.0409,-1.3522,-0.3693,-0.2090,24.7781,-13.8953,-22.4997
80408364,-0.0004,0.0002,0.0131,0.0168,-0.0243,0.0500,0.0027,-0.0042,-0.0055,0.1758,0.0181,0.0019,-1.3522,0.7914,-0.2090,24.7727,-13.8706,-22.5006
80413364,-0.0001,0.0002,0.0073,0.0134,-0.0478,0.0500,0.0024,-0.0029,-0.0054,0.1758,0.0123,-0.0015,-1.3522,0.7914,-0.2090,24.7645,-13.8659,-22.5018
80418364,-0.0003,0.0002,0.0021,0.0220,-0.0148,-0.0200,0.0048,-0.0042,-0.0054,0.1758,0.0072,0.0071,-1.3522,0.7914,-0.2090,24.7591,-13.8627,-22.5027
80423364,-0.0002,0.0000,0.0064,0.0113,-0.0212,-0.0200,0.0002,0.0003,-0.0054,0.1757,-0.0015,-0.0260,-0.0563,0.7914,-1.7104,24.7787,-13.8580,-22.5392
80428364,-0.0001,0.0001,-0.0009,0.0098,-0.0511,-0.0011,0.0017,0.0014,-0.0055,0.1756,-0.0166,-0.0275,0.4507,0.7914,-1.7104,24.7903,-13.8548,-22.5460
80433364,0.0000,0.0003,0.0043,0.0024,-0.0691,0.0009,-0.0001,0.0019,-0.0056,0.1754,-0.0114,-0.0349,0.4507,0.7914,-1.7104,24.7931,-13.8501,-22.5563
80438364,0.0001,0.0002,-0.0345,-0.0247,-0.0276,-0.0500,-0.0500,0.0500,-0.0058,0.1751,-0.0502,-0.0620,0.4507,0.7914,-1.7104,24.7949,-13.8469,-22.5631
80443364,0.0000,-0.0001,-0.0522,-0.0290,-0.0050,-0.0500,-0.0500,0.0500,-0.0061,0.1749,-0.0522,-0.0290,0.4507,0.7914,-1.7104,24.7976,-13.8421,-22.5734
80448365,-0.0002,-0.0005,-0.0702,-0.0348,-0.0206,-0.0500,-0.0500,0.0500,-0.0064,0.1748,-0.0702,-0.0348,0.4507,0.7914,-1.4898,24.7994,-13.8390,-22.5756
80453364,-0.0007,-0.0008,-0.0748,-0.0168,-0.0246,-0.0500,-0.0500,0.0500,-0.0068,0.1747,-0.0748,-0.0168,0.4507,0.6453,-1.1036,24.8021,-13.8375,-22.5757
80458365,-0.0012,-0.0009,-0.0761,-0.0018,-0.0322,0.0200,0.0200,-0.0200,-0.0072,0.1747,-0.0761,-0.0018,0.4507,0.5480,-0.6960,24.8039,-13.8371,-22.5715
80463364,-0.0014,-0.0009,-0.0067,0.0382,-0.0093,0.0200,0.0200,-0.0200,-0.0072,0.1748,-0.0067,0.0382,0.2254,-1.2134,1.0655,24.8020,-13.8723,-22.5343
80468364,-0.0015,-0.0007,0.0147,0.0464,-0.0206,-0.0016,0.0500,-0.0500,-0.0071,0.1753,0.0212,0.0804,-0.4507,-1.2134,1.0655,24.7872,-13.8771,-22.5301
80473365,-0.0015,-0.0006,0.0254,0.0528,-0.0505,0.0014,0.0500,-0.0500,-0.0069,0.1755,0.0331,0.0528,-0.4507,-1.2134,2.2675,24.7845,-13.8844,-22.4968
80478364,-0.0012,-0.0002,0.0284,0.0559,-0.0389,0.0500,0.0500,-0.0500,-0.0068,0.1758,0.0362,0.0559,-0.4507,-1.6609,2.2675,24.7827,-13.8984,-22.4877
80483364,-0.0009,-0.0002,0.0360,0.0605,-0.0285,0.0500,0.0500,-0.0500,-0.0066,0.1761,0.0360,0.0605,-1.9084,-2.6117,2.2675,24.7480,-13.9320,-22.4741
80488364,-0.0009,-0.0001,0.0275,0.0644,-0.0594,0.0500,-0.0200,0.0200,-0.0064,0.1764,0.0275,0.0644,-1.9084,-2.5558,2.2675,24.7403,-13.9413,-22.4650
80493364,-0.0009,0.0000,0.0324,0.0556,-0.0664,0.0500,-0.0200,0.0200,-0.0063,0.1767,0.0324,0.0556,-1.9084,-1.0456,2.2121,24.7289,-13.9203,-22.4525
80498364,-0.0006,0.0004,0.0293,0.0611,-0.0475,-0.0200,0.0152,-0.0197,-0.0061,0.1772,0.0370,0.1006,-1.9084,-0.8778,1.7691,24.7213,-13.9209,-22.4534
80503364,-0.0002,0.0008,0.0312,0.0531,-0.0365,-0.0200,0.0122,-0.0181,-0.0060,0.1775,0.0280,0.0673,-1.0620,-0.6541,0.2933,24.7276,-13.9210,-22.4751
80508365,-0.0000,0.0010,0.0052,0.0229,-0.0585,0.0010,0.0086,-0.0073,-0.0060,0.1776,-0.0088,0.0177,0.0940,-0.5422,-0.8884,24.7497,-13.9211,-22.5009
80513365,0.0001,0.0010,-0.0162,0.0086,-0.0563,-0.0500,0.0065,-0.0012,-0.0061,0.1775,-0.0191,-0.0157,0.0940,0.7386,-0.8884,24.7502,-13.8969,-22.5062
80518364,-0.0001,0.0011,-0.0232,0.0113,-0.0212,-0.0500,0.0068,-0.0005,-0.0062,0.1774,-0.0150,-0.0295,0.0940,1.8465,-0.8884,24.7506,-13.8688,-22.5098
80523365,-0.0004,0.0011,-0.0223,0.0067,0.0121,-0.0500,0.0056,0.0007,-0.0062,0.1772,-0.0140,-0.0341,1.6716,1.8465,-0.8884,24.7854,-13.8578,-22.5151
80528364,-0.0005,0.0012,-0.0238,-0.0037,0.0203,-0.0500,0.0040,0.0500,-0.0063,0.1770,-0.0156,-0.0444,1.8407,1.8465,-0.8884,24.7961,-13.8504,-22.5187
80533364,-0.0004,0.0013,-0.0186,0.0006,0.0139,0.0200,0.0051,0.0500,-0.0063,0.1769,-0.0027,-0.0269,1.4463,1.8465,-0.8884,24.7991,-13.8393,-22.5240
80538365,-0.0007,0.0011,-0.0229,-0.0076,0.0136,0.0200,0.0040,0.0500,-0.0064,0.1767,-0.0091,-0.0315,0.7138,1.6031,-0.8884,24.7881,-13.8372,-22.5276
80543365,-0.0008,0.0008,-0.0269,-0.0009,0.0197,-0.0102,0.0062,0.0500,-0.0065,0.1766,-0.0262,-0.0183,0.5448,1.1650,-0.8884,24.7885,-13.8377,-22.5329
80548365,-0.0011,0.0008,-0.0223,-0.0034,0.0258,-0.0102,0.0056,-0.0200,-0.0066,0.1765,-0.0214,-0.0178,0.4321,0.9703,-0.8400,24.7882,-13.8373,-22.5355
80553365,-0.0013,0.0007,-0.0073,0.0156,0.0026,-0.0048,0.0075,-0.0200,-0.0065,0.1766,0.0208,0.0047,-1.2696,0.7269,-0.6463,24.7530,-13.8372,-22.5360
80558365,-0.0013,0.0006,-0.0043,0.0223,-0.0279,-0.0038,0.0088,-0.0500,-0.0064,0.1766,0.0263,0.0144,-1.4576,0.5808,0.0523,24.7435,-13.8375,-22.5245
80563365,-0.0012,0.0005,-0.0046,0.0318,-0.0197,-0.0035,0.0105,-0.0500,-0.0063,0.1768,0.0243,0.0253,-1.4576,0.4348,1.2543,24.7347,-13.8374,-22.4947
80568364,-0.0013,0.0007,0.0122,0.0342,-0.0071,0.0001,0.0095,-0.0500,-0.0061,0.1769,0.0402,0.0292,-1.4576,0.3374,1.2543,24.7289,-13.8378,-22.4897
80573365,-0.0014,0.0007,0.0202,0.0312,-0.0184,0.0019,0.0085,-0.0500,-0.0058,0.1770,0.0473,0.0276,-1.4576,0.2401,1.2543,24.7202,-13.8379,-22.4822
80578364,-0.0013,0.0010,0.0281,0.0281,-0.0316,0.0500,0.0078,0.0200,-0.0055,0.1772,0.0548,0.0252,-1.4576,0.1914,1.2543,24.7143,-13.8379,-22.4771
80583365,-0.0010,0.0012,0.0269,0.0171,-0.0273,0.0500,0.0065,0.0200,-0.0054,0.1772,0.0281,0.0150,-1.0833,0.1427,1.2543,24.7142,-13.8378,-22.4696
80588364,-0.0007,0.0013,0.0244,0.0134,0.0066,0.0500,0.0062,-0.0108,-0.0052,0.1774,0.0365,0.0300,-0.8693,0.1427,1.2543,24.7146,-13.8372,-22.4646
80593364,-0.0004,0.0013,0.0125,0.0018,0.0286,0.0500,0.0032,-0.0053,-0.0052,0.1774,0.0084,-0.0081,-0.6554,0.0940,-0.5749,24.7142,-13.8376,-22.4976
80598364,-0.0003,0.0014,-0.0064,-0.0070,0.0249,-0.0200,0.0038,-0.0012,-0.0052,0.1773,-0.0115,-0.0186,-0.5485,0.0940,-0.6794,24.7140,-13.8372,-22.5023
80603364,-0.0002,0.0014,-0.0211,0.0003,0.0356,-0.0200,0.0068,-0.0013,-0.0054,0.1772,-0.0265,-0.0105,0.7053,0.0453,-0.6794,24.7375,-13.8378,-22.5064
80608364,-0.0001,0.0012,-0.0324,0.0021,0.0497,-0.0500,0.0087,0.0007,-0.0057,0.1772,-0.0589,-0.0087,1.2225,0.0453,-0.6794,24.7524,-13.8376,-22.5091
80613364,-0.0003,0.0010,-0.0370,0.0110,0.0564,-0.0500,0.0100,-0.0005,-0.0059,0.1772,-0.0424,0.0002,1.3916,0.0453,-0.6794,24.7631,-13.8373,-22.5132
80618365,-0.0006,0.0010,-0.0315,0.0162,0.0347,-0.0500,0.0111,-0.0012,-0.0061,0.1772,-0.0369,0.0054,2.4621,0.0453,-0.6794,24.7931,-13.8372,-22.5159
80623364,-0.0009,0.0011,-0.0302,0.0186,0.0237,-0.0500,0.0126,-0.0015,-0.0062,0.1772,-0.0361,0.0085,2.4621,0.0000,-0.6794,24.8078,-13.8380,-22.5200
80628365,-0.0010,0.0009,-0.0244,0.0238,0.0359,0.0200,0.0125,-0.0029,-0.0064,0.1773,-0.0303,0.0137,2.4621,0.0000,-0.6794,24.8177,-13.8380,-22.5227
80633364,-0.0012,0.0011,-0.0165,0.0189,0.0353,0.0200,0.0113,-0.0029,-0.0065,0.1773,-0.0223,0.0088,2.3494,0.0000,-0.6794,24.8302,-13.8380,-22.5268
80638365,-0.0014,0.0011,-0.0089,0.0208,0.0332,-0.0095,0.0119,-0.0037,-0.0066,0.1774,-0.0241,0.0106,0.5464,0.0000,-0.6794,24.8000,-13.8380,-22.5295
80643365,-0.0016,0.0012,-0.0021,0.0174,0.0268,-0.0076,0.0106,-0.0041,-0.0067,0.1774,-0.0070,0.0073,-0.0563,0.0000,-0.6794,24.7877,-13.8380,-22.5336
80648364,-0.0016,0.0014,0.0122,0.0098,0.0381,-0.0042,0.0076,-0.0048,-0.0066,0.1774,0.0073,-0.0004,-0.0563,0.0000,-0.6794,24.7876,-13.8380,-22.5358
80653364,-0.0015,0.0015,0.0153,0.0082,0.0500,-0.0032,0.0073,-0.0060,-0.0066,0.1774,0.0121,0.0010,-0.0563,0.0000,-0.4857,24.7872,-13.8380,-22.5357
80658365,-0.0013,0.0016,0.0110,0.0034,0.0436,-0.0031,0.0067,-0.0052,-0.0065,0.1774,0.0086,-0.0024,-0.0563,0.0000,-0.3888,24.7870,-13.8380,-22.5352
80663365,-0.0010,0.0016,0.0086,0.0040,0.0417,-0.0026,0.0067,-0.0057,-0.0065,0.1774,0.0070,-0.0004,-0.0563,0.0000,-0.2919,24.7866,-13.8380,-22.5356
80668365,-0.0007,0.0015,0.0089,0.0046,0.0332,-0.0013,0.0061,-0.0061,-0.0064,0.1774,0.0077,0.0009,-0.0563,0.0000,-0.2435,24.7864,-13.8380,-22.5355
80673365,-0.0005,0.0014,0.0024,0.0082,0.0319,-0.0019,0.0070,-0.0062,-0.0064,0.1775,0.0017,0.0053,-0.0563,0.0000,-0.1951,24.7860,-13.8380,-22.5360
80678364,-0.0003,0.0013,-0.0024,0.0092,0.0344,-0.0023,0.0070,-0.0060,-0.0065,0.1775,-0.0027,0.0070,-0.0563,0.0000,-0.1466,24.7859,-13.8380,-22.5355
80683365,-0.0001,0.0014,-0.0067,0.0128,0.0292,-0.0025,0.0082,-0.0068,-0.0065,0.1775,-0.0066,0.0114,-0.0563,0.0000,-0.0982,24.7855,-13.8380,-22.5354
80688364,-0.0001,0.0016,-0.0089,0.0137,0.0249,-0.0029,0.0094,-0.0074,-0.0065,0.1776,-0.0087,0.0123,-0.0563,0.0000,-0.0982,24.7853,-13.8380,-22.5357
80693364,0.0000,0.0015,-0.0159,0.0119,0.0268,-0.0041,0.0093,-0.0062,-0.0066,0.1777,-0.0153,0.0112,-0.0563,0.0000,-0.0498,24.7849,-13.8380,-22.5352
80698364,0.0001,0.0016,-0.0147,0.0104,0.0280,-0.0035,0.0091,-0.0067,-0.0067,0.1777,-0.0141,0.0096,-0.0563,0.0000,-0.0498,24.7847,-13.8380,-22.5354
80703365,-0.0001,0.0016,-0.0144,0.0119,0.0289,-0.0044,0.0096,-0.0064,-0.0067,0.1778,-0.0138,0.0112,-0.0563,0.0000,-0.0498,24.7844,-13.8380,-22.5357
80708365,-0.0003,0.0016,-0.0116,0.0079,0.0243,-0.0044,0.0091,-0.0056,-0.0068,0.1778,-0.0111,0.0072,-0.0563,0.0000,-0.0498,24.7842,-13.8380,-22.5359
80713365,-0.0005,0.0015,-0.0098,0.0092,0.0249,-0.0047,0.0091,-0.0054,-0.0068,0.1778,-0.0088,0.0092,-0.0563,0.0000,0.0000,24.7838,-13.8380,-22.5351
80718364,-0.0005,0.0013,-0.0070,0.0104,0.0213,-0.0040,0.0084,-0.0052,-0.0069,0.1779,-0.0061,0.0104,-0.0563,0.0000,0.0000,24.7836,-13.8380,-22.5351
80723364,-0.0007,0.0012,-0.0031,0.0089,0.0179,-0.0036,0.0076,-0.0047,-0.0069,0.1779,-0.0021,0.0089,-0.0563,0.0000,0.0000,24.7832,-13.8380,-22.5351
80728364,-0.0007,0.0010,-0.0034,0.0116,0.0176,-0.0039,0.0077,-0.0045,-0.0069,0.1780,-0.0024,0.0116,-0.0563,0.0000,0.0000,24.7831,-13.8380,-22.5351
80733364,-0.0006,0.0009,-0.0027,0.0128,0.0139,-0.0032,0.0072,-0.0045,-0.0069,0.1781,-0.0018,0.0128,-0.0563,0.0000,0.0000,24.7827,-13.8380,-22.5351
80738365,-0.0007,0.0007,-0.0034,0.0116,0.0136,-0.0038,0.0067,-0.0034,-0.0069,0.1781,-0.0024,0.0116,-0.0563,0.0000,0.0000,24.7825,-13.8380,-22.5351
80743364,-0.0005,0.0007,-0.0052,0.0092,0.0109,-0.0034,0.0060,-0.0029,-0.0069,0.1782,-0.0042,0.0092,-0.0563,0.0000,0.0000,24.7821,-13.8380,-22.5351
80748364,-0.0006,0.0009,-0.0086,0.0107,0.0112,-0.0047,0.0075,-0.0032,-0.0070,0.1782,-0.0076,0.0107,-0.0563,0.0000,0.0000,24.7819,-13.8380,-22.5351
80753364,-0.0008,0.0007,-0.0073,0.0104,0.0081,-0.0049,0.0071,-0.0024,-0.0070,0.1783,-0.0064,0.0104,-0.0563,0.0000,0.0000,24.7815,-13.8380,-22.5351
80758365,-0.0009,0.0006,-0.0061,0.0113,0.0035,-0.0051,0.0069,-0.0020,-0.0070,0.1783,-0.0051,0.0113,-0.0563,0.0000,0.0000,24.7814,-13.8380,-22.5351
80763364,-0.0010,0.0004,-0.0076,0.0101,-0.0007,-0.0059,0.0065,-0.0006,-0.0071,0.1784,-0.0067,0.0101,-0.0563,0.0000,0.0000,24.7810,-13.8380,-22.5351
80768364,-0.0011,0.0002,-0.0046,0.0089,-0.0075,-0.0053,0.0053,0.0002,-0.0071,0.1784,-0.0036,0.0089,-0.0563,0.0000,0.0000,24.7807,-13.8380,-22.5351
80773364,-0.0011,-0.0000,-0.0055,0.0082,-0.0188,-0.0055,0.0048,0.0014,-0.0071,0.1785,-0.0045,0.0082,-0.0563,0.0000,0.0000,24.7805,-13.8380,-22.5351
80778364,-0.0010,-0.0002,-0.0052,0.0073,-0.0316,-0.0050,0.0039,0.0500,-0.0071,0.1785,-0.0042,0.0073,-0.0563,0.0000,0.0000,24.7801,-13.8380,-22.5351
80783364,-0.0010,-0.0005,-0.0064,0.0073,-0.0502,-0.0050,0.0034,0.0500,-0.0072,0.1785,-0.0054,0.0073,-0.0563,0.0000,0.0000,24.7799,-13.8380,-22.5351
80788365,-0.0011,-0.0007,-0.0046,0.0070,-0.0805,-0.0043,0.0028,0.0500,-0.0072,0.1786,-0.0036,0.0070,-0.0563,0.0000,0.0000,24.7796,-13.8380,-22.5351
80793365,-0.0012,-0.0009,-0.0027,0.0116,-0.0905,-0.0041,0.0033,0.0500,-0.0072,0.1786,-0.0018,0.0116,-0.0563,0.0000,0.0000,24.7793,-13.8380,-22.5351
80798364,-0.0013,-0.0010,-0.0006,0.0162,-0.1037,-0.0038,0.0040,-0.0200,-0.0072,0.1787,0.0004,0.0162,-0.0563,0.0000,0.0000,24.7790,-13.8380,-22.5351
80803365,-0.0013,-0.0012,0.0006,0.0159,-0.1244,-0.0033,0.0035,-0.0200,-0.0072,0.1788,0.0016,0.0159,-0.0563,0.0000,0.9407,24.7788,-13.8380,-22.5153
80808364,-0.0013,-0.0013,0.0018,0.0195,-0.1391,-0.0019,0.0050,0.0022,-0.0071,0.1790,0.0172,0.0445,-0.0563,0.0000,1.6724,24.7784,-13.8380,-22.4955
80813365,-0.0013,-0.0015,0.0024,0.0205,-0.1443,-0.0016,0.0046,0.0025,-0.0070,0.1792,0.0178,0.0454,-0.0563,0.0000,1.6724,24.7782,-13.8380,-22.4846
80818365,-0.0014,-0.0015,0.0031,0.0180,-0.1489,-0.0011,0.0049,0.0019,-0.0069,0.1795,0.0284,0.0603,-0.0563,0.0000,2.8353,24.7779,-13.8380,-22.4540
80823364,-0.0016,-0.0015,-0.0027,0.0073,-0.1452,-0.0033,0.0037,0.0051,-0.0067,0.1798,0.0231,0.0505,-0.0563,0.0000,2.8907,24.7777,-13.8380,-22.4341
80828364,-0.0017,-0.0015,0.0076,0.0220,-0.1177,-0.0015,0.0055,0.0006,-0.0066,0.1801,0.0335,0.0651,-0.0563,0.0000,2.8907,24.7773,-13.8380,-22.4240
80833364,-0.0017,-0.0015,0.0171,0.0510,-0.1235,0.0009,0.0104,-0.0500,-0.0064,0.1806,0.0404,0.0898,-0.0563,0.0000,2.5978,24.7771,-13.8380,-22.4113
80838364,-0.0016,-0.0014,0.0412,0.0602,-0.1205,0.0500,0.0078,-0.0500,-0.0062,0.1809,0.0422,0.0602,-0.0563,0.0000,2.5978,24.7768,-13.8380,-22.3983
80843365,-0.0013,-0.0010,0.0580,0.0562,-0.1122,0.0500,0.0057,-0.0500,-0.0059,0.1812,0.0580,0.0562,-0.0563,0.0000,2.5978,24.7765,-13.8380,-22.3879
80848365,-0.0009,-0.0006,0.0690,0.0495,-0.1312,0.0500,0.0035,-0.0500,-0.0055,0.1814,0.0690,0.0495,-0.0563,0.0000,2.4929,24.7762,-13.8380,-22.3745
80853364,-0.0003,-0.0005,0.0706,0.0449,-0.1736,0.0500,0.0020,0.0200,-0.0052,0.1816,0.0706,0.0449,-0.0563,0.0000,2.0210,24.7760,-13.8380,-22.3749
80858364,0.0001,-0.0005,0.0412,0.0223,-0.2014,-0.0200,0.0003,0.0200,-0.0050,0.1817,0.0412,0.0223,0.0000,0.0000,-0.0488,24.7768,-13.8380,-22.4113
80863365,0.0003,-0.0005,0.0000,0.0116,-0.1867,-0.0200,0.0027,0.0009,-0.0050,0.1818,-0.0004,0.0109,0.6198,0.0000,-0.0488,24.7912,-13.8380,-22.4115
80868365,0.0005,-0.0004,-0.0131,0.0098,-0.1770,-0.0001,0.0041,0.0500,-0.0051,0.1818,-0.0242,0.0090,0.6198,0.0000,-0.0488,24.7949,-13.8380,-22.4118
80873365,0.0003,-0.0003,-0.0363,-0.0046,-0.2103,-0.0500,0.0053,0.0500,-0.0054,0.1818,-0.0526,-0.0046,0.9429,0.0000,-1.5441,24.8039,-13.8380,-22.4444
80878364,0.0000,-0.0004,-0.0244,-0.0043,-0.2219,-0.0500,0.0034,0.0500,-0.0055,0.1818,-0.0244,-0.0043,2.4508,0.0000,-1.8764,24.8461,-13.8380,-22.4621
80883364,-0.0003,-0.0005,-0.0296,-0.0049,-0.1403,-0.0500,0.0032,0.0500,-0.0056,0.1818,-0.0296,-0.0049,2.4508,0.0000,-1.8764,24.8559,-13.8380,-22.4696
80888364,-0.0003,-0.0006,-0.0556,0.0079,-0.1302,-0.0500,0.0091,-0.0200,-0.0059,0.1818,-0.0556,0.0079,2.4508,0.0000,-1.8764,24.8706,-13.8380,-22.4809
80893364,-0.0005,-0.0006,-0.0739,0.0046,-0.1919,0.0200,0.0117,-0.0200,-0.0063,0.1818,-0.0739,0.0046,2.1723,0.0000,-1.8764,24.8745,-13.8380,-22.4884
80898365,-0.0009,-0.0006,-0.0458,0.0134,-0.2194,0.0200,0.0108,0.0105,-0.0065,0.1818,-0.0529,0.0011,1.6152,0.0000,-0.8241,24.8747,-13.8380,-22.4774
80903364,-0.0011,-0.0006,-0.0119,0.0223,-0.2032,-0.0061,0.0104,0.0036,-0.0067,0.1820,-0.0288,0.0297,1.2289,0.0000,0.4984,24.8728,-13.8380,-22.4509
80908364,-0.0011,-0.0006,0.0403,0.0229,-0.2029,0.0500,0.0025,-0.0500,-0.0064,0.1821,0.0539,0.0303,-0.5385,0.0000,0.4984,24.8378,-13.8380,-22.4479
80913364,-0.0006,-0.0006,0.0605,0.0354,-0.2203,0.0500,0.0019,-0.0500,-0.0061,0.1823,0.0605,0.0354,-0.5385,0.0000,0.4984,24.8356,-13.8380,-22.4459
80918364,-0.0001,-0.0005,0.0580,0.0476,-0.2469,0.0500,0.0048,-0.0500,-0.0058,0.1826,0.0580,0.0476,-0.5385,0.0000,0.4984,24.8324,-13.8380,-22.4429
80923364,0.0004,-0.0002,0.0504,0.0489,-0.2741,0.0500,0.0062,-0.0500,-0.0056,0.1828,0.0504,0.0489,-0.5385,0.0000,0.4984,24.8302,-13.8380,-22.4409
80928365,0.0005,0.0000,0.0583,0.0531,-0.2319,-0.0200,0.0062,0.0200,-0.0053,0.1831,0.0583,0.0531,-0.5385,0.0000,0.4984,24.8270,-13.8380,-22.4379
80933364,0.0008,0.0001,0.0770,0.0470,-0.2530,-0.0200,0.0026,0.0200,-0.0049,0.1833,0.0770,0.0470,-0.5385,0.0000,0.4984,24.8249,-13.8380,-22.4360
80938364,0.0015,0.0004,0.0925,0.0632,-0.2448,0.0316,0.0036,-0.0258,-0.0045,0.1836,0.0836,0.0574,0.3231,0.0000,-0.3877,24.8401,-13.8380,-22.4532
80943365,0.0019,0.0006,0.0379,0.0583,-0.1867,0.0188,0.0087,-0.0204,-0.0043,0.1838,0.0290,0.0526,0.3231,0.0000,-0.3877,24.8414,-13.8380,-22.4547
80948365,0.0021,0.0009,-0.0064,0.0437,-0.1431,0.0079,0.0109,-0.0133,-0.0044,0.1840,-0.0153,0.0379,0.3231,0.0000,-0.3877,24.8433,-13.8380,-22.4571
80953365,0.0020,0.0011,-0.0516,0.0409,-0.1177,-0.0500,0.0166,-0.0081,-0.0047,0.1842,-0.0605,0.0351,0.3231,0.0000,-0.3877,24.8446,-13.8380,-22.4586
80958364,0.0016,0.0012,-0.0538,0.0367,-0.1040,-0.0500,0.0169,-0.0069,-0.0050,0.1844,-0.0571,0.0309,0.3231,0.0000,-0.3877,24.8466,-13.8380,-22.4609
80963364,0.0012,0.0013,-0.0415,0.0327,-0.1269,-0.0500,0.0151,-0.0053,-0.0053,0.1844,-0.0552,0.0090,0.3231,0.0000,-1.5897,24.8478,-13.8380,-22.4882
80968365,0.0011,0.0013,-0.0070,0.0385,-0.1727,-0.0500,0.0125,-0.0093,-0.0054,0.1845,-0.0248,0.0078,0.3231,0.0000,-2.0600,24.8498,-13.8380,-22.5096
80973364,0.0012,0.0014,0.0131,-0.0092,-0.2310,0.0200,0.0004,-0.0013,-0.0054,0.1843,-0.0046,-0.0399,0.1077,0.0000,-2.0600,24.8467,-13.8380,-22.5179
80978364,0.0013,0.0014,-0.0168,-0.0269,-0.2689,0.0200,0.0004,0.0500,-0.0056,0.1840,-0.0341,-0.0583,-0.2693,0.0487,-2.0600,24.8378,-13.8368,-22.5302
80983364,0.0011,0.0011,-0.0165,-0.0263,-0.3269,0.0500,0.0018,0.0500,-0.0056,0.1838,-0.0114,-0.0270,-0.2693,0.0487,-1.9147,24.8367,-13.8366,-22.5355
80988365,0.0010,0.0009,0.0079,0.0009,-0.3022,0.0500,0.0040,0.0500,-0.0056,0.1838,0.0084,0.0002,-0.3256,0.0487,-1.4304,24.8339,-13.8363,-22.5358
80993365,0.0011,0.0008,0.0522,0.0137,-0.1794,0.0500,-0.0007,0.0500,-0.0053,0.1839,0.0526,0.0130,-2.1286,0.0487,-1.1398,24.7931,-13.8361,-22.5351
80998365,0.0014,0.0011,0.0806,0.0348,-0.0957,0.0500,-0.0004,-0.0200,-0.0049,0.1841,0.0811,0.0341,-2.2976,0.0487,-0.8492,24.7760,-13.8358,-22.5353
81003365,0.0021,0.0013,0.0953,0.0192,-0.1040,-0.0200,-0.0500,-0.0200,-0.0045,0.1842,0.0957,0.0185,-2.2976,0.0487,-0.7039,24.7668,-13.8356,-22.5356
81008365,0.0026,0.0013,0.0654,0.0092,-0.1648,-0.0200,-0.0500,-0.0500,-0.0041,0.1842,0.0663,0.0107,-1.3961,0.0487,0.1045,24.7719,-13.8353,-22.5222
81013364,0.0030,0.0012,0.0440,0.0180,-0.1932,0.0262,-0.0500,-0.0500,-0.0039,0.1843,0.0506,0.0180,-0.3820,0.0487,1.2020,24.7894,-13.8351,-22.4970
81018364,0.0032,0.0014,0.0302,0.0901,-0.1024,0.0219,-0.0500,-0.0500,-0.0037,0.1848,0.0349,0.0901,-0.2693,0.0487,1.2020,24.7897,-13.8348,-22.4898
81023365,0.0033,0.0017,0.0431,0.1139,-0.1287,0.0261,0.0200,-0.0500,-0.0035,0.1853,0.0467,0.1139,-0.2129,-0.0974,1.2020,24.7898,-13.8379,-22.4850
81028364,0.0037,0.0021,0.0382,0.1151,-0.1809,0.0270,0.0200,0.0200,-0.0033,0.1859,0.0409,0.1152,-0.1566,-0.0974,1.2020,24.7898,-13.8385,-22.4778
81033364,0.0040,0.0027,0.0327,0.0956,-0.1809,0.0266,0.0500,0.0200,-0.0031,0.1864,0.0313,0.1026,-0.1566,-0.4667,1.2020,24.7892,-13.8464,-22.4729
81038365,0.0042,0.0031,0.0202,0.0626,-0.1519,0.0210,0.0500,-0.0319,-0.0032,0.1867,-0.0173,0.0602,2.1003,-1.6273,-0.1568,24.8406,-13.8777,-22.4950
81043364,0.0043,0.0031,0.0009,0.0492,-0.1379,0.0161,0.0500,-0.0265,-0.0034,0.1869,-0.0384,0.0437,2.1003,-1.6273,-0.3658,24.8490,-13.8842,-22.5006
81048364,0.0043,0.0032,-0.0113,0.0733,-0.1880,0.0138,0.0500,-0.0300,-0.0036,0.1873,-0.0506,0.0678,2.1003,-1.6273,-0.3658,24.8616,-13.8940,-22.5028
81053365,0.0043,0.0034,-0.0312,0.0974,-0.2359,0.0093,-0.0200,-0.0330,-0.0040,0.1877,-0.0704,0.0919,2.1003,-1.6273,-0.3658,24.8700,-13.9005,-22.5043
81058364,0.0042,0.0041,-0.0498,0.1234,-0.1794,0.0042,-0.0200,-0.0394,-0.0044,0.1883,-0.0827,0.1179,1.7289,-1.6273,-0.3658,24.8745,-13.9103,-22.5065
81063364,0.0040,0.0048,-0.0669,0.1200,-0.1018,-0.0500,0.0470,-0.0398,-0.0050,0.1889,-0.1154,0.1266,1.4039,-1.6273,-1.1892,24.8743,-13.9168,-22.5252
81068365,0.0037,0.0051,-0.0510,0.0302,-0.1965,-0.0500,0.0266,-0.0214,-0.0054,0.1891,-0.0771,0.0254,1.0325,-1.3477,-1.6735,24.8743,-13.9205,-22.5446
81073364,0.0035,0.0051,-0.0333,-0.0192,-0.2823,-0.0500,0.0137,-0.0107,-0.0056,0.1889,-0.0493,-0.0415,0.8468,-0.1806,-1.6735,24.8744,-13.9010,-22.5513
81078365,0.0035,0.0049,-0.0296,-0.0483,-0.2842,-0.0500,0.0039,-0.0030,-0.0058,0.1884,-0.0346,-0.0929,0.6147,1.2134,-1.7838,24.8742,-13.8686,-22.5636
81083365,0.0035,0.0045,-0.0397,-0.0412,-0.2402,0.0200,0.0044,-0.0018,-0.0060,0.1879,-0.0494,-0.0941,0.5219,1.2134,-2.3355,24.8747,-13.8637,-22.5836
81088364,0.0035,0.0041,-0.0486,-0.0315,-0.2258,0.0200,0.0063,-0.0016,-0.0063,0.1875,-0.0583,-0.0844,-1.2386,1.2134,-2.3355,24.8369,-13.8564,-22.5976
81093364,0.0032,0.0040,-0.0254,-0.0296,-0.1990,0.0500,0.0027,-0.0050,-0.0064,0.1871,-0.0137,-0.0825,-1.2386,1.2134,-2.3355,24.8320,-13.8516,-22.6069
81098365,0.0032,0.0038,0.0217,-0.0409,-0.1702,0.0500,-0.0500,-0.0074,-0.0063,0.1866,0.0120,-0.0938,-1.5204,1.2134,-2.3355,24.8188,-13.8443,-22.6209
81103365,0.0034,0.0034,0.0819,-0.0706,-0.1250,0.0500,-0.0500,-0.0095,-0.0060,0.1861,0.0644,-0.1006,-2.7599,1.2134,-2.0209,24.7848,-13.8395,-22.6236
81108364,0.0040,0.0028,0.0886,-0.0724,-0.0988,0.0500,-0.0500,-0.0100,-0.0056,0.1857,0.0757,-0.0947,-2.7599,0.9700,-1.4965,24.7682,-13.8376,-22.6236
81113364,0.0045,0.0026,0.0727,-0.0211,-0.1913,-0.0200,-0.0500,-0.0185,-0.0053,0.1855,0.0620,-0.0394,-2.7599,0.7753,-1.2343,24.7572,-13.8379,-22.6239
81118364,0.0049,0.0025,0.0437,0.0241,-0.1583,-0.0200,0.0200,-0.0259,-0.0051,0.1855,0.0357,0.0104,-2.3367,0.5806,-0.9197,24.7498,-13.8377,-22.6240
81123364,0.0051,0.0024,0.0525,0.0290,-0.1568,0.0365,0.0200,-0.0291,-0.0048,0.1856,0.0645,0.0177,-1.0781,-0.7914,-0.7624,24.7673,-13.8649,-22.6241
81128364,0.0053,0.0025,0.0733,0.0516,-0.1773,0.0407,0.0500,-0.0375,-0.0045,0.1859,0.0566,0.0607,0.1127,-1.1607,-0.5526,24.7900,-13.8791,-22.6238
81133364,0.0058,0.0027,0.0916,0.0825,-0.1901,0.0481,0.0500,-0.0472,-0.0041,0.1863,0.0858,0.0758,0.1127,-1.1607,-0.4477,24.7905,-13.8837,-22.6237
81138364,0.0064,0.0030,0.0764,0.0968,-0.1751,0.0466,0.0500,-0.0511,-0.0037,0.1867,0.0715,0.0917,0.1127,-2.6149,-0.3429,24.7912,-13.9222,-22.6239
81143365,0.0068,0.0035,0.0531,0.1237,-0.1437,0.0422,0.0500,-0.0570,-0.0035,0.1873,0.0482,0.1186,0.1127,-2.6149,-0.3429,24.7916,-13.9327,-22.6253
81148365,0.0072,0.0041,0.0202,0.1381,-0.1354,0.0352,-0.0200,-0.0589,-0.0034,0.1880,0.0153,0.1330,0.1127,-2.6149,-0.3429,24.7923,-13.9484,-22.6274
81153364,0.0073,0.0049,-0.0064,0.1393,-0.1544,0.0292,-0.0200,-0.0586,-0.0035,0.1887,-0.0113,0.1342,0.1127,-1.2725,-0.3429,24.7928,-13.9301,-22.6287
81158365,0.0072,0.0053,-0.0397,0.0623,-0.1971,0.0171,0.0261,-0.0356,-0.0040,0.1889,-0.0972,0.0451,2.1591,-0.6013,-1.7587,24.8411,-13.9211,-22.6641
81163365,0.0069,0.0055,-0.0770,0.0257,-0.1498,0.0061,0.0234,-0.0238,-0.0046,0.1889,-0.1335,0.0067,2.1591,-0.4895,-1.7587,24.8498,-13.9210,-22.6711
81168364,0.0066,0.0055,-0.1161,0.0058,-0.1528,-0.0500,0.0239,-0.0125,-0.0055,0.1888,-0.1779,-0.0255,2.1591,-0.3776,-2.4787,24.8627,-13.9213,-22.6966
81173364,0.0060,0.0053,-0.1582,-0.0098,-0.1812,-0.0500,0.0251,-0.0029,-0.0064,0.1886,-0.1838,-0.0460,2.1591,-0.2657,-2.7002,24.8714,-13.9203,-22.7117
81178365,0.0052,0.0053,-0.1741,-0.0235,-0.1159,-0.0500,0.0248,0.0500,-0.0074,0.1883,-0.1992,-0.0606,1.7413,-0.2098,-2.7002,24.8750,-13.9207,-22.7279
81183365,0.0043,0.0052,-0.1781,-0.0449,-0.0630,-0.0500,0.0232,0.0500,-0.0083,0.1881,-0.1794,-0.0426,1.4163,-0.1539,-2.7002,24.8747,-13.9204,-22.7387
81188365,0.0034,0.0048,-0.1591,-0.0953,-0.0954,0.0200,0.0079,0.0500,-0.0091,0.1874,-0.1427,-0.1237,1.0449,1.8993,-2.3866,24.8747,-13.8753,-22.7483
81193365,0.0025,0.0042,-0.1448,-0.1353,-0.1736,0.0200,-0.0500,0.0500,-0.0097,0.1866,-0.1270,-0.1660,0.8592,2.0575,-1.9685,24.8747,-13.8639,-22.7486
81198365,0.0019,0.0034,-0.0941,-0.1466,-0.2115,-0.0121,-0.0500,-0.0200,-0.0101,0.1859,-0.0774,-0.1466,-0.9694,2.0575,-1.4459,24.8383,-13.8516,-22.7484
81203365,0.0015,0.0026,-0.0464,-0.1261,-0.0203,-0.0041,-0.0500,-0.0200,-0.0102,0.1852,-0.0297,-0.1261,-0.9694,2.0575,-1.1846,24.8344,-13.8434,-22.7484
81208365,0.0016,0.0021,0.0275,-0.0492,-0.0533,0.0500,-0.0500,-0.0500,-0.0100,0.1850,0.0434,-0.0505,-0.9694,1.7655,-0.0895,24.8286,-13.8373,-22.7319
81213365,0.0018,0.0018,0.0403,-0.0003,-0.1125,0.0500,0.0200,-0.0500,-0.0098,0.1850,0.0403,-0.0003,-1.2511,0.3492,1.2737,24.8190,-13.8609,-22.7014
81218364,0.0023,0.0018,0.0577,0.0315,-0.1382,0.0500,0.0200,-0.0500,-0.0095,0.1851,0.0577,0.0315,-2.4906,-0.2110,1.2737,24.7810,-13.8734,-22.6938
81223364,0.0026,0.0019,0.1002,0.0373,-0.1660,0.0500,-0.0007,-0.0500,-0.0090,0.1853,0.0984,0.0404,-2.4906,-0.2110,1.2737,24.7711,-13.8742,-22.6887
81228364,0.0031,0.0021,0.1292,0.0531,-0.1342,-0.0200,0.0001,0.0200,-0.0084,0.1857,0.1158,0.0763,-2.4906,-1.5534,1.2737,24.7561,-13.9042,-22.6810
81233365,0.0037,0.0021,0.1338,0.0684,-0.1290,-0.0200,0.0500,0.0200,-0.0079,0.1862,0.1141,0.1025,-1.7018,-2.2806,1.2737,24.7626,-13.9273,-22.6759
81238364,0.0046,0.0025,0.1411,0.1035,-0.2274,0.0570,0.0500,-0.0551,-0.0072,0.1867,0.1428,0.1011,-0.1806,-2.2806,-0.1661,24.7893,-13.9410,-22.7033
81243364,0.0054,0.0030,0.1225,0.1426,-0.2301,0.0555,0.0500,-0.0647,-0.0065,0.1874,0.1232,0.1402,-0.1242,-2.2806,-0.1661,24.7898,-13.9501,-22.7040
81248365,0.0060,0.0037,0.0825,0.1802,-0.1623,0.0470,0.0500,-0.0724,-0.0061,0.1883,0.0832,0.1777,-0.1242,-2.1351,-0.1661,24.7890,-13.9608,-22.7049
81253364,0.0063,0.0045,0.0794,0.1927,-0.1208,0.0467,-0.0200,-0.0785,-0.0057,0.1893,0.0791,0.1903,-0.0679,-1.7473,-0.1661,24.7899,-13.9609,-22.7056
81258364,0.0065,0.0056,0.0684,0.2007,-0.0563,0.0435,-0.0200,-0.0829,-0.0054,0.1902,0.0627,0.1889,-0.0679,-1.3109,-0.7933,24.7894,-13.9613,-22.7196
81263364,0.0070,0.0065,0.0608,0.2001,-0.0927,0.0413,0.0462,-0.0839,-0.0053,0.1912,0.0172,0.1856,0.9694,-1.0685,-2.0475,24.8108,-13.9612,-22.7509
81268365,0.0073,0.0073,0.0089,0.1643,-0.1376,0.0289,0.0451,-0.0687,-0.0056,0.1917,-0.0472,0.1013,2.2080,1.0627,-3.1615,24.8470,-13.9205,-22.7874
81273365,0.0072,0.0081,-0.0208,0.1292,-0.1559,0.0216,0.0441,-0.0597,-0.0060,0.1920,-0.0769,0.0662,2.2080,1.0627,-3.1615,24.8558,-13.9162,-22.8001
81278365,0.0070,0.0086,-0.0724,0.0803,-0.2023,0.0074,0.0424,-0.0420,-0.0066,0.1920,-0.1366,0.0034,2.2080,1.0627,-4.0993,24.8691,-13.9098,-22.8422
81283364,0.0066,0.0088,-0.0797,0.0229,-0.2542,0.0048,0.0325,-0.0276,-0.0074,0.1917,-0.1456,-0.0610,2.0687,1.0627,-4.5712,24.8750,-13.9056,-22.8683
81288365,0.0062,0.0088,-0.0944,-0.0333,-0.2219,-0.0008,0.0216,-0.0124,-0.0082,0.1911,-0.1580,-0.1283,1.5581,1.0627,-5.3181,24.8755,-13.8992,-22.9124
81293364,0.0058,0.0085,-0.1103,-0.0858,-0.1101,-0.0500,0.0094,0.0500,-0.0090,0.1901,-0.1661,-0.1943,1.5581,1.9596,-5.3181,24.8817,-13.8761,-22.9337
81298364,0.0052,0.0076,-0.1240,-0.2077,-0.0606,-0.0500,-0.0500,0.0500,-0.0095,0.1889,-0.1057,-0.2393,1.5581,2.1179,-5.6503,24.8910,-13.8603,-22.9735
81303365,0.0046,0.0065,-0.1240,-0.2529,-0.1571,-0.0500,-0.0500,0.0500,-0.0101,0.1876,-0.1240,-0.2529,1.5581,2.1179,-5.6503,24.8973,-13.8518,-22.9961
81308364,0.0039,0.0050,-0.1191,-0.3002,-0.2142,-0.0500,-0.0500,0.0500,-0.0107,0.1861,-0.1191,-0.3002,0.1189,2.1179,-4.3438,24.8749,-13.8391,-23.0000
81313365,0.0033,0.0034,-0.1026,-0.3311,-0.1553,0.0200,-0.0500,-0.0200,-0.0112,0.1845,-0.1026,-0.3311,0.0725,1.7771,-4.3438,24.8744,-13.8380,-23.0173
81318364,0.0028,0.0016,-0.0736,-0.3332,-0.0765,0.0200,0.0200,-0.0200,-0.0116,0.1828,-0.0736,-0.3332,0.0725,1.3390,-3.9563,24.8748,-13.8374,-23.0353
81323365,0.0025,-0.0001,-0.0415,-0.2987,-0.0927,0.0009,0.0200,0.0695,-0.0118,0.1811,-0.0405,-0.3402,-1.4541,1.0956,-2.7888,24.8423,-13.8374,-23.0260
81328365,0.0024,-0.0014,-0.0183,-0.2156,-0.1870,0.0500,-0.0528,0.0514,-0.0118,0.1800,-0.0046,-0.2181,-1.6156,-0.7386,-0.9074,24.8295,-13.8716,-22.9982
81333365,0.0024,-0.0025,-0.0089,-0.1588,-0.2231,0.0500,-0.0435,0.0429,-0.0119,0.1792,-0.0221,-0.1582,-1.6156,-0.7914,-0.7506,24.8230,-13.8758,-22.9984
81338365,0.0024,-0.0032,0.0021,-0.0889,-0.1211,0.0500,-0.0333,0.0271,-0.0120,0.1788,-0.0093,-0.0851,-1.6156,-0.7914,-0.5415,24.8133,-13.8805,-22.9982
81343364,0.0024,-0.0037,0.0073,-0.0480,-0.0930,0.0500,-0.0270,0.0188,-0.0120,0.1786,-0.0032,-0.0427,-2.5735,-0.7914,-0.4370,24.7856,-13.8837,-22.9981
81348364,0.0025,-0.0037,0.0315,-0.0165,-0.1724,-0.0200,-0.0202,0.0086,-0.0120,0.1787,0.0084,0.0137,-1.6720,-2.3575,-0.3325,24.7896,-13.9226,-22.9983
81353365,0.0027,-0.0037,0.0544,0.0373,-0.1776,-0.0200,-0.0118,-0.0500,-0.0118,0.1790,0.0317,0.0683,-1.3902,-2.3575,-0.2802,24.7892,-13.9320,-22.9985
81358365,0.0031,-0.0034,0.0852,0.1118,-0.1006,0.0348,-0.0008,-0.0500,-0.0114,0.1797,0.0821,0.1470,-0.9958,-2.3575,-0.2280,24.7899,-13.9462,-22.9989
81363365,0.0035,-0.0026,0.0846,0.2260,-0.0389,0.0351,0.0500,-0.0500,-0.0110,0.1811,0.0744,0.2685,-0.8268,-2.8423,-0.1757,24.7896,-13.9663,-22.9986
81368364,0.0041,-0.0014,0.0849,0.2853,-0.1024,0.0398,0.0500,-0.0500,-0.0105,0.1825,0.0953,0.2853,-0.6014,-2.8423,-0.1235,24.7898,-13.9833,-22.9984
81373365,0.0046,0.0004,0.0825,0.3296,-0.2234,0.0411,0.0500,0.0200,-0.0102,0.1842,0.0723,0.3295,0.5924,-2.8423,-0.1235,24.8126,-13.9947,-22.9989
81378365,0.0051,0.0022,0.0892,0.3409,-0.2549,0.0440,0.0500,0.0200,-0.0099,0.1859,0.0586,0.3408,1.7772,-2.2226,-0.0712,24.8453,-13.9980,-22.9983
81383364,0.0055,0.0037,0.1023,0.3228,-0.1834,0.0477,-0.0200,-0.1035,-0.0095,0.1875,0.0707,0.3209,1.7772,-1.8612,-0.1235,24.8524,-13.9989,-22.9997
81388365,0.0060,0.0053,0.0675,0.2938,0.0381,0.0382,-0.0200,-0.1020,-0.0094,0.1889,0.0359,0.2919,1.7772,-0.5786,-0.1235,24.8631,-13.9819,-23.0004
81393364,0.0063,0.0067,0.0217,0.2642,0.0038,0.0280,0.0661,-0.0942,-0.0094,0.1902,-0.0129,0.2550,2.1950,0.4848,-0.1235,24.8796,-13.9602,-23.0009
81398364,0.0065,0.0080,0.0067,0.2419,-0.0151,0.0243,0.0663,-0.0900,-0.0096,0.1912,-0.0417,0.2090,2.1950,0.4848,-1.7217,24.8928,-13.9572,-23.0370
81403364,0.0063,0.0089,-0.0165,0.2205,-0.0056,0.0170,0.0683,-0.0850,-0.0100,0.1922,-0.0715,0.1876,2.5826,0.4848,-1.7217,24.9095,-13.9553,-23.0439
81408365,0.0063,0.0099,-0.0278,0.1713,-0.0050,0.0145,0.0603,-0.0747,-0.0104,0.1927,-0.0759,0.1101,2.7488,1.9950,-2.1079,24.9293,-13.9160,-23.0621
81413365,0.0062,0.0106,-0.0406,0.1216,-0.0334,0.0110,0.0537,-0.0634,-0.0108,0.1930,-0.0940,0.0513,2.7488,1.9950,-2.7147,24.9403,-13.9080,-23.0847
81418365,0.0060,0.0110,-0.0724,0.0660,-0.1385,0.0043,0.0474,-0.0463,-0.0114,0.1929,-0.1180,-0.0193,2.8022,2.9974,-2.7147,24.9578,-13.8748,-23.1009
81423364,0.0057,0.0112,-0.1087,0.0275,-0.2326,-0.0500,0.0457,-0.0309,-0.0123,0.1925,-0.1644,-0.0719,3.0162,3.1029,-3.5537,24.9741,-13.8603,-23.1306
81428364,0.0050,0.0112,-0.1408,-0.0235,-0.1440,-0.0500,0.0355,-0.0164,-0.0130,0.1918,-0.1443,-0.1424,3.0162,3.7844,-4.1884,24.9922,-13.8256,-23.1660
81433365,0.0042,0.0110,-0.1429,-0.0681,0.0051,-0.0500,0.0246,-0.0057,-0.0137,0.1909,-0.1441,-0.1911,2.7340,4.0595,-4.1884,24.9984,-13.8049,-23.1827
81438364,0.0037,0.0100,-0.0983,-0.2107,0.0344,-0.0500,-0.0500,0.0500,-0.0142,0.1891,-0.0990,-0.3444,2.0287,4.4446,-4.5207,24.9985,-13.7707,-23.2156
81443364,0.0032,0.0086,-0.0822,-0.3030,-0.0698,0.0200,-0.0500,0.0500,-0.0146,0.1876,-0.0822,-0.3030,1.6526,4.7028,-4.5207,24.9984,-13.7476,-23.2337
81448364,0.0029,0.0068,-0.0461,-0.3824,-0.0786,0.0200,-0.0500,0.0500,-0.0148,0.1857,-0.0461,-0.3824,0.2943,4.7028,-3.9458,24.9787,-13.7194,-23.2485
81453364,0.0025,0.0046,-0.0489,-0.4313,0.0310,-0.0020,-0.0500,0.0500,-0.0150,0.1836,-0.0415,-0.4313,-0.4279,4.1695,-3.2142,24.9627,-13.7119,-23.2482
81458364,0.0024,0.0021,-0.0235,-0.4374,0.0827,0.0500,0.0200,-0.0200,-0.0151,0.1814,-0.0162,-0.4374,-0.4279,3.0544,-2.3780,24.9601,-13.7126,-23.2482
81463364,0.0023,-0.0001,-0.0095,-0.3910,0.0347,0.0500,0.0200,-0.0200,-0.0152,0.1794,-0.0095,-0.3910,-0.4279,2.5212,-1.9599,24.9584,-13.7121,-23.2486
81468365,0.0024,-0.0019,-0.0037,-0.3097,-0.0334,0.0500,-0.0809,0.0725,-0.0152,0.1777,0.0037,-0.3519,-0.4279,1.8424,-0.9880,24.9559,-13.7126,-23.2390
81473365,0.0026,-0.0031,0.0412,-0.2010,-0.0960,0.0500,-0.0653,0.0454,-0.0148,0.1766,0.0608,-0.2119,-0.4279,1.5031,0.7753,24.9542,-13.7126,-23.2041
81478364,0.0028,-0.0040,0.0593,-0.1362,-0.0783,-0.0200,-0.0568,0.0311,-0.0145,0.1759,0.0764,-0.1397,-0.4279,1.1152,0.8861,24.9516,-13.7124,-23.1966
81483364,0.0030,-0.0045,0.0687,-0.0565,-0.0184,-0.0200,-0.0430,0.0128,-0.0140,0.1756,0.0842,-0.0571,-0.4279,0.9213,0.8861,24.9499,-13.7122,-23.1931
81488364,0.0036,-0.0046,0.0589,-0.0202,-0.0352,0.0310,-0.0347,0.0050,-0.0137,0.1755,0.0775,-0.0132,-0.4279,0.4207,0.8861,24.9473,-13.7175,-23.1877
81493364,0.0039,-0.0046,0.0486,0.0415,-0.0178,0.0278,-0.0186,-0.0500,-0.0134,0.1759,0.0473,0.0717,-0.0535,-1.1360,0.8861,24.9532,-13.7500,-23.1842
81498364,0.0041,-0.0044,0.0504,0.1042,-0.0090,0.0279,-0.0052,-0.0500,-0.0133,0.1765,0.0323,0.1211,0.4813,-1.1360,1.8625,24.9664,-13.7568,-23.1562
81503364,0.0044,-0.0037,0.0599,0.1924,0.0081,0.0311,0.0500,-0.0500,-0.0130,0.1776,0.0418,0.2094,0.4813,-1.1360,1.8625,24.9684,-13.7614,-23.1488
81508365,0.0049,-0.0025,0.0666,0.2724,0.0017,0.0357,0.0500,-0.0500,-0.0128,0.1789,0.0583,0.2724,0.4813,-1.1360,1.8625,24.9713,-13.7682,-23.1376
81513365,0.0055,-0.0009,0.0846,0.3173,-0.0688,0.0428,0.0500,0.0200,-0.0124,0.1805,0.0658,0.3173,1.0926,-1.1360,1.4720,24.9859,-13.7727,-23.1381
81518365,0.0059,0.0009,0.0678,0.3381,-0.1015,0.0399,0.0500,0.0200,-0.0122,0.1822,0.0393,0.3381,1.6569,-1.1360,0.1537,25.0066,-13.7795,-23.1612
81523365,0.0062,0.0026,0.0275,0.3213,-0.0432,0.0304,-0.0200,-0.0935,-0.0122,0.1838,0.0003,0.3235,1.6569,-1.1360,0.1537,25.0133,-13.7841,-23.1606
81528365,0.0063,0.0042,-0.0092,0.2892,0.1685,0.0168,-0.0200,-0.0878,-0.0126,0.1852,-0.0641,0.2702,2.5584,-1.1360,-1.2737,25.0437,-13.7909,-23.1906
81533365,0.0062,0.0056,-0.0489,0.2602,0.1917,0.0049,0.0693,-0.0815,-0.0131,0.1864,-0.1175,0.2499,2.5584,-1.0810,-1.7722,25.0539,-13.7943,-23.2073
81538365,0.0059,0.0069,-0.0406,0.2376,0.0869,0.0085,0.0667,-0.0786,-0.0136,0.1874,-0.0896,0.1934,2.5584,1.1876,-1.7722,25.0692,-13.7483,-23.2180
81543364,0.0056,0.0078,-0.0351,0.1674,-0.0035,0.0094,0.0561,-0.0653,-0.0141,0.1880,-0.0934,0.1232,3.0969,1.1876,-1.7722,25.0908,-13.7436,-23.2251
81548364,0.0056,0.0086,-0.0278,0.1335,-0.0246,0.0111,0.0510,-0.0612,-0.0145,0.1884,-0.0860,0.0893,3.0969,1.1876,-1.7722,25.1094,-13.7364,-23.2357
81553365,0.0055,0.0091,-0.0263,0.0638,-0.0472,0.0122,0.0362,-0.0465,-0.0149,0.1885,-0.0788,0.0020,3.0969,2.1088,-2.0335,25.1218,-13.7122,-23.2481
81558365,0.0054,0.0092,-0.0342,0.0040,-0.1354,0.0119,0.0254,-0.0321,-0.0153,0.1882,-0.0748,-0.0594,2.4005,2.1572,-2.0857,25.1246,-13.6983,-23.2616
81563364,0.0054,0.0091,-0.0641,-0.0174,-0.2344,0.0061,0.0239,-0.0210,-0.0157,0.1877,-0.0945,-0.0972,2.2612,3.1640,-2.1826,25.1310,-13.6675,-23.2719
81568364,0.0052,0.0088,-0.0831,-0.0284,-0.1739,-0.0005,0.0223,-0.0151,-0.0163,0.1871,-0.1180,-0.1162,2.2612,3.1640,-2.7153,25.1445,-13.6485,-23.2985
81573364,0.0048,0.0087,-0.0757,-0.0415,0.0176,-0.0500,0.0156,-0.0140,-0.0168,0.1864,-0.1043,-0.1403,2.2612,3.9026,-2.7153,25.1536,-13.6200,-23.3093
81578364,0.0045,0.0082,-0.0535,-0.1347,0.0362,-0.0500,-0.0500,0.0500,-0.0171,0.1852,-0.0441,-0.2351,2.0397,3.9026,-2.8257,25.1626,-13.5966,-23.3279
81583364,0.0042,0.0073,-0.0501,-0.2065,-0.0643,-0.0500,-0.0500,0.0500,-0.0173,0.1842,-0.0501,-0.2065,1.7075,3.9513,-2.8257,25.1634,-13.5799,-23.3392
81588364,0.0039,0.0060,-0.0232,-0.2492,-0.0801,-0.0500,-0.0500,0.0500,-0.0174,0.1829,-0.0232,-0.2492,1.2645,3.9513,-2.8257,25.1633,-13.5562,-23.3561
81593365,0.0039,0.0044,0.0027,-0.2639,0.0182,0.0200,-0.0500,0.0500,-0.0174,0.1816,0.0027,-0.2639,-0.0464,3.7313,-2.8257,25.1399,-13.5449,-23.3674
81598364,0.0039,0.0030,0.0257,-0.2416,0.1062,0.0200,0.0200,-0.0200,-0.0173,0.1804,0.0257,-0.2416,-0.7892,2.7410,-0.9501,25.1211,-13.5453,-23.3430
81603365,0.0041,0.0017,0.0409,-0.1991,0.0814,0.0500,0.0200,-0.0200,-0.0170,0.1794,0.0545,-0.1991,-0.7892,2.2459,0.0000,25.1180,-13.5452,-23.3253
81608364,0.0045,0.0009,0.0596,-0.1210,0.0103,0.0500,-0.0419,0.0072,-0.0166,0.1787,0.0779,-0.1398,-2.0279,1.6958,0.4359,25.0835,-13.5444,-23.3164
81613364,0.0048,0.0004,0.0525,-0.0336,-0.0007,0.0500,-0.0227,-0.0500,-0.0162,0.1786,0.0797,-0.0273,-2.0279,1.3657,1.7920,25.0754,-13.5449,-23.2846
81618365,0.0052,0.0002,0.0596,0.0061,0.0026,0.0500,-0.0167,-0.0500,-0.0159,0.1786,0.0652,-0.0036,-2.0279,0.6525,1.7920,25.0632,-13.5522,-23.2738
81623365,0.0055,0.0006,0.0843,0.0843,0.0784,-0.0200,-0.0011,-0.0500,-0.0155,0.1790,0.0763,0.0981,-2.0279,-0.9249,2.6804,25.0551,-13.5838,-23.2479
81628364,0.0058,0.0011,0.1023,0.1042,0.0261,-0.0200,0.0500,-0.0500,-0.0150,0.1796,0.0931,0.1202,-2.0279,-1.0710,2.6804,25.0430,-13.5932,-23.2318
81633364,0.0066,0.0018,0.1097,0.1549,0.0029,0.0565,0.0500,0.0200,-0.0143,0.1804,0.1407,0.1549,-1.8025,-1.0710,2.6804,25.0396,-13.5974,-23.2211
81638365,0.0072,0.0025,0.0794,0.1787,0.0765,0.0472,0.0500,0.0200,-0.0140,0.1813,0.0692,0.1787,0.5924,-1.0710,2.6804,25.0826,-13.6039,-23.2050
81643364,0.0077,0.0035,0.0458,0.2016,0.0985,0.0410,0.0500,-0.0803,-0.0138,0.1825,0.0454,0.2280,0.9155,-1.0710,1.7795,25.0926,-13.6082,-23.2133
