time, vel, T_target, T_estimate
0.000,0.000000,0.000000,0.000213
0.001,0.000000,0.000000,-0.000182
0.002,0.000000,0.000000,-0.000182
0.003,0.000000,0.000000,0.000109
0.004,0.000000,0.000000,0.000109
0.005,0.000000,0.015000,0.007218
0.006,0.000000,0.015000,0.007218
0.007,0.000000,0.015000,0.007218
0.008,0.000000,0.015000,0.007218
0.009,0.000000,0.015000,0.012229
0.010,0.000000,0.015000,0.012229
0.011,0.000000,0.015000,0.011980
0.012,0.000000,0.015000,0.011980
0.013,0.000000,0.015000,0.011175
0.014,0.000000,0.015000,0.011175
0.015,0.000000,0.015000,0.010779
0.016,0.000000,0.015000,0.010779
0.017,0.000000,0.015000,0.010414
0.018,0.000000,0.015000,0.010414
0.019,0.000000,0.015000,0.011156
0.020,0.000000,0.015000,0.011156
0.021,0.000000,0.015000,0.010892
0.022,0.000000,0.015000,0.010892
0.023,0.000000,0.015000,0.011305
0.024,0.000000,0.015000,0.011305
0.025,0.000000,0.015000,0.011548
0.026,0.000000,0.015000,0.011548
0.027,0.000000,0.015000,0.011637
0.028,0.000000,0.015000,0.011637
0.029,0.000000,0.015000,0.012200
0.030,0.000000,0.015000,0.012200
0.031,0.000000,0.015000,0.012580
0.032,0.000000,0.015000,0.012580
0.033,0.000000,0.015000,0.012006
0.034,0.000000,0.015000,0.012006
0.035,0.000000,0.015000,0.013231
0.036,0.000000,0.015000,0.013231
0.037,0.000000,0.015000,0.012854
0.038,0.000000,0.015000,0.012854
0.039,0.000000,0.015000,0.013446
0.040,0.000000,0.015000,0.013446
0.041,0.000000,0.015000,0.013289
0.042,0.000000,0.015000,0.013289
0.043,0.000000,0.015000,0.013881
0.044,0.000000,0.015000,0.013881
0.045,0.000000,0.015000,0.013859
0.046,0.000000,0.015000,0.013859
0.047,0.000000,0.015000,0.013885
0.048,0.000000,0.015000,0.013885
0.049,0.000000,0.015000,0.013843
0.050,0.000000,0.015000,0.013843
0.051,0.000000,0.015000,0.013942
0.052,0.000000,0.015000,0.013942
0.053,0.000000,0.015000,0.013875
0.054,0.000000,0.015000,0.013875
0.055,0.000000,0.015000,0.014149
0.056,0.000000,0.015000,0.014149
0.057,0.000000,0.015000,0.013557
0.058,0.000000,0.015000,0.013557
0.059,0.000000,0.015000,0.013241
0.060,0.000000,0.015000,0.013241
0.061,0.000000,0.015000,0.013424
0.062,0.000000,0.015000,0.013424
0.063,0.000000,0.015000,0.013454
0.064,0.000000,0.015000,0.013454
0.065,0.000000,0.015000,0.013691
0.066,0.000000,0.015000,0.013691
0.067,0.000000,0.015000,0.013515
0.068,0.000000,0.015000,0.013515
0.069,0.000000,0.015000,0.013993
0.070,0.000000,0.015000,0.013993
0.071,0.000000,0.015000,0.013245
0.072,0.051622,0.015000,0.013245
0.073,0.051622,0.015000,0.009471
0.074,0.051622,0.015000,0.009471
0.075,0.051622,0.015000,0.009453
0.076,0.051622,0.015000,0.009453
0.077,0.051622,0.015000,0.010259
0.078,0.051622,0.015000,0.010259
0.079,0.051622,0.015000,0.010528
0.080,0.051622,0.015000,0.010528
0.081,0.051622,0.015000,0.009730
0.082,0.051622,0.015000,0.009730
0.083,0.051622,0.015000,0.010427
0.084,0.051622,0.015000,0.010427
0.085,0.051622,0.015000,0.010165
0.086,0.051622,0.015000,0.010165
0.087,0.051622,0.015000,0.010244
0.088,0.051622,0.015000,0.010244
0.089,0.051622,0.015000,0.011245
0.090,0.051622,0.015000,0.011245
0.091,0.051622,0.015000,0.011207
0.092,0.051622,0.015000,0.011207
0.093,0.051622,0.015000,0.011553
0.094,0.051622,0.015000,0.011553
0.095,0.051622,0.015000,0.011917
0.096,0.051622,0.015000,0.011917
0.097,0.051622,0.015000,0.012286
0.098,0.051622,0.015000,0.012286
0.099,0.051622,0.015000,0.012677
0.100,0.051622,0.015000,0.012677
0.101,0.051622,0.015000,0.013198
0.102,0.051622,0.015000,0.013198
0.103,0.051622,0.015000,0.013016
0.104,0.051622,0.015000,0.013016
0.105,0.051622,0.015000,0.013975
0.106,0.051622,0.015000,0.013975
0.107,0.051622,0.015000,0.014635
0.108,0.051622,0.015000,0.014635
0.109,0.051622,0.015000,0.015086
0.110,0.051622,0.015000,0.015086
0.111,0.051622,0.015000,0.015789
0.112,0.051622,0.015000,0.015789
0.113,0.051622,0.015000,0.016634
0.114,0.051622,0.015000,0.016634
0.115,0.051622,0.015000,0.017422
0.116,0.051622,0.015000,0.017422
0.117,0.051622,0.015000,0.018737
0.118,0.051622,0.015000,0.018737
0.119,0.051622,0.015000,0.018914
0.120,0.051622,0.015000,0.018914
0.121,0.051622,0.015000,0.018857
0.122,0.051622,0.015000,0.018857
0.123,0.051622,0.015000,0.019244
0.124,0.051622,0.015000,0.019244
0.125,0.051622,0.015000,0.020224
0.126,0.294094,0.015000,0.020224
0.127,0.294094,0.015000,0.006514
0.128,0.682049,0.015000,0.006514
0.129,0.682049,0.015000,0.006230
0.130,1.070004,0.015000,0.006230
0.131,1.070004,0.015000,0.007342
0.132,1.457958,0.015000,0.007342
0.133,1.457958,0.015000,0.008114
0.134,1.700430,0.015000,0.008114
0.135,1.700430,0.015000,0.009213
0.136,1.700430,0.015000,0.009213
0.137,1.700430,0.015000,0.009068
0.138,1.700430,0.015000,0.009068
0.139,1.700430,0.015000,0.009091
0.140,1.700430,0.015000,0.009091
0.141,1.700430,0.015000,0.008967
0.142,1.700430,0.015000,0.008967
0.143,1.700430,0.015000,0.009182
0.144,1.700430,0.015000,0.009182
0.145,1.700430,0.015000,0.009113
0.146,1.700430,0.015000,0.009113
0.147,1.700430,0.015000,0.010079
0.148,1.700430,0.015000,0.010079
0.149,1.700430,0.015000,0.009816
0.150,1.700430,0.015000,0.009816
0.151,1.700430,0.015000,0.009900
0.152,1.700430,0.015000,0.009900
0.153,1.700430,0.015000,0.010784
0.154,1.700430,0.015000,0.010784
0.155,1.700430,0.015000,0.010572
0.156,1.700430,0.015000,0.010572
0.157,1.700430,0.015000,0.011250
0.158,1.700430,0.015000,0.011250
0.159,1.700430,0.015000,0.011974
0.160,1.700430,0.015000,0.011974
0.161,1.700430,0.015000,0.011926
0.162,1.700430,0.015000,0.011926
0.163,1.700430,0.015000,0.011378
0.164,1.700430,0.015000,0.011378
0.165,1.700430,0.015000,0.012492
0.166,1.980143,0.015000,0.012492
0.167,1.980143,0.015000,0.010540
0.168,2.259855,0.015000,0.010540
0.169,2.259855,0.015000,0.010598
0.170,2.259855,0.015000,0.010598
0.171,2.259855,0.015000,0.011223
0.172,2.259855,0.015000,0.011223
0.173,2.259855,0.015000,0.011265
0.174,2.259855,0.015000,0.011265
0.175,2.259855,0.015000,0.011173
0.176,2.259855,0.015000,0.011173
0.177,2.259855,0.015000,0.011099
0.178,2.259855,0.015000,0.011099
0.179,2.259855,0.015000,0.011473
0.180,2.259855,0.015000,0.011473
0.181,2.259855,0.015000,0.011365
0.182,2.259855,0.015000,0.011365
0.183,2.259855,0.015000,0.011436
0.184,2.259855,0.015000,0.011436
0.185,2.259855,0.015000,0.011410
0.187,2.259855,0.015000,0.011410
0.188,2.259855,0.015000,0.011820
0.189,2.259855,0.015000,0.011820
0.190,2.259855,0.015000,0.012502
0.191,2.259855,0.015000,0.012502
0.192,2.259855,0.015000,0.012994
0.193,2.259855,0.015000,0.012994
0.194,2.259855,0.015000,0.013544
0.195,2.259855,0.015000,0.013544
0.196,2.259855,0.015000,0.013792
0.197,2.259855,0.015000,0.013792
0.198,2.259855,0.015000,0.013818
0.199,2.259855,0.015000,0.013818
0.200,2.259855,0.015000,0.013756
0.201,2.259855,0.015000,0.013756
0.202,2.259855,0.015000,0.013567
0.203,2.365437,0.015000,0.013567
0.204,2.365437,0.015000,0.013441
0.205,2.682180,0.015000,0.013441
0.206,2.682180,0.015000,0.012747
0.207,2.682180,0.015000,0.012747
0.208,2.682180,0.015000,0.012747
0.209,2.682180,0.015000,0.012009
0.210,2.682180,0.015000,0.012009
0.211,2.682180,0.015000,0.011782
0.212,2.682180,0.015000,0.011782
0.213,2.682180,0.015000,0.011782
0.214,2.682180,0.015000,0.010304
0.215,2.682180,0.015000,0.010304
0.216,2.682180,0.015000,0.010756
0.217,2.682180,0.015000,0.010756
0.218,2.682180,0.015000,0.010605
0.219,2.682180,0.015000,0.010605
0.220,2.682180,0.015000,0.011240
0.221,2.682180,0.015000,0.011240
0.222,2.682180,0.015000,0.011644
0.223,2.682180,0.015000,0.011644
0.224,2.682180,0.015000,0.011772
0.225,2.682180,0.015000,0.011772
0.226,2.682180,0.015000,0.011648
0.227,2.682180,0.015000,0.011648
0.228,2.682180,0.015000,0.011317
0.229,2.779560,0.015000,0.011317
0.230,2.779560,0.015000,0.011294
0.231,2.779560,0.015000,0.011294
0.232,2.779560,0.015000,0.010149
0.233,2.779560,0.015000,0.010149
0.234,2.779560,0.015000,0.010834
0.235,2.779560,0.015000,0.010834
0.236,2.779560,0.015000,0.010314
0.237,2.779560,0.015000,0.010314
0.238,2.779560,0.015000,0.010041
0.239,2.779560,0.015000,0.010041
0.240,2.779560,0.015000,0.010913
0.241,2.779560,0.015000,0.010913
0.242,2.779560,0.015000,0.010675
0.243,2.779560,0.015000,0.010675
0.244,2.779560,0.015000,0.010852
0.245,2.779560,0.015000,0.010852
0.246,2.779560,0.015000,0.011535
0.247,2.779560,0.015000,0.011535
0.248,2.779560,0.015000,0.012848
0.249,2.779560,0.015000,0.012848
0.250,2.779560,0.015000,0.013724
0.251,2.779560,0.015000,0.013724
0.252,2.779560,0.015000,0.014280
0.253,3.219242,0.015000,0.014280
0.254,3.219242,0.015000,0.011848
0.255,3.219242,0.015000,0.012927
0.256,3.219242,0.015000,0.012008
0.257,3.219242,0.015000,0.011738
0.258,3.219242,0.015000,0.011349
0.259,3.219242,0.015000,0.010764
0.260,3.219242,0.015000,0.011713
0.261,3.219242,0.015000,0.012275
0.262,3.219242,0.015000,0.013007
0.263,3.219242,0.015000,0.012866
0.264,3.219242,0.015000,0.012983
0.265,3.219242,0.015000,0.012619
0.266,3.219242,0.015000,0.011804
0.267,3.219242,0.015000,0.011988
0.268,3.219242,0.015000,0.011150
0.269,3.219242,0.015000,0.011017
0.270,3.219242,0.015000,0.009759
0.271,3.219242,0.015000,0.010404
0.272,3.219242,0.015000,0.011539
0.273,3.219242,0.015000,0.012114
0.274,3.219242,0.015000,0.012596
0.275,3.219242,0.015000,0.010783
0.276,3.219242,0.015000,0.011013
0.277,3.219242,0.015000,0.011476
0.278,3.219242,0.015000,0.011229
0.279,3.219242,0.015000,0.010362
0.280,3.219242,0.015000,0.010822
0.281,3.826408,0.015000,0.010822
0.282,3.826408,0.015000,0.010822
0.283,4.106121,0.015000,0.010822
0.284,4.106121,0.015000,0.010822
0.285,4.106121,0.015000,0.010822
0.286,4.106121,0.015000,0.010822
0.287,4.106121,0.015000,0.010822
0.288,4.106121,0.015000,0.010822
0.289,4.106121,0.015000,0.010822
0.290,4.106121,0.015000,0.010822
0.291,4.106121,0.015000,0.010822
0.292,4.106121,0.015000,0.010822
0.293,4.475656,0.015000,0.010822
0.294,4.475656,0.015000,0.010822
0.295,4.475656,0.015000,0.010822
0.296,4.475656,0.015000,0.010822
0.297,4.475656,0.015000,0.010822
0.298,4.475656,0.015000,0.010822
0.299,4.475656,0.015000,0.010822
0.300,4.475656,0.015000,0.010822
0.301,4.573035,0.015000,0.010822
0.302,4.573035,0.015000,0.010822
0.303,4.573035,0.015000,0.010822
0.304,4.573035,0.015000,0.010822
0.305,4.573035,0.015000,0.010822
0.306,4.573035,0.015000,0.010822
0.307,4.573035,0.015000,0.010822
0.308,4.737916,0.015000,0.010822
0.309,4.902797,0.015000,0.010822
0.310,4.902797,0.015000,0.010822
0.311,4.902797,0.015000,0.010822
0.312,4.902797,0.015000,0.010822
0.313,4.902797,0.015000,0.010822
0.314,4.902797,0.015000,0.010822
0.315,4.902797,0.015000,0.010822
0.316,4.902797,0.015000,0.010822
0.317,5.109286,0.015000,0.010822
0.318,5.109286,0.015000,0.010822
0.319,5.109286,0.015000,0.010822
0.320,5.109286,0.015000,0.010822
0.321,5.109286,0.015000,0.010822
0.322,5.109286,0.015000,0.010822
0.323,5.157781,0.015000,0.010822
0.324,5.303264,0.015000,0.010822
0.325,5.303264,0.015000,0.010822
0.326,5.303264,0.015000,0.010822
0.327,5.303264,0.015000,0.010822
0.328,5.303264,0.015000,0.010822
0.329,5.303264,0.015000,0.010822
0.330,5.303264,0.015000,0.010822
0.331,5.527034,0.015000,0.010822
0.332,5.527034,0.015000,0.010822
0.333,5.527034,0.015000,0.011928
0.334,5.527034,0.015000,0.011534
0.335,5.527034,0.015000,0.012459
0.336,5.527034,0.015000,0.012779
0.337,5.527034,0.015000,0.013388
0.338,5.527034,0.015000,0.011983
0.339,5.527034,0.015000,0.011268
0.340,5.527034,0.015000,0.012150
0.341,5.527034,0.015000,0.011819
0.342,5.527034,0.015000,0.012397
0.343,5.527034,0.015000,0.012052
0.344,5.527034,0.015000,0.011199
0.345,5.527034,0.015000,0.011487
0.346,5.527034,0.015000,0.010495
0.347,5.527034,0.015000,0.010653
0.348,5.527034,0.015000,0.010995
0.349,5.527034,0.015000,0.012234
0.350,5.527034,0.015000,0.010985
0.351,5.527034,0.015000,0.013094
0.352,5.527034,0.015000,0.012553
0.353,5.527034,0.015000,0.012036
0.354,5.527034,0.015000,0.012436
0.355,5.527034,0.015000,0.013470
0.356,5.527034,0.015000,0.013079
0.357,5.527034,0.015000,0.012865
0.358,5.527034,0.015000,0.012635
0.359,5.527034,0.015000,0.011321
0.360,5.527034,0.015000,0.011183
0.361,5.527034,0.015000,0.011634
0.362,5.527034,0.015000,0.012238
0.363,5.527034,0.015000,0.011482
0.364,5.527034,0.015000,0.010690
0.365,5.527034,0.015000,0.010177
0.366,5.527034,0.015000,0.010764
0.367,5.527034,0.015000,0.011519
0.368,5.527034,0.015000,0.013157
0.369,5.527034,0.015000,0.013299
0.370,5.527034,0.015000,0.013654
0.371,5.527034,0.015000,0.013111
0.372,5.527034,0.015000,0.012334
0.373,5.527034,0.015000,0.013430
0.374,5.527034,0.015000,0.013079
0.375,5.527034,0.015000,0.012328
0.376,5.527034,0.015000,0.012918
0.377,6.896257,0.015000,0.012918
0.378,6.896257,0.015000,0.012918
0.379,6.944947,0.015000,0.012918
0.380,6.944947,0.015000,0.012918
0.381,6.944947,0.015000,0.012918
0.382,6.944947,0.015000,0.012918
0.383,6.944947,0.015000,0.012918
0.384,7.054868,0.015000,0.012918
0.385,7.164788,0.015000,0.012918
0.387,7.164788,0.015000,0.012918
0.388,7.164788,0.015000,0.012918
0.389,7.164788,0.015000,0.012218
0.390,7.164788,0.015000,0.013839
0.391,7.164788,0.015000,0.013305
0.392,7.164788,0.015000,0.013369
0.393,7.164788,0.015000,0.012157
0.394,7.164788,0.015000,0.011046
0.395,7.164788,0.015000,0.011857
0.396,7.164788,0.015000,0.011431
0.397,7.164788,0.015000,0.010368
0.398,7.164788,0.015000,0.010114
0.399,7.164788,0.015000,0.009135
0.400,7.164788,0.015000,0.012101
0.401,7.164788,0.015000,0.012557
0.402,7.164788,0.015000,0.013077
0.403,7.164788,0.015000,0.013228
0.404,7.164788,0.015000,0.011942
0.405,7.164788,0.015000,0.012895
0.406,7.164788,0.015000,0.013005
0.407,7.164788,0.015000,0.011349
0.408,7.164788,0.015000,0.012117
0.409,7.164788,0.015000,0.011657
0.410,7.164788,0.015000,0.013358
0.411,7.164788,0.015000,0.012878
0.412,7.164788,0.015000,0.012292
0.413,7.164788,0.015000,0.011560
0.414,7.164788,0.015000,0.010079
0.415,7.164788,0.015000,0.011030
0.416,7.164788,0.015000,0.010758
0.417,7.164788,0.015000,0.011572
0.418,7.164788,0.015000,0.012047
0.419,7.164788,0.015000,0.011617
0.420,8.009205,0.015000,0.011617
0.421,8.009205,0.015000,0.011617
0.422,8.164072,0.015000,0.011617
0.423,8.164072,0.015000,0.011617
0.424,8.164072,0.015000,0.011617
0.425,8.164072,0.015000,0.011617
0.426,8.261061,0.015000,0.011617
0.427,8.261061,0.015000,0.011617
0.428,8.261061,0.015000,0.011617
0.429,8.261061,0.015000,0.011617
0.430,8.261061,0.015000,0.011617
0.431,8.261061,0.015000,0.012682
0.432,8.261061,0.015000,0.013245
0.433,8.261061,0.015000,0.014049
0.434,8.261061,0.015000,0.012867
0.435,8.261061,0.015000,0.013559
0.436,8.261061,0.015000,0.013146
0.437,8.261061,0.015000,0.012060
0.438,8.261061,0.015000,0.011913
0.439,8.261061,0.015000,0.013856
0.440,8.261061,0.015000,0.014325
0.441,8.261061,0.015000,0.012291
0.442,8.261061,0.015000,0.011756
0.443,8.261061,0.015000,0.009586
0.444,8.261061,0.015000,0.011094
0.445,8.261061,0.015000,0.011086
0.446,8.261061,0.015000,0.011707
0.447,8.261061,0.015000,0.011812
0.448,8.261061,0.015000,0.012484
0.449,8.261061,0.015000,0.013192
0.450,8.261061,0.015000,0.013974
0.451,8.261061,0.015000,0.013704
0.452,8.261061,0.015000,0.012031
0.453,8.261061,0.015000,0.012516
0.454,8.261061,0.015000,0.011775
0.455,8.261061,0.015000,0.011182
0.456,8.261061,0.015000,0.009037
0.457,9.161420,0.015000,0.009037
0.458,9.161420,0.015000,0.009037
0.459,9.161420,0.015000,0.009037
0.460,9.161420,0.015000,0.009037
0.461,9.161420,0.015000,0.009037
0.462,9.372582,0.015000,0.009037
0.463,9.372582,0.015000,0.009037
0.464,9.372582,0.015000,0.009037
0.465,9.372582,0.015000,0.009037
0.466,9.372582,0.015000,0.009037
0.467,9.372582,0.015000,0.009037
0.468,9.372582,0.015000,0.009037
0.469,9.372582,0.015000,0.009037
0.470,9.372582,0.015000,0.011011
0.471,9.537463,0.015000,0.011011
0.472,9.537463,0.015000,0.011011
0.473,9.537463,0.015000,0.011011
0.474,9.537463,0.015000,0.012978
0.475,9.537463,0.015000,0.014131
0.476,9.537463,0.015000,0.014040
0.477,9.537463,0.015000,0.011951
0.478,9.537463,0.015000,0.012382
0.479,9.537463,0.015000,0.011537
0.480,9.537463,0.015000,0.011097
0.481,9.537463,0.015000,0.009757
0.482,9.537463,0.015000,0.009808
0.483,9.537463,0.015000,0.012522
0.484,9.537463,0.015000,0.014529
0.485,9.537463,0.015000,0.014040
0.486,9.537463,0.015000,0.012967
0.487,9.537463,0.015000,0.013536
0.488,9.537463,0.015000,0.011438
0.489,9.537463,0.015000,0.012533
0.490,10.007954,0.015000,0.012533
0.491,10.007954,0.015000,0.012533
0.492,10.007954,0.015000,0.012533
0.493,10.007954,0.015000,0.012533
0.494,10.007954,0.015000,0.012533
0.495,10.062914,0.015000,0.012533
0.496,10.172834,0.015000,0.012533
0.497,10.172834,0.015000,0.012533
0.498,10.172834,0.015000,0.012533
0.499,10.172834,0.015000,0.012533
0.500,10.276079,0.015000,0.012533
0.501,10.276079,0.015000,0.012533
0.502,10.276079,0.015000,0.012533
0.503,10.373068,0.015000,0.012533
0.504,10.373068,0.015000,0.012533
0.505,10.373068,0.015000,0.012533
0.506,10.373068,0.015000,0.012533
0.507,10.484953,0.015000,0.012533
0.508,10.484953,0.015000,0.012533
0.509,10.484953,0.015000,0.012533
0.510,10.484953,0.015000,0.012533
0.511,10.590534,0.015000,0.012533
0.512,10.590534,0.015000,0.012533
0.513,10.590534,0.015000,0.012533
0.514,10.590534,0.015000,0.012533
0.515,10.590534,0.015000,0.012533
0.516,10.590534,0.015000,0.012533
0.517,10.590534,0.015000,0.012533
0.518,10.645494,0.015000,0.012533
0.519,10.755415,0.015000,0.012533
0.520,10.755415,0.015000,0.012533
0.521,10.755415,0.015000,0.012533
0.522,10.807037,0.015000,0.012533
0.523,10.858660,0.015000,0.012533
0.524,10.858660,0.015000,0.012533
0.525,10.858660,0.015000,0.012533
0.526,10.907154,0.015000,0.012533
0.527,10.907154,0.015000,0.012533
0.528,10.907154,0.015000,0.012533
0.529,10.963097,0.015000,0.012533
0.530,11.019039,0.015000,0.012533
0.531,11.019039,0.015000,0.012533
0.532,11.019039,0.015000,0.013520
0.533,11.019039,0.015000,0.013378
0.534,11.177411,0.015000,0.013378
0.535,11.177411,0.015000,0.013378
0.536,11.177411,0.015000,0.013378
0.537,11.226101,0.015000,0.013378
0.538,11.226101,0.015000,0.013378
0.539,11.226101,0.015000,0.013378
0.540,11.336021,0.015000,0.013378
0.541,11.336021,0.015000,0.011513
0.542,11.336021,0.015000,0.010524
0.543,11.336021,0.015000,0.013226
0.544,11.439266,0.015000,0.013226
0.545,11.439266,0.015000,0.014105
0.546,11.439266,0.015000,0.013967
0.547,11.439266,0.015000,0.012614
0.548,11.439266,0.015000,0.012960
0.549,11.487761,0.015000,0.012960
0.550,11.487761,0.015000,0.012960
0.551,11.543703,0.015000,0.012960
0.552,11.543703,0.015000,0.012960
0.553,11.543703,0.015000,0.012960
0.554,11.543703,0.015000,0.012960
0.555,11.702075,0.015000,0.012960
0.556,11.702075,0.015000,0.012960
0.557,11.702075,0.015000,0.012960
0.558,11.702075,0.015000,0.012960
0.559,11.702075,0.015000,0.012960
0.560,11.702075,0.015000,0.012960
0.561,11.811996,0.015000,0.012960
0.562,11.811996,0.015000,0.012960
0.563,11.811996,0.015000,0.012960
0.564,11.811996,0.015000,0.012960
0.565,11.915240,0.015000,0.012960
0.566,11.915240,0.015000,0.012960
0.567,11.915240,0.015000,0.012960
0.568,11.963735,0.015000,0.012960
0.569,11.963735,0.015000,0.012960
0.570,11.963735,0.015000,0.012960
0.571,12.019677,0.015000,0.012960
0.572,12.019677,0.015000,0.012960
0.573,12.019677,0.015000,0.012960
0.574,12.019677,0.015000,0.013461
0.575,12.019677,0.015000,0.012091
0.576,12.019677,0.015000,0.012182
0.577,12.019677,0.015000,0.015868
0.578,12.019677,0.015000,0.015500
0.579,12.019677,0.015000,0.012577
0.580,12.019677,0.015000,0.010951
0.581,12.019677,0.015000,0.009847
0.582,12.019677,0.015000,0.010430
0.583,12.019677,0.015000,0.010730
0.584,12.019677,0.015000,0.013701
0.585,12.019677,0.015000,0.015446
0.586,12.019677,0.015000,0.012844
0.588,12.019677,0.015000,0.012976
0.589,12.019677,0.015000,0.011217
0.590,12.019677,0.015000,0.009254
0.591,12.019677,0.015000,0.011226
0.592,12.019677,0.015000,0.013766
0.593,12.019677,0.015000,0.014559
0.594,12.019677,0.015000,0.013717
0.595,12.019677,0.015000,0.014326
0.596,12.019677,0.015000,0.011824
0.597,12.019677,0.015000,0.013612
0.598,12.019677,0.015000,0.014752
0.599,12.019677,0.015000,0.013662
0.600,12.763944,0.015000,0.013662
0.601,12.763944,0.015000,0.013662
0.602,12.763944,0.015000,0.013662
0.603,12.763944,0.015000,0.013662
0.604,12.867188,0.015000,0.013662
0.605,12.867188,0.015000,0.013662
0.606,12.867188,0.015000,0.013662
0.607,12.915683,0.015000,0.013662
0.608,12.915683,0.015000,0.013662
0.609,12.915683,0.015000,0.013662
0.610,12.971625,0.015000,0.013662
0.611,12.971625,0.015000,0.013662
0.612,12.971625,0.015000,0.013662
0.613,13.024416,0.015000,0.013662
0.614,13.077207,0.015000,0.013662
0.615,13.077207,0.015000,0.013662
0.616,13.077207,0.015000,0.013662
0.617,13.077207,0.015000,0.013662
0.618,13.077207,0.015000,0.013662
0.619,13.187127,0.015000,0.013662
0.620,13.187127,0.015000,0.009801
0.621,13.187127,0.015000,0.013210
0.622,13.187127,0.015000,0.015486
0.623,13.187127,0.015000,0.014186
0.624,13.187127,0.015000,0.012264
0.625,13.187127,0.015000,0.011995
0.626,13.187127,0.015000,0.009345
0.627,13.187127,0.015000,0.009034
0.628,13.187127,0.015000,0.012441
0.629,13.187127,0.015000,0.015009
0.630,13.187127,0.015000,0.014964
0.631,13.503542,0.015000,0.014964
0.632,13.556333,0.015000,0.014964
0.633,13.556333,0.015000,0.014964
0.634,13.556333,0.015000,0.014964
0.635,13.556333,0.015000,0.014964
0.636,13.666253,0.015000,0.014964
0.637,13.666253,0.015000,0.014964
0.638,13.666253,0.015000,0.014964
0.639,13.769498,0.015000,0.014964
0.640,13.769498,0.015000,0.014964
0.641,13.769498,0.015000,0.014964
0.642,13.769498,0.015000,0.014964
0.643,13.769498,0.015000,0.014964
0.644,13.769498,0.015000,0.009407
0.645,13.769498,0.015000,0.009407
0.646,13.825440,0.015000,0.009407
0.647,13.825440,0.015000,0.009407
0.648,13.825440,0.015000,0.009407
0.649,13.931022,0.015000,0.009407
0.650,13.931022,0.015000,0.009407
0.651,13.931022,0.015000,0.009407
0.652,13.931022,0.015000,0.009407
0.653,13.931022,0.015000,0.009407
0.654,13.931022,0.015000,0.009407
0.655,14.040942,0.015000,0.009407
0.656,14.040942,0.015000,0.009407
0.657,14.040942,0.015000,0.009407
0.658,14.092565,0.015000,0.009407
0.659,14.092565,0.015000,0.009407
0.660,14.092565,0.015000,0.009407
0.661,14.141059,0.015000,0.009407
0.662,14.141059,0.015000,0.009407
0.663,14.197001,0.015000,0.009407
0.664,14.197001,0.015000,0.009407
0.665,14.197001,0.015000,0.009407
0.666,14.249792,0.015000,0.009407
0.667,14.302583,0.015000,0.009407
0.668,14.302583,0.015000,0.009407
0.669,14.302583,0.015000,0.009407
0.670,14.302583,0.015000,0.009407
0.671,14.302583,0.015000,0.009407
0.672,14.302583,0.015000,0.010037
0.673,14.412503,0.015000,0.010037
0.674,14.515748,0.015000,0.010037
0.675,14.515748,0.015000,0.010037
0.676,14.564242,0.015000,0.010037
0.677,14.564242,0.015000,0.010037
0.678,14.564242,0.015000,0.010037
0.679,14.564242,0.015000,0.010037
0.680,14.564242,0.015000,0.010037
0.681,14.564242,0.015000,0.010037
0.682,14.669824,0.015000,0.010037
0.683,14.669824,0.015000,0.010037
0.684,14.669824,0.015000,0.010037
0.685,14.669824,0.015000,0.010037
0.686,14.669824,0.015000,0.010037
0.687,14.779744,0.015000,0.010037
0.688,14.779744,0.015000,0.010037
0.689,14.779744,0.015000,0.008885
0.690,14.779744,0.015000,0.009804
0.691,14.779744,0.015000,0.014249
0.692,14.779744,0.015000,0.014345
0.693,14.779744,0.015000,0.013828
0.694,14.779744,0.015000,0.011852
0.695,14.779744,0.015000,0.008421
0.696,14.779744,0.015000,0.010789
0.697,14.779744,0.015000,0.014439
0.698,14.779744,0.015000,0.014091
0.699,14.779744,0.015000,0.014002
0.700,14.779744,0.015000,0.011512
0.701,14.779744,0.015000,0.013989
0.702,14.779744,0.015000,0.016322
0.703,14.779744,0.015000,0.013566
0.704,14.779744,0.015000,0.012400
0.705,14.779744,0.015000,0.011379
0.706,14.779744,0.015000,0.010944
0.707,14.779744,0.015000,0.014345
0.708,14.779744,0.015000,0.015429
0.709,14.779744,0.015000,0.012001
0.710,14.779744,0.015000,0.010627
0.711,14.779744,0.015000,0.006969
0.712,14.779744,0.015000,0.008918
0.713,14.779744,0.015000,0.015079
0.714,14.779744,0.015000,0.013964
0.715,14.779744,0.015000,0.013941
0.716,14.779744,0.015000,0.011256
0.717,14.779744,0.015000,0.015221
0.718,14.779744,0.015000,0.017817
0.719,14.779744,0.015000,0.014413
0.720,14.779744,0.015000,0.011785
0.721,14.779744,0.015000,0.009296
0.722,14.779744,0.015000,0.009747
0.723,14.779744,0.015000,0.014311
0.724,14.779744,0.015000,0.015137
0.725,15.574293,0.015000,0.015137
0.726,15.574293,0.015000,0.015137
0.727,15.630236,0.015000,0.015137
0.728,15.630236,0.015000,0.015137
0.729,15.630236,0.015000,0.015137
0.730,15.630236,0.015000,0.015137
0.731,15.630236,0.015000,0.012052
0.732,15.735817,0.015000,0.012052
0.733,15.784507,0.015000,0.012052
0.734,15.784507,0.015000,0.012052
0.735,15.894427,0.015000,0.012052
0.736,15.894427,0.015000,0.012052
0.737,15.894427,0.015000,0.012052
0.738,15.946050,0.015000,0.012052
0.739,15.946050,0.015000,0.012052
0.740,15.946050,0.015000,0.012052
0.741,15.946050,0.015000,0.012052
0.742,15.946050,0.015000,0.012052
0.743,16.001993,0.015000,0.012052
0.744,16.001993,0.015000,0.012052
0.745,16.001993,0.015000,0.012052
0.746,16.107576,0.015000,0.012052
0.747,16.107576,0.015000,0.012052
0.748,16.058886,0.015000,0.012052
0.749,16.058886,0.015000,0.012052
0.750,16.058886,0.015000,0.014652
0.751,16.058886,0.015000,0.014652
0.752,16.168806,0.015000,0.014652
0.753,16.168806,0.015000,0.014652
0.754,16.220428,0.015000,0.014652
0.755,16.220428,0.015000,0.014652
0.756,16.220428,0.015000,0.014652
0.757,16.268923,0.015000,0.014652
0.758,16.268923,0.015000,0.014652
0.759,16.324865,0.015000,0.014652
0.760,16.324865,0.015000,0.014652
0.761,16.324865,0.015000,0.014652
0.762,16.377657,0.015000,0.014652
0.763,16.377657,0.015000,0.014652
0.764,16.377657,0.015000,0.014652
0.765,16.377657,0.015000,0.014652
0.766,16.377657,0.015000,0.014652
0.767,16.487577,0.015000,0.014652
0.768,16.487577,0.015000,0.014652
0.769,16.539200,0.015000,0.014652
0.770,16.539200,0.015000,0.014652
0.771,16.539200,0.015000,0.014652
0.772,16.587694,0.015000,0.014652
0.773,16.587694,0.015000,0.014652
0.774,16.587694,0.015000,0.013928
0.775,16.587694,0.015000,0.012508
0.776,16.587694,0.015000,0.011920
0.777,16.693277,0.015000,0.011920
0.778,16.693277,0.015000,0.011920
0.779,16.693277,0.015000,0.011920
0.780,16.748238,0.015000,0.011920
0.781,16.748238,0.015000,0.011920
0.782,16.748238,0.015000,0.011920
0.783,16.799860,0.015000,0.011920
0.784,16.799860,0.015000,0.011920
0.785,16.848354,0.015000,0.011920
0.786,16.848354,0.015000,0.011920
0.788,16.904297,0.015000,0.011920
0.789,16.904297,0.015000,0.011920
0.790,16.904297,0.015000,0.011920
0.791,17.009880,0.015000,0.011920
0.792,17.009880,0.015000,0.011920
0.793,17.009880,0.015000,0.011920
0.794,17.009880,0.015000,0.011920
0.795,17.064840,0.015000,0.011920
0.796,17.064840,0.015000,0.011920
0.797,17.064840,0.015000,0.011920
0.798,17.116463,0.015000,0.011920
0.799,17.116463,0.015000,0.011920
0.800,17.164957,0.015000,0.011920
0.801,17.164957,0.015000,0.011920
0.802,17.164957,0.015000,0.011920
0.803,17.220900,0.015000,0.011920
0.804,17.220900,0.015000,0.011920
0.805,17.326483,0.015000,0.011920
0.806,17.326483,0.015000,0.012169
0.807,17.326483,0.015000,0.019427
0.808,17.326483,0.015000,0.017781
0.809,17.326483,0.015000,0.013061
0.810,17.326483,0.015000,0.009833
0.811,17.326483,0.015000,0.007357
0.812,17.326483,0.015000,0.012665
0.813,17.326483,0.015000,0.014466
0.814,17.326483,0.015000,0.015919
0.815,17.326483,0.015000,0.011914
0.816,17.326483,0.015000,0.008133
0.817,17.326483,0.015000,0.012919
0.818,17.594395,0.015000,0.012919
0.819,17.594395,0.015000,0.012919
0.820,17.643085,0.015000,0.012919
0.821,17.643085,0.015000,0.012919
0.822,17.643085,0.015000,0.012919
0.823,17.698046,0.015000,0.012919
0.824,17.698046,0.015000,0.012919
0.825,17.749668,0.015000,0.012919
0.826,17.749668,0.015000,0.012919
0.827,17.798162,0.015000,0.012919
0.828,17.798162,0.015000,0.012919
0.829,17.798162,0.015000,0.012919
0.830,17.798162,0.015000,0.012919
0.831,17.798162,0.015000,0.015021
0.832,17.906897,0.015000,0.015021
0.833,17.906897,0.015000,0.015021
0.834,17.858206,0.015000,0.015021
0.835,17.858206,0.015000,0.015021
0.836,17.858206,0.015000,0.015021
0.837,17.968126,0.015000,0.015021
0.838,17.968126,0.015000,0.015021
0.839,18.019749,0.015000,0.015021
0.840,18.019749,0.015000,0.015021
0.841,18.019749,0.015000,0.015021
0.842,18.019749,0.015000,0.015021
0.843,18.075691,0.015000,0.015021
0.844,18.075691,0.015000,0.015021
0.845,18.075691,0.015000,0.015021
0.846,18.128483,0.015000,0.015021
0.847,18.128483,0.015000,0.015021
0.848,18.128483,0.015000,0.015021
0.849,18.128483,0.015000,0.015021
0.850,18.183443,0.015000,0.015021
0.851,18.183443,0.015000,0.015021
0.852,18.183443,0.015000,0.015021
0.853,18.235065,0.015000,0.015021
0.854,18.235065,0.015000,0.015021
0.855,18.283560,0.015000,0.015021
0.856,18.283560,0.015000,0.015021
0.857,18.339502,0.015000,0.015021
0.858,18.339502,0.015000,0.015021
0.859,18.445086,0.015000,0.015021
0.860,18.445086,0.015000,0.015021
0.861,18.396395,0.015000,0.015021
0.862,18.396395,0.015000,0.015021
0.863,18.451355,0.015000,0.015021
0.864,18.506315,0.015000,0.015021
0.865,18.506315,0.015000,0.015021
0.866,18.557938,0.015000,0.015021
0.867,18.557938,0.015000,0.015021
0.868,18.606432,0.015000,0.015021
0.869,18.606432,0.015000,0.015021
0.870,18.606432,0.015000,0.015021
0.871,18.606432,0.015000,0.015021
0.872,18.606432,0.015000,0.015021
0.873,18.659224,0.015000,0.015021
0.874,18.659224,0.015000,0.015021
0.875,18.659224,0.015000,0.015021
0.876,18.659224,0.015000,0.015320
0.877,18.659224,0.015000,0.013256
0.878,18.817429,0.015000,0.013256
0.879,18.817429,0.015000,0.013256
0.880,18.865923,0.015000,0.013256
0.881,18.865923,0.015000,0.013256
0.882,18.865923,0.015000,0.013256
0.883,18.865923,0.015000,0.013256
0.884,18.971506,0.015000,0.013256
0.885,18.971506,0.015000,0.013256
0.886,18.971506,0.015000,0.013256
0.887,18.971506,0.015000,0.013256
0.888,19.081427,0.015000,0.013256
0.889,19.081427,0.015000,0.013256
0.890,19.081427,0.015000,0.013256
0.891,19.133049,0.015000,0.013256
0.892,19.133049,0.015000,0.013256
0.893,19.133049,0.015000,0.013256
0.894,19.133049,0.015000,0.013256
0.895,19.188992,0.015000,0.013256
0.896,19.188992,0.015000,0.013256
0.897,19.241783,0.015000,0.013256
0.898,19.241783,0.015000,0.013256
0.899,19.193092,0.015000,0.013256
0.900,19.193092,0.015000,0.013256
0.901,19.248053,0.015000,0.013256
0.902,19.248053,0.015000,0.013256
0.903,19.299675,0.015000,0.013256
0.904,19.299675,0.015000,0.013256
0.905,19.299675,0.015000,0.013256
0.906,19.299675,0.015000,0.013256
0.907,19.299675,0.015000,0.013256
0.908,19.299675,0.015000,0.013256
0.909,19.299675,0.015000,0.012080
0.910,19.299675,0.015000,0.010006
0.911,19.299675,0.015000,0.013486
0.912,19.299675,0.015000,0.018466
0.913,19.299675,0.015000,0.014537
0.914,19.299675,0.015000,0.011832
0.915,19.299675,0.015000,0.009270
0.916,19.299675,0.015000,0.015678
0.917,19.299675,0.015000,0.016504
0.918,19.299675,0.015000,0.016518
0.919,19.299675,0.015000,0.009910
0.920,19.299675,0.015000,0.013661
0.921,19.299675,0.015000,0.015084
0.922,19.299675,0.015000,0.015787
0.923,19.299675,0.015000,0.012823
0.924,19.299675,0.015000,0.017904
0.925,19.299675,0.015000,0.015622
0.926,19.299675,0.015000,0.011201
0.927,19.299675,0.015000,0.005958
0.928,19.299675,0.015000,0.007084
0.929,19.779753,0.015000,0.007084
0.930,19.779753,0.015000,0.013292
0.931,19.779753,0.015000,0.013124
0.932,19.779753,0.015000,0.009739
0.933,19.779753,0.015000,0.014370
0.934,19.779753,0.015000,0.014915
0.935,19.779753,0.015000,0.013964
0.936,19.779753,0.015000,0.010407
0.937,19.779753,0.015000,0.017774
0.938,19.779753,0.015000,0.016729
0.939,19.779753,0.015000,0.016052
0.940,19.779753,0.015000,0.009900
0.941,19.779753,0.015000,0.010329
0.942,19.779753,0.015000,0.013513
0.943,19.779753,0.015000,0.012509
0.944,19.779753,0.015000,0.008728
0.945,19.779753,0.015000,0.009766
0.946,19.779753,0.015000,0.015780
0.947,19.779753,0.015000,0.013716
0.948,19.779753,0.015000,0.011757
0.949,19.779753,0.015000,0.019069
0.950,19.779753,0.015000,0.020841
0.951,19.779753,0.015000,0.017830
0.952,19.779753,0.015000,0.011261
0.953,19.779753,0.015000,0.009003
0.954,19.779753,0.015000,0.011222
0.955,19.779753,0.015000,0.015119
0.956,19.779753,0.015000,0.011162
0.957,19.779753,0.015000,0.010250
0.958,19.779753,0.015000,0.013825
0.959,19.779753,0.015000,0.011905
0.960,19.779753,0.015000,0.008363
0.961,19.779753,0.015000,0.014818
0.962,19.779753,0.015000,0.017634
0.963,19.779753,0.015000,0.012116
0.964,19.779753,0.015000,0.007691
0.965,19.779753,0.015000,0.008733
0.966,19.779753,0.015000,0.016612
0.967,19.779753,0.015000,0.016631
0.968,19.779753,0.015000,0.013766
0.969,19.779753,0.015000,0.009678
0.970,19.779753,0.015000,0.016269
0.971,19.779753,0.015000,0.015003
0.972,19.779753,0.015000,0.010572
0.973,19.779753,0.015000,0.016397
0.974,19.779753,0.015000,0.021403
0.975,19.779753,0.015000,0.016946
0.976,19.779753,0.015000,0.012634
0.977,19.779753,0.015000,0.011568
0.978,19.779753,0.015000,0.014597
0.979,19.779753,0.015000,0.013985
0.980,19.779753,0.015000,0.010825
0.981,20.743279,0.015000,0.010825
0.982,20.743279,0.015000,0.010825
0.983,20.743279,0.015000,0.011431
0.984,20.796070,0.015000,0.011431
0.985,20.747379,0.015000,0.011431
0.986,20.747379,0.015000,0.011431
0.987,20.802340,0.015000,0.011431
0.989,20.802340,0.015000,0.011431
0.990,20.853962,0.015000,0.011431
0.991,20.853962,0.015000,0.011431
0.992,20.853962,0.015000,0.011431
0.993,20.909904,0.015000,0.011431
0.994,20.909904,0.015000,0.011431
0.995,20.909904,0.015000,0.011431
0.996,20.962696,0.015000,0.011431
0.997,20.962696,0.015000,0.011431
0.998,20.962696,0.015000,0.011431
0.999,21.017656,0.015000,0.011431
1.000,21.017656,0.015000,0.011431
1.001,21.069279,0.015000,0.011431
1.002,21.069279,0.015000,0.011431
1.003,21.069279,0.015000,0.011431
1.004,21.069279,0.015000,0.011431
1.005,21.069279,0.015000,0.011431
1.006,21.069279,0.015000,0.011431
1.007,21.122070,0.015000,0.011431
1.008,21.122070,0.015000,0.011431
1.009,21.122070,0.015000,0.011431
1.010,21.122070,0.015000,0.011431
1.011,21.177031,0.015000,0.011431
1.012,21.177031,0.015000,0.011431
1.013,21.177031,0.015000,0.011431
1.014,21.177031,0.015000,0.011431
1.015,21.177031,0.015000,0.011431
1.016,21.177031,0.015000,0.011431
1.017,21.177031,0.015000,0.011431
1.018,21.177031,0.015000,0.011431
1.019,21.229822,0.015000,0.011431
1.020,21.229822,0.015000,0.011431
1.021,21.181131,0.015000,0.011431
1.022,21.181131,0.015000,0.011431
1.023,21.236092,0.015000,0.011431
1.024,21.236092,0.015000,0.011431
1.025,21.287714,0.015000,0.011431
1.026,21.287714,0.015000,0.011431
1.027,21.239220,0.015000,0.011431
1.028,21.239220,0.015000,0.011431
1.029,21.239220,0.015000,0.011431
1.030,21.239220,0.015000,0.013318
1.031,21.239220,0.015000,0.012407
1.032,21.239220,0.015000,0.011294
1.033,21.239220,0.015000,0.008066
1.034,21.239220,0.015000,0.011699
1.035,21.239220,0.015000,0.011466
1.036,21.239220,0.015000,0.009627
1.037,21.239220,0.015000,0.008878
1.038,21.239220,0.015000,0.011479
1.039,21.239220,0.015000,0.014051
1.040,21.239220,0.015000,0.009730
1.041,21.239220,0.015000,0.012685
1.042,21.239220,0.015000,0.013271
1.043,21.239220,0.015000,0.013961
1.044,21.239220,0.015000,0.011209
1.045,21.239220,0.015000,0.008651
1.046,21.239220,0.015000,0.012286
1.047,21.239220,0.015000,0.011706
1.048,21.239220,0.015000,0.007450
1.049,21.239220,0.015000,0.013154
1.050,21.239220,0.015000,0.011630
1.051,21.239220,0.015000,0.012137
1.052,21.239220,0.015000,0.008602
1.053,21.239220,0.015000,0.014108
1.054,21.239220,0.015000,0.013005
1.055,21.239220,0.015000,0.012888
1.056,21.239220,0.015000,0.008840
1.057,21.256252,0.015000,0.008840
1.058,21.311213,0.015000,0.008840
1.059,21.311213,0.015000,0.008840
1.060,21.311213,0.015000,0.008840
1.061,21.311213,0.015000,0.008840
1.062,21.262718,0.015000,0.008840
1.063,21.262718,0.015000,0.008840
1.064,21.262718,0.015000,0.008840
1.065,21.262718,0.015000,0.014894
1.066,21.262718,0.015000,0.013230
1.067,21.262718,0.015000,0.012422
1.068,21.262718,0.015000,0.007521
1.069,21.262718,0.015000,0.010570
1.070,21.262718,0.015000,0.010400
1.071,21.262718,0.015000,0.011007
1.072,21.262718,0.015000,0.007612
1.073,21.262718,0.015000,0.010823
1.074,21.262718,0.015000,0.013601
1.075,21.262718,0.015000,0.012022
1.076,21.262718,0.015000,0.011001
1.077,21.262718,0.015000,0.015357
1.078,21.272116,0.015000,0.015357
1.079,21.272116,0.015000,0.015357
1.080,21.223425,0.015000,0.015357
1.081,21.223425,0.015000,0.015357
1.082,21.278385,0.015000,0.015357
1.083,21.278385,0.015000,0.015357
1.084,21.278385,0.015000,0.015357
1.085,21.278385,0.015000,0.015357
1.086,21.278385,0.015000,0.015357
1.087,21.278385,0.015000,0.015357
1.088,21.278385,0.015000,0.015357
1.089,21.278385,0.015000,0.015357
1.090,21.278385,0.015000,0.015357
1.091,21.229694,0.015000,0.015357
1.092,21.229694,0.015000,0.015357
1.093,21.284655,0.015000,0.015357
1.094,21.284655,0.015000,0.015357
1.095,21.284655,0.015000,0.015357
1.096,21.284655,0.015000,0.015357
1.097,21.284655,0.015000,0.015357
1.098,21.284655,0.015000,0.015357
1.099,21.284655,0.015000,0.015357
1.100,21.284655,0.015000,0.015357
1.101,21.284655,0.015000,0.015357
1.102,21.284655,0.015000,0.015357
1.103,21.187273,0.015000,0.015357
1.104,21.187273,0.015000,0.015357
1.105,21.242233,0.015000,0.015357
1.106,21.242233,0.015000,0.015357
1.107,21.242233,0.015000,0.015357
1.108,21.242233,0.015000,0.015357
1.109,21.193739,0.015000,0.015357
1.110,21.193739,0.015000,0.015357
1.111,21.193739,0.015000,0.015357
1.112,21.193739,0.015000,0.015357
1.113,21.246531,0.015000,0.015357
1.114,21.246531,0.015000,0.015357
1.115,21.197840,0.015000,0.015357
1.116,21.197840,0.015000,0.015357
1.117,21.252800,0.015000,0.015357
1.118,21.252800,0.015000,0.015357
1.119,21.252800,0.015000,0.015357
1.120,21.252800,0.015000,0.015357
1.121,21.204306,0.015000,0.015357
1.122,21.204306,0.015000,0.015357
1.123,21.204306,0.015000,0.015357
1.124,21.204306,0.015000,0.015357
1.125,21.204306,0.015000,0.015357
1.126,21.204306,0.015000,0.015357
1.127,21.204306,0.015000,0.015357
1.128,21.204306,0.015000,0.015357
1.129,21.204306,0.015000,0.015357
1.130,21.259266,0.015000,0.015357
1.131,21.207644,0.015000,0.015357
1.132,21.207644,0.015000,0.015357
1.133,21.207644,0.015000,0.015357
1.134,21.207644,0.015000,0.015357
1.135,21.207644,0.015000,0.015357
1.136,21.207644,0.015000,0.015357
1.137,21.260435,0.015000,0.015357
1.138,21.211744,0.015000,0.015357
1.139,21.211744,0.015000,0.015357
1.140,21.266705,0.015000,0.015357
1.141,21.266705,0.015000,0.015357
1.142,21.266705,0.015000,0.015357
1.143,21.266705,0.015000,0.015357
1.144,21.266705,0.015000,0.015357
1.145,21.266705,0.015000,0.015357
1.146,21.266705,0.015000,0.015357
1.147,21.266705,0.015000,0.015357
1.148,21.266705,0.015000,0.015357
1.149,21.266705,0.015000,0.015357
1.150,21.218014,0.015000,0.015357
1.151,21.218014,0.015000,0.015357
1.152,21.272974,0.015000,0.015357
1.153,21.272974,0.015000,0.015357
1.154,21.272974,0.015000,0.015357
1.155,21.272974,0.015000,0.015357
1.156,21.272974,0.015000,0.015357
1.157,21.272974,0.015000,0.015357
1.158,21.272974,0.015000,0.011990
1.159,21.272974,0.015000,0.010960
1.160,21.272974,0.015000,0.011253
1.161,21.272974,0.015000,0.008279
1.162,21.272974,0.015000,0.013398
1.163,21.272974,0.015000,0.012931
1.164,21.272974,0.015000,0.013756
1.165,21.272974,0.015000,0.008394
1.166,21.272974,0.015000,0.012386
1.167,21.272974,0.015000,0.013069
1.168,21.272974,0.015000,0.012676
1.169,21.272974,0.015000,0.010127
1.170,21.272974,0.015000,0.013654
1.171,21.272974,0.015000,0.013757
1.172,21.279243,0.015000,0.013757
1.173,21.279243,0.015000,0.013757
1.174,21.230553,0.015000,0.013757
1.175,21.230553,0.015000,0.013757
1.176,21.285513,0.015000,0.013757
1.177,21.285513,0.015000,0.013757
1.178,21.285513,0.015000,0.013757
1.179,21.285513,0.015000,0.012983
1.180,21.285513,0.015000,0.013875
1.181,21.285513,0.015000,0.010752
1.182,21.285513,0.015000,0.014872
1.183,21.285513,0.015000,0.013581
1.184,21.285513,0.015000,0.013162
1.185,21.285513,0.015000,0.012009
1.186,21.285513,0.015000,0.011763
1.188,21.285513,0.015000,0.011860
1.189,21.285513,0.015000,0.009676
1.190,21.285513,0.015000,0.007962
1.191,21.285513,0.015000,0.011792
1.192,21.285513,0.015000,0.013927
1.193,21.285513,0.015000,0.009336
1.194,21.285513,0.015000,0.010175
1.195,21.285513,0.015000,0.010128
1.196,21.285513,0.015000,0.011317
1.197,21.285513,0.015000,0.009150
1.198,21.285513,0.015000,0.016579
1.199,21.285513,0.015000,0.012780
1.200,21.285513,0.015000,0.010256
1.201,21.285513,0.015000,0.004192
1.202,21.285513,0.015000,0.008187
1.203,21.285513,0.015000,0.012504
1.204,21.285513,0.015000,0.013763
1.205,21.238958,0.015000,0.013763
1.206,21.238958,0.015000,0.013763
1.207,21.291750,0.015000,0.013763
1.208,21.291750,0.015000,0.013763
1.209,21.243059,0.015000,0.013763
1.210,21.243059,0.015000,0.013763
1.211,21.298019,0.015000,0.013763
1.212,21.298019,0.015000,0.013763
1.213,21.298019,0.015000,0.013763
1.214,21.298019,0.015000,0.013763
1.215,21.298019,0.015000,0.013763
1.216,21.298019,0.015000,0.013763
1.217,21.242077,0.015000,0.013763
1.218,21.242077,0.015000,0.013763
1.219,21.294868,0.015000,0.013763
1.220,21.294868,0.015000,0.013763
1.221,21.246178,0.015000,0.013763
1.222,21.246178,0.015000,0.013763
1.223,21.301138,0.015000,0.013763
1.224,21.301138,0.015000,0.013763
1.225,21.301138,0.015000,0.013763
1.226,21.301138,0.015000,0.013763
1.227,21.301138,0.015000,0.013763
1.228,21.301138,0.015000,0.012871
1.229,21.245195,0.015000,0.012871
1.230,21.245195,0.015000,0.012871
1.231,21.297987,0.015000,0.012871
1.232,21.297987,0.015000,0.012871
1.233,21.249296,0.015000,0.012871
1.234,21.249296,0.015000,0.012871
1.235,21.304256,0.015000,0.012871
1.236,21.304256,0.015000,0.012871
1.237,21.304256,0.015000,0.012871
1.238,21.255762,0.015000,0.012871
1.239,21.255762,0.015000,0.012871
1.240,21.255762,0.015000,0.012871
1.241,21.255762,0.015000,0.012871
1.242,21.255762,0.015000,0.012871
1.243,21.308554,0.015000,0.012871
1.244,21.259863,0.015000,0.012871
1.245,21.259863,0.015000,0.012871
1.246,21.314823,0.015000,0.012871
1.247,21.314823,0.015000,0.006091
1.248,21.314823,0.015000,0.007679
1.249,21.314823,0.015000,0.012450
1.250,21.314823,0.015000,0.013921
1.251,21.266329,0.015000,0.013921
1.252,21.266329,0.015000,0.013921
1.253,21.266329,0.015000,0.013921
1.254,21.266329,0.015000,0.013921
1.255,21.266329,0.015000,0.013921
1.256,21.266329,0.015000,0.010055
1.257,21.266329,0.015000,0.010299
1.258,21.266329,0.015000,0.011758
1.259,21.266329,0.015000,0.006588
1.260,21.266329,0.015000,0.010348
1.261,21.266329,0.015000,0.012078
1.262,21.266329,0.015000,0.013291
1.263,21.266329,0.015000,0.008759
1.264,21.266329,0.015000,0.014673
1.265,21.266329,0.015000,0.013737
1.266,21.266329,0.015000,0.013015
1.267,21.266329,0.015000,0.013738
1.268,21.266329,0.015000,0.018117
1.269,21.266329,0.015000,0.011840
1.270,21.266329,0.015000,0.007172
1.271,21.266329,0.015000,0.000506
1.272,21.266329,0.015000,0.007276
1.273,21.266329,0.015000,0.010904
1.274,21.266329,0.015000,0.010255
1.275,21.266329,0.015000,0.009616
1.276,21.266329,0.015000,0.011841
1.277,21.266329,0.015000,0.011110
1.278,21.266329,0.015000,0.011186
1.279,21.266329,0.015000,0.015820
1.280,21.266329,0.015000,0.016367
1.281,21.266329,0.015000,0.011759
1.282,21.266329,0.015000,0.006615
1.283,21.266329,0.015000,0.008113
1.284,21.266329,0.015000,0.011415
1.285,21.266329,0.015000,0.013304
1.286,21.266329,0.015000,0.009436
1.287,21.266329,0.015000,0.014409
1.288,21.266329,0.015000,0.015807
1.289,21.266329,0.015000,0.013939
1.290,21.266329,0.015000,0.011987
1.291,21.266329,0.015000,0.009929
1.292,21.266329,0.015000,0.009801
1.293,21.266329,0.015000,0.012162
1.294,21.266329,0.015000,0.008123
1.295,21.266329,0.015000,0.008934
1.296,21.266329,0.015000,0.010917
1.297,21.266329,0.015000,0.013326
1.298,21.266329,0.015000,0.008443
1.299,21.266329,0.015000,0.012763
1.300,21.266329,0.015000,0.013284
1.301,21.266329,0.015000,0.012567
1.302,21.266329,0.015000,0.008161
1.303,21.266329,0.015000,0.010319
1.304,21.266329,0.015000,0.011014
1.305,21.266329,0.015000,0.010892
1.306,21.266329,0.015000,0.008608
1.307,21.266329,0.015000,0.010978
1.308,21.266329,0.015000,0.011579
1.309,21.266329,0.015000,0.012771
1.310,21.266329,0.015000,0.009634
1.311,21.266329,0.015000,0.015135
1.312,21.266329,0.015000,0.013043
1.313,21.266329,0.015000,0.012577
1.314,21.266329,0.015000,0.008773
1.315,21.266329,0.015000,0.009880
1.316,21.266329,0.015000,0.008709
1.317,21.266329,0.015000,0.003630
1.318,21.266329,0.015000,0.005558
1.319,21.266329,0.015000,0.013552
1.320,21.266329,0.015000,0.014884
1.321,21.266329,0.015000,0.013978
1.322,21.266329,0.015000,0.005951
1.323,21.266329,0.015000,0.011678
1.324,21.266329,0.015000,0.012167
1.325,21.266329,0.015000,0.012100
1.326,21.266329,0.015000,0.013695
1.327,21.266329,0.015000,0.019455
1.328,21.266329,0.015000,0.014221
1.329,21.205706,0.015000,0.014221
1.330,21.205706,0.015000,0.014221
1.331,21.205706,0.015000,0.014221
1.332,21.205706,0.015000,0.014221
1.333,21.205706,0.015000,0.014221
1.334,21.205706,0.015000,0.014221
1.335,21.205706,0.015000,0.011462
1.336,21.205706,0.015000,0.010699
1.337,21.205706,0.015000,0.009451
1.338,21.205706,0.015000,0.008107
1.339,21.205706,0.015000,0.012170
1.340,21.205706,0.015000,0.012320
1.341,21.205706,0.015000,0.009532
1.342,21.205706,0.015000,0.012070
1.343,21.205706,0.015000,0.013650
1.344,21.205706,0.015000,0.014882
1.345,21.205706,0.015000,0.009456
1.346,21.205706,0.015000,0.010105
1.347,21.205706,0.015000,0.009685
1.348,21.211975,0.015000,0.009685
1.349,21.264767,0.015000,0.009685
1.350,21.216076,0.015000,0.009685
1.351,21.216076,0.015000,0.009685
1.352,21.271036,0.015000,0.009685
1.353,21.271036,0.015000,0.009685
1.354,21.271036,0.015000,0.009685
1.355,21.271036,0.015000,0.009685
1.356,21.271036,0.015000,0.009685
1.357,21.271036,0.015000,0.009002
1.358,21.271036,0.015000,0.013782
1.359,21.271036,0.015000,0.012112
1.360,21.271036,0.015000,0.011694
1.361,21.271036,0.015000,0.007147
1.362,21.271036,0.015000,0.009446
1.363,21.271036,0.015000,0.009958
1.364,21.271036,0.015000,0.010423
1.365,21.271036,0.015000,0.005546
1.366,21.271036,0.015000,0.011653
1.367,21.271036,0.015000,0.013024
1.368,21.277306,0.015000,0.013024
1.369,21.277306,0.015000,0.013024
1.370,21.277306,0.015000,0.013024
1.371,21.277306,0.015000,0.013024
1.372,21.277306,0.015000,0.013024
1.373,21.277306,0.015000,0.008396
1.374,21.277306,0.015000,0.010558
1.375,21.277306,0.015000,0.010309
1.376,21.277306,0.015000,0.010285
1.377,21.277306,0.015000,0.006720
1.378,21.277306,0.015000,0.011453
1.379,21.277306,0.015000,0.013664
1.380,21.277306,0.015000,0.009165
1.381,21.277306,0.015000,0.010356
1.382,21.277306,0.015000,0.010865
1.383,21.277306,0.015000,0.010787
1.384,21.277306,0.015000,0.008990
1.385,21.277306,0.015000,0.010500
1.386,21.277306,0.015000,0.015825
1.387,21.277306,0.015000,0.014611
1.389,21.277306,0.015000,0.010310
1.390,21.277306,0.015000,0.009068
1.391,21.277306,0.015000,0.012389
1.392,21.277306,0.015000,0.013847
1.393,21.277306,0.015000,0.009006
1.394,21.277306,0.015000,0.016363
1.395,21.277306,0.015000,0.013404
1.396,21.277306,0.015000,0.012777
1.397,21.277306,0.015000,0.006846
1.398,21.277306,0.015000,0.009501
1.399,21.277306,0.015000,0.011905
1.400,21.277306,0.015000,0.011321
1.401,21.277306,0.015000,0.008259
1.402,21.277306,0.015000,0.010651
1.403,21.277306,0.015000,0.011564
1.404,21.277306,0.015000,0.014219
1.405,21.277306,0.015000,0.007978
1.406,21.277306,0.015000,0.014388
1.407,21.277306,0.015000,0.012433
1.408,21.277306,0.015000,0.013405
1.409,21.277306,0.015000,0.009008
1.410,21.277306,0.015000,0.010557
1.411,21.277306,0.015000,0.010985
1.412,21.277306,0.015000,0.011531
1.413,21.277306,0.015000,0.009373
1.414,21.277306,0.015000,0.012240
1.415,21.277306,0.015000,0.013598
1.416,21.277306,0.015000,0.013214
1.417,21.277306,0.015000,0.011578
1.418,21.240139,0.015000,0.011578
1.419,21.292931,0.015000,0.011578
1.420,21.292931,0.015000,0.011578
1.421,21.244240,0.015000,0.011578
1.422,21.244240,0.015000,0.011578
1.423,21.299200,0.015000,0.011578
1.424,21.299200,0.015000,0.011578
1.425,21.299200,0.015000,0.011578
1.426,21.299200,0.015000,0.011768
1.427,21.299200,0.015000,0.013199
1.428,21.299200,0.015000,0.010053
1.429,21.299200,0.015000,0.012687
1.430,21.243258,0.015000,0.012687
1.431,21.243258,0.015000,0.012687
1.432,21.243258,0.015000,0.010429
1.433,21.243258,0.015000,0.007198
1.434,21.243258,0.015000,0.010129
1.435,21.243258,0.015000,0.011032
1.436,21.243258,0.015000,0.009007
1.437,21.243258,0.015000,0.008543
1.438,21.243258,0.015000,0.011825
1.439,21.243258,0.015000,0.013638
1.440,21.243258,0.015000,0.009501
1.441,21.243258,0.015000,0.011262
1.442,21.243258,0.015000,0.012174
1.443,21.243258,0.015000,0.012908
1.444,21.243258,0.015000,0.010917
1.445,21.243258,0.015000,0.008301
1.446,21.243258,0.015000,0.011398
1.447,21.243258,0.015000,0.011545
1.448,21.243258,0.015000,0.007578
1.449,21.243258,0.015000,0.009906
1.450,21.243258,0.015000,0.011306
1.451,21.243258,0.015000,0.013326
1.452,21.243258,0.015000,0.008975
1.453,21.243258,0.015000,0.013429
1.454,21.243258,0.015000,0.012806
1.455,21.243258,0.015000,0.012946
1.456,21.243258,0.015000,0.008377
1.457,21.243258,0.015000,0.010878
1.458,21.243258,0.015000,0.010154
1.459,21.243258,0.015000,0.011183
1.460,21.243258,0.015000,0.007424
1.461,21.270660,0.015000,0.007424
1.462,21.270660,0.015000,0.007424
1.463,21.270660,0.015000,0.007424
1.464,21.270660,0.015000,0.007424
1.465,21.270660,0.015000,0.007424
1.466,21.270660,0.015000,0.007424
1.467,21.270660,0.015000,0.007424
1.468,21.221970,0.015000,0.007424
1.469,21.221970,0.015000,0.007424
1.470,21.276930,0.015000,0.007424
1.471,21.276930,0.015000,0.007424
1.472,21.328552,0.015000,0.007424
1.473,21.328552,0.015000,0.007424
1.474,21.280058,0.015000,0.007424
1.475,21.280058,0.015000,0.007424
1.476,21.280058,0.015000,0.007424
1.477,21.280058,0.015000,0.007424
1.478,21.280058,0.015000,0.007424
1.479,21.231367,0.015000,0.007424
1.480,21.231367,0.015000,0.007424
1.481,21.286327,0.015000,0.007424
1.482,21.286327,0.015000,0.007424
1.483,21.286327,0.015000,0.007424
1.484,21.286327,0.015000,0.007424
1.485,21.286327,0.015000,0.007424
1.486,21.286327,0.015000,0.007424
1.487,21.286327,0.015000,0.007424
1.488,21.286327,0.015000,0.007424
1.489,21.286327,0.015000,0.007424
1.490,21.286327,0.015000,0.007424
1.491,21.237637,0.015000,0.007424
1.492,21.237637,0.015000,0.007424
1.493,21.292597,0.015000,0.007424
1.494,21.292597,0.015000,0.007424
1.495,21.292597,0.015000,0.007424
1.496,21.292597,0.015000,0.007424
1.497,21.292597,0.015000,0.007424
1.498,21.292597,0.015000,0.007424
1.499,21.292597,0.015000,0.007424
1.500,21.292597,0.015000,0.007424
1.501,21.292597,0.015000,0.007424
1.502,21.292597,0.015000,0.007424
1.503,21.243906,0.015000,0.007424
1.504,21.243906,0.015000,0.007424
1.505,21.298866,0.015000,0.007424
1.506,21.298866,0.015000,0.007424
1.507,21.247244,0.015000,0.007424
1.508,21.247244,0.015000,0.007424
1.509,21.247244,0.015000,0.007424
1.510,21.247244,0.015000,0.007424
1.511,21.247244,0.015000,0.007424
1.512,21.247244,0.015000,0.007424
1.513,21.300035,0.015000,0.007424
1.514,21.300035,0.015000,0.007424
1.515,21.251345,0.015000,0.007424
1.516,21.251345,0.015000,0.007424
1.517,21.251345,0.015000,0.007424
1.518,21.251345,0.015000,0.007424
1.519,21.302967,0.015000,0.007424
1.520,21.302967,0.015000,0.007424
1.521,21.302967,0.015000,0.007424
1.522,21.302967,0.015000,0.007424
1.523,21.302967,0.015000,0.007424
1.524,21.302967,0.015000,0.007424
1.525,21.302967,0.015000,0.007424
1.526,21.205585,0.015000,0.007424
1.527,21.205585,0.015000,0.007424
1.528,21.205585,0.015000,0.007424
1.529,21.205585,0.015000,0.007424
1.530,21.205585,0.015000,0.001135
1.531,21.205585,0.015000,0.001135
1.532,21.157091,0.015000,0.001135
1.533,21.157091,0.015000,0.011230
1.534,21.157091,0.015000,0.014261
1.535,21.157091,0.015000,0.016928
1.536,21.157091,0.015000,0.016067
1.537,21.157091,0.015000,0.011255
1.538,21.157091,0.015000,0.012974
1.539,21.157091,0.015000,0.014938
1.540,21.157091,0.015000,0.016305
1.541,21.157091,0.015000,0.011357
1.542,21.216152,0.015000,0.011357
1.543,21.216152,0.015000,0.011357
1.544,21.216152,0.015000,0.011357
1.545,21.216152,0.015000,0.011357
1.546,21.216152,0.015000,0.011357
1.547,21.216152,0.015000,0.011742
1.548,21.216152,0.015000,0.014271
1.549,21.216152,0.015000,0.011959
1.550,21.216152,0.015000,0.007229
1.551,21.216152,0.015000,0.007605
1.552,21.216152,0.015000,0.009195
1.553,21.216152,0.015000,0.012697
1.554,21.271112,0.015000,0.012697
1.555,21.271112,0.015000,0.012697
1.556,21.271112,0.015000,0.012697
1.557,21.271112,0.015000,0.012697
1.558,21.215170,0.015000,0.012697
1.559,21.215170,0.015000,0.012697
1.560,21.267962,0.015000,0.012697
1.561,21.267962,0.015000,0.012697
1.562,21.219271,0.015000,0.012697
1.563,21.219271,0.015000,0.012697
1.564,21.274231,0.015000,0.012697
1.565,21.274231,0.015000,0.012697
1.566,21.274231,0.015000,0.008817
1.567,21.274231,0.015000,0.012031
1.568,21.274231,0.015000,0.013499
1.569,21.274231,0.015000,0.010671
1.570,21.274231,0.015000,0.011673
1.571,21.274231,0.015000,0.015016
1.572,21.274231,0.015000,0.015016
1.573,21.274231,0.015000,0.015016
1.574,21.225540,0.015000,0.015016
1.575,21.225540,0.015000,0.015016
1.576,21.280500,0.015000,0.015016
1.577,21.280500,0.015000,0.008708
1.578,21.280500,0.015000,0.008708
1.579,21.280500,0.015000,0.008708
1.580,21.280500,0.015000,0.008708
1.581,21.280500,0.015000,0.013098
1.582,21.280500,0.015000,0.010189
1.583,21.280500,0.015000,0.013681
1.584,21.280500,0.015000,0.013848
1.585,21.280500,0.015000,0.013385
1.586,21.280500,0.015000,0.007576
1.587,21.280500,0.015000,0.009983
1.588,21.280500,0.015000,0.009865
1.590,21.280500,0.015000,0.011651
1.591,21.286770,0.015000,0.011651
1.592,21.286770,0.015000,0.011651
1.593,21.286770,0.015000,0.011651
1.594,21.286770,0.015000,0.011651
1.595,21.286770,0.015000,0.011651
1.596,21.230827,0.015000,0.011651
1.597,21.230827,0.015000,0.011651
1.598,21.283619,0.015000,0.011651
1.599,21.283619,0.015000,0.011651
1.600,21.234928,0.015000,0.011651
1.601,21.234928,0.015000,0.011651
1.602,21.234928,0.015000,0.012596
1.603,21.234928,0.015000,0.009867
1.604,21.234928,0.015000,0.001840
1.605,21.234928,0.015000,0.005002
1.606,21.234928,0.015000,0.009206
1.607,21.234928,0.015000,0.011065
1.608,21.234928,0.015000,0.008237
1.609,21.234928,0.015000,0.012894
1.610,21.234928,0.015000,0.011269
1.611,21.234928,0.015000,0.011227
1.612,21.342680,0.015000,0.011227
1.613,21.293989,0.015000,0.011227
1.614,21.293989,0.015000,0.011227
1.615,21.293989,0.015000,0.011227
1.616,21.293989,0.015000,0.011227
1.617,21.293989,0.015000,0.011227
1.618,21.293989,0.015000,0.011227
1.619,21.245495,0.015000,0.011227
1.620,21.245495,0.015000,0.011227
1.621,21.245495,0.015000,0.011227
1.622,21.245495,0.015000,0.011227
1.623,21.298286,0.015000,0.011227
1.624,21.298286,0.015000,0.011227
1.625,21.249596,0.015000,0.011227
1.626,21.249596,0.015000,0.011227
1.627,21.249596,0.015000,0.011502
1.628,21.249596,0.015000,0.004959
1.629,21.249596,0.015000,0.002270
1.630,21.249596,0.015000,0.008180
1.631,21.249596,0.015000,0.011856
1.632,21.249596,0.015000,0.009268
1.633,21.256062,0.015000,0.009268
1.634,21.256062,0.015000,0.009268
1.635,21.256062,0.015000,0.014062
1.636,21.308853,0.015000,0.014062
1.637,21.308853,0.015000,0.011989
1.638,21.308853,0.015000,0.016627
1.639,21.308853,0.015000,0.015324
1.640,21.308853,0.015000,0.012681
1.641,21.308853,0.015000,0.004265
1.642,21.308853,0.015000,0.003060
1.643,21.308853,0.015000,0.007551
1.644,21.308853,0.015000,0.011420
1.645,21.308853,0.015000,0.007746
1.646,21.308853,0.015000,0.013616
1.647,21.308853,0.015000,0.014288
1.648,21.308853,0.015000,0.013172
1.649,21.308853,0.015000,0.010915
1.650,21.308853,0.015000,0.017845
1.651,21.308853,0.015000,0.012951
1.652,21.308853,0.015000,0.010246
1.653,21.308853,0.015000,0.002821
1.654,21.308853,0.015000,0.004948
1.655,21.308853,0.015000,0.008713
1.656,21.308853,0.015000,0.011826
1.657,21.308853,0.015000,0.009331
1.658,21.308853,0.015000,0.014606
1.659,21.308853,0.015000,0.014475
1.660,21.308853,0.015000,0.012714
1.661,21.308853,0.015000,0.012939
1.662,21.308853,0.015000,0.019999
1.663,21.308853,0.015000,0.012892
1.664,21.308853,0.015000,0.009856
1.665,21.308853,0.015000,0.003891
1.666,21.308853,0.015000,0.006235
1.667,21.308853,0.015000,0.009661
1.668,21.280313,0.015000,0.009661
1.669,21.224371,0.015000,0.009661
1.670,21.224371,0.015000,0.015097
1.671,21.224371,0.015000,0.015097
1.672,21.277163,0.015000,0.015097
1.673,21.277163,0.015000,0.015097
1.674,21.228472,0.015000,0.015097
1.675,21.228472,0.015000,0.015097
1.676,21.283432,0.015000,0.015097
1.677,21.283432,0.015000,0.003290
1.678,21.283432,0.015000,0.006917
1.679,21.283432,0.015000,0.009886
1.680,21.283432,0.015000,0.009493
1.681,21.283432,0.015000,0.012850
1.682,21.283432,0.015000,0.014537
1.683,21.283432,0.015000,0.014193
1.684,21.234741,0.015000,0.014193
1.685,21.234741,0.015000,0.014193
1.686,21.289701,0.015000,0.014193
1.687,21.289701,0.015000,0.014193
1.688,21.289701,0.015000,0.014193
1.689,21.289701,0.015000,0.014193
1.690,21.289701,0.015000,0.014193
1.691,21.289701,0.015000,0.014193
1.692,21.233759,0.015000,0.014193
1.693,21.233759,0.015000,0.014193
1.694,21.233759,0.015000,0.014193
1.695,21.286551,0.015000,0.014193
1.696,21.237860,0.015000,0.014193
1.697,21.237860,0.015000,0.014193
1.698,21.292820,0.015000,0.014193
1.699,21.292820,0.015000,0.014193
1.700,21.292820,0.015000,0.008937
1.701,21.292820,0.015000,0.011413
1.702,21.292820,0.015000,0.013710
1.703,21.292820,0.015000,0.009157
1.704,21.292820,0.015000,0.013004
1.705,21.289669,0.015000,0.013004
1.706,21.289669,0.015000,0.013004
1.707,21.240978,0.015000,0.013004
1.708,21.240978,0.015000,0.013004
1.709,21.295938,0.015000,0.013004
1.710,21.295938,0.015000,0.013004
1.711,21.295938,0.015000,0.013004
1.712,21.295938,0.015000,0.013004
1.713,21.295938,0.015000,0.013004
1.714,21.295938,0.015000,0.008326
1.715,21.295938,0.015000,0.012724
1.716,21.295938,0.015000,0.011145
1.717,21.295938,0.015000,0.010966
1.718,21.295938,0.015000,0.007593
1.719,21.295938,0.015000,0.013436
1.720,21.295938,0.015000,0.013188
1.721,21.295938,0.015000,0.014562
1.722,21.299057,0.015000,0.014562
1.723,21.299057,0.015000,0.014562
1.724,21.250563,0.015000,0.014562
1.725,21.250563,0.015000,0.013447
1.726,21.250563,0.015000,0.009548
1.727,21.250563,0.015000,0.013449
1.728,21.250563,0.015000,0.012843
1.729,21.250563,0.015000,0.012154
1.730,21.250563,0.015000,0.006841
1.731,21.250563,0.015000,0.009647
1.732,21.254663,0.015000,0.009647
1.733,21.254663,0.015000,0.009647
1.734,21.254663,0.015000,0.007581
1.735,21.254663,0.015000,0.010948
1.736,21.254663,0.015000,0.012946
1.737,21.254663,0.015000,0.011025
1.738,21.254663,0.015000,0.011798
1.739,21.254663,0.015000,0.013895
1.740,21.261129,0.015000,0.013895
1.741,21.261129,0.015000,0.013895
1.742,21.261129,0.015000,0.013895
1.743,21.212439,0.015000,0.013895
1.744,21.212439,0.015000,0.011616
1.745,21.212439,0.015000,0.009026
1.746,21.212439,0.015000,0.009535
1.747,21.212439,0.015000,0.011280
1.748,21.212439,0.015000,0.014179
1.749,21.270527,0.015000,0.014179
1.750,21.270527,0.015000,0.014179
1.751,21.270527,0.015000,0.014179
1.752,21.270527,0.015000,0.014179
1.753,21.270527,0.015000,0.014179
1.754,21.221836,0.015000,0.014179
1.755,21.221836,0.015000,0.014179
1.756,21.221836,0.015000,0.011425
1.757,21.221836,0.015000,0.007283
1.758,21.328419,0.015000,0.007283
1.759,21.279924,0.015000,0.007283
1.760,21.279924,0.015000,0.007283
1.761,21.279924,0.015000,0.007283
1.762,21.279924,0.015000,0.007283
1.763,21.332716,0.015000,0.007283
1.764,21.332716,0.015000,0.012819
1.765,21.332716,0.015000,0.017894
1.766,21.332716,0.015000,0.012765
1.767,21.338985,0.015000,0.012765
1.768,21.338985,0.015000,0.002540
1.769,21.338985,0.015000,0.002540
1.770,21.338985,0.015000,0.002540
1.771,21.290491,0.015000,0.002540
1.772,21.290491,0.015000,0.002540
1.773,21.234549,0.015000,0.002540
1.774,21.234549,0.015000,0.002540
1.775,21.287340,0.015000,0.002540
1.776,21.287340,0.015000,0.008980
1.777,21.287340,0.015000,0.011251
1.778,21.238649,0.015000,0.011251
1.779,21.238649,0.015000,0.011403
1.780,21.238649,0.015000,0.008391
1.781,21.238649,0.015000,0.011794
1.782,21.238649,0.015000,0.012665
1.783,21.238649,0.015000,0.010906
1.784,21.238649,0.015000,0.011308
1.785,21.238649,0.015000,0.015625
1.786,21.238649,0.015000,0.013253
1.787,21.238649,0.015000,0.011566
1.788,21.238649,0.015000,0.008740
1.790,21.238649,0.015000,0.010741
1.791,21.238649,0.015000,0.012077
1.792,21.238649,0.015000,0.009188
1.793,21.238649,0.015000,0.013041
1.794,21.238649,0.015000,0.013972
1.795,21.238649,0.015000,0.015440
1.796,21.238649,0.015000,0.012882
1.797,21.238649,0.015000,0.011221
1.798,21.238649,0.015000,0.011122
1.799,21.238649,0.015000,0.010634
1.800,21.238649,0.015000,0.008917
1.801,21.238649,0.015000,0.011293
1.802,21.310642,0.015000,0.011293
1.803,21.310642,0.015000,0.011293
1.804,21.310642,0.015000,0.011293
1.805,21.310642,0.015000,0.013278
1.806,21.310642,0.015000,0.014395
1.807,21.310642,0.015000,0.015099
1.808,21.310642,0.015000,0.009567
1.809,21.310642,0.015000,0.015832
1.810,21.310642,0.015000,0.013436
1.811,21.310642,0.015000,0.012917
1.812,21.310642,0.015000,0.006802
1.813,21.310642,0.015000,0.010069
1.814,21.310642,0.015000,0.009646
1.815,21.310642,0.015000,0.007419
1.816,21.310642,0.015000,0.004368
1.817,21.310642,0.015000,0.009572
1.818,21.310642,0.015000,0.012821
1.819,21.310642,0.015000,0.012717
1.820,21.310642,0.015000,0.013736
1.821,21.310642,0.015000,0.015488
1.822,21.310642,0.015000,0.013808
1.823,21.310642,0.015000,0.012596
1.824,21.310642,0.015000,0.010216
1.825,21.310642,0.015000,0.011712
1.826,21.310642,0.015000,0.010654
1.827,21.310642,0.015000,0.010812
1.828,21.310642,0.015000,0.010123
1.829,21.310642,0.015000,0.015052
1.830,21.310642,0.015000,0.014437
1.831,21.310642,0.015000,0.011936
1.832,21.310642,0.015000,0.011515
1.833,21.310642,0.015000,0.011515
1.834,21.310642,0.015000,0.014764
1.835,21.280943,0.015000,0.014764
1.836,21.280943,0.015000,0.014764
1.837,21.232252,0.015000,0.014764
1.838,21.232252,0.015000,0.014764
1.839,21.287212,0.015000,0.014764
1.840,21.287212,0.015000,0.014764
1.841,21.287212,0.015000,0.014764
1.842,21.287212,0.015000,0.014764
1.843,21.287212,0.015000,0.014764
1.844,21.287212,0.015000,0.011496
1.845,21.287212,0.015000,0.009840
1.846,21.287212,0.015000,0.011084
1.847,21.287212,0.015000,0.006115
1.848,21.287212,0.015000,0.011381
1.849,21.287212,0.015000,0.012396
1.850,21.287212,0.015000,0.013496
1.851,21.287212,0.015000,0.009057
1.852,21.287212,0.015000,0.010862
1.853,21.287212,0.015000,0.011999
1.854,21.287212,0.015000,0.013701
1.855,21.287212,0.015000,0.008725
1.856,21.287212,0.015000,0.014116
1.857,21.293482,0.015000,0.014116
1.858,21.293482,0.015000,0.014116
1.859,21.244791,0.015000,0.014116
1.860,21.244791,0.015000,0.014116
1.861,21.299751,0.015000,0.014116
1.862,21.299751,0.015000,0.014116
1.863,21.299751,0.015000,0.014116
1.864,21.299751,0.015000,0.013799
1.865,21.299751,0.015000,0.013727
1.866,21.299751,0.015000,0.009839
1.867,21.299751,0.015000,0.014581
1.868,21.299751,0.015000,0.013211
1.869,21.299751,0.015000,0.011816
1.870,21.299751,0.015000,0.006674
1.871,21.255358,0.015000,0.006674
1.872,21.310318,0.015000,0.006674
1.873,21.310318,0.015000,0.006674
1.874,21.310318,0.015000,0.006674
1.875,21.310318,0.015000,0.006674
1.876,21.261824,0.015000,0.006674
1.877,21.261824,0.015000,0.006674
1.878,21.261824,0.015000,0.006674
1.879,21.314615,0.015000,0.006674
1.880,21.314615,0.015000,0.009311
1.881,21.314615,0.015000,0.015337
1.882,21.314615,0.015000,0.014544
1.883,21.314615,0.015000,0.011835
1.884,21.320885,0.015000,0.011835
1.885,21.320885,0.015000,0.011835
1.886,21.272390,0.015000,0.011835
1.887,21.272390,0.015000,0.011835
1.888,21.272390,0.015000,0.011835
1.889,21.272390,0.015000,0.011835
1.890,21.272390,0.015000,0.011835
1.891,21.325182,0.015000,0.011835
1.892,21.276491,0.015000,0.011835
1.893,21.276491,0.015000,0.011835
1.894,21.331451,0.015000,0.011835
1.895,21.331451,0.015000,0.011835
1.896,21.331451,0.015000,0.011835
1.897,21.331451,0.015000,0.011835
1.898,21.331451,0.015000,0.013398
1.899,21.331451,0.015000,0.008184
1.900,21.331451,0.015000,0.012303
1.901,21.331451,0.015000,0.010764
1.902,21.331451,0.015000,0.011055
1.903,21.331451,0.015000,0.012004
1.904,21.331451,0.015000,0.018105
1.905,21.331451,0.015000,0.012724
1.906,21.286076,0.015000,0.012724
1.907,21.286076,0.015000,0.012724
1.908,21.286076,0.015000,0.012724
1.909,21.286076,0.015000,0.012724
1.910,21.237581,0.015000,0.012724
1.911,21.237581,0.015000,0.012724
1.912,21.237581,0.015000,0.012724
1.913,21.237581,0.015000,0.012724
1.914,21.290373,0.015000,0.012724
1.915,21.290373,0.015000,0.012724
1.916,21.241682,0.015000,0.012724
1.917,21.241682,0.015000,0.012724
1.918,21.296642,0.015000,0.012724
1.919,21.296642,0.015000,0.012724
1.920,21.296642,0.015000,0.012724
1.921,21.296642,0.015000,0.012724
1.922,21.296642,0.015000,0.011632
1.923,21.248148,0.015000,0.011632
1.924,21.248148,0.015000,0.010946
1.925,21.248148,0.015000,0.018996
1.926,21.248148,0.015000,0.012801
1.927,21.248148,0.015000,0.009423
1.928,21.248148,0.015000,0.008539
1.929,21.248148,0.015000,0.012123
1.930,21.248148,0.015000,0.012123
1.931,21.248148,0.015000,0.010114
1.932,21.307209,0.015000,0.010114
1.933,21.307209,0.015000,0.010114
1.934,21.258715,0.015000,0.010114
1.935,21.258715,0.015000,0.009314
1.936,21.258715,0.015000,0.014899
1.937,21.258715,0.015000,0.013951
1.938,21.258715,0.015000,0.013351
1.939,21.258715,0.015000,0.010410
1.940,21.210024,0.015000,0.010410
1.941,21.264984,0.015000,0.010410
1.942,21.264984,0.015000,0.010410
1.943,21.264984,0.015000,0.007752
1.944,21.316607,0.015000,0.007752
1.945,21.316607,0.015000,0.007752
1.946,21.268112,0.015000,0.007752
1.947,21.268112,0.015000,0.007752
1.948,21.268112,0.015000,0.007752
1.949,21.268112,0.015000,0.007752
1.950,21.268112,0.015000,0.007752
1.951,21.268112,0.015000,0.007483
1.952,21.268112,0.015000,0.009425
1.953,21.268112,0.015000,0.010081
1.954,21.268112,0.015000,0.011640
1.955,21.268112,0.015000,0.007668
1.956,21.268112,0.015000,0.010732
1.957,21.268112,0.015000,0.012121
1.958,21.277510,0.015000,0.012121
1.959,21.277510,0.015000,0.013327
1.960,21.277510,0.015000,0.009669
1.961,21.277510,0.015000,0.009669
1.962,21.277510,0.015000,0.009669
1.963,21.277510,0.015000,0.007926
1.964,21.277510,0.015000,0.010285
1.965,21.277510,0.015000,0.010685
1.966,21.277510,0.015000,0.010094
1.967,21.277510,0.015000,0.006976
1.968,21.277510,0.015000,0.011285
1.969,21.277510,0.015000,0.013327
1.970,21.277510,0.015000,0.010716
1.971,21.283779,0.015000,0.010716
1.972,21.283779,0.015000,0.011901
1.973,21.283779,0.015000,0.017486
1.974,21.283779,0.015000,0.013613
1.975,21.283779,0.015000,0.009843
1.976,21.283779,0.015000,0.008921
1.977,21.283779,0.015000,0.010800
1.978,21.283779,0.015000,0.011222
1.979,21.290049,0.015000,0.011222
1.980,21.290049,0.015000,0.011222
1.981,21.290049,0.015000,0.011222
1.982,21.290049,0.015000,0.011222
1.983,21.290049,0.015000,0.011222
1.984,21.290049,0.015000,0.011222
1.985,21.290049,0.015000,0.011222
1.986,21.290049,0.015000,0.011222
1.987,21.241358,0.015000,0.011222
1.988,21.241358,0.015000,0.011222
1.990,21.296318,0.015000,0.011222
1.991,21.296318,0.015000,0.011222
1.992,21.296318,0.015000,0.011222
1.993,21.296318,0.015000,0.011222
1.994,21.296318,0.015000,0.011222
1.995,21.296318,0.015000,0.011222
1.996,21.240376,0.015000,0.011222
1.997,21.240376,0.015000,0.011222
1.998,21.293167,0.015000,0.011222
1.999,21.293167,0.015000,0.011222
2.000,21.244476,0.015000,0.011222
2.001,21.244476,0.015000,0.010647
2.002,21.244476,0.015000,0.010647
2.003,21.244476,0.015000,0.011510
2.004,21.244476,0.015000,0.007928
2.005,21.244476,0.015000,0.011557
2.006,21.244476,0.015000,0.011889
2.007,21.244476,0.015000,0.011040
2.008,21.244476,0.015000,0.009306
2.009,21.244476,0.015000,0.014793
2.010,21.244476,0.015000,0.013752
2.011,21.244476,0.015000,0.012575
2.012,21.244476,0.015000,0.007927
2.013,21.244476,0.015000,0.012068
2.014,21.306875,0.015000,0.012068
2.015,21.306875,0.015000,0.012735
2.016,21.306875,0.015000,0.012735
2.017,21.306875,0.015000,0.012735
2.018,21.306875,0.015000,0.012735
2.019,21.306875,0.015000,0.012735
2.020,21.306875,0.015000,0.012735
2.021,21.250933,0.015000,0.012735
2.022,21.250933,0.015000,0.012735
2.023,21.250933,0.015000,0.007536
2.024,21.250933,0.015000,0.007221
2.025,21.250933,0.015000,0.011824
2.026,21.250933,0.015000,0.011491
2.027,21.250933,0.015000,0.009403
2.028,21.309994,0.015000,0.009403
2.029,21.309994,0.015000,0.009037
2.030,21.309994,0.015000,0.012795
2.031,21.309994,0.015000,0.013304
2.032,21.309994,0.015000,0.011149
2.033,21.309994,0.015000,0.013592
2.034,21.261499,0.015000,0.013592
2.035,21.261499,0.015000,0.012754
2.036,21.261499,0.015000,0.010872
2.037,21.261499,0.015000,0.010872
2.038,21.316460,0.015000,0.010872
2.039,21.316460,0.015000,0.007663
2.040,21.316460,0.015000,0.010491
2.041,21.316460,0.015000,0.010279
2.042,21.316460,0.015000,0.013313
2.043,21.316460,0.015000,0.008129
2.044,21.316460,0.015000,0.013319
2.045,21.316460,0.015000,0.012292
2.046,21.267965,0.015000,0.012292
2.047,21.267965,0.015000,0.012900
2.048,21.267965,0.015000,0.007691
2.049,21.267965,0.015000,0.009458
2.050,21.267965,0.015000,0.009883
2.051,21.267965,0.015000,0.011768
2.052,21.267965,0.015000,0.008665
2.053,21.267965,0.015000,0.011153
2.054,21.267965,0.015000,0.012154
2.055,21.267965,0.015000,0.012128
2.056,21.274235,0.015000,0.012128
2.057,21.274235,0.015000,0.012128
2.058,21.274235,0.015000,0.012128
2.059,21.274235,0.015000,0.012128
2.060,21.225544,0.015000,0.012128
2.061,21.225544,0.015000,0.011426
2.062,21.225544,0.015000,0.012765
2.063,21.225544,0.015000,0.007046
2.064,21.277166,0.015000,0.007046
2.065,21.277166,0.015000,0.007046
2.066,21.277166,0.015000,0.007046
2.067,21.277166,0.015000,0.007046
2.068,21.277166,0.015000,0.007046
2.069,21.277166,0.015000,0.007046
2.070,21.277166,0.015000,0.007046
2.071,21.228476,0.015000,0.007046
2.072,21.228476,0.015000,0.014341
2.073,21.228476,0.015000,0.014341
2.074,21.228476,0.015000,0.014341
2.075,21.228476,0.015000,0.014341
2.076,21.228476,0.015000,0.008843
2.077,21.179981,0.015000,0.008843
2.078,21.179981,0.015000,0.008843
2.079,21.179981,0.015000,0.008843
2.080,21.179981,0.015000,0.008843
2.081,21.179981,0.015000,0.008843
2.082,21.179981,0.015000,0.008843
2.083,21.179981,0.015000,0.008843
2.084,21.179981,0.015000,0.008843
2.085,21.234941,0.015000,0.008843
2.086,21.234941,0.015000,0.008843
2.087,21.234941,0.015000,0.008843
2.088,21.234941,0.015000,0.008843
2.089,21.234941,0.015000,0.008843
2.090,21.234941,0.015000,0.008843
2.091,21.234941,0.015000,0.008843
2.092,21.234941,0.015000,0.008843
2.093,21.234941,0.015000,0.008843
2.094,21.234941,0.015000,0.007376
2.095,21.234941,0.015000,0.011116
2.096,21.241211,0.015000,0.011116
2.097,21.189589,0.015000,0.011116
2.098,21.189589,0.015000,0.011116
2.099,21.189589,0.015000,0.011116
2.100,21.189589,0.015000,0.011116
2.101,21.189589,0.015000,0.011116
2.102,21.189589,0.015000,0.010597
2.103,21.189589,0.015000,0.010825
2.104,21.189589,0.015000,0.006954
2.105,21.189589,0.015000,0.011381
2.106,21.189589,0.015000,0.012004
2.107,21.297340,0.015000,0.012004
2.108,21.297340,0.015000,0.012004
2.109,21.297340,0.015000,0.012004
2.110,21.297340,0.015000,0.012004
2.111,21.297340,0.015000,0.012004
2.112,21.241398,0.015000,0.012004
2.113,21.241398,0.015000,0.012004
2.114,21.294189,0.015000,0.012004
2.115,21.294189,0.015000,0.012004
2.116,21.245499,0.015000,0.012004
2.117,21.245499,0.015000,0.012004
2.118,21.300459,0.015000,0.012004
2.119,21.300459,0.015000,0.012004
2.120,21.248837,0.015000,0.012004
2.121,21.248837,0.015000,0.012004
2.122,21.248837,0.015000,0.012004
2.123,21.248837,0.015000,0.012004
2.124,21.248837,0.015000,0.012004
2.125,21.248837,0.015000,0.012004
2.126,21.301628,0.015000,0.012004
2.127,21.301628,0.015000,0.012004
2.128,21.252937,0.015000,0.012004
2.129,21.307898,0.015000,0.012004
2.130,21.307898,0.015000,0.012004
2.131,21.307898,0.015000,0.013217
2.132,21.307898,0.015000,0.013217
2.133,21.307898,0.015000,0.015234
2.134,21.307898,0.015000,0.010076
2.135,21.307898,0.015000,0.012350
2.136,21.307898,0.015000,0.013048
2.137,21.307898,0.015000,0.012712
2.138,21.307898,0.015000,0.008555
2.139,21.307898,0.015000,0.008575
2.140,21.307898,0.015000,0.012443
2.141,21.307898,0.015000,0.009341
2.142,21.307898,0.015000,0.005404
2.143,21.307898,0.015000,0.007266
2.144,21.307898,0.015000,0.013046
2.145,21.307898,0.015000,0.011946
2.146,21.307898,0.015000,0.009678
2.147,21.269970,0.015000,0.009678
2.148,21.269970,0.015000,0.009678
2.149,21.269970,0.015000,0.009678
2.150,21.221279,0.015000,0.009678
2.151,21.221279,0.015000,0.009678
2.152,21.276239,0.015000,0.009678
2.153,21.276239,0.015000,0.009678
2.154,21.276239,0.015000,0.009678
2.155,21.276239,0.015000,0.009678
2.156,21.276239,0.015000,0.009678
2.157,21.276239,0.015000,0.009678
2.158,21.276239,0.015000,0.014415
2.159,21.276239,0.015000,0.014080
2.160,21.276239,0.015000,0.011794
2.161,21.276239,0.015000,0.007730
2.162,21.276239,0.015000,0.010249
2.163,21.276239,0.015000,0.010524
2.164,21.276239,0.015000,0.009367
2.165,21.276239,0.015000,0.006744
2.166,21.276239,0.015000,0.010383
2.167,21.276239,0.015000,0.013298
2.168,21.276239,0.015000,0.012225
2.169,21.276239,0.015000,0.008145
2.170,21.276239,0.015000,0.012203
2.171,21.276239,0.015000,0.011226
2.172,21.276239,0.015000,0.010369
2.173,21.276239,0.015000,0.008464
2.174,21.234987,0.015000,0.008464
2.175,21.234987,0.015000,0.008464
2.176,21.286610,0.015000,0.008464
2.177,21.286610,0.015000,0.008464
2.178,21.286610,0.015000,0.008464
2.179,21.286610,0.015000,0.008464
2.180,21.286610,0.015000,0.008464
2.181,21.286610,0.015000,0.008464
2.182,21.286610,0.015000,0.008464
2.183,21.286610,0.015000,0.007649
2.184,21.286610,0.015000,0.007649
2.185,21.286610,0.015000,0.010464
2.186,21.286610,0.015000,0.011937
2.187,21.286610,0.015000,0.008467
2.188,21.286610,0.015000,0.010952
2.189,21.286610,0.015000,0.010234
2.191,21.289948,0.015000,0.010234
2.192,21.289948,0.015000,0.007704
2.193,21.289948,0.015000,0.008669
2.194,21.289948,0.015000,0.010708
2.195,21.289948,0.015000,0.011673
2.196,21.289948,0.015000,0.007225
2.197,21.289948,0.015000,0.013012
2.198,21.289948,0.015000,0.013501
2.199,21.289948,0.015000,0.015373
2.200,21.296217,0.015000,0.015373
2.201,21.296217,0.015000,0.015373
2.202,21.296217,0.015000,0.015373
2.203,21.296217,0.015000,0.015373
2.204,21.296217,0.015000,0.015373
2.205,21.296217,0.015000,0.015373
2.206,21.296217,0.015000,0.015373
2.207,21.296217,0.015000,0.015373
2.208,21.296217,0.015000,0.010284
2.209,21.296217,0.015000,0.009892
2.210,21.296217,0.015000,0.011300
2.211,21.296217,0.015000,0.006197
2.212,21.296217,0.015000,0.012201
2.213,21.296217,0.015000,0.012684
2.214,21.296217,0.015000,0.012986
2.215,21.296217,0.015000,0.011345
2.216,21.296217,0.015000,0.015319
2.217,21.296217,0.015000,0.013047
2.218,21.296217,0.015000,0.012842
2.219,21.296217,0.015000,0.006670
2.220,21.296217,0.015000,0.010135
2.221,21.296217,0.015000,0.010953
2.222,21.296217,0.015000,0.011161
2.223,21.296217,0.015000,0.007008
2.224,21.296217,0.015000,0.011270
2.225,21.296217,0.015000,0.012884
2.226,21.296217,0.015000,0.011253
2.227,21.296217,0.015000,0.009741
2.228,21.257111,0.015000,0.009741
2.229,21.257111,0.015000,0.009741
2.230,21.309902,0.015000,0.009741
2.231,21.309902,0.015000,0.009741
2.232,21.261211,0.015000,0.009741
2.233,21.261211,0.015000,0.009741
2.234,21.316172,0.015000,0.009741
2.235,21.316172,0.015000,0.009741
2.236,21.316172,0.015000,0.009741
2.237,21.267677,0.015000,0.009741
2.238,21.267677,0.015000,0.009741
2.239,21.267677,0.015000,0.009741
2.240,21.267677,0.015000,0.009741
2.241,21.267677,0.015000,0.009741
2.242,21.267677,0.015000,0.009741
2.243,21.218987,0.015000,0.009741
2.244,21.218987,0.015000,0.009741
2.245,21.273947,0.015000,0.009741
2.246,21.273947,0.015000,0.009741
2.247,21.325569,0.015000,0.009741
2.248,21.325569,0.015000,0.009741
2.249,21.277075,0.015000,0.009741
2.250,21.277075,0.015000,0.009741
2.251,21.277075,0.015000,0.009741
2.252,21.277075,0.015000,0.009741
2.253,21.329866,0.015000,0.009741
2.254,21.329866,0.015000,0.009741
2.255,21.281176,0.015000,0.009741
2.256,21.281176,0.015000,0.009741
2.257,21.336136,0.015000,0.009741
2.258,21.336136,0.015000,0.009741
2.259,21.336136,0.015000,0.009741
2.260,21.336136,0.015000,0.009741
2.261,21.287642,0.015000,0.009741
2.262,21.287642,0.015000,0.009741
2.263,21.231699,0.015000,0.009741
2.264,21.231699,0.015000,0.009741
2.265,21.284491,0.015000,0.009741
2.266,21.284491,0.015000,0.009741
2.267,21.235800,0.015000,0.009741
2.268,21.235800,0.015000,0.009741
2.269,21.290760,0.015000,0.009741
2.270,21.290760,0.015000,0.009741
2.271,21.290760,0.015000,0.009741
2.272,21.290760,0.015000,0.009741
2.273,21.242266,0.015000,0.009741
2.274,21.242266,0.015000,0.009741
2.275,21.242266,0.015000,0.009741
2.276,21.242266,0.015000,0.009741
2.277,21.295057,0.015000,0.009741
2.278,21.295057,0.015000,0.009741
2.279,21.246367,0.015000,0.009741
2.280,21.246367,0.015000,0.009741
2.281,21.246367,0.015000,0.010240
2.282,21.246367,0.015000,0.008223
2.283,21.246367,0.015000,0.011555
2.284,21.246367,0.015000,0.013854
2.285,21.246367,0.015000,0.009639
2.286,21.246367,0.015000,0.012735
2.287,21.246367,0.015000,0.017039
2.288,21.246367,0.015000,0.013784
2.289,21.246367,0.015000,0.008126
2.290,21.246367,0.015000,0.009631
2.291,21.246367,0.015000,0.010530
2.292,21.246367,0.015000,0.012269
2.293,21.246367,0.015000,0.008491
2.294,21.246367,0.015000,0.010398
2.295,21.246367,0.015000,0.011455
2.296,21.246367,0.015000,0.013990
2.297,21.246367,0.015000,0.008396
2.298,21.246367,0.015000,0.013972
2.299,21.246367,0.015000,0.013192
2.300,21.246367,0.015000,0.013329
2.301,21.246367,0.015000,0.007910
2.302,21.246367,0.015000,0.009588
2.303,21.246367,0.015000,0.009324
2.304,21.246367,0.015000,0.011564
2.305,21.246367,0.015000,0.007489
2.306,21.246367,0.015000,0.011736
2.307,21.246367,0.015000,0.012750
2.308,21.246367,0.015000,0.014280
2.309,21.246367,0.015000,0.009431
2.310,21.246367,0.015000,0.015277
2.311,21.246367,0.015000,0.013532
2.312,21.246367,0.015000,0.012017
2.313,21.246367,0.015000,0.008802
2.314,21.246367,0.015000,0.010838
2.315,21.246367,0.015000,0.010264
2.316,21.246367,0.015000,0.011454
2.317,21.246367,0.015000,0.008566
2.318,21.246367,0.015000,0.012025
2.319,21.246367,0.015000,0.012294
2.320,21.246367,0.015000,0.010880
2.321,21.246367,0.015000,0.010152
2.322,21.246367,0.015000,0.014864
2.323,21.246367,0.015000,0.013874
2.324,21.246367,0.015000,0.011374
2.325,21.246367,0.015000,0.011333
2.326,21.246367,0.015000,0.013565
2.327,21.246367,0.015000,0.007463
2.328,21.236645,0.015000,0.007463
2.329,21.236645,0.015000,0.007463
2.330,21.236645,0.015000,0.007463
2.331,21.236645,0.015000,0.007463
2.332,21.236645,0.015000,0.007463
2.333,21.236645,0.015000,0.007463
2.334,21.236645,0.015000,0.007463
2.335,21.236645,0.015000,0.007463
2.336,21.289436,0.015000,0.007463
2.337,21.240746,0.015000,0.007463
2.338,21.240746,0.015000,0.007463
2.339,21.240746,0.015000,0.007463
2.340,21.240746,0.015000,0.007463
2.341,21.292368,0.015000,0.007463
2.342,21.292368,0.015000,0.007463
2.343,21.292368,0.015000,0.007463
2.344,21.292368,0.015000,0.007463
2.345,21.292368,0.015000,0.007463
2.346,21.292368,0.015000,0.007463
2.347,21.292368,0.015000,0.007463
2.348,21.292368,0.015000,0.007463
2.349,21.194986,0.015000,0.007463
2.350,21.194986,0.015000,0.007463
2.351,21.249947,0.015000,0.007463
2.352,21.249947,0.015000,0.007463
2.353,21.249947,0.015000,0.007463
2.354,21.249947,0.015000,0.007463
2.355,21.201452,0.015000,0.007463
2.356,21.201452,0.015000,0.007463
2.357,21.257395,0.015000,0.007463
2.358,21.257395,0.015000,0.011021
2.359,21.310186,0.015000,0.011021
2.360,21.310186,0.015000,0.011021
2.361,21.212805,0.015000,0.011021
2.362,21.212805,0.015000,0.014681
2.363,21.212805,0.015000,0.012392
2.364,21.212805,0.015000,0.006532
2.365,21.267765,0.015000,0.006532
2.366,21.267765,0.015000,0.006532
2.367,21.219271,0.015000,0.006532
2.368,21.219271,0.015000,0.010750
2.369,21.219271,0.015000,0.010750
2.370,21.219271,0.015000,0.010750
2.371,21.219271,0.015000,0.010750
2.372,21.219271,0.015000,0.010750
2.373,21.170580,0.015000,0.010750
2.374,21.170580,0.015000,0.014223
2.375,21.170580,0.015000,0.012292
2.376,21.170580,0.015000,0.008152
2.377,21.170580,0.015000,0.012580
2.378,21.170580,0.015000,0.012313
2.379,21.225540,0.015000,0.012313
2.380,21.225540,0.015000,0.012313
2.381,21.225540,0.015000,0.012313
2.382,21.225540,0.015000,0.012313
2.383,21.225540,0.015000,0.007892
2.384,21.225540,0.015000,0.007464
2.385,21.225540,0.015000,0.011388
2.386,21.284601,0.015000,0.011388
2.387,21.284601,0.015000,0.010071
2.388,21.284601,0.015000,0.011984
2.389,21.284601,0.015000,0.014218
2.390,21.284601,0.015000,0.015011
2.392,21.284601,0.015000,0.010298
2.393,21.284601,0.015000,0.012315
2.394,21.284601,0.015000,0.013770
2.395,21.284601,0.015000,0.012634
2.396,21.284601,0.015000,0.006860
2.397,21.284601,0.015000,0.008594
2.398,21.284601,0.015000,0.009579
2.399,21.284601,0.015000,0.011543
2.400,21.284601,0.015000,0.006394
2.401,21.284601,0.015000,0.008830
2.402,21.284601,0.015000,0.009442
2.403,21.284601,0.015000,0.011560
2.404,21.284601,0.015000,0.008107
2.405,21.284601,0.015000,0.014185
2.406,21.284601,0.015000,0.012819
2.407,21.284601,0.015000,0.013184
2.408,21.284601,0.015000,0.009195
2.409,21.284601,0.015000,0.014340
2.410,21.284601,0.015000,0.014223
2.411,21.284601,0.015000,0.013331
2.412,21.284601,0.015000,0.008713
2.413,21.284601,0.015000,0.011768
2.414,21.284601,0.015000,0.012345
2.415,21.284601,0.015000,0.012076
2.416,21.284601,0.015000,0.006558
2.417,21.284601,0.015000,0.011723
2.418,21.284601,0.015000,0.010419
2.419,21.284601,0.015000,0.009486
2.420,21.284601,0.015000,0.006959
2.421,21.284601,0.015000,0.009650
2.422,21.284601,0.015000,0.011289
2.423,21.284601,0.015000,0.011179
2.424,21.284601,0.015000,0.010695
2.425,21.284601,0.015000,0.015735
2.426,21.284601,0.015000,0.014823
2.427,21.284601,0.015000,0.013165
2.428,21.284601,0.015000,0.008009
2.429,21.256477,0.015000,0.008009
2.430,21.256477,0.015000,0.008009
2.431,21.256477,0.015000,0.010068
2.432,21.256477,0.015000,0.009607
2.433,21.256477,0.015000,0.010694
2.434,21.256477,0.015000,0.012729
2.435,21.256477,0.015000,0.010576
2.436,21.256477,0.015000,0.012317
2.437,21.256477,0.015000,0.014588
2.438,21.256477,0.015000,0.015939
2.439,21.256477,0.015000,0.010123
2.440,21.256477,0.015000,0.013636
2.441,21.256477,0.015000,0.013653
2.442,21.256477,0.015000,0.011776
2.443,21.256477,0.015000,0.006228
2.444,21.256477,0.015000,0.009236
2.445,21.273314,0.015000,0.009236
2.446,21.273314,0.015000,0.011307
2.447,21.273314,0.015000,0.005832
2.448,21.273314,0.015000,0.008136
2.449,21.273314,0.015000,0.009780
2.450,21.273314,0.015000,0.011166
2.451,21.273314,0.015000,0.007034
2.452,21.273314,0.015000,0.012825
2.453,21.273314,0.015000,0.012825
2.454,21.273314,0.015000,0.013889
2.455,21.273314,0.015000,0.008656
2.456,21.273314,0.015000,0.014131
2.457,21.273314,0.015000,0.013406
2.458,21.279583,0.015000,0.013406
2.459,21.279583,0.015000,0.013406
2.460,21.279583,0.015000,0.013406
2.461,21.279583,0.015000,0.013406
2.462,21.279583,0.015000,0.013406
2.463,21.279583,0.015000,0.013406
2.464,21.279583,0.015000,0.013406
2.465,21.279583,0.015000,0.013406
2.466,21.279583,0.015000,0.013406
2.467,21.230892,0.015000,0.013406
2.468,21.230892,0.015000,0.013406
2.469,21.285852,0.015000,0.013406
2.470,21.285852,0.015000,0.013406
2.471,21.234230,0.015000,0.013406
2.472,21.234230,0.015000,0.013406
2.473,21.234230,0.015000,0.013406
2.474,21.234230,0.015000,0.009552
2.475,21.234230,0.015000,0.010309
2.476,21.234230,0.015000,0.014374
2.477,21.287022,0.015000,0.014374
2.478,21.287022,0.015000,0.014374
2.479,21.238331,0.015000,0.014374
2.480,21.238331,0.015000,0.014374
2.481,21.238331,0.015000,0.014374
2.482,21.238331,0.015000,0.014374
2.483,21.289953,0.015000,0.014374
2.484,21.289953,0.015000,0.014374
2.485,21.289953,0.015000,0.014374
2.486,21.289953,0.015000,0.014374
2.487,21.289953,0.015000,0.014374
2.488,21.289953,0.015000,0.014374
2.489,21.289953,0.015000,0.014374
2.490,21.241262,0.015000,0.014374
2.491,21.241262,0.015000,0.014374
2.492,21.296223,0.015000,0.014374
2.493,21.296223,0.015000,0.014374
2.494,21.296223,0.015000,0.014374
2.495,21.296223,0.015000,0.014374
2.496,21.296223,0.015000,0.014374
2.497,21.296223,0.015000,0.014374
2.498,21.296223,0.015000,0.014374
2.499,21.296223,0.015000,0.014374
2.500,21.296223,0.015000,0.014374
2.501,21.296223,0.015000,0.014374
2.502,21.247532,0.015000,0.014374
2.503,21.247532,0.015000,0.010053
2.504,21.247532,0.015000,0.012994
2.505,21.247532,0.015000,0.008203
2.506,21.247532,0.015000,0.014566
2.507,21.247532,0.015000,0.014944
2.508,21.247532,0.015000,0.014591
2.509,21.247532,0.015000,0.010555
2.510,21.247532,0.015000,0.014746
2.511,21.247532,0.015000,0.013594
2.512,21.247532,0.015000,0.011734
2.513,21.247532,0.015000,0.007252
2.514,21.247532,0.015000,0.009625
2.515,21.247532,0.015000,0.010757
2.516,21.247532,0.015000,0.010314
2.517,21.247532,0.015000,0.007140
2.518,21.247532,0.015000,0.012354
2.519,21.247532,0.015000,0.012629
2.520,21.247532,0.015000,0.011006
2.521,21.247532,0.015000,0.008349
2.522,21.247532,0.015000,0.010980
2.523,21.247532,0.015000,0.012154
2.524,21.247532,0.015000,0.009985
2.525,21.247532,0.015000,0.009785
2.526,21.247532,0.015000,0.015021
2.527,21.247532,0.015000,0.015799
2.528,21.316200,0.015000,0.015799
2.529,21.316200,0.015000,0.015799
2.530,21.316200,0.015000,0.012141
2.531,21.316200,0.015000,0.012866
2.532,21.316200,0.015000,0.011618
2.533,21.316200,0.015000,0.010949
2.534,21.316200,0.015000,0.011755
2.535,21.316200,0.015000,0.012411
2.536,21.267706,0.015000,0.012411
2.537,21.267706,0.015000,0.008803
2.538,21.267706,0.015000,0.010029
2.539,21.267706,0.015000,0.011737
2.540,21.267706,0.015000,0.006200
2.541,21.267706,0.015000,0.009007
2.542,21.267706,0.015000,0.012072
2.543,21.267706,0.015000,0.013761
2.544,21.267706,0.015000,0.009420
2.545,21.267706,0.015000,0.012403
2.546,21.267706,0.015000,0.009377
2.547,21.267706,0.015000,0.010889
2.548,21.267706,0.015000,0.006227
2.549,21.225481,0.015000,0.006227
2.550,21.280441,0.015000,0.006227
2.551,21.280441,0.015000,0.006227
2.552,21.280441,0.015000,0.008652
2.553,21.280441,0.015000,0.015095
2.554,21.280441,0.015000,0.015934
2.555,21.280441,0.015000,0.014368
2.556,21.280441,0.015000,0.012433
2.557,21.280441,0.015000,0.015301
2.558,21.280441,0.015000,0.013098
2.559,21.280441,0.015000,0.013226
2.560,21.231750,0.015000,0.013226
2.561,21.231750,0.015000,0.013226
2.562,21.286711,0.015000,0.013226
2.563,21.286711,0.015000,0.013226
2.564,21.286711,0.015000,0.013226
2.565,21.286711,0.015000,0.013226
2.566,21.286711,0.015000,0.013226
2.567,21.286711,0.015000,0.013226
2.568,21.286711,0.015000,0.013226
2.569,21.286711,0.015000,0.013226
2.570,21.286711,0.015000,0.013226
2.571,21.286711,0.015000,0.013226
2.572,21.238020,0.015000,0.013226
2.573,21.238020,0.015000,0.013236
2.574,21.238020,0.015000,0.012271
2.575,21.238020,0.015000,0.009140
2.576,21.292980,0.015000,0.009140
2.577,21.292980,0.015000,0.009140
2.578,21.292980,0.015000,0.009140
2.579,21.292980,0.015000,0.009140
2.580,21.292980,0.015000,0.009140
2.581,21.345772,0.015000,0.009140
2.582,21.345772,0.015000,0.013027
2.583,21.345772,0.015000,0.008994
2.584,21.297081,0.015000,0.008994
2.585,21.297081,0.015000,0.008994
2.586,21.297081,0.015000,0.008994
2.587,21.297081,0.015000,0.008994
2.588,21.297081,0.015000,0.008994
2.589,21.297081,0.015000,0.006872
2.590,21.248587,0.015000,0.006872
2.592,21.248587,0.015000,0.006872
2.593,21.248587,0.015000,0.006872
2.594,21.301378,0.015000,0.006872
2.595,21.301378,0.015000,0.006872
2.596,21.252687,0.015000,0.006872
2.597,21.252687,0.015000,0.006872
2.598,21.307648,0.015000,0.006872
2.599,21.307648,0.015000,0.006872
2.600,21.307648,0.015000,0.006872
2.601,21.307648,0.015000,0.006872
2.602,21.259153,0.015000,0.006872
2.603,21.259153,0.015000,0.006872
2.604,21.259153,0.015000,0.006872
2.605,21.259153,0.015000,0.006872
2.606,21.259153,0.015000,0.006872
2.607,21.259153,0.015000,0.006872
2.608,21.210463,0.015000,0.006872
2.609,21.210463,0.015000,0.006872
2.610,21.265423,0.015000,0.006872
2.611,21.265423,0.015000,0.006872
2.612,21.265423,0.015000,0.006872
2.613,21.265423,0.015000,0.006872
2.614,21.265423,0.015000,0.006872
2.615,21.265423,0.015000,0.006872
2.616,21.265423,0.015000,0.006872
2.617,21.265423,0.015000,0.006872
2.618,21.265423,0.015000,0.010115
2.619,21.265423,0.015000,0.010115
2.620,21.265423,0.015000,0.010115
2.621,21.320383,0.015000,0.010115
2.622,21.320383,0.015000,0.010115
2.623,21.320383,0.015000,0.010115
2.624,21.320383,0.015000,0.010115
2.625,21.320383,0.015000,0.010115
2.626,21.271889,0.015000,0.010115
2.627,21.271889,0.015000,0.010115
2.628,21.271889,0.015000,0.010115
2.629,21.271889,0.015000,0.011476
2.630,21.271889,0.015000,0.010531
2.631,21.223198,0.015000,0.010531
2.632,21.223198,0.015000,0.010531
2.633,21.278158,0.015000,0.010531
2.634,21.278158,0.015000,0.010531
2.635,21.278158,0.015000,0.010531
2.636,21.278158,0.015000,0.010531
2.637,21.278158,0.015000,0.010531
2.638,21.278158,0.015000,0.010531
2.639,21.278158,0.015000,0.010531
2.640,21.278158,0.015000,0.014775
2.641,21.278158,0.015000,0.013778
2.642,21.278158,0.015000,0.013377
2.643,21.278158,0.015000,0.007644
2.644,21.278158,0.015000,0.010255
2.645,21.278158,0.015000,0.009681
2.646,21.278158,0.015000,0.011300
2.647,21.278158,0.015000,0.007284
2.648,21.278158,0.015000,0.009993
2.649,21.278158,0.015000,0.010738
2.650,21.278158,0.015000,0.013747
2.651,21.278158,0.015000,0.009759
2.652,21.278158,0.015000,0.014957
2.653,21.278158,0.015000,0.014031
2.654,21.278158,0.015000,0.012849
2.655,21.278158,0.015000,0.012403
2.656,21.278158,0.015000,0.015288
2.657,21.278158,0.015000,0.010385
2.658,21.278158,0.015000,0.006338
2.659,21.278158,0.015000,0.002894
2.660,21.278158,0.015000,0.007083
2.661,21.278158,0.015000,0.009280
2.662,21.278158,0.015000,0.010389
2.663,21.278158,0.015000,0.010975
2.664,21.278158,0.015000,0.015529
2.665,21.278158,0.015000,0.012763
2.666,21.278158,0.015000,0.009692
2.667,21.278158,0.015000,0.012075
2.668,21.278158,0.015000,0.016294
2.669,21.298113,0.015000,0.016294
2.670,21.298113,0.015000,0.016294
2.671,21.298113,0.015000,0.016294
2.672,21.249619,0.015000,0.016294
2.673,21.249619,0.015000,0.016294
2.674,21.249619,0.015000,0.016294
2.675,21.249619,0.015000,0.016294
2.676,21.249619,0.015000,0.016294
2.677,21.249619,0.015000,0.016294
2.678,21.249619,0.015000,0.016294
2.679,21.249619,0.015000,0.016294
2.680,21.304579,0.015000,0.016294
2.681,21.304579,0.015000,0.016294
2.682,21.304579,0.015000,0.016294
2.683,21.304579,0.015000,0.010435
2.684,21.256084,0.015000,0.010435
2.685,21.256084,0.015000,0.010435
2.686,21.256084,0.015000,0.010435
2.687,21.256084,0.015000,0.010435
2.688,21.256084,0.015000,0.010435
2.689,21.256084,0.015000,0.010435
2.690,21.256084,0.015000,0.010435
2.691,21.256084,0.015000,0.010435
2.692,21.311045,0.015000,0.010435
2.693,21.311045,0.015000,0.010435
2.694,21.311045,0.015000,0.010435
2.695,21.311045,0.015000,0.010435
2.696,21.262550,0.015000,0.010435
2.697,21.262550,0.015000,0.010435
2.698,21.262550,0.015000,0.010435
2.699,21.262550,0.015000,0.010435
2.700,21.262550,0.015000,0.010435
2.701,21.262550,0.015000,0.010435
2.702,21.213860,0.015000,0.010435
2.703,21.213860,0.015000,0.010435
2.704,21.268820,0.015000,0.010435
2.705,21.268820,0.015000,0.010435
2.706,21.320442,0.015000,0.010435
2.707,21.320442,0.015000,0.010435
2.708,21.271948,0.015000,0.010435
2.709,21.271948,0.015000,0.010435
2.710,21.271948,0.015000,0.010435
2.711,21.271948,0.015000,0.010435
2.712,21.271948,0.015000,0.010435
2.713,21.271948,0.015000,0.010435
2.714,21.223257,0.015000,0.010435
2.715,21.223257,0.015000,0.010435
2.716,21.278217,0.015000,0.010435
2.717,21.278217,0.015000,0.010435
2.718,21.278217,0.015000,0.010435
2.719,21.278217,0.015000,0.010435
2.720,21.278217,0.015000,0.009389
2.721,21.278217,0.015000,0.012570
2.722,21.278217,0.015000,0.012570
2.723,21.278217,0.015000,0.012570
2.724,21.278217,0.015000,0.012570
2.725,21.229527,0.015000,0.012570
2.726,21.229527,0.015000,0.012570
2.727,21.284487,0.015000,0.012570
2.728,21.284487,0.015000,0.012570
2.729,21.284487,0.015000,0.007648
2.730,21.284487,0.015000,0.007648
2.731,21.284487,0.015000,0.007648
2.732,21.284487,0.015000,0.009287
2.733,21.284487,0.015000,0.014576
2.734,21.284487,0.015000,0.013992
2.735,21.284487,0.015000,0.013992
2.736,21.284487,0.015000,0.013992
2.737,21.235796,0.015000,0.013992
2.738,21.235796,0.015000,0.013992
2.739,21.290756,0.015000,0.013992
2.740,21.290756,0.015000,0.013992
2.741,21.290756,0.015000,0.010402
2.742,21.290756,0.015000,0.011552
2.743,21.290756,0.015000,0.013211
2.744,21.290756,0.015000,0.009437
2.745,21.290756,0.015000,0.014032
2.746,21.290756,0.015000,0.013306
2.747,21.290756,0.015000,0.010379
2.748,21.290756,0.015000,0.008949
2.749,21.290756,0.015000,0.011387
2.750,21.242065,0.015000,0.011387
2.751,21.297026,0.015000,0.011387
2.752,21.297026,0.015000,0.011387
2.753,21.297026,0.015000,0.011387
2.754,21.297026,0.015000,0.011387
2.755,21.297026,0.015000,0.011387
2.756,21.297026,0.015000,0.011387
2.757,21.297026,0.015000,0.015339
2.758,21.297026,0.015000,0.014368
2.759,21.297026,0.015000,0.012482
2.760,21.297026,0.015000,0.006981
2.761,21.297026,0.015000,0.009947
2.762,21.297026,0.015000,0.010928
2.763,21.297026,0.015000,0.010577
2.764,21.297026,0.015000,0.007841
2.765,21.297026,0.015000,0.011898
2.766,21.300144,0.015000,0.011898
2.767,21.300144,0.015000,0.011898
2.768,21.244202,0.015000,0.011898
2.769,21.244202,0.015000,0.011898
2.770,21.244202,0.015000,0.011898
2.771,21.296993,0.015000,0.011898
2.772,21.248302,0.015000,0.011898
2.773,21.248302,0.015000,0.011898
2.774,21.303263,0.015000,0.011898
2.775,21.303263,0.015000,0.007624
2.776,21.303263,0.015000,0.010837
2.777,21.303263,0.015000,0.011240
2.778,21.303263,0.015000,0.012777
2.779,21.303263,0.015000,0.009750
2.780,21.303263,0.015000,0.015337
2.781,21.303263,0.015000,0.012592
2.782,21.303263,0.015000,0.012460
2.783,21.303263,0.015000,0.006909
2.784,21.303263,0.015000,0.010391
2.785,21.303263,0.015000,0.010145
2.786,21.306381,0.015000,0.010145
2.787,21.306381,0.015000,0.007749
2.788,21.306381,0.015000,0.011050
2.789,21.306381,0.015000,0.012203
2.790,21.306381,0.015000,0.012268
2.791,21.306381,0.015000,0.010809
2.793,21.306381,0.015000,0.014454
2.794,21.306381,0.015000,0.013269
2.795,21.306381,0.015000,0.010517
2.796,21.306381,0.015000,0.007607
2.797,21.306381,0.015000,0.010348
2.798,21.306381,0.015000,0.010531
2.799,21.306381,0.015000,0.010449
2.800,21.306381,0.015000,0.007489
2.801,21.306381,0.015000,0.012701
2.802,21.306381,0.015000,0.011985
2.803,21.306381,0.015000,0.012224
2.804,21.306381,0.015000,0.009283
2.805,21.306381,0.015000,0.013954
2.806,21.314016,0.015000,0.013954
2.807,21.314016,0.015000,0.013954
2.808,21.265326,0.015000,0.013954
2.809,21.265326,0.015000,0.013954
2.810,21.320286,0.015000,0.013954
2.811,21.320286,0.015000,0.013954
2.812,21.320286,0.015000,0.013954
2.813,21.320286,0.015000,0.014411
2.814,21.320286,0.015000,0.015359
2.815,21.320286,0.015000,0.009562
2.816,21.320286,0.015000,0.010470
2.817,21.271791,0.015000,0.010470
2.818,21.271791,0.015000,0.010470
2.819,21.271791,0.015000,0.010470
2.820,21.223101,0.015000,0.010470
2.821,21.223101,0.015000,0.007649
2.822,21.223101,0.015000,0.009796
2.823,21.223101,0.015000,0.010716
2.824,21.223101,0.015000,0.007213
2.825,21.223101,0.015000,0.009777
2.826,21.226439,0.015000,0.009777
2.827,21.226439,0.015000,0.009777
2.828,21.226439,0.015000,0.009777
2.829,21.226439,0.015000,0.009777
2.830,21.226439,0.015000,0.009777
2.831,21.279230,0.015000,0.009777
2.832,21.279230,0.015000,0.013555
2.833,21.279230,0.015000,0.008316
2.834,21.279230,0.015000,0.010828
2.835,21.279230,0.015000,0.011091
2.836,21.279230,0.015000,0.013456
2.837,21.279230,0.015000,0.007596
2.838,21.282162,0.015000,0.007596
2.839,21.282162,0.015000,0.007596
2.840,21.282162,0.015000,0.007596
2.841,21.282162,0.015000,0.007596
2.842,21.282162,0.015000,0.007596
2.843,21.282162,0.015000,0.007596
2.844,21.282162,0.015000,0.007596
2.845,21.233471,0.015000,0.007596
2.846,21.233471,0.015000,0.007596
2.847,21.288431,0.015000,0.007596
2.848,21.288431,0.015000,0.007596
2.849,21.288431,0.015000,0.007596
2.850,21.288431,0.015000,0.007596
2.851,21.288431,0.015000,0.007596
2.852,21.288431,0.015000,0.007596
2.853,21.288431,0.015000,0.007596
2.854,21.288431,0.015000,0.007596
2.855,21.288431,0.015000,0.007596
2.856,21.288431,0.015000,0.007596
2.857,21.239740,0.015000,0.007596
2.858,21.239740,0.015000,0.007596
2.859,21.239740,0.015000,0.010743
2.860,21.239740,0.015000,0.009215
2.861,21.239740,0.015000,0.005851
2.862,21.239740,0.015000,0.009501
2.863,21.239740,0.015000,0.011412
2.864,21.239740,0.015000,0.010933
2.865,21.239740,0.015000,0.010580
2.866,21.239740,0.015000,0.013243
2.867,21.291363,0.015000,0.013243
2.868,21.291363,0.015000,0.013243
2.869,21.193981,0.015000,0.013243
2.870,21.193981,0.015000,0.013243
2.871,21.193981,0.015000,0.013189
2.872,21.193981,0.015000,0.007830
2.873,21.193981,0.015000,0.007830
2.874,21.193981,0.015000,0.007830
2.875,21.193981,0.015000,0.007830
2.876,21.193981,0.015000,0.007830
2.877,21.193981,0.015000,0.007830
2.878,21.193981,0.015000,0.007830
2.879,21.193981,0.015000,0.007830
2.880,21.193981,0.015000,0.007830
2.881,21.193981,0.015000,0.007830
2.882,21.193981,0.015000,0.007830
2.883,21.248941,0.015000,0.007830
2.884,21.248941,0.015000,0.007830
2.885,21.248941,0.015000,0.007830
2.886,21.248941,0.015000,0.007830
2.887,21.248941,0.015000,0.007830
2.888,21.248941,0.015000,0.007998
2.889,21.248941,0.015000,0.013374
2.890,21.248941,0.015000,0.013374
2.891,21.248941,0.015000,0.013374
2.892,21.248941,0.015000,0.013374
2.893,21.200251,0.015000,0.013374
2.894,21.200251,0.015000,0.013374
2.895,21.255211,0.015000,0.013374
2.896,21.255211,0.015000,0.013374
2.897,21.255211,0.015000,0.013374
2.898,21.255211,0.015000,0.013374
2.899,21.255211,0.015000,0.013374
2.900,21.255211,0.015000,0.013374
2.901,21.255211,0.015000,0.011948
2.902,21.255211,0.015000,0.010824
2.903,21.255211,0.015000,0.009368
2.904,21.255211,0.015000,0.008754
2.905,21.255211,0.015000,0.010104
2.906,21.206520,0.015000,0.010104
2.907,21.261480,0.015000,0.010104
2.908,21.261480,0.015000,0.010104
2.909,21.261480,0.015000,0.010104
2.910,21.261480,0.015000,0.010104
2.911,21.261480,0.015000,0.010104
2.912,21.261480,0.015000,0.010104
2.913,21.261480,0.015000,0.010104
2.914,21.261480,0.015000,0.010104
2.915,21.261480,0.015000,0.010104
2.916,21.261480,0.015000,0.011460
2.917,21.261480,0.015000,0.006769
2.918,21.261480,0.015000,0.010136
2.919,21.212790,0.015000,0.010136
2.920,21.267750,0.015000,0.010136
2.921,21.267750,0.015000,0.010136
2.922,21.319372,0.015000,0.010136
2.923,21.270878,0.015000,0.010136
2.924,21.270878,0.015000,0.010136
2.925,21.270878,0.015000,0.010086
2.926,21.270878,0.015000,0.014036
2.927,21.270878,0.015000,0.013576
2.928,21.270878,0.015000,0.013576
2.929,21.270878,0.015000,0.013576
2.930,21.222187,0.015000,0.013576
2.931,21.222187,0.015000,0.013576
2.932,21.222187,0.015000,0.010022
2.933,21.222187,0.015000,0.011465
2.934,21.277147,0.015000,0.011465
2.935,21.277147,0.015000,0.009128
2.936,21.277147,0.015000,0.010628
2.937,21.277147,0.015000,0.013050
2.938,21.277147,0.015000,0.009524
2.939,21.277147,0.015000,0.009524
2.940,21.277147,0.015000,0.009524
2.941,21.277147,0.015000,0.009524
2.942,21.277147,0.015000,0.009524
2.943,21.228456,0.015000,0.009524
2.944,21.228456,0.015000,0.009524
2.945,21.283417,0.015000,0.009524
2.946,21.283417,0.015000,0.011089
2.947,21.283417,0.015000,0.011089
2.948,21.283417,0.015000,0.011089
2.949,21.283417,0.015000,0.011089
2.950,21.283417,0.015000,0.011089
2.951,21.283417,0.015000,0.014268
2.952,21.283417,0.015000,0.014268
2.953,21.283417,0.015000,0.014268
2.954,21.283417,0.015000,0.014268
2.955,21.283417,0.015000,0.009735
2.956,21.289686,0.015000,0.009735
2.957,21.289686,0.015000,0.011156
2.958,21.289686,0.015000,0.011156
2.959,21.289686,0.015000,0.011156
2.960,21.289686,0.015000,0.011156
2.961,21.289686,0.015000,0.011156
2.962,21.289686,0.015000,0.011156
2.963,21.289686,0.015000,0.011156
2.964,21.342478,0.015000,0.011156
2.965,21.342478,0.015000,0.011156
2.966,21.293787,0.015000,0.011156
2.967,21.293787,0.015000,0.011156
2.968,21.293787,0.015000,0.011156
2.969,21.293787,0.015000,0.011156
2.970,21.293787,0.015000,0.008035
2.971,21.293787,0.015000,0.011556
2.972,21.293787,0.015000,0.009042
2.973,21.293787,0.015000,0.012644
2.974,21.293787,0.015000,0.015134
2.975,21.293787,0.015000,0.015401
2.976,21.290636,0.015000,0.015401
2.977,21.290636,0.015000,0.010264
2.978,21.290636,0.015000,0.012420
2.979,21.296906,0.015000,0.012420
2.980,21.296906,0.015000,0.012420
2.981,21.296906,0.015000,0.011013
2.982,21.296906,0.015000,0.011013
2.983,21.296906,0.015000,0.014145
2.984,21.296906,0.015000,0.016264
2.985,21.296906,0.015000,0.013933
2.986,21.296906,0.015000,0.009515
2.987,21.240963,0.015000,0.009515
2.988,21.240963,0.015000,0.009515
2.989,21.293755,0.015000,0.009515
2.990,21.245064,0.015000,0.009515
2.991,21.245064,0.015000,0.007556
2.992,21.245064,0.015000,0.008903
2.994,21.300024,0.015000,0.008903
2.995,21.300024,0.015000,0.008903
2.996,21.300024,0.015000,0.008903
2.997,21.251530,0.015000,0.008903
2.998,21.251530,0.015000,0.013357
2.999,21.251530,0.015000,0.008861
ID: 0x027  Data: 0x01
ID: 0x047  Data: 0x01
ID: 0x067  Data: 0x01
~~~~~~~~~~Done with test~~~~~~~~~~
