time, vel, T_target, T_estimate
0.000,0.000000,0.000000,0.000835
0.001,0.000000,0.000000,-0.000255
0.002,0.000000,0.000000,-0.000255
0.003,0.000000,0.000000,-0.000010
0.004,0.000000,0.000000,-0.000010
0.005,0.000000,0.020000,0.006286
0.006,0.000000,0.020000,0.006286
0.007,0.000000,0.020000,0.015918
0.008,0.000000,0.020000,0.015918
0.009,0.000000,0.020000,0.017343
0.010,0.000000,0.020000,0.017343
0.011,0.000000,0.020000,0.016078
0.012,0.000000,0.020000,0.016078
0.013,0.000000,0.020000,0.014702
0.014,0.000000,0.020000,0.014702
0.015,0.000000,0.020000,0.013356
0.016,0.000000,0.020000,0.013356
0.017,0.000000,0.020000,0.013132
0.018,0.000000,0.020000,0.013132
0.019,0.000000,0.020000,0.013151
0.020,0.000000,0.020000,0.013151
0.021,0.000000,0.020000,0.013838
0.022,0.000000,0.020000,0.013838
0.023,0.000000,0.020000,0.014181
0.024,0.000000,0.020000,0.014181
0.025,0.000000,0.020000,0.014246
0.026,0.000000,0.020000,0.014246
0.027,0.000000,0.020000,0.014192
0.028,0.000000,0.020000,0.014192
0.029,0.000000,0.020000,0.014355
0.030,0.000000,0.020000,0.014355
0.031,0.000000,0.020000,0.014998
0.032,0.000000,0.020000,0.014998
0.033,0.000000,0.020000,0.014142
0.034,0.000000,0.020000,0.014142
0.035,0.000000,0.020000,0.014821
0.036,0.000000,0.020000,0.014821
0.037,0.000000,0.020000,0.015402
0.038,0.000000,0.020000,0.015402
0.039,0.000000,0.020000,0.015619
0.040,0.000000,0.020000,0.015619
0.041,0.000000,0.020000,0.015492
0.042,0.000000,0.020000,0.015492
0.043,0.000000,0.020000,0.015994
0.044,0.000000,0.020000,0.015994
0.045,0.000000,0.020000,0.016471
0.046,0.000000,0.020000,0.016471
0.047,0.000000,0.020000,0.016807
0.048,0.000000,0.020000,0.016807
0.049,0.000000,0.020000,0.016314
0.050,0.000000,0.020000,0.016314
0.051,0.000000,0.020000,0.016747
0.052,0.000000,0.020000,0.016747
0.053,0.000000,0.020000,0.017022
0.054,0.000000,0.020000,0.017022
0.055,0.000000,0.020000,0.017530
0.056,0.000000,0.020000,0.017530
0.057,0.000000,0.020000,0.017304
0.058,0.000000,0.020000,0.017304
0.059,0.000000,0.020000,0.017466
0.060,0.000000,0.020000,0.017466
0.061,0.000000,0.020000,0.017700
0.062,0.000000,0.020000,0.017700
0.063,0.000000,0.020000,0.017329
0.064,0.051622,0.020000,0.017329
0.065,0.051622,0.020000,0.011682
0.066,0.051622,0.020000,0.011682
0.067,0.051622,0.020000,0.012491
0.068,0.051622,0.020000,0.012491
0.069,0.051622,0.020000,0.013214
0.070,0.051622,0.020000,0.013214
0.071,0.051622,0.020000,0.013060
0.072,0.051622,0.020000,0.013060
0.073,0.051622,0.020000,0.012743
0.074,0.051622,0.020000,0.012743
0.075,0.051622,0.020000,0.013247
0.076,0.051622,0.020000,0.013247
0.077,0.051622,0.020000,0.013750
0.078,0.051622,0.020000,0.013750
0.079,0.051622,0.020000,0.015231
0.080,0.051622,0.020000,0.015231
0.081,0.051622,0.020000,0.015554
0.082,0.051622,0.020000,0.015554
0.083,0.051622,0.020000,0.016769
0.084,0.051622,0.020000,0.016769
0.085,0.051622,0.020000,0.017887
0.086,0.051622,0.020000,0.017887
0.087,0.051622,0.020000,0.019071
0.088,0.051622,0.020000,0.019071
0.089,0.051622,0.020000,0.020524
0.090,0.051622,0.020000,0.020524
0.091,0.051622,0.020000,0.021785
0.092,0.051622,0.020000,0.021785
0.093,0.051622,0.020000,0.023055
0.094,0.051622,0.020000,0.023055
0.095,0.051622,0.020000,0.024868
0.096,0.051622,0.020000,0.024868
0.097,0.051622,0.020000,0.026545
0.098,0.051622,0.020000,0.026545
0.099,0.051622,0.020000,0.027923
0.100,0.245600,0.020000,0.027923
0.101,0.245600,0.020000,0.007887
0.102,0.633554,0.020000,0.007887
0.103,0.633554,0.020000,0.007211
0.104,1.021509,0.020000,0.007211
0.105,1.021509,0.020000,0.008863
0.106,1.409464,0.020000,0.008863
0.107,1.409464,0.020000,0.010057
0.108,1.748924,0.020000,0.010057
0.109,1.748924,0.020000,0.011010
0.110,1.748924,0.020000,0.011010
0.111,1.748924,0.020000,0.011452
0.112,1.748924,0.020000,0.011452
0.113,1.748924,0.020000,0.011298
0.114,1.748924,0.020000,0.011298
0.115,1.748924,0.020000,0.011037
0.116,1.748924,0.020000,0.011037
0.117,1.748924,0.020000,0.012283
0.118,1.748924,0.020000,0.012283
0.119,1.748924,0.020000,0.012807
0.120,1.748924,0.020000,0.012807
0.121,1.748924,0.020000,0.015183
0.122,1.748924,0.020000,0.015183
0.123,1.748924,0.020000,0.015285
0.124,1.748924,0.020000,0.015285
0.125,1.748924,0.020000,0.016609
0.126,1.748924,0.020000,0.016609
0.127,1.748924,0.020000,0.017182
0.128,1.804867,0.020000,0.017182
0.129,1.804867,0.020000,0.018257
0.130,2.252407,0.020000,0.018257
0.131,2.252407,0.020000,0.012157
0.132,2.644005,0.020000,0.012157
0.133,2.644005,0.020000,0.013072
0.134,2.644005,0.020000,0.013072
0.135,2.644005,0.020000,0.013063
0.136,2.644005,0.020000,0.013063
0.137,2.644005,0.020000,0.013091
0.138,2.644005,0.020000,0.013091
0.139,2.644005,0.020000,0.013225
0.140,2.644005,0.020000,0.013225
0.141,2.644005,0.020000,0.013609
0.142,2.644005,0.020000,0.013609
0.143,2.644005,0.020000,0.013518
0.144,2.644005,0.020000,0.013518
0.145,2.644005,0.020000,0.014322
0.146,2.644005,0.020000,0.014322
0.147,2.644005,0.020000,0.015148
0.148,2.644005,0.020000,0.015148
0.149,2.644005,0.020000,0.016517
0.150,2.644005,0.020000,0.016517
0.151,2.644005,0.020000,0.016812
0.152,2.644005,0.020000,0.016812
0.153,2.644005,0.020000,0.017477
0.154,2.644005,0.020000,0.017477
0.155,2.644005,0.020000,0.017947
0.156,2.855167,0.020000,0.017947
0.157,2.855167,0.020000,0.013680
0.158,3.277493,0.020000,0.013680
0.159,3.277493,0.020000,0.014421
0.160,3.330283,0.020000,0.014421
0.161,3.330283,0.020000,0.014505
0.162,3.330283,0.020000,0.014505
0.163,3.330283,0.020000,0.013454
0.164,3.330283,0.020000,0.013454
0.165,3.330283,0.020000,0.012795
0.166,3.330283,0.020000,0.012795
0.167,3.330283,0.020000,0.013063
0.168,3.330283,0.020000,0.013063
0.169,3.330283,0.020000,0.013404
0.170,3.330283,0.020000,0.013404
0.171,3.330283,0.020000,0.013736
0.172,3.330283,0.020000,0.013736
0.173,3.330283,0.020000,0.013807
0.174,3.330283,0.020000,0.013807
0.175,3.330283,0.020000,0.014151
0.176,3.622422,0.020000,0.014151
0.177,3.622422,0.020000,0.013923
0.178,3.622422,0.020000,0.013923
0.179,3.622422,0.020000,0.013751
0.180,3.622422,0.020000,0.013751
0.181,3.622422,0.020000,0.013041
0.182,3.622422,0.020000,0.013041
0.183,3.622422,0.020000,0.013471
0.184,3.622422,0.020000,0.013471
0.185,3.622422,0.020000,0.013207
0.187,3.622422,0.020000,0.013207
0.188,3.622422,0.020000,0.014088
0.189,3.622422,0.020000,0.014088
0.190,3.622422,0.020000,0.014838
0.191,3.622422,0.020000,0.014838
0.192,3.622422,0.020000,0.016333
0.193,3.732343,0.020000,0.016333
0.194,3.732343,0.020000,0.013130
0.195,4.117064,0.020000,0.013130
0.196,4.117064,0.020000,0.014231
0.197,4.117064,0.020000,0.014231
0.198,4.117064,0.020000,0.014231
0.199,4.117064,0.020000,0.015165
0.200,4.117064,0.020000,0.015165
0.201,4.117064,0.020000,0.014799
0.202,4.117064,0.020000,0.014799
0.203,4.117064,0.020000,0.014799
0.204,4.117064,0.020000,0.013742
0.205,4.117064,0.020000,0.013742
0.206,4.117064,0.020000,0.014544
0.207,4.117064,0.020000,0.014544
0.208,4.117064,0.020000,0.015257
0.209,4.117064,0.020000,0.015257
0.210,4.117064,0.020000,0.016322
0.211,4.220309,0.020000,0.016322
0.212,4.220309,0.020000,0.014961
0.213,4.530044,0.020000,0.014961
0.214,4.530044,0.020000,0.015192
0.215,4.530044,0.020000,0.015192
0.216,4.530044,0.020000,0.014160
0.217,4.530044,0.020000,0.014160
0.218,4.530044,0.020000,0.013477
0.219,4.530044,0.020000,0.013477
0.220,4.530044,0.020000,0.012202
0.221,4.530044,0.020000,0.012202
0.222,4.530044,0.020000,0.013467
0.223,4.530044,0.020000,0.013467
0.224,4.530044,0.020000,0.014155
0.225,4.578538,0.020000,0.014155
0.226,4.578538,0.020000,0.014782
0.227,4.821010,0.020000,0.014782
0.228,4.821010,0.020000,0.013507
0.229,4.821010,0.020000,0.013507
0.230,4.821010,0.020000,0.013706
0.231,4.821010,0.020000,0.013706
0.232,4.821010,0.020000,0.012833
0.233,4.821010,0.020000,0.012833
0.234,4.821010,0.020000,0.012926
0.235,4.821010,0.020000,0.012926
0.236,4.821010,0.020000,0.013021
0.237,4.821010,0.020000,0.013021
0.238,4.821010,0.020000,0.014480
0.239,4.932895,0.020000,0.014480
0.240,4.932895,0.020000,0.014512
0.241,5.156665,0.020000,0.014512
0.242,5.156665,0.020000,0.014508
0.243,5.156665,0.020000,0.014508
0.244,5.156665,0.020000,0.015892
0.245,5.156665,0.020000,0.015892
0.246,5.156665,0.020000,0.015582
0.247,5.156665,0.020000,0.015582
0.248,5.156665,0.020000,0.014944
0.249,5.156665,0.020000,0.014944
0.250,5.156665,0.020000,0.016205
0.251,5.156665,0.020000,0.016205
0.252,5.156665,0.020000,0.016977
0.253,5.156665,0.020000,0.016977
0.254,5.526199,0.020000,0.016977
0.255,5.631781,0.020000,0.016977
0.256,5.631781,0.020000,0.016977
0.257,5.631781,0.020000,0.016977
0.258,5.631781,0.020000,0.016977
0.259,5.631781,0.020000,0.016977
0.260,5.826540,0.020000,0.016977
0.261,5.826540,0.020000,0.016977
0.262,5.826540,0.020000,0.016977
0.263,5.826540,0.020000,0.016977
0.264,5.826540,0.020000,0.016977
0.265,5.936460,0.020000,0.016977
0.266,6.266222,0.020000,0.016977
0.267,6.266222,0.020000,0.016977
0.268,6.266222,0.020000,0.016977
0.269,6.266222,0.020000,0.016977
0.270,6.266222,0.020000,0.016977
0.271,6.266222,0.020000,0.016977
0.272,6.575956,0.020000,0.016977
0.273,6.575956,0.020000,0.016977
0.274,6.575956,0.020000,0.016977
0.275,6.575956,0.020000,0.016977
0.276,6.575956,0.020000,0.016977
0.277,6.818428,0.020000,0.016977
0.278,6.818428,0.020000,0.016977
0.279,6.818428,0.020000,0.016977
0.280,6.818428,0.020000,0.016977
0.281,6.818428,0.020000,0.016977
0.282,7.098141,0.020000,0.016977
0.283,7.098141,0.020000,0.016977
0.284,7.098141,0.020000,0.016977
0.285,7.098141,0.020000,0.016977
0.286,7.098141,0.020000,0.016977
0.287,7.098141,0.020000,0.016977
0.288,7.414885,0.020000,0.016977
0.289,7.414885,0.020000,0.016977
0.290,7.414885,0.020000,0.016977
0.291,7.414885,0.020000,0.016977
0.292,7.512264,0.020000,0.016977
0.293,7.560954,0.020000,0.016977
0.294,7.560954,0.020000,0.016977
0.295,7.560954,0.020000,0.016977
0.296,7.560954,0.020000,0.016977
0.297,7.780795,0.020000,0.016977
0.298,7.835755,0.020000,0.016977
0.299,7.835755,0.020000,0.016977
0.300,7.835755,0.020000,0.016977
0.301,7.835755,0.020000,0.016977
0.302,8.042245,0.020000,0.016977
0.303,8.093867,0.020000,0.016977
0.304,8.093867,0.020000,0.016977
0.305,8.093867,0.020000,0.016977
0.306,8.142362,0.020000,0.016977
0.307,8.287845,0.020000,0.016977
0.308,8.287845,0.020000,0.016977
0.309,8.287845,0.020000,0.016977
0.310,8.287845,0.020000,0.016977
0.311,8.511615,0.020000,0.016977
0.312,8.511615,0.020000,0.016977
0.313,8.511615,0.020000,0.016977
0.314,8.511615,0.020000,0.016977
0.315,8.511615,0.020000,0.016977
0.316,8.828359,0.020000,0.016977
0.317,8.828359,0.020000,0.016977
0.318,8.828359,0.020000,0.016977
0.319,8.828359,0.020000,0.016977
0.320,8.974428,0.020000,0.016977
0.321,8.974428,0.020000,0.016977
0.322,8.974428,0.020000,0.016977
0.323,8.974428,0.020000,0.016977
0.324,9.249229,0.020000,0.016977
0.325,9.249229,0.020000,0.016977
0.326,9.249229,0.020000,0.014327
0.327,9.249229,0.020000,0.014150
0.328,9.404097,0.020000,0.014150
0.329,9.455719,0.020000,0.014150
0.330,9.455719,0.020000,0.014150
0.331,9.455719,0.020000,0.014150
0.332,9.601202,0.020000,0.014150
0.333,9.601202,0.020000,0.014150
0.334,9.601202,0.020000,0.014150
0.335,9.601202,0.020000,0.014150
0.336,9.824972,0.020000,0.014150
0.337,9.824972,0.020000,0.014150
0.338,9.824972,0.020000,0.014150
0.339,9.824972,0.020000,0.014150
0.340,9.983344,0.020000,0.014150
0.341,10.036135,0.020000,0.014150
0.342,10.036135,0.020000,0.014150
0.343,10.036135,0.020000,0.014150
0.344,10.133514,0.020000,0.014150
0.345,10.133514,0.020000,0.014150
0.346,10.133514,0.020000,0.014150
0.347,10.353355,0.020000,0.014150
0.348,10.353355,0.020000,0.014150
0.349,10.353355,0.020000,0.014150
0.350,10.353355,0.020000,0.014150
0.351,10.559845,0.020000,0.014150
0.352,10.559845,0.020000,0.014150
0.353,10.559845,0.020000,0.015274
0.354,10.559845,0.020000,0.014625
0.355,10.559845,0.020000,0.013003
0.356,10.559845,0.020000,0.011130
0.357,10.559845,0.020000,0.012878
0.358,10.559845,0.020000,0.014679
0.359,10.873156,0.020000,0.014679
0.360,10.873156,0.020000,0.014679
0.361,10.873156,0.020000,0.014679
0.362,11.137109,0.020000,0.014679
0.363,11.137109,0.020000,0.014679
0.364,11.137109,0.020000,0.014679
0.365,11.234488,0.020000,0.014679
0.366,11.234488,0.020000,0.014679
0.367,11.234488,0.020000,0.014679
0.368,11.344409,0.020000,0.014679
0.369,11.344409,0.020000,0.012864
0.370,11.344409,0.020000,0.011914
0.371,11.344409,0.020000,0.014909
0.372,11.344409,0.020000,0.017027
0.373,11.344409,0.020000,0.015724
0.374,11.344409,0.020000,0.015124
0.375,11.344409,0.020000,0.014501
0.376,11.344409,0.020000,0.012598
0.377,11.344409,0.020000,0.012440
0.378,11.344409,0.020000,0.015268
0.379,11.344409,0.020000,0.017418
0.380,11.344409,0.020000,0.016048
0.381,11.344409,0.020000,0.016053
0.382,11.344409,0.020000,0.012802
0.383,11.344409,0.020000,0.012745
0.384,11.344409,0.020000,0.015309
0.385,11.344409,0.020000,0.017992
0.386,11.344409,0.020000,0.015811
0.388,11.344409,0.020000,0.014434
0.389,11.344409,0.020000,0.011741
0.390,11.344409,0.020000,0.012995
0.391,11.344409,0.020000,0.014837
0.392,11.344409,0.020000,0.016559
0.393,11.344409,0.020000,0.016742
0.394,11.344409,0.020000,0.016637
0.395,11.344409,0.020000,0.015465
0.396,11.344409,0.020000,0.012751
0.397,11.344409,0.020000,0.012269
0.398,11.344409,0.020000,0.014515
0.399,11.344409,0.020000,0.016734
0.400,11.344409,0.020000,0.016028
0.401,11.344409,0.020000,0.016074
0.402,11.344409,0.020000,0.013728
0.403,11.344409,0.020000,0.016772
0.404,11.344409,0.020000,0.018817
0.405,11.344409,0.020000,0.016577
0.406,11.344409,0.020000,0.013582
0.407,11.344409,0.020000,0.011523
0.408,11.344409,0.020000,0.012390
0.409,11.344409,0.020000,0.013910
0.410,11.344409,0.020000,0.017385
0.411,11.344409,0.020000,0.016694
0.412,11.344409,0.020000,0.015457
0.413,11.344409,0.020000,0.014586
0.414,11.344409,0.020000,0.011036
0.415,11.344409,0.020000,0.012139
0.416,11.344409,0.020000,0.015830
0.417,11.344409,0.020000,0.017813
0.418,11.344409,0.020000,0.018321
0.419,11.344409,0.020000,0.016438
0.420,11.344409,0.020000,0.014470
0.421,11.344409,0.020000,0.018011
0.422,11.344409,0.020000,0.017666
0.423,11.344409,0.020000,0.013831
0.424,11.344409,0.020000,0.011999
0.425,11.344409,0.020000,0.011340
0.426,14.125056,0.020000,0.011340
0.427,14.228301,0.020000,0.011340
0.428,14.228301,0.020000,0.011340
0.429,14.228301,0.020000,0.016820
0.430,14.228301,0.020000,0.015976
0.431,14.228301,0.020000,0.011415
0.432,14.228301,0.020000,0.013315
0.433,14.228301,0.020000,0.017846
0.434,14.228301,0.020000,0.018178
0.435,14.228301,0.020000,0.018150
0.436,14.228301,0.020000,0.014650
0.437,14.228301,0.020000,0.017147
0.438,14.228301,0.020000,0.019027
0.439,14.228301,0.020000,0.014324
0.440,14.228301,0.020000,0.014160
0.441,14.228301,0.020000,0.012228
0.442,14.228301,0.020000,0.012708
0.443,14.228301,0.020000,0.016814
0.444,14.228301,0.020000,0.017158
0.445,14.228301,0.020000,0.016467
0.446,14.228301,0.020000,0.014684
0.447,14.228301,0.020000,0.010739
0.448,14.228301,0.020000,0.012023
0.449,14.228301,0.020000,0.017000
0.450,15.327129,0.020000,0.017000
0.451,15.379920,0.020000,0.017000
0.452,15.379920,0.020000,0.017000
0.453,15.428610,0.020000,0.017000
0.454,15.428610,0.020000,0.017000
0.455,15.593491,0.020000,0.017000
0.456,15.593491,0.020000,0.017000
0.457,15.593491,0.020000,0.017000
0.458,15.748358,0.020000,0.017000
0.459,15.748358,0.020000,0.017000
0.460,15.845346,0.020000,0.017000
0.461,15.845346,0.020000,0.017000
0.462,15.845346,0.020000,0.017000
0.463,15.957232,0.020000,0.017000
0.464,15.957232,0.020000,0.017000
0.465,16.062815,0.020000,0.017000
0.466,16.115606,0.020000,0.017000
0.467,16.115606,0.020000,0.017000
0.468,16.164297,0.020000,0.017000
0.469,16.164297,0.020000,0.017000
0.470,16.329178,0.020000,0.017000
0.471,16.329178,0.020000,0.017000
0.472,16.329178,0.020000,0.017000
0.473,16.432423,0.020000,0.017000
0.474,16.432423,0.020000,0.017000
0.475,16.529411,0.020000,0.017000
0.476,16.529411,0.020000,0.017000
0.477,16.641296,0.020000,0.017000
0.478,16.641296,0.020000,0.017000
0.479,16.641296,0.020000,0.017000
0.480,16.799671,0.020000,0.017000
0.481,16.799671,0.020000,0.017000
0.482,16.848362,0.020000,0.017000
0.483,16.848362,0.020000,0.017000
0.484,16.903322,0.020000,0.017000
0.485,16.958282,0.020000,0.017000
0.486,16.958282,0.020000,0.017000
0.487,17.061527,0.020000,0.017000
0.488,17.061527,0.020000,0.017000
0.489,17.110022,0.020000,0.017000
0.490,17.110022,0.020000,0.017000
0.491,17.221907,0.020000,0.017000
0.492,17.221907,0.020000,0.017000
0.493,17.221907,0.020000,0.017000
0.494,17.380281,0.020000,0.017000
0.495,17.380281,0.020000,0.017000
0.496,17.428972,0.020000,0.017000
0.497,17.428972,0.020000,0.017000
0.498,17.593853,0.020000,0.017000
0.499,17.593853,0.020000,0.017000
0.500,17.593853,0.020000,0.017000
0.501,17.697098,0.020000,0.017000
0.502,17.697098,0.020000,0.017000
0.503,17.745592,0.020000,0.017000
0.504,17.745592,0.020000,0.017000
0.505,17.857477,0.020000,0.017000
0.506,17.857477,0.020000,0.017000
0.507,17.963060,0.020000,0.017000
0.508,18.015852,0.020000,0.017000
0.509,18.064543,0.020000,0.017000
0.510,18.064543,0.020000,0.017000
0.511,18.119503,0.020000,0.017000
0.512,18.174463,0.020000,0.017000
0.513,18.174463,0.020000,0.017000
0.514,18.277708,0.020000,0.017000
0.515,18.277708,0.020000,0.014700
0.516,18.277708,0.020000,0.014469
0.517,18.277708,0.020000,0.008633
0.518,18.277708,0.020000,0.012526
0.519,18.277708,0.020000,0.015933
0.520,18.277708,0.020000,0.015929
0.521,18.277708,0.020000,0.014332
0.522,18.277708,0.020000,0.023621
0.523,18.277708,0.020000,0.021602
0.524,18.645153,0.020000,0.021602
0.525,18.645153,0.020000,0.021602
0.526,18.645153,0.020000,0.009344
0.527,18.806696,0.020000,0.009344
0.528,18.806696,0.020000,0.009344
0.529,18.903685,0.020000,0.009344
0.530,18.903685,0.020000,0.009344
0.531,19.015570,0.020000,0.009344
0.532,19.015570,0.020000,0.009344
0.533,19.173944,0.020000,0.009344
0.534,19.173944,0.020000,0.009344
0.535,19.222635,0.020000,0.009344
0.536,19.222635,0.020000,0.009344
0.537,19.332556,0.020000,0.009344
0.538,19.332556,0.020000,0.009344
0.539,19.384178,0.020000,0.009344
0.540,19.384178,0.020000,0.009344
0.541,19.481167,0.020000,0.009344
0.542,19.481167,0.020000,0.009344
0.543,19.537109,0.020000,0.009344
0.544,19.537109,0.020000,0.009344
0.545,19.589901,0.020000,0.009344
0.546,19.695484,0.020000,0.009344
0.547,19.695484,0.020000,0.009344
0.548,19.695484,0.020000,0.009344
0.549,19.805405,0.020000,0.009344
0.550,19.805405,0.020000,0.009344
0.551,19.805405,0.020000,0.009344
0.552,19.908649,0.020000,0.009344
0.553,19.957144,0.020000,0.009344
0.554,19.957144,0.020000,0.009344
0.555,20.013086,0.020000,0.009344
0.556,20.013086,0.020000,0.009344
0.557,20.013086,0.020000,0.009344
0.558,20.118670,0.020000,0.009344
0.559,20.167360,0.020000,0.009344
0.560,20.167360,0.020000,0.009344
0.561,20.277281,0.020000,0.009344
0.562,20.277281,0.020000,0.009344
0.563,20.328903,0.020000,0.009344
0.564,20.380526,0.020000,0.009344
0.565,20.429020,0.020000,0.009344
0.566,20.429020,0.020000,0.009344
0.567,20.540905,0.020000,0.009344
0.568,20.540905,0.020000,0.009344
0.569,20.646488,0.020000,0.009344
0.570,20.699280,0.020000,0.009344
0.571,20.747971,0.020000,0.009344
0.572,20.747971,0.020000,0.009344
0.573,20.857891,0.020000,0.009344
0.574,20.857891,0.020000,0.009344
0.575,20.909513,0.020000,0.009344
0.576,20.909513,0.020000,0.009344
0.577,20.909513,0.020000,0.009344
0.578,20.909513,0.020000,0.009344
0.579,20.965456,0.020000,0.009344
0.580,20.965456,0.020000,0.009344
0.581,20.965456,0.020000,0.012437
0.582,20.965456,0.020000,0.013011
0.583,20.965456,0.020000,0.016939
0.584,20.965456,0.020000,0.012515
0.585,20.965456,0.020000,0.008670
0.586,20.965456,0.020000,0.001241
0.587,20.965456,0.020000,0.005617
0.589,20.965456,0.020000,0.008681
0.590,20.965456,0.020000,0.009983
0.591,20.965456,0.020000,0.006812
0.592,20.965456,0.020000,0.012940
0.593,20.965456,0.020000,0.014061
0.594,20.965456,0.020000,0.013194
0.595,20.965456,0.020000,0.016467
0.596,20.965456,0.020000,0.019517
0.597,20.965456,0.020000,0.014105
0.598,20.965456,0.020000,0.011424
0.599,20.965456,0.020000,0.006804
0.600,20.965456,0.020000,0.010958
0.601,20.965456,0.020000,0.013658
0.602,20.965456,0.020000,0.011627
0.603,20.965456,0.020000,0.007268
0.604,20.965456,0.020000,0.011625
0.605,20.965456,0.020000,0.012152
0.606,20.965456,0.020000,0.012200
0.607,20.965456,0.020000,0.013041
0.608,20.965456,0.020000,0.012447
0.609,20.965456,0.020000,0.011298
0.610,20.965456,0.020000,0.002641
0.611,20.965456,0.020000,0.004700
0.612,20.965456,0.020000,0.008921
0.613,20.965456,0.020000,0.011523
0.614,20.965456,0.020000,0.009086
0.615,20.965456,0.020000,0.014292
0.616,20.965456,0.020000,0.013614
0.617,20.965456,0.020000,0.013986
0.618,20.965456,0.020000,0.014070
0.619,20.965456,0.020000,0.020153
0.620,20.965456,0.020000,0.014968
0.621,20.965456,0.020000,0.011067
0.622,20.965456,0.020000,0.003210
0.623,20.965456,0.020000,0.007104
0.624,21.251350,0.020000,0.007104
0.625,21.251350,0.020000,0.011134
0.626,21.251350,0.020000,0.008391
0.627,21.307293,0.020000,0.008391
0.628,21.360085,0.020000,0.008391
0.629,21.360085,0.020000,0.008391
0.630,21.311394,0.020000,0.008391
0.631,21.311394,0.020000,0.008391
0.632,21.311394,0.020000,0.008391
0.633,21.311394,0.020000,0.008391
0.634,21.311394,0.020000,0.008391
0.635,21.311394,0.020000,0.008391
0.636,21.262899,0.020000,0.008391
0.637,21.262899,0.020000,0.008391
0.638,21.206957,0.020000,0.008391
0.639,21.206957,0.020000,0.008391
0.640,21.259748,0.020000,0.008391
0.641,21.259748,0.020000,0.008391
0.642,21.211058,0.020000,0.008391
0.643,21.211058,0.020000,0.008391
0.644,21.266018,0.020000,0.008391
0.645,21.266018,0.020000,0.008391
0.646,21.266018,0.020000,0.008391
0.647,21.266018,0.020000,0.008391
0.648,21.266018,0.020000,0.008391
0.649,21.266018,0.020000,0.008391
0.650,21.321960,0.020000,0.008391
0.651,21.321960,0.020000,0.008391
0.652,21.374752,0.020000,0.008391
0.653,21.277370,0.020000,0.008391
0.654,21.277370,0.020000,0.008391
0.655,21.277370,0.020000,0.008391
0.656,21.277370,0.020000,0.008391
0.657,21.277370,0.020000,0.008391
0.658,21.277370,0.020000,0.008391
0.659,21.228876,0.020000,0.008391
0.660,21.228876,0.020000,0.008391
0.661,21.228876,0.020000,0.008391
0.662,21.228876,0.020000,0.008391
0.663,21.228876,0.020000,0.013190
0.664,21.228876,0.020000,0.014165
0.665,21.228876,0.020000,0.012215
0.666,21.228876,0.020000,0.018078
0.667,21.228876,0.020000,0.012773
0.668,21.228876,0.020000,0.010148
0.669,21.287937,0.020000,0.010148
0.670,21.287937,0.020000,0.010148
0.671,21.287937,0.020000,0.010148
0.672,21.239443,0.020000,0.010148
0.673,21.239443,0.020000,0.010148
0.674,21.295385,0.020000,0.010148
0.675,21.295385,0.020000,0.010148
0.676,21.348177,0.020000,0.010148
0.677,21.348177,0.020000,0.010148
0.678,21.299486,0.020000,0.010148
0.679,21.299486,0.020000,0.019664
0.680,21.299486,0.020000,0.014311
0.681,21.299486,0.020000,0.008127
0.682,21.299486,0.020000,0.002605
0.683,21.299486,0.020000,0.002605
0.684,21.250992,0.020000,0.002605
0.685,21.250992,0.020000,0.002605
0.686,21.250992,0.020000,0.002605
0.687,21.250992,0.020000,0.002605
0.688,21.303783,0.020000,0.002605
0.689,21.255093,0.020000,0.002605
0.690,21.255093,0.020000,0.002605
0.691,21.310053,0.020000,0.002605
0.692,21.310053,0.020000,0.002605
0.693,21.310053,0.020000,0.002605
0.694,21.310053,0.020000,0.002605
0.695,21.261559,0.020000,0.002605
0.696,21.261559,0.020000,0.002605
0.697,21.261559,0.020000,0.002605
0.698,21.261559,0.020000,0.002605
0.699,21.314350,0.020000,0.002605
0.700,21.314350,0.020000,0.002605
0.701,21.265659,0.020000,0.002605
0.702,21.265659,0.020000,0.002605
0.703,21.265659,0.020000,0.002605
0.704,21.265659,0.020000,0.002605
0.705,21.265659,0.020000,0.002605
0.706,21.265659,0.020000,0.002605
0.707,21.217165,0.020000,0.002605
0.708,21.217165,0.020000,0.002605
0.709,21.217165,0.020000,0.002605
0.710,21.217165,0.020000,0.002605
0.711,21.217165,0.020000,0.014538
0.712,21.217165,0.020000,0.013330
0.713,21.217165,0.020000,0.017572
0.714,21.217165,0.020000,0.013037
0.715,21.217165,0.020000,0.010431
0.716,21.217165,0.020000,0.004946
0.717,21.217165,0.020000,0.008112
0.718,21.217165,0.020000,0.011734
0.719,21.217165,0.020000,0.012741
0.720,21.217165,0.020000,0.010012
0.721,21.217165,0.020000,0.013529
0.722,21.217165,0.020000,0.013448
0.723,21.217165,0.020000,0.012438
0.724,21.217165,0.020000,0.013410
0.725,21.217165,0.020000,0.015549
0.726,21.280327,0.020000,0.015549
0.727,21.280327,0.020000,0.015549
0.728,21.280327,0.020000,0.015549
0.729,21.280327,0.020000,0.005784
0.730,21.280327,0.020000,0.009391
0.731,21.280327,0.020000,0.011412
0.732,21.280327,0.020000,0.008440
0.733,21.280327,0.020000,0.013976
0.734,21.280327,0.020000,0.014088
0.735,21.280327,0.020000,0.013026
0.736,21.280327,0.020000,0.016873
0.737,21.280327,0.020000,0.020211
0.738,21.280327,0.020000,0.014718
0.739,21.280327,0.020000,0.009005
0.740,21.280327,0.020000,0.003435
0.741,21.280327,0.020000,0.006152
0.742,21.280327,0.020000,0.010500
0.743,21.280327,0.020000,0.011926
0.744,21.280327,0.020000,0.010285
0.745,21.280327,0.020000,0.012855
0.746,21.280327,0.020000,0.014521
0.747,21.280327,0.020000,0.013293
0.748,21.280327,0.020000,0.016527
0.749,21.280327,0.020000,0.015250
0.750,21.280327,0.020000,0.011911
0.751,21.280327,0.020000,0.005693
0.752,21.280327,0.020000,0.004443
0.753,21.280327,0.020000,0.009333
0.754,21.280327,0.020000,0.013595
0.755,21.280327,0.020000,0.010253
0.756,21.280327,0.020000,0.012264
0.757,21.280327,0.020000,0.013022
0.758,21.280327,0.020000,0.013671
0.759,21.280327,0.020000,0.008641
0.760,21.280327,0.020000,0.015847
0.761,21.280327,0.020000,0.014403
0.762,21.280327,0.020000,0.009476
0.763,21.280327,0.020000,0.001677
0.764,21.280327,0.020000,0.004360
0.765,21.280327,0.020000,0.009883
0.766,21.280327,0.020000,0.012405
0.767,21.280327,0.020000,0.010066
0.768,21.280327,0.020000,0.014642
0.769,21.280327,0.020000,0.013655
0.770,21.280327,0.020000,0.013510
0.771,21.280327,0.020000,0.011316
0.772,21.280327,0.020000,0.016385
0.773,21.280327,0.020000,0.011873
0.774,21.275867,0.020000,0.011873
0.775,21.275867,0.020000,0.011873
0.776,21.275867,0.020000,0.011873
0.777,21.227373,0.020000,0.011873
0.778,21.227373,0.020000,0.011873
0.779,21.227373,0.020000,0.009437
0.780,21.227373,0.020000,0.009437
0.781,21.280165,0.020000,0.009437
0.782,21.280165,0.020000,0.009437
0.783,21.231474,0.020000,0.009437
0.784,21.231474,0.020000,0.009437
0.785,21.286434,0.020000,0.009437
0.786,21.286434,0.020000,0.009437
0.787,21.286434,0.020000,0.009437
0.789,21.286434,0.020000,0.009437
0.790,21.237940,0.020000,0.009437
0.791,21.293882,0.020000,0.009437
0.792,21.293882,0.020000,0.014975
0.793,21.293882,0.020000,0.013028
0.794,21.293882,0.020000,0.013473
0.795,21.293882,0.020000,0.013922
0.796,21.293882,0.020000,0.016352
0.797,21.297983,0.020000,0.016352
0.798,21.297983,0.020000,0.016352
0.799,21.297983,0.020000,0.016352
0.800,21.297983,0.020000,0.016352
0.801,21.249489,0.020000,0.016352
0.802,21.249489,0.020000,0.016352
0.803,21.249489,0.020000,0.016352
0.804,21.249489,0.020000,0.016352
0.805,21.302280,0.020000,0.016352
0.806,21.253590,0.020000,0.016352
0.807,21.253590,0.020000,0.014934
0.808,21.253590,0.020000,0.011874
0.809,21.308550,0.020000,0.011874
0.810,21.308550,0.020000,0.011874
0.811,21.260056,0.020000,0.011874
0.812,21.260056,0.020000,0.011874
0.813,21.260056,0.020000,0.011874
0.814,21.260056,0.020000,0.011874
0.815,21.312847,0.020000,0.011874
0.816,21.312847,0.020000,0.011874
0.817,21.264156,0.020000,0.011874
0.818,21.264156,0.020000,0.011874
0.819,21.264156,0.020000,0.011874
0.820,21.264156,0.020000,0.011874
0.821,21.264156,0.020000,0.011874
0.822,21.264156,0.020000,0.011874
0.823,21.264156,0.020000,0.011874
0.824,21.264156,0.020000,0.011874
0.825,21.264156,0.020000,0.008508
0.826,21.264156,0.020000,0.014219
0.827,21.264156,0.020000,0.014340
0.828,21.264156,0.020000,0.015080
0.829,21.264156,0.020000,0.014938
0.830,21.264156,0.020000,0.018166
0.831,21.264156,0.020000,0.012582
0.832,21.264156,0.020000,0.006760
0.833,21.264156,0.020000,0.003549
0.834,21.264156,0.020000,0.010968
0.835,21.267275,0.020000,0.010968
0.836,21.267275,0.020000,0.010968
0.837,21.323217,0.020000,0.010968
0.838,21.323217,0.020000,0.010968
0.839,21.323217,0.020000,0.010968
0.840,21.376009,0.020000,0.010968
0.841,21.327318,0.020000,0.010968
0.842,21.278627,0.020000,0.010968
0.843,21.278627,0.020000,0.010968
0.844,21.278627,0.020000,0.010968
0.845,21.278627,0.020000,0.010968
0.846,21.278627,0.020000,0.001923
0.847,21.278627,0.020000,0.006991
0.848,21.278627,0.020000,0.011733
0.849,21.278627,0.020000,0.011915
0.850,21.278627,0.020000,0.010078
0.851,21.278627,0.020000,0.013105
0.852,21.278627,0.020000,0.013773
0.853,21.278627,0.020000,0.012959
0.854,21.278627,0.020000,0.018177
0.855,21.278627,0.020000,0.014899
0.856,21.278627,0.020000,0.011808
0.857,21.278627,0.020000,0.006061
0.858,21.289194,0.020000,0.006061
0.859,21.240700,0.020000,0.006061
0.860,21.240700,0.020000,0.006061
0.861,21.296642,0.020000,0.006061
0.862,21.296642,0.020000,0.006061
0.863,21.349434,0.020000,0.006061
0.864,21.349434,0.020000,0.013560
0.865,21.349434,0.020000,0.013560
0.866,21.300743,0.020000,0.013560
0.867,21.300743,0.020000,0.013560
0.868,21.300743,0.020000,0.013560
0.869,21.300743,0.020000,0.013560
0.870,21.300743,0.020000,0.013560
0.871,21.300743,0.020000,0.013560
0.872,21.252249,0.020000,0.013560
0.873,21.252249,0.020000,0.013560
0.874,21.252249,0.020000,0.013560
0.875,21.252249,0.020000,0.013560
0.876,21.305040,0.020000,0.013560
0.877,21.305040,0.020000,0.013560
0.878,21.256350,0.020000,0.013560
0.879,21.256350,0.020000,0.013560
0.880,21.311310,0.020000,0.013560
0.881,21.311310,0.020000,0.013560
0.882,21.311310,0.020000,0.008434
0.883,21.311310,0.020000,0.012252
0.884,21.311310,0.020000,0.012598
0.885,21.311310,0.020000,0.010436
0.886,21.311310,0.020000,0.013570
0.887,21.311310,0.020000,0.012832
0.888,21.311310,0.020000,0.013441
0.889,21.311310,0.020000,0.013706
0.890,21.311310,0.020000,0.015095
0.891,21.311310,0.020000,0.011879
0.892,21.311310,0.020000,0.006401
0.893,21.311310,0.020000,0.002759
0.894,21.311310,0.020000,0.007080
0.895,21.311310,0.020000,0.009754
0.896,21.311310,0.020000,0.009735
0.897,21.311310,0.020000,0.010605
0.898,21.311310,0.020000,0.014019
0.899,21.311310,0.020000,0.014384
0.900,21.311310,0.020000,0.012717
0.901,21.311310,0.020000,0.019146
0.902,21.311310,0.020000,0.019659
0.903,21.311310,0.020000,0.014053
0.904,21.311310,0.020000,0.008582
0.905,21.311310,0.020000,0.004785
0.906,21.311310,0.020000,0.006706
0.907,21.311310,0.020000,0.010417
0.908,21.311310,0.020000,0.008350
0.909,21.311310,0.020000,0.010236
0.910,21.311310,0.020000,0.011926
0.911,21.311310,0.020000,0.014375
0.912,21.311310,0.020000,0.011685
0.913,21.311310,0.020000,0.015975
0.914,21.311310,0.020000,0.012923
0.915,21.281387,0.020000,0.012923
0.916,21.281387,0.020000,0.012923
0.917,21.281387,0.020000,0.012923
0.918,21.232893,0.020000,0.012923
0.919,21.232893,0.020000,0.012923
0.920,21.232893,0.020000,0.012923
0.921,21.232893,0.020000,0.012923
0.922,21.285685,0.020000,0.012923
0.923,21.285685,0.020000,0.012923
0.924,21.236994,0.020000,0.012923
0.925,21.236994,0.020000,0.012923
0.926,21.236994,0.020000,0.013203
0.927,21.236994,0.020000,0.009750
0.928,21.236994,0.020000,0.002349
0.929,21.236994,0.020000,0.007725
0.930,21.236994,0.020000,0.011514
0.931,21.236994,0.020000,0.011094
0.932,21.236994,0.020000,0.010469
0.933,21.236994,0.020000,0.013194
0.934,21.236994,0.020000,0.014168
0.935,21.236994,0.020000,0.013940
0.936,21.236994,0.020000,0.014927
0.937,21.236994,0.020000,0.015779
0.938,21.236994,0.020000,0.011678
0.939,21.236994,0.020000,0.007423
0.940,21.303503,0.020000,0.007423
0.941,21.303503,0.020000,0.007423
0.942,21.255009,0.020000,0.007423
0.943,21.255009,0.020000,0.007423
0.944,21.255009,0.020000,0.007423
0.945,21.255009,0.020000,0.007423
0.946,21.307800,0.020000,0.007423
0.947,21.307800,0.020000,0.012037
0.948,21.259109,0.020000,0.012037
0.949,21.259109,0.020000,0.012037
0.950,21.314070,0.020000,0.012037
0.951,21.314070,0.020000,0.012037
0.952,21.314070,0.020000,0.012037
0.953,21.314070,0.020000,0.012037
0.954,21.265575,0.020000,0.012037
0.955,21.265575,0.020000,0.012037
0.956,21.265575,0.020000,0.012037
0.957,21.265575,0.020000,0.012037
0.958,21.318367,0.020000,0.012037
0.959,21.318367,0.020000,0.012037
0.960,21.269676,0.020000,0.012037
0.961,21.269676,0.020000,0.012037
0.962,21.269676,0.020000,0.012037
0.963,21.269676,0.020000,0.012037
0.964,21.269676,0.020000,0.003698
0.965,21.269676,0.020000,0.009034
0.966,21.269676,0.020000,0.012139
0.967,21.269676,0.020000,0.008014
0.968,21.269676,0.020000,0.012234
0.969,21.269676,0.020000,0.012793
0.970,21.269676,0.020000,0.013874
0.971,21.269676,0.020000,0.013973
0.972,21.269676,0.020000,0.018468
0.973,21.280243,0.020000,0.018468
0.974,21.280243,0.020000,0.002848
0.975,21.280243,0.020000,0.007723
0.976,21.280243,0.020000,0.011740
0.977,21.280243,0.020000,0.013197
0.978,21.280243,0.020000,0.008240
0.979,21.280243,0.020000,0.013971
0.980,21.280243,0.020000,0.014292
0.981,21.280243,0.020000,0.012088
0.982,21.340483,0.020000,0.012088
0.983,21.291792,0.020000,0.012088
0.984,21.291792,0.020000,0.012088
0.985,21.291792,0.020000,0.012088
0.986,21.291792,0.020000,0.012088
0.987,21.291792,0.020000,0.012088
0.988,21.291792,0.020000,0.012088
0.990,21.243298,0.020000,0.012088
0.991,21.243298,0.020000,0.012088
0.992,21.243298,0.020000,0.012088
0.993,21.296089,0.020000,0.012088
0.994,21.296089,0.020000,0.014605
0.995,21.296089,0.020000,0.015950
0.996,21.296089,0.020000,0.014557
0.997,21.296089,0.020000,0.012115
0.998,21.296089,0.020000,0.006220
0.999,21.296089,0.020000,0.005133
1.000,21.296089,0.020000,0.010089
1.001,21.296089,0.020000,0.013344
1.002,21.296089,0.020000,0.009895
1.003,21.296089,0.020000,0.012706
1.004,21.296089,0.020000,0.012639
1.005,21.296089,0.020000,0.013351
1.006,21.296089,0.020000,0.010519
1.007,21.296089,0.020000,0.016031
1.008,21.296089,0.020000,0.013582
1.009,21.296089,0.020000,0.009202
1.010,21.296089,0.020000,0.000792
1.011,21.265217,0.020000,0.000792
1.012,21.265217,0.020000,0.000792
1.013,21.313711,0.020000,0.000792
1.014,21.313711,0.020000,0.000792
1.015,21.257769,0.020000,0.000792
1.016,21.257769,0.020000,0.000792
1.017,21.310560,0.020000,0.000792
1.018,21.310560,0.020000,0.000792
1.019,21.261869,0.020000,0.000792
1.020,21.261869,0.020000,0.000792
1.021,21.261869,0.020000,0.000792
1.022,21.261869,0.020000,0.000792
1.023,21.261869,0.020000,0.000792
1.024,21.261869,0.020000,0.000792
1.025,21.261869,0.020000,0.000792
1.026,21.261869,0.020000,0.000792
1.027,21.261869,0.020000,0.009330
1.028,21.261869,0.020000,0.014491
1.029,21.261869,0.020000,0.013502
1.030,21.261869,0.020000,0.013433
1.031,21.261869,0.020000,0.015549
1.032,21.261869,0.020000,0.014671
1.033,21.261869,0.020000,0.011505
1.034,21.261869,0.020000,0.004000
1.035,21.261869,0.020000,0.002540
1.036,21.261869,0.020000,0.007332
1.037,21.273222,0.020000,0.007332
1.038,21.217279,0.020000,0.007332
1.039,21.217279,0.020000,0.007332
1.040,21.270071,0.020000,0.007332
1.041,21.270071,0.020000,0.007332
1.042,21.221380,0.020000,0.007332
1.043,21.221380,0.020000,0.007332
1.044,21.276340,0.020000,0.007332
1.045,21.276340,0.020000,0.007332
1.046,21.276340,0.020000,0.007332
1.047,21.276340,0.020000,0.007332
1.048,21.227846,0.020000,0.007332
1.049,21.227846,0.020000,0.007332
1.050,21.283789,0.020000,0.007332
1.051,21.283789,0.020000,0.007332
1.052,21.283789,0.020000,0.013061
1.053,21.336580,0.020000,0.013061
1.054,21.336580,0.020000,0.013061
1.055,21.287889,0.020000,0.013061
1.056,21.287889,0.020000,0.013061
1.057,21.287889,0.020000,0.013061
1.058,21.287889,0.020000,0.013061
1.059,21.287889,0.020000,0.013061
1.060,21.287889,0.020000,0.013061
1.061,21.287889,0.020000,0.013061
1.062,21.287889,0.020000,0.013061
1.063,21.231947,0.020000,0.013061
1.064,21.231947,0.020000,0.013061
1.065,21.284739,0.020000,0.013061
1.066,21.284739,0.020000,0.013061
1.067,21.236048,0.020000,0.013061
1.068,21.236048,0.020000,0.013165
1.069,21.236048,0.020000,0.010957
1.070,21.236048,0.020000,0.004168
1.071,21.236048,0.020000,0.008097
1.072,21.236048,0.020000,0.011772
1.073,21.236048,0.020000,0.013164
1.074,21.236048,0.020000,0.009669
1.075,21.236048,0.020000,0.013113
1.076,21.236048,0.020000,0.013104
1.077,21.351248,0.020000,0.013104
1.078,21.302557,0.020000,0.013104
1.079,21.302557,0.020000,0.013104
1.080,21.302557,0.020000,0.013104
1.081,21.302557,0.020000,0.013104
1.082,21.302557,0.020000,0.013104
1.083,21.302557,0.020000,0.013104
1.084,21.254063,0.020000,0.013104
1.085,21.198120,0.020000,0.013104
1.086,21.198120,0.020000,0.013104
1.087,21.198120,0.020000,0.013104
1.088,21.250912,0.020000,0.013104
1.089,21.202221,0.020000,0.013104
1.090,21.202221,0.020000,0.013104
1.091,21.257181,0.020000,0.013104
1.092,21.257181,0.020000,0.013104
1.093,21.257181,0.020000,0.013104
1.094,21.257181,0.020000,0.013104
1.095,21.257181,0.020000,0.013104
1.096,21.257181,0.020000,0.013104
1.097,21.313124,0.020000,0.013104
1.098,21.313124,0.020000,0.013104
1.099,21.365915,0.020000,0.013104
1.100,21.365915,0.020000,0.013104
1.101,21.317225,0.020000,0.013104
1.102,21.317225,0.020000,0.013103
1.103,21.317225,0.020000,0.011168
1.104,21.317225,0.020000,0.005023
1.105,21.317225,0.020000,0.005706
1.106,21.317225,0.020000,0.009393
1.107,21.317225,0.020000,0.013109
1.108,21.317225,0.020000,0.009441
1.109,21.317225,0.020000,0.012778
1.110,21.317225,0.020000,0.012297
1.111,21.265579,0.020000,0.012297
1.112,21.216888,0.020000,0.012297
1.113,21.216888,0.020000,0.012297
1.114,21.271849,0.020000,0.012297
1.115,21.271849,0.020000,0.008232
1.116,21.271849,0.020000,0.008232
1.117,21.271849,0.020000,0.008232
1.118,21.271849,0.020000,0.008232
1.119,21.271849,0.020000,0.008232
1.120,21.271849,0.020000,0.008232
1.121,21.271849,0.020000,0.008232
1.122,21.271849,0.020000,0.008232
1.123,21.324640,0.020000,0.008232
1.124,21.324640,0.020000,0.008232
1.125,21.275949,0.020000,0.008232
1.126,21.275949,0.020000,0.008232
1.127,21.275949,0.020000,0.012162
1.128,21.275949,0.020000,0.012162
1.129,21.275949,0.020000,0.012162
1.130,21.275949,0.020000,0.012162
1.131,21.227455,0.020000,0.012162
1.132,21.227455,0.020000,0.012162
1.133,21.227455,0.020000,0.012162
1.134,21.227455,0.020000,0.012162
1.135,21.280247,0.020000,0.012162
1.136,21.280247,0.020000,0.012162
1.137,21.231556,0.020000,0.012162
1.138,21.231556,0.020000,0.012315
1.139,21.286516,0.020000,0.012315
1.140,21.286516,0.020000,0.012315
1.141,21.238022,0.020000,0.012315
1.142,21.238022,0.020000,0.012315
1.143,21.238022,0.020000,0.008809
1.144,21.293964,0.020000,0.008809
1.145,21.293964,0.020000,0.008809
1.146,21.346756,0.020000,0.008809
1.147,21.346756,0.020000,0.008809
1.148,21.298065,0.020000,0.008809
1.149,21.298065,0.020000,0.008809
1.150,21.298065,0.020000,0.008809
1.151,21.298065,0.020000,0.008809
1.152,21.298065,0.020000,0.003159
1.153,21.298065,0.020000,0.007566
1.154,21.298065,0.020000,0.012344
1.155,21.298065,0.020000,0.008413
1.156,21.298065,0.020000,0.012134
1.157,21.298065,0.020000,0.013472
1.158,21.298065,0.020000,0.014053
1.159,21.298065,0.020000,0.013898
1.160,21.298065,0.020000,0.016602
1.161,21.298065,0.020000,0.013812
1.162,21.298065,0.020000,0.010955
1.163,21.298065,0.020000,0.002441
1.164,21.298065,0.020000,0.006153
1.165,21.298065,0.020000,0.008838
1.166,21.298065,0.020000,0.012443
1.167,21.298065,0.020000,0.009275
1.168,21.298065,0.020000,0.013958
1.169,21.298065,0.020000,0.012118
1.170,21.298065,0.020000,0.013703
1.171,21.298065,0.020000,0.013748
1.172,21.298065,0.020000,0.016779
1.173,21.298065,0.020000,0.011926
1.174,21.298065,0.020000,0.009640
1.175,21.298065,0.020000,0.003664
1.176,21.298065,0.020000,0.007498
1.177,21.298065,0.020000,0.011423
1.178,21.298065,0.020000,0.012550
1.179,21.298065,0.020000,0.009651
1.180,21.298065,0.020000,0.014257
1.181,21.275787,0.020000,0.014257
1.182,21.227097,0.020000,0.014257
1.183,21.227097,0.020000,0.014257
1.184,21.282057,0.020000,0.014257
1.185,21.282057,0.020000,0.014257
1.186,21.282057,0.020000,0.014257
1.187,21.282057,0.020000,0.014257
1.188,21.282057,0.020000,0.010250
1.190,21.282057,0.020000,0.013797
1.191,21.282057,0.020000,0.011089
1.192,21.282057,0.020000,0.012655
1.193,21.282057,0.020000,0.013147
1.194,21.282057,0.020000,0.013599
1.195,21.282057,0.020000,0.010077
1.196,21.282057,0.020000,0.016878
1.197,21.282057,0.020000,0.014499
1.198,21.282057,0.020000,0.011284
1.199,21.282057,0.020000,0.002556
1.200,21.282057,0.020000,0.003298
1.201,21.282057,0.020000,0.007921
1.202,21.282057,0.020000,0.012325
1.203,21.282057,0.020000,0.009124
1.204,21.282057,0.020000,0.012778
1.205,21.297903,0.020000,0.012778
1.206,21.297903,0.020000,0.012778
1.207,21.249212,0.020000,0.012778
1.208,21.249212,0.020000,0.012778
1.209,21.304173,0.020000,0.012778
1.210,21.304173,0.020000,0.012778
1.211,21.304173,0.020000,0.012778
1.212,21.304173,0.020000,0.012778
1.213,21.255678,0.020000,0.012778
1.214,21.255678,0.020000,0.012778
1.215,21.311621,0.020000,0.012778
1.216,21.311621,0.020000,0.012778
1.217,21.364412,0.020000,0.012778
1.218,21.364412,0.020000,0.012778
1.219,21.267031,0.020000,0.012778
1.220,21.267031,0.020000,0.012778
1.221,21.267031,0.020000,0.012778
1.222,21.267031,0.020000,0.012778
1.223,21.267031,0.020000,0.012778
1.224,21.267031,0.020000,0.012778
1.225,21.315525,0.020000,0.012778
1.226,21.315525,0.020000,0.012778
1.227,21.315525,0.020000,0.009219
1.228,21.259583,0.020000,0.009219
1.229,21.312374,0.020000,0.009219
1.230,21.312374,0.020000,0.009219
1.231,21.263683,0.020000,0.009219
1.232,21.263683,0.020000,0.009219
1.233,21.263683,0.020000,0.009219
1.234,21.263683,0.020000,0.009219
1.235,21.263683,0.020000,0.009219
1.236,21.263683,0.020000,0.009219
1.237,21.263683,0.020000,0.009219
1.238,21.263683,0.020000,0.009219
1.239,21.263683,0.020000,0.009219
1.240,21.263683,0.020000,0.009219
1.241,21.316475,0.020000,0.009219
1.242,21.316475,0.020000,0.009219
1.243,21.267784,0.020000,0.009219
1.244,21.267784,0.020000,0.009219
1.245,21.267784,0.020000,0.004970
1.246,21.267784,0.020000,0.006109
1.247,21.267784,0.020000,0.010445
1.248,21.267784,0.020000,0.013687
1.249,21.267784,0.020000,0.009726
1.250,21.267784,0.020000,0.014021
1.251,21.267784,0.020000,0.013683
1.252,21.267784,0.020000,0.014472
1.253,21.267784,0.020000,0.012649
1.254,21.267784,0.020000,0.018175
1.255,21.267784,0.020000,0.012803
1.256,21.267784,0.020000,0.008784
1.257,21.267784,0.020000,0.001095
1.258,21.267784,0.020000,0.004911
1.259,21.267784,0.020000,0.009257
1.260,21.267784,0.020000,0.011599
1.261,21.267784,0.020000,0.009414
1.262,21.267784,0.020000,0.014112
1.263,21.267784,0.020000,0.013000
1.264,21.267784,0.020000,0.012603
1.265,21.267784,0.020000,0.015578
1.266,21.267784,0.020000,0.020939
1.267,21.267784,0.020000,0.014437
1.268,21.267784,0.020000,0.009483
1.269,21.267784,0.020000,0.001188
1.270,21.267784,0.020000,0.005635
1.271,21.267784,0.020000,0.009847
1.272,21.226313,0.020000,0.009847
1.273,21.226313,0.020000,0.009847
1.274,21.226313,0.020000,0.014051
1.275,21.279104,0.020000,0.014051
1.276,21.279104,0.020000,0.014042
1.277,21.279104,0.020000,0.015973
1.278,21.279104,0.020000,0.012410
1.279,21.285374,0.020000,0.012410
1.280,21.285374,0.020000,0.002719
1.281,21.285374,0.020000,0.007231
1.282,21.285374,0.020000,0.011433
1.283,21.285374,0.020000,0.009722
1.284,21.285374,0.020000,0.011144
1.285,21.285374,0.020000,0.013651
1.286,21.285374,0.020000,0.013951
1.287,21.285374,0.020000,0.013369
1.288,21.285374,0.020000,0.019149
1.289,21.285374,0.020000,0.019142
1.290,21.285374,0.020000,0.014150
1.291,21.285374,0.020000,0.004708
1.292,21.285374,0.020000,0.003438
1.293,21.285374,0.020000,0.007379
1.294,21.285374,0.020000,0.011578
1.295,21.285374,0.020000,0.008526
1.296,21.285374,0.020000,0.010512
1.297,21.285374,0.020000,0.013285
1.298,21.285374,0.020000,0.014371
1.299,21.285374,0.020000,0.012124
1.300,21.285374,0.020000,0.015660
1.301,21.285374,0.020000,0.013418
1.302,21.285374,0.020000,0.011599
1.303,21.285374,0.020000,0.003781
1.304,21.307489,0.020000,0.003781
1.305,21.258995,0.020000,0.003781
1.306,21.258995,0.020000,0.003781
1.307,21.314938,0.020000,0.003781
1.308,21.314938,0.020000,0.003781
1.309,21.367729,0.020000,0.003781
1.310,21.367729,0.020000,0.003781
1.311,21.270348,0.020000,0.003781
1.312,21.270348,0.020000,0.003781
1.313,21.270348,0.020000,0.003781
1.314,21.270348,0.020000,0.003781
1.315,21.270348,0.020000,0.003781
1.316,21.270348,0.020000,0.011475
1.317,21.270348,0.020000,0.011750
1.318,21.270348,0.020000,0.011152
1.319,21.270348,0.020000,0.014951
1.320,21.270348,0.020000,0.013942
1.321,21.270348,0.020000,0.012689
1.322,21.270348,0.020000,0.016009
1.323,21.270348,0.020000,0.014470
1.324,21.273466,0.020000,0.014470
1.325,21.273466,0.020000,0.014470
1.326,21.273466,0.020000,0.004700
1.327,21.273466,0.020000,0.008056
1.328,21.273466,0.020000,0.011362
1.329,21.273466,0.020000,0.012711
1.330,21.273466,0.020000,0.009631
1.331,21.273466,0.020000,0.013528
1.332,21.273466,0.020000,0.014282
1.333,21.273466,0.020000,0.015046
1.334,21.273466,0.020000,0.013987
1.335,21.273466,0.020000,0.014960
1.336,21.273466,0.020000,0.012377
1.337,21.273466,0.020000,0.006742
1.338,21.273466,0.020000,0.002619
1.339,21.273466,0.020000,0.006664
1.340,21.273466,0.020000,0.009964
1.341,21.273466,0.020000,0.011935
1.342,21.273466,0.020000,0.010227
1.343,21.273466,0.020000,0.014117
1.344,21.273466,0.020000,0.013942
1.345,21.273466,0.020000,0.014034
1.346,21.273466,0.020000,0.018729
1.347,21.273466,0.020000,0.017003
1.348,21.273466,0.020000,0.014194
1.349,21.273466,0.020000,0.005799
1.350,21.273466,0.020000,0.004623
1.351,21.273466,0.020000,0.007295
1.352,21.273466,0.020000,0.011187
1.353,21.273466,0.020000,0.008588
1.354,21.273466,0.020000,0.010521
1.355,21.273466,0.020000,0.011702
1.356,21.273466,0.020000,0.014482
1.357,21.273466,0.020000,0.010990
1.358,21.273466,0.020000,0.015779
1.359,21.273466,0.020000,0.012915
1.360,21.273466,0.020000,0.010537
1.361,21.273466,0.020000,0.002444
1.362,21.273466,0.020000,0.006545
1.363,21.273466,0.020000,0.010491
1.364,21.273466,0.020000,0.013777
1.365,21.273466,0.020000,0.008692
1.366,21.273466,0.020000,0.013864
1.367,21.273466,0.020000,0.014389
1.368,21.273466,0.020000,0.013800
1.369,21.273466,0.020000,0.011830
1.370,21.273466,0.020000,0.017315
1.371,21.273466,0.020000,0.012659
1.372,21.273466,0.020000,0.007898
1.373,21.273466,0.020000,0.000888
1.374,21.273466,0.020000,0.006313
1.375,21.273466,0.020000,0.010813
1.376,21.273466,0.020000,0.012060
1.377,21.273466,0.020000,0.010649
1.378,21.273466,0.020000,0.014642
1.379,21.273466,0.020000,0.014250
1.380,21.273466,0.020000,0.014600
1.381,21.273466,0.020000,0.014462
1.382,21.273466,0.020000,0.016142
1.383,21.306902,0.020000,0.016142
1.384,21.306902,0.020000,0.016142
1.385,21.306902,0.020000,0.016142
1.386,21.306902,0.020000,0.016142
1.387,21.258408,0.020000,0.016142
1.388,21.202465,0.020000,0.016142
1.389,21.202465,0.020000,0.016142
1.391,21.202465,0.020000,0.016142
1.392,21.255257,0.020000,0.016142
1.393,21.206566,0.020000,0.016142
1.394,21.206566,0.020000,0.016142
1.395,21.261526,0.020000,0.016142
1.396,21.261526,0.020000,0.016142
1.397,21.261526,0.020000,0.016142
1.398,21.261526,0.020000,0.016142
1.399,21.261526,0.020000,0.016142
1.400,21.261526,0.020000,0.016142
1.401,21.317469,0.020000,0.016142
1.402,21.317469,0.020000,0.016142
1.403,21.370260,0.020000,0.016142
1.404,21.370260,0.020000,0.016142
1.405,21.272879,0.020000,0.016142
1.406,21.272879,0.020000,0.016142
1.407,21.272879,0.020000,0.016142
1.408,21.272879,0.020000,0.016142
1.409,21.272879,0.020000,0.016142
1.410,21.272879,0.020000,0.016142
1.411,21.272879,0.020000,0.016142
1.412,21.272879,0.020000,0.016142
1.413,21.272879,0.020000,0.016142
1.414,21.272879,0.020000,0.016142
1.415,21.325670,0.020000,0.016142
1.416,21.325670,0.020000,0.016142
1.417,21.276979,0.020000,0.016142
1.418,21.276979,0.020000,0.016142
1.419,21.276979,0.020000,0.016142
1.420,21.276979,0.020000,0.016142
1.421,21.276979,0.020000,0.016142
1.422,21.276979,0.020000,0.016142
1.423,21.276979,0.020000,0.016142
1.424,21.276979,0.020000,0.016142
1.425,21.276979,0.020000,0.010325
1.426,21.276979,0.020000,0.013651
1.427,21.276979,0.020000,0.013852
1.428,21.276979,0.020000,0.013887
1.429,21.276979,0.020000,0.016181
1.430,21.276979,0.020000,0.018256
1.431,21.276979,0.020000,0.014183
1.432,21.276979,0.020000,0.006693
1.433,21.276979,0.020000,0.002064
1.434,21.276979,0.020000,0.006534
1.435,21.276979,0.020000,0.010629
1.436,21.276979,0.020000,0.011164
1.437,21.276979,0.020000,0.009972
1.438,21.276979,0.020000,0.018560
1.439,21.276979,0.020000,0.013794
1.440,21.276979,0.020000,0.013950
1.441,21.276979,0.020000,0.015624
1.442,21.276979,0.020000,0.015192
1.443,21.276979,0.020000,0.012199
1.444,21.276979,0.020000,0.004795
1.445,21.276979,0.020000,0.004067
1.446,21.276979,0.020000,0.008345
1.447,21.276979,0.020000,0.012426
1.448,21.276979,0.020000,0.009808
1.449,21.276979,0.020000,0.014825
1.450,21.276979,0.020000,0.016689
1.451,21.276979,0.020000,0.016722
1.452,21.276979,0.020000,0.012448
1.453,21.295748,0.020000,0.012448
1.454,21.295748,0.020000,0.012448
1.455,21.295748,0.020000,0.012448
1.456,21.295748,0.020000,0.012448
1.457,21.295748,0.020000,0.012448
1.458,21.295748,0.020000,0.012448
1.459,21.295748,0.020000,0.012448
1.460,21.239805,0.020000,0.012448
1.461,21.239805,0.020000,0.013222
1.462,21.239805,0.020000,0.013187
1.463,21.239805,0.020000,0.013200
1.464,21.239805,0.020000,0.012599
1.465,21.243906,0.020000,0.012599
1.466,21.298866,0.020000,0.012599
1.467,21.298866,0.020000,0.012599
1.468,21.298866,0.020000,0.012599
1.469,21.298866,0.020000,0.012599
1.470,21.250372,0.020000,0.012599
1.471,21.250372,0.020000,0.012599
1.472,21.250372,0.020000,0.012599
1.473,21.250372,0.020000,0.012599
1.474,21.303164,0.020000,0.012599
1.475,21.303164,0.020000,0.012599
1.476,21.254473,0.020000,0.012599
1.477,21.254473,0.020000,0.012599
1.478,21.254473,0.020000,0.012599
1.479,21.254473,0.020000,0.012599
1.480,21.254473,0.020000,0.012599
1.481,21.254473,0.020000,0.012599
1.482,21.254473,0.020000,0.009967
1.483,21.247025,0.020000,0.009967
1.484,21.247025,0.020000,0.009967
1.485,21.247025,0.020000,0.009967
1.486,21.299816,0.020000,0.009967
1.487,21.251125,0.020000,0.009967
1.488,21.251125,0.020000,0.009967
1.489,21.306086,0.020000,0.009967
1.490,21.306086,0.020000,0.009967
1.491,21.306086,0.020000,0.009967
1.492,21.306086,0.020000,0.009967
1.493,21.257591,0.020000,0.009967
1.494,21.257591,0.020000,0.009967
1.495,21.257591,0.020000,0.009967
1.496,21.257591,0.020000,0.009967
1.497,21.310383,0.020000,0.009967
1.498,21.310383,0.020000,0.009967
1.499,21.261692,0.020000,0.009967
1.500,21.261692,0.020000,0.009967
1.501,21.261692,0.020000,0.009967
1.502,21.261692,0.020000,0.002464
1.503,21.261692,0.020000,0.004653
1.504,21.261692,0.020000,0.007666
1.505,21.261692,0.020000,0.011601
1.506,21.261692,0.020000,0.008359
1.507,21.261692,0.020000,0.013295
1.508,21.261692,0.020000,0.013870
1.509,21.261692,0.020000,0.014009
1.510,21.261692,0.020000,0.014092
1.511,21.261692,0.020000,0.020355
1.512,21.261692,0.020000,0.015190
1.513,21.261692,0.020000,0.011660
1.514,21.261692,0.020000,0.003243
1.515,21.261692,0.020000,0.006775
1.516,21.261692,0.020000,0.008606
1.517,21.261692,0.020000,0.008818
1.518,21.261692,0.020000,0.008693
1.519,21.261692,0.020000,0.012702
1.520,21.261692,0.020000,0.013058
1.521,21.261692,0.020000,0.014601
1.522,21.261692,0.020000,0.015324
1.523,21.261692,0.020000,0.016128
1.524,21.276163,0.020000,0.016128
1.525,21.276163,0.020000,0.016128
1.526,21.276163,0.020000,0.001783
1.527,21.276163,0.020000,0.008863
1.528,21.276163,0.020000,0.012511
1.529,21.276163,0.020000,0.011928
1.530,21.276163,0.020000,0.012131
1.531,21.276163,0.020000,0.014881
1.532,21.276163,0.020000,0.014374
1.533,21.276163,0.020000,0.012820
1.534,21.276163,0.020000,0.015855
1.535,21.276163,0.020000,0.016348
1.536,21.276163,0.020000,0.012383
1.537,21.276163,0.020000,0.004394
1.538,21.276163,0.020000,0.002607
1.539,21.276163,0.020000,0.007815
1.540,21.276163,0.020000,0.011664
1.541,21.276163,0.020000,0.008349
1.542,21.276163,0.020000,0.012780
1.543,21.276163,0.020000,0.012402
1.544,21.276163,0.020000,0.014261
1.545,21.276163,0.020000,0.011195
1.546,21.276163,0.020000,0.015688
1.547,21.276163,0.020000,0.013859
1.548,21.276163,0.020000,0.010941
1.549,21.276163,0.020000,0.004499
1.550,21.276163,0.020000,0.006157
1.551,21.276163,0.020000,0.009233
1.552,21.276163,0.020000,0.013447
1.553,21.276163,0.020000,0.008852
1.554,21.276163,0.020000,0.012453
1.555,21.276163,0.020000,0.013727
1.556,21.276163,0.020000,0.013892
1.557,21.276163,0.020000,0.012774
1.558,21.276163,0.020000,0.017848
1.559,21.276163,0.020000,0.012770
1.560,21.276163,0.020000,0.009457
1.561,21.276163,0.020000,0.001867
1.562,21.276163,0.020000,0.006407
1.563,21.276163,0.020000,0.009056
1.564,21.276163,0.020000,0.012190
1.565,21.276163,0.020000,0.009476
1.566,21.276163,0.020000,0.013543
1.567,21.276163,0.020000,0.012926
1.568,21.276163,0.020000,0.014073
1.569,21.276163,0.020000,0.015621
1.570,21.276163,0.020000,0.019137
1.571,21.276163,0.020000,0.014663
1.572,21.276163,0.020000,0.008002
1.573,21.276163,0.020000,0.001541
1.574,21.276163,0.020000,0.006926
1.575,21.276163,0.020000,0.011042
1.576,21.276163,0.020000,0.009904
1.577,21.276163,0.020000,0.009410
1.578,21.276163,0.020000,0.014068
1.579,21.276163,0.020000,0.014363
1.580,21.276163,0.020000,0.013340
1.581,21.276163,0.020000,0.014824
1.582,21.227310,0.020000,0.014824
1.583,21.282270,0.020000,0.014824
1.584,21.282270,0.020000,0.014824
1.585,21.282270,0.020000,0.014824
1.586,21.233776,0.020000,0.014824
1.587,21.233776,0.020000,0.014824
1.588,21.289719,0.020000,0.014824
1.589,21.289719,0.020000,0.014824
1.591,21.342510,0.020000,0.014824
1.592,21.342510,0.020000,0.014824
1.593,21.293819,0.020000,0.014824
1.594,21.293819,0.020000,0.014824
1.595,21.293819,0.020000,0.014824
1.596,21.293819,0.020000,0.014824
1.597,21.345442,0.020000,0.014824
1.598,21.345442,0.020000,0.014824
1.599,21.345442,0.020000,0.014824
1.600,21.345442,0.020000,0.014824
1.601,21.345442,0.020000,0.014824
1.602,21.345442,0.020000,0.014824
1.603,21.345442,0.020000,0.014824
1.604,21.345442,0.020000,0.014824
1.605,21.296751,0.020000,0.014824
1.606,21.296751,0.020000,0.014824
1.607,21.351711,0.020000,0.014824
1.608,21.351711,0.020000,0.014824
1.609,21.351711,0.020000,0.014824
1.610,21.351711,0.020000,0.014824
1.611,21.351711,0.020000,0.014824
1.612,21.351711,0.020000,0.014824
1.613,21.295769,0.020000,0.014824
1.614,21.295769,0.020000,0.014824
1.615,21.348560,0.020000,0.014824
1.616,21.348560,0.020000,0.014824
1.617,21.299870,0.020000,0.014824
1.618,21.299870,0.020000,0.014824
1.619,21.354830,0.020000,0.014824
1.620,21.354830,0.020000,0.014824
1.621,21.354830,0.020000,0.014824
1.622,21.354830,0.020000,0.014824
1.623,21.306335,0.020000,0.014824
1.624,21.306335,0.020000,0.014824
1.625,21.306335,0.020000,0.010595
1.626,21.306335,0.020000,0.016740
1.627,21.306335,0.020000,0.013751
1.628,21.306335,0.020000,0.013467
1.629,21.306335,0.020000,0.015606
1.630,21.306335,0.020000,0.014515
1.631,21.306335,0.020000,0.011090
1.632,21.306335,0.020000,0.003174
1.633,21.306335,0.020000,0.004410
1.634,21.306335,0.020000,0.006152
1.635,21.306335,0.020000,0.012117
1.636,21.306335,0.020000,0.008775
1.637,21.306335,0.020000,0.013261
1.638,21.306335,0.020000,0.012187
1.639,21.306335,0.020000,0.013937
1.640,21.306335,0.020000,0.013807
1.641,21.306335,0.020000,0.019756
1.642,21.306335,0.020000,0.015298
1.643,21.306335,0.020000,0.012021
1.644,21.306335,0.020000,0.002904
1.645,21.306335,0.020000,0.004174
1.646,21.306335,0.020000,0.008556
1.647,21.306335,0.020000,0.011949
1.648,21.306335,0.020000,0.008645
1.649,21.306335,0.020000,0.012827
1.650,21.306335,0.020000,0.012502
1.651,21.306335,0.020000,0.013334
1.652,21.306335,0.020000,0.014086
1.653,21.306335,0.020000,0.017612
1.654,21.306335,0.020000,0.012979
1.655,21.306335,0.020000,0.009948
1.656,21.306335,0.020000,0.003587
1.657,21.306335,0.020000,0.009490
1.658,21.306335,0.020000,0.013291
1.659,21.306335,0.020000,0.012272
1.660,21.306335,0.020000,0.010849
1.661,21.306335,0.020000,0.014347
1.662,21.306335,0.020000,0.012849
1.663,21.279924,0.020000,0.012849
1.664,21.231234,0.020000,0.012849
1.665,21.231234,0.020000,0.012849
1.666,21.286194,0.020000,0.012849
1.667,21.286194,0.020000,0.012849
1.668,21.286194,0.020000,0.012849
1.669,21.286194,0.020000,0.012849
1.670,21.286194,0.020000,0.012849
1.671,21.230251,0.020000,0.012849
1.672,21.230251,0.020000,0.012849
1.673,21.230251,0.020000,0.012849
1.674,21.283043,0.020000,0.012849
1.675,21.234352,0.020000,0.012849
1.676,21.234352,0.020000,0.012849
1.677,21.289312,0.020000,0.012849
1.678,21.289312,0.020000,0.012849
1.679,21.289312,0.020000,0.012849
1.680,21.289312,0.020000,0.012849
1.681,21.289312,0.020000,0.012849
1.682,21.289312,0.020000,0.012849
1.683,21.345255,0.020000,0.012849
1.684,21.345255,0.020000,0.012849
1.685,21.398046,0.020000,0.012849
1.686,21.398046,0.020000,0.012849
1.687,21.300665,0.020000,0.012849
1.688,21.300665,0.020000,0.012849
1.689,21.300665,0.020000,0.012849
1.690,21.300665,0.020000,0.012849
1.691,21.300665,0.020000,0.012849
1.692,21.300665,0.020000,0.012849
1.693,21.252171,0.020000,0.012849
1.694,21.252171,0.020000,0.012849
1.695,21.252171,0.020000,0.012849
1.696,21.252171,0.020000,0.012849
1.697,21.304962,0.020000,0.012849
1.698,21.304962,0.020000,0.012849
1.699,21.256271,0.020000,0.012849
1.700,21.256271,0.020000,0.012849
1.701,21.311232,0.020000,0.012849
1.702,21.311232,0.020000,0.012849
1.703,21.311232,0.020000,0.012849
1.704,21.311232,0.020000,0.012849
1.705,21.262737,0.020000,0.012849
1.706,21.262737,0.020000,0.012849
1.707,21.318680,0.020000,0.012849
1.708,21.318680,0.020000,0.012849
1.709,21.371471,0.020000,0.012849
1.710,21.322781,0.020000,0.012849
1.711,21.274090,0.020000,0.012849
1.712,21.274090,0.020000,0.012849
1.713,21.274090,0.020000,0.012849
1.714,21.274090,0.020000,0.012849
1.715,21.274090,0.020000,0.012849
1.716,21.274090,0.020000,0.012849
1.717,21.225595,0.020000,0.012849
1.718,21.225595,0.020000,0.012849
1.719,21.225595,0.020000,0.012849
1.720,21.225595,0.020000,0.012849
1.721,21.278387,0.020000,0.012849
1.722,21.229696,0.020000,0.012849
1.723,21.229696,0.020000,0.012849
1.724,21.229696,0.020000,0.012849
1.725,21.229696,0.020000,0.014106
1.726,21.229696,0.020000,0.003238
1.727,21.284657,0.020000,0.003238
1.728,21.236162,0.020000,0.003238
1.729,21.236162,0.020000,0.003238
1.730,21.292105,0.020000,0.003238
1.731,21.292105,0.020000,0.003238
1.732,21.344896,0.020000,0.003238
1.733,21.344896,0.020000,0.003238
1.734,21.296206,0.020000,0.003238
1.735,21.296206,0.020000,0.003238
1.736,21.296206,0.020000,0.011153
1.737,21.296206,0.020000,0.002398
1.738,21.296206,0.020000,0.007323
1.739,21.296206,0.020000,0.010690
1.740,21.296206,0.020000,0.014003
1.741,21.296206,0.020000,0.008939
1.742,21.247711,0.020000,0.008939
1.743,21.247711,0.020000,0.008939
1.744,21.300503,0.020000,0.008939
1.745,21.300503,0.020000,0.008939
1.746,21.251812,0.020000,0.008939
1.747,21.251812,0.020000,0.008939
1.748,21.306772,0.020000,0.008939
1.749,21.306772,0.020000,0.008939
1.750,21.306772,0.020000,0.008939
1.751,21.306772,0.020000,0.008939
1.752,21.258278,0.020000,0.008939
1.753,21.258278,0.020000,0.008939
1.754,21.258278,0.020000,0.008939
1.755,21.258278,0.020000,0.008939
1.756,21.311069,0.020000,0.008939
1.757,21.311069,0.020000,0.008939
1.758,21.311069,0.020000,0.015035
1.759,21.311069,0.020000,0.011783
1.760,21.311069,0.020000,0.006674
1.761,21.311069,0.020000,0.003742
1.762,21.311069,0.020000,0.009800
1.763,21.311069,0.020000,0.013282
1.764,21.311069,0.020000,0.012507
1.765,21.311069,0.020000,0.010063
1.766,21.311069,0.020000,0.013530
1.767,21.311069,0.020000,0.013200
1.768,21.311069,0.020000,0.010456
1.769,21.311069,0.020000,0.014997
1.770,21.311069,0.020000,0.014694
1.771,21.311069,0.020000,0.011684
1.772,21.311069,0.020000,0.003047
1.773,21.265497,0.020000,0.003047
1.774,21.265497,0.020000,0.003047
1.775,21.265497,0.020000,0.003047
1.776,21.265497,0.020000,0.003047
1.777,21.321440,0.020000,0.003047
1.778,21.321440,0.020000,0.003047
1.779,21.374231,0.020000,0.003047
1.780,21.374231,0.020000,0.003047
1.781,21.276850,0.020000,0.003047
1.782,21.276850,0.020000,0.011805
1.783,21.276850,0.020000,0.010651
1.784,21.276850,0.020000,0.001795
1.785,21.276850,0.020000,0.008003
1.786,21.276850,0.020000,0.010578
1.787,21.276850,0.020000,0.013085
1.788,21.276850,0.020000,0.008460
1.789,21.276850,0.020000,0.013298
1.790,21.276850,0.020000,0.013607
1.792,21.276850,0.020000,0.013841
1.793,21.276850,0.020000,0.012245
1.794,21.276850,0.020000,0.018567
1.795,21.276850,0.020000,0.013269
1.796,21.276850,0.020000,0.008645
1.797,21.276850,0.020000,0.001200
1.798,21.276850,0.020000,0.004660
1.799,21.276850,0.020000,0.009300
1.800,21.276850,0.020000,0.012717
1.801,21.276850,0.020000,0.008624
1.802,21.276850,0.020000,0.013827
1.803,21.276850,0.020000,0.014076
1.804,21.276850,0.020000,0.014058
1.805,21.276850,0.020000,0.016129
1.806,21.276850,0.020000,0.019467
1.807,21.276850,0.020000,0.014725
1.808,21.276850,0.020000,0.008896
1.809,21.276850,0.020000,0.002146
1.810,21.276850,0.020000,0.005600
1.811,21.243023,0.020000,0.005600
1.812,21.243023,0.020000,0.005600
1.813,21.243023,0.020000,0.005600
1.814,21.243023,0.020000,0.005600
1.815,21.243023,0.020000,0.013484
1.816,21.243023,0.020000,0.013022
1.817,21.243023,0.020000,0.015194
1.818,21.243023,0.020000,0.016142
1.819,21.243023,0.020000,0.011900
1.820,21.243023,0.020000,0.005989
1.821,21.243023,0.020000,0.003474
1.822,21.243023,0.020000,0.010173
1.823,21.243023,0.020000,0.013980
1.824,21.243023,0.020000,0.013793
1.825,21.309532,0.020000,0.013793
1.826,21.309532,0.020000,0.013793
1.827,21.362324,0.020000,0.013793
1.828,21.313633,0.020000,0.013793
1.829,21.313633,0.020000,0.013793
1.830,21.313633,0.020000,0.013793
1.831,21.313633,0.020000,0.013793
1.832,21.313633,0.020000,0.013793
1.833,21.313633,0.020000,0.013793
1.834,21.313633,0.020000,0.008887
1.835,21.313633,0.020000,0.012280
1.836,21.313633,0.020000,0.008740
1.837,21.313633,0.020000,0.013868
1.838,21.313633,0.020000,0.013973
1.839,21.313633,0.020000,0.012814
1.840,21.313633,0.020000,0.014444
1.841,21.313633,0.020000,0.017460
1.842,21.313633,0.020000,0.012747
1.843,21.268257,0.020000,0.012747
1.844,21.268257,0.020000,0.012747
1.845,21.268257,0.020000,0.012747
1.846,21.268257,0.020000,0.012747
1.847,21.268257,0.020000,0.012747
1.848,21.324200,0.020000,0.012747
1.849,21.324200,0.020000,0.012747
1.850,21.376991,0.020000,0.012747
1.851,21.376991,0.020000,0.012747
1.852,21.279610,0.020000,0.012747
1.853,21.279610,0.020000,0.012747
1.854,21.279610,0.020000,0.012747
1.855,21.279610,0.020000,0.012747
1.856,21.279610,0.020000,0.002192
1.857,21.279610,0.020000,0.007188
1.858,21.279610,0.020000,0.010516
1.859,21.279610,0.020000,0.009422
1.860,21.279610,0.020000,0.010654
1.861,21.279610,0.020000,0.013682
1.862,21.279610,0.020000,0.013927
1.863,21.283907,0.020000,0.013927
1.864,21.235216,0.020000,0.013927
1.865,21.235216,0.020000,0.013927
1.866,21.290176,0.020000,0.013927
1.867,21.290176,0.020000,0.013927
1.868,21.290176,0.020000,0.013927
1.869,21.290176,0.020000,0.013927
1.870,21.241682,0.020000,0.013927
1.871,21.297625,0.020000,0.013927
1.872,21.297625,0.020000,0.013927
1.873,21.350416,0.020000,0.013927
1.874,21.350416,0.020000,0.013927
1.875,21.350416,0.020000,0.015023
1.876,21.350416,0.020000,0.015673
1.877,21.301725,0.020000,0.015673
1.878,21.301725,0.020000,0.015673
1.879,21.301725,0.020000,0.015673
1.880,21.301725,0.020000,0.015673
1.881,21.253231,0.020000,0.015673
1.882,21.253231,0.020000,0.015673
1.883,21.253231,0.020000,0.015673
1.884,21.253231,0.020000,0.015673
1.885,21.306023,0.020000,0.015673
1.886,21.306023,0.020000,0.015673
1.887,21.257332,0.020000,0.015673
1.888,21.257332,0.020000,0.015673
1.889,21.257332,0.020000,0.015673
1.890,21.257332,0.020000,0.015673
1.891,21.257332,0.020000,0.015673
1.892,21.257332,0.020000,0.015673
1.893,21.257332,0.020000,0.015673
1.894,21.257332,0.020000,0.015673
1.895,21.257332,0.020000,0.014123
1.896,21.257332,0.020000,0.013239
1.897,21.257332,0.020000,0.014322
1.898,21.257332,0.020000,0.013882
1.899,21.257332,0.020000,0.016623
1.900,21.257332,0.020000,0.012351
1.901,21.257332,0.020000,0.006439
1.902,21.257332,0.020000,0.003417
1.903,21.257332,0.020000,0.009162
1.904,21.257332,0.020000,0.013786
1.905,21.257332,0.020000,0.013189
1.906,21.220190,0.020000,0.013189
1.907,21.220190,0.020000,0.013189
1.908,21.272982,0.020000,0.013189
1.909,21.224291,0.020000,0.013189
1.910,21.224291,0.020000,0.013189
1.911,21.279251,0.020000,0.013189
1.912,21.279251,0.020000,0.013189
1.913,21.279251,0.020000,0.004620
1.914,21.279251,0.020000,0.001884
1.915,21.279251,0.020000,0.006724
1.916,21.279251,0.020000,0.010626
1.917,21.279251,0.020000,0.012287
1.918,21.279251,0.020000,0.010829
1.919,21.279251,0.020000,0.013659
1.920,21.339491,0.020000,0.013659
1.921,21.290800,0.020000,0.013659
1.922,21.290800,0.020000,0.013659
1.923,21.290800,0.020000,0.013659
1.924,21.290800,0.020000,0.010909
1.925,21.290800,0.020000,0.010909
1.926,21.290800,0.020000,0.006518
1.927,21.290800,0.020000,0.010804
1.928,21.290800,0.020000,0.013340
1.929,21.290800,0.020000,0.008393
1.930,21.242306,0.020000,0.008393
1.931,21.242306,0.020000,0.008393
1.932,21.295097,0.020000,0.008393
1.933,21.295097,0.020000,0.008393
1.934,21.295097,0.020000,0.014815
1.935,21.295097,0.020000,0.016599
1.936,21.295097,0.020000,0.013587
1.937,21.295097,0.020000,0.010197
1.938,21.295097,0.020000,0.000689
1.939,21.295097,0.020000,0.004180
1.940,21.252872,0.020000,0.004180
1.941,21.252872,0.020000,0.004180
1.942,21.308815,0.020000,0.004180
1.943,21.308815,0.020000,0.004180
1.944,21.361607,0.020000,0.004180
1.945,21.361607,0.020000,0.004180
1.946,21.264225,0.020000,0.004180
1.947,21.264225,0.020000,0.017883
1.948,21.264225,0.020000,0.012270
1.949,21.264225,0.020000,0.006945
1.950,21.264225,0.020000,0.006945
1.951,21.264225,0.020000,0.006945
1.952,21.264225,0.020000,0.006945
1.953,21.264225,0.020000,0.006945
1.954,21.264225,0.020000,0.009809
1.955,21.264225,0.020000,0.015232
1.956,21.264225,0.020000,0.014237
1.957,21.264225,0.020000,0.015041
1.958,21.264225,0.020000,0.014578
1.959,21.264225,0.020000,0.016914
1.960,21.264225,0.020000,0.012195
1.961,21.264225,0.020000,0.009635
1.962,21.264225,0.020000,0.005450
1.963,21.264225,0.020000,0.009842
1.964,21.264225,0.020000,0.012608
1.965,21.264225,0.020000,0.009447
1.966,21.323286,0.020000,0.009447
1.967,21.323286,0.020000,0.009447
1.968,21.376078,0.020000,0.009447
1.969,21.376078,0.020000,0.014890
1.970,21.376078,0.020000,0.011564
1.971,21.376078,0.020000,0.015888
1.972,21.376078,0.020000,0.013945
1.973,21.278696,0.020000,0.013945
1.974,21.278696,0.020000,0.013945
1.975,21.278696,0.020000,0.002542
1.976,21.278696,0.020000,0.007574
1.977,21.278696,0.020000,0.011581
1.978,21.278696,0.020000,0.009573
1.979,21.278696,0.020000,0.012882
1.980,21.278696,0.020000,0.013757
1.981,21.278696,0.020000,0.013476
1.982,21.278696,0.020000,0.010678
1.983,21.278696,0.020000,0.016402
1.984,21.278696,0.020000,0.013821
1.985,21.278696,0.020000,0.010105
1.986,21.278696,0.020000,0.004251
1.987,21.278696,0.020000,0.009664
1.988,21.278696,0.020000,0.012081
1.989,21.278696,0.020000,0.012105
1.990,21.281815,0.020000,0.012105
1.991,21.281815,0.020000,0.012105
1.993,21.334606,0.020000,0.012105
1.994,21.334606,0.020000,0.012105
1.995,21.334606,0.020000,0.012975
1.996,21.334606,0.020000,0.016724
1.997,21.334606,0.020000,0.012781
1.998,21.334606,0.020000,0.007877
1.999,21.334606,0.020000,0.001961
2.000,21.334606,0.020000,0.005578
2.001,21.334606,0.020000,0.009710
2.002,21.334606,0.020000,0.010871
2.003,21.334606,0.020000,0.009996
2.004,21.334606,0.020000,0.013727
2.005,21.334606,0.020000,0.014149
2.006,21.334606,0.020000,0.011129
2.007,21.334606,0.020000,0.019111
2.008,21.334606,0.020000,0.018074
2.009,21.334606,0.020000,0.014494
2.010,21.334606,0.020000,0.007040
2.011,21.334606,0.020000,0.005350
2.012,21.334606,0.020000,0.011635
2.013,21.334606,0.020000,0.013697
2.014,21.334606,0.020000,0.010193
2.015,21.334606,0.020000,0.010521
2.016,21.334606,0.020000,0.009792
2.017,21.334606,0.020000,0.011358
2.018,21.334606,0.020000,0.009593
2.019,21.334606,0.020000,0.013600
2.020,21.308031,0.020000,0.013600
2.021,21.308031,0.020000,0.013600
2.022,21.308031,0.020000,0.013600
2.023,21.308031,0.020000,0.013600
2.024,21.259537,0.020000,0.013600
2.025,21.259537,0.020000,0.013600
2.026,21.259537,0.020000,0.013593
2.027,21.203594,0.020000,0.013593
2.028,21.203594,0.020000,0.013593
2.029,21.256386,0.020000,0.013593
2.030,21.256386,0.020000,0.013593
2.031,21.207695,0.020000,0.013593
2.032,21.207695,0.020000,0.013593
2.033,21.207695,0.020000,0.009526
2.034,21.207695,0.020000,0.001279
2.035,21.207695,0.020000,0.003517
2.036,21.207695,0.020000,0.008434
2.037,21.207695,0.020000,0.012491
2.038,21.207695,0.020000,0.008562
2.039,21.207695,0.020000,0.013888
2.040,21.311150,0.020000,0.013888
2.041,21.363941,0.020000,0.013888
2.042,21.363941,0.020000,0.013888
2.043,21.315250,0.020000,0.013888
2.044,21.315250,0.020000,0.019358
2.045,21.315250,0.020000,0.013321
2.046,21.315250,0.020000,0.009828
2.047,21.315250,0.020000,0.009828
2.048,21.315250,0.020000,0.009828
2.049,21.315250,0.020000,0.009828
2.050,21.315250,0.020000,0.009828
2.051,21.315250,0.020000,0.009828
2.052,21.315250,0.020000,0.009828
2.053,21.315250,0.020000,0.009828
2.054,21.368042,0.020000,0.009828
2.055,21.368042,0.020000,0.009828
2.056,21.270660,0.020000,0.009828
2.057,21.270660,0.020000,0.018999
2.058,21.270660,0.020000,0.014626
2.059,21.270660,0.020000,0.014626
2.060,21.270660,0.020000,0.014626
2.061,21.270660,0.020000,0.014626
2.062,21.222166,0.020000,0.014626
2.063,21.222166,0.020000,0.009361
2.064,21.278109,0.020000,0.009361
2.065,21.278109,0.020000,0.009361
2.066,21.278109,0.020000,0.013831
2.067,21.330900,0.020000,0.013831
2.068,21.330900,0.020000,0.017887
2.069,21.330900,0.020000,0.016385
2.070,21.282209,0.020000,0.016385
2.071,21.282209,0.020000,0.016385
2.072,21.282209,0.020000,0.004637
2.073,21.282209,0.020000,0.004637
2.074,21.282209,0.020000,0.011116
2.075,21.282209,0.020000,0.008104
2.076,21.233715,0.020000,0.008104
2.077,21.233715,0.020000,0.011399
2.078,21.233715,0.020000,0.011399
2.079,21.286507,0.020000,0.011399
2.080,21.237816,0.020000,0.011399
2.081,21.237816,0.020000,0.011399
2.082,21.237816,0.020000,0.013787
2.083,21.237816,0.020000,0.011413
2.084,21.292776,0.020000,0.011413
2.085,21.292776,0.020000,0.011413
2.086,21.244282,0.020000,0.011413
2.087,21.244282,0.020000,0.011413
2.088,21.244282,0.020000,0.008339
2.089,21.244282,0.020000,0.014266
2.090,21.244282,0.020000,0.013439
2.091,21.244282,0.020000,0.015401
2.092,21.244282,0.020000,0.012467
2.093,21.244282,0.020000,0.016858
2.094,21.244282,0.020000,0.012994
2.095,21.244282,0.020000,0.008121
2.096,21.244282,0.020000,0.000201
2.097,21.244282,0.020000,0.005937
2.098,21.244282,0.020000,0.010094
2.099,21.244282,0.020000,0.012765
2.100,21.199692,0.020000,0.012765
2.101,21.199692,0.020000,0.014759
2.102,21.199692,0.020000,0.013349
2.103,21.252483,0.020000,0.013349
2.104,21.203793,0.020000,0.013349
2.105,21.203793,0.020000,0.013349
2.106,21.258753,0.020000,0.013349
2.107,21.258753,0.020000,0.013349
2.108,21.258753,0.020000,0.013349
2.109,21.258753,0.020000,0.013580
2.110,21.258753,0.020000,0.012467
2.111,21.258753,0.020000,0.011728
2.112,21.258753,0.020000,0.013429
2.113,21.258753,0.020000,0.014477
2.114,21.258753,0.020000,0.011753
2.115,21.258753,0.020000,0.016312
2.116,21.258753,0.020000,0.013746
2.117,21.258753,0.020000,0.011192
2.118,21.258753,0.020000,0.002427
2.119,21.258753,0.020000,0.002365
2.120,21.258753,0.020000,0.007365
2.121,21.270105,0.020000,0.007365
2.122,21.270105,0.020000,0.007365
2.123,21.214163,0.020000,0.007365
2.124,21.214163,0.020000,0.007365
2.125,21.214163,0.020000,0.007365
2.126,21.266954,0.020000,0.007365
2.127,21.218264,0.020000,0.007365
2.128,21.218264,0.020000,0.013920
2.129,21.273224,0.020000,0.013920
2.130,21.273224,0.020000,0.013920
2.131,21.273224,0.020000,0.004869
2.132,21.273224,0.020000,0.008020
2.133,21.273224,0.020000,0.011699
2.134,21.273224,0.020000,0.012499
2.135,21.273224,0.020000,0.009897
2.136,21.329166,0.020000,0.009897
2.137,21.329166,0.020000,0.009897
2.138,21.381958,0.020000,0.009897
2.139,21.381958,0.020000,0.009897
2.140,21.284576,0.020000,0.009897
2.141,21.284576,0.020000,0.009897
2.142,21.284576,0.020000,0.009897
2.143,21.284576,0.020000,0.006494
2.144,21.284576,0.020000,0.002961
2.145,21.284576,0.020000,0.006326
2.146,21.284576,0.020000,0.012324
2.147,21.284576,0.020000,0.011340
2.148,21.284576,0.020000,0.009875
2.149,21.236082,0.020000,0.009875
2.150,21.236082,0.020000,0.009875
2.151,21.288874,0.020000,0.009875
2.152,21.288874,0.020000,0.009875
2.153,21.240183,0.020000,0.009875
2.154,21.240183,0.020000,0.012839
2.155,21.240183,0.020000,0.008869
2.156,21.240183,0.020000,0.005902
2.157,21.240183,0.020000,0.008512
2.158,21.240183,0.020000,0.012418
2.159,21.240183,0.020000,0.012274
2.160,21.302591,0.020000,0.012274
2.161,21.302591,0.020000,0.013524
2.162,21.302591,0.020000,0.014437
2.163,21.302591,0.020000,0.013073
2.164,21.302591,0.020000,0.011462
2.165,21.302591,0.020000,0.016109
2.166,21.306692,0.020000,0.016109
2.167,21.306692,0.020000,0.016109
2.168,21.306692,0.020000,0.016109
2.169,21.306692,0.020000,0.016109
2.170,21.306692,0.020000,0.009963
2.171,21.258198,0.020000,0.009963
2.172,21.258198,0.020000,0.009963
2.173,21.202255,0.020000,0.009963
2.174,21.202255,0.020000,0.009963
2.175,21.255047,0.020000,0.009963
2.176,21.206356,0.020000,0.009963
2.177,21.206356,0.020000,0.009963
2.178,21.261316,0.020000,0.009963
2.179,21.261316,0.020000,0.003637
2.180,21.261316,0.020000,0.003637
2.181,21.261316,0.020000,0.003637
2.182,21.261316,0.020000,0.012801
2.183,21.261316,0.020000,0.008654
2.184,21.261316,0.020000,0.013422
2.185,21.261316,0.020000,0.013879
2.186,21.261316,0.020000,0.014631
2.187,21.261316,0.020000,0.013426
2.188,21.261316,0.020000,0.016882
2.189,21.261316,0.020000,0.012491
2.190,21.261316,0.020000,0.012102
2.191,21.272669,0.020000,0.012102
2.193,21.272669,0.020000,0.007452
2.194,21.272669,0.020000,0.010262
2.195,21.272669,0.020000,0.013106
2.196,21.272669,0.020000,0.008500
2.197,21.272669,0.020000,0.014358
2.198,21.272669,0.020000,0.011887
2.199,21.276966,0.020000,0.011887
2.200,21.228275,0.020000,0.011887
2.201,21.228275,0.020000,0.011887
2.202,21.228275,0.020000,0.003136
2.203,21.283236,0.020000,0.003136
2.204,21.283236,0.020000,0.003136
2.205,21.283236,0.020000,0.003136
2.206,21.283236,0.020000,0.003136
2.207,21.283236,0.020000,0.003136
2.208,21.283236,0.020000,0.003136
2.209,21.336027,0.020000,0.003136
2.210,21.287336,0.020000,0.003136
2.211,21.287336,0.020000,0.018471
2.212,21.287336,0.020000,0.014003
2.213,21.287336,0.020000,0.008481
2.214,21.287336,0.020000,0.002924
2.215,21.287336,0.020000,0.002924
2.216,21.287336,0.020000,0.010451
2.217,21.287336,0.020000,0.009755
2.218,21.287336,0.020000,0.009843
2.219,21.287336,0.020000,0.013773
2.220,21.287336,0.020000,0.013895
2.221,21.287336,0.020000,0.013891
2.222,21.242943,0.020000,0.013891
2.223,21.297903,0.020000,0.013891
2.224,21.297903,0.020000,0.011675
2.225,21.297903,0.020000,0.003858
2.226,21.297903,0.020000,0.005072
2.227,21.297903,0.020000,0.006648
2.228,21.297903,0.020000,0.011698
2.229,21.297903,0.020000,0.007398
2.230,21.305351,0.020000,0.007398
2.231,21.305351,0.020000,0.007398
2.232,21.305351,0.020000,0.013370
2.233,21.305351,0.020000,0.011206
2.234,21.305351,0.020000,0.017839
2.235,21.305351,0.020000,0.015591
2.236,21.309452,0.020000,0.015591
2.237,21.309452,0.020000,0.015591
2.238,21.309452,0.020000,0.015591
2.239,21.309452,0.020000,0.015591
2.240,21.260958,0.020000,0.015591
2.241,21.260958,0.020000,0.015591
2.242,21.260958,0.020000,0.013021
2.243,21.205015,0.020000,0.013021
2.244,21.205015,0.020000,0.013423
2.245,21.205015,0.020000,0.012451
2.246,21.205015,0.020000,0.013982
2.247,21.205015,0.020000,0.016743
2.248,21.205015,0.020000,0.012370
2.249,21.205015,0.020000,0.009281
2.250,21.264076,0.020000,0.009281
2.251,21.264076,0.020000,0.009281
2.252,21.264076,0.020000,0.009281
2.253,21.264076,0.020000,0.012594
2.254,21.264076,0.020000,0.012594
2.255,21.320019,0.020000,0.012594
2.256,21.372810,0.020000,0.012594
2.257,21.324120,0.020000,0.012594
2.258,21.275429,0.020000,0.012594
2.259,21.275429,0.020000,0.014685
2.260,21.275429,0.020000,0.014685
2.261,21.275429,0.020000,0.014685
2.262,21.275429,0.020000,0.014685
2.263,21.275429,0.020000,0.007102
2.264,21.275429,0.020000,0.010800
2.265,21.275429,0.020000,0.010886
2.266,21.275429,0.020000,0.012992
2.267,21.226934,0.020000,0.012992
2.268,21.226934,0.020000,0.015857
2.269,21.279726,0.020000,0.015857
2.270,21.231035,0.020000,0.015857
2.271,21.231035,0.020000,0.015857
2.272,21.231035,0.020000,0.011892
2.273,21.231035,0.020000,0.003804
2.274,21.231035,0.020000,0.005248
2.275,21.231035,0.020000,0.009601
2.276,21.237501,0.020000,0.009601
2.277,21.293444,0.020000,0.009601
2.278,21.293444,0.020000,0.013394
2.279,21.293444,0.020000,0.013973
2.280,21.346235,0.020000,0.013973
2.281,21.346235,0.020000,0.010971
2.282,21.346235,0.020000,0.015502
2.283,21.346235,0.020000,0.013049
2.284,21.346235,0.020000,0.001162
2.285,21.346235,0.020000,0.005049
2.286,21.346235,0.020000,0.008724
2.287,21.346235,0.020000,0.012011
2.288,21.346235,0.020000,0.009040
2.289,21.346235,0.020000,0.014298
2.290,21.346235,0.020000,0.013537
2.291,21.346235,0.020000,0.013249
2.292,21.301842,0.020000,0.013249
2.293,21.253151,0.020000,0.013249
2.294,21.308111,0.020000,0.013249
2.295,21.308111,0.020000,0.009862
2.296,21.308111,0.020000,0.003090
2.297,21.308111,0.020000,0.009324
2.298,21.308111,0.020000,0.013533
2.299,21.259617,0.020000,0.013533
2.300,21.259617,0.020000,0.013533
2.301,21.315559,0.020000,0.013533
2.302,21.315559,0.020000,0.013533
2.303,21.368351,0.020000,0.013533
2.304,21.270969,0.020000,0.013533
2.305,21.270969,0.020000,0.013533
2.306,21.270969,0.020000,0.013533
2.307,21.270969,0.020000,0.013533
2.308,21.270969,0.020000,0.013533
2.309,21.270969,0.020000,0.013533
2.310,21.270969,0.020000,0.013533
2.311,21.222475,0.020000,0.013533
2.312,21.222475,0.020000,0.013533
2.313,21.222475,0.020000,0.013533
2.314,21.222475,0.020000,0.014066
2.315,21.222475,0.020000,0.013473
2.316,21.226576,0.020000,0.013473
2.317,21.226576,0.020000,0.013473
2.318,21.281536,0.020000,0.013473
2.319,21.281536,0.020000,0.013473
2.320,21.281536,0.020000,0.013473
2.321,21.281536,0.020000,0.013473
2.322,21.233042,0.020000,0.013473
2.323,21.233042,0.020000,0.009160
2.324,21.288984,0.020000,0.009160
2.325,21.288984,0.020000,0.011978
2.326,21.288984,0.020000,0.013232
2.327,21.288984,0.020000,0.014229
2.328,21.288984,0.020000,0.015183
2.329,21.288984,0.020000,0.016074
2.330,21.288984,0.020000,0.013799
2.331,21.288984,0.020000,0.009295
2.332,21.293085,0.020000,0.009295
2.333,21.293085,0.020000,0.009295
2.334,21.244591,0.020000,0.009295
2.335,21.244591,0.020000,0.009295
2.336,21.244591,0.020000,0.008995
2.337,21.244591,0.020000,0.008995
2.338,21.244591,0.020000,0.008995
2.339,21.297382,0.020000,0.008995
2.340,21.297382,0.020000,0.008995
2.341,21.248692,0.020000,0.008995
2.342,21.248692,0.020000,0.012275
2.343,21.248692,0.020000,0.007191
2.344,21.303652,0.020000,0.007191
2.345,21.303652,0.020000,0.007191
2.346,21.303652,0.020000,0.007191
2.347,21.303652,0.020000,0.013149
2.348,21.303652,0.020000,0.013149
2.349,21.303652,0.020000,0.013149
2.350,21.303652,0.020000,0.013149
2.351,21.303652,0.020000,0.013501
2.352,21.303652,0.020000,0.014014
2.353,21.259062,0.020000,0.014014
2.354,21.259062,0.020000,0.014014
2.355,21.259062,0.020000,0.014014
2.356,21.259062,0.020000,0.014014
2.357,21.259062,0.020000,0.014014
2.358,21.259062,0.020000,0.008533
2.359,21.259062,0.020000,0.008533
2.360,21.259062,0.020000,0.011131
2.361,21.259062,0.020000,0.014208
2.362,21.259062,0.020000,0.014631
2.363,21.263163,0.020000,0.014631
2.364,21.263163,0.020000,0.014631
2.365,21.263163,0.020000,0.014631
2.366,21.263163,0.020000,0.014631
2.367,21.263163,0.020000,0.014631
2.368,21.263163,0.020000,0.014631
2.369,21.263163,0.020000,0.014631
2.370,21.263163,0.020000,0.005857
2.371,21.263163,0.020000,0.011730
2.372,21.263163,0.020000,0.011820
2.373,21.371897,0.020000,0.011820
2.374,21.371897,0.020000,0.013782
2.375,21.371897,0.020000,0.011496
2.376,21.371897,0.020000,0.015576
2.377,21.274515,0.020000,0.015576
2.378,21.274515,0.020000,0.001618
2.379,21.274515,0.020000,0.007198
2.380,21.274515,0.020000,0.011423
2.381,21.274515,0.020000,0.013447
2.382,21.274515,0.020000,0.009540
2.383,21.274515,0.020000,0.013926
2.384,21.274515,0.020000,0.013229
2.385,21.274515,0.020000,0.013986
2.386,21.274515,0.020000,0.011451
2.387,21.274515,0.020000,0.014912
2.388,21.285082,0.020000,0.014912
2.389,21.285082,0.020000,0.014912
2.390,21.285082,0.020000,0.014912
2.392,21.285082,0.020000,0.006282
2.393,21.285082,0.020000,0.009615
2.394,21.236588,0.020000,0.009615
2.395,21.292530,0.020000,0.009615
2.396,21.292530,0.020000,0.009615
2.397,21.345322,0.020000,0.009615
2.398,21.345322,0.020000,0.009615
2.399,21.296631,0.020000,0.009615
2.400,21.296631,0.020000,0.009615
2.401,21.296631,0.020000,0.009615
2.402,21.296631,0.020000,0.004396
2.403,21.296631,0.020000,0.009065
2.404,21.248137,0.020000,0.009065
2.405,21.248137,0.020000,0.009065
2.406,21.248137,0.020000,0.009065
2.407,21.248137,0.020000,0.009065
2.408,21.248137,0.020000,0.009065
2.409,21.300928,0.020000,0.009065
2.410,21.252237,0.020000,0.009065
2.411,21.252237,0.020000,0.009065
2.412,21.252237,0.020000,0.012425
2.413,21.252237,0.020000,0.005925
2.414,21.307198,0.020000,0.005925
2.415,21.258703,0.020000,0.005925
2.416,21.258703,0.020000,0.011781
2.417,21.258703,0.020000,0.011781
2.418,21.314646,0.020000,0.011781
2.419,21.314646,0.020000,0.011781
2.420,21.367437,0.020000,0.011781
2.421,21.367437,0.020000,0.011781
2.422,21.270056,0.020000,0.011781
2.423,21.270056,0.020000,0.011781
2.424,21.270056,0.020000,0.011781
2.425,21.270056,0.020000,0.011781
2.426,21.270056,0.020000,0.011781
2.427,21.270056,0.020000,0.009904
2.428,21.270056,0.020000,0.011889
2.429,21.221561,0.020000,0.011889
2.430,21.221561,0.020000,0.011889
2.431,21.221561,0.020000,0.011889
2.432,21.274353,0.020000,0.011889
2.433,21.225662,0.020000,0.011889
2.434,21.225662,0.020000,0.011889
2.435,21.225662,0.020000,0.013097
2.436,21.225662,0.020000,0.010599
2.437,21.225662,0.020000,0.001756
2.438,21.225662,0.020000,0.009225
2.439,21.225662,0.020000,0.013053
2.440,21.225662,0.020000,0.010764
2.441,21.225662,0.020000,0.014742
2.442,21.225662,0.020000,0.014155
2.443,21.225662,0.020000,0.013513
2.444,21.340862,0.020000,0.013513
2.445,21.340862,0.020000,0.013520
2.446,21.340862,0.020000,0.016784
2.447,21.340862,0.020000,0.012079
2.448,21.292171,0.020000,0.012079
2.449,21.292171,0.020000,0.012079
2.450,21.292171,0.020000,0.012079
2.451,21.292171,0.020000,0.012079
2.452,21.292171,0.020000,0.012079
2.453,21.292171,0.020000,0.012079
2.454,21.292171,0.020000,0.012079
2.455,21.344963,0.020000,0.012079
2.456,21.344963,0.020000,0.013715
2.457,21.296272,0.020000,0.013715
2.458,21.296272,0.020000,0.013715
2.459,21.296272,0.020000,0.013715
2.460,21.296272,0.020000,0.013715
2.461,21.247778,0.020000,0.013715
2.462,21.247778,0.020000,0.013715
2.463,21.247778,0.020000,0.013715
2.464,21.247778,0.020000,0.013715
2.465,21.247778,0.020000,0.013715
2.466,21.300570,0.020000,0.013715
2.467,21.251879,0.020000,0.013715
2.468,21.251879,0.020000,0.013715
2.469,21.251879,0.020000,0.009411
2.470,21.251879,0.020000,0.002711
2.471,21.251879,0.020000,0.002711
2.472,21.251879,0.020000,0.005094
2.473,21.251879,0.020000,0.007846
2.474,21.251879,0.020000,0.011683
2.475,21.251879,0.020000,0.008596
2.476,21.251879,0.020000,0.014542
2.477,21.251879,0.020000,0.013409
2.478,21.353165,0.020000,0.013409
2.479,21.255783,0.020000,0.013409
2.480,21.255783,0.020000,0.014159
2.481,21.255783,0.020000,0.008467
2.482,21.255783,0.020000,0.001181
2.483,21.255783,0.020000,0.005771
2.484,21.255783,0.020000,0.010596
2.485,21.255783,0.020000,0.012052
2.486,21.255783,0.020000,0.009514
2.487,21.255783,0.020000,0.015199
2.488,21.255783,0.020000,0.014340
2.489,21.255783,0.020000,0.013828
2.490,21.255783,0.020000,0.013707
2.491,21.259687,0.020000,0.013707
2.492,21.259687,0.020000,0.013707
2.493,21.259687,0.020000,0.013707
2.494,21.311310,0.020000,0.013707
2.495,21.311310,0.020000,0.015147
2.496,21.311310,0.020000,0.014593
2.497,21.311310,0.020000,0.015997
2.498,21.311310,0.020000,0.015937
2.499,21.311310,0.020000,0.015304
2.500,21.311310,0.020000,0.011701
2.501,21.311310,0.020000,0.010155
2.502,21.311310,0.020000,0.011396
2.503,21.321680,0.020000,0.011396
2.504,21.321680,0.020000,0.010262
2.505,21.321680,0.020000,0.014145
2.506,21.321680,0.020000,0.016639
2.507,21.321680,0.020000,0.011612
2.508,21.321680,0.020000,0.017894
2.509,21.321680,0.020000,0.014987
2.510,21.321680,0.020000,0.015627
2.511,21.321680,0.020000,0.010343
2.512,21.321680,0.020000,0.012248
2.513,21.321680,0.020000,0.011481
2.514,21.321680,0.020000,0.010541
2.515,21.321680,0.020000,0.004446
2.516,21.321680,0.020000,0.005791
2.517,21.321680,0.020000,0.008833
2.518,21.321680,0.020000,0.012142
2.519,21.321680,0.020000,0.008666
2.520,21.321680,0.020000,0.012161
2.521,21.324799,0.020000,0.012161
2.522,21.324799,0.020000,0.012161
2.523,21.276108,0.020000,0.012161
2.524,21.276108,0.020000,0.012161
2.525,21.276108,0.020000,0.012161
2.526,21.331068,0.020000,0.012161
2.527,21.331068,0.020000,0.012161
2.528,21.331068,0.020000,0.012161
2.529,21.282574,0.020000,0.012161
2.530,21.282574,0.020000,0.012161
2.531,21.282574,0.020000,0.012161
2.532,21.282574,0.020000,0.012161
2.533,21.282574,0.020000,0.011682
2.534,21.282574,0.020000,0.010444
2.535,21.282574,0.020000,0.013120
2.536,21.282574,0.020000,0.013988
2.537,21.282574,0.020000,0.009941
2.538,21.282574,0.020000,0.009575
2.539,21.282574,0.020000,0.010026
2.540,21.282574,0.020000,0.012471
2.541,21.282574,0.020000,0.012254
2.542,21.282574,0.020000,0.009689
2.543,21.282574,0.020000,0.013430
2.544,21.282574,0.020000,0.013170
2.545,21.240152,0.020000,0.013170
2.546,21.240152,0.020000,0.013170
2.547,21.295113,0.020000,0.013170
2.548,21.295113,0.020000,0.013170
2.549,21.295113,0.020000,0.013170
2.550,21.295113,0.020000,0.013170
2.551,21.295113,0.020000,0.013170
2.552,21.295113,0.020000,0.013170
2.553,21.295113,0.020000,0.013170
2.554,21.295113,0.020000,0.013170
2.555,21.295113,0.020000,0.013170
2.556,21.347904,0.020000,0.013170
2.557,21.299213,0.020000,0.013170
2.558,21.299213,0.020000,0.013170
2.559,21.299213,0.020000,0.013170
2.560,21.299213,0.020000,0.000610
2.561,21.299213,0.020000,0.005288
2.562,21.299213,0.020000,0.010372
2.563,21.299213,0.020000,0.013247
2.564,21.299213,0.020000,0.009335
2.565,21.299213,0.020000,0.013841
2.566,21.299213,0.020000,0.013814
2.567,21.299213,0.020000,0.013623
2.568,21.299213,0.020000,0.013089
2.569,21.299213,0.020000,0.017339
2.570,21.299213,0.020000,0.012231
2.571,21.299213,0.020000,0.011072
2.572,21.309780,0.020000,0.011072
2.573,21.309780,0.020000,0.011072
2.574,21.261286,0.020000,0.011072
2.575,21.317228,0.020000,0.011072
2.576,21.317228,0.020000,0.011072
2.577,21.317228,0.020000,0.011072
2.578,21.370020,0.020000,0.011072
2.579,21.370020,0.020000,0.011072
2.580,21.321329,0.020000,0.011072
2.581,21.321329,0.020000,0.011072
2.582,21.321329,0.020000,0.011072
2.583,21.321329,0.020000,0.001776
2.584,21.321329,0.020000,0.001776
2.585,21.321329,0.020000,0.011672
2.586,21.272835,0.020000,0.011672
2.587,21.272835,0.020000,0.010618
2.588,21.216892,0.020000,0.010618
2.589,21.216892,0.020000,0.014094
2.590,21.269684,0.020000,0.014094
2.591,21.269684,0.020000,0.015531
2.593,21.269684,0.020000,0.014918
2.594,21.269684,0.020000,0.011945
2.595,21.269684,0.020000,0.008119
2.596,21.269684,0.020000,0.004067
2.597,21.269684,0.020000,0.011124
2.598,21.269684,0.020000,0.013303
2.599,21.220011,0.020000,0.013303
2.600,21.220011,0.020000,0.013303
2.601,21.272802,0.020000,0.013303
2.602,21.272802,0.020000,0.013303
2.603,21.272802,0.020000,0.016934
2.604,21.272802,0.020000,0.012526
2.605,21.272802,0.020000,0.009631
2.606,21.272802,0.020000,0.001917
2.607,21.272802,0.020000,0.005026
2.608,21.272802,0.020000,0.009023
2.609,21.272802,0.020000,0.011407
2.610,21.272802,0.020000,0.008211
2.611,21.272802,0.020000,0.012436
2.612,21.272802,0.020000,0.013684
2.613,21.272802,0.020000,0.013668
2.614,21.272802,0.020000,0.014201
2.615,21.272802,0.020000,0.020673
2.616,21.272802,0.020000,0.015019
2.617,21.272802,0.020000,0.011817
2.618,21.272802,0.020000,0.003195
2.619,21.272802,0.020000,0.004923
2.620,21.272802,0.020000,0.008238
2.621,21.272802,0.020000,0.011295
2.622,21.272802,0.020000,0.008606
2.623,21.283173,0.020000,0.008606
2.624,21.283173,0.020000,0.008606
2.625,21.335964,0.020000,0.008606
2.626,21.335964,0.020000,0.008606
2.627,21.287273,0.020000,0.008606
2.628,21.287273,0.020000,0.008606
2.629,21.287273,0.020000,0.008606
2.630,21.287273,0.020000,0.008606
2.631,21.287273,0.020000,0.008606
2.632,21.287273,0.020000,0.008606
2.633,21.238779,0.020000,0.008606
2.634,21.238779,0.020000,0.008606
2.635,21.238779,0.020000,0.008606
2.636,21.238779,0.020000,0.008606
2.637,21.291571,0.020000,0.008606
2.638,21.291571,0.020000,0.008606
2.639,21.242880,0.020000,0.008606
2.640,21.242880,0.020000,0.008606
2.641,21.297840,0.020000,0.008606
2.642,21.297840,0.020000,0.008606
2.643,21.297840,0.020000,0.008606
2.644,21.297840,0.020000,0.008606
2.645,21.249346,0.020000,0.008606
2.646,21.249346,0.020000,0.008606
2.647,21.249346,0.020000,0.008606
2.648,21.249346,0.020000,0.008606
2.649,21.249346,0.020000,0.008606
2.650,21.200655,0.020000,0.008606
2.651,21.200655,0.020000,0.008606
2.652,21.255615,0.020000,0.008606
2.653,21.255615,0.020000,0.008606
2.654,21.255615,0.020000,0.008606
2.655,21.307238,0.020000,0.008606
2.656,21.258743,0.020000,0.008606
2.657,21.258743,0.020000,0.008606
2.658,21.258743,0.020000,0.008606
2.659,21.258743,0.020000,0.008606
2.660,21.311535,0.020000,0.008606
2.661,21.311535,0.020000,0.008606
2.662,21.262844,0.020000,0.008606
2.663,21.262844,0.020000,0.008606
2.664,21.317804,0.020000,0.008606
2.665,21.317804,0.020000,0.008606
2.666,21.317804,0.020000,0.008606
2.667,21.317804,0.020000,0.008606
2.668,21.269310,0.020000,0.008606
2.669,21.269310,0.020000,0.008606
2.670,21.269310,0.020000,0.008606
2.671,21.269310,0.020000,0.013310
2.672,21.322102,0.020000,0.013310
2.673,21.322102,0.020000,0.013310
2.674,21.273411,0.020000,0.013310
2.675,21.273411,0.020000,0.013310
2.676,21.273411,0.020000,0.009767
2.677,21.328371,0.020000,0.009767
2.678,21.328371,0.020000,0.009767
2.679,21.328371,0.020000,0.010501
2.680,21.328371,0.020000,0.011827
2.681,21.279877,0.020000,0.011827
2.682,21.279877,0.020000,0.014059
2.683,21.279877,0.020000,0.012834
2.684,21.279877,0.020000,0.013430
2.685,21.279877,0.020000,0.013153
2.686,21.279877,0.020000,0.016532
2.687,21.279877,0.020000,0.012308
2.688,21.279877,0.020000,0.007620
2.689,21.279877,0.020000,0.003149
2.690,21.279877,0.020000,0.006761
2.691,21.279877,0.020000,0.010295
2.692,21.279877,0.020000,0.011204
2.693,21.279877,0.020000,0.013230
2.694,21.279877,0.020000,0.017036
2.695,21.279877,0.020000,0.015709
2.696,21.279877,0.020000,0.015167
2.697,21.279877,0.020000,0.016716
2.698,21.279877,0.020000,0.015975
2.699,21.279877,0.020000,0.012318
2.700,21.279877,0.020000,0.003540
2.701,21.279877,0.020000,0.002516
2.702,21.279877,0.020000,0.006927
2.703,21.279877,0.020000,0.011557
2.704,21.279877,0.020000,0.008590
2.705,21.279877,0.020000,0.011511
2.706,21.279877,0.020000,0.012734
2.707,21.279877,0.020000,0.014370
2.708,21.279877,0.020000,0.011239
2.709,21.279877,0.020000,0.016471
2.710,21.279877,0.020000,0.012929
2.711,21.279877,0.020000,0.011068
2.712,21.279877,0.020000,0.003186
2.713,21.279877,0.020000,0.007223
2.714,21.279877,0.020000,0.011110
2.715,21.279877,0.020000,0.013247
2.716,21.279877,0.020000,0.009599
2.717,21.279877,0.020000,0.014046
2.718,21.279877,0.020000,0.013859
2.719,21.279877,0.020000,0.014196
2.720,21.279877,0.020000,0.012479
2.721,21.279877,0.020000,0.017055
2.722,21.279877,0.020000,0.012117
2.723,21.300585,0.020000,0.012117
2.724,21.300585,0.020000,0.012117
2.725,21.300585,0.020000,0.012117
2.726,21.300585,0.020000,0.012117
2.727,21.252090,0.020000,0.012117
2.728,21.252090,0.020000,0.012117
2.729,21.252090,0.020000,0.012117
2.730,21.252090,0.020000,0.012117
2.731,21.304882,0.020000,0.012117
2.732,21.304882,0.020000,0.012117
2.733,21.256191,0.020000,0.012117
2.734,21.256191,0.020000,0.012117
2.735,21.311152,0.020000,0.012117
2.736,21.311152,0.020000,0.012117
2.737,21.311152,0.020000,0.012117
2.738,21.311152,0.020000,0.012117
2.739,21.262657,0.020000,0.012117
2.740,21.318600,0.020000,0.012117
2.741,21.318600,0.020000,0.012117
2.742,21.318600,0.020000,0.012117
2.743,21.371391,0.020000,0.012117
2.744,21.274010,0.020000,0.012117
2.745,21.274010,0.020000,0.012117
2.746,21.274010,0.020000,0.012117
2.747,21.274010,0.020000,0.012117
2.748,21.274010,0.020000,0.012117
2.749,21.274010,0.020000,0.012117
2.750,21.225515,0.020000,0.012117
2.751,21.225515,0.020000,0.012117
2.752,21.225515,0.020000,0.012117
2.753,21.225515,0.020000,0.012117
2.754,21.278307,0.020000,0.012117
2.755,21.278307,0.020000,0.012117
2.756,21.229616,0.020000,0.012117
2.757,21.229616,0.020000,0.012117
2.758,21.284576,0.020000,0.012117
2.759,21.284576,0.020000,0.012117
2.760,21.284576,0.020000,0.012117
2.761,21.284576,0.020000,0.012117
2.762,21.284576,0.020000,0.012229
2.763,21.236082,0.020000,0.012229
2.764,21.292025,0.020000,0.012229
2.765,21.292025,0.020000,0.012229
2.766,21.344816,0.020000,0.012229
2.767,21.344816,0.020000,0.012229
2.768,21.296125,0.020000,0.012229
2.769,21.296125,0.020000,0.012229
2.770,21.296125,0.020000,0.012229
2.771,21.296125,0.020000,0.001687
2.772,21.296125,0.020000,0.001687
2.773,21.296125,0.020000,0.001687
2.774,21.247631,0.020000,0.001687
2.775,21.247631,0.020000,0.001687
2.776,21.247631,0.020000,0.001687
2.777,21.247631,0.020000,0.001687
2.778,21.300423,0.020000,0.001687
2.779,21.300423,0.020000,0.001687
2.780,21.251732,0.020000,0.001687
2.781,21.251732,0.020000,0.001687
2.782,21.251732,0.020000,0.006075
2.783,21.251732,0.020000,0.001580
2.784,21.306692,0.020000,0.001580
2.785,21.306692,0.020000,0.001580
2.786,21.258198,0.020000,0.001580
2.787,21.258198,0.020000,0.012154
2.788,21.258198,0.020000,0.016148
2.789,21.258198,0.020000,0.016965
2.790,21.258198,0.020000,0.016025
2.791,21.258198,0.020000,0.016740
2.793,21.258198,0.020000,0.014774
2.794,21.258198,0.020000,0.011246
2.795,21.258198,0.020000,0.003386
2.796,21.258198,0.020000,0.002277
2.797,21.258198,0.020000,0.007741
2.798,21.258198,0.020000,0.011100
2.799,21.258198,0.020000,0.011473
2.800,21.258198,0.020000,0.010828
2.801,21.258198,0.020000,0.013231
2.802,21.258198,0.020000,0.014743
2.803,21.258198,0.020000,0.012533
2.804,21.258198,0.020000,0.016804
2.805,21.258198,0.020000,0.014342
2.806,21.258198,0.020000,0.009365
2.807,21.258198,0.020000,0.003820
2.808,21.258198,0.020000,0.006324
2.809,21.258198,0.020000,0.011587
2.810,21.258198,0.020000,0.014020
2.811,21.258198,0.020000,0.010135
2.812,21.258198,0.020000,0.013900
2.813,21.258198,0.020000,0.013356
2.814,21.258198,0.020000,0.013794
2.815,21.258198,0.020000,0.011830
2.816,21.258198,0.020000,0.017527
2.817,21.258198,0.020000,0.013466
2.818,21.258198,0.020000,0.009235
2.819,21.258198,0.020000,0.001050
2.820,21.258198,0.020000,0.005491
2.821,21.258198,0.020000,0.009396
2.822,21.258198,0.020000,0.011284
2.823,21.258198,0.020000,0.009522
2.824,21.243172,0.020000,0.009522
2.825,21.243172,0.020000,0.009522
2.826,21.243172,0.020000,0.014228
2.827,21.243172,0.020000,0.017535
2.828,21.243172,0.020000,0.019196
2.829,21.243172,0.020000,0.015260
2.830,21.243172,0.020000,0.009153
2.831,21.243172,0.020000,0.003155
2.832,21.243172,0.020000,0.008126
2.833,21.243172,0.020000,0.011759
2.834,21.243172,0.020000,0.011414
2.835,21.243172,0.020000,0.010385
2.836,21.243172,0.020000,0.014924
2.837,21.243172,0.020000,0.013608
2.838,21.243172,0.020000,0.013645
2.839,21.243172,0.020000,0.014827
2.840,21.243172,0.020000,0.016770
2.841,21.243172,0.020000,0.011333
2.842,21.243172,0.020000,0.005479
2.843,21.243172,0.020000,0.003438
2.844,21.216597,0.020000,0.003438
2.845,21.216597,0.020000,0.010966
2.846,21.216597,0.020000,0.008411
2.847,21.216597,0.020000,0.011807
2.848,21.216597,0.020000,0.014043
2.849,21.216597,0.020000,0.014061
2.850,21.216597,0.020000,0.012175
2.851,21.216597,0.020000,0.019666
2.852,21.216597,0.020000,0.017207
2.853,21.216597,0.020000,0.013927
2.854,21.216597,0.020000,0.005411
2.855,21.216597,0.020000,0.004888
2.856,21.216597,0.020000,0.008106
2.857,21.216597,0.020000,0.011149
2.858,21.216597,0.020000,0.007456
2.859,21.216597,0.020000,0.012039
2.860,21.328449,0.020000,0.012039
2.861,21.328449,0.020000,0.012039
2.862,21.279758,0.020000,0.012039
2.863,21.279758,0.020000,0.012039
2.864,21.279758,0.020000,0.013016
2.865,21.279758,0.020000,0.010941
2.866,21.279758,0.020000,0.004347
2.867,21.279758,0.020000,0.004347
2.868,21.231264,0.020000,0.004347
2.869,21.231264,0.020000,0.004347
2.870,21.231264,0.020000,0.004347
2.871,21.231264,0.020000,0.004347
2.872,21.284056,0.020000,0.004347
2.873,21.284056,0.020000,0.004347
2.874,21.284056,0.020000,0.013834
2.875,21.284056,0.020000,0.017573
2.876,21.284056,0.020000,0.012970
2.877,21.284056,0.020000,0.007174
2.878,21.284056,0.020000,0.000851
2.879,21.284056,0.020000,0.006285
2.880,21.241831,0.020000,0.006285
2.881,21.297773,0.020000,0.006285
2.882,21.297773,0.020000,0.006285
2.883,21.297773,0.020000,0.006285
2.884,21.350565,0.020000,0.006285
2.885,21.301874,0.020000,0.006285
2.886,21.301874,0.020000,0.006285
2.887,21.301874,0.020000,0.006285
2.888,21.301874,0.020000,0.006285
2.889,21.301874,0.020000,0.006285
2.890,21.301874,0.020000,0.006285
2.891,21.253380,0.020000,0.006285
2.892,21.253380,0.020000,0.006285
2.893,21.253380,0.020000,0.006285
2.894,21.253380,0.020000,0.006285
2.895,21.306171,0.020000,0.006285
2.896,21.306171,0.020000,0.006285
2.897,21.257481,0.020000,0.006285
2.898,21.257481,0.020000,0.006285
2.899,21.312441,0.020000,0.006285
2.900,21.312441,0.020000,0.006285
2.901,21.312441,0.020000,0.006285
2.902,21.312441,0.020000,0.006285
2.903,21.263947,0.020000,0.006285
2.904,21.263947,0.020000,0.006285
2.905,21.319889,0.020000,0.006285
2.906,21.319889,0.020000,0.006285
2.907,21.372681,0.020000,0.006285
2.908,21.372681,0.020000,0.006285
2.909,21.275299,0.020000,0.006285
2.910,21.275299,0.020000,0.006285
2.911,21.275299,0.020000,0.006285
2.912,21.275299,0.020000,0.006285
2.913,21.275299,0.020000,0.006285
2.914,21.275299,0.020000,0.006285
2.915,21.226805,0.020000,0.006285
2.916,21.226805,0.020000,0.006285
2.917,21.226805,0.020000,0.006285
2.918,21.226805,0.020000,0.006285
2.919,21.279596,0.020000,0.006285
2.920,21.279596,0.020000,0.006285
2.921,21.230906,0.020000,0.006285
2.922,21.230906,0.020000,0.006285
2.923,21.230906,0.020000,0.006285
2.924,21.230906,0.020000,0.009454
2.925,21.285866,0.020000,0.009454
2.926,21.285866,0.020000,0.009454
2.927,21.237371,0.020000,0.009454
2.928,21.237371,0.020000,0.009454
2.929,21.293314,0.020000,0.009454
2.930,21.293314,0.020000,0.009454
2.931,21.346106,0.020000,0.009454
2.932,21.297415,0.020000,0.009454
2.933,21.297415,0.020000,0.009454
2.934,21.297415,0.020000,0.009454
2.935,21.297415,0.020000,0.009454
2.936,21.297415,0.020000,0.009454
2.937,21.297415,0.020000,0.009454
2.938,21.248920,0.020000,0.009454
2.939,21.248920,0.020000,0.009454
2.940,21.248920,0.020000,0.009454
2.941,21.248920,0.020000,0.009454
2.942,21.248920,0.020000,0.009454
2.943,21.301712,0.020000,0.009454
2.944,21.253021,0.020000,0.009454
2.945,21.253021,0.020000,0.016548
2.946,21.253021,0.020000,0.013258
2.947,21.307981,0.020000,0.013258
2.948,21.307981,0.020000,0.013258
2.949,21.307981,0.020000,0.013258
2.950,21.259487,0.020000,0.013258
2.951,21.259487,0.020000,0.008080
2.952,21.259487,0.020000,0.012707
2.953,21.259487,0.020000,0.011924
2.954,21.312279,0.020000,0.011924
2.955,21.312279,0.020000,0.011924
2.956,21.263588,0.020000,0.011924
2.957,21.263588,0.020000,0.011924
2.958,21.263588,0.020000,0.011924
2.959,21.263588,0.020000,0.002515
2.960,21.263588,0.020000,0.007845
2.961,21.263588,0.020000,0.012008
2.962,21.263588,0.020000,0.014280
2.963,21.263588,0.020000,0.009186
2.964,21.263588,0.020000,0.015649
2.965,21.207645,0.020000,0.015649
2.966,21.260437,0.020000,0.015649
2.967,21.260437,0.020000,0.015649
2.968,21.260437,0.020000,0.016875
2.969,21.260437,0.020000,0.012848
2.970,21.260437,0.020000,0.007693
2.971,21.260437,0.020000,0.001340
2.972,21.260437,0.020000,0.007451
2.973,21.266706,0.020000,0.007451
2.974,21.266706,0.020000,0.007451
2.975,21.322649,0.020000,0.007451
2.976,21.322649,0.020000,0.007451
2.977,21.322649,0.020000,0.007451
2.978,21.322649,0.020000,0.014237
2.979,21.322649,0.020000,0.016557
2.980,21.322649,0.020000,0.014269
2.981,21.322649,0.020000,0.011623
2.982,21.322649,0.020000,0.005299
2.983,21.322649,0.020000,0.004299
2.984,21.322649,0.020000,0.009777
2.985,21.229565,0.020000,0.009777
2.986,21.229565,0.020000,0.012533
2.987,21.229565,0.020000,0.012059
2.988,21.229565,0.020000,0.014172
2.989,21.229565,0.020000,0.013887
2.990,21.229565,0.020000,0.010523
2.991,21.229565,0.020000,0.015919
2.992,21.229565,0.020000,0.013247
2.994,21.229565,0.020000,0.011168
2.995,21.229565,0.020000,0.004701
2.996,21.288626,0.020000,0.004701
2.997,21.288626,0.020000,0.007360
2.998,21.288626,0.020000,0.012287
2.999,21.288626,0.020000,0.009548

