Time_us,Roll,Pitch,GyroX,GyroY,GyroZ,T1,T2,T3,PhiX,PhiY,PhiDX,PhiDY,motor_vel_1,motor_vel_2,motor_vel_3,motor_pos_1,motor_pos_2,motor_pos_3
96447052,0.0276,0.0328,-0.0015,-0.0321,0.0607,0.1099,0.0528,-0.0400,-0.0000,-0.0002,-0.0015,-0.0321,0.0000,0.0000,0.0000,0.0240,0.0000,0.0000
96450365,0.0276,0.0324,0.0009,-0.0367,0.0552,0.1102,0.0505,-0.1629,-0.0000,-0.0003,0.0009,-0.0367,0.0000,0.0000,0.0000,0.0240,0.0000,0.0000
96455365,0.0276,0.0319,0.0024,-0.0321,0.0552,0.1105,0.0497,-0.1623,0.0000,-0.0005,0.0024,-0.0321,0.0000,0.0000,0.0000,0.0240,0.0000,0.0000
96460365,0.0276,0.0316,0.0092,-0.0278,0.0512,0.1119,0.0484,-0.1623,0.0001,-0.0006,0.0092,-0.0278,0.0000,0.0000,0.0000,0.0240,0.0000,0.0000
96465365,0.0277,0.0312,0.0116,-0.0220,0.0408,0.1127,0.0479,-0.1621,0.0001,-0.0007,0.0116,-0.0220,0.0000,0.0000,0.0000,0.0240,0.0000,0.0000
96470365,0.0278,0.0309,0.0113,-0.0189,0.0078,0.1138,0.0452,-0.1593,0.0002,-0.0010,0.0137,-0.0494,0.0000,1.1607,-0.8826,0.0240,0.0263,-0.0185
96475365,0.0281,0.0308,0.0110,-0.0235,-0.0435,0.1154,0.0442,-0.1580,0.0002,-0.0013,0.0115,-0.0557,0.0535,1.1607,-0.9930,0.0253,0.0310,-0.0266
96480365,0.0284,0.0307,0.0272,-0.0312,-0.0933,0.1182,0.0400,-0.1546,0.0002,-0.0018,0.0009,-0.0975,1.5582,2.2316,-2.1990,0.0586,0.0610,-0.0564
96485365,0.0284,0.0306,0.0000,-0.0388,-0.0649,0.1098,0.0405,-0.1477,-0.0001,-0.0024,-0.0654,-0.1311,2.9481,2.2316,-3.9469,0.0948,0.0700,-0.1106
96490365,0.0283,0.0299,-0.0593,-0.1457,0.1169,0.0939,0.0236,-0.1220,-0.0009,-0.0038,-0.1557,-0.2704,4.6814,3.2219,-5.1099,0.1512,0.1047,-0.1527
96495365,0.0277,0.0287,-0.1402,-0.2572,0.0765,0.0745,0.0103,-0.0878,-0.0022,-0.0058,-0.2759,-0.4125,5.9242,3.2219,-7.1761,0.1972,0.1176,-0.2303
96500365,0.0269,0.0271,-0.1371,-0.3399,0.0344,0.0694,-0.0400,-0.0648,-0.0038,-0.0084,-0.3126,-0.5110,7.8245,3.3251,-8.1139,0.2764,0.1390,-0.2799
96505365,0.0262,0.0249,-0.1258,-0.4322,-0.0499,0.0667,-0.0271,-0.0378,-0.0055,-0.0115,-0.3347,-0.6312,9.1309,3.6349,-9.6852,0.3363,0.1596,-0.3651
96510365,0.0256,0.0225,-0.0883,-0.4856,-0.0951,0.0691,-0.0450,-0.0204,-0.0071,-0.0150,-0.3321,-0.6971,10.7485,3.6349,-10.5097,0.4278,0.1814,-0.4226
96515365,0.0253,0.0198,-0.0922,-0.4951,0.0026,0.0639,-0.0556,-0.0084,-0.0090,-0.0186,-0.3651,-0.7168,11.5433,3.1017,-11.7431,0.4885,0.1845,-0.5141
96520365,0.0249,0.0171,-0.1194,-0.5379,0.0683,0.0543,-0.0678,0.0400,-0.0111,-0.0224,-0.4220,-0.7529,12.6675,2.2775,-12.1156,0.5838,0.1842,-0.5690
96525365,0.0244,0.0144,-0.1573,-0.5489,0.0335,0.0442,-0.0731,0.0277,-0.0135,-0.0262,-0.4786,-0.7618,13.4364,1.8897,-12.3663,0.6513,0.1848,-0.6474
96530365,0.0234,0.0115,-0.2211,-0.5260,-0.0062,0.0279,-0.0696,0.0419,-0.0163,-0.0298,-0.5580,-0.7239,13.9918,1.0403,-12.2095,0.7447,0.1774,-0.6937
96535365,0.0222,0.0088,-0.2611,-0.4914,0.0872,0.0135,-0.0660,0.0492,-0.0193,-0.0331,-0.6131,-0.6580,14.3532,-0.5164,-11.6691,0.8085,0.1474,-0.7546
96540365,0.0206,0.0065,-0.3259,-0.4322,0.1950,-0.0400,-0.0566,0.0546,-0.0227,-0.0360,-0.6739,-0.5841,14.5668,-0.5714,-10.7313,0.8996,0.1432,-0.7810
96545365,0.0190,0.0042,-0.3647,-0.4059,0.1306,-0.0188,-0.0495,0.0632,-0.0263,-0.0386,-0.7176,-0.5150,14.5204,-2.3318,-9.6301,0.9569,0.1023,-0.8220
96550365,0.0171,0.0021,-0.4133,-0.3812,-0.0297,-0.0315,-0.0413,0.0740,-0.0300,-0.0409,-0.7446,-0.4566,13.8138,-2.9160,-7.9521,1.0282,0.0762,-0.8237
96555365,0.0149,0.0003,-0.4719,-0.3219,-0.0814,-0.0494,-0.0271,0.0796,-0.0340,-0.0428,-0.7904,-0.3771,13.1555,-3.5001,-7.1836,1.0698,0.0510,-0.8532
96560365,0.0123,-0.0011,-0.5321,-0.2236,0.0002,-0.0690,-0.0063,0.0752,-0.0380,-0.0440,-0.8168,-0.2510,11.5402,-4.0804,-5.9142,1.1130,0.0171,-0.8540
96565365,0.0095,-0.0020,-0.5861,-0.1408,0.1285,-0.0904,0.0400,0.0723,-0.0423,-0.0447,-0.8519,-0.1450,11.2170,-4.0804,-4.3518,1.1526,0.0007,-0.8534
96570365,0.0064,-0.0026,-0.6216,-0.0648,0.1514,-0.1054,0.0319,0.0678,-0.0465,-0.0450,-0.8357,-0.0448,8.6320,-4.4720,-3.1295,1.1606,-0.0323,-0.8444
96575365,0.0031,-0.0028,-0.6304,-0.0348,0.0329,-0.1152,0.0451,0.0688,-0.0505,-0.0449,-0.7981,0.0141,6.9087,-4.4720,-1.1893,1.1574,-0.0502,-0.8174
96580365,-0.0002,-0.0028,-0.6267,-0.0205,-0.0774,-0.1230,0.0528,0.0732,-0.0542,-0.0448,-0.7515,0.0229,4.8084,-3.8902,-0.9795,1.1499,-0.0646,-0.8176
96585365,-0.0030,-0.0030,-0.5376,-0.0168,0.0671,-0.1175,0.0480,0.0668,-0.0574,-0.0446,-0.6276,0.0394,3.9467,-3.1630,0.6068,1.1502,-0.0641,-0.7886
96590365,-0.0056,-0.0029,-0.4804,0.0373,0.1972,-0.1156,0.0535,0.0545,-0.0600,-0.0441,-0.5247,0.0936,2.1148,-2.3389,1.4343,1.1330,-0.0642,-0.7672
96595365,-0.0078,-0.0028,-0.4145,0.0632,0.1468,-0.1082,0.0563,0.0463,-0.0621,-0.0434,-0.4122,0.1333,0.3118,-1.9025,2.7904,1.1019,-0.0640,-0.7287
96600365,-0.0094,-0.0024,-0.2831,0.0837,0.0521,-0.0864,0.0509,0.0335,-0.0633,-0.0427,-0.2410,0.1430,-1.6457,-1.1865,2.7904,1.0581,-0.0596,-0.7175
96605365,-0.0106,-0.0020,-0.2132,0.0956,0.1062,-0.0759,0.0470,0.0248,-0.0639,-0.0420,-0.1262,0.1406,-2.9293,0.6153,3.6266,1.0231,-0.0251,-0.6803
96610365,-0.0113,-0.0016,-0.1045,0.0840,0.0952,-0.0568,0.0371,0.0161,-0.0638,-0.0414,0.0087,0.1281,-4.4244,0.6712,3.6266,0.9724,-0.0199,-0.6658
96615365,-0.0115,-0.0012,-0.0058,0.0974,0.0051,-0.0364,0.0314,0.0048,-0.0632,-0.0407,0.1354,0.1308,-5.3065,1.7791,4.0142,0.9360,0.0063,-0.6352
96620365,-0.0113,-0.0008,0.0501,0.1216,-0.0438,-0.0233,0.0299,-0.0400,-0.0621,-0.0400,0.2128,0.1403,-6.0605,2.7611,4.0142,0.8869,0.0404,-0.6191
96625365,-0.0105,-0.0002,0.1103,0.1326,-0.0319,-0.0083,0.0251,-0.0156,-0.0607,-0.0394,0.2867,0.1345,-6.7366,3.4426,3.5748,0.8484,0.0672,-0.6044
96630365,-0.0097,0.0007,0.1494,0.1408,0.1443,0.0003,0.0201,-0.0260,-0.0590,-0.0388,0.3343,0.1203,-7.1598,4.2678,2.8913,0.7985,0.1055,-0.6051
96635365,-0.0086,0.0013,0.2068,0.1124,0.0524,0.0400,0.0112,-0.0293,-0.0571,-0.0384,0.3872,0.0809,-7.2667,4.2678,2.1590,0.7676,0.1226,-0.6046
96640365,-0.0074,0.0018,0.2361,0.0702,-0.0566,0.0275,0.0020,-0.0273,-0.0550,-0.0382,0.4149,0.0283,-7.2114,4.5776,1.7684,0.7251,0.1550,-0.6045
96645365,-0.0060,0.0021,0.2682,0.0180,-0.0459,0.0381,-0.0400,-0.0249,-0.0528,-0.0384,0.4365,-0.0305,-6.8237,4.5776,1.3290,0.7054,0.1733,-0.6042
96650365,-0.0045,0.0021,0.2899,-0.0284,0.0368,0.0451,-0.0234,-0.0231,-0.0506,-0.0387,0.4327,-0.0704,-5.8024,3.8989,1.0848,0.6866,0.1859,-0.6043
96655365,-0.0030,0.0018,0.2990,-0.0761,0.0778,0.0507,-0.0356,-0.0181,-0.0485,-0.0393,0.4209,-0.1224,-4.7346,3.8989,0.7919,0.6869,0.2015,-0.6046
96660365,-0.0014,0.0014,0.2926,-0.1176,0.0359,0.0545,-0.0449,-0.0110,-0.0466,-0.0402,0.3917,-0.1661,-3.4811,3.8989,0.6454,0.6874,0.2249,-0.6046
96665365,0.0001,0.0007,0.2892,-0.1515,0.0133,0.0585,-0.0542,-0.0047,-0.0448,-0.0412,0.3632,-0.2037,-2.8776,3.1718,-0.3323,0.6867,0.2245,-0.6217
96670365,0.0017,-0.0003,0.2721,-0.1741,0.0570,0.0587,-0.0622,0.0013,-0.0432,-0.0423,0.3138,-0.2272,-2.1348,2.0643,-1.4953,0.6867,0.2188,-0.6493
96675365,0.0031,-0.0013,0.2419,-0.1720,0.0457,0.0571,-0.0629,0.0400,-0.0419,-0.0433,0.2589,-0.2019,-1.4776,0.5129,-1.4953,0.6922,0.1930,-0.6583
96680365,0.0039,-0.0022,0.1191,-0.1374,-0.0649,0.0367,-0.0478,0.0136,-0.0414,-0.0441,0.1022,-0.1609,0.2769,0.0766,-1.4953,0.7257,0.1850,-0.6643
96685365,0.0045,-0.0030,0.0941,-0.1307,-0.0652,0.0344,-0.0478,0.0159,-0.0410,-0.0448,0.0711,-0.1437,0.2769,-0.6196,-1.4953,0.7268,0.1713,-0.6733
96690365,0.0049,-0.0035,0.0693,-0.1310,0.0265,0.0267,-0.0465,0.0188,-0.0410,-0.0455,0.0016,-0.1287,2.3627,-1.6524,-1.4953,0.7772,0.1421,-0.6792
96695365,0.0053,-0.0045,0.0516,-0.1396,0.1019,0.0222,-0.0492,0.0231,-0.0412,-0.0461,-0.0402,-0.1208,3.2091,-2.7526,-1.4953,0.8045,0.1122,-0.6882
96700365,0.0055,-0.0053,0.0092,-0.1353,0.0872,0.0150,-0.0469,0.0285,-0.0417,-0.0466,-0.0912,-0.1056,3.4442,-3.3811,-1.3907,0.8298,0.0809,-0.6920
96705365,0.0054,-0.0059,-0.0648,-0.0861,0.0329,0.0006,-0.0319,0.0301,-0.0426,-0.0468,-0.1809,-0.0401,4.1766,-4.1113,-1.0249,0.8603,0.0506,-0.6920
96710365,0.0048,-0.0062,-0.1506,-0.0134,0.0353,-0.0400,-0.0118,0.0279,-0.0439,-0.0466,-0.2690,0.0413,4.1766,-4.5334,-0.8681,0.8854,0.0165,-0.6926
96715365,0.0038,-0.0060,-0.2361,0.0739,0.0399,-0.0363,0.0400,0.0219,-0.0456,-0.0459,-0.3423,0.1465,4.0689,-4.5334,0.3323,0.8999,-0.0016,-0.6718
96720365,0.0023,-0.0056,-0.3103,0.1335,-0.0346,-0.0526,0.0347,0.0192,-0.0476,-0.0447,-0.3899,0.2267,2.9918,-4.7571,1.4953,0.8996,-0.0338,-0.6441
96725365,0.0007,-0.0048,-0.3668,0.1900,-0.0676,-0.0682,0.0549,0.0159,-0.0498,-0.0433,-0.4371,0.2832,2.4533,-4.7571,1.4953,0.8998,-0.0528,-0.6352
96730365,-0.0010,-0.0038,-0.3809,0.1781,-0.0866,-0.0761,0.0599,0.0195,-0.0519,-0.0420,-0.4334,0.2597,1.8070,-3.9814,1.4953,0.8997,-0.0645,-0.6292
96735365,-0.0031,-0.0030,-0.3873,0.1451,-0.0374,-0.0852,0.0604,0.0262,-0.0541,-0.0410,-0.4280,0.2159,1.4839,-3.2542,1.4953,0.8999,-0.0644,-0.6202
96740365,-0.0049,-0.0023,-0.3344,0.1393,0.0588,-0.0820,0.0582,0.0216,-0.0558,-0.0399,-0.3479,0.2029,0.4847,-2.4301,1.8370,0.8872,-0.0648,-0.6073
96745365,-0.0062,-0.0017,-0.2285,0.1246,0.1013,-0.0658,0.0487,0.0132,-0.0569,-0.0390,-0.2062,0.1839,-1.2959,-1.9938,1.9835,0.8496,-0.0648,-0.5925
96750365,-0.0071,-0.0012,-0.1607,0.1124,0.1123,-0.0545,0.0408,0.0093,-0.0573,-0.0383,-0.0986,0.1447,-2.7065,-0.1852,1.9835,0.8111,-0.0368,-0.5845
96755365,-0.0077,-0.0009,-0.1283,0.1005,0.0994,-0.0491,0.0367,0.0085,-0.0576,-0.0377,-0.0461,0.1233,-3.5558,0.4475,1.9835,0.7824,-0.0232,-0.5726
96760365,-0.0077,-0.0004,-0.0528,0.0907,0.0176,-0.0338,0.0302,0.0029,-0.0574,-0.0372,0.0396,0.1041,-4.0447,0.8695,1.7737,0.7497,-0.0119,-0.5691
96765365,-0.0078,0.0000,0.0125,0.0831,0.0097,-0.0203,0.0220,-0.0400,-0.0567,-0.0368,0.1288,0.0674,-4.8753,2.3995,1.3542,0.7145,0.0255,-0.5681
96770365,-0.0075,0.0000,0.0935,-0.0049,0.0148,-0.0034,-0.0012,0.0400,-0.0556,-0.0370,0.2233,-0.0324,-5.5253,2.9350,1.0920,0.6698,0.0509,-0.5685
96775365,-0.0063,-0.0002,0.2755,-0.0470,-0.0114,0.0400,-0.0400,-0.0400,-0.0536,-0.0374,0.4106,-0.0836,-5.7945,3.2757,0.8299,0.6418,0.0706,-0.5681
96780365,-0.0044,-0.0005,0.3247,-0.0819,0.0549,0.0507,-0.0438,-0.0091,-0.0513,-0.0380,0.4585,-0.1207,-5.7945,3.2757,0.6725,0.6071,0.0903,-0.5683
96785365,-0.0026,-0.0011,0.3253,-0.1124,0.0747,0.0579,-0.0550,-0.0058,-0.0490,-0.0388,0.4577,-0.1568,-5.7382,3.4408,0.4628,0.5852,0.1069,-0.5691
96790365,-0.0009,-0.0018,0.3012,-0.1582,0.0634,0.0597,-0.0653,0.0400,-0.0469,-0.0398,0.4250,-0.2034,-5.2680,3.4408,0.4104,0.5605,0.1276,-0.5684
96795365,0.0007,-0.0027,0.3036,-0.1939,0.0506,0.0644,-0.0747,0.0084,-0.0449,-0.0409,0.3982,-0.2210,-4.2805,2.1205,0.3055,0.5612,0.1130,-0.5684
96800365,0.0021,-0.0037,0.3216,-0.2040,0.0173,0.0718,-0.0819,0.0095,-0.0429,-0.0420,0.3887,-0.2171,-3.1991,1.1302,0.2530,0.5605,0.1017,-0.5684
96805365,0.0037,-0.0050,0.2941,-0.2153,-0.0093,0.0727,-0.0880,0.0156,-0.0412,-0.0431,0.3483,-0.2259,-2.5878,0.9102,0.2006,0.5612,0.1015,-0.5681
96810365,0.0051,-0.0061,0.2196,-0.1921,-0.0145,0.0607,-0.0801,0.0199,-0.0401,-0.0440,0.2246,-0.1724,-0.7937,-1.1683,0.1482,0.5853,0.0591,-0.5686
96815365,0.0061,-0.0068,0.1665,-0.1228,0.0243,0.0530,-0.0676,0.0137,-0.0393,-0.0444,0.1477,-0.0889,0.0563,-2.1707,0.0957,0.6016,0.0333,-0.5689
96820365,0.0070,-0.0075,0.1216,-0.1319,0.0274,0.0464,-0.0671,0.0196,-0.0389,-0.0448,0.0794,-0.0800,0.8103,-3.3790,0.0957,0.6176,-0.0067,-0.5685
96825365,0.0073,-0.0080,0.0580,-0.1350,-0.0380,0.0348,-0.0617,0.0283,-0.0390,-0.0452,-0.0157,-0.0717,2.2105,-4.1956,0.0433,0.6521,-0.0387,-0.5690
96830365,0.0077,-0.0089,0.0324,-0.1426,-0.0805,0.0299,-0.0611,0.0343,-0.0394,-0.0455,-0.0717,-0.0586,3.2783,-5.5878,0.0433,0.6890,-0.0961,-0.5689
96835365,0.0076,-0.0094,-0.0559,-0.0635,-0.0380,0.0129,-0.0425,0.0310,-0.0402,-0.0454,-0.1617,0.0236,3.2783,-5.7944,0.0433,0.7021,-0.1233,-0.5686
96840365,0.0070,-0.0095,-0.1613,0.0217,-0.0133,-0.0400,-0.0172,0.0283,-0.0416,-0.0448,-0.2863,0.1223,3.9428,-6.6979,0.0433,0.7375,-0.1793,-0.5685
96845365,0.0058,-0.0093,-0.2584,0.0880,-0.0291,-0.0332,0.0400,0.0286,-0.0435,-0.0438,-0.3859,0.1929,3.9428,-6.9900,0.0433,0.7533,-0.2130,-0.5682
96850365,0.0043,-0.0087,-0.3348,0.1451,-0.0319,-0.0529,0.0268,0.0273,-0.0458,-0.0425,-0.4618,0.2540,3.8358,-7.2010,0.0957,0.7748,-0.2602,-0.5669
96855365,0.0027,-0.0081,-0.3290,0.1662,-0.0123,-0.0578,0.0343,0.0240,-0.0481,-0.0411,-0.4450,0.2767,3.1405,-7.3129,0.0957,0.7748,-0.2915,-0.5663
96860365,0.0008,-0.0074,-0.3348,0.1741,-0.0542,-0.0640,0.0410,0.0250,-0.0502,-0.0398,-0.4286,0.2701,2.3383,-6.3433,0.0957,0.7750,-0.3146,-0.5660
96865365,-0.0009,-0.0065,-0.3375,0.2239,-0.0499,-0.0707,0.0551,0.0175,-0.0523,-0.0382,-0.4236,0.3192,1.9105,-6.2948,0.0957,0.7749,-0.3388,-0.5653
96870365,-0.0024,-0.0054,-0.2837,0.2556,-0.0212,-0.0661,0.0600,0.0069,-0.0541,-0.0365,-0.3509,0.3340,1.3737,-5.1588,0.0957,0.7740,-0.3516,-0.5650
96875365,-0.0036,-0.0041,-0.2141,0.2590,0.0329,-0.0561,0.0580,-0.0400,-0.0553,-0.0349,-0.2429,0.3234,-0.3876,-4.2293,0.0957,0.7406,-0.3518,-0.5644
96880365,-0.0045,-0.0029,-0.1451,0.2364,0.0814,-0.0453,0.0514,-0.0092,-0.0560,-0.0335,-0.1440,0.2846,-1.5807,-3.1450,0.0957,0.7103,-0.3521,-0.5640
96885365,-0.0051,-0.0019,-0.0996,0.1888,0.0750,-0.0377,0.0433,-0.0085,-0.0564,-0.0323,-0.0777,0.2285,-2.5092,-2.5770,0.0957,0.6829,-0.3521,-0.5634
96890365,-0.0051,-0.0012,-0.0544,0.1335,-0.0264,-0.0260,0.0315,-0.0045,-0.0564,-0.0316,-0.0013,0.1497,-3.5324,-1.0004,0.0957,0.6447,-0.3325,-0.5631
96895365,-0.0053,-0.0008,0.0089,0.0950,-0.1534,-0.0128,0.0217,-0.0030,-0.0561,-0.0311,0.0705,0.0963,-3.5324,0.0000,0.0957,0.6306,-0.3145,-0.5624
96900365,-0.0053,-0.0005,0.0241,0.0651,-0.1754,-0.0087,0.0162,-0.0008,-0.0556,-0.0308,0.1013,0.0663,-4.4339,0.0000,0.0957,0.5879,-0.3145,-0.5621
96905365,-0.0050,-0.0003,0.0910,0.0458,-0.1528,0.0400,0.0045,-0.0048,-0.0546,-0.0307,0.1917,0.0205,-4.9041,1.7899,0.0957,0.5605,-0.2752,-0.5615
96910365,-0.0041,-0.0001,0.1869,0.0006,-0.0181,0.0254,-0.0400,-0.0102,-0.0532,-0.0308,0.2881,-0.0256,-4.9041,1.8458,0.0957,0.5311,-0.2630,-0.5611
96915365,-0.0029,-0.0003,0.2248,-0.0556,0.0194,0.0363,-0.0299,-0.0071,-0.0515,-0.0312,0.3223,-0.0817,-4.6902,1.8458,0.0957,0.5163,-0.2556,-0.5605
96920365,-0.0019,-0.0008,0.2318,-0.1231,0.0093,0.0420,-0.0450,0.0400,-0.0499,-0.0320,0.3293,-0.1492,-4.6902,1.8458,0.0957,0.4881,-0.2445,-0.5601
96925365,-0.0006,-0.0016,0.2489,-0.1811,0.0112,0.0498,-0.0607,0.0105,-0.0482,-0.0330,0.3417,-0.2072,-4.4133,1.8458,0.0957,0.4751,-0.2372,-0.5596
96930365,0.0009,-0.0027,0.2578,-0.1805,-0.0126,0.0560,-0.0672,0.0117,-0.0465,-0.0340,0.3305,-0.2066,-3.2504,1.8458,0.0957,0.4755,-0.2261,-0.5593
96935365,0.0022,-0.0039,0.2443,-0.1894,-0.0621,0.0586,-0.0727,0.0165,-0.0450,-0.0351,0.3038,-0.2107,-2.6413,1.5292,0.0957,0.4758,-0.2257,-0.5586
96940365,0.0033,-0.0049,0.1946,-0.1604,-0.0710,0.0520,-0.0665,0.0171,-0.0439,-0.0358,0.2268,-0.1543,-1.9768,-0.3070,0.0957,0.4753,-0.2571,-0.5583
96945365,0.0041,-0.0056,0.1185,-0.1148,-0.0615,0.0402,-0.0553,0.0175,-0.0432,-0.0363,0.1369,-0.0963,-1.5892,-1.1460,0.0957,0.4759,-0.2776,-0.5576
96950365,0.0048,-0.0062,0.0861,-0.0999,-0.0774,0.0330,-0.0497,0.0198,-0.0429,-0.0366,0.0494,-0.0603,0.9092,-2.5519,0.0957,0.5238,-0.3156,-0.5573
96955365,0.0049,-0.0068,0.0522,-0.1210,-0.0844,0.0271,-0.0514,0.0275,-0.0429,-0.0370,0.0106,-0.0745,0.9627,-3.0167,0.0957,0.5287,-0.3353,-0.5567
96960365,0.0049,-0.0076,0.0327,-0.1420,-0.0936,0.0225,-0.0545,0.0356,-0.0430,-0.0374,-0.0248,-0.0863,1.5739,-3.6363,0.0957,0.5472,-0.3690,-0.5564
96965365,0.0051,-0.0083,-0.0052,-0.0935,-0.1107,0.0150,-0.0442,0.0334,-0.0434,-0.0376,-0.0809,-0.0230,2.1382,-4.6265,0.0957,0.5666,-0.4060,-0.5557
96970365,0.0048,-0.0087,-0.0828,-0.0348,-0.1284,-0.0003,-0.0276,0.0328,-0.0442,-0.0373,-0.1643,0.0459,2.1382,-5.3081,0.0957,0.5794,-0.4491,-0.5554
96975365,0.0041,-0.0085,-0.1759,0.0724,-0.1192,-0.0400,0.0001,0.0250,-0.0456,-0.0365,-0.2612,0.1594,2.2509,-5.6246,0.2061,0.5929,-0.4769,-0.5526
96980365,0.0029,-0.0080,-0.2584,0.1512,-0.0969,-0.0402,0.0400,0.0189,-0.0472,-0.0352,-0.3372,0.2595,2.5889,-5.6246,1.6404,0.6118,-0.5106,-0.5210
96985365,0.0012,-0.0073,-0.3063,0.1912,-0.0918,-0.0556,0.0417,0.0174,-0.0492,-0.0337,-0.3861,0.3029,2.5889,-5.7924,1.6955,0.6222,-0.5368,-0.5084
96990365,-0.0005,-0.0062,-0.3231,0.2214,-0.0969,-0.0652,0.0548,0.0142,-0.0511,-0.0321,-0.3961,0.3280,2.3636,-5.4530,1.6955,0.6331,-0.5646,-0.5029
96995365,-0.0021,-0.0053,-0.3302,0.2330,-0.1250,-0.0694,0.0614,0.0128,-0.0530,-0.0304,-0.3633,0.3244,0.5606,-4.4350,1.6955,0.6030,-0.5640,-0.4915
97000365,-0.0038,-0.0043,-0.3204,0.2529,-0.0511,-0.0740,0.0679,0.0080,-0.0547,-0.0288,-0.3375,0.3291,0.2789,-3.2714,1.8408,0.5995,-0.5639,-0.4818
97005365,-0.0051,-0.0030,-0.2279,0.2896,0.0225,-0.0620,0.0703,-0.0400,-0.0558,-0.0270,-0.2286,0.3585,-0.3291,-2.6897,1.9377,0.5879,-0.5643,-0.4682
97010365,-0.0060,-0.0017,-0.1610,0.2615,0.0515,-0.0520,0.0641,-0.0140,-0.0565,-0.0254,-0.1349,0.3203,-1.5517,-2.0110,1.9377,0.5562,-0.5647,-0.4605
97015365,-0.0067,-0.0005,-0.1426,0.2138,-0.0053,-0.0481,0.0585,-0.0102,-0.0569,-0.0242,-0.0827,0.2507,-2.7818,-0.5380,1.9377,0.5228,-0.5427,-0.4488
97020365,-0.0070,0.0004,-0.0531,0.1549,-0.1391,-0.0297,0.0448,-0.0098,-0.0567,-0.0233,0.0272,0.1779,-3.5017,0.3915,1.9377,0.4912,-0.5232,-0.4428
97025365,-0.0072,0.0009,-0.0137,0.1063,-0.1947,-0.0216,0.0345,-0.0054,-0.0563,-0.0227,0.0812,0.1050,-4.1108,1.4467,1.3628,0.4630,-0.4985,-0.4431
97030365,-0.0071,0.0013,0.0605,0.0666,-0.1379,-0.0070,0.0198,-0.0075,-0.0555,-0.0225,0.1722,0.0480,-4.7143,2.3963,1.1538,0.4243,-0.4711,-0.4434
97035365,-0.0065,0.0015,0.1374,0.0305,-0.0893,0.0400,0.0043,-0.0104,-0.0542,-0.0225,0.2622,-0.0087,-5.0913,3.4673,0.8402,0.3975,-0.4314,-0.4429
97040365,-0.0054,0.0016,0.2181,-0.0073,-0.0301,0.0276,-0.0400,-0.0148,-0.0525,-0.0228,0.3415,-0.0489,-5.0913,3.4673,0.6834,0.3670,-0.4176,-0.4436
97045365,-0.0041,0.0014,0.2544,-0.0657,0.0402,0.0387,-0.0297,-0.0106,-0.0506,-0.0234,0.3779,-0.1267,-5.0349,4.1824,0.0907,0.3478,-0.3789,-0.4516
97050365,-0.0027,0.0004,0.2440,-0.2135,0.0735,0.0410,-0.0594,0.0400,-0.0488,-0.0249,0.3559,-0.2947,-5.0349,4.1824,-1.2592,0.3226,-0.3622,-0.4813
97055365,-0.0014,-0.0006,0.2578,-0.2349,0.1004,0.0468,-0.0691,0.0184,-0.0470,-0.0264,0.3489,-0.3053,-4.1886,3.4595,-1.2592,0.3109,-0.3528,-0.4888
97060365,-0.0000,-0.0020,0.2813,-0.2334,0.0549,0.0558,-0.0768,0.0189,-0.0453,-0.0279,0.3541,-0.2945,-3.4362,2.8399,-1.2592,0.3107,-0.3526,-0.4939
97065365,0.0014,-0.0034,0.2801,-0.2166,-0.0188,0.0608,-0.0792,0.0191,-0.0436,-0.0292,0.3313,-0.2669,-2.5428,2.1170,-1.2592,0.3108,-0.3523,-0.5014
97070365,0.0028,-0.0044,0.2349,-0.1704,-0.0273,0.0573,-0.0732,0.0169,-0.0423,-0.0303,0.2744,-0.2146,-2.0726,1.7039,-1.2592,0.3110,-0.3530,-0.5065
97075365,0.0040,-0.0052,0.1820,-0.1353,0.0115,0.0474,-0.0639,0.0161,-0.0414,-0.0310,0.1641,-0.1467,0.1690,-0.4951,-1.2592,0.3508,-0.3920,-0.5140
97080365,0.0048,-0.0058,0.1203,-0.1210,0.0078,0.0394,-0.0594,0.0197,-0.0409,-0.0317,0.1000,-0.1282,0.1690,-0.7702,-1.2592,0.3515,-0.4005,-0.5191
97085365,0.0054,-0.0064,0.0935,-0.1524,-0.0462,0.0357,-0.0609,0.0270,-0.0407,-0.0323,0.0487,-0.1174,1.3538,-2.4253,-0.0767,0.3778,-0.4443,-0.5010
97090365,0.0056,-0.0073,0.0828,-0.1579,-0.1305,0.0345,-0.0606,0.0311,-0.0406,-0.0327,0.0207,-0.0923,2.3232,-3.4805,0.9202,0.4053,-0.4769,-0.4784
97095365,0.0060,-0.0080,0.0574,-0.0858,-0.1709,0.0304,-0.0483,0.0245,-0.0407,-0.0328,-0.0261,-0.0135,3.3445,-3.9279,0.9202,0.4429,-0.5069,-0.4729
97100365,0.0057,-0.0082,-0.1029,-0.0082,-0.1348,-0.0009,-0.0213,0.0274,-0.0417,-0.0324,-0.1917,0.0732,3.3445,-4.5432,0.9202,0.4563,-0.5369,-0.4692
97105365,0.0048,-0.0081,-0.2193,0.0370,-0.0817,-0.0400,-0.0009,0.0314,-0.0433,-0.0318,-0.3234,0.1286,3.8983,-5.2219,0.9202,0.4899,-0.5803,-0.4637
97110365,0.0034,-0.0078,-0.3317,0.0809,-0.0719,-0.0534,0.0400,0.0351,-0.0455,-0.0308,-0.4322,0.1912,3.8983,-5.6350,1.7564,0.5055,-0.6101,-0.4406
97115365,0.0015,-0.0075,-0.3989,0.1081,-0.1037,-0.0725,0.0365,0.0400,-0.0479,-0.0297,-0.4957,0.2183,3.6844,-5.6350,1.7564,0.5245,-0.6439,-0.4336
97120365,-0.0006,-0.0071,-0.4120,0.1316,-0.1082,-0.0821,0.0461,0.0402,-0.0504,-0.0286,-0.4945,0.2361,3.0426,-5.2499,1.7564,0.5251,-0.6577,-0.4231
97125365,-0.0027,-0.0064,-0.4313,0.1823,-0.0673,-0.0937,0.0613,0.0349,-0.0529,-0.0271,-0.4999,0.2868,2.2403,-5.2499,1.7564,0.5247,-0.6892,-0.4160
97130365,-0.0047,-0.0056,-0.4056,0.2242,-0.0239,-0.0960,0.0710,0.0259,-0.0552,-0.0255,-0.4527,0.3256,1.8125,-4.3250,2.4763,0.5243,-0.6899,-0.3885
97135365,-0.0067,-0.0044,-0.3549,0.2529,-0.0013,-0.0920,0.0762,0.0158,-0.0570,-0.0238,-0.3649,0.3376,0.2142,-3.2053,2.4763,0.5001,-0.6899,-0.3786
97140365,-0.0084,-0.0032,-0.3103,0.2376,0.0655,-0.0893,0.0753,0.0115,-0.0584,-0.0222,-0.2898,0.3216,-0.9968,-2.6212,3.0134,0.4735,-0.6899,-0.3524
97145365,-0.0094,-0.0021,-0.1680,0.1982,0.0494,-0.0637,0.0580,0.0038,-0.0590,-0.0210,-0.1027,0.2490,-2.4823,-0.3910,3.0134,0.4333,-0.6554,-0.3403
97150365,-0.0098,-0.0014,-0.0568,0.1487,-0.0233,-0.0426,0.0432,0.0004,-0.0588,-0.0200,0.0318,0.1928,-3.6133,0.0550,3.0134,0.3986,-0.6466,-0.3222
97155365,-0.0098,-0.0009,0.0324,0.1200,-0.0835,-0.0234,0.0308,-0.0400,-0.0580,-0.0193,0.1513,0.1449,-4.5711,1.5008,3.1707,0.3568,-0.6149,-0.3065
97160365,-0.0094,-0.0004,0.1173,0.1112,-0.1458,-0.0044,0.0220,-0.0120,-0.0568,-0.0186,0.2503,0.1240,-4.9846,2.3112,3.1707,0.3294,-0.5908,-0.2874
97165365,-0.0084,0.0002,0.2263,0.1145,-0.1574,0.0400,0.0111,-0.0261,-0.0549,-0.0181,0.3811,0.1129,-5.7627,3.2808,3.1707,0.2810,-0.5530,-0.2748
97170365,-0.0071,0.0009,0.2886,0.1326,-0.0432,0.0366,0.0048,-0.0397,-0.0526,-0.0175,0.4487,0.1069,-5.9232,4.2317,2.5087,0.2541,-0.5185,-0.2706
97175365,-0.0054,0.0016,0.3271,0.1124,0.0542,0.0491,-0.0400,-0.0466,-0.0502,-0.0171,0.4843,0.0801,-5.9786,4.2317,2.0674,0.2174,-0.4931,-0.2703
97180365,-0.0037,0.0020,0.3522,0.0654,0.0512,0.0606,-0.0172,-0.0453,-0.0477,-0.0171,0.5091,0.0170,-5.9786,4.7593,1.5157,0.1935,-0.4640,-0.2707
97185365,-0.0019,0.0021,0.3619,-0.0140,0.0283,0.0678,-0.0327,-0.0362,-0.0452,-0.0174,0.4916,-0.0637,-4.6787,4.5159,1.1875,0.1869,-0.4405,-0.2718
97190365,0.0000,0.0015,0.3696,-0.1371,0.0796,0.0730,-0.0590,-0.0170,-0.0429,-0.0184,0.4576,-0.2093,-3.8430,3.6883,-1.1536,0.1866,-0.4406,-0.3192
97195365,0.0020,0.0008,0.3509,-0.1701,0.1248,0.0750,-0.0682,-0.0116,-0.0408,-0.0196,0.4159,-0.2329,-2.8217,3.0555,-1.1536,0.1871,-0.4338,-0.3238
97200365,0.0036,-0.0002,0.3161,-0.1500,0.0875,0.0741,-0.0677,-0.0098,-0.0390,-0.0207,0.3589,-0.2178,-1.8965,2.8607,-1.6907,0.1956,-0.4255,-0.3418
97205365,0.0050,-0.0011,0.2297,-0.1567,-0.0288,0.0620,-0.0625,0.0017,-0.0379,-0.0217,0.2269,-0.2115,-0.1799,1.4977,-2.1789,0.2254,-0.4409,-0.3599
97210365,0.0062,-0.0019,0.1872,-0.1588,-0.0927,0.0593,-0.0629,0.0400,-0.0370,-0.0228,0.1793,-0.2100,0.0000,1.2543,-2.1789,0.2280,-0.4403,-0.3730
97215365,0.0070,-0.0028,0.1243,-0.1982,-0.0878,0.0471,-0.0646,0.0209,-0.0367,-0.0239,0.0655,-0.2252,2.1393,-0.3693,-2.1789,0.2781,-0.4685,-0.3817
97220365,0.0075,-0.0039,0.0965,-0.2471,-0.0670,0.0426,-0.0739,0.0339,-0.0366,-0.0253,0.0216,-0.2686,2.8916,-0.7386,-2.1789,0.3024,-0.4786,-0.3948
97225365,0.0079,-0.0054,0.0495,-0.2938,-0.0404,0.0340,-0.0804,0.0480,-0.0368,-0.0267,-0.0462,-0.2828,3.3991,-2.5285,-1.7913,0.3316,-0.5223,-0.3951
97230365,0.0081,-0.0070,-0.0073,-0.2801,-0.0603,0.0236,-0.0770,0.0557,-0.0374,-0.0279,-0.1164,-0.2528,4.0752,-3.1736,-1.3482,0.3608,-0.5461,-0.3957
97235365,0.0074,-0.0079,-0.1726,-0.1460,0.0173,-0.0400,-0.0420,0.0521,-0.0389,-0.0284,-0.2914,-0.0968,4.1291,-4.4203,-1.1267,0.3864,-0.5939,-0.3961
97240365,0.0063,-0.0084,-0.2731,-0.0608,-0.0114,-0.0336,-0.0171,0.0511,-0.0408,-0.0284,-0.3938,0.0071,4.6138,-4.6785,-0.1240,0.4142,-0.6177,-0.3812
97245365,0.0046,-0.0086,-0.3589,-0.0015,-0.0875,-0.0540,0.0400,0.0522,-0.0432,-0.0279,-0.4703,0.0972,4.3352,-5.4487,1.1718,0.4362,-0.6641,-0.3532
97250365,0.0028,-0.0085,-0.4029,0.0421,-0.1351,-0.0682,0.0216,0.0517,-0.0457,-0.0271,-0.5083,0.1605,4.0102,-6.0815,1.8535,0.4459,-0.7000,-0.3321
97255365,0.0009,-0.0084,-0.4294,0.0302,-0.1409,-0.0803,0.0271,0.0587,-0.0484,-0.0263,-0.5308,0.1587,4.0102,-6.1870,2.4303,0.4700,-0.7388,-0.3112
97260365,-0.0014,-0.0082,-0.4566,0.0113,-0.0997,-0.0934,0.0307,0.0665,-0.0511,-0.0256,-0.5382,0.1431,2.9710,-6.1870,2.6509,0.4639,-0.7635,-0.2922
97265365,-0.0037,-0.0082,-0.4435,0.0290,-0.0243,-0.0976,0.0338,0.0647,-0.0534,-0.0248,-0.4742,0.1556,1.0212,-5.0125,3.4784,0.4362,-0.7746,-0.2626
97270365,-0.0058,-0.0081,-0.3897,0.0406,0.0133,-0.0948,0.0337,0.0606,-0.0554,-0.0240,-0.3964,0.1671,0.3972,-4.2294,4.2533,0.4272,-0.7771,-0.2246
97275365,-0.0074,-0.0079,-0.2810,0.0727,0.0778,-0.0803,0.0313,0.0461,-0.0567,-0.0230,-0.2636,0.2015,-0.9155,-4.2294,4.4101,0.3979,-0.8025,-0.2044
97280365,-0.0086,-0.0075,-0.2095,0.1078,0.2772,-0.0724,0.0306,0.0312,-0.0575,-0.0218,-0.1617,0.2384,-2.3804,-3.9870,4.7759,0.3627,-0.8144,-0.1686
97285365,-0.0088,-0.0072,-0.0131,0.0993,0.1844,-0.0319,0.0097,0.0151,-0.0571,-0.0208,0.0910,0.1986,-4.1571,-1.4439,5.2190,0.3071,-0.7804,-0.1399
97290365,-0.0085,-0.0068,0.0779,0.0953,0.1483,-0.0124,0.0011,0.0056,-0.0561,-0.0198,0.2032,0.1908,-5.0128,-0.9405,5.4631,0.2719,-0.7745,-0.1037
97295365,-0.0079,-0.0064,0.1628,0.0922,0.1468,0.0400,-0.0400,-0.0400,-0.0545,-0.0189,0.3067,0.1835,-5.9542,-0.6608,5.4631,0.2217,-0.7737,-0.0818
97300365,-0.0066,-0.0061,0.2831,0.1038,0.1361,0.0348,-0.0193,-0.0207,-0.0524,-0.0180,0.4325,0.1887,-6.3720,-0.5490,5.1485,0.1894,-0.7739,-0.0563
97305365,-0.0047,-0.0056,0.3894,0.1405,0.1721,0.0612,-0.0258,-0.0420,-0.0497,-0.0168,0.5414,0.2237,-6.4649,-0.4371,5.1485,0.1487,-0.7746,-0.0357
97310365,-0.0025,-0.0050,0.4169,0.1594,0.1837,0.0746,-0.0285,-0.0532,-0.0468,-0.0157,0.5637,0.2303,-6.4649,-0.3252,4.4313,0.1229,-0.7738,-0.0202
97315365,-0.0001,-0.0042,0.4374,0.1729,0.1205,0.0873,-0.0296,-0.0624,-0.0440,-0.0145,0.5639,0.2306,-5.6761,-0.2693,3.6038,0.1009,-0.7745,-0.0208
97320365,0.0022,-0.0033,0.4050,0.1701,0.0836,0.0890,-0.0281,-0.0641,-0.0415,-0.0135,0.5064,0.2131,-4.6619,-0.2134,2.6660,0.1005,-0.7742,-0.0208
97325365,0.0043,-0.0026,0.3748,0.1414,0.1162,0.0895,-0.0314,-0.0625,-0.0392,-0.0126,0.4510,0.1762,-3.4223,-0.1574,2.1695,0.1012,-0.7742,-0.0210
97330365,0.0055,-0.0022,0.2053,0.0712,0.1254,0.0623,-0.0286,-0.0385,-0.0379,-0.0121,0.2639,0.0922,-2.8026,-0.1015,1.3060,0.1011,-0.7736,-0.0271
97335365,0.0063,-0.0019,0.1231,0.0492,0.1187,0.0468,-0.0250,-0.0264,-0.0373,-0.0119,0.1301,0.0453,-0.6384,-0.1015,-0.3671,0.1329,-0.7742,-0.0587
97340365,0.0069,-0.0017,0.0614,0.0480,0.1230,0.0359,-0.0200,-0.0207,-0.0370,-0.0118,0.0454,0.0296,0.2693,-0.0456,-1.2784,0.1513,-0.7735,-0.0818
97345365,0.0069,-0.0016,0.0385,0.0476,0.1272,0.0292,-0.0173,-0.0168,-0.0371,-0.0117,-0.0127,0.0154,1.8477,-0.0456,-2.2061,0.1897,-0.7738,-0.1081
97350365,0.0069,-0.0016,-0.0324,-0.0110,0.1254,0.0150,-0.0191,-0.0007,-0.0376,-0.0119,-0.1003,-0.0424,2.7891,-0.1015,-2.2061,0.2169,-0.7752,-0.1213
97355365,0.0068,-0.0017,-0.0657,-0.0415,0.1291,0.0073,-0.0216,0.0400,-0.0383,-0.0123,-0.1469,-0.0861,3.1213,-0.1015,-3.0921,0.2421,-0.7758,-0.1497
97360365,0.0063,-0.0021,-0.1411,-0.0757,0.1324,-0.0400,-0.0198,0.0243,-0.0395,-0.0129,-0.2371,-0.1204,3.9771,-0.1015,-3.0921,0.2725,-0.7762,-0.1682
97365365,0.0055,-0.0026,-0.1939,-0.0983,0.1046,-0.0219,-0.0184,0.0362,-0.0410,-0.0136,-0.2918,-0.1430,4.0840,-0.1015,-3.0921,0.2991,-0.7768,-0.1806
97370365,0.0042,-0.0032,-0.2370,-0.0953,0.0732,-0.0340,-0.0132,0.0444,-0.0426,-0.0143,-0.3273,-0.1352,3.8019,-0.1015,-2.7786,0.3097,-0.7773,-0.1925
97375365,0.0030,-0.0037,-0.2080,-0.0638,0.1245,-0.0345,-0.0085,0.0382,-0.0441,-0.0147,-0.3043,-0.0707,3.5668,-1.7983,-2.2560,0.3265,-0.8180,-0.1921
97380365,0.0021,-0.0042,-0.1787,-0.0476,0.0918,-0.0323,-0.0075,0.0362,-0.0455,-0.0149,-0.2701,-0.0459,3.5668,-1.7983,-1.6811,0.3408,-0.8251,-0.1923
97385365,0.0013,-0.0042,-0.1604,-0.0397,0.0139,-0.0299,-0.0058,0.0352,-0.0467,-0.0151,-0.2379,-0.0333,2.9186,-1.7983,-1.3675,0.3482,-0.8359,-0.1922
97390365,0.0005,-0.0044,-0.1286,-0.0220,-0.0200,-0.0247,-0.0053,0.0308,-0.0476,-0.0151,-0.1770,-0.0101,1.4140,-1.7983,-1.0017,0.3269,-0.8431,-0.1920
97395365,-0.0000,-0.0046,-0.0812,-0.0214,-0.0081,-0.0159,-0.0090,0.0252,-0.0480,-0.0150,-0.0957,0.0155,0.3795,-1.6950,0.7753,0.3101,-0.8518,-0.1571
97400365,-0.0003,-0.0048,-0.0263,-0.0186,0.0038,-0.0066,-0.0138,0.0203,-0.0482,-0.0149,-0.0321,0.0210,0.2855,-1.3852,1.2737,0.3096,-0.8517,-0.1398
97405365,-0.0004,-0.0048,0.0122,-0.0211,-0.0010,0.0005,-0.0181,0.0176,-0.0482,-0.0149,0.0102,0.0132,0.2384,-1.0237,1.2737,0.3102,-0.8517,-0.1347
97410365,-0.0001,-0.0050,0.0244,-0.0376,-0.0291,0.0400,-0.0231,0.0167,-0.0478,-0.0148,0.0628,0.0118,-1.3905,-0.8172,2.4943,0.2761,-0.8513,-0.0981
97415365,0.0001,-0.0052,0.0211,-0.0678,-0.0481,0.0081,-0.0287,0.0224,-0.0475,-0.0149,0.0621,-0.0215,-1.4440,-0.6107,2.4943,0.2664,-0.8515,-0.0881
97420365,0.0002,-0.0056,-0.0076,-0.1106,0.1022,0.0018,-0.0361,0.0304,-0.0473,-0.0152,0.0397,-0.0564,-1.4440,-0.5074,3.1236,0.2606,-0.8517,-0.0582
97425365,0.0002,-0.0064,0.0006,-0.1032,0.1358,0.0027,-0.0389,0.0309,-0.0471,-0.0155,0.0493,-0.0514,-1.4440,-0.3525,3.1236,0.2519,-0.8512,-0.0457
97430365,0.0002,-0.0070,0.0070,-0.0761,0.1471,0.0038,-0.0376,0.0281,-0.0468,-0.0156,0.0561,-0.0250,-1.4440,-0.3008,3.1236,0.2461,-0.8515,-0.0270
97435365,0.0002,-0.0074,0.0034,-0.0360,0.1999,0.0025,-0.0335,0.0234,-0.0466,-0.0155,0.0505,0.0101,-1.4440,-0.2492,2.8477,0.2375,-0.8521,-0.0203
97440365,0.0003,-0.0077,-0.0015,-0.0116,0.2528,0.0013,-0.0313,0.0203,-0.0463,-0.0154,0.0452,0.0322,-1.4440,-0.1976,2.7374,0.2317,-0.8519,-0.0060
97445365,0.0003,-0.0079,-0.0061,0.0101,0.2647,0.0001,-0.0283,0.0180,-0.0461,-0.0151,0.0391,0.0531,-1.3333,-0.1459,2.7374,0.2253,-0.8518,0.0049
97450365,0.0001,-0.0080,-0.0302,0.0345,0.2424,-0.0400,-0.0219,0.0176,-0.0461,-0.0147,0.0108,0.0753,-1.1118,-0.0943,2.6406,0.2249,-0.8513,0.0194
97455365,-0.0001,-0.0081,-0.0339,0.0428,0.2219,-0.0069,-0.0199,0.0182,-0.0461,-0.0143,-0.0028,0.0763,-0.7795,-0.0943,2.1562,0.2259,-0.8518,0.0194
97460365,-0.0003,-0.0079,-0.0266,0.0687,0.2680,-0.0073,-0.0163,0.0134,-0.0461,-0.0139,0.0006,0.0972,-0.6688,-0.0426,1.8656,0.2252,-0.8512,0.0252
97465365,-0.0005,-0.0077,-0.0257,0.0852,0.3337,-0.0090,-0.0135,0.0097,-0.0461,-0.0133,-0.0014,0.1137,-0.5026,-0.0426,1.8656,0.2251,-0.8514,0.0327
97470365,-0.0008,-0.0073,-0.0266,0.0932,0.3172,-0.0102,-0.0098,0.0078,-0.0461,-0.0127,-0.0042,0.1216,-0.3919,-0.0426,1.8656,0.2256,-0.8516,0.0439
97475365,-0.0010,-0.0068,-0.0153,0.0831,0.3258,-0.0092,-0.0104,0.0071,-0.0461,-0.0121,0.0052,0.1115,-0.2811,-0.0426,1.8656,0.2257,-0.8518,0.0513
97480365,-0.0011,-0.0065,-0.0086,0.0651,0.3441,-0.0092,-0.0126,0.0086,-0.0460,-0.0117,0.0087,0.0896,-0.2258,-0.0426,1.6043,0.2258,-0.8520,0.0569
97485365,-0.0012,-0.0062,0.0021,0.0415,0.3551,-0.0081,-0.0165,0.0110,-0.0460,-0.0114,0.0161,0.0608,-0.1704,0.0000,1.2908,0.2256,-0.8511,0.0564
97490365,-0.0013,-0.0060,0.0162,0.0247,0.3285,-0.0055,-0.0196,0.0126,-0.0458,-0.0112,0.0275,0.0393,-0.1704,0.0000,0.9772,0.2249,-0.8511,0.0570
97495365,-0.0012,-0.0059,0.0241,0.0027,0.2934,-0.0037,-0.0231,0.0155,-0.0457,-0.0111,0.0327,0.0142,-0.1150,0.0000,0.7681,0.2253,-0.8511,0.0563
97500365,-0.0011,-0.0059,0.0330,-0.0250,0.2876,-0.0017,-0.0286,0.0192,-0.0455,-0.0112,0.0393,-0.0159,-0.0596,0.0000,0.6114,0.2260,-0.8511,0.0573
97505365,-0.0010,-0.0060,0.0360,-0.0483,0.2971,-0.0008,-0.0334,0.0228,-0.0453,-0.0114,0.0410,-0.0415,-0.0596,0.0000,0.4546,0.2256,-0.8511,0.0563
97510365,-0.0009,-0.0064,0.0382,-0.0660,0.2687,0.0000,-0.0374,0.0271,-0.0451,-0.0117,0.0422,-0.0608,-0.0596,0.0000,0.3501,0.2254,-0.8511,0.0567
97515365,-0.0009,-0.0070,0.0302,-0.0828,0.2412,-0.0008,-0.0414,0.0329,-0.0449,-0.0121,0.0338,-0.0783,-0.0596,0.0000,0.2978,0.2250,-0.8511,0.0569
97520365,-0.0008,-0.0077,0.0284,-0.0837,0.2387,-0.0010,-0.0436,0.0355,-0.0447,-0.0125,0.0296,-0.0800,0.0000,-0.0516,0.1933,0.2260,-0.8522,0.0563
97525365,-0.0007,-0.0083,0.0254,-0.0745,0.2421,-0.0012,-0.0443,0.0363,-0.0446,-0.0128,0.0266,-0.0709,0.0000,-0.0516,0.1933,0.2260,-0.8525,0.0571
97530365,-0.0006,-0.0089,0.0247,-0.0666,0.2213,-0.0006,-0.0451,0.0372,-0.0445,-0.0132,0.0255,-0.0637,0.0000,-0.0516,0.1410,0.2260,-0.8527,0.0570
97535365,-0.0005,-0.0094,0.0244,-0.0486,0.1880,0.0002,-0.0438,0.0364,-0.0444,-0.0134,0.0248,-0.0465,0.0000,-0.0516,0.0887,0.2260,-0.8530,0.0564
97540365,-0.0004,-0.0098,0.0244,-0.0278,0.1703,0.0008,-0.0419,0.0345,-0.0442,-0.0135,0.0248,-0.0257,0.0000,-0.0516,0.0887,0.2260,-0.8532,0.0569
97545365,-0.0002,-0.0101,0.0257,-0.0046,0.1700,0.0016,-0.0396,0.0315,-0.0441,-0.0135,0.0260,-0.0025,0.0000,-0.0516,0.0887,0.2260,-0.8535,0.0573
97550365,-0.0001,-0.0102,0.0250,0.0162,0.1602,0.0400,-0.0371,0.0288,-0.0440,-0.0134,0.0249,0.0175,0.0000,-0.0516,0.0365,0.2260,-0.8537,0.0565
97555365,-0.0000,-0.0103,0.0247,0.0388,0.1437,0.0021,-0.0325,0.0250,-0.0439,-0.0132,0.0176,0.0524,0.0000,-0.8768,0.0365,0.2260,-0.8713,0.0566
97560365,0.0001,-0.0102,0.0376,0.0611,0.1502,0.0040,-0.0287,0.0189,-0.0438,-0.0127,0.0205,0.0919,0.0000,-2.0321,0.0365,0.2260,-0.9009,0.0568
97565365,0.0002,-0.0101,0.0434,0.0611,0.1691,0.0052,-0.0292,0.0175,-0.0437,-0.0123,0.0263,0.0919,0.0000,-2.0321,0.0365,0.2260,-0.9131,0.0570
97570365,0.0004,-0.0100,0.0486,0.0632,0.1703,0.0069,-0.0295,0.0161,-0.0435,-0.0118,0.0315,0.0941,0.0000,-2.0321,0.0365,0.2260,-0.9212,0.0572
97575365,0.0006,-0.0100,0.0492,0.0605,0.1639,0.0080,-0.0302,0.0159,-0.0433,-0.0113,0.0318,0.0908,0.0000,-2.0321,0.0000,0.2260,-0.9334,0.0562
97580365,0.0008,-0.0099,0.0498,0.0599,0.1718,0.0089,-0.0309,0.0153,-0.0432,-0.0109,0.0332,0.0887,0.0000,-1.9347,0.0000,0.2260,-0.9396,0.0562
97585365,0.0009,-0.0098,0.0473,0.0547,0.1896,0.0090,-0.0320,0.0158,-0.0430,-0.0105,0.0350,0.0763,0.0000,-1.4479,0.0000,0.2260,-0.9399,0.0562
97590365,0.0010,-0.0095,0.0483,0.0495,0.2045,0.0095,-0.0329,0.0156,-0.0428,-0.0102,0.0384,0.0667,0.0000,-1.1558,0.0000,0.2260,-0.9393,0.0562
97595365,0.0011,-0.0094,0.0483,0.0406,0.2051,0.0100,-0.0342,0.0164,-0.0426,-0.0099,0.0409,0.0535,0.0000,-0.8638,0.0000,0.2260,-0.9396,0.0562
97600365,0.0012,-0.0092,0.0559,0.0296,0.1963,0.0121,-0.0365,0.0169,-0.0423,-0.0097,0.0498,0.0403,0.0000,-0.7177,0.0000,0.2260,-0.9398,0.0562
97605365,0.0014,-0.0093,0.0586,0.0110,0.2027,0.0132,-0.0404,0.0195,-0.0421,-0.0096,0.0542,0.0188,0.0000,-0.5230,0.0000,0.2260,-0.9396,0.0562
97610365,0.0016,-0.0095,0.0654,0.0043,0.1911,0.0157,-0.0434,0.0203,-0.0418,-0.0096,0.0617,0.0106,0.0000,-0.4256,0.0000,0.2260,-0.9396,0.0562
97615365,0.0019,-0.0097,0.0675,-0.0018,0.1685,0.0175,-0.0456,0.0217,-0.0414,-0.0095,0.0647,0.0031,0.0000,-0.3283,0.0000,0.2260,-0.9399,0.0562
97620365,0.0022,-0.0100,0.0730,-0.0073,0.1489,0.0200,-0.0483,0.0226,-0.0411,-0.0096,0.0702,-0.0024,0.0000,-0.3283,0.0000,0.2260,-0.9411,0.0562
97625365,0.0025,-0.0103,0.0800,-0.0122,0.1346,0.0228,-0.0512,0.0233,-0.0407,-0.0096,0.0772,-0.0073,0.0000,-0.3283,0.0000,0.2260,-0.9431,0.0562
97630365,0.0030,-0.0106,0.0837,-0.0113,0.1184,0.0254,-0.0532,0.0232,-0.0403,-0.0096,0.0809,-0.0064,0.0000,-0.3283,0.0000,0.2260,-0.9444,0.0562
97635365,0.0035,-0.0109,0.0864,-0.0046,0.0900,0.0282,-0.0539,0.0223,-0.0399,-0.0096,0.0836,0.0003,0.0000,-0.3283,0.0000,0.2260,-0.9464,0.0562
97640365,0.0040,-0.0111,0.0919,0.0040,0.0536,0.0318,-0.0545,0.0207,-0.0394,-0.0096,0.0891,0.0089,0.0000,-0.3283,0.0000,0.2260,-0.9477,0.0562
97645365,0.0045,-0.0113,0.0898,0.0150,0.0353,0.0307,-0.0514,0.0193,-0.0392,-0.0094,0.0484,0.0372,1.6579,-1.4889,0.0000,0.2623,-0.9744,0.0562
97650365,0.0051,-0.0114,0.0999,0.0284,0.0439,0.0340,-0.0514,0.0157,-0.0390,-0.0091,0.0488,0.0514,2.1928,-1.5417,0.0000,0.2814,-0.9816,0.0562
97655365,0.0055,-0.0114,0.0803,0.0544,0.0567,0.0321,-0.0466,0.0123,-0.0388,-0.0088,0.0292,0.0773,2.1928,-1.5417,0.0000,0.2945,-0.9909,0.0562
97660365,0.0060,-0.0112,0.0617,0.0654,0.0429,0.0309,-0.0435,0.0109,-0.0388,-0.0083,0.0106,0.0883,2.1928,-1.5417,0.0000,0.3033,-0.9970,0.0562
97665365,0.0064,-0.0110,0.0333,0.0800,0.0457,0.0272,-0.0380,0.0090,-0.0388,-0.0078,-0.0177,0.1114,1.9106,-2.1010,0.0000,0.3104,-1.0178,0.0562
97670365,0.0066,-0.0107,0.0086,0.0919,0.0512,0.0235,-0.0332,0.0078,-0.0391,-0.0071,-0.0424,0.1275,1.7696,-2.3807,0.0000,0.3147,-1.0328,0.0562
97675365,0.0067,-0.0105,-0.0119,0.1002,0.0420,0.0203,-0.0292,0.0073,-0.0394,-0.0064,-0.0628,0.1357,1.7696,-2.3807,0.0000,0.3253,-1.0471,0.0562
97680365,0.0067,-0.0101,-0.0281,0.1100,0.0298,0.0176,-0.0249,0.0061,-0.0398,-0.0057,-0.0790,0.1455,1.7696,-2.3807,0.0000,0.3324,-1.0566,0.0562
97685365,0.0067,-0.0097,-0.0360,0.1148,0.0219,0.0165,-0.0223,0.0050,-0.0402,-0.0050,-0.0845,0.1460,1.7696,-2.0898,0.0000,0.3430,-1.0647,0.0562
97690365,0.0067,-0.0093,-0.0443,0.1182,0.0151,0.0152,-0.0200,0.0043,-0.0406,-0.0043,-0.0894,0.1436,1.7696,-1.7020,0.0000,0.3501,-1.0645,0.0562
97695365,0.0066,-0.0090,-0.0498,0.1206,0.0103,0.0147,-0.0184,0.0034,-0.0411,-0.0036,-0.0834,0.1395,1.3188,-1.2657,0.0000,0.3502,-1.0646,0.0562
97700365,0.0064,-0.0086,-0.0345,0.1142,-0.0194,0.0177,-0.0196,0.0026,-0.0414,-0.0029,-0.0612,0.1295,1.0371,-1.0233,0.0000,0.3493,-1.0643,0.0562
97705365,0.0062,-0.0082,-0.0205,0.1060,-0.0301,0.0198,-0.0203,0.0017,-0.0416,-0.0023,-0.0412,0.1176,0.8117,-0.7809,0.0000,0.3503,-1.0648,0.0562
97710365,0.0060,-0.0077,-0.0024,0.0916,-0.0469,0.0229,-0.0223,0.0012,-0.0417,-0.0018,-0.0190,0.1011,0.6427,-0.6354,0.0000,0.3498,-1.0647,0.0562
97715365,0.0059,-0.0073,0.0189,0.0806,-0.0575,0.0270,-0.0248,-0.0000,-0.0416,-0.0014,0.0070,0.0872,0.4737,-0.4415,0.0000,0.3497,-1.0640,0.0562
97720365,0.0059,-0.0070,0.0351,0.0702,-0.0704,0.0303,-0.0268,-0.0008,-0.0415,-0.0010,0.0255,0.0761,0.3610,-0.3930,0.0000,0.3492,-1.0647,0.0562
97725365,0.0060,-0.0067,0.0504,0.0626,-0.0765,0.0336,-0.0286,-0.0400,-0.0413,-0.0007,0.0426,0.0670,0.3047,-0.2961,0.0000,0.3501,-1.0647,0.0562
97730365,0.0064,-0.0064,0.0626,0.0541,-0.0713,0.0376,-0.0308,-0.0041,-0.0410,-0.0004,0.0562,0.0578,0.2483,-0.2476,0.0000,0.3500,-1.0648,0.0562
97735365,0.0070,-0.0061,0.0712,0.0473,-0.0691,0.0416,-0.0332,-0.0057,-0.0407,-0.0001,0.0656,0.0496,0.2483,-0.1506,0.0000,0.3514,-1.0640,0.0562
97740365,0.0076,-0.0060,0.0718,0.0428,-0.0698,0.0440,-0.0347,-0.0066,-0.0403,0.0001,0.0662,0.0450,0.2483,-0.1506,0.0000,0.3524,-1.0646,0.0562
97745365,0.0082,-0.0060,0.0660,0.0330,-0.0603,0.0451,-0.0369,-0.0058,-0.0400,0.0003,0.0608,0.0345,0.2483,-0.1021,0.0000,0.3539,-1.0644,0.0562
97750365,0.0086,-0.0060,0.0528,0.0363,-0.0450,0.0433,-0.0374,-0.0042,-0.0399,0.0003,0.0336,0.0134,0.2483,-0.1021,-1.6467,0.3548,-1.0648,0.0176
97755365,0.0090,-0.0060,0.0403,0.0440,-0.0404,0.0425,-0.0358,-0.0051,-0.0398,0.0004,0.0215,0.0203,0.2483,-0.0537,-1.6467,0.3563,-1.0642,0.0111
97760365,0.0093,-0.0059,0.0281,0.0516,-0.0420,0.0416,-0.0339,-0.0060,-0.0397,0.0006,0.0092,0.0279,0.2483,-0.0537,-1.6467,0.3573,-1.0644,0.0012
97765365,0.0096,-0.0058,0.0147,0.0641,-0.0380,0.0401,-0.0309,-0.0078,-0.0397,0.0008,-0.0042,0.0405,0.2483,-0.0537,-1.6467,0.3588,-1.0647,-0.0054
97770365,0.0098,-0.0056,0.0064,0.0779,-0.0386,0.0394,-0.0278,-0.0101,-0.0398,0.0010,-0.0120,0.0534,0.2483,0.0000,-1.6467,0.3598,-1.0639,-0.0153
97775365,0.0099,-0.0054,-0.0009,0.0892,-0.0459,0.0388,-0.0247,-0.0123,-0.0399,0.0014,-0.0184,0.0664,0.2483,0.0000,-1.5364,0.3613,-1.0639,-0.0196
97780365,0.0100,-0.0051,-0.0082,0.0980,-0.0542,0.0373,-0.0212,-0.0141,-0.0401,0.0018,-0.0335,0.0809,0.8946,0.0000,-1.1502,0.3757,-1.0639,-0.0199
97785365,0.0101,-0.0048,-0.0086,0.1060,-0.0606,0.0365,-0.0181,-0.0161,-0.0403,0.0022,-0.0505,0.0921,1.9716,0.0000,-0.9296,0.4076,-1.0639,-0.0196
97790365,0.0102,-0.0045,-0.0037,0.1109,-0.0615,0.0380,-0.0168,-0.0189,-0.0405,0.0027,-0.0438,0.1002,1.9716,0.0000,-0.7089,0.4155,-1.0639,-0.0200
97795365,0.0103,-0.0042,-0.0009,0.1075,-0.0591,0.0391,-0.0167,-0.0202,-0.0407,0.0032,-0.0396,0.0993,1.9716,0.0000,-0.5434,0.4273,-1.0639,-0.0192
97800365,0.0106,-0.0038,-0.0009,0.1051,-0.0554,0.0399,-0.0162,-0.0216,-0.0409,0.0037,-0.0396,0.0969,1.9716,0.0000,-0.5434,0.4352,-1.0639,-0.0225
97805365,0.0108,-0.0034,0.0034,0.1097,-0.0447,0.0421,-0.0154,-0.0250,-0.0411,0.0042,-0.0273,0.1015,1.5074,0.0000,-0.5434,0.4364,-1.0639,-0.0247
97810365,0.0110,-0.0031,0.0043,0.1087,-0.0520,0.0435,-0.0149,-0.0265,-0.0412,0.0047,-0.0216,0.1006,1.2288,0.0000,-0.5434,0.4362,-1.0639,-0.0279
97815365,0.0112,-0.0027,0.0043,0.1063,-0.0728,0.0451,-0.0143,-0.0280,-0.0412,0.0052,-0.0160,0.0982,0.9039,0.0000,-0.5434,0.4361,-1.0639,-0.0301
97820365,0.0114,-0.0021,0.0018,0.0962,-0.0869,0.0459,-0.0141,-0.0284,-0.0413,0.0057,-0.0152,0.0881,0.7182,0.0000,-0.5434,0.4356,-1.0639,-0.0334
97825365,0.0116,-0.0017,-0.0018,0.0834,-0.0972,0.0464,-0.0147,-0.0280,-0.0414,0.0060,-0.0157,0.0753,0.5325,0.0000,-0.5434,0.4358,-1.0639,-0.0355
97830365,0.0117,-0.0013,-0.0107,0.0690,-0.1101,0.0455,-0.0149,-0.0264,-0.0415,0.0063,-0.0245,0.0609,0.5325,0.0000,-0.5434,0.4379,-1.0639,-0.0388
97835365,0.0119,-0.0010,-0.0195,0.0580,-0.1131,0.0445,-0.0150,-0.0251,-0.0417,0.0066,-0.0334,0.0499,0.5325,0.0000,-0.5434,0.4410,-1.0639,-0.0410
97840365,0.0120,-0.0008,-0.0247,0.0470,-0.1018,0.0431,-0.0166,-0.0226,-0.0419,0.0067,-0.0476,0.0234,0.5325,0.0000,-1.5921,0.4432,-1.0639,-0.0664
97845365,0.0120,-0.0006,-0.0281,0.0434,-0.0942,0.0426,-0.0164,-0.0226,-0.0422,0.0068,-0.0519,0.0182,0.5325,0.0000,-1.6970,0.4464,-1.0639,-0.0753
97850365,0.0121,-0.0004,-0.0339,0.0394,-0.1000,0.0419,-0.0160,-0.0220,-0.0425,0.0069,-0.0577,0.0142,0.5325,0.0000,-1.6970,0.4485,-1.0639,-0.0855
97855365,0.0121,-0.0003,-0.0382,0.0351,-0.1003,0.0397,-0.0152,-0.0207,-0.0429,0.0069,-0.0820,0.0098,1.6953,0.0000,-1.6970,0.4790,-1.0639,-0.0923
97860365,0.0122,-0.0003,-0.0385,0.0357,-0.0927,0.0397,-0.0150,-0.0211,-0.0433,0.0070,-0.0823,0.0104,1.6953,0.0000,-1.6970,0.4858,-1.0639,-0.1025
97865365,0.0121,-0.0003,-0.0421,0.0351,-0.0832,0.0389,-0.0148,-0.0209,-0.0437,0.0070,-0.0839,0.0134,1.6953,0.0000,-1.4529,0.4960,-1.0639,-0.1039
97870365,0.0121,-0.0003,-0.0464,0.0363,-0.0743,0.0381,-0.0140,-0.0212,-0.0441,0.0071,-0.0848,0.0205,1.6953,0.0000,-1.0623,0.5028,-1.0639,-0.1036
97875365,0.0121,-0.0003,-0.0449,0.0415,-0.0655,0.0383,-0.0132,-0.0226,-0.0446,0.0073,-0.0816,0.0286,1.6953,0.0000,-0.8670,0.5129,-1.0639,-0.1036
97880365,0.0120,-0.0002,-0.0443,0.0486,-0.0508,0.0375,-0.0116,-0.0240,-0.0450,0.0075,-0.0871,0.0392,2.1767,0.0000,-0.6229,0.5307,-1.0639,-0.1032
97885365,0.0119,-0.0002,-0.0455,0.0641,-0.0163,0.0365,-0.0089,-0.0270,-0.0454,0.0078,-0.0875,0.0562,2.1767,0.0000,-0.5253,0.5437,-1.0639,-0.1036
97890365,0.0118,-0.0000,-0.0434,0.0733,-0.0035,0.0364,-0.0071,-0.0291,-0.0458,0.0081,-0.0841,0.0675,2.1767,0.0000,-0.3788,0.5524,-1.0639,-0.1034
97895365,0.0117,0.0002,-0.0446,0.0825,0.0069,0.0362,-0.0050,-0.0314,-0.0462,0.0085,-0.0801,0.0774,1.8946,0.0000,-0.3300,0.5595,-1.0639,-0.1038
97900365,0.0117,0.0004,-0.0458,0.0898,0.0185,0.0361,-0.0031,-0.0337,-0.0466,0.0089,-0.0748,0.0862,1.5654,0.0000,-0.2323,0.5599,-1.0639,-0.1035
97905365,0.0116,0.0007,-0.0458,0.0953,0.0323,0.0358,-0.0013,-0.0357,-0.0470,0.0094,-0.0735,0.0925,1.5184,0.0000,-0.1835,0.5681,-1.0639,-0.1034
97910365,0.0116,0.0010,-0.0467,0.0993,0.0426,0.0353,0.0005,-0.0374,-0.0474,0.0099,-0.0740,0.0972,1.5184,0.0000,-0.1347,0.5742,-1.0639,-0.1034
97915365,0.0116,0.0015,-0.0455,0.1032,0.0533,0.0354,0.0400,-0.0400,-0.0477,0.0104,-0.0728,0.1011,1.5184,0.0000,-0.1347,0.5833,-1.0639,-0.1040
97920365,0.0115,0.0021,-0.0461,0.1038,0.0674,0.0350,0.0047,-0.0423,-0.0481,0.0109,-0.0730,0.1025,1.5184,0.0000,-0.0859,0.5894,-1.0639,-0.1036
97925365,0.0115,0.0027,-0.0467,0.1026,0.0805,0.0344,0.0067,-0.0442,-0.0485,0.0114,-0.0736,0.1012,1.5184,0.0000,-0.0859,0.5985,-1.0639,-0.1039
97930365,0.0114,0.0033,-0.0467,0.0950,0.0943,0.0337,0.0076,-0.0449,-0.0488,0.0118,-0.0750,0.0929,1.5747,0.0000,-0.1347,0.6059,-1.0639,-0.1056
97935365,0.0112,0.0038,-0.0446,0.0843,0.1114,0.0333,0.0077,-0.0453,-0.0492,0.0123,-0.0728,0.0822,1.5747,0.0000,-0.1347,0.6153,-1.0639,-0.1062
97940365,0.0110,0.0044,-0.0406,0.0733,0.1309,0.0331,0.0075,-0.0456,-0.0495,0.0126,-0.0689,0.0712,1.5747,0.0000,-0.1347,0.6216,-1.0639,-0.1070
97945365,0.0109,0.0048,-0.0370,0.0559,0.1288,0.0345,0.0038,-0.0432,-0.0498,0.0128,-0.0497,0.0270,1.5747,1.7899,-0.1347,0.6310,-1.0244,-0.1075
97950365,0.0108,0.0051,-0.0367,0.0382,0.1187,0.0343,0.0024,-0.0413,-0.0500,0.0128,-0.0494,0.0093,1.5747,1.7899,-0.1347,0.6373,-1.0173,-0.1083
97955365,0.0108,0.0053,-0.0382,0.0278,0.1037,0.0343,0.0018,-0.0400,-0.0503,0.0128,-0.0509,-0.0011,1.5747,1.7899,-0.1347,0.6468,-1.0065,-0.1089
97960365,0.0109,0.0054,-0.0397,0.0214,0.1043,0.0341,0.0012,-0.0393,-0.0506,0.0128,-0.0525,-0.0075,1.5747,1.7899,-0.1347,0.6531,-0.9994,-0.1097
97965365,0.0109,0.0055,-0.0464,0.0217,0.1221,0.0326,0.0020,-0.0392,-0.0508,0.0127,-0.0592,-0.0072,1.5747,1.7899,-0.1347,0.6625,-0.9886,-0.1102
97970365,0.0108,0.0055,-0.0501,0.0235,0.1318,0.0317,0.0027,-0.0394,-0.0512,0.0127,-0.0628,-0.0054,1.5747,1.7899,-0.1347,0.6688,-0.9815,-0.1110
97975365,0.0108,0.0057,-0.0538,0.0296,0.1462,0.0305,0.0046,-0.0408,-0.0515,0.0127,-0.0688,0.0047,1.5747,1.5261,-0.1347,0.6783,-0.9763,-0.1116
97980365,0.0107,0.0059,-0.0614,0.0425,0.1624,0.0284,0.0083,-0.0429,-0.0519,0.0128,-0.0787,0.0215,1.5747,1.2623,-0.1347,0.6846,-0.9760,-0.1124
97985365,0.0106,0.0061,-0.0611,0.0476,0.1795,0.0281,0.0102,-0.0452,-0.0523,0.0130,-0.0747,0.0314,1.2033,0.9457,-0.1347,0.6857,-0.9758,-0.1129
97990365,0.0105,0.0063,-0.0574,0.0495,0.1850,0.0286,0.0110,-0.0466,-0.0526,0.0132,-0.0701,0.0356,1.0641,0.7875,-0.1347,0.6874,-0.9755,-0.1137
97995365,0.0104,0.0067,-0.0589,0.0507,0.1798,0.0276,0.0132,-0.0477,-0.0530,0.0134,-0.0734,0.0400,1.0641,0.5764,-0.1347,0.6938,-0.9757,-0.1142
98000365,0.0103,0.0070,-0.0589,0.0501,0.1792,0.0271,0.0146,-0.0486,-0.0534,0.0136,-0.0743,0.0410,1.0641,0.4709,-0.1347,0.6980,-0.9758,-0.1151
98005365,0.0102,0.0073,-0.0611,0.0504,0.1859,0.0261,0.0162,-0.0494,-0.0537,0.0138,-0.0774,0.0429,1.0641,0.3654,-0.1347,0.7044,-0.9755,-0.1156
98010365,0.0101,0.0076,-0.0611,0.0495,0.1871,0.0257,0.0172,-0.0501,-0.0541,0.0140,-0.0783,0.0435,1.0641,0.2599,-0.1347,0.7087,-0.9763,-0.1164
98015365,0.0100,0.0078,-0.0617,0.0531,0.1844,0.0252,0.0189,-0.0512,-0.0545,0.0142,-0.0793,0.0480,1.0641,0.2071,-0.1347,0.7150,-0.9760,-0.1169
98020365,0.0099,0.0081,-0.0629,0.0541,0.1783,0.0245,0.0208,-0.0521,-0.0549,0.0145,-0.0810,0.0497,1.0641,0.1544,-0.1347,0.7193,-0.9763,-0.1177
98025365,0.0097,0.0085,-0.0638,0.0571,0.1743,0.0239,0.0228,-0.0534,-0.0553,0.0148,-0.0814,0.0535,1.0087,0.1016,-0.1347,0.7245,-0.9764,-0.1183
98030365,0.0095,0.0089,-0.0654,0.0568,0.1651,0.0231,0.0248,-0.0542,-0.0557,0.0150,-0.0801,0.0532,0.8426,0.1016,-0.1347,0.7248,-0.9760,-0.1191
98035365,0.0092,0.0093,-0.0641,0.0544,0.1584,0.0223,0.0265,-0.0548,-0.0561,0.0153,-0.0793,0.0516,0.8426,0.0489,-0.1347,0.7299,-0.9764,-0.1196
98040365,0.0090,0.0097,-0.0638,0.0541,0.1566,0.0205,0.0275,-0.0539,-0.0566,0.0154,-0.0896,0.0316,0.8426,0.1016,-1.4084,0.7332,-0.9751,-0.1515
98045365,0.0087,0.0101,-0.0611,0.0504,0.1495,0.0200,0.0287,-0.0544,-0.0570,0.0156,-0.0869,0.0279,0.8426,0.1016,-1.4084,0.7383,-0.9745,-0.1571
98050365,0.0084,0.0105,-0.0614,0.0452,0.1346,0.0189,0.0300,-0.0540,-0.0575,0.0157,-0.0872,0.0227,0.8426,0.1016,-1.4084,0.7417,-0.9741,-0.1656
98055365,0.0082,0.0108,-0.0617,0.0440,0.1138,0.0182,0.0317,-0.0543,-0.0579,0.0158,-0.0875,0.0215,0.8426,0.1016,-1.4084,0.7467,-0.9735,-0.1712
98060365,0.0080,0.0111,-0.0632,0.0394,0.0933,0.0185,0.0310,-0.0531,-0.0583,0.0158,-0.0785,-0.0013,0.8426,1.3186,-1.4084,0.7501,-0.9469,-0.1797
98065365,0.0079,0.0114,-0.0641,0.0357,0.0738,0.0181,0.0316,-0.0526,-0.0587,0.0157,-0.0768,-0.0093,0.8426,1.6107,-1.4084,0.7551,-0.9315,-0.1853
98070365,0.0076,0.0117,-0.0718,0.0458,0.0723,0.0156,0.0355,-0.0538,-0.0591,0.0157,-0.0867,-0.0031,0.8426,1.6107,-1.6697,0.7585,-0.9251,-0.2000
98075365,0.0073,0.0120,-0.0742,0.0342,0.1327,0.0139,0.0333,-0.0523,-0.0595,0.0156,-0.0796,-0.0312,0.8426,2.7110,-1.6697,0.7636,-0.8883,-0.2067
98080365,0.0070,0.0122,-0.0715,0.0137,0.1807,0.0120,0.0305,-0.0495,-0.0599,0.0153,-0.0798,-0.0567,0.8426,2.7110,-2.0087,0.7669,-0.8774,-0.2236
98085365,0.0066,0.0122,-0.0580,-0.0321,0.1929,0.0129,0.0223,-0.0426,-0.0602,0.0147,-0.0680,-0.1069,0.8426,2.7626,-2.2509,0.7720,-0.8601,-0.2374
98090365,0.0064,0.0119,-0.0473,-0.0819,0.1676,0.0144,0.0129,-0.0337,-0.0605,0.0139,-0.0537,-0.1613,0.7891,3.0724,-2.2509,0.7743,-0.8418,-0.2509
98095365,0.0062,0.0114,-0.0330,-0.1283,0.1358,0.0169,0.0032,-0.0253,-0.0607,0.0129,-0.0357,-0.2077,0.5752,3.0724,-2.2509,0.7742,-0.8233,-0.2599
98100365,0.0060,0.0107,-0.0241,-0.1631,0.1495,0.0174,-0.0400,-0.0179,-0.0608,0.0117,-0.0296,-0.2446,0.4682,2.8785,-2.5819,0.7742,-0.8151,-0.2816
98105365,0.0059,0.0100,-0.0174,-0.1866,0.1691,0.0176,-0.0114,-0.0127,-0.0610,0.0104,-0.0278,-0.2565,0.3612,2.1028,-2.5819,0.7746,-0.8157,-0.2919
98110365,0.0058,0.0091,-0.0131,-0.2049,0.1398,0.0183,-0.0168,-0.0069,-0.0611,0.0091,-0.0259,-0.2690,0.3077,1.7150,-2.5819,0.7748,-0.8158,-0.3074
98115365,0.0058,0.0081,-0.0122,-0.2129,0.0439,0.0195,-0.0196,-0.0016,-0.0612,0.0077,-0.0270,-0.2704,0.2008,1.2787,-2.5819,0.7742,-0.8155,-0.3178
98120365,0.0058,0.0069,-0.0250,-0.1952,0.0271,0.0177,-0.0188,0.0001,-0.0614,0.0065,-0.0360,-0.2389,0.2008,1.0363,-1.9002,0.7750,-0.8157,-0.3175
98125365,0.0058,0.0059,-0.0354,-0.1604,0.0261,0.0158,-0.0154,-0.0014,-0.0616,0.0055,-0.0444,-0.1950,0.1473,0.7939,-1.5331,0.7749,-0.8151,-0.3171
98130365,0.0056,0.0051,-0.0586,-0.1081,0.0048,0.0112,-0.0067,-0.0046,-0.0620,0.0049,-0.0647,-0.1352,0.0938,0.6484,-1.1661,0.7743,-0.8151,-0.3178
98135365,0.0053,0.0046,-0.0748,-0.0583,-0.0053,0.0072,0.0018,-0.0087,-0.0624,0.0045,-0.0808,-0.0794,0.0938,0.4545,-0.9563,0.7748,-0.8157,-0.3178
98140365,0.0048,0.0042,-0.0874,-0.0122,0.0271,0.0030,0.0400,-0.0138,-0.0628,0.0043,-0.0898,-0.0286,0.0000,0.4060,-0.6941,0.7740,-0.8150,-0.3175
98145365,0.0043,0.0041,-0.0895,0.0165,0.0643,-0.0002,0.0154,-0.0176,-0.0633,0.0044,-0.0973,0.0123,0.0000,-0.3098,-0.5893,0.7740,-0.8277,-0.3179
98150365,0.0038,0.0041,-0.0843,0.0339,0.0698,-0.0400,0.0202,-0.0207,-0.0638,0.0046,-0.1005,0.0491,0.0000,-1.4458,-0.4320,0.7740,-0.8546,-0.3177
98155365,0.0033,0.0041,-0.0785,0.0458,0.0319,-0.0027,0.0233,-0.0219,-0.0643,0.0049,-0.0938,0.0625,0.0000,-1.4458,-0.3271,0.7740,-0.8633,-0.3172
98160365,0.0028,0.0042,-0.0699,0.0498,-0.0062,-0.0024,0.0246,-0.0220,-0.0647,0.0052,-0.0821,0.0627,0.0000,-1.1360,-0.2746,0.7740,-0.8628,-0.3179
98165365,0.0023,0.0044,-0.0635,0.0412,-0.0062,-0.0026,0.0235,-0.0207,-0.0650,0.0055,-0.0690,0.0441,0.0000,-0.4131,-0.2222,0.7740,-0.8517,-0.3178
98170365,0.0021,0.0047,-0.0562,0.0342,-0.0447,-0.0017,0.0237,-0.0204,-0.0653,0.0057,-0.0608,0.0371,0.0000,-0.3615,-0.1698,0.7740,-0.8521,-0.3178
98175365,0.0016,0.0049,-0.0596,0.0324,-0.0814,-0.0017,0.0246,-0.0198,-0.0655,0.0058,-0.0381,0.0345,-1.4398,-0.2582,-0.1173,0.7430,-0.8518,-0.3173
98180365,0.0011,0.0050,-0.0635,0.0418,-0.0856,-0.0032,0.0272,-0.0208,-0.0657,0.0060,-0.0283,0.0432,-2.2150,-0.2065,-0.1173,0.7194,-0.8517,-0.3180
98185365,0.0007,0.0053,-0.0553,0.0425,-0.0267,-0.0036,0.0269,-0.0222,-0.0657,0.0062,-0.0144,0.0357,-2.2150,0.3878,-0.0649,0.7061,-0.8407,-0.3172
98190365,0.0004,0.0056,-0.0461,0.0339,0.0515,-0.0033,0.0237,-0.0224,-0.0657,0.0063,0.0048,0.0098,-2.2150,1.5514,-0.0649,0.6972,-0.8130,-0.3176
98195365,0.0002,0.0057,-0.0327,0.0140,0.0689,-0.0022,0.0204,-0.0208,-0.0656,0.0062,0.0158,-0.0101,-2.0757,1.5514,-0.0649,0.6868,-0.8037,-0.3179
98200365,0.0000,0.0057,-0.0238,-0.0238,0.0500,-0.0015,0.0145,-0.0149,-0.0655,0.0060,0.0189,-0.0470,-1.7043,1.5514,0.0000,0.6867,-0.7975,-0.3170
98205365,0.0001,0.0056,-0.0180,-0.0455,0.0323,-0.0006,0.0105,-0.0112,-0.0655,0.0056,0.0167,-0.0686,-1.2401,1.5514,0.0000,0.6872,-0.7882,-0.3170
98210365,0.0002,0.0053,-0.0140,-0.0724,0.0448,0.0002,0.0045,-0.0065,-0.0654,0.0052,0.0167,-0.0955,-1.0080,1.5514,0.0000,0.6873,-0.7820,-0.3170
98215365,0.0001,0.0051,-0.0370,-0.0764,0.0268,-0.0047,0.0060,-0.0023,-0.0654,0.0047,-0.0112,-0.0978,-0.7758,1.4395,0.0000,0.6866,-0.7750,-0.3170
98220365,-0.0001,0.0048,-0.0397,-0.0828,-0.0352,-0.0057,0.0059,0.0011,-0.0655,0.0042,-0.0187,-0.1001,-0.6366,1.1598,0.0000,0.6866,-0.7754,-0.3170
98225365,-0.0005,0.0043,-0.0379,-0.0767,-0.0615,-0.0069,0.0066,0.0400,-0.0656,0.0037,-0.0225,-0.0898,-0.4509,0.8802,0.0000,0.6871,-0.7749,-0.3170
98230365,-0.0007,0.0037,-0.0351,-0.0736,-0.0502,-0.0075,0.0052,0.0042,-0.0658,0.0033,-0.0228,-0.0842,-0.3580,0.7124,0.0000,0.6873,-0.7751,-0.3170
98235365,-0.0009,0.0031,-0.0370,-0.0635,-0.0368,-0.0091,0.0055,0.0050,-0.0659,0.0029,-0.0277,-0.0716,-0.2652,0.5446,0.0000,0.6872,-0.7748,-0.3170
98240365,-0.0011,0.0026,-0.0437,-0.0464,-0.0343,-0.0113,0.0076,0.0050,-0.0661,0.0027,-0.0362,-0.0529,-0.2187,0.4327,0.0000,0.6872,-0.7751,-0.3170
98245365,-0.0013,0.0022,-0.0437,-0.0342,-0.0429,-0.0121,0.0090,0.0047,-0.0663,0.0025,-0.0356,-0.0349,-0.1723,0.3208,0.2758,0.6869,-0.7751,-0.3114
98250365,-0.0017,0.0020,-0.0461,-0.0183,-0.0221,-0.0133,0.0128,0.0013,-0.0664,0.0026,-0.0236,0.0090,-0.1259,0.2649,2.0963,0.6872,-0.7751,-0.2647
98255365,-0.0020,0.0017,-0.0449,-0.0095,0.0442,-0.0153,0.0131,0.0005,-0.0665,0.0026,-0.0237,0.0187,-0.0795,0.2090,2.0963,0.6874,-0.7748,-0.2563
98260365,-0.0023,0.0015,-0.0376,0.0089,0.0515,-0.0152,0.0152,-0.0020,-0.0666,0.0028,-0.0168,0.0379,-0.0795,0.1530,2.0963,0.6871,-0.7753,-0.2438
98265365,-0.0024,0.0013,-0.0391,0.0156,0.0478,-0.0160,0.0161,-0.0400,-0.0667,0.0031,-0.0188,0.0454,-0.0795,0.0971,2.0963,0.6866,-0.7756,-0.2354
98270365,-0.0027,0.0015,-0.0385,0.0171,0.0484,-0.0171,0.0173,-0.0021,-0.0668,0.0033,-0.0225,0.0419,0.0000,0.0971,1.7573,0.6874,-0.7752,-0.2302
98275365,-0.0030,0.0017,-0.0409,0.0168,0.0649,-0.0194,0.0183,-0.0013,-0.0669,0.0035,-0.0283,0.0374,0.0000,0.0412,1.4182,0.6874,-0.7757,-0.2306
98280365,-0.0034,0.0017,-0.0421,0.0150,0.0683,-0.0214,0.0188,-0.0000,-0.0671,0.0036,-0.0325,0.0305,0.0000,0.0412,1.0792,0.6874,-0.7755,-0.2299
98285365,-0.0037,0.0018,-0.0363,0.0104,0.0475,-0.0215,0.0187,0.0010,-0.0672,0.0037,-0.0284,0.0230,0.0000,0.0412,0.8855,0.6874,-0.7753,-0.2306
98290365,-0.0039,0.0019,-0.0339,-0.0070,0.0347,-0.0219,0.0164,0.0400,-0.0674,0.0037,-0.0275,0.0011,0.0000,0.0971,0.6433,0.6874,-0.7740,-0.2303
98295365,-0.0041,0.0019,-0.0379,-0.0254,0.0503,-0.0236,0.0140,0.0077,-0.0675,0.0036,-0.0323,-0.0186,0.0000,0.0971,0.5464,0.6874,-0.7734,-0.2299
98300365,-0.0043,0.0018,-0.0351,-0.0467,0.0268,-0.0236,0.0106,0.0120,-0.0677,0.0034,-0.0300,-0.0422,-0.0464,0.0971,0.4011,0.6864,-0.7730,-0.2301
98305365,-0.0045,0.0014,-0.0171,-0.0809,0.0219,-0.0213,0.0027,0.0177,-0.0677,0.0030,-0.0128,-0.0778,-0.0464,0.0971,0.3043,0.6862,-0.7724,-0.2306
98310365,-0.0047,0.0010,-0.0027,-0.0840,0.0378,-0.0196,-0.0004,0.0186,-0.0677,0.0026,0.0019,-0.0802,-0.0464,0.0971,0.3527,0.6860,-0.7719,-0.2275
98315365,-0.0048,0.0004,0.0183,-0.0837,0.0420,-0.0161,-0.0400,0.0186,-0.0676,0.0022,0.0230,-0.0799,-0.0464,0.0971,0.3527,0.6857,-0.7715,-0.2261
98320365,-0.0047,-0.0002,0.0351,-0.0764,0.0103,-0.0122,-0.0064,0.0182,-0.0674,0.0019,0.0398,-0.0725,-0.0464,0.0971,0.3527,0.6855,-0.7710,-0.2240
98325365,-0.0045,-0.0007,0.0428,-0.0693,-0.0276,-0.0098,-0.0078,0.0187,-0.0672,0.0015,0.0474,-0.0655,-0.0464,0.0971,0.3527,0.6852,-0.7706,-0.2226
98330365,-0.0043,-0.0013,0.0486,-0.0651,-0.0362,-0.0077,-0.0100,0.0191,-0.0669,0.0012,0.0532,-0.0612,-0.0464,0.0971,0.3527,0.6851,-0.7700,-0.2205
98335365,-0.0039,-0.0019,0.0528,-0.0586,-0.0322,-0.0054,-0.0115,0.0181,-0.0666,0.0010,0.0588,-0.0446,-0.0464,-0.1678,0.7708,0.6848,-0.7758,-0.2105
98340365,-0.0036,-0.0023,0.0415,-0.0483,-0.0569,-0.0052,-0.0103,0.0176,-0.0664,0.0009,0.0543,-0.0225,-0.0464,-0.1678,1.5547,0.6846,-0.7768,-0.1863
98345365,-0.0033,-0.0028,0.0223,-0.0464,-0.0899,-0.0072,-0.0099,0.0206,-0.0662,0.0008,0.0350,-0.0207,-0.0464,-0.1678,1.5547,0.6844,-0.7775,-0.1801
98350365,-0.0033,-0.0031,-0.0269,-0.0247,-0.0319,-0.0165,-0.0039,0.0217,-0.0662,0.0008,-0.0142,0.0010,-0.0464,-0.1678,1.5547,0.6841,-0.7785,-0.1708
98355365,-0.0033,-0.0033,-0.0376,-0.0140,0.0283,-0.0193,-0.0030,0.0212,-0.0664,0.0009,-0.0249,0.0117,-0.0464,-0.1678,1.5547,0.6839,-0.7791,-0.1645
98360365,-0.0036,-0.0036,-0.0504,-0.0009,0.0524,-0.0229,0.0002,0.0206,-0.0665,0.0010,-0.0320,0.0347,-0.0464,-0.1678,2.2193,0.6836,-0.7801,-0.1398
98365365,-0.0039,-0.0037,-0.0373,0.0058,0.0579,-0.0221,0.0007,0.0192,-0.0666,0.0013,-0.0222,0.0472,-0.0464,-0.5556,2.2193,0.6834,-0.7887,-0.1309
98370365,-0.0042,-0.0037,-0.0220,0.0180,0.0903,-0.0216,0.0400,0.0153,-0.0667,0.0017,-0.0169,0.0768,-0.0464,-1.7192,2.2193,0.6832,-0.8205,-0.1176
98375365,-0.0043,-0.0038,-0.0006,0.0171,0.1306,-0.0188,0.0003,0.0135,-0.0667,0.0020,0.0045,0.0758,-0.0464,-1.7192,2.2193,0.6830,-0.8274,-0.1107
98380365,-0.0044,-0.0038,0.0238,0.0119,0.1355,-0.0146,-0.0400,0.0121,-0.0666,0.0024,0.0293,0.0714,-0.0464,-1.7192,2.2681,0.6827,-0.8377,-0.0942
98385365,-0.0043,-0.0039,0.0428,0.0168,0.1172,-0.0106,-0.0038,0.0099,-0.0663,0.0028,0.0483,0.0763,-0.0464,-1.7192,2.2681,0.6825,-0.8446,-0.0852
98390365,-0.0041,-0.0040,0.0568,0.0147,0.0918,-0.0068,-0.0063,0.0095,-0.0660,0.0031,0.0637,0.0718,-0.0464,-1.5643,2.2681,0.6822,-0.8517,-0.0716
98395365,-0.0039,-0.0041,0.0632,0.0205,0.1263,-0.0051,-0.0078,0.0081,-0.0656,0.0035,0.0705,0.0691,-0.0464,-1.2544,2.0059,0.6821,-0.8511,-0.0681
98400365,-0.0035,-0.0043,0.0635,0.0235,0.1114,-0.0034,-0.0092,0.0083,-0.0653,0.0038,0.0689,0.0597,-0.0464,-0.9446,1.4815,0.6818,-0.8516,-0.0683
98405365,-0.0030,-0.0042,0.0562,0.0208,0.0790,-0.0024,-0.0095,0.0089,-0.0650,0.0040,0.0602,0.0500,-0.0464,-0.7897,1.1669,0.6816,-0.8519,-0.0681
98410365,-0.0025,-0.0041,0.0443,0.0168,0.0515,-0.0024,-0.0099,0.0103,-0.0648,0.0042,0.0483,0.0398,-0.0464,-0.5832,0.9572,0.6813,-0.8518,-0.0681
98415365,-0.0021,-0.0041,0.0336,0.0070,0.0524,-0.0029,-0.0115,0.0124,-0.0646,0.0044,0.0362,0.0245,-0.0464,-0.4799,0.6950,0.6811,-0.8519,-0.0685
98420365,-0.0018,-0.0042,0.0144,-0.0006,0.0634,-0.0053,-0.0123,0.0151,-0.0645,0.0044,0.0174,0.0130,-0.0464,-0.3250,0.5901,0.6808,-0.8512,-0.0681
98425365,-0.0016,-0.0043,0.0046,-0.0095,0.0472,-0.0059,-0.0136,0.0177,-0.0645,0.0044,0.0068,0.0011,-0.0464,-0.2733,0.4328,0.6807,-0.8514,-0.0683
98430365,-0.0015,-0.0042,-0.0076,-0.0144,0.0274,-0.0075,-0.0132,0.0196,-0.0645,0.0044,-0.0059,-0.0062,-0.0464,-0.2217,0.3279,0.6804,-0.8519,-0.0689
98435365,-0.0013,-0.0043,-0.0168,-0.0202,0.0261,-0.0086,-0.0138,0.0215,-0.0646,0.0043,-0.0151,-0.0135,-0.0464,-0.1701,0.2755,0.6802,-0.8516,-0.0681
98440365,-0.0016,-0.0046,-0.0192,-0.0290,0.0390,-0.0102,-0.0159,0.0246,-0.0646,0.0042,-0.0175,-0.0239,-0.0464,-0.1184,0.2230,0.6799,-0.8515,-0.0683
98445365,-0.0017,-0.0050,-0.0199,-0.0290,0.0237,-0.0108,-0.0166,0.0265,-0.0647,0.0041,-0.0186,-0.0247,-0.0464,-0.1184,0.1706,0.6797,-0.8519,-0.0682
98450365,-0.0019,-0.0053,-0.0168,-0.0250,0.0112,-0.0107,-0.0172,0.0275,-0.0648,0.0040,-0.0156,-0.0223,-0.0464,-0.0668,0.1182,0.6795,-0.8514,-0.0688
98455365,-0.0020,-0.0057,-0.0089,-0.0217,0.0155,-0.0097,-0.0186,0.0276,-0.0649,0.0039,-0.0081,-0.0197,-0.0464,-0.0668,0.0657,0.6793,-0.8517,-0.0691
98460365,-0.0020,-0.0060,-0.0046,-0.0156,0.0228,-0.0092,-0.0191,0.0274,-0.0649,0.0038,-0.0038,-0.0136,-0.0464,-0.0668,0.0657,0.6790,-0.8521,-0.0688
98465365,-0.0021,-0.0063,-0.0018,-0.0089,0.0213,-0.0089,-0.0193,0.0273,-0.0649,0.0038,-0.0005,-0.0079,-0.0464,0.0000,0.0657,0.6788,-0.8511,-0.0684
98470365,-0.0021,-0.0066,0.0034,-0.0046,0.0127,-0.0080,-0.0197,0.0272,-0.0649,0.0038,0.0052,-0.0028,-0.0464,0.0000,0.1182,0.6785,-0.8511,-0.0671
98475365,-0.0022,-0.0068,0.0076,0.0037,0.0118,-0.0073,-0.0195,0.0263,-0.0648,0.0038,0.0094,0.0054,-0.0464,0.0000,0.1182,0.6784,-0.8511,-0.0664
98480365,-0.0021,-0.0070,0.0140,0.0073,0.0222,-0.0061,-0.0205,0.0257,-0.0647,0.0038,0.0159,0.0091,-0.0464,0.0000,0.1182,0.6781,-0.8511,-0.0659
98485365,-0.0021,-0.0072,0.0156,0.0110,0.0255,-0.0058,-0.0207,0.0256,-0.0646,0.0039,0.0174,0.0128,-0.0464,0.0000,0.1182,0.6779,-0.8511,-0.0652
98490365,-0.0020,-0.0073,0.0238,0.0211,0.0173,-0.0040,-0.0204,0.0237,-0.0645,0.0040,0.0256,0.0228,-0.0464,0.0000,0.1182,0.6776,-0.8511,-0.0647
98495365,-0.0020,-0.0074,0.0235,0.0275,0.0243,-0.0039,-0.0199,0.0229,-0.0644,0.0041,0.0253,0.0293,-0.0464,0.0000,0.1182,0.6774,-0.8511,-0.0640
98500365,-0.0019,-0.0075,0.0272,0.0336,0.0335,-0.0030,-0.0198,0.0215,-0.0642,0.0043,0.0290,0.0354,-0.0464,0.0000,0.1182,0.6771,-0.8511,-0.0635
98505365,-0.0018,-0.0076,0.0287,0.0376,0.0307,-0.0023,-0.0197,0.0208,-0.0641,0.0045,0.0305,0.0393,-0.0464,0.0000,0.1182,0.6770,-0.8511,-0.0628
98510365,-0.0017,-0.0076,0.0272,0.0440,0.0255,-0.0021,-0.0188,0.0199,-0.0639,0.0047,0.0290,0.0457,-0.0464,0.0000,0.1182,0.6767,-0.8511,-0.0623
98515365,-0.0016,-0.0076,0.0290,0.0452,0.0231,-0.0012,-0.0191,0.0194,-0.0638,0.0050,0.0308,0.0470,-0.0464,0.0000,0.1182,0.6765,-0.8511,-0.0616
98520365,-0.0013,-0.0076,0.0290,0.0449,0.0280,-0.0001,-0.0198,0.0189,-0.0636,0.0052,0.0308,0.0467,-0.0464,0.0000,0.1182,0.6762,-0.8511,-0.0612
98525365,-0.0010,-0.0076,0.0281,0.0455,0.0313,0.0010,-0.0202,0.0180,-0.0635,0.0055,0.0299,0.0473,-0.0464,0.0000,0.1182,0.6760,-0.8511,-0.0604
98530365,-0.0006,-0.0074,0.0250,0.0403,0.0268,0.0019,-0.0207,0.0177,-0.0634,0.0057,0.0269,0.0421,-0.0464,0.0000,0.1182,0.6758,-0.8511,-0.0600
98535365,-0.0003,-0.0072,0.0217,0.0278,0.0210,0.0400,-0.0221,0.0188,-0.0632,0.0058,0.0235,0.0296,-0.0464,0.0000,0.1182,0.6756,-0.8511,-0.0593
98540365,-0.0001,-0.0070,0.0131,0.0217,0.0246,0.0019,-0.0221,0.0193,-0.0632,0.0059,0.0149,0.0234,-0.0464,0.0000,0.1182,0.6753,-0.8511,-0.0588
98545365,0.0002,-0.0069,0.0095,0.0137,0.0246,0.0022,-0.0232,0.0200,-0.0631,0.0060,0.0113,0.0155,-0.0464,0.0000,0.1182,0.6751,-0.8511,-0.0581
98550365,0.0002,-0.0067,0.0104,0.0110,0.0234,0.0027,-0.0232,0.0196,-0.0630,0.0061,0.0122,0.0128,-0.0464,0.0000,0.1182,0.6748,-0.8511,-0.0576
98555365,0.0005,-0.0066,0.0031,0.0070,0.0292,0.0021,-0.0234,0.0201,-0.0630,0.0061,0.0049,0.0088,-0.0464,0.0000,0.1182,0.6747,-0.8511,-0.0569
98560365,0.0007,-0.0067,-0.0009,0.0064,0.0304,0.0023,-0.0238,0.0204,-0.0630,0.0062,0.0009,0.0082,-0.0464,0.0000,0.1182,0.6744,-0.8511,-0.0564
98565365,0.0008,-0.0069,-0.0052,0.0079,0.0286,0.0021,-0.0241,0.0209,-0.0630,0.0062,-0.0034,0.0097,-0.0464,0.0000,0.1182,0.6742,-0.8511,-0.0557
98570365,0.0008,-0.0071,-0.0082,0.0089,0.0332,0.0015,-0.0245,0.0217,-0.0631,0.0063,-0.0064,0.0106,-0.0464,0.0000,0.1182,0.6739,-0.8511,-0.0552
98575365,0.0007,-0.0073,-0.0086,0.0098,0.0225,0.0012,-0.0247,0.0226,-0.0631,0.0063,-0.0067,0.0115,-0.0464,0.0000,0.1182,0.6737,-0.8511,-0.0545
98580365,0.0006,-0.0074,-0.0067,0.0131,0.0280,0.0010,-0.0247,0.0226,-0.0631,0.0064,-0.0049,0.0149,-0.0464,0.0000,0.1182,0.6734,-0.8511,-0.0541
98585365,0.0006,-0.0076,-0.0018,0.0214,0.0316,0.0016,-0.0242,0.0214,-0.0631,0.0065,-0.0000,0.0231,-0.0464,0.0000,0.1182,0.6733,-0.8511,-0.0534
98590365,0.0005,-0.0077,-0.0012,0.0235,0.0310,0.0016,-0.0243,0.0215,-0.0631,0.0066,0.0001,0.0261,-0.0464,-0.0516,0.1182,0.6730,-0.8524,-0.0529
98595365,0.0005,-0.0078,0.0009,0.0290,0.0292,0.0020,-0.0240,0.0209,-0.0631,0.0068,0.0023,0.0315,-0.0464,-0.0516,0.1182,0.6728,-0.8526,-0.0522
98600365,0.0004,-0.0079,0.0043,0.0312,0.0286,0.0022,-0.0239,0.0206,-0.0631,0.0070,0.0056,0.0337,-0.0464,-0.0516,0.1182,0.6725,-0.8529,-0.0517
98605365,0.0005,-0.0080,0.0046,0.0302,0.0292,0.0025,-0.0246,0.0210,-0.0630,0.0071,0.0060,0.0328,-0.0464,-0.0516,0.1182,0.6723,-0.8531,-0.0510
98610365,0.0006,-0.0081,0.0067,0.0296,0.0258,0.0033,-0.0254,0.0211,-0.0630,0.0073,0.0081,0.0322,-0.0464,-0.0516,0.1182,0.6721,-0.8534,-0.0505
98615365,0.0007,-0.0082,0.0070,0.0327,0.0185,0.0038,-0.0254,0.0209,-0.0630,0.0075,0.0084,0.0352,-0.0464,-0.0516,0.1182,0.6719,-0.8536,-0.0498
98620365,0.0008,-0.0083,0.0082,0.0339,0.0139,0.0045,-0.0257,0.0207,-0.0629,0.0076,0.0096,0.0364,-0.0464,-0.0516,0.1182,0.6716,-0.8539,-0.0493
98625365,0.0009,-0.0083,0.0079,0.0363,0.0026,0.0051,-0.0257,0.0205,-0.0629,0.0078,0.0093,0.0389,-0.0464,-0.0516,0.1182,0.6714,-0.8541,-0.0486
98630365,0.0010,-0.0084,0.0070,0.0412,-0.0029,0.0054,-0.0252,0.0198,-0.0628,0.0081,0.0084,0.0438,-0.0464,-0.0516,0.1182,0.6711,-0.8545,-0.0482
98635365,0.0010,-0.0084,0.0055,0.0434,-0.0075,0.0054,-0.0248,0.0198,-0.0628,0.0083,0.0069,0.0459,-0.0464,-0.0516,0.1182,0.6710,-0.8547,-0.0474
98640365,0.0010,-0.0085,0.0079,0.0431,-0.0108,0.0059,-0.0252,0.0197,-0.0627,0.0085,0.0093,0.0456,-0.0464,-0.0516,0.1182,0.6707,-0.8550,-0.0470
98645365,0.0011,-0.0085,0.0082,0.0452,-0.0105,0.0063,-0.0252,0.0193,-0.0627,0.0088,0.0096,0.0477,-0.0464,-0.0516,0.1182,0.6705,-0.8552,-0.0463
98650365,0.0012,-0.0085,0.0092,0.0458,-0.0108,0.0068,-0.0255,0.0190,-0.0626,0.0090,0.0105,0.0483,-0.0464,-0.0516,0.1182,0.6702,-0.8555,-0.0458
98655365,0.0014,-0.0085,0.0119,0.0486,-0.0145,0.0082,-0.0256,0.0179,-0.0626,0.0093,0.0133,0.0511,-0.0464,-0.0516,0.1182,0.6700,-0.8557,-0.0451
98660365,0.0017,-0.0083,0.0116,0.0470,-0.0148,0.0093,-0.0257,0.0169,-0.0625,0.0095,0.0130,0.0496,-0.0464,-0.0516,0.1182,0.6697,-0.8560,-0.0446
98665365,0.0020,-0.0081,0.0119,0.0464,-0.0157,0.0105,-0.0255,0.0156,-0.0625,0.0097,0.0133,0.0490,-0.0464,-0.0516,0.1182,0.6696,-0.8562,-0.0439
98670365,0.0023,-0.0078,0.0116,0.0452,-0.0163,0.0115,-0.0252,0.0144,-0.0624,0.0100,0.0130,0.0477,-0.0464,-0.0516,0.1182,0.6693,-0.8565,-0.0434
98675365,0.0024,-0.0075,0.0122,0.0373,-0.0191,0.0123,-0.0257,0.0142,-0.0623,0.0102,0.0136,0.0398,-0.0464,-0.0516,0.1182,0.6691,-0.8567,-0.0427
98680365,0.0026,-0.0072,0.0125,0.0363,-0.0194,0.0129,-0.0251,0.0129,-0.0622,0.0104,0.0139,0.0389,-0.0464,-0.0516,0.1182,0.6688,-0.8570,-0.0422
98685365,0.0027,-0.0069,0.0119,0.0287,-0.0203,0.0135,-0.0256,0.0129,-0.0622,0.0105,0.0133,0.0312,-0.0464,-0.0516,0.1182,0.6686,-0.8572,-0.0415
98690365,0.0029,-0.0067,0.0089,0.0299,-0.0197,0.0137,-0.0247,0.0118,-0.0621,0.0107,0.0102,0.0325,-0.0464,-0.0516,0.1182,0.6684,-0.8575,-0.0411
98695365,0.0032,-0.0065,0.0092,0.0254,-0.0227,0.0148,-0.0253,0.0114,-0.0621,0.0108,0.0105,0.0279,-0.0464,-0.0516,0.1182,0.6682,-0.8578,-0.0403
98700365,0.0034,-0.0063,0.0076,0.0214,-0.0270,0.0154,-0.0255,0.0111,-0.0620,0.0110,0.0090,0.0239,-0.0464,-0.0516,0.1182,0.6679,-0.8581,-0.0399
98705365,0.0036,-0.0062,0.0040,0.0192,-0.0276,0.0158,-0.0258,0.0110,-0.0620,0.0111,0.0053,0.0218,-0.0464,-0.0516,0.1182,0.6677,-0.8583,-0.0392
98710365,0.0039,-0.0062,0.0034,0.0183,-0.0313,0.0167,-0.0261,0.0106,-0.0620,0.0112,0.0047,0.0209,-0.0464,-0.0516,0.1182,0.6674,-0.8586,-0.0387
98715365,0.0041,-0.0061,0.0015,0.0159,-0.0356,0.0174,-0.0266,0.0106,-0.0620,0.0113,0.0029,0.0184,-0.0464,-0.0516,0.1182,0.6672,-0.8588,-0.0380
98720365,0.0043,-0.0062,0.0006,0.0186,-0.0432,0.0170,-0.0260,0.0106,-0.0620,0.0114,-0.0132,0.0211,0.8356,-0.0516,0.1182,0.6856,-0.8591,-0.0375
98725365,0.0045,-0.0062,-0.0061,0.0186,-0.0411,0.0165,-0.0258,0.0109,-0.0621,0.0115,-0.0208,0.0211,0.8821,-0.0516,0.1182,0.6901,-0.8593,-0.0368
98730365,0.0047,-0.0061,-0.0040,0.0202,-0.0374,0.0177,-0.0261,0.0099,-0.0622,0.0116,-0.0186,0.0227,0.8821,-0.0516,0.1182,0.6954,-0.8596,-0.0363
98735365,0.0049,-0.0060,-0.0089,0.0211,-0.0343,0.0173,-0.0252,0.0092,-0.0623,0.0117,-0.0235,0.0236,0.8821,-0.0516,0.1182,0.6989,-0.8598,-0.0356
98740365,0.0051,-0.0059,-0.0064,0.0214,-0.0215,0.0183,-0.0259,0.0084,-0.0625,0.0118,-0.0211,0.0239,0.8821,-0.0516,0.1182,0.7042,-0.8601,-0.0351
98745365,0.0052,-0.0059,-0.0116,0.0226,-0.0087,0.0179,-0.0257,0.0081,-0.0626,0.0119,-0.0263,0.0251,0.8821,-0.0516,0.1182,0.7077,-0.8603,-0.0344
98750365,0.0054,-0.0059,-0.0189,0.0250,0.0078,0.0159,-0.0245,0.0083,-0.0628,0.0121,-0.0470,0.0275,1.6573,-0.0516,0.1182,0.7323,-0.8606,-0.0340
98755365,0.0054,-0.0059,-0.0324,0.0281,0.0176,0.0136,-0.0229,0.0087,-0.0631,0.0122,-0.0604,0.0306,1.6573,-0.0516,0.1182,0.7390,-0.8608,-0.0333
98760365,0.0054,-0.0058,-0.0440,0.0327,0.0194,0.0114,-0.0211,0.0089,-0.0635,0.0124,-0.0720,0.0352,1.6573,-0.0516,0.1182,0.7489,-0.8612,-0.0328
98765365,0.0054,-0.0058,-0.0544,0.0348,0.0252,0.0093,-0.0196,0.0093,-0.0639,0.0126,-0.0824,0.0373,1.6573,-0.0516,0.1182,0.7555,-0.8614,-0.0321
98770365,0.0053,-0.0058,-0.0669,0.0373,0.0206,0.0065,-0.0177,0.0104,-0.0644,0.0128,-0.0949,0.0397,1.6573,-0.0516,0.1182,0.7655,-0.8617,-0.0316
98775365,0.0048,-0.0057,-0.0672,0.0415,0.0161,0.0045,-0.0155,0.0104,-0.0648,0.0130,-0.0952,0.0440,1.6573,-0.0516,0.1182,0.7721,-0.8619,-0.0309
98780365,0.0043,-0.0056,-0.0614,0.0431,0.0072,0.0043,-0.0147,0.0102,-0.0653,0.0132,-0.0839,0.0456,1.3364,-0.0516,0.1182,0.7749,-0.8622,-0.0304
98785365,0.0039,-0.0054,-0.0519,0.0425,-0.0020,0.0047,-0.0142,0.0096,-0.0656,0.0135,-0.0698,0.0450,1.0690,-0.0516,0.1182,0.7743,-0.8624,-0.0297
98790365,0.0035,-0.0052,-0.0370,0.0415,-0.0044,0.0065,-0.0145,0.0082,-0.0659,0.0137,-0.0502,0.0441,0.8016,-0.0516,0.1182,0.7746,-0.8627,-0.0292
98795365,0.0033,-0.0050,-0.0229,0.0357,-0.0078,0.0082,-0.0155,0.0075,-0.0660,0.0139,-0.0334,0.0383,0.6412,-0.0516,0.1182,0.7743,-0.8629,-0.0285
98800365,0.0031,-0.0047,-0.0128,0.0275,-0.0016,0.0096,-0.0167,0.0072,-0.0661,0.0140,-0.0205,0.0300,0.4807,-0.0516,0.1182,0.7745,-0.8632,-0.0280
98805365,0.0030,-0.0046,-0.0021,0.0223,0.0075,0.0109,-0.0178,0.0066,-0.0662,0.0142,-0.0080,0.0248,0.3738,-0.0516,0.1182,0.7741,-0.8634,-0.0273
98810365,0.0028,-0.0046,0.0070,0.0208,0.0127,0.0122,-0.0188,0.0061,-0.0662,0.0143,0.0030,0.0233,0.2668,-0.0516,0.1182,0.7740,-0.8637,-0.0269
98815365,0.0030,-0.0043,0.0073,0.0186,0.0258,0.0127,-0.0189,0.0052,-0.0661,0.0144,0.0042,0.0212,0.2133,-0.0516,0.1182,0.7740,-0.8639,-0.0262
98820365,0.0032,-0.0043,0.0046,0.0159,0.0249,0.0133,-0.0194,0.0051,-0.0661,0.0145,0.0024,0.0184,0.1598,-0.0516,0.1182,0.7742,-0.8642,-0.0257
98825365,0.0034,-0.0042,-0.0058,0.0144,0.0222,0.0122,-0.0189,0.0058,-0.0662,0.0146,-0.0080,0.0169,0.1598,-0.0516,0.1182,0.7748,-0.8644,-0.0250
98830365,0.0036,-0.0043,-0.0116,0.0131,0.0194,0.0120,-0.0189,0.0062,-0.0662,0.0146,-0.0129,0.0157,0.1063,-0.0516,0.1182,0.7745,-0.8648,-0.0245
98835365,0.0037,-0.0042,-0.0195,0.0134,0.0219,0.0110,-0.0182,0.0064,-0.0663,0.0147,-0.0208,0.0160,0.1063,-0.0516,0.1182,0.7749,-0.8650,-0.0238
98840365,0.0038,-0.0041,-0.0269,0.0147,0.0283,0.0100,-0.0174,0.0063,-0.0665,0.0148,-0.0272,0.0172,0.0529,-0.0516,0.1182,0.7743,-0.8653,-0.0233
98845365,0.0038,-0.0039,-0.0287,0.0180,0.0243,0.0098,-0.0161,0.0053,-0.0666,0.0149,-0.0291,0.0205,0.0529,-0.0516,0.1182,0.7745,-0.8655,-0.0226
98850365,0.0036,-0.0037,-0.0333,0.0195,0.0216,0.0082,-0.0142,0.0052,-0.0668,0.0150,-0.0336,0.0221,0.0529,-0.0516,0.1182,0.7748,-0.8658,-0.0221
98855365,0.0033,-0.0036,-0.0339,0.0168,0.0213,0.0070,-0.0134,0.0057,-0.0670,0.0151,-0.0342,0.0193,0.0529,-0.0516,0.1182,0.7750,-0.8660,-0.0214
98860365,0.0031,-0.0034,-0.0293,0.0147,0.0283,0.0068,-0.0133,0.0054,-0.0671,0.0152,-0.0288,0.0172,0.0000,-0.0516,0.1182,0.7740,-0.8663,-0.0210
98865365,0.0029,-0.0032,-0.0266,0.0137,0.0255,0.0066,-0.0126,0.0050,-0.0672,0.0153,-0.0260,0.0163,0.0000,-0.0516,0.1182,0.7740,-0.8665,-0.0202
98870365,0.0028,-0.0030,-0.0266,0.0116,0.0246,0.0062,-0.0121,0.0050,-0.0674,0.0153,-0.0265,0.0133,0.0000,-0.0516,0.0630,0.7740,-0.8668,-0.0211
98875365,0.0027,-0.0028,-0.0229,0.0079,0.0243,0.0062,-0.0121,0.0049,-0.0675,0.0154,-0.0228,0.0097,0.0000,-0.0516,0.0630,0.7740,-0.8670,-0.0207
98880365,0.0025,-0.0027,-0.0247,0.0049,0.0274,0.0053,-0.0116,0.0052,-0.0676,0.0154,-0.0246,0.0066,0.0000,-0.0516,0.0630,0.7740,-0.8673,-0.0204
98885365,0.0025,-0.0025,-0.0235,0.0058,0.0289,0.0052,-0.0109,0.0046,-0.0677,0.0155,-0.0240,0.0066,0.0000,-0.0516,0.0000,0.7740,-0.8675,-0.0213
98890365,0.0023,-0.0024,-0.0250,0.0037,0.0283,0.0043,-0.0103,0.0049,-0.0678,0.0155,-0.0255,0.0044,0.0000,-0.0516,0.0000,0.7740,-0.8678,-0.0213
98895365,0.0021,-0.0022,-0.0226,0.0031,0.0271,0.0040,-0.0098,0.0047,-0.0680,0.0155,-0.0230,0.0038,0.0000,-0.0516,0.0000,0.7740,-0.8681,-0.0213
98900365,0.0019,-0.0021,-0.0223,-0.0003,0.0283,0.0032,-0.0096,0.0053,-0.0681,0.0155,-0.0227,0.0005,0.0000,-0.0516,0.0000,0.7740,-0.8684,-0.0213
98905365,0.0017,-0.0021,-0.0226,-0.0018,0.0298,0.0022,-0.0092,0.0058,-0.0682,0.0155,-0.0230,-0.0011,0.0000,-0.0516,0.0000,0.7740,-0.8686,-0.0213
98910365,0.0014,-0.0021,-0.0205,-0.0027,0.0274,0.0017,-0.0089,0.0062,-0.0683,0.0155,-0.0209,-0.0020,0.0000,-0.0516,0.0000,0.7740,-0.8689,-0.0213
98915365,0.0013,-0.0019,-0.0208,-0.0006,0.0271,0.0010,-0.0078,0.0058,-0.0684,0.0155,-0.0212,0.0002,0.0000,-0.0516,0.0000,0.7740,-0.8691,-0.0213
98920365,0.0010,-0.0019,-0.0211,-0.0009,0.0277,-0.0001,-0.0072,0.0062,-0.0685,0.0155,-0.0215,-0.0001,0.0000,-0.0516,0.0000,0.7740,-0.8694,-0.0213
98925365,0.0009,-0.0022,-0.0211,0.0006,0.0286,-0.0006,-0.0076,0.0071,-0.0686,0.0155,-0.0215,0.0014,0.0000,-0.0516,0.0000,0.7740,-0.8696,-0.0213
98930365,0.0009,-0.0024,-0.0217,0.0006,0.0271,-0.0005,-0.0084,0.0079,-0.0687,0.0155,-0.0221,0.0014,0.0000,-0.0516,0.0000,0.7740,-0.8699,-0.0213
98935365,0.0007,-0.0024,-0.0235,0.0006,0.0252,-0.0020,-0.0078,0.0088,-0.0688,0.0155,-0.0240,0.0014,0.0000,-0.0516,0.0000,0.7740,-0.8701,-0.0213
98940365,0.0005,-0.0023,-0.0254,0.0003,0.0228,-0.0400,-0.0069,0.0090,-0.0690,0.0155,-0.0258,0.0011,0.0000,-0.0516,0.0000,0.7740,-0.8704,-0.0213
98945365,0.0002,-0.0024,-0.0266,-0.0015,0.0213,-0.0044,-0.0068,0.0104,-0.0691,0.0155,-0.0270,-0.0008,0.0000,-0.0516,0.0000,0.7740,-0.8706,-0.0213
98950365,-0.0001,-0.0023,-0.0266,0.0009,0.0213,-0.0054,-0.0056,0.0102,-0.0692,0.0155,-0.0270,0.0017,0.0000,-0.0516,0.0000,0.7740,-0.8709,-0.0213
98955365,-0.0004,-0.0024,-0.0302,-0.0034,0.0133,-0.0072,-0.0053,0.0121,-0.0694,0.0155,-0.0307,-0.0026,0.0000,-0.0516,0.0000,0.7740,-0.8711,-0.0213
98960365,-0.0003,-0.0024,-0.0211,-0.0009,0.0032,-0.0050,-0.0062,0.0110,-0.0695,0.0155,-0.0215,-0.0001,0.0000,-0.0516,0.0000,0.7740,-0.8715,-0.0213
98965365,-0.0005,-0.0025,-0.0214,-0.0037,0.0081,-0.0062,-0.0063,0.0122,-0.0696,0.0155,-0.0218,-0.0029,0.0000,-0.0516,0.0000,0.7740,-0.8717,-0.0213
98970365,-0.0008,-0.0026,-0.0134,-0.0067,0.0078,-0.0056,-0.0072,0.0126,-0.0697,0.0155,-0.0139,-0.0059,0.0000,-0.0516,0.0000,0.7740,-0.8720,-0.0213
98975365,-0.0008,-0.0025,-0.0122,-0.0061,0.0063,-0.0054,-0.0068,0.0120,-0.0697,0.0154,-0.0127,-0.0053,0.0000,-0.0516,0.0000,0.7740,-0.8722,-0.0213
98980365,-0.0006,-0.0024,-0.0119,-0.0043,0.0176,-0.0037,-0.0075,0.0105,-0.0697,0.0154,0.0039,-0.0035,-0.9414,-0.0516,0.0000,0.7543,-0.8725,-0.0213
98985365,-0.0005,-0.0026,-0.0153,-0.0046,0.0210,-0.0021,-0.0090,0.0103,-0.0696,0.0154,0.0225,-0.0038,-2.2150,-0.0516,0.0000,0.7218,-0.8727,-0.0213
98990365,-0.0007,-0.0025,-0.0205,-0.0067,0.0158,-0.0038,-0.0082,0.0114,-0.0695,0.0154,0.0173,-0.0060,-2.2150,-0.0516,0.0000,0.7086,-0.8730,-0.0213
98995365,-0.0009,-0.0025,-0.0244,-0.0070,0.0127,-0.0055,-0.0073,0.0122,-0.0695,0.0153,0.0133,-0.0063,-2.2150,-0.0516,0.0000,0.6997,-0.8732,-0.0213
99000365,-0.0012,-0.0028,-0.0220,-0.0131,0.0069,-0.0059,-0.0089,0.0145,-0.0694,0.0153,0.0149,-0.0124,-2.1686,-0.0516,0.0000,0.6873,-0.8735,-0.0213
99005365,-0.0014,-0.0028,-0.0275,-0.0150,0.0087,-0.0084,-0.0079,0.0161,-0.0694,0.0152,0.0030,-0.0142,-1.7972,-0.0516,0.0000,0.6868,-0.8737,-0.0213
99010365,-0.0017,-0.0030,-0.0254,-0.0156,0.0017,-0.0098,-0.0079,0.0175,-0.0694,0.0151,-0.0028,-0.0148,-1.3329,-0.0516,0.0000,0.6868,-0.8740,-0.0213
99015365,-0.0020,-0.0031,-0.0254,-0.0162,0.0011,-0.0112,-0.0077,0.0189,-0.0694,0.0150,-0.0068,-0.0154,-1.1008,-0.0516,0.0000,0.6866,-0.8742,-0.0213
99020365,-0.0023,-0.0033,-0.0247,-0.0165,0.0032,-0.0127,-0.0077,0.0203,-0.0695,0.0150,-0.0110,-0.0157,-0.8223,-0.0516,0.0000,0.6866,-0.8745,-0.0213
99025365,-0.0025,-0.0035,-0.0205,-0.0156,0.0026,-0.0132,-0.0081,0.0212,-0.0695,0.0149,-0.0099,-0.0148,-0.6366,-0.0516,0.0000,0.6874,-0.8747,-0.0213
99030365,-0.0028,-0.0038,-0.0174,-0.0140,0.0072,-0.0137,-0.0085,0.0220,-0.0696,0.0148,-0.0093,-0.0133,-0.4973,-0.0516,0.0000,0.6867,-0.8751,-0.0213
99035365,-0.0029,-0.0041,-0.0177,-0.0137,0.0093,-0.0146,-0.0091,0.0233,-0.0696,0.0148,-0.0112,-0.0130,-0.4044,-0.0516,0.0000,0.6868,-0.8753,-0.0213
99040365,-0.0031,-0.0044,-0.0159,-0.0119,0.0109,-0.0150,-0.0096,0.0242,-0.0697,0.0147,-0.0105,-0.0103,-0.3116,-0.0516,0.0552,0.6866,-0.8756,-0.0202
99045365,-0.0032,-0.0046,-0.0162,-0.0046,0.0206,-0.0157,-0.0092,0.0242,-0.0697,0.0147,-0.0124,-0.0030,-0.2187,-0.0516,0.0552,0.6874,-0.8758,-0.0199
99050365,-0.0033,-0.0049,-0.0159,-0.0009,0.0234,-0.0162,-0.0094,0.0247,-0.0698,0.0147,-0.0129,0.0007,-0.1723,-0.0516,0.0552,0.6871,-0.8761,-0.0196
99055365,-0.0034,-0.0051,-0.0147,0.0061,0.0319,-0.0166,-0.0089,0.0244,-0.0699,0.0147,-0.0125,0.0077,-0.1259,-0.0516,0.0552,0.6874,-0.8763,-0.0193
99060365,-0.0035,-0.0053,-0.0134,0.0116,0.0396,-0.0169,-0.0088,0.0242,-0.0699,0.0148,-0.0112,0.0132,-0.1259,-0.0516,0.0552,0.6866,-0.8766,-0.0191
99065365,-0.0036,-0.0054,-0.0122,0.0186,0.0463,-0.0173,-0.0082,0.0236,-0.0700,0.0149,-0.0108,0.0202,-0.0795,-0.0516,0.0552,0.6872,-0.8768,-0.0188
99070365,-0.0037,-0.0056,-0.0140,0.0287,0.0518,-0.0180,-0.0067,0.0227,-0.0700,0.0151,-0.0126,0.0303,-0.0795,-0.0516,0.0552,0.6867,-0.8771,-0.0185
99075365,-0.0038,-0.0056,-0.0144,0.0354,0.0506,-0.0184,-0.0057,0.0222,-0.0701,0.0152,-0.0143,0.0370,0.0000,-0.0516,0.0552,0.6874,-0.8773,-0.0182
99080365,-0.0039,-0.0057,-0.0134,0.0421,0.0469,-0.0186,-0.0046,0.0214,-0.0702,0.0155,-0.0134,0.0437,0.0000,-0.0516,0.0552,0.6874,-0.8776,-0.0180
99085365,-0.0041,-0.0057,-0.0147,0.0443,0.0426,-0.0195,-0.0037,0.0215,-0.0703,0.0157,-0.0146,0.0459,0.0000,-0.0516,0.0552,0.6874,-0.8778,-0.0176
99090365,-0.0043,-0.0054,-0.0153,0.0437,0.0237,-0.0203,-0.0023,0.0216,-0.0703,0.0159,-0.0152,0.0453,0.0000,-0.0516,0.0552,0.6874,-0.8781,-0.0174
99095365,-0.0045,-0.0052,-0.0128,0.0348,0.0130,-0.0205,-0.0026,0.0226,-0.0704,0.0161,-0.0120,0.0364,-0.0464,-0.0516,0.0552,0.6864,-0.8784,-0.0171
99100365,-0.0047,-0.0051,-0.0052,0.0257,-0.0053,-0.0196,-0.0038,0.0236,-0.0704,0.0162,-0.0044,0.0272,-0.0464,-0.0516,0.0552,0.6861,-0.8787,-0.0169
99105365,-0.0048,-0.0050,0.0018,0.0156,-0.0172,-0.0188,-0.0052,0.0247,-0.0704,0.0163,0.0027,0.0172,-0.0464,-0.0516,0.0552,0.6859,-0.8789,-0.0165
99110365,-0.0049,-0.0050,0.0174,0.0079,-0.0224,-0.0162,-0.0075,0.0245,-0.0703,0.0164,0.0182,0.0095,-0.0464,-0.0516,0.0552,0.6857,-0.8792,-0.0163
99115365,-0.0049,-0.0050,0.0278,-0.0003,-0.0328,-0.0143,-0.0096,0.0251,-0.0702,0.0164,0.0286,0.0013,-0.0464,-0.0516,0.0552,0.6855,-0.8794,-0.0160
99120365,-0.0049,-0.0051,0.0403,-0.0058,-0.0368,-0.0118,-0.0118,0.0250,-0.0700,0.0164,0.0411,-0.0042,-0.0464,-0.0516,0.0552,0.6852,-0.8797,-0.0158
99125365,-0.0048,-0.0052,0.0492,-0.0073,-0.0365,-0.0099,-0.0134,0.0247,-0.0697,0.0163,0.0500,-0.0057,-0.0464,-0.0516,0.0552,0.6850,-0.8799,-0.0154
99130365,-0.0047,-0.0053,0.0571,-0.0079,-0.0359,-0.0059,-0.0160,0.0233,-0.0693,0.0163,0.0849,-0.0064,-1.6082,-0.0516,0.0552,0.6496,-0.8802,-0.0152
99135365,-0.0045,-0.0056,0.0580,-0.0110,-0.0343,-0.0050,-0.0179,0.0242,-0.0689,0.0162,0.0858,-0.0094,-1.6082,-0.0516,0.0552,0.6432,-0.8804,-0.0149
99140365,-0.0041,-0.0058,0.0443,-0.0095,-0.0325,-0.0058,-0.0180,0.0250,-0.0685,0.0162,0.0721,-0.0079,-1.6082,-0.0516,0.0552,0.6335,-0.8807,-0.0147
99145365,-0.0037,-0.0060,0.0305,-0.0082,-0.0288,-0.0069,-0.0180,0.0259,-0.0682,0.0162,0.0583,-0.0067,-1.6082,-0.0516,0.0552,0.6271,-0.8809,-0.0143
99150365,-0.0034,-0.0062,0.0156,-0.0110,-0.0294,-0.0084,-0.0183,0.0279,-0.0680,0.0161,0.0434,-0.0094,-1.6082,-0.0516,0.0552,0.6174,-0.8812,-0.0141
99155365,-0.0033,-0.0064,0.0006,-0.0067,-0.0365,-0.0103,-0.0174,0.0291,-0.0678,0.0161,0.0284,-0.0052,-1.6082,-0.0516,0.0552,0.6110,-0.8814,-0.0138
99160365,-0.0032,-0.0067,-0.0113,-0.0037,-0.0426,-0.0126,-0.0157,0.0300,-0.0678,0.0161,0.0099,0.0094,-1.6082,-0.8218,0.0552,0.6013,-0.8999,-0.0136
99165365,-0.0033,-0.0069,-0.0177,-0.0015,-0.0472,-0.0145,-0.0153,0.0316,-0.0678,0.0162,-0.0014,0.0115,-1.3265,-0.8218,0.0552,0.6011,-0.9032,-0.0132
99170365,-0.0035,-0.0071,-0.0202,0.0003,-0.0459,-0.0162,-0.0149,0.0329,-0.0679,0.0163,-0.0097,0.0133,-0.9884,-0.8218,0.0552,0.6009,-0.9081,-0.0130
99175365,-0.0037,-0.0073,-0.0171,0.0082,-0.0496,-0.0167,-0.0138,0.0324,-0.0679,0.0164,-0.0095,0.0213,-0.8194,-0.8218,0.0552,0.6012,-0.9114,-0.0127
99180365,-0.0039,-0.0074,-0.0110,0.0131,-0.0493,-0.0166,-0.0135,0.0320,-0.0679,0.0165,-0.0073,0.0262,-0.5940,-0.8218,0.0552,0.6010,-0.9163,-0.0124
99185365,-0.0040,-0.0074,-0.0027,0.0189,-0.0420,-0.0161,-0.0132,0.0309,-0.0679,0.0167,-0.0010,0.0320,-0.4813,-0.8218,0.0552,0.6011,-0.9196,-0.0121
99190365,-0.0041,-0.0075,0.0134,0.0199,-0.0346,-0.0137,-0.0144,0.0295,-0.0679,0.0168,0.0132,0.0329,-0.3686,-0.8218,0.0552,0.6008,-0.9245,-0.0119
99195365,-0.0042,-0.0075,0.0205,0.0186,-0.0322,-0.0119,-0.0142,0.0273,-0.0677,0.0171,0.0317,0.0534,-0.3123,-0.8218,1.5081,0.6006,-0.9278,0.0219
99200365,-0.0042,-0.0075,0.0247,0.0137,-0.0276,-0.0115,-0.0152,0.0277,-0.0675,0.0173,0.0341,0.0485,-0.1996,-0.8218,1.5081,0.6013,-0.9328,0.0280
99205365,-0.0043,-0.0075,0.0278,0.0116,-0.0178,-0.0112,-0.0159,0.0278,-0.0674,0.0176,0.0371,0.0464,-0.1996,-0.8218,1.5081,0.6005,-0.9360,0.0370
99210365,-0.0042,-0.0076,0.0336,0.0089,-0.0087,-0.0100,-0.0177,0.0281,-0.0671,0.0178,0.0424,0.0429,-0.1433,-0.7731,1.5081,0.6007,-0.9400,0.0431
99215365,-0.0041,-0.0078,0.0357,0.0092,-0.0084,-0.0092,-0.0189,0.0284,-0.0669,0.0180,0.0448,0.0410,-0.0869,-0.6271,1.5081,0.6013,-0.9398,0.0521
99220365,-0.0040,-0.0080,0.0357,0.0134,-0.0053,-0.0087,-0.0193,0.0282,-0.0667,0.0182,0.0456,0.0423,-0.0869,-0.4811,1.4559,0.6008,-0.9401,0.0571
99225365,-0.0039,-0.0081,0.0354,0.0177,-0.0004,-0.0086,-0.0197,0.0283,-0.0665,0.0184,0.0430,0.0397,-0.0869,-0.3837,1.0900,0.6005,-0.9398,0.0572
99230365,-0.0038,-0.0083,0.0370,0.0208,-0.0016,-0.0080,-0.0203,0.0283,-0.0663,0.0186,0.0420,0.0382,0.0000,-0.2863,0.8810,0.6015,-0.9399,0.0569
99235365,-0.0037,-0.0084,0.0339,0.0296,-0.0062,-0.0082,-0.0193,0.0277,-0.0661,0.0188,0.0372,0.0424,0.0000,-0.2377,0.6197,0.6015,-0.9399,0.0563
99240365,-0.0036,-0.0084,0.0360,0.0302,-0.0059,-0.0075,-0.0199,0.0277,-0.0659,0.0190,0.0388,0.0407,0.0000,-0.1890,0.5152,0.6015,-0.9401,0.0565
99245365,-0.0035,-0.0085,0.0351,0.0305,-0.0004,-0.0074,-0.0204,0.0279,-0.0657,0.0192,0.0374,0.0388,0.0000,-0.1403,0.4106,0.6015,-0.9397,0.0572
99250365,-0.0034,-0.0086,0.0333,0.0308,0.0017,-0.0075,-0.0208,0.0282,-0.0655,0.0194,0.0351,0.0368,0.0000,-0.0916,0.3061,0.6015,-0.9395,0.0565
99255365,-0.0034,-0.0086,0.0345,0.0281,-0.0010,-0.0071,-0.0215,0.0286,-0.0653,0.0196,0.0359,0.0333,0.0000,-0.0916,0.2539,0.6015,-0.9398,0.0571
99260365,-0.0034,-0.0085,0.0357,0.0257,0.0002,-0.0069,-0.0219,0.0287,-0.0652,0.0197,0.0371,0.0293,0.0000,-0.0429,0.2016,0.6015,-0.9393,0.0569
99265365,-0.0033,-0.0085,0.0363,0.0241,0.0048,-0.0067,-0.0224,0.0289,-0.0650,0.0198,0.0373,0.0270,0.0000,-0.0429,0.1493,0.6015,-0.9395,0.0569
99270365,-0.0033,-0.0086,0.0373,0.0247,0.0118,-0.0065,-0.0227,0.0288,-0.0648,0.0200,0.0377,0.0268,0.0000,-0.0429,0.0971,0.6015,-0.9397,0.0564
99275365,-0.0032,-0.0086,0.0363,0.0223,0.0142,-0.0065,-0.0234,0.0294,-0.0646,0.0201,0.0368,0.0244,0.0000,-0.0429,0.0971,0.6015,-0.9399,0.0569
99280365,-0.0032,-0.0087,0.0382,0.0211,0.0191,-0.0060,-0.0242,0.0295,-0.0644,0.0202,0.0382,0.0224,0.0000,-0.0429,0.0448,0.6015,-0.9402,0.0563
99285365,-0.0031,-0.0088,0.0418,0.0220,0.0255,-0.0051,-0.0249,0.0290,-0.0642,0.0203,0.0422,0.0227,0.0000,0.0000,0.0448,0.6015,-0.9392,0.0565
99290365,-0.0030,-0.0088,0.0452,0.0211,0.0268,-0.0041,-0.0259,0.0289,-0.0640,0.0204,0.0456,0.0217,0.0000,0.0000,0.0448,0.6015,-0.9392,0.0567
99295365,-0.0028,-0.0090,0.0458,0.0232,0.0283,-0.0034,-0.0263,0.0286,-0.0637,0.0205,0.0462,0.0239,0.0000,0.0000,0.0448,0.6015,-0.9392,0.0570
99300365,-0.0026,-0.0091,0.0483,0.0263,0.0268,-0.0021,-0.0268,0.0279,-0.0635,0.0207,0.0486,0.0269,0.0000,0.0000,0.0448,0.6015,-0.9392,0.0572
99305365,-0.0024,-0.0092,0.0513,0.0318,0.0255,-0.0006,-0.0270,0.0267,-0.0632,0.0208,0.0513,0.0318,0.0000,0.0000,0.0000,0.6015,-0.9392,0.0562
99310365,-0.0021,-0.0092,0.0531,0.0385,0.0261,0.0007,-0.0269,0.0252,-0.0630,0.0210,0.0531,0.0385,0.0000,0.0000,0.0000,0.6015,-0.9392,0.0562
99315365,-0.0018,-0.0093,0.0541,0.0446,0.0261,0.0400,-0.0267,0.0237,-0.0627,0.0213,0.0541,0.0446,0.0000,0.0000,0.0000,0.6015,-0.9392,0.0562
99320365,-0.0016,-0.0093,0.0519,0.0519,0.0249,0.0028,-0.0260,0.0222,-0.0624,0.0215,0.0519,0.0519,0.0000,0.0000,0.0000,0.6015,-0.9392,0.0562
99325365,-0.0013,-0.0092,0.0516,0.0626,0.0234,0.0040,-0.0246,0.0198,-0.0622,0.0218,0.0516,0.0626,0.0000,0.0000,0.0000,0.6015,-0.9392,0.0562
99330365,-0.0010,-0.0091,0.0525,0.0654,0.0258,0.0039,-0.0240,0.0191,-0.0620,0.0222,0.0358,0.0654,0.9694,0.0000,0.0000,0.6219,-0.9392,0.0562
99335365,-0.0005,-0.0089,0.0489,0.0651,0.0243,0.0035,-0.0230,0.0186,-0.0620,0.0225,0.0107,0.0651,2.2080,0.0000,0.0000,0.6536,-0.9392,0.0562
99340365,-0.0001,-0.0086,0.0489,0.0654,0.0206,0.0054,-0.0226,0.0164,-0.0619,0.0228,0.0107,0.0654,2.2080,0.0000,0.0000,0.6669,-0.9392,0.0562
99345365,0.0002,-0.0081,0.0470,0.0611,0.0243,0.0060,-0.0221,0.0152,-0.0619,0.0231,0.0089,0.0611,2.2080,0.0000,0.0000,0.6757,-0.9392,0.0562
99350365,0.0003,-0.0078,0.0486,0.0602,0.0289,0.0067,-0.0216,0.0138,-0.0618,0.0234,0.0128,0.0602,2.0687,0.0000,0.0000,0.6861,-0.9392,0.0562
99355365,0.0004,-0.0075,0.0498,0.0535,0.0258,0.0081,-0.0220,0.0130,-0.0617,0.0237,0.0205,0.0534,1.6973,0.0000,0.0000,0.6862,-0.9392,0.0562
99360365,0.0006,-0.0071,0.0556,0.0498,0.0268,0.0106,-0.0226,0.0110,-0.0615,0.0239,0.0343,0.0498,1.2331,0.0000,0.0000,0.6857,-0.9392,0.0562
99365365,0.0010,-0.0067,0.0599,0.0437,0.0292,0.0131,-0.0236,0.0094,-0.0613,0.0241,0.0426,0.0437,1.0010,0.0000,0.0000,0.6856,-0.9392,0.0562
99370365,0.0013,-0.0064,0.0614,0.0385,0.0265,0.0151,-0.0242,0.0081,-0.0611,0.0243,0.0481,0.0385,0.7688,0.0000,0.0000,0.6863,-0.9392,0.0562
99375365,0.0017,-0.0061,0.0599,0.0305,0.0210,0.0165,-0.0251,0.0078,-0.0608,0.0245,0.0490,0.0305,0.6296,0.0000,0.0000,0.6862,-0.9392,0.0562
99380365,0.0021,-0.0059,0.0596,0.0293,0.0145,0.0185,-0.0253,0.0062,-0.0606,0.0246,0.0519,0.0293,0.4439,0.0000,0.0000,0.6857,-0.9392,0.0562
99385365,0.0026,-0.0058,0.0611,0.0302,0.0093,0.0210,-0.0262,0.0049,-0.0603,0.0248,0.0542,0.0302,0.3974,0.0000,0.0000,0.6865,-0.9392,0.0562
99390365,0.0032,-0.0058,0.0620,0.0305,0.0029,0.0236,-0.0272,0.0035,-0.0600,0.0249,0.0575,0.0305,0.2582,0.0000,0.0000,0.6857,-0.9392,0.0562
99395365,0.0037,-0.0058,0.0605,0.0324,-0.0041,0.0255,-0.0278,0.0025,-0.0597,0.0251,0.0568,0.0324,0.2117,0.0000,0.0000,0.6857,-0.9392,0.0562
99400365,0.0041,-0.0059,0.0586,0.0351,-0.0142,0.0270,-0.0281,0.0017,-0.0594,0.0253,0.0558,0.0351,0.1653,0.0000,0.0000,0.6860,-0.9392,0.0562
99405365,0.0046,-0.0058,0.0596,0.0342,-0.0261,0.0294,-0.0291,0.0007,-0.0592,0.0255,0.0567,0.0342,0.1653,0.0000,0.0000,0.6866,-0.9392,0.0562
99410365,0.0051,-0.0057,0.0614,0.0345,-0.0337,0.0320,-0.0299,-0.0008,-0.0589,0.0256,0.0585,0.0345,0.1653,0.0000,0.0000,0.6876,-0.9392,0.0562
99415365,0.0056,-0.0054,0.0644,0.0351,-0.0417,0.0344,-0.0298,-0.0400,-0.0586,0.0258,0.0616,0.0351,0.1653,0.0000,0.0000,0.6883,-0.9392,0.0562
99420365,0.0061,-0.0053,0.0675,0.0376,-0.0352,0.0372,-0.0305,-0.0053,-0.0582,0.0260,0.0646,0.0376,0.1653,0.0000,0.0000,0.6893,-0.9392,0.0562
99425365,0.0065,-0.0050,0.0568,0.0415,-0.0163,0.0344,-0.0277,-0.0061,-0.0581,0.0262,0.0263,0.0415,1.7712,0.0000,0.0000,0.7253,-0.9392,0.0562
99430365,0.0069,-0.0049,0.0363,0.0489,-0.0145,0.0323,-0.0252,-0.0066,-0.0581,0.0264,0.0058,0.0488,1.7712,0.0000,0.0000,0.7359,-0.9392,0.0562
99435365,0.0072,-0.0047,0.0067,0.0473,-0.0123,0.0279,-0.0226,-0.0048,-0.0582,0.0267,-0.0238,0.0473,1.7712,0.0000,0.0000,0.7430,-0.9392,0.0562
99440365,0.0074,-0.0045,-0.0113,0.0608,0.0109,0.0242,-0.0184,-0.0062,-0.0585,0.0270,-0.0529,0.0607,2.4130,0.0000,0.0000,0.7669,-0.9392,0.0562
99445365,0.0074,-0.0044,-0.0330,0.0702,0.0142,0.0198,-0.0143,-0.0060,-0.0589,0.0273,-0.0801,0.0701,2.7339,0.0000,0.0000,0.7841,-0.9392,0.0562
99450365,0.0072,-0.0042,-0.0455,0.0748,0.0045,0.0170,-0.0118,-0.0054,-0.0593,0.0277,-0.0943,0.0718,2.7339,0.0000,-0.1937,0.8005,-0.9392,0.0523
99455365,0.0071,-0.0040,-0.0547,0.0892,0.0097,0.0139,-0.0087,-0.0056,-0.0599,0.0280,-0.1143,0.0646,2.6398,0.0000,-1.6467,0.8095,-0.9392,0.0150
99460365,0.0070,-0.0038,-0.0574,0.0938,0.0057,0.0135,-0.0068,-0.0069,-0.0605,0.0284,-0.1106,0.0692,2.2637,0.0000,-1.6467,0.8162,-0.9392,0.0096
99465365,0.0070,-0.0032,-0.0531,0.1066,-0.0209,0.0145,-0.0030,-0.0107,-0.0610,0.0288,-0.1063,0.0820,2.2637,0.0000,-1.6467,0.8253,-0.9392,-0.0015
99470365,0.0066,-0.0028,-0.0431,0.1115,-0.0325,0.0149,-0.0007,-0.0130,-0.0615,0.0292,-0.0962,0.0869,2.2637,0.0000,-1.6467,0.8389,-0.9392,-0.0081
99475365,0.0063,-0.0022,-0.0266,0.1170,-0.0224,0.0167,0.0013,-0.0171,-0.0619,0.0297,-0.0797,0.0924,2.2637,0.0000,-1.6467,0.8479,-0.9392,-0.0180
99480365,0.0061,-0.0017,-0.0031,0.1249,-0.0203,0.0210,0.0400,-0.0225,-0.0621,0.0302,-0.0456,0.1036,1.7566,0.0000,-1.4260,0.8500,-0.9392,-0.0198
99485365,0.0062,-0.0010,0.0055,0.1072,-0.0484,0.0239,0.0013,-0.0234,-0.0622,0.0306,-0.0279,0.0917,1.4185,0.0000,-1.0399,0.8496,-0.9392,-0.0195
99490366,0.0063,-0.0004,0.0183,0.0916,-0.0597,0.0273,-0.0004,-0.0246,-0.0623,0.0310,-0.0078,0.0786,1.0805,0.0000,-0.8744,0.8502,-0.9392,-0.0200
99495365,0.0064,0.0001,0.0293,0.0678,-0.0609,0.0302,-0.0400,-0.0241,-0.0622,0.0313,0.0070,0.0580,0.9678,0.0000,-0.6537,0.8519,-0.9392,-0.0200
99500365,0.0066,0.0004,0.0425,0.0370,-0.0545,0.0334,-0.0094,-0.0219,-0.0621,0.0314,0.0235,0.0247,0.9678,0.2751,-0.5434,0.8577,-0.9337,-0.0197
99505365,0.0068,0.0006,0.0504,0.0110,-0.0322,0.0367,-0.0164,-0.0191,-0.0619,0.0313,0.0471,-0.0235,0.9678,1.9254,-0.3779,0.8616,-0.8961,-0.0195
99510365,0.0071,0.0005,0.0559,-0.0373,-0.0136,0.0388,-0.0255,-0.0128,-0.0616,0.0310,0.0530,-0.0709,0.9678,1.9254,-0.3227,0.8674,-0.8846,-0.0198
99515365,0.0076,0.0004,0.0605,-0.0470,-0.0078,0.0413,-0.0287,-0.0123,-0.0613,0.0306,0.0586,-0.0790,0.9678,1.9254,-0.2124,0.8713,-0.8769,-0.0192
99520365,0.0080,0.0000,0.0489,-0.0486,-0.0285,0.0403,-0.0278,-0.0114,-0.0612,0.0303,0.0342,-0.0584,0.9678,0.4401,-0.2124,0.8771,-0.8978,-0.0201
99525365,0.0084,-0.0004,0.0370,-0.0394,-0.0258,0.0395,-0.0273,-0.0113,-0.0610,0.0301,0.0218,-0.0467,0.9678,0.3301,-0.1572,0.8809,-0.8985,-0.0200
99530365,0.0087,-0.0007,0.0220,-0.0168,-0.0206,0.0373,-0.0236,-0.0129,-0.0610,0.0299,-0.0006,-0.0225,1.3986,0.2751,-0.1021,0.8956,-0.8977,-0.0193
99535365,0.0089,-0.0008,0.0024,0.0082,-0.0279,0.0343,-0.0185,-0.0147,-0.0612,0.0300,-0.0243,0.0034,1.6140,0.2201,-0.1021,0.9063,-0.8979,-0.0200
99540365,0.0089,-0.0008,-0.0211,0.0370,-0.0310,0.0304,-0.0119,-0.0173,-0.0614,0.0301,-0.0479,0.0337,1.6140,0.1650,-0.0469,0.9159,-0.8979,-0.0192
99545365,0.0089,-0.0007,-0.0382,0.0611,-0.0414,0.0274,-0.0059,-0.0198,-0.0617,0.0304,-0.0654,0.0587,1.6140,0.1100,-0.0469,0.9224,-0.8984,-0.0195
99550365,0.0089,-0.0005,-0.0525,0.0751,-0.0389,0.0246,-0.0015,-0.0216,-0.0621,0.0308,-0.0798,0.0727,1.6140,0.1100,-0.0469,0.9321,-0.8978,-0.0196
99555365,0.0088,0.0000,-0.0583,0.0843,-0.0087,0.0228,0.0400,-0.0245,-0.0626,0.0312,-0.0837,0.0827,1.4747,0.0550,-0.0469,0.9357,-0.8985,-0.0199
99560365,0.0085,0.0005,-0.0489,0.0757,-0.0065,0.0238,0.0019,-0.0255,-0.0629,0.0316,-0.0678,0.0742,1.1033,0.0550,-0.0469,0.9360,-0.8982,-0.0201
99565365,0.0082,0.0010,-0.0351,0.0660,-0.0044,0.0255,0.0010,-0.0263,-0.0631,0.0319,-0.0504,0.0651,0.9176,0.0550,0.0000,0.9363,-0.8980,-0.0191
99570365,0.0080,0.0013,-0.0192,0.0541,0.0014,0.0279,-0.0009,-0.0271,-0.0633,0.0322,-0.0306,0.0532,0.6855,0.0550,0.0000,0.9364,-0.8976,-0.0191
99575365,0.0080,0.0016,-0.0021,0.0382,0.0261,0.0304,-0.0400,-0.0274,-0.0634,0.0324,-0.0131,0.0381,0.6391,0.0000,0.0000,0.9380,-0.8986,-0.0191
99580365,0.0080,0.0018,0.0165,0.0192,0.0445,0.0335,-0.0082,-0.0271,-0.0633,0.0324,0.0055,0.0192,0.6391,0.0000,0.0000,0.9418,-0.8986,-0.0191
99585365,0.0080,0.0020,0.0315,0.0003,0.0316,0.0368,-0.0121,-0.0259,-0.0632,0.0324,0.0205,0.0003,0.6391,0.0000,0.0000,0.9444,-0.8986,-0.0191
99590365,0.0083,0.0020,0.0461,-0.0208,0.0155,0.0406,-0.0169,-0.0243,-0.0631,0.0323,0.0351,-0.0208,0.6391,0.0000,0.0000,0.9482,-0.8986,-0.0191
99595365,0.0088,0.0017,0.0535,-0.0257,0.0093,0.0440,-0.0201,-0.0242,-0.0628,0.0322,0.0425,-0.0257,0.6391,0.0000,0.0000,0.9508,-0.8986,-0.0191
99600365,0.0092,0.0015,0.0501,-0.0217,0.0176,0.0450,-0.0212,-0.0246,-0.0627,0.0321,0.0391,-0.0217,0.6391,0.0000,0.0000,0.9546,-0.8986,-0.0191
99605365,0.0095,0.0013,0.0199,0.0079,0.0399,0.0405,-0.0151,-0.0269,-0.0626,0.0321,0.0089,0.0079,0.6391,0.0000,0.0000,0.9572,-0.8986,-0.0191
99610365,0.0097,0.0012,0.0073,0.0192,0.0307,0.0392,-0.0128,-0.0275,-0.0626,0.0322,-0.0037,0.0192,0.6391,0.0000,0.0000,0.9610,-0.8986,-0.0191
99615365,0.0099,0.0012,-0.0122,0.0336,0.0362,0.0357,-0.0090,-0.0281,-0.0628,0.0324,-0.0289,0.0335,0.9714,0.0000,0.0000,0.9703,-0.8986,-0.0191
99620365,0.0099,0.0013,-0.0260,0.0455,0.0445,0.0330,-0.0057,-0.0290,-0.0630,0.0326,-0.0465,0.0454,1.1929,0.0000,0.0000,0.9818,-0.8986,-0.0191
99625365,0.0100,0.0014,-0.0351,0.0583,0.0622,0.0313,-0.0027,-0.0309,-0.0633,0.0329,-0.0557,0.0583,1.1929,0.0000,0.0000,0.9866,-0.8986,-0.0191
99630365,0.0096,0.0018,-0.0421,0.0641,0.0796,0.0284,0.0007,-0.0322,-0.0636,0.0333,-0.0627,0.0641,1.1929,0.0000,0.0000,0.9938,-0.8986,-0.0191
99635365,0.0093,0.0022,-0.0421,0.0565,0.0784,0.0273,0.0014,-0.0317,-0.0639,0.0335,-0.0627,0.0564,1.1929,0.0000,0.0000,0.9985,-0.8986,-0.0191
99640365,0.0091,0.0026,-0.0376,0.0495,0.0839,0.0272,0.0016,-0.0320,-0.0642,0.0338,-0.0581,0.0494,1.1929,0.0000,0.0000,1.0045,-0.8986,-0.0191
99645365,0.0091,0.0029,-0.0330,0.0415,0.0955,0.0276,0.0011,-0.0324,-0.0645,0.0340,-0.0535,0.0415,1.1929,0.0000,0.0000,1.0116,-0.8986,-0.0191
99650365,0.0088,0.0031,-0.0299,0.0244,0.1147,0.0269,-0.0009,-0.0304,-0.0647,0.0341,-0.0504,0.0244,1.1929,0.0000,0.0000,1.0164,-0.8986,-0.0191
99655365,0.0086,0.0033,-0.0162,0.0186,0.1107,0.0286,-0.0020,-0.0308,-0.0649,0.0342,-0.0367,0.0186,1.1929,0.0000,0.0000,1.0236,-0.8986,-0.0191
99660365,0.0084,0.0034,-0.0113,0.0131,0.1034,0.0289,-0.0027,-0.0302,-0.0650,0.0343,-0.0291,0.0131,1.0324,0.0000,0.0000,1.0249,-0.8986,-0.0191
99665365,0.0084,0.0032,-0.0055,0.0110,0.1062,0.0303,-0.0045,-0.0298,-0.0651,0.0343,-0.0191,0.0101,0.7650,0.0000,-0.0552,1.0248,-0.8986,-0.0205
99670365,0.0084,0.0030,0.0015,0.0116,0.1095,0.0319,-0.0060,-0.0301,-0.0652,0.0344,-0.0093,0.0108,0.6045,0.0000,-0.0552,1.0243,-0.8986,-0.0208
99675365,0.0085,0.0028,0.0058,0.0165,0.1107,0.0332,-0.0065,-0.0309,-0.0652,0.0345,-0.0023,0.0157,0.4441,0.0000,-0.0552,1.0243,-0.8986,-0.0211
99680365,0.0086,0.0026,0.0073,0.0202,0.1022,0.0340,-0.0067,-0.0312,-0.0652,0.0345,0.0001,0.0193,0.3906,0.0000,-0.0552,1.0249,-0.8986,-0.0213
99685365,0.0088,0.0026,0.0107,0.0223,0.0943,0.0358,-0.0074,-0.0321,-0.0652,0.0347,0.0053,0.0215,0.2837,0.0000,-0.0552,1.0247,-0.8986,-0.0216
99690365,0.0091,0.0026,0.0134,0.0214,0.0927,0.0376,-0.0084,-0.0327,-0.0651,0.0348,0.0090,0.0205,0.2302,0.0000,-0.0552,1.0246,-0.8986,-0.0219
99695365,0.0094,0.0025,0.0113,0.0220,0.0845,0.0383,-0.0088,-0.0328,-0.0651,0.0349,0.0078,0.0212,0.1767,0.0000,-0.0552,1.0247,-0.8986,-0.0222
99700365,0.0095,0.0023,0.0101,0.0232,0.0781,0.0387,-0.0091,-0.0326,-0.0651,0.0350,0.0075,0.0224,0.1232,0.0000,-0.0552,1.0243,-0.8986,-0.0225
99705365,0.0097,0.0023,0.0082,0.0260,0.0732,0.0394,-0.0091,-0.0331,-0.0650,0.0351,0.0057,0.0251,0.1232,0.0000,-0.0552,1.0250,-0.8986,-0.0227
99710365,0.0100,0.0023,0.0073,0.0260,0.0726,0.0403,-0.0094,-0.0337,-0.0650,0.0352,0.0057,0.0251,0.0697,0.0000,-0.0552,1.0243,-0.8986,-0.0230
99715365,0.0102,0.0023,0.0027,0.0278,0.0683,0.0404,-0.0091,-0.0339,-0.0650,0.0354,0.0011,0.0270,0.0697,0.0000,-0.0552,1.0247,-0.8986,-0.0232
99720365,0.0104,0.0023,0.0018,0.0330,0.0628,0.0412,-0.0086,-0.0350,-0.0650,0.0355,0.0002,0.0322,0.0697,0.0000,-0.0552,1.0250,-0.8986,-0.0236
99725365,0.0106,0.0023,-0.0012,0.0373,0.0576,0.0415,-0.0080,-0.0357,-0.0650,0.0357,-0.0017,0.0364,0.0000,0.0000,-0.0552,1.0240,-0.8986,-0.0238
99730365,0.0107,0.0023,-0.0049,0.0394,0.0564,0.0414,-0.0075,-0.0361,-0.0650,0.0359,-0.0063,0.0386,0.0535,0.0000,-0.0552,1.0253,-0.8986,-0.0241
99735365,0.0109,0.0025,-0.0067,0.0446,0.0524,0.0419,-0.0065,-0.0374,-0.0651,0.0361,-0.0081,0.0438,0.0535,0.0000,-0.0552,1.0256,-0.8986,-0.0244
99740365,0.0111,0.0026,-0.0076,0.0473,0.0445,0.0426,-0.0058,-0.0384,-0.0651,0.0363,-0.0090,0.0465,0.0535,0.0000,-0.0552,1.0258,-0.8986,-0.0247
99745365,0.0113,0.0027,-0.0134,0.0495,0.0304,0.0423,-0.0047,-0.0388,-0.0652,0.0366,-0.0148,0.0487,0.0535,0.0000,-0.0552,1.0262,-0.8986,-0.0249
99750365,0.0114,0.0028,-0.0156,0.0461,0.0261,0.0426,-0.0047,-0.0389,-0.0653,0.0368,-0.0170,0.0453,0.0535,0.0000,-0.0552,1.0264,-0.8986,-0.0252
99755365,0.0115,0.0031,-0.0174,0.0464,0.0234,0.0427,-0.0036,-0.0399,-0.0654,0.0370,-0.0188,0.0456,0.0535,0.0000,-0.0552,1.0267,-0.8986,-0.0255
99760365,0.0116,0.0035,-0.0211,0.0421,0.0176,0.0422,-0.0028,-0.0400,-0.0655,0.0373,-0.0225,0.0413,0.0535,0.0000,-0.0552,1.0269,-0.8986,-0.0258
99765365,0.0114,0.0038,-0.0229,0.0403,0.0109,0.0413,-0.0014,-0.0404,-0.0656,0.0375,-0.0259,0.0395,0.1475,0.0000,-0.0552,1.0291,-0.8986,-0.0260
99770365,0.0113,0.0041,-0.0272,0.0363,0.0081,0.0381,0.0008,-0.0391,-0.0659,0.0376,-0.0545,0.0354,1.5582,0.0000,-0.0552,1.0608,-0.8986,-0.0263
99775365,0.0110,0.0044,-0.0257,0.0339,0.0066,0.0374,0.0016,-0.0393,-0.0661,0.0378,-0.0529,0.0330,1.5582,0.0000,-0.0552,1.0702,-0.8986,-0.0266
99780365,0.0108,0.0045,-0.0232,0.0327,0.0097,0.0367,0.0400,-0.0394,-0.0664,0.0380,-0.0505,0.0318,1.5582,0.0000,-0.0552,1.0764,-0.8986,-0.0269
99785365,0.0106,0.0048,-0.0238,0.0305,0.0106,0.0362,0.0032,-0.0398,-0.0667,0.0381,-0.0511,0.0296,1.5582,0.0000,-0.0552,1.0858,-0.8986,-0.0271
99790365,0.0107,0.0051,-0.0226,0.0342,0.0167,0.0366,0.0043,-0.0415,-0.0669,0.0383,-0.0499,0.0333,1.5582,0.0000,-0.0552,1.0920,-0.8986,-0.0275
99795365,0.0108,0.0051,-0.0275,0.0360,0.0231,0.0356,0.0052,-0.0417,-0.0672,0.0384,-0.0596,0.0351,1.8399,0.0000,-0.0552,1.1081,-0.8986,-0.0277
99800365,0.0105,0.0053,-0.0260,0.0357,0.0365,0.0346,0.0060,-0.0420,-0.0675,0.0386,-0.0576,0.0340,1.8399,0.0550,-0.0552,1.1154,-0.8973,-0.0280
99805365,0.0103,0.0056,-0.0254,0.0351,0.0533,0.0335,0.0070,-0.0426,-0.0678,0.0388,-0.0570,0.0334,1.8399,0.0550,-0.0552,1.1265,-0.8970,-0.0282
99810365,0.0101,0.0058,-0.0217,0.0290,0.0555,0.0334,0.0069,-0.0424,-0.0680,0.0389,-0.0533,0.0273,1.8399,0.0550,-0.0552,1.1338,-0.8968,-0.0286
99815365,0.0100,0.0061,-0.0232,0.0211,0.0533,0.0328,0.0069,-0.0417,-0.0683,0.0390,-0.0548,0.0193,1.8399,0.0550,-0.0552,1.1449,-0.8965,-0.0288
99820365,0.0101,0.0061,-0.0226,0.0241,0.0570,0.0330,0.0071,-0.0423,-0.0686,0.0391,-0.0570,0.0224,2.0014,0.0550,-0.0552,1.1559,-0.8962,-0.0291
99825365,0.0098,0.0061,-0.0199,0.0199,0.0695,0.0323,0.0067,-0.0417,-0.0689,0.0392,-0.0542,0.0181,2.0014,0.0550,-0.0552,1.1679,-0.8959,-0.0293
99830365,0.0096,0.0062,-0.0211,0.0199,0.0857,0.0309,0.0076,-0.0417,-0.0691,0.0393,-0.0555,0.0181,2.0014,0.0550,-0.0552,1.1759,-0.8957,-0.0297
99835365,0.0093,0.0063,-0.0186,0.0116,0.0744,0.0306,0.0070,-0.0405,-0.0694,0.0394,-0.0514,0.0099,1.9086,0.0550,-0.0552,1.1860,-0.8954,-0.0299
99840365,0.0091,0.0065,-0.0177,0.0125,0.0778,0.0304,0.0078,-0.0411,-0.0696,0.0394,-0.0457,0.0108,1.6300,0.0550,-0.0552,1.1874,-0.8952,-0.0302
99845365,0.0089,0.0064,-0.0150,0.0110,0.0891,0.0298,0.0074,-0.0406,-0.0698,0.0395,-0.0430,0.0093,1.6300,0.0550,-0.0552,1.1972,-0.8948,-0.0304
99850365,0.0087,0.0063,-0.0150,0.0122,0.0985,0.0288,0.0075,-0.0401,-0.0701,0.0395,-0.0430,0.0105,1.6300,0.0550,-0.0552,1.2037,-0.8946,-0.0308
99855365,0.0085,0.0062,-0.0144,0.0150,0.1004,0.0283,0.0077,-0.0398,-0.0703,0.0396,-0.0424,0.0132,1.6300,0.0550,-0.0552,1.2135,-0.8943,-0.0310
99860365,0.0083,0.0061,-0.0147,0.0174,0.0952,0.0274,0.0083,-0.0394,-0.0705,0.0396,-0.0427,0.0157,1.6300,0.0550,-0.0552,1.2200,-0.8941,-0.0313
99865365,0.0082,0.0059,-0.0134,0.0183,0.0998,0.0275,0.0078,-0.0391,-0.0707,0.0397,-0.0386,0.0166,1.4639,0.0550,-0.0552,1.2261,-0.8937,-0.0315
99870365,0.0081,0.0058,-0.0134,0.0220,0.1089,0.0268,0.0081,-0.0391,-0.0709,0.0398,-0.0386,0.0203,1.4639,0.0550,-0.0552,1.2319,-0.8935,-0.0319
99875365,0.0079,0.0058,-0.0128,0.0250,0.1135,0.0261,0.0086,-0.0391,-0.0711,0.0400,-0.0380,0.0233,1.4639,0.0550,-0.0552,1.2407,-0.8932,-0.0321
99880365,0.0077,0.0057,-0.0119,0.0257,0.1123,0.0255,0.0089,-0.0387,-0.0713,0.0401,-0.0371,0.0239,1.4639,0.0550,-0.0552,1.2466,-0.8930,-0.0324
99885365,0.0075,0.0058,-0.0076,0.0336,0.1175,0.0254,0.0103,-0.0402,-0.0714,0.0402,-0.0328,0.0319,1.4639,0.0550,-0.0552,1.2553,-0.8926,-0.0327
99890365,0.0073,0.0058,-0.0061,0.0318,0.1239,0.0248,0.0104,-0.0400,-0.0716,0.0404,-0.0313,0.0301,1.4639,0.0550,-0.0552,1.2612,-0.8924,-0.0330
99895365,0.0072,0.0059,-0.0024,0.0330,0.1245,0.0248,0.0107,-0.0403,-0.0717,0.0405,-0.0276,0.0313,1.4639,0.0550,-0.0552,1.2700,-0.8921,-0.0332
99900365,0.0070,0.0060,-0.0009,0.0388,0.1224,0.0244,0.0122,-0.0413,-0.0718,0.0407,-0.0252,0.0371,1.4104,0.0550,-0.0552,1.2747,-0.8919,-0.0335
99905365,0.0068,0.0061,0.0064,0.0370,0.1224,0.0269,0.0094,-0.0410,-0.0718,0.0408,0.0042,0.0082,1.0360,1.8623,-0.0552,1.2745,-0.8511,-0.0338
99910365,0.0067,0.0063,0.0128,0.0376,0.1245,0.0279,0.0096,-0.0423,-0.0717,0.0408,0.0143,0.0089,0.8221,1.8623,-0.0552,1.2740,-0.8436,-0.0341
99915365,0.0067,0.0065,0.0189,0.0339,0.1269,0.0290,0.0090,-0.0429,-0.0716,0.0408,0.0241,0.0052,0.6082,1.8623,-0.0552,1.2742,-0.8325,-0.0343
99920365,0.0066,0.0066,0.0257,0.0299,0.1227,0.0297,0.0079,-0.0423,-0.0715,0.0408,0.0254,-0.0112,0.5012,1.8623,-0.8942,1.2743,-0.8250,-0.0522
99925365,0.0067,0.0068,0.0336,0.0290,0.1166,0.0309,0.0072,-0.0426,-0.0714,0.0407,0.0280,-0.0216,0.3943,1.7653,-1.6283,1.2748,-0.8158,-0.0727
99930365,0.0068,0.0067,0.0397,0.0312,0.1098,0.0327,0.0068,-0.0437,-0.0712,0.0406,0.0334,-0.0151,0.2873,1.4745,-1.6283,1.2741,-0.8151,-0.0825
99935365,0.0070,0.0066,0.0415,0.0290,0.0991,0.0339,0.0061,-0.0438,-0.0710,0.0405,0.0328,-0.0115,0.2338,1.0866,-1.6283,1.2746,-0.8153,-0.0890
99940365,0.0073,0.0069,0.0360,0.0269,0.0918,0.0341,0.0069,-0.0445,-0.0709,0.0405,0.0266,-0.0107,0.1803,0.8927,-1.6283,1.2744,-0.8152,-0.0988
99945365,0.0076,0.0071,0.0333,0.0226,0.0823,0.0349,0.0071,-0.0451,-0.0708,0.0404,0.0235,-0.0099,0.1269,0.6503,-1.5307,1.2743,-0.8155,-0.1033
99950365,0.0079,0.0073,0.0275,0.0128,0.0668,0.0351,0.0066,-0.0443,-0.0707,0.0404,0.0181,-0.0160,0.1269,0.5533,-1.3842,1.2748,-0.8150,-0.1089
99955365,0.0082,0.0074,0.0220,0.0073,0.0561,0.0354,0.0062,-0.0438,-0.0706,0.0403,0.0123,-0.0193,0.0734,0.4079,-1.3842,1.2743,-0.8152,-0.1144
99960365,0.0085,0.0073,0.0177,0.0003,0.0460,0.0360,0.0049,-0.0426,-0.0706,0.0401,0.0072,-0.0249,0.0734,0.3109,-1.3842,1.2746,-0.8157,-0.1227
99965365,0.0088,0.0073,0.0144,-0.0015,0.0362,0.0367,0.0045,-0.0425,-0.0706,0.0400,0.0038,-0.0268,0.0734,0.3109,-1.3842,1.2750,-0.8138,-0.1282
99970365,0.0090,0.0074,0.0131,-0.0024,0.0231,0.0376,0.0044,-0.0429,-0.0705,0.0399,0.0038,-0.0277,0.0000,0.3109,-1.3842,1.2740,-0.8126,-0.1365
99975365,0.0092,0.0075,0.0107,-0.0061,0.0081,0.0379,0.0038,-0.0420,-0.0706,0.0397,-0.0024,-0.0379,0.0000,0.3109,-1.8272,1.2740,-0.8107,-0.1525
99980365,0.0094,0.0075,0.0134,-0.0098,0.0054,0.0392,0.0028,-0.0422,-0.0706,0.0395,0.0003,-0.0416,0.0000,0.3109,-1.8272,1.2740,-0.8095,-0.1634
99985365,0.0096,0.0073,0.0134,-0.0107,-0.0093,0.0403,0.0015,-0.0414,-0.0706,0.0393,0.0003,-0.0425,0.0000,0.3109,-1.8272,1.2740,-0.8076,-0.1707
99990365,0.0099,0.0072,0.0131,-0.0128,-0.0151,0.0415,0.0003,-0.0413,-0.0706,0.0390,0.0000,-0.0446,0.0000,0.3109,-1.8272,1.2740,-0.8064,-0.1817
99995365,0.0102,0.0072,0.0147,-0.0067,-0.0151,0.0427,0.0009,-0.0430,-0.0705,0.0388,0.0015,-0.0385,0.0000,0.3109,-1.8272,1.2740,-0.8045,-0.1890
100000365,0.0103,0.0073,0.0186,-0.0128,-0.0108,0.0436,-0.0005,-0.0427,-0.0705,0.0386,0.0042,-0.0469,0.0000,0.3109,-1.9840,1.2740,-0.8032,-0.2040
100005365,0.0103,0.0074,0.0159,-0.0150,-0.0184,0.0435,-0.0004,-0.0424,-0.0705,0.0384,0.0014,-0.0491,0.0000,0.3109,-1.9840,1.2740,-0.8014,-0.2119
100010365,0.0107,0.0072,0.0180,-0.0208,-0.0362,0.0454,-0.0400,-0.0416,-0.0705,0.0381,0.0035,-0.0549,0.0000,0.3109,-1.9840,1.2740,-0.8001,-0.2238
100015365,0.0110,0.0071,0.0208,-0.0235,-0.0465,0.0472,-0.0044,-0.0411,-0.0705,0.0378,0.0042,-0.0612,0.0000,0.3109,-2.2262,1.2740,-0.7983,-0.2374
100020365,0.0113,0.0069,0.0186,-0.0229,-0.0432,0.0481,-0.0054,-0.0410,-0.0705,0.0375,0.0011,-0.0606,0.0535,0.3109,-2.2262,1.2752,-0.7970,-0.2508
100025365,0.0116,0.0068,0.0159,-0.0205,-0.0542,0.0489,-0.0055,-0.0413,-0.0705,0.0372,-0.0016,-0.0582,0.0535,0.3109,-2.2262,1.2755,-0.7952,-0.2597
100030365,0.0119,0.0067,0.0125,-0.0171,-0.0759,0.0496,-0.0053,-0.0413,-0.0705,0.0369,-0.0064,-0.0573,0.0535,0.3109,-2.3917,1.2757,-0.7939,-0.2768
100035365,0.0122,0.0066,0.0110,-0.0119,-0.0859,0.0505,-0.0052,-0.0420,-0.0706,0.0366,-0.0092,-0.0499,0.0535,0.1655,-2.3917,1.2760,-0.7950,-0.2864
100040365,0.0124,0.0064,0.0064,-0.0024,-0.0808,0.0499,-0.0032,-0.0436,-0.0707,0.0365,-0.0223,-0.0256,0.0535,-0.8242,-2.3917,1.2763,-0.8164,-0.3008
100045365,0.0127,0.0062,0.0031,0.0012,-0.0722,0.0488,-0.0027,-0.0433,-0.0709,0.0364,-0.0426,-0.0220,1.0409,-0.8242,-2.3917,1.2976,-0.8213,-0.3103
100050365,0.0128,0.0063,-0.0006,0.0064,-0.0728,0.0481,-0.0010,-0.0443,-0.0712,0.0363,-0.0546,-0.0145,1.6052,-0.8242,-2.2343,1.3148,-0.8246,-0.3211
100055365,0.0129,0.0065,0.0021,0.0107,-0.0863,0.0492,-0.0000,-0.0459,-0.0714,0.0363,-0.0519,-0.0102,1.6052,-0.8242,-2.2343,1.3244,-0.8296,-0.3301
100060365,0.0130,0.0066,0.0015,0.0031,-0.0976,0.0497,-0.0008,-0.0452,-0.0717,0.0362,-0.0525,-0.0179,1.6052,-0.8242,-2.2343,1.3309,-0.8329,-0.3435
100065365,0.0132,0.0067,-0.0003,-0.0006,-0.0942,0.0488,-0.0011,-0.0441,-0.0720,0.0361,-0.0708,-0.0267,2.3940,-0.8242,-2.5761,1.3599,-0.8378,-0.3601
100070365,0.0134,0.0067,-0.0064,-0.0055,-0.0918,0.0484,-0.0018,-0.0431,-0.0724,0.0359,-0.0770,-0.0315,2.3940,-0.8242,-2.5761,1.3694,-0.8411,-0.3755
100075365,0.0135,0.0067,-0.0140,-0.0052,-0.1006,0.0477,-0.0011,-0.0427,-0.0728,0.0357,-0.0846,-0.0312,2.3940,-0.8242,-2.5761,1.3838,-0.8461,-0.3858
100080365,0.0136,0.0067,-0.0192,-0.0079,-0.1034,0.0462,-0.0009,-0.0413,-0.0734,0.0356,-0.1019,-0.0373,2.9864,-0.8242,-2.7976,1.4067,-0.8494,-0.4066
100085365,0.0137,0.0068,-0.0189,-0.0089,-0.0945,0.0465,-0.0013,-0.0415,-0.0739,0.0354,-0.1007,-0.0398,2.9864,-0.7209,-2.7976,1.4246,-0.8520,-0.4178
100090365,0.0138,0.0068,-0.0205,-0.0104,-0.0896,0.0462,-0.0015,-0.0412,-0.0744,0.0351,-0.1048,-0.0436,3.2185,-0.5660,-2.7976,1.4417,-0.8515,-0.4346
100095365,0.0138,0.0068,-0.0254,-0.0134,-0.0972,0.0456,-0.0017,-0.0402,-0.0749,0.0349,-0.1084,-0.0490,3.2185,-0.4111,-2.7976,1.4610,-0.8514,-0.4458
100100365,0.0138,0.0068,-0.0278,-0.0156,-0.1003,0.0452,-0.0019,-0.0395,-0.0755,0.0346,-0.1142,-0.0520,3.4400,-0.3594,-2.7976,1.4785,-0.8519,-0.4625
100105365,0.0139,0.0068,-0.0293,-0.0156,-0.0945,0.0451,-0.0021,-0.0393,-0.0761,0.0344,-0.1148,-0.0535,3.4400,-0.2562,-2.7976,1.4992,-0.8516,-0.4737
100110365,0.0139,0.0068,-0.0315,-0.0177,-0.0838,0.0446,-0.0026,-0.0388,-0.0767,0.0341,-0.1174,-0.0579,3.4400,-0.2045,-2.8945,1.5129,-0.8515,-0.4929
100115365,0.0139,0.0067,-0.0385,-0.0202,-0.0737,0.0427,-0.0024,-0.0375,-0.0773,0.0338,-0.1304,-0.0611,3.8144,-0.1529,-2.8945,1.5428,-0.8516,-0.5045
100120365,0.0139,0.0067,-0.0403,-0.0186,-0.0707,0.0423,-0.0023,-0.0373,-0.0780,0.0335,-0.1322,-0.0612,3.8144,-0.1012,-2.9497,1.5581,-0.8512,-0.5230
100125365,0.0139,0.0067,-0.0449,-0.0180,-0.0575,0.0413,-0.0020,-0.0370,-0.0786,0.0332,-0.1352,-0.0605,3.7203,-0.1012,-2.9497,1.5786,-0.8518,-0.5348
100130365,0.0138,0.0066,-0.0452,-0.0220,-0.0453,0.0409,-0.0028,-0.0363,-0.0793,0.0328,-0.1355,-0.0645,3.7203,-0.1012,-2.9497,1.5935,-0.8522,-0.5525
100135365,0.0138,0.0066,-0.0434,-0.0205,-0.0359,0.0410,-0.0030,-0.0366,-0.0800,0.0325,-0.1342,-0.0638,3.7767,-0.0496,-2.9497,1.6172,-0.8514,-0.5643
100140365,0.0137,0.0065,-0.0489,-0.0214,-0.0297,0.0399,-0.0026,-0.0362,-0.0807,0.0322,-0.1365,-0.0592,3.7767,-0.0496,-2.5826,1.6323,-0.8516,-0.5733
100145365,0.0137,0.0065,-0.0531,-0.0238,-0.0227,0.0386,-0.0027,-0.0350,-0.0814,0.0319,-0.1436,-0.0617,3.9382,-0.0496,-2.5826,1.6585,-0.8519,-0.5837
100150365,0.0136,0.0064,-0.0559,-0.0263,-0.0102,0.0376,-0.0030,-0.0341,-0.0821,0.0316,-0.1463,-0.0641,3.9382,-0.0496,-2.5826,1.6743,-0.8521,-0.5992
100155365,0.0135,0.0063,-0.0605,-0.0275,0.0017,0.0362,-0.0032,-0.0331,-0.0829,0.0313,-0.1501,-0.0683,3.8454,0.0000,-2.7291,1.6958,-0.8511,-0.6129
100160365,0.0133,0.0062,-0.0641,-0.0321,0.0078,0.0349,-0.0037,-0.0315,-0.0836,0.0309,-0.1538,-0.0729,3.8454,0.0000,-2.7291,1.7112,-0.8511,-0.6293
100165365,0.0132,0.0061,-0.0715,-0.0348,0.0188,0.0328,-0.0037,-0.0298,-0.0844,0.0305,-0.1602,-0.0756,3.7900,0.0000,-2.7291,1.7330,-0.8511,-0.6402
100170365,0.0130,0.0060,-0.0764,-0.0333,0.0316,0.0312,-0.0031,-0.0293,-0.0853,0.0302,-0.1632,-0.0708,3.7900,0.0000,-2.5075,1.7482,-0.8511,-0.6514
100175365,0.0128,0.0059,-0.0797,-0.0348,0.0420,0.0297,-0.0033,-0.0280,-0.0861,0.0298,-0.1665,-0.0723,3.7900,0.0000,-2.5075,1.7709,-0.8511,-0.6615
100180365,0.0126,0.0057,-0.0834,-0.0348,0.0472,0.0283,-0.0032,-0.0269,-0.0869,0.0294,-0.1684,-0.0723,3.6830,0.0000,-2.5075,1.7836,-0.8511,-0.6765
100185365,0.0123,0.0056,-0.0877,-0.0315,0.0500,0.0265,-0.0022,-0.0262,-0.0878,0.0291,-0.1726,-0.0689,3.6830,0.0000,-2.5075,1.8057,-0.8511,-0.6865
100190365,0.0121,0.0055,-0.0895,-0.0299,0.0616,0.0260,-0.0020,-0.0264,-0.0886,0.0288,-0.1628,-0.0612,3.2128,0.0000,-2.0895,1.8104,-0.8511,-0.6924
100195365,0.0119,0.0053,-0.0925,-0.0302,0.0646,0.0252,-0.0017,-0.0260,-0.0894,0.0285,-0.1546,-0.0560,2.7426,0.0000,-1.7236,1.8181,-0.8511,-0.6927
100200365,0.0116,0.0053,-0.0901,-0.0302,0.0637,0.0246,-0.0016,-0.0255,-0.0901,0.0282,-0.1512,-0.0545,2.7426,0.0000,-1.6191,1.8291,-0.8511,-0.7003
100205365,0.0113,0.0052,-0.0929,-0.0302,0.0680,0.0231,-0.0013,-0.0244,-0.0909,0.0280,-0.1540,-0.0545,2.7426,0.0000,-1.6191,1.8455,-0.8511,-0.7068
100210365,0.0111,0.0050,-0.0901,-0.0296,0.0735,0.0230,-0.0018,-0.0241,-0.0916,0.0277,-0.1454,-0.0538,2.4046,0.0000,-1.6191,1.8494,-0.8511,-0.7165
100215365,0.0108,0.0049,-0.0916,-0.0269,0.0765,0.0224,-0.0013,-0.0240,-0.0923,0.0274,-0.1363,-0.0510,1.7848,0.0000,-1.6191,1.8496,-0.8511,-0.7230
100220365,0.0105,0.0049,-0.0870,-0.0302,0.0735,0.0226,-0.0019,-0.0236,-0.0929,0.0272,-0.1246,-0.0522,1.4467,0.0000,-1.4738,1.8494,-0.8511,-0.7296
100225365,0.0102,0.0049,-0.0849,-0.0308,0.0729,0.0224,-0.0016,-0.0235,-0.0935,0.0269,-0.1142,-0.0485,1.1087,0.0000,-1.1832,1.8502,-0.8511,-0.7291
100230365,0.0099,0.0048,-0.0840,-0.0342,0.0753,0.0217,-0.0017,-0.0228,-0.0940,0.0267,-0.1069,-0.0475,0.8833,0.0000,-0.8926,1.8497,-0.8511,-0.7295
100235365,0.0096,0.0048,-0.0748,-0.0348,0.0796,0.0225,-0.0024,-0.0232,-0.0945,0.0265,-0.0930,-0.0467,0.6579,0.0000,-0.7958,1.8498,-0.8511,-0.7308
100240365,0.0094,0.0047,-0.0699,-0.0345,0.0796,0.0230,-0.0030,-0.0231,-0.0949,0.0262,-0.0862,-0.0464,0.5452,0.0000,-0.7958,1.8499,-0.8511,-0.7356
100245365,0.0092,0.0046,-0.0660,-0.0345,0.0778,0.0231,-0.0032,-0.0229,-0.0953,0.0260,-0.0793,-0.0464,0.3762,0.0000,-0.7958,1.8493,-0.8511,-0.7388
100250365,0.0091,0.0045,-0.0632,-0.0348,0.0805,0.0232,-0.0037,-0.0225,-0.0957,0.0258,-0.0756,-0.0467,0.3199,0.0000,-0.7958,1.8496,-0.8511,-0.7435
100255365,0.0090,0.0044,-0.0608,-0.0370,0.0952,0.0231,-0.0048,-0.0220,-0.0961,0.0255,-0.0722,-0.0488,0.2635,0.0000,-0.7958,1.8502,-0.8511,-0.7467
100260365,0.0089,0.0042,-0.0605,-0.0397,0.0991,0.0227,-0.0056,-0.0209,-0.0964,0.0253,-0.0709,-0.0515,0.2072,0.0000,-0.7958,1.8499,-0.8511,-0.7515
100265365,0.0088,0.0041,-0.0626,-0.0425,0.1028,0.0219,-0.0062,-0.0196,-0.0968,0.0250,-0.0721,-0.0543,0.1508,0.0000,-0.7958,1.8498,-0.8511,-0.7547
100270365,0.0087,0.0039,-0.0635,-0.0431,0.1074,0.0212,-0.0066,-0.0187,-0.0972,0.0247,-0.0720,-0.0549,0.0945,0.0000,-0.7958,1.8493,-0.8511,-0.7595
100275365,0.0085,0.0037,-0.0666,-0.0425,0.1147,0.0201,-0.0067,-0.0178,-0.0975,0.0245,-0.0751,-0.0543,0.0945,0.0000,-0.7958,1.8498,-0.8511,-0.7626
100280365,0.0084,0.0035,-0.0681,-0.0458,0.1205,0.0192,-0.0077,-0.0162,-0.0979,0.0242,-0.0766,-0.0576,0.0945,0.0000,-0.7958,1.8502,-0.8511,-0.7674
100285365,0.0083,0.0033,-0.0672,-0.0467,0.1169,0.0191,-0.0084,-0.0152,-0.0983,0.0239,-0.0742,-0.0577,0.0382,0.0000,-0.7406,1.8494,-0.8511,-0.7695
100290365,0.0082,0.0031,-0.0693,-0.0486,0.1135,0.0183,-0.0089,-0.0138,-0.0987,0.0236,-0.0750,-0.0571,0.0382,0.0000,-0.5751,1.8496,-0.8511,-0.7701
100295365,0.0080,0.0028,-0.0715,-0.0507,0.1120,0.0175,-0.0095,-0.0123,-0.0990,0.0233,-0.0761,-0.0576,0.0382,0.0000,-0.4648,1.8498,-0.8511,-0.7699
100300365,0.0079,0.0025,-0.0736,-0.0547,0.1037,0.0167,-0.0104,-0.0102,-0.0994,0.0230,-0.0773,-0.0599,0.0382,0.0000,-0.3544,1.8499,-0.8511,-0.7700
100305365,0.0077,0.0022,-0.0816,-0.0565,0.0952,0.0147,-0.0107,-0.0076,-0.0999,0.0227,-0.0848,-0.0610,0.0382,0.0000,-0.2993,1.8502,-0.8511,-0.7701
100310365,0.0075,0.0019,-0.0849,-0.0541,0.0894,0.0134,-0.0106,-0.0062,-0.1003,0.0224,-0.0872,-0.0569,0.0382,0.0000,-0.1889,1.8503,-0.8511,-0.7694
100315365,0.0073,0.0015,-0.0889,-0.0522,0.0921,0.0119,-0.0108,-0.0046,-0.1007,0.0221,-0.0905,-0.0550,0.0000,0.0000,-0.1889,1.8492,-0.8511,-0.7701
100320365,0.0071,0.0013,-0.0907,-0.0547,0.0924,0.0106,-0.0113,-0.0028,-0.1012,0.0219,-0.0919,-0.0567,0.0000,0.0000,-0.1338,1.8492,-0.8511,-0.7698
100325365,0.0068,0.0010,-0.0910,-0.0553,0.0894,0.0097,-0.0118,-0.0013,-0.1017,0.0216,-0.0917,-0.0565,0.0000,0.0000,-0.0786,1.8492,-0.8511,-0.7692
100330365,0.0066,0.0006,-0.0944,-0.0565,0.0814,0.0082,-0.0124,0.0011,-0.1021,0.0213,-0.0951,-0.0577,0.0000,0.0000,-0.0786,1.8492,-0.8511,-0.7697
100335365,0.0063,0.0003,-0.0947,-0.0599,0.0796,0.0072,-0.0137,0.0400,-0.1026,0.0210,-0.0954,-0.0610,0.0000,0.0000,-0.0786,1.8492,-0.8511,-0.7700
100340365,0.0061,-0.0002,-0.0971,-0.0599,0.0756,0.0065,-0.0136,0.0041,-0.1030,0.0208,-0.0867,-0.0419,0.0000,0.0000,1.2108,1.8492,-0.8511,-0.7431
100345365,0.0058,-0.0006,-0.1008,-0.0577,0.0659,0.0052,-0.0133,0.0056,-0.1035,0.0206,-0.0854,-0.0311,0.0000,0.0000,1.7920,1.8492,-0.8511,-0.7248
100350365,0.0054,-0.0011,-0.1087,-0.0553,0.0640,0.0024,-0.0131,0.0082,-0.1039,0.0205,-0.0933,-0.0286,0.0000,0.0000,1.7920,1.8492,-0.8511,-0.7140
100355365,0.0051,-0.0015,-0.1106,-0.0528,0.0753,0.0005,-0.0135,0.0101,-0.1044,0.0203,-0.0952,-0.0262,0.0000,0.0000,1.7920,1.8492,-0.8511,-0.7068
100360365,0.0046,-0.0020,-0.1136,-0.0480,0.0854,-0.0400,-0.0133,0.0121,-0.1049,0.0202,-0.0982,-0.0213,0.0000,0.0000,1.7920,1.8492,-0.8511,-0.6961
100365365,0.0041,-0.0025,-0.1139,-0.0418,0.0827,-0.0044,-0.0130,0.0142,-0.1054,0.0201,-0.1003,-0.0183,0.0000,0.0000,1.5830,1.8492,-0.8511,-0.6933
100370365,0.0036,-0.0029,-0.1155,-0.0363,0.0827,-0.0066,-0.0126,0.0161,-0.1059,0.0201,-0.1032,-0.0151,0.0000,0.0000,1.4262,1.8492,-0.8511,-0.6878
100375365,0.0032,-0.0033,-0.1136,-0.0290,0.0756,-0.0079,-0.0120,0.0170,-0.1064,0.0200,-0.1014,-0.0078,0.0000,0.0000,1.4262,1.8492,-0.8511,-0.6821
100380365,0.0028,-0.0035,-0.1127,-0.0305,0.0484,-0.0087,-0.0123,0.0192,-0.1069,0.0200,-0.1005,-0.0093,0.0000,0.0000,1.4262,1.8492,-0.8511,-0.6735
100385365,0.0021,-0.0037,-0.1100,-0.0296,0.0237,-0.0107,-0.0111,0.0209,-0.1074,0.0199,-0.0977,-0.0084,0.0000,0.0000,1.4262,1.8492,-0.8511,-0.6678
100390365,0.0015,-0.0038,-0.1084,-0.0370,0.0115,-0.0129,-0.0113,0.0237,-0.1079,0.0199,-0.0962,-0.0157,0.0000,0.0000,1.4262,1.8492,-0.8511,-0.6592
100395365,0.0010,-0.0039,-0.0996,-0.0577,-0.0007,-0.0128,-0.0144,0.0272,-0.1083,0.0197,-0.0830,-0.0290,0.0000,0.0000,1.9246,1.8492,-0.8511,-0.6426
100400365,0.0005,-0.0041,-0.1029,-0.0699,0.0002,-0.0153,-0.0158,0.0311,-0.1087,0.0195,-0.0864,-0.0413,0.0000,0.0000,1.9246,1.8492,-0.8511,-0.6310
100405365,0.0001,-0.0044,-0.1078,-0.0898,0.0042,-0.0180,-0.0187,0.0366,-0.1092,0.0192,-0.0913,-0.0611,0.0000,0.0000,1.9246,1.8492,-0.8511,-0.6233
100410365,-0.0005,-0.0048,-0.1121,-0.0968,0.0368,-0.0210,-0.0195,0.0391,-0.1097,0.0189,-0.0897,-0.0579,0.0000,0.0000,2.6081,1.8492,-0.8511,-0.5952
100415365,-0.0010,-0.0055,-0.1057,-0.0855,0.0817,-0.0223,-0.0203,0.0395,-0.1100,0.0187,-0.0784,-0.0466,-0.2821,0.0000,2.6081,1.8435,-0.8511,-0.5848
100420365,-0.0016,-0.0061,-0.1014,-0.0770,0.1034,-0.0216,-0.0214,0.0390,-0.1103,0.0185,-0.0441,-0.0295,-1.7398,0.0000,3.1849,1.8103,-0.8511,-0.5550
100425365,-0.0020,-0.0066,-0.0977,-0.0476,0.1300,-0.0232,-0.0182,0.0364,-0.1105,0.0185,-0.0404,-0.0001,-1.7398,0.0000,3.1849,1.7999,-0.8511,-0.5423
100430365,-0.0025,-0.0070,-0.1026,-0.0174,0.1676,-0.0260,-0.0136,0.0332,-0.1107,0.0187,-0.0420,0.0359,-1.7398,0.0000,3.5711,1.7929,-0.8511,-0.5148
100435365,-0.0029,-0.0072,-0.1106,0.0067,0.1789,-0.0294,-0.0091,0.0316,-0.1109,0.0190,-0.0499,0.0600,-1.7398,0.0000,3.5711,1.7825,-0.8511,-0.5005
100440365,-0.0035,-0.0072,-0.1301,0.0486,0.1159,-0.0338,0.0012,0.0281,-0.1112,0.0195,-0.0629,0.1069,-1.9537,0.0000,3.9101,1.7708,-0.8511,-0.4715
100445365,-0.0041,-0.0071,-0.1072,0.0690,0.0872,-0.0318,0.0400,0.0240,-0.1114,0.0202,-0.0400,0.1274,-1.9537,0.0000,3.9101,1.7591,-0.8511,-0.4559
100450365,-0.0046,-0.0068,-0.0736,0.0907,0.0927,-0.0277,0.0068,0.0174,-0.1115,0.0209,-0.0055,0.1506,-1.9537,0.0000,4.0146,1.7512,-0.8511,-0.4300
100455365,-0.0049,-0.0064,-0.0312,0.1069,0.0927,-0.0212,0.0075,0.0102,-0.1113,0.0218,0.0370,0.1668,-1.9537,0.0000,4.0146,1.7395,-0.8511,-0.4139
100460365,-0.0050,-0.0059,0.0086,0.1222,0.0839,-0.0146,0.0082,0.0032,-0.1109,0.0227,0.0738,0.1771,-1.9537,0.0000,3.6824,1.7317,-0.8511,-0.3967
100465365,-0.0050,-0.0053,0.0373,0.1231,0.0878,-0.0094,0.0072,-0.0011,-0.1104,0.0235,0.1011,0.1689,-2.1752,0.0000,3.0732,1.7145,-0.8511,-0.3955
100470365,-0.0048,-0.0046,0.0644,0.1161,0.1062,-0.0035,0.0042,-0.0400,-0.1097,0.0243,0.1346,0.1511,-2.1752,0.7272,3.0732,1.7058,-0.8360,-0.3771
100475365,-0.0045,-0.0041,0.0794,0.1023,0.1269,0.0006,0.0006,-0.0060,-0.1089,0.0249,0.1575,0.1236,-2.1752,1.6483,3.0732,1.6928,-0.8088,-0.3648
100480365,-0.0042,-0.0036,0.0913,0.0828,0.1334,0.0400,-0.0400,-0.0060,-0.1081,0.0254,0.1636,0.0983,-2.0359,1.6483,2.6826,1.6869,-0.8022,-0.3547
100485365,-0.0036,-0.0032,0.0877,0.0644,0.1080,0.0047,-0.0048,-0.0041,-0.1074,0.0257,0.1470,0.0726,-1.5253,1.6483,2.1944,1.6866,-0.7923,-0.3547
100490365,-0.0032,-0.0031,0.0336,0.0195,0.1111,-0.0400,-0.0075,0.0400,-0.1070,0.0258,0.0831,0.0190,-1.2467,1.6483,1.6085,1.6867,-0.7857,-0.3549
100495365,-0.0030,-0.0030,-0.0037,-0.0092,0.1327,-0.0113,-0.0092,0.0154,-0.1068,0.0258,0.0377,-0.0141,-0.9217,1.6483,1.3155,1.6868,-0.7758,-0.3549
100500365,-0.0031,-0.0032,-0.0525,-0.0385,0.1330,-0.0211,-0.0095,0.0255,-0.1069,0.0255,-0.0197,-0.0443,-0.7360,1.3687,0.9738,1.6872,-0.7753,-0.3548
100505365,-0.0033,-0.0035,-0.0907,-0.0684,0.1135,-0.0293,-0.0106,0.0356,-0.1072,0.0252,-0.0652,-0.0715,-0.5503,1.0331,0.8273,1.6870,-0.7749,-0.3542
100510365,-0.0037,-0.0039,-0.1237,-0.0840,0.1162,-0.0374,-0.0105,0.0434,-0.1077,0.0247,-0.1039,-0.0873,-0.4575,0.8093,0.5832,1.6869,-0.7756,-0.3549
100515365,-0.0043,-0.0045,-0.1530,-0.0925,0.1392,-0.0456,-0.0102,0.0504,-0.1084,0.0243,-0.1379,-0.0949,-0.3182,0.6415,0.4855,1.6873,-0.7747,-0.3547
100520365,-0.0050,-0.0052,-0.1729,-0.1032,0.1321,-0.0523,-0.0110,0.0582,-0.1092,0.0237,-0.1607,-0.1061,-0.2718,0.5297,0.3391,1.6870,-0.7747,-0.3550
100525365,-0.0060,-0.0057,-0.1866,-0.1103,0.1172,-0.0588,-0.0099,0.0643,-0.1101,0.0232,-0.1771,-0.1099,-0.1789,0.3619,0.3879,1.6874,-0.7754,-0.3526
100530365,-0.0071,-0.0064,-0.1817,-0.1066,0.1092,-0.0622,-0.0098,0.0677,-0.1110,0.0227,-0.1727,-0.1054,-0.1789,0.3059,0.3879,1.6867,-0.7752,-0.3503
100535365,-0.0080,-0.0069,-0.1518,-0.0696,0.1059,-0.0602,-0.0067,0.0628,-0.1117,0.0223,-0.1436,-0.0668,-0.1325,0.2500,0.4403,1.6868,-0.7747,-0.3477
100540365,-0.0087,-0.0073,-0.1252,-0.0336,0.1199,-0.0577,-0.0025,0.0556,-0.1122,0.0223,-0.1071,-0.0103,-0.0861,0.1941,1.7513,1.6873,-0.7750,-0.3131
100545365,-0.0092,-0.0075,-0.0880,0.0015,0.1217,-0.0532,0.0001,0.0484,-0.1126,0.0224,-0.0695,0.0257,-0.1325,0.1381,1.7513,1.6857,-0.7752,-0.3061
100550365,-0.0096,-0.0075,-0.0501,0.0330,0.1211,-0.0474,0.0400,0.0397,-0.1127,0.0227,-0.0250,0.0687,-0.1325,0.1381,2.5236,1.6852,-0.7746,-0.2795
100555365,-0.0099,-0.0074,-0.0144,0.0504,0.1101,-0.0414,0.0037,0.0334,-0.1126,0.0232,0.0136,0.0927,-0.1325,0.0822,2.9097,1.6844,-0.7752,-0.2603
100560365,-0.0099,-0.0072,0.0211,0.0666,0.1034,-0.0347,0.0041,0.0267,-0.1124,0.0238,0.0527,0.1154,-0.1325,0.0822,3.3456,1.6839,-0.7749,-0.2339
100565365,-0.0097,-0.0070,0.0501,0.0858,0.1321,-0.0281,0.0042,0.0188,-0.1119,0.0245,0.0972,0.1380,-0.9942,0.0000,3.4909,1.6650,-0.7757,-0.2171
100570365,-0.0095,-0.0067,0.0702,0.1029,0.1538,-0.0227,0.0048,0.0120,-0.1112,0.0252,0.1285,0.1551,-1.6404,0.0000,3.4909,1.6461,-0.7757,-0.1962
100575365,-0.0092,-0.0062,0.0803,0.1057,0.1627,-0.0202,0.0051,0.0088,-0.1106,0.0260,0.1368,0.1547,-1.6404,0.0000,3.2819,1.6362,-0.7757,-0.1890
100580365,-0.0090,-0.0058,0.0794,0.0959,0.1666,-0.0194,0.0048,0.0082,-0.1099,0.0267,0.1359,0.1449,-1.6404,0.0000,3.2819,1.6297,-0.7757,-0.1672
100585365,-0.0087,-0.0052,0.0660,0.0834,0.1718,-0.0207,0.0052,0.0089,-0.1093,0.0274,0.1224,0.1324,-1.6404,0.0000,3.2819,1.6198,-0.7757,-0.1541
100590365,-0.0082,-0.0050,0.0449,0.0730,0.1792,-0.0231,0.0050,0.0113,-0.1088,0.0280,0.0971,0.1129,-1.6404,0.0559,2.7281,1.6133,-0.7745,-0.1465
100595365,-0.0079,-0.0047,0.0183,0.0620,0.1828,-0.0270,0.0056,0.0144,-0.1085,0.0284,0.0662,0.0944,-1.6404,0.0559,2.2297,1.6034,-0.7742,-0.1466
100600365,-0.0078,-0.0044,-0.0104,0.0489,0.1847,-0.0323,0.0066,0.0186,-0.1083,0.0288,0.0294,0.0722,-1.4714,0.0559,1.6205,1.6005,-0.7740,-0.1472
100605365,-0.0078,-0.0042,-0.0400,0.0254,0.1743,-0.0384,0.0067,0.0251,-0.1084,0.0290,-0.0094,0.0446,-1.0770,0.0559,1.3436,1.6008,-0.7736,-0.1468
100610365,-0.0080,-0.0041,-0.0644,-0.0006,0.1584,-0.0440,0.0057,0.0322,-0.1086,0.0291,-0.0406,0.0136,-0.8516,0.0559,1.0113,1.6014,-0.7734,-0.1464
100615365,-0.0083,-0.0041,-0.0849,-0.0247,0.1495,-0.0491,0.0044,0.0390,-0.1089,0.0290,-0.0668,-0.0138,-0.6262,0.0559,0.7898,1.6014,-0.7731,-0.1472
100620365,-0.0087,-0.0042,-0.1020,-0.0440,0.1422,-0.0539,0.0033,0.0451,-0.1093,0.0289,-0.0873,-0.0355,-0.5136,0.0559,0.6237,1.6013,-0.7728,-0.1463
100625365,-0.0093,-0.0047,-0.1161,-0.0614,0.1395,-0.0595,0.0015,0.0526,-0.1098,0.0286,-0.1043,-0.0546,-0.4009,0.0559,0.5129,1.6008,-0.7725,-0.1464
100630365,-0.0101,-0.0052,-0.1210,-0.0614,0.1392,-0.0635,0.0017,0.0564,-0.1104,0.0283,-0.1116,-0.0571,-0.3445,0.0559,0.3468,1.6005,-0.7723,-0.1471
100635365,-0.0108,-0.0056,-0.1130,-0.0559,0.1419,-0.0651,0.0019,0.0578,-0.1109,0.0280,-0.1056,-0.0515,-0.2318,0.0559,0.3468,1.6011,-0.7720,-0.1458
100640365,-0.0114,-0.0060,-0.0987,-0.0434,0.1483,-0.0651,0.0023,0.0571,-0.1114,0.0278,-0.0922,-0.0390,-0.1755,0.0559,0.3468,1.6013,-0.7717,-0.1437
100645365,-0.0119,-0.0063,-0.0785,-0.0263,0.1569,-0.0637,0.0030,0.0547,-0.1118,0.0277,-0.0730,-0.0219,-0.1192,0.0559,0.3468,1.6014,-0.7714,-0.1423
100650365,-0.0123,-0.0066,-0.0538,-0.0089,0.1663,-0.0609,0.0033,0.0512,-0.1120,0.0277,-0.0482,-0.0045,-0.1192,0.0559,0.3468,1.6009,-0.7712,-0.1402
100655365,-0.0126,-0.0067,-0.0266,0.0086,0.1648,-0.0565,0.0043,0.0459,-0.1121,0.0278,-0.0141,0.0268,-0.0628,0.0559,1.2744,1.6014,-0.7708,-0.1192
100660365,-0.0127,-0.0068,-0.0021,0.0302,0.1584,-0.0519,0.0060,0.0399,-0.1120,0.0281,0.0168,0.0580,-0.1192,0.0559,1.9091,1.5998,-0.7706,-0.0957
100665365,-0.0127,-0.0068,0.0202,0.0452,0.1471,-0.0477,0.0065,0.0356,-0.1118,0.0285,0.0391,0.0730,-0.1192,0.0559,1.9091,1.5991,-0.7703,-0.0880
100670365,-0.0126,-0.0067,0.0363,0.0635,0.1385,-0.0439,0.0085,0.0301,-0.1115,0.0290,0.0602,0.0999,-0.1192,0.0559,2.4859,1.5987,-0.7701,-0.0639
100675365,-0.0124,-0.0065,0.0605,0.0877,0.1340,-0.0387,0.0105,0.0230,-0.1111,0.0296,0.0843,0.1241,-0.1192,0.0559,2.4859,1.5979,-0.7697,-0.0540
100680365,-0.0122,-0.0062,0.0641,0.0941,0.1327,-0.0371,0.0116,0.0203,-0.1106,0.0303,0.0880,0.1305,-0.1192,0.0559,2.4859,1.5975,-0.7695,-0.0391
100685365,-0.0119,-0.0059,0.0663,0.0971,0.1346,-0.0353,0.0121,0.0180,-0.1101,0.0309,0.0958,0.1335,-0.4483,0.0559,2.4859,1.5900,-0.7692,-0.0291
100690365,-0.0117,-0.0057,0.0623,0.0990,0.1373,-0.0335,0.0119,0.0163,-0.1096,0.0316,0.1117,0.1303,-1.7649,0.0559,2.1549,1.5590,-0.7689,-0.0212
100695365,-0.0114,-0.0055,0.0504,0.0977,0.1349,-0.0346,0.0128,0.0167,-0.1091,0.0322,0.0965,0.1233,-1.7649,0.0559,1.7688,1.5484,-0.7686,-0.0210
100700365,-0.0109,-0.0051,0.0370,0.0916,0.1257,-0.0356,0.0135,0.0173,-0.1087,0.0328,0.0793,0.1106,-1.7649,0.0559,1.3274,1.5414,-0.7684,-0.0206
100705365,-0.0108,-0.0045,0.0208,0.0785,0.1239,-0.0379,0.0142,0.0190,-0.1084,0.0332,0.0612,0.0941,-1.7649,0.0559,1.1068,1.5308,-0.7680,-0.0202
100710365,-0.0107,-0.0041,0.0052,0.0602,0.1205,-0.0406,0.0139,0.0221,-0.1082,0.0336,0.0409,0.0709,-1.6579,0.0559,0.7758,1.5259,-0.7678,-0.0212
100715365,-0.0106,-0.0038,-0.0086,0.0400,0.1074,-0.0435,0.0134,0.0259,-0.1081,0.0338,0.0189,0.0491,-1.2301,0.0559,0.6655,1.5258,-0.7675,-0.0210
100720365,-0.0107,-0.0037,-0.0412,0.0040,0.0851,-0.0498,0.0116,0.0349,-0.1082,0.0339,-0.0189,0.0106,-1.0161,0.0559,0.5000,1.5256,-0.7673,-0.0204
100725365,-0.0107,-0.0037,-0.0522,-0.0079,0.0830,-0.0524,0.0109,0.0383,-0.1084,0.0339,-0.0355,-0.0030,-0.7487,0.0559,0.3896,1.5257,-0.7669,-0.0212
100730365,-0.0112,-0.0039,-0.0599,-0.0150,0.0799,-0.0558,0.0106,0.0421,-0.1086,0.0338,-0.0468,-0.0117,-0.5883,0.0559,0.2793,1.5261,-0.7667,-0.0210
100735365,-0.0116,-0.0042,-0.0614,-0.0192,0.0726,-0.0580,0.0103,0.0450,-0.1089,0.0337,-0.0516,-0.0167,-0.4278,0.0559,0.2241,1.5262,-0.7664,-0.0212
100740365,-0.0120,-0.0044,-0.0562,-0.0186,0.0662,-0.0588,0.0099,0.0464,-0.1091,0.0336,-0.0478,-0.0170,-0.3744,0.0559,0.1690,1.5256,-0.7661,-0.0209
100745365,-0.0124,-0.0047,-0.0449,-0.0113,0.0665,-0.0582,0.0099,0.0458,-0.1093,0.0336,-0.0384,-0.0096,-0.2674,0.0559,0.1690,1.5258,-0.7658,-0.0204
100750365,-0.0127,-0.0049,-0.0312,0.0018,0.0701,-0.0570,0.0106,0.0437,-0.1094,0.0336,-0.0255,0.0035,-0.2139,0.0559,0.1690,1.5259,-0.7656,-0.0193
100755365,-0.0128,-0.0050,-0.0107,0.0189,0.0726,-0.0540,0.0114,0.0398,-0.1095,0.0337,-0.0060,0.0206,-0.1604,0.0559,0.1690,1.5258,-0.7652,-0.0187
100760365,-0.0129,-0.0050,0.0113,0.0370,0.0732,-0.0503,0.0124,0.0351,-0.1094,0.0339,0.0160,0.0386,-0.1604,0.0559,0.1690,1.5251,-0.7650,-0.0176
100765365,-0.0129,-0.0048,0.0330,0.0739,0.0707,-0.0462,0.0168,0.0267,-0.1092,0.0343,0.0377,0.0756,-0.1604,0.0559,0.1690,1.5242,-0.7647,-0.0170
100770365,-0.0126,-0.0045,0.0776,0.0889,0.0652,-0.0370,0.0155,0.0189,-0.1088,0.0347,0.0823,0.0906,-0.1604,0.0559,0.1690,1.5236,-0.7645,-0.0159
100775365,-0.0123,-0.0042,0.0941,0.0968,0.0546,-0.0325,0.0158,0.0146,-0.1083,0.0352,0.0988,0.0985,-0.1604,0.0559,0.1690,1.5226,-0.7641,-0.0153
100780365,-0.0119,-0.0039,0.1020,0.1008,0.0390,-0.0293,0.0162,0.0116,-0.1078,0.0357,0.1067,0.1025,-0.1604,0.0559,0.1690,1.5220,-0.7639,-0.0142
100785365,-0.0115,-0.0036,0.1011,0.0974,0.0197,-0.0276,0.0162,0.0107,-0.1072,0.0362,0.1058,0.0991,-0.1604,0.0559,0.1690,1.5210,-0.7636,-0.0137
100790365,-0.0108,-0.0033,0.0916,0.0901,0.0063,-0.0264,0.0158,0.0103,-0.1067,0.0367,0.0963,0.0918,-0.1604,0.0559,0.1690,1.5204,-0.7633,-0.0125
100795365,-0.0102,-0.0029,0.0806,0.0809,0.0005,-0.0258,0.0155,0.0103,-0.1063,0.0371,0.0853,0.0826,-0.1604,0.0559,0.1690,1.5194,-0.7630,-0.0120
100800365,-0.0096,-0.0026,0.0617,0.0715,-0.0062,-0.0270,0.0158,0.0114,-0.1060,0.0375,0.0664,0.0732,-0.1604,0.0559,0.1690,1.5188,-0.7628,-0.0108
100805365,-0.0092,-0.0024,0.0376,0.0599,-0.0148,-0.0296,0.0164,0.0138,-0.1058,0.0378,0.0423,0.0616,-0.1604,0.0559,0.1690,1.5178,-0.7624,-0.0103
100810365,-0.0089,-0.0021,0.0168,0.0507,-0.0093,-0.0322,0.0170,0.0156,-0.1057,0.0380,0.0215,0.0524,-0.1604,0.0559,0.1690,1.5172,-0.7622,-0.0092
100815365,-0.0087,-0.0020,-0.0128,0.0308,-0.0062,-0.0369,0.0166,0.0206,-0.1057,0.0382,-0.0081,0.0325,-0.1604,0.0559,0.1690,1.5162,-0.7619,-0.0086
100820365,-0.0090,-0.0019,-0.0205,0.0241,-0.0065,-0.0394,0.0171,0.0226,-0.1058,0.0383,-0.0158,0.0258,-0.1604,0.0559,0.1690,1.5155,-0.7617,-0.0075
100825365,-0.0092,-0.0020,-0.0195,0.0214,-0.0075,-0.0402,0.0169,0.0236,-0.1059,0.0385,-0.0148,0.0231,-0.1604,0.0559,0.1690,1.5146,-0.7613,-0.0069
100830365,-0.0095,-0.0020,-0.0140,0.0220,-0.0059,-0.0401,0.0167,0.0236,-0.1059,0.0386,-0.0094,0.0237,-0.1604,0.0559,0.1690,1.5139,-0.7611,-0.0058
100835365,-0.0096,-0.0021,-0.0067,0.0238,0.0008,-0.0395,0.0165,0.0230,-0.1059,0.0387,-0.0020,0.0255,-0.1604,0.0559,0.1690,1.5130,-0.7608,-0.0052
100840365,-0.0097,-0.0021,0.0058,0.0308,0.0011,-0.0377,0.0166,0.0210,-0.1059,0.0389,0.0105,0.0325,-0.1604,0.0559,0.1690,1.5123,-0.7605,-0.0041
100845365,-0.0098,-0.0021,0.0195,0.0376,-0.0053,-0.0352,0.0166,0.0189,-0.1057,0.0391,0.0242,0.0393,-0.1604,0.0559,0.1690,1.5114,-0.7602,-0.0035
100850365,-0.0097,-0.0020,0.0305,0.0446,-0.0093,-0.0330,0.0168,0.0166,-0.1056,0.0393,0.0352,0.0463,-0.1604,0.0559,0.1690,1.5107,-0.7600,-0.0024
100855365,-0.0096,-0.0020,0.0391,0.0528,-0.0111,-0.0311,0.0173,0.0142,-0.1053,0.0396,0.0438,0.0545,-0.1604,0.0559,0.1690,1.5098,-0.7596,-0.0019
100860365,-0.0095,-0.0019,0.0519,0.0617,-0.0117,-0.0281,0.0175,0.0110,-0.1051,0.0399,0.0566,0.0634,-0.1604,0.0559,0.1690,1.5091,-0.7594,-0.0007
100865365,-0.0093,-0.0018,0.0519,0.0660,-0.0209,-0.0273,0.0183,0.0097,-0.1048,0.0402,0.0566,0.0677,-0.1604,0.0559,0.1690,1.5082,-0.7591,-0.0002
100870365,-0.0092,-0.0016,0.0519,0.0666,-0.0221,-0.0267,0.0187,0.0089,-0.1045,0.0406,0.0566,0.0683,-0.1604,0.0559,0.1690,1.5075,-0.7589,0.0010
100875365,-0.0090,-0.0015,0.0504,0.0657,-0.0194,-0.0265,0.0189,0.0083,-0.1042,0.0409,0.0551,0.0674,-0.1604,0.0559,0.1690,1.5066,-0.7585,0.0015
100880365,-0.0089,-0.0013,0.0480,0.0638,-0.0188,-0.0266,0.0192,0.0081,-0.1040,0.0412,0.0527,0.0655,-0.1604,0.0559,0.1690,1.5059,-0.7583,0.0027
100885365,-0.0089,-0.0011,0.0437,0.0623,-0.0224,-0.0261,0.0179,0.0090,-0.1037,0.0414,0.0615,0.0413,-0.1604,1.5859,0.1690,1.5050,-0.7243,0.0032
100890365,-0.0088,-0.0010,0.0409,0.0571,-0.0252,-0.0263,0.0177,0.0095,-0.1034,0.0416,0.0588,0.0361,-0.1604,1.5859,0.1690,1.5043,-0.7180,0.0043
100895365,-0.0088,-0.0009,0.0382,0.0574,-0.0218,-0.0266,0.0182,0.0092,-0.1031,0.0418,0.0560,0.0364,-0.1604,1.5859,0.1690,1.5034,-0.7084,0.0049
100900365,-0.0087,-0.0008,0.0363,0.0562,-0.0172,-0.0266,0.0182,0.0091,-0.1028,0.0420,0.0542,0.0352,-0.1604,1.5859,0.1690,1.5027,-0.7005,0.0060
100905365,-0.0086,-0.0008,0.0376,0.0589,-0.0145,-0.0261,0.0186,0.0081,-0.1025,0.0422,0.0554,0.0379,-0.1604,1.5859,0.1690,1.5017,-0.6942,0.0067
100910365,-0.0085,-0.0007,0.0412,0.0617,-0.0087,-0.0252,0.0190,0.0065,-0.1022,0.0424,0.0566,0.0450,-0.1604,1.2938,0.1690,1.5011,-0.6910,0.0077
100915365,-0.0084,-0.0005,0.0406,0.0638,-0.0029,-0.0252,0.0199,0.0054,-0.1020,0.0426,0.0551,0.0486,-0.1604,1.1965,0.1690,1.5001,-0.6881,0.0084
100920365,-0.0083,-0.0004,0.0415,0.0702,0.0029,-0.0247,0.0210,0.0035,-0.1017,0.0429,0.0561,0.0550,-0.1604,1.1965,0.1690,1.4995,-0.6809,0.0094
100925365,-0.0082,-0.0001,0.0510,0.0702,0.0304,-0.0230,0.0207,0.0011,-0.1014,0.0432,0.0655,0.0550,-0.1604,1.1965,0.1690,1.4985,-0.6761,0.0101
100930365,-0.0081,0.0003,0.0571,0.0693,0.0487,-0.0215,0.0209,-0.0013,-0.1010,0.0434,0.0716,0.0541,-0.1604,1.1965,0.1690,1.4979,-0.6690,0.0111
100935365,-0.0078,0.0006,0.0724,0.0519,0.0640,-0.0180,0.0172,-0.0016,-0.1006,0.0436,0.0869,0.0367,-0.1604,1.1965,0.1690,1.4971,-0.6642,0.0118
100940365,-0.0075,0.0009,0.0809,0.0379,0.0659,-0.0149,0.0135,-0.0012,-0.1001,0.0437,0.1016,0.0120,-0.1604,1.9116,0.1690,1.4961,-0.6392,0.0128
100945365,-0.0073,0.0010,0.0916,0.0278,0.0576,-0.0116,0.0109,-0.0015,-0.0995,0.0437,0.1123,0.0019,-0.1604,1.9116,0.1690,1.4955,-0.6316,0.0135
100950365,-0.0069,0.0011,0.0999,0.0159,0.0784,-0.0090,0.0076,-0.0017,-0.0989,0.0436,0.1206,-0.0100,-0.1604,1.9116,0.1690,1.4945,-0.6201,0.0145
100955365,-0.0065,0.0011,0.1078,0.0079,0.0796,-0.0061,0.0047,-0.0017,-0.0983,0.0436,0.1285,-0.0180,-0.1604,1.9116,0.1690,1.4939,-0.6124,0.0152
100960365,-0.0058,0.0009,0.1035,0.0125,0.0671,-0.0040,0.0042,-0.0400,-0.0976,0.0435,0.1233,-0.0119,-0.1604,1.8083,0.1690,1.4929,-0.6031,0.0162
100965365,-0.0052,0.0007,0.1035,0.0153,0.0478,-0.0015,0.0035,-0.0038,-0.0970,0.0435,0.1207,-0.0045,-0.1604,1.4985,0.1690,1.4923,-0.6026,0.0168
100970365,-0.0046,0.0006,0.0941,0.0293,0.0405,-0.0010,0.0056,-0.0062,-0.0965,0.0436,0.1076,0.0157,-0.1604,1.0854,0.1690,1.4913,-0.6031,0.0179
100975365,-0.0041,0.0007,0.0849,0.0498,0.0509,-0.0007,0.0087,-0.0100,-0.0960,0.0437,0.0971,0.0385,-0.1604,0.9305,0.1690,1.4907,-0.6022,0.0185
100980365,-0.0036,0.0007,0.0721,0.0626,0.0432,-0.0013,0.0116,-0.0120,-0.0956,0.0440,0.0821,0.0551,-0.1604,0.6723,0.1690,1.4897,-0.6026,0.0195
100985365,-0.0031,0.0010,0.0599,0.0693,0.0295,-0.0013,0.0141,-0.0139,-0.0953,0.0443,0.0686,0.0627,-0.1604,0.5691,0.1205,1.4891,-0.6023,0.0192
100990365,-0.0026,0.0013,0.0464,0.0770,0.0283,-0.0020,0.0169,-0.0160,-0.0950,0.0447,0.0538,0.0726,-0.1604,0.4142,0.1205,1.4881,-0.6025,0.0200
100995365,-0.0022,0.0016,0.0394,0.0757,0.0475,-0.0019,0.0173,-0.0172,-0.0948,0.0451,0.0455,0.0722,-0.1604,0.3109,0.0721,1.4875,-0.6031,0.0195
101000365,-0.0022,0.0019,0.0315,0.0761,0.0625,-0.0036,0.0191,-0.0179,-0.0946,0.0454,0.0371,0.0733,-0.1604,0.2592,0.0721,1.4865,-0.6024,0.0197
101005365,-0.0022,0.0022,0.0397,0.0770,0.0613,-0.0019,0.0193,-0.0197,-0.0944,0.0458,0.0449,0.0750,-0.1604,0.2076,0.0721,1.4859,-0.6026,0.0202
101010365,-0.0021,0.0025,0.0510,0.0782,0.0552,-0.0005,0.0186,-0.0202,-0.0941,0.0461,0.0423,0.0536,-0.1604,0.1560,-1.4895,1.4849,-0.6026,-0.0130
101015365,-0.0020,0.0028,0.0574,0.0782,0.0503,0.0009,0.0187,-0.0216,-0.0939,0.0463,0.0454,0.0495,-0.1604,0.1043,-1.8205,1.4843,-0.6031,-0.0304
101020365,-0.0018,0.0032,0.0657,0.0727,0.0546,0.0400,0.0181,-0.0234,-0.0936,0.0465,0.0536,0.0440,-0.1604,0.1043,-1.8205,1.4833,-0.6024,-0.0376
101025365,-0.0015,0.0037,0.0712,0.0733,0.0710,0.0051,0.0187,-0.0265,-0.0934,0.0468,0.0587,0.0454,-0.1604,0.0527,-1.8205,1.4827,-0.6031,-0.0486
101030365,-0.0009,0.0039,0.0730,0.0709,0.0713,0.0077,0.0176,-0.0281,-0.0930,0.0470,0.0605,0.0429,-0.1604,0.0527,-1.8205,1.4817,-0.6028,-0.0559
101035365,-0.0003,0.0042,0.0791,0.0687,0.0600,0.0115,0.0165,-0.0303,-0.0927,0.0472,0.0666,0.0408,-0.1604,0.0527,-1.8205,1.4811,-0.6026,-0.0668
101040365,0.0001,0.0043,0.0742,0.0736,0.0683,0.0121,0.0173,-0.0320,-0.0924,0.0474,0.0622,0.0465,-0.1604,0.0527,-1.7680,1.4801,-0.6023,-0.0728
101045365,0.0007,0.0047,0.0684,0.0849,0.0445,0.0136,0.0202,-0.0355,-0.0921,0.0477,0.0559,0.0586,-0.1604,0.0000,-1.7680,1.4794,-0.6032,-0.0834
101050365,0.0011,0.0048,0.0501,0.0669,-0.0059,0.0122,0.0190,-0.0310,-0.0920,0.0479,0.0342,0.0347,-0.1604,0.0000,-2.1586,1.4785,-0.6032,-0.0985
101055365,0.0013,0.0052,0.0345,0.0513,-0.0181,0.0104,0.0188,-0.0285,-0.0919,0.0480,0.0165,0.0155,-0.1604,0.0000,-2.4027,1.4778,-0.6032,-0.1177
101060365,0.0015,0.0054,0.0229,0.0232,-0.0319,0.0093,0.0160,-0.0242,-0.0918,0.0479,0.0049,-0.0126,-0.1604,0.0000,-2.4027,1.4769,-0.6032,-0.1273
101065365,0.0017,0.0055,0.0250,-0.0098,-0.0637,0.0104,0.0109,-0.0188,-0.0918,0.0476,0.0037,-0.0514,-0.1604,0.0000,-2.7904,1.4762,-0.6032,-0.1501
101070365,0.0017,0.0054,0.0235,-0.0327,-0.0811,0.0104,0.0073,-0.0146,-0.0918,0.0473,0.0022,-0.0743,-0.1604,0.0000,-2.7904,1.4753,-0.6032,-0.1613
101075365,0.0018,0.0053,0.0296,-0.0550,-0.0823,0.0118,0.0026,-0.0112,-0.0918,0.0468,0.0073,-0.0966,-0.1051,0.0000,-2.7904,1.4758,-0.6032,-0.1780
101080365,0.0020,0.0051,0.0403,-0.0629,-0.0768,0.0146,-0.0008,-0.0109,-0.0917,0.0463,0.0180,-0.1045,-0.1051,0.0000,-2.7904,1.4752,-0.6032,-0.1892
101085365,0.0023,0.0049,0.0409,-0.0681,-0.0734,0.0164,-0.0400,-0.0108,-0.0916,0.0458,0.0231,-0.1003,-0.0497,0.0000,-2.1632,1.4759,-0.6032,-0.1919
101090365,0.0027,0.0046,0.0406,-0.0657,-0.0963,0.0183,-0.0033,-0.0113,-0.0914,0.0453,0.0260,-0.0924,-0.0497,0.0000,-1.7974,1.4756,-0.6032,-0.1925
101095365,0.0029,0.0041,0.0464,-0.0519,-0.0826,0.0204,-0.0038,-0.0134,-0.0913,0.0449,0.0358,-0.0717,-0.0497,0.0000,-1.3271,1.4754,-0.6032,-0.1923
101100365,0.0032,0.0037,0.0513,-0.0315,-0.0695,0.0224,-0.0030,-0.0167,-0.0911,0.0447,0.0430,-0.0473,-0.0497,0.0000,-1.0658,1.4751,-0.6032,-0.1919
101105365,0.0035,0.0034,0.0495,-0.0049,-0.0811,0.0226,0.0400,-0.0217,-0.0909,0.0447,0.0291,0.0078,-0.0497,-1.6504,-0.8044,1.4749,-0.6392,-0.1923
101110365,0.0039,0.0033,0.0467,0.0293,-0.1061,0.0236,0.0077,-0.0273,-0.0908,0.0450,0.0236,0.0501,0.0000,-2.0355,-0.6477,1.4760,-0.6589,-0.1921
101115365,0.0042,0.0034,0.0428,0.0605,-0.1180,0.0242,0.0127,-0.0324,-0.0907,0.0454,0.0192,0.0805,0.0000,-2.0355,-0.6999,1.4760,-0.6671,-0.1973
101120365,0.0044,0.0035,0.0370,0.0886,-0.1205,0.0213,0.0192,-0.0359,-0.0908,0.0459,-0.0244,0.1085,2.1928,-2.0355,-0.6999,1.5264,-0.6793,-0.2001
101125365,0.0045,0.0039,0.0379,0.1063,-0.1223,0.0219,0.0229,-0.0401,-0.0909,0.0466,-0.0234,0.1262,2.1928,-2.0355,-0.6999,1.5352,-0.6874,-0.2043
101130365,0.0047,0.0045,0.0437,0.1115,-0.1186,0.0238,0.0246,-0.0438,-0.0910,0.0472,-0.0139,0.1249,2.1928,-1.5973,-0.6999,1.5484,-0.6898,-0.2071
101135365,0.0050,0.0052,0.0519,0.1048,-0.1165,0.0266,0.0241,-0.0462,-0.0910,0.0478,-0.0031,0.1138,2.1928,-1.3053,-0.6999,1.5571,-0.6897,-0.2113
101140365,0.0052,0.0056,0.0476,0.0562,-0.0921,0.0274,0.0167,-0.0405,-0.0910,0.0481,0.0037,0.0601,1.7226,-0.9645,-0.6999,1.5598,-0.6897,-0.2141
101145365,0.0055,0.0058,0.0403,0.0238,-0.0899,0.0273,0.0115,-0.0354,-0.0910,0.0481,-0.0034,0.0141,1.4404,-0.7698,-1.4264,1.5604,-0.6893,-0.2364
101150365,0.0058,0.0060,0.0299,0.0012,-0.0875,0.0267,0.0084,-0.0318,-0.0911,0.0481,-0.0097,-0.0114,1.2994,-0.5751,-1.4264,1.5655,-0.6895,-0.2421
101155365,0.0060,0.0060,0.0223,-0.0202,-0.0838,0.0263,0.0052,-0.0283,-0.0911,0.0479,-0.0165,-0.0343,1.2994,-0.4777,-1.4264,1.5707,-0.6897,-0.2506
101160365,0.0063,0.0059,0.0101,-0.0385,-0.0896,0.0252,0.0024,-0.0242,-0.0913,0.0476,-0.0274,-0.0548,1.2994,-0.3317,-1.4264,1.5785,-0.6893,-0.2563
101165365,0.0065,0.0057,-0.0012,-0.0492,-0.0808,0.0236,0.0002,-0.0207,-0.0915,0.0473,-0.0417,-0.0720,1.2994,-0.2830,-1.8126,1.5837,-0.6896,-0.2733
101170365,0.0066,0.0054,-0.0110,-0.0504,-0.0753,0.0225,-0.0007,-0.0190,-0.0917,0.0469,-0.0510,-0.0739,1.2994,-0.2343,-1.8126,1.5915,-0.6901,-0.2806
101175365,0.0068,0.0051,-0.0186,-0.0455,-0.0771,0.0214,-0.0004,-0.0180,-0.0921,0.0465,-0.0631,-0.0698,1.5811,-0.1856,-1.8126,1.6027,-0.6899,-0.2915
101180365,0.0069,0.0047,-0.0266,-0.0367,-0.0734,0.0203,0.0003,-0.0177,-0.0924,0.0462,-0.0706,-0.0616,1.5811,-0.1369,-1.8126,1.6122,-0.6898,-0.2987
101185365,0.0068,0.0044,-0.0351,-0.0134,-0.0756,0.0187,0.0037,-0.0196,-0.0928,0.0460,-0.0787,-0.0391,1.5811,-0.0883,-1.8126,1.6185,-0.6893,-0.3096
101190365,0.0069,0.0042,-0.0330,-0.0003,-0.0743,0.0191,0.0048,-0.0211,-0.0932,0.0459,-0.0766,-0.0260,1.5811,-0.0883,-1.8126,1.6280,-0.6899,-0.3168
101195365,0.0067,0.0040,-0.0330,0.0104,-0.0737,0.0188,0.0063,-0.0223,-0.0936,0.0459,-0.0717,-0.0096,1.5811,0.0000,-1.3406,1.6343,-0.6892,-0.3170
101200365,0.0064,0.0040,-0.0296,0.0223,-0.0691,0.0184,0.0083,-0.0240,-0.0939,0.0459,-0.0666,0.0054,1.5811,0.0000,-1.1309,1.6438,-0.6892,-0.3178
101205365,0.0061,0.0040,-0.0235,0.0302,-0.0667,0.0186,0.0098,-0.0258,-0.0942,0.0460,-0.0578,0.0180,1.5811,0.0000,-0.8162,1.6501,-0.6892,-0.3173
101210365,0.0059,0.0041,-0.0168,0.0363,-0.0713,0.0195,0.0109,-0.0278,-0.0944,0.0461,-0.0423,0.0265,1.1503,0.0000,-0.6589,1.6497,-0.6892,-0.3172
101215365,0.0057,0.0043,-0.0046,0.0397,-0.0691,0.0217,0.0117,-0.0308,-0.0945,0.0463,-0.0207,0.0397,0.9348,0.0000,0.0000,1.6497,-0.6892,-0.3073
101220365,0.0056,0.0046,0.0061,0.0400,-0.0637,0.0246,0.0128,-0.0350,-0.0944,0.0466,0.0085,0.0654,0.7194,0.0000,1.7101,1.6503,-0.6892,-0.2697
101225365,0.0056,0.0049,0.0214,0.0400,-0.0566,0.0275,0.0122,-0.0375,-0.0943,0.0470,0.0266,0.0654,0.5579,0.0000,1.7101,1.6497,-0.6892,-0.2594
101230365,0.0056,0.0050,0.0299,0.0278,-0.0664,0.0293,0.0101,-0.0369,-0.0941,0.0472,0.0370,0.0532,0.4501,0.0000,1.7101,1.6505,-0.6892,-0.2526
101235365,0.0059,0.0052,0.0351,0.0189,-0.0594,0.0314,0.0083,-0.0374,-0.0939,0.0475,0.0440,0.0444,0.3424,0.0000,1.7101,1.6499,-0.6892,-0.2423
101240365,0.0062,0.0054,0.0327,0.0089,-0.0499,0.0321,0.0067,-0.0369,-0.0937,0.0476,0.0434,0.0343,0.2347,0.0000,1.7101,1.6496,-0.6892,-0.2355
101245365,0.0065,0.0055,0.0278,-0.0006,-0.0493,0.0323,0.0052,-0.0356,-0.0935,0.0477,0.0364,0.0212,0.2347,0.0000,1.4680,1.6505,-0.6892,-0.2304
101250365,0.0068,0.0054,0.0202,-0.0055,-0.0493,0.0321,0.0040,-0.0343,-0.0934,0.0478,0.0276,0.0127,0.1809,0.0000,1.2258,1.6506,-0.6892,-0.2299
101255365,0.0071,0.0054,0.0144,-0.0043,-0.0435,0.0321,0.0037,-0.0341,-0.0933,0.0478,0.0198,0.0089,0.1270,0.0000,0.8868,1.6500,-0.6892,-0.2304
101260365,0.0074,0.0053,0.0076,-0.0024,-0.0288,0.0317,0.0037,-0.0342,-0.0932,0.0479,0.0128,0.0086,0.0732,0.0000,0.7415,1.6496,-0.6892,-0.2301
101265365,0.0076,0.0053,0.0027,0.0006,-0.0236,0.0316,0.0038,-0.0345,-0.0932,0.0479,0.0062,0.0088,0.0732,0.0000,0.5477,1.6499,-0.6892,-0.2301
101270365,0.0077,0.0055,0.0012,0.0027,-0.0285,0.0315,0.0047,-0.0352,-0.0932,0.0480,0.0039,0.0094,0.0732,0.0000,0.4509,1.6504,-0.6892,-0.2301
101275365,0.0078,0.0056,0.0012,0.0058,-0.0136,0.0319,0.0051,-0.0364,-0.0931,0.0480,0.0039,0.0103,0.0000,0.0000,0.3056,1.6495,-0.6892,-0.2307
101280365,0.0080,0.0058,0.0037,0.0104,-0.0029,0.0328,0.0056,-0.0383,-0.0931,0.0481,0.0059,0.0142,0.0000,0.0000,0.2572,1.6495,-0.6892,-0.2305
101285365,0.0080,0.0060,0.0049,0.0073,-0.0004,0.0332,0.0055,-0.0386,-0.0931,0.0482,0.0067,0.0104,0.0000,0.0000,0.2087,1.6495,-0.6892,-0.2301
101290365,0.0081,0.0061,0.0049,0.0058,-0.0010,0.0337,0.0055,-0.0391,-0.0930,0.0482,0.0063,0.0082,0.0000,0.0000,0.1603,1.6495,-0.6892,-0.2303
101295365,0.0083,0.0062,0.0034,0.0006,0.0057,0.0341,0.0046,-0.0388,-0.0930,0.0482,0.0043,0.0023,0.0000,0.0000,0.1119,1.6495,-0.6892,-0.2305
101300365,0.0085,0.0062,-0.0006,-0.0043,0.0222,0.0339,0.0036,-0.0384,-0.0930,0.0482,0.0004,-0.0026,0.0000,0.0000,0.1119,1.6495,-0.6892,-0.2300
101305365,0.0087,0.0062,-0.0037,-0.0064,0.0310,0.0340,0.0029,-0.0382,-0.0930,0.0482,-0.0031,-0.0055,0.0000,0.0000,0.0634,1.6495,-0.6892,-0.2305
101310365,0.0089,0.0062,-0.0095,-0.0089,0.0289,0.0337,0.0028,-0.0375,-0.0931,0.0481,-0.0089,-0.0079,0.0000,0.0000,0.0634,1.6495,-0.6892,-0.2303
101315365,0.0090,0.0062,-0.0134,-0.0110,0.0295,0.0334,0.0025,-0.0371,-0.0931,0.0481,-0.0129,-0.0101,0.0000,0.0000,0.0634,1.6495,-0.6892,-0.2299
101320365,0.0091,0.0062,-0.0189,-0.0156,0.0487,0.0324,0.0019,-0.0362,-0.0932,0.0480,-0.0189,-0.0156,0.0000,0.0000,0.0000,1.6495,-0.6892,-0.2308
101325365,0.0092,0.0062,-0.0235,-0.0174,0.0536,0.0317,0.0018,-0.0356,-0.0934,0.0479,-0.0244,-0.0174,0.0539,0.0000,0.0000,1.6508,-0.6892,-0.2308
101330365,0.0092,0.0061,-0.0250,-0.0189,0.0481,0.0308,0.0006,-0.0332,-0.0936,0.0477,-0.0389,-0.0411,0.0539,0.0000,-1.4895,1.6511,-0.6892,-0.2630
101335365,0.0092,0.0062,-0.0254,-0.0205,0.0460,0.0304,0.0003,-0.0325,-0.0938,0.0475,-0.0420,-0.0475,0.0539,0.0000,-1.8205,1.6513,-0.6892,-0.2804
101340365,0.0093,0.0061,-0.0250,-0.0238,0.0509,0.0307,-0.0006,-0.0320,-0.0940,0.0472,-0.0417,-0.0509,0.0539,0.0000,-1.8205,1.6517,-0.6892,-0.2876
101345365,0.0093,0.0060,-0.0290,-0.0287,0.0524,0.0302,-0.0016,-0.0306,-0.0942,0.0469,-0.0457,-0.0558,0.0539,0.0000,-1.8205,1.6519,-0.6892,-0.2986
101350365,0.0094,0.0058,-0.0348,-0.0299,0.0494,0.0294,-0.0019,-0.0294,-0.0945,0.0466,-0.0515,-0.0570,0.0539,0.0000,-1.8205,1.6522,-0.6892,-0.3059
101355365,0.0094,0.0056,-0.0373,-0.0321,0.0460,0.0291,-0.0400,-0.0280,-0.0947,0.0464,-0.0539,-0.0591,0.0539,0.0000,-1.8205,1.6524,-0.6892,-0.3168
101360365,0.0094,0.0053,-0.0397,-0.0330,0.0475,0.0290,-0.0037,-0.0271,-0.0950,0.0461,-0.0536,-0.0554,0.0539,0.0000,-1.5058,1.6527,-0.6892,-0.3172
101365365,0.0094,0.0049,-0.0400,-0.0312,0.0542,0.0288,-0.0044,-0.0265,-0.0953,0.0458,-0.0508,-0.0481,0.0539,0.0000,-1.1388,1.6529,-0.6892,-0.3178
101370365,0.0092,0.0045,-0.0397,-0.0229,0.0576,0.0282,-0.0039,-0.0264,-0.0955,0.0457,-0.0487,-0.0367,0.0539,0.0000,-0.9290,1.6533,-0.6892,-0.3177
101375365,0.0089,0.0042,-0.0348,-0.0208,0.0567,0.0281,-0.0044,-0.0259,-0.0957,0.0455,-0.0415,-0.0307,0.0539,0.0000,-0.6668,1.6535,-0.6892,-0.3172
101380365,0.0086,0.0040,-0.0296,-0.0199,0.0558,0.0279,-0.0046,-0.0254,-0.0959,0.0454,-0.0354,-0.0282,0.0539,0.0000,-0.5619,1.6538,-0.6892,-0.3176
101385365,0.0083,0.0038,-0.0266,-0.0183,0.0558,0.0275,-0.0051,-0.0246,-0.0960,0.0452,-0.0310,-0.0243,0.0539,0.0000,-0.4046,1.6540,-0.6892,-0.3174
101390365,0.0081,0.0035,-0.0223,-0.0186,0.0509,0.0274,-0.0059,-0.0235,-0.0962,0.0451,-0.0263,-0.0239,0.0539,0.0000,-0.3522,1.6543,-0.6892,-0.3178
101395365,0.0079,0.0032,-0.0211,-0.0168,0.0454,0.0269,-0.0061,-0.0226,-0.0963,0.0450,-0.0241,-0.0205,0.0539,0.0000,-0.2473,1.6546,-0.6892,-0.3175
101400365,0.0077,0.0029,-0.0192,-0.0180,0.0448,0.0267,-0.0072,-0.0212,-0.0964,0.0449,-0.0218,-0.0209,0.0539,0.0000,-0.1949,1.6549,-0.6892,-0.3173
101405365,0.0075,0.0026,-0.0177,-0.0186,0.0457,0.0262,-0.0081,-0.0198,-0.0965,0.0448,-0.0199,-0.0208,0.0539,0.0000,-0.1424,1.6551,-0.6892,-0.3173
101410365,0.0075,0.0022,-0.0168,-0.0186,0.0454,0.0264,-0.0094,-0.0187,-0.0966,0.0447,-0.0190,-0.0208,0.0539,0.0000,-0.1424,1.6554,-0.6892,-0.3179
101415365,0.0076,0.0022,-0.0174,-0.0192,0.0393,0.0269,-0.0098,-0.0186,-0.0967,0.0446,-0.0191,-0.0206,0.0539,0.0000,-0.0900,1.6556,-0.6892,-0.3174
101420365,0.0075,0.0018,-0.0205,-0.0220,0.0399,0.0259,-0.0110,-0.0164,-0.0968,0.0445,-0.0222,-0.0233,0.0539,0.0000,-0.0900,1.6560,-0.6892,-0.3178
101425365,0.0074,0.0014,-0.0192,-0.0229,0.0414,0.0258,-0.0123,-0.0150,-0.0969,0.0444,-0.0202,-0.0229,0.0539,0.0000,0.0000,1.6562,-0.6892,-0.3170
101430365,0.0074,0.0011,-0.0192,-0.0208,0.0402,0.0255,-0.0131,-0.0139,-0.0970,0.0443,-0.0202,-0.0208,0.0539,0.0000,0.0000,1.6565,-0.6892,-0.3170
101435365,0.0072,0.0007,-0.0183,-0.0223,0.0341,0.0252,-0.0143,-0.0122,-0.0971,0.0442,-0.0193,-0.0223,0.0539,0.0000,0.0000,1.6567,-0.6892,-0.3170
101440365,0.0071,0.0007,-0.0189,-0.0244,0.0316,0.0246,-0.0143,-0.0115,-0.0972,0.0440,-0.0199,-0.0244,0.0539,0.0000,0.0000,1.6570,-0.6892,-0.3170
101445365,0.0070,0.0003,-0.0214,-0.0257,0.0326,0.0237,-0.0154,-0.0096,-0.0973,0.0439,-0.0223,-0.0257,0.0539,0.0000,0.0000,1.6573,-0.6892,-0.3170
101450364,0.0068,-0.0001,-0.0214,-0.0260,0.0289,0.0232,-0.0164,-0.0079,-0.0974,0.0438,-0.0223,-0.0260,0.0539,0.0000,0.0000,1.6576,-0.6892,-0.3170
101455365,0.0068,-0.0004,-0.0229,-0.0254,0.0246,0.0227,-0.0173,-0.0063,-0.0975,0.0436,-0.0238,-0.0254,0.0539,0.0000,0.0000,1.6578,-0.6892,-0.3170
101460365,0.0067,-0.0008,-0.0223,-0.0250,0.0185,0.0226,-0.0185,-0.0049,-0.0977,0.0435,-0.0232,-0.0250,0.0539,0.0000,0.0000,1.6581,-0.6892,-0.3170
101465365,0.0067,-0.0012,-0.0226,-0.0229,0.0170,0.0225,-0.0193,-0.0038,-0.0978,0.0434,-0.0235,-0.0229,0.0539,0.0000,0.0000,1.6583,-0.6892,-0.3170
101470365,0.0065,-0.0015,-0.0257,-0.0220,0.0158,0.0213,-0.0198,-0.0021,-0.0979,0.0433,-0.0266,-0.0220,0.0539,0.0000,0.0000,1.6587,-0.6892,-0.3170
101475365,0.0063,-0.0019,-0.0269,-0.0214,0.0130,0.0204,-0.0204,-0.0005,-0.0980,0.0432,-0.0278,-0.0214,0.0539,0.0000,0.0000,1.6589,-0.6892,-0.3170
101480365,0.0062,-0.0022,-0.0272,-0.0211,0.0130,0.0195,-0.0211,0.0011,-0.0982,0.0431,-0.0285,-0.0203,0.0539,-0.0487,0.0000,1.6592,-0.6905,-0.3170
101485365,0.0060,-0.0026,-0.0269,-0.0202,0.0158,0.0188,-0.0217,0.0400,-0.0983,0.0430,-0.0273,-0.0178,0.0539,-0.0487,0.1103,1.6594,-0.6907,-0.3148
101490365,0.0057,-0.0029,-0.0254,-0.0180,0.0158,0.0193,-0.0208,0.0009,-0.0984,0.0431,-0.0106,0.0106,0.0539,-0.0487,1.8756,1.6597,-0.6909,-0.2756
101495365,0.0057,-0.0032,-0.0247,-0.0189,0.0118,0.0194,-0.0219,0.0021,-0.0984,0.0431,-0.0081,0.0130,0.0539,-0.0487,2.0963,1.6600,-0.6911,-0.2587
101500365,0.0055,-0.0036,-0.0250,-0.0177,0.0014,0.0190,-0.0225,0.0035,-0.0985,0.0432,-0.0084,0.0142,0.0539,-0.0487,2.0963,1.6603,-0.6914,-0.2503
101505365,0.0055,-0.0039,-0.0299,-0.0131,-0.0188,0.0175,-0.0207,0.0038,-0.0986,0.0434,-0.0228,0.0353,0.0539,-1.1566,2.0963,1.6605,-0.7152,-0.2377
101510365,0.0054,-0.0040,-0.0388,0.0269,-0.0377,0.0154,-0.0129,-0.0010,-0.0987,0.0438,-0.0361,0.0817,0.0539,-1.6314,2.0478,1.6608,-0.7342,-0.2303
101515365,0.0053,-0.0040,-0.0464,0.0455,-0.0453,0.0132,-0.0094,-0.0400,-0.0990,0.0442,-0.0484,0.0924,0.0539,-1.6314,1.5151,1.6610,-0.7407,-0.2303
101520365,0.0052,-0.0038,-0.0550,0.0571,-0.0539,0.0113,-0.0061,-0.0032,-0.0993,0.0447,-0.0594,0.0997,0.0539,-1.6314,1.2245,1.6614,-0.7505,-0.2306
101525365,0.0051,-0.0036,-0.0611,0.0602,-0.0716,0.0102,-0.0039,-0.0035,-0.0996,0.0453,-0.0651,0.1035,0.0539,-1.6314,1.2729,1.6616,-0.7570,-0.2220
101530366,0.0050,-0.0032,-0.0681,0.0565,-0.0890,0.0085,-0.0021,-0.0030,-0.1000,0.0458,-0.0721,0.0998,0.0539,-1.6314,1.2729,1.6619,-0.7668,-0.2169
101535365,0.0046,-0.0029,-0.0742,0.0507,-0.0762,0.0058,-0.0005,-0.0023,-0.1004,0.0462,-0.0782,0.0940,0.0539,-1.6314,1.2729,1.6621,-0.7733,-0.2093
101540365,0.0041,-0.0026,-0.0791,0.0391,-0.0450,0.0027,-0.0008,-0.0001,-0.1008,0.0466,-0.0798,0.0766,0.0539,-1.2399,1.2729,1.6624,-0.7741,-0.2042
101545365,0.0036,-0.0024,-0.0721,0.0269,-0.0224,0.0019,-0.0023,0.0013,-0.1011,0.0469,-0.0708,0.0610,0.0539,-1.0161,1.2729,1.6626,-0.7741,-0.1966
101550365,0.0032,-0.0023,-0.0602,0.0171,-0.0227,0.0024,-0.0040,0.0400,-0.1014,0.0471,-0.0574,0.0455,0.0539,-0.7365,1.1684,1.6630,-0.7738,-0.1936
101555365,0.0028,-0.0023,-0.0489,-0.0076,-0.0349,0.0029,-0.0084,0.0069,-0.1016,0.0472,-0.0478,0.0144,0.0539,-0.6246,0.8548,1.6632,-0.7743,-0.1937
101560365,0.0026,-0.0023,-0.0195,-0.0134,-0.0166,0.0070,-0.0122,0.0058,-0.1017,0.0472,-0.0184,0.0038,0.0539,-0.4568,0.6981,1.6635,-0.7741,-0.1937
101565365,0.0023,-0.0025,-0.0119,-0.0202,-0.0163,0.0074,-0.0143,0.0075,-0.1018,0.0472,-0.0112,-0.0069,0.0539,-0.3449,0.5413,1.6637,-0.7735,-0.1931
101570365,0.0021,-0.0027,-0.0049,-0.0235,-0.0404,0.0083,-0.0159,0.0091,-0.1018,0.0471,-0.0045,-0.0127,0.0539,-0.2890,0.4367,1.6640,-0.7743,-0.1932
101575365,0.0022,-0.0031,-0.0061,-0.0247,-0.0572,0.0086,-0.0173,0.0109,-0.1018,0.0470,-0.0062,-0.0163,0.0539,-0.2331,0.3322,1.6643,-0.7742,-0.1931
101580365,0.0023,-0.0035,-0.0082,-0.0208,-0.0569,0.0084,-0.0179,0.0117,-0.1019,0.0470,-0.0083,-0.0140,0.0539,-0.1771,0.2800,1.6646,-0.7742,-0.1929
101585365,0.0023,-0.0038,-0.0140,-0.0153,-0.0450,0.0073,-0.0180,0.0125,-0.1020,0.0469,-0.0145,-0.0108,0.0539,-0.1212,0.1754,1.6648,-0.7737,-0.1936
101590365,0.0023,-0.0041,-0.0220,-0.0076,-0.0502,0.0057,-0.0170,0.0132,-0.1021,0.0469,-0.0225,-0.0032,0.0539,-0.1212,0.1754,1.6651,-0.7745,-0.1929
101595365,0.0022,-0.0043,-0.0244,0.0000,-0.0685,0.0052,-0.0162,0.0136,-0.1022,0.0469,-0.0249,0.0028,0.0539,-0.0653,0.1232,1.6653,-0.7737,-0.1932
101600365,0.0020,-0.0046,-0.0312,0.0064,-0.0637,0.0033,-0.0152,0.0143,-0.1024,0.0470,-0.0320,0.0084,0.0539,-0.0653,0.0709,1.6657,-0.7741,-0.1937
101605365,0.0018,-0.0048,-0.0324,0.0107,-0.0496,0.0020,-0.0148,0.0147,-0.1025,0.0470,-0.0333,0.0127,0.0539,-0.0653,0.0709,1.6659,-0.7743,-0.1933
101610365,0.0015,-0.0049,-0.0308,0.0098,-0.0481,0.0011,-0.0150,0.0157,-0.1027,0.0471,-0.0312,0.0108,0.0539,0.0000,0.0709,1.6662,-0.7735,-0.1930
101615365,0.0012,-0.0049,-0.0293,0.0076,-0.0560,0.0002,-0.0148,0.0168,-0.1028,0.0471,-0.0303,0.0076,0.0539,0.0000,0.0000,1.6664,-0.7735,-0.1938
101620365,0.0009,-0.0049,-0.0257,0.0055,-0.0572,-0.0003,-0.0151,0.0176,-0.1030,0.0471,-0.0266,0.0055,0.0539,0.0000,0.0000,1.6667,-0.7735,-0.1938
101625365,0.0008,-0.0052,-0.0229,0.0031,-0.0481,-0.0004,-0.0164,0.0187,-0.1031,0.0472,-0.0238,0.0031,0.0539,0.0000,0.0000,1.6670,-0.7735,-0.1938
101630365,0.0006,-0.0054,-0.0247,0.0012,-0.0417,-0.0015,-0.0171,0.0202,-0.1032,0.0472,-0.0252,0.0020,0.0539,0.0000,0.0523,1.6673,-0.7735,-0.1925
101635365,0.0005,-0.0057,-0.0244,0.0012,-0.0459,-0.0400,-0.0176,0.0214,-0.1033,0.0472,-0.0249,0.0020,0.0539,0.0000,0.0523,1.6675,-0.7735,-0.1922
101640365,0.0003,-0.0059,-0.0241,0.0031,-0.0566,-0.0024,-0.0177,0.0223,-0.1035,0.0472,-0.0246,0.0038,0.0539,0.0000,0.0523,1.6678,-0.7735,-0.1920
101645365,0.0002,-0.0062,-0.0266,0.0003,-0.0426,-0.0033,-0.0189,0.0238,-0.1036,0.0472,-0.0271,0.0011,0.0539,0.0000,0.0523,1.6680,-0.7735,-0.1917
101650365,0.0000,-0.0064,-0.0339,0.0000,-0.0420,-0.0056,-0.0186,0.0258,-0.1038,0.0472,-0.0344,0.0008,0.0539,0.0000,0.0523,1.6684,-0.7735,-0.1915
101655365,0.0000,-0.0066,-0.0205,0.0110,-0.0307,-0.0033,-0.0189,0.0234,-0.1039,0.0473,-0.0209,0.0118,0.0539,0.0000,0.0523,1.6686,-0.7735,-0.1912
101660365,-0.0002,-0.0067,-0.0205,0.0223,-0.0081,-0.0034,-0.0163,0.0201,-0.1039,0.0475,-0.0081,0.0454,0.0539,0.0000,1.5475,1.6689,-0.7735,-0.1586
101665365,-0.0003,-0.0068,-0.0052,0.0351,-0.0050,-0.0006,-0.0155,0.0163,-0.1038,0.0478,0.0119,0.0665,0.0539,0.0000,2.1013,1.6691,-0.7735,-0.1353
101670365,-0.0004,-0.0067,-0.0040,0.0486,0.0109,0.0001,-0.0140,0.0134,-0.1037,0.0482,0.0280,0.0799,-0.8078,0.0000,2.1013,1.6514,-0.7735,-0.1269
101675365,-0.0002,-0.0067,-0.0043,0.0620,0.0448,0.0002,-0.0123,0.0103,-0.1036,0.0487,0.0286,0.0933,-0.8617,0.0000,2.1013,1.6469,-0.7735,-0.1143
101680365,-0.0002,-0.0065,-0.0055,0.0745,0.0442,0.0003,-0.0099,0.0079,-0.1034,0.0492,0.0274,0.1059,-0.8617,0.0000,2.1013,1.6417,-0.7735,-0.1059
101685365,-0.0003,-0.0064,-0.0104,0.0803,0.0353,-0.0013,-0.0079,0.0078,-0.1033,0.0497,0.0183,0.1044,-0.8617,0.0000,1.6131,1.6383,-0.7735,-0.1044
101690365,-0.0004,-0.0062,-0.0162,0.0843,0.0347,-0.0030,-0.0061,0.0078,-0.1033,0.0503,0.0100,0.1040,-0.8617,0.0000,1.3201,1.6331,-0.7735,-0.1045
101695365,-0.0005,-0.0060,-0.0137,0.0809,0.0463,-0.0034,-0.0064,0.0081,-0.1032,0.0507,0.0095,0.0955,-0.8617,0.0000,0.9784,1.6296,-0.7735,-0.1045
101700365,-0.0006,-0.0055,-0.0208,0.0761,0.0381,-0.0050,-0.0046,0.0082,-0.1032,0.0512,0.0008,0.0877,-0.8617,0.0000,0.7831,1.6245,-0.7735,-0.1048
101705365,-0.0006,-0.0051,-0.0205,0.0629,0.0176,-0.0049,-0.0050,0.0092,-0.1032,0.0515,-0.0006,0.0717,-0.8617,0.0000,0.5878,1.6210,-0.7735,-0.1046
101710365,-0.0008,-0.0047,-0.0235,0.0528,0.0155,-0.0062,-0.0046,0.0102,-0.1033,0.0518,-0.0045,0.0601,-0.8617,0.0000,0.4901,1.6159,-0.7735,-0.1044
101715365,-0.0010,-0.0044,-0.0241,0.0400,0.0231,-0.0075,-0.0054,0.0119,-0.1033,0.0521,-0.0063,0.0451,-0.8617,0.0000,0.3437,1.6124,-0.7735,-0.1049
101720365,-0.0013,-0.0042,-0.0202,0.0302,0.0240,-0.0077,-0.0061,0.0129,-0.1033,0.0522,-0.0028,0.0346,-0.8617,0.0000,0.2949,1.6072,-0.7735,-0.1045
101725365,-0.0014,-0.0039,-0.0202,0.0247,0.0243,-0.0084,-0.0059,0.0134,-0.1033,0.0524,-0.0036,0.0277,-0.8617,0.0000,0.1972,1.6038,-0.7735,-0.1050
101730365,-0.0017,-0.0039,-0.0189,0.0199,0.0213,-0.0094,-0.0059,0.0144,-0.1033,0.0525,-0.0043,0.0228,-0.7490,0.0000,0.1972,1.6010,-0.7735,-0.1042
101735365,-0.0019,-0.0039,-0.0183,0.0189,0.0277,-0.0105,-0.0058,0.0152,-0.1034,0.0526,-0.0061,0.0211,-0.6363,0.0000,0.1484,1.6005,-0.7735,-0.1042
101740365,-0.0020,-0.0040,-0.0140,0.0254,0.0393,-0.0105,-0.0055,0.0145,-0.1034,0.0527,-0.0051,0.0268,-0.4673,0.0000,0.0996,1.6007,-0.7735,-0.1048
101745365,-0.0021,-0.0041,-0.0104,0.0336,0.0390,-0.0103,-0.0045,0.0134,-0.1034,0.0529,-0.0034,0.0351,-0.3546,0.0000,0.0996,1.6013,-0.7735,-0.1042
101750365,-0.0022,-0.0042,-0.0122,0.0379,0.0420,-0.0111,-0.0039,0.0133,-0.1035,0.0531,-0.0066,0.0386,-0.2982,0.0000,0.0507,1.6005,-0.7735,-0.1049
101755365,-0.0022,-0.0042,-0.0128,0.0434,0.0442,-0.0115,-0.0029,0.0127,-0.1035,0.0533,-0.0078,0.0449,-0.2419,0.0000,0.0996,1.6006,-0.7735,-0.1034
101760365,-0.0024,-0.0042,-0.0119,0.0473,0.0463,-0.0119,-0.0021,0.0123,-0.1035,0.0536,-0.0079,0.0488,-0.1855,0.0000,0.0996,1.6006,-0.7735,-0.1030
101765365,-0.0025,-0.0042,-0.0104,0.0522,0.0448,-0.0122,-0.0011,0.0116,-0.1036,0.0538,-0.0073,0.0537,-0.1292,0.0000,0.0996,1.6011,-0.7735,-0.1024
101770365,-0.0027,-0.0041,-0.0098,0.0516,0.0420,-0.0129,-0.0004,0.0117,-0.1036,0.0541,-0.0077,0.0531,-0.0729,0.0000,0.0996,1.6015,-0.7735,-0.1020
101775365,-0.0028,-0.0037,-0.0125,0.0504,0.0423,-0.0138,0.0012,0.0109,-0.1037,0.0544,-0.0104,0.0519,-0.0729,0.0000,0.0996,1.6012,-0.7735,-0.1014
101780365,-0.0029,-0.0037,-0.0134,0.0483,0.0420,-0.0147,0.0015,0.0116,-0.1037,0.0546,-0.0113,0.0497,-0.0729,0.0000,0.0996,1.6007,-0.7735,-0.1010
101785365,-0.0032,-0.0036,-0.0119,0.0470,0.0445,-0.0152,0.0018,0.0117,-0.1038,0.0549,-0.0098,0.0485,-0.0729,0.0000,0.0996,1.6004,-0.7735,-0.1005
101790365,-0.0033,-0.0035,-0.0107,0.0467,0.0460,-0.0158,0.0400,0.0119,-0.1038,0.0551,-0.0098,0.0482,0.0000,0.0000,0.0996,1.6015,-0.7735,-0.1001
101795365,-0.0033,-0.0036,-0.0104,0.0464,0.0491,-0.0159,0.0020,0.0120,-0.1039,0.0553,-0.0095,0.0479,0.0000,0.0000,0.0996,1.6015,-0.7735,-0.0995
101800365,-0.0033,-0.0036,-0.0098,0.0476,0.0515,-0.0156,0.0019,0.0117,-0.1039,0.0556,-0.0089,0.0491,0.0000,0.0000,0.0996,1.6015,-0.7735,-0.0991
101805365,-0.0033,-0.0036,-0.0116,0.0525,0.0521,-0.0161,0.0030,0.0112,-0.1040,0.0559,-0.0108,0.0540,0.0000,0.0000,0.0996,1.6015,-0.7735,-0.0985
101810365,-0.0036,-0.0034,-0.0119,0.0528,0.0652,-0.0173,0.0040,0.0108,-0.1040,0.0561,-0.0111,0.0543,0.0000,0.0000,0.0996,1.6015,-0.7735,-0.0981
101815365,-0.0037,-0.0031,-0.0061,0.0525,0.0918,-0.0172,0.0045,0.0091,-0.1040,0.0564,-0.0053,0.0540,0.0000,0.0000,0.0996,1.6015,-0.7735,-0.0975
101820365,-0.0038,-0.0027,-0.0052,0.0498,0.0991,-0.0175,0.0053,0.0084,-0.1041,0.0566,-0.0043,0.0513,0.0000,0.0000,0.0996,1.6015,-0.7735,-0.0971
101825365,-0.0037,-0.0024,-0.0034,0.0428,0.0866,-0.0164,0.0049,0.0082,-0.1041,0.0569,-0.0025,0.0442,0.0000,0.0000,0.0996,1.6015,-0.7735,-0.0965
101830365,-0.0037,-0.0025,-0.0131,0.0428,0.0707,-0.0181,0.0059,0.0095,-0.1041,0.0571,-0.0123,0.0442,0.0000,0.0000,0.0996,1.6015,-0.7735,-0.0961
101835365,-0.0036,-0.0025,0.0024,0.0464,0.0378,-0.0143,0.0052,0.0077,-0.1041,0.0573,0.0033,0.0479,0.0000,0.0000,0.0996,1.6015,-0.7735,-0.0955
101840365,-0.0037,-0.0023,0.0165,0.0483,0.0429,-0.0121,0.0048,0.0056,-0.1040,0.0576,0.0183,0.0497,-0.0563,0.0000,0.0996,1.6002,-0.7735,-0.0951
101845365,-0.0036,-0.0022,0.0318,0.0531,0.0252,-0.0091,0.0048,0.0032,-0.1039,0.0579,0.0336,0.0546,-0.0563,0.0000,0.0996,1.6000,-0.7735,-0.0945
101850365,-0.0033,-0.0021,0.0428,0.0571,0.0054,-0.0053,0.0042,0.0009,-0.1036,0.0581,0.0446,0.0586,-0.0563,0.0000,0.0996,1.5997,-0.7735,-0.0941
101855365,-0.0029,-0.0020,0.0489,0.0608,0.0112,-0.0026,0.0037,-0.0015,-0.1034,0.0585,0.0507,0.0623,-0.0563,0.0000,0.0996,1.5994,-0.7735,-0.0935
101860365,-0.0025,-0.0019,0.0492,0.0699,0.0219,-0.0013,0.0046,-0.0400,-0.1031,0.0588,0.0510,0.0714,-0.0563,0.0000,0.0996,1.5991,-0.7735,-0.0931
101865365,-0.0024,-0.0018,0.0425,0.0739,0.0295,-0.0022,0.0061,-0.0051,-0.1029,0.0592,0.0443,0.0754,-0.0563,0.0000,0.0996,1.5989,-0.7735,-0.0925
101870365,-0.0020,-0.0014,0.0345,0.0767,0.0289,-0.0020,0.0079,-0.0069,-0.1027,0.0596,0.0363,0.0781,-0.0563,0.0000,0.0996,1.5985,-0.7735,-0.0921
101875365,-0.0017,-0.0009,0.0220,0.0791,0.0268,-0.0034,0.0098,-0.0074,-0.1026,0.0599,0.0183,0.0711,-0.0563,0.0000,-0.5371,1.5983,-0.7735,-0.1059
101880365,-0.0014,-0.0007,0.0070,0.0589,0.0374,-0.0052,0.0083,-0.0045,-0.1026,0.0602,0.0034,0.0509,-0.0563,0.0000,-0.5371,1.5980,-0.7735,-0.1081
101885365,-0.0013,-0.0003,-0.0202,0.0559,0.0472,-0.0099,0.0111,-0.0030,-0.1027,0.0604,-0.0238,0.0479,-0.0563,0.0000,-0.5371,1.5978,-0.7735,-0.1113
101890365,-0.0014,0.0001,-0.0315,0.0544,0.0393,-0.0121,0.0135,-0.0029,-0.1029,0.0607,-0.0351,0.0464,-0.0563,0.0000,-0.5371,1.5974,-0.7735,-0.1134
101895365,-0.0017,0.0002,-0.0293,0.0489,0.0246,-0.0127,0.0136,-0.0018,-0.1031,0.0609,-0.0330,0.0409,-0.0563,0.0000,-0.5371,1.5972,-0.7735,-0.1167
101900365,-0.0019,0.0005,-0.0281,0.0483,0.0304,-0.0135,0.0149,-0.0026,-0.1032,0.0611,-0.0318,0.0402,-0.0563,0.0000,-0.5371,1.5969,-0.7735,-0.1188
101905365,-0.0022,0.0006,-0.0226,0.0510,0.0356,-0.0136,0.0158,-0.0036,-0.1034,0.0613,-0.0263,0.0430,-0.0563,0.0000,-0.5371,1.5966,-0.7735,-0.1220
101910365,-0.0024,0.0008,-0.0159,0.0544,0.0216,-0.0128,0.0162,-0.0042,-0.1034,0.0615,-0.0150,0.0385,-0.0563,0.5276,-0.5371,1.5963,-0.7626,-0.1242
101915365,-0.0026,0.0010,-0.0082,0.0568,0.0051,-0.0110,0.0151,-0.0043,-0.1034,0.0616,0.0067,0.0166,-0.0563,2.1630,-0.5371,1.5961,-0.7245,-0.1274
101920365,-0.0026,0.0014,-0.0031,0.0538,0.0005,-0.0100,0.0156,-0.0056,-0.1033,0.0616,0.0119,0.0135,-0.0563,2.1630,-0.5371,1.5957,-0.7116,-0.1296
101925365,-0.0024,0.0015,0.0034,0.0599,0.0173,-0.0082,0.0157,-0.0082,-0.1033,0.0617,0.0183,0.0196,-0.0563,2.1630,-0.5371,1.5955,-0.7029,-0.1328
101930365,-0.0024,0.0016,0.0003,0.0663,0.0020,-0.0084,0.0174,-0.0091,-0.1032,0.0619,0.0149,0.0268,-0.0563,2.1144,-0.5371,1.5952,-0.6909,-0.1349
101935365,-0.0022,0.0017,-0.0012,0.0715,-0.0016,-0.0083,0.0191,-0.0108,-0.1031,0.0620,0.0100,0.0378,-0.0563,1.7249,-0.5371,1.5949,-0.6910,-0.1381
101940365,-0.0021,0.0022,-0.0049,0.0718,0.0118,-0.0088,0.0211,-0.0128,-0.1031,0.0623,0.0025,0.0446,-0.0563,1.2868,-0.5371,1.5946,-0.6907,-0.1403
101945365,-0.0020,0.0026,-0.0058,0.0684,0.0191,-0.0090,0.0224,-0.0142,-0.1031,0.0625,-0.0005,0.0449,-0.0563,1.0434,-0.5371,1.5944,-0.6909,-0.1435
101950365,-0.0021,0.0031,-0.0082,0.0648,0.0170,-0.0097,0.0240,-0.0149,-0.1031,0.0627,-0.0037,0.0426,-0.0563,0.9460,-0.5371,1.5940,-0.6871,-0.1457
101955365,-0.0022,0.0035,-0.0082,0.0651,0.0051,-0.0101,0.0260,-0.0161,-0.1032,0.0629,-0.0023,0.0454,-0.0563,0.9460,-0.3709,1.5938,-0.6833,-0.1451
101960365,-0.0023,0.0039,-0.0101,0.0638,0.0054,-0.0108,0.0277,-0.0171,-0.1032,0.0632,-0.0037,0.0450,-0.0563,0.9460,-0.3155,1.5935,-0.6776,-0.1454
101965365,-0.0024,0.0044,-0.0067,0.0632,0.0210,-0.0106,0.0286,-0.0188,-0.1032,0.0634,0.0021,0.0420,-0.0563,1.1661,-0.2602,1.5933,-0.6694,-0.1460
101970365,-0.0023,0.0047,-0.0101,0.0672,0.0454,-0.0102,0.0289,-0.0205,-0.1031,0.0635,0.0073,0.0328,-0.0563,2.1013,-0.2048,1.5929,-0.6391,-0.1458
101975365,-0.0023,0.0051,0.0046,0.0528,0.1083,-0.0086,0.0259,-0.0215,-0.1030,0.0636,0.0219,0.0185,-0.0563,2.1013,-0.2048,1.5927,-0.6307,-0.1470
101980365,-0.0023,0.0054,0.0217,0.0370,0.1275,-0.0056,0.0226,-0.0219,-0.1028,0.0636,0.0390,0.0026,-0.0563,2.1013,-0.2048,1.5924,-0.6181,-0.1478
101985365,-0.0023,0.0056,0.0342,0.0318,0.1505,-0.0031,0.0204,-0.0231,-0.1025,0.0636,0.0556,-0.0095,-0.0563,2.5660,-0.2048,1.5921,-0.5999,-0.1490
101990365,-0.0021,0.0057,0.0596,0.0412,0.1495,0.0400,0.0197,-0.0275,-0.1021,0.0636,0.0809,-0.0001,-0.0563,2.5660,-0.2048,1.5918,-0.5845,-0.1498
101995365,-0.0019,0.0059,0.0614,0.0208,0.1147,0.0039,0.0171,-0.0253,-0.1017,0.0635,0.0828,-0.0205,-0.0563,2.5660,-0.2048,1.5916,-0.5742,-0.1511
102000365,-0.0015,0.0061,0.0687,0.0067,0.1056,0.0067,0.0145,-0.0252,-0.1013,0.0633,0.0876,-0.0302,-0.0563,2.2752,-0.2048,1.5912,-0.5650,-0.1519
102005365,-0.0011,0.0061,0.0660,-0.0226,0.1175,0.0075,0.0096,-0.0216,-0.1009,0.0631,0.0827,-0.0560,-0.0563,2.0328,-0.2048,1.5910,-0.5615,-0.1531
102010365,-0.0007,0.0060,0.0632,-0.0562,0.1083,0.0081,0.0036,-0.0159,-0.1005,0.0626,0.0713,-0.0896,0.4507,2.0328,-0.2048,1.6015,-0.5493,-0.1538
102015365,-0.0002,0.0056,0.0452,-0.0739,0.0967,0.0068,0.0004,-0.0109,-0.1002,0.0621,0.0533,-0.1073,0.4507,2.0328,-0.2048,1.6033,-0.5412,-0.1552
102020365,0.0001,0.0051,0.0220,-0.0702,0.1178,0.0036,0.0004,-0.0085,-0.1001,0.0616,0.0300,-0.1036,0.4507,2.0328,-0.2048,1.6060,-0.5290,-0.1558
102025365,0.0002,0.0047,-0.0119,-0.0464,0.1285,-0.0400,0.0057,-0.0083,-0.1001,0.0612,-0.0058,-0.0765,0.4507,1.8090,-0.2048,1.6078,-0.5255,-0.1572
102030365,0.0002,0.0043,-0.0302,-0.0275,0.0894,-0.0056,0.0102,-0.0081,-0.1003,0.0609,-0.0280,-0.0508,0.4507,1.3616,-0.2048,1.6105,-0.5250,-0.1579
102035365,0.0001,0.0041,-0.0409,-0.0012,0.0530,-0.0078,0.0155,-0.0097,-0.1005,0.0608,-0.0411,-0.0204,0.4507,1.0819,-0.2048,1.6123,-0.5256,-0.1592
102040365,-0.0001,0.0039,-0.0382,0.0272,0.0692,-0.0084,0.0198,-0.0141,-0.1007,0.0609,-0.0408,0.0122,0.4507,0.8022,-0.2048,1.6150,-0.5255,-0.1599
102045365,-0.0003,0.0040,-0.0330,0.0577,0.1071,-0.0087,0.0243,-0.0197,-0.1009,0.0611,-0.0365,0.0444,0.4507,0.6904,-0.2048,1.6168,-0.5248,-0.1613
102050365,-0.0005,0.0041,-0.0312,0.0822,0.1199,-0.0096,0.0291,-0.0241,-0.1010,0.0615,-0.0362,0.0713,0.4507,0.5226,-0.2048,1.6195,-0.5246,-0.1620
102055365,-0.0005,0.0047,-0.0302,0.0962,0.0973,-0.0091,0.0336,-0.0282,-0.1012,0.0619,-0.0362,0.0870,0.4507,0.4107,-0.2048,1.6213,-0.5251,-0.1633
102060365,-0.0006,0.0054,-0.0192,0.1023,0.0790,-0.0073,0.0363,-0.0320,-0.1014,0.0624,-0.0262,0.0948,0.4507,0.2988,-0.2048,1.6240,-0.5252,-0.1640
102065365,-0.0007,0.0059,-0.0174,0.0834,0.1190,-0.0080,0.0349,-0.0314,-0.1015,0.0627,-0.0248,0.0767,0.4507,0.2429,-0.2048,1.6258,-0.5252,-0.1654
102070365,-0.0008,0.0064,-0.0052,0.0702,0.1153,-0.0061,0.0337,-0.0319,-0.1015,0.0631,-0.0131,0.0644,0.4507,0.1870,-0.2048,1.6285,-0.5251,-0.1661
102075365,-0.0008,0.0068,0.0024,0.0531,0.1098,-0.0048,0.0318,-0.0312,-0.1016,0.0633,-0.0059,0.0481,0.4507,0.1310,-0.2048,1.6303,-0.5255,-0.1674
102080365,-0.0008,0.0071,0.0070,0.0330,0.1147,-0.0038,0.0291,-0.0297,-0.1016,0.0635,-0.0014,0.0280,0.4507,0.1310,-0.2048,1.6331,-0.5247,-0.1681
102085365,-0.0007,0.0073,0.0058,0.0147,0.1334,-0.0046,0.0262,-0.0267,-0.1016,0.0634,-0.0107,-0.0028,0.4507,0.0751,-1.0932,1.6349,-0.5255,-0.1881
102090365,-0.0005,0.0074,0.0055,0.0006,0.1480,-0.0044,0.0238,-0.0250,-0.1017,0.0633,-0.0124,-0.0208,0.4507,0.1310,-1.3023,1.6376,-0.5239,-0.1965
102095365,-0.0004,0.0075,0.0052,-0.0089,0.1401,-0.0040,0.0225,-0.0239,-0.1018,0.0632,-0.0127,-0.0302,0.4507,0.1310,-1.3023,1.6394,-0.5233,-0.2053
102100365,-0.0004,0.0075,0.0015,-0.0165,0.1260,-0.0042,0.0219,-0.0225,-0.1018,0.0630,-0.0164,-0.0379,0.4507,0.1310,-1.3023,1.6421,-0.5226,-0.2095
102105365,-0.0003,0.0076,-0.0015,-0.0195,0.1291,-0.0045,0.0216,-0.0221,-0.1019,0.0628,-0.0194,-0.0409,0.4507,0.1310,-1.3023,1.6439,-0.5220,-0.2183
102110365,-0.0002,0.0076,-0.0037,-0.0195,0.1294,-0.0044,0.0217,-0.0222,-0.1020,0.0626,-0.0215,-0.0409,0.4507,0.1310,-1.3023,1.6466,-0.5213,-0.2225
102115365,-0.0001,0.0076,-0.0098,-0.0186,0.1132,-0.0049,0.0225,-0.0219,-0.1022,0.0624,-0.0268,-0.0386,0.4507,0.1310,-1.2054,1.6484,-0.5207,-0.2293
102120365,-0.0001,0.0073,-0.0092,-0.0086,0.1043,-0.0043,0.0231,-0.0228,-0.1023,0.0623,-0.0236,-0.0256,0.3969,0.1310,-1.0117,1.6499,-0.5199,-0.2291
102125365,-0.0000,0.0071,-0.0076,0.0024,0.1080,-0.0037,0.0239,-0.0243,-0.1024,0.0622,-0.0186,-0.0103,0.3430,0.1310,-0.7211,1.6503,-0.5194,-0.2291
102130364,0.0000,0.0069,-0.0089,0.0144,0.1083,-0.0036,0.0252,-0.0257,-0.1025,0.0622,-0.0172,0.0031,0.2353,0.1310,-0.6242,1.6499,-0.5186,-0.2294
102135365,0.0001,0.0068,-0.0113,0.0263,0.0952,-0.0035,0.0270,-0.0272,-0.1026,0.0623,-0.0170,0.0179,0.1815,0.1310,-0.4305,1.6497,-0.5181,-0.2291
102140365,0.0002,0.0070,-0.0153,0.0382,0.0827,-0.0034,0.0298,-0.0296,-0.1027,0.0625,-0.0196,0.0305,0.1276,0.1310,-0.3821,1.6497,-0.5173,-0.2294
102145365,0.0001,0.0073,-0.0150,0.0425,0.0830,-0.0035,0.0318,-0.0315,-0.1027,0.0627,-0.0185,0.0362,0.1276,0.1310,-0.2852,1.6502,-0.5168,-0.2297
102150365,0.0001,0.0077,-0.0165,0.0440,0.0906,-0.0038,0.0334,-0.0330,-0.1028,0.0628,-0.0187,0.0385,0.0738,0.1310,-0.2368,1.6497,-0.5160,-0.2295
102155365,0.0001,0.0080,-0.0137,0.0446,0.0924,-0.0033,0.0345,-0.0347,-0.1029,0.0630,-0.0151,0.0406,0.0738,0.1310,-0.1399,1.6500,-0.5155,-0.2289
102160365,0.0001,0.0083,-0.0125,0.0315,0.0765,-0.0030,0.0336,-0.0336,-0.1030,0.0632,-0.0139,0.0274,0.0738,0.1310,-0.1399,1.6505,-0.5147,-0.2293
102165365,0.0000,0.0086,-0.0122,0.0238,0.0784,-0.0030,0.0334,-0.0334,-0.1030,0.0633,-0.0119,0.0205,0.0000,0.1310,-0.0915,1.6495,-0.5142,-0.2291
102170365,0.0000,0.0088,-0.0140,0.0122,0.0848,-0.0036,0.0324,-0.0321,-0.1031,0.0633,-0.0137,0.0089,0.0000,0.1310,-0.0915,1.6495,-0.5134,-0.2294
102175365,-0.0000,0.0089,-0.0110,0.0052,0.0820,-0.0031,0.0317,-0.0318,-0.1032,0.0633,-0.0102,0.0026,0.0000,0.1310,-0.0430,1.6495,-0.5129,-0.2289
102180365,-0.0000,0.0091,-0.0098,-0.0034,0.0726,-0.0028,0.0308,-0.0308,-0.1032,0.0633,-0.0090,-0.0060,0.0000,0.1310,-0.0430,1.6495,-0.5121,-0.2291
102185365,-0.0001,0.0092,-0.0116,-0.0110,0.0662,-0.0032,0.0302,-0.0296,-0.1033,0.0632,-0.0108,-0.0136,0.0000,0.1310,-0.0430,1.6495,-0.5115,-0.2294
102190365,-0.0001,0.0092,-0.0128,-0.0168,0.0652,-0.0035,0.0297,-0.0287,-0.1033,0.0631,-0.0121,-0.0194,0.0000,0.1310,-0.0430,1.6495,-0.5108,-0.2295
102195365,-0.0001,0.0092,-0.0128,-0.0208,0.0619,-0.0034,0.0293,-0.0282,-0.1034,0.0630,-0.0117,-0.0227,0.0000,0.1310,0.0000,1.6495,-0.5101,-0.2288
102200365,-0.0001,0.0093,-0.0150,-0.0223,0.0536,-0.0038,0.0294,-0.0277,-0.1035,0.0629,-0.0138,-0.0243,0.0000,0.1310,0.0000,1.6495,-0.5096,-0.2288
102205365,-0.0001,0.0093,-0.0156,-0.0199,0.0378,-0.0034,0.0300,-0.0280,-0.1035,0.0628,-0.0144,-0.0218,0.0000,0.1310,0.0000,1.6495,-0.5088,-0.2288
102210365,0.0001,0.0091,-0.0171,-0.0144,0.0319,-0.0031,0.0302,-0.0283,-0.1036,0.0627,-0.0160,-0.0163,0.0000,0.1310,0.0000,1.6495,-0.5083,-0.2288
102215365,0.0002,0.0089,-0.0174,-0.0125,0.0255,-0.0025,0.0297,-0.0282,-0.1037,0.0627,-0.0163,-0.0145,0.0000,0.1310,0.0000,1.6495,-0.5075,-0.2288
102220365,0.0003,0.0090,-0.0192,-0.0089,0.0191,-0.0024,0.0305,-0.0288,-0.1038,0.0626,-0.0181,-0.0108,0.0000,0.1310,0.0000,1.6495,-0.5070,-0.2288
102225365,0.0003,0.0091,-0.0202,-0.0064,0.0115,-0.0024,0.0313,-0.0294,-0.1039,0.0626,-0.0190,-0.0084,0.0000,0.1310,0.0000,1.6495,-0.5062,-0.2288
102230365,0.0003,0.0092,-0.0223,-0.0031,0.0081,-0.0028,0.0325,-0.0300,-0.1040,0.0625,-0.0212,-0.0050,0.0000,0.1310,0.0000,1.6495,-0.5056,-0.2288
102235365,0.0002,0.0093,-0.0254,-0.0037,0.0054,-0.0036,0.0333,-0.0299,-0.1041,0.0625,-0.0242,-0.0056,0.0000,0.1310,0.0000,1.6495,-0.5049,-0.2288
102240365,0.0002,0.0094,-0.0247,-0.0046,-0.0001,-0.0038,0.0337,-0.0299,-0.1042,0.0625,-0.0236,-0.0065,0.0000,0.1310,0.0000,1.6495,-0.5043,-0.2288
102245365,0.0001,0.0095,-0.0226,-0.0089,-0.0047,-0.0037,0.0334,-0.0296,-0.1043,0.0624,-0.0215,-0.0108,0.0000,0.1310,0.0000,1.6495,-0.5035,-0.2288
102250365,-0.0001,0.0096,-0.0238,-0.0119,-0.0108,-0.0043,0.0336,-0.0289,-0.1044,0.0623,-0.0227,-0.0139,0.0000,0.1310,0.0000,1.6495,-0.5030,-0.2288
102255365,-0.0002,0.0096,-0.0238,-0.0217,-0.0123,-0.0048,0.0325,-0.0272,-0.1046,0.0622,-0.0227,-0.0236,0.0000,0.1310,0.0000,1.6495,-0.5022,-0.2288
102260365,-0.0003,0.0096,-0.0260,-0.0281,-0.0142,-0.0057,0.0319,-0.0257,-0.1047,0.0621,-0.0248,-0.0301,0.0000,0.1310,0.0000,1.6495,-0.5017,-0.2288
102265365,-0.0005,0.0096,-0.0254,-0.0312,-0.0181,-0.0061,0.0317,-0.0249,-0.1048,0.0619,-0.0242,-0.0331,0.0000,0.1310,0.0000,1.6495,-0.5009,-0.2288
102270365,-0.0006,0.0095,-0.0241,-0.0333,-0.0178,-0.0065,0.0314,-0.0242,-0.1049,0.0617,-0.0230,-0.0352,0.0000,0.1310,0.0000,1.6495,-0.5004,-0.2288
102275365,-0.0008,0.0095,-0.0238,-0.0339,-0.0154,-0.0074,0.0314,-0.0234,-0.1050,0.0616,-0.0227,-0.0359,0.0000,0.1310,0.0000,1.6495,-0.4996,-0.2288
102280365,-0.0011,0.0092,-0.0202,-0.0348,-0.0194,-0.0077,0.0307,-0.0222,-0.1051,0.0614,-0.0190,-0.0368,0.0000,0.1310,0.0000,1.6495,-0.4991,-0.2288
102285365,-0.0014,0.0090,-0.0195,-0.0299,-0.0230,-0.0086,0.0310,-0.0216,-0.1052,0.0612,-0.0184,-0.0319,0.0000,0.1310,0.0000,1.6495,-0.4983,-0.2288
102290365,-0.0016,0.0088,-0.0186,-0.0272,-0.0239,-0.0094,0.0314,-0.0211,-0.1053,0.0611,-0.0175,-0.0291,0.0000,0.1310,0.0000,1.6495,-0.4978,-0.2288
102295365,-0.0019,0.0086,-0.0199,-0.0260,-0.0252,-0.0107,0.0316,-0.0200,-0.1054,0.0609,-0.0187,-0.0279,0.0000,0.1310,0.0000,1.6495,-0.4970,-0.2288
102300365,-0.0021,0.0086,-0.0174,-0.0217,-0.0307,-0.0111,0.0324,-0.0201,-0.1055,0.0608,-0.0163,-0.0236,0.0000,0.1310,0.0000,1.6495,-0.4965,-0.2288
102305365,-0.0023,0.0085,-0.0186,-0.0238,-0.0304,-0.0123,0.0323,-0.0189,-0.1056,0.0607,-0.0175,-0.0258,0.0000,0.1310,0.0000,1.6495,-0.4957,-0.2288
102310365,-0.0024,0.0085,-0.0171,-0.0211,-0.0291,-0.0123,0.0328,-0.0195,-0.1056,0.0606,-0.0160,-0.0230,0.0000,0.1310,0.0000,1.6495,-0.4952,-0.2288
102315365,-0.0025,0.0085,-0.0174,-0.0226,-0.0273,-0.0126,0.0328,-0.0192,-0.1057,0.0604,-0.0163,-0.0246,0.0000,0.1310,0.0000,1.6495,-0.4944,-0.2288
102320365,-0.0025,0.0086,-0.0159,-0.0235,-0.0252,-0.0126,0.0327,-0.0192,-0.1058,0.0603,-0.0147,-0.0255,0.0000,0.1310,0.0000,1.6495,-0.4938,-0.2288
102325365,-0.0026,0.0086,-0.0168,-0.0254,-0.0261,-0.0129,0.0326,-0.0187,-0.1059,0.0602,-0.0157,-0.0273,0.0000,0.1310,0.0000,1.6495,-0.4931,-0.2288
102330365,-0.0026,0.0086,-0.0183,-0.0290,-0.0236,-0.0134,0.0323,-0.0179,-0.1060,0.0600,-0.0172,-0.0310,0.0000,0.1310,0.0000,1.6495,-0.4925,-0.2288
102335365,-0.0027,0.0085,-0.0186,-0.0324,-0.0191,-0.0138,0.0317,-0.0172,-0.1060,0.0599,-0.0175,-0.0343,0.0000,0.1310,0.0000,1.6495,-0.4917,-0.2288
102340365,-0.0028,0.0085,-0.0174,-0.0360,-0.0163,-0.0140,0.0311,-0.0165,-0.1061,0.0597,-0.0163,-0.0380,0.0000,0.1310,0.0000,1.6495,-0.4912,-0.2288
102345365,-0.0029,0.0084,-0.0186,-0.0376,-0.0154,-0.0148,0.0310,-0.0156,-0.1062,0.0595,-0.0175,-0.0395,0.0000,0.1310,0.0000,1.6495,-0.4904,-0.2288
102350365,-0.0031,0.0083,-0.0195,-0.0415,-0.0133,-0.0156,0.0304,-0.0143,-0.1063,0.0592,-0.0184,-0.0435,0.0000,0.1310,0.0000,1.6495,-0.4899,-0.2288
102355365,-0.0033,0.0081,-0.0180,-0.0431,-0.0102,-0.0164,0.0295,-0.0127,-0.1064,0.0590,-0.0169,-0.0450,0.0000,0.1310,0.0000,1.6495,-0.4891,-0.2288
102360365,-0.0036,0.0078,-0.0192,-0.0437,-0.0093,-0.0177,0.0292,-0.0111,-0.1065,0.0588,-0.0181,-0.0456,0.0000,0.1310,0.0000,1.6495,-0.4886,-0.2288
102365365,-0.0038,0.0075,-0.0147,-0.0449,-0.0105,-0.0178,0.0281,-0.0099,-0.1066,0.0586,-0.0135,-0.0468,0.0000,0.1310,0.0000,1.6495,-0.4878,-0.2288
102370365,-0.0040,0.0071,-0.0165,-0.0455,-0.0090,-0.0190,0.0272,-0.0078,-0.1066,0.0583,-0.0154,-0.0475,0.0000,0.1310,0.0000,1.6495,-0.4873,-0.2288
102375365,-0.0042,0.0067,-0.0140,-0.0434,-0.0093,-0.0194,0.0263,-0.0066,-0.1067,0.0581,-0.0129,-0.0453,0.0000,0.1310,0.0000,1.6495,-0.4865,-0.2288
102380365,-0.0044,0.0063,-0.0131,-0.0418,-0.0087,-0.0199,0.0254,-0.0051,-0.1068,0.0579,-0.0120,-0.0438,0.0000,0.1310,0.0000,1.6495,-0.4860,-0.2288
102385365,-0.0046,0.0059,-0.0137,-0.0421,-0.0090,-0.0206,0.0242,-0.0032,-0.1068,0.0577,-0.0126,-0.0441,0.0000,0.1310,0.0000,1.6495,-0.4852,-0.2288
102390365,-0.0047,0.0055,-0.0113,-0.0412,-0.0059,-0.0208,0.0228,-0.0019,-0.1069,0.0574,-0.0102,-0.0432,0.0000,0.1310,0.0000,1.6495,-0.4847,-0.2288
102395365,-0.0048,0.0050,-0.0098,-0.0376,-0.0053,-0.0211,0.0222,-0.0009,-0.1069,0.0572,-0.0086,-0.0395,0.0000,0.1310,0.0000,1.6495,-0.4839,-0.2288
102400365,-0.0050,0.0046,-0.0086,-0.0354,-0.0029,-0.0214,0.0212,0.0003,-0.1069,0.0571,-0.0074,-0.0374,0.0000,0.1310,0.0000,1.6495,-0.4834,-0.2288
102405365,-0.0051,0.0043,-0.0086,-0.0330,-0.0010,-0.0220,0.0206,0.0015,-0.1070,0.0569,-0.0074,-0.0349,0.0000,0.1310,0.0000,1.6495,-0.4826,-0.2288
102410365,-0.0053,0.0040,-0.0061,-0.0345,0.0042,-0.0224,0.0195,0.0400,-0.1070,0.0567,-0.0050,-0.0365,0.0000,0.1310,0.0000,1.6495,-0.4820,-0.2288
102415365,-0.0055,0.0037,-0.0055,-0.0345,0.0051,-0.0230,0.0186,0.0042,-0.1070,0.0565,-0.0044,-0.0365,0.0000,0.1310,0.0000,1.6495,-0.4813,-0.2288
102420365,-0.0056,0.0033,-0.0055,-0.0330,0.0106,-0.0236,0.0177,0.0054,-0.1071,0.0563,-0.0044,-0.0349,0.0000,0.1310,0.0000,1.6495,-0.4807,-0.2288
102425365,-0.0058,0.0030,-0.0070,-0.0348,0.0142,-0.0222,0.0155,0.0062,-0.1069,0.0562,0.0251,-0.0368,-1.8030,0.1310,0.0000,1.6100,-0.4799,-0.2288
102430365,-0.0058,0.0029,-0.0046,-0.0360,0.0237,-0.0216,0.0146,0.0061,-0.1068,0.0560,0.0343,-0.0381,-2.1974,0.1310,0.0000,1.5935,-0.4794,-0.2288
102435365,-0.0060,0.0025,-0.0024,-0.0315,0.0368,-0.0218,0.0139,0.0065,-0.1066,0.0558,0.0365,-0.0335,-2.1974,0.1310,0.0000,1.5803,-0.4786,-0.2288
102440365,-0.0060,0.0022,0.0046,-0.0266,0.0365,-0.0207,0.0128,0.0065,-0.1064,0.0557,0.0435,-0.0286,-2.1974,0.1310,0.0000,1.5715,-0.4781,-0.2288
102445365,-0.0061,0.0018,0.0040,-0.0214,0.0429,-0.0215,0.0128,0.0070,-0.1062,0.0555,0.0405,-0.0234,-2.0563,0.1310,0.0000,1.5612,-0.4773,-0.2288
102450365,-0.0060,0.0015,0.0110,-0.0171,0.0466,-0.0202,0.0116,0.0068,-0.1059,0.0554,0.0410,-0.0191,-1.6802,0.1310,0.0000,1.5612,-0.4768,-0.2288
102455365,-0.0057,0.0013,0.0089,-0.0168,0.0451,-0.0201,0.0108,0.0075,-0.1058,0.0553,0.0316,-0.0188,-1.2570,0.1310,0.0000,1.5609,-0.4760,-0.2288
102460365,-0.0054,0.0012,0.0076,-0.0192,0.0393,-0.0184,0.0110,0.0059,-0.1056,0.0554,0.0408,0.0038,-1.0219,0.1310,1.6724,1.5610,-0.4755,-0.1909
102465365,-0.0056,0.0009,0.0043,-0.0229,0.0417,-0.0200,0.0105,0.0079,-0.1054,0.0554,0.0321,0.0009,-0.7397,0.0783,1.6724,1.5613,-0.4760,-0.1842
102470365,-0.0056,0.0006,0.0037,-0.0238,0.0481,-0.0205,0.0092,0.0095,-0.1053,0.0554,0.0291,-0.0000,-0.5987,0.0783,1.6724,1.5614,-0.4757,-0.1742
102475365,-0.0056,0.0002,0.0024,-0.0260,0.0463,-0.0208,0.0078,0.0113,-0.1052,0.0554,0.0247,-0.0010,-0.4576,0.0000,1.6724,1.5610,-0.4764,-0.1675
102480365,-0.0054,0.0001,-0.0015,-0.0278,0.0393,-0.0208,0.0072,0.0121,-0.1051,0.0554,0.0191,-0.0028,-0.3636,0.0000,1.6724,1.5612,-0.4764,-0.1574
102485365,-0.0053,0.0000,-0.0031,-0.0339,0.0426,-0.0211,0.0062,0.0132,-0.1050,0.0553,0.0160,-0.0089,-0.2695,0.0000,1.6724,1.5611,-0.4764,-0.1508
102490365,-0.0055,-0.0002,-0.0037,-0.0357,0.0414,-0.0221,0.0054,0.0151,-0.1049,0.0552,0.0122,-0.0149,-0.2225,0.0000,1.3955,1.5611,-0.4764,-0.1468
102495365,-0.0057,-0.0006,-0.0064,-0.0376,0.0371,-0.0235,0.0043,0.0177,-0.1049,0.0551,0.0062,-0.0209,-0.1755,0.0000,1.1186,1.5608,-0.4764,-0.1472
102500365,-0.0057,-0.0010,-0.0037,-0.0376,0.0341,-0.0234,0.0026,0.0196,-0.1049,0.0550,0.0058,-0.0250,-0.1285,0.0000,0.8417,1.5611,-0.4764,-0.1468
102505365,-0.0058,-0.0014,-0.0012,-0.0385,0.0332,-0.0236,0.0009,0.0214,-0.1048,0.0549,0.0060,-0.0284,-0.0814,0.0000,0.6755,1.5613,-0.4764,-0.1471
102510365,-0.0059,-0.0018,-0.0015,-0.0370,0.0307,-0.0241,-0.0001,0.0230,-0.1048,0.0547,0.0043,-0.0293,-0.0814,0.0000,0.5094,1.5610,-0.4764,-0.1468
102515365,-0.0060,-0.0022,-0.0003,-0.0351,0.0252,-0.0242,-0.0011,0.0244,-0.1048,0.0546,0.0045,-0.0292,-0.0814,0.0000,0.3986,1.5605,-0.4764,-0.1471
102520365,-0.0061,-0.0026,0.0012,-0.0330,0.0216,-0.0243,-0.0400,0.0255,-0.1048,0.0544,0.0046,-0.0270,0.0000,0.0000,0.3986,1.5614,-0.4764,-0.1448
102525365,-0.0061,-0.0030,0.0018,-0.0315,0.0176,-0.0243,-0.0031,0.0267,-0.1047,0.0543,0.0053,-0.0255,0.0000,0.0000,0.3986,1.5614,-0.4764,-0.1432
102530365,-0.0061,-0.0034,-0.0006,-0.0315,0.0121,-0.0247,-0.0043,0.0285,-0.1047,0.0542,0.0028,-0.0255,0.0000,0.0000,0.3986,1.5614,-0.4764,-0.1408
102535365,-0.0063,-0.0038,-0.0037,-0.0431,0.0145,-0.0258,-0.0070,0.0323,-0.1047,0.0540,-0.0002,-0.0371,0.0000,0.0000,0.3986,1.5614,-0.4764,-0.1392
102540365,-0.0064,-0.0042,0.0006,-0.0275,0.0368,-0.0246,-0.0053,0.0285,-0.1046,0.0540,0.0174,0.0018,0.0000,0.0000,1.9610,1.5614,-0.4764,-0.1000
102545365,-0.0064,-0.0045,0.0055,-0.0119,0.0552,-0.0239,-0.0046,0.0265,-0.1045,0.0541,0.0223,0.0174,0.0000,0.0000,1.9610,1.5614,-0.4764,-0.0922
102550365,-0.0063,-0.0047,0.0199,0.0140,0.0689,-0.0210,-0.0022,0.0206,-0.1043,0.0544,0.0421,0.0528,0.0000,0.0000,2.5902,1.5614,-0.4764,-0.0673
102555365,-0.0063,-0.0046,0.0376,0.0452,0.0970,-0.0179,0.0007,0.0134,-0.1040,0.0548,0.0598,0.0839,0.0000,0.0000,2.5902,1.5614,-0.4764,-0.0570
102560365,-0.0061,-0.0045,0.0538,0.0583,0.1324,-0.0148,0.0009,0.0088,-0.1036,0.0553,0.0760,0.0971,0.0000,0.0000,2.5902,1.5614,-0.4764,-0.0414
102565365,-0.0059,-0.0042,0.0730,0.0702,0.1450,-0.0106,0.0017,0.0034,-0.1032,0.0558,0.0952,0.1090,0.0000,0.0000,2.5902,1.5614,-0.4764,-0.0311
102570365,-0.0056,-0.0039,0.0870,0.0779,0.1382,-0.0079,0.0400,-0.0010,-0.1027,0.0565,0.0959,0.1316,0.0000,-1.2865,2.3144,1.5614,-0.5039,-0.0213
102575365,-0.0052,-0.0038,0.0956,0.0721,0.1242,-0.0053,0.0026,-0.0400,-0.1022,0.0571,0.0934,0.1334,0.0000,-2.1814,1.9282,1.5614,-0.5340,-0.0205
102580365,-0.0048,-0.0037,0.0993,0.0651,0.1297,-0.0033,0.0002,-0.0019,-0.1017,0.0577,0.0928,0.1189,0.0000,-2.1814,1.4318,1.5614,-0.5427,-0.0205
102585365,-0.0041,-0.0034,0.0907,0.0571,0.1141,-0.0011,-0.0400,-0.0006,-0.1013,0.0582,0.0944,0.0852,0.0000,-0.7271,1.1559,1.5614,-0.5236,-0.0208
102590365,-0.0035,-0.0031,0.0782,0.0452,0.0775,-0.0008,-0.0033,0.0011,-0.1009,0.0585,0.0805,0.0675,0.0000,-0.6153,0.8801,1.5614,-0.5240,-0.0203
102595365,-0.0030,-0.0030,0.0623,0.0168,0.0448,-0.0013,-0.0067,0.0400,-0.1006,0.0587,0.0646,0.0341,0.0000,-0.4475,0.7146,1.5614,-0.5239,-0.0205
102600365,-0.0027,-0.0029,0.0425,-0.0122,0.0387,-0.0034,-0.0102,0.0122,-0.1003,0.0587,0.0433,0.0010,0.0000,-0.3915,0.4939,1.5614,-0.5244,-0.0213
102605365,-0.0024,-0.0030,0.0205,-0.0321,0.0478,-0.0063,-0.0126,0.0171,-0.1002,0.0586,0.0218,-0.0214,0.0000,-0.2797,0.4388,1.5614,-0.5241,-0.0205
102610365,-0.0022,-0.0033,-0.0024,-0.0501,0.0374,-0.0095,-0.0148,0.0229,-0.1002,0.0583,-0.0015,-0.0419,0.0000,-0.2237,0.3285,1.5614,-0.5240,-0.0205
102615365,-0.0021,-0.0035,-0.0171,-0.0599,0.0265,-0.0117,-0.0158,0.0265,-0.1003,0.0581,-0.0167,-0.0525,0.0000,-0.2237,0.2733,1.5614,-0.5252,-0.0204
102620365,-0.0023,-0.0040,-0.0226,-0.0535,0.0539,-0.0138,-0.0160,0.0278,-0.1004,0.0579,-0.0222,-0.0460,0.0000,-0.2237,0.2733,1.5614,-0.5261,-0.0191
102625365,-0.0024,-0.0044,-0.0067,-0.0330,0.0994,-0.0120,-0.0159,0.0241,-0.1005,0.0577,-0.0063,-0.0256,0.0000,-0.2237,0.2733,1.5614,-0.5275,-0.0180
102630365,-0.0025,-0.0047,0.0095,-0.0195,0.1062,-0.0095,-0.0161,0.0215,-0.1004,0.0577,0.0099,-0.0121,0.0000,-0.2237,0.2733,1.5614,-0.5284,-0.0163
102635365,-0.0025,-0.0049,0.0296,-0.0101,0.0994,-0.0058,-0.0170,0.0190,-0.1003,0.0577,0.0301,-0.0027,0.0000,-0.2237,0.2733,1.5614,-0.5297,-0.0152
102640365,-0.0023,-0.0050,0.0504,0.0024,0.1034,-0.0016,-0.0178,0.0154,-0.1000,0.0577,0.0508,0.0099,0.0000,-0.2237,0.2733,1.5614,-0.5306,-0.0136
102645365,-0.0021,-0.0052,0.0666,0.0070,0.1150,0.0400,-0.0198,0.0132,-0.0997,0.0578,0.0670,0.0144,0.0000,-0.2237,0.2733,1.5614,-0.5320,-0.0125
102650365,-0.0018,-0.0054,0.0764,0.0205,0.0991,0.0056,-0.0196,0.0102,-0.0993,0.0579,0.0768,0.0279,0.0000,-0.2237,0.2733,1.5614,-0.5329,-0.0109
102655365,-0.0013,-0.0055,0.0864,0.0324,0.0753,0.0087,-0.0178,0.0062,-0.0989,0.0582,0.0748,0.0607,0.0000,-1.6297,0.2733,1.5614,-0.5649,-0.0098
102660365,-0.0007,-0.0055,0.0907,0.0412,0.0530,0.0121,-0.0178,0.0037,-0.0985,0.0586,0.0791,0.0696,0.0000,-1.6297,0.2733,1.5614,-0.5715,-0.0081
102665365,-0.0002,-0.0055,0.0837,0.0464,0.0463,0.0109,-0.0163,0.0036,-0.0983,0.0589,0.0448,0.0748,1.5776,-1.6297,0.2733,1.5956,-0.5812,-0.0070
102670365,0.0004,-0.0054,0.0632,0.0452,0.0469,0.0091,-0.0151,0.0042,-0.0982,0.0593,0.0205,0.0736,1.8030,-1.6297,0.2733,1.6073,-0.5878,-0.0054
102675365,0.0007,-0.0052,0.0229,0.0406,0.0332,0.0034,-0.0122,0.0076,-0.0983,0.0597,-0.0198,0.0690,1.8030,-1.6297,0.2733,1.6181,-0.5975,-0.0043
102680365,0.0010,-0.0051,0.0009,0.0357,0.0167,0.0006,-0.0110,0.0097,-0.0985,0.0600,-0.0409,0.0626,1.8030,-1.5264,0.2733,1.6253,-0.6019,-0.0027
102685365,0.0008,-0.0049,-0.0073,0.0257,0.0072,-0.0011,-0.0112,0.0120,-0.0987,0.0602,-0.0456,0.0463,1.8030,-1.1133,0.2733,1.6361,-0.6015,-0.0016
102690365,0.0006,-0.0048,-0.0104,0.0177,0.0252,-0.0400,-0.0118,0.0133,-0.0990,0.0604,-0.0469,0.0353,1.8030,-0.9067,0.2733,1.6433,-0.6015,0.0001
102695365,0.0005,-0.0047,-0.0024,0.0101,0.0451,-0.0015,-0.0138,0.0136,-0.0991,0.0605,-0.0335,0.0246,1.5876,-0.7002,0.2733,1.6496,-0.6021,0.0012
102700365,0.0004,-0.0047,0.0092,-0.0024,0.0466,0.0006,-0.0170,0.0146,-0.0992,0.0605,-0.0159,0.0098,1.3183,-0.5453,0.2733,1.6501,-0.6015,0.0028
102705365,0.0003,-0.0047,0.0180,-0.0076,0.0539,0.0400,-0.0192,0.0147,-0.0992,0.0606,-0.0001,0.0023,0.9952,-0.3904,0.2733,1.6505,-0.6012,0.0039
102710365,0.0005,-0.0050,0.0205,-0.0119,0.0619,0.0040,-0.0219,0.0155,-0.0992,0.0605,0.0065,-0.0028,0.7798,-0.3387,0.2733,1.6497,-0.6017,0.0055
102715365,0.0006,-0.0053,0.0211,-0.0092,0.0530,0.0048,-0.0228,0.0160,-0.0991,0.0605,0.0117,-0.0016,0.5643,-0.2355,0.2733,1.6496,-0.6014,0.0066
102720365,0.0007,-0.0056,0.0318,-0.0031,0.0341,0.0076,-0.0238,0.0149,-0.0990,0.0606,0.0247,0.0038,0.4566,-0.1838,0.2733,1.6496,-0.6013,0.0083
102725365,0.0008,-0.0057,0.0406,0.0052,0.0347,0.0097,-0.0242,0.0132,-0.0988,0.0606,0.0358,0.0112,0.3489,-0.1322,0.2733,1.6499,-0.6013,0.0094
102730365,0.0010,-0.0059,0.0504,0.0095,0.0432,0.0122,-0.0256,0.0117,-0.0986,0.0607,0.0465,0.0155,0.2951,-0.1322,0.2733,1.6501,-0.6018,0.0110
102735365,0.0012,-0.0061,0.0593,0.0159,0.0402,0.0150,-0.0266,0.0100,-0.0983,0.0608,0.0567,0.0212,0.2412,-0.0806,0.2733,1.6506,-0.6014,0.0121
102740365,0.0015,-0.0062,0.0617,0.0205,0.0255,0.0167,-0.0269,0.0092,-0.0980,0.0609,0.0601,0.0257,0.1874,-0.0806,0.2733,1.6503,-0.6017,0.0137
102745365,0.0017,-0.0063,0.0632,0.0232,0.0087,0.0180,-0.0271,0.0087,-0.0977,0.0611,0.0633,0.0273,0.1335,0.0000,0.2733,1.6501,-0.6012,0.0148
102750365,0.0018,-0.0063,0.0666,0.0220,0.0045,0.0195,-0.0280,0.0083,-0.0973,0.0612,0.0676,0.0261,0.0797,0.0000,0.2733,1.6495,-0.6012,0.0165
102755365,0.0021,-0.0064,0.0690,0.0180,0.0069,0.0209,-0.0298,0.0086,-0.0970,0.0613,0.0700,0.0221,0.0797,0.0000,0.2733,1.6500,-0.6012,0.0176
102760365,0.0023,-0.0065,0.0721,0.0153,0.0020,0.0224,-0.0312,0.0087,-0.0966,0.0614,0.0730,0.0193,0.0797,0.0000,0.2733,1.6503,-0.6012,0.0192
102765365,0.0026,-0.0067,0.0681,0.0144,-0.0175,0.0230,-0.0319,0.0095,-0.0963,0.0615,0.0700,0.0177,0.0000,0.0000,0.2249,1.6495,-0.6012,0.0193
102770365,0.0030,-0.0068,0.0657,0.0165,-0.0243,0.0241,-0.0326,0.0094,-0.0959,0.0616,0.0662,0.0191,0.0539,0.0000,0.1764,1.6507,-0.6012,0.0196
102775365,0.0034,-0.0070,0.0641,0.0199,-0.0249,0.0255,-0.0333,0.0088,-0.0956,0.0617,0.0643,0.0218,0.0539,0.0000,0.1280,1.6511,-0.6012,0.0193
102780365,0.0037,-0.0071,0.0602,0.0223,-0.0334,0.0264,-0.0337,0.0086,-0.0953,0.0618,0.0603,0.0242,0.0539,0.0000,0.1280,1.6513,-0.6012,0.0201
102785365,0.0041,-0.0073,0.0611,0.0281,-0.0450,0.0280,-0.0338,0.0075,-0.0950,0.0620,0.0604,0.0301,0.0539,-0.0516,0.0796,1.6516,-0.6023,0.0195
102790365,0.0045,-0.0073,0.0608,0.0339,-0.0484,0.0292,-0.0337,0.0064,-0.0947,0.0621,0.0553,0.0358,0.3324,-0.0516,0.0796,1.6575,-0.6025,0.0200
102795365,0.0050,-0.0074,0.0706,0.0403,-0.0414,0.0311,-0.0340,0.0045,-0.0945,0.0623,0.0419,0.0410,1.6323,-0.0516,0.0000,1.6909,-0.6028,0.0192
102800365,0.0052,-0.0073,0.0724,0.0483,-0.0178,0.0320,-0.0334,0.0021,-0.0943,0.0626,0.0438,0.0490,1.6323,-0.0516,0.0000,1.6974,-0.6030,0.0192
102805365,0.0057,-0.0072,0.0516,0.0562,0.0078,0.0296,-0.0310,0.0011,-0.0942,0.0629,0.0201,0.0569,1.7984,-0.0516,0.0000,1.7106,-0.6033,0.0192
102810365,0.0060,-0.0069,0.0293,0.0754,0.0090,0.0262,-0.0254,-0.0012,-0.0943,0.0633,-0.0127,0.0761,2.4076,-0.0516,0.0000,1.7319,-0.6035,0.0192
102815365,0.0061,-0.0066,-0.0336,0.0883,0.0277,0.0148,-0.0169,0.0010,-0.0947,0.0637,-0.0756,0.0890,2.4076,-0.0516,0.0000,1.7464,-0.6038,0.0192
102820365,0.0060,-0.0063,-0.0617,0.0910,0.0301,0.0092,-0.0127,0.0023,-0.0952,0.0642,-0.1037,0.0917,2.4076,-0.0516,0.0000,1.7560,-0.6040,0.0192
102825365,0.0058,-0.0058,-0.0770,0.0904,0.0292,0.0058,-0.0095,0.0025,-0.0958,0.0646,-0.1190,0.0911,2.4076,-0.0516,0.0000,1.7705,-0.6043,0.0192
102830365,0.0056,-0.0053,-0.0840,0.0892,0.0335,0.0039,-0.0070,0.0019,-0.0964,0.0651,-0.1214,0.0899,2.1401,-0.0516,0.0000,1.7744,-0.6045,0.0192
102835365,0.0051,-0.0048,-0.0803,0.0819,0.0390,0.0032,-0.0062,0.0015,-0.0969,0.0655,-0.1085,0.0826,1.6053,-0.0516,0.0000,1.7749,-0.6049,0.0192
102840365,0.0046,-0.0045,-0.0696,0.0715,0.0381,0.0035,-0.0068,0.0019,-0.0974,0.0658,-0.0922,0.0722,1.2844,-0.0516,0.0000,1.7743,-0.6051,0.0192
102845365,0.0042,-0.0042,-0.0434,0.0623,0.0228,0.0073,-0.0090,0.0008,-0.0977,0.0662,-0.0604,0.0631,0.9635,-0.0516,0.0000,1.7746,-0.6054,0.0192
102850365,0.0040,-0.0040,-0.0061,0.0580,0.0020,0.0138,-0.0117,-0.0400,-0.0978,0.0664,-0.0204,0.0588,0.8031,-0.0516,0.0000,1.7749,-0.6056,0.0192
102855365,0.0040,-0.0038,0.0281,0.0431,-0.0084,0.0203,-0.0164,-0.0036,-0.0977,0.0667,0.0175,0.0438,0.5892,-0.0516,0.0000,1.7747,-0.6059,0.0192
102860365,0.0042,-0.0036,0.0788,0.0324,-0.0084,0.0307,-0.0226,-0.0077,-0.0973,0.0668,0.0700,0.0331,0.4822,-0.0516,0.0000,1.7747,-0.6061,0.0192
102865365,0.0046,-0.0034,0.0959,0.0254,-0.0087,0.0354,-0.0253,-0.0098,-0.0969,0.0670,0.0890,0.0261,0.3752,-0.0516,0.0000,1.7750,-0.6064,0.0192
102870365,0.0051,-0.0035,0.1081,0.0208,-0.0062,0.0399,-0.0288,-0.0108,-0.0964,0.0671,0.1031,0.0215,0.2683,-0.0516,0.0000,1.7742,-0.6066,0.0192
102875365,0.0059,-0.0036,0.1093,0.0208,0.0057,0.0429,-0.0308,-0.0124,-0.0959,0.0672,0.1034,0.0215,0.3218,-0.0516,0.0000,1.7771,-0.6069,0.0192
102880365,0.0066,-0.0036,0.1035,0.0257,0.0249,0.0445,-0.0313,-0.0142,-0.0954,0.0673,0.0976,0.0264,0.3218,-0.0516,0.0000,1.7783,-0.6071,0.0192
102885365,0.0073,-0.0036,0.0904,0.0348,0.0387,0.0446,-0.0301,-0.0160,-0.0950,0.0675,0.0844,0.0356,0.3218,-0.0516,0.0000,1.7803,-0.6074,0.0192
102890365,0.0078,-0.0035,0.0712,0.0421,0.0448,0.0433,-0.0282,-0.0168,-0.0946,0.0677,0.0652,0.0429,0.3218,-0.0516,0.0000,1.7816,-0.6076,0.0192
102895365,0.0083,-0.0034,0.0553,0.0519,0.0552,0.0422,-0.0259,-0.0184,-0.0944,0.0680,0.0493,0.0527,0.3218,-0.0516,0.0000,1.7835,-0.6080,0.0192
102900365,0.0087,-0.0033,0.0348,0.0623,0.0921,0.0389,-0.0238,-0.0186,-0.0943,0.0682,0.0198,0.0475,0.3218,-0.0516,-1.0481,1.7848,-0.6082,-0.0029
102905365,0.0089,-0.0030,0.0082,0.0822,0.1010,0.0329,-0.0178,-0.0190,-0.0945,0.0685,-0.0328,0.0558,1.4503,-0.0516,-1.8205,1.8116,-0.6085,-0.0249
102910365,0.0091,-0.0028,0.0012,0.0910,0.0988,0.0323,-0.0153,-0.0208,-0.0947,0.0688,-0.0399,0.0647,1.4503,-0.0516,-1.8205,1.8174,-0.6087,-0.0358
102915365,0.0093,-0.0023,-0.0031,0.0980,0.0982,0.0324,-0.0125,-0.0236,-0.0949,0.0692,-0.0441,0.0717,1.4503,-0.0516,-1.8205,1.8261,-0.6090,-0.0431
102920365,0.0094,-0.0020,-0.0024,0.1112,0.0921,0.0331,-0.0096,-0.0270,-0.0951,0.0696,-0.0435,0.0848,1.4503,-0.0516,-1.8205,1.8319,-0.6092,-0.0540
102925365,0.0096,-0.0015,-0.0128,0.1026,0.0527,0.0323,-0.0080,-0.0263,-0.0954,0.0700,-0.0539,0.0763,1.4503,-0.0516,-1.8205,1.8406,-0.6095,-0.0613
102930365,0.0096,-0.0009,-0.0211,0.0935,0.0332,0.0310,-0.0063,-0.0260,-0.0957,0.0703,-0.0662,0.0702,1.7883,-0.0516,-1.6107,1.8539,-0.6097,-0.0678
102935365,0.0096,-0.0005,-0.0342,0.0748,0.0307,0.0286,-0.0063,-0.0235,-0.0961,0.0706,-0.0793,0.0516,1.7883,-0.0516,-1.6107,1.8646,-0.6100,-0.0742
102940365,0.0096,-0.0001,-0.0367,0.0467,0.0087,0.0281,-0.0088,-0.0196,-0.0965,0.0707,-0.0818,0.0235,1.7883,-0.0516,-1.6107,1.8718,-0.6102,-0.0839
102945365,0.0094,0.0001,-0.0388,0.0241,-0.0111,0.0274,-0.0108,-0.0162,-0.0969,0.0707,-0.0839,0.0009,1.7883,-0.0516,-1.6107,1.8825,-0.6105,-0.0903
102950365,0.0094,0.0002,-0.0367,-0.0092,-0.0096,0.0277,-0.0160,-0.0113,-0.0973,0.0705,-0.0818,-0.0324,1.7883,-0.0516,-1.6107,1.8897,-0.6107,-0.1000
102955365,0.0094,0.0002,-0.0321,-0.0156,-0.0013,0.0285,-0.0173,-0.0111,-0.0977,0.0704,-0.0759,-0.0367,1.7883,-0.0516,-1.4642,1.9004,-0.6111,-0.1034
102960365,0.0093,0.0002,-0.0244,-0.0235,-0.0105,0.0300,-0.0190,-0.0105,-0.0980,0.0701,-0.0623,-0.0439,1.4652,-0.0516,-1.4154,1.9004,-0.6113,-0.1109
102965365,0.0090,0.0001,-0.0183,-0.0241,-0.0154,0.0306,-0.0198,-0.0103,-0.0983,0.0699,-0.0497,-0.0444,1.0882,-0.0516,-1.4154,1.9004,-0.6116,-0.1166
102970365,0.0089,-0.0002,-0.0061,-0.0220,0.0035,0.0324,-0.0218,-0.0107,-0.0984,0.0697,-0.0338,-0.0423,0.8728,-0.0516,-1.4154,1.9000,-0.6118,-0.1251
102975365,0.0089,-0.0005,0.0089,-0.0079,0.0203,0.0352,-0.0224,-0.0137,-0.0985,0.0696,-0.0151,-0.0282,0.6574,-0.0516,-1.4154,1.9002,-0.6121,-0.1307
102980365,0.0090,-0.0007,0.0186,0.0082,0.0228,0.0375,-0.0218,-0.0166,-0.0985,0.0695,-0.0035,-0.0120,0.5497,-0.0516,-1.4154,1.9004,-0.6123,-0.1392
102985365,0.0092,-0.0008,0.0308,0.0284,0.0148,0.0408,-0.0205,-0.0209,-0.0985,0.0695,0.0115,0.0081,0.3881,-0.0516,-1.4154,1.9000,-0.6126,-0.1449
102990365,0.0094,-0.0008,0.0373,0.0504,0.0097,0.0433,-0.0179,-0.0258,-0.0984,0.0697,0.0217,0.0351,0.3343,-0.0516,-1.0831,1.9003,-0.6128,-0.1458
102995365,0.0097,-0.0007,0.0431,0.0800,0.0127,0.0447,-0.0117,-0.0335,-0.0983,0.0702,0.0176,0.0919,0.2265,-1.6470,-0.8616,1.8998,-0.6496,-0.1453
103000365,0.0101,-0.0005,0.0440,0.0907,0.0072,0.0465,-0.0098,-0.0370,-0.0982,0.0707,0.0213,0.1059,0.1727,-1.6470,-0.6401,1.8996,-0.6562,-0.1454
103005365,0.0105,-0.0001,0.0406,0.0968,0.0011,0.0479,-0.0080,-0.0399,-0.0981,0.0713,0.0198,0.1136,0.1188,-1.6470,-0.5293,1.8996,-0.6661,-0.1455
103010365,0.0109,0.0003,0.0296,0.0983,-0.0026,0.0475,-0.0059,-0.0415,-0.0980,0.0719,0.0098,0.1168,0.1188,-1.6470,-0.4186,1.9000,-0.6727,-0.1461
103015365,0.0112,0.0008,0.0214,0.0959,0.0045,0.0474,-0.0045,-0.0430,-0.0980,0.0724,0.0034,0.1160,0.0650,-1.6470,-0.3078,1.8996,-0.6826,-0.1453
103020365,0.0115,0.0013,0.0150,0.0889,0.0109,0.0472,-0.0039,-0.0438,-0.0980,0.0730,-0.0025,0.1098,0.0650,-1.6470,-0.2524,1.8999,-0.6891,-0.1459
103025365,0.0117,0.0018,0.0061,0.0785,0.0139,0.0468,-0.0041,-0.0432,-0.0980,0.0735,-0.0075,0.0944,0.0650,-1.2576,-0.1971,1.9003,-0.6901,-0.1456
103030365,0.0119,0.0022,-0.0009,0.0657,0.0145,0.0464,-0.0048,-0.0422,-0.0981,0.0739,-0.0120,0.0788,0.0650,-1.0142,-0.1417,1.9005,-0.6897,-0.1455
103035365,0.0120,0.0025,-0.0073,0.0547,0.0182,0.0461,-0.0056,-0.0412,-0.0982,0.0742,-0.0161,0.0641,0.0539,-0.7708,-0.1417,1.9009,-0.6901,-0.1461
103040365,0.0122,0.0027,-0.0134,0.0486,0.0283,0.0456,-0.0058,-0.0409,-0.0983,0.0745,-0.0205,0.0566,0.0539,-0.6247,-0.0863,1.9011,-0.6899,-0.1455
103045365,0.0123,0.0029,-0.0241,0.0434,0.0268,0.0442,-0.0054,-0.0398,-0.0984,0.0747,-0.0299,0.0493,0.0539,-0.4787,-0.0863,1.9014,-0.6902,-0.1459
103050365,0.0124,0.0031,-0.0284,0.0473,0.0194,0.0440,-0.0039,-0.0409,-0.0986,0.0750,-0.0326,0.0531,0.0539,-0.3813,0.0000,1.9016,-0.6899,-0.1451
103055365,0.0125,0.0032,-0.0318,0.0516,0.0170,0.0438,-0.0027,-0.0417,-0.0988,0.0752,-0.0351,0.0559,0.0539,-0.2840,0.0000,1.9019,-0.6899,-0.1451
103060365,0.0125,0.0033,-0.0336,0.0574,0.0136,0.0436,-0.0013,-0.0428,-0.0990,0.0756,-0.0366,0.0609,0.0539,-0.2353,0.0000,1.9022,-0.6899,-0.1451
103065365,0.0125,0.0035,-0.0339,0.0608,0.0051,0.0418,0.0009,-0.0429,-0.0993,0.0759,-0.0636,0.0635,1.6323,-0.1866,0.0000,1.9393,-0.6901,-0.1451
103070365,0.0126,0.0038,-0.0318,0.0648,-0.0056,0.0426,0.0400,-0.0448,-0.0996,0.0762,-0.0610,0.0667,1.6323,-0.1379,0.0000,1.9458,-0.6897,-0.1451
103075365,0.0126,0.0042,-0.0321,0.0629,-0.0169,0.0428,0.0036,-0.0457,-0.0999,0.0765,-0.0609,0.0641,1.6323,-0.0892,0.0000,1.9556,-0.6894,-0.1451
103080365,0.0126,0.0046,-0.0336,0.0580,-0.0270,0.0427,0.0043,-0.0459,-0.1002,0.0768,-0.0624,0.0592,1.6323,-0.0892,0.0000,1.9621,-0.6898,-0.1451
103085365,0.0126,0.0049,-0.0327,0.0516,-0.0340,0.0430,0.0043,-0.0460,-0.1005,0.0771,-0.0616,0.0513,1.6323,-0.0406,-0.0554,1.9719,-0.6893,-0.1462
103090365,0.0126,0.0051,-0.0376,0.0342,-0.0313,0.0421,0.0028,-0.0436,-0.1008,0.0772,-0.0665,0.0339,1.6323,-0.0406,-0.0554,1.9784,-0.6895,-0.1465
103095365,0.0126,0.0053,-0.0376,0.0220,-0.0343,0.0420,0.0017,-0.0423,-0.1012,0.0774,-0.0665,0.0217,1.6323,-0.0406,-0.0554,1.9882,-0.6897,-0.1467
103100365,0.0125,0.0055,-0.0394,0.0095,-0.0435,0.0416,0.0006,-0.0405,-0.1015,0.0774,-0.0679,0.0085,1.6323,0.0000,-0.0554,1.9948,-0.6897,-0.1471
103105365,0.0125,0.0055,-0.0446,-0.0055,-0.0481,0.0405,-0.0010,-0.0377,-0.1019,0.0774,-0.0731,-0.0064,1.6323,0.0000,-0.0554,2.0045,-0.6897,-0.1473
103110365,0.0125,0.0055,-0.0476,-0.0137,-0.0527,0.0399,-0.0400,-0.0358,-0.1023,0.0773,-0.0762,-0.0147,1.6323,0.0000,-0.0554,2.0111,-0.6897,-0.1476
103115365,0.0124,0.0054,-0.0501,-0.0183,-0.0545,0.0388,-0.0025,-0.0341,-0.1027,0.0772,-0.0869,-0.0193,2.1136,0.0000,-0.0554,2.0321,-0.6897,-0.1478
103120365,0.0124,0.0052,-0.0550,-0.0183,-0.0487,0.0376,-0.0027,-0.0330,-0.1032,0.0771,-0.0918,-0.0193,2.1136,0.0000,-0.0554,2.0406,-0.6897,-0.1482
103125365,0.0124,0.0051,-0.0571,-0.0165,-0.0383,0.0365,-0.0031,-0.0319,-0.1036,0.0770,-0.0984,-0.0252,2.1136,0.0000,-0.5780,2.0533,-0.6897,-0.1591
103130365,0.0123,0.0049,-0.0547,-0.0119,-0.0243,0.0358,-0.0042,-0.0306,-0.1042,0.0768,-0.1070,-0.0423,2.0196,0.0000,-2.0413,2.0598,-0.6897,-0.1980
103135365,0.0122,0.0048,-0.0589,0.0144,-0.0359,0.0352,0.0001,-0.0339,-0.1047,0.0767,-0.1065,-0.0161,1.7375,0.0000,-2.0413,2.0650,-0.6897,-0.2062
103140365,0.0120,0.0048,-0.0702,0.0296,-0.0328,0.0323,0.0400,-0.0347,-0.1053,0.0767,-0.1178,-0.0008,1.7375,0.0000,-2.0413,2.0720,-0.6897,-0.2184
103145365,0.0119,0.0048,-0.0748,0.0446,-0.0236,0.0307,0.0068,-0.0366,-0.1059,0.0767,-0.1223,0.0142,1.7375,0.0000,-2.0413,2.0824,-0.6897,-0.2266
103150365,0.0117,0.0051,-0.0773,0.0519,-0.0117,0.0297,0.0097,-0.0389,-0.1065,0.0769,-0.1210,0.0280,1.7375,0.0000,-1.6054,2.0894,-0.6897,-0.2291
103155365,0.0115,0.0054,-0.0788,0.0547,-0.0215,0.0289,0.0120,-0.0401,-0.1071,0.0771,-0.1200,0.0350,1.7375,0.0000,-1.3148,2.0998,-0.6897,-0.2292
103160365,0.0113,0.0057,-0.0782,0.0535,-0.0301,0.0292,0.0127,-0.0407,-0.1077,0.0772,-0.1103,0.0314,1.6248,0.4951,-0.9758,2.1041,-0.6796,-0.2293
103165365,0.0110,0.0061,-0.0748,0.0476,-0.0136,0.0292,0.0115,-0.0402,-0.1081,0.0773,-0.0929,0.0071,1.6248,1.9254,-0.7821,2.1139,-0.6418,-0.2289
103170365,0.0106,0.0064,-0.0715,0.0412,-0.0001,0.0285,0.0120,-0.0405,-0.1086,0.0773,-0.0878,0.0036,1.6248,1.9254,-0.5883,2.1204,-0.6341,-0.2292
103175365,0.0104,0.0067,-0.0669,0.0281,-0.0047,0.0286,0.0110,-0.0394,-0.1090,0.0772,-0.0824,-0.0081,1.6248,1.9254,-0.4915,2.1301,-0.6226,-0.2294
103180365,0.0103,0.0068,-0.0629,0.0226,-0.0472,0.0294,0.0112,-0.0387,-0.1094,0.0772,-0.0780,-0.0129,1.6248,1.9254,-0.4430,2.1366,-0.6149,-0.2311
103185365,0.0102,0.0069,-0.0638,0.0156,-0.0426,0.0288,0.0105,-0.0377,-0.1098,0.0771,-0.0789,-0.0199,1.6248,1.9254,-0.4430,2.1464,-0.6033,-0.2329
103190365,0.0101,0.0070,-0.0702,0.0156,-0.0337,0.0269,0.0118,-0.0375,-0.1102,0.0770,-0.0862,-0.0153,1.5171,1.6156,-0.4430,2.1506,-0.6024,-0.2355
103195365,0.0099,0.0070,-0.0733,0.0159,-0.0484,0.0263,0.0130,-0.0375,-0.1106,0.0769,-0.0854,-0.0088,1.0862,1.2025,-0.4430,2.1497,-0.6023,-0.2373
103200365,0.0098,0.0072,-0.0770,0.0174,-0.0673,0.0252,0.0149,-0.0375,-0.1111,0.0769,-0.0885,-0.0034,0.9247,0.9443,-0.4430,2.1505,-0.6032,-0.2400
103205365,0.0096,0.0073,-0.0791,0.0165,-0.0759,0.0244,0.0159,-0.0374,-0.1115,0.0769,-0.0878,-0.0012,0.6554,0.7378,-0.4430,2.1498,-0.6023,-0.2417
103210365,0.0094,0.0073,-0.0816,0.0205,-0.0750,0.0234,0.0172,-0.0377,-0.1120,0.0769,-0.0889,0.0020,0.5477,0.7378,-0.4982,2.1501,-0.5994,-0.2455
103215365,0.0092,0.0074,-0.0812,0.0199,-0.0609,0.0220,0.0165,-0.0362,-0.1124,0.0769,-0.0954,-0.0150,0.3861,0.7378,-1.6015,2.1497,-0.5950,-0.2725
103220365,0.0090,0.0075,-0.0855,0.0299,-0.0621,0.0205,0.0194,-0.0376,-0.1129,0.0768,-0.0987,-0.0049,0.3323,0.7378,-1.6015,2.1501,-0.5920,-0.2821
103225365,0.0087,0.0078,-0.0867,0.0321,-0.0148,0.0187,0.0207,-0.0388,-0.1134,0.0768,-0.0981,-0.0028,0.2246,0.7378,-1.6015,2.1497,-0.5876,-0.2885
103230365,0.0084,0.0080,-0.0819,0.0131,0.0097,0.0178,0.0184,-0.0366,-0.1139,0.0767,-0.0932,-0.0217,0.2246,0.7378,-1.6015,2.1506,-0.5846,-0.2981
103235365,0.0080,0.0080,-0.0773,-0.0144,0.0179,0.0172,0.0144,-0.0323,-0.1143,0.0765,-0.0877,-0.0492,0.1707,0.7378,-1.6015,2.1505,-0.5802,-0.3045
103240365,0.0078,0.0080,-0.0794,-0.0305,-0.0001,0.0165,0.0118,-0.0283,-0.1147,0.0761,-0.0830,-0.0755,0.1169,1.4165,-1.6015,2.1499,-0.5624,-0.3142
103245365,0.0075,0.0079,-0.0773,-0.0486,-0.0062,0.0160,0.0090,-0.0248,-0.1151,0.0756,-0.0786,-0.0912,0.0630,1.4165,-1.4442,2.1496,-0.5539,-0.3173
103250365,0.0072,0.0077,-0.0776,-0.0577,0.0210,0.0147,0.0075,-0.0231,-0.1155,0.0752,-0.0757,-0.0949,0.0630,1.4165,-1.0771,2.1498,-0.5482,-0.3175
103255365,0.0070,0.0075,-0.0782,-0.0644,0.0341,0.0137,0.0061,-0.0211,-0.1159,0.0747,-0.0745,-0.0985,0.0630,1.4165,-0.8674,2.1502,-0.5397,-0.3172
103260365,0.0068,0.0072,-0.0791,-0.0699,0.0179,0.0130,0.0051,-0.0189,-0.1162,0.0742,-0.0736,-0.1009,0.0630,1.4165,-0.6576,2.1504,-0.5340,-0.3176
103265365,0.0066,0.0068,-0.0828,-0.0666,-0.0038,0.0121,0.0053,-0.0172,-0.1166,0.0737,-0.0753,-0.0960,0.0000,1.4165,-0.5528,2.1495,-0.5255,-0.3179
103270365,0.0064,0.0063,-0.0867,-0.0608,-0.0102,0.0104,0.0058,-0.0159,-0.1170,0.0733,-0.0798,-0.0845,0.0000,1.1928,-0.3954,2.1495,-0.5248,-0.3175
103275365,0.0060,0.0060,-0.0956,-0.0266,0.0170,0.0070,0.0116,-0.0193,-0.1175,0.0730,-0.0912,-0.0445,0.0000,0.8572,-0.3430,2.1495,-0.5254,-0.3179
103280365,0.0056,0.0057,-0.1048,-0.0095,0.0042,0.0039,0.0154,-0.0194,-0.1180,0.0729,-0.1009,-0.0233,0.0000,0.6894,-0.2381,2.1495,-0.5256,-0.3175
103285365,0.0053,0.0056,-0.1112,0.0101,-0.0041,0.0013,0.0196,-0.0207,-0.1185,0.0729,-0.1083,-0.0005,0.0000,0.5216,-0.1857,2.1495,-0.5253,-0.3173
103290365,0.0049,0.0055,-0.1151,0.0229,0.0060,-0.0012,0.0226,-0.0217,-0.1191,0.0730,-0.1128,0.0148,0.0000,0.4097,-0.1333,2.1495,-0.5256,-0.3173
103295365,0.0044,0.0054,-0.1176,0.0351,0.0240,-0.0400,0.0254,-0.0226,-0.1197,0.0731,-0.1162,0.0287,0.0000,0.2979,-0.1333,2.1495,-0.5256,-0.3178
103300365,0.0038,0.0054,-0.1176,0.0431,0.0292,-0.0064,0.0280,-0.0226,-0.1202,0.0733,-0.1162,0.0382,0.0000,0.2419,-0.0808,2.1495,-0.5255,-0.3173
103305365,0.0031,0.0057,-0.1142,0.0443,0.0216,-0.0085,0.0305,-0.0228,-0.1208,0.0735,-0.1133,0.0403,0.0000,0.1860,-0.0808,2.1495,-0.5253,-0.3176
103310365,0.0025,0.0061,-0.1115,0.0437,0.0237,-0.0104,0.0326,-0.0231,-0.1214,0.0737,-0.1104,0.0417,0.0000,0.1301,0.0000,2.1495,-0.5257,-0.3170
103315365,0.0020,0.0064,-0.1045,0.0357,0.0344,-0.0112,0.0327,-0.0228,-0.1219,0.0739,-0.1033,0.0338,0.0000,0.1301,0.0000,2.1495,-0.5249,-0.3170
103320365,0.0015,0.0066,-0.0950,0.0070,0.0362,-0.0117,0.0290,-0.0187,-0.1224,0.0739,-0.0943,0.0059,0.0000,0.0741,0.0000,2.1495,-0.5256,-0.3170
103325365,0.0010,0.0066,-0.0767,-0.0052,0.0390,-0.0103,0.0265,-0.0178,-0.1227,0.0739,-0.0760,-0.0063,0.0000,0.0741,0.0000,2.1495,-0.5252,-0.3170
103330365,0.0007,0.0067,-0.0681,-0.0202,0.0549,-0.0081,0.0229,-0.0169,-0.1229,0.0738,-0.0418,-0.0221,-1.4649,0.1301,0.0000,2.1180,-0.5236,-0.3170
103335365,0.0005,0.0066,-0.0687,-0.0333,0.0845,-0.0086,0.0203,-0.0150,-0.1231,0.0736,-0.0298,-0.0352,-2.1974,0.1301,0.0000,2.0908,-0.5229,-0.3170
103340365,0.0003,0.0065,-0.0724,-0.0455,0.0936,-0.0103,0.0187,-0.0120,-0.1233,0.0734,-0.0335,-0.0474,-2.1974,0.1301,0.0000,2.0820,-0.5223,-0.3170
103345365,0.0000,0.0063,-0.0785,-0.0574,0.0830,-0.0123,0.0174,-0.0083,-0.1235,0.0731,-0.0396,-0.0594,-2.1974,0.1301,0.0000,2.0688,-0.5216,-0.3170
103350365,-0.0003,0.0061,-0.0843,-0.0660,0.0744,-0.0146,0.0166,-0.0049,-0.1237,0.0727,-0.0462,-0.0679,-2.1504,0.1301,0.0000,2.0609,-0.5210,-0.3170
103355365,-0.0006,0.0058,-0.0916,-0.0706,0.0775,-0.0178,0.0164,-0.0017,-0.1240,0.0724,-0.0632,-0.0725,-1.5861,0.1301,0.0000,2.0611,-0.5203,-0.3170
103360365,-0.0008,0.0054,-0.0938,-0.0702,0.0799,-0.0191,0.0157,0.0004,-0.1243,0.0720,-0.0654,-0.0722,-1.5861,0.1301,0.0000,2.0547,-0.5197,-0.3170
103365365,-0.0011,0.0049,-0.1011,-0.0638,0.0530,-0.0213,0.0166,0.0400,-0.1247,0.0717,-0.0727,-0.0658,-1.5861,0.1301,0.0000,2.0452,-0.5190,-0.3170
103370365,-0.0015,0.0045,-0.1179,-0.0428,0.0436,-0.0259,0.0210,0.0032,-0.1251,0.0715,-0.0895,-0.0447,-1.5861,0.1301,0.0000,2.0389,-0.5184,-0.3170
103375365,-0.0022,0.0041,-0.1252,-0.0299,0.0445,-0.0298,0.0236,0.0046,-0.1256,0.0713,-0.0968,-0.0319,-1.5861,0.1301,0.0000,2.0294,-0.5176,-0.3170
103380365,-0.0028,0.0038,-0.1313,-0.0192,0.0384,-0.0332,0.0258,0.0059,-0.1261,0.0712,-0.1020,-0.0212,-1.6396,0.1301,0.0000,2.0219,-0.5171,-0.3170
103385365,-0.0035,0.0037,-0.1206,-0.0070,0.0243,-0.0341,0.0281,0.0051,-0.1266,0.0712,-0.0913,-0.0090,-1.6396,0.1301,0.0000,2.0120,-0.5163,-0.3170
103390365,-0.0042,0.0036,-0.1017,0.0086,0.0292,-0.0335,0.0300,0.0024,-0.1270,0.0712,-0.0724,0.0066,-1.6396,0.1301,0.0000,2.0055,-0.5158,-0.3170
103395365,-0.0048,0.0036,-0.0895,0.0189,0.0298,-0.0334,0.0313,0.0009,-0.1272,0.0713,-0.0573,0.0169,-1.8057,0.1301,0.0000,1.9923,-0.5150,-0.3170
103400365,-0.0053,0.0035,-0.0699,0.0195,0.0063,-0.0307,0.0304,-0.0000,-0.1274,0.0714,-0.0254,0.0175,-2.5256,0.1301,0.0000,1.9684,-0.5145,-0.3170
103405365,-0.0057,0.0037,-0.0516,0.0247,-0.0007,-0.0288,0.0311,-0.0400,-0.1274,0.0715,-0.0071,0.0227,-2.5256,0.1301,0.0000,1.9533,-0.5137,-0.3170
103410365,-0.0060,0.0039,-0.0330,0.0241,0.0008,-0.0266,0.0305,-0.0040,-0.1273,0.0716,0.0116,0.0221,-2.5256,0.1301,0.0000,1.9432,-0.5132,-0.3170
103415365,-0.0062,0.0039,-0.0144,-0.0070,-0.0301,-0.0236,0.0248,-0.0000,-0.1272,0.0715,0.0302,-0.0091,-2.5256,0.1301,0.0000,1.9280,-0.5124,-0.3170
103420365,-0.0063,0.0040,-0.0076,-0.0156,-0.0139,-0.0230,0.0230,0.0006,-0.1270,0.0715,0.0369,-0.0176,-2.5256,0.1301,0.0000,1.9179,-0.5119,-0.3170
103425365,-0.0061,0.0039,-0.0027,-0.0241,-0.0032,-0.0217,0.0206,0.0012,-0.1268,0.0713,0.0418,-0.0262,-2.5256,0.1301,0.0000,1.9028,-0.5111,-0.3170
103430365,-0.0063,0.0038,-0.0067,-0.0263,-0.0078,-0.0236,0.0209,0.0400,-0.1266,0.0712,0.0314,-0.0283,-2.1486,0.1301,0.0000,1.9008,-0.5106,-0.3170
103435365,-0.0065,0.0038,-0.0119,-0.0281,-0.0224,-0.0256,0.0218,0.0046,-0.1266,0.0710,0.0169,-0.0301,-1.6101,0.1301,0.0000,1.9005,-0.5098,-0.3170
103440365,-0.0065,0.0038,-0.0098,-0.0324,-0.0282,-0.0251,0.0210,0.0053,-0.1265,0.0709,0.0190,-0.0344,-1.6101,0.1301,0.0000,1.8941,-0.5093,-0.3170
103445365,-0.0063,0.0037,-0.0162,-0.0308,-0.0157,-0.0257,0.0213,0.0050,-0.1264,0.0707,0.0164,-0.0262,-1.6101,0.1301,0.4413,1.8844,-0.5085,-0.3080
103450365,-0.0063,0.0034,-0.0315,-0.0330,-0.0114,-0.0271,0.0225,0.0051,-0.1263,0.0707,0.0154,-0.0036,-1.6101,0.1301,2.0963,1.8780,-0.5080,-0.2640
103455365,-0.0063,0.0033,-0.0440,-0.0336,-0.0221,-0.0293,0.0231,0.0070,-0.1263,0.0707,0.0029,-0.0043,-1.6101,0.1301,2.0963,1.8683,-0.5072,-0.2571
103460365,-0.0065,0.0033,-0.0544,-0.0296,-0.0328,-0.0318,0.0251,0.0079,-0.1263,0.0707,-0.0075,-0.0003,-1.6101,0.1301,2.0963,1.8619,-0.5067,-0.2430
103465365,-0.0068,0.0029,-0.0687,-0.0266,-0.0404,-0.0358,0.0265,0.0109,-0.1264,0.0707,-0.0218,0.0028,-1.6101,0.1301,2.0963,1.8522,-0.5059,-0.2362
103470365,-0.0070,0.0027,-0.0751,-0.0238,-0.0444,-0.0381,0.0272,0.0126,-0.1266,0.0707,-0.0355,-0.0003,-1.3847,0.1301,1.7088,1.8506,-0.5054,-0.2305
103475365,-0.0072,0.0026,-0.0819,-0.0244,-0.0551,-0.0407,0.0281,0.0147,-0.1269,0.0707,-0.0510,-0.0045,-0.9903,0.1301,1.4667,1.8514,-0.5046,-0.2302
103480365,-0.0077,0.0026,-0.0864,-0.0254,-0.0661,-0.0437,0.0292,0.0171,-0.1272,0.0706,-0.0594,-0.0119,-0.9903,0.1301,1.0308,1.8475,-0.5041,-0.2305
103485365,-0.0083,0.0025,-0.0901,-0.0305,-0.0725,-0.0468,0.0294,0.0202,-0.1275,0.0705,-0.0643,-0.0193,-0.9903,0.1301,0.8855,1.8415,-0.5033,-0.2303
103490365,-0.0089,0.0024,-0.0895,-0.0345,-0.0756,-0.0491,0.0294,0.0226,-0.1278,0.0704,-0.0658,-0.0269,-0.9903,0.1301,0.6433,1.8376,-0.5027,-0.2300
103495365,-0.0095,0.0022,-0.0843,-0.0336,-0.0786,-0.0505,0.0295,0.0240,-0.1281,0.0703,-0.0606,-0.0260,-0.9903,0.1301,0.6433,1.8316,-0.5022,-0.2275
103500365,-0.0100,0.0018,-0.0846,-0.0437,-0.0914,-0.0525,0.0280,0.0279,-0.1284,0.0701,-0.0577,-0.0360,-1.1784,0.1301,0.6433,1.8239,-0.5014,-0.2237
103505365,-0.0105,0.0017,-0.0782,-0.0498,-0.0502,-0.0531,0.0260,0.0290,-0.1286,0.0699,-0.0415,-0.0422,-1.7426,0.1301,0.6433,1.8026,-0.5009,-0.2211
103510365,-0.0109,0.0014,-0.0495,-0.0360,-0.0527,-0.0494,0.0254,0.0261,-0.1287,0.0697,-0.0128,-0.0285,-1.7426,0.1301,0.6433,1.7956,-0.5001,-0.2172
103515365,-0.0113,0.0011,-0.0321,-0.0214,-0.0646,-0.0473,0.0260,0.0238,-0.1287,0.0697,0.0055,-0.0138,-1.7961,0.1301,0.6433,1.7841,-0.4996,-0.2147
103520365,-0.0115,0.0009,-0.0186,-0.0067,-0.0612,-0.0446,0.0270,0.0199,-0.1285,0.0697,0.0335,0.0149,-2.1705,0.1301,1.5840,1.7681,-0.4988,-0.1898
103525365,-0.0116,0.0008,0.0015,0.0073,-0.0569,-0.0416,0.0273,0.0165,-0.1282,0.0699,0.0537,0.0290,-2.1705,0.1301,1.5840,1.7572,-0.4983,-0.1835
103530365,-0.0117,0.0008,0.0205,0.0254,-0.0554,-0.0384,0.0285,0.0121,-0.1279,0.0701,0.0726,0.0470,-2.1705,0.1301,1.5840,1.7442,-0.4975,-0.1740
103535365,-0.0117,0.0008,0.0278,0.0321,-0.0728,-0.0366,0.0290,0.0104,-0.1274,0.0704,0.0837,0.0537,-2.3920,0.1301,1.5840,1.7311,-0.4970,-0.1676
103540365,-0.0116,0.0009,0.0412,0.0391,-0.0844,-0.0334,0.0290,0.0076,-0.1269,0.0707,0.1019,0.0607,-2.6689,0.1301,1.5840,1.7096,-0.4962,-0.1581
103545365,-0.0115,0.0009,0.0507,0.0476,-0.0734,-0.0313,0.0293,0.0048,-0.1264,0.0710,0.1114,0.0693,-2.6689,0.1301,1.5840,1.6989,-0.4956,-0.1518
103550365,-0.0114,0.0011,0.0541,0.0498,-0.0853,-0.0305,0.0296,0.0041,-0.1258,0.0714,0.1097,0.0681,-2.4832,0.1301,1.3625,1.6868,-0.4949,-0.1470
103555365,-0.0112,0.0014,0.0385,0.0351,-0.0991,-0.0331,0.0298,0.0071,-0.1254,0.0716,0.0842,0.0501,-2.0189,0.1301,1.1410,1.6871,-0.4943,-0.1464
103560365,-0.0110,0.0016,0.0244,0.0195,-0.1034,-0.0348,0.0278,0.0109,-0.1250,0.0717,0.0710,0.0163,-1.7868,1.0269,0.8087,1.6807,-0.4741,-0.1472
103565365,-0.0109,0.0017,0.0070,-0.0024,-0.0899,-0.0377,0.0259,0.0152,-0.1248,0.0717,0.0526,-0.0074,-1.7868,1.0269,0.6979,1.6736,-0.4700,-0.1464
103570365,-0.0108,0.0018,-0.0125,-0.0241,-0.0814,-0.0413,0.0240,0.0204,-0.1246,0.0715,0.0317,-0.0315,-1.7868,1.0269,0.5318,1.6628,-0.4638,-0.1462
103575365,-0.0109,0.0017,-0.0257,-0.0431,-0.0792,-0.0441,0.0220,0.0251,-0.1245,0.0712,0.0176,-0.0521,-1.7868,1.0269,0.4210,1.6557,-0.4597,-0.1466
103580365,-0.0111,0.0015,-0.0370,-0.0602,-0.0765,-0.0475,0.0203,0.0301,-0.1245,0.0709,0.0007,-0.0709,-1.5175,1.0269,0.3103,1.6509,-0.4535,-0.1466
103585365,-0.0115,0.0012,-0.0458,-0.0706,-0.0740,-0.0510,0.0192,0.0346,-0.1246,0.0705,-0.0133,-0.0821,-1.2483,1.0269,0.2549,1.6508,-0.4494,-0.1464
103590365,-0.0119,0.0008,-0.0489,-0.0776,-0.0649,-0.0538,0.0178,0.0384,-0.1247,0.0700,-0.0224,-0.0899,-0.9251,1.0269,0.1995,1.6508,-0.4433,-0.1467
103595365,-0.0123,0.0002,-0.0495,-0.0800,-0.0563,-0.0559,0.0165,0.0416,-0.1248,0.0696,-0.0271,-0.0917,-0.7636,0.9296,0.1441,1.6508,-0.4411,-0.1468
103600365,-0.0126,-0.0003,-0.0428,-0.0663,-0.0511,-0.0563,0.0173,0.0410,-0.1250,0.0692,-0.0225,-0.0744,-0.7636,0.6862,0.1441,1.6462,-0.4411,-0.1462
103605365,-0.0129,-0.0007,-0.0333,-0.0538,-0.0462,-0.0559,0.0175,0.0402,-0.1250,0.0689,-0.0138,-0.0604,-0.7636,0.5888,0.1441,1.6432,-0.4404,-0.1455
103610365,-0.0132,-0.0011,-0.0247,-0.0357,-0.0414,-0.0554,0.0188,0.0382,-0.1251,0.0687,-0.0065,-0.0402,-0.7636,0.4428,0.1441,1.6386,-0.4404,-0.1449
103615365,-0.0133,-0.0014,-0.0110,-0.0156,-0.0374,-0.0537,0.0201,0.0350,-0.1250,0.0686,0.0064,-0.0186,-0.7636,0.3454,0.1441,1.6355,-0.4408,-0.1441
103620365,-0.0134,-0.0015,0.0058,0.0113,-0.0301,-0.0511,0.0225,0.0298,-0.1249,0.0687,0.0223,0.0097,-0.7636,0.2481,0.1441,1.6309,-0.4409,-0.1435
103625365,-0.0134,-0.0015,0.0244,0.0327,-0.0209,-0.0472,0.0237,0.0243,-0.1247,0.0688,0.0503,0.0318,-1.3270,0.1994,0.1441,1.6163,-0.4409,-0.1426
103630365,-0.0133,-0.0015,0.0400,0.0516,-0.0157,-0.0422,0.0259,0.0169,-0.1242,0.0692,0.0901,0.0741,-2.0031,0.1507,1.6577,1.5913,-0.4408,-0.1089
103635365,-0.0132,-0.0013,0.0480,0.0663,-0.0194,-0.0401,0.0279,0.0130,-0.1237,0.0696,0.0997,0.0917,-2.0031,0.1507,1.8530,1.5833,-0.4402,-0.0940
103640365,-0.0131,-0.0011,0.0519,0.0730,-0.0233,-0.0389,0.0291,0.0106,-0.1232,0.0701,0.1032,0.0991,-2.0031,0.1020,1.8530,1.5713,-0.4406,-0.0866
103645365,-0.0130,-0.0009,0.0525,0.0718,-0.0136,-0.0385,0.0296,0.0094,-0.1227,0.0706,0.1034,0.0986,-2.0031,0.0533,1.8530,1.5633,-0.4411,-0.0754
103650365,-0.0129,-0.0006,0.0467,0.0599,-0.0154,-0.0398,0.0294,0.0110,-0.1222,0.0711,0.0903,0.0852,-1.5799,0.1020,1.8005,1.5608,-0.4397,-0.0691
103655365,-0.0128,-0.0002,0.0415,0.0443,-0.0111,-0.0409,0.0281,0.0132,-0.1219,0.0714,0.0762,0.0626,-1.2978,0.1020,1.3286,1.5607,-0.4393,-0.0690
103660365,-0.0126,0.0000,0.0336,0.0199,-0.0004,-0.0421,0.0253,0.0168,-0.1215,0.0715,0.0624,0.0350,-1.0627,0.1020,1.1188,1.5586,-0.4387,-0.0683
103665365,-0.0124,0.0001,0.0229,-0.0055,0.0109,-0.0438,0.0220,0.0214,-0.1213,0.0716,0.0490,0.0050,-1.0627,0.1020,0.8042,1.5544,-0.4383,-0.0689
103670365,-0.0124,0.0001,0.0116,-0.0354,0.0185,-0.0458,0.0179,0.0273,-0.1211,0.0714,0.0364,-0.0273,-1.0627,0.1020,0.6469,1.5480,-0.4376,-0.0690
103675365,-0.0124,-0.0001,0.0034,-0.0611,0.0176,-0.0476,0.0139,0.0330,-0.1210,0.0712,0.0268,-0.0553,-1.0627,0.1020,0.4896,1.5438,-0.4372,-0.0687
103680365,-0.0126,-0.0005,-0.0012,-0.0788,0.0155,-0.0491,0.0105,0.0381,-0.1209,0.0708,0.0213,-0.0746,-1.0627,0.1020,0.3847,1.5374,-0.4366,-0.0690
103685365,-0.0128,-0.0010,-0.0043,-0.0886,0.0164,-0.0505,0.0076,0.0423,-0.1208,0.0703,0.0173,-0.0860,-1.0627,0.1020,0.2798,1.5331,-0.4362,-0.0690
103690365,-0.0129,-0.0017,-0.0064,-0.0895,0.0066,-0.0513,0.0057,0.0454,-0.1207,0.0699,0.0147,-0.0877,-1.0627,0.1020,0.2274,1.5268,-0.4356,-0.0689
103695365,-0.0130,-0.0023,-0.0015,-0.0641,-0.0035,-0.0506,0.0076,0.0432,-0.1206,0.0696,0.0196,-0.0623,-1.0627,0.1020,0.2274,1.5225,-0.4352,-0.0676
103700365,-0.0130,-0.0027,0.0061,-0.0379,-0.0013,-0.0495,0.0097,0.0398,-0.1205,0.0694,0.0273,-0.0361,-1.0627,0.1020,0.2274,1.5162,-0.4346,-0.0667
103705365,-0.0130,-0.0029,0.0199,-0.0076,0.0063,-0.0471,0.0122,0.0346,-0.1203,0.0694,0.0410,-0.0058,-1.0627,0.1020,0.2274,1.5119,-0.4342,-0.0654
103710365,-0.0129,-0.0030,0.0412,0.0223,0.0127,-0.0429,0.0144,0.0280,-0.1200,0.0695,0.0624,0.0241,-1.0627,0.1020,0.2274,1.5055,-0.4336,-0.0644
103715365,-0.0127,-0.0030,0.0580,0.0498,0.0133,-0.0392,0.0170,0.0216,-0.1196,0.0698,0.0792,0.0516,-1.0627,0.1020,0.2274,1.5013,-0.4332,-0.0631
103720365,-0.0125,-0.0028,0.0779,0.0761,0.0145,-0.0331,0.0188,0.0138,-0.1190,0.0702,0.1172,0.0778,-2.1148,0.1020,0.2274,1.4714,-0.4325,-0.0622
103725365,-0.0121,-0.0025,0.0935,0.0938,0.0203,-0.0290,0.0204,0.0078,-0.1183,0.0706,0.1327,0.0955,-2.1148,0.1020,0.2274,1.4629,-0.4321,-0.0608
103730365,-0.0117,-0.0021,0.1038,0.1029,0.0219,-0.0256,0.0212,0.0035,-0.1176,0.0712,0.1431,0.1047,-2.1148,0.1020,0.2274,1.4502,-0.4315,-0.0599
103735365,-0.0113,-0.0018,0.1106,0.1051,0.0161,-0.0227,0.0216,0.0005,-0.1169,0.0717,0.1498,0.1068,-2.1148,0.1020,0.2274,1.4418,-0.4311,-0.0585
103740365,-0.0110,-0.0013,0.0999,0.0858,-0.0062,-0.0233,0.0210,0.0025,-0.1162,0.0721,0.1327,0.0876,-1.7434,0.1020,0.2274,1.4372,-0.4305,-0.0576
103745365,-0.0105,-0.0008,0.0877,0.0635,-0.0065,-0.0241,0.0195,0.0048,-0.1156,0.0725,0.1149,0.0653,-1.4185,0.1020,0.2274,1.4373,-0.4301,-0.0563
103750365,-0.0100,-0.0005,0.0715,0.0400,-0.0050,-0.0256,0.0177,0.0081,-0.1152,0.0727,0.0923,0.0418,-1.0471,0.1020,0.2274,1.4373,-0.4295,-0.0553
103755365,-0.0096,-0.0003,0.0574,0.0168,-0.0126,-0.0267,0.0154,0.0118,-0.1148,0.0728,0.0751,0.0186,-0.8614,0.1020,0.2274,1.4371,-0.4291,-0.0540
103760365,-0.0094,-0.0001,0.0425,-0.0031,-0.0191,-0.0286,0.0138,0.0155,-0.1145,0.0728,0.0561,-0.0012,-0.6292,0.1020,0.2274,1.4373,-0.4285,-0.0531
103765365,-0.0092,-0.0001,0.0290,-0.0195,-0.0181,-0.0307,0.0124,0.0190,-0.1143,0.0727,0.0411,-0.0177,-0.5364,0.1020,0.2274,1.4368,-0.4281,-0.0517
103770365,-0.0093,-0.0002,0.0189,-0.0321,-0.0126,-0.0329,0.0110,0.0224,-0.1141,0.0725,0.0286,-0.0302,-0.3971,0.1020,0.2274,1.4368,-0.4274,-0.0508
103775365,-0.0093,-0.0006,0.0189,-0.0394,-0.0114,-0.0332,0.0087,0.0249,-0.1140,0.0723,0.0270,-0.0375,-0.3043,0.1020,0.2274,1.4373,-0.4270,-0.0494
103780365,-0.0093,-0.0010,0.0214,-0.0360,-0.0126,-0.0329,0.0078,0.0256,-0.1139,0.0722,0.0287,-0.0342,-0.2578,0.1020,0.2274,1.4365,-0.4264,-0.0485
103785365,-0.0093,-0.0012,0.0247,-0.0165,-0.0053,-0.0324,0.0096,0.0231,-0.1137,0.0721,0.0312,-0.0146,-0.2114,0.1020,0.2274,1.4366,-0.4260,-0.0472
103790365,-0.0092,-0.0014,0.0434,-0.0055,-0.0035,-0.0287,0.0087,0.0202,-0.1135,0.0721,0.0490,-0.0036,-0.1650,0.1020,0.2274,1.4365,-0.4254,-0.0462
103795366,-0.0091,-0.0016,0.0562,0.0092,-0.0093,-0.0257,0.0090,0.0171,-0.1132,0.0721,0.0611,0.0110,-0.1186,0.1020,0.2274,1.4370,-0.4250,-0.0449
103800365,-0.0088,-0.0017,0.0681,0.0263,-0.0139,-0.0225,0.0099,0.0132,-0.1128,0.0723,0.0722,0.0282,-0.0721,0.1020,0.2274,1.4373,-0.4244,-0.0440
103805365,-0.0085,-0.0017,0.0794,0.0388,-0.0102,-0.0194,0.0102,0.0096,-0.1124,0.0725,0.0835,0.0407,-0.0721,0.1020,0.2274,1.4370,-0.4240,-0.0426
103810365,-0.0082,-0.0016,0.0867,0.0467,-0.0081,-0.0169,0.0103,0.0068,-0.1119,0.0727,0.0908,0.0486,-0.0721,0.1020,0.2274,1.4366,-0.4234,-0.0417
103815365,-0.0079,-0.0015,0.0938,0.0501,-0.0123,-0.0144,0.0102,0.0047,-0.1114,0.0730,0.0966,0.0520,0.0000,0.1020,0.2274,1.4374,-0.4229,-0.0403
103820365,-0.0076,-0.0013,0.0987,0.0473,-0.0188,-0.0121,0.0095,0.0034,-0.1109,0.0732,0.1015,0.0492,0.0000,0.1020,0.2274,1.4374,-0.4223,-0.0394
103825365,-0.0073,-0.0011,0.0990,0.0406,-0.0203,-0.0107,0.0083,0.0032,-0.1104,0.0734,0.1018,0.0425,0.0000,0.1020,0.2274,1.4374,-0.4219,-0.0381
103830365,-0.0069,-0.0010,0.0983,0.0330,-0.0123,-0.0096,0.0068,0.0033,-0.1099,0.0736,0.1012,0.0349,0.0000,0.1020,0.2274,1.4374,-0.4213,-0.0371
103835365,-0.0066,-0.0010,0.0929,0.0192,-0.0108,-0.0095,0.0048,0.0051,-0.1094,0.0737,0.0957,0.0211,0.0000,0.1020,0.2274,1.4374,-0.4209,-0.0358
103840365,-0.0063,-0.0008,0.0895,0.0150,-0.0169,-0.0086,0.0043,0.0049,-0.1090,0.0738,0.0923,0.0168,0.0000,0.1020,0.2274,1.4374,-0.4203,-0.0349
103845365,-0.0060,-0.0008,0.0883,0.0101,-0.0178,-0.0077,0.0030,0.0054,-0.1085,0.0738,0.0911,0.0120,0.0000,0.1020,0.2274,1.4374,-0.4199,-0.0335
103850365,-0.0057,-0.0010,0.0855,0.0086,-0.0102,-0.0069,0.0016,0.0057,-0.1081,0.0739,0.0884,0.0104,0.0000,0.1020,0.2274,1.4374,-0.4193,-0.0326
103855365,-0.0053,-0.0012,0.0822,0.0095,-0.0059,-0.0062,0.0007,0.0058,-0.1077,0.0740,0.0850,0.0113,0.0000,0.1020,0.2274,1.4374,-0.4189,-0.0312
103860365,-0.0050,-0.0014,0.0819,0.0144,-0.0078,-0.0049,0.0003,0.0050,-0.1072,0.0740,0.0847,0.0162,0.0000,0.1020,0.2274,1.4374,-0.4183,-0.0303
103865365,-0.0047,-0.0015,0.0858,0.0202,-0.0102,-0.0028,-0.0002,0.0034,-0.1068,0.0741,0.0887,0.0220,0.0000,0.1020,0.2274,1.4374,-0.4178,-0.0290
103870365,-0.0043,-0.0015,0.0880,0.0293,-0.0108,-0.0011,0.0001,0.0014,-0.1063,0.0743,0.0908,0.0312,0.0000,0.1020,0.2274,1.4374,-0.4172,-0.0281
103875365,-0.0040,-0.0016,0.0947,0.0367,-0.0087,0.0016,-0.0001,-0.0011,-0.1059,0.0745,0.0975,0.0385,0.0000,0.1020,0.2274,1.4374,-0.4168,-0.0267
103880365,-0.0036,-0.0015,0.1063,0.0480,-0.0099,0.0400,0.0000,-0.0400,-0.1053,0.0747,0.1091,0.0498,0.0000,0.1020,0.2274,1.4374,-0.4162,-0.0258
103885365,-0.0032,-0.0014,0.1106,0.0486,-0.0090,0.0077,-0.0008,-0.0066,-0.1047,0.0750,0.1134,0.0504,0.0000,0.1020,0.2274,1.4374,-0.4158,-0.0244
103890365,-0.0027,-0.0011,0.1161,0.0492,-0.0081,0.0104,-0.0011,-0.0090,-0.1041,0.0753,0.1189,0.0510,0.0000,0.1020,0.2274,1.4374,-0.4152,-0.0235
103895365,-0.0023,-0.0010,0.1249,0.0501,-0.0075,0.0138,-0.0400,-0.0114,-0.1035,0.0755,0.1278,0.0520,0.0000,0.1020,0.2274,1.4374,-0.4148,-0.0221
103900365,-0.0018,-0.0009,0.1203,0.0421,-0.0099,0.0126,-0.0027,-0.0096,-0.1030,0.0757,0.0936,0.0440,1.7166,0.1020,0.2274,1.4771,-0.4142,-0.0212
103905365,-0.0011,-0.0007,0.1072,0.0275,-0.0059,0.0130,-0.0045,-0.0083,-0.1026,0.0759,0.0800,0.0285,1.7166,0.1020,0.1722,1.4840,-0.4138,-0.0210
103910365,-0.0004,-0.0005,0.1014,0.0208,0.0191,0.0143,-0.0060,-0.0090,-0.1023,0.0760,0.0742,0.0218,1.7166,0.1020,0.1722,1.4943,-0.4132,-0.0204
103915365,0.0002,-0.0005,0.0895,0.0116,0.0255,0.0147,-0.0076,-0.0081,-0.1020,0.0760,0.0618,0.0118,1.7166,0.1020,0.1171,1.5012,-0.4127,-0.0207
103920365,0.0006,-0.0007,0.0816,0.0128,0.0142,0.0151,-0.0081,-0.0076,-0.1017,0.0761,0.0539,0.0130,1.7166,0.1020,0.1171,1.5115,-0.4121,-0.0202
103925365,0.0010,-0.0007,0.0785,0.0318,0.0533,0.0148,-0.0062,-0.0106,-0.1015,0.0762,0.0429,0.0279,2.0375,0.1020,-0.1573,1.5248,-0.4117,-0.0252
103930365,0.0014,-0.0008,0.0959,0.0394,0.0668,0.0182,-0.0087,-0.0120,-0.1013,0.0763,0.0450,0.0105,2.0910,0.1020,-1.8353,1.5385,-0.4111,-0.0626
103935365,0.0017,-0.0005,0.0922,0.0394,0.0637,0.0186,-0.0084,-0.0127,-0.1011,0.0763,0.0391,0.0066,2.0910,0.1020,-2.0975,1.5468,-0.4107,-0.0804
103940365,0.0022,-0.0002,0.0971,0.0336,0.0497,0.0219,-0.0096,-0.0142,-0.1008,0.0763,0.0439,0.0008,2.0910,0.1020,-2.0975,1.5594,-0.4101,-0.0888
103945365,0.0026,-0.0002,0.1069,0.0354,0.0558,0.0252,-0.0109,-0.0164,-0.1006,0.0764,0.0553,0.0026,1.9970,0.1020,-2.0975,1.5655,-0.4097,-0.1013
103950365,0.0031,-0.0002,0.1103,0.0379,0.0772,0.0277,-0.0121,-0.0186,-0.1003,0.0764,0.0612,0.0094,1.9970,0.1020,-1.8046,1.5775,-0.4091,-0.1035
103955365,0.0036,-0.0003,0.1176,0.0440,0.0692,0.0316,-0.0126,-0.0217,-0.0999,0.0765,0.0723,0.0221,1.9970,0.1020,-1.3652,1.5855,-0.4087,-0.1041
103960365,0.0043,0.0001,0.1249,0.0473,0.0426,0.0355,-0.0120,-0.0252,-0.0995,0.0767,0.0721,0.0291,2.5604,0.1020,-1.1210,1.6115,-0.4080,-0.1041
103965365,0.0051,0.0005,0.1378,0.0455,0.0316,0.0409,-0.0135,-0.0287,-0.0991,0.0768,0.0849,0.0272,2.5604,0.1020,-1.1210,1.6217,-0.4076,-0.1108
103970365,0.0058,0.0007,0.1271,0.0171,0.0707,0.0405,-0.0178,-0.0255,-0.0988,0.0768,0.0612,-0.0012,3.3143,0.1020,-1.1210,1.6534,-0.4070,-0.1153
103975365,0.0065,0.0007,0.0846,0.0070,0.0692,0.0354,-0.0166,-0.0215,-0.0987,0.0767,0.0188,-0.0113,3.3143,0.1020,-1.1210,1.6667,-0.4066,-0.1220
103980365,0.0070,0.0007,0.0541,0.0027,0.0744,0.0314,-0.0153,-0.0189,-0.0988,0.0767,-0.0174,-0.0156,3.6393,0.1020,-1.1210,1.6938,-0.4060,-0.1265
103985365,0.0073,0.0007,0.0269,-0.0052,0.0894,0.0277,-0.0153,-0.0159,-0.0990,0.0765,-0.0446,-0.0235,3.6393,0.1020,-1.1210,1.7083,-0.4056,-0.1332
103990365,0.0076,0.0006,0.0034,-0.0119,0.1049,0.0239,-0.0151,-0.0129,-0.0994,0.0764,-0.0719,-0.0303,3.8608,0.1020,-1.1210,1.7352,-0.4050,-0.1377
103995365,0.0077,0.0006,-0.0119,-0.0180,0.1196,0.0215,-0.0152,-0.0109,-0.0998,0.0762,-0.0872,-0.0364,3.8608,0.1020,-1.1210,1.7506,-0.4046,-0.1444
104000365,0.0078,0.0004,-0.0257,-0.0302,0.1190,0.0195,-0.0164,-0.0077,-0.1003,0.0760,-0.0995,-0.0461,3.8608,0.1020,-0.9549,1.7738,-0.4040,-0.1454
104005365,0.0078,0.0002,-0.0480,-0.0302,0.1013,0.0161,-0.0149,-0.0051,-0.1009,0.0758,-0.1162,-0.0428,3.6469,0.1020,-0.7334,1.7843,-0.4036,-0.1460
104010365,0.0077,-0.0002,-0.0476,-0.0296,0.1120,0.0155,-0.0159,-0.0039,-0.1015,0.0756,-0.1145,-0.0398,3.6469,0.1020,-0.5672,1.8062,-0.4029,-0.1453
104015365,0.0074,-0.0005,-0.0449,-0.0189,0.1086,0.0158,-0.0154,-0.0046,-0.1020,0.0754,-0.1018,-0.0274,3.1297,0.1020,-0.4565,1.8097,-0.4025,-0.1461
104020365,0.0072,-0.0007,-0.0226,0.0070,0.0897,0.0205,-0.0139,-0.0101,-0.1023,0.0754,-0.0648,0.0003,2.3303,0.1020,-0.3457,1.8100,-0.4019,-0.1454
104025365,0.0071,-0.0008,-0.0046,0.0272,0.0713,0.0240,-0.0123,-0.0144,-0.1025,0.0755,-0.0434,0.0221,2.1892,0.1020,-0.2350,1.8160,-0.4015,-0.1451
104030365,0.0071,-0.0008,0.0180,0.0428,0.0729,0.0279,-0.0118,-0.0189,-0.1026,0.0757,-0.0208,0.0376,2.1892,0.1020,-0.2350,1.8292,-0.4009,-0.1460
104035365,0.0072,-0.0007,0.0388,0.0559,0.0793,0.0319,-0.0115,-0.0235,-0.1026,0.0760,0.0004,0.0516,2.1892,0.1020,-0.1796,1.8379,-0.4005,-0.1460
104040365,0.0074,-0.0006,0.0586,0.0663,0.0674,0.0365,-0.0113,-0.0277,-0.1025,0.0763,0.0217,0.0628,2.1329,0.1020,-0.1242,1.8499,-0.3999,-0.1455
104045365,0.0076,-0.0004,0.0757,0.0754,0.0570,0.0413,-0.0113,-0.0322,-0.1023,0.0767,0.0461,0.0728,1.7385,0.1020,-0.0688,1.8498,-0.3995,-0.1451
104050365,0.0083,0.0000,0.0864,0.0797,0.0558,0.0464,-0.0118,-0.0367,-0.1020,0.0770,0.0636,0.0771,1.3441,0.1020,-0.0688,1.8509,-0.3989,-0.1454
104055365,0.0089,0.0005,0.0925,0.0739,0.0597,0.0500,-0.0130,-0.0393,-0.1016,0.0774,0.0697,0.0713,1.3441,0.1020,-0.0688,1.8563,-0.3985,-0.1458
104060365,0.0095,0.0009,0.0916,0.0718,0.0619,0.0523,-0.0130,-0.0417,-0.1013,0.0777,0.0688,0.0692,1.3441,0.1020,-0.0688,1.8644,-0.3978,-0.1461
104065365,0.0102,0.0012,0.0867,0.0547,0.0552,0.0541,-0.0153,-0.0410,-0.1009,0.0780,0.0640,0.0539,1.3441,0.0470,0.0000,1.8697,-0.3986,-0.1451
104070365,0.0107,0.0015,0.0779,0.0464,0.0579,0.0548,-0.0159,-0.0411,-0.1007,0.0782,0.0552,0.0456,1.3441,0.0470,0.0000,1.8778,-0.3983,-0.1451
104075365,0.0113,0.0018,0.0684,0.0360,0.0570,0.0546,-0.0166,-0.0402,-0.1005,0.0784,0.0383,0.0352,1.7749,0.0470,0.0000,1.8920,-0.3981,-0.1451
104080365,0.0118,0.0020,0.0589,0.0269,0.0497,0.0544,-0.0172,-0.0392,-0.1004,0.0785,0.0218,0.0252,2.1519,0.0470,-0.0554,1.9123,-0.3978,-0.1463
104085365,0.0122,0.0021,0.0486,0.0171,0.0368,0.0544,-0.0180,-0.0379,-0.1003,0.0786,0.0115,0.0154,2.1519,0.0470,-0.0554,1.9209,-0.3976,-0.1466
104090365,0.0126,0.0022,0.0461,0.0125,0.0338,0.0552,-0.0185,-0.0379,-0.1003,0.0787,0.0014,0.0115,2.5697,0.0000,-0.0554,1.9434,-0.3986,-0.1468
104095365,0.0131,0.0023,0.0470,0.0086,0.0371,0.0571,-0.0199,-0.0386,-0.1003,0.0787,0.0023,0.0075,2.5697,0.0000,-0.0554,1.9537,-0.3986,-0.1471
104100365,0.0135,0.0024,0.0434,0.0043,0.0368,0.0575,-0.0206,-0.0383,-0.1003,0.0787,-0.0089,0.0032,3.0127,0.0000,-0.0554,1.9787,-0.3986,-0.1474
104105365,0.0139,0.0024,0.0370,0.0012,0.0234,0.0582,-0.0211,-0.0379,-0.1004,0.0787,-0.0154,0.0001,3.0127,0.0000,-0.0554,1.9908,-0.3986,-0.1477
104110365,0.0143,0.0024,0.0336,-0.0024,0.0182,0.0588,-0.0219,-0.0376,-0.1005,0.0787,-0.0233,-0.0035,3.2801,0.0000,-0.0554,2.0143,-0.3986,-0.1479
104115365,0.0146,0.0023,0.0260,-0.0021,0.0246,0.0583,-0.0219,-0.0374,-0.1007,0.0787,-0.0374,-0.0033,3.6545,0.0000,-0.0554,2.0362,-0.3986,-0.1482
104120365,0.0150,0.0023,0.0217,-0.0009,0.0271,0.0585,-0.0220,-0.0375,-0.1010,0.0787,-0.0465,-0.0021,3.9366,0.0000,-0.0554,2.0641,-0.3986,-0.1485
104125365,0.0153,0.0023,0.0189,0.0018,0.0243,0.0593,-0.0220,-0.0382,-0.1012,0.0787,-0.0501,0.0021,3.9366,-0.0974,-0.0554,2.0799,-0.4006,-0.1488
104130365,0.0156,0.0022,0.0128,0.0067,0.0277,0.0576,-0.0188,-0.0399,-0.1016,0.0789,-0.0785,0.0340,4.3310,-1.8985,-0.0554,2.1126,-0.4437,-0.1490
104135365,0.0159,0.0022,0.0064,0.0098,0.0399,0.0573,-0.0185,-0.0403,-0.1020,0.0791,-0.0850,0.0370,4.3310,-1.8985,-0.0554,2.1299,-0.4513,-0.1493
104140365,0.0161,0.0021,-0.0003,0.0174,0.0530,0.0562,-0.0171,-0.0411,-0.1025,0.0793,-0.1000,0.0446,4.8157,-1.8985,-0.0554,2.1675,-0.4627,-0.1496
104145365,0.0163,0.0022,-0.0061,0.0254,0.0585,0.0555,-0.0156,-0.0422,-0.1031,0.0795,-0.1098,0.0525,5.0479,-1.8985,-0.0554,2.1916,-0.4703,-0.1499
104150365,0.0164,0.0022,-0.0137,0.0370,0.0625,0.0546,-0.0134,-0.0436,-0.1037,0.0798,-0.1185,0.0594,5.2694,-1.5820,-0.0554,2.2265,-0.4748,-0.1501
104155365,0.0165,0.0024,-0.0238,0.0467,0.0885,0.0530,-0.0115,-0.0449,-0.1043,0.0802,-0.1263,0.0652,5.2694,-1.3182,-0.0554,2.2475,-0.4753,-0.1505
104160365,0.0165,0.0026,-0.0431,0.0651,0.1071,0.0492,-0.0065,-0.0468,-0.1050,0.0806,-0.1479,0.0779,5.5902,-0.9489,-0.0554,2.2864,-0.4746,-0.1507
104165365,0.0165,0.0029,-0.0516,0.0699,0.1123,0.0473,-0.0041,-0.0475,-0.1058,0.0810,-0.1575,0.0804,5.7313,-0.7906,-0.0554,2.3116,-0.4750,-0.1510
104170365,0.0165,0.0032,-0.0580,0.0733,0.1159,0.0460,-0.0021,-0.0483,-0.1066,0.0814,-0.1631,0.0806,5.7877,-0.5796,-0.0554,2.3471,-0.4748,-0.1512
104175365,0.0163,0.0036,-0.0663,0.0757,0.1221,0.0439,0.0003,-0.0489,-0.1075,0.0818,-0.1723,0.0815,5.9003,-0.4741,-0.0554,2.3729,-0.4748,-0.1516
104180365,0.0162,0.0039,-0.0663,0.0761,0.1306,0.0433,0.0016,-0.0499,-0.1084,0.0822,-0.1733,0.0802,6.0080,-0.3686,-0.0554,2.4107,-0.4752,-0.1518
104185365,0.0161,0.0043,-0.0730,0.0770,0.1358,0.0415,0.0400,-0.0505,-0.1093,0.0826,-0.1790,0.0795,6.0080,-0.2631,-0.0554,2.4347,-0.4744,-0.1521
104190365,0.0159,0.0047,-0.0702,0.0751,0.1370,0.0416,0.0049,-0.0517,-0.1101,0.0829,-0.1734,0.0769,5.8688,-0.2103,-0.0554,2.4672,-0.4748,-0.1523
104195365,0.0158,0.0052,-0.0687,0.0702,0.1318,0.0414,0.0058,-0.0523,-0.1110,0.0833,-0.1695,0.0712,5.7580,-0.1575,-0.0554,2.4882,-0.4745,-0.1527
104200365,0.0156,0.0056,-0.0648,0.0654,0.1330,0.0421,0.0051,-0.0524,-0.1118,0.0836,-0.1570,0.0516,5.7580,0.8276,-0.0554,2.5227,-0.4548,-0.1529
104205365,0.0155,0.0059,-0.0562,0.0513,0.1553,0.0433,0.0024,-0.0517,-0.1125,0.0837,-0.1439,0.0280,5.8115,1.4604,-0.0554,2.5470,-0.4369,-0.1532
104210365,0.0154,0.0063,-0.0489,0.0437,0.1645,0.0444,0.0017,-0.0525,-0.1131,0.0838,-0.1309,0.0204,5.4824,1.4604,-0.0554,2.5743,-0.4281,-0.1534
104215365,0.0152,0.0066,-0.0385,0.0305,0.1618,0.0458,0.0001,-0.0521,-0.1137,0.0838,-0.1205,0.0073,5.4824,1.4604,-0.0554,2.5962,-0.4223,-0.1538
104220365,0.0152,0.0068,-0.0305,0.0153,0.1630,0.0470,-0.0400,-0.0511,-0.1143,0.0838,-0.1126,-0.0080,5.4824,1.4604,-0.0554,2.6291,-0.4135,-0.1540
104225365,0.0152,0.0069,-0.0263,0.0070,0.1694,0.0477,-0.0035,-0.0507,-0.1148,0.0837,-0.1101,-0.0162,5.5901,1.4604,-0.0554,2.6532,-0.4077,-0.1543
104230365,0.0153,0.0069,-0.0235,-0.0015,0.1831,0.0484,-0.0054,-0.0501,-0.1154,0.0836,-0.1066,-0.0248,5.5436,1.4604,-0.0554,2.6858,-0.3989,-0.1545
104235365,0.0154,0.0070,-0.0238,-0.0058,0.1926,0.0485,-0.0060,-0.0499,-0.1159,0.0835,-0.1080,-0.0257,5.4972,1.2404,-0.0554,2.7069,-0.3979,-0.1549
104240365,0.0155,0.0069,-0.0220,-0.0140,0.1831,0.0491,-0.0073,-0.0488,-0.1165,0.0833,-0.1100,-0.0290,5.5526,0.9103,-0.0554,2.7412,-0.3981,-0.1551
104245365,0.0156,0.0067,-0.0308,-0.0122,0.1553,0.0480,-0.0063,-0.0476,-0.1171,0.0832,-0.1203,-0.0247,5.5526,0.7452,-0.0554,2.7634,-0.3980,-0.1554
104250365,0.0156,0.0066,-0.0370,0.0040,0.1553,0.0466,-0.0033,-0.0493,-0.1177,0.0832,-0.1310,-0.0053,5.7130,0.5252,-0.0554,2.8006,-0.3986,-0.1557
104255365,0.0155,0.0066,-0.0525,0.0153,0.1615,0.0435,-0.0002,-0.0495,-0.1185,0.0832,-0.1471,0.0069,5.7130,0.4702,-0.0554,2.8235,-0.3977,-0.1560
104260365,0.0155,0.0065,-0.0562,0.0192,0.1550,0.0425,0.0011,-0.0496,-0.1192,0.0833,-0.1527,0.0125,5.7694,0.3602,-0.0554,2.8590,-0.3975,-0.1562
104265365,0.0154,0.0066,-0.0626,0.0238,0.1309,0.0412,0.0400,-0.0494,-0.1200,0.0834,-0.1600,0.0187,5.7694,0.2501,-0.0554,2.8820,-0.3985,-0.1565
104270365,0.0153,0.0067,-0.0632,0.0244,0.1275,0.0406,0.0041,-0.0495,-0.1208,0.0835,-0.1630,0.0201,5.8771,0.1951,-0.0554,2.9191,-0.3982,-0.1568
104275365,0.0152,0.0068,-0.0660,0.0272,0.1459,0.0396,0.0050,-0.0502,-0.1217,0.0836,-0.1638,0.0237,5.7378,0.1401,-0.0554,2.9398,-0.3986,-0.1571
104280365,0.0151,0.0069,-0.0709,0.0266,0.1556,0.0381,0.0058,-0.0499,-0.1225,0.0837,-0.1687,0.0231,5.7378,0.1401,-0.0554,2.9742,-0.3977,-0.1573
104285365,0.0149,0.0070,-0.0715,0.0244,0.1517,0.0374,0.0065,-0.0498,-0.1233,0.0838,-0.1688,0.0218,5.6824,0.0851,-0.0554,2.9958,-0.3984,-0.1576
104290365,0.0147,0.0072,-0.0712,0.0150,0.1560,0.0365,0.0060,-0.0485,-0.1242,0.0839,-0.1694,0.0124,5.7359,0.0851,-0.0554,3.0310,-0.3979,-0.1579
104295365,0.0145,0.0074,-0.0690,0.0055,0.1746,0.0358,0.0051,-0.0476,-0.1250,0.0839,-0.1673,0.0029,5.7359,0.0851,-0.0554,3.0540,-0.3975,-0.1582
104300365,0.0143,0.0073,-0.0681,-0.0186,0.1761,0.0358,0.0012,-0.0437,-0.1258,0.0838,-0.1602,-0.0207,5.3598,0.0550,-0.0554,3.0793,-0.3973,-0.1584
104305365,0.0142,0.0072,-0.0669,-0.0244,0.1627,0.0358,0.0000,-0.0421,-0.1266,0.0836,-0.1580,-0.0265,5.3034,0.0550,-0.0554,3.0996,-0.3971,-0.1588
104310365,0.0141,0.0070,-0.0684,-0.0260,0.1648,0.0350,-0.0005,-0.0409,-0.1274,0.0835,-0.1595,-0.0281,5.3034,0.0550,-0.0554,3.1314,-0.3968,-0.1590
104315365,0.0140,0.0068,-0.0684,-0.0284,0.1749,0.0345,-0.0014,-0.0398,-0.1282,0.0834,-0.1586,-0.0305,5.2496,0.0550,-0.0554,3.1515,-0.3965,-0.1593
104320365,0.0138,0.0066,-0.0742,-0.0305,0.1721,0.0329,-0.0017,-0.0379,-0.1290,0.0832,-0.1644,-0.0326,5.2496,0.0550,-0.0554,3.1830,-0.3962,-0.1595
104325365,0.0136,0.0064,-0.0809,-0.0250,0.1572,0.0317,-0.0007,-0.0370,-0.1299,0.0831,-0.1640,-0.0271,4.8317,0.0550,-0.0554,3.1946,-0.3960,-0.1599
104330365,0.0134,0.0061,-0.0883,-0.0229,0.1505,0.0295,-0.0001,-0.0352,-0.1307,0.0829,-0.1713,-0.0249,4.8317,0.0550,-0.0554,3.2236,-0.3957,-0.1601
104335365,0.0131,0.0059,-0.1002,-0.0128,0.1535,0.0264,0.0024,-0.0347,-0.1316,0.0829,-0.1794,-0.0148,4.6102,0.0550,-0.0554,3.2377,-0.3954,-0.1604
104340365,0.0128,0.0058,-0.1078,-0.0076,0.1529,0.0237,0.0040,-0.0336,-0.1325,0.0828,-0.1870,-0.0096,4.6102,0.0550,-0.0554,3.2654,-0.3951,-0.1606
104345365,0.0124,0.0057,-0.1252,0.0018,0.1401,0.0196,0.0073,-0.0323,-0.1335,0.0828,-0.1971,-0.0001,4.1824,0.0550,-0.0554,3.2749,-0.3949,-0.1610
104350365,0.0119,0.0056,-0.1310,0.0046,0.1349,0.0170,0.0089,-0.0311,-0.1345,0.0828,-0.2020,0.0026,4.1289,0.0550,-0.0554,3.2986,-0.3946,-0.1612
104355365,0.0115,0.0055,-0.1381,0.0049,0.1373,0.0141,0.0102,-0.0296,-0.1356,0.0828,-0.2050,0.0030,3.8938,0.0550,-0.0554,3.3102,-0.3943,-0.1615
104360365,0.0110,0.0055,-0.1402,0.0055,0.1398,0.0132,0.0105,-0.0291,-0.1365,0.0829,-0.1893,0.0037,2.8593,0.0550,-0.0554,3.3097,-0.3940,-0.1617
104365365,0.0105,0.0054,-0.1399,0.0031,0.1321,0.0115,0.0110,-0.0276,-0.1375,0.0829,-0.1882,0.0012,2.8123,0.0550,-0.0554,3.3200,-0.3938,-0.1621
104370365,0.0100,0.0056,-0.1384,0.0000,0.1239,0.0097,0.0120,-0.0264,-0.1384,0.0828,-0.1867,-0.0018,2.8123,0.0550,-0.0554,3.3369,-0.3934,-0.1623
104375365,0.0094,0.0057,-0.1326,-0.0034,0.1260,0.0083,0.0125,-0.0257,-0.1393,0.0828,-0.1809,-0.0052,2.8123,0.0550,-0.0554,3.3482,-0.3932,-0.1626
104380365,0.0087,0.0058,-0.1301,-0.0082,0.1288,0.0069,0.0128,-0.0246,-0.1401,0.0828,-0.1668,-0.0100,2.1362,0.0550,-0.0554,3.3497,-0.3929,-0.1628
104385365,0.0080,0.0058,-0.1234,-0.0156,0.1263,0.0060,0.0123,-0.0231,-0.1409,0.0827,-0.1533,-0.0173,1.7418,0.0550,-0.0554,3.3496,-0.3927,-0.1632
104390365,0.0074,0.0057,-0.1057,-0.0232,0.1111,0.0073,0.0104,-0.0220,-0.1415,0.0826,-0.1279,-0.0249,1.2910,0.0550,-0.0554,3.3497,-0.3923,-0.1634
104395365,0.0067,0.0056,-0.0983,-0.0250,0.1034,0.0063,0.0101,-0.0204,-0.1421,0.0824,-0.1167,-0.0267,1.0657,0.0550,-0.0554,3.3499,-0.3921,-0.1637
104400365,0.0064,0.0052,-0.0935,-0.0266,0.0985,0.0062,0.0087,-0.0187,-0.1426,0.0823,-0.1069,-0.0282,0.7840,0.0550,-0.0554,3.3497,-0.3918,-0.1640
104405365,0.0060,0.0049,-0.0913,-0.0202,0.0927,0.0057,0.0090,-0.0182,-0.1432,0.0822,-0.1019,-0.0218,0.6149,0.0550,-0.0554,3.3492,-0.3916,-0.1643
104410365,0.0057,0.0046,-0.0935,-0.0134,0.0936,0.0042,0.0098,-0.0176,-0.1437,0.0821,-0.1021,-0.0151,0.5022,0.0550,-0.0554,3.3503,-0.3912,-0.1645
104415365,0.0054,0.0044,-0.0990,-0.0079,0.0921,0.0021,0.0110,-0.0166,-0.1442,0.0821,-0.1057,-0.0096,0.3896,0.0550,-0.0554,3.3498,-0.3910,-0.1648
104420365,0.0051,0.0042,-0.1042,-0.0037,0.0894,-0.0000,0.0120,-0.0154,-0.1447,0.0820,-0.1089,-0.0053,0.2769,0.0550,-0.0554,3.3495,-0.3907,-0.1651
104425365,0.0047,0.0040,-0.1087,-0.0015,0.0854,-0.0400,0.0129,-0.0140,-0.1453,0.0820,-0.1125,-0.0032,0.2205,0.0550,-0.0554,3.3495,-0.3905,-0.1654
104430365,0.0043,0.0038,-0.1179,0.0000,0.0814,-0.0053,0.0141,-0.0119,-0.1459,0.0820,-0.1207,-0.0017,0.1642,0.0550,-0.0554,3.3496,-0.3901,-0.1656
104435365,0.0039,0.0036,-0.1216,0.0018,0.0717,-0.0070,0.0139,-0.0096,-0.1465,0.0819,-0.1164,-0.0137,0.1642,0.9845,-0.0554,3.3502,-0.3703,-0.1659
104440365,0.0034,0.0034,-0.1286,-0.0021,0.0600,-0.0095,0.0131,-0.0059,-0.1471,0.0818,-0.1157,-0.0292,0.1078,1.7590,-0.0554,3.3498,-0.3451,-0.1662
104445365,0.0026,0.0032,-0.1277,-0.0027,0.0423,-0.0122,0.0141,-0.0035,-0.1476,0.0816,-0.1148,-0.0298,0.1078,1.7590,-0.0554,3.3502,-0.3380,-0.1665
104450365,0.0018,0.0030,-0.1258,-0.0058,0.0280,-0.0133,0.0138,-0.0016,-0.1481,0.0815,-0.0933,-0.0329,-1.0345,1.7590,-0.0554,3.3263,-0.3275,-0.1667
104455365,0.0011,0.0027,-0.1197,-0.0070,0.0185,-0.0140,0.0133,-0.0000,-0.1485,0.0813,-0.0751,-0.0341,-1.7398,1.7590,-0.0554,3.3060,-0.3205,-0.1670
104460365,0.0005,0.0025,-0.1191,-0.0076,0.0078,-0.0166,0.0140,0.0400,-0.1489,0.0812,-0.0766,-0.0311,-1.7398,1.5166,-0.0554,3.2955,-0.3151,-0.1673
104465365,-0.0000,0.0022,-0.1176,-0.0027,0.0029,-0.0184,0.0152,0.0031,-0.1493,0.0810,-0.0776,-0.0219,-1.7398,1.2257,-0.0554,3.2886,-0.3155,-0.1676
104470365,-0.0007,0.0020,-0.1133,0.0009,0.0048,-0.0205,0.0164,0.0040,-0.1496,0.0810,-0.0754,-0.0146,-1.7398,0.9833,-0.0554,3.2781,-0.3139,-0.1678
104475365,-0.0015,0.0019,-0.1194,0.0043,-0.0010,-0.0249,0.0188,0.0061,-0.1501,0.0809,-0.0852,-0.0112,-1.5258,0.9833,-0.0554,3.2757,-0.3100,-0.1682
104480365,-0.0022,0.0019,-0.1161,0.0006,0.0503,-0.0281,0.0189,0.0073,-0.1505,0.0808,-0.0855,-0.0149,-1.3119,0.9833,-0.0554,3.2718,-0.3041,-0.1684
104485365,-0.0028,0.0020,-0.0956,-0.0055,0.0857,-0.0273,0.0170,0.0071,-0.1508,0.0807,-0.0650,-0.0210,-1.3119,0.9833,-0.0554,3.2665,-0.3002,-0.1687
104490365,-0.0034,0.0020,-0.0929,-0.0165,0.1120,-0.0295,0.0158,0.0094,-0.1511,0.0806,-0.0623,-0.0320,-1.3119,0.9833,-0.0554,3.2587,-0.2943,-0.1689
104495365,-0.0037,0.0017,-0.1093,-0.0156,0.1279,-0.0341,0.0171,0.0121,-0.1515,0.0804,-0.0788,-0.0311,-1.3119,0.9833,-0.0554,3.2534,-0.2903,-0.1693
104500365,-0.0041,0.0016,-0.1255,-0.0205,0.1221,-0.0370,0.0174,0.0150,-0.1519,0.0802,-0.0749,-0.0360,-2.4748,0.9833,-0.0554,3.2175,-0.2844,-0.1695
104505365,-0.0049,0.0013,-0.1313,-0.0165,0.0842,-0.0403,0.0189,0.0182,-0.1523,0.0800,-0.0769,-0.0387,-2.4748,1.4308,-0.0554,3.2076,-0.2703,-0.1698
104510365,-0.0057,0.0011,-0.1252,-0.0195,0.0497,-0.0404,0.0196,0.0189,-0.1525,0.0799,-0.0508,-0.0252,-3.0783,1.4308,1.0522,3.1789,-0.2617,-0.1466
104515365,-0.0063,0.0009,-0.0977,-0.0137,0.0310,-0.0378,0.0191,0.0175,-0.1526,0.0798,-0.0229,-0.0186,-3.0783,1.4308,1.1076,3.1666,-0.2560,-0.1388
104520365,-0.0068,0.0007,-0.0641,-0.0055,-0.0099,-0.0327,0.0179,0.0151,-0.1526,0.0798,0.0154,-0.0104,-3.3476,1.4308,1.1076,3.1420,-0.2474,-0.1344
104525365,-0.0071,0.0007,-0.0336,-0.0119,-0.0447,-0.0280,0.0149,0.0148,-0.1523,0.0797,0.0459,-0.0168,-3.3476,1.4308,1.1076,3.1286,-0.2417,-0.1277
104530365,-0.0073,0.0006,-0.0098,-0.0211,-0.0762,-0.0236,0.0122,0.0143,-0.1520,0.0796,0.0736,-0.0208,-3.4039,1.4308,1.4494,3.1074,-0.2331,-0.1164
104535365,-0.0075,0.0004,-0.0076,-0.0370,-0.1147,-0.0228,0.0099,0.0173,-0.1515,0.0794,0.0852,-0.0287,-3.6856,1.4308,1.9864,3.0871,-0.2274,-0.0941
104540366,-0.0077,0.0000,-0.0122,-0.0437,-0.1342,-0.0243,0.0089,0.0206,-0.1512,0.0793,0.0779,-0.0307,-3.6856,1.1143,1.9864,3.0650,-0.2259,-0.0861
104545365,-0.0079,-0.0001,-0.0107,-0.0449,-0.1177,-0.0253,0.0089,0.0210,-0.1508,0.0792,0.0756,-0.0225,-3.3565,0.9032,2.4059,3.0575,-0.2261,-0.0653
104550365,-0.0079,-0.0005,-0.0049,-0.0174,-0.0716,-0.0253,0.0113,0.0167,-0.1504,0.0792,0.0796,0.0081,-3.3565,0.6922,2.4059,3.0373,-0.2256,-0.0557
104555365,-0.0080,-0.0007,-0.0043,0.0009,-0.0640,-0.0258,0.0137,0.0146,-0.1500,0.0794,0.0770,0.0288,-3.2495,0.5339,2.4059,3.0260,-0.2263,-0.0413
104560365,-0.0081,-0.0008,-0.0006,0.0287,-0.0646,-0.0268,0.0185,0.0108,-0.1497,0.0797,0.0650,0.0582,-2.3938,0.4284,2.4059,3.0262,-0.2255,-0.0317
104565365,-0.0082,-0.0007,0.0043,0.0617,-0.0340,-0.0273,0.0235,0.0051,-0.1494,0.0801,0.0602,0.0903,-1.9660,0.3229,2.2404,3.0259,-0.2262,-0.0206
104570365,-0.0082,-0.0005,0.0116,0.0816,-0.0087,-0.0268,0.0263,0.0009,-0.1491,0.0806,0.0628,0.1052,-1.9125,0.2701,1.8543,3.0155,-0.2255,-0.0212
104575365,-0.0083,-0.0001,0.0119,0.1060,-0.0120,-0.0274,0.0313,-0.0400,-0.1488,0.0812,0.0584,0.1230,-1.9125,0.2174,1.3578,3.0078,-0.2256,-0.0207
104580365,-0.0084,0.0002,-0.0037,0.1054,-0.0276,-0.0307,0.0340,-0.0023,-0.1486,0.0818,0.0400,0.1190,-1.9125,0.1646,1.0820,2.9964,-0.2256,-0.0213
104585365,-0.0085,0.0008,-0.0107,0.0956,-0.0282,-0.0324,0.0353,-0.0018,-0.1484,0.0824,0.0301,0.1059,-1.9125,0.1119,0.8061,2.9887,-0.2262,-0.0210
104590365,-0.0085,0.0013,-0.0220,0.0788,-0.0328,-0.0348,0.0356,0.0004,-0.1483,0.0828,0.0179,0.0875,-1.9125,0.1119,0.6958,2.9772,-0.2255,-0.0202
104595365,-0.0087,0.0018,-0.0388,0.0571,-0.0536,-0.0388,0.0360,0.0400,-0.1483,0.0831,-0.0060,0.0633,-1.6356,0.0591,0.4751,2.9755,-0.2263,-0.0212
104600366,-0.0089,0.0021,-0.0489,0.0296,-0.0667,-0.0419,0.0344,0.0100,-0.1485,0.0833,-0.0242,0.0350,-1.1926,0.0591,0.4200,2.9759,-0.2259,-0.0208
104605365,-0.0092,0.0022,-0.0641,0.0049,-0.0609,-0.0464,0.0331,0.0156,-0.1487,0.0833,-0.0443,0.0086,-0.9711,0.0591,0.3096,2.9759,-0.2257,-0.0206
104610367,-0.0097,0.0022,-0.0718,-0.0208,-0.0514,-0.0500,0.0307,0.0212,-0.1490,0.0833,-0.0567,-0.0170,-0.7496,0.0000,0.2545,2.9752,-0.2264,-0.0208
104615365,-0.0102,0.0021,-0.0742,-0.0397,-0.0469,-0.0528,0.0285,0.0261,-0.1493,0.0831,-0.0625,-0.0368,-0.5835,0.0000,0.1993,2.9758,-0.2264,-0.0204
104620365,-0.0107,0.0017,-0.0712,-0.0418,-0.0362,-0.0546,0.0276,0.0283,-0.1496,0.0829,-0.0608,-0.0397,-0.5281,0.0000,0.1441,2.9737,-0.2264,-0.0210
104625365,-0.0111,0.0015,-0.0480,-0.0260,-0.0279,-0.0520,0.0276,0.0255,-0.1498,0.0827,-0.0381,-0.0247,-0.5281,0.0000,0.0890,2.9715,-0.2264,-0.0212
104630365,-0.0114,0.0012,-0.0330,-0.0101,-0.0172,-0.0507,0.0285,0.0228,-0.1499,0.0827,-0.0231,-0.0088,-0.5281,0.0000,0.0890,2.9684,-0.2264,-0.0209
104635365,-0.0116,0.0011,-0.0156,0.0064,-0.0209,-0.0483,0.0295,0.0196,-0.1499,0.0827,-0.0057,0.0077,-0.5281,0.0000,0.0890,2.9663,-0.2264,-0.0203
104640365,-0.0117,0.0011,-0.0024,0.0244,-0.0258,-0.0460,0.0310,0.0160,-0.1499,0.0829,0.0130,0.0244,-0.8995,0.0000,0.0000,2.9555,-0.2264,-0.0213
104645365,-0.0118,0.0011,0.0076,0.0418,-0.0233,-0.0435,0.0325,0.0118,-0.1497,0.0831,0.0375,0.0417,-1.7352,0.0000,0.0000,2.9328,-0.2264,-0.0213
104650365,-0.0119,0.0012,0.0134,0.0550,-0.0178,-0.0427,0.0344,0.0090,-0.1495,0.0833,0.0433,0.0549,-1.7352,0.0000,0.0000,2.9224,-0.2264,-0.0213
104655365,-0.0119,0.0013,0.0174,0.0617,-0.0175,-0.0421,0.0356,0.0072,-0.1492,0.0837,0.0473,0.0616,-1.7352,0.0000,0.0000,2.9155,-0.2264,-0.0213
104660365,-0.0120,0.0016,0.0186,0.0629,-0.0294,-0.0415,0.0367,0.0059,-0.1489,0.0840,0.0559,0.0628,-2.1660,0.0000,0.0000,2.8952,-0.2264,-0.0213
104665365,-0.0120,0.0019,0.0186,0.0617,-0.0417,-0.0416,0.0379,0.0053,-0.1487,0.0843,0.0559,0.0615,-2.1660,0.0000,0.0000,2.8865,-0.2264,-0.0213
104670365,-0.0121,0.0021,0.0202,0.0403,-0.0392,-0.0415,0.0352,0.0078,-0.1484,0.0845,0.0574,0.0402,-2.1660,0.0000,0.0000,2.8735,-0.2264,-0.0213
104675365,-0.0121,0.0023,0.0192,0.0299,-0.0325,-0.0420,0.0344,0.0088,-0.1481,0.0846,0.0565,0.0298,-2.1660,0.0000,0.0000,2.8649,-0.2264,-0.0213
104680365,-0.0122,0.0025,0.0205,0.0211,-0.0368,-0.0412,0.0332,0.0094,-0.1478,0.0847,0.0655,0.0209,-2.6167,0.0000,0.0000,2.8412,-0.2264,-0.0213
104685365,-0.0122,0.0026,0.0220,0.0134,-0.0407,-0.0409,0.0324,0.0101,-0.1474,0.0848,0.0670,0.0132,-2.6167,0.0000,0.0000,2.8307,-0.2264,-0.0213
104690365,-0.0122,0.0027,0.0238,0.0079,-0.0337,-0.0406,0.0315,0.0104,-0.1471,0.0848,0.0713,0.0077,-2.7578,0.0000,0.0000,2.8122,-0.2264,-0.0213
104695365,-0.0123,0.0026,0.0238,0.0031,-0.0267,-0.0408,0.0305,0.0113,-0.1467,0.0849,0.0729,0.0028,-2.8518,0.0000,0.0000,2.7989,-0.2264,-0.0213
104700365,-0.0123,0.0025,0.0263,0.0021,-0.0304,-0.0404,0.0298,0.0117,-0.1463,0.0849,0.0753,0.0019,-2.8518,0.0000,0.0000,2.7818,-0.2264,-0.0213
104705365,-0.0123,0.0024,0.0287,0.0046,-0.0389,-0.0400,0.0297,0.0118,-0.1460,0.0849,0.0759,0.0044,-2.7449,0.0000,0.0000,2.7727,-0.2264,-0.0213
104710365,-0.0123,0.0023,0.0336,0.0095,-0.0435,-0.0389,0.0297,0.0109,-0.1455,0.0849,0.0808,0.0093,-2.7449,0.0000,0.0000,2.7562,-0.2264,-0.0213
104715365,-0.0122,0.0022,0.0360,0.0168,-0.0469,-0.0383,0.0304,0.0097,-0.1451,0.0850,0.0833,0.0166,-2.7449,0.0000,0.0000,2.7452,-0.2264,-0.0213
104720365,-0.0122,0.0022,0.0467,0.0229,-0.0530,-0.0356,0.0300,0.0075,-0.1446,0.0851,0.0997,0.0227,-3.0771,0.0000,0.0000,2.7217,-0.2264,-0.0213
104725365,-0.0120,0.0022,0.0531,0.0247,-0.0582,-0.0339,0.0297,0.0065,-0.1441,0.0852,0.1061,0.0245,-3.0771,0.0000,0.0000,2.7094,-0.2264,-0.0213
104730365,-0.0119,0.0023,0.0593,0.0290,-0.0566,-0.0323,0.0297,0.0048,-0.1435,0.0854,0.1122,0.0288,-3.0771,0.0000,0.0000,2.6909,-0.2264,-0.0213
104735365,-0.0118,0.0024,0.0635,0.0287,-0.0536,-0.0309,0.0292,0.0037,-0.1430,0.0855,0.1173,0.0285,-3.1235,0.0000,0.0000,2.6776,-0.2264,-0.0213
104740365,-0.0116,0.0024,0.0684,0.0275,-0.0533,-0.0293,0.0285,0.0029,-0.1423,0.0857,0.1222,0.0273,-3.1235,0.0000,0.0000,2.6588,-0.2264,-0.0213
104745365,-0.0114,0.0025,0.0748,0.0272,-0.0582,-0.0275,0.0280,0.0018,-0.1417,0.0858,0.1249,0.0270,-2.9081,0.0000,0.0000,2.6508,-0.2264,-0.0213
104750365,-0.0112,0.0026,0.0770,0.0254,-0.0606,-0.0264,0.0275,0.0012,-0.1411,0.0859,0.1242,0.0252,-2.7466,0.0000,0.0000,2.6375,-0.2264,-0.0213
104755365,-0.0109,0.0028,0.0809,0.0220,-0.0572,-0.0248,0.0265,0.0005,-0.1405,0.0860,0.1282,0.0218,-2.7466,0.0000,0.0000,2.6265,-0.2264,-0.0213
104760365,-0.0106,0.0029,0.0846,0.0174,-0.0588,-0.0230,0.0253,-0.0001,-0.1398,0.0861,0.1319,0.0172,-2.7466,0.0000,0.0000,2.6100,-0.2264,-0.0213
104765365,-0.0103,0.0030,0.0849,0.0153,-0.0612,-0.0217,0.0250,-0.0010,-0.1391,0.0862,0.1302,0.0151,-2.6339,0.0000,0.0000,2.6013,-0.2264,-0.0213
104770365,-0.0100,0.0032,0.0864,0.0113,-0.0612,-0.0206,0.0244,-0.0015,-0.1385,0.0863,0.1240,0.0112,-2.1831,0.0000,0.0000,2.5963,-0.2264,-0.0213
104775365,-0.0095,0.0034,0.0867,0.0113,-0.0597,-0.0189,0.0242,-0.0400,-0.1379,0.0863,0.1243,0.0112,-2.1831,0.0000,0.0000,2.5876,-0.2264,-0.0213
104780365,-0.0091,0.0036,0.0852,0.0079,-0.0563,-0.0174,0.0235,-0.0039,-0.1373,0.0864,0.1228,0.0078,-2.1831,0.0000,0.0000,2.5745,-0.2264,-0.0213
104785365,-0.0085,0.0037,0.0864,0.0082,-0.0563,-0.0149,0.0228,-0.0058,-0.1367,0.0864,0.1240,0.0081,-2.1831,0.0000,0.0000,2.5658,-0.2264,-0.0213
104790365,-0.0079,0.0038,0.0840,0.0076,-0.0563,-0.0134,0.0223,-0.0068,-0.1361,0.0864,0.1151,0.0075,-1.8070,0.0000,0.0000,2.5609,-0.2264,-0.0213
104795365,-0.0073,0.0037,0.0797,0.0021,-0.0545,-0.0122,0.0203,-0.0060,-0.1356,0.0864,0.1051,0.0021,-1.4778,0.0000,0.0000,2.5609,-0.2264,-0.0213
104800365,-0.0068,0.0038,0.0721,-0.0009,-0.0478,-0.0120,0.0199,-0.0060,-0.1351,0.0864,0.0910,-0.0010,-1.1017,0.0000,0.0000,2.5608,-0.2264,-0.0213
104805365,-0.0062,0.0037,0.0672,-0.0018,-0.0273,-0.0112,0.0188,-0.0066,-0.1347,0.0864,0.0829,-0.0019,-0.9136,0.0000,0.0000,2.5606,-0.2264,-0.0213
104810365,-0.0057,0.0037,0.0519,-0.0040,-0.0255,-0.0123,0.0187,-0.0054,-0.1344,0.0864,0.0636,-0.0040,-0.6785,0.0000,0.0000,2.5606,-0.2264,-0.0213
104815365,-0.0053,0.0035,0.0443,0.0000,-0.0136,-0.0124,0.0185,-0.0055,-0.1341,0.0864,0.0535,-0.0000,-0.5374,0.0000,0.0000,2.5610,-0.2264,-0.0213
104820365,-0.0049,0.0033,0.0434,0.0049,-0.0041,-0.0113,0.0179,-0.0064,-0.1339,0.0864,0.0510,0.0049,-0.4434,0.0000,0.0000,2.5605,-0.2264,-0.0213
104825365,-0.0046,0.0031,0.0400,0.0131,-0.0026,-0.0106,0.0183,-0.0076,-0.1336,0.0865,0.0452,0.0131,-0.3023,0.0000,0.0000,2.5611,-0.2264,-0.0213
104830365,-0.0042,0.0030,0.0400,0.0159,-0.0081,-0.0091,0.0177,-0.0082,-0.1334,0.0866,0.0444,0.0159,-0.2553,0.0000,0.0000,2.5609,-0.2264,-0.0213
104835365,-0.0038,0.0031,0.0363,0.0171,-0.0071,-0.0083,0.0177,-0.0092,-0.1332,0.0867,0.0399,0.0171,-0.2083,0.0000,0.0000,2.5605,-0.2264,-0.0213
104840366,-0.0034,0.0030,0.0351,0.0211,0.0057,-0.0080,0.0165,-0.0087,-0.1331,0.0867,0.0275,0.0031,-0.1612,0.0000,-1.2061,2.5608,-0.2264,-0.0471
104845365,-0.0031,0.0029,0.0363,0.0217,0.0155,-0.0072,0.0148,-0.0082,-0.1330,0.0866,0.0202,-0.0096,-0.1142,0.0000,-2.0975,2.5610,-0.2264,-0.0765
104850365,-0.0027,0.0030,0.0370,0.0199,0.0164,-0.0055,0.0141,-0.0092,-0.1329,0.0866,0.0208,-0.0115,-0.1142,0.0000,-2.0975,2.5605,-0.2264,-0.0849
104855365,-0.0023,0.0033,0.0379,0.0211,0.0261,-0.0042,0.0141,-0.0109,-0.1328,0.0865,0.0209,-0.0102,-0.0672,0.0000,-2.0975,2.5610,-0.2264,-0.0975
104860366,-0.0019,0.0034,0.0382,0.0162,0.0301,-0.0025,0.0129,-0.0116,-0.1327,0.0865,0.0221,-0.0137,-0.0672,0.0000,-1.9999,2.5608,-0.2264,-0.1039
104865365,-0.0016,0.0035,0.0339,0.0128,0.0304,-0.0016,0.0129,-0.0125,-0.1326,0.0864,0.0213,-0.0090,0.0000,0.0000,-1.4628,2.5614,-0.2264,-0.1035
104870365,-0.0012,0.0036,0.0370,0.0122,0.0332,0.0006,0.0122,-0.0141,-0.1324,0.0864,0.0256,-0.0074,0.0000,0.0000,-1.3163,2.5614,-0.2264,-0.1060
104875365,-0.0008,0.0036,0.0367,0.0159,0.0329,0.0400,0.0121,-0.0155,-0.1323,0.0864,0.0253,-0.0038,0.0000,0.0000,-1.3163,2.5614,-0.2264,-0.1139
104880365,-0.0004,0.0036,0.0376,0.0137,0.0179,0.0042,0.0108,-0.0157,-0.1322,0.0863,0.0262,-0.0059,0.0000,0.0000,-1.3163,2.5614,-0.2264,-0.1204
104885366,-0.0000,0.0037,0.0360,0.0082,0.0069,0.0054,0.0100,-0.0157,-0.1320,0.0863,0.0247,-0.0114,0.0000,0.0000,-1.3163,2.5614,-0.2264,-0.1257
104890365,0.0003,0.0038,0.0324,0.0009,0.0093,0.0059,0.0090,-0.0153,-0.1319,0.0862,0.0210,-0.0187,0.0000,0.0000,-1.3163,2.5614,-0.2264,-0.1336
104895365,0.0005,0.0039,0.0315,-0.0089,0.0087,0.0068,0.0073,-0.0144,-0.1318,0.0860,0.0201,-0.0285,0.0000,0.0000,-1.3163,2.5614,-0.2264,-0.1389
104900365,0.0008,0.0038,0.0211,-0.0293,0.0148,0.0053,0.0046,-0.0104,-0.1318,0.0858,0.0005,-0.0481,0.5634,0.0000,-1.2610,2.5730,-0.2264,-0.1456
104905366,0.0010,0.0037,0.0064,-0.0351,0.0225,0.0020,0.0048,-0.0077,-0.1320,0.0855,-0.0336,-0.0506,1.8030,0.0000,-1.0394,2.6068,-0.2264,-0.1458
104910365,0.0012,0.0033,0.0031,-0.0336,0.0292,0.0023,0.0038,-0.0071,-0.1322,0.0853,-0.0345,-0.0450,1.8030,0.0000,-0.7625,2.6140,-0.2264,-0.1456
104915365,0.0013,0.0029,-0.0021,-0.0327,0.0240,0.0017,0.0029,-0.0055,-0.1324,0.0851,-0.0388,-0.0424,1.8030,0.0000,-0.6518,2.6248,-0.2264,-0.1462
104920365,0.0013,0.0025,0.0034,-0.0263,0.0173,0.0029,0.0023,-0.0058,-0.1325,0.0849,-0.0318,-0.0335,1.8030,0.0000,-0.4856,2.6320,-0.2264,-0.1461
104925367,0.0014,0.0022,0.0098,-0.0134,0.0203,0.0044,0.0024,-0.0077,-0.1326,0.0848,-0.0245,-0.0190,1.8030,0.0000,-0.3749,2.6429,-0.2264,-0.1455
104930365,0.0015,0.0019,0.0147,0.0012,0.0265,0.0059,0.0032,-0.0100,-0.1327,0.0848,-0.0186,-0.0027,1.8030,0.0000,-0.2641,2.6501,-0.2264,-0.1453
104935365,0.0017,0.0017,0.0150,0.0144,0.0301,0.0072,0.0039,-0.0123,-0.1328,0.0849,-0.0095,0.0112,1.3183,0.0000,-0.2087,2.6498,-0.2264,-0.1452
104940365,0.0019,0.0016,0.0147,0.0247,0.0240,0.0084,0.0047,-0.0141,-0.1328,0.0850,-0.0056,0.0224,1.1029,0.0000,-0.1534,2.6503,-0.2264,-0.1453
104945365,0.0022,0.0017,0.0165,0.0336,0.0142,0.0104,0.0054,-0.0164,-0.1328,0.0851,0.0008,0.0313,0.8336,0.0000,-0.1534,2.6506,-0.2264,-0.1459
104950365,0.0025,0.0019,0.0116,0.0318,0.0167,0.0108,0.0056,-0.0171,-0.1328,0.0853,-0.0008,0.0303,0.6720,0.0000,-0.0980,2.6503,-0.2264,-0.1455
104955365,0.0027,0.0020,0.0125,0.0266,0.0164,0.0123,0.0047,-0.0176,-0.1328,0.0854,0.0029,0.0251,0.5105,0.0000,-0.0980,2.6505,-0.2264,-0.1459
104960365,0.0029,0.0022,0.0098,0.0189,0.0148,0.0128,0.0040,-0.0173,-0.1328,0.0855,0.0025,0.0183,0.4028,0.0000,-0.0426,2.6501,-0.2264,-0.1452
104965365,0.0031,0.0024,0.0037,0.0098,0.0118,0.0125,0.0032,-0.0162,-0.1328,0.0856,-0.0018,0.0091,0.2951,0.0000,-0.0426,2.6500,-0.2264,-0.1454
104970365,0.0033,0.0025,0.0018,0.0012,0.0112,0.0130,0.0020,-0.0154,-0.1328,0.0856,-0.0027,0.0006,0.2412,0.0000,-0.0426,2.6500,-0.2264,-0.1456
104975365,0.0034,0.0025,-0.0018,-0.0058,0.0106,0.0131,0.0011,-0.0145,-0.1328,0.0855,-0.0054,-0.0064,0.1874,0.0000,-0.0426,2.6502,-0.2264,-0.1458
104980365,0.0036,0.0025,-0.0040,-0.0134,0.0093,0.0134,-0.0003,-0.0135,-0.1329,0.0855,-0.0066,-0.0141,0.1335,0.0000,-0.0426,2.6498,-0.2264,-0.1460
104985365,0.0038,0.0025,-0.0064,-0.0183,0.0054,0.0138,-0.0013,-0.0126,-0.1329,0.0854,-0.0087,-0.0183,0.1335,0.0000,0.0000,2.6506,-0.2264,-0.1451
104990365,0.0040,0.0023,-0.0089,-0.0183,0.0023,0.0142,-0.0020,-0.0123,-0.1330,0.0853,-0.0102,-0.0183,0.0797,0.0000,0.0000,2.6498,-0.2264,-0.1451
104995365,0.0041,0.0021,-0.0098,-0.0156,-0.0053,0.0148,-0.0400,-0.0123,-0.1330,0.0852,-0.0111,-0.0156,0.0797,0.0000,0.0000,2.6503,-0.2264,-0.1451
105000365,0.0043,0.0019,-0.0098,-0.0125,-0.0099,0.0156,-0.0030,-0.0122,-0.1331,0.0851,-0.0098,-0.0125,0.0000,0.0000,0.0000,2.6495,-0.2264,-0.1451
105005365,0.0044,0.0017,-0.0107,-0.0070,-0.0184,0.0160,-0.0030,-0.0123,-0.1331,0.0851,-0.0107,-0.0070,0.0000,0.0000,0.0000,2.6495,-0.2264,-0.1451
105010365,0.0045,0.0014,-0.0089,-0.0070,-0.0227,0.0168,-0.0042,-0.0117,-0.1332,0.0851,-0.0089,-0.0070,0.0000,0.0000,0.0000,2.6495,-0.2264,-0.1451
105015365,0.0046,0.0011,-0.0098,-0.0027,-0.0374,0.0170,-0.0043,-0.0113,-0.1332,0.0851,-0.0098,-0.0027,0.0000,0.0000,0.0000,2.6495,-0.2264,-0.1451
105020365,0.0047,0.0009,-0.0147,0.0031,-0.0652,0.0169,-0.0034,-0.0109,-0.1333,0.0851,-0.0147,0.0031,0.0000,0.0000,0.0000,2.6495,-0.2264,-0.1451
105025365,0.0047,0.0008,-0.0140,0.0110,-0.0750,0.0174,-0.0029,-0.0116,-0.1334,0.0851,-0.0140,0.0110,0.0000,0.0000,0.0000,2.6495,-0.2264,-0.1451
105030365,0.0048,0.0006,-0.0180,0.0171,-0.0765,0.0170,-0.0021,-0.0119,-0.1335,0.0852,-0.0180,0.0171,0.0000,0.0000,0.0000,2.6495,-0.2264,-0.1451
105035365,0.0046,0.0008,-0.0150,0.0202,-0.0713,0.0166,-0.0009,-0.0130,-0.1335,0.0853,-0.0159,0.0202,0.0539,0.0000,0.0000,2.6509,-0.2264,-0.1451
105040365,0.0045,0.0011,-0.0165,0.0214,-0.0661,0.0159,0.0004,-0.0137,-0.1336,0.0854,-0.0174,0.0214,0.0539,0.0000,0.0000,2.6512,-0.2264,-0.1451
105045365,0.0047,0.0011,-0.0168,0.0171,-0.0569,0.0159,0.0002,-0.0139,-0.1337,0.0855,-0.0225,0.0255,0.0539,-0.5593,0.0000,2.6515,-0.2379,-0.1451
105050365,0.0047,0.0011,-0.0284,0.0137,-0.0368,0.0128,0.0400,-0.0140,-0.1340,0.0858,-0.0481,0.0463,0.0539,-2.1814,0.0000,2.6517,-0.2761,-0.1451
105055365,0.0048,0.0012,-0.0357,0.0070,-0.0337,0.0117,0.0021,-0.0125,-0.1343,0.0860,-0.0555,0.0396,0.0539,-2.1814,0.0000,2.6520,-0.2892,-0.1451
105060365,0.0047,0.0013,-0.0431,0.0034,-0.0340,0.0101,0.0027,-0.0115,-0.1346,0.0862,-0.0628,0.0359,0.0539,-2.1814,0.0000,2.6522,-0.2979,-0.1451
105065365,0.0045,0.0014,-0.0464,-0.0021,-0.0356,0.0088,0.0014,-0.0088,-0.1349,0.0862,-0.0650,0.0062,0.7967,-0.5593,0.0000,2.6681,-0.2741,-0.1451
105070365,0.0043,0.0015,-0.0516,-0.0089,-0.0310,0.0058,0.0019,-0.0065,-0.1353,0.0862,-0.0828,-0.0022,1.5859,-0.4475,0.0000,2.6894,-0.2739,-0.1451
105075365,0.0040,0.0015,-0.0513,-0.0162,-0.0111,0.0047,0.0010,-0.0053,-0.1357,0.0861,-0.0815,-0.0112,1.5859,-0.3356,0.0000,2.6989,-0.2740,-0.1451
105080365,0.0038,0.0016,-0.0501,-0.0229,-0.0111,0.0042,0.0002,-0.0040,-0.1361,0.0860,-0.0798,-0.0188,1.5859,-0.2797,0.0000,2.7052,-0.2741,-0.1451
105085365,0.0035,0.0015,-0.0480,-0.0348,-0.0282,0.0034,-0.0013,-0.0010,-0.1365,0.0859,-0.0772,-0.0315,1.5859,-0.2237,0.0000,2.7147,-0.2744,-0.1451
105090365,0.0032,0.0011,-0.0421,-0.0327,-0.0352,0.0034,-0.0400,0.0002,-0.1368,0.0857,-0.0709,-0.0302,1.5859,-0.1678,0.0000,2.7211,-0.2740,-0.1451
105095365,0.0029,0.0007,-0.0397,-0.0272,-0.0316,0.0030,-0.0025,0.0007,-0.1372,0.0856,-0.0632,-0.0255,1.3090,-0.1119,0.0000,2.7245,-0.2738,-0.1451
105100365,0.0027,0.0004,-0.0345,-0.0250,-0.0346,0.0034,-0.0036,0.0015,-0.1374,0.0855,-0.0542,-0.0234,1.0875,-0.1119,0.0000,2.7248,-0.2742,-0.1451
105105365,0.0024,0.0000,-0.0278,-0.0202,-0.0389,0.0041,-0.0043,0.0017,-0.1376,0.0854,-0.0422,-0.0193,0.8106,-0.0559,0.0000,2.7248,-0.2736,-0.1451
105110365,0.0023,-0.0002,-0.0275,-0.0043,-0.0377,0.0038,-0.0026,0.0003,-0.1378,0.0854,-0.0391,-0.0035,0.6445,-0.0559,0.0000,2.7243,-0.2739,-0.1451
105115365,0.0022,-0.0005,-0.0244,0.0009,-0.0377,0.0041,-0.0028,0.0001,-0.1380,0.0854,-0.0336,0.0026,0.4784,-0.1119,0.0000,2.7244,-0.2756,-0.1451
105120365,0.0020,-0.0007,-0.0263,0.0089,-0.0252,0.0032,-0.0020,-0.0002,-0.1382,0.0854,-0.0336,0.0105,0.3676,-0.1119,0.0000,2.7239,-0.2760,-0.1451
105125365,0.0019,-0.0009,-0.0275,0.0134,-0.0184,0.0024,-0.0017,0.0001,-0.1383,0.0855,-0.0338,0.0151,0.3122,-0.1119,0.0000,2.7248,-0.2767,-0.1451
105130365,0.0016,-0.0008,-0.0272,0.0116,-0.0206,0.0014,-0.0011,0.0005,-0.1385,0.0856,-0.0326,0.0133,0.2569,-0.1119,0.0000,2.7247,-0.2772,-0.1451
105135365,0.0014,-0.0007,-0.0296,0.0040,-0.0181,-0.0000,-0.0013,0.0400,-0.1387,0.0856,-0.0341,0.0056,0.2015,-0.1119,0.0000,2.7249,-0.2778,-0.1451
105140365,0.0011,-0.0007,-0.0287,0.0012,-0.0136,-0.0010,-0.0012,0.0027,-0.1388,0.0856,-0.0322,0.0029,0.1461,-0.1119,0.0000,2.7244,-0.2783,-0.1451
105145365,0.0008,-0.0008,-0.0330,-0.0052,-0.0148,-0.0400,-0.0019,0.0054,-0.1390,0.0856,-0.0355,-0.0035,0.0907,-0.1119,0.0000,2.7240,-0.2790,-0.1451
105150365,0.0005,-0.0008,-0.0339,-0.0095,-0.0154,-0.0040,-0.0018,0.0064,-0.1392,0.0856,-0.0364,-0.0078,0.0907,-0.1119,0.0000,2.7244,-0.2794,-0.1451
105155365,0.0002,-0.0010,-0.0315,-0.0046,-0.0050,-0.0049,-0.0014,0.0065,-0.1394,0.0855,-0.0330,-0.0029,0.0354,-0.1119,0.0000,2.7238,-0.2801,-0.1451
105160365,-0.0000,-0.0012,-0.0339,-0.0095,-0.0050,-0.0063,-0.0024,0.0089,-0.1395,0.0855,-0.0355,-0.0078,0.0354,-0.1119,0.0000,2.7239,-0.2805,-0.1451
105165365,-0.0003,-0.0014,-0.0290,-0.0079,-0.0078,-0.0066,-0.0027,0.0095,-0.1397,0.0855,-0.0306,-0.0063,0.0354,-0.1119,0.0000,2.7241,-0.2812,-0.1451
105170365,-0.0006,-0.0015,-0.0247,-0.0046,0.0008,-0.0068,-0.0021,0.0088,-0.1398,0.0855,-0.0225,0.0036,0.0354,-0.1119,0.4394,2.7243,-0.2816,-0.1361
105175365,-0.0008,-0.0017,-0.0211,-0.0067,-0.0004,-0.0061,-0.0021,0.0082,-0.1398,0.0856,-0.0067,0.0226,0.0354,-0.1119,1.8553,2.7245,-0.2823,-0.1030
105180365,-0.0011,-0.0019,-0.0183,-0.0082,-0.0181,-0.0059,-0.0026,0.0092,-0.1398,0.0857,0.0023,0.0211,-0.3250,-0.1119,1.8553,2.7171,-0.2828,-0.0918
105185365,-0.0012,-0.0022,-0.0171,-0.0021,-0.0065,-0.0043,-0.0036,0.0082,-0.1397,0.0858,0.0267,0.0272,-1.6713,-0.1119,1.8553,2.6826,-0.2834,-0.0844
105190365,-0.0013,-0.0024,-0.0189,-0.0006,-0.0056,-0.0054,-0.0037,0.0092,-0.1396,0.0860,0.0249,0.0287,-1.6713,-0.1119,1.8553,2.6759,-0.2839,-0.0733
105195365,-0.0016,-0.0025,-0.0159,-0.0015,-0.0081,-0.0058,-0.0040,0.0102,-0.1394,0.0861,0.0270,0.0262,-1.6713,-0.1119,1.7504,2.6659,-0.2846,-0.0681
105200365,-0.0018,-0.0027,-0.0189,0.0034,-0.0093,-0.0076,-0.0034,0.0113,-0.1393,0.0862,0.0199,0.0241,-1.6713,-0.1119,1.2785,2.6592,-0.2850,-0.0685
105205365,-0.0020,-0.0029,-0.0192,0.0009,-0.0059,-0.0087,-0.0042,0.0132,-0.1393,0.0863,0.0159,0.0185,-1.5636,-0.1119,1.0687,2.6514,-0.2857,-0.0681
105210365,-0.0022,-0.0028,-0.0186,-0.0003,0.0075,-0.0101,-0.0038,0.0136,-0.1392,0.0864,0.0119,0.0173,-1.2943,-0.1119,1.0687,2.6511,-0.2861,-0.0617
105215365,-0.0024,-0.0030,-0.0189,0.0061,0.0136,-0.0114,-0.0029,0.0138,-0.1392,0.0865,0.0060,0.0237,-0.9712,-0.1119,1.0687,2.6508,-0.2868,-0.0574
105220365,-0.0027,-0.0031,-0.0153,0.0049,0.0026,-0.0118,-0.0029,0.0147,-0.1391,0.0866,0.0060,0.0225,-0.7558,-0.1119,1.0687,2.6517,-0.2872,-0.0510
105225365,-0.0029,-0.0032,-0.0144,0.0021,0.0188,-0.0130,-0.0035,0.0158,-0.1391,0.0867,0.0041,0.0197,-0.5942,-0.1119,1.0687,2.6508,-0.2879,-0.0467
105230365,-0.0031,-0.0034,-0.0140,0.0012,0.0371,-0.0142,-0.0039,0.0167,-0.1391,0.0868,0.0026,0.0188,-0.4865,-0.1119,1.0687,2.6509,-0.2884,-0.0403
105235365,-0.0032,-0.0035,-0.0110,0.0119,0.0613,-0.0147,-0.0030,0.0154,-0.1391,0.0870,0.0028,0.0295,-0.3249,-0.1119,1.0687,2.6516,-0.2890,-0.0361
105240365,-0.0033,-0.0037,-0.0086,0.0192,0.0750,-0.0150,-0.0025,0.0146,-0.1391,0.0872,0.0043,0.0369,-0.2711,-0.1119,1.0687,2.6515,-0.2895,-0.0296
105245365,-0.0035,-0.0037,-0.0064,0.0324,0.0970,-0.0153,-0.0009,0.0125,-0.1390,0.0874,0.0055,0.0500,-0.2172,-0.1119,1.0687,2.6511,-0.2902,-0.0254
105250365,-0.0035,-0.0038,-0.0082,0.0409,0.1358,-0.0164,0.0001,0.0112,-0.1390,0.0877,0.0028,0.0585,-0.1634,-0.1119,1.0687,2.6514,-0.2906,-0.0190
105255365,-0.0035,-0.0034,-0.0027,0.0412,0.1575,-0.0158,0.0006,0.0092,-0.1390,0.0880,0.0074,0.0589,-0.1095,-0.1119,1.0687,2.6515,-0.2913,-0.0147
105260365,-0.0037,-0.0032,-0.0082,0.0382,0.1538,-0.0175,0.0018,0.0097,-0.1390,0.0883,0.0019,0.0558,-0.1095,-0.1119,1.0687,2.6511,-0.2917,-0.0083
105265365,-0.0039,-0.0031,-0.0089,0.0315,0.1508,-0.0184,0.0015,0.0111,-0.1390,0.0885,0.0003,0.0491,-0.0557,-0.1119,1.0687,2.6516,-0.2924,-0.0040
105270365,-0.0041,-0.0031,-0.0101,0.0263,0.1636,-0.0197,0.0014,0.0120,-0.1390,0.0887,-0.0009,0.0439,-0.0557,-0.1119,1.0687,2.6514,-0.2929,0.0024
105275365,-0.0042,-0.0032,-0.0119,0.0202,0.1440,-0.0203,0.0006,0.0141,-0.1390,0.0889,-0.0027,0.0378,-0.0557,-0.1119,1.0687,2.6510,-0.2935,0.0067
105280365,-0.0044,-0.0032,-0.0024,0.0186,0.0933,-0.0187,0.0005,0.0146,-0.1390,0.0891,0.0067,0.0363,-0.0557,-0.1119,1.0687,2.6508,-0.2940,0.0131
105285365,-0.0045,-0.0032,0.0128,0.0174,0.0686,-0.0160,-0.0005,0.0139,-0.1389,0.0893,0.0210,0.0350,0.0000,-0.1119,1.0687,2.6517,-0.2946,0.0173
105290365,-0.0045,-0.0032,0.0345,0.0199,0.0677,-0.0121,-0.0023,0.0118,-0.1387,0.0895,0.0419,0.0360,0.0000,-0.1119,0.9719,2.6517,-0.2951,0.0215
105295365,-0.0044,-0.0033,0.0504,0.0254,0.0570,-0.0085,-0.0033,0.0096,-0.1384,0.0897,0.0578,0.0415,0.0000,-0.1119,0.9719,2.6517,-0.2958,0.0254
105300365,-0.0040,-0.0034,0.0644,0.0370,0.0503,-0.0045,-0.0036,0.0062,-0.1380,0.0899,0.0728,0.0531,-0.0539,-0.1119,0.9719,2.6504,-0.2962,0.0312
105305365,-0.0036,-0.0034,0.0699,0.0507,0.0469,-0.0019,-0.0027,0.0028,-0.1376,0.0903,0.0783,0.0669,-0.0539,-0.1119,0.9719,2.6501,-0.2969,0.0351
105310365,-0.0034,-0.0033,0.0654,0.0602,0.0521,-0.0019,-0.0010,0.0009,-0.1372,0.0907,0.0737,0.0763,-0.0539,-0.1119,0.9719,2.6499,-0.2973,0.0409
105315365,-0.0029,-0.0029,0.0605,0.0660,0.0723,-0.0010,0.0003,-0.0400,-0.1369,0.0911,0.0688,0.0821,-0.0539,-0.1119,0.9719,2.6496,-0.2980,0.0448
105320365,-0.0025,-0.0026,0.0388,0.0525,0.0701,-0.0033,0.0005,0.0002,-0.1367,0.0914,0.0471,0.0687,-0.0539,-0.1119,0.9719,2.6494,-0.2984,0.0507
105325365,-0.0022,-0.0024,0.0247,0.0443,0.0597,-0.0052,-0.0001,0.0400,-0.1365,0.0916,0.0226,0.0423,-0.0539,-0.1119,-0.2422,2.6490,-0.2991,0.0285
105330365,-0.0019,-0.0021,0.0165,0.0376,0.0536,-0.0058,-0.0002,0.0040,-0.1365,0.0918,0.0106,0.0291,-0.0539,-0.1119,-0.6781,2.6488,-0.2996,0.0160
105335365,-0.0017,-0.0022,0.0067,0.0220,0.0387,-0.0066,-0.0024,0.0075,-0.1365,0.0918,0.0009,0.0135,-0.0539,-0.1119,-0.6781,2.6485,-0.3002,0.0133
105340365,-0.0017,-0.0021,0.0003,0.0061,0.0191,-0.0073,-0.0035,0.0101,-0.1365,0.0918,-0.0056,-0.0023,-0.0539,-0.1119,-0.6781,2.6483,-0.3007,0.0092
105345365,-0.0016,-0.0020,-0.0067,-0.0037,0.0106,-0.0084,-0.0040,0.0119,-0.1366,0.0918,-0.0126,-0.0121,-0.0539,-0.1119,-0.6781,2.6480,-0.3014,0.0065
105350365,-0.0018,-0.0020,-0.0009,-0.0098,0.0075,-0.0080,-0.0054,0.0131,-0.1366,0.0917,-0.0068,-0.0182,-0.0539,-0.1119,-0.6781,2.6478,-0.3018,0.0024
105355365,-0.0019,-0.0023,0.0040,-0.0058,0.0124,-0.0074,-0.0060,0.0129,-0.1366,0.0916,-0.0019,-0.0143,-0.0539,-0.1119,-0.6781,2.6474,-0.3025,-0.0003
105360365,-0.0019,-0.0025,0.0070,0.0046,0.0271,-0.0072,-0.0055,0.0116,-0.1366,0.0916,0.0012,-0.0039,-0.0539,-0.1119,-0.6781,2.6472,-0.3029,-0.0043
105365365,-0.0020,-0.0025,0.0159,0.0284,0.0491,-0.0060,-0.0029,0.0070,-0.1366,0.0917,0.0100,0.0200,-0.0539,-0.1119,-0.6781,2.6469,-0.3036,-0.0071
105370365,-0.0019,-0.0025,0.0336,0.0333,0.0411,-0.0027,-0.0035,0.0046,-0.1364,0.0918,0.0277,0.0248,-0.0539,-0.1119,-0.6781,2.6467,-0.3040,-0.0111
105375365,-0.0019,-0.0025,0.0379,0.0333,0.0234,-0.0015,-0.0037,0.0043,-0.1363,0.0919,0.0320,0.0248,-0.0539,-0.1119,-0.6781,2.6464,-0.3047,-0.0138
105380365,-0.0017,-0.0026,0.0421,0.0308,0.0155,0.0003,-0.0052,0.0043,-0.1361,0.0921,0.0363,0.0224,-0.0539,-0.1119,-0.6781,2.6461,-0.3052,-0.0179
105385365,-0.0014,-0.0027,0.0446,0.0302,0.0109,0.0020,-0.0064,0.0040,-0.1359,0.0922,0.0392,0.0226,-0.0539,-0.1119,-0.6229,2.6458,-0.3058,-0.0195
105390365,-0.0010,-0.0027,0.0400,0.0327,0.0008,0.0400,-0.0062,0.0032,-0.1357,0.0923,0.0360,0.0275,-0.0539,-0.1119,-0.4574,2.6456,-0.3063,-0.0195
105395365,-0.0006,-0.0027,0.0363,0.0342,-0.0142,0.0041,-0.0060,0.0025,-0.1355,0.0925,0.0329,0.0299,-0.0539,-0.1119,-0.4022,2.6453,-0.3069,-0.0201
105400365,-0.0002,-0.0026,0.0302,0.0367,-0.0181,0.0043,-0.0051,0.0015,-0.1354,0.0926,0.0231,0.0340,0.2154,-0.1119,-0.2919,2.6511,-0.3074,-0.0198
105405365,0.0001,-0.0026,0.0272,0.0382,-0.0108,0.0048,-0.0053,0.0010,-0.1353,0.0928,0.0205,0.0363,0.2154,-0.1119,-0.2367,2.6524,-0.3081,-0.0197
105410365,0.0001,-0.0026,0.0244,0.0357,0.0014,0.0042,-0.0057,0.0014,-0.1352,0.0930,0.0182,0.0347,0.2154,-0.1119,-0.1816,2.6532,-0.3085,-0.0198
105415365,0.0004,-0.0025,0.0171,0.0382,-0.0068,0.0043,-0.0047,0.0007,-0.1352,0.0932,0.0113,0.0380,0.2154,-0.1119,-0.1264,2.6545,-0.3092,-0.0194
105420365,0.0004,-0.0022,0.0159,0.0357,-0.0056,0.0042,-0.0041,0.0000,-0.1351,0.0933,0.0101,0.0355,0.2154,-0.1119,-0.1264,2.6554,-0.3096,-0.0201
105425365,0.0004,-0.0021,0.0208,0.0296,-0.0010,0.0048,-0.0050,0.0002,-0.1351,0.0935,0.0155,0.0302,0.2154,-0.1119,-0.0712,2.6567,-0.3103,-0.0193
105430365,0.0003,-0.0021,0.0226,0.0266,-0.0081,0.0051,-0.0055,0.0007,-0.1350,0.0936,0.0173,0.0272,0.2154,-0.1119,-0.0712,2.6575,-0.3107,-0.0198
105435365,0.0005,-0.0022,0.0254,0.0269,-0.0136,0.0065,-0.0065,0.0005,-0.1349,0.0938,0.0201,0.0275,0.2154,-0.1119,-0.0712,2.6588,-0.3114,-0.0201
105440365,0.0009,-0.0022,0.0266,0.0272,-0.0184,0.0082,-0.0072,-0.0004,-0.1348,0.0939,0.0219,0.0289,0.2154,-0.1119,0.0000,2.6597,-0.3119,-0.0191
105445365,0.0012,-0.0022,0.0287,0.0296,-0.0203,0.0101,-0.0076,-0.0017,-0.1346,0.0941,0.0240,0.0313,0.2154,-0.1119,0.0000,2.6610,-0.3125,-0.0191
105450365,0.0014,-0.0023,0.0278,0.0308,-0.0181,0.0105,-0.0081,-0.0017,-0.1345,0.0942,0.0231,0.0325,0.2154,-0.1119,0.0000,2.6619,-0.3130,-0.0191
105455365,0.0015,-0.0024,0.0290,0.0336,-0.0297,0.0114,-0.0082,-0.0400,-0.1344,0.0944,0.0243,0.0353,0.2154,-0.1119,0.0000,2.6632,-0.3137,-0.0191
105460365,0.0018,-0.0025,0.0318,0.0351,-0.0273,0.0129,-0.0090,-0.0029,-0.1343,0.0946,0.0271,0.0368,0.2154,-0.1119,0.0000,2.6640,-0.3141,-0.0191
105465365,0.0022,-0.0024,0.0296,0.0400,-0.0279,0.0140,-0.0085,-0.0045,-0.1341,0.0948,0.0250,0.0417,0.2154,-0.1119,0.0000,2.6653,-0.3148,-0.0191
105470365,0.0023,-0.0024,0.0308,0.0409,-0.0313,0.0147,-0.0088,-0.0048,-0.1340,0.0950,0.0266,0.0419,0.2154,-0.0634,0.0000,2.6662,-0.3141,-0.0191
105475365,0.0026,-0.0022,0.0263,0.0373,-0.0395,0.0152,-0.0085,-0.0052,-0.1339,0.0952,0.0220,0.0382,0.2154,-0.0634,0.0000,2.6675,-0.3145,-0.0191
105480365,0.0028,-0.0019,0.0254,0.0370,-0.0456,0.0161,-0.0078,-0.0065,-0.1338,0.0954,0.0211,0.0379,0.2154,-0.0634,0.0000,2.6683,-0.3147,-0.0191
105485365,0.0031,-0.0016,0.0260,0.0339,-0.0475,0.0175,-0.0081,-0.0075,-0.1337,0.0956,0.0223,0.0339,0.2154,0.0000,0.0000,2.6696,-0.3139,-0.0191
105490365,0.0033,-0.0017,0.0284,0.0324,-0.0603,0.0189,-0.0092,-0.0074,-0.1336,0.0957,0.0247,0.0324,0.2154,0.0000,0.0000,2.6705,-0.3139,-0.0191
105495365,0.0033,-0.0017,0.0266,0.0345,-0.0643,0.0186,-0.0087,-0.0075,-0.1334,0.0959,0.0229,0.0345,0.2154,0.0000,0.0000,2.6718,-0.3139,-0.0191
105500365,0.0037,-0.0016,0.0269,0.0348,-0.0591,0.0201,-0.0092,-0.0087,-0.1333,0.0961,0.0232,0.0348,0.2154,0.0000,0.0000,2.6726,-0.3139,-0.0191
105505365,0.0039,-0.0014,0.0247,0.0373,-0.0670,0.0200,-0.0076,-0.0099,-0.1333,0.0963,0.0098,0.0372,0.8654,0.0000,0.0000,2.6887,-0.3139,-0.0191
105510365,0.0042,-0.0011,0.0260,0.0342,-0.0691,0.0215,-0.0079,-0.0109,-0.1332,0.0964,0.0111,0.0342,0.8654,0.0000,0.0000,2.6921,-0.3139,-0.0191
105515365,0.0046,-0.0009,0.0284,0.0345,-0.0661,0.0232,-0.0080,-0.0127,-0.1332,0.0966,0.0135,0.0345,0.8654,0.0000,0.0000,2.6973,-0.3139,-0.0191
105520365,0.0050,-0.0008,0.0308,0.0348,-0.0441,0.0249,-0.0088,-0.0144,-0.1331,0.0968,0.0159,0.0348,0.8654,0.0000,0.0000,2.7008,-0.3139,-0.0191
105525365,0.0049,-0.0007,0.0266,0.0391,-0.0151,0.0226,-0.0072,-0.0149,-0.1331,0.0970,-0.0017,0.0390,1.6406,0.0000,0.0000,2.7221,-0.3139,-0.0191
105530365,0.0052,-0.0005,0.0116,0.0406,0.0194,0.0205,-0.0061,-0.0152,-0.1332,0.0972,-0.0186,0.0406,1.7514,0.0000,0.0000,2.7313,-0.3139,-0.0191
105535365,0.0054,-0.0003,0.0009,0.0483,0.0564,0.0190,-0.0040,-0.0171,-0.1333,0.0974,-0.0292,0.0482,1.7514,0.0000,0.0000,2.7418,-0.3139,-0.0191
105540365,0.0056,-0.0000,-0.0131,0.0531,0.1053,0.0164,-0.0020,-0.0185,-0.1335,0.0977,-0.0438,0.0523,1.7514,0.0000,-0.0552,2.7488,-0.3139,-0.0204
105545365,0.0054,0.0001,-0.0186,0.0535,0.1474,0.0140,-0.0013,-0.0184,-0.1338,0.0979,-0.0493,0.0526,1.7514,0.0000,-0.0552,2.7593,-0.3139,-0.0206
105550365,0.0051,0.0002,-0.0260,0.0550,0.1871,0.0110,0.0003,-0.0185,-0.1341,0.0982,-0.0566,0.0541,1.7514,0.0000,-0.0552,2.7663,-0.3139,-0.0209
105555365,0.0050,0.0006,-0.0052,0.0571,0.1874,0.0139,0.0005,-0.0216,-0.1343,0.0985,-0.0413,0.0562,2.0723,0.0000,-0.0552,2.7847,-0.3139,-0.0212
105560365,0.0050,0.0007,0.0070,0.0602,0.1752,0.0161,0.0003,-0.0232,-0.1344,0.0988,-0.0291,0.0593,2.0723,0.0000,-0.0552,2.7930,-0.3139,-0.0215
105565365,0.0051,0.0007,0.0171,0.0641,0.1437,0.0189,0.0004,-0.0248,-0.1345,0.0991,-0.0190,0.0633,2.0723,0.0000,-0.0552,2.8054,-0.3139,-0.0217
105570365,0.0054,0.0010,0.0232,0.0556,0.0918,0.0222,-0.0006,-0.0251,-0.1346,0.0994,-0.0097,0.0547,1.8842,0.0000,-0.0552,2.8098,-0.3139,-0.0220
105575365,0.0056,0.0014,0.0168,0.0434,0.0607,0.0230,-0.0012,-0.0241,-0.1346,0.0996,-0.0080,0.0425,1.4140,0.0000,-0.0552,2.8102,-0.3139,-0.0223
105580365,0.0059,0.0016,0.0079,0.0293,0.0549,0.0227,-0.0024,-0.0224,-0.1347,0.0997,-0.0120,0.0285,1.1318,0.0000,-0.0552,2.8097,-0.3139,-0.0226
105585365,0.0060,0.0018,0.0027,0.0144,0.0423,0.0229,-0.0040,-0.0206,-0.1347,0.0998,-0.0123,0.0135,0.8497,0.0000,-0.0552,2.8100,-0.3139,-0.0228
105590365,0.0062,0.0018,-0.0086,0.0086,0.0368,0.0218,-0.0041,-0.0191,-0.1348,0.0998,-0.0220,0.0077,0.7557,0.0000,-0.0552,2.8112,-0.3139,-0.0231
105595365,0.0063,0.0016,-0.0171,0.0046,0.0817,0.0200,-0.0053,-0.0178,-0.1350,0.0999,-0.0306,0.0037,0.7557,0.0000,-0.0552,2.8158,-0.3139,-0.0234
105600365,0.0063,0.0017,-0.0275,0.0229,0.1101,0.0180,-0.0016,-0.0206,-0.1352,0.1000,-0.0410,0.0221,0.7557,0.0000,-0.0552,2.8188,-0.3139,-0.0237
105605365,0.0060,0.0018,-0.0299,0.0284,0.1187,0.0162,0.0002,-0.0209,-0.1354,0.1001,-0.0434,0.0276,0.7557,0.0000,-0.0552,2.8233,-0.3139,-0.0239
105610365,0.0057,0.0019,-0.0299,0.0333,0.1190,0.0149,0.0020,-0.0215,-0.1356,0.1003,-0.0434,0.0324,0.7557,0.0000,-0.0552,2.8263,-0.3139,-0.0242
105615365,0.0054,0.0020,-0.0205,0.0318,0.1300,0.0154,0.0015,-0.0220,-0.1358,0.1004,-0.0339,0.0309,0.7557,0.0000,-0.0552,2.8309,-0.3139,-0.0245
105620365,0.0053,0.0020,-0.0092,0.0370,0.1355,0.0168,0.0016,-0.0235,-0.1359,0.1006,-0.0226,0.0361,0.7557,0.0000,-0.0552,2.8339,-0.3139,-0.0248
105625365,0.0053,0.0019,-0.0052,0.0363,0.1193,0.0176,0.0011,-0.0233,-0.1360,0.1008,-0.0187,0.0355,0.7557,0.0000,-0.0552,2.8384,-0.3139,-0.0250
105630365,0.0053,0.0022,0.0021,0.0336,0.0985,0.0193,0.0013,-0.0244,-0.1361,0.1009,-0.0113,0.0328,0.7557,0.0000,-0.0552,2.8415,-0.3139,-0.0254
105635365,0.0054,0.0025,0.0086,0.0367,0.0872,0.0210,0.0400,-0.0266,-0.1361,0.1011,-0.0049,0.0358,0.7557,0.0000,-0.0552,2.8460,-0.3139,-0.0256
105640365,0.0057,0.0026,0.0092,0.0348,0.0918,0.0222,0.0015,-0.0271,-0.1361,0.1013,-0.0043,0.0340,0.7557,0.0000,-0.0552,2.8490,-0.3139,-0.0259
105645365,0.0059,0.0027,0.0064,0.0403,0.0955,0.0229,0.0024,-0.0289,-0.1361,0.1015,-0.0042,0.0395,0.5866,0.0000,-0.0552,2.8497,-0.3139,-0.0261
105650365,0.0062,0.0028,0.0031,0.0388,0.0924,0.0234,0.0024,-0.0294,-0.1362,0.1017,-0.0056,0.0380,0.4740,0.0000,-0.0552,2.8496,-0.3139,-0.0265
105655365,0.0063,0.0031,-0.0037,0.0376,0.0955,0.0233,0.0027,-0.0296,-0.1362,0.1018,-0.0065,0.0300,0.3613,0.4475,-0.0552,2.8499,-0.3048,-0.0267
105660365,0.0065,0.0033,-0.0067,0.0351,0.1010,0.0243,0.0011,-0.0293,-0.1362,0.1019,0.0030,0.0075,0.3049,1.7899,-0.0552,2.8500,-0.2729,-0.0270
105665365,0.0066,0.0035,-0.0113,0.0324,0.0988,0.0242,0.0015,-0.0295,-0.1362,0.1019,0.0004,0.0048,0.1922,1.7899,-0.0552,2.8493,-0.2621,-0.0272
105670365,0.0068,0.0037,-0.0144,0.0287,0.0906,0.0244,0.0015,-0.0294,-0.1362,0.1019,-0.0027,0.0011,0.1922,1.7899,-0.0552,2.8501,-0.2550,-0.0276
105675365,0.0069,0.0039,-0.0150,0.0287,0.0805,0.0248,0.0023,-0.0302,-0.1362,0.1019,-0.0023,0.0011,0.1359,1.7899,-0.0552,2.8499,-0.2442,-0.0278
105680365,0.0070,0.0040,-0.0140,0.0281,0.0778,0.0257,0.0023,-0.0310,-0.1362,0.1019,-0.0004,0.0005,0.0796,1.7899,-0.0552,2.8493,-0.2371,-0.0281
105685365,0.0072,0.0040,-0.0134,0.0275,0.0762,0.0263,0.0017,-0.0310,-0.1362,0.1019,0.0002,-0.0001,0.0796,1.7899,-0.0552,2.8497,-0.2263,-0.0283
105690365,0.0073,0.0040,-0.0116,0.0345,0.0604,0.0272,0.0031,-0.0326,-0.1362,0.1020,-0.0007,0.0117,0.0796,1.4733,-0.0552,2.8500,-0.2261,-0.0287
105695365,0.0075,0.0041,-0.0089,0.0345,0.0552,0.0284,0.0031,-0.0336,-0.1362,0.1020,0.0002,0.0172,0.0000,1.1040,-0.0552,2.8492,-0.2258,-0.0289
105700365,0.0076,0.0042,-0.0113,0.0354,0.0549,0.0285,0.0039,-0.0345,-0.1362,0.1021,-0.0041,0.0213,0.0000,0.8930,-0.0552,2.8492,-0.2260,-0.0292
105705365,0.0078,0.0044,-0.0116,0.0354,0.0530,0.0290,0.0045,-0.0355,-0.1363,0.1023,-0.0062,0.0244,0.0000,0.6820,-0.0552,2.8492,-0.2256,-0.0294
105710365,0.0079,0.0045,-0.0168,0.0342,0.0512,0.0285,0.0054,-0.0358,-0.1363,0.1024,-0.0128,0.0256,0.0000,0.5237,-0.0552,2.8492,-0.2263,-0.0298
105715365,0.0081,0.0047,-0.0223,0.0333,0.0466,0.0279,0.0062,-0.0360,-0.1364,0.1025,-0.0192,0.0262,0.0000,0.4182,-0.0552,2.8492,-0.2256,-0.0300
105720365,0.0081,0.0049,-0.0284,0.0318,0.0472,0.0271,0.0072,-0.0360,-0.1365,0.1027,-0.0262,0.0263,0.0000,0.3127,-0.0552,2.8492,-0.2262,-0.0303
105725365,0.0082,0.0051,-0.0324,0.0308,0.0506,0.0264,0.0079,-0.0363,-0.1367,0.1028,-0.0306,0.0261,0.0000,0.2599,-0.0552,2.8492,-0.2256,-0.0306
105730365,0.0082,0.0052,-0.0370,0.0266,0.0484,0.0257,0.0082,-0.0358,-0.1369,0.1029,-0.0356,0.0227,0.0000,0.2071,-0.0552,2.8492,-0.2258,-0.0309
105735365,0.0082,0.0053,-0.0452,0.0229,0.0399,0.0243,0.0091,-0.0349,-0.1371,0.1030,-0.0443,0.0198,0.0000,0.1544,-0.0552,2.8492,-0.2258,-0.0311
105740365,0.0082,0.0055,-0.0504,0.0226,0.0378,0.0232,0.0101,-0.0347,-0.1373,0.1031,-0.0500,0.0203,0.0000,0.1016,-0.0552,2.8492,-0.2263,-0.0314
105745365,0.0081,0.0056,-0.0516,0.0229,0.0332,0.0229,0.0108,-0.0349,-0.1376,0.1032,-0.0512,0.0206,0.0000,0.1016,-0.0552,2.8492,-0.2257,-0.0317
105750365,0.0081,0.0055,-0.0531,0.0223,0.0231,0.0224,0.0110,-0.0343,-0.1379,0.1033,-0.0532,0.0207,0.0000,0.0489,-0.0552,2.8492,-0.2264,-0.0320
105755365,0.0080,0.0056,-0.0522,0.0211,0.0145,0.0226,0.0110,-0.0341,-0.1381,0.1034,-0.0523,0.0195,0.0000,0.0489,-0.0552,2.8492,-0.2261,-0.0322
105760365,0.0076,0.0055,-0.0501,0.0229,0.0051,0.0215,0.0118,-0.0335,-0.1384,0.1035,-0.0501,0.0214,0.0000,0.0489,-0.0552,2.8492,-0.2259,-0.0325
105765365,0.0073,0.0054,-0.0480,0.0238,-0.0020,0.0206,0.0123,-0.0328,-0.1386,0.1036,-0.0480,0.0223,0.0000,0.0489,-0.0552,2.8492,-0.2256,-0.0328
105770365,0.0069,0.0054,-0.0431,0.0257,-0.0090,0.0201,0.0128,-0.0326,-0.1388,0.1037,-0.0431,0.0241,0.0000,0.0489,-0.0552,2.8492,-0.2254,-0.0331
105775365,0.0066,0.0053,-0.0409,0.0260,-0.0148,0.0193,0.0132,-0.0319,-0.1390,0.1039,-0.0414,0.0251,0.0000,0.0000,-0.0552,2.8492,-0.2264,-0.0333
105780365,0.0066,0.0053,-0.0376,0.0290,-0.0203,0.0201,0.0133,-0.0326,-0.1392,0.1040,-0.0380,0.0282,0.0000,0.0000,-0.0552,2.8492,-0.2264,-0.0337
105785365,0.0067,0.0055,-0.0376,0.0302,-0.0194,0.0202,0.0139,-0.0334,-0.1394,0.1042,-0.0380,0.0294,0.0000,0.0000,-0.0552,2.8492,-0.2264,-0.0339
105790365,0.0067,0.0056,-0.0394,0.0302,-0.0224,0.0200,0.0145,-0.0337,-0.1396,0.1043,-0.0399,0.0294,0.0000,0.0000,-0.0552,2.8492,-0.2264,-0.0342
105795365,0.0067,0.0058,-0.0391,0.0287,-0.0252,0.0200,0.0152,-0.0342,-0.1398,0.1044,-0.0396,0.0279,0.0000,0.0000,-0.0552,2.8492,-0.2264,-0.0344
105800365,0.0067,0.0060,-0.0431,0.0278,-0.0267,0.0192,0.0161,-0.0343,-0.1400,0.1046,-0.0435,0.0270,0.0000,0.0000,-0.0552,2.8492,-0.2264,-0.0348
105805365,0.0066,0.0062,-0.0470,0.0244,-0.0282,0.0183,0.0168,-0.0340,-0.1403,0.1047,-0.0475,0.0236,0.0000,0.0000,-0.0552,2.8492,-0.2264,-0.0350
105810365,0.0065,0.0064,-0.0489,0.0220,-0.0310,0.0168,0.0165,-0.0320,-0.1406,0.1047,-0.0616,0.0001,0.0000,0.0000,-1.4710,2.8492,-0.2264,-0.0659
105815365,0.0065,0.0066,-0.0504,0.0223,-0.0352,0.0162,0.0173,-0.0322,-0.1409,0.1047,-0.0640,-0.0011,0.0000,0.0000,-1.5759,2.8492,-0.2264,-0.0743
105820365,0.0065,0.0066,-0.0501,0.0238,-0.0392,0.0163,0.0178,-0.0326,-0.1412,0.1047,-0.0637,0.0004,0.0000,0.0000,-1.5759,2.8492,-0.2264,-0.0838
105825365,0.0064,0.0068,-0.0516,0.0199,-0.0444,0.0157,0.0182,-0.0322,-0.1415,0.1047,-0.0648,-0.0044,0.0000,0.0528,-1.5759,2.8492,-0.2251,-0.0901
105830365,0.0062,0.0070,-0.0553,0.0205,-0.0398,0.0143,0.0197,-0.0324,-0.1419,0.1047,-0.0685,-0.0038,0.0000,0.0528,-1.5759,2.8492,-0.2249,-0.0995
105835365,0.0060,0.0072,-0.0617,0.0110,-0.0249,0.0124,0.0195,-0.0309,-0.1423,0.1046,-0.0740,-0.0118,0.0000,0.0528,-1.4782,2.8492,-0.2246,-0.1038
105840365,0.0057,0.0073,-0.0672,-0.0018,-0.0123,0.0102,0.0192,-0.0289,-0.1426,0.1045,-0.0761,-0.0188,0.0000,0.0528,-1.0876,2.8492,-0.2244,-0.1036
105845365,0.0054,0.0073,-0.0641,-0.0235,-0.0044,0.0095,0.0162,-0.0256,-0.1430,0.1043,-0.0714,-0.0376,0.0000,0.0528,-0.8923,2.8492,-0.2241,-0.1037
105850365,0.0051,0.0073,-0.0654,-0.0363,-0.0071,0.0084,0.0149,-0.0230,-0.1434,0.1041,-0.0705,-0.0468,0.0000,0.0528,-0.6482,2.8492,-0.2238,-0.1034
105855365,0.0048,0.0072,-0.0623,-0.0519,-0.0120,0.0079,0.0125,-0.0199,-0.1437,0.1038,-0.0666,-0.0609,0.0000,0.0528,-0.5506,2.8492,-0.2235,-0.1039
105860365,0.0046,0.0070,-0.0644,-0.0623,-0.0090,0.0066,0.0110,-0.0172,-0.1440,0.1034,-0.0675,-0.0691,0.0000,0.0528,-0.4041,2.8492,-0.2233,-0.1037
105865365,0.0045,0.0066,-0.0644,-0.0629,-0.0053,0.0062,0.0097,-0.0157,-0.1444,0.1031,-0.0666,-0.0683,0.0000,0.0528,-0.3065,2.8492,-0.2230,-0.1032
105870365,0.0042,0.0060,-0.0635,-0.0586,-0.0075,0.0053,0.0089,-0.0140,-0.1447,0.1028,-0.0653,-0.0633,0.0000,0.0528,-0.2576,2.8492,-0.2228,-0.1039
105875365,0.0039,0.0056,-0.0632,-0.0336,-0.0184,0.0043,0.0122,-0.0158,-0.1450,0.1026,-0.0646,-0.0375,0.0000,0.0528,-0.2088,2.8492,-0.2225,-0.1038
105880365,0.0036,0.0053,-0.0608,-0.0134,-0.0059,0.0035,0.0144,-0.0177,-0.1453,0.1025,-0.0617,-0.0166,0.0000,0.0528,-0.1600,2.8492,-0.2223,-0.1039
105885365,0.0033,0.0050,-0.0599,0.0049,0.0020,0.0024,0.0169,-0.0194,-0.1456,0.1025,-0.0604,0.0024,0.0000,0.0528,-0.1112,2.8492,-0.2219,-0.1034
105890365,0.0030,0.0049,-0.0611,0.0171,-0.0007,0.0008,0.0191,-0.0199,-0.1459,0.1026,-0.0616,0.0147,0.0000,0.0528,-0.1112,2.8492,-0.2217,-0.1041
105895365,0.0026,0.0048,-0.0596,0.0284,-0.0038,-0.0003,0.0212,-0.0208,-0.1462,0.1027,-0.0596,0.0267,0.0000,0.0528,-0.0623,2.8492,-0.2214,-0.1033
105900365,0.0022,0.0048,-0.0565,0.0342,0.0005,-0.0014,0.0226,-0.0212,-0.1465,0.1029,-0.0566,0.0325,0.0000,0.0528,-0.0623,2.8492,-0.2212,-0.1038
105905365,0.0018,0.0049,-0.0568,0.0385,0.0145,-0.0400,0.0244,-0.0215,-0.1468,0.1031,-0.0569,0.0368,0.0000,0.0528,-0.0623,2.8492,-0.2209,-0.1040
105910365,0.0014,0.0052,-0.0556,0.0373,0.0185,-0.0047,0.0258,-0.0218,-0.1471,0.1033,-0.0551,0.0365,0.0000,0.0528,0.0000,2.8492,-0.2207,-0.1031
105915365,0.0011,0.0055,-0.0531,0.0324,0.0139,-0.0054,0.0265,-0.0216,-0.1473,0.1034,-0.0527,0.0316,0.0000,0.0528,0.0000,2.8492,-0.2203,-0.1031
105920365,0.0008,0.0057,-0.0547,0.0257,0.0112,-0.0069,0.0271,-0.0206,-0.1476,0.1035,-0.0542,0.0249,0.0000,0.0528,0.0000,2.8492,-0.2201,-0.1031
105925365,0.0006,0.0059,-0.0504,0.0116,0.0078,-0.0068,0.0256,-0.0191,-0.1478,0.1036,-0.0499,0.0108,0.0000,0.0528,0.0000,2.8492,-0.2198,-0.1031
105930365,0.0002,0.0060,-0.0480,0.0037,0.0057,-0.0079,0.0251,-0.0174,-0.1481,0.1036,-0.0475,0.0029,0.0000,0.0528,0.0000,2.8492,-0.2196,-0.1031
105935365,-0.0001,0.0060,-0.0431,-0.0012,0.0045,-0.0083,0.0248,-0.0167,-0.1483,0.1036,-0.0426,-0.0020,0.0000,0.0528,0.0000,2.8492,-0.2193,-0.1031
105940365,-0.0003,0.0062,-0.0403,-0.0058,0.0069,-0.0086,0.0246,-0.0162,-0.1485,0.1036,-0.0399,-0.0066,0.0000,0.0528,0.0000,2.8492,-0.2191,-0.1031
105945365,-0.0004,0.0062,-0.0394,-0.0073,0.0222,-0.0089,0.0245,-0.0164,-0.1487,0.1035,-0.0389,-0.0081,0.0000,0.0528,0.0000,2.8492,-0.2188,-0.1031
105950365,-0.0004,0.0060,-0.0437,-0.0064,0.0356,-0.0099,0.0242,-0.0157,-0.1489,0.1035,-0.0432,-0.0072,0.0000,0.0528,0.0000,2.8492,-0.2185,-0.1031
105955365,-0.0005,0.0058,-0.0504,-0.0052,0.0326,-0.0116,0.0244,-0.0140,-0.1492,0.1035,-0.0499,-0.0060,0.0000,0.0528,0.0000,2.8492,-0.2182,-0.1031
105960365,-0.0009,0.0056,-0.0528,-0.0003,0.0274,-0.0118,0.0247,-0.0140,-0.1493,0.1034,-0.0289,-0.0011,-1.3636,0.0528,0.0000,2.8196,-0.2180,-0.1031
105965365,-0.0013,0.0054,-0.0559,0.0024,0.0252,-0.0133,0.0253,-0.0129,-0.1494,0.1035,-0.0255,0.0016,-1.7398,0.0528,0.0000,2.8018,-0.2177,-0.1031
105970365,-0.0018,0.0053,-0.0611,0.0095,0.0237,-0.0161,0.0276,-0.0124,-0.1496,0.1035,-0.0307,0.0087,-1.7398,0.0528,0.0000,2.7949,-0.2175,-0.1031
105975365,-0.0022,0.0052,-0.0586,0.0113,0.0194,-0.0174,0.0283,-0.0116,-0.1497,0.1036,-0.0283,0.0105,-1.7398,0.0528,0.0000,2.7844,-0.2172,-0.1031
105980365,-0.0026,0.0053,-0.0531,0.0113,0.0185,-0.0181,0.0288,-0.0114,-0.1498,0.1036,-0.0228,0.0105,-1.7398,0.0528,0.0000,2.7775,-0.2170,-0.1031
105985365,-0.0030,0.0054,-0.0531,0.0137,0.0216,-0.0202,0.0307,-0.0113,-0.1500,0.1037,-0.0292,0.0129,-1.3654,0.0528,0.0000,2.7755,-0.2166,-0.1031
105990365,-0.0034,0.0055,-0.0504,0.0104,0.0216,-0.0216,0.0312,-0.0105,-0.1501,0.1037,-0.0311,0.0096,-1.0980,0.0528,0.0000,2.7759,-0.2164,-0.1031
105995365,-0.0038,0.0056,-0.0492,0.0076,0.0213,-0.0232,0.0320,-0.0096,-0.1503,0.1038,-0.0344,0.0068,-0.8306,0.0528,0.0000,2.7755,-0.2161,-0.1031
106000365,-0.0041,0.0057,-0.0495,0.0027,0.0216,-0.0246,0.0322,-0.0084,-0.1505,0.1038,-0.0338,0.0019,-0.8841,0.0528,0.0000,2.7709,-0.2159,-0.1031
106005365,-0.0045,0.0058,-0.0498,-0.0015,0.0206,-0.0257,0.0319,-0.0071,-0.1506,0.1037,-0.0299,-0.0096,-0.8841,0.5396,0.0000,2.7656,-0.2056,-0.1031
106010365,-0.0049,0.0059,-0.0553,-0.0046,0.0164,-0.0278,0.0320,-0.0048,-0.1508,0.1036,-0.0291,-0.0235,-0.8841,1.2698,0.0000,2.7620,-0.1866,-0.1031
106015365,-0.0052,0.0059,-0.0535,-0.0153,-0.0273,-0.0281,0.0315,-0.0023,-0.1509,0.1034,-0.0273,-0.0342,-0.8841,1.2698,0.0000,2.7567,-0.1790,-0.1031
106020365,-0.0055,0.0058,-0.0293,-0.0214,-0.0270,-0.0234,0.0278,-0.0034,-0.1508,0.1032,0.0168,-0.0403,-2.0469,1.2698,0.0000,2.7285,-0.1739,-0.1031
106025365,-0.0057,0.0057,-0.0125,-0.0278,-0.0172,-0.0211,0.0251,-0.0034,-0.1506,0.1030,0.0365,-0.0468,-2.2131,1.2698,0.0000,2.7119,-0.1663,-0.1031
106030365,-0.0058,0.0056,-0.0027,-0.0379,-0.0145,-0.0199,0.0225,-0.0020,-0.1504,0.1027,0.0463,-0.0568,-2.2131,1.2698,0.0000,2.7031,-0.1612,-0.1031
106035365,-0.0058,0.0055,0.0046,-0.0425,-0.0111,-0.0186,0.0207,-0.0018,-0.1501,0.1024,0.0536,-0.0614,-2.2131,1.2698,0.0000,2.6898,-0.1536,-0.1031
106040365,-0.0059,0.0052,0.0110,-0.0446,-0.0188,-0.0176,0.0190,-0.0007,-0.1498,0.1021,0.0616,-0.0636,-2.3059,1.2698,0.0000,2.6788,-0.1485,-0.1031
106045365,-0.0060,0.0049,0.0165,-0.0476,-0.0230,-0.0171,0.0176,0.0004,-0.1495,0.1018,0.0642,-0.0617,-2.3059,0.9397,0.0000,2.6650,-0.1484,-0.1031
106050365,-0.0060,0.0045,0.0214,-0.0464,-0.0264,-0.0165,0.0164,0.0011,-0.1492,0.1015,0.0677,-0.0580,-2.3059,0.7747,0.0000,2.6557,-0.1482,-0.1031
106055365,-0.0059,0.0040,0.0244,-0.0428,-0.0438,-0.0158,0.0155,0.0019,-0.1489,0.1012,0.0615,-0.0511,-1.8751,0.5546,0.0000,2.6514,-0.1486,-0.1031
106060365,-0.0056,0.0037,0.0229,-0.0321,-0.0478,-0.0154,0.0158,0.0015,-0.1486,0.1010,0.0539,-0.0396,-1.5520,0.4996,0.0000,2.6510,-0.1475,-0.1031
106065365,-0.0055,0.0033,0.0082,-0.0137,-0.0392,-0.0183,0.0190,0.0008,-0.1485,0.1009,0.0304,-0.0188,-1.1211,0.3345,0.0000,2.6516,-0.1484,-0.1031
106070365,-0.0055,0.0031,0.0006,-0.0049,-0.0285,-0.0201,0.0202,0.0010,-0.1484,0.1009,0.0195,-0.0091,-0.9596,0.2795,0.0000,2.6507,-0.1482,-0.1031
106075365,-0.0054,0.0028,-0.0086,0.0018,-0.0276,-0.0218,0.0214,0.0015,-0.1483,0.1009,0.0053,-0.0015,-0.6903,0.2245,0.0000,2.6512,-0.1478,-0.1031
106080365,-0.0053,0.0028,-0.0208,0.0055,-0.0310,-0.0237,0.0230,0.0019,-0.1484,0.1009,-0.0093,0.0030,-0.5826,0.1695,0.0000,2.6508,-0.1480,-0.1031
106085365,-0.0053,0.0030,-0.0266,0.0061,-0.0310,-0.0249,0.0242,0.0019,-0.1485,0.1009,-0.0183,0.0044,-0.4210,0.1145,0.0000,2.6511,-0.1485,-0.1031
106090365,-0.0056,0.0030,-0.0360,0.0043,-0.0285,-0.0281,0.0256,0.0400,-0.1486,0.1009,-0.0287,0.0026,-0.3672,0.1145,0.0000,2.6507,-0.1478,-0.1031
106095365,-0.0059,0.0030,-0.0397,0.0009,-0.0294,-0.0303,0.0263,0.0051,-0.1488,0.1009,-0.0347,0.0000,-0.2595,0.0595,0.0000,2.6510,-0.1485,-0.1031
106100365,-0.0063,0.0030,-0.0373,-0.0034,-0.0343,-0.0312,0.0262,0.0063,-0.1489,0.1009,-0.0332,-0.0043,-0.2056,0.0595,0.0000,2.6512,-0.1482,-0.1031
106105365,-0.0066,0.0030,-0.0327,-0.0107,-0.0337,-0.0317,0.0252,0.0078,-0.1491,0.1009,-0.0296,-0.0116,-0.1518,0.0595,0.0000,2.6512,-0.1479,-0.1031
106110365,-0.0068,0.0030,-0.0174,-0.0107,-0.0255,-0.0301,0.0242,0.0069,-0.1492,0.1008,-0.0152,-0.0116,-0.0979,0.0595,0.0000,2.6517,-0.1476,-0.1031
106115365,-0.0070,0.0028,-0.0101,-0.0137,-0.0337,-0.0295,0.0230,0.0078,-0.1492,0.1007,-0.0084,-0.0137,-0.0979,0.0000,0.0000,2.6512,-0.1486,-0.1031
106120365,-0.0072,0.0027,-0.0031,-0.0128,-0.0380,-0.0290,0.0226,0.0079,-0.1492,0.1007,-0.0023,-0.0128,-0.0440,0.0000,0.0000,2.6517,-0.1486,-0.1031
106125365,-0.0074,0.0026,0.0015,-0.0116,-0.0374,-0.0288,0.0224,0.0078,-0.1492,0.1006,0.0023,-0.0116,-0.0440,0.0000,0.0000,2.6515,-0.1486,-0.1031
106130365,-0.0075,0.0025,0.0064,-0.0122,-0.0404,-0.0284,0.0219,0.0081,-0.1492,0.1005,0.0072,-0.0122,-0.0440,0.0000,0.0000,2.6512,-0.1486,-0.1031
106135365,-0.0076,0.0025,0.0073,-0.0125,-0.0432,-0.0287,0.0217,0.0086,-0.1491,0.1005,0.0081,-0.0125,-0.0440,0.0000,0.0000,2.6511,-0.1486,-0.1031
106140365,-0.0078,0.0023,0.0067,-0.0150,-0.0432,-0.0294,0.0212,0.0099,-0.1491,0.1004,0.0075,-0.0150,-0.0440,0.0000,0.0000,2.6508,-0.1486,-0.1031
106145365,-0.0079,0.0022,0.0064,-0.0125,-0.0362,-0.0301,0.0214,0.0101,-0.1491,0.1003,0.0072,-0.0125,-0.0440,0.0000,0.0000,2.6506,-0.1486,-0.1031
106150365,-0.0080,0.0020,0.0079,-0.0134,-0.0310,-0.0298,0.0214,0.0096,-0.1490,0.1003,0.0156,-0.0001,0.0000,0.0000,0.8914,2.6517,-0.1486,-0.0844
106155365,-0.0082,0.0020,0.0061,-0.0144,-0.0340,-0.0302,0.0219,0.0096,-0.1489,0.1004,0.0201,0.0100,0.0000,0.0000,1.6256,2.6517,-0.1486,-0.0639
106160365,-0.0083,0.0019,0.0092,-0.0144,-0.0294,-0.0302,0.0215,0.0098,-0.1488,0.1004,0.0232,0.0100,0.0000,0.0000,1.6256,2.6517,-0.1486,-0.0542
106165365,-0.0084,0.0017,0.0116,-0.0144,-0.0264,-0.0302,0.0209,0.0103,-0.1486,0.1005,0.0256,0.0100,0.0000,0.0000,1.6256,2.6517,-0.1486,-0.0477
106170365,-0.0085,0.0016,0.0089,-0.0153,-0.0212,-0.0312,0.0208,0.0112,-0.1485,0.1005,0.0229,0.0091,0.0000,0.0000,1.6256,2.6517,-0.1486,-0.0379
106175365,-0.0086,0.0015,0.0128,-0.0159,-0.0184,-0.0310,0.0200,0.0116,-0.1484,0.1006,0.0268,0.0084,0.0000,0.0000,1.6256,2.6517,-0.1486,-0.0298
106180365,-0.0087,0.0013,0.0140,-0.0150,-0.0197,-0.0311,0.0197,0.0121,-0.1483,0.1006,0.0281,0.0094,0.0000,0.0000,1.6256,2.6517,-0.1486,-0.0233
106185365,-0.0088,0.0011,0.0134,-0.0140,-0.0166,-0.0319,0.0193,0.0132,-0.1481,0.1007,0.0246,0.0053,0.0000,0.0000,1.2946,2.6517,-0.1486,-0.0209
106190365,-0.0089,0.0010,0.0137,-0.0144,-0.0142,-0.0324,0.0188,0.0142,-0.1480,0.1007,0.0230,0.0017,0.0000,0.0000,1.0739,2.6517,-0.1486,-0.0206
106195365,-0.0090,0.0009,0.0180,-0.0147,-0.0108,-0.0322,0.0178,0.0148,-0.1479,0.1006,0.0249,-0.0027,0.0000,0.0000,0.7981,2.6517,-0.1486,-0.0205
106200365,-0.0091,0.0007,0.0199,-0.0147,-0.0075,-0.0323,0.0171,0.0154,-0.1478,0.1006,0.0253,-0.0052,0.0000,0.0000,0.6326,2.6517,-0.1486,-0.0210
106205365,-0.0091,0.0006,0.0226,-0.0165,-0.0053,-0.0321,0.0160,0.0164,-0.1476,0.1006,0.0266,-0.0095,0.0000,0.0000,0.4671,2.6517,-0.1486,-0.0210
106210365,-0.0091,0.0004,0.0281,-0.0140,0.0038,-0.0314,0.0154,0.0159,-0.1475,0.1005,0.0316,-0.0079,0.0000,0.0000,0.4119,2.6517,-0.1486,-0.0203
106215365,-0.0091,0.0002,0.0293,-0.0134,0.0008,-0.0312,0.0145,0.0167,-0.1473,0.1005,0.0319,-0.0089,0.0000,0.0000,0.3016,2.6517,-0.1486,-0.0205
106220365,-0.0091,-0.0000,0.0296,-0.0140,-0.0013,-0.0312,0.0136,0.0176,-0.1472,0.1004,0.0317,-0.0104,0.0000,0.0000,0.2464,2.6517,-0.1486,-0.0206
106225365,-0.0091,-0.0000,0.0278,-0.0192,0.0133,-0.0316,0.0127,0.0184,-0.1470,0.1004,0.0299,-0.0156,0.0000,0.0000,0.2464,2.6517,-0.1486,-0.0191
106230365,-0.0091,-0.0002,0.0354,-0.0162,0.0420,-0.0305,0.0115,0.0175,-0.1468,0.1003,0.0376,-0.0125,0.0000,0.0000,0.2464,2.6517,-0.1486,-0.0181
106235365,-0.0091,-0.0004,0.0385,-0.0092,0.0634,-0.0300,0.0111,0.0165,-0.1466,0.1003,0.0406,-0.0055,0.0000,0.0000,0.2464,2.6517,-0.1486,-0.0166
106240365,-0.0089,-0.0006,0.0476,0.0009,0.0671,-0.0278,0.0108,0.0145,-0.1464,0.1003,0.0498,0.0046,0.0000,0.0000,0.2464,2.6517,-0.1486,-0.0156
106245365,-0.0087,-0.0008,0.0562,0.0137,0.0900,-0.0258,0.0109,0.0115,-0.1461,0.1004,0.0583,0.0174,0.0000,0.0000,0.2464,2.6517,-0.1486,-0.0142
106250365,-0.0084,-0.0008,0.0779,0.0403,0.0891,-0.0207,0.0124,0.0049,-0.1457,0.1006,0.0800,0.0440,0.0000,0.0000,0.2464,2.6517,-0.1486,-0.0132
106255365,-0.0081,-0.0008,0.0828,0.0461,0.0686,-0.0180,0.0131,0.0023,-0.1452,0.1009,0.0895,0.0578,0.0000,0.0000,0.7792,2.6517,-0.1486,-0.0007
106260365,-0.0079,-0.0006,0.0846,0.0452,0.0509,-0.0159,0.0136,0.0003,-0.1447,0.1012,0.0992,0.0706,0.0000,0.0000,1.6994,2.6517,-0.1486,0.0234
106265365,-0.0076,-0.0003,0.0822,0.0440,0.0503,-0.0151,0.0141,-0.0009,-0.1442,0.1016,0.0968,0.0694,0.0000,0.0000,1.6994,2.6517,-0.1486,0.0335
106270365,-0.0070,-0.0001,0.0797,0.0382,0.0536,-0.0132,0.0129,-0.0018,-0.1438,0.1019,0.0943,0.0636,0.0000,0.0000,1.6994,2.6517,-0.1486,0.0403
106275365,-0.0065,0.0002,0.0693,0.0299,0.0481,-0.0131,0.0126,-0.0014,-0.1434,0.1022,0.0840,0.0553,0.0000,0.0000,1.6994,2.6517,-0.1486,0.0505
106280365,-0.0061,0.0004,0.0602,0.0186,0.0390,-0.0135,0.0110,0.0009,-0.1430,0.1023,0.0673,0.0310,0.0000,0.0000,0.8276,2.6517,-0.1486,0.0390
106285365,-0.0057,0.0005,0.0513,0.0037,0.0368,-0.0142,0.0086,0.0042,-0.1428,0.1023,0.0496,0.0008,0.0000,0.0000,-0.1937,2.6517,-0.1486,0.0189
106290365,-0.0054,0.0006,0.0443,-0.0134,0.0439,-0.0143,0.0060,0.0066,-0.1426,0.1023,0.0426,-0.0163,0.0000,0.0000,-0.1937,2.6517,-0.1486,0.0181
106295365,-0.0051,0.0005,0.0312,-0.0318,0.0555,-0.0158,0.0035,0.0102,-0.1424,0.1021,0.0295,-0.0347,0.0000,0.0000,-0.1937,2.6517,-0.1486,0.0169
106300365,-0.0050,0.0005,0.0312,-0.0370,0.0503,-0.0150,0.0023,0.0108,-0.1423,0.1019,0.0295,-0.0399,0.0000,0.0000,-0.1937,2.6517,-0.1486,0.0162
106305365,-0.0049,0.0001,0.0351,-0.0336,0.0475,-0.0140,0.0011,0.0111,-0.1421,0.1017,0.0335,-0.0365,0.0000,0.0000,-0.1937,2.6517,-0.1486,0.0150
106310365,-0.0048,-0.0003,0.0385,-0.0330,0.0515,-0.0130,-0.0007,0.0118,-0.1419,0.1015,0.0368,-0.0359,0.0000,0.0000,-0.1937,2.6517,-0.1486,0.0142
106315365,-0.0046,-0.0006,0.0446,-0.0260,0.0530,-0.0113,-0.0018,0.0111,-0.1417,0.1014,0.0429,-0.0289,0.0000,0.0000,-0.1937,2.6517,-0.1486,0.0131
106320365,-0.0044,-0.0009,0.0507,-0.0140,0.0460,-0.0092,-0.0019,0.0094,-0.1415,0.1013,0.0490,-0.0169,0.0000,0.0000,-0.1937,2.6517,-0.1486,0.0123
106325365,-0.0042,-0.0012,0.0571,-0.0040,0.0350,-0.0069,-0.0400,0.0078,-0.1412,0.1013,0.0554,-0.0069,0.0000,0.0000,-0.1937,2.6517,-0.1486,0.0111
106330365,-0.0039,-0.0014,0.0608,0.0061,0.0301,-0.0051,-0.0023,0.0062,-0.1409,0.1013,0.0591,0.0032,0.0000,0.0000,-0.1937,2.6517,-0.1486,0.0104
106335365,-0.0036,-0.0016,0.0632,0.0119,0.0286,-0.0034,-0.0029,0.0051,-0.1406,0.1013,0.0616,0.0090,0.0000,0.0000,-0.1937,2.6517,-0.1486,0.0092
106340365,-0.0033,-0.0018,0.0644,0.0153,0.0210,-0.0018,-0.0036,0.0046,-0.1403,0.1014,0.0628,0.0124,0.0000,0.0000,-0.1937,2.6517,-0.1486,0.0084
106345365,-0.0029,-0.0020,0.0623,0.0186,0.0032,-0.0006,-0.0039,0.0044,-0.1400,0.1015,0.0606,0.0157,0.0000,0.0000,-0.1937,2.6517,-0.1486,0.0073
106350365,-0.0025,-0.0021,0.0605,0.0195,-0.0071,0.0008,-0.0048,0.0042,-0.1397,0.1015,0.0588,0.0167,0.0000,0.0000,-0.1937,2.6517,-0.1486,0.0065
106355365,-0.0021,-0.0023,0.0544,0.0223,-0.0062,0.0013,-0.0051,0.0040,-0.1394,0.1016,0.0527,0.0194,0.0000,0.0000,-0.1937,2.6517,-0.1486,0.0053
106360365,-0.0017,-0.0023,0.0544,0.0232,-0.0013,0.0400,-0.0062,0.0032,-0.1391,0.1017,0.0527,0.0203,0.0000,0.0000,-0.1937,2.6517,-0.1486,0.0046
106365365,-0.0014,-0.0021,0.0504,0.0211,0.0048,0.0034,-0.0060,0.0023,-0.1389,0.1018,0.0487,0.0182,0.0000,0.0000,-0.1937,2.6517,-0.1486,0.0034
106370365,-0.0009,-0.0019,0.0504,0.0199,0.0008,0.0053,-0.0065,0.0012,-0.1386,0.1019,0.0487,0.0170,0.0000,0.0000,-0.1937,2.6517,-0.1486,0.0026
106375365,-0.0006,-0.0017,0.0535,0.0165,-0.0041,0.0070,-0.0070,0.0001,-0.1384,0.1020,0.0518,0.0136,0.0000,0.0000,-0.1937,2.6517,-0.1486,0.0015
106380365,-0.0005,-0.0016,0.0541,0.0128,0.0075,0.0075,-0.0078,0.0000,-0.1381,0.1020,0.0524,0.0099,0.0000,0.0000,-0.1937,2.6517,-0.1486,0.0007
106385365,-0.0001,-0.0017,0.0501,0.0098,0.0206,0.0085,-0.0093,-0.0000,-0.1379,0.1021,0.0484,0.0069,0.0000,0.0000,-0.1937,2.6517,-0.1486,-0.0005
106390365,0.0004,-0.0017,0.0443,0.0043,0.0142,0.0093,-0.0104,0.0006,-0.1377,0.1021,0.0426,0.0014,0.0000,0.0000,-0.1937,2.6517,-0.1486,-0.0013
106395365,0.0005,-0.0019,0.0403,0.0034,0.0066,0.0091,-0.0110,0.0016,-0.1375,0.1021,0.0387,0.0005,0.0000,0.0000,-0.1937,2.6517,-0.1486,-0.0024
106400365,0.0006,-0.0021,0.0394,0.0024,-0.0020,0.0093,-0.0116,0.0024,-0.1373,0.1021,0.0377,-0.0004,0.0000,0.0000,-0.1937,2.6517,-0.1486,-0.0032
106405365,0.0006,-0.0022,0.0449,0.0015,-0.0044,0.0106,-0.0128,0.0024,-0.1371,0.1021,0.0432,-0.0014,0.0000,0.0000,-0.1937,2.6517,-0.1486,-0.0043
106410365,0.0008,-0.0024,0.0507,0.0027,-0.0071,0.0117,-0.0138,0.0024,-0.1369,0.1021,0.0402,-0.0001,0.5107,0.0000,-0.1937,2.6622,-0.1486,-0.0051
106415365,0.0010,-0.0026,0.0550,0.0034,-0.0151,0.0121,-0.0146,0.0031,-0.1367,0.1021,0.0261,0.0005,1.5784,0.0000,-0.1937,2.6883,-0.1486,-0.0063
106420365,0.0013,-0.0029,0.0574,0.0055,-0.0203,0.0135,-0.0156,0.0029,-0.1366,0.1021,0.0285,0.0026,1.5784,0.0000,-0.1937,2.6978,-0.1486,-0.0071
106425365,0.0015,-0.0031,0.0629,0.0107,-0.0191,0.0157,-0.0166,0.0017,-0.1364,0.1021,0.0340,0.0078,1.5784,0.0000,-0.1937,2.7041,-0.1486,-0.0082
106430365,0.0019,-0.0032,0.0644,0.0134,-0.0194,0.0172,-0.0176,0.0011,-0.1362,0.1022,0.0356,0.0105,1.5784,0.0000,-0.1937,2.7135,-0.1486,-0.0090
106435365,0.0023,-0.0034,0.0678,0.0159,-0.0246,0.0195,-0.0189,0.0003,-0.1361,0.1022,0.0389,0.0130,1.5784,0.0000,-0.1937,2.7199,-0.1486,-0.0102
106440365,0.0028,-0.0035,0.0684,0.0171,-0.0282,0.0215,-0.0195,-0.0009,-0.1359,0.1024,0.0359,0.0222,1.5231,-0.5355,-0.1937,2.7280,-0.1597,-0.0109
