Time_us,Roll,Pitch,GyroX,GyroY,GyroZ,T1,T2,T3,PhiX,PhiY,PhiDX,PhiDY,motor_vel_1,motor_vel_2,motor_vel_3,motor_pos_1,motor_pos_2,motor_pos_3
57892690,0.0076,-0.1077,-0.0131,0.0803,0.1239,0.0232,-0.0500,0.1500,-0.0001,0.0005,-0.0131,0.0803,0.0000,0.0000,0.0000,0.0000,0.0000,0.0000
57894375,0.0078,-0.1074,-0.0165,0.0822,0.1227,0.0225,-0.0500,0.1500,-0.0001,0.0007,-0.0164,0.0822,0.0000,0.0000,0.0000,0.0000,0.0000,0.0000
57899364,0.0080,-0.1071,-0.0192,0.0849,0.1236,0.0220,-0.0500,0.1500,-0.0002,0.0011,-0.0191,0.0849,0.0000,0.0000,0.0000,0.0000,0.0000,0.0000
57904364,0.0082,-0.1069,-0.0220,0.0840,0.1376,0.0212,-0.0500,0.1500,-0.0003,0.0015,-0.0219,0.0840,0.0000,0.0000,0.0000,0.0000,0.0000,0.0000
57909364,0.0083,-0.1066,-0.0208,0.0819,0.1486,0.0224,0.0200,0.1500,-0.0004,0.0019,-0.0207,0.0819,0.0000,0.0000,0.0000,0.0000,0.0000,0.0000
57914364,0.0085,-0.1064,-0.0244,0.0819,0.1312,0.0226,0.0200,0.1500,-0.0005,0.0025,-0.0109,0.1070,0.0000,0.0000,1.6951,0.0000,0.0000,0.0375
57919364,0.0085,-0.1062,-0.0312,0.0864,0.0915,0.0207,-0.1500,0.1500,-0.0005,0.0031,-0.0127,0.1208,0.0000,0.0000,2.3146,0.0000,0.0000,0.0573
57924364,0.0084,-0.1060,-0.0498,0.0800,0.0686,0.0113,-0.1500,0.1500,-0.0008,0.0037,-0.0454,0.1343,1.3463,-0.0559,3.6001,0.0293,-0.0012,0.1009
57929364,0.0084,-0.1055,-0.0583,0.0867,0.1245,0.0069,-0.1500,0.1500,-0.0010,0.0045,-0.0488,0.1583,1.5784,-0.0559,4.7660,0.0402,-0.0016,0.1412
57934364,0.0085,-0.1047,0.0079,0.1820,0.3887,0.0343,-0.1500,0.1500,-0.0009,0.0059,0.0309,0.2793,1.5784,-0.0559,6.4946,0.0496,-0.0018,0.2105
57939364,0.0089,-0.1037,0.0641,0.2343,0.4278,0.0612,-0.1500,0.1500,-0.0004,0.0077,0.0970,0.3506,1.5784,-0.0559,7.7782,0.0559,-0.0021,0.2646
57944364,0.0094,-0.1024,0.0947,0.2618,0.4696,0.0767,-0.1500,0.1500,0.0003,0.0097,0.1318,0.4064,2.1876,-0.0559,9.6871,0.0797,-0.0024,0.3554
57949364,0.0105,-0.1009,0.1075,0.2963,0.5127,0.0866,-0.1500,0.1500,0.0010,0.0120,0.1521,0.4663,2.1876,-0.4438,11.0132,0.0885,-0.0106,0.4232
57954364,0.0114,-0.0993,0.0932,0.3173,0.4684,0.0840,-0.1500,0.1500,0.0017,0.0147,0.1315,0.5370,2.8294,-1.8012,12.9919,0.1149,-0.0425,0.5344
57959364,0.0121,-0.0978,0.0519,0.3265,0.3688,0.0694,-0.1500,0.1500,0.0021,0.0177,0.0860,0.5852,3.1502,-3.0405,14.3774,0.1338,-0.0804,0.6168
57964364,0.0123,-0.0962,0.0061,0.3491,0.3139,0.0497,-0.1500,0.1500,0.0023,0.0209,0.0293,0.6445,4.4003,-3.5906,16.3038,0.1814,-0.1038,0.7472
57969364,0.0125,-0.0945,-0.0235,0.3769,0.3496,0.0358,-0.1500,0.1369,0.0022,0.0244,-0.0167,0.7146,4.9638,-5.4254,17.3069,0.2122,-0.1674,0.8344
57974364,0.0128,-0.0926,-0.0076,0.4200,0.3670,0.0414,-0.1500,0.1085,0.0020,0.0284,-0.0314,0.7887,6.8375,-6.3223,18.5076,0.2853,-0.2091,0.9660
57979364,0.0130,-0.0903,0.0388,0.4731,0.4034,0.0605,-0.1431,0.0671,0.0020,0.0328,-0.0091,0.8816,7.5574,-8.3621,19.1292,0.3280,-0.2939,1.0538
57984364,0.0130,-0.0877,-0.0495,0.4783,0.3899,0.0205,-0.1098,0.0744,0.0014,0.0374,-0.1112,0.9189,8.1992,-9.6284,20.0162,0.3878,-0.3552,1.1892
57989364,0.0127,-0.0854,-0.1255,0.4847,0.3227,-0.0500,-0.0779,0.0804,0.0004,0.0422,-0.2065,0.9594,8.5753,-11.5819,20.3390,0.4292,-0.4581,1.2766
57994364,0.0118,-0.0829,-0.2431,0.5217,0.2641,-0.0500,-0.0299,0.0785,-0.0005,0.0473,-0.1790,1.0267,9.2365,-13.0026,20.9018,0.4956,-0.5355,1.4118
57999364,0.0103,-0.0803,-0.3479,0.5586,0.1529,-0.0500,0.0500,0.0813,-0.0020,0.0528,-0.2954,1.0941,9.3832,-14.7688,21.1658,0.5357,-0.6538,1.5011
58004364,0.0083,-0.0775,-0.4218,0.5941,0.0643,-0.0500,0.0500,0.0896,-0.0032,0.0574,-0.2469,0.9124,8.9402,-15.6621,21.4226,0.5825,-0.7326,1.6340
58009364,0.0063,-0.0745,-0.4569,0.6154,0.1086,0.0200,0.0500,0.0820,-0.0046,0.0620,-0.2807,0.9356,8.9402,-16.7439,21.5238,0.6182,-0.8522,1.7219
58014364,0.0039,-0.0714,-0.4676,0.6200,0.1917,0.0200,0.0500,0.0752,-0.0061,0.0667,-0.2905,0.9412,6.8009,-17.2137,21.5723,0.6231,-0.9297,1.8521
58019364,0.0014,-0.0682,-0.4930,0.6261,0.1679,-0.1500,-0.0200,0.0769,-0.0082,0.0715,-0.4237,0.9459,6.1057,-17.0986,21.4615,0.6343,-1.0306,1.9359
58024364,-0.0010,-0.0651,-0.4786,0.6536,0.2073,-0.1500,-0.0200,0.0567,-0.0102,0.0763,-0.3995,0.9715,5.4944,-16.4463,21.3028,0.6581,-1.0850,2.0611
58029364,-0.0029,-0.0613,-0.3687,0.7810,0.3545,-0.1500,0.1500,-0.0500,-0.0122,0.0829,-0.3968,1.3206,4.5070,-15.0362,21.1397,0.6584,-1.1516,2.1428
58034364,-0.0044,-0.0573,-0.2996,0.8198,0.4324,-0.1500,0.1500,-0.0500,-0.0145,0.0881,-0.4735,1.0292,3.3314,-14.0626,21.0818,0.6583,-1.1906,2.2685
58039364,-0.0058,-0.0531,-0.2877,0.8335,0.4577,-0.1500,0.1500,-0.0500,-0.0167,0.0932,-0.4399,1.0224,2.7202,-12.6909,20.9811,0.6582,-1.2427,2.3506
58044364,-0.0068,-0.0488,-0.2560,0.8402,0.3557,-0.1500,0.1500,-0.0500,-0.0186,0.0982,-0.3837,1.0066,2.0149,-11.1807,20.6154,0.6582,-1.2608,2.4683
58049364,-0.0079,-0.0447,-0.2089,0.8467,0.2900,-0.1366,0.1500,0.0200,-0.0202,0.1032,-0.3193,0.9931,1.6387,-9.8494,20.1324,0.6581,-1.2986,2.5403
58054364,-0.0089,-0.0406,-0.1753,0.8552,0.3685,-0.1228,0.1500,0.0200,-0.0214,0.1081,-0.2380,0.9785,-0.3744,-8.2980,18.9215,0.6230,-1.3040,2.6337
58059364,-0.0095,-0.0364,-0.0996,0.8613,0.3814,-0.0784,0.1500,-0.1500,-0.0214,0.1142,0.0116,1.2173,-0.6512,-5.9710,17.8568,0.6159,-1.3004,2.6861
58064364,-0.0095,-0.0320,0.0107,0.8842,0.3285,-0.0256,0.1500,-0.1500,-0.0205,0.1201,0.1667,1.1952,-3.2125,-4.4681,16.3558,0.5530,-1.2912,2.7593
58069364,-0.0089,-0.0275,0.1381,0.9117,0.2482,0.0500,0.1500,-0.1500,-0.0189,0.1260,0.3284,1.1735,-4.6238,-2.2494,15.2781,0.5093,-1.2680,2.8011
58074364,-0.0082,-0.0231,0.1802,0.9096,0.2454,0.0500,0.1500,-0.1500,-0.0174,0.1317,0.2957,1.1301,-6.1865,-0.5504,14.1921,0.4466,-1.2397,2.8673
58079364,-0.0068,-0.0184,0.2321,0.9114,0.3145,0.0500,0.1500,-0.1500,-0.0156,0.1370,0.3589,1.0681,-7.0329,2.2275,12.6969,0.4033,-1.1797,2.8914
58084364,-0.0057,-0.0139,0.2373,0.8827,0.3444,0.0500,0.1500,-0.1500,-0.0138,0.1419,0.3663,0.9867,-7.6212,4.0960,11.0369,0.3470,-1.1297,2.9309
58089364,-0.0043,-0.0099,0.2902,0.7825,0.3743,-0.0200,0.1500,-0.1500,-0.0116,0.1461,0.4295,0.8312,-8.0642,6.5312,9.7675,0.3065,-1.0495,2.9468
58094364,-0.0026,-0.0063,0.3467,0.7043,0.4397,-0.0200,0.1500,-0.1500,-0.0093,0.1496,0.4782,0.6934,-7.3678,8.0506,7.3010,0.2737,-0.9896,2.9493
58099364,-0.0005,-0.0027,0.4297,0.7040,0.4134,0.1500,0.1467,-0.1500,-0.0058,0.1527,0.6920,0.6325,-7.0985,10.5389,5.7387,0.2497,-0.8842,2.9443
58104364,0.0019,0.0003,0.4355,0.5849,0.2900,0.1500,0.1045,-0.1500,-0.0025,0.1550,0.6586,0.4568,-5.2675,11.9761,3.3952,0.2494,-0.8107,2.9250
58109364,0.0039,0.0030,0.3943,0.5205,0.3465,0.1500,0.0904,-0.1500,0.0005,0.1567,0.6048,0.3379,-4.2981,14.0285,1.8030,0.2496,-0.6917,2.9037
58114364,0.0056,0.0053,0.3198,0.4304,0.4541,0.1500,0.0730,-0.1500,0.0031,0.1577,0.5220,0.2052,-4.1904,15.0717,0.0000,0.2266,-0.6124,2.8720
58119364,0.0072,0.0065,0.3045,0.2147,0.4363,0.1500,-0.0500,-0.1500,0.0057,0.1575,0.5117,-0.0485,-4.1904,16.6279,-0.9930,0.2099,-0.4855,2.8511
58124364,0.0086,0.0070,0.3036,0.0715,0.3801,0.1500,-0.0500,-0.1384,0.0073,0.1576,0.3190,0.0204,-2.6286,17.4435,-3.4427,0.2187,-0.4007,2.7886
58129364,0.0103,0.0071,0.3207,-0.0122,0.4354,0.1500,-0.0500,-0.1116,0.0088,0.1572,0.2955,-0.0821,-0.9053,18.4325,-4.7115,0.2460,-0.2728,2.7470
58134364,0.0120,0.0070,0.3366,-0.0425,0.5445,0.1500,-0.0500,-0.1047,0.0101,0.1565,0.2628,-0.1375,1.0678,18.8672,-6.4022,0.2859,-0.1894,2.6814
58139364,0.0139,0.0066,0.3296,-0.0925,0.4800,0.1500,0.0200,-0.0827,0.0112,0.1554,0.2177,-0.2073,2.6183,19.0230,-7.7277,0.3245,-0.0723,2.6269
58144364,0.0154,0.0063,0.2999,-0.1081,0.3328,0.1500,0.0200,-0.0662,0.0118,0.1542,0.1302,-0.2472,5.1696,18.7731,-9.3565,0.3985,-0.0016,2.5441
58149364,0.0172,0.0057,0.3070,-0.1133,0.3701,0.1500,-0.1500,-0.0536,0.0131,0.1515,0.2553,-0.5323,6.7990,17.7753,-10.2257,0.4552,0.0882,2.4873
58154364,0.0189,0.0048,0.3143,-0.1271,0.4880,0.1500,-0.1500,-0.0489,0.0141,0.1488,0.1957,-0.5527,9.5229,16.8293,-11.6040,0.5584,0.1388,2.3940
58159364,0.0205,0.0042,0.2819,-0.1527,0.5002,0.1500,-0.1500,-0.0315,0.0147,0.1459,0.1196,-0.5740,11.1535,15.7734,-12.3607,0.6320,0.2164,2.3308
58164364,0.0217,0.0031,0.2031,-0.2230,0.3621,0.1500,-0.1500,0.0500,0.0146,0.1427,-0.0151,-0.6430,13.5731,14.9008,-13.1352,0.7544,0.2608,2.2389
58169364,0.0224,0.0019,0.1087,-0.2587,0.4040,0.1228,-0.1500,0.0500,0.0145,0.1403,-0.0258,-0.4722,14.8572,14.0567,-13.2401,0.8372,0.3313,2.1842
58174364,0.0227,0.0005,0.0669,-0.3063,0.4977,0.1008,-0.1500,0.0500,0.0139,0.1378,-0.1087,-0.4989,16.5233,12.6449,-13.3931,0.9656,0.3565,2.1011
58179364,0.0230,-0.0012,0.0220,-0.3198,0.5124,0.0792,-0.1500,0.0500,0.0130,0.1354,-0.1885,-0.4827,17.5439,10.6645,-12.9750,1.0545,0.3884,2.0566
58184364,0.0232,-0.0028,-0.0037,-0.3018,0.4877,0.0663,-0.1500,-0.0200,0.0117,0.1332,-0.2495,-0.4384,18.6998,8.9041,-12.1530,1.1864,0.3924,1.9971
58189364,0.0233,-0.0044,-0.0275,-0.3128,0.5048,0.0534,-0.1500,-0.0200,0.0102,0.1312,-0.3063,-0.4097,19.2848,6.2635,-11.5461,1.2741,0.3853,1.9626
58194364,0.0231,-0.0060,-0.0696,-0.3525,0.4980,0.0258,-0.1500,0.1478,0.0079,0.1284,-0.4566,-0.5651,20.0541,4.6681,-9.4486,1.4074,0.3751,1.9404
58199364,0.0228,-0.0079,-0.1136,-0.3742,0.4614,0.0039,-0.1500,0.1500,0.0053,0.1256,-0.5196,-0.5440,20.2770,2.3675,-8.8971,1.4924,0.3504,1.9145
58204364,0.0221,-0.0098,-0.1536,-0.3415,0.4678,-0.0500,-0.1500,0.1500,0.0025,0.1233,-0.5674,-0.4690,20.4311,0.6634,-7.7742,1.6180,0.3226,1.8887
58209364,0.0214,-0.0113,-0.1891,-0.2517,0.4434,-0.0500,-0.1456,0.1376,0.0012,0.1216,-0.2581,-0.3388,20.3342,-1.0837,-6.9989,1.6978,0.2855,1.8738
58214364,0.0196,-0.0118,-0.3702,-0.0608,0.4965,-0.0500,-0.0281,0.1065,-0.0010,0.1211,-0.4465,-0.1070,19.7276,-2.8848,-6.0574,1.8061,0.2416,1.8549
58219364,0.0178,-0.0120,-0.4096,-0.0125,0.4476,-0.0500,0.0500,0.1003,-0.0036,0.1209,-0.5051,-0.0251,19.1184,-5.1327,-6.0574,1.8713,0.1728,1.8307
58224364,0.0155,-0.0119,-0.4707,-0.0128,0.3020,0.0200,0.0500,0.1211,-0.0061,0.1206,-0.5057,-0.0738,17.4734,-6.3396,-4.1136,1.9478,0.1265,1.8377
58229364,0.0128,-0.0118,-0.5015,0.0052,0.1828,0.0200,0.0500,0.1252,-0.0087,0.1204,-0.5215,-0.0295,16.0085,-8.1532,-2.3415,1.9850,0.0477,1.8602
58234364,0.0103,-0.0119,-0.4850,0.0119,0.1477,-0.1500,0.0500,0.1319,-0.0124,0.1204,-0.7326,0.0020,14.0233,-8.9922,-0.6057,2.0356,-0.0026,1.8862
58239364,0.0078,-0.0119,-0.4948,0.0476,0.1236,-0.1500,-0.0200,0.1225,-0.0159,0.1208,-0.7027,0.0625,12.5377,-10.0872,1.0361,2.0591,-0.0812,1.9193
58244364,0.0053,-0.0118,-0.5174,0.0635,0.0994,-0.1500,-0.0200,0.1229,-0.0192,0.1213,-0.6728,0.1030,10.3121,-10.3623,2.6753,2.0842,-0.1272,1.9642
58249364,0.0026,-0.0112,-0.5330,0.1133,0.1465,-0.1500,0.1389,0.1009,-0.0231,0.1229,-0.7630,0.3281,10.0906,-10.4596,3.9441,2.1202,-0.1916,2.0010
58254364,-0.0002,-0.0105,-0.5458,0.1808,0.2146,-0.1500,0.1500,0.0759,-0.0266,0.1250,-0.7100,0.4222,7.6304,-9.9848,6.2002,2.1246,-0.2227,2.0799
58259364,-0.0028,-0.0094,-0.5085,0.2666,0.2558,-0.1500,0.1500,0.0336,-0.0298,0.1276,-0.6345,0.5162,6.1864,-9.4814,7.2524,2.1232,-0.2713,2.1276
58264364,-0.0051,-0.0080,-0.4520,0.3192,0.3084,-0.1500,0.1500,-0.0500,-0.0324,0.1305,-0.5293,0.5836,4.5819,-8.7542,8.9702,2.1232,-0.2940,2.2112
58269364,-0.0074,-0.0063,-0.4325,0.3677,0.3713,-0.1500,0.1500,-0.0500,-0.0352,0.1329,-0.5644,0.4851,3.7262,-7.8859,9.9363,2.1227,-0.3277,2.2682
58274364,-0.0094,-0.0045,-0.4218,0.4154,0.3242,-0.1500,0.1500,-0.0500,-0.0377,0.1355,-0.4998,0.5119,1.2954,-6.4917,10.9470,2.0899,-0.3286,2.3521
58279364,-0.0113,-0.0025,-0.3348,0.4304,0.2112,-0.1500,0.1500,-0.0500,-0.0396,0.1380,-0.3695,0.5014,-0.3714,-4.7877,11.3347,2.0582,-0.3282,2.4048
58284364,-0.0127,-0.0002,-0.2651,0.4670,0.2451,-0.1500,0.1500,0.0200,-0.0408,0.1406,-0.2503,0.5208,-2.6778,-3.6379,11.3727,2.0033,-0.3224,2.4743
58289364,-0.0137,0.0021,-0.1576,0.4756,0.3108,-0.1247,0.1500,0.0200,-0.0414,0.1431,-0.1037,0.4899,-3.6282,-0.9865,10.5452,1.9724,-0.2840,2.5025
58294364,-0.0140,0.0044,-0.0247,0.4890,0.2662,-0.0565,0.1500,-0.1500,-0.0406,0.1461,0.1584,0.6161,-5.6553,0.7240,9.2212,1.9033,-0.2500,2.5335
58299364,-0.0138,0.0069,0.0596,0.5293,0.1688,-0.0149,0.1500,-0.1500,-0.0392,0.1491,0.2733,0.5949,-6.6771,3.5400,7.9136,1.8578,-0.1812,2.5421
58304364,-0.0131,0.0095,0.1084,0.5455,0.1896,0.0500,0.1500,-0.1500,-0.0374,0.1519,0.3593,0.5583,-8.6157,5.5214,6.3637,1.7726,-0.1234,2.5525
58309364,-0.0123,0.0123,0.1677,0.5284,0.2751,0.0500,0.1500,-0.1500,-0.0359,0.1544,0.2934,0.5002,-9.4898,8.2231,6.2592,1.7186,-0.0285,2.5758
58314364,-0.0112,0.0147,0.2450,0.4731,0.2571,0.0500,0.1500,-0.1500,-0.0341,0.1564,0.3714,0.3957,-10.7216,9.8999,4.6391,1.6327,0.0412,2.5760
58319364,-0.0100,0.0167,0.2770,0.4001,0.2396,0.0500,0.1500,-0.1500,-0.0320,0.1578,0.4184,0.2724,-11.0463,12.4365,3.8029,1.5826,0.1591,2.5761
58324364,-0.0083,0.0185,0.3176,0.3293,0.3102,-0.0200,0.1155,-0.1500,-0.0297,0.1585,0.4590,0.1499,-11.2678,14.1458,2.0657,1.5106,0.2464,2.5599
58329364,-0.0063,0.0202,0.3558,0.3366,0.3679,-0.0200,0.1077,-0.1500,-0.0272,0.1590,0.5033,0.1079,-10.2446,16.1360,0.7580,1.4878,0.3765,2.5391
58334364,-0.0045,0.0216,0.3687,0.3351,0.3084,0.1500,0.0977,-0.1500,-0.0239,0.1594,0.6650,0.0623,-9.2304,17.0887,-1.2136,1.4477,0.4617,2.4971
58339364,-0.0028,0.0231,0.3607,0.2669,0.2326,0.1500,0.0746,-0.1500,-0.0207,0.1591,0.6283,-0.0404,-7.4838,18.3062,-2.3148,1.4492,0.5924,2.4688
58344364,-0.0011,0.0242,0.3512,0.2083,0.2668,0.1500,0.0522,-0.1500,-0.0177,0.1584,0.5996,-0.1435,-7.2770,18.8945,-4.7017,1.4091,0.6786,2.3994
58349364,0.0007,0.0249,0.3525,0.1023,0.3554,0.1500,0.0080,-0.1500,-0.0148,0.1570,0.5743,-0.2767,-5.9605,19.5717,-5.8460,1.4090,0.8074,2.3552
58354364,0.0022,0.0243,0.2908,-0.1402,0.3053,0.1483,-0.0500,-0.0830,-0.0124,0.1543,0.4798,-0.5567,-5.1141,19.7791,-8.1473,1.3939,0.8902,2.2671
58359364,0.0035,0.0232,0.2547,-0.2602,0.2751,0.1227,-0.0500,-0.0380,-0.0112,0.1523,0.2456,-0.3982,-4.2207,19.7748,-9.2703,1.3923,1.0090,2.2100
58364364,0.0048,0.0216,0.2709,-0.3387,0.3624,0.1305,-0.0500,-0.0063,-0.0101,0.1498,0.2150,-0.5045,-2.4339,19.5719,-11.1442,1.4090,1.0839,2.1106
58369364,0.0062,0.0199,0.2966,-0.3781,0.4174,0.1439,-0.0500,0.0500,-0.0091,0.1469,0.2041,-0.5648,-1.0063,18.6827,-12.5539,1.4301,1.1814,2.0348
58374364,0.0077,0.0179,0.2926,-0.4252,0.3227,0.1500,0.0200,0.0500,-0.0077,0.1448,0.2778,-0.4252,0.8617,18.0008,-14.3361,1.4672,1.2255,1.9186
58379364,0.0094,0.0156,0.2905,-0.4435,0.2357,0.1500,0.0200,0.0500,-0.0065,0.1426,0.2435,-0.4436,2.7428,16.2533,-14.8834,1.5119,1.3088,1.8490
58384364,0.0109,0.0132,0.2596,-0.4566,0.2500,0.1500,-0.1500,0.0500,-0.0050,0.1392,0.3056,-0.6849,5.0304,15.2226,-15.7605,1.5815,1.3373,1.7390
58389364,0.0123,0.0108,0.2251,-0.4688,0.3044,0.1446,-0.1500,-0.0200,-0.0039,0.1358,0.2195,-0.6620,6.8248,12.8567,-15.7605,1.6409,1.3867,1.6760
58394364,0.0133,0.0082,0.1692,-0.4972,0.3255,0.1205,-0.1500,-0.0200,-0.0033,0.1324,0.1206,-0.6849,9.1195,12.4716,-15.0602,1.7348,1.4182,1.5972
58399364,0.0138,0.0055,0.0663,-0.5137,0.2742,0.0650,-0.1500,0.1500,-0.0040,0.1280,-0.1481,-0.8820,10.8320,10.6959,-13.9627,1.8089,1.4616,1.5603
58404364,0.0141,0.0029,0.0098,-0.5256,0.3658,0.0372,-0.1500,0.1500,-0.0052,0.1237,-0.2393,-0.8631,13.0605,9.8717,-12.6996,1.9248,1.4768,1.5055
58409364,0.0140,0.0002,-0.0767,-0.5269,0.4791,-0.0500,-0.1500,0.1500,-0.0070,0.1196,-0.3529,-0.8121,14.3116,7.8022,-11.2653,2.0045,1.4984,1.4860
58414364,0.0135,-0.0026,-0.1408,-0.5357,0.5182,-0.0500,-0.1500,0.1500,-0.0078,0.1157,-0.1694,-0.7843,16.0197,6.6835,-10.0068,2.1300,1.4987,1.4454
58419364,0.0128,-0.0052,-0.1753,-0.5202,0.4941,-0.0500,-0.1500,0.1500,-0.0089,0.1121,-0.2062,-0.7145,16.9407,4.7259,-8.3288,2.2147,1.4984,1.4422
58424364,0.0120,-0.0081,-0.1885,-0.5315,0.4782,-0.0500,-0.1500,0.1500,-0.0100,0.1086,-0.2176,-0.6991,17.8162,3.9242,-7.3325,2.3370,1.4960,1.4169
58429364,0.0113,-0.0108,-0.2062,-0.5400,0.4519,0.0200,-0.1500,0.1500,-0.0112,0.1054,-0.2462,-0.6409,17.9296,1.0480,-5.7395,2.4109,1.4564,1.4223
58434364,0.0102,-0.0136,-0.2443,-0.5070,0.4302,0.0200,-0.1500,0.1500,-0.0126,0.1027,-0.2740,-0.5510,17.3248,-0.2582,-3.2224,2.5053,1.4319,1.4456
58439364,0.0089,-0.0159,-0.3009,-0.4197,0.3951,-0.1276,-0.1500,0.1500,-0.0157,0.1007,-0.6237,-0.4020,16.4204,-2.8821,-1.6527,2.5551,1.3699,1.4670
58444364,0.0072,-0.0173,-0.3680,-0.2327,0.2732,-0.1500,-0.0694,0.1500,-0.0190,0.0999,-0.6566,-0.1554,15.1524,-4.1518,1.0722,2.6242,1.3336,1.5204
58449364,0.0049,-0.0184,-0.4817,-0.1906,0.3035,-0.1500,-0.0242,0.1500,-0.0228,0.0997,-0.7604,-0.0500,14.1022,-6.7518,2.6987,2.6611,1.2445,1.5593
58454364,0.0023,-0.0192,-0.4829,-0.1381,0.3838,-0.1500,0.0000,0.1500,-0.0263,0.1000,-0.7168,0.0608,12.3166,-7.8795,5.4623,2.7049,1.1991,1.6412
58459364,-0.0001,-0.0200,-0.4740,-0.1167,0.3643,-0.1500,0.0500,0.1500,-0.0298,0.1007,-0.6976,0.1392,11.2461,-10.2712,6.8872,2.7298,1.0891,1.6889
58464364,-0.0024,-0.0206,-0.4682,-0.0791,0.2870,-0.1500,0.0500,0.1500,-0.0326,0.1010,-0.5496,0.0634,9.3612,-11.1031,9.5351,2.7556,1.0389,1.7975
58469364,-0.0047,-0.0209,-0.4514,0.0021,0.2769,-0.1500,0.0500,0.1500,-0.0350,0.1018,-0.4929,0.1624,7.6379,-12.9283,10.7129,2.7552,0.9199,1.8526
58474364,-0.0069,-0.0207,-0.4383,0.0791,0.3352,-0.1500,0.0500,0.1342,-0.0371,0.1032,-0.4184,0.2786,5.3760,-13.3134,13.3242,2.7485,0.8715,1.9877
58479364,-0.0091,-0.0201,-0.4392,0.1723,0.3710,-0.1500,-0.0200,0.0982,-0.0391,0.1051,-0.3907,0.3908,4.3503,-13.6055,14.5849,2.7475,0.7727,2.0564
58484364,-0.0113,-0.0190,-0.3940,0.2202,0.2751,-0.1500,-0.0200,0.0671,-0.0405,0.1075,-0.2808,0.4701,1.6458,-13.2140,16.6767,2.7116,0.7384,2.2056
58489364,-0.0131,-0.0177,-0.3415,0.2602,0.3126,-0.1500,0.1500,0.0288,-0.0420,0.1110,-0.2999,0.7012,0.1047,-12.2286,17.3185,2.6842,0.6699,2.2714
58494364,-0.0143,-0.0165,-0.2190,0.2673,0.3487,-0.1500,0.1436,-0.0500,-0.0426,0.1145,-0.1173,0.7113,-2.1981,-11.1442,18.6071,2.6324,0.6344,2.4208
58499364,-0.0152,-0.0151,-0.1484,0.3115,0.3056,-0.1328,0.1372,-0.0500,-0.0435,0.1168,-0.1770,0.4568,-3.1816,-9.8239,19.0348,2.6023,0.6185,2.5047
58504364,-0.0156,-0.0135,-0.0718,0.3775,0.3099,-0.0971,0.1494,-0.0500,-0.0437,0.1194,-0.0538,0.5081,-5.4018,-8.8503,19.4407,2.5316,0.5802,2.6283
58509364,-0.0158,-0.0116,-0.0266,0.4310,0.3108,-0.0764,0.1500,-0.0500,-0.0437,0.1222,0.0122,0.5593,-6.5402,-8.7043,19.2870,2.4845,0.5482,2.7029
58514364,-0.0158,-0.0093,0.0296,0.4624,0.2955,-0.0469,0.1500,0.0200,-0.0430,0.1249,0.1251,0.5569,-8.7152,-6.4357,18.3506,2.3948,0.5484,2.7980
58519364,-0.0156,-0.0070,0.0794,0.4765,0.3105,-0.0218,0.1500,0.0200,-0.0420,0.1277,0.2044,0.5537,-9.8592,-5.2751,17.4698,2.3349,0.5483,2.8523
58524364,-0.0151,-0.0046,0.1381,0.4966,0.2638,0.0500,0.1500,-0.1500,-0.0398,0.1316,0.4391,0.7859,-11.3245,-3.5384,15.8543,2.2418,0.5560,2.9204
58529364,-0.0142,-0.0023,0.1998,0.5064,0.1758,0.0500,0.1500,-0.1500,-0.0383,0.1354,0.3083,0.7548,-11.9443,-1.9806,14.6084,2.1829,0.5760,2.9563
58534364,-0.0132,0.0001,0.2309,0.5241,0.1477,0.0500,0.1500,-0.1500,-0.0365,0.1390,0.3498,0.7068,-12.5879,0.8151,12.9944,2.0958,0.6288,3.0070
58539364,-0.0115,0.0028,0.3158,0.5864,0.2369,0.0500,0.1500,-0.1500,-0.0343,0.1426,0.4443,0.7288,-12.7165,2.7098,12.1871,2.0295,0.6732,3.0407
58544364,-0.0099,0.0059,0.3338,0.5968,0.3084,-0.0200,0.1500,-0.1500,-0.0320,0.1460,0.4720,0.6772,-12.0164,5.3276,10.6512,1.9931,0.7493,3.0780
58549364,-0.0080,0.0087,0.3891,0.5519,0.3218,-0.0200,0.1500,-0.1500,-0.0293,0.1489,0.5274,0.5824,-10.9534,6.9873,8.9789,1.9441,0.8065,3.0839
58554364,-0.0061,0.0111,0.4071,0.4636,0.4015,0.1500,0.1190,-0.1500,-0.0258,0.1510,0.7109,0.4211,-9.7138,9.3371,6.4703,1.9282,0.9025,3.0802
58559364,-0.0038,0.0134,0.4423,0.4267,0.5429,0.1500,0.0963,-0.1500,-0.0221,0.1527,0.7230,0.3388,-8.2091,11.0144,5.1115,1.9029,0.9766,3.0760
58564364,-0.0012,0.0156,0.4728,0.4377,0.5423,0.1500,0.0935,-0.1500,-0.0184,0.1542,0.7402,0.2999,-6.8926,13.2062,3.9618,1.8993,1.0932,3.0757
58569364,0.0011,0.0174,0.4502,0.3451,0.4147,0.1500,0.0635,-0.1500,-0.0150,0.1550,0.6969,0.1540,-6.1438,14.5376,1.7224,1.8738,1.1755,3.0483
58574364,0.0031,0.0188,0.3989,0.2553,0.4315,0.1500,0.0386,-0.1500,-0.0118,0.1551,0.6307,0.0199,-5.0207,16.2590,0.4860,1.8739,1.3025,3.0281
58579364,0.0050,0.0198,0.3592,0.1720,0.5127,0.1500,0.0128,-0.1500,-0.0090,0.1546,0.5644,-0.0980,-3.7371,17.1436,-0.9378,1.8735,1.3870,2.9962
58584364,0.0067,0.0196,0.3299,-0.0702,0.4666,0.1500,-0.0500,-0.1202,-0.0064,0.1527,0.5091,-0.3770,-2.5164,18.0756,-2.4585,1.8850,1.5114,2.9594
58589364,0.0082,0.0188,0.3076,-0.1900,0.4162,0.1500,-0.0500,-0.0763,-0.0051,0.1514,0.2721,-0.2590,-0.2979,18.4854,-4.6415,1.9208,1.5926,2.8938
58594364,0.0097,0.0179,0.3204,-0.2098,0.4165,0.1500,-0.0500,-0.0695,-0.0038,0.1499,0.2535,-0.2926,1.0705,18.5955,-5.5674,1.9500,1.7062,2.8546
58599364,0.0115,0.0167,0.3305,-0.2043,0.4776,0.1500,-0.0500,-0.0695,-0.0028,0.1484,0.1999,-0.3142,3.8690,18.1144,-7.3857,2.0206,1.7701,2.7786
58604364,0.0134,0.0154,0.3610,-0.2175,0.4516,0.1500,0.0200,-0.0681,-0.0019,0.1467,0.1917,-0.3389,5.7407,16.9622,-8.1580,2.0774,1.8533,2.7313
58609364,0.0150,0.0144,0.3030,-0.2220,0.3844,0.1500,0.0200,-0.0487,-0.0015,0.1448,0.0723,-0.3640,8.6251,15.9719,-9.5269,2.1779,1.8998,2.6499
58614364,0.0165,0.0132,0.2621,-0.2578,0.4101,0.1500,-0.1500,-0.0133,-0.0009,0.1417,0.1216,-0.6264,10.3949,14.4902,-10.1360,2.2509,1.9620,2.5977
58619364,0.0178,0.0116,0.2324,-0.3195,0.4467,0.1500,-0.1500,0.0500,-0.0007,0.1383,0.0320,-0.6859,12.9895,13.5206,-10.9454,2.3726,1.9980,2.5174
58624364,0.0189,0.0100,0.1817,-0.3326,0.4602,0.1399,-0.1500,0.0500,-0.0005,0.1357,0.0401,-0.5182,14.4366,12.2405,-11.3316,2.4565,2.0480,2.4645
58629364,0.0195,0.0082,0.1069,-0.3176,0.4819,0.1058,-0.1500,0.0500,-0.0009,0.1332,-0.0739,-0.4916,16.3014,11.4492,-11.6878,2.5868,2.0788,2.3880
58634364,0.0198,0.0066,0.0284,-0.2914,0.5475,0.0692,-0.1446,0.0500,-0.0018,0.1310,-0.1789,-0.4502,17.3158,10.4269,-11.5216,2.6745,2.1227,2.3450
58639364,0.0200,0.0053,-0.0113,-0.2731,0.6364,0.0483,-0.1317,-0.0200,-0.0031,0.1289,-0.2538,-0.4072,18.5213,8.7765,-10.4242,2.8065,2.1284,2.3012
58644364,0.0198,0.0038,-0.0467,-0.3360,0.6370,0.0296,-0.1493,-0.0200,-0.0047,0.1268,-0.3224,-0.4338,19.2196,6.3559,-9.3102,2.8961,2.1251,2.2833
58649364,0.0196,0.0019,-0.0651,-0.4218,0.5579,0.0142,-0.1500,0.1500,-0.0068,0.1236,-0.4349,-0.6264,19.8949,5.2007,-8.3900,3.0273,2.1252,2.2502
58654364,0.0192,-0.0004,-0.1081,-0.4218,0.4479,-0.0500,-0.1500,0.1500,-0.0092,0.1207,-0.4802,-0.5845,20.0985,3.8804,-6.9005,3.1115,2.1259,2.2494
58659364,0.0185,-0.0026,-0.1668,-0.3940,0.4370,-0.0500,-0.1500,0.1500,-0.0102,0.1181,-0.1840,-0.5154,20.1491,3.0742,-5.0801,3.2336,2.1238,2.2499
58664364,0.0175,-0.0042,-0.2309,-0.2813,0.4684,-0.0500,-0.1165,0.1394,-0.0115,0.1163,-0.2658,-0.3635,19.8557,0.7375,-4.8043,3.3078,2.0886,2.2360
58669364,0.0160,-0.0051,-0.3225,-0.1448,0.5182,-0.0500,-0.0424,0.1118,-0.0134,0.1153,-0.3719,-0.2017,18.9333,-0.9496,-4.8043,3.4057,2.0551,2.2072
58674364,0.0140,-0.0054,-0.4291,-0.0406,0.4760,0.0200,0.0500,0.0988,-0.0158,0.1150,-0.4824,-0.0633,17.7865,-2.3289,-3.8883,3.4563,2.0189,2.2073
58679364,0.0117,-0.0056,-0.5171,-0.0101,0.3475,0.0200,0.0500,0.1116,-0.0184,0.1149,-0.5277,-0.0285,15.8104,-3.7907,-1.2403,3.5178,1.9774,2.2448
58684364,0.0089,-0.0055,-0.5421,-0.0021,0.2512,-0.1500,0.0500,0.1290,-0.0224,0.1148,-0.7936,-0.0071,14.4363,-5.4020,-0.2797,3.5509,1.9175,2.2606
58689364,0.0062,-0.0056,-0.5159,0.0150,0.2222,-0.1500,0.0500,0.1184,-0.0259,0.1150,-0.7088,0.0427,12.1234,-6.0622,1.8979,3.5848,1.8822,2.3091
58694364,0.0036,-0.0056,-0.5012,0.0425,0.2131,-0.1500,-0.0200,0.1082,-0.0293,0.1155,-0.6740,0.0839,11.4035,-6.8601,2.7988,3.6167,1.8281,2.3369
58699364,0.0010,-0.0055,-0.5370,0.0800,0.2158,-0.1500,-0.0200,0.1021,-0.0326,0.1162,-0.6538,0.1546,9.2642,-6.8601,5.0067,3.6360,1.8006,2.4047
58704364,-0.0015,-0.0050,-0.5449,0.1323,0.3111,-0.1500,0.1500,0.0794,-0.0360,0.1179,-0.6967,0.3261,8.6530,-6.6490,6.3484,3.6604,1.7648,2.4544
58709364,-0.0043,-0.0041,-0.5470,0.1735,0.4070,-0.1500,0.1500,0.0621,-0.0392,0.1198,-0.6416,0.3827,6.3960,-6.0897,7.9226,3.6606,1.7498,2.5278
58714364,-0.0068,-0.0032,-0.4701,0.2236,0.4397,-0.1500,0.1500,0.0259,-0.0418,0.1219,-0.5200,0.4256,5.1264,-4.5236,8.9971,3.6581,1.7494,2.5832
58719364,-0.0092,-0.0020,-0.4383,0.2651,0.4773,-0.1500,0.1500,0.0007,-0.0440,0.1243,-0.4398,0.4742,3.3902,-3.6846,10.3029,3.6497,1.7497,2.6668
58724364,-0.0109,-0.0004,-0.3439,0.3644,0.3927,-0.1500,0.1500,-0.0500,-0.0456,0.1271,-0.3027,0.5680,1.6788,-2.7337,10.8797,3.6258,1.7495,2.7210
58729364,-0.0123,0.0014,-0.2749,0.4120,0.3704,-0.1500,0.1500,-0.0500,-0.0470,0.1293,-0.2975,0.4451,0.1988,-2.2303,11.6601,3.6031,1.7496,2.8045
58734364,-0.0135,0.0034,-0.2086,0.4270,0.3627,-0.1500,0.1500,-0.0500,-0.0480,0.1316,-0.1977,0.4455,-1.2647,-1.2521,11.8169,3.5709,1.7578,2.8546
58739364,-0.0142,0.0055,-0.1155,0.4307,0.3169,-0.1075,0.1500,-0.0500,-0.0483,0.1337,-0.0524,0.4241,-3.4578,0.4221,11.3804,3.5131,1.7898,2.9153
58744364,-0.0143,0.0076,0.0156,0.4481,0.2757,-0.0463,0.1500,0.0200,-0.0477,0.1357,0.1166,0.4022,-4.3369,3.0665,10.3551,3.4799,1.8532,2.9376
58749364,-0.0139,0.0098,0.0935,0.4905,0.2659,-0.0063,0.1500,0.0200,-0.0465,0.1378,0.2435,0.4208,-6.3855,4.6663,8.3625,3.4063,1.9006,2.9552
58754364,-0.0133,0.0122,0.0959,0.5357,0.2283,0.0500,0.1500,-0.1500,-0.0447,0.1405,0.3511,0.5420,-7.2412,7.3561,7.7332,3.3613,1.9902,2.9741
58759364,-0.0127,0.0150,0.0932,0.5366,0.2060,0.0500,0.1500,-0.1500,-0.0436,0.1430,0.2303,0.5021,-8.9344,9.0813,6.6851,3.2781,2.0572,2.9981
58764364,-0.0121,0.0176,0.1072,0.5140,0.2632,0.0500,0.1500,-0.1500,-0.0423,0.1451,0.2559,0.4241,-9.5268,11.5885,5.4714,3.2289,2.1692,2.9982
58769364,-0.0113,0.0193,0.1787,0.3219,0.4012,0.0500,0.1500,-0.1500,-0.0407,0.1461,0.3291,0.1864,-10.3160,13.2063,4.0371,3.1534,2.2512,2.9980
58774364,-0.0102,0.0206,0.2587,0.2361,0.4479,-0.0200,0.1015,-0.1500,-0.0386,0.1464,0.4212,0.0586,-10.0486,15.2970,3.3200,3.1177,2.3781,2.9984
58779364,-0.0085,0.0217,0.3027,0.2425,0.4501,-0.0200,0.0926,-0.1500,-0.0362,0.1465,0.4673,0.0353,-9.3287,16.4015,2.4373,3.0723,2.4635,2.9980
58784364,-0.0069,0.0229,0.3323,0.2984,0.3878,0.1379,0.1021,-0.1500,-0.0330,0.1469,0.6346,0.0629,-7.5567,17.8251,1.9960,3.0739,2.5950,2.9981
58789364,-0.0057,0.0242,0.2773,0.2584,0.3340,0.1182,0.1001,-0.1500,-0.0302,0.1468,0.5695,-0.0082,-7.2513,18.5716,0.6687,3.0356,2.6828,2.9811
58794364,-0.0043,0.0254,0.2831,0.2205,0.3982,0.1234,0.0838,-0.1500,-0.0275,0.1464,0.5468,-0.0803,-5.9514,19.3575,-0.8390,3.0352,2.8124,2.9501
58799364,-0.0029,0.0263,0.2813,0.1555,0.4681,0.1244,0.0580,-0.1500,-0.0249,0.1455,0.5074,-0.1761,-4.4194,19.7236,-2.5252,3.0349,2.8979,2.9057
58804364,-0.0014,0.0266,0.2874,0.0339,0.4513,0.1316,0.0076,-0.1500,-0.0225,0.1439,0.4917,-0.3214,-3.5837,20.0873,-3.7436,3.0356,3.0248,2.8681
58809364,-0.0001,0.0263,0.2514,-0.0962,0.4131,0.1191,-0.0500,-0.0964,-0.0203,0.1415,0.4251,-0.4798,-2.6552,20.1928,-5.5306,3.0355,3.1075,2.8053
58814364,0.0011,0.0253,0.2288,-0.2297,0.5307,0.0969,-0.0500,-0.0515,-0.0193,0.1399,0.2032,-0.3317,-2.0159,20.1994,-6.8424,3.0386,3.2291,2.7546
58819364,0.0023,0.0239,0.2498,-0.3048,0.5347,0.1075,-0.0500,-0.0217,-0.0184,0.1377,0.1768,-0.4291,0.0000,20.0348,-8.3388,3.0738,3.3062,2.6802
58824364,0.0036,0.0221,0.2294,-0.3512,0.4198,0.1023,-0.0500,0.0500,-0.0179,0.1353,0.1188,-0.4929,1.6045,19.5163,-9.5112,3.1088,3.4145,2.6213
58829364,0.0050,0.0203,0.2385,-0.3641,0.3322,0.1159,0.0200,0.0500,-0.0170,0.1334,0.1654,-0.3642,4.2759,18.5667,-10.7718,3.1799,3.4718,2.5359
58834364,0.0062,0.0184,0.2147,-0.3971,0.4110,0.1075,0.0200,0.0500,-0.0164,0.1315,0.1217,-0.3973,5.4342,17.3142,-11.3786,3.2225,3.5546,2.4793
58839364,0.0072,0.0163,0.1790,-0.4374,0.4852,0.1028,-0.1500,0.0500,-0.0155,0.1281,0.1869,-0.6769,7.6689,15.9915,-11.9898,3.3067,3.5947,2.3966
58844364,0.0081,0.0138,0.1374,-0.4749,0.3948,0.0862,-0.1500,-0.0200,-0.0149,0.1246,0.1085,-0.6886,8.9141,14.2520,-12.1006,3.3645,3.6507,2.3462
58849364,0.0087,0.0112,0.0834,-0.4930,0.3267,0.0625,-0.1500,-0.0200,-0.0149,0.1212,0.0151,-0.6913,10.6692,13.2193,-11.3166,3.4588,3.6857,2.2919
58854364,0.0092,0.0086,0.0641,-0.4804,0.3881,0.0461,-0.1500,0.1462,-0.0155,0.1171,-0.1194,-0.8124,11.8948,12.2982,-9.9121,3.5283,3.7437,2.2776
58859364,0.0094,0.0060,0.0177,-0.4814,0.6077,0.0221,-0.1500,0.1500,-0.0164,0.1132,-0.1868,-0.7745,13.1762,11.0676,-8.5330,3.6290,3.7656,2.2477
58864364,0.0090,0.0037,-0.1145,-0.4527,0.5866,-0.0500,-0.1500,0.1500,-0.0181,0.1097,-0.3385,-0.7138,14.0501,9.7487,-7.7055,3.7006,3.8036,2.2326
58869364,0.0085,0.0013,-0.1616,-0.4533,0.5408,-0.0500,-0.1500,0.1500,-0.0188,0.1063,-0.1522,-0.6775,14.7131,8.0605,-6.9714,3.8001,3.8056,2.2018
58874364,0.0077,-0.0012,-0.1817,-0.4749,0.5610,-0.0500,-0.1500,0.1500,-0.0198,0.1031,-0.1824,-0.6441,14.8792,5.6336,-5.7129,3.8627,3.7980,2.2016
58879364,0.0066,-0.0038,-0.2282,-0.4676,0.5228,-0.0500,-0.1500,0.1500,-0.0209,0.1001,-0.2253,-0.5992,14.7644,4.5785,-4.2446,3.9507,3.7973,2.2012
58884364,0.0054,-0.0061,-0.2755,-0.4307,0.3838,0.0200,-0.1478,0.1500,-0.0223,0.0974,-0.2783,-0.5289,14.3824,3.1286,-3.4580,4.0016,3.7920,2.2016
58889364,0.0039,-0.0081,-0.3296,-0.3399,0.2726,0.0200,-0.0993,0.1500,-0.0239,0.0955,-0.3270,-0.3755,12.7835,1.3388,-1.0417,4.0517,3.7653,2.2357
58894364,0.0021,-0.0094,-0.3925,-0.2202,0.2522,-0.1500,-0.0283,0.1500,-0.0269,0.0946,-0.5955,-0.1972,11.6565,-0.8726,0.6781,4.0787,3.7225,2.2697
58899364,-0.0001,-0.0103,-0.4563,-0.1356,0.3004,-0.1500,0.0500,0.1500,-0.0300,0.0943,-0.6251,-0.0574,10.1613,-2.2258,3.0208,4.1124,3.6894,2.3280
58904364,-0.0026,-0.0111,-0.4942,-0.1069,0.2891,-0.1500,0.0500,0.1500,-0.0331,0.0941,-0.6073,-0.0363,8.8778,-4.1590,4.7179,4.1255,3.6321,2.3773
58909364,-0.0051,-0.0112,-0.5003,-0.0376,0.2607,-0.1500,0.0500,0.1500,-0.0358,0.0944,-0.5569,0.0673,6.7385,-5.1579,7.0008,4.1286,3.5940,2.4587
58914364,-0.0076,-0.0114,-0.4862,0.0052,0.2519,-0.1500,0.0500,0.1500,-0.0385,0.0951,-0.5281,0.1361,6.7385,-6.2900,8.7338,4.1556,3.5364,2.5248
58919364,-0.0099,-0.0113,-0.4597,0.0794,0.2992,-0.1500,-0.0200,0.1153,-0.0407,0.0963,-0.4533,0.2452,5.0927,-6.9612,11.0530,4.1584,3.4972,2.6305
58924364,-0.0123,-0.0107,-0.4527,0.1674,0.3908,-0.1500,-0.0200,0.0784,-0.0428,0.0981,-0.4041,0.3553,3.3878,-7.0582,12.5267,4.1414,3.4534,2.7075
58929364,-0.0146,-0.0097,-0.4545,0.2275,0.4287,-0.1500,0.1500,0.0480,-0.0449,0.1009,-0.4190,0.5544,1.7833,-7.0582,14.8085,4.1233,3.4252,2.8359
58934364,-0.0166,-0.0085,-0.4435,0.2786,0.3398,-0.1500,0.1500,0.0249,-0.0466,0.1039,-0.3495,0.6013,-0.0554,-5.3542,16.2162,4.0903,3.4217,2.9262
58939364,-0.0186,-0.0071,-0.3528,0.2837,0.2235,-0.1500,0.1500,0.0006,-0.0476,0.1070,-0.2029,0.6167,-2.2323,-4.6313,17.6204,4.0399,3.4166,3.0560
58944364,-0.0203,-0.0058,-0.3161,0.2807,0.2861,-0.1500,0.1500,-0.0500,-0.0483,0.1101,-0.1356,0.6225,-3.7105,-4.6313,18.2109,3.9989,3.3888,3.1398
58949364,-0.0215,-0.0044,-0.2224,0.3198,0.3866,-0.1500,0.1500,-0.0500,-0.0491,0.1120,-0.1689,0.3835,-5.2695,-4.3562,18.7199,3.9420,3.3760,3.2612
58954364,-0.0221,-0.0024,-0.1005,0.4560,0.3288,-0.1310,0.1500,-0.0500,-0.0492,0.1145,-0.0145,0.5024,-6.5843,-3.2009,18.5109,3.8920,3.3766,3.3319
58959364,-0.0218,-0.0001,0.0739,0.5226,0.3102,-0.0490,0.1500,-0.0500,-0.0482,0.1172,0.2028,0.5473,-8.3569,-1.7484,17.6153,3.8119,3.3953,3.4231
58964364,-0.0213,0.0026,0.1341,0.5516,0.3163,-0.0172,0.1500,0.0200,-0.0467,0.1200,0.3046,0.5446,-9.7144,0.3878,16.5322,3.7488,3.4340,3.4701
58969364,-0.0206,0.0054,0.1594,0.5501,0.2977,0.0002,0.1500,0.0200,-0.0448,0.1226,0.3704,0.5207,-11.3212,1.8944,14.9324,3.6540,3.4686,3.5333
58974364,-0.0196,0.0081,0.1833,0.5382,0.1737,0.0500,0.1500,-0.1500,-0.0421,0.1260,0.5510,0.6790,-12.5167,4.1242,13.5278,3.5825,3.5313,3.5625
58979364,-0.0184,0.0108,0.2010,0.5266,0.0536,0.0500,0.1500,-0.1500,-0.0403,0.1291,0.3543,0.6185,-13.7246,5.8223,11.8593,3.4791,3.5852,3.6052
58984364,-0.0173,0.0135,0.2337,0.5107,0.1172,0.0500,0.1500,-0.1500,-0.0383,0.1318,0.3988,0.5482,-14.5139,8.3140,10.6963,3.4067,3.6773,3.6279
58989364,-0.0160,0.0160,0.2886,0.4930,0.2384,0.0500,0.1500,-0.1500,-0.0360,0.1343,0.4586,0.4898,-14.7297,9.9362,9.5989,3.3147,3.7460,3.6667
58994364,-0.0144,0.0183,0.3607,0.4719,0.2974,-0.0200,0.1500,-0.1500,-0.0333,0.1363,0.5406,0.4172,-14.4047,12.2157,8.4271,3.2627,3.8574,3.6788
58999364,-0.0125,0.0207,0.4139,0.4688,0.2653,-0.0200,0.1500,-0.1500,-0.0303,0.1382,0.5962,0.3712,-13.4353,13.7664,7.1162,3.1995,3.9403,3.7009
59004364,-0.0102,0.0227,0.4374,0.3754,0.3633,0.1500,0.1173,-0.1500,-0.0262,0.1393,0.8250,0.2268,-11.6324,15.8108,5.8052,3.1853,4.0699,3.7005
59009364,-0.0080,0.0245,0.4300,0.3317,0.5429,0.1500,0.0998,-0.1500,-0.0223,0.1400,0.7848,0.1380,-10.2217,16.8138,3.7909,3.1463,4.1552,3.6896
59014364,-0.0058,0.0263,0.4603,0.3393,0.5591,0.1500,0.0955,-0.1500,-0.0183,0.1405,0.7990,0.1036,-9.4389,18.0624,2.2285,3.1220,4.2850,3.6705
59019364,-0.0037,0.0275,0.4426,0.2831,0.3749,0.1500,0.0784,-0.1500,-0.0146,0.1405,0.7384,-0.0025,-7.7809,18.8956,-0.2769,3.1052,4.3754,3.6271
59024364,-0.0016,0.0285,0.4279,0.1888,0.3536,0.1500,0.0437,-0.1500,-0.0110,0.1399,0.7222,-0.1182,-7.7809,19.5155,-1.0733,3.0741,4.5028,3.6089
59029364,0.0004,0.0292,0.3708,0.1237,0.4932,0.1500,0.0274,-0.1500,-0.0079,0.1388,0.6110,-0.2269,-5.7874,19.8239,-3.6837,3.0734,4.5875,3.5424
59034364,0.0022,0.0294,0.3583,0.0082,0.5478,0.1500,-0.0500,-0.1500,-0.0051,0.1370,0.5703,-0.3675,-4.7353,20.0857,-5.1045,3.0735,4.7124,3.4962
59039365,0.0037,0.0290,0.3247,-0.1121,0.4812,0.1500,-0.0500,-0.1357,-0.0035,0.1359,0.3115,-0.2191,-2.9420,20.1416,-7.1894,3.0854,4.7940,3.4187
59044364,0.0052,0.0281,0.3024,-0.2092,0.3936,0.1457,-0.0500,-0.0895,-0.0023,0.1342,0.2505,-0.3325,-1.2306,19.9342,-8.2839,3.1112,4.9101,3.3657
59049364,0.0067,0.0268,0.3323,-0.2850,0.5038,0.1500,-0.0500,-0.0623,-0.0012,0.1320,0.2148,-0.4395,1.5415,19.4853,-10.3886,3.1676,4.9800,3.2678
59054364,0.0084,0.0253,0.3286,-0.2929,0.5203,0.1500,0.0200,-0.0546,-0.0003,0.1297,0.1719,-0.4657,3.2144,18.5103,-11.6164,3.2106,5.0746,3.1994
59059364,0.0102,0.0238,0.3054,-0.3137,0.3502,0.1500,0.0200,-0.0331,0.0001,0.1271,0.0858,-0.5128,5.9939,17.6150,-13.3857,3.2935,5.1288,3.0887
59064364,0.0115,0.0222,0.2721,-0.3525,0.2702,0.1500,-0.1500,0.0500,0.0009,0.1231,0.1521,-0.8037,7.6821,15.7604,-14.4585,3.3546,5.1922,3.0117
59069364,0.0129,0.0202,0.2382,-0.3928,0.2949,0.1500,-0.1500,0.0500,0.0018,0.1200,0.1907,-0.6138,10.2800,14.6939,-15.4405,3.4608,5.2322,2.9023
59074364,0.0142,0.0179,0.2089,-0.4407,0.3184,0.1386,-0.1500,0.0500,0.0024,0.1168,0.1207,-0.6462,12.0985,13.6311,-15.8250,3.5418,5.2953,2.8319
59079364,0.0150,0.0156,0.1338,-0.4563,0.3881,0.1042,-0.1500,0.0500,0.0024,0.1136,-0.0023,-0.6479,14.3897,12.6815,-15.9780,3.6671,5.3283,2.7331
59084364,0.0156,0.0133,0.0736,-0.4444,0.4342,0.0767,-0.1500,-0.0200,0.0019,0.1105,-0.0957,-0.6185,15.7096,11.5068,-15.3487,3.7537,5.3762,2.6825
59089364,0.0158,0.0109,0.0070,-0.4523,0.4333,0.0448,-0.1500,-0.0200,0.0009,0.1075,-0.2036,-0.6002,17.2070,9.7464,-14.1668,3.8828,5.3836,2.6170
59094364,0.0157,0.0085,-0.0528,-0.4841,0.5390,0.0062,-0.1500,0.1500,-0.0011,0.1034,-0.3997,-0.8157,17.9776,8.8730,-13.2807,3.9690,5.4208,2.5806
59099364,0.0154,0.0059,-0.1011,-0.5272,0.5588,-0.0500,-0.1500,0.1500,-0.0034,0.0994,-0.4603,-0.8031,18.9564,7.2722,-11.1380,4.1000,5.4210,2.5505
59104364,0.0148,0.0032,-0.1445,-0.5064,0.4950,-0.0500,-0.1500,0.1500,-0.0043,0.0958,-0.1909,-0.7232,19.4119,4.5935,-9.9756,4.1861,5.4031,2.5309
59109364,0.0139,0.0006,-0.2083,-0.4893,0.4559,-0.0500,-0.1500,0.1500,-0.0056,0.0924,-0.2589,-0.6609,19.5884,2.8331,-8.7055,4.3072,5.3829,2.4994
59114364,0.0127,-0.0015,-0.2819,-0.3913,0.4544,-0.0500,-0.1299,0.1500,-0.0073,0.0899,-0.3373,-0.5066,19.2064,0.6639,-7.1057,4.3773,5.3503,2.4997
59119364,0.0110,-0.0031,-0.3607,-0.2700,0.4660,0.0200,-0.0662,0.1500,-0.0095,0.0881,-0.4270,-0.3631,17.7679,-0.7182,-6.9954,4.4602,5.3222,2.4599
59124364,0.0088,-0.0042,-0.4603,-0.1701,0.4855,0.0200,-0.0024,0.1500,-0.0121,0.0870,-0.5317,-0.2225,16.7223,-2.3886,-5.9275,4.5084,5.2792,2.4546
59129364,0.0064,-0.0048,-0.5198,-0.0953,0.4150,-0.1500,0.0500,0.1500,-0.0163,0.0865,-0.8314,-0.0877,14.5384,-3.8056,-3.2796,4.5584,5.2381,2.4798
59134364,0.0037,-0.0052,-0.5342,-0.0901,0.3224,-0.1500,0.0500,0.1500,-0.0201,0.0860,-0.7694,-0.1098,12.9846,-5.7047,-1.3045,4.5827,5.1718,2.5101
59139364,0.0008,-0.0055,-0.5366,-0.0736,0.2070,-0.1500,0.0500,0.1500,-0.0237,0.0857,-0.7230,-0.0528,11.4989,-6.3098,1.3996,4.6252,5.1365,2.5644
59144364,-0.0021,-0.0062,-0.5666,-0.0947,0.2360,-0.1500,0.0500,0.1500,-0.0273,0.0855,-0.7100,-0.0502,9.7875,-7.3214,2.9744,4.6337,5.0753,2.6044
59149364,-0.0048,-0.0063,-0.5837,0.0082,0.3331,-0.1500,-0.0200,0.1500,-0.0307,0.0860,-0.6799,0.0943,8.4257,-7.5852,5.7408,4.6619,5.0404,2.6857
59154364,-0.0077,-0.0062,-0.5767,0.0776,0.3383,-0.1500,-0.0200,0.1259,-0.0339,0.0869,-0.6348,0.1849,6.9210,-7.3615,7.1506,4.6626,4.9995,2.7394
59159364,-0.0105,-0.0056,-0.5412,0.1652,0.3502,-0.1500,0.1500,0.0792,-0.0369,0.0889,-0.5981,0.3980,4.9461,-6.1309,9.4465,4.6583,4.9973,2.8357
59164364,-0.0134,-0.0046,-0.5336,0.2269,0.4724,-0.1500,0.1500,0.0515,-0.0396,0.0913,-0.5548,0.4840,3.6866,-6.1309,11.0649,4.6508,4.9605,2.9091
59169364,-0.0160,-0.0037,-0.5189,0.2413,0.5014,-0.1500,0.1500,0.0409,-0.0420,0.0939,-0.4756,0.5147,1.5473,-5.0644,13.2125,4.6229,4.9593,3.0248
59174364,-0.0184,-0.0023,-0.4453,0.2758,0.3811,-0.1500,0.1500,0.0116,-0.0438,0.0966,-0.3599,0.5470,0.3329,-3.7554,14.3556,4.6031,4.9591,3.1030
59179364,-0.0204,-0.0009,-0.3800,0.3155,0.3297,-0.1500,0.1500,-0.0500,-0.0450,0.0996,-0.2387,0.5968,-1.8967,-3.0767,15.6998,4.5535,4.9590,3.2208
59184364,-0.0222,0.0006,-0.3302,0.3451,0.3520,-0.1500,0.1500,-0.0500,-0.0464,0.1015,-0.2896,0.3754,-3.3935,-2.0773,16.3698,4.5132,4.9631,3.2983
59189364,-0.0228,0.0027,-0.0907,0.4527,0.3847,-0.1299,0.1500,-0.0500,-0.0465,0.1037,-0.0033,0.4562,-5.2279,-0.2874,16.6896,4.4515,4.9940,3.4042
59194364,-0.0230,0.0050,-0.0095,0.5101,0.3435,-0.0918,0.1500,-0.0500,-0.0459,0.1062,0.1101,0.4920,-6.3751,1.1607,16.4835,4.4053,5.0242,3.4665
59199364,-0.0229,0.0074,0.0174,0.5269,0.2345,-0.0742,0.1500,0.0200,-0.0450,0.1086,0.1867,0.4811,-8.3364,3.0230,15.4690,4.3220,5.0699,3.5426
59204364,-0.0226,0.0102,0.0296,0.5464,0.1932,-0.0635,0.1500,0.0200,-0.0438,0.1109,0.2437,0.4613,-9.6103,5.6727,14.4697,4.2608,5.1490,3.5824
59209364,-0.0223,0.0130,0.0577,0.5428,0.2632,-0.0392,0.1500,-0.1500,-0.0416,0.1140,0.4260,0.6242,-11.2419,7.4149,12.7997,4.1663,5.2099,3.6311
59214364,-0.0221,0.0156,0.0828,0.5174,0.2861,-0.0254,0.1500,-0.1500,-0.0393,0.1168,0.4753,0.5444,-11.9178,9.9709,11.6921,4.1062,5.3130,3.6572
59219364,-0.0215,0.0180,0.1344,0.4658,0.2345,0.0500,0.1500,-0.1500,-0.0365,0.1190,0.5506,0.4494,-13.1602,11.5508,10.3739,4.0058,5.3876,3.6962
59224364,-0.0207,0.0202,0.1759,0.4151,0.2302,0.0500,0.1500,-0.1500,-0.0346,0.1207,0.3781,0.3476,-13.6059,13.9422,9.2203,3.9436,5.5122,3.7121
59229364,-0.0194,0.0222,0.2505,0.3781,0.2873,0.0500,0.1500,-0.1500,-0.0323,0.1221,0.4577,0.2759,-13.7406,15.3773,8.3376,3.8585,5.5998,3.7488
59234364,-0.0182,0.0237,0.2856,0.3015,0.3548,0.0500,0.1489,-0.1500,-0.0299,0.1229,0.4937,0.1520,-13.5190,16.9895,6.7930,3.8083,5.7293,3.7482
59239364,-0.0167,0.0251,0.3158,0.2587,0.3603,-0.0200,0.1252,-0.1500,-0.0273,0.1232,0.5166,0.0691,-12.6388,17.8973,5.0277,3.7468,5.8173,3.7482
59244364,-0.0150,0.0265,0.3635,0.2581,0.4049,-0.0200,0.1132,-0.1500,-0.0244,0.1234,0.5652,0.0405,-11.6156,18.8776,4.1451,3.7196,5.9475,3.7489
59249364,-0.0132,0.0276,0.3961,0.2563,0.3988,0.1448,0.0976,-0.1500,-0.0207,0.1235,0.7534,0.0064,-9.6999,19.3554,2.5310,3.6921,6.0336,3.7375
59254364,-0.0112,0.0286,0.3775,0.1842,0.3493,0.1432,0.0729,-0.1500,-0.0171,0.1230,0.7089,-0.0995,-8.7421,19.9292,0.8530,3.6753,6.1634,3.7108
59259364,-0.0095,0.0292,0.3436,0.1103,0.4015,0.1313,0.0492,-0.1500,-0.0140,0.1219,0.6314,-0.2106,-7.1904,20.1928,-1.3671,3.6569,6.2489,3.6635
59264364,-0.0080,0.0294,0.2813,0.0174,0.4654,0.1074,0.0231,-0.1484,-0.0112,0.1203,0.5500,-0.3299,-6.8142,20.3533,-2.9731,3.6370,6.3736,3.6229
59269364,-0.0066,0.0290,0.2718,-0.1035,0.4461,0.1060,-0.0500,-0.0976,-0.0087,0.1179,0.5033,-0.4786,-5.5307,20.4050,-4.7754,3.6244,6.4562,3.5650
59274364,-0.0056,0.0280,0.2260,-0.2266,0.3814,0.0747,-0.0500,-0.0488,-0.0075,0.1163,0.2498,-0.3188,-4.5680,20.3037,-6.1572,3.6235,6.5762,3.5156
59279364,-0.0045,0.0262,0.2224,-0.3760,0.3603,0.0746,-0.0500,0.0500,-0.0064,0.1138,0.2072,-0.4940,-3.1692,19.9926,-7.8941,3.6279,6.6505,3.4392
59284364,-0.0032,0.0243,0.2373,-0.3940,0.4070,0.0893,-0.0500,0.0500,-0.0051,0.1118,0.2657,-0.3940,-1.6645,19.2187,-9.1445,3.6482,6.7533,3.3803
59289364,-0.0020,0.0221,0.2007,-0.4307,0.3533,0.0761,0.0200,0.0500,-0.0041,0.1097,0.1968,-0.4307,0.2254,18.3619,-10.5751,3.6808,6.8118,3.2933
59294364,-0.0011,0.0199,0.1729,-0.4725,0.2290,0.0680,0.0200,0.0500,-0.0033,0.1073,0.1545,-0.4725,1.0705,16.8191,-11.2787,3.7012,6.8875,3.2354
59299364,-0.0002,0.0174,0.1750,-0.5143,0.1795,0.0810,-0.1500,-0.0200,-0.0020,0.1036,0.2599,-0.7502,3.0947,15.8178,-11.9912,3.7533,6.9330,3.1514
59304364,0.0005,0.0145,0.1765,-0.5623,0.1789,0.0821,-0.1500,-0.0200,-0.0009,0.0997,0.2281,-0.7731,4.1625,14.1347,-12.1020,3.7897,6.9889,3.1010
59309364,0.0014,0.0113,0.1432,-0.5886,0.2115,0.0603,-0.1500,0.1500,-0.0006,0.0949,0.0625,-0.9522,5.4285,12.9042,-11.4748,3.8446,7.0185,3.0429
59314364,0.0021,0.0083,0.0971,-0.5797,0.2842,0.0400,-0.1500,0.1500,-0.0006,0.0904,-0.0049,-0.9160,6.4723,11.7963,-10.7483,3.8898,7.0711,3.0135
59319364,0.0026,0.0053,0.0608,-0.5641,0.3383,0.0235,-0.1500,0.1500,-0.0009,0.0860,-0.0634,-0.8682,7.6657,10.6280,-9.7554,3.9564,7.0932,2.9724
59324364,0.0028,0.0024,0.0052,-0.5620,0.4406,-0.0500,-0.1500,0.1500,-0.0016,0.0818,-0.1360,-0.8344,8.3658,9.2906,-8.9688,4.0019,7.1275,2.9498
59329364,0.0026,-0.0007,-0.0910,-0.5757,0.4293,-0.0500,-0.1500,0.1500,-0.0021,0.0779,-0.0881,-0.7952,8.8943,7.5302,-7.1859,4.0641,7.1260,2.9385
59334364,0.0022,-0.0038,-0.1133,-0.5999,0.4165,-0.0500,-0.1500,0.1500,-0.0027,0.0739,-0.1248,-0.7854,9.1158,5.5498,-6.8930,4.1050,7.1254,2.9157
59339364,0.0015,-0.0068,-0.1735,-0.5654,0.3426,-0.0500,-0.1500,0.1500,-0.0036,0.0704,-0.1749,-0.7038,9.0476,4.5595,-4.7249,4.1592,7.1258,2.9236
59344364,0.0004,-0.0097,-0.2425,-0.5311,0.2308,0.0200,-0.1500,0.1500,-0.0048,0.0674,-0.2478,-0.6127,8.7185,2.4220,-3.0469,4.1877,7.1046,2.9415
59349364,-0.0010,-0.0120,-0.2981,-0.4029,0.1801,0.0200,-0.1324,0.1500,-0.0063,0.0652,-0.2984,-0.4304,6.8592,0.9047,-0.9445,4.1983,7.0809,2.9711
59354364,-0.0026,-0.0136,-0.3299,-0.2679,0.1654,-0.1500,-0.0684,0.1500,-0.0084,0.0640,-0.4252,-0.2409,5.6196,-0.7914,1.0090,4.1984,7.0459,3.0100
59359364,-0.0045,-0.0148,-0.3659,-0.1998,0.1392,-0.1500,-0.0315,0.1500,-0.0105,0.0635,-0.4278,-0.1085,4.1547,-2.4693,3.6424,4.1982,7.0061,3.0767
59364364,-0.0064,-0.0155,-0.3876,-0.1545,0.1660,-0.1500,-0.0043,0.1500,-0.0128,0.0634,-0.4433,-0.0044,3.4222,-4.8262,5.2353,4.1987,6.9370,3.1259
59369364,-0.0083,-0.0162,-0.3561,-0.1188,0.2396,-0.1500,0.0500,0.1500,-0.0147,0.0639,-0.3863,0.0823,2.5207,-5.9477,7.5246,4.1983,6.8932,3.2105
59374364,-0.0100,-0.0165,-0.3180,-0.0354,0.2094,-0.1500,0.0500,0.1482,-0.0161,0.0644,-0.2755,0.1024,2.0700,-7.4692,9.1956,4.1984,6.8220,3.2774
59379364,-0.0114,-0.0166,-0.2819,0.0315,0.2745,-0.1500,0.0500,0.1133,-0.0171,0.0654,-0.2065,0.2033,1.2808,-8.1023,11.4629,4.1932,6.7775,3.3847
59384364,-0.0130,-0.0163,-0.2847,0.0971,0.3633,-0.1500,0.0500,0.0867,-0.0180,0.0668,-0.1708,0.2903,-0.2351,-9.0644,12.8905,4.1653,6.7062,3.4624
59389364,-0.0143,-0.0158,-0.3063,0.1451,0.3276,-0.1500,-0.0200,0.0703,-0.0187,0.0687,-0.1432,0.3693,-2.0617,-8.9611,14.9651,4.1213,6.6720,3.5882
59394364,-0.0156,-0.0149,-0.2450,0.1570,0.1822,-0.1500,-0.0200,0.0511,-0.0189,0.0707,-0.0461,0.4000,-3.5015,-8.4447,16.2163,4.0820,6.6313,3.6758
59399364,-0.0167,-0.0141,-0.1826,0.1738,0.1511,-0.1355,0.1070,0.0228,-0.0189,0.0734,0.0023,0.5409,-5.5868,-7.1244,17.4646,4.0132,6.6262,3.8022
59404364,-0.0172,-0.0133,-0.0861,0.1830,0.2268,-0.0933,0.0901,-0.0500,-0.0182,0.0761,0.1342,0.5392,-6.6374,-5.7491,18.1073,3.9680,6.6163,3.8864
59409364,-0.0172,-0.0124,0.0403,0.2104,0.2580,-0.0466,0.0618,-0.0500,-0.0175,0.0776,0.1414,0.2947,-8.6825,-5.7491,18.5151,3.8812,6.5934,4.0046
59414364,-0.0164,-0.0112,0.1778,0.2673,0.2381,0.0500,0.0538,-0.0500,-0.0160,0.0792,0.3073,0.3349,-9.7824,-4.6294,18.4628,3.8227,6.5837,4.0776
59419364,-0.0152,-0.0095,0.2700,0.3555,0.1792,0.0500,0.0768,-0.0500,-0.0148,0.0813,0.2375,0.4119,-11.0786,-3.8019,17.7888,3.7339,6.5834,4.1737
59424364,-0.0139,-0.0077,0.2813,0.3665,0.1450,0.0500,0.0815,0.0200,-0.0135,0.0833,0.2575,0.4077,-12.0839,-2.7796,17.1631,3.6675,6.5842,4.2312
59429364,-0.0125,-0.0058,0.2963,0.3564,0.0964,0.0500,0.0780,0.0200,-0.0121,0.0853,0.2766,0.3905,-12.8762,-2.2928,15.5687,3.5770,6.5837,4.2979
59434364,-0.0109,-0.0039,0.3302,0.3439,0.0295,-0.0200,0.0779,-0.1500,-0.0099,0.0882,0.4432,0.5769,-13.0709,-1.2009,14.3642,3.5212,6.5940,4.3337
59439364,-0.0091,-0.0023,0.4013,0.3406,-0.0377,-0.0200,0.0604,-0.1500,-0.0073,0.0908,0.5143,0.5224,-12.7966,0.4951,12.6420,3.4489,6.6267,4.3805
59444364,-0.0071,-0.0006,0.4313,0.3262,-0.0643,0.1500,0.0404,-0.1500,-0.0036,0.0932,0.7558,0.4812,-12.1768,1.4762,11.8667,3.4121,6.6504,4.4132
59449364,-0.0046,0.0012,0.4652,0.3470,-0.0294,0.1500,0.0401,-0.1500,0.0003,0.0955,0.7633,0.4654,-10.7956,2.5480,10.4888,3.3708,6.6803,4.4516
59454364,-0.0020,0.0031,0.4774,0.3671,0.0481,0.1500,0.0435,-0.1500,0.0041,0.0977,0.7607,0.4451,-9.9934,3.8457,9.0729,3.3461,6.7263,4.4564
59459364,0.0004,0.0050,0.4948,0.3668,0.0970,0.1500,0.0403,-0.1500,0.0078,0.0998,0.7494,0.4210,-8.3322,4.6288,8.2646,3.3224,6.7598,4.4979
59464364,0.0028,0.0066,0.5098,0.3115,0.0936,0.1500,0.0145,-0.1500,0.0116,0.1015,0.7574,0.3301,-8.2214,5.5256,6.7751,3.2917,6.8079,4.4983
59469364,0.0056,0.0075,0.5553,0.1509,0.1392,0.1500,-0.0500,-0.1500,0.0154,0.1022,0.7592,0.1358,-6.3180,6.0124,5.0098,3.2854,6.8406,4.4982
59474364,0.0085,0.0083,0.5693,0.1225,0.0964,0.1500,-0.0500,-0.1500,0.0188,0.1030,0.6871,0.1730,-5.1574,6.5076,3.3788,3.2856,6.8877,4.4825
59479364,0.0113,0.0085,0.5171,0.0421,-0.0078,0.1500,-0.0500,-0.1500,0.0217,0.1033,0.5672,0.0541,-2.5173,6.5076,0.7930,3.3152,6.9137,4.4436
59484364,0.0137,0.0086,0.4465,0.0027,-0.0071,0.1500,-0.0500,-0.1500,0.0240,0.1033,0.4604,-0.0073,-1.1556,6.6108,-0.6835,3.3350,6.9554,4.4144
59489364,0.0158,0.0084,0.3760,-0.0660,0.0042,0.1500,0.0200,-0.1145,0.0256,0.1028,0.3277,-0.1025,1.5757,5.6412,-2.4557,3.3911,6.9577,4.3701
59494364,0.0177,0.0077,0.3839,-0.1503,-0.0713,0.1500,0.0200,-0.0816,0.0271,0.1017,0.2916,-0.2079,3.4266,4.0899,-3.8667,3.4379,6.9582,4.3298
59499364,0.0193,0.0069,0.3063,-0.2004,-0.1495,0.1500,-0.1500,-0.0375,0.0280,0.1000,0.1813,-0.3422,5.8860,3.3627,-6.1266,3.5145,6.9585,4.2550
59504364,0.0209,0.0056,0.2743,-0.2364,-0.1916,0.1500,-0.1500,-0.0128,0.0285,0.0981,0.1044,-0.3802,7.5506,2.4900,-7.1311,3.5745,6.9584,4.2090
59509364,0.0222,0.0042,0.2043,-0.2532,-0.1260,0.1500,-0.1500,0.0500,0.0284,0.0960,-0.0259,-0.4199,9.8018,2.0052,-9.1546,3.6711,6.9577,4.1195
59514364,0.0227,0.0032,0.0638,-0.1753,0.1211,0.1041,-0.1122,0.0500,0.0278,0.0950,-0.1162,-0.1997,11.2294,1.5204,-9.8862,3.7416,6.9585,4.0670
59519364,0.0228,0.0022,0.0006,-0.1558,0.0066,0.0747,-0.0911,0.0500,0.0267,0.0941,-0.2210,-0.1761,13.4973,1.2295,-10.9639,3.8614,6.9582,3.9821
59524364,0.0226,0.0014,-0.0186,-0.1732,-0.0117,0.0635,-0.0941,0.0500,0.0253,0.0932,-0.2691,-0.1886,14.9986,0.8902,-11.1737,3.9483,6.9578,3.9337
59529364,0.0226,0.0003,-0.0140,-0.2413,0.0597,0.0616,-0.1232,-0.0200,0.0238,0.0920,-0.3048,-0.2381,16.7078,-0.3615,-10.9033,4.0772,6.9348,3.8723
59534364,0.0225,-0.0012,-0.0596,-0.2517,-0.0117,0.0400,-0.1196,-0.0200,0.0220,0.0908,-0.3711,-0.2385,17.5717,-1.0327,-10.0726,4.1628,6.9158,3.8478
59539364,0.0219,-0.0026,-0.1475,-0.2465,-0.0966,-0.0500,-0.1041,0.1155,0.0192,0.0891,-0.5578,-0.3384,18.4186,-2.3530,-8.4525,4.2875,6.8833,3.8228
59544364,0.0210,-0.0036,-0.2062,-0.1426,-0.1690,-0.0500,-0.0610,0.0795,0.0177,0.0882,-0.3001,-0.1897,18.5294,-3.8451,-7.0937,4.3637,6.8360,3.8193
59549364,0.0197,-0.0041,-0.2920,-0.0516,-0.1370,-0.0500,-0.0049,0.0664,0.0157,0.0878,-0.3881,-0.0761,18.4766,-4.7338,-6.4641,4.4741,6.8018,3.7899
59554364,0.0180,-0.0042,-0.3622,0.0205,-0.0163,-0.0500,0.0500,0.0541,0.0134,0.0879,-0.4584,0.0306,18.0217,-5.9021,-5.3017,4.5382,6.7482,3.7896
59559364,0.0161,-0.0042,-0.4215,0.0156,-0.2167,0.0200,0.0500,0.0795,0.0111,0.0876,-0.4666,-0.0622,17.0715,-6.5323,-5.2533,4.6240,6.7115,3.7591
59564364,0.0138,-0.0040,-0.4841,0.0269,-0.2936,0.0200,0.0500,0.0931,0.0085,0.0874,-0.5245,-0.0428,15.8332,-7.0424,-4.7017,4.6648,6.6607,3.7497
59569364,0.0113,-0.0041,-0.4972,0.0379,-0.2527,-0.1500,0.0500,0.1037,0.0047,0.0874,-0.7607,-0.0096,13.7189,-7.0424,-3.1342,4.7116,6.6325,3.7568
59574364,0.0086,-0.0040,-0.5208,0.0678,-0.1812,-0.1500,-0.0200,0.0990,0.0009,0.0876,-0.7573,0.0436,12.9301,-7.1524,-1.5844,4.7483,6.5875,3.7782
59579364,0.0058,-0.0036,-0.5278,0.1139,-0.1571,-0.1500,-0.0200,0.0837,-0.0027,0.0881,-0.7189,0.1092,10.9375,-5.9841,-0.2907,4.7788,6.5842,3.7987
59584364,0.0030,-0.0029,-0.5308,0.1451,-0.2029,-0.1500,0.1500,0.0703,-0.0064,0.0893,-0.7292,0.2327,9.6376,-4.8157,1.0681,4.7944,6.5761,3.8278
59589364,0.0002,-0.0022,-0.5531,0.1170,-0.2350,-0.1500,0.1500,0.0869,-0.0099,0.0904,-0.7159,0.2270,8.3231,-4.8157,2.5634,4.8221,6.5568,3.8666
59594364,-0.0025,-0.0017,-0.5327,0.0632,-0.1400,-0.1500,0.1500,0.1041,-0.0132,0.0913,-0.6545,0.1713,6.8280,-3.8661,3.3773,4.8226,6.5489,3.8945
59599364,-0.0050,-0.0016,-0.4646,0.0492,-0.0374,-0.1500,0.1378,0.0946,-0.0159,0.0921,-0.5355,0.1722,5.0560,-3.1803,5.0572,4.8227,6.5485,3.9534
59604364,-0.0071,-0.0014,-0.3812,0.0586,-0.0704,-0.1500,0.1265,0.0755,-0.0180,0.0930,-0.4184,0.1766,3.7684,-2.3361,5.5537,4.8149,6.5489,3.9838
59609364,-0.0087,-0.0008,-0.2950,0.1497,-0.1357,-0.1500,0.1463,0.0210,-0.0193,0.0944,-0.2714,0.2697,1.4323,-1.2043,6.8183,4.7842,6.5638,4.0466
59614364,-0.0098,-0.0002,-0.1998,0.1619,-0.2029,-0.1198,0.1328,-0.0500,-0.0200,0.0957,-0.1287,0.2740,-0.2693,0.1100,7.6022,4.7522,6.5873,4.0917
59619364,-0.0105,0.0007,-0.0990,0.1778,-0.1513,-0.0804,0.1120,-0.0500,-0.0202,0.0965,-0.0531,0.1499,-1.7267,1.8704,8.8039,4.7187,6.6264,4.1646
59624364,-0.0106,0.0015,0.0034,0.1710,-0.1513,-0.0321,0.0860,-0.0500,-0.0198,0.0971,0.0959,0.1135,-3.4466,3.8590,9.2234,4.6739,6.6818,4.2088
59629364,-0.0103,0.0023,0.0855,0.1710,-0.2961,0.0500,0.0686,-0.0500,-0.0187,0.0975,0.2196,0.0905,-5.0870,5.4028,9.2785,4.6143,6.7310,4.2653
59634364,-0.0095,0.0031,0.1512,0.2098,-0.3431,0.0500,0.0712,0.0200,-0.0176,0.0980,0.2160,0.0982,-6.3052,7.5164,8.7942,4.5669,6.8115,4.2923
59639364,-0.0084,0.0042,0.2214,0.2718,-0.2100,0.0500,0.0775,0.0200,-0.0161,0.0987,0.2986,0.1391,-7.6330,8.9320,7.9058,4.4986,6.8725,4.3263
59644364,-0.0072,0.0057,0.2431,0.2862,-0.1421,0.0500,0.0825,-0.1500,-0.0141,0.0998,0.3900,0.2257,-7.6330,10.5470,6.4424,4.4681,6.9628,4.3257
59649364,-0.0059,0.0071,0.2782,0.2440,-0.2857,-0.0200,0.0612,-0.1500,-0.0120,0.1007,0.4320,0.1703,-8.0274,11.3764,6.3902,4.4125,7.0234,4.3630
59654364,-0.0041,0.0076,0.3580,0.0831,-0.2530,-0.0200,-0.0500,-0.1254,-0.0094,0.1006,0.5195,-0.0224,-6.8989,12.8859,5.7810,4.4053,7.1266,4.3719
59659364,-0.0022,0.0078,0.3812,0.0076,-0.1192,0.1500,-0.0500,-0.1183,-0.0067,0.1009,0.5275,0.0699,-6.4176,13.3507,4.1750,4.3739,7.1882,4.3726
59664364,-0.0002,0.0077,0.3836,-0.0495,-0.0218,0.1500,-0.0500,-0.1000,-0.0042,0.1009,0.5030,0.0012,-5.2409,14.1839,3.3997,4.3741,7.2878,4.3722
59669364,0.0018,0.0074,0.4230,-0.0483,-0.0459,0.1500,-0.0500,-0.1099,-0.0017,0.1009,0.5118,-0.0108,-3.9039,14.4882,2.5136,4.3736,7.3387,4.3722
59674364,0.0038,0.0070,0.4401,-0.0571,-0.1849,0.1500,0.0200,-0.1100,0.0009,0.1007,0.5122,-0.0262,-3.1551,14.5500,2.0706,4.3744,7.4402,4.3725
59679364,0.0060,0.0064,0.4377,-0.1487,-0.2915,0.1500,0.0200,-0.0739,0.0033,0.1001,0.4897,-0.1261,-2.2653,14.1137,1.5168,4.3757,7.4764,4.3722
59684364,0.0082,0.0053,0.4133,-0.2315,-0.2784,0.1500,-0.1500,-0.0268,0.0061,0.0980,0.5445,-0.4176,-0.7607,13.0573,0.6190,4.3997,7.5483,4.3593
59689364,0.0103,0.0038,0.3958,-0.3314,-0.2964,0.1500,-0.1500,0.0500,0.0084,0.0954,0.4731,-0.5220,0.9015,11.7383,-0.9930,4.4319,7.5607,4.3241
59694364,0.0123,0.0018,0.3638,-0.4212,-0.4085,0.1500,-0.1500,0.0500,0.0105,0.0925,0.4201,-0.5746,1.8494,10.2293,-2.0585,4.4568,7.6067,4.2974
59699364,0.0141,-0.0009,0.3323,-0.4975,-0.4558,0.1500,-0.1500,0.0500,0.0122,0.0893,0.3386,-0.6431,4.4715,9.6791,-2.3975,4.5282,7.6274,4.2764
59704364,0.0158,-0.0037,0.3357,-0.5061,-0.2845,0.1500,-0.1500,0.0500,0.0137,0.0862,0.2977,-0.6205,5.9843,7.5886,-3.4456,4.5799,7.6428,4.2431
59709364,0.0175,-0.0064,0.2990,-0.5027,-0.1922,0.1500,-0.1500,-0.0200,0.0148,0.0831,0.2157,-0.6176,8.5991,7.5886,-3.4456,4.6758,7.6694,4.2225
59714364,0.0188,-0.0090,0.2077,-0.5012,-0.3022,0.1500,-0.1500,-0.0200,0.0152,0.0802,0.0813,-0.5845,10.0242,5.4682,-3.4456,4.7414,7.6696,4.2087
59719364,0.0196,-0.0116,0.1240,-0.5012,-0.3111,0.1220,-0.1500,0.1500,0.0148,0.0772,-0.0784,-0.6058,12.3404,4.0928,-2.8164,4.8550,7.6571,4.2018
59724364,0.0201,-0.0142,0.1121,-0.4749,-0.1748,0.1137,-0.1500,0.1500,0.0141,0.0745,-0.1365,-0.5349,13.9365,1.5199,-2.3969,4.9394,7.6239,4.2017
59729364,0.0203,-0.0167,0.0305,-0.4441,-0.1437,0.0755,-0.1500,0.1500,0.0129,0.0722,-0.2490,-0.4636,15.8596,0.3029,-0.8768,5.0669,7.6025,4.2192
59734364,0.0204,-0.0189,0.0049,-0.3861,-0.2399,0.0640,-0.1500,0.1500,0.0114,0.0704,-0.2983,-0.3467,16.7873,-2.1060,0.6620,5.1504,7.5488,4.2500
59739364,0.0202,-0.0206,-0.0681,-0.2825,-0.3211,0.0301,-0.1500,0.1500,0.0094,0.0693,-0.3938,-0.2391,17.9418,-2.3825,0.6620,5.2777,7.5365,4.2540
59744364,0.0196,-0.0214,-0.1585,-0.1216,-0.2494,-0.0500,-0.1027,0.1275,0.0069,0.0691,-0.5085,-0.0325,18.4185,-4.8473,1.2432,5.3600,7.4621,4.2681
59749364,0.0180,-0.0219,-0.3619,-0.0803,-0.1944,-0.0500,-0.0507,0.1455,0.0049,0.0694,-0.3840,0.0547,18.9425,-5.8221,3.2124,5.4831,7.4263,4.3221
59754364,0.0161,-0.0225,-0.3989,-0.0586,-0.2741,-0.0500,-0.0283,0.1500,0.0028,0.0699,-0.4341,0.1124,19.1505,-7.8012,3.6461,5.5636,7.3409,4.3414
59759364,0.0140,-0.0229,-0.4065,-0.0379,-0.3715,-0.0500,-0.0118,0.1468,0.0006,0.0709,-0.4276,0.1872,18.9089,-8.7872,6.2962,5.6734,7.2952,4.4283
59764364,0.0118,-0.0232,-0.4288,-0.0064,-0.3526,0.0200,0.0500,0.1426,-0.0016,0.0721,-0.4564,0.2573,18.5145,-10.4685,7.2012,5.7403,7.1953,4.4676
59769364,0.0095,-0.0234,-0.4465,0.0257,-0.2958,0.0200,0.0500,0.1418,-0.0035,0.0730,-0.3618,0.1742,17.3171,-11.0398,9.9973,5.8235,7.1499,4.5830
59774364,0.0071,-0.0233,-0.4783,0.0583,-0.2939,-0.1500,0.0500,0.1500,-0.0068,0.0742,-0.6670,0.2268,16.4310,-12.1841,11.3781,5.8724,7.0465,4.6439
59779364,0.0046,-0.0229,-0.4728,0.1203,-0.3450,-0.1500,0.0500,0.1248,-0.0098,0.0758,-0.6088,0.3300,14.7290,-12.1841,14.1133,5.9314,7.0084,4.7863
59784364,0.0021,-0.0222,-0.4698,0.1826,-0.3694,-0.1500,-0.0200,0.1009,-0.0127,0.0778,-0.5815,0.4093,13.8838,-11.5539,15.2256,5.9718,6.9385,4.8545
59789364,-0.0002,-0.0211,-0.4316,0.2431,-0.1852,-0.1500,-0.0200,0.0647,-0.0153,0.0803,-0.5120,0.4991,13.0370,-10.0564,17.1647,6.0358,6.9134,5.0050
59794364,-0.0022,-0.0196,-0.3549,0.3537,-0.1608,-0.1500,0.1500,-0.0500,-0.0178,0.0842,-0.4955,0.7642,12.2942,-9.4884,18.0187,6.0709,6.8863,5.0926
59799364,-0.0039,-0.0178,-0.3250,0.3906,-0.1935,-0.1500,0.1500,-0.0500,-0.0206,0.0867,-0.5682,0.5010,10.4115,-7.3979,19.0139,6.1001,6.8765,5.2240
59804364,-0.0057,-0.0159,-0.3369,0.4279,-0.1794,-0.1500,0.1500,-0.0500,-0.0234,0.0893,-0.5549,0.5187,9.6092,-6.0776,19.5842,6.1250,6.8760,5.3127
59809364,-0.0073,-0.0139,-0.3424,0.4398,-0.1843,-0.1500,0.1500,-0.0500,-0.0259,0.0918,-0.5024,0.5068,7.0421,-4.4822,20.1058,6.1237,6.8765,5.4427
59814364,-0.0089,-0.0117,-0.2862,0.4618,-0.2439,-0.1500,0.1500,0.0200,-0.0280,0.0944,-0.4160,0.5165,5.7050,-3.6571,20.1555,6.1225,6.8767,5.5244
59819364,-0.0103,-0.0093,-0.2349,0.4908,-0.2747,-0.1492,0.1500,0.0200,-0.0296,0.0970,-0.3318,0.5315,4.2610,-2.7218,19.4620,6.1233,6.8764,5.6302
59824364,-0.0111,-0.0068,-0.1249,0.5040,-0.3303,-0.0880,0.1500,-0.1400,-0.0298,0.1011,-0.0256,0.8136,2.6054,-1.9203,18.7588,6.1043,6.8826,5.6926
59829364,-0.0113,-0.0043,-0.0009,0.5269,-0.3767,-0.0298,0.1500,-0.1500,-0.0291,0.1050,0.1411,0.7741,0.6119,0.6397,17.1365,6.0727,6.9295,5.7686
59834364,-0.0110,-0.0016,0.0751,0.5235,-0.3498,0.0500,0.1500,-0.1500,-0.0278,0.1086,0.2537,0.7335,-1.0213,2.3551,16.3616,6.0398,6.9695,5.8203
59839364,-0.0101,0.0012,0.1420,0.5510,-0.4277,0.0500,0.1500,-0.1500,-0.0262,0.1122,0.3096,0.7023,-2.0074,4.6872,14.7563,6.0145,7.0372,5.8816
59844364,-0.0090,0.0039,0.1723,0.5348,-0.4262,0.0500,0.1500,-0.1500,-0.0245,0.1154,0.3471,0.6438,-2.8227,6.5107,13.7434,5.9828,7.0961,5.9180
59849364,-0.0080,0.0067,0.2245,0.5336,-0.3889,0.0500,0.1500,-0.1500,-0.0225,0.1182,0.4044,0.5749,-4.0623,9.0505,11.7544,5.9436,7.1934,5.9545
59854364,-0.0067,0.0091,0.2999,0.4710,-0.3673,-0.0200,0.1500,-0.1500,-0.0201,0.1206,0.4800,0.4623,-4.7205,10.7132,10.0763,5.9050,7.2662,5.9647
59859364,-0.0049,0.0110,0.3509,0.3485,-0.3025,-0.0200,0.0957,-0.1500,-0.0174,0.1219,0.5338,0.2727,-4.7205,13.1064,7.9788,5.8861,7.3859,5.9680
59864364,-0.0028,0.0126,0.3940,0.3057,-0.2665,0.1500,0.0646,-0.1500,-0.0142,0.1228,0.6352,0.1686,-3.9718,14.5757,5.3642,5.8740,7.4707,5.9562
59869364,-0.0005,0.0140,0.4239,0.2615,-0.3563,0.1500,0.0393,-0.1500,-0.0110,0.1231,0.6521,0.0719,-3.2765,16.2540,3.5396,5.8735,7.5971,5.9372
59874364,0.0016,0.0150,0.4023,0.1692,-0.4577,0.1500,0.0071,-0.1500,-0.0080,0.1228,0.6046,-0.0685,-2.4208,17.2139,1.2836,5.8737,7.6836,5.9065
59879364,0.0035,0.0156,0.3674,0.0935,-0.3886,0.1500,-0.0500,-0.1500,-0.0052,0.1218,0.5565,-0.1873,-1.9930,18.3098,-0.4984,5.8735,7.8126,5.8728
59884364,0.0054,0.0153,0.3589,-0.0855,-0.3434,0.1500,-0.0500,-0.1046,-0.0033,0.1213,0.3663,-0.1154,-1.4581,18.7246,-2.0140,5.8740,7.8951,5.8368
59889364,0.0072,0.0144,0.3430,-0.2013,-0.4552,0.1500,-0.0500,-0.0525,-0.0018,0.1200,0.3112,-0.2568,-0.0411,18.7676,-3.7321,5.8991,8.0090,5.7908
59894364,0.0089,0.0130,0.3366,-0.3103,-0.4885,0.1500,-0.0500,-0.0039,-0.0005,0.1180,0.2646,-0.3932,1.3717,18.5039,-5.5764,5.9307,8.0784,5.7255
59899364,0.0108,0.0113,0.3503,-0.3635,-0.4256,0.1500,0.0200,0.0500,0.0008,0.1157,0.2444,-0.4704,2.5375,17.2955,-7.1894,5.9621,8.1614,5.6678
59904364,0.0129,0.0092,0.3775,-0.3738,-0.4048,0.1500,0.0200,0.0500,0.0022,0.1138,0.2909,-0.3742,5.0445,16.2628,-8.5455,6.0351,8.2076,5.5935
59909364,0.0149,0.0071,0.3910,-0.3738,-0.4913,0.1500,-0.1500,0.0500,0.0042,0.1109,0.4032,-0.5870,6.4213,14.1708,-9.5932,6.0859,8.2572,5.5363
59914364,0.0168,0.0050,0.3436,-0.3812,-0.5633,0.1500,-0.1500,0.0500,0.0057,0.1080,0.3031,-0.5805,8.9976,13.2199,-10.2000,6.1835,8.2921,5.4641
59919364,0.0186,0.0029,0.3021,-0.3894,-0.5340,0.1500,-0.1500,-0.0200,0.0068,0.1051,0.2219,-0.5658,10.5081,11.6616,-10.4622,6.2524,8.3350,5.4172
59924364,0.0200,0.0008,0.2352,-0.4059,-0.4341,0.1500,-0.1500,-0.0200,0.0074,0.1023,0.1097,-0.5695,12.6839,10.7854,-9.6250,6.3654,8.3617,5.3717
59929364,0.0210,-0.0014,0.1555,-0.4175,-0.3755,0.1394,-0.1500,0.1213,0.0070,0.0988,-0.0864,-0.6957,14.1788,9.4101,-9.1265,6.4489,8.3946,5.3448
59934364,0.0214,-0.0038,0.0330,-0.4328,-0.3663,0.0849,-0.1500,0.1500,0.0058,0.0954,-0.2303,-0.6788,15.9897,8.8937,-7.4542,6.5751,8.4216,5.3268
59939364,0.0216,-0.0062,0.0000,-0.4514,-0.2775,0.0679,-0.1500,0.1500,0.0044,0.0922,-0.2897,-0.6418,17.0012,6.5184,-6.0954,6.6609,8.4203,5.3269
59944364,0.0217,-0.0088,-0.0165,-0.5012,-0.2356,0.0593,-0.1500,0.1500,0.0027,0.0889,-0.3241,-0.6507,18.2078,5.3308,-4.5275,6.7906,8.4203,5.3265
59949364,0.0216,-0.0116,-0.0611,-0.5214,-0.3352,0.0389,-0.1500,0.1500,0.0008,0.0858,-0.3855,-0.6384,18.9144,3.9882,-3.6914,6.8787,8.4213,5.3269
59954364,0.0211,-0.0143,-0.1148,-0.4890,-0.4616,0.0136,-0.1500,0.1500,-0.0015,0.0829,-0.4564,-0.5675,19.5433,2.3513,-2.7507,7.0065,8.4016,5.3265
59959364,0.0203,-0.0166,-0.1772,-0.4035,-0.5044,-0.0500,-0.1500,0.1500,-0.0041,0.0807,-0.5332,-0.4457,19.6915,0.4576,-2.2281,7.0879,8.3711,5.3270
59964364,0.0192,-0.0184,-0.2416,-0.3051,-0.4015,-0.0500,-0.1500,0.1500,-0.0054,0.0793,-0.2492,-0.2850,19.5853,-1.1196,0.2215,7.2040,8.3387,5.3688
59969364,0.0176,-0.0197,-0.3387,-0.2083,-0.3114,-0.0500,-0.1000,0.1500,-0.0071,0.0786,-0.3452,-0.1382,19.4237,-2.7347,1.9638,7.2789,8.2944,5.4079
59974366,0.0157,-0.0207,-0.4230,-0.1439,-0.4971,-0.0500,-0.0498,0.1500,-0.0092,0.0785,-0.4207,-0.0133,18.5398,-4.2449,4.5100,7.3748,8.2508,5.4786
59979364,0.0134,-0.0215,-0.4954,-0.1280,-0.5643,0.0200,-0.0212,0.1500,-0.0117,0.0788,-0.4919,0.0595,17.4472,-6.0840,6.4882,7.4250,8.1837,5.5399
59984364,0.0107,-0.0219,-0.4884,-0.0941,-0.4797,0.0200,-0.0039,0.1500,-0.0140,0.0795,-0.4729,0.1481,16.0196,-7.2157,9.0348,7.4963,8.1348,5.6370
59989364,0.0083,-0.0225,-0.4594,-0.0736,-0.4409,-0.1500,0.0500,0.1500,-0.0175,0.0806,-0.6970,0.2173,14.6194,-8.8395,10.7273,7.5293,8.0546,5.7106
59994364,0.0059,-0.0227,-0.4414,0.0089,-0.4815,-0.1500,0.0500,0.1500,-0.0203,0.0817,-0.5530,0.2042,12.8675,-9.6131,13.1620,7.5769,8.0028,5.8315
59999364,0.0038,-0.0224,-0.4203,0.1219,-0.5346,-0.1500,0.0500,0.1119,-0.0228,0.0834,-0.5033,0.3425,12.0369,-10.2097,14.8336,7.6093,7.9310,5.9208
60004364,0.0016,-0.0216,-0.4013,0.1885,-0.5285,-0.1500,0.0500,0.0808,-0.0251,0.0855,-0.4517,0.4358,11.0207,-10.4163,16.6021,7.6575,7.8853,6.0505
60009364,-0.0007,-0.0206,-0.4236,0.2392,-0.4445,-0.1500,-0.0200,0.0643,-0.0273,0.0880,-0.4448,0.5005,9.7982,-9.9762,17.5186,7.6743,7.8336,6.1374
60014364,-0.0028,-0.0192,-0.4068,0.2630,-0.3847,-0.1500,-0.0200,0.0472,-0.0292,0.0908,-0.3895,0.5440,8.2206,-8.4184,18.8117,7.6987,7.8278,6.2726
60019364,-0.0049,-0.0179,-0.3738,0.2932,-0.4079,-0.1500,0.1500,0.0212,-0.0312,0.0942,-0.3881,0.6963,6.6993,-7.5177,19.4782,7.6980,7.7985,6.3628
60024364,-0.0069,-0.0162,-0.3723,0.3732,-0.4180,-0.1500,0.1500,-0.0500,-0.0329,0.0981,-0.3387,0.7663,4.9527,-6.1460,20.1597,7.6979,7.7986,6.4955
60029364,-0.0084,-0.0144,-0.3131,0.4044,-0.3941,-0.1500,0.1500,-0.0500,-0.0350,0.1004,-0.4199,0.4724,3.9288,-4.5633,20.4647,7.6954,7.7983,6.5828
60034364,-0.0098,-0.0122,-0.2324,0.4453,-0.3508,-0.1424,0.1500,-0.0500,-0.0364,0.1029,-0.2931,0.5007,1.6718,-3.7192,20.4123,7.6672,7.7987,6.7045
60039364,-0.0106,-0.0100,-0.1341,0.4597,-0.4317,-0.0983,0.1500,-0.0500,-0.0372,0.1054,-0.1568,0.5008,-0.0535,-2.7695,20.0813,7.6367,7.7983,6.7791
60044364,-0.0107,-0.0076,0.0150,0.4710,-0.5655,-0.0284,0.1500,0.0200,-0.0371,0.1080,0.0258,0.5027,-1.6920,-2.1446,19.0465,7.5992,7.8008,6.8759
60049364,-0.0103,-0.0052,0.1283,0.4963,-0.5352,0.0500,0.1500,0.0200,-0.0361,0.1105,0.1866,0.4990,-3.4780,-0.1974,17.8318,7.5531,7.8336,6.9252
60054364,-0.0093,-0.0030,0.2037,0.4954,-0.4732,0.0500,0.1500,-0.1500,-0.0344,0.1140,0.3524,0.7151,-5.2125,1.3203,15.9874,7.4915,7.8650,6.9894
60059364,-0.0079,-0.0005,0.2300,0.5186,-0.5517,0.0500,0.1500,-0.1500,-0.0325,0.1174,0.3849,0.6817,-6.3957,3.5616,14.4428,7.4448,7.9236,7.0198
60064365,-0.0067,0.0022,0.2092,0.5333,-0.6968,0.0500,0.1500,-0.1500,-0.0306,0.1207,0.3642,0.6462,-7.5159,5.2285,12.7489,7.3807,7.9743,7.0674
60069364,-0.0054,0.0048,0.2676,0.4835,-0.5783,-0.0200,0.1500,-0.1500,-0.0285,0.1234,0.4304,0.5411,-7.7298,7.5171,11.3379,7.3456,8.0579,7.0879
60074364,-0.0036,0.0071,0.3824,0.4313,-0.4732,-0.0200,0.1131,-0.1500,-0.0257,0.1256,0.5481,0.4447,-8.0621,9.1401,10.0119,7.2911,8.1235,7.1273
60079364,-0.0016,0.0089,0.4169,0.3430,-0.4677,0.1500,0.0650,-0.1500,-0.0222,0.1271,0.7051,0.2953,-6.8550,11.4479,8.2397,7.2849,8.2309,7.1285
60084364,0.0008,0.0106,0.4374,0.3176,-0.4760,0.1500,0.0486,-0.1500,-0.0187,0.1281,0.7141,0.2114,-6.6081,12.9797,5.8584,7.2495,8.3101,7.1227
60089364,0.0033,0.0123,0.4737,0.3149,-0.4589,0.1500,0.0375,-0.1500,-0.0150,0.1289,0.7387,0.1625,-5.4233,15.0047,4.8062,7.2492,8.4347,7.1229
60094364,0.0056,0.0136,0.4887,0.3039,-0.4619,0.1500,0.0288,-0.1500,-0.0113,0.1295,0.7279,0.1166,-4.0231,16.0606,3.5324,7.2491,8.5183,7.1223
60099364,0.0080,0.0148,0.4826,0.2007,-0.4946,0.1500,-0.0500,-0.1500,-0.0078,0.1294,0.7101,-0.0238,-3.2691,17.3649,2.3640,7.2496,8.6454,7.1113
60104364,0.0103,0.0154,0.4426,0.1005,-0.5065,0.1500,-0.0500,-0.1500,-0.0054,0.1299,0.4829,0.0992,-2.4074,17.9203,-0.0969,7.2498,8.7273,7.0695
60109364,0.0127,0.0155,0.4450,0.0168,-0.5154,0.1500,-0.0500,-0.1500,-0.0031,0.1299,0.4522,-0.0054,-1.1855,18.0963,-1.5014,7.2666,8.8395,7.0381
60114364,0.0150,0.0151,0.4175,-0.1014,-0.5010,0.1500,-0.0500,-0.1249,-0.0012,0.1291,0.3701,-0.1467,1.2183,17.9312,-3.0460,7.3143,8.9082,6.9931
60119364,0.0168,0.0137,0.3543,-0.3021,-0.4748,0.1500,0.0200,-0.0302,0.0001,0.1273,0.2719,-0.3676,2.5686,16.7878,-4.4094,7.3486,8.9896,6.9515
60124364,0.0187,0.0121,0.3900,-0.3351,-0.5004,0.1500,0.0200,-0.0192,0.0013,0.1252,0.2417,-0.4283,5.4790,15.6691,-6.2588,7.4309,9.0319,6.8829
60129364,0.0205,0.0101,0.3885,-0.3543,-0.5267,0.1500,-0.1500,0.0500,0.0029,0.1218,0.3242,-0.6708,7.1195,13.8957,-7.2151,7.4888,9.0857,6.8372
60134364,0.0225,0.0081,0.3488,-0.3806,-0.5866,0.1500,-0.1500,0.0500,0.0044,0.1190,0.2901,-0.5704,9.7364,12.5327,-9.0208,7.5922,9.1110,6.7528
60139364,0.0241,0.0060,0.2709,-0.3876,-0.6000,0.1500,-0.1500,0.0500,0.0052,0.1162,0.1681,-0.5564,11.5691,11.1024,-9.7079,7.6714,9.1530,6.7022
60144364,0.0253,0.0039,0.1915,-0.3961,-0.4790,0.1500,-0.1500,0.0500,0.0054,0.1134,0.0397,-0.5507,13.9105,10.1213,-10.5838,7.7945,9.1767,6.6244
60149364,0.0262,0.0018,0.1396,-0.3659,-0.4186,0.1500,-0.1500,-0.0200,0.0052,0.1109,-0.0468,-0.5030,15.3071,8.9388,-10.6392,7.8808,9.2111,6.5808
60154364,0.0265,-0.0004,0.0785,-0.3720,-0.4427,0.1293,-0.1500,-0.0200,0.0045,0.1085,-0.1503,-0.4860,16.9795,7.3874,-9.8082,8.0113,9.2129,6.5347
60159364,0.0269,-0.0023,0.0510,-0.4019,-0.4467,0.1098,-0.1500,0.1309,0.0030,0.1053,-0.2925,-0.6262,17.7475,5.2543,-9.6427,8.0965,9.2079,6.4988
60164364,0.0271,-0.0048,0.0235,-0.5055,-0.4311,0.0975,-0.1500,0.1500,0.0013,0.1019,-0.3314,-0.6892,18.8426,4.3332,-7.8222,8.2291,9.2086,6.4844
60169364,0.0272,-0.0074,-0.0180,-0.5189,-0.5410,0.0791,-0.1500,0.1500,-0.0007,0.0985,-0.3965,-0.6836,19.5639,3.0633,-7.8222,8.3205,9.2056,6.4532
60174364,0.0269,-0.0100,-0.0779,-0.4578,-0.6217,0.0520,-0.1500,0.1500,-0.0030,0.0956,-0.4619,-0.5683,20.0400,1.4109,-5.8296,8.4487,9.1816,6.4520
60179364,0.0263,-0.0120,-0.1494,-0.3329,-0.5526,0.0160,-0.1500,0.1500,-0.0057,0.0937,-0.5449,-0.3984,20.2480,-0.5501,-4.7808,8.5333,9.1461,6.4517
60184364,0.0253,-0.0134,-0.2309,-0.2178,-0.4067,-0.0500,-0.1107,0.1500,-0.0088,0.0924,-0.6299,-0.2431,20.3568,-1.9721,-3.5223,8.6573,9.1125,6.4520
60189364,0.0238,-0.0143,-0.3320,-0.1509,-0.3492,-0.0500,-0.0734,0.1387,-0.0108,0.0918,-0.3933,-0.1288,20.3568,-4.3052,-2.8931,8.7388,9.0469,6.4517
60194364,0.0218,-0.0149,-0.4325,-0.1103,-0.4338,-0.0500,-0.0303,0.1500,-0.0133,0.0915,-0.4923,-0.0507,19.8868,-5.4798,-1.5440,8.8503,9.0047,6.4641
60199364,0.0197,-0.0156,-0.4707,-0.1164,-0.5682,-0.0500,-0.0166,0.1500,-0.0159,0.0915,-0.5300,0.0008,19.3437,-7.3886,0.4144,8.9184,8.9284,6.5006
60204364,0.0171,-0.0163,-0.4811,-0.1017,-0.6043,0.0200,-0.0026,0.1500,-0.0186,0.0919,-0.5275,0.0702,18.1427,-8.4753,3.0133,9.0072,8.8755,6.5624
60209364,0.0145,-0.0169,-0.4966,-0.0681,-0.5948,0.0200,0.0500,0.1500,-0.0213,0.0926,-0.5404,0.1459,16.9765,-9.7331,4.5881,9.0544,8.7964,6.6089
60214364,0.0118,-0.0172,-0.5229,0.0113,-0.6119,-0.1500,0.0500,0.1500,-0.0249,0.0932,-0.7307,0.1194,15.6119,-10.2365,7.3565,9.1242,8.7471,6.7000
60219364,0.0090,-0.0170,-0.5202,0.0797,-0.6113,-0.1500,0.0500,0.1315,-0.0284,0.0943,-0.6942,0.2119,14.4483,-10.4789,8.9482,9.1605,8.6801,6.7640
60224364,0.0064,-0.0165,-0.4972,0.1460,-0.6098,-0.1500,0.0500,0.1000,-0.0315,0.0959,-0.6190,0.3152,12.6440,-10.1691,11.4119,9.2061,8.6453,6.8743
60229364,0.0037,-0.0156,-0.4856,0.2111,-0.5355,-0.1500,-0.0200,0.0714,-0.0344,0.0979,-0.5883,0.4040,12.3159,-8.5737,12.9797,9.2496,8.6198,6.9545
60234364,0.0014,-0.0146,-0.4581,0.2602,-0.4134,-0.1500,-0.0200,0.0421,-0.0370,0.1003,-0.5162,0.4862,10.8210,-8.5737,15.1646,9.2884,8.5855,7.0829
60239364,-0.0008,-0.0131,-0.4019,0.3235,-0.3611,-0.1500,0.1500,-0.0500,-0.0394,0.1036,-0.4778,0.6636,9.3354,-6.3831,16.4187,9.2991,8.5841,7.1711
60244364,-0.0027,-0.0113,-0.3421,0.3824,-0.3471,-0.1500,0.1500,-0.0500,-0.0420,0.1059,-0.5227,0.4602,7.8744,-5.2148,17.7746,9.3223,8.5842,7.3012
60249364,-0.0046,-0.0095,-0.3558,0.4007,-0.3117,-0.1500,0.1500,-0.0500,-0.0445,0.1082,-0.4987,0.4582,6.3637,-3.8517,18.4727,9.3206,8.5842,7.3880
60254364,-0.0061,-0.0075,-0.3338,0.4230,-0.4323,-0.1500,0.1500,-0.0500,-0.0467,0.1106,-0.4324,0.4703,4.1353,-3.1702,18.9817,9.3077,8.5838,7.5110
60259364,-0.0070,-0.0051,-0.1378,0.4808,-0.4308,-0.0885,0.1500,0.0200,-0.0477,0.1131,-0.2008,0.5157,2.4881,-2.3427,18.8249,9.2884,8.5838,7.5837
60264364,-0.0073,-0.0027,-0.0363,0.4942,-0.4876,-0.0407,0.1500,0.0200,-0.0479,0.1157,-0.0531,0.5191,0.1408,-1.6718,17.8252,9.2481,8.5888,7.6745
60269364,-0.0071,-0.0002,0.0916,0.5018,-0.5719,0.0500,0.1500,-0.1500,-0.0467,0.1195,0.2448,0.7453,-0.3944,0.3637,16.6408,9.2383,8.6269,7.7201
60274364,-0.0063,0.0022,0.1927,0.5107,-0.5542,0.0500,0.1500,-0.1500,-0.0450,0.1230,0.3381,0.7118,-2.1410,1.7062,15.1513,9.1940,8.6573,7.7862
60279364,-0.0050,0.0048,0.2208,0.4893,-0.5258,0.0500,0.1500,-0.1500,-0.0431,0.1262,0.3782,0.6382,-3.3166,4.1351,14.0858,9.1602,8.7233,7.8229
60284364,-0.0036,0.0074,0.2306,0.5015,-0.5905,0.0500,0.1500,-0.1500,-0.0412,0.1293,0.3883,0.6080,-3.8449,5.5544,12.6685,9.1292,8.7711,7.8735
60289364,-0.0025,0.0099,0.2547,0.4890,-0.5881,-0.0200,0.1500,-0.1500,-0.0391,0.1319,0.4197,0.5304,-4.0588,8.1405,10.8963,9.1087,8.8638,7.8853
60294364,-0.0011,0.0123,0.3060,0.4743,-0.4763,-0.0200,0.1500,-0.1500,-0.0367,0.1343,0.4733,0.4712,-4.0588,9.7425,9.5256,9.0844,8.9314,7.9198
60299364,0.0008,0.0145,0.3830,0.4166,-0.4106,0.1500,0.1156,-0.1500,-0.0336,0.1360,0.6228,0.3538,-3.7820,12.1679,7.9633,9.0738,9.0454,7.9237
60304364,0.0031,0.0161,0.4624,0.2966,-0.3056,0.1500,0.0486,-0.1500,-0.0302,0.1369,0.6785,0.1754,-2.7852,13.7274,5.6198,9.0741,9.1284,7.9177
60309364,0.0056,0.0175,0.4774,0.2740,-0.4387,0.1500,0.0352,-0.1500,-0.0267,0.1374,0.6915,0.1048,-2.2868,15.6958,4.3926,9.0739,9.2562,7.9131
60314364,0.0079,0.0184,0.4374,0.1564,-0.5191,0.1500,-0.0500,-0.1500,-0.0236,0.1371,0.6273,-0.0686,-1.6777,16.7670,1.7344,9.0741,9.3426,7.8785
60319364,0.0100,0.0190,0.3876,0.0794,-0.3978,0.1500,-0.0500,-0.1500,-0.0215,0.1376,0.4218,0.0970,-1.4008,17.9111,1.1806,9.0735,9.4697,7.8727
60324364,0.0120,0.0189,0.3848,-0.0308,-0.3618,0.1500,-0.0500,-0.1500,-0.0196,0.1374,0.3839,-0.0401,-0.2683,18.3459,-0.6271,9.0896,9.5508,7.8403
60329364,0.0141,0.0182,0.4001,-0.1628,-0.4308,0.1500,-0.0500,-0.1090,-0.0178,0.1364,0.3612,-0.1901,1.3371,18.4496,-1.8355,9.1240,9.6633,7.8112
60334364,0.0161,0.0170,0.3754,-0.2575,-0.5047,0.1500,0.0200,-0.0622,-0.0163,0.1348,0.2909,-0.3158,2.9354,17.9553,-3.9209,9.1679,9.7264,7.7527
60339364,0.0180,0.0153,0.3509,-0.3503,-0.5707,0.1500,0.0200,-0.0168,-0.0151,0.1328,0.2403,-0.4175,4.1699,16.7565,-4.5059,9.2074,9.8072,7.7245
60344364,0.0201,0.0133,0.3619,-0.3534,-0.5136,0.1500,-0.1500,-0.0017,-0.0135,0.1294,0.3282,-0.6799,6.6963,15.5515,-6.2165,9.2905,9.8479,7.6573
60349364,0.0222,0.0115,0.3971,-0.3033,-0.5441,0.1500,-0.1500,-0.0252,-0.0119,0.1263,0.3130,-0.6152,8.1706,13.6344,-7.1579,9.3498,9.8975,7.6111
60354364,0.0238,0.0096,0.3021,-0.3085,-0.6192,0.1500,-0.1500,0.0500,-0.0111,0.1232,0.1575,-0.6248,10.5567,12.6533,-8.4223,9.4542,9.9313,7.5396
60359364,0.0253,0.0079,0.2483,-0.3308,-0.5820,0.1500,-0.1500,0.0500,-0.0104,0.1206,0.1369,-0.5040,12.2224,11.3802,-8.8637,9.5330,9.9784,7.4968
60364364,0.0264,0.0061,0.1744,-0.3567,-0.4702,0.1500,-0.1500,0.0500,-0.0104,0.1181,0.0157,-0.5153,14.4576,10.3734,-8.9161,9.6576,10.0027,7.4425
60369364,0.0271,0.0039,0.1063,-0.3861,-0.4225,0.1471,-0.1500,0.0500,-0.0108,0.1154,-0.0799,-0.5340,15.6723,9.6463,-8.6232,9.7420,10.0467,7.4128
60374364,0.0274,0.0016,0.0528,-0.4093,-0.4867,0.1222,-0.1500,-0.0200,-0.0116,0.1127,-0.1763,-0.5329,17.3238,8.0108,-8.0140,9.8739,10.0495,7.3737
60379364,0.0278,-0.0005,0.0544,-0.4187,-0.4720,0.1216,-0.1500,-0.0200,-0.0127,0.1102,-0.2061,-0.5099,18.0474,5.8477,-6.5741,9.9590,10.0475,7.3733
60384364,0.0282,-0.0026,0.0434,-0.4426,-0.3944,0.1121,-0.1500,0.1404,-0.0141,0.1072,-0.2852,-0.5896,19.0337,4.7926,-4.8573,10.0901,10.0476,7.3735
60389364,0.0283,-0.0052,-0.0128,-0.4643,-0.4598,0.0872,-0.1500,0.1500,-0.0159,0.1044,-0.3583,-0.5696,19.4892,2.8826,-3.9713,10.1764,10.0335,7.3736
60394364,0.0280,-0.0073,-0.0874,-0.3604,-0.5239,0.0527,-0.1500,0.1500,-0.0181,0.1023,-0.4485,-0.4233,20.0129,1.0927,-2.9190,10.3055,10.0058,7.3739
60399364,0.0271,-0.0089,-0.2181,-0.2718,-0.4326,-0.0500,-0.1234,0.1500,-0.0211,0.1008,-0.5937,-0.3028,20.2841,-0.5333,-2.4206,10.3915,9.9758,7.3732
60404364,0.0256,-0.0101,-0.3054,-0.1851,-0.3776,-0.0500,-0.0841,0.1285,-0.0228,0.0998,-0.3347,-0.1858,20.4951,-1.6704,-1.7561,10.5179,9.9485,7.3740
60409364,0.0239,-0.0110,-0.3836,-0.1319,-0.4103,-0.0500,-0.0429,0.1308,-0.0249,0.0993,-0.4254,-0.1024,20.3933,-3.4149,-1.4792,10.5976,9.8982,7.3731
60414364,0.0220,-0.0116,-0.4233,-0.0987,-0.5218,-0.0500,-0.0155,0.1310,-0.0272,0.0992,-0.4582,-0.0226,20.0832,-4.5746,0.4882,10.7133,9.8588,7.4084
60419364,0.0198,-0.0122,-0.4725,-0.0651,-0.5826,0.0200,0.0500,0.1327,-0.0297,0.0995,-0.5071,0.0597,19.7750,-6.1976,2.1409,10.7870,9.7936,7.4466
60424364,0.0172,-0.0126,-0.5064,-0.0321,-0.5795,0.0200,0.0500,0.1361,-0.0321,0.0996,-0.4727,0.0264,18.6199,-7.0366,3.9505,10.8790,9.7513,7.4996
60429364,0.0145,-0.0130,-0.5415,-0.0186,-0.5835,-0.1500,0.0500,0.1500,-0.0361,0.0999,-0.7955,0.0625,17.4332,-7.6743,5.5756,10.9275,9.6946,7.5510
60434365,0.0117,-0.0132,-0.5815,0.0150,-0.5798,-0.1500,0.0500,0.1500,-0.0400,0.1006,-0.7944,0.1253,16.0106,-7.8292,7.5125,10.9989,9.6606,7.6289
60439364,0.0087,-0.0130,-0.5818,0.0889,-0.5105,-0.1500,-0.0200,0.1269,-0.0438,0.1017,-0.7611,0.2253,14.9168,-7.2240,9.2303,11.0385,9.6262,7.6965
60444364,0.0056,-0.0122,-0.5776,0.1869,-0.4601,-0.1500,-0.0200,0.0872,-0.0474,0.1035,-0.7107,0.3555,13.3075,-5.9037,11.3576,11.0912,9.6264,7.7999
60449364,0.0027,-0.0112,-0.5434,0.2385,-0.3633,-0.1500,0.1500,0.0548,-0.0509,0.1060,-0.6995,0.5108,12.6123,-5.5186,12.7632,11.1300,9.6007,7.8762
60454364,0.0002,-0.0099,-0.4743,0.2963,-0.2964,-0.1500,0.1500,0.0134,-0.0538,0.1090,-0.5822,0.5962,10.9766,-5.2752,14.8392,11.1683,9.5836,8.0009
60459364,-0.0021,-0.0083,-0.4432,0.3549,-0.2600,-0.1500,0.1500,-0.0500,-0.0563,0.1123,-0.5024,0.6536,9.4719,-3.9122,16.0960,11.1792,9.5835,8.0883
60464364,-0.0045,-0.0066,-0.4581,0.3897,-0.2918,-0.1500,0.1500,-0.0500,-0.0594,0.1144,-0.6079,0.4337,7.2149,-2.9429,17.6100,11.1842,9.5888,8.2203
60469364,-0.0066,-0.0048,-0.3974,0.4010,-0.3813,-0.1500,0.1500,-0.0500,-0.0619,0.1165,-0.5008,0.4098,5.7103,-0.5774,18.2800,11.1801,9.6261,8.3057
60474364,-0.0083,-0.0027,-0.3195,0.4435,-0.3792,-0.1500,0.1500,-0.0500,-0.0637,0.1187,-0.3736,0.4506,2.9073,-0.4674,18.6032,11.1508,9.6263,8.4235
60479364,-0.0096,-0.0004,-0.2205,0.4609,-0.3929,-0.1320,0.1500,0.0200,-0.0649,0.1210,-0.2305,0.4426,1.1959,1.2393,18.4459,11.1248,9.6611,8.4944
60484364,-0.0102,0.0019,-0.0922,0.4856,-0.4876,-0.0732,0.1500,0.0200,-0.0652,0.1232,-0.0597,0.4459,-0.5538,2.6736,17.1543,11.0931,9.6975,8.5746
60489364,-0.0098,0.0045,0.1103,0.5202,-0.5694,0.0500,0.1500,-0.1500,-0.0636,0.1266,0.3260,0.6919,-2.0058,4.7689,16.2136,11.0588,9.7620,8.6218
60494364,-0.0094,0.0073,0.1161,0.5449,-0.5630,0.0500,0.1500,-0.1500,-0.0621,0.1300,0.2955,0.6612,-4.1191,6.5055,14.2301,10.9984,9.8192,8.6728
60499364,-0.0085,0.0100,0.1613,0.5128,-0.5636,0.0500,0.1500,-0.1500,-0.0603,0.1328,0.3525,0.5766,-4.8515,8.9281,13.1271,10.9667,9.9139,8.7053
60504364,-0.0077,0.0126,0.1762,0.4917,-0.5468,0.0500,0.1500,-0.1500,-0.0585,0.1354,0.3713,0.5092,-6.3084,10.6828,11.7834,10.9037,9.9880,8.7533
60509364,-0.0065,0.0149,0.2682,0.4591,-0.5621,-0.0200,0.1500,-0.1500,-0.0561,0.1375,0.4724,0.4185,-6.8967,13.1301,10.3491,10.8657,10.1079,8.7684
60514364,-0.0049,0.0169,0.3332,0.3864,-0.5633,-0.0200,0.1366,-0.1500,-0.0534,0.1390,0.5376,0.2995,-7.3397,14.6742,8.7993,10.8147,10.1943,8.7965
60519364,-0.0029,0.0187,0.3528,0.3445,-0.5169,0.1500,0.1096,-0.1500,-0.0500,0.1400,0.6863,0.2052,-7.3397,16.6103,7.2494,10.7853,10.3268,8.7977
60524364,-0.0008,0.0205,0.3815,0.3384,-0.4830,0.1500,0.1001,-0.1500,-0.0465,0.1408,0.6870,0.1507,-6.3648,17.5643,4.9731,10.7652,10.4140,8.7889
60529364,0.0013,0.0224,0.3781,0.3491,-0.5181,0.1500,0.1058,-0.1500,-0.0432,0.1414,0.6747,0.1258,-5.8801,18.7076,3.7434,10.7498,10.5455,8.7821
60534365,0.0032,0.0234,0.3998,0.2211,-0.5899,0.1500,0.0514,-0.1500,-0.0399,0.1412,0.6541,-0.0463,-4.3722,19.2301,1.3161,10.7493,10.6317,8.7483
60539364,0.0052,0.0242,0.4044,0.1268,-0.4968,0.1500,0.0109,-0.1500,-0.0367,0.1404,0.6443,-0.1574,-3.5643,19.7499,0.7311,10.7496,10.7588,8.7413
60544364,0.0074,0.0242,0.3974,-0.0064,-0.4919,0.1500,-0.0500,-0.1500,-0.0337,0.1387,0.6010,-0.3321,-2.6488,19.9569,-1.8408,10.7494,10.8424,8.6867
60549364,0.0094,0.0237,0.3635,-0.1246,-0.5496,0.1500,-0.0500,-0.1241,-0.0318,0.1379,0.3690,-0.1699,-1.9005,20.1185,-3.0584,10.7548,10.9659,8.6524
60554364,0.0110,0.0227,0.2926,-0.2230,-0.5636,0.1500,-0.0500,-0.0662,-0.0306,0.1364,0.2417,-0.2949,0.4984,20.1185,-4.8423,10.7978,11.0464,8.5928
60559364,0.0125,0.0212,0.2899,-0.3152,-0.4949,0.1500,-0.0500,-0.0261,-0.0296,0.1343,0.2010,-0.4086,1.9821,19.4395,-6.2851,10.8326,11.1516,8.5418
60564364,0.0141,0.0195,0.3186,-0.3552,-0.4317,0.1500,0.0200,-0.0113,-0.0288,0.1320,0.1673,-0.4713,4.8583,18.7840,-7.8012,10.9103,11.2152,8.4692
60569364,0.0158,0.0174,0.3476,-0.3650,-0.4778,0.1500,0.0200,-0.0069,-0.0280,0.1295,0.1574,-0.4990,6.5262,17.4938,-9.0055,10.9664,11.2976,8.4113
60574364,0.0176,0.0153,0.3128,-0.4007,-0.5762,0.1500,-0.1500,0.0500,-0.0270,0.1255,0.2046,-0.7959,9.3057,16.1466,-10.2481,11.0694,11.3377,8.3291
60579364,0.0193,0.0132,0.2935,-0.4126,-0.5114,0.1500,-0.1500,0.0500,-0.0258,0.1224,0.2272,-0.6269,11.0503,14.1764,-10.7362,11.1448,11.3896,8.2774
60584364,0.0204,0.0109,0.1652,-0.4065,-0.4552,0.1500,-0.1500,0.0500,-0.0256,0.1193,0.0486,-0.6096,13.5692,13.3951,-11.0672,11.2689,11.4297,8.2050
60589364,0.0210,0.0085,0.1011,-0.4200,-0.5059,0.1241,-0.1500,0.0500,-0.0258,0.1163,-0.0501,-0.6063,14.9954,12.2643,-10.8647,11.3546,11.4840,8.1651
60594364,0.0215,0.0064,0.0464,-0.4139,-0.5392,0.0991,-0.1500,-0.0200,-0.0266,0.1134,-0.1464,-0.5820,16.7740,11.0337,-9.9137,11.4857,11.5067,8.1212
60599364,0.0218,0.0041,0.0082,-0.4307,-0.4806,0.0804,-0.1500,-0.0200,-0.0276,0.1105,-0.2116,-0.5847,17.8502,10.0841,-8.1416,11.5763,11.5529,8.1205
60604364,0.0218,0.0018,-0.0385,-0.4676,-0.3859,0.0508,-0.1500,0.1500,-0.0294,0.1069,-0.3592,-0.7128,18.8983,8.3959,-7.8772,11.7072,11.5562,8.0773
60609364,0.0216,-0.0006,-0.0742,-0.5070,-0.3599,0.0322,-0.1500,0.1500,-0.0315,0.1034,-0.4145,-0.6933,19.4535,5.8635,-6.4661,11.7949,11.5485,8.0768
60614364,0.0210,-0.0034,-0.0736,-0.5391,-0.4393,0.0309,-0.1500,0.1500,-0.0336,0.1000,-0.4202,-0.6840,20.0835,4.7556,-4.7937,11.9262,11.5475,8.0766
60619364,0.0206,-0.0063,-0.1026,-0.5287,-0.5435,0.0166,-0.1500,0.1500,-0.0359,0.0968,-0.4610,-0.6353,20.3602,3.0820,-3.9053,12.0127,11.5384,8.0770
60624366,0.0200,-0.0090,-0.1429,-0.4814,-0.5359,-0.0500,-0.1500,0.1500,-0.0384,0.0941,-0.5093,-0.5463,20.4067,1.2922,-2.9123,12.1360,11.5115,8.0766
60629364,0.0186,-0.0107,-0.3057,-0.2825,-0.4503,-0.0500,-0.1098,0.1500,-0.0401,0.0926,-0.3340,-0.3040,20.0966,-0.9211,-2.3897,12.2109,11.4681,8.0765
60634366,0.0168,-0.0118,-0.3980,-0.1738,-0.4793,-0.0500,-0.0437,0.1500,-0.0422,0.0919,-0.4165,-0.1346,19.6565,-2.3902,0.2215,12.3216,11.4324,8.1216
60639364,0.0146,-0.0126,-0.4557,-0.1145,-0.5380,-0.0500,-0.0029,0.1500,-0.0446,0.0917,-0.4828,-0.0337,18.8391,-4.2886,1.1135,12.3822,11.3750,8.1415
60644364,0.0120,-0.0131,-0.4804,-0.0837,-0.5844,0.0200,0.0500,0.1500,-0.0471,0.0920,-0.4974,0.0509,17.3478,-5.5056,3.5130,12.4620,11.3311,8.2038
60649364,0.0093,-0.0138,-0.5241,-0.0806,-0.6073,0.0200,0.0500,0.1500,-0.0495,0.0920,-0.4811,-0.0057,16.3635,-7.1264,5.0441,12.5100,11.2609,8.2509
60654364,0.0067,-0.0140,-0.5269,-0.0690,-0.5823,-0.1500,0.0500,0.1500,-0.0531,0.0922,-0.7125,0.0384,14.3096,-8.0923,7.2625,12.5611,11.2114,8.3326
60659364,0.0040,-0.0142,-0.5235,0.0180,-0.5392,-0.1500,0.0500,0.1500,-0.0564,0.0929,-0.6696,0.1502,12.8324,-8.6055,8.9006,12.5864,11.1509,8.3977
60664364,0.0014,-0.0139,-0.4966,0.1023,-0.5765,-0.1500,-0.0200,0.1165,-0.0594,0.0943,-0.5973,0.2702,11.3751,-8.8255,11.2694,12.6308,11.1117,8.5056
60669364,-0.0011,-0.0131,-0.4615,0.1985,-0.5478,-0.1500,-0.0200,0.0711,-0.0621,0.0962,-0.5374,0.3886,10.6716,-7.9980,12.7352,12.6608,11.0768,8.5832
60674364,-0.0034,-0.0118,-0.4300,0.3051,-0.3474,-0.1500,0.1500,0.0118,-0.0648,0.0994,-0.5348,0.6442,9.5901,-7.7870,14.9281,12.6984,11.0490,8.7106
60679364,-0.0050,-0.0100,-0.2883,0.3461,-0.2918,-0.1475,0.1500,-0.0500,-0.0664,0.1028,-0.3341,0.6755,7.8435,-5.7822,16.2758,12.6983,11.0485,8.7999
60684364,-0.0066,-0.0084,-0.3018,0.3662,-0.3138,-0.1500,0.1500,-0.0500,-0.0686,0.1050,-0.4426,0.4367,5.8152,-4.7270,17.7366,12.6985,11.0486,8.9313
60689364,-0.0078,-0.0066,-0.2816,0.3738,-0.4366,-0.1500,0.1500,-0.0500,-0.0706,0.1071,-0.3972,0.4326,4.7446,-3.9357,18.3823,12.6981,11.0394,9.0167
60694365,-0.0090,-0.0046,-0.2132,0.4435,-0.4323,-0.1314,0.1500,-0.0500,-0.0721,0.1096,-0.2954,0.4912,3.1755,-3.1971,18.9442,12.6911,11.0390,9.1404
60699364,-0.0099,-0.0022,-0.1503,0.4945,-0.3401,-0.1056,0.1500,0.0200,-0.0731,0.1122,-0.1961,0.5241,1.6709,-1.9837,18.9406,12.6708,11.0488,9.2162
60704364,-0.0104,0.0003,-0.0651,0.5101,-0.4131,-0.0652,0.1500,0.0200,-0.0734,0.1149,-0.0633,0.5277,-0.6953,-1.1885,17.8562,12.6271,11.0578,9.3057
60709364,-0.0102,0.0030,0.0599,0.5241,-0.5307,0.0500,0.1500,-0.1500,-0.0722,0.1187,0.2378,0.7605,-1.2414,1.1849,16.9678,12.6125,11.1055,9.3578
60714364,-0.0096,0.0056,0.1512,0.5171,-0.5279,0.0500,0.1500,-0.1500,-0.0707,0.1222,0.3075,0.7047,-3.5437,2.7881,15.2969,12.5517,11.1455,9.4213
60719364,-0.0084,0.0081,0.1998,0.4997,-0.5475,0.0500,0.1500,-0.1500,-0.0688,0.1253,0.3693,0.6290,-4.3701,5.4900,14.0926,12.5192,11.2241,9.4560
60724364,-0.0072,0.0107,0.2098,0.4905,-0.5270,0.0500,0.1500,-0.1500,-0.0669,0.1282,0.3811,0.5721,-5.0163,7.1699,12.5834,12.4767,11.2829,9.5061
60729364,-0.0060,0.0132,0.2483,0.4875,-0.5035,-0.0200,0.1500,-0.1500,-0.0648,0.1308,0.4343,0.5131,-5.8615,9.8713,11.5353,12.4374,11.3881,9.5326
60734364,-0.0045,0.0155,0.3161,0.4368,-0.4641,-0.0200,0.1500,-0.1500,-0.0623,0.1328,0.4992,0.4040,-5.5323,11.6421,9.4042,12.4090,11.4664,9.5535
60739364,-0.0027,0.0172,0.3635,0.3247,-0.3657,0.1500,0.0975,-0.1500,-0.0591,0.1339,0.6352,0.2326,-4.7330,14.0504,7.8544,12.4048,11.5915,9.5571
60744364,-0.0005,0.0188,0.4071,0.2929,-0.2863,0.1500,0.0723,-0.1500,-0.0557,0.1347,0.6708,0.1453,-4.7330,15.4303,5.5297,12.3764,11.6783,9.5509
60749364,0.0021,0.0204,0.4759,0.3231,-0.3541,0.1500,0.0671,-0.1500,-0.0521,0.1353,0.7275,0.1280,-3.9842,17.0548,3.9798,12.3738,11.8087,9.5390
60754364,0.0046,0.0216,0.4417,0.2407,-0.5120,0.1500,0.0428,-0.1500,-0.0488,0.1353,0.6562,0.0008,-2.4831,17.8843,1.8271,12.3836,11.8955,9.5145
60759364,0.0068,0.0226,0.4157,0.1695,-0.4986,0.1500,0.0191,-0.1500,-0.0458,0.1348,0.6036,-0.1002,-0.9785,18.8163,0.7789,12.4067,12.0249,9.4981
60764364,0.0088,0.0232,0.3906,0.0977,-0.4036,0.1500,-0.0500,-0.1500,-0.0430,0.1338,0.5605,-0.2040,-0.5930,19.2262,-0.9439,12.4099,12.1094,9.4646
60769364,0.0109,0.0227,0.3934,-0.1246,-0.4766,0.1500,-0.0500,-0.1299,-0.0412,0.1330,0.3498,-0.1625,1.2395,19.5946,-2.5496,12.4472,12.2336,9.4255
60774364,0.0129,0.0216,0.3751,-0.2367,-0.5184,0.1500,-0.0500,-0.0789,-0.0398,0.1315,0.2874,-0.3011,2.9140,19.4331,-4.3247,12.4915,12.3085,9.3698
60779364,0.0150,0.0201,0.3839,-0.3100,-0.4708,0.1500,-0.0500,-0.0499,-0.0385,0.1295,0.2565,-0.3900,4.7077,18.8046,-5.3699,12.5426,12.4108,9.3304
60784364,0.0172,0.0185,0.4096,-0.3335,-0.3828,0.1500,0.0200,-0.0425,-0.0374,0.1273,0.2235,-0.4403,7.2231,17.8973,-7.1602,12.6282,12.4662,9.2576
60789364,0.0193,0.0166,0.3720,-0.3555,-0.3990,0.1500,0.0200,-0.0210,-0.0367,0.1250,0.1492,-0.4735,8.9896,16.5026,-7.9053,12.6957,12.5410,9.2130
60794364,0.0213,0.0146,0.3457,-0.3583,-0.5585,0.1500,-0.1500,0.0500,-0.0357,0.1213,0.2015,-0.7270,11.4571,15.2892,-9.2911,12.8056,12.5801,9.1336
60799364,0.0229,0.0126,0.2816,-0.3610,-0.6040,0.1500,-0.1500,0.0500,-0.0348,0.1185,0.1756,-0.5664,13.0360,13.5284,-9.7248,12.8860,12.6311,9.0867
60804364,0.0242,0.0107,0.2111,-0.3476,-0.4757,0.1500,-0.1500,0.0500,-0.0345,0.1158,0.0627,-0.5443,15.1778,12.9233,-10.2282,13.0134,12.6712,9.0162
60809364,0.0251,0.0086,0.1326,-0.3702,-0.4195,0.1500,-0.1500,0.0500,-0.0347,0.1130,-0.0470,-0.5445,16.2169,11.4120,-10.3386,13.0971,12.7136,8.9728
60814364,0.0255,0.0065,0.0275,-0.3943,-0.5340,0.1053,-0.1500,-0.0200,-0.0356,0.1102,-0.1836,-0.5615,17.7837,10.9198,-9.0801,13.2310,12.7479,8.9390
60819364,0.0257,0.0045,0.0092,-0.4178,-0.5053,0.0948,-0.1500,-0.0200,-0.0368,0.1075,-0.2370,-0.5524,18.7102,8.7384,-8.5430,13.3224,12.7622,8.9138
60824364,0.0258,0.0021,-0.0257,-0.4395,-0.4641,0.0738,-0.1500,0.1487,-0.0385,0.1041,-0.3405,-0.6664,19.5450,8.7384,-6.2483,13.4536,12.7971,8.9153
60829364,0.0256,-0.0004,-0.0596,-0.4423,-0.4296,0.0560,-0.1500,0.1500,-0.0405,0.1010,-0.3975,-0.6285,19.9536,6.4698,-5.8089,13.5407,12.7973,8.9005
60834364,0.0254,-0.0028,-0.0644,-0.4233,-0.4305,0.0514,-0.1500,0.1500,-0.0426,0.0981,-0.4228,-0.5770,20.4277,4.6863,-5.4212,13.6712,12.7841,8.8736
60839364,0.0250,-0.0052,-0.0843,-0.4026,-0.4430,0.0399,-0.1500,0.1500,-0.0449,0.0956,-0.4613,-0.5011,20.6481,2.0015,-4.4244,13.7577,12.7506,8.8738
60844364,0.0244,-0.0072,-0.1527,-0.3613,-0.4647,0.0071,-0.1500,0.1500,-0.0476,0.0935,-0.5325,-0.4204,20.6462,0.5248,-3.2614,13.8814,12.7263,8.8740
60849363,0.0234,-0.0089,-0.2343,-0.2798,-0.5099,-0.0500,-0.1132,0.1500,-0.0507,0.0920,-0.6210,-0.2969,20.3361,-1.5755,-2.5743,13.9574,12.6813,8.8776
60854364,0.0219,-0.0101,-0.3146,-0.1707,-0.5413,-0.0500,-0.0645,0.1316,-0.0524,0.0913,-0.3392,-0.1343,19.9962,-2.6487,-0.2307,14.0718,12.6517,8.9157
60859364,0.0201,-0.0101,-0.3891,0.0480,-0.5352,-0.0500,0.0500,0.0644,-0.0545,0.0921,-0.4176,0.1418,19.1807,-4.8010,1.4683,14.1339,12.5864,8.9517
60864364,0.0176,-0.0100,-0.4988,0.0840,-0.5209,-0.0500,0.0500,0.0800,-0.0568,0.0927,-0.4703,0.1332,17.7150,-5.9007,3.3237,14.2166,12.5428,9.0008
60869364,0.0151,-0.0098,-0.5412,0.0754,-0.5649,0.0200,0.0500,0.0952,-0.0593,0.0935,-0.4985,0.1496,16.7456,-7.5042,5.0010,14.2671,12.4709,9.0508
60874364,0.0123,-0.0092,-0.5773,0.0874,-0.5853,0.0200,0.0500,0.1002,-0.0619,0.0944,-0.5178,0.1904,14.8636,-8.4663,6.9479,14.3244,12.4200,9.1255
60879364,0.0093,-0.0089,-0.6072,0.1280,-0.5533,-0.1500,-0.0200,0.1024,-0.0657,0.0957,-0.7610,0.2528,13.0916,-8.9614,8.4488,14.3449,12.3581,9.1860
60884364,0.0062,-0.0083,-0.5834,0.1729,-0.5658,-0.1500,-0.0200,0.0807,-0.0692,0.0973,-0.6939,0.3217,11.3745,-9.2535,10.0308,14.3855,12.3157,9.2726
60889364,0.0033,-0.0071,-0.5580,0.2587,-0.5310,-0.1500,0.1500,0.0361,-0.0728,0.1001,-0.7198,0.5526,10.5493,-8.6732,11.0492,14.4132,12.2738,9.3354
60894364,0.0005,-0.0057,-0.5183,0.3152,-0.4393,-0.1500,0.1500,0.0023,-0.0760,0.1032,-0.6404,0.6267,9.3369,-8.1698,12.7221,14.4485,12.2494,9.4399
60899364,-0.0020,-0.0040,-0.4609,0.3601,-0.3660,-0.1500,0.1500,-0.0500,-0.0787,0.1065,-0.5433,0.6682,7.8720,-7.2189,13.4283,14.4532,12.2239,9.5062
60904364,-0.0042,-0.0020,-0.4270,0.4154,-0.3752,-0.1500,0.1500,-0.0500,-0.0818,0.1091,-0.6170,0.5129,7.7643,-6.5402,14.2823,14.4982,12.2092,9.6070
60909364,-0.0063,0.0002,-0.4065,0.4911,-0.4961,-0.1500,0.1500,-0.0500,-0.0846,0.1119,-0.5578,0.5634,6.3641,-4.8434,14.7545,14.4985,12.2091,9.6748
60914364,-0.0081,0.0028,-0.3280,0.5525,-0.4958,-0.1500,0.1500,-0.0500,-0.0868,0.1150,-0.4430,0.6118,4.6946,-3.9708,14.5256,14.4982,12.2090,9.7591
60919364,-0.0094,0.0058,-0.2340,0.6060,-0.4073,-0.1430,0.1500,0.0200,-0.0884,0.1182,-0.3207,0.6420,3.8330,-2.4120,13.9444,14.4980,12.2200,9.8049
60924364,-0.0102,0.0089,-0.1216,0.6194,-0.4537,-0.0915,0.1500,0.0200,-0.0892,0.1213,-0.1553,0.6288,1.6530,-0.6222,12.7424,14.4721,12.2496,9.8610
60929364,-0.0104,0.0120,-0.0232,0.6106,-0.5426,-0.0368,0.1500,-0.1500,-0.0887,0.1251,0.0843,0.7566,0.3008,1.6232,11.3579,14.4484,12.2962,9.8822
60934364,-0.0101,0.0151,0.0116,0.5986,-0.5691,-0.0176,0.1500,-0.1500,-0.0880,0.1286,0.1478,0.6961,-1.1755,3.4305,9.9151,14.4180,12.3422,9.9163
60939364,-0.0096,0.0179,0.0367,0.5867,-0.5954,-0.0024,0.1500,-0.1500,-0.0870,0.1317,0.1974,0.6251,-1.9196,6.0737,8.5969,14.3969,12.4231,9.9266
60944364,-0.0095,0.0208,0.0409,0.5571,-0.5545,0.0011,0.1500,-0.1500,-0.0859,0.1345,0.2213,0.5513,-2.8288,7.7779,7.3384,14.3627,12.4846,9.9510
60949364,-0.0092,0.0236,0.0531,0.5235,-0.4961,0.0500,0.1500,-0.1500,-0.0845,0.1369,0.2763,0.4775,-4.2132,10.2109,7.0762,14.3211,12.5869,9.9741
60954364,-0.0083,0.0257,0.1790,0.4059,-0.4625,0.0500,0.1500,-0.1500,-0.0828,0.1385,0.3372,0.3222,-4.5846,11.8656,6.1936,14.2883,12.6641,9.9979
60959364,-0.0074,0.0276,0.2037,0.3479,-0.3792,0.0500,0.1500,-0.1500,-0.0810,0.1395,0.3726,0.2135,-4.6774,14.1607,5.0903,14.2677,12.7881,9.9984
60964365,-0.0059,0.0293,0.2471,0.3702,-0.3639,0.0500,0.1500,-0.1500,-0.0789,0.1405,0.4134,0.2007,-4.1927,15.1782,3.7663,14.2498,12.8543,9.9984
60969364,-0.0045,0.0310,0.2300,0.3131,-0.4403,-0.0200,0.1500,-0.1500,-0.0769,0.1410,0.4006,0.0925,-3.4388,17.1195,2.2898,14.2496,13.0042,9.9814
60974365,-0.0034,0.0323,0.2178,0.2355,-0.4335,-0.0200,0.1434,-0.1500,-0.0750,0.1409,0.3773,-0.0227,-2.5233,17.7404,0.4021,14.2500,13.0709,9.9504
60979364,-0.0022,0.0334,0.2205,0.1939,-0.3999,0.1081,0.1244,-0.1500,-0.0730,0.1404,0.4029,-0.1017,-1.5186,18.8174,-1.0253,14.2614,13.2183,9.9212
60984364,-0.0008,0.0340,0.2535,0.0880,-0.4176,0.1260,0.0754,-0.1500,-0.0710,0.1392,0.4024,-0.2345,-0.1259,19.1498,-2.4812,14.2857,13.2843,9.8828
60989364,0.0006,0.0341,0.2434,-0.0043,-0.4207,0.1271,0.0386,-0.1495,-0.0690,0.1375,0.3925,-0.3467,-0.1259,19.8298,-3.1302,14.2852,13.4320,9.8585
60994364,0.0018,0.0338,0.2049,-0.0678,-0.4170,0.1137,0.0176,-0.1153,-0.0673,0.1352,0.3364,-0.4451,-0.0795,20.0387,-5.2486,14.2855,13.4984,9.7910
60999364,0.0031,0.0332,0.2098,-0.1405,-0.4012,0.1191,-0.0500,-0.0868,-0.0658,0.1326,0.3184,-0.5382,0.8306,20.3029,-6.3451,14.3038,13.6422,9.7462
61004364,0.0043,0.0323,0.2272,-0.1943,-0.4610,0.1162,-0.0500,-0.0791,-0.0651,0.1310,0.1277,-0.3130,1.7166,20.4546,-7.9726,14.3309,13.7088,9.6720
61009364,0.0055,0.0312,0.2156,-0.2501,-0.5526,0.1147,-0.0500,-0.0502,-0.0647,0.1291,0.0866,-0.3850,2.8932,20.3086,-9.0539,14.3628,13.8464,9.6164
61014364,0.0067,0.0298,0.2156,-0.3076,-0.5154,0.1164,-0.0500,-0.0235,-0.0644,0.1268,0.0493,-0.4619,4.4119,20.1435,-10.3629,14.4156,13.9064,9.5323
61019364,0.0081,0.0280,0.2227,-0.3677,-0.4903,0.1228,0.0200,0.0500,-0.0643,0.1241,0.0328,-0.5311,5.4824,18.7262,-10.9698,14.4577,14.0128,9.4771
61024364,0.0092,0.0259,0.2398,-0.4172,-0.5432,0.1402,0.0200,0.0500,-0.0637,0.1220,0.1108,-0.4176,7.5567,18.1986,-11.7798,14.5390,14.0604,9.3920
61029364,0.0102,0.0235,0.2248,-0.4633,-0.5664,0.1472,-0.1500,0.0500,-0.0626,0.1185,0.2159,-0.7049,8.7636,16.0959,-12.1121,14.5961,14.1367,9.3372
61034364,0.0115,0.0209,0.2135,-0.4847,-0.5383,0.1438,-0.1500,0.0500,-0.0618,0.1149,0.1612,-0.7168,10.9465,15.4425,-11.9222,14.6988,14.1726,9.2685
61039364,0.0127,0.0183,0.1723,-0.4838,-0.5163,0.1268,-0.1500,-0.0200,-0.0614,0.1115,0.0806,-0.6854,12.1796,13.3917,-11.2051,14.7691,14.2302,9.2363
61044364,0.0135,0.0158,0.1051,-0.4762,-0.3905,0.0954,-0.1500,-0.0200,-0.0616,0.1081,-0.0277,-0.6663,14.1619,12.6086,-9.9990,14.8875,14.2558,9.1948
61049364,0.0136,0.0133,-0.0217,-0.4753,-0.3889,0.0313,-0.1500,0.1478,-0.0629,0.1043,-0.2636,-0.7712,15.3194,11.0628,-8.6881,14.9697,14.3079,9.1917
61054364,0.0136,0.0109,-0.0483,-0.4640,-0.3517,0.0177,-0.1500,0.1500,-0.0644,0.1006,-0.3090,-0.7327,16.9810,10.7139,-7.1944,15.1005,14.3351,9.1659
61059364,0.0135,0.0083,-0.0626,-0.4774,-0.2875,0.0077,-0.1500,0.1500,-0.0662,0.0972,-0.3546,-0.6872,18.0696,8.0365,-5.9250,15.1924,14.3462,9.1651
61064364,0.0134,0.0056,-0.0593,-0.5089,-0.2576,0.0064,-0.1500,0.1500,-0.0681,0.0937,-0.3780,-0.6954,19.1685,6.8195,-5.5833,15.3259,14.3451,9.1382
61069364,0.0132,0.0031,-0.0950,-0.5009,-0.2756,-0.0500,-0.1500,0.1500,-0.0703,0.0905,-0.4388,-0.6438,19.5300,4.2881,-5.1956,15.4104,14.3324,9.1239
61074364,0.0125,0.0005,-0.1594,-0.4572,-0.3798,-0.0500,-0.1500,0.1500,-0.0711,0.0877,-0.1629,-0.5570,19.5863,3.1437,-3.5510,15.5289,14.3215,9.1299
61079364,0.0115,-0.0015,-0.2395,-0.3467,-0.4668,-0.0500,-0.1051,0.1500,-0.0723,0.0857,-0.2459,-0.3948,19.1702,1.2413,-1.9886,15.5981,14.2967,9.1500
61084364,0.0099,-0.0027,-0.3442,-0.1875,-0.4522,-0.0500,-0.0173,0.1421,-0.0741,0.0849,-0.3484,-0.1647,18.1845,-1.0068,0.5244,15.6908,14.2527,9.1953
61089364,0.0078,-0.0032,-0.4322,-0.0510,-0.4076,0.0200,0.0500,0.1124,-0.0763,0.0849,-0.4381,0.0056,17.2267,-2.2412,1.5562,15.7420,14.2219,9.2197
61094364,0.0053,-0.0031,-0.5223,0.0730,-0.4735,0.0200,0.0500,0.0878,-0.0787,0.0856,-0.4834,0.1404,15.1765,-4.0137,4.5276,15.7983,14.1671,9.2970
61099364,0.0026,-0.0028,-0.5321,0.0235,-0.5636,-0.1500,0.0500,0.1218,-0.0823,0.0862,-0.7172,0.1147,13.7961,-5.2240,6.1329,15.8287,14.1249,9.3504
61104364,-0.0001,-0.0025,-0.5238,0.0507,-0.5160,-0.1500,0.0500,0.1087,-0.0855,0.0871,-0.6567,0.1815,12.0795,-6.1976,8.7666,15.8703,14.0710,9.4476
61109364,-0.0027,-0.0022,-0.4966,0.1078,-0.4344,-0.1500,-0.0200,0.0811,-0.0885,0.0884,-0.5916,0.2566,10.4750,-6.8307,9.9546,15.8836,14.0316,9.5085
61114364,-0.0051,-0.0015,-0.4673,0.1973,-0.4262,-0.1500,-0.0200,0.0387,-0.0911,0.0903,-0.5209,0.3773,9.1114,-7.2782,12.0257,15.9168,13.9803,9.6160
61119364,-0.0074,-0.0001,-0.4548,0.3167,-0.3905,-0.1500,0.1500,-0.0500,-0.0939,0.0934,-0.5513,0.6200,8.8576,-6.8903,13.3998,15.9477,13.9591,9.6940
61124364,-0.0096,0.0018,-0.4181,0.3696,-0.2985,-0.1500,0.1500,-0.0500,-0.0968,0.0957,-0.5885,0.4694,6.5476,-6.6964,14.8010,15.9476,13.9228,9.8062
61129364,-0.0118,0.0039,-0.4117,0.4053,-0.2319,-0.1500,0.1500,-0.0500,-0.0995,0.0982,-0.5476,0.4874,5.1390,-5.5087,15.6099,15.9486,13.9220,9.8834
61134364,-0.0138,0.0060,-0.3885,0.4038,-0.2851,-0.1500,0.1500,-0.0500,-0.1020,0.1005,-0.4955,0.4644,4.1812,-4.0629,16.2663,15.9480,13.9222,9.9927
61139364,-0.0155,0.0084,-0.3183,0.4966,-0.4445,-0.1500,0.1500,0.0200,-0.1040,0.1032,-0.3910,0.5464,2.5553,-3.3400,16.3215,15.9366,13.9219,10.0591
61144364,-0.0161,0.0111,-0.0990,0.5614,-0.3914,-0.1067,0.1500,0.0200,-0.1047,0.1062,-0.1383,0.5980,1.0506,-2.4622,15.2326,15.9138,13.9220,10.1332
61149364,-0.0162,0.0141,0.0180,0.6142,-0.4085,-0.0420,0.1500,-0.1500,-0.1039,0.1105,0.1460,0.8560,-1.0696,-1.7614,14.3763,15.8726,13.9272,10.1757
61154364,-0.0156,0.0173,0.1295,0.6200,-0.4684,0.0500,0.1500,-0.1500,-0.1026,0.1145,0.2782,0.8034,-1.8449,0.6153,12.8394,15.8522,13.9716,10.2135
61159365,-0.0147,0.0205,0.1478,0.5983,-0.5386,0.0500,0.1500,-0.1500,-0.1012,0.1182,0.2645,0.7375,-4.2148,2.0568,11.3084,15.7865,14.0061,10.2567
61164364,-0.0137,0.0235,0.1613,0.5855,-0.5908,0.0500,0.1500,-0.1500,-0.0998,0.1216,0.2940,0.6729,-5.2845,4.7023,10.4809,15.7464,14.0792,10.2829
61169364,-0.0127,0.0263,0.1943,0.5818,-0.5545,0.0500,0.1500,-0.1500,-0.0981,0.1246,0.3238,0.6116,-6.3550,6.4332,8.3499,15.6909,14.1362,10.2974
61174364,-0.0118,0.0291,0.2141,0.5962,-0.4882,-0.0200,0.1500,-0.1500,-0.0963,0.1275,0.3650,0.5822,-7.0133,9.1079,8.0886,15.6510,14.2361,10.3255
61179364,-0.0103,0.0322,0.2841,0.5788,-0.4818,-0.0200,0.1500,-0.1500,-0.0942,0.1301,0.4316,0.5084,-7.2272,10.7866,5.9981,15.6040,14.3092,10.3259
61184364,-0.0087,0.0348,0.3244,0.4988,-0.3801,0.1352,0.1500,-0.1500,-0.0911,0.1319,0.6031,0.3702,-7.2272,13.1803,4.5183,15.5751,14.4288,10.3175
61189364,-0.0067,0.0372,0.3659,0.4581,-0.3337,0.1500,0.1500,-0.1500,-0.0881,0.1333,0.6047,0.2735,-5.3998,14.5494,2.1384,15.5738,14.5119,10.2902
61194364,-0.0049,0.0392,0.3277,0.3766,-0.3746,0.1488,0.1500,-0.1500,-0.0853,0.1340,0.5654,0.1399,-5.3998,16.2194,0.3247,15.5522,14.6384,10.2589
61199364,-0.0032,0.0406,0.2975,0.2529,-0.3825,0.1409,0.1500,-0.1500,-0.0827,0.1339,0.5207,-0.0156,-4.6570,17.1721,-0.8499,15.5356,14.7245,10.2339
61204364,-0.0017,0.0417,0.2789,0.1823,-0.3431,0.1366,0.1325,-0.1500,-0.0803,0.1333,0.4810,-0.1296,-3.8214,18.2291,-2.6943,15.5354,14.8525,10.1901
61209364,-0.0001,0.0423,0.2767,0.0956,-0.3465,0.1397,0.0970,-0.1500,-0.0780,0.1320,0.4475,-0.2588,-2.8465,18.8174,-4.9511,15.5350,14.9387,10.1223
61214364,0.0014,0.0424,0.2721,-0.0003,-0.3825,0.1421,0.0584,-0.1500,-0.0760,0.1301,0.4129,-0.3790,-1.2674,19.4461,-5.9440,15.5579,15.0663,10.0815
61219364,0.0028,0.0422,0.2447,-0.0580,-0.3804,0.1322,0.0381,-0.1500,-0.0743,0.1277,0.3438,-0.4739,0.2139,19.7571,-8.1176,15.5846,15.1510,9.9960
61224364,0.0043,0.0418,0.2422,-0.0852,-0.3239,0.1334,0.0229,-0.1439,-0.0727,0.1251,0.3028,-0.5258,2.0600,20.1694,-9.3508,15.6257,15.2793,9.9371
61229364,0.0059,0.0414,0.2578,-0.0767,-0.3175,0.1421,0.0179,-0.1478,-0.0714,0.1223,0.2597,-0.5503,4.5784,20.3763,-11.3523,15.6955,15.3648,9.8351
61234364,0.0075,0.0408,0.2611,-0.1011,-0.3972,0.1484,0.0032,-0.1364,-0.0703,0.1193,0.2282,-0.5995,5.8759,20.4830,-12.8975,15.7418,15.4896,9.7559
61239364,0.0090,0.0400,0.2395,-0.1634,-0.3611,0.1400,-0.0500,-0.1043,-0.0696,0.1159,0.1502,-0.6898,8.2179,20.4830,-14.7673,15.8314,15.5716,9.6362
61244364,0.0103,0.0389,0.2205,-0.2300,-0.2833,0.1189,-0.0500,-0.0853,-0.0700,0.1136,-0.0893,-0.4660,9.9864,20.1757,-15.8543,15.9032,15.6875,9.5535
61249364,0.0115,0.0374,0.1836,-0.3079,-0.3007,0.1037,-0.0500,-0.0412,-0.0709,0.1108,-0.1764,-0.5574,12.4719,19.5977,-16.7530,16.0200,15.7559,9.4700
61254364,0.0123,0.0356,0.1414,-0.3778,-0.3361,0.0859,-0.0500,0.0500,-0.0722,0.1075,-0.2538,-0.6444,13.9535,18.5914,-17.8981,16.1025,15.8515,9.3425
61259364,0.0130,0.0333,0.1121,-0.3961,-0.3474,0.0856,0.0200,0.0500,-0.0729,0.1056,-0.1590,-0.3974,15.9359,17.8212,-18.6774,16.2322,15.9091,9.2165
61264364,0.0137,0.0310,0.1066,-0.4071,-0.3132,0.0838,0.0200,0.0500,-0.0739,0.1035,-0.1857,-0.4086,17.1678,16.0676,-19.0890,16.3229,15.9762,9.1326
61269365,0.0143,0.0288,0.0626,-0.4160,-0.2497,0.0741,-0.1067,0.0500,-0.0745,0.1003,-0.1209,-0.6390,18.3727,14.7625,-19.3074,16.4531,16.0123,9.0125
61274364,0.0145,0.0266,-0.0046,-0.4160,-0.2927,0.0440,-0.0971,-0.0200,-0.0755,0.0972,-0.2116,-0.6175,18.9818,13.3221,-19.0977,16.5398,16.0684,8.9396
61279365,0.0143,0.0244,-0.0999,-0.4194,-0.3193,-0.0005,-0.0823,-0.0200,-0.0772,0.0942,-0.3292,-0.6062,19.7677,12.3485,-18.4593,16.6717,16.1006,8.8395
61284364,0.0139,0.0222,-0.1219,-0.4096,-0.2701,-0.0500,-0.0911,0.1268,-0.0798,0.0900,-0.5206,-0.8440,20.2085,11.4683,-17.5862,16.7605,16.1545,8.7848
61289364,0.0132,0.0200,-0.1179,-0.4227,-0.2637,-0.0500,-0.1142,0.1242,-0.0806,0.0859,-0.1703,-0.8213,20.5190,10.3840,-16.3780,16.8889,16.1773,8.7078
61294364,0.0127,0.0180,-0.1283,-0.4279,-0.2787,-0.0500,-0.1174,0.1347,-0.0816,0.0819,-0.1826,-0.7934,20.5097,9.1593,-15.3853,16.9708,16.2127,8.6644
61299364,0.0121,0.0158,-0.1747,-0.4304,-0.2723,-0.0500,-0.1115,0.1500,-0.0827,0.0782,-0.2278,-0.7476,19.8376,7.6080,-13.6983,17.0793,16.2153,8.6103
61304364,0.0111,0.0135,-0.2376,-0.4331,-0.2628,0.0200,-0.1011,0.1500,-0.0842,0.0746,-0.3044,-0.7061,19.1386,5.3294,-13.0158,17.1436,16.2085,8.5698
61309364,0.0098,0.0111,-0.3042,-0.4545,-0.2658,0.0200,-0.0974,0.1500,-0.0860,0.0713,-0.3576,-0.6758,17.3157,4.3598,-10.5073,17.2177,16.2084,8.5492
61314364,0.0081,0.0088,-0.3656,-0.4117,-0.3425,-0.1500,-0.0577,0.1500,-0.0895,0.0683,-0.6930,-0.5916,16.2287,3.1963,-8.8349,17.2635,16.2077,8.5439
61319364,0.0061,0.0069,-0.4258,-0.3314,-0.4586,-0.1500,-0.0125,0.1500,-0.0930,0.0661,-0.7059,-0.4507,13.9520,1.6535,-6.3264,17.3085,16.1869,8.5484
61324364,0.0039,0.0064,-0.4514,-0.0305,-0.4323,-0.1500,0.0500,0.1019,-0.0965,0.0655,-0.7007,-0.1086,12.4535,0.5691,-4.6540,17.3316,16.1704,8.5598
61329364,0.0014,0.0066,-0.5186,0.0779,-0.3627,-0.1500,0.0500,0.0728,-0.1000,0.0658,-0.7063,0.0558,10.1831,-0.1650,-1.4794,17.3532,16.1578,8.6058
61334364,-0.0014,0.0074,-0.5556,0.1359,-0.3318,-0.1500,0.0500,0.0577,-0.1036,0.0665,-0.7098,0.1447,9.2739,-1.6504,0.5859,17.3749,16.1208,8.6458
61339364,-0.0042,0.0085,-0.5825,0.1888,-0.3098,-0.1500,0.0500,0.0397,-0.1069,0.0677,-0.6694,0.2390,6.7603,-1.6504,3.3544,17.3727,16.1142,8.7142
61344364,-0.0069,0.0095,-0.5470,0.1768,-0.3083,-0.1500,-0.0200,0.0353,-0.1099,0.0690,-0.5990,0.2512,5.5302,-1.6504,4.9555,17.3727,16.1043,8.7629
61349365,-0.0094,0.0105,-0.4551,0.2016,-0.2457,-0.1500,-0.0200,0.0024,-0.1122,0.0705,-0.4565,0.3016,3.4543,-1.6504,6.6711,17.3591,16.0977,8.8327
61354364,-0.0116,0.0116,-0.4123,0.2599,-0.1272,-0.1500,0.1500,-0.0500,-0.1142,0.0725,-0.3909,0.3961,1.6823,-1.6504,7.4464,17.3341,16.0878,8.8759
61359364,-0.0133,0.0128,-0.3430,0.2932,-0.1247,-0.1500,0.1500,-0.0500,-0.1158,0.0739,-0.3363,0.2981,-0.5571,-0.3301,7.9835,17.2924,16.1095,8.9328
61364364,-0.0145,0.0146,-0.2153,0.3378,-0.2011,-0.1486,0.1500,-0.0500,-0.1168,0.0756,-0.1840,0.3303,-1.5747,0.4951,8.2457,17.2681,16.1282,8.9707
61369364,-0.0151,0.0165,-0.0895,0.3632,-0.3049,-0.0922,0.1500,-0.0500,-0.1169,0.0774,-0.0367,0.3556,-2.8333,0.4951,7.1975,17.2292,16.1302,8.9978
61374364,-0.0147,0.0182,0.0956,0.3454,-0.4125,-0.0058,0.1500,0.0200,-0.1161,0.0791,0.1685,0.3378,-4.0072,0.4951,5.9287,17.1914,16.1331,8.9987
61379364,-0.0138,0.0200,0.1347,0.3485,-0.4299,0.0500,0.1500,0.0200,-0.1149,0.0807,0.2466,0.3292,-5.8974,1.2697,4.3841,17.1240,16.1513,8.9985
61384364,-0.0128,0.0218,0.1426,0.3696,-0.4381,0.0500,0.1500,-0.1500,-0.1139,0.0826,0.1988,0.3803,-6.5065,2.8715,3.5566,17.0879,16.1957,8.9979
61389364,-0.0120,0.0239,0.1145,0.3919,-0.4968,0.0500,0.1500,-0.1500,-0.1130,0.0845,0.1732,0.3722,-7.6459,4.0275,2.6740,17.0219,16.2324,8.9988
61394364,-0.0113,0.0258,0.0999,0.3574,-0.4937,0.0500,0.1500,-0.1500,-0.1122,0.0860,0.1707,0.3023,-8.1844,5.9058,2.1775,16.9790,16.2991,8.9985
61399364,-0.0105,0.0276,0.1469,0.3320,-0.4399,-0.0200,0.1500,-0.1500,-0.1110,0.0872,0.2244,0.2492,-8.6351,7.2158,1.6258,16.9191,16.3514,8.9988
61404364,-0.0095,0.0292,0.1991,0.2834,-0.3935,-0.0200,0.1500,-0.1500,-0.1096,0.0881,0.2921,0.1648,-8.7292,9.2934,1.2948,16.8824,16.4422,8.9980
61409364,-0.0083,0.0303,0.2318,0.1909,-0.3181,0.0898,0.1297,-0.1500,-0.1074,0.0882,0.4431,0.0377,-6.8038,10.5761,0.2876,16.8735,16.5079,8.9841
61414364,-0.0069,0.0311,0.2321,0.1359,-0.2338,0.0942,0.1037,-0.1500,-0.1051,0.0879,0.4418,-0.0745,-6.3760,12.8169,-1.3109,16.8563,16.6228,8.9504
61419364,-0.0053,0.0319,0.2737,0.1539,-0.2567,0.1188,0.0986,-0.1500,-0.1028,0.0874,0.4762,-0.1013,-6.0991,14.1798,-2.9483,16.8236,16.7037,8.9045
61424364,-0.0040,0.0324,0.2679,0.0840,-0.3618,0.1218,0.0711,-0.1500,-0.1005,0.0863,0.4575,-0.2160,-4.9916,16.0192,-4.1113,16.8236,16.8308,8.8664
61429364,-0.0027,0.0325,0.2608,-0.0098,-0.3385,0.1215,0.0325,-0.1410,-0.0984,0.0845,0.4202,-0.3499,-3.6626,16.9244,-5.8907,16.8243,16.9146,8.8014
61434364,-0.0013,0.0322,0.2315,-0.0947,-0.2503,0.1117,-0.0006,-0.1015,-0.0965,0.0822,0.3779,-0.4718,-2.9981,18.0709,-7.2227,16.8242,17.0424,8.7490
61439364,-0.0001,0.0312,0.2132,-0.2282,-0.2744,0.1052,-0.0500,-0.0409,-0.0949,0.0790,0.3119,-0.6366,-0.7462,18.5912,-8.7977,16.8571,17.1260,8.6709
61444364,0.0008,0.0295,0.1750,-0.3497,-0.3437,0.0783,-0.0500,0.0500,-0.0945,0.0765,0.0824,-0.4954,0.3891,18.8462,-9.7748,16.8794,17.2436,8.6142
61449364,0.0016,0.0273,0.1643,-0.4426,-0.3285,0.0801,-0.0500,0.0500,-0.0939,0.0743,0.1227,-0.4426,2.4381,18.6879,-10.7933,16.9288,17.3157,8.5529
61454364,0.0024,0.0248,0.1897,-0.5150,-0.2643,0.0926,-0.0500,0.0500,-0.0932,0.0717,0.1318,-0.5150,3.3885,17.7483,-11.9004,16.9600,17.4063,8.4623
61459364,0.0036,0.0222,0.2370,-0.5541,-0.2081,0.1149,0.0200,0.0500,-0.0925,0.0690,0.1418,-0.5542,5.5705,16.8189,-12.7777,17.0308,17.4568,8.3706
61464364,0.0049,0.0191,0.2172,-0.6106,-0.2781,0.1109,0.0200,-0.0200,-0.0920,0.0659,0.1034,-0.6108,6.6511,14.7604,-12.8822,17.0765,17.5105,8.3173
61469364,0.0058,0.0159,0.1319,-0.6182,-0.2475,0.0838,-0.1500,-0.0200,-0.0914,0.0618,0.1151,-0.8259,8.0370,13.8750,-12.5230,17.1474,17.5496,8.2479
61474364,0.0064,0.0128,0.0724,-0.5757,-0.1467,0.0475,-0.1500,0.1500,-0.0919,0.0571,-0.0848,-0.9329,9.1079,11.9028,-12.0265,17.2030,17.5868,8.2094
61479364,0.0066,0.0098,0.0223,-0.5446,-0.1040,0.0241,-0.1500,0.1500,-0.0926,0.0528,-0.1533,-0.8624,10.4729,10.8805,-10.4009,17.2884,17.6113,8.1753
61484364,0.0066,0.0072,-0.0418,-0.5037,-0.0618,-0.0500,-0.1500,0.1500,-0.0938,0.0489,-0.2287,-0.7866,11.0266,9.6153,-9.3268,17.3428,17.6471,8.1570
61489364,0.0064,0.0048,-0.0788,-0.4841,0.0161,-0.0500,-0.1500,0.1500,-0.0941,0.0452,-0.0726,-0.7417,12.0446,8.9956,-8.2746,17.4334,17.6728,8.1232
61494364,0.0059,0.0024,-0.1121,-0.5058,0.0970,-0.0500,-0.1500,0.1500,-0.0947,0.0416,-0.1090,-0.7133,12.4903,7.1367,-6.7793,17.4917,17.6827,8.1231
61499364,0.0052,-0.0001,-0.1445,-0.5238,0.1202,-0.0500,-0.1500,0.1500,-0.0953,0.0381,-0.1274,-0.7028,12.6519,6.9913,-5.0071,17.5708,17.7083,8.1234
61504364,0.0043,-0.0030,-0.1936,-0.5281,0.0341,0.0200,-0.1500,0.1500,-0.0963,0.0348,-0.1868,-0.6629,12.2089,4.9172,-4.1211,17.6111,17.7029,8.1229
61509364,0.0033,-0.0056,-0.2251,-0.4719,-0.0646,0.0200,-0.1500,0.1500,-0.0973,0.0320,-0.2172,-0.5555,11.0323,3.2648,-2.3401,17.6567,17.6864,8.1383
61514364,0.0019,-0.0070,-0.3057,-0.2361,-0.0423,-0.1391,-0.0467,0.1500,-0.0996,0.0306,-0.4578,-0.2675,9.5746,1.8190,-0.2805,17.6689,17.6713,8.1738
61519364,0.0002,-0.0081,-0.3326,-0.1619,-0.0768,-0.1500,-0.0091,0.1500,-0.1019,0.0300,-0.4570,-0.1307,8.4088,0.1720,2.2624,17.6986,17.6426,8.2300
61524364,-0.0016,-0.0086,-0.3534,-0.1332,-0.0630,-0.1500,0.0500,0.1500,-0.1042,0.0298,-0.4497,-0.0406,6.8876,-1.7798,4.4247,17.6986,17.5991,8.2865
61529364,-0.0033,-0.0089,-0.3381,-0.0767,0.0249,-0.1500,0.0500,0.1356,-0.1060,0.0299,-0.3652,0.0295,5.0846,-3.3095,7.1019,17.6982,17.5585,8.3744
61534364,-0.0051,-0.0090,-0.3323,-0.0498,0.0350,-0.1500,0.0500,0.1249,-0.1076,0.0304,-0.3273,0.0836,4.1268,-4.7975,8.9210,17.6975,17.5055,8.4426
61539364,-0.0066,-0.0093,-0.3207,-0.0027,0.0179,-0.1500,0.0500,0.1044,-0.1090,0.0312,-0.2754,0.1689,3.0562,-5.6515,11.4688,17.6977,17.4679,8.5541
61544364,-0.0082,-0.0091,-0.2984,0.0809,0.1007,-0.1500,-0.0200,0.0664,-0.1102,0.0326,-0.2297,0.2751,2.4458,-6.4587,12.9717,17.6967,17.4154,8.6329
61549364,-0.0098,-0.0086,-0.2935,0.1371,0.2018,-0.1500,-0.0200,0.0395,-0.1110,0.0344,-0.1660,0.3625,0.0754,-6.4587,15.0505,17.6573,17.3896,8.7590
61554364,-0.0112,-0.0075,-0.3125,0.1888,0.0665,-0.1500,0.1500,0.0187,-0.1120,0.0369,-0.1950,0.5120,-1.5510,-5.5235,16.1097,17.6221,17.3718,8.8429
61559364,-0.0121,-0.0063,-0.1793,0.2279,0.0579,-0.1163,0.1456,-0.0500,-0.1120,0.0398,-0.0138,0.5713,-3.6569,-5.5235,17.4671,17.5660,17.3497,8.9715
61564364,-0.0127,-0.0051,-0.0858,0.2440,0.1352,-0.0872,0.1218,-0.0500,-0.1122,0.0414,-0.0384,0.3140,-5.1091,-4.7446,17.9851,17.5196,17.3334,9.0528
61569364,-0.0127,-0.0038,0.0324,0.2676,0.1618,-0.0322,0.1063,-0.0500,-0.1116,0.0430,0.1188,0.3244,-6.9385,-3.8684,18.0865,17.4472,17.3337,9.1634
61574364,-0.0120,-0.0023,0.1799,0.3027,0.1544,0.0500,0.0891,-0.0500,-0.1102,0.0447,0.2896,0.3444,-7.7849,-2.8461,17.6778,17.4007,17.3341,9.2267
61579364,-0.0107,-0.0004,0.2847,0.3580,0.1459,0.0500,0.0955,0.0200,-0.1089,0.0467,0.2644,0.3930,-9.2554,-2.3593,16.2072,17.3202,17.3334,9.2996
61584364,-0.0088,0.0015,0.3451,0.3790,0.1126,0.0500,0.0919,0.0200,-0.1072,0.0487,0.3346,0.3971,-9.6733,-1.2186,14.9428,17.2741,17.3444,9.3368
