time, vel, T_target, T_estimate
0.000,0.000000,0.000000,-0.000283
0.001,0.000000,0.000000,-0.000283
0.002,0.000000,0.000000,-0.000176
0.003,0.000000,0.000000,-0.000176
0.004,0.000000,0.000000,-0.000176
0.005,0.000000,0.012000,0.007195
0.006,0.000000,0.012000,0.007195
0.007,0.000000,0.012000,0.009646
0.008,0.000000,0.012000,0.009646
0.009,0.000000,0.012000,0.010304
0.010,0.000000,0.012000,0.010304
0.011,0.000000,0.012000,0.010015
0.012,0.000000,0.012000,0.010015
0.013,0.000000,0.012000,0.009907
0.014,0.000000,0.012000,0.009907
0.015,0.000000,0.012000,0.008877
0.016,0.000000,0.012000,0.008877
0.017,0.000000,0.012000,0.009191
0.018,0.000000,0.012000,0.009191
0.019,0.000000,0.012000,0.009450
0.020,0.000000,0.012000,0.009450
0.021,0.000000,0.012000,0.009586
0.022,0.000000,0.012000,0.009586
0.023,0.000000,0.012000,0.007834
0.024,0.000000,0.012000,0.007834
0.025,0.000000,0.012000,0.009458
0.026,0.000000,0.012000,0.009458
0.027,0.000000,0.012000,0.010120
0.028,0.000000,0.012000,0.010120
0.029,0.000000,0.012000,0.010279
0.030,0.000000,0.012000,0.010279
0.031,0.000000,0.012000,0.009467
0.032,0.000000,0.012000,0.009467
0.033,0.000000,0.012000,0.009845
0.034,0.000000,0.012000,0.009845
0.035,0.000000,0.012000,0.010852
0.036,0.000000,0.012000,0.010852
0.037,0.000000,0.012000,0.009449
0.038,0.000000,0.012000,0.009449
0.039,0.000000,0.012000,0.009102
0.040,0.000000,0.012000,0.009102
0.041,0.000000,0.012000,0.009436
0.042,0.000000,0.012000,0.009436
0.043,0.000000,0.012000,0.009421
0.044,0.000000,0.012000,0.009421
0.045,0.000000,0.012000,0.009502
0.046,0.000000,0.012000,0.009502
0.047,0.000000,0.012000,0.009549
0.048,0.000000,0.012000,0.009549
0.049,0.000000,0.012000,0.010639
0.050,0.000000,0.012000,0.010639
0.051,0.000000,0.012000,0.009854
0.052,0.000000,0.012000,0.009854
0.053,0.000000,0.012000,0.009404
0.054,0.000000,0.012000,0.009404
0.055,0.000000,0.012000,0.009708
0.056,0.000000,0.012000,0.009708
0.057,0.000000,0.012000,0.009760
0.058,0.000000,0.012000,0.009760
0.059,0.000000,0.012000,0.010315
0.060,0.000000,0.012000,0.010315
0.061,0.000000,0.012000,0.009844
0.062,0.000000,0.012000,0.009844
0.063,0.000000,0.012000,0.009114
0.064,0.000000,0.012000,0.009114
0.065,0.000000,0.012000,0.009645
0.066,0.000000,0.012000,0.009645
0.067,0.000000,0.012000,0.009924
0.068,0.000000,0.012000,0.009924
0.069,0.000000,0.012000,0.010126
0.070,0.000000,0.012000,0.010126
0.071,0.000000,0.012000,0.010157
0.072,0.000000,0.012000,0.010157
0.073,0.000000,0.012000,0.009974
0.074,0.000000,0.012000,0.009974
0.075,0.000000,0.012000,0.009747
0.076,0.000000,0.012000,0.009747
0.077,0.000000,0.012000,0.010500
0.078,0.000000,0.012000,0.010500
0.079,0.000000,0.012000,0.010390
0.080,0.000000,0.012000,0.010390
0.081,0.000000,0.012000,0.011420
0.082,0.000000,0.012000,0.011420
0.083,0.000000,0.012000,0.010929
0.084,0.000000,0.012000,0.010929
0.085,0.000000,0.012000,0.011086
0.086,0.000000,0.012000,0.011086
0.087,0.000000,0.012000,0.010791
0.088,0.000000,0.012000,0.010791
0.089,0.000000,0.012000,0.010814
0.090,0.000000,0.012000,0.010814
0.091,0.000000,0.012000,0.011070
0.092,0.000000,0.012000,0.011070
0.093,0.000000,0.012000,0.010923
0.094,0.000000,0.012000,0.010923
0.095,0.000000,0.012000,0.010826
0.096,0.000000,0.012000,0.010826
0.097,0.000000,0.012000,0.010658
0.098,0.000000,0.012000,0.010658
0.099,0.000000,0.012000,0.010938
0.100,0.000000,0.012000,0.010938
0.101,0.000000,0.012000,0.010986
0.102,0.048690,0.012000,0.010986
0.103,0.048690,0.012000,0.008462
0.104,0.048690,0.012000,0.008462
0.105,0.048690,0.012000,0.007840
0.106,0.048690,0.012000,0.007840
0.107,0.048690,0.012000,0.008433
0.108,0.048690,0.012000,0.008433
0.109,0.048690,0.012000,0.006997
0.110,0.048690,0.012000,0.006997
0.111,0.048690,0.012000,0.007190
0.112,0.048690,0.012000,0.007190
0.113,0.048690,0.012000,0.007566
0.114,0.048690,0.012000,0.007566
0.115,0.048690,0.012000,0.007526
0.116,0.048690,0.012000,0.007526
0.117,0.048690,0.012000,0.008767
0.118,0.048690,0.012000,0.008767
0.119,0.048690,0.012000,0.009134
0.120,0.048690,0.012000,0.009134
0.121,0.048690,0.012000,0.008975
0.122,0.048690,0.012000,0.008975
0.123,0.048690,0.012000,0.009916
0.124,0.048690,0.012000,0.009916
0.125,0.048690,0.012000,0.010312
0.126,0.048690,0.012000,0.010312
0.127,0.048690,0.012000,0.011375
0.128,0.048690,0.012000,0.011375
0.129,0.048690,0.012000,0.011543
0.130,0.048690,0.012000,0.011543
0.131,0.048690,0.012000,0.012035
0.132,0.048690,0.012000,0.012035
0.133,0.048690,0.012000,0.012914
0.134,0.048690,0.012000,0.012914
0.135,0.048690,0.012000,0.012671
0.136,0.048690,0.012000,0.012671
0.137,0.048690,0.012000,0.013783
0.138,0.048690,0.012000,0.013783
0.139,0.048690,0.012000,0.014169
0.140,0.048690,0.012000,0.014169
0.141,0.048690,0.012000,0.014996
0.142,0.048690,0.012000,0.014996
0.143,0.048690,0.012000,0.015404
0.144,0.048690,0.012000,0.015404
0.145,0.048690,0.012000,0.016195
0.146,0.048690,0.012000,0.016195
0.147,0.048690,0.012000,0.016935
0.148,0.048690,0.012000,0.016935
0.149,0.048690,0.012000,0.017484
0.150,0.048690,0.012000,0.017484
0.151,0.048690,0.012000,0.018041
0.152,0.048690,0.012000,0.018041
0.153,0.048690,0.012000,0.017631
0.154,0.048690,0.012000,0.017631
0.155,0.048690,0.012000,0.018284
0.156,0.378451,0.012000,0.018284
0.157,0.378451,0.012000,0.004558
0.158,0.818133,0.012000,0.004558
0.159,0.818133,0.012000,0.004581
0.160,1.257815,0.012000,0.004581
0.161,1.257815,0.012000,0.006197
0.162,1.697497,0.012000,0.006197
0.163,1.697497,0.012000,0.007861
0.164,1.972299,0.012000,0.007861
0.165,1.972299,0.012000,0.009724
0.166,1.972299,0.012000,0.009724
0.167,1.972299,0.012000,0.009619
0.168,1.972299,0.012000,0.009619
0.169,1.972299,0.012000,0.010023
0.170,1.972299,0.012000,0.010023
0.171,1.972299,0.012000,0.010107
0.172,1.972299,0.012000,0.010107
0.173,1.972299,0.012000,0.010019
0.174,1.972299,0.012000,0.010019
0.175,1.972299,0.012000,0.010019
0.176,1.972299,0.012000,0.010607
0.177,1.972299,0.012000,0.010607
0.178,1.972299,0.012000,0.010141
0.179,1.972299,0.012000,0.010141
0.180,1.972299,0.012000,0.010828
0.181,1.972299,0.012000,0.010828
0.182,1.972299,0.012000,0.010399
0.183,1.972299,0.012000,0.010399
0.184,1.972299,0.012000,0.010973
0.185,1.972299,0.012000,0.010973
0.187,1.972299,0.012000,0.011156
0.188,1.972299,0.012000,0.011156
0.189,1.972299,0.012000,0.011182
0.190,1.972299,0.012000,0.011182
0.191,1.972299,0.012000,0.010981
0.192,1.972299,0.012000,0.010981
0.193,1.972299,0.012000,0.011351
0.194,1.972299,0.012000,0.011351
0.195,1.972299,0.012000,0.011275
0.196,1.972299,0.012000,0.011275
0.197,1.972299,0.012000,0.011566
0.198,1.972299,0.012000,0.011566
0.199,1.972299,0.012000,0.011431
0.200,1.972299,0.012000,0.011431
0.201,1.972299,0.012000,0.012082
0.202,1.972299,0.012000,0.012082
0.203,1.972299,0.012000,0.011978
0.204,1.972299,0.012000,0.011978
0.205,1.972299,0.012000,0.011930
0.206,1.972299,0.012000,0.011930
0.207,1.972299,0.012000,0.011686
0.208,1.972299,0.012000,0.011686
0.209,1.972299,0.012000,0.011503
0.210,1.920676,0.012000,0.011503
0.211,1.920676,0.012000,0.011332
0.212,1.817432,0.012000,0.011332
0.213,1.817432,0.012000,0.011756
0.214,1.765809,0.012000,0.011756
0.215,1.765809,0.012000,0.010950
0.216,1.662564,0.012000,0.010950
0.217,1.662564,0.012000,0.010367
0.218,1.559320,0.012000,0.010367
0.219,1.559320,0.012000,0.010793
0.220,1.507697,0.012000,0.010793
0.221,1.507697,0.012000,0.010285
0.222,1.507697,0.012000,0.010285
0.223,1.507697,0.012000,0.009318
0.224,1.507697,0.012000,0.009318
0.225,1.507697,0.012000,0.009461
0.226,1.507697,0.012000,0.009461
0.227,1.507697,0.012000,0.008461
0.228,1.507697,0.012000,0.008461
0.229,1.507697,0.012000,0.008640
0.230,1.507697,0.012000,0.008640
0.231,1.507697,0.012000,0.008449
0.232,1.507697,0.012000,0.008449
0.233,1.507697,0.012000,0.009182
0.234,1.507697,0.012000,0.009182
0.235,1.507697,0.012000,0.008998
0.236,1.507697,0.012000,0.008998
0.237,1.507697,0.012000,0.009351
0.238,1.507697,0.012000,0.009351
0.239,1.507697,0.012000,0.008830
0.240,1.507697,0.012000,0.008830
0.241,1.507697,0.012000,0.009029
0.242,1.507697,0.012000,0.009029
0.243,1.507697,0.012000,0.008723
0.244,1.507697,0.012000,0.008723
0.245,1.507697,0.012000,0.009091
0.246,1.507697,0.012000,0.009091
0.247,1.507697,0.012000,0.009483
0.248,1.507697,0.012000,0.009483
0.249,1.507697,0.012000,0.009912
0.250,1.507697,0.012000,0.009912
0.251,1.507697,0.012000,0.009985
0.252,1.507697,0.012000,0.009985
0.253,1.507697,0.012000,0.009985
0.254,1.507697,0.012000,0.009985
0.255,1.507697,0.012000,0.009985
0.256,1.507697,0.012000,0.009985
0.257,1.507697,0.012000,0.009985
0.258,1.701675,0.012000,0.009985
0.259,1.750169,0.012000,0.009985
0.260,1.750169,0.012000,0.009985
0.261,1.750169,0.012000,0.009985
0.262,1.750169,0.012000,0.009985
0.263,1.750169,0.012000,0.009985
0.264,1.750169,0.012000,0.009985
0.265,1.750169,0.012000,0.009985
0.266,1.750169,0.012000,0.009985
0.267,1.750169,0.012000,0.009985
0.268,1.750169,0.012000,0.009985
0.269,1.750169,0.012000,0.009985
0.270,1.750169,0.012000,0.009985
0.271,1.750169,0.012000,0.009985
0.272,1.750169,0.012000,0.009985
0.273,1.750169,0.012000,0.009985
0.274,1.750169,0.012000,0.009985
0.275,2.029882,0.012000,0.009985
0.276,2.253652,0.012000,0.009985
0.277,2.253652,0.012000,0.009985
0.278,2.253652,0.012000,0.009985
0.279,2.253652,0.012000,0.009985
0.280,2.253652,0.012000,0.009985
0.281,2.253652,0.012000,0.009985
0.282,2.253652,0.012000,0.009985
0.283,2.253652,0.012000,0.009985
0.284,2.253652,0.012000,0.009985
0.285,2.253652,0.012000,0.009985
0.286,2.253652,0.012000,0.009985
0.287,2.253652,0.012000,0.011549
0.288,2.253652,0.012000,0.011681
0.289,2.253652,0.012000,0.012522
0.290,2.253652,0.012000,0.012262
0.291,2.253652,0.012000,0.012614
0.292,2.253652,0.012000,0.012126
0.293,2.253652,0.012000,0.011010
0.294,2.253652,0.012000,0.010640
0.295,2.253652,0.012000,0.010091
0.296,2.253652,0.012000,0.009932
0.297,2.253652,0.012000,0.009818
0.298,2.253652,0.012000,0.009310
0.299,2.253652,0.012000,0.009112
0.300,2.253652,0.012000,0.009219
0.301,2.253652,0.012000,0.010020
0.302,2.253652,0.012000,0.009472
0.303,2.253652,0.012000,0.010109
0.304,2.675977,0.012000,0.010109
0.305,2.675977,0.012000,0.010109
0.306,2.724667,0.012000,0.010109
0.307,2.724667,0.012000,0.010109
0.308,2.724667,0.012000,0.010109
0.309,2.724667,0.012000,0.009302
0.310,2.724667,0.012000,0.008644
0.311,2.724667,0.012000,0.008421
0.312,2.724667,0.012000,0.008412
0.313,2.724667,0.012000,0.008711
0.314,2.724667,0.012000,0.009075
0.315,2.724667,0.012000,0.009075
0.316,2.724667,0.012000,0.009075
0.317,2.724667,0.012000,0.009075
0.318,2.944508,0.012000,0.009075
0.319,3.054428,0.012000,0.009075
0.320,3.054428,0.012000,0.009075
0.321,3.054428,0.012000,0.009075
0.322,3.054428,0.012000,0.009075
0.323,3.054428,0.012000,0.009075
0.324,3.054428,0.012000,0.009075
0.325,3.054428,0.012000,0.009075
0.326,3.054428,0.012000,0.009075
0.327,3.054428,0.012000,0.009075
0.328,3.054428,0.012000,0.009075
0.329,3.054428,0.012000,0.009075
0.330,3.054428,0.012000,0.009075
0.331,3.054428,0.012000,0.009075
0.332,3.312540,0.012000,0.009075
0.333,3.312540,0.012000,0.009075
0.334,3.312540,0.012000,0.009075
0.335,3.312540,0.012000,0.009075
0.336,3.312540,0.012000,0.009075
0.337,3.312540,0.012000,0.009075
0.338,3.312540,0.012000,0.009075
0.339,3.312540,0.012000,0.009075
0.340,3.312540,0.012000,0.009075
0.341,3.312540,0.012000,0.009075
0.342,3.361035,0.012000,0.009075
0.343,3.409529,0.012000,0.009075
0.344,3.409529,0.012000,0.009075
0.345,3.409529,0.012000,0.009075
0.346,3.409529,0.012000,0.009075
0.347,3.409529,0.012000,0.009075
0.348,3.409529,0.012000,0.009075
0.349,3.409529,0.012000,0.009075
0.350,3.409529,0.012000,0.009075
0.351,3.409529,0.012000,0.009075
0.352,3.409529,0.012000,0.009075
0.353,3.633299,0.012000,0.009075
0.354,3.633299,0.012000,0.009075
0.355,3.633299,0.012000,0.009075
0.356,3.633299,0.012000,0.009075
0.357,3.633299,0.012000,0.009075
0.358,3.633299,0.012000,0.009075
0.359,3.633299,0.012000,0.009075
0.360,3.633299,0.012000,0.009075
0.361,3.633299,0.012000,0.009075
0.362,3.633299,0.012000,0.009075
0.363,3.633299,0.012000,0.009075
0.364,3.633299,0.012000,0.009075
0.365,3.950043,0.012000,0.009075
0.366,3.950043,0.012000,0.009075
0.367,3.950043,0.012000,0.009075
0.368,3.950043,0.012000,0.009075
0.369,3.950043,0.012000,0.009075
0.370,3.950043,0.012000,0.009075
0.371,3.950043,0.012000,0.009075
0.372,3.950043,0.012000,0.009075
0.373,3.950043,0.012000,0.009075
0.374,3.901353,0.012000,0.009075
0.375,3.901353,0.012000,0.009075
0.376,3.901353,0.012000,0.009075
0.377,3.901353,0.012000,0.009075
0.378,3.901353,0.012000,0.009075
0.379,3.901353,0.012000,0.009075
0.380,3.901353,0.012000,0.009075
0.381,3.901353,0.012000,0.009075
0.382,3.901353,0.012000,0.009075
0.383,4.066234,0.012000,0.009075
0.384,4.176155,0.012000,0.009075
0.385,4.176155,0.012000,0.009075
0.386,4.176155,0.012000,0.009075
0.388,4.176155,0.012000,0.009075
0.389,4.176155,0.012000,0.009075
0.390,4.176155,0.012000,0.009901
0.391,4.176155,0.012000,0.011289
0.392,4.176155,0.012000,0.012372
0.393,4.176155,0.012000,0.011848
0.394,4.176155,0.012000,0.011321
0.395,4.176155,0.012000,0.010916
0.396,4.176155,0.012000,0.009564
0.397,4.176155,0.012000,0.008962
0.398,4.176155,0.012000,0.008917
0.399,4.176155,0.012000,0.009530
0.400,4.176155,0.012000,0.010128
0.401,4.176155,0.012000,0.010603
0.402,4.176155,0.012000,0.011092
0.403,4.176155,0.012000,0.009950
0.404,4.176155,0.012000,0.009688
0.405,4.176155,0.012000,0.008905
0.406,4.176155,0.012000,0.008164
0.407,4.176155,0.012000,0.008912
0.408,4.176155,0.012000,0.009410
0.409,4.176155,0.012000,0.009874
0.410,4.176155,0.012000,0.010340
0.411,4.176155,0.012000,0.010331
0.412,4.176155,0.012000,0.010748
0.413,4.176155,0.012000,0.011248
0.414,4.644332,0.012000,0.011248
0.415,4.644332,0.012000,0.011248
0.416,4.644332,0.012000,0.011248
0.417,4.644332,0.012000,0.011248
0.418,4.644332,0.012000,0.011248
0.419,4.644332,0.012000,0.011248
0.420,4.749914,0.012000,0.011248
0.421,4.855495,0.012000,0.011248
0.422,4.855495,0.012000,0.011248
0.423,4.855495,0.012000,0.011248
0.424,4.855495,0.012000,0.011248
0.425,4.855495,0.012000,0.011248
0.426,4.855495,0.012000,0.011248
0.427,4.855495,0.012000,0.011248
0.428,4.806805,0.012000,0.011248
0.429,4.806805,0.012000,0.011248
0.430,4.806805,0.012000,0.011248
0.431,4.806805,0.012000,0.011248
0.432,4.806805,0.012000,0.011248
0.433,4.806805,0.012000,0.011248
0.434,4.806805,0.012000,0.011248
0.435,4.806805,0.012000,0.011248
0.436,5.026646,0.012000,0.011248
0.437,5.026646,0.012000,0.011248
0.438,5.026646,0.012000,0.011248
0.439,5.026646,0.012000,0.011248
0.440,5.026646,0.012000,0.011248
0.441,5.026646,0.012000,0.011248
0.442,5.026646,0.012000,0.011248
0.443,5.026646,0.012000,0.011248
0.444,5.181513,0.012000,0.011248
0.445,5.181513,0.012000,0.011248
0.446,5.181513,0.012000,0.011248
0.447,5.181513,0.012000,0.011248
0.448,5.181513,0.012000,0.011248
0.449,5.181513,0.012000,0.011248
0.450,5.181513,0.012000,0.011248
0.451,5.278502,0.012000,0.011248
0.452,5.278502,0.012000,0.011248
0.453,5.278502,0.012000,0.011248
0.454,5.278502,0.012000,0.011248
0.455,5.278502,0.012000,0.011248
0.456,5.278502,0.012000,0.011248
0.457,5.278502,0.012000,0.011248
0.458,5.390387,0.012000,0.011248
0.459,5.390387,0.012000,0.011248
0.460,5.390387,0.012000,0.011248
0.461,5.390387,0.012000,0.011248
0.462,5.390387,0.012000,0.011248
0.463,5.390387,0.012000,0.011248
0.464,5.390387,0.012000,0.011248
0.465,5.390387,0.012000,0.011248
0.466,5.443178,0.012000,0.011248
0.467,5.601550,0.012000,0.011248
0.468,5.601550,0.012000,0.011248
0.469,5.601550,0.012000,0.009016
0.470,5.601550,0.012000,0.009518
0.471,5.601550,0.012000,0.011648
0.472,5.601550,0.012000,0.011130
0.473,5.601550,0.012000,0.009076
0.474,5.601550,0.012000,0.009667
0.475,5.601550,0.012000,0.010521
0.476,5.601550,0.012000,0.009290
0.477,5.601550,0.012000,0.009248
0.478,5.601550,0.012000,0.010099
0.479,5.601550,0.012000,0.010815
0.480,5.601550,0.012000,0.010006
0.481,5.601550,0.012000,0.011401
0.482,5.601550,0.012000,0.011397
0.483,5.601550,0.012000,0.010430
0.484,5.601550,0.012000,0.010756
0.485,5.601550,0.012000,0.012314
0.486,5.601550,0.012000,0.012124
0.487,5.601550,0.012000,0.011479
0.488,5.601550,0.012000,0.011159
0.489,5.601550,0.012000,0.010600
0.490,5.601550,0.012000,0.009294
0.491,5.601550,0.012000,0.009400
0.492,5.601550,0.012000,0.010511
0.493,5.601550,0.012000,0.009963
0.494,5.601550,0.012000,0.010331
0.495,5.601550,0.012000,0.010187
0.496,5.601550,0.012000,0.009536
0.497,5.601550,0.012000,0.008561
0.498,5.601550,0.012000,0.008831
0.499,5.601550,0.012000,0.010265
0.500,5.601550,0.012000,0.010771
0.501,5.601550,0.012000,0.011528
0.502,5.601550,0.012000,0.012173
0.503,5.601550,0.012000,0.011162
0.504,5.601550,0.012000,0.010066
0.505,5.601550,0.012000,0.010781
0.506,5.601550,0.012000,0.012248
0.507,5.601550,0.012000,0.012468
0.508,5.601550,0.012000,0.011255
0.509,5.601550,0.012000,0.010159
0.510,5.601550,0.012000,0.009948
0.511,5.601550,0.012000,0.010541
0.512,5.601550,0.012000,0.012134
0.513,5.601550,0.012000,0.010654
0.514,5.601550,0.012000,0.010474
0.515,6.146007,0.012000,0.010474
0.516,6.146007,0.012000,0.010474
0.517,6.146007,0.012000,0.010474
0.518,6.146007,0.012000,0.010474
0.519,6.310888,0.012000,0.010474
0.520,6.310888,0.012000,0.010474
0.521,6.310888,0.012000,0.010474
0.522,6.310888,0.012000,0.010474
0.523,6.310888,0.012000,0.010474
0.524,6.310888,0.012000,0.010474
0.525,6.310888,0.012000,0.010474
0.526,6.414133,0.012000,0.010474
0.527,6.414133,0.012000,0.010474
0.528,6.414133,0.012000,0.010474
0.529,6.414133,0.012000,0.010474
0.530,6.414133,0.012000,0.010474
0.531,6.414133,0.012000,0.010474
0.532,6.462627,0.012000,0.010474
0.533,6.462627,0.012000,0.010474
0.534,6.462627,0.012000,0.010474
0.535,6.462627,0.012000,0.010474
0.536,6.462627,0.012000,0.010474
0.537,6.462627,0.012000,0.010474
0.538,6.574512,0.012000,0.010474
0.539,6.574512,0.012000,0.010474
0.540,6.574512,0.012000,0.010474
0.541,6.574512,0.012000,0.010474
0.542,6.574512,0.012000,0.010474
0.543,6.574512,0.012000,0.010474
0.544,6.680093,0.012000,0.010474
0.545,6.732884,0.012000,0.010474
0.546,6.732884,0.012000,0.010474
0.547,6.732884,0.012000,0.010474
0.548,6.732884,0.012000,0.010474
0.549,6.732884,0.012000,0.010474
0.550,6.732884,0.012000,0.010474
0.551,6.732884,0.012000,0.010474
0.552,6.732884,0.012000,0.010474
0.553,6.732884,0.012000,0.010474
0.554,6.732884,0.012000,0.010474
0.555,6.732884,0.012000,0.010474
0.556,6.897765,0.012000,0.010474
0.557,6.897765,0.012000,0.010474
0.558,6.897765,0.012000,0.010773
0.559,6.897765,0.012000,0.010049
0.560,6.897765,0.012000,0.012189
0.561,6.897765,0.012000,0.012393
0.562,6.897765,0.012000,0.011678
0.563,6.897765,0.012000,0.011400
0.564,6.897765,0.012000,0.010095
0.565,6.897765,0.012000,0.010326
0.566,6.897765,0.012000,0.009995
0.567,6.897765,0.012000,0.010010
0.568,6.897765,0.012000,0.009651
0.569,6.897765,0.012000,0.008375
0.570,6.897765,0.012000,0.008522
0.571,6.997881,0.012000,0.008522
0.572,6.997881,0.012000,0.008522
0.573,7.053824,0.012000,0.008522
0.574,7.053824,0.012000,0.008522
0.575,7.053824,0.012000,0.008522
0.576,7.053824,0.012000,0.008522
0.577,7.053824,0.012000,0.008522
0.578,7.053824,0.012000,0.008522
0.579,7.212196,0.012000,0.008522
0.580,7.212196,0.012000,0.008522
0.581,7.212196,0.012000,0.008522
0.582,7.212196,0.012000,0.008522
0.583,7.212196,0.012000,0.008522
0.584,7.212196,0.012000,0.008522
0.585,7.212196,0.012000,0.008522
0.586,7.212196,0.012000,0.008522
0.588,7.212196,0.012000,0.008522
0.589,7.212196,0.012000,0.009475
0.590,7.212196,0.012000,0.009880
0.591,7.212196,0.012000,0.009574
0.592,7.212196,0.012000,0.011509
0.593,7.212196,0.012000,0.010477
0.594,7.212196,0.012000,0.010527
0.595,7.212196,0.012000,0.011417
0.596,7.212196,0.012000,0.012521
0.597,7.212196,0.012000,0.012438
0.598,7.212196,0.012000,0.011094
0.599,7.212196,0.012000,0.009745
0.600,7.212196,0.012000,0.009642
0.601,7.212196,0.012000,0.011205
0.602,7.212196,0.012000,0.010841
0.603,7.212196,0.012000,0.009094
0.604,7.212196,0.012000,0.007560
0.605,7.212196,0.012000,0.008680
0.606,7.212196,0.012000,0.010302
0.607,7.212196,0.012000,0.011140
0.608,7.212196,0.012000,0.012312
0.609,7.212196,0.012000,0.012491
0.610,7.212196,0.012000,0.010655
0.611,7.212196,0.012000,0.011646
0.612,7.212196,0.012000,0.011561
0.613,7.212196,0.012000,0.011251
0.614,7.635379,0.012000,0.011251
0.615,7.635379,0.012000,0.011251
0.616,7.635379,0.012000,0.011251
0.617,7.635379,0.012000,0.011251
0.618,7.586689,0.012000,0.011251
0.619,7.586689,0.012000,0.011251
0.620,7.586689,0.012000,0.011251
0.621,7.586689,0.012000,0.011251
0.622,7.586689,0.012000,0.011251
0.623,7.751570,0.012000,0.011251
0.624,7.751570,0.012000,0.011251
0.625,7.751570,0.012000,0.011251
0.626,7.751570,0.012000,0.011251
0.627,7.751570,0.012000,0.011251
0.628,7.751570,0.012000,0.011251
0.629,7.803193,0.012000,0.011251
0.630,7.803193,0.012000,0.011251
0.631,7.803193,0.012000,0.011251
0.632,7.803193,0.012000,0.011251
0.633,7.851687,0.012000,0.011251
0.634,7.851687,0.012000,0.011251
0.635,7.851687,0.012000,0.011251
0.636,7.851687,0.012000,0.011251
0.637,7.851687,0.012000,0.011251
0.638,7.907629,0.012000,0.011251
0.639,7.907629,0.012000,0.011851
0.640,7.907629,0.012000,0.011892
0.641,7.907629,0.012000,0.011892
0.642,7.907629,0.012000,0.011892
0.643,7.907629,0.012000,0.011892
0.644,8.066002,0.012000,0.011892
0.645,8.066002,0.012000,0.011892
0.646,8.066002,0.012000,0.011892
0.647,8.066002,0.012000,0.011892
0.648,8.066002,0.012000,0.011892
0.649,8.017312,0.012000,0.011892
0.650,8.017312,0.012000,0.011892
0.651,8.017312,0.012000,0.011892
0.652,8.017312,0.012000,0.011892
0.653,8.072272,0.012000,0.011892
0.654,8.182193,0.012000,0.011892
0.655,8.182193,0.012000,0.011892
0.656,8.182193,0.012000,0.011892
0.657,8.182193,0.012000,0.011892
0.658,8.182193,0.012000,0.011892
0.659,8.233815,0.012000,0.011892
0.660,8.233815,0.012000,0.011892
0.661,8.233815,0.012000,0.011892
0.662,8.233815,0.012000,0.011892
0.663,8.233815,0.012000,0.011892
0.664,8.233815,0.012000,0.011892
0.665,8.233815,0.012000,0.011892
0.666,8.233815,0.012000,0.011892
0.667,8.233815,0.012000,0.011892
0.668,8.289758,0.012000,0.011892
0.669,8.289758,0.012000,0.011892
0.670,8.289758,0.012000,0.011892
0.671,8.289758,0.012000,0.011892
0.672,8.289758,0.012000,0.011892
0.673,8.289758,0.012000,0.011892
0.674,8.448130,0.012000,0.011892
0.675,8.448130,0.012000,0.011213
0.676,8.448130,0.012000,0.011016
0.677,8.448130,0.012000,0.012251
0.678,8.448130,0.012000,0.011364
0.679,8.448130,0.012000,0.011168
0.680,8.448130,0.012000,0.010014
0.681,8.448130,0.012000,0.008471
0.682,8.448130,0.012000,0.009891
0.683,8.460670,0.012000,0.009891
0.684,8.460670,0.012000,0.009891
0.685,8.460670,0.012000,0.009891
0.686,8.460670,0.012000,0.009891
0.687,8.460670,0.012000,0.009891
0.688,8.563915,0.012000,0.009891
0.689,8.563915,0.012000,0.012395
0.690,8.563915,0.012000,0.010992
0.691,8.563915,0.012000,0.010366
0.692,8.563915,0.012000,0.010871
0.693,8.563915,0.012000,0.009899
0.694,8.563915,0.012000,0.008855
0.695,8.563915,0.012000,0.008290
0.696,8.563915,0.012000,0.009438
0.697,8.563915,0.012000,0.011558
0.698,8.563915,0.012000,0.012752
0.699,8.563915,0.012000,0.010749
0.700,8.563915,0.012000,0.010295
0.701,8.563915,0.012000,0.011248
0.702,8.563915,0.012000,0.011408
0.703,8.563915,0.012000,0.010556
0.704,8.563915,0.012000,0.009205
0.705,8.563915,0.012000,0.012022
0.706,8.563915,0.012000,0.011478
0.707,8.563915,0.012000,0.011605
0.708,8.563915,0.012000,0.009112
0.709,8.563915,0.012000,0.008597
0.710,8.563915,0.012000,0.009860
0.711,8.563915,0.012000,0.009760
0.712,8.563915,0.012000,0.010349
0.713,8.563915,0.012000,0.009983
0.714,8.883854,0.012000,0.009983
0.715,8.883854,0.012000,0.009983
0.716,8.883854,0.012000,0.012348
0.717,8.935476,0.012000,0.012348
0.718,8.935476,0.012000,0.012348
0.719,8.983971,0.012000,0.012348
0.720,8.983971,0.012000,0.010985
0.721,8.983971,0.012000,0.009337
0.722,8.983971,0.012000,0.008197
0.723,8.983971,0.012000,0.008779
0.724,8.983971,0.012000,0.010455
0.725,9.039913,0.012000,0.010455
0.726,9.039913,0.012000,0.010455
0.727,9.039913,0.012000,0.010455
0.728,9.039913,0.012000,0.010455
0.729,9.039913,0.012000,0.010455
0.730,9.039913,0.012000,0.011791
0.731,9.039913,0.012000,0.011816
0.732,9.039913,0.012000,0.011376
0.733,9.145494,0.012000,0.011376
0.734,9.145494,0.012000,0.011376
0.735,9.145494,0.012000,0.013159
0.736,9.145494,0.012000,0.011495
0.737,9.145494,0.012000,0.010707
0.738,9.048115,0.012000,0.010707
0.739,9.048115,0.012000,0.010707
0.740,9.158035,0.012000,0.010707
0.741,9.158035,0.012000,0.009430
0.742,9.158035,0.012000,0.009931
0.743,9.158035,0.012000,0.010121
0.744,9.158035,0.012000,0.011692
0.745,9.158035,0.012000,0.011692
0.746,9.261280,0.012000,0.011692
0.747,9.261280,0.012000,0.011692
0.748,9.261280,0.012000,0.011692
0.749,9.261280,0.012000,0.011692
0.750,9.261280,0.012000,0.010858
0.751,9.261280,0.012000,0.010073
0.752,9.261280,0.012000,0.009546
0.753,9.261280,0.012000,0.007740
0.754,9.261280,0.012000,0.010022
0.755,9.261280,0.012000,0.011697
0.756,9.261280,0.012000,0.012635
0.757,9.261280,0.012000,0.011698
0.758,9.261280,0.012000,0.010496
0.759,9.261280,0.012000,0.011576
0.760,9.261280,0.012000,0.011580
0.761,9.261280,0.012000,0.010073
0.762,9.471298,0.012000,0.010073
0.763,9.471298,0.012000,0.010073
0.764,9.422608,0.012000,0.010073
0.765,9.422608,0.012000,0.012259
0.766,9.422608,0.012000,0.010551
0.767,9.422608,0.012000,0.008267
0.768,9.422608,0.012000,0.009492
0.769,9.422608,0.012000,0.009195
0.770,9.422608,0.012000,0.010035
0.771,9.532529,0.012000,0.010035
0.772,9.532529,0.012000,0.010035
0.773,9.532529,0.012000,0.010035
0.774,9.584151,0.012000,0.010035
0.775,9.584151,0.012000,0.010035
0.776,9.584151,0.012000,0.010035
0.777,9.584151,0.012000,0.010163
0.778,9.584151,0.012000,0.010697
0.779,9.584151,0.012000,0.010697
0.780,9.584151,0.012000,0.010697
0.781,9.584151,0.012000,0.010697
0.782,9.584151,0.012000,0.010697
0.783,9.640094,0.012000,0.010697
0.784,9.640094,0.012000,0.010697
0.785,9.640094,0.012000,0.010697
0.786,9.640094,0.012000,0.010697
0.787,9.640094,0.012000,0.010697
0.789,9.640094,0.012000,0.011570
0.790,9.640094,0.012000,0.010065
0.791,9.640094,0.012000,0.012703
0.792,9.640094,0.012000,0.012436
0.793,9.640094,0.012000,0.010777
0.794,9.640094,0.012000,0.009735
0.795,9.640094,0.012000,0.008796
0.796,9.640094,0.012000,0.009362
0.797,9.640094,0.012000,0.009722
0.798,9.640094,0.012000,0.010930
0.799,9.640094,0.012000,0.011387
0.800,9.640094,0.012000,0.014289
0.801,9.640094,0.012000,0.013234
0.802,9.640094,0.012000,0.012258
0.803,9.640094,0.012000,0.010101
0.804,9.640094,0.012000,0.010328
0.805,9.640094,0.012000,0.009968
0.806,9.640094,0.012000,0.009647
0.807,9.640094,0.012000,0.007993
0.808,9.640094,0.012000,0.009452
0.809,9.640094,0.012000,0.011516
0.810,9.640094,0.012000,0.012822
0.811,9.640094,0.012000,0.011557
0.812,9.640094,0.012000,0.011460
0.813,9.640094,0.012000,0.011845
0.814,9.971362,0.012000,0.011845
0.815,9.971362,0.012000,0.010953
0.816,9.971362,0.012000,0.011998
0.817,9.971362,0.012000,0.012805
0.818,9.971362,0.012000,0.011357
0.819,9.971362,0.012000,0.009121
0.820,9.971362,0.012000,0.009368
0.821,9.971362,0.012000,0.009368
0.822,9.971362,0.012000,0.009581
0.823,10.081283,0.012000,0.009581
0.824,10.081283,0.012000,0.009581
0.825,10.081283,0.012000,0.009581
0.826,10.132905,0.012000,0.009581
0.827,10.132905,0.012000,0.009581
0.828,10.132905,0.012000,0.009581
0.829,10.132905,0.012000,0.009581
0.830,10.132905,0.012000,0.011454
0.831,10.132905,0.012000,0.009905
0.832,10.132905,0.012000,0.007210
0.833,10.132905,0.012000,0.007709
0.834,10.132905,0.012000,0.010371
0.835,10.132905,0.012000,0.012940
0.836,10.188848,0.012000,0.012940
0.837,10.188848,0.012000,0.012940
0.838,10.188848,0.012000,0.012940
0.839,10.294429,0.012000,0.012940
0.840,10.294429,0.012000,0.012940
0.841,10.294429,0.012000,0.012940
0.842,10.294429,0.012000,0.012940
0.843,10.197049,0.012000,0.012940
0.844,10.197049,0.012000,0.012940
0.845,10.197049,0.012000,0.012940
0.846,10.197049,0.012000,0.012940
0.847,10.306970,0.012000,0.012940
0.848,10.306970,0.012000,0.012940
0.849,10.306970,0.012000,0.012940
0.850,10.306970,0.012000,0.012940
0.851,10.358592,0.012000,0.012940
0.852,10.358592,0.012000,0.012940
0.853,10.358592,0.012000,0.012940
0.854,10.358592,0.012000,0.012940
0.855,10.358592,0.012000,0.012940
0.856,10.358592,0.012000,0.012940
0.857,10.358592,0.012000,0.008214
0.858,10.358592,0.012000,0.010286
0.859,10.358592,0.012000,0.013240
0.860,10.358592,0.012000,0.012628
0.861,10.414535,0.012000,0.012628
0.862,10.414535,0.012000,0.011829
0.863,10.414535,0.012000,0.012119
0.864,10.414535,0.012000,0.009807
0.865,10.414535,0.012000,0.012505
0.866,10.471426,0.012000,0.012505
0.867,10.471426,0.012000,0.012505
0.868,10.471426,0.012000,0.012505
0.869,10.471426,0.012000,0.010209
0.870,10.581347,0.012000,0.010209
0.871,10.581347,0.012000,0.010182
0.872,10.581347,0.012000,0.011159
0.873,10.632969,0.012000,0.011159
0.874,10.632969,0.012000,0.011159
0.875,10.632969,0.012000,0.011159
0.876,10.632969,0.012000,0.011841
0.877,10.632969,0.012000,0.009308
0.878,10.632969,0.012000,0.006648
0.879,10.681463,0.012000,0.006648
0.880,10.681463,0.012000,0.006648
0.881,10.681463,0.012000,0.006648
0.882,10.681463,0.012000,0.006648
0.883,10.787045,0.012000,0.006648
0.884,10.787045,0.012000,0.010747
0.885,10.787045,0.012000,0.011230
0.886,10.787045,0.012000,0.013532
0.887,10.787045,0.012000,0.011707
0.888,10.787045,0.012000,0.010071
0.889,10.744625,0.012000,0.010071
0.890,10.799585,0.012000,0.010071
0.891,10.799585,0.012000,0.010071
0.892,10.799585,0.012000,0.010071
0.893,10.799585,0.012000,0.010071
0.894,10.851208,0.012000,0.010071
0.895,10.851208,0.012000,0.010932
0.896,10.851208,0.012000,0.012160
0.897,10.899702,0.012000,0.012160
0.898,10.899702,0.012000,0.012160
0.899,10.899702,0.012000,0.012160
0.900,10.899702,0.012000,0.012160
0.901,10.899702,0.012000,0.012160
0.902,10.899702,0.012000,0.012160
0.903,10.899702,0.012000,0.011792
0.904,10.899702,0.012000,0.011062
0.905,10.899702,0.012000,0.010555
0.906,10.899702,0.012000,0.012783
0.907,10.899702,0.012000,0.012499
0.908,10.907904,0.012000,0.012499
0.909,10.907904,0.012000,0.012499
0.910,11.017824,0.012000,0.012499
0.911,11.017824,0.012000,0.012499
0.912,11.017824,0.012000,0.012499
0.913,11.017824,0.012000,0.012499
0.914,11.069447,0.012000,0.012499
0.915,11.069447,0.012000,0.012499
0.916,11.069447,0.012000,0.012499
0.917,11.069447,0.012000,0.010293
0.918,11.069447,0.012000,0.010888
0.919,11.069447,0.012000,0.008379
0.920,11.069447,0.012000,0.007051
0.921,11.069447,0.012000,0.009849
0.922,11.069447,0.012000,0.012556
0.923,11.069447,0.012000,0.012951
0.924,11.069447,0.012000,0.012100
0.925,11.125389,0.012000,0.012100
0.926,11.230970,0.012000,0.012100
0.927,11.230970,0.012000,0.012100
0.928,11.230970,0.012000,0.012100
0.929,11.133591,0.012000,0.012100
0.930,11.133591,0.012000,0.012100
0.931,11.133591,0.012000,0.012100
0.932,11.133591,0.012000,0.009462
0.933,11.133591,0.012000,0.009697
0.934,11.133591,0.012000,0.009362
0.935,11.133591,0.012000,0.010482
0.936,11.133591,0.012000,0.010632
0.937,11.133591,0.012000,0.013932
0.938,11.133591,0.012000,0.014696
0.939,11.133591,0.012000,0.011943
0.940,11.133591,0.012000,0.010822
0.941,11.295134,0.012000,0.010822
0.942,11.295134,0.012000,0.010822
0.943,11.295134,0.012000,0.010822
0.944,11.295134,0.012000,0.010822
0.945,11.351076,0.012000,0.010822
0.946,11.351076,0.012000,0.010822
0.947,11.351076,0.012000,0.012178
0.948,11.351076,0.012000,0.012178
0.949,11.456657,0.012000,0.012178
0.950,11.456657,0.012000,0.012178
0.951,11.456657,0.012000,0.012178
0.952,11.407968,0.012000,0.012178
0.953,11.407968,0.012000,0.012178
0.954,11.407968,0.012000,0.008668
0.955,11.407968,0.012000,0.009314
0.956,11.407968,0.012000,0.009548
0.957,11.407968,0.012000,0.009301
0.958,11.407968,0.012000,0.010062
0.959,11.407968,0.012000,0.012644
0.960,11.514550,0.012000,0.012644
0.961,11.514550,0.012000,0.012644
0.962,11.514550,0.012000,0.012644
0.963,11.514550,0.012000,0.010400
0.964,11.514550,0.012000,0.008797
0.965,11.514550,0.012000,0.007972
0.966,11.514550,0.012000,0.010550
0.967,11.514550,0.012000,0.012830
0.968,11.514550,0.012000,0.012830
0.969,11.567341,0.012000,0.012830
0.970,11.567341,0.012000,0.011526
0.971,11.567341,0.012000,0.010227
0.972,11.567341,0.012000,0.012594
0.973,11.567341,0.012000,0.014423
0.974,11.567341,0.012000,0.013381
0.975,11.567341,0.012000,0.009910
0.976,11.567341,0.012000,0.009724
0.977,11.567341,0.012000,0.009873
0.978,11.567341,0.012000,0.009877
0.979,11.567341,0.012000,0.008528
0.980,11.567341,0.012000,0.011692
0.981,11.567341,0.012000,0.013686
0.982,11.732985,0.012000,0.013686
0.983,11.732985,0.012000,0.011617
0.984,11.732985,0.012000,0.011617
0.985,11.732985,0.012000,0.011617
0.986,11.732985,0.012000,0.011617
0.987,11.788927,0.012000,0.011617
0.989,11.788927,0.012000,0.011617
0.990,11.788927,0.012000,0.011617
0.991,11.788927,0.012000,0.011956
0.992,11.788927,0.012000,0.011056
0.993,11.788927,0.012000,0.010635
0.994,11.788927,0.012000,0.011148
0.995,11.793028,0.012000,0.011148
0.996,11.793028,0.012000,0.011148
0.997,11.793028,0.012000,0.011148
0.998,11.902948,0.012000,0.011148
0.999,11.902948,0.012000,0.011148
1.000,11.902948,0.012000,0.010045
1.001,11.902948,0.012000,0.010045
1.002,11.902948,0.012000,0.010045
1.003,11.954571,0.012000,0.010045
1.004,11.954571,0.012000,0.010045
1.005,11.954571,0.012000,0.011409
1.006,11.954571,0.012000,0.009812
1.007,11.954571,0.012000,0.007659
1.008,11.954571,0.012000,0.007558
1.009,11.954571,0.012000,0.010905
1.010,11.954571,0.012000,0.012261
1.011,11.954571,0.012000,0.011130
1.012,11.954571,0.012000,0.011454
1.013,11.954571,0.012000,0.010603
1.014,11.954571,0.012000,0.010102
1.015,11.954571,0.012000,0.013248
1.016,12.011462,0.012000,0.013248
1.017,12.011462,0.012000,0.013248
1.018,12.011462,0.012000,0.013248
1.019,12.011462,0.012000,0.009714
1.020,12.011462,0.012000,0.009744
1.021,12.066422,0.012000,0.009744
1.022,12.118045,0.012000,0.009744
1.023,12.118045,0.012000,0.009744
1.024,12.118045,0.012000,0.009744
1.025,12.118045,0.012000,0.009744
1.026,12.118045,0.012000,0.009744
1.027,12.118045,0.012000,0.009744
1.028,12.118045,0.012000,0.009744
1.029,12.118045,0.012000,0.009744
1.030,12.118045,0.012000,0.009744
1.031,12.118045,0.012000,0.009744
1.032,12.118045,0.012000,0.009744
1.033,12.223626,0.012000,0.009744
1.034,12.223626,0.012000,0.009744
1.035,12.223626,0.012000,0.009744
1.036,12.223626,0.012000,0.009744
1.037,12.223626,0.012000,0.009744
1.038,12.223626,0.012000,0.010261
1.039,12.223626,0.012000,0.009407
1.040,12.223626,0.012000,0.009828
1.041,12.278586,0.012000,0.009828
1.042,12.330209,0.012000,0.009828
1.043,12.330209,0.012000,0.009828
1.044,12.330209,0.012000,0.009828
1.045,12.330209,0.012000,0.009828
1.046,12.281714,0.012000,0.009828
1.047,12.281714,0.012000,0.009828
1.048,12.281714,0.012000,0.009828
1.049,12.337657,0.012000,0.009828
1.050,12.337657,0.012000,0.009828
1.051,12.337657,0.012000,0.009828
1.052,12.337657,0.012000,0.009828
1.053,12.443238,0.012000,0.009828
1.054,12.443238,0.012000,0.009828
1.055,12.443238,0.012000,0.009828
1.056,12.345859,0.012000,0.009828
1.057,12.345859,0.012000,0.009828
1.058,12.345859,0.012000,0.009890
1.059,12.345859,0.012000,0.009141
1.060,12.345859,0.012000,0.009201
1.061,12.345859,0.012000,0.010652
1.062,12.345859,0.012000,0.013821
1.063,12.345859,0.012000,0.014131
1.064,12.345859,0.012000,0.010328
1.065,12.345859,0.012000,0.009551
1.066,12.345859,0.012000,0.006798
1.067,12.345859,0.012000,0.010227
1.068,12.345859,0.012000,0.011870
1.069,12.458907,0.012000,0.011870
1.070,12.458907,0.012000,0.012325
1.071,12.458907,0.012000,0.012001
1.072,12.458907,0.012000,0.010888
1.073,12.564488,0.012000,0.010888
1.074,12.515799,0.012000,0.010888
1.075,12.515799,0.012000,0.010888
1.076,12.515799,0.012000,0.010888
1.077,12.515799,0.012000,0.010888
1.078,12.625719,0.012000,0.010888
1.079,12.625719,0.012000,0.009042
1.080,12.625719,0.012000,0.011536
1.081,12.625719,0.012000,0.013888
1.082,12.625719,0.012000,0.012265
1.083,12.625719,0.012000,0.011063
1.084,12.625719,0.012000,0.010959
1.085,12.677341,0.012000,0.010959
1.086,12.677341,0.012000,0.007037
1.087,12.677341,0.012000,0.007037
1.088,12.677341,0.012000,0.007037
1.089,12.677341,0.012000,0.007037
1.090,12.730132,0.012000,0.007037
1.091,12.730132,0.012000,0.010427
1.092,12.730132,0.012000,0.012350
1.093,12.730132,0.012000,0.013553
1.094,12.730132,0.012000,0.011163
1.095,12.730132,0.012000,0.010133
1.096,12.736403,0.012000,0.010133
1.097,12.736403,0.012000,0.008978
1.098,12.736403,0.012000,0.009884
1.099,12.736403,0.012000,0.009681
1.100,12.736403,0.012000,0.012960
1.101,12.788025,0.012000,0.012960
1.102,12.788025,0.012000,0.012960
1.103,12.788025,0.012000,0.012960
1.104,12.788025,0.012000,0.012960
1.105,12.788025,0.012000,0.012960
1.106,12.788025,0.012000,0.012669
1.107,12.788025,0.012000,0.012370
1.108,12.788025,0.012000,0.012113
1.109,12.788025,0.012000,0.012389
1.110,12.788025,0.012000,0.009927
1.111,12.788025,0.012000,0.011387
1.112,12.788025,0.012000,0.013119
1.113,12.788025,0.012000,0.012365
1.114,12.903028,0.012000,0.012365
1.115,12.903028,0.012000,0.012365
1.116,12.903028,0.012000,0.009921
1.117,12.903028,0.012000,0.009921
1.118,12.903028,0.012000,0.011272
1.119,12.903028,0.012000,0.013736
1.120,12.903028,0.012000,0.012406
1.121,12.903028,0.012000,0.013485
1.122,12.903028,0.012000,0.011254
1.123,12.903028,0.012000,0.007224
1.124,12.903028,0.012000,0.008107
1.125,12.903028,0.012000,0.011340
1.126,12.903028,0.012000,0.013011
1.127,12.903028,0.012000,0.011546
1.128,12.903028,0.012000,0.011479
1.129,12.903028,0.012000,0.011284
1.130,13.011542,0.012000,0.011284
1.131,13.011542,0.012000,0.011284
1.132,13.011542,0.012000,0.011284
1.133,13.066503,0.012000,0.011284
1.134,13.066503,0.012000,0.011284
1.135,13.066503,0.012000,0.011284
1.136,13.066503,0.012000,0.011284
1.137,13.118125,0.012000,0.011284
1.138,13.118125,0.012000,0.011284
1.139,13.118125,0.012000,0.011871
1.140,13.118125,0.012000,0.011632
1.141,13.118125,0.012000,0.009937
1.142,13.118125,0.012000,0.007295
1.143,13.118125,0.012000,0.009979
1.144,13.118125,0.012000,0.012957
1.145,13.118125,0.012000,0.012248
1.146,13.118125,0.012000,0.011543
1.147,13.118125,0.012000,0.012072
1.148,13.118125,0.012000,0.010514
1.149,13.118125,0.012000,0.011743
1.150,13.118125,0.012000,0.013251
1.151,13.118125,0.012000,0.011395
1.152,13.118125,0.012000,0.009466
1.153,13.118125,0.012000,0.009406
1.154,13.118125,0.012000,0.009601
1.155,13.288089,0.012000,0.009601
1.156,13.288089,0.012000,0.012934
1.157,13.339711,0.012000,0.012934
1.158,13.339711,0.012000,0.012934
1.159,13.291217,0.012000,0.012934
1.160,13.291217,0.012000,0.012934
1.161,13.291217,0.012000,0.012934
1.162,13.291217,0.012000,0.012934
1.163,13.291217,0.012000,0.012934
1.164,13.291217,0.012000,0.012934
1.165,13.291217,0.012000,0.012934
1.166,13.291217,0.012000,0.011112
1.167,13.291217,0.012000,0.010107
1.168,13.299418,0.012000,0.010107
1.169,13.299418,0.012000,0.010107
1.170,13.299418,0.012000,0.010107
1.171,13.354379,0.012000,0.010107
1.172,13.354379,0.012000,0.010107
1.173,13.354379,0.012000,0.010107
1.174,13.354379,0.012000,0.012241
1.175,13.406001,0.012000,0.012241
1.176,13.406001,0.012000,0.012241
1.177,13.406001,0.012000,0.012241
1.178,13.406001,0.012000,0.012241
1.179,13.406001,0.012000,0.012241
1.180,13.406001,0.012000,0.012241
1.181,13.461944,0.012000,0.012241
1.182,13.461944,0.012000,0.012241
1.183,13.461944,0.012000,0.012241
1.184,13.514734,0.012000,0.012241
1.185,13.514734,0.012000,0.012241
1.186,13.514734,0.012000,0.012241
1.187,13.466044,0.012000,0.012241
1.189,14.482809,0.012000,0.012241
1.190,14.482809,0.012000,0.009944
1.191,14.482809,0.012000,0.008823
1.192,14.482809,0.012000,0.009085
1.193,14.482809,0.012000,0.009861
1.194,14.482809,0.012000,0.014212
1.195,14.482809,0.012000,0.013554
1.196,14.482809,0.012000,0.011666
1.197,14.482809,0.012000,0.011753
1.198,13.524133,0.012000,0.011753
1.199,13.524133,0.012000,0.009764
1.200,13.524133,0.012000,0.006946
1.201,13.524133,0.012000,0.006946
1.202,13.524133,0.012000,0.006946
1.203,13.524133,0.012000,0.006946
1.204,13.629714,0.012000,0.006946
1.205,13.629714,0.012000,0.006946
1.206,13.581024,0.012000,0.006946
1.207,13.581024,0.012000,0.006946
1.208,13.581024,0.012000,0.006946
1.209,13.635984,0.012000,0.006946
1.210,13.635984,0.012000,0.006946
1.211,13.635984,0.012000,0.006946
1.212,13.635984,0.012000,0.006946
1.213,13.635984,0.012000,0.014778
1.214,13.635984,0.012000,0.011938
1.215,13.635984,0.012000,0.012536
1.216,13.635984,0.012000,0.009917
1.217,13.687607,0.012000,0.009917
1.218,13.743549,0.012000,0.009917
1.219,13.743549,0.012000,0.012491
1.220,13.743549,0.012000,0.011179
1.221,13.743549,0.012000,0.011650
1.222,13.796340,0.012000,0.011650
1.223,13.796340,0.012000,0.011650
1.224,13.796340,0.012000,0.011650
1.225,13.747650,0.012000,0.011650
1.226,13.747650,0.012000,0.011650
1.227,13.802610,0.012000,0.011650
1.228,13.802610,0.012000,0.009846
1.229,13.802610,0.012000,0.009383
1.230,13.802610,0.012000,0.013158
1.231,13.802610,0.012000,0.013718
1.232,13.854233,0.012000,0.013718
1.233,13.805738,0.012000,0.013718
1.234,13.805738,0.012000,0.013718
1.235,13.805738,0.012000,0.013718
1.236,13.861681,0.012000,0.013718
1.237,13.861681,0.012000,0.013718
1.238,13.861681,0.012000,0.013718
1.239,13.861681,0.012000,0.013718
1.240,13.914472,0.012000,0.013718
1.241,13.914472,0.012000,0.013718
1.242,13.865782,0.012000,0.013718
1.243,13.865782,0.012000,0.013718
1.244,13.865782,0.012000,0.013718
1.245,13.920742,0.012000,0.013718
1.246,13.920742,0.012000,0.013718
1.247,13.920742,0.012000,0.013718
1.248,13.972364,0.012000,0.013718
1.249,13.972364,0.012000,0.013808
1.250,13.972364,0.012000,0.012549
1.251,13.972364,0.012000,0.010893
1.252,13.972364,0.012000,0.009353
1.253,13.972364,0.012000,0.008404
1.254,13.972364,0.012000,0.013026
1.255,13.972364,0.012000,0.012492
1.256,13.972364,0.012000,0.011201
1.257,13.972364,0.012000,0.012305
1.258,13.972364,0.012000,0.009874
1.259,13.972364,0.012000,0.012199
1.260,14.032408,0.012000,0.012199
1.261,14.032408,0.012000,0.012199
1.262,14.087368,0.012000,0.012199
1.263,14.087368,0.012000,0.012199
1.264,14.087368,0.012000,0.012199
1.265,14.138990,0.012000,0.012199
1.266,14.138990,0.012000,0.012199
1.267,14.138990,0.012000,0.012199
1.268,14.090496,0.012000,0.012199
1.269,14.090496,0.012000,0.012199
1.270,14.090496,0.012000,0.008960
1.271,14.090496,0.012000,0.012565
1.272,14.090496,0.012000,0.011879
1.273,14.146439,0.012000,0.011879
1.274,14.146439,0.012000,0.012049
1.275,14.146439,0.012000,0.011381
1.276,14.146439,0.012000,0.008328
1.277,14.146439,0.012000,0.013253
1.278,14.146439,0.012000,0.014170
1.279,14.146439,0.012000,0.010454
1.280,14.146439,0.012000,0.010514
1.281,14.146439,0.012000,0.009495
1.282,14.146439,0.012000,0.009023
1.283,14.156810,0.012000,0.009023
1.284,14.156810,0.012000,0.009023
1.285,14.156810,0.012000,0.009023
1.286,14.156810,0.012000,0.012973
1.287,14.205304,0.012000,0.012973
1.288,14.205304,0.012000,0.011379
1.289,14.205304,0.012000,0.012307
1.290,14.205304,0.012000,0.011436
1.291,14.205304,0.012000,0.011389
1.292,14.205304,0.012000,0.010035
1.293,14.205304,0.012000,0.014000
1.294,14.205304,0.012000,0.015329
1.295,14.205304,0.012000,0.011349
1.296,14.205304,0.012000,0.009170
1.297,14.205304,0.012000,0.009168
1.298,14.205304,0.012000,0.008497
1.299,14.205304,0.012000,0.010240
1.300,14.205304,0.012000,0.013804
1.301,14.205304,0.012000,0.012575
1.302,14.205304,0.012000,0.011985
1.303,14.205304,0.012000,0.011021
1.304,14.205304,0.012000,0.008087
1.305,14.323436,0.012000,0.008087
1.306,14.323436,0.012000,0.008087
1.307,14.323436,0.012000,0.008087
1.308,14.376226,0.012000,0.008087
1.309,14.376226,0.012000,0.008087
1.310,14.376226,0.012000,0.008087
1.311,14.376226,0.012000,0.008087
1.312,14.376226,0.012000,0.008087
1.313,14.431187,0.012000,0.008087
1.314,14.431187,0.012000,0.008087
1.315,14.431187,0.012000,0.008087
1.316,14.431187,0.012000,0.010849
1.317,14.482809,0.012000,0.010849
1.318,14.482809,0.012000,0.010849
1.319,14.434315,0.012000,0.010849
1.320,14.434315,0.012000,0.010849
1.321,14.434315,0.012000,0.010849
1.322,14.434315,0.012000,0.011942
1.323,14.490257,0.012000,0.011942
1.324,14.490257,0.012000,0.011547
1.325,14.490257,0.012000,0.010705
1.326,14.490257,0.012000,0.010595
1.327,14.494358,0.012000,0.010595
1.328,14.494358,0.012000,0.010595
1.329,14.549318,0.012000,0.010595
1.330,14.549318,0.012000,0.010595
1.331,14.549318,0.012000,0.010595
1.332,14.549318,0.012000,0.010595
1.333,14.549318,0.012000,0.010595
1.334,14.549318,0.012000,0.010595
1.335,14.549318,0.012000,0.010595
1.336,14.549318,0.012000,0.010595
1.337,14.549318,0.012000,0.010595
1.338,14.549318,0.012000,0.010595
1.339,14.549318,0.012000,0.010595
1.340,14.549318,0.012000,0.010595
1.341,14.654900,0.012000,0.010595
1.342,14.654900,0.012000,0.010595
1.343,14.606210,0.012000,0.010595
1.344,14.606210,0.012000,0.010595
1.345,14.606210,0.012000,0.010595
1.346,14.661170,0.012000,0.010595
1.347,14.661170,0.012000,0.010595
1.348,14.661170,0.012000,0.010595
1.349,14.661170,0.012000,0.010595
1.350,14.661170,0.012000,0.010595
1.351,14.661170,0.012000,0.012805
1.352,14.661170,0.012000,0.011935
1.353,14.661170,0.012000,0.008516
1.354,14.661170,0.012000,0.009234
1.355,14.661170,0.012000,0.013589
1.356,14.661170,0.012000,0.012392
1.357,14.661170,0.012000,0.012439
1.358,14.661170,0.012000,0.011011
1.359,14.661170,0.012000,0.011083
1.360,14.721213,0.012000,0.011083
1.361,14.721213,0.012000,0.011083
1.362,14.776174,0.012000,0.011083
1.363,14.776174,0.012000,0.011083
1.364,14.776174,0.012000,0.011083
1.365,14.827796,0.012000,0.011083
1.366,14.827796,0.012000,0.011083
1.367,14.827796,0.012000,0.011083
1.368,14.827796,0.012000,0.011083
1.369,14.827796,0.012000,0.011083
1.370,14.827796,0.012000,0.011083
1.371,14.827796,0.012000,0.011083
1.372,14.827796,0.012000,0.011083
1.373,14.827796,0.012000,0.011083
1.374,14.880587,0.012000,0.011083
1.375,14.880587,0.012000,0.011083
1.376,14.831897,0.012000,0.011083
1.377,14.831897,0.012000,0.011083
1.378,14.831897,0.012000,0.011083
1.379,14.886857,0.012000,0.011083
1.380,14.886857,0.012000,0.011083
1.381,14.886857,0.012000,0.011083
1.382,14.886857,0.012000,0.011083
1.383,14.886857,0.012000,0.011083
1.384,14.886857,0.012000,0.011083
1.385,14.935351,0.012000,0.011083
1.386,14.935351,0.012000,0.011083
1.387,14.935351,0.012000,0.011083
1.389,14.935351,0.012000,0.011083
1.390,14.935351,0.012000,0.011083
1.391,15.040933,0.012000,0.011083
1.392,15.040933,0.012000,0.011083
1.393,15.040933,0.012000,0.011083
1.394,14.943553,0.012000,0.011083
1.395,14.943553,0.012000,0.011083
1.396,14.943553,0.012000,0.011083
1.397,14.998513,0.012000,0.011083
1.398,14.998513,0.012000,0.011083
1.399,14.998513,0.012000,0.011083
1.400,15.050136,0.012000,0.011083
1.401,15.001641,0.012000,0.011083
1.402,15.001641,0.012000,0.010902
1.403,15.001641,0.012000,0.006762
1.404,15.001641,0.012000,0.010411
1.405,15.001641,0.012000,0.012953
1.406,15.001641,0.012000,0.011704
1.407,15.001641,0.012000,0.012101
1.408,15.107223,0.012000,0.012101
1.409,15.107223,0.012000,0.012460
1.410,15.058533,0.012000,0.012460
1.411,15.058533,0.012000,0.012460
1.412,15.113493,0.012000,0.012460
1.413,15.113493,0.012000,0.008714
1.414,15.113493,0.012000,0.006861
1.415,15.113493,0.012000,0.006861
1.416,15.113493,0.012000,0.006861
1.417,15.113493,0.012000,0.006861
1.418,15.161987,0.012000,0.006861
1.419,15.161987,0.012000,0.006861
1.420,15.161987,0.012000,0.006861
1.421,15.161987,0.012000,0.006861
1.422,15.161987,0.012000,0.006861
1.423,15.214778,0.012000,0.006861
1.424,15.214778,0.012000,0.006861
1.425,15.214778,0.012000,0.006861
1.426,15.166088,0.012000,0.006861
1.427,15.166088,0.012000,0.006861
1.428,15.166088,0.012000,0.006861
1.429,15.221048,0.012000,0.006861
1.430,15.221048,0.012000,0.006861
1.431,15.221048,0.012000,0.006861
1.432,15.272671,0.012000,0.006861
1.433,15.272671,0.012000,0.006861
1.434,15.224176,0.012000,0.006861
1.435,15.224176,0.012000,0.006861
1.436,15.224176,0.012000,0.006861
1.437,15.224176,0.012000,0.006861
1.438,15.224176,0.012000,0.006861
1.439,15.224176,0.012000,0.006861
1.440,15.276967,0.012000,0.006861
1.441,15.276967,0.012000,0.006861
1.442,15.276967,0.012000,0.006861
1.443,15.276967,0.012000,0.006861
1.444,15.276967,0.012000,0.006861
1.445,15.331927,0.012000,0.006861
1.446,15.331927,0.012000,0.006861
1.447,15.331927,0.012000,0.006861
1.448,15.331927,0.012000,0.006861
1.449,15.331927,0.012000,0.006861
1.450,15.331927,0.012000,0.006861
1.451,15.331927,0.012000,0.006861
1.452,15.331927,0.012000,0.006861
1.453,15.331927,0.012000,0.006861
1.454,15.331927,0.012000,0.006861
1.455,15.331927,0.012000,0.006861
1.456,15.437509,0.012000,0.006861
1.457,15.437509,0.012000,0.006861
1.458,15.388819,0.012000,0.006861
1.459,15.388819,0.012000,0.006861
1.460,15.388819,0.012000,0.006861
1.461,15.443779,0.012000,0.006861
1.462,15.443779,0.012000,0.006861
1.463,15.443779,0.012000,0.006861
1.464,15.495401,0.012000,0.006861
1.465,15.495401,0.012000,0.006861
1.466,15.495401,0.012000,0.006861
1.467,15.495401,0.012000,0.006861
1.468,15.495401,0.012000,0.006861
1.469,15.439459,0.012000,0.006861
1.470,15.439459,0.012000,0.006861
1.471,15.439459,0.012000,0.006861
1.472,15.492249,0.012000,0.006861
1.473,15.492249,0.012000,0.006861
1.474,15.443560,0.012000,0.006861
1.475,15.443560,0.012000,0.006861
1.476,15.443560,0.012000,0.006861
1.477,15.498520,0.012000,0.006861
1.478,15.498520,0.012000,0.006861
1.479,15.498520,0.012000,0.006861
1.480,15.550142,0.012000,0.006861
1.481,15.550142,0.012000,0.006861
1.482,15.501648,0.012000,0.006861
1.483,15.501648,0.012000,0.006861
1.484,15.501648,0.012000,0.006861
1.485,15.557590,0.012000,0.006861
1.486,15.557590,0.012000,0.006861
1.487,15.557590,0.012000,0.006861
1.488,15.610381,0.012000,0.006861
1.489,15.610381,0.012000,0.006861
1.490,15.610381,0.012000,0.006861
1.491,15.610381,0.012000,0.006861
1.492,15.610381,0.012000,0.006861
1.493,15.665341,0.012000,0.006861
1.494,15.665341,0.012000,0.006861
1.495,15.665341,0.012000,0.006861
1.496,15.665341,0.012000,0.006861
1.497,15.665341,0.012000,0.006861
1.498,15.665341,0.012000,0.006861
1.499,15.665341,0.012000,0.006861
1.500,15.665341,0.012000,0.006861
1.501,15.665341,0.012000,0.006861
1.502,15.665341,0.012000,0.006861
1.503,15.665341,0.012000,0.006861
1.504,15.770923,0.012000,0.006861
1.505,15.770923,0.012000,0.006861
1.506,15.722233,0.012000,0.006861
1.507,15.722233,0.012000,0.006861
1.508,15.722233,0.012000,0.006861
1.509,15.777193,0.012000,0.006861
1.510,15.777193,0.012000,0.006861
1.511,15.777193,0.012000,0.006861
1.512,15.777193,0.012000,0.006861
1.513,15.777193,0.012000,0.006861
1.514,15.777193,0.012000,0.012648
1.515,15.777193,0.012000,0.007639
1.516,15.777193,0.012000,0.009114
1.517,15.777193,0.012000,0.013199
1.518,15.777193,0.012000,0.011522
1.519,15.777193,0.012000,0.012044
1.520,15.777193,0.012000,0.010314
1.521,15.777193,0.012000,0.012783
1.522,15.777193,0.012000,0.015184
1.523,15.777193,0.012000,0.010404
1.524,15.777193,0.012000,0.009359
1.525,15.777193,0.012000,0.007973
1.526,15.777193,0.012000,0.007583
1.527,15.777193,0.012000,0.013105
1.528,15.777193,0.012000,0.013877
1.529,15.777193,0.012000,0.013563
1.530,15.777193,0.012000,0.010999
1.531,15.777193,0.012000,0.007360
1.532,15.777193,0.012000,0.011287
1.533,15.777193,0.012000,0.012989
1.534,15.777193,0.012000,0.011745
1.535,15.777193,0.012000,0.010656
1.536,15.777193,0.012000,0.009076
1.537,15.777193,0.012000,0.012677
1.538,15.777193,0.012000,0.014237
1.539,15.777193,0.012000,0.012417
1.540,15.777193,0.012000,0.011218
1.541,15.777193,0.012000,0.008924
1.542,15.777193,0.012000,0.010539
1.543,15.777193,0.012000,0.014016
1.544,15.777193,0.012000,0.012154
1.545,15.777193,0.012000,0.012191
1.546,15.777193,0.012000,0.009314
1.547,15.777193,0.012000,0.008473
1.548,15.777193,0.012000,0.012535
1.549,15.777193,0.012000,0.012160
1.550,15.777193,0.012000,0.012026
1.551,15.777193,0.012000,0.010704
1.552,15.777193,0.012000,0.010839
1.553,15.777193,0.012000,0.013663
1.554,15.777193,0.012000,0.012397
1.555,15.777193,0.012000,0.010875
1.556,15.777193,0.012000,0.009639
1.557,15.777193,0.012000,0.007560
1.558,15.777193,0.012000,0.011491
1.559,15.777193,0.012000,0.013496
1.560,15.777193,0.012000,0.013431
1.561,15.777193,0.012000,0.012067
1.562,15.777193,0.012000,0.007220
1.563,15.777193,0.012000,0.010332
1.564,15.777193,0.012000,0.012715
1.565,15.777193,0.012000,0.011563
1.566,15.777193,0.012000,0.011211
1.567,15.777193,0.012000,0.010556
1.568,15.777193,0.012000,0.016407
1.569,15.777193,0.012000,0.014153
1.570,15.777193,0.012000,0.009454
1.571,15.777193,0.012000,0.006924
1.572,15.777193,0.012000,0.007392
1.573,15.777193,0.012000,0.012186
1.574,15.777193,0.012000,0.015656
1.575,15.777193,0.012000,0.013556
1.576,15.777193,0.012000,0.012891
1.577,15.777193,0.012000,0.008889
1.578,15.777193,0.012000,0.009413
1.579,15.777193,0.012000,0.012460
1.580,15.777193,0.012000,0.011422
1.581,15.777193,0.012000,0.011598
1.582,15.777193,0.012000,0.009335
1.583,16.195528,0.012000,0.009335
1.584,16.195528,0.012000,0.014103
1.585,16.195528,0.012000,0.012742
1.586,16.195528,0.012000,0.013534
1.587,16.195528,0.012000,0.010936
1.588,16.302111,0.012000,0.010936
1.590,16.302111,0.012000,0.010936
1.591,16.302111,0.012000,0.010936
1.592,16.253616,0.012000,0.010936
1.593,16.253616,0.012000,0.010196
1.594,16.253616,0.012000,0.006592
1.595,16.253616,0.012000,0.011085
1.596,16.253616,0.012000,0.011085
1.597,16.306408,0.012000,0.011085
1.598,16.306408,0.012000,0.010682
1.599,16.306408,0.012000,0.011287
1.600,16.306408,0.012000,0.015448
1.601,16.306408,0.012000,0.013504
1.602,16.306408,0.012000,0.011477
1.603,16.306408,0.012000,0.010370
1.604,16.312677,0.012000,0.010370
1.605,16.312677,0.012000,0.010370
1.606,16.312677,0.012000,0.010370
1.607,16.312677,0.012000,0.010370
1.608,16.312677,0.012000,0.010979
1.609,16.312677,0.012000,0.010979
1.610,16.312677,0.012000,0.010979
1.611,16.312677,0.012000,0.010979
1.612,16.365469,0.012000,0.010979
1.613,16.365469,0.012000,0.010979
1.614,16.365469,0.012000,0.009535
1.615,16.365469,0.012000,0.009535
1.616,16.365469,0.012000,0.009535
1.617,16.420429,0.012000,0.009535
1.618,16.420429,0.012000,0.009535
1.619,16.420429,0.012000,0.009535
1.620,16.420429,0.012000,0.009535
1.621,16.420429,0.012000,0.009535
1.622,16.420429,0.012000,0.009535
1.623,16.420429,0.012000,0.009535
1.624,16.420429,0.012000,0.009535
1.625,16.420429,0.012000,0.009535
1.626,16.420429,0.012000,0.009535
1.627,16.473221,0.012000,0.009535
1.628,16.473221,0.012000,0.009535
1.629,16.473221,0.012000,0.009535
1.630,16.424530,0.012000,0.009535
1.631,16.424530,0.012000,0.009535
1.632,16.479490,0.012000,0.009535
1.633,16.479490,0.012000,0.009535
1.634,16.479490,0.012000,0.009535
1.635,16.479490,0.012000,0.009535
1.636,16.479490,0.012000,0.009535
1.637,16.479490,0.012000,0.009535
1.638,16.479490,0.012000,0.009535
1.639,16.535433,0.012000,0.009535
1.640,16.535433,0.012000,0.009535
1.641,16.535433,0.012000,0.009535
1.642,16.588224,0.012000,0.009535
1.643,16.588224,0.012000,0.009535
1.644,16.588224,0.012000,0.009535
1.645,16.539534,0.012000,0.009535
1.646,16.539534,0.012000,0.009535
1.647,16.594494,0.012000,0.009535
1.648,16.594494,0.012000,0.009535
1.649,16.594494,0.012000,0.009535
1.650,16.646116,0.012000,0.009535
1.651,16.646116,0.012000,0.009535
1.652,16.646116,0.012000,0.009535
1.653,16.646116,0.012000,0.009535
1.654,16.646116,0.012000,0.009535
1.655,16.646116,0.012000,0.009535
1.656,16.646116,0.012000,0.009535
1.657,16.698908,0.012000,0.009535
1.658,16.698908,0.012000,0.009535
1.659,16.650217,0.012000,0.009535
1.660,16.650217,0.012000,0.009535
1.661,16.650217,0.012000,0.009535
1.662,16.705177,0.012000,0.009535
1.663,16.705177,0.012000,0.009535
1.664,16.705177,0.012000,0.009535
1.665,16.705177,0.012000,0.009535
1.666,16.705177,0.012000,0.009535
1.667,16.705177,0.012000,0.009535
1.668,16.705177,0.012000,0.009535
1.669,16.705177,0.012000,0.009535
1.670,16.705177,0.012000,0.009535
1.671,16.705177,0.012000,0.009535
1.672,16.757969,0.012000,0.009535
1.673,16.757969,0.012000,0.009535
1.674,16.709278,0.012000,0.009535
1.675,16.709278,0.012000,0.009535
1.676,16.709278,0.012000,0.012382
1.677,16.709278,0.012000,0.010621
1.678,16.709278,0.012000,0.007802
1.679,16.815861,0.012000,0.007802
1.680,16.815861,0.012000,0.007802
1.681,16.815861,0.012000,0.007802
1.682,16.815861,0.012000,0.007802
1.683,16.815861,0.012000,0.007802
1.684,16.815861,0.012000,0.007802
1.685,16.815861,0.012000,0.007802
1.686,16.815861,0.012000,0.007802
1.687,16.868652,0.012000,0.007802
1.688,16.868652,0.012000,0.007802
1.689,16.819962,0.012000,0.007802
1.690,16.819962,0.012000,0.012157
1.691,16.819962,0.012000,0.012038
1.692,16.874922,0.012000,0.012038
1.693,16.874922,0.012000,0.012038
1.694,16.874922,0.012000,0.012038
1.695,16.874922,0.012000,0.012038
1.696,16.874922,0.012000,0.012038
1.697,16.874922,0.012000,0.012038
1.698,16.874922,0.012000,0.008144
1.699,16.874922,0.012000,0.012841
1.700,16.874922,0.012000,0.011780
1.701,16.874922,0.012000,0.011695
1.702,16.983656,0.012000,0.011695
1.703,16.983656,0.012000,0.011695
1.704,16.983656,0.012000,0.014748
1.705,16.983656,0.012000,0.011858
1.706,16.983656,0.012000,0.010827
1.707,16.983656,0.012000,0.008182
1.708,16.941235,0.012000,0.008182
1.709,16.941235,0.012000,0.008182
1.710,16.941235,0.012000,0.012966
1.711,16.941235,0.012000,0.013962
1.712,16.941235,0.012000,0.009125
1.713,16.941235,0.012000,0.009125
1.714,16.941235,0.012000,0.010152
1.715,16.941235,0.012000,0.010152
1.716,16.941235,0.012000,0.011673
1.717,16.941235,0.012000,0.009770
1.718,16.941235,0.012000,0.014375
1.719,16.941235,0.012000,0.014865
1.720,16.941235,0.012000,0.011447
1.721,16.941235,0.012000,0.010806
1.722,16.941235,0.012000,0.006323
1.723,16.941235,0.012000,0.009647
1.724,16.941235,0.012000,0.013852
1.725,16.941235,0.012000,0.013065
1.726,16.941235,0.012000,0.011638
1.727,16.941235,0.012000,0.007822
1.728,16.941235,0.012000,0.012115
1.729,16.941235,0.012000,0.013447
1.730,16.941235,0.012000,0.013101
1.731,16.941235,0.012000,0.012733
1.732,16.941235,0.012000,0.009044
1.733,16.941235,0.012000,0.012740
1.734,16.941235,0.012000,0.013308
1.735,16.941235,0.012000,0.012573
1.736,16.941235,0.012000,0.010335
1.737,16.941235,0.012000,0.008949
1.738,16.941235,0.012000,0.012457
1.739,16.941235,0.012000,0.011253
1.740,16.941235,0.012000,0.012203
1.741,16.941235,0.012000,0.009391
1.742,16.941235,0.012000,0.008173
1.743,16.941235,0.012000,0.012495
1.744,16.941235,0.012000,0.011194
1.745,16.941235,0.012000,0.010375
1.746,16.941235,0.012000,0.009110
1.747,16.941235,0.012000,0.016044
1.748,16.941235,0.012000,0.014300
1.749,16.941235,0.012000,0.009622
1.750,16.941235,0.012000,0.006923
1.751,16.941235,0.012000,0.006141
1.752,16.941235,0.012000,0.011942
1.753,16.941235,0.012000,0.016504
1.754,16.941235,0.012000,0.015019
1.755,16.941235,0.012000,0.012565
1.756,16.941235,0.012000,0.008512
1.757,16.941235,0.012000,0.013093
1.758,16.941235,0.012000,0.012794
1.759,16.941235,0.012000,0.011402
1.760,16.941235,0.012000,0.010065
1.761,17.229864,0.012000,0.010065
1.762,17.229864,0.012000,0.010065
1.763,17.229864,0.012000,0.012830
1.764,17.229864,0.012000,0.010193
1.765,17.229864,0.012000,0.008378
1.766,17.229864,0.012000,0.010595
1.767,17.229864,0.012000,0.014855
1.768,17.229864,0.012000,0.012298
1.769,17.229864,0.012000,0.012599
1.770,17.229864,0.012000,0.006610
1.771,17.229864,0.012000,0.010403
1.772,17.229864,0.012000,0.012746
1.773,17.229864,0.012000,0.010079
1.774,17.333296,0.012000,0.010079
1.775,17.333296,0.012000,0.010079
1.776,17.284605,0.012000,0.010079
1.777,17.284605,0.012000,0.010079
1.778,17.339565,0.012000,0.010079
1.779,17.339565,0.012000,0.009537
1.780,17.339565,0.012000,0.008413
1.781,17.339565,0.012000,0.014163
1.782,17.339565,0.012000,0.014412
1.783,17.339565,0.012000,0.014308
1.784,17.339565,0.012000,0.009637
1.785,17.339565,0.012000,0.008709
1.786,17.391188,0.012000,0.008709
1.787,17.391188,0.012000,0.008709
1.788,17.443979,0.012000,0.008709
1.789,17.443979,0.012000,0.008709
1.791,17.395288,0.012000,0.008709
1.792,17.395288,0.012000,0.008709
1.793,17.395288,0.012000,0.008709
1.794,17.395288,0.012000,0.008709
1.795,17.395288,0.012000,0.008709
1.796,17.395288,0.012000,0.009944
1.797,17.395288,0.012000,0.012828
1.798,17.395288,0.012000,0.014235
1.799,17.395288,0.012000,0.012589
1.800,17.395288,0.012000,0.008453
1.801,17.395288,0.012000,0.012033
1.802,17.395288,0.012000,0.012332
1.803,17.499702,0.012000,0.012332
1.804,17.499702,0.012000,0.012332
1.805,17.451012,0.012000,0.012332
1.806,17.451012,0.012000,0.012332
1.807,17.505972,0.012000,0.012332
1.808,17.505972,0.012000,0.012332
1.809,17.505972,0.012000,0.012332
1.810,17.505972,0.012000,0.009950
1.811,17.557594,0.012000,0.009950
1.812,17.509100,0.012000,0.009950
1.813,17.509100,0.012000,0.009950
1.814,17.509100,0.012000,0.007370
1.815,17.565042,0.012000,0.007370
1.816,17.565042,0.012000,0.007370
1.817,17.617834,0.012000,0.007370
1.818,17.617834,0.012000,0.007370
1.819,17.569143,0.012000,0.007370
1.820,17.569143,0.012000,0.007370
1.821,17.624104,0.012000,0.007370
1.822,17.624104,0.012000,0.007370
1.823,17.624104,0.012000,0.007370
1.824,17.624104,0.012000,0.007370
1.825,17.624104,0.012000,0.007370
1.826,17.624104,0.012000,0.007370
1.827,17.624104,0.012000,0.007370
1.828,17.624104,0.012000,0.007370
1.829,17.624104,0.012000,0.007370
1.830,17.624104,0.012000,0.007370
1.831,17.729687,0.012000,0.007370
1.832,17.729687,0.012000,0.007370
1.833,17.680996,0.012000,0.007370
1.834,17.680996,0.012000,0.007370
1.835,17.680996,0.012000,0.007370
1.836,17.735956,0.012000,0.007370
1.837,17.735956,0.012000,0.007370
1.838,17.735956,0.012000,0.007370
1.839,17.735956,0.012000,0.007370
1.840,17.735956,0.012000,0.007370
1.841,17.735956,0.012000,0.007370
1.842,17.735956,0.012000,0.007370
1.843,17.735956,0.012000,0.007370
1.844,17.735956,0.012000,0.007370
1.845,17.788748,0.012000,0.007370
1.846,17.788748,0.012000,0.007370
1.847,17.740057,0.012000,0.007370
1.848,17.740057,0.012000,0.012958
1.849,17.740057,0.012000,0.012371
1.850,17.740057,0.012000,0.010160
1.851,17.795017,0.012000,0.010160
1.852,17.846640,0.012000,0.010160
1.853,17.846640,0.012000,0.010160
1.854,17.798145,0.012000,0.010160
1.855,17.798145,0.012000,0.010160
1.856,17.742203,0.012000,0.010160
1.857,17.742203,0.012000,0.010160
1.858,17.742203,0.012000,0.010160
1.859,17.847786,0.012000,0.010160
1.860,17.847786,0.012000,0.010160
1.861,17.799095,0.012000,0.010160
1.862,17.799095,0.012000,0.010160
1.863,17.854055,0.012000,0.010160
1.864,17.854055,0.012000,0.010160
1.865,17.854055,0.012000,0.010160
1.866,17.854055,0.012000,0.010160
1.867,17.854055,0.012000,0.013246
1.868,17.854055,0.012000,0.013411
1.869,17.854055,0.012000,0.008405
1.870,17.854055,0.012000,0.011308
1.871,17.854055,0.012000,0.011260
1.872,17.909998,0.012000,0.011260
1.873,17.962790,0.012000,0.011260
1.874,17.962790,0.012000,0.011260
1.875,17.914099,0.012000,0.011260
1.876,17.914099,0.012000,0.011260
1.877,17.969059,0.012000,0.011260
1.878,17.969059,0.012000,0.011260
1.879,17.969059,0.012000,0.011260
1.880,17.969059,0.012000,0.011260
1.881,17.969059,0.012000,0.015106
1.882,17.969059,0.012000,0.013656
1.883,17.969059,0.012000,0.008564
1.884,17.969059,0.012000,0.012273
1.885,17.969059,0.012000,0.014117
1.886,17.969059,0.012000,0.012040
1.887,17.969059,0.012000,0.009629
1.888,17.965908,0.012000,0.009629
1.889,17.917217,0.012000,0.009629
1.890,17.917217,0.012000,0.009629
1.891,17.917217,0.012000,0.010793
1.892,17.917217,0.012000,0.009815
1.893,17.917217,0.012000,0.014087
1.894,17.917217,0.012000,0.014200
1.895,17.917217,0.012000,0.014206
1.896,17.917217,0.012000,0.010470
1.897,17.917217,0.012000,0.005029
1.898,17.917217,0.012000,0.010100
1.899,17.917217,0.012000,0.011150
1.900,17.917217,0.012000,0.010800
1.901,17.917217,0.012000,0.009034
1.902,18.080912,0.012000,0.009034
1.903,18.032221,0.012000,0.009034
1.904,18.032221,0.012000,0.009034
1.905,18.032221,0.012000,0.011135
1.906,18.032221,0.012000,0.007106
1.907,18.032221,0.012000,0.010437
1.908,18.032221,0.012000,0.013324
1.909,18.032221,0.012000,0.014171
1.910,18.032221,0.012000,0.010905
1.911,18.087181,0.012000,0.010905
1.912,18.087181,0.012000,0.010905
1.913,18.087181,0.012000,0.010905
1.914,18.139973,0.012000,0.010905
1.915,18.139973,0.012000,0.010323
1.916,18.139973,0.012000,0.015082
1.917,18.139973,0.012000,0.016249
1.918,18.139973,0.012000,0.010942
1.919,18.139973,0.012000,0.009816
1.920,18.139973,0.012000,0.004701
1.921,18.139973,0.012000,0.009629
1.922,18.139973,0.012000,0.012206
1.923,18.139973,0.012000,0.012403
1.924,18.139973,0.012000,0.008296
1.925,18.139973,0.012000,0.010884
1.926,18.139973,0.012000,0.014542
1.927,18.139973,0.012000,0.013227
1.928,18.139973,0.012000,0.010514
1.929,18.139973,0.012000,0.010781
1.930,18.139973,0.012000,0.015976
1.931,18.139973,0.012000,0.013319
1.932,18.139973,0.012000,0.012002
1.933,18.139973,0.012000,0.009357
1.934,18.139973,0.012000,0.009971
1.935,18.139973,0.012000,0.015206
1.936,18.139973,0.012000,0.012524
1.937,18.139973,0.012000,0.012264
1.938,18.139973,0.012000,0.006871
1.939,18.139973,0.012000,0.011351
1.940,18.139973,0.012000,0.010971
1.941,18.139973,0.012000,0.009577
1.942,18.139973,0.012000,0.006862
1.943,18.205084,0.012000,0.006862
1.944,18.205084,0.012000,0.006862
1.945,18.260044,0.012000,0.006862
1.946,18.260044,0.012000,0.006862
1.947,18.260044,0.012000,0.008696
1.948,18.260044,0.012000,0.013625
1.949,18.260044,0.012000,0.015420
1.950,18.260044,0.012000,0.014394
1.951,18.260044,0.012000,0.011608
1.952,18.260044,0.012000,0.007676
1.953,18.260044,0.012000,0.012888
1.954,18.260044,0.012000,0.010514
1.955,18.260044,0.012000,0.010785
1.956,18.260044,0.012000,0.007265
1.957,18.260044,0.012000,0.011837
1.958,18.315767,0.012000,0.011837
1.959,18.370728,0.012000,0.011837
1.960,18.370728,0.012000,0.011837
1.961,18.370728,0.012000,0.011837
1.962,18.370728,0.012000,0.015390
1.963,18.370728,0.012000,0.015098
1.964,18.370728,0.012000,0.014156
1.965,18.370728,0.012000,0.008333
1.966,18.370728,0.012000,0.011124
1.967,18.370728,0.012000,0.012697
1.968,18.423519,0.012000,0.012697
1.969,18.423519,0.012000,0.012697
1.970,18.374828,0.012000,0.012697
1.971,18.374828,0.012000,0.012697
1.972,18.374828,0.012000,0.012697
1.973,18.374828,0.012000,0.012697
1.974,18.374828,0.012000,0.012697
1.975,18.426451,0.012000,0.012697
1.976,18.426451,0.012000,0.012697
1.977,18.426451,0.012000,0.012697
1.978,18.426451,0.012000,0.012697
1.979,18.426451,0.012000,0.012697
1.980,18.426451,0.012000,0.012697
1.981,18.479242,0.012000,0.012697
1.982,18.479242,0.012000,0.012697
1.983,18.430552,0.012000,0.012697
1.984,18.430552,0.012000,0.012697
1.985,18.430552,0.012000,0.012697
1.986,18.430552,0.012000,0.012697
1.987,18.430552,0.012000,0.012697
1.988,18.430552,0.012000,0.007354
1.989,18.430552,0.012000,0.011078
1.991,18.430552,0.012000,0.011834
1.992,18.430552,0.012000,0.013739
1.993,18.430552,0.012000,0.009066
1.994,18.482174,0.012000,0.009066
1.995,18.482174,0.012000,0.009066
1.996,18.534966,0.012000,0.009066
1.997,18.534966,0.012000,0.009066
1.998,18.486275,0.012000,0.009066
1.999,18.486275,0.012000,0.009066
2.000,18.541235,0.012000,0.009066
2.001,18.541235,0.012000,0.009066
2.002,18.541235,0.012000,0.009066
2.003,18.541235,0.012000,0.009066
2.004,18.541235,0.012000,0.009066
2.005,18.541235,0.012000,0.009066
2.006,18.541235,0.012000,0.009066
2.007,18.541235,0.012000,0.009066
2.008,18.541235,0.012000,0.009066
2.009,18.541235,0.012000,0.009066
2.010,18.594027,0.012000,0.009066
2.011,18.545336,0.012000,0.009066
2.012,18.545336,0.012000,0.009066
2.013,18.545336,0.012000,0.009066
2.014,18.600296,0.012000,0.009066
2.015,18.600296,0.012000,0.009066
2.016,18.600296,0.012000,0.009066
2.017,18.600296,0.012000,0.009066
2.018,18.648790,0.012000,0.009066
2.019,18.648790,0.012000,0.009066
2.020,18.648790,0.012000,0.009066
2.021,18.648790,0.012000,0.009066
2.022,18.648790,0.012000,0.009066
2.023,18.701582,0.012000,0.009066
2.024,18.701582,0.012000,0.009066
2.025,18.652891,0.012000,0.009066
2.026,18.652891,0.012000,0.010991
2.027,18.652891,0.012000,0.008314
2.028,18.652891,0.012000,0.007056
2.029,18.652891,0.012000,0.010972
2.030,18.707851,0.012000,0.010972
2.031,18.707851,0.012000,0.010972
2.032,18.707851,0.012000,0.010972
2.033,18.707851,0.012000,0.010972
2.034,18.707851,0.012000,0.010972
2.035,18.707851,0.012000,0.010972
2.036,18.760643,0.012000,0.010972
2.037,18.760643,0.012000,0.010634
2.038,18.760643,0.012000,0.007903
2.039,18.760643,0.012000,0.012797
2.040,18.760643,0.012000,0.012963
2.041,18.766912,0.012000,0.012963
2.042,18.766912,0.012000,0.012963
2.043,18.766912,0.012000,0.012963
2.044,18.818535,0.012000,0.012963
2.045,18.818535,0.012000,0.012963
2.046,18.818535,0.012000,0.013501
2.047,18.818535,0.012000,0.010784
2.048,18.818535,0.012000,0.009487
2.049,18.818535,0.012000,0.012826
2.050,18.770041,0.012000,0.012826
2.051,18.770041,0.012000,0.012826
2.052,18.822832,0.012000,0.012826
2.053,18.774141,0.012000,0.012826
2.054,18.725451,0.012000,0.012826
2.055,18.725451,0.012000,0.013397
2.056,18.725451,0.012000,0.007779
2.057,18.725451,0.012000,0.007648
2.058,18.725451,0.012000,0.013745
2.059,18.780411,0.012000,0.013745
2.060,18.780411,0.012000,0.013745
2.061,18.780411,0.012000,0.013745
2.062,18.780411,0.012000,0.013745
2.063,18.780411,0.012000,0.013745
2.064,18.780411,0.012000,0.013745
2.065,18.833202,0.012000,0.013745
2.066,18.833202,0.012000,0.013745
2.067,18.833202,0.012000,0.007238
2.068,18.833202,0.012000,0.011037
2.069,18.833202,0.012000,0.011037
2.070,18.833202,0.012000,0.011037
2.071,18.888163,0.012000,0.011037
2.072,18.888163,0.012000,0.011037
2.073,18.939785,0.012000,0.011037
2.074,18.939785,0.012000,0.011037
2.075,18.891291,0.012000,0.011037
2.076,18.891291,0.012000,0.011037
2.077,18.835348,0.012000,0.011037
2.078,18.835348,0.012000,0.011037
2.079,18.835348,0.012000,0.011037
2.080,18.835348,0.012000,0.010807
2.081,18.835348,0.012000,0.009573
2.082,18.835348,0.012000,0.015797
2.083,18.835348,0.012000,0.015238
2.084,18.835348,0.012000,0.011096
2.085,18.835348,0.012000,0.008432
2.086,18.835348,0.012000,0.005083
2.087,18.835348,0.012000,0.011776
2.088,18.835348,0.012000,0.013672
2.089,18.835348,0.012000,0.015241
2.090,18.892241,0.012000,0.015241
2.091,18.892241,0.012000,0.015241
2.092,18.892241,0.012000,0.015241
2.093,18.945032,0.012000,0.015241
2.094,18.945032,0.012000,0.015241
2.095,18.896341,0.012000,0.015241
2.096,18.896341,0.012000,0.015241
2.097,18.951302,0.012000,0.015241
2.098,18.951302,0.012000,0.015241
2.099,18.951302,0.012000,0.015241
2.100,19.002924,0.012000,0.015241
2.101,19.002924,0.012000,0.015241
2.102,19.002924,0.012000,0.015241
2.103,19.002924,0.012000,0.015241
2.104,19.002924,0.012000,0.014193
2.105,19.002924,0.012000,0.014193
2.106,19.002924,0.012000,0.012353
2.107,19.002924,0.012000,0.010687
2.108,19.002924,0.012000,0.008884
2.109,19.002924,0.012000,0.013444
2.110,19.002924,0.012000,0.013005
2.111,19.061985,0.012000,0.013005
2.112,19.061985,0.012000,0.013005
2.113,19.061985,0.012000,0.013005
2.114,19.061985,0.012000,0.013005
2.115,19.061985,0.012000,0.013005
2.116,19.061985,0.012000,0.013005
2.117,19.061985,0.012000,0.008221
2.118,19.006042,0.012000,0.008221
2.119,19.006042,0.012000,0.008221
2.120,19.006042,0.012000,0.012152
2.121,19.058834,0.012000,0.012152
2.122,19.010143,0.012000,0.012152
2.123,19.010143,0.012000,0.012152
2.124,19.065104,0.012000,0.012152
2.125,19.065104,0.012000,0.012152
2.126,19.065104,0.012000,0.012152
2.127,19.116726,0.012000,0.012152
2.128,19.116726,0.012000,0.012152
2.129,19.116726,0.012000,0.014423
2.130,19.116726,0.012000,0.010652
2.131,19.116726,0.012000,0.006769
2.132,19.116726,0.012000,0.012046
2.133,19.116726,0.012000,0.011332
2.134,19.121023,0.012000,0.011332
2.135,19.121023,0.012000,0.011332
2.136,19.072332,0.012000,0.011332
2.137,19.072332,0.012000,0.013837
2.138,19.072332,0.012000,0.014115
2.139,19.072332,0.012000,0.012688
2.140,19.072332,0.012000,0.008842
2.141,19.072332,0.012000,0.008312
2.142,19.072332,0.012000,0.012963
2.143,19.127293,0.012000,0.012963
2.144,19.127293,0.012000,0.012963
2.145,19.127293,0.012000,0.012963
2.146,19.183235,0.012000,0.012963
2.147,19.183235,0.012000,0.012963
2.148,19.236027,0.012000,0.012963
2.149,19.236027,0.012000,0.012963
2.150,19.187336,0.012000,0.012963
2.151,19.187336,0.012000,0.012963
2.152,19.187336,0.012000,0.012963
2.153,19.187336,0.012000,0.012963
2.154,19.187336,0.012000,0.012963
2.155,19.238958,0.012000,0.012963
2.156,19.238958,0.012000,0.012963
2.157,19.190464,0.012000,0.012963
2.158,19.190464,0.012000,0.012963
2.159,19.190464,0.012000,0.008739
2.160,19.190464,0.012000,0.012628
2.161,19.190464,0.012000,0.010991
2.162,19.190464,0.012000,0.010451
2.163,19.190464,0.012000,0.007857
2.164,19.190464,0.012000,0.011352
2.165,19.190464,0.012000,0.013161
2.166,19.249525,0.012000,0.013161
2.167,19.249525,0.012000,0.013161
2.168,19.249525,0.012000,0.013161
2.169,19.249525,0.012000,0.013161
2.170,19.249525,0.012000,0.014794
2.171,19.249525,0.012000,0.012173
2.172,19.249525,0.012000,0.005168
2.173,19.201031,0.012000,0.005168
2.174,19.253822,0.012000,0.005168
2.175,19.253822,0.012000,0.005168
2.176,19.253822,0.012000,0.005168
2.177,19.253822,0.012000,0.017248
2.178,19.253822,0.012000,0.017248
2.179,19.308783,0.012000,0.017248
2.180,19.308783,0.012000,0.017248
2.181,19.308783,0.012000,0.017248
2.182,19.308783,0.012000,0.011989
2.183,19.308783,0.012000,0.011075
2.184,19.308783,0.012000,0.008152
2.185,19.308783,0.012000,0.008152
2.186,19.308783,0.012000,0.012682
2.187,19.308783,0.012000,0.008828
2.188,19.308783,0.012000,0.012942
2.190,19.367844,0.012000,0.012942
2.191,19.367844,0.012000,0.012942
2.192,19.367844,0.012000,0.012942
2.193,19.367844,0.012000,0.012942
2.194,19.367844,0.012000,0.015762
2.195,19.367844,0.012000,0.012187
2.196,19.367844,0.012000,0.009625
2.197,19.367844,0.012000,0.012996
2.198,19.367844,0.012000,0.010598
2.199,19.367844,0.012000,0.011144
2.200,19.367844,0.012000,0.006631
2.201,19.323450,0.012000,0.006631
2.202,19.378410,0.012000,0.006631
2.203,19.378410,0.012000,0.008269
2.204,19.378410,0.012000,0.013187
2.205,19.378410,0.012000,0.015678
2.206,19.378410,0.012000,0.016054
2.207,19.378410,0.012000,0.011131
2.208,19.378410,0.012000,0.009395
2.209,19.378410,0.012000,0.014030
2.210,19.378410,0.012000,0.010700
2.211,19.378410,0.012000,0.010903
2.212,19.378410,0.012000,0.010940
2.213,19.382511,0.012000,0.010940
2.214,19.437471,0.012000,0.010940
2.215,19.437471,0.012000,0.010940
2.216,19.437471,0.012000,0.010940
2.217,19.437471,0.012000,0.010940
2.218,19.437471,0.012000,0.014958
2.219,19.437471,0.012000,0.016098
2.220,19.437471,0.012000,0.009301
2.221,19.437471,0.012000,0.013521
2.222,19.437471,0.012000,0.012860
2.223,19.437471,0.012000,0.012423
2.224,19.437471,0.012000,0.010004
2.225,19.437471,0.012000,0.014279
2.226,19.437471,0.012000,0.014919
2.227,19.448038,0.012000,0.014919
2.228,19.448038,0.012000,0.014919
2.229,19.499660,0.012000,0.014919
2.230,19.499660,0.012000,0.014919
2.231,19.499660,0.012000,0.014919
2.232,19.499660,0.012000,0.014919
2.233,19.499660,0.012000,0.014919
2.234,19.499660,0.012000,0.014919
2.235,19.499660,0.012000,0.014919
2.236,19.552452,0.012000,0.014919
2.237,19.503761,0.012000,0.014919
2.238,19.503761,0.012000,0.014522
2.239,19.503761,0.012000,0.010918
2.240,19.503761,0.012000,0.008178
2.241,19.503761,0.012000,0.004905
2.242,19.555384,0.012000,0.004905
2.243,19.555384,0.012000,0.004905
2.244,19.555384,0.012000,0.004905
2.245,19.555384,0.012000,0.004905
2.246,19.555384,0.012000,0.004905
2.247,19.555384,0.012000,0.004905
2.248,19.555384,0.012000,0.004905
2.249,19.555384,0.012000,0.004905
2.250,19.555384,0.012000,0.011239
2.251,19.555384,0.012000,0.013808
2.252,19.555384,0.012000,0.013501
2.253,19.555384,0.012000,0.013501
2.254,19.607006,0.012000,0.013501
2.255,19.607006,0.012000,0.013501
2.256,19.607006,0.012000,0.013501
2.257,19.607006,0.012000,0.013501
2.258,19.607006,0.012000,0.013501
2.259,19.607006,0.012000,0.013501
2.260,19.659798,0.012000,0.013501
2.261,19.659798,0.012000,0.010239
2.262,19.659798,0.012000,0.016609
2.263,19.659798,0.012000,0.012490
2.264,19.659798,0.012000,0.010381
2.265,19.659798,0.012000,0.008520
2.266,19.666067,0.012000,0.008520
2.267,19.617573,0.012000,0.008520
2.268,19.617573,0.012000,0.008847
2.269,19.617573,0.012000,0.007973
2.270,19.617573,0.012000,0.012012
2.271,19.617573,0.012000,0.012106
2.272,19.621674,0.012000,0.012106
2.273,19.621674,0.012000,0.012106
2.274,19.621674,0.012000,0.016403
2.275,19.621674,0.012000,0.012106
2.276,19.621674,0.012000,0.009990
2.277,19.621674,0.012000,0.008173
2.278,19.621674,0.012000,0.014490
2.279,19.621674,0.012000,0.015501
2.280,19.621674,0.012000,0.014925
2.281,19.621674,0.012000,0.009599
2.282,19.621674,0.012000,0.012514
2.283,19.621674,0.012000,0.011461
2.284,19.621674,0.012000,0.011358
2.285,19.621674,0.012000,0.008891
2.286,19.680735,0.012000,0.008891
2.287,19.680735,0.012000,0.008891
2.288,19.680735,0.012000,0.010144
2.289,19.735695,0.012000,0.010144
2.290,19.735695,0.012000,0.008056
2.291,19.735695,0.012000,0.014558
2.292,19.735695,0.012000,0.014690
2.293,19.735695,0.012000,0.011683
2.294,19.735695,0.012000,0.008355
2.295,19.735695,0.012000,0.012793
2.296,19.735695,0.012000,0.011918
2.297,19.735695,0.012000,0.011202
2.298,19.735695,0.012000,0.009857
2.299,19.735695,0.012000,0.015340
2.300,19.743134,0.012000,0.015340
2.301,19.743134,0.012000,0.005547
2.302,19.743134,0.012000,0.010592
2.303,19.743134,0.012000,0.016399
2.304,19.794756,0.012000,0.016399
2.305,19.794756,0.012000,0.014892
2.306,19.794756,0.012000,0.010415
2.307,19.794756,0.012000,0.010690
2.308,19.794756,0.012000,0.010690
2.309,19.794756,0.012000,0.009961
2.310,19.794756,0.012000,0.011682
2.311,19.794756,0.012000,0.014594
2.312,19.794756,0.012000,0.010338
2.313,19.794756,0.012000,0.008538
2.314,19.805126,0.012000,0.008538
2.315,19.805126,0.012000,0.008538
2.316,19.805126,0.012000,0.008538
2.317,19.805126,0.012000,0.008538
2.318,19.805126,0.012000,0.008538
2.319,19.805126,0.012000,0.008538
2.320,19.805126,0.012000,0.008538
2.321,19.857918,0.012000,0.008538
2.322,19.857918,0.012000,0.008538
2.323,19.809227,0.012000,0.008538
2.324,19.809227,0.012000,0.008538
2.325,19.864187,0.012000,0.008538
2.326,19.864187,0.012000,0.008538
2.327,19.864187,0.012000,0.008538
2.328,19.864187,0.012000,0.008538
2.329,19.864187,0.012000,0.008538
2.330,19.864187,0.012000,0.008538
2.331,19.864187,0.012000,0.008538
2.332,19.864187,0.012000,0.008538
2.333,19.864187,0.012000,0.008538
2.334,19.916979,0.012000,0.008538
2.335,19.916979,0.012000,0.008538
2.336,19.868288,0.012000,0.008538
2.337,19.868288,0.012000,0.008538
2.338,19.868288,0.012000,0.008538
2.339,19.868288,0.012000,0.008538
2.340,19.868288,0.012000,0.008538
2.341,19.868288,0.012000,0.008538
2.342,19.868288,0.012000,0.015524
2.343,19.868288,0.012000,0.013275
2.344,19.868288,0.012000,0.010378
2.345,19.868288,0.012000,0.015494
2.346,19.868288,0.012000,0.014437
2.347,19.868288,0.012000,0.013721
2.348,19.868288,0.012000,0.012380
2.349,19.868288,0.012000,0.016270
2.350,19.868288,0.012000,0.011755
2.351,19.868288,0.012000,0.008553
2.352,19.868288,0.012000,0.003352
2.353,19.868288,0.012000,0.008120
2.354,19.868288,0.012000,0.011575
2.355,19.868288,0.012000,0.013139
2.356,19.868288,0.012000,0.011145
2.357,19.868288,0.012000,0.009766
2.358,19.868288,0.012000,0.014137
2.359,19.868288,0.012000,0.012649
2.360,19.868288,0.012000,0.010697
2.361,19.868288,0.012000,0.013737
2.362,19.868288,0.012000,0.018029
2.363,19.868288,0.012000,0.012024
2.364,19.868288,0.012000,0.008157
2.365,19.868288,0.012000,0.004798
2.366,19.990520,0.012000,0.004798
2.367,19.990520,0.012000,0.004798
2.368,19.990520,0.012000,0.004798
2.369,19.990520,0.012000,0.004798
2.370,19.990520,0.012000,0.004798
2.371,19.990520,0.012000,0.004798
2.372,20.043312,0.012000,0.004798
2.373,20.043312,0.012000,0.009496
2.374,20.043312,0.012000,0.014920
2.375,20.043312,0.012000,0.014871
2.376,20.043312,0.012000,0.014367
2.377,20.043312,0.012000,0.008007
2.378,20.043312,0.012000,0.009825
2.379,20.049778,0.012000,0.009825
2.380,20.049778,0.012000,0.009825
2.381,20.049778,0.012000,0.009825
2.382,20.049778,0.012000,0.009825
2.383,20.049778,0.012000,0.009825
2.384,20.102570,0.012000,0.009825
2.385,20.102570,0.012000,0.009825
2.386,20.053879,0.012000,0.009825
2.387,20.053879,0.012000,0.009825
2.388,20.108839,0.012000,0.009825
2.389,20.108839,0.012000,0.009825
2.391,20.108839,0.012000,0.009825
2.392,20.108839,0.012000,0.009825
2.393,20.108839,0.012000,0.009825
2.394,20.108839,0.012000,0.009825
2.395,20.164782,0.012000,0.009825
2.396,20.164782,0.012000,0.009825
2.397,20.217573,0.012000,0.009825
2.398,20.217573,0.012000,0.009825
2.399,20.168882,0.012000,0.009825
2.400,20.168882,0.012000,0.009825
2.401,20.223843,0.012000,0.009825
2.402,20.223843,0.012000,0.009825
2.403,20.223843,0.012000,0.009825
2.404,20.223843,0.012000,0.011081
2.405,20.223843,0.012000,0.012076
2.406,20.223843,0.012000,0.006637
2.407,20.223843,0.012000,0.008224
2.408,20.223843,0.012000,0.012626
2.409,20.172197,0.012000,0.012626
2.410,20.172197,0.012000,0.012626
2.411,20.123507,0.012000,0.012626
2.412,20.123507,0.012000,0.012626
2.413,20.178467,0.012000,0.012626
2.414,20.178467,0.012000,0.012626
2.415,20.178467,0.012000,0.012878
2.416,20.230089,0.012000,0.012878
2.417,20.181595,0.012000,0.012878
2.418,20.181595,0.012000,0.012878
2.419,20.181595,0.012000,0.012878
2.420,20.181595,0.012000,0.012878
2.421,20.234386,0.012000,0.012878
2.422,20.234386,0.012000,0.012878
2.423,20.185696,0.012000,0.012878
2.424,20.185696,0.012000,0.012878
2.425,20.240656,0.012000,0.012878
2.426,20.240656,0.012000,0.012878
2.427,20.240656,0.012000,0.007725
2.428,20.240656,0.012000,0.012116
2.429,20.240656,0.012000,0.013834
2.430,20.240656,0.012000,0.012749
2.431,20.240656,0.012000,0.007682
2.432,20.240656,0.012000,0.013393
2.433,20.240656,0.012000,0.012067
2.434,20.293447,0.012000,0.012067
2.435,20.244757,0.012000,0.012067
2.436,20.244757,0.012000,0.012067
2.437,20.299717,0.012000,0.012067
2.438,20.299717,0.012000,0.012067
2.439,20.299717,0.012000,0.012067
2.440,20.299717,0.012000,0.012067
2.441,20.251223,0.012000,0.012067
2.442,20.251223,0.012000,0.012067
2.443,20.251223,0.012000,0.012067
2.444,20.251223,0.012000,0.012067
2.445,20.251223,0.012000,0.012067
2.446,20.251223,0.012000,0.010770
2.447,20.251223,0.012000,0.007626
2.448,20.251223,0.012000,0.013068
2.449,20.251223,0.012000,0.014601
2.450,20.251223,0.012000,0.014289
2.451,20.251223,0.012000,0.010113
2.452,20.251223,0.012000,0.009148
2.453,20.251223,0.012000,0.013837
2.454,20.251223,0.012000,0.016746
2.455,20.251223,0.012000,0.013897
2.456,20.251223,0.012000,0.010894
2.457,20.251223,0.012000,0.013421
2.458,20.251223,0.012000,0.009463
2.459,20.310261,0.012000,0.009463
2.460,20.310261,0.012000,0.009463
2.461,20.310261,0.012000,0.015207
2.462,20.310261,0.012000,0.015207
2.463,20.365221,0.012000,0.015207
2.464,20.365221,0.012000,0.015207
2.465,20.365221,0.012000,0.015207
2.466,20.365221,0.012000,0.015207
2.467,20.365221,0.012000,0.015207
2.468,20.365221,0.012000,0.015207
2.469,20.365221,0.012000,0.015207
2.470,20.365221,0.012000,0.015207
2.471,20.418013,0.012000,0.015207
2.472,20.369322,0.012000,0.015207
2.473,20.369322,0.012000,0.016550
2.474,20.369322,0.012000,0.013294
2.475,20.369322,0.012000,0.011535
2.476,20.369322,0.012000,0.006274
2.477,20.369322,0.012000,0.011498
2.478,20.369322,0.012000,0.014317
2.479,20.369322,0.012000,0.014579
2.480,20.369322,0.012000,0.008919
2.481,20.372450,0.012000,0.008919
2.482,20.478033,0.012000,0.008919
2.483,20.478033,0.012000,0.008919
2.484,20.429342,0.012000,0.008919
2.485,20.429342,0.012000,0.008919
2.486,20.484303,0.012000,0.008919
2.487,20.484303,0.012000,0.008919
2.488,20.484303,0.012000,0.008919
2.489,20.484303,0.012000,0.008919
2.490,20.484303,0.012000,0.008919
2.491,20.484303,0.012000,0.008919
2.492,20.484303,0.012000,0.008919
2.493,20.484303,0.012000,0.008919
2.494,20.484303,0.012000,0.008919
2.495,20.537094,0.012000,0.008919
2.496,20.488403,0.012000,0.008919
2.497,20.543364,0.012000,0.008919
2.498,20.543364,0.012000,0.008919
2.499,20.543364,0.012000,0.008919
2.500,20.543364,0.012000,0.008919
2.501,20.543364,0.012000,0.008919
2.502,20.543364,0.012000,0.008919
2.503,20.487421,0.012000,0.008919
2.504,20.487421,0.012000,0.008919
2.505,20.487421,0.012000,0.010424
2.506,20.487421,0.012000,0.010424
2.507,20.540213,0.012000,0.010424
2.508,20.540213,0.012000,0.010424
2.509,20.540213,0.012000,0.013101
2.510,20.540213,0.012000,0.012766
2.511,20.540213,0.012000,0.009961
2.512,20.540213,0.012000,0.012451
2.513,20.540213,0.012000,0.016387
2.514,20.598104,0.012000,0.016387
2.515,20.598104,0.012000,0.016387
2.516,20.598104,0.012000,0.016387
2.517,20.598104,0.012000,0.016387
2.518,20.598104,0.012000,0.016387
2.519,20.598104,0.012000,0.011858
2.520,20.598104,0.012000,0.005974
2.521,20.598104,0.012000,0.009985
2.522,20.598104,0.012000,0.010608
2.523,20.598104,0.012000,0.009425
2.524,20.598104,0.012000,0.007073
2.525,20.598104,0.012000,0.013400
2.526,20.598104,0.012000,0.015082
2.527,20.598104,0.012000,0.016415
2.528,20.598104,0.012000,0.010292
2.529,20.598104,0.012000,0.011487
2.530,20.598104,0.012000,0.012130
2.531,20.598104,0.012000,0.011991
2.532,20.598104,0.012000,0.009173
2.533,20.598104,0.012000,0.014444
2.534,20.612772,0.012000,0.014444
2.535,20.612772,0.012000,0.014444
2.536,20.667732,0.012000,0.014444
2.537,20.667732,0.012000,0.014444
2.538,20.667732,0.012000,0.014444
2.539,20.667732,0.012000,0.014444
2.540,20.619238,0.012000,0.014444
2.541,20.619238,0.012000,0.010621
2.542,20.619238,0.012000,0.015196
2.543,20.619238,0.012000,0.012363
2.544,20.672029,0.012000,0.012363
2.545,20.672029,0.012000,0.010595
2.546,20.672029,0.012000,0.011607
2.547,20.672029,0.012000,0.016095
2.548,20.672029,0.012000,0.012296
2.549,20.678299,0.012000,0.012296
2.550,20.678299,0.012000,0.012296
2.551,20.678299,0.012000,0.012296
2.552,20.678299,0.012000,0.012296
2.553,20.678299,0.012000,0.012296
2.554,20.678299,0.012000,0.012296
2.555,20.678299,0.012000,0.010141
2.556,20.678299,0.012000,0.009808
2.557,20.731091,0.012000,0.009808
2.558,20.731091,0.012000,0.009808
2.559,20.731091,0.012000,0.011945
2.560,20.731091,0.012000,0.011945
2.561,20.731091,0.012000,0.011945
2.562,20.782713,0.012000,0.011945
2.563,20.782713,0.012000,0.011945
2.564,20.782713,0.012000,0.011945
2.565,20.782713,0.012000,0.011945
2.566,20.782713,0.012000,0.016223
2.567,20.782713,0.012000,0.014360
2.568,20.782713,0.012000,0.014360
2.569,20.782713,0.012000,0.011050
2.570,20.782713,0.012000,0.008968
2.571,20.782713,0.012000,0.013887
2.572,20.782713,0.012000,0.013317
2.573,20.782713,0.012000,0.013542
2.574,20.782713,0.012000,0.006989
2.575,20.782713,0.012000,0.006989
2.576,20.782713,0.012000,0.006989
2.577,20.782713,0.012000,0.012468
2.578,20.782713,0.012000,0.013310
2.579,20.782713,0.012000,0.011203
2.580,20.779562,0.012000,0.011203
2.581,20.779562,0.012000,0.009825
2.582,20.779562,0.012000,0.014824
2.583,20.779562,0.012000,0.016854
2.584,20.779562,0.012000,0.009600
2.585,20.785831,0.012000,0.009600
2.586,20.837454,0.012000,0.009600
2.587,20.837454,0.012000,0.009600
2.588,20.837454,0.012000,0.009600
2.589,20.837454,0.012000,0.009600
2.591,20.837454,0.012000,0.009600
2.592,20.837454,0.012000,0.015286
2.593,20.890245,0.012000,0.015286
2.594,20.890245,0.012000,0.010000
2.595,20.841555,0.012000,0.010000
2.596,20.841555,0.012000,0.010000
2.597,20.896515,0.012000,0.010000
2.598,20.896515,0.012000,0.010000
2.599,20.896515,0.012000,0.010000
2.600,20.896515,0.012000,0.010000
2.601,20.848021,0.012000,0.010000
2.602,20.848021,0.012000,0.010000
2.603,20.848021,0.012000,0.010000
2.604,20.848021,0.012000,0.010000
2.605,20.900812,0.012000,0.010000
2.606,20.900812,0.012000,0.010000
2.607,20.852121,0.012000,0.010000
2.608,20.852121,0.012000,0.010000
2.609,20.907082,0.012000,0.010000
2.610,20.907082,0.012000,0.010000
2.611,20.855459,0.012000,0.010000
2.612,20.855459,0.012000,0.010000
2.613,20.855459,0.012000,0.010000
2.614,20.855459,0.012000,0.010000
2.615,20.855459,0.012000,0.014062
2.616,20.911402,0.012000,0.014062
2.617,20.911402,0.012000,0.014062
2.618,20.862711,0.012000,0.014062
2.619,20.862711,0.012000,0.014062
2.620,20.862711,0.012000,0.014062
2.621,20.862711,0.012000,0.014062
2.622,20.862711,0.012000,0.014062
2.623,20.914333,0.012000,0.014062
2.624,20.914333,0.012000,0.014062
2.625,20.914333,0.012000,0.014062
2.626,20.914333,0.012000,0.014062
2.627,20.914333,0.012000,0.014062
2.628,20.914333,0.012000,0.014062
2.629,20.967125,0.012000,0.014062
2.630,20.967125,0.012000,0.014062
2.631,20.918434,0.012000,0.014062
2.632,20.918434,0.012000,0.014062
2.633,20.973394,0.012000,0.014062
2.634,20.973394,0.012000,0.014062
2.635,20.973394,0.012000,0.014062
2.636,20.973394,0.012000,0.014062
2.637,20.973394,0.012000,0.009609
2.638,20.973394,0.012000,0.011625
2.639,20.973394,0.012000,0.012059
2.640,20.973394,0.012000,0.012015
2.641,20.973394,0.012000,0.008407
2.642,20.973394,0.012000,0.013398
2.643,20.973394,0.012000,0.013255
2.644,20.973394,0.012000,0.011321
2.645,20.973394,0.012000,0.006390
2.646,20.973394,0.012000,0.008795
2.647,20.973394,0.012000,0.014156
2.648,20.973394,0.012000,0.014462
2.649,20.973394,0.012000,0.011389
2.650,21.029118,0.012000,0.011389
2.651,21.029118,0.012000,0.011389
2.652,21.081909,0.012000,0.011389
2.653,20.984528,0.012000,0.011389
2.654,20.984528,0.012000,0.011389
2.655,21.039488,0.012000,0.011389
2.656,21.039488,0.012000,0.011389
2.657,21.039488,0.012000,0.011389
2.658,21.039488,0.012000,0.011389
2.659,21.039488,0.012000,0.011389
2.660,21.039488,0.012000,0.011389
2.661,21.039488,0.012000,0.011389
2.662,21.039488,0.012000,0.011389
2.663,21.039488,0.012000,0.011389
2.664,21.043589,0.012000,0.011389
2.665,21.043589,0.012000,0.015986
2.666,21.043589,0.012000,0.013823
2.667,21.043589,0.012000,0.014392
2.668,21.043589,0.012000,0.009548
2.669,21.043589,0.012000,0.013595
2.670,21.043589,0.012000,0.012368
2.671,21.043589,0.012000,0.012767
2.672,21.043589,0.012000,0.005905
2.673,21.043589,0.012000,0.011237
2.674,21.043589,0.012000,0.009975
2.675,21.043589,0.012000,0.006240
2.676,21.043589,0.012000,0.008753
2.677,21.101480,0.012000,0.008753
2.678,21.101480,0.012000,0.008753
2.679,21.101480,0.012000,0.008753
2.680,21.101480,0.012000,0.008753
2.681,21.101480,0.012000,0.008753
2.682,21.101480,0.012000,0.008753
2.683,21.101480,0.012000,0.008753
2.684,21.101480,0.012000,0.008753
2.685,21.101480,0.012000,0.008753
2.686,21.154272,0.012000,0.008753
2.687,21.154272,0.012000,0.008753
2.688,21.105581,0.012000,0.008753
2.689,21.105581,0.012000,0.008753
2.690,21.105581,0.012000,0.008753
2.691,21.105581,0.012000,0.008753
2.692,21.105581,0.012000,0.011856
2.693,21.105581,0.012000,0.012922
2.694,21.105581,0.012000,0.009454
2.695,21.105581,0.012000,0.008404
2.696,21.105581,0.012000,0.013200
2.697,21.105581,0.012000,0.010782
2.698,21.102430,0.012000,0.010782
2.699,21.102430,0.012000,0.010782
2.700,21.157391,0.012000,0.010782
2.701,21.157391,0.012000,0.010782
2.702,21.157391,0.012000,0.010782
2.703,21.157391,0.012000,0.010782
2.704,21.157391,0.012000,0.010782
2.705,21.157391,0.012000,0.010782
2.706,21.157391,0.012000,0.010782
2.707,21.157391,0.012000,0.010782
2.708,21.157391,0.012000,0.010782
2.709,21.210182,0.012000,0.010782
2.710,21.210182,0.012000,0.013944
2.711,21.210182,0.012000,0.012887
2.712,21.210182,0.012000,0.014405
2.713,21.216452,0.012000,0.014405
2.714,21.216452,0.012000,0.014405
2.715,21.216452,0.012000,0.012766
2.716,21.216452,0.012000,0.014011
2.717,21.216452,0.012000,0.008789
2.718,21.216452,0.012000,0.008789
2.719,21.216452,0.012000,0.008789
2.720,21.216452,0.012000,0.008677
2.721,21.216452,0.012000,0.010652
2.722,21.216452,0.012000,0.010710
2.723,21.216452,0.012000,0.009200
2.724,21.216452,0.012000,0.003225
2.725,21.216452,0.012000,0.003396
2.726,21.216452,0.012000,0.008507
2.727,21.216452,0.012000,0.011900
2.728,21.216452,0.012000,0.009943
2.729,21.216452,0.012000,0.013708
2.730,21.216452,0.012000,0.014621
2.731,21.216452,0.012000,0.014145
2.732,21.216452,0.012000,0.010215
2.733,21.216452,0.012000,0.013175
2.734,21.216452,0.012000,0.014410
2.735,21.216452,0.012000,0.014800
2.736,21.216452,0.012000,0.008399
2.737,21.216452,0.012000,0.010599
2.738,21.216452,0.012000,0.011001
2.739,21.216452,0.012000,0.012532
2.740,21.216452,0.012000,0.005744
2.741,21.216452,0.012000,0.009836
2.742,21.216452,0.012000,0.012037
2.743,21.216452,0.012000,0.012196
2.744,21.216452,0.012000,0.006765
2.745,21.216452,0.012000,0.012071
2.746,21.216452,0.012000,0.011823
2.747,21.216452,0.012000,0.010981
2.748,21.216452,0.012000,0.006779
2.749,21.216452,0.012000,0.011884
2.750,21.216452,0.012000,0.016385
2.751,21.216452,0.012000,0.016378
2.752,21.216452,0.012000,0.011356
2.753,21.216452,0.012000,0.015488
2.754,21.216452,0.012000,0.013238
2.755,21.216452,0.012000,0.012807
2.756,21.216452,0.012000,0.008162
2.757,21.216452,0.012000,0.014312
2.758,21.216452,0.012000,0.013347
2.759,21.216452,0.012000,0.014105
2.760,21.216452,0.012000,0.007224
2.761,21.216452,0.012000,0.010236
2.762,21.216452,0.012000,0.010586
2.763,21.216452,0.012000,0.011572
2.764,21.216452,0.012000,0.007121
2.765,21.216452,0.012000,0.012136
2.766,21.216452,0.012000,0.011985
2.767,21.216452,0.012000,0.010120
2.768,21.216452,0.012000,0.012498
2.769,21.216452,0.012000,0.018944
2.770,21.216452,0.012000,0.013639
2.771,21.216452,0.012000,0.010295
2.772,21.216452,0.012000,0.006002
2.773,21.216452,0.012000,0.013394
2.774,21.216452,0.012000,0.013541
2.775,21.216452,0.012000,0.012089
2.776,21.216452,0.012000,0.007783
2.777,21.216452,0.012000,0.014725
2.778,21.216452,0.012000,0.012082
2.779,21.216452,0.012000,0.009694
2.780,21.216452,0.012000,0.010176
2.781,21.216452,0.012000,0.015047
2.782,21.216452,0.012000,0.011049
2.783,21.216452,0.012000,0.008410
2.784,21.216452,0.012000,0.005771
2.785,21.216452,0.012000,0.010903
2.786,21.216452,0.012000,0.012113
2.787,21.216452,0.012000,0.011036
2.788,21.216452,0.012000,0.011105
2.789,21.216452,0.012000,0.015730
2.791,21.216452,0.012000,0.012276
2.792,21.216452,0.012000,0.009859
2.793,21.216452,0.012000,0.011358
2.794,21.105377,0.012000,0.011358
2.795,21.105377,0.012000,0.011021
2.796,21.105377,0.012000,0.007468
2.797,21.105377,0.012000,0.007542
2.798,21.105377,0.012000,0.007542
2.799,21.105377,0.012000,0.015182
2.800,21.105377,0.012000,0.013159
2.801,21.105377,0.012000,0.013159
2.802,21.105377,0.012000,0.013159
2.803,21.105377,0.012000,0.014486
2.804,21.105377,0.012000,0.009497
2.805,21.105377,0.012000,0.009497
2.806,21.160337,0.012000,0.009497
2.807,21.160337,0.012000,0.009497
2.808,21.160337,0.012000,0.009497
2.809,21.160337,0.012000,0.013065
2.810,21.163465,0.012000,0.013065
2.811,21.163465,0.012000,0.013065
2.812,21.163465,0.012000,0.013065
2.813,21.163465,0.012000,0.013065
2.814,21.163465,0.012000,0.013065
2.815,21.163465,0.012000,0.011062
2.816,21.118876,0.012000,0.011062
2.817,21.118876,0.012000,0.011062
2.818,21.118876,0.012000,0.011062
2.819,21.118876,0.012000,0.011062
2.820,21.118876,0.012000,0.011062
2.821,21.118876,0.012000,0.011062
2.822,21.118876,0.012000,0.011062
2.823,21.118876,0.012000,0.011062
2.824,21.118876,0.012000,0.011062
2.825,21.118876,0.012000,0.011062
2.826,21.171667,0.012000,0.011062
2.827,21.171667,0.012000,0.011062
2.828,21.122976,0.012000,0.011062
2.829,21.122976,0.012000,0.011062
2.830,21.122976,0.012000,0.011062
2.831,21.122976,0.012000,0.011062
2.832,21.122976,0.012000,0.011062
2.833,21.122976,0.012000,0.011062
2.834,21.074482,0.012000,0.011062
2.835,21.074482,0.012000,0.011062
2.836,21.074482,0.012000,0.011062
2.837,21.074482,0.012000,0.011062
2.838,21.127274,0.012000,0.011062
2.839,21.127274,0.012000,0.011062
2.840,21.078583,0.012000,0.011062
2.841,21.078583,0.012000,0.011062
2.842,21.133543,0.012000,0.011062
2.843,21.133543,0.012000,0.011062
2.844,21.133543,0.012000,0.011062
2.845,21.133543,0.012000,0.011062
2.846,21.133543,0.012000,0.011062
2.847,21.133543,0.012000,0.011062
2.848,21.133543,0.012000,0.011062
2.849,21.133543,0.012000,0.011062
2.850,21.186335,0.012000,0.011062
2.851,21.186335,0.012000,0.011062
2.852,21.137644,0.012000,0.011062
2.853,21.137644,0.012000,0.011062
2.854,21.137644,0.012000,0.011062
2.855,21.137644,0.012000,0.011062
2.856,21.137644,0.012000,0.011062
2.857,21.137644,0.012000,0.011062
2.858,21.137644,0.012000,0.011062
2.859,21.137644,0.012000,0.011062
2.860,21.137644,0.012000,0.011062
2.861,21.137644,0.012000,0.011062
2.862,21.137644,0.012000,0.011062
2.863,21.137644,0.012000,0.011062
2.864,21.088953,0.012000,0.011062
2.865,21.088953,0.012000,0.011062
2.866,21.088953,0.012000,0.011062
2.867,21.088953,0.012000,0.011062
2.868,21.088953,0.012000,0.011062
2.869,21.088953,0.012000,0.011062
2.870,21.088953,0.012000,0.011062
2.871,21.088953,0.012000,0.011062
2.872,21.088953,0.012000,0.011062
2.873,21.088953,0.012000,0.011062
2.874,21.141745,0.012000,0.011062
2.875,21.093054,0.012000,0.011062
2.876,21.093054,0.012000,0.011062
2.877,21.148014,0.012000,0.011062
2.878,21.148014,0.012000,0.011062
2.879,21.148014,0.012000,0.011062
2.880,21.199636,0.012000,0.011062
2.881,21.199636,0.012000,0.011062
2.882,21.199636,0.012000,0.011062
2.883,21.143694,0.012000,0.011062
2.884,21.143694,0.012000,0.011062
2.885,21.143694,0.012000,0.011062
2.886,21.196486,0.012000,0.011062
2.887,21.099104,0.012000,0.011062
2.888,21.099104,0.012000,0.011062
2.889,21.154064,0.012000,0.011062
2.890,21.154064,0.012000,0.011062
2.891,21.154064,0.012000,0.011062
2.892,21.154064,0.012000,0.011062
2.893,21.154064,0.012000,0.014397
2.894,21.154064,0.012000,0.010299
2.895,21.105570,0.012000,0.010299
2.896,21.105570,0.012000,0.010299
2.897,21.105570,0.012000,0.010299
2.898,21.105570,0.012000,0.007931
2.899,21.109671,0.012000,0.007931
2.900,21.109671,0.012000,0.007931
2.901,21.109671,0.012000,0.007931
2.902,21.109671,0.012000,0.006912
2.903,21.109671,0.012000,0.012005
2.904,21.109671,0.012000,0.013706
2.905,21.061176,0.012000,0.013706
2.906,21.061176,0.012000,0.013706
2.907,21.061176,0.012000,0.011240
2.908,21.061176,0.012000,0.011964
2.909,21.061176,0.012000,0.011117
2.910,21.061176,0.012000,0.012378
2.911,21.061176,0.012000,0.018545
2.912,21.061176,0.012000,0.018545
2.913,21.168928,0.012000,0.018545
2.914,21.168928,0.012000,0.005885
2.915,21.168928,0.012000,0.012404
2.916,21.168928,0.012000,0.013448
2.917,21.168928,0.012000,0.011654
2.918,21.168928,0.012000,0.011654
2.919,21.168928,0.012000,0.013607
2.920,21.168928,0.012000,0.011904
2.921,21.168928,0.012000,0.011229
2.922,21.168928,0.012000,0.008459
2.923,21.168928,0.012000,0.013497
2.924,21.168928,0.012000,0.013533
2.925,21.168928,0.012000,0.012816
2.926,21.168928,0.012000,0.007942
2.927,21.168928,0.012000,0.012099
2.928,21.168928,0.012000,0.012841
2.929,21.168928,0.012000,0.010301
2.930,21.168928,0.012000,0.009551
2.931,21.168928,0.012000,0.013995
2.932,21.168928,0.012000,0.012058
2.933,21.168928,0.012000,0.011806
2.934,21.168928,0.012000,0.012260
2.935,21.168928,0.012000,0.014575
2.936,21.168928,0.012000,0.010791
2.937,21.168928,0.012000,0.006909
2.938,21.168928,0.012000,0.005568
2.939,21.168928,0.012000,0.010785
2.940,21.168928,0.012000,0.012293
2.941,21.168928,0.012000,0.010925
2.942,21.168928,0.012000,0.011279
2.943,21.168928,0.012000,0.014182
2.944,21.168928,0.012000,0.014154
2.945,21.168928,0.012000,0.008791
2.946,21.168928,0.012000,0.010015
2.947,21.168928,0.012000,0.014094
2.948,21.168928,0.012000,0.013916
2.949,21.168928,0.012000,0.009762
2.950,21.168928,0.012000,0.013516
2.951,21.168928,0.012000,0.013841
2.952,21.168928,0.012000,0.013974
2.953,21.168928,0.012000,0.007859
2.954,21.168928,0.012000,0.011480
2.955,21.168928,0.012000,0.011365
2.956,21.168928,0.012000,0.010535
2.957,21.168928,0.012000,0.005727
2.958,21.168928,0.012000,0.010381
2.959,21.168928,0.012000,0.012686
2.960,21.168928,0.012000,0.008066
2.961,21.168928,0.012000,0.003461
2.962,21.134489,0.012000,0.003461
2.963,21.134489,0.012000,0.012630
2.964,21.134489,0.012000,0.014334
2.965,21.134489,0.012000,0.010148
2.966,21.134489,0.012000,0.015385
2.967,21.134489,0.012000,0.013691
2.968,21.134489,0.012000,0.013331
2.969,21.138590,0.012000,0.013331
2.970,21.138590,0.012000,0.013331
2.971,21.138590,0.012000,0.013795
2.972,21.138590,0.012000,0.014111
2.973,21.138590,0.012000,0.010165
2.974,21.138590,0.012000,0.014407
2.975,21.138590,0.012000,0.012277
2.976,21.138590,0.012000,0.012901
2.977,21.138590,0.012000,0.007728
2.978,21.193550,0.012000,0.007728
2.979,21.246342,0.012000,0.007728
2.980,21.246342,0.012000,0.007728
2.981,21.246342,0.012000,0.008859
2.982,21.246342,0.012000,0.013370
2.983,21.246342,0.012000,0.009302
2.984,21.246342,0.012000,0.008200
2.985,21.246342,0.012000,0.003780
2.986,21.246342,0.012000,0.011641
2.987,21.148960,0.012000,0.011641
2.988,21.148960,0.012000,0.011641
2.989,21.148960,0.012000,0.011641
2.991,21.148960,0.012000,0.011641
2.992,21.148960,0.012000,0.011641
2.993,21.148960,0.012000,0.011641
2.994,21.148960,0.012000,0.010646
2.995,21.148960,0.012000,0.012954
2.996,21.148960,0.012000,0.010307
2.997,21.100269,0.012000,0.010307
2.998,21.100269,0.012000,0.010307
2.999,21.100269,0.012000,0.010307
