Time_us,Roll,Pitch,GyroX,GyroY,GyroZ,T1,T2,T3,PhiX,PhiY,PhiDX,PhiDY,motor_vel_1,motor_vel_2,motor_vel_3,motor_pos_1,motor_pos_2,motor_pos_3,motor_torq_1,motor_torq_2,motor_torq_3
26780436,0.0056,-0.0641,-0.0034,0.0244,0.0368,-0.1088,0.2300,-0.2300,-0.0000,-0.0000,-0.0030,0.0251,-0.0070,-0.0078,0.0002,3.6411,12.9016,0.3943,0.0812,0.1835,-0.1391
26781994,0.0055,-0.0639,-0.0049,0.0220,0.0307,-0.1059,0.2300,-0.2300,-0.0000,-0.0000,-0.0070,0.0209,0.0124,-0.0041,-0.0180,3.6412,12.9017,0.3943,-0.0005,-0.0000,-0.0002
26786995,0.0054,-0.0637,-0.0018,0.0144,0.0329,-0.1054,0.2300,-0.2300,0.0001,0.0001,0.0239,-0.0085,-0.2787,0.1493,-0.1450,3.6404,12.9021,0.3939,-0.0254,0.0106,-0.0162
26791994,0.0053,-0.0636,0.0137,-0.0006,0.0503,-0.1135,0.2300,-0.2300,0.0008,0.0008,0.1431,-0.2062,-1.0464,1.7122,-0.9316,3.6367,12.9110,0.3901,-0.0655,0.0451,-0.0523
26796994,0.0053,-0.0637,0.0144,-0.0202,0.0924,-0.1111,0.2300,-0.2300,0.0015,0.0015,0.1353,-0.3118,-1.3392,1.8554,-1.8975,3.6290,12.9191,0.3794,-0.0893,0.0968,-0.0961
26801994,0.0056,-0.0638,0.0015,-0.0003,0.1172,-0.1084,0.2300,-0.2300,0.0019,0.0019,0.0919,-0.2666,-1.4688,1.1966,-2.2325,3.6230,12.9272,0.3708,-0.1115,0.1222,-0.1224
26806994,0.0056,-0.0637,-0.0525,0.0382,0.1666,-0.0768,0.2300,-0.2300,0.0019,0.0019,-0.0104,-0.3059,-1.4554,1.1488,-3.2841,3.6140,12.9318,0.3526,-0.1097,0.1632,-0.1619
26811994,0.0055,-0.0634,-0.0611,0.0941,0.2088,-0.0680,0.2300,-0.2300,0.0018,0.0018,-0.0202,-0.3161,-1.5588,1.4480,-3.8352,3.6076,12.9399,0.3404,-0.0987,0.2006,-0.1821
26816996,0.0050,-0.0624,-0.1048,0.1836,0.2155,-0.0340,0.2300,-0.2300,0.0011,0.0011,-0.1392,-0.3452,-1.1819,1.7353,-5.0732,3.6001,12.9468,0.3079,-0.0692,0.2275,-0.2153
26821995,0.0047,-0.0615,-0.1002,0.2285,0.1889,-0.0308,0.2300,-0.2300,0.0002,0.0002,-0.1769,-0.4655,-1.1890,2.2982,-6.6350,3.5954,12.9558,0.2814,-0.0446,0.2234,-0.2151
26826994,0.0040,-0.0602,-0.1100,0.2749,0.1645,-0.0133,0.2300,-0.2300,-0.0009,-0.0009,-0.2137,-0.6576,-1.0448,3.6731,-8.3266,3.5885,12.9762,0.2333,-0.0314,0.2196,-0.2137
26831994,0.0036,-0.0587,-0.1246,0.2859,0.2076,0.0044,0.2300,-0.2300,-0.0017,-0.0017,-0.1618,-0.8551,-1.2122,5.6115,-9.0667,3.5837,13.0074,0.1970,-0.0152,0.2160,-0.2236
26836994,0.0034,-0.0573,-0.1087,0.3057,0.2659,0.0028,0.2300,-0.2300,-0.0023,-0.0023,-0.1345,-1.0212,-1.0629,7.0994,-9.9683,3.5770,13.0357,0.1384,-0.0103,0.2089,-0.2183
26841994,0.0030,-0.0557,-0.1158,0.3641,0.2512,0.0145,0.2300,-0.2300,-0.0031,-0.0031,-0.1452,-1.1756,-0.5142,9.0081,-10.7915,3.5753,13.0880,0.1042,-0.0003,0.2126,-0.2221
26846994,0.0022,-0.0541,-0.1613,0.3845,0.1764,0.0520,0.2300,-0.2300,-0.0046,-0.0046,-0.3097,-1.3833,-0.0368,9.6020,-13.1315,3.5746,13.1266,0.0173,0.0115,0.2135,-0.2106
26851994,0.0016,-0.0521,-0.1866,0.4267,0.1443,0.0781,0.2300,-0.2300,-0.0062,-0.0062,-0.3092,-1.3702,-0.1150,10.0091,-13.0977,3.5743,13.1665,-0.0360,0.0368,0.2232,-0.2282
26856994,0.0007,-0.0500,-0.1671,0.4539,0.1712,0.0850,0.2300,-0.2300,-0.0075,-0.0075,-0.2637,-1.3938,0.6377,11.4321,-12.3257,3.5765,13.2329,-0.1108,0.0559,0.2192,-0.2340
26861994,-0.0001,-0.0475,-0.1408,0.5027,0.2115,0.0874,0.2300,-0.2300,-0.0078,-0.0078,-0.0705,-1.3249,0.5835,13.1722,-10.3277,3.5790,13.3100,-0.1526,0.0853,0.2115,-0.2547
26866994,-0.0002,-0.0450,-0.0021,0.5107,0.2598,0.0132,0.2300,-0.2300,-0.0057,-0.0057,0.4242,-1.2278,0.1130,16.2030,-6.1511,3.5814,13.3741,-0.1947,0.0901,0.1914,-0.2638
26871994,0.0005,-0.0423,0.1536,0.5638,0.3444,-0.0850,0.2300,-0.2300,-0.0010,-0.0010,0.9386,-1.5222,-0.1534,22.2650,-4.5532,3.5807,13.5006,-0.2080,0.0824,0.1867,-0.2586
26876994,0.0019,-0.0391,0.3070,0.6243,0.3270,-0.2012,0.2300,-0.2300,0.0063,0.0063,1.4564,-1.7851,-1.0391,27.5692,-3.3925,3.5754,13.6102,-0.2314,0.0435,0.1698,-0.2443
26881994,0.0039,-0.0364,0.4160,0.5537,0.4021,-0.2300,0.2300,-0.2075,0.0157,0.0157,1.8895,-2.3104,-2.0970,33.0595,-3.7242,3.5670,13.8064,-0.2458,0.0042,0.1788,-0.2259
26886994,0.0052,-0.0343,0.2190,0.4139,0.1831,-0.2253,0.2300,-0.2300,0.0239,0.0239,1.6390,-2.4101,-3.5670,30.6407,-5.6248,3.5470,13.9302,-0.2722,-0.0155,0.2364,-0.1943
26891994,0.0070,-0.0316,0.3180,0.5754,-0.0475,-0.2300,0.2300,-0.1276,0.0325,0.0325,1.7144,-2.4880,-3.6215,31.8254,-7.5068,3.5310,14.1173,-0.3163,-0.0797,0.2281,-0.1965
26896996,0.0083,-0.0287,0.3012,0.5828,0.2986,-0.2300,0.2300,-0.0526,0.0397,0.0397,1.4366,-2.3901,-1.9328,29.9886,-8.1705,3.5199,14.2386,-0.3485,-0.1020,0.2371,-0.2005
26901994,0.0088,-0.0248,0.1258,0.7990,0.1566,-0.2300,0.1952,0.0669,0.0436,0.0436,0.7928,-2.3869,-1.0645,26.9225,-14.0008,3.5157,14.3991,-0.4240,-0.1439,0.2341,-0.1244
26906994,0.0096,-0.0215,0.1362,0.7098,-0.1770,-0.2300,0.1779,0.0789,0.0469,0.0469,0.6614,-2.4565,-1.6697,24.5674,-16.1205,3.5079,14.4991,-0.4901,-0.1685,0.2434,-0.1253
26911994,0.0095,-0.0177,-0.0690,0.8070,-0.1953,-0.1610,0.0036,0.1347,0.0485,0.0485,0.3198,-2.0672,-2.0772,20.7376,-16.2109,3.4996,14.5816,-0.5856,-0.2092,0.2313,-0.1022
26916994,0.0091,-0.0136,-0.0950,0.7902,-0.2295,-0.1386,-0.0733,0.1853,0.0488,0.0488,0.0435,-1.8297,-3.0418,15.3224,-18.3877,3.4827,14.6800,-0.6587,-0.2119,0.2105,-0.0413
26921994,0.0076,-0.0095,-0.3060,0.7892,-0.3740,0.0030,-0.2246,0.1782,0.0464,0.0464,-0.4684,-1.3736,-1.9714,10.1066,-17.7329,3.4739,14.7452,-0.7718,-0.1911,0.1950,-0.0498
26926994,0.0068,-0.0054,-0.1347,0.8433,-0.0679,-0.0629,-0.2300,0.2300,0.0450,0.0450,-0.2723,-0.8634,-1.0107,8.4256,-13.5365,3.4690,14.7789,-0.8261,-0.1678,0.1298,-0.0520
26931994,0.0052,-0.0016,-0.3192,0.8085,0.0442,0.0740,-0.2300,0.2300,0.0439,0.0439,-0.2249,-0.0274,-1.1110,5.3129,-5.4373,3.4648,14.8145,-0.8700,-0.1149,0.0892,-0.0415
26936995,0.0041,0.0030,-0.2437,0.9740,-0.0866,0.0473,-0.2300,0.2300,0.0440,0.0440,0.0127,0.7326,-1.0280,3.3741,0.2744,3.4600,14.8279,-0.8677,-0.0681,0.0384,-0.0136
26941995,0.0022,0.0076,-0.3503,0.9505,-0.1226,0.1417,-0.2300,0.2300,0.0439,0.0439,-0.0189,1.1574,-1.1283,1.2202,3.8839,3.4550,14.8369,-0.8465,-0.0306,0.0121,0.0628
26946994,0.0009,0.0126,-0.3073,0.9713,-0.1999,0.1439,-0.2300,0.2300,0.0430,0.0430,-0.1765,1.2256,0.1585,-0.0364,3.2346,3.4533,14.8373,-0.8326,-0.0141,-0.0285,0.1417
26951994,-0.0015,0.0169,-0.4649,0.8347,-0.2655,0.2300,-0.2300,0.2300,0.0406,0.0406,-0.4892,1.1375,1.0134,-1.2184,2.6735,3.4577,14.8269,-0.8169,0.0229,-0.0472,0.1641
26956996,-0.0032,0.0204,-0.3488,0.6799,-0.2023,0.2300,-0.2300,0.2300,0.0377,0.0377,-0.5746,0.8512,3.9773,0.3161,2.5095,3.4778,14.8294,-0.8067,0.0515,-0.1199,0.2049
26961994,-0.0051,0.0235,-0.3925,0.5828,-0.1538,0.2300,-0.2300,0.2300,0.0343,0.0343,-0.6823,0.7077,5.3964,1.2951,2.8816,3.5006,14.8362,-0.7904,0.0829,-0.1619,0.2289
26966994,-0.0066,0.0257,-0.2761,0.4343,-0.2631,0.2300,-0.2300,0.2300,0.0297,0.0297,-0.9107,0.6118,9.0399,0.7319,2.9805,3.5475,14.8395,-0.7782,0.1037,-0.1739,0.2305
26971994,-0.0082,0.0276,-0.3164,0.3488,-0.2811,0.2300,-0.2300,0.2300,0.0231,0.0231,-1.3162,0.6237,13.0154,-0.0204,3.4592,3.5987,14.8391,-0.7586,0.1177,-0.2097,0.2238
26976994,-0.0093,0.0291,-0.1897,0.3235,-0.2014,0.2300,-0.2300,0.2300,0.0139,0.0139,-1.8534,0.7236,20.2920,-1.0084,4.0487,3.7117,14.8340,-0.7427,0.1446,-0.2210,0.2176
26981994,-0.0107,0.0305,-0.2440,0.2786,-0.1815,0.2300,-0.2300,0.2300,0.0018,0.0018,-2.4170,0.8259,26.4189,-1.5641,5.3434,3.8165,14.8247,-0.7116,0.1643,-0.2233,0.2189
26986994,-0.0114,0.0316,-0.1866,0.2673,-0.2335,0.2300,-0.2300,0.2300,-0.0125,-0.0125,-2.8568,0.8647,31.9077,-1.9906,5.5280,4.0051,14.8166,-0.6892,0.1858,-0.2248,0.2274
26991994,-0.0122,0.0325,-0.1735,0.1399,-0.2839,0.2300,-0.2300,0.2300,-0.0279,-0.0279,-3.0872,0.7565,34.9174,-1.8541,5.8820,4.1441,14.8047,-0.6546,0.1880,-0.2317,0.2258
26996995,-0.0129,0.0329,-0.1772,0.0681,-0.1950,0.2300,-0.2300,0.2300,-0.0448,-0.0448,-3.3690,0.6478,38.1949,-1.4704,5.7611,4.3722,14.7989,-0.6314,0.1453,-0.2353,0.2297
27001994,-0.0140,0.0334,-0.2159,0.0739,-0.4167,0.2300,-0.2300,0.2300,-0.0605,-0.0605,-3.1515,0.7140,36.0612,-1.1296,6.8647,4.5184,14.7944,-0.5919,0.2118,-0.2346,0.2228
27006994,-0.0145,0.0331,-0.0904,-0.0360,-0.7191,0.2300,-0.2300,0.2300,-0.0733,-0.0733,-2.5636,0.6407,31.6816,-0.5599,7.9142,4.7083,14.7902,-0.5606,0.2351,-0.2367,0.2170
27011994,-0.0144,0.0331,-0.0299,-0.0351,-0.7781,0.2300,-0.2300,0.2300,-0.0856,-0.0856,-2.4550,0.6978,32.1051,0.0179,9.2022,4.8375,14.7906,-0.5063,0.2521,-0.2357,0.2232
27016994,-0.0137,0.0332,0.1295,-0.0232,-0.9363,0.1781,-0.2300,0.2300,-0.0956,-0.0956,-1.9974,0.8421,29.5076,-0.1036,10.8008,5.0173,14.7902,-0.4635,0.2626,-0.2296,0.2093
27021994,-0.0131,0.0328,0.0617,-0.1255,-0.8972,0.2056,-0.2300,0.2300,-0.1057,-0.1057,-2.0252,0.8976,30.2284,0.0241,12.9510,5.1382,14.7903,-0.3865,0.2192,-0.2311,0.2149
27026994,-0.0121,0.0320,0.1527,-0.1222,-0.8785,0.1365,-0.2300,0.2300,-0.1158,-0.1158,-2.0129,0.9646,31.5511,0.0449,13.7970,5.3241,14.7906,-0.3313,0.1864,-0.2312,0.2192
27031995,-0.0117,0.0310,0.0571,-0.1610,-1.0423,0.1758,-0.2300,0.2300,-0.1278,-0.1278,-2.3967,1.0597,35.6236,0.0098,15.4643,5.4654,14.7906,-0.2406,0.1455,-0.2305,0.2098
27036994,-0.0113,0.0300,0.0501,-0.2269,-0.8996,0.1804,-0.2300,0.2300,-0.1421,-0.1421,-2.8696,0.9995,40.8666,-0.0034,15.5084,5.7059,14.7905,-0.1778,0.1007,-0.2305,0.2216
27041994,-0.0115,0.0286,-0.0257,-0.2996,-0.9219,0.2252,-0.2300,0.1931,-0.1581,-0.1581,-3.1905,0.9541,43.7481,-0.0235,15.8221,5.8815,14.7903,-0.0834,0.0393,-0.2307,0.2311
27046996,-0.0106,0.0267,0.1784,-0.4059,-1.0523,0.0894,-0.2300,0.1692,-0.1727,-0.1727,-2.9190,0.8577,43.0619,0.0141,16.0096,6.1409,14.7904,-0.0196,0.0344,-0.2299,0.2214
27051994,-0.0097,0.0240,0.1668,-0.5654,-0.8990,0.0861,-0.2300,0.0556,-0.1881,-0.1881,-3.0751,0.5351,43.5473,-0.0031,13.9204,6.3141,14.7904,0.0675,0.0116,-0.2298,0.1929
27056996,-0.0093,0.0213,0.0547,-0.5760,-0.9195,0.1342,-0.2189,-0.0219,-0.2009,-0.2009,-2.5770,0.4885,36.4020,-0.0277,13.4737,6.5536,14.7904,0.1211,0.1281,-0.2298,0.1719
27061994,-0.0083,0.0172,0.1588,-0.7676,-1.3868,0.0367,-0.0358,-0.1616,-0.2107,-0.2107,-1.9530,0.3180,30.7894,0.0987,13.9065,6.6748,14.7907,0.2045,0.1527,-0.2212,0.1186
27066994,-0.0074,0.0130,0.1778,-0.8042,-1.2405,0.0120,0.0763,-0.2300,-0.2192,-0.2192,-1.7023,0.1330,27.6049,0.5196,12.4488,6.8454,14.7929,0.2553,0.1507,-0.2056,0.0920
27071994,-0.0057,0.0098,0.3369,-0.6032,-1.2823,-0.1144,0.0963,-0.1305,-0.2238,-0.2238,-0.9255,0.3927,20.5016,-0.0341,12.6959,6.9285,14.7932,0.3277,0.1618,-0.1791,0.0581
27076994,-0.0043,0.0066,0.2963,-0.6490,-1.4222,-0.1285,0.1730,-0.2094,-0.2255,-0.2255,-0.3272,0.3781,13.8561,0.2712,13.4306,7.0167,14.7940,0.3822,0.1230,-0.1427,0.0128
27081994,-0.0020,0.0031,0.4661,-0.6503,-1.1437,-0.2300,0.2300,-0.1906,-0.2252,-0.2252,0.0497,0.0312,11.4321,2.3977,11.1392,7.0621,14.8057,0.4525,0.0534,-0.1134,-0.0070
27086994,0.0004,-0.0003,0.4297,-0.6570,-1.0652,-0.2300,0.2300,-0.2300,-0.2244,-0.2244,0.1648,-0.1711,9.8157,3.7428,9.9932,7.1229,14.8206,0.4922,-0.0082,-0.0680,-0.0321
27091995,0.0026,-0.0042,0.4285,-0.7963,-1.1763,-0.2300,0.2300,-0.2300,-0.2230,-0.2230,0.2852,-0.4732,7.8597,4.2059,8.3816,7.1549,14.8378,0.5454,-0.0444,-0.0405,-0.0718
27096994,0.0049,-0.0085,0.4456,-0.8885,-1.0053,-0.2300,0.2300,-0.2300,-0.2211,-0.2211,0.3715,-0.7269,5.8911,4.0596,6.1689,7.1919,14.8622,0.5703,-0.0748,0.0050,-0.1034
27101994,0.0071,-0.0131,0.4505,-0.8622,-0.7787,-0.2300,0.2300,-0.2300,-0.2190,-0.2190,0.4147,-1.0514,4.6330,5.4917,3.0979,7.2099,14.8924,0.5917,-0.1176,0.0217,-0.1268
27106994,0.0091,-0.0170,0.4355,-0.7587,-0.4289,-0.2300,0.2300,-0.2300,-0.2164,-0.2164,0.5384,-1.3125,3.1430,7.8978,0.8205,7.2313,14.9235,0.5955,-0.1373,0.0442,-0.1653
27111994,0.0113,-0.0206,0.4621,-0.6833,-0.2417,-0.2300,0.2300,-0.2300,-0.2140,-0.2140,0.4704,-1.4355,1.5339,6.4858,-3.1649,7.2375,14.9678,0.5823,-0.1726,0.1225,-0.1902
27116995,0.0132,-0.0237,0.4099,-0.5654,-0.3486,-0.2300,0.2300,-0.2300,-0.2126,-0.2126,0.2721,-1.4633,-0.0336,4.1846,-7.3790,7.2378,14.9856,0.5534,-0.2181,0.1578,-0.1784
27121996,0.0149,-0.0261,0.3036,-0.4300,-0.4118,-0.2300,0.2300,-0.2300,-0.2137,-0.2137,-0.2079,-1.7308,0.0032,2.5933,-14.2035,7.2377,14.9952,0.4755,-0.2286,0.1918,-0.1682
27126994,0.0163,-0.0284,0.2395,-0.4331,-0.1385,-0.2300,0.2300,-0.2300,-0.2156,-0.2156,-0.3884,-1.9337,-0.0245,2.5274,-16.8642,7.2376,15.0097,0.4073,-0.2289,0.2159,-0.1879
27131994,0.0168,-0.0302,0.1347,-0.3283,0.1037,-0.2300,0.2300,-0.2300,-0.2185,-0.2185,-0.5814,-2.1361,-0.2093,3.3054,-20.0581,7.2368,15.0294,0.2903,-0.2272,0.2246,-0.1941
27136994,0.0171,-0.0316,0.0874,-0.2608,0.0881,-0.2300,0.2300,-0.2300,-0.2216,-0.2216,-0.6227,-2.2271,-1.4914,3.0719,-22.3571,7.2298,15.0418,0.2016,-0.2233,0.2311,-0.2013
27141994,0.0177,-0.0324,0.0843,-0.1927,0.1196,-0.2300,0.2300,-0.2300,-0.2250,-0.2250,-0.6643,-2.4564,-2.5696,3.4369,-25.8532,7.2195,15.0614,0.0505,-0.2180,0.2261,-0.1949
27146994,0.0181,-0.0333,0.0437,-0.1298,0.1279,-0.2300,0.2300,-0.2300,-0.2286,-0.2286,-0.7265,-2.6829,-4.0576,3.5203,-29.5329,7.1966,15.0758,-0.0674,-0.2182,0.2266,-0.1811
27151994,0.0185,-0.0339,0.0257,-0.0886,0.1541,-0.2300,0.2300,-0.2300,-0.2326,-0.2326,-0.7958,-2.8138,-4.9013,3.1750,-32.1240,7.1769,15.0886,-0.2592,-0.2184,0.2308,-0.2016
27156994,0.0184,-0.0342,-0.0140,-0.1008,0.4589,-0.2300,0.2300,-0.2300,-0.2362,-0.2362,-0.7156,-2.8179,-6.3253,3.0171,-32.1903,7.1405,15.1069,-0.3873,-0.2207,0.2315,-0.2281
27161994,0.0179,-0.0345,-0.1090,-0.0748,0.5823,-0.2300,0.2300,-0.2300,-0.2405,-0.2405,-0.8611,-2.8779,-7.1908,2.0999,-34.2316,7.1116,15.1209,-0.5911,-0.2209,0.2365,-0.2093
27166994,0.0178,-0.0346,-0.0696,0.0192,0.5335,-0.2300,0.2300,-0.2300,-0.2445,-0.2445,-0.8021,-2.8592,-8.2186,1.7507,-35.5686,7.0636,15.1278,-0.7342,-0.2195,0.2354,-0.2206
27171994,0.0176,-0.0338,-0.0415,0.1170,0.6223,-0.2300,0.2300,-0.2300,-0.2480,-0.2480,-0.7007,-2.8200,-9.2701,1.8883,-36.1901,7.0267,15.1353,-0.9491,-0.2179,0.2321,-0.2188
27176994,0.0170,-0.0331,-0.1167,0.1439,0.7674,-0.2300,0.2300,-0.2300,-0.2515,-0.2515,-0.7006,-2.7428,-10.7439,0.9145,-36.5246,6.9631,15.1428,-1.0954,-0.2200,0.2386,-0.2156
27181994,0.0162,-0.0323,-0.2043,0.1756,0.8728,-0.1754,0.2300,-0.2300,-0.2557,-0.2557,-0.8420,-2.7871,-11.4832,0.0436,-38.3833,6.9173,15.1428,-1.3240,-0.2221,0.2376,-0.1453
27186994,0.0160,-0.0313,-0.1298,0.1964,1.0191,-0.2066,0.2300,-0.2300,-0.2586,-0.2586,-0.5817,-2.7619,-13.1480,0.4305,-37.9387,6.8403,15.1442,-1.4751,-0.2148,0.2278,-0.1704
27191994,0.0150,-0.0302,-0.1943,0.2001,1.0558,-0.1505,0.2300,-0.2300,-0.2617,-0.2617,-0.6250,-2.6852,-13.1335,0.2264,-37.1798,6.7873,15.1465,-1.7001,-0.2055,0.2294,-0.1721
27196994,0.0140,-0.0286,-0.2471,0.3485,1.0704,-0.0987,0.2300,-0.2300,-0.2658,-0.2658,-0.8178,-2.6335,-12.4770,-0.0454,-38.6798,6.7118,15.1462,-1.8545,-0.1986,0.2331,-0.1418
27201994,0.0129,-0.0266,-0.2822,0.4126,1.0267,-0.0600,0.2300,-0.1892,-0.2699,-0.2699,-0.8186,-2.5594,-12.7275,0.0503,-38.4342,6.6609,15.1464,-2.0917,-0.1593,0.2309,-0.1861
27206994,0.0120,-0.0247,-0.2608,0.4007,1.1914,-0.0477,0.2300,-0.1566,-0.2730,-0.2730,-0.6231,-2.3227,-12.5843,0.5906,-34.6546,6.5858,15.1485,-2.2297,-0.1199,0.2264,-0.2116
27211996,0.0101,-0.0224,-0.3742,0.4786,1.3682,0.0591,0.2218,-0.1224,-0.2769,-0.2769,-0.7793,-2.2539,-12.6387,0.1330,-35.1986,6.5352,15.1505,-2.4379,-0.0801,0.2328,-0.1892
27216994,0.0085,-0.0197,-0.3983,0.5140,1.2650,0.1012,0.1321,-0.0866,-0.2810,-0.2810,-0.8195,-2.1263,-11.8050,0.2377,-33.8690,6.4636,15.1509,-2.5749,-0.0635,0.2193,-0.1624
27221994,0.0070,-0.0172,-0.3516,0.5428,1.3981,0.1075,0.0769,-0.0223,-0.2831,-0.2831,-0.4211,-1.8380,-11.9886,2.3653,-28.3549,6.4155,15.1625,-2.7507,-0.0177,0.2069,-0.1518
27226995,0.0055,-0.0144,-0.3674,0.5831,1.4229,0.1483,-0.0099,0.0266,-0.2851,-0.2851,-0.3978,-1.6059,-11.2135,2.3823,-25.8407,6.3469,15.1725,-2.8536,0.0016,0.1781,-0.1213
27231994,0.0034,-0.0110,-0.4065,0.6793,1.3609,0.2096,-0.1522,0.1002,-0.2873,-0.2873,-0.4428,-0.9517,-9.3024,0.6863,-20.3244,6.3092,15.1788,-2.9829,0.0291,0.1512,-0.0899
27236994,0.0015,-0.0075,-0.3943,0.7364,1.4165,0.2300,-0.2300,0.1762,-0.2892,-0.2892,-0.3733,-0.5036,-8.5345,-0.3883,-16.3472,6.2590,15.1770,-3.0485,0.0871,0.1115,-0.0622
27241994,-0.0001,-0.0036,-0.3387,0.8433,1.2384,0.2300,-0.2300,0.2300,-0.2902,-0.2902,-0.1975,0.1282,-7.6532,-1.5083,-10.7024,6.2281,15.1710,-3.1168,0.1219,0.0864,-0.0143
27246994,-0.0019,0.0009,-0.3363,0.9307,0.9446,0.2300,-0.2300,0.2300,-0.2921,-0.2921,-0.3921,0.5732,-5.6367,-3.9609,-8.5430,6.1920,15.1507,-3.1510,0.1404,0.0512,0.0389
27251994,-0.0032,0.0056,-0.2679,0.9029,0.7830,0.2300,-0.2300,0.2300,-0.2943,-0.2943,-0.4287,1.0347,-3.6986,-6.3175,-4.6038,6.1770,15.1145,-3.1832,0.1760,0.0309,0.0543
27256994,-0.0045,0.0103,-0.2272,0.9248,0.6083,0.2300,-0.2300,0.2300,-0.2977,-0.2977,-0.6777,1.2571,-0.3489,-7.4715,-3.1796,6.1702,15.0847,-3.1959,0.1948,-0.0097,0.1095
27261994,-0.0051,0.0140,-0.0831,0.7367,0.4534,0.1689,-0.2300,0.2300,-0.3019,-0.3019,-0.8552,1.3267,2.7159,-9.6404,-2.0358,6.1800,15.0291,-3.2084,0.1930,-0.0464,0.1647
27266994,-0.0055,0.0174,-0.0745,0.6613,0.3838,0.1723,-0.2300,0.2300,-0.3074,-0.3074,-1.0991,0.9998,8.3151,-5.2822,-0.9336,6.2239,15.0080,-3.2127,0.1659,-0.1346,0.1829
27271996,-0.0058,0.0200,-0.0263,0.4960,0.4363,0.1540,-0.2300,0.2300,-0.3138,-0.3138,-1.2653,0.6787,12.7657,-2.2697,0.0544,6.2744,14.9907,-3.2124,0.1156,-0.1667,0.2232
27276994,-0.0060,0.0216,-0.0223,0.3109,0.3316,0.1561,-0.2300,0.2300,-0.3233,-0.3233,-1.8973,0.4692,20.0169,-1.9984,-0.0068,6.3871,14.9829,-3.2124,0.1103,-0.1879,0.2287
27281994,-0.0062,0.0231,-0.0660,0.2920,0.1254,0.1766,-0.2300,0.2300,-0.3339,-0.3339,-2.1242,0.5303,21.7083,-2.8784,0.1382,6.4754,14.9674,-3.2120,0.1300,-0.1991,0.2295
27286994,-0.0067,0.0242,-0.0632,0.2257,0.0512,0.1832,-0.2300,0.2300,-0.3456,-0.3456,-2.3374,0.5832,23.8176,-3.9566,0.5842,6.6140,14.9517,-3.2098,0.1307,-0.2198,0.2233
27291994,-0.0068,0.0249,-0.0232,0.1136,0.1715,0.1701,-0.2300,0.2300,-0.3586,-0.3586,-2.6032,0.6112,27.2764,-4.8353,1.4970,6.7228,14.9234,-3.2012,0.1432,-0.2206,0.2224
27296994,-0.0065,0.0252,0.0446,0.0397,0.1841,0.1310,-0.2300,0.2300,-0.3743,-0.3743,-3.1388,0.6485,34.1103,-5.4939,2.2529,6.9193,14.9015,-3.1922,0.1233,-0.2189,0.2216
27301995,-0.0069,0.0256,-0.0278,0.0925,0.1028,0.1744,-0.2300,0.2300,-0.3905,-0.3905,-3.2387,0.8160,34.8079,-5.8531,3.3596,7.0604,14.8778,-3.1733,0.1619,-0.2256,0.2191
27306994,-0.0067,0.0254,0.0394,0.0095,-0.1794,0.1208,-0.2300,0.2300,-0.4042,-0.4042,-2.7380,0.7332,30.7534,-5.0613,4.1639,7.2466,14.8454,-3.1565,0.1592,-0.2390,0.2185
27311994,-0.0066,0.0251,0.0391,-0.0846,-0.2310,0.1155,-0.2300,0.2300,-0.4175,-0.4175,-2.6719,0.5413,31.1478,-3.3152,4.6462,7.3712,14.8240,-3.1282,0.1617,-0.2438,0.2259
27316994,-0.0060,0.0247,0.1316,-0.1002,-0.2203,0.0516,-0.2300,0.2300,-0.4283,-0.4283,-2.1621,0.5625,27.0265,-3.0006,5.4493,7.5410,14.8120,-3.1069,0.1572,-0.2377,0.2199
27321994,-0.0054,0.0235,0.1264,-0.2034,-0.3007,0.0383,-0.2300,0.2300,-0.4376,-0.4376,-1.8591,0.5142,24.7519,-2.1863,6.9763,7.6391,14.7973,-3.0653,0.1288,-0.2401,0.2202
27326994,-0.0047,0.0223,0.1772,-0.2022,-0.3721,-0.0110,-0.2300,0.2300,-0.4439,-0.4439,-1.2629,0.4504,19.3000,-1.1080,7.2351,7.7636,14.7927,-3.0363,0.1147,-0.2430,0.2270
27331994,-0.0036,0.0209,0.2193,-0.2679,-0.7298,-0.0714,-0.2300,0.2300,-0.4471,-0.4471,-0.6426,0.5089,14.1043,-0.6383,9.3157,7.8204,14.7904,-2.9833,0.0845,-0.2387,0.2092
27336994,-0.0020,0.0193,0.3296,-0.3409,-0.8407,-0.1728,-0.1382,0.2136,-0.4468,-0.4468,0.0752,0.4428,7.8206,-0.1609,9.9012,7.8733,14.7891,-2.9436,0.0517,-0.2349,0.2221
27341994,0.0000,0.0174,0.4233,-0.3891,-0.6925,-0.2300,-0.0297,0.2111,-0.4441,-0.4441,0.5385,0.4907,4.4925,0.0219,11.3354,7.8909,14.7892,-2.8779,-0.0035,-0.2341,0.2111
27346994,0.0022,0.0149,0.3842,-0.5030,-0.6104,-0.2300,0.0833,0.1288,-0.4397,-0.4397,0.8765,0.4015,0.6119,0.2067,11.8485,7.8993,14.7899,-2.8300,-0.0333,-0.1938,0.2027
27351994,0.0036,0.0120,0.2902,-0.5980,-0.5936,-0.2300,0.1685,0.0207,-0.4355,-0.4355,0.8412,0.2021,0.1887,1.1187,11.4252,7.8993,14.7953,-2.7613,-0.0970,-0.1555,0.1884
27356994,0.0047,0.0087,0.2318,-0.6839,-0.7020,-0.2300,0.2300,-0.0868,-0.4300,-0.4300,1.1047,0.0273,-3.4035,1.7078,10.8698,7.8821,14.8023,-2.7173,-0.1242,-0.1124,0.1720
27361994,0.0061,0.0048,0.3042,-0.7611,-0.7613,-0.2300,0.2300,-0.1588,-0.4235,-0.4235,1.3028,-0.2109,-5.5998,1.9660,9.0544,7.8598,14.8102,-2.6612,-0.1650,-0.0834,0.1392
27366994,0.0076,0.0010,0.3216,-0.7749,-0.5914,-0.2300,0.2300,-0.2066,-0.4161,-0.4161,1.4684,-0.3441,-7.5754,2.4196,7.9672,7.8151,14.8243,-2.6292,-0.1895,-0.0412,0.0991
27371994,0.0093,-0.0033,0.3787,-0.8302,-0.3599,-0.2300,0.2300,-0.2300,-0.4087,-0.4087,1.4822,-0.5160,-7.6848,2.5815,6.6267,7.7840,14.8346,-2.5878,-0.2303,-0.0271,0.0770
27376994,0.0106,-0.0077,0.2556,-0.8399,-0.1971,-0.2300,0.2300,-0.2300,-0.4028,-0.4028,1.1753,-0.6925,-6.0026,3.2918,5.1983,7.7458,14.8532,-2.5668,-0.2318,0.0116,0.0404
27381994,0.0115,-0.0118,0.1335,-0.7743,-0.1534,-0.2300,0.2300,-0.2300,-0.3984,-0.3984,0.8829,-0.9936,-4.3268,5.4359,2.6327,7.7282,14.8827,-2.5480,-0.2470,0.0429,0.0027
27386994,0.0120,-0.0157,0.0626,-0.7575,-0.0575,-0.2300,0.2300,-0.2300,-0.3961,-0.3961,0.4599,-0.9335,-2.6530,2.9051,0.6462,7.7110,14.8967,-2.5451,-0.2447,0.1321,-0.0162
27391994,0.0116,-0.0191,-0.0864,-0.6228,-0.0691,-0.1883,0.2300,-0.2300,-0.3961,-0.3961,0.0108,-0.8471,-1.8388,0.6713,-2.2290,7.7037,14.8987,-2.5562,-0.2364,0.1501,-0.0592
27396994,0.0110,-0.0218,-0.1298,-0.5012,0.0979,-0.1452,0.2300,-0.2300,-0.3963,-0.3963,-0.0430,-0.7819,-2.0572,0.6903,-2.9382,7.6921,14.9016,-2.5668,-0.2216,0.1722,-0.1121
27401994,0.0105,-0.0239,-0.0895,-0.3684,0.2793,-0.1511,0.2300,-0.2300,-0.3961,-0.3961,0.0306,-0.8094,-2.2028,1.9436,-3.7444,7.6834,14.9109,-2.5887,-0.1770,0.1817,-0.1389
27406994,0.0100,-0.0256,-0.0816,-0.3122,0.2961,-0.1443,0.2300,-0.2300,-0.3959,-0.3959,0.0484,-1.0032,-2.5698,3.2843,-5.6215,7.6684,14.9240,-2.6106,-0.1545,0.2133,-0.1628
27411994,0.0098,-0.0274,-0.0880,-0.3207,0.2427,-0.1384,0.2300,-0.2300,-0.3957,-0.3957,0.0339,-1.4730,-3.3153,5.3906,-9.4552,7.6554,14.9541,-2.6630,-0.1364,0.2121,-0.1963
27416994,0.0095,-0.0291,-0.0953,-0.2969,0.3001,-0.1265,0.2300,-0.2300,-0.3954,-0.3954,0.0666,-1.7195,-4.4834,6.3777,-11.9530,7.6296,14.9797,-2.7106,-0.1297,0.2211,-0.1940
27421994,0.0089,-0.0306,-0.1463,-0.2663,0.3530,-0.0842,0.2300,-0.2300,-0.3959,-0.3959,-0.1130,-1.9656,-4.7048,6.4631,-15.4359,7.6105,15.0060,-2.7995,-0.1242,0.2270,-0.1982
27426994,0.0084,-0.0318,-0.1542,-0.2172,0.3942,-0.0679,0.2300,-0.2300,-0.3970,-0.3970,-0.2199,-1.8715,-4.4668,5.2882,-16.0363,7.5835,15.0390,-2.8642,-0.1170,0.2383,-0.2196
27431994,0.0073,-0.0327,-0.2220,-0.1368,0.4269,-0.0057,0.2300,-0.2300,-0.3991,-0.3991,-0.4156,-1.7692,-4.4686,3.6834,-17.3592,7.5655,15.0631,-2.9674,-0.0759,0.2415,-0.2088
27436994,0.0064,-0.0331,-0.2040,-0.0284,0.4040,0.0015,0.2300,-0.2300,-0.4014,-0.4014,-0.4560,-1.5726,-4.1152,2.8113,-17.0920,7.5411,15.0742,-3.0360,-0.0660,0.2423,-0.2264
27441994,0.0054,-0.0331,-0.1994,0.0345,0.4828,0.0224,0.2300,-0.2300,-0.4035,-0.4035,-0.4169,-1.4865,-4.1493,3.0165,-16.5795,7.5243,15.0915,-3.1345,-0.0224,0.2305,-0.2237
27446994,0.0041,-0.0328,-0.2404,0.0721,0.4699,0.0710,0.2300,-0.2300,-0.4064,-0.4064,-0.5748,-1.5537,-2.8420,3.7062,-17.2245,7.5050,15.1061,-3.2038,0.0076,0.2202,-0.2187
27451995,0.0032,-0.0325,-0.2199,0.0999,0.4965,0.0786,0.2300,-0.2300,-0.4091,-0.4091,-0.5491,-1.7251,-1.4673,6.4652,-17.0161,7.4992,15.1405,-3.3077,0.0293,0.2085,-0.2334
27456994,0.0021,-0.0318,-0.2025,0.1356,0.6248,0.0951,0.2300,-0.2300,-0.4117,-0.4117,-0.5289,-1.9136,-0.0962,9.3559,-16.9995,7.4992,15.1778,-3.3750,0.0593,0.1924,-0.2344
27461994,0.0014,-0.0314,-0.2001,0.1222,0.5634,0.1047,0.2300,-0.2300,-0.4128,-0.4128,-0.2075,-2.2382,-0.8038,14.2570,-16.0939,7.4964,15.2563,-3.4753,0.0962,0.1920,-0.2301
27466996,0.0012,-0.0302,-0.0302,0.2257,0.7176,0.0184,0.2300,-0.2300,-0.4109,-0.4109,0.3716,-2.3220,-1.1788,19.7335,-13.0221,7.4903,15.3346,-3.5274,0.1025,0.1645,-0.2559
27471994,0.0015,-0.0289,0.0580,0.2801,0.8927,-0.0313,0.2300,-0.2300,-0.4063,-0.4063,0.9263,-2.7376,-1.5359,27.6840,-11.1084,7.4841,15.4684,-3.5953,0.1005,0.1496,-0.2456
27476994,0.0026,-0.0273,0.2443,0.3302,0.8597,-0.1616,0.2300,-0.2022,-0.3983,-0.3983,1.6035,-3.1370,-3.0144,34.6096,-9.9476,7.4688,15.6070,-3.6348,0.0642,0.1477,-0.2440
27481994,0.0043,-0.0257,0.3384,0.3586,0.8749,-0.2300,0.2300,-0.1191,-0.3879,-0.3879,2.0824,-3.7280,-4.4208,41.4855,-11.0137,7.4510,15.8518,-3.6988,0.0230,0.0838,-0.2057
27486995,0.0059,-0.0240,0.2911,0.3060,0.7274,-0.2300,0.2300,-0.1170,-0.3780,-0.3780,1.9768,-3.6075,-5.6557,38.4266,-11.8436,7.4178,16.0070,-3.7461,-0.0001,0.1599,-0.1683
27491994,0.0078,-0.0223,0.3210,0.3824,0.5573,-0.2300,0.2300,-0.0299,-0.3684,-0.3684,1.9089,-3.5499,-6.4679,36.5939,-13.9181,7.3922,16.2273,-3.8277,-0.0397,0.1875,-0.1482
27496996,0.0091,-0.0208,0.2141,0.3399,0.6190,-0.2300,0.2300,-0.0369,-0.3614,-0.3614,1.3978,-3.1538,-5.2143,30.4833,-14.4004,7.3552,16.4192,-3.8856,-0.0774,0.2409,-0.1145
27501994,0.0097,-0.0179,0.0782,0.5559,0.4336,-0.2258,0.1979,0.0781,-0.3568,-0.3568,0.9382,-2.5951,-2.7551,27.1234,-13.3504,7.3439,16.5256,-3.9698,-0.1407,0.2736,-0.0985
27506995,0.0110,-0.0159,0.2404,0.4438,0.4666,-0.2300,0.2300,0.1201,-0.3503,-0.3503,1.2918,-2.3025,-3.4898,25.9157,-9.3400,7.3266,16.6295,-4.0079,-0.1512,0.2501,-0.0949
27511994,0.0113,-0.0128,0.0870,0.6613,0.4797,-0.2300,0.0739,0.2300,-0.3439,-0.3439,1.2883,-1.3033,-4.1544,21.8825,-3.3139,7.3094,16.7644,-4.0317,-0.1936,0.2309,-0.0588
27516994,0.0129,-0.0096,0.3268,0.6884,0.2940,-0.2300,0.0793,0.2300,-0.3358,-0.3358,1.6183,-0.9981,-5.1508,20.0828,-1.5347,7.2802,16.8441,-4.0374,-0.2132,0.2445,0.0019
27521994,0.0137,-0.0064,0.1161,0.6726,0.1654,-0.2300,-0.0262,0.2300,-0.3288,-0.3288,1.4014,-0.4730,-6.3067,15.3654,0.6887,7.2547,16.9426,-4.0357,-0.2181,0.2234,0.0280
27526995,0.0143,-0.0030,0.0764,0.6756,0.0243,-0.2300,-0.0983,0.2300,-0.3228,-0.3228,1.1980,-0.1407,-6.1038,11.6219,1.1628,7.2180,16.9897,-4.0309,-0.2268,0.2182,0.0775
27531994,0.0134,0.0001,-0.2199,0.6390,-0.0319,-0.1541,-0.2300,0.2300,-0.3192,-0.3192,0.7147,0.6305,-6.1517,4.3031,4.2072,7.1933,17.0225,-4.0106,-0.2326,0.1799,0.1000
27536994,0.0120,0.0037,-0.2935,0.7761,0.1263,-0.0796,-0.2300,0.2300,-0.3156,-0.3156,0.7177,1.2306,-6.0139,2.3068,8.1730,7.1575,17.0311,-3.9784,-0.2162,0.1036,0.1074
27541994,0.0099,0.0077,-0.4041,0.8369,0.2818,0.0296,-0.2300,0.2300,-0.3116,-0.3116,0.8061,1.8560,-6.1977,0.6858,13.8238,7.1327,17.0365,-3.8999,-0.1739,0.0720,0.1473
27546996,0.0083,0.0119,-0.2865,0.8690,0.1508,-0.0090,-0.2300,0.2300,-0.3068,-0.3068,0.9573,1.9853,-6.6843,-0.0563,14.3240,7.0938,17.0368,-3.8414,-0.1468,0.0190,0.2341
27551994,0.0069,0.0155,-0.2495,0.7260,-0.1971,-0.0141,-0.2300,0.2300,-0.3025,-0.3025,0.8578,1.6038,-7.4404,-0.7690,10.5243,7.0641,17.0340,-3.7754,-0.0990,-0.0188,0.2540
27556994,0.0057,0.0183,-0.2648,0.5366,-0.2347,0.0176,-0.2300,0.2300,-0.2986,-0.2986,0.7723,1.4907,-8.0296,-2.6073,9.6574,7.0156,17.0238,-3.7363,-0.0794,-0.0332,0.2437
27561994,0.0038,0.0204,-0.3650,0.4035,-0.1449,0.1147,-0.2300,0.2300,-0.2959,-0.2959,0.5573,0.8837,-6.8625,0.3206,6.4957,6.9875,17.0198,-3.6939,-0.0573,-0.1141,0.2576
27566994,0.0022,0.0215,-0.3625,0.2376,-0.0490,0.1500,-0.2300,0.2300,-0.2941,-0.2941,0.3408,0.4353,-4.5746,1.9723,4.5154,6.9577,17.0276,-3.6759,-0.0196,-0.1471,0.2560
27571994,0.0003,0.0225,-0.3558,0.1750,-0.0652,0.1851,-0.2300,0.2300,-0.2943,-0.2943,-0.0340,0.3413,-1.4302,1.0619,3.1998,6.9510,17.0362,-3.6565,-0.0092,-0.1558,0.2429
27576994,-0.0011,0.0232,-0.2636,0.1808,-0.0301,0.1668,-0.2300,0.2300,-0.2963,-0.2963,-0.4065,0.4323,3.1633,-0.0951,3.1363,6.9668,17.0356,-3.6440,0.0281,-0.1882,0.2333
27581994,-0.0025,0.0238,-0.2505,0.1228,-0.0872,0.1871,-0.2300,0.2300,-0.2999,-0.2999,-0.7039,0.5064,5.9072,-1.6692,3.2562,6.9902,17.0274,-3.6249,0.0741,-0.2191,0.2315
27586996,-0.0039,0.0243,-0.2673,0.0819,-0.2063,0.2203,-0.2300,0.2300,-0.3035,-0.3035,-0.7226,0.5244,5.5482,-2.4188,3.2619,7.0229,17.0176,-3.6117,0.1227,-0.2191,0.2313
27591994,-0.0046,0.0243,-0.1182,0.0272,-0.3428,0.1472,-0.2300,0.2300,-0.3065,-0.3065,-0.6076,0.6167,5.9349,-3.3575,4.2097,7.0465,16.9980,-3.5884,0.1584,-0.2202,0.2186
27596994,-0.0049,0.0241,-0.0354,-0.0467,-0.3138,0.1098,-0.2300,0.2300,-0.3101,-0.3101,-0.7207,0.5864,8.5472,-3.2310,4.8893,7.0949,16.9848,-3.5687,0.1605,-0.2329,0.2187
27601994,-0.0046,0.0237,0.0522,-0.1051,-0.1965,0.0593,-0.2300,0.2300,-0.3132,-0.3132,-0.6077,0.5407,9.2235,-2.3721,5.9073,7.1323,16.9698,-3.5344,0.1262,-0.2356,0.2228
27606994,-0.0043,0.0227,0.0125,-0.2159,-0.2521,0.0737,-0.2300,0.2300,-0.3162,-0.3162,-0.6028,0.4309,9.2647,-1.8449,6.4481,7.1881,16.9621,-3.5086,0.1078,-0.2369,0.2212
27611994,-0.0043,0.0215,0.0266,-0.2660,-0.3740,0.0590,-0.2300,0.1977,-0.3185,-0.3185,-0.4658,0.4144,8.2772,-1.6713,7.0535,7.2214,16.9521,-3.4671,0.0826,-0.2331,0.2223
27616994,-0.0043,0.0201,0.0116,-0.2911,-0.5548,0.0596,-0.2300,0.1514,-0.3202,-0.3202,-0.3348,0.4667,7.1418,-1.6711,8.0489,7.2649,16.9456,-3.4350,0.0793,-0.2306,0.2096
27621994,-0.0037,0.0184,0.0641,-0.3610,-0.6046,0.0179,-0.1946,0.1066,-0.3213,-0.3213,-0.2326,0.3876,6.4032,-1.7846,7.8222,7.2904,16.9349,-3.3870,0.0680,-0.2290,0.1808
27626994,-0.0033,0.0163,0.0773,-0.4465,-0.5084,0.0044,-0.1051,0.0418,-0.3222,-0.3222,-0.1722,0.2649,5.5922,-1.8160,7.3171,7.3246,16.9275,-3.3579,0.0511,-0.2163,0.1631
27631994,-0.0027,0.0138,0.1060,-0.5382,-0.4247,-0.0195,0.0002,-0.0299,-0.3224,-0.3224,-0.0429,0.0835,4.6780,-1.0222,6.9598,7.3435,16.9195,-3.3159,0.0161,-0.1997,0.1154
27636994,-0.0022,0.0108,0.1341,-0.6099,-0.4045,-0.0465,0.1015,-0.1019,-0.3216,-0.3216,0.1665,-0.0905,2.6545,-0.3530,6.3186,7.3614,16.9179,-3.2904,0.0079,-0.1611,0.0800
27641994,-0.0015,0.0077,0.1475,-0.6463,-0.3892,-0.0676,0.1849,-0.1625,-0.3204,-0.3204,0.2387,-0.2750,1.5116,0.1238,4.8944,7.3679,16.9187,-3.2593,-0.0217,-0.1122,0.0608
27646994,-0.0006,0.0042,0.1970,-0.6716,-0.3477,-0.1104,0.2300,-0.2113,-0.3185,-0.3185,0.3688,-0.3979,0.3924,0.5384,4.0574,7.3690,16.9207,-3.2430,-0.0412,-0.0917,0.0185
27651994,0.0004,0.0008,0.2205,-0.6469,-0.1663,-0.1359,0.2300,-0.2300,-0.3167,-0.3167,0.3720,-0.5342,0.1725,1.1330,2.5829,7.3691,16.9267,-3.2254,-0.0698,-0.0517,-0.0162
27656994,0.0013,-0.0025,0.2162,-0.6252,-0.0188,-0.1466,0.2300,-0.2300,-0.3151,-0.3151,0.3229,-0.6918,-0.1846,1.4318,0.5762,7.3688,16.9355,-3.2229,-0.1120,-0.0055,-0.0317
27661994,0.0022,-0.0056,0.1946,-0.5748,0.0216,-0.1512,0.2300,-0.2300,-0.3136,-0.3136,0.3014,-0.7511,-0.5635,1.7612,-0.5051,7.3666,16.9425,-3.2280,-0.1437,0.0281,-0.0885
27666994,0.0031,-0.0081,0.1289,-0.4633,0.1728,-0.1268,0.2300,-0.2300,-0.3118,-0.3118,0.3587,-0.8193,-1.4445,3.4040,-1.1714,7.3592,16.9556,-3.2330,-0.1465,0.0399,-0.1324
27671994,0.0035,-0.0103,0.1100,-0.3986,0.3239,-0.1191,0.2300,-0.2300,-0.3105,-0.3105,0.2501,-0.7195,-1.7178,1.8993,-2.2293,7.3525,16.9744,-3.2445,-0.1319,0.1142,-0.1505
27676994,0.0037,-0.0116,0.0547,-0.2266,0.2100,-0.0957,0.2300,-0.2300,-0.3102,-0.3102,0.0630,-0.6095,-1.6060,0.9323,-3.9981,7.3423,16.9788,-3.2604,-0.1224,0.1403,-0.1784
27681994,0.0038,-0.0126,0.0461,-0.1555,0.2152,-0.0934,0.2300,-0.2300,-0.3104,-0.3104,-0.0460,-0.7444,-2.3750,0.3514,-7.2355,7.3329,16.9794,-3.3003,-0.1082,0.1676,-0.2056
27686994,0.0042,-0.0133,0.0959,-0.1093,0.3722,-0.1218,0.2300,-0.2045,-0.3106,-0.3106,-0.0397,-0.9301,-2.4940,1.2318,-9.3397,7.3176,16.9837,-3.3375,-0.0899,0.1958,-0.2054
27691994,0.0045,-0.0136,0.0916,-0.0403,0.3606,-0.1262,0.2300,-0.1773,-0.3111,-0.3111,-0.0852,-1.2096,-2.8291,2.6702,-12.3871,7.3064,16.9983,-3.4098,-0.1043,0.2196,-0.1946
27696994,0.0053,-0.0137,0.1429,-0.0516,0.3688,-0.1708,0.2300,-0.1619,-0.3104,-0.3104,0.1359,-1.2271,-4.0741,3.3569,-11.7849,7.2833,17.0118,-3.4580,-0.1183,0.2200,-0.1935
27701994,0.0058,-0.0136,0.1026,0.0617,0.4773,-0.1540,0.2300,-0.1073,-0.3093,-0.3093,0.2127,-0.9786,-4.5521,3.3199,-10.0828,7.2651,17.0325,-3.5198,-0.1347,0.2318,-0.1807
27706994,0.0063,-0.0133,0.0809,0.1087,0.4324,-0.1559,0.2300,-0.0798,-0.3081,-0.3081,0.2427,-0.7613,-5.0187,2.3364,-8.8800,7.2356,17.0421,-3.5554,-0.1512,0.2388,-0.1673
27711994,0.0066,-0.0123,0.0229,0.2529,0.4675,-0.1285,0.1862,-0.0034,-0.3068,-0.3068,0.2580,-0.4061,-5.4080,1.4134,-7.0902,7.2139,17.0512,-3.6000,-0.1497,0.2385,-0.1215
27716996,0.0067,-0.0109,-0.0214,0.3067,0.4849,-0.1058,0.1255,0.0365,-0.3057,-0.3057,0.2194,-0.1822,-5.3160,0.4817,-5.8332,7.1812,17.0550,-3.6234,-0.1458,0.2257,-0.1026
27721994,0.0066,-0.0092,-0.0635,0.3738,0.5118,-0.0795,0.0515,0.0874,-0.3048,-0.3048,0.1793,0.0467,-4.8441,-0.0547,-4.2859,7.1620,17.0544,-3.6505,-0.1161,0.1781,-0.0582
27726996,0.0063,-0.0072,-0.1069,0.3903,0.4916,-0.0504,-0.0071,0.1145,-0.3041,-0.3041,0.1449,0.1661,-4.4633,-0.2274,-3.1307,7.1349,17.0536,-3.6633,-0.0997,0.1554,-0.0162
27731994,0.0060,-0.0053,-0.1103,0.3830,0.3908,-0.0463,-0.0453,0.1369,-0.3033,-0.3033,0.1515,0.3132,-4.0350,-0.6750,-1.5884,7.1188,17.0498,-3.6744,-0.0675,0.1134,0.0038
27736994,0.0056,-0.0033,-0.1237,0.4148,0.3175,-0.0338,-0.1063,0.1769,-0.3029,-0.3029,0.0976,0.4920,-3.2190,-1.2511,-0.2689,7.0984,17.0447,-3.6760,-0.0507,0.0937,0.0480
27741994,0.0052,-0.0011,-0.1316,0.4658,0.2677,-0.0222,-0.1775,0.2300,-0.3026,-0.3026,0.0554,0.6366,-3.1262,-2.1377,0.0476,7.0859,17.0328,-3.6759,-0.0451,0.0496,0.0980
27746994,0.0045,0.0011,-0.1686,0.4163,0.1761,0.0082,-0.2120,0.2241,-0.3028,-0.3028,-0.0426,0.6174,-2.3998,-2.2837,0.2941,7.0705,17.0234,-3.6748,-0.0300,0.0055,0.1193
27751994,0.0036,0.0029,-0.1713,0.3341,0.1776,0.0282,-0.2140,0.2065,-0.3033,-0.3033,-0.0984,0.5874,-1.9584,-2.7669,0.4837,7.0627,17.0084,-3.6712,-0.0113,-0.0279,0.1619
27756995,0.0030,0.0041,-0.1604,0.2309,0.0955,0.0332,-0.1947,0.1726,-0.3047,-0.3047,-0.2747,0.6548,-0.4110,-4.4014,1.0442,7.0579,16.9913,-3.6667,0.0082,-0.0403,0.1989
27761994,0.0024,0.0050,-0.1127,0.1604,-0.0218,0.0150,-0.1742,0.1566,-0.3060,-0.3060,-0.2681,0.4940,1.1173,-2.7584,1.5319,7.0621,16.9668,-3.6571,0.0189,-0.1227,0.1971
27766996,0.0021,0.0049,-0.0116,-0.0159,0.0249,-0.0342,-0.0591,0.0962,-0.3070,-0.3070,-0.2040,0.0951,2.1322,-0.7278,0.7009,7.0756,16.9637,-3.6540,0.0175,-0.1479,0.1704
27771994,0.0022,0.0041,0.0550,-0.1594,0.0561,-0.0727,0.0454,0.0338,-0.3069,-0.3069,0.0198,-0.1410,0.5111,-0.0006,0.2373,7.0779,16.9646,-3.6528,0.0213,-0.1551,0.1396
27776995,0.0028,0.0032,0.1429,-0.1741,-0.0050,-0.1361,0.0949,0.0406,-0.3055,-0.3055,0.2837,-0.1718,-1.5346,0.0207,0.0480,7.0708,16.9646,-3.6527,-0.0164,-0.1070,0.1174
27781994,0.0038,0.0022,0.2028,-0.2419,0.0494,-0.1881,0.1754,0.0185,-0.3028,-0.3028,0.5420,-0.2961,-3.5003,0.6290,-0.0719,7.0573,16.9671,-3.6530,-0.0481,-0.0664,0.0736
27786994,0.0051,0.0007,0.2660,-0.3100,0.0924,-0.2300,0.2300,-0.0075,-0.2993,-0.2993,0.6951,-0.3993,-4.5337,0.8234,-0.3325,7.0261,16.9703,-3.6541,-0.0953,-0.0435,0.0322
27791994,0.0062,-0.0012,0.2447,-0.3451,0.1709,-0.2300,0.2300,-0.0500,-0.2961,-0.2961,0.6328,-0.5212,-4.3774,1.0805,-1.1945,7.0037,16.9766,-3.6596,-0.1337,-0.0003,0.0159
27796994,0.0069,-0.0026,0.1680,-0.2752,0.3001,-0.2204,0.2300,-0.0513,-0.2937,-0.2937,0.4953,-0.6033,-3.7539,2.0018,-2.2278,6.9888,16.9863,-3.6685,-0.1811,0.0178,-0.0099
27801994,0.0078,-0.0041,0.1500,-0.2489,0.3972,-0.2250,0.2300,-0.0574,-0.2911,-0.2911,0.5071,-0.8643,-4.0543,3.8796,-4.0460,6.9656,17.0016,-3.6898,-0.1988,0.0443,-0.0318
27806994,0.0085,-0.0051,0.0941,-0.2156,0.4809,-0.2038,0.2300,-0.0639,-0.2896,-0.2896,0.2999,-0.6099,-4.6333,0.1927,-4.9091,6.9468,17.0079,-3.7105,-0.2215,0.1275,-0.0471
27811994,0.0084,-0.0058,-0.0541,-0.1008,0.4464,-0.1216,0.2300,-0.0638,-0.2888,-0.2888,0.1584,-0.3867,-5.0560,-0.8557,-4.5677,6.9169,17.0042,-3.7380,-0.2082,0.1444,-0.0645
27816994,0.0080,-0.0060,-0.0867,0.0107,0.5460,-0.0935,0.1785,-0.0218,-0.2880,-0.2880,0.1611,-0.2679,-5.3381,-0.7923,-4.4092,6.8955,17.0012,-3.7558,-0.1792,0.1712,-0.0657
27821994,0.0072,-0.0057,-0.1594,0.1057,0.5454,-0.0362,0.0990,0.0004,-0.2873,-0.2873,0.1402,-0.2266,-5.4587,0.0087,-4.2924,6.8623,17.0003,-3.7816,-0.1601,0.1802,-0.0590
27826994,0.0064,-0.0050,-0.1448,0.1753,0.4794,-0.0305,0.0471,0.0390,-0.2867,-0.2867,0.1321,-0.1186,-4.9907,-0.0224,-3.8240,6.8423,17.0002,-3.7971,-0.1199,0.1756,-0.0224
27831994,0.0053,-0.0040,-0.1848,0.2187,0.4311,0.0109,-0.0142,0.0532,-0.2863,-0.2863,0.0749,0.0648,-4.1235,-0.2445,-2.2376,6.8167,16.9993,-3.8122,-0.1004,0.1378,0.0082
27836994,0.0041,-0.0028,-0.2046,0.2746,0.3808,0.0433,-0.0820,0.0828,-0.2862,-0.2862,0.0274,0.2762,-3.5926,-1.0207,-1.0089,6.8021,16.9937,-3.8165,-0.0591,0.0975,0.0268
27841995,0.0031,-0.0012,-0.1915,0.2889,0.2955,0.0536,-0.1266,0.1073,-0.2864,-0.2864,-0.0494,0.3987,-2.4359,-1.5583,-0.1517,6.7861,16.9874,-3.8157,-0.0204,0.0766,0.0620
27846995,0.0021,-0.0000,-0.2049,0.2966,0.1367,0.0751,-0.1717,0.1124,-0.2872,-0.2872,-0.1588,0.4380,-1.4071,-1.8005,0.0148,6.7803,16.9802,-3.8156,0.0172,0.0300,0.1018
27851994,0.0013,0.0012,-0.1524,0.2236,0.0234,0.0605,-0.1568,0.0991,-0.2890,-0.2890,-0.3552,0.3515,1.5804,-1.5006,0.1447,6.7855,16.9709,-3.8148,0.0330,-0.0115,0.1110
27856994,0.0004,0.0020,-0.1481,0.1600,0.0365,0.0772,-0.1493,0.0763,-0.2916,-0.2916,-0.5199,0.4155,2.9372,-2.8450,0.4392,6.7987,16.9568,-3.8131,0.0623,-0.0283,0.0986
27861994,-0.0001,0.0023,-0.0971,0.0342,-0.0838,0.0530,-0.0902,0.0275,-0.2936,-0.2936,-0.3949,0.4487,1.0664,-4.9116,0.4175,6.8062,16.9370,-3.8110,0.0673,-0.0543,0.0785
27866994,-0.0002,0.0024,-0.0388,-0.0070,-0.1840,0.0190,-0.0599,0.0196,-0.2942,-0.2942,-0.1221,0.1635,0.4135,-1.6101,0.5820,6.8077,16.9249,-3.8083,0.0768,-0.1100,0.0670
27871994,0.0001,0.0019,0.1045,-0.0904,0.0368,-0.0592,0.0415,0.0220,-0.2935,-0.2935,0.1339,-0.0979,-0.0304,0.3449,0.2490,6.8075,16.9268,-3.8067,0.0394,-0.1109,0.0297
27876994,0.0008,0.0013,0.1600,-0.1258,0.0885,-0.1009,0.0933,0.0179,-0.2924,-0.2924,0.2256,-0.1627,-0.1792,0.7875,0.3138,6.8070,16.9302,-3.8054,-0.0012,-0.0622,0.0198
27881994,0.0021,0.0004,0.2862,-0.1668,-0.0007,-0.2003,0.1741,0.0260,-0.2898,-0.2898,0.5163,-0.2725,-1.6894,1.5527,0.1932,6.7994,16.9396,-3.8039,-0.0173,-0.0123,0.0180
27886994,0.0035,-0.0002,0.2505,-0.1087,-0.0169,-0.2117,0.1606,0.0491,-0.2864,-0.2864,0.6824,-0.2729,-3.7121,2.1539,0.0408,6.7851,16.9512,-3.8038,-0.0457,0.0073,0.0253
27891994,0.0047,-0.0006,0.2721,-0.0596,0.0133,-0.2300,0.1639,0.0844,-0.2826,-0.2826,0.7588,-0.3076,-3.2081,3.8040,0.6175,6.7598,16.9658,-3.8006,-0.0831,0.0371,0.0404
27896994,0.0058,-0.0013,0.2266,-0.0877,0.2143,-0.2300,0.1950,0.0652,-0.2794,-0.2794,0.6382,-0.3275,-2.1311,3.9912,0.9142,6.7514,16.9965,-3.7969,-0.1422,0.1102,0.0538
27901994,0.0067,-0.0019,0.1988,-0.0776,0.1422,-0.2300,0.1984,0.0584,-0.2770,-0.2770,0.4773,-0.1819,-1.5675,2.2026,0.8650,6.7423,17.0046,-3.7935,-0.1773,0.1318,0.0705
27906994,0.0076,-0.0023,0.1851,-0.0452,-0.1049,-0.2300,0.1863,0.0613,-0.2749,-0.2749,0.4141,-0.0961,-1.6349,1.2421,0.5883,6.7360,17.0092,-3.7910,-0.2127,0.1678,0.0623
27911994,0.0083,-0.0026,0.1148,-0.0128,-0.0310,-0.2300,0.1668,0.0626,-0.2731,-0.2731,0.3674,-0.1325,-1.8105,1.7710,0.2324,6.7250,17.0189,-3.7899,-0.2291,0.1847,0.0650
27916994,0.0084,-0.0024,-0.0156,0.0736,0.0374,-0.1603,0.0901,0.0746,-0.2720,-0.2720,0.2169,-0.0253,-1.3169,1.9064,0.6385,6.7198,17.0310,-3.7876,-0.2346,0.1817,0.0563
27921994,0.0083,-0.0020,-0.0660,0.1252,0.0283,-0.1302,0.0416,0.0919,-0.2712,-0.2712,0.1685,0.1157,-1.3412,1.3298,1.2117,6.7123,17.0362,-3.7799,-0.2301,0.1643,0.0701
27926994,0.0079,-0.0014,-0.1310,0.1500,-0.0249,-0.0875,-0.0060,0.0906,-0.2708,-0.2708,0.0723,0.2300,-1.0944,0.6534,1.6867,6.7078,17.0409,-3.7731,-0.1889,0.1217,0.0771
27931995,0.0072,-0.0006,-0.1729,0.1625,-0.0841,-0.0537,-0.0450,0.0889,-0.2709,-0.2709,-0.0230,0.2876,-0.3809,0.4814,2.0964,6.7047,17.0430,-3.7608,-0.1478,0.0983,0.0880
27936994,0.0064,0.0001,-0.1943,0.1292,-0.0750,-0.0234,-0.0571,0.0718,-0.2715,-0.2715,-0.1081,0.2491,-0.0045,0.1813,1.7273,6.7047,17.0436,-3.7538,-0.1038,0.0554,0.0930
27941994,0.0054,0.0007,-0.1698,0.0904,-0.0322,-0.0164,-0.0491,0.0618,-0.2721,-0.2721,-0.1304,0.1711,0.1037,0.0220,1.0623,6.7051,17.0439,-3.7471,-0.0812,0.0127,0.0877
27946994,0.0045,0.0008,-0.1521,0.0153,0.0100,-0.0061,-0.0184,0.0257,-0.2732,-0.2732,-0.2175,0.1331,0.3796,-1.1051,0.4088,6.7065,17.0394,-3.7453,-0.0415,-0.0037,0.0671
27951994,0.0038,0.0006,-0.1112,-0.0541,-0.0191,-0.0149,0.0211,-0.0084,-0.2748,-0.2748,-0.3210,0.1987,1.1706,-2.7902,0.4581,6.7128,17.0288,-3.7423,-0.0209,-0.0185,0.0435
27956994,0.0034,0.0004,-0.0632,-0.0516,-0.0746,-0.0355,0.0308,-0.0039,-0.2759,-0.2759,-0.2113,0.0335,1.1337,-1.0622,0.0324,6.7176,17.0151,-3.7423,-0.0135,-0.0234,0.0239
27961994,0.0035,-0.0000,0.0486,-0.0605,0.0381,-0.0958,0.0803,0.0198,-0.2753,-0.2753,0.1081,-0.2097,-0.3993,1.2235,-0.6953,6.7174,17.0206,-3.7450,-0.0215,-0.0044,-0.0005
27966994,0.0039,-0.0005,0.1148,-0.0733,0.0869,-0.1396,0.1198,0.0299,-0.2736,-0.2736,0.3463,-0.2964,-1.5364,2.4753,-0.3925,6.7110,17.0307,-3.7469,-0.0521,0.0242,0.0133
27971994,0.0048,-0.0012,0.1671,-0.0819,0.0387,-0.1883,0.1574,0.0354,-0.2705,-0.2705,0.6122,-0.4040,-2.0190,5.0067,0.8723,6.6993,17.0564,-3.7442,-0.0764,0.0542,0.0172
27976994,0.0060,-0.0016,0.2034,-0.1063,0.1144,-0.2299,0.2018,0.0414,-0.2671,-0.2671,0.6933,-0.2959,-2.5296,4.1426,1.7127,6.6891,17.0880,-3.7365,-0.1184,0.0992,0.0295
27981994,0.0067,-0.0018,0.1658,-0.0480,-0.0328,-0.2298,0.1672,0.0588,-0.2644,-0.2644,0.5371,-0.1965,-2.0939,2.9937,1.0890,6.6755,17.1006,-3.7296,-0.1446,0.1589,0.0409
27986994,0.0074,-0.0019,0.1155,-0.0403,-0.1131,-0.2186,0.1543,0.0512,-0.2623,-0.2623,0.4080,-0.0854,-1.9314,1.6158,1.0378,6.6681,17.1105,-3.7251,-0.1879,0.1799,0.0486
27991994,0.0077,-0.0019,0.0370,0.0367,-0.0047,-0.1771,0.1039,0.0727,-0.2609,-0.2609,0.2941,0.0143,-1.5322,1.4735,1.1902,6.6579,17.1163,-3.7175,-0.2248,0.1711,0.0523
27996994,0.0077,-0.0017,-0.0299,0.0907,0.0213,-0.1374,0.0562,0.0836,-0.2600,-0.2600,0.1774,0.0915,-1.0873,1.2145,1.2290,6.6534,17.1214,-3.7125,-0.2044,0.1519,0.0688
28001994,0.0073,-0.0011,-0.1130,0.1545,-0.0316,-0.0860,-0.0147,0.0971,-0.2601,-0.2601,-0.0221,0.2603,-0.0798,0.2513,1.6161,6.6516,17.1239,-3.7033,-0.1827,0.1116,0.0781
28006994,0.0068,-0.0003,-0.1390,0.1527,-0.0869,-0.0641,-0.0416,0.0956,-0.2605,-0.2605,-0.0739,0.2727,0.0267,-0.0226,1.5245,6.6518,17.1237,-3.6970,-0.1336,0.0864,0.0955
28011994,0.0060,0.0004,-0.1567,0.1075,-0.0905,-0.0376,-0.0448,0.0719,-0.2609,-0.2609,-0.0954,0.2280,0.0535,-0.0402,1.5123,6.6519,17.1235,-3.6878,-0.1110,0.0406,0.0979
28016994,0.0053,0.0006,-0.1161,0.0418,-0.0297,-0.0433,-0.0116,0.0515,-0.2613,-0.2613,-0.0787,0.1596,0.1211,-0.2210,1.2951,6.6524,17.1227,-3.6826,-0.0693,0.0001,0.0913
28021994,0.0047,0.0006,-0.0925,-0.0024,-0.0062,-0.0424,0.0108,0.0309,-0.2621,-0.2621,-0.1461,0.1153,0.5029,-0.8511,0.6640,6.6554,17.1196,-3.6783,-0.0418,-0.0130,0.0642
28026994,0.0043,0.0005,-0.0629,-0.0370,-0.0475,-0.0526,0.0313,0.0158,-0.2626,-0.2626,-0.1087,0.0935,0.0372,-1.3109,0.3651,6.6555,17.1143,-3.6764,-0.0402,-0.0005,0.0406
28031994,0.0040,0.0002,-0.0232,-0.0681,-0.0575,-0.0700,0.0602,0.0031,-0.2626,-0.2626,-0.0063,-0.0513,-0.1986,-0.1177,0.0981,6.6548,17.1112,-3.6757,-0.0485,0.0151,0.0174
28036994,0.0041,-0.0002,0.0498,-0.0586,0.0347,-0.1093,0.0890,0.0243,-0.2616,-0.2616,0.2017,-0.2351,-0.5552,2.2700,0.0036,6.6524,17.1225,-3.6758,-0.0653,0.0191,0.0057
28041994,0.0044,-0.0005,0.0980,-0.0409,0.0765,-0.1416,0.1053,0.0452,-0.2597,-0.2597,0.3890,-0.3922,-1.0195,4.4758,-0.0341,6.6470,17.1399,-3.6762,-0.0697,0.0428,0.0193
28046994,0.0051,-0.0008,0.1576,-0.0712,0.1034,-0.1879,0.1483,0.0515,-0.2570,-0.2570,0.5430,-0.3096,-1.8978,3.9241,0.8647,6.6395,17.1696,-3.6733,-0.1073,0.1133,0.0202
28051994,0.0058,-0.0008,0.1378,-0.0406,-0.0398,-0.1965,0.1300,0.0619,-0.2544,-0.2544,0.5214,-0.0966,-2.1820,2.4485,1.7336,6.6260,17.1801,-3.6637,-0.1571,0.1218,0.0436
28056994,0.0064,-0.0009,0.0932,-0.0290,-0.0853,-0.1848,0.1161,0.0588,-0.2523,-0.2523,0.4049,-0.0122,-2.1477,1.2153,1.4327,6.6174,17.1843,-3.6578,-0.1963,0.1466,0.0618
28061994,0.0067,-0.0008,0.0128,0.0165,0.0191,-0.1422,0.0783,0.0661,-0.2509,-0.2509,0.2871,0.0344,-1.9459,0.9927,1.2238,6.6045,17.1903,-3.6501,-0.1921,0.1213,0.0605
28066994,0.0064,-0.0006,-0.0522,0.0849,0.0491,-0.0983,0.0220,0.0820,-0.2503,-0.2503,0.1188,0.1453,-1.1209,0.3948,1.1724,6.6004,17.1940,-3.6455,-0.1774,0.1177,0.0664
28071994,0.0060,-0.0002,-0.1255,0.1042,0.0011,-0.0511,-0.0212,0.0724,-0.2507,-0.2507,-0.0864,0.1853,-0.0053,-0.0925,0.9536,6.5999,17.1935,-3.6393,-0.1556,0.0777,0.0827
28076994,0.0054,0.0003,-0.1017,0.0880,-0.0511,-0.0540,-0.0244,0.0725,-0.2511,-0.2511,-0.0742,0.1990,0.0091,-0.3992,1.0297,6.6000,17.1915,-3.6357,-0.1065,0.0329,0.0778
28081994,0.0048,0.0006,-0.0971,0.0379,-0.0255,-0.0430,-0.0089,0.0490,-0.2517,-0.2517,-0.1178,0.1630,0.1325,-0.9019,0.7065,6.6006,17.1878,-3.6306,-0.0628,0.0120,0.0755
28086995,0.0045,0.0005,-0.0217,-0.0067,0.0542,-0.0760,0.0342,0.0481,-0.2521,-0.2521,-0.0749,0.1571,0.1164,-1.5285,0.5767,6.6012,17.1819,-3.6279,-0.0400,-0.0089,0.0603
28091994,0.0043,0.0002,-0.0119,-0.0336,0.0390,-0.0785,0.0537,0.0293,-0.2524,-0.2524,-0.0551,0.1212,-0.2859,-1.7602,0.2276,6.6003,17.1706,-3.6258,-0.0483,0.0042,0.0502
28096994,0.0048,-0.0002,0.0516,-0.0385,-0.0023,-0.1256,0.0838,0.0416,-0.2513,-0.2513,0.2017,-0.0581,-1.3290,0.4684,0.2156,6.5946,17.1694,-3.6250,-0.0722,0.0172,0.0354
28101994,0.0049,-0.0005,0.0568,-0.0528,0.0396,-0.1297,0.1016,0.0328,-0.2498,-0.2498,0.3032,-0.2689,-1.2097,2.9211,0.1467,6.5866,17.1810,-3.6243,-0.0804,0.0365,0.0404
28106994,0.0055,-0.0011,0.1206,-0.0684,0.1153,-0.1752,0.1472,0.0413,-0.2473,-0.2473,0.5150,-0.4361,-1.5856,5.1669,0.4479,6.5805,17.2135,-3.6228,-0.1199,0.0871,0.0348
28111994,0.0062,-0.0017,0.1475,-0.0932,0.0738,-0.2036,0.1815,0.0307,-0.2448,-0.2448,0.4812,-0.3284,-2.1675,3.0596,0.0375,6.5673,17.2250,-3.6221,-0.1425,0.1156,0.0408
28116994,0.0069,-0.0020,0.1194,-0.0257,-0.0411,-0.2077,0.1496,0.0534,-0.2428,-0.2428,0.4028,-0.1017,-2.2894,1.3555,0.3766,6.5582,17.2303,-3.6205,-0.1856,0.1607,0.0295
28121994,0.0076,-0.0022,0.1054,0.0104,0.0029,-0.2126,0.1401,0.0728,-0.2406,-0.2406,0.4546,-0.0873,-2.6856,1.8314,0.5742,6.5422,17.2400,-3.6174,-0.2046,0.1576,0.0444
28126994,0.0077,-0.0018,-0.0278,0.0996,0.0301,-0.1394,0.0558,0.0871,-0.2391,-0.2391,0.2868,0.1051,-2.2268,1.2412,1.3128,6.5331,17.2489,-3.6124,-0.2155,0.1497,0.0574
28131994,0.0074,-0.0013,-0.0971,0.1393,0.0246,-0.0959,0.0044,0.0944,-0.2381,-0.2381,0.1985,0.2441,-1.9608,0.6563,2.0068,6.5211,17.2515,-3.6004,-0.2115,0.1401,0.0833
28136994,0.0068,-0.0006,-0.1585,0.1655,-0.0114,-0.0511,-0.0441,0.0939,-0.2377,-0.2377,0.0815,0.3181,-1.6962,-0.0051,1.9573,6.5140,17.2518,-3.5943,-0.1724,0.0945,0.0934
28141994,0.0058,0.0003,-0.2046,0.1643,-0.0267,-0.0046,-0.0840,0.0855,-0.2383,-0.2383,-0.1152,0.2764,-0.3372,-0.0629,1.3804,6.5107,17.2515,-3.5837,-0.1334,0.0700,0.0982
28146994,0.0048,0.0009,-0.1790,0.0983,-0.0346,0.0000,-0.0659,0.0618,-0.2390,-0.2390,-0.1321,0.2037,0.0303,-0.1266,1.2304,6.5110,17.2510,-3.5787,-0.0864,0.0259,0.0900
28151994,0.0040,0.0012,-0.1524,0.0360,-0.0154,0.0028,-0.0415,0.0369,-0.2397,-0.2397,-0.1425,0.1483,0.0343,-0.5771,0.8666,6.5111,17.2485,-3.5735,-0.0630,-0.0121,0.0702
28156994,0.0034,0.0012,-0.1011,-0.0299,-0.0166,-0.0124,-0.0017,0.0122,-0.2407,-0.2407,-0.2094,0.1971,0.3101,-2.3540,0.5632,6.5121,17.2377,-3.5714,-0.0222,-0.0267,0.0536
28161994,0.0029,0.0010,-0.0779,-0.0486,-0.0594,-0.0156,0.0098,-0.0011,-0.2422,-0.2422,-0.2963,0.2140,0.9094,-3.2088,0.1653,6.5176,17.2239,-3.5701,-0.0081,-0.0245,0.0197
28166994,0.0026,0.0007,-0.0266,-0.0122,-0.0010,-0.0376,0.0123,0.0251,-0.2423,-0.2423,-0.0207,-0.0381,0.1698,0.4008,0.0687,6.5188,17.2240,-3.5699,-0.0095,-0.0108,0.0071
28171994,0.0027,0.0005,0.0467,-0.0611,0.0747,-0.0783,0.0650,0.0219,-0.2413,-0.2413,0.1964,-0.2228,-0.8000,1.9050,-0.1727,6.5139,17.2318,-3.5711,-0.0239,-0.0068,0.0049
28176994,0.0031,0.0002,0.0983,-0.0593,-0.0215,-0.1176,0.0836,0.0315,-0.2395,-0.2395,0.3641,-0.1762,-1.6210,2.0894,0.5876,6.5072,17.2402,-3.5691,-0.0530,0.0150,0.0141
28181994,0.0038,-0.0003,0.1839,-0.0831,0.0072,-0.1797,0.1356,0.0450,-0.2364,-0.2364,0.6215,-0.2457,-2.2933,3.6237,1.5368,6.4936,17.2586,-3.5614,-0.0760,0.0447,0.0256
28186994,0.0049,-0.0007,0.1851,-0.0504,0.1092,-0.1991,0.1433,0.0685,-0.2331,-0.2331,0.6653,-0.2812,-2.6611,4.1684,1.2056,6.4830,17.2877,-3.5530,-0.1208,0.0658,0.0365
28191994,0.0060,-0.0012,0.1683,-0.0919,0.0173,-0.2149,0.1739,0.0429,-0.2298,-0.2298,0.6554,-0.3096,-3.0375,3.7842,0.9894,6.4653,17.3022,-3.5490,-0.1428,0.1288,0.0582
28196994,0.0068,-0.0017,0.1148,-0.0837,-0.0811,-0.2050,0.1678,0.0279,-0.2269,-0.2269,0.5708,-0.1333,-3.2559,2.1404,1.5036,6.4523,17.3163,-3.5401,-0.1859,0.1706,0.0489
28201994,0.0069,-0.0020,-0.0125,-0.0095,-0.0774,-0.1365,0.1029,0.0247,-0.2249,-0.2249,0.4000,-0.0984,-2.9568,2.2088,1.0658,6.4336,17.3250,-3.5356,-0.2093,0.1769,0.0409
28206994,0.0067,-0.0018,-0.0699,0.0706,-0.0227,-0.0982,0.0466,0.0490,-0.2238,-0.2238,0.2321,-0.0732,-2.1712,2.1168,0.2685,6.4250,17.3337,-3.5337,-0.1933,0.1627,0.0290
28211994,0.0064,-0.0011,-0.1161,0.1567,-0.0056,-0.0640,-0.0232,0.0866,-0.2238,-0.2238,-0.0008,0.1430,-0.6837,0.6876,0.5130,6.4196,17.3403,-3.5318,-0.1707,0.1298,0.0380
28216994,0.0063,-0.0002,-0.0525,0.1946,-0.1382,-0.1036,-0.0456,0.1332,-0.2234,-0.2234,0.0688,0.3300,-0.4535,0.0254,1.7700,6.4176,17.3400,-3.5229,-0.1229,0.1044,0.0452
28221994,0.0062,0.0006,-0.0712,0.1961,-0.4253,-0.1016,-0.0787,0.1310,-0.2232,-0.2232,0.0384,0.3972,-0.0161,-0.0928,2.4985,6.4179,17.3397,-3.5130,-0.1047,0.0556,0.0859
28226994,0.0062,0.0013,-0.0458,0.1439,-0.4699,-0.1169,-0.0618,0.1242,-0.2229,-0.2229,0.0647,0.3979,-0.0003,-0.4076,2.8653,6.4179,17.3376,-3.4956,-0.1006,0.0126,0.1298
28231994,0.0058,0.0020,-0.0629,0.1121,-0.3917,-0.0979,-0.0634,0.1160,-0.2229,-0.2229,0.0084,0.3622,-0.0447,-0.8615,2.3579,6.4179,17.3342,-3.4859,-0.1153,-0.0049,0.1315
28236995,0.0057,0.0022,-0.0330,0.0110,-0.3611,-0.1087,-0.0111,0.0779,-0.2232,-0.2232,-0.0631,0.2834,-0.0002,-2.0858,1.4154,6.4178,17.3264,-3.4769,-0.0975,-0.0355,0.1236
28241994,0.0054,0.0021,-0.0428,-0.0467,-0.3776,-0.0985,0.0121,0.0426,-0.2239,-0.2239,-0.1412,0.3109,0.0376,-3.3538,1.2398,6.4179,17.3034,-3.4721,-0.1056,-0.0647,0.1011
28246994,0.0057,0.0016,0.0293,-0.1164,-0.3010,-0.1427,0.0826,0.0252,-0.2234,-0.2234,0.1010,-0.1569,-0.1105,0.9453,0.4277,6.4173,17.3067,-3.4678,-0.0971,-0.0528,0.0818
28251994,0.0059,0.0009,0.0247,-0.1500,-0.2469,-0.1427,0.1133,0.0008,-0.2225,-0.2225,0.1825,-0.3264,-0.7204,2.1693,-0.0965,6.4142,17.3160,-3.4685,-0.0986,-0.0022,0.0388
28256994,0.0061,0.0002,0.0156,-0.1704,-0.3056,-0.1438,0.1336,-0.0253,-0.2210,-0.2210,0.2967,-0.5176,-1.4048,3.9553,-0.5042,6.4093,17.3364,-3.4707,-0.1330,0.0398,0.0082
28261994,0.0065,-0.0011,0.0736,-0.2178,-0.1965,-0.1799,0.2050,-0.0479,-0.2185,-0.2185,0.5024,-0.7600,-2.2478,6.0102,-0.9546,6.3957,17.3607,-3.4745,-0.1389,0.0525,0.0000
28266994,0.0070,-0.0022,0.1035,-0.1500,-0.1199,-0.2041,0.2066,-0.0164,-0.2166,-0.2166,0.3681,-0.6545,-2.2942,3.8959,-2.5941,6.3865,17.3762,-3.4877,-0.1654,0.1272,-0.0261
28271994,0.0074,-0.0028,0.0467,-0.0699,-0.2924,-0.1865,0.1595,-0.0068,-0.2153,-0.2153,0.2687,-0.5037,-3.0278,2.2350,-3.3547,6.3698,17.3919,-3.5021,-0.1841,0.1766,-0.0365
28276994,0.0074,-0.0029,-0.0397,0.0031,-0.2377,-0.1377,0.1044,0.0058,-0.2139,-0.2139,0.2883,-0.2396,-3.4337,1.7798,-1.3488,6.3558,17.4029,-3.5113,-0.1876,0.1865,-0.0218
28281994,0.0068,-0.0025,-0.1359,0.1151,-0.1312,-0.0685,0.0161,0.0371,-0.2132,-0.2132,0.1363,0.0287,-2.6218,0.9662,-0.1502,6.3392,17.4070,-3.5121,-0.1872,0.1609,-0.0100
28286994,0.0060,-0.0020,-0.1830,0.1591,-0.1473,-0.0269,-0.0369,0.0468,-0.2130,-0.2130,0.0401,0.2384,-2.1021,-0.1277,0.8889,6.3308,17.4067,-3.5073,-0.1473,0.1166,0.0174
28291994,0.0050,-0.0011,-0.1787,0.1677,-0.1999,-0.0105,-0.0679,0.0552,-0.2128,-0.2128,0.0338,0.3449,-1.4563,-0.2296,2.0500,6.3213,17.4057,-3.4997,-0.1033,0.0914,0.0287
28296994,0.0041,-0.0001,-0.1747,0.1851,-0.2390,0.0042,-0.1040,0.0720,-0.2130,-0.2130,-0.0316,0.3404,-1.1030,-0.5081,1.4886,6.3168,17.4039,-3.4883,-0.0608,0.0479,0.0594
28301994,0.0032,0.0006,-0.1613,0.1042,-0.2994,0.0127,-0.0838,0.0364,-0.2137,-0.2137,-0.1475,0.2351,-0.3417,-1.0293,0.6531,6.3140,17.3980,-3.4859,-0.0412,0.0045,0.0778
28306994,0.0029,0.0009,-0.1042,0.0412,-0.3340,-0.0123,-0.0487,0.0223,-0.2145,-0.2145,-0.1601,0.2212,0.1655,-1.6136,0.6996,6.3146,17.3896,-3.4822,0.0012,-0.0140,0.0695
28311994,0.0023,0.0008,-0.0828,0.0009,-0.3511,-0.0123,-0.0293,0.0009,-0.2160,-0.2160,-0.3055,0.2903,1.0227,-3.3162,0.4034,6.3200,17.3768,-3.4801,0.0058,-0.0333,0.0299
28316994,0.0021,0.0007,-0.0156,-0.0153,-0.3648,-0.0462,-0.0038,0.0076,-0.2165,-0.2165,-0.0937,0.1276,0.0551,-1.7327,0.1027,6.3203,17.3587,-3.4796,-0.0082,-0.0557,0.0048
28321994,0.0021,0.0004,0.0501,-0.0516,-0.2371,-0.0801,0.0448,0.0078,-0.2157,-0.2157,0.1546,-0.0923,-1.0062,0.4194,-0.1040,6.3158,17.3606,-3.4799,-0.0209,-0.0508,0.0079
28326994,0.0026,-0.0002,0.1060,-0.1210,-0.2231,-0.1197,0.1079,-0.0141,-0.2139,-0.2139,0.3757,-0.2200,-2.1338,1.5070,0.2330,6.3076,17.3669,-3.4791,-0.0587,-0.0077,0.0069
28331994,0.0036,-0.0007,0.1866,-0.1313,-0.2930,-0.1888,0.1533,0.0016,-0.2111,-0.2111,0.5529,-0.2939,-2.7415,2.3822,0.2913,6.2906,17.3795,-3.4780,-0.0858,0.0331,-0.0089
28336994,0.0045,-0.0014,0.1991,-0.1243,-0.1764,-0.2084,0.1806,0.0073,-0.2077,-0.2077,0.6784,-0.6537,-2.6832,6.0556,-0.7467,6.2800,17.4109,-3.4812,-0.1319,0.0445,-0.0039
28341994,0.0058,-0.0020,0.2251,-0.1252,-0.0863,-0.2300,0.2141,0.0213,-0.2045,-0.2045,0.6321,-0.4908,-2.8477,4.0340,-0.6657,6.2633,17.4289,-3.4843,-0.1518,0.1237,0.0067
28346994,0.0066,-0.0024,0.1155,-0.0693,-0.2628,-0.2075,0.1637,0.0133,-0.2023,-0.2023,0.4560,-0.1598,-3.0893,1.2848,0.1171,6.2508,17.4405,-3.4842,-0.1922,0.1759,0.0146
28351994,0.0069,-0.0024,0.0296,0.0345,-0.2842,-0.1685,0.0923,0.0433,-0.2002,-0.2002,0.4109,0.0302,-3.4102,0.8643,0.8044,6.2309,17.4435,-3.4809,-0.2079,0.1827,0.0107
28356994,0.0070,-0.0024,0.0189,0.0498,-0.1794,-0.1598,0.0871,0.0519,-0.1985,-0.1985,0.3330,0.0032,-3.0424,0.7554,0.1500,6.2186,17.4464,-3.4801,-0.1909,0.1591,0.0265
28361994,0.0070,-0.0019,-0.0186,0.1579,-0.1968,-0.1381,0.0140,0.1012,-0.1975,-0.1975,0.2157,0.2224,-2.1623,0.0337,0.8593,6.2045,17.4484,-3.4770,-0.1704,0.1194,0.0458
28366994,0.0070,-0.0010,0.0260,0.1570,-0.2903,-0.1677,0.0082,0.1259,-0.1962,-0.1962,0.2558,0.2575,-2.0508,-0.1365,1.1529,6.1965,17.4474,-3.4699,-0.1456,0.0944,0.0535
28371994,0.0073,-0.0003,0.0150,0.1286,-0.4552,-0.1731,0.0026,0.1178,-0.1949,-0.1949,0.2546,0.2649,-2.1422,-0.3490,1.4004,6.1841,17.4462,-3.4645,-0.1415,0.0513,0.0946
28376994,0.0077,0.0003,0.0412,0.1008,-0.4815,-0.1967,0.0159,0.1250,-0.1931,-0.1931,0.3537,0.3206,-2.8499,-0.7808,2.0401,6.1728,17.4421,-3.4527,-0.1669,0.0093,0.1162
28381994,0.0078,0.0006,-0.0202,0.0761,-0.4137,-0.1630,0.0093,0.1057,-0.1915,-0.1915,0.3261,0.2679,-3.4473,-0.8205,1.6374,6.1525,17.4384,-3.4459,-0.1851,0.0057,0.1261
28386994,0.0078,0.0008,-0.0202,0.0168,-0.3410,-0.1604,0.0378,0.0831,-0.1896,-0.1896,0.3908,0.0583,-4.1386,0.1766,0.7000,6.1359,17.4387,-3.4404,-0.1726,0.0022,0.1197
28391994,0.0074,0.0008,-0.0678,-0.0195,-0.3343,-0.1250,0.0383,0.0479,-0.1882,-0.1882,0.2692,-0.0391,-3.5432,0.3408,0.0803,6.1130,17.4414,-3.4402,-0.1641,0.0216,0.0926
28396994,0.0072,0.0007,-0.0504,-0.0571,-0.3526,-0.1310,0.0613,0.0288,-0.1869,-0.1869,0.2655,-0.1419,-3.0024,1.0634,-0.0323,6.1012,17.4471,-3.4406,-0.1501,0.0330,0.0805
28401994,0.0066,0.0004,-0.0806,-0.0699,-0.3804,-0.1040,0.0575,0.0025,-0.1864,-0.1864,0.0914,-0.1430,-1.7706,0.6165,-0.3265,6.0891,17.4498,-3.4418,-0.1369,0.0484,0.0424
28406994,0.0063,-0.0003,-0.0657,-0.0770,-0.3578,-0.1049,0.0742,-0.0108,-0.1863,-0.1863,0.0279,-0.2154,-1.3073,0.6262,-1.1581,6.0840,17.4537,-3.4482,-0.1274,0.0592,0.0119
28411994,0.0059,-0.0008,-0.0867,-0.0415,-0.3049,-0.0817,0.0569,-0.0106,-0.1866,-0.1866,-0.0682,-0.1764,-0.6777,0.3980,-1.3404,6.0792,17.4554,-3.4534,-0.1087,0.0631,-0.0001
28416994,0.0057,-0.0010,-0.0748,-0.0128,-0.3330,-0.0856,0.0481,-0.0011,-0.1869,-0.1869,-0.0611,-0.1889,-0.7230,0.5626,-1.7051,6.0762,17.4575,-3.4630,-0.0840,0.0664,-0.0077
28421994,0.0053,-0.0012,-0.0709,0.0214,-0.3859,-0.0813,0.0287,0.0078,-0.1874,-0.1874,-0.0972,-0.1060,-0.6544,-0.1267,-1.7704,6.0719,17.4578,-3.4705,-0.0850,0.0516,-0.0082
28426994,0.0050,-0.0010,-0.0293,0.0376,-0.3676,-0.0977,0.0277,0.0274,-0.1871,-0.1871,0.0537,0.0583,-0.9569,-0.1658,0.0992,6.0678,17.4567,-3.4719,-0.0792,0.0463,-0.0092
28431994,0.0048,-0.0009,0.0037,0.0657,-0.2985,-0.1107,0.0211,0.0550,-0.1865,-0.1865,0.1274,0.1544,-1.2389,-0.4308,0.7089,6.0606,17.4549,-3.4690,-0.0817,0.0290,0.0122
28436994,0.0049,-0.0006,0.0553,0.0626,-0.2826,-0.1413,0.0347,0.0738,-0.1851,-0.1851,0.2799,0.2401,-1.6360,-0.2763,2.0057,6.0540,17.4533,-3.4593,-0.1036,0.0203,0.0339
28441994,0.0052,-0.0002,0.0757,0.0727,-0.2833,-0.1576,0.0310,0.0938,-0.1835,-0.1835,0.3222,0.2288,-1.9780,-0.2370,1.7698,6.0425,17.4521,-3.4510,-0.1242,0.0238,0.0629
28446994,0.0058,-0.0002,0.0788,0.0137,-0.3700,-0.1751,0.0630,0.0692,-0.1819,-0.1819,0.3147,0.0618,-2.2956,0.0244,0.6379,6.0334,17.4523,-3.4461,-0.1538,0.0301,0.0970
28451994,0.0063,-0.0001,0.0699,0.0012,-0.3288,-0.1778,0.0707,0.0689,-0.1804,-0.1804,0.3041,0.0256,-2.5729,-0.1195,0.1880,6.0180,17.4516,-3.4455,-0.1643,0.0444,0.0817
28456994,0.0066,-0.0001,0.0333,-0.0208,-0.2570,-0.1619,0.0786,0.0536,-0.1790,-0.1790,0.2762,-0.0460,-2.5807,0.2889,-0.0414,6.0076,17.4532,-3.4459,-0.1775,0.0621,0.0710
28461994,0.0069,-0.0002,0.0226,-0.0269,-0.2640,-0.1624,0.0830,0.0488,-0.1779,-0.1779,0.2211,-0.0366,-2.2501,0.0259,-0.1052,5.9934,17.4535,-3.4462,-0.1755,0.0798,0.0594
28466994,0.0071,-0.0004,-0.0040,-0.0299,-0.2878,-0.1526,0.0816,0.0376,-0.1772,-0.1772,0.1411,-0.0741,-1.8817,0.0215,-0.5539,5.9857,17.4535,-3.4498,-0.1655,0.0838,0.0515
28471994,0.0072,-0.0008,0.0140,-0.0238,-0.2900,-0.1648,0.0915,0.0397,-0.1765,-0.1765,0.1372,-0.0770,-1.7189,-0.0033,-0.6941,5.9752,17.4535,-3.4525,-0.1551,0.0822,0.0439
28476994,0.0074,-0.0008,-0.0055,0.0064,-0.2628,-0.1569,0.0749,0.0516,-0.1760,-0.1760,0.1089,-0.0499,-1.6639,-0.0249,-0.7566,5.9687,17.4534,-3.4566,-0.1645,0.0890,0.0396
28481994,0.0077,-0.0010,0.0153,0.0113,-0.2451,-0.1733,0.0839,0.0610,-0.1751,-0.1751,0.1709,-0.0066,-1.8684,-0.0181,-0.2549,5.9576,17.4534,-3.4576,-0.1574,0.0784,0.0472
28486994,0.0079,-0.0010,-0.0159,0.0168,-0.2750,-0.1602,0.0733,0.0550,-0.1744,-0.1744,0.1417,0.0186,-1.7388,0.0061,0.0243,5.9505,17.4532,-3.4574,-0.1699,0.0765,0.0530
28491994,0.0080,-0.0011,-0.0064,0.0137,-0.3166,-0.1707,0.0794,0.0546,-0.1735,-0.1735,0.1918,0.0088,-2.1609,0.0802,0.0098,5.9376,17.4536,-3.4574,-0.1681,0.0795,0.0554
28496994,0.0080,-0.0010,-0.0507,0.0192,-0.2970,-0.1449,0.0638,0.0467,-0.1728,-0.1728,0.1414,0.0064,-2.0700,0.1540,-0.0175,5.9294,17.4541,-3.4575,-0.1675,0.0779,0.0540
28501994,0.0078,-0.0012,-0.0440,0.0119,-0.2845,-0.1435,0.0709,0.0396,-0.1719,-0.1719,0.1639,-0.0056,-2.1976,0.2316,0.0003,5.9161,17.4552,-3.4575,-0.1545,0.0654,0.0494
28506994,0.0076,-0.0011,-0.0712,0.0241,-0.2848,-0.1254,0.0538,0.0386,-0.1715,-0.1715,0.0826,0.0146,-1.7960,-0.0209,-0.1489,5.9089,17.4550,-3.4580,-0.1451,0.0694,0.0414
28511994,0.0075,-0.0010,-0.0458,0.0040,-0.3010,-0.1377,0.0666,0.0362,-0.1711,-0.1711,0.0859,-0.0331,-1.4912,0.2159,-0.2651,5.8999,17.4563,-3.4592,-0.1357,0.0566,0.0388
28516994,0.0072,-0.0008,-0.0589,0.0046,-0.3059,-0.1250,0.0570,0.0326,-0.1707,-0.1707,0.0687,-0.0096,-1.4498,0.0644,-0.1218,5.8941,17.4564,-3.4600,-0.1363,0.0561,0.0363
28521994,0.0070,-0.0010,-0.0211,-0.0003,-0.2848,-0.1409,0.0721,0.0358,-0.1701,-0.1701,0.1399,-0.0243,-1.6924,0.2556,-0.0571,5.8838,17.4575,-3.4604,-0.1322,0.0618,0.0322
28526994,0.0070,-0.0010,-0.0376,0.0073,-0.2799,-0.1320,0.0634,0.0361,-0.1695,-0.1695,0.1066,-0.0045,-1.5986,0.0842,-0.0727,5.8774,17.4578,-3.4608,-0.1335,0.0670,0.0352
28531994,0.0072,-0.0009,-0.0006,-0.0031,-0.2799,-0.1562,0.0797,0.0440,-0.1686,-0.1686,0.1826,-0.0228,-1.9323,0.2364,-0.0220,5.8659,17.4590,-3.4608,-0.1314,0.0640,0.0359
28536994,0.0073,-0.0009,-0.0333,0.0015,-0.2936,-0.1391,0.0672,0.0379,-0.1679,-0.1679,0.1327,0.0006,-1.8498,0.0065,-0.0106,5.8586,17.4590,-3.4608,-0.1515,0.0719,0.0436
28541994,0.0074,-0.0010,-0.0147,-0.0137,-0.2796,-0.1522,0.0841,0.0357,-0.1669,-0.1669,0.2017,-0.0310,-2.3163,0.2057,-0.0221,5.8449,17.4603,-3.4608,-0.1451,0.0698,0.0383
28546994,0.0072,-0.0009,-0.0510,-0.0116,-0.2720,-0.1279,0.0702,0.0262,-0.1663,-0.1663,0.1196,-0.0325,-1.9874,0.0493,-0.2253,5.8368,17.4602,-3.4618,-0.1520,0.0700,0.0381
28551994,0.0069,-0.0010,-0.0287,-0.0147,-0.2518,-0.1334,0.0769,0.0273,-0.1657,-0.1657,0.1260,-0.0608,-1.9159,0.1059,-0.4933,5.8251,17.4607,-3.4639,-0.1503,0.0801,0.0295
28556994,0.0066,-0.0010,-0.0489,-0.0113,-0.2616,-0.1156,0.0653,0.0200,-0.1654,-0.1654,0.0544,-0.0648,-1.5008,-0.0050,-0.6993,5.8192,17.4605,-3.4677,-0.1346,0.0760,0.0285
28561994,0.0063,-0.0010,-0.0202,-0.0052,-0.2521,-0.1257,0.0689,0.0276,-0.1650,-0.1650,0.0869,-0.0457,-1.4802,-0.0263,-0.5520,5.8104,17.4604,-3.4700,-0.1190,0.0658,0.0238
28566994,0.0061,-0.0010,-0.0324,-0.0165,-0.2533,-0.1136,0.0682,0.0161,-0.1647,-0.1647,0.0540,-0.0546,-1.2592,-0.0514,-0.5453,5.8055,17.4602,-3.4738,-0.1255,0.0676,0.0263
28571994,0.0063,-0.0012,0.0073,0.0027,-0.2600,-0.1402,0.0752,0.0349,-0.1641,-0.1641,0.1203,-0.0306,-1.4807,-0.0065,-0.4406,5.7966,17.4603,-3.4757,-0.1168,0.0679,0.0160
28576994,0.0064,-0.0013,-0.0119,0.0040,-0.2784,-0.1336,0.0716,0.0297,-0.1637,-0.1637,0.0770,-0.0440,-1.3052,-0.0043,-0.6267,5.7915,17.4603,-3.4789,-0.1288,0.0702,0.0208
28581994,0.0067,-0.0012,0.0177,0.0153,-0.2762,-0.1562,0.0760,0.0483,-0.1629,-0.1629,0.1774,0.0092,-1.8143,0.0045,-0.0787,5.7809,17.4603,-3.4792,-0.1342,0.0735,0.0274
28586994,0.0069,-0.0012,-0.0205,0.0055,-0.2717,-0.1372,0.0708,0.0349,-0.1622,-0.1622,0.1363,-0.0023,-1.7695,0.0273,-0.0776,5.7736,17.4603,-3.4795,-0.1419,0.0748,0.0455
28591994,0.0070,-0.0014,-0.0006,0.0064,-0.2634,-0.1511,0.0811,0.0395,-0.1613,-0.1613,0.1737,0.0054,-1.9491,0.0003,-0.0185,5.7619,17.4603,-3.4794,-0.1413,0.0705,0.0430
28596994,0.0069,-0.0014,-0.0531,-0.0098,-0.2683,-0.1206,0.0734,0.0161,-0.1609,-0.1609,0.0749,-0.0271,-1.5278,0.0106,-0.2165,5.7558,17.4603,-3.4805,-0.1527,0.0776,0.0405
28601994,0.0068,-0.0013,-0.0199,-0.0095,-0.2717,-0.1363,0.0797,0.0251,-0.1604,-0.1604,0.1067,-0.0281,-1.4879,0.0419,-0.2018,5.7467,17.4606,-3.4812,-0.1436,0.0740,0.0226
28606994,0.0065,-0.0013,-0.0660,-0.0257,-0.2668,-0.1044,0.0719,0.0016,-0.1605,-0.1605,-0.0132,-0.0841,-0.9466,0.0183,-0.7378,5.7429,17.4605,-3.4854,-0.1388,0.0762,0.0239
28611994,0.0065,-0.0014,-0.0238,-0.0257,-0.2646,-0.1285,0.0848,0.0130,-0.1602,-0.1602,0.0487,-0.0666,-1.0699,0.0026,-0.5282,5.7369,17.4606,-3.4876,-0.1343,0.0763,0.0116
28616994,0.0061,-0.0015,-0.0593,-0.0305,-0.2686,-0.1003,0.0747,-0.0056,-0.1604,-0.1604,-0.0393,-0.1024,-0.6549,0.0300,-0.8974,5.7342,17.4607,-3.4921,-0.1155,0.0809,0.0125
28621994,0.0064,-0.0017,0.0076,-0.0202,-0.2775,-0.1427,0.0951,0.0154,-0.1599,-0.1599,0.1035,-0.0644,-1.2421,0.1109,-0.4622,5.7275,17.4611,-3.4938,-0.1109,0.0757,0.0046
28626994,0.0061,-0.0018,-0.0315,-0.0208,-0.2658,-0.1145,0.0832,0.0005,-0.1598,-0.1598,0.0155,-0.0813,-0.9384,-0.0255,-0.8075,5.7236,17.4608,-3.4983,-0.1229,0.0822,0.0084
28631994,0.0064,-0.0018,0.0333,-0.0159,-0.2500,-0.1568,0.1029,0.0249,-0.1590,-0.1590,0.1618,-0.0365,-1.4461,0.1185,-0.1510,5.7157,17.4616,-3.4992,-0.1237,0.0849,-0.0009
28636994,0.0062,-0.0019,-0.0177,-0.0186,-0.2405,-0.1235,0.0892,0.0064,-0.1586,-0.1586,0.0794,-0.0545,-1.2677,0.0457,-0.4195,5.7105,17.4615,-3.5011,-0.1311,0.0864,0.0057
28641994,0.0065,-0.0019,0.0299,-0.0140,-0.2374,-0.1565,0.1036,0.0254,-0.1577,-0.1577,0.1861,-0.0259,-1.6337,0.1827,0.0262,5.7012,17.4624,-3.5013,-0.1442,0.0990,0.0112
28646994,0.0063,-0.0019,-0.0266,-0.0226,-0.2457,-0.1206,0.0900,0.0022,-0.1573,-0.1573,0.0720,-0.0642,-1.3134,0.0533,-0.4866,5.6959,17.4624,-3.5037,-0.1348,0.0986,0.0256
28651994,0.0066,-0.0020,0.0226,-0.0199,-0.2289,-0.1540,0.1080,0.0194,-0.1565,-0.1565,0.1709,-0.0436,-1.6758,0.1293,-0.1810,5.6865,17.4631,-3.5044,-0.1403,0.0918,0.0184
28656994,0.0063,-0.0020,-0.0571,-0.0195,-0.2307,-0.1043,0.0825,-0.0049,-0.1564,-0.1564,0.0141,-0.0792,-1.1429,0.0351,-0.7371,5.6818,17.4630,-3.5083,-0.1464,0.0980,0.0180
28661994,0.0065,-0.0021,-0.0046,-0.0217,-0.2280,-0.1376,0.1032,0.0080,-0.1558,-0.1558,0.1198,-0.0752,-1.4577,0.2728,-0.4201,5.6736,17.4645,-3.5100,-0.1443,0.0939,-0.0005
28666994,0.0063,-0.0022,-0.0843,-0.0177,-0.2475,-0.0891,0.0764,-0.0160,-0.1560,-0.1560,-0.0355,-0.0936,-1.0031,0.0290,-0.9515,5.6693,17.4645,-3.5146,-0.1370,0.0854,0.0013
28671994,0.0064,-0.0023,-0.0263,-0.0119,-0.2390,-0.1227,0.0943,0.0007,-0.1557,-0.1557,0.0602,-0.0892,-1.1792,0.2816,-0.7163,5.6622,17.4656,-3.5175,-0.1351,0.0986,-0.0043
28676994,0.0057,-0.0025,-0.0974,0.0024,-0.2506,-0.0706,0.0630,-0.0215,-0.1561,-0.1561,-0.0833,-0.0891,-0.7422,0.0045,-1.1770,5.6589,17.4654,-3.5238,-0.1143,0.0863,0.0003
28681994,0.0058,-0.0025,-0.0208,0.0110,-0.2518,-0.1157,0.0819,0.0046,-0.1558,-0.1558,0.0600,-0.0592,-1.2411,0.1095,-0.7970,5.6521,17.4660,-3.5270,-0.1061,0.0790,-0.0068
28686994,0.0053,-0.0025,-0.0748,0.0180,-0.2729,-0.0754,0.0573,-0.0135,-0.1561,-0.1561,-0.0633,-0.0669,-0.8537,-0.1783,-1.2756,5.6489,17.4653,-3.5334,-0.1106,0.0715,-0.0059
28691994,0.0055,-0.0026,0.0024,0.0171,-0.2881,-0.1226,0.0825,0.0067,-0.1557,-0.1557,0.0768,-0.0489,-1.1573,0.0954,-0.7572,5.6423,17.4655,-3.5368,-0.1051,0.0674,-0.0150
28696994,0.0050,-0.0025,-0.0550,0.0272,-0.2802,-0.0817,0.0553,-0.0062,-0.1559,-0.1559,-0.0255,-0.0292,-0.7470,-0.0553,-0.7841,5.6388,17.4648,-3.5409,-0.0980,0.0590,-0.0096
28701994,0.0053,-0.0024,0.0153,0.0214,-0.2701,-0.1265,0.0796,0.0156,-0.1552,-0.1552,0.1363,-0.0051,-1.3429,0.1749,-0.1687,5.6314,17.4656,-3.5419,-0.1102,0.0781,-0.0096
28706994,0.0049,-0.0024,-0.0458,0.0214,-0.2695,-0.0846,0.0575,-0.0042,-0.1550,-0.1550,0.0338,0.0274,-0.8952,-0.0466,0.0288,5.6274,17.4650,-3.5417,-0.0924,0.0652,0.0105
28711994,0.0053,-0.0023,0.0269,0.0235,-0.2704,-0.1323,0.0790,0.0220,-0.1541,-0.1541,0.1724,0.0296,-1.3854,0.1958,0.2717,5.6198,17.4659,-3.5405,-0.0998,0.0634,0.0090
28716994,0.0049,-0.0023,-0.0428,0.0150,-0.2949,-0.0866,0.0588,-0.0063,-0.1541,-0.1541,0.0159,-0.0225,-0.9398,-0.0460,-0.5301,5.6158,17.4657,-3.5431,-0.1083,0.0653,0.0124
28721994,0.0052,-0.0022,0.0134,0.0147,-0.2765,-0.1228,0.0764,0.0143,-0.1534,-0.1534,0.1399,-0.0192,-1.3523,0.2740,-0.1638,5.6082,17.4669,-3.5440,-0.1093,0.0642,0.0013
28726994,0.0048,-0.0021,-0.0571,0.0027,-0.2863,-0.0755,0.0569,-0.0146,-0.1534,-0.1534,-0.0004,-0.0573,-0.9136,0.1050,-0.6704,5.6047,17.4671,-3.5471,-0.1051,0.0599,-0.0002
28731994,0.0050,-0.0021,0.0122,-0.0021,-0.2655,-0.1184,0.0816,0.0060,-0.1529,-0.1529,0.1003,-0.0636,-1.0850,0.2917,-0.5010,5.5991,17.4684,-3.5494,-0.1163,0.0711,0.0003
28736994,0.0046,-0.0022,-0.0538,-0.0086,-0.2698,-0.0730,0.0629,-0.0211,-0.1531,-0.1531,-0.0500,-0.0927,-0.5711,0.0122,-1.0724,5.5960,17.4684,-3.5545,-0.0979,0.0660,0.0060
28741994,0.0049,-0.0022,0.0226,-0.0137,-0.2420,-0.1212,0.0924,0.0008,-0.1525,-0.1525,0.1160,-0.1050,-1.2896,0.3377,-0.8387,5.5891,17.4700,-3.5580,-0.1010,0.0668,-0.0001
28746994,0.0045,-0.0023,-0.0464,0.0015,-0.2359,-0.0745,0.0632,-0.0160,-0.1526,-0.1526,-0.0217,-0.1054,-0.9818,-0.0188,-1.3983,5.5853,17.4699,-3.5649,-0.1057,0.0712,-0.0040
28751994,0.0050,-0.0024,0.0397,-0.0031,-0.2301,-0.1306,0.0953,0.0087,-0.1520,-0.1520,0.1231,-0.1096,-1.4111,0.2028,-1.1717,5.5784,17.4709,-3.5697,-0.1071,0.0782,-0.0154
28756994,0.0047,-0.0024,-0.0241,0.0134,-0.2490,-0.0899,0.0663,-0.0053,-0.1521,-0.1521,-0.0131,-0.0996,-0.9217,-0.0721,-1.5306,5.5748,17.4704,-3.5778,-0.1005,0.0673,-0.0089
28761994,0.0051,-0.0025,0.0418,0.0055,-0.2521,-0.1355,0.0935,0.0128,-0.1515,-0.1515,0.1143,-0.0729,-1.1419,0.1696,-0.8423,5.5683,17.4710,-3.5813,-0.1128,0.0902,-0.0082
28766994,0.0048,-0.0024,-0.0183,0.0232,-0.2506,-0.0969,0.0653,0.0025,-0.1514,-0.1514,0.0211,-0.0106,-0.7766,-0.1206,-0.5580,5.5647,17.4704,-3.5842,-0.1001,0.0751,0.0078
28771994,0.0052,-0.0024,0.0354,0.0208,-0.2652,-0.1357,0.0833,0.0216,-0.1505,-0.1505,0.1784,0.0475,-1.4074,0.0132,0.3544,5.5577,17.4708,-3.5830,-0.1083,0.0805,0.0001
28776994,0.0050,-0.0021,-0.0327,0.0250,-0.2600,-0.0928,0.0562,0.0065,-0.1503,-0.1503,0.0496,0.0350,-0.9317,-0.0796,0.0467,5.5531,17.4704,-3.5814,-0.1196,0.0687,0.0170
28781994,0.0053,-0.0021,0.0174,0.0287,-0.2924,-0.1282,0.0697,0.0246,-0.1496,-0.1496,0.1432,0.0249,-1.3706,0.0552,0.0035,5.5452,17.4707,-3.5814,-0.1215,0.0756,0.0103
28786994,0.0052,-0.0022,-0.0547,0.0254,-0.2958,-0.0857,0.0518,-0.0004,-0.1496,-0.1496,-0.0171,-0.0196,-0.8093,-0.1016,-0.6831,5.5416,17.4702,-3.5846,-0.1149,0.0670,0.0147
28791994,0.0053,-0.0021,-0.0232,0.0257,-0.2768,-0.1046,0.0597,0.0128,-0.1493,-0.1493,0.0730,0.0009,-1.1552,0.0755,-0.2452,5.5353,17.4706,-3.5856,-0.1241,0.0670,0.0106
28796994,0.0050,-0.0020,-0.0806,-0.0040,-0.2836,-0.0670,0.0533,-0.0192,-0.1496,-0.1496,-0.0740,-0.0728,-0.5204,-0.0036,-0.8917,5.5332,17.4704,-3.5895,-0.1042,0.0574,0.0156
28801994,0.0050,-0.0020,-0.0379,-0.0107,-0.2793,-0.0908,0.0691,-0.0107,-0.1497,-0.1497,-0.0185,-0.0711,-0.5809,0.0241,-0.7553,5.5292,17.4706,-3.5923,-0.0887,0.0538,0.0060
28806994,0.0048,-0.0024,-0.0748,-0.0321,-0.2906,-0.0667,0.0732,-0.0401,-0.1502,-0.1502,-0.0967,-0.1466,-0.4351,0.0580,-1.4186,5.5271,17.4709,-3.5996,-0.0884,0.0557,-0.0062
28811994,0.0050,-0.0024,-0.0034,-0.0183,-0.2674,-0.1087,0.0894,-0.0118,-0.1501,-0.1501,0.0199,-0.1636,-0.9328,0.2609,-1.6122,5.5224,17.4720,-3.6063,-0.0785,0.0726,-0.0250
28816994,0.0046,-0.0026,-0.0461,-0.0162,-0.2561,-0.0763,0.0764,-0.0298,-0.1506,-0.1506,-0.0879,-0.2138,-0.7555,0.0496,-2.4967,5.5200,17.4726,-3.6207,-0.0818,0.0874,-0.0276
28821994,0.0049,-0.0026,0.0327,-0.0156,-0.2390,-0.1264,0.1018,-0.0031,-0.1500,-0.1500,0.1045,-0.1234,-1.1987,0.2943,-1.0964,5.5133,17.4738,-3.6251,-0.0933,0.0868,-0.0348
28826994,0.0047,-0.0027,-0.0217,0.0098,-0.2038,-0.0901,0.0757,-0.0092,-0.1499,-0.1499,0.0225,-0.0546,-0.9305,-0.0243,-0.8555,5.5092,17.4738,-3.6292,-0.0857,0.0853,-0.0137
28831994,0.0051,-0.0027,0.0498,0.0412,-0.2258,-0.1384,0.0839,0.0283,-0.1491,-0.1491,0.1693,0.0127,-1.4381,0.0768,-0.2939,5.5008,17.4740,-3.6302,-0.0938,0.0887,-0.0114
28836994,0.0048,-0.0024,-0.0263,0.0464,-0.2335,-0.0916,0.0523,0.0122,-0.1488,-0.1488,0.0542,0.0150,-1.2180,-0.1197,-0.5273,5.4959,17.4735,-3.6337,-0.1134,0.0787,0.0047
28841994,0.0051,-0.0021,0.0217,0.0360,-0.2582,-0.1241,0.0669,0.0272,-0.1480,-0.1480,0.1587,0.0558,-1.4136,-0.0149,0.2370,5.4883,17.4736,-3.6332,-0.1153,0.0756,0.0042
28846994,0.0048,-0.0018,-0.0495,0.0461,-0.2628,-0.0789,0.0330,0.0154,-0.1478,-0.1478,0.0471,0.1023,-0.9855,-0.2709,0.4494,5.4847,17.4724,-3.6289,-0.1093,0.0646,0.0141
28851994,0.0050,-0.0018,-0.0027,0.0312,-0.3257,-0.1108,0.0531,0.0199,-0.1473,-0.1473,0.0937,0.0341,-1.0280,0.0266,0.0633,5.4789,17.4726,-3.6288,-0.1196,0.0634,0.0210
28856994,0.0048,-0.0017,-0.0727,0.0367,-0.3486,-0.0700,0.0275,0.0021,-0.1475,-0.1475,-0.0333,0.0086,-0.7540,-0.1349,-0.4978,5.4755,17.4719,-3.6310,-0.1004,0.0421,0.0226
28861994,0.0049,-0.0016,-0.0272,0.0168,-0.3282,-0.0959,0.0494,0.0084,-0.1473,-0.1473,0.0266,-0.0230,-0.7165,0.1386,-0.3756,5.4716,17.4724,-3.6329,-0.0960,0.0380,0.0148
28866994,0.0046,-0.0016,-0.0977,-0.0018,-0.3272,-0.0504,0.0349,-0.0224,-0.1479,-0.1479,-0.1175,-0.0561,-0.2863,-0.1566,-0.8566,5.4709,17.4718,-3.6378,-0.0948,0.0307,0.0104
28871994,0.0045,-0.0016,-0.0467,-0.0281,-0.3178,-0.0759,0.0612,-0.0222,-0.1481,-0.1481,-0.0368,-0.1017,-0.4505,0.1337,-0.8152,5.4673,17.4724,-3.6414,-0.0845,0.0408,-0.0082
28876994,0.0039,-0.0020,-0.0764,-0.0483,-0.3224,-0.0490,0.0649,-0.0532,-0.1488,-0.1488,-0.1358,-0.1898,-0.2854,-0.0374,-1.8603,5.4660,17.4722,-3.6505,-0.0748,0.0489,-0.0164
28881994,0.0039,-0.0021,0.0101,-0.0312,-0.2811,-0.0942,0.0832,-0.0216,-0.1491,-0.1491,-0.0619,-0.2485,-0.4754,0.1209,-2.6786,5.4630,17.4726,-3.6613,-0.0706,0.0631,-0.0260
28886994,0.0036,-0.0025,-0.0376,-0.0458,-0.2490,-0.0599,0.0808,-0.0498,-0.1495,-0.1495,-0.0737,-0.1829,-0.4407,0.0385,-1.7272,5.4613,17.4729,-3.6736,-0.0580,0.0743,-0.0422
28891994,0.0038,-0.0028,0.0574,-0.0168,-0.2179,-0.1161,0.1021,-0.0112,-0.1488,-0.1488,0.1415,-0.0700,-1.2103,0.0678,-0.6194,5.4551,17.4732,-3.6765,-0.0640,0.0821,-0.0401
28896994,0.0037,-0.0030,-0.0006,0.0034,-0.2619,-0.0834,0.0771,-0.0240,-0.1486,-0.1486,0.0265,-0.0630,-0.7605,-0.0324,-0.8884,5.4515,17.4730,-3.6810,-0.0821,0.0835,-0.0364
28901994,0.0042,-0.0028,0.0690,0.0382,-0.2799,-0.1343,0.0823,0.0196,-0.1478,-0.1478,0.1690,-0.0061,-1.3682,0.0292,-0.5435,5.4434,17.4731,-3.6838,-0.0833,0.0959,-0.0280
28906994,0.0044,-0.0028,-0.0156,0.0199,-0.2674,-0.0900,0.0682,-0.0091,-0.1474,-0.1474,0.0765,0.0097,-1.2627,-0.1725,-0.3059,5.4381,17.4723,-3.6848,-0.1001,0.0816,-0.0213
28911994,0.0047,-0.0027,0.0180,0.0263,-0.2536,-0.1147,0.0771,0.0082,-0.1466,-0.1466,0.1601,0.0297,-1.5651,-0.0052,0.0358,5.4293,17.4723,-3.6850,-0.1141,0.0791,-0.0059
28916994,0.0045,-0.0028,-0.0745,0.0266,-0.2713,-0.0594,0.0500,-0.0221,-0.1466,-0.1466,0.0003,0.0135,-0.9773,-0.0602,-0.2304,5.4257,17.4719,-3.6855,-0.1028,0.0743,0.0072
28921994,0.0045,-0.0027,-0.0370,0.0144,-0.3034,-0.0811,0.0620,-0.0161,-0.1463,-0.1463,0.0610,0.0447,-0.8966,-0.0008,0.3885,5.4205,17.4719,-3.6840,-0.0998,0.0627,-0.0004
28926994,0.0038,-0.0025,-0.0968,0.0162,-0.2955,-0.0349,0.0366,-0.0360,-0.1468,-0.1468,-0.0995,-0.0542,-0.5208,-0.0991,-1.0061,5.4185,17.4715,-3.6880,-0.0840,0.0521,-0.0078
28931994,0.0038,-0.0026,-0.0480,-0.0003,-0.3025,-0.0616,0.0583,-0.0318,-0.1473,-0.1473,-0.0926,-0.0998,-0.1545,-0.0125,-1.2936,5.4173,17.4715,-3.6934,-0.0731,0.0546,-0.0252
28936994,0.0032,-0.0028,-0.0941,-0.0159,-0.3156,-0.0236,0.0495,-0.0625,-0.1482,-0.1482,-0.1955,-0.1677,-0.0568,-0.2108,-2.1661,5.4171,17.4706,-3.7067,-0.0594,0.0504,-0.0239
28941994,0.0032,-0.0029,-0.0324,-0.0333,-0.3144,-0.0593,0.0787,-0.0558,-0.1485,-0.1485,-0.0443,-0.1377,-0.3924,0.1451,-1.1989,5.4154,17.4713,-3.7113,-0.0566,0.0544,-0.0509
28946994,0.0028,-0.0031,-0.0580,-0.0180,-0.2967,-0.0352,0.0639,-0.0631,-0.1489,-0.1489,-0.0947,-0.1007,-0.1526,-0.0304,-1.0943,5.4147,17.4711,-3.7172,-0.0316,0.0576,-0.0577
28951994,0.0031,-0.0034,0.0150,-0.0168,-0.2952,-0.0813,0.0909,-0.0438,-0.1486,-0.1486,0.0735,-0.0999,-1.0527,0.1326,-0.9385,5.4104,17.4717,-3.7211,-0.0446,0.0672,-0.0624
28956994,0.0030,-0.0033,-0.0269,-0.0089,-0.2707,-0.0564,0.0748,-0.0497,-0.1486,-0.1486,-0.0145,-0.0832,-0.6039,0.0109,-0.9467,5.4080,17.4718,-3.7269,-0.0508,0.0862,-0.0523
28961994,0.0035,-0.0034,0.0486,-0.0018,-0.2701,-0.1079,0.0981,-0.0215,-0.1479,-0.1479,0.1475,-0.0379,-1.2119,0.1208,-0.3445,5.4006,17.4722,-3.7279,-0.0582,0.0829,-0.0509
28966994,0.0032,-0.0034,-0.0244,-0.0043,-0.2808,-0.0620,0.0765,-0.0470,-0.1477,-0.1477,0.0360,-0.0343,-0.8958,-0.0305,-0.4188,5.3966,17.4721,-3.7311,-0.0725,0.0890,-0.0435
28971994,0.0036,-0.0035,0.0330,-0.0055,-0.2845,-0.1019,0.0975,-0.0286,-0.1470,-0.1470,0.1538,-0.0254,-1.4282,0.0441,-0.2137,5.3896,17.4726,-3.7321,-0.0748,0.0964,-0.0344
28976994,0.0034,-0.0034,-0.0522,-0.0134,-0.2857,-0.0512,0.0751,-0.0571,-0.1471,-0.1471,-0.0264,-0.0722,-0.6687,-0.0041,-0.7613,5.3861,17.4725,-3.7359,-0.0704,0.0839,-0.0266
28981994,0.0036,-0.0035,-0.0162,-0.0067,-0.2689,-0.0735,0.0852,-0.0429,-0.1469,-0.1469,0.0456,-0.0623,-0.9233,0.1218,-0.5952,5.3816,17.4730,-3.7391,-0.0865,0.0839,-0.0318
28986994,0.0030,-0.0038,-0.1011,-0.0189,-0.2707,-0.0148,0.0675,-0.0841,-0.1473,-0.1473,-0.0963,-0.1020,-0.5944,-0.0083,-1.0782,5.3793,17.4729,-3.7449,-0.0760,0.0848,-0.0422
28991994,0.0030,-0.0039,-0.0510,-0.0021,-0.2643,-0.0415,0.0750,-0.0641,-0.1476,-0.1476,-0.0613,-0.0773,-0.3575,0.0097,-0.9587,5.3773,17.4730,-3.7488,-0.0642,0.0784,-0.0610
28996994,0.0023,-0.0042,-0.1097,-0.0119,-0.2680,0.0039,0.0616,-0.0966,-0.1484,-0.1484,-0.1497,-0.1112,-0.2749,-0.0837,-1.3622,5.3760,17.4726,-3.7562,-0.0420,0.0737,-0.0661
29001994,0.0023,-0.0044,-0.0483,-0.0034,-0.2585,-0.0286,0.0777,-0.0790,-0.1488,-0.1488,-0.0833,-0.1052,-0.2554,0.0067,-1.3038,5.3742,17.4727,-3.7616,-0.0369,0.0729,-0.0762
29006994,0.0017,-0.0044,-0.0858,0.0021,-0.2607,0.0042,0.0591,-0.0935,-0.1496,-0.1496,-0.1528,-0.1129,-0.0166,-0.0248,-1.5053,5.3742,17.4724,-3.7696,-0.0118,0.0692,-0.0805
29011994,0.0017,-0.0046,-0.0119,0.0082,-0.2668,-0.0370,0.0801,-0.0741,-0.1496,-0.1496,0.0005,-0.0843,-0.7109,0.0197,-1.1719,5.3710,17.4725,-3.7743,-0.0158,0.0632,-0.0853
29016994,0.0013,-0.0047,-0.0284,0.0082,-0.2625,-0.0211,0.0725,-0.0818,-0.1499,-0.1499,-0.0750,-0.0808,-0.0931,-0.0415,-1.1876,5.3707,17.4724,-3.7811,-0.0135,0.0783,-0.0821
29021994,0.0018,-0.0047,0.0431,0.0226,-0.2625,-0.0694,0.0905,-0.0515,-0.1494,-0.1494,0.1075,-0.0447,-1.0335,0.1145,-0.7516,5.3666,17.4728,-3.7837,-0.0181,0.0740,-0.0834
29026994,0.0016,-0.0046,0.0116,0.0260,-0.2674,-0.0498,0.0776,-0.0588,-0.1491,-0.1491,0.0615,-0.0465,-1.0138,0.0053,-0.9276,5.3629,17.4729,-3.7887,-0.0356,0.0869,-0.0754
29031994,0.0021,-0.0044,0.0754,0.0254,-0.2503,-0.0948,0.0971,-0.0313,-0.1481,-0.1481,0.2015,-0.0094,-1.4151,0.2100,-0.2378,5.3555,17.4738,-3.7897,-0.0499,0.0870,-0.0604
29036994,0.0021,-0.0042,0.0046,0.0241,-0.2637,-0.0542,0.0732,-0.0495,-0.1477,-0.1477,0.0887,-0.0245,-1.2467,0.0001,-0.6262,5.3506,17.4740,-3.7930,-0.0549,0.0864,-0.0390
29041994,0.0025,-0.0041,0.0434,0.0098,-0.2347,-0.0834,0.0952,-0.0390,-0.1468,-0.1468,0.1716,-0.0262,-1.4589,0.1988,-0.2648,5.3428,17.4748,-3.7939,-0.0747,0.0832,-0.0354
29046994,0.0025,-0.0042,-0.0425,0.0153,-0.2454,-0.0359,0.0693,-0.0618,-0.1469,-0.1469,-0.0146,-0.0585,-0.7910,-0.0081,-0.9589,5.3399,17.4749,-3.7991,-0.0753,0.0936,-0.0361
29051994,0.0026,-0.0041,-0.0180,0.0034,-0.2280,-0.0509,0.0825,-0.0580,-0.1468,-0.1468,0.0225,-0.0789,-0.9694,0.0091,-1.0508,5.3349,17.4750,-3.8034,-0.0739,0.0875,-0.0537
29056994,0.0019,-0.0041,-0.1139,-0.0009,-0.2365,0.0167,0.0504,-0.0945,-0.1475,-0.1475,-0.1502,-0.1108,-0.3740,-0.0741,-1.4882,5.3334,17.4746,-3.8119,-0.0546,0.0809,-0.0566
29061994,0.0017,-0.0043,-0.0614,-0.0031,-0.2307,-0.0096,0.0684,-0.0855,-0.1480,-0.1480,-0.0909,-0.1070,-0.3342,0.0038,-1.3339,5.3316,17.4746,-3.8173,-0.0486,0.0799,-0.0697
29066994,0.0011,-0.0045,-0.1145,0.0110,-0.2509,0.0327,0.0421,-0.1039,-0.1489,-0.1489,-0.1944,-0.0947,-0.0490,-0.2615,-1.6219,5.3314,17.4735,-3.8265,-0.0133,0.0600,-0.0846
29071994,0.0010,-0.0046,-0.0403,0.0113,-0.2283,-0.0068,0.0656,-0.0852,-0.1495,-0.1495,-0.1099,-0.1086,-0.0078,-0.0137,-1.5563,5.3315,17.4733,-3.8329,0.0007,0.0539,-0.0903
29076994,0.0006,-0.0046,-0.0577,0.0345,-0.2530,0.0113,0.0432,-0.0838,-0.1506,-0.1506,-0.2189,-0.0483,1.0611,-0.2021,-1.2667,5.3351,17.4724,-3.8410,0.0022,0.0612,-0.0940
29081994,0.0004,-0.0045,-0.0006,0.0360,-0.2356,-0.0166,0.0552,-0.0659,-0.1509,-0.1509,-0.0634,-0.0273,0.3006,0.0080,-0.8068,5.3394,17.4725,-3.8443,0.0044,0.0574,-0.0865
29086994,0.0005,-0.0045,-0.0009,0.0446,-0.3046,-0.0220,0.0498,-0.0632,-0.1508,-0.1508,0.0148,0.0035,-0.4745,-0.0367,-0.5657,5.3375,17.4723,-3.8482,0.0069,0.0529,-0.0791
29091994,0.0010,-0.0044,0.0495,0.0403,-0.3196,-0.0600,0.0688,-0.0458,-0.1501,-0.1501,0.1492,-0.0004,-1.3749,-0.0055,-0.5298,5.3321,17.4722,-3.8501,-0.0145,0.0531,-0.0640
29096994,0.0012,-0.0042,0.0122,0.0318,-0.3211,-0.0446,0.0609,-0.0535,-0.1490,-0.1490,0.2124,0.0020,-2.2774,0.1406,-0.2438,5.3197,17.4728,-3.8520,-0.0182,0.0565,-0.0485
29101994,0.0016,-0.0039,0.0812,0.0211,-0.3214,-0.0916,0.0853,-0.0310,-0.1474,-0.1474,0.3312,-0.0226,-2.7219,0.3389,-0.2243,5.3079,17.4752,-3.8528,-0.0469,0.0621,-0.0516
29106994,0.0014,-0.0040,-0.0195,-0.0003,-0.2753,-0.0277,0.0678,-0.0720,-0.1472,-0.1472,0.0324,-0.0415,-0.7295,0.1131,-0.4177,5.3017,17.4756,-3.8557,-0.0723,0.0648,-0.0387
29111994,0.0018,-0.0040,0.0357,-0.0018,-0.2552,-0.0654,0.0886,-0.0528,-0.1467,-0.1467,0.1053,-0.0651,-0.7427,0.4384,-0.3755,5.2991,17.4771,-3.8570,-0.0590,0.0760,-0.0479
29116994,0.0016,-0.0043,-0.0440,-0.0095,-0.2909,-0.0187,0.0724,-0.0874,-0.1470,-0.1470,-0.0756,-0.1203,-0.3394,0.0186,-1.4072,5.2961,17.4778,-3.8642,-0.0563,0.0833,-0.0514
29121994,0.0016,-0.0043,-0.0266,-0.0116,-0.2637,-0.0284,0.0798,-0.0820,-0.1472,-0.1472,-0.0213,-0.1303,-0.7606,0.0591,-1.4690,5.2932,17.4780,-3.8702,-0.0494,0.0876,-0.0640
29126994,0.0009,-0.0046,-0.1182,-0.0211,-0.2622,0.0376,0.0559,-0.1239,-0.1481,-0.1481,-0.1966,-0.1495,0.0450,-0.0047,-1.6564,5.2927,17.4779,-3.8794,-0.0332,0.0783,-0.0828
29131994,0.0007,-0.0048,-0.0531,0.0037,-0.2558,0.0051,0.0646,-0.0994,-0.1487,-0.1487,-0.1216,-0.1212,-0.0673,-0.0296,-1.6357,5.2925,17.4778,-3.8860,-0.0186,0.0661,-0.0878
29136994,0.0001,-0.0048,-0.0877,0.0339,-0.2658,0.0358,0.0341,-0.1007,-0.1497,-0.1497,-0.2011,-0.0939,0.2931,-0.1515,-1.7945,5.2935,17.4771,-3.8965,0.0046,0.0580,-0.1038
29141994,0.0001,-0.0044,-0.0024,0.0412,-0.2399,-0.0097,0.0488,-0.0669,-0.1503,-0.1503,-0.1171,-0.0638,0.6217,0.0192,-1.3318,5.2960,17.4772,-3.9020,0.0232,0.0568,-0.1047
29146994,-0.0002,-0.0043,-0.0452,0.0644,-0.2417,0.0215,0.0191,-0.0686,-0.1515,-0.1515,-0.2335,0.0284,1.4580,-0.4068,-0.8697,5.3045,17.4755,-3.9075,0.0211,0.0480,-0.0972
29151994,0.0000,-0.0040,0.0119,0.0773,-0.2790,-0.0180,0.0261,-0.0404,-0.1514,-0.1514,0.0243,0.0461,-0.4645,-0.1275,-0.5287,5.3027,17.4746,-3.9097,0.0284,0.0455,-0.0712
29156994,-0.0002,-0.0036,-0.0177,0.0785,-0.3443,0.0002,0.0045,-0.0446,-0.1514,-0.1514,-0.0125,0.0774,-0.4787,-0.4150,-0.4285,5.2988,17.4729,-3.9119,0.0225,0.0257,-0.0496
29161994,0.0001,-0.0032,0.0528,0.0507,-0.2939,-0.0422,0.0352,-0.0271,-0.1507,-0.1507,0.1502,0.0425,-1.1806,-0.0452,-0.1512,5.2941,17.4722,-3.9127,-0.0000,0.0089,-0.0449
29166994,0.0000,-0.0030,0.0284,0.0336,-0.2958,-0.0281,0.0336,-0.0399,-0.1502,-0.1502,0.0924,0.0331,-0.8656,-0.1516,-0.1574,5.2882,17.4715,-3.9137,-0.0173,0.0069,-0.0317
29171994,0.0004,-0.0030,0.0727,-0.0162,-0.2851,-0.0607,0.0735,-0.0459,-0.1491,-0.1491,0.2301,-0.0589,-1.6420,0.3838,-0.1658,5.2822,17.4730,-3.9142,-0.0197,0.0309,-0.0358
29176994,0.0008,-0.0032,0.0382,-0.0489,-0.3419,-0.0519,0.0854,-0.0732,-0.1479,-0.1479,0.2338,-0.1489,-2.3267,0.4918,-0.7949,5.2674,17.4759,-3.9189,-0.0303,0.0465,-0.0404
29181994,0.0010,-0.0036,0.0593,-0.0516,-0.2988,-0.0650,0.1038,-0.0735,-0.1469,-0.1469,0.2028,-0.2013,-1.5445,1.0149,-0.9103,5.2614,17.4815,-3.9228,-0.0613,0.0674,-0.0568
29186994,0.0009,-0.0041,0.0104,-0.0519,-0.2283,-0.0329,0.0997,-0.0933,-0.1468,-0.1468,0.0224,-0.2382,-0.4048,0.9258,-1.4695,5.2590,17.4853,-3.9310,-0.0651,0.0953,-0.0709
29191994,0.0011,-0.0043,-0.0003,-0.0235,-0.2585,-0.0325,0.0881,-0.0856,-0.1468,-0.1468,0.0047,-0.1704,-0.4670,0.5314,-1.3582,5.2570,17.4893,-3.9366,-0.0571,0.1047,-0.0801
29196994,0.0009,-0.0045,-0.0831,-0.0104,-0.2781,0.0169,0.0592,-0.1084,-0.1475,-0.1475,-0.1442,-0.1244,-0.0609,-0.0111,-1.4777,5.2562,17.4891,-3.9456,-0.0344,0.1030,-0.0866
29201994,0.0007,-0.0045,-0.0709,0.0470,-0.2851,0.0134,0.0322,-0.0787,-0.1480,-0.1480,-0.1125,-0.0315,-0.0762,-0.0367,-1.0467,5.2559,17.4890,-3.9498,-0.0100,0.0813,-0.1072
29206994,0.0001,-0.0043,-0.0935,0.0712,-0.2689,0.0393,0.0050,-0.0755,-0.1492,-0.1492,-0.2218,0.0248,0.5973,-0.5357,-1.1315,5.2581,17.4868,-3.9565,0.0085,0.0472,-0.1024
29211994,-0.0001,-0.0037,-0.0254,0.0904,-0.2393,0.0079,0.0034,-0.0391,-0.1502,-0.1502,-0.2094,0.1337,1.4183,-0.9097,-0.3529,5.2637,17.4816,-3.9580,0.0215,0.0316,-0.0817
29216994,-0.0004,-0.0034,-0.0290,0.0678,-0.2396,0.0163,0.0041,-0.0482,-0.1514,-0.1514,-0.2423,0.1283,1.6958,-1.0677,-0.2904,5.2761,17.4773,-3.9593,0.0283,0.0036,-0.0562
29221994,-0.0003,-0.0032,0.0357,0.0159,-0.3098,-0.0265,0.0427,-0.0521,-0.1512,-0.1512,0.0451,0.0416,-0.3958,-0.4585,-0.1273,5.2743,17.4737,-3.9599,0.0300,0.0002,-0.0468
29226994,-0.0002,-0.0032,0.0425,-0.0037,-0.3260,-0.0320,0.0545,-0.0602,-0.1507,-0.1507,0.0875,-0.0486,-0.7955,-0.0064,-0.5836,5.2699,17.4737,-3.9626,0.0049,0.0015,-0.0481
29231994,0.0003,-0.0033,0.0727,-0.0486,-0.2646,-0.0567,0.0945,-0.0684,-0.1497,-0.1497,0.2170,-0.1742,-1.6018,0.8111,-0.8051,5.2637,17.4768,-3.9658,-0.0229,0.0396,-0.0580
29236994,0.0005,-0.0039,0.0580,-0.0730,-0.2698,-0.0536,0.1147,-0.0924,-0.1479,-0.1479,0.3577,-0.2480,-3.1008,1.3575,-0.8929,5.2467,17.4855,-3.9713,-0.0312,0.0705,-0.0650
29241994,0.0012,-0.0043,0.0910,-0.0672,-0.3114,-0.0868,0.1331,-0.0824,-0.1462,-0.1462,0.3404,-0.2342,-2.6738,1.1735,-0.9748,5.2347,17.4921,-3.9751,-0.0639,0.0925,-0.0801
29246994,0.0015,-0.0047,0.0229,-0.0391,-0.2469,-0.0520,0.1125,-0.0891,-0.1457,-0.1457,0.0900,-0.2472,-0.8079,1.2762,-1.4005,5.2292,17.4974,-3.9832,-0.0699,0.1246,-0.0812
29251994,0.0016,-0.0047,-0.0089,0.0260,-0.2365,-0.0372,0.0748,-0.0650,-0.1454,-0.1454,0.0589,-0.1106,-0.9550,0.6756,-1.0806,5.2255,17.5026,-3.9878,-0.0816,0.1246,-0.0886
29256994,0.0014,-0.0046,-0.0525,0.0675,-0.2506,-0.0084,0.0380,-0.0586,-0.1458,-0.1458,-0.0809,0.0181,-0.1387,-0.1377,-0.7740,5.2236,17.5018,-3.9927,-0.0433,0.1187,-0.0789
29261994,0.0012,-0.0042,-0.0745,0.1258,-0.2567,0.0072,-0.0062,-0.0308,-0.1464,-0.1464,-0.1157,0.1366,0.0637,-0.4650,-0.3266,5.2240,17.5001,-3.9943,-0.0157,0.0742,-0.0616
29266994,0.0006,-0.0037,-0.0959,0.1087,-0.2982,0.0308,-0.0207,-0.0447,-0.1474,-0.1474,-0.1970,0.1964,0.4997,-1.1900,-0.0631,5.2266,17.4936,-3.9945,-0.0012,0.0293,-0.0545
29271994,0.0002,-0.0032,-0.0559,0.0849,-0.2738,0.0175,-0.0105,-0.0387,-0.1485,-0.1485,-0.2151,0.1975,1.0277,-1.4692,-0.0214,5.2304,17.4851,-3.9946,0.0179,0.0075,-0.0419
29276994,-0.0001,-0.0029,-0.0370,0.0470,-0.2625,0.0144,0.0044,-0.0492,-0.1503,-0.1503,-0.3572,0.1700,2.3886,-1.9682,-0.3874,5.2438,17.4774,-3.9966,0.0177,-0.0085,-0.0376
29281994,-0.0001,-0.0029,-0.0049,-0.0247,-0.2619,-0.0040,0.0477,-0.0740,-0.1510,-0.1510,-0.1553,0.0855,0.5359,-1.8488,-0.4319,5.2463,17.4655,-3.9983,0.0286,0.0018,-0.0432
29286994,-0.0003,-0.0032,0.0012,-0.0706,-0.3291,-0.0080,0.0732,-0.1033,-0.1512,-0.1512,-0.0254,-0.0535,-0.5945,-1.0033,-0.7837,5.2433,17.4613,-4.0031,0.0057,0.0001,-0.0598
29291994,-0.0002,-0.0035,0.0467,-0.0721,-0.2735,-0.0332,0.0964,-0.0950,-0.1505,-0.1505,0.1277,-0.2268,-1.2307,0.6629,-1.3257,5.2383,17.4634,-4.0085,-0.0041,0.0290,-0.0903
29296994,0.0001,-0.0039,0.0834,-0.0690,-0.1980,-0.0564,0.1191,-0.0857,-0.1488,-0.1488,0.3382,-0.5675,-1.2092,4.8359,-1.5728,5.2312,17.4869,-4.0180,-0.0155,0.0551,-0.0965
29301994,0.0008,-0.0045,0.1081,-0.0922,-0.1782,-0.0840,0.1554,-0.0920,-0.1469,-0.1469,0.3879,-0.4024,-2.2017,2.9073,-1.0810,5.2228,17.5122,-4.0222,-0.0379,0.1043,-0.0910
29306994,0.0015,-0.0047,0.0977,-0.0098,-0.3734,-0.0996,0.1151,-0.0588,-0.1450,-0.1450,0.3819,-0.1248,-2.9922,0.9077,-0.5732,5.2024,17.5161,-4.0262,-0.0472,0.1519,-0.0953
29311994,0.0018,-0.0049,0.0464,0.0107,-0.3166,-0.0740,0.0993,-0.0621,-0.1438,-0.1438,0.2282,-0.0788,-2.2555,0.3403,-0.8118,5.1937,17.5178,-4.0293,-0.0997,0.1477,-0.0865
29316994,0.0017,-0.0046,-0.0394,0.1087,-0.1153,-0.0169,0.0300,-0.0264,-0.1435,-0.1435,0.0596,0.1010,-1.1822,-0.0326,-0.1323,5.1846,17.5175,-4.0305,-0.0946,0.1246,-0.0652
29321994,0.0014,-0.0042,-0.0751,0.1216,-0.1800,0.0056,0.0023,-0.0288,-0.1439,-0.1439,-0.0702,0.1159,-0.2961,-0.2058,-0.2788,5.1834,17.5168,-4.0314,-0.0572,0.0955,-0.0471
29326995,0.0010,-0.0035,-0.1210,0.1381,-0.2900,0.0350,-0.0391,-0.0295,-0.1449,-0.1449,-0.2028,0.2228,0.1821,-1.2756,-0.1869,5.1844,17.5100,-4.0332,-0.0327,0.0524,-0.0281
29331994,0.0004,-0.0029,-0.1313,0.1100,-0.2897,0.0545,-0.0474,-0.0407,-0.1464,-0.1464,-0.2898,0.2049,0.7314,-1.6450,-0.4243,5.1874,17.5005,-4.0347,0.0073,0.0303,-0.0265
29336994,-0.0002,-0.0024,-0.1210,0.0589,-0.2402,0.0629,-0.0318,-0.0589,-0.1486,-0.1486,-0.4508,0.1549,2.3873,-1.9022,-0.6686,5.1988,17.4930,-4.0388,0.0253,-0.0112,-0.0378
29341994,-0.0008,-0.0024,-0.0916,0.0037,-0.2038,0.0610,-0.0041,-0.0805,-0.1515,-0.1515,-0.5801,0.2248,3.2199,-3.6424,-0.7983,5.2131,17.4737,-4.0425,0.0572,-0.0206,-0.0402
29346994,-0.0012,-0.0025,-0.0550,-0.0434,-0.2744,0.0453,0.0248,-0.1020,-0.1535,-0.1535,-0.3938,0.1747,1.1161,-4.0633,-1.2567,5.2216,17.4567,-4.0497,0.0747,-0.0189,-0.0636
29351994,-0.0012,-0.0026,0.0260,-0.0446,-0.3614,-0.0048,0.0488,-0.0859,-0.1536,-0.1536,-0.0315,-0.0776,-0.3569,-0.7874,-1.2110,5.2199,17.4534,-4.0547,0.0556,-0.0199,-0.0945
29356994,-0.0008,-0.0031,0.0990,-0.0956,-0.2115,-0.0469,0.1117,-0.0893,-0.1526,-0.1526,0.1994,-0.3135,-0.7347,1.7842,-1.0173,5.2168,17.4622,-4.0620,0.0424,0.0211,-0.0974
29361994,-0.0002,-0.0035,0.1545,-0.0696,-0.1947,-0.0901,0.1304,-0.0628,-0.1504,-0.1504,0.4553,-0.4615,-1.1748,4.6973,-0.3419,5.2107,17.4863,-4.0632,-0.0001,0.0305,-0.0949
29366994,0.0009,-0.0042,0.2477,-0.1164,-0.2213,-0.1648,0.2000,-0.0609,-0.1468,-0.1468,0.7064,-0.5472,-2.8509,5.0285,-0.5107,5.1960,17.5091,-4.0658,-0.0176,0.0901,-0.0690
29371994,0.0020,-0.0047,0.1842,-0.0977,-0.2869,-0.1551,0.1899,-0.0680,-0.1436,-0.1436,0.6428,-0.2388,-4.6854,1.3235,-0.4931,5.1776,17.5197,-4.0676,-0.0501,0.1599,-0.0622
29376994,0.0029,-0.0053,0.1772,-0.0586,-0.4198,-0.1743,0.1823,-0.0567,-0.1414,-0.1414,0.4393,-0.1133,-2.6572,0.6110,-0.0949,5.1586,17.5217,-4.0679,-0.1240,0.1718,-0.0669
29381994,0.0035,-0.0054,0.0602,-0.0067,-0.2075,-0.1113,0.1414,-0.0541,-0.1403,-0.1403,0.2188,-0.1128,-1.5412,0.9058,-0.4598,5.1526,17.5257,-4.0696,-0.1656,0.1866,-0.0544
29386994,0.0034,-0.0050,-0.0638,0.1014,-0.1898,-0.0401,0.0479,-0.0297,-0.1401,-0.1401,0.0529,-0.0045,-0.9256,1.0546,-0.3071,5.1468,17.5323,-4.0725,-0.1634,0.1731,-0.0552
29391994,0.0025,-0.0048,-0.2019,0.0858,-0.2707,0.0498,0.0010,-0.0822,-0.1409,-0.1409,-0.1629,0.0704,-0.6740,-0.1415,-0.3416,5.1437,17.5317,-4.0736,-0.1173,0.1546,-0.0415
29396994,0.0012,-0.0041,-0.2254,0.1301,-0.2854,0.0886,-0.0514,-0.0702,-0.1421,-0.1421,-0.2509,0.1327,-0.0198,-0.3207,-0.2882,5.1432,17.5305,-4.0758,-0.0956,0.1056,-0.0472
29401994,-0.0001,-0.0036,-0.2361,0.1203,-0.2741,0.1222,-0.0719,-0.0820,-0.1436,-0.1436,-0.2987,0.1254,0.1120,-0.6192,-0.5541,5.1436,17.5269,-4.0775,-0.0502,0.0633,-0.0637
29406994,-0.0011,-0.0030,-0.1729,0.1038,-0.2112,0.1098,-0.0642,-0.0701,-0.1450,-0.1450,-0.2749,0.0728,0.1638,-0.7745,-1.1728,5.1446,17.5233,-4.0863,-0.0067,0.0413,-0.0751
29411994,-0.0020,-0.0027,-0.1509,0.0702,-0.1745,0.1179,-0.0559,-0.0822,-0.1466,-0.1466,-0.3168,0.0653,0.7722,-1.0452,-1.1076,5.1474,17.5189,-4.0908,0.0270,0.0004,-0.0736
29416994,-0.0025,-0.0023,-0.0672,0.0593,-0.1831,0.0816,-0.0401,-0.0627,-0.1489,-0.1489,-0.4560,0.1621,2.7087,-2.2832,-0.9602,5.1610,17.5073,-4.0958,0.0406,-0.0305,-0.0796
29421994,-0.0026,-0.0025,-0.0620,0.0089,-0.2185,0.0808,-0.0158,-0.0903,-0.1514,-0.1514,-0.5089,0.3331,1.7115,-5.3560,-1.1816,5.1680,17.4782,-4.1008,0.0911,-0.0333,-0.0711
29426994,-0.0027,-0.0025,0.0186,0.0150,-0.2924,0.0334,0.0012,-0.0686,-0.1521,-0.1521,-0.1302,0.1953,-0.0347,-2.8566,-0.5341,5.1694,17.4653,-4.1048,0.0947,-0.0501,-0.0824
29431994,-0.0022,-0.0028,0.1280,-0.0388,-0.1889,-0.0336,0.0739,-0.0623,-0.1515,-0.1515,0.1109,-0.1442,-0.1738,0.3127,-1.0414,5.1686,17.4644,-4.1082,0.0761,-0.0230,-0.0803
29436994,-0.0010,-0.0031,0.2318,-0.0739,-0.1754,-0.1147,0.1360,-0.0416,-0.1497,-0.1497,0.3710,-0.1627,-1.1735,0.9463,-0.1949,5.1634,17.4686,-4.1123,0.0354,-0.0082,-0.0704
29441994,0.0001,-0.0035,0.2230,-0.1158,-0.2793,-0.1378,0.1694,-0.0640,-0.1473,-0.1473,0.4673,-0.2697,-1.8720,1.8381,-0.1408,5.1562,17.4755,-4.1126,-0.0046,0.0304,-0.0494
29446994,0.0015,-0.0042,0.2263,-0.1316,-0.2381,-0.1668,0.2074,-0.0682,-0.1436,-0.1436,0.7514,-0.5874,-3.2531,5.5259,-0.3336,5.1389,17.5039,-4.1141,-0.0247,0.0589,-0.0554
29451994,0.0027,-0.0050,0.2043,-0.1381,-0.2350,-0.1791,0.2300,-0.0783,-0.1401,-0.1401,0.6856,-0.4448,-4.2902,3.0378,-0.9081,5.1209,17.5277,-4.1178,-0.0809,0.1191,-0.0641
29456994,0.0034,-0.0054,0.0913,-0.0788,-0.3651,-0.1332,0.1773,-0.0864,-0.1390,-0.1390,0.2173,-0.2047,-1.3747,0.8358,-0.7852,5.1104,17.5312,-4.1228,-0.1135,0.1751,-0.0779
29461994,0.0037,-0.0056,0.0134,-0.0186,-0.2286,-0.0902,0.1387,-0.0749,-0.1387,-0.1387,0.0590,-0.1407,-0.8112,0.4788,-1.0923,5.1074,17.5335,-4.1262,-0.1425,0.1842,-0.0808
29466994,0.0037,-0.0054,-0.0406,0.0510,-0.1855,-0.0591,0.0891,-0.0515,-0.1389,-0.1389,-0.0221,-0.0647,-0.4352,0.5135,-0.9752,5.1035,17.5358,-4.1338,-0.1230,0.1796,-0.0821
29471994,0.0029,-0.0054,-0.1701,0.0580,-0.2497,0.0257,0.0387,-0.0934,-0.1399,-0.1399,-0.2094,0.0155,-0.0595,-0.2245,-0.7723,5.1032,17.5348,-4.1369,-0.0763,0.1394,-0.0651
29476994,0.0023,-0.0052,-0.1368,0.0977,-0.2747,0.0187,0.0173,-0.0679,-0.1408,-0.1408,-0.1890,0.1570,0.1148,-0.8478,-0.0865,5.1040,17.5301,-4.1377,-0.0538,0.0951,-0.0720
29481994,0.0013,-0.0047,-0.1726,0.1093,-0.2662,0.0597,-0.0154,-0.0751,-0.1422,-0.1422,-0.2699,0.1218,0.2303,-0.9353,-0.7760,5.1049,17.5247,-4.1409,-0.0114,0.0715,-0.0777
29486994,0.0007,-0.0043,-0.1103,0.0583,-0.2060,0.0391,0.0152,-0.0782,-0.1436,-0.1436,-0.2755,0.0940,0.9744,-1.0964,-0.6378,5.1098,17.5208,-4.1436,0.0070,0.0281,-0.0751
29491994,0.0002,-0.0042,-0.0812,0.0137,-0.1889,0.0350,0.0370,-0.0939,-0.1455,-0.1455,-0.3771,0.0528,2.2131,-1.3325,-0.8299,5.1183,17.5129,-4.1477,0.0289,0.0132,-0.0767
29496994,-0.0001,-0.0044,-0.0434,0.0046,-0.1953,0.0192,0.0525,-0.0944,-0.1462,-0.1462,-0.1402,-0.0387,0.4102,-0.3907,-0.9472,5.1259,17.5113,-4.1512,0.0509,0.0126,-0.0818
29501994,0.0001,-0.0044,0.0602,-0.0305,-0.2805,-0.0455,0.0984,-0.0854,-0.1457,-0.1457,0.0962,-0.1505,-0.5935,0.5776,-0.9651,5.1233,17.5137,-4.1579,0.0287,0.0358,-0.0947
29506994,0.0006,-0.0047,0.1396,-0.0568,-0.2579,-0.0999,0.1437,-0.0737,-0.1444,-0.1444,0.2485,-0.1594,-1.2825,0.5881,-0.7316,5.1151,17.5188,-4.1612,0.0156,0.0705,-0.0895
29511994,0.0017,-0.0050,0.1658,-0.0611,-0.2121,-0.1340,0.1709,-0.0614,-0.1426,-0.1426,0.3583,-0.1439,-1.8564,0.8171,-0.2481,5.1078,17.5227,-4.1634,-0.0252,0.0885,-0.0850
29516994,0.0026,-0.0054,0.1411,-0.0547,-0.2701,-0.1421,0.1760,-0.0652,-0.1398,-0.1398,0.5603,-0.1592,-4.0263,1.3093,-0.0371,5.0858,17.5281,-4.1633,-0.0396,0.1278,-0.0652
29521994,0.0033,-0.0058,0.1695,-0.0431,-0.3034,-0.1729,0.1912,-0.0534,-0.1376,-0.1376,0.4592,-0.1435,-2.6481,1.2214,-0.0718,5.0748,17.5355,-4.1636,-0.1038,0.1731,-0.0645
29526994,0.0038,-0.0058,0.0559,-0.0037,-0.2240,-0.1162,0.1486,-0.0583,-0.1365,-0.1365,0.2192,-0.1073,-1.4536,1.0303,-0.3038,5.0656,17.5395,-4.1647,-0.1475,0.1822,-0.0566
29531994,0.0040,-0.0059,-0.0006,0.0104,-0.2283,-0.0896,0.1290,-0.0659,-0.1357,-0.1357,0.1557,-0.1035,-1.3578,1.1138,-0.3513,5.0603,17.5438,-4.1666,-0.1384,0.1850,-0.0569
29536994,0.0033,-0.0059,-0.1564,0.0431,-0.2497,0.0107,0.0626,-0.1023,-0.1364,-0.1364,-0.1513,-0.0190,-0.3773,0.0766,-0.7226,5.0565,17.5453,-4.1695,-0.1183,0.1468,-0.0598
29541994,0.0026,-0.0057,-0.1616,0.1008,-0.2362,0.0284,0.0226,-0.0784,-0.1375,-0.1375,-0.2234,0.0034,0.0215,-0.0426,-1.2962,5.0569,17.5448,-4.1775,-0.0754,0.1286,-0.0663
29546994,0.0016,-0.0050,-0.1689,0.1188,-0.2191,0.0533,-0.0082,-0.0705,-0.1389,-0.1389,-0.2706,0.0119,0.2333,-0.2137,-1.5898,5.0579,17.5440,-4.1840,-0.0535,0.0883,-0.0877
29551994,0.0007,-0.0043,-0.1512,0.1249,-0.1864,0.0621,-0.0266,-0.0571,-0.1402,-0.1402,-0.2525,0.1621,0.3763,-0.9919,-0.5147,5.0593,17.5383,-4.1889,-0.0103,0.0469,-0.0783
29556994,0.0001,-0.0039,-0.0929,0.1106,-0.2014,0.0425,-0.0190,-0.0469,-0.1416,-0.1416,-0.2933,0.2083,1.3491,-1.5125,-0.2557,5.0658,17.5321,-4.1897,0.0262,0.0248,-0.0696
29561994,-0.0002,-0.0034,-0.0208,0.0925,-0.2353,0.0076,-0.0028,-0.0321,-0.1434,-0.1434,-0.3597,0.2158,2.7716,-1.7940,-0.2096,5.0769,17.5252,-4.1910,0.0498,-0.0126,-0.0488
29566994,0.0000,-0.0032,0.0027,0.0354,-0.2784,-0.0118,0.0268,-0.0473,-0.1441,-0.1441,-0.1249,0.2540,-0.1827,-3.0131,-0.2029,5.0787,17.5084,-4.1918,0.0507,0.0012,-0.0335
29571994,0.0002,-0.0032,0.0721,-0.0137,-0.4173,-0.0607,0.0671,-0.0547,-0.1437,-0.1437,0.0703,0.1492,-1.1800,-2.2517,-0.1566,5.0743,17.4930,-4.1923,0.0017,0.0010,-0.0378
29576994,0.0006,-0.0033,0.0922,-0.0467,-0.3526,-0.0774,0.0984,-0.0619,-0.1425,-0.1425,0.2486,-0.1154,-1.9807,0.1998,-0.6836,5.0632,17.4934,-4.1951,-0.0088,0.0139,-0.0511
29581994,0.0012,-0.0037,0.1585,-0.0904,-0.2738,-0.1253,0.1566,-0.0630,-0.1394,-0.1394,0.6071,-0.4345,-3.4647,3.7425,-0.6823,5.0499,17.5116,-4.1984,-0.0419,0.0490,-0.0610
29586994,0.0021,-0.0045,0.1564,-0.1084,-0.2524,-0.1415,0.1892,-0.0770,-0.1361,-0.1361,0.6743,-0.6603,-2.8103,6.5091,-0.5848,5.0299,17.5380,-4.2006,-0.1020,0.0622,-0.0611
29591994,0.0030,-0.0056,0.1671,-0.1640,-0.2090,-0.1607,0.2300,-0.1091,-0.1340,-0.1340,0.4175,-0.4977,-2.2360,2.6968,-1.5956,5.0211,17.5493,-4.2093,-0.1422,0.1673,-0.0657
29596994,0.0032,-0.0061,0.0336,-0.0495,-0.3779,-0.0985,0.1578,-0.1031,-0.1332,-0.1332,0.1582,-0.2374,-2.0211,0.5697,-1.8507,5.0093,17.5515,-4.2172,-0.1550,0.1924,-0.0912
29601994,0.0034,-0.0061,-0.0134,0.0226,-0.2518,-0.0703,0.1175,-0.0764,-0.1327,-0.1327,0.0852,-0.2225,-2.2105,0.4570,-2.7000,5.0001,17.5543,-4.2321,-0.1482,0.2055,-0.0980
29606994,0.0023,-0.0055,-0.1845,0.1695,-0.1431,0.0499,-0.0175,-0.0490,-0.1341,-0.1341,-0.2724,-0.0798,-0.7151,-0.0978,-3.3074,4.9938,17.5539,-4.2452,-0.1331,0.1641,-0.0840
29611994,0.0014,-0.0050,-0.2031,0.1552,-0.2127,0.0760,-0.0374,-0.0632,-0.1358,-0.1358,-0.3326,0.0053,-0.3368,-0.8212,-2.7505,4.9924,17.5498,-4.2639,-0.0866,0.1215,-0.0657
29616994,0.0005,-0.0041,-0.1649,0.2208,-0.2677,0.0707,-0.0852,-0.0166,-0.1370,-0.1370,-0.2542,0.2146,-0.2140,-1.1713,-1.2526,4.9912,17.5451,-4.2688,-0.0387,0.0986,-0.0683
29621994,-0.0003,-0.0032,-0.1411,0.2263,-0.3398,0.0712,-0.1085,-0.0021,-0.1382,-0.1382,-0.2225,0.2681,-0.1214,-1.2988,-0.7617,4.9906,17.5401,-4.2731,0.0002,0.0531,-0.0575
29626994,-0.0007,-0.0021,-0.0800,0.1814,-0.4137,0.0430,-0.0956,0.0047,-0.1395,-0.1395,-0.2598,0.2831,1.2149,-1.4412,-0.1339,4.9954,17.5320,-4.2737,0.0174,0.0105,-0.0131
29631994,-0.0012,-0.0014,-0.0623,0.1515,-0.4616,0.0415,-0.0970,0.0020,-0.1413,-0.1413,-0.3668,0.3432,2.6314,-1.9905,0.4741,5.0062,17.5217,-4.2717,0.0392,-0.0075,-0.0019
29636994,-0.0012,-0.0009,-0.0599,0.1005,-0.5456,0.0376,-0.0844,-0.0164,-0.1424,-0.1424,-0.2148,0.4314,0.1757,-3.6790,0.5775,5.0092,17.5075,-4.2690,0.0544,-0.0350,-0.0006
29641994,-0.0015,-0.0002,-0.0400,0.1203,-0.6565,0.0274,-0.1078,0.0043,-0.1433,-0.1433,-0.1864,0.4338,-0.0435,-3.6906,0.3425,5.0087,17.4793,-4.2654,0.0424,-0.0976,-0.0103
29646994,-0.0014,0.0002,0.0244,0.0547,-0.4836,-0.0033,-0.0571,0.0044,-0.1438,-0.1438,-0.0986,0.1781,0.0488,-2.1154,-0.5271,5.0091,17.4708,-4.2675,0.0289,-0.1011,-0.0038
29651994,-0.0009,0.0003,0.1151,-0.0101,-0.3459,-0.0579,0.0087,0.0092,-0.1434,-0.1434,0.0869,0.0736,-0.1373,-0.9892,0.0866,5.0085,17.4672,-4.2685,0.0076,-0.1125,0.0021
29656994,-0.0003,-0.0002,0.1332,-0.1121,-0.4253,-0.0855,0.0743,-0.0381,-0.1420,-0.1420,0.2695,-0.1192,-1.6275,-0.0638,-0.1547,5.0010,17.4659,-4.2689,-0.0037,-0.0634,0.0123
29661994,0.0006,-0.0010,0.1738,-0.1994,-0.4839,-0.1269,0.1490,-0.0782,-0.1400,-0.1400,0.3952,-0.2907,-2.8404,0.2100,-0.9636,4.9899,17.4667,-4.2732,-0.0404,-0.0388,0.0082
29666994,0.0015,-0.0020,0.1368,-0.1814,-0.4751,-0.1256,0.1579,-0.0874,-0.1371,-0.1371,0.5878,-0.3700,-5.4272,0.8043,-1.6245,4.9583,17.4698,-4.2793,-0.0531,0.0010,-0.0268
29671994,0.0022,-0.0031,0.1417,-0.1564,-0.3819,-0.1387,0.1775,-0.0831,-0.1349,-0.1349,0.4370,-0.6505,-3.7680,2.6940,-3.6641,4.9436,17.4828,-4.2994,-0.1275,0.0331,-0.0690
29676994,0.0025,-0.0037,0.0208,-0.1304,-0.1211,-0.0681,0.1571,-0.1030,-0.1336,-0.1336,0.2626,-0.7924,-2.1912,4.7565,-3.7570,4.9292,17.5023,-4.3144,-0.1500,0.0467,-0.0807
29681994,0.0029,-0.0044,0.0339,-0.1090,-0.0768,-0.0807,0.1668,-0.0950,-0.1325,-0.1325,0.2118,-0.4945,-2.5080,1.9474,-3.0129,4.9193,17.5099,-4.3337,-0.1170,0.1254,-0.1017
29686994,0.0021,-0.0046,-0.1652,0.0147,-0.3538,0.0350,0.0363,-0.1123,-0.1333,-0.1333,-0.1550,-0.1954,-2.0630,-0.6053,-3.3116,4.9059,17.5080,-4.3466,-0.0977,0.1672,-0.0927
29691994,0.0017,-0.0042,-0.1277,0.1164,-0.3694,0.0229,-0.0140,-0.0517,-0.1341,-0.1341,-0.1558,-0.1390,-1.6109,-0.2884,-3.5762,4.8995,17.5055,-4.3684,-0.0664,0.1692,-0.0982
29696994,0.0005,-0.0035,-0.2065,0.1915,-0.2909,0.0927,-0.0934,-0.0330,-0.1355,-0.1355,-0.2905,-0.0620,-1.1301,-0.4416,-3.7025,4.8915,17.5041,-4.3833,-0.0455,0.1265,-0.1013
29701994,-0.0004,-0.0025,-0.2053,0.2462,-0.3205,0.1090,-0.1475,0.0013,-0.1373,-0.1373,-0.3426,0.1498,-0.3918,-1.3055,-2.5435,4.8896,17.4968,-4.4011,-0.0063,0.0862,-0.0696
29706994,-0.0012,-0.0012,-0.1439,0.2941,-0.3285,0.0922,-0.1853,0.0550,-0.1393,-0.1393,-0.3997,0.3466,1.3101,-1.8779,-1.2020,4.8953,17.4892,-4.4059,0.0293,0.0646,-0.0520
29711994,-0.0021,0.0005,-0.1442,0.3250,-0.3914,0.1077,-0.2300,0.0875,-0.1415,-0.1415,-0.4503,0.5105,2.5899,-2.0108,0.3733,4.9066,17.4810,-4.4046,0.0861,0.0183,-0.0041
29716994,-0.0023,0.0018,-0.0452,0.2337,-0.4983,0.0527,-0.1986,0.0881,-0.1426,-0.1426,-0.2232,0.4544,1.3599,-2.0414,0.7963,4.9154,17.4692,-4.4013,0.1079,-0.0215,0.0334
29721994,-0.0023,0.0028,-0.0104,0.1723,-0.6153,0.0299,-0.1832,0.0820,-0.1435,-0.1435,-0.1824,0.6291,0.6539,-4.1971,1.6785,4.9184,17.4478,-4.3889,0.1000,-0.0349,0.0623
29726994,-0.0022,0.0034,0.0064,0.1619,-0.6831,0.0144,-0.1843,0.0908,-0.1441,-0.1441,-0.1102,0.5958,0.0804,-4.0059,1.5760,4.9190,17.4291,-4.3828,0.0756,-0.0920,0.0839
29731994,-0.0016,0.0041,0.1103,0.1313,-0.5814,-0.0505,-0.1441,0.1272,-0.1436,-0.1436,0.0987,0.3409,0.0228,-1.4530,1.2419,4.9192,17.4241,-4.3755,0.0280,-0.1538,0.0936
29736994,-0.0010,0.0043,0.1109,0.0107,-0.3996,-0.0568,-0.0756,0.0860,-0.1426,-0.1426,0.1929,0.0961,-0.2975,0.0658,1.1631,4.9170,17.4253,-4.3711,-0.0009,-0.1526,0.0984
29741994,-0.0004,0.0037,0.1182,-0.1491,-0.5132,-0.0786,0.0154,0.0037,-0.1413,-0.1413,0.2715,-0.0435,-1.0295,-0.0019,1.3552,4.9131,17.4252,-4.3635,-0.0343,-0.1386,0.1138
29746994,0.0001,0.0026,0.1078,-0.2471,-0.5569,-0.0844,0.0832,-0.0633,-0.1389,-0.1389,0.4812,-0.2358,-4.0335,0.0547,0.1994,4.8933,17.4255,-4.3623,-0.0456,-0.0949,0.0778
29751994,0.0008,0.0013,0.1707,-0.2538,-0.4784,-0.1298,0.1370,-0.0626,-0.1363,-0.1363,0.5162,-0.3360,-3.7275,0.6494,-0.4078,4.8769,17.4288,-4.3645,-0.0883,-0.0746,0.0544
29756994,0.0013,0.0000,0.0654,-0.2660,-0.2558,-0.0722,0.1488,-0.1062,-0.1351,-0.1351,0.2417,-0.3813,-2.2363,0.4694,-1.0139,4.8617,17.4306,-4.3687,-0.0962,-0.0286,0.0132
29761994,0.0015,-0.0013,-0.0052,-0.2526,-0.1983,-0.0346,0.1501,-0.1385,-0.1347,-0.1347,0.0716,-0.4775,-1.8599,0.4405,-2.4541,4.8548,17.4328,-4.3822,-0.1175,0.0114,-0.0242
29766994,0.0011,-0.0024,-0.0696,-0.1671,-0.2454,0.0069,0.1057,-0.1411,-0.1351,-0.1351,-0.0829,-0.6112,-1.1333,1.5717,-4.1400,4.8472,17.4385,-4.3982,-0.0738,0.0257,-0.0379
29771994,0.0007,-0.0032,-0.0968,-0.1179,-0.2347,0.0305,0.0867,-0.1444,-0.1356,-0.1356,-0.0888,-0.7556,-0.4917,3.6956,-4.5040,4.8453,17.4531,-4.4267,-0.0291,0.0573,-0.0952
29776994,0.0003,-0.0038,-0.0522,-0.0809,-0.1950,0.0166,0.0864,-0.1256,-0.1365,-0.1365,-0.1879,-0.4557,0.0638,0.9585,-3.8603,4.8450,17.4620,-4.4421,-0.0064,0.1071,-0.1447
29781994,0.0002,-0.0039,-0.0238,0.0269,-0.3077,-0.0023,0.0390,-0.0724,-0.1380,-0.1380,-0.2896,-0.1733,0.7041,-0.9739,-3.5476,4.8478,17.4569,-4.4637,0.0108,0.1061,-0.1440
29786994,0.0003,-0.0033,-0.0021,0.1652,-0.2607,-0.0141,-0.0287,0.0126,-0.1387,-0.1387,-0.1539,0.0388,0.0048,-0.8757,-2.5023,4.8519,17.4535,-4.4739,0.0110,0.0875,-0.1254
29791994,0.0003,-0.0022,-0.0156,0.2782,-0.2698,-0.0085,-0.1068,0.0840,-0.1386,-0.1386,0.0359,0.3507,-1.8235,-1.7191,-0.7877,4.8441,17.4448,-4.4808,0.0038,0.0467,-0.0853
29796994,0.0007,-0.0011,0.0556,0.2697,-0.3220,-0.0582,-0.1008,0.1217,-0.1379,-0.1379,0.1387,0.4661,-2.1336,-2.4718,0.0523,4.8312,17.4348,-4.4801,-0.0052,0.0060,-0.0605
29801994,0.0010,0.0002,0.0360,0.2300,-0.3150,-0.0530,-0.1063,0.1228,-0.1373,-0.1373,0.1078,0.4797,-2.1261,-2.9307,0.2781,4.8229,17.4231,-4.4787,-0.0270,-0.0200,-0.0098
29806994,0.0014,0.0011,0.0596,0.1622,-0.3630,-0.0760,-0.0824,0.1164,-0.1362,-0.1362,0.2178,0.6152,-3.9779,-5.1224,0.6977,4.8019,17.3961,-4.4759,-0.0387,-0.0471,0.0260
29811994,0.0015,0.0020,0.0473,0.1875,-0.3593,-0.0703,-0.1124,0.1410,-0.1355,-0.1355,0.1558,0.6351,-3.0226,-4.6862,1.0647,4.7889,17.3612,-4.4676,-0.0779,-0.0722,0.0518
29816994,0.0020,0.0027,0.0797,0.1048,-0.0710,-0.0863,-0.0585,0.1366,-0.1347,-0.1347,0.1515,0.3444,-2.1572,-2.8921,0.1852,4.7762,17.3493,-4.4671,-0.0819,-0.1053,0.1060
29821995,0.0022,0.0028,0.0195,0.0104,-0.0386,-0.0575,-0.0278,0.0809,-0.1340,-0.1340,0.1326,0.1535,-2.2214,-1.8763,-0.0403,4.7673,17.3429,-4.4675,-0.0800,-0.1116,0.1386
29826994,0.0023,0.0025,-0.0128,-0.0913,-0.2888,-0.0505,0.0087,0.0084,-0.1333,-0.1333,0.1446,0.0344,-2.6783,-1.7276,-0.1157,4.7518,17.3320,-4.4678,-0.0679,-0.0635,0.1343
29831994,0.0023,0.0014,-0.0287,-0.2187,-0.3040,-0.0430,0.0836,-0.0758,-0.1331,-0.1331,0.0366,-0.1927,-2.1064,-1.5408,-1.2118,4.7431,17.3258,-4.4731,-0.0559,-0.0362,0.0978
29836994,0.0020,0.0002,-0.0452,-0.2230,-0.2768,-0.0249,0.1005,-0.1076,-0.1333,-0.1333,-0.0353,-0.3569,-1.0459,-0.0733,-1.7981,4.7363,17.3235,-4.4804,-0.0507,-0.0006,0.0517
29841994,0.0016,-0.0011,-0.0605,-0.2138,-0.2717,-0.0088,0.1115,-0.1343,-0.1335,-0.1335,-0.0354,-0.4913,-0.5011,1.5616,-2.0069,4.7345,17.3304,-4.4924,-0.0320,0.0194,0.0280
29846994,0.0012,-0.0023,-0.0476,-0.1863,-0.2781,-0.0094,0.1190,-0.1418,-0.1334,-0.1334,0.0113,-0.6401,0.1836,3.7588,-2.0753,4.7343,17.3450,-4.5005,-0.0265,0.0432,-0.0138
29851994,0.0011,-0.0032,-0.0064,-0.1432,-0.3758,-0.0324,0.1205,-0.1316,-0.1334,-0.1334,0.0064,-0.7059,0.3948,4.1559,-3.0782,4.7362,17.3640,-4.5177,-0.0118,0.1141,-0.0552
29856994,0.0007,-0.0035,-0.0360,-0.0449,-0.5462,-0.0157,0.0601,-0.1078,-0.1334,-0.1334,-0.0078,-0.4356,-0.0460,2.7811,-2.2427,4.7366,17.3814,-4.5268,-0.0218,0.1314,-0.0851
29861994,0.0005,-0.0033,-0.0043,0.0596,-0.5166,-0.0286,0.0145,-0.0458,-0.1330,-0.1330,0.0825,-0.1408,-0.4316,1.8232,-0.7524,4.7347,17.3887,-4.5325,-0.0187,0.1253,-0.1215
29866994,0.0005,-0.0028,0.0232,0.1436,-0.4115,-0.0389,-0.0242,0.0154,-0.1330,-0.1330,0.0027,0.0908,0.4968,0.6088,-0.0693,4.7369,17.3936,-4.5327,-0.0297,0.0801,-0.0956
29871994,0.0009,-0.0019,0.0489,0.2312,-0.4091,-0.0599,-0.0717,0.0842,-0.1329,-0.1329,0.0129,0.2773,0.4062,-0.2911,0.3020,4.7387,17.3925,-4.5315,-0.0363,0.0564,-0.0711
29876994,0.0010,-0.0007,0.0574,0.2440,-0.4057,-0.0673,-0.0950,0.1153,-0.1324,-0.1324,0.0987,0.4008,-0.3044,-0.8531,1.1631,4.7376,17.3889,-4.5271,-0.0391,0.0178,-0.0323
29881994,0.0015,0.0005,0.0651,0.2330,-0.4128,-0.0818,-0.1052,0.1392,-0.1318,-0.1318,0.1278,0.5191,-0.5415,-1.6816,1.9968,4.7351,17.3822,-4.5159,-0.0626,-0.0191,0.0105
29886994,0.0019,0.0015,0.0715,0.1558,-0.3676,-0.0919,-0.0775,0.1268,-0.1315,-0.1315,0.0641,0.6771,-0.8058,-4.2375,2.4637,4.7305,17.3612,-4.5062,-0.0778,-0.0471,0.0308
29891994,0.0023,0.0025,0.0376,0.1894,-0.3120,-0.0777,-0.1153,0.1569,-0.1319,-0.1319,-0.0914,0.7426,-1.1929,-6.1772,0.9308,4.7255,17.3353,-4.4982,-0.0884,-0.0822,0.0912
29896994,0.0026,0.0027,0.0247,0.0721,-0.1757,-0.0729,-0.0554,0.1079,-0.1315,-0.1315,0.0957,0.3031,-1.6580,-2.3487,0.6183,4.7157,17.3178,-4.4960,-0.0816,-0.1184,0.1296
29901994,0.0027,0.0027,-0.0168,-0.0079,-0.1058,-0.0492,-0.0249,0.0619,-0.1312,-0.1312,0.0555,0.0937,-1.4459,-1.2899,0.0143,4.7098,17.3120,-4.4958,-0.0748,-0.1237,0.1398
29906994,0.0025,0.0023,-0.0455,-0.1084,-0.2289,-0.0338,0.0154,-0.0081,-0.1313,-0.1313,-0.0165,-0.0332,-0.9394,-1.0974,-0.1328,4.7041,17.3074,-4.4962,-0.0736,-0.0794,0.0993
29911995,0.0023,0.0012,-0.0211,-0.2214,-0.2949,-0.0451,0.0898,-0.0788,-0.1315,-0.1315,-0.0415,-0.2626,-0.8087,-0.7693,-1.3015,4.7009,17.3043,-4.5025,-0.0402,-0.0357,0.0605
29916994,0.0022,0.0004,-0.0098,-0.2016,-0.2811,-0.0499,0.0992,-0.0819,-0.1316,-0.1316,-0.0186,-0.3585,-0.4886,0.4230,-1.5956,4.6982,17.3053,-4.5090,-0.0453,0.0036,0.0355
29921994,0.0022,-0.0008,0.0113,-0.1842,-0.2484,-0.0601,0.1183,-0.0870,-0.1313,-0.1313,0.0481,-0.4236,-0.7072,1.2420,-1.8377,4.6953,17.3099,-4.5196,-0.0488,0.0241,-0.0070
29926994,0.0023,-0.0017,0.0067,-0.1249,-0.2487,-0.0593,0.1063,-0.0759,-0.1306,-0.1306,0.1554,-0.6583,-0.7342,4.3507,-2.5066,4.6909,17.3315,-4.5293,-0.0580,0.0509,-0.0434
29931994,0.0026,-0.0023,0.0635,-0.0825,-0.2585,-0.0984,0.1162,-0.0478,-0.1296,-0.1296,0.1825,-0.5099,-0.8240,3.2482,-2.2471,4.6875,17.3561,-4.5447,-0.0604,0.1028,-0.0750
29936994,0.0027,-0.0024,-0.0168,0.0397,-0.3566,-0.0581,0.0321,-0.0153,-0.1293,-0.1293,0.0664,-0.2077,-0.6459,1.8708,-1.3105,4.6836,17.3642,-4.5503,-0.0635,0.1248,-0.0783
29941995,0.0025,-0.0021,0.0043,0.0898,-0.3703,-0.0681,0.0064,0.0188,-0.1287,-0.1287,0.1241,0.0983,-1.1318,0.1476,0.2562,4.6791,17.3661,-4.5492,-0.0826,0.1217,-0.0366
29946994,0.0022,-0.0014,-0.0397,0.1863,-0.2768,-0.0330,-0.0653,0.0662,-0.1287,-0.1287,-0.0118,0.2696,0.0114,-0.2132,0.8581,4.6778,17.3650,-4.5458,-0.0731,0.0692,-0.0167
29951994,0.0023,-0.0003,0.0156,0.2663,-0.2655,-0.0644,-0.1064,0.1400,-0.1284,-0.1284,0.0787,0.4768,0.0214,-0.6288,2.0788,4.6779,17.3626,-4.5350,-0.0467,0.0432,0.0218
29956994,0.0020,0.0011,-0.0324,0.2474,-0.3538,-0.0369,-0.1403,0.1362,-0.1284,-0.1284,-0.0068,0.5837,0.3220,-1.5562,2.7690,4.6790,17.3540,-4.5233,-0.0440,0.0019,0.0771
29961994,0.0022,0.0021,0.0092,0.1894,-0.3966,-0.0634,-0.1205,0.1379,-0.1286,-0.1286,-0.0462,0.5179,-0.0684,-2.7958,1.4273,4.6794,17.3395,-4.5136,-0.0482,-0.0124,0.1030
29966994,0.0021,0.0026,-0.0302,0.0638,-0.3950,-0.0388,-0.0814,0.0744,-0.1297,-0.1297,-0.2188,0.5453,0.3269,-4.8637,1.3237,4.6811,17.3204,-4.5085,-0.0415,-0.0417,0.1386
29971994,0.0022,0.0029,-0.0107,0.0504,-0.3495,-0.0511,-0.0709,0.0815,-0.1302,-0.1302,-0.1068,0.3903,-0.0097,-3.2620,1.1064,4.6809,17.3054,-4.5009,-0.0538,-0.0967,0.1234
29976994,0.0024,0.0026,0.0089,-0.0883,-0.1968,-0.0606,0.0166,0.0212,-0.1302,-0.1302,0.0125,-0.0854,0.0881,0.1097,0.1465,4.6819,17.3013,-4.4999,-0.0481,-0.0943,0.1066
29981994,0.0025,0.0018,0.0464,-0.1484,-0.2029,-0.0831,0.0696,-0.0100,-0.1298,-0.1298,0.0717,-0.1931,-0.0830,0.4852,-0.0889,4.6814,17.3037,-4.5004,-0.0593,-0.0700,0.0701
29986994,0.0027,0.0006,0.0342,-0.1836,-0.2903,-0.0851,0.1028,-0.0514,-0.1294,-0.1294,0.0807,-0.2631,-0.6283,0.4008,-0.6222,4.6787,17.3059,-4.5026,-0.0662,-0.0203,0.0316
29991994,0.0032,-0.0003,0.0761,-0.2117,-0.2139,-0.1155,0.1528,-0.0621,-0.1286,-0.1286,0.1618,-0.4110,-1.1695,1.0676,-1.4971,4.6738,17.3107,-4.5105,-0.0830,-0.0050,0.0102
29996994,0.0034,-0.0012,0.0110,-0.1350,-0.1205,-0.0798,0.1202,-0.0544,-0.1282,-0.1282,0.0902,-0.4879,-0.8346,2.3164,-2.2227,4.6688,17.3196,-4.5192,-0.0902,0.0261,-0.0278
30001994,0.0038,-0.0019,0.0470,-0.0938,-0.0462,-0.1049,0.1306,-0.0311,-0.1268,-0.1268,0.2650,-0.6638,-1.5128,4.5793,-2.7497,4.6627,17.3374,-4.5370,-0.1034,0.0552,-0.0577
30006994,0.0039,-0.0023,0.0092,-0.0296,-0.0411,-0.0862,0.0968,-0.0153,-0.1261,-0.1261,0.1447,-0.3709,-1.1773,2.5263,-1.8628,4.6553,17.3576,-4.5445,-0.0971,0.1352,-0.0569
30011994,0.0040,-0.0022,-0.0144,0.0715,-0.1996,-0.0808,0.0332,0.0245,-0.1254,-0.1254,0.1357,-0.0181,-1.2269,1.0205,-0.1323,4.6504,17.3619,-4.5473,-0.0872,0.1443,-0.0321
30016994,0.0039,-0.0015,-0.0516,0.1793,-0.2255,-0.0586,-0.0432,0.0757,-0.1254,-0.1254,0.0114,0.2387,-0.9751,-0.6545,0.1073,4.6440,17.3589,-4.5466,-0.0830,0.0926,-0.0004
30021994,0.0034,-0.0002,-0.0935,0.2443,-0.1556,-0.0218,-0.1123,0.1160,-0.1257,-0.1257,-0.0597,0.4237,-0.3791,-1.1559,1.1492,4.6427,17.3525,-4.5419,-0.0702,0.0749,0.0178
30026994,0.0030,0.0010,-0.1005,0.2190,-0.1247,-0.0096,-0.1258,0.1209,-0.1262,-0.1262,-0.0956,0.5282,0.1851,-1.7489,2.2278,4.6437,17.3455,-4.5325,-0.0596,0.0286,0.0616
30031996,0.0026,0.0020,-0.0538,0.2202,-0.2081,-0.0294,-0.1394,0.1446,-0.1268,-0.1268,-0.1308,0.4864,0.5239,-2.0449,1.3773,4.6454,17.3372,-4.5233,-0.0165,-0.0136,0.1147
30036994,0.0024,0.0028,-0.0284,0.1182,-0.3407,-0.0449,-0.1037,0.1091,-0.1280,-0.1280,-0.2407,0.5082,1.0787,-3.7902,1.2232,4.6529,17.3176,-4.5187,-0.0256,-0.0420,0.1305
30041994,0.0025,0.0030,-0.0238,0.0654,-0.3706,-0.0512,-0.0818,0.0901,-0.1289,-0.1289,-0.1861,0.5366,0.1513,-4.6802,1.3762,4.6533,17.2972,-4.5105,-0.0382,-0.0956,0.1335
30046994,0.0026,0.0030,-0.0415,0.0092,-0.2454,-0.0378,-0.0534,0.0628,-0.1293,-0.1293,-0.0727,0.2100,-0.1200,-1.7567,0.8249,4.6520,17.2842,-4.5072,-0.0502,-0.1152,0.0998
30051994,0.0028,0.0027,0.0034,-0.0702,0.0051,-0.0580,0.0163,0.0423,-0.1292,-0.1292,0.0288,-0.1131,-0.0382,0.5201,-0.0299,4.6518,17.2876,-4.5076,-0.0400,-0.1082,0.0912
30056994,0.0028,0.0022,-0.0220,-0.1264,-0.0783,-0.0475,0.0421,-0.0036,-0.1290,-0.1290,0.0234,-0.1870,-0.1548,0.7390,-0.0391,4.6516,17.2910,-4.5077,-0.0397,-0.0567,0.0522
30061994,0.0032,0.0010,0.0302,-0.2092,-0.2234,-0.0898,0.1143,-0.0504,-0.1285,-0.1285,0.1076,-0.3110,-0.9765,0.5403,-0.7703,4.6474,17.2932,-4.5116,-0.0448,-0.0080,0.0266
30066994,0.0033,0.0000,0.0339,-0.1573,-0.1583,-0.0906,0.1115,-0.0392,-0.1282,-0.1282,0.0686,-0.3337,-0.4821,1.0389,-1.2306,4.6439,17.2972,-4.5164,-0.0656,0.0237,0.0058
30071994,0.0036,-0.0007,0.0522,-0.0861,-0.0081,-0.1016,0.1050,-0.0044,-0.1271,-0.1271,0.2029,-0.5549,-1.1204,3.5709,-2.4568,4.6401,17.3145,-4.5297,-0.0875,0.0365,-0.0288
30076994,0.0038,-0.0009,0.0742,-0.0617,0.0549,-0.1170,0.1093,0.0140,-0.1254,-0.1254,0.3403,-0.6460,-1.4530,5.2649,-2.2451,4.6316,17.3370,-4.5397,-0.0972,0.0966,-0.0296
30081994,0.0040,-0.0012,0.0437,-0.0113,-0.0743,-0.1092,0.0774,0.0232,-0.1241,-0.1241,0.2598,-0.1779,-1.3159,2.1616,0.0208,4.6263,17.3516,-4.5421,-0.1162,0.1300,-0.0150
30086994,0.0041,-0.0010,0.0192,0.0901,-0.2075,-0.1016,0.0129,0.0647,-0.1232,-0.1232,0.1813,0.1533,-1.2072,0.1909,1.0034,4.6184,17.3519,-4.5379,-0.1155,0.1292,0.0104
30091994,0.0041,-0.0003,-0.0199,0.1793,-0.1403,-0.0780,-0.0496,0.1113,-0.1230,-0.1230,0.0530,0.3195,-0.7110,-0.8000,1.0015,4.6151,17.3480,-4.5303,-0.1071,0.0784,0.0463
30096994,0.0039,0.0008,-0.0974,0.2578,-0.0490,-0.0260,-0.1282,0.1485,-0.1235,-0.1235,-0.0969,0.4101,-0.0179,-0.9913,0.9677,4.6139,17.3442,-4.5272,-0.0907,0.0303,0.0650
30101994,0.0034,0.0020,-0.1319,0.2327,-0.0771,0.0013,-0.1529,0.1427,-0.1243,-0.1243,-0.1624,0.4789,0.1274,-1.7943,1.3704,4.6147,17.3342,-4.5190,-0.0552,0.0104,0.1063
30106994,0.0027,0.0029,-0.1295,0.1536,-0.1501,0.0113,-0.1400,0.1112,-0.1254,-0.1254,-0.2270,0.4305,0.5089,-2.3553,1.2035,4.6174,17.3251,-4.5142,-0.0355,-0.0277,0.1445
30111994,0.0021,0.0034,-0.0996,0.0706,-0.2237,0.0049,-0.1100,0.0792,-0.1274,-0.1274,-0.4003,0.5499,1.2814,-5.1445,1.0161,4.6226,17.2980,-4.5077,0.0013,-0.0577,0.1408
30116994,0.0015,0.0034,-0.1002,0.0290,-0.2274,0.0182,-0.0962,0.0517,-0.1295,-0.1295,-0.4142,0.3271,1.9440,-3.4672,0.3644,4.6348,17.2829,-4.5063,0.0032,-0.1106,0.1035
30121994,0.0014,0.0030,0.0015,-0.0721,-0.0169,-0.0277,-0.0059,0.0316,-0.1304,-0.1304,-0.1845,-0.0044,1.6150,-0.8922,-0.0222,4.6413,17.2727,-4.5064,0.0155,-0.1276,0.0602
30126994,0.0014,0.0025,0.0480,-0.1161,0.0417,-0.0526,0.0417,0.0157,-0.1311,-0.1311,-0.1317,-0.1314,2.0477,0.1430,-0.0533,4.6534,17.2740,-4.5065,0.0015,-0.0893,0.0465
30131994,0.0019,0.0015,0.1194,-0.1607,-0.0765,-0.1063,0.0995,-0.0020,-0.1306,-0.1306,0.0986,-0.2138,0.0704,0.1796,-0.5033,4.6547,17.2749,-4.5088,-0.0214,-0.0624,0.0218
30136994,0.0024,0.0007,0.1371,-0.1402,-0.1021,-0.1292,0.1138,0.0036,-0.1284,-0.1284,0.4299,-0.2454,-3.3363,0.6034,-0.7533,4.6387,17.2770,-4.5123,-0.0389,-0.0212,0.0008
30141994,0.0036,0.0002,0.1891,-0.0907,-0.0001,-0.1787,0.1299,0.0488,-0.1249,-0.1249,0.7120,-0.2764,-5.7081,1.3139,-1.0821,4.6149,17.2844,-4.5188,-0.0960,0.0179,0.0029
30146994,0.0044,-0.0004,0.1399,-0.0718,0.1178,-0.1631,0.1303,0.0465,-0.1221,-0.1221,0.5472,-0.2905,-3.5062,2.4364,-0.3789,4.5930,17.2937,-4.5204,-0.1315,0.0338,0.0106
30151994,0.0048,-0.0005,0.0388,0.0183,0.2949,-0.1084,0.0722,0.0704,-0.1197,-0.1197,0.4910,-0.3254,-2.5848,4.6582,0.2431,4.5830,17.3223,-4.5190,-0.1734,0.0797,0.0457
30156994,0.0048,-0.0004,0.0324,0.0199,0.0894,-0.1119,0.0600,0.0623,-0.1180,-0.1180,0.3387,-0.1476,-2.4178,2.0707,-0.0836,4.5675,17.3293,-4.5194,-0.1525,0.1250,0.0540
30161994,0.0041,-0.0002,-0.1796,0.0809,-0.1467,0.0111,-0.0497,0.0217,-0.1185,-0.1185,-0.1065,0.1753,-1.4279,-1.2180,-0.0096,4.5619,17.3243,-4.5192,-0.1219,0.1026,0.0646
30166994,0.0035,0.0001,-0.1176,0.1109,0.0121,-0.0052,-0.0519,0.0585,-0.1195,-0.1195,-0.1892,0.2320,-0.0410,-1.6158,-0.0607,4.5613,17.3175,-4.5195,-0.1115,0.0557,0.0435
30171994,0.0026,0.0009,-0.2364,0.1909,0.0436,0.0814,-0.1449,0.0686,-0.1211,-0.1211,-0.3198,0.2539,0.2077,-1.1248,-0.3166,4.5621,17.3105,-4.5210,-0.0709,0.0079,0.0331
30176994,0.0020,0.0017,-0.1521,0.1475,0.0057,0.0450,-0.1223,0.0779,-0.1225,-0.1225,-0.2856,0.2657,0.7399,-1.5050,0.0134,4.5673,17.3047,-4.5209,-0.0424,-0.0073,0.0661
30181994,0.0009,0.0020,-0.1851,0.0644,-0.0224,0.0840,-0.1110,0.0244,-0.1246,-0.1246,-0.4291,0.3631,1.0647,-3.5711,0.2686,4.5717,17.2867,-4.5195,-0.0001,-0.0368,0.0762
30186994,0.0003,0.0026,-0.1087,0.1045,-0.1159,0.0527,-0.1312,0.0651,-0.1276,-0.1276,-0.5954,0.6009,2.6395,-5.9683,0.4147,4.5851,17.2626,-4.5179,0.0343,-0.0993,0.0705
30191994,-0.0004,0.0034,-0.1323,0.1225,-0.0407,0.0816,-0.1620,0.0756,-0.1308,-0.1308,-0.6476,0.4085,4.0122,-3.5658,0.1119,4.6020,17.2399,-4.5166,0.0612,-0.1184,0.0576
30196994,-0.0007,0.0036,-0.0440,0.0116,0.1743,0.0459,-0.0809,0.0551,-0.1323,-0.1323,-0.2967,0.1583,2.0633,-1.6945,0.1919,4.6149,17.2333,-4.5160,0.0683,-0.1570,0.0730
30201994,-0.0009,0.0035,-0.0348,-0.0452,0.0231,0.0390,-0.0572,0.0208,-0.1334,-0.1334,-0.2067,0.0828,1.1919,-1.5450,0.1013,4.6198,17.2248,-4.5143,0.0791,-0.1515,0.0714
30206994,-0.0004,0.0028,0.1341,-0.1365,-0.0563,-0.0685,0.0472,0.0147,-0.1327,-0.1327,0.1249,-0.0388,-0.6219,-1.3507,-0.0941,4.6179,17.2191,-4.5148,0.0559,-0.1292,0.0442
30211994,0.0002,0.0020,0.1539,-0.1451,0.0631,-0.0873,0.0817,0.0129,-0.1316,-0.1316,0.2256,-0.1859,-1.0798,-0.0184,-0.5429,4.6138,17.2172,-4.5171,0.0358,-0.0926,0.0161
30216994,0.0014,0.0011,0.2034,-0.1518,0.1135,-0.1369,0.1294,0.0207,-0.1298,-0.1298,0.3633,-0.2155,-1.8568,0.3348,-0.4852,4.6038,17.2186,-4.5194,-0.0066,-0.0448,0.0124
30221994,0.0024,0.0003,0.1506,-0.1359,0.1236,-0.1277,0.1306,0.0114,-0.1277,-0.1277,0.4188,-0.2223,-2.8863,0.6576,-0.4562,4.5927,17.2223,-4.5221,-0.0387,-0.0221,0.0196
30226994,0.0034,-0.0003,0.1628,-0.0916,0.0542,-0.1583,0.1315,0.0330,-0.1248,-0.1248,0.5842,-0.1838,-4.3094,0.9781,-0.2125,4.5651,17.2262,-4.5229,-0.0629,0.0175,0.0102
30231994,0.0040,-0.0007,0.1090,-0.0290,0.0604,-0.1397,0.1005,0.0462,-0.1221,-0.1221,0.5256,-0.2925,-3.0576,3.2749,-0.1133,4.5535,17.2419,-4.5238,-0.1260,0.0428,0.0169
30236994,0.0046,-0.0008,0.0880,-0.0012,0.2879,-0.1327,0.0989,0.0672,-0.1196,-0.1196,0.5088,-0.3155,-2.6079,4.0982,0.0597,4.5373,17.2603,-4.5235,-0.1452,0.0790,0.0436
30241994,0.0047,-0.0009,-0.0315,-0.0269,0.1443,-0.0728,0.0743,0.0153,-0.1184,-0.1184,0.2394,-0.1688,-2.0497,1.8788,0.0531,4.5287,17.2714,-4.5233,-0.1414,0.1120,0.0651
30246994,0.0041,-0.0009,-0.1665,0.0394,-0.0267,0.0084,-0.0096,-0.0019,-0.1188,-0.1188,-0.0809,0.0457,-1.0056,-0.0934,-0.0139,4.5213,17.2706,-4.5233,-0.1287,0.0986,0.0631
30251994,0.0031,-0.0007,-0.1909,0.0816,0.0405,0.0450,-0.0471,0.0068,-0.1199,-0.1199,-0.2215,0.1144,-0.1154,-0.6671,-0.2461,4.5206,17.2659,-4.5244,-0.0893,0.0537,0.0212
30256994,0.0022,-0.0001,-0.2175,0.1597,0.0552,0.0795,-0.1107,0.0376,-0.1217,-0.1217,-0.3532,0.1610,0.8098,-0.7095,-0.6936,4.5248,17.2632,-4.5272,-0.0604,0.0324,0.0077
30261994,0.0009,0.0008,-0.2172,0.1875,0.0823,0.1059,-0.1518,0.0555,-0.1238,-0.1238,-0.4268,0.3001,1.4639,-1.5937,-0.1466,4.5307,17.2550,-4.5296,-0.0161,-0.0040,0.0105
30266994,-0.0001,0.0016,-0.1946,0.1439,0.1089,0.1154,-0.1494,0.0466,-0.1261,-0.1261,-0.4638,0.3949,2.1276,-2.4844,0.7440,4.5424,17.2453,-4.5263,0.0047,-0.0221,0.0437
30271994,-0.0007,0.0022,-0.0831,0.1399,0.0005,0.0627,-0.1389,0.0763,-0.1292,-0.1292,-0.6072,0.6114,3.3546,-5.5121,0.5513,4.5551,17.2163,-4.5220,0.0362,-0.0504,0.0491
30276994,-0.0011,0.0031,-0.1225,0.1524,-0.0252,0.0914,-0.1746,0.0803,-0.1318,-0.1318,-0.5218,0.5078,2.5762,-4.1544,0.4158,4.5725,17.1983,-4.5204,0.0768,-0.1192,0.0528
30281994,-0.0009,0.0034,0.0076,0.0696,0.1373,0.0199,-0.0963,0.0923,-0.1327,-0.1327,-0.1794,0.3440,1.4063,-2.4404,1.0876,4.5794,17.1794,-4.5146,0.0940,-0.1730,0.0777
30286994,-0.0007,0.0034,0.0809,0.0092,0.1065,-0.0269,-0.0445,0.0838,-0.1328,-0.1328,-0.0223,0.2098,0.5391,-1.9004,0.6802,4.5829,17.1723,-4.5119,0.0902,-0.1704,0.0949
30291994,0.0006,0.0031,0.2169,-0.0730,0.0726,-0.1278,0.0480,0.0882,-0.1319,-0.1319,0.1739,0.0288,-0.1095,-1.2403,0.0679,4.5828,17.1637,-4.5107,0.0457,-0.1285,0.0915
30296994,0.0015,0.0026,0.1741,-0.1344,0.1272,-0.1221,0.0874,0.0494,-0.1305,-0.1305,0.2904,-0.1113,-1.3998,-0.2511,0.0447,4.5763,17.1623,-4.5107,0.0255,-0.1103,0.0886
30301994,0.0025,0.0018,0.1579,-0.1713,0.1437,-0.1324,0.1248,0.0242,-0.1285,-0.1285,0.3909,-0.2099,-2.2663,0.5777,0.0801,4.5670,17.1653,-4.5099,-0.0075,-0.0632,0.0689
30306994,0.0031,0.0008,0.1032,-0.1567,0.1352,-0.1164,0.1274,0.0047,-0.1256,-0.1256,0.5731,-0.2451,-4.7932,1.0110,-0.1301,4.5422,17.1694,-4.5105,-0.0411,-0.0158,0.0480
30311994,0.0039,-0.0000,0.1561,-0.1155,0.0979,-0.1631,0.1436,0.0309,-0.1229,-0.1229,0.5568,-0.2583,-4.0892,1.2937,-0.5480,4.5240,17.1768,-4.5131,-0.1093,0.0218,0.0124
30316994,0.0041,-0.0002,0.0153,-0.0498,0.2531,-0.0830,0.0839,0.0285,-0.1212,-0.1212,0.3273,-0.2974,-2.7657,2.3017,-0.8840,4.5064,17.1854,-4.5168,-0.1354,0.0354,0.0239
30321994,0.0043,-0.0005,-0.0061,-0.0351,0.4336,-0.0674,0.0862,0.0315,-0.1194,-0.1194,0.3695,-0.3300,-2.2644,3.8126,0.0234,4.4976,17.2102,-4.5181,-0.1426,0.0971,0.0234
30326994,0.0035,-0.0009,-0.1332,-0.0284,0.2351,0.0103,0.0386,-0.0216,-0.1190,-0.1190,0.0816,-0.2022,-1.5384,1.9709,-0.2636,4.4873,17.2169,-4.5189,-0.1220,0.0966,0.0334
30331994,0.0030,-0.0009,-0.1408,0.0541,0.0151,0.0188,-0.0194,0.0023,-0.1199,-0.1199,-0.1781,0.0709,-0.3473,-0.8699,-0.6560,4.4862,17.2125,-4.5221,-0.0873,0.0947,0.0150
30336994,0.0022,-0.0005,-0.1863,0.1176,0.0579,0.0609,-0.0753,0.0212,-0.1215,-0.1215,-0.3206,0.1169,0.2606,-1.2297,-1.2402,4.4875,17.2077,-4.5269,-0.0404,0.0397,0.0036
30341994,0.0013,0.0003,-0.2190,0.1985,0.1807,0.1027,-0.1417,0.0599,-0.1235,-0.1235,-0.4152,0.2727,1.3156,-1.3458,-0.3925,4.4922,17.1996,-4.5314,-0.0027,-0.0032,0.0092
30346994,0.0004,0.0011,-0.1778,0.2007,0.2406,0.1004,-0.1516,0.0791,-0.1260,-0.1260,-0.4868,0.4096,2.9508,-1.8342,0.8521,4.5079,17.1924,-4.5280,0.0224,-0.0216,0.0311
30351994,-0.0003,0.0020,-0.1170,0.1946,0.1001,0.0778,-0.1626,0.0964,-0.1292,-0.1292,-0.6509,0.6197,4.3417,-4.3380,1.1280,4.5259,17.1702,-4.5210,0.0740,-0.0466,0.0580
30356994,-0.0009,0.0027,-0.1109,0.1988,-0.0456,0.0808,-0.1882,0.1021,-0.1321,-0.1321,-0.5779,0.7185,3.1969,-5.3439,1.3376,4.5441,17.1469,-4.5157,0.0933,-0.0814,0.0905
30361994,-0.0011,0.0037,-0.0162,0.1558,-0.0349,0.0299,-0.1567,0.1228,-0.1334,-0.1334,-0.2499,0.5589,1.5505,-3.6436,1.5401,4.5501,17.1243,-4.5064,0.0950,-0.1433,0.1034
30366994,-0.0011,0.0042,0.0064,0.1032,0.1101,0.0241,-0.1298,0.1185,-0.1338,-0.1338,-0.0867,0.3620,0.6989,-2.0013,1.3264,4.5540,17.1164,-4.5013,0.0791,-0.1730,0.1068
30371994,-0.0005,0.0043,0.1460,-0.0156,0.1660,-0.0644,-0.0257,0.1093,-0.1330,-0.1330,0.1659,0.1613,0.0301,-0.8853,1.3882,4.5539,17.1102,-4.4923,0.0332,-0.1455,0.1198
30376994,0.0002,0.0037,0.1573,-0.1399,0.1187,-0.0869,0.0530,0.0476,-0.1317,-0.1317,0.2613,-0.0637,-0.7801,-0.1124,0.8678,4.5499,17.1097,-4.4889,0.0177,-0.1296,0.1153
30381994,0.0010,0.0026,0.1463,-0.1665,0.1184,-0.0973,0.0902,0.0208,-0.1300,-0.1300,0.3242,-0.1765,-1.7997,0.2470,0.1174,4.5419,17.1109,-4.4877,-0.0124,-0.0831,0.1077
30386994,0.0014,0.0019,0.0892,-0.1735,0.1425,-0.0741,0.0964,-0.0058,-0.1279,-0.1279,0.4299,-0.2391,-3.4323,0.7861,-0.0595,4.5288,17.1154,-4.4879,-0.0433,-0.0620,0.0631
30391994,0.0019,0.0010,0.1313,-0.1594,0.1459,-0.1073,0.1220,0.0023,-0.1252,-0.1252,0.5367,-0.2714,-4.2470,0.9897,-0.4529,4.5101,17.1194,-4.4897,-0.0723,-0.0173,0.0222
30396994,0.0022,0.0004,0.0186,-0.0953,0.3252,-0.0433,0.0806,0.0003,-0.1242,-0.1242,0.2062,-0.3117,-1.7985,1.6821,-1.1020,4.4972,17.1284,-4.4941,-0.0959,0.0195,0.0078
30401994,0.0022,-0.0000,-0.0272,-0.0284,0.4370,-0.0131,0.0475,0.0163,-0.1231,-0.1231,0.2092,-0.3812,-1.4975,3.4021,-1.1333,4.4889,17.1414,-4.5021,-0.0958,0.0334,0.0004
30406994,0.0019,-0.0002,-0.0305,-0.0140,0.3795,-0.0076,0.0384,0.0132,-0.1220,-0.1220,0.2203,-0.3822,-1.2250,3.9342,-0.7982,4.4839,17.1594,-4.5053,-0.0531,0.0853,0.0130
30411994,0.0011,0.0003,-0.1408,0.0950,0.1575,0.0619,-0.0730,0.0293,-0.1229,-0.1229,-0.1635,0.0707,-0.0833,-0.1794,-0.4920,4.4820,17.1629,-4.5086,-0.0338,0.0671,0.0113
30416994,0.0004,0.0007,-0.1100,0.0901,0.0564,0.0560,-0.0802,0.0307,-0.1241,-0.1241,-0.2560,0.1929,0.5496,-1.7370,-0.4160,4.4847,17.1518,-4.5105,0.0024,0.0528,0.0226
30421994,-0.0003,0.0015,-0.1225,0.2053,0.2329,0.0837,-0.1529,0.0962,-0.1257,-0.1257,-0.3140,0.3711,1.3754,-1.8241,0.3089,4.4903,17.1445,-4.5088,0.0222,0.0001,0.0289
30426994,-0.0010,0.0027,-0.1029,0.2630,0.2424,0.0885,-0.2037,0.1433,-0.1286,-0.1286,-0.5853,0.5361,4.1179,-3.0106,0.5000,4.5123,17.1289,-4.5070,0.0478,-0.0366,0.0329
30431994,-0.0011,0.0037,-0.0663,0.2053,0.0787,0.0636,-0.1914,0.1369,-0.1310,-0.1310,-0.4812,0.7379,2.5356,-5.5073,1.3422,4.5286,17.1074,-4.4998,0.0964,-0.0472,0.0733
30436994,-0.0016,0.0044,-0.0742,0.1891,-0.1217,0.0694,-0.2114,0.1278,-0.1326,-0.1326,-0.3195,0.6668,1.5454,-4.2558,1.8875,4.5347,17.0878,-4.4923,0.0798,-0.1201,0.1146
30441994,-0.0013,0.0052,0.0828,0.1686,-0.0328,-0.0197,-0.1650,0.1810,-0.1325,-0.1325,0.0334,0.5098,0.4094,-2.3338,2.0536,4.5369,17.0698,-4.4792,0.0777,-0.1742,0.1293
30446994,-0.0009,0.0056,0.1158,0.0559,0.1767,-0.0391,-0.0944,0.1540,-0.1318,-0.1318,0.1376,0.2403,0.4347,-0.5109,1.8597,4.5389,17.0658,-4.4720,0.0537,-0.1868,0.1413
30451994,-0.0001,0.0056,0.1720,-0.0199,0.1691,-0.0868,-0.0351,0.1415,-0.1305,-0.1305,0.2474,0.1445,0.1152,-0.1053,2.0081,4.5396,17.0656,-4.4601,0.0356,-0.1661,0.1560
30456994,0.0006,0.0051,0.1023,-0.1109,0.0805,-0.0653,0.0007,0.0739,-0.1294,-0.1294,0.2273,-0.0236,-0.6556,0.1737,1.2967,4.5368,17.0664,-4.4546,-0.0053,-0.1178,0.1540
30461994,0.0013,0.0043,0.1100,-0.1833,0.0909,-0.0852,0.0616,0.0342,-0.1274,-0.1274,0.4069,-0.1746,-2.7048,0.5481,0.6591,4.5237,17.0684,-4.4506,-0.0365,-0.0967,0.1332
30466994,0.0020,0.0031,0.0913,-0.2010,0.1291,-0.0873,0.0936,0.0087,-0.1249,-0.1249,0.4959,-0.2438,-3.9660,0.8193,0.2659,4.5067,17.0720,-4.4492,-0.0909,-0.0534,0.0900
30471994,0.0022,0.0021,0.0822,-0.1784,0.2448,-0.0816,0.1036,0.0064,-0.1233,-0.1233,0.3077,-0.2686,-2.0067,1.0863,-0.0744,4.4931,17.0783,-4.4496,-0.0962,-0.0079,0.0677
30476994,0.0026,0.0013,0.0449,-0.1176,0.3890,-0.0621,0.0875,0.0197,-0.1226,-0.1226,0.1583,-0.2617,-0.7583,1.4313,-0.4217,4.4899,17.0859,-4.4511,-0.0933,0.0093,0.0252
30481994,0.0027,0.0009,-0.0168,-0.0684,0.2821,-0.0352,0.0524,0.0155,-0.1219,-0.1219,0.1230,-0.3825,-0.5453,3.0297,-1.0074,4.4874,17.0974,-4.4566,-0.0850,0.0364,0.0201
30486994,0.0023,0.0006,-0.1142,-0.0214,0.2454,0.0251,0.0030,0.0004,-0.1216,-0.1216,0.0588,-0.3050,-0.7320,3.0164,-0.6286,4.4838,17.1221,-4.4589,-0.0526,0.0804,0.0146
30491994,0.0015,0.0006,-0.1326,0.0492,0.1502,0.0480,-0.0494,0.0188,-0.1224,-0.1224,-0.1432,-0.0356,0.1450,0.5715,-0.5186,4.4840,17.1243,-4.4625,-0.0242,0.0692,0.0023
30496994,0.0010,0.0011,-0.0886,0.1295,0.1001,0.0336,-0.0918,0.0698,-0.1237,-0.1237,-0.2646,0.1894,1.0433,-1.3020,-0.5318,4.4883,17.1186,-4.4650,0.0160,0.0263,0.0137
30501994,0.0008,0.0021,-0.0666,0.2413,0.3023,0.0333,-0.1516,0.1534,-0.1257,-0.1257,-0.3982,0.4581,2.7392,-2.3475,0.4400,4.5020,17.1057,-4.4633,0.0222,-0.0222,0.0185
30506994,0.0005,0.0033,-0.1078,0.2706,0.2922,0.0625,-0.2032,0.1745,-0.1282,-0.1282,-0.5062,0.7545,2.3806,-5.1643,1.0573,4.5132,17.0792,-4.4589,0.0427,-0.0365,0.0595
30511994,0.0003,0.0047,-0.0672,0.2483,0.0903,0.0362,-0.2152,0.1895,-0.1298,-0.1298,-0.3216,0.8281,0.7845,-5.7699,1.6847,4.5164,17.0536,-4.4494,0.0492,-0.0923,0.1056
30516994,0.0004,0.0058,-0.0159,0.2428,0.0301,0.0019,-0.2171,0.2187,-0.1305,-0.1305,-0.1354,0.6460,0.6306,-3.2903,1.8931,4.5195,17.0323,-4.4419,0.0556,-0.1553,0.1279
30521994,0.0005,0.0068,0.0027,0.1814,0.1905,-0.0046,-0.1929,0.2195,-0.1304,-0.1304,0.0155,0.4827,-0.0230,-1.8191,2.0553,4.5202,17.0253,-4.4304,0.0236,-0.1796,0.1701
30526994,0.0006,0.0071,0.0082,0.0415,0.2378,-0.0085,-0.1271,0.1632,-0.1300,-0.1300,0.0748,0.3216,-0.3655,-1.4257,2.1756,4.5188,17.0198,-4.4216,-0.0005,-0.2016,0.2148
30531994,0.0010,0.0067,0.0816,-0.1081,0.2183,-0.0567,-0.0251,0.1071,-0.1292,-0.1292,0.1652,0.1174,-0.8607,-1.3774,1.5224,4.5133,17.0113,-4.4115,-0.0052,-0.1836,0.2175
30536994,0.0012,0.0057,0.0648,-0.2220,0.1596,-0.0534,0.0436,0.0283,-0.1283,-0.1283,0.1773,-0.1681,-1.0671,-0.1590,0.5344,4.5089,17.0094,-4.4090,-0.0213,-0.1651,0.1811
30541994,0.0014,0.0045,0.0709,-0.2517,0.1572,-0.0618,0.0829,-0.0029,-0.1270,-0.1270,0.2678,-0.2548,-2.2109,0.0058,-0.0355,4.5004,17.0096,-4.4092,-0.0352,-0.1164,0.1322
30546994,0.0020,0.0031,0.0803,-0.2569,0.2299,-0.0770,0.1214,-0.0178,-0.1253,-0.1253,0.3439,-0.2584,-2.9482,0.0003,-0.0212,4.4801,17.0096,-4.4093,-0.0631,-0.0718,0.1089
30551994,0.0025,0.0018,0.0547,-0.2233,0.3267,-0.0676,0.1287,-0.0232,-0.1244,-0.1244,0.1711,-0.2355,-1.3694,0.0074,-0.1516,4.4709,17.0097,-4.4100,-0.0847,-0.0503,0.0663
30556994,0.0026,0.0008,0.0110,-0.1420,0.3542,-0.0459,0.0970,-0.0101,-0.1239,-0.1239,0.0978,-0.1748,-1.1518,0.0264,-0.3969,4.4662,17.0098,-4.4113,-0.0712,-0.0073,0.0463
30561994,0.0025,0.0003,-0.0629,-0.0736,0.2827,-0.0049,0.0500,-0.0122,-0.1240,-0.1240,-0.0075,-0.2107,-1.0579,0.4412,-1.3235,4.4595,17.0117,-4.4183,-0.0600,0.0276,0.0064
30566994,0.0021,-0.0000,-0.1075,-0.0165,0.3120,0.0281,0.0142,-0.0062,-0.1238,-0.1238,0.0264,-0.4027,-0.8596,3.1147,-1.8509,4.4563,17.0269,-4.4256,-0.0332,0.0359,-0.0074
30571994,0.0015,-0.0001,-0.0925,0.0275,0.3792,0.0352,-0.0063,0.0150,-0.1243,-0.1243,-0.1025,-0.2826,-0.0889,1.7942,-2.1937,4.4561,17.0366,-4.4385,-0.0142,0.0556,-0.0032
30576994,0.0007,0.0003,-0.1292,0.0925,0.2476,0.0680,-0.0693,0.0300,-0.1263,-0.1263,-0.3847,0.0736,1.1979,-1.5247,-1.7689,4.4605,17.0295,-4.4458,0.0234,0.0195,-0.0039
30581994,0.0002,0.0009,-0.0819,0.1619,0.2574,0.0524,-0.1055,0.0830,-0.1280,-0.1280,-0.3494,0.3931,1.7894,-2.6765,0.2964,4.4735,17.0183,-4.4454,0.0536,0.0079,0.0146
30586994,-0.0002,0.0017,-0.0602,0.2117,0.2958,0.0490,-0.1407,0.1260,-0.1290,-0.1290,-0.1892,0.6148,0.4321,-3.5952,1.5880,4.4745,17.0045,-4.4392,0.0625,-0.0337,0.0373
30591994,-0.0003,0.0032,0.0104,0.3097,0.1236,0.0063,-0.2025,0.2106,-0.1300,-0.1300,-0.2132,0.9452,-0.0348,-6.6044,1.5672,4.4739,16.9674,-4.4283,0.0527,-0.0852,0.0694
30596994,-0.0003,0.0048,-0.0079,0.2963,0.0830,0.0132,-0.2288,0.2252,-0.1305,-0.1305,-0.0864,0.6870,-0.0342,-3.4172,1.6072,4.4737,16.9448,-4.4221,0.0337,-0.1241,0.1136
30601994,-0.0001,0.0057,0.0528,0.1607,0.2852,-0.0167,-0.1523,0.2021,-0.1299,-0.1299,0.1030,0.3863,-0.4376,-1.3290,1.5727,4.4721,16.9399,-4.4125,0.0168,-0.1781,0.1546
30606994,-0.0002,0.0060,0.0144,0.0480,0.2461,0.0046,-0.1154,0.1393,-0.1293,-0.1293,0.1234,0.2385,-0.6990,-0.7103,1.7396,4.4679,16.9360,-4.4053,0.0041,-0.1746,0.1766
30611994,0.0003,0.0058,0.1264,-0.0473,0.1663,-0.0706,-0.0337,0.1236,-0.1280,-0.1280,0.2641,0.0864,-1.1330,-0.4594,1.2597,4.4621,16.9339,-4.3987,0.0005,-0.1557,0.1970
30616994,0.0009,0.0053,0.0965,-0.1197,0.1092,-0.0669,0.0044,0.0752,-0.1272,-0.1272,0.1581,-0.1108,-0.5532,0.0757,0.1903,4.4593,16.9345,-4.3975,-0.0196,-0.1120,0.1619
30621994,0.0016,0.0045,0.0938,-0.1494,0.1630,-0.0776,0.0413,0.0551,-0.1262,-0.1262,0.2101,-0.1857,-1.0974,0.4328,-0.0352,4.4550,16.9370,-4.3979,-0.0325,-0.0692,0.1126
30626994,0.0020,0.0037,0.0452,-0.1451,0.2060,-0.0593,0.0475,0.0357,-0.1241,-0.1241,0.4059,-0.2083,-3.6280,0.7999,-0.0147,4.4351,16.9415,-4.3979,-0.0713,-0.0478,0.0832
30631994,0.0024,0.0031,0.0635,-0.0690,0.2461,-0.0743,0.0316,0.0713,-0.1226,-0.1226,0.3135,-0.1595,-2.3114,1.0555,-0.1092,4.4256,16.9461,-4.3985,-0.0836,-0.0031,0.0421
30636994,0.0025,0.0029,-0.0089,0.0144,0.3062,-0.0334,-0.0222,0.0910,-0.1219,-0.1219,0.1298,-0.1762,-0.5779,2.1883,-0.2599,4.4214,16.9575,-4.3995,-0.0801,0.0225,0.0382
30641994,0.0026,0.0032,-0.0211,0.0773,0.2125,-0.0332,-0.0622,0.1201,-0.1207,-0.1207,0.2392,-0.1675,-0.8768,3.5900,0.4461,4.4173,16.9719,-4.3976,-0.0590,0.0160,0.0724
30646994,0.0023,0.0035,-0.1045,0.0895,0.1636,0.0176,-0.1030,0.1044,-0.1206,-0.1206,0.0191,-0.0178,-0.0676,1.9937,0.6169,4.4171,16.9822,-4.3946,-0.0366,0.0131,0.1057
30651994,0.0017,0.0042,-0.1503,0.1643,0.0591,0.0517,-0.1741,0.1292,-0.1217,-0.1217,-0.2191,0.3968,0.2150,-2.0448,0.9433,4.4181,16.9717,-4.3900,-0.0266,-0.0314,0.1112
30656994,0.0011,0.0048,-0.1408,0.1848,0.1340,0.0632,-0.1982,0.1505,-0.1239,-0.1239,-0.4422,0.6975,0.8721,-5.7728,0.8183,4.4220,16.9425,-4.3868,0.0122,-0.0478,0.1175
30661994,0.0000,0.0059,-0.1759,0.2395,0.1676,0.1045,-0.2300,0.1757,-0.1264,-0.1264,-0.5027,0.7389,2.1084,-4.7390,1.6823,4.4301,16.9199,-4.3790,0.0273,-0.1286,0.1414
30666994,-0.0005,0.0066,-0.0892,0.1964,0.2024,0.0686,-0.2300,0.1869,-0.1291,-0.1291,-0.5241,0.5010,4.9570,-1.8563,2.0596,4.4579,16.9056,-4.3723,0.0555,-0.1819,0.1528
30671994,-0.0010,0.0070,-0.0913,0.1399,0.1734,0.0779,-0.2191,0.1612,-0.1309,-0.1309,-0.3709,0.3942,3.3995,-1.3574,1.9112,4.4784,16.9007,-4.3601,0.0886,-0.1928,0.1836
30676994,-0.0009,0.0074,0.0263,0.0446,-0.0670,0.0020,-0.1555,0.1457,-0.1316,-0.1316,-0.1367,0.3408,2.0846,-1.6404,2.1678,4.4870,16.8943,-4.3514,0.0890,-0.2188,0.1740
30681994,-0.0005,0.0070,0.0861,-0.0898,0.0145,-0.0357,-0.0616,0.0989,-0.1318,-0.1318,-0.0331,0.1159,1.3302,-1.3228,1.3223,4.4952,16.8851,-4.3427,0.0764,-0.2124,0.1587
30686994,0.0003,0.0061,0.1897,-0.2013,0.1862,-0.1039,0.0521,0.0733,-0.1307,-0.1307,0.2200,-0.1115,0.2583,0.0158,1.1708,4.4964,16.8845,-4.3380,0.0357,-0.1942,0.1331
30691994,0.0011,0.0047,0.1704,-0.2349,0.1566,-0.1098,0.0938,0.0341,-0.1295,-0.1295,0.2310,-0.1794,-0.2660,0.0505,0.7635,4.4952,16.8847,-4.3321,0.0127,-0.1432,0.0968
30696994,0.0022,0.0036,0.1808,-0.2031,0.1502,-0.1389,0.1120,0.0443,-0.1279,-0.1279,0.3300,-0.2063,-1.5872,0.0975,0.0549,4.4872,16.8852,-4.3324,-0.0284,-0.0989,0.0744
30701994,0.0032,0.0028,0.1539,-0.1643,0.1917,-0.1438,0.1124,0.0536,-0.1250,-0.1250,0.5813,-0.1782,-4.7295,0.1264,-0.0574,4.4626,16.8859,-4.3330,-0.0569,-0.0778,0.0447
30706994,0.0042,0.0020,0.1775,-0.1316,0.2146,-0.1764,0.1293,0.0720,-0.1224,-0.1224,0.5084,-0.1324,-3.6383,0.0579,0.0418,4.4476,16.8861,-4.3328,-0.1263,-0.0336,0.0515
30711994,0.0047,0.0015,0.1023,-0.0467,0.4428,-0.1351,0.0894,0.0970,-0.1206,-0.1206,0.3735,-0.0424,-3.0303,-0.0344,0.0154,4.4294,16.8860,-4.3323,-0.1472,0.0077,0.0615
30716994,0.0050,0.0015,0.0254,0.0293,0.4599,-0.0991,0.0366,0.1159,-0.1186,-0.1186,0.3882,-0.0780,-3.2774,1.4553,0.0718,4.4163,16.8916,-4.3320,-0.1537,0.0227,0.0854
30721994,0.0048,0.0015,-0.0751,0.0379,0.3826,-0.0421,0.0009,0.0856,-0.1169,-0.1169,0.3485,-0.2363,-2.9478,3.5312,0.0065,4.4045,16.9060,-4.3319,-0.1363,0.0341,0.1160
30726994,0.0041,0.0016,-0.1249,0.0684,0.3264,-0.0012,-0.0409,0.0800,-0.1168,-0.1168,0.0132,0.1063,-1.7326,-0.4355,0.0483,4.3922,16.9057,-4.3317,-0.1005,0.0396,0.1102
30731994,0.0034,0.0021,-0.1918,0.0999,0.1822,0.0461,-0.0972,0.0722,-0.1182,-0.1182,-0.2848,0.2794,-0.2031,-2.3890,-0.0849,4.3893,16.8962,-4.3320,-0.0569,0.0224,0.0812
30736994,0.0027,0.0028,-0.1799,0.1625,0.2821,0.0576,-0.1390,0.1141,-0.1199,-0.1199,-0.3266,0.4144,-0.0171,-3.2653,-0.0299,4.3894,16.8831,-4.3321,-0.0075,-0.0279,0.0723
30741994,0.0016,0.0035,-0.2202,0.1985,0.3087,0.1032,-0.1914,0.1240,-0.1227,-0.1227,-0.5762,0.6958,0.7799,-6.3724,0.0175,4.3920,16.8500,-4.3321,0.0103,-0.0547,0.0765
30746994,0.0007,0.0046,-0.1961,0.2037,0.1779,0.1042,-0.2218,0.1382,-0.1258,-0.1258,-0.6151,0.6475,2.3955,-5.1194,0.5855,4.4012,16.8157,-4.3302,0.0404,-0.1150,0.1130
30751994,-0.0000,0.0054,-0.1051,0.1494,0.2671,0.0715,-0.1874,0.1469,-0.1289,-0.1289,-0.6225,0.4873,4.5850,-3.3530,0.9916,4.4197,16.8011,-4.3232,0.0549,-0.1684,0.1372
30756994,-0.0005,0.0054,-0.0718,0.0336,0.2335,0.0601,-0.1271,0.0941,-0.1309,-0.1309,-0.3846,0.2646,3.0865,-1.8862,1.0832,4.4377,16.7941,-4.3178,0.0996,-0.2001,0.1440
30761994,-0.0003,0.0055,0.0452,-0.0040,0.0332,-0.0167,-0.0839,0.1045,-0.1310,-0.1310,-0.0378,0.1902,0.5366,-1.6357,0.8609,4.4439,16.7843,-4.3133,0.0776,-0.1934,0.1416
30766994,0.0001,0.0050,0.1023,-0.1158,0.0918,-0.0552,0.0008,0.0649,-0.1305,-0.1305,0.1038,-0.0490,-0.4193,-0.8297,0.0292,4.4418,16.7806,-4.3133,0.0427,-0.1558,0.1089
30771994,0.0009,0.0043,0.1888,-0.1701,0.2253,-0.1150,0.0781,0.0631,-0.1290,-0.1290,0.3099,-0.1727,-1.2105,0.1566,0.1236,4.4368,16.7816,-4.3130,0.0205,-0.1068,0.0845
30776994,0.0020,0.0031,0.1988,-0.1710,0.2021,-0.1426,0.1104,0.0556,-0.1270,-0.1270,0.4032,-0.2124,-2.0224,0.5217,-0.0107,4.4288,16.7847,-4.3126,-0.0196,-0.0844,0.0669
30781994,0.0030,0.0026,0.1686,-0.0693,0.1856,-0.1471,0.0731,0.0955,-0.1242,-0.1242,0.5587,-0.1055,-4.1344,0.4477,-0.0222,4.4078,16.7863,-4.3127,-0.0358,-0.0381,0.0553
30786994,0.0040,0.0024,0.1747,0.0003,0.1224,-0.1738,0.0531,0.1349,-0.1213,-0.1213,0.5823,-0.0272,-4.1985,0.5228,0.1640,4.3889,16.7886,-4.3122,-0.0935,0.0028,0.0713
30791994,0.0047,0.0027,0.1005,0.0568,0.2653,-0.1409,0.0120,0.1596,-0.1191,-0.1191,0.4240,0.0421,-2.5535,1.1446,0.9551,4.3730,16.7940,-4.3083,-0.1435,0.0208,0.0907
30796994,0.0050,0.0029,0.0266,0.0770,0.3710,-0.1031,-0.0139,0.1600,-0.1169,-0.1169,0.4390,-0.0281,-2.2467,3.0167,1.6708,4.3642,16.8057,-4.2992,-0.1450,0.0256,0.1325
30801994,0.0053,0.0033,0.0464,0.0522,0.2537,-0.1238,-0.0064,0.1596,-0.1150,-0.1150,0.3887,0.1265,-2.1553,1.1758,2.1333,4.3508,16.8215,-4.2906,-0.1332,0.0298,0.1554
30806994,0.0047,0.0041,-0.1512,0.1258,0.0839,-0.0080,-0.1236,0.1413,-0.1150,-0.1150,-0.0040,0.5206,-1.1141,-2.0129,3.0624,4.3460,16.8105,-4.2736,-0.1301,0.0136,0.1525
30811994,0.0041,0.0044,-0.1637,0.0950,0.1392,0.0140,-0.1217,0.1239,-0.1153,-0.1153,-0.0522,0.4854,-0.5464,-1.8167,3.2040,4.3425,16.8031,-4.2604,-0.1266,-0.0080,0.1461
30816994,0.0028,0.0048,-0.2217,0.1185,0.1337,0.0711,-0.1687,0.1130,-0.1165,-0.1165,-0.2388,0.4674,-0.0560,-2.4882,1.9976,4.3424,16.7940,-4.2474,-0.0842,-0.0391,0.1309
30821994,0.0017,0.0057,-0.2037,0.1729,0.0738,0.0827,-0.2210,0.1469,-0.1184,-0.1184,-0.3957,0.7204,0.2087,-5.4412,1.5968,4.3433,16.7634,-4.2410,-0.0397,-0.0529,0.1227
30826994,0.0008,0.0061,-0.1842,0.1374,0.1608,0.0920,-0.2103,0.1369,-0.1202,-0.1202,-0.3484,0.4767,0.8990,-3.1087,1.2537,4.3466,16.7511,-4.2335,0.0018,-0.1364,0.1278
30831994,0.0001,0.0065,-0.1521,0.0480,0.1560,0.0883,-0.1719,0.1017,-0.1216,-0.1216,-0.2731,0.2526,1.5818,-1.0855,1.5459,4.3543,16.7438,-4.2276,0.0219,-0.1732,0.1348
30836994,-0.0007,0.0064,-0.1326,-0.0254,-0.0569,0.0862,-0.1468,0.0540,-0.1237,-0.1237,-0.4282,0.1909,3.3733,-1.3169,1.4630,4.3673,16.7364,-4.2180,0.0475,-0.1827,0.1328
30841994,-0.0009,0.0055,-0.0412,-0.1408,-0.1153,0.0384,-0.0543,0.0025,-0.1253,-0.1253,-0.3296,-0.0027,2.9286,-1.1741,0.6002,4.3898,16.7317,-4.2159,0.0845,-0.1668,0.0998
30846994,-0.0007,0.0048,0.0052,-0.1298,-0.1186,0.0071,-0.0326,0.0117,-0.1262,-0.1262,-0.1731,-0.0897,1.7547,-0.4901,0.0255,4.3973,16.7299,-4.2160,0.0916,-0.1381,0.0505
30851994,-0.0001,0.0038,0.1002,-0.1524,-0.1058,-0.0571,0.0290,0.0159,-0.1257,-0.1257,0.1114,-0.1580,-0.1216,0.0393,-0.0325,4.3974,16.7301,-4.2161,0.0429,-0.1135,0.0283
30856994,0.0005,0.0030,0.0892,-0.1304,-0.0371,-0.0619,0.0387,0.0189,-0.1249,-0.1249,0.1518,-0.1358,-0.6657,0.0665,-0.0032,4.3950,16.7303,-4.2167,-0.0022,-0.0690,0.0132
30861994,0.0013,0.0025,0.1668,-0.0602,-0.0001,-0.1196,0.0455,0.0741,-0.1230,-0.1230,0.3851,-0.0637,-2.0055,0.4498,0.4041,4.3853,16.7326,-4.2150,-0.0198,-0.0273,0.0145
30866994,0.0020,0.0022,0.1271,0.0021,-0.0016,-0.1128,0.0166,0.0961,-0.1201,-0.1201,0.5814,-0.0111,-4.2435,0.9047,0.7317,4.3689,16.7376,-4.2106,-0.0472,-0.0067,0.0214
30871994,0.0027,0.0024,0.1765,0.0556,-0.0630,-0.1568,0.0060,0.1435,-0.1170,-0.1170,0.6215,0.0218,-3.5192,1.6541,1.2189,4.3420,16.7439,-4.2061,-0.0905,0.0142,0.0591
30876994,0.0030,0.0031,0.0125,0.1173,0.0432,-0.0667,-0.0737,0.1454,-0.1151,-0.1151,0.3674,0.1009,-1.9268,2.1266,1.9183,4.3347,16.7527,-4.1948,-0.1395,0.0044,0.1052
30881994,0.0031,0.0036,-0.0119,0.1231,0.1227,-0.0527,-0.0877,0.1547,-0.1139,-0.1139,0.2413,0.2137,-1.4529,0.7815,1.9484,4.3270,16.7606,-4.1874,-0.1376,0.0106,0.1279
30886994,0.0022,0.0043,-0.1640,0.1298,-0.0035,0.0461,-0.1608,0.1143,-0.1142,-0.1142,-0.0541,0.4212,-0.8728,-1.5214,2.2252,4.3233,16.7544,-4.1747,-0.0966,-0.0152,0.1520
30891994,0.0015,0.0048,-0.1704,0.1365,-0.0319,0.0633,-0.1838,0.1168,-0.1156,-0.1156,-0.2835,0.6679,0.0809,-4.5902,2.2406,4.3237,16.7308,-4.1653,-0.0731,-0.0496,0.1392
30896994,0.0002,0.0057,-0.2318,0.1756,-0.0814,0.1212,-0.2300,0.1203,-0.1179,-0.1179,-0.4683,0.6897,0.4701,-5.4604,1.1494,4.3253,16.6920,-4.1569,-0.0304,-0.0683,0.1263
30901994,-0.0006,0.0065,-0.2156,0.1823,0.0206,0.1335,-0.2300,0.1364,-0.1204,-0.1204,-0.4894,0.5442,1.3408,-4.0300,0.6236,4.3328,16.6766,-4.1546,-0.0102,-0.1554,0.1254
30906994,-0.0014,0.0072,-0.1536,0.1151,0.1920,0.1217,-0.2300,0.1320,-0.1225,-0.1225,-0.4185,0.3819,2.0891,-2.5759,0.8535,4.3408,16.6665,-4.1501,0.0293,-0.1951,0.1325
30911994,-0.0022,0.0075,-0.1680,0.0238,0.0918,0.1430,-0.2086,0.0762,-0.1252,-0.1252,-0.5374,0.2688,3.2610,-2.4312,0.7178,4.3625,16.6524,-4.1466,0.0809,-0.2101,0.1357
30916994,-0.0028,0.0069,-0.0867,-0.1277,0.0368,0.1076,-0.1109,0.0075,-0.1272,-0.1272,-0.4129,0.1154,2.0801,-3.1122,0.0139,4.3698,16.6398,-4.1462,0.1289,-0.2195,0.1238
30921994,-0.0033,0.0060,-0.0599,-0.1616,0.0295,0.1012,-0.0761,-0.0217,-0.1285,-0.1285,-0.2572,0.0132,0.9742,-2.3448,-0.0960,4.3771,16.6241,-4.1466,0.1339,-0.2011,0.0786
30926994,-0.0032,0.0051,0.0446,-0.1674,0.0359,0.0421,-0.0278,-0.0102,-0.1287,-0.1287,-0.0470,-0.0782,0.1306,-1.4602,-0.3117,4.3779,16.6145,-4.1482,0.1084,-0.1806,0.0568
30931994,-0.0029,0.0042,0.1063,-0.1811,0.0933,0.0027,0.0177,-0.0096,-0.1286,-0.1286,0.0358,-0.1765,-0.0622,-0.8757,-0.8144,4.3775,16.6114,-4.1512,0.1009,-0.1368,0.0167
30936994,-0.0022,0.0032,0.1668,-0.1799,0.1120,-0.0437,0.0595,-0.0028,-0.1279,-0.1279,0.1369,-0.2455,-0.4840,-0.3933,-1.2346,4.3759,16.6097,-4.1580,0.0581,-0.0962,-0.0062
30941994,-0.0013,0.0024,0.1759,-0.1038,0.0637,-0.0691,0.0468,0.0297,-0.1269,-0.1269,0.2025,-0.2036,-1.2339,-0.2947,-1.5759,4.3697,16.6079,-4.1646,0.0181,-0.0687,-0.0026
30946994,-0.0002,0.0019,0.1811,-0.0599,0.0378,-0.0950,0.0456,0.0537,-0.1251,-0.1251,0.3479,-0.0467,-1.8302,-0.0565,0.1127,4.3624,16.6077,-4.1649,-0.0214,-0.0258,0.0005
30951994,0.0007,0.0017,0.1487,0.0076,0.0753,-0.0951,0.0184,0.0854,-0.1223,-0.1223,0.5736,0.0831,-4.0177,0.2296,1.1996,4.3423,16.6083,-4.1604,-0.0342,0.0138,0.0340
30956994,0.0016,0.0021,0.1494,0.0739,0.0802,-0.1152,-0.0099,0.1345,-0.1185,-0.1185,0.7511,0.1367,-4.3373,1.9594,2.7675,4.3230,16.6177,-4.1440,-0.0998,0.0235,0.0421
30961994,0.0021,0.0025,0.0782,0.1280,0.1645,-0.0805,-0.0545,0.1541,-0.1162,-0.1162,0.4539,0.1129,-1.8935,2.3840,2.1925,4.3102,16.6275,-4.1356,-0.1128,0.0039,0.1008
30966994,0.0022,0.0032,-0.0049,0.1170,0.1275,-0.0377,-0.0857,0.1382,-0.1151,-0.1151,0.2295,0.2961,-1.3950,0.0616,2.3661,4.3046,16.6291,-4.1219,-0.1170,-0.0027,0.1399
30971994,0.0019,0.0038,-0.0925,0.1063,-0.0539,0.0109,-0.1274,0.1102,-0.1156,-0.1156,-0.0922,0.5417,-0.0461,-2.8411,2.7571,4.3032,16.6145,-4.1109,-0.0722,-0.0253,0.1461
30976994,0.0014,0.0041,-0.1472,0.0785,-0.0774,0.0513,-0.1416,0.0813,-0.1172,-0.1172,-0.3356,0.6361,0.2708,-5.4065,1.7614,4.3042,16.5935,-4.0986,-0.0279,-0.0537,0.1335
30981994,0.0001,0.0045,-0.2755,0.1188,-0.0575,0.1493,-0.2141,0.0582,-0.1203,-0.1203,-0.6165,0.5671,1.8572,-4.8194,0.9446,4.3137,16.5557,-4.0949,-0.0098,-0.1439,0.0992
30986995,-0.0006,0.0047,-0.1875,0.0599,0.1789,0.1242,-0.1628,0.0593,-0.1230,-0.1230,-0.5370,0.2537,2.6899,-2.4487,0.0442,4.3243,16.5379,-4.0939,0.0298,-0.1647,0.0845
30991994,-0.0014,0.0047,-0.1405,-0.0144,0.2549,0.1187,-0.1199,0.0307,-0.1262,-0.1262,-0.6376,0.1521,4.4837,-2.1254,0.0132,4.3512,16.5296,-4.0939,0.0451,-0.1810,0.0615
30996994,-0.0019,0.0046,-0.0715,-0.0379,0.1104,0.0828,-0.0974,0.0274,-0.1280,-0.1280,-0.3614,0.1060,2.2358,-1.9177,-0.0679,4.3590,16.5219,-4.0941,0.1183,-0.1515,0.0402
31001994,-0.0023,0.0042,-0.0489,-0.0925,-0.0462,0.0708,-0.0668,-0.0094,-0.1287,-0.1287,-0.1316,-0.0291,0.2981,-1.0305,-0.2137,4.3629,16.5136,-4.0950,0.1190,-0.1342,0.0288
31006994,-0.0021,0.0036,0.0596,-0.1255,0.0243,0.0105,-0.0056,-0.0022,-0.1284,-0.1284,0.0574,-0.1308,-0.1145,-0.1042,-0.1721,4.3621,16.5133,-4.0964,0.0736,-0.0952,0.0124
31011994,-0.0015,0.0029,0.1231,-0.0852,0.1141,-0.0331,0.0142,0.0321,-0.1278,-0.1278,0.1230,-0.1290,-0.2516,0.0289,-0.5336,4.3602,16.5136,-4.0982,0.0616,-0.0523,-0.0016
31016994,-0.0007,0.0027,0.1225,-0.0046,0.1196,-0.0496,-0.0134,0.0768,-0.1269,-0.1269,0.1767,-0.0610,-0.5398,0.4274,-0.2985,4.3581,16.5155,-4.1008,0.0214,-0.0311,0.0018
31021994,0.0000,0.0026,0.1216,0.0257,0.0494,-0.0671,-0.0215,0.0943,-0.1252,-0.1252,0.3277,0.0376,-1.5059,0.7123,0.8663,4.3495,16.5184,-4.0978,0.0017,-0.0072,0.0301
31026994,0.0007,0.0030,0.0791,0.0941,-0.0157,-0.0597,-0.0693,0.1272,-0.1229,-0.1229,0.4660,0.3251,-2.7718,0.0506,3.0211,4.3389,16.5192,-4.0800,-0.0330,-0.0128,0.0787
31031994,0.0013,0.0036,0.1008,0.1561,-0.0560,-0.0863,-0.0981,0.1780,-0.1207,-0.1207,0.4386,0.4509,-2.8520,-0.9847,2.8061,4.3165,16.5135,-4.0687,-0.0712,-0.0173,0.0999
31036994,0.0015,0.0044,-0.0064,0.1399,-0.0001,-0.0265,-0.1307,0.1572,-0.1200,-0.1200,0.1372,0.4208,-0.7631,-0.9717,2.6411,4.3138,16.5100,-4.0528,-0.0990,-0.0624,0.1414
31041994,0.0014,0.0051,-0.0437,0.1329,0.0906,-0.0012,-0.1477,0.1594,-0.1201,-0.1201,-0.0060,0.4704,0.0297,-1.7226,2.6179,4.3142,16.5001,-4.0424,-0.0872,-0.1042,0.1594
31046994,0.0012,0.0054,-0.0935,0.0544,0.0414,0.0297,-0.1333,0.1085,-0.1206,-0.1206,-0.1085,0.3608,0.0997,-2.0382,1.9023,4.3145,16.4883,-4.0295,-0.0375,-0.1258,0.1658
31051994,0.0006,0.0054,-0.1536,-0.0250,0.0558,0.0766,-0.1174,0.0473,-0.1220,-0.1220,-0.2841,0.2288,1.0190,-2.0661,1.1977,4.3191,16.4798,-4.0248,-0.0177,-0.1414,0.1555
31056994,-0.0003,0.0050,-0.1497,-0.0809,0.0756,0.0937,-0.0908,0.0059,-0.1239,-0.1239,-0.3684,0.0384,1.8582,-1.3463,0.1886,4.3264,16.4742,-4.0230,0.0203,-0.1273,0.1109
31061994,-0.0010,0.0043,-0.0925,-0.1323,0.1123,0.0774,-0.0435,-0.0209,-0.1265,-0.1265,-0.5318,-0.0882,4.5641,-0.6155,-0.0502,4.3501,16.4701,-4.0233,0.0502,-0.1200,0.0860
31066994,-0.0013,0.0033,-0.0880,-0.1387,0.1196,0.0814,-0.0254,-0.0421,-0.1282,-0.1282,-0.3375,-0.1303,2.5760,-0.2580,-0.1518,4.3616,16.4689,-4.0240,0.0935,-0.0866,0.0416
31071994,-0.0010,0.0025,0.0171,-0.1271,-0.0716,0.0088,0.0081,-0.0252,-0.1281,-0.1281,0.0170,-0.1610,0.0358,0.2532,-0.1839,4.3641,16.4696,-4.0248,0.1005,-0.0440,-0.0022
31076994,-0.0009,0.0020,0.0192,-0.0589,-0.0719,0.0045,-0.0123,-0.0005,-0.1280,-0.1280,0.0326,-0.1747,-0.0365,0.8568,-0.6317,4.3638,16.4743,-4.0271,0.0692,-0.0265,-0.0199
31081994,-0.0005,0.0018,0.0379,0.0086,0.0112,-0.0099,-0.0295,0.0407,-0.1276,-0.1276,0.0694,-0.1617,-0.0531,1.3926,-0.7969,4.3636,16.4798,-4.0314,0.0443,-0.0007,-0.0194
31086994,-0.0001,0.0022,0.0443,0.0904,0.0243,-0.0223,-0.0682,0.0934,-0.1266,-0.1266,0.1937,0.1556,-0.2870,0.9561,1.7946,4.3625,16.4841,-4.0229,0.0022,-0.0171,0.0052
31091994,0.0002,0.0026,0.0412,0.1393,0.0564,-0.0260,-0.0968,0.1293,-0.1254,-0.1254,0.2554,0.4372,-1.5064,-1.0372,2.7941,4.3549,16.4800,-4.0118,-0.0167,-0.0359,0.0273
31096994,0.0006,0.0035,0.0247,0.2028,-0.0151,-0.0271,-0.1466,0.1720,-0.1237,-0.1237,0.3301,0.5858,-2.4312,-1.4928,3.4313,4.3452,16.4738,-3.9887,-0.0191,-0.0667,0.0835
31101994,0.0009,0.0044,0.0522,0.2355,-0.0297,-0.0478,-0.1686,0.2129,-0.1228,-0.1228,0.1857,0.5931,-1.1819,-1.9936,2.6040,4.3342,16.4623,-3.9784,-0.0355,-0.1090,0.1342
31106994,0.0008,0.0054,-0.0254,0.1762,0.1046,0.0024,-0.1751,0.1848,-0.1230,-0.1230,-0.0354,0.5056,0.0231,-2.2059,2.0291,4.3349,16.4492,-3.9661,-0.0516,-0.1317,0.1526
31111994,0.0007,0.0062,-0.0205,0.1347,0.1801,0.0035,-0.1656,0.1829,-0.1231,-0.1231,-0.0310,0.4762,-0.0453,-2.3576,2.0334,4.3347,16.4399,-3.9580,-0.0486,-0.1691,0.1872
31116994,0.0005,0.0064,-0.0724,0.0049,0.1495,0.0365,-0.1240,0.1049,-0.1238,-0.1238,-0.1318,0.2682,0.1239,-2.2283,1.1570,4.3352,16.4308,-3.9493,-0.0041,-0.1699,0.1936
31121994,0.0003,0.0060,-0.0480,-0.1078,0.1001,0.0257,-0.0602,0.0461,-0.1247,-0.1247,-0.1823,0.0381,0.8424,-1.5904,0.2860,4.3389,16.4205,-3.9482,0.0166,-0.1544,0.1866
31126994,0.0000,0.0055,-0.0589,-0.1332,0.1049,0.0375,-0.0442,0.0189,-0.1261,-0.1261,-0.2791,-0.0561,1.9093,-1.0391,-0.0484,4.3460,16.4162,-3.9485,0.0159,-0.1284,0.1379
31131994,-0.0002,0.0045,-0.0461,-0.1478,0.1798,0.0381,-0.0157,-0.0016,-0.1273,-0.1273,-0.2432,-0.1203,1.9827,-0.3911,-0.0368,4.3599,16.4131,-3.9487,0.0315,-0.0845,0.0928
31136994,-0.0003,0.0037,-0.0596,-0.1258,0.1135,0.0438,-0.0193,-0.0114,-0.1277,-0.1277,-0.0853,-0.1343,0.2510,0.0188,-0.0895,4.3603,16.4132,-3.9493,0.0495,-0.0630,0.0713
31141994,-0.0006,0.0030,-0.0431,-0.0904,-0.0297,0.0356,-0.0290,-0.0100,-0.1279,-0.1279,-0.0353,-0.1021,-0.0392,0.1223,-0.0275,4.3597,16.4137,-3.9494,0.0467,-0.0239,0.0279
31146994,-0.0009,0.0027,-0.0226,-0.0379,-0.0032,0.0303,-0.0436,0.0129,-0.1281,-0.1281,-0.0375,-0.0620,0.1810,0.1701,-0.1399,4.3604,16.4146,-3.9499,0.0362,-0.0242,-0.0087
31151994,-0.0008,0.0027,0.0312,0.0391,0.0487,0.0017,-0.0626,0.0666,-0.1283,-0.1283,-0.0347,0.0211,0.3114,-0.3059,-0.5376,4.3626,16.4129,-3.9520,0.0288,-0.0390,-0.0022
31156994,-0.0007,0.0028,0.0168,0.0767,0.0848,0.0083,-0.0847,0.0863,-0.1282,-0.1282,0.0133,0.2278,0.1304,-0.8799,1.0631,4.3631,16.4093,-3.9483,0.0070,-0.0476,0.0148
31161994,-0.0004,0.0032,0.0348,0.1341,0.0970,-0.0071,-0.1118,0.1302,-0.1276,-0.1276,0.1095,0.4384,-0.1994,-1.3251,2.5871,4.3621,16.4023,-3.9384,0.0072,-0.0743,0.0481
31166994,0.0000,0.0042,0.0516,0.1949,0.0885,-0.0260,-0.1493,0.1855,-0.1272,-0.1272,0.0919,0.5226,-0.0655,-1.7249,2.4889,4.3618,16.3925,-3.9205,-0.0065,-0.0843,0.0878
31171994,0.0004,0.0049,0.0214,0.1549,0.0539,-0.0175,-0.1484,0.1722,-0.1267,-0.1267,0.0926,0.4473,-0.9442,-2.0297,1.7308,4.3570,16.3842,-3.9137,-0.0068,-0.1117,0.1386
31176994,0.0006,0.0055,0.0128,0.1124,0.1077,-0.0163,-0.1367,0.1655,-0.1258,-0.1258,0.1858,0.4451,-2.2144,-2.4217,1.8559,4.3480,16.3745,-3.9034,-0.0085,-0.1458,0.1700
31181994,0.0008,0.0061,0.0180,0.0968,0.1334,-0.0225,-0.1350,0.1729,-0.1248,-0.1248,0.1936,0.4081,-1.9708,-2.0127,1.9889,4.3342,16.3611,-3.8953,-0.0199,-0.1446,0.1681
31186994,0.0009,0.0061,0.0202,-0.0235,0.1233,-0.0250,-0.0765,0.1157,-0.1245,-0.1245,0.0710,0.1457,-0.7216,-1.2416,0.9341,4.3317,16.3563,-3.8884,-0.0321,-0.1412,0.1795
31191994,0.0008,0.0057,-0.0058,-0.1054,0.1358,-0.0068,-0.0377,0.0602,-0.1246,-0.1246,-0.0199,0.0394,-0.0938,-1.1799,0.6811,4.3313,16.3493,-3.8854,-0.0302,-0.1217,0.1581
31196994,0.0009,0.0048,-0.0034,-0.1414,0.1282,-0.0119,-0.0026,0.0293,-0.1247,-0.1247,-0.0186,-0.0980,-0.0900,-0.5382,0.0199,4.3308,16.3451,-3.8843,-0.0110,-0.1026,0.1377
31201994,0.0010,0.0040,-0.0260,-0.1228,0.1217,-0.0010,-0.0035,0.0186,-0.1249,-0.1249,-0.0409,-0.1108,0.0614,-0.1819,-0.0273,4.3311,16.3443,-3.8845,-0.0116,-0.0657,0.0905
31206994,0.0010,0.0033,-0.0333,-0.0962,0.0839,0.0018,-0.0076,0.0155,-0.1251,-0.1251,-0.0385,-0.1026,0.0037,-0.0130,-0.0946,4.3311,16.3443,-3.8851,-0.0038,-0.0198,0.0470
31211994,0.0007,0.0028,-0.0480,-0.0547,0.0762,0.0151,-0.0253,0.0191,-0.1255,-0.1255,-0.0969,-0.0805,0.5546,0.1752,-0.1572,4.3336,16.3452,-3.8857,-0.0004,-0.0061,0.0263
31216994,0.0006,0.0026,-0.0580,0.0177,0.0772,0.0241,-0.0619,0.0468,-0.1261,-0.1261,-0.1067,0.0327,0.4410,-0.1975,-0.0050,4.3355,16.3444,-3.8865,0.0129,-0.0121,0.0154
31221994,0.0002,0.0028,-0.0516,0.0846,0.0878,0.0277,-0.0989,0.0814,-0.1270,-0.1270,-0.1863,0.2337,1.3100,-1.1492,0.7682,4.3422,16.3387,-3.8838,0.0171,-0.0335,0.0301
31226994,-0.0000,0.0033,-0.0458,0.1411,0.0979,0.0305,-0.1352,0.1161,-0.1282,-0.1282,-0.2362,0.4188,1.9623,-1.9450,1.6250,4.3500,16.3280,-3.8748,0.0207,-0.0554,0.0438
31231994,-0.0003,0.0040,-0.0434,0.1857,0.0885,0.0344,-0.1713,0.1472,-0.1290,-0.1290,-0.1666,0.5003,1.0441,-2.3510,1.6940,4.3596,16.3185,-3.8682,0.0311,-0.0931,0.0922
31236994,-0.0003,0.0049,0.0183,0.1732,0.0750,-0.0006,-0.1654,0.1747,-0.1291,-0.1291,-0.0165,0.5013,-0.0169,-2.5126,1.7067,4.3590,16.3084,-3.8580,0.0440,-0.1390,0.1358
31241994,-0.0003,0.0058,0.0046,0.1442,0.0936,0.0066,-0.1691,0.1733,-0.1292,-0.1292,-0.0226,0.4885,-0.0489,-2.5635,1.8642,4.3588,16.2931,-3.8506,0.0201,-0.1676,0.1533
31246994,0.0001,0.0061,0.0504,0.0385,0.1370,-0.0247,-0.1056,0.1462,-0.1288,-0.1288,0.0793,0.3444,-0.5007,-2.1437,1.7899,4.3571,16.2844,-3.8392,0.0084,-0.1742,0.1765
31251994,0.0002,0.0060,0.0082,-0.0406,0.1279,-0.0037,-0.0772,0.0957,-0.1287,-0.1287,0.0316,0.1578,-0.4428,-1.4568,1.0950,4.3539,16.2751,-3.8347,-0.0013,-0.1613,0.1628
31256994,0.0004,0.0055,0.0140,-0.1341,0.1376,-0.0117,-0.0172,0.0448,-0.1280,-0.1280,0.1346,-0.0877,-1.5904,-0.5422,0.0538,4.3477,16.2709,-3.8337,-0.0017,-0.1470,0.1505
31261994,0.0004,0.0048,-0.0186,-0.1585,0.1254,0.0059,-0.0033,0.0119,-0.1274,-0.1274,0.1202,-0.1534,-1.6296,-0.1133,-0.0477,4.3369,16.2707,-3.8340,-0.0016,-0.1004,0.1014
31266994,0.0004,0.0038,-0.0147,-0.1460,0.1147,0.0047,0.0079,0.0007,-0.1268,-0.1268,0.1259,-0.1556,-1.6757,-0.0459,-0.1690,4.3298,16.2706,-3.8349,-0.0043,-0.0537,0.0585
31271994,0.0002,0.0031,-0.0324,-0.0977,0.1156,0.0188,-0.0091,0.0038,-0.1271,-0.1271,-0.0654,-0.1197,0.2407,0.0141,-0.2681,4.3290,16.2706,-3.8360,-0.0060,-0.0107,0.0375
31276994,0.0001,0.0028,-0.0467,-0.0205,0.1318,0.0288,-0.0446,0.0311,-0.1277,-0.1277,-0.1185,-0.1016,0.5330,0.2549,-0.7881,4.3315,16.2716,-3.8397,0.0131,-0.0023,0.0044
31281994,-0.0000,0.0029,-0.0583,0.0614,0.1062,0.0375,-0.0915,0.0662,-0.1289,-0.1289,-0.2414,0.0586,1.6642,-0.3566,-0.3931,4.3396,16.2709,-3.8413,0.0184,-0.0167,0.0171
31286994,-0.0003,0.0032,-0.0779,0.1081,0.1156,0.0546,-0.1284,0.0872,-0.1306,-0.1306,-0.3412,0.4078,2.5935,-2.2672,1.5852,4.3500,16.2595,-3.8346,0.0296,-0.0282,0.0223
31291994,-0.0008,0.0039,-0.0944,0.1970,0.0967,0.0724,-0.1939,0.1327,-0.1316,-0.1316,-0.2033,0.5632,0.9779,-2.5892,2.1186,4.3585,16.2490,-3.8255,0.0491,-0.0752,0.0722
31296994,-0.0012,0.0049,-0.0480,0.1854,0.0549,0.0527,-0.1974,0.1511,-0.1322,-0.1322,-0.1206,0.4978,0.2869,-2.5295,1.4880,4.3594,16.2386,-3.8160,0.0706,-0.1260,0.1118
31301994,-0.0013,0.0057,-0.0009,0.1585,0.0866,0.0308,-0.1864,0.1656,-0.1326,-0.1326,-0.0742,0.4600,0.4733,-2.2810,1.5954,4.3633,16.2250,-3.8100,0.0585,-0.1674,0.1284
31306994,-0.0011,0.0063,0.0724,0.1072,0.1074,-0.0144,-0.1492,0.1760,-0.1323,-0.1323,0.0616,0.4600,0.0157,-2.3726,2.1642,4.3632,16.2157,-3.7975,0.0343,-0.1866,0.1607
31311994,-0.0007,0.0066,0.0440,0.0244,0.1068,-0.0063,-0.1174,0.1360,-0.1319,-0.1319,0.0773,0.3224,-0.1666,-1.7111,2.1199,4.3624,16.2040,-3.7888,0.0214,-0.1806,0.1787
31316994,-0.0003,0.0062,0.0626,-0.0935,0.0878,-0.0257,-0.0459,0.0818,-0.1308,-0.1308,0.2084,0.0460,-0.9241,-0.1979,1.5952,4.3589,16.2013,-3.7786,-0.0031,-0.1677,0.1759
31321994,-0.0002,0.0055,-0.0089,-0.1536,0.0668,0.0106,-0.0245,0.0217,-0.1300,-0.1300,0.1648,-0.0928,-1.5202,0.0238,0.8060,4.3514,16.2017,-3.7752,-0.0057,-0.1197,0.1396
31326994,-0.0001,0.0047,-0.0183,-0.1652,0.0875,0.0138,-0.0049,0.0012,-0.1290,-0.1290,0.2071,-0.1634,-2.4328,0.0698,0.0932,4.3417,16.2019,-3.7741,-0.0081,-0.0727,0.0910
31331994,-0.0001,0.0038,-0.0189,-0.1451,0.0927,0.0157,0.0019,-0.0069,-0.1291,-0.1291,-0.0137,-0.1748,0.2447,0.4928,0.1105,4.3382,16.2043,-3.7738,-0.0040,-0.0311,0.0674
31336994,-0.0003,0.0030,-0.0611,-0.1060,0.1062,0.0443,-0.0166,-0.0155,-0.1298,-0.1298,-0.1481,-0.1698,1.3693,0.8085,-0.0126,4.3439,16.2074,-3.7737,0.0069,-0.0056,0.0252
31341994,-0.0005,0.0027,-0.0770,-0.0101,0.0686,0.0566,-0.0659,0.0172,-0.1309,-0.1309,-0.2114,-0.0939,1.8169,0.8569,-0.2213,4.3541,16.2130,-3.7744,0.0193,-0.0098,-0.0110
31346994,-0.0010,0.0027,-0.0962,0.0550,0.0765,0.0786,-0.1082,0.0384,-0.1332,-0.1332,-0.4631,0.0414,3.2532,-0.7455,-0.9213,4.3666,16.2107,-3.7797,0.0410,-0.0096,-0.0076
31351994,-0.0017,0.0032,-0.1121,0.1390,0.0802,0.1001,-0.1680,0.0771,-0.1351,-0.1351,-0.3924,0.3173,1.9259,-2.3409,-0.0478,4.3823,16.2015,-3.7809,0.0661,-0.0375,0.0181
31356994,-0.0021,0.0041,-0.0446,0.1888,-0.0026,0.0665,-0.1964,0.1296,-0.1358,-0.1358,-0.1431,0.6079,1.2738,-2.5192,2.8692,4.3869,16.1882,-3.7663,0.0968,-0.0915,0.0363
31361994,-0.0021,0.0050,0.0220,0.2101,0.1083,0.0351,-0.2011,0.1786,-0.1360,-0.1360,-0.0379,0.6340,1.1885,-2.2064,3.2416,4.3938,16.1794,-3.7518,0.0887,-0.1403,0.0743
31366994,-0.0018,0.0059,0.0895,0.1759,0.0585,-0.0104,-0.1801,0.1973,-0.1356,-0.1356,0.0938,0.4976,0.1980,-1.8232,2.3118,4.3946,16.1680,-3.7378,0.0485,-0.1606,0.1263
31371994,-0.0013,0.0068,0.0843,0.1460,0.0234,-0.0189,-0.1785,0.2001,-0.1349,-0.1349,0.1265,0.4461,-0.1590,-1.6198,2.2390,4.3937,16.1617,-3.7289,0.0267,-0.1864,0.1681
31376994,-0.0007,0.0072,0.1057,0.0525,0.1150,-0.0409,-0.1237,0.1779,-0.1337,-0.1337,0.2553,0.2832,-0.9848,-0.8024,2.1637,4.3897,16.1553,-3.7162,-0.0122,-0.1867,0.1872
31381994,-0.0003,0.0069,0.0351,-0.0641,0.0707,-0.0115,-0.0808,0.1005,-0.1320,-0.1320,0.3325,0.1373,-2.3526,-0.3351,2.2548,4.3782,16.1541,-3.7070,-0.0143,-0.1824,0.1922
31386994,0.0000,0.0062,0.0241,-0.1368,0.0326,-0.0142,-0.0340,0.0520,-0.1302,-0.1302,0.3644,-0.0574,-3.2920,-0.0086,1.0121,4.3643,16.1535,-3.7002,-0.0243,-0.1389,0.1651
31391994,-0.0001,0.0054,0.0144,-0.1518,0.0982,-0.0024,-0.0147,0.0285,-0.1301,-0.1301,0.0150,-0.1223,0.2036,0.0196,0.3984,4.3630,16.1536,-3.6984,-0.0330,-0.0930,0.1417
31396994,0.0000,0.0048,-0.0177,-0.1151,0.2192,0.0177,-0.0249,0.0325,-0.1306,-0.1306,-0.0932,-0.1191,0.9093,0.0924,0.0410,4.3668,16.1541,-3.6981,-0.0072,-0.0715,0.0970
31401994,-0.0000,0.0040,-0.0437,-0.1155,0.1337,0.0298,-0.0220,0.0077,-0.1312,-0.1312,-0.1211,-0.1399,1.0037,0.2965,-0.0178,4.3724,16.1553,-3.6981,0.0030,-0.0303,0.0518
31406994,-0.0004,0.0035,-0.0935,-0.0577,0.0555,0.0616,-0.0609,0.0058,-0.1324,-0.1324,-0.2441,-0.0833,1.6459,0.1316,-0.1976,4.3791,16.1569,-3.6989,0.0236,-0.0175,0.0310
31411994,-0.0007,0.0033,-0.0782,0.0110,0.0533,0.0617,-0.0905,0.0350,-0.1343,-0.1343,-0.3841,0.0111,3.1358,-0.2731,-0.2731,4.3960,16.1558,-3.6999,0.0233,-0.0203,0.0065
31416994,-0.0013,0.0034,-0.1112,0.0690,0.1257,0.0945,-0.1325,0.0526,-0.1364,-0.1364,-0.4184,0.1682,2.8714,-1.1891,0.0848,4.4091,16.1500,-3.7012,0.0673,-0.0584,0.0200
31421994,-0.0017,0.0039,-0.0379,0.1301,0.1059,0.0587,-0.1540,0.1076,-0.1370,-0.1370,-0.1189,0.3732,0.6755,-1.7901,1.3350,4.4148,16.1427,-3.6961,0.0888,-0.1012,0.0299
31426994,-0.0018,0.0046,-0.0144,0.1793,0.0616,0.0475,-0.1866,0.1462,-0.1375,-0.1375,-0.1047,0.4740,0.9095,-1.9928,1.7966,4.4190,16.1309,-3.6840,0.0755,-0.1244,0.0656
31431994,-0.0014,0.0055,0.0632,0.1579,0.0827,-0.0033,-0.1655,0.1784,-0.1373,-0.1373,0.0388,0.4407,0.0275,-2.0615,1.5748,4.4210,16.1225,-3.6779,0.0559,-0.1632,0.1066
31436994,-0.0012,0.0063,0.0660,0.1350,0.1355,-0.0074,-0.1628,0.1859,-0.1369,-0.1369,0.0802,0.4434,-0.0103,-1.8353,2.1296,4.4209,16.1110,-3.6652,0.0326,-0.1775,0.1271
31441994,-0.0007,0.0067,0.0761,0.0651,0.1770,-0.0223,-0.1267,0.1695,-0.1360,-0.1360,0.1931,0.3004,-0.7806,-0.9910,2.0349,4.4172,16.1069,-3.6570,0.0119,-0.1722,0.1735
31446994,-0.0003,0.0067,0.0568,-0.0232,0.0888,-0.0228,-0.0892,0.1223,-0.1349,-0.1349,0.2177,0.1381,-1.1079,-0.3537,1.7208,4.4134,16.1047,-3.6459,-0.0141,-0.1591,0.1766
31451994,-0.0001,0.0064,0.0134,-0.0809,0.0668,-0.0038,-0.0671,0.0787,-0.1336,-0.1336,0.2475,0.0023,-2.1287,-0.0556,1.0152,4.4024,16.1043,-3.6418,-0.0171,-0.1159,0.1719
31456994,-0.0003,0.0057,-0.0064,-0.1026,0.0845,0.0107,-0.0500,0.0491,-0.1326,-0.1326,0.2004,-0.1041,-2.0819,0.2340,0.2150,4.3935,16.1052,-3.6398,-0.0184,-0.0929,0.1267
31461994,-0.0005,0.0052,-0.0208,-0.0956,0.1532,0.0281,-0.0495,0.0391,-0.1331,-0.1331,-0.0835,-0.1288,0.9567,0.4693,0.0423,4.3968,16.1072,-3.6397,-0.0099,-0.0597,0.0811
31466994,-0.0006,0.0047,-0.0312,-0.0489,0.1498,0.0349,-0.0672,0.0496,-0.1339,-0.1339,-0.1780,-0.0613,1.7336,0.1755,0.0158,4.4038,16.1089,-3.6397,0.0151,-0.0453,0.0586
31471994,-0.0006,0.0045,-0.0269,0.0046,0.0790,0.0312,-0.0912,0.0692,-0.1356,-0.1356,-0.3381,0.0156,3.3900,-0.1507,-0.0097,4.4220,16.1083,-3.6398,0.0209,-0.0488,0.0463
31476994,-0.0010,0.0046,-0.0990,0.0672,0.1092,0.0795,-0.1458,0.0789,-0.1376,-0.1376,-0.3932,0.1943,3.1311,-0.9659,0.6670,4.4363,16.1034,-3.6368,0.0342,-0.0693,0.0618
31481994,-0.0010,0.0051,-0.0522,0.1151,0.0958,0.0526,-0.1657,0.1242,-0.1382,-0.1382,-0.1201,0.3108,0.7336,-1.2808,1.2341,4.4417,16.0982,-3.6321,0.0594,-0.1034,0.0694
31486994,-0.0014,0.0056,-0.0611,0.1460,0.1001,0.0660,-0.1960,0.1416,-0.1390,-0.1390,-0.1580,0.3700,0.9651,-1.5562,1.3242,4.4451,16.0895,-3.6237,0.0550,-0.1250,0.0920
31491994,-0.0012,0.0064,-0.0006,0.1423,0.1352,0.0304,-0.1883,0.1735,-0.1393,-0.1393,-0.0696,0.4143,0.7214,-1.7967,1.7004,4.4490,16.0822,-3.6173,0.0630,-0.1678,0.1310
31496994,-0.0013,0.0070,0.0162,0.1078,0.1236,0.0220,-0.1785,0.1709,-0.1396,-0.1396,-0.0580,0.4239,0.8659,-1.9940,2.0695,4.4521,16.0704,-3.6046,0.0527,-0.1901,0.1457
31501994,-0.0009,0.0072,0.0693,0.0183,0.1107,-0.0154,-0.1216,0.1498,-0.1391,-0.1391,0.1085,0.2801,-0.0767,-1.3250,2.0410,4.4521,16.0648,-3.5965,0.0336,-0.1926,0.1730
31506994,-0.0008,0.0071,0.0541,-0.0446,0.1095,-0.0107,-0.0914,0.1147,-0.1386,-0.1386,0.0944,0.1100,-0.0334,-0.5801,1.4072,4.4520,16.0609,-3.5869,0.0116,-0.1768,0.1596
31511994,-0.0004,0.0066,0.0535,-0.1203,0.1358,-0.0175,-0.0413,0.0745,-0.1379,-0.1379,0.1413,-0.0559,-0.7538,-0.1892,0.6393,4.4485,16.0598,-3.5842,-0.0086,-0.1326,0.1513
31516994,-0.0000,0.0058,0.0241,-0.1552,0.1428,-0.0082,-0.0147,0.0394,-0.1372,-0.1372,0.1384,-0.1491,-1.1674,0.0685,0.1464,4.4442,16.0603,-3.5828,-0.0127,-0.0875,0.1061
31521994,0.0003,0.0049,0.0195,-0.1527,0.1263,-0.0124,0.0013,0.0257,-0.1365,-0.1365,0.1483,-0.1792,-1.2728,0.3328,-0.0076,4.4353,16.0616,-3.5829,-0.0060,-0.0662,0.0599
31526994,0.0003,0.0040,0.0070,-0.1240,0.1285,-0.0056,-0.0002,0.0207,-0.1363,-0.1363,0.0405,-0.1951,-0.0678,0.7614,-0.1532,4.4349,16.0654,-3.5836,-0.0228,-0.0246,0.0381
31531994,0.0004,0.0035,-0.0067,-0.0489,0.1865,0.0030,-0.0284,0.0470,-0.1363,-0.1363,-0.0027,-0.1580,0.3385,1.0833,-0.3194,4.4375,16.0696,-3.5851,-0.0150,-0.0048,0.0200
31536994,0.0004,0.0035,-0.0254,0.0409,0.1724,0.0132,-0.0768,0.0836,-0.1365,-0.1365,-0.0483,0.0006,0.7987,0.7998,0.2817,4.4408,16.0756,-3.5844,-0.0034,-0.0051,0.0355
31541994,0.0004,0.0038,-0.0449,0.0996,0.1269,0.0229,-0.1188,0.1106,-0.1370,-0.1370,-0.0925,0.2151,0.9402,-0.3352,1.1506,4.4449,16.0746,-3.5795,0.0109,-0.0280,0.0456
31546994,0.0000,0.0044,-0.0473,0.1536,0.0692,0.0295,-0.1621,0.1407,-0.1379,-0.1379,-0.1827,0.4963,1.2054,-2.5059,1.9005,4.4493,16.0606,-3.5690,0.0178,-0.0815,0.0880
31551994,-0.0002,0.0052,-0.0586,0.2053,0.0976,0.0420,-0.2047,0.1740,-0.1392,-0.1392,-0.2549,0.5502,2.3143,-2.0934,2.3420,4.4618,16.0520,-3.5594,0.0211,-0.1083,0.1279
31556994,-0.0006,0.0063,-0.0583,0.1946,0.1456,0.0508,-0.2201,0.1862,-0.1406,-0.1406,-0.2865,0.5211,3.0338,-1.6148,2.5824,4.4742,16.0421,-3.5442,0.0358,-0.1528,0.1458
31561994,-0.0009,0.0071,-0.0761,0.1347,0.0802,0.0639,-0.2159,0.1614,-0.1417,-0.1417,-0.2107,0.4774,2.1511,-1.5600,2.8454,4.4880,16.0360,-3.5327,0.0484,-0.1721,0.1835
31566994,-0.0012,0.0073,-0.0446,0.0140,-0.0044,0.0492,-0.1589,0.1092,-0.1425,-0.1425,-0.1701,0.3437,1.8247,-1.6977,2.5394,4.4952,16.0255,-3.5164,0.0591,-0.2130,0.1703
31571994,-0.0015,0.0067,-0.0305,-0.1017,0.0206,0.0487,-0.0927,0.0464,-0.1433,-0.1433,-0.1580,0.1378,1.6937,-1.2694,1.8085,4.5059,16.0201,-3.5092,0.0558,-0.2112,0.1642
31576994,-0.0014,0.0059,0.0418,-0.1741,0.0677,0.0089,-0.0204,0.0194,-0.1434,-0.1434,-0.0255,-0.0930,1.3075,0.0319,1.0728,4.5111,16.0194,-3.5019,0.0528,-0.1633,0.1219
31581994,-0.0012,0.0049,0.0229,-0.2245,0.1007,0.0156,0.0199,-0.0238,-0.1435,-0.1435,-0.0055,-0.1823,0.7109,0.1212,0.6631,4.5161,16.0200,-3.4990,0.0430,-0.1395,0.0796
31586994,-0.0008,0.0035,0.0623,-0.2306,0.1098,-0.0143,0.0628,-0.0358,-0.1431,-0.1431,0.0743,-0.2492,0.2421,0.4944,0.2549,4.5171,16.0227,-3.4974,0.0200,-0.0965,0.0569
31591994,-0.0005,0.0023,0.0351,-0.1878,0.1309,-0.0039,0.0591,-0.0401,-0.1428,-0.1428,0.0609,-0.2206,-0.0708,0.4261,0.0055,4.5168,16.0245,-3.4973,0.0143,-0.0749,0.0142
31596994,-0.0002,0.0015,0.0522,-0.1170,0.1908,-0.0180,0.0507,-0.0105,-0.1425,-0.1425,0.0638,-0.2226,-0.5237,0.2850,-1.0727,4.5145,16.0270,-3.5022,-0.0073,-0.0291,-0.0221
31601994,0.0001,0.0009,0.0367,-0.0596,0.2103,-0.0139,0.0323,0.0060,-0.1424,-0.1424,0.0047,-0.2704,-0.7219,0.2782,-2.4328,4.5098,16.0280,-3.5117,-0.0123,0.0092,-0.0214
31606994,0.0003,0.0006,0.0339,-0.0232,0.2131,-0.0174,0.0229,0.0192,-0.1414,-0.1414,0.2090,-0.1291,-1.4343,1.1961,-0.1649,4.5039,16.0337,-3.5176,-0.0100,0.0235,-0.0128
31611994,0.0005,0.0006,0.0418,0.0635,0.2323,-0.0254,-0.0144,0.0667,-0.1402,-0.1402,0.2313,-0.0638,-0.5368,2.3904,0.7535,4.4986,16.0433,-3.5139,-0.0215,0.0146,0.0088
31616994,0.0006,0.0008,0.0305,0.0959,0.2155,-0.0222,-0.0370,0.0842,-0.1392,-0.1392,0.2039,0.1034,-0.1387,1.7426,1.8395,4.4982,16.0572,-3.5042,-0.0299,0.0230,0.0176
31621994,0.0006,0.0019,-0.0153,0.1756,0.1443,0.0006,-0.1093,0.1254,-0.1387,-0.1387,0.1011,0.4251,-0.2099,-0.5197,2.6887,4.4968,16.0549,-3.4932,-0.0251,0.0059,0.0631
31626994,0.0005,0.0027,-0.0498,0.2220,0.1153,0.0222,-0.1597,0.1509,-0.1392,-0.1392,-0.0883,0.6216,0.0927,-2.9045,2.2325,4.4972,16.0400,-3.4798,-0.0200,-0.0256,0.1076
31631994,0.0001,0.0040,-0.0666,0.2214,0.0484,0.0380,-0.1933,0.1609,-0.1409,-0.1409,-0.3440,0.8065,1.4322,-5.4158,2.1067,4.5041,16.0190,-3.4716,0.0017,-0.0610,0.1281
31636994,-0.0006,0.0055,-0.1811,0.3015,-0.0023,0.1138,-0.2300,0.1854,-0.1429,-0.1429,-0.4135,0.7741,2.3651,-3.2647,2.8124,4.5136,15.9922,-3.4560,0.0259,-0.1498,0.1554
31641994,-0.0011,0.0064,-0.0846,0.1432,0.1587,0.0767,-0.2098,0.1515,-0.1450,-0.1450,-0.4215,0.4405,4.4211,-1.2529,2.5664,4.5376,15.9867,-3.4453,0.0322,-0.1763,0.1818
31646994,-0.0019,0.0066,-0.1365,0.0263,0.0781,0.1175,-0.1825,0.0740,-0.1471,-0.1471,-0.4037,0.2264,3.9832,-0.2905,2.2785,4.5549,15.9860,-3.4311,0.0831,-0.1993,0.1805
31651994,-0.0021,0.0058,-0.0217,-0.1216,-0.0762,0.0522,-0.0739,0.0129,-0.1482,-0.1482,-0.2350,0.0509,2.8058,-0.6844,1.5305,4.5731,15.9830,-3.4251,0.0881,-0.2069,0.1449
31656994,-0.0024,0.0053,-0.0409,-0.1203,-0.0362,0.0706,-0.0717,-0.0031,-0.1494,-0.1494,-0.2288,-0.0605,2.6720,0.1901,0.9559,4.5835,15.9829,-3.4188,0.1135,-0.1805,0.1029
31661994,-0.0023,0.0046,-0.0229,-0.1478,0.0292,0.0608,-0.0374,-0.0199,-0.1499,-0.1499,-0.1059,-0.1239,1.4605,0.3799,0.6856,4.5947,15.9844,-3.4163,0.0792,-0.1356,0.0774
31666994,-0.0023,0.0035,-0.0394,-0.1707,0.0469,0.0705,-0.0119,-0.0532,-0.1501,-0.1501,-0.0334,-0.1840,0.8304,0.9807,0.8080,4.5980,15.9901,-3.4110,0.0663,-0.0918,0.0349
31671994,-0.0023,0.0028,0.0287,-0.0910,0.0936,0.0333,-0.0163,-0.0061,-0.1500,-0.1500,0.0211,-0.1801,0.7399,1.2270,0.0793,4.6021,15.9951,-3.4105,0.0692,-0.0697,-0.0025
31676994,-0.0023,0.0026,0.0153,-0.0137,0.0793,0.0419,-0.0539,0.0211,-0.1504,-0.1504,-0.0790,-0.2023,1.2409,1.4027,-1.0227,4.6085,16.0030,-3.4157,0.0592,-0.0247,-0.0065
31681994,-0.0021,0.0026,0.0770,-0.0055,0.0512,0.0018,-0.0390,0.0431,-0.1499,-0.1499,0.0933,-0.1243,0.3383,1.2827,-0.2454,4.6099,16.0115,-3.4180,0.0455,-0.0176,-0.0027
31686994,-0.0020,0.0030,0.0559,0.0861,0.1095,0.0130,-0.0943,0.0941,-0.1495,-0.1495,0.0850,0.2618,0.5029,-0.3036,1.9533,4.6132,16.0103,-3.4076,0.0386,-0.0312,0.0084
31691994,-0.0014,0.0033,0.0745,0.1008,0.1361,-0.0081,-0.0953,0.1191,-0.1485,-0.1485,0.1969,0.3648,0.2023,-0.1360,3.2572,4.6139,16.0082,-3.3948,0.0132,-0.0538,0.0333
31696994,-0.0012,0.0040,0.0232,0.1854,0.1575,0.0165,-0.1588,0.1606,-0.1480,-0.1480,0.1058,0.4696,0.1798,-0.7299,2.9228,4.6153,16.0056,-3.3738,-0.0024,-0.0710,0.0985
31701994,-0.0011,0.0049,-0.0214,0.1860,0.0894,0.0359,-0.1883,0.1627,-0.1476,-0.1476,0.0766,0.4631,-0.6245,-1.3151,2.2476,4.6125,16.0000,-3.3652,0.0168,-0.1022,0.1412
31706994,-0.0011,0.0057,-0.0388,0.1304,0.1040,0.0474,-0.1794,0.1441,-0.1477,-0.1477,-0.0327,0.3824,0.3067,-1.2473,1.9920,4.6129,15.9930,-3.3530,0.0209,-0.1452,0.1607
31711994,-0.0015,0.0062,-0.0977,0.0886,0.1526,0.0907,-0.1882,0.1152,-0.1489,-0.1489,-0.2300,0.3439,1.8352,-1.2845,1.9974,4.6201,15.9853,-3.3447,0.0325,-0.1676,0.1525
31716994,-0.0021,0.0063,-0.1042,-0.0174,0.1615,0.1071,-0.1454,0.0570,-0.1508,-0.1508,-0.3817,0.1462,2.8890,-1.2583,0.8431,4.6383,15.9801,-3.3379,0.0346,-0.1886,0.1493
31721994,-0.0028,0.0058,-0.1283,-0.1115,0.1404,0.1345,-0.1068,-0.0115,-0.1528,-0.1528,-0.4014,-0.0368,2.7785,-0.7458,0.2122,4.6492,15.9749,-3.3370,0.0921,-0.1778,0.1162
31726994,-0.0033,0.0049,-0.0699,-0.1527,0.1071,0.1105,-0.0604,-0.0378,-0.1544,-0.1544,-0.3202,-0.1312,2.6235,-0.3036,-0.0303,4.6652,15.9737,-3.3372,0.1252,-0.1573,0.0670
31731994,-0.0037,0.0042,-0.0363,-0.1246,0.0891,0.0983,-0.0566,-0.0314,-0.1558,-0.1558,-0.2693,-0.1348,2.6103,0.0795,-0.0553,4.6758,15.9742,-3.3375,0.1168,-0.1123,0.0230
31736994,-0.0034,0.0035,0.0736,-0.0959,0.0924,0.0320,-0.0248,0.0035,-0.1560,-0.1560,-0.0543,-0.1647,1.3916,0.4094,-0.4769,4.6857,15.9764,-3.3395,0.1083,-0.0717,0.0025
31741994,-0.0029,0.0030,0.1151,-0.0513,0.0949,-0.0009,-0.0206,0.0325,-0.1558,-0.1558,0.0477,-0.2481,0.8805,1.3945,-1.1375,4.6890,15.9839,-3.3433,0.0869,-0.0584,-0.0048
31746994,-0.0020,0.0028,0.1506,0.0079,0.0613,-0.0412,-0.0286,0.0769,-0.1546,-0.1546,0.2399,-0.0647,0.2290,1.6890,0.7530,4.6913,15.9906,-3.3439,0.0651,-0.0227,-0.0009
31751994,-0.0011,0.0030,0.1384,0.0632,0.0637,-0.0525,-0.0526,0.1125,-0.1531,-0.1531,0.2957,0.1920,-0.0971,0.8241,2.4790,4.6910,15.9977,-3.3339,0.0214,-0.0221,0.0199
31756994,-0.0004,0.0034,0.0953,0.1097,0.0637,-0.0429,-0.0873,0.1376,-0.1513,-0.1513,0.3688,0.4773,-0.6608,0.0164,4.7435,4.6880,15.9977,-3.3096,-0.0198,-0.0229,0.0622
31761994,0.0000,0.0040,0.0764,0.1768,0.0741,-0.0415,-0.1301,0.1802,-0.1492,-0.1492,0.4223,0.4821,-2.2702,-0.3821,3.5428,4.6794,15.9960,-3.2931,-0.0323,-0.0574,0.1309
31766994,0.0004,0.0048,0.0379,0.1616,0.0026,-0.0300,-0.1473,0.1776,-0.1480,-0.1480,0.2228,0.4362,-0.7983,-0.5074,3.0236,4.6698,15.9935,-3.2749,-0.0533,-0.1019,0.1507
31771994,0.0002,0.0054,-0.0574,0.0831,0.1150,0.0315,-0.1437,0.1255,-0.1480,-0.1480,0.0109,0.4087,0.1820,-1.1540,3.0325,4.6709,15.9874,-3.2627,-0.0415,-0.1208,0.1803
31776994,-0.0003,0.0055,-0.1246,0.0003,0.1572,0.0811,-0.1285,0.0655,-0.1488,-0.1488,-0.1556,0.2672,1.1537,-0.9120,2.5190,4.6771,15.9837,-3.2465,-0.0347,-0.1477,0.1779
31781994,-0.0012,0.0049,-0.1539,-0.1264,0.1083,0.1145,-0.0760,-0.0259,-0.1502,-0.1502,-0.2841,-0.0207,2.0580,-0.0764,1.2815,4.6853,15.9830,-3.2412,0.0042,-0.1357,0.1488
31786994,-0.0019,0.0042,-0.1249,-0.1707,0.0936,0.1118,-0.0414,-0.0595,-0.1527,-0.1527,-0.4947,-0.1698,4.1612,0.0326,0.0414,4.7071,15.9832,-3.2408,0.0396,-0.1288,0.1029
31791994,-0.0027,0.0032,-0.1332,-0.1881,0.1367,0.1352,-0.0261,-0.0933,-0.1559,-0.1559,-0.6399,-0.2075,5.7197,0.1979,-0.0569,4.7311,15.9839,-3.2411,0.1057,-0.0878,0.0534
31796994,-0.0031,0.0020,-0.1069,-0.2053,0.1358,0.1286,0.0078,-0.1206,-0.1582,-0.1582,-0.4589,-0.2883,4.2281,0.8423,-0.2317,4.7562,15.9884,-3.2423,0.1243,-0.0463,0.0316
31801994,-0.0035,0.0013,-0.0467,-0.0965,-0.0337,0.0955,-0.0257,-0.0737,-0.1594,-0.1594,-0.2579,-0.2687,3.0433,1.8004,-0.4201,4.7685,15.9985,-3.2436,0.1419,-0.0282,-0.0091
31806994,-0.0034,0.0010,0.0541,-0.0223,-0.1107,0.0338,-0.0295,-0.0172,-0.1599,-0.1599,-0.0842,-0.2997,1.9610,2.2059,-1.3654,4.7806,16.0074,-3.2515,0.1364,-0.0035,-0.0258
31811994,-0.0028,0.0011,0.1463,0.0208,-0.0798,-0.0274,-0.0188,0.0370,-0.1596,-0.1596,0.0538,-0.0578,1.7338,1.2096,0.1957,4.7875,16.0164,-3.2509,0.0906,-0.0238,-0.0733
31816994,-0.0020,0.0017,0.1900,0.1347,0.0823,-0.0616,-0.0582,0.1293,-0.1585,-0.1585,0.2263,0.2208,1.0060,0.8558,1.9603,4.7943,16.0195,-3.2412,0.0484,-0.0224,-0.0331
31821994,-0.0009,0.0023,0.1878,0.1778,0.1169,-0.0809,-0.0786,0.1731,-0.1569,-0.1569,0.3066,0.3100,0.6297,1.0993,2.7974,4.7967,16.0238,-3.2300,0.0053,-0.0272,0.0142
31826994,-0.0000,0.0033,0.1359,0.2150,-0.0020,-0.0755,-0.1233,0.1986,-0.1551,-0.1551,0.3688,0.5347,-0.4727,0.0612,4.1719,4.7961,16.0262,-3.2074,-0.0144,-0.0607,0.0321
31831994,0.0007,0.0045,0.1042,0.2334,0.0839,-0.0700,-0.1506,0.2300,-0.1528,-0.1528,0.4583,0.5990,-2.4293,-0.8381,3.8638,4.7869,16.0210,-3.1906,-0.0421,-0.0748,0.0960
31836994,0.0009,0.0055,0.0556,0.1885,0.1208,-0.0460,-0.1568,0.2168,-0.1512,-0.1512,0.3245,0.3906,-2.3516,-0.6552,1.9441,4.7700,16.0181,-3.1778,-0.0718,-0.1234,0.1214
31841994,0.0010,0.0062,-0.0150,0.1023,0.2659,-0.0013,-0.1408,0.1729,-0.1506,-0.1506,0.1090,0.3517,-1.3300,-1.5507,1.6557,4.7644,16.0099,-3.1712,-0.0711,-0.1509,0.1580
31846994,0.0008,0.0065,-0.0583,0.0473,0.3734,0.0315,-0.1308,0.1426,-0.1511,-0.1511,-0.1034,0.2603,0.3063,-1.5646,1.1737,4.7651,16.0034,-3.1642,-0.0390,-0.1534,0.1805
31851994,0.0001,0.0062,-0.1213,-0.0806,0.2812,0.0771,-0.0919,0.0474,-0.1522,-0.1522,-0.2175,0.0177,0.6606,-1.0434,0.2216,4.7679,15.9996,-3.1633,0.0055,-0.1361,0.1610
31856994,-0.0005,0.0056,-0.1179,-0.1545,0.2170,0.0841,-0.0527,-0.0063,-0.1541,-0.1541,-0.3749,-0.0824,2.3192,-1.0089,-0.0810,4.7794,15.9937,-3.1640,0.0232,-0.1162,0.1386
31861994,-0.0008,0.0045,-0.0843,-0.1707,0.2351,0.0740,-0.0192,-0.0276,-0.1566,-0.1566,-0.4890,-0.1854,4.3251,-0.0922,-0.2826,4.7964,15.9915,-3.1650,0.0579,-0.0996,0.0965
31866994,-0.0015,0.0033,-0.1344,-0.1750,0.2509,0.1156,-0.0173,-0.0692,-0.1586,-0.1586,-0.4115,-0.2272,2.9227,0.1702,-0.5024,4.8163,15.9922,-3.1686,0.0892,-0.0554,0.0746
31871994,-0.0018,0.0025,-0.0589,-0.1112,0.1355,0.0739,-0.0191,-0.0391,-0.1592,-0.1592,-0.1162,-0.2421,0.9057,1.1087,-0.5752,4.8200,15.9978,-3.1709,0.1015,-0.0228,0.0286
31876994,-0.0021,0.0020,-0.0339,-0.0761,0.0350,0.0631,-0.0277,-0.0314,-0.1598,-0.1598,-0.1274,-0.2346,1.2681,1.2458,-0.7944,4.8257,16.0030,-3.1744,0.0936,-0.0199,-0.0097
31881994,-0.0020,0.0018,0.0547,-0.0055,0.0442,0.0118,-0.0313,0.0246,-0.1602,-0.1602,-0.0761,-0.1890,1.0450,0.7684,-1.5909,4.8302,16.0058,-3.1806,0.0642,-0.0248,-0.0335
31886994,-0.0018,0.0018,0.0498,0.0467,0.1373,0.0131,-0.0521,0.0549,-0.1601,-0.1601,0.0221,0.0496,0.8197,0.4924,0.5283,4.8348,16.0093,-3.1808,0.0544,-0.0302,-0.0368
31891994,-0.0013,0.0023,0.0794,0.1631,0.2488,-0.0080,-0.1008,0.1376,-0.1594,-0.1594,0.1354,0.2827,0.1836,0.0375,1.5740,4.8357,16.0105,-3.1746,0.0182,-0.0299,0.0044
31896994,-0.0011,0.0034,0.0696,0.2049,0.1963,-0.0090,-0.1421,0.1739,-0.1584,-0.1584,0.2022,0.4698,-0.0739,-0.3030,3.1013,4.8352,16.0093,-3.1584,0.0115,-0.0580,0.0275
31901994,-0.0006,0.0046,0.0849,0.2202,0.2140,-0.0273,-0.1610,0.2131,-0.1572,-0.1572,0.2407,0.5931,-0.6100,-1.2744,3.5198,4.8328,16.0032,-3.1430,-0.0055,-0.0957,0.0765
31906994,-0.0003,0.0056,0.0119,0.1943,0.2302,0.0085,-0.1822,0.2005,-0.1566,-0.1566,0.1312,0.4536,-1.3130,-1.6488,1.6855,4.8256,15.9965,-3.1322,-0.0193,-0.1183,0.1284
31911994,-0.0002,0.0062,-0.0052,0.1179,0.2451,0.0146,-0.1585,0.1723,-0.1557,-0.1557,0.1728,0.3312,-2.2436,-1.6264,1.1160,4.8165,15.9900,-3.1281,-0.0030,-0.1640,0.1672
31916994,-0.0003,0.0068,-0.0382,0.0929,0.3053,0.0390,-0.1658,0.1621,-0.1560,-0.1560,-0.0692,0.3212,0.0620,-1.7505,1.1851,4.8127,15.9791,-3.1213,0.0001,-0.1723,0.1769
31921994,-0.0004,0.0067,-0.0373,-0.0599,0.3304,0.0420,-0.0893,0.0856,-0.1567,-0.1567,-0.1248,0.0425,0.9572,-0.6779,0.6386,4.8167,15.9743,-3.1184,0.0201,-0.1675,0.1709
31926994,-0.0008,0.0061,-0.0892,-0.1313,0.2720,0.0769,-0.0666,0.0213,-0.1587,-0.1587,-0.4002,-0.0818,3.1212,-0.6650,-0.0290,4.8325,15.9711,-3.1188,0.0268,-0.1604,0.1698
31931994,-0.0011,0.0051,-0.0947,-0.1741,0.2684,0.0853,-0.0321,-0.0221,-0.1604,-0.1604,-0.3412,-0.1670,2.6714,-0.1227,-0.0331,4.8450,15.9692,-3.1189,0.0554,-0.1192,0.1281
31936994,-0.0013,0.0041,-0.0779,-0.1478,0.1608,0.0759,-0.0294,-0.0279,-0.1613,-0.1613,-0.1793,-0.1774,1.2092,0.2683,-0.1126,4.8522,15.9702,-3.1195,0.0937,-0.0974,0.0845
31941994,-0.0017,0.0033,-0.0651,-0.1271,0.1202,0.0749,-0.0260,-0.0350,-0.1619,-0.1619,-0.1197,-0.1777,0.7968,0.5137,-0.1386,4.8555,15.9726,-3.1200,0.0798,-0.0552,0.0416
31946994,-0.0018,0.0026,-0.0082,-0.0867,0.1563,0.0473,-0.0175,-0.0117,-0.1620,-0.1620,-0.0259,-0.2147,0.8368,1.4615,-0.1858,4.8602,15.9799,-3.1209,0.0736,-0.0298,0.0133
31951994,-0.0019,0.0023,0.0223,-0.0333,0.1404,0.0307,-0.0299,0.0155,-0.1622,-0.1622,-0.0370,-0.1873,1.0210,1.3508,-0.6313,4.8647,15.9886,-3.1233,0.0602,-0.0241,-0.0087
31956994,-0.0017,0.0021,0.0589,0.0092,0.1037,0.0053,-0.0373,0.0440,-0.1619,-0.1619,0.0457,-0.1021,0.3512,0.9182,-0.5124,4.8675,15.9924,-3.1282,0.0472,-0.0218,-0.0080
31961994,-0.0014,0.0022,0.0480,0.0733,0.1269,0.0057,-0.0696,0.0787,-0.1616,-0.1616,0.0648,0.1611,0.5656,0.1884,1.3157,4.8695,15.9939,-3.1229,0.0203,-0.0328,0.0035
31966994,-0.0011,0.0027,0.0437,0.1399,0.2140,0.0060,-0.1050,0.1239,-0.1607,-0.1607,0.1936,0.4215,0.0782,-0.0653,3.5539,4.8707,15.9936,-3.1043,0.0073,-0.0363,0.0333
31971994,-0.0008,0.0035,0.0269,0.2077,0.2516,0.0111,-0.1521,0.1702,-0.1598,-0.1598,0.1631,0.5198,0.0011,-0.4912,3.5204,4.8707,15.9917,-3.0890,0.0078,-0.0738,0.0968
31976994,-0.0008,0.0045,0.0073,0.1741,0.1691,0.0176,-0.1614,0.1634,-0.1596,-0.1596,0.0413,0.4309,0.0142,-1.2600,2.0420,4.8706,15.9848,-3.0757,0.0108,-0.1176,0.1319
31981994,-0.0007,0.0050,-0.0250,0.0877,0.1633,0.0344,-0.1375,0.1220,-0.1598,-0.1598,-0.0240,0.2924,0.2994,-1.0067,1.6261,4.8716,15.9781,-3.0695,0.0150,-0.1409,0.1681
31986994,-0.0009,0.0054,-0.0431,0.0586,0.2067,0.0500,-0.1362,0.1102,-0.1603,-0.1603,-0.1056,0.2172,1.0970,-0.6222,1.4159,4.8770,15.9750,-3.0606,0.0171,-0.1598,0.1694
31991994,-0.0011,0.0052,-0.0464,-0.0843,0.2323,0.0584,-0.0650,0.0335,-0.1615,-0.1615,-0.2444,-0.0660,2.3300,0.0031,0.2374,4.8861,15.9753,-3.0596,0.0323,-0.1387,0.1375
31996994,-0.0014,0.0046,-0.0861,-0.1338,0.2305,0.0861,-0.0455,-0.0139,-0.1628,-0.1628,-0.2692,-0.1386,2.0333,0.0231,-0.0405,4.9009,15.9754,-3.0602,0.0639,-0.1346,0.1054
32001994,-0.0015,0.0036,-0.0101,-0.1512,0.1663,0.0431,-0.0019,-0.0220,-0.1634,-0.1634,-0.1111,-0.1727,1.1896,0.2024,-0.0755,4.9054,15.9760,-3.0606,0.0871,-0.0958,0.0605
32006994,-0.0016,0.0029,0.0180,-0.0968,0.1566,0.0280,-0.0091,-0.0008,-0.1637,-0.1637,-0.0517,-0.1991,1.0638,0.9441,-0.3720,4.9119,15.9812,-3.0621,0.0808,-0.0544,0.0333
32011994,-0.0011,0.0024,0.0574,-0.0690,0.1660,-0.0024,0.0036,0.0180,-0.1634,-0.1634,0.0566,-0.2460,0.3731,1.5011,-0.7748,4.9137,15.9900,-3.0653,0.0406,-0.0320,0.0023
32016994,-0.0008,0.0019,0.0635,-0.0327,0.1718,-0.0121,-0.0011,0.0331,-0.1629,-0.1629,0.1036,-0.2290,-0.0377,1.6702,-0.8537,4.9133,15.9970,-3.0714,0.0275,-0.0020,0.0015
32021994,-0.0003,0.0020,0.0599,0.0385,0.1896,-0.0200,-0.0314,0.0733,-0.1618,-0.1618,0.2046,-0.0035,-0.6227,1.2581,0.7182,4.9111,16.0054,-3.0689,-0.0066,0.0015,0.0105
32026994,-0.0002,0.0021,0.0147,0.0809,0.1673,0.0005,-0.0667,0.0855,-0.1605,-0.1605,0.2721,0.2295,-1.2228,0.6877,2.5979,4.9047,16.0086,-3.0553,-0.0144,0.0017,0.0232
32031994,0.0001,0.0029,0.0162,0.1469,0.1682,-0.0054,-0.1100,0.1349,-0.1591,-0.1591,0.2821,0.4470,-1.5310,-0.5006,3.3581,4.8982,16.0069,-3.0415,-0.0086,-0.0259,0.0752
32036994,-0.0004,0.0038,-0.0651,0.1936,0.1560,0.0504,-0.1753,0.1430,-0.1597,-0.1597,-0.1278,0.4779,0.9415,-1.5868,2.0677,4.9016,15.9964,-3.0270,-0.0168,-0.0806,0.0990
32041994,-0.0005,0.0046,-0.0208,0.1439,0.2030,0.0295,-0.1529,0.1469,-0.1602,-0.1602,-0.0983,0.3411,1.1697,-0.9647,1.5708,4.9061,15.9901,-3.0210,0.0049,-0.1065,0.1381
32046994,-0.0007,0.0053,-0.0470,0.0996,0.2042,0.0481,-0.1519,0.1275,-0.1614,-0.1614,-0.2353,0.2942,2.5043,-0.8483,1.6529,4.9184,15.9865,-3.0111,0.0216,-0.1474,0.1453
32051994,-0.0008,0.0053,-0.0382,-0.0162,0.1926,0.0452,-0.0964,0.0735,-0.1630,-0.1630,-0.3293,0.1315,3.6616,-0.5373,1.3606,4.9330,15.9822,-3.0056,0.0268,-0.1562,0.1486
32056994,-0.0011,0.0049,-0.0965,-0.0993,0.1932,0.0831,-0.0676,0.0069,-0.1646,-0.1646,-0.3066,-0.0838,2.3916,-0.0502,0.1471,4.9519,15.9818,-3.0045,0.0578,-0.1560,0.1288
32061994,-0.0012,0.0042,-0.0098,-0.1518,0.1480,0.0361,-0.0096,-0.0093,-0.1649,-0.1649,-0.0752,-0.1717,0.8725,0.2700,0.0137,4.9552,15.9829,-3.0045,0.0802,-0.1123,0.0834
32066994,-0.0014,0.0033,0.0073,-0.1536,0.1688,0.0299,0.0108,-0.0211,-0.1650,-0.1650,-0.0213,-0.2399,0.8156,1.0502,-0.0606,4.9591,15.9876,-3.0047,0.0757,-0.0711,0.0391
32071994,-0.0010,0.0025,0.0803,-0.1145,0.1728,-0.0174,0.0303,0.0071,-0.1644,-0.1644,0.1199,-0.2569,0.2329,1.5873,-0.2436,4.9605,15.9964,-3.0060,0.0363,-0.0482,0.0176
32076994,-0.0007,0.0019,0.0644,-0.0672,0.1553,-0.0151,0.0161,0.0170,-0.1639,-0.1639,0.1126,-0.2828,-0.0924,1.8297,-0.9429,4.9599,16.0037,-3.0095,0.0292,-0.0048,0.0043
32081994,-0.0002,0.0018,0.0553,-0.0269,0.1666,-0.0203,0.0030,0.0366,-0.1628,-0.1628,0.2070,-0.1773,-0.6625,1.9937,0.0591,4.9573,16.0113,-3.0109,-0.0096,0.0130,0.0094
32086994,-0.0001,0.0017,0.0110,0.0464,0.1669,0.0010,-0.0424,0.0607,-0.1613,-0.1613,0.3168,-0.0558,-1.6455,2.4155,1.1015,4.9491,16.0260,-3.0068,-0.0135,0.0112,0.0131
32091994,0.0001,0.0019,0.0250,0.0929,0.1828,-0.0105,-0.0623,0.0940,-0.1595,-0.1595,0.3475,0.1357,-1.3861,1.9263,2.4777,4.9428,16.0339,-2.9932,-0.0127,-0.0007,0.0396
32096994,-0.0002,0.0025,-0.0244,0.1268,0.1862,0.0244,-0.1061,0.1033,-0.1595,-0.1595,0.0060,0.3455,0.7412,-0.3286,2.4843,4.9465,16.0357,-2.9827,-0.0195,-0.0274,0.0824
32101994,0.0000,0.0030,-0.0055,0.1225,0.1254,0.0089,-0.1099,0.1156,-0.1605,-0.1605,-0.1999,0.6090,0.6624,-4.6280,1.6278,4.9496,16.0133,-2.9726,0.0024,-0.0367,0.1039
32106994,-0.0005,0.0039,-0.1243,0.1591,0.0720,0.0818,-0.1820,0.1085,-0.1624,-0.1624,-0.3774,0.5639,1.7493,-3.6708,1.5332,4.9588,15.9956,-2.9664,0.0144,-0.1128,0.1175
32111994,-0.0005,0.0042,-0.0458,0.0825,0.2531,0.0451,-0.1215,0.1057,-0.1634,-0.1634,-0.2108,0.2610,1.8298,-1.1573,1.1374,4.9663,15.9912,-2.9586,0.0149,-0.1481,0.1148
32116994,-0.0010,0.0041,-0.0907,-0.0412,0.2357,0.0806,-0.0790,0.0257,-0.1654,-0.1654,-0.3858,0.0296,3.6362,-0.1099,0.7988,4.9849,15.9915,-2.9557,0.0318,-0.1516,0.1097
32121994,-0.0009,0.0039,-0.0263,-0.0565,0.1773,0.0413,-0.0510,0.0303,-0.1667,-0.1667,-0.2779,-0.0524,2.8134,-0.0185,0.0332,4.9979,15.9915,-2.9546,0.0801,-0.1160,0.0980
32126994,-0.0009,0.0032,-0.0061,-0.1662,0.1508,0.0272,0.0191,-0.0289,-0.1671,-0.1671,-0.0702,-0.1931,0.9016,0.3600,0.0134,5.0048,15.9925,-2.9547,0.0848,-0.0777,0.0512
32131994,-0.0003,0.0024,0.0657,-0.1558,0.1162,-0.0256,0.0538,-0.0148,-0.1665,-0.1665,0.1274,-0.2999,-0.0636,1.5498,-0.3042,5.0042,16.0017,-2.9559,0.0375,-0.0572,0.0303
32136994,-0.0001,0.0015,0.0394,-0.1100,0.1587,-0.0139,0.0429,-0.0107,-0.1660,-0.1660,0.0900,-0.3228,-0.1386,1.7934,-0.9437,5.0034,16.0090,-2.9595,0.0264,-0.0105,-0.0056
32141994,0.0000,0.0014,0.0495,-0.0308,0.1697,-0.0213,0.0119,0.0291,-0.1653,-0.1653,0.1326,-0.3327,-0.7238,2.1431,-1.7387,5.0007,16.0176,-2.9698,-0.0096,0.0274,-0.0091
32146994,-0.0000,0.0014,0.0189,0.0159,0.1825,-0.0040,-0.0169,0.0421,-0.1638,-0.1638,0.3102,-0.3227,-1.3223,4.0970,-0.2565,4.9937,16.0393,-2.9715,-0.0160,0.0291,-0.0172
32151994,0.0004,0.0016,0.0400,0.0797,0.2186,-0.0230,-0.0406,0.0890,-0.1615,-0.1615,0.4554,-0.1036,-1.6892,4.1123,1.7563,4.9866,16.0567,-2.9631,-0.0088,0.0103,0.0222
32156994,0.0002,0.0021,0.0049,0.1087,0.1306,-0.0024,-0.0811,0.0987,-0.1610,-0.1610,0.0977,0.3868,0.2596,-0.4966,3.0791,4.9865,16.0575,-2.9508,-0.0236,-0.0080,0.0485
32161994,0.0005,0.0027,0.0159,0.1604,0.1532,-0.0117,-0.1108,0.1403,-0.1611,-0.1611,-0.0157,0.5946,0.1534,-2.9898,2.5931,4.9872,16.0425,-2.9326,-0.0093,-0.0217,0.0838
32166994,0.0006,0.0033,-0.0147,0.1316,0.1340,0.0025,-0.1157,0.1287,-0.1624,-0.1624,-0.2495,0.7416,0.6278,-5.9043,1.9381,4.9903,16.0194,-2.9251,-0.0085,-0.0524,0.1185
32171994,0.0001,0.0041,-0.1457,0.1869,0.0564,0.0811,-0.2004,0.1258,-0.1637,-0.1637,-0.2716,0.6269,0.6226,-3.6064,2.0506,4.9929,16.0024,-2.9134,-0.0035,-0.1344,0.1310
32176994,-0.0004,0.0042,-0.0889,-0.0092,0.3252,0.0707,-0.0853,0.0523,-0.1645,-0.1645,-0.1527,0.1211,1.1828,-0.3684,1.3064,4.9995,15.9971,-2.9077,0.0152,-0.1456,0.1347
32181994,-0.0010,0.0038,-0.0834,-0.1011,0.2461,0.0760,-0.0409,-0.0066,-0.1659,-0.1659,-0.2848,-0.0465,2.4663,-0.1309,0.5704,5.0088,15.9969,-2.9035,0.0437,-0.1513,0.1199
32186994,-0.0013,0.0028,-0.0391,-0.1732,0.1563,0.0561,0.0144,-0.0524,-0.1677,-0.1677,-0.3574,-0.1824,3.5248,0.0368,-0.0837,5.0333,15.9971,-2.9041,0.0665,-0.1022,0.0738
32191994,-0.0017,0.0018,-0.0809,-0.1518,0.1865,0.0865,0.0088,-0.0737,-0.1690,-0.1690,-0.2657,-0.2434,2.1752,0.7062,-0.4734,5.0417,16.0003,-2.9065,0.0761,-0.0819,0.0530
32196995,-0.0019,0.0009,-0.0119,-0.1805,0.0994,0.0485,0.0533,-0.0903,-0.1690,-0.1690,0.0056,-0.3808,0.0808,1.5640,-1.0120,5.0424,16.0067,-2.9102,0.0780,-0.0421,0.0099
32201994,-0.0019,-0.0001,0.0027,-0.1393,0.1266,0.0427,0.0549,-0.0829,-0.1695,-0.1695,-0.0955,-0.4386,0.9042,1.7354,-2.1140,5.0457,16.0139,-2.9211,0.0757,0.0022,-0.0247
32206994,-0.0013,-0.0006,0.1173,-0.0593,0.1425,-0.0325,0.0651,-0.0161,-0.1689,-0.1689,0.1171,-0.4122,0.1443,2.4115,-2.1263,5.0478,16.0269,-2.9309,0.0468,0.0218,-0.0576
32211994,-0.0011,-0.0005,0.0733,0.0266,0.1746,-0.0118,0.0143,0.0177,-0.1678,-0.1678,0.2134,-0.3569,0.1063,4.1327,-0.7993,5.0481,16.0429,-2.9357,0.0207,0.0430,-0.0780
32216994,-0.0004,-0.0004,0.1008,0.0263,0.2931,-0.0374,0.0318,0.0397,-0.1662,-0.1662,0.3302,-0.3098,-0.3350,4.3812,0.0599,5.0467,16.0755,-2.9356,0.0000,0.0729,-0.0354
32221994,-0.0003,0.0000,0.0351,0.1268,0.1114,-0.0092,-0.0502,0.0724,-0.1651,-0.1651,0.2071,0.1863,-1.1218,0.4104,1.1757,5.0425,16.0816,-2.9300,-0.0201,0.0547,-0.0125
32226994,-0.0000,0.0008,0.0571,0.2007,0.0258,-0.0321,-0.0927,0.1277,-0.1633,-0.1633,0.3664,0.4054,-2.6253,-0.4980,2.1348,5.0279,16.0789,-2.9216,-0.0228,0.0366,0.0242
32231994,0.0005,0.0018,0.0559,0.1915,0.1413,-0.0362,-0.0974,0.1500,-0.1620,-0.1620,0.2606,0.5813,-0.6200,-0.8482,4.1637,5.0251,16.0759,-2.8989,-0.0304,-0.0105,0.0646
32236994,0.0003,0.0030,-0.0611,0.2272,0.2497,0.0374,-0.1673,0.1588,-0.1622,-0.1622,-0.0319,0.6941,0.3271,-2.3515,3.6520,5.0273,16.0645,-2.8839,-0.0441,-0.0276,0.1001
32241994,0.0000,0.0038,-0.0935,0.1518,0.1312,0.0569,-0.1625,0.1208,-0.1632,-0.1632,-0.2162,0.7827,0.5492,-4.8722,3.2399,5.0292,16.0456,-2.8633,-0.0160,-0.0531,0.1483
32246994,-0.0009,0.0046,-0.2138,0.1463,0.0533,0.1385,-0.2184,0.0861,-0.1651,-0.1651,-0.3693,0.5835,1.5516,-2.9930,2.6287,5.0370,16.0207,-2.8527,0.0010,-0.1416,0.1507
32251994,-0.0019,0.0045,-0.1631,-0.0296,0.2241,0.1370,-0.1196,0.0085,-0.1670,-0.1670,-0.3837,0.0435,2.6518,-0.2782,0.6593,5.0474,16.0173,-2.8459,0.0367,-0.1702,0.1325
32256994,-0.0028,0.0038,-0.1717,-0.1637,0.2033,0.1619,-0.0562,-0.0821,-0.1703,-0.1703,-0.6692,-0.1365,5.4175,-0.3013,0.0428,5.0773,16.0160,-2.8458,0.0510,-0.1789,0.0845
32261994,-0.0033,0.0027,-0.0538,-0.1860,0.2125,0.1052,0.0010,-0.0815,-0.1723,-0.1723,-0.3950,-0.1981,3.5514,-0.1712,-0.3309,5.0911,16.0153,-2.8474,0.1231,-0.1317,0.0376
32266994,-0.0033,0.0015,0.0125,-0.2535,0.1089,0.0654,0.0689,-0.1217,-0.1732,-0.1732,-0.1853,-0.3564,1.9604,0.4190,-0.9053,5.1053,16.0168,-2.8506,0.1393,-0.1104,0.0173
32271994,-0.0030,0.0004,0.0990,-0.2053,0.0659,0.0089,0.0921,-0.0934,-0.1733,-0.1733,-0.0056,-0.4342,0.5292,0.8367,-2.1066,5.1072,16.0206,-2.8614,0.0939,-0.0677,-0.0188
32276994,-0.0023,-0.0008,0.1463,-0.1869,0.1618,-0.0287,0.1286,-0.0812,-0.1727,-0.1727,0.1196,-0.4634,-0.1304,1.3493,-2.2053,5.1063,16.0282,-2.8711,0.0651,-0.0260,-0.0785
32281994,-0.0012,-0.0013,0.1698,-0.0773,0.2656,-0.0598,0.1062,-0.0155,-0.1714,-0.1714,0.2627,-0.3027,-0.3620,2.1222,-0.7770,5.1049,16.0405,-2.8764,0.0198,-0.0068,-0.0915
32286994,-0.0004,-0.0017,0.1280,-0.0354,0.2925,-0.0535,0.0906,-0.0032,-0.1695,-0.1695,0.3662,-0.2851,-1.4166,2.8417,-0.3684,5.0978,16.0514,-2.8778,0.0018,0.0315,-0.0751
32291994,0.0004,-0.0016,0.1237,0.0476,0.2714,-0.0691,0.0574,0.0432,-0.1666,-0.1666,0.5883,-0.3332,-2.5354,5.0883,0.1914,5.0882,16.0712,-2.8771,-0.0326,0.0670,-0.0286
32296994,0.0013,-0.0015,0.1286,0.0660,0.2054,-0.0913,0.0523,0.0629,-0.1635,-0.1635,0.6148,-0.1174,-3.7193,2.8738,0.5159,5.0640,16.0934,-2.8750,-0.0663,0.1051,-0.0071
32301994,0.0012,-0.0007,0.0238,0.1640,0.0930,-0.0358,-0.0436,0.0902,-0.1620,-0.1620,0.2988,0.3013,-1.9573,0.2225,1.9874,5.0558,16.0949,-2.8656,-0.1056,0.0788,0.0267
32306994,0.0012,0.0002,-0.0596,0.2086,0.3035,0.0203,-0.0979,0.1127,-0.1614,-0.1614,0.1175,0.5295,-0.6111,-0.7030,3.4239,5.0515,16.0902,-2.8516,-0.0950,0.0433,0.0769
32311994,0.0007,0.0015,-0.1289,0.2367,0.3447,0.0697,-0.1547,0.1249,-0.1619,-0.1619,-0.0916,0.5464,0.3757,-1.2014,2.7811,5.0532,16.0840,-2.8348,-0.0478,0.0196,0.0956
32316994,-0.0002,0.0023,-0.2395,0.1735,0.0854,0.1410,-0.1900,0.0590,-0.1637,-0.1637,-0.3528,0.4925,1.4157,-1.8981,2.2033,5.0602,16.0765,-2.8256,-0.0258,-0.0191,0.1330
32321994,-0.0014,0.0029,-0.2282,0.0837,0.0100,0.1552,-0.1684,0.0144,-0.1664,-0.1664,-0.5391,0.4283,2.1444,-3.5326,0.8983,5.0688,16.0628,-2.8190,0.0158,-0.0448,0.1139
32326994,-0.0026,0.0031,-0.2462,0.0214,0.0179,0.1920,-0.1609,-0.0290,-0.1705,-0.1705,-0.8295,0.4017,4.6548,-4.2863,0.6031,5.0927,16.0317,-2.8165,0.0468,-0.0773,0.0893
32331994,-0.0031,0.0030,-0.1491,-0.0027,0.1981,0.1557,-0.1170,-0.0157,-0.1738,-0.1738,-0.6624,0.1631,4.6832,-2.1005,0.0291,5.1136,16.0240,-2.8159,0.1149,-0.1565,0.0448
32336994,-0.0037,0.0027,-0.1460,-0.0312,0.3023,0.1671,-0.0976,-0.0345,-0.1760,-0.1760,-0.4469,-0.0484,3.0108,-0.2296,-0.4548,5.1324,16.0228,-2.8176,0.1397,-0.1532,0.0027
32341994,-0.0034,0.0021,0.0000,-0.1084,0.0038,0.0704,-0.0189,-0.0511,-0.1775,-0.1775,-0.2960,-0.2304,2.5544,0.0425,-1.5275,5.1425,16.0228,-2.8256,0.1738,-0.1292,-0.0138
32346994,-0.0034,0.0012,0.0333,-0.1576,-0.0221,0.0506,0.0290,-0.0822,-0.1787,-0.1787,-0.2286,-0.3035,2.1713,0.1933,-1.6842,5.1563,16.0236,-2.8335,0.1700,-0.0960,-0.0534
32351994,-0.0028,0.0006,0.1549,-0.1029,0.1517,-0.0230,0.0596,-0.0191,-0.1781,-0.1781,0.1066,-0.2015,1.1862,1.2838,0.0138,5.1613,16.0300,-2.8339,0.1312,-0.0586,-0.0655
32356994,-0.0019,0.0001,0.2129,-0.0547,0.2231,-0.0719,0.0735,0.0243,-0.1766,-0.1766,0.3019,-0.2013,-0.0976,1.8370,-0.0499,5.1616,16.0375,-2.8340,0.0869,-0.0152,-0.0790
32361994,-0.0008,-0.0001,0.2312,0.0082,0.2039,-0.1052,0.0625,0.0664,-0.1748,-0.1748,0.3695,-0.1223,-0.2991,2.0801,0.4006,5.1604,16.0459,-2.8325,0.0391,0.0117,-0.0364
32366994,0.0004,-0.0000,0.2480,0.0651,0.1089,-0.1428,0.0477,0.1078,-0.1723,-0.1723,0.4986,-0.1497,-0.4121,3.7586,0.9982,5.1585,16.0651,-2.8291,0.0170,0.0404,0.0004
32371994,0.0016,0.0003,0.1924,0.0968,0.0756,-0.1377,0.0224,0.1240,-0.1692,-0.1692,0.6114,-0.1236,-0.9891,5.0907,2.2602,5.1542,16.0995,-2.8170,-0.0199,0.0372,0.0206
32376994,0.0024,0.0008,0.1295,0.0727,0.0707,-0.1199,0.0152,0.1128,-0.1659,-0.1659,0.6582,0.1736,-3.1117,2.1246,3.4240,5.1385,16.1067,-2.8031,-0.0357,0.0641,0.0591
32381994,0.0028,0.0014,0.0455,0.1665,-0.0282,-0.0843,-0.0649,0.1459,-0.1641,-0.1641,0.3701,0.4485,-1.8300,-0.0313,3.5977,5.1301,16.1063,-2.7805,-0.0984,0.0330,0.1122
32386994,0.0028,0.0020,-0.0452,0.1442,0.1034,-0.0283,-0.0845,0.1249,-0.1633,-0.1633,0.1623,0.3655,-0.6533,0.2313,3.0800,5.1249,16.1066,-2.7680,-0.1114,0.0007,0.1254
32391994,0.0020,0.0027,-0.1927,0.1170,0.1221,0.0703,-0.1315,0.0753,-0.1639,-0.1639,-0.1237,0.3625,0.6099,-0.2040,2.9557,5.1276,16.1062,-2.7506,-0.0707,-0.0204,0.1338
32396994,0.0006,0.0027,-0.2944,-0.0302,-0.0569,0.1500,-0.1119,-0.0446,-0.1664,-0.1664,-0.4915,0.3911,1.7289,-3.1747,2.2430,5.1365,16.0917,-2.7413,-0.0472,-0.0443,0.1160
32401994,-0.0010,0.0024,-0.2892,-0.0226,-0.0536,0.1799,-0.1250,-0.0611,-0.1694,-0.1694,-0.6110,0.2129,2.4722,-2.6249,0.4030,5.1462,16.0694,-2.7370,-0.0066,-0.0825,0.0971
32406994,-0.0023,0.0022,-0.2199,-0.0202,0.1694,0.1757,-0.1066,-0.0495,-0.1724,-0.1724,-0.5940,0.0749,3.7209,-1.0568,0.1629,5.1671,16.0650,-2.7364,0.0155,-0.1337,0.0466
32411994,-0.0031,0.0016,-0.1396,-0.1133,0.3056,0.1544,-0.0334,-0.0856,-0.1756,-0.1756,-0.6353,-0.1272,5.2926,-0.1373,-0.3223,5.1881,16.0645,-2.7372,0.0481,-0.1255,0.0229
32416994,-0.0039,0.0011,-0.1472,-0.1249,0.1993,0.1695,-0.0324,-0.1140,-0.1779,-0.1779,-0.4683,-0.2079,2.9027,-0.1390,-1.2082,5.2075,16.0642,-2.7413,0.1183,-0.0914,-0.0120
32421994,-0.0043,0.0002,-0.0428,-0.1814,0.0365,0.1130,0.0306,-0.1393,-0.1795,-0.1795,-0.3122,-0.4121,1.6020,0.0841,-2.8802,5.2138,16.0643,-2.7577,0.1585,-0.0652,-0.0527
32426994,-0.0043,-0.0008,0.0153,-0.1497,0.1001,0.0835,0.0505,-0.1224,-0.1803,-0.1803,-0.1693,-0.3874,1.5876,1.0612,-1.9969,5.2231,16.0694,-2.7655,0.1553,-0.0270,-0.1136
32431994,-0.0035,-0.0015,0.1429,-0.0910,0.2635,0.0022,0.0849,-0.0566,-0.1798,-0.1798,0.1043,-0.3342,0.8181,1.9527,-1.1761,5.2266,16.0803,-2.7726,0.1180,-0.0054,-0.1301
32436994,-0.0030,-0.0018,0.1252,-0.0073,0.2378,-0.0014,0.0504,-0.0214,-0.1786,-0.1786,0.2453,-0.2988,-0.1999,3.0139,-0.7360,5.2257,16.0920,-2.7755,0.0960,0.0272,-0.1154
32441994,-0.0021,-0.0018,0.1600,0.0544,0.1935,-0.0407,0.0383,0.0248,-0.1764,-0.1764,0.4348,-0.3442,-0.4614,5.1652,0.0368,5.2239,16.1121,-2.7766,0.0483,0.0354,-0.0721
32446994,-0.0012,-0.0016,0.1616,0.0861,0.1401,-0.0613,0.0263,0.0513,-0.1743,-0.1743,0.4201,-0.1027,-1.1612,2.9333,0.5045,5.2179,16.1384,-2.7748,0.0065,0.0598,-0.0498
32451994,-0.0006,-0.0007,0.0706,0.1668,0.0274,-0.0265,-0.0526,0.0823,-0.1727,-0.1727,0.3144,0.2326,-1.7290,0.5635,1.4096,5.2111,16.1413,-2.7678,-0.0309,0.0582,-0.0116
32456994,-0.0004,0.0001,-0.0058,0.1768,0.1162,0.0143,-0.0879,0.0871,-0.1709,-0.1709,0.3616,0.3651,-3.0786,-0.1980,2.2232,5.1934,16.1388,-2.7589,-0.0296,0.0156,0.0270
32461994,-0.0005,0.0010,-0.0238,0.1484,0.1978,0.0299,-0.0934,0.0865,-0.1701,-0.1701,0.1657,0.4949,-0.5525,-0.6699,3.7839,5.1910,16.1362,-2.7377,-0.0301,-0.0063,0.0449
32466994,-0.0007,0.0015,-0.0822,0.1338,0.2027,0.0680,-0.1146,0.0701,-0.1712,-0.1712,-0.2200,0.5145,1.8178,-2.1660,2.7287,5.2000,16.1280,-2.7266,-0.0071,-0.0346,0.0972
32471994,-0.0009,0.0019,-0.0754,0.0593,-0.0056,0.0621,-0.0952,0.0325,-0.1740,-0.1740,-0.5666,0.5945,2.8778,-6.0318,0.8514,5.2115,16.0953,-2.7203,0.0257,-0.0577,0.0994
32476994,-0.0018,0.0021,-0.1961,0.0202,0.0139,0.1484,-0.1216,-0.0252,-0.1777,-0.1777,-0.7491,0.3158,4.6274,-3.4315,0.3691,5.2392,16.0820,-2.7186,0.0539,-0.1124,0.0718
32481994,-0.0025,0.0016,-0.0987,-0.0971,0.2919,0.1174,-0.0231,-0.0604,-0.1798,-0.1798,-0.4093,-0.0302,2.8925,-0.9971,-0.1378,5.2506,16.0772,-2.7190,0.0960,-0.1305,0.0273
32486994,-0.0030,0.0010,-0.0599,-0.1188,0.1657,0.0999,0.0002,-0.0808,-0.1811,-0.1811,-0.2648,-0.1760,1.9277,0.0132,-0.7231,5.2624,16.0784,-2.7216,0.1159,-0.1137,-0.0128
32491994,-0.0027,0.0001,0.0528,-0.1298,0.0814,0.0300,0.0518,-0.0723,-0.1820,-0.1820,-0.1746,-0.3327,1.3596,0.1311,-2.4771,5.2682,16.0788,-2.7338,0.1127,-0.0900,-0.0279
32496994,-0.0025,-0.0004,0.0452,-0.1106,0.1825,0.0327,0.0543,-0.0659,-0.1819,-0.1819,0.0158,-0.3121,0.0543,1.0221,-1.5688,5.2694,16.0827,-2.7410,0.1073,-0.0553,-0.0809
32501994,-0.0019,-0.0005,0.0877,-0.0428,0.2772,-0.0006,0.0469,-0.0142,-0.1810,-0.1810,0.1865,-0.2085,-0.1636,2.0030,-0.1290,5.2686,16.0946,-2.7431,0.0592,-0.0118,-0.0819
32506994,-0.0014,-0.0010,0.0880,-0.0400,0.2198,-0.0125,0.0564,-0.0184,-0.1796,-0.1796,0.2669,-0.2294,-0.9393,2.2711,-0.1644,5.2638,16.1034,-2.7434,0.0200,0.0278,-0.0636
32511994,-0.0010,-0.0008,0.0880,0.0916,0.1792,-0.0237,-0.0063,0.0508,-0.1776,-0.1776,0.4189,-0.1870,-1.6133,3.8643,0.2801,5.2574,16.1183,-2.7423,-0.0081,0.0364,-0.0234
32516994,-0.0005,-0.0005,0.0944,0.1106,0.2293,-0.0346,-0.0125,0.0736,-0.1753,-0.1753,0.4537,-0.1022,-2.0163,3.3534,0.6177,5.2455,16.1451,-2.7400,-0.0183,0.0618,-0.0003
32521994,-0.0005,0.0002,-0.0223,0.1103,0.1227,0.0264,-0.0624,0.0503,-0.1741,-0.1741,0.2362,0.2578,-2.3937,-0.4638,1.4338,5.2361,16.1462,-2.7332,-0.0300,0.0480,0.0170
32526994,-0.0006,0.0010,-0.0428,0.1417,0.0875,0.0383,-0.1004,0.0722,-0.1737,-0.1737,0.0873,0.4800,-0.6809,-1.4076,2.9422,5.2285,16.1401,-2.7215,-0.0428,0.0020,0.0374
32531994,-0.0013,0.0019,-0.1115,0.1680,0.2644,0.0977,-0.1487,0.0816,-0.1750,-0.1750,-0.2624,0.5406,0.6724,-3.4025,1.3891,5.2312,16.1237,-2.7092,-0.0044,-0.0402,0.0566
32536994,-0.0020,0.0028,-0.1655,0.1426,0.0778,0.1379,-0.1830,0.0541,-0.1784,-0.1784,-0.6778,0.6735,3.1231,-5.9924,0.8354,5.2467,16.0994,-2.7058,0.0334,-0.0904,0.0863
32541994,-0.0031,0.0032,-0.1793,0.0819,0.0142,0.1645,-0.1779,0.0151,-0.1825,-0.1825,-0.8176,0.4198,5.4574,-3.8239,0.5181,5.2685,16.0843,-2.7012,0.0940,-0.1348,0.0755
32546994,-0.0039,0.0030,-0.1442,-0.0431,0.2934,0.1719,-0.1013,-0.0366,-0.1850,-0.1850,-0.5121,0.0595,3.3170,-1.4400,-0.1237,5.2895,16.0732,-2.7021,0.1223,-0.1823,0.0379
32551994,-0.0045,0.0024,-0.0886,-0.1310,0.1471,0.1471,-0.0446,-0.0854,-0.1872,-0.1872,-0.4352,-0.0690,3.0092,-1.2492,-0.4544,5.3014,16.0650,-2.7041,0.1617,-0.1848,0.0168
32556994,-0.0043,0.0015,0.0751,-0.1762,0.1031,0.0511,0.0385,-0.0777,-0.1888,-0.1888,-0.3214,-0.2493,3.1561,-0.7889,-1.7299,5.3204,16.0617,-2.7111,0.1720,-0.1472,-0.0170
32561994,-0.0039,0.0004,0.1051,-0.1933,0.2115,0.0307,0.0836,-0.0898,-0.1900,-0.1900,-0.2366,-0.4206,2.4599,0.1165,-2.8054,5.3304,16.0618,-2.7286,0.1457,-0.1033,-0.0348
32566994,-0.0033,-0.0006,0.0745,-0.1619,0.2265,0.0352,0.0836,-0.0926,-0.1900,-0.1900,-0.0112,-0.2980,0.4504,0.3706,-1.3792,5.3357,16.0633,-2.7339,0.1095,-0.0587,-0.0961
32571994,-0.0028,-0.0014,0.0993,-0.1011,0.2610,0.0118,0.0815,-0.0631,-0.1894,-0.1894,0.1309,-0.2208,-0.4033,0.7178,-0.8213,5.3338,16.0662,-2.7389,0.0596,-0.0304,-0.0987
32576994,-0.0021,-0.0016,0.1436,0.0049,0.2348,-0.0282,0.0536,0.0018,-0.1881,-0.1881,0.2604,-0.1430,-1.1480,1.1033,-0.7979,5.3279,16.0722,-2.7416,0.0364,0.0090,-0.0779
32581994,-0.0014,-0.0013,0.1720,0.0794,0.2375,-0.0589,0.0294,0.0570,-0.1858,-0.1858,0.4619,-0.1253,-1.8528,2.6921,0.0592,5.3207,16.0853,-2.7418,0.0027,0.0212,-0.0634
32586994,-0.0007,-0.0009,0.1170,0.0776,0.2952,-0.0428,0.0182,0.0589,-0.1826,-0.1826,0.6284,-0.2634,-3.2204,4.6671,0.2825,5.3035,16.1042,-2.7409,-0.0178,0.0296,-0.0204
32591994,-0.0000,-0.0007,0.1222,0.0904,0.2818,-0.0586,0.0142,0.0770,-0.1794,-0.1794,0.6503,0.0776,-4.9709,0.9908,0.8266,5.2838,16.1150,-2.7364,-0.0336,0.0420,-0.0002
32596994,0.0002,-0.0002,0.0058,0.1274,0.1309,-0.0029,-0.0490,0.0671,-0.1783,-0.1783,0.2252,0.3575,-1.8305,-0.8674,2.0916,5.2694,16.1111,-2.7282,-0.0736,0.0296,0.0330
32601994,-0.0001,0.0005,-0.0953,0.1530,0.2390,0.0626,-0.0996,0.0647,-0.1782,-0.1782,0.0058,0.3830,-0.6809,-1.0331,1.9237,5.2666,16.1067,-2.7138,-0.0485,0.0114,0.0735
32606994,-0.0011,0.0012,-0.2083,0.1246,0.1828,0.1452,-0.1434,0.0194,-0.1798,-0.1798,-0.3078,0.3046,0.7376,-1.5268,0.7870,5.2695,16.0992,-2.7110,-0.0248,-0.0263,0.0770
32611994,-0.0026,0.0014,-0.2553,0.0480,0.0790,0.1975,-0.1423,-0.0460,-0.1829,-0.1829,-0.6221,0.4156,1.6322,-4.8153,-0.0845,5.2760,16.0750,-2.7116,0.0189,-0.0346,0.0673
32616994,-0.0038,0.0015,-0.2135,0.0260,0.1101,0.2008,-0.1349,-0.0531,-0.1869,-0.1869,-0.8078,0.4081,3.9022,-5.1719,-0.2566,5.2957,16.0514,-2.7125,0.0350,-0.0776,0.0219
32621994,-0.0045,0.0015,-0.1927,0.0104,0.2653,0.2099,-0.1209,-0.0582,-0.1907,-0.1907,-0.7495,0.0838,4.2604,-2.4118,-1.4685,5.3148,16.0356,-2.7190,0.0911,-0.1509,0.0025
32626994,-0.0051,0.0013,-0.1130,-0.0544,0.3383,0.1804,-0.0674,-0.0738,-0.1934,-0.1934,-0.5427,-0.1740,2.6645,-1.3523,-2.8870,5.3329,16.0306,-2.7303,0.1476,-0.1361,-0.0281
32631994,-0.0052,0.0007,-0.0461,-0.1487,0.1315,0.1362,-0.0012,-0.1198,-0.1950,-0.1950,-0.3186,-0.2047,1.8265,-0.8489,-1.5669,5.3398,16.0275,-2.7440,0.1839,-0.1195,-0.0826
32636994,-0.0050,-0.0003,0.0470,-0.1552,0.1908,0.0824,0.0501,-0.1103,-0.1957,-0.1957,-0.1419,-0.1945,1.3241,-0.5279,-1.0327,5.3483,16.0241,-2.7481,0.1787,-0.0757,-0.0984
32641994,-0.0042,-0.0010,0.1683,-0.0782,0.2308,0.0010,0.0677,-0.0419,-0.1952,-0.1952,0.0960,-0.2153,0.5141,0.5905,-1.1719,5.3505,16.0266,-2.7555,0.1388,-0.0609,-0.1119
32646994,-0.0032,-0.0012,0.1915,0.0101,0.2360,-0.0319,0.0460,0.0133,-0.1939,-0.1939,0.2506,-0.1355,-0.5194,1.0744,-0.7971,5.3477,16.0305,-2.7592,0.1142,-0.0178,-0.1023
32651994,-0.0020,-0.0010,0.2184,0.0831,0.2357,-0.0725,0.0278,0.0720,-0.1920,-0.1920,0.3845,-0.0368,-0.9612,1.6599,0.1177,5.3443,16.0383,-2.7601,0.0701,0.0222,-0.0614
32656994,-0.0008,-0.0007,0.2220,0.1130,0.1563,-0.1027,0.0188,0.1020,-0.1896,-0.1896,0.4901,-0.0923,-1.1840,3.1218,0.4807,5.3374,16.0502,-2.7580,0.0241,0.0157,-0.0390
32661994,0.0004,-0.0001,0.1878,0.1240,0.1492,-0.1081,0.0067,0.1188,-0.1867,-0.1867,0.5639,-0.0755,-1.6898,3.7802,1.2152,5.3307,16.0753,-2.7518,-0.0148,0.0158,0.0015
32666994,0.0008,0.0005,0.0745,0.0974,0.0936,-0.0565,-0.0219,0.0892,-0.1844,-0.1844,0.4731,0.1801,-2.8830,1.0240,2.0872,5.3158,16.0786,-2.7436,-0.0316,0.0301,0.0364
32671994,0.0014,0.0011,0.0718,0.1194,0.0497,-0.0682,-0.0397,0.1137,-0.1822,-0.1822,0.4344,0.3908,-2.8119,-0.5181,2.9710,5.3028,16.0762,-2.7246,-0.0682,-0.0002,0.0617
32676994,0.0011,0.0017,-0.0480,0.0959,0.1190,0.0075,-0.0725,0.0788,-0.1816,-0.1816,0.1210,0.3193,-1.3889,-0.9437,1.9280,5.2936,16.0726,-2.7169,-0.0664,-0.0157,0.1113
32681994,0.0007,0.0022,-0.0892,0.0883,0.0949,0.0393,-0.0969,0.0685,-0.1825,-0.1825,-0.1847,0.4440,0.1161,-3.2324,1.3406,5.2944,16.0561,-2.7085,-0.0728,-0.0298,0.0996
32686994,-0.0001,0.0025,-0.1891,0.0232,0.0662,0.1103,-0.1068,0.0041,-0.1849,-0.1849,-0.4660,0.3816,1.2032,-4.1818,0.4260,5.3000,16.0383,-2.7061,-0.0241,-0.0985,0.0816
32691994,-0.0009,0.0020,-0.1860,-0.0370,0.2302,0.1308,-0.0704,-0.0337,-0.1870,-0.1870,-0.4357,0.0784,1.9810,-1.5419,-0.0583,5.3078,16.0279,-2.7062,0.0182,-0.1146,0.0595
32696994,-0.0020,0.0018,-0.2007,-0.0565,0.3151,0.1652,-0.0693,-0.0594,-0.1898,-0.1898,-0.5547,-0.0324,3.6194,-0.4784,-0.1706,5.3263,16.0262,-2.7070,0.0357,-0.1090,0.0178
32701994,-0.0027,0.0010,-0.1527,-0.1112,0.1993,0.1478,-0.0264,-0.0983,-0.1926,-0.1926,-0.5630,-0.2535,3.6513,-0.0015,-1.8339,5.3430,16.0258,-2.7156,0.1000,-0.0720,0.0014
32706994,-0.0035,0.0001,-0.1243,-0.1741,0.1593,0.1460,0.0192,-0.1468,-0.1949,-0.1949,-0.4612,-0.4065,2.0582,-0.2004,-3.1869,5.3566,16.0251,-2.7283,0.1166,-0.0662,-0.0337
32711994,-0.0038,-0.0009,-0.0409,-0.1649,0.1046,0.1040,0.0497,-0.1416,-0.1960,-0.1960,-0.2162,-0.3763,1.1090,0.5150,-2.2018,5.3607,16.0271,-2.7460,0.1569,-0.0296,-0.1061
32716994,-0.0037,-0.0015,0.0263,-0.0629,0.1731,0.0670,0.0333,-0.0802,-0.1963,-0.1963,-0.0559,-0.2625,0.8931,1.2620,-1.3056,5.3671,16.0320,-2.7507,0.1366,0.0086,-0.1257
32721994,-0.0031,-0.0015,0.1527,0.0290,0.1847,-0.0154,0.0312,0.0056,-0.1951,-0.1951,0.2316,-0.2153,0.0184,2.4690,-0.6744,5.3669,16.0451,-2.7554,0.0917,0.0250,-0.1354
32726994,-0.0023,-0.0012,0.1720,0.1014,0.1511,-0.0445,0.0050,0.0570,-0.1932,-0.1932,0.3846,-0.1850,-0.4808,3.7308,0.0452,5.3651,16.0600,-2.7553,0.0697,0.0185,-0.0914
32731994,-0.0010,-0.0007,0.2410,0.1582,0.1593,-0.1082,0.0007,0.1260,-0.1907,-0.1907,0.4975,-0.0739,-0.9532,3.3965,0.4103,5.3609,16.0846,-2.7532,0.0272,0.0354,-0.0687
32736994,-0.0001,0.0005,0.1497,0.2037,0.0665,-0.0788,-0.0620,0.1486,-0.1888,-0.1888,0.3858,0.2345,-1.7652,0.6665,1.0626,5.3508,16.0866,-2.7485,0.0074,0.0251,-0.0277
32741994,0.0007,0.0014,0.1182,0.2077,0.0659,-0.0781,-0.0824,0.1682,-0.1869,-0.1869,0.3815,0.4236,-2.4818,-0.9370,1.8388,5.3415,16.0807,-2.7379,-0.0307,0.0030,0.0153
32746994,0.0012,0.0022,0.0589,0.1542,0.1480,-0.0524,-0.0794,0.1490,-0.1852,-0.1852,0.3344,0.4792,-2.5951,-1.6153,2.5620,5.3230,16.0746,-2.7281,-0.0833,-0.0336,0.0320
32751994,0.0013,0.0032,-0.0089,0.1628,0.1889,-0.0137,-0.1178,0.1534,-0.1849,-0.1849,0.0555,0.7218,-2.2224,-5.0921,2.0928,5.3136,16.0490,-2.7127,-0.0700,-0.0463,0.0888
32756994,0.0007,0.0040,-0.1353,0.1368,0.2381,0.0701,-0.1576,0.1151,-0.1862,-0.1862,-0.2604,0.5336,0.1190,-3.8209,1.2799,5.3128,16.0310,-2.7077,-0.0579,-0.1026,0.1347
32761994,0.0001,0.0041,-0.1109,-0.0064,0.3255,0.0724,-0.0854,0.0507,-0.1871,-0.1871,-0.1630,0.1457,0.2171,-1.3404,0.6158,5.3137,16.0212,-2.7040,-0.0029,-0.1440,0.1450
32766994,-0.0006,0.0037,-0.1671,-0.0336,0.2262,0.1148,-0.0922,0.0036,-0.1889,-0.1889,-0.3677,0.1004,1.3555,-1.7397,-0.0172,5.3199,16.0145,-2.7041,0.0151,-0.1497,0.1069
32771994,-0.0012,0.0029,-0.0706,-0.1326,0.1718,0.0709,-0.0127,-0.0382,-0.1911,-0.1911,-0.4488,-0.0701,3.2485,-1.3659,-0.5628,5.3325,16.0048,-2.7064,0.0445,-0.1110,0.0645
32776994,-0.0018,0.0020,-0.1423,-0.2001,0.2677,0.1260,0.0132,-0.1081,-0.1932,-0.1932,-0.4045,-0.2460,2.1892,-0.4348,-1.0264,5.3488,16.0027,-2.7099,0.0802,-0.0851,0.0437
32781994,-0.0021,0.0007,-0.0507,-0.2239,0.1813,0.0787,0.0666,-0.1243,-0.1941,-0.1941,-0.1912,-0.3681,0.7834,0.1460,-1.7076,5.3529,16.0035,-2.7192,0.1096,-0.0598,0.0018
32786994,-0.0023,-0.0005,-0.0421,-0.1964,0.0958,0.0742,0.0727,-0.1358,-0.1949,-0.1949,-0.1467,-0.4260,0.2736,0.5849,-2.3663,5.3535,16.0055,-2.7285,0.1046,-0.0169,-0.0354
32791994,-0.0019,-0.0011,0.0452,-0.1100,0.1016,0.0166,0.0710,-0.0759,-0.1947,-0.1947,0.0331,-0.3738,0.1127,1.6744,-1.7186,5.3540,16.0143,-2.7424,0.0745,0.0194,-0.0737
32796994,-0.0016,-0.0015,0.0330,-0.0217,0.1382,0.0180,0.0362,-0.0382,-0.1939,-0.1939,0.1482,-0.2873,0.0164,3.0089,-0.4078,5.3546,16.0260,-2.7437,0.0701,0.0360,-0.0960
32801994,-0.0012,-0.0015,0.0565,0.0376,0.1728,-0.0031,0.0224,0.0007,-0.1919,-0.1919,0.4070,-0.4491,-0.5530,6.4833,0.2230,5.3526,16.0612,-2.7425,0.0388,0.0377,-0.0608
32806994,-0.0006,-0.0013,0.0935,0.1026,0.0961,-0.0378,-0.0019,0.0508,-0.1901,-0.1901,0.3697,-0.0957,-1.1668,3.1862,0.6352,5.3458,16.0750,-2.7403,0.0109,0.0433,-0.0390
32811994,-0.0001,-0.0003,0.0501,0.2285,-0.0343,-0.0272,-0.0933,0.1165,-0.1890,-0.1890,0.2050,0.3929,-1.1467,-0.4790,1.6356,5.3410,16.0764,-2.7318,-0.0199,0.0173,0.0003
32816994,0.0002,0.0008,0.0241,0.2340,0.0451,-0.0175,-0.1153,0.1380,-0.1875,-0.1875,0.3157,0.4940,-2.4098,-0.8345,2.5091,5.3281,16.0729,-2.7220,-0.0219,-0.0009,0.0362
32821994,0.0004,0.0019,-0.0086,0.2062,0.1016,0.0005,-0.1272,0.1386,-0.1869,-0.1869,0.1060,0.6598,-0.4527,-2.0950,3.7382,5.3260,16.0629,-2.6991,-0.0316,-0.0357,0.0603
32826994,0.0001,0.0026,-0.0599,0.1210,0.0432,0.0340,-0.1199,0.0909,-0.1880,-0.1880,-0.2209,0.6547,0.6635,-4.5595,2.3037,5.3292,16.0452,-2.6898,-0.0239,-0.0481,0.1262
32831994,-0.0003,0.0032,-0.1054,0.1066,-0.0191,0.0638,-0.1409,0.0750,-0.1895,-0.1895,-0.3006,0.4143,1.3801,-2.7715,1.1845,5.3348,16.0227,-2.6817,-0.0023,-0.1295,0.1246
32836994,-0.0007,0.0033,-0.0858,0.0000,0.1544,0.0691,-0.0839,0.0327,-0.1913,-0.1913,-0.3613,0.0868,2.8959,-0.7327,0.3826,5.3493,16.0193,-2.6800,0.0332,-0.1549,0.1038
32841994,-0.0014,0.0028,-0.1139,-0.1298,0.1926,0.1008,-0.0250,-0.0534,-0.1940,-0.1940,-0.5311,-0.1254,4.6251,-0.0515,0.0024,5.3682,16.0197,-2.6802,0.0629,-0.1242,0.0645
32846994,-0.0018,0.0018,-0.0510,-0.1680,0.1236,0.0707,0.0210,-0.0774,-0.1954,-0.1954,-0.2761,-0.2189,2.2113,0.0317,-0.6238,5.3839,16.0198,-2.6824,0.0912,-0.0986,0.0241
32851994,-0.0022,0.0009,-0.0476,-0.1536,0.0329,0.0727,0.0243,-0.0932,-0.1964,-0.1964,-0.1963,-0.3258,1.1792,0.6305,-1.5839,5.3889,16.0221,-2.6905,0.0998,-0.0601,0.0046
32856994,-0.0021,0.0002,0.0525,-0.1136,0.0860,0.0171,0.0481,-0.0552,-0.1964,-0.1964,-0.0113,-0.3946,-0.0196,1.0753,-2.5362,5.3897,16.0263,-2.7005,0.0838,-0.0382,-0.0327
32861994,-0.0019,-0.0003,0.0699,-0.0816,0.1556,0.0057,0.0520,-0.0397,-0.1960,-0.1960,0.0924,-0.3243,0.0520,1.8632,-1.2584,5.3899,16.0367,-2.7118,0.0703,0.0008,-0.0719
32866994,-0.0014,-0.0006,0.1194,0.0009,0.1834,-0.0321,0.0370,0.0163,-0.1945,-0.1945,0.2866,-0.2026,-0.5429,2.6279,0.0105,5.3881,16.0469,-2.7112,0.0297,0.0359,-0.0646
32871994,-0.0008,-0.0005,0.0980,0.0693,0.1260,-0.0361,0.0020,0.0487,-0.1921,-0.1921,0.4902,-0.3209,-1.3234,5.5538,0.5347,5.3830,16.0765,-2.7087,-0.0046,0.0299,-0.0308
32876994,-0.0003,-0.0001,0.0977,0.1194,0.0811,-0.0466,-0.0263,0.0824,-0.1895,-0.1895,0.5084,-0.0592,-2.6794,3.0415,0.7444,5.3691,16.0911,-2.7057,-0.0269,0.0531,0.0095
32881994,-0.0000,0.0008,0.0171,0.1946,-0.0139,-0.0118,-0.1028,0.1130,-0.1877,-0.1877,0.3670,0.4418,-2.9824,-0.6757,2.5034,5.3555,16.0902,-2.6930,-0.0554,0.0088,0.0270
32886994,0.0001,0.0017,-0.0208,0.1768,0.1211,0.0136,-0.1164,0.1169,-0.1869,-0.1869,0.1515,0.5961,-0.9701,-1.7473,3.6431,5.3487,16.0831,-2.6776,-0.0554,-0.0121,0.0750
32891994,-0.0006,0.0026,-0.1112,0.1732,0.2118,0.0834,-0.1593,0.1005,-0.1884,-0.1884,-0.2962,0.6565,0.6487,-4.5170,1.6975,5.3510,16.0606,-2.6658,-0.0236,-0.0450,0.1258
32896994,-0.0016,0.0031,-0.1643,0.1173,-0.0267,0.1242,-0.1764,0.0492,-0.1910,-0.1910,-0.5201,0.5895,2.3324,-4.6641,1.4083,5.3639,16.0393,-2.6601,0.0109,-0.1236,0.1217
32901994,-0.0022,0.0030,-0.1234,0.0140,0.0805,0.1180,-0.1130,0.0043,-0.1937,-0.1937,-0.5349,0.1523,3.7495,-1.7223,0.0535,5.3784,16.0261,-2.6593,0.0476,-0.1752,0.0961
32906994,-0.0028,0.0026,-0.1448,-0.0941,0.2586,0.1487,-0.0599,-0.0589,-0.1963,-0.1963,-0.5192,-0.0324,3.7170,-0.8499,-0.0598,5.4045,16.0235,-2.6596,0.0977,-0.1702,0.0482
32911994,-0.0029,0.0015,-0.0064,-0.1796,0.1040,0.0677,0.0331,-0.0887,-0.1983,-0.1983,-0.3928,-0.2400,3.5845,-0.3297,-1.1086,5.4192,16.0207,-2.6640,0.1425,-0.1234,0.0295
32916994,-0.0028,0.0004,-0.0260,-0.1924,0.0106,0.0723,0.0504,-0.1215,-0.1997,-0.1997,-0.2974,-0.3526,2.0676,0.0746,-1.9847,5.4327,16.0213,-2.6714,0.1578,-0.0983,-0.0073
32921994,-0.0023,-0.0006,0.0602,-0.1665,0.0888,0.0174,0.0880,-0.0951,-0.2004,-0.2004,-0.1271,-0.4490,0.8928,0.6233,-3.0081,5.4360,16.0243,-2.6894,0.1233,-0.0574,-0.0632
32926994,-0.0021,-0.0014,0.0507,-0.1142,0.1468,0.0190,0.0796,-0.0816,-0.2000,-0.2000,0.0734,-0.3259,-0.1512,1.4619,-1.2593,5.4358,16.0302,-2.6943,0.0746,-0.0167,-0.0944
32931994,-0.0016,-0.0016,0.1200,-0.0031,0.2177,-0.0261,0.0562,-0.0048,-0.1988,-0.1988,0.2393,-0.2223,-0.6388,2.0997,-0.7200,5.4333,16.0426,-2.6987,0.0283,0.0254,-0.0924
32936994,-0.0010,-0.0016,0.1613,0.0379,0.1630,-0.0647,0.0520,0.0316,-0.1969,-0.1969,0.3877,-0.2148,-1.0300,3.1172,-0.1318,5.4280,16.0544,-2.6991,0.0121,0.0375,-0.0676
32941994,-0.0000,-0.0015,0.1558,0.0614,0.1346,-0.0828,0.0473,0.0511,-0.1940,-0.1940,0.5729,-0.3729,-1.8152,5.6235,0.0396,5.4209,16.0878,-2.6988,-0.0245,0.0576,-0.0441
32946994,0.0006,-0.0014,0.1243,0.0666,0.1153,-0.0793,0.0392,0.0534,-0.1908,-0.1908,0.6338,-0.0601,-4.1727,2.3148,0.6862,5.3997,16.0960,-2.6965,-0.0402,0.0689,-0.0038
32951994,0.0011,-0.0009,0.0657,0.1527,0.0313,-0.0587,-0.0277,0.0901,-0.1886,-0.1886,0.4567,0.3293,-3.4482,-0.2293,2.0400,5.3842,16.0958,-2.6864,-0.0841,0.0572,0.0299
32956994,0.0010,-0.0002,-0.0431,0.1805,0.2082,0.0103,-0.0773,0.0912,-0.1875,-0.1875,0.2013,0.4331,-1.1123,-0.0152,3.2331,5.3731,16.0958,-2.6743,-0.0874,0.0274,0.0434
32961994,0.0003,0.0009,-0.1481,0.1836,0.2656,0.0852,-0.1311,0.0766,-0.1881,-0.1881,-0.1052,0.3977,0.2027,-0.6966,2.0567,5.3748,16.0928,-2.6599,-0.0526,-0.0105,0.0974
32966994,-0.0008,0.0011,-0.1985,0.0648,-0.0157,0.1263,-0.1155,-0.0126,-0.1896,-0.1896,-0.3151,0.2757,0.9705,-1.6836,1.0286,5.3785,16.0863,-2.6555,-0.0214,-0.0272,0.0915
32971994,-0.0019,0.0013,-0.1921,0.0250,-0.0459,0.1446,-0.1119,-0.0380,-0.1926,-0.1926,-0.5907,0.4173,1.8873,-5.0726,-0.0264,5.3899,16.0608,-2.6562,0.0153,-0.0525,0.0779
32976994,-0.0030,0.0014,-0.1949,-0.0058,0.0823,0.1724,-0.1044,-0.0584,-0.1959,-0.1959,-0.6665,0.2626,3.5341,-3.4436,0.0075,5.4034,16.0344,-2.6561,0.0441,-0.1100,0.0293
32981994,-0.0035,0.0013,-0.1264,-0.0586,0.2931,0.1542,-0.0539,-0.0663,-0.1989,-0.1989,-0.6027,-0.0424,4.0677,-1.3392,-1.1323,5.4331,16.0285,-2.6606,0.0671,-0.1299,0.0103
32986994,-0.0038,0.0007,-0.0779,-0.0623,0.2833,0.1313,-0.0310,-0.0675,-0.2012,-0.2012,-0.4540,-0.2351,2.8914,-0.1861,-2.4084,5.4444,16.0272,-2.6701,0.1371,-0.0989,-0.0209
32991994,-0.0037,-0.0001,-0.0140,-0.1240,-0.0172,0.0815,0.0201,-0.1036,-0.2024,-0.2024,-0.2328,-0.2970,1.4452,0.1212,-2.1025,5.4545,16.0278,-2.6862,0.1477,-0.0749,-0.0740
32996994,-0.0035,-0.0006,0.0119,-0.1124,0.0927,0.0669,0.0360,-0.0921,-0.2028,-0.2028,-0.0748,-0.2653,0.5884,0.6061,-1.3600,5.4574,16.0300,-2.6912,0.1169,-0.0305,-0.0959
33001994,-0.0030,-0.0010,0.1203,-0.0473,0.2036,0.0004,0.0527,-0.0296,-0.2019,-0.2019,0.1679,-0.2529,-0.0647,1.7874,-0.8566,5.4572,16.0391,-2.6968,0.0926,0.0065,-0.1006
33006994,-0.0023,-0.0011,0.1356,0.0342,0.1712,-0.0238,0.0261,0.0175,-0.2005,-0.2005,0.2771,-0.2865,-0.1529,3.4870,-0.6395,5.4565,16.0571,-2.6996,0.0525,0.0271,-0.0828
33011994,-0.0016,-0.0007,0.1665,0.0898,0.1621,-0.0556,0.0089,0.0655,-0.1980,-0.1980,0.5092,-0.3422,-0.9619,5.6346,0.0770,5.4520,16.0798,-2.6995,0.0315,0.0232,-0.0637
33016994,-0.0009,-0.0004,0.1707,0.0773,0.1260,-0.0725,0.0144,0.0726,-0.1960,-0.1960,0.3887,0.0111,-1.4222,1.4304,0.5796,5.4462,16.0940,-2.6975,-0.0079,0.0339,-0.0198
33021994,-0.0003,0.0003,0.0702,0.1500,0.0026,-0.0341,-0.0606,0.0949,-0.1940,-0.1940,0.4147,0.3365,-3.1493,-0.5129,1.8858,5.4302,16.0916,-2.6879,-0.0416,0.0360,0.0173
33026994,0.0001,0.0010,0.0452,0.1368,0.0570,-0.0273,-0.0670,0.1009,-0.1918,-0.1918,0.4425,0.4076,-2.9773,-0.2940,3.1881,5.4167,16.0900,-2.6755,-0.0602,0.0087,0.0558
33031994,-0.0003,0.0019,-0.0870,0.1448,0.1804,0.0612,-0.1229,0.0825,-0.1918,-0.1918,-0.0056,0.4403,0.0531,-0.9405,2.8591,5.4133,16.0867,-2.6560,-0.0498,-0.0256,0.0908
33036994,-0.0010,0.0022,-0.1359,0.0388,0.0820,0.0988,-0.1034,0.0141,-0.1934,-0.1934,-0.3311,0.5252,1.0823,-4.2171,2.0372,5.4183,16.0662,-2.6478,-0.0212,-0.0386,0.1010
33041994,-0.0022,0.0024,-0.2126,0.0238,-0.0618,0.1602,-0.1382,-0.0292,-0.1965,-0.1965,-0.6095,0.3984,2.0664,-4.7611,0.0580,5.4292,16.0444,-2.6465,0.0014,-0.0949,0.0967
33046994,-0.0030,0.0024,-0.1717,-0.0260,0.1624,0.1632,-0.1018,-0.0426,-0.1993,-0.1993,-0.5646,0.0859,3.5479,-1.5469,-0.1106,5.4428,16.0326,-2.6469,0.0362,-0.1392,0.0459
33051994,-0.0040,0.0018,-0.1741,-0.0968,0.3129,0.1911,-0.0615,-0.0933,-0.2024,-0.2024,-0.6086,-0.1382,3.9046,-0.6670,-1.2028,5.4709,16.0302,-2.6520,0.1011,-0.1512,0.0057
33056994,-0.0045,0.0009,-0.1295,-0.1359,0.1627,0.1693,-0.0254,-0.1250,-0.2048,-0.2048,-0.4961,-0.2766,2.6769,-0.5009,-2.3096,5.4818,16.0283,-2.6609,0.1525,-0.1008,-0.0286
33061994,-0.0047,-0.0003,-0.0476,-0.1955,0.0261,0.1228,0.0401,-0.1598,-0.2061,-0.2061,-0.2443,-0.3985,1.0601,0.1742,-2.4340,5.4883,16.0287,-2.6784,0.1695,-0.0565,-0.0634
33066994,-0.0047,-0.0011,0.0061,-0.1115,0.1541,0.0972,0.0344,-0.1137,-0.2066,-0.2066,-0.1134,-0.3269,1.1165,1.1718,-1.5994,5.4927,16.0344,-2.6850,0.1579,-0.0371,-0.1152
33071994,-0.0041,-0.0015,0.1472,-0.0388,0.2012,0.0086,0.0529,-0.0381,-0.2058,-0.2058,0.1606,-0.2650,0.1222,1.7264,-1.1830,5.4951,16.0413,-2.6919,0.1389,0.0021,-0.1323
33076994,-0.0031,-0.0014,0.2147,0.0586,0.1550,-0.0505,0.0322,0.0363,-0.2041,-0.2041,0.3470,-0.2720,-0.0747,3.5268,-0.7276,5.4947,16.0594,-2.6943,0.0919,0.0357,-0.1130
33081994,-0.0018,-0.0009,0.2844,0.1432,0.1162,-0.1181,0.0152,0.1163,-0.2011,-0.2011,0.5904,-0.2824,-0.4690,5.6792,0.2022,5.4929,16.0821,-2.6941,0.0493,0.0301,-0.0709
33086994,-0.0003,-0.0004,0.3002,0.1607,0.0744,-0.1582,0.0139,0.1529,-0.1987,-0.1987,0.4920,-0.0081,-0.4212,2.7996,0.6289,5.4910,16.0953,-2.6915,0.0079,0.0442,-0.0266
33091994,0.0007,0.0008,0.1658,0.2120,-0.0188,-0.1079,-0.0623,0.1680,-0.1969,-0.1969,0.3474,0.3589,-1.3295,-0.2521,1.6365,5.4835,16.0974,-2.6836,-0.0119,0.0332,-0.0089
33096994,0.0015,0.0017,0.1038,0.1979,0.0426,-0.0871,-0.0787,0.1707,-0.1948,-0.1948,0.4253,0.3920,-2.5054,-0.1738,2.3220,5.4742,16.0955,-2.6745,-0.0432,0.0177,0.0304
33101994,0.0019,0.0027,0.0672,0.1652,0.1049,-0.0721,-0.0843,0.1685,-0.1931,-0.1931,0.3394,0.4783,-1.8227,-0.8053,3.2207,5.4591,16.0927,-2.6544,-0.0824,-0.0223,0.0504
33106994,0.0014,0.0032,-0.0550,0.1087,0.1098,0.0058,-0.1063,0.1132,-0.1935,-0.1935,-0.0747,0.6237,-0.6710,-4.1984,2.4217,5.4562,16.0721,-2.6448,-0.0930,-0.0462,0.1093
33111994,0.0008,0.0038,-0.0993,0.1225,0.0704,0.0424,-0.1437,0.1095,-0.1946,-0.1946,-0.2222,0.5580,0.1633,-4.0027,1.5964,5.4576,16.0532,-2.6341,-0.0603,-0.0742,0.1272
33116994,0.0002,0.0040,-0.1158,0.0162,0.1752,0.0663,-0.1016,0.0555,-0.1958,-0.1958,-0.2386,0.2256,0.6304,-2.0821,0.6101,5.4602,16.0454,-2.6314,-0.0156,-0.1329,0.1203
33121994,-0.0005,0.0038,-0.1570,-0.0632,0.2512,0.1067,-0.0759,-0.0017,-0.1974,-0.1974,-0.3129,0.0527,1.0702,-1.4110,0.0796,5.4654,16.0383,-2.6309,0.0028,-0.1320,0.1088
33126994,-0.0012,0.0035,-0.1576,-0.1020,0.1987,0.1190,-0.0594,-0.0365,-0.1993,-0.1993,-0.3916,-0.0530,2.1662,-0.7554,-0.1257,5.4739,16.0326,-2.6314,0.0360,-0.1106,0.0627
33131994,-0.0016,0.0024,-0.1338,-0.1833,0.2231,0.1169,0.0015,-0.0925,-0.2015,-0.2015,-0.4475,-0.2525,2.8481,-0.2008,-1.0918,5.4951,16.0316,-2.6360,0.0522,-0.0732,0.0438
33136994,-0.0022,0.0013,-0.1515,-0.1915,0.1880,0.1356,0.0133,-0.1272,-0.2034,-0.2034,-0.3796,-0.3428,1.6075,0.0402,-1.9044,5.5010,16.0323,-2.6434,0.1219,-0.0461,0.0062
33141994,-0.0029,0.0003,-0.1176,-0.1604,0.0063,0.1243,0.0106,-0.1342,-0.2048,-0.2048,-0.2750,-0.4592,0.4847,0.6526,-3.1871,5.5044,16.0348,-2.6613,0.1373,-0.0262,-0.0350
33146994,-0.0033,-0.0003,-0.0373,-0.1045,0.0454,0.0883,0.0153,-0.0983,-0.2057,-0.2057,-0.1663,-0.3525,1.1308,1.2893,-1.9014,5.5095,16.0397,-2.6692,0.1238,0.0034,-0.0991
33151994,-0.0025,-0.0004,0.1888,0.0055,0.1202,-0.0498,0.0369,0.0268,-0.2047,-0.2047,0.1813,-0.1666,0.8273,1.8517,-0.3629,5.5158,16.0507,-2.6728,0.1164,0.0117,-0.1103
33156994,-0.0016,-0.0002,0.2117,0.0480,0.0713,-0.0828,0.0278,0.0633,-0.2031,-0.2031,0.3252,-0.1623,0.0814,2.6988,-0.0062,5.5157,16.0655,-2.6727,0.0778,0.0133,-0.0909
33161994,-0.0004,0.0000,0.2095,0.0996,0.1001,-0.1051,0.0114,0.1053,-0.2011,-0.2011,0.4078,-0.1990,-0.0536,4.0737,0.2342,5.5154,16.0817,-2.6718,0.0531,0.0163,-0.0669
33166994,0.0008,0.0005,0.2254,0.1335,0.1166,-0.1365,0.0043,0.1456,-0.1988,-0.1988,0.4508,-0.0612,-0.1779,3.5824,1.0811,5.5147,16.0975,-2.6678,0.0103,0.0315,-0.0264
33171994,0.0016,0.0014,0.1240,0.1775,0.0100,-0.1014,-0.0576,0.1601,-0.1971,-0.1971,0.3473,0.2915,-1.4743,0.2781,1.7447,5.5072,16.1012,-2.6580,-0.0259,0.0290,0.0141
33176994,0.0020,0.0021,0.0492,0.1356,0.0106,-0.0695,-0.0672,0.1379,-0.1950,-0.1950,0.4260,0.3927,-3.0238,-0.4805,2.8250,5.4957,16.0988,-2.6469,-0.0621,0.0030,0.0510
33181994,0.0024,0.0026,0.0519,0.1457,0.0930,-0.0751,-0.0736,0.1594,-0.1937,-0.1937,0.2584,0.4737,-1.6272,-1.4361,2.7806,5.4815,16.0927,-2.6282,-0.0860,-0.0314,0.0840
33186994,0.0020,0.0033,-0.0834,0.1060,0.0958,0.0109,-0.1099,0.1101,-0.1946,-0.1946,-0.1943,0.6849,-0.0831,-5.0355,2.4057,5.4809,16.0666,-2.6185,-0.0883,-0.0433,0.1303
33191994,0.0015,0.0036,-0.1481,0.0867,0.0900,0.0562,-0.1290,0.0832,-0.1955,-0.1955,-0.1765,0.4345,0.0542,-2.4962,1.9747,5.4815,16.0552,-2.6058,-0.0776,-0.0986,0.1483
33196994,0.0004,0.0035,-0.1799,-0.0376,0.1926,0.0979,-0.0816,0.0060,-0.1966,-0.1966,-0.2163,0.0602,0.2921,-0.7414,0.5156,5.4827,16.0504,-2.6035,-0.0327,-0.1368,0.1196
33201994,-0.0004,0.0030,-0.1518,-0.1182,0.1981,0.1011,-0.0352,-0.0430,-0.1982,-0.1982,-0.3241,-0.0331,1.2847,-1.1811,-0.0871,5.4884,16.0456,-2.6044,0.0040,-0.1294,0.0736
33206994,-0.0009,0.0024,-0.1194,-0.1472,0.1914,0.0927,-0.0064,-0.0642,-0.2001,-0.2001,-0.3804,-0.1084,2.3065,-0.8497,-0.3515,5.4973,16.0417,-2.6057,0.0373,-0.0910,0.0392
33211994,-0.0013,0.0015,-0.1124,-0.1875,0.2274,0.0988,0.0272,-0.0996,-0.2022,-0.2022,-0.4212,-0.3051,2.6930,0.0101,-1.5021,5.5180,16.0413,-2.6140,0.0704,-0.0480,0.0116
33216994,-0.0016,0.0005,-0.0932,-0.1756,0.1786,0.0911,0.0413,-0.1117,-0.2038,-0.2038,-0.3065,-0.4131,1.2902,0.4406,-2.6119,5.5225,16.0436,-2.6241,0.1143,-0.0244,-0.0235
33221994,-0.0019,-0.0005,-0.0342,-0.1582,0.0323,0.0582,0.0582,-0.1127,-0.2043,-0.2043,-0.1076,-0.4926,0.0369,1.3680,-2.9301,5.5225,16.0491,-2.6441,0.1093,0.0110,-0.0360
33226994,-0.0021,-0.0010,-0.0180,-0.0779,0.1172,0.0563,0.0360,-0.0787,-0.2041,-0.2041,0.0496,-0.5312,0.1391,3.8086,-2.0221,5.5230,16.0682,-2.6519,0.0827,0.0369,-0.1010
33231994,-0.0015,-0.0012,0.1539,0.0024,0.2189,-0.0483,0.0589,0.0148,-0.2021,-0.2021,0.3997,-0.5013,-0.0136,5.9659,-0.5141,5.5231,16.0924,-2.6572,0.0565,0.0316,-0.1176
33236994,-0.0006,-0.0010,0.1726,0.0828,0.1621,-0.0768,0.0273,0.0683,-0.2005,-0.2005,0.3104,-0.1465,-0.0497,2.9609,0.0116,5.5229,16.1053,-2.6569,0.0339,0.0593,-0.0696
33241994,0.0003,-0.0005,0.1524,0.1533,-0.0252,-0.0914,-0.0209,0.1094,-0.1994,-0.1994,0.2282,0.1472,-0.4536,0.4296,0.3507,5.5211,16.1111,-2.6554,0.0119,0.0643,-0.0415
33246994,0.0011,0.0006,0.1304,0.1933,0.0038,-0.0954,-0.0548,0.1506,-0.1981,-0.1981,0.2619,0.3070,-1.0511,-0.3171,1.1442,5.5167,16.1092,-2.6505,-0.0238,0.0362,-0.0026
33251994,0.0015,0.0016,0.0376,0.1943,0.0985,-0.0497,-0.0906,0.1518,-0.1960,-0.1960,0.4135,0.4549,-3.3275,-0.8158,2.5351,5.4998,16.1060,-2.6370,-0.0389,-0.0092,0.0118
33256994,0.0020,0.0023,0.0825,0.1234,0.1098,-0.0828,-0.0541,0.1496,-0.1945,-0.1945,0.2876,0.6848,-1.9182,-3.2414,3.9762,5.4915,16.0907,-2.6210,-0.0858,-0.0389,0.0471
33261994,0.0017,0.0031,-0.0690,0.1359,0.1624,0.0107,-0.1183,0.1265,-0.1956,-0.1956,-0.2136,0.7758,0.0669,-5.6522,2.5736,5.4913,16.0678,-2.6036,-0.0760,-0.0464,0.1123
33266994,0.0016,0.0036,-0.0730,0.0938,0.1077,0.0131,-0.1096,0.1090,-0.1960,-0.1960,-0.0838,0.4181,-0.1000,-2.3042,1.8658,5.4910,16.0578,-2.5963,-0.0623,-0.0847,0.1389
33271994,0.0006,0.0034,-0.1930,-0.0742,0.1480,0.1001,-0.0651,-0.0179,-0.1970,-0.1970,-0.2026,-0.0525,0.0723,-0.1742,0.1050,5.4910,16.0570,-2.5940,-0.0403,-0.1128,0.1353
33276994,-0.0002,0.0027,-0.1420,-0.1518,0.1443,0.0891,-0.0110,-0.0614,-0.1983,-0.1983,-0.2466,-0.0809,0.6663,-0.9543,-0.0425,5.4932,16.0514,-2.5943,-0.0023,-0.1079,0.0988
33281994,-0.0009,0.0015,-0.1069,-0.2269,0.1871,0.0859,0.0511,-0.1154,-0.1999,-0.1999,-0.3272,-0.2439,2.1966,-0.1484,-0.3669,5.5045,16.0506,-2.5957,0.0169,-0.0725,0.0824
33286994,-0.0014,0.0004,-0.0654,-0.1772,0.1938,0.0737,0.0520,-0.1033,-0.2020,-0.2020,-0.4257,-0.2903,3.9995,0.7149,-0.7425,5.5206,16.0535,-2.5987,0.0486,-0.0287,0.0425
33291994,-0.0019,-0.0006,-0.0693,-0.1857,0.0863,0.0808,0.0647,-0.1355,-0.2031,-0.2031,-0.2069,-0.4034,1.3510,1.2193,-1.5801,5.5318,16.0583,-2.6076,0.0903,-0.0074,0.0014
33296994,-0.0020,-0.0015,0.0192,-0.1778,-0.0777,0.0264,0.0956,-0.1310,-0.2031,-0.2031,-0.0022,-0.5235,0.0911,2.0751,-2.3698,5.5314,16.0661,-2.6171,0.0847,0.0272,-0.0384
33301994,-0.0019,-0.0021,0.0391,-0.0825,-0.0239,0.0156,0.0691,-0.0875,-0.2022,-0.2022,0.1762,-0.5744,0.6681,5.3630,-0.9662,5.5359,16.0934,-2.6258,0.0704,0.0509,-0.0836
33306994,-0.0012,-0.0023,0.1753,-0.0116,0.1581,-0.0670,0.0897,-0.0043,-0.2004,-0.2004,0.3578,-0.4292,0.2604,4.9828,-0.3895,5.5375,16.1287,-2.6269,0.0331,0.0872,-0.1009
33311994,-0.0008,-0.0020,0.1210,0.0431,0.0093,-0.0522,0.0421,0.0113,-0.1989,-0.1989,0.3095,-0.1894,-0.5185,3.0773,0.0876,5.5346,16.1420,-2.6263,0.0159,0.0975,-0.0953
33316994,0.0000,-0.0017,0.1255,0.1020,-0.1186,-0.0748,0.0122,0.0489,-0.1974,-0.1974,0.2964,0.0333,-1.1206,1.2245,0.3406,5.5311,16.1499,-2.6254,-0.0229,0.0900,-0.0538
33321994,0.0005,-0.0009,0.0770,0.2263,-0.0169,-0.0546,-0.0675,0.1202,-0.1951,-0.1951,0.4583,0.3406,-3.0948,0.4160,1.8853,5.5139,16.1516,-2.6163,-0.0578,0.0653,-0.0183
33326994,0.0011,0.0005,0.0825,0.2673,0.0561,-0.0666,-0.1004,0.1735,-0.1937,-0.1937,0.2847,0.4844,-0.8357,0.0198,2.8129,5.5103,16.1515,-2.6051,-0.0726,0.0152,0.0209
33331994,0.0012,0.0014,-0.0269,0.1811,0.1627,-0.0027,-0.1026,0.1242,-0.1933,-0.1933,0.0727,0.5602,0.4638,-0.8668,4.0092,5.5135,16.1478,-2.5810,-0.0734,-0.0226,0.0465
33336994,0.0011,0.0023,-0.0412,0.1536,0.1425,0.0069,-0.1110,0.1206,-0.1938,-0.1938,-0.1007,0.5850,0.0498,-3.3842,2.1611,5.5135,16.1314,-2.5725,-0.0515,-0.0377,0.1159
33341994,0.0004,0.0028,-0.1573,0.0696,-0.0435,0.0789,-0.1264,0.0425,-0.1959,-0.1959,-0.4125,0.5915,0.5314,-5.6608,1.0480,5.5159,16.1080,-2.5652,-0.0322,-0.0700,0.1299
33346994,-0.0002,0.0032,-0.1210,0.0470,0.0576,0.0748,-0.1129,0.0448,-0.1977,-0.1977,-0.3707,0.3006,1.6344,-2.7759,0.4845,5.5225,16.0898,-2.5635,0.0043,-0.1391,0.1296
33351994,-0.0010,0.0028,-0.1387,-0.1014,0.2790,0.1100,-0.0385,-0.0391,-0.2003,-0.2003,-0.5073,-0.0129,3.4558,-1.2196,-0.0819,5.5402,16.0850,-2.5638,0.0394,-0.1443,0.0825
33356994,-0.0016,0.0021,-0.0889,-0.1509,0.2170,0.0923,0.0030,-0.0701,-0.2030,-0.2030,-0.5479,-0.1524,4.5910,-0.5119,-0.5341,5.5599,16.0834,-2.5657,0.1097,-0.1134,0.0419
33361994,-0.0018,0.0008,-0.0134,-0.2251,0.1031,0.0492,0.0762,-0.1134,-0.2042,-0.2042,-0.2428,-0.3318,1.6134,-0.2549,-1.6264,5.5717,16.0814,-2.5730,0.1163,-0.0670,0.0038
33366994,-0.0018,-0.0003,0.0382,-0.1720,0.0194,0.0160,0.0809,-0.0946,-0.2047,-0.2047,-0.0922,-0.4151,0.2119,0.3224,-2.8029,5.5723,16.0827,-2.5886,0.0903,-0.0473,-0.0181
33371994,-0.0016,-0.0011,0.0715,-0.1570,0.1056,-0.0034,0.1036,-0.0879,-0.2044,-0.2044,0.0474,-0.4492,-0.2295,1.3795,-2.3766,5.5711,16.0900,-2.5992,0.0600,-0.0052,-0.0776
33376994,-0.0010,-0.0017,0.1515,-0.0999,0.2329,-0.0552,0.1194,-0.0372,-0.2031,-0.2031,0.2662,-0.3769,-0.4544,2.6043,-0.9578,5.5692,16.1035,-2.6056,0.0154,0.0315,-0.0994
33381994,-0.0002,-0.0020,0.1558,-0.0137,0.2348,-0.0744,0.0943,0.0073,-0.2005,-0.2005,0.5293,-0.4283,-1.8737,4.9533,-0.3777,5.5589,16.1228,-2.6068,-0.0120,0.0425,-0.0895
33386994,0.0006,-0.0020,0.1717,0.0586,0.2097,-0.1016,0.0709,0.0549,-0.1972,-0.1972,0.6511,-0.3126,-3.0139,4.7122,-0.0608,5.5474,16.1447,-2.6077,-0.0448,0.1108,-0.0426
33391994,0.0012,-0.0013,0.1170,0.1103,0.0283,-0.0900,0.0166,0.0766,-0.1945,-0.1945,0.5435,0.0368,-3.9525,1.2695,0.3234,5.5201,16.1569,-2.6067,-0.0754,0.1088,-0.0028
33396994,0.0012,-0.0007,0.0284,0.1509,0.0475,-0.0394,-0.0385,0.0835,-0.1930,-0.1930,0.3001,0.3102,-2.3243,-0.3229,1.7256,5.5111,16.1544,-2.5981,-0.1081,0.0842,0.0139
33401994,0.0011,-0.0000,0.0043,0.1338,0.2995,-0.0126,-0.0409,0.0882,-0.1924,-0.1924,0.1218,0.4061,-0.1904,-0.6335,2.8690,5.5087,16.1519,-2.5866,-0.1052,0.0321,0.0550
33406994,0.0011,0.0007,-0.0144,0.1939,0.2369,-0.0052,-0.0895,0.1222,-0.1924,-0.1924,-0.0003,0.4398,0.2339,-1.1906,1.9713,5.5097,16.1457,-2.5727,-0.0520,-0.0089,0.0874
33411994,0.0007,0.0014,-0.0797,0.1151,-0.0099,0.0309,-0.0964,0.0643,-0.1936,-0.1936,-0.2465,0.3388,1.0643,-2.2304,0.6457,5.5143,16.1370,-2.5701,-0.0107,-0.0275,0.1104
33416994,0.0003,0.0016,-0.0874,0.0192,-0.0175,0.0431,-0.0619,0.0168,-0.1955,-0.1955,-0.3838,0.4069,1.3494,-4.4422,0.5415,5.5199,16.1198,-2.5683,0.0141,-0.0514,0.1107
33421994,-0.0001,0.0012,-0.0953,-0.0461,0.0170,0.0568,-0.0269,-0.0280,-0.1979,-0.1979,-0.4777,0.2710,2.6570,-3.6396,0.4375,5.5330,16.0901,-2.5661,0.0293,-0.0959,0.0690
33426994,0.0001,0.0005,0.0379,-0.0702,0.2201,-0.0126,0.0434,-0.0053,-0.1997,-0.1997,-0.3479,-0.1029,4.2668,0.1805,-0.2393,5.5503,16.0861,-2.5671,0.0441,-0.0906,0.0487
33431994,0.0003,-0.0004,0.0266,-0.1353,0.2152,-0.0123,0.0907,-0.0535,-0.2001,-0.2001,-0.0870,-0.2809,1.4965,1.1679,-0.7040,5.5628,16.0912,-2.5697,0.0704,-0.0338,0.0076
33436994,0.0010,-0.0013,0.1686,-0.1674,-0.0740,-0.1163,0.1586,-0.0509,-0.1990,-0.1990,0.2113,-0.4874,-0.2637,2.2694,-1.8456,5.5614,16.1037,-2.5800,0.0301,0.0127,0.0019
33441994,0.0019,-0.0021,0.1555,-0.1689,0.0130,-0.1235,0.1811,-0.0560,-0.1972,-0.1972,0.3598,-0.6517,-1.7753,3.6034,-2.6044,5.5520,16.1175,-2.5903,-0.0174,0.0310,-0.0379
33446994,0.0029,-0.0027,0.1717,-0.0831,0.2164,-0.1465,0.1748,-0.0032,-0.1937,-0.1937,0.7145,-0.6321,-3.3012,6.2741,-0.7832,5.5392,16.1420,-2.5977,-0.0510,0.0562,-0.0695
33451994,0.0039,-0.0030,0.1897,-0.0031,0.2286,-0.1761,0.1558,0.0468,-0.1904,-0.1904,0.6599,-0.3537,-2.9647,4.5264,0.0196,5.5167,16.1736,-2.5971,-0.0974,0.1408,-0.0429
33456995,0.0043,-0.0025,0.0571,0.1491,0.0717,-0.1157,0.0338,0.0902,-0.1890,-0.1890,0.2738,0.0586,-1.5689,1.4254,0.2620,5.5106,16.1844,-2.5961,-0.1489,0.1744,-0.0186
33461994,0.0045,-0.0015,-0.0058,0.1857,0.0723,-0.0848,-0.0156,0.1088,-0.1880,-0.1880,0.1936,0.1924,-1.2294,0.9478,1.0359,5.5040,16.1881,-2.5919,-0.1553,0.1604,0.0169
33466994,0.0035,-0.0004,-0.1567,0.2251,0.0863,0.0180,-0.1057,0.0977,-0.1880,-0.1880,0.0102,0.4700,-0.1379,0.1440,3.2980,5.5032,16.1900,-2.5750,-0.1186,0.1130,0.0325
33471994,0.0028,0.0005,-0.1103,0.2144,0.0765,0.0067,-0.1119,0.1141,-0.1881,-0.1881,-0.0274,0.4434,0.4113,-0.1403,2.8078,5.5049,16.1892,-2.5627,-0.0730,0.0894,0.0920
33476994,0.0022,0.0015,-0.1130,0.1726,-0.0411,0.0170,-0.1202,0.0985,-0.1887,-0.1887,-0.1164,0.3063,0.6638,-0.2354,1.4856,5.5081,16.1882,-2.5522,-0.0297,0.0414,0.1220
33481994,0.0016,0.0021,-0.0935,0.1020,-0.0615,0.0170,-0.0981,0.0740,-0.1896,-0.1896,-0.1839,0.2099,1.5912,-0.1120,1.2769,5.5168,16.1878,-2.5472,-0.0099,-0.0015,0.1048
33486995,0.0014,0.0023,-0.0935,0.0394,-0.0447,0.0233,-0.0744,0.0459,-0.1911,-0.1911,-0.3018,0.2014,2.3643,-0.9990,1.0848,5.5263,16.1837,-2.5408,0.0106,-0.0183,0.0956
33491994,0.0013,0.0023,-0.0565,-0.0226,-0.1247,0.0031,-0.0396,0.0220,-0.1933,-0.1933,-0.4325,0.2833,3.1145,-3.0397,0.8943,5.5441,16.1720,-2.5369,0.0143,-0.0426,0.0623
33496995,0.0007,0.0022,-0.0898,-0.0397,-0.1183,0.0326,-0.0430,-0.0034,-0.1955,-0.1955,-0.4391,0.0895,3.5724,-1.1502,0.5119,5.5585,16.1600,-2.5332,0.0096,-0.0744,0.0457
33501994,0.0008,0.0015,0.0257,-0.0852,0.1199,-0.0250,0.0338,0.0051,-0.1958,-0.1958,-0.0598,-0.1284,1.3113,0.6362,0.0812,5.5694,16.1625,-2.5327,0.0338,-0.0621,0.0191
33506994,0.0010,0.0011,0.0739,-0.0834,0.0695,-0.0577,0.0545,0.0113,-0.1958,-0.1958,0.0048,-0.1793,1.1724,1.0184,-0.2140,5.5736,16.1672,-2.5344,0.0163,-0.0399,0.0053
33511994,0.0021,0.0005,0.1677,-0.1173,0.0060,-0.1341,0.1154,0.0194,-0.1944,-0.1944,0.2636,-0.2013,-0.3318,1.2757,0.1963,5.5734,16.1740,-2.5336,-0.0013,0.0023,0.0079
33516994,0.0031,-0.0000,0.1619,-0.0990,0.0713,-0.1502,0.1274,0.0310,-0.1921,-0.1921,0.4740,-0.2519,-1.9526,2.5057,0.5410,5.5658,16.1867,-2.5303,-0.0373,0.0215,0.0133
33521994,0.0040,-0.0004,0.1393,-0.0498,0.1001,-0.1568,0.1156,0.0528,-0.1883,-0.1883,0.7574,-0.3522,-4.0724,4.7537,0.8677,5.5410,16.2053,-2.5270,-0.0514,0.0469,0.0262
33526995,0.0050,-0.0007,0.1481,-0.0632,0.1880,-0.1768,0.1429,0.0557,-0.1853,-0.1853,0.5974,-0.2713,-2.3999,3.9384,1.2688,5.5318,16.2356,-2.5198,-0.1270,0.1256,0.0295
33531994,0.0054,-0.0007,0.0470,-0.0015,0.1880,-0.1285,0.0876,0.0627,-0.1838,-0.1838,0.3016,-0.0585,-1.1799,2.0196,1.2911,5.5238,16.2447,-2.5145,-0.1687,0.1398,0.0557
33536995,0.0053,-0.0007,-0.0525,0.0278,-0.0157,-0.0795,0.0381,0.0396,-0.1830,-0.1830,0.1565,0.0106,-1.3885,1.0487,0.8287,5.5186,16.2477,-2.5090,-0.1583,0.1477,0.0655
33541994,0.0049,-0.0006,-0.1197,0.0586,0.0240,-0.0316,-0.0001,0.0344,-0.1833,-0.1833,-0.0659,0.0698,-0.1916,0.3361,0.4807,5.5153,16.2506,-2.5068,-0.1420,0.0999,0.0485
33546994,0.0040,-0.0002,-0.2101,0.1222,0.1129,0.0400,-0.0680,0.0411,-0.1845,-0.1845,-0.2409,0.1377,0.2378,-0.2043,-0.0048,5.5163,16.2497,-2.5066,-0.0950,0.0752,0.0395
33551994,0.0031,0.0006,-0.1891,0.1323,0.1358,0.0489,-0.0899,0.0568,-0.1859,-0.1859,-0.2627,0.1771,0.5557,-0.5533,0.0237,5.5200,16.2474,-2.5065,-0.0734,0.0330,0.0414
33556995,0.0019,0.0012,-0.2040,0.0965,0.1498,0.0801,-0.0980,0.0353,-0.1875,-0.1875,-0.3225,0.2040,0.7301,-1.2792,0.1020,5.5234,16.2405,-2.5061,-0.0272,-0.0076,0.0432
33561994,0.0012,0.0013,-0.1112,0.0421,0.1187,0.0426,-0.0576,0.0288,-0.1890,-0.1890,-0.3019,0.2447,1.1587,-2.2671,0.3369,5.5294,16.2319,-2.5046,0.0117,-0.0260,0.0498
33566994,0.0007,0.0016,-0.0883,0.0391,0.0607,0.0386,-0.0637,0.0321,-0.1915,-0.1915,-0.4947,0.3742,2.2445,-4.4339,-0.1259,5.5378,16.2146,-2.5050,0.0283,-0.0371,0.0309
33571994,0.0002,0.0018,-0.0638,0.0425,0.1141,0.0367,-0.0633,0.0398,-0.1935,-0.1935,-0.4166,0.2305,2.5144,-2.6229,-0.2050,5.5567,16.1924,-2.5061,0.0349,-0.0770,0.0320
33576994,0.0004,0.0017,0.0583,-0.0287,0.2412,-0.0312,0.0137,0.0455,-0.1936,-0.1936,-0.0077,-0.0013,0.4909,-0.4207,-0.0686,5.5588,16.1870,-2.5065,0.0530,-0.0835,0.0368
33581994,0.0008,0.0014,0.0965,-0.0715,0.1172,-0.0644,0.0490,0.0290,-0.1930,-0.1930,0.1108,-0.0608,-0.1321,-0.0417,0.0949,5.5576,16.1870,-2.5061,0.0433,-0.0644,0.0442
33586994,0.0016,0.0007,0.1985,-0.1103,0.1114,-0.1385,0.1169,0.0345,-0.1915,-0.1915,0.3013,-0.1334,-1.0490,0.2443,-0.0534,5.5536,16.1879,-2.5061,0.0004,-0.0160,0.0444
33591994,0.0027,0.0002,0.1793,-0.1084,0.1410,-0.1493,0.1315,0.0342,-0.1890,-0.1890,0.4985,-0.2104,-2.9899,1.2216,-0.0913,5.5386,16.1925,-2.5066,-0.0357,-0.0006,0.0331
33596994,0.0038,-0.0004,0.1732,-0.0929,0.1230,-0.1697,0.1434,0.0406,-0.1855,-0.1855,0.7133,-0.2842,-4.7718,2.4735,0.0102,5.5191,16.2022,-2.5065,-0.0969,0.0344,0.0339
33601994,0.0046,-0.0009,0.1463,-0.0644,0.1498,-0.1705,0.1427,0.0451,-0.1825,-0.1825,0.5953,-0.5258,-1.9161,6.0474,0.1229,5.5049,16.2336,-2.5060,-0.1257,0.0673,0.0390
33606994,0.0054,-0.0011,0.1002,-0.0263,0.2757,-0.1536,0.1262,0.0593,-0.1808,-0.1808,0.3267,-0.2723,-0.8604,3.2420,0.0840,5.5014,16.2556,-2.5050,-0.1637,0.1301,0.0447
33611994,0.0054,-0.0010,-0.0363,0.0418,0.0506,-0.0875,0.0442,0.0491,-0.1803,-0.1803,0.1128,-0.0282,-1.0051,1.1051,0.2054,5.4949,16.2601,-2.5043,-0.1719,0.1606,0.0550
33616995,0.0047,-0.0005,-0.1878,0.1090,0.0179,0.0094,-0.0466,0.0392,-0.1809,-0.1809,-0.1208,0.1316,-0.6452,-0.0432,0.2463,5.4928,16.2601,-2.5024,-0.1503,0.1293,0.0553
33621994,0.0036,0.0000,-0.2144,0.1604,0.1422,0.0523,-0.0952,0.0594,-0.1821,-0.1821,-0.2464,0.1678,0.3572,-0.0477,0.0489,5.4941,16.2599,-2.5023,-0.1068,0.0763,0.0446
33626994,0.0024,0.0009,-0.2059,0.1701,0.1282,0.0704,-0.1255,0.0700,-0.1834,-0.1834,-0.2479,0.2169,0.5232,-0.2460,0.3564,5.4964,16.2591,-2.5008,-0.0643,0.0509,0.0510
33631994,0.0014,0.0017,-0.1680,0.1469,0.0881,0.0682,-0.1292,0.0713,-0.1848,-0.1848,-0.2812,0.2784,0.9740,-1.1324,0.5587,5.5025,16.2530,-2.4984,-0.0399,0.0086,0.0660
33636995,0.0006,0.0023,-0.1289,0.1203,0.0552,0.0614,-0.1265,0.0715,-0.1862,-0.1862,-0.2874,0.3232,1.2153,-1.8548,0.7542,5.5069,16.2433,-2.4933,0.0009,-0.0113,0.0700
33641994,0.0002,0.0027,-0.0684,0.0562,0.0265,0.0361,-0.0922,0.0592,-0.1882,-0.1882,-0.4054,0.3736,2.1595,-3.6325,0.4483,5.5176,16.2293,-2.4914,0.0200,-0.0357,0.0733
33646995,-0.0002,0.0028,-0.0696,0.0476,0.0313,0.0469,-0.0937,0.0505,-0.1910,-0.1910,-0.5505,0.3327,4.0613,-3.1272,0.5382,5.5338,16.2045,-2.4884,0.0299,-0.1014,0.0698
33651994,-0.0002,0.0025,0.0058,-0.0070,0.1566,0.0077,-0.0352,0.0456,-0.1920,-0.1920,-0.2079,0.1756,1.3478,-2.2052,0.1427,5.5457,16.1952,-2.4879,0.0624,-0.1121,0.0558
33656994,-0.0000,0.0022,0.0702,-0.0409,0.1162,-0.0340,0.0048,0.0427,-0.1918,-0.1918,0.0394,0.0015,0.1698,-0.4462,0.0998,5.5466,16.1936,-2.4878,0.0338,-0.1039,0.0448
33661994,0.0006,0.0019,0.1185,-0.0929,0.0827,-0.0741,0.0537,0.0300,-0.1909,-0.1909,0.1851,-0.1043,-0.6519,0.1632,0.0161,5.5441,16.1948,-2.4876,0.0079,-0.0484,0.0430
33666994,0.0016,0.0012,0.2056,-0.1710,0.1477,-0.1407,0.1409,0.0169,-0.1889,-0.1889,0.4025,-0.2583,-1.6643,1.0903,-0.0319,5.5377,16.1998,-2.4878,-0.0280,-0.0271,0.0383
33671994,0.0025,0.0002,0.1475,-0.1646,0.1492,-0.1290,0.1496,-0.0033,-0.1857,-0.1857,0.6363,-0.3233,-4.6382,1.8255,-0.2173,5.5137,16.2071,-2.4886,-0.0427,0.0049,0.0208
33676994,0.0032,-0.0006,0.1500,-0.0950,0.1437,-0.1446,0.1373,0.0239,-0.1827,-0.1827,0.6102,-0.4655,-3.4363,4.0704,-0.6934,5.4982,16.2276,-2.4926,-0.1130,0.0390,0.0174
33681994,0.0037,-0.0010,0.0556,-0.0367,0.2934,-0.0942,0.1006,0.0277,-0.1810,-0.1810,0.3351,-0.5351,-1.0482,5.2678,-1.1370,5.4902,16.2508,-2.4973,-0.1587,0.1128,0.0062
33686994,0.0039,-0.0012,0.0052,-0.0208,0.2806,-0.0711,0.0841,0.0195,-0.1799,-0.1799,0.2146,-0.2577,-0.8806,2.9733,-0.0698,5.4864,16.2608,-2.5000,-0.1291,0.1220,0.0203
33691994,0.0035,-0.0014,-0.0910,0.0232,0.0521,-0.0178,0.0244,-0.0005,-0.1803,-0.1803,-0.0693,0.0613,-0.1819,-0.1856,0.3046,5.4839,16.2625,-2.4984,-0.1075,0.1059,0.0203
33696994,0.0032,-0.0009,-0.0794,0.1463,0.0399,-0.0192,-0.0432,0.0671,-0.1809,-0.1809,-0.1362,0.1778,0.0993,-0.7353,-0.3320,5.4844,16.2577,-2.4998,-0.0619,0.0935,0.0167
33701994,0.0024,-0.0001,-0.1564,0.1970,0.1272,0.0440,-0.1068,0.0775,-0.1826,-0.1826,-0.3367,0.1920,1.1754,-0.7999,-0.8645,5.4903,16.2543,-2.5031,-0.0430,0.0484,0.0154
33706994,0.0019,0.0007,-0.1533,0.1680,0.1486,0.0539,-0.1111,0.0744,-0.1843,-0.1843,-0.3283,0.3248,1.6116,-1.3454,0.6721,5.4973,16.2465,-2.5016,-0.0142,0.0062,0.0272
33711994,0.0013,0.0013,-0.0874,0.1136,0.0921,0.0263,-0.0866,0.0710,-0.1857,-0.1857,-0.2965,0.4002,2.1949,-1.9780,1.7079,5.5089,16.2389,-2.4945,0.0255,-0.0287,0.0616
33716995,0.0011,0.0018,-0.0247,0.0938,0.0035,-0.0048,-0.0756,0.0808,-0.1882,-0.1882,-0.4995,0.4484,3.8486,-3.7188,0.8414,5.5244,16.2245,-2.4872,0.0300,-0.0438,0.0765
33721994,0.0008,0.0022,-0.0296,0.0562,-0.0563,-0.0006,-0.0688,0.0629,-0.1892,-0.1892,-0.1961,0.3286,0.7457,-2.8580,0.6440,5.5333,16.2006,-2.4851,0.0354,-0.0922,0.0803
33726994,0.0013,0.0021,0.1258,-0.0244,0.0802,-0.0930,0.0254,0.0769,-0.1882,-0.1882,0.2105,0.0455,-0.5388,-0.0459,0.8534,5.5310,16.1955,-2.4793,0.0091,-0.0944,0.0752
33731994,0.0020,0.0015,0.1121,-0.0733,0.1874,-0.0947,0.0667,0.0496,-0.1872,-0.1872,0.1973,-0.0878,-0.5225,0.5188,0.3329,5.5285,16.1980,-2.4781,-0.0007,-0.0782,0.0775
33736994,0.0032,0.0007,0.2138,-0.1268,0.1098,-0.1793,0.1448,0.0472,-0.1851,-0.1851,0.4244,-0.1903,-1.6802,1.0736,0.2557,5.5222,16.2038,-2.4759,-0.0339,-0.0279,0.0762
33741994,0.0039,-0.0001,0.1014,-0.1552,0.0506,-0.1353,0.1466,-0.0055,-0.1825,-0.1825,0.5104,-0.2816,-3.8597,1.5099,-0.1198,5.4990,16.2098,-2.4765,-0.0784,0.0123,0.0507
33746994,0.0047,-0.0009,0.1188,-0.1139,0.1425,-0.1555,0.1563,0.0157,-0.1806,-0.1806,0.3910,-0.3037,-1.8790,2.3722,-0.0676,5.4921,16.2189,-2.4770,-0.1422,0.0322,0.0332
33751994,0.0050,-0.0014,0.0199,-0.0727,0.2858,-0.1011,0.1288,0.0054,-0.1789,-0.1789,0.3237,-0.5801,-0.8301,5.8129,-0.7025,5.4869,16.2492,-2.4794,-0.1548,0.0647,0.0205
33756994,0.0054,-0.0017,0.0434,-0.0415,0.2516,-0.1238,0.1272,0.0258,-0.1778,-0.1778,0.2330,-0.3625,-1.0603,3.1136,-1.0105,5.4822,16.2698,-2.4857,-0.1416,0.1237,0.0129
33761994,0.0049,-0.0017,-0.1552,0.0229,0.0674,-0.0091,0.0281,-0.0112,-0.1785,-0.1785,-0.1468,-0.1244,-0.2968,0.7439,-1.1520,5.4790,16.2733,-2.4906,-0.1295,0.1545,0.0172
33766994,0.0043,-0.0014,-0.1426,0.1155,0.0298,-0.0058,-0.0266,0.0359,-0.1792,-0.1792,-0.1407,0.1193,-0.0606,-0.0642,-0.0146,5.4787,16.2726,-2.4917,-0.1190,0.1284,0.0176
33771994,0.0033,-0.0007,-0.2086,0.1930,0.1107,0.0528,-0.1006,0.0607,-0.1804,-0.1804,-0.2415,0.1697,0.1328,-0.0840,-0.3840,5.4792,16.2723,-2.4929,-0.0742,0.0765,-0.0027
33776994,0.0023,0.0003,-0.1811,0.1814,0.1370,0.0597,-0.1136,0.0698,-0.1815,-0.1815,-0.2096,0.2525,0.4816,-0.2926,0.6224,5.4811,16.2711,-2.4924,-0.0339,0.0518,0.0282
33781994,0.0013,0.0011,-0.1591,0.1631,0.1019,0.0658,-0.1243,0.0703,-0.1827,-0.1827,-0.2403,0.3812,1.3336,-0.9734,1.8323,5.4887,16.2657,-2.4851,-0.0123,0.0091,0.0592
33786994,0.0008,0.0020,-0.0870,0.1665,0.0252,0.0344,-0.1307,0.0992,-0.1840,-0.1840,-0.2709,0.4005,1.8381,-1.7145,1.2950,5.4957,16.2567,-2.4747,0.0245,-0.0105,0.0719
33791994,0.0005,0.0024,-0.0370,0.0571,-0.0496,0.0113,-0.0783,0.0613,-0.1867,-0.1867,-0.5461,0.3896,4.2624,-3.5459,0.7300,5.5188,16.2430,-2.4720,0.0320,-0.0349,0.0877
33796994,0.0002,0.0026,-0.0360,0.0446,-0.0435,0.0162,-0.0785,0.0572,-0.1882,-0.1882,-0.2816,0.3662,2.1284,-2.6743,1.4603,5.5279,16.2205,-2.4646,0.0394,-0.0931,0.0952
33801994,0.0003,0.0025,0.0571,-0.0031,-0.0075,-0.0373,-0.0251,0.0616,-0.1880,-0.1880,0.0278,0.1656,0.1868,-1.2236,0.9447,5.5290,16.2144,-2.4607,0.0272,-0.1045,0.0622
33806994,0.0010,0.0021,0.1106,-0.0510,0.1306,-0.0763,0.0338,0.0576,-0.1875,-0.1875,0.1097,-0.0491,0.3531,0.3308,0.3553,5.5304,16.2169,-2.4592,-0.0040,-0.0842,0.0632
33811994,0.0020,0.0015,0.1619,-0.1115,0.1236,-0.1264,0.0973,0.0435,-0.1858,-0.1858,0.3294,-0.1268,-1.0786,0.8845,0.6877,5.5267,16.2215,-2.4561,-0.0206,-0.0341,0.0563
33816994,0.0029,0.0006,0.1301,-0.1726,0.0423,-0.1307,0.1401,-0.0045,-0.1834,-0.1834,0.4879,-0.2985,-3.0150,1.7798,0.1591,5.5150,16.2314,-2.4536,-0.0480,-0.0131,0.0558
33821994,0.0036,-0.0000,0.1411,-0.1500,0.0390,-0.1499,0.1500,0.0044,-0.1810,-0.1810,0.4835,-0.3522,-2.5821,2.5305,-0.0695,5.4935,16.2412,-2.4541,-0.0847,0.0228,0.0324
33826995,0.0036,-0.0007,0.0122,-0.0852,0.2247,-0.0722,0.1040,-0.0058,-0.1793,-0.1793,0.3351,-0.5798,-1.1791,5.5943,-0.7592,5.4888,16.2707,-2.4571,-0.1483,0.0481,0.0121
33831994,0.0041,-0.0008,0.0583,-0.0382,0.3304,-0.1027,0.1049,0.0361,-0.1781,-0.1781,0.2327,-0.3926,-0.9790,3.2410,-1.3144,5.4839,16.2854,-2.4625,-0.1395,0.1189,0.0038
33836994,0.0038,-0.0009,-0.0339,-0.0272,0.1474,-0.0525,0.0645,0.0051,-0.1781,-0.1781,-0.0050,-0.2917,-0.1413,1.8815,-1.5199,5.4833,16.2938,-2.4719,-0.1063,0.1302,0.0082
33841994,0.0034,-0.0003,-0.1203,0.0974,0.0326,-0.0002,-0.0391,0.0430,-0.1789,-0.1789,-0.1509,0.0937,0.0387,-0.2766,-0.3258,5.4834,16.2920,-2.4736,-0.0961,0.1021,0.0018
33846994,0.0025,0.0003,-0.1448,0.1362,0.0943,0.0336,-0.0813,0.0587,-0.1798,-0.1798,-0.1818,0.1774,0.1200,-0.5573,-0.0281,5.4838,16.2890,-2.4732,-0.0538,0.0839,0.0056
33851994,0.0017,0.0011,-0.1335,0.1833,0.1300,0.0458,-0.1228,0.0921,-0.1810,-0.1810,-0.2359,0.3356,1.1209,-1.0001,0.9599,5.4894,16.2850,-2.4699,-0.0352,0.0357,0.0397
33856994,0.0010,0.0020,-0.1002,0.1836,0.1068,0.0401,-0.1370,0.1093,-0.1821,-0.1821,-0.2287,0.4952,1.6462,-1.7903,2.2171,5.4962,16.2750,-2.4570,0.0067,-0.0055,0.0491
33861994,0.0009,0.0027,-0.0168,0.1277,0.0170,-0.0054,-0.1062,0.1136,-0.1840,-0.1840,-0.3778,0.5060,3.4781,-2.9769,1.8889,5.5139,16.2637,-2.4496,0.0270,-0.0354,0.0990
33866994,0.0006,0.0032,-0.0586,0.0684,-0.0722,0.0208,-0.1051,0.0760,-0.1865,-0.1865,-0.5020,0.5860,3.1003,-5.1634,1.4914,5.5280,16.2431,-2.4403,0.0319,-0.0628,0.1173
33871994,0.0006,0.0031,0.0348,0.0034,-0.1098,-0.0347,-0.0454,0.0674,-0.1868,-0.1868,-0.0473,0.3350,0.3010,-2.7445,1.5189,5.5310,16.2254,-2.4343,0.0302,-0.1223,0.0966
33876994,0.0006,0.0027,0.0287,-0.0654,0.0891,-0.0236,0.0016,0.0324,-0.1866,-0.1866,0.0292,-0.0498,0.3561,0.2607,0.4614,5.5320,16.2256,-2.4299,0.0068,-0.1342,0.0799
33881994,0.0011,0.0022,0.1066,-0.1304,0.1621,-0.0742,0.0716,0.0213,-0.1856,-0.1856,0.2048,-0.1935,-0.6261,0.8723,0.0613,5.5309,16.2292,-2.4301,-0.0127,-0.0802,0.0572
33886995,0.0015,0.0011,0.1118,-0.2266,0.0573,-0.0899,0.1389,-0.0424,-0.1840,-0.1840,0.3182,-0.3723,-1.8104,1.4249,-0.4491,5.5238,16.2376,-2.4316,-0.0217,-0.0291,0.0359
33891994,0.0025,-0.0002,0.1616,-0.2123,0.0567,-0.1379,0.1780,-0.0335,-0.1815,-0.1815,0.5032,-0.4009,-3.3011,1.7168,-0.7106,5.5046,16.2445,-2.4349,-0.0669,0.0141,0.0182
33896995,0.0031,-0.0010,0.1246,-0.1170,0.1566,-0.1259,0.1475,-0.0035,-0.1800,-0.1800,0.2931,-0.4453,-1.5971,2.3899,-1.8324,5.4981,16.2536,-2.4444,-0.1252,0.0327,-0.0187
33901994,0.0037,-0.0014,0.0782,-0.0431,0.3212,-0.1064,0.1191,0.0246,-0.1787,-0.1787,0.2618,-0.6741,-0.7289,5.3726,-2.7385,5.4938,16.2821,-2.4557,-0.1343,0.0715,-0.0125
33906994,0.0040,-0.0018,0.0302,-0.0345,0.3074,-0.0860,0.1093,0.0124,-0.1777,-0.1777,0.2018,-0.3057,-0.9206,2.7325,-0.7526,5.4897,16.2990,-2.4632,-0.1117,0.1184,-0.0102
33911994,0.0037,-0.0016,-0.0733,0.0779,0.1132,-0.0308,0.0129,0.0311,-0.1775,-0.1775,0.0368,0.0964,-0.8406,0.2666,0.5049,5.4846,16.3005,-2.4611,-0.1053,0.1431,0.0029
33916994,0.0034,-0.0010,-0.1069,0.1707,0.0261,-0.0078,-0.0594,0.0702,-0.1779,-0.1779,-0.0824,0.2196,-0.2336,-0.2745,0.3536,5.4836,16.2985,-2.4580,-0.0808,0.1087,0.0101
33921994,0.0028,0.0001,-0.1555,0.2352,0.0915,0.0327,-0.1259,0.1038,-0.1788,-0.1788,-0.1748,0.3004,0.2092,-0.4252,0.4133,5.4845,16.2968,-2.4564,-0.0384,0.0598,0.0364
33926994,0.0021,0.0011,-0.1289,0.1820,0.0927,0.0328,-0.1187,0.0967,-0.1797,-0.1797,-0.1810,0.3669,1.0953,-0.6746,1.7040,5.4891,16.2941,-2.4479,-0.0007,0.0323,0.0701
33931994,0.0015,0.0018,-0.0883,0.1481,0.0121,0.0200,-0.1127,0.0941,-0.1810,-0.1810,-0.2491,0.4268,2.4923,-1.0937,2.4915,5.5025,16.2880,-2.4376,0.0197,-0.0084,0.0967
33936994,0.0012,0.0024,-0.0275,0.1197,-0.1076,-0.0111,-0.1015,0.1001,-0.1831,-0.1831,-0.4258,0.4357,3.7655,-2.7035,1.3600,5.5177,16.2751,-2.4278,0.0102,-0.0208,0.0990
33941994,0.0010,0.0027,-0.0333,0.0220,-0.1623,-0.0067,-0.0649,0.0528,-0.1849,-0.1849,-0.3629,0.4571,1.9881,-4.4779,1.1167,5.5341,16.2564,-2.4235,0.0215,-0.0462,0.1010
33946994,0.0013,0.0027,0.0745,-0.0113,-0.1012,-0.0705,-0.0133,0.0721,-0.1848,-0.1848,0.0168,0.3097,0.3166,-2.3893,1.7382,5.5353,16.2452,-2.4132,0.0075,-0.0999,0.0785
33951994,0.0016,0.0023,0.0877,-0.0880,0.0768,-0.0773,0.0456,0.0406,-0.1840,-0.1840,0.1633,-0.0558,-0.1882,0.4458,0.8598,5.5345,16.2464,-2.4091,-0.0165,-0.0734,0.0761
33956995,0.0022,0.0018,0.1338,-0.1261,0.0558,-0.1179,0.0922,0.0322,-0.1819,-0.1819,0.4274,-0.2281,-2.0422,1.8819,0.5716,5.5269,16.2574,-2.4055,-0.0456,-0.0422,0.0603
33961994,0.0029,0.0009,0.1448,-0.2031,-0.0524,-0.1414,0.1504,-0.0151,-0.1796,-0.1796,0.4588,-0.3627,-2.3490,2.1738,0.1218,5.5099,16.2661,-2.4049,-0.0858,0.0076,0.0362
33966994,0.0031,0.0000,0.0699,-0.1466,0.1211,-0.0968,0.1259,-0.0150,-0.1778,-0.1778,0.3486,-0.4203,-1.4998,3.3619,-0.1554,5.5040,16.2835,-2.4060,-0.1361,0.0394,0.0283
33971994,0.0034,-0.0006,0.0315,-0.0782,0.2659,-0.0757,0.1030,0.0035,-0.1763,-0.1763,0.3050,-0.6014,-0.7372,5.6704,-1.0512,5.4990,16.3057,-2.4095,-0.1466,0.0508,-0.0039
33976994,0.0034,-0.0012,0.0330,-0.0800,0.1584,-0.0810,0.1104,-0.0111,-0.1760,-0.1760,0.0703,-0.4790,-0.0487,2.9318,-2.1973,5.4990,16.3284,-2.4220,-0.1042,0.1219,0.0070
33981994,0.0031,-0.0012,-0.0910,0.0535,-0.0166,-0.0116,0.0004,0.0093,-0.1766,-0.1766,-0.1293,-0.1013,0.0121,0.5809,-1.4105,5.4992,16.3308,-2.4280,-0.0812,0.1308,-0.0043
33986994,0.0026,-0.0009,-0.1252,0.0919,0.0268,0.0177,-0.0354,0.0209,-0.1773,-0.1773,-0.1470,0.0615,-0.0019,-0.0484,-0.4399,5.4993,16.3297,-2.4318,-0.0644,0.0928,-0.0056
33991994,0.0019,-0.0000,-0.1857,0.2153,0.1312,0.0707,-0.1302,0.0747,-0.1785,-0.1785,-0.2366,0.2792,0.8327,-0.1449,0.6774,5.5024,16.3292,-2.4290,-0.0406,0.0694,0.0084
33996994,0.0010,0.0009,-0.1408,0.1732,0.0982,0.0612,-0.1243,0.0745,-0.1796,-0.1796,-0.2252,0.3774,1.3553,-0.8989,1.7275,5.5076,16.3249,-2.4188,0.0000,0.0286,0.0186
34001994,0.0005,0.0018,-0.0858,0.1625,-0.0044,0.0387,-0.1290,0.0899,-0.1809,-0.1809,-0.2578,0.4089,2.4382,-1.0640,2.1051,5.5198,16.3205,-2.4106,0.0207,0.0049,0.0649
34006994,0.0001,0.0024,-0.0437,0.1271,-0.0414,0.0223,-0.1180,0.0910,-0.1830,-0.1830,-0.4213,0.4211,4.2066,-1.8923,1.8886,5.5367,16.3111,-2.3981,0.0363,-0.0307,0.0927
34011994,-0.0002,0.0027,-0.0382,0.0489,-0.1367,0.0217,-0.0908,0.0533,-0.1844,-0.1844,-0.2627,0.4641,1.1848,-3.9837,1.3554,5.5479,16.2956,-2.3926,0.0450,-0.0587,0.0966
34016994,-0.0000,0.0029,0.0449,0.0150,-0.1800,-0.0302,-0.0543,0.0636,-0.1847,-0.1847,-0.0598,0.3495,0.4718,-2.8433,1.4577,5.5495,16.2745,-2.3840,0.0275,-0.1074,0.0780
34021994,0.0006,0.0025,0.1649,-0.0568,0.0866,-0.0997,0.0386,0.0712,-0.1841,-0.1841,0.1029,0.0231,0.7285,-0.4769,0.5508,5.5531,16.2715,-2.3815,0.0129,-0.1093,0.0696
34026994,0.0015,0.0018,0.2190,-0.1255,0.1364,-0.1472,0.1098,0.0532,-0.1825,-0.1825,0.3300,-0.1628,-0.2560,1.2178,0.7393,5.5527,16.2781,-2.3778,-0.0212,-0.0511,0.0683
34031995,0.0027,0.0008,0.1811,-0.1851,-0.0221,-0.1566,0.1519,0.0021,-0.1796,-0.1796,0.5774,-0.2506,-3.2354,1.5996,0.7561,5.5371,16.2847,-2.3739,-0.0338,-0.0247,0.0624
34036994,0.0038,-0.0003,0.1820,-0.1839,-0.0676,-0.1815,0.1799,-0.0062,-0.1766,-0.1766,0.5961,-0.3394,-3.6613,1.9501,-0.0523,5.5204,16.2955,-2.3744,-0.0762,0.0181,0.0358
34041994,0.0043,-0.0011,0.0779,-0.1151,0.0952,-0.1273,0.1440,-0.0057,-0.1749,-0.1749,0.3474,-0.3996,-1.4486,3.3804,-0.2739,5.5098,16.3084,-2.3754,-0.1436,0.0433,0.0146
34046994,0.0048,-0.0018,0.0764,-0.1045,0.3203,-0.1277,0.1666,-0.0017,-0.1733,-0.1733,0.3221,-0.6568,-1.0051,5.2812,-1.8156,5.5060,16.3425,-2.3852,-0.1422,0.1272,0.0029
34051994,0.0046,-0.0021,-0.0140,-0.0684,0.1789,-0.0780,0.1206,-0.0219,-0.1730,-0.1730,0.0454,-0.4158,-0.3411,2.5538,-1.9118,5.5024,16.3514,-2.3931,-0.1324,0.1497,0.0002
34056994,0.0044,-0.0023,-0.0880,-0.0034,-0.0343,-0.0404,0.0606,-0.0242,-0.1735,-0.1735,-0.0829,-0.1493,-0.5924,0.4023,-1.4767,5.5001,16.3539,-2.4027,-0.1152,0.1535,-0.0111
34061994,0.0040,-0.0022,-0.0898,0.0834,0.0454,-0.0277,0.0145,0.0185,-0.1742,-0.1742,-0.1523,-0.0080,0.0704,-0.0378,-1.2144,5.5003,16.3538,-2.4074,-0.0946,0.1289,-0.0289
34066994,0.0032,-0.0012,-0.1878,0.2266,0.1282,0.0448,-0.1022,0.0722,-0.1754,-0.1754,-0.2379,0.2612,0.4580,-0.3214,0.1228,5.5021,16.3525,-2.4085,-0.0557,0.0799,-0.0129
34071994,0.0027,-0.0002,-0.1396,0.2141,0.1132,0.0271,-0.1063,0.0922,-0.1765,-0.1765,-0.2204,0.3380,0.9255,-0.7715,0.8227,5.5067,16.3495,-2.4049,-0.0182,0.0391,0.0072
34076994,0.0021,0.0008,-0.1533,0.1885,0.0292,0.0433,-0.1254,0.0855,-0.1775,-0.1775,-0.2063,0.4492,1.0431,-1.2251,2.1296,5.5103,16.3420,-2.3927,0.0204,-0.0037,0.0505
34081994,0.0016,0.0015,-0.0739,0.1442,-0.0432,0.0083,-0.1026,0.0893,-0.1789,-0.1789,-0.2757,0.4617,2.7516,-1.5403,2.5450,5.5245,16.3361,-2.3821,0.0253,-0.0223,0.0867
34086994,0.0012,0.0021,-0.0684,0.1081,-0.0878,0.0124,-0.1019,0.0793,-0.1811,-0.1811,-0.4266,0.5333,2.6718,-4.0500,1.4170,5.5368,16.3158,-2.3721,0.0369,-0.0476,0.0965
34091994,0.0014,0.0024,0.0110,0.0373,-0.1675,-0.0399,-0.0513,0.0718,-0.1816,-0.1816,-0.1110,0.4137,0.1324,-3.6438,1.1954,5.5392,16.2986,-2.3677,0.0275,-0.0971,0.0847
34096994,0.0020,0.0021,0.0742,-0.0498,0.0225,-0.0800,0.0275,0.0551,-0.1813,-0.1813,0.0593,0.0456,0.1627,-0.6168,0.6101,5.5397,16.2900,-2.3626,0.0122,-0.1230,0.0774
34101994,0.0027,0.0015,0.1069,-0.0898,0.1572,-0.1083,0.0801,0.0465,-0.1800,-0.1800,0.2705,-0.1119,-1.2554,0.7083,0.4239,5.5354,16.2934,-2.3615,-0.0248,-0.0652,0.0685
34106994,0.0036,0.0004,0.1319,-0.1860,-0.0368,-0.1484,0.1538,-0.0097,-0.1774,-0.1774,0.5087,-0.3081,-3.3873,1.5947,0.0223,5.5222,16.3023,-2.3601,-0.0548,-0.0141,0.0500
34111994,0.0047,-0.0005,0.1790,-0.2025,-0.0530,-0.1964,0.2014,-0.0111,-0.1749,-0.1749,0.5056,-0.3551,-2.7426,1.8768,-0.0875,5.5025,16.3098,-2.3606,-0.1059,0.0063,0.0280
34116994,0.0051,-0.0011,0.0431,-0.1026,0.1660,-0.1213,0.1402,0.0004,-0.1735,-0.1735,0.2705,-0.4271,-1.3158,3.3024,-0.8673,5.4972,16.3268,-2.3646,-0.1566,0.0379,0.0091
34121995,0.0053,-0.0018,0.0095,-0.0883,0.2451,-0.1043,0.1417,-0.0090,-0.1722,-0.1722,0.2776,-0.6635,-1.2174,5.4651,-1.9259,5.4900,16.3485,-2.3726,-0.1640,0.0507,0.0054
34126994,0.0052,-0.0024,-0.0284,-0.0785,0.1761,-0.0812,0.1310,-0.0294,-0.1720,-0.1720,0.0221,-0.3424,-0.6854,1.5739,-1.8220,5.4866,16.3620,-2.3838,-0.1293,0.1390,-0.0068
34131994,0.0048,-0.0026,-0.0880,0.0031,-0.0236,-0.0479,0.0675,-0.0224,-0.1729,-0.1729,-0.1722,-0.1523,-0.0610,0.0005,-2.0014,5.4863,16.3615,-2.3919,-0.0978,0.1451,-0.0129
34136994,0.0045,-0.0024,-0.1035,0.0959,-0.0197,-0.0324,0.0106,0.0196,-0.1737,-0.1737,-0.1687,-0.0258,-0.0137,0.0439,-1.5241,5.4863,16.3616,-2.4023,-0.0641,0.1119,-0.0288
34141994,0.0040,-0.0015,-0.1286,0.1903,0.0918,-0.0061,-0.0563,0.0730,-0.1746,-0.1746,-0.1629,0.1825,0.2824,-0.0500,-0.1495,5.4878,16.3614,-2.4029,-0.0403,0.0887,-0.0142
34146994,0.0036,-0.0008,-0.1347,0.1622,0.0680,0.0052,-0.0626,0.0652,-0.1752,-0.1752,-0.1374,0.3045,0.3402,-0.6045,1.2261,5.4891,16.3584,-2.3970,-0.0159,0.0485,0.0068
34151994,0.0030,-0.0001,-0.0886,0.1698,-0.0667,-0.0134,-0.0783,0.0840,-0.1756,-0.1756,-0.0650,0.4041,0.4165,-0.8284,2.1864,5.4919,16.3552,-2.3882,-0.0022,0.0256,0.0496
34156994,0.0026,0.0008,-0.0388,0.1607,-0.1214,-0.0357,-0.0803,0.1019,-0.1759,-0.1759,-0.0673,0.4374,0.9485,-1.1499,2.4109,5.4956,16.3491,-2.3723,0.0001,-0.0139,0.0847
34161994,0.0025,0.0013,-0.0061,0.0864,-0.1483,-0.0530,-0.0476,0.0834,-0.1760,-0.1760,-0.0135,0.4377,-0.2011,-2.5412,1.9751,5.4954,16.3394,-2.3643,-0.0189,-0.0395,0.0937
34166994,0.0027,0.0016,-0.0040,0.0470,-0.1599,-0.0582,-0.0318,0.0715,-0.1763,-0.1763,-0.0712,0.5028,-0.5782,-4.2535,1.6032,5.4923,16.3118,-2.3544,-0.0544,-0.0766,0.0925
34171994,0.0028,0.0016,-0.0147,-0.0131,-0.0136,-0.0491,0.0022,0.0453,-0.1764,-0.1764,-0.0221,0.1378,-0.0551,-1.1076,0.8327,5.4924,16.3076,-2.3510,-0.0606,-0.0686,0.0815
34176994,0.0030,0.0012,0.0055,-0.1005,0.0906,-0.0604,0.0640,0.0069,-0.1761,-0.1761,0.0755,-0.2211,0.0266,1.5799,0.0317,5.4923,16.3174,-2.3512,-0.0511,-0.0274,0.0701
34181994,0.0029,0.0005,-0.0418,-0.1500,-0.0805,-0.0394,0.0784,-0.0483,-0.1759,-0.1759,0.0252,-0.2852,-0.0559,1.5591,-0.1778,5.4928,16.3236,-2.3519,-0.0532,-0.0015,0.0361
34186994,0.0028,-0.0004,0.0018,-0.1576,-0.0976,-0.0614,0.1092,-0.0591,-0.1756,-0.1756,0.0703,-0.4866,-0.1826,2.6950,-1.5345,5.4918,16.3371,-2.3592,-0.0554,0.0337,0.0010
34191994,0.0028,-0.0011,0.0049,-0.0761,0.0042,-0.0595,0.0874,-0.0274,-0.1750,-0.1750,0.1182,-0.6548,0.0159,4.9972,-2.4410,5.4923,16.3567,-2.3687,-0.0498,0.0656,-0.0186
34196994,0.0030,-0.0018,0.0452,-0.0971,0.0561,-0.0833,0.1244,-0.0346,-0.1745,-0.1745,0.0910,-0.5145,-0.0402,3.1533,-2.2127,5.4921,16.3813,-2.3853,-0.0602,0.1085,-0.0512
34201994,0.0033,-0.0017,0.0046,0.0434,-0.0627,-0.0704,0.0408,0.0223,-0.1743,-0.1743,0.0449,-0.0915,-0.0809,1.2355,-0.4979,5.4920,16.3866,-2.3878,-0.0690,0.1194,-0.0492
34206994,0.0034,-0.0013,-0.0195,0.1005,-0.0603,-0.0597,0.0004,0.0522,-0.1742,-0.1742,0.0293,0.1050,-0.4142,0.1005,0.1585,5.4904,16.3863,-2.3865,-0.0712,0.1141,-0.0363
34211994,0.0033,-0.0004,-0.0696,0.2049,-0.0472,-0.0288,-0.0797,0.1031,-0.1743,-0.1743,-0.0221,0.2874,0.0301,0.0283,1.0899,5.4903,16.3864,-2.3822,-0.0705,0.0913,0.0034
34216994,0.0032,0.0003,-0.0461,0.1772,-0.0786,-0.0423,-0.0746,0.1077,-0.1740,-0.1740,0.0473,0.4710,0.0287,-0.8218,2.9594,5.4903,16.3834,-2.3669,-0.0554,0.0500,0.0422
34221994,0.0028,0.0012,-0.0556,0.1640,-0.0847,-0.0297,-0.0911,0.1110,-0.1740,-0.1740,0.0179,0.5318,0.2639,-1.2848,3.4471,5.4922,16.3782,-2.3525,-0.0409,0.0040,0.0707
34226994,0.0027,0.0020,-0.0177,0.1344,-0.1073,-0.0489,-0.0823,0.1187,-0.1740,-0.1740,-0.0133,0.4359,0.0938,-1.7963,2.0812,5.4926,16.3688,-2.3382,-0.0301,-0.0284,0.1216
34231994,0.0026,0.0022,-0.0290,0.0012,-0.1809,-0.0427,-0.0288,0.0506,-0.1748,-0.1748,-0.1650,0.3808,0.4124,-3.5403,1.3389,5.4957,16.3551,-2.3330,-0.0402,-0.0406,0.1261
34236994,0.0024,0.0022,-0.0611,-0.0211,-0.2042,-0.0224,-0.0296,0.0284,-0.1757,-0.1757,-0.1684,0.3116,0.0794,-3.2516,1.0242,5.4957,16.3283,-2.3264,-0.0439,-0.0892,0.1157
34241994,0.0025,0.0015,-0.0278,-0.0947,-0.0068,-0.0347,0.0356,-0.0017,-0.1761,-0.1761,-0.0724,-0.0477,0.5527,-0.2462,0.3584,5.4990,16.3271,-2.3242,-0.0423,-0.0774,0.0781
34246994,0.0025,0.0009,-0.0046,-0.1472,0.0032,-0.0478,0.0791,-0.0309,-0.1762,-0.1762,-0.0233,-0.2848,0.6576,1.3325,-0.4345,5.5013,16.3363,-2.3262,-0.0287,-0.0305,0.0329
34251994,0.0027,-0.0000,-0.0113,-0.1631,-0.1473,-0.0534,0.0974,-0.0611,-0.1761,-0.1761,0.0076,-0.3615,-0.3112,1.1750,-1.3764,5.5013,16.3410,-2.3315,-0.0399,0.0170,0.0149
34256994,0.0027,-0.0008,0.0211,-0.1637,-0.0627,-0.0673,0.1241,-0.0641,-0.1759,-0.1759,0.0464,-0.5867,-0.4432,2.5583,-2.8819,5.4990,16.3535,-2.3471,-0.0523,0.0439,-0.0240
34261994,0.0028,-0.0015,0.0131,-0.0877,0.0564,-0.0620,0.1049,-0.0364,-0.1751,-0.1751,0.1562,-0.6927,-0.4754,5.0074,-2.7704,5.4965,16.3729,-2.3590,-0.0645,0.0550,-0.0719
34266994,0.0029,-0.0020,0.0446,-0.0589,0.0994,-0.0804,0.1107,-0.0188,-0.1741,-0.1741,0.2014,-0.4305,-0.6818,3.4536,-1.3225,5.4934,16.3996,-2.3682,-0.0609,0.1182,-0.0676
34271994,0.0032,-0.0017,0.0150,0.1045,-0.0789,-0.0756,0.0125,0.0539,-0.1738,-0.1738,0.0554,0.0653,-0.3280,0.3741,-0.1291,5.4916,16.4061,-2.3686,-0.0782,0.1321,-0.0348
34276994,0.0033,-0.0012,-0.0153,0.1381,-0.1754,-0.0650,-0.0235,0.0681,-0.1735,-0.1735,0.0663,0.1892,-0.6946,-0.1153,0.5421,5.4871,16.4052,-2.3659,-0.0752,0.1140,-0.0251
34281994,0.0031,-0.0000,-0.0901,0.2385,-0.0762,-0.0152,-0.1115,0.1179,-0.1737,-0.1737,-0.0479,0.4090,-0.0275,-0.6546,1.5385,5.4871,16.4023,-2.3599,-0.0731,0.0649,0.0134
34286994,0.0027,0.0012,-0.0684,0.2147,-0.0475,-0.0189,-0.1183,0.1317,-0.1737,-0.1737,0.0168,0.5541,0.1275,-1.1070,3.2588,5.4878,16.3983,-2.3420,-0.0519,0.0440,0.0530
34291994,0.0022,0.0021,-0.0822,0.1674,-0.1250,-0.0033,-0.1238,0.1126,-0.1741,-0.1741,-0.0833,0.5087,0.8841,-1.3266,3.0649,5.4909,16.3929,-2.3292,-0.0211,0.0004,0.1138
34296994,0.0019,0.0028,-0.0467,0.1087,-0.2289,-0.0201,-0.1044,0.0980,-0.1748,-0.1748,-0.1447,0.4179,0.8971,-2.1821,1.7933,5.4966,16.3818,-2.3173,-0.0104,-0.0337,0.1248
34301994,0.0017,0.0028,-0.0455,-0.0281,-0.3178,-0.0200,-0.0451,0.0283,-0.1764,-0.1764,-0.3252,0.4768,1.0863,-5.2707,1.2194,5.5015,16.3533,-2.3127,-0.0175,-0.0440,0.1092
34306994,0.0016,0.0027,-0.0354,-0.0305,-0.2298,-0.0203,-0.0372,0.0309,-0.1773,-0.1773,-0.1710,0.2219,0.7292,-2.4019,0.8430,5.5057,16.3441,-2.3085,-0.0179,-0.1078,0.1019
34311994,0.0017,0.0021,0.0467,-0.1414,0.0304,-0.0581,0.0630,-0.0013,-0.1770,-0.1770,0.0571,-0.2126,0.4126,0.9841,0.0702,5.5080,16.3468,-2.3081,-0.0178,-0.0725,0.0621
34316994,0.0018,0.0011,0.0577,-0.1839,-0.0325,-0.0691,0.1026,-0.0373,-0.1766,-0.1766,0.0740,-0.3533,0.1276,1.3974,-0.7808,5.5094,16.3526,-2.3114,-0.0326,-0.0469,0.0216
34321994,0.0024,-0.0002,0.1151,-0.2001,-0.1623,-0.1174,0.1491,-0.0505,-0.1758,-0.1758,0.1742,-0.4242,-0.7537,1.3451,-1.5373,5.5063,16.3581,-2.3173,-0.0598,0.0042,-0.0113
34326994,0.0029,-0.0009,0.0699,-0.1295,-0.0572,-0.1000,0.1263,-0.0329,-0.1751,-0.1751,0.1316,-0.5198,-1.0766,2.1202,-2.9009,5.4979,16.3685,-2.3338,-0.0772,0.0369,-0.0331
34331994,0.0033,-0.0014,0.0217,-0.0617,0.1132,-0.0742,0.0999,-0.0126,-0.1738,-0.1738,0.2582,-0.6805,-1.0341,5.5771,-2.3761,5.4937,16.3978,-2.3439,-0.1000,0.0465,-0.0439
34336994,0.0032,-0.0017,0.0098,-0.0241,0.2079,-0.0629,0.0860,0.0010,-0.1728,-0.1728,0.1989,-0.3042,-1.1328,2.7732,-0.8268,5.4859,16.4091,-2.3498,-0.0968,0.1172,-0.0419
34341994,0.0031,-0.0013,-0.0675,0.1176,-0.0542,-0.0265,-0.0235,0.0437,-0.1731,-0.1731,-0.0611,0.1244,-0.4890,-0.4613,-0.3756,5.4833,16.4104,-2.3518,-0.0715,0.1134,-0.0130
34346994,0.0028,-0.0005,-0.0709,0.1387,-0.1968,-0.0254,-0.0571,0.0596,-0.1733,-0.1733,-0.0403,0.2594,-0.6330,-1.0681,0.4825,5.4801,16.4061,-2.3497,-0.0480,0.0982,0.0102
34351994,0.0020,0.0006,-0.1268,0.2190,-0.1046,0.0252,-0.1350,0.0977,-0.1742,-0.1742,-0.1741,0.3933,0.4413,-1.2065,1.0346,5.4819,16.4017,-2.3456,-0.0300,0.0456,0.0462
34356994,0.0016,0.0014,-0.0525,0.1753,-0.0893,-0.0067,-0.1114,0.1078,-0.1746,-0.1746,-0.0871,0.4890,0.8958,-1.5076,2.5269,5.4865,16.3936,-2.3313,-0.0192,0.0024,0.0559
34361994,0.0014,0.0021,-0.0229,0.1255,-0.1730,-0.0216,-0.0976,0.0992,-0.1753,-0.1753,-0.1355,0.4753,1.3811,-2.1231,2.3755,5.4920,16.3826,-2.3217,-0.0063,-0.0172,0.1074
34366994,0.0014,0.0025,0.0095,0.0409,-0.2891,-0.0444,-0.0588,0.0697,-0.1761,-0.1761,-0.1591,0.4829,0.5465,-4.1699,1.5123,5.4971,16.3665,-2.3114,-0.0090,-0.0425,0.1117
34371994,0.0015,0.0023,-0.0324,-0.0128,-0.3166,-0.0242,-0.0405,0.0280,-0.1765,-0.1765,-0.0857,0.2371,-0.0609,-2.2602,0.9525,5.4964,16.3447,-2.3078,-0.0259,-0.0966,0.0988
34376994,0.0020,0.0016,0.0498,-0.1164,-0.0603,-0.0696,0.0595,0.0032,-0.1762,-0.1762,0.0737,-0.1422,0.0629,0.4941,0.1631,5.4965,16.3461,-2.3051,-0.0294,-0.0875,0.0637
34381994,0.0023,0.0007,0.0192,-0.1313,0.0378,-0.0543,0.0800,-0.0213,-0.1762,-0.1762,-0.0026,-0.2849,0.6605,1.4040,-0.5693,5.4997,16.3524,-2.3074,-0.0463,-0.0422,0.0193
34386994,0.0028,-0.0002,0.0696,-0.1555,-0.1632,-0.1013,0.1199,-0.0375,-0.1757,-0.1757,0.0836,-0.3957,-0.4132,1.2869,-1.8025,5.4983,16.3604,-2.3159,-0.0500,0.0069,0.0054
34391994,0.0028,-0.0013,0.0037,-0.1729,-0.1232,-0.0641,0.1322,-0.0824,-0.1755,-0.1755,0.0494,-0.5741,-0.6360,2.4532,-2.7067,5.4950,16.3725,-2.3269,-0.0682,0.0256,-0.0258
34396994,0.0029,-0.0019,0.0254,-0.0602,0.0597,-0.0716,0.1029,-0.0243,-0.1744,-0.1744,0.2153,-0.5923,-0.7100,4.8271,-2.0131,5.4905,16.3913,-2.3413,-0.0839,0.0484,-0.0396
34401994,0.0030,-0.0022,0.0342,-0.0254,0.1312,-0.0753,0.0975,-0.0071,-0.1737,-0.1737,0.1506,-0.3907,-0.7507,2.8945,-1.8032,5.4873,16.4138,-2.3480,-0.0699,0.1160,-0.0702
34406994,0.0032,-0.0017,0.0165,0.0748,-0.0756,-0.0757,0.0278,0.0392,-0.1733,-0.1733,0.0779,-0.0208,-0.5968,0.7016,-0.5287,5.4827,16.4171,-2.3536,-0.0763,0.1263,-0.0351
34411994,0.0031,-0.0009,-0.0339,0.1408,-0.1681,-0.0501,-0.0371,0.0677,-0.1731,-0.1731,0.0425,0.2075,-0.9275,-0.5049,0.3518,5.4784,16.4144,-2.3520,-0.0758,0.1023,0.0046
34416994,0.0028,-0.0001,-0.0632,0.2034,-0.1147,-0.0256,-0.0900,0.1023,-0.1732,-0.1732,-0.0193,0.4281,-0.0815,-1.0368,1.8525,5.4757,16.4092,-2.3430,-0.0732,0.0510,0.0238
34421994,0.0023,0.0007,-0.0782,0.2098,-0.0750,-0.0064,-0.1151,0.1129,-0.1733,-0.1733,-0.0326,0.5539,0.0841,-1.6211,2.8037,5.4761,16.4007,-2.3318,-0.0370,0.0298,0.0665
34426994,0.0019,0.0017,-0.0657,0.1692,-0.1394,-0.0078,-0.1155,0.1071,-0.1739,-0.1739,-0.1121,0.5031,0.7859,-1.8795,2.4150,5.4804,16.3933,-2.3154,-0.0261,-0.0119,0.0953
34431994,0.0015,0.0021,-0.0788,0.0531,-0.2579,0.0037,-0.0800,0.0463,-0.1753,-0.1753,-0.2835,0.4627,1.0249,-3.8856,1.3798,5.4848,16.3738,-2.3097,-0.0096,-0.0407,0.1203
34436994,0.0012,0.0020,-0.0553,-0.0330,-0.3104,-0.0047,-0.0372,0.0058,-0.1771,-0.1771,-0.3542,0.4103,1.1473,-5.0285,0.6701,5.4910,16.3517,-2.3059,0.0003,-0.0544,0.1006
34441994,0.0008,0.0018,-0.0593,-0.0373,-0.1367,0.0128,-0.0292,0.0006,-0.1784,-0.1784,-0.2559,0.1309,1.3642,-1.9067,0.2551,5.4965,16.3453,-2.3046,-0.0035,-0.0973,0.0571
34446994,0.0010,0.0013,0.0046,-0.1246,-0.0133,-0.0217,0.0474,-0.0273,-0.1787,-0.1787,-0.0660,-0.2783,1.1141,1.3146,-0.6605,5.5029,16.3518,-2.3074,0.0049,-0.0475,0.0351
34451994,0.0008,0.0004,-0.0027,-0.1961,-0.1305,-0.0196,0.0895,-0.0850,-0.1794,-0.1794,-0.1340,-0.4133,1.4999,1.4342,-1.3587,5.5088,16.3615,-2.3125,-0.0043,-0.0341,-0.0023
34456994,0.0011,-0.0007,0.0687,-0.2422,-0.1693,-0.0654,0.1523,-0.1066,-0.1792,-0.1792,0.0248,-0.5211,-0.0280,1.2758,-2.3104,5.5115,16.3663,-2.3263,-0.0134,0.0138,-0.0196
34461994,0.0014,-0.0014,0.0733,-0.0938,-0.0609,-0.0722,0.1044,-0.0392,-0.1781,-0.1781,0.2317,-0.5022,-1.1302,3.2587,-1.9922,5.5073,16.3819,-2.3344,-0.0189,0.0396,-0.0717
34466994,0.0022,-0.0017,0.1243,-0.0220,0.0478,-0.1141,0.1031,0.0165,-0.1752,-0.1752,0.5784,-0.5994,-2.9514,5.8177,-1.6054,5.4914,16.4052,-2.3454,-0.0578,0.0504,-0.0901
34471994,0.0031,-0.0021,0.1576,-0.0168,0.0713,-0.1486,0.1236,0.0332,-0.1731,-0.1731,0.4072,-0.3288,-1.5392,3.2453,-0.7648,5.4849,16.4182,-2.3486,-0.1032,0.1134,-0.0490
34476994,0.0037,-0.0016,0.0764,0.1206,-0.0826,-0.1204,0.0263,0.0845,-0.1720,-0.1720,0.2222,0.1356,-1.5652,-0.0379,0.1527,5.4770,16.4221,-2.3485,-0.1194,0.1384,-0.0274
34481994,0.0041,-0.0009,0.0428,0.1848,-0.1180,-0.1124,-0.0244,0.1231,-0.1707,-0.1707,0.2748,0.2634,-2.1738,-0.0948,0.9138,5.4681,16.4214,-2.3453,-0.1275,0.1304,0.0130
34486994,0.0037,0.0003,-0.1408,0.2260,-0.0209,0.0028,-0.1161,0.1109,-0.1707,-0.1707,-0.0152,0.4410,-0.4914,-0.4752,2.2905,5.4628,16.4198,-2.3327,-0.1264,0.0857,0.0328
34491994,0.0032,0.0011,-0.1451,0.1845,-0.0346,0.0149,-0.1187,0.0999,-0.1712,-0.1712,-0.0823,0.4753,-0.1236,-1.2959,2.4449,5.4623,16.4121,-2.3227,-0.1103,0.0420,0.0813
34496994,0.0022,0.0020,-0.1665,0.1747,-0.1623,0.0417,-0.1502,0.0897,-0.1720,-0.1720,-0.1785,0.4061,0.1694,-1.4523,1.5228,5.4633,16.4063,-2.3123,-0.0631,0.0176,0.1110
34501994,0.0015,0.0025,-0.1313,0.0745,-0.2017,0.0358,-0.1097,0.0506,-0.1731,-0.1731,-0.2211,0.2323,0.4126,-1.6006,0.4281,5.4649,16.4000,-2.3110,-0.0227,-0.0210,0.1003
34506994,0.0008,0.0025,-0.1210,-0.0315,-0.1635,0.0463,-0.0620,-0.0033,-0.1753,-0.1753,-0.4212,0.2810,1.5441,-3.8064,0.2109,5.4736,16.3808,-2.3100,-0.0031,-0.0458,0.0865
34511994,-0.0001,0.0022,-0.1393,-0.0510,-0.1764,0.0736,-0.0612,-0.0328,-0.1778,-0.1778,-0.5020,0.1669,2.5273,-2.9127,-0.1107,5.4833,16.3557,-2.3104,0.0317,-0.0766,0.0446
34516994,-0.0004,0.0016,-0.0336,-0.0996,-0.0805,0.0264,0.0016,-0.0373,-0.1804,-0.1804,-0.5367,-0.1512,4.7641,-0.5076,-1.1715,5.5106,16.3529,-2.3159,0.0314,-0.0884,0.0243
34521994,-0.0006,0.0009,-0.0370,-0.1029,-0.0133,0.0334,0.0176,-0.0525,-0.1821,-0.1821,-0.3397,-0.2856,2.4451,0.2478,-2.1011,5.5205,16.3555,-2.3241,0.0812,-0.0540,-0.0060
34526994,-0.0000,0.0000,0.1469,-0.1775,-0.2268,-0.0898,0.1171,-0.0536,-0.1813,-0.1813,0.1669,-0.3300,-0.3554,0.8475,-1.1133,5.5208,16.3587,-2.3335,0.0501,-0.0305,-0.0523
34531994,0.0008,-0.0010,0.1848,-0.1823,-0.1027,-0.1213,0.1599,-0.0505,-0.1801,-0.1801,0.2416,-0.3400,-0.4478,1.1984,-0.8290,5.5186,16.3636,-2.3370,0.0156,0.0112,-0.0581
34536994,0.0022,-0.0016,0.2804,-0.0733,0.0042,-0.2000,0.1647,0.0358,-0.1775,-0.1775,0.5301,-0.3197,-1.4226,2.9424,-0.2246,5.5114,16.3780,-2.3398,-0.0044,0.0404,-0.0577
34541994,0.0034,-0.0017,0.2141,0.0312,-0.0270,-0.1904,0.1103,0.0770,-0.1740,-0.1740,0.6962,-0.4256,-2.4472,5.8567,-0.0116,5.5019,16.4125,-2.3396,-0.0401,0.0515,-0.0391
34546994,0.0046,-0.0018,0.1839,0.0009,-0.0701,-0.1987,0.1267,0.0639,-0.1703,-0.1703,0.7315,-0.2214,-4.3727,3.1551,0.2953,5.4751,16.4236,-2.3387,-0.0533,0.1228,-0.0226
34551994,0.0054,-0.0017,0.1335,0.0525,-0.2536,-0.1927,0.0861,0.0772,-0.1687,-0.1687,0.3193,0.1340,-1.3103,0.2349,1.2835,5.4699,16.4269,-2.3336,-0.1383,0.1445,0.0136
34556994,0.0056,-0.0011,-0.0082,0.1500,-0.1354,-0.1137,-0.0046,0.1026,-0.1678,-0.1678,0.1840,0.3490,-0.6312,0.2287,2.7930,5.4666,16.4278,-2.3175,-0.1637,0.1349,0.0515
34561994,0.0054,-0.0002,-0.0779,0.1897,-0.0279,-0.0680,-0.0555,0.1202,-0.1672,-0.1672,0.1223,0.3893,-0.8484,0.0958,2.6664,5.4626,16.4283,-2.3065,-0.1587,0.0859,0.0915
34566994,0.0044,0.0004,-0.2373,0.1008,-0.1648,0.0357,-0.0829,0.0282,-0.1679,-0.1679,-0.1504,0.3030,0.0036,-0.3305,2.2733,5.4611,16.4271,-2.2921,-0.1391,0.0441,0.1136
34571994,0.0033,0.0005,-0.1909,0.0467,-0.2286,0.0303,-0.0601,0.0034,-0.1688,-0.1688,-0.1664,0.2607,0.1346,-0.9689,1.7842,5.4617,16.4221,-2.2850,-0.0921,0.0225,0.1152
34576994,0.0023,0.0009,-0.1891,0.0657,-0.1834,0.0520,-0.0846,0.0113,-0.1702,-0.1702,-0.2789,0.1910,0.5557,-1.2496,0.3612,5.4651,16.4176,-2.2812,-0.0720,-0.0180,0.1017
34581994,0.0016,0.0009,-0.1341,-0.0324,-0.0960,0.0407,-0.0269,-0.0248,-0.1722,-0.1722,-0.4029,0.2487,1.1299,-3.6689,-0.0571,5.4701,16.3995,-2.2817,-0.0300,-0.0438,0.0561
34586994,0.0004,0.0005,-0.1912,-0.0580,-0.1406,0.0937,-0.0373,-0.0726,-0.1752,-0.1752,-0.5969,0.2018,1.8652,-4.3215,-0.9808,5.4807,16.3799,-2.2865,0.0098,-0.0595,0.0133
34591994,-0.0001,0.0001,-0.0950,-0.0342,-0.1073,0.0525,-0.0177,-0.0472,-0.1778,-0.1778,-0.5372,-0.0430,3.0258,-1.8413,-1.9548,5.4921,16.3736,-2.2944,0.0402,-0.0630,-0.0243
34596994,-0.0006,-0.0004,-0.0886,-0.0559,0.0772,0.0663,0.0062,-0.0636,-0.1802,-0.1802,-0.4795,-0.2855,3.3147,0.4386,-2.5139,5.5168,16.3765,-2.3101,0.0577,-0.0306,-0.0440
34601994,-0.0005,-0.0010,-0.0266,-0.1075,-0.0258,0.0247,0.0547,-0.0824,-0.1809,-0.1809,-0.1240,-0.2152,0.6833,0.2910,-1.0934,5.5189,16.3787,-2.3146,0.0885,-0.0182,-0.0703
34606994,-0.0004,-0.0015,0.0666,-0.0932,-0.1467,-0.0355,0.0811,-0.0626,-0.1803,-0.1803,0.1064,-0.2555,-0.5713,0.9150,-1.1724,5.5150,16.3825,-2.3207,0.0765,0.0101,-0.0712
34611994,0.0003,-0.0016,0.1487,0.0192,-0.0346,-0.0902,0.0640,0.0222,-0.1786,-0.1786,0.3441,-0.3078,-1.1429,3.1360,-1.0690,5.5107,16.3969,-2.3254,0.0273,0.0378,-0.0808
34616994,0.0012,-0.0015,0.2181,0.0516,0.1059,-0.1429,0.0813,0.0739,-0.1755,-0.1755,0.6316,-0.3840,-1.8420,5.5647,-0.0344,5.5010,16.4197,-2.3263,-0.0144,0.0448,-0.0617
34621994,0.0025,-0.0013,0.2291,0.0119,0.0093,-0.1781,0.1080,0.0711,-0.1724,-0.1724,0.6104,-0.1637,-3.0167,2.3585,0.0995,5.4891,16.4292,-2.3259,-0.0464,0.0888,-0.0143
34626994,0.0036,-0.0011,0.1854,0.0779,-0.2591,-0.1868,0.0600,0.0968,-0.1699,-0.1699,0.5107,0.1757,-3.0399,-0.0458,1.2091,5.4663,16.4301,-2.3209,-0.0856,0.1091,0.0074
34631994,0.0042,-0.0008,0.0849,0.1130,-0.1287,-0.1374,0.0198,0.1027,-0.1683,-0.1683,0.3042,0.2723,-1.1970,0.2204,2.2702,5.4617,16.4315,-2.3118,-0.1428,0.1101,0.0458
34636994,0.0042,0.0001,-0.0574,0.1787,0.0326,-0.0510,-0.0604,0.1152,-0.1680,-0.1680,0.0732,0.4126,-0.0097,-0.0623,2.9508,5.4610,16.4312,-2.2943,-0.1555,0.0661,0.0620
34641994,0.0037,0.0005,-0.1295,0.0724,-0.1189,-0.0078,-0.0475,0.0415,-0.1681,-0.1681,-0.0348,0.3363,-0.0210,-0.6651,2.7311,5.4609,16.4279,-2.2829,-0.1316,0.0267,0.1040
34646994,0.0029,0.0006,-0.2083,0.0305,-0.2139,0.0489,-0.0630,-0.0107,-0.1693,-0.1693,-0.2351,0.2083,0.2564,-1.1849,1.1007,5.4617,16.4229,-2.2745,-0.0878,0.0051,0.1208
34651994,0.0015,0.0005,-0.2550,-0.0336,-0.1440,0.1062,-0.0548,-0.0681,-0.1713,-0.1713,-0.3889,0.1247,0.6650,-1.8429,0.1922,5.4645,16.4156,-2.2737,-0.0483,-0.0303,0.0767
34656994,0.0004,0.0002,-0.1845,-0.0730,-0.0798,0.0923,-0.0207,-0.0809,-0.1740,-0.1740,-0.5437,0.3004,1.4774,-4.9228,-0.1222,5.4721,16.3900,-2.2743,-0.0267,-0.0345,0.0292
34661994,-0.0007,-0.0001,-0.2147,-0.0892,-0.0902,0.1304,-0.0254,-0.1155,-0.1765,-0.1765,-0.5122,-0.0672,1.7584,-1.6956,-1.4123,5.4790,16.3744,-2.2810,0.0156,-0.0703,0.0114
34666994,-0.0011,-0.0011,-0.0538,-0.1866,0.0121,0.0549,0.0826,-0.1361,-0.1789,-0.1789,-0.4627,-0.4162,3.6905,0.6141,-2.3389,5.4976,16.3767,-2.2903,0.0302,-0.0484,-0.0275
34671994,-0.0017,-0.0020,-0.0904,-0.1362,0.0066,0.0853,0.0588,-0.1434,-0.1812,-0.1812,-0.4717,-0.3678,3.2515,0.4964,-2.4826,5.5127,16.3803,-2.3063,0.0735,-0.0127,-0.0540
34676994,-0.0009,-0.0030,0.1283,-0.1432,-0.1046,-0.0567,0.1433,-0.0987,-0.1808,-0.1808,0.0915,-0.3644,-0.2895,0.7202,-2.1224,5.5123,16.3832,-2.3147,0.0889,0.0063,-0.1055
34681994,-0.0008,-0.0034,0.0489,-0.0476,-0.0578,-0.0133,0.0859,-0.0794,-0.1805,-0.1805,0.0562,-0.3939,-0.0565,2.2512,-2.2011,5.5120,16.3919,-2.3276,0.0661,0.0364,-0.1159
34686994,0.0003,-0.0037,0.2056,-0.0092,0.0860,-0.1169,0.1340,-0.0072,-0.1782,-0.1782,0.4483,-0.5645,-0.3785,5.9001,-1.2398,5.5104,16.4242,-2.3334,0.0449,0.0769,-0.0952
34691994,0.0013,-0.0038,0.2172,0.0241,0.0148,-0.1468,0.1295,0.0190,-0.1760,-0.1760,0.4535,-0.1935,-1.2798,2.7525,-0.0456,5.5051,16.4425,-2.3330,0.0060,0.0977,-0.0830
34696994,0.0025,-0.0034,0.1998,0.1100,-0.2341,-0.1709,0.0787,0.0651,-0.1737,-0.1737,0.4461,0.0567,-2.2070,0.8769,0.1916,5.4927,16.4454,-2.3323,-0.0171,0.1482,-0.0374
34701994,0.0034,-0.0028,0.1274,0.1222,-0.2426,-0.1495,0.0509,0.0705,-0.1709,-0.1709,0.5582,0.1790,-3.6885,0.7430,1.4723,5.4781,16.4501,-2.3256,-0.0494,0.1197,-0.0173
34706994,0.0039,-0.0021,0.0797,0.1778,-0.1409,-0.1293,0.0078,0.1052,-0.1697,-0.1697,0.2560,0.3349,-0.4034,0.5491,2.5734,5.4711,16.4526,-2.3155,-0.1273,0.0971,0.0176
34711994,0.0041,-0.0015,-0.0058,0.1350,-0.0212,-0.0814,-0.0011,0.0801,-0.1688,-0.1688,0.1704,0.4570,-0.0032,-0.1131,4.0340,5.4715,16.4521,-2.2919,-0.1359,0.0554,0.0620
34716994,0.0040,-0.0007,-0.0580,0.1326,-0.0884,-0.0531,-0.0303,0.0731,-0.1684,-0.1684,0.0819,0.4232,-0.1503,-0.4623,3.2785,5.4706,16.4499,-2.2782,-0.1219,0.0103,0.0904
34721994,0.0034,-0.0004,-0.1478,0.0535,-0.2029,0.0048,-0.0340,0.0057,-0.1691,-0.1691,-0.1442,0.2436,0.0782,-1.1045,1.3409,5.4709,16.4440,-2.2674,-0.0794,-0.0001,0.0903
34726994,0.0027,-0.0004,-0.1151,-0.0208,-0.1516,0.0036,0.0058,-0.0270,-0.1704,-0.1704,-0.2474,0.1704,0.5186,-2.1826,0.2744,5.4734,16.4358,-2.2662,-0.0598,-0.0238,0.0729
34731994,0.0021,-0.0006,-0.1619,-0.0461,-0.0786,0.0456,0.0037,-0.0584,-0.1725,-0.1725,-0.4332,0.1735,0.9618,-3.4711,-0.6501,5.4777,16.4217,-2.2688,-0.0176,-0.0091,0.0469
34736994,0.0013,-0.0010,-0.1252,-0.0638,-0.0612,0.0416,0.0243,-0.0731,-0.1745,-0.1745,-0.3994,-0.0880,1.8800,-1.0178,-1.3292,5.4892,16.4089,-2.2738,0.0144,-0.0165,0.0049
34741994,0.0009,-0.0017,-0.0565,-0.0925,-0.0340,0.0128,0.0669,-0.0837,-0.1766,-0.1766,-0.4214,-0.3458,3.3076,0.8737,-2.3817,5.5021,16.4132,-2.2875,0.0276,-0.0023,-0.0369
34746994,0.0007,-0.0024,-0.0385,-0.0880,-0.0554,0.0053,0.0795,-0.0913,-0.1778,-0.1778,-0.2262,-0.3932,1.9908,1.8638,-2.0604,5.5206,16.4222,-2.2962,0.0439,0.0259,-0.0878
34751994,0.0011,-0.0029,0.0990,-0.0635,-0.0884,-0.0813,0.1189,-0.0479,-0.1763,-0.1763,0.2961,-0.5657,-0.3736,5.0525,-1.4025,5.5182,16.4478,-2.3055,0.0241,0.0404,-0.0952
34756994,0.0016,-0.0032,0.1139,-0.0183,0.0188,-0.0946,0.1146,-0.0178,-0.1745,-0.1745,0.3650,-0.4271,-1.3002,4.1247,-1.1301,5.5101,16.4673,-2.3097,0.0126,0.0978,-0.0828
34761994,0.0023,-0.0031,0.1106,0.0452,-0.0643,-0.1115,0.0849,0.0192,-0.1725,-0.1725,0.3877,-0.0767,-2.0390,1.8310,0.2630,5.5021,16.4806,-2.3108,-0.0310,0.1343,-0.0654
34766994,0.0028,-0.0029,0.1225,0.0788,-0.1864,-0.1335,0.0686,0.0433,-0.1697,-0.1697,0.5630,0.1013,-4.0835,0.6761,0.9624,5.4783,16.4832,-2.3068,-0.0714,0.1289,-0.0238
34771994,0.0032,-0.0023,0.0904,0.1738,-0.0939,-0.1186,0.0091,0.0986,-0.1679,-0.1679,0.3551,0.3754,-1.7360,-0.0840,2.5089,5.4715,16.4826,-2.2935,-0.1441,0.0837,0.0140
34776994,0.0033,-0.0013,-0.0211,0.1826,0.0261,-0.0539,-0.0372,0.0941,-0.1674,-0.1674,0.1109,0.4801,0.0372,-0.4058,3.4225,5.4720,16.4805,-2.2794,-0.1393,0.0566,0.0570
34781994,0.0031,-0.0006,-0.0623,0.1228,-0.0545,-0.0306,-0.0373,0.0616,-0.1673,-0.1673,0.0102,0.4122,0.0213,-1.0328,2.6901,5.4721,16.4754,-2.2613,-0.1050,0.0354,0.0867
34786994,0.0022,-0.0003,-0.2269,0.0504,-0.1247,0.0763,-0.0646,-0.0261,-0.1685,-0.1685,-0.2309,0.3035,0.1324,-1.5393,1.7150,5.4725,16.4692,-2.2546,-0.0825,-0.0029,0.0946
34791994,0.0015,-0.0005,-0.1735,-0.0415,-0.0921,0.0629,-0.0095,-0.0641,-0.1705,-0.1705,-0.4121,0.2017,0.9479,-3.2722,-0.1464,5.4763,16.4526,-2.2543,-0.0448,-0.0380,0.0774
34796994,0.0004,-0.0007,-0.2107,-0.0550,-0.0795,0.1078,-0.0223,-0.0948,-0.1737,-0.1737,-0.6431,0.2964,1.5913,-5.4830,-0.9659,5.4850,16.4306,-2.2578,-0.0022,-0.0396,0.0277
34801994,-0.0004,-0.0010,-0.1710,-0.0910,-0.0374,0.1032,0.0070,-0.1145,-0.1766,-0.1766,-0.5783,-0.1117,2.2871,-2.1157,-2.3815,5.4938,16.4211,-2.2703,0.0326,-0.0463,-0.0100
34806994,-0.0011,-0.0018,-0.1042,-0.1662,0.0967,0.0851,0.0749,-0.1488,-0.1794,-0.1794,-0.5422,-0.4205,4.0557,0.8149,-2.4559,5.5182,16.4238,-2.2803,0.0500,-0.0211,-0.0639
34811994,-0.0015,-0.0026,-0.0425,-0.1469,0.0182,0.0542,0.0906,-0.1428,-0.1805,-0.1805,-0.2242,-0.3978,1.6014,1.1909,-2.0354,5.5246,16.4305,-2.2930,0.1040,0.0002,-0.0905
34816994,-0.0011,-0.0033,0.1078,-0.1277,-0.1608,-0.0442,0.1330,-0.1074,-0.1797,-0.1797,0.1573,-0.4977,-0.2079,2.7224,-2.0351,5.5236,16.4409,-2.3008,0.1004,0.0352,-0.1288
34821994,-0.0004,-0.0036,0.1671,-0.0257,-0.0160,-0.0859,0.1195,-0.0355,-0.1778,-0.1778,0.3695,-0.6583,-0.4622,5.8639,-2.2717,5.5219,16.4746,-2.3153,0.0516,0.0607,-0.1384
34826994,0.0014,-0.0038,0.3183,-0.0110,0.1233,-0.1997,0.1807,0.0333,-0.1749,-0.1749,0.5921,-0.3871,-1.3055,4.1644,-0.6702,5.5149,16.4899,-2.3183,0.0079,0.1295,-0.1162
34831995,0.0025,-0.0036,0.1903,0.0919,-0.0988,-0.1595,0.0935,0.0546,-0.1725,-0.1725,0.4789,-0.0650,-1.9583,2.2655,0.2478,5.5072,16.4997,-2.3171,-0.0320,0.1494,-0.0658
34836994,0.0032,-0.0029,0.1023,0.1747,-0.2026,-0.1302,0.0202,0.0866,-0.1698,-0.1698,0.5309,0.1507,-3.9836,0.9417,0.6305,5.4865,16.5051,-2.3148,-0.0455,0.1492,-0.0237
34841994,0.0037,-0.0017,0.0599,0.2385,-0.1473,-0.1144,-0.0358,0.1330,-0.1682,-0.1682,0.3269,0.3840,-1.7473,0.2902,2.1621,5.4784,16.5077,-2.3034,-0.1226,0.1251,-0.0066
34846994,0.0035,-0.0008,-0.0748,0.1787,-0.0145,-0.0302,-0.0591,0.0877,-0.1679,-0.1679,0.0587,0.4827,0.0463,-0.4226,3.4915,5.4793,16.5059,-2.2896,-0.1357,0.0814,0.0310
34851994,0.0032,0.0001,-0.0999,0.1662,-0.0010,-0.0101,-0.0774,0.0874,-0.1678,-0.1678,0.0298,0.5040,-0.0061,-0.7356,3.6115,5.4794,16.5022,-2.2663,-0.1097,0.0395,0.0603
34856994,0.0022,0.0008,-0.2028,0.1170,-0.1061,0.0632,-0.1089,0.0334,-0.1685,-0.1685,-0.1590,0.3991,0.1494,-1.1779,2.4506,5.4800,16.4976,-2.2565,-0.0651,0.0150,0.0984
34861994,0.0014,0.0011,-0.1582,0.0363,-0.1507,0.0534,-0.0732,0.0023,-0.1700,-0.1700,-0.2849,0.2259,1.0601,-1.5694,0.8687,5.4837,16.4916,-2.2498,-0.0250,-0.0228,0.0877
34866994,0.0003,0.0010,-0.1949,-0.0363,-0.1189,0.0985,-0.0571,-0.0552,-0.1727,-0.1727,-0.5396,0.2753,1.7324,-4.1086,-0.1014,5.4929,16.4709,-2.2505,-0.0050,-0.0482,0.0402
34871994,-0.0005,0.0006,-0.2022,-0.0452,-0.0887,0.1197,-0.0551,-0.0750,-0.1757,-0.1757,-0.6111,0.0662,2.6338,-2.6363,-1.2031,5.5029,16.4482,-2.2565,0.0307,-0.0750,0.0187
34876994,-0.0011,-0.0001,-0.0996,-0.1130,0.0570,0.0817,0.0188,-0.0939,-0.1788,-0.1788,-0.6097,-0.1933,4.6182,-0.5457,-1.5791,5.5305,16.4457,-2.2632,0.0437,-0.0793,-0.0272
34881994,-0.0014,-0.0008,-0.0849,-0.0959,0.0848,0.0799,0.0261,-0.0961,-0.1807,-0.1807,-0.3782,-0.2465,2.4163,0.1186,-1.8176,5.5394,16.4473,-2.2741,0.1028,-0.0513,-0.0503
34886994,-0.0011,-0.0016,0.0861,-0.1432,-0.1431,-0.0300,0.1037,-0.0902,-0.1804,-0.1804,0.0598,-0.3008,-0.1268,0.5918,-1.4332,5.5396,16.4495,-2.2796,0.0946,-0.0070,-0.0961
34891994,-0.0005,-0.0023,0.1539,-0.1374,-0.0554,-0.0763,0.1418,-0.0719,-0.1796,-0.1796,0.1614,-0.3787,-0.2208,1.4121,-1.6894,5.5387,16.4552,-2.2902,0.0611,0.0149,-0.0916
34896994,0.0007,-0.0028,0.2605,-0.0516,0.0659,-0.1570,0.1575,0.0071,-0.1772,-0.1772,0.4763,-0.4097,-0.9360,3.7709,-0.8331,5.5345,16.4739,-2.2939,0.0400,0.0423,-0.0846
34901994,0.0022,-0.0031,0.2724,0.0003,0.0982,-0.1921,0.1566,0.0469,-0.1740,-0.1740,0.6261,-0.3715,-1.5206,4.8102,0.0322,5.5287,16.5083,-2.2931,0.0011,0.0584,-0.0732
34906994,0.0036,-0.0030,0.2425,0.0073,-0.0432,-0.2099,0.1526,0.0524,-0.1709,-0.1709,0.6309,-0.2298,-2.7463,3.1027,0.0547,5.5137,16.5201,-2.2929,-0.0209,0.1334,-0.0274
34911994,0.0047,-0.0030,0.1833,0.0250,-0.2753,-0.2093,0.1294,0.0480,-0.1677,-0.1677,0.6442,0.0289,-3.6666,1.4415,1.4898,5.4981,16.5281,-2.2862,-0.0632,0.1665,-0.0105
34916994,0.0055,-0.0025,0.1060,0.1353,-0.1987,-0.1767,0.0558,0.0978,-0.1661,-0.1661,0.3163,0.2512,-0.3840,1.2116,2.7096,5.4938,16.5328,-2.2754,-0.1300,0.1430,0.0235
34921994,0.0056,-0.0016,-0.0238,0.2159,-0.0191,-0.1002,-0.0280,0.1260,-0.1653,-0.1653,0.1615,0.3987,0.0432,0.9295,3.2895,5.4944,16.5361,-2.2549,-0.1588,0.1234,0.0582
34926994,0.0053,-0.0010,-0.0929,0.1072,-0.1272,-0.0610,-0.0122,0.0584,-0.1648,-0.1648,0.0868,0.3345,-0.0993,0.4368,3.3672,5.4938,16.5392,-2.2415,-0.1589,0.0835,0.1060
34931994,0.0046,-0.0008,-0.1860,0.0648,-0.1870,0.0030,-0.0299,0.0052,-0.1651,-0.1651,-0.0441,0.3029,0.0056,0.0533,3.1208,5.4939,16.5393,-2.2230,-0.1150,0.0598,0.1167
34936994,0.0035,-0.0007,-0.1998,0.0687,-0.1534,0.0344,-0.0475,-0.0046,-0.1657,-0.1657,-0.1268,0.2386,0.3404,0.0591,2.2468,5.4958,16.5395,-2.2137,-0.0947,0.0192,0.0859
34941994,0.0025,-0.0005,-0.2196,0.0189,-0.1159,0.0668,-0.0408,-0.0394,-0.1674,-0.1674,-0.3341,0.1158,1.0056,-0.8920,0.3538,5.4998,16.5359,-2.2098,-0.0548,-0.0144,0.0663
34946994,0.0014,-0.0006,-0.2257,-0.0544,-0.0893,0.0946,-0.0163,-0.0887,-0.1699,-0.1699,-0.5049,0.1411,1.5277,-2.8372,-0.3254,5.5082,16.5250,-2.2112,-0.0113,-0.0217,0.0219
34951994,0.0001,-0.0011,-0.2337,-0.0678,-0.1223,0.1249,-0.0186,-0.1205,-0.1731,-0.1731,-0.6399,0.0739,2.0082,-3.4271,-1.6052,5.5162,16.5097,-2.2200,0.0264,-0.0416,-0.0202
34956994,-0.0007,-0.0016,-0.1261,-0.0693,0.0283,0.0869,0.0204,-0.1041,-0.1761,-0.1761,-0.5910,-0.2105,4.2743,0.0073,-1.8090,5.5383,16.5084,-2.2274,0.0391,-0.0342,-0.0718
34961994,-0.0014,-0.0019,-0.1188,-0.0324,0.1382,0.1016,0.0065,-0.0921,-0.1783,-0.1783,-0.4575,-0.2168,3.1163,0.5319,-1.8400,5.5530,16.5118,-2.2381,0.1031,-0.0233,-0.0944
34966994,-0.0008,-0.0023,0.0867,-0.0779,-0.0624,-0.0343,0.0913,-0.0642,-0.1781,-0.1781,0.0432,-0.2450,0.3151,0.9039,-1.2444,5.5582,16.5152,-2.2438,0.1101,0.0069,-0.1037
34971994,-0.0003,-0.0027,0.0907,-0.0373,-0.0728,-0.0465,0.0848,-0.0467,-0.1775,-0.1775,0.1297,-0.1368,-0.0837,0.9912,-0.2882,5.5575,16.5213,-2.2461,0.1023,0.0156,-0.0989
34976994,0.0005,-0.0029,0.1442,0.0214,0.0399,-0.0885,0.0871,0.0060,-0.1759,-0.1759,0.3088,-0.1391,-0.6184,2.2487,0.1859,5.5546,16.5296,-2.2453,0.0534,0.0437,-0.0635
34981994,0.0015,-0.0027,0.1930,0.0794,0.0527,-0.1371,0.0827,0.0605,-0.1734,-0.1734,0.5136,-0.2480,-1.0026,4.6747,0.4673,5.5512,16.5479,-2.2418,0.0122,0.0568,-0.0355
34986994,0.0027,-0.0026,0.1918,0.0226,-0.0004,-0.1620,0.1159,0.0461,-0.1706,-0.1706,0.5506,-0.1585,-1.8020,3.3584,1.0321,5.5412,16.5723,-2.2376,-0.0070,0.0952,0.0021
34991994,0.0035,-0.0023,0.1057,0.0742,-0.2463,-0.1392,0.0600,0.0507,-0.1681,-0.1681,0.5058,0.1831,-2.9764,0.7795,2.1793,5.5298,16.5782,-2.2257,-0.0414,0.1060,0.0220
34996994,0.0041,-0.0019,0.0919,0.1087,-0.2463,-0.1445,0.0390,0.0769,-0.1662,-0.1662,0.3762,0.2218,-1.1205,1.3180,2.7769,5.5172,16.5831,-2.2146,-0.0850,0.1145,0.0457
35001994,0.0036,-0.0012,-0.0919,0.1191,-0.0746,-0.0258,-0.0278,0.0450,-0.1659,-0.1659,0.0632,0.2313,-0.0552,0.9505,2.3974,5.5172,16.5898,-2.1994,-0.1329,0.0721,0.0527
35006994,0.0032,-0.0008,-0.1225,0.0712,-0.0853,-0.0000,-0.0264,0.0166,-0.1659,-0.1659,-0.0009,0.2244,-0.0221,0.3458,2.3190,5.5174,16.5915,-2.1901,-0.1313,0.0334,0.0730
35011994,0.0022,-0.0007,-0.1668,0.0052,-0.0991,0.0442,-0.0181,-0.0376,-0.1667,-0.1667,-0.1610,0.0417,0.0661,-0.1040,0.3658,5.5177,16.5909,-2.1852,-0.0870,0.0062,0.0459
35016994,0.0011,-0.0006,-0.2062,0.0116,-0.0337,0.0916,-0.0439,-0.0517,-0.1684,-0.1684,-0.3440,0.0580,0.7569,-1.0759,-0.4801,5.5210,16.5858,-2.1873,-0.0678,-0.0096,0.0049
35021994,-0.0002,-0.0008,-0.2202,-0.0611,0.0200,0.1271,-0.0191,-0.1056,-0.1709,-0.1709,-0.5025,-0.0349,1.0762,-2.2369,-1.8995,5.5255,16.5732,-2.1966,-0.0228,-0.0126,-0.0110
35026994,-0.0011,-0.0013,-0.1607,-0.0886,0.0329,0.1148,0.0085,-0.1195,-0.1738,-0.1738,-0.5744,0.0110,1.5598,-3.6902,-2.4081,5.5342,16.5584,-2.2065,-0.0029,-0.0249,-0.0587
35031994,-0.0019,-0.0017,-0.1326,-0.0409,0.1224,0.1181,-0.0031,-0.1008,-0.1763,-0.1763,-0.4981,-0.0844,2.4240,-1.3679,-1.9266,5.5433,16.5457,-2.2186,0.0323,-0.0230,-0.0881
35036994,-0.0023,-0.0020,-0.0428,-0.0376,0.2928,0.0822,0.0285,-0.0768,-0.1778,-0.1778,-0.3122,-0.1781,1.8389,-0.2579,-2.0649,5.5598,16.5448,-2.2266,0.0978,-0.0123,-0.1143
35041994,-0.0021,-0.0022,-0.0003,-0.0073,0.1541,0.0486,0.0262,-0.0570,-0.1783,-0.1783,-0.0941,-0.0763,0.3457,-0.2564,-1.1423,5.5608,16.5440,-2.2350,0.0989,0.0030,-0.0963
35046994,-0.0018,-0.0022,0.0867,0.0284,0.0182,-0.0121,0.0329,-0.0187,-0.1775,-0.1775,0.1622,-0.0724,-0.8876,0.6000,-0.6959,5.5559,16.5453,-2.2370,0.0846,0.0157,-0.0624
35051994,-0.0008,-0.0021,0.1481,0.0562,0.1074,-0.0623,0.0482,0.0266,-0.1757,-0.1757,0.3702,-0.1282,-1.4312,2.2278,-0.1438,5.5500,16.5577,-2.2389,0.0345,0.0176,-0.0559
35056994,0.0001,-0.0021,0.1994,0.0431,0.1379,-0.1083,0.0794,0.0449,-0.1734,-0.1734,0.4511,-0.1020,-1.6764,2.0587,0.1929,5.5407,16.5671,-2.2381,0.0127,0.0344,-0.0153
35061994,0.0009,-0.0020,0.1206,0.0269,0.0240,-0.0855,0.0649,0.0234,-0.1714,-0.1714,0.4101,0.0851,-2.4967,0.3517,1.0998,5.5308,16.5697,-2.2321,-0.0246,0.0702,0.0034
35066994,0.0017,-0.0019,0.1200,0.0296,-0.0930,-0.1069,0.0666,0.0296,-0.1686,-0.1686,0.5435,0.1135,-3.6754,0.5001,1.5780,5.5079,16.5714,-2.2259,-0.0700,0.0674,0.0334
35071994,0.0018,-0.0017,0.0321,0.0260,-0.0966,-0.0582,0.0404,0.0066,-0.1676,-0.1676,0.2013,0.0478,-1.4013,0.3433,0.6235,5.5026,16.5727,-2.2208,-0.1264,0.0662,0.0336
35076994,0.0018,-0.0015,-0.0483,0.0296,0.0487,-0.0069,0.0187,-0.0061,-0.1678,-0.1678,-0.0330,0.0282,0.1153,0.2948,0.2764,5.5037,16.5752,-2.2192,-0.1107,0.0537,0.0159
35081994,0.0013,-0.0016,-0.1396,-0.0095,0.0536,0.0537,0.0085,-0.0560,-0.1690,-0.1690,-0.2442,-0.0368,0.7674,-0.2225,-0.5735,5.5065,16.5744,-2.2215,-0.0615,0.0405,0.0060
35086994,0.0004,-0.0017,-0.2175,-0.0199,0.0029,0.1125,-0.0174,-0.0948,-0.1710,-0.1710,-0.3872,-0.0541,1.0494,-0.6210,-1.0615,5.5123,16.5718,-2.2256,-0.0377,0.0151,-0.0129
35091994,-0.0006,-0.0019,-0.1775,-0.0235,-0.0023,0.1117,-0.0113,-0.1007,-0.1731,-0.1731,-0.4368,-0.0854,1.7030,-0.7879,-1.5835,5.5191,16.5677,-2.2342,0.0021,-0.0004,-0.0354
35096994,-0.0014,-0.0021,-0.1243,-0.0110,0.0576,0.1012,-0.0061,-0.0885,-0.1758,-0.1758,-0.5316,-0.0280,3.1372,-1.2887,-1.5077,5.5349,16.5631,-2.2405,0.0373,-0.0055,-0.0823
35101994,-0.0021,-0.0023,-0.1072,-0.0150,0.1480,0.1092,0.0002,-0.0922,-0.1783,-0.1783,-0.5081,0.0194,3.1643,-1.5196,-1.0784,5.5496,16.5570,-2.2481,0.1079,-0.0043,-0.0953
35106994,-0.0021,-0.0025,0.0140,0.0018,0.0710,0.0383,0.0265,-0.0566,-0.1790,-0.1790,-0.1285,0.0856,0.5806,-1.5476,-0.4687,5.5544,16.5478,-2.2501,0.1260,-0.0002,-0.0989
35111994,-0.0018,-0.0026,0.0522,0.0302,-0.0713,0.0046,0.0234,-0.0363,-0.1790,-0.1790,-0.0032,0.1053,-0.0231,-1.1241,-0.1578,5.5538,16.5407,-2.2508,0.1010,-0.0001,-0.0904
35116994,-0.0012,-0.0025,0.1423,0.0363,0.0054,-0.0537,0.0533,0.0010,-0.1781,-0.1781,0.1833,0.0326,-0.3691,0.1110,0.0624,5.5522,16.5408,-2.2505,0.0758,0.0150,-0.0495
35121994,-0.0006,-0.0023,0.1665,0.0391,0.0582,-0.0790,0.0650,0.0208,-0.1764,-0.1764,0.3274,-0.0166,-0.5010,1.6518,0.9347,5.5500,16.5495,-2.2460,0.0314,0.0225,-0.0395
35126994,0.0004,-0.0021,0.1692,0.0290,0.0445,-0.1017,0.0764,0.0305,-0.1738,-0.1738,0.5218,-0.1309,-1.4724,3.4848,1.4286,5.5424,16.5631,-2.2406,-0.0075,0.0512,-0.0013
35131994,0.0012,-0.0020,0.1491,-0.0214,-0.0597,-0.1103,0.0977,0.0057,-0.1711,-0.1711,0.5385,-0.0891,-2.3055,2.4673,1.5968,5.5338,16.5742,-2.2307,-0.0399,0.0818,0.0294
35136994,0.0018,-0.0021,0.0757,-0.0040,-0.2576,-0.0892,0.0686,-0.0093,-0.1692,-0.1692,0.3799,0.0296,-2.2310,0.9402,1.3713,5.5156,16.5805,-2.2249,-0.0772,0.0978,0.0160
35141994,0.0018,-0.0025,-0.0076,-0.0232,-0.0988,-0.0371,0.0679,-0.0423,-0.1688,-0.1688,0.0886,-0.1166,-0.3950,1.2775,0.0779,5.5140,16.5882,-2.2225,-0.1086,0.0994,0.0106
35146994,0.0014,-0.0024,-0.1359,0.0370,0.0594,0.0495,0.0028,-0.0454,-0.1696,-0.1696,-0.1677,-0.0539,0.7389,0.9703,-0.1978,5.5173,16.5922,-2.2236,-0.0981,0.0700,-0.0200
35151994,0.0003,-0.0026,-0.1903,-0.0128,0.0087,0.0995,0.0029,-0.1015,-0.1713,-0.1713,-0.3243,-0.0852,1.2738,0.2477,-0.6826,5.5224,16.5950,-2.2262,-0.0497,0.0624,-0.0397
35156994,-0.0009,-0.0028,-0.2184,0.0110,-0.0334,0.1379,-0.0280,-0.1138,-0.1732,-0.1732,-0.3938,-0.0015,1.6330,-0.2385,-0.3998,5.5313,16.5940,-2.2277,-0.0058,0.0197,-0.0512
35161994,-0.0018,-0.0027,-0.1475,0.0421,-0.0071,0.1183,-0.0335,-0.0856,-0.1752,-0.1752,-0.3988,0.0689,2.0277,-0.9421,-0.5981,5.5391,16.5900,-2.2318,0.0313,0.0016,-0.0929
35166994,-0.0024,-0.0025,-0.0858,0.0379,0.1098,0.1021,-0.0193,-0.0701,-0.1781,-0.1781,-0.5831,0.1542,4.0102,-2.2744,-0.7792,5.5613,16.5781,-2.2354,0.0445,-0.0216,-0.0952
35171994,-0.0027,-0.0022,-0.0510,0.0403,0.1749,0.0900,-0.0172,-0.0525,-0.1801,-0.1801,-0.3893,0.3378,1.6759,-4.0064,-0.1791,5.5683,16.5551,-2.2384,0.1174,-0.0198,-0.0862
35176994,-0.0025,-0.0022,0.0718,0.0205,-0.0294,0.0095,0.0209,-0.0338,-0.1805,-0.1805,-0.0934,0.3060,-0.0243,-3.7036,-0.0283,5.5699,16.5396,-2.2382,0.1181,-0.0128,-0.0590
35181994,-0.0019,-0.0020,0.1457,0.0562,-0.0160,-0.0427,0.0272,0.0137,-0.1800,-0.1800,0.1080,0.1333,-0.0475,-0.9644,0.0278,5.5697,16.5325,-2.2381,0.0853,-0.0236,-0.0509
35186994,-0.0005,-0.0019,0.2401,-0.0027,0.1199,-0.1179,0.1002,0.0316,-0.1782,-0.1782,0.3615,-0.0410,-0.7593,0.8397,0.3471,5.5666,16.5357,-2.2368,0.0420,0.0095,-0.0295
35191994,0.0004,-0.0020,0.1597,-0.0406,0.0399,-0.0954,0.1038,-0.0037,-0.1762,-0.1762,0.3964,-0.0797,-1.1464,1.7412,1.2391,5.5625,16.5427,-2.2307,0.0015,0.0223,0.0073
35196994,0.0015,-0.0021,0.1695,-0.0208,-0.0053,-0.1253,0.1107,0.0140,-0.1731,-0.1731,0.6150,-0.2698,-2.1173,4.4454,1.2455,5.5513,16.5648,-2.2255,-0.0185,0.0507,0.0148
35201994,0.0021,-0.0024,0.0962,-0.0599,-0.0334,-0.1001,0.1203,-0.0240,-0.1701,-0.1701,0.6016,-0.4186,-3.7701,4.1645,-0.4487,5.5367,16.5961,-2.2253,-0.0526,0.0691,0.0128
35206994,0.0026,-0.0027,0.0538,-0.0571,-0.1819,-0.0902,0.1087,-0.0396,-0.1687,-0.1687,0.2765,-0.2542,-1.0061,2.7425,0.2101,5.5250,16.6077,-2.2252,-0.1011,0.1291,-0.0020
35211994,0.0023,-0.0028,-0.1023,-0.0128,-0.0630,0.0074,0.0484,-0.0630,-0.1691,-0.1691,-0.0754,-0.1113,0.1016,1.0352,-0.2296,5.5259,16.6141,-2.2239,-0.1069,0.1261,-0.0213
35216994,0.0020,-0.0029,-0.1057,0.0254,0.0573,0.0207,0.0311,-0.0451,-0.1698,-0.1698,-0.1436,-0.0836,0.5312,0.8103,-0.5901,5.5282,16.6170,-2.2270,-0.0804,0.0943,-0.0436
35221994,0.0007,-0.0027,-0.2553,0.0874,-0.0136,0.1263,-0.0590,-0.0689,-0.1714,-0.1714,-0.3182,0.0586,0.8858,0.3717,0.0024,5.5322,16.6191,-2.2269,-0.0347,0.0727,-0.0533
35226994,-0.0003,-0.0022,-0.1723,0.1026,-0.0123,0.1019,-0.0625,-0.0408,-0.1733,-0.1733,-0.3705,0.1883,1.7157,-1.0419,0.0601,5.5419,16.6145,-2.2267,-0.0139,0.0308,-0.0644
35231994,-0.0012,-0.0017,-0.1600,0.0913,0.0017,0.1140,-0.0720,-0.0418,-0.1753,-0.1753,-0.4097,0.2171,1.9459,-1.6422,-0.0247,5.5494,16.6052,-2.2269,0.0269,0.0148,-0.0645
35236994,-0.0016,-0.0013,-0.0541,0.0565,0.0918,0.0682,-0.0336,-0.0240,-0.1780,-0.1780,-0.5244,0.2690,3.9550,-2.6475,0.0844,5.5710,16.5950,-2.2265,0.0396,-0.0252,-0.0414
35241994,-0.0020,-0.0013,-0.0571,0.0333,0.1092,0.0788,-0.0280,-0.0381,-0.1803,-0.1803,-0.4693,0.4694,1.8257,-5.5710,0.0396,5.5785,16.5692,-2.2265,0.0956,-0.0338,-0.0266
35246994,-0.0018,-0.0012,0.0822,0.0202,-0.0679,-0.0118,0.0113,-0.0074,-0.1806,-0.1806,-0.0585,0.3227,-0.0424,-3.5567,0.3360,5.5782,16.5520,-2.2252,0.0893,-0.0452,-0.0313
35251994,-0.0012,-0.0012,0.1344,-0.0186,0.0735,-0.0471,0.0571,-0.0014,-0.1801,-0.1801,0.0920,0.0150,-0.0330,-0.7219,-0.2895,5.5781,16.5444,-2.2267,0.0577,-0.0466,-0.0215
35256994,0.0001,-0.0018,0.2233,-0.0910,0.1269,-0.1215,0.1426,-0.0064,-0.1786,-0.1786,0.3106,-0.1154,-0.2841,0.8450,0.5322,5.5770,16.5484,-2.2249,0.0368,-0.0015,-0.0056
35261994,0.0010,-0.0025,0.1698,-0.0892,-0.0120,-0.1161,0.1441,-0.0294,-0.1766,-0.1766,0.3991,-0.2985,-1.1257,2.7745,0.0842,5.5723,16.5622,-2.2224,0.0009,0.0378,-0.0041
35266994,0.0019,-0.0028,0.1243,-0.0577,-0.0166,-0.1094,0.1317,-0.0242,-0.1736,-0.1736,0.6001,-0.5109,-2.7230,5.4903,-0.3348,5.5577,16.5836,-2.2238,-0.0201,0.0504,-0.0140
35271994,0.0027,-0.0032,0.1185,-0.0825,0.0344,-0.1212,0.1598,-0.0346,-0.1702,-0.1702,0.6841,-0.4737,-4.1969,4.6164,-0.4141,5.5405,16.6164,-2.2273,-0.0573,0.1255,-0.0261
35276994,0.0031,-0.0036,0.0357,-0.0437,-0.0875,-0.0863,0.1224,-0.0462,-0.1688,-0.1688,0.2683,-0.3124,-0.8344,3.4840,0.0323,5.5321,16.6313,-2.2272,-0.1318,0.1679,-0.0348
35281994,0.0029,-0.0035,-0.0635,0.0611,-0.0090,-0.0234,0.0437,-0.0214,-0.1687,-0.1687,0.0181,-0.0590,-0.2059,1.4758,-0.0663,5.5313,16.6406,-2.2275,-0.1138,0.1507,-0.0454
35286994,0.0025,-0.0030,-0.1231,0.1151,0.0185,0.0187,-0.0112,-0.0054,-0.1694,-0.1694,-0.1282,0.0422,0.5954,1.0086,0.0725,5.5337,16.6448,-2.2273,-0.0827,0.1268,-0.0291
35291994,0.0014,-0.0024,-0.2569,0.1445,-0.0352,0.1118,-0.0865,-0.0294,-0.1709,-0.1709,-0.3034,0.2354,0.9772,-0.1244,1.0457,5.5373,16.6453,-2.2230,-0.0392,0.0821,-0.0190
35296994,0.0002,-0.0018,-0.2260,0.1466,-0.0578,0.1197,-0.1028,-0.0237,-0.1727,-0.1727,-0.3587,0.2983,1.8819,-0.5699,1.3812,5.5479,16.6431,-2.2173,-0.0190,0.0588,-0.0213
35301994,-0.0008,-0.0011,-0.1625,0.1484,-0.0841,0.1039,-0.1094,-0.0042,-0.1747,-0.1747,-0.4056,0.2468,2.3565,-0.9822,0.2820,5.5573,16.6375,-2.2139,0.0185,0.0134,-0.0186
35306994,-0.0013,-0.0006,-0.0867,0.0702,-0.0243,0.0763,-0.0626,-0.0165,-0.1774,-0.1774,-0.5467,0.1880,4.7261,-1.1512,0.3606,5.5829,16.6329,-2.2126,0.0481,-0.0250,-0.0151
35311994,-0.0018,-0.0007,-0.0687,0.0165,0.0063,0.0766,-0.0350,-0.0409,-0.1795,-0.1795,-0.4113,0.3625,2.6988,-3.3401,1.1082,5.5940,16.6169,-2.2068,0.0945,-0.0396,-0.0182
35316994,-0.0018,-0.0009,0.0434,-0.0018,-0.2228,0.0037,-0.0006,-0.0290,-0.1804,-0.1804,-0.1718,0.4320,0.4817,-4.7048,0.8752,5.5983,16.5965,-2.2037,0.0931,-0.0615,-0.0331
35321994,-0.0013,-0.0006,0.0684,0.0376,-0.0780,-0.0134,-0.0065,0.0108,-0.1807,-0.1807,-0.0617,0.1478,0.7007,-1.4568,-0.0395,5.6014,16.5867,-2.2035,0.0652,-0.0430,-0.0292
35326994,-0.0005,-0.0006,0.1704,-0.0382,0.1679,-0.0775,0.0780,0.0190,-0.1794,-0.1794,0.2531,-0.1022,-0.0779,1.2552,0.4316,5.6012,16.5923,-2.2020,0.0449,-0.0265,-0.0196
35331994,0.0001,-0.0012,0.0782,-0.0730,0.0158,-0.0447,0.0787,-0.0322,-0.1780,-0.1780,0.2750,-0.0946,-0.6551,1.6770,1.3989,5.5992,16.6034,-2.1939,0.0053,-0.0032,0.0154
35336994,0.0006,-0.0015,0.1307,-0.0757,-0.0899,-0.0890,0.1021,-0.0235,-0.1756,-0.1756,0.4811,-0.1523,-2.5526,1.8410,0.8565,5.5862,16.6102,-2.1898,-0.0280,0.0327,0.0169
35341994,0.0010,-0.0019,0.0388,-0.0538,-0.0469,-0.0458,0.0814,-0.0411,-0.1727,-0.1727,0.5922,-0.4856,-3.9383,5.0005,-0.5525,5.5701,16.6355,-2.1923,-0.0601,0.0601,-0.0129
35346994,0.0015,-0.0022,0.1112,-0.0803,0.0659,-0.0908,0.1277,-0.0293,-0.1707,-0.1707,0.3889,-0.4967,-1.0595,4.7115,-0.6407,5.5611,16.6572,-2.1951,-0.0882,0.1034,-0.0377
35351994,0.0013,-0.0024,-0.0971,-0.0217,0.0683,0.0308,0.0408,-0.0637,-0.1712,-0.1712,-0.0932,-0.1921,0.2617,1.4015,-0.7887,5.5626,16.6705,-2.1997,-0.0710,0.1236,-0.0313
35356994,0.0011,-0.0024,-0.0724,0.0024,-0.0441,0.0153,0.0308,-0.0512,-0.1714,-0.1714,-0.0481,-0.0430,0.0183,0.5808,-0.0027,5.5631,16.6716,-2.1994,-0.0787,0.1268,-0.0458
35361994,-0.0000,-0.0022,-0.2187,0.0877,-0.0246,0.1205,-0.0650,-0.0583,-0.1728,-0.1728,-0.2752,0.0630,0.3741,-0.0969,-0.4141,5.5642,16.6724,-2.2012,-0.0433,0.0811,-0.0533
35366994,-0.0009,-0.0018,-0.1701,0.1231,0.0323,0.1150,-0.0829,-0.0283,-0.1746,-0.1746,-0.3525,0.1814,1.7355,-0.6698,0.0799,5.5730,16.6698,-2.2009,-0.0067,0.0376,-0.0597
35371994,-0.0018,-0.0012,-0.1411,0.1176,0.0463,0.1172,-0.0915,-0.0204,-0.1767,-0.1767,-0.4195,0.2451,2.3608,-1.5585,0.0806,5.5819,16.6612,-2.2006,0.0329,-0.0055,-0.0463
35376994,-0.0024,-0.0006,-0.0983,0.1011,0.0616,0.1073,-0.0880,-0.0122,-0.1793,-0.1793,-0.5287,0.2783,3.9675,-1.9619,0.3144,5.6062,16.6537,-2.1992,0.0550,-0.0247,-0.0221
35381994,-0.0028,-0.0006,-0.0373,0.0406,0.0069,0.0778,-0.0499,-0.0272,-0.1812,-0.1812,-0.3750,0.4309,1.8914,-4.3801,0.6403,5.6130,16.6314,-2.1958,0.1228,-0.0498,-0.0144
35386994,-0.0028,-0.0006,0.0159,0.0315,-0.1913,0.0419,-0.0395,-0.0246,-0.1825,-0.1825,-0.2653,0.4987,0.4937,-5.6451,0.3676,5.6174,16.6069,-2.1942,0.1187,-0.0731,-0.0223
35391994,-0.0023,-0.0007,0.0828,0.0241,-0.0047,0.0013,-0.0013,-0.0006,-0.1827,-0.1827,-0.0350,0.2085,0.1104,-2.3885,-0.0152,5.6175,16.5894,-2.1944,0.0795,-0.0686,-0.0235
35396994,-0.0013,-0.0007,0.1888,-0.0336,0.2326,-0.0684,0.0765,0.0189,-0.1815,-0.1815,0.2435,-0.0717,-0.2572,0.5979,0.1077,5.6165,16.5928,-2.1942,0.0354,-0.0437,-0.0192
35401994,-0.0004,-0.0012,0.1463,-0.0904,0.0683,-0.0712,0.1037,-0.0245,-0.1797,-0.1797,0.3452,-0.1973,-1.1729,1.7289,0.3548,5.6117,16.6024,-2.1918,-0.0017,0.0096,0.0129
35406994,0.0005,-0.0020,0.1509,-0.1261,-0.0520,-0.0974,0.1419,-0.0506,-0.1771,-0.1771,0.5240,-0.2901,-2.9931,2.2154,0.1067,5.5959,16.6109,-2.1913,-0.0255,0.0284,0.0033
35411994,0.0010,-0.0024,0.0510,-0.0559,-0.0120,-0.0517,0.0965,-0.0461,-0.1737,-0.1737,0.6921,-0.5417,-4.9028,5.3597,-0.8874,5.5762,16.6382,-2.1955,-0.0697,0.0528,-0.0155
35416994,0.0020,-0.0028,0.1549,-0.0715,0.1129,-0.1222,0.1524,-0.0171,-0.1714,-0.1714,0.4453,-0.5178,-1.6936,4.4103,-1.3270,5.5631,16.6587,-2.2006,-0.1099,0.1096,-0.0408
35421994,0.0018,-0.0028,-0.0809,0.0119,0.1367,0.0137,0.0454,-0.0432,-0.1717,-0.1717,-0.0522,-0.1846,0.0362,1.6202,-0.9057,5.5633,16.6734,-2.2080,-0.0875,0.1315,-0.0326
35426994,0.0015,-0.0028,-0.1097,0.0367,0.0023,0.0307,0.0155,-0.0460,-0.1720,-0.1720,-0.0526,0.0010,-0.2916,0.5725,0.1149,5.5621,16.6749,-2.2071,-0.0885,0.1279,-0.0332
35431994,0.0001,-0.0024,-0.2673,0.1179,-0.0499,0.1445,-0.0896,-0.0607,-0.1734,-0.1734,-0.2898,0.1045,0.0241,-0.1417,-0.3137,5.5622,16.6755,-2.2082,-0.0466,0.0802,-0.0450
35436994,-0.0011,-0.0019,-0.2074,0.1448,-0.0065,0.1367,-0.1054,-0.0321,-0.1752,-0.1752,-0.3520,0.1913,1.2690,-0.6396,-0.0413,5.5683,16.6730,-2.2085,-0.0239,0.0603,-0.0621
35441994,-0.0021,-0.0012,-0.1836,0.1350,0.0659,0.1480,-0.1147,-0.0256,-0.1771,-0.1771,-0.3935,0.2425,1.6728,-1.3556,0.0261,5.5753,16.6653,-2.2083,0.0197,0.0139,-0.0552
35446996,-0.0027,-0.0006,-0.0910,0.1008,0.0564,0.1093,-0.0895,-0.0133,-0.1796,-0.1796,-0.4959,0.2358,3.9049,-1.4694,0.2640,5.5952,16.6595,-2.2073,0.0347,-0.0064,-0.0282
35451994,-0.0031,-0.0002,-0.0687,0.0519,0.0185,0.1028,-0.0725,-0.0282,-0.1818,-0.1818,-0.4377,0.3294,2.8023,-3.0903,0.4772,5.6083,16.6439,-2.2051,0.0886,-0.0390,-0.0142
35456994,-0.0028,-0.0000,0.0626,0.0199,-0.1626,0.0178,-0.0299,-0.0067,-0.1830,-0.1830,-0.2401,0.4840,0.9107,-5.4463,0.5261,5.6150,16.6225,-2.2026,0.1192,-0.0669,-0.0187
35461994,-0.0026,-0.0002,0.0498,0.0168,-0.1437,0.0200,-0.0247,-0.0119,-0.1837,-0.1837,-0.1453,0.3177,0.5260,-3.5818,0.2895,5.6174,16.5996,-2.2010,0.0894,-0.0706,-0.0136
35466994,-0.0018,-0.0002,0.1726,-0.0174,0.1648,-0.0520,0.0467,0.0244,-0.1828,-0.1828,0.1767,0.0489,-0.0205,-0.4005,0.4516,5.6181,16.5970,-2.1987,0.0632,-0.0585,-0.0129
35471994,-0.0014,-0.0005,0.1112,-0.0779,0.1007,-0.0298,0.0672,-0.0257,-0.1817,-0.1817,0.2273,-0.1540,-0.3115,1.4719,0.4929,5.6169,16.6055,-2.1953,0.0194,-0.0201,-0.0034
35476994,-0.0004,-0.0010,0.2208,-0.1307,-0.0640,-0.1184,0.1365,-0.0256,-0.1793,-0.1793,0.4791,-0.2160,-1.7479,1.6765,0.5802,5.6084,16.6123,-2.1935,0.0022,0.0042,0.0137
35481994,0.0002,-0.0017,0.0959,-0.0867,-0.0643,-0.0608,0.0998,-0.0465,-0.1769,-0.1769,0.4926,-0.4020,-2.9023,3.5426,-0.5116,5.5971,16.6299,-2.1948,-0.0236,0.0369,-0.0185
35486994,0.0008,-0.0022,0.0886,-0.0660,-0.0099,-0.0683,0.1059,-0.0387,-0.1740,-0.1740,0.5732,-0.6002,-2.5352,6.2981,-0.5703,5.5766,16.6547,-2.1971,-0.0682,0.0892,-0.0262
35491994,0.0006,-0.0028,-0.0061,-0.0987,0.1028,-0.0061,0.1062,-0.0882,-0.1732,-0.1732,0.1609,-0.4976,-0.3613,4.0661,-1.0632,5.5759,16.6817,-2.2030,-0.0863,0.1278,-0.0371
35496994,0.0004,-0.0029,-0.0583,0.0195,-0.0087,0.0243,0.0296,-0.0550,-0.1732,-0.1732,-0.0139,-0.1063,0.1554,1.4609,-0.1572,5.5771,16.6878,-2.2037,-0.0662,0.1316,-0.0624
35501994,0.0002,-0.0026,-0.0816,0.0944,-0.0682,0.0397,-0.0228,-0.0248,-0.1740,-0.1740,-0.1540,0.0457,0.6360,0.1427,-0.4837,5.5792,16.6896,-2.2055,-0.0209,0.1035,-0.0642
35506994,-0.0007,-0.0019,-0.2162,0.1604,-0.0273,0.1330,-0.1115,-0.0247,-0.1759,-0.1759,-0.3690,0.1751,1.6854,-0.1092,0.0802,5.5883,16.6892,-2.2053,0.0001,0.0766,-0.0467
35511994,-0.0017,-0.0013,-0.1787,0.1100,-0.0389,0.1333,-0.0990,-0.0388,-0.1781,-0.1781,-0.4428,0.2804,2.9578,-1.0758,1.1131,5.5996,16.6840,-2.2002,0.0309,0.0329,-0.0311
35516994,-0.0027,-0.0007,-0.1503,0.1436,-0.0423,0.1367,-0.1288,-0.0129,-0.1809,-0.1809,-0.5566,0.3392,4.3963,-1.3833,1.1276,5.6280,16.6784,-2.1957,0.0703,-0.0099,-0.0297
35521994,-0.0032,-0.0003,-0.0785,0.0898,-0.0713,0.1068,-0.0965,-0.0186,-0.1829,-0.1829,-0.4067,0.2922,2.4722,-2.4837,0.1181,5.6371,16.6658,-2.1950,0.1406,-0.0395,-0.0218
35526994,-0.0035,-0.0001,-0.0195,0.0342,-0.2216,0.0732,-0.0664,-0.0325,-0.1844,-0.1844,-0.3055,0.4863,1.4340,-4.6585,1.1571,5.6460,16.6476,-2.1903,0.1416,-0.0548,-0.0226
35531994,-0.0032,0.0000,0.0773,0.0183,-0.2020,0.0153,-0.0306,-0.0081,-0.1851,-0.1851,-0.1422,0.3685,1.2170,-3.4786,1.0256,5.6509,16.6252,-2.1833,0.0937,-0.0871,-0.0258
35536994,-0.0025,-0.0001,0.1799,-0.0327,0.0472,-0.0472,0.0440,0.0087,-0.1845,-0.1845,0.1205,0.0697,0.3801,-0.9398,0.3768,5.6542,16.6200,-2.1822,0.0757,-0.0905,-0.0168
35541994,-0.0015,-0.0005,0.2214,-0.0672,0.1028,-0.0882,0.0904,0.0097,-0.1827,-0.1827,0.3570,-0.0982,-0.2576,1.4523,1.0525,5.6531,16.6275,-2.1767,0.0398,-0.0388,0.0061
35546994,-0.0002,-0.0012,0.2172,-0.1206,-0.0456,-0.1180,0.1356,-0.0229,-0.1805,-0.1805,0.4470,-0.2318,-1.1859,2.0887,0.6598,5.6477,16.6362,-2.1739,-0.0015,0.0101,0.0129
35551994,0.0006,-0.0016,0.1210,-0.0602,-0.1275,-0.0856,0.0931,-0.0222,-0.1780,-0.1780,0.4954,-0.3641,-2.3940,3.7299,-0.1780,5.6385,16.6556,-2.1741,-0.0355,0.0401,0.0007
35556994,0.0011,-0.0021,0.0535,-0.0751,-0.0258,-0.0556,0.1003,-0.0478,-0.1748,-0.1748,0.6494,-0.5867,-3.8086,6.1171,-0.4603,5.6134,16.6799,-2.1761,-0.0633,0.0611,-0.0205
35561994,0.0010,-0.0025,0.0140,-0.0999,0.1034,-0.0258,0.1115,-0.0737,-0.1735,-0.1735,0.2611,-0.4392,-1.2404,3.6935,-0.6691,5.6057,16.7044,-2.1794,-0.0950,0.1156,-0.0283
35566994,0.0006,-0.0027,-0.1011,0.0186,0.0460,0.0455,0.0178,-0.0579,-0.1743,-0.1743,-0.1716,-0.1255,0.5465,0.6876,-1.1653,5.6086,16.7107,-2.1838,-0.0517,0.1304,-0.0576
35571994,0.0005,-0.0025,-0.0699,0.0629,-0.0548,0.0275,-0.0032,-0.0306,-0.1752,-0.1752,-0.1755,-0.0188,1.0195,0.3703,-0.6802,5.6139,16.7122,-2.1891,-0.0294,0.1137,-0.0718
35576994,-0.0006,-0.0018,-0.2648,0.1698,-0.0676,0.1570,-0.1324,-0.0324,-0.1772,-0.1772,-0.4008,0.1938,1.3984,-0.2691,0.0384,5.6195,16.7112,-2.1890,0.0149,0.0667,-0.0583
35581994,-0.0012,-0.0012,-0.1527,0.1359,-0.0426,0.1076,-0.1005,-0.0120,-0.1793,-0.1793,-0.4178,0.2737,2.9315,-0.9036,0.8664,5.6349,16.7076,-2.1849,0.0317,0.0462,-0.0381
35586994,-0.0020,-0.0004,-0.1402,0.1536,-0.0078,0.1201,-0.1269,0.0059,-0.1822,-0.1822,-0.5796,0.3158,4.5128,-1.4204,0.6611,5.6531,16.7019,-2.1821,0.0917,0.0024,-0.0142
35591994,-0.0025,0.0001,-0.0632,0.1145,-0.0148,0.0858,-0.1020,0.0144,-0.1837,-0.1837,-0.2983,0.4038,2.0695,-2.4082,1.3108,5.6677,16.6893,-2.1750,0.1208,-0.0318,-0.0083
35596994,-0.0027,0.0003,0.0024,0.0428,-0.2552,0.0434,-0.0652,-0.0077,-0.1850,-0.1850,-0.2578,0.5488,1.2106,-4.9415,1.5679,5.6726,16.6611,-2.1686,0.1148,-0.0439,0.0124
35601994,-0.0024,0.0005,0.0675,0.0186,-0.2872,0.0008,-0.0366,0.0025,-0.1854,-0.1854,-0.0796,0.3236,0.8738,-2.7255,1.1968,5.6779,16.6514,-2.1611,0.0878,-0.1005,0.0148
35606994,-0.0018,0.0001,0.1616,-0.0754,0.0542,-0.0517,0.0631,-0.0051,-0.1844,-0.1844,0.1952,-0.0832,0.2674,0.6918,0.5914,5.6793,16.6512,-2.1588,0.0449,-0.0751,0.0035
35611994,-0.0012,-0.0005,0.1506,-0.1335,0.1004,-0.0565,0.1075,-0.0393,-0.1829,-0.1829,0.2995,-0.2288,-0.3932,1.8793,0.6520,5.6775,16.6593,-2.1543,0.0018,-0.0521,-0.0012
35616994,-0.0004,-0.0017,0.1359,-0.1811,-0.0465,-0.0690,0.1486,-0.0850,-0.1812,-0.1812,0.3465,-0.3730,-1.3585,2.2200,-0.2473,5.6724,16.6683,-2.1554,-0.0315,0.0003,-0.0188
35621994,0.0000,-0.0023,0.0486,-0.0886,-0.0676,-0.0323,0.0953,-0.0708,-0.1787,-0.1787,0.5031,-0.4325,-4.1024,3.1679,-1.2542,5.6517,16.6850,-2.1615,-0.0457,0.0357,-0.0377
35626994,0.0005,-0.0028,0.0464,-0.0773,0.0417,-0.0359,0.1078,-0.0671,-0.1763,-0.1763,0.4820,-0.6362,-2.9059,5.5386,-1.6482,5.6382,16.7177,-2.1687,-0.0690,0.0474,-0.0718
35631994,0.0003,-0.0031,-0.0754,-0.0443,0.2561,0.0448,0.0696,-0.0848,-0.1762,-0.1762,0.0117,-0.3975,-0.0204,3.2231,-1.3182,5.6362,16.7297,-2.1756,-0.0562,0.1169,-0.0720
35636994,-0.0001,-0.0031,-0.1237,0.0406,0.0753,0.0738,0.0027,-0.0678,-0.1769,-0.1769,-0.1391,-0.0453,-0.0282,0.3524,-0.7526,5.6363,16.7346,-2.1785,-0.0316,0.1160,-0.0792
35641994,-0.0008,-0.0027,-0.1610,0.1313,-0.0756,0.1016,-0.0716,-0.0388,-0.1783,-0.1783,-0.2809,0.1135,0.5354,-0.6865,-0.9155,5.6382,16.7316,-2.1836,0.0120,0.0880,-0.0724
35646994,-0.0017,-0.0016,-0.1567,0.2098,0.0261,0.1220,-0.1331,0.0141,-0.1802,-0.1802,-0.3715,0.3025,1.6823,-1.3053,-0.1140,5.6445,16.7264,-2.1841,0.0398,0.0363,-0.0537
35651994,-0.0024,-0.0008,-0.1087,0.1457,0.0924,0.1134,-0.1081,0.0054,-0.1831,-0.1831,-0.5924,0.3787,4.7500,-2.1314,0.8616,5.6706,16.7142,-2.1804,0.0535,-0.0061,-0.0378
35656994,-0.0026,-0.0005,-0.0965,0.1014,0.0261,0.1089,-0.0953,-0.0106,-0.1853,-0.1853,-0.4350,0.4896,2.5521,-3.7131,1.2781,5.6807,16.6949,-2.1757,0.1281,-0.0243,-0.0008
35661994,-0.0024,-0.0000,0.0742,0.0828,-0.1828,0.0022,-0.0531,0.0297,-0.1864,-0.1864,-0.2238,0.6143,0.7350,-6.0025,0.8359,5.6864,16.6709,-2.1696,0.1279,-0.0513,0.0043
35666994,-0.0024,0.0003,0.0302,0.0440,-0.2051,0.0239,-0.0508,0.0031,-0.1872,-0.1872,-0.1653,0.2973,0.8797,-2.9267,0.3321,5.6895,16.6514,-2.1684,0.1003,-0.0951,0.0009
35671994,-0.0015,-0.0001,0.1998,-0.0983,0.1019,-0.0771,0.0932,-0.0043,-0.1861,-0.1861,0.2364,-0.0224,0.1004,0.0209,0.9966,5.6918,16.6515,-2.1631,0.0623,-0.0886,0.0082
35676994,-0.0010,-0.0011,0.1103,-0.1597,0.0347,-0.0400,0.1184,-0.0745,-0.1850,-0.1850,0.2204,-0.2318,-0.1879,1.5032,0.5760,5.6909,16.6577,-2.1604,0.0174,-0.0581,0.0035
35681994,-0.0000,-0.0021,0.1994,-0.1399,-0.0701,-0.1134,0.1567,-0.0514,-0.1831,-0.1831,0.3675,-0.3142,-1.2506,1.7410,-0.5002,5.6852,16.6682,-2.1628,0.0001,-0.0037,-0.0053
35686994,0.0005,-0.0026,0.0638,-0.1045,-0.0093,-0.0477,0.1198,-0.0732,-0.1813,-0.1813,0.3613,-0.3724,-2.4679,2.5668,-0.8785,5.6755,16.6821,-2.1662,-0.0353,0.0161,-0.0439
35691994,0.0010,-0.0031,0.0522,-0.0669,0.0558,-0.0495,0.1151,-0.0592,-0.1786,-0.1786,0.5341,-0.4801,-3.5068,4.5157,-0.7974,5.6522,16.6996,-2.1727,-0.0450,0.0425,-0.0502
35696994,0.0010,-0.0034,0.0140,-0.0925,0.1721,-0.0229,0.1264,-0.0835,-0.1774,-0.1774,0.2384,-0.4314,-1.2399,3.4382,-0.9178,5.6478,16.7266,-2.1760,-0.0672,0.1201,-0.0664
35701994,0.0007,-0.0032,-0.0644,0.0137,0.1285,0.0251,0.0449,-0.0551,-0.1774,-0.1774,0.0122,-0.2082,-0.0991,2.1829,-0.6707,5.6469,16.7362,-2.1808,-0.0424,0.1356,-0.0745
35706994,0.0003,-0.0030,-0.0974,0.0183,-0.0811,0.0437,0.0170,-0.0701,-0.1779,-0.1779,-0.1047,-0.1153,0.1114,0.8896,-0.8290,5.6475,16.7394,-2.1844,-0.0009,0.1345,-0.0642
35711994,-0.0004,-0.0026,-0.1552,0.1335,-0.0279,0.0937,-0.0677,-0.0293,-0.1793,-0.1793,-0.2716,0.1401,1.1209,-0.2175,-0.1323,5.6518,16.7387,-2.1863,0.0155,0.0827,-0.0676
35716994,-0.0012,-0.0020,-0.1353,0.1674,0.0246,0.1010,-0.0954,-0.0027,-0.1814,-0.1814,-0.4247,0.2303,2.8912,-0.7333,0.0748,5.6628,16.7348,-2.1860,0.0404,0.0599,-0.0599
35721994,-0.0020,-0.0010,-0.1378,0.1915,-0.0035,0.1183,-0.1347,0.0160,-0.1839,-0.1839,-0.4932,0.3335,3.8132,-1.0551,0.7675,5.6897,16.7305,-2.1822,0.0606,0.0153,-0.0403
35726994,-0.0022,-0.0003,-0.0531,0.1161,-0.1122,0.0698,-0.0937,0.0109,-0.1850,-0.1850,-0.2334,0.4015,1.9148,-1.9264,1.7423,5.6969,16.7201,-2.1751,0.1260,-0.0216,-0.0045
35731994,-0.0023,0.0001,0.0009,0.0791,-0.2851,0.0365,-0.0770,0.0074,-0.1860,-0.1860,-0.1982,0.5016,1.2848,-3.6491,1.7841,5.7045,16.7061,-2.1629,0.1091,-0.0358,0.0130
35736994,-0.0021,0.0005,0.0232,0.0483,-0.2839,0.0198,-0.0602,0.0076,-0.1870,-0.1870,-0.1941,0.4851,0.9978,-4.2308,1.3874,5.7084,16.6868,-2.1577,0.0614,-0.0956,0.0073
35741994,-0.0011,0.0005,0.1567,0.0104,-0.0539,-0.0664,0.0163,0.0439,-0.1862,-0.1862,0.1542,0.1763,0.4663,-0.6283,1.5042,5.7124,16.6802,-2.1482,0.0408,-0.0894,0.0073
35746994,-0.0002,-0.0000,0.1319,-0.0718,0.0775,-0.0661,0.0722,0.0029,-0.1849,-0.1849,0.2653,-0.1068,-0.1735,1.5368,1.0863,5.7114,16.6893,-2.1440,0.0059,-0.0789,0.0245
35751994,0.0005,-0.0006,0.0971,-0.1268,-0.0701,-0.0671,0.1009,-0.0419,-0.1832,-0.1832,0.3323,-0.1714,-1.1459,1.7598,1.1857,5.7062,16.6965,-2.1371,-0.0131,-0.0227,0.0400
35756994,0.0006,-0.0013,0.0254,-0.1677,-0.1305,-0.0332,0.1128,-0.0947,-0.1812,-0.1812,0.3983,-0.3376,-3.0590,2.1854,0.0008,5.6944,16.7087,-2.1367,-0.0420,0.0208,0.0120
35761994,0.0009,-0.0022,0.0168,-0.1368,-0.0520,-0.0300,0.1175,-0.0935,-0.1797,-0.1797,0.3050,-0.5369,-2.0316,3.7503,-1.3939,5.6761,16.7230,-2.1450,-0.0656,0.0339,-0.0329
35766994,0.0005,-0.0029,-0.0706,-0.0846,0.1828,0.0349,0.0866,-0.1003,-0.1791,-0.1791,0.1238,-0.7085,0.0014,6.1809,-1.8401,5.6765,16.7476,-2.1522,-0.0423,0.0702,-0.0811
35771994,-0.0000,-0.0033,-0.0702,-0.0834,0.1795,0.0457,0.0867,-0.1116,-0.1793,-0.1793,-0.0360,-0.4716,0.2427,3.1217,-1.8694,5.6784,16.7682,-2.1635,-0.0239,0.1197,-0.0977
35776994,-0.0006,-0.0035,-0.1106,0.0122,-0.0759,0.0699,0.0162,-0.0948,-0.1805,-0.1805,-0.2458,-0.0835,0.6731,-0.2185,-1.4483,5.6808,16.7695,-2.1693,0.0165,0.1161,-0.1126
35781994,-0.0008,-0.0031,-0.0535,0.1362,0.0081,0.0466,-0.0342,-0.0115,-0.1824,-0.1824,-0.3777,0.0917,2.9085,-0.4137,-0.9870,5.6947,16.7676,-2.1769,0.0307,0.0877,-0.1120
35786994,-0.0014,-0.0020,-0.1668,0.2346,0.0921,0.1247,-0.1342,0.0201,-0.1850,-0.1850,-0.5177,0.3054,3.4623,-0.8977,0.0112,5.7104,16.7630,-2.1764,0.0588,0.0402,-0.0969
35791994,-0.0016,-0.0014,-0.0260,0.1674,-0.0386,0.0447,-0.0809,0.0317,-0.1854,-0.1854,-0.0758,0.3531,0.0871,-1.6626,0.7258,5.7125,16.7564,-2.1736,0.0782,0.0214,-0.0583
35796994,-0.0020,-0.0006,-0.0476,0.1662,-0.0542,0.0643,-0.1048,0.0343,-0.1859,-0.1859,-0.1033,0.4261,0.1669,-2.1243,1.2184,5.7128,16.7478,-2.1686,0.0620,-0.0195,-0.0123
35801994,-0.0018,0.0001,0.0464,0.1304,-0.0148,0.0114,-0.0732,0.0601,-0.1863,-0.1863,-0.0854,0.6242,0.0817,-4.5612,1.7892,5.7132,16.7244,-2.1590,0.0565,-0.0462,0.0109
35806994,-0.0019,0.0006,0.0113,0.0809,-0.0982,0.0280,-0.0709,0.0315,-0.1866,-0.1866,-0.0668,0.4747,0.4508,-2.9498,2.1134,5.7151,16.7005,-2.1504,0.0478,-0.0930,0.0448
35811994,-0.0009,0.0003,0.1521,-0.0284,0.0145,-0.0654,0.0407,0.0264,-0.1857,-0.1857,0.1957,0.1499,-0.1217,-0.7828,1.5099,5.7148,16.6966,-2.1389,0.0305,-0.0980,0.0586
35816994,-0.0005,-0.0006,0.0709,-0.1368,0.0533,-0.0277,0.0931,-0.0593,-0.1853,-0.1853,0.0799,-0.1761,0.0792,0.4319,-0.0725,5.7150,16.6997,-2.1393,0.0170,-0.0660,0.0460
35821994,0.0001,-0.0014,0.0721,-0.1408,-0.0188,-0.0433,0.1126,-0.0715,-0.1846,-0.1846,0.1408,-0.2614,-0.8191,0.7209,-0.8303,5.7118,16.7025,-2.1439,-0.0174,-0.0400,0.0256
35826994,0.0003,-0.0024,-0.0131,-0.1982,0.0164,0.0016,0.1367,-0.1364,-0.1837,-0.1837,0.1625,-0.4112,-2.1558,1.1676,-1.5711,5.7033,16.7071,-2.1500,-0.0296,0.0013,-0.0143
35831994,0.0004,-0.0033,-0.0223,-0.1707,0.0637,0.0055,0.1418,-0.1399,-0.1823,-0.1823,0.2876,-0.5236,-3.1329,2.5838,-1.9541,5.6828,16.7204,-2.1620,-0.0235,0.0354,-0.0474
35836994,0.0001,-0.0041,-0.0373,-0.1084,0.1841,0.0250,0.1230,-0.1266,-0.1813,-0.1813,0.2010,-0.6955,-0.3667,6.0664,-1.4814,5.6815,16.7530,-2.1680,-0.0138,0.0467,-0.0958
35841994,0.0000,-0.0044,0.0006,-0.0278,0.2436,0.0083,0.1021,-0.0822,-0.1813,-0.1813,-0.0020,-0.4398,0.5602,3.1831,-2.1148,5.6848,16.7656,-2.1797,-0.0012,0.1278,-0.1061
35846994,-0.0001,-0.0044,-0.0663,0.0431,-0.0053,0.0398,0.0371,-0.0775,-0.1825,-0.1825,-0.2470,-0.1849,1.5205,0.9746,-1.9570,5.6907,16.7759,-2.1877,0.0066,0.1332,-0.1248
35851994,-0.0004,-0.0037,-0.1005,0.1674,-0.0356,0.0624,-0.0495,-0.0171,-0.1834,-0.1834,-0.1805,0.1515,0.5688,-0.2199,-0.4239,5.6968,16.7745,-2.1925,0.0317,0.1184,-0.0938
35856994,-0.0006,-0.0028,-0.0922,0.1967,0.0784,0.0668,-0.0748,0.0171,-0.1842,-0.1842,-0.1492,0.2482,0.3673,-0.5987,0.0635,5.6979,16.7720,-2.1918,0.0596,0.0657,-0.0691
35861994,-0.0009,-0.0020,-0.0452,0.1988,0.0151,0.0449,-0.0826,0.0394,-0.1849,-0.1849,-0.1485,0.3768,1.0827,-1.2105,1.0771,5.7041,16.7658,-2.1871,0.0637,0.0207,-0.0428
35866994,-0.0009,-0.0013,-0.0070,0.1939,-0.0352,0.0217,-0.0845,0.0587,-0.1853,-0.1853,-0.0730,0.4936,0.6488,-2.0119,1.8406,5.7067,16.7545,-2.1800,0.0546,0.0017,-0.0020
35871994,-0.0007,-0.0006,0.0541,0.1118,-0.1128,-0.0196,-0.0415,0.0481,-0.1853,-0.1853,-0.0038,0.5414,0.0532,-3.3537,2.1701,5.7077,16.7416,-2.1668,0.0448,-0.0324,0.0141
35876994,-0.0004,-0.0002,0.0458,0.0602,-0.1440,-0.0219,-0.0255,0.0307,-0.1852,-0.1852,0.0219,0.5585,-0.1161,-3.5857,2.8214,5.7072,16.7143,-2.1554,0.0129,-0.0720,0.0499
35881994,-0.0001,0.0000,0.0538,0.0165,-0.0575,-0.0308,0.0029,0.0213,-0.1845,-0.1845,0.1364,0.1584,-0.8626,-0.8546,0.9703,5.7034,16.7112,-2.1470,-0.0169,-0.0603,0.0511
35886994,-0.0000,-0.0003,0.0003,-0.0996,0.0802,0.0021,0.0573,-0.0502,-0.1834,-0.1834,0.2223,-0.2293,-1.8446,1.4619,-0.2065,5.6959,16.7179,-2.1483,-0.0214,-0.0355,0.0335
35891994,0.0001,-0.0010,-0.0128,-0.1616,-0.0398,0.0035,0.0918,-0.0999,-0.1828,-0.1828,0.1291,-0.3485,-0.8797,1.9031,-0.5006,5.6860,16.7290,-2.1509,-0.0301,0.0112,0.0178
35896994,-0.0006,-0.0021,-0.1060,-0.1952,-0.0203,0.0701,0.0945,-0.1669,-0.1830,-0.1830,-0.0516,-0.5721,0.5547,3.5859,-1.2614,5.6887,16.7472,-2.1555,-0.0057,0.0302,-0.0190
35901994,-0.0009,-0.0028,-0.0507,-0.1093,0.0747,0.0493,0.0841,-0.1247,-0.1828,-0.1828,0.0457,-0.7122,0.9807,5.9362,-1.8175,5.6946,16.7709,-2.1668,0.0002,0.0551,-0.0353
35906994,-0.0012,-0.0036,-0.0214,-0.1106,0.0237,0.0373,0.0989,-0.1335,-0.1836,-0.1836,-0.1668,-0.4245,2.2841,2.6883,-1.3500,5.7032,16.7912,-2.1719,0.0337,0.1043,-0.0887
35911994,-0.0014,-0.0036,-0.0470,0.0385,-0.0936,0.0521,0.0139,-0.0768,-0.1853,-0.1853,-0.3369,-0.0954,2.8012,0.4367,-1.2858,5.7240,16.7929,-2.1797,0.0428,0.1139,-0.1290
35916994,-0.0014,-0.0034,-0.0339,0.0822,-0.0951,0.0427,-0.0071,-0.0467,-0.1857,-0.1857,-0.0724,0.0210,0.2563,0.2202,-0.5661,5.7245,16.7931,-2.1819,0.0634,0.0971,-0.1290
35921994,-0.0014,-0.0026,-0.0498,0.1930,-0.0221,0.0553,-0.0763,0.0184,-0.1861,-0.1861,-0.0797,0.2136,0.5146,0.0506,0.3149,5.7265,16.7949,-2.1802,0.0471,0.0533,-0.0975
35926994,-0.0016,-0.0018,-0.0031,0.1830,0.0139,0.0344,-0.0739,0.0411,-0.1862,-0.1862,-0.0172,0.3257,0.4179,-0.6560,1.1790,5.7283,16.7913,-2.1761,0.0531,0.0325,-0.0581
35931994,-0.0017,-0.0009,0.0150,0.1713,-0.0322,0.0244,-0.0813,0.0531,-0.1862,-0.1862,-0.0080,0.3954,0.4328,-1.2623,1.6174,5.7313,16.7862,-2.1663,0.0520,-0.0073,-0.0404
35936994,-0.0013,-0.0002,0.0901,0.1057,-0.0850,-0.0270,-0.0396,0.0568,-0.1861,-0.1861,0.0120,0.5382,0.0082,-3.6430,1.9190,5.7311,16.7682,-2.1587,0.0287,-0.0369,0.0035
35941994,-0.0010,0.0002,0.0663,0.0748,-0.0817,-0.0189,-0.0382,0.0476,-0.1866,-0.1866,-0.0892,0.6815,0.0717,-5.5605,2.2415,5.7316,16.7450,-2.1461,0.0076,-0.0456,0.0474
35946994,-0.0008,0.0004,0.0547,0.0110,0.0081,-0.0146,-0.0063,0.0219,-0.1862,-0.1862,0.0845,0.3127,-0.4805,-2.0887,1.7914,5.7300,16.7369,-2.1382,-0.0141,-0.0633,0.0575
35951994,-0.0007,-0.0000,0.0095,-0.1133,0.0927,0.0118,0.0540,-0.0550,-0.1853,-0.1853,0.1780,-0.1742,-1.4407,0.8266,0.0443,5.7219,16.7412,-2.1375,-0.0086,-0.0368,0.0630
35956994,-0.0006,-0.0008,-0.0263,-0.1552,-0.0218,0.0252,0.0748,-0.1025,-0.1846,-0.1846,0.1414,-0.3202,-1.6683,1.2591,-0.8621,5.7151,16.7483,-2.1417,0.0016,-0.0113,0.0251
35961994,-0.0008,-0.0019,-0.0092,-0.2193,-0.0588,0.0193,0.1256,-0.1517,-0.1847,-0.1847,-0.0236,-0.5084,0.2909,1.9890,-1.7279,5.7133,16.7559,-2.1485,0.0053,0.0289,-0.0152
35966994,-0.0009,-0.0027,-0.0620,-0.1280,0.0356,0.0544,0.0856,-0.1358,-0.1849,-0.1849,-0.0408,-0.6968,1.4064,5.3052,-2.0108,5.7192,16.7829,-2.1608,0.0090,0.0518,-0.0420
35971994,-0.0013,-0.0036,-0.0446,-0.1384,0.1193,0.0554,0.1095,-0.1511,-0.1854,-0.1854,-0.0991,-0.5814,2.2736,4.5242,-1.1759,5.7315,16.8043,-2.1656,0.0258,0.0858,-0.0946
35976994,-0.0019,-0.0036,-0.1106,0.0324,-0.0203,0.0996,-0.0020,-0.1000,-0.1867,-0.1867,-0.2556,-0.2460,2.0213,2.2001,-1.3812,5.7402,16.8129,-2.1736,0.0639,0.1198,-0.1305
35981994,-0.0021,-0.0034,0.0015,0.0455,-0.1669,0.0345,0.0108,-0.0646,-0.1869,-0.1869,-0.0455,-0.0923,0.3608,0.7230,-1.0493,5.7441,16.8152,-2.1781,0.0752,0.1035,-0.1413
35986994,-0.0022,-0.0028,0.0012,0.1478,-0.0960,0.0400,-0.0471,-0.0040,-0.1873,-0.1873,-0.0764,0.1629,0.9314,-0.0279,0.1647,5.7472,16.8158,-2.1783,0.0735,0.0806,-0.1209
35991994,-0.0017,-0.0021,0.0730,0.1918,-0.0117,-0.0064,-0.0528,0.0579,-0.1870,-0.1870,0.0579,0.2713,0.4192,-0.2587,0.7624,5.7512,16.8149,-2.1754,0.0548,0.0349,-0.0790
35996994,-0.0016,-0.0011,0.0596,0.1982,-0.0246,-0.0026,-0.0763,0.0760,-0.1866,-0.1866,0.0860,0.3886,-0.0499,-0.9786,1.4686,5.7508,16.8094,-2.1664,0.0333,-0.0058,-0.0543
36001994,-0.0010,-0.0002,0.0825,0.1494,-0.0420,-0.0265,-0.0575,0.0792,-0.1859,-0.1859,0.1322,0.4308,-0.6887,-1.9441,1.6751,5.7474,16.8020,-2.1599,0.0001,-0.0246,-0.0082
36006994,-0.0006,0.0001,0.0553,0.0553,-0.0606,-0.0200,-0.0245,0.0375,-0.1857,-0.1857,0.0384,0.5216,-0.8429,-4.0295,1.9669,5.7442,16.7863,-2.1482,-0.0223,-0.0352,0.0354
36011994,-0.0004,0.0005,0.0159,0.0492,0.0038,-0.0016,-0.0323,0.0344,-0.1850,-0.1850,0.1392,0.4275,-1.6833,-2.7423,2.1229,5.7359,16.7616,-2.1396,-0.0155,-0.0654,0.0487
36016994,-0.0002,-0.0000,0.0696,-0.0782,0.1114,-0.0311,0.0600,-0.0159,-0.1837,-0.1837,0.2568,-0.1411,-1.9476,0.5408,-0.2679,5.7281,16.7626,-2.1382,-0.0043,-0.0553,0.0526
36021994,-0.0001,-0.0005,0.0189,-0.1222,0.0600,-0.0070,0.0742,-0.0602,-0.1837,-0.1837,0.0107,-0.1971,-0.0768,0.3126,-0.6502,5.7256,16.7641,-2.1409,-0.0150,-0.0287,0.0285
36026994,0.0003,-0.0016,0.0205,-0.1998,0.0228,-0.0160,0.1329,-0.1142,-0.1836,-0.1836,0.0167,-0.4041,-0.5315,0.7389,-1.8883,5.7238,16.7672,-2.1503,-0.0220,0.0126,0.0089
36031994,0.0002,-0.0027,-0.0629,-0.2019,0.0420,0.0327,0.1311,-0.1589,-0.1840,-0.1840,-0.0753,-0.5443,-0.1042,1.9589,-2.4439,5.7223,16.7747,-2.1605,-0.0189,0.0290,-0.0370
36036994,-0.0000,-0.0035,-0.0739,-0.1203,0.1306,0.0454,0.1056,-0.1359,-0.1836,-0.1836,0.0667,-0.5966,-0.3198,4.3109,-1.8125,5.7210,16.7914,-2.1727,0.0059,0.0523,-0.0903
36041994,-0.0004,-0.0042,-0.0614,-0.1045,0.1834,0.0497,0.1111,-0.1395,-0.1840,-0.1840,-0.0748,-0.4915,1.0362,3.3799,-1.5970,5.7246,16.8193,-2.1787,0.0209,0.1198,-0.1254
36046994,-0.0010,-0.0039,-0.0867,0.0596,-0.0209,0.0691,0.0045,-0.0761,-0.1861,-0.1861,-0.4240,-0.1556,2.9440,0.5734,-2.1937,5.7363,16.8260,-2.1915,0.0367,0.1321,-0.1370
36051994,-0.0014,-0.0036,-0.1112,0.1011,-0.0499,0.0872,-0.0324,-0.0606,-0.1871,-0.1871,-0.1936,-0.0028,0.2528,0.0015,-1.3343,5.7422,16.8259,-2.1973,0.0663,0.1150,-0.1363
36056994,-0.0017,-0.0028,-0.0302,0.1720,-0.0148,0.0501,-0.0599,0.0081,-0.1874,-0.1874,-0.0652,0.2042,0.3361,-0.2601,0.1548,5.7430,16.8249,-2.1978,0.0812,0.0638,-0.1197
36061994,-0.0018,-0.0020,0.0006,0.1833,-0.0068,0.0368,-0.0727,0.0351,-0.1878,-0.1878,-0.0725,0.2898,0.7836,-0.7146,0.6552,5.7486,16.8221,-2.1951,0.0720,0.0442,-0.0719
36066994,-0.0012,-0.0009,0.1530,0.1979,-0.0365,-0.0615,-0.0510,0.1084,-0.1870,-0.1870,0.1594,0.4341,0.0980,-1.3492,1.6868,5.7490,16.8164,-2.1856,0.0394,0.0018,-0.0280
36071994,-0.0004,-0.0001,0.1347,0.1344,-0.0685,-0.0689,-0.0329,0.0939,-0.1863,-0.1863,0.1380,0.4723,-0.0448,-2.1804,2.1645,5.7485,16.8052,-2.1770,0.0282,-0.0338,0.0163
36076994,0.0003,0.0002,0.1075,0.0461,-0.0808,-0.0681,0.0017,0.0570,-0.1861,-0.1861,0.0318,0.5945,-0.2845,-4.6522,2.3980,5.7474,16.7793,-2.1631,-0.0118,-0.0305,0.0404
36081994,0.0008,0.0002,0.0461,0.0086,-0.0701,-0.0446,0.0089,0.0276,-0.1846,-0.1846,0.2982,0.3076,-2.0754,-1.1903,2.6542,5.7377,16.7736,-2.1521,-0.0279,-0.0509,0.0625
36086994,0.0013,-0.0003,0.0596,-0.1045,0.0289,-0.0596,0.0873,-0.0243,-0.1822,-0.1822,0.4819,-0.2095,-3.7839,1.5947,0.2425,5.7221,16.7815,-2.1476,-0.0435,-0.0107,0.0700
36091994,0.0014,-0.0009,0.0189,-0.1359,-0.0139,-0.0397,0.0996,-0.0615,-0.1816,-0.1816,0.1343,-0.3093,-0.5636,1.8355,-0.3938,5.7158,16.7893,-2.1495,-0.0755,0.0198,0.0308
36096994,0.0014,-0.0018,-0.0403,-0.1808,0.0729,-0.0038,0.1260,-0.1137,-0.1816,-0.1816,-0.0085,-0.5257,0.0517,2.6237,-1.8107,5.7163,16.7989,-2.1582,-0.0461,0.0378,-0.0075
36101994,0.0012,-0.0030,-0.0886,-0.1976,0.0994,0.0284,0.1412,-0.1581,-0.1814,-0.1814,0.0306,-0.8479,0.2304,5.7415,-2.6188,5.7173,16.8313,-2.1691,-0.0338,0.0906,-0.0567
36106994,0.0006,-0.0038,-0.1542,-0.1588,0.0145,0.0736,0.1072,-0.1790,-0.1826,-0.1826,-0.2240,-0.4975,0.7190,2.1207,-2.2338,5.7201,16.8462,-2.1833,0.0059,0.1310,-0.0852
36111994,0.0001,-0.0043,-0.1038,-0.0608,-0.0838,0.0531,0.0741,-0.1369,-0.1843,-0.1843,-0.3426,-0.2921,2.4973,1.3295,-1.6447,5.7321,16.8509,-2.1900,0.0221,0.1531,-0.1316
36116994,-0.0005,-0.0040,-0.1100,0.1112,0.0225,0.0730,-0.0175,-0.0528,-0.1869,-0.1869,-0.5334,-0.0196,4.2105,0.3406,-1.3420,5.7497,16.8540,-2.1985,0.0413,0.1071,-0.1486
36121994,-0.0007,-0.0031,-0.0947,0.1814,0.0179,0.0677,-0.0652,-0.0004,-0.1879,-0.1879,-0.1929,0.1753,0.8008,-0.2529,-0.3319,5.7569,16.8528,-2.2000,0.0835,0.0615,-0.1406
36126995,-0.0010,-0.0024,-0.0186,0.1527,-0.0533,0.0278,-0.0490,0.0151,-0.1882,-0.1882,-0.0587,0.2056,0.2864,-0.4994,0.1804,5.7579,16.8505,-2.1988,0.0748,0.0352,-0.0945
36131994,-0.0009,-0.0016,0.0339,0.1555,0.0008,0.0003,-0.0484,0.0482,-0.1882,-0.1882,-0.0033,0.3491,0.1046,-1.5556,0.9348,5.7586,16.8418,-2.1953,0.0609,-0.0043,-0.0538
36136994,-0.0002,-0.0009,0.1756,0.1448,0.0200,-0.0914,-0.0087,0.1024,-0.1875,-0.1875,0.1445,0.5031,-0.4123,-3.0632,1.5442,5.7571,16.8261,-2.1864,0.0196,-0.0234,-0.0310
36141994,0.0005,-0.0004,0.1231,0.0696,-0.0130,-0.0786,0.0101,0.0670,-0.1869,-0.1869,0.1134,0.5856,-1.3792,-4.8043,1.8284,5.7499,16.8066,-2.1791,0.0019,-0.0259,0.0145
36146994,0.0012,-0.0001,0.0993,0.0504,0.0356,-0.0790,0.0188,0.0643,-0.1852,-0.1852,0.3487,0.2428,-2.3122,-0.7714,1.7022,5.7410,16.7957,-2.1694,-0.0347,-0.0283,0.0391
36151994,0.0020,-0.0007,0.1151,-0.0974,0.1062,-0.1025,0.1159,-0.0012,-0.1822,-0.1822,0.5924,-0.0668,-4.0461,1.0711,1.4639,5.7160,16.8002,-2.1630,-0.0751,0.0001,0.0692
36156995,0.0022,-0.0015,0.0702,-0.1277,0.0329,-0.0832,0.1302,-0.0432,-0.1805,-0.1805,0.3469,-0.2375,-2.1775,1.6092,0.1971,5.7074,16.8067,-2.1607,-0.1147,0.0150,0.0602
36161994,0.0025,-0.0021,0.0058,-0.1246,0.1184,-0.0494,0.1299,-0.0668,-0.1792,-0.1792,0.2521,-0.4602,-1.0911,3.8088,-0.5035,5.7004,16.8257,-2.1626,-0.1049,0.0471,0.0174
36166994,0.0023,-0.0031,-0.0718,-0.1820,0.1468,-0.0020,0.1520,-0.1330,-0.1793,-0.1793,-0.0090,-0.5700,-0.4585,2.7344,-2.2544,5.6987,16.8485,-2.1738,-0.0747,0.0892,0.0016
36171994,0.0012,-0.0040,-0.2700,-0.1753,-0.0633,0.1228,0.0903,-0.2204,-0.1814,-0.1814,-0.4201,-0.5397,0.4507,1.1203,-3.5663,5.7003,16.8531,-2.1880,-0.0532,0.1450,-0.0408
36176994,0.0001,-0.0049,-0.2245,-0.1200,-0.0707,0.1197,0.0795,-0.2075,-0.1833,-0.1833,-0.3912,-0.4123,1.0455,1.0669,-2.6915,5.7046,16.8583,-2.2064,-0.0104,0.1481,-0.0767
36181994,-0.0010,-0.0048,-0.2065,0.0583,0.0698,0.1388,-0.0094,-0.1213,-0.1856,-0.1856,-0.4511,-0.1278,2.1344,0.6095,-1.7846,5.7153,16.8606,-2.2138,0.0281,0.1034,-0.1292
36186994,-0.0018,-0.0041,-0.1203,0.1387,0.1016,0.1087,-0.0428,-0.0541,-0.1882,-0.1882,-0.5246,0.0769,4.1281,0.0297,-0.7675,5.7314,16.8612,-2.2197,0.0711,0.0787,-0.1436
36191994,-0.0026,-0.0034,-0.1219,0.1445,0.0594,0.1224,-0.0676,-0.0479,-0.1899,-0.1899,-0.3468,0.1964,2.1215,-0.7152,-0.0485,5.7479,16.8571,-2.2199,0.1122,0.0366,-0.1082
36196994,-0.0026,-0.0027,0.0205,0.1597,-0.1192,0.0380,-0.0568,0.0050,-0.1907,-0.1907,-0.1441,0.3267,1.1630,-1.7425,0.4039,5.7525,16.8471,-2.2180,0.1331,0.0152,-0.0868
36201994,-0.0022,-0.0020,0.1161,0.1329,-0.1153,-0.0231,-0.0244,0.0341,-0.1906,-0.1906,0.0090,0.3891,0.5134,-2.3266,0.9686,5.7562,16.8383,-2.2136,0.1267,-0.0201,-0.0426
36206994,-0.0013,-0.0015,0.2028,0.0800,-0.0337,-0.0869,0.0271,0.0559,-0.1904,-0.1904,0.0362,0.6109,0.3209,-4.9493,1.8777,5.7576,16.8112,-2.2035,0.0816,-0.0259,-0.0213
36211994,-0.0002,-0.0015,0.1836,0.0547,-0.0459,-0.0984,0.0449,0.0482,-0.1892,-0.1892,0.2535,0.3585,-0.1416,-1.3156,2.5913,5.7571,16.8050,-2.1930,0.0375,-0.0300,0.0169
36216994,0.0010,-0.0015,0.2440,-0.0342,0.0155,-0.1559,0.1212,0.0365,-0.1871,-0.1871,0.4212,0.0824,-0.4077,0.8159,2.3166,5.7554,16.8077,-2.1776,-0.0029,-0.0058,0.0521
36221994,0.0020,-0.0021,0.1509,-0.1054,-0.1379,-0.1309,0.1446,-0.0297,-0.1847,-0.1847,0.4715,-0.2613,-1.3769,3.1970,1.1940,5.7486,16.8249,-2.1728,-0.0229,0.0392,0.0500
36226994,0.0027,-0.0028,0.1002,-0.1414,-0.2017,-0.1212,0.1674,-0.0695,-0.1813,-0.1813,0.6796,-0.6870,-2.9788,6.9817,-0.0286,5.7370,16.8624,-2.1723,-0.0567,0.0520,0.0422
36231994,0.0033,-0.0038,0.0678,-0.1943,-0.1034,-0.1093,0.2086,-0.1112,-0.1794,-0.1794,0.3920,-0.6179,-1.4079,4.9276,-0.5161,5.7259,16.8825,-2.1741,-0.0979,0.1283,-0.0027
36236994,0.0031,-0.0044,-0.0907,-0.1246,-0.1241,-0.0170,0.1391,-0.1365,-0.1792,-0.1792,0.0269,-0.4459,-0.4261,2.9506,-1.1792,5.7238,16.9027,-2.1812,-0.1266,0.1801,-0.0245
36241994,0.0023,-0.0049,-0.1872,-0.0580,-0.1027,0.0530,0.0822,-0.1472,-0.1798,-0.1798,-0.1173,-0.3525,0.2861,2.9607,-0.8239,5.7256,16.9145,-2.1849,-0.0991,0.1753,-0.0747
36246994,0.0010,-0.0047,-0.3033,0.0855,-0.0591,0.1460,-0.0344,-0.1185,-0.1815,-0.1815,-0.3310,-0.1996,0.7723,2.2995,-1.3657,5.7288,16.9240,-2.1923,-0.0571,0.1512,-0.1118
36251994,-0.0005,-0.0043,-0.2590,0.1240,-0.0850,0.1501,-0.0644,-0.0956,-0.1838,-0.1838,-0.4716,-0.0562,1.7015,0.4933,-1.8243,5.7384,16.9297,-2.1997,-0.0345,0.1140,-0.1215
36256994,-0.0019,-0.0035,-0.2575,0.1494,-0.0062,0.1812,-0.1013,-0.0806,-0.1862,-0.1862,-0.4692,0.1228,2.0078,-0.1770,-0.5196,5.7465,16.9284,-2.2049,0.0088,0.0864,-0.1214
36261994,-0.0029,-0.0028,-0.1573,0.1457,0.0368,0.1475,-0.0932,-0.0500,-0.1888,-0.1888,-0.5208,0.2219,3.6633,-0.8697,0.1074,5.7655,16.9250,-2.2042,0.0256,0.0450,-0.0897
36266994,-0.0036,-0.0020,-0.1228,0.1610,0.0323,0.1439,-0.1123,-0.0278,-0.1912,-0.1912,-0.4865,0.2946,3.3116,-1.5952,0.1208,5.7808,16.9166,-2.2034,0.0824,0.0043,-0.0813
36271994,-0.0036,-0.0013,0.0079,0.1231,-0.0328,0.0668,-0.0729,0.0023,-0.1921,-0.1921,-0.1730,0.3300,1.1135,-2.2317,0.4293,5.7885,16.9081,-2.2020,0.1307,-0.0324,-0.0469
36276994,-0.0033,-0.0009,0.0027,0.0764,-0.1183,0.0617,-0.0599,-0.0155,-0.1931,-0.1931,-0.2091,0.4764,0.8912,-4.0424,1.1045,5.7918,16.8924,-2.1957,0.1180,-0.0474,-0.0160
36281994,-0.0026,-0.0009,0.1035,0.0467,-0.1122,-0.0087,-0.0116,0.0072,-0.1932,-0.1932,-0.0171,0.4431,0.4256,-3.4675,1.6301,5.7953,16.8648,-2.1893,0.0952,-0.0740,-0.0143
36286994,-0.0017,-0.0009,0.1500,0.0272,0.0271,-0.0483,0.0281,0.0233,-0.1923,-0.1923,0.1697,0.1206,0.0426,-0.3373,0.8634,5.7956,16.8570,-2.1829,0.0528,-0.0781,-0.0072
36291994,-0.0006,-0.0012,0.1982,-0.0852,0.0817,-0.0956,0.1143,-0.0093,-0.1908,-0.1908,0.3045,-0.0676,-0.3911,0.6800,0.9063,5.7937,16.8600,-2.1797,0.0313,-0.0392,0.0209
36296994,0.0004,-0.0019,0.1671,-0.1475,-0.0371,-0.1037,0.1532,-0.0538,-0.1890,-0.1890,0.3745,-0.2561,-1.1104,1.8980,0.5021,5.7890,16.8707,-2.1757,-0.0084,0.0105,0.0242
36301994,0.0012,-0.0029,0.1042,-0.2022,-0.0945,-0.0873,0.1870,-0.1106,-0.1864,-0.1864,0.5167,-0.5091,-3.3354,3.2301,-0.7160,5.7724,16.8829,-2.1785,-0.0400,0.0427,-0.0060
36306995,0.0018,-0.0040,0.1032,-0.1686,0.0115,-0.0958,0.2016,-0.1044,-0.1833,-0.1833,0.6149,-0.7707,-3.4615,6.1082,-1.6323,5.7565,16.9068,-2.1871,-0.0974,0.0581,-0.0494
36311994,0.0023,-0.0050,0.0556,-0.1616,0.1755,-0.0704,0.2123,-0.1216,-0.1819,-0.1819,0.2848,-0.6670,-1.2736,4.5294,-1.9683,5.7467,16.9373,-2.1952,-0.1084,0.1411,-0.0922
36316994,0.0020,-0.0054,-0.0638,-0.0229,0.1062,-0.0014,0.1131,-0.0993,-0.1823,-0.1823,-0.0857,-0.3500,-0.2255,1.6316,-2.5749,5.7464,16.9493,-2.2108,-0.0892,0.1764,-0.1046
36321994,0.0018,-0.0053,-0.0886,0.0544,0.0063,0.0134,0.0609,-0.0736,-0.1829,-0.1829,-0.1255,-0.2058,-0.1829,1.0762,-2.2699,5.7456,16.9534,-2.2198,-0.0712,0.1941,-0.1123
36326994,0.0012,-0.0046,-0.1597,0.1808,0.0371,0.0657,-0.0377,-0.0237,-0.1840,-0.1840,-0.2186,0.0946,0.1379,0.0359,-1.0732,5.7458,16.9550,-2.2282,-0.0291,0.1494,-0.1040
36331994,0.0004,-0.0039,-0.1811,0.1823,0.0607,0.0945,-0.0636,-0.0239,-0.1855,-0.1855,-0.3041,0.1991,1.1808,-0.2959,-0.0801,5.7517,16.9536,-2.2286,0.0103,0.1002,-0.0789
36336994,-0.0005,-0.0030,-0.1518,0.2117,0.0228,0.0950,-0.0954,0.0030,-0.1874,-0.1874,-0.3724,0.2867,2.5535,-0.3820,0.5828,5.7615,16.9520,-2.2254,0.0391,0.0741,-0.0330
36341994,-0.0011,-0.0019,-0.1579,0.1955,-0.0236,0.1098,-0.1168,0.0042,-0.1896,-0.1896,-0.4372,0.3366,3.1473,-0.8672,0.9457,5.7839,16.9467,-2.2211,0.0775,0.0306,-0.0074
36346994,-0.0015,-0.0013,-0.1005,0.1008,-0.1385,0.0817,-0.0757,-0.0221,-0.1909,-0.1909,-0.2644,0.3254,2.1515,-1.1160,1.7706,5.7924,16.9394,-2.2113,0.1179,0.0086,-0.0024
36351994,-0.0019,-0.0009,-0.0406,0.0599,-0.2768,0.0497,-0.0547,-0.0270,-0.1919,-0.1919,-0.1954,0.3042,1.4675,-1.8260,1.3149,5.8018,16.9326,-2.2058,0.1150,-0.0251,-0.0030
36356994,-0.0019,-0.0008,0.0147,0.0012,-0.2396,0.0217,-0.0128,-0.0366,-0.1931,-0.1931,-0.2465,0.3384,1.1912,-3.8859,0.4509,5.8065,16.9103,-2.2022,0.0753,-0.0382,-0.0181
36361994,-0.0018,-0.0010,0.0535,-0.0018,-0.1006,0.0024,0.0098,-0.0239,-0.1933,-0.1933,-0.0407,0.1683,0.7584,-1.3832,0.8036,5.8120,16.9056,-2.1988,0.0358,-0.0538,-0.0344
36366994,-0.0013,-0.0015,0.1264,-0.1127,0.0478,-0.0426,0.1044,-0.0562,-0.1923,-0.1923,0.2025,-0.1480,0.0901,1.1652,0.7108,5.8125,16.9095,-2.1939,0.0084,-0.0363,-0.0254
36371994,-0.0007,-0.0020,0.1472,-0.1042,-0.0340,-0.0695,0.1186,-0.0530,-0.1906,-0.1906,0.3474,-0.2502,-0.6682,2.5021,0.6233,5.8088,16.9245,-2.1906,-0.0020,0.0154,-0.0378
36376994,-0.0000,-0.0028,0.0971,-0.1213,-0.1287,-0.0602,0.1311,-0.0858,-0.1883,-0.1883,0.4452,-0.5456,-1.9357,4.6700,-0.7867,5.8016,16.9483,-2.1936,-0.0345,0.0324,-0.0431
36381994,0.0007,-0.0036,0.1060,-0.1292,0.0145,-0.0754,0.1650,-0.0880,-0.1851,-0.1851,0.6476,-0.6286,-3.4890,5.7545,-0.6660,5.7785,16.9733,-2.1967,-0.0448,0.0645,-0.0634
36386994,0.0007,-0.0040,0.0095,-0.1133,0.1056,-0.0169,0.1403,-0.1111,-0.1840,-0.1840,0.2178,-0.4295,-1.6974,2.6549,-1.4107,5.7719,16.9912,-2.2043,-0.0828,0.1427,-0.0812
36391994,0.0007,-0.0045,-0.0287,-0.0507,0.0869,0.0046,0.1062,-0.1007,-0.1843,-0.1843,-0.0522,-0.2287,-0.2582,0.6223,-1.6666,5.7699,16.9934,-2.2111,-0.0687,0.1602,-0.0922
36396995,0.0006,-0.0045,-0.0666,0.0452,0.0622,0.0275,0.0463,-0.0665,-0.1850,-0.1850,-0.1377,-0.0708,0.0514,0.0033,-1.4885,5.7700,16.9933,-2.2203,-0.0218,0.1414,-0.1033
36401994,-0.0002,-0.0039,-0.1970,0.1561,0.0582,0.1159,-0.0615,-0.0476,-0.1866,-0.1866,-0.3342,0.1210,0.8402,-0.4625,-0.9134,5.7736,16.9911,-2.2243,-0.0000,0.0968,-0.0895
36406994,-0.0013,-0.0032,-0.1814,0.1503,0.0555,0.1291,-0.0781,-0.0446,-0.1886,-0.1886,-0.3998,0.2803,1.8766,-1.3899,0.2819,5.7808,16.9828,-2.2239,0.0316,0.0762,-0.0708
36411994,-0.0021,-0.0025,-0.1448,0.1368,0.0439,0.1266,-0.0840,-0.0375,-0.1914,-0.1914,-0.5532,0.2860,3.8447,-1.6587,0.2567,5.8040,16.9762,-2.2226,0.0458,0.0336,-0.0455
36416994,-0.0026,-0.0019,-0.1234,0.1038,0.0051,0.1208,-0.0772,-0.0430,-0.1934,-0.1934,-0.3992,0.2442,2.2517,-1.7215,0.0831,5.8124,16.9661,-2.2222,0.1171,-0.0082,-0.0414
36421994,-0.0029,-0.0018,-0.0434,0.0260,-0.1281,0.0791,-0.0288,-0.0651,-0.1948,-0.1948,-0.2802,0.2657,1.4313,-2.7482,0.3361,5.8217,16.9555,-2.2208,0.1306,-0.0385,-0.0421
36426995,-0.0028,-0.0019,0.0638,-0.0165,-0.1565,0.0158,0.0217,-0.0556,-0.1960,-0.1960,-0.2450,0.3841,1.0627,-4.9556,0.1991,5.8257,16.9360,-2.2199,0.1025,-0.0411,-0.0566
36431994,-0.0021,-0.0018,0.1298,-0.0147,-0.0423,-0.0299,0.0503,-0.0253,-0.1959,-0.1959,0.0203,0.1482,0.3209,-1.9469,0.1482,5.8285,16.9193,-2.2193,0.0814,-0.0379,-0.0589
36436994,-0.0013,-0.0022,0.1878,-0.0855,0.1285,-0.0731,0.1234,-0.0354,-0.1943,-0.1943,0.3255,-0.2368,-0.3970,2.1111,0.1647,5.8270,16.9290,-2.2181,0.0389,-0.0348,-0.0521
36441994,-0.0004,-0.0027,0.2059,-0.0767,0.0054,-0.1058,0.1369,-0.0304,-0.1919,-0.1919,0.4722,-0.2608,-1.0965,3.0551,0.6874,5.8214,16.9410,-2.2153,0.0171,0.0234,-0.0355
36446994,0.0003,-0.0032,0.1668,-0.0788,-0.1043,-0.1037,0.1420,-0.0504,-0.1887,-0.1887,0.6440,-0.5997,-1.9927,6.6753,-0.0222,5.8136,16.9765,-2.2148,-0.0205,0.0528,-0.0302
36451994,0.0012,-0.0036,0.1536,-0.0840,-0.0181,-0.1128,0.1590,-0.0484,-0.1849,-0.1849,0.7572,-0.4023,-4.7799,3.9867,-0.1070,5.7885,16.9928,-2.2152,-0.0516,0.1368,-0.0337
36456994,0.0017,-0.0038,0.0483,-0.0205,-0.1073,-0.0660,0.1028,-0.0492,-0.1830,-0.1830,0.3811,-0.2397,-2.6329,2.4824,-0.3363,5.7773,17.0034,-2.2182,-0.1265,0.1692,-0.0505
36461994,0.0013,-0.0038,-0.1225,-0.0037,0.0283,0.0423,0.0492,-0.0882,-0.1832,-0.1832,-0.0265,-0.0983,-0.6755,1.0016,-0.2152,5.7715,17.0105,-2.2188,-0.1210,0.1599,-0.0476
36466994,-0.0002,-0.0034,-0.2560,0.0950,0.1230,0.1493,-0.0538,-0.0812,-0.1847,-0.1847,-0.3000,0.0836,0.3380,-0.0792,-0.2256,5.7730,17.0107,-2.2203,-0.0709,0.1412,-0.0544
36471994,-0.0018,-0.0030,-0.2981,0.1261,0.0142,0.2014,-0.1090,-0.0907,-0.1870,-0.1870,-0.4606,0.1494,1.1172,-0.8416,-0.5426,5.7789,17.0076,-2.2224,-0.0468,0.0925,-0.0789
36476994,-0.0030,-0.0023,-0.2135,0.1329,-0.0023,0.1792,-0.1136,-0.0659,-0.1892,-0.1892,-0.4564,0.2089,1.4443,-1.7502,-0.7716,5.7846,16.9977,-2.2272,-0.0021,0.0481,-0.0797
36481994,-0.0038,-0.0018,-0.1408,0.0782,0.0652,0.1589,-0.0813,-0.0699,-0.1917,-0.1917,-0.5014,0.1620,2.7611,-1.7932,-0.7159,5.7988,16.9902,-2.2297,0.0336,0.0016,-0.0865
36486996,-0.0045,-0.0016,-0.1087,0.0452,0.1327,0.1577,-0.0660,-0.0763,-0.1944,-0.1944,-0.5318,0.1802,3.6520,-1.9252,-0.1916,5.8148,16.9826,-2.2309,0.1000,-0.0217,-0.0702
36491994,-0.0046,-0.0018,-0.0657,-0.0092,0.0625,0.1330,-0.0293,-0.0965,-0.1964,-0.1964,-0.4068,0.2589,1.3567,-4.1710,-0.7170,5.8234,16.9614,-2.2336,0.1188,-0.0444,-0.0757
36496994,-0.0050,-0.0018,-0.0580,0.0336,-0.0985,0.1292,-0.0560,-0.0847,-0.1980,-0.1980,-0.3031,0.2836,0.6236,-3.7190,-0.4968,5.8254,16.9322,-2.2363,0.1422,-0.0451,-0.0810
36501994,-0.0050,-0.0017,0.0263,0.0165,0.0527,0.0882,-0.0200,-0.0621,-0.1986,-0.1986,-0.1242,0.1161,0.4607,-1.8586,-0.5734,5.8283,16.9242,-2.2393,0.1352,-0.0533,-0.0876
36506994,-0.0045,-0.0018,0.1323,-0.0266,0.1819,0.0236,0.0426,-0.0451,-0.1981,-0.1981,0.1028,-0.0361,0.3299,0.0638,-0.0595,5.8296,16.9256,-2.2404,0.1222,-0.0582,-0.0863
36511994,-0.0038,-0.0022,0.1527,-0.1023,0.0011,-0.0085,0.0917,-0.0830,-0.1971,-0.1971,0.1960,-0.1443,-0.2556,0.4962,-0.0435,5.8286,16.9272,-2.2404,0.0800,-0.0077,-0.0557
36516996,-0.0028,-0.0032,0.2248,-0.1500,-0.0508,-0.0709,0.1593,-0.0943,-0.1955,-0.1955,0.3235,-0.2357,-0.7538,0.8964,-0.2063,5.8256,16.9309,-2.2411,0.0387,0.0146,-0.0567
36521994,-0.0017,-0.0037,0.1994,-0.0657,-0.0313,-0.0790,0.1353,-0.0599,-0.1933,-0.1933,0.4271,-0.3772,-1.2010,3.3394,-0.6668,5.8186,16.9471,-2.2439,0.0158,0.0413,-0.0910
36526994,-0.0006,-0.0044,0.1753,-0.0947,0.1068,-0.0822,0.1714,-0.0768,-0.1907,-0.1907,0.5334,-0.6200,-1.5838,5.7854,-0.9694,5.8125,16.9835,-2.2498,-0.0229,0.0501,-0.0890
36531994,0.0002,-0.0051,0.1219,-0.1090,0.1028,-0.0706,0.1825,-0.1000,-0.1875,-0.1875,0.6424,-0.4274,-4.0875,3.7542,-0.3389,5.7916,16.9972,-2.2511,-0.0362,0.1328,-0.0763
36536994,0.0009,-0.0055,0.1014,-0.0504,-0.1666,-0.0812,0.1516,-0.0898,-0.1857,-0.1857,0.3508,-0.2034,-2.3358,1.4219,-0.5459,5.7815,17.0052,-2.2537,-0.0862,0.1827,-0.0944
36541994,0.0009,-0.0054,-0.0269,0.0736,0.0017,-0.0032,0.0606,-0.0573,-0.1857,-0.1857,-0.0055,-0.1034,-0.2394,1.1362,-1.1405,5.7786,17.0097,-2.2579,-0.0943,0.1764,-0.0889
36546994,0.0005,-0.0045,-0.1286,0.1878,0.0921,0.0647,-0.0387,-0.0153,-0.1863,-0.1863,-0.1184,0.1255,0.0528,0.5680,-0.2339,5.7791,17.0141,-2.2608,-0.0623,0.1557,-0.0829
36551994,-0.0005,-0.0037,-0.2315,0.1417,0.0206,0.1388,-0.0720,-0.0644,-0.1878,-0.1878,-0.2925,0.1673,0.5704,-0.2732,0.0559,5.7815,17.0128,-2.2603,-0.0401,0.1146,-0.0609
36556994,-0.0017,-0.0031,-0.2049,0.1381,0.0072,0.1477,-0.0861,-0.0608,-0.1894,-0.1894,-0.3143,0.2430,0.9663,-0.9248,0.4240,5.7852,17.0082,-2.2578,0.0008,0.0699,-0.0316
36561994,-0.0028,-0.0026,-0.1845,0.1194,-0.0304,0.1576,-0.0930,-0.0681,-0.1916,-0.1916,-0.4412,0.1982,2.2884,-1.0750,-0.0636,5.7969,17.0041,-2.2581,0.0201,0.0458,-0.0572
36566994,-0.0037,-0.0020,-0.1509,0.1042,0.0100,0.1595,-0.0939,-0.0645,-0.1945,-0.1945,-0.5845,0.1410,4.0987,-0.9634,-0.4932,5.8115,16.9982,-2.2606,0.0504,0.0023,-0.0665
36571994,-0.0044,-0.0016,-0.1478,0.0599,0.0344,0.1734,-0.0860,-0.0834,-0.1968,-0.1968,-0.4552,0.1588,2.5069,-1.5514,-0.2799,5.8309,16.9922,-2.2620,0.1208,-0.0297,-0.0656
36576994,-0.0047,-0.0016,-0.0333,-0.0134,-0.1305,0.1103,-0.0297,-0.0957,-0.1987,-0.1987,-0.3842,0.3216,1.7218,-4.3438,-0.0307,5.8378,16.9703,-2.2619,0.1568,-0.0581,-0.0793
36581994,-0.0049,-0.0017,0.0107,-0.0012,-0.1571,0.0871,-0.0233,-0.0820,-0.2003,-0.2003,-0.3319,0.3161,1.7202,-4.1387,-0.0533,5.8478,16.9511,-2.2622,0.1586,-0.0892,-0.0978
36586994,-0.0036,-0.0022,0.2175,-0.0486,0.0552,-0.0451,0.0865,-0.0351,-0.2000,-0.2000,0.0691,0.0339,1.1366,-1.0462,0.0143,5.8528,16.9393,-2.2620,0.1190,-0.0645,-0.0897
36591994,-0.0026,-0.0027,0.1811,-0.0467,0.1162,-0.0439,0.0978,-0.0405,-0.1988,-0.1988,0.2422,-0.1290,-0.0425,1.1681,0.1087,5.8536,16.9447,-2.2616,0.1000,-0.0414,-0.0690
36596994,-0.0011,-0.0032,0.2523,-0.0861,-0.0316,-0.1192,0.1544,-0.0388,-0.1967,-0.1967,0.4070,-0.2281,-0.5783,2.0593,0.2331,5.8514,16.9561,-2.2606,0.0586,0.0103,-0.0400
36601994,-0.0000,-0.0036,0.1936,-0.1179,-0.1015,-0.1121,0.1705,-0.0702,-0.1943,-0.1943,0.4931,-0.3667,-1.5982,3.3377,0.1391,5.8431,16.9688,-2.2597,0.0180,0.0415,-0.0372
36606994,0.0010,-0.0044,0.1662,-0.1234,0.0017,-0.1150,0.1946,-0.0793,-0.1911,-0.1911,0.6381,-0.6389,-2.1580,6.4168,-0.2104,5.8345,17.0060,-2.2606,-0.0238,0.1199,-0.0503
36611994,0.0017,-0.0053,0.1326,-0.1295,0.0265,-0.1088,0.2105,-0.0987,-0.1879,-0.1879,0.6306,-0.4454,-4.0720,3.5037,-0.5594,5.8123,17.0188,-2.2629,-0.0403,0.1415,-0.0758
36616994,0.0023,-0.0057,0.0779,-0.0602,-0.1098,-0.0945,0.1691,-0.0873,-0.1864,-0.1864,0.3010,-0.2125,-1.9231,1.5397,-0.4202,5.8046,17.0288,-2.2667,-0.1116,0.1771,-0.0878
36621994,0.0024,-0.0059,-0.0180,-0.0058,0.0600,-0.0369,0.1272,-0.0833,-0.1861,-0.1861,0.0645,-0.1909,-0.6123,1.4971,-0.8829,5.7994,17.0349,-2.2706,-0.1188,0.1908,-0.0876
36626994,0.0017,-0.0054,-0.1857,0.1341,0.0811,0.0717,-0.0015,-0.0608,-0.1869,-0.1869,-0.1638,0.0558,0.0733,0.8210,-0.1848,5.8000,17.0410,-2.2730,-0.0975,0.1667,-0.0886
36631994,0.0006,-0.0048,-0.2517,0.1500,-0.0411,0.1248,-0.0533,-0.0763,-0.1883,-0.1883,-0.2767,0.1472,0.2480,-0.0123,-0.0477,5.8011,17.0410,-2.2729,-0.0493,0.1248,-0.0789
36636994,-0.0006,-0.0040,-0.2178,0.1622,-0.0255,0.1320,-0.0758,-0.0592,-0.1898,-0.1898,-0.2957,0.1953,0.5938,-0.4864,-0.0603,5.8034,17.0382,-2.2733,-0.0082,0.0801,-0.0723
36641994,-0.0019,-0.0033,-0.2279,0.1408,0.0093,0.1656,-0.0926,-0.0719,-0.1919,-0.1919,-0.4279,0.1961,1.7212,-0.8606,-0.1497,5.8123,17.0347,-2.2739,0.0142,0.0578,-0.0603
36646994,-0.0028,-0.0027,-0.1515,0.1118,0.0585,0.1437,-0.0761,-0.0609,-0.1945,-0.1945,-0.5123,0.1878,3.3568,-1.1468,-0.1717,5.8252,17.0283,-2.2745,0.0435,0.0140,-0.0662
36651994,-0.0035,-0.0021,-0.1607,0.0889,0.0396,0.1627,-0.0857,-0.0724,-0.1970,-0.1970,-0.5116,0.1558,2.8565,-1.4804,-0.6206,5.8474,17.0225,-2.2771,0.0828,-0.0042,-0.0613
36656994,-0.0038,-0.0019,-0.0250,0.0296,-0.0960,0.0881,-0.0318,-0.0674,-0.1988,-0.1988,-0.3571,0.2893,1.9863,-3.3831,-0.0420,5.8552,17.0057,-2.2775,0.1304,-0.0344,-0.0731
36661994,-0.0039,-0.0016,-0.0409,0.0281,-0.1919,0.0956,-0.0459,-0.0719,-0.2010,-0.2010,-0.4266,0.4629,1.4884,-5.6066,-0.0100,5.8635,16.9830,-2.2776,0.1462,-0.0699,-0.0699
36666994,-0.0033,-0.0016,0.0757,0.0260,-0.0279,0.0243,0.0015,-0.0290,-0.2014,-0.2014,-0.0805,0.1912,0.8873,-1.9160,0.2093,5.8673,16.9681,-2.2766,0.1046,-0.0733,-0.0742
36671994,-0.0029,-0.0015,0.1042,-0.0006,0.1135,0.0043,0.0316,-0.0227,-0.2006,-0.2006,0.1446,-0.0245,-0.0598,0.5453,0.2372,5.8671,16.9708,-2.2757,0.0919,-0.0570,-0.0533
36676994,-0.0020,-0.0018,0.1570,-0.0751,0.0298,-0.0467,0.0926,-0.0424,-0.1993,-0.1993,0.2629,-0.1379,-0.3893,1.1944,0.3860,5.8656,16.9772,-2.2731,0.0478,-0.0024,-0.0311
36681994,-0.0011,-0.0027,0.1967,-0.1646,-0.0756,-0.0897,0.1663,-0.0854,-0.1972,-0.1972,0.4284,-0.2723,-1.3681,1.9051,0.5199,5.8583,16.9848,-2.2710,0.0271,0.0174,-0.0325
36686994,-0.0005,-0.0035,0.1420,-0.1127,-0.0603,-0.0718,0.1482,-0.0835,-0.1947,-0.1947,0.5066,-0.5267,-2.0247,4.6994,-0.6241,5.8504,17.0087,-2.2743,-0.0078,0.0455,-0.0566
36691994,-0.0001,-0.0043,0.1307,-0.1503,0.0698,-0.0715,0.1890,-0.1094,-0.1911,-0.1911,0.7064,-0.6499,-4.2604,5.3625,-1.0616,5.8280,17.0326,-2.2789,-0.0398,0.1256,-0.0768
36696994,0.0004,-0.0050,0.0657,-0.1487,0.0164,-0.0454,0.1820,-0.1347,-0.1894,-0.1894,0.3537,-0.4182,-2.5780,2.3599,-1.1050,5.8167,17.0477,-2.2862,-0.0870,0.1687,-0.0970
36701994,0.0003,-0.0054,-0.0641,-0.0620,0.0378,0.0306,0.1110,-0.1371,-0.1897,-0.1897,-0.0717,-0.2934,-0.0475,1.3558,-1.6200,5.8142,17.0527,-2.2923,-0.0817,0.1844,-0.1241
36706994,-0.0001,-0.0056,-0.0974,0.0000,0.0753,0.0587,0.0739,-0.1239,-0.1906,-0.1906,-0.1795,-0.2609,0.3806,1.1426,-2.2125,5.8158,17.0596,-2.3051,-0.0355,0.1717,-0.1338
36711994,-0.0012,-0.0053,-0.2297,0.1264,-0.0478,0.1489,-0.0454,-0.1090,-0.1926,-0.1926,-0.3997,-0.0866,1.0538,0.5284,-2.2101,5.8213,17.0620,-2.3140,-0.0114,0.1538,-0.1262
36716994,-0.0021,-0.0046,-0.1616,0.1735,-0.0246,0.1315,-0.0704,-0.0639,-0.1947,-0.1947,-0.4218,0.0951,2.0738,-0.3198,-1.3274,5.8293,17.0599,-2.3232,0.0213,0.1085,-0.1172
36721994,-0.0030,-0.0035,-0.1478,0.1967,0.0481,0.1452,-0.1023,-0.0373,-0.1976,-0.1976,-0.5745,0.2041,4.3213,-0.4712,-0.3808,5.8543,17.0580,-2.3250,0.0541,0.0642,-0.1111
36726994,-0.0036,-0.0029,-0.1625,0.1573,-0.0007,0.1622,-0.1071,-0.0552,-0.1997,-0.1997,-0.4165,0.2746,2.4274,-1.1527,0.3535,5.8637,17.0520,-2.3235,0.1249,0.0224,-0.0681
36731994,-0.0040,-0.0022,-0.0568,0.1558,-0.1476,0.1068,-0.0992,-0.0247,-0.2009,-0.2009,-0.2360,0.3445,1.6324,-1.5757,0.8501,5.8737,17.0456,-2.3195,0.1486,0.0021,-0.0544
36736994,-0.0041,-0.0017,0.0101,0.1231,-0.1932,0.0711,-0.0775,-0.0160,-0.2023,-0.2023,-0.2791,0.3752,2.1181,-2.7232,0.5186,5.8818,17.0317,-2.3162,0.1464,-0.0304,-0.0461
36741994,-0.0034,-0.0013,0.1594,0.0550,-0.1651,-0.0240,-0.0032,0.0081,-0.2029,-0.2029,-0.1325,0.5569,1.5036,-4.9769,1.4795,5.8925,17.0121,-2.3105,0.1271,-0.0434,-0.0233
36746994,-0.0028,-0.0011,0.1607,0.0617,-0.1513,-0.0379,-0.0022,0.0226,-0.2026,-0.2026,0.0647,0.4107,0.9306,-2.3813,2.1057,5.8962,16.9942,-2.2978,0.0936,-0.0825,-0.0011
36751994,-0.0018,-0.0012,0.2297,-0.0367,-0.0288,-0.0929,0.0823,0.0073,-0.2009,-0.2009,0.3287,0.1006,0.1130,0.3350,2.0981,5.8983,16.9958,-2.2891,0.0512,-0.0485,0.0118
36756994,-0.0009,-0.0016,0.1970,-0.1057,-0.1128,-0.0959,0.1206,-0.0378,-0.1991,-0.1991,0.3746,-0.1428,-0.1207,2.0983,1.6199,5.8977,17.0079,-2.2787,0.0058,0.0039,0.0143
36761994,0.0002,-0.0026,0.2092,-0.2141,-0.2014,-0.1280,0.2001,-0.0955,-0.1968,-0.1968,0.4518,-0.3895,-1.1730,2.6571,0.4026,5.8923,17.0183,-2.2767,-0.0164,0.0264,0.0008
36766994,0.0007,-0.0035,0.0715,-0.2007,-0.1360,-0.0620,0.1829,-0.1366,-0.1941,-0.1941,0.5486,-0.7027,-3.2298,5.3122,-1.1429,5.8798,17.0459,-2.2816,-0.0456,0.0522,-0.0196
36771994,0.0013,-0.0046,0.0892,-0.2309,-0.0093,-0.0784,0.2300,-0.1545,-0.1915,-0.1915,0.5117,-0.9014,-1.9921,7.0286,-1.5912,5.8644,17.0757,-2.2880,-0.0878,0.0824,-0.0695
