Time_us,Roll,Pitch,GyroX,GyroY,GyroZ,T1,T2,T3,PhiX,PhiY,PhiDX,PhiDY,motor_vel_1,motor_vel_2,motor_vel_3,motor_pos_1,motor_pos_2,motor_pos_3,motor_torq_1,motor_torq_2,motor_torq_3
152498436,-0.0011,-0.0970,-0.0113,0.0403,-0.0328,0.0250,0.2300,-0.2300,-0.0001,-0.0001,-0.0133,0.0419,0.0127,-0.0206,0.0000,25.7593,-24.8282,-25.2565,-0.0472,-0.0012,-0.0046
152501995,-0.0012,-0.0970,-0.0122,0.0357,-0.0426,0.0272,0.2300,-0.2300,-0.0001,-0.0001,-0.0111,0.0365,-0.0086,-0.0017,0.0078,25.7593,-24.8281,-25.2564,0.0028,0.0064,-0.0017
152506994,-0.0015,-0.0970,-0.0183,0.0345,-0.0414,0.0359,0.2300,-0.2300,-0.0005,-0.0005,-0.0764,-0.0366,0.6581,0.4894,-0.4256,25.7618,-24.8265,-25.2582,0.0238,0.0222,-0.0366
152511996,-0.0016,-0.0967,-0.0153,0.0278,-0.0429,0.0357,0.2300,-0.2300,-0.0004,-0.0004,0.0156,-0.3510,0.6184,3.4925,-1.3804,25.7645,-24.8101,-25.2639,0.0318,0.0465,-0.0558
152516994,-0.0016,-0.0967,0.0156,-0.0058,-0.0401,0.0183,0.2300,-0.2300,0.0001,0.0001,0.1070,-0.4583,0.3926,4.4443,-1.3760,25.7680,-24.7905,-25.2725,0.0387,0.1163,-0.1064
152521996,-0.0017,-0.0967,-0.0034,0.0360,-0.1525,0.0269,0.2300,-0.2300,0.0005,0.0005,0.0683,-0.3490,0.2236,3.5854,-1.3667,25.7688,-24.7703,-25.2779,0.0208,0.1343,-0.1500
152526996,-0.0018,-0.0964,0.0367,0.0678,-0.1983,0.0029,0.2300,-0.2300,0.0011,0.0011,0.1180,-0.3157,0.0548,3.5057,-1.4265,25.7693,-24.7563,-25.2858,0.0252,0.1761,-0.1696
152531996,-0.0020,-0.0957,-0.0003,0.1555,-0.1400,0.0313,0.2300,-0.2300,0.0013,0.0013,0.0417,-0.2875,0.5042,3.9118,-1.7861,25.7714,-24.7340,-25.2928,0.0121,0.2100,-0.2086
152536994,-0.0019,-0.0949,0.0189,0.2123,-0.1464,0.0173,0.2300,-0.2300,0.0016,0.0016,0.0654,-0.3531,0.3910,4.6280,-2.6436,25.7742,-24.7156,-25.3073,0.0201,0.2221,-0.2236
152541996,-0.0022,-0.0935,-0.0272,0.2514,-0.1767,0.0485,0.2300,-0.2300,0.0014,0.0014,-0.0451,-0.4535,1.2827,5.7365,-3.3293,25.7788,-24.6823,-25.3207,0.0176,0.2229,-0.2227
152546994,-0.0023,-0.0921,-0.0281,0.2556,-0.1965,0.0506,0.2300,-0.2300,0.0011,0.0011,-0.0459,-0.5647,1.2251,6.4149,-4.1357,25.7866,-24.6566,-25.3448,0.0282,0.2183,-0.2216
152551996,-0.0026,-0.0909,-0.0269,0.2789,-0.2151,0.0551,0.2300,-0.2300,0.0007,0.0007,-0.0787,-0.6170,1.9513,7.2952,-4.2290,25.7940,-24.6136,-25.3618,0.0463,0.2210,-0.2277
152556995,-0.0030,-0.0895,-0.0382,0.3170,-0.2393,0.0682,0.2300,-0.2300,0.0005,0.0005,-0.0551,-0.6544,1.8482,8.0823,-4.4147,25.8064,-24.5818,-25.3880,0.0552,0.2164,-0.2290
152561996,-0.0033,-0.0880,-0.0003,0.3152,-0.2494,0.0501,0.2300,-0.2300,0.0010,0.0010,0.1104,-0.8079,1.6355,10.3462,-4.1055,25.8128,-24.5225,-25.4045,0.0669,0.2172,-0.2318
152566994,-0.0033,-0.0862,0.0541,0.3882,-0.2115,0.0193,0.2300,-0.2300,0.0021,0.0021,0.2141,-0.8068,1.9900,11.7825,-3.5964,25.8248,-24.4754,-25.4269,0.0527,0.2100,-0.2332
152571995,-0.0030,-0.0844,0.0956,0.3830,-0.2368,-0.0110,0.2300,-0.2300,0.0041,0.0041,0.4092,-0.9112,1.4067,13.6013,-3.0544,25.8305,-24.3953,-25.4391,0.0479,0.2095,-0.2340
152576994,-0.0023,-0.0823,0.1274,0.4087,-0.2726,-0.0447,0.2300,-0.2300,0.0070,0.0070,0.5700,-0.8748,0.4362,13.9900,-2.5233,25.8342,-24.3394,-25.4543,0.0121,0.2182,-0.2347
152581996,-0.0015,-0.0805,0.1393,0.4056,-0.2823,-0.0664,0.2300,-0.2300,0.0104,0.0104,0.6815,-0.9237,-0.2994,14.6508,-2.4490,25.8331,-24.2511,-25.4639,-0.0231,0.2214,-0.2299
152586995,-0.0010,-0.0784,0.0874,0.4423,-0.2900,-0.0466,0.2300,-0.2300,0.0139,0.0139,0.7117,-0.9247,-1.5938,14.4409,-3.1389,25.8232,-24.1933,-25.4817,-0.0411,0.2319,-0.2274
152591996,-0.0004,-0.0762,0.1087,0.4866,-0.2240,-0.0667,0.2300,-0.2300,0.0168,0.0168,0.5682,-0.9747,0.0458,14.8703,-3.9199,25.8234,-24.1041,-25.4972,-0.0670,0.2340,-0.2198
152596994,-0.0004,-0.0737,0.0412,0.4759,-0.2420,-0.0277,0.2300,-0.2300,0.0181,0.0181,0.2705,-1.1413,1.1312,14.3223,-6.4718,25.8297,-24.0465,-25.5330,-0.0704,0.2326,-0.2063
152601994,-0.0002,-0.0713,0.0425,0.5223,-0.3877,-0.0369,0.2300,-0.2300,0.0190,0.0190,0.1648,-1.1421,0.6531,12.8444,-8.5560,25.8326,-23.9682,-25.5672,-0.0603,0.2392,-0.2064
152606994,-0.0006,-0.0687,-0.1072,0.5162,-0.3697,0.0604,0.2300,-0.2300,0.0179,0.0179,-0.2040,-1.2074,1.2147,11.2516,-10.9109,25.8386,-23.9228,-25.6290,-0.0388,0.2464,-0.2021
152611996,-0.0014,-0.0662,-0.1735,0.5397,-0.4118,0.1126,0.2300,-0.2300,0.0158,0.0158,-0.4292,-1.2941,1.4558,10.3568,-13.2218,25.8444,-23.8615,-25.6817,-0.0194,0.2368,-0.1978
152616996,-0.0027,-0.0635,-0.2373,0.5843,-0.4063,0.1746,0.2300,-0.2300,0.0125,0.0125,-0.6510,-1.4353,2.3728,10.6890,-15.2764,25.8576,-23.8186,-25.7714,-0.0014,0.2282,-0.2123
152621996,-0.0044,-0.0601,-0.3015,0.6457,-0.4567,0.2300,0.2300,-0.2300,0.0081,0.0081,-0.8920,-1.4642,3.3105,10.2131,-16.9094,25.8705,-23.7570,-25.8387,0.0370,0.2336,-0.2099
152626994,-0.0063,-0.0572,-0.3314,0.5919,-0.4873,0.2300,0.2300,-0.2300,0.0018,0.0018,-1.2662,-1.6799,6.7476,10.9171,-18.2931,25.9066,-23.7137,-25.9505,0.0714,0.2212,-0.2259
152631996,-0.0083,-0.0541,-0.3470,0.6509,-0.3786,0.2300,0.2300,-0.2300,-0.0032,-0.0032,-0.9905,-1.6712,5.7222,13.5416,-16.3264,25.9305,-23.6360,-26.0156,0.1158,0.2055,-0.2444
152636994,-0.0098,-0.0508,-0.2392,0.6781,-0.3889,0.2300,0.2300,-0.2300,-0.0055,-0.0055,-0.4640,-1.5305,5.0205,16.9287,-11.5113,25.9610,-23.5692,-26.0919,0.1550,0.1828,-0.2741
152641995,-0.0104,-0.0472,-0.0779,0.7303,-0.1678,0.2267,0.2300,-0.2300,-0.0046,-0.0046,0.1923,-1.6955,5.0856,24.1164,-7.1685,25.9812,-23.4325,-26.1207,0.1919,0.1776,-0.2837
152646995,-0.0098,-0.0432,0.1549,0.8286,-0.0618,0.0819,0.2236,-0.2300,-0.0005,-0.0005,0.8182,-1.6760,5.4853,29.5466,-2.7870,26.0134,-23.3152,-26.1399,0.2118,0.1583,-0.2744
152651994,-0.0084,-0.0391,0.3146,0.8164,-0.1843,-0.0429,0.2229,-0.2013,0.0064,0.0064,1.3769,-2.3272,5.6264,38.3316,-2.2313,26.0364,-23.0936,-26.1485,0.2151,0.1248,-0.2438
152656994,-0.0074,-0.0359,0.1665,0.6371,-0.4784,0.0157,0.2164,-0.2300,0.0120,0.0120,1.1234,-2.5181,5.8602,37.3805,-3.3108,26.0705,-22.9404,-26.1664,0.1710,0.1693,-0.2043
152661996,-0.0059,-0.0324,0.2899,0.7010,-0.6855,-0.0926,0.1716,-0.1584,0.0176,0.0176,1.1179,-2.4673,6.9062,37.0112,-3.8212,26.0981,-22.7236,-26.1820,0.1433,0.1865,-0.1987
152666994,-0.0049,-0.0288,0.2385,0.7581,-0.4668,-0.0720,0.0880,-0.0701,0.0229,0.0229,1.0607,-2.5440,6.6848,37.5119,-5.0239,26.1389,-22.5723,-26.2098,0.1093,0.1743,-0.2083
152671995,-0.0048,-0.0248,0.0052,0.7697,-0.6266,0.0576,-0.0550,-0.0752,0.0254,0.0254,0.5017,-2.2170,7.1100,32.1646,-6.3025,26.1668,-22.3705,-26.2352,0.0570,0.2030,-0.1730
152676995,-0.0032,-0.0206,0.2825,0.8693,-0.8092,-0.1397,-0.0841,0.1300,0.0296,0.0296,0.8289,-1.8858,7.9436,32.0317,-3.4401,26.2152,-22.2442,-26.2619,0.0473,0.1309,-0.1733
152681996,-0.0016,-0.0158,0.3656,0.9792,-0.4341,-0.2046,-0.1618,0.2300,0.0357,0.0357,1.2164,-1.6555,7.0289,33.6815,-0.2227,26.2436,-22.0408,-26.2625,0.0544,0.1012,-0.1443
152686994,-0.0001,-0.0110,0.3427,0.9722,-0.7322,-0.2299,-0.2300,0.2300,0.0415,0.0415,1.1770,-1.4043,6.4351,31.1530,0.5940,26.2820,-21.9150,-26.2599,0.0054,0.1038,-0.0836
152691996,0.0029,-0.0061,0.5760,0.9627,-1.0135,-0.2300,-0.2291,0.2300,0.0477,0.0477,1.2354,-0.8732,5.7684,24.9637,1.3942,26.3056,-21.7572,-26.2544,-0.0107,0.0796,-0.0615
152696994,0.0054,-0.0012,0.4905,0.9658,-0.8785,-0.2300,-0.2300,0.2300,0.0539,0.0539,1.2406,-0.2384,2.3755,18.4537,3.0224,26.3245,-21.6824,-26.2388,-0.0356,0.0756,-0.0234
152701996,0.0074,0.0037,0.3442,1.0208,-0.9754,-0.2300,-0.2300,0.2300,0.0573,0.0573,0.6839,0.7152,2.8981,8.5997,4.7185,26.3345,-21.6224,-26.2201,-0.1087,0.0534,0.0110
152706996,0.0085,0.0092,0.1881,1.1448,-0.7924,-0.2300,-0.2300,0.2300,0.0595,0.0595,0.4251,1.2685,3.3117,5.0805,6.7233,26.3549,-21.6026,-26.1810,-0.1280,-0.0230,0.0364
152711994,0.0093,0.0148,0.1677,1.1524,-0.5019,-0.2300,-0.2300,0.2300,0.0607,0.0607,0.2476,1.6000,2.3681,0.3176,6.1063,26.3647,-21.5943,-26.1562,-0.1573,-0.0724,0.0973
152716994,0.0093,0.0202,0.0238,1.1057,-0.7448,-0.2129,-0.2300,0.2300,0.0624,0.0624,0.3383,1.5081,-0.1305,0.7257,5.9252,26.3670,-21.5934,-26.1205,-0.1892,-0.1340,0.1439
152721994,0.0102,0.0251,0.1750,0.9490,-0.6999,-0.2300,-0.2300,0.2300,0.0664,0.0664,0.7957,1.2285,-3.9513,1.1439,4.7462,26.3531,-21.5878,-26.1008,-0.1769,-0.1824,0.1736
152726994,0.0110,0.0291,0.1466,0.7831,-0.6379,-0.2300,-0.2300,0.2300,0.0742,0.0742,1.5668,1.0137,-13.5193,0.9268,3.8533,26.2825,-21.5840,-26.0786,-0.1538,-0.2176,0.2060
152731996,0.0124,0.0326,0.2379,0.6900,-0.6883,-0.2300,-0.2300,0.2300,0.0851,0.0851,2.1680,1.0022,-19.6978,0.0165,3.9531,26.2038,-21.5827,-26.0627,-0.1516,-0.2240,0.2328
152736994,0.0137,0.0354,0.2059,0.5431,-0.5258,-0.2300,-0.2300,0.2300,0.0999,0.0999,2.9687,0.8572,-29.1463,0.0008,3.9004,26.0390,-21.5828,-26.0392,-0.1549,-0.2285,0.2336
152741996,0.0149,0.0376,0.1967,0.4346,-0.3929,-0.2300,-0.2300,0.2300,0.1179,0.1179,3.6058,0.7730,-36.3673,-0.0323,4.1250,25.8938,-21.5829,-26.0229,-0.1486,-0.2292,0.2271
152746994,0.0158,0.0393,0.1164,0.3659,-0.4711,-0.2300,-0.2300,0.2300,0.1387,0.1387,4.1475,0.7821,-43.0244,-0.1320,4.9760,25.6375,-21.5832,-25.9942,-0.0540,-0.2273,0.2216
152751996,0.0167,0.0411,0.1857,0.3775,-0.5374,-0.2300,-0.2300,0.2300,0.1600,0.1600,4.2658,0.9513,-43.8228,-1.3434,5.7695,25.4619,-21.5895,-25.9714,-0.0263,-0.2191,0.2195
152756994,0.0175,0.0431,0.1524,0.4618,-0.2891,-0.2300,-0.2300,0.2300,0.1787,0.1787,3.7425,1.1748,-38.2936,-2.2376,6.6919,25.2250,-21.5985,-25.9316,-0.1441,-0.2192,0.2230
152761995,0.0189,0.0445,0.2379,0.2978,-0.0172,-0.2300,-0.2300,0.2300,0.1975,0.1975,3.7504,0.9880,-38.1801,-2.7882,5.8192,25.0736,-21.6155,-25.9078,-0.1245,-0.2239,0.2408
152766994,0.0196,0.0466,0.1439,0.3842,-0.0175,-0.2300,-0.2300,0.2300,0.2143,0.2143,3.3784,0.9895,-35.9177,-3.0574,4.4532,24.8523,-21.6275,-25.8803,-0.1718,-0.2255,0.2408
152771995,0.0195,0.0480,0.0000,0.3161,0.2601,-0.2300,-0.2300,0.2300,0.2279,0.2279,2.7168,1.0611,-31.5346,-5.3629,3.9590,24.7249,-21.6563,-25.8644,-0.2416,-0.2109,0.2412
152776994,0.0194,0.0489,0.0415,0.1939,0.3297,-0.2300,-0.2300,0.2300,0.2407,0.2407,2.5461,0.8526,-30.8787,-6.4482,1.7427,24.5403,-21.6828,-25.8513,-0.2438,-0.2154,0.2485
152781995,0.0190,0.0499,-0.0428,0.2187,0.3972,-0.2300,-0.2300,0.2300,0.2524,0.2524,2.3422,0.8884,-30.7261,-7.6468,0.6767,24.4175,-21.7256,-25.8490,-0.2425,-0.2166,0.2458
152786994,0.0188,0.0508,0.0296,0.1747,0.5845,-0.2300,-0.2300,0.2300,0.2640,0.2640,2.3343,0.9571,-31.0295,-9.5013,0.2533,24.2310,-21.7639,-25.8471,-0.2275,-0.2116,0.2352
152791994,0.0183,0.0520,-0.0342,0.2492,0.7060,-0.2300,-0.2300,0.2300,0.2745,0.2745,2.0937,1.1766,-29.7985,-11.1571,0.4686,24.1112,-21.8291,-25.8454,-0.2197,-0.2177,0.2325
152796994,0.0185,0.0530,0.0315,0.1952,0.9589,-0.2300,-0.2300,0.2300,0.2864,0.2864,2.3729,1.2142,-33.2163,-12.6485,0.1143,23.9184,-21.8794,-25.8443,-0.2079,-0.2130,0.2325
152801996,0.0177,0.0539,-0.0855,0.1491,0.9186,-0.2300,-0.2300,0.2300,0.2993,0.2993,2.5813,1.2817,-37.7434,-14.1363,0.0593,23.7679,-21.9635,-25.8443,-0.1737,-0.2211,0.2312
152806994,0.0171,0.0547,-0.0861,0.1103,0.7751,-0.2300,-0.2300,0.2300,0.3141,0.3141,2.9611,1.3605,-42.8451,-15.5958,0.0796,23.5143,-22.0253,-25.8440,-0.0474,-0.2065,0.2298
152811995,0.0161,0.0548,-0.1222,0.0357,0.7980,-0.2016,-0.2300,0.2300,0.3287,0.3287,2.9241,1.3084,-43.0209,-15.9248,0.0574,23.3412,-22.1231,-25.8437,-0.0656,-0.2199,0.2311
152816994,0.0157,0.0545,-0.0305,-0.0965,0.9965,-0.2300,-0.2300,0.2300,0.3437,0.3437,2.9977,1.1073,-42.4153,-15.1166,-0.0007,23.0864,-22.1832,-25.8438,-0.0485,-0.2310,0.2305
152821996,0.0152,0.0538,-0.0458,-0.1878,0.9373,-0.2256,-0.2300,0.2300,0.3590,0.3590,3.0548,1.0319,-43.3226,-15.3157,0.0079,22.9124,-22.2741,-25.8438,-0.0926,-0.2250,0.2299
152826994,0.0141,0.0537,-0.1451,0.0192,1.2686,-0.1310,-0.2300,0.2300,0.3686,0.3686,1.9184,1.2688,-31.7899,-15.7948,0.0007,22.7082,-22.3366,-25.8437,-0.2129,-0.2219,0.2298
152831996,0.0137,0.0524,-0.0293,-0.2269,1.4660,-0.1831,-0.2300,0.2300,0.3786,0.3786,1.9975,1.2172,-32.6873,-18.3057,-0.0179,22.5800,-22.4456,-25.8438,-0.1892,-0.2194,0.2305
152836994,0.0125,0.0523,-0.1784,-0.0681,1.1474,-0.0865,-0.2300,0.2300,0.3874,0.3874,1.7667,1.3768,-31.7161,-18.2893,0.0378,22.3817,-22.5184,-25.8438,-0.2242,-0.2289,0.2287
152841996,0.0107,0.0520,-0.3030,-0.0214,1.4482,0.0337,-0.2300,0.2300,0.3937,0.3937,1.2560,1.6252,-28.5448,-20.7618,0.1993,22.2687,-22.6388,-25.8429,-0.2078,-0.2041,0.2284
152846994,0.0091,0.0511,-0.1915,-0.1726,1.6147,0.0026,-0.2300,0.2300,0.4004,0.4004,1.3409,1.5060,-28.7774,-21.4997,-0.1028,22.0958,-22.7255,-25.8435,-0.1450,-0.2268,0.2322
152851996,0.0075,0.0500,-0.2789,-0.2483,1.4598,0.0775,-0.2300,0.2300,0.4068,0.4068,1.2776,1.3463,-28.4950,-20.4699,-0.1143,21.9814,-22.8469,-25.8440,-0.1060,-0.2390,0.2298
152856996,0.0056,0.0483,-0.2981,-0.3738,1.7295,0.1344,-0.2300,0.2300,0.4124,0.4124,1.1215,1.4109,-28.0731,-22.8116,0.0211,21.8132,-22.9378,-25.8441,-0.0837,-0.2054,0.2293
152861995,0.0038,0.0462,-0.3256,-0.4224,1.7014,0.1825,-0.2300,0.2300,0.4174,0.4174,1.0072,1.4486,-27.7434,-24.0437,-0.0656,21.7018,-23.0819,-25.8443,-0.0361,-0.2175,0.2298
152866994,0.0018,0.0437,-0.3076,-0.4578,1.5240,0.2018,-0.2300,0.2300,0.4210,0.4210,0.7216,1.4522,-24.4526,-24.4988,0.0235,21.5504,-23.1797,-25.8441,-0.0118,-0.2216,0.2298
152871996,-0.0000,0.0415,-0.3018,-0.3882,1.6730,0.2300,-0.2300,0.2300,0.4232,0.4232,0.4318,1.5368,-21.1927,-24.7294,0.0229,21.4648,-23.3277,-25.8440,-0.0020,-0.2284,0.2302
152876994,-0.0019,0.0396,-0.2935,-0.4026,1.6895,0.2300,-0.2300,0.2300,0.4230,0.4230,-0.0418,1.5618,-15.9991,-25.2678,0.0217,21.3631,-23.4292,-25.8440,0.0373,-0.2273,0.2302
152881996,-0.0040,0.0370,-0.3723,-0.5501,1.6147,0.2300,-0.2300,0.2259,0.4204,0.4204,-0.5075,1.4211,-11.7136,-25.4411,-0.0343,21.3156,-23.5815,-25.8441,0.0725,-0.2271,0.2301
152886994,-0.0062,0.0336,-0.3567,-0.6836,1.5970,0.2300,-0.2300,0.0888,0.4163,0.4163,-0.8246,1.2733,-7.8280,-25.2709,-0.0264,21.2662,-23.6824,-25.8442,0.1185,-0.2210,0.2269
152891994,-0.0082,0.0296,-0.3131,-0.7862,1.4217,0.2300,-0.1862,-0.0388,0.4109,0.4109,-1.0879,1.2254,-4.6678,-25.9619,0.0049,21.2475,-23.8380,-25.8441,0.1470,-0.2292,0.2143
152896994,-0.0094,0.0255,-0.2505,-0.8234,1.3939,0.2300,-0.0974,-0.1174,0.4037,0.4037,-1.4386,1.2002,-0.0591,-26.1156,0.0051,21.2429,-23.9420,-25.8442,0.1973,-0.2274,0.1716
152901996,-0.0109,0.0211,-0.2999,-0.8189,1.3697,0.2300,-0.0598,-0.2129,0.3961,0.3961,-1.5188,1.1612,0.6051,-25.5670,0.0036,21.2456,-24.0983,-25.8442,0.2172,-0.2008,0.1497
152906994,-0.0127,0.0168,-0.3763,-0.8125,1.2305,0.2300,-0.0391,-0.2300,0.3883,0.3883,-1.5469,1.0027,1.1543,-23.4742,-0.0195,21.2522,-24.1920,-25.8442,0.2242,-0.1638,0.1083
152911995,-0.0148,0.0124,-0.3793,-0.8625,1.0753,0.2300,0.0303,-0.2300,0.3812,0.3812,-1.4363,0.7547,1.1774,-20.9611,-0.0460,21.2570,-24.3202,-25.8444,0.2279,-0.1426,0.0665
152916994,-0.0163,0.0077,-0.2599,-0.9200,0.9690,0.2300,0.1514,-0.2300,0.3747,0.3747,-1.2972,0.5783,1.6108,-19.5820,-0.1953,21.2655,-24.3986,-25.8454,0.2267,-0.1021,0.0458
152921996,-0.0174,0.0029,-0.1704,-0.9416,0.9449,0.2300,0.2300,-0.2300,0.3687,0.3687,-1.1873,0.3869,2.2738,-17.6308,-0.4347,21.2746,-24.5075,-25.8471,0.2229,-0.0638,0.0048
152926994,-0.0182,-0.0021,-0.1277,-0.9701,0.9232,0.2300,0.2300,-0.2300,0.3630,0.3630,-1.1396,0.1001,2.8052,-15.4065,-1.5411,21.2913,-24.5694,-25.8542,0.2265,-0.0439,-0.0288
152931994,-0.0186,-0.0073,-0.1286,-0.9975,0.8096,0.2300,0.2300,-0.2300,0.3578,0.3578,-1.0428,-0.2813,3.0020,-11.8565,-2.5597,21.3032,-24.6438,-25.8646,0.2271,-0.0095,-0.0486
152936994,-0.0192,-0.0125,-0.1561,-0.9878,0.6275,0.2300,0.2300,-0.2300,0.3528,0.3528,-0.9964,-0.4552,3.1887,-9.6720,-2.7512,21.3222,-24.6828,-25.8812,0.2301,0.0320,-0.0980
152941995,-0.0197,-0.0176,-0.1417,-0.9679,0.5313,0.2300,0.2300,-0.2300,0.3491,0.3491,-0.7498,-0.8551,3.0743,-4.4688,-2.9834,21.3346,-24.7167,-25.8931,0.2361,0.0605,-0.1420
152946994,-0.0202,-0.0226,-0.0583,-0.9691,0.4754,0.2300,0.2300,-0.2300,0.3467,0.3467,-0.4881,-0.9976,1.7559,-2.9002,-3.2304,21.3466,-24.7261,-25.9123,0.2396,0.1140,-0.1626
152951994,-0.0203,-0.0271,-0.0070,-0.8732,0.2674,0.2300,0.2300,-0.2300,0.3455,0.3455,-0.2359,-1.1703,0.9433,0.2744,-3.5268,21.3501,-24.7279,-25.9264,0.2391,0.1509,-0.2030
152956994,-0.0199,-0.0313,0.0990,-0.8332,0.1159,0.2300,0.2300,-0.2300,0.3453,0.3453,-0.0388,-1.2537,0.5565,1.7072,-3.6883,21.3533,-24.7222,-25.9483,0.2337,0.1668,-0.2293
152961996,-0.0194,-0.0350,0.1341,-0.6982,0.1272,0.2300,0.2300,-0.2300,0.3462,0.3462,0.1785,-1.4690,0.6742,6.1819,-3.7547,21.3561,-24.6869,-25.9633,0.2293,0.1961,-0.2299
152966994,-0.0185,-0.0381,0.1677,-0.5815,0.0072,0.2300,0.2300,-0.2300,0.3471,0.3471,0.1835,-1.6657,2.0449,9.3162,-4.6758,21.3672,-24.6498,-25.9900,0.2224,0.1865,-0.2243
152971995,-0.0176,-0.0411,0.1634,-0.5345,-0.1339,0.2196,0.2300,-0.2300,0.3485,0.3485,0.2737,-2.0135,2.8992,13.8581,-5.2439,21.3786,-24.5713,-26.0110,0.2203,0.1872,-0.2260
152976994,-0.0171,-0.0435,0.1283,-0.5134,-0.2506,0.2254,0.2300,-0.2300,0.3495,0.3495,0.2175,-2.1890,4.4480,16.5272,-5.1299,21.4033,-24.5051,-26.0422,0.2135,0.2026,-0.2293
152981994,-0.0164,-0.0464,0.1582,-0.5409,-0.3398,0.1914,0.2300,-0.2300,0.3513,0.3513,0.3483,-2.4538,5.3308,20.1767,-4.5603,21.4246,-24.3875,-26.0605,0.2141,0.1951,-0.2384
152986994,-0.0155,-0.0488,0.1524,-0.4954,-0.3966,0.1770,0.2300,-0.2300,0.3528,0.3528,0.2959,-2.3467,6.5644,20.5650,-3.3898,21.4627,-24.3229,-26.0820,0.1957,0.2130,-0.2391
152991996,-0.0145,-0.0510,0.2275,-0.3971,-0.4708,0.1116,0.2300,-0.2300,0.3552,0.3552,0.4828,-2.4019,6.9782,23.3100,-2.6335,21.4909,-24.1685,-26.0927,0.1796,0.2004,-0.2397
152996994,-0.0133,-0.0527,0.2773,-0.3073,-0.4974,0.0591,0.2300,-0.2300,0.3584,0.3584,0.6389,-2.3648,7.1637,25.0957,-1.5278,21.5333,-24.0683,-26.1027,0.1596,0.2018,-0.2388
153001996,-0.0119,-0.0543,0.3375,-0.2792,-0.6440,-0.0084,0.2300,-0.2300,0.3624,0.3624,0.8110,-2.4966,7.2690,27.5504,-1.1247,21.5626,-23.9036,-26.1073,0.1248,0.2162,-0.2359
153006994,-0.0101,-0.0558,0.3525,-0.2984,-0.8165,-0.0558,0.2300,-0.2300,0.3665,0.3665,0.8166,-2.4442,7.1061,26.8109,-0.9156,21.6053,-23.7966,-26.1126,0.1022,0.2228,-0.2332
153011996,-0.0089,-0.0574,0.2547,-0.3326,-0.9366,-0.0249,0.2300,-0.2300,0.3693,0.3693,0.5504,-2.2277,7.1332,23.2702,-1.2021,21.6336,-23.6517,-26.1173,0.0555,0.2490,-0.2286
153016994,-0.0078,-0.0589,0.2361,-0.2822,-1.0374,-0.0372,0.2300,-0.2300,0.3712,0.3712,0.3925,-2.1288,8.1806,22.4621,-1.3743,21.6816,-23.5820,-26.1256,0.0101,0.2484,-0.2288
153021994,-0.0072,-0.0601,0.2184,-0.2129,-0.9799,-0.0363,0.2300,-0.2300,0.3731,0.3731,0.3842,-2.0418,7.9516,22.2202,-1.3791,21.7138,-23.4286,-26.1311,-0.0036,0.2325,-0.2284
153026994,-0.0062,-0.0609,0.2477,-0.1298,-0.9635,-0.0703,0.2300,-0.2300,0.3763,0.3763,0.6362,-2.1133,6.0572,23.7919,-1.7827,21.7528,-23.3341,-26.1417,-0.0255,0.2139,-0.2272
153031996,-0.0045,-0.0613,0.4108,-0.1078,-0.8123,-0.1926,0.2300,-0.2300,0.3814,0.3814,1.0119,-2.3906,5.6787,27.7898,-1.6203,21.7751,-23.1702,-26.1481,-0.0510,0.2129,-0.2275
153036996,-0.0032,-0.0622,0.2770,-0.1451,-0.8688,-0.1397,0.2300,-0.2300,0.3857,0.3857,0.8668,-2.5852,4.8121,27.7394,-3.6730,21.8051,-23.0580,-26.1657,-0.0694,0.2289,-0.2146
153041994,-0.0021,-0.0626,0.2575,-0.0925,-1.2243,-0.1610,0.2300,-0.2300,0.3888,0.3888,0.6244,-2.4950,4.7610,24.8355,-6.0758,21.8239,-22.9056,-26.1899,-0.1190,0.2491,-0.1986
153046994,-0.0010,-0.0633,0.2498,-0.1057,-1.0804,-0.1711,0.2300,-0.2300,0.3916,0.3916,0.5604,-2.6648,3.1086,23.4145,-9.4968,21.8455,-22.8328,-26.2428,-0.1490,0.2591,-0.2007
153051994,-0.0003,-0.0632,0.1600,0.0470,-0.9183,-0.1247,0.2300,-0.2300,0.3928,0.3928,0.2384,-2.5474,2.4221,20.1896,-13.1702,21.8547,-22.6911,-26.2941,-0.1617,0.2435,-0.1805
153056994,0.0000,-0.0628,0.1124,0.1197,-1.0215,-0.1050,0.2300,-0.2300,0.3921,0.3921,-0.1441,-3.0437,1.7710,19.2402,-21.4345,21.8665,-22.6139,-26.4135,-0.1534,0.2509,-0.1652
153061996,-0.0002,-0.0625,-0.0214,0.0736,-1.1128,-0.0247,0.2300,-0.2300,0.3891,0.3891,-0.5980,-3.3423,1.5735,16.9142,-27.0072,21.8725,-22.5106,-26.5215,-0.1159,0.2572,-0.1549
153066996,-0.0011,-0.0625,-0.1445,-0.0031,-1.3077,0.0583,0.2300,-0.2300,0.3829,0.3829,-1.2463,-3.9772,2.3609,15.2125,-35.8782,21.8855,-22.4493,-26.7268,-0.1013,0.2519,-0.1491
153071996,-0.0029,-0.0627,-0.3152,-0.0061,-1.3572,0.1908,0.2300,-0.2300,0.3739,0.3739,-1.8073,-4.3041,3.6372,14.0947,-41.1409,21.8999,-22.3650,-26.8916,-0.0678,0.2345,-0.1018
153076994,-0.0045,-0.0621,-0.2556,0.0858,-0.9399,0.2007,0.2300,-0.2300,0.3653,0.3653,-1.7032,-3.8882,5.2111,14.2222,-36.8438,21.9301,-22.3206,-27.1185,-0.0219,0.2290,-0.1902
153081995,-0.0072,-0.0614,-0.4530,0.1723,-0.9430,0.2300,0.2300,-0.2300,0.3559,0.3559,-1.8941,-3.9119,5.8282,15.6664,-36.8045,21.9533,-22.2160,-27.2654,-0.0009,0.2203,-0.1815
153086994,-0.0083,-0.0612,-0.1326,0.0415,-0.9030,0.1974,0.2300,-0.2300,0.3499,0.3499,-1.1967,-3.5404,7.5416,18.6902,-27.3637,21.9959,-22.1262,-27.4452,0.0350,0.2004,-0.3015
153091994,-0.0090,-0.0595,-0.0791,0.3619,-0.4186,0.1951,0.2300,-0.2300,0.3472,0.3472,-0.5300,-3.2940,5.5293,24.1790,-22.8549,22.0211,-22.0304,-27.5340,0.1151,0.1873,-0.2758
153096994,-0.0092,-0.0591,0.0327,0.0779,-0.6055,0.1244,0.2300,-0.2300,0.3469,0.3469,-0.0633,-3.4745,3.9851,26.0074,-19.7086,22.0427,-21.8681,-27.6565,0.1198,0.2133,-0.2607
153101994,-0.0097,-0.0579,-0.0956,0.2294,-1.1006,0.1917,0.2300,-0.2300,0.3455,0.3455,-0.2819,-3.1277,3.9888,23.6957,-19.5037,22.0585,-21.7737,-27.7337,0.1319,0.2418,-0.2411
153106994,-0.0104,-0.0566,-0.1219,0.2841,-0.9421,0.2270,0.2300,-0.2300,0.3426,0.3426,-0.5906,-3.1988,5.1149,22.4130,-22.3930,22.0869,-21.6358,-27.8654,0.1322,0.2444,-0.2186
153111994,-0.0121,-0.0542,-0.2996,0.4481,-0.9836,0.2300,0.2300,-0.2300,0.3368,0.3368,-1.1560,-2.9739,7.8741,20.4464,-23.5790,22.1174,-21.5547,-27.9591,0.1350,0.2505,-0.2103
153116994,-0.0141,-0.0523,-0.3839,0.3613,-1.1553,0.2300,0.2300,-0.2300,0.3298,0.3298,-1.3999,-3.2077,11.3265,23.2183,-22.7437,22.1827,-21.4222,-28.1012,0.1826,0.2124,-0.2450
153121994,-0.0156,-0.0508,-0.2315,0.2935,-0.6464,0.2300,0.2300,-0.2300,0.3255,0.3255,-0.8638,-3.3497,12.0956,28.9830,-18.0127,22.2317,-21.3074,-28.1729,0.2268,0.1637,-0.2677
153126994,-0.0157,-0.0492,0.0086,0.3625,-0.4931,0.2300,0.2300,-0.2300,0.3257,0.3257,0.0554,-3.6471,11.9387,39.0567,-12.7481,22.3027,-21.0836,-28.2544,0.2232,0.1500,-0.2789
153131994,-0.0147,-0.0473,0.2618,0.3433,-0.8440,0.0806,0.2300,-0.2300,0.3291,0.3291,0.6676,-3.7686,11.6890,43.5802,-9.5677,22.3498,-20.9091,-28.2928,0.2372,0.0423,-0.2738
153136994,-0.0134,-0.0446,0.3274,0.5241,-0.8208,0.0185,0.2300,-0.2300,0.3342,0.3342,1.0278,-3.4570,9.9848,44.2823,-7.1668,22.4108,-20.6418,-28.3369,0.2217,0.0160,-0.2489
153141994,-0.0117,-0.0424,0.3977,0.4731,-0.6385,-0.0472,0.2300,-0.2300,0.3396,0.3396,1.0859,-3.6149,10.2149,45.0136,-7.7783,22.4514,-20.4619,-28.3673,0.1878,0.0120,-0.2298
153146994,-0.0104,-0.0395,0.2743,0.5596,-1.0102,-0.0110,0.2300,-0.2300,0.3418,0.3418,0.4351,-3.1294,10.6791,36.7915,-10.7976,22.5158,-20.2325,-28.4285,0.1480,0.1526,-0.2091
153151996,-0.0085,-0.0366,0.3751,0.5699,-1.0065,-0.1053,0.2300,-0.2300,0.3452,0.3452,0.6745,-3.2893,9.9124,38.6212,-11.1310,22.5559,-20.0792,-28.4740,0.1175,0.1109,-0.2335
153156994,-0.0078,-0.0344,0.1967,0.4661,-0.5914,0.0021,0.2300,-0.2300,0.3477,0.3477,0.4928,-2.9241,8.5802,34.1388,-9.5577,22.6078,-19.8614,-28.5327,0.0962,0.1843,-0.2369
153161994,-0.0066,-0.0314,0.2303,0.6420,-1.0065,-0.0543,0.1469,-0.2093,0.3490,0.3490,0.2778,-2.4259,9.1850,29.8068,-9.7187,22.6442,-19.7450,-28.5719,0.0362,0.2312,-0.2407
153166994,-0.0039,-0.0282,0.5898,0.6191,-1.0407,-0.2300,0.2300,-0.0416,0.3538,0.3538,0.9517,-2.3764,8.6448,32.3100,-6.2613,22.6998,-19.5521,-28.6138,0.0155,0.2098,-0.2379
153171994,-0.0020,-0.0244,0.3574,0.7886,-0.8941,-0.2088,0.0449,0.0602,0.3580,0.3580,0.8482,-1.8884,6.1686,29.1168,-5.3290,22.7240,-19.4338,-28.6346,-0.0007,0.2266,-0.2198
153176994,0.0008,-0.0204,0.5443,0.8225,-1.1696,-0.2300,0.0339,0.2105,0.3632,0.3632,1.0298,-1.5474,6.0352,26.8847,-3.5789,22.7579,-19.2746,-28.6602,-0.0663,0.2221,-0.1820
153181995,0.0027,-0.0165,0.3656,0.8192,-0.9439,-0.2300,-0.0525,0.2300,0.3680,0.3680,0.9568,-1.2901,4.7177,25.0062,-2.0845,22.7779,-19.1735,-28.6679,-0.0929,0.2223,-0.1254
153186994,0.0048,-0.0117,0.3937,0.9740,-1.0261,-0.2300,-0.1838,0.2300,0.3716,0.3716,0.7306,-0.8062,3.9758,19.2333,-3.6189,22.8008,-19.0543,-28.6875,-0.1221,0.2067,-0.0906
153191994,0.0067,-0.0070,0.3375,0.9578,-1.1751,-0.2300,-0.2300,0.2300,0.3749,0.3749,0.6487,-0.6164,3.4125,17.0166,-3.1784,22.8149,-18.9861,-28.7007,-0.1599,0.1568,-0.0624
153196994,0.0081,-0.0020,0.2593,0.9930,-0.9757,-0.2300,-0.2300,0.2300,0.3782,0.3782,0.6656,-0.1402,1.1826,12.9801,-1.5495,22.8244,-18.9050,-28.7109,-0.1946,0.1037,-0.0248
153201994,0.0091,0.0029,0.1906,1.0363,-0.9351,-0.2300,-0.2300,0.2300,0.3816,0.3816,0.6817,0.0617,-0.2173,11.4885,-1.0063,22.8231,-18.8589,-28.7146,-0.2156,0.0787,-0.0030
153206994,0.0101,0.0082,0.1506,1.0858,-0.8929,-0.2300,-0.2300,0.2300,0.3856,0.3856,0.8078,0.5285,-1.6214,9.2337,2.1072,22.8147,-18.8006,-28.7065,-0.2183,0.0320,0.0232
153211994,0.0107,0.0134,0.1048,1.0308,-0.7017,-0.2300,-0.2300,0.2300,0.3902,0.3902,0.9150,0.7807,-2.7279,7.8367,4.6620,22.8039,-18.7693,-28.6879,-0.2158,-0.0136,0.0557
153216994,0.0110,0.0186,0.0128,1.0379,-0.5884,-0.2300,-0.2300,0.2300,0.3946,0.3946,0.8777,1.1055,-4.3008,4.8420,5.7400,22.7791,-18.7356,-28.6497,-0.2169,-0.0302,0.0992
153221994,0.0111,0.0238,0.0195,1.0369,-0.5972,-0.2300,-0.2300,0.2300,0.3984,0.3984,0.7494,1.3098,-4.9484,1.4117,4.9259,22.7594,-18.7296,-28.6299,-0.2180,-0.0633,0.1611
153226994,0.0109,0.0288,-0.0864,0.9927,-0.4897,-0.1697,-0.2300,0.2300,0.4023,0.4023,0.7963,1.1061,-6.8600,2.2550,3.7093,22.7209,-18.7171,-28.6068,-0.2149,-0.1389,0.2063
153231994,0.0105,0.0332,-0.0712,0.8476,-0.2674,-0.1641,-0.2300,0.2300,0.4072,0.4072,0.9795,0.8721,-8.9213,2.6711,2.9728,22.6855,-18.7062,-28.5949,-0.2028,-0.1614,0.2273
153236994,0.0099,0.0369,-0.1121,0.7312,-0.2182,-0.1280,-0.2300,0.2300,0.4130,0.4130,1.1576,0.8412,-12.3670,1.2015,2.5809,22.6153,-18.6967,-28.5790,-0.1594,-0.1885,0.2364
153241994,0.0095,0.0399,-0.0748,0.5730,-0.2732,-0.1454,-0.2300,0.2300,0.4199,0.4199,1.3792,0.7279,-15.4684,-0.0459,1.8941,22.5539,-18.6974,-28.5712,-0.1062,-0.2215,0.2389
153246994,0.0092,0.0425,-0.0501,0.4972,-0.2750,-0.1564,-0.2300,0.2300,0.4293,0.4293,1.8854,0.6958,-21.4775,-0.8381,1.6383,22.4319,-18.7012,-28.5619,-0.0882,-0.2226,0.2348
153251994,0.0091,0.0447,-0.0101,0.4490,-0.2881,-0.1796,-0.2300,0.2300,0.4407,0.4407,2.2645,0.7551,-25.6592,-1.8285,2.0134,22.3294,-18.7083,-28.5541,-0.1050,-0.2186,0.2268
153256994,0.0096,0.0469,0.0605,0.4068,-0.2359,-0.2297,-0.2300,0.2300,0.4543,0.4543,2.7281,0.9179,-30.4457,-3.4291,3.0227,22.1493,-18.7270,-28.5374,-0.1351,-0.2168,0.2222
153261994,0.0100,0.0486,0.0312,0.3961,-0.1009,-0.2137,-0.2300,0.2300,0.4687,0.4687,2.8734,1.0311,-32.5006,-4.2711,3.7613,22.0475,-18.7441,-28.5224,-0.1460,-0.2166,0.2205
153266994,0.0101,0.0503,-0.0104,0.3204,-0.1159,-0.1946,-0.2300,0.2300,0.4867,0.4867,3.5985,1.0327,-41.4716,-4.9831,4.0033,21.7775,-18.7734,-28.4978,-0.1239,-0.2218,0.2260
153271996,0.0102,0.0516,0.0180,0.2392,-0.2613,-0.2197,-0.2300,0.2300,0.5055,0.5055,3.7750,0.9398,-43.5387,-5.2459,3.5778,21.6020,-18.7945,-28.4836,-0.0391,-0.2266,0.2332
153276994,0.0100,0.0525,-0.0195,0.2227,-0.0765,-0.1858,-0.2300,0.2300,0.5220,0.5220,3.2997,0.9101,-39.0315,-5.5952,3.0762,21.3619,-18.8276,-28.4648,-0.1392,-0.2276,0.2336
153281994,0.0102,0.0528,0.0583,0.1087,0.2122,-0.2237,-0.2300,0.2300,0.5383,0.5383,3.2439,0.7505,-37.8793,-5.6414,2.4414,21.2110,-18.8506,-28.4546,-0.1437,-0.2310,0.2406
153286994,0.0100,0.0541,-0.0037,0.2315,0.3142,-0.1781,-0.2300,0.2300,0.5517,0.5517,2.6905,0.8112,-32.7565,-5.6705,1.6338,21.0055,-18.8830,-28.4445,-0.2223,-0.2245,0.2355
153291994,0.0090,0.0551,-0.1649,0.2440,0.5878,-0.0529,-0.2300,0.2300,0.5621,0.5621,2.0705,1.0205,-28.8897,-8.2097,1.6446,20.9160,-18.9150,-28.4381,-0.2638,-0.2067,0.2327
153296994,0.0083,0.0560,-0.0874,0.1994,0.6123,-0.0822,-0.2300,0.2300,0.5707,0.5707,1.7250,1.0470,-25.9123,-10.3905,0.3878,20.7352,-18.9774,-28.4344,-0.2115,-0.2183,0.2400
153301995,0.0068,0.0569,-0.2239,0.1958,0.6947,0.0293,-0.2300,0.2300,0.5768,0.5768,1.2264,1.0634,-22.4086,-11.1039,-0.0399,20.6451,-19.0212,-28.4349,-0.1680,-0.2114,0.2334
153306994,0.0058,0.0577,-0.1573,0.1301,0.8056,0.0125,-0.2300,0.2300,0.5823,0.5823,1.0851,1.1828,-21.3368,-13.5062,-0.0536,20.5185,-19.1004,-28.4350,-0.0905,-0.2074,0.2318
153311996,0.0045,0.0581,-0.1991,0.0611,0.7100,0.0577,-0.2300,0.2300,0.5878,0.5878,1.1189,1.1519,-22.4027,-13.9479,0.0112,20.4282,-19.1562,-28.4349,-0.0668,-0.2182,0.2301
153316994,0.0037,0.0582,-0.1506,0.0079,0.8197,0.0483,-0.2300,0.2300,0.5933,0.5933,1.0858,1.1788,-22.0164,-14.9763,0.0230,20.2944,-19.2447,-28.4349,-0.0316,-0.2151,0.2303
153321996,0.0024,0.0580,-0.1750,-0.0348,0.9873,0.0939,-0.2300,0.2300,0.5979,0.5979,0.9171,1.1893,-20.7592,-15.6947,0.0101,20.2295,-19.3076,-28.4348,-0.0206,-0.2198,0.2295
153326994,0.0012,0.0579,-0.1756,-0.0580,1.0671,0.1210,-0.2300,0.2300,0.6000,0.6000,0.4292,1.1312,-14.9435,-15.2297,0.0476,20.1172,-19.3989,-28.4346,-0.0015,-0.2317,0.2301
153331994,-0.0003,0.0575,-0.2425,-0.0983,1.0442,0.1875,-0.2300,0.2300,0.6000,0.6000,0.0022,1.1648,-11.3873,-16.2284,0.0171,20.0713,-19.4635,-28.4347,0.0339,-0.2255,0.2302
153336994,-0.0019,0.0567,-0.2908,-0.1833,0.9736,0.2300,-0.2300,0.2300,0.5968,0.5968,-0.6407,1.1474,-5.0958,-17.1241,0.0034,20.0332,-19.5671,-28.4346,0.0666,-0.2236,0.2300
153341994,-0.0034,0.0554,-0.2767,-0.2569,0.9464,0.2300,-0.2300,0.2300,0.5927,0.5927,-0.8290,1.0739,-2.8078,-17.1507,-0.0128,20.0245,-19.6356,-28.4347,0.1268,-0.2305,0.2302
153346994,-0.0044,0.0537,-0.1955,-0.3308,0.8942,0.2300,-0.2300,0.2300,0.5878,0.5878,-0.9825,0.9669,0.1150,-16.7059,0.0090,20.0232,-19.7367,-28.4347,0.1728,-0.2348,0.2299
153351994,-0.0055,0.0520,-0.2321,-0.3115,0.7488,0.2300,-0.2300,0.2300,0.5827,0.5827,-1.0210,0.9975,0.0960,-16.8300,0.0384,20.0235,-19.8039,-28.4345,0.2007,-0.2311,0.2301
153356994,-0.0065,0.0503,-0.2144,-0.3164,0.6660,0.2300,-0.2300,0.2300,0.5775,0.5775,-1.0279,1.0694,1.0270,-16.7140,1.1440,20.0289,-19.9055,-28.4299,0.2243,-0.2393,0.2213
153361994,-0.0076,0.0486,-0.1619,-0.3042,0.6260,0.2300,-0.2300,0.2300,0.5726,0.5726,-0.9812,1.1107,1.7425,-16.2892,1.9431,20.0358,-19.9707,-28.4224,0.2210,-0.2410,0.2160
153366994,-0.0086,0.0469,-0.1481,-0.3253,0.4825,0.2300,-0.2300,0.2300,0.5673,0.5673,-1.0707,1.1966,3.8264,-16.1083,3.4916,20.0559,-20.0678,-28.4027,0.2119,-0.2352,0.2168
153371994,-0.0093,0.0450,-0.0757,-0.3699,0.4357,0.2300,-0.2300,0.2300,0.5615,0.5615,-1.1441,1.1721,5.9744,-15.7619,4.0864,20.0796,-20.1314,-28.3863,0.2079,-0.2349,0.2212
153376994,-0.0098,0.0428,-0.0605,-0.4581,0.3963,0.2300,-0.2300,0.2300,0.5545,0.5545,-1.4127,1.0358,10.4448,-14.2405,4.9653,20.1367,-20.2197,-28.3572,0.1914,-0.2483,0.2256
153381994,-0.0102,0.0401,-0.0501,-0.5663,0.4067,0.2300,-0.2300,0.2300,0.5465,0.5465,-1.6011,0.8357,13.1993,-13.1519,4.8551,20.1790,-20.2718,-28.3377,0.1884,-0.2395,0.2284
153386994,-0.0106,0.0370,-0.0990,-0.6448,0.3349,0.2300,-0.2300,0.1427,0.5354,0.5354,-2.2117,0.7279,19.6126,-12.8728,4.7279,20.3049,-20.3496,-28.3089,0.1858,-0.2340,0.2302
153391994,-0.0109,0.0334,-0.0812,-0.7220,0.2775,0.2300,-0.2300,0.0470,0.5228,0.5228,-2.5235,0.6599,23.2584,-12.9740,4.7297,20.3980,-20.4011,-28.2902,0.1979,-0.2264,0.2127
153396994,-0.0115,0.0297,-0.0773,-0.6921,0.1877,0.2300,-0.2300,-0.0023,0.5094,0.5094,-2.6723,0.7577,24.4595,-13.8891,4.6833,20.5459,-20.4835,-28.2621,0.2140,-0.2279,0.1906
153401994,-0.0117,0.0262,-0.0220,-0.6903,0.0179,0.2300,-0.1841,-0.0502,0.4966,0.4966,-2.5690,0.8402,23.5932,-14.7068,4.9082,20.6405,-20.5425,-28.2424,0.2313,-0.2256,0.1435
153406994,-0.0113,0.0226,0.0779,-0.6640,-0.1397,0.1640,-0.1143,-0.0659,0.4853,0.4853,-2.2524,0.8956,21.4555,-14.5912,5.4068,20.7513,-20.6308,-28.2105,0.2614,-0.2186,0.1021
153411994,-0.0106,0.0192,0.1417,-0.6396,-0.1999,0.1102,-0.0487,-0.0846,0.4749,0.4749,-2.0801,0.8648,20.9511,-13.5224,5.7652,20.8743,-20.6854,-28.1873,0.2119,-0.2025,0.0807
153416994,-0.0095,0.0155,0.1915,-0.7556,-0.1357,0.0630,0.0959,-0.1747,0.4652,0.4652,-1.9373,0.5060,21.0629,-10.8086,5.3548,20.9587,-20.7530,-28.1541,0.1917,-0.1713,0.0442
153421994,-0.0086,0.0112,0.1506,-0.8800,-0.1458,0.0694,0.2237,-0.2300,0.4561,0.4561,-1.8321,0.1470,20.1256,-8.5896,4.5589,21.0809,-20.7878,-28.1357,0.1496,-0.1409,0.0116
153426994,-0.0076,0.0061,0.1381,-1.0229,-0.1492,0.0590,0.2300,-0.2300,0.4479,0.4479,-1.6368,-0.4208,18.5163,-5.1278,2.5650,21.1554,-20.8215,-28.1176,0.1275,-0.1185,-0.0043
153431995,-0.0068,0.0008,0.1933,-1.0351,-0.2723,0.0051,0.2300,-0.2300,0.4424,0.4424,-1.0924,-0.6248,13.1297,-3.8141,1.4326,21.2420,-20.8366,-28.1120,0.1184,-0.0633,-0.0497
153436994,-0.0054,-0.0041,0.3067,-0.9239,-0.5191,-0.0995,0.2300,-0.2300,0.4401,0.4401,-0.4593,-0.6565,8.0144,-2.2169,1.2069,21.2743,-20.8512,-28.1048,0.1002,-0.0153,-0.1003
153441994,-0.0032,-0.0083,0.4517,-0.8131,-0.4018,-0.2203,0.2300,-0.2300,0.4404,0.4404,0.0564,-0.6707,4.0940,-1.2113,0.6145,21.3008,-20.8563,-28.1021,0.0310,0.0040,-0.1190
153446994,-0.0006,-0.0122,0.5238,-0.7233,-0.1544,-0.2300,0.2300,-0.2300,0.4421,0.4421,0.3376,-0.9062,2.7526,1.8742,-0.4796,21.3119,-20.8495,-28.1043,0.0035,0.0351,-0.1592
153451994,0.0023,-0.0158,0.5437,-0.7300,-0.1012,-0.2300,0.2300,-0.2300,0.4453,0.4453,0.6423,-1.0555,-0.2932,2.9053,-1.2784,21.3146,-20.8360,-28.1090,-0.0361,0.1062,-0.1935
153456994,0.0048,-0.0196,0.4661,-0.7563,-0.1599,-0.2300,0.2300,-0.2300,0.4482,0.4482,0.5771,-1.2237,-2.5988,1.6119,-4.4096,21.3033,-20.8264,-28.1310,-0.1003,0.1261,-0.2039
153461994,0.0068,-0.0232,0.3977,-0.7443,-0.1999,-0.2300,0.2300,-0.2300,0.4490,0.4490,0.1667,-1.3863,-0.5460,0.9622,-7.3117,21.2984,-20.8229,-28.1601,-0.1302,0.1690,-0.1950
153466994,0.0092,-0.0266,0.4737,-0.6167,-0.0325,-0.2300,0.2300,-0.2300,0.4493,0.4493,0.0550,-1.6406,-0.4898,1.3463,-11.8607,21.2968,-20.8160,-28.2264,-0.1641,0.2017,-0.1894
153471994,0.0115,-0.0289,0.4273,-0.4346,-0.0808,-0.2300,0.2300,-0.2300,0.4492,0.4492,-0.0183,-1.8037,-1.6524,2.0643,-15.6108,21.2885,-20.8078,-28.2882,-0.1979,0.2198,-0.1772
153476994,0.0133,-0.0310,0.3198,-0.3900,-0.1968,-0.2300,0.2300,-0.2300,0.4473,0.4473,-0.3870,-2.4230,-2.5469,2.4470,-23.8239,21.2783,-20.7930,-28.4209,-0.2161,0.2283,-0.1660
153481994,0.0144,-0.0331,0.1845,-0.3821,-0.1357,-0.2300,0.2300,-0.2300,0.4437,0.4437,-0.7215,-2.9072,-3.3626,2.4966,-30.1544,21.2583,-20.7830,-28.5408,-0.2231,0.2301,-0.1552
153486994,0.0151,-0.0347,0.1069,-0.2993,-0.1052,-0.2300,0.2300,-0.2300,0.4381,0.4381,-1.1157,-3.4910,-3.7288,2.7929,-38.4913,21.2436,-20.7670,-28.7625,-0.2234,0.2290,-0.1482
153491994,0.0154,-0.0364,0.0406,-0.3577,-0.0927,-0.2300,0.2300,-0.2300,0.4320,0.4320,-1.2117,-3.8121,-4.5394,3.2851,-41.4016,21.2171,-20.7540,-28.9298,-0.2241,0.2240,-0.1055
153496994,0.0151,-0.0379,-0.0272,-0.3216,0.0060,-0.2300,0.2300,-0.2300,0.4261,0.4261,-1.1846,-3.7605,-4.9849,3.7774,-40.7003,21.1970,-20.7315,-29.1754,-0.2269,0.2249,-0.0995
153501994,0.0154,-0.0398,0.0275,-0.3231,-0.0740,-0.2300,0.2300,-0.2300,0.4210,0.4210,-1.0307,-3.7054,-5.4734,4.0121,-39.7373,21.1650,-20.7155,-29.3363,-0.2252,0.2265,-0.0971
153506994,0.0160,-0.0408,0.1344,-0.2251,0.2231,-0.2300,0.2300,-0.2300,0.4181,0.4181,-0.5653,-3.1821,-6.4241,4.3729,-33.8848,21.1397,-20.6898,-29.5449,-0.2215,0.2269,-0.2209
153511994,0.0160,-0.0416,0.0183,-0.1634,0.4644,-0.2300,0.2300,-0.2300,0.4155,0.4155,-0.5331,-3.0653,-8.3438,3.7110,-33.8552,21.0905,-20.6745,-29.6791,-0.2159,0.2410,-0.2187
153516994,0.0163,-0.0419,-0.0073,-0.0568,0.4351,-0.2300,0.2300,-0.2300,0.4126,0.4126,-0.5729,-2.8347,-8.6138,2.4712,-33.5119,21.0561,-20.6596,-29.8819,-0.2225,0.2376,-0.2461
153521994,0.0164,-0.0421,-0.0247,-0.0137,0.6245,-0.2300,0.2300,-0.2300,0.4105,0.4105,-0.4141,-2.8237,-10.6243,2.6028,-33.8105,20.9952,-20.6492,-30.0162,-0.2103,0.2306,-0.2237
153526994,0.0162,-0.0422,-0.0473,-0.0403,0.6294,-0.2300,0.2300,-0.2300,0.4085,0.4085,-0.3971,-2.8749,-11.7847,2.0090,-34.7353,20.9480,-20.6362,-30.2232,-0.2222,0.2341,-0.2083
153531994,0.0155,-0.0417,-0.1524,0.0751,0.6526,-0.1664,0.2300,-0.2300,0.4061,0.4061,-0.4970,-2.9865,-13.2856,1.9740,-37.7039,20.8704,-20.6283,-30.3738,-0.2234,0.2324,-0.1788
153536994,0.0154,-0.0410,-0.0895,0.1512,0.6666,-0.2005,0.2300,-0.2300,0.4036,0.4036,-0.4981,-3.2686,-14.6196,2.1742,-42.1419,20.8119,-20.6157,-30.6231,-0.2098,0.2294,-0.0852
153541994,0.0155,-0.0413,-0.0535,-0.0260,0.7250,-0.2215,0.2300,-0.2300,0.4020,0.4020,-0.3102,-3.2942,-14.8209,2.7217,-39.6300,20.7228,-20.6050,-30.7843,-0.1893,0.2231,-0.1626
153546994,0.0148,-0.0407,-0.1628,0.1500,1.0463,-0.1320,0.2300,-0.2300,0.4000,0.4000,-0.4044,-3.2214,-15.2785,3.0877,-40.5803,20.6621,-20.5860,-31.0167,-0.2112,0.2249,-0.1469
153551994,0.0131,-0.0397,-0.4053,0.2126,0.7638,0.0296,0.2300,-0.2300,0.3964,0.3964,-0.7153,-3.2354,-16.0253,2.0292,-42.6088,20.5666,-20.5779,-31.1878,-0.2094,0.2389,-0.0535
153556994,0.0126,-0.0393,-0.1747,0.0806,0.7903,-0.0965,0.2300,-0.2300,0.3952,0.3952,-0.2425,-2.9287,-15.6127,2.4039,-36.5466,20.5042,-20.5659,-31.4239,-0.1699,0.2213,-0.1919
153561994,0.0105,-0.0373,-0.4371,0.4038,1.2903,0.1148,0.2300,-0.2300,0.3929,0.3929,-0.4606,-2.5597,-16.1253,2.1008,-36.2188,20.4085,-20.5561,-31.5654,-0.1325,0.2337,-0.1793
153566994,0.0075,-0.0350,-0.6863,0.4533,0.7821,0.2300,0.2283,-0.2300,0.3868,0.3868,-1.2214,-2.7372,-13.9705,-0.0288,-41.2194,20.3513,-20.5557,-31.8101,-0.1363,0.2417,-0.0732
153571994,0.0059,-0.0339,-0.3256,0.2669,0.8120,0.1165,0.2300,-0.2300,0.3837,0.3837,-0.6133,-2.3736,-12.5542,0.7261,-33.3340,20.2786,-20.5536,-31.9474,-0.0723,0.2110,-0.2596
153576994,0.0033,-0.0310,-0.5321,0.5611,1.6379,0.2300,0.1495,-0.2300,0.3814,0.3814,-0.4609,-1.9293,-13.9773,2.3997,-29.6765,20.2224,-20.5378,-32.1180,-0.0187,0.2155,-0.2403
153581994,0.0016,-0.0291,-0.4252,0.4105,1.0964,0.2300,0.1902,-0.2300,0.3781,0.3781,-0.6572,-2.0984,-11.7065,1.4278,-30.8570,20.1459,-20.5322,-32.2431,-0.0190,0.2273,-0.2420
153586994,0.0005,-0.0260,-0.2285,0.6002,1.0964,0.1669,0.0929,-0.1327,0.3762,0.3762,-0.3824,-1.8655,-10.4538,3.3639,-28.3473,20.1049,-20.5163,-32.4120,0.0285,0.1729,-0.2406
153591994,-0.0018,-0.0230,-0.5253,0.6582,1.4501,0.2300,-0.0787,-0.1511,0.3726,0.3726,-0.7314,-2.0204,-11.0906,3.5117,-30.9019,20.0371,-20.5012,-32.5365,0.0715,0.1822,-0.2129
153596994,-0.0029,-0.0201,-0.2083,0.5608,1.0048,0.2140,-0.0098,-0.0877,0.3702,0.3702,-0.4823,-1.6947,-8.8696,2.3278,-26.6342,20.0013,-20.4889,-32.7054,0.0794,0.1457,-0.2125
153601994,-0.0043,-0.0170,-0.2856,0.6277,1.1730,0.2300,-0.1220,-0.0344,0.3680,0.3680,-0.4299,-1.4941,-8.8661,2.9625,-24.2667,19.9502,-20.4766,-32.8019,0.1421,0.1063,-0.1785
153606994,-0.0059,-0.0142,-0.3763,0.5916,1.4330,0.2300,-0.1806,-0.0372,0.3650,0.3650,-0.6013,-1.1215,-7.3946,0.9461,-21.0161,19.9198,-20.4682,-32.9336,0.1635,0.0951,-0.1585
153611994,-0.0071,-0.0108,-0.2673,0.7385,1.1297,0.2300,-0.2300,0.1004,0.3615,0.3615,-0.6996,-0.7141,-4.0915,0.3192,-18.2957,19.8919,-20.4672,-33.0066,0.1838,0.0449,-0.1153
153616994,-0.0083,-0.0065,-0.2590,0.9111,1.0509,0.2300,-0.2300,0.2300,0.3581,0.3581,-0.6761,-0.1530,-2.4714,-0.3407,-13.9669,19.8821,-20.4674,-33.0935,0.2133,0.0073,-0.0653
153621994,-0.0094,-0.0020,-0.1915,0.9016,0.8276,0.2300,-0.2300,0.2300,0.3542,0.3542,-0.7921,0.1760,-0.3396,-2.3992,-11.6757,19.8783,-20.4767,-33.1404,0.2149,-0.0038,-0.0459
153626994,-0.0095,0.0021,-0.0009,0.8125,0.5103,0.1963,-0.2300,0.2300,0.3504,0.3504,-0.7530,0.5520,0.6671,-6.0508,-9.3427,19.8810,-20.5091,-33.1985,0.2182,-0.0376,-0.0019
153631994,-0.0089,0.0060,0.1472,0.7792,0.5518,0.1008,-0.2300,0.2300,0.3466,0.3466,-0.7686,0.8846,1.7343,-9.1369,-7.7259,19.8903,-20.5451,-33.2296,0.2088,-0.0677,0.0418
153636994,-0.0087,0.0099,0.0269,0.7654,0.5921,0.1684,-0.2300,0.2300,0.3428,0.3428,-0.7483,1.0245,2.1912,-8.0887,-4.7200,19.8992,-20.6029,-33.2615,0.1721,-0.1364,0.0790
153641994,-0.0075,0.0137,0.2184,0.8042,0.5023,0.0302,-0.2300,0.2300,0.3402,0.3402,-0.5287,1.0756,2.5543,-7.4810,-3.9643,19.9145,-20.6335,-33.2766,0.1625,-0.1841,0.1233
153646994,-0.0065,0.0171,0.1460,0.6829,0.3126,0.0483,-0.2300,0.2300,0.3373,0.3373,-0.5751,0.9024,3.3273,-6.0853,-3.2480,19.9276,-20.6703,-33.2977,0.1465,-0.2178,0.1662
153651994,-0.0055,0.0200,0.1885,0.5501,0.1205,-0.0029,-0.2300,0.2300,0.3343,0.3343,-0.6069,0.8149,4.5180,-6.0182,-2.6036,19.9544,-20.6943,-33.3055,0.1061,-0.2319,0.1838
153656994,-0.0047,0.0222,0.1426,0.4114,0.0772,0.0075,-0.2300,0.2300,0.3317,0.3317,-0.5028,0.7976,4.6401,-5.0274,-0.0607,19.9731,-20.7261,-33.3094,0.0889,-0.2414,0.2114
153661994,-0.0037,0.0238,0.1597,0.3176,0.1010,-0.0198,-0.2300,0.2300,0.3298,0.3298,-0.3806,0.6681,3.8909,-4.3773,0.1296,19.9976,-20.7434,-33.3088,0.0545,-0.2349,0.2233
153666994,-0.0033,0.0254,0.1121,0.3005,0.0967,-0.0012,-0.2300,0.2300,0.3286,0.3286,-0.2445,0.7046,2.4347,-4.1294,1.0669,20.0077,-20.7683,-33.3033,0.0256,-0.2335,0.2216
153671994,-0.0027,0.0265,0.1475,0.2297,0.0246,-0.0361,-0.2300,0.2300,0.3290,0.3290,0.0734,0.6910,-0.3416,-4.1091,1.8257,20.0077,-20.7848,-33.2961,0.0166,-0.2314,0.2199
153676994,-0.0020,0.0272,0.1573,0.1249,-0.0691,-0.0583,-0.2300,0.2300,0.3300,0.3300,0.1955,0.6241,-1.0647,-3.8261,2.5942,20.0035,-20.8083,-33.2812,-0.0039,-0.2344,0.2236
153681994,-0.0012,0.0277,0.1961,0.0883,-0.0966,-0.0979,-0.2300,0.2300,0.3319,0.3319,0.3842,0.5913,-2.4842,-3.5917,2.8781,19.9914,-20.8225,-33.2722,-0.0393,-0.2326,0.2237
153686994,-0.0003,0.0281,0.1249,0.0855,-0.0386,-0.0703,-0.2300,0.2300,0.3346,0.3346,0.5507,0.6670,-4.8833,-3.8288,3.6482,19.9722,-20.8451,-33.2483,-0.0409,-0.2279,0.2212
153691994,0.0006,0.0284,0.1674,0.0284,-0.0013,-0.1107,-0.2300,0.2300,0.3374,0.3374,0.5571,0.6359,-4.4991,-4.0150,3.7945,19.9424,-20.8612,-33.2329,-0.0828,-0.2280,0.2261
153696994,0.0012,0.0283,0.0672,-0.0153,0.0491,-0.0597,-0.2300,0.2300,0.3391,0.3391,0.3316,0.6051,-3.2636,-4.2671,3.7072,19.9290,-20.8860,-33.2103,-0.1022,-0.2284,0.2308
153701994,0.0016,0.0281,0.0418,-0.0504,0.0613,-0.0516,-0.2300,0.2300,0.3403,0.3403,0.2366,0.5776,-2.7962,-4.6239,3.4479,19.9137,-20.9045,-33.1964,-0.1039,-0.2243,0.2335
153706994,0.0016,0.0275,-0.0327,-0.1020,0.0866,-0.0075,-0.2300,0.2300,0.3407,0.3407,0.0809,0.5519,-2.6140,-5.5007,2.9038,19.9028,-20.9364,-33.1783,-0.0601,-0.2214,0.2335
153711994,0.0016,0.0269,0.0257,-0.1103,0.1318,-0.0385,-0.2300,0.2300,0.3409,0.3409,0.0508,0.5887,-2.1000,-6.2589,2.7242,19.8902,-20.9614,-33.1699,-0.0337,-0.2219,0.2327
153716994,0.0015,0.0263,0.0223,-0.1420,0.1175,-0.0365,-0.2300,0.2300,0.3410,0.3410,0.0103,0.6119,-2.0011,-6.9232,2.7668,19.8824,-21.0028,-33.1509,-0.0191,-0.2240,0.2301
153721994,0.0019,0.0255,0.0712,-0.1900,0.1599,-0.0699,-0.2300,0.2300,0.3418,0.3418,0.1620,0.5883,-3.2315,-7.1530,2.8478,19.8649,-21.0314,-33.1396,-0.0279,-0.2265,0.2280
153726994,0.0024,0.0244,0.0739,-0.2370,0.1798,-0.0797,-0.2171,0.2300,0.3428,0.3428,0.2012,0.6511,-3.6733,-7.8928,3.5192,19.8501,-21.0775,-33.1193,-0.0497,-0.2246,0.2251
153731994,0.0029,0.0231,0.0764,-0.2712,0.2164,-0.0905,-0.1711,0.2300,0.3443,0.3443,0.2971,0.7146,-4.8717,-8.6688,3.9959,19.8231,-21.1122,-33.1033,-0.0680,-0.2101,0.2248
153736994,0.0032,0.0216,0.0351,-0.3048,0.2454,-0.0712,-0.1399,0.2300,0.3461,0.3461,0.3669,0.7725,-5.9876,-9.1333,4.7047,19.7991,-21.1669,-33.0759,-0.0792,-0.1971,0.2232
153741994,0.0035,0.0198,0.0339,-0.3931,0.3056,-0.0741,-0.0606,0.1701,0.3484,0.3484,0.4669,0.6801,-6.9122,-8.9068,4.8767,19.7584,-21.2028,-33.0605,-0.0663,-0.1825,0.2269
153746994,0.0036,0.0177,0.0061,-0.4499,0.3249,-0.0583,-0.0051,0.1010,0.3506,0.3506,0.4361,0.5418,-6.6745,-8.1914,4.5453,19.7316,-21.2530,-33.0283,-0.0715,-0.1441,0.2276
153751994,0.0036,0.0151,0.0223,-0.5305,0.3435,-0.0674,0.0818,0.0254,0.3526,0.3526,0.3966,0.3244,-6.2409,-7.5073,3.4704,19.6936,-21.2830,-33.0140,-0.0650,-0.1056,0.1943
153756994,0.0034,0.0121,-0.0031,-0.5846,0.3252,-0.0491,0.1466,-0.0598,0.3540,0.3540,0.2784,0.0662,-5.4492,-6.4501,1.9038,19.6717,-21.3230,-33.0012,-0.0725,-0.0850,0.1528
153761994,0.0035,0.0089,-0.0217,-0.6243,0.2900,-0.0412,0.2123,-0.1374,0.3552,0.3552,0.2357,-0.1057,-5.2079,-5.6389,1.0157,19.6406,-21.3457,-32.9972,-0.0644,-0.0423,0.1238
153766994,0.0034,0.0056,-0.0660,-0.6274,0.2833,-0.0125,0.2300,-0.2067,0.3561,0.3561,0.1739,-0.2569,-4.7600,-4.4473,0.3041,19.6213,-21.3737,-32.9950,-0.0463,-0.0009,0.0770
153771994,0.0030,0.0023,-0.1127,-0.6212,0.2906,0.0221,0.2300,-0.2300,0.3564,0.3564,0.0755,-0.3702,-3.7469,-3.2552,-0.0359,19.5978,-21.3870,-32.9954,-0.0286,0.0168,0.0539
153776994,0.0023,-0.0011,-0.1491,-0.6222,0.2629,0.0554,0.2300,-0.2300,0.3570,0.3570,0.1059,-0.7099,-2.9754,0.4281,-0.7032,19.5857,-21.3895,-32.9986,-0.0146,0.0436,0.0184
153781994,0.0015,-0.0046,-0.1283,-0.6704,0.1853,0.0544,0.2300,-0.2300,0.3567,0.3567,-0.0615,-0.8748,-1.3243,0.7306,-1.8990,19.5752,-21.3845,-33.0060,0.0234,0.1177,-0.0149
153786994,0.0005,-0.0079,-0.1848,-0.6173,-0.0389,0.0991,0.2300,-0.2300,0.3546,0.3546,-0.4182,-0.8659,0.9779,-0.0291,-3.2269,19.5788,-21.3853,-33.0248,0.0378,0.1379,-0.0636
153791994,-0.0005,-0.0111,-0.1930,-0.5825,-0.1192,0.1186,0.2300,-0.2300,0.3529,0.3529,-0.3252,-0.8371,0.2872,0.4436,-2.8299,19.5842,-21.3839,-33.0364,0.0663,0.1715,-0.1005
153796994,-0.0013,-0.0133,-0.1353,-0.4129,-0.1006,0.0994,0.2300,-0.2300,0.3525,0.3525,-0.0847,-0.7848,0.2642,3.2283,-1.5545,19.5848,-21.3694,-33.0448,0.1017,0.1904,-0.1440
153801994,-0.0016,-0.0150,-0.0342,-0.2966,-0.0948,0.0456,0.2300,-0.2300,0.3531,0.3531,0.1160,-0.8589,1.1294,6.4554,-0.7792,19.5910,-21.3438,-33.0498,0.1002,0.1955,-0.1805
153806994,-0.0014,-0.0165,0.0315,-0.2627,-0.1849,-0.0017,0.2300,-0.2300,0.3552,0.3552,0.4123,-1.1807,0.7550,10.9639,-0.8456,19.5945,-21.2830,-33.0532,0.0953,0.1869,-0.1974
153811994,-0.0011,-0.0178,0.0987,-0.2324,-0.2536,-0.0501,0.2300,-0.2300,0.3583,0.3583,0.6321,-1.4231,0.0946,13.7710,-1.5443,19.5965,-21.2273,-33.0611,0.0557,0.1947,-0.2259
153816994,-0.0008,-0.0192,0.0220,-0.2523,-0.2946,-0.0124,0.2300,-0.2300,0.3610,0.3610,0.5359,-1.4836,-0.0592,13.6589,-2.1769,19.5961,-21.1425,-33.0698,0.0101,0.2254,-0.2210
153821994,-0.0004,-0.0200,0.0250,-0.1484,-0.3489,-0.0221,0.2300,-0.2300,0.3636,0.3636,0.5258,-1.4737,-0.5514,13.6144,-3.4269,19.5934,-21.0887,-33.0890,-0.0102,0.2287,-0.2188
153826994,-0.0004,-0.0208,0.0263,-0.1155,-0.3248,-0.0227,0.2300,-0.2300,0.3663,0.3663,0.5449,-1.5259,-0.9043,14.0058,-4.1316,19.5900,-21.0033,-33.1055,-0.0238,0.2395,-0.2185
153831994,-0.0005,-0.0208,0.0125,0.0354,-0.3837,-0.0137,0.2300,-0.2300,0.3675,0.3675,0.2245,-1.4540,1.7239,13.7338,-5.4189,19.5979,-20.9489,-33.1363,-0.0357,0.2283,-0.2178
153836994,-0.0002,-0.0205,0.0990,0.0757,-0.3242,-0.0676,0.2300,-0.2300,0.3690,0.3690,0.3153,-1.5653,2.0244,15.0637,-6.0373,19.6065,-20.8606,-33.1605,-0.0229,0.2144,-0.2197
153841994,0.0004,-0.0198,0.0971,0.1164,-0.2750,-0.0755,0.2300,-0.2300,0.3712,0.3712,0.4298,-1.7249,1.5476,17.1737,-6.4991,19.6165,-20.7925,-33.1988,-0.0218,0.2039,-0.2207
153846994,0.0010,-0.0193,0.1735,0.1029,-0.2545,-0.1326,0.2300,-0.2078,0.3749,0.3749,0.7391,-1.9771,0.0822,19.8396,-6.8993,19.6170,-20.6749,-33.2263,-0.0565,0.1978,-0.2262
153851994,0.0020,-0.0189,0.1515,0.0950,-0.2454,-0.1369,0.2300,-0.2023,0.3786,0.3786,0.7369,-2.0314,-0.7564,19.5014,-7.8306,19.6120,-20.5964,-33.2719,-0.0749,0.2362,-0.2156
153856994,0.0028,-0.0186,0.1274,0.1066,-0.3352,-0.1404,0.2300,-0.1940,0.3815,0.3815,0.5776,-1.9236,-0.9719,17.1356,-8.9599,19.6081,-20.4897,-33.3076,-0.1202,0.2590,-0.1913
153861994,0.0030,-0.0175,0.0003,0.2395,-0.4448,-0.0723,0.1712,-0.1505,0.3826,0.3826,0.2316,-1.7004,-1.2433,13.8101,-11.1304,19.6004,-20.4345,-33.3727,-0.1432,0.2680,-0.1769
153866994,0.0025,-0.0160,-0.0965,0.3601,-0.4082,-0.0048,0.0536,-0.0961,0.3818,0.3818,-0.1658,-1.3946,-0.6069,9.8836,-12.6813,19.5982,-20.3711,-33.4230,-0.1409,0.2542,-0.1702
153871994,0.0014,-0.0140,-0.2101,0.4392,-0.4238,0.0833,-0.0627,-0.0696,0.3791,0.3791,-0.5306,-1.2411,0.4960,7.7026,-13.9060,19.6005,-20.3406,-33.5072,-0.0969,0.2072,-0.1409
153876994,0.0002,-0.0115,-0.2590,0.4756,-0.3422,0.1370,-0.1436,-0.0331,0.3760,0.3760,-0.6298,-0.9221,0.7626,5.5944,-12.3772,19.6031,-20.3050,-33.5575,-0.0529,0.1804,-0.1245
153881994,-0.0012,-0.0092,-0.2520,0.4490,-0.2662,0.1606,-0.1755,-0.0160,0.3734,0.3734,-0.5133,-0.5249,1.1103,4.4530,-8.0684,19.6100,-20.2874,-33.6126,-0.0299,0.1314,-0.1157
153886994,-0.0024,-0.0068,-0.1921,0.4844,-0.2118,0.1479,-0.2224,0.0499,0.3717,0.3717,-0.3350,-0.1102,1.2583,3.4920,-4.1542,19.6152,-20.2655,-33.6298,0.0126,0.0829,-0.0913
153891994,-0.0029,-0.0043,-0.0993,0.5592,-0.1935,0.1039,-0.2300,0.1525,0.3708,0.3708,-0.1956,0.3596,2.4541,2.6756,0.1021,19.6275,-20.2547,-33.6324,0.0437,0.0614,-0.0324
153896994,-0.0033,-0.0015,-0.1017,0.6124,-0.2448,0.1111,-0.2300,0.2179,0.3697,0.3697,-0.2149,0.6236,2.4716,1.1456,1.2830,19.6388,-20.2463,-33.6267,0.0789,0.0209,-0.0006
153901994,-0.0033,0.0014,-0.0473,0.5886,-0.4048,0.0728,-0.2300,0.2300,0.3694,0.3694,-0.0538,0.8137,1.7329,0.2142,3.1028,19.6480,-20.2453,-33.6106,0.1149,-0.0197,0.0452
153906994,-0.0034,0.0042,-0.0098,0.5330,-0.4476,0.0516,-0.2300,0.2300,0.3687,0.3687,-0.1426,1.0040,1.9760,-2.5332,3.5195,19.6559,-20.2566,-33.5956,0.0922,-0.0334,0.1063
153911994,-0.0035,0.0064,-0.0284,0.4279,-0.4708,0.0621,-0.2300,0.2300,0.3681,0.3681,-0.1148,0.7836,1.8086,-1.4462,3.1229,19.6671,-20.2653,-33.5777,0.0700,-0.1145,0.1254
153916994,-0.0031,0.0077,0.0922,0.2926,-0.3563,-0.0123,-0.2300,0.2300,0.3688,0.3688,0.1385,0.4848,1.4872,0.7557,3.2199,19.6732,-20.2631,-33.5648,0.0623,-0.1566,0.1685
153921994,-0.0024,0.0089,0.0886,0.2361,-0.2713,-0.0183,-0.2300,0.2300,0.3695,0.3695,0.1256,0.3675,1.9251,1.4757,3.1586,19.6835,-20.2566,-33.5462,0.0401,-0.1705,0.2097
153926994,-0.0017,0.0094,0.1042,0.0739,-0.4378,-0.0464,-0.1888,0.1844,0.3702,0.3702,0.1408,0.3099,1.6425,0.5172,3.5475,19.6904,-20.2518,-33.5321,0.0235,-0.1948,0.2269
153931994,-0.0012,0.0094,0.0895,-0.0220,-0.4940,-0.0503,-0.1419,0.1350,0.3713,0.3713,0.2201,0.2612,0.3012,-0.0767,3.5629,19.6941,-20.2523,-33.5101,-0.0120,-0.2105,0.2204
153936994,-0.0007,0.0090,0.1182,-0.0974,-0.3883,-0.0725,-0.0797,0.1072,0.3732,0.3732,0.3800,0.1381,-1.3791,0.0167,3.0453,19.6890,-20.2524,-33.4978,-0.0313,-0.1911,0.1819
153941994,-0.0001,0.0083,0.1521,-0.1475,-0.2735,-0.0990,-0.0228,0.0901,0.3751,0.3751,0.3862,0.0400,-1.3787,0.0190,2.4307,19.6765,-20.2524,-33.4827,-0.0579,-0.1482,0.1613
153946994,0.0005,0.0073,0.1298,-0.2153,-0.1330,-0.0910,0.0311,0.0445,0.3767,0.3767,0.3197,-0.0637,-1.1056,0.0313,1.9810,19.6722,-20.2523,-33.4746,-0.0889,-0.1051,0.1203
153951994,0.0010,0.0059,0.1029,-0.2468,-0.0994,-0.0819,0.0680,0.0024,0.3777,0.3777,0.1941,-0.2067,-0.5866,0.1705,0.6864,19.6686,-20.2517,-33.4692,-0.0953,-0.0857,0.0830
153956994,0.0013,0.0044,0.1093,-0.2590,-0.0997,-0.0926,0.1022,-0.0212,0.3784,0.3784,0.1418,-0.2942,-0.3255,0.2628,-0.1895,19.6673,-20.2501,-33.4700,-0.0887,-0.0428,0.0600
153961994,0.0017,0.0030,0.0987,-0.2538,-0.0798,-0.0921,0.1236,-0.0408,0.3789,0.3789,0.1019,-0.3862,-0.5070,0.3818,-1.3215,19.6652,-20.2486,-33.4760,-0.0890,-0.0009,0.0180
153966994,0.0021,0.0015,0.0910,-0.2566,-0.0511,-0.0930,0.1511,-0.0640,0.3794,0.3794,0.1045,-0.5201,-0.8893,0.9576,-2.4327,19.6616,-20.2437,-33.4856,-0.0877,0.0166,-0.0179
153971994,0.0026,0.0002,0.0840,-0.2004,0.0655,-0.0942,0.1503,-0.0485,0.3800,0.3800,0.1187,-0.7021,-1.2086,2.4051,-4.0490,19.6543,-20.2346,-33.5094,-0.0899,0.0440,-0.0318
153976994,0.0032,-0.0009,0.0922,-0.1765,0.1584,-0.1067,0.1678,-0.0427,0.3814,0.3814,0.2881,-0.7832,-1.6506,4.4312,-3.3703,19.6478,-20.2067,-33.5230,-0.0894,0.1115,-0.0579
153981994,0.0038,-0.0014,0.1197,-0.0641,0.0998,-0.1356,0.1300,0.0171,0.3833,0.3833,0.3728,-0.4643,-2.3293,3.0618,-2.0857,19.6344,-20.1957,-33.5366,-0.1025,0.1308,-0.0510
153986994,0.0043,-0.0018,0.1179,-0.0250,-0.0401,-0.1494,0.1142,0.0306,0.3850,0.3850,0.3376,-0.2413,-2.6911,1.1460,-1.6395,19.6237,-20.1869,-33.5430,-0.1087,0.1629,-0.0444
153991994,0.0049,-0.0015,0.0980,0.1093,-0.0209,-0.1482,0.0412,0.1047,0.3868,0.3868,0.3659,0.0613,-3.1544,0.1394,-0.4855,19.6049,-20.1865,-33.5479,-0.1448,0.1253,-0.0051
153996994,0.0051,-0.0007,0.0015,0.1869,0.0836,-0.0920,-0.0339,0.1355,0.3883,0.3883,0.2940,0.2605,-2.9955,-0.2104,0.7307,19.5928,-20.1878,-33.5452,-0.1522,0.1149,0.0301
154001994,0.0050,0.0002,-0.0690,0.1588,0.0869,-0.0478,-0.0553,0.1132,0.3893,0.3893,0.1958,0.4286,-2.1341,-0.9192,2.5488,19.5788,-20.1910,-33.5300,-0.1484,0.0754,0.0523
154006994,0.0041,0.0011,-0.1491,0.1695,-0.0380,0.0107,-0.1115,0.0964,0.3892,0.3892,-0.0179,0.4297,-1.4482,-1.6588,1.6842,19.5730,-20.2000,-33.5236,-0.1099,0.0305,0.1166
154011994,0.0035,0.0018,-0.1326,0.1170,-0.1464,0.0094,-0.1014,0.0751,0.3882,0.3882,-0.1915,0.2561,-0.1686,-1.7175,0.0688,19.5712,-20.2068,-33.5214,-0.0658,0.0082,0.1090
154016994,0.0029,0.0020,-0.1023,0.0092,-0.1519,0.0019,-0.0461,0.0266,0.3870,0.3870,-0.2471,0.2114,0.2426,-2.6666,-0.0691,19.5723,-20.2206,-33.5218,-0.0409,-0.0278,0.0957
154021994,0.0024,0.0015,-0.0724,-0.1103,-0.1467,-0.0064,0.0258,-0.0364,0.3849,0.3849,-0.4095,0.2444,1.2694,-4.7605,-0.2035,19.5779,-20.2393,-33.5231,-0.0037,-0.0410,0.0663
154026994,0.0024,0.0010,-0.0418,-0.1210,-0.1220,-0.0229,0.0500,-0.0412,0.3837,0.3837,-0.2517,-0.0946,1.4827,-1.0236,-0.6849,19.5841,-20.2522,-33.5255,-0.0040,-0.0688,0.0270
154031994,0.0026,0.0001,0.0745,-0.1967,-0.0618,-0.0940,0.1427,-0.0559,0.3837,0.3837,0.0088,-0.4504,0.4549,1.3548,-1.9077,19.5880,-20.2469,-33.5353,-0.0055,-0.0251,0.0109
154036994,0.0030,-0.0012,0.1103,-0.2666,-0.1431,-0.1259,0.2105,-0.1012,0.3846,0.3846,0.1726,-0.6846,-0.7589,2.6223,-2.7530,19.5847,-20.2319,-33.5460,-0.0216,0.0288,-0.0294
154041994,0.0041,-0.0028,0.2269,-0.2813,-0.1391,-0.2134,0.2300,-0.0904,0.3869,0.3869,0.4602,-0.8011,-1.7186,4.2209,-2.4630,19.5741,-20.2157,-33.5636,-0.0727,0.0429,-0.0816
154046994,0.0054,-0.0039,0.2236,-0.2141,0.0805,-0.2275,0.2300,-0.0531,0.3896,0.3896,0.5338,-0.7639,-2.0735,4.9156,-2.1523,19.5661,-20.1805,-33.5719,-0.0947,0.1146,-0.0945
154051994,0.0065,-0.0043,0.2511,-0.1035,0.0668,-0.2300,0.2300,0.0139,0.3922,0.3922,0.5363,-0.4753,-2.4791,3.0866,-1.6968,19.5514,-20.1686,-33.5832,-0.1380,0.1704,-0.0856
154056994,0.0074,-0.0049,0.1643,-0.0556,-0.0606,-0.2300,0.2189,0.0079,0.3943,0.3943,0.4095,-0.1668,-2.8590,0.5849,-0.8539,19.5403,-20.1640,-33.5868,-0.1775,0.1874,-0.0462
154061994,0.0083,-0.0048,0.1652,0.0528,-0.0013,-0.2300,0.1747,0.0751,0.3968,0.3968,0.5096,0.0009,-3.4450,0.7235,0.0463,19.5197,-20.1618,-33.5872,-0.1980,0.2131,-0.0241
154066994,0.0088,-0.0044,0.0580,0.1213,0.0265,-0.1948,0.1074,0.0904,0.3992,0.3992,0.4641,0.0946,-3.7390,0.9545,0.6041,19.5049,-20.1559,-33.5847,-0.2256,0.2061,0.0118
154071994,0.0089,-0.0038,-0.0171,0.1100,0.0497,-0.1519,0.0829,0.0748,0.4014,0.4014,0.4437,0.2413,-3.7902,0.4971,2.1822,19.4821,-20.1539,-33.5732,-0.2122,0.1882,0.0527
154076994,0.0087,-0.0035,-0.0608,0.1145,0.0487,-0.1232,0.0607,0.0681,0.4030,0.4030,0.3259,0.2311,-3.5769,-0.0192,1.4716,19.4677,-20.1540,-33.5668,-0.1938,0.1411,0.0808
154081994,0.0084,-0.0031,-0.1081,0.1258,-0.0569,-0.0917,0.0271,0.0580,0.4036,0.4036,0.1222,0.1319,-2.5253,0.0012,0.0714,19.4511,-20.1540,-33.5645,-0.1560,0.0967,0.0815
154086994,0.0078,-0.0025,-0.1478,0.1213,-0.0921,-0.0603,0.0030,0.0466,0.4037,0.4037,0.0092,0.1084,-1.8736,-0.0412,-0.2132,19.4436,-20.1541,-33.5656,-0.1141,0.0751,0.0635
154091994,0.0070,-0.0019,-0.1885,0.0932,-0.0637,-0.0199,-0.0103,0.0228,0.4027,0.4027,-0.1913,0.0424,-0.3782,-0.0832,-0.7390,19.4396,-20.1545,-33.5692,-0.0949,0.0340,0.0570
154096994,0.0060,-0.0014,-0.1823,0.0929,-0.0585,-0.0049,-0.0262,0.0243,0.4015,0.4015,-0.2447,0.0615,-0.0067,-0.4979,-0.9049,19.4398,-20.1572,-33.5726,-0.0520,-0.0039,0.0378
154101994,0.0052,-0.0011,-0.1341,0.0522,-0.0817,-0.0187,-0.0044,0.0136,0.4000,0.4000,-0.2886,0.0367,0.5228,-1.0968,-1.2999,19.4421,-20.1617,-33.5801,-0.0103,-0.0081,0.0265
154106994,0.0047,-0.0011,-0.0764,0.0021,-0.0942,-0.0431,0.0316,0.0006,0.3985,0.3985,-0.3160,0.0869,0.8492,-2.3627,-1.2786,19.4464,-20.1745,-33.5853,-0.0125,-0.0077,0.0192
154111994,0.0046,-0.0012,0.0137,-0.0214,-0.1257,-0.0958,0.0704,0.0108,0.3980,0.3980,-0.0825,0.0449,-0.6999,-2.1955,-1.3517,19.4448,-20.1839,-33.5935,-0.0214,0.0014,0.0044
154116994,0.0050,-0.0015,0.0690,-0.0140,-0.0615,-0.1350,0.0957,0.0322,0.3990,0.3990,0.1979,-0.1908,-1.6366,0.9362,-1.3407,19.4384,-20.1825,-33.5989,-0.0542,0.0104,0.0078
154121994,0.0055,-0.0015,0.1170,-0.0208,0.0063,-0.1706,0.1210,0.0502,0.4014,0.4014,0.4804,-0.2821,-2.5797,3.1470,-0.2122,19.4239,-20.1701,-33.6023,-0.0767,0.0459,0.0098
154126994,0.0063,-0.0020,0.1353,-0.0519,0.0127,-0.1965,0.1587,0.0392,0.4051,0.4051,0.7401,-0.5221,-3.1415,6.6139,0.5787,19.4113,-20.1317,-33.5999,-0.1199,0.1095,0.0352
154131994,0.0071,-0.0025,0.1918,-0.0959,-0.0261,-0.2300,0.2099,0.0326,0.4088,0.4088,0.7330,-0.3409,-4.1089,3.4919,0.3412,19.3873,-20.1190,-33.5959,-0.1656,0.1392,0.0451
154136994,0.0077,-0.0028,0.0754,-0.0302,-0.1638,-0.1925,0.1470,0.0265,0.4113,0.4113,0.4907,-0.1573,-3.8427,1.5992,-0.0413,19.3717,-20.1092,-33.5963,-0.1930,0.1795,0.0381
154141994,0.0081,-0.0030,0.0351,0.0058,-0.0343,-0.1701,0.1279,0.0382,0.4135,0.4135,0.4420,-0.1434,-3.6611,1.8305,-0.0945,19.3493,-20.1021,-33.5968,-0.2110,0.1799,0.0288
154146994,0.0076,-0.0026,-0.1396,0.0971,0.0090,-0.0571,0.0207,0.0375,0.4142,0.4142,0.1478,0.0007,-2.5929,1.2277,-0.0168,19.3388,-20.0929,-33.5970,-0.1843,0.1605,0.0375
154151994,0.0066,-0.0021,-0.2422,0.1078,-0.0383,0.0197,-0.0337,0.0096,0.4136,0.4136,-0.1142,0.0944,-1.3808,0.1313,-0.0442,19.3300,-20.0922,-33.5969,-0.1729,0.1278,0.0381
154156994,0.0055,-0.0017,-0.2688,0.1057,-0.1034,0.0534,-0.0597,-0.0056,0.4127,0.4127,-0.1908,0.1103,-0.9373,-0.0982,-0.0406,19.3260,-20.0931,-33.5970,-0.1282,0.0782,0.0277
154161994,0.0039,-0.0012,-0.2966,0.1029,-0.1147,0.0994,-0.0902,-0.0225,0.4110,0.4110,-0.3264,0.0481,-0.3080,-0.2871,-0.9948,19.3234,-20.0942,-33.6011,-0.0831,0.0565,0.0026
154166994,0.0025,-0.0008,-0.2431,0.0470,-0.0386,0.0952,-0.0603,-0.0393,0.4094,0.4094,-0.3378,-0.0250,-0.1699,-0.7599,-1.6893,19.3227,-20.0976,-33.6078,-0.0606,0.0138,-0.0012
154171994,0.0015,-0.0008,-0.1802,-0.0134,0.0231,0.0792,-0.0181,-0.0584,0.4077,0.4077,-0.3255,-0.1669,-0.1864,-0.8174,-2.7930,19.3216,-20.1005,-33.6236,-0.0170,-0.0233,-0.0235
154176994,0.0007,-0.0010,-0.1374,-0.0498,0.0246,0.0695,0.0079,-0.0745,0.4059,0.4059,-0.3709,-0.0486,-0.0126,-2.6217,-2.6075,19.3213,-20.1134,-33.6348,0.0202,-0.0303,-0.0606
154181994,0.0002,-0.0012,-0.0730,-0.0278,0.0710,0.0438,0.0151,-0.0506,0.4035,0.4035,-0.4767,0.0755,1.8080,-3.3526,-2.0241,19.3298,-20.1273,-33.6473,0.0330,-0.0033,-0.0678
154186994,-0.0002,-0.0014,-0.0397,-0.0244,0.1318,0.0325,0.0267,-0.0440,0.4023,0.4023,-0.2425,-0.1254,0.7778,-0.8323,-2.1299,19.3338,-20.1361,-33.6558,0.0707,-0.0022,-0.0659
154191994,0.0001,-0.0015,0.0977,-0.0049,0.0689,-0.0573,0.0594,0.0060,0.4031,0.4031,0.1698,-0.1286,-1.2489,0.3472,-1.2434,19.3282,-20.1347,-33.6643,0.0438,0.0055,-0.0502
154196994,0.0009,-0.0016,0.1936,-0.0180,0.0289,-0.1302,0.1021,0.0315,0.4051,0.4051,0.3925,-0.2260,-2.0002,1.5503,-1.1246,19.3199,-20.1276,-33.6683,0.0336,0.0241,-0.0414
154201994,0.0024,-0.0017,0.3018,-0.0501,0.0878,-0.2194,0.1684,0.0612,0.4087,0.4087,0.7176,-0.3367,-3.0269,3.4462,-0.2388,19.3038,-20.1143,-33.6707,-0.0051,0.0563,-0.0027
154206994,0.0042,-0.0024,0.3115,-0.1234,0.0197,-0.2300,0.2300,0.0308,0.4130,0.4130,0.8719,-0.2855,-4.4619,2.8197,0.7344,19.2862,-20.0947,-33.6676,-0.0402,0.1002,0.0329
154211994,0.0059,-0.0029,0.2905,-0.0971,-0.1727,-0.2300,0.2288,0.0378,0.4174,0.4174,0.8634,-0.0908,-4.3321,2.0077,2.0879,19.2549,-20.0866,-33.6552,-0.0799,0.1467,0.0427
154216994,0.0069,-0.0034,0.1515,-0.0648,-0.1602,-0.2215,0.1883,0.0147,0.4199,0.4199,0.5048,-0.1821,-2.6043,2.0844,0.5760,19.2447,-20.0752,-33.6534,-0.1387,0.1795,0.0479
154221994,0.0076,-0.0036,0.0980,-0.0525,-0.1140,-0.2004,0.1780,0.0091,0.4212,0.4212,0.2634,-0.2371,-0.5171,2.5096,0.1431,19.2405,-20.0673,-33.6533,-0.1746,0.1903,0.0232
154226994,0.0077,-0.0040,-0.0171,-0.0342,-0.1919,-0.1375,0.1386,-0.0233,0.4218,0.4218,0.1244,-0.2155,-0.4644,2.2768,-0.0493,19.2389,-20.0499,-33.6535,-0.1882,0.1872,0.0123
154231994,0.0073,-0.0042,-0.0699,0.0202,-0.1895,-0.0997,0.0946,-0.0169,0.4222,0.4222,0.0730,-0.1409,-0.6793,1.9474,-0.1202,19.2345,-20.0423,-33.6540,-0.1905,0.1721,0.0003
154236994,0.0069,-0.0040,-0.1347,0.0443,-0.1528,-0.0518,0.0580,-0.0239,0.4217,0.4217,-0.0894,-0.1304,-0.1224,1.5044,-0.7396,19.2341,-20.0324,-33.6570,-0.1499,0.1324,-0.0081
154241994,0.0063,-0.0040,-0.1420,0.0428,-0.1568,-0.0377,0.0514,-0.0318,0.4210,0.4210,-0.1521,-0.1333,-0.0311,0.9885,-1.2761,19.2341,-20.0287,-33.6661,-0.1269,0.1047,-0.0158
154246994,0.0055,-0.0036,-0.1848,0.0464,-0.1373,0.0023,0.0250,-0.0432,0.4201,0.4201,-0.1658,-0.0233,-0.1200,0.5401,-0.3563,19.2337,-20.0256,-33.6679,-0.0821,0.0605,-0.0390
154251994,0.0046,-0.0035,-0.1475,0.0257,-0.0462,0.0004,0.0401,-0.0459,0.4195,0.4195,-0.1234,-0.0028,-0.1725,0.2783,-0.0871,19.2327,-20.0248,-33.6681,-0.0409,0.0495,-0.0426
154256994,0.0039,-0.0035,-0.1054,0.0269,-0.0411,-0.0113,0.0452,-0.0387,0.4189,0.4189,-0.1321,-0.0291,0.0344,0.0965,-0.6242,19.2330,-20.0241,-33.6704,-0.0203,0.0295,-0.0430
154261994,0.0036,-0.0035,-0.0354,0.0006,-0.0340,-0.0460,0.0762,-0.0341,0.4185,0.4185,-0.0670,-0.1018,0.3042,0.6111,-0.7059,19.2348,-20.0220,-33.6745,-0.0090,0.0412,-0.0387
154266994,0.0035,-0.0036,0.0165,-0.0308,-0.0435,-0.0761,0.1083,-0.0373,0.4188,0.4188,0.0603,-0.1279,-0.2141,0.8979,-0.3495,19.2341,-20.0170,-33.6762,-0.0240,0.0607,-0.0351
154271994,0.0037,-0.0039,0.0629,-0.0400,-0.0487,-0.1071,0.1337,-0.0322,0.4204,0.4204,0.3067,-0.1950,-2.3875,1.3229,-0.6727,19.2235,-20.0121,-33.6793,-0.0373,0.0810,-0.0358
154276994,0.0042,-0.0041,0.1326,-0.0406,-0.0878,-0.1595,0.1608,-0.0115,0.4232,0.4232,0.5633,-0.2314,-3.9143,2.1068,-0.3496,19.2069,-20.0006,-33.6807,-0.0816,0.1192,-0.0339
154281994,0.0047,-0.0045,0.0889,-0.0336,-0.0695,-0.1423,0.1565,-0.0222,0.4253,0.4253,0.4239,-0.2341,-2.6283,2.3911,-0.1880,19.1901,-19.9930,-33.6820,-0.1334,0.1336,-0.0174
154286994,0.0052,-0.0047,0.0535,-0.0024,-0.0533,-0.1294,0.1379,-0.0146,0.4272,0.4272,0.3722,-0.1938,-2.2816,2.4987,0.0387,19.1812,-19.9762,-33.6819,-0.1466,0.1572,-0.0186
154291994,0.0054,-0.0048,0.0113,0.0379,-0.0798,-0.1086,0.1063,-0.0069,0.4285,0.4285,0.2612,-0.1444,-1.8795,2.0756,-0.2686,19.1689,-19.9677,-33.6835,-0.1370,0.1537,-0.0140
154296994,0.0051,-0.0044,-0.0968,0.0776,-0.0743,-0.0400,0.0465,-0.0151,0.4287,0.4287,0.0532,-0.0055,-1.3008,0.9038,-0.1655,19.1638,-19.9614,-33.6841,-0.1190,0.1277,-0.0079
154301994,0.0046,-0.0041,-0.1582,0.0816,-0.0844,0.0064,0.0160,-0.0322,0.4281,0.4281,-0.1231,0.0583,-0.3401,0.2002,-0.0993,19.1616,-19.9606,-33.6846,-0.1102,0.1031,-0.0124
154306994,0.0037,-0.0038,-0.1588,0.1084,-0.0731,0.0238,-0.0109,-0.0213,0.4272,0.4272,-0.1829,0.0773,0.0129,-0.0553,-0.4557,19.1616,-19.9611,-33.6865,-0.0633,0.0565,-0.0225
154311994,0.0030,-0.0033,-0.1103,0.0825,-0.0557,0.0085,0.0035,-0.0185,0.4263,0.4263,-0.1860,0.0339,0.3198,-0.2113,-0.8373,19.1631,-19.9617,-33.6910,-0.0193,0.0355,-0.0231
154316994,0.0026,-0.0030,-0.0721,0.0363,-0.0411,-0.0057,0.0299,-0.0289,0.4256,0.4256,-0.1452,0.0838,0.3766,-0.7431,-0.1336,19.1645,-19.9664,-33.6915,0.0014,0.0050,-0.0232
154321994,0.0025,-0.0032,0.0122,-0.0208,-0.0404,-0.0531,0.0843,-0.0359,0.4250,0.4250,-0.1137,0.0267,0.9374,-0.7701,-0.1603,19.1702,-19.9700,-33.6919,-0.0025,0.0118,-0.0260
154326994,0.0025,-0.0034,0.0339,-0.0238,-0.0481,-0.0666,0.0961,-0.0351,0.4251,0.4251,0.0260,-0.1456,0.0323,0.7274,-0.8391,19.1711,-19.9682,-33.6952,-0.0138,0.0335,-0.0318
154331994,0.0029,-0.0035,0.1093,-0.0510,-0.0297,-0.1199,0.1403,-0.0239,0.4272,0.4272,0.4149,-0.3169,-2.3871,2.7244,-0.6949,19.1594,-19.9573,-33.7001,-0.0315,0.0547,-0.0343
154336994,0.0038,-0.0039,0.1484,-0.0944,-0.0447,-0.1603,0.1876,-0.0324,0.4304,0.4304,0.6521,-0.3598,-4.5792,2.7345,-0.6818,19.1410,-19.9387,-33.7026,-0.0644,0.1162,-0.0273
154341994,0.0046,-0.0044,0.1747,-0.0617,-0.0957,-0.1907,0.1907,-0.0111,0.4330,0.4330,0.5203,-0.2481,-2.7330,2.3130,-0.0841,19.1226,-19.9317,-33.7034,-0.1291,0.1376,-0.0333
154346994,0.0055,-0.0048,0.1442,-0.0376,-0.0233,-0.1858,0.1867,-0.0036,0.4352,0.4352,0.4301,-0.2559,-2.3397,2.2476,-0.5617,19.1132,-19.9166,-33.7055,-0.1494,0.1710,-0.0251
154351994,0.0060,-0.0047,0.0721,0.0266,-0.0356,-0.1550,0.1367,0.0141,0.4372,0.4372,0.4050,-0.1687,-2.3041,2.6582,0.1491,19.0994,-19.9059,-33.7058,-0.1849,0.1862,-0.0080
154356994,0.0060,-0.0044,-0.0589,0.0702,-0.1018,-0.0794,0.0682,-0.0007,0.4384,0.4384,0.2293,-0.0387,-2.2097,1.7011,0.2991,19.0902,-19.8939,-33.7044,-0.1732,0.1792,0.0099
154361994,0.0053,-0.0040,-0.1677,0.1240,-0.1003,-0.0031,-0.0043,-0.0043,0.4383,0.4383,-0.0191,0.1485,-0.6800,0.8180,1.1354,19.0841,-19.8908,-33.6994,-0.1600,0.1523,0.0035
154366994,0.0044,-0.0035,-0.2132,0.1600,-0.0621,0.0432,-0.0522,0.0018,0.4374,0.4374,-0.1754,0.2047,-0.1422,-0.0078,0.5670,19.0835,-19.8905,-33.6970,-0.1133,0.1038,0.0010
154371994,0.0032,-0.0027,-0.1961,0.1414,-0.0676,0.0538,-0.0595,-0.0022,0.4363,0.4363,-0.2131,0.1195,0.0374,-0.0107,-0.2928,19.0838,-19.8906,-33.6987,-0.0657,0.0795,0.0048
154376994,0.0024,-0.0021,-0.1454,0.1072,-0.0844,0.0393,-0.0450,-0.0040,0.4355,0.4355,-0.1725,0.0989,0.2116,-0.0368,-0.1434,19.0848,-19.8907,-33.6992,-0.0442,0.0421,0.0000
154381994,0.0018,-0.0018,-0.0898,0.0550,-0.0945,0.0171,-0.0130,-0.0150,0.4348,0.4348,-0.1384,0.0428,0.2782,-0.1849,-0.3418,19.0863,-19.8914,-33.7007,-0.0023,0.0009,-0.0031
154386994,0.0014,-0.0018,-0.0391,0.0024,-0.0844,-0.0057,0.0248,-0.0289,0.4339,0.4339,-0.1783,0.0297,0.9162,-0.8096,-0.4590,19.0899,-19.8943,-33.7028,0.0132,-0.0076,-0.0124
154391994,0.0013,-0.0019,-0.0009,-0.0257,-0.0670,-0.0241,0.0513,-0.0350,0.4327,0.4327,-0.2317,0.0112,1.2913,-1.5161,-1.0427,19.0982,-19.9033,-33.7077,0.0089,-0.0055,-0.0158
154396994,0.0014,-0.0020,0.0254,-0.0455,-0.0805,-0.0424,0.0715,-0.0384,0.4326,0.4326,-0.0227,-0.0750,-0.4056,-0.7522,-1.1325,19.0965,-19.9068,-33.7127,-0.0048,0.0218,-0.0345
154401994,0.0016,-0.0023,0.0895,-0.0510,-0.0508,-0.0854,0.1021,-0.0226,0.4346,0.4346,0.3872,-0.2715,-2.1488,2.5842,-0.2511,19.0850,-19.8952,-33.7157,-0.0280,0.0417,-0.0441
154406994,0.0022,-0.0027,0.1381,-0.0641,-0.0093,-0.1226,0.1365,-0.0150,0.4379,0.4379,0.6699,-0.4889,-3.4059,5.2476,-0.2121,19.0712,-19.8744,-33.7165,-0.0341,0.0448,-0.0363
154411994,0.0033,-0.0033,0.2673,-0.1206,-0.0328,-0.2199,0.2218,-0.0057,0.4410,0.4410,0.6161,-0.3956,-2.2088,3.4442,-0.0894,19.0566,-19.8503,-33.7169,-0.0966,0.1203,-0.0173
154416994,0.0045,-0.0038,0.2025,-0.0730,-0.1076,-0.2066,0.1946,-0.0006,0.4433,0.4433,0.4661,-0.2354,-1.8795,2.0994,0.0119,19.0491,-19.8418,-33.7170,-0.1360,0.1651,-0.0064
154421994,0.0055,-0.0042,0.1436,-0.0547,-0.1089,-0.1893,0.1822,-0.0055,0.4454,0.4454,0.4140,-0.1868,-1.9530,1.9081,0.2101,19.0375,-19.8310,-33.7157,-0.1550,0.1795,-0.0035
154426994,0.0058,-0.0042,0.0137,0.0208,-0.0933,-0.1180,0.1094,-0.0023,0.4469,0.4469,0.2945,-0.1458,-1.8898,2.3073,0.1673,19.0298,-19.8217,-33.7149,-0.1916,0.1874,-0.0047
154431994,0.0056,-0.0043,-0.0596,0.0318,-0.1098,-0.0714,0.0809,-0.0223,0.4473,0.4473,0.0965,-0.0753,-1.0569,1.3691,-0.0070,19.0220,-19.8122,-33.7150,-0.1789,0.1737,-0.0027
154436994,0.0048,-0.0039,-0.1136,0.0852,-0.1009,-0.0256,0.0254,-0.0115,0.4471,0.4471,-0.0429,0.0276,-0.3479,0.8103,0.0701,19.0208,-19.8089,-33.7146,-0.1574,0.1525,-0.0068
154441994,0.0042,-0.0034,-0.1115,0.0916,-0.0985,-0.0140,0.0082,-0.0056,0.4466,0.4466,-0.1094,0.0552,-0.0046,0.2527,-0.2158,19.0211,-19.8071,-33.7159,-0.1087,0.1064,-0.0125
154446994,0.0036,-0.0029,-0.0910,0.0693,-0.0786,-0.0152,0.0143,-0.0082,0.4461,0.4461,-0.0939,0.0753,0.1088,0.0383,0.1151,19.0215,-19.8070,-33.7153,-0.0652,0.0617,-0.0075
154451994,0.0032,-0.0027,-0.0538,0.0431,-0.0557,-0.0284,0.0319,-0.0099,0.4458,0.4458,-0.0593,0.0578,0.1193,-0.0366,0.1534,19.0221,-19.8073,-33.7144,-0.0431,0.0392,-0.0086
154456994,0.0029,-0.0025,-0.0354,0.0254,-0.0588,-0.0334,0.0405,-0.0139,0.4455,0.4455,-0.0644,0.0381,0.2041,-0.2007,-0.0372,19.0229,-19.8080,-33.7146,-0.0245,0.0225,-0.0080
154461994,0.0029,-0.0025,0.0339,-0.0119,-0.0502,-0.0748,0.0809,-0.0119,0.4461,0.4461,0.1212,-0.0772,-0.7622,0.6300,-0.2101,19.0197,-19.8055,-33.7156,-0.0272,0.0340,-0.0132
154466994,0.0031,-0.0027,0.0632,-0.0504,-0.0563,-0.0962,0.1136,-0.0239,0.4470,0.4470,0.1857,-0.1500,-1.0215,0.9829,-0.2988,19.0156,-19.8013,-33.7168,-0.0361,0.0403,-0.0121
154471994,0.0035,-0.0031,0.1145,-0.0770,-0.0591,-0.1342,0.1522,-0.0249,0.4486,0.4486,0.3181,-0.2075,-1.6083,1.4976,-0.1811,19.0075,-19.7930,-33.7178,-0.0766,0.0808,-0.0209
154476994,0.0040,-0.0036,0.1271,-0.0932,-0.0569,-0.1501,0.1769,-0.0335,0.4505,0.4505,0.3773,-0.2758,-1.9251,2.0355,-0.3132,18.9997,-19.7848,-33.7192,-0.1150,0.1239,-0.0233
154481994,0.0048,-0.0043,0.1313,-0.0846,-0.0588,-0.1678,0.1913,-0.0303,0.4525,0.4525,0.3921,-0.3157,-1.9438,2.4456,-0.5264,18.9884,-19.7703,-33.7224,-0.1367,0.1459,-0.0290
154486994,0.0054,-0.0048,0.1005,-0.0644,-0.0707,-0.1613,0.1861,-0.0330,0.4543,0.4543,0.3658,-0.2906,-1.8811,2.5281,-0.3798,18.9807,-19.7602,-33.7239,-0.1643,0.1864,-0.0314
154491994,0.0058,-0.0051,0.0470,-0.0205,-0.0832,-0.1381,0.1558,-0.0274,0.4556,0.4556,0.2709,-0.2197,-1.4353,2.3388,-0.2217,18.9714,-19.7457,-33.7257,-0.1668,0.1899,-0.0347
154496994,0.0059,-0.0051,-0.0208,0.0342,-0.0927,-0.0998,0.1086,-0.0196,0.4563,0.4563,0.1357,-0.1105,-0.8867,1.7862,-0.0724,18.9680,-19.7385,-33.7261,-0.1618,0.1881,-0.0311
154501994,0.0058,-0.0049,-0.0654,0.0803,-0.1027,-0.0710,0.0668,-0.0077,0.4563,0.4563,-0.0075,0.0101,-0.1434,0.9528,0.0520,18.9669,-19.7316,-33.7258,-0.1307,0.1538,-0.0215
154506994,0.0056,-0.0045,-0.0883,0.1057,-0.1067,-0.0536,0.0384,0.0028,0.4560,0.4560,-0.0481,0.0870,0.0200,0.5880,0.3496,18.9671,-19.7292,-33.7246,-0.0851,0.1101,-0.0112
154511994,0.0051,-0.0040,-0.0690,0.1038,-0.1031,-0.0556,0.0319,0.0118,0.4558,0.4558,-0.0553,0.1529,0.1903,0.0281,0.6604,18.9680,-19.7288,-33.7208,-0.0653,0.0883,-0.0049
154516994,0.0047,-0.0036,-0.0470,0.0684,-0.1012,-0.0617,0.0468,0.0031,0.4556,0.4556,-0.0249,0.1224,0.0640,-0.0367,0.6590,18.9685,-19.7290,-33.7176,-0.0521,0.0422,0.0094
154521994,0.0046,-0.0034,-0.0009,0.0284,-0.0918,-0.0867,0.0765,-0.0004,0.4562,0.4562,0.1066,0.1079,-0.5168,0.1697,1.1940,18.9664,-19.7285,-33.7109,-0.0572,0.0399,0.0031
154526994,0.0047,-0.0033,0.0428,-0.0003,-0.0597,-0.1140,0.1052,0.0019,0.4571,0.4571,0.1778,-0.0618,-0.8072,1.0923,0.3021,18.9628,-19.7242,-33.7097,-0.0634,0.0424,0.0065
154531994,0.0052,-0.0034,0.0742,-0.0522,-0.0801,-0.1420,0.1468,-0.0141,0.4586,0.4586,0.2970,-0.2256,-1.5516,2.0437,-0.1854,18.9540,-19.7126,-33.7108,-0.0958,0.0788,0.0055
154536994,0.0057,-0.0038,0.0614,-0.0709,-0.0814,-0.1445,0.1639,-0.0289,0.4602,0.4602,0.3347,-0.2622,-1.9601,2.3132,-0.1469,18.9460,-19.7034,-33.7114,-0.1318,0.1190,-0.0099
154541994,0.0060,-0.0044,0.0385,-0.0614,-0.0945,-0.1364,0.1636,-0.0381,0.4617,0.4617,0.3017,-0.3484,-2.0309,2.7456,-0.9459,18.9337,-19.6875,-33.7164,-0.1463,0.1410,-0.0133
154546994,0.0062,-0.0048,0.0226,-0.0272,-0.0908,-0.1301,0.1497,-0.0301,0.4628,0.4628,0.2210,-0.3781,-1.5499,2.9146,-1.5978,18.9272,-19.6757,-33.7234,-0.1429,0.1638,-0.0344
154551994,0.0062,-0.0047,-0.0510,0.0373,-0.0872,-0.0863,0.0933,-0.0172,0.4635,0.4635,0.1247,-0.1684,-0.9409,2.3386,-0.3036,18.9212,-19.6607,-33.7270,-0.1351,0.1568,-0.0397
154556994,0.0059,-0.0045,-0.0712,0.0739,-0.0927,-0.0702,0.0640,-0.0046,0.4637,0.4637,0.0521,-0.0397,-0.5562,1.5474,0.0889,18.9198,-19.6545,-33.7263,-0.1273,0.1536,-0.0316
154561994,0.0054,-0.0042,-0.0901,0.1087,-0.1202,-0.0504,0.0297,0.0068,0.4636,0.4636,-0.0235,0.0985,0.0034,0.8113,0.6826,18.9182,-19.6492,-33.7230,-0.0924,0.1123,-0.0103
154566994,0.0049,-0.0036,-0.0681,0.1362,-0.1312,-0.0543,0.0075,0.0317,0.4634,0.4634,-0.0324,0.1967,0.0750,0.0837,0.8635,18.9186,-19.6490,-33.7201,-0.0567,0.0670,0.0031
154571994,0.0046,-0.0029,-0.0406,0.1188,-0.1235,-0.0658,0.0111,0.0404,0.4635,0.4635,0.0111,0.2067,-0.0261,-0.0151,1.1169,18.9188,-19.6492,-33.7135,-0.0516,0.0434,0.0090
154576994,0.0047,-0.0025,0.0107,0.0635,-0.0994,-0.0962,0.0484,0.0363,0.4642,0.4642,0.1339,0.2301,-0.3561,-0.0552,2.0891,18.9173,-19.6493,-33.7051,-0.0608,0.0103,0.0311
154581994,0.0048,-0.0023,0.0498,0.0147,-0.0957,-0.1218,0.0839,0.0268,0.4653,0.4653,0.2188,0.1149,-1.0548,0.1820,1.4726,18.9117,-19.6489,-33.6932,-0.0799,0.0221,0.0467
154586994,0.0052,-0.0024,0.0712,-0.0553,-0.1229,-0.1427,0.1311,-0.0027,0.4667,0.4667,0.2926,-0.1511,-1.6419,1.4404,0.2083,18.9063,-19.6435,-33.6921,-0.0969,0.0362,0.0443
154591994,0.0058,-0.0028,0.0855,-0.0956,-0.0597,-0.1595,0.1701,-0.0175,0.4690,0.4690,0.4473,-0.3638,-2.4312,3.3217,-0.1250,18.8904,-19.6239,-33.6929,-0.1250,0.0789,0.0203
154596994,0.0062,-0.0033,0.0513,-0.1194,-0.0600,-0.1458,0.1828,-0.0440,0.4710,0.4710,0.4034,-0.4277,-2.5512,3.3510,-0.6121,18.8800,-19.6105,-33.6954,-0.1568,0.1320,-0.0097
154601994,0.0064,-0.0040,0.0159,-0.1029,-0.0789,-0.1301,0.1770,-0.0560,0.4725,0.4725,0.2958,-0.4882,-2.2644,3.3291,-1.6262,18.8660,-19.5908,-33.7041,-0.1514,0.1543,-0.0149
154606994,0.0063,-0.0046,-0.0321,-0.0641,-0.0887,-0.1002,0.1513,-0.0614,0.4730,0.4730,0.1178,-0.5587,-1.4005,3.4477,-2.9137,18.8604,-19.5770,-33.7156,-0.1411,0.1777,-0.0437
154611994,0.0058,-0.0047,-0.1063,0.0189,-0.1260,-0.0484,0.0833,-0.0495,0.4731,0.4731,0.0060,-0.3479,-0.4821,3.1269,-1.5878,18.8569,-19.5574,-33.7271,-0.1167,0.1683,-0.0721
154616994,0.0051,-0.0044,-0.1307,0.1179,-0.0780,-0.0195,0.0155,-0.0051,0.4729,0.4729,-0.0391,-0.0830,-0.1813,2.1308,-0.4492,18.8564,-19.5487,-33.7285,-0.0983,0.1578,-0.0693
154621994,0.0046,-0.0038,-0.0816,0.1726,-0.1061,-0.0405,-0.0137,0.0419,0.4726,0.4726,-0.0550,0.1239,0.2418,0.8501,0.2273,18.8578,-19.5421,-33.7268,-0.0595,0.1156,-0.0452
154626994,0.0042,-0.0028,-0.0620,0.1881,-0.1244,-0.0444,-0.0364,0.0663,0.4724,0.4724,-0.0326,0.2196,0.2441,0.3690,0.7758,18.8587,-19.5406,-33.7243,-0.0372,0.0701,-0.0046
154631994,0.0040,-0.0019,-0.0107,0.1723,-0.1461,-0.0726,-0.0306,0.0862,0.4730,0.4730,0.1211,0.3400,-0.3982,-0.0091,2.1507,18.8572,-19.5408,-33.7129,-0.0395,0.0456,0.0136
154636994,0.0043,-0.0012,0.0495,0.1048,-0.1336,-0.1133,0.0140,0.0838,0.4744,0.4744,0.2795,0.3847,-0.7992,-0.0389,3.5650,18.8538,-19.5409,-33.6988,-0.0534,0.0013,0.0516
154641994,0.0048,-0.0006,0.0913,0.0950,-0.1183,-0.1459,0.0266,0.1055,0.4760,0.4760,0.3035,0.3308,-1.6591,-0.8122,2.2200,18.8449,-19.5449,-33.6821,-0.0869,-0.0034,0.0969
154646994,0.0054,-0.0007,0.0892,-0.0318,-0.1983,-0.1587,0.0943,0.0414,0.4773,0.4773,0.2751,0.0937,-2.0587,-0.7935,0.8151,18.8382,-19.5490,-33.6786,-0.1091,0.0123,0.1036
154651994,0.0058,-0.0010,0.0678,-0.0895,-0.1449,-0.1528,0.1295,0.0064,0.4793,0.4793,0.3911,-0.1596,-2.5856,1.4655,0.5631,18.8212,-19.5432,-33.6752,-0.1469,0.0217,0.0998
154656994,0.0058,-0.0017,0.0199,-0.1475,-0.0572,-0.1207,0.1597,-0.0457,0.4814,0.4814,0.4125,-0.4075,-2.5656,3.4775,0.1372,18.8109,-19.5299,-33.6746,-0.1549,0.0494,0.0581
154661994,0.0062,-0.0029,0.0589,-0.1915,-0.0062,-0.1498,0.2189,-0.0699,0.4838,0.4838,0.4852,-0.6671,-2.0312,5.7718,-0.3350,18.7983,-19.4932,-33.6761,-0.1372,0.0749,0.0373
154666994,0.0060,-0.0039,-0.0040,-0.2019,-0.0795,-0.1116,0.2170,-0.1147,0.4849,0.4849,0.2212,-0.5977,-1.2199,3.8319,-1.2538,18.7933,-19.4786,-33.6812,-0.1382,0.1532,-0.0008
154671994,0.0059,-0.0049,-0.0183,-0.1451,-0.1727,-0.1044,0.1948,-0.1104,0.4854,0.4854,0.0977,-0.5639,-1.3145,2.6697,-2.7190,18.7867,-19.4626,-33.6952,-0.1300,0.1884,-0.0372
154676994,0.0058,-0.0057,-0.0373,-0.1066,-0.1064,-0.0885,0.1840,-0.1078,0.4856,0.4856,0.0412,-0.6183,-1.0525,3.1099,-3.4735,18.7835,-19.4505,-33.7103,-0.1134,0.1966,-0.0660
154681994,0.0054,-0.0057,-0.1158,0.0431,-0.0945,-0.0335,0.0814,-0.0588,0.4853,0.4853,-0.0573,-0.3850,-0.0742,3.3294,-2.1722,18.7828,-19.4301,-33.7231,-0.1010,0.1872,-0.1155
154686994,0.0048,-0.0055,-0.1228,0.0971,-0.0890,-0.0199,0.0433,-0.0337,0.4850,0.4850,-0.0550,-0.1970,-0.0705,2.5762,-1.2025,18.7826,-19.4199,-33.7283,-0.0747,0.1726,-0.1023
154691994,0.0043,-0.0047,-0.0883,0.1885,-0.1156,-0.0306,-0.0121,0.0293,0.4850,0.4850,0.0001,0.0588,0.0584,1.8771,0.2141,18.7826,-19.4079,-33.7281,-0.0328,0.1513,-0.0802
154696994,0.0039,-0.0037,-0.0449,0.2156,-0.1473,-0.0499,-0.0345,0.0673,0.4851,0.4851,0.0119,0.1450,0.2094,1.2974,0.3922,18.7834,-19.4028,-33.7263,-0.0276,0.1097,-0.0317
154701994,0.0039,-0.0026,0.0153,0.1946,-0.1476,-0.0856,-0.0235,0.0919,0.4858,0.4858,0.1489,0.2634,-0.3646,0.6813,1.5696,18.7821,-19.3985,-33.7180,-0.0370,0.0649,0.0064
154706994,0.0041,-0.0016,0.0247,0.1741,-0.1455,-0.0955,-0.0240,0.1026,0.4873,0.4873,0.2887,0.3202,-1.4042,0.5957,2.4774,18.7737,-19.3960,-33.7082,-0.0649,0.0415,0.0269
154711994,0.0045,-0.0007,0.0675,0.1484,-0.1046,-0.1260,-0.0074,0.1213,0.4893,0.4893,0.4018,0.3794,-1.8985,0.3374,3.3106,18.7662,-19.3931,-33.6865,-0.0856,0.0009,0.0794
154716994,0.0047,-0.0002,0.0232,0.0846,-0.1449,-0.1055,0.0039,0.0848,0.4907,0.4907,0.2838,0.2971,-2.1976,-0.6613,2.0699,18.7527,-19.3953,-33.6784,-0.1066,-0.0016,0.1295
154721994,0.0049,-0.0000,0.0431,0.0110,-0.1852,-0.1225,0.0446,0.0565,0.4920,0.4920,0.2532,0.1881,-2.3258,-1.1219,1.1503,18.7435,-19.4028,-33.6706,-0.1110,-0.0003,0.1259
154726994,0.0048,-0.0002,-0.0281,-0.0571,-0.1119,-0.0761,0.0630,0.0002,0.4924,0.4924,0.0952,-0.0067,-1.4089,-0.3590,0.2868,18.7337,-19.4046,-33.6695,-0.1160,0.0065,0.0856
154731994,0.0050,-0.0008,-0.0021,-0.1432,-0.0304,-0.0909,0.1292,-0.0418,0.4936,0.4936,0.2240,-0.3368,-1.5229,2.2396,-0.2486,18.7278,-19.3941,-33.6708,-0.1129,0.0352,0.0433
154736994,0.0046,-0.0017,-0.0305,-0.1860,-0.0096,-0.0680,0.1558,-0.0889,0.4946,0.4946,0.2027,-0.6062,-0.8020,4.4958,-0.9012,18.7220,-19.3764,-33.6740,-0.0948,0.0404,0.0234
154741994,0.0046,-0.0030,0.0153,-0.2269,-0.0252,-0.0942,0.2099,-0.1186,0.4958,0.4958,0.2502,-0.8783,-0.7074,6.0959,-2.2733,18.7191,-19.3359,-33.6862,-0.0858,0.1083,-0.0134
154746994,0.0045,-0.0040,0.0061,-0.2065,-0.1012,-0.0890,0.2086,-0.1314,0.4964,0.4964,0.1160,-0.8257,-0.9003,4.3041,-3.6587,18.7136,-19.3196,-33.7005,-0.0786,0.1666,-0.0550
154751994,0.0045,-0.0050,0.0052,-0.1469,-0.1849,-0.0927,0.1906,-0.1193,0.4971,0.4971,0.1363,-0.5668,-1.3397,2.8190,-2.5820,18.7084,-19.3028,-33.7190,-0.0879,0.1839,-0.0961
154756994,0.0047,-0.0055,0.0211,-0.0379,-0.0294,-0.0995,0.1545,-0.0584,0.4981,0.4981,0.2053,-0.4256,-1.2761,3.2686,-1.7162,18.7006,-19.2899,-33.7258,-0.0928,0.1952,-0.1303
154761994,0.0048,-0.0052,-0.0098,0.1011,-0.0288,-0.0832,0.0711,0.0088,0.4990,0.4990,0.1802,-0.1870,-1.1525,2.8156,-0.8870,18.6962,-19.2718,-33.7322,-0.1003,0.1816,-0.1094
154766994,0.0047,-0.0047,-0.0241,0.1390,-0.0899,-0.0754,0.0373,0.0277,0.4999,0.4999,0.1778,-0.0333,-1.3945,1.9613,-0.2532,18.6883,-19.2638,-33.7336,-0.0842,0.1626,-0.0892
154771994,0.0044,-0.0040,-0.0568,0.1967,-0.0866,-0.0502,-0.0165,0.0566,0.5004,0.5004,0.1015,0.1849,-1.1982,0.6408,0.4891,18.6835,-19.2587,-33.7310,-0.0789,0.1206,-0.0422
154776994,0.0041,-0.0029,-0.0498,0.1888,-0.0533,-0.0489,-0.0285,0.0712,0.5008,0.5008,0.0869,0.2427,-1.1343,0.0412,0.7336,18.6767,-19.2587,-33.7286,-0.0638,0.0719,-0.0014
154781994,0.0040,-0.0020,-0.0302,0.1536,-0.0209,-0.0566,-0.0194,0.0736,0.5015,0.5015,0.1254,0.2892,-0.9092,-0.0479,1.6967,18.6731,-19.2591,-33.7193,-0.0483,0.0479,0.0192
154786994,0.0041,-0.0014,0.0144,0.1014,-0.0313,-0.0847,0.0101,0.0710,0.5027,0.5027,0.2451,0.3228,-1.3130,-0.1676,2.6810,18.6661,-19.2597,-33.7082,-0.0514,0.0044,0.0634
154791994,0.0040,-0.0010,0.0165,0.0843,-0.0765,-0.0860,0.0106,0.0665,0.5036,0.5036,0.1715,0.2360,-1.7819,-1.0294,0.9176,18.6591,-19.2646,-33.7008,-0.0651,0.0010,0.0845
154796994,0.0041,-0.0009,0.0363,-0.0067,-0.1119,-0.1016,0.0614,0.0272,0.5046,0.5046,0.2123,0.0607,-2.2840,-0.7560,0.1056,18.6458,-19.2682,-33.7004,-0.0851,0.0086,0.0785
154801994,0.0042,-0.0010,0.0199,-0.0510,-0.0267,-0.0906,0.0855,0.0020,0.5058,0.5058,0.2460,-0.0856,-2.2753,0.4657,0.0181,18.6366,-19.2665,-33.7006,-0.0929,0.0122,0.0577
154806994,0.0044,-0.0015,0.0104,-0.1277,0.0384,-0.0856,0.1342,-0.0441,0.5072,0.5072,0.2677,-0.2818,-2.0465,1.8097,-0.1733,18.6239,-19.2598,-33.7011,-0.0956,0.0430,0.0167
154811994,0.0044,-0.0027,0.0006,-0.1790,0.0500,-0.0803,0.1775,-0.0914,0.5086,0.5086,0.2911,-0.6649,-1.5700,4.7891,-1.4561,18.6177,-19.2333,-33.7080,-0.0879,0.0571,0.0044
154816994,0.0046,-0.0035,0.0049,-0.1863,-0.0004,-0.0872,0.1947,-0.1075,0.5095,0.5095,0.1812,-0.6688,-1.5498,3.5154,-2.6898,18.6088,-19.2193,-33.7185,-0.0828,0.1318,-0.0291
154821994,0.0046,-0.0046,-0.0128,-0.1741,-0.1043,-0.0798,0.1969,-0.1291,0.5097,0.5097,0.0381,-0.7263,-1.3591,2.7557,-4.3504,18.6033,-19.2024,-33.7449,-0.0863,0.1726,-0.0854
154826994,0.0044,-0.0054,-0.0312,-0.1038,-0.0465,-0.0642,0.1688,-0.1101,0.5101,0.5101,0.0804,-0.6127,-1.5344,2.9772,-3.5697,18.5937,-19.1907,-33.7586,-0.0825,0.1899,-0.1099
154831994,0.0041,-0.0054,-0.0504,0.0535,0.0228,-0.0451,0.0830,-0.0353,0.5107,0.5107,0.1096,-0.4226,-1.3405,3.5005,-2.6210,18.5885,-19.1697,-33.7757,-0.0753,0.1853,-0.1272
154836994,0.0038,-0.0050,-0.0458,0.1170,-0.0203,-0.0430,0.0406,0.0000,0.5112,0.5112,0.0957,-0.2259,-0.9691,2.8109,-1.5977,18.5828,-19.1581,-33.7821,-0.0533,0.1595,-0.1053
154841994,0.0036,-0.0043,-0.0113,0.1772,-0.0710,-0.0616,0.0046,0.0488,0.5118,0.5118,0.1293,0.0232,-0.6814,1.8753,-0.1030,18.5799,-19.1458,-33.7838,-0.0426,0.1396,-0.0841
154846994,0.0035,-0.0033,0.0183,0.2214,-0.0927,-0.0787,-0.0264,0.0943,0.5127,0.5127,0.1841,0.1665,-1.1653,1.0344,0.3279,18.5737,-19.1419,-33.7824,-0.0462,0.1006,-0.0340
154851994,0.0038,-0.0021,0.0666,0.2245,-0.0670,-0.1107,-0.0303,0.1332,0.5140,0.5140,0.2588,0.3370,-1.5490,-0.1319,1.3139,18.5675,-19.1420,-33.7759,-0.0698,0.0523,0.0043
154856994,0.0042,-0.0011,0.0816,0.1655,-0.0365,-0.1268,-0.0060,0.1286,0.5158,0.5158,0.3632,0.3514,-2.0907,-0.1499,2.2401,18.5552,-19.1427,-33.7670,-0.0948,0.0281,0.0246
154861994,0.0048,-0.0004,0.0730,0.1323,-0.0139,-0.1313,0.0031,0.1266,0.5178,0.5178,0.3924,0.3718,-2.5900,-0.5729,2.5056,18.5450,-19.1459,-33.7494,-0.1121,-0.0023,0.0807
154866994,0.0053,-0.0001,0.0538,0.0797,-0.0026,-0.1287,0.0240,0.1044,0.5197,0.5197,0.3702,0.3037,-2.9894,-0.9040,1.9719,18.5269,-19.1501,-33.7413,-0.1295,0.0029,0.1299
154871994,0.0055,0.0001,0.0153,0.0061,-0.0310,-0.1113,0.0496,0.0581,0.5210,0.5210,0.2662,0.0745,-2.7407,-0.3835,0.4900,18.5159,-19.1541,-33.7372,-0.1309,0.0055,0.1339
154876994,0.0053,-0.0002,-0.0385,-0.0699,-0.0065,-0.0758,0.0755,-0.0005,0.5218,0.5218,0.1722,-0.1022,-2.1643,0.3909,-0.0275,18.5021,-19.1526,-33.7377,-0.1262,0.0231,0.0980
154881994,0.0052,-0.0008,-0.0596,-0.1527,0.0292,-0.0593,0.1223,-0.0597,0.5228,0.5228,0.1991,-0.4109,-1.4753,3.0642,-0.2530,18.4964,-19.1372,-33.7387,-0.1048,0.0448,0.0547
154886994,0.0050,-0.0020,-0.0098,-0.2376,0.0158,-0.0850,0.1962,-0.1094,0.5236,0.5236,0.1601,-0.6164,-0.5950,3.7305,-1.1353,18.4919,-19.1211,-33.7432,-0.0658,0.0724,0.0359
154891994,0.0047,-0.0033,-0.0162,-0.2443,-0.1336,-0.0820,0.2097,-0.1432,0.5239,0.5239,0.0442,-0.6101,-0.2383,2.7854,-1.9167,18.4912,-19.1051,-33.7541,-0.0652,0.1235,-0.0073
154896994,0.0050,-0.0046,0.0321,-0.2217,-0.1867,-0.1177,0.2300,-0.1385,0.5247,0.5247,0.1733,-0.6713,-1.3571,3.1050,-2.6767,18.4840,-19.0927,-33.7644,-0.0777,0.1609,-0.0445
154901994,0.0057,-0.0054,0.1002,-0.1176,-0.1513,-0.1681,0.2215,-0.0710,0.5259,0.5259,0.2379,-0.4919,-1.0561,2.8838,-1.9289,18.4801,-19.0741,-33.7792,-0.1005,0.1858,-0.0855
154906994,0.0066,-0.0057,0.1426,-0.0367,-0.1498,-0.2101,0.2058,-0.0131,0.5275,0.5275,0.3140,-0.3113,-1.6042,2.0686,-1.4655,18.4721,-19.0658,-33.7852,-0.1193,0.2296,-0.1058
154911994,0.0075,-0.0057,0.1338,0.0257,-0.1012,-0.2192,0.1815,0.0259,0.5294,0.5294,0.3858,-0.0728,-2.1227,1.3165,0.0484,18.4636,-19.0572,-33.7853,-0.1609,0.2146,-0.0601
154916994,0.0081,-0.0055,0.0916,0.0660,-0.0569,-0.2050,0.1535,0.0449,0.5311,0.5311,0.3379,-0.0285,-2.0379,1.3116,0.0942,18.4512,-19.0521,-33.7849,-0.2071,0.2051,-0.0364
154921994,0.0087,-0.0051,0.0736,0.0831,-0.0328,-0.2039,0.1379,0.0621,0.5330,0.5330,0.3714,0.0651,-2.2294,1.2020,0.9702,18.4424,-19.0447,-33.7796,-0.2123,0.1727,0.0035
154926994,0.0089,-0.0047,-0.0089,0.0773,-0.0588,-0.1596,0.1102,0.0425,0.5346,0.5346,0.3184,0.1839,-2.3634,0.5958,1.9673,18.4283,-19.0421,-33.7719,-0.2040,0.1454,0.0375
154931994,0.0089,-0.0044,-0.0379,0.0736,-0.0368,-0.1423,0.1005,0.0376,0.5359,0.5359,0.2695,0.1998,-2.3430,0.2685,1.8900,18.4189,-19.0400,-33.7576,-0.1857,0.1377,0.0505
154936994,0.0085,-0.0042,-0.1176,0.0779,-0.0820,-0.0898,0.0662,0.0140,0.5363,0.5363,0.0725,0.1379,-1.6545,0.0765,0.8457,18.4073,-19.0397,-33.7539,-0.1684,0.1024,0.0540
154941994,0.0080,-0.0040,-0.1512,0.0373,-0.1134,-0.0611,0.0681,-0.0202,0.5359,0.5359,-0.0802,-0.0208,-0.9519,0.2120,-0.5384,18.4034,-19.0390,-33.7576,-0.1351,0.0825,0.0272
154946994,0.0070,-0.0041,-0.1851,-0.0379,-0.1095,-0.0235,0.0887,-0.0779,0.5350,0.5350,-0.1785,-0.1010,-0.3270,0.1526,-0.6621,18.4004,-19.0383,-33.7595,-0.0909,0.0681,0.0128
154951994,0.0061,-0.0043,-0.1549,-0.0632,-0.0841,-0.0242,0.1073,-0.0929,0.5339,0.5339,-0.2101,-0.2616,-0.0193,0.6398,-1.9137,18.4002,-19.0349,-33.7701,-0.0682,0.0722,-0.0171
154956994,0.0058,-0.0047,-0.1066,-0.0965,-0.1027,-0.0464,0.1412,-0.1067,0.5329,0.5329,-0.2018,-0.5060,0.1902,1.7613,-3.5076,18.4008,-19.0277,-33.7838,-0.0248,0.0943,-0.0511
154961994,0.0054,-0.0056,-0.0629,-0.1417,-0.1519,-0.0669,0.1863,-0.1370,0.5327,0.5327,-0.0504,-0.5440,-0.0379,2.6877,-2.4843,18.4010,-19.0123,-33.8016,-0.0369,0.1041,-0.1152
154966994,0.0054,-0.0062,0.0290,-0.0654,-0.1223,-0.1211,0.1849,-0.0779,0.5338,0.5338,0.2282,-0.4563,-1.5436,3.1872,-1.8403,18.3935,-18.9997,-33.8090,-0.0422,0.1438,-0.1295
154971994,0.0057,-0.0063,0.0834,0.0134,-0.1211,-0.1583,0.1653,-0.0210,0.5357,0.5357,0.3893,-0.4137,-2.0089,4.1447,-1.3462,18.3852,-18.9757,-33.8171,-0.0754,0.1788,-0.1280
154976994,0.0062,-0.0061,0.0953,0.0803,-0.1192,-0.1753,0.1376,0.0240,0.5380,0.5380,0.4543,-0.2967,-2.2075,4.2160,-0.6290,18.3721,-18.9586,-33.8187,-0.1207,0.1791,-0.1083
154981994,0.0068,-0.0058,0.0956,0.1200,-0.1137,-0.1862,0.1170,0.0560,0.5403,0.5403,0.4619,-0.0989,-2.5276,2.9591,0.1460,18.3620,-18.9385,-33.8178,-0.1407,0.1665,-0.0655
154986994,0.0073,-0.0050,0.0562,0.1683,-0.0838,-0.1712,0.0741,0.0873,0.5424,0.5424,0.4055,0.0853,-2.9552,1.4680,0.3972,18.3447,-18.9325,-33.8161,-0.1813,0.1369,-0.0236
154991994,0.0076,-0.0042,0.0113,0.1613,-0.0356,-0.1478,0.0553,0.0884,0.5441,0.5441,0.3508,0.2196,-2.8137,0.5918,1.3387,18.3331,-18.9292,-33.8092,-0.1777,0.1206,0.0156
154996994,0.0075,-0.0036,-0.0748,0.1029,-0.1333,-0.0981,0.0460,0.0366,0.5451,0.5451,0.2065,0.2357,-1.8054,0.4739,2.1834,18.3213,-18.9272,-33.8010,-0.1716,0.0758,0.0360
155001994,0.0072,-0.0032,-0.1017,0.1130,-0.2515,-0.0813,0.0188,0.0333,0.5456,0.5456,0.0998,0.2388,-1.4462,-0.0110,1.6071,18.3155,-18.9272,-33.7873,-0.1393,0.0456,0.0669
155006994,0.0067,-0.0030,-0.1341,0.0666,-0.4403,-0.0609,0.0185,-0.0087,0.5454,0.5454,-0.0499,0.0965,-0.4896,0.2556,0.6415,18.3112,-18.9262,-33.7855,-0.0996,0.0397,0.0530
155011994,0.0059,-0.0028,-0.1390,0.0244,-0.4644,-0.0445,0.0271,-0.0364,0.5445,0.5445,-0.1752,-0.0196,-0.0201,-0.1402,-0.7083,18.3114,-18.9264,-33.7907,-0.0782,0.0200,0.0361
155016994,0.0052,-0.0032,-0.1118,-0.0565,-0.3895,-0.0445,0.0797,-0.0803,0.5437,0.5437,-0.1627,-0.1423,0.0195,0.0035,-1.1019,18.3115,-18.9266,-33.7952,-0.0483,0.0231,-0.0071
155021994,0.0048,-0.0036,-0.0510,-0.0843,-0.3593,-0.0716,0.1158,-0.0858,0.5430,0.5430,-0.1388,-0.3855,-0.0306,0.9278,-2.9493,18.3116,-18.9223,-33.8101,-0.0425,0.0258,-0.0385
155026994,0.0048,-0.0042,-0.0247,-0.1381,-0.3648,-0.0863,0.1593,-0.1153,0.5428,0.5428,-0.0398,-0.5491,-0.6806,1.7930,-3.4964,18.3088,-18.9153,-33.8256,-0.0462,0.0617,-0.0861
155031994,0.0051,-0.0050,0.0379,-0.1307,-0.3514,-0.1301,0.1913,-0.1019,0.5440,0.5440,0.2293,-0.4864,-1.5805,2.8367,-1.7370,18.3025,-18.8992,-33.8367,-0.0752,0.1070,-0.1118
155036994,0.0055,-0.0056,0.0727,-0.0706,-0.3138,-0.1560,0.1857,-0.0660,0.5456,0.5456,0.3373,-0.4345,-2.2238,3.0621,-1.6199,18.2889,-18.8868,-33.8417,-0.1030,0.1332,-0.1149
155041994,0.0060,-0.0057,0.0797,0.0333,-0.2988,-0.1689,0.1415,-0.0073,0.5475,0.5475,0.3787,-0.3057,-2.5606,2.9465,-1.4146,18.2788,-18.8689,-33.8520,-0.1236,0.1775,-0.0993
155046994,0.0064,-0.0054,0.0428,0.1200,-0.3147,-0.1544,0.0834,0.0346,0.5496,0.5496,0.4058,-0.1559,-3.0560,2.7604,-0.7907,18.2609,-18.8578,-33.8552,-0.1639,0.1780,-0.0624
155051994,0.0063,-0.0045,-0.0528,0.1961,-0.3288,-0.0976,0.0018,0.0577,0.5508,0.5508,0.2569,0.1411,-2.8155,0.9865,0.2755,18.2493,-18.8493,-33.8538,-0.1621,0.1627,-0.0162
155056994,0.0059,-0.0034,-0.1277,0.2254,-0.2973,-0.0445,-0.0552,0.0653,0.5511,0.5511,0.0410,0.2765,-1.5439,0.0059,0.6608,18.2390,-18.8495,-33.8511,-0.1575,0.1151,0.0093
155061994,0.0052,-0.0026,-0.1747,0.2013,-0.2943,-0.0049,-0.0769,0.0477,0.5511,0.5511,0.0046,0.4031,-0.9019,-0.2024,2.3953,18.2354,-18.8505,-33.8399,-0.1146,0.0662,0.0430
155066994,0.0040,-0.0016,-0.2053,0.2107,-0.3156,0.0342,-0.1175,0.0467,0.5505,0.5505,-0.1060,0.4100,-0.2298,-0.4063,2.1581,18.2337,-18.8521,-33.8325,-0.0676,0.0454,0.0653
155071994,0.0034,-0.0009,-0.1744,0.1542,-0.4036,0.0250,-0.0997,0.0279,0.5495,0.5495,-0.2119,0.2010,0.0352,-0.6830,-0.0828,18.2338,-18.8559,-33.8313,-0.0466,0.0026,0.0600
155076994,0.0027,-0.0008,-0.1295,0.0779,-0.4222,0.0112,-0.0576,-0.0026,0.5483,0.5483,-0.2318,0.1523,0.5690,-1.0483,-0.0923,18.2364,-18.8598,-33.8319,-0.0045,-0.0333,0.0376
155081994,0.0023,-0.0008,-0.1164,0.0180,-0.4002,0.0120,-0.0258,-0.0326,0.5462,0.5462,-0.4223,0.2822,1.4554,-3.6491,-0.2551,18.2422,-18.8776,-33.8332,0.0040,-0.0402,0.0087
155086994,0.0021,-0.0010,-0.0757,-0.0027,-0.3773,-0.0078,-0.0014,-0.0346,0.5440,0.5440,-0.4425,0.1719,2.2157,-2.9909,-0.7460,18.2553,-18.8923,-33.8360,0.0063,-0.0661,-0.0092
155091994,0.0022,-0.0014,-0.0348,-0.0360,-0.2811,-0.0291,0.0388,-0.0423,0.5430,0.5430,-0.1962,-0.2847,1.2200,1.0217,-2.1758,18.2611,-18.8892,-33.8457,0.0117,-0.0304,-0.0215
155096994,0.0025,-0.0020,0.0299,-0.1124,-0.3129,-0.0761,0.1093,-0.0695,0.5436,0.5436,0.1161,-0.3849,-0.8708,1.8401,-1.6645,18.2573,-18.8812,-33.8595,-0.0147,-0.0099,-0.0534
155101994,0.0032,-0.0027,0.0996,-0.0947,-0.2985,-0.1288,0.1385,-0.0443,0.5454,0.5454,0.3607,-0.3782,-1.8832,2.8469,-0.7978,18.2497,-18.8666,-33.8619,-0.0235,0.0306,-0.0559
155106994,0.0038,-0.0034,0.0794,-0.1158,-0.2252,-0.1267,0.1641,-0.0636,0.5489,0.5489,0.6936,-0.6300,-4.6839,5.4607,-1.1523,18.2256,-18.8453,-33.8690,-0.0546,0.0575,-0.0612
155111994,0.0047,-0.0040,0.1429,-0.0950,-0.1929,-0.1792,0.1912,-0.0343,0.5523,0.5523,0.6927,-0.4656,-4.3091,4.1944,-0.5722,18.2070,-18.8139,-33.8717,-0.1260,0.1193,-0.0616
155116994,0.0048,-0.0043,-0.0034,-0.0125,-0.2158,-0.0954,0.1105,-0.0400,0.5536,0.5536,0.2596,-0.2851,-2.5766,2.1032,-1.4054,18.1893,-18.8044,-33.8790,-0.1458,0.1766,-0.0556
155121994,0.0045,-0.0042,-0.1048,0.0611,-0.2188,-0.0300,0.0376,-0.0330,0.5541,0.5541,0.0955,-0.0730,-2.3047,0.7859,-0.9428,18.1805,-18.8005,-33.8827,-0.1561,0.1688,-0.0405
155126994,0.0033,-0.0038,-0.2190,0.1127,-0.2237,0.0592,-0.0392,-0.0459,0.5534,0.5534,-0.1441,0.0221,-1.2262,0.1892,-0.9782,18.1715,-18.7995,-33.8882,-0.1186,0.1461,-0.0315
155131994,0.0021,-0.0031,-0.2120,0.1775,-0.2200,0.0777,-0.0927,-0.0105,0.5520,0.5520,-0.2709,0.1414,-0.1327,-0.5588,-1.0237,18.1712,-18.8021,-33.8925,-0.0960,0.0989,-0.0368
155136994,0.0007,-0.0022,-0.2395,0.1915,-0.2280,0.1185,-0.1354,-0.0095,0.5503,0.5503,-0.3398,0.1906,0.0633,-1.0495,-1.0616,18.1717,-18.8063,-33.8998,-0.0451,0.0541,-0.0373
155141994,-0.0004,-0.0013,-0.1909,0.1781,-0.2182,0.1107,-0.1385,0.0025,0.5489,0.5489,-0.2945,0.2568,0.3035,-1.3574,-0.3452,18.1727,-18.8142,-33.9014,-0.0029,0.0305,-0.0158
155146994,-0.0011,-0.0006,-0.1151,0.1384,-0.2668,0.0782,-0.1152,0.0060,0.5474,0.5474,-0.2856,0.2613,1.3057,-1.3834,0.1978,18.1792,-18.8197,-33.8999,0.0137,-0.0109,-0.0083
155151994,-0.0015,-0.0001,-0.1130,0.0904,-0.3333,0.0817,-0.1045,-0.0158,0.5450,0.5450,-0.4817,0.3240,2.8860,-2.7207,0.2823,18.1903,-18.8331,-33.8986,0.0455,-0.0390,0.0047
155156994,-0.0021,0.0000,-0.1646,0.0712,-0.3740,0.1223,-0.1205,-0.0452,0.5423,0.5423,-0.5542,0.4743,2.0289,-4.9016,0.2843,18.2043,-18.8525,-33.8969,0.0855,-0.0525,-0.0089
155161994,-0.0029,0.0003,-0.1289,0.1005,-0.4241,0.1130,-0.1379,-0.0243,0.5402,0.5402,-0.4191,0.2502,1.7157,-2.4792,-0.5528,18.2115,-18.8704,-33.8991,0.0930,-0.1271,-0.0139
155166994,-0.0032,0.0004,-0.0296,0.0165,-0.3034,0.0651,-0.0647,-0.0356,0.5387,0.5387,-0.2921,-0.0258,1.5092,-1.1421,-1.6846,18.2199,-18.8750,-33.9097,0.1146,-0.1440,-0.0314
155171994,-0.0030,0.0001,0.0504,-0.0834,-0.2301,0.0176,0.0185,-0.0627,0.5381,0.5381,-0.1203,0.0108,1.2247,-1.2818,-0.0703,18.2251,-18.8820,-33.9096,0.0996,-0.1380,-0.0403
155176994,-0.0025,-0.0009,0.1164,-0.1555,-0.3111,-0.0342,0.0925,-0.0944,0.5385,0.5385,0.0806,-0.1532,-0.0774,-0.4907,-0.4608,18.2259,-18.8844,-33.9113,0.0813,-0.1021,-0.0394
155181994,-0.0021,-0.0018,0.0968,-0.1374,-0.3120,-0.0307,0.0966,-0.1020,0.5390,0.5390,0.0968,-0.2693,-0.5757,0.2698,-1.4246,18.2238,-18.8829,-33.9171,0.0367,-0.0550,-0.0672
155186994,-0.0014,-0.0023,0.1069,-0.1042,-0.2307,-0.0472,0.1001,-0.0797,0.5402,0.5402,0.2370,-0.3043,-2.0357,0.6957,-1.8754,18.2133,-18.8801,-33.9282,-0.0017,-0.0332,-0.0994
155191994,-0.0008,-0.0029,0.0632,-0.0944,-0.1284,-0.0279,0.1002,-0.0872,0.5416,0.5416,0.2946,-0.3226,-2.9726,1.0660,-1.8667,18.2016,-18.8742,-33.9357,-0.0236,0.0082,-0.0955
155196994,-0.0005,-0.0032,0.0159,-0.0382,-0.1128,-0.0056,0.0671,-0.0746,0.5441,0.5441,0.4860,-0.3225,-4.9175,2.1408,-1.5146,18.1732,-18.8661,-33.9449,-0.0234,0.0362,-0.0871
155201994,-0.0004,-0.0035,0.0092,-0.0156,-0.1144,-0.0037,0.0603,-0.0699,0.5458,0.5458,0.3483,-0.4709,-2.6648,4.0383,-1.8166,18.1620,-18.8403,-33.9520,-0.0282,0.0485,-0.0725
155206994,-0.0007,-0.0037,-0.0706,0.0211,-0.1180,0.0492,0.0169,-0.0798,0.5456,0.5456,-0.0471,-0.2485,-0.7510,1.2406,-2.2249,18.1569,-18.8364,-33.9650,-0.0182,0.0856,-0.0669
155211994,-0.0011,-0.0035,-0.1173,0.0504,-0.2817,0.0774,-0.0246,-0.0855,0.5445,0.5445,-0.2243,0.0142,-0.3160,-1.2796,-1.7434,18.1556,-18.8438,-33.9722,0.0031,0.0559,-0.0817
155216994,-0.0017,-0.0034,-0.1573,0.0812,-0.1929,0.1171,-0.0577,-0.0818,0.5422,0.5422,-0.4512,0.0677,1.4317,-1.7581,-1.9303,18.1608,-18.8507,-33.9837,0.0338,0.0299,-0.0865
155221994,-0.0028,-0.0027,-0.2202,0.1848,-0.0881,0.1785,-0.1456,-0.0431,0.5389,0.5389,-0.6529,0.2520,2.7780,-2.4746,-1.6086,18.1728,-18.8648,-33.9902,0.0607,-0.0130,-0.0860
155226994,-0.0031,-0.0022,-0.1051,0.1213,-0.1922,0.1119,-0.0949,-0.0392,0.5369,0.5369,-0.4076,0.3525,1.1102,-3.7499,-0.7726,18.1809,-18.8793,-33.9955,0.1224,-0.0427,-0.0774
155231994,-0.0036,-0.0015,-0.1109,0.0987,-0.3523,0.1190,-0.1074,-0.0524,0.5342,0.5342,-0.5384,0.6502,0.7417,-7.5749,-0.4720,18.1837,-18.9205,-33.9975,0.1241,-0.0533,-0.0449
155236994,-0.0041,-0.0010,-0.0925,0.0858,-0.3657,0.1147,-0.1081,-0.0490,0.5326,0.5326,-0.3233,0.4804,0.1127,-4.9991,0.0828,18.1847,-18.9405,-33.9969,0.1219,-0.1115,-0.0473
155241994,-0.0043,-0.0008,-0.0208,0.0110,-0.1131,0.0858,-0.0426,-0.0563,0.5318,0.5318,-0.1509,0.1620,0.1056,-2.3174,-0.3709,18.1852,-18.9587,-33.9984,0.1163,-0.1321,-0.0450
155246994,-0.0042,-0.0012,0.0440,-0.0712,-0.0594,0.0484,0.0266,-0.0819,0.5317,0.5317,-0.0354,-0.0515,-0.0329,-1.0458,-0.7897,18.1851,-18.9626,-34.0028,0.0955,-0.1220,-0.0502
155251994,-0.0040,-0.0019,0.0684,-0.1622,-0.1886,0.0252,0.0891,-0.1361,0.5316,0.5316,-0.0057,-0.2706,-0.0961,-0.2268,-1.6181,18.1848,-18.9650,-34.0093,0.0792,-0.0720,-0.0541
155256994,-0.0038,-0.0025,0.0657,-0.1399,-0.2368,0.0212,0.0874,-0.1361,0.5319,0.5319,0.0627,-0.3349,-1.0925,0.1230,-2.3794,18.1800,-18.9643,-34.0231,0.0437,-0.0228,-0.0863
155261994,-0.0032,-0.0033,0.0828,-0.1161,-0.1449,0.0043,0.1018,-0.1229,0.5327,0.5327,0.1541,-0.3451,-1.7209,0.5394,-2.4006,18.1730,-18.9614,-34.0326,0.0239,-0.0017,-0.1320
155266994,-0.0029,-0.0039,0.0244,-0.0702,-0.0233,0.0381,0.0779,-0.1187,0.5333,0.5333,0.1171,-0.3702,-1.6564,1.2980,-2.5555,18.1625,-18.9568,-34.0481,0.0144,0.0318,-0.1316
155271994,-0.0028,-0.0039,0.0122,0.0464,0.0151,0.0429,0.0194,-0.0606,0.5347,0.5347,0.2886,-0.4837,-1.8073,4.6796,-2.1376,18.1553,-18.9335,-34.0567,0.0164,0.0551,-0.1226
155276994,-0.0026,-0.0038,0.0082,0.0764,-0.0591,0.0398,-0.0015,-0.0451,0.5353,0.5353,0.1013,-0.2719,-1.0027,2.2703,-2.2062,18.1481,-18.9222,-34.0695,0.0391,0.0940,-0.1010
155281994,-0.0028,-0.0033,-0.0816,0.1408,-0.2515,0.0901,-0.0793,-0.0400,0.5345,0.5345,-0.1440,0.0908,-0.6434,-1.0234,-1.6626,18.1460,-18.9236,-34.0765,0.0378,0.0591,-0.0862
155286994,-0.0031,-0.0025,-0.0822,0.1860,-0.1990,0.0964,-0.1152,-0.0043,0.5336,0.5336,-0.1850,0.3437,-0.3549,-2.5192,-0.4874,18.1430,-18.9341,-34.0800,0.0481,0.0067,-0.0487
155291994,-0.0037,-0.0014,-0.1448,0.1891,-0.1092,0.1496,-0.1557,-0.0066,0.5319,0.5319,-0.3419,0.4737,0.3022,-3.7275,-0.0628,18.1442,-18.9551,-34.0800,0.0867,-0.0178,-0.0238
155296994,-0.0044,-0.0010,-0.1023,0.1151,-0.2029,0.1334,-0.1227,-0.0343,0.5296,0.5296,-0.4506,0.6147,1.1264,-5.9684,0.4623,18.1509,-18.9783,-34.0784,0.0972,-0.0467,-0.0108
155301994,-0.0050,-0.0006,-0.0959,0.1048,-0.3401,0.1358,-0.1324,-0.0429,0.5274,0.5274,-0.4467,0.5513,1.4339,-5.3475,0.4006,18.1565,-19.0169,-34.0765,0.1304,-0.1198,-0.0172
155306994,-0.0048,-0.0004,-0.0052,0.0531,-0.2112,0.0841,-0.0764,-0.0321,0.5256,0.5256,-0.3594,0.2740,1.6487,-3.7179,-0.8728,18.1668,-19.0330,-34.0804,0.1357,-0.1483,-0.0368
155311994,-0.0047,-0.0006,0.0489,-0.0712,-0.0960,0.0540,0.0134,-0.0785,0.5248,0.5248,-0.1619,-0.0510,1.3532,-1.1238,-0.8629,18.1722,-19.0412,-34.0839,0.1334,-0.1429,-0.0360
155316994,-0.0043,-0.0011,0.0428,-0.0944,-0.1131,0.0484,0.0350,-0.0965,0.5247,0.5247,-0.0223,-0.1281,0.0054,-0.5047,-0.9356,18.1731,-19.0434,-34.0883,0.0945,-0.0905,-0.0378
155321994,-0.0038,-0.0021,0.0538,-0.1466,-0.1651,0.0323,0.0820,-0.1334,0.5247,0.5247,0.0108,-0.3073,-0.3275,0.2242,-1.8393,18.1719,-19.0424,-34.0954,0.0549,-0.0642,-0.0750
155326994,-0.0034,-0.0027,0.0351,-0.1151,-0.1538,0.0360,0.0752,-0.1290,0.5251,0.5251,0.0673,-0.3621,-1.2572,0.6836,-2.4881,18.1650,-19.0395,-34.1104,0.0464,-0.0199,-0.0959
155331994,-0.0034,-0.0034,0.0128,-0.0800,-0.0695,0.0511,0.0652,-0.1243,0.5255,0.5255,0.0916,-0.3845,-1.3966,1.4339,-2.4779,18.1591,-19.0323,-34.1204,0.0351,0.0175,-0.1303
155336994,-0.0035,-0.0034,-0.0269,0.0406,-0.0090,0.0792,-0.0054,-0.0748,0.5257,0.5257,0.0337,-0.3591,-0.4795,2.7648,-2.3744,18.1549,-19.0218,-34.1348,0.0439,0.0319,-0.1258
155341994,-0.0036,-0.0034,-0.0006,0.0531,0.0078,0.0668,-0.0059,-0.0600,0.5259,0.5259,0.0326,-0.3169,-0.2246,2.5241,-2.2339,18.1542,-18.9997,-34.1437,0.0530,0.0748,-0.1209
155346994,-0.0038,-0.0029,0.0009,0.1051,-0.1345,0.0636,-0.0465,-0.0327,0.5258,0.5258,-0.0106,-0.0914,-0.0031,1.1313,-1.3940,18.1540,-18.9960,-34.1536,0.0684,0.0392,-0.0832
155351994,-0.0037,-0.0023,0.0651,0.1216,-0.2423,0.0195,-0.0491,0.0016,0.5255,0.5255,-0.0691,0.2814,-0.1834,-2.7108,-0.6500,18.1533,-19.0105,-34.1559,0.0634,0.0157,-0.0486
155356994,-0.0034,-0.0016,0.0791,0.1613,-0.1425,0.0111,-0.0717,0.0440,0.5250,0.5250,-0.0885,0.4667,-0.0078,-3.8429,0.0896,18.1530,-19.0259,-34.1557,0.0566,-0.0312,-0.0343
155361994,-0.0029,-0.0007,0.0632,0.1894,-0.1156,0.0118,-0.0994,0.0743,0.5242,0.5242,-0.1670,0.7179,-0.2430,-6.2096,0.5927,18.1521,-19.0606,-34.1535,0.0171,-0.0478,0.0062
155366994,-0.0026,0.0001,0.0128,0.1381,-0.1507,0.0345,-0.0986,0.0466,0.5242,0.5242,-0.0056,0.6254,-0.8141,-4.1534,2.1161,18.1468,-19.0791,-34.1431,0.0109,-0.0929,0.0396
155371994,-0.0026,0.0004,-0.0137,0.0538,-0.0380,0.0528,-0.0640,0.0068,0.5245,0.5245,0.0731,0.4396,-0.6761,-2.1894,2.7721,18.1439,-19.0960,-34.1311,0.0157,-0.1202,0.0577
155376994,-0.0030,-0.0000,-0.0510,-0.0657,-0.0911,0.0805,-0.0117,-0.0794,0.5239,0.5239,-0.1304,-0.0051,0.1737,-1.1007,-0.3210,18.1444,-19.1002,-34.1305,0.0422,-0.0937,0.0555
155381994,-0.0034,-0.0006,-0.0699,-0.1356,-0.1968,0.0956,0.0197,-0.1381,0.5229,0.5229,-0.1912,-0.2345,0.3537,-0.3624,-1.6315,18.1458,-19.1035,-34.1368,0.0726,-0.0689,0.0107
155386994,-0.0039,-0.0014,-0.0874,-0.1750,-0.1363,0.1172,0.0448,-0.1778,0.5215,0.5215,-0.2802,-0.4650,0.4008,0.1141,-3.6091,18.1481,-19.1032,-34.1561,0.0871,-0.0243,-0.0087
155391994,-0.0043,-0.0026,-0.1011,-0.1998,-0.1373,0.1328,0.0697,-0.2184,0.5199,0.5199,-0.3300,-0.6530,0.9148,1.2755,-4.5482,18.1514,-19.0976,-34.1748,0.1052,0.0122,-0.0657
155396994,-0.0049,-0.0035,-0.1087,-0.1295,-0.1577,0.1468,0.0396,-0.2047,0.5190,0.5190,-0.1785,-0.5134,0.9273,2.6208,-2.3178,18.1572,-19.0875,-34.1903,0.1325,0.0288,-0.1219
155401994,-0.0052,-0.0037,-0.0553,0.0046,-0.1290,0.1212,-0.0097,-0.1264,0.5193,0.5193,0.0541,-0.5849,0.9096,5.9295,-1.6614,18.1609,-19.0548,-34.1971,0.1390,0.0364,-0.1422
155406994,-0.0051,-0.0035,0.0153,0.0877,-0.1761,0.0764,-0.0359,-0.0610,0.5192,0.5192,-0.0143,-0.2688,1.0258,2.9940,-1.5939,18.1675,-19.0435,-34.2063,0.1365,0.0351,-0.1576
155411994,-0.0047,-0.0028,0.0171,0.1689,-0.2878,0.0656,-0.0912,-0.0078,0.5189,0.5189,-0.0640,0.1185,0.3936,-0.1869,-0.8341,18.1689,-19.0394,-34.2100,0.1050,0.0307,-0.1240
155416994,-0.0043,-0.0019,0.0574,0.2214,-0.2084,0.0370,-0.1137,0.0526,0.5187,0.5187,-0.0238,0.3867,-0.0071,-1.9766,0.1519,18.1689,-19.0472,-34.2090,0.0813,-0.0184,-0.0975
155421994,-0.0041,-0.0006,-0.0003,0.2642,-0.1073,0.0712,-0.1683,0.0847,0.5177,0.5177,-0.2075,0.6849,0.0001,-5.0161,0.4012,18.1688,-19.0729,-34.2073,0.0520,-0.0518,-0.0523
155426994,-0.0041,0.0005,-0.0360,0.2523,-0.1009,0.0929,-0.1898,0.0853,0.5162,0.5162,-0.2921,0.8530,-0.0801,-6.7969,0.9370,18.1683,-19.1018,-34.2022,0.0543,-0.0813,-0.0092
155431994,-0.0043,0.0018,-0.0553,0.2297,-0.0649,0.1088,-0.2041,0.0878,0.5149,0.5149,-0.2628,0.7236,0.2516,-5.2363,1.1216,18.1692,-19.1319,-34.1975,0.0733,-0.1488,0.0117
155436994,-0.0044,0.0027,-0.0281,0.1524,0.0524,0.0996,-0.1675,0.0739,0.5141,0.5141,-0.1651,0.5777,0.3938,-3.8662,1.6059,18.1723,-19.1468,-34.1867,0.1048,-0.1943,0.0581
155441994,-0.0045,0.0031,-0.0147,0.0528,-0.0142,0.0913,-0.1225,0.0295,0.5130,0.5130,-0.2190,0.3652,0.2855,-3.9972,0.0261,18.1736,-19.1700,-34.1873,0.1025,-0.2010,0.0843
155446994,-0.0044,0.0025,0.0412,-0.1203,-0.0426,0.0555,-0.0098,-0.0506,0.5123,0.5123,-0.1519,0.0679,-0.0196,-3.3801,-0.9518,18.1733,-19.1840,-34.1914,0.0954,-0.1696,0.0791
155451994,-0.0042,0.0017,0.0324,-0.1900,0.0011,0.0578,0.0404,-0.0981,0.5117,0.5117,-0.1018,-0.2166,-0.0180,-1.3411,-1.6785,18.1733,-19.1945,-34.1977,0.0781,-0.1321,0.0375
155456994,-0.0039,0.0005,0.0205,-0.2492,-0.0169,0.0581,0.0891,-0.1492,0.5114,0.5114,-0.0743,-0.4037,-0.3275,-0.3918,-2.3730,18.1720,-19.1965,-34.2113,0.0583,-0.1082,-0.0056
155461994,-0.0038,-0.0009,-0.0113,-0.2340,-0.0743,0.0738,0.0929,-0.1753,0.5107,0.5107,-0.1335,-0.4963,-0.2973,0.0253,-3.3429,18.1707,-19.1961,-34.2243,0.0579,-0.0579,-0.0231
155466994,-0.0039,-0.0021,-0.0177,-0.1845,-0.0963,0.0777,0.0833,-0.1722,0.5098,0.5098,-0.1825,-0.4875,-0.0629,0.0439,-3.8458,18.1693,-19.1960,-34.2502,0.0669,-0.0119,-0.0802
155471994,-0.0040,-0.0027,-0.0293,-0.0764,-0.0111,0.0894,0.0375,-0.1282,0.5092,0.5092,-0.1139,-0.3478,0.0582,0.8582,-2.6298,18.1696,-19.1930,-34.2607,0.0777,0.0055,-0.1276
155476994,-0.0041,-0.0030,-0.0339,0.0064,0.0356,0.0962,-0.0014,-0.0906,0.5090,0.5090,-0.0462,-0.3173,0.0129,1.9569,-2.2056,18.1695,-19.1858,-34.2744,0.0832,0.0241,-0.1389
155481994,-0.0041,-0.0027,0.0183,0.0895,-0.0102,0.0636,-0.0335,-0.0313,0.5094,0.5094,0.0878,-0.2967,-0.0460,3.2133,-1.7543,18.1695,-19.1652,-34.2812,0.0966,0.0294,-0.1229
155486994,-0.0039,-0.0021,0.0684,0.1741,-0.0805,0.0271,-0.0732,0.0368,0.5096,0.5096,0.0420,0.0660,-0.0645,0.3350,-1.0539,18.1693,-19.1641,-34.2883,0.0772,0.0185,-0.0815
155491994,-0.0034,-0.0013,0.0648,0.2034,-0.1840,0.0172,-0.1025,0.0640,0.5095,0.5095,-0.0191,0.3933,-0.3826,-2.5405,-0.0947,18.1678,-19.1759,-34.2889,0.0600,-0.0194,-0.0616
155496994,-0.0028,-0.0003,0.0736,0.2245,-0.1037,0.0042,-0.1191,0.1029,0.5095,0.5095,-0.0053,0.5971,-1.2734,-4.5505,0.2463,18.1613,-19.1938,-34.2878,0.0215,-0.0536,-0.0140
155501994,-0.0026,0.0011,-0.0058,0.2660,-0.0939,0.0480,-0.1836,0.1247,0.5089,0.5089,-0.1229,0.7944,-1.2686,-5.9705,0.8306,18.1558,-19.2341,-34.2843,0.0018,-0.0840,0.0214
155506994,-0.0026,0.0022,-0.0150,0.1826,0.0814,0.0597,-0.1535,0.1032,0.5087,0.5087,-0.0501,0.7331,-0.6485,-4.5780,2.5029,18.1514,-19.2515,-34.2702,0.0051,-0.1449,0.0382
155511994,-0.0030,0.0030,-0.1191,0.1567,0.1828,0.1322,-0.1830,0.0720,0.5077,0.5077,-0.1897,0.4181,-0.2404,-2.7059,0.6580,18.1502,-19.2677,-34.2676,0.0465,-0.1642,0.1079
155516994,-0.0034,0.0032,-0.0828,0.0205,-0.0951,0.1075,-0.1212,0.0026,0.5066,0.5066,-0.2292,0.1969,0.2608,-2.5026,-0.2303,18.1523,-19.2754,-34.2686,0.0779,-0.1630,0.0933
155521994,-0.0040,0.0026,-0.1133,-0.1518,-0.1376,0.1350,-0.0400,-0.1109,0.5049,0.5049,-0.3251,0.0395,0.4408,-3.1466,-0.6818,18.1539,-19.2961,-34.2710,0.0987,-0.1758,0.0750
155526994,-0.0045,0.0013,-0.0635,-0.2266,0.0045,0.1201,0.0342,-0.1538,0.5032,0.5032,-0.3396,-0.1970,0.9836,-2.2818,-1.8953,18.1589,-19.3056,-34.2816,0.1168,-0.1482,0.0317
155531994,-0.0049,-0.0001,-0.0678,-0.2474,0.0478,0.1315,0.0653,-0.1912,0.5016,0.5016,-0.3280,-0.3606,1.4102,-0.7607,-2.2133,18.1646,-19.3110,-34.2904,0.1219,-0.1039,-0.0101
155536994,-0.0051,-0.0013,-0.0183,-0.2498,-0.0472,0.1020,0.0943,-0.2018,0.5003,0.5003,-0.2674,-0.5081,0.7272,-0.3906,-3.7040,18.1698,-19.3125,-34.3101,0.1286,-0.0723,-0.0275
155541994,-0.0053,-0.0027,-0.0186,-0.2379,-0.1544,0.1016,0.1043,-0.2238,0.4990,0.4990,-0.2449,-0.5420,0.5936,0.0219,-3.8804,18.1725,-19.3127,-34.3274,0.1221,-0.0280,-0.0879
155546994,-0.0052,-0.0037,-0.0177,-0.1500,-0.0918,0.1025,0.0780,-0.1912,0.4985,0.4985,-0.1005,-0.3207,-0.0200,0.1517,-2.0396,18.1727,-19.3122,-34.3405,0.1028,-0.0058,-0.1350
155551994,-0.0052,-0.0041,0.0095,-0.0312,-0.0130,0.0888,0.0358,-0.1261,0.4986,0.4986,0.0055,-0.2590,0.0076,1.4281,-1.5019,18.1728,-19.3054,-34.3462,0.1026,0.0235,-0.1521
155556994,-0.0050,-0.0040,0.0278,0.0776,-0.0258,0.0742,-0.0143,-0.0629,0.4991,0.4991,0.0996,-0.3472,-0.0505,3.4844,-1.9810,18.1726,-19.2919,-34.3576,0.0906,0.0309,-0.1651
155561994,-0.0048,-0.0033,0.0779,0.1549,-0.0462,0.0399,-0.0479,0.0026,0.4995,0.4995,0.0850,-0.0891,-0.0917,1.5556,-1.5810,18.1723,-19.2747,-34.3645,0.0747,0.0366,-0.1315
155566994,-0.0046,-0.0022,0.0586,0.2217,-0.2096,0.0420,-0.1116,0.0454,0.4997,0.4997,0.0412,0.2207,-0.1698,-0.3589,-0.3705,18.1711,-19.2755,-34.3676,0.0681,0.0136,-0.1105
155571994,-0.0045,-0.0008,0.0583,0.2505,-0.1944,0.0397,-0.1459,0.0837,0.4996,0.4996,-0.0201,0.4671,-0.5935,-2.8643,-0.0724,18.1691,-19.2912,-34.3678,0.0424,-0.0317,-0.0635
155576994,-0.0045,0.0004,0.0284,0.2560,-0.0670,0.0631,-0.1726,0.1017,0.4988,0.4988,-0.1611,0.6142,-0.0297,-4.4464,0.1673,18.1677,-19.3055,-34.3674,0.0351,-0.0467,-0.0204
155581994,-0.0043,0.0018,0.0058,0.2703,-0.0963,0.0721,-0.2093,0.1260,0.4977,0.4977,-0.2086,0.7065,0.1761,-5.0159,0.5998,18.1684,-19.3475,-34.3654,0.0411,-0.1129,-0.0013
155586994,-0.0038,0.0027,0.0486,0.1759,0.0216,0.0427,-0.1534,0.1132,0.4973,0.4973,-0.0811,0.6447,0.5759,-3.8816,2.1474,18.1722,-19.3641,-34.3548,0.0698,-0.1695,0.0325
155591994,-0.0036,0.0033,0.0031,0.1491,0.0472,0.0657,-0.1594,0.0992,0.4970,0.4970,-0.0667,0.4523,0.2314,-2.4946,1.4055,18.1731,-19.3783,-34.3482,0.0562,-0.1669,0.0980
155596994,-0.0036,0.0037,-0.0226,0.0415,-0.1281,0.0738,-0.1238,0.0352,0.4964,0.4964,-0.1118,0.2157,-0.0588,-2.1703,0.0720,18.1724,-19.3873,-34.3473,0.0488,-0.1639,0.1108
155601994,-0.0035,0.0032,-0.0177,-0.1191,-0.1052,0.0710,-0.0318,-0.0513,0.4959,0.4959,-0.1115,0.0321,0.0337,-1.9821,-0.0353,18.1726,-19.3995,-34.3476,0.0733,-0.1472,0.0911
155606994,-0.0034,0.0024,-0.0238,-0.1610,-0.0166,0.0762,0.0046,-0.0827,0.4954,0.4954,-0.1065,-0.0845,0.0215,-1.3903,-0.4053,18.1727,-19.4037,-34.3492,0.0709,-0.1307,0.0477
155611994,-0.0037,0.0011,-0.0425,-0.2199,-0.0814,0.0890,0.0459,-0.1444,0.4949,0.4949,-0.0816,-0.2756,0.0080,-0.0699,-0.7846,18.1728,-19.4055,-34.3528,0.0738,-0.0929,0.0280
155616994,-0.0037,-0.0002,-0.0535,-0.2355,-0.1473,0.0938,0.0672,-0.1782,0.4941,0.4941,-0.1623,-0.3824,0.3002,0.0312,-1.8554,18.1742,-19.4053,-34.3630,0.0850,-0.0446,-0.0108
155621994,-0.0040,-0.0014,-0.0586,-0.2034,-0.1736,0.1019,0.0657,-0.1878,0.4930,0.4930,-0.2239,-0.4621,0.5366,0.3573,-2.9656,18.1765,-19.4039,-34.3745,0.0910,-0.0035,-0.0465
155626994,-0.0045,-0.0024,-0.0632,-0.1588,-0.1654,0.1126,0.0539,-0.1856,0.4920,0.4920,-0.2003,-0.4185,0.8548,0.9973,-2.3409,18.1816,-19.4000,-34.3918,0.0972,0.0180,-0.0869
155631994,-0.0046,-0.0030,-0.0492,-0.0562,-0.1061,0.1092,0.0157,-0.1372,0.4917,0.4917,-0.0618,-0.4428,1.0606,3.4109,-1.5648,18.1860,-19.3835,-34.3976,0.1092,0.0325,-0.1315
155636994,-0.0045,-0.0032,0.0031,0.0027,-0.1107,0.0761,0.0061,-0.0950,0.4922,0.4922,0.0965,-0.4817,0.8470,5.0116,-1.2261,18.1919,-19.3672,-34.4053,0.1127,0.0290,-0.1438
155641994,-0.0042,-0.0030,0.0348,0.0870,-0.1782,0.0497,-0.0314,-0.0389,0.4925,0.4925,0.0596,-0.1318,0.3422,2.0277,-0.7890,18.1931,-19.3480,-34.4084,0.1075,0.0286,-0.1364
155646994,-0.0039,-0.0023,0.0519,0.1915,-0.2610,0.0298,-0.0915,0.0314,0.4927,0.4927,0.0365,0.2235,-0.0082,-0.3855,0.0261,18.1934,-19.3495,-34.4093,0.0654,0.0168,-0.0956
155651994,-0.0036,-0.0011,0.0217,0.2792,-0.1696,0.0458,-0.1583,0.0928,0.4925,0.4925,-0.0422,0.4476,-0.0849,-1.8815,0.2867,18.1930,-19.3595,-34.4082,0.0305,-0.0310,-0.0503
155656994,-0.0033,0.0005,0.0012,0.3109,-0.1003,0.0566,-0.2009,0.1327,0.4918,0.4918,-0.1332,0.6596,0.0661,-3.6743,0.8129,18.1929,-19.3735,-34.4042,0.0335,-0.0491,-0.0305
155661994,-0.0037,0.0021,-0.0880,0.2981,-0.1467,0.1134,-0.2300,0.1212,0.4901,0.4901,-0.3315,0.8677,0.4408,-5.9335,1.3968,18.1946,-19.4116,-34.3985,0.0522,-0.1221,0.0107
155666994,-0.0041,0.0035,-0.0730,0.2581,-0.1278,0.1137,-0.2300,0.1236,0.4889,0.4889,-0.2548,0.8593,0.7313,-5.1570,2.5759,18.1988,-19.4263,-34.3853,0.0746,-0.1390,0.0484
155671994,-0.0045,0.0045,-0.0489,0.1808,0.0292,0.1114,-0.2177,0.1097,0.4880,0.4880,-0.1764,0.5209,0.7089,-2.8972,1.4772,18.2014,-19.4480,-34.3787,0.0961,-0.1859,0.0885
155676994,-0.0047,0.0048,-0.0376,0.0461,-0.0859,0.1057,-0.1583,0.0426,0.4865,0.4865,-0.2889,0.3307,1.3885,-3.2389,0.4230,18.2092,-19.4636,-34.3768,0.1075,-0.2138,0.1194
155681994,-0.0048,0.0045,-0.0003,-0.0983,-0.0976,0.0845,-0.0692,-0.0266,0.4851,0.4851,-0.2834,0.1919,1.3036,-3.7131,0.0239,18.2145,-19.4787,-34.3765,0.1058,-0.2048,0.0953
155686994,-0.0050,0.0038,-0.0144,-0.1478,-0.0114,0.0994,-0.0355,-0.0652,0.4839,0.4839,-0.2342,0.0252,1.1583,-2.4020,-0.1746,18.2218,-19.4951,-34.3773,0.1001,-0.1886,0.0718
155691994,-0.0049,0.0029,-0.0107,-0.2089,-0.0374,0.0953,0.0108,-0.1104,0.4831,0.4831,-0.1583,-0.1195,0.6113,-1.6073,-0.4545,18.2244,-19.5015,-34.3793,0.1000,-0.1463,0.0316
155696994,-0.0051,0.0017,-0.0531,-0.2599,-0.0881,0.1217,0.0393,-0.1712,0.4822,0.4822,-0.1957,-0.3288,0.4023,-0.7434,-1.6245,18.2268,-19.5067,-34.3878,0.0971,-0.1013,-0.0054
155701994,-0.0053,0.0002,-0.0296,-0.2572,-0.1006,0.1111,0.0670,-0.1897,0.4812,0.4812,-0.1897,-0.4473,0.2308,-0.3328,-2.7707,18.2277,-19.5082,-34.3985,0.1021,-0.0796,-0.0235
155706994,-0.0056,-0.0011,-0.0360,-0.2080,-0.0969,0.1199,0.0579,-0.1890,0.4800,0.4800,-0.2427,-0.4486,0.7965,0.0387,-3.0504,18.2318,-19.5079,-34.4198,0.1101,-0.0337,-0.0812
155711994,-0.0055,-0.0021,0.0024,-0.1585,-0.0575,0.0961,0.0629,-0.1657,0.4794,0.4794,-0.1204,-0.3190,0.5795,0.2417,-1.8196,18.2341,-19.5071,-34.4267,0.1214,0.0062,-0.1283
155716994,-0.0054,-0.0027,0.0131,-0.0748,-0.0582,0.0878,0.0348,-0.1294,0.4793,0.4793,-0.0284,-0.3264,0.3155,1.4709,-1.7636,18.2363,-19.5002,-34.4367,0.1157,0.0234,-0.1441
155721994,-0.0052,-0.0028,0.0406,0.0330,-0.0859,0.0668,-0.0091,-0.0677,0.4798,0.4798,0.1094,-0.3925,0.0064,3.5108,-1.9630,18.2363,-19.4866,-34.4445,0.0895,0.0304,-0.1557
155726994,-0.0049,-0.0022,0.0858,0.1549,-0.0600,0.0360,-0.0641,0.0211,0.4805,0.4805,0.1406,-0.1104,-0.0106,2.3071,-1.1061,18.2362,-19.4653,-34.4528,0.0696,0.0373,-0.1217
155731994,-0.0045,-0.0011,0.0785,0.2025,-0.1626,0.0295,-0.1099,0.0616,0.4809,0.4809,0.0815,0.1883,-0.1467,-0.0220,-0.2037,18.2355,-19.4653,-34.4535,0.0608,0.0198,-0.0996
155736994,-0.0040,0.0003,0.0901,0.2382,-0.1733,0.0133,-0.1424,0.1090,0.4809,0.4809,-0.0004,0.4889,-0.5396,-3.1614,0.0676,18.2333,-19.4823,-34.4530,0.0320,-0.0231,-0.0517
155741994,-0.0038,0.0015,0.0675,0.2401,-0.0768,0.0272,-0.1648,0.1287,0.4803,0.4803,-0.1199,0.6975,-0.4098,-5.4386,0.4510,18.2313,-19.5034,-34.4514,0.0118,-0.0558,-0.0105
155746994,-0.0036,0.0029,0.0006,0.2850,-0.0893,0.0614,-0.2270,0.1553,0.4796,0.4796,-0.1395,0.7439,-0.0364,-4.5459,1.3593,18.2306,-19.5389,-34.4440,0.0151,-0.1191,0.0072
155751994,-0.0033,0.0038,0.0199,0.1613,0.0594,0.0514,-0.1652,0.1206,0.4794,0.4794,-0.0436,0.6344,0.1712,-3.5761,2.5089,18.2315,-19.5540,-34.4341,0.0395,-0.1669,0.0474
155756994,-0.0034,0.0043,-0.0483,0.1344,0.0655,0.0925,-0.1790,0.0941,0.4786,0.4786,-0.1561,0.3716,0.1008,-2.6232,0.4299,18.2320,-19.5699,-34.4292,0.0532,-0.1743,0.1092
155761994,-0.0032,0.0044,-0.0046,0.0046,-0.1098,0.0578,-0.1078,0.0372,0.4781,0.4781,-0.1089,0.1853,-0.0051,-2.3266,-0.0003,18.2319,-19.5791,-34.4293,0.0579,-0.1742,0.1184
155766994,-0.0035,0.0042,-0.0690,-0.0748,-0.0698,0.1014,-0.0829,-0.0266,0.4772,0.4772,-0.1823,0.0856,0.0514,-2.2392,-0.1736,18.2321,-19.5931,-34.4302,0.0754,-0.1732,0.0877
155771994,-0.0037,0.0035,-0.0684,-0.1658,0.0069,0.1079,-0.0240,-0.0831,0.4764,0.4764,-0.1615,-0.1004,-0.0102,-1.4661,-0.6217,18.2320,-19.5990,-34.4324,0.0762,-0.1379,0.0455
155776994,-0.0042,0.0022,-0.0797,-0.2126,-0.0453,0.1222,0.0094,-0.1369,0.4755,0.4755,-0.1769,-0.2836,0.2643,-0.3615,-1.2728,18.2329,-19.6012,-34.4391,0.0971,-0.1150,0.0250
155781994,-0.0046,0.0014,-0.0773,-0.1943,-0.1104,0.1245,0.0086,-0.1458,0.4743,0.4743,-0.2319,-0.3419,0.7315,-0.0408,-1.9374,18.2360,-19.6012,-34.4469,0.1157,-0.0671,-0.0142
155786994,-0.0050,0.0003,-0.0718,-0.1765,-0.1745,0.1277,0.0116,-0.1596,0.4728,0.4728,-0.3117,-0.4838,1.0279,0.3301,-3.6160,18.2422,-19.5999,-34.4665,0.1239,-0.0247,-0.0552
155791994,-0.0053,-0.0006,-0.0476,-0.1326,-0.1644,0.1192,0.0079,-0.1462,0.4717,0.4717,-0.2029,-0.3510,0.9959,0.6707,-2.1373,18.2461,-19.5972,-34.4756,0.1270,-0.0062,-0.0950
155796994,-0.0052,-0.0008,0.0122,0.0110,-0.0921,0.0848,-0.0403,-0.0551,0.4717,0.4717,-0.0157,-0.1948,0.8375,1.8518,-0.7979,18.2516,-19.5865,-34.4814,0.1217,0.0026,-0.1379
155801994,-0.0051,-0.0006,0.0367,0.0767,-0.1571,0.0648,-0.0696,-0.0134,0.4718,0.4718,0.0358,-0.1259,0.5787,1.8742,-0.7343,18.2537,-19.5792,-34.4843,0.1037,-0.0067,-0.1347
155806994,-0.0047,-0.0001,0.0473,0.1524,-0.1767,0.0510,-0.1112,0.0398,0.4722,0.4722,0.0634,0.1318,-0.0421,0.2696,0.0040,18.2538,-19.5742,-34.4848,0.0820,-0.0215,-0.1135
155811994,-0.0043,0.0008,0.0400,0.2199,-0.1513,0.0495,-0.1585,0.0914,0.4719,0.4719,-0.0506,0.3953,-0.0484,-2.1870,0.0724,18.2535,-19.5822,-34.4845,0.0523,-0.0449,-0.0666
155816994,-0.0041,0.0021,-0.0076,0.2911,-0.1217,0.0758,-0.2271,0.1371,0.4710,0.4710,-0.1734,0.6543,0.0028,-4.1787,0.4977,18.2535,-19.6093,-34.4822,0.0482,-0.1119,-0.0245
155821994,-0.0040,0.0035,-0.0250,0.2938,0.0072,0.0890,-0.2300,0.1609,0.4703,0.4703,-0.1479,0.6133,0.0138,-3.4075,0.7049,18.2535,-19.6224,-34.4792,0.0547,-0.1373,-0.0027
155826994,-0.0042,0.0047,-0.0333,0.2153,0.0628,0.0993,-0.2300,0.1382,0.4698,0.4698,-0.0907,0.5650,0.1267,-2.7597,1.7384,18.2541,-19.6389,-34.4707,0.0862,-0.1814,0.0309
155831994,-0.0044,0.0056,-0.0315,0.1646,0.0066,0.0992,-0.2228,0.1244,0.4693,0.4693,-0.1177,0.5213,0.0602,-3.1910,1.3988,18.2544,-19.6517,-34.4638,0.0997,-0.2130,0.0947
155836994,-0.0046,0.0059,-0.0315,0.0354,-0.0423,0.1019,-0.1658,0.0590,0.4681,0.4681,-0.2305,0.3486,0.1745,-4.0507,-0.0162,18.2550,-19.6758,-34.4645,0.0982,-0.2191,0.1138
155841994,-0.0047,0.0057,0.0113,-0.0660,0.0100,0.0795,-0.0963,0.0180,0.4673,0.4673,-0.1614,0.2281,0.0361,-3.7743,0.0143,18.2552,-19.6910,-34.4644,0.1026,-0.2153,0.1178
155846994,-0.0046,0.0052,-0.0269,-0.0974,-0.0105,0.0993,-0.0830,-0.0175,0.4664,0.4664,-0.1848,0.1353,0.0512,-3.2004,-0.2013,18.2555,-19.7113,-34.4652,0.0833,-0.1786,0.0747
155851994,-0.0047,0.0044,-0.0266,-0.1875,-0.0304,0.1014,-0.0263,-0.0786,0.4655,0.4655,-0.1838,-0.0624,0.0031,-2.5501,-0.9342,18.2556,-19.7215,-34.4688,0.0843,-0.1579,0.0566
155856994,-0.0050,0.0033,-0.0611,-0.2474,-0.0221,0.1265,0.0098,-0.1388,0.4643,0.4643,-0.2218,-0.2788,0.2896,-1.2983,-1.6962,18.2569,-19.7308,-34.4786,0.0999,-0.1172,0.0123
155861994,-0.0052,0.0018,-0.0421,-0.2355,-0.0459,0.1183,0.0294,-0.1530,0.4633,0.4633,-0.2000,-0.3727,0.3493,-0.5272,-2.2858,18.2584,-19.7331,-34.4875,0.1142,-0.0733,-0.0259
155866994,-0.0055,0.0007,-0.0541,-0.1772,-0.0691,0.1299,0.0111,-0.1490,0.4620,0.4620,-0.2647,-0.4722,0.5233,0.0715,-3.7151,18.2611,-19.7328,-34.5089,0.1189,-0.0491,-0.0411
155871994,-0.0056,-0.0003,-0.0250,-0.1381,-0.0688,0.1148,0.0134,-0.1361,0.4614,0.4614,-0.1342,-0.3199,0.3442,0.2962,-2.0393,18.2626,-19.7317,-34.5171,0.1287,-0.0042,-0.1110
155876994,-0.0058,-0.0006,-0.0211,-0.0110,-0.0539,0.1155,-0.0459,-0.0758,0.4611,0.4611,-0.0494,-0.1886,0.3088,1.1354,-1.1495,18.2646,-19.7256,-34.5239,0.1168,0.0096,-0.1419
155881994,-0.0057,-0.0004,0.0290,0.0800,-0.1076,0.0823,-0.0812,-0.0136,0.4613,0.4613,0.0322,-0.1010,0.1744,1.3746,-0.9549,18.2651,-19.7201,-34.5280,0.1165,0.0076,-0.1375
155886994,-0.0055,0.0002,0.0476,0.1768,-0.1049,0.0680,-0.1337,0.0535,0.4615,0.4615,0.0441,0.1659,0.0627,0.0935,-0.0472,18.2658,-19.7166,-34.5295,0.1092,-0.0215,-0.0968
155891994,-0.0051,0.0011,0.0583,0.2178,-0.1232,0.0549,-0.1628,0.0936,0.4613,0.4613,-0.0280,0.4075,-0.0506,-2.2337,0.2106,18.2656,-19.7252,-34.5285,0.0695,-0.0457,-0.0505
155896994,-0.0049,0.0026,0.0214,0.2767,-0.1293,0.0715,-0.2252,0.1387,0.4606,0.4606,-0.1519,0.6791,-0.0553,-4.5726,0.6093,18.2655,-19.7540,-34.5253,0.0544,-0.0707,-0.0287
155901994,-0.0045,0.0038,0.0388,0.2819,-0.0346,0.0582,-0.2300,0.1723,0.4602,0.4602,-0.0763,0.6661,0.0463,-3.7042,1.2395,18.2656,-19.7682,-34.5202,0.0661,-0.1415,0.0094
155906994,-0.0043,0.0048,-0.0134,0.2211,0.0151,0.0874,-0.2300,0.1461,0.4601,0.4601,-0.0275,0.6653,-0.0091,-3.0204,2.6914,18.2656,-19.7864,-34.5061,0.0586,-0.1814,0.0500
155911994,-0.0043,0.0059,0.0012,0.1946,-0.0200,0.0777,-0.2300,0.1527,0.4595,0.4595,-0.1051,0.5596,-0.0072,-3.5353,1.1626,18.2656,-19.8003,-34.5007,0.0634,-0.1969,0.0908
155916994,-0.0044,0.0063,-0.0211,0.0476,-0.0627,0.0903,-0.1728,0.0752,0.4584,0.4584,-0.2236,0.3874,0.1129,-4.3209,0.0550,18.2662,-19.8261,-34.5004,0.0808,-0.2253,0.1291
155921994,-0.0043,0.0062,-0.0082,-0.0376,-0.0010,0.0845,-0.1222,0.0376,0.4575,0.4575,-0.1896,0.2945,0.0065,-4.1423,0.1343,18.2662,-19.8427,-34.5000,0.0887,-0.2177,0.1299
155926994,-0.0044,0.0056,-0.0370,-0.1371,-0.0178,0.1010,-0.0712,-0.0319,0.4566,0.4566,-0.1729,0.0824,0.0517,-2.8705,-0.0427,18.2663,-19.8616,-34.5001,0.0839,-0.2025,0.1065
155931994,-0.0046,0.0048,-0.0305,-0.1765,-0.0285,0.1016,-0.0391,-0.0658,0.4559,0.4559,-0.1404,-0.0590,0.0209,-1.9565,-0.4403,18.2663,-19.8695,-34.5016,0.0962,-0.1608,0.0668
155936994,-0.0049,0.0038,-0.0538,-0.2358,-0.0472,0.1188,-0.0019,-0.1223,0.4551,0.4551,-0.1711,-0.2505,0.3370,-0.8747,-1.0612,18.2679,-19.8759,-34.5076,0.0996,-0.1166,0.0222
155941994,-0.0052,0.0022,-0.0428,-0.2776,-0.0789,0.1171,0.0434,-0.1697,0.4543,0.4543,-0.1543,-0.3627,0.4980,-0.1972,-1.2893,18.2696,-19.8767,-34.5127,0.1065,-0.0947,0.0020
155946994,-0.0055,0.0009,-0.0605,-0.2049,-0.1092,0.1323,0.0177,-0.1626,0.4531,0.4531,-0.2455,-0.4157,0.8418,0.1358,-2.5711,18.2743,-19.8760,-34.5262,0.1154,-0.0473,-0.0332
155951994,-0.0056,-0.0001,-0.0199,-0.1549,-0.1409,0.1088,0.0185,-0.1436,0.4521,0.4521,-0.1881,-0.3941,0.8397,0.5025,-2.5705,18.2775,-19.8742,-34.5379,0.1284,-0.0069,-0.0964
155956994,-0.0056,-0.0008,-0.0202,-0.0828,-0.1092,0.1098,-0.0065,-0.1160,0.4517,0.4517,-0.0811,-0.2856,1.1064,1.7347,-0.8774,18.2842,-19.8652,-34.5434,0.1138,0.0084,-0.1177
155961994,-0.0053,-0.0010,0.0351,0.0031,-0.1391,0.0709,-0.0286,-0.0584,0.4520,0.4520,0.0643,-0.2466,0.6528,2.5865,-0.6291,18.2869,-19.8549,-34.5458,0.1118,0.0003,-0.1329
155966994,-0.0052,-0.0008,0.0308,0.0974,-0.1415,0.0705,-0.0804,-0.0065,0.4525,0.4525,0.0875,-0.0688,0.4671,2.1700,0.0270,18.2901,-19.8400,-34.5460,0.0934,-0.0148,-0.1022
155971994,-0.0049,-0.0001,0.0605,0.1854,-0.1263,0.0486,-0.1243,0.0611,0.4528,0.4528,0.0710,0.1692,0.0915,0.3139,0.1041,18.2902,-19.8381,-34.5456,0.0741,-0.0161,-0.0798
155976994,-0.0046,0.0010,0.0367,0.2621,-0.1199,0.0577,-0.1853,0.1137,0.4525,0.4525,-0.0670,0.5550,0.0425,-2.9963,0.7746,18.2903,-19.8520,-34.5414,0.0637,-0.0475,-0.0393
155981994,-0.0046,0.0026,-0.0024,0.3051,-0.1431,0.0805,-0.2300,0.1499,0.4514,0.4514,-0.2231,0.8744,0.0274,-6.0893,1.2387,18.2902,-19.8761,-34.5364,0.0551,-0.1021,0.0002
155986994,-0.0048,0.0039,-0.0284,0.3082,-0.0991,0.1002,-0.2300,0.1644,0.4506,0.4506,-0.1459,0.8326,0.4670,-4.2125,2.5322,18.2922,-19.9039,-34.5232,0.0734,-0.1411,0.0200
155991994,-0.0049,0.0052,-0.0150,0.2352,0.0756,0.1016,-0.2300,0.1568,0.4502,0.4502,-0.0816,0.6955,0.5617,-3.1402,2.7786,18.2947,-19.9162,-34.5108,0.0911,-0.1871,0.0774
155996994,-0.0054,0.0059,-0.0724,0.1243,-0.0462,0.1393,-0.2300,0.0855,0.4488,0.4488,-0.2805,0.4364,0.9919,-3.3302,0.6866,18.2994,-19.9356,-34.5056,0.1004,-0.2195,0.1240
156001994,-0.0053,0.0060,0.0275,-0.0238,-0.1266,0.0762,-0.1282,0.0373,0.4477,0.4477,-0.2228,0.3048,1.0248,-3.8725,0.3586,18.3052,-19.9509,-34.5042,0.1183,-0.2260,0.1308
156006994,-0.0053,0.0056,-0.0220,-0.0941,0.0210,0.1112,-0.0958,-0.0130,0.4459,0.4459,-0.3544,0.1788,1.8877,-3.5663,-0.0545,18.3124,-19.9733,-34.5046,0.1240,-0.2256,0.0838
156011994,-0.0055,0.0045,-0.0186,-0.2245,0.0219,0.1133,-0.0137,-0.0971,0.4440,0.4440,-0.3935,-0.0312,2.4850,-2.9315,-0.4438,18.3278,-19.9851,-34.5062,0.1072,-0.1868,0.0433
156016994,-0.0056,0.0030,-0.0480,-0.3235,-0.0426,0.1289,0.0500,-0.1839,0.4419,0.4419,-0.4162,-0.2987,2.3501,-1.9093,-1.5881,18.3373,-19.9972,-34.5141,0.1161,-0.1650,0.0241
156021994,-0.0056,0.0013,-0.0140,-0.2886,-0.0511,0.1094,0.0688,-0.1840,0.4403,0.4403,-0.3285,-0.3551,1.7511,-1.3240,-2.1751,18.3487,-20.0026,-34.5227,0.1233,-0.1207,-0.0172
156026994,-0.0058,-0.0002,-0.0113,-0.2572,-0.0908,0.1097,0.0737,-0.1940,0.4386,0.4386,-0.3359,-0.4639,1.5071,-0.7813,-3.4330,18.3548,-20.0080,-34.5422,0.1227,-0.0784,-0.0660
156031994,-0.0058,-0.0015,0.0269,-0.2379,-0.0600,0.0877,0.0980,-0.1927,0.4381,0.4381,-0.1007,-0.3667,0.5283,-0.0670,-1.7201,18.3585,-20.0082,-34.5491,0.1153,-0.0573,-0.1017
156036994,-0.0055,-0.0023,0.0791,-0.1008,0.0170,0.0543,0.0607,-0.1131,0.4383,0.4383,0.0359,-0.1812,0.1926,0.2273,-0.8055,18.3592,-20.0072,-34.5545,0.1069,-0.0110,-0.1396
156041994,-0.0049,-0.0025,0.1213,-0.0034,-0.0359,0.0174,0.0309,-0.0525,0.4388,0.4388,0.1113,-0.1389,-0.0207,0.7392,-1.0030,18.3590,-20.0043,-34.5583,0.0764,0.0245,-0.1392
156046994,-0.0043,-0.0023,0.0968,0.0843,-0.0566,0.0190,-0.0183,-0.0073,0.4400,0.4400,0.2361,-0.1759,-0.2504,2.9769,-0.3726,18.3582,-19.9899,-34.5616,0.0366,0.0310,-0.1191
156051994,-0.0035,-0.0019,0.1332,0.1356,-0.0349,-0.0166,-0.0324,0.0450,0.4419,0.4419,0.3835,-0.1257,-1.0839,3.3865,0.0237,18.3523,-19.9753,-34.5612,0.0224,0.0260,-0.0745
156056994,-0.0031,-0.0010,0.0702,0.2175,-0.0398,0.0143,-0.1038,0.0849,0.4425,0.4425,0.1128,0.2856,-0.7807,-0.7462,0.1317,18.3489,-19.9765,-34.5606,0.0040,0.0003,-0.0309
156061994,-0.0028,0.0001,0.0354,0.2654,-0.0710,0.0265,-0.1552,0.1205,0.4428,0.4428,0.0597,0.5030,-1.2042,-2.4634,0.5950,18.3428,-19.9863,-34.5583,0.0045,-0.0145,-0.0118
156066994,-0.0026,0.0012,-0.0092,0.2602,-0.0572,0.0517,-0.1825,0.1241,0.4421,0.4421,-0.1286,0.8390,-0.7166,-5.7685,1.6789,18.3393,-20.0163,-34.5500,0.0168,-0.0493,0.0246
156071994,-0.0031,0.0028,-0.1045,0.2963,-0.1031,0.1142,-0.2300,0.1343,0.4404,0.4404,-0.3553,0.9810,1.4801,-5.7149,3.0903,18.3461,-20.0423,-34.5373,0.0254,-0.1320,0.0755
156076994,-0.0033,0.0037,-0.0455,0.2175,0.0133,0.0887,-0.2133,0.1261,0.4388,0.4388,-0.3054,0.6406,2.0660,-3.5483,1.8916,18.3551,-20.0647,-34.5247,0.0739,-0.1525,0.1009
156081994,-0.0034,0.0044,-0.0559,0.1460,-0.0746,0.0923,-0.1951,0.0942,0.4375,0.4375,-0.2660,0.4456,1.6377,-2.6287,1.2235,18.3641,-20.0745,-34.5201,0.0892,-0.1909,0.1336
156086994,-0.0034,0.0047,-0.0293,0.0257,-0.2002,0.0725,-0.1354,0.0397,0.4361,0.4361,-0.2800,0.3059,1.7445,-2.8479,0.7557,18.3712,-20.0911,-34.5149,0.0923,-0.1971,0.1141
156091994,-0.0038,0.0040,-0.0843,-0.1652,-0.1098,0.1143,-0.0430,-0.0840,0.4346,0.4346,-0.2937,0.0303,1.3299,-2.2591,0.2568,18.3795,-20.1006,-34.5139,0.0775,-0.1976,0.0937
156096994,-0.0039,0.0028,-0.0641,-0.2450,-0.0453,0.1074,0.0231,-0.1357,0.4337,0.4337,-0.1781,-0.1944,0.8569,-0.7371,-0.0867,18.3833,-20.1066,-34.5143,0.0809,-0.1630,0.0488
156101994,-0.0042,0.0014,-0.0724,-0.2379,-0.1110,0.1159,0.0345,-0.1633,0.4327,0.4327,-0.2083,-0.2616,1.3486,-0.0129,-0.3188,18.3902,-20.1063,-34.5155,0.1061,-0.1135,0.0068
156106994,-0.0047,0.0001,-0.0641,-0.2224,-0.1803,0.1161,0.0436,-0.1806,0.4315,0.4315,-0.2459,-0.3310,1.3808,0.0554,-1.3422,18.3958,-20.1061,-34.5222,0.1141,-0.0893,-0.0098
156111994,-0.0050,-0.0007,-0.0397,-0.1277,-0.1773,0.1083,0.0125,-0.1414,0.4300,0.4300,-0.2968,-0.3466,1.7832,0.3277,-2.4870,18.4063,-20.1050,-34.5318,0.1145,-0.0478,-0.0469
156116994,-0.0052,-0.0015,-0.0067,-0.1109,-0.1550,0.0922,0.0248,-0.1350,0.4293,0.4293,-0.1454,-0.2378,1.8003,1.0759,-0.5603,18.4132,-20.0994,-34.5386,0.1090,-0.0073,-0.1135
156121994,-0.0050,-0.0018,0.0342,-0.0244,-0.1183,0.0671,0.0013,-0.0821,0.4292,0.4292,-0.0048,-0.1545,1.2457,1.6527,-0.0256,18.4211,-20.0928,-34.5385,0.0973,0.0095,-0.1319
156126994,-0.0048,-0.0018,0.0657,0.0605,-0.1736,0.0413,-0.0328,-0.0286,0.4299,0.4299,0.1312,-0.1819,0.7770,3.0714,-0.0521,18.4237,-20.0757,-34.5390,0.0898,0.0054,-0.1282
156131994,-0.0042,-0.0013,0.0730,0.1252,-0.1568,0.0277,-0.0646,0.0188,0.4309,0.4309,0.2030,-0.0935,0.0178,2.8753,0.0578,18.4248,-20.0638,-34.5387,0.0580,-0.0085,-0.0830
156136994,-0.0037,-0.0005,0.0644,0.2123,-0.1076,0.0260,-0.1194,0.0809,0.4314,0.4314,0.1098,0.2460,-0.0254,0.2642,0.6959,18.4245,-20.0578,-34.5359,0.0269,-0.0199,-0.0645
156141994,-0.0035,0.0008,0.0357,0.3015,-0.1082,0.0386,-0.1915,0.1404,0.4313,0.4313,-0.0298,0.5743,0.1096,-2.3744,1.1358,18.4249,-20.0668,-34.5314,0.0241,-0.0455,-0.0217
156146994,-0.0035,0.0027,-0.0092,0.3503,-0.1269,0.0656,-0.2300,0.1816,0.4300,0.4300,-0.2543,1.0110,0.2393,-6.7367,1.7653,18.4258,-20.1036,-34.5217,0.0337,-0.0994,0.0181
156151994,-0.0037,0.0045,-0.0510,0.3378,-0.1076,0.0940,-0.2300,0.1908,0.4290,0.4290,-0.2029,0.9150,0.9321,-4.4698,2.9528,18.4314,-20.1209,-34.5103,0.0547,-0.1418,0.0322
156156994,-0.0041,0.0057,-0.0476,0.2535,0.0567,0.1058,-0.2300,0.1705,0.4280,0.4280,-0.2053,0.6074,1.0922,-2.9384,1.6122,18.4358,-20.1397,-34.4966,0.0702,-0.1915,0.0984
156161994,-0.0044,0.0064,-0.0504,0.1103,-0.0701,0.1075,-0.2158,0.1001,0.4265,0.4265,-0.2914,0.3964,1.6772,-2.8454,0.8341,18.4452,-20.1513,-34.4935,0.1008,-0.2222,0.1372
156166994,-0.0044,0.0064,0.0076,-0.0284,-0.1177,0.0715,-0.1301,0.0449,0.4251,0.4251,-0.2847,0.2756,1.7861,-3.4216,0.4892,18.4524,-20.1715,-34.4901,0.1073,-0.2232,0.1458
156171994,-0.0043,0.0058,-0.0247,-0.1100,-0.0304,0.0918,-0.0841,-0.0112,0.4236,0.4236,-0.2920,0.1054,1.6138,-2.7453,0.0259,18.4623,-20.1828,-34.4900,0.1017,-0.2132,0.1032
156176994,-0.0041,0.0050,-0.0165,-0.1628,-0.0291,0.0843,-0.0408,-0.0468,0.4228,0.4228,-0.1789,-0.0376,0.8579,-1.7545,-0.1435,18.4663,-20.1946,-34.4908,0.0914,-0.1725,0.0575
156181994,-0.0041,0.0040,-0.0345,-0.2138,-0.0896,0.0916,-0.0057,-0.0963,0.4221,0.4221,-0.1355,-0.1425,0.2948,-1.2869,-0.3677,18.4684,-20.1997,-34.4922,0.0880,-0.1513,0.0382
156186994,-0.0043,0.0027,-0.0192,-0.2114,-0.0878,0.0865,0.0158,-0.1125,0.4216,0.4216,-0.1041,-0.2612,0.2203,-0.4038,-1.0422,18.4692,-20.2024,-34.4975,0.0909,-0.1073,-0.0011
156191994,-0.0045,0.0019,-0.0180,-0.1310,-0.0652,0.0900,-0.0113,-0.0863,0.4208,0.4208,-0.1414,-0.2801,0.4461,0.0306,-1.8837,18.4723,-20.2021,-34.5049,0.0861,-0.0600,-0.0352
156196994,-0.0043,0.0011,0.0171,-0.1112,-0.0676,0.0669,0.0030,-0.0777,0.4204,0.4204,-0.0937,-0.2743,0.3917,0.2055,-1.8894,18.4735,-20.2012,-34.5195,0.0894,-0.0388,-0.0716
156201994,-0.0042,0.0004,0.0082,-0.0791,-0.0090,0.0712,-0.0023,-0.0700,0.4202,0.4202,-0.0339,-0.1773,0.2648,0.4269,-0.8352,18.4763,-20.1994,-34.5224,0.0845,-0.0030,-0.0902
156206994,-0.0038,0.0003,0.0538,0.0205,-0.0365,0.0368,-0.0349,-0.0061,0.4207,0.4207,0.0936,-0.0440,0.0051,0.8636,0.0339,18.4761,-20.1938,-34.5223,0.0714,-0.0012,-0.0753
156211994,-0.0037,0.0005,0.0241,0.0993,-0.1055,0.0484,-0.0886,0.0280,0.4209,0.4209,0.0455,0.0638,0.0152,0.4814,0.0243,18.4763,-20.1913,-34.5222,0.0527,-0.0041,-0.0660
156216994,-0.0034,0.0013,0.0318,0.2013,-0.0814,0.0404,-0.1474,0.0976,0.4209,0.4209,0.0080,0.3333,-0.0283,-1.1413,0.5567,18.4761,-20.1947,-34.5202,0.0413,-0.0315,-0.0261
156221994,-0.0033,0.0026,0.0076,0.2471,-0.0701,0.0529,-0.1986,0.1375,0.4205,0.4205,-0.0821,0.6150,0.0228,-3.3413,1.3914,18.4763,-20.2078,-34.5149,0.0404,-0.0718,0.0110
156226994,-0.0032,0.0040,-0.0308,0.2688,-0.0462,0.0749,-0.2300,0.1604,0.4203,0.4203,-0.0381,0.7218,0.1053,-2.8887,2.9366,18.4766,-20.2271,-34.4999,0.0502,-0.1074,0.0287
156231994,-0.0034,0.0053,-0.0541,0.2443,0.0350,0.0952,-0.2300,0.1638,0.4198,0.4198,-0.1010,0.6477,0.5406,-2.5761,2.6093,18.4798,-20.2374,-34.4881,0.0564,-0.1533,0.0891
156236994,-0.0038,0.0063,-0.0806,0.1628,-0.0707,0.1146,-0.2300,0.1212,0.4186,0.4186,-0.2493,0.4408,1.0547,-2.6099,0.9658,18.4834,-20.2530,-34.4814,0.0810,-0.1917,0.1346
156241994,-0.0042,0.0065,-0.0635,0.0217,-0.0789,0.1114,-0.1748,0.0542,0.4171,0.4171,-0.3053,0.3009,1.5194,-2.9670,0.6249,18.4923,-20.2647,-34.4795,0.1099,-0.2094,0.1418
156246994,-0.0046,0.0065,-0.0748,-0.0293,-0.0120,0.1275,-0.1527,0.0238,0.4153,0.4153,-0.3538,0.2018,1.5966,-2.9941,-0.0201,18.4986,-20.2834,-34.4789,0.1113,-0.2227,0.1216
156251994,-0.0048,0.0060,-0.0339,-0.1319,0.0145,0.1082,-0.0808,-0.0257,0.4140,0.4140,-0.2669,0.0404,1.4346,-2.2671,-0.0492,18.5073,-20.2925,-34.4791,0.1253,-0.1882,0.0751
156256994,-0.0051,0.0050,-0.0544,-0.2086,-0.0368,0.1240,-0.0379,-0.0904,0.4127,0.4127,-0.2448,-0.1608,1.2915,-1.1366,-0.5211,18.5123,-20.3004,-34.4814,0.1142,-0.1660,0.0350
156261994,-0.0050,0.0037,0.0012,-0.2147,-0.0716,0.0882,0.0023,-0.0988,0.4123,0.4123,-0.0937,-0.2504,0.2772,-0.5505,-1.0061,18.5151,-20.3027,-34.4857,0.1204,-0.1215,0.0082
156266994,-0.0051,0.0027,-0.0128,-0.1451,-0.0401,0.0986,-0.0205,-0.0827,0.4115,0.4115,-0.1473,-0.2996,0.5115,0.0079,-1.9762,18.5168,-20.3029,-34.4963,0.1126,-0.0755,-0.0283
156271994,-0.0050,0.0020,0.0278,-0.1060,-0.0600,0.0720,-0.0157,-0.0633,0.4110,0.4110,-0.1066,-0.3394,0.0895,0.0929,-2.9034,18.5181,-20.3025,-34.5059,0.0995,-0.0524,-0.0514
156276994,-0.0048,0.0014,0.0174,-0.0516,-0.0194,0.0763,-0.0354,-0.0432,0.4109,0.4109,-0.0169,-0.1606,0.1840,0.5025,-0.8980,18.5188,-20.3002,-34.5145,0.0921,-0.0173,-0.0889
156281994,-0.0046,0.0013,0.0354,0.0321,0.0155,0.0640,-0.0685,0.0063,0.4112,0.4112,0.0494,0.0200,0.0096,0.2425,0.0867,18.5187,-20.2989,-34.5139,0.0758,-0.0247,-0.0591
156286994,-0.0045,0.0017,0.0324,0.1225,-0.0850,0.0590,-0.1238,0.0549,0.4111,0.4111,-0.0145,0.2477,0.0094,-1.3175,0.2942,18.5187,-20.3052,-34.5121,0.0634,-0.0290,-0.0261
156291994,-0.0042,0.0025,0.0452,0.2193,-0.0536,0.0474,-0.1788,0.1252,0.4110,0.4110,-0.0241,0.4254,-0.0067,-2.1032,0.5494,18.5187,-20.3135,-34.5101,0.0593,-0.0695,-0.0012
156296994,-0.0039,0.0036,0.0086,0.2321,0.0124,0.0664,-0.2080,0.1430,0.4109,0.4109,-0.0148,0.5911,0.0060,-2.5608,2.0552,18.5187,-20.3289,-34.4999,0.0481,-0.1175,0.0320
156301994,-0.0037,0.0047,0.0147,0.2022,0.0503,0.0614,-0.2065,0.1509,0.4111,0.4111,0.0366,0.6646,0.0096,-2.7200,3.2252,18.5188,-20.3397,-34.4892,0.0640,-0.1389,0.0545
156306994,-0.0039,0.0056,0.0027,0.2004,-0.0062,0.0694,-0.2265,0.1564,0.4106,0.4106,-0.1043,0.5498,0.1033,-3.3326,1.1634,18.5192,-20.3591,-34.4777,0.0617,-0.1787,0.1143
156311994,-0.0038,0.0062,-0.0034,0.0935,-0.0362,0.0705,-0.1839,0.1092,0.4098,0.4098,-0.1461,0.4142,0.1047,-3.5433,0.5856,18.5198,-20.3733,-34.4754,0.0684,-0.2185,0.1514
156316994,-0.0040,0.0064,-0.0510,0.0119,0.0329,0.1037,-0.1580,0.0581,0.4088,0.4088,-0.2087,0.3527,0.0719,-3.8701,0.5172,18.5201,-20.3966,-34.4717,0.0711,-0.2211,0.1430
156321994,-0.0041,0.0059,-0.0455,-0.1252,0.0686,0.1048,-0.0788,-0.0180,0.4078,0.4078,-0.2038,0.1328,0.0736,-3.3435,-0.0203,18.5203,-20.4102,-34.4719,0.0762,-0.1884,0.1144
156326994,-0.0042,0.0052,-0.0577,-0.1350,0.0561,0.1126,-0.0672,-0.0389,0.4067,0.4067,-0.2120,0.0192,0.4855,-2.2222,-0.2357,18.5222,-20.4246,-34.4729,0.1029,-0.1491,0.0709
156331994,-0.0046,0.0043,-0.0425,-0.1750,0.0005,0.1084,-0.0333,-0.0750,0.4058,0.4058,-0.1814,-0.1152,0.4493,-1.4816,-0.7098,18.5247,-20.4307,-34.4752,0.1128,-0.1289,0.0515
156336994,-0.0049,0.0030,-0.0385,-0.2208,-0.0215,0.1111,0.0077,-0.1213,0.4051,0.4051,-0.1476,-0.2915,0.3884,-0.3714,-1.2781,18.5264,-20.4340,-34.4829,0.1107,-0.0858,0.0133
156341994,-0.0050,0.0020,-0.0055,-0.1521,-0.0175,0.0937,-0.0024,-0.0934,0.4045,0.4045,-0.1089,-0.3072,0.1950,0.0400,-1.9508,18.5273,-20.4337,-34.4907,0.1105,-0.0396,-0.0230
156346994,-0.0050,0.0013,0.0055,-0.1029,-0.0563,0.0858,-0.0133,-0.0790,0.4039,0.4039,-0.1316,-0.3293,0.4705,0.3985,-2.5092,18.5292,-20.4320,-34.5076,0.0955,-0.0167,-0.0805
156351994,-0.0051,0.0011,0.0064,-0.0568,-0.0444,0.0867,-0.0335,-0.0584,0.4038,0.4038,-0.0163,-0.2181,0.0594,0.8437,-1.2299,18.5301,-20.4284,-34.5123,0.0894,-0.0116,-0.0922
156356994,-0.0049,0.0011,0.0107,0.0535,-0.0117,0.0824,-0.0864,0.0027,0.4037,0.4037,-0.0129,0.0850,0.0826,-0.3834,0.0224,18.5303,-20.4290,-34.5129,0.0859,-0.0203,-0.0705
156361994,-0.0047,0.0017,0.0394,0.1631,-0.0359,0.0606,-0.1417,0.0769,0.4036,0.4036,-0.0305,0.2974,0.0587,-1.5831,0.1462,18.5310,-20.4353,-34.5123,0.0828,-0.0252,-0.0561
156366994,-0.0047,0.0029,0.0305,0.2700,-0.0365,0.0660,-0.2186,0.1483,0.4032,0.4032,-0.0700,0.5137,0.0068,-2.6796,0.4582,18.5310,-20.4505,-34.5103,0.0767,-0.0699,-0.0192
156371994,-0.0044,0.0044,0.0464,0.2657,0.0093,0.0527,-0.2300,0.1788,0.4030,0.4030,-0.0438,0.6082,-0.0063,-3.2112,1.1961,18.5310,-20.4633,-34.5054,0.0648,-0.1166,0.0181
156376994,-0.0043,0.0054,0.0370,0.2346,0.0585,0.0595,-0.2300,0.1795,0.4030,0.4030,0.0044,0.7530,-0.0193,-3.7139,2.9528,18.5310,-20.4850,-34.4896,0.0525,-0.1382,0.0607
156381994,-0.0041,0.0068,0.0535,0.2556,0.0720,0.0461,-0.2300,0.2197,0.4027,0.4027,-0.0673,0.6909,-0.0030,-4.1413,1.4599,18.5309,-20.5015,-34.4833,0.0566,-0.1780,0.1062
156386994,-0.0039,0.0076,0.0122,0.1457,0.0307,0.0648,-0.2261,0.1648,0.4019,0.4019,-0.1593,0.5001,-0.0077,-4.1891,0.3738,18.5309,-20.5271,-34.4816,0.0483,-0.2256,0.1393
156391994,-0.0038,0.0078,-0.0061,0.0162,0.0949,0.0768,-0.1658,0.1000,0.4010,0.4010,-0.1749,0.3590,-0.0767,-4.1526,0.2614,18.5304,-20.5437,-34.4804,0.0618,-0.2301,0.1669
156396994,-0.0038,0.0077,-0.0217,-0.0489,0.1175,0.0879,-0.1352,0.0609,0.4001,0.4001,-0.1737,0.2471,0.0100,-3.5788,0.2321,18.5305,-20.5657,-34.4794,0.0698,-0.2207,0.1616
156401994,-0.0039,0.0072,-0.0049,-0.1374,0.0833,0.0785,-0.0782,0.0093,0.3994,0.3994,-0.1539,0.0954,0.0374,-3.1133,-0.1146,18.5306,-20.5784,-34.4800,0.0865,-0.1797,0.1192
156406994,-0.0040,0.0062,-0.0089,-0.2074,0.0564,0.0808,-0.0308,-0.0434,0.3987,0.3987,-0.1253,-0.0724,0.0079,-2.1533,-0.4132,18.5307,-20.5926,-34.4814,0.0786,-0.1601,0.0784
156411994,-0.0041,0.0049,0.0208,-0.2566,0.0182,0.0631,0.0226,-0.0836,0.3983,0.3983,-0.0937,-0.1937,0.0050,-1.6708,-0.8590,18.5307,-20.5993,-34.4865,0.0799,-0.1184,0.0562
156416994,-0.0041,0.0035,0.0150,-0.2352,0.0255,0.0667,0.0328,-0.0965,0.3980,0.3980,-0.0618,-0.2652,-0.0023,-0.6637,-1.0468,18.5306,-20.6041,-34.4906,0.0686,-0.0745,0.0127
156421994,-0.0039,0.0022,0.0269,-0.1988,-0.0038,0.0555,0.0382,-0.0942,0.3976,0.3976,-0.0641,-0.2916,0.0132,-0.4039,-1.5937,18.5306,-20.6063,-34.4992,0.0664,-0.0522,-0.0238
156426994,-0.0039,0.0013,0.0101,-0.1436,-0.0386,0.0634,0.0199,-0.0878,0.3971,0.3971,-0.1140,-0.3625,-0.0113,0.0142,-2.7969,18.5306,-20.6062,-34.5101,0.0607,-0.0080,-0.0380
156431994,-0.0038,0.0005,0.0137,-0.0953,-0.0194,0.0601,0.0096,-0.0719,0.3970,0.3970,-0.0061,-0.2442,0.0436,0.7797,-1.1339,18.5307,-20.6038,-34.5194,0.0620,0.0116,-0.0998
156436994,-0.0037,0.0005,0.0180,0.0541,0.0671,0.0597,-0.0613,0.0094,0.3975,0.3975,0.0912,-0.1280,0.0003,1.9863,-0.3573,18.5308,-20.5926,-34.5206,0.0602,0.0072,-0.0828
156441994,-0.0035,0.0010,0.0593,0.1316,0.0460,0.0303,-0.0940,0.0690,0.3982,0.3982,0.1333,0.0110,-0.0015,1.5986,0.0453,18.5308,-20.5854,-34.5202,0.0597,0.0092,-0.0717
156446994,-0.0032,0.0018,0.0394,0.2285,-0.0670,0.0336,-0.1661,0.1248,0.3980,0.3980,-0.0358,0.3820,-0.0021,-1.8267,0.1497,18.5308,-20.5933,-34.5196,0.0469,-0.0212,-0.0284
156451994,-0.0027,0.0029,0.0583,0.2361,-0.0679,0.0134,-0.1769,0.1556,0.3978,0.3978,-0.0443,0.6038,-0.0975,-3.6028,1.1279,18.5303,-20.6073,-34.5144,0.0318,-0.0407,0.0075
156456994,-0.0025,0.0040,0.0388,0.2837,-0.0441,0.0219,-0.2234,0.1964,0.3967,0.3967,-0.2089,1.0405,-0.0042,-7.6224,2.1139,18.5304,-20.6492,-34.5062,0.0267,-0.0736,0.0262
156461994,-0.0024,0.0060,-0.0174,0.3891,-0.0062,0.0535,-0.2300,0.2300,0.3961,0.3961,-0.1312,1.0047,-0.0165,-5.2372,2.6800,18.5300,-20.6695,-34.4877,0.0191,-0.1543,0.0805
156466994,-0.0026,0.0073,-0.0104,0.2437,0.1013,0.0570,-0.2300,0.2166,0.3955,0.3955,-0.1048,0.6201,0.0242,-3.4425,1.3989,18.5300,-20.6930,-34.4819,0.0400,-0.1855,0.1327
156471994,-0.0028,0.0079,-0.0287,0.1271,0.0191,0.0699,-0.2243,0.1567,0.3947,0.3947,-0.1742,0.4151,0.4134,-3.0534,0.6522,18.5319,-20.7049,-34.4779,0.0532,-0.2160,0.1502
156476994,-0.0028,0.0083,0.0229,0.0574,-0.0020,0.0385,-0.1807,0.1420,0.3939,0.3939,-0.1516,0.4030,0.3302,-3.8279,0.6191,18.5333,-20.7271,-34.4753,0.0694,-0.2234,0.1650
156481994,-0.0028,0.0081,-0.0137,-0.0776,0.0561,0.0616,-0.1160,0.0609,0.3930,0.3930,-0.1780,0.1883,0.1238,-3.4075,0.0153,18.5342,-20.7411,-34.4741,0.0527,-0.2238,0.1467
156486994,-0.0028,0.0074,-0.0290,-0.1549,0.0946,0.0713,-0.0681,0.0078,0.3924,0.3924,-0.1310,0.0258,-0.0767,-2.3686,-0.0428,18.5339,-20.7563,-34.4743,0.0453,-0.1885,0.1376
156491994,-0.0028,0.0064,-0.0379,-0.1539,0.0689,0.0764,-0.0567,-0.0117,0.3918,0.3918,-0.1204,-0.0271,0.0387,-1.6933,-0.0602,18.5340,-20.7630,-34.4746,0.0705,-0.1442,0.0950
156496994,-0.0027,0.0054,-0.0318,-0.1765,-0.0020,0.0688,-0.0295,-0.0395,0.3913,0.3913,-0.0851,-0.1145,0.0031,-0.9884,-0.1898,18.5339,-20.7698,-34.4753,0.0765,-0.1216,0.0540
156501994,-0.0031,0.0044,-0.0308,-0.1610,-0.0340,0.0726,-0.0262,-0.0503,0.3910,0.3910,-0.0734,-0.1591,0.0425,-0.4427,-0.4175,18.5342,-20.7717,-34.4776,0.0711,-0.0790,0.0326
156506994,-0.0032,0.0035,-0.0205,-0.1298,-0.0514,0.0686,-0.0268,-0.0477,0.3907,0.3907,-0.0567,-0.1860,0.0279,-0.0143,-0.7354,18.5342,-20.7719,-34.4806,0.0712,-0.0337,-0.0068
156511994,-0.0033,0.0028,-0.0192,-0.0910,-0.0527,0.0702,-0.0358,-0.0405,0.3899,0.3899,-0.1495,-0.2780,0.3271,0.0791,-2.3227,18.5357,-20.7716,-34.4918,0.0668,-0.0263,-0.0352
156516994,-0.0034,0.0024,-0.0440,-0.0263,-0.0670,0.0864,-0.0719,-0.0222,0.3891,0.3891,-0.1711,-0.1080,0.5576,-0.3327,-1.3820,18.5380,-20.7729,-34.4987,0.0677,-0.0311,-0.0520
156521994,-0.0035,0.0027,-0.0137,0.0956,-0.0184,0.0716,-0.1276,0.0538,0.3885,0.3885,-0.1082,0.1695,0.7216,-0.8052,0.1449,18.5417,-20.7762,-34.4977,0.0813,-0.0448,-0.0396
156526994,-0.0035,0.0033,-0.0131,0.1726,-0.0334,0.0703,-0.1769,0.1027,0.3878,0.3878,-0.1429,0.3600,0.8027,-1.8469,0.5637,18.5447,-20.7860,-34.4954,0.0744,-0.0651,-0.0073
156531994,-0.0033,0.0042,0.0284,0.2398,-0.0462,0.0410,-0.2124,0.1661,0.3877,0.3877,-0.0195,0.5558,0.0457,-2.5184,1.5465,18.5460,-20.7961,-34.4876,0.0743,-0.1081,0.0099
156536994,-0.0032,0.0053,0.0089,0.2581,0.0145,0.0543,-0.2300,0.1890,0.3878,0.3878,0.0113,0.7106,0.0230,-2.8589,2.9593,18.5460,-20.8133,-34.4762,0.0590,-0.1561,0.0434
156541994,-0.0029,0.0068,0.0559,0.2767,0.0588,0.0223,-0.2300,0.2300,0.3879,0.3879,0.0147,0.6592,-0.0107,-2.9262,1.9922,18.5458,-20.8248,-34.4603,0.0526,-0.1769,0.1139
156546994,-0.0028,0.0078,-0.0058,0.1808,-0.0081,0.0545,-0.2300,0.1881,0.3874,0.3874,-0.0986,0.5094,0.0337,-3.1078,1.1187,18.5459,-20.8436,-34.4562,0.0484,-0.2179,0.1339
156551994,-0.0028,0.0082,-0.0162,0.0513,0.0301,0.0618,-0.1852,0.1269,0.3868,0.3868,-0.1042,0.3529,-0.2898,-3.2017,0.6789,18.5445,-20.8566,-34.4522,0.0349,-0.2318,0.1696
156556994,-0.0031,0.0083,-0.0373,0.0037,0.0640,0.0813,-0.1699,0.0960,0.3862,0.3862,-0.1198,0.2807,0.0772,-2.6191,0.9450,18.5449,-20.8732,-34.4484,0.0607,-0.2309,0.1718
156561994,-0.0031,0.0080,-0.0031,-0.0877,0.0484,0.0609,-0.1092,0.0539,0.3857,0.3857,-0.1118,0.0805,0.1790,-2.1091,0.0552,18.5460,-20.8817,-34.4467,0.0673,-0.1930,0.1535
156566994,-0.0033,0.0073,-0.0345,-0.1625,0.0255,0.0820,-0.0721,-0.0070,0.3851,0.3851,-0.1185,-0.0700,0.2657,-1.2621,-0.0719,18.5471,-20.8898,-34.4471,0.0699,-0.1585,0.1068
156571994,-0.0032,0.0062,-0.0220,-0.1857,-0.0157,0.0715,-0.0398,-0.0335,0.3848,0.3848,-0.0685,-0.1245,0.0071,-0.9023,-0.1138,18.5471,-20.8936,-34.4476,0.0797,-0.1370,0.0639
156576994,-0.0033,0.0051,-0.0287,-0.1579,-0.0249,0.0761,-0.0401,-0.0390,0.3844,0.3844,-0.0703,-0.1697,0.2181,-0.1694,-0.3207,18.5480,-20.8953,-34.4490,0.0760,-0.0941,0.0447
156581994,-0.0033,0.0044,-0.0281,-0.0987,-0.0346,0.0762,-0.0589,-0.0213,0.3840,0.3840,-0.0817,-0.1611,0.2413,0.0466,-0.7553,18.5491,-20.8951,-34.4529,0.0747,-0.0492,0.0016
156586994,-0.0035,0.0039,-0.0339,-0.0391,-0.0374,0.0825,-0.0852,-0.0017,0.3834,0.3834,-0.1192,-0.1471,0.3207,0.0657,-1.3221,18.5505,-20.8943,-34.4578,0.0741,-0.0432,-0.0140
156591994,-0.0037,0.0038,-0.0382,0.0235,-0.0649,0.0879,-0.1193,0.0239,0.3825,0.3825,-0.1877,-0.0097,0.7176,-0.7328,-1.1583,18.5540,-20.8971,-34.4677,0.0786,-0.0616,-0.0160
156596994,-0.0038,0.0039,-0.0308,0.0739,-0.0465,0.0868,-0.1457,0.0535,0.3816,0.3816,-0.1702,0.2646,0.9033,-1.8739,0.5790,18.5573,-20.9073,-34.4650,0.0851,-0.0914,-0.0024
156601994,-0.0040,0.0044,-0.0018,0.1448,-0.0133,0.0730,-0.1814,0.1069,0.3811,0.3811,-0.1030,0.4911,0.8264,-2.5269,1.9255,18.5621,-20.9175,-34.4549,0.0871,-0.1146,0.0273
156606994,-0.0039,0.0051,0.0180,0.1830,0.0155,0.0619,-0.2049,0.1447,0.3809,0.3809,-0.0320,0.6773,0.5854,-3.1497,3.2050,18.5643,-20.9358,-34.4419,0.0829,-0.1498,0.0457
156611994,-0.0038,0.0060,0.0629,0.2199,0.0326,0.0334,-0.2230,0.1933,0.3807,0.3807,-0.0402,0.6224,-0.0059,-3.7391,1.4398,18.5645,-20.9508,-34.4318,0.0655,-0.1921,0.1096
156616994,-0.0034,0.0069,0.0605,0.1472,0.0228,0.0271,-0.1972,0.1727,0.3804,0.3804,-0.0605,0.5879,-0.0509,-4.2258,1.4443,18.5643,-20.9756,-34.4261,0.0426,-0.2068,0.1453
156621994,-0.0030,0.0073,0.0455,0.0489,0.0851,0.0317,-0.1516,0.1297,0.3801,0.3801,-0.0654,0.5071,-0.1786,-4.3538,1.5419,18.5636,-20.9932,-34.4171,0.0282,-0.2137,0.1645
156626994,-0.0028,0.0070,0.0165,-0.0678,0.0622,0.0435,-0.0956,0.0592,0.3799,0.3799,-0.0480,0.3052,-0.1446,-3.2577,1.5407,18.5629,-21.0144,-34.4107,0.0300,-0.1900,0.1652
156631994,-0.0028,0.0065,0.0040,-0.1323,0.0506,0.0503,-0.0581,0.0136,0.3793,0.3793,-0.1117,0.0639,0.0474,-2.4973,0.0273,18.5631,-21.0242,-34.4095,0.0430,-0.1695,0.1253
156636994,-0.0027,0.0057,-0.0031,-0.1839,0.0762,0.0536,-0.0192,-0.0256,0.3790,0.3790,-0.0672,-0.0902,0.0369,-1.2777,-0.0716,18.5632,-21.0329,-34.4099,0.0483,-0.1261,0.1006
156641994,-0.0028,0.0045,-0.0021,-0.2413,0.0240,0.0541,0.0260,-0.0773,0.3787,0.3787,-0.0445,-0.2014,0.0182,-0.7089,-0.1950,18.5633,-21.0355,-34.4106,0.0535,-0.0815,0.0574
156646994,-0.0028,0.0032,0.0055,-0.2065,-0.0273,0.0473,0.0294,-0.0799,0.3786,0.3786,-0.0308,-0.2746,0.0309,0.0646,-0.8100,18.5634,-21.0355,-34.4137,0.0539,-0.0583,0.0150
156651994,-0.0028,0.0023,0.0137,-0.1185,-0.0386,0.0411,0.0007,-0.0463,0.3784,0.3784,-0.0422,-0.2310,0.1657,0.2662,-1.1791,18.5643,-21.0345,-34.4201,0.0484,-0.0130,-0.0041
156656994,-0.0027,0.0018,0.0079,-0.0480,-0.0465,0.0428,-0.0280,-0.0201,0.3780,0.3780,-0.0751,-0.3102,0.2152,0.9771,-2.3942,18.5651,-21.0295,-34.4294,0.0405,-0.0013,-0.0352
156661994,-0.0028,0.0015,-0.0229,-0.0134,-0.0362,0.0622,-0.0500,-0.0164,0.3779,0.3779,-0.0166,-0.1339,0.2337,1.0778,-0.4718,18.5662,-21.0251,-34.4357,0.0415,-0.0032,-0.0440
156666994,-0.0027,0.0018,0.0113,0.0965,0.0188,0.0441,-0.0979,0.0559,0.3777,0.3777,-0.0375,0.1835,0.4058,-0.6972,0.4213,18.5678,-21.0259,-34.4336,0.0471,-0.0258,-0.0284
156671994,-0.0028,0.0024,0.0122,0.1655,-0.0301,0.0429,-0.1455,0.0991,0.3770,0.3770,-0.1473,0.4256,0.7651,-2.6821,0.6628,18.5722,-21.0365,-34.4291,0.0491,-0.0427,-0.0084
156676994,-0.0028,0.0035,0.0342,0.2330,-0.0844,0.0277,-0.1943,0.1568,0.3763,0.3763,-0.1407,0.6907,0.1065,-4.7803,1.1079,18.5728,-21.0654,-34.4248,0.0450,-0.0663,0.0272
156681994,-0.0027,0.0048,0.0431,0.2703,0.0512,0.0263,-0.2246,0.2042,0.3764,0.3764,0.0126,0.8384,0.0551,-3.9351,3.3694,18.5731,-21.0806,-34.4077,0.0373,-0.1303,0.0396
156686994,-0.0022,0.0063,0.0764,0.2966,0.1529,0.0007,-0.2300,0.2300,0.3765,0.3765,0.0341,0.7806,-0.0561,-3.6361,2.5883,18.5729,-21.1025,-34.3964,0.0261,-0.1720,0.1041
156691994,-0.0019,0.0076,0.0483,0.2178,0.0240,0.0071,-0.2300,0.2290,0.3762,0.3762,-0.0591,0.6243,-0.1220,-3.9249,1.3039,18.5723,-21.1180,-34.3874,0.0081,-0.1892,0.1516
156696994,-0.0016,0.0080,0.0492,0.0681,0.0524,0.0021,-0.1609,0.1649,0.3759,0.3759,-0.0635,0.5184,-0.7556,-4.8932,0.8996,18.5692,-21.1465,-34.3842,0.0102,-0.2238,0.1692
156701994,-0.0014,0.0084,0.0144,0.0397,0.1721,0.0242,-0.1557,0.1514,0.3756,0.3756,-0.0702,0.4751,-0.8701,-4.5985,1.0024,18.5636,-21.1651,-34.3784,0.0019,-0.2169,0.1862
156706994,-0.0011,0.0080,0.0321,-0.0797,0.1941,0.0083,-0.0801,0.0942,0.3754,0.3754,-0.0429,0.2300,-0.9425,-3.7567,0.2281,18.5597,-21.1888,-34.3773,0.0206,-0.2004,0.1574
156711994,-0.0011,0.0073,-0.0061,-0.1790,0.1822,0.0311,-0.0296,0.0196,0.3748,0.3748,-0.1154,0.0697,-0.4395,-3.2468,-0.0469,18.5565,-21.2019,-34.3777,0.0170,-0.1573,0.1496
156716994,-0.0011,0.0060,0.0168,-0.2062,0.1294,0.0161,0.0081,-0.0092,0.3746,0.3746,-0.0340,0.0070,-0.8793,-2.8083,-0.0658,18.5527,-21.2193,-34.3779,0.0228,-0.1137,0.1054
156721994,-0.0012,0.0049,-0.0006,-0.1885,0.1053,0.0263,0.0116,-0.0257,0.3742,0.3742,-0.0869,-0.0264,-0.2749,-2.2735,-0.1884,18.5497,-21.2284,-34.3787,0.0149,-0.0932,0.0647
156726994,-0.0008,0.0040,0.0263,-0.1732,0.0930,0.0034,0.0285,-0.0211,0.3742,0.3742,0.0059,-0.1009,-0.7168,-1.4055,-0.4746,18.5469,-21.2376,-34.3803,0.0221,-0.0508,0.0456
156731994,-0.0007,0.0028,-0.0061,-0.1967,0.0683,0.0194,0.0502,-0.0617,0.3738,0.3738,-0.0888,-0.2194,-0.1662,-0.9388,-1.2304,18.5455,-21.2414,-34.3867,0.0119,-0.0088,0.0035
156736994,-0.0006,0.0018,0.0107,-0.1552,0.0268,0.0063,0.0501,-0.0533,0.3737,0.3737,-0.0085,-0.3197,-0.7430,0.1018,-2.0128,18.5426,-21.2424,-34.3944,0.0190,0.0112,-0.0282
156741994,-0.0006,0.0012,-0.0150,-0.0657,0.0127,0.0211,0.0062,-0.0259,0.3735,0.3735,-0.0454,-0.4071,-0.0536,1.8023,-2.5875,18.5417,-21.2355,-34.4122,0.0106,0.0318,-0.0488
156746994,-0.0005,0.0009,0.0131,-0.0107,0.0799,0.0041,-0.0047,0.0098,0.3741,0.3741,0.1132,-0.2750,-0.3456,2.4673,-0.9313,18.5405,-21.2172,-34.4161,0.0176,0.0462,-0.0561
156751994,-0.0005,0.0013,0.0220,0.1203,0.0695,-0.0011,-0.0765,0.0857,0.3744,0.3744,0.0601,0.1345,-0.0935,0.2398,0.4217,18.5399,-21.2167,-34.4143,0.0053,0.0303,-0.0169
156756994,-0.0002,0.0022,0.0354,0.2352,-0.0395,-0.0182,-0.1481,0.1617,0.3744,0.3744,0.0191,0.5146,-0.4226,-2.3990,1.1936,18.5383,-21.2291,-34.4100,0.0014,0.0042,0.0015
156761994,0.0001,0.0037,0.0250,0.3280,0.0048,-0.0169,-0.2178,0.2300,0.3748,0.3748,0.0691,0.8253,-0.7169,-3.4214,2.9728,18.5337,-21.2426,-34.3951,-0.0118,-0.0373,0.0393
156766994,0.0003,0.0055,-0.0040,0.3283,0.0069,-0.0018,-0.2300,0.2300,0.3745,0.3745,-0.0511,1.1046,-1.2885,-6.7944,3.1865,18.5286,-21.2792,-34.3811,-0.0113,-0.0498,0.0970
156771994,0.0002,0.0069,-0.0544,0.3082,-0.0814,0.0248,-0.2300,0.2300,0.3744,0.3744,-0.0354,0.8946,-1.6346,-5.1830,2.3571,18.5181,-21.3005,-34.3657,-0.0078,-0.1258,0.1248
156776994,-0.0002,0.0080,-0.0388,0.2315,0.0319,0.0268,-0.2300,0.2300,0.3741,0.3741,-0.0607,0.5741,-0.3810,-2.8233,1.5814,18.5168,-21.3216,-34.3595,0.0005,-0.1817,0.1705
156781994,-0.0004,0.0090,-0.0501,0.1625,0.0888,0.0407,-0.2300,0.2094,0.3730,0.3730,-0.2140,0.4707,1.3921,-2.4158,1.5470,18.5229,-21.3307,-34.3513,0.0141,-0.1918,0.2026
156786994,-0.0005,0.0091,-0.0312,0.0049,0.0045,0.0292,-0.1617,0.1330,0.3715,0.3715,-0.2950,0.3738,2.3217,-2.9912,1.7520,18.5323,-21.3475,-34.3443,0.0204,-0.2204,0.2126
156791994,-0.0008,0.0087,-0.0870,-0.0962,-0.0007,0.0660,-0.1222,0.0562,0.3700,0.3700,-0.3110,0.2324,1.3605,-3.2430,0.9820,18.5438,-21.3607,-34.3375,0.0397,-0.2164,0.2059
156796994,-0.0011,0.0078,-0.0373,-0.1753,-0.0359,0.0413,-0.0574,0.0119,0.3693,0.3693,-0.1333,0.0498,0.1346,-2.3781,0.5178,18.5440,-21.3762,-34.3352,0.0561,-0.1998,0.1600
156801994,-0.0016,0.0067,-0.0608,-0.2028,-0.0328,0.0638,-0.0373,-0.0303,0.3686,0.3686,-0.1472,-0.0167,0.2255,-1.9304,0.4629,18.5447,-21.3839,-34.3320,0.0610,-0.1573,0.1374
156806994,-0.0017,0.0057,-0.0333,-0.2346,0.0179,0.0507,0.0050,-0.0536,0.3682,0.3682,-0.0740,-0.1111,0.0372,-1.2084,0.3799,18.5449,-21.3920,-34.3309,0.0538,-0.1148,0.0935
156811994,-0.0019,0.0043,-0.0397,-0.2162,0.0035,0.0585,0.0119,-0.0700,0.3678,0.3678,-0.0788,-0.1381,0.2699,-0.6683,0.3371,18.5466,-21.3946,-34.3280,0.0514,-0.0939,0.0518
156816994,-0.0019,0.0031,-0.0116,-0.1998,-0.0322,0.0393,0.0307,-0.0738,0.3677,0.3677,-0.0214,-0.1636,0.0767,-0.2644,0.2006,18.5470,-21.3963,-34.3273,0.0567,-0.0546,0.0315
156821994,-0.0020,0.0021,-0.0290,-0.1518,-0.0637,0.0506,0.0151,-0.0731,0.3673,0.3673,-0.0825,-0.1707,0.4075,-0.0657,-0.3092,18.5492,-21.3966,-34.3279,0.0454,-0.0104,-0.0068
156826994,-0.0020,0.0014,-0.0156,-0.0843,-0.0627,0.0440,-0.0046,-0.0467,0.3670,0.3670,-0.0606,-0.2456,0.1606,0.6961,-1.3776,18.5498,-21.3936,-34.3329,0.0485,0.0093,-0.0413
156831994,-0.0022,0.0010,-0.0434,-0.0324,-0.0261,0.0644,-0.0324,-0.0350,0.3666,0.3666,-0.0706,-0.1961,0.6066,1.3557,-0.7503,18.5526,-21.3882,-34.3408,0.0435,0.0011,-0.0705
156836994,-0.0021,0.0010,0.0006,0.0614,0.0313,0.0390,-0.0653,0.0299,0.3666,0.3666,0.0057,0.0284,0.3624,0.6318,0.2061,18.5543,-21.3826,-34.3396,0.0563,-0.0146,-0.0458
156841994,-0.0021,0.0015,-0.0052,0.1469,-0.0090,0.0418,-0.1204,0.0776,0.3663,0.3663,-0.0710,0.2513,0.6696,-0.7348,0.6071,18.5582,-21.3853,-34.3356,0.0474,-0.0197,-0.0197
156846994,-0.0019,0.0023,0.0354,0.2132,-0.0597,0.0114,-0.1557,0.1374,0.3657,0.3657,-0.1221,0.6531,0.0208,-4.5602,1.0985,18.5579,-21.4100,-34.3315,0.0440,-0.0437,-0.0019
156851994,-0.0020,0.0036,-0.0076,0.2963,-0.0444,0.0402,-0.2300,0.1873,0.3647,0.3647,-0.1913,1.0278,-0.0128,-6.7579,2.6517,18.5578,-21.4383,-34.3179,0.0299,-0.1037,0.0334
156856994,-0.0017,0.0054,0.0336,0.3323,0.1013,0.0145,-0.2300,0.2300,0.3648,0.3648,0.0227,0.9554,-0.1475,-4.2737,3.7382,18.5572,-21.4651,-34.3022,0.0293,-0.1669,0.0940
156861994,-0.0018,0.0067,-0.0043,0.2993,0.1566,0.0425,-0.2300,0.2300,0.3644,0.3644,-0.0873,0.6743,-0.0077,-3.3389,1.4836,18.5570,-21.4782,-34.2916,0.0340,-0.1915,0.1227
156866994,-0.0018,0.0077,0.0092,0.1738,0.0213,0.0278,-0.2240,0.1986,0.3640,0.3640,-0.0811,0.4909,-0.1934,-3.2309,0.8479,18.5564,-21.4963,-34.2879,0.0266,-0.2199,0.1600
156871994,-0.0018,0.0080,-0.0006,0.0336,0.0665,0.0355,-0.1588,0.1311,0.3633,0.3633,-0.1408,0.3507,-0.0003,-3.5923,0.4867,18.5564,-21.5078,-34.2844,0.0296,-0.2248,0.1955
156876994,-0.0015,0.0077,0.0202,-0.0825,0.1275,0.0206,-0.0836,0.0778,0.3630,0.3630,-0.0588,0.2018,-0.1769,-2.8788,0.7778,18.5556,-21.5292,-34.2807,0.0330,-0.2257,0.1949
156881994,-0.0014,0.0069,0.0076,-0.1216,0.0741,0.0236,-0.0544,0.0395,0.3626,0.3626,-0.0768,0.0481,-0.1547,-2.1806,0.0026,18.5550,-21.5382,-34.2802,0.0246,-0.1867,0.1554
156886994,-0.0013,0.0060,0.0266,-0.1176,0.0484,0.0105,-0.0385,0.0336,0.3626,0.3626,-0.0119,0.0099,-0.3812,-1.6255,0.0154,18.5534,-21.5483,-34.2801,0.0245,-0.1410,0.1092
156891994,-0.0013,0.0055,0.0104,-0.1347,0.0539,0.0202,-0.0255,0.0115,0.3625,0.3625,-0.0083,-0.0520,-0.3390,-1.0765,-0.0125,18.5509,-21.5528,-34.2802,0.0165,-0.1131,0.0877
156896994,-0.0014,0.0046,0.0061,-0.1261,0.0552,0.0235,-0.0177,0.0006,0.3626,0.3626,0.0083,-0.0890,-0.3596,-0.5727,-0.0947,18.5494,-21.5570,-34.2805,0.0185,-0.0702,0.0459
156901994,-0.0015,0.0038,-0.0134,-0.1097,0.0234,0.0362,-0.0218,-0.0117,0.3623,0.3623,-0.0496,-0.0830,-0.0161,-0.5896,-0.2465,18.5490,-21.5589,-34.2817,0.0216,-0.0474,0.0058
156906994,-0.0015,0.0033,0.0076,-0.0522,0.0011,0.0223,-0.0368,0.0146,0.3621,0.3621,-0.0330,-0.1291,0.0216,0.0640,-0.9239,18.5490,-21.5590,-34.2855,0.0285,-0.0226,-0.0012
156911994,-0.0017,0.0033,-0.0226,0.0312,-0.0197,0.0429,-0.0894,0.0443,0.3616,0.3616,-0.1012,-0.0626,0.1434,-0.1279,-1.3322,18.5501,-21.5595,-34.2930,0.0251,-0.0279,-0.0007
156916994,-0.0017,0.0035,-0.0049,0.0987,-0.0270,0.0336,-0.1240,0.0873,0.3612,0.3612,-0.0891,0.2054,0.0171,-1.6050,-0.2315,18.5501,-21.5675,-34.2943,0.0379,-0.0443,0.0193
156921994,-0.0019,0.0042,-0.0238,0.1811,-0.0081,0.0476,-0.1830,0.1344,0.3608,0.3608,-0.0820,0.5802,0.7403,-2.4748,2.6564,18.5541,-21.5773,-34.2820,0.0335,-0.0724,0.0276
156926994,-0.0016,0.0053,0.0315,0.2819,0.0222,0.0112,-0.2300,0.2243,0.3609,0.3609,0.0214,0.7824,0.2411,-3.0896,3.3455,18.5549,-21.5957,-34.2677,0.0454,-0.1199,0.0862
156931994,-0.0015,0.0068,-0.0095,0.2786,-0.0093,0.0324,-0.2300,0.2300,0.3604,0.3604,-0.0978,0.6639,0.3719,-3.0872,1.8677,18.5571,-21.6053,-34.2553,0.0301,-0.1434,0.1387
156936994,-0.0013,0.0080,0.0214,0.2120,-0.0111,0.0113,-0.2300,0.2289,0.3602,0.3602,-0.0411,0.5976,-0.1129,-3.2839,1.6754,18.5566,-21.6272,-34.2486,0.0205,-0.1784,0.1584
156941994,-0.0013,0.0089,-0.0089,0.1414,0.0313,0.0311,-0.2265,0.1991,0.3597,0.3597,-0.0914,0.5675,0.0032,-3.6505,1.8295,18.5565,-21.6417,-34.2381,0.0205,-0.2206,0.1960
156946994,-0.0013,0.0091,-0.0034,0.0266,0.0374,0.0273,-0.1702,0.1473,0.3594,0.3594,-0.0682,0.4443,-0.1627,-3.5641,1.8081,18.5557,-21.6634,-34.2309,0.0274,-0.2278,0.2074
156951994,-0.0015,0.0089,-0.0223,-0.0635,0.0319,0.0417,-0.1283,0.0903,0.3587,0.3587,-0.1480,0.2335,-0.0104,-3.3124,0.5087,18.5559,-21.6767,-34.2260,0.0285,-0.2201,0.2042
156956994,-0.0015,0.0084,-0.0034,-0.1237,0.0582,0.0319,-0.0835,0.0583,0.3580,0.3580,-0.1233,0.0778,0.0215,-2.6023,-0.0096,18.5560,-21.6933,-34.2261,0.0384,-0.1821,0.1598
156961994,-0.0016,0.0078,-0.0168,-0.1503,0.0842,0.0431,-0.0640,0.0307,0.3575,0.3575,-0.1090,0.0144,-0.0372,-2.1176,0.0015,18.5561,-21.6997,-34.2262,0.0325,-0.1614,0.1116
156966994,-0.0015,0.0069,-0.0131,-0.1582,0.0704,0.0378,-0.0429,0.0132,0.3572,0.3572,-0.0659,-0.0658,-0.0582,-1.2369,-0.0476,18.5558,-21.7095,-34.2264,0.0375,-0.1245,0.0906
156971994,-0.0015,0.0060,-0.0156,-0.1268,0.0222,0.0381,-0.0475,0.0120,0.3569,0.3569,-0.0448,-0.0851,-0.0406,-0.6326,-0.0964,18.5557,-21.7130,-34.2268,0.0380,-0.0813,0.0490
156976994,-0.0015,0.0054,-0.0018,-0.0684,0.0054,0.0291,-0.0639,0.0354,0.3568,0.3568,-0.0273,-0.0808,-0.0777,-0.2803,-0.4387,18.5554,-21.7139,-34.2284,0.0373,-0.0488,0.0148
156981994,-0.0015,0.0051,-0.0034,0.0043,0.0173,0.0297,-0.0968,0.0691,0.3565,0.3565,-0.0573,0.0109,-0.0017,-0.6436,-0.5578,18.5555,-21.7166,-34.2326,0.0326,-0.0489,0.0177
156986994,-0.0014,0.0052,-0.0040,0.0565,0.0100,0.0285,-0.1241,0.0968,0.3562,0.3562,-0.0535,0.2348,0.0395,-1.6575,0.6359,18.5555,-21.7231,-34.2301,0.0289,-0.0643,0.0353
156991994,-0.0014,0.0056,0.0046,0.1326,0.0222,0.0230,-0.1663,0.1458,0.3562,0.3562,-0.0086,0.5206,-0.0440,-2.6853,2.3044,18.5555,-21.7385,-34.2172,0.0284,-0.1061,0.0791
156996994,-0.0013,0.0063,0.0220,0.2013,0.0127,0.0109,-0.2076,0.1982,0.3560,0.3560,-0.0323,0.6205,0.0019,-3.2954,2.0955,18.5555,-21.7517,-34.2086,0.0243,-0.1209,0.1003
157001994,-0.0010,0.0074,0.0272,0.1939,0.0225,0.0038,-0.2171,0.2160,0.3557,0.3557,-0.0602,0.6725,-0.0679,-4.1124,2.0420,18.5553,-21.7753,-34.1965,0.0126,-0.1608,0.1444
157006994,-0.0009,0.0083,0.0192,0.1503,0.0451,0.0064,-0.2092,0.2080,0.3553,0.3553,-0.0799,0.7039,-0.2324,-4.8876,2.2321,18.5543,-21.7948,-34.1875,0.0054,-0.2040,0.1856
157011994,-0.0007,0.0088,0.0192,0.0761,0.0594,0.0037,-0.1775,0.1806,0.3550,0.3550,-0.0666,0.6339,-0.4703,-5.0021,2.1712,18.5517,-21.8258,-34.1740,0.0071,-0.2114,0.2068
157016994,-0.0006,0.0086,0.0156,-0.0593,0.0640,0.0044,-0.1060,0.1091,0.3546,0.3546,-0.0857,0.3944,-0.2900,-4.3257,1.5083,18.5504,-21.8430,-34.1678,0.0026,-0.2053,0.2068
157021994,-0.0004,0.0080,0.0104,-0.1521,0.0726,0.0047,-0.0478,0.0515,0.3541,0.3541,-0.0902,0.0990,-0.3530,-3.0781,0.1513,18.5487,-21.8633,-34.1658,0.0045,-0.1722,0.1721
157026994,-0.0005,0.0069,0.0113,-0.2022,0.1178,0.0079,-0.0043,0.0101,0.3539,0.3539,-0.0520,-0.0179,-0.4987,-2.3816,-0.0109,18.5466,-21.8727,-34.1660,0.0050,-0.1494,0.1458
157031994,-0.0005,0.0057,0.0244,-0.1985,0.0988,-0.0022,0.0176,-0.0039,0.3539,0.3539,0.0019,-0.0850,-0.5423,-1.5194,-0.0592,18.5437,-21.8827,-34.1662,0.0081,-0.1048,0.0997
157036994,-0.0003,0.0046,0.0220,-0.1628,0.0518,-0.0050,0.0151,-0.0041,0.3539,0.3539,0.0028,-0.0834,-0.4049,-1.1260,-0.1051,18.5421,-21.8872,-34.1666,-0.0001,-0.0588,0.0576
157041994,-0.0002,0.0038,0.0177,-0.1054,0.0329,-0.0053,-0.0024,0.0115,0.3541,0.3541,0.0387,-0.0785,-0.7464,-0.6837,-0.3378,18.5374,-21.8917,-34.1682,-0.0034,-0.0369,0.0380
157046994,-0.0002,0.0034,0.0073,-0.0431,0.0616,0.0008,-0.0276,0.0340,0.3543,0.3543,0.0383,-0.1016,-0.8461,-0.1229,-0.8753,18.5339,-21.8923,-34.1714,-0.0055,-0.0062,0.0143
157051994,-0.0001,0.0032,-0.0128,0.0156,0.0637,0.0108,-0.0603,0.0569,0.3544,0.3544,0.0319,-0.0121,-0.6813,-0.0044,-0.3602,18.5293,-21.8917,-34.1750,-0.0005,-0.0174,0.0223
157056994,-0.0001,0.0032,-0.0159,0.0547,0.0414,0.0131,-0.0834,0.0751,0.3545,0.3545,0.0210,0.2033,-0.4492,-0.9939,0.9170,18.5274,-21.8953,-34.1711,0.0032,-0.0226,0.0272
157061994,-0.0002,0.0036,-0.0119,0.1206,0.0182,0.0111,-0.1236,0.1146,0.3537,0.3537,-0.1653,0.5983,0.7226,-4.0554,2.0867,18.5308,-21.9151,-34.1589,0.0062,-0.0449,0.0583
157066994,-0.0003,0.0044,-0.0476,0.2202,-0.0120,0.0333,-0.2008,0.1661,0.3522,0.3522,-0.2927,0.7613,0.9706,-5.2335,1.7243,18.5349,-21.9374,-34.1519,0.0134,-0.1002,0.0960
157071994,-0.0001,0.0055,-0.0040,0.2190,0.0451,0.0056,-0.1987,0.1984,0.3517,0.3517,-0.1118,0.6378,0.0454,-3.8434,1.5421,18.5353,-21.9609,-34.1430,0.0207,-0.1275,0.1165
157076994,-0.0003,0.0065,-0.0232,0.1888,0.0649,0.0212,-0.2067,0.1930,0.3511,0.3511,-0.1277,0.6278,0.4066,-3.5773,2.0677,18.5369,-21.9752,-34.1348,0.0208,-0.1672,0.1531
157081994,-0.0003,0.0074,0.0070,0.1472,0.0133,0.0013,-0.1924,0.1926,0.3508,0.3508,-0.0578,0.6337,-0.1737,-4.0183,2.2365,18.5364,-21.9985,-34.1214,0.0207,-0.1997,0.1936
157086994,-0.0003,0.0076,0.0067,0.0153,0.0048,0.0013,-0.1291,0.1283,0.3503,0.3503,-0.0977,0.4853,0.0092,-4.1695,1.8742,18.5365,-22.0156,-34.1137,0.0157,-0.2027,0.1980
157091994,0.0000,0.0072,0.0324,-0.1017,0.0295,-0.0177,-0.0522,0.0733,0.3502,0.3502,-0.0113,0.1910,-0.3858,-2.7488,1.0153,18.5344,-22.0334,-34.1069,0.0028,-0.1939,0.1896
157096994,0.0000,0.0065,0.0064,-0.1631,0.0457,-0.0021,-0.0168,0.0242,0.3501,0.3501,-0.0177,0.0302,-0.3715,-1.8789,0.6063,18.5330,-22.0410,-34.1047,-0.0150,-0.1523,0.1455
157101994,0.0002,0.0053,0.0116,-0.2022,0.0402,-0.0096,0.0262,-0.0119,0.3505,0.3505,0.0755,-0.1214,-1.1399,-0.9439,0.0953,18.5273,-22.0470,-34.1038,-0.0072,-0.1287,0.1229
157106994,0.0001,0.0041,-0.0058,-0.1796,0.0103,0.0009,0.0259,-0.0256,0.3508,0.3508,0.0567,-0.1534,-0.8274,-0.2986,0.0381,18.5240,-22.0482,-34.1038,-0.0112,-0.0822,0.0773
157111994,0.0001,0.0032,-0.0079,-0.1384,-0.0071,0.0018,0.0185,-0.0211,0.3510,0.3510,0.0407,-0.1151,-0.6884,-0.2954,0.0037,18.5197,-22.0500,-34.1036,-0.0046,-0.0363,0.0346
157116994,0.0001,0.0026,-0.0104,-0.0669,0.0060,0.0055,-0.0095,0.0047,0.3508,0.3508,-0.0395,-0.0749,0.2368,-0.0362,-0.1386,18.5207,-22.0504,-34.1040,-0.0045,-0.0168,0.0140
157121994,0.0001,0.0025,-0.0147,0.0244,0.0078,0.0080,-0.0545,0.0474,0.3506,0.3506,-0.0491,-0.1194,0.3803,0.9212,-0.9286,18.5234,-22.0456,-34.1091,0.0030,0.0035,-0.0024
157126994,0.0000,0.0026,-0.0211,0.0809,-0.0178,0.0115,-0.0889,0.0754,0.3501,0.3501,-0.0805,-0.0075,0.7707,0.6768,-0.4601,18.5266,-22.0421,-34.1117,0.0048,-0.0200,0.0130
157131994,-0.0001,0.0030,-0.0403,0.1295,-0.0163,0.0246,-0.1276,0.1011,0.3496,0.3496,-0.1127,0.4371,0.9362,-1.8481,2.1065,18.5322,-22.0494,-34.1020,0.0087,-0.0310,0.0272
157136994,-0.0003,0.0038,-0.0360,0.2056,-0.0270,0.0253,-0.1805,0.1520,0.3488,0.3488,-0.1637,0.8671,1.1792,-4.4962,4.0097,18.5371,-22.0671,-34.0858,0.0219,-0.0608,0.0664
157141994,-0.0006,0.0051,-0.0672,0.3128,-0.0557,0.0482,-0.2300,0.2136,0.3478,0.3478,-0.1842,0.8812,0.7841,-4.1724,3.1360,18.5422,-22.0963,-34.0645,0.0281,-0.1375,0.1251
157146994,-0.0008,0.0065,-0.0226,0.2728,-0.0624,0.0259,-0.2300,0.2263,0.3473,0.3473,-0.1068,0.7086,0.5352,-3.2038,2.4008,18.5437,-22.1091,-34.0548,0.0322,-0.1613,0.1489
157151994,-0.0010,0.0077,-0.0363,0.2053,-0.0362,0.0393,-0.2300,0.2049,0.3466,0.3466,-0.1339,0.6062,1.1892,-2.4778,2.6766,18.5515,-22.1239,-34.0396,0.0389,-0.2001,0.1817
157156994,-0.0010,0.0082,0.0095,0.0764,-0.0777,0.0098,-0.1788,0.1600,0.3464,0.3464,-0.0473,0.5032,0.7616,-2.6172,2.8704,18.5548,-22.1344,-34.0280,0.0394,-0.2309,0.2066
157161994,-0.0009,0.0084,0.0140,0.0024,-0.0979,0.0048,-0.1421,0.1259,0.3462,0.3462,-0.0457,0.3375,0.6977,-2.1231,2.1842,18.5592,-22.1484,-34.0140,0.0210,-0.2316,0.2046
157166994,-0.0007,0.0079,0.0302,-0.1173,-0.0731,-0.0082,-0.0658,0.0655,0.3463,0.3463,0.0168,0.0931,0.1628,-1.3396,1.3654,18.5601,-22.1536,-34.0084,0.0092,-0.1971,0.1659
157171994,-0.0008,0.0070,0.0095,-0.1875,-0.0542,0.0065,-0.0211,0.0083,0.3465,0.3465,0.0420,-0.1144,-0.1005,-0.2094,0.7307,18.5593,-22.1548,-34.0035,-0.0064,-0.1497,0.1217
157176994,-0.0006,0.0060,0.0180,-0.1460,-0.0273,-0.0012,-0.0212,0.0192,0.3469,0.3469,0.0762,-0.1210,-0.4769,0.0106,0.3323,18.5576,-22.1548,-34.0021,0.0006,-0.1256,0.0990
157181994,-0.0005,0.0053,0.0098,-0.0870,-0.0563,0.0016,-0.0433,0.0352,0.3471,0.3471,0.0437,-0.0577,-0.2502,-0.0613,0.3156,18.5546,-22.1549,-34.0007,-0.0006,-0.0796,0.0525
157186994,-0.0004,0.0048,0.0147,-0.0492,-0.0582,-0.0033,-0.0522,0.0488,0.3472,0.3472,0.0240,-0.0269,0.0046,-0.0351,0.2518,18.5546,-22.1551,-33.9995,-0.0019,-0.0426,0.0341
157191994,-0.0004,0.0046,0.0021,0.0162,-0.0230,0.0051,-0.0849,0.0772,0.3470,0.3470,-0.0285,0.1053,0.4218,-0.4929,0.6528,18.5572,-22.1566,-33.9967,-0.0037,-0.0429,0.0360
157196994,-0.0002,0.0047,0.0037,0.0699,-0.0157,0.0016,-0.1123,0.1088,0.3471,0.3471,0.0140,0.2926,0.1211,-1.1969,1.6665,18.5577,-22.1609,-33.9898,0.0053,-0.0552,0.0504
157201994,-0.0003,0.0050,-0.0092,0.1130,-0.0276,0.0094,-0.1441,0.1315,0.3471,0.3471,-0.0131,0.4985,0.2848,-2.2382,2.7180,18.5591,-22.1726,-33.9743,0.0022,-0.0925,0.0883
157206994,-0.0002,0.0055,-0.0137,0.1420,-0.0560,0.0104,-0.1683,0.1514,0.3470,0.3470,-0.0158,0.5702,0.2170,-2.5600,2.9458,18.5598,-22.1829,-33.9626,0.0070,-0.1105,0.1090
157211994,-0.0004,0.0063,-0.0214,0.1475,-0.0530,0.0187,-0.1883,0.1635,0.3467,0.3467,-0.0613,0.5760,0.4867,-2.7143,2.7953,18.5630,-22.1992,-33.9453,0.0079,-0.1520,0.1441
157216994,-0.0005,0.0070,-0.0263,0.1097,-0.0325,0.0242,-0.1815,0.1535,0.3462,0.3462,-0.0969,0.5374,0.6664,-2.8708,2.6292,18.5660,-22.2107,-33.9349,0.0162,-0.1835,0.1646
157221994,-0.0006,0.0073,-0.0257,0.0391,-0.0261,0.0261,-0.1515,0.1224,0.3453,0.3453,-0.1824,0.4542,1.4886,-2.9275,2.4098,18.5736,-22.2286,-33.9197,0.0185,-0.1857,0.1604
157226994,-0.0008,0.0072,-0.0305,-0.0614,-0.0184,0.0320,-0.1000,0.0659,0.3441,0.3441,-0.2397,0.2615,2.0618,-2.3463,1.8044,18.5818,-22.2381,-33.9125,0.0232,-0.1787,0.1490
157231994,-0.0008,0.0067,-0.0376,-0.1139,-0.0230,0.0360,-0.0676,0.0290,0.3435,0.3435,-0.1235,0.0519,0.6924,-1.3312,0.8010,18.5875,-22.2471,-33.9066,0.0407,-0.1445,0.1128
157236994,-0.0012,0.0059,-0.0391,-0.1545,-0.0294,0.0429,-0.0384,-0.0080,0.3430,0.3430,-0.0865,-0.0791,0.3339,-0.6783,0.2912,18.5885,-22.2496,-33.9055,0.0417,-0.1228,0.0894
157241994,-0.0014,0.0051,-0.0376,-0.1274,-0.0090,0.0475,-0.0394,-0.0092,0.3428,0.3428,-0.0486,-0.1225,0.1376,-0.0162,0.0458,18.5893,-22.2502,-33.9051,0.0424,-0.0765,0.0438
157246994,-0.0015,0.0045,-0.0040,-0.0724,-0.0258,0.0289,-0.0494,0.0176,0.3426,0.3426,-0.0410,-0.1062,0.3782,0.1826,-0.2523,18.5907,-22.2496,-33.9061,0.0461,-0.0400,0.0021
157251994,-0.0016,0.0043,-0.0046,0.0165,-0.0511,0.0296,-0.0937,0.0582,0.3421,0.3421,-0.0907,-0.0404,0.2809,-0.3107,-1.0420,18.5932,-22.2500,-33.9120,0.0316,-0.0393,0.0005
157256994,-0.0016,0.0045,0.0113,0.0935,-0.0530,0.0202,-0.1325,0.1061,0.3420,0.3420,-0.0265,0.2104,0.0463,-1.1256,0.3786,18.5932,-22.2542,-33.9115,0.0300,-0.0511,0.0140
157261994,-0.0016,0.0051,-0.0070,0.1579,-0.0059,0.0327,-0.1781,0.1447,0.3421,0.3421,0.0141,0.5966,0.2420,-2.3451,3.2942,18.5944,-22.2665,-33.8946,0.0195,-0.0911,0.0474
157266994,-0.0013,0.0060,0.0089,0.1860,0.0087,0.0189,-0.1997,0.1818,0.3424,0.3424,0.0674,0.8026,0.2202,-3.0960,4.8314,18.5951,-22.2789,-33.8749,0.0256,-0.1131,0.0716
157271994,-0.0014,0.0068,0.0006,0.2123,-0.0243,0.0236,-0.2299,0.2035,0.3422,0.3422,-0.0341,0.7559,0.2078,-3.6739,3.3164,18.5971,-22.3006,-33.8528,0.0265,-0.1600,0.1433
157276994,-0.0013,0.0077,0.0156,0.1604,-0.0560,0.0122,-0.2144,0.1957,0.3420,0.3420,-0.0367,0.6584,0.0107,-3.7708,2.6330,18.5970,-22.3157,-33.8424,0.0241,-0.2040,0.1825
157281994,-0.0013,0.0083,-0.0137,0.0877,0.0075,0.0317,-0.1926,0.1618,0.3417,0.3417,-0.0739,0.5994,-0.0112,-3.9671,2.6139,18.5970,-22.3393,-33.8269,0.0121,-0.2172,0.1977
157286994,-0.0013,0.0082,-0.0205,-0.0571,0.0350,0.0378,-0.1181,0.0844,0.3413,0.3413,-0.0716,0.4018,-0.0377,-3.5544,2.3474,18.5969,-22.3536,-33.8173,0.0239,-0.2114,0.1899
157291994,-0.0014,0.0074,-0.0528,-0.1576,0.0249,0.0573,-0.0645,0.0101,0.3406,0.3406,-0.1364,0.1023,0.1968,-2.4013,0.9409,18.5978,-22.3690,-33.8097,0.0370,-0.1858,0.1563
157296994,-0.0016,0.0065,-0.0498,-0.2046,0.0368,0.0608,-0.0274,-0.0292,0.3399,0.3399,-0.1512,-0.0499,0.3084,-1.8133,0.1775,18.5997,-22.3763,-33.8089,0.0561,-0.1655,0.1323
157301994,-0.0020,0.0053,-0.0535,-0.2028,0.0573,0.0709,-0.0130,-0.0512,0.3392,0.3392,-0.1312,-0.1194,0.3343,-1.0661,0.0063,18.6011,-22.3832,-33.8090,0.0606,-0.1206,0.0821
157306994,-0.0022,0.0044,-0.0318,-0.1384,0.0478,0.0614,-0.0266,-0.0292,0.3389,0.3389,-0.0703,-0.0801,0.0983,-0.7045,0.0456,18.6019,-22.3860,-33.8088,0.0721,-0.0754,0.0382
157311994,-0.0023,0.0038,-0.0037,-0.0648,0.0182,0.0446,-0.0481,0.0056,0.3387,0.3387,-0.0437,-0.0615,0.1209,-0.3456,-0.3038,18.6024,-22.3882,-33.8098,0.0624,-0.0517,0.0186
157316994,-0.0022,0.0036,0.0101,0.0116,-0.0136,0.0343,-0.0802,0.0444,0.3385,0.3385,-0.0360,-0.0248,-0.0221,-0.3003,-0.7676,18.6022,-22.3894,-33.8132,0.0561,-0.0353,0.0014
157321994,-0.0023,0.0038,0.0134,0.0718,-0.0203,0.0332,-0.1142,0.0786,0.3383,0.3383,-0.0347,0.2502,-0.0130,-1.6954,0.6001,18.6021,-22.3973,-33.8128,0.0342,-0.0535,0.0097
157326994,-0.0020,0.0041,0.0208,0.1197,0.0148,0.0257,-0.1393,0.1153,0.3383,0.3383,-0.0025,0.5144,-0.0117,-2.8071,2.2680,18.6020,-22.4085,-33.8039,0.0327,-0.0712,0.0265
157331994,-0.0017,0.0048,0.0406,0.1726,0.0533,0.0097,-0.1664,0.1628,0.3386,0.3386,0.0658,0.8247,0.0034,-3.9101,4.4749,18.6021,-22.4314,-33.7784,0.0283,-0.1165,0.0688
157336994,-0.0015,0.0057,0.0437,0.2434,0.0365,0.0038,-0.2154,0.2158,0.3387,0.3387,0.0131,0.8423,-0.0995,-4.2876,3.4127,18.6017,-22.4485,-33.7646,0.0135,-0.1513,0.1389
157341994,-0.0012,0.0068,0.0565,0.1799,0.0210,-0.0097,-0.1934,0.2056,0.3386,0.3386,-0.0067,0.7186,-0.3491,-4.5107,2.4175,18.6004,-22.4758,-33.7502,0.0054,-0.1695,0.1574
157346994,-0.0009,0.0074,0.0458,0.1020,0.0851,-0.0069,-0.1617,0.1785,0.3387,0.3387,0.0133,0.6502,-0.6777,-4.5574,2.4918,18.5962,-22.4941,-33.7401,-0.0000,-0.1954,0.1920
157351994,-0.0007,0.0075,0.0363,-0.0082,0.1282,-0.0039,-0.1060,0.1248,0.3391,0.3391,0.0691,0.4682,-1.0546,-3.7473,2.3800,18.5918,-22.5180,-33.7249,-0.0037,-0.1861,0.1945
157356994,-0.0005,0.0068,0.0232,-0.1735,0.0955,-0.0006,-0.0137,0.0253,0.3393,0.3393,0.0564,0.1399,-1.2007,-2.8386,1.1909,18.5841,-22.5294,-33.7200,-0.0031,-0.1699,0.1851
157361994,-0.0004,0.0056,0.0015,-0.2581,0.0848,0.0088,0.0434,-0.0423,0.3395,0.3395,0.0221,-0.1220,-1.1013,-1.7417,0.0088,18.5795,-22.5404,-33.7190,-0.0017,-0.1253,0.1402
157366994,-0.0003,0.0040,-0.0052,-0.2587,0.0927,0.0120,0.0671,-0.0683,0.3395,0.3395,0.0135,-0.1674,-0.8073,-1.1834,-0.0098,18.5741,-22.5452,-33.7191,0.0047,-0.0788,0.0909
157371994,-0.0002,0.0027,0.0067,-0.2056,0.0845,0.0033,0.0643,-0.0578,0.3393,0.3393,-0.0368,-0.1226,-0.0403,-1.0575,0.0099,18.5739,-22.5513,-33.7192,0.0057,-0.0561,0.0683
157376994,-0.0002,0.0021,-0.0006,-0.0822,0.0518,0.0063,0.0089,-0.0092,0.3388,0.3388,-0.0999,-0.0228,0.7344,-0.7532,0.0103,18.5786,-22.5538,-33.7191,0.0006,-0.0128,0.0245
157381994,-0.0002,0.0018,-0.0244,-0.0015,0.0243,0.0198,-0.0359,0.0189,0.3385,0.3385,-0.0602,-0.0491,0.1312,0.0395,-0.5721,18.5794,-22.5552,-33.7210,0.0106,0.0034,-0.0057
157386994,-0.0003,0.0017,-0.0177,0.0305,-0.0010,0.0157,-0.0497,0.0339,0.3385,0.3385,-0.0100,-0.0762,0.0033,0.7750,-0.5975,18.5790,-22.5520,-33.7239,0.0201,0.0006,-0.0022
157391994,-0.0005,0.0019,-0.0171,0.0593,0.0142,0.0206,-0.0705,0.0515,0.3383,0.3383,-0.0386,0.3114,0.1968,-1.6633,1.5790,18.5799,-22.5578,-33.7181,0.0169,-0.0201,0.0136
157396994,-0.0005,0.0022,-0.0052,0.1084,-0.0252,0.0118,-0.0985,0.0838,0.3380,0.3380,-0.0610,0.6024,0.1644,-3.6321,2.7189,18.5807,-22.5723,-33.7071,0.0204,-0.0418,0.0369
157401994,-0.0007,0.0029,-0.0116,0.1869,-0.0524,0.0178,-0.1552,0.1313,0.3372,0.3372,-0.1581,0.9271,0.0970,-6.2905,3.2273,18.5812,-22.6086,-33.6871,0.0133,-0.0484,0.0496
157406994,-0.0007,0.0039,-0.0254,0.2547,-0.0343,0.0267,-0.2086,0.1779,0.3366,0.3366,-0.1153,0.7868,0.0807,-4.3396,2.5028,18.5813,-22.6261,-33.6772,0.0162,-0.1200,0.1006
157411994,-0.0010,0.0049,-0.0235,0.2025,0.0756,0.0349,-0.1940,0.1679,0.3363,0.3363,-0.0704,0.6362,0.1054,-3.2039,2.3722,18.5818,-22.6459,-33.6632,0.0263,-0.1587,0.1384
157416994,-0.0010,0.0058,-0.0018,0.1573,0.0356,0.0215,-0.1812,0.1638,0.3359,0.3359,-0.0769,0.5999,0.4973,-3.1838,2.5075,18.5841,-22.6584,-33.6531,0.0334,-0.1739,0.1588
157421994,-0.0010,0.0063,0.0229,0.0696,-0.0359,0.0032,-0.1391,0.1318,0.3354,0.3354,-0.0958,0.5391,0.3669,-3.9704,2.0665,18.5859,-22.6818,-33.6398,0.0300,-0.1826,0.1707
157426994,-0.0009,0.0061,0.0140,-0.0599,0.0109,0.0094,-0.0707,0.0626,0.3351,0.3351,-0.0685,0.2844,-0.0807,-3.2088,1.2189,18.5855,-22.6948,-33.6348,0.0111,-0.1755,0.1552
157431994,-0.0010,0.0054,0.0208,-0.1381,0.0921,0.0093,-0.0151,0.0165,0.3350,0.3350,-0.0175,0.0163,-0.3765,-1.7917,0.1934,18.5841,-22.7072,-33.6322,0.0105,-0.1562,0.1368
157436994,-0.0010,0.0046,-0.0021,-0.1839,0.1049,0.0239,0.0142,-0.0260,0.3348,0.3348,-0.0316,-0.0952,-0.2568,-1.1522,-0.0120,18.5820,-22.7116,-33.6322,0.0089,-0.1094,0.0883
157441994,-0.0009,0.0038,-0.0238,-0.1381,0.0646,0.0336,-0.0025,-0.0236,0.3346,0.3346,-0.0448,-0.0840,-0.2044,-0.7839,-0.0882,18.5812,-22.7164,-33.6326,0.0212,-0.0622,0.0444
157446994,-0.0011,0.0032,-0.0229,-0.0620,0.0106,0.0341,-0.0357,0.0029,0.3342,0.3342,-0.0710,-0.0204,0.0448,-0.7575,-0.2219,18.5814,-22.7192,-33.6334,0.0332,-0.0397,0.0231
157451994,-0.0012,0.0030,-0.0131,0.0018,0.0115,0.0303,-0.0620,0.0331,0.3338,0.3338,-0.0906,-0.0782,0.0281,-0.3185,-1.3470,18.5814,-22.7216,-33.6402,0.0346,-0.0170,0.0065
157456994,-0.0012,0.0029,-0.0092,0.0464,0.0323,0.0291,-0.0828,0.0574,0.3332,0.3332,-0.1138,0.0800,0.0110,-1.3688,-0.9355,18.5815,-22.7266,-33.6441,0.0303,-0.0381,0.0108
157461994,-0.0013,0.0033,-0.0040,0.1301,0.0576,0.0280,-0.1308,0.1095,0.3329,0.3329,-0.0636,0.5520,-0.0073,-3.3820,2.0435,18.5816,-22.7454,-33.6352,0.0295,-0.0506,0.0178
157466994,-0.0015,0.0039,-0.0113,0.1439,0.0628,0.0355,-0.1499,0.1217,0.3328,0.3328,-0.0190,0.6984,-0.0130,-3.6641,3.4668,18.5815,-22.7604,-33.6210,0.0286,-0.0909,0.0530
157471994,-0.0013,0.0037,-0.0104,-0.0348,0.9880,0.0679,-0.0185,0.0651,0.3327,0.3327,-0.0271,0.4787,-0.0022,-3.4895,3.1131,18.5815,-22.7809,-33.5999,0.0355,-0.1327,0.1188
157476994,-0.0024,0.0027,-0.1851,-0.1515,0.7341,0.1800,-0.0151,-0.0799,0.3314,0.3314,-0.2629,0.3569,-0.3349,-4.4683,2.0708,18.5801,-22.7983,-33.5918,0.0570,-0.1376,0.1280
157481994,-0.0036,0.0003,-0.2260,-0.4572,0.2516,0.2090,0.1367,-0.2300,0.3293,0.3293,-0.4126,-0.1223,0.0705,-4.1623,0.1498,18.5801,-22.8263,-33.5883,0.0728,-0.1101,0.0911
157486994,-0.0044,-0.0023,-0.1234,-0.4866,0.3258,0.1655,0.2193,-0.2300,0.3278,0.3278,-0.2910,-0.3720,0.9126,-1.6916,-0.2174,18.5838,-22.8335,-33.5893,0.1103,-0.0884,0.0385
157491994,-0.0051,-0.0047,-0.1695,-0.4291,0.5628,0.2141,0.2177,-0.2300,0.3260,0.3260,-0.3619,-0.5462,1.6804,0.2928,-1.2140,18.5906,-22.8318,-33.5949,0.1500,-0.0571,0.0187
157496994,-0.0055,-0.0069,-0.1078,-0.3824,0.6395,0.1895,0.2300,-0.2300,0.3242,0.3242,-0.3720,-0.5629,2.1085,0.3286,-1.9937,18.6043,-22.8303,-33.6030,0.1700,-0.0009,-0.0218
157501994,-0.0060,-0.0086,-0.0776,-0.2865,0.8413,0.1870,0.2300,-0.2300,0.3230,0.3230,-0.2344,-0.4928,1.6481,1.2339,-1.4218,18.6108,-22.8251,-33.6141,0.1959,0.0307,-0.0831
157506994,-0.0058,-0.0098,0.0296,-0.1958,0.7323,0.1164,0.2300,-0.2300,0.3230,0.3230,0.0045,-0.4652,1.7405,3.2144,-0.2605,18.6207,-22.8127,-33.6148,0.1861,0.0428,-0.1071
157511994,-0.0059,-0.0109,-0.0092,-0.1634,0.4171,0.1290,0.2150,-0.2300,0.3230,0.3230,-0.0074,-0.5116,1.8427,4.1292,-0.3607,18.6279,-22.7867,-33.6163,0.1803,0.0993,-0.1381
157516994,-0.0057,-0.0114,0.0571,-0.0489,0.1239,0.0744,0.1752,-0.2300,0.3235,0.3235,0.0992,-0.5262,1.8846,5.4562,-0.6969,18.6396,-22.7647,-33.6189,0.1393,0.1353,-0.1740
157521994,-0.0051,-0.0111,0.1378,0.0733,0.6599,0.0370,0.1604,-0.1209,0.3248,0.3248,0.2605,-0.5825,1.5088,7.1286,-1.3194,18.6456,-22.7239,-33.6266,0.1104,0.1514,-0.1940
157526994,-0.0048,-0.0105,0.0699,0.1121,0.7155,0.0726,0.1161,-0.1057,0.3260,0.3260,0.2545,-0.6840,0.8409,8.0453,-2.2041,18.6519,-22.6916,-33.6352,0.0926,0.1583,-0.2065
157531994,-0.0044,-0.0102,0.0922,0.0922,0.6789,0.0510,0.1314,-0.1036,0.3275,0.3275,0.2992,-0.8073,0.2611,8.3735,-3.2024,18.6526,-22.6411,-33.6543,0.0700,0.1407,-0.1674
157536994,-0.0038,-0.0095,0.0733,0.1918,0.6333,0.0499,0.0661,-0.0426,0.3282,0.3282,0.1313,-0.6435,1.4131,7.4522,-3.2964,18.6597,-22.6109,-33.6647,0.0473,0.1381,-0.1500
157541994,-0.0034,-0.0085,0.0486,0.2440,0.5051,0.0522,0.0149,-0.0085,0.3286,0.3286,0.0875,-0.3589,1.5033,5.8337,-1.9266,18.6658,-22.5740,-33.6813,0.0465,0.1361,-0.1246
157546994,-0.0035,-0.0069,0.0034,0.3412,0.5124,0.0815,-0.0749,0.0528,0.3286,0.3286,-0.0003,-0.0497,1.9222,4.4119,-0.6223,18.6768,-22.5562,-33.6838,0.0489,0.1000,-0.0914
157551994,-0.0034,-0.0051,0.0082,0.4019,0.5805,0.0798,-0.1295,0.1170,0.3281,0.3281,-0.1021,0.3551,2.3730,1.4568,0.8482,18.6862,-22.5442,-33.6796,0.0655,0.0823,-0.0442
157556994,-0.0033,-0.0026,0.0137,0.4826,0.5976,0.0755,-0.2079,0.2016,0.3272,0.3272,-0.1851,0.5929,3.1228,0.2079,1.6194,18.7045,-22.5435,-33.6733,0.0752,0.0290,-0.0155
157561994,-0.0030,-0.0004,0.0171,0.4307,0.5396,0.0659,-0.2153,0.2119,0.3266,0.3266,-0.1263,0.7123,2.7235,-0.6804,2.9354,18.7155,-22.5461,-33.6572,0.0784,-0.0166,0.0236
157566994,-0.0029,0.0015,0.0403,0.3549,0.4278,0.0456,-0.2033,0.2073,0.3261,0.3261,-0.0980,0.7973,2.4389,-1.9449,3.7382,18.7305,-22.5535,-33.6453,0.0680,-0.0327,0.0445
157571994,-0.0027,0.0035,0.0293,0.3751,0.5466,0.0529,-0.2300,0.2300,0.3253,0.3253,-0.1530,0.9251,2.4665,-3.1025,3.9662,18.7402,-22.5751,-33.6164,0.0602,-0.0895,0.0937
157576994,-0.0025,0.0051,0.0116,0.2941,0.5894,0.0613,-0.2271,0.2300,0.3248,0.3248,-0.1044,0.6774,2.6843,-1.0783,3.8448,18.7558,-22.5787,-33.6005,0.0496,-0.1506,0.1413
157581994,-0.0025,0.0062,-0.0116,0.1900,0.6007,0.0754,-0.1972,0.1914,0.3243,0.3243,-0.1078,0.4478,2.7590,0.0209,3.3295,18.7669,-22.5780,-33.5810,0.0590,-0.1621,0.1783
157586994,-0.0028,0.0068,-0.0415,0.1151,0.5261,0.0968,-0.1839,0.1482,0.3235,0.3235,-0.1452,0.4067,2.9631,-0.0766,3.6642,18.7849,-22.5782,-33.5665,0.0655,-0.1942,0.1903
157591994,-0.0029,0.0067,-0.0003,-0.0348,0.5258,0.0747,-0.0956,0.0819,0.3228,0.3228,-0.1415,0.2914,3.1274,-0.5532,3.6342,18.7974,-22.5808,-33.5441,0.0861,-0.1850,0.1778
157596994,-0.0029,0.0061,0.0174,-0.0724,0.5637,0.0658,-0.0601,0.0596,0.3219,0.3219,-0.1823,0.1932,3.7434,-0.1982,3.2089,18.8192,-22.5819,-33.5342,0.0773,-0.1831,0.1587
157601994,-0.0027,0.0054,0.0150,-0.1329,0.5771,0.0628,-0.0168,0.0209,0.3211,0.3211,-0.1577,0.0795,3.3195,0.0232,2.7469,18.8327,-22.5818,-33.5152,0.0715,-0.1405,0.1190
157606994,-0.0025,0.0045,-0.0067,-0.1946,0.5616,0.0724,0.0231,-0.0304,0.3205,0.3205,-0.1144,-0.0283,2.6056,0.3320,2.4636,18.8485,-22.5807,-33.5052,0.0664,-0.1001,0.0772
157611994,-0.0023,0.0033,0.0055,-0.2172,0.5784,0.0616,0.0605,-0.0550,0.3200,0.3200,-0.1138,-0.1647,2.6709,1.0020,1.6716,18.8590,-22.5759,-33.4941,0.0667,-0.0803,0.0388
157616994,-0.0024,0.0020,-0.0171,-0.2049,0.5848,0.0771,0.0675,-0.0768,0.3189,0.3189,-0.2097,-0.2319,3.3509,1.3783,1.0266,18.8792,-22.5706,-33.4900,0.0632,-0.0362,0.0128
157621994,-0.0024,0.0010,0.0195,-0.2254,0.6153,0.0570,0.1068,-0.0925,0.3182,0.3182,-0.1413,-0.3858,2.8698,2.1108,0.0435,18.8908,-22.5594,-33.4887,0.0770,0.0000,-0.0312
157626994,-0.0025,-0.0002,0.0183,-0.2117,0.6459,0.0601,0.1189,-0.1041,0.3177,0.3177,-0.1048,-0.4287,2.8890,2.9165,0.1202,18.9084,-22.5480,-33.4885,0.0611,0.0202,-0.0571
157631994,-0.0022,-0.0012,0.0431,-0.1478,0.6663,0.0395,0.1142,-0.0765,0.3182,0.3182,0.0970,-0.6029,2.3354,5.8685,0.0107,18.9178,-22.5174,-33.4880,0.0635,0.0486,-0.0928
157636994,-0.0019,-0.0020,0.0391,-0.1148,0.6840,0.0382,0.1123,-0.0712,0.3187,0.3187,0.0952,-0.5200,1.9555,5.1927,-0.0221,18.9295,-22.4941,-33.4882,0.0506,0.1222,-0.0935
157641994,-0.0017,-0.0022,0.0354,0.0208,0.5796,0.0327,0.0421,-0.0076,0.3190,0.3190,0.0693,-0.1913,1.4940,3.2409,0.5100,18.9353,-22.4729,-33.4861,0.0389,0.1266,-0.0749
157646994,-0.0017,-0.0017,-0.0095,0.1552,0.5454,0.0570,-0.0489,0.0551,0.3189,0.3189,-0.0311,0.0641,1.6176,1.9663,0.7924,18.9447,-22.4651,-33.4826,0.0339,0.1189,-0.0629
157651994,-0.0017,-0.0008,-0.0370,0.2279,0.6239,0.0771,-0.1061,0.1013,0.3184,0.3184,-0.0850,0.3252,1.8263,0.6682,1.9172,18.9518,-22.4603,-33.4729,0.0401,0.0689,-0.0271
157656994,-0.0023,0.0004,-0.0834,0.2651,0.6501,0.1163,-0.1626,0.1216,0.3171,0.3171,-0.2596,0.4826,3.4268,0.0686,2.8589,18.9707,-22.4601,-33.4636,0.0653,0.0466,-0.0082
157661994,-0.0028,0.0018,-0.0730,0.2520,0.5671,0.1154,-0.1822,0.1325,0.3159,0.3159,-0.2433,0.6646,3.7466,-0.8029,4.4947,18.9861,-22.4634,-33.4350,0.0791,0.0028,0.0284
157666994,-0.0030,0.0030,-0.0599,0.2257,0.4098,0.1071,-0.1941,0.1345,0.3144,0.3144,-0.3047,0.7530,4.2333,-1.8860,4.8847,19.0107,-22.4708,-33.4155,0.1128,-0.0298,0.0760
157671994,-0.0034,0.0040,-0.0819,0.1579,0.3511,0.1250,-0.1868,0.1025,0.3124,0.3124,-0.3944,0.7600,4.3829,-2.9717,4.7608,19.0283,-22.4906,-33.3862,0.1069,-0.0546,0.1263
157676994,-0.0036,0.0047,-0.0455,0.1118,0.3472,0.1068,-0.1649,0.0983,0.3113,0.3113,-0.2170,0.5323,4.1889,-0.4311,4.9625,19.0532,-22.4918,-33.3667,0.1134,-0.1277,0.1245
157681994,-0.0039,0.0049,-0.0629,0.0159,0.4452,0.1265,-0.1232,0.0482,0.3099,0.3099,-0.2830,0.2811,4.8212,0.6566,4.0519,19.0726,-22.4879,-33.3452,0.1118,-0.1593,0.1071
157686994,-0.0041,0.0047,-0.0214,-0.0556,0.4370,0.1046,-0.0738,0.0199,0.3086,0.3086,-0.2597,0.1623,4.6642,0.6023,3.3892,19.1008,-22.4851,-33.3250,0.1240,-0.1641,0.0854
157691994,-0.0042,0.0039,-0.0073,-0.1759,0.3853,0.0967,0.0009,-0.0529,0.3074,0.3074,-0.2507,-0.0361,4.7951,1.1808,2.9636,19.1201,-22.4794,-33.3130,0.1204,-0.1257,0.0646
157696994,-0.0042,0.0029,0.0354,-0.2150,0.4119,0.0715,0.0514,-0.0751,0.3066,0.3066,-0.1453,-0.2394,3.8126,1.9558,1.6301,19.1445,-22.4715,-33.3016,0.1043,-0.0835,0.0270
157701994,-0.0039,0.0019,0.0367,-0.2364,0.4828,0.0692,0.0845,-0.0977,0.3062,0.3062,-0.0935,-0.3844,3.3127,2.8165,0.9023,19.1576,-22.4556,-33.2982,0.0819,-0.0622,-0.0184
157706994,-0.0036,0.0004,0.0617,-0.2483,0.5542,0.0504,0.1281,-0.1143,0.3061,0.3061,-0.0050,-0.4790,2.6250,3.3687,0.3938,19.1742,-22.4422,-33.2956,0.0742,-0.0206,-0.0418
157711994,-0.0033,-0.0009,0.0458,-0.1924,0.5991,0.0564,0.1190,-0.1059,0.3063,0.3063,0.0299,-0.4880,2.5531,4.2834,0.4727,19.1843,-22.4173,-33.2931,0.0586,0.0211,-0.0865
157716994,-0.0030,-0.0015,0.0418,-0.0660,0.6285,0.0550,0.0671,-0.0492,0.3067,0.3067,0.0863,-0.4883,2.1177,5.3358,-0.1035,19.1973,-22.3964,-33.2936,0.0572,0.0359,-0.1058
157721994,-0.0029,-0.0017,0.0421,-0.0055,0.6621,0.0538,0.0429,-0.0200,0.3071,0.3071,0.0678,-0.3993,2.2313,5.0576,-0.0142,19.2063,-22.3608,-33.2936,0.0553,0.0834,-0.1011
157726994,-0.0027,-0.0016,0.0342,0.0782,0.5842,0.0514,-0.0053,0.0216,0.3072,0.3072,0.0334,-0.1723,2.1199,3.7286,0.5010,19.2189,-22.3460,-33.2917,0.0545,0.0757,-0.0627
157731994,-0.0026,-0.0010,0.0312,0.1576,0.5304,0.0506,-0.0585,0.0694,0.3069,0.3069,-0.0696,0.2521,2.1164,0.3907,1.6018,19.2274,-22.3409,-33.2853,0.0523,0.0643,-0.0273
157736994,-0.0024,0.0001,0.0440,0.2712,0.6101,0.0410,-0.1246,0.1543,0.3068,0.3068,-0.0268,0.5518,2.1089,-0.4808,3.1222,19.2397,-22.3431,-33.2681,0.0505,0.0088,-0.0078
157741994,-0.0022,0.0015,0.0150,0.3445,0.6031,0.0548,-0.1928,0.2079,0.3063,0.3063,-0.0880,0.8180,2.2996,-1.8915,4.1917,19.2490,-22.3524,-33.2514,0.0410,-0.0303,0.0349
157746994,-0.0020,0.0030,-0.0018,0.2807,0.5130,0.0581,-0.1911,0.1924,0.3057,0.3057,-0.1269,0.9709,2.1760,-3.6571,5.2149,19.2619,-22.3666,-33.2207,0.0521,-0.0456,0.0839
157751994,-0.0022,0.0044,-0.0687,0.2553,0.4342,0.0983,-0.2242,0.1762,0.3046,0.3046,-0.2130,0.7847,2.6641,-2.3510,4.4507,19.2727,-22.3854,-33.2023,0.0534,-0.1191,0.1168
157756994,-0.0026,0.0052,-0.0742,0.1481,0.4904,0.1104,-0.1858,0.1322,0.3034,0.3034,-0.2419,0.5004,3.0565,-1.0831,3.4411,19.2908,-22.3902,-33.1813,0.0679,-0.1683,0.1587
157761994,-0.0031,0.0054,-0.0977,0.0171,0.5393,0.1360,-0.1322,0.0587,0.3020,0.3020,-0.2751,0.2819,3.7032,0.0171,3.4126,19.3053,-22.3894,-33.1677,0.1041,-0.1811,0.1613
157766994,-0.0036,0.0053,-0.0916,-0.0544,0.5127,0.1404,-0.0971,0.0161,0.3001,0.3001,-0.3837,0.1201,4.3696,-0.0119,2.2220,19.3313,-22.3894,-33.1527,0.1135,-0.1797,0.1445
157771994,-0.0042,0.0046,-0.0895,-0.1564,0.4870,0.1492,-0.0392,-0.0535,0.2980,0.2980,-0.4262,-0.0515,4.6464,0.2183,1.5564,19.3499,-22.3887,-33.1466,0.1379,-0.1381,0.0996
157776994,-0.0045,0.0036,-0.0315,-0.2016,0.4907,0.1209,0.0138,-0.0779,0.2962,0.2962,-0.3463,-0.1708,4.4830,0.7774,1.1619,19.3775,-22.3856,-33.1394,0.1524,-0.1178,0.0523
157781994,-0.0046,0.0023,0.0031,-0.2092,0.4699,0.1010,0.0470,-0.0935,0.2949,0.2949,-0.2731,-0.2734,4.3244,1.6632,0.8254,19.3946,-22.3762,-33.1359,0.1459,-0.0762,0.0334
157786994,-0.0044,0.0012,0.0562,-0.1707,0.4394,0.0649,0.0611,-0.0751,0.2943,0.2943,-0.1212,-0.3227,3.3646,2.3691,0.4043,19.4161,-22.3668,-33.1337,0.1144,-0.0363,-0.0121
157791994,-0.0040,0.0004,0.1100,-0.1335,0.4486,0.0264,0.0743,-0.0487,0.2945,0.2945,0.0474,-0.3751,2.7187,3.5804,0.4621,19.4270,-22.3465,-33.1317,0.0860,-0.0169,-0.0588
157796994,-0.0034,-0.0003,0.1359,-0.1032,0.4428,-0.0001,0.0837,-0.0323,0.2954,0.2954,0.1863,-0.3890,1.9616,4.3653,0.6807,19.4399,-22.3291,-33.1275,0.0644,0.0245,-0.0698
157801994,-0.0027,-0.0007,0.1487,-0.0308,0.4690,-0.0211,0.0660,0.0094,0.2974,0.2974,0.3817,-0.4569,1.3661,6.7064,1.2184,19.4455,-22.2920,-33.1229,0.0255,0.0587,-0.0424
157806994,-0.0020,-0.0007,0.1723,0.0260,0.4626,-0.0483,0.0498,0.0520,0.2998,0.2998,0.4843,-0.2309,0.3070,5.4379,2.1295,19.4476,-22.2685,-33.1109,-0.0131,0.0934,-0.0207
157811994,-0.0013,-0.0003,0.0858,0.1063,0.3062,-0.0154,-0.0233,0.0742,0.3018,0.3018,0.4021,0.1074,-0.7739,2.7423,2.7543,19.4444,-22.2477,-33.1001,-0.0187,0.0800,-0.0021
157816994,-0.0008,0.0003,0.0675,0.1585,0.2739,-0.0153,-0.0624,0.1094,0.3032,0.3032,0.2798,0.4152,0.4743,1.1884,4.4871,19.4450,-22.2435,-33.0753,-0.0457,0.0492,0.0351
157821994,-0.0010,0.0015,-0.0272,0.2135,0.4647,0.0511,-0.1318,0.1346,0.3033,0.3033,0.0150,0.6205,2.1696,0.0206,5.2504,19.4535,-22.2422,-33.0542,-0.0296,0.0236,0.0863
157826994,-0.0011,0.0026,-0.0651,0.2013,0.3856,0.0736,-0.1587,0.1297,0.3023,0.3023,-0.1839,0.6375,3.2588,-0.8736,4.7317,19.4731,-22.2454,-33.0248,-0.0187,-0.0184,0.1149
157831994,-0.0017,0.0032,-0.1405,0.1008,0.1288,0.1199,-0.1559,0.0510,0.3002,0.3002,-0.4245,0.6174,3.8536,-2.6343,4.0042,19.4883,-22.2600,-33.0086,0.0241,-0.0691,0.1405
157836994,-0.0023,0.0036,-0.1466,0.0519,0.1431,0.1360,-0.1436,0.0242,0.2970,0.2970,-0.6471,0.3527,6.6383,-0.8754,2.9838,19.5238,-22.2636,-32.9905,0.0502,-0.1031,0.1193
157841994,-0.0033,0.0035,-0.1655,-0.0333,0.3145,0.1711,-0.1059,-0.0288,0.2936,0.2936,-0.6729,0.1457,7.0520,0.2463,2.5351,19.5540,-22.2623,-32.9802,0.0932,-0.1442,0.0980
157846994,-0.0038,0.0030,-0.0983,-0.1112,0.2543,0.1389,-0.0467,-0.0628,0.2908,0.2908,-0.5608,-0.0109,6.0020,0.2059,1.4836,19.5904,-22.2616,-32.9699,0.1468,-0.1307,0.0577
157851994,-0.0039,0.0022,-0.0492,-0.1713,0.1541,0.1065,0.0084,-0.0970,0.2885,0.2885,-0.4686,-0.1669,5.4416,0.7431,0.7894,19.6120,-22.2582,-32.9670,0.1495,-0.1108,0.0124
157856994,-0.0034,0.0011,0.0470,-0.1866,0.1828,0.0425,0.0668,-0.0880,0.2872,0.2872,-0.2471,-0.2398,4.4872,1.5554,0.8625,19.6401,-22.2521,-32.9623,0.1405,-0.0720,-0.0135
157861994,-0.0031,0.0002,0.0932,-0.1408,0.2002,0.0095,0.0751,-0.0614,0.2870,0.2870,-0.0411,-0.2850,3.3184,2.7543,0.8911,19.6536,-22.2368,-32.9587,0.1064,-0.0312,-0.0566
157866994,-0.0025,-0.0003,0.1512,-0.0944,0.2549,-0.0337,0.0849,-0.0216,0.2880,0.2880,0.1940,-0.3414,1.5615,3.6299,0.4478,19.6644,-22.2223,-32.9559,0.0622,-0.0112,-0.0647
157871994,-0.0017,-0.0007,0.1872,-0.0373,0.3151,-0.0678,0.0825,0.0218,0.2900,0.2900,0.3936,-0.3725,0.8683,5.3254,1.0101,19.6677,-22.1927,-32.9523,0.0378,0.0266,-0.0615
157876994,-0.0008,-0.0007,0.1765,0.0421,0.3163,-0.0776,0.0479,0.0664,0.2930,0.2930,0.6158,-0.3263,-0.0256,7.2390,2.4981,19.6689,-22.1641,-32.9389,-0.0054,0.0696,-0.0250
157881994,0.0002,-0.0005,0.1982,0.0870,0.2277,-0.1130,0.0340,0.1054,0.2963,0.2963,0.6591,-0.0074,-1.1791,4.5603,3.3469,19.6646,-22.1318,-32.9255,-0.0369,0.0968,0.0220
157886994,0.0011,0.0004,0.1341,0.1762,0.0381,-0.0987,-0.0445,0.1475,0.2991,0.2991,0.5538,0.3335,-1.7140,1.9472,3.9707,19.6512,-22.1232,-32.9031,-0.0731,0.0683,0.0426
157891994,0.0016,0.0013,0.0559,0.1802,0.1584,-0.0563,-0.0765,0.1511,0.3010,0.3010,0.3709,0.5144,-0.9224,0.4325,4.7328,19.6475,-22.1208,-32.8841,-0.1111,0.0249,0.0825
157896994,0.0014,0.0021,-0.0302,0.1274,0.3511,0.0052,-0.0815,0.1169,0.3017,0.3017,0.1544,0.4814,0.6176,0.3911,4.9463,19.6502,-22.1187,-32.8541,-0.0895,0.0013,0.1320
157901994,0.0009,0.0022,-0.0910,0.0641,0.1819,0.0448,-0.0810,0.0573,0.3014,0.3014,-0.0700,0.5753,1.4832,-1.5732,5.0006,19.6560,-22.1255,-32.8338,-0.0672,-0.0318,0.1427
157906994,0.0000,0.0026,-0.1316,0.0965,0.0151,0.0781,-0.1301,0.0538,0.2996,0.2996,-0.3587,0.4823,2.5920,-2.4192,2.5414,19.6706,-22.1363,-32.8155,-0.0223,-0.0894,0.1257
157911994,-0.0006,0.0030,-0.1274,0.0394,0.1410,0.0921,-0.1052,0.0294,0.2977,0.2977,-0.3755,0.1295,3.3726,0.0264,1.1839,19.6839,-22.1380,-32.8110,0.0186,-0.0995,0.0776
157916994,-0.0012,0.0028,-0.1103,-0.0568,0.2757,0.0996,-0.0492,-0.0184,0.2949,0.2949,-0.5573,-0.0408,5.1778,0.0927,0.2964,19.7120,-22.1374,-32.8080,0.0362,-0.1126,0.0571
157921994,-0.0020,0.0024,-0.1075,-0.0690,0.2815,0.1116,-0.0428,-0.0362,0.2914,0.2914,-0.7076,-0.0639,6.8067,0.0884,0.1487,19.7403,-22.1370,-32.8076,0.0897,-0.0902,0.0185
157926994,-0.0022,0.0017,-0.0244,-0.1026,0.2610,0.0649,0.0083,-0.0430,0.2897,0.2897,-0.3445,-0.1609,3.8691,0.6790,-0.0738,19.7659,-22.1345,-32.8078,0.1304,-0.0711,-0.0239
157931994,-0.0022,0.0011,0.0296,-0.1032,0.1297,0.0276,0.0299,-0.0425,0.2892,0.2892,-0.0877,-0.2327,2.0162,1.5418,-0.1258,19.7738,-22.1265,-32.8084,0.1263,-0.0380,-0.0421
157936994,-0.0018,0.0007,0.1087,-0.0626,0.1663,-0.0247,0.0439,0.0001,0.2900,0.2900,0.1490,-0.2121,0.6467,2.0565,0.1317,19.7790,-22.1185,-32.8080,0.0753,0.0008,-0.0460
157941994,-0.0008,0.0006,0.2315,-0.0107,0.2641,-0.1115,0.0682,0.0739,0.2920,0.2920,0.4140,-0.2483,0.0840,3.6439,0.5868,19.7791,-22.0993,-32.8056,0.0253,0.0192,-0.0280
157946994,0.0001,0.0006,0.1985,0.0461,0.3090,-0.1070,0.0395,0.1033,0.2947,0.2947,0.5302,-0.2596,-0.2138,5.4426,1.5125,19.7782,-22.0777,-32.7981,0.0027,0.0344,-0.0084
157951994,0.0014,0.0009,0.2098,0.0675,0.2241,-0.1404,0.0358,0.1305,0.2976,0.2976,0.5844,-0.0820,-1.1733,3.9564,2.0365,19.7736,-22.0468,-32.7899,-0.0315,0.0758,0.0329
157956994,0.0020,0.0015,0.0874,0.1307,-0.0157,-0.0904,-0.0456,0.1342,0.3005,0.3005,0.5684,0.3097,-3.1619,1.0437,3.3454,19.7544,-22.0426,-32.7718,-0.0887,0.0674,0.0693
157961994,0.0025,0.0023,0.0953,0.1347,0.0344,-0.1016,-0.0525,0.1581,0.3025,0.3025,0.4119,0.4794,-1.1207,0.1842,4.6201,19.7504,-22.0431,-32.7532,-0.1070,0.0320,0.0885
157966994,0.0028,0.0030,0.0101,0.1545,0.2748,-0.0470,-0.0877,0.1665,0.3036,0.3036,0.2109,0.5084,0.1650,0.1182,4.6735,19.7517,-22.0422,-32.7258,-0.1090,-0.0103,0.1394
157971994,0.0028,0.0036,-0.0397,0.1237,0.1104,-0.0242,-0.1034,0.1404,0.3039,0.3039,0.0748,0.6332,0.4416,-1.5654,4.9896,19.7535,-22.0490,-32.7058,-0.0857,-0.0275,0.1658
157976994,0.0023,0.0040,-0.1460,0.0574,0.0054,0.0446,-0.1163,0.0723,0.3031,0.3031,-0.1609,0.6717,0.9032,-3.2166,4.6837,19.7579,-22.0623,-32.6771,-0.0650,-0.0714,0.1652
157981994,0.0017,0.0042,-0.1662,0.0449,0.1080,0.0715,-0.1200,0.0610,0.3022,0.3022,-0.1939,0.4003,1.8180,-0.7851,3.7880,19.7651,-22.0701,-32.6617,-0.0266,-0.1308,0.1377
157986994,0.0008,0.0043,-0.1558,-0.0064,0.1767,0.0846,-0.0969,0.0328,0.3005,0.3005,-0.3390,0.1593,3.0624,-0.0518,2.0800,19.7825,-22.0702,-32.6473,0.0157,-0.1305,0.1002
157991994,-0.0000,0.0040,-0.1378,-0.0816,0.1297,0.0873,-0.0575,-0.0148,0.2981,0.2981,-0.4699,-0.0053,4.1881,-0.0082,0.9726,19.7989,-22.0702,-32.6432,0.0336,-0.1120,0.0784
157996994,-0.0007,0.0031,-0.1130,-0.1842,0.1627,0.0878,0.0106,-0.0795,0.2950,0.2950,-0.6321,-0.1972,5.7111,0.0097,-0.1590,19.8350,-22.0701,-32.6431,0.0860,-0.0826,0.0331
158001994,-0.0013,0.0021,-0.0724,-0.2043,0.1734,0.0731,0.0450,-0.0980,0.2931,0.2931,-0.3775,-0.2826,3.7891,0.8923,-0.1164,19.8494,-22.0658,-32.6437,0.1047,-0.0662,-0.0176
158006994,-0.0014,0.0012,-0.0043,-0.1588,0.0228,0.0298,0.0490,-0.0762,0.2928,0.2928,-0.0539,-0.3283,1.3863,1.9228,-0.2584,19.8591,-22.0578,-32.6450,0.1007,-0.0246,-0.0387
158011994,-0.0012,0.0004,0.0904,-0.1503,0.0475,-0.0300,0.0893,-0.0538,0.2932,0.2932,0.0790,-0.4366,1.0265,2.7398,-0.9427,19.8630,-22.0423,-32.6490,0.0654,0.0156,-0.0731
158016994,-0.0004,-0.0001,0.1863,-0.0574,0.1853,-0.0956,0.0897,0.0273,0.2949,0.2949,0.3344,-0.4076,0.1858,4.0865,-0.4169,19.8655,-22.0262,-32.6528,0.0235,0.0316,-0.0666
158021994,0.0005,-0.0003,0.1756,-0.0052,0.2192,-0.1057,0.0751,0.0560,0.2976,0.2976,0.5406,-0.4702,-0.4181,6.6358,0.6582,19.8637,-21.9868,-32.6500,0.0005,0.0721,-0.0563
158026994,0.0017,-0.0001,0.1805,0.0583,0.1731,-0.1314,0.0489,0.1025,0.3008,0.3008,0.6499,-0.1945,-2.2028,4.6483,1.3995,19.8538,-21.9690,-32.6426,-0.0309,0.0958,-0.0135
158031994,0.0023,0.0003,0.1109,0.1439,-0.0505,-0.1115,-0.0261,0.1317,0.3038,0.3038,0.5954,0.2699,-3.7190,0.8659,2.4864,19.8379,-21.9596,-32.6328,-0.0963,0.0999,0.0226
158036994,0.0029,0.0013,0.0785,0.1781,0.0167,-0.1000,-0.0604,0.1624,0.3056,0.3056,0.3607,0.4538,-1.1461,0.2212,3.7693,19.8298,-21.9591,-32.6112,-0.1218,0.0491,0.0463
158041994,0.0029,0.0024,0.0168,0.2065,0.2488,-0.0544,-0.1023,0.1855,0.3066,0.3066,0.1904,0.5379,-0.1799,-0.3828,3.8829,19.8293,-21.9603,-32.5951,-0.1125,0.0009,0.0985
158046994,0.0029,0.0032,-0.0480,0.1628,0.1266,-0.0207,-0.1165,0.1519,0.3069,0.3069,0.0669,0.5520,0.0183,-1.2097,3.7976,19.8297,-21.9645,-32.5725,-0.0818,-0.0143,0.1420
158051994,0.0027,0.0037,-0.0849,0.0922,-0.0001,0.0011,-0.1081,0.1070,0.3063,0.3063,-0.1257,0.6811,0.1622,-4.0773,3.4938,19.8302,-21.9854,-32.5585,-0.0610,-0.0451,0.1575
158056994,0.0019,0.0041,-0.1894,0.0644,0.0109,0.0774,-0.1375,0.0613,0.3046,0.3046,-0.3391,0.5076,1.5299,-2.9889,2.7099,19.8377,-21.9990,-32.5415,-0.0240,-0.1163,0.1500
158061994,0.0010,0.0041,-0.1530,-0.0263,0.1114,0.0757,-0.0835,0.0207,0.3030,0.3030,-0.3213,0.2020,2.3085,-1.0383,1.8980,19.8472,-22.0077,-32.5338,0.0148,-0.1275,0.1114
158066994,0.0003,0.0035,-0.1246,-0.1161,0.1208,0.0743,-0.0269,-0.0334,0.3008,0.3008,-0.4398,-0.0430,3.6891,-0.2958,0.6437,19.8666,-22.0086,-32.5290,0.0321,-0.1363,0.0886
158071994,-0.0002,0.0027,-0.0693,-0.1762,0.1092,0.0511,0.0280,-0.0665,0.2979,0.2979,-0.5781,-0.1576,5.8296,0.0388,0.2784,19.8900,-22.0085,-32.5279,0.0639,-0.0886,0.0423
158076994,-0.0006,0.0015,-0.0431,-0.2159,0.1016,0.0415,0.0706,-0.1003,0.2964,0.2964,-0.3028,-0.2885,2.7838,0.3576,-0.5765,19.9101,-22.0073,-32.5304,0.0754,-0.0678,0.0003
158081994,-0.0005,0.0004,0.0522,-0.2129,-0.0209,-0.0218,0.1118,-0.0924,0.2967,0.2967,0.0723,-0.3708,0.3369,1.5753,-0.4551,19.9112,-21.9989,-32.5324,0.0674,-0.0285,-0.0261
158086994,-0.0002,-0.0004,0.0999,-0.1515,0.0665,-0.0526,0.1145,-0.0542,0.2975,0.2975,0.1615,-0.3733,0.0552,2.1680,-0.6839,19.9109,-21.9900,-32.5357,0.0331,0.0135,-0.0652
158091994,0.0006,-0.0010,0.1976,-0.1029,0.1526,-0.1218,0.1394,0.0000,0.2992,0.2992,0.3363,-0.4635,-0.1644,3.6986,-0.9365,19.9104,-21.9705,-32.5403,-0.0109,0.0302,-0.0777
158096994,0.0015,-0.0014,0.1390,-0.0293,0.1599,-0.1033,0.0994,0.0225,0.3020,0.3020,0.5506,-0.4559,-1.5413,5.7858,0.3031,19.9037,-21.9476,-32.5395,-0.0273,0.0617,-0.0589
158101994,0.0024,-0.0014,0.1402,0.0238,0.1269,-0.1226,0.0799,0.0574,0.3056,0.3056,0.7302,-0.2246,-4.0194,4.1479,0.9547,19.8882,-21.9201,-32.5360,-0.0528,0.1101,-0.0153
158106994,0.0030,-0.0009,0.0895,0.1216,-0.0386,-0.1110,0.0061,0.1004,0.3082,0.3082,0.5115,0.1428,-2.6443,1.9176,2.1923,19.8672,-21.9117,-32.5242,-0.1331,0.1201,0.0244
158111994,0.0031,0.0000,-0.0339,0.2114,0.0894,-0.0342,-0.0864,0.1310,0.3093,0.3093,0.2337,0.4378,-1.5249,-0.0019,2.9120,19.8611,-21.9111,-32.5125,-0.1309,0.0929,0.0461
158116994,0.0028,0.0011,-0.0922,0.1869,0.2048,0.0108,-0.1064,0.1193,0.3097,0.3097,0.0619,0.4115,-0.3250,-0.0547,2.8356,19.8582,-21.9112,-32.4951,-0.1074,0.0381,0.0965
158121994,0.0016,0.0018,-0.2111,0.1359,0.0057,0.0952,-0.1449,0.0503,0.3090,0.3090,-0.1405,0.3798,0.0903,-0.6941,2.4431,19.8587,-21.9147,-32.4855,-0.0602,-0.0022,0.1252
158126994,0.0007,0.0023,-0.1298,0.1182,-0.0453,0.0611,-0.1303,0.0640,0.3078,0.3078,-0.2217,0.3463,0.9271,-1.5631,1.3704,19.8631,-21.9206,-32.4755,-0.0398,-0.0235,0.1247
158131994,0.0001,0.0026,-0.1286,0.0354,0.0136,0.0760,-0.0976,0.0232,0.3056,0.3056,-0.4530,0.4215,1.6781,-4.4143,0.5491,19.8697,-21.9435,-32.4735,0.0005,-0.0581,0.0829
158136994,-0.0006,0.0026,-0.1173,-0.0278,0.0124,0.0811,-0.0677,-0.0120,0.3027,0.3027,-0.5709,0.2771,3.2233,-3.7883,0.1324,19.8862,-21.9560,-32.4729,0.0360,-0.1031,0.0487
158141994,-0.0010,0.0024,-0.0648,-0.0431,0.1480,0.0641,-0.0403,-0.0067,0.2998,0.2998,-0.5795,0.0086,5.2899,-0.7773,-0.1142,19.9071,-21.9672,-32.4731,0.0484,-0.1135,0.0282
158146994,-0.0013,0.0019,-0.0290,-0.1020,0.1816,0.0494,0.0087,-0.0370,0.2982,0.2982,-0.3181,-0.2162,2.7807,0.2956,-1.1742,19.9281,-21.9655,-32.4789,0.0851,-0.0691,0.0006
158151994,-0.0009,0.0011,0.1219,-0.1445,-0.0856,-0.0585,0.0807,-0.0321,0.2988,0.2988,0.1141,-0.2600,0.2724,0.9288,-0.5575,19.9295,-21.9610,-32.4818,0.0667,-0.0264,-0.0306
158156994,-0.0001,0.0005,0.1958,-0.1173,-0.0001,-0.1136,0.1096,0.0040,0.3002,0.3002,0.2885,-0.2721,-0.6676,1.3602,-0.6309,19.9256,-21.9558,-32.4847,0.0513,-0.0016,-0.0344
158161994,0.0014,0.0001,0.2813,-0.0996,0.1291,-0.1855,0.1501,0.0504,0.3027,0.3027,0.4863,-0.3577,-0.9665,2.9759,-0.3427,19.9223,-21.9407,-32.4862,0.0040,0.0311,-0.0247
158166994,0.0026,-0.0002,0.2324,-0.0147,0.1007,-0.1821,0.1086,0.0852,0.3060,0.3060,0.6577,-0.2978,-1.8540,4.6996,1.0632,19.9126,-21.9255,-32.4814,-0.0322,0.0449,0.0121
158171994,0.0038,-0.0002,0.1936,0.0458,0.0622,-0.1824,0.0748,0.1148,0.3099,0.3099,0.7818,-0.1110,-3.7826,3.7734,1.7595,19.8981,-21.8901,-32.4743,-0.0441,0.1192,0.0333
158176994,0.0047,0.0001,0.1564,0.0452,-0.1531,-0.1853,0.0585,0.1090,0.3128,0.3128,0.5794,0.0468,-2.2371,2.4605,2.4860,19.8782,-21.8795,-32.4599,-0.1214,0.1239,0.0790
158181994,0.0048,0.0006,-0.0382,0.1060,-0.1400,-0.0706,-0.0374,0.0918,0.3136,0.3136,0.1647,0.3379,-0.7537,0.0119,2.9982,19.8754,-21.8788,-32.4478,-0.1601,0.0717,0.1086
158186994,0.0044,0.0011,-0.0437,0.1100,0.0475,-0.0531,-0.0440,0.1026,0.3141,0.3141,0.1089,0.2938,-0.4169,0.0976,2.4654,19.8732,-21.8787,-32.4319,-0.1611,0.0508,0.1079
158191994,0.0032,0.0016,-0.2095,0.0846,-0.0188,0.0630,-0.1007,0.0356,0.3135,0.3135,-0.1300,0.2304,-0.0009,-0.0547,1.8223,19.8733,-21.8780,-32.4246,-0.1162,0.0096,0.1068
158196994,0.0026,0.0019,-0.1063,0.0504,-0.0560,0.0133,-0.0655,0.0457,0.3130,0.3130,-0.1022,0.1818,0.2713,-0.5291,1.1609,19.8748,-21.8799,-32.4163,-0.0720,-0.0073,0.0934
158201994,0.0019,0.0018,-0.1399,-0.0476,-0.0178,0.0470,-0.0293,-0.0199,0.3114,0.3114,-0.3254,0.2307,0.6555,-3.1970,0.3798,19.8774,-21.8966,-32.4147,-0.0517,-0.0343,0.0734
158206994,0.0011,0.0016,-0.1420,-0.0492,-0.0065,0.0649,-0.0333,-0.0323,0.3091,0.3091,-0.4501,0.2793,1.1915,-4.3480,-0.1256,19.8841,-21.9154,-32.4156,-0.0103,-0.0598,0.0391
158211994,0.0006,0.0013,-0.1359,-0.0122,0.0967,0.0740,-0.0455,-0.0173,0.3074,0.3074,-0.3308,-0.0282,1.7057,-0.3624,-0.5677,19.8907,-21.9213,-32.4178,0.0278,-0.0564,0.0001
158216994,-0.0001,0.0010,-0.1029,-0.0415,0.1731,0.0706,-0.0187,-0.0319,0.3048,0.3048,-0.5224,-0.2218,4.0763,0.5632,-1.7549,19.9113,-21.9180,-32.4270,0.0408,-0.0497,-0.0096
158221994,-0.0008,0.0005,-0.1130,-0.1063,0.0729,0.0846,0.0082,-0.0844,0.3028,0.3028,-0.4155,-0.1688,2.7076,-0.2589,-1.0634,19.9238,-21.9190,-32.4316,0.0851,-0.0273,-0.0331
158226994,-0.0005,-0.0002,0.0837,-0.1216,-0.0304,-0.0402,0.0831,-0.0464,0.3030,0.3030,0.0555,-0.1785,-0.1067,-0.0553,-0.7868,19.9251,-21.9193,-32.4363,0.0968,-0.0175,-0.0519
158231994,0.0000,-0.0004,0.1451,-0.0214,-0.0007,-0.0856,0.0607,0.0248,0.3038,0.3038,0.1608,-0.1869,-0.0199,1.2190,-0.9088,19.9250,-21.9132,-32.4398,0.0836,0.0051,-0.0590
158236994,0.0012,-0.0002,0.2471,0.0162,0.0805,-0.1642,0.0826,0.0910,0.3058,0.3058,0.3967,-0.1749,-0.3617,2.5321,0.0759,19.9237,-21.9034,-32.4409,0.0386,0.0371,-0.0429
158241994,0.0026,-0.0003,0.2364,0.0266,0.0475,-0.1846,0.0873,0.1028,0.3088,0.3088,0.5882,-0.3277,-0.9066,5.2868,0.7365,19.9198,-21.8735,-32.4383,-0.0002,0.0702,-0.0014
158246994,0.0040,-0.0003,0.2517,0.0302,-0.0450,-0.2241,0.0988,0.1200,0.3119,0.3119,0.6358,-0.0809,-1.8568,3.1328,1.7084,19.9097,-21.8608,-32.4291,-0.0225,0.1009,0.0175
158251994,0.0050,0.0000,0.1481,0.0904,-0.2490,-0.1889,0.0336,0.1264,0.3151,0.3151,0.6320,0.1828,-3.6520,1.1420,2.3301,19.8955,-21.8516,-32.4198,-0.0536,0.1130,0.0602
158256994,0.0059,0.0005,0.1402,0.1252,-0.2323,-0.1993,0.0149,0.1575,0.3173,0.3173,0.4422,0.2736,-1.4077,0.9976,2.9119,19.8825,-21.8488,-32.4029,-0.1283,0.1019,0.1052
158261994,0.0059,0.0013,-0.0302,0.1457,-0.0359,-0.0909,-0.0518,0.1385,0.3180,0.3180,0.1425,0.3391,-0.0435,0.6307,3.1260,19.8823,-21.8429,-32.3902,-0.1496,0.0641,0.1290
158266994,0.0057,0.0017,-0.0828,0.0745,-0.1018,-0.0589,-0.0420,0.0892,0.3185,0.3185,0.0960,0.3447,-0.0917,0.1553,3.6377,19.8822,-21.8420,-32.3687,-0.1521,0.0220,0.1465
158271994,0.0049,0.0018,-0.1371,-0.0061,-0.1938,-0.0168,-0.0287,0.0231,0.3183,0.3183,-0.0368,0.2414,0.0223,-0.4554,2.7320,19.8823,-21.8437,-32.3573,-0.1062,-0.0164,0.1311
158276994,0.0041,0.0016,-0.1243,-0.0431,-0.1651,-0.0086,-0.0094,-0.0011,0.3173,0.3173,-0.2080,0.1817,0.2873,-2.0877,0.8007,19.8834,-21.8538,-32.3503,-0.0851,-0.0258,0.1114
158281994,0.0033,0.0013,-0.1643,-0.0791,-0.0805,0.0335,-0.0031,-0.0397,0.3156,0.3156,-0.3318,0.1408,0.6908,-2.5863,0.2391,19.8863,-21.8648,-32.3494,-0.0456,-0.0177,0.0639
158286994,0.0029,0.0009,-0.1255,-0.1032,0.0426,0.0234,0.0292,-0.0477,0.3144,0.3144,-0.2396,-0.1858,1.3449,0.6045,-0.4551,19.8938,-21.8649,-32.3515,-0.0022,-0.0210,0.0178
158291994,0.0021,0.0002,-0.1252,-0.1182,0.0316,0.0371,0.0412,-0.0747,0.3131,0.3131,-0.2658,-0.3206,1.7793,1.5147,-1.0861,19.9004,-21.8585,-32.3551,0.0159,-0.0110,-0.0006
158296994,0.0016,-0.0002,-0.0651,-0.0794,-0.0481,0.0080,0.0383,-0.0519,0.3115,0.3115,-0.3184,-0.4278,3.3002,2.7173,-1.7593,19.9186,-21.8444,-32.3654,0.0253,0.0254,-0.0444
158301994,0.0012,-0.0008,-0.0397,-0.0919,0.0170,0.0015,0.0611,-0.0606,0.3111,0.3111,-0.0905,-0.5455,1.7086,4.0583,-1.7712,19.9272,-21.8279,-32.3729,0.0395,0.0358,-0.0610
158306994,0.0015,-0.0012,0.0602,-0.0217,-0.0230,-0.0639,0.0602,0.0009,0.3122,0.3122,0.2250,-0.1594,-1.0280,1.6928,-0.0775,19.9223,-21.8147,-32.3755,0.0187,0.0572,-0.0682
158311994,0.0020,-0.0012,0.0965,0.0513,-0.0606,-0.0963,0.0371,0.0521,0.3134,0.3134,0.2389,-0.0338,-1.0521,1.0805,-0.0135,19.9179,-21.8102,-32.3754,-0.0084,0.0731,-0.0534
158316994,0.0027,-0.0006,0.0895,0.1109,-0.0056,-0.1025,0.0042,0.0977,0.3149,0.3149,0.3065,0.1487,-2.1605,0.0138,0.4979,19.9081,-21.8096,-32.3737,-0.0393,0.0499,-0.0129
158321994,0.0033,0.0002,0.0773,0.1484,-0.0203,-0.1075,-0.0260,0.1312,0.3176,0.3176,0.5411,0.2880,-4.5021,-0.2329,1.5579,19.8902,-21.8106,-32.3675,-0.0537,0.0372,0.0038
158326994,0.0037,0.0007,0.1200,0.1173,-0.0035,-0.1390,-0.0027,0.1413,0.3195,0.3195,0.3695,0.4141,-2.2102,-1.3396,2.4752,19.8730,-21.8168,-32.3530,-0.1247,0.0028,0.0498
158331994,0.0041,0.0013,0.0461,0.0870,0.1495,-0.0961,-0.0084,0.1218,0.3200,0.3200,0.1129,0.3882,-1.1689,-2.3594,1.5098,19.8685,-21.8261,-32.3465,-0.1328,-0.0008,0.1082
158336994,0.0043,0.0013,-0.0095,0.0043,0.0973,-0.0685,0.0161,0.0637,0.3205,0.3205,0.0879,0.2316,-1.9204,-2.2928,0.6235,19.8583,-21.8413,-32.3423,-0.1315,-0.0038,0.1265
158341994,0.0040,0.0010,-0.1023,-0.0754,0.0521,-0.0102,0.0305,-0.0143,0.3202,0.3202,-0.0591,0.0954,-1.4617,-2.0748,0.1161,19.8522,-21.8496,-32.3413,-0.0942,-0.0019,0.1187
158346994,0.0036,0.0002,-0.1133,-0.1066,0.0512,0.0037,0.0516,-0.0494,0.3195,0.3195,-0.1420,-0.1354,-0.0748,-0.2085,-0.5801,19.8503,-21.8540,-32.3445,-0.0541,0.0137,0.0753
158351994,0.0032,-0.0003,-0.1118,-0.1237,0.0387,0.0097,0.0654,-0.0706,0.3189,0.3189,-0.1181,-0.3460,0.0931,1.4520,-1.4059,19.8508,-21.8482,-32.3502,-0.0301,0.0160,0.0538
158356994,0.0028,-0.0013,-0.0843,-0.1588,0.0536,0.0005,0.1057,-0.1000,0.3184,0.3184,-0.1013,-0.5379,0.8749,3.1229,-1.7486,19.8547,-21.8296,-32.3608,0.0053,0.0496,0.0078
158361994,0.0024,-0.0023,-0.0476,-0.1494,-0.0319,-0.0172,0.1192,-0.1057,0.3174,0.3174,-0.1893,-0.4275,1.2750,1.4863,-2.0889,19.8602,-21.8235,-32.3692,0.0006,0.0919,-0.0359
158366994,0.0024,-0.0029,0.0012,-0.0800,-0.1712,-0.0513,0.1032,-0.0717,0.3172,0.3172,-0.0434,-0.3180,0.4000,1.4333,-1.6261,19.8639,-21.8162,-32.3804,-0.0006,0.1061,-0.0619
158371994,0.0026,-0.0032,0.0137,-0.0089,-0.0875,-0.0584,0.0802,-0.0319,0.3178,0.3178,0.1182,-0.2361,-0.6636,1.9605,-0.9610,19.8614,-21.8083,-32.3845,-0.0189,0.1072,-0.0873
158376994,0.0028,-0.0030,0.0269,0.0929,-0.0853,-0.0698,0.0307,0.0292,0.3188,0.3188,0.2015,0.0062,-1.3088,1.1928,0.0782,19.8519,-21.7994,-32.3861,-0.0623,0.0944,-0.0640
158381994,0.0028,-0.0026,0.0116,0.1374,-0.0374,-0.0596,-0.0014,0.0567,0.3192,0.3192,0.0851,0.1830,-0.3639,0.1616,0.7480,19.8504,-21.7986,-32.3830,-0.0726,0.0864,-0.0413
158386994,0.0029,-0.0019,0.0073,0.1903,0.0182,-0.0562,-0.0380,0.0963,0.3196,0.3196,0.0845,0.3730,-0.2730,-0.5883,1.7614,19.8485,-21.8014,-32.3740,-0.0651,0.0402,-0.0005
158391994,0.0028,-0.0009,-0.0244,0.1665,-0.0371,-0.0391,-0.0532,0.0880,0.3198,0.3198,0.0280,0.4551,-0.0738,-1.3454,2.3671,19.8484,-21.8066,-32.3645,-0.0558,0.0017,0.0466
158396994,0.0030,-0.0003,0.0031,0.1118,-0.0502,-0.0573,-0.0280,0.0795,0.3196,0.3196,-0.0336,0.4367,-0.2154,-2.7116,1.4646,19.8470,-21.8211,-32.3532,-0.0502,-0.0185,0.0786
158401994,0.0029,-0.0001,-0.0238,0.0055,-0.0548,-0.0395,0.0139,0.0192,0.3186,0.3186,-0.2011,0.3898,-0.0300,-4.4723,0.4639,19.8469,-21.8386,-32.3509,-0.0507,-0.0260,0.0929
158406994,0.0028,-0.0002,-0.0009,-0.0455,-0.0239,-0.0518,0.0501,-0.0011,0.3184,0.3184,-0.0368,0.0675,-0.4187,-1.5433,-0.0927,19.8443,-21.8563,-32.3517,-0.0422,-0.0392,0.0663
158411994,0.0031,-0.0010,0.0137,-0.1607,0.0866,-0.0615,0.1329,-0.0614,0.3186,0.3186,0.0387,-0.2787,-0.1869,0.8500,-0.6684,19.8438,-21.8526,-32.3538,-0.0466,-0.0145,0.0464
158416994,0.0035,-0.0018,0.0455,-0.1772,-0.0108,-0.0914,0.1639,-0.0738,0.3195,0.3195,0.1742,-0.5485,-0.4939,3.3267,-1.4467,19.8406,-21.8348,-32.3617,-0.0598,0.0312,0.0051
158421994,0.0038,-0.0030,0.0409,-0.1903,-0.0197,-0.0953,0.1915,-0.0986,0.3208,0.3208,0.2559,-0.7872,-0.8778,5.3541,-2.3172,19.8369,-21.8133,-32.3709,-0.0781,0.0922,-0.0343
158426994,0.0043,-0.0041,0.0761,-0.1823,0.0203,-0.1217,0.2210,-0.0969,0.3217,0.3217,0.1844,-0.6107,-1.2982,2.6611,-2.8492,19.8293,-21.7951,-32.3882,-0.0930,0.1289,-0.0600
158431994,0.0044,-0.0047,0.0015,-0.0748,-0.0282,-0.0820,0.1531,-0.0743,0.3220,0.3220,0.0568,-0.3863,-1.0185,1.5981,-2.4100,19.8254,-21.7885,-32.3980,-0.1081,0.1709,-0.1025
158436994,0.0045,-0.0049,0.0009,0.0257,0.0539,-0.0807,0.1076,-0.0207,0.3226,0.3226,0.1152,-0.1608,-1.3778,1.0919,-1.3082,19.8170,-21.7819,-32.4076,-0.1048,0.1735,-0.0901
158441994,0.0041,-0.0043,-0.1014,0.1607,0.0530,-0.0136,-0.0037,0.0234,0.3224,0.3224,-0.0293,0.0597,-0.7868,0.6642,-0.6347,19.8148,-21.7789,-32.4098,-0.0889,0.1571,-0.0789
158446994,0.0038,-0.0035,-0.1042,0.1726,-0.0276,-0.0095,-0.0287,0.0350,0.3220,0.3220,-0.0719,0.2336,-0.2815,-0.3148,0.4699,19.8132,-21.7805,-32.4081,-0.0740,0.1133,-0.0350
158451994,0.0030,-0.0026,-0.1362,0.1826,-0.0438,0.0236,-0.0667,0.0381,0.3214,0.3214,-0.1220,0.3132,-0.0237,-0.7042,0.9749,19.8128,-21.7833,-32.4042,-0.0342,0.0705,0.0059
158456994,0.0024,-0.0016,-0.0901,0.1839,-0.0294,0.0074,-0.0747,0.0639,0.3208,0.3208,-0.1343,0.4378,0.7727,-1.3520,1.9142,19.8160,-21.7907,-32.3936,0.0034,0.0479,0.0282
158461994,0.0022,-0.0009,-0.0473,0.1103,-0.0902,-0.0147,-0.0405,0.0447,0.3197,0.3197,-0.2094,0.3593,1.8083,-1.5977,1.6063,19.8234,-21.7971,-32.3868,0.0054,0.0043,0.0554
158466994,0.0021,-0.0005,-0.0272,0.0589,-0.1519,-0.0270,-0.0186,0.0281,0.3184,0.3184,-0.2656,0.3052,1.8907,-2.3470,0.8190,19.8353,-21.8096,-32.3820,-0.0093,-0.0295,0.0525
158471994,0.0020,-0.0004,-0.0250,-0.0177,-0.1495,-0.0263,0.0191,-0.0101,0.3174,0.3174,-0.2035,0.2829,0.2532,-3.6656,0.1967,19.8381,-21.8245,-32.3813,-0.0152,-0.0258,0.0470
158476994,0.0019,-0.0006,0.0031,-0.0510,-0.0841,-0.0399,0.0502,-0.0200,0.3181,0.3181,0.1370,-0.0596,-1.4811,0.0664,-0.0452,19.8314,-21.8286,-32.3817,-0.0131,-0.0310,0.0189
158481994,0.0021,-0.0011,0.0425,-0.1280,-0.0023,-0.0639,0.1144,-0.0508,0.3196,0.3196,0.2999,-0.2835,-2.3008,1.5657,-0.4354,19.8220,-21.8225,-32.3834,-0.0315,0.0135,-0.0131
158486994,0.0023,-0.0020,0.0764,-0.1573,-0.0243,-0.0884,0.1554,-0.0698,0.3209,0.3209,0.2703,-0.5502,-0.6773,4.0088,-1.0411,19.8160,-21.8014,-32.3901,-0.0679,0.0334,-0.0223
158491994,0.0030,-0.0031,0.1182,-0.1652,0.0747,-0.1224,0.1994,-0.0683,0.3228,0.3228,0.3815,-0.6862,-1.0540,5.2285,-1.4665,19.8120,-21.7791,-32.3957,-0.0740,0.0965,-0.0564
158496994,0.0036,-0.0036,0.0950,-0.1332,-0.0007,-0.1227,0.1872,-0.0646,0.3241,0.3241,0.2593,-0.4813,-1.4580,2.6095,-1.8675,19.8029,-21.7633,-32.4073,-0.1099,0.1533,-0.0693
158501994,0.0040,-0.0042,0.0363,-0.0709,-0.0823,-0.0975,0.1467,-0.0588,0.3249,0.3249,0.1666,-0.2530,-1.5002,1.1200,-1.2240,19.7984,-21.7591,-32.4123,-0.1227,0.1760,-0.0713
158506994,0.0041,-0.0043,0.0009,0.0272,0.0478,-0.0742,0.0941,-0.0144,0.3254,0.3254,0.1001,-0.0835,-0.9406,0.8745,-0.5498,19.7896,-21.7545,-32.4163,-0.1209,0.1832,-0.0652
158511994,0.0038,-0.0037,-0.1032,0.1512,0.0387,-0.0073,-0.0120,0.0238,0.3251,0.3251,-0.0768,0.0878,-0.1398,0.5616,-0.2531,19.7893,-21.7517,-32.4173,-0.0890,0.1441,-0.0454
158516994,0.0034,-0.0030,-0.1307,0.1491,-0.0401,0.0136,-0.0379,0.0196,0.3245,0.3245,-0.1142,0.2161,0.0220,-0.2249,0.6380,19.7895,-21.7530,-32.4145,-0.0540,0.1194,-0.0242
158521994,0.0025,-0.0022,-0.1481,0.1420,-0.0685,0.0378,-0.0610,0.0153,0.3238,0.3238,-0.1384,0.2805,0.2459,-0.5359,1.2456,19.7904,-21.7551,-32.4098,-0.0286,0.0756,0.0126
158526994,0.0018,-0.0015,-0.1142,0.1506,-0.0911,0.0309,-0.0746,0.0331,0.3227,0.3227,-0.2173,0.3195,1.2807,-0.9521,1.2205,19.7966,-21.7604,-32.4014,0.0082,0.0313,0.0182
158531994,0.0014,-0.0010,-0.0638,0.0800,-0.1177,0.0081,-0.0367,0.0149,0.3214,0.3214,-0.2661,0.2102,1.9722,-1.1168,0.5574,19.8031,-21.7649,-32.3993,0.0227,0.0098,0.0267
158536994,0.0011,-0.0008,-0.0345,0.0195,-0.1238,-0.0032,-0.0033,-0.0079,0.3194,0.3194,-0.3906,0.2321,3.4759,-1.8550,0.8787,19.8260,-21.7745,-32.3953,0.0148,-0.0255,0.0227
158541994,0.0009,-0.0009,-0.0113,-0.0192,-0.1473,-0.0145,0.0216,-0.0242,0.3182,0.3182,-0.2411,0.2387,1.0068,-3.2103,0.1051,19.8303,-21.7873,-32.3948,0.0172,-0.0172,0.0011
158546994,0.0009,-0.0010,0.0308,-0.0397,-0.1489,-0.0404,0.0482,-0.0251,0.3185,0.3185,0.0513,-0.0401,-0.2836,-0.0536,-0.0593,19.8282,-21.7935,-32.3954,-0.0089,-0.0209,-0.0122
158551994,0.0011,-0.0014,0.0773,-0.0809,0.0567,-0.0644,0.0995,-0.0286,0.3195,0.3195,0.2082,-0.2493,-0.8300,1.7098,-0.4545,19.8249,-21.7865,-32.3972,-0.0199,0.0113,-0.0240
158556994,0.0016,-0.0019,0.1283,-0.0971,0.0093,-0.1061,0.1341,-0.0269,0.3225,0.3225,0.5900,-0.4258,-3.1840,4.0704,-0.1549,19.8092,-21.7654,-32.3985,-0.0427,0.0416,-0.0285
158561994,0.0027,-0.0028,0.1930,-0.1319,-0.0420,-0.1664,0.1932,-0.0317,0.3261,0.3261,0.7321,-0.5516,-3.6161,5.0853,-0.3098,19.7971,-21.7436,-32.3996,-0.0700,0.0745,-0.0264
158566994,0.0035,-0.0034,0.1069,-0.0880,0.0014,-0.1266,0.1620,-0.0353,0.3276,0.3276,0.2927,-0.3026,-1.4355,2.0133,-0.7460,19.7847,-21.7301,-32.4041,-0.1171,0.1448,-0.0284
158571994,0.0038,-0.0038,0.0315,-0.0394,-0.0536,-0.0907,0.1218,-0.0373,0.3284,0.3284,0.1568,-0.1567,-1.1546,0.9952,-0.5141,19.7802,-21.7265,-32.4068,-0.1321,0.1714,-0.0386
158576994,0.0037,-0.0039,-0.0596,0.0110,0.0002,-0.0319,0.0726,-0.0407,0.3284,0.3284,-0.0001,-0.0690,-0.6678,0.5085,-0.5214,19.7752,-21.7225,-32.4092,-0.1129,0.1671,-0.0382
158581994,0.0031,-0.0036,-0.1326,0.1145,-0.0038,0.0211,-0.0120,-0.0095,0.3276,0.3276,-0.1583,0.0967,0.1032,-0.0690,-0.2982,19.7759,-21.7227,-32.4105,-0.0829,0.1235,-0.0423
158586994,0.0022,-0.0030,-0.1475,0.1106,-0.0310,0.0453,-0.0328,-0.0162,0.3264,0.3264,-0.2319,0.1505,0.6089,-0.5878,-0.0738,19.7791,-21.7258,-32.4111,-0.0469,0.0790,-0.0259
158591994,0.0014,-0.0025,-0.1268,0.1100,-0.0453,0.0470,-0.0434,-0.0088,0.3252,0.3252,-0.2553,0.2039,1.1092,-0.9253,0.2827,19.7851,-21.7296,-32.4101,-0.0044,0.0567,-0.0183
158596994,0.0009,-0.0020,-0.0831,0.0947,-0.0569,0.0316,-0.0363,-0.0019,0.3237,0.3237,-0.2835,0.2323,1.6131,-1.5034,0.2666,19.7916,-21.7381,-32.4087,0.0152,0.0151,-0.0094
158601994,0.0008,-0.0016,-0.0043,0.0510,-0.0411,-0.0123,0.0025,0.0050,0.3217,0.3217,-0.4052,0.2334,3.6747,-1.9618,0.3840,19.8107,-21.7460,-32.4071,0.0216,-0.0233,-0.0026
158606994,0.0008,-0.0015,-0.0058,0.0015,-0.0224,-0.0107,0.0252,-0.0171,0.3201,0.3201,-0.3166,0.3117,1.6701,-3.7859,0.2017,19.8187,-21.7663,-32.4057,0.0327,-0.0202,0.0022
158611994,0.0012,-0.0014,0.0983,-0.0104,-0.1195,-0.0835,0.0620,0.0076,0.3206,0.3206,0.0928,0.1664,-0.8191,-2.0175,0.2541,19.8151,-21.7761,-32.4048,0.0062,-0.0139,-0.0054
158616994,0.0018,-0.0019,0.1219,-0.0446,0.0017,-0.1054,0.1060,-0.0004,0.3221,0.3221,0.2943,-0.1892,-1.2573,1.5923,-0.2672,19.8101,-21.7687,-32.4064,-0.0160,0.0202,0.0001
158621994,0.0029,-0.0022,0.1729,-0.0638,0.0585,-0.1534,0.1474,0.0128,0.3253,0.3253,0.6532,-0.3162,-3.5542,3.4169,0.1721,19.7931,-21.7554,-32.4057,-0.0455,0.0407,-0.0002
158626994,0.0039,-0.0031,0.1830,-0.1368,-0.0392,-0.1819,0.2081,-0.0308,0.3291,0.3291,0.7497,-0.5054,-3.9654,4.7147,-0.0230,19.7755,-21.7237,-32.4057,-0.0857,0.1037,0.0108
158631994,0.0045,-0.0038,0.1411,-0.1133,-0.0203,-0.1656,0.1996,-0.0363,0.3313,0.3313,0.4368,-0.3349,-1.8807,2.8371,-0.0102,19.7624,-21.7128,-32.4057,-0.1421,0.1662,-0.0041
158636994,0.0046,-0.0043,0.0165,-0.0486,-0.0575,-0.0968,0.1378,-0.0476,0.3319,0.3319,0.1351,-0.2425,-1.0921,1.4747,-1.0196,19.7588,-21.7046,-32.4095,-0.1710,0.1815,-0.0203
158641994,0.0048,-0.0046,0.0049,-0.0302,-0.0395,-0.0926,0.1332,-0.0452,0.3324,0.3324,0.0972,-0.2553,-0.8032,1.6717,-1.2232,19.7532,-21.6979,-32.4147,-0.1648,0.1924,-0.0450
158646994,0.0040,-0.0043,-0.1674,0.1103,-0.0001,0.0247,0.0006,-0.0253,0.3316,0.3316,-0.1633,-0.0163,0.0207,0.8802,-0.7474,19.7532,-21.6906,-32.4199,-0.1243,0.1572,-0.0507
158651994,0.0032,-0.0039,-0.2065,0.1066,-0.0078,0.0621,-0.0239,-0.0391,0.3304,0.3304,-0.2445,0.1018,0.4315,0.0399,-0.0217,19.7560,-21.6905,-32.4201,-0.0783,0.1384,-0.0467
158656994,0.0023,-0.0035,-0.1946,0.1271,-0.0178,0.0724,-0.0461,-0.0284,0.3291,0.3291,-0.2595,0.1566,0.7720,-0.1405,0.2397,19.7593,-21.6913,-32.4180,-0.0558,0.0900,-0.0378
158661994,0.0016,-0.0032,-0.1662,0.1179,-0.0505,0.0669,-0.0464,-0.0264,0.3278,0.3278,-0.2626,0.1382,0.9226,-0.2813,-0.0199,19.7639,-21.6924,-32.4182,-0.0133,0.0485,-0.0294
158666994,0.0009,-0.0025,-0.1304,0.1032,-0.0337,0.0598,-0.0446,-0.0192,0.3264,0.3264,-0.2817,0.1774,1.3203,-0.8405,0.1128,19.7692,-21.6969,-32.4175,0.0240,0.0271,-0.0272
158671994,0.0005,-0.0020,-0.0669,0.0764,-0.0191,0.0315,-0.0237,-0.0101,0.3242,0.3242,-0.4276,0.1811,3.5027,-1.1852,0.1618,19.7868,-21.7017,-32.4169,0.0374,-0.0117,-0.0202
158676994,-0.0000,-0.0017,-0.0620,0.0620,-0.0023,0.0377,-0.0240,-0.0140,0.3222,0.3222,-0.4017,0.3166,2.3618,-3.0579,0.2154,19.7979,-21.7169,-32.4152,0.0623,-0.0124,-0.0102
158681994,0.0001,-0.0017,0.0538,0.0113,-0.1305,-0.0378,0.0311,-0.0085,0.3218,0.3218,-0.0813,0.3195,-0.1670,-3.6541,0.3084,19.7980,-21.7322,-32.4140,0.0469,-0.0156,-0.0153
158686994,0.0005,-0.0015,0.1011,0.0153,-0.0701,-0.0710,0.0472,0.0156,0.3222,0.3222,0.0733,0.1149,0.0023,-0.9477,0.3330,19.7980,-21.7402,-32.4122,0.0344,-0.0302,-0.0081
158691994,0.0015,-0.0016,0.2107,-0.0525,0.1062,-0.1481,0.1328,0.0276,0.3238,0.3238,0.3329,-0.0637,-0.8697,0.5622,0.4186,19.7945,-21.7382,-32.4105,-0.0040,0.0094,0.0080
158696994,0.0024,-0.0020,0.1692,-0.0916,0.0219,-0.1426,0.1507,-0.0056,0.3265,0.3265,0.5222,-0.2764,-1.9940,3.1253,0.7511,19.7871,-21.7223,-32.4069,-0.0369,0.0284,0.0192
158701994,0.0035,-0.0028,0.1842,-0.1442,-0.0591,-0.1768,0.2028,-0.0328,0.3310,0.3310,0.9099,-0.5388,-5.1209,5.4973,0.4245,19.7595,-21.7007,-32.4051,-0.0499,0.0650,0.0198
158706994,0.0046,-0.0037,0.2425,-0.1521,-0.0750,-0.2300,0.2300,-0.0260,0.3342,0.3342,0.6471,-0.4923,-2.9849,3.7076,-0.6668,19.7471,-21.6754,-32.4079,-0.1302,0.1449,-0.0171
158711994,0.0050,-0.0041,0.0312,-0.0840,-0.0664,-0.1121,0.1608,-0.0564,0.3347,0.3347,0.0903,-0.3476,-0.4537,1.8998,-1.4894,19.7423,-21.6674,-32.4141,-0.1713,0.1746,-0.0210
158716994,0.0050,-0.0044,-0.0449,-0.0305,0.0243,-0.0642,0.1187,-0.0517,0.3350,0.3350,0.0675,-0.1694,-0.7060,1.4385,-0.3461,19.7392,-21.6591,-32.4174,-0.1712,0.1827,-0.0445
158721994,0.0041,-0.0043,-0.2175,0.0403,0.0115,0.0528,0.0227,-0.0742,0.3340,0.3340,-0.1997,-0.0599,0.0536,0.8966,-0.3915,19.7388,-21.6550,-32.4187,-0.1301,0.1543,-0.0527
158726994,0.0028,-0.0041,-0.2337,0.0910,-0.0450,0.0842,-0.0270,-0.0625,0.3326,0.3326,-0.2790,0.0769,0.3164,-0.0983,-0.2793,19.7401,-21.6544,-32.4211,-0.0867,0.1327,-0.0595
158731994,0.0017,-0.0035,-0.1961,0.1084,-0.0236,0.0840,-0.0429,-0.0439,0.3312,0.3312,-0.2859,0.1201,0.6272,-0.4484,-0.2988,19.7445,-21.6562,-32.4223,-0.0637,0.0847,-0.0653
158736994,0.0008,-0.0031,-0.1432,0.0806,-0.0038,0.0696,-0.0275,-0.0425,0.3299,0.3299,-0.2619,0.1584,0.8689,-0.9521,0.0478,19.7483,-21.6605,-32.4223,-0.0191,0.0425,-0.0486
158741994,0.0002,-0.0028,-0.0870,0.0675,0.0005,0.0480,-0.0149,-0.0330,0.3286,0.3286,-0.2666,0.1799,1.3587,-1.3631,0.0817,19.7556,-21.6657,-32.4218,0.0197,0.0224,-0.0425
158746994,0.0000,-0.0023,-0.0406,0.0605,-0.0075,0.0239,-0.0068,-0.0179,0.3267,0.3267,-0.3632,0.2144,2.6086,-1.9728,0.0065,19.7653,-21.6769,-32.4220,0.0321,-0.0109,-0.0352
158751994,-0.0003,-0.0022,-0.0388,0.0238,0.0112,0.0291,0.0074,-0.0353,0.3254,0.3254,-0.2697,0.2048,1.3903,-2.3448,-0.0184,19.7793,-21.6864,-32.4220,0.0518,-0.0043,-0.0192
158756994,0.0002,-0.0021,0.0617,-0.0113,-0.1098,-0.0431,0.0536,-0.0232,0.3254,0.3254,0.0094,0.1440,-0.2833,-1.8661,0.1309,19.7774,-21.6990,-32.4212,0.0371,-0.0044,-0.0240
158761994,0.0004,-0.0023,0.0837,-0.0382,-0.0713,-0.0595,0.0808,-0.0295,0.3258,0.3258,0.0762,-0.0334,-0.1277,-0.2425,-0.1810,19.7757,-21.7003,-32.4220,0.0243,0.0019,-0.0235
158766994,0.0013,-0.0025,0.1549,-0.0675,0.0164,-0.1141,0.1318,-0.0158,0.3273,0.3273,0.3026,-0.2218,-0.5476,2.0909,0.1073,19.7738,-21.6906,-32.4214,-0.0134,0.0376,-0.0291
158771994,0.0017,-0.0029,0.1170,-0.1014,-0.0154,-0.1024,0.1493,-0.0487,0.3302,0.3302,0.5783,-0.4749,-2.7657,4.7743,-0.0267,19.7602,-21.6719,-32.4217,-0.0427,0.0516,-0.0234
158776994,0.0030,-0.0037,0.2104,-0.1604,-0.0682,-0.1828,0.2286,-0.0538,0.3341,0.3341,0.7757,-0.4191,-4.7177,3.2391,-0.0898,19.7408,-21.6467,-32.4217,-0.0634,0.1338,-0.0251
158781994,0.0034,-0.0044,0.1106,-0.0822,-0.2133,-0.1365,0.1669,-0.0552,0.3356,0.3356,0.2947,-0.2857,-1.1385,2.2211,-0.3948,19.7297,-21.6379,-32.4233,-0.1368,0.1758,-0.0535
158786994,0.0038,-0.0045,0.0202,-0.0153,-0.0349,-0.0823,0.1183,-0.0400,0.3362,0.3362,0.1260,-0.1726,-0.4835,1.7076,-0.3143,19.7281,-21.6278,-32.4257,-0.1458,0.1857,-0.0554
158791994,0.0037,-0.0046,-0.0486,0.0180,-0.0081,-0.0400,0.0830,-0.0439,0.3363,0.3363,0.0206,-0.1036,0.0242,1.5772,0.0157,19.7279,-21.6214,-32.4255,-0.1376,0.1627,-0.0456
158796994,0.0030,-0.0045,-0.1695,0.0593,-0.1171,0.0410,0.0143,-0.0688,0.3354,0.3354,-0.1823,0.0487,0.2739,0.1999,0.0645,19.7287,-21.6184,-32.4252,-0.0932,0.1240,-0.0435
158801994,0.0021,-0.0044,-0.1649,0.0709,-0.1156,0.0541,0.0003,-0.0678,0.3340,0.3340,-0.2764,0.0936,1.1003,-0.2867,0.0068,19.7349,-21.6196,-32.4253,-0.0496,0.0989,-0.0497
158806994,0.0011,-0.0040,-0.1695,0.0855,-0.1006,0.0754,-0.0245,-0.0626,0.3325,0.3325,-0.3101,0.1124,1.3231,-0.4137,-0.0680,19.7399,-21.6223,-32.4258,-0.0272,0.0553,-0.0693
158811994,0.0005,-0.0035,-0.1005,0.0730,-0.0743,0.0470,-0.0099,-0.0457,0.3309,0.3309,-0.3132,0.1497,1.8253,-1.0359,-0.0497,19.7501,-21.6267,-32.4259,0.0126,0.0142,-0.0632
158816994,0.0002,-0.0033,-0.0400,0.0342,-0.0554,0.0188,0.0210,-0.0462,0.3288,0.3288,-0.4134,0.1903,3.1812,-1.9787,0.0281,19.7623,-21.6380,-32.4258,0.0345,-0.0015,-0.0580
158821994,0.0000,-0.0033,-0.0137,0.0244,-0.0600,0.0059,0.0333,-0.0462,0.3277,0.3277,-0.2285,0.2019,1.2853,-2.2488,0.0337,19.7766,-21.6471,-32.4257,0.0560,0.0016,-0.0457
158826994,0.0004,-0.0033,0.0870,-0.0064,-0.1815,-0.0644,0.0766,-0.0332,0.3280,0.3280,0.0679,0.0780,-0.3224,-1.0795,0.0055,19.7746,-21.6563,-32.4257,0.0216,0.0206,-0.0457
158831994,0.0008,-0.0034,0.1298,-0.0250,-0.1034,-0.0957,0.1091,-0.0254,0.3292,0.3292,0.2388,-0.0928,-0.8083,0.8415,-0.0302,19.7688,-21.6526,-32.4258,-0.0106,0.0201,-0.0401
158836994,0.0018,-0.0036,0.1723,-0.0507,0.0097,-0.1354,0.1517,-0.0151,0.3317,0.3317,0.4924,-0.3546,-1.5472,3.9737,0.0678,19.7631,-21.6329,-32.4254,-0.0283,0.0505,-0.0282
158841994,0.0028,-0.0043,0.1536,-0.1298,-0.0661,-0.1466,0.2041,-0.0651,0.3354,0.3354,0.7508,-0.4506,-4.5743,4.1369,0.0116,19.7396,-21.6144,-32.4252,-0.0560,0.1286,-0.0157
158846994,0.0038,-0.0049,0.1643,-0.0855,-0.2179,-0.1761,0.1969,-0.0460,0.3381,0.3381,0.5350,-0.2628,-2.9616,2.3058,0.0252,19.7267,-21.5997,-32.4249,-0.1374,0.1520,-0.0332
158851994,0.0043,-0.0051,0.0593,-0.0617,-0.1473,-0.1192,0.1638,-0.0617,0.3392,0.3392,0.2095,-0.2437,-0.8392,2.0047,-0.3336,19.7215,-21.5918,-32.4262,-0.1560,0.1877,-0.0427
158856994,0.0045,-0.0052,-0.0131,-0.0049,-0.0606,-0.0764,0.1200,-0.0506,0.3399,0.3399,0.1543,-0.2007,-0.6895,2.4357,-0.0795,19.7186,-21.5772,-32.4275,-0.1630,0.1820,-0.0620
158861994,0.0037,-0.0052,-0.1600,0.0501,-0.1287,0.0214,0.0393,-0.0756,0.3394,0.3394,-0.0978,-0.1008,0.0609,1.7261,-0.2121,19.7178,-21.5699,-32.4282,-0.1185,0.1690,-0.0563
158866994,0.0026,-0.0048,-0.1998,0.1316,-0.1599,0.0632,-0.0318,-0.0499,0.3383,0.3383,-0.2386,0.1194,0.5085,0.1554,-0.0016,19.7197,-21.5677,-32.4285,-0.0984,0.1299,-0.0571
158871994,0.0015,-0.0041,-0.2046,0.1264,-0.1247,0.0882,-0.0511,-0.0515,0.3367,0.3367,-0.3042,0.1336,0.8844,-0.2694,-0.1769,19.7251,-21.5689,-32.4293,-0.0535,0.0800,-0.0638
158876994,0.0005,-0.0036,-0.1655,0.0959,-0.0853,0.0845,-0.0397,-0.0547,0.3354,0.3354,-0.2706,0.1325,1.0136,-0.3911,0.0801,19.7294,-21.5717,-32.4289,-0.0100,0.0584,-0.0512
158881994,-0.0003,-0.0033,-0.1252,0.0684,-0.0939,0.0754,-0.0259,-0.0603,0.3337,0.3337,-0.3288,0.1404,1.7520,-0.9764,-0.0510,19.7391,-21.5758,-32.4292,0.0086,0.0168,-0.0539
158886994,-0.0006,-0.0030,-0.0388,0.0699,-0.1003,0.0317,-0.0099,-0.0334,0.3317,0.3317,-0.4114,0.1929,3.2895,-1.6476,-0.0673,19.7517,-21.5850,-32.4294,0.0383,-0.0188,-0.0589
158891994,-0.0008,-0.0030,-0.0504,0.0544,-0.0859,0.0416,-0.0068,-0.0448,0.3299,0.3299,-0.3462,0.2477,1.9130,-2.6244,-0.1387,19.7679,-21.5956,-32.4299,0.0736,-0.0141,-0.0544
158896994,-0.0005,-0.0029,0.0733,0.0034,-0.1980,-0.0406,0.0521,-0.0344,0.3298,0.3298,-0.0237,0.2022,0.0094,-2.3511,0.2060,19.7675,-21.6112,-32.4288,0.0589,-0.0082,-0.0415
158901994,-0.0001,-0.0029,0.1078,-0.0128,-0.1333,-0.0656,0.0777,-0.0276,0.3302,0.3302,0.0681,0.0450,-0.0263,-0.8415,-0.0973,19.7669,-21.6149,-32.4293,0.0310,-0.0051,-0.0358
158906994,0.0008,-0.0032,0.2275,-0.0492,0.0005,-0.1492,0.1497,-0.0004,0.3319,0.3319,0.3518,-0.1213,-0.5585,1.2906,0.3630,19.7652,-21.6097,-32.4275,-0.0073,0.0145,-0.0288
158911994,0.0019,-0.0036,0.1732,-0.0605,-0.0377,-0.1393,0.1558,-0.0208,0.3346,0.3346,0.5364,-0.3126,-2.1012,3.5651,0.3253,19.7548,-21.5960,-32.4260,-0.0251,0.0444,-0.0154
158916994,0.0032,-0.0043,0.2098,-0.1231,-0.0850,-0.1868,0.2201,-0.0432,0.3388,0.3388,0.8284,-0.4588,-4.1552,4.8922,0.5775,19.7387,-21.5620,-32.4234,-0.0544,0.1232,-0.0171
158921994,0.0045,-0.0050,0.2144,-0.1063,-0.2035,-0.2166,0.2300,-0.0375,0.3419,0.3419,0.6293,-0.4489,-2.5568,4.2662,-0.1356,19.7175,-21.5458,-32.4239,-0.1367,0.1390,-0.0211
158926994,0.0050,-0.0054,0.0596,-0.0605,-0.1483,-0.1321,0.1746,-0.0597,0.3430,0.3430,0.2278,-0.2726,-0.8445,2.3936,-0.3313,19.7142,-21.5299,-32.4269,-0.1576,0.1906,-0.0378
158931994,0.0050,-0.0056,-0.0302,0.0076,-0.0359,-0.0755,0.1208,-0.0494,0.3437,0.3437,0.1289,-0.1861,-0.4988,2.5206,0.0340,19.7110,-21.5202,-32.4267,-0.1636,0.1913,-0.0514
158936994,0.0043,-0.0054,-0.1808,0.0929,-0.1336,0.0231,0.0187,-0.0572,0.3431,0.3431,-0.1169,-0.0722,0.0285,1.8030,-0.3164,19.7111,-21.5075,-32.4285,-0.1176,0.1785,-0.0518
158941994,0.0033,-0.0049,-0.1985,0.1530,-0.1776,0.0499,-0.0361,-0.0344,0.3419,0.3419,-0.2332,0.1047,0.7639,0.6904,0.0709,19.7144,-21.5049,-32.4279,-0.0984,0.1402,-0.0579
158946994,0.0021,-0.0040,-0.2071,0.1622,-0.1586,0.0771,-0.0673,-0.0282,0.3404,0.3404,-0.3143,0.1812,1.2861,-0.0282,0.2174,19.7196,-21.5052,-32.4273,-0.0534,0.0902,-0.0426
158951994,0.0012,-0.0033,-0.1607,0.1289,-0.1229,0.0686,-0.0547,-0.0282,0.3390,0.3390,-0.2720,0.1759,1.4802,-0.0604,0.5451,19.7279,-21.5054,-32.4254,-0.0094,0.0676,-0.0341
158956994,0.0004,-0.0028,-0.1268,0.1295,-0.1275,0.0633,-0.0611,-0.0169,0.3376,0.3376,-0.2789,0.2036,1.6557,-0.5135,0.4388,19.7343,-21.5079,-32.4208,0.0098,0.0249,-0.0276
158961994,0.0001,-0.0024,-0.0299,0.0828,-0.1651,0.0116,-0.0203,-0.0104,0.3356,0.3356,-0.4048,0.1794,3.9374,-0.8558,0.3873,19.7543,-21.5110,-32.4194,0.0386,-0.0130,-0.0171
