Time_us,Roll,Pitch,GyroX,GyroY,GyroZ,T1,T2,T3,PhiX,PhiY,PhiDX,PhiDY,motor_vel_1,motor_vel_2,motor_vel_3,motor_pos_1,motor_pos_2,motor_pos_3,motor_torq_1,motor_torq_2,motor_torq_3
177133436,0.0442,-0.0136,-0.0195,0.0263,0.0130,-0.2300,0.2300,0.1965,-0.0001,-0.0001,-0.0199,0.0241,0.0012,0.0112,-0.0167,19.7609,-21.5104,-32.3825,0.0702,-0.0164,0.0036
177136994,0.0439,-0.0136,-0.0241,0.0269,0.0124,-0.2300,0.2300,0.1927,-0.0002,-0.0002,-0.0219,0.0284,-0.0054,0.0089,0.0294,19.7609,-21.5104,-32.3824,-0.0038,0.0067,0.0031
177141994,0.0438,-0.0133,-0.0116,0.0299,0.0136,-0.2300,0.2300,0.2014,0.0005,0.0005,0.1284,0.0372,-0.9871,0.5244,0.6203,19.7573,-21.5088,-32.3804,-0.0337,0.0235,0.0226
177146994,0.0438,-0.0130,0.0061,0.0443,-0.0078,-0.2300,0.2300,0.2189,0.0028,0.0028,0.4652,-0.1238,-2.7383,3.4458,1.3188,19.7461,-21.4921,-32.3755,-0.0506,0.0482,0.0592
177151994,0.0439,-0.0132,0.0388,-0.0018,-0.0184,-0.2300,0.2300,0.2019,0.0051,0.0051,0.4604,-0.1583,-1.4613,4.2184,2.2940,19.7353,-21.4738,-32.3623,-0.1164,0.1181,0.1029
177156994,0.0439,-0.0131,-0.0275,0.0073,-0.1235,-0.2300,0.2300,0.1851,0.0066,0.0066,0.2934,0.0365,-1.0871,2.2812,2.7267,19.7311,-21.4596,-32.3514,-0.1547,0.1449,0.1444
177161994,0.0437,-0.0132,-0.0852,0.0092,-0.2820,-0.2300,0.2300,0.1591,0.0079,0.0079,0.2651,0.0815,-0.7836,2.6297,3.6577,19.7261,-21.4497,-32.3305,-0.1751,0.1725,0.1647
177166994,0.0430,-0.0133,-0.1750,0.0113,-0.3007,-0.2300,0.2300,0.1252,0.0092,0.0092,0.2742,0.0430,-0.5701,4.1948,4.7484,19.7235,-21.4262,-32.3117,-0.2172,0.2067,0.1606
177171994,0.0419,-0.0136,-0.2590,-0.0003,-0.3443,-0.2300,0.2300,0.0790,0.0108,0.0108,0.3193,0.0747,-0.8461,5.0731,6.2152,19.7200,-21.4058,-32.2767,-0.2287,0.2179,0.1468
177176994,0.0405,-0.0137,-0.2999,0.0357,-0.4289,-0.2300,0.2300,0.0676,0.0123,0.0123,0.2857,0.0686,-0.3696,5.8999,6.5206,19.7181,-21.3709,-32.2502,-0.2356,0.2227,0.1081
177181994,0.0388,-0.0135,-0.3769,0.0586,-0.4549,-0.2300,0.2300,0.0434,0.0132,0.0132,0.1790,0.0051,0.0229,6.5181,6.0268,19.7185,-21.3451,-32.2135,-0.2323,0.2238,0.0774
177186994,0.0368,-0.0134,-0.4447,0.0684,-0.5221,-0.2300,0.2300,0.0086,0.0139,0.0139,0.1436,-0.0606,0.0067,7.3504,5.8876,19.7186,-21.3018,-32.1899,-0.2302,0.2196,0.0494
177191994,0.0344,-0.0131,-0.5275,0.0877,-0.5264,-0.2300,0.2300,-0.0241,0.0142,0.0142,0.0627,-0.1422,-0.1375,7.8813,5.1022,19.7181,-21.2704,-32.1581,-0.2293,0.2257,0.0410
177196994,0.0316,-0.0126,-0.5571,0.0922,-0.5035,-0.2300,0.2300,-0.0470,0.0142,0.0142,0.0098,-0.2379,-0.2999,8.1113,4.0154,19.7170,-21.2216,-32.1418,-0.2280,0.2267,0.0080
177201996,0.0285,-0.0121,-0.6625,0.1069,-0.5059,-0.1513,0.1850,-0.0923,0.0134,0.0134,-0.1638,-0.3536,-0.4582,8.0397,2.2295,19.7145,-21.1896,-32.1264,-0.2287,0.2314,-0.0083
177206994,0.0252,-0.0119,-0.6695,0.1155,-0.4876,-0.0870,0.1456,-0.1152,0.0126,0.0126,-0.1626,-0.4372,-0.5674,8.6202,1.6108,19.7122,-21.1384,-32.1200,-0.2221,0.2138,-0.0456
177211994,0.0214,-0.0114,-0.7605,0.1613,-0.4363,0.0379,0.0555,-0.1439,0.0109,0.0109,-0.3504,-0.4965,-0.3277,8.4644,0.0758,19.7098,-21.1042,-32.1180,-0.1833,0.1852,-0.0853
177216994,0.0178,-0.0106,-0.7657,0.1994,-0.3431,0.1113,-0.0079,-0.1432,0.0086,0.0086,-0.4504,-0.3915,-0.0903,7.2194,-0.3310,19.7096,-21.0594,-32.1194,-0.1387,0.1655,-0.1318
177221994,0.0136,-0.0095,-0.7850,0.2355,-0.2594,0.2007,-0.0840,-0.1468,0.0061,0.0061,-0.5120,-0.2515,-0.1146,6.0586,-0.1718,19.7090,-21.0349,-32.1213,-0.1169,0.1304,-0.1437
177226994,0.0095,-0.0081,-0.7850,0.2920,-0.2191,0.2300,-0.1703,-0.1323,0.0031,0.0031,-0.5977,-0.0182,-0.1131,3.9692,-0.0040,19.7085,-21.0086,-32.1211,-0.0744,0.0902,-0.1480
177231994,0.0057,-0.0067,-0.7395,0.3183,-0.1678,0.2300,-0.2265,-0.1158,-0.0000,-0.0000,-0.6134,0.1222,-0.1383,2.5284,0.0124,19.7077,-20.9985,-32.1211,-0.0323,0.0681,-0.1458
177236994,0.0022,-0.0050,-0.6588,0.3470,-0.0417,0.2300,-0.2300,-0.0778,-0.0030,-0.0030,-0.5911,0.2716,-0.2558,0.9835,0.0152,19.7067,-20.9910,-32.1210,-0.0105,0.0212,-0.1242
177241994,-0.0008,-0.0034,-0.5727,0.3372,0.0304,0.2300,-0.2300,-0.0560,-0.0060,-0.0060,-0.6181,0.3313,0.5617,0.0951,0.0195,19.7080,-20.9903,-32.1209,0.0234,-0.0197,-0.1040
177246994,-0.0035,-0.0019,-0.5082,0.3002,0.0723,0.2300,-0.2300,-0.0545,-0.0099,-0.0099,-0.7601,0.5294,1.4614,-2.8176,0.1301,19.7146,-21.0030,-32.1204,0.0794,-0.0332,-0.0621
177251994,-0.0059,-0.0007,-0.4798,0.2834,0.0176,0.2300,-0.2300,-0.0596,-0.0131,-0.0131,-0.6416,0.6107,-0.0388,-3.9501,0.2671,19.7141,-21.0203,-32.1188,0.1001,-0.0939,-0.0543
177256994,-0.0078,0.0007,-0.4142,0.2553,0.0249,0.2300,-0.2300,-0.0504,-0.0159,-0.0159,-0.5741,0.5432,0.0198,-3.6162,0.0967,19.7142,-21.0417,-32.1184,0.1359,-0.1384,-0.0562
177261994,-0.0095,0.0016,-0.3283,0.2312,0.1822,0.2300,-0.2300,-0.0326,-0.0188,-0.0188,-0.5747,0.4764,0.6602,-3.6637,-0.4975,19.7171,-21.0562,-32.1217,0.1701,-0.1588,-0.0533
177266994,-0.0107,0.0026,-0.2224,0.1930,0.2060,0.2300,-0.2300,-0.0152,-0.0219,-0.0219,-0.6122,0.5296,1.5737,-4.9358,-0.5906,19.7234,-21.0837,-32.1238,0.1883,-0.1890,-0.0414
177271994,-0.0115,0.0033,-0.1381,0.1216,0.1227,0.2300,-0.2300,-0.0264,-0.0255,-0.0255,-0.7368,0.5886,3.0024,-6.6722,-0.6462,19.7399,-21.1103,-32.1270,0.2198,-0.2103,-0.0180
177276994,-0.0120,0.0036,-0.0742,0.0880,0.1120,0.2300,-0.2300,-0.0251,-0.0297,-0.0297,-0.8342,0.7078,3.7833,-8.6708,-0.6732,19.7551,-21.1607,-32.1300,0.2226,-0.2147,-0.0229
177281994,-0.0123,0.0038,-0.0159,0.0675,0.1104,0.2300,-0.2099,-0.0175,-0.0342,-0.0342,-0.8900,0.7215,4.3828,-9.5622,-1.1216,19.7808,-21.1989,-32.1365,0.2242,-0.2175,-0.0217
177286994,-0.0121,0.0042,0.0495,0.0574,0.1535,0.2014,-0.1888,0.0052,-0.0387,-0.0387,-0.9045,0.7908,4.7311,-10.6143,-1.1490,19.7998,-21.2615,-32.1408,0.2274,-0.2033,-0.0172
177291995,-0.0118,0.0043,0.1042,0.0250,0.2369,0.1663,-0.1520,0.0132,-0.0433,-0.0433,-0.9196,0.7826,5.6238,-10.6518,-0.8819,19.8325,-21.3046,-32.1463,0.2071,-0.2074,-0.0161
177296994,-0.0112,0.0043,0.1313,-0.0061,0.2283,0.1397,-0.1240,0.0108,-0.0475,-0.0475,-0.8492,0.6873,5.8688,-9.5101,-0.5751,19.8561,-21.3632,-32.1490,0.1903,-0.1857,0.0090
177301994,-0.0104,0.0041,0.1906,-0.0370,0.1786,0.0883,-0.0818,0.0142,-0.0509,-0.0509,-0.6662,0.5754,4.8272,-8.6536,-0.7603,19.8871,-21.3979,-32.1532,0.1608,-0.1509,0.0138
177306994,-0.0095,0.0037,0.1973,-0.1020,0.1773,0.0665,-0.0310,-0.0150,-0.0531,-0.0531,-0.4421,0.2767,3.6971,-5.8593,-0.9779,19.9019,-21.4370,-32.1575,0.1302,-0.1408,0.0161
177311994,-0.0082,0.0031,0.2737,-0.1408,0.2146,-0.0022,0.0350,-0.0080,-0.0536,-0.0536,-0.0961,0.0476,1.6992,-3.6314,-1.1987,19.9145,-21.4516,-32.1644,0.1116,-0.1049,0.0087
177316994,-0.0067,0.0023,0.3002,-0.1958,0.1560,-0.0479,0.0965,-0.0305,-0.0526,-0.0526,0.1873,-0.2116,-0.0093,-1.1666,-1.3635,19.9140,-21.4611,-32.1699,0.0670,-0.0551,-0.0065
177321995,-0.0049,0.0010,0.3320,-0.2068,0.1456,-0.0991,0.1476,-0.0316,-0.0510,-0.0510,0.3181,-0.2922,-0.6511,-0.2577,-1.3520,19.9113,-21.4618,-32.1784,0.0175,-0.0282,-0.0089
177326994,-0.0031,-0.0001,0.3564,-0.1674,0.1166,-0.1475,0.1677,-0.0067,-0.0488,-0.0488,0.4408,-0.3395,-1.3668,0.6771,-1.5331,19.9060,-21.4587,-32.1847,-0.0007,0.0164,-0.0311
177331994,-0.0014,-0.0008,0.3250,-0.0971,0.1352,-0.1608,0.1517,0.0248,-0.0455,-0.0455,0.6685,-0.3679,-3.1490,2.4162,-1.0648,19.8905,-21.4494,-32.1918,-0.0360,0.0457,-0.0257
177336994,0.0003,-0.0012,0.3048,-0.0599,0.1663,-0.1809,0.1512,0.0490,-0.0406,-0.0406,0.9851,-0.3975,-5.4945,4.2511,-0.0904,19.8685,-21.4217,-32.1920,-0.0938,0.0711,0.0062
177341994,0.0016,-0.0015,0.2865,-0.0321,0.0683,-0.1963,0.1430,0.0612,-0.0369,-0.0369,0.7298,-0.1697,-3.2039,2.6176,0.8479,19.8471,-21.4120,-32.1885,-0.1228,0.1438,0.0245
177346994,0.0026,-0.0015,0.1616,0.0480,0.0222,-0.1420,0.0714,0.0731,-0.0347,-0.0347,0.4441,0.1085,-1.9321,0.8247,1.6036,19.8394,-21.4060,-32.1822,-0.1659,0.1565,0.0508
177351994,0.0032,-0.0011,0.0782,0.0996,0.0197,-0.1044,0.0198,0.0868,-0.0330,-0.0330,0.3358,0.1986,-1.7080,0.5233,1.7976,19.8290,-21.4040,-32.1708,-0.1636,0.1466,0.0709
177356994,0.0028,-0.0004,-0.1365,0.1408,-0.0212,0.0285,-0.0806,0.0497,-0.0328,-0.0328,0.0321,0.2529,-0.7741,0.3829,1.8254,19.8255,-21.4010,-32.1634,-0.1445,0.1012,0.0811
177361994,0.0019,0.0001,-0.1646,0.1518,-0.0646,0.0587,-0.1117,0.0455,-0.0334,-0.0334,-0.1045,0.2654,0.0593,-0.0023,1.4595,19.8262,-21.4011,-32.1537,-0.0965,0.0586,0.0800
177366994,0.0010,0.0008,-0.1607,0.1558,-0.0905,0.0733,-0.1331,0.0493,-0.0343,-0.0343,-0.1821,0.1825,0.3588,-0.0521,0.2923,19.8275,-21.4014,-32.1521,-0.0545,0.0360,0.0548
177371994,0.0001,0.0014,-0.1396,0.1164,-0.0661,0.0771,-0.1238,0.0389,-0.0354,-0.0354,-0.2284,0.1448,0.9126,-0.2601,0.1061,19.8327,-21.4023,-32.1522,-0.0321,-0.0050,0.0515
177376994,-0.0007,0.0017,-0.1344,0.0568,-0.0456,0.0904,-0.1037,0.0080,-0.0370,-0.0370,-0.3114,0.2359,1.4349,-1.6875,0.6152,19.8383,-21.4099,-32.1499,0.0072,-0.0335,0.0382
177381996,-0.0013,0.0020,-0.0809,0.0550,-0.1153,0.0675,-0.1003,0.0194,-0.0396,-0.0396,-0.5267,0.3753,3.1137,-3.9083,0.2101,19.8545,-21.4254,-32.1480,0.0397,-0.0470,0.0378
177386994,-0.0019,0.0025,-0.1176,0.0910,-0.0621,0.1035,-0.1420,0.0313,-0.0430,-0.0430,-0.6697,0.2617,5.0732,-2.1728,0.0189,19.8748,-21.4411,-32.1481,0.0493,-0.1106,0.0165
177391994,-0.0019,0.0024,-0.0336,0.0064,0.1178,0.0593,-0.0645,0.0188,-0.0443,-0.0443,-0.2675,0.1115,2.1912,-1.0890,0.2609,19.8907,-21.4456,-32.1472,0.0954,-0.1237,0.0271
177396994,-0.0019,0.0024,0.0241,-0.0079,-0.0383,0.0198,-0.0457,0.0215,-0.0448,-0.0448,-0.0996,0.1355,1.0753,-1.2245,0.6190,19.8948,-21.4520,-32.1439,0.0943,-0.1328,0.0219
177401994,-0.0012,0.0019,0.1759,-0.0950,-0.0453,-0.0829,0.0573,0.0203,-0.0440,-0.0440,0.1552,-0.0362,-0.1751,-0.7843,-0.0274,19.8946,-21.4552,-32.1442,0.0695,-0.0959,0.0236
177406994,-0.0002,0.0014,0.2392,-0.0730,0.0384,-0.1359,0.0849,0.0555,-0.0423,-0.0423,0.3436,-0.1136,-0.8221,0.6018,0.0797,19.8917,-21.4526,-32.1440,0.0232,-0.0538,0.0203
177411994,0.0013,0.0007,0.2618,-0.0913,0.0619,-0.1749,0.1261,0.0559,-0.0398,-0.0398,0.5050,-0.1759,-1.9658,1.2863,0.1985,19.8808,-21.4477,-32.1430,-0.0175,-0.0310,0.0209
177416994,0.0022,0.0003,0.2233,-0.0898,0.0442,-0.1709,0.1297,0.0463,-0.0366,-0.0366,0.6307,-0.1994,-3.3002,1.9412,0.5315,19.8681,-21.4371,-32.1411,-0.0322,0.0105,0.0535
177421994,0.0033,-0.0001,0.2101,-0.0150,-0.0301,-0.1865,0.1008,0.0822,-0.0331,-0.0331,0.7050,-0.2168,-3.6115,3.1960,0.6012,19.8413,-21.4249,-32.1370,-0.0983,0.0403,0.0488
177426994,0.0042,-0.0004,0.1423,-0.0299,0.0674,-0.1592,0.1060,0.0611,-0.0303,-0.0303,0.5537,-0.3953,-2.0849,4.8431,0.1500,19.8333,-21.3941,-32.1364,-0.1456,0.0621,0.0685
177431994,0.0047,-0.0004,0.0473,0.0162,0.0631,-0.1116,0.0571,0.0618,-0.0289,-0.0289,0.2857,-0.0885,-1.1297,2.1958,0.8537,19.8270,-21.3860,-32.1324,-0.1603,0.1255,0.0724
177436994,0.0047,-0.0003,-0.0437,0.0507,-0.1348,-0.0654,0.0030,0.0467,-0.0285,-0.0285,0.0890,0.0796,-0.8764,0.4155,0.7873,19.8234,-21.3827,-32.1290,-0.1529,0.1035,0.0630
177441994,0.0042,0.0002,-0.1417,0.1161,-0.0863,0.0038,-0.0683,0.0545,-0.0292,-0.0292,-0.1452,0.1261,0.0022,-0.1006,0.0277,19.8226,-21.3832,-32.1284,-0.1080,0.0764,0.0647
177446994,0.0032,0.0008,-0.2392,0.1753,0.0225,0.0836,-0.1429,0.0620,-0.0306,-0.0306,-0.2838,0.2102,0.3748,-0.3476,0.1017,19.8241,-21.3847,-32.1282,-0.0872,0.0292,0.0523
177451994,0.0018,0.0016,-0.2407,0.1939,0.0063,0.1082,-0.1781,0.0707,-0.0324,-0.0324,-0.3602,0.3205,1.1430,-1.0018,0.6254,19.8304,-21.3883,-32.1241,-0.0445,-0.0069,0.0584
177456994,0.0007,0.0025,-0.1891,0.1649,-0.0517,0.0960,-0.1742,0.0723,-0.0343,-0.0343,-0.3802,0.4158,1.1544,-2.5857,0.6394,19.8350,-21.4014,-32.1215,0.0016,-0.0255,0.0703
177461994,-0.0001,0.0030,-0.1365,0.0990,-0.1055,0.0783,-0.1445,0.0539,-0.0367,-0.0367,-0.4826,0.5441,1.8021,-4.9112,0.8125,19.8440,-21.4207,-32.1169,0.0200,-0.0550,0.0708
177466994,-0.0007,0.0036,-0.1142,0.0953,-0.0481,0.0789,-0.1485,0.0640,-0.0393,-0.0393,-0.5112,0.3773,3.4813,-2.7541,0.8710,19.8573,-21.4409,-32.1132,0.0452,-0.1328,0.0613
177471994,-0.0010,0.0038,-0.0315,0.0269,0.1425,0.0432,-0.0866,0.0598,-0.0410,-0.0410,-0.3473,0.1496,2.7733,-1.5337,0.0440,19.8783,-21.4474,-32.1127,0.0894,-0.1579,0.0617
177476994,-0.0008,0.0034,0.0702,-0.0699,0.0338,-0.0249,-0.0045,0.0333,-0.0414,-0.0414,-0.0725,0.0179,1.3304,-0.8244,0.3052,19.8842,-21.4528,-32.1114,0.0873,-0.1475,0.0611
177481994,0.0002,0.0026,0.2233,-0.1573,-0.1101,-0.1382,0.1007,0.0247,-0.0402,-0.0402,0.2322,-0.1195,-0.3670,-0.5099,-0.0238,19.8827,-21.4548,-32.1112,0.0395,-0.1027,0.0505
177486994,0.0016,0.0019,0.2495,-0.1210,-0.0035,-0.1763,0.1198,0.0562,-0.0384,-0.0384,0.3716,-0.1621,-1.2824,0.3423,-0.1873,19.8780,-21.4534,-32.1120,-0.0028,-0.0791,0.0254
177491994,0.0031,0.0013,0.2505,-0.1182,0.0991,-0.2003,0.1456,0.0662,-0.0356,-0.0356,0.5485,-0.1891,-2.7843,0.9929,0.0789,19.8636,-21.4495,-32.1122,-0.0235,-0.0386,0.0287
177496994,0.0042,0.0007,0.1836,-0.1222,0.0848,-0.1835,0.1486,0.0447,-0.0320,-0.0320,0.7307,-0.1994,-5.0203,1.5720,0.5738,19.8438,-21.4404,-32.1100,-0.0548,0.0041,0.0598
177501994,0.0055,0.0002,0.2025,-0.0611,-0.0294,-0.2206,0.1369,0.0802,-0.0291,-0.0291,0.5805,-0.1710,-2.6706,2.2447,0.8321,19.8234,-21.4318,-32.1042,-0.1329,0.0236,0.0617
177506994,0.0060,-0.0001,0.0718,-0.0281,0.0759,-0.1500,0.0968,0.0620,-0.0269,-0.0269,0.4385,-0.4193,-1.5817,5.0131,-0.0084,19.8174,-21.4049,-32.1043,-0.1527,0.0513,0.0586
177511994,0.0065,-0.0003,0.0528,-0.0147,0.1303,-0.1455,0.0925,0.0681,-0.0251,-0.0251,0.3427,-0.1976,-1.6625,2.7390,0.3911,19.8079,-21.3929,-32.1029,-0.1580,0.1149,0.0681
177516994,0.0060,-0.0001,-0.1576,0.0376,-0.0695,-0.0191,-0.0114,0.0225,-0.0254,-0.0254,-0.0433,0.0404,-1.0769,0.1784,0.2130,19.8032,-21.3891,-32.1020,-0.1527,0.1165,0.0693
177521994,0.0054,0.0002,-0.1610,0.0895,-0.0520,-0.0057,-0.0494,0.0490,-0.0261,-0.0261,-0.1476,0.0926,-0.1618,-0.0326,0.0072,19.8017,-21.3895,-32.1016,-0.1460,0.0890,0.0640
177526994,0.0041,0.0009,-0.2272,0.1576,-0.0108,0.0586,-0.1247,0.0649,-0.0273,-0.0273,-0.2341,0.1527,0.0399,-0.0047,-0.0679,19.8020,-21.3894,-32.1019,-0.0991,0.0416,0.0450
177531994,0.0029,0.0017,-0.2031,0.1875,-0.0172,0.0650,-0.1556,0.0886,-0.0283,-0.0283,-0.2045,0.2504,0.2940,-0.1263,0.6827,19.8032,-21.3898,-32.0990,-0.0572,0.0221,0.0465
177536994,0.0019,0.0026,-0.1787,0.1903,-0.0239,0.0698,-0.1749,0.1023,-0.0295,-0.0295,-0.2422,0.4009,0.5866,-1.4757,1.2327,19.8055,-21.3977,-32.0938,-0.0351,-0.0082,0.0664
177541994,0.0012,0.0035,-0.1191,0.1619,-0.0731,0.0457,-0.1661,0.1119,-0.0308,-0.0308,-0.2616,0.5225,0.9816,-2.9229,1.7144,19.8103,-21.4089,-32.0837,0.0048,-0.0386,0.0957
177546994,0.0005,0.0044,-0.1417,0.1491,-0.1483,0.0688,-0.1897,0.1037,-0.0329,-0.0329,-0.4107,0.5874,1.9241,-3.8882,1.7478,19.8176,-21.4363,-32.0767,0.0322,-0.1128,0.1117
177551994,0.0005,0.0048,-0.0550,0.0852,-0.0487,0.0233,-0.1349,0.1059,-0.0354,-0.0354,-0.4964,0.3570,4.6206,-2.0487,1.4463,19.8427,-21.4438,-32.0672,0.0333,-0.1432,0.1089
177556994,-0.0001,0.0050,-0.0782,0.0238,0.0243,0.0490,-0.1141,0.0679,-0.0371,-0.0371,-0.3491,0.1492,3.1732,-0.6552,0.9571,19.8558,-21.4486,-32.0635,0.0655,-0.1505,0.1086
177561994,0.0001,0.0047,0.0629,-0.0626,-0.1693,-0.0451,-0.0296,0.0551,-0.0368,-0.0368,0.0557,0.0359,0.6092,-0.1071,1.1600,19.8628,-21.4487,-32.0565,0.0649,-0.1413,0.1050
177566994,0.0006,0.0039,0.1167,-0.1591,-0.1776,-0.0854,0.0509,0.0139,-0.0362,-0.0362,0.1303,-0.1275,0.1052,0.0532,0.4600,19.8628,-21.4483,-32.0548,0.0500,-0.1113,0.0704
177571994,0.0016,0.0027,0.2150,-0.1964,-0.0071,-0.1561,0.1348,0.0205,-0.0348,-0.0348,0.2683,-0.2276,-0.1226,0.6701,0.2696,19.8624,-21.4460,-32.0533,0.0014,-0.0742,0.0439
177576994,0.0026,0.0016,0.1839,-0.1750,0.0213,-0.1549,0.1431,0.0142,-0.0330,-0.0330,0.3640,-0.2992,-1.1399,1.6634,0.0669,19.8582,-21.4370,-32.0528,-0.0294,-0.0305,0.0219
177581994,0.0037,0.0008,0.1747,-0.1313,-0.0600,-0.1738,0.1376,0.0293,-0.0298,-0.0298,0.6456,-0.2838,-4.3137,1.9122,-0.0517,19.8367,-21.4293,-32.0531,-0.0419,-0.0018,0.0165
177586994,0.0049,0.0004,0.2007,-0.0608,-0.0713,-0.2116,0.1264,0.0769,-0.0268,-0.0268,0.5877,-0.2663,-2.8567,2.7744,0.1317,19.8238,-21.4144,-32.0527,-0.1169,0.0327,0.0232
177591994,0.0056,0.0002,0.0901,-0.0015,0.1242,-0.1506,0.0805,0.0845,-0.0246,-0.0246,0.4516,-0.2756,-1.5000,4.2830,0.7663,19.8141,-21.4005,-32.0484,-0.1545,0.0449,0.0269
177596994,0.0060,-0.0000,0.0565,-0.0147,0.1492,-0.1386,0.0858,0.0701,-0.0227,-0.0227,0.3849,-0.0917,-1.8228,2.3278,1.3412,19.8068,-21.3765,-32.0433,-0.1571,0.1085,0.0639
177601994,0.0058,0.0002,-0.0971,0.0748,-0.1018,-0.0527,-0.0213,0.0622,-0.0221,-0.0221,0.1047,0.2086,-1.2284,0.1575,1.8799,19.7982,-21.3759,-32.0321,-0.1459,0.1063,0.0719
177606994,0.0053,0.0008,-0.1350,0.1558,-0.0777,-0.0206,-0.0864,0.0981,-0.0223,-0.0223,-0.0341,0.2295,-0.6466,0.0023,0.9508,19.7956,-21.3766,-32.0281,-0.1252,0.0722,0.0708
177611994,0.0044,0.0017,-0.2184,0.1775,-0.0352,0.0462,-0.1425,0.0923,-0.0234,-0.0234,-0.2108,0.2183,0.1395,-0.0397,0.4867,19.7961,-21.3768,-32.0257,-0.1009,0.0417,0.0740
177616994,0.0032,0.0026,-0.2132,0.2019,-0.0475,0.0651,-0.1798,0.1092,-0.0245,-0.0245,-0.2300,0.3456,0.5702,-0.5428,1.3063,19.7982,-21.3789,-32.0209,-0.0585,0.0043,0.0869
177621994,0.0022,0.0036,-0.1723,0.1949,-0.0502,0.0600,-0.1890,0.1232,-0.0258,-0.0258,-0.2625,0.4104,1.0871,-1.3049,1.4674,19.8042,-21.3834,-32.0119,-0.0140,-0.0140,0.0902
177626994,0.0014,0.0045,-0.1359,0.1549,-0.1229,0.0505,-0.1826,0.1179,-0.0277,-0.0277,-0.3689,0.6210,1.4531,-4.1360,1.8572,19.8100,-21.4058,-32.0044,0.0052,-0.0396,0.1129
177631994,0.0006,0.0049,-0.1234,0.1145,-0.2332,0.0535,-0.1778,0.0973,-0.0300,-0.0300,-0.4721,0.5735,3.3143,-3.5227,2.3788,19.8267,-21.4226,-31.9900,0.0355,-0.1170,0.1154
177636994,0.0001,0.0052,-0.0617,0.0528,-0.1177,0.0304,-0.1317,0.0876,-0.0323,-0.0323,-0.4631,0.2873,5.0423,-0.9459,2.0687,19.8474,-21.4303,-31.9815,0.0612,-0.1614,0.1039
177641994,0.0000,0.0050,-0.0287,-0.0611,-0.0988,0.0130,-0.0612,0.0367,-0.0333,-0.0333,-0.1998,0.0927,2.4256,-0.4746,1.5025,19.8637,-21.4316,-31.9725,0.0582,-0.1609,0.0945
177646994,0.0002,0.0046,0.0528,-0.1118,-0.2197,-0.0433,-0.0068,0.0247,-0.0330,-0.0330,0.0579,-0.0130,0.6161,0.0337,1.3044,19.8660,-21.4317,-31.9671,0.0335,-0.1190,0.0781
177651994,0.0007,0.0035,0.1191,-0.2431,0.1752,-0.0762,0.1170,-0.0206,-0.0322,-0.0322,0.1638,-0.2229,-0.1847,0.1825,0.4431,19.8645,-21.4312,-31.9634,-0.0031,-0.0979,0.0596
177656994,0.0013,0.0019,0.1570,-0.3063,0.1795,-0.1097,0.1919,-0.0614,-0.0308,-0.0308,0.2911,-0.4027,-0.8653,1.2475,0.0085,19.8614,-21.4239,-31.9633,-0.0208,-0.0645,0.0229
177661994,0.0021,0.0002,0.1628,-0.2782,0.0045,-0.1351,0.2062,-0.0706,-0.0278,-0.0278,0.5958,-0.4352,-4.3641,1.4680,-0.5525,19.8400,-21.4180,-31.9662,-0.0460,-0.0175,-0.0198
177666994,0.0031,-0.0008,0.1628,-0.1545,0.0206,-0.1514,0.1687,-0.0148,-0.0253,-0.0253,0.5006,-0.4073,-3.6190,1.7688,-1.4848,19.8230,-21.4079,-31.9720,-0.1236,0.0214,-0.0560
177671994,0.0032,-0.0014,0.0644,-0.1246,0.3035,-0.0852,0.1476,-0.0272,-0.0240,-0.0240,0.2592,-0.5434,-1.8734,2.9878,-2.3991,19.8109,-21.3965,-31.9867,-0.1461,0.0381,-0.0576
177676994,0.0035,-0.0021,0.0305,-0.0849,0.5738,-0.0608,0.1407,-0.0134,-0.0224,-0.0224,0.3157,-0.4404,-2.2595,3.2015,-1.3706,19.8021,-21.3724,-31.9927,-0.1411,0.1102,-0.0367
177681994,0.0034,-0.0023,0.0079,-0.0003,0.4220,-0.0516,0.0866,0.0139,-0.0212,-0.0212,0.2382,-0.1984,-1.9997,1.8381,-0.7100,19.7895,-21.3675,-31.9964,-0.1001,0.1337,-0.0314
177686994,0.0036,-0.0022,-0.0131,0.0541,0.1196,-0.0526,0.0401,0.0264,-0.0210,-0.0210,0.0528,0.0056,-1.1207,-0.0754,-0.7006,19.7848,-21.3679,-31.9994,-0.0814,0.1500,-0.0074
177691994,0.0033,-0.0016,-0.0379,0.1439,0.1199,-0.0325,-0.0239,0.0703,-0.0211,-0.0211,-0.0203,0.1583,-0.3020,-0.1988,-0.0138,19.7823,-21.3687,-32.0010,-0.0556,0.0989,0.0196
177696994,0.0029,-0.0006,-0.0877,0.2535,0.1282,0.0036,-0.1133,0.1245,-0.0214,-0.0214,-0.0664,0.3159,-0.1001,-0.2651,0.5379,19.7818,-21.3699,-31.9986,-0.0369,0.0552,0.0404
177701994,0.0027,0.0004,-0.0480,0.2636,0.1141,-0.0172,-0.1260,0.1565,-0.0215,-0.0215,-0.0194,0.4760,0.2344,-0.8145,1.9182,19.7831,-21.3741,-31.9892,-0.0286,0.0341,0.0571
177706994,0.0025,0.0017,-0.0681,0.2239,0.0961,-0.0017,-0.1345,0.1474,-0.0219,-0.0219,-0.0854,0.5095,0.8758,-1.1558,2.5193,19.7862,-21.3788,-31.9790,-0.0139,-0.0051,0.1044
177711994,0.0025,0.0025,-0.0195,0.1390,0.1245,-0.0293,-0.0894,0.1331,-0.0222,-0.0222,-0.0463,0.5799,0.5357,-2.5978,3.0725,19.7901,-21.3917,-31.9611,-0.0014,-0.0372,0.1247
177716994,0.0021,0.0030,-0.0886,0.0681,-0.0227,0.0129,-0.0910,0.0754,-0.0232,-0.0232,-0.2101,0.6406,0.9483,-4.0861,3.2753,19.7935,-21.4088,-31.9478,-0.0110,-0.0584,0.1388
177721994,0.0020,0.0024,-0.0354,-0.0699,-0.0178,-0.0172,0.0048,0.0103,-0.0233,-0.0233,-0.0160,0.1985,0.5415,-0.9708,2.4823,19.7970,-21.4165,-31.9318,-0.0163,-0.1100,0.1257
177726994,0.0018,0.0019,-0.0440,-0.1295,0.1407,-0.0014,0.0451,-0.0274,-0.0237,-0.0237,-0.0757,-0.0526,1.4389,0.5873,1.5784,19.8022,-21.4138,-31.9256,-0.0207,-0.0869,0.0882
177731994,0.0017,0.0007,-0.0156,-0.2538,0.1789,-0.0151,0.1356,-0.0998,-0.0239,-0.0239,-0.0395,-0.3444,1.2856,1.5996,0.4373,19.8112,-21.4057,-31.9223,-0.0113,-0.0635,0.0665
177736994,0.0016,-0.0009,0.0003,-0.3250,0.1783,-0.0215,0.2011,-0.1590,-0.0240,-0.0240,-0.0220,-0.4840,1.2066,1.9804,-0.0629,19.8160,-21.3977,-31.9226,-0.0108,-0.0157,0.0202
177741994,0.0018,-0.0022,0.0761,-0.2181,0.1978,-0.0706,0.1934,-0.0999,-0.0233,-0.0233,0.1421,-0.4965,0.2114,2.7380,-0.8403,19.8188,-21.3827,-31.9268,-0.0155,0.0219,-0.0002
177746994,0.0024,-0.0033,0.0892,-0.1655,0.1700,-0.0890,0.1919,-0.0832,-0.0221,-0.0221,0.2350,-0.5877,-0.0937,4.2465,-1.1793,19.8182,-21.3661,-31.9319,-0.0243,0.0359,-0.0455
177751994,0.0031,-0.0043,0.1020,-0.1628,0.2497,-0.1072,0.2196,-0.0835,-0.0202,-0.0202,0.3701,-0.6990,-0.8959,5.5400,-1.3507,19.8145,-21.3291,-31.9398,-0.0644,0.0977,-0.0822
177756994,0.0036,-0.0048,0.1093,-0.0669,0.2742,-0.1196,0.1872,-0.0359,-0.0185,-0.0185,0.3562,-0.5080,-1.1544,4.4320,-1.2374,19.8098,-21.3119,-31.9448,-0.1071,0.1526,-0.0850
177761994,0.0038,-0.0050,0.0675,0.0070,0.1996,-0.1021,0.1389,-0.0136,-0.0173,-0.0173,0.2354,-0.2616,-0.9600,2.6375,-0.8156,19.8038,-21.2958,-31.9504,-0.1153,0.1715,-0.0796
177766994,0.0042,-0.0045,0.0275,0.1491,0.2665,-0.0821,0.0518,0.0612,-0.0161,-0.0161,0.2405,-0.0834,-1.0895,2.7776,-0.2087,19.7993,-21.2849,-31.9515,-0.1092,0.1811,-0.0423
177771994,0.0039,-0.0035,-0.0861,0.2440,0.2684,-0.0100,-0.0484,0.0896,-0.0157,-0.0157,0.0680,0.1360,-0.2263,2.1860,0.8015,19.7970,-21.2697,-31.9475,-0.0891,0.1461,-0.0213
177776994,0.0035,-0.0023,-0.1243,0.2560,0.1825,0.0162,-0.0919,0.0968,-0.0157,-0.0157,0.0048,0.3095,0.0311,1.1248,1.8178,19.7973,-21.2652,-31.9403,-0.0773,0.1261,0.0158
177781994,0.0027,-0.0011,-0.1463,0.2752,0.1633,0.0430,-0.1347,0.1107,-0.0159,-0.0159,-0.0455,0.5062,0.3581,-0.0053,2.9679,19.7986,-21.2648,-31.9228,-0.0361,0.0795,0.0614
177786994,0.0019,0.0004,-0.1411,0.2816,0.1343,0.0529,-0.1687,0.1314,-0.0165,-0.0165,-0.1222,0.5042,1.1933,-0.0294,2.8355,19.8033,-21.2650,-31.9112,0.0003,0.0306,0.1107
177791994,0.0014,0.0015,-0.1164,0.1900,0.0326,0.0451,-0.1413,0.0999,-0.0179,-0.0179,-0.2765,0.3814,2.8682,-0.1493,2.3152,19.8183,-21.2656,-31.8967,0.0188,0.0084,0.1216
177796994,0.0009,0.0020,-0.0980,0.0782,-0.0325,0.0411,-0.0948,0.0499,-0.0201,-0.0201,-0.4405,0.3250,4.7238,-0.6823,2.4931,19.8367,-21.2680,-31.8869,0.0272,-0.0245,0.1210
177801994,0.0004,0.0021,-0.0953,-0.0086,-0.0866,0.0468,-0.0585,0.0017,-0.0224,-0.0224,-0.4602,0.3584,3.6852,-2.7398,1.9792,19.8642,-21.2829,-31.8742,0.0538,-0.0718,0.1034
177806994,0.0002,0.0018,-0.0046,-0.0467,-0.1205,-0.0049,-0.0096,0.0006,-0.0234,-0.0234,-0.1972,0.1689,2.5833,-0.9505,1.8225,19.8741,-21.2863,-31.8672,0.0562,-0.0988,0.0608
177811994,0.0003,0.0012,0.0538,-0.0996,0.0402,-0.0352,0.0510,-0.0111,-0.0235,-0.0235,-0.0070,-0.1372,2.1556,1.7179,1.2349,19.8869,-21.2794,-31.8583,0.0378,-0.0707,0.0207
177816994,0.0009,0.0003,0.1466,-0.1521,0.1062,-0.0980,0.1275,-0.0172,-0.0225,-0.0225,0.1814,-0.3243,1.3936,2.8863,0.6738,19.8927,-21.2677,-31.8557,-0.0006,-0.0204,-0.0080
177821994,0.0017,-0.0008,0.1949,-0.1903,0.0347,-0.1451,0.1843,-0.0351,-0.0203,-0.0203,0.4410,-0.4336,-0.5373,3.7679,0.6420,19.8925,-21.2457,-31.8528,-0.0186,0.0038,-0.0152
177826994,0.0028,-0.0015,0.1677,-0.1234,0.1242,-0.1461,0.1675,-0.0070,-0.0170,-0.0170,0.6651,-0.4544,-2.9727,4.6938,0.4401,19.8809,-21.2275,-31.8508,-0.0468,0.0401,-0.0294
177831994,0.0039,-0.0022,0.2022,-0.0889,0.2082,-0.1842,0.1848,0.0236,-0.0135,-0.0135,0.7109,-0.5563,-2.4478,6.2221,0.2185,19.8609,-21.1881,-31.8497,-0.1231,0.1119,-0.0319
177836994,0.0046,-0.0027,0.1304,-0.0492,0.3050,-0.1501,0.1605,0.0250,-0.0111,-0.0111,0.4695,-0.3273,-1.4671,4.0971,0.5268,19.8551,-21.1729,-31.8474,-0.1468,0.1324,-0.0017
177841994,0.0049,-0.0027,0.0247,0.0305,0.2259,-0.0959,0.0884,0.0337,-0.0097,-0.0097,0.2772,0.0493,-1.1911,1.4990,1.7443,19.8487,-21.1620,-31.8385,-0.1556,0.1774,0.0173
177846994,0.0049,-0.0024,-0.0183,0.1133,0.1703,-0.0724,0.0263,0.0658,-0.0088,-0.0088,0.1762,0.1671,-0.8654,0.9545,1.6491,19.8449,-21.1582,-31.8314,-0.1333,0.1549,0.0372
177851994,0.0042,-0.0012,-0.1469,0.2101,0.2070,0.0170,-0.0842,0.0912,-0.0094,-0.0094,-0.1142,0.2723,0.0673,0.0317,0.8321,19.8438,-21.1568,-31.8261,-0.0974,0.1309,0.0451
177856994,0.0035,-0.0004,-0.1549,0.1396,0.2033,0.0345,-0.0707,0.0598,-0.0101,-0.0101,-0.1444,0.2535,0.5571,-0.0598,1.4073,19.8459,-21.1572,-31.8206,-0.0704,0.0823,0.0754
177861994,0.0026,0.0000,-0.1662,0.1213,0.1792,0.0568,-0.0801,0.0441,-0.0111,-0.0111,-0.1824,0.2872,1.0333,-0.2151,1.9210,19.8515,-21.1581,-31.8087,-0.0249,0.0388,0.0850
177866994,0.0018,0.0003,-0.1518,0.1023,0.1297,0.0613,-0.0796,0.0334,-0.0124,-0.0124,-0.2617,0.2174,1.4326,-0.5322,0.9492,19.8571,-21.1602,-31.8051,-0.0102,0.0176,0.0611
177871994,0.0012,0.0005,-0.1045,0.0244,0.1019,0.0435,-0.0367,0.0050,-0.0144,-0.0144,-0.3998,0.1298,2.8243,-1.1428,0.2135,19.8718,-21.1651,-31.8042,0.0245,-0.0186,0.0372
177876994,0.0008,0.0004,-0.0571,-0.0220,0.1312,0.0258,-0.0011,-0.0095,-0.0172,-0.0172,-0.5725,0.2330,4.7150,-2.6639,0.6155,19.8902,-21.1751,-31.8018,0.0325,-0.0218,0.0117
177881994,0.0003,0.0004,-0.0748,-0.0024,0.1138,0.0443,-0.0202,-0.0109,-0.0188,-0.0188,-0.3055,0.0984,1.9558,-1.2613,0.0356,19.9069,-21.1888,-31.8008,0.0450,-0.0459,-0.0001
177886994,0.0006,0.0000,0.0944,-0.0412,0.1520,-0.0600,0.0596,0.0180,-0.0182,-0.0182,0.1186,-0.0958,0.2296,0.8498,0.1484,19.9076,-21.1856,-31.8003,0.0524,-0.0306,-0.0139
177891994,0.0012,-0.0002,0.1536,-0.0140,0.2399,-0.1024,0.0748,0.0554,-0.0172,-0.0172,0.1908,-0.0518,0.4859,1.1416,0.6572,19.9102,-21.1774,-31.7966,0.0285,-0.0059,-0.0128
177896994,0.0029,-0.0002,0.3042,-0.0183,0.1908,-0.2243,0.1357,0.1107,-0.0151,-0.0151,0.4304,-0.0073,0.0520,1.3852,1.5304,19.9102,-21.1724,-31.7906,0.0068,0.0121,0.0152
177901994,0.0042,-0.0002,0.2193,-0.0070,0.1563,-0.2008,0.1168,0.1021,-0.0119,-0.0119,0.6322,-0.1142,-1.7921,3.4918,2.1202,19.9019,-21.1550,-31.7779,-0.0230,0.0415,0.0628
177906994,0.0054,-0.0004,0.2089,0.0009,0.1645,-0.2179,0.1252,0.1118,-0.0072,-0.0072,0.9382,-0.2918,-4.0632,5.9359,2.1805,19.8863,-21.1314,-31.7695,-0.0516,0.0930,0.1012
177911994,0.0068,-0.0008,0.2306,-0.0605,0.0494,-0.2300,0.1769,0.0880,-0.0036,-0.0036,0.7272,-0.2059,-2.4661,3.9948,2.1353,19.8667,-21.1055,-31.7563,-0.1302,0.1275,0.1099
177916994,0.0074,-0.0009,0.0724,-0.0171,-0.0157,-0.1787,0.1119,0.0650,-0.0019,-0.0019,0.3297,0.0064,-0.4095,2.2996,2.6151,19.8646,-21.0959,-31.7459,-0.1650,0.1527,0.0965
177921994,0.0075,-0.0012,-0.0202,-0.0211,0.0958,-0.1220,0.0960,0.0371,-0.0010,-0.0010,0.1800,-0.0641,-0.0003,2.5004,1.9612,19.8652,-21.0824,-31.7329,-0.1847,0.1475,0.0892
177926994,0.0070,-0.0012,-0.1249,0.0434,0.0497,-0.0527,0.0266,0.0319,-0.0008,-0.0008,0.0507,-0.0360,0.0128,2.4740,1.4652,19.8652,-21.0721,-31.7272,-0.1741,0.1274,0.0633
177931994,0.0058,-0.0009,-0.2098,0.0736,0.0304,0.0190,-0.0310,0.0155,-0.0016,-0.0016,-0.1689,0.0253,0.5173,1.2821,0.6665,19.8676,-21.0627,-31.7219,-0.1397,0.0974,0.0369
177936994,0.0047,-0.0005,-0.1955,0.0681,0.1123,0.0337,-0.0377,0.0170,-0.0026,-0.0026,-0.2004,0.0907,0.8368,0.6349,0.9294,19.8714,-21.0608,-31.7184,-0.0956,0.0498,0.0163
177941994,0.0035,-0.0001,-0.1982,0.0919,0.1850,0.0593,-0.0638,0.0260,-0.0039,-0.0039,-0.2519,0.1365,0.9360,0.0515,0.6263,19.8772,-21.0594,-31.7140,-0.0495,0.0285,0.0170
177946994,0.0026,0.0002,-0.1539,0.0843,0.2430,0.0527,-0.0590,0.0345,-0.0050,-0.0050,-0.2227,0.2007,0.7786,-0.7355,0.7618,19.8802,-21.0619,-31.7108,-0.0211,-0.0096,0.0253
177951994,0.0019,0.0006,-0.1210,0.0510,0.2274,0.0458,-0.0457,0.0263,-0.0065,-0.0065,-0.3115,0.3034,1.1490,-2.5955,0.6498,19.8859,-21.0742,-31.7067,0.0139,-0.0385,0.0262
177956994,0.0013,0.0008,-0.0889,0.0394,0.1981,0.0370,-0.0414,0.0273,-0.0087,-0.0087,-0.4239,0.4447,1.6633,-4.6715,0.5381,19.8911,-21.0932,-31.7049,0.0311,-0.0334,0.0325
177961994,0.0010,0.0009,-0.0370,0.0504,0.2751,0.0149,-0.0315,0.0485,-0.0104,-0.0104,-0.3403,0.1914,2.5752,-1.7102,0.1036,19.9121,-21.1060,-31.7043,0.0363,-0.0568,0.0294
177966994,0.0011,0.0008,0.0605,-0.0046,0.3377,-0.0432,0.0307,0.0516,-0.0102,-0.0102,0.0339,0.0088,0.2486,-0.1336,0.0389,19.9131,-21.1067,-31.7042,0.0389,-0.0453,0.0435
177971994,0.0017,0.0008,0.1228,-0.0214,0.1963,-0.0958,0.0572,0.0613,-0.0089,-0.0089,0.2504,-0.0165,-0.8663,0.5230,0.5857,19.9078,-21.1041,-31.7011,0.0016,-0.0356,0.0486
177976994,0.0026,0.0004,0.2080,-0.0837,0.2177,-0.1613,0.1292,0.0574,-0.0069,-0.0069,0.4035,-0.1157,-1.7329,0.6498,0.2375,19.9009,-21.1014,-31.7002,-0.0237,0.0058,0.0619
177981994,0.0036,-0.0001,0.2053,-0.0489,0.2687,-0.1780,0.1312,0.0780,-0.0030,-0.0030,0.7803,-0.2395,-4.8071,2.8234,0.3701,19.8770,-21.0875,-31.6981,-0.0513,0.0365,0.0605
177986994,0.0048,-0.0005,0.2434,-0.0308,0.2329,-0.2235,0.1495,0.1010,0.0017,0.0017,0.9495,-0.4053,-4.9130,5.3560,0.5433,19.8602,-21.0665,-31.6957,-0.1053,0.0480,0.0627
177991994,0.0058,-0.0007,0.1625,-0.0568,0.3270,-0.1897,0.1546,0.0731,0.0044,0.0044,0.5272,-0.3039,-1.6156,4.0304,0.8613,19.8464,-21.0372,-31.6912,-0.1501,0.1278,0.0890
177996994,0.0065,-0.0006,0.0828,0.0189,0.1682,-0.1604,0.0905,0.0895,0.0061,0.0061,0.3409,-0.0617,-1.0692,2.3202,1.2902,19.8425,-21.0278,-31.6864,-0.1808,0.1732,0.0784
178001994,0.0061,-0.0003,-0.0415,0.0724,0.0210,-0.0862,0.0125,0.0761,0.0069,0.0069,0.1583,0.0451,-1.2213,1.1790,0.8301,19.8351,-21.0204,-31.6805,-0.1750,0.1656,0.0833
178006994,0.0057,0.0004,-0.1213,0.1268,0.1486,-0.0265,-0.0488,0.0926,0.0067,0.0067,-0.0400,0.1775,-0.1493,0.4272,1.0834,19.8342,-21.0189,-31.6766,-0.1548,0.1174,0.0767
178011994,0.0049,0.0008,-0.1671,0.1344,0.2167,0.0165,-0.0771,0.0858,0.0059,0.0059,-0.1489,0.2094,0.2768,-0.0049,0.9623,19.8355,-21.0182,-31.6707,-0.1156,0.0702,0.0758
178016994,0.0040,0.0014,-0.1671,0.1674,0.1767,0.0314,-0.1133,0.1024,0.0050,0.0050,-0.1779,0.2727,0.7111,-0.0888,1.2691,19.8396,-21.0186,-31.6653,-0.0698,0.0481,0.0869
178021994,0.0032,0.0023,-0.1625,0.1503,0.1404,0.0430,-0.1263,0.0996,0.0040,0.0040,-0.2076,0.2484,0.8120,-0.3235,0.9403,19.8429,-21.0202,-31.6597,-0.0482,0.0060,0.0999
178026994,0.0025,0.0028,-0.1084,0.0803,0.1318,0.0230,-0.0892,0.0816,0.0030,0.0030,-0.2000,0.2504,1.0634,-1.0518,1.1368,19.8491,-21.0238,-31.6552,-0.0054,-0.0290,0.0991
178031994,0.0020,0.0029,-0.0751,0.0287,0.1013,0.0127,-0.0624,0.0614,0.0013,0.0013,-0.3393,0.3838,1.7540,-3.4692,1.0962,19.8558,-21.0403,-31.6485,0.0181,-0.0412,0.0936
178036994,0.0016,0.0031,-0.0464,0.0406,0.1004,0.0034,-0.0664,0.0746,-0.0007,-0.0007,-0.3903,0.3315,2.6542,-3.0455,0.6952,19.8710,-21.0550,-31.6462,0.0115,-0.0930,0.0715
178041994,0.0016,0.0031,0.0281,0.0302,0.2855,-0.0335,-0.0311,0.0977,-0.0015,-0.0015,-0.1733,0.0855,2.1536,-0.4472,0.2647,19.8803,-21.0611,-31.6442,0.0127,-0.0863,0.0649
178046994,0.0019,0.0029,0.0886,-0.0162,0.3267,-0.0735,0.0182,0.0932,-0.0007,-0.0007,0.1659,0.0351,-0.2806,0.2495,0.9096,19.8802,-21.0593,-31.6403,-0.0052,-0.0740,0.0775
178051994,0.0026,0.0025,0.1845,-0.0730,0.1679,-0.1503,0.0818,0.0879,0.0011,0.0011,0.3669,-0.0879,-1.2375,0.8890,0.6984,19.8756,-21.0555,-31.6349,-0.0244,-0.0261,0.0969
178056994,0.0034,0.0019,0.1854,-0.0959,0.1575,-0.1665,0.1106,0.0742,0.0048,0.0048,0.7296,-0.1745,-5.1686,1.4006,0.3856,19.8494,-21.0503,-31.6334,-0.0515,0.0114,0.0912
178061994,0.0049,0.0015,0.2538,-0.0699,0.1923,-0.2300,0.1396,0.1149,0.0084,0.0084,0.7306,-0.2903,-3.4875,3.2381,0.4050,19.8336,-21.0337,-31.6316,-0.1389,0.0285,0.0805
178066994,0.0056,0.0010,0.1145,-0.0654,0.3679,-0.1562,0.1189,0.0799,0.0110,0.0110,0.5128,-0.4952,-1.3384,5.8535,0.3371,19.8249,-21.0107,-31.6300,-0.1583,0.0592,0.0883
178071994,0.0065,0.0006,0.1442,-0.0467,0.3224,-0.1921,0.1298,0.0996,0.0134,0.0134,0.4802,-0.2768,-1.6020,3.6155,0.6639,19.8185,-20.9859,-31.6270,-0.1633,0.1280,0.1017
178076994,0.0064,0.0004,-0.0266,0.0217,0.0555,-0.1002,0.0355,0.0712,0.0141,0.0141,0.1446,-0.0313,-0.8866,1.3578,0.6801,19.8124,-20.9794,-31.6240,-0.1781,0.1482,0.0832
178081994,0.0065,0.0008,-0.0360,0.1045,0.0857,-0.0940,-0.0143,0.1182,0.0147,0.0147,0.1105,0.1867,-0.8917,0.2099,1.2690,19.8086,-20.9790,-31.6161,-0.1867,0.1300,0.0836
178086994,0.0059,0.0016,-0.1549,0.1518,0.1822,-0.0104,-0.0859,0.1174,0.0142,0.0142,-0.0953,0.1942,-0.0348,0.3535,0.9013,19.8070,-20.9775,-31.6124,-0.1470,0.0785,0.0894
178091994,0.0053,0.0024,-0.1536,0.1478,0.1960,0.0004,-0.1020,0.1243,0.0138,0.0138,-0.0808,0.2923,0.0445,-0.0769,1.7845,19.8073,-20.9773,-31.6032,-0.0993,0.0584,0.1063
178096994,0.0044,0.0030,-0.1600,0.1555,0.1468,0.0195,-0.1282,0.1257,0.0133,0.0133,-0.0977,0.3506,0.1686,-0.3961,2.1166,19.8080,-20.9788,-31.5943,-0.0783,0.0159,0.1222
178101994,0.0038,0.0038,-0.1054,0.1362,0.0885,-0.0041,-0.1229,0.1373,0.0127,0.0127,-0.1306,0.3613,0.5507,-1.1799,1.7162,19.8102,-20.9845,-31.5835,-0.0388,-0.0202,0.1253
178106994,0.0032,0.0042,-0.1005,0.0498,0.0494,0.0027,-0.0906,0.0936,0.0112,0.0112,-0.2843,0.3847,1.4793,-2.7213,1.5857,19.8181,-20.9949,-31.5772,-0.0059,-0.0318,0.1351
178111994,0.0029,0.0044,-0.0916,0.0391,0.0298,0.0019,-0.0901,0.0917,0.0099,0.0099,-0.2710,0.3523,1.7325,-2.2816,1.7475,19.8251,-21.0143,-31.5667,-0.0020,-0.1018,0.1249
178116994,0.0027,0.0044,-0.0293,0.0327,0.1654,-0.0247,-0.0648,0.1087,0.0091,0.0091,-0.1581,0.1919,1.5272,-0.9344,1.1147,19.8350,-21.0185,-31.5621,0.0044,-0.1096,0.0983
178121994,0.0028,0.0042,0.0577,-0.0437,0.2424,-0.0755,0.0073,0.0963,0.0091,0.0091,0.0083,0.0004,1.1592,0.3212,0.8905,19.8396,-21.0159,-31.5582,-0.0128,-0.0971,0.1002
178126994,0.0034,0.0039,0.1494,-0.0611,0.1615,-0.1439,0.0502,0.1124,0.0108,0.0108,0.3263,-0.0386,-0.8958,0.9279,1.2186,19.8374,-21.0123,-31.5530,-0.0187,-0.0604,0.0976
178131994,0.0044,0.0034,0.2172,-0.1182,0.0976,-0.2045,0.1140,0.1018,0.0136,0.0136,0.5603,-0.1936,-2.7739,1.5335,0.5631,19.8259,-21.0046,-31.5491,-0.0610,-0.0181,0.0999
178136994,0.0055,0.0027,0.2459,-0.1206,0.1776,-0.2300,0.1483,0.1100,0.0162,0.0162,0.5324,-0.2086,-1.6455,2.1073,0.9793,19.8143,-20.9963,-31.5450,-0.1219,0.0011,0.1046
178141994,0.0065,0.0020,0.1830,-0.0999,0.2803,-0.2161,0.1446,0.1040,0.0187,0.0187,0.5041,-0.2887,-1.3532,3.4305,1.0113,19.8091,-20.9783,-31.5390,-0.1407,0.0377,0.1096
178146994,0.0076,0.0015,0.1897,-0.0562,0.2598,-0.2300,0.1418,0.1302,0.0219,0.0219,0.6268,-0.4029,-1.6396,5.4474,1.0041,19.7994,-20.9565,-31.5350,-0.1754,0.0895,0.1066
178151994,0.0083,0.0012,0.0809,-0.0626,0.1248,-0.1943,0.1173,0.0914,0.0242,0.0242,0.4620,-0.2509,-2.0445,3.4041,0.9904,19.7913,-20.9346,-31.5302,-0.2171,0.1218,0.1105
178156994,0.0085,0.0010,0.0116,-0.0147,0.0466,-0.1614,0.0754,0.0914,0.0263,0.0263,0.4130,-0.0388,-2.1640,2.4561,2.1545,19.7782,-20.9246,-31.5217,-0.2236,0.1473,0.1081
178161994,0.0082,0.0011,-0.0739,0.0724,0.0915,-0.1043,0.0030,0.1119,0.0273,0.0273,0.2140,0.1666,-1.4970,1.0994,2.3174,19.7718,-20.9172,-31.5072,-0.1898,0.1098,0.0947
178166994,0.0076,0.0018,-0.1658,0.1665,0.1563,-0.0363,-0.0863,0.1406,0.0272,0.0272,-0.0213,0.2870,-0.0235,0.8040,2.3641,19.7703,-20.9142,-31.4978,-0.1485,0.0850,0.0946
178171994,0.0068,0.0025,-0.2083,0.1689,0.1019,0.0023,-0.1206,0.1301,0.0269,0.0269,-0.0649,0.4168,0.0290,0.0251,3.2214,19.7705,-20.9132,-31.4794,-0.1232,0.0423,0.1190
178176994,0.0056,0.0031,-0.2175,0.1695,0.0268,0.0263,-0.1473,0.1241,0.0265,0.0265,-0.0802,0.4692,0.2380,-0.1682,3.6932,19.7715,-20.9139,-31.4645,-0.0805,-0.0006,0.1305
178181994,0.0045,0.0040,-0.2031,0.1616,0.0139,0.0383,-0.1642,0.1275,0.0254,0.0254,-0.2175,0.4775,0.8770,-1.3201,2.7466,19.7750,-20.9199,-31.4466,-0.0406,-0.0173,0.1307
178186994,0.0035,0.0044,-0.1808,0.0696,0.0164,0.0442,-0.1277,0.0853,0.0235,0.0235,-0.3740,0.5083,1.6661,-3.3067,2.3350,19.7841,-20.9326,-31.4375,-0.0191,-0.0447,0.1310
178191994,0.0026,0.0044,-0.2049,0.0473,-0.0090,0.0740,-0.1323,0.0573,0.0216,0.0216,-0.3818,0.4032,2.2222,-2.0404,2.5380,19.7929,-20.9504,-31.4225,0.0194,-0.1220,0.1278
178196994,0.0021,0.0042,-0.0782,-0.0034,0.0875,0.0130,-0.0663,0.0635,0.0194,0.0194,-0.4405,0.1944,4.5875,-0.7288,1.8186,19.8171,-20.9535,-31.4149,0.0454,-0.1473,0.0911
178201994,0.0017,0.0038,-0.0446,-0.0715,0.1334,0.0022,-0.0166,0.0298,0.0174,0.0174,-0.4130,-0.0169,4.5441,0.0817,0.7869,19.8375,-20.9525,-31.4095,0.0732,-0.1305,0.0693
178206994,0.0023,0.0030,0.1020,-0.1005,0.0503,-0.1000,0.0559,0.0498,0.0177,0.0177,0.0691,-0.0394,0.9268,0.1651,0.9518,19.8473,-20.9519,-31.4058,0.0503,-0.0838,0.0436
178211994,0.0034,0.0025,0.2040,-0.1387,0.0228,-0.1810,0.1233,0.0603,0.0195,0.0195,0.3509,-0.1928,-0.8793,1.1033,0.4080,19.8432,-20.9466,-31.4022,-0.0033,-0.0656,0.0407
178216994,0.0048,0.0018,0.2330,-0.1399,0.1764,-0.2180,0.1622,0.0762,0.0224,0.0224,0.5908,-0.2052,-2.4519,1.9501,1.1118,19.8309,-20.9387,-31.3983,-0.0263,-0.0248,0.0534
178221994,0.0061,0.0010,0.2605,-0.1109,0.1984,-0.2300,0.1821,0.0999,0.0269,0.0269,0.9060,-0.2128,-4.8762,2.9668,1.6552,19.8118,-20.9217,-31.3885,-0.0567,0.0171,0.0536
178226994,0.0077,0.0006,0.2856,-0.0400,0.0900,-0.2300,0.1703,0.1464,0.0311,0.0311,0.8383,-0.2043,-3.1940,4.0127,1.9083,19.7883,-20.9061,-31.3806,-0.1362,0.0333,0.0793
178231994,0.0088,0.0003,0.1759,-0.0247,0.1602,-0.2300,0.1478,0.1294,0.0346,0.0346,0.6894,-0.2646,-1.7735,5.4745,2.4117,19.7814,-20.8711,-31.3666,-0.1579,0.0852,0.1114
178236994,0.0096,0.0002,0.1277,-0.0437,0.1077,-0.2300,0.1492,0.1095,0.0373,0.0373,0.5396,-0.0825,-1.3187,3.5071,3.0284,19.7740,-20.8586,-31.3547,-0.1888,0.1445,0.1227
178241994,0.0096,-0.0000,-0.0260,0.0018,-0.0817,-0.1640,0.0767,0.0779,0.0390,0.0390,0.3512,0.1331,-1.1470,2.1995,3.9061,19.7694,-20.8449,-31.3317,-0.2267,0.1626,0.1147
178246994,0.0096,0.0002,-0.0351,0.0864,0.0600,-0.1531,0.0329,0.1272,0.0407,0.0407,0.3256,0.2084,-1.1447,2.0786,3.6650,19.7616,-20.8365,-31.3203,-0.2254,0.1441,0.1013
178251994,0.0088,0.0009,-0.1863,0.1845,0.0790,-0.0495,-0.0789,0.1375,0.0410,0.0410,0.0704,0.2678,-0.3116,2.0005,3.0894,19.7601,-20.8241,-31.2982,-0.1911,0.0997,0.0834
178256994,0.0080,0.0020,-0.2190,0.2282,-0.0319,-0.0187,-0.1396,0.1547,0.0410,0.0410,0.0054,0.3893,0.0214,1.4722,3.5603,19.7607,-20.8181,-31.2840,-0.1420,0.0819,0.1092
178261994,0.0068,0.0029,-0.2673,0.2285,-0.0676,0.0288,-0.1814,0.1448,0.0408,0.0408,-0.0453,0.5218,0.1475,0.7202,4.5067,19.7612,-20.8132,-31.2577,-0.1201,0.0378,0.1386
178266994,0.0056,0.0043,-0.2349,0.2453,-0.0850,0.0316,-0.2136,0.1722,0.0406,0.0406,-0.0532,0.5566,0.5137,0.5203,4.5359,19.7641,-20.8110,-31.2392,-0.0800,-0.0035,0.1468
178271994,0.0042,0.0051,-0.2590,0.1362,-0.0847,0.0713,-0.1906,0.1095,0.0393,0.0393,-0.2583,0.4672,1.1560,-0.9731,3.2880,19.7689,-20.8142,-31.2184,-0.0391,-0.0197,0.1609
178276994,0.0031,0.0054,-0.2172,0.0528,-0.1131,0.0675,-0.1542,0.0736,0.0374,0.0374,-0.3757,0.5271,2.3202,-2.5026,3.5996,19.7816,-20.8245,-31.2042,-0.0202,-0.0645,0.1594
178281994,0.0022,0.0055,-0.2004,-0.0171,0.0717,0.0813,-0.1148,0.0418,0.0357,0.0357,-0.3359,0.1965,3.1144,0.2169,2.9691,19.7940,-20.8244,-31.1847,0.0197,-0.1233,0.1460
178286994,0.0012,0.0051,-0.1524,-0.0577,0.1489,0.0740,-0.0800,0.0233,0.0331,0.0331,-0.5237,0.0752,5.5301,0.5241,2.2381,19.8233,-20.8223,-31.1779,0.0501,-0.1355,0.1039
178291994,0.0006,0.0044,-0.1307,-0.1655,0.0521,0.0687,-0.0172,-0.0455,0.0306,0.0306,-0.4881,-0.1154,5.0767,0.7629,1.4090,19.8462,-20.8178,-31.1670,0.0867,-0.1082,0.0652
178296994,0.0009,0.0030,0.0556,-0.3070,-0.0090,-0.0496,0.1324,-0.0839,0.0301,0.0301,-0.0988,-0.3185,2.7156,1.0645,0.9181,19.8652,-20.8138,-31.1632,0.0871,-0.0707,0.0221
178301994,0.0013,0.0017,0.0452,-0.2230,-0.0163,-0.0501,0.1116,-0.0634,0.0306,0.0306,0.0826,-0.3574,0.8567,2.1349,0.4078,19.8682,-20.8017,-31.1596,0.0638,-0.0491,-0.0067
178306994,0.0023,0.0005,0.1820,-0.1750,0.1834,-0.1411,0.1623,0.0001,0.0322,0.0322,0.3288,-0.3603,-0.2430,2.5806,0.2010,19.8675,-20.7914,-31.1589,0.0355,-0.0069,-0.0483
178311994,0.0032,-0.0001,0.2089,-0.1481,0.3249,-0.1689,0.1812,0.0253,0.0344,0.0344,0.4295,-0.4184,-0.7166,3.4752,0.0036,19.8649,-20.7721,-31.1594,-0.0083,0.0312,-0.0599
178316994,0.0043,-0.0008,0.2279,-0.0791,0.2995,-0.2021,0.1716,0.0652,0.0381,0.0381,0.7570,-0.4359,-2.8656,5.3189,0.7362,19.8512,-20.7513,-31.1569,-0.0387,0.0422,-0.0279
178321994,0.0058,-0.0010,0.2877,-0.0082,0.2268,-0.2300,0.1686,0.1262,0.0432,0.0432,1.0058,-0.1715,-4.6748,4.3695,2.2751,19.8316,-20.7174,-31.1438,-0.0613,0.1233,0.0040
178326994,0.0067,-0.0007,0.2169,0.0922,0.0808,-0.2300,0.0929,0.1648,0.0465,0.0465,0.6590,0.0776,-1.8844,3.1280,2.9515,19.8183,-20.7043,-31.1319,-0.1354,0.1666,0.0483
178331994,0.0077,0.0001,0.1756,0.1381,0.1147,-0.2300,0.0542,0.1994,0.0489,0.0489,0.4948,0.2810,-0.9439,1.6841,3.5349,19.8150,-20.6945,-31.1106,-0.1696,0.1735,0.0798
178336994,0.0086,0.0009,0.1341,0.1619,0.1712,-0.2300,0.0285,0.2215,0.0512,0.0512,0.4493,0.3452,-1.0186,1.3048,3.6764,19.8093,-20.6891,-31.0960,-0.1858,0.1263,0.1232
178341994,0.0085,0.0017,-0.0754,0.1988,0.2103,-0.1031,-0.0658,0.1933,0.0527,0.0527,0.2958,0.5231,-1.3006,0.7386,4.9229,19.8040,-20.6844,-31.0686,-0.2233,0.0798,0.1352
178346994,0.0082,0.0027,-0.1023,0.2166,0.2280,-0.0817,-0.1003,0.2085,0.0544,0.0544,0.3539,0.6486,-1.9496,0.3417,5.9117,19.7924,-20.6832,-31.0453,-0.2084,0.0587,0.1716
178351994,0.0077,0.0037,-0.1396,0.1796,0.1178,-0.0551,-0.1163,0.1850,0.0561,0.0561,0.3302,0.6313,-2.0221,0.2916,6.1140,19.7842,-20.6815,-31.0073,-0.1874,0.0127,0.1989
178356994,0.0067,0.0042,-0.1762,0.0724,-0.1195,-0.0253,-0.0979,0.1093,0.0573,0.0573,0.2520,0.5255,-1.9107,-0.0663,5.7700,19.7722,-20.6815,-30.9841,-0.1466,-0.0219,0.1982
178361994,0.0056,0.0041,-0.2043,-0.0229,-0.0264,0.0156,-0.0647,0.0460,0.0576,0.0576,0.0517,0.5712,-1.5005,-2.4723,5.1694,19.7661,-20.6927,-30.9528,-0.1100,-0.0351,0.1832
178366994,0.0047,0.0039,-0.1973,-0.0816,0.0200,0.0311,-0.0355,0.0067,0.0571,0.0571,-0.0930,0.4199,-0.0366,-2.1043,4.3477,19.7645,-20.7034,-30.9353,-0.0940,-0.0879,0.1452
178371994,0.0038,0.0031,-0.2117,-0.1280,0.1193,0.0584,-0.0072,-0.0373,0.0567,0.0567,-0.0859,-0.0428,0.2263,1.0722,2.1730,19.7656,-20.6994,-30.9189,-0.0447,-0.0690,0.1326
178376994,0.0032,0.0018,-0.1542,-0.2260,0.1560,0.0387,0.0768,-0.0974,0.0561,0.0561,-0.1162,-0.3252,1.0793,2.1352,0.8650,19.7703,-20.6905,-30.9155,-0.0057,-0.0447,0.0956
178381994,0.0024,0.0008,-0.1946,-0.1976,-0.0172,0.0696,0.0528,-0.1244,0.0549,0.0549,-0.2407,-0.3889,1.8695,2.5820,0.1274,19.7776,-20.6751,-30.9142,0.0140,-0.0022,0.0449
178386994,0.0019,-0.0003,-0.1054,-0.2489,-0.0478,0.0262,0.1164,-0.1481,0.0532,0.0532,-0.3429,-0.4824,4.0857,2.9400,-0.0569,19.7992,-20.6636,-30.9144,0.0365,0.0349,-0.0016
178391994,0.0012,-0.0016,-0.1283,-0.2056,0.0188,0.0545,0.1047,-0.1571,0.0522,0.0522,-0.2040,-0.6884,3.3306,5.5941,-0.6108,19.8144,-20.6337,-30.9176,0.0649,0.0386,-0.0299
178396994,0.0014,-0.0025,0.0440,-0.1332,-0.0093,-0.0527,0.1347,-0.0831,0.0535,0.0535,0.2584,-0.6496,0.3333,6.0442,-0.5923,19.8194,-20.6075,-30.9199,0.0591,0.1034,-0.0765
178401994,0.0017,-0.0028,0.0932,-0.0544,-0.0365,-0.0881,0.1147,-0.0308,0.0549,0.0549,0.2887,-0.4570,0.2409,5.0101,-0.1638,19.8197,-20.5761,-30.9209,0.0446,0.1306,-0.0882
178406994,0.0025,-0.0033,0.1521,-0.0431,-0.0627,-0.1373,0.1392,-0.0091,0.0568,0.0568,0.3787,-0.3622,-0.1026,4.4758,0.3768,19.8204,-20.5588,-30.9195,0.0013,0.1383,-0.0846
178411994,0.0030,-0.0029,0.1329,0.1008,-0.0832,-0.1368,0.0592,0.0680,0.0589,0.0589,0.4252,-0.0780,-0.6111,3.7950,1.5022,19.8181,-20.5351,-30.9138,-0.0180,0.1304,-0.0504
178416994,0.0037,-0.0021,0.1106,0.2153,-0.0881,-0.1376,-0.0125,0.1399,0.0625,0.0625,0.7175,0.1602,-3.2721,3.8408,3.1372,19.8019,-20.5198,-30.8966,-0.0466,0.1312,-0.0110
178421994,0.0047,-0.0008,0.1579,0.2370,-0.1409,-0.1844,-0.0234,0.1915,0.0654,0.0654,0.5766,0.3717,-1.1377,2.6552,4.3983,19.7962,-20.5022,-30.8792,-0.1230,0.1119,0.0271
178426994,0.0051,0.0005,0.0562,0.2544,-0.0218,-0.1286,-0.0746,0.2007,0.0673,0.0673,0.3739,0.5640,-0.0279,1.5110,5.5057,19.7962,-20.4960,-30.8459,-0.1389,0.0718,0.0557
178431994,0.0054,0.0016,-0.0034,0.2324,0.0371,-0.0953,-0.0941,0.1938,0.0688,0.0688,0.3114,0.5840,-0.4282,0.8076,5.3402,19.7945,-20.4911,-30.8245,-0.1433,0.0226,0.1069
178436994,0.0049,0.0027,-0.0980,0.2007,-0.0276,-0.0334,-0.1306,0.1609,0.0694,0.0694,0.1126,0.5283,-0.0185,0.2116,4.4339,19.7938,-20.4901,-30.7968,-0.1100,0.0025,0.1340
178441994,0.0045,0.0035,-0.0895,0.1316,-0.0688,-0.0320,-0.1117,0.1357,0.0694,0.0694,-0.0005,0.6005,0.1522,-1.8766,4.1563,19.7944,-20.4981,-30.7802,-0.0902,-0.0284,0.1679
178446994,0.0037,0.0039,-0.1478,0.0443,-0.0020,0.0199,-0.0952,0.0750,0.0680,0.0680,-0.2746,0.6090,1.0982,-3.9447,3.3166,19.7997,-20.5140,-30.7593,-0.0516,-0.0889,0.1579
178451994,0.0031,0.0039,-0.1057,-0.0177,0.0313,0.0080,-0.0548,0.0505,0.0670,0.0670,-0.2036,0.2603,1.7990,-1.0848,2.4944,19.8071,-20.5231,-30.7493,-0.0144,-0.1126,0.1261
178456994,0.0026,0.0034,-0.0608,-0.0962,0.1431,-0.0055,0.0065,0.0156,0.0661,0.0661,-0.1748,-0.0446,2.0374,0.4298,1.0978,19.8188,-20.5213,-30.7419,0.0052,-0.1002,0.1057
178461994,0.0024,0.0026,-0.0027,-0.1588,0.0872,-0.0391,0.0637,-0.0145,0.0655,0.0655,-0.1192,-0.2250,2.2091,1.3317,0.4854,19.8279,-20.5144,-30.7404,-0.0018,-0.0506,0.0578
178466994,0.0028,0.0013,0.0947,-0.2541,0.0827,-0.1025,0.1656,-0.0535,0.0660,0.0660,0.0840,-0.3963,0.9673,1.7592,-0.0655,19.8357,-20.5073,-30.7401,-0.0156,-0.0257,0.0352
178471994,0.0035,0.0001,0.1448,-0.1860,0.1440,-0.1445,0.1746,-0.0134,0.0675,0.0675,0.3151,-0.4272,-0.9387,2.5079,-0.5917,19.8323,-20.4933,-30.7425,-0.0289,0.0133,-0.0064
178476994,0.0046,-0.0008,0.1704,-0.1429,0.1483,-0.1795,0.1849,0.0118,0.0706,0.0706,0.6217,-0.5314,-3.9885,3.5360,-1.4630,19.8093,-20.4797,-30.7508,-0.0707,0.0449,-0.0285
178481994,0.0056,-0.0015,0.2046,-0.0886,0.2699,-0.2139,0.1930,0.0522,0.0741,0.0741,0.6859,-0.6168,-2.3094,6.4439,-0.3399,19.7997,-20.4431,-30.7522,-0.1406,0.0567,-0.0023
178486994,0.0070,-0.0019,0.2214,-0.0464,0.3875,-0.2300,0.1977,0.0902,0.0771,0.0771,0.6103,-0.2557,-1.9241,3.7495,1.0661,19.7890,-20.4291,-30.7470,-0.1557,0.1364,0.0092
178491994,0.0080,-0.0019,0.1698,0.0351,-0.1049,-0.2300,0.1311,0.1072,0.0798,0.0798,0.5264,0.0070,-2.1742,1.9753,1.6187,19.7804,-20.4156,-30.7408,-0.1897,0.1775,0.0517
178496994,0.0084,-0.0015,0.0382,0.0932,0.0265,-0.1764,0.0651,0.1143,0.0823,0.0823,0.5158,0.1618,-3.0022,1.8732,2.7609,19.7629,-20.4083,-30.7256,-0.2249,0.1877,0.0732
178501994,0.0085,-0.0007,-0.0220,0.1341,0.2091,-0.1356,0.0227,0.1371,0.0846,0.0846,0.4499,0.2974,-2.7747,1.4264,3.5339,19.7515,-20.3988,-30.7115,-0.2254,0.1463,0.1031
178506994,0.0079,-0.0003,-0.1619,0.1203,-0.0044,-0.0500,-0.0322,0.0817,0.0857,0.0857,0.2183,0.4093,-1.5780,0.7923,4.5202,19.7407,-20.3953,-30.6847,-0.1901,0.1060,0.1172
178511994,0.0072,0.0001,-0.1243,0.1252,-0.0511,-0.0615,-0.0377,0.0933,0.0866,0.0866,0.1792,0.4393,-1.0962,0.2595,4.3082,19.7363,-20.3933,-30.6672,-0.1471,0.0812,0.1234
178516994,0.0060,0.0005,-0.2150,0.1063,-0.1238,0.0119,-0.0747,0.0484,0.0861,0.0861,-0.0932,0.2360,0.0103,0.5295,2.2033,19.7356,-20.3914,-30.6516,-0.1264,0.0331,0.1113
178521994,0.0052,0.0008,-0.1460,0.0501,-0.0759,-0.0131,-0.0368,0.0411,0.0857,0.0857,-0.0814,0.1318,0.0780,0.2697,1.3239,19.7359,-20.3887,-30.6464,-0.0795,-0.0038,0.0896
178526994,0.0044,0.0007,-0.1524,-0.0614,0.0087,0.0093,0.0164,-0.0248,0.0846,0.0846,-0.2230,0.0311,0.8791,-0.5022,0.6885,19.7400,-20.3904,-30.6416,-0.0388,-0.0196,0.0664
178531994,0.0036,0.0001,-0.1249,-0.0983,-0.0279,0.0068,0.0421,-0.0521,0.0828,0.0828,-0.3625,0.1274,1.3535,-2.7416,0.1587,19.7455,-20.4054,-30.6410,-0.0174,-0.0130,0.0381
178536994,0.0030,-0.0003,-0.0935,-0.0599,-0.0539,-0.0013,0.0324,-0.0373,0.0813,0.0813,-0.3020,-0.0526,2.1186,-0.2513,-0.1564,19.7582,-20.4077,-30.6413,0.0053,-0.0038,-0.0049
178541994,0.0029,-0.0008,0.0034,-0.1029,0.0396,-0.0521,0.0943,-0.0377,0.0806,0.0806,-0.1263,-0.3504,2.2136,2.3595,-0.8179,19.7670,-20.3953,-30.6448,-0.0007,0.0121,-0.0354
178546994,0.0028,-0.0012,0.0089,-0.0858,0.0283,-0.0554,0.0921,-0.0335,0.0811,0.0811,0.0986,-0.3565,0.6165,3.3559,-0.1205,19.7736,-20.3818,-30.6469,0.0027,0.0262,-0.0421
178551994,0.0034,-0.0017,0.1515,-0.1008,0.0222,-0.1511,0.1566,-0.0030,0.0839,0.0839,0.5508,-0.5619,-1.2204,6.1905,0.2682,19.7688,-20.3490,-30.6457,-0.0319,0.0631,-0.0375
178556994,0.0042,-0.0022,0.1723,-0.0538,0.0463,-0.1781,0.1554,0.0280,0.0878,0.0878,0.7931,-0.4026,-4.4234,4.7327,0.2476,19.7457,-20.3292,-30.6441,-0.0527,0.1038,-0.0339
178561994,0.0057,-0.0022,0.2636,0.0263,-0.1089,-0.2300,0.1487,0.1038,0.0916,0.0916,0.7525,-0.1358,-3.1435,3.3417,1.2611,19.7310,-20.3065,-30.6392,-0.1077,0.1494,-0.0048
178566994,0.0065,-0.0018,0.1561,0.0510,-0.0243,-0.2125,0.1081,0.1016,0.0943,0.0943,0.5380,0.0370,-1.3635,2.9766,2.8078,19.7234,-20.2944,-30.6229,-0.1491,0.1595,0.0278
178571994,0.0069,-0.0011,0.0305,0.1524,-0.0108,-0.1452,0.0115,0.1324,0.0963,0.0963,0.3955,0.2500,-1.1265,2.3046,3.5729,19.7188,-20.2802,-30.6087,-0.1869,0.1524,0.0722
178576994,0.0068,-0.0005,0.0067,0.1414,-0.1391,-0.1340,-0.0049,0.1227,0.0979,0.0979,0.3262,0.3332,-0.8800,1.4393,3.9170,19.7135,-20.2741,-30.5846,-0.1927,0.1153,0.0988
178581994,0.0067,0.0005,-0.0272,0.1836,-0.1492,-0.1122,-0.0546,0.1495,0.0988,0.0988,0.1703,0.4504,-0.0737,0.4031,3.8453,19.7131,-20.2711,-30.5692,-0.1537,0.0662,0.1266
178586994,0.0062,0.0012,-0.0797,0.1124,-0.1214,-0.0720,-0.0475,0.1055,0.0989,0.0989,0.0308,0.3068,0.3735,0.3489,2.8571,19.7151,-20.2699,-30.5510,-0.1169,0.0415,0.1321
178591994,0.0058,0.0014,-0.1097,0.0244,-0.0811,-0.0452,-0.0177,0.0535,0.0989,0.0989,-0.0076,0.2351,0.4010,0.1773,2.8938,19.7168,-20.2682,-30.5394,-0.1067,-0.0009,0.1464
178596994,0.0057,0.0011,-0.0754,-0.0651,-0.1021,-0.0629,0.0407,0.0104,0.0984,0.0984,-0.0913,0.1351,0.7473,-0.7190,1.8585,19.7203,-20.2708,-30.5266,-0.0663,-0.0094,0.1093
178601994,0.0053,0.0005,-0.1243,-0.1057,-0.1577,-0.0289,0.0500,-0.0394,0.0972,0.0972,-0.2408,0.1029,1.0402,-1.5992,1.0840,19.7244,-20.2804,-30.5224,-0.0595,-0.0073,0.0653
178606994,0.0048,-0.0002,-0.0947,-0.1023,-0.1180,-0.0360,0.0668,-0.0444,0.0969,0.0969,-0.0540,-0.0857,0.0624,0.4075,0.6239,19.7257,-20.2798,-30.5185,-0.0498,0.0062,0.0404
178611994,0.0042,-0.0009,-0.0806,-0.1252,0.0054,-0.0295,0.0938,-0.0637,0.0973,0.0973,0.0647,-0.3913,0.4129,3.7388,0.3258,19.7271,-20.2602,-30.5172,-0.0360,0.0405,-0.0006
178616994,0.0039,-0.0016,-0.0296,-0.1032,-0.0078,-0.0546,0.1054,-0.0517,0.0983,0.0983,0.2008,-0.6059,0.1780,5.9739,-0.4804,19.7287,-20.2366,-30.5197,-0.0279,0.0415,-0.0201
178621994,0.0039,-0.0023,0.0379,-0.1264,-0.0279,-0.0956,0.1486,-0.0562,0.0995,0.0995,0.2504,-0.5928,-0.0101,5.3544,-0.6347,19.7287,-20.1982,-30.5221,-0.0335,0.1152,-0.0534
178626994,0.0042,-0.0025,0.0666,-0.0507,-0.0826,-0.1189,0.1211,-0.0118,0.1014,0.1014,0.3760,-0.4427,-0.7397,5.2255,0.1934,19.7249,-20.1765,-30.5218,-0.0652,0.1352,-0.0601
178631994,0.0045,-0.0022,0.0754,0.0397,-0.1318,-0.1318,0.0734,0.0431,0.1031,0.1031,0.3432,-0.2245,-0.9205,3.7596,0.3680,19.7215,-20.1536,-30.5203,-0.1065,0.1453,-0.0407
178636994,0.0050,-0.0019,0.1048,0.1090,-0.0414,-0.1547,0.0498,0.1001,0.1052,0.1052,0.4213,-0.0070,-1.2854,2.9842,1.4989,19.7134,-20.1415,-30.5132,-0.1253,0.1231,-0.0219
178641994,0.0053,-0.0010,0.0363,0.2242,0.0069,-0.1189,-0.0389,0.1586,0.1066,0.1066,0.2839,0.3407,-0.8356,1.1699,2.6748,19.7100,-20.1317,-30.5027,-0.1491,0.0854,0.0135
178646994,0.0055,0.0002,-0.0086,0.2306,-0.0163,-0.0968,-0.0733,0.1682,0.1080,0.1080,0.2642,0.5288,-0.8283,0.2873,4.1301,19.7050,-20.1306,-30.4785,-0.1385,0.0618,0.0349
178651994,0.0052,0.0013,-0.0892,0.1988,-0.0569,-0.0457,-0.1020,0.1411,0.1083,0.1083,0.0589,0.4885,-0.1184,-0.3362,3.3951,19.7043,-20.1323,-30.4648,-0.1189,0.0102,0.0956
178656994,0.0049,0.0020,-0.0944,0.1307,-0.0750,-0.0362,-0.0855,0.1130,0.1082,0.1082,-0.0138,0.3917,0.0168,-0.7676,2.5922,19.7047,-20.1351,-30.4486,-0.0844,-0.0239,0.1408
178661994,0.0043,0.0024,-0.0861,0.0525,-0.0679,-0.0305,-0.0544,0.0770,0.1073,0.1073,-0.1795,0.4957,0.2169,-3.6690,2.0267,19.7054,-20.1532,-30.4404,-0.0442,-0.0376,0.1310
178666994,0.0038,0.0024,-0.1048,-0.0327,-0.0838,-0.0100,-0.0215,0.0218,0.1058,0.1058,-0.2957,0.3305,0.7711,-3.6869,0.9793,19.7099,-20.1706,-30.4342,-0.0345,-0.0939,0.1147
178671994,0.0040,0.0019,-0.0027,-0.1063,0.0463,-0.0686,0.0613,0.0126,0.1057,0.1057,-0.0195,-0.1276,0.5447,0.4940,0.2214,19.7125,-20.1712,-30.4332,-0.0135,-0.0631,0.0709
178676994,0.0039,0.0010,0.0250,-0.1692,0.0655,-0.0836,0.1162,-0.0249,0.1061,0.1061,0.0779,-0.3119,0.2679,1.7720,-0.0600,19.7140,-20.1635,-30.4335,-0.0266,-0.0348,0.0466
178681994,0.0043,0.0001,0.1002,-0.1744,-0.0288,-0.1380,0.1543,-0.0196,0.1074,0.1074,0.2571,-0.3933,-0.6944,2.4588,-0.3531,19.7114,-20.1492,-30.4348,-0.0433,0.0153,0.0071
178686994,0.0049,-0.0006,0.1494,-0.1491,0.0393,-0.1754,0.1763,0.0037,0.1096,0.1096,0.4472,-0.5398,-2.2196,3.6095,-1.4145,19.6990,-20.1353,-30.4419,-0.0850,0.0451,-0.0133
178691994,0.0059,-0.0014,0.1814,-0.1161,0.1807,-0.2082,0.1976,0.0315,0.1130,0.1130,0.6738,-0.7097,-2.3576,6.9383,-0.6850,19.6894,-20.0963,-30.4451,-0.1354,0.0565,-0.0087
178696994,0.0070,-0.0020,0.2046,-0.0739,0.2335,-0.2300,0.2041,0.0630,0.1165,0.1165,0.7013,-0.3923,-2.7610,4.8150,0.7284,19.6737,-20.0781,-30.4407,-0.1542,0.1375,0.0016
178701994,0.0077,-0.0021,0.1136,0.0391,0.0118,-0.2080,0.1174,0.0920,0.1192,0.1192,0.5411,0.0131,-2.9385,1.9881,1.6563,19.6618,-20.0637,-30.4342,-0.1976,0.1873,0.0359
178706994,0.0081,-0.0017,0.0272,0.1020,0.0112,-0.1640,0.0571,0.1082,0.1217,0.1217,0.5039,0.1299,-3.2946,1.8338,2.1951,19.6420,-20.0567,-30.4212,-0.2114,0.1934,0.0582
178711994,0.0078,-0.0009,-0.1048,0.1857,0.0625,-0.0789,-0.0376,0.1238,0.1234,0.1234,0.3390,0.2896,-2.7484,1.5224,2.8638,19.6308,-20.0465,-30.4099,-0.2087,0.1514,0.0930
178716994,0.0070,-0.0002,-0.1726,0.1830,0.0686,-0.0255,-0.0738,0.1072,0.1243,0.1243,0.1775,0.3896,-1.7632,0.8026,3.4668,19.6192,-20.0434,-30.3890,-0.1660,0.1095,0.1155
178721994,0.0061,0.0006,-0.1567,0.1652,0.0035,-0.0197,-0.0839,0.1040,0.1247,0.1247,0.0872,0.3698,-1.1822,0.2157,2.8505,19.6144,-20.0426,-30.3773,-0.1228,0.0850,0.1179
178726994,0.0050,0.0013,-0.1915,0.1292,-0.0493,0.0183,-0.0989,0.0748,0.1245,0.1245,-0.0552,0.2121,-0.4452,0.5366,1.6062,19.6109,-20.0404,-30.3670,-0.1010,0.0374,0.1151
178731994,0.0041,0.0017,-0.1762,0.0434,-0.0297,0.0265,-0.0638,0.0338,0.1239,0.1239,-0.1108,0.1194,0.0392,0.2775,1.2573,19.6111,-20.0387,-30.3620,-0.0569,-0.0021,0.0952
178736994,0.0034,0.0016,-0.1381,-0.0467,-0.0282,0.0183,-0.0120,-0.0097,0.1232,0.1232,-0.1481,0.0410,0.4225,-0.2549,0.8750,19.6134,-20.0393,-30.3563,-0.0142,-0.0192,0.0777
178741994,0.0026,0.0010,-0.1326,-0.0819,-0.0340,0.0301,0.0084,-0.0424,0.1214,0.1214,-0.3492,0.1632,1.0229,-2.9635,0.1855,19.6178,-20.0532,-30.3554,0.0040,-0.0274,0.0374
178746994,0.0021,0.0004,-0.0886,-0.0684,-0.0270,0.0130,0.0204,-0.0365,0.1198,0.1198,-0.3314,0.0290,1.9604,-1.3699,-0.1172,19.6287,-20.0615,-30.3559,0.0219,-0.0229,-0.0067
178751994,0.0020,-0.0001,-0.0012,-0.0858,0.0692,-0.0313,0.0652,-0.0259,0.1186,0.1186,-0.2414,-0.2767,2.8157,1.3677,-1.0841,19.6401,-20.0553,-30.3599,0.0191,-0.0023,-0.0273
178756994,0.0021,-0.0008,0.0449,-0.1042,0.0362,-0.0628,0.0996,-0.0326,0.1193,0.1193,0.1541,-0.2948,-0.0726,2.3695,-0.0806,19.6431,-20.0454,-30.3640,0.0236,0.0178,-0.0367
178761994,0.0029,-0.0012,0.2013,-0.0644,-0.0020,-0.1721,0.1384,0.0335,0.1222,0.1222,0.5700,-0.4021,-1.5107,4.7654,0.4286,19.6371,-20.0212,-30.3622,-0.0186,0.0479,-0.0379
178766994,0.0039,-0.0015,0.2285,-0.0822,0.0713,-0.2050,0.1739,0.0393,0.1269,0.1269,0.9526,-0.5294,-4.8579,6.0806,0.3328,19.6122,-19.9949,-30.3594,-0.0506,0.0808,-0.0316
178771994,0.0057,-0.0017,0.3546,-0.0641,0.0222,-0.2300,0.2187,0.0979,0.1320,0.1320,1.0106,-0.3006,-4.6110,4.2132,1.1745,19.5915,-19.9693,-30.3553,-0.1020,0.1443,0.0027
178776994,0.0070,-0.0020,0.2334,-0.0082,0.0133,-0.2300,0.1692,0.0976,0.1353,0.1353,0.6662,0.0299,-2.1235,2.4491,2.9493,19.5775,-19.9598,-30.3398,-0.1567,0.1915,0.0358
178781994,0.0079,-0.0016,0.1319,0.1097,0.0408,-0.2205,0.0819,0.1434,0.1378,0.1378,0.5025,0.1691,-1.5771,2.1635,2.9392,19.5713,-19.9479,-30.3277,-0.1897,0.1966,0.0895
178786994,0.0084,-0.0010,0.0547,0.1451,-0.0841,-0.1890,0.0315,0.1478,0.1401,0.1401,0.4461,0.2976,-1.6707,1.7026,3.6765,19.5617,-19.9408,-30.3071,-0.2067,0.1677,0.1001
178791994,0.0082,0.0001,-0.0580,0.2019,-0.0847,-0.1207,-0.0493,0.1602,0.1417,0.1417,0.3319,0.5293,-1.7704,0.4605,4.6818,19.5547,-19.9367,-30.2885,-0.2104,0.1253,0.1362
178796994,0.0077,0.0010,-0.0977,0.1573,-0.0420,-0.0858,-0.0562,0.1371,0.1428,0.1428,0.2056,0.5267,-0.7723,0.2224,4.9862,19.5488,-19.9361,-30.2580,-0.1729,0.1009,0.1451
178801994,0.0074,0.0015,-0.1032,0.1408,-0.0918,-0.0782,-0.0621,0.1296,0.1436,0.1436,0.1722,0.4305,-0.6383,0.5582,4.2959,19.5463,-19.9333,-30.2406,-0.1507,0.0524,0.1580
178806994,0.0068,0.0019,-0.1258,0.0473,-0.1669,-0.0571,-0.0349,0.0727,0.1438,0.1438,0.0438,0.2046,-0.0801,0.7907,2.8221,19.5456,-19.9303,-30.2220,-0.1079,0.0101,0.1427
178811994,0.0061,0.0017,-0.1197,-0.0525,-0.1663,-0.0480,0.0139,0.0148,0.1437,0.1437,-0.0191,0.0906,0.0928,0.2884,2.1352,19.5461,-19.9274,-30.2137,-0.0642,-0.0070,0.1167
178816994,0.0055,0.0012,-0.1280,-0.1219,-0.1370,-0.0309,0.0496,-0.0346,0.1428,0.1428,-0.1908,0.0631,0.6672,-1.2223,1.1573,19.5488,-19.9320,-30.2052,-0.0533,-0.0131,0.0960
178821994,0.0048,0.0007,-0.1283,-0.1060,-0.0997,-0.0154,0.0437,-0.0398,0.1419,0.1419,-0.1753,-0.0227,0.6203,-0.4400,0.6326,19.5515,-19.9399,-30.2022,-0.0356,-0.0012,0.0508
178826994,0.0043,-0.0001,-0.0761,-0.1283,-0.0029,-0.0341,0.0844,-0.0506,0.1417,0.1417,-0.0526,-0.2896,1.1009,2.3966,0.3288,19.5581,-19.9299,-30.1994,-0.0157,0.0131,0.0277
178831994,0.0041,-0.0007,-0.0165,-0.0837,-0.0099,-0.0656,0.0871,-0.0227,0.1420,0.1420,0.0746,-0.4683,1.0590,4.5434,-0.3938,19.5620,-19.9048,-30.2011,-0.0203,0.0288,-0.0129
178836994,0.0042,-0.0012,0.0458,-0.0672,-0.0539,-0.1067,0.1059,-0.0055,0.1438,0.1438,0.3504,-0.7027,-0.7614,6.7141,-1.4501,19.5597,-19.8782,-30.2097,-0.0375,0.0667,-0.0339
178841994,0.0049,-0.0017,0.1429,-0.1213,-0.0169,-0.1739,0.1759,-0.0040,0.1461,0.1461,0.4605,-0.4289,-1.4916,4.0220,0.0711,19.5536,-19.8519,-30.2096,-0.0811,0.1192,-0.0162
178846994,0.0056,-0.0019,0.1503,0.0165,-0.0597,-0.1942,0.1158,0.0715,0.1484,0.1484,0.4655,-0.0641,-1.6946,2.3334,1.3009,19.5438,-19.8423,-30.2027,-0.1056,0.1325,-0.0133
178851994,0.0067,-0.0017,0.1701,0.0809,-0.0059,-0.2227,0.0969,0.1251,0.1508,0.1508,0.4844,0.0408,-2.0423,1.7148,1.2008,19.5354,-19.8321,-30.1977,-0.1483,0.1328,0.0048
178856994,0.0072,-0.0009,0.0504,0.1839,0.0365,-0.1597,0.0019,0.1620,0.1528,0.1528,0.3876,0.2644,-1.8403,1.3944,2.4359,19.5242,-19.8278,-30.1853,-0.1903,0.1193,0.0249
178861994,0.0075,-0.0002,0.0205,0.1503,0.0726,-0.1469,0.0038,0.1515,0.1547,0.1547,0.3822,0.4069,-2.3676,0.0094,3.3123,19.5148,-19.8260,-30.1713,-0.1956,0.1017,0.0648
178866994,0.0073,0.0005,-0.0073,0.1732,0.0500,-0.1281,-0.0292,0.1632,0.1561,0.1561,0.2830,0.3885,-1.9888,-0.1406,2.6295,19.5020,-19.8265,-30.1544,-0.1601,0.0535,0.1203
178871994,0.0072,0.0014,-0.0202,0.1561,-0.0136,-0.1213,-0.0421,0.1618,0.1570,0.1570,0.1718,0.3673,-1.4682,-0.6893,2.0269,19.4963,-19.8299,-30.1463,-0.1331,0.0113,0.1613
178876994,0.0072,0.0018,0.0000,0.0589,-0.0120,-0.1323,0.0059,0.1249,0.1576,0.1576,0.1365,0.3160,-1.0696,-1.2020,2.1034,19.4896,-19.8347,-30.1335,-0.1246,-0.0124,0.1651
178881994,0.0072,0.0018,-0.0031,-0.0315,-0.0004,-0.1302,0.0514,0.0787,0.1580,0.1580,0.0666,0.3349,-1.2330,-2.8087,1.8955,19.4848,-19.8487,-30.1258,-0.1290,-0.0153,0.1522
178886994,0.0076,0.0014,0.0199,-0.0861,0.0014,-0.1494,0.0962,0.0534,0.1583,0.1583,0.0621,0.2205,-1.6975,-3.1902,0.7399,19.4752,-19.8592,-30.1196,-0.1284,-0.0014,0.1345
178891994,0.0079,0.0008,0.0199,-0.1121,0.0423,-0.1544,0.1246,0.0347,0.1594,0.1594,0.2323,-0.2062,-1.6023,1.3687,0.1582,19.4689,-19.8589,-30.1189,-0.1364,0.0029,0.0918
178896994,0.0079,0.0001,0.0363,-0.1527,0.0787,-0.1642,0.1639,0.0094,0.1614,0.1614,0.3959,-0.4382,-2.2500,3.5875,-0.0791,19.4565,-19.8448,-30.1194,-0.1506,0.0442,0.0444
178901994,0.0082,-0.0009,0.0373,-0.1497,0.0958,-0.1686,0.1823,-0.0026,0.1641,0.1641,0.5447,-0.7275,-2.3886,6.9708,-0.4452,19.4471,-19.8039,-30.1211,-0.1597,0.1184,0.0173
178906994,0.0086,-0.0021,0.1051,-0.1979,0.0946,-0.2155,0.2300,-0.0219,0.1666,0.1666,0.4853,-0.6090,-2.8968,3.9800,-1.3071,19.4299,-19.7896,-30.1281,-0.1636,0.1562,0.0072
178911994,0.0088,-0.0027,0.0370,-0.0580,-0.0212,-0.1844,0.1633,0.0187,0.1681,0.1681,0.3062,-0.3350,-2.5789,2.2008,-1.3662,19.4194,-19.7759,-30.1336,-0.1818,0.1948,-0.0139
178916994,0.0090,-0.0028,-0.0098,0.0183,0.0811,-0.1553,0.1178,0.0468,0.1695,0.1695,0.2827,-0.2890,-3.0984,2.1362,-1.8254,19.4011,-19.7692,-30.1449,-0.1875,0.2055,-0.0137
178921994,0.0087,-0.0021,-0.1014,0.1689,0.1077,-0.0950,0.0014,0.1061,0.1705,0.1705,0.1888,0.0273,-2.4299,1.7121,-0.1111,19.3912,-19.7559,-30.1452,-0.1841,0.1705,0.0070
178926994,0.0079,-0.0012,-0.1881,0.2037,0.1092,-0.0308,-0.0631,0.1066,0.1709,0.1709,0.0788,0.3559,-1.5712,0.4218,2.3820,19.3805,-19.7541,-30.1343,-0.1471,0.1347,0.0364
178931994,0.0068,0.0001,-0.2074,0.2459,0.0457,-0.0010,-0.1240,0.1303,0.1711,0.1711,0.0417,0.5168,-1.1740,-0.1450,3.3444,19.3757,-19.7551,-30.1197,-0.1028,0.0836,0.0949
178936994,0.0056,0.0014,-0.2046,0.2492,-0.0227,0.0159,-0.1588,0.1403,0.1710,0.1710,-0.0092,0.5118,-0.7764,-0.2914,3.0896,19.3710,-19.7562,-30.1013,-0.0807,0.0562,0.1132
178941994,0.0048,0.0023,-0.1588,0.1600,-0.0777,0.0014,-0.1242,0.1138,0.1709,0.1709,-0.0321,0.4306,-0.0870,-0.4196,3.0644,19.3706,-19.7587,-30.0890,-0.0392,0.0085,0.1405
178946994,0.0041,0.0027,-0.1332,0.0455,-0.1079,-0.0012,-0.0717,0.0604,0.1704,0.1704,-0.0998,0.2698,0.7885,-0.2867,2.6019,19.3741,-19.7594,-30.0724,-0.0024,-0.0107,0.1415
178951994,0.0036,0.0025,-0.0996,-0.0568,-0.1593,-0.0127,-0.0149,0.0091,0.1693,0.1693,-0.2145,0.2690,1.1481,-2.2277,1.9626,19.3783,-19.7697,-30.0646,-0.0026,-0.0333,0.1129
178956994,0.0033,0.0023,-0.0672,-0.0709,-0.2130,-0.0281,0.0005,0.0029,0.1685,0.1685,-0.1472,0.2027,0.5806,-2.0690,1.4480,19.3826,-19.7803,-30.0553,-0.0088,-0.0811,0.0680
178961994,0.0034,0.0015,0.0208,-0.1090,-0.0615,-0.0772,0.0667,0.0033,0.1691,0.1691,0.1157,-0.0941,0.0754,1.0342,1.2290,19.3826,-19.7763,-30.0502,-0.0226,-0.0411,0.0262
178966994,0.0038,0.0005,0.1005,-0.1689,0.0442,-0.1264,0.1438,-0.0122,0.1705,0.1705,0.2727,-0.3192,-0.1664,2.7140,0.7871,19.3817,-19.7650,-30.0454,-0.0330,-0.0089,0.0070
178971994,0.0046,-0.0005,0.1286,-0.1723,-0.0585,-0.1630,0.1738,-0.0176,0.1726,0.1726,0.4204,-0.4344,-1.0548,3.8780,0.5132,19.3774,-19.7433,-30.0434,-0.0687,0.0361,-0.0070
178976994,0.0053,-0.0011,0.1042,-0.1478,-0.0575,-0.1615,0.1715,-0.0166,0.1754,0.1754,0.5522,-0.5914,-2.5518,5.2874,-0.4113,19.3632,-19.7264,-30.0443,-0.1112,0.0481,-0.0098
178981994,0.0063,-0.0019,0.1475,-0.1185,0.1327,-0.1970,0.1969,0.0155,0.1784,0.1784,0.6137,-0.5438,-3.0037,4.9204,-0.5442,19.3512,-19.6851,-30.0468,-0.1339,0.1203,-0.0144
178986994,0.0068,-0.0021,0.1035,-0.0733,0.0659,-0.1827,0.1660,0.0244,0.1811,0.1811,0.5271,-0.3008,-3.0093,3.1693,0.2456,19.3326,-19.6667,-30.0459,-0.1760,0.1671,-0.0093
178991994,0.0070,-0.0022,0.0098,0.0086,0.0246,-0.1340,0.0990,0.0379,0.1832,0.1832,0.4355,-0.1010,-3.1858,2.2591,0.8499,19.3200,-19.6581,-30.0428,-0.1852,0.1774,0.0156
178996994,0.0068,-0.0022,-0.0131,0.0275,0.0680,-0.1152,0.0826,0.0405,0.1851,0.1851,0.3820,0.0785,-2.3043,1.7669,2.4282,19.3048,-19.6471,-30.0301,-0.1819,0.1700,0.0200
179001994,0.0062,-0.0018,-0.1362,0.1423,0.0341,-0.0321,-0.0265,0.0625,0.1860,0.1860,0.1711,0.2206,-1.6506,1.2676,2.2787,19.2981,-19.6417,-30.0207,-0.1406,0.1320,0.0388
179006994,0.0054,-0.0011,-0.1252,0.1625,-0.0108,-0.0254,-0.0538,0.0780,0.1862,0.1862,0.0372,0.3050,-0.9325,-0.0407,1.7929,19.2918,-19.6414,-30.0086,-0.0992,0.0852,0.0443
179011994,0.0047,-0.0003,-0.1506,0.1307,-0.0444,0.0011,-0.0654,0.0591,0.1861,0.1861,-0.0242,0.2695,-0.5395,-0.0251,1.7611,19.2896,-19.6415,-30.0017,-0.0770,0.0599,0.0723
179016994,0.0041,0.0001,-0.1506,0.0822,-0.0469,0.0110,-0.0527,0.0363,0.1857,0.1857,-0.0659,0.2364,0.0311,-0.0188,1.9671,19.2889,-19.6416,-29.9898,-0.0339,0.0157,0.0666
179021994,0.0033,0.0002,-0.1304,0.0058,-0.0945,0.0124,-0.0178,-0.0056,0.1851,0.1851,-0.1216,0.1335,0.4512,-0.2728,1.3709,19.2906,-19.6424,-29.9843,0.0058,-0.0196,0.0428
179026994,0.0026,-0.0001,-0.1011,-0.0437,-0.1278,0.0068,0.0122,-0.0338,0.1838,0.1838,-0.2642,0.2146,1.0969,-2.3798,0.9407,19.2966,-19.6536,-29.9783,0.0091,-0.0264,0.0324
179031994,0.0022,-0.0004,-0.0568,-0.0250,-0.1131,-0.0111,0.0176,-0.0196,0.1827,0.1827,-0.2224,0.1644,1.2806,-1.7818,0.6546,19.3017,-19.6628,-29.9754,0.0055,-0.0261,-0.0080
179036994,0.0023,-0.0007,0.0415,-0.0382,0.0081,-0.0652,0.0637,0.0024,0.1827,0.1827,0.0101,-0.2433,0.5789,1.5476,-1.0887,19.3068,-19.6552,-29.9798,-0.0010,-0.0012,-0.0209
179041994,0.0025,-0.0012,0.0883,-0.0916,-0.0007,-0.0988,0.1154,-0.0167,0.1842,0.1842,0.2876,-0.2591,-0.7548,2.5408,0.3903,19.3036,-19.6446,-29.9787,-0.0068,0.0074,-0.0205
179046994,0.0032,-0.0016,0.1646,-0.0443,-0.0218,-0.1581,0.1259,0.0297,0.1878,0.1878,0.7289,-0.2528,-3.2376,4.3856,1.7088,19.2880,-19.6223,-29.9685,-0.0410,0.0433,-0.0165
179051994,0.0046,-0.0021,0.2660,-0.0452,0.0054,-0.2300,0.1786,0.0646,0.1928,0.1928,1.0033,-0.5171,-4.3203,6.9231,0.8614,19.2693,-19.5946,-29.9650,-0.1036,0.1072,0.0059
179056994,0.0058,-0.0026,0.2682,-0.0754,0.0402,-0.2300,0.2150,0.0538,0.1971,0.1971,0.8493,-0.3423,-2.9939,5.1920,1.7704,19.2510,-19.5634,-29.9567,-0.1278,0.1243,0.0207
179061994,0.0068,-0.0030,0.1643,-0.0379,-0.0438,-0.2238,0.1766,0.0421,0.2006,0.2006,0.6930,-0.0363,-2.3618,3.5138,3.5472,19.2417,-19.5494,-29.9430,-0.1695,0.1832,0.0356
179066994,0.0076,-0.0029,0.1249,0.0745,-0.1061,-0.2173,0.1101,0.0949,0.2035,0.2035,0.5787,0.0621,-2.3266,2.8048,2.6545,19.2277,-19.5328,-29.9243,-0.2077,0.1879,0.0555
179071994,0.0075,-0.0021,-0.0519,0.1564,-0.1376,-0.1137,0.0023,0.0955,0.2052,0.2052,0.3484,0.1015,-2.3054,2.5033,1.8037,19.2183,-19.5227,-29.9173,-0.2207,0.1794,0.0588
179076994,0.0071,-0.0013,-0.1374,0.1439,-0.1064,-0.0536,-0.0314,0.0727,0.2062,0.2062,0.1936,0.2001,-1.5238,1.7984,2.5291,19.2085,-19.5108,-29.9041,-0.2112,0.1372,0.0867
179081994,0.0062,-0.0004,-0.1451,0.1933,-0.0972,-0.0324,-0.0814,0.1025,0.2070,0.2070,0.1684,0.3001,-1.2925,1.5083,2.8891,19.2033,-19.5050,-29.8921,-0.1660,0.0908,0.0768
179086994,0.0053,0.0004,-0.1445,0.1567,-0.1336,-0.0180,-0.0845,0.0870,0.2074,0.2074,0.0885,0.2121,-0.8363,1.3983,2.1160,19.1977,-19.4965,-29.8787,-0.1436,0.0683,0.0846
179091994,0.0048,0.0010,-0.1350,0.1005,-0.1351,-0.0135,-0.0682,0.0661,0.2080,0.2080,0.1124,0.2125,-0.6804,1.3502,2.7969,19.1949,-19.4911,-29.8679,-0.1016,0.0261,0.0887
179096994,0.0040,0.0012,-0.1243,0.0480,-0.1324,-0.0051,-0.0494,0.0392,0.2081,0.2081,0.0200,0.1743,-0.1108,0.6801,2.3087,19.1941,-19.4858,-29.8529,-0.0593,-0.0100,0.0875
179101994,0.0033,0.0015,-0.1487,0.0202,-0.1452,0.0208,-0.0528,0.0152,0.2075,0.2075,-0.1199,0.2137,0.0983,-0.8257,1.6636,19.1944,-19.4887,-29.8462,-0.0372,-0.0228,0.0640
179106994,0.0025,0.0016,-0.1429,0.0009,-0.1214,0.0339,-0.0499,0.0020,0.2061,0.2061,-0.2870,0.2996,0.8869,-2.6371,1.2023,19.1981,-19.5057,-29.8390,0.0008,-0.0466,0.0294
179111994,0.0019,0.0013,-0.0910,-0.0165,-0.0291,0.0181,-0.0238,0.0024,0.2050,0.2050,-0.2115,0.0732,1.6871,-0.2329,0.9223,19.2048,-19.5058,-29.8351,0.0243,-0.0625,0.0059
179116994,0.0017,0.0011,-0.0110,-0.0547,0.0512,-0.0220,0.0242,0.0037,0.2040,0.2040,-0.1945,-0.0747,2.6319,0.7143,0.4596,19.2213,-19.5019,-29.8320,0.0186,-0.0564,0.0062
179121994,0.0019,0.0006,0.0644,-0.0996,-0.0307,-0.0732,0.0757,-0.0060,0.2046,0.2046,0.1111,-0.1750,0.1985,1.2026,0.2338,19.2224,-19.4972,-29.8313,0.0213,-0.0179,0.0063
179126994,0.0028,-0.0001,0.2098,-0.1500,-0.0939,-0.1778,0.1622,0.0047,0.2070,0.2070,0.4776,-0.2800,-1.9642,1.8530,0.1812,19.2132,-19.4869,-29.8301,-0.0198,0.0204,0.0054
179131994,0.0037,-0.0007,0.2282,-0.1093,-0.0288,-0.2046,0.1685,0.0327,0.2106,0.2106,0.7214,-0.3122,-3.7901,3.0060,0.3974,19.1983,-19.4753,-29.8287,-0.0393,0.0355,-0.0008
179136994,0.0056,-0.0011,0.3378,-0.0535,0.0723,-0.2300,0.2008,0.1085,0.2163,0.2163,1.1379,-0.4825,-4.7248,6.9403,1.4313,19.1666,-19.4389,-29.8213,-0.1019,0.0587,0.0091
179141994,0.0074,-0.0017,0.3070,-0.0770,0.1566,-0.2300,0.2300,0.0981,0.2211,0.2211,0.9577,-0.3447,-3.2088,5.7547,2.3267,19.1541,-19.4134,-29.8124,-0.1549,0.1403,0.0402
179146994,0.0085,-0.0017,0.1720,0.0159,-0.0007,-0.2300,0.1469,0.1098,0.2244,0.2244,0.6693,0.0029,-2.5732,3.0446,2.8891,19.1384,-19.3919,-29.7942,-0.1719,0.1736,0.0731
179151994,0.0093,-0.0015,0.1176,0.0544,-0.1779,-0.2300,0.1086,0.1176,0.2277,0.2277,0.6591,0.1261,-2.7762,2.7879,3.7244,19.1275,-19.3812,-29.7793,-0.2073,0.1855,0.1021
179156994,0.0096,-0.0009,0.0247,0.1090,-0.0936,-0.1951,0.0501,0.1342,0.2308,0.2308,0.6124,0.3139,-2.9275,2.2918,4.9427,19.1099,-19.3666,-29.7514,-0.2329,0.1425,0.1025
179161994,0.0094,-0.0004,-0.0480,0.1442,-0.0160,-0.1464,0.0048,0.1398,0.2334,0.2334,0.5318,0.4568,-2.7153,1.7223,5.7605,19.0991,-19.3597,-29.7281,-0.2300,0.1203,0.1137
179166994,0.0091,0.0001,-0.0632,0.1451,-0.0682,-0.1322,-0.0136,0.1378,0.2356,0.2356,0.4391,0.4587,-2.5078,1.0627,5.1089,19.0838,-19.3527,-29.6952,-0.1886,0.0759,0.1459
179171994,0.0085,0.0009,-0.1060,0.1335,-0.1858,-0.1023,-0.0418,0.1225,0.2374,0.2374,0.3487,0.3757,-2.3211,1.1779,4.3038,19.0743,-19.3479,-29.6781,-0.1479,0.0291,0.1461
179176994,0.0080,0.0012,-0.1393,0.0476,-0.2096,-0.0739,-0.0184,0.0680,0.2383,0.2383,0.1826,0.2544,-1.4249,0.8240,3.4916,19.0645,-19.3420,-29.6565,-0.1161,0.0106,0.1375
179181994,0.0074,0.0011,-0.1674,-0.0336,-0.1935,-0.0444,0.0107,0.0113,0.2384,0.2384,0.0138,0.1786,-0.7221,-0.0719,2.6622,19.0613,-19.3421,-29.6458,-0.0954,-0.0102,0.1170
179186994,0.0066,0.0007,-0.1573,-0.1054,-0.1925,-0.0346,0.0487,-0.0364,0.2376,0.2376,-0.1429,0.0930,0.0170,-1.0991,1.4532,19.0610,-19.3483,-29.6352,-0.0565,0.0009,0.0968
179191994,0.0058,-0.0001,-0.1148,-0.1323,-0.1929,-0.0459,0.0800,-0.0564,0.2371,0.2371,-0.1165,-0.0485,0.1552,-0.4021,0.6763,19.0616,-19.3507,-29.6326,-0.0389,0.0105,0.0550
179196994,0.0054,-0.0010,-0.0452,-0.1539,-0.2029,-0.0806,0.1228,-0.0657,0.2374,0.2374,0.0674,-0.3384,-0.1225,2.3154,-0.0511,19.0616,-19.3403,-29.6329,-0.0390,0.0358,0.0071
179201994,0.0054,-0.0018,0.0345,-0.1359,-0.1907,-0.1276,0.1516,-0.0461,0.2388,0.2388,0.2825,-0.6060,-0.7136,5.0690,-0.9685,19.0590,-19.3205,-29.6361,-0.0547,0.0635,-0.0267
179206994,0.0059,-0.0027,0.1130,-0.1417,-0.1941,-0.1815,0.1953,-0.0363,0.2409,0.2409,0.4147,-0.6974,-1.8808,5.0504,-2.0917,19.0495,-19.2860,-29.6496,-0.0919,0.1210,-0.0362
179211994,0.0065,-0.0029,0.1170,-0.0632,-0.2735,-0.1981,0.1615,0.0048,0.2435,0.2435,0.5219,-0.4510,-2.4823,4.5188,-0.4631,19.0392,-19.2670,-29.6509,-0.1250,0.1713,-0.0504
179216994,0.0068,-0.0031,0.0693,0.0046,-0.2151,-0.1745,0.1221,0.0275,0.2460,0.2460,0.5072,-0.2303,-3.0155,3.3708,0.3522,19.0216,-19.2460,-29.6492,-0.1672,0.1817,-0.0433
179221994,0.0070,-0.0025,0.0400,0.1720,-0.1840,-0.1595,0.0216,0.1166,0.2483,0.2483,0.4605,0.0693,-2.9994,2.3427,1.0232,19.0121,-19.2365,-29.6458,-0.1803,0.1708,-0.0034
179226994,0.0067,-0.0014,-0.0556,0.2685,-0.1754,-0.0976,-0.0757,0.1529,0.2495,0.2495,0.2364,0.4205,-1.7117,0.5615,2.5194,18.9984,-19.2308,-29.6322,-0.1755,0.1329,0.0276
179231994,0.0061,-0.0002,-0.0889,0.2782,-0.2020,-0.0683,-0.1170,0.1618,0.2506,0.2506,0.2129,0.6043,-1.3600,-0.0990,4.0996,18.9931,-19.2317,-29.6161,-0.1514,0.0791,0.0789
179236994,0.0055,0.0014,-0.1057,0.3057,-0.2411,-0.0477,-0.1684,0.1882,0.2509,0.2509,0.0679,0.5556,-0.8416,-0.5174,2.6979,18.9876,-19.2341,-29.5981,-0.1059,0.0567,0.1091
179241994,0.0049,0.0024,-0.1115,0.1759,-0.3046,-0.0364,-0.1276,0.1287,0.2508,0.2508,-0.0136,0.3890,-0.3729,-0.6541,2.0874,18.9862,-19.2367,-29.5898,-0.0799,0.0112,0.1513
179246994,0.0046,0.0029,-0.0470,0.0709,-0.3062,-0.0687,-0.0658,0.0989,0.2508,0.2508,-0.0081,0.3575,0.0811,-1.3308,2.3573,18.9865,-19.2434,-29.5761,-0.0380,-0.0228,0.1657
179251994,0.0044,0.0029,-0.0556,-0.0147,-0.3556,-0.0619,-0.0297,0.0504,0.2502,0.2502,-0.1133,0.3707,0.1555,-2.9629,1.9912,18.9871,-19.2546,-29.5678,-0.0410,-0.0349,0.1311
179256994,0.0047,0.0028,0.0000,-0.0177,-0.3926,-0.1006,-0.0074,0.0625,0.2505,0.2505,0.0579,0.0912,-0.3608,-0.4165,0.9843,18.9850,-19.2648,-29.5608,-0.0621,-0.0814,0.0926
179261994,0.0049,0.0023,0.0525,-0.1237,-0.1531,-0.1272,0.0818,0.0277,0.2514,0.2514,0.1831,-0.1976,-0.3935,1.5321,0.5852,18.9834,-19.2589,-29.5581,-0.0721,-0.0344,0.0652
179266994,0.0055,0.0014,0.1378,-0.1781,-0.1556,-0.1879,0.1530,0.0169,0.2534,0.2534,0.4003,-0.3108,-1.2289,2.5439,0.8423,18.9772,-19.2430,-29.5541,-0.1125,-0.0148,0.0525
179271994,0.0064,0.0004,0.1949,-0.1665,-0.2909,-0.2300,0.1845,0.0255,0.2560,0.2560,0.5150,-0.3615,-2.1391,2.6790,0.1731,18.9689,-19.2326,-29.5533,-0.1315,0.0303,0.0223
179276994,0.0075,-0.0002,0.1686,-0.0935,-0.1528,-0.2300,0.1646,0.0609,0.2595,0.2595,0.6918,-0.5181,-3.1595,5.3930,-0.0601,18.9505,-19.2042,-29.5540,-0.1772,0.0546,0.0196
179281994,0.0087,-0.0008,0.1842,-0.0965,0.0035,-0.2300,0.1962,0.0714,0.2629,0.2629,0.6868,-0.4282,-3.3574,4.3710,0.1094,18.9399,-19.1839,-29.5534,-0.1993,0.1128,0.0318
179286994,0.0093,-0.0010,0.0828,-0.0305,-0.1476,-0.2252,0.1354,0.0726,0.2657,0.2657,0.5546,-0.0392,-4.1179,1.1943,1.0764,18.9124,-19.1738,-29.5484,-0.2263,0.1661,0.0620
179291994,0.0094,-0.0008,-0.0113,0.0837,-0.1791,-0.1728,0.0463,0.1058,0.2680,0.2680,0.4569,0.1549,-4.2602,0.4995,1.4056,18.8953,-19.1718,-29.5424,-0.2275,0.1610,0.0717
179296994,0.0090,-0.0001,-0.0751,0.1109,-0.1195,-0.1264,0.0018,0.1108,0.2696,0.2696,0.3281,0.2148,-3.7002,0.1253,1.4539,18.8722,-19.1704,-29.5345,-0.2110,0.1399,0.0790
179301994,0.0084,0.0005,-0.1280,0.1778,-0.0899,-0.0822,-0.0628,0.1345,0.2707,0.2707,0.2272,0.3661,-3.0314,-0.2846,2.1330,18.8600,-19.1713,-29.5261,-0.1831,0.0956,0.1046
179306994,0.0075,0.0012,-0.1460,0.1793,-0.1568,-0.0579,-0.0913,0.1311,0.2713,0.2713,0.1082,0.4346,-2.3209,-1.1289,2.1501,18.8481,-19.1764,-29.5123,-0.1458,0.0543,0.1093
179311994,0.0069,0.0020,-0.1445,0.1365,-0.2466,-0.0510,-0.0909,0.1133,0.2714,0.2714,0.0202,0.4064,-1.6562,-1.5555,1.9110,18.8373,-19.1825,-29.5047,-0.1029,0.0335,0.1339
179316994,0.0065,0.0022,-0.1277,0.0296,-0.2616,-0.0535,-0.0385,0.0616,0.2711,0.2711,-0.0634,0.3037,-1.0460,-2.0888,1.4312,18.8330,-19.1946,-29.4953,-0.0833,-0.0089,0.1220
179321994,0.0060,0.0018,-0.1319,-0.0602,-0.2671,-0.0429,0.0065,0.0055,0.2701,0.2701,-0.1996,0.2337,-0.3767,-3.0141,0.7579,18.8303,-19.2063,-29.4927,-0.0554,-0.0246,0.1010
179326994,0.0060,0.0014,-0.0498,-0.1002,-0.2891,-0.0904,0.0560,0.0009,0.2692,0.2692,-0.1829,0.2196,-0.7388,-4.2683,-0.1691,18.8274,-19.2331,-29.4931,-0.0425,-0.0212,0.0788
179331994,0.0060,0.0008,0.0171,-0.1313,-0.1858,-0.1260,0.1055,-0.0011,0.2692,0.2692,0.0056,-0.1316,-0.4103,-0.5348,-0.5418,18.8250,-19.2347,-29.4953,-0.0507,-0.0201,0.0339
179336994,0.0064,-0.0000,0.0953,-0.2007,-0.0041,-0.1734,0.1897,-0.0167,0.2707,0.2707,0.3041,-0.4674,-1.8746,2.1662,-1.2663,18.8179,-19.2238,-29.5019,-0.0790,0.0276,0.0141
179341994,0.0072,-0.0008,0.1509,-0.1768,-0.0832,-0.2243,0.2107,0.0040,0.2736,0.2736,0.5780,-0.5931,-3.5045,3.9286,-1.4271,18.7986,-19.2087,-29.5078,-0.1218,0.0452,-0.0057
179346994,0.0082,-0.0022,0.1885,-0.2404,-0.0282,-0.2300,0.2300,-0.0294,0.2773,0.2773,0.7304,-0.7289,-4.6481,4.5292,-1.7580,18.7799,-19.1749,-29.5177,-0.1420,0.1247,-0.0007
179351994,0.0087,-0.0026,0.1057,-0.1045,-0.0420,-0.2244,0.2052,0.0143,0.2804,0.2804,0.6220,-0.4181,-4.8434,2.9245,-1.1193,18.7500,-19.1639,-29.5224,-0.1926,0.1749,-0.0209
179356994,0.0088,-0.0030,0.0418,-0.0684,-0.0514,-0.1875,0.1735,0.0080,0.2824,0.2824,0.4138,-0.1763,-4.4094,0.4303,-0.9751,18.7330,-19.1599,-29.5274,-0.2245,0.1925,-0.0221
179361994,0.0089,-0.0034,-0.0122,-0.0272,0.1541,-0.1500,0.1509,0.0170,0.2843,0.2843,0.3667,-0.1223,-4.2121,0.6213,-0.6174,18.7067,-19.1580,-29.5301,-0.2218,0.2006,0.0024
179366994,0.0084,-0.0031,-0.1100,0.0935,0.1251,-0.0855,0.0517,0.0483,0.2854,0.2854,0.2259,0.1439,-3.3771,0.0402,0.6794,18.6932,-19.1565,-29.5269,-0.1845,0.1637,0.0015
179371994,0.0079,-0.0025,-0.1506,0.1384,0.0491,-0.0548,-0.0001,0.0606,0.2860,0.2860,0.1145,0.1620,-2.8758,-0.0736,0.2211,18.6758,-19.1570,-29.5257,-0.1370,0.1503,0.0268
179376994,0.0071,-0.0018,-0.1784,0.1191,-0.0010,-0.0255,-0.0194,0.0448,0.2863,0.2863,0.0677,0.1413,-2.6339,-0.0342,0.2444,18.6651,-19.1572,-29.5249,-0.1154,0.1061,0.0597
179381994,0.0062,-0.0013,-0.2282,0.0886,0.0005,0.0209,-0.0343,0.0135,0.2861,0.2861,-0.0413,0.1309,-2.0076,-0.1972,0.3425,18.6520,-19.1578,-29.5233,-0.0753,0.0655,0.0475
179386994,0.0051,-0.0010,-0.2572,0.0547,-0.0178,0.0575,-0.0418,-0.0178,0.2853,0.2853,-0.1582,0.0881,-1.3425,-0.4543,-0.0287,18.6466,-19.1607,-29.5234,-0.0347,0.0442,0.0382
179391994,0.0039,-0.0008,-0.2037,0.0562,-0.0392,0.0473,-0.0425,-0.0093,0.2843,0.2843,-0.2084,0.0608,-0.2864,-0.3676,-0.3101,18.6435,-19.1619,-29.5245,-0.0137,0.0020,0.0015
179396994,0.0029,-0.0006,-0.1665,0.0263,-0.0236,0.0441,-0.0280,-0.0189,0.2826,0.2826,-0.3419,0.0582,0.5506,-1.6077,-1.1996,18.6455,-19.1700,-29.5310,0.0248,-0.0296,-0.0098
179401994,0.0026,-0.0006,-0.0339,-0.0070,-0.0013,-0.0258,0.0252,0.0005,0.2802,0.2802,-0.4680,0.1673,2.6274,-3.3267,-1.0870,18.6602,-19.1832,-29.5353,0.0414,-0.0233,-0.0148
179406994,0.0025,-0.0007,0.0098,0.0009,-0.0227,-0.0507,0.0338,0.0143,0.2789,0.2789,-0.2602,0.1335,0.8378,-3.0199,-1.3192,18.6638,-19.2050,-29.5431,0.0510,-0.0255,-0.0046
179411994,0.0033,-0.0007,0.1713,-0.0321,0.0103,-0.1609,0.1083,0.0538,0.2803,0.2803,0.2847,-0.0051,-1.2662,-0.1763,0.1687,18.6578,-19.2055,-29.5422,0.0092,0.0021,0.0037
179416994,0.0045,-0.0011,0.1921,-0.0425,0.0573,-0.1937,0.1386,0.0617,0.2833,0.2833,0.5946,-0.1086,-2.6808,2.2257,1.3767,18.6470,-19.1945,-29.5355,-0.0310,0.0181,0.0127
179421994,0.0058,-0.0014,0.2107,-0.0608,-0.0044,-0.2300,0.1691,0.0623,0.2885,0.2885,1.0354,-0.1828,-5.5264,4.4397,2.8752,18.6173,-19.1773,-29.5240,-0.0457,0.0504,0.0503
179426994,0.0071,-0.0018,0.2880,-0.0602,-0.0062,-0.2300,0.2091,0.0900,0.2931,0.2931,0.9244,-0.3136,-4.4303,4.2848,1.0289,18.5990,-19.1448,-29.5156,-0.1161,0.1273,0.0673
179431994,0.0077,-0.0019,0.1032,-0.0547,-0.1250,-0.2063,0.1550,0.0369,0.2954,0.2954,0.4594,-0.2681,-2.1807,3.1565,0.4169,18.5821,-19.1315,-29.5142,-0.1723,0.1569,0.0763
179436994,0.0080,-0.0023,0.0183,-0.0727,-0.0966,-0.1608,0.1482,0.0014,0.2968,0.2968,0.2838,-0.1167,-1.3196,1.9184,1.3584,18.5775,-19.1207,-29.5065,-0.1861,0.1755,0.0724
179441994,0.0078,-0.0028,-0.0706,-0.0553,-0.0273,-0.1026,0.1218,-0.0223,0.2975,0.2975,0.1415,-0.0898,-1.2765,1.3063,0.8651,18.5700,-19.1156,-29.5027,-0.1936,0.1518,0.0385
179446994,0.0070,-0.0027,-0.1643,0.0736,-0.0273,-0.0324,0.0198,0.0094,0.2970,0.2970,-0.1036,-0.0514,-0.0308,1.4488,-0.1554,18.5699,-19.1065,-29.5030,-0.1512,0.1464,0.0181
179451994,0.0061,-0.0022,-0.1845,0.0724,-0.0420,-0.0049,-0.0021,0.0021,0.2961,0.2961,-0.1864,-0.0401,0.0669,0.7684,-0.6780,18.5703,-19.1038,-29.5055,-0.1260,0.1170,0.0011
179456994,0.0052,-0.0017,-0.1830,0.0605,0.0148,0.0122,-0.0085,-0.0020,0.2952,0.2952,-0.1773,0.0323,0.0578,0.3011,-0.0600,18.5705,-19.1012,-29.5075,-0.0810,0.0736,0.0092
179461994,0.0047,-0.0016,-0.1313,0.0669,0.0567,-0.0065,-0.0016,0.0146,0.2945,0.2945,-0.1449,0.0753,0.1964,-0.0090,0.0991,18.5713,-19.1011,-29.5070,-0.0397,0.0525,-0.0046
179466994,0.0041,-0.0016,-0.0993,0.0608,0.0552,-0.0148,0.0042,0.0170,0.2938,0.2938,-0.1302,0.1195,0.4756,-0.2463,0.5104,18.5732,-19.1023,-29.5047,-0.0198,0.0086,0.0088
179471994,0.0037,-0.0012,-0.0785,0.0544,0.0625,-0.0186,0.0033,0.0225,0.2932,0.2932,-0.1279,0.2016,0.5610,-0.9355,0.9579,18.5773,-19.1057,-29.5011,-0.0112,0.0045,0.0107
179476994,0.0034,-0.0010,-0.0305,0.0137,0.0631,-0.0421,0.0337,0.0157,0.2936,0.2936,0.0853,0.1560,-0.5078,-0.1335,1.6977,18.5753,-19.1071,-29.4915,-0.0105,0.0006,0.0152
179481994,0.0034,-0.0009,0.0137,0.0211,0.0793,-0.0669,0.0406,0.0355,0.2945,0.2945,0.1873,0.1001,-1.2620,0.1623,1.1782,18.5682,-19.1064,-29.4861,-0.0181,0.0084,0.0232
179486994,0.0035,-0.0011,0.0541,-0.0458,0.0665,-0.0932,0.0915,0.0094,0.2959,0.2959,0.2770,-0.1362,-1.7137,1.3496,0.1877,18.5611,-19.1003,-29.4843,-0.0533,0.0315,0.0236
179491994,0.0037,-0.0014,0.0834,-0.0528,0.0933,-0.1140,0.1112,0.0136,0.2974,0.2974,0.2992,-0.1439,-1.4395,1.5489,0.3782,18.5519,-19.0933,-29.4829,-0.0896,0.0413,0.0307
179496994,0.0042,-0.0018,0.0638,-0.0452,0.0775,-0.1115,0.1123,0.0081,0.2987,0.2987,0.2523,-0.1598,-1.4530,1.3827,-0.0916,18.5461,-19.0856,-29.4832,-0.1025,0.0845,0.0152
179501994,0.0047,-0.0020,0.0538,-0.0434,0.0677,-0.1148,0.1157,0.0070,0.3000,0.3000,0.2606,-0.1930,-1.3719,1.8929,-0.0296,18.5377,-19.0782,-29.4832,-0.1148,0.1105,0.0087
179506994,0.0049,-0.0023,-0.0098,-0.0440,0.0429,-0.0816,0.1020,-0.0154,0.3007,0.3007,0.1433,-0.1740,-0.9269,1.6132,-0.0571,18.5341,-19.0677,-29.4836,-0.1193,0.1174,0.0070
179511994,0.0048,-0.0025,-0.0315,0.0107,0.0411,-0.0679,0.0702,0.0025,0.3011,0.3011,0.0715,-0.0752,-0.5191,1.1792,0.0764,18.5307,-19.0632,-29.4833,-0.1120,0.1132,-0.0071
179516994,0.0044,-0.0024,-0.0831,0.0715,0.0466,-0.0298,0.0191,0.0161,0.3005,0.3005,-0.1030,-0.0424,-0.0071,0.5025,-0.9621,18.5309,-19.0605,-29.4874,-0.0726,0.0904,-0.0119
179521994,0.0044,-0.0021,-0.0574,0.0663,0.0182,-0.0449,0.0226,0.0245,0.3002,0.3002,-0.0616,0.0611,0.0762,0.0631,-0.0031,18.5313,-19.0602,-29.4881,-0.0491,0.0716,0.0031
179526994,0.0043,-0.0016,0.0067,0.0745,0.0695,-0.0787,0.0311,0.0556,0.3001,0.3001,-0.0193,0.2042,0.6495,-0.4746,1.1949,18.5337,-19.0621,-29.4814,-0.0424,0.0275,0.0161
179531994,0.0045,-0.0014,0.0040,0.0602,0.0726,-0.0818,0.0354,0.0548,0.3006,0.3006,0.0877,0.2223,-0.1728,-0.2833,1.8035,18.5338,-19.0636,-29.4743,-0.0538,0.0278,0.0322
179536994,0.0051,-0.0010,0.0983,0.0415,0.0903,-0.1473,0.0733,0.0845,0.3021,0.3021,0.2964,0.1840,-0.9571,0.3313,2.1661,18.5298,-19.0622,-29.4597,-0.0768,0.0290,0.0516
179541994,0.0055,-0.0012,0.0510,0.0131,0.0399,-0.1283,0.0783,0.0547,0.3033,0.3033,0.2391,0.0523,-1.1514,0.6902,1.1954,18.5226,-19.0591,-29.4548,-0.0875,0.0420,0.0769
179546994,0.0061,-0.0011,0.0852,0.0055,0.0396,-0.1600,0.0972,0.0674,0.3047,0.3047,0.2918,-0.0089,-1.1451,1.2472,1.0646,18.5182,-19.0529,-29.4485,-0.1273,0.0738,0.0881
179551994,0.0062,-0.0011,0.0089,-0.0266,0.0429,-0.1178,0.0929,0.0299,0.3056,0.3056,0.1712,-0.1084,-0.8603,1.4723,0.4225,18.5124,-19.0466,-29.4471,-0.1528,0.0795,0.0642
179556994,0.0064,-0.0014,-0.0171,-0.0513,0.0549,-0.1045,0.1038,0.0071,0.3061,0.3061,0.1115,-0.1363,-0.5794,1.3987,0.3083,18.5100,-19.0381,-29.4448,-0.1566,0.0940,0.0604
179561994,0.0061,-0.0017,-0.0874,-0.0263,0.0414,-0.0588,0.0727,-0.0091,0.3060,0.3060,-0.0217,-0.1329,-0.0093,1.4069,0.0393,18.5087,-19.0325,-29.4447,-0.1161,0.1025,0.0177
179566994,0.0061,-0.0018,-0.0510,0.0156,0.0222,-0.0797,0.0625,0.0197,0.3060,0.3060,-0.0039,-0.1247,0.0544,1.4803,-0.3208,18.5089,-19.0237,-29.4460,-0.0852,0.1002,0.0019
179571994,0.0055,-0.0015,-0.0892,0.0614,0.0344,-0.0457,0.0177,0.0319,0.3054,0.3054,-0.1177,-0.0494,0.1912,0.5863,-0.8383,18.5100,-19.0214,-29.4498,-0.0766,0.0720,0.0069
179576994,0.0054,-0.0013,-0.0638,0.0672,0.0802,-0.0572,0.0193,0.0472,0.3052,0.3052,-0.0392,0.1067,-0.0120,0.0080,0.5172,18.5099,-19.0217,-29.4489,-0.0660,0.0495,0.0160
179581994,0.0050,-0.0010,-0.0467,0.0593,0.0921,-0.0599,0.0200,0.0505,0.3054,0.3054,0.0290,0.2235,0.0648,-0.1488,1.9673,18.5103,-19.0221,-29.4409,-0.0552,0.0273,0.0200
179586994,0.0050,-0.0005,-0.0137,0.0589,0.0964,-0.0792,0.0233,0.0670,0.3057,0.3057,0.0682,0.2145,-0.0940,-0.1828,1.8200,18.5099,-19.0239,-29.4272,-0.0586,0.0193,0.0490
179591994,0.0048,-0.0005,-0.0021,0.0131,0.0533,-0.0844,0.0469,0.0437,0.3061,0.3061,0.0699,0.0734,-0.3197,0.0944,0.8709,18.5084,-19.0235,-29.4237,-0.0719,0.0197,0.0711
179596994,0.0048,-0.0005,0.0223,-0.0137,0.0338,-0.0994,0.0670,0.0363,0.3066,0.3066,0.1158,-0.0086,-0.4140,0.5936,0.6608,18.5065,-19.0201,-29.4195,-0.0833,0.0233,0.0634
179601994,0.0051,-0.0009,0.0076,-0.0498,0.0677,-0.0944,0.0904,0.0118,0.3071,0.3071,0.0947,-0.1213,-0.2803,1.1486,0.2310,18.5040,-19.0157,-29.4184,-0.0939,0.0497,0.0406
179606994,0.0054,-0.0011,0.0202,-0.0476,0.0634,-0.1074,0.0987,0.0160,0.3077,0.3077,0.1133,-0.1734,-0.1830,1.6613,0.0472,18.5031,-19.0058,-29.4181,-0.0961,0.0820,0.0384
179611994,0.0055,-0.0015,-0.0122,-0.0394,0.0295,-0.0915,0.0911,0.0038,0.3080,0.3080,0.0620,-0.1778,-0.0595,1.6554,-0.1208,18.5029,-18.9990,-29.4186,-0.1083,0.0936,0.0162
179616994,0.0056,-0.0017,0.0214,0.0086,-0.0001,-0.1140,0.0795,0.0345,0.3084,0.3084,0.0853,-0.0831,-0.0066,1.2936,0.1188,18.5029,-18.9904,-29.4179,-0.1026,0.0950,0.0045
179621994,0.0057,-0.0016,-0.0031,0.0617,0.0225,-0.1012,0.0459,0.0579,0.3086,0.3086,0.0283,0.0077,-0.0083,0.6870,-0.0054,18.5028,-18.9873,-29.4180,-0.1048,0.0856,0.0154
179626994,0.0061,-0.0013,0.0278,0.0779,0.0494,-0.1251,0.0463,0.0846,0.3091,0.3091,0.1144,0.1758,-0.0379,0.2957,1.5595,18.5027,-18.9847,-29.4116,-0.1025,0.0798,0.0326
179631994,0.0060,-0.0007,-0.0095,0.0846,0.0472,-0.1033,0.0224,0.0863,0.3098,0.3098,0.1353,0.3302,-0.0605,-0.0296,3.1354,18.5025,-18.9849,-29.3986,-0.1078,0.0484,0.0606
179636994,0.0061,-0.0002,0.0171,0.0773,0.0316,-0.1203,0.0259,0.0981,0.3106,0.3106,0.1628,0.2550,-0.4295,0.0479,2.3382,18.5009,-18.9849,-29.3832,-0.1121,0.0292,0.0809
179641994,0.0061,0.0000,-0.0260,0.0290,-0.0016,-0.0959,0.0323,0.0634,0.3108,0.3108,0.0370,0.1423,-0.0406,-0.0694,1.3901,18.5005,-18.9851,-29.3775,-0.1197,0.0239,0.0977
179646994,0.0060,0.0001,-0.0052,-0.0082,0.0268,-0.1055,0.0566,0.0520,0.3111,0.3111,0.0556,0.0428,0.0161,0.3630,1.0222,18.5005,-18.9837,-29.3715,-0.1150,0.0275,0.0953
179651994,0.0058,-0.0001,-0.0357,-0.0721,0.0338,-0.0842,0.0825,0.0056,0.3111,0.3111,0.0092,-0.1198,0.0005,0.8065,0.1959,18.5005,-18.9801,-29.3705,-0.1045,0.0441,0.0589
179656994,0.0060,-0.0007,-0.0116,-0.0809,0.0432,-0.1008,0.1049,0.0009,0.3114,0.3114,0.0609,-0.2000,0.0073,1.5783,0.0510,18.5005,-18.9712,-29.3705,-0.0866,0.0539,0.0462
179661994,0.0059,-0.0013,-0.0214,-0.0733,0.0240,-0.0943,0.1066,-0.0095,0.3117,0.3117,0.0604,-0.2233,0.0058,1.8798,-0.0448,18.5006,-18.9634,-29.3707,-0.0901,0.0883,0.0046
179666994,0.0059,-0.0017,-0.0116,-0.0336,0.0112,-0.1012,0.0959,0.0066,0.3119,0.3119,0.0428,-0.2355,0.0059,1.9086,-0.6848,18.5006,-18.9517,-29.3736,-0.0953,0.1072,0.0029
179671994,0.0060,-0.0019,-0.0156,0.0153,0.0130,-0.0995,0.0729,0.0282,0.3121,0.3121,0.0238,-0.1721,-0.0010,1.6409,-0.7657,18.5005,-18.9451,-29.3768,-0.1014,0.1064,-0.0048
179676994,0.0061,-0.0017,-0.0147,0.0675,-0.0062,-0.1027,0.0441,0.0579,0.3124,0.3124,0.0619,0.0717,-0.0267,0.7980,0.8559,18.5005,-18.9394,-29.3753,-0.1001,0.0908,0.0050
179681994,0.0062,-0.0013,-0.0305,0.1038,0.0081,-0.0944,0.0149,0.0804,0.3127,0.3127,0.0719,0.2301,0.0146,0.3416,1.9703,18.5006,-18.9380,-29.3677,-0.1031,0.0610,0.0264
179686994,0.0062,-0.0008,-0.0470,0.1084,0.0243,-0.0841,-0.0005,0.0874,0.3132,0.3132,0.1031,0.3836,-0.0099,-0.1109,3.4356,18.5005,-18.9385,-29.3472,-0.0943,0.0430,0.0512
179691994,0.0060,-0.0005,-0.0312,0.1097,0.0326,-0.0905,-0.0018,0.0961,0.3135,0.3135,0.0510,0.3367,0.0016,-0.5451,2.3791,18.5006,-18.9405,-29.3375,-0.0883,0.0083,0.0960
179696994,0.0061,-0.0001,-0.0238,0.0666,-0.0139,-0.0978,0.0154,0.0808,0.3134,0.3134,-0.0269,0.2032,-0.0035,-0.9158,0.8407,18.5006,-18.9458,-29.3307,-0.0903,-0.0005,0.1071
179701994,0.0061,0.0000,-0.0195,-0.0034,0.0054,-0.0998,0.0514,0.0491,0.3132,0.3132,-0.0285,0.1136,0.0233,-0.8287,0.6751,18.5006,-18.9488,-29.3276,-0.0983,0.0004,0.0873
179706994,0.0060,-0.0002,-0.0324,-0.0745,0.0197,-0.0899,0.0874,0.0048,0.3132,0.3132,-0.0013,-0.0710,0.0356,0.3582,0.4059,18.5007,-18.9485,-29.3251,-0.0997,0.0166,0.0761
179711994,0.0059,-0.0009,-0.0110,-0.0846,0.0555,-0.0988,0.1098,-0.0046,0.3136,0.3136,0.0780,-0.2484,-0.0256,2.0163,-0.0854,18.5005,-18.9406,-29.3256,-0.0906,0.0468,0.0390
179716994,0.0059,-0.0016,0.0122,-0.0858,0.0420,-0.1139,0.1284,-0.0096,0.3143,0.3143,0.1374,-0.3763,0.0057,3.2652,-0.4636,18.5006,-18.9190,-29.3275,-0.0985,0.0791,0.0169
179721994,0.0059,-0.0020,-0.0140,-0.0308,-0.0670,-0.1025,0.0949,-0.0002,0.3146,0.3146,0.0637,-0.3139,-0.0953,2.5894,-1.0468,18.5001,-18.9087,-29.3315,-0.1055,0.1232,-0.0046
179726994,0.0061,-0.0021,-0.0104,0.0104,-0.0554,-0.1070,0.0784,0.0221,0.3149,0.3149,0.0519,-0.2178,-0.1021,2.0583,-0.8732,18.4997,-18.8959,-29.3376,-0.1056,0.1195,-0.0014
179731994,0.0060,-0.0020,-0.0079,0.0678,-0.0319,-0.1064,0.0485,0.0542,0.3152,0.3152,0.0640,0.0008,0.0047,1.2357,0.3785,18.4997,-18.8908,-29.3359,-0.1075,0.1020,0.0066
179736994,0.0059,-0.0015,-0.0330,0.1549,-0.0029,-0.0887,-0.0116,0.1000,0.3155,0.3155,0.0678,0.2988,0.0227,0.2182,2.0742,18.4998,-18.8889,-29.3250,-0.1072,0.0756,0.0175
179741994,0.0055,-0.0008,-0.0415,0.1518,0.0106,-0.0765,-0.0262,0.1040,0.3161,0.3161,0.1052,0.4261,0.0028,-0.1291,3.4046,18.4998,-18.8896,-29.3116,-0.0940,0.0349,0.0533
179746994,0.0054,0.0002,-0.0376,0.1799,-0.0151,-0.0773,-0.0578,0.1333,0.3162,0.3162,0.0320,0.4214,0.0244,-0.7561,2.3532,18.5000,-18.8927,-29.2959,-0.0767,0.0144,0.0903
179751994,0.0054,0.0008,-0.0373,0.0959,-0.0453,-0.0777,-0.0258,0.0983,0.3160,0.3160,-0.0387,0.3444,0.0263,-1.5872,1.6079,18.5001,-18.8990,-29.2896,-0.0767,-0.0218,0.1215
179756994,0.0053,0.0010,-0.0275,0.0082,-0.0365,-0.0804,0.0172,0.0591,0.3152,0.3152,-0.1650,0.4329,-0.0582,-4.3149,1.1380,18.5000,-18.9208,-29.2826,-0.0776,-0.0204,0.1253
179761994,0.0052,0.0007,-0.0525,-0.0409,-0.0359,-0.0651,0.0394,0.0216,0.3142,0.3142,-0.1917,0.2650,-0.0088,-3.5211,0.4059,18.5001,-18.9376,-29.2805,-0.0805,-0.0310,0.0844
179766994,0.0054,0.0003,-0.0079,-0.0702,0.0741,-0.0912,0.0817,0.0180,0.3144,0.3144,0.0412,-0.1704,0.0069,1.1967,-0.0881,18.5001,-18.9339,-29.2810,-0.0742,-0.0090,0.0607
179771994,0.0055,-0.0003,-0.0183,-0.0816,0.0735,-0.0877,0.0943,0.0019,0.3149,0.3149,0.0860,-0.3033,0.0165,2.6012,-0.2452,18.5000,-18.9233,-29.2819,-0.0781,0.0355,0.0202
179776994,0.0058,-0.0008,-0.0034,-0.1045,-0.0172,-0.1044,0.1184,-0.0160,0.3162,0.3162,0.2624,-0.6038,-0.2232,5.9418,-0.4669,18.4992,-18.8925,-29.2853,-0.0854,0.0492,0.0160
179781994,0.0058,-0.0016,0.0367,-0.1075,0.0600,-0.1262,0.1469,-0.0137,0.3174,0.3174,0.2497,-0.5115,-0.6389,4.3291,-0.8592,18.4954,-18.8724,-29.2883,-0.0919,0.1165,-0.0026
179786994,0.0059,-0.0018,0.0000,0.0076,-0.0872,-0.1119,0.0757,0.0261,0.3178,0.3178,0.0693,-0.2989,-0.1858,2.5559,-1.3835,18.4947,-18.8548,-29.2959,-0.1215,0.1506,-0.0094
179791994,0.0061,-0.0012,-0.0086,0.0858,-0.0954,-0.1093,0.0256,0.0726,0.3182,0.3182,0.0914,-0.1097,-0.3928,1.9763,-0.5353,18.4924,-18.8471,-29.2988,-0.1164,0.1548,-0.0041
179796994,0.0059,-0.0003,-0.0464,0.1637,-0.0075,-0.0800,-0.0393,0.1185,0.3186,0.3186,0.0624,0.2087,0.0373,0.9568,1.5419,18.4929,-18.8398,-29.2920,-0.1119,0.1131,0.0129
179801994,0.0056,0.0005,-0.0483,0.1998,-0.0325,-0.0757,-0.0736,0.1455,0.3191,0.3191,0.0992,0.4614,0.1851,0.1399,3.5126,18.4937,-18.8392,-29.2784,-0.0979,0.0672,0.0459
179806994,0.0052,0.0015,-0.0443,0.2388,-0.0743,-0.0725,-0.1146,0.1785,0.3193,0.3193,0.0507,0.5165,0.4472,-0.2852,3.2920,18.4958,-18.8407,-29.2559,-0.0767,0.0433,0.0872
179811994,0.0047,0.0026,-0.1011,0.1826,-0.0756,-0.0302,-0.1238,0.1452,0.3191,0.3191,-0.0404,0.4545,0.4445,-0.6329,2.8683,18.4984,-18.8431,-29.2444,-0.0723,0.0004,0.1364
179816994,0.0042,0.0031,-0.1011,0.0681,-0.0184,-0.0189,-0.0757,0.0925,0.3187,0.3187,-0.0777,0.3856,0.2239,-1.5591,2.5250,18.4994,-18.8507,-29.2285,-0.0591,-0.0343,0.1546
179821994,0.0040,0.0030,-0.0816,-0.0330,-0.0572,-0.0260,-0.0226,0.0419,0.3174,0.3174,-0.2536,0.3765,1.0731,-3.4743,1.7899,18.5038,-18.8642,-29.2213,-0.0252,-0.0463,0.1327
179826994,0.0034,0.0022,-0.1167,-0.1060,-0.1229,0.0024,0.0095,-0.0261,0.3157,0.3157,-0.3404,0.1352,1.7139,-2.3286,0.7730,18.5108,-18.8863,-29.2155,-0.0293,-0.0861,0.1129
179831994,0.0032,0.0011,-0.0397,-0.1817,0.0607,-0.0316,0.0945,-0.0559,0.3152,0.3152,-0.1079,-0.1976,0.9345,0.2753,0.0733,18.5175,-18.8856,-29.2152,-0.0075,-0.0477,0.0671
179836994,0.0031,-0.0000,-0.0153,-0.1701,0.1669,-0.0407,0.1173,-0.0572,0.3151,0.3151,-0.0258,-0.3335,1.1523,2.0834,-0.0131,18.5219,-18.8733,-29.2152,-0.0174,-0.0186,0.0423
179841994,0.0036,-0.0008,0.0492,-0.1573,0.0219,-0.0933,0.1416,-0.0458,0.3160,0.3160,0.1828,-0.3953,-0.3010,2.7165,-0.3410,18.5230,-18.8627,-29.2163,-0.0286,0.0271,-0.0001
179846994,0.0040,-0.0020,0.0455,-0.1885,0.0295,-0.0990,0.1797,-0.0772,0.3176,0.3176,0.3300,-0.8171,-1.0481,6.1609,-1.9166,18.5181,-18.8306,-29.2255,-0.0493,0.0537,-0.0298
179851994,0.0044,-0.0029,0.0770,-0.1350,0.1358,-0.1213,0.1841,-0.0471,0.3189,0.3189,0.2511,-0.6515,-0.7697,4.4902,-2.1482,18.5130,-18.8102,-29.2351,-0.0973,0.1166,-0.0695
179856994,0.0047,-0.0031,0.0223,0.0095,0.0316,-0.0974,0.0950,0.0060,0.3195,0.3195,0.1218,-0.2729,-0.5349,2.3883,-1.2415,18.5102,-18.7926,-29.2430,-0.1093,0.1643,-0.0756
179861994,0.0045,-0.0026,-0.0082,0.1051,0.0494,-0.0751,0.0284,0.0524,0.3201,0.3201,0.1152,-0.0379,-0.5653,1.7284,-0.1078,18.5061,-18.7861,-29.2431,-0.1101,0.1652,-0.0441
179866994,0.0041,-0.0020,-0.0406,0.1326,0.0802,-0.0481,-0.0063,0.0638,0.3203,0.3203,0.0439,0.1130,-0.0092,1.0582,0.8092,18.5061,-18.7786,-29.2400,-0.0808,0.1422,-0.0215
179871994,0.0040,-0.0010,-0.0147,0.2572,0.0365,-0.0636,-0.0810,0.1488,0.3206,0.3206,0.0683,0.3560,0.0660,0.3537,1.6271,18.5066,-18.7771,-29.2334,-0.0695,0.0995,0.0186
179876994,0.0037,0.0002,-0.0302,0.2468,0.0243,-0.0492,-0.1026,0.1546,0.3211,0.3211,0.0938,0.5362,0.2277,-0.2546,3.4723,18.5076,-18.7787,-29.2140,-0.0609,0.0511,0.0574
179881994,0.0037,0.0013,-0.0244,0.2169,0.0109,-0.0533,-0.1048,0.1594,0.3215,0.3215,0.0797,0.4611,0.0064,-0.4076,2.7364,18.5076,-18.7803,-29.2033,-0.0496,0.0288,0.1173
179886994,0.0037,0.0020,-0.0336,0.1115,-0.0520,-0.0500,-0.0668,0.1108,0.3215,0.3215,-0.0040,0.3474,0.2221,-0.9672,2.0677,18.5085,-18.7855,-29.1904,-0.0533,-0.0098,0.1400
179891994,0.0035,0.0023,-0.0531,0.0348,-0.0575,-0.0354,-0.0405,0.0693,0.3211,0.3211,-0.0715,0.3495,0.1212,-2.1062,1.9402,18.5091,-18.7935,-29.1827,-0.0502,-0.0386,0.1517
179896994,0.0029,0.0023,-0.1139,-0.0241,-0.0847,0.0120,-0.0356,0.0138,0.3197,0.3197,-0.2853,0.3738,0.4429,-4.0207,1.0932,18.5109,-18.8189,-29.1748,-0.0408,-0.0438,0.1323
179901994,0.0023,0.0021,-0.0867,-0.0425,0.0194,0.0097,-0.0160,0.0086,0.3188,0.3188,-0.1814,0.0359,0.9676,-0.5917,0.4171,18.5165,-18.8204,-29.1733,-0.0321,-0.0609,0.0918
179906994,0.0018,0.0016,-0.0870,-0.1249,0.1251,0.0226,0.0338,-0.0419,0.3179,0.3179,-0.1887,-0.2009,1.5604,0.9149,-0.0606,18.5226,-18.8143,-29.1738,0.0035,-0.0252,0.0441
179911994,0.0015,0.0008,-0.0541,-0.2007,-0.0123,0.0040,0.0875,-0.0929,0.3167,0.3167,-0.2268,-0.2878,2.1605,0.7960,-0.3225,18.5351,-18.8112,-29.1749,0.0182,-0.0145,0.0029
179916994,0.0017,-0.0004,0.0562,-0.1909,-0.0243,-0.0639,0.1343,-0.0732,0.3157,0.3157,-0.1943,-0.3973,2.7207,1.2579,-1.3938,18.5460,-18.8051,-29.1814,0.0109,0.0224,-0.0129
179921994,0.0019,-0.0011,0.0556,-0.0880,0.0396,-0.0663,0.0986,-0.0277,0.3160,0.3160,0.0541,-0.5439,0.1193,3.0336,-2.8284,18.5508,-18.7933,-29.1928,0.0073,0.0466,-0.0522
179926994,0.0025,-0.0018,0.0999,-0.0993,0.0692,-0.1021,0.1362,-0.0261,0.3182,0.3182,0.4402,-0.6484,-1.1046,6.2155,-0.8410,18.5469,-18.7574,-29.2012,-0.0345,0.0609,-0.0785
179931994,0.0031,-0.0023,0.1164,-0.0434,0.0976,-0.1227,0.1265,0.0076,0.3215,0.3215,0.6606,-0.3381,-4.0703,3.8853,0.0952,18.5256,-18.7427,-29.2003,-0.0485,0.1214,-0.0421
179936994,0.0040,-0.0023,0.1707,0.0635,-0.0450,-0.1752,0.0886,0.0814,0.3239,0.3239,0.4761,-0.0064,-2.0346,1.8153,0.9167,18.5163,-18.7307,-29.1963,-0.1308,0.1407,-0.0189
179941994,0.0045,-0.0014,0.0635,0.1912,0.0561,-0.1179,-0.0127,0.1371,0.3252,0.3252,0.2627,0.2260,-1.0421,0.9507,1.4011,18.5100,-18.7266,-29.1908,-0.1490,0.1371,0.0215
179946994,0.0048,-0.0002,0.0024,0.2459,0.1089,-0.0845,-0.0735,0.1706,0.3263,0.3263,0.2161,0.4758,-0.8854,0.0142,2.9746,18.5061,-18.7255,-29.1756,-0.1555,0.0907,0.0367
179951994,0.0043,0.0006,-0.1368,0.1988,0.0371,0.0032,-0.1112,0.1123,0.3261,0.3261,-0.0345,0.4316,-0.1561,-0.5152,2.4811,18.5036,-18.7274,-29.1648,-0.1159,0.0473,0.0961
179956994,0.0038,0.0015,-0.1362,0.1924,-0.0148,0.0095,-0.1275,0.1163,0.3254,0.3254,-0.1354,0.3953,0.0148,-1.2801,1.3284,18.5039,-18.7345,-29.1557,-0.0683,0.0229,0.1200
179961994,0.0032,0.0023,-0.1203,0.1341,-0.0181,0.0126,-0.1119,0.0972,0.3244,0.3244,-0.2048,0.3218,0.4777,-1.6691,0.7443,18.5058,-18.7410,-29.1531,-0.0474,-0.0173,0.1254
179966994,0.0026,0.0025,-0.0959,0.0327,0.0332,0.0116,-0.0613,0.0536,0.3227,0.3227,-0.3430,0.3663,0.9147,-3.9778,0.3092,18.5092,-18.7609,-29.1513,-0.0086,-0.0434,0.1068
179971994,0.0021,0.0022,-0.0983,-0.0061,-0.0206,0.0200,-0.0445,0.0221,0.3203,0.3203,-0.4798,0.3596,2.1349,-4.4605,0.2394,18.5214,-18.7810,-29.1504,0.0059,-0.0781,0.0779
179976994,0.0022,0.0019,-0.0342,-0.0486,0.0487,-0.0165,0.0048,0.0173,0.3189,0.3189,-0.2882,0.0197,2.3175,-0.9511,-0.0722,18.5306,-18.7894,-29.1504,0.0137,-0.0749,0.0573
179981994,0.0023,0.0014,-0.0202,-0.0877,0.0912,-0.0255,0.0410,-0.0050,0.3180,0.3180,-0.1753,-0.1430,1.8192,0.4454,-0.2644,18.5443,-18.7868,-29.1515,0.0146,-0.0383,0.0181
179986994,0.0026,0.0008,0.0550,-0.1353,0.0069,-0.0791,0.0958,-0.0159,0.3185,0.3185,0.1073,-0.2437,-0.2849,0.9947,-0.3990,18.5427,-18.7816,-29.1536,-0.0108,-0.0135,0.0152
179991994,0.0029,0.0002,0.0672,-0.1573,-0.0013,-0.0935,0.1242,-0.0309,0.3200,0.3200,0.2940,-0.3606,-2.1117,1.7216,-0.8935,18.5318,-18.7748,-29.1574,-0.0186,0.0247,-0.0079
179996994,0.0036,-0.0005,0.0965,-0.0977,0.0787,-0.1201,0.1239,0.0053,0.3228,0.3228,0.5565,-0.6123,-3.7284,4.7021,-1.9157,18.5169,-18.7511,-29.1680,-0.0622,0.0501,-0.0216
180001994,0.0040,-0.0011,0.1048,-0.0767,0.1709,-0.1283,0.1315,0.0166,0.3251,0.3251,0.4568,-0.5682,-1.8967,5.1827,-1.1344,18.5026,-18.7279,-29.1727,-0.1269,0.0943,-0.0182
180006994,0.0044,-0.0009,0.0702,0.0006,0.1654,-0.1153,0.0821,0.0523,0.3265,0.3265,0.2850,-0.1653,-1.1307,2.3260,0.1956,18.4983,-18.7111,-29.1725,-0.1350,0.1527,0.0017
180011994,0.0048,-0.0010,0.0574,0.0260,-0.0294,-0.1224,0.0627,0.0562,0.3274,0.3274,0.1748,0.0287,-0.4256,0.8633,0.9011,18.4946,-18.7083,-29.1692,-0.1244,0.1324,0.0207
180016994,0.0048,-0.0006,-0.0342,0.1304,-0.0151,-0.0683,-0.0242,0.0908,0.3278,0.3278,0.0786,0.2795,-0.3855,-0.0891,1.8306,18.4932,-18.7085,-29.1583,-0.1245,0.1061,0.0377
180021994,0.0045,0.0004,-0.0867,0.2431,0.0393,-0.0304,-0.1131,0.1481,0.3275,0.3275,-0.0459,0.3695,-0.0376,-0.3961,1.2308,18.4921,-18.7099,-29.1535,-0.1192,0.0588,0.0674
180026994,0.0043,0.0015,-0.0816,0.1955,0.0103,-0.0301,-0.1076,0.1390,0.3271,0.3271,-0.0865,0.3881,0.1296,-1.1646,1.3121,18.4927,-18.7163,-29.1460,-0.0761,0.0144,0.1048
180031994,0.0038,0.0023,-0.1145,0.1332,0.0258,-0.0011,-0.1024,0.1065,0.3263,0.3263,-0.1586,0.3686,0.4793,-1.5256,1.5024,18.4958,-18.7223,-29.1400,-0.0350,-0.0044,0.1393
180036994,0.0033,0.0025,-0.0874,0.0159,-0.0395,-0.0100,-0.0457,0.0511,0.3249,0.3249,-0.2784,0.3847,0.9631,-3.5328,1.2074,18.4994,-18.7399,-29.1317,-0.0254,-0.0350,0.1335
180041994,0.0030,0.0025,-0.1142,0.0113,-0.1599,0.0080,-0.0604,0.0339,0.3226,0.3226,-0.4605,0.4209,1.6481,-4.8372,0.4260,18.5086,-18.7606,-29.1300,-0.0136,-0.0819,0.1019
180046994,0.0025,0.0022,-0.0577,-0.0602,-0.0068,-0.0118,0.0005,0.0106,0.3216,0.3216,-0.2082,-0.0018,1.3060,-0.7459,0.0052,18.5139,-18.7675,-29.1301,0.0079,-0.0693,0.0770
180051994,0.0021,0.0017,-0.0583,-0.1142,0.1095,0.0003,0.0368,-0.0244,0.3208,0.3208,-0.1433,-0.1583,1.1684,0.5032,-0.0615,18.5211,-18.7647,-29.1303,0.0023,-0.0645,0.0317
180056994,0.0020,0.0010,-0.0110,-0.1704,0.0344,-0.0282,0.0872,-0.0549,0.3207,0.3207,-0.0380,-0.2892,0.4219,0.8844,-0.6422,18.5232,-18.7603,-29.1334,0.0047,-0.0128,0.0011
180061994,0.0020,0.0000,0.0409,-0.1759,0.0170,-0.0602,0.1210,-0.0589,0.3208,0.3208,0.0201,-0.3967,-0.0324,1.1553,-1.6838,18.5231,-18.7559,-29.1398,-0.0155,0.0082,-0.0308
180066994,0.0024,-0.0007,0.0669,-0.0953,0.0512,-0.0813,0.1050,-0.0177,0.3217,0.3217,0.1857,-0.5530,-1.2853,2.9812,-2.9057,18.5187,-18.7415,-29.1585,-0.0243,0.0388,-0.0470
180071994,0.0031,-0.0014,0.1151,-0.0767,0.1279,-0.1200,0.1294,0.0054,0.3241,0.3241,0.4745,-0.6094,-2.0072,5.4189,-1.4283,18.5056,-18.7201,-29.1643,-0.0717,0.0891,-0.0613
180076994,0.0036,-0.0017,0.0907,-0.0180,0.2235,-0.1114,0.1054,0.0319,0.3260,0.3260,0.3826,-0.2624,-1.5939,3.2273,0.0872,18.4993,-18.6984,-29.1642,-0.1058,0.1172,-0.0392
180081994,0.0040,-0.0015,0.0547,0.0993,0.0222,-0.1046,0.0262,0.0809,0.3273,0.3273,0.2731,0.0571,-1.4133,1.2900,0.7489,18.4914,-18.6932,-29.1617,-0.1157,0.1427,0.0048
180086994,0.0042,-0.0005,-0.0076,0.2150,-0.0270,-0.0728,-0.0662,0.1359,0.3282,0.3282,0.1815,0.3791,-1.1450,-0.0946,2.0161,18.4868,-18.6932,-29.1513,-0.1087,0.0977,0.0344
180091994,0.0040,0.0006,-0.0773,0.2388,0.0790,-0.0246,-0.1136,0.1474,0.3283,0.3283,0.0054,0.4145,-0.1842,-0.3943,1.8665,18.4843,-18.6946,-29.1432,-0.0915,0.0749,0.0886
180096994,0.0035,0.0015,-0.1359,0.2043,0.0026,0.0154,-0.1348,0.1198,0.3277,0.3277,-0.1229,0.4319,0.2742,-1.0453,1.8825,18.4855,-18.7004,-29.1321,-0.0706,0.0301,0.1096
180101994,0.0031,0.0026,-0.1029,0.2022,-0.0924,0.0014,-0.1504,0.1383,0.3267,0.3267,-0.1820,0.4369,1.0163,-1.3746,1.6447,18.4906,-18.7058,-29.1256,-0.0282,-0.0103,0.1327
180106994,0.0025,0.0031,-0.1032,0.0809,-0.1217,0.0112,-0.1039,0.0786,0.3250,0.3250,-0.3464,0.3643,1.7068,-2.8219,0.8207,18.4974,-18.7199,-29.1204,-0.0049,-0.0275,0.1304
180111994,0.0020,0.0033,-0.0925,-0.0006,-0.1409,0.0132,-0.0674,0.0378,0.3227,0.3227,-0.4720,0.4794,2.2959,-5.0134,1.1576,18.5111,-18.7399,-29.1157,0.0034,-0.0649,0.1308
180116994,0.0019,0.0029,-0.0712,-0.0681,0.0527,0.0102,-0.0136,0.0095,0.3209,0.3209,-0.3602,0.1615,2.4367,-2.2595,0.6936,18.5208,-18.7551,-29.1106,0.0094,-0.1094,0.0923
180121994,0.0019,0.0022,-0.0189,-0.1717,0.0680,-0.0200,0.0671,-0.0392,0.3197,0.3197,-0.2347,-0.1507,2.4003,-0.1403,0.1315,18.5363,-18.7548,-29.1102,0.0164,-0.0918,0.0504
180126994,0.0019,0.0009,0.0260,-0.2233,0.0124,-0.0487,0.1244,-0.0742,0.3198,0.3198,0.0164,-0.3254,0.7415,1.2901,-0.0210,18.5396,-18.7472,-29.1103,0.0175,-0.0411,0.0271
180131994,0.0022,-0.0002,0.0901,-0.2251,-0.0609,-0.0951,0.1622,-0.0742,0.3210,0.3210,0.2395,-0.4097,-1.0395,1.8106,-0.5627,18.5355,-18.7398,-29.1124,-0.0212,0.0051,-0.0100
180136994,0.0025,-0.0012,0.0977,-0.1823,0.0533,-0.1015,0.1661,-0.0585,0.3228,0.3228,0.3756,-0.6008,-2.8608,2.9239,-2.4584,18.5245,-18.7247,-29.1243,-0.0516,0.0394,-0.0272
180141994,0.0033,-0.0019,0.1521,-0.0977,0.2549,-0.1412,0.1669,0.0039,0.3253,0.3253,0.4843,-0.6965,-2.4074,5.1418,-2.5573,18.5062,-18.7046,-29.1357,-0.0933,0.0539,-0.0630
180146994,0.0039,-0.0025,0.0925,-0.0693,0.4015,-0.1110,0.1542,0.0033,0.3268,0.3268,0.3018,-0.4390,-1.0869,3.6206,-1.1309,18.5021,-18.6780,-29.1435,-0.1248,0.1327,-0.0532
180151994,0.0041,-0.0023,-0.0089,0.0541,0.1505,-0.0644,0.0511,0.0308,0.3278,0.3278,0.1971,-0.1426,-1.2910,2.2662,-0.2615,18.4941,-18.6711,-29.1448,-0.1205,0.1643,-0.0118
180156994,0.0039,-0.0020,-0.0919,0.1054,-0.0081,-0.0171,-0.0144,0.0306,0.3280,0.3280,0.0482,0.1107,-0.8728,0.6540,0.7230,18.4903,-18.6658,-29.1413,-0.1080,0.1639,0.0043
180161994,0.0031,-0.0009,-0.1255,0.2010,0.0536,0.0187,-0.0947,0.0823,0.3277,0.3277,-0.0647,0.3117,0.0558,0.0209,1.4466,18.4888,-18.6657,-29.1359,-0.0687,0.1155,0.0222
180166994,0.0023,0.0002,-0.1210,0.2214,0.1104,0.0324,-0.1259,0.1062,0.3270,0.3270,-0.1346,0.3378,0.5723,-0.3283,1.1687,18.4909,-18.6671,-29.1278,-0.0259,0.0694,0.0315
180171994,0.0018,0.0013,-0.0944,0.1857,0.0420,0.0238,-0.1241,0.1052,0.3259,0.3259,-0.2131,0.3114,1.6336,-0.4985,1.1189,18.4989,-18.6693,-29.1235,-0.0060,0.0410,0.0750
180176994,0.0017,0.0019,-0.0495,0.1051,-0.0246,-0.0024,-0.0843,0.0838,0.3247,0.3247,-0.2441,0.2701,2.5454,-0.6855,1.4385,18.5089,-18.6736,-29.1154,0.0147,-0.0017,0.1047
180181994,0.0016,0.0023,-0.0461,0.0547,-0.1070,-0.0052,-0.0683,0.0611,0.3231,0.3231,-0.3238,0.2377,3.3111,-0.9621,1.3940,18.5295,-18.6766,-29.1096,0.0060,-0.0206,0.0887
180186994,0.0015,0.0023,-0.0516,-0.0131,-0.2051,-0.0040,-0.0411,0.0214,0.3216,0.3216,-0.2971,0.3471,1.4140,-3.6340,0.9965,18.5352,-18.6958,-29.1036,0.0103,-0.0415,0.0784
180191994,0.0013,0.0021,-0.0137,-0.0541,-0.1568,-0.0214,-0.0051,0.0083,0.3211,0.3211,-0.0940,0.1730,0.5510,-1.8019,1.1178,18.5380,-18.7048,-29.0992,0.0024,-0.0711,0.0480
180196994,0.0016,0.0013,0.0644,-0.1097,0.0775,-0.0638,0.0714,0.0014,0.3217,0.3217,0.1152,-0.1628,0.0869,0.9929,0.3107,18.5384,-18.7029,-29.0957,-0.0140,-0.0422,0.0311
180201994,0.0021,0.0006,0.1350,-0.1289,0.0845,-0.1146,0.1191,0.0053,0.3232,0.3232,0.3004,-0.2936,-0.9294,1.9705,-0.1467,18.5330,-18.6948,-29.0965,-0.0208,-0.0081,0.0065
180206994,0.0030,-0.0001,0.1371,-0.1295,-0.0078,-0.1364,0.1364,-0.0009,0.3251,0.3251,0.3841,-0.3688,-1.2561,3.0305,-0.0436,18.5279,-18.6783,-29.0974,-0.0679,0.0327,0.0047
180211994,0.0038,-0.0008,0.1103,-0.1093,0.1364,-0.1295,0.1419,0.0034,0.3274,0.3274,0.4495,-0.4606,-1.5231,4.5111,-0.0006,18.5191,-18.6638,-29.0973,-0.1121,0.0456,-0.0000
180216994,0.0044,-0.0015,0.0886,-0.1072,0.2125,-0.1249,0.1542,-0.0047,0.3291,0.3291,0.3497,-0.3810,-1.4950,3.1726,-0.3455,18.5132,-18.6334,-29.0993,-0.1287,0.1188,0.0050
180221994,0.0045,-0.0017,-0.0195,-0.0021,0.0396,-0.0696,0.0656,0.0086,0.3297,0.3297,0.1164,-0.1439,-0.7714,1.6529,-0.1681,18.5068,-18.6264,-29.0999,-0.1332,0.1650,-0.0041
180226994,0.0043,-0.0015,-0.0861,0.0648,0.0463,-0.0261,0.0070,0.0245,0.3295,0.3295,-0.0532,-0.0100,-0.4514,0.3961,-0.5663,18.5054,-18.6238,-29.1031,-0.1101,0.1483,-0.0002
180231994,0.0034,-0.0010,-0.1524,0.0971,0.0930,0.0311,-0.0440,0.0237,0.3286,0.3286,-0.1606,0.1049,0.1251,-0.0164,0.0837,18.5057,-18.6238,-29.1028,-0.0875,0.1149,0.0119
180236994,0.0026,-0.0004,-0.1264,0.1158,0.0860,0.0301,-0.0627,0.0426,0.3279,0.3279,-0.1477,0.2007,0.3792,-0.4032,0.6892,18.5073,-18.6254,-29.0985,-0.0445,0.0708,0.0204
180241994,0.0020,0.0002,-0.0944,0.1402,0.0307,0.0211,-0.0831,0.0656,0.3267,0.3267,-0.2329,0.2163,1.4420,-0.5897,0.3894,18.5145,-18.6272,-29.0969,-0.0053,0.0491,0.0422
180246994,0.0017,0.0009,-0.0531,0.1142,-0.0099,0.0014,-0.0736,0.0710,0.3255,0.3255,-0.2543,0.2542,1.9960,-1.1452,0.6561,18.5223,-18.6347,-29.0937,0.0131,0.0108,0.0496
180251994,0.0015,0.0012,-0.0394,0.0409,-0.0117,-0.0032,-0.0398,0.0417,0.3238,0.3238,-0.3255,0.2624,2.8673,-1.7439,1.1047,18.5390,-18.6415,-29.0891,0.0034,-0.0241,0.0682
180256994,0.0013,0.0012,-0.0150,-0.0079,-0.0423,-0.0151,-0.0116,0.0219,0.3225,0.3225,-0.2720,0.3878,1.0146,-4.3899,0.6968,18.5440,-18.6639,-29.0838,0.0121,-0.0223,0.0701
180261994,0.0012,0.0012,0.0137,-0.0260,-0.0404,-0.0315,0.0074,0.0194,0.3221,0.3221,-0.0845,0.1901,-0.1832,-2.6645,0.1124,18.5426,-18.6769,-29.0835,-0.0010,-0.0497,0.0392
180266994,0.0018,0.0007,0.0779,-0.0672,0.1275,-0.0742,0.0681,0.0209,0.3231,0.3231,0.2055,-0.1390,-1.0419,0.8413,-0.0822,18.5390,-18.6753,-29.0839,-0.0192,-0.0170,0.0208
180271994,0.0024,0.0003,0.1246,-0.0932,0.1065,-0.1130,0.1052,0.0201,0.3251,0.3251,0.3919,-0.2155,-2.1794,1.5838,0.0097,18.5264,-18.6697,-29.0840,-0.0505,-0.0020,0.0204
180276994,0.0030,-0.0002,0.0715,-0.0983,0.0075,-0.0963,0.1024,-0.0051,0.3268,0.3268,0.3415,-0.3198,-1.6012,2.8279,-0.0175,18.5202,-18.6543,-29.0839,-0.0764,0.0335,0.0202
180281994,0.0035,-0.0009,0.0721,-0.1072,0.1850,-0.0997,0.1313,-0.0101,0.3290,0.3290,0.4488,-0.5347,-1.5815,5.3602,-0.1309,18.5108,-18.6282,-29.0844,-0.1000,0.0639,0.0095
180286994,0.0037,-0.0017,0.0278,-0.1029,0.1587,-0.0780,0.1284,-0.0320,0.3300,0.3300,0.1908,-0.4088,-0.9905,2.7905,-1.1408,18.5073,-18.6171,-29.0901,-0.1062,0.1373,-0.0009
180291994,0.0036,-0.0019,-0.0556,-0.0192,-0.0465,-0.0353,0.0556,-0.0257,0.3295,0.3295,-0.0968,-0.1666,-0.0347,0.4542,-1.4425,18.5067,-18.6125,-29.0960,-0.0997,0.1506,-0.0126
180296994,0.0034,-0.0018,-0.1020,0.0492,0.0402,0.0007,0.0060,-0.0020,0.3285,0.3285,-0.1912,-0.1001,0.0071,-0.0262,-1.9480,18.5068,-18.6129,-29.1085,-0.0671,0.1275,-0.0253
180301994,0.0024,-0.0014,-0.1875,0.1243,0.1138,0.0718,-0.0699,0.0113,0.3270,0.3270,-0.2999,0.0982,1.0052,-0.0785,-0.4135,18.5107,-18.6132,-29.1102,-0.0286,0.0785,-0.0183
180306994,0.0016,-0.0008,-0.1228,0.1381,0.0713,0.0463,-0.0760,0.0380,0.3258,0.3258,-0.2388,0.2354,1.5121,-0.4065,0.8471,18.5169,-18.6147,-29.1057,-0.0065,0.0606,-0.0025
180311994,0.0011,-0.0002,-0.0706,0.1683,-0.0200,0.0218,-0.0957,0.0716,0.3242,0.3242,-0.3145,0.3668,2.6578,-1.3352,1.2179,18.5306,-18.6221,-29.1008,0.0309,0.0161,0.0172
180316994,0.0009,0.0007,-0.0373,0.1521,-0.0331,0.0060,-0.0947,0.0849,0.3226,0.3226,-0.3343,0.4514,3.5132,-1.7199,2.1303,18.5458,-18.6286,-29.0884,0.0394,-0.0197,0.0307
180321994,0.0010,0.0012,0.0315,0.0568,-0.0514,-0.0385,-0.0323,0.0648,0.3221,0.3221,-0.0890,0.5088,0.3575,-3.8891,1.9222,18.5502,-18.6481,-29.0807,0.0322,-0.0341,0.0801
180326994,0.0013,0.0014,0.0443,0.0211,-0.1324,-0.0536,-0.0152,0.0535,0.3216,0.3216,-0.1035,0.5135,-0.2652,-5.0738,1.2560,18.5486,-18.6701,-29.0722,-0.0019,-0.0812,0.0801
180331994,0.0017,0.0013,0.0437,0.0003,0.0527,-0.0553,0.0096,0.0518,0.3226,0.3226,0.1880,0.0498,-1.5738,-0.2840,0.3516,18.5420,-18.6767,-29.0710,-0.0345,-0.0620,0.0612
180336994,0.0020,0.0009,0.0354,-0.1045,0.1807,-0.0509,0.0746,-0.0028,0.3246,0.3246,0.4069,-0.2203,-3.2199,1.6625,0.1716,18.5284,-18.6694,-29.0704,-0.0417,-0.0330,0.0549
180341994,0.0022,0.0002,0.0192,-0.1677,0.0127,-0.0515,0.1090,-0.0560,0.3254,0.3254,0.1655,-0.3266,-0.6320,2.0178,-0.0240,18.5216,-18.6573,-29.0704,-0.0646,0.0124,0.0415
180346994,0.0024,-0.0010,0.0147,-0.1851,0.0414,-0.0514,0.1381,-0.0819,0.3260,0.3260,0.1138,-0.4895,-0.1001,2.9601,-0.9514,18.5215,-18.6461,-29.0745,-0.0547,0.0428,0.0228
180351994,0.0025,-0.0019,0.0003,-0.1319,0.1101,-0.0411,0.1251,-0.0712,0.3267,0.3267,0.1390,-0.6480,-0.1506,4.7115,-1.9212,18.5202,-18.6164,-29.0823,-0.0535,0.0624,-0.0139
180356994,0.0023,-0.0026,-0.0293,-0.0901,0.0341,-0.0229,0.1012,-0.0744,0.3263,0.3263,-0.0670,-0.5431,-0.0034,2.4895,-3.3360,18.5202,-18.6072,-29.1019,-0.0435,0.1395,-0.0578
180361994,0.0021,-0.0030,-0.0455,-0.0275,-0.0215,-0.0114,0.0660,-0.0570,0.3256,0.3256,-0.1541,-0.2352,0.3705,0.4951,-2.1762,18.5226,-18.6017,-29.1107,-0.0261,0.1255,-0.0863
180366994,0.0019,-0.0029,-0.0357,0.0666,0.1083,-0.0084,0.0223,-0.0013,0.3251,0.3251,-0.0956,0.0599,0.5834,-0.0406,-0.1257,18.5247,-18.6023,-29.1140,-0.0179,0.1065,-0.0835
180371994,0.0016,-0.0020,-0.0809,0.2220,0.1144,0.0235,-0.0861,0.0759,0.3244,0.3244,-0.1356,0.2568,0.5320,-0.2995,0.1477,18.5283,-18.6034,-29.1131,-0.0077,0.0603,-0.0499
180376994,0.0013,-0.0008,-0.0345,0.2291,-0.0078,-0.0028,-0.1026,0.1044,0.3241,0.3241,-0.0710,0.3827,0.4110,-0.9824,0.9926,18.5303,-18.6077,-29.1086,0.0123,0.0205,-0.0286
180381994,0.0012,0.0002,-0.0137,0.1830,0.0237,-0.0118,-0.0897,0.1043,0.3234,0.3234,-0.1342,0.4682,1.1401,-2.0359,1.6327,18.5351,-18.6195,-29.1020,0.0131,0.0009,0.0114
180386994,0.0012,0.0009,0.0134,0.1203,0.0717,-0.0266,-0.0599,0.0948,0.3230,0.3230,-0.0717,0.5834,0.8311,-3.0937,2.8601,18.5389,-18.6315,-29.0854,-0.0076,-0.0341,0.0537
180391994,0.0013,0.0017,0.0403,0.1295,0.0533,-0.0444,-0.0685,0.1191,0.3226,0.3226,-0.0913,0.7427,-0.9027,-6.3057,1.5763,18.5352,-18.6665,-29.0791,-0.0164,-0.0556,0.1069
180396994,0.0014,0.0021,0.0153,0.0611,0.0283,-0.0338,-0.0464,0.0834,0.3230,0.3230,0.0824,0.3123,-1.9632,-2.8258,0.4012,18.5277,-18.6777,-29.0758,-0.0210,-0.0848,0.1140
180401994,0.0017,0.0017,0.0730,-0.1063,0.1373,-0.0687,0.0700,0.0146,0.3242,0.3242,0.2431,-0.1034,-1.7773,0.0993,0.1358,18.5148,-18.6781,-29.0752,-0.0407,-0.0791,0.1123
180406994,0.0017,0.0008,0.0302,-0.1918,0.1248,-0.0448,0.1143,-0.0550,0.3244,0.3244,0.0358,-0.2087,-0.0848,0.0861,-0.1314,18.5149,-18.6777,-29.0758,-0.0615,-0.0336,0.0887
180411994,0.0021,-0.0006,0.0782,-0.2422,0.0530,-0.0815,0.1770,-0.0893,0.3251,0.3251,0.1511,-0.3387,-0.9481,0.4845,-0.7571,18.5116,-18.6757,-29.0786,-0.0604,-0.0110,0.0480
180416994,0.0022,-0.0015,-0.0064,-0.1756,0.0564,-0.0348,0.1339,-0.0925,0.3251,0.3251,-0.0086,-0.4184,-0.2042,1.3320,-1.7900,18.5105,-18.6703,-29.0886,-0.0619,0.0238,0.0069
180421994,0.0025,-0.0023,0.0061,-0.1469,0.1508,-0.0438,0.1430,-0.0817,0.3258,0.3258,0.1381,-0.6520,-0.6223,4.0956,-2.3983,18.5077,-18.6500,-29.0979,-0.0609,0.0499,-0.0303
180426994,0.0023,-0.0033,-0.0315,-0.1668,0.2012,-0.0152,0.1586,-0.1201,0.3260,0.3260,0.0335,-0.7773,-0.0448,4.6043,-3.2442,18.5075,-18.6291,-29.1185,-0.0466,0.0932,-0.0543
180431994,0.0022,-0.0038,-0.0336,-0.0388,0.0558,-0.0183,0.0929,-0.0682,0.3259,0.3259,-0.0200,-0.3883,-0.0312,2.3678,-2.1259,18.5073,-18.6143,-29.1272,-0.0317,0.1520,-0.1060
180436994,0.0020,-0.0040,-0.0418,0.0116,-0.0065,-0.0112,0.0628,-0.0523,0.3256,0.3256,-0.0572,-0.2016,0.3321,1.5323,-1.2086,18.5087,-18.6085,-29.1350,-0.0173,0.1540,-0.1215
180441994,0.0019,-0.0036,-0.0217,0.1307,0.0677,-0.0184,0.0035,0.0228,0.3254,0.3254,-0.0259,0.0674,0.0679,0.4280,-0.3856,18.5090,-18.6044,-29.1369,-0.0116,0.1318,-0.0827
180446994,0.0017,-0.0026,-0.0223,0.2361,0.0723,-0.0151,-0.0664,0.0899,0.3253,0.3253,-0.0277,0.2653,0.1583,-0.0896,0.2864,18.5098,-18.6046,-29.1354,-0.0169,0.0837,-0.0451
180451994,0.0017,-0.0018,-0.0116,0.2306,0.0607,-0.0215,-0.0754,0.1040,0.3254,0.3254,0.0149,0.3378,-0.1649,-0.5586,0.8193,18.5088,-18.6076,-29.1322,-0.0154,0.0405,-0.0038
180456994,0.0017,-0.0006,0.0021,0.2007,0.0179,-0.0314,-0.0762,0.1096,0.3256,0.3256,0.0533,0.4445,-0.0336,-1.0316,2.1044,18.5088,-18.6121,-29.1210,-0.0173,0.0182,0.0137
180461994,0.0019,0.0003,0.0192,0.1545,-0.0020,-0.0457,-0.0615,0.1069,0.3261,0.3261,0.0991,0.5558,-0.2339,-1.9252,3.2353,18.5073,-18.6227,-29.1079,-0.0273,-0.0192,0.0604
180466994,0.0019,0.0010,0.0214,0.1185,-0.0016,-0.0475,-0.0535,0.1008,0.3260,0.3260,-0.0340,0.5083,-0.4589,-3.5799,1.4305,18.5057,-18.6364,-29.0975,-0.0417,-0.0380,0.0951
180471994,0.0022,0.0013,0.0116,0.0556,-0.0508,-0.0481,-0.0292,0.0714,0.3253,0.3253,-0.1330,0.4697,-0.0721,-4.3417,0.9803,18.5035,-18.6678,-29.0935,-0.0512,-0.0473,0.1119
180476994,0.0020,0.0013,-0.0269,-0.0220,0.1040,-0.0163,0.0040,0.0243,0.3249,0.3249,-0.0900,0.0945,0.0342,-1.4170,0.0798,18.5037,-18.6727,-29.0923,-0.0491,-0.0722,0.0941
180481994,0.0020,0.0007,-0.0296,-0.1423,0.1752,-0.0117,0.0768,-0.0448,0.3248,0.3248,-0.0120,-0.1916,0.0538,0.5665,-0.0661,18.5037,-18.6684,-29.0927,-0.0299,-0.0227,0.0542
180486994,0.0017,-0.0002,-0.0315,-0.2065,0.0124,-0.0126,0.1152,-0.1011,0.3245,0.3245,-0.0638,-0.3528,0.4371,1.0181,-0.8633,18.5051,-18.6645,-29.0965,-0.0159,-0.0000,0.0351
180491994,0.0017,-0.0013,-0.0128,-0.2434,-0.0288,-0.0239,0.1548,-0.1342,0.3246,0.3246,0.0151,-0.5621,0.1685,2.5286,-1.5683,18.5079,-18.6521,-29.1029,-0.0105,0.0351,-0.0038
180496994,0.0017,-0.0023,0.0128,-0.1668,0.0692,-0.0359,0.1456,-0.1017,0.3250,0.3250,0.0993,-0.7865,-0.0118,4.9358,-3.0308,18.5079,-18.6329,-29.1189,-0.0213,0.0643,-0.0241
180501994,0.0019,-0.0034,0.0278,-0.1671,0.0958,-0.0471,0.1698,-0.1116,0.3255,0.3255,0.0909,-0.6714,-0.1212,3.8246,-2.6592,18.5071,-18.6046,-29.1307,-0.0339,0.1224,-0.0776
180506994,0.0021,-0.0036,0.0040,0.0015,-0.0029,-0.0410,0.0772,-0.0365,0.3259,0.3259,0.0709,-0.3105,-0.1238,2.6282,-1.3833,18.5065,-18.5939,-29.1399,-0.0474,0.1695,-0.1215
180511994,0.0021,-0.0037,-0.0458,0.0235,-0.0148,-0.0115,0.0514,-0.0416,0.3260,0.3260,0.0309,-0.1768,-0.1581,1.9852,-0.5897,18.5051,-18.5823,-29.1423,-0.0434,0.1621,-0.1025
180516994,0.0019,-0.0030,-0.0602,0.1741,0.0194,0.0013,-0.0399,0.0408,0.3259,0.3259,-0.0157,0.0848,0.1145,1.1852,0.0376,18.5056,-18.5773,-29.1420,-0.0363,0.1418,-0.0762
180521994,0.0015,-0.0022,-0.0489,0.2126,0.0029,0.0008,-0.0740,0.0736,0.3254,0.3254,-0.1049,0.2477,0.8916,0.0433,0.4952,18.5097,-18.5750,-29.1401,-0.0065,0.1001,-0.0350
180526994,0.0012,-0.0010,-0.0571,0.2193,-0.0099,0.0123,-0.1029,0.0894,0.3248,0.3248,-0.1181,0.3767,1.3251,-0.3652,1.6600,18.5151,-18.5765,-29.1311,-0.0009,0.0522,-0.0145
180531994,0.0010,0.0001,-0.0312,0.1881,-0.0508,-0.0019,-0.0996,0.0956,0.3247,0.3247,-0.0315,0.4386,0.8828,-0.7321,2.4896,18.5206,-18.5806,-29.1214,0.0121,0.0296,0.0246
180536994,0.0011,0.0010,0.0104,0.1536,-0.0548,-0.0281,-0.0837,0.1055,0.3245,0.3245,-0.0307,0.4672,1.3251,-1.1501,2.8832,18.5259,-18.5854,-29.1014,-0.0010,-0.0103,0.0808
180541994,0.0011,0.0016,-0.0031,0.1035,-0.1101,-0.0227,-0.0747,0.0846,0.3241,0.3241,-0.0889,0.4689,0.5707,-2.7338,1.9637,18.5311,-18.5989,-29.0938,-0.0163,-0.0402,0.1132
180546994,0.0012,0.0018,0.0095,-0.0009,-0.1950,-0.0340,-0.0233,0.0348,0.3235,0.3235,-0.1123,0.4845,-0.4972,-4.9699,1.2698,18.5293,-18.6185,-29.0851,-0.0125,-0.0495,0.1062
180551994,0.0011,0.0017,0.0162,-0.0082,-0.0939,-0.0329,-0.0126,0.0346,0.3235,0.3235,-0.0083,0.1992,-0.4029,-2.0074,0.6590,18.5224,-18.6341,-29.0825,-0.0309,-0.0826,0.0767
180556994,0.0012,0.0009,0.0354,-0.1817,0.1666,-0.0354,0.1058,-0.0510,0.3237,0.3237,0.0503,-0.2379,0.1086,0.6344,-0.0873,18.5232,-18.6314,-29.0816,-0.0377,-0.0401,0.0574
180561994,0.0011,-0.0002,0.0180,-0.2132,0.1028,-0.0267,0.1303,-0.0916,0.3240,0.3240,0.0621,-0.3223,0.0287,1.2214,-0.1815,18.5241,-18.6241,-29.0825,-0.0330,-0.0185,0.0287
180566994,0.0013,-0.0013,0.0718,-0.2162,-0.0420,-0.0673,0.1624,-0.1000,0.3245,0.3245,0.1050,-0.4437,-0.2587,1.5740,-1.3507,18.5228,-18.6180,-29.0885,-0.0256,0.0236,-0.0046
180571994,0.0017,-0.0022,0.0418,-0.1405,0.0463,-0.0538,0.1374,-0.0782,0.3253,0.3253,0.1438,-0.7003,-0.2668,4.4685,-2.7284,18.5214,-18.5959,-29.0991,-0.0458,0.0473,-0.0381
180576994,0.0020,-0.0031,0.0199,-0.1625,0.1618,-0.0425,0.1637,-0.1024,0.3259,0.3259,0.1337,-0.7471,-0.6929,4.3330,-3.1835,18.5189,-18.5756,-29.1214,-0.0536,0.0993,-0.0705
180581994,0.0017,-0.0035,-0.0269,-0.0437,0.1089,-0.0120,0.0903,-0.0656,0.3260,0.3260,0.0215,-0.3499,-0.3879,2.1192,-1.8187,18.5156,-18.5614,-29.1284,-0.0492,0.1524,-0.1026
180586994,0.0015,-0.0036,-0.0379,0.0263,0.0729,-0.0032,0.0497,-0.0381,0.3261,0.3261,0.0075,-0.1516,-0.2978,1.3505,-0.9363,18.5145,-18.5566,-29.1348,-0.0272,0.1550,-0.1101
180591994,0.0014,-0.0032,-0.0131,0.1164,0.0487,-0.0153,0.0023,0.0186,0.3260,0.3260,-0.0198,0.0625,0.2883,0.5608,-0.1311,18.5152,-18.5520,-29.1354,-0.0072,0.1337,-0.0706
180596994,0.0011,-0.0024,-0.0214,0.1988,-0.0026,-0.0077,-0.0599,0.0672,0.3256,0.3256,-0.0729,0.2405,0.7045,-0.1366,0.3993,18.5180,-18.5528,-29.1336,-0.0146,0.0864,-0.0291
180601994,0.0010,-0.0013,-0.0113,0.1790,-0.0172,-0.0133,-0.0644,0.0757,0.3258,0.3258,0.0315,0.3168,-0.1512,-0.5608,1.2111,18.5178,-18.5564,-29.1290,-0.0053,0.0427,0.0074
180606994,0.0011,-0.0005,-0.0144,0.1481,0.0066,-0.0110,-0.0627,0.0745,0.3261,0.3261,0.0709,0.4485,0.0144,-0.9670,2.8957,18.5179,-18.5607,-29.1141,-0.0127,0.0204,0.0267
180611994,0.0013,0.0002,0.0177,0.1252,0.0048,-0.0348,-0.0505,0.0858,0.3265,0.3265,0.0759,0.5066,-0.0344,-1.8392,3.0654,18.5176,-18.5707,-29.1004,-0.0109,-0.0186,0.0787
180616994,0.0014,0.0003,-0.0348,0.0293,-0.0942,-0.0083,-0.0220,0.0194,0.3259,0.3259,-0.1273,0.3601,-0.0540,-3.2101,1.0423,18.5176,-18.5830,-29.0923,-0.0239,-0.0312,0.0903
180621994,0.0014,0.0004,-0.0290,-0.0003,-0.1238,-0.0127,-0.0082,0.0065,0.3252,0.3252,-0.1379,0.3262,-0.3923,-3.7028,0.4935,18.5159,-18.6098,-29.0904,-0.0181,-0.0368,0.0878
180626994,0.0011,0.0001,-0.0308,-0.0583,0.0240,-0.0004,0.0288,-0.0257,0.3246,0.3246,-0.1212,-0.0126,0.6443,-0.6558,-0.0677,18.5197,-18.6118,-29.0906,-0.0170,-0.0380,0.0398
180631994,0.0011,-0.0004,-0.0116,-0.1371,0.1321,-0.0077,0.0879,-0.0649,0.3244,0.3244,-0.0358,-0.2595,0.6308,1.1485,-0.4243,18.5220,-18.6050,-29.0922,-0.0013,-0.0037,0.0006
180636994,0.0009,-0.0014,-0.0104,-0.2068,-0.0068,-0.0107,0.1323,-0.1224,0.3240,0.3240,-0.0877,-0.5046,0.7128,1.7663,-2.0624,18.5263,-18.5984,-29.1024,-0.0052,0.0187,-0.0165
180641994,0.0010,-0.0026,0.0357,-0.1924,0.0243,-0.0391,0.1610,-0.1191,0.3245,0.3245,0.1063,-0.8515,-0.1263,4.8975,-3.5763,18.5257,-18.5737,-29.1167,-0.0055,0.0453,-0.0560
180646995,0.0011,-0.0035,0.0373,-0.1460,0.1120,-0.0385,0.1567,-0.1052,0.3254,0.3254,0.1762,-0.6546,-0.4528,4.3661,-2.1728,18.5223,-18.5535,-29.1320,-0.0201,0.1218,-0.0893
180651994,0.0012,-0.0033,0.0244,0.0140,0.0704,-0.0341,0.0671,-0.0248,0.3261,0.3261,0.1479,-0.2946,-0.9974,2.3614,-1.6071,18.5181,-18.5373,-29.1387,-0.0375,0.1478,-0.1207
180656994,0.0012,-0.0030,0.0113,0.0461,0.0448,-0.0273,0.0400,-0.0075,0.3267,0.3267,0.1151,-0.1422,-0.4573,1.9091,-0.5112,18.5140,-18.5299,-29.1426,-0.0376,0.1576,-0.1004
180661994,0.0012,-0.0026,0.0064,0.1145,0.0637,-0.0241,-0.0006,0.0321,0.3270,0.3270,0.0613,0.0575,-0.2202,0.7588,0.0253,18.5130,-18.5236,-29.1425,-0.0318,0.1160,-0.0533
180666994,0.0012,-0.0021,-0.0058,0.1613,0.0020,-0.0178,-0.0403,0.0583,0.3271,0.3271,0.0144,0.2178,0.0144,-0.1243,0.6033,18.5132,-18.5243,-29.1399,-0.0251,0.0934,-0.0333
180671994,0.0011,-0.0009,-0.0040,0.2022,0.0042,-0.0180,-0.0792,0.0977,0.3272,0.3272,0.0196,0.3723,-0.0194,-0.8501,1.3372,18.5132,-18.5289,-29.1345,-0.0194,0.0481,0.0060
180676994,0.0013,-0.0001,0.0040,0.1329,0.0008,-0.0253,-0.0535,0.0789,0.3275,0.3275,0.0693,0.4719,0.0662,-1.3864,2.9740,18.5138,-18.5346,-29.1192,-0.0173,0.0049,0.0211
180681994,0.0015,0.0002,-0.0061,0.0831,0.0002,-0.0230,-0.0350,0.0580,0.3277,0.3277,0.0290,0.4753,-0.1161,-2.2474,2.7961,18.5134,-18.5470,-29.1067,-0.0242,-0.0143,0.0790
180686994,0.0017,0.0001,0.0018,-0.0018,-0.0893,-0.0347,0.0107,0.0137,0.3270,0.3270,-0.1333,0.3696,-0.0376,-3.9290,0.8452,18.5125,-18.5621,-29.0993,-0.0240,-0.0272,0.0810
180691994,0.0018,-0.0002,-0.0131,-0.0388,-0.1040,-0.0295,0.0314,-0.0140,0.3263,0.3263,-0.1319,0.1519,0.1392,-2.4079,0.0418,18.5132,-18.5841,-29.0997,-0.0332,-0.0437,0.0435
180696994,0.0021,-0.0008,-0.0034,-0.0919,0.0778,-0.0324,0.0793,-0.0379,0.3262,0.3262,-0.0281,-0.1197,0.0801,-0.0163,-0.3737,18.5137,-18.5835,-29.1012,-0.0291,-0.0222,0.0198
180701994,0.0023,-0.0017,0.0140,-0.1411,0.1245,-0.0455,0.1287,-0.0688,0.3265,0.3265,0.0546,-0.4270,0.0612,2.3503,-1.3245,18.5140,-18.5714,-29.1063,-0.0317,0.0228,-0.0156
180706994,0.0025,-0.0023,-0.0064,-0.1402,0.0182,-0.0406,0.1307,-0.0880,0.3269,0.3269,0.0844,-0.7412,-0.4530,4.4227,-3.3046,18.5124,-18.5543,-29.1240,-0.0405,0.0531,-0.0241
180711994,0.0028,-0.0032,0.0244,-0.1900,0.0698,-0.0626,0.1839,-0.1132,0.3275,0.3275,0.1205,-0.7155,-0.6226,3.8255,-2.9308,18.5097,-18.5242,-29.1364,-0.0406,0.1132,-0.0763
180716994,0.0025,-0.0034,-0.0327,-0.0388,0.0213,-0.0248,0.0886,-0.0613,0.3276,0.3276,0.0241,-0.3772,-0.0874,2.7214,-1.6288,18.5077,-18.5128,-29.1477,-0.0507,0.1584,-0.1127
180721994,0.0022,-0.0034,-0.0137,0.0434,0.0335,-0.0315,0.0494,-0.0140,0.3279,0.3279,0.0564,-0.1759,-0.4898,1.7006,-1.1189,18.5060,-18.5031,-29.1518,-0.0485,0.1585,-0.1024
180726994,0.0020,-0.0028,-0.0049,0.1249,0.0875,-0.0311,0.0022,0.0391,0.3281,0.3281,0.0353,0.0415,0.0691,1.0535,-0.0176,18.5055,-18.4985,-29.1528,-0.0326,0.1378,-0.0815
180731994,0.0023,-0.0023,0.0400,0.1683,0.0292,-0.0639,-0.0164,0.0836,0.3283,0.3283,0.0439,0.2058,0.0157,-0.1823,0.3005,18.5056,-18.4986,-29.1517,-0.0312,0.0941,-0.0354
180736995,0.0023,-0.0013,0.0217,0.1692,-0.0047,-0.0551,-0.0386,0.0931,0.3287,0.3287,0.0742,0.3274,-0.2304,-0.6628,1.3720,18.5047,-18.5012,-29.1443,-0.0428,0.0491,-0.0189
180741994,0.0025,-0.0006,0.0058,0.1319,-0.0212,-0.0505,-0.0346,0.0827,0.3291,0.3291,0.0794,0.4079,-0.4558,-1.4097,2.1383,18.5026,-18.5089,-29.1360,-0.0544,0.0273,0.0250
180746994,0.0028,-0.0001,0.0156,0.0852,0.0316,-0.0587,-0.0121,0.0744,0.3295,0.3295,0.0827,0.4559,-0.3205,-1.9558,2.8104,18.5000,-18.5167,-29.1173,-0.0533,-0.0132,0.0772
180751994,0.0030,0.0002,-0.0058,0.0761,0.0093,-0.0501,-0.0177,0.0689,0.3290,0.3290,-0.0829,0.4461,-0.1315,-3.3677,1.3876,18.4995,-18.5346,-29.1116,-0.0585,-0.0090,0.0899
180756994,0.0028,0.0001,-0.0238,-0.0531,-0.0942,-0.0404,0.0396,-0.0101,0.3282,0.3282,-0.1775,0.2150,-0.0058,-3.4393,0.0049,18.4993,-18.5490,-29.1110,-0.0513,-0.0105,0.0831
180761994,0.0026,-0.0002,-0.0272,-0.0663,0.0023,-0.0304,0.0517,-0.0210,0.3278,0.3278,-0.0654,-0.0185,0.0558,-0.6764,-0.0624,18.4995,-18.5573,-29.1112,-0.0448,-0.0272,0.0570
180766996,0.0024,-0.0009,-0.0156,-0.1759,0.1080,-0.0308,0.1261,-0.0828,0.3277,0.3277,-0.0183,-0.2598,0.1798,0.6884,-0.3893,18.5004,-18.5543,-29.1126,-0.0315,0.0167,0.0406
180771994,0.0021,-0.0018,-0.0287,-0.1726,0.0307,-0.0208,0.1296,-0.1053,0.3280,0.3280,0.0475,-0.5362,0.2175,3.4043,-1.2692,18.5014,-18.5375,-29.1175,-0.0278,0.0343,-0.0006
180776994,0.0024,-0.0030,0.0431,-0.1799,0.0197,-0.0681,0.1758,-0.1054,0.3289,0.3289,0.1881,-0.8942,-0.1191,6.0893,-3.0924,18.5005,-18.5129,-29.1334,-0.0230,0.0804,-0.0352
180781994,0.0025,-0.0040,0.0458,-0.1628,-0.0411,-0.0737,0.1818,-0.1128,0.3291,0.3291,0.0407,-0.6633,0.0760,3.2363,-3.1984,18.5009,-18.4918,-29.1475,-0.0335,0.1509,-0.0996
180786994,0.0029,-0.0044,0.0522,-0.0562,-0.1144,-0.0889,0.1374,-0.0617,0.3297,0.3297,0.1226,-0.3419,-0.3109,2.3099,-1.3634,18.4997,-18.4829,-29.1575,-0.0701,0.1706,-0.1244
180791994,0.0035,-0.0043,0.0635,0.0556,0.0860,-0.0975,0.0946,0.0129,0.3307,0.3307,0.1900,-0.1895,-0.3077,2.6772,-0.4714,18.4984,-18.4671,-29.1592,-0.0804,0.1746,-0.1105
180796994,0.0035,-0.0035,-0.0284,0.1988,0.0625,-0.0459,-0.0189,0.0720,0.3312,0.3312,0.1076,0.0362,-0.3619,2.1993,0.1110,18.4958,-18.4580,-29.1584,-0.0978,0.1384,-0.0909
180801994,0.0036,-0.0026,-0.0348,0.1946,-0.0191,-0.0459,-0.0354,0.0791,0.3314,0.3314,0.0388,0.2167,-0.4247,0.2526,0.5374,18.4943,-18.4541,-29.1564,-0.0773,0.1222,-0.0392
180806994,0.0034,-0.0015,-0.0562,0.2053,0.0136,-0.0289,-0.0660,0.0965,0.3314,0.3314,-0.0019,0.3425,-0.0453,-0.3224,1.4434,18.4924,-18.4556,-29.1489,-0.0583,0.0742,0.0004
180811994,0.0030,-0.0006,-0.0489,0.1561,-0.0166,-0.0276,-0.0571,0.0827,0.3313,0.3313,-0.0168,0.4036,0.0814,-1.1524,2.0308,18.4930,-18.4614,-29.1410,-0.0337,0.0290,0.0371
180816994,0.0029,0.0001,-0.0290,0.1203,-0.0181,-0.0357,-0.0466,0.0803,0.3311,0.3311,-0.0404,0.4331,0.3013,-1.8366,2.1853,18.4948,-18.4687,-29.1252,-0.0264,0.0108,0.0704
180821994,0.0028,0.0003,0.0031,0.0742,-0.0264,-0.0529,-0.0178,0.0677,0.3307,0.3307,-0.0769,0.4155,-0.0868,-3.1696,1.2167,18.4944,-18.4855,-29.1202,-0.0308,-0.0264,0.0921
180826994,0.0028,0.0003,0.0018,-0.0250,-0.1144,-0.0562,0.0287,0.0143,0.3297,0.3297,-0.2102,0.3917,-0.0159,-5.0534,0.3000,18.4944,-18.5056,-29.1180,-0.0491,-0.0267,0.0915
180831994,0.0029,0.0001,-0.0107,-0.0541,-0.0258,-0.0480,0.0483,-0.0033,0.3294,0.3294,-0.0514,0.0323,-0.0926,-1.0998,0.0088,18.4938,-18.5187,-29.1181,-0.0565,-0.0400,0.0637
180836994,0.0030,-0.0008,0.0229,-0.1955,0.1376,-0.0629,0.1511,-0.0722,0.3297,0.3297,0.0596,-0.3159,-0.0729,1.1095,-0.4377,18.4928,-18.5145,-29.1196,-0.0507,0.0026,0.0267
180841994,0.0029,-0.0019,-0.0009,-0.1921,0.0148,-0.0520,0.1560,-0.1023,0.3303,0.3303,0.1047,-0.5612,-0.0289,3.5204,-1.2228,18.4929,-18.4960,-29.1243,-0.0593,0.0416,-0.0097
180846994,0.0032,-0.0029,0.0544,-0.1500,-0.0136,-0.0920,0.1699,-0.0795,0.3313,0.3313,0.2138,-0.8554,-0.4959,5.8156,-3.2517,18.4902,-18.4729,-29.1406,-0.0506,0.0578,-0.0311
180851994,0.0036,-0.0037,0.0214,-0.1408,0.0194,-0.0771,0.1718,-0.0924,0.3316,0.3316,0.0512,-0.6883,-0.3793,3.4723,-3.5683,18.4886,-18.4506,-29.1561,-0.0597,0.1351,-0.0803
180856994,0.0038,-0.0042,-0.0006,-0.0684,-0.0484,-0.0706,0.1349,-0.0699,0.3320,0.3320,0.0753,-0.3162,-0.2504,2.1888,-0.9959,18.4874,-18.4420,-29.1650,-0.0775,0.1776,-0.0927
180861994,0.0040,-0.0043,0.0064,0.0302,0.0613,-0.0739,0.0938,-0.0128,0.3326,0.3326,0.1335,-0.1781,-0.4884,2.2668,-0.4097,18.4852,-18.4286,-29.1663,-0.0732,0.1732,-0.1027
180866994,0.0039,-0.0036,-0.0531,0.1729,0.0347,-0.0385,-0.0087,0.0512,0.3328,0.3328,0.0412,0.0333,-0.0919,1.8569,0.0652,18.4846,-18.4211,-29.1658,-0.0758,0.1329,-0.0672
180871994,0.0037,-0.0028,-0.0327,0.1436,-0.0459,-0.0498,-0.0066,0.0511,0.3329,0.3329,0.0206,0.1531,-0.1920,0.3405,0.4636,18.4839,-18.4170,-29.1640,-0.0602,0.0961,-0.0252
180876994,0.0034,-0.0020,-0.0437,0.1344,-0.0239,-0.0382,-0.0196,0.0550,0.3330,0.3330,0.0132,0.2801,0.0096,-0.2937,1.5816,18.4839,-18.4184,-29.1560,-0.0489,0.0709,-0.0007
180881994,0.0032,-0.0014,-0.0229,0.1038,-0.0484,-0.0473,-0.0109,0.0525,0.3332,0.3332,0.0362,0.3731,-0.0037,-1.0769,2.3870,18.4839,-18.4238,-29.1468,-0.0435,0.0261,0.0371
180886995,0.0032,-0.0009,0.0021,0.0751,-0.0331,-0.0608,0.0034,0.0535,0.3333,0.3333,0.0165,0.3488,-0.0049,-1.6046,1.9146,18.4841,-18.4301,-29.1313,-0.0453,-0.0046,0.0455
180891994,0.0034,-0.0008,-0.0076,0.0119,-0.0685,-0.0592,0.0315,0.0198,0.3329,0.3329,-0.0685,0.2167,-0.0386,-2.0325,0.5982,18.4838,-18.4425,-29.1293,-0.0614,-0.0034,0.0685
180896994,0.0035,-0.0010,-0.0107,-0.0657,-0.0737,-0.0594,0.0745,-0.0237,0.3325,0.3325,-0.0811,0.0530,0.0033,-1.5433,-0.0197,18.4839,-18.4488,-29.1292,-0.0603,0.0065,0.0532
180901994,0.0035,-0.0015,-0.0388,-0.0968,-0.0163,-0.0411,0.0919,-0.0527,0.3324,0.3324,-0.0253,-0.1518,0.0191,0.5229,-0.1836,18.4840,-18.4490,-29.1298,-0.0596,0.0308,0.0072
180906994,0.0035,-0.0023,-0.0278,-0.1304,0.0295,-0.0470,0.1284,-0.0780,0.3325,0.3325,0.0296,-0.4789,0.0416,2.9206,-1.5581,18.4840,-18.4380,-29.1370,-0.0426,0.0440,-0.0130
180911994,0.0033,-0.0032,-0.0238,-0.1518,0.0106,-0.0449,0.1516,-0.1055,0.3325,0.3325,-0.0101,-0.6951,-0.0130,3.6324,-3.3526,18.4841,-18.4113,-29.1501,-0.0442,0.1055,-0.0456
180916994,0.0031,-0.0039,-0.0199,-0.1115,-0.1192,-0.0488,0.1373,-0.1023,0.3324,0.3324,-0.0230,-0.4384,0.0763,2.1435,-2.0600,18.4842,-18.4032,-29.1667,-0.0463,0.1519,-0.0735
180921994,0.0029,-0.0041,-0.0180,0.0119,-0.0499,-0.0435,0.0777,-0.0400,0.3326,0.3326,0.0405,-0.2196,-0.0676,2.0734,-0.9021,18.4840,-18.3911,-29.1701,-0.0492,0.1526,-0.1172
180926994,0.0029,-0.0039,0.0205,0.0773,0.0460,-0.0624,0.0564,0.0113,0.3330,0.3330,0.0932,-0.0659,0.0801,1.8124,-0.0269,18.4842,-18.3837,-29.1716,-0.0459,0.1325,-0.1056
180931994,0.0030,-0.0034,0.0137,0.1545,-0.0270,-0.0642,0.0053,0.0557,0.3333,0.3333,0.0553,0.1065,-0.0430,0.7295,0.1120,18.4842,-18.3774,-29.1712,-0.0546,0.0974,-0.0565
180936994,0.0033,-0.0025,0.0165,0.1518,-0.0352,-0.0704,-0.0045,0.0709,0.3337,0.3337,0.0746,0.2298,-0.3049,-0.1591,0.8441,18.4827,-18.3784,-29.1668,-0.0632,0.0743,-0.0304
180941994,0.0034,-0.0017,-0.0104,0.1613,-0.0209,-0.0569,-0.0291,0.0836,0.3339,0.3339,0.0494,0.3689,-0.4336,-1.1028,1.5667,18.4809,-18.3839,-29.1604,-0.0693,0.0299,0.0101
180946994,0.0035,-0.0011,-0.0168,0.1124,-0.0136,-0.0552,-0.0145,0.0681,0.3342,0.3342,0.0539,0.4739,-0.3527,-1.8898,2.7588,18.4787,-18.3914,-29.1457,-0.0593,-0.0104,0.0243
180951994,0.0034,-0.0006,-0.0336,0.0687,0.0234,-0.0420,-0.0044,0.0491,0.3339,0.3339,-0.0635,0.4593,-0.3875,-3.2306,1.7894,18.4772,-18.4090,-29.1377,-0.0553,-0.0156,0.0740
180956994,0.0033,-0.0006,-0.0507,-0.0330,-0.1089,-0.0334,0.0362,-0.0154,0.3329,0.3329,-0.2057,0.2415,-0.0060,-3.4957,0.0297,18.4765,-18.4233,-29.1361,-0.0507,-0.0038,0.0743
180961994,0.0029,-0.0011,-0.0370,-0.0684,-0.1284,-0.0362,0.0620,-0.0407,0.3324,0.3324,-0.0819,-0.0155,0.0622,-0.7787,-0.0987,18.4769,-18.4332,-29.1367,-0.0345,-0.0107,0.0390
180966994,0.0028,-0.0017,-0.0458,-0.1533,-0.0102,-0.0239,0.1164,-0.0937,0.3322,0.3322,-0.0530,-0.3145,0.2264,1.1832,-0.8890,18.4785,-18.4284,-29.1407,-0.0358,0.0110,0.0119
180971994,0.0026,-0.0027,-0.0140,-0.1469,-0.0249,-0.0407,0.1368,-0.0991,0.3326,0.3326,0.0750,-0.6144,0.2372,4.2352,-1.7731,18.4793,-18.4074,-29.1473,-0.0300,0.0452,-0.0235
180976994,0.0027,-0.0037,-0.0110,-0.1680,-0.0151,-0.0435,0.1673,-0.1256,0.3331,0.3331,0.1179,-0.8875,-0.0536,6.0094,-3.2386,18.4797,-18.3820,-29.1671,-0.0335,0.1238,-0.0342
180981994,0.0025,-0.0044,-0.0150,-0.1417,-0.1159,-0.0418,0.1560,-0.1277,0.3335,0.3335,0.0683,-0.5584,-0.2883,3.3191,-2.0379,18.4784,-18.3621,-29.1753,-0.0461,0.1458,-0.0980
180986994,0.0025,-0.0049,0.0031,-0.0507,-0.1452,-0.0532,0.1215,-0.0852,0.3340,0.3340,0.0991,-0.3767,-0.0406,3.1275,-1.0625,18.4786,-18.3499,-29.1821,-0.0426,0.1651,-0.1366
180991994,0.0026,-0.0047,0.0296,0.0791,-0.0276,-0.0668,0.0668,-0.0032,0.3346,0.3346,0.1250,-0.1538,0.1080,2.6708,-0.3217,18.4790,-18.3330,-29.1845,-0.0524,0.1456,-0.1228
180996994,0.0027,-0.0039,-0.0128,0.2095,-0.0462,-0.0442,-0.0250,0.0639,0.3351,0.3351,0.0972,0.0457,-0.1459,2.1339,0.0301,18.4784,-18.3243,-29.1841,-0.0662,0.1268,-0.0746
181001994,0.0028,-0.0032,-0.0290,0.1396,-0.0633,-0.0362,-0.0067,0.0355,0.3352,0.3352,0.0141,0.1438,-0.2629,0.1906,0.2449,18.4773,-18.3210,-29.1831,-0.0608,0.0917,-0.0542
181006994,0.0027,-0.0024,-0.0617,0.1518,-0.0673,-0.0154,-0.0359,0.0435,0.3349,0.3349,-0.0509,0.2595,0.1696,-0.4029,0.9831,18.4784,-18.3227,-29.1788,-0.0366,0.0425,-0.0129
181011996,0.0024,-0.0015,-0.0461,0.1610,-0.0801,-0.0200,-0.0541,0.0648,0.3348,0.3348,-0.0298,0.4187,-0.0031,-1.4786,1.8361,18.4784,-18.3304,-29.1688,-0.0180,0.0205,0.0062
181016994,0.0021,-0.0008,-0.0525,0.1063,-0.0725,-0.0108,-0.0413,0.0437,0.3345,0.3345,-0.0447,0.4842,0.2517,-2.0913,2.7686,18.4802,-18.3387,-29.1578,-0.0206,-0.0197,0.0399
181021994,0.0021,-0.0004,-0.0061,0.0489,-0.0789,-0.0367,-0.0056,0.0331,0.3339,0.3339,-0.1370,0.4584,0.0014,-4.0888,1.1746,18.4802,-18.3600,-29.1484,-0.0098,-0.0256,0.0639
181026994,0.0020,-0.0005,-0.0507,-0.0373,-0.2002,-0.0135,0.0215,-0.0312,0.3326,0.3326,-0.2582,0.2767,0.3049,-4.0231,0.0103,18.4816,-18.3777,-29.1487,-0.0309,-0.0380,0.0413
181031994,0.0020,-0.0008,-0.0119,-0.0757,-0.0963,-0.0323,0.0612,-0.0400,0.3325,0.3325,-0.0054,-0.0571,-0.3185,-0.3654,-0.1263,18.4803,-18.3818,-29.1493,-0.0271,-0.0176,0.0287
181036994,0.0016,-0.0014,-0.0486,-0.1487,-0.0252,-0.0018,0.0981,-0.0993,0.3323,0.3323,-0.0475,-0.3373,0.3920,1.6165,-0.8068,18.4818,-18.3753,-29.1521,-0.0287,0.0188,-0.0087
181041994,0.0015,-0.0021,0.0049,-0.1564,-0.1031,-0.0349,0.1262,-0.1032,0.3327,0.3327,0.0801,-0.7079,-0.1899,4.1931,-2.8970,18.4810,-18.3543,-29.1661,-0.0122,0.0365,-0.0245
181046994,0.0017,-0.0034,0.0229,-0.2117,-0.0652,-0.0466,0.1835,-0.1445,0.3333,0.3333,0.1232,-0.9162,0.4473,6.0962,-2.9599,18.4830,-18.3285,-29.1793,-0.0111,0.0999,-0.0781
181051994,0.0019,-0.0042,0.0434,-0.1045,-0.0728,-0.0627,0.1481,-0.0938,0.3343,0.3343,0.1987,-0.5228,-0.3998,4.0215,-1.3554,18.4818,-18.3050,-29.1890,-0.0399,0.1534,-0.1283
181056994,0.0020,-0.0046,0.0250,-0.0312,-0.1455,-0.0579,0.1105,-0.0695,0.3352,0.3352,0.1800,-0.3385,-0.6035,3.0997,-0.8508,18.4779,-18.2931,-29.1924,-0.0613,0.1683,-0.1262
181061994,0.0024,-0.0044,0.0449,0.0950,-0.0582,-0.0729,0.0547,0.0114,0.3362,0.3362,0.1895,-0.1013,-0.4076,2.4667,-0.0557,18.4756,-18.2774,-29.1939,-0.0616,0.1464,-0.1057
181066994,0.0024,-0.0037,-0.0446,0.1811,-0.0606,-0.0198,-0.0275,0.0402,0.3364,0.3364,0.0418,0.0666,-0.0868,1.6134,0.1422,18.4756,-18.2707,-29.1933,-0.0708,0.1099,-0.0606
181071994,0.0023,-0.0028,-0.0504,0.1573,-0.1031,-0.0172,-0.0326,0.0378,0.3365,0.3365,0.0209,0.2409,-0.4020,-0.1450,0.9300,18.4738,-18.2703,-29.1889,-0.0551,0.0875,-0.0411
181076994,0.0019,-0.0020,-0.1023,0.1463,-0.0936,0.0213,-0.0595,0.0273,0.3360,0.3360,-0.0990,0.3191,0.3409,-0.7327,1.4895,18.4750,-18.2730,-29.1829,-0.0340,0.0402,-0.0002
181081994,0.0015,-0.0015,-0.0608,0.1151,-0.1223,0.0045,-0.0457,0.0270,0.3356,0.3356,-0.0739,0.4448,0.5729,-1.6915,2.5473,18.4773,-18.2820,-29.1691,-0.0052,-0.0009,0.0187
181086994,0.0011,-0.0009,-0.0593,0.0935,-0.1156,0.0112,-0.0467,0.0221,0.3344,0.3344,-0.2446,0.3866,1.5462,-2.4017,1.3673,18.4860,-18.2913,-29.1626,0.0010,-0.0209,0.0417
181091994,0.0009,-0.0009,-0.0321,-0.0260,-0.1617,-0.0018,0.0177,-0.0346,0.3324,0.3324,-0.4037,0.3538,1.6861,-4.8939,-0.0124,18.4928,-18.3180,-29.1627,0.0067,-0.0289,0.0344
181096994,0.0008,-0.0011,-0.0098,-0.0675,-0.1513,-0.0133,0.0490,-0.0532,0.3309,0.3309,-0.2854,0.1452,1.6805,-2.7565,-0.0213,18.5037,-18.3305,-29.1628,0.0023,-0.0440,0.0131
181101994,0.0011,-0.0018,0.0269,-0.1060,-0.0392,-0.0378,0.0985,-0.0653,0.3308,0.3308,-0.0261,-0.2127,0.1372,0.2331,-1.1395,18.5042,-18.3338,-29.1674,-0.0026,-0.0334,-0.0050
181106994,0.0017,-0.0026,0.0751,-0.1457,-0.0695,-0.0786,0.1507,-0.0801,0.3314,0.3314,0.1253,-0.4928,-0.9578,1.8309,-2.6330,18.4999,-18.3262,-29.1777,-0.0123,0.0135,-0.0359
181111994,0.0021,-0.0034,0.0257,-0.1698,-0.0798,-0.0575,0.1661,-0.1178,0.3332,0.3332,0.3543,-0.6061,-2.1854,4.2797,-1.3292,18.4918,-18.3044,-29.1896,-0.0356,0.0495,-0.0879
181116994,0.0026,-0.0045,0.0785,-0.1570,0.0640,-0.0934,0.2019,-0.1011,0.3362,0.3362,0.5907,-0.6341,-3.3456,5.4271,-0.7061,18.4701,-18.2810,-29.1925,-0.0646,0.0831,-0.1047
181121994,0.0027,-0.0051,0.0000,-0.0675,0.0112,-0.0485,0.1400,-0.0902,0.3370,0.3370,0.1676,-0.4193,-0.9663,3.1630,-1.3600,18.4661,-18.2611,-29.2003,-0.0819,0.1505,-0.1045
181126994,0.0029,-0.0053,0.0247,0.0101,-0.1052,-0.0716,0.1080,-0.0486,0.3378,0.3378,0.1660,-0.1837,-1.2575,1.5604,-0.9321,18.4602,-18.2555,-29.2045,-0.0811,0.1618,-0.0972
181131994,0.0025,-0.0050,-0.0547,0.0858,-0.0658,-0.0155,0.0390,-0.0311,0.3378,0.3378,-0.0059,0.0294,-0.4123,0.4926,-0.2327,18.4586,-18.2508,-29.2067,-0.0758,0.1493,-0.0944
181136994,0.0023,-0.0044,-0.0702,0.1524,-0.0520,-0.0024,-0.0097,0.0061,0.3374,0.3374,-0.0760,0.1587,0.0456,-0.0587,0.0218,18.4582,-18.2514,-29.2065,-0.0694,0.1047,-0.0506
181141994,0.0020,-0.0038,-0.0886,0.1216,-0.0844,0.0116,-0.0134,-0.0080,0.3368,0.3368,-0.1277,0.2030,0.3997,-0.5593,0.4877,18.4598,-18.2542,-29.2040,-0.0251,0.0608,-0.0187
181146994,0.0017,-0.0031,-0.0999,0.1188,-0.1067,0.0231,-0.0293,-0.0062,0.3357,0.3357,-0.2133,0.2721,1.1763,-1.0716,0.8995,18.4654,-18.2584,-29.2008,0.0051,0.0394,-0.0093
181151994,0.0016,-0.0028,-0.0761,0.0757,-0.1525,0.0105,-0.0082,-0.0200,0.3343,0.3343,-0.2769,0.2408,1.7700,-1.5268,0.5956,18.4725,-18.2671,-29.1966,0.0132,-0.0027,-0.0040
181156994,0.0014,-0.0025,-0.0473,0.0406,-0.1522,-0.0021,0.0105,-0.0261,0.3325,0.3325,-0.3572,0.2208,2.3733,-2.2347,0.0817,18.4869,-18.2757,-29.1962,0.0089,-0.0064,-0.0127
181161994,0.0011,-0.0025,-0.0421,-0.0156,-0.1376,0.0004,0.0383,-0.0547,0.3314,0.3314,-0.2298,0.1540,0.6167,-2.5640,-0.3849,18.4896,-18.2920,-29.1989,0.0113,-0.0017,-0.0176
181166994,0.0010,-0.0026,0.0153,-0.0388,-0.1550,-0.0332,0.0688,-0.0536,0.3313,0.3313,-0.0144,0.0339,-0.1399,-0.9383,-0.0045,18.4882,-18.2966,-29.1987,0.0064,0.0011,-0.0342
181171994,0.0011,-0.0030,0.0513,-0.0608,-0.0783,-0.0533,0.1006,-0.0564,0.3319,0.3319,0.1221,-0.2212,-0.0551,1.7661,-0.2962,18.4880,-18.2883,-29.2003,-0.0116,0.0342,-0.0526
181176994,0.0017,-0.0034,0.0785,-0.0589,-0.0859,-0.0818,0.1202,-0.0483,0.3340,0.3340,0.4216,-0.3827,-1.7832,4.1205,-0.0403,18.4808,-18.2724,-29.2004,-0.0363,0.0446,-0.0577
181181994,0.0023,-0.0039,0.0861,-0.1145,-0.0789,-0.0980,0.1651,-0.0762,0.3370,0.3370,0.5845,-0.4391,-3.7050,3.9309,-0.2425,18.4658,-18.2421,-29.2018,-0.0426,0.1222,-0.0494
181186994,0.0024,-0.0043,0.0354,-0.0412,-0.2051,-0.0729,0.1138,-0.0646,0.3382,0.3382,0.2379,-0.2235,-1.1200,2.3076,-0.0352,18.4543,-18.2326,-29.2019,-0.1122,0.1558,-0.0612
181191994,0.0024,-0.0044,-0.0370,-0.0064,-0.1495,-0.0287,0.0784,-0.0670,0.3384,0.3384,0.0405,-0.1159,-0.3808,1.1859,-0.2218,18.4530,-18.2258,-29.2033,-0.0874,0.1612,-0.0713
181196994,0.0024,-0.0043,-0.0501,0.0370,-0.0707,-0.0172,0.0537,-0.0447,0.3381,0.3381,-0.0597,-0.0142,0.4362,0.6598,0.0029,18.4548,-18.2228,-29.2032,-0.0709,0.1182,-0.0682
181201994,0.0017,-0.0041,-0.1649,0.0996,-0.1287,0.0614,-0.0249,-0.0514,0.3367,0.3367,-0.2765,0.1214,1.0908,-0.2915,-0.0099,18.4589,-18.2240,-29.2032,-0.0312,0.0752,-0.0527
181206994,0.0010,-0.0037,-0.1234,0.1210,-0.1339,0.0497,-0.0362,-0.0290,0.3350,0.3350,-0.3297,0.2037,1.7690,-1.0591,0.0050,18.4698,-18.2285,-29.2032,0.0001,0.0582,-0.0511
181211994,0.0003,-0.0031,-0.1008,0.1084,-0.1547,0.0478,-0.0390,-0.0268,0.3333,0.3333,-0.3505,0.2146,2.1432,-1.3188,0.0461,18.4782,-18.2364,-29.2031,0.0205,0.0105,-0.0438
181216994,0.0000,-0.0028,-0.0367,0.0589,-0.0994,0.0182,-0.0019,-0.0278,0.3312,0.3312,-0.4205,0.2147,3.4655,-1.8086,0.1943,18.4994,-18.2435,-29.2024,0.0455,-0.0238,-0.0281
181221994,0.0002,-0.0030,0.0131,-0.0034,-0.1367,-0.0156,0.0482,-0.0484,0.3299,0.3299,-0.2596,0.3053,1.1013,-3.9221,0.0458,18.5036,-18.2643,-29.2016,0.0475,-0.0209,-0.0254
181226994,0.0006,-0.0033,0.0498,-0.0009,-0.2182,-0.0475,0.0624,-0.0402,0.3298,0.3298,-0.0162,0.2215,-0.6700,-2.8385,0.0203,18.5001,-18.2776,-29.2013,0.0224,-0.0143,-0.0341
181231994,0.0007,-0.0032,0.0669,0.0147,-0.0826,-0.0561,0.0668,-0.0202,0.3309,0.3309,0.2218,-0.0640,-1.3162,0.9146,-0.0971,18.4954,-18.2740,-29.2026,-0.0208,0.0260,-0.0422
181236994,0.0011,-0.0032,0.0880,-0.0195,-0.0081,-0.0736,0.0975,-0.0248,0.3337,0.3337,0.5599,-0.2642,-3.6607,3.1670,0.0209,18.4772,-18.2617,-29.2024,-0.0393,0.0386,-0.0238
181241994,0.0017,-0.0037,0.0904,-0.0559,-0.0789,-0.0895,0.1277,-0.0473,0.3368,0.3368,0.6194,-0.4532,-3.1802,5.2668,0.1603,18.4630,-18.2287,-29.2007,-0.0681,0.0634,-0.0242
181246994,0.0018,-0.0044,0.0086,-0.0971,-0.0609,-0.0408,0.1364,-0.1028,0.3377,0.3377,0.1902,-0.3036,-1.0544,2.2973,-0.3574,18.4556,-18.2205,-29.2021,-0.0993,0.1353,-0.0325
181251994,0.0016,-0.0047,-0.0623,-0.0128,-0.1586,0.0011,0.0716,-0.0911,0.3375,0.3375,-0.0397,-0.1335,-0.2292,0.7979,-0.7534,18.4551,-18.2160,-29.2059,-0.0771,0.1488,-0.0453
181256994,0.0013,-0.0048,-0.0941,0.0125,-0.1223,0.0263,0.0498,-0.0903,0.3368,0.3368,-0.1406,-0.1041,0.2619,0.4927,-1.0066,18.4564,-18.2140,-29.2096,-0.0522,0.1342,-0.0845
181261994,0.0004,-0.0045,-0.1985,0.1170,-0.0878,0.1055,-0.0463,-0.0694,0.3351,0.3351,-0.3579,0.0551,1.3496,-0.0264,-0.8220,18.4615,-18.2130,-29.2161,-0.0142,0.0893,-0.0914
181266994,-0.0006,-0.0040,-0.1793,0.0892,-0.0914,0.1137,-0.0439,-0.0804,0.3328,0.3328,-0.4549,0.1199,2.7026,-0.5602,-0.1662,18.4764,-18.2152,-29.2168,0.0265,0.0689,-0.0777
181271994,-0.0014,-0.0035,-0.1246,0.1170,-0.1455,0.0945,-0.0605,-0.0509,0.3301,0.3301,-0.5450,0.1921,4.2061,-0.9529,0.0112,18.4926,-18.2204,-29.2164,0.0414,0.0241,-0.0792
181276994,-0.0017,-0.0028,-0.1029,0.1289,-0.1449,0.0870,-0.0738,-0.0300,0.3282,0.3282,-0.3674,0.2409,2.2185,-1.4449,-0.0057,18.5098,-18.2260,-29.2164,0.1080,-0.0140,-0.0694
181281994,-0.0018,-0.0024,0.0073,0.0699,-0.1980,0.0224,-0.0211,-0.0243,0.3270,0.3270,-0.2461,0.3461,1.3818,-3.2171,0.3348,18.5154,-18.2422,-29.2145,0.1007,-0.0283,-0.0526
181286994,-0.0017,-0.0020,0.0669,0.0809,-0.1959,-0.0159,-0.0147,0.0079,0.3263,0.3263,-0.1397,0.5500,0.1165,-5.2038,0.8299,18.5161,-18.2633,-29.2113,0.0896,-0.0573,-0.0274
181291994,-0.0006,-0.0018,0.1607,0.0629,-0.0594,-0.0848,0.0347,0.0432,0.3268,0.3268,0.1096,0.2652,0.0668,-1.8026,0.7988,18.5163,-18.2766,-29.2071,0.0402,-0.0450,-0.0097
181296994,0.0001,-0.0018,0.1588,-0.0162,0.0316,-0.0944,0.0848,0.0133,0.3282,0.3282,0.2789,0.0225,-0.3924,0.6965,1.1946,18.5144,-18.2734,-29.2032,0.0007,-0.0364,0.0225
181301994,0.0008,-0.0021,0.1512,-0.0858,-0.0890,-0.1085,0.1249,-0.0268,0.3307,0.3307,0.4848,-0.0392,-1.4621,1.9546,2.5558,18.5085,-18.2625,-29.1890,-0.0174,0.0172,0.0223
181306994,0.0014,-0.0025,0.1396,-0.1054,-0.1901,-0.1169,0.1412,-0.0463,0.3340,0.3340,0.6703,-0.3505,-3.9236,3.5623,0.4109,18.4884,-18.2488,-29.1866,-0.0477,0.0472,0.0191
181311994,0.0024,-0.0033,0.1539,-0.1451,-0.1434,-0.1414,0.1904,-0.0655,0.3372,0.3372,0.6356,-0.6796,-3.1914,5.6095,-1.2618,18.4744,-18.2139,-29.1929,-0.1200,0.0693,-0.0061
181316994,0.0024,-0.0043,0.0257,-0.1607,-0.0343,-0.0603,0.1785,-0.1222,0.3381,0.3381,0.1848,-0.6809,-1.1171,4.0004,-2.6892,18.4658,-18.1985,-29.2037,-0.1384,0.1488,-0.0360
181321994,0.0022,-0.0049,-0.0870,-0.0953,-0.0905,0.0081,0.1169,-0.1355,0.3380,0.3380,-0.0320,-0.3512,-0.4263,1.8318,-1.4582,18.4639,-18.1868,-29.2143,-0.1386,0.1894,-0.0867
181326994,0.0016,-0.0051,-0.1368,0.0110,-0.0902,0.0475,0.0461,-0.1040,0.3373,0.3373,-0.1246,-0.2453,0.0251,1.8093,-1.4858,18.4641,-18.1795,-29.2199,-0.0883,0.1832,-0.1211
181331994,0.0005,-0.0045,-0.2159,0.1582,-0.1250,0.1124,-0.0716,-0.0553,0.3359,0.3359,-0.2798,-0.0645,0.1755,0.8956,-1.9688,18.4647,-18.1734,-29.2317,-0.0668,0.1432,-0.1255
181336994,-0.0005,-0.0037,-0.2034,0.1475,-0.0884,0.1262,-0.0849,-0.0515,0.3343,0.3343,-0.3161,0.0757,0.8176,0.0244,-0.8990,18.4697,-18.1733,-29.2360,-0.0256,0.0966,-0.1018
181341994,-0.0017,-0.0029,-0.1885,0.1710,-0.0175,0.1404,-0.1132,-0.0293,0.3328,0.3328,-0.3115,0.2066,1.2529,-0.3447,0.1123,18.4748,-18.1748,-29.2354,0.0152,0.0734,-0.0809
181346994,-0.0024,-0.0020,-0.1237,0.1695,-0.0682,0.1154,-0.1156,-0.0077,0.3308,0.3308,-0.3887,0.2123,2.8049,-0.4183,0.1298,18.4887,-18.1768,-29.2347,0.0305,0.0313,-0.0462
181351994,-0.0032,-0.0012,-0.1133,0.1600,-0.0948,0.1213,-0.1286,-0.0036,0.3289,0.3289,-0.3963,0.2765,2.6719,-1.2257,0.2689,18.5011,-18.1833,-29.2336,0.0910,-0.0072,-0.0161
181356994,-0.0034,-0.0005,-0.0247,0.1213,-0.1849,0.0699,-0.0995,0.0082,0.3278,0.3278,-0.2045,0.3334,1.4200,-1.9460,0.7817,18.5097,-18.1907,-29.2300,0.1269,-0.0256,-0.0069
181361994,-0.0034,0.0000,0.0250,0.1005,-0.2802,0.0375,-0.0881,0.0181,0.3264,0.3264,-0.2824,0.5581,1.5091,-4.8576,1.0298,18.5158,-18.2161,-29.2241,0.1178,-0.0520,0.0014
181366994,-0.0030,0.0005,0.0596,0.0730,-0.2045,0.0127,-0.0650,0.0286,0.3259,0.3259,-0.1008,0.4514,0.7658,-3.4534,1.4138,18.5211,-18.2311,-29.2186,0.0770,-0.0981,0.0123
181371994,-0.0021,0.0005,0.1359,0.0058,-0.0490,-0.0434,0.0073,0.0304,0.3268,0.3268,0.1697,0.2647,0.3222,-0.9661,2.3615,18.5229,-18.2415,-29.2059,0.0351,-0.1047,0.0138
181376994,-0.0013,0.0001,0.1836,-0.0916,-0.0099,-0.0849,0.0861,-0.0023,0.3285,0.3285,0.3361,0.0517,-0.3806,0.3969,2.2384,18.5212,-18.2392,-29.1961,0.0123,-0.0695,0.0322
181381994,-0.0002,-0.0007,0.1729,-0.1607,-0.1293,-0.1028,0.1362,-0.0483,0.3300,0.3300,0.3136,-0.2367,-0.9983,1.0576,0.0805,18.5172,-18.2338,-29.1935,-0.0245,-0.0198,0.0314
181386994,0.0006,-0.0018,0.1255,-0.2266,-0.1586,-0.0924,0.1804,-0.1064,0.3327,0.3327,0.5267,-0.4048,-3.8191,1.7925,-0.4992,18.4980,-18.2267,-29.1958,-0.0561,-0.0008,-0.0114
181391994,0.0012,-0.0030,0.0852,-0.2086,-0.0701,-0.0763,0.1884,-0.1202,0.3347,0.3347,0.4027,-0.6528,-3.1087,3.2801,-2.4327,18.4840,-18.2094,-29.2081,-0.0981,0.0357,-0.0298
181396994,0.0012,-0.0041,-0.0244,-0.1781,0.1285,-0.0040,0.1667,-0.1478,0.3354,0.3354,0.1552,-0.8416,-0.5816,5.6869,-2.8432,18.4780,-18.1872,-29.2205,-0.0971,0.0783,-0.0843
181401994,0.0012,-0.0049,-0.0357,-0.1206,0.1954,0.0060,0.1486,-0.1320,0.3356,0.3356,0.0217,-0.5682,-0.1508,3.3670,-2.3871,18.4781,-18.1627,-29.2346,-0.0582,0.1259,-0.1110
181406994,0.0006,-0.0054,-0.1243,-0.0367,-0.0902,0.0595,0.0689,-0.1389,0.3347,0.3347,-0.1713,-0.3234,0.0145,1.3329,-2.3547,18.4771,-18.1572,-29.2439,-0.0366,0.1728,-0.1376
181411994,0.0001,-0.0052,-0.1093,0.0843,-0.0951,0.0599,0.0042,-0.0750,0.3333,0.3333,-0.2705,-0.1050,0.7426,0.1626,-2.2711,18.4804,-18.1561,-29.2578,0.0014,0.1420,-0.1403
181416994,-0.0005,-0.0044,-0.1155,0.1390,0.0319,0.0788,-0.0390,-0.0361,0.3314,0.3314,-0.3953,-0.0040,2.2786,0.0822,-1.7566,18.4913,-18.1558,-29.2648,0.0348,0.1164,-0.1267
181421994,-0.0009,-0.0035,-0.0880,0.1463,0.0423,0.0702,-0.0520,-0.0133,0.3295,0.3295,-0.3788,0.1458,3.0380,-0.1938,-0.2012,18.5046,-18.1569,-29.2676,0.0629,0.0773,-0.1089
181426994,-0.0010,-0.0029,-0.0376,0.1643,-0.0850,0.0374,-0.0612,0.0139,0.3290,0.3290,-0.0990,0.2278,0.3796,-0.7132,0.1037,18.5090,-18.1592,-29.2669,0.0872,0.0360,-0.0588
181431994,-0.0009,-0.0020,0.0348,0.1683,-0.1959,-0.0115,-0.0605,0.0493,0.3291,0.3291,0.0183,0.3126,0.0202,-1.0925,0.7637,18.5087,-18.1657,-29.2637,0.0536,-0.0038,-0.0374
181436994,-0.0006,-0.0011,0.0449,0.1460,-0.1113,-0.0194,-0.0544,0.0610,0.3293,0.3293,0.0452,0.4181,-0.1224,-1.8681,1.6303,18.5082,-18.1728,-29.2571,0.0322,-0.0278,-0.0015
181441994,-0.0003,-0.0005,0.0773,0.0971,-0.1199,-0.0443,-0.0282,0.0586,0.3295,0.3295,0.0467,0.7186,-0.2389,-4.5757,3.4158,18.5073,-18.1965,-29.2393,-0.0092,-0.0377,0.0352
181446994,0.0001,-0.0002,0.0330,0.0739,-0.1217,-0.0262,-0.0300,0.0422,0.3304,0.3304,0.1805,0.5872,-1.6056,-3.2633,3.3367,18.4995,-18.2075,-29.2241,-0.0304,-0.0692,0.0680
181451994,0.0006,-0.0005,0.0629,-0.0348,-0.0383,-0.0506,0.0490,-0.0029,0.3323,0.3323,0.3795,-0.0121,-2.9167,0.4627,0.7539,18.4880,-18.2073,-29.2166,-0.0250,-0.0510,0.0673
181456994,0.0007,-0.0011,0.0287,-0.1432,-0.1168,-0.0336,0.1011,-0.0809,0.3327,0.3327,0.0790,-0.2149,-0.1454,0.8759,-0.0455,18.4828,-18.2031,-29.2173,-0.0561,-0.0241,0.0413
181461994,0.0009,-0.0020,-0.0027,-0.1750,-0.0472,-0.0162,0.1264,-0.1157,0.3328,0.3328,0.0225,-0.3123,0.0406,1.2043,-0.5608,18.4833,-18.1971,-29.2197,-0.0386,0.0151,0.0167
181466994,0.0009,-0.0032,-0.0486,-0.2355,0.0020,0.0129,0.1649,-0.1775,0.3327,0.3327,-0.0282,-0.5566,0.1208,2.4124,-1.7155,18.4838,-18.1879,-29.2265,-0.0293,0.0341,-0.0201
181471994,0.0004,-0.0043,-0.1097,-0.1713,-0.0270,0.0563,0.1278,-0.1872,0.3323,0.3323,-0.0827,-0.9049,0.8037,5.8245,-3.6071,18.4866,-18.1567,-29.2472,-0.0057,0.0728,-0.0619
181476994,-0.0000,-0.0054,-0.0724,-0.1643,-0.0203,0.0425,0.1476,-0.1924,0.3315,0.3315,-0.1626,-0.6461,1.7218,3.8211,-2.3742,18.4953,-18.1447,-29.2567,0.0245,0.1252,-0.1233
181481994,-0.0004,-0.0056,-0.0718,0.0174,-0.1302,0.0446,0.0500,-0.1097,0.3297,0.3297,-0.3542,-0.2532,3.3033,1.9054,-1.5745,18.5081,-18.1298,-29.2671,0.0284,0.1465,-0.1447
181486994,-0.0008,-0.0052,-0.0922,0.0538,-0.1443,0.0628,0.0152,-0.0947,0.3291,0.3291,-0.1268,-0.2237,0.6834,2.0848,-1.4834,18.5174,-18.1217,-29.2729,0.0634,0.1407,-0.1604
181491994,-0.0012,-0.0043,-0.0541,0.1836,-0.1241,0.0490,-0.0565,-0.0069,0.3291,0.3291,-0.0023,0.0042,0.3875,2.1207,-0.1865,18.5183,-18.1088,-29.2759,0.0616,0.0976,-0.1432
181496994,-0.0014,-0.0036,0.0052,0.1506,-0.0789,0.0188,-0.0337,0.0057,0.3290,0.3290,-0.0137,0.0554,0.8930,1.2982,0.0729,18.5239,-18.1033,-29.2752,0.0543,0.0776,-0.0950
181501994,-0.0009,-0.0030,0.0651,0.1710,-0.1308,-0.0262,-0.0347,0.0458,0.3292,0.3292,0.0387,0.2357,0.6371,-0.0705,0.7608,18.5265,-18.1027,-29.2719,0.0382,0.0327,-0.0549
181506994,-0.0004,-0.0020,0.0712,0.1848,-0.1400,-0.0410,-0.0498,0.0745,0.3298,0.3298,0.1308,0.3449,-0.1011,-0.4653,1.5928,18.5264,-18.1042,-29.2654,0.0012,0.0083,-0.0139
181511994,0.0002,-0.0012,0.0782,0.1439,-0.1150,-0.0545,-0.0339,0.0751,0.3308,0.3308,0.1844,0.4541,-0.8533,-1.6657,2.3236,18.5235,-18.1128,-29.2521,-0.0176,-0.0219,0.0075
181516994,0.0006,-0.0005,0.0516,0.1185,-0.0957,-0.0451,-0.0368,0.0708,0.3324,0.3324,0.3195,0.6598,-3.0318,-3.5295,3.4299,18.5081,-18.1265,-29.2387,-0.0373,-0.0207,0.0478
181521994,0.0009,0.0001,0.0648,0.0965,-0.0722,-0.0584,-0.0269,0.0769,0.3334,0.3334,0.2131,0.4857,-1.8523,-2.7017,2.3020,18.4996,-18.1486,-29.2230,-0.0599,-0.0535,0.0766
181526994,0.0011,-0.0000,-0.0153,-0.0360,0.0374,-0.0091,0.0252,-0.0118,0.3334,0.3334,-0.0041,0.0795,0.0015,-0.6170,0.8687,18.4993,-18.1509,-29.2194,-0.0638,-0.0488,0.0916
181531994,0.0010,-0.0005,-0.0452,-0.1234,0.0216,0.0100,0.0673,-0.0747,0.3332,0.3332,-0.0364,-0.1438,-0.0003,0.2291,-0.0333,18.4993,-18.1491,-29.2196,-0.0480,-0.0167,0.0705
181536994,0.0002,-0.0015,-0.1188,-0.2019,-0.0630,0.0637,0.0916,-0.1626,0.3326,0.3326,-0.1266,-0.2735,0.1916,0.5650,-0.3558,18.4999,-18.1475,-29.2208,-0.0047,0.0036,0.0269
181541994,-0.0002,-0.0030,-0.0852,-0.2492,-0.0572,0.0523,0.1461,-0.2050,0.3319,0.3319,-0.1397,-0.5481,1.1649,2.4819,-1.3616,18.5046,-18.1344,-29.2280,0.0088,0.0333,0.0068
181546994,-0.0009,-0.0041,-0.1054,-0.1732,-0.0227,0.0779,0.1141,-0.1946,0.3304,0.3304,-0.2955,-0.7500,3.5502,5.1519,-2.2666,18.5228,-18.1144,-29.2370,0.0347,0.0584,-0.0303
181551994,-0.0014,-0.0053,-0.0935,-0.1949,-0.0520,0.0782,0.1425,-0.2267,0.3290,0.3290,-0.2809,-0.7105,2.9445,4.1826,-2.4500,18.5363,-18.0847,-29.2544,0.0863,0.1251,-0.0552
181556994,-0.0017,-0.0058,-0.0822,-0.0483,-0.2796,0.0680,0.0670,-0.1674,0.3284,0.3284,-0.1175,-0.3628,1.2835,2.9193,-1.1271,18.5440,-18.0731,-29.2588,0.0885,0.1333,-0.1191
181561994,-0.0016,-0.0060,-0.0095,0.0156,-0.2704,0.0238,0.0593,-0.1145,0.3287,0.3287,0.0491,-0.2374,0.9951,3.2841,0.0283,18.5482,-18.0543,-29.2585,0.0736,0.1271,-0.1571
181566994,-0.0018,-0.0057,-0.0299,0.1060,-0.1748,0.0435,0.0045,-0.0683,0.3286,0.3286,-0.0179,-0.1462,1.4433,3.2092,-0.0373,18.5561,-18.0442,-29.2589,0.0448,0.1084,-0.1503
181571994,-0.0018,-0.0051,0.0232,0.1552,-0.1913,0.0112,-0.0142,-0.0192,0.3286,0.3286,-0.0023,0.0126,1.2483,1.8877,0.0530,18.5614,-18.0287,-29.2587,0.0403,0.0778,-0.1273
181576994,-0.0018,-0.0043,0.0183,0.1936,-0.1669,0.0163,-0.0482,0.0126,0.3283,0.3283,-0.0455,0.1729,1.0078,0.4331,0.1653,18.5674,-18.0258,-29.2581,0.0307,0.0404,-0.0849
181581994,-0.0016,-0.0031,0.0440,0.2153,-0.1223,-0.0013,-0.0674,0.0545,0.3284,0.3284,0.0174,0.3187,0.6312,-0.3271,1.0012,18.5704,-18.0272,-29.2535,0.0184,-0.0067,-0.0663
181586994,-0.0013,-0.0022,0.0858,0.1759,-0.0667,-0.0285,-0.0451,0.0659,0.3285,0.3285,0.0239,0.4201,0.5491,-1.7099,1.4301,18.5739,-18.0346,-29.2478,0.0107,-0.0249,-0.0247
181591994,-0.0009,-0.0012,0.1035,0.1872,-0.0356,-0.0447,-0.0573,0.0979,0.3286,0.3286,0.0179,0.6470,-0.0713,-3.9827,1.9304,18.5735,-18.0500,-29.2366,-0.0093,-0.0337,0.0172
181596994,-0.0003,-0.0006,0.0840,0.1194,-0.0334,-0.0457,-0.0317,0.0736,0.3299,0.3299,0.2508,0.5892,-1.8633,-3.0264,3.0146,18.5649,-18.0755,-29.2248,-0.0287,-0.0712,0.0627
181601994,0.0004,-0.0000,0.0867,0.1151,0.0478,-0.0565,-0.0277,0.0898,0.3316,0.3316,0.3403,0.3540,-3.0041,-1.7158,1.3546,18.5520,-18.0823,-29.2137,-0.0348,-0.0702,0.0839
181606994,0.0005,-0.0002,0.0214,-0.0589,0.0698,-0.0188,0.0464,-0.0195,0.3325,0.3325,0.1762,-0.0723,-1.2498,0.5599,0.3885,18.5424,-18.0799,-29.2125,-0.0667,-0.0405,0.0989
181611994,0.0003,-0.0008,-0.0137,-0.1292,0.0564,0.0056,0.0787,-0.0777,0.3325,0.3325,0.0169,-0.1436,-0.3021,0.1310,-0.0536,18.5414,-18.0792,-29.2130,-0.0442,-0.0111,0.0949
181616994,0.0001,-0.0018,-0.0681,-0.2068,0.0045,0.0377,0.1153,-0.1525,0.3323,0.3323,-0.0506,-0.3052,0.1574,0.9851,-0.2802,18.5419,-18.0758,-29.2139,-0.0184,0.0052,0.0504
181621994,-0.0001,-0.0029,-0.0956,-0.2092,-0.0404,0.0568,0.1222,-0.1838,0.3315,0.3315,-0.1509,-0.4844,1.1330,2.2886,-1.2498,18.5459,-18.0671,-29.2201,0.0109,0.0357,0.0108
181626994,-0.0007,-0.0041,-0.1188,-0.1768,-0.0261,0.0814,0.1134,-0.1979,0.3305,0.3305,-0.2159,-0.7819,3.0638,5.8841,-1.8979,18.5614,-18.0353,-29.2278,0.0390,0.0782,-0.0267
181631994,-0.0011,-0.0052,-0.0874,-0.1790,-0.0459,0.0710,0.1366,-0.2128,0.3287,0.3287,-0.3614,-0.7160,3.9693,4.3825,-2.5252,18.5786,-18.0180,-29.2443,0.0572,0.1177,-0.0519
181636994,-0.0014,-0.0057,-0.0993,-0.0687,-0.2655,0.0740,0.0733,-0.1782,0.3279,0.3279,-0.1440,-0.3377,1.4919,2.7309,-0.7292,18.5889,-17.9990,-29.2475,0.0878,0.1360,-0.1171
181641994,-0.0015,-0.0060,-0.0266,-0.0095,-0.2674,0.0331,0.0683,-0.1324,0.3281,0.3281,0.0414,-0.2379,0.7158,2.9505,0.0108,18.5913,-17.9875,-29.2470,0.0753,0.1211,-0.1344
181646994,-0.0020,-0.0057,-0.0867,0.1240,-0.1177,0.0823,-0.0212,-0.0748,0.3275,0.3275,-0.1313,-0.0656,1.7031,2.4359,-0.0053,18.6007,-17.9714,-29.2471,0.0630,0.1034,-0.1525
181651994,-0.0021,-0.0049,0.0098,0.1781,-0.1324,0.0269,-0.0336,-0.0087,0.3274,0.3274,-0.0264,0.0644,1.2267,1.5603,0.0969,18.6059,-17.9652,-29.2467,0.0545,0.0680,-0.1207
181656994,-0.0022,-0.0041,0.0116,0.1918,-0.1000,0.0294,-0.0540,0.0130,0.3269,0.3269,-0.0982,0.2070,1.3616,0.0444,0.2377,18.6133,-17.9639,-29.2457,0.0553,0.0260,-0.0803
181661994,-0.0018,-0.0030,0.0678,0.1857,-0.0640,-0.0091,-0.0468,0.0485,0.3269,0.3269,0.0099,0.3069,0.8573,-0.5656,0.9924,18.6169,-17.9661,-29.2403,0.0371,0.0023,-0.0605
181666994,-0.0015,-0.0022,0.0965,0.1796,-0.0142,-0.0297,-0.0439,0.0719,0.3271,0.3271,0.0285,0.5016,0.0922,-2.7373,1.4040,18.6174,-17.9795,-29.2346,0.0199,-0.0278,-0.0159
181671994,-0.0008,-0.0013,0.1142,0.1515,0.0384,-0.0509,-0.0302,0.0855,0.3271,0.3271,0.0162,0.6522,-0.4412,-4.7546,1.6846,18.6158,-17.9986,-29.2252,-0.0173,-0.0310,0.0038
181676994,-0.0001,-0.0007,0.1042,0.1097,0.0747,-0.0572,-0.0135,0.0794,0.3290,0.3290,0.3701,0.5054,-2.7003,-2.2844,2.8048,18.6024,-18.0179,-29.2141,-0.0226,-0.0556,0.0384
181681994,0.0007,-0.0004,0.1326,0.0458,0.1697,-0.0861,0.0352,0.0705,0.3315,0.3315,0.5011,0.1333,-3.6519,-0.1108,1.0130,18.5867,-18.0178,-29.2050,-0.0560,-0.0405,0.0925
181686994,0.0010,-0.0007,0.0150,-0.0806,0.1166,-0.0221,0.0693,-0.0336,0.3323,0.3323,0.1696,-0.1047,-1.3671,0.5092,0.1999,18.5760,-18.0147,-29.2040,-0.0897,-0.0003,0.0798
181691994,0.0009,-0.0013,-0.0428,-0.1347,0.1260,0.0129,0.0893,-0.0876,0.3327,0.3327,0.0762,-0.2152,-1.0584,0.7834,-0.2522,18.5719,-18.0114,-29.2055,-0.0862,0.0173,0.0677
181696994,0.0007,-0.0022,-0.0990,-0.1817,0.1135,0.0500,0.1097,-0.1466,0.3329,0.3329,0.0420,-0.5104,-0.0373,3.6472,-0.5777,18.5697,-17.9937,-29.2079,-0.0461,0.0448,0.0270
181701994,0.0000,-0.0036,-0.1219,-0.2220,0.0692,0.0736,0.1378,-0.2035,0.3326,0.3326,-0.0662,-0.7258,0.5100,4.3721,-2.1057,18.5714,-17.9745,-29.2194,-0.0025,0.1152,0.0089
181706994,-0.0009,-0.0046,-0.1643,-0.1655,-0.0432,0.1124,0.0990,-0.2164,0.3305,0.3305,-0.4105,-0.5589,2.2006,1.9903,-3.0685,18.5826,-17.9616,-29.2316,0.0150,0.1272,-0.0301
181711994,-0.0016,-0.0054,-0.1429,-0.1029,-0.1116,0.1096,0.0764,-0.1990,0.3280,0.3280,-0.5114,-0.3825,3.9380,1.6406,-1.9564,18.5980,-17.9553,-29.2472,0.0498,0.1353,-0.0973
181716994,-0.0026,-0.0055,-0.1854,0.0214,-0.0676,0.1533,-0.0042,-0.1569,0.3260,0.3260,-0.3948,-0.1223,2.5555,1.1548,-0.6957,18.6177,-17.9470,-29.2496,0.1221,0.0923,-0.1412
181721994,-0.0031,-0.0052,-0.0968,0.1008,-0.1525,0.1081,-0.0314,-0.0943,0.3248,0.3248,-0.2382,0.0406,1.9421,0.7610,-0.0164,18.6250,-17.9439,-29.2493,0.1265,0.0750,-0.1561
181726994,-0.0034,-0.0046,-0.0232,0.1442,-0.1250,0.0714,-0.0436,-0.0423,0.3238,0.3238,-0.2122,0.1393,2.1477,0.0796,0.0138,18.6374,-17.9421,-29.2493,0.1330,0.0363,-0.1467
181731994,-0.0031,-0.0038,0.0944,0.1536,-0.0618,-0.0017,-0.0215,0.0160,0.3237,0.3237,-0.0216,0.1955,1.3181,-0.2402,0.2968,18.6430,-17.9430,-29.2482,0.0973,-0.0067,-0.1244
181736994,-0.0025,-0.0030,0.1429,0.1432,-0.0359,-0.0402,-0.0082,0.0443,0.3241,0.3241,0.0946,0.3059,0.0271,-1.5593,0.5337,18.6444,-17.9503,-29.2457,0.0762,-0.0167,-0.0846
181741994,-0.0015,-0.0023,0.1454,0.1600,0.0255,-0.0566,-0.0167,0.0763,0.3245,0.3245,0.0744,0.4082,-0.0903,-2.4783,0.7133,18.6439,-17.9605,-29.2409,0.0284,-0.0035,-0.0391
181746994,-0.0005,-0.0015,0.1552,0.1558,0.0607,-0.0798,-0.0122,0.0990,0.3255,0.3255,0.2025,0.3862,-0.9674,-1.9230,1.0405,18.6393,-17.9745,-29.2365,-0.0091,-0.0251,0.0004
181751994,0.0002,-0.0007,0.1136,0.1387,0.1407,-0.0653,-0.0189,0.1005,0.3273,0.3273,0.3580,0.3438,-2.1810,-0.7783,1.8592,18.6309,-17.9774,-29.2264,-0.0215,-0.0253,0.0203
181756994,0.0009,-0.0002,0.1213,0.0794,0.1712,-0.0830,0.0139,0.0890,0.3301,0.3301,0.5644,0.2862,-3.9853,-0.3800,2.2784,18.6057,-17.9788,-29.2163,-0.0521,-0.0215,0.0699
181761994,0.0011,-0.0001,0.0119,0.0031,0.1437,-0.0216,0.0183,0.0200,0.3311,0.3311,0.2021,0.1162,-2.0669,-0.6757,0.7779,18.5975,-17.9818,-29.2101,-0.0935,-0.0016,0.0958
181766994,0.0012,-0.0003,-0.0034,-0.0550,0.2039,-0.0126,0.0500,-0.0137,0.3316,0.3316,0.0922,-0.0592,-1.0723,0.0198,-0.0354,18.5905,-17.9838,-29.2105,-0.0712,0.0129,0.0932
181771994,0.0006,-0.0008,-0.0983,-0.1048,0.1480,0.0531,0.0481,-0.0841,0.3313,0.3313,-0.0654,-0.2156,-0.2338,0.8458,-0.5795,18.5893,-17.9799,-29.2126,-0.0426,0.0198,0.0465
181776994,0.0001,-0.0018,-0.1411,-0.1906,0.0775,0.0842,0.0883,-0.1635,0.3306,0.3306,-0.1384,-0.5346,0.6607,2.9042,-1.5192,18.5921,-17.9655,-29.2186,0.0024,0.0346,0.0088
181781994,-0.0007,-0.0029,-0.1237,-0.2111,0.0833,0.0890,0.1136,-0.1930,0.3292,0.3292,-0.2692,-0.5748,1.3234,2.0431,-2.6347,18.5963,-17.9559,-29.2330,0.0202,0.0579,-0.0128
181786994,-0.0013,-0.0036,-0.1344,-0.0932,0.0295,0.1059,0.0536,-0.1561,0.3263,0.3263,-0.5907,-0.4501,3.7856,1.0010,-3.5886,18.6183,-17.9510,-29.2477,0.0470,0.0972,-0.0630
181791994,-0.0023,-0.0041,-0.1686,-0.0635,-0.0093,0.1414,0.0257,-0.1682,0.3245,0.3245,-0.3460,-0.2822,2.1257,1.5605,-1.2540,18.6275,-17.9448,-29.2569,0.1184,0.0966,-0.1012
181796994,-0.0029,-0.0042,-0.0904,0.0119,-0.0719,0.1035,0.0040,-0.1158,0.3239,0.3239,-0.1302,-0.1149,0.9278,1.3042,-0.3283,18.6327,-17.9355,-29.2586,0.1302,0.0755,-0.1422
181801994,-0.0030,-0.0038,0.0131,0.0993,-0.0963,0.0439,-0.0181,-0.0370,0.3232,0.3232,-0.1410,0.0808,1.7666,0.1729,-0.0669,18.6397,-17.9346,-29.2590,0.1262,0.0419,-0.1492
181806994,-0.0026,-0.0031,0.1252,0.1545,-0.0359,-0.0280,-0.0185,0.0424,0.3234,0.3234,0.0367,0.2007,0.7418,-0.5402,0.0524,18.6459,-17.9375,-29.2587,0.0916,-0.0034,-0.1026
181811994,-0.0021,-0.0023,0.1264,0.1475,0.0136,-0.0358,-0.0207,0.0581,0.3237,0.3237,0.0665,0.2945,0.2733,-1.3401,0.5500,18.6466,-17.9426,-29.2564,0.0705,-0.0101,-0.0831
181816994,-0.0011,-0.0017,0.1567,0.1506,0.0866,-0.0690,-0.0114,0.0905,0.3243,0.3243,0.1092,0.3948,-0.3129,-2.4137,0.7278,18.6451,-17.9561,-29.2528,0.0299,-0.0117,-0.0385
181821994,-0.0002,-0.0009,0.1335,0.1414,0.0744,-0.0721,-0.0178,0.0985,0.3250,0.3250,0.1469,0.4853,-1.0589,-3.1215,1.3007,18.6412,-17.9685,-29.2455,-0.0061,-0.0101,-0.0169
181826994,0.0005,-0.0004,0.0895,0.1139,0.1224,-0.0579,-0.0161,0.0882,0.3270,0.3270,0.4064,0.3315,-3.1514,-1.0220,1.7754,18.6254,-17.9785,-29.2387,-0.0375,-0.0264,0.0211
181831994,0.0011,0.0000,0.0880,0.0641,0.2024,-0.0655,0.0113,0.0777,0.3298,0.3298,0.5460,0.2412,-4.4941,-0.5314,1.7440,18.6063,-17.9802,-29.2256,-0.0609,-0.0239,0.0748
181836994,0.0010,-0.0001,-0.0009,-0.0284,0.1987,-0.0105,0.0316,0.0019,0.3305,0.3305,0.1416,0.0769,-1.3322,-0.4221,0.9316,18.5958,-17.9823,-29.2223,-0.0813,-0.0013,0.0912
181841994,0.0006,-0.0006,-0.0458,-0.0745,0.2079,0.0235,0.0470,-0.0464,0.3305,0.3305,0.0153,-0.0750,-0.8161,-0.1321,-0.1387,18.5939,-17.9834,-29.2231,-0.0690,0.0113,0.0800
181846994,0.0001,-0.0010,-0.0965,-0.1109,0.1248,0.0591,0.0501,-0.0948,0.3302,0.3302,-0.0579,-0.3242,0.0299,1.8324,-0.9111,18.5927,-17.9747,-29.2265,-0.0282,0.0280,0.0363
181851994,-0.0005,-0.0018,-0.1121,-0.1897,0.0625,0.0763,0.0913,-0.1603,0.3297,0.3297,-0.1158,-0.5755,0.7087,3.1496,-1.8114,18.5951,-17.9619,-29.2364,0.0117,0.0459,0.0156
181856994,-0.0010,-0.0031,-0.1255,-0.2086,0.0604,0.0948,0.1115,-0.1993,0.3275,0.3275,-0.4430,-0.4912,2.7151,0.9986,-2.6357,18.6087,-17.9527,-29.2468,0.0448,0.0660,-0.0257
181861994,-0.0016,-0.0039,-0.1191,-0.1161,-0.0056,0.1002,0.0710,-0.1719,0.3249,0.3249,-0.5043,-0.3624,3.6575,0.9559,-2.2135,18.6245,-17.9495,-29.2641,0.0903,0.0963,-0.0861
181866994,-0.0017,-0.0043,-0.0501,-0.0360,-0.0304,0.0586,0.0553,-0.1174,0.3244,0.3244,-0.1018,-0.2611,1.0986,1.9737,-0.9216,18.6330,-17.9393,-29.2677,0.1161,0.0896,-0.1345
181871994,-0.0020,-0.0044,-0.0702,0.0308,-0.0985,0.0738,0.0111,-0.0964,0.3241,0.3241,-0.0572,-0.1012,0.7095,1.7085,0.0081,18.6346,-17.9315,-29.2682,0.1004,0.0765,-0.1371
181876994,-0.0021,-0.0041,-0.0147,0.0977,-0.0679,0.0436,-0.0100,-0.0415,0.3238,0.3238,-0.0585,0.0995,0.5746,0.0771,0.0989,18.6392,-17.9299,-29.2678,0.0737,0.0537,-0.1088
181881994,-0.0020,-0.0033,0.0519,0.1713,0.0274,0.0066,-0.0362,0.0328,0.3239,0.3239,0.0141,0.2060,0.5881,-0.0541,0.3905,18.6416,-17.9301,-29.2654,0.0613,0.0067,-0.0978
181886994,-0.0016,-0.0025,0.0819,0.1561,0.0692,-0.0154,-0.0293,0.0527,0.3243,0.3243,0.0852,0.3138,-0.0637,-1.0403,0.9872,18.6418,-17.9349,-29.2617,0.0241,-0.0052,-0.0583
181891994,-0.0012,-0.0017,0.1103,0.1399,0.0671,-0.0399,-0.0214,0.0692,0.3248,0.3248,0.0991,0.4341,-0.4763,-2.4932,1.2906,18.6400,-17.9447,-29.2547,0.0008,-0.0159,-0.0137
181896994,-0.0007,-0.0010,0.1038,0.1038,0.0927,-0.0456,-0.0096,0.0660,0.3256,0.3256,0.1442,0.5281,-1.7515,-4.0322,1.4246,18.6322,-17.9676,-29.2489,-0.0194,-0.0114,0.0237
181901994,-0.0002,-0.0006,0.0467,0.0724,0.1370,-0.0190,-0.0112,0.0461,0.3274,0.3274,0.3783,0.4817,-3.8338,-2.7740,2.4899,18.6112,-17.9802,-29.2341,-0.0392,-0.0285,0.0414
181906994,0.0002,-0.0005,0.1185,0.0308,0.2375,-0.0646,0.0376,0.0546,0.3292,0.3292,0.3602,0.1252,-2.2178,-0.1329,1.0796,18.6016,-17.9819,-29.2298,-0.0505,-0.0253,0.0670
181911994,0.0002,-0.0007,-0.0214,-0.0709,0.2067,0.0163,0.0513,-0.0437,0.3290,0.3290,-0.0478,-0.0735,0.0228,-0.2547,-0.2881,18.6008,-17.9828,-29.2317,-0.0436,0.0020,0.0604
181916994,0.0004,-0.0014,-0.0006,-0.1402,0.1104,-0.0036,0.1014,-0.0850,0.3294,0.3294,0.0861,-0.2340,-0.8946,0.6740,-0.5321,18.5978,-17.9810,-29.2338,-0.0326,0.0200,0.0514
181921994,0.0001,-0.0024,-0.1136,-0.1872,0.0842,0.0680,0.1051,-0.1633,0.3291,0.3291,-0.0617,-0.4839,0.0956,2.5823,-1.2318,18.5965,-17.9711,-29.2398,-0.0187,0.0420,0.0109
181926994,-0.0002,-0.0035,-0.0516,-0.1619,0.1279,0.0383,0.1270,-0.1504,0.3291,0.3291,-0.0122,-0.6307,0.5623,4.0188,-2.0093,18.5987,-17.9450,-29.2480,0.0058,0.1048,-0.0273
181931994,-0.0009,-0.0042,-0.1106,-0.1176,0.0072,0.0821,0.0865,-0.1677,0.3275,0.3275,-0.3067,-0.5614,1.9063,2.5773,-3.1296,18.6077,-17.9350,-29.2668,0.0258,0.1181,-0.0464
181936994,-0.0014,-0.0048,-0.0816,-0.0785,-0.0786,0.0713,0.0758,-0.1563,0.3258,0.3258,-0.3476,-0.3132,3.0278,1.5812,-1.4390,18.6202,-17.9244,-29.2725,0.0336,0.1271,-0.1142
181941994,-0.0020,-0.0048,-0.1124,0.0522,-0.0285,0.1010,-0.0030,-0.1013,0.3247,0.3247,-0.2117,-0.0382,1.2951,0.7744,-0.3894,18.6301,-17.9212,-29.2753,0.0825,0.0852,-0.1316
181946994,-0.0023,-0.0042,-0.0525,0.1582,-0.0481,0.0715,-0.0522,-0.0248,0.3239,0.3239,-0.1608,0.1255,1.2611,0.2688,-0.1531,18.6351,-17.9198,-29.2758,0.0908,0.0753,-0.1536
181951994,-0.0026,-0.0034,-0.0333,0.1704,0.0069,0.0684,-0.0671,-0.0005,0.3231,0.3231,-0.1753,0.1910,1.5546,-0.1564,0.1063,18.6449,-17.9204,-29.2754,0.0950,0.0338,-0.1080
181956994,-0.0024,-0.0026,0.0861,0.1524,0.0210,-0.0065,-0.0325,0.0415,0.3231,0.3231,0.0172,0.2467,0.6329,-0.7398,0.4719,18.6475,-17.9239,-29.2734,0.0759,-0.0054,-0.0678
181961994,-0.0020,-0.0018,0.1032,0.1588,0.0228,-0.0232,-0.0403,0.0662,0.3235,0.3235,0.0736,0.3726,-0.0128,-1.7176,1.0316,18.6474,-17.9306,-29.2676,0.0509,-0.0204,-0.0455
181966994,-0.0011,-0.0010,0.1545,0.1304,0.0689,-0.0677,-0.0136,0.0893,0.3238,0.3238,0.0659,0.5247,-0.1233,-3.6466,1.4241,18.6469,-17.9506,-29.2619,0.0272,-0.0250,-0.0034
181971994,-0.0003,-0.0004,0.1170,0.1249,0.0713,-0.0606,-0.0247,0.0936,0.3247,0.3247,0.1745,0.5847,-1.2532,-3.5695,2.3425,18.6409,-17.9664,-29.2497,-0.0087,-0.0397,0.0123
181976994,0.0005,0.0000,0.1182,0.0599,0.2231,-0.0706,0.0170,0.0795,0.3271,0.3271,0.4692,0.2906,-2.6404,-0.2149,2.7516,18.6309,-17.9701,-29.2377,-0.0382,-0.0378,0.0609
181981994,0.0011,-0.0002,0.0901,-0.0055,0.1605,-0.0687,0.0488,0.0385,0.3294,0.3294,0.4649,0.0910,-3.6132,-0.0593,1.1805,18.6059,-17.9700,-29.2300,-0.0616,-0.0210,0.0929
181986994,0.0013,-0.0004,0.0254,-0.0809,0.0885,-0.0364,0.0714,-0.0247,0.3303,0.3303,0.1820,-0.1085,-1.5073,0.4144,0.0599,18.5997,-17.9685,-29.2300,-0.0863,0.0192,0.0687
181991994,0.0011,-0.0012,-0.0825,-0.1655,0.2305,0.0365,0.0989,-0.1086,0.3302,0.3302,-0.0107,-0.3721,-0.3782,1.7484,-0.9068,18.5968,-17.9619,-29.2335,-0.0571,0.0353,0.0455
181996994,0.0005,-0.0025,-0.1066,-0.2162,0.1758,0.0602,0.1305,-0.1703,0.3304,0.3304,0.0397,-0.7155,0.0817,4.9226,-1.4959,18.5973,-17.9351,-29.2392,-0.0342,0.0603,0.0042
182001994,0.0001,-0.0036,-0.1145,-0.1918,0.0445,0.0678,0.1247,-0.1873,0.3294,0.3294,-0.2183,-0.6194,1.0761,2.6710,-2.8272,18.6024,-17.9240,-29.2544,0.0046,0.1299,-0.0096
182006994,-0.0004,-0.0044,-0.1197,-0.0956,-0.0420,0.0775,0.0774,-0.1597,0.3273,0.3273,-0.4102,-0.4934,2.1721,1.4946,-3.6199,18.6111,-17.9148,-29.2698,0.0402,0.1378,-0.0599
182011994,-0.0011,-0.0046,-0.1344,-0.0031,0.0142,0.1009,0.0256,-0.1248,0.3250,0.3250,-0.4681,-0.1828,3.7738,1.2211,-1.0919,18.6345,-17.9101,-29.2783,0.0603,0.1201,-0.1269
182016994,-0.0015,-0.0043,-0.1191,0.1161,0.0374,0.0999,-0.0393,-0.0562,0.3237,0.3237,-0.2436,0.0572,1.6024,0.5988,-0.1599,18.6407,-17.9054,-29.2785,0.1070,0.0780,-0.1360
182021994,-0.0020,-0.0038,-0.0785,0.1393,-0.0597,0.0814,-0.0554,-0.0329,0.3227,0.3227,-0.2108,0.1318,1.5594,0.1369,0.0392,18.6491,-17.9047,-29.2781,0.1020,0.0573,-0.1234
182026994,-0.0023,-0.0030,-0.0150,0.1732,-0.0023,0.0507,-0.0664,0.0155,0.3221,0.3221,-0.1159,0.2278,1.0539,-0.4193,0.2818,18.6534,-17.9071,-29.2772,0.0978,0.0131,-0.0813
182031994,-0.0019,-0.0021,0.1148,0.1744,0.0219,-0.0324,-0.0384,0.0734,0.3226,0.3226,0.0979,0.3730,0.3782,-1.0859,1.4669,18.6566,-17.9114,-29.2693,0.0715,-0.0218,-0.0678
182036994,-0.0014,-0.0014,0.1319,0.1432,0.0093,-0.0519,-0.0257,0.0787,0.3229,0.3229,0.0611,0.5627,-0.0494,-3.5361,1.8577,18.6563,-17.9292,-29.2619,0.0310,-0.0290,-0.0171
182041994,-0.0006,-0.0007,0.1191,0.1252,0.0429,-0.0577,-0.0226,0.0853,0.3233,0.3233,0.0822,0.6250,-0.4438,-4.0687,2.3580,18.6545,-17.9467,-29.2489,0.0096,-0.0348,0.0238
182046994,0.0002,-0.0004,0.1100,0.0553,0.1511,-0.0630,0.0176,0.0629,0.3251,0.3251,0.3586,0.3298,-1.2661,-0.2626,3.2676,18.6496,-17.9506,-29.2352,-0.0254,-0.0407,0.0773
182051994,0.0005,-0.0002,0.0620,0.0140,0.1196,-0.0429,0.0240,0.0328,0.3277,0.3277,0.5155,0.0921,-4.2128,0.3350,1.3383,18.6281,-17.9488,-29.2254,-0.0499,-0.0308,0.0905
182056994,0.0010,-0.0006,0.0696,-0.1038,-0.0197,-0.0606,0.0913,-0.0330,0.3295,0.3295,0.3557,-0.1640,-2.5766,0.9957,0.2220,18.6167,-17.9439,-29.2248,-0.0692,0.0129,0.0621
182061994,0.0008,-0.0014,-0.0794,-0.1756,0.1663,0.0384,0.1025,-0.1216,0.3294,0.3294,-0.0077,-0.3781,-0.0239,2.0769,-0.5256,18.6154,-17.9356,-29.2276,-0.0707,0.0279,0.0447
182066994,0.0007,-0.0024,-0.0724,-0.1857,0.1941,0.0375,0.1267,-0.1417,0.3298,0.3298,0.0797,-0.6178,-0.0968,4.3773,-1.1779,18.6151,-17.9123,-29.2326,-0.0433,0.0437,0.0013
182071994,0.0001,-0.0036,-0.1191,-0.1817,0.0604,0.0707,0.1188,-0.1825,0.3290,0.3290,-0.1561,-0.6238,0.3891,2.8200,-2.8645,18.6167,-17.8996,-29.2473,-0.0220,0.1155,-0.0335
182076994,-0.0005,-0.0042,-0.1323,-0.0608,-0.0334,0.0854,0.0530,-0.1423,0.3273,0.3273,-0.3404,-0.4380,1.0924,1.1976,-3.6517,18.6210,-17.8917,-29.2631,0.0174,0.1324,-0.0954
182081994,-0.0010,-0.0042,-0.1542,0.0235,0.0148,0.1107,0.0002,-0.1092,0.3250,0.3250,-0.4683,-0.1229,3.0407,0.4878,-1.3955,18.6359,-17.8898,-29.2732,0.0484,0.1258,-0.1269
182086994,-0.0019,-0.0040,-0.1811,0.1005,0.0973,0.1448,-0.0554,-0.0782,0.3226,0.3226,-0.4868,0.0582,2.9619,-0.1669,-0.7118,18.6493,-17.8903,-29.2757,0.0894,0.0794,-0.1354
182091994,-0.0022,-0.0034,-0.0544,0.1610,-0.0178,0.0719,-0.0657,-0.0083,0.3215,0.3215,-0.2117,0.2164,1.4393,-0.6677,0.0438,18.6582,-17.8929,-29.2759,0.1326,0.0364,-0.1225
182096994,-0.0022,-0.0024,0.0318,0.2126,-0.1315,0.0172,-0.0864,0.0540,0.3208,0.3208,-0.1454,0.3392,1.3912,-1.3951,0.2333,18.6636,-17.9005,-29.2751,0.1303,0.0147,-0.0735
182101994,-0.0015,-0.0014,0.1222,0.1750,-0.0633,-0.0457,-0.0484,0.0867,0.3210,0.3210,0.0442,0.4414,0.4430,-2.1382,1.2877,18.6675,-17.9088,-29.2689,0.1091,-0.0217,-0.0356
182106994,-0.0009,-0.0010,0.1432,0.1252,-0.0676,-0.0691,-0.0191,0.0804,0.3211,0.3211,0.0193,0.6521,-0.0301,-4.7985,1.9765,18.6673,-17.9338,-29.2609,0.0633,-0.0304,0.0063
182111994,-0.0000,-0.0004,0.1329,0.1341,-0.0676,-0.0798,-0.0273,0.0993,0.3219,0.3219,0.1568,0.5993,-0.1727,-2.8974,3.0849,18.6666,-17.9478,-29.2441,0.0191,-0.0633,0.0258
182116994,0.0009,-0.0002,0.1469,0.0376,0.0423,-0.1020,0.0373,0.0696,0.3237,0.3237,0.3692,0.2095,-0.6698,0.6994,2.9117,18.6642,-17.9466,-29.2310,0.0012,-0.0497,0.0832
182121994,0.0013,-0.0003,0.0541,-0.0345,-0.0655,-0.0595,0.0477,0.0042,0.3255,0.3255,0.3480,0.0324,-2.3000,0.5430,1.4038,18.6528,-17.9441,-29.2212,-0.0327,-0.0151,0.1023
182126994,0.0018,-0.0008,0.0467,-0.0965,-0.1681,-0.0680,0.0863,-0.0378,0.3278,0.3278,0.4614,-0.1656,-3.8437,1.2178,0.3276,18.6367,-17.9383,-29.2197,-0.0647,0.0031,0.0766
182131994,0.0015,-0.0015,-0.0565,-0.1600,0.0155,0.0056,0.1034,-0.1071,0.3284,0.3284,0.1337,-0.3908,-1.0350,2.5672,-0.3997,18.6271,-17.9284,-29.2216,-0.0819,0.0360,0.0313
182136994,0.0012,-0.0025,-0.1069,-0.1735,0.1621,0.0470,0.1156,-0.1437,0.3290,0.3290,0.1086,-0.7187,0.0231,5.9311,-1.0767,18.6278,-17.8960,-29.2255,-0.0647,0.0771,-0.0066
182141994,0.0005,-0.0037,-0.1292,-0.1894,-0.0108,0.0659,0.1230,-0.1901,0.3283,0.3283,-0.1339,-0.6927,0.4529,3.6377,-2.8343,18.6296,-17.8808,-29.2398,-0.0166,0.1201,-0.0301
182146994,-0.0003,-0.0042,-0.1976,-0.0437,-0.2161,0.1140,0.0194,-0.1585,0.3263,0.3263,-0.3951,-0.3720,0.9796,0.8897,-3.3320,18.6338,-17.8724,-29.2544,0.0043,0.1448,-0.0864
182151994,-0.0008,-0.0042,-0.1469,0.0290,-0.1089,0.0984,-0.0039,-0.1071,0.3241,0.3241,-0.4466,-0.1306,2.6929,0.3844,-1.6683,18.6473,-17.8712,-29.2655,0.0380,0.1141,-0.1086
182156994,-0.0021,-0.0037,-0.2239,0.1457,0.0323,0.1715,-0.0999,-0.0678,0.3209,0.3209,-0.6387,0.0694,4.0804,-0.0439,-1.0270,18.6646,-17.8708,-29.2692,0.1000,0.0919,-0.1487
182161994,-0.0026,-0.0031,-0.1329,0.1536,-0.0249,0.1243,-0.0927,-0.0345,0.3194,0.3194,-0.2958,0.1918,1.5993,-0.4593,0.0307,18.6765,-17.8726,-29.2694,0.1199,0.0483,-0.1081
182166994,-0.0029,-0.0024,-0.0434,0.1805,-0.2393,0.0693,-0.1024,0.0053,0.3185,0.3185,-0.1854,0.2826,1.1333,-1.1040,0.2081,18.6808,-17.8785,-29.2687,0.1324,0.0054,-0.0611
182171994,-0.0028,-0.0014,0.0174,0.1671,-0.2109,0.0336,-0.0918,0.0337,0.3182,0.3182,-0.0707,0.4070,0.7621,-1.7611,1.3232,18.6859,-17.8854,-29.2623,0.1059,-0.0119,-0.0367
182176994,-0.0026,-0.0010,0.0864,0.1200,-0.1794,-0.0106,-0.0519,0.0417,0.3179,0.3179,-0.0450,0.6170,0.3884,-4.2718,2.1201,18.6877,-17.9070,-29.2539,0.0864,-0.0410,0.0019
182181994,-0.0018,-0.0004,0.0953,0.1335,-0.1684,-0.0286,-0.0592,0.0683,0.3183,0.3183,0.0687,0.7238,-0.0353,-4.1273,3.4642,18.6871,-17.9260,-29.2353,0.0408,-0.0874,0.0189
182186994,-0.0010,-0.0002,0.1323,0.0467,-0.0154,-0.0611,0.0085,0.0508,0.3195,0.3195,0.2457,0.3271,-0.2257,-0.7649,2.8391,18.6864,-17.9338,-29.2224,0.0012,-0.0786,0.0441
182191994,-0.0005,-0.0004,0.0528,-0.0522,-0.0750,-0.0248,0.0406,-0.0245,0.3206,0.3206,0.2286,-0.0123,-1.4569,0.2435,0.7576,18.6792,-17.9321,-29.2168,-0.0167,-0.0606,0.0753
182196994,-0.0002,-0.0009,0.0244,-0.1173,-0.1831,-0.0185,0.0727,-0.0755,0.3223,0.3223,0.3372,-0.1695,-3.1458,0.6721,0.0006,18.6671,-17.9288,-29.2168,-0.0220,-0.0137,0.0449
182201994,-0.0001,-0.0018,-0.0195,-0.1814,-0.0630,0.0104,0.1120,-0.1296,0.3231,0.3231,0.1559,-0.3285,-1.5171,1.3821,-0.5092,18.6526,-17.9232,-29.2195,-0.0360,0.0053,0.0147
182206994,-0.0004,-0.0028,-0.0977,-0.1796,0.0298,0.0653,0.1063,-0.1681,0.3229,0.3229,-0.0328,-0.5776,0.1200,3.4042,-1.7138,18.6535,-17.9060,-29.2263,-0.0282,0.0379,-0.0202
182211994,-0.0008,-0.0039,-0.1063,-0.1521,0.0258,0.0785,0.1025,-0.1780,0.3222,0.3222,-0.1397,-0.8797,1.1997,5.5096,-3.8462,18.6592,-17.8838,-29.2472,0.0151,0.1010,-0.0325
182216994,-0.0016,-0.0046,-0.1374,-0.0980,-0.0560,0.1075,0.0665,-0.1806,0.3203,0.3203,-0.3813,-0.5323,2.6510,2.7327,-2.8528,18.6692,-17.8654,-29.2586,0.0502,0.1148,-0.0920
182221994,-0.0022,-0.0047,-0.1500,0.0205,-0.1458,0.1235,-0.0051,-0.1353,0.3186,0.3186,-0.3563,-0.2186,1.9612,1.2034,-1.8722,18.6853,-17.8607,-29.2702,0.0925,0.1110,-0.1403
182226994,-0.0028,-0.0044,-0.0886,0.1151,-0.1828,0.0961,-0.0480,-0.0692,0.3174,0.3174,-0.2377,0.0318,1.1550,0.0304,-1.0417,18.6894,-17.8598,-29.2742,0.1277,0.0601,-0.1565
182231994,-0.0033,-0.0035,-0.0614,0.1961,-0.1144,0.0912,-0.0967,-0.0077,0.3165,0.3165,-0.1728,0.2131,1.1092,-0.2395,-0.0215,18.6961,-17.8608,-29.2749,0.1068,0.0347,-0.1380
182236994,-0.0030,-0.0027,0.0751,0.1521,-0.0643,0.0085,-0.0435,0.0275,0.3164,0.3164,-0.0163,0.2593,0.4215,-1.2866,0.0924,18.6979,-17.8670,-29.2745,0.0965,-0.0029,-0.0890
182241994,-0.0026,-0.0019,0.0434,0.1778,-0.0896,0.0180,-0.0755,0.0471,0.3163,0.3163,-0.0297,0.4168,-0.0070,-2.3593,0.7163,18.6983,-17.8761,-29.2715,0.0802,-0.0288,-0.0730
182246994,-0.0020,-0.0011,0.0727,0.1417,-0.1125,-0.0099,-0.0573,0.0541,0.3158,0.3158,-0.0892,0.6082,-0.0689,-4.8735,1.1278,18.6980,-17.9031,-29.2669,0.0360,-0.0284,-0.0326
182251994,-0.0016,-0.0004,0.0464,0.1390,-0.0948,-0.0026,-0.0695,0.0611,0.3161,0.3161,0.0461,0.5310,-0.7578,-3.2835,1.7590,18.6948,-17.9172,-29.2570,0.0165,-0.0772,0.0073
182256994,-0.0010,-0.0001,0.0727,0.0415,0.1092,-0.0206,-0.0035,0.0368,0.3175,0.3175,0.2916,0.3445,-1.5629,-1.0723,2.8225,18.6885,-17.9263,-29.2460,0.0015,-0.0842,0.0467
182261994,-0.0007,0.0001,0.0440,0.0110,0.1147,-0.0084,0.0038,0.0179,0.3184,0.3184,0.1765,0.1248,-1.4974,-0.7537,0.7105,18.6791,-17.9287,-29.2381,-0.0183,-0.0746,0.0683
182266994,-0.0006,-0.0004,0.0021,-0.1289,-0.0401,0.0082,0.0661,-0.0790,0.3193,0.3193,0.1788,-0.1703,-2.2088,0.0231,-0.5081,18.6703,-17.9300,-29.2403,-0.0087,-0.0327,0.0349
182271994,-0.0007,-0.0014,-0.0599,-0.1866,-0.0163,0.0469,0.0928,-0.1416,0.3197,0.3197,0.0869,-0.3163,-2.0331,0.4333,-1.2333,18.6570,-17.9283,-29.2476,0.0027,0.0107,0.0285
182276994,-0.0009,-0.0023,-0.0904,-0.1527,0.0451,0.0717,0.0815,-0.1480,0.3196,0.3196,-0.0204,-0.4493,-0.6011,2.0844,-1.7288,18.6542,-17.9183,-29.2545,0.0147,0.0273,-0.0083
182281994,-0.0014,-0.0031,-0.1078,-0.1216,0.0536,0.0905,0.0711,-0.1554,0.3183,0.3183,-0.2675,-0.7547,2.0945,4.3901,-3.7520,18.6633,-17.9011,-29.2739,0.0317,0.0539,-0.0397
182286994,-0.0022,-0.0039,-0.1750,-0.1038,0.0109,0.1431,0.0448,-0.1866,0.3162,0.3162,-0.4191,-0.4932,2.8825,2.6733,-2.3363,18.6767,-17.8799,-29.2876,0.0903,0.0851,-0.1077
182291994,-0.0025,-0.0040,-0.0953,0.0211,-0.1828,0.0938,-0.0044,-0.1105,0.3154,0.3154,-0.1640,-0.1498,0.5760,0.9103,-1.2872,18.6809,-17.8760,-29.2926,0.1206,0.0865,-0.1546
182296994,-0.0028,-0.0037,-0.1023,0.1035,-0.1672,0.1051,-0.0564,-0.0681,0.3143,0.3143,-0.2151,0.0791,0.7578,-0.3415,-0.6550,18.6834,-17.8776,-29.2958,0.1202,0.0442,-0.1541
182301994,-0.0032,-0.0032,-0.0974,0.1408,-0.0496,0.1140,-0.0803,-0.0394,0.3134,0.3134,-0.1768,0.2058,0.4936,-0.8088,0.0279,18.6867,-17.8807,-29.2955,0.1046,-0.0002,-0.1073
182306994,-0.0035,-0.0026,-0.0241,0.1558,-0.0279,0.0770,-0.0788,-0.0014,0.3126,0.3126,-0.1542,0.3648,0.6208,-2.1737,0.5158,18.6897,-17.8916,-29.2931,0.1152,-0.0186,-0.0857
182311994,-0.0032,-0.0020,0.0174,0.1478,-0.0643,0.0460,-0.0715,0.0181,0.3119,0.3119,-0.1575,0.5550,0.3056,-4.2637,0.9753,18.6917,-17.9082,-29.2895,0.1101,-0.0452,-0.0427
182316994,-0.0029,-0.0012,0.0202,0.1463,-0.1431,0.0358,-0.0829,0.0305,0.3114,0.3114,-0.0910,0.5917,-0.0080,-4.1111,1.6184,18.6917,-17.9399,-29.2810,0.0664,-0.0868,-0.0019
182321994,-0.0025,-0.0010,0.0312,0.0657,-0.0065,0.0272,-0.0327,0.0047,0.3118,0.3118,0.0706,0.4101,-0.4669,-2.2425,2.1869,18.6899,-17.9490,-29.2725,0.0387,-0.0942,0.0210
182326994,-0.0021,-0.0009,0.0528,-0.0037,0.0988,0.0106,0.0165,-0.0157,0.3125,0.3125,0.1388,0.1210,-0.5787,-0.4222,1.1802,18.6873,-17.9517,-29.2603,0.0303,-0.0871,0.0302
182331994,-0.0019,-0.0015,-0.0015,-0.1093,0.0020,0.0347,0.0626,-0.0971,0.3127,0.3127,0.0531,-0.1465,-0.7729,0.0734,-0.4033,18.6829,-17.9516,-29.2626,0.0143,-0.0373,0.0066
182336994,-0.0017,-0.0024,-0.0137,-0.1564,-0.0270,0.0378,0.0967,-0.1376,0.3130,0.3130,0.0526,-0.3527,-1.2375,0.7609,-1.7619,18.6778,-17.9477,-29.2720,0.0305,-0.0137,-0.0048
182341994,-0.0019,-0.0031,-0.0773,-0.1194,0.0176,0.0803,0.0713,-0.1496,0.3122,0.3122,-0.1464,-0.5009,0.0137,1.6936,-3.2098,18.6762,-17.9408,-29.2842,0.0301,0.0225,-0.0405
182346994,-0.0022,-0.0040,-0.0870,-0.1319,0.0151,0.0908,0.0868,-0.1758,0.3123,0.3123,0.0075,-0.6578,0.0798,4.5176,-2.2453,18.6765,-17.9181,-29.3014,0.0499,0.0461,-0.1105
182351994,-0.0029,-0.0043,-0.1066,-0.0367,0.0976,0.1179,0.0343,-0.1409,0.3123,0.3123,-0.0020,-0.5052,0.1471,4.3305,-1.6974,18.6773,-17.8981,-29.3077,0.0898,0.0781,-0.1484
182356994,-0.0034,-0.0043,-0.0767,0.0382,-0.0178,0.1059,-0.0054,-0.1025,0.3118,0.3118,-0.0972,-0.2183,0.4362,1.8582,-1.4405,18.6790,-17.8852,-29.3170,0.0955,0.0939,-0.1543
182361994,-0.0039,-0.0036,-0.0727,0.1396,-0.1397,0.1087,-0.0758,-0.0491,0.3112,0.3112,-0.1227,0.0783,0.3556,0.1930,-0.5950,18.6822,-17.8846,-29.3187,0.1102,0.0520,-0.1371
182366994,-0.0042,-0.0028,-0.0266,0.1817,-0.0765,0.0896,-0.0977,-0.0008,0.3107,0.3107,-0.0967,0.2861,0.1984,-1.2550,0.0885,18.6826,-17.8910,-29.3185,0.1057,0.0257,-0.1140
182371994,-0.0041,-0.0017,-0.0082,0.2065,0.0063,0.0799,-0.1185,0.0393,0.3100,0.3100,-0.1289,0.3982,0.5731,-2.0046,0.4622,18.6864,-17.8988,-29.3166,0.0988,-0.0170,-0.0693
182376994,-0.0039,-0.0008,0.0086,0.1619,-0.0142,0.0655,-0.1047,0.0375,0.3093,0.3093,-0.1502,0.6196,0.0033,-4.7113,1.1801,18.6863,-17.9229,-29.3103,0.0820,-0.0460,-0.0266
182381994,-0.0040,0.0001,-0.0397,0.1457,-0.1076,0.0918,-0.1288,0.0245,0.3081,0.3081,-0.2357,0.7240,0.0092,-5.8949,1.5485,18.6862,-17.9483,-29.3040,0.0655,-0.0801,0.0142
182386994,-0.0038,0.0005,-0.0122,0.0977,-0.0188,0.0754,-0.0978,0.0203,0.3079,0.3079,-0.0395,0.5638,0.0042,-3.2964,2.6967,18.6862,-17.9690,-29.2898,0.0711,-0.1299,0.0181
182391994,-0.0039,0.0008,-0.0385,0.0238,0.1404,0.0992,-0.0663,-0.0166,0.3076,0.3076,-0.0624,0.2782,0.0227,-1.8800,1.3922,18.6865,-17.9762,-29.2829,0.0796,-0.1267,0.0371
182396994,-0.0042,0.0002,-0.0226,-0.1210,0.0365,0.0905,0.0151,-0.1013,0.3073,0.3073,-0.0631,-0.1014,-0.0081,-0.5853,-0.3324,18.6864,-17.9811,-29.2849,0.0950,-0.1077,0.0338
182401994,-0.0043,-0.0009,0.0104,-0.2242,-0.0301,0.0706,0.0915,-0.1655,0.3070,0.3070,-0.0498,-0.3344,-0.0304,0.0063,-1.4077,18.6864,-17.9808,-29.2900,0.0938,-0.0616,-0.0087
182406994,-0.0040,-0.0020,0.0128,-0.1924,-0.0352,0.0639,0.0960,-0.1641,0.3064,0.3064,-0.1245,-0.5542,-0.0104,0.7816,-3.8649,18.6864,-17.9779,-29.3100,0.0765,-0.0206,-0.0435
182411994,-0.0040,-0.0033,0.0040,-0.2080,0.0045,0.0708,0.1229,-0.1932,0.3062,0.3062,-0.0435,-0.5170,-0.0451,1.4105,-2.5608,18.6862,-17.9725,-29.3214,0.0629,-0.0009,-0.1204
182416994,-0.0039,-0.0039,-0.0046,-0.0822,0.1019,0.0776,0.0717,-0.1375,0.3066,0.3066,0.0701,-0.4097,-0.0355,2.9054,-1.3083,18.6861,-17.9574,-29.3295,0.0683,0.0353,-0.1381
182421994,-0.0037,-0.0041,0.0263,0.0076,0.0768,0.0549,0.0401,-0.0861,0.3076,0.3076,0.2026,-0.4910,-0.0051,5.1730,-1.2445,18.6861,-17.9371,-29.3345,0.0772,0.0623,-0.1502
182426994,-0.0036,-0.0041,-0.0159,0.0556,0.0029,0.0754,-0.0006,-0.0745,0.3080,0.3080,0.0768,-0.2304,-0.0887,2.7861,-0.8935,18.6858,-17.9166,-29.3406,0.0591,0.0829,-0.1391
182431994,-0.0034,-0.0036,0.0021,0.1307,-0.1302,0.0564,-0.0451,-0.0263,0.3081,0.3081,0.0333,0.0961,-0.1439,0.4264,-0.0187,18.6846,-17.9140,-29.3406,0.0602,0.0562,-0.1025
182436994,-0.0034,-0.0028,-0.0458,0.1906,-0.0548,0.0878,-0.1009,0.0067,0.3075,0.3075,-0.1152,0.3210,0.0373,-1.5761,0.1021,18.6848,-17.9228,-29.3399,0.0616,0.0023,-0.0615
182441994,-0.0037,-0.0016,-0.0391,0.2007,0.0411,0.0927,-0.1206,0.0327,0.3069,0.3069,-0.1291,0.4421,0.1390,-2.4182,0.6890,18.6852,-17.9323,-29.3376,0.0730,-0.0193,-0.0230
182446994,-0.0041,-0.0009,-0.0583,0.1283,0.0231,0.1110,-0.1066,-0.0017,0.3054,0.3054,-0.2965,0.6981,0.6991,-5.6205,1.7115,18.6880,-17.9611,-29.3285,0.0880,-0.0478,-0.0031
182451994,-0.0041,-0.0002,-0.0391,0.1319,-0.0954,0.0951,-0.1188,0.0127,0.3042,0.3042,-0.2379,0.7259,0.7078,-5.3265,2.3148,18.6922,-17.9853,-29.3196,0.1049,-0.1198,0.0118
182456994,-0.0039,-0.0001,0.0055,0.0321,-0.0117,0.0671,-0.0492,-0.0193,0.3038,0.3038,-0.0940,0.2750,0.6680,-2.0017,1.1217,18.6951,-18.0009,-29.3086,0.1010,-0.1317,0.0048
182461994,-0.0037,-0.0005,-0.0122,-0.0577,0.0536,0.0767,0.0019,-0.0723,0.3035,0.3035,-0.0417,-0.0048,-0.0378,-0.7067,-0.0256,18.6949,-18.0030,-29.3093,0.0918,-0.1258,0.0182
182466994,-0.0038,-0.0013,0.0073,-0.1515,0.0313,0.0668,0.0659,-0.1290,0.3033,0.3033,-0.0517,-0.2745,-0.0859,0.0460,-1.5335,18.6946,-18.0030,-29.3162,0.0754,-0.0720,-0.0194
182471994,-0.0038,-0.0021,-0.0165,-0.1915,0.0414,0.0802,0.0941,-0.1695,0.3027,0.3027,-0.1258,-0.4900,-0.1871,0.5101,-3.3236,18.6937,-18.0012,-29.3291,0.0676,-0.0505,-0.0599
182476994,-0.0038,-0.0034,-0.0055,-0.1976,0.0185,0.0724,0.1194,-0.1896,0.3026,0.3026,-0.0146,-0.4766,-0.1924,1.4981,-2.0881,18.6927,-17.9936,-29.3459,0.0735,-0.0097,-0.1028
182481994,-0.0038,-0.0040,-0.0076,-0.0721,0.0885,0.0778,0.0666,-0.1341,0.3026,0.3026,0.0063,-0.3549,-0.0462,1.9275,-1.7087,18.6927,-17.9859,-29.3525,0.0725,0.0299,-0.1444
182486994,-0.0038,-0.0041,0.0211,0.0174,0.0909,0.0602,0.0329,-0.0825,0.3033,0.3033,0.1366,-0.4431,0.0084,4.2616,-1.6635,18.6928,-17.9642,-29.3625,0.0776,0.0430,-0.1570
182491994,-0.0038,-0.0037,0.0376,0.0730,0.0967,0.0498,0.0034,-0.0420,0.3041,0.3041,0.1583,-0.2795,-0.2996,3.3143,-1.2208,18.6916,-17.9484,-29.3673,0.0727,0.0772,-0.1326
182496994,-0.0036,-0.0031,0.0547,0.1210,-0.0331,0.0328,-0.0308,-0.0059,0.3046,0.3046,0.1112,0.1126,-0.5758,0.1064,-0.0002,18.6890,-17.9441,-29.3680,0.0503,0.0405,-0.0922
182501994,-0.0038,-0.0022,-0.0049,0.1674,-0.0511,0.0704,-0.0883,0.0119,0.3045,0.3045,-0.0222,0.3002,-0.5299,-1.5797,0.1318,18.6861,-17.9508,-29.3674,0.0335,0.0176,-0.0459
182506994,-0.0036,-0.0012,-0.0052,0.2031,0.0707,0.0723,-0.1177,0.0536,0.3042,0.3042,-0.0690,0.5332,-0.4268,-3.2630,0.9853,18.6842,-17.9680,-29.3633,0.0374,-0.0244,-0.0256
182511994,-0.0038,-0.0003,-0.0480,0.1460,0.0570,0.0998,-0.1175,0.0242,0.3028,0.3028,-0.2694,0.7150,0.5168,-5.6100,1.7113,18.6865,-17.9899,-29.3566,0.0672,-0.0568,0.0125
182516994,-0.0039,0.0003,-0.0696,0.1225,-0.0203,0.1114,-0.1255,0.0117,0.3020,0.3020,-0.1638,0.6779,0.5920,-4.0269,3.1149,18.6890,-18.0213,-29.3394,0.0926,-0.1170,0.0251
182521994,-0.0039,0.0007,-0.0214,0.0510,0.0463,0.0862,-0.0779,-0.0030,0.3014,0.3014,-0.1348,0.2835,0.6801,-2.0783,0.9118,18.6930,-18.0298,-29.3349,0.1061,-0.1483,0.0343
182526994,-0.0040,0.0003,-0.0220,-0.1029,0.0020,0.0855,0.0048,-0.0901,0.3007,0.3007,-0.1318,-0.1034,0.7449,-0.4752,-0.4806,18.6958,-18.0333,-29.3377,0.0991,-0.1221,0.0079
182531994,-0.0039,-0.0006,-0.0409,-0.1729,-0.0126,0.0953,0.0491,-0.1458,0.3003,0.3003,-0.0840,-0.2515,-0.0039,0.0213,-0.9887,18.6959,-18.0334,-29.3418,0.0867,-0.0964,-0.0155
182536994,-0.0042,-0.0017,-0.0345,-0.1845,0.0393,0.0993,0.0739,-0.1686,0.2997,0.2997,-0.1173,-0.4639,0.0040,0.8757,-2.7142,18.6959,-18.0296,-29.3551,0.0912,-0.0527,-0.0326
182541994,-0.0042,-0.0027,-0.0244,-0.1649,-0.0059,0.0905,0.0821,-0.1732,0.2993,0.2993,-0.0804,-0.5157,0.0010,1.6307,-2.8779,18.6959,-18.0230,-29.3682,0.0990,-0.0097,-0.0916
182546994,-0.0044,-0.0034,-0.0470,-0.0809,0.0393,0.1087,0.0432,-0.1474,0.2993,0.2993,-0.0018,-0.3635,0.0154,2.3383,-1.2972,18.6961,-18.0097,-29.3764,0.0903,0.0116,-0.1190
182551994,-0.0046,-0.0037,-0.0449,-0.0165,0.0683,0.1128,0.0158,-0.1207,0.2995,0.2995,0.0506,-0.4123,0.1514,3.7658,-1.3289,18.6967,-17.9950,-29.3817,0.0959,0.0293,-0.1503
182556994,-0.0046,-0.0037,-0.0003,0.0556,0.0817,0.0877,-0.0082,-0.0700,0.2997,0.2997,0.0418,-0.1966,0.1646,2.2584,-0.9873,18.6976,-17.9742,-29.3883,0.1141,0.0525,-0.1370
182561994,-0.0046,-0.0031,0.0089,0.1619,-0.0160,0.0786,-0.0728,-0.0077,0.2997,0.2997,-0.0079,0.1186,-0.0130,0.0786,-0.4777,18.6977,-17.9743,-29.3908,0.0937,0.0339,-0.1068
182566994,-0.0043,-0.0023,0.0244,0.1677,-0.0117,0.0636,-0.0815,0.0166,0.2993,0.2993,-0.0701,0.3354,0.0127,-2.1222,0.0380,18.6976,-17.9858,-29.3903,0.0808,-0.0017,-0.0819
182571994,-0.0040,-0.0014,0.0180,0.1976,0.0487,0.0640,-0.1085,0.0502,0.2987,0.2987,-0.1245,0.4656,0.0225,-3.2917,0.1594,18.6975,-17.9985,-29.3898,0.0653,-0.0398,-0.0389
182576994,-0.0039,-0.0004,-0.0027,0.1759,0.0323,0.0754,-0.1212,0.0495,0.2976,0.2976,-0.2327,0.7298,-0.0010,-6.1264,1.0030,18.6974,-18.0339,-29.3847,0.0632,-0.0561,-0.0192
182581994,-0.0039,0.0006,-0.0312,0.1735,0.0509,0.0922,-0.1419,0.0556,0.2969,0.2969,-0.1270,0.6014,0.0358,-3.7840,1.7212,18.6975,-18.0488,-29.3777,0.0695,-0.1339,0.0191
182586994,-0.0041,0.0010,-0.0260,0.0611,0.1275,0.0937,-0.0878,0.0089,0.2972,0.2972,0.0502,0.3873,0.0273,-1.2214,2.9704,18.6976,-18.0581,-29.3592,0.0882,-0.1515,0.0530
182591994,-0.0042,0.0011,-0.0049,0.0024,0.0542,0.0815,-0.0570,-0.0181,0.2971,0.2971,-0.0196,0.2080,0.0261,-1.4593,1.1847,18.6977,-18.0637,-29.3551,0.0937,-0.1438,0.0523
182596994,-0.0041,0.0004,0.0079,-0.1695,-0.0517,0.0674,0.0433,-0.1167,0.2968,0.2968,-0.0538,-0.2178,0.0598,-0.3177,-0.9363,18.6980,-18.0677,-29.3595,0.0865,-0.1065,0.0280
182601994,-0.0041,-0.0006,-0.0189,-0.2184,0.0368,0.0868,0.0790,-0.1615,0.2965,0.2965,-0.0717,-0.3755,-0.0279,0.3935,-1.6250,18.6979,-18.0660,-29.3657,0.0683,-0.0611,-0.0166
182606994,-0.0039,-0.0019,-0.0006,-0.2211,0.0478,0.0738,0.1090,-0.1772,0.2958,0.2958,-0.1223,-0.6014,0.0106,1.0962,-3.7889,18.6979,-18.0607,-29.3855,0.0838,-0.0392,-0.0343
182611994,-0.0041,-0.0032,-0.0302,-0.2098,0.0060,0.0924,0.1119,-0.2036,0.2954,0.2954,-0.0944,-0.5302,0.1829,1.5258,-2.5917,18.6993,-18.0546,-29.3965,0.0796,0.0016,-0.0977
182616994,-0.0040,-0.0036,-0.0177,-0.0382,0.0759,0.0867,0.0386,-0.1165,0.2956,0.2956,0.0390,-0.3982,-0.0108,2.9377,-1.6938,18.6991,-18.0395,-29.4074,0.0867,0.0351,-0.1415
182621994,-0.0040,-0.0039,-0.0144,0.0049,0.1095,0.0857,0.0233,-0.0963,0.2962,0.2962,0.1292,-0.4920,0.0250,4.8246,-1.5696,18.6995,-18.0234,-29.4134,0.0870,0.0427,-0.1385
182626994,-0.0041,-0.0037,-0.0327,0.0666,0.0836,0.0961,-0.0173,-0.0690,0.2963,0.2963,0.0190,-0.1270,0.0149,1.8377,-0.6530,18.6995,-18.0032,-29.4190,0.0848,0.0458,-0.1181
182631994,-0.0041,-0.0033,-0.0315,0.1356,-0.0676,0.0902,-0.0661,-0.0320,0.2960,0.2960,-0.0695,0.1943,0.0148,-0.7879,-0.0319,18.6994,-18.0064,-29.4188,0.0947,0.0255,-0.0897
182636994,-0.0040,-0.0025,-0.0345,0.1814,-0.0276,0.0927,-0.1015,0.0056,0.2954,0.2954,-0.1169,0.3260,0.0256,-1.8244,0.0376,18.6994,-18.0169,-29.4186,0.0898,-0.0016,-0.0690
182641994,-0.0041,-0.0014,-0.0406,0.1857,0.0371,0.1008,-0.1210,0.0244,0.2945,0.2945,-0.1828,0.4412,0.2559,-2.9736,0.3155,18.7004,-18.0283,-29.4175,0.0906,-0.0396,-0.0295
182646994,-0.0044,-0.0007,-0.0260,0.1210,0.0014,0.0954,-0.0995,0.0042,0.2931,0.2931,-0.2712,0.7118,0.4268,-6.1080,1.4970,18.7021,-18.0627,-29.4090,0.0982,-0.0899,0.0087
182651994,-0.0048,-0.0001,-0.0580,0.1203,-0.0536,0.1192,-0.1245,-0.0009,0.2921,0.2921,-0.2013,0.6170,0.5945,-4.1955,2.1929,18.7062,-18.0790,-29.4002,0.0944,-0.1194,0.0013
182656994,-0.0047,0.0001,0.0315,0.0040,0.0521,0.0695,-0.0349,-0.0285,0.2921,0.2921,-0.0053,0.1173,0.3594,-0.7782,0.6781,18.7078,-18.0878,-29.3921,0.1031,-0.1319,0.0094
182661994,-0.0048,-0.0003,0.0113,-0.0718,0.0460,0.0830,0.0018,-0.0795,0.2915,0.2915,-0.1107,-0.0387,0.7307,-0.8417,-0.4152,18.7115,-18.0905,-29.3941,0.1061,-0.1156,-0.0010
182666994,-0.0046,-0.0013,0.0733,-0.1805,0.0048,0.0408,0.0933,-0.1335,0.2914,0.2914,-0.0216,-0.3411,-0.0294,-0.0574,-2.1178,18.7113,-18.0917,-29.4040,0.0840,-0.0938,-0.0168
182671994,-0.0046,-0.0024,-0.0043,-0.1512,0.0252,0.0877,0.0726,-0.1573,0.2906,0.2906,-0.1524,-0.4642,-0.0453,0.3116,-3.7061,18.7112,-18.0902,-29.4195,0.0766,-0.0506,-0.0550
182676994,-0.0043,-0.0030,0.0159,-0.1503,0.0631,0.0721,0.0924,-0.1572,0.2909,0.2909,0.0428,-0.3970,-0.4378,1.4470,-1.7244,18.7096,-18.0825,-29.4307,0.0611,-0.0068,-0.1214
182681994,-0.0045,-0.0038,-0.0266,-0.1020,0.1297,0.1032,0.0682,-0.1563,0.2907,0.2907,-0.0406,-0.3687,-0.0093,1.5479,-1.8807,18.7090,-18.0775,-29.4379,0.0714,0.0136,-0.1531
182686994,-0.0045,-0.0039,0.0250,0.0122,0.1001,0.0710,0.0276,-0.0870,0.2911,0.2911,0.0927,-0.4427,-0.0086,3.6723,-2.1796,18.7090,-18.0592,-29.4514,0.0780,0.0407,-0.1557
182691994,-0.0043,-0.0034,0.0690,0.0843,0.1187,0.0417,-0.0014,-0.0266,0.2916,0.2916,0.0979,-0.2911,-0.0106,2.7254,-2.1026,18.7090,-18.0365,-29.4599,0.0907,0.0652,-0.1463
182696994,-0.0038,-0.0030,0.1170,0.0840,0.0106,0.0014,0.0044,-0.0046,0.2922,0.2922,0.1207,-0.0210,-0.2490,0.4662,-0.8826,18.7081,-18.0315,-29.4672,0.0533,0.0511,-0.1306
182701994,-0.0036,-0.0023,0.0797,0.1515,-0.0243,0.0176,-0.0520,0.0315,0.2927,0.2927,0.0909,0.2632,-1.0014,-1.5997,-0.1595,18.7027,-18.0386,-29.4678,0.0384,0.0207,-0.0890
182706994,-0.0031,-0.0015,0.1081,0.1958,0.1193,-0.0025,-0.0677,0.0841,0.2935,0.2935,0.1730,0.3377,-1.4345,-1.6276,0.2010,18.6968,-18.0495,-29.4669,0.0152,-0.0070,-0.0413
182711994,-0.0027,-0.0007,0.0363,0.1668,0.1645,0.0345,-0.0827,0.0673,0.2936,0.2936,0.0135,0.3628,-0.4919,-2.0079,0.5151,18.6927,-18.0557,-29.4648,-0.0046,-0.0250,-0.0002
182716994,-0.0024,0.0000,0.0220,0.1219,0.0888,0.0350,-0.0763,0.0516,0.2931,0.2931,-0.0896,0.6630,-0.7700,-5.4939,1.4683,18.6900,-18.0863,-29.4578,0.0024,-0.0463,0.0179
182721994,-0.0026,0.0005,-0.0791,0.0773,0.0069,0.0953,-0.0962,0.0017,0.2919,0.2919,-0.2400,0.6961,0.3691,-5.4017,2.5575,18.6906,-18.1105,-29.4470,0.0288,-0.0906,0.0503
182726994,-0.0027,0.0004,-0.0510,0.0241,0.0854,0.0831,-0.0560,-0.0172,0.2910,0.2910,-0.1821,0.2041,0.2732,-2.3446,-0.0278,18.6920,-18.1263,-29.4446,0.0557,-0.1148,0.0619
182731994,-0.0030,0.0003,-0.0632,-0.0544,0.0933,0.0965,-0.0197,-0.0659,0.2900,0.2900,-0.2103,-0.0317,0.5294,-1.2549,-0.9608,18.6941,-18.1306,-29.4480,0.0744,-0.0992,0.0215
182736994,-0.0031,-0.0005,-0.0480,-0.1753,0.0851,0.0892,0.0575,-0.1369,0.2889,0.2889,-0.2148,-0.3550,0.4795,-0.2255,-2.5326,18.6966,-18.1339,-29.4614,0.0976,-0.0538,-0.0172
182741994,-0.0034,-0.0017,-0.0250,-0.2563,0.0622,0.0798,0.1221,-0.1947,0.2879,0.2879,-0.2047,-0.5867,-0.0118,0.1065,-4.1371,18.6964,-18.1333,-29.4774,0.0912,-0.0312,-0.0599
182746994,-0.0034,-0.0031,0.0119,-0.2266,0.0130,0.0561,0.1376,-0.1922,0.2877,0.2877,-0.0480,-0.5819,0.0200,1.6348,-2.9313,18.6965,-18.1243,-29.4985,0.0830,0.0015,-0.1019
182751994,-0.0033,-0.0038,0.0336,-0.0837,0.0811,0.0428,0.0863,-0.1198,0.2881,0.2881,0.0833,-0.4656,-0.1042,2.9062,-2.0058,18.6959,-18.1130,-29.5068,0.0673,0.0369,-0.1475
182756994,-0.0029,-0.0042,0.0583,-0.0312,0.1196,0.0223,0.0792,-0.0876,0.2894,0.2894,0.2651,-0.5924,-0.3841,5.5343,-1.6866,18.6946,-18.0801,-29.5169,0.0447,0.0924,-0.1591
182761994,-0.0024,-0.0044,0.0800,0.0037,0.0891,0.0001,0.0740,-0.0638,0.2907,0.2907,0.2585,-0.3626,-0.7560,3.5894,-1.1216,18.6903,-18.0671,-29.5216,0.0369,0.0910,-0.1205
182766994,-0.0021,-0.0041,0.0354,0.1164,-0.0386,0.0160,-0.0051,-0.0153,0.2913,0.2913,0.1233,0.1030,-0.8505,0.2126,0.0413,18.6868,-18.0621,-29.5224,0.0082,0.0952,-0.0812
182771994,-0.0019,-0.0035,0.0110,0.1451,-0.0249,0.0262,-0.0328,0.0037,0.2918,0.2918,0.1073,0.1572,-1.1222,-0.1300,0.0266,18.6796,-18.0629,-29.5223,0.0128,0.0816,-0.0458
182776994,-0.0021,-0.0025,-0.0855,0.1878,0.0542,0.0906,-0.0984,0.0141,0.2915,0.2915,-0.0648,0.2977,-0.1745,-0.6504,0.7625,18.6787,-18.0653,-29.5188,0.0148,0.0409,-0.0255
182781994,-0.0026,-0.0018,-0.1283,0.1310,0.0439,0.1243,-0.0992,-0.0200,0.2905,0.2905,-0.1978,0.3713,0.7906,-1.5276,1.5608,18.6835,-18.0715,-29.5125,0.0346,0.0027,0.0058
182786994,-0.0033,-0.0014,-0.1213,0.0589,-0.0505,0.1296,-0.0773,-0.0581,0.2891,0.2891,-0.2754,0.4415,1.2658,-2.9100,2.0084,18.6885,-18.0868,-29.5007,0.0763,-0.0340,0.0071
182791994,-0.0040,-0.0013,-0.1118,0.0162,-0.1458,0.1340,-0.0652,-0.0857,0.2868,0.2868,-0.4756,0.4361,1.8203,-4.9338,0.4693,18.6990,-18.1060,-29.4981,0.0991,-0.0501,-0.0148
182796994,-0.0045,-0.0015,-0.0880,-0.0024,-0.1559,0.1282,-0.0480,-0.0982,0.2841,0.2841,-0.5373,0.0357,1.9866,-3.2677,-2.7705,18.7069,-18.1326,-29.5107,0.1330,-0.0822,-0.0434
182801994,-0.0044,-0.0019,-0.0400,-0.0840,-0.0142,0.1049,0.0193,-0.1258,0.2825,0.2825,-0.3260,-0.0679,1.4636,-1.8272,-1.6164,18.7173,-18.1380,-29.5185,0.1350,-0.0890,-0.1079
182806994,-0.0043,-0.0024,0.0605,-0.1029,0.1343,0.0482,0.0743,-0.1070,0.2825,0.2825,0.0133,-0.1823,0.6556,0.6428,-0.3798,18.7198,-18.1336,-29.5211,0.1303,-0.0578,-0.1166
182811994,-0.0037,-0.0031,0.0806,-0.1084,0.0261,0.0211,0.0960,-0.1141,0.2830,0.2830,0.0957,-0.2586,-0.0706,1.0625,-0.8684,18.7192,-18.1303,-29.5246,0.0944,-0.0086,-0.1132
182816994,-0.0028,-0.0035,0.1280,-0.0553,-0.0267,-0.0248,0.0950,-0.0733,0.2842,0.2842,0.2435,-0.2706,-0.7198,1.9521,-0.8167,18.7166,-18.1200,-29.5294,0.0556,0.0289,-0.1107
182821994,-0.0021,-0.0038,0.1127,-0.0137,0.0359,-0.0278,0.0835,-0.0515,0.2863,0.2863,0.4075,-0.3602,-1.5433,3.9699,-0.4869,18.7081,-18.1047,-29.5317,0.0319,0.0439,-0.1102
182826994,-0.0014,-0.0039,0.1136,0.0186,0.1770,-0.0362,0.0813,-0.0246,0.2885,0.2885,0.4419,-0.2817,-1.9050,3.6843,-0.1782,18.7006,-18.0757,-29.5328,-0.0107,0.0970,-0.0678
182831994,-0.0013,-0.0035,0.0140,0.0550,0.0228,0.0156,0.0214,-0.0344,0.2905,0.2905,0.4165,-0.1264,-3.2755,2.3707,0.0394,18.6831,-18.0681,-29.5327,-0.0265,0.1037,-0.0322
182836994,-0.0012,-0.0033,-0.0223,0.0437,-0.1202,0.0301,0.0074,-0.0514,0.2915,0.2915,0.1981,0.0882,-2.4758,-0.3108,0.2626,18.6716,-18.0694,-29.5311,-0.0398,0.0929,-0.0331
182841994,-0.0019,-0.0029,-0.1747,0.1106,0.0353,0.1389,-0.0779,-0.0569,0.2902,0.2902,-0.2641,0.1394,0.7034,-0.4766,-0.1064,18.6735,-18.0715,-29.5316,-0.0045,0.0414,-0.0439
182846994,-0.0028,-0.0025,-0.2086,0.1249,0.0839,0.1779,-0.1082,-0.0600,0.2878,0.2878,-0.4848,0.2117,2.1773,-1.4550,-0.3398,18.6821,-18.0793,-29.5340,0.0326,0.0007,-0.0516
182851994,-0.0041,-0.0021,-0.2285,0.0764,0.0301,0.2121,-0.1098,-0.0988,0.2841,0.2841,-0.7408,0.2210,4.3879,-2.2447,-0.3873,18.7074,-18.0881,-29.5354,0.0501,-0.0237,-0.0577
182856994,-0.0051,-0.0019,-0.2334,0.0308,0.0054,0.2300,-0.1025,-0.1288,0.2807,0.2807,-0.6837,0.3625,2.2137,-4.9393,-0.6684,18.7161,-18.1137,-29.5400,0.1277,-0.0502,-0.0714
182861994,-0.0060,-0.0020,-0.1448,-0.0089,-0.1147,0.1914,-0.0683,-0.1364,0.2780,0.2780,-0.5420,0.4370,0.8961,-6.4058,-0.6573,18.7223,-18.1359,-29.5428,0.1644,-0.0885,-0.1148
182866994,-0.0065,-0.0020,-0.0925,0.0382,0.0582,0.1761,-0.0725,-0.0968,0.2760,0.2760,-0.3969,0.1809,0.9991,-3.3147,-1.4699,18.7262,-18.1613,-29.5500,0.1782,-0.1111,-0.1302
182871994,-0.0064,-0.0021,0.0342,-0.0330,0.2571,0.1070,0.0112,-0.0884,0.2753,0.2753,-0.1409,-0.0829,0.9100,-0.7217,-1.3602,18.7329,-18.1654,-29.5558,0.1834,-0.0935,-0.1267
182876994,-0.0058,-0.0023,0.0849,-0.0602,0.1208,0.0607,0.0437,-0.0904,0.2755,0.2755,0.0528,-0.1043,0.0217,-0.0532,-0.6191,18.7326,-18.1651,-29.5601,0.1598,-0.0606,-0.1093
182881994,-0.0052,-0.0029,0.1494,-0.0776,0.0075,0.0067,0.0826,-0.0883,0.2761,0.2761,0.1157,-0.1422,-0.0408,-0.0017,-0.8303,18.7323,-18.1656,-29.5635,0.1357,-0.0362,-0.0874
182886994,-0.0043,-0.0034,0.1579,-0.0391,-0.0105,-0.0148,0.0799,-0.0663,0.2768,0.2768,0.1334,-0.1317,-0.0544,0.2668,-0.9224,18.7321,-18.1645,-29.5694,0.0927,0.0029,-0.0889
182891994,-0.0034,-0.0036,0.1701,-0.0003,0.0817,-0.0348,0.0800,-0.0357,0.2782,0.2782,0.2835,-0.1852,-0.6106,1.8414,-0.5368,18.7295,-18.1552,-29.5716,0.0519,0.0355,-0.0732
182896994,-0.0025,-0.0034,0.1524,0.0275,0.1062,-0.0399,0.0663,-0.0141,0.2801,0.2801,0.3817,-0.3004,-0.5853,4.0816,-0.1373,18.7269,-18.1394,-29.5727,0.0293,0.0481,-0.0613
182901994,-0.0015,-0.0033,0.1772,-0.0128,0.0206,-0.0761,0.0988,-0.0203,0.2824,0.2824,0.4593,-0.2777,-1.3382,3.5103,0.1028,18.7197,-18.1125,-29.5723,-0.0092,0.0822,-0.0240
182906994,-0.0011,-0.0032,0.0727,-0.0012,-0.1644,-0.0303,0.0567,-0.0454,0.2843,0.2843,0.3800,-0.0784,-2.4667,1.4508,0.4593,18.7103,-18.1062,-29.5696,-0.0412,0.1060,-0.0191
182911994,-0.0008,-0.0030,0.0110,0.0583,-0.1370,0.0025,0.0093,-0.0276,0.2855,0.2855,0.2404,0.0304,-2.1491,0.5838,0.2252,18.6930,-18.1045,-29.5686,-0.0682,0.1047,-0.0262
182916994,-0.0012,-0.0026,-0.0797,0.0706,0.0506,0.0706,-0.0278,-0.0369,0.2852,0.2852,-0.0592,0.0293,-0.1560,0.3378,-0.1922,18.6921,-18.1025,-29.5696,-0.0395,0.0605,-0.0315
182921994,-0.0020,-0.0021,-0.2089,0.1118,0.1233,0.1649,-0.0990,-0.0516,0.2831,0.2831,-0.4196,0.1814,1.9911,-0.8010,0.0926,18.7029,-18.1059,-29.5691,0.0090,0.0187,-0.0358
182926994,-0.0030,-0.0016,-0.2077,0.0706,0.0084,0.1776,-0.0988,-0.0778,0.2803,0.2803,-0.5633,0.1648,2.9709,-1.5940,-0.3828,18.7145,-18.1120,-29.5708,0.0302,0.0013,-0.0425
182931994,-0.0045,-0.0012,-0.2786,0.0702,-0.0102,0.2300,-0.1408,-0.1075,0.2763,0.2763,-0.7991,0.2699,3.6547,-3.4269,-0.8580,18.7395,-18.1297,-29.5747,0.0892,-0.0347,-0.0613
182936994,-0.0056,-0.0012,-0.1845,0.0171,-0.0053,0.2120,-0.0972,-0.1154,0.2728,0.2728,-0.6937,0.4158,2.1780,-6.0632,-0.9262,18.7479,-18.1534,-29.5805,0.1422,-0.0743,-0.0782
182941994,-0.0065,-0.0009,-0.1652,0.0315,0.0381,0.2181,-0.1087,-0.1049,0.2705,0.2705,-0.4597,0.2902,0.6482,-4.3016,-0.9621,18.7528,-18.1832,-29.5841,0.1601,-0.1179,-0.1133
182946994,-0.0067,-0.0012,-0.0076,-0.0357,0.2601,0.1377,-0.0174,-0.0901,0.2694,0.2694,-0.2209,0.0451,0.7071,-2.1919,-1.1453,18.7559,-18.1924,-29.5918,0.1913,-0.1294,-0.1072
182951994,-0.0066,-0.0015,0.0623,-0.0315,0.2308,0.0922,0.0066,-0.0721,0.2691,0.2691,-0.0701,-0.0143,0.7346,-0.8515,-0.6294,18.7608,-18.1977,-29.5944,0.1948,-0.1027,-0.0924
182956994,-0.0060,-0.0019,0.1542,-0.0690,0.0552,0.0204,0.0584,-0.0724,0.2695,0.2695,0.0756,-0.1178,0.0475,-0.5179,-1.1417,18.7612,-18.2002,-29.6006,0.1761,-0.0779,-0.0791
182961994,-0.0053,-0.0021,0.1295,-0.0617,0.0356,0.0214,0.0558,-0.0731,0.2699,0.2699,0.0920,-0.1509,-0.0481,0.1064,-1.0389,18.7608,-18.1998,-29.6046,0.1278,-0.0343,-0.0719
182966994,-0.0045,-0.0022,0.1420,-0.0583,0.0573,0.0001,0.0687,-0.0622,0.2707,0.2707,0.1538,-0.1821,-0.0804,0.8472,-0.7448,18.7606,-18.1968,-29.6093,0.0848,0.0059,-0.0743
182971994,-0.0039,-0.0027,0.1307,-0.0507,0.0808,-0.0032,0.0758,-0.0632,0.2719,0.2719,0.2339,-0.2672,-0.3085,2.2353,-0.5511,18.7588,-18.1859,-29.6111,0.0658,0.0223,-0.0682
182976994,-0.0031,-0.0029,0.1353,0.0031,0.0439,-0.0229,0.0599,-0.0320,0.2738,0.2738,0.3898,-0.3580,-0.7023,4.4590,-0.1875,18.7562,-18.1686,-29.6130,0.0218,0.0491,-0.0658
182981994,-0.0022,-0.0033,0.1668,-0.0128,-0.0087,-0.0582,0.0874,-0.0301,0.2759,0.2759,0.4116,-0.2803,-1.1115,3.3374,-0.1039,18.7509,-18.1419,-29.6133,-0.0148,0.0781,-0.0450
182986994,-0.0018,-0.0030,0.0541,0.0299,-0.1211,-0.0036,0.0269,-0.0373,0.2773,0.2773,0.2964,-0.0008,-1.9830,0.9126,0.5178,18.7432,-18.1382,-29.6115,-0.0228,0.0890,-0.0353
182991994,-0.0015,-0.0028,0.0186,0.0608,-0.0777,0.0130,0.0019,-0.0240,0.2786,0.2786,0.2516,0.0728,-2.1613,0.3540,0.5093,18.7283,-18.1372,-29.6089,-0.0507,0.0838,-0.0365
182996994,-0.0022,-0.0022,-0.1090,0.1045,0.0646,0.1067,-0.0676,-0.0317,0.2781,0.2781,-0.1025,0.1195,0.0971,0.0737,0.2671,18.7284,-18.1368,-29.6078,-0.0189,0.0413,-0.0330
183001994,-0.0029,-0.0018,-0.1799,0.1090,0.0958,0.1626,-0.1031,-0.0484,0.2760,0.2760,-0.4099,0.2226,2.1857,-1.1039,0.3544,18.7399,-18.1407,-29.6062,0.0017,0.0210,-0.0296
183006994,-0.0039,-0.0014,-0.1765,0.0754,-0.0075,0.1763,-0.1052,-0.0719,0.2729,0.2729,-0.6309,0.1972,3.8714,-1.9689,-0.4061,18.7550,-18.1483,-29.6077,0.0418,-0.0153,-0.0401
183011994,-0.0053,-0.0009,-0.2654,0.0709,-0.0178,0.2300,-0.1500,-0.1053,0.2691,0.2691,-0.7481,0.3590,2.8167,-4.4135,-0.7035,18.7769,-18.1708,-29.6108,0.1168,-0.0453,-0.0659
183016994,-0.0064,-0.0010,-0.1778,0.0153,-0.0572,0.2192,-0.1067,-0.1192,0.2661,0.2661,-0.6108,0.4399,1.6937,-5.8653,-0.3941,18.7834,-18.1957,-29.6144,0.1373,-0.0757,-0.0828
183021994,-0.0070,-0.0007,-0.1121,0.0504,0.0579,0.1974,-0.1109,-0.0798,0.2640,0.2640,-0.4213,0.2196,1.3096,-3.2258,-1.0421,18.7902,-18.2157,-29.6187,0.1702,-0.1296,-0.1113
183026994,-0.0071,-0.0007,0.0159,-0.0131,0.2558,0.1303,-0.0333,-0.0674,0.2628,0.2628,-0.2327,0.0220,1.3838,-1.6120,-1.1567,18.7956,-18.2223,-29.6275,0.1988,-0.1252,-0.1150
183031994,-0.0068,-0.0009,0.0104,-0.0434,0.1544,0.1241,-0.0165,-0.0897,0.2622,0.2622,-0.1304,-0.0034,0.8645,-0.9613,-0.4456,18.8024,-18.2282,-29.6294,0.1969,-0.1159,-0.0816
183036994,-0.0064,-0.0015,0.1112,-0.0825,0.0206,0.0518,0.0412,-0.0906,0.2624,0.2624,0.0466,-0.0908,-0.0349,-0.7032,-0.8058,18.8018,-18.2311,-29.6335,0.1537,-0.0728,-0.0759
183041994,-0.0058,-0.0021,0.1054,-0.0599,0.0497,0.0459,0.0436,-0.0837,0.2627,0.2627,0.0555,-0.1855,-0.0424,0.2076,-1.4051,18.8016,-18.2301,-29.6393,0.1065,-0.0279,-0.0895
183046994,-0.0049,-0.0024,0.1237,-0.0458,0.1535,0.0234,0.0583,-0.0639,0.2634,0.2634,0.1374,-0.1555,-0.1997,0.6580,-0.7518,18.8008,-18.2275,-29.6456,0.0915,-0.0056,-0.0884
183051994,-0.0042,-0.0024,0.1158,-0.0183,0.1343,0.0128,0.0496,-0.0468,0.2645,0.2645,0.2275,-0.2243,-0.7066,1.8625,-0.7861,18.7970,-18.2184,-29.6488,0.0524,0.0278,-0.0738
183056994,-0.0033,-0.0026,0.1319,-0.0037,0.0420,-0.0169,0.0542,-0.0324,0.2665,0.2665,0.3984,-0.3293,-1.2562,3.8077,-0.3818,18.7918,-18.2036,-29.6510,0.0149,0.0279,-0.0641
183061994,-0.0024,-0.0025,0.1381,-0.0086,0.0475,-0.0360,0.0657,-0.0242,0.2685,0.2685,0.3944,-0.2424,-1.4718,2.8876,-0.1208,18.7829,-18.1796,-29.6512,-0.0082,0.0596,-0.0418
183066994,-0.0021,-0.0024,0.0199,0.0541,-0.0258,0.0248,-0.0034,-0.0244,0.2697,0.2697,0.2415,-0.0074,-1.8973,0.9647,0.1751,18.7758,-18.1762,-29.6507,-0.0248,0.0843,-0.0265
183071994,-0.0022,-0.0019,-0.0553,0.0861,-0.0316,0.0698,-0.0498,-0.0237,0.2704,0.2704,0.1492,0.0948,-2.2037,0.0151,0.1277,18.7601,-18.1767,-29.6499,-0.0279,0.0560,-0.0231
183076994,-0.0031,-0.0015,-0.1487,0.1042,0.0784,0.1461,-0.0982,-0.0388,0.2698,0.2698,-0.1302,0.1207,-0.2776,-0.1776,0.0354,18.7598,-18.1773,-29.6498,-0.0150,0.0331,-0.0241
183081994,-0.0042,-0.0008,-0.2294,0.1133,0.0726,0.2143,-0.1486,-0.0573,0.2671,0.2671,-0.5389,0.2157,2.7491,-1.3542,-0.0405,18.7751,-18.1839,-29.6499,0.0238,-0.0048,-0.0350
183086994,-0.0052,-0.0004,-0.1768,0.0605,0.0151,0.2010,-0.1238,-0.0755,0.2634,0.2634,-0.7379,0.2164,4.7890,-2.4587,-0.4576,18.7944,-18.1933,-29.6527,0.0717,-0.0388,-0.0384
183091994,-0.0062,-0.0001,-0.2373,0.0577,-0.0221,0.2300,-0.1557,-0.0993,0.2596,0.2596,-0.7513,0.4512,2.2720,-5.9874,-0.9160,18.8108,-18.2247,-29.6562,0.1392,-0.0496,-0.0624
183096994,-0.0071,0.0001,-0.1759,0.0250,-0.0612,0.2300,-0.1343,-0.1035,0.2570,0.2570,-0.5245,0.3158,1.4817,-4.2734,-0.5259,18.8166,-18.2432,-29.6586,0.1622,-0.1257,-0.0920
183101994,-0.0077,0.0001,-0.0999,0.0140,0.1694,0.2070,-0.1023,-0.0851,0.2549,0.2549,-0.4265,0.1610,1.5073,-3.0785,-1.1805,18.8254,-18.2633,-29.6630,0.1971,-0.1486,-0.1024
183106994,-0.0078,-0.0002,0.0186,-0.0449,0.2317,0.1411,-0.0317,-0.0826,0.2535,0.2535,-0.2758,0.0707,1.7056,-2.3191,-0.8277,18.8308,-18.2724,-29.6686,0.2079,-0.1416,-0.0982
183111994,-0.0076,-0.0006,0.0791,-0.0596,0.1153,0.0966,-0.0022,-0.0811,0.2530,0.2530,-0.1077,-0.0234,0.8864,-1.4286,-0.9593,18.8393,-18.2822,-29.6720,0.2058,-0.1012,-0.0803
183116994,-0.0069,-0.0008,0.1008,-0.0547,0.0570,0.0684,0.0099,-0.0717,0.2531,0.2531,0.0299,-0.1150,0.0349,-0.3690,-1.1411,18.8393,-18.2838,-29.6785,0.1625,-0.0603,-0.0793
183121994,-0.0062,-0.0013,0.1042,-0.0501,0.1236,0.0571,0.0250,-0.0678,0.2535,0.2535,0.0807,-0.1542,-0.0243,0.3829,-0.9548,18.8390,-18.2816,-29.6822,0.1146,-0.0352,-0.0756
183126994,-0.0057,-0.0018,0.1164,-0.0428,0.1541,0.0407,0.0388,-0.0616,0.2542,0.2542,0.1374,-0.1712,-0.1074,0.9530,-0.6988,18.8386,-18.2780,-29.6863,0.0890,0.0043,-0.0700
183131994,-0.0052,-0.0021,0.1014,-0.0122,0.0668,0.0376,0.0247,-0.0546,0.2554,0.2554,0.2447,-0.2329,-0.6445,2.3725,-0.4681,18.8354,-18.2659,-29.6884,0.0477,0.0260,-0.0632
183136994,-0.0046,-0.0022,0.0971,0.0327,0.0051,0.0262,0.0055,-0.0311,0.2570,0.2570,0.3260,-0.2771,-0.7611,3.7832,-0.2047,18.8328,-18.2509,-29.6907,0.0369,0.0204,-0.0602
183141994,-0.0040,-0.0020,0.0867,0.0284,0.0408,0.0224,0.0084,-0.0261,0.2579,0.2579,0.1784,-0.1128,-0.0990,1.8327,0.0141,18.8304,-18.2344,-29.6906,0.0247,0.0339,-0.0446
183146994,-0.0038,-0.0017,-0.0150,0.0620,-0.0062,0.0778,-0.0444,-0.0341,0.2580,0.2580,0.0035,0.1008,-0.0423,-0.0856,0.4132,18.8303,-18.2352,-29.6886,0.0197,0.0222,-0.0323
183151994,-0.0038,-0.0015,-0.0486,0.0586,0.0390,0.0998,-0.0540,-0.0412,0.2575,0.2575,-0.0873,0.1130,0.1891,-0.5920,0.1078,18.8310,-18.2385,-29.6878,0.0392,0.0119,-0.0304
183156994,-0.0043,-0.0012,-0.1384,0.0910,0.0344,0.1617,-0.1063,-0.0514,0.2559,0.2559,-0.3194,0.1823,1.3356,-1.2672,-0.0941,18.8361,-18.2429,-29.6886,0.0606,-0.0240,-0.0400
183161994,-0.0051,-0.0007,-0.1558,0.0663,-0.0044,0.1859,-0.1161,-0.0703,0.2533,0.2533,-0.5223,0.4006,1.8998,-4.3344,-0.0307,18.8484,-18.2647,-29.6887,0.1141,-0.0449,-0.0513
183166994,-0.0063,-0.0005,-0.1958,0.0553,-0.0371,0.2290,-0.1373,-0.0960,0.2505,0.2505,-0.5588,0.3978,1.6285,-4.6203,-0.2085,18.8533,-18.2854,-29.6896,0.1365,-0.0885,-0.0589
183171994,-0.0070,-0.0004,-0.1188,0.0321,0.0897,0.2025,-0.1061,-0.0861,0.2483,0.2483,-0.4488,0.1915,2.2051,-2.4955,-0.4437,18.8672,-18.3006,-29.6917,0.1675,-0.1374,-0.0799
183176994,-0.0075,-0.0007,-0.0599,-0.0281,0.1633,0.1792,-0.0554,-0.1049,0.2464,0.2464,-0.3713,0.0639,2.1888,-1.8712,-0.6872,18.8760,-18.3078,-29.6965,0.2040,-0.1286,-0.0909
183181994,-0.0074,-0.0008,0.0199,-0.0531,0.0970,0.1281,-0.0185,-0.0983,0.2454,0.2454,-0.1964,-0.0380,1.4839,-1.0224,-0.8270,18.8864,-18.3154,-29.7001,0.1916,-0.1112,-0.0906
183186994,-0.0072,-0.0013,0.0712,-0.0874,0.0686,0.0930,0.0228,-0.1079,0.2453,0.2453,-0.0244,-0.1675,0.3177,-0.2338,-1.2609,18.8874,-18.3165,-29.7084,0.1757,-0.0711,-0.0966
183191994,-0.0066,-0.0018,0.0959,-0.0593,0.1224,0.0688,0.0321,-0.0867,0.2457,0.2457,0.0764,-0.1934,-0.0289,0.6156,-1.1079,18.8869,-18.3133,-29.7131,0.1315,-0.0234,-0.1078
183196994,-0.0060,-0.0023,0.0990,-0.0333,0.1526,0.0578,0.0330,-0.0732,0.2463,0.2463,0.1157,-0.1957,-0.1695,1.0601,-1.0274,18.8862,-18.3092,-29.7202,0.0892,-0.0026,-0.1019
183201994,-0.0054,-0.0023,0.0947,0.0394,0.1077,0.0467,-0.0004,-0.0339,0.2474,0.2474,0.2242,-0.1921,-0.6021,2.3304,-0.6491,18.8841,-18.2973,-29.7230,0.0698,0.0230,-0.0788
183206994,-0.0048,-0.0019,0.0919,0.0586,0.0512,0.0341,-0.0126,-0.0156,0.2489,0.2489,0.3003,-0.2177,-0.6605,3.4411,-0.1176,18.8796,-18.2834,-29.7236,0.0474,0.0104,-0.0756
183211994,-0.0043,-0.0015,0.0742,0.0489,0.0194,0.0356,-0.0169,-0.0164,0.2496,0.2496,0.1417,0.0024,-0.3607,0.6900,0.0924,18.8779,-18.2729,-29.7234,0.0316,0.0149,-0.0351
183216994,-0.0041,-0.0012,0.0009,0.0779,-0.0142,0.0733,-0.0584,-0.0165,0.2496,0.2496,-0.0109,0.1998,-0.0043,-0.9205,0.6481,18.8773,-18.2771,-29.7202,0.0309,0.0000,-0.0178
183221994,-0.0041,-0.0009,-0.0391,0.0635,0.0491,0.0989,-0.0653,-0.0279,0.2490,0.2490,-0.1146,0.2055,0.0643,-1.6905,0.1375,18.8775,-18.2867,-29.7194,0.0463,-0.0228,-0.0131
183226994,-0.0045,-0.0006,-0.1362,0.0495,0.0051,0.1632,-0.0973,-0.0654,0.2469,0.2469,-0.4058,0.2923,1.3601,-3.2049,-0.0796,18.8838,-18.2989,-29.7200,0.0840,-0.0368,-0.0220
183231994,-0.0053,-0.0004,-0.1762,0.0269,-0.0459,0.1995,-0.1110,-0.0938,0.2446,0.2446,-0.4773,0.2428,1.6652,-3.0770,-0.2971,18.8908,-18.3230,-29.7212,0.1031,-0.0858,-0.0412
183236994,-0.0062,-0.0005,-0.1432,-0.0113,0.0671,0.2005,-0.0830,-0.1097,0.2425,0.2425,-0.4151,0.0379,1.5763,-1.7695,-1.1337,18.9003,-18.3298,-29.7264,0.1491,-0.1232,-0.0550
183241994,-0.0068,-0.0009,-0.1029,-0.0415,0.1227,0.1907,-0.0531,-0.1233,0.2407,0.2407,-0.3550,-0.0663,1.6796,-0.9694,-1.2860,18.9071,-18.3358,-29.7316,0.1897,-0.1165,-0.0989
183246994,-0.0070,-0.0015,-0.0110,-0.0904,0.0994,0.1393,0.0059,-0.1337,0.2395,0.2395,-0.2328,-0.1673,1.5172,-0.4587,-1.4462,18.9172,-18.3378,-29.7404,0.1964,-0.0805,-0.1202
183251994,-0.0070,-0.0019,0.0379,-0.0721,0.0744,0.1089,0.0176,-0.1179,0.2391,0.2391,-0.0838,-0.2148,0.6915,0.2527,-1.5807,18.9197,-18.3368,-29.7468,0.1845,-0.0404,-0.1345
183256994,-0.0065,-0.0023,0.0932,-0.0244,0.0885,0.0678,0.0209,-0.0784,0.2395,0.2395,0.0707,-0.1675,-0.0544,0.6135,-1.2242,18.9196,-18.3345,-29.7543,0.1368,-0.0189,-0.1297
183261994,-0.0060,-0.0025,0.0953,0.0250,0.1077,0.0574,0.0044,-0.0493,0.2402,0.2402,0.1386,-0.1533,-0.0690,1.5616,-0.7331,18.9193,-18.3263,-29.7567,0.1139,0.0139,-0.1085
183266994,-0.0055,-0.0023,0.0913,0.0938,0.0555,0.0474,-0.0319,-0.0090,0.2413,0.2413,0.2311,-0.0872,-0.3864,2.3371,0.0059,18.9174,-18.3170,-29.7572,0.0729,0.0010,-0.0909
183271994,-0.0048,-0.0017,0.0938,0.0968,0.0173,0.0332,-0.0381,0.0068,0.2426,0.2426,0.2455,-0.0291,-0.8139,1.6867,0.0658,18.9143,-18.3047,-29.7569,0.0473,0.0028,-0.0424
183276994,-0.0044,-0.0012,0.0672,0.0672,-0.0136,0.0398,-0.0360,-0.0054,0.2432,0.2432,0.1219,0.1531,-0.3576,-0.3006,0.8032,18.9115,-18.3057,-29.7526,0.0367,-0.0186,-0.0037
183281994,-0.0041,-0.0011,0.0150,0.0321,-0.0108,0.0655,-0.0339,-0.0328,0.2430,0.2430,-0.0354,0.3469,-0.1135,-2.6994,1.3505,18.9110,-18.3200,-29.7468,0.0359,-0.0192,-0.0046
183286994,-0.0042,-0.0010,-0.0644,0.0147,-0.0151,0.1144,-0.0515,-0.0646,0.2418,0.2418,-0.2350,0.3293,0.3967,-3.5285,0.5214,18.9127,-18.3344,-29.7426,0.0556,-0.0216,-0.0086
183291994,-0.0046,-0.0010,-0.1249,0.0046,0.0268,0.1587,-0.0635,-0.0921,0.2403,0.2403,-0.3001,-0.0381,1.1515,-0.5249,-1.0733,18.9171,-18.3413,-29.7470,0.0678,-0.0625,-0.0308
183296994,-0.0055,-0.0012,-0.1454,-0.0535,0.0136,0.1857,-0.0450,-0.1391,0.2386,0.2386,-0.3439,-0.1706,1.3671,-0.0909,-1.5968,18.9249,-18.3412,-29.7596,0.1130,-0.0684,-0.0469
183301994,-0.0061,-0.0015,-0.1103,-0.0721,0.0228,0.1777,-0.0266,-0.1485,0.2371,0.2371,-0.2980,-0.1121,1.4122,-0.4217,-0.9360,18.9307,-18.3430,-29.7632,0.1576,-0.0593,-0.1049
183306994,-0.0065,-0.0022,-0.0513,-0.1045,0.0268,0.1509,0.0137,-0.1615,0.2359,0.2359,-0.2465,-0.1995,1.4590,-0.1037,-1.3254,18.9390,-18.3437,-29.7711,0.1755,-0.0392,-0.1416
183311994,-0.0067,-0.0026,-0.0287,-0.0238,0.0170,0.1396,-0.0160,-0.1217,0.2349,0.2349,-0.1994,-0.1795,1.2764,0.3763,-1.6258,18.9445,-18.3417,-29.7775,0.1697,-0.0119,-0.1621
